DBRep_DrawableShape

CASCADE Topology V1, (c) Matra-Datavision
Locations 4
1
              1              -0               0              77 
              0 -2.22044604925031e-16               1              28 
             -0              -1 -2.22044604925031e-16              66 
2  1 -1 0
1
              1               0               0            -122 
              0               1               0             -45 
              0               0               1             -62 
2  3 -1 0
Curve2ds 770
1 0 0 1 0 
1 0 0 1 0 
1 62 0 0 -1 
1 0 0 0 1 
1 0 0 0 -1 
1 0 0 0 1 
1 0 -90 1 0 
1 0 0 1 0 
2 14 -45 1 0 -0 1 12.5
1 0 0.01 1 0 
1 0 0 0 1 
1 0 0 1 0 
1 0 0 1 0 
1 0 250 1 0 
1 62 0 0 1 
1 0 0 1 0 
2 14 99 1 0 -0 1 8
1 0 0.01 1 0 
2 24 122 1 0 -0 1 13
1 0 0.01 1 0 
2 14 176 1 0 -0 1 12.5
1 0 0.01 1 0 
2 19 224 1 0 -0 1 13
1 0 0.01 1 0 
1 62 0 0 1 
1 0 90 1 0 
1 62 0 0 -1 
1 250 0 0 1 
2 24 45 1 0 -0 1 17.5
1 0 0.29999999999999716 1 0 
2 10 65 1 0 -0 1 7
1 0 9 1 0 
1 0 0.29999999999999716 1 0 
2 10 25 1 0 -0 1 7
1 0 9 1 0 
1 -6.2831853071795862 0.29999999999999716 1 0 
2 74 45 1 0 -0 1 17.5
1 0 0.29999999999999716 1 0 
2 122 45 1 0 -0 1 19
1 0 0.29999999999999716 1 0 
2 242 25 1 0 -0 1 7
1 0 9 1 0 
2 176 45 1 0 -0 1 17.5
1 0 0.29999999999999716 1 0 
2 226 45 1 0 -0 1 17.5
1 0 0.29999999999999716 1 0 
2 199 70 1 0 -0 1 10
1 0 0.29999999999999716 1 0 
2 242 65 1 0 -0 1 7
1 0 9 1 0 
1 0 0 0 1 
1 0 90 1 0 
1 0 0 0 -1 
1 250 0 0 1 
2 28 20 1 0 -0 1 3
1 0 0.01 1 0 
2 10 25 1 0 -0 1 4.5
1 0 0.01 1 0 
2 242 25 1 0 -0 1 4.5
1 0 0.01 1 0 
2 24 45 1 0 -0 1 10.199999999999999
1 0 0.01 1 0 
2 10 65 1 0 -0 1 4.5
1 0 0.01 1 0 
2 226 45 1 0 -0 1 10.199999999999999
1 0 0.01 1 0 
2 242 65 1 0 -0 1 4.5
1 0 0.01 1 0 
2 222 70 1 0 -0 1 3
1 0 0.01 1 0 
1 0 -90 1 0 
1 0 250 1 0 
2 40 30 1 0 -0 1 14
1 0 0.29999999999999716 1 0 
2 40 74 1 0 -0 1 12.5
1 0 0.29999999999999716 1 0 
2 44 122 1 0 -0 1 12.5
1 0 0.29999999999999716 1 0 
2 40 176 1 0 -0 1 12.5
1 6.2831853071795862 0.29999999999999716 1 0 
2 20.999999999999979 199 0 1 -1 0 19.000000000000004
1 0 0.30000000000001137 1 0 
2 40 220 1 0 -0 1 14
1 -6.2831853071795862 0.29999999999999716 1 0 
1 0 0.29999999999999716 1 0 
1 -6.2831853071795862 0.30000000000001137 1 0 
1 0 0.30000000000001137 1 0 
1 0 0.29999999999999716 1 0 
1 6.2831853071795862 -0 0 1 
1 0 -0 0 1 
1 0 0.31 1 0 
2 0 0 1 0 -0 1 12.5
2 14 -45 1 0 -0 1 11
1 0 0.30000000000001137 1 0 
1 6.2831853071795862 -0 0 1 
1 0 -0 0 1 
1 0 0.31 1 0 
2 0 0 1 0 -0 1 8
1 6.2831853071795862 -0 0 1 
1 0 -0 0 1 
1 0 0.31 1 0 
2 0 0 1 0 -0 1 13
1 6.2831853071795862 -0 0 1 
1 0 -0 0 1 
1 0 0.31 1 0 
2 0 0 1 0 -0 1 12.5
1 6.2831853071795862 -0 0 1 
1 0 -0 0 1 
1 0 0.31 1 0 
2 0 0 1 0 -0 1 13
8 -5.999999999062311e-07 0.31000059999999507
1 2.2347226519230303 0 0 1 
8 -5.999999999062311e-07 0.31000059999999507
1 5.1897820656319906 8.7000000000000028 0 1 
2 -14 20 1 0 -0 1 7
1 0 8.7000000000000028 1 0 
8 -5.999999999062311e-07 0.31000059999999507
1 5.4564478239158056 8.7000000000000028 0 1 
8 -5.999999999062311e-07 0.31000059999999507
1 2.1283219304451801 0 0 1 
1 6.2831853071795862 -0 0 1 
1 0 -0 0 1 
1 0 0 1 0 
2 0 0 1 0 -0 1 7
8 -5.999999999062311e-07 0.31000059999999507
1 4.0484626552565555 0 0 1 
8 -5.999999999062311e-07 0.31000059999999507
1 1.0934032415475958 8.7000000000000028 0 1 
1 0 0 1 0 
2 0 0 1 0 -0 1 17.5
8 -5.999999999062311e-07 0.31000059999999507
1 0.82673748326378049 8.7000000000000028 0 1 
8 -5.999999999062311e-07 0.31000059999999507
1 -2.1283219304451801 0 0 1 
2 -14 -20 1 0 -0 1 7
1 0 8.7000000000000028 1 0 
1 6.2831853071795862 -0 0 1 
1 0 -0 0 1 
1 0 0 1 0 
2 0 0 1 0 -0 1 7
1 6.2831853071795862 -0 0 1 
1 0 -0 0 1 
1 0 0 1 0 
2 0 0 1 0 -0 1 17.5
1 6.2831853071795862 -0 0 1 
1 0 -0 0 1 
1 0 0 1 0 
2 0 0 1 0 -0 1 19
1 6.2831853071795862 -0 0 1 
1 0 -0 0 1 
1 0 0 1 0 
2 0 0 1 0 -0 1 7
1 6.2831853071795862 -0 0 1 
1 0 -0 0 1 
1 0 0 1 0 
2 0 0 1 0 -0 1 17.5
1 6.2831853071795862 -0 0 1 
1 0 -0 0 1 
1 0 0 1 0 
2 0 0 1 0 -0 1 17.5
1 6.2831853071795862 -0 0 1 
1 0 -0 0 1 
1 0 0 1 0 
2 0 0 1 0 -0 1 10
1 6.2831853071795862 -0 0 1 
1 0 -0 0 1 
1 0 0 1 0 
2 0 0 1 0 -0 1 7
1 6.2831853071795862 -0 0 1 
1 0 -0 0 1 
1 0 10.01 1 0 
2 0 0 1 0 -0 1 3
1 6.2831853071795862 -0 0 1 
1 0 -0 0 1 
1 0 53.009999999999998 1 0 
2 0 0 1 0 -0 1 4.5
1 6.2831853071795862 -0 0 1 
1 0 -0 0 1 
1 0 53.009999999999998 1 0 
2 0 0 1 0 -0 1 4.5
1 6.2831853071795862 -0 0 1 
1 0 -0 0 1 
1 0 2.0099999999999998 1 0 
2 0 0 1 0 -0 1 10.199999999999999
1 6.2831853071795862 -0 0 1 
1 0 -0 0 1 
1 0 53.009999999999998 1 0 
2 0 0 1 0 -0 1 4.5
1 6.2831853071795862 -0 0 1 
1 0 -0 0 1 
1 0 2.0099999999999998 1 0 
2 0 0 1 0 -0 1 10.199999999999999
1 6.2831853071795862 -0 0 1 
1 0 -0 0 1 
1 0 53.009999999999998 1 0 
2 0 0 1 0 -0 1 4.5
1 6.2831853071795862 -0 0 1 
1 0 -0 0 1 
1 0 10.01 1 0 
2 0 0 1 0 -0 1 3
1 6.2831853071795862 -0 0 1 
1 0 -0 0 1 
1 0 0 1 0 
2 0 0 1 0 -0 1 14
1 6.2831853071795862 -0 0 1 
1 0 -0 0 1 
1 0 0 1 0 
2 0 0 1 0 -0 1 12.5
1 6.2831853071795862 -0 0 1 
1 0 -0 0 1 
1 0 0 1 0 
2 0 0 1 0 -0 1 12.5
8 -6.0000000701165845e-07 0.31000060000000929
1 5.0934669281805878 1.0294649354979997e-14 0 1 
8 -6.0000000701165845e-07 0.31000060000000929
1 -1.6683064206793912 0 0 1 
1 0 0 1 0 
2 0 0 1 0 -0 1 19
8 -6.0000000701165845e-07 0.31000060000000929
1 4.0947599351944266 1.0771423366108236e-14 0 1 
8 -6.0000000701165845e-07 0.31000060000000929
1 8.1386240363809836 0 0 1 
1 0 0.31 1 0 
2 0 0 1 0 -0 1 6.5785
1 6.2831853071795862 -0 0 1 
1 0 -0 0 1 
1 0 0 1 0 
2 0 0 1 0 -0 1 11
1 0 0.31 1 0 
2 0 0 1 0 -0 1 5
1 0 0.31 1 0 
2 0 0 1 0 -0 1 8
1 0 0.31 1 0 
2 0 0 1 0 -0 1 6.5785
1 0 0.31 1 0 
2 0 0 1 0 -0 1 8
1 -6.2831853071795862 0 1 0 
1 0 0 1 0 
2 0 0 -1 0 0 1 11.73173076923077
1 0 0.35686551467202293 1 0 
2 0 0 -1 0 0 1 11.73173076923077
1 0 0.35686551467202293 1 0 
1 0 14.200000000000003 1 0 
2 0 0 1 0 -0 1 10
2 0 0 -1 0 0 1 11.73173076923077
1 0 0.35686551467202293 1 0 
2 0 0 -1 0 0 1 11.73173076923077
1 0 0.35686551467202293 1 0 
1 0 11.700000000000003 1 0 
2 0 0 1 0 -0 1 4.8639999999999999
2 0 0 1 0 -0 1 6.5999999999999996
1 0 3 1 0 
2 0 0 1 0 -0 1 6.5999999999999996
1 0 3 1 0 
1 0 11.700000000000003 1 0 
2 0 0 1 0 -0 1 8.3309999999999995
1 0 11.700000000000003 1 0 
2 0 0 1 0 -0 1 6.5785
1 0 11.700000000000003 1 0 
2 0 0 1 0 -0 1 6.5785
1 6.2831853071795862 -0 0 1 
1 0 -0 0 1 
1 0 12.01 1 0 
2 0 0 1 0 -0 1 6.5785
1 0 11.699999999999989 1 0 
2 0 0 1 0 -0 1 7
1 6.2831853071795862 -0 0 1 
1 0 -0 0 1 
1 0 12.02 1 0 
2 0 0 1 0 -0 1 5
1 6.2831853071795862 -0 0 1 
1 0 -0 0 1 
1 0 12.01 1 0 
2 0 0 1 0 -0 1 8
1 6.2831853071795862 -0 0 1 
1 0 -0 0 1 
1 0 12.01 1 0 
2 0 0 1 0 -0 1 6.5785
1 6.2831853071795862 -0 0 1 
1 0 -0 0 1 
1 0 12.01 1 0 
2 0 0 1 0 -0 1 8
1 6.2831853071795862 -0 0 1 
1 0 -0 0 1 
1 0 3.0928344604908946 1 0 
2 0 0 1 0 -0 1 10.25
1 6.2831853071795862 -0 0 1 
1 0 -0 0 1 
1 0 3.0928344604908946 1 0 
2 0 0 1 0 -0 1 10.25
1 6.2831853071795862 -0 0 1 
1 0 -0 0 1 
1 0 0 1 0 
2 0 0 1 0 -0 1 10
1 6.2831853071795862 -0 0 1 
1 0 -0 0 1 
1 0 3.0928344604908946 1 0 
2 0 0 1 0 -0 1 10.25
1 6.2831853071795862 -0 0 1 
1 0 -0 0 1 
1 0 3.0928344604908946 1 0 
2 0 0 1 0 -0 1 10.25
1 6.2831853071795862 -0 0 1 
1 0 -0 0 1 
1 0 0 1 0 
2 0 0 1 0 -0 1 4.8639999999999999
1 6.2831853071795862 -0 0 1 
1 0 -0 0 1 
2 24 45 1 0 -0 1 6.5999999999999996
1 0 1 1 0 
1 6.2831853071795862 -0 0 1 
1 0 -0 0 1 
2 226 45 1 0 -0 1 6.5999999999999996
1 0 1 1 0 
1 6.2831853071795862 -0 0 1 
1 0 -0 0 1 
1 0 0 1 0 
2 0 0 1 0 -0 1 8.3309999999999995
1 6.2831853071795862 -0 0 1 
1 0 -0 0 1 
1 0 0 1 0 
2 0 0 1 0 -0 1 6.5785
1 6.2831853071795862 -0 0 1 
1 0 -0 0 1 
1 0 0 1 0 
2 0 0 1 0 -0 1 6.5785
1 0 12 1 0 
2 0 0 1 0 -0 1 3
1 6.2831853071795862 -0 0 1 
1 0 -0 0 1 
1 0 0 1 0 
2 0 0 1 0 -0 1 7
1 0 0.0099999999999997868 1 0 
2 0 0 1 0 -0 1 2.5
1 0 0.0099999999999997868 1 0 
2 0 0 1 0 -0 1 2
1 0 0.0099999999999997868 1 0 
2 0 0 1 0 -0 1 2
1 0 0.0099999999999997868 1 0 
2 0 0 1 0 -0 1 2
1 0 13.899999999999999 1 0 
2 0 0 1 0 -0 1 11
1 0 13.899999999999999 1 0 
2 0 0 1 0 -0 1 11
2 0 0 1 0 -0 1 9.1999999999999993
1 0 6.5 1 0 
1 0 13.899999999999999 1 0 
2 0 0 1 0 -0 1 11
1 0 13.899999999999999 1 0 
2 0 0 1 0 -0 1 11
1 0 29.010000000000002 1 0 
2 0 0 1 0 -0 1 2.5
2 24 45 1 0 -0 1 5
1 0 0.01 1 0 
2 226 45 1 0 -0 1 5
1 0 0.01 1 0 
1 0 33.5 1 0 
2 0 0 1 0 -0 1 4
1 0 33.5 1 0 
2 0 0 1 0 -0 1 3
1 0 33.5 1 0 
2 0 0 1 0 -0 1 2.5
7 0 0  6 102 21  3.1415926535897931 17.009999999999998  3.1848730218647896 17.009999999999998  3.2277984872923176 16.991267940344724  3.2698726293028475 16.95438097302101  3.3106083987738426 16.900878926190867  3.3494959267682543 16.833260346624925  3.4026563156556606 16.71958288925407  3.4188763621227749 16.681674930966981  3.4346805896117267 16.641617593712997  3.4500685271024856 16.599582442151675  3.4650397994757092 16.555727710193747  3.5191808014312569 16.386366352636621  3.5557181325638352 16.250044181489567  3.5892980203098279 16.103792932943975  3.6199825256191169 15.949255362842379  3.6477895264643423 15.78738975600352  3.6903734711416614 15.498391313066071  3.7065991397551343 15.374630201759325  3.7212700630482005 15.247779239641105  3.7343223976145268 15.11817148760951  3.7456877094575347 14.986084448287109  3.7650481435645782 14.715364209090183  3.7729912548371396 14.576637610013529  3.7790208493739068 14.436188796014831  3.7830674816797867 14.294583054675083  3.7850937623830774 14.152348032864046  3.7850937623830774 13.868060406595479  3.7830790927827587 13.726232334129493  3.779055588238144 13.585028169157006  3.7730602318923712 13.444971499268039  3.7651617442501051 13.306623051164005  3.7457363546937987 13.034202714618852  3.7341980151469762 12.900124314990444  3.7209217799599092 12.768601191994117  3.7059791088958036 12.639922650471831  3.6894364511401432 12.514437148658544  3.6467102355089276 12.226464236143556  3.6192050030988421 12.067058045182394  3.5889011413897274 11.914802179706493  3.5557809771994009 11.770622775377173  3.5197848867226309 11.636094797898844  3.4534885768318766 11.427752422561143  3.4246138503396035 11.347550445571445  3.3942487805693808 11.274257248445769  3.3624445257775513 11.209111667749944  3.3292545286294248 11.153417894478105  3.2526111806629943 11.053858379159903  3.2084138323504736 11.015176301279723  3.1630637169108522 10.99629666031964  3.1174435974668393 10.998715386931824  3.0724270446215796 11.021909642657489  3.0056720143309512 11.085176970089643  2.9828675987400661 11.112353471054414  2.9605635012965572 11.144317315316854  2.9388107487624211 11.180681124987274  2.9176605498240669 11.221015488144602  2.8805289915239172 11.300417110745947  2.8643089450568051 11.338325069033042  2.8485047175678688 11.378382406286981  2.833116780077122 11.420417557848259  2.8181455077038939 11.464272289806203  2.7640045057484137 11.633633647363114  2.7274671746155943 11.769955818510963  2.6938872868699071 11.916207067055421  2.6632027815603951 12.070744637158006  2.6353957807152812 12.232610243996234  2.5928118360379302 12.52160868693389  2.5765861674244546 12.645369798240665  2.5619152441313933 12.772220760358829  2.5488629095650683 12.901828512390395  2.5374975977220529 13.03391555171288  2.5181371636150018 13.304635790909892  2.5101940523424462 13.443362389986484  2.5041644578056799 13.583811203985277  2.5001178254998035 13.725416945324751  2.4980915447965089 13.867651967135753  2.4980915447965089 14.151939593404681  2.5001062143968182 14.293767665870053  2.5041297189414684 14.434971830843551  2.5101250752871831 14.575028500731442  2.5180235629294874 14.713376948836089  2.5374489524857782 14.985797285381006  2.5489872920325971 15.119875685009477  2.5622635272196725 15.251398808005872  2.5772061982837902 15.380077349528205  2.5937488560394537 15.505562851341535  2.636475071670652 15.793535763856404  2.6639803040806989 15.952941954817369  2.6942841657899299 16.105197820293871  2.7274043299801534 16.249377224622677  2.7634004204569633 16.383905202101182  2.8171840355205489 16.552925259704089  2.8324417517154132 16.59777491086858  2.8481333734232757 16.640735206746815  2.8642585284332358 16.681638392272905  2.8808167419327795 16.720302222829361  2.9342579575395695 16.834246738123042  2.9730526741559795 16.901502635956451  3.0136813346344837 16.954704025159799  3.0556380245188421 16.991377772738979  3.098439357603926 17.009999999999998  3.1415926535897931 17.009999999999998 
 0 7 0.055970171046761504 5 0.081462272177168879 5 0.15079720041913541 5 0.20022648158477988 5 0.25040499740854699 5 0.30043953592914885 5 0.35061438943919621 5 0.4189884018261214 5 0.46696369492146506 5 0.52550283726100477 5 0.55679489517526082 5 0.5821930507851919 5 0.65127246042975717 5 0.70051958087327137 5 0.75051317483575408 5 0.80036332209167593 5 0.85035326723705729 5 0.91847530227018215 5 0.94439507658756638 5 1 7
7 0 0  6 102 21  0 19  0.072133947124993686 19  0.14367621599879535 19.011239408568819  0.21423305250551161 19.033370746404067  0.28338515804135722 19.065137319769679  0.35061084588818286 19.10442526940561  0.44455858644691154 19.168749731128969  0.4735342658945032 19.18998719709932  0.50210597306448201 19.2121717010982  0.53029108383437573 19.235148949816733  0.5581057239098165 19.258772413640688  0.6602529229337144 19.348538884756053  0.73237948539705822 19.417988881314031  0.80244666071058712 19.48865788678027  0.8709042792661168 19.558471097396442  0.93821094019399043 19.625687304054807  1.0523390932818384 19.733519538020833  1.099493504128179 19.776231567343938  1.1463878775428169 19.816092060631789  1.1931071569798988 19.852454904006418  1.2397423773137624 19.884728634882077  1.3337590698993158 19.940476834571676  1.3811496458886254 19.963815550823547  1.4285410281858999 19.98178130760348  1.4759353280479348 19.993921145337449  1.5233469825068819 20  1.6181095245964041 20  1.6653855296217024 19.993955978906154  1.7126443185364937 19.981885523224562  1.7599000676650955 19.964021076502807  1.8071547687410487 19.94081064586371  1.9017393837504537 19.88486210539628  1.949075929652528 19.852093442211224  1.9964994166968226 19.815112947781952  2.0441053591324017 19.774539402672662  2.0919829100884741 19.731049241057089  2.2059579025843554 19.623095798932411  2.2723679558996963 19.556744213048074  2.3399055770400841 19.487904042897139  2.4090111142594002 19.418249362398992  2.4801170019810233 19.349770165439772  2.6053365371266466 19.239465246461265  2.6583397649212688 19.195651396356151  2.7127170665142457 19.154538585516644  2.7684974753904652 19.117226750602622  2.8257390628015173 19.084845505069843  2.9562721336966424 19.026388483231809  3.0304813442814096 19.003199595298106  3.1059224029660859 18.991699246275353  3.1816489454493015 18.993223641477758  3.2567464902547467 19.007247033347241  3.369292979698892 19.044772969340446  3.4079684935556926 19.060816132027373  3.4460897889490698 19.079555677823755  3.4836245851526582 19.100673957362979  3.5205304633882974 19.123820272360998  3.5861512400367181 19.16874973112898  3.6151269194843088 19.189987197099324  3.6436986266542584 19.212171701098189  3.6718837374241282 19.235148949816701  3.6996983774995766 19.25877241364066  3.8018455765233479 19.348538884755914  3.8739721389871695 19.41798888131428  3.9440393143000545 19.488657886780032  4.0124969328560898 19.558471097396577  4.0798035937836863 19.625687304054715  4.1939317468716153 19.733519538020825  4.2410861577179695 19.776231567343935  4.287980531132586 19.816092060631767  4.3346998105696573 19.852454904006393  4.3813350309035517 19.884728634882077  4.4753517234891351 19.940476834571697  4.5227422994783826 19.963815550823536  4.570133681775796 19.981781307603505  4.6175279816376387 19.993921145337424  4.6649396360966069 20  4.7597021781862505 20  4.8069781832113456 19.9939559789062  4.8542369721264631 19.981885523224459  4.9014927212547237 19.96402107650291  4.9487474223308752 19.940810645863689  5.0433320373401989 19.884862105396309  5.090668583242306 19.852093442211252  5.1380920702866097 19.815112947781962  5.1856980127221961 19.774539402672648  5.2335755636782979 19.731049241057061  5.3475505561741326 19.623095798932429  5.413960609489342 19.556744213048173  5.4814982306300859 19.487904042896993  5.5506037678491102 19.418249362399056  5.6217096555708332 19.349770165439757  5.7232953891932761 19.260284079234722  5.7516626983986461 19.236141364398406  5.7804151158025041 19.212666287847327  5.8095698004881484 19.190014360958561  5.8391452608436643 19.168349533684921  5.9335571911686724 19.103852034395807  6.0006077515073919 19.064767000407667  6.0695704896948346 19.033176926983163  6.1399277636139757 19.011173506568575  6.211263147203141 19  6.2831853071795862 19 
 0 7 0.055970171046761504 5 0.081462272177168879 5 0.15079720041913541 5 0.20022648158477988 5 0.25040499740854699 5 0.30043953592914885 5 0.35061438943919621 5 0.4189884018261214 5 0.46696369492146506 5 0.52550283726100477 5 0.55679489517526082 5 0.5821930507851919 5 0.65127246042975717 5 0.70051958087327137 5 0.75051317483575408 5 0.80036332209167593 5 0.85035326723705729 5 0.91847530227018215 5 0.94439507658756638 5 1 7
1 6.2831853071795862 -0 0 1 
1 0 -0 0 1 
1 0 9 1 0 
2 0 0 1 0 -0 1 5
1 6.2831853071795862 -0 0 1 
1 0 -0 0 1 
7 0 0  7 122 21  0.58568554345715107 99  0.58568554345715107 99.091904050600974  0.58806232928339031 99.183350631845528  0.59277388944681164 99.274146853122033  0.599716675847908 99.36405892607641  0.60872321495015436 99.452766426100226  0.6195565695541394 99.539820047104044  0.64997661714950827 99.748737004173705  0.6714340425224441 99.868978469696458  0.69570677981163054 99.985533981406135  0.72233867540194852 100.0984860097054  0.75101950034460463 100.20792532600953  0.7815836893827427 100.31399241290023  0.84880505331028189 100.52714971003199  0.88568067575608767 100.63354166075116  0.92457418805638036 100.73609972274802  0.96552653140212719 100.83467101258486  1.0086319474428707 100.9288139991817  1.0540125107739713 101.0177588424028  1.133897105452256 101.15576987366106  1.1671515959334153 101.2084710871017  1.2015698108176396 101.25796244280168  1.2371494194505106 101.30372675035471  1.2738924398855895 101.34520556743203  1.3118057372687209 101.38179436243745  1.4000764209458769 101.45188413343557  1.4513519576143106 101.48233973425974  1.5039674480204297 101.5021019933461  1.5572449174524592 101.50996246588512  1.6105452304863093 101.50556095564134  1.663220866138291 101.48937909748865  1.7436944885196148 101.44767911366166  1.7723494680053513 101.42925358361749  1.8004997277948205 101.40771386243195  1.8281122984156153 101.38329255052675  1.8551514551936046 101.35623879076527  1.8815783834829538 101.3268193476504  1.9280238886783585 101.27005264198313  1.9482991389583213 101.24341870475455  1.9681836700072302 101.21552234897131  1.9876839351827749 101.18646000034801  2.0068059785717813 101.15632004401934  2.0255556476328693 101.12518283238084  2.0903965380823761 101.01209357707442  2.1345598407912902 100.92507775807337  2.1765619424136244 100.83313741116885  2.2165156448983123 100.73697985402255  2.2545079387128597 100.63701505692113  2.2905775026356854 100.53339084279496  2.3582972583622519 100.32011398715115  2.3899428980114319 100.21075123114571  2.4195901870494523 100.09779417676906  2.4470586105303482 99.981088789239834  2.4720035594001097 99.860541100004312  2.4939149064665687 99.736065969958034  2.5238816836992899 99.52477628296073  2.5341452442097299 99.440017957868704  2.5426634679925129 99.353720488655924  2.5492210379222517 99.266301617645198  2.5536664516060226 99.178063871914233  2.5559071101326416 99.089233123269537  2.5559071101326416 98.908095949399083  2.5535303243064189 98.816649368154586  2.5488187641429718 98.725853146877881  2.5418759777418707 98.635941073923476  2.5328694386396475 98.547233573899845  2.5220360840356562 98.46017995289597  2.491616036440226 98.251262995825883  2.4701586110673204 98.131021530303897  2.4458858737783702 98.014466018593978  2.4192539781877023 97.901513990294688  2.3905731532452128 97.792074673990285  2.3600089642070454 97.686007587099752  2.2927876002794947 97.472850289967951  2.2559119778337133 97.366458339248865  2.217018465533406 97.263900277251949  2.1760661221876414 97.165328987415052  2.13296070614691 97.071186000818287  2.0875801428158298 96.982241157597215  2.0076955481375127 96.8442301263389  1.9744410576563867 96.791528912898301  1.9400228427721571 96.742037557198302  1.9044432341392619 96.696273249645273  1.8677002137041865 96.654794432567968  1.829786916321096 96.618205637562582  1.7415162326439353 96.54811586656443  1.6902406959754721 96.517660265740204  1.6376252055693512 96.497898006653912  1.5843477361373357 96.49003753411489  1.5310474231034887 96.494439044358629  1.478371787451501 96.510620902511349  1.3978981650985911 96.552320886323628  1.3692431855882072 96.570746416374632  1.3410929257745394 96.592286137580473  1.3134803551535055 96.616707449495379  1.2864411983971529 96.64376120923923  1.260014270128045 96.673180652323694  1.2135687649157763 96.729947358011586  1.1932935146317767 96.756581295244445  1.173408983579227 96.784477651033043  1.1539087184040973 96.813539999656868  1.1347866750189355 96.843679955979908  1.1160370059610496 96.874817167611951  1.0511961155074576 96.987906422925519  1.0070328127984347 97.074922241926771  0.96503071117615824 97.166862588831151  0.92507700869150988 97.263020145977393  0.88708471487692286 97.362984943078871  0.85101515095412317 97.466609157204971  0.78329539522761638 97.679886012848613  0.75164975557851443 97.789248768853568  0.72200246653964695 97.902205823233885  0.69453404306016386 98.018911210757054  0.66958909418943424 98.139458899996754  0.64767774712320736 98.26393403004208  0.61771096989047103 98.475223717039498  0.60744740938007613 98.55998204213121  0.59892918559728947 98.646279511344048  0.59237161566753305 98.733698382354874  0.58792620198376555 98.821936128085753  0.58568554345715107 98.910766876730548  0.58568554345715107 99 
 0 8 0.042568235978162457 6 0.10489422464338648 6 0.17179302843169442 6 0.21669721113313573 6 0.27317794528968586 6 0.30522103997082151 6 0.33092399268406014 6 0.39588023587237542 6 0.4599308074749478 6 0.50108322371665093 6 0.54346741476646288 6 0.60552393532133686 6 0.67213350030854768 6 0.71684353855249239 6 0.77308007671582468 6 0.80498463217281779 6 0.83057645741820796 6 0.89525186037459059 6 0.95902550744282744 6 1 8
7 0 0  7 122 21  0 31.341687604822305  0.036761620240385671 31.341687604822305  0.073340195713663014 31.335745587376572  0.10974003034015729 31.323966873207123  0.14594436787121842 31.306668665250779  0.18189975477604076 31.284382717657401  0.21749235099203162 31.257843115520664  0.30379609835382781 31.184204786110737  0.35425954156936207 31.132937839070138  0.40416668548540113 31.076009692576257  0.45371544952797671 31.01504195418314  0.50311203054964149 30.951282418419328  0.55260735078649237 30.885652252455372  0.65609299916378361 30.747191272899393  0.71004842942016211 30.674317430596282  0.76475598835916236 30.601172298735992  0.82054792937783205 30.528570476069842  0.87773734521737978 30.457396558379639  0.93663067498074137 30.388729807839251  1.0384132149818799 30.280411079567436  1.0802999840902643 30.23853396389989  1.123219406825954 30.198787815031999  1.1672023288479654 30.161706200095811  1.2122867629817615 30.127852978417014  1.2585196988727103 30.097822332319833  1.3656282231618018 30.040059684147415  1.4274847683115175 30.014765471869854  1.4906873512638745 29.998252937469211  1.5545431595860688 29.991673122477767  1.6184239200854269 29.995372609251149  1.6816844954586732 30.008881903849812  1.7787011930607401 30.043471297580425  1.8133251911030299 30.05872697661809  1.8474384296740689 30.076515315449999  1.8810189810554252 30.096614615211028  1.914039710258018 30.118785564077747  1.9464675082747751 30.142772675371106  2.0037664857997712 30.18878673071519  2.0288920256989482 30.210285516638116  2.0536545825561707 30.232697045619091  2.0780686944334468 30.255922260496643  2.1021484257324481 30.2798680244397  2.1259077929975247 30.304447060630633  2.2086323811911233 30.393088275709026  2.2660088435944039 30.460186212963006  2.3217747228288963 30.529634774622309  2.3762150429718725 30.60043596076012  2.4296210488461609 30.671766012245779  2.4823012330272527 30.742865133764855  2.5861656997737801 30.881921897052116  2.6372701548874584 30.949788005923853  2.6882642453349916 31.015697399785449  2.7394228685459847 31.078642821353412  2.7909697927246229 31.137244382793945  2.843120237980838 31.1896954196189  2.9302469857581701 31.262367373333976  2.9648581814513797 31.287540524681638  2.9998105042604064 31.308630847342005  3.0349976088707433 31.324972533441276  3.0703671537310364 31.336085915221481  3.1058994042819776 31.341687604822305  3.1783542738301658 31.341687604822305  3.2149328493034055 31.335745587376586  3.251332683929991 31.323966873207116  3.2875370214610595 31.306668665250761  3.3234924083657971 31.284382717657405  3.3590850045818144 31.257843115520668  3.4453887519437867 31.184204786110591  3.4958521951590034 31.13293783907017  3.5457593390751985 31.076009692576523  3.595308103117671 31.015041954183008  3.6447046841395259 30.951282418419311  3.694200004376293 30.885652252455362  3.797685652753604 30.747191272899361  3.8516410830099335 30.67431743059629  3.9063486419489868 30.601172298735971  3.9621405829676704 30.528570476069806  4.0193299988071605 30.457396558379621  4.0782233285705232 30.388729807839265  4.1800058685717021 30.280411079567408  4.2218926376800416 30.23853396389989  4.2648120604157373 30.198787815031999  4.3087949824377834 30.161706200095786  4.3538794165715773 30.127852978416996  4.4001123524624735 30.097822332319851  4.5072208767515729 30.040059684147419  4.5690774219013166 30.014765471869843  4.6322800048536958 29.998252937469211  4.696135813175867 29.991673122477778  4.7600165736751965 29.995372609251142  4.8232771490484669 30.008881903849812  4.9202938466162793 30.04347129756821  4.9549178446880431 30.058726976611744  4.9890310832885598 30.076515315460281  5.0226116346705805 30.096614615229026  5.0556323638468372 30.118785564081346  5.0880601618384071 30.142772675350098  5.1453591393842073 30.188786730710888  5.1704846792883083 30.210285516637335  5.1952472361500979 30.23269704562259  5.219661348026948 30.255922260500483  5.243741079321131 30.279868024439029  5.2675004465820541 30.304447060624994  5.3502250347808635 30.393088275708973  5.4076014971842943 30.460186212963084  5.4633673764186925 30.529634774622345  5.5178076965616238 30.600435960760109  5.5712137024359834 30.671766012245762  5.6238938866170214 30.742865133764816  5.7277583533634591 30.881921897051964  5.778862808477057 30.949788005923565  5.8298568989258452 31.015697399786816  5.881015522134609 31.078642821351984  5.9325624463148214 31.137244382794428  5.9847128915706787 31.189695419618943  6.0718396393480569 31.262367373334055  6.1064508350411444 31.287540524681589  6.1414031578501795 31.308630847341988  6.1765902624605458 31.324972533441308  6.2119598073208335 31.336085915221481  6.2474920578718054 31.341687604822305  6.2831853071795862 31.341687604822305 
 0 8 0.042568235978162457 6 0.10489422464338648 6 0.17179302843169442 6 0.21669721113313573 6 0.27317794528968586 6 0.30522103997082151 6 0.33092399268406014 6 0.39588023587237542 6 0.4599308074749478 6 0.50108322371665093 6 0.54346741476646288 6 0.60552393532133686 6 0.67213350030854768 6 0.71684353855249239 6 0.77308007671582468 6 0.80498463217281779 6 0.83057645741820796 6 0.89525186037459059 6 0.95902550744282744 6 1 8
1 6.2831853071795862 -0 0 1 
1 0 -0 0 1 
7 0 0  6 97 20  4.7123889803846897 15  4.761093582097768 15  4.8094085101992556 14.987190388989239  4.8568302495751876 14.961955992729054  4.9028624455377141 14.925305926196954  4.946970102697632 14.878870539590904  5.0066131488599899 14.801701050128658  5.0242365039951631 14.776905437425263  5.0414598938166799 14.750738663305874  5.0582815642891976 14.723300643360796  5.074699469641228 14.694684439628126  5.1298284722348253 14.592398500482091  5.1665366637908994 14.513276734352612  5.2008875339467435 14.428697364459381  5.2329051434252811 14.339391307312789  5.2625725660871536 14.245811245107896  5.3143457510010581 14.060204931876692  5.3369278906958391 13.968867375378112  5.3574308586182688 13.874515430423312  5.375707010824172 13.77741771499762  5.3915836291503343 13.677776545571282  5.416915424604035 13.483188618044544  5.4268404232072394 13.388595380583222  5.4344320807795148 13.292520638828972  5.4395499186140768 13.195447954843797  5.4421166366116562 13.097804656062063  5.4421166366116562 12.901518126230473  5.4395142523200342 12.803202822752169  5.4343256936131397 12.705469977937792  5.4266302870495302 12.608754271244395  5.4165719989410723 12.513548383294307  5.3909878738083092 12.318359739541084  5.3750167082879106 12.218703373317728  5.3566465575749636 12.121602686917715  5.3360499296664026 12.027259479376573  5.3133736848218032 11.935942158369174  5.261124676584263 11.7494278293682  5.2310263563686306 11.655005218701351  5.1985278754887734 11.564963981410328  5.1636445576181185 11.479779314898192  5.1263499638616423 11.400219596045128  5.0567948107809677 11.272879596393111  5.0255440891959591 11.22200172838251  4.9929014940216261 11.175490406701753  4.9589299738833663 11.134048354761211  4.9236889701470874 11.098396284259104  4.8412275810735785 11.032549364268645  4.7931729321355494 11.006137760047073  4.7439503299989418 10.992289124985833  4.6943855365798788 10.991954225018368  4.6452889254827463 11.004933646021906  4.5691007879763434 11.044561620191359  4.541199463167148 11.063517215388488  4.5138838239464318 11.086373039333795  4.4872261939272891 11.112815300925332  4.4613012389482511 11.142486642050025  4.3734567138771308 11.256144773013659  4.3157283481253401 11.354991055239417  4.2628344114932455 11.467052270224698  4.2146643242276944 11.589499265139107  4.1712014100051986 11.720703464057792  4.1090846868809763 11.945443609800561  4.0873172083451328 12.033993844046281  4.0675025703579308 12.125363983174138  4.0497749992461953 12.219311943580715  4.0342908824461885 12.315653767126038  4.0087637472946414 12.50829590278757  3.9984890431259941 12.604487138169835  3.9906251015129786 12.702234603354306  3.9853216446101256 12.801030464504889  3.9826613241577236 12.900427870800993  3.9826613241577236 13.098481840254898  3.9852637066861401 13.196797127306366  3.9904522635103605 13.294529952955227  3.9981476664658913 13.391245655883161  4.0082059560155976 13.486451572358865  4.033790080844275 13.681640213792127  4.0497612388049768 13.781296542620927  4.0681313825117931 13.878397208620456  4.0887280073201309 13.972740419982063  4.1114042572363765 14.06405777483708  4.1632618349368453 14.249174806426392  4.1928988596286327 14.342317300392095  4.2248696518211872 14.431204640653318  4.2591583787955329 14.515384723008255  4.2957893488599002 14.594129860938342  4.3512051888456122 14.696699827531262  4.3680215710623003 14.725894563339763  4.3852603117292572 14.753852182034846  4.4029189990171416 14.780472373615334  4.4209955322985417 14.805647479282257  4.4807018189240226 14.881892326324465  4.5243264926168871 14.927212541859765  4.5698145972624431 14.962946348327094  4.6166450981953311 14.987529611268227  4.6643336066076788 15  4.7123889803846897 15 
 0 7 0.058066025867647586 5 0.08320845287329709 5 0.14463197646690767 5 0.19999662973445612 5 0.25020543399942263 5 0.30076189340360204 5 0.35618210793784927 5 0.41828227072463903 5 0.46481812792706045 5 0.52354040945978186 5 0.55847045387623429 5 0.6457170303689046 5 0.69922013780825887 5 0.75024239456986364 5 0.8007059708764237 5 0.85602431491130127 5 0.91713143854213464 5 0.94279798732728637 5 1 7
7 0 0  6 97 20  0 30.009999999999998  0.073056902569616833 30.009999999999998  0.14552908585024737 30.018539969932693  0.21705263870457575 30.035361825735183  0.28723675727688447 30.059569972535197  0.35559458212915218 30.089655167133479  0.44992093973243258 30.13844983639952  0.47805488191916018 30.153992659840014  0.5058367530325999 30.170231216036999  0.53328135189849935 30.187065894973781  0.56040245483277662 30.204400675689925  0.65271113962267735 30.265488338430487  0.71637994196154509 30.311283235540348  0.77855428084147071 30.358283186963224  0.83954917349954172 30.405430831921461  0.89968459850853499 30.451777032613311  1.0130267801853567 30.536559501363623  1.0663738203775073 30.575356468956763  1.1194766482807776 30.61197753367745  1.1724745256071478 30.645638744701031  1.2255210978405391 30.675558915116376  1.3271154661682445 30.724077958632318  1.3756604881490175 30.743489894544688  1.4243253304329078 30.75856299581903  1.473072394655021 30.768798563786397  1.5218939987638644 30.773932022500208  1.6200372636796607 30.773932022500208  1.669194868192498 30.768727230042259  1.7182764251398641 30.758350225806652  1.7672747734163283 30.743072704605947  1.8161520138650689 30.723406347510128  1.9181216232850491 30.674433612254184  1.9712168416121698 30.644358035517524  2.0242661452062181 30.610555294786195  2.0774244068989054 30.573808615139118  2.1308323730628724 30.534902933776756  2.2449161338017056 30.449481585030192  2.3057438972239694 30.402575018314057  2.3674626129438301 30.354885450597269  2.4304029721474323 30.307394424087285  2.4948902127998664 30.261200323197126  2.6110142242308876 30.184927095464634  2.6619394367100448 30.153632638414205  2.7140377995100855 30.124384021305076  2.7673205201540392 30.097866560513001  2.8218226539711169 30.074763864393756  2.9479999866689517 30.031730552684522  3.020609043573788 30.014155497679869  3.0943716701746524 30.004819831464381  3.1684694387289847 30.004624266509264  3.2421187719043947 30.01334483366416  3.3573638761510147 30.039542749531037  3.3997864273679261 30.052024606163826  3.4416135323595376 30.066982548579173  3.4828014446619 30.084134494216297  3.5232926974357333 30.1031594240864  3.662220110076476 30.175026051019056  3.7566967966154117 30.235884046298189  3.8474417338790952 30.301974725675169  3.9352913698900385 30.369873777497986  4.0211167060005018 30.436831520810198  4.157878307965805 30.538907843457711  4.2095141350222338 30.576357566091389  4.2609258626110122 30.611746482280779  4.3122405433224831 30.644363551598254  4.3635978261864929 30.673500322109607  4.4643360203417721 30.722315986060604  4.5137483909887299 30.742395062284132  4.563283965456435 30.758004564739608  4.6129042631600772 30.768611355692084  4.662602915785186 30.773932022500208  4.7616299005121387 30.773932022500208  4.8107874967818685 30.768727233552404  4.8598690440726644 30.758350233147503  4.9088673897860122 30.743072718913254  4.9577446442873825 30.723406358636726  5.0597142524953798 30.674433623962859  5.1128094503445096 30.644358061244134  5.1658587412989458 30.610555332635258  5.2190170026453577 30.57380865680334  5.2724249857974579 30.534902964367497  5.3856540725579061 30.450121561249475  5.4456123118892616 30.403904384395986  5.5064314179990941 30.356912793717509  5.5684283206033873 30.310087475509615  5.6319150310729977 30.264477175952333  5.7246544047216608 30.203187125864371  5.7524116536574939 30.185487230225267  5.7805082621838144 30.16831557693456  5.8089586167825686 30.151775316321913  5.8377782524200414 30.135973428439225  5.932073207666372 30.087696225493154  5.9996238378504199 30.058310639920993  6.0689484241224712 30.034701653121413  6.1395696830542414 30.018313805272733  6.2111022465140691 30.009999999999998  6.2831853071795862 30.009999999999998 
 0 7 0.058066025867647586 5 0.08320845287329709 5 0.14463197646690767 5 0.19999662973445612 5 0.25020543399942263 5 0.30076189340360204 5 0.35618210793784927 5 0.41828227072463903 5 0.46481812792706045 5 0.52354040945978186 5 0.55847045387623429 5 0.6457170303689046 5 0.69922013780825887 5 0.75024239456986364 5 0.8007059708764237 5 0.85602431491130127 5 0.91713143854213464 5 0.94279798732728637 5 1 7
7 0 0  6 12 3  0 29.009999999999998  0.06832367137128556 29.009999999999998  0.13628129302603981 29.015601813973571  0.20357704406578891 29.026692507417781  0.26990123893949214 29.04274496216944  0.33488272169470817 29.062839126616094  0.45507993286994225 29.106614229960694  0.51082767268263418 29.129836126503744  0.56537735391231536 29.15486950887049  0.61882439354138452 29.181115922574595  0.67125007745860088 29.208019738157446  0.72273470137066465 29.235083020780404 
 0 7 0.52520955498613353 5 1 7
7 0 0  6 12 3  4.7123889803846897 0.5  4.7465508160703322 0.5  4.7805296977967684 0.48879646179475511  4.8139619674389547 0.46661468529688166  4.8464905735494321 0.43415767169993802  4.8777565966826488 0.39260272226151061  4.9342280689116249 0.29942921122581106  4.9598179986069182 0.24901038241389006  4.9841591116444706 0.19319713459858542  5.0072259556243868 0.13268925752868502  5.0289965057559245 0.068107190634335124  5.0494544139436925 -6.0000000000000008e-07 
 0 7 0.52520955498613353 5 1 7
8 28.210000000000001 34.010000599999998
1 0.72273424781341744 0 0 1 
8 28.210000000000001 34.010000599999998
1 1.3228756555323002 -33.009999999999998 0 1 
7 0 0  6 87 18  0.72273379425593198 30.317417262181092  0.763091078182625 30.347158778520789  0.80288160022313748 30.377239732534846  0.84219594956025545 30.40737609484999  0.88111656429212415 30.437299982825806  0.91972531470586816 30.466753257345804  1.0116736150910206 30.53556724705501  1.0648515105681866 30.574278014287032  1.1177840052480077 30.610840904376527  1.1706094869343506 30.644480240024453  1.2234803202191866 30.674422481248786  1.2934687937323475 30.708056212830574  1.3103743455100172 30.715721582228273  1.3272957163702841 30.722909986813065  1.3442340113674707 30.729598036166987  1.3611895451621383 30.735763825768771  1.4099715804824928 30.751925858089439  1.4418560762287933 30.760564484816353  1.4737909443671831 30.767159913143249  1.505758664519089 30.771612954534259  1.5377470905076525 30.773871025885267  1.6189483576901029 30.774023308570058  1.6680673735492002 30.76891921684415  1.7171113530983348 30.758647988566914  1.7660725969856068 30.743477828258492  1.8149128806866326 30.723917089298929  1.9171856763802053 30.674973970417483  1.9706164841312546 30.644758074773456  2.0240002097214407 30.61075934512963  2.0774941246262166 30.573776323934318  2.1312409408456672 30.534609592749987  2.245851384930702 30.448767072732597  2.3068676859188644 30.401707605417858  2.3687841846222955 30.353871560313159  2.4319344431144825 30.30624948581092  2.4966463932408121 30.259951361588755  2.6117830514088158 30.184494129960637  2.6614019457936258 30.154036637893995  2.7121296095492444 30.125524041436183  2.7639852954715001 30.099583420431856  2.8170087502978283 30.076844910907823  2.9451091637755877 30.032175967972407  3.0214617601273059 30.013422600031799  3.0990803382004861 30.003805992434309  3.1770265128470219 30.004370599450962  3.2543988005012325 30.014777802548974  3.3706166785651828 30.043524755435602  3.4106234580735606 30.055923894689812  3.4500827218482755 30.070489635706767  3.4889608145571214 30.086979335354389  3.5272132980807123 30.105121725403379  3.5927163791429435 30.139123736638783  3.6202972656037065 30.154388417444334  3.6475396256406385 30.170320073060321  3.6744574991449501 30.186824814629489  3.701063994216188 30.203812103545719  3.7932995791719053 30.264757131268414  3.8573715869555971 30.310817593732221  3.9199283350489269 30.3581065218183  3.9812903026613657 30.405546633818929  4.0417831658193277 30.452171913143367  4.1544794503437714 30.536440105946102  4.2068406534279461 30.574516628882687  4.2589654765610394 30.610503015921875  4.3109865923305675 30.643658983496554  4.3630497446227059 30.673246177372121  4.4644736288260223 30.722371874293469  4.5138587014091005 30.742429809044896  4.5633668701524046 30.758022293105256  4.6129596834587634 30.768617299172103  4.662630731453719 30.773932022500208  4.761800391419583 30.773932022500208  4.8111271583245685 30.768691130445905  4.8603771167076131 30.758242551650895  4.9095433856800312 30.742861620435207  4.9585879284409575 30.723066625762151  5.0602364160617697 30.674110770288028  5.1128522757546655 30.644286763610804  5.165423689663843 30.610805420498412  5.2181008796110966 30.57442905720837  5.2710203667320386 30.535922106927181  5.3628272955876568 30.467235893557859  5.4015584918262292 30.437692292508871  5.4406028118562562 30.407672415002356  5.4800428943597872 30.377436910201286  5.5199619575309589 30.347256256685441  5.5604515129236551 30.317417262181092 
 0 7 0.050003411548222729 5 0.11977689868638529 5 0.14197384448941225 5 0.183575699942715 5 0.24753733163104796 5 0.31815305717255127 5 0.39701599935320897 5 0.45444256875721745 5 0.53260163795630655 5 0.57445250009736315 5 0.60557090948085712 5 0.68355626452738427 5 0.75213332313053172 5 0.8166036800238059 5 0.88062464885731739 5 0.94992875122390275 5 1 7
7 0 0  6 87 18  5.1690551129207511 4.5000005999999999  5.1915375975828368 4.4466129590265009  5.2130421731691952 4.3910436176987027  5.2335755644471211 4.3334825445732443  5.2531338134328394 4.2740787427501266  5.2717031127286758 4.2129400081731392  5.3137599637220267 4.0624929526510103  5.3363118238009903 3.9715230139936804  5.3568005007752042 3.8775538889866112  5.3750804638729752 3.7808513401764503  5.3909811743467939 3.6816157346863756  5.4085531267617375 3.5476537550284601  5.4125318332520047 3.515096991024246  5.4162415182430985 3.4823273121072948  5.4196756697641151 3.4493588066090495  5.4228280237283331 3.416207353742458  5.4310613290147058 3.3204478982026937  5.4354220176060188 3.2573934583923712  5.4387304976373088 3.1938850355465616  5.44095705222965 3.1300726326439556  5.4420861382875598 3.0660984370191287  5.4421622796717974 2.9036959919003271  5.4396102413765197 2.8054518290897277  5.4344751657265133 2.7077809886944224  5.4268354118173141 2.6111184231383611  5.4168340735956289 2.515956655740323  5.3912752742790859 2.3201121821414223  5.3752358106450409 2.219790868062705  5.3567649695648161 2.122053927223936  5.3360388184982099 2.0271078916190897  5.3132073344006843 1.9352275598960174  5.2606728406024423 1.7479515697940475  5.2304537116421645 1.6533095449090343  5.197820802313017 1.5630785129530607  5.1627889246234062 1.4777403195655505  5.125331012205832 1.3980742795957535  5.0563094403090085 1.2722021320118349  5.0258559909142271 1.2226864375683177  4.9940850173580582 1.1773184900880926  4.9610491062059499 1.1367386685428156  4.9267977050805492 1.1016110622254189  4.8431627879661621 1.0331933455937954  4.7926336374375555 1.0050253787356045  4.740812683752532 0.99078884281101653  4.688654871234009 0.99156943844721845  4.6370980567914222 1.0070599353871537  4.5603909610220601 1.050614052927126  4.5341254557814832 1.0694794426319354  4.5084012125576267 1.0917799900406917  4.4832764375227683 1.1172459059535254  4.4588111479871637 1.1455756643337034  4.4174129844211842 1.199376033876238  4.4001418963433325 1.2237367766760594  4.3832556731480485 1.2494140946143422  4.3667559105089113 1.2763138678305814  4.3506444701171842 1.3043483674431628  4.2955253534576254 1.4063329532424012  4.2585660065772917 1.4858696151611948  4.2239927561577106 1.5709358010361119  4.1917809875856875 1.6607856455531922  4.1619478834765102 1.7549584693200486  4.1105197405141451 1.9396183011830712  4.0883476418508513 2.0292417602045307  4.0681776335412296 2.1217715554137619  4.0501486077364088 2.2169549477624626  4.0344231159178499 2.3146006378421813  4.0087351500761432 2.5085637965703205  3.9984715376685447 2.6047048126827983  3.9906162371333282 2.7023996672364432  3.9853186729228538 2.801141305452405  3.9826613241577236 2.9004835021380586  3.9826613241577236 3.0988228220697849  3.9852817579367374 3.1974764524169101  3.9905061053909607 3.2955416105608286  3.9982540037775673 3.3925799111178114  4.0083797185860712 3.4880940601724411  4.0339628515323538 3.682608495897588  4.049804375018577 3.7813459310818369  4.0680013503640016 3.8775730998627864  4.0883857560306041 3.9710924909238292  4.1108141259959465 4.0616424686011605  4.152770636388512 4.211937863646134  4.1713877882361947 4.2732997971869331  4.1910005313605803 4.3329165072087399  4.2115948396440581 4.3906793504013777  4.2331666765823845 4.4464379804141929  4.25572284784863 4.5000005999999999 
 0 7 0.050003411548222729 5 0.11977689868638529 5 0.14197384448941225 5 0.183575699942715 5 0.24753733163104796 5 0.31815305717255127 5 0.39701599935320897 5 0.45444256875721745 5 0.53260163795630655 5 0.57445250009736315 5 0.60557090948085712 5 0.68355626452738427 5 0.75213332313053172 5 0.8166036800238059 5 0.88062464885731739 5 0.94992875122390275 5 1 7
7 0 0  6 57 12  0.84106867056793 -4.8985874103406714e-16  0.84106867056793 0.098519842056479234  0.8436730617904864 0.19687284684479767  0.84886560230157493 0.29464272634877309  0.85656684918586345 0.39139440055242558  0.8666326450443157 0.48663468619411138  0.89214897211477417 0.68123173830502626  0.90801216583056776 0.78029602620277672  0.9262466453629199 0.87683721833155948  0.94668268683364742 0.97065582536745554  0.96917531647882482 1.0614874509504897  1.0209476385204785 1.246922880145795  1.0507399873374985 1.3407760476253134  1.0828980046983463 1.430323564610787  1.1174051183170994 1.5151062300043594  1.1542859708201743 1.5943821385839474  1.2234028908044288 1.7221578582229702  1.2546740698299119 1.7735874046522297  1.2873476846536858 1.8206520459620945  1.3213655989533837 1.8626519695682495  1.3566731874041118 1.8988613070632032  1.4412494083472924 1.9674857110733381  1.4915570126450715 1.9952486603837676  1.5431329212123908 2.0091999880870159  1.5950340162442456 2.0082801292270078  1.6463333967754723 1.9928003032442612  1.7220497298953159 1.9498087385223641  1.7476000727782741 1.9315663702454646  1.7726415015927419 1.9100688743631202  1.7971188383403252 1.8855645222683559  1.8209752430627315 1.8583315668301978  1.8624840170404278 1.8052287196556343  1.8804068922993993 1.7802433897840293  1.8979186954374025 1.7538375402366402  1.915017397335421 1.7261161531908755  1.9317006636578971 1.6971770933631853  1.987539309783336 1.5939601132188237  2.0246539734144338 1.5141093131386774  2.0593632330879017 1.4286840938340784  2.0916919702706029 1.3384392150934787  2.1216225803283693 1.2438398335234013  2.1730624250762864 1.058795321416979  2.19517436517694 0.96925550973317087  2.2152884747248023 0.8768196872389914  2.2332660199005994 0.7817398227801956  2.248944898532109 0.68420681447974196  2.269450390880595 0.52908305068531736  2.2759942135824347 0.47312145493477836  2.2817365127820541 0.41656481252508959  2.2866442017034574 0.35950136445119285  2.2906902191095573 0.30201134639727362  2.2960639466129096 0.20374227395535183  2.2978426680671018 0.16315795820866705  2.299181923015936 0.12245148230567249  2.3000765795914386 0.081662037953791622  2.3005239884998887 0.04083049471383491  2.3005239830218227 -6.0000000000000008e-07 
 0 7 0.10119940656700518 5 0.21141868786718654 5 0.33474143814465118 5 0.42826834324298646 5 0.55116698941829889 5 0.61545895491004965 5 0.66631271242622148 5 0.79004066969468911 5 0.89824816343712066 5 0.95814266445324148 5 1 7
7 0 0  6 57 12  0 30.773932022500208  0.049259921028239867 30.773932022500208  0.098436376057320973 30.768723216098969  0.14753669968265537 30.75833824863302  0.19655376728866303 30.743049221146254  0.24544967039221394 30.723368538152169  0.34711368467199222 30.674527243975604  0.39988924751093746 30.644653719580099  0.45261924633371164 30.611094021177625  0.50545509463223837 30.574617507564895  0.55853427583938042 30.535995857982048  0.67181138638423965 30.451244201517174  0.73215725952440092 30.404728615976421  0.79337153220110723 30.357414591474484  0.8557773734712476 30.31026111561502  0.91969281208762965 30.264337889354621  1.0353305160165533 30.187966049633133  1.0863775540162379 30.156386595038487  1.1385992722337182 30.126831274782159  1.1920153682135528 30.099986741880443  1.2466686235573694 30.076543004971011  1.3761664814972165 30.031723786738446  1.4521712268307327 30.013237532244734  1.529420332554599 30.003814056972477  1.6069858450229695 30.004471682507958  1.6839754067516968 30.014870049016242  1.7986921937935314 30.043245701087454  1.8376037797369678 30.055236518634491  1.8760004138058453 30.069281878915223  1.9138487923430052 30.085158948068472  1.951105807923607 30.102618117100906  2.0166736621125714 30.136235719937023  2.0452520157026783 30.151916277023741  2.0734671767971178 30.168322229940728  2.1013343263961732 30.185349239132538  2.1288675296834874 30.202896674943716  2.2222874435384057 30.264591191568602  2.2866222088087658 30.310839703429693  2.3494292516020154 30.358327272922249  2.4110328173737225 30.405963639559097  2.471762464351098 30.452771467560755  2.5846136632279348 30.537118475558401  2.6368973761544416 30.575112178605174  2.6889472983441047 30.611013563639229  2.7408951853735335 30.644085037350386  2.7928858962283698 30.673591287506937  2.8739866628663062 30.712812731192614  2.9029379957159711 30.725477363315832  2.9319356286652187 30.736697545476783  2.9609766873851178 30.746357199749436  2.9900636920111889 30.754361664438132  3.0395685324459953 30.765028726742987  3.0599523805877689 30.768572804139975  3.0803515943288811 30.771247890048802  3.1007616650370546 30.773037175131225  3.1211774062328743 30.773932033456262  3.1415929535897926 30.77393202250013 
 0 7 0.10119940656700518 5 0.21141868786718654 5 0.33474143814465118 5 0.42826834324298646 5 0.55116698941829889 5 0.61545895491004965 5 0.66631271242622148 5 0.79004066969468911 5 0.89824816343712066 5 0.95814266445324148 5 1 7
8 28.210000000000001 34.010000599999998
1 5.5604510593661685 0 0 1 
8 28.210000000000001 34.010000599999998
1 -1.3228756555323002 -33.009999999999998 0 1 
7 0 0  6 12 3  5.5604506058089207 29.235083020780404  5.6121070330687219 29.20792942842607  5.6647114111147436 29.180936053700094  5.7183444433358082 29.154606072247336  5.7730878902110945 29.129501122868927  5.8290378876249305 29.106226097912568  5.9492786385047047 29.062538008490748  6.0140806150444055 29.042552424836156  6.0802165661442533 29.026591971709355  6.1473164962788847 29.015567490285008  6.2150712574340199 29.009999999999998  6.2831853071795862 29.009999999999998 
 0 7 0.47638073729187619 5 1 7
7 0 0  6 12 3  4.3753235468256868 -6.0000000000000008e-07  4.395849722718399 0.068334465217479282  4.4176975549960815 0.1331210368373402  4.4408504099705981 0.19380438088886634  4.4652858727640341 0.24975712875564382  4.4909780338538416 0.30027174680857321  4.5474911118535974 0.39322525177613116  4.5786780503323357 0.43454704268211758  4.6111181641519785 0.46681576634332644  4.6444545064103329 0.48886510515684201  4.6783319555119069 0.5  4.7123889803846897 0.5 
 0 7 0.47638073729187619 5 1 7
1 6.2831853071795862 -0 0 1 
1 0 -0 0 1 
1 6.2831853071795862 -0 0 1 
1 0 -0 0 1 
7 0 0  7 8 2  0 23.927599436272367  0.10764799509074532 23.880189946089491  0.21497269129522789 23.839165791239864  0.32136165230884217 23.805488896613099  0.42622134524072153 23.779206039545535  0.52882298474129252 23.75946844939681  0.62818016365142526 23.745037210936264  0.72273470137066642 23.734683102800609 
 0 8 1 8
7 0 0  7 8 2  4.4956420993516195 0.5  4.5193468444430565 0.5  4.5428360961365781 0.47296108802862191  4.565552378465048 0.41917587969332748  4.5869751832705523 0.34062497278954451  4.6066487087060164 0.24087453362072817  4.6242241913190778 0.12508336039772627  4.6395155017312284 -5.9999999999999997e-07 
 0 8 1 8
8 21.850000000000001 29.510000599999998
1 0.72273424781341744 0 0 1 
8 21.850000000000001 29.510000599999998
1 -0.67712434446769976 -33.009999999999998 0 1 
7 0 0  6 72 15  4.3008721343172018 21.010000000000002  4.3182400407697079 21.010000000000002  4.3356953347513754 21.006199192721564  4.3531463649067472 20.998396649483862  4.3705054917591264 20.986474447060896  4.3876886285599541 20.970399520897004  4.4188012084953554 20.933316951320791  4.4327953640437885 20.913542946695696  4.4465481938897442 20.890946810106602  4.4600128537895207 20.865617310152292  4.473145105154761 20.83769024585413  4.5039594341382836 20.764413121231428  4.5212479073983758 20.716688318336747  4.5377184267184161 20.664567882139206  4.5533247269072312 20.608501869044712  4.5680276702349145 20.549001385541136  4.5930781404048497 20.435558733013533  4.6037433219742807 20.38250848216342  4.6137968442886219 20.327701294894513  4.6232427636976778 20.27133751625675  4.6320858292863711 20.213607647463053  4.6466678203063418 20.109419132959061  4.6526528318696032 20.063435659378829  4.6582902962636616 20.016812935686065  4.6635839568021344 19.969615705415677  4.6685375214131239 19.921902445100145  4.6863793875233535 19.73573334528886  4.696842736962239 19.593948281651482  4.7046312552240295 19.449584101371649  4.7098026994791038 19.303597885405587  4.7123889803846897 19.15680677588507  4.7123889803846897 18.864032694276531  4.7098321930051927 18.718080605460912  4.7047196972328411 18.572919884304056  4.6970203420635803 18.429353671819843  4.6866776536072861 18.288320966203464  4.6629846389509053 18.039419928333562  4.6505506541738635 17.930182873190276  4.6362649287108377 17.824072867459545  4.6200891474771391 17.72196382722267  4.6019859178082729 17.624855916047967  4.5729535563071719 17.493272531499333  4.5635996564999699 17.453882744647512  4.553861768802526 17.415872324287214  4.5437467974780095 17.379374528930988  4.5332627254714355 17.344516158044893  4.5050352376209499 17.258362529262524  4.4867021203810227 17.209756193881233  4.4675250481993114 17.166344747387267  4.4476255581862647 17.128666413465307  4.4271372736430541 17.097061640753598  4.39118786336629 17.053481226420654  4.3759634071631774 17.038506097659255  4.3605872677436643 17.026802771915015  4.3451197400210839 17.018359772793861  4.3296235005419819 17.013110227927729  4.2949047236566971 17.008220831343497  4.2757156734792758 17.010278582878186  4.2566629943740182 17.016850689653555  4.2378116367675274 17.027649610100685  4.2192263940009349 17.042353930078907  4.1543010416948301 17.107276445356959  4.1098258946566517 17.177116266010959  4.0677552168531408 17.264988470279594  4.0281604864354259 17.367573079605013  3.9911126247723847 17.482889135317667  3.9499264965084855 17.635832400370813  3.9431028653353688 17.662084967529051  3.9363946226586797 17.688823613428436  3.9298042933977708 17.716043524398632  3.923334903945245 17.743741265591247  3.9169899821669518 17.771914780979831 
 0 7 0.055135345997481509 5 0.10134628943810053 5 0.16674309814944982 5 0.22031427726545078 5 0.26148082202146811 5 0.3793927944240697 5 0.49663052286258746 5 0.59190776047869043 5 0.63446802919373779 5 0.70269038532861716 5 0.75162023834683445 5 0.81257521701152891 5 0.96843196807819198 5 1 7
7 0 0  6 72 15  0 28.427424305044159  0.039794872990761884 28.392688492139143  0.080151970954708773 28.359436556965917  0.12095985868111186 28.32790252389934  0.16211845434822489 28.298252057043872  0.20353187104406964 28.270586838768576  0.27994207714850411 28.223460897562003  0.31486361459235412 28.203414819238859  0.34980234589052656 28.184834534459469  0.38469406211462753 28.167712881526526  0.41947068452027264 28.152016681926892  0.50300305689461278 28.117419285743864  0.55151679992907277 28.099914363172928  0.59955710776007332 28.084942277163723  0.64707108970853278 28.07224143814992  0.69398897365893786 28.061540327259294  0.77808914934587647 28.045229943953689  0.81553400868689341 28.03904286874894  0.85257396637077776 28.033857741599601  0.88922702984499347 28.02953345610878  0.92550874068418565 28.025943327319563  0.98903738459460444 28.020694163688518  1.0164374587284801 28.018779916991615  1.0436446029945969 28.017181369501028  1.070671613744713 28.01585272139739  1.0975318776795568 28.014753355165258  1.2007367639446138 28.011254185836176  1.275974619919455 28.010250655237343  1.3502926828356072 28.010000050394748  1.4239973025208494 28.009999990007532  1.4973929388523621 28.009999999999998  1.6437799796566326 28.009999999999998  1.7167561024372378 28.009999990673641  1.7900358474007128 28.010000047281398  1.8639184881790769 28.010244976934707  1.9387052230238018 28.011225738128449  2.0765136072984895 28.015818899871661  2.1391728816723181 28.018906003600836  2.202820612327121 28.023460331971538  2.2675755142316496 28.030061750716261  2.3335721031899572 28.039442054351706  2.4310778296027862 28.058327782147206  2.4614561485237463 28.06489061168838  2.4920914419844853 28.072258344596509  2.5229722618141692 28.080506742048826  2.5540897575915729 28.089712372423694  2.6356862482595158 28.116363364033901  2.68659595985809 28.135452641646285  2.7379285658240082 28.157476377196236  2.789487547128036 28.182627304638533  2.8410983829184864 28.210998767071601  2.9295189141252345 28.265178963076007  2.9663382006100569 28.289413762162507  3.0029734720463463 28.315225522902082  3.0393532245920629 28.342547351803947  3.0754038325348816 28.371271503555295  3.1554463168500972 28.438588260219632  3.199181820098437 28.477845524916876  3.2422366006891878 28.518836829849381  3.284587575084458 28.561334955838088  3.326200800368992 28.605070891819807  3.4714211197482583 28.763947267185557  3.5706191934483447 28.884179310163617  3.6658059448491027 29.007458614838857  3.757941531537583 29.131133692483221  3.8480004822425884 29.253025110822175  3.9550768880209226 29.394225835543224  3.9730739435672722 29.417829821091804  3.9910422678050259 29.441233495900832  4.0089909766625942 29.464413455852377  4.0269291665656715 29.487344693886246  4.044865914437235 29.510000600000001 
 0 7 0.055135345997481509 5 0.10134628943810053 5 0.16674309814944982 5 0.22031427726545078 5 0.26148082202146811 5 0.3793927944240697 5 0.49663052286258746 5 0.59190776047869043 5 0.63446802919373779 5 0.70269038532861716 5 0.75162023834683445 5 0.81257521701152891 5 0.96843196807819198 5 1 7
1 0 29.509999999999998 1 0 
2 0 0 1 0 -0 1 2
7 0 0  6 17 4  3.91698998216695 20.248085219020169  3.9233055728593711 20.276128494852124  3.9297444817694078 20.303700379166596  3.9363032309462191 20.330798850172876  3.9429788340986582 20.357420529481857  3.9497687965952726 20.383560682106033  3.9877049206087367 20.524550651268093  4.0210252628180969 20.630088736872541  4.05644942320819 20.725232527364341  4.0939174964963208 20.80861673703302  4.1333935344041413 20.87798589313601  4.1948809721314566 20.955081233147599  4.2154635835649961 20.97618576035347  4.2364304157189396 20.992674427450563  4.2577060193567453 21.004089245957871  4.2792134162445068 21.010000000000002  4.3008721343172018 21.010000000000002 
 0 7 0.13015159144899827 5 0.71533161643804188 5 1 7
7 0 0  6 17 4  5.3799120463321435 29.510000600000001  5.3977658768233985 29.487449426828746  5.4156211317285958 29.464625465878132  5.4334867672999367 29.441554956130641  5.4513717562170454 29.418262564680195  5.4692850875869681 29.39477138673222  5.5679445687181692 29.2646862754968  5.64944962735711 29.154633654984455  5.7325638703866595 29.042923665122547  5.8180252806527717 28.931190479428423  5.90659343853235 28.821292815426872  6.0441381526561235 28.663853548168987  6.0901186091492052 28.613238331605483  6.1370269221716489 28.563942394223023  6.1848421084682741 28.516336192941235  6.2335589496676702 28.470741741189546  6.2831853071795862 28.427424305044159 
 0 7 0.13015159144899827 5 0.71533161643804188 5 1 7
8 21.850000000000001 29.510000599999998
1 5.5604510593661685 0 0 1 
8 21.850000000000001 29.510000599999998
1 -3.3228756555323002 -33.009999999999998 0 1 
7 0 0  6 12 3  5.5604506058089198 24.323890810234527  5.6180243196175228 24.29085353477339  5.676575889897542 24.256423436009442  5.7361633951324089 24.220960345052791  5.7968532961887709 24.184880076350719  5.8587294547945143 24.148631438454629  5.9798104228353539 24.079711587162787  6.0389015917455646 24.046940724761043  6.0989499488735746 24.014895641186875  6.1597788684679822 23.984075626512567  6.2212368970469454 23.954882271772949  6.2831853071795862 23.927599436272367 
 0 7 0.52173928111428847 5 1 7
7 0 0  6 12 3  4.3470150885792114 -6.0000000000000008e-07  4.3569574614278546 0.076162303565440279  4.3676291428269858 0.1476526916388545  4.3790085834284289 0.21371098174961375  4.3910655019936486 0.27352563191465351  4.4037603963354384 0.32622814309623982  4.4292207333371207 0.41182629562199252  4.4419117532733106 0.44607223793249695  4.455015299454109 0.4726425786759636  4.4684180723809668 0.4907897613065067  4.4820006816013294 0.5  4.4956420993516195 0.5 
 0 7 0.52173928111428847 5 1 7
1 6.2831853071795862 -0 0 1 
1 0 -0 0 1 
1 0 0 1 0 
2 0 0 1 0 -0 1 11
1 6.2831853071795862 -0 0 1 
1 0 -0 0 1 
1 0 0 1 0 
2 0 0 1 0 -0 1 11
1 0 0 1 0 
2 0 0 1 0 -0 1 9.1999999999999993
8 3.1415926535897931 6.2831853071795862
1 9.4247779607693793 0 -1 -0 
8 0 3.1415926535897931
1 3.1415926535897931 0 -1 -0 
1 6.2831853071795862 -0 0 1 
1 0 -0 0 1 
7 0 0  8 58 9  0 9.7000000000000011  0.10753106830514614 9.7000000000000011  0.21259834439939171 9.6910222214865946  0.31527079282675508 9.6737886920991425  0.41548365307969104 9.6497953003385071  0.51305192509223541 9.6210977858875157  0.60764169146428604 9.5899770541221336  0.69870676665677023 9.5585717188827815  0.89160891043337542 9.4918037278028322  0.99413366254281554 9.4561462655916344  1.0938044166194811 9.4238519635768885  1.1912731001546903 9.3965603381638338  1.2871364582904417 9.375383500158053  1.3819636705834479 9.3610150025764156  1.4763095687666712 9.3538127380242226  1.6756641498500997 9.3538127380242226  1.7802856594239118 9.3626846009017495  1.8855539457285759 9.3803567420359943  1.9922634107453749 9.4062938524193207  2.1012054892921679 9.4394679370866186  2.2132095898399879 9.4781831324455119  2.3292128460247419 9.5198664130854631  2.5532068754308468 9.5957507064110281  2.6645284126709097 9.6317506353917945  2.7812422717901164 9.6651546865183597  2.901436677065008 9.6914639000091469  3.023806502248517 9.706698811798935  3.1472469698075538 9.7090323431329395  3.2707376657445426 9.6990078996737772  3.4714678620566253 9.666085316899288  3.5500061752912835 9.6489759921100244  3.6285387780235028 9.6281021392876944  3.7070719009813775 9.6041384183392395  3.7856112438841527 9.5779423575779319  3.8641584771283952 9.5505040232358702  3.942707234454697 9.5228752994416848  4.1076014111656711 9.4666100047617281  4.1940223784194526 9.4381208221530812  4.2804412852285516 9.4119864978713945  4.3668392424497249 9.389530460712276  4.4532158463133937 9.3718792917057456  4.5395847296808256 9.3598378347062177  4.625970364949235 9.3538127380242226  4.8068878530980186 9.3538127380242226  4.9012355586413436 9.3610168181370792  4.9960588721750412 9.3753863396913992  5.0919157880706418 9.396562087826986  5.1893782967100393 9.4238514233378083  5.289045588088678 9.4561441545497349  5.3915711394004608 9.4918019081112135  5.5844457171293431 9.5585603579305438  5.6755166775682051 9.5899678068824095  5.7701311055636868 9.6210986795332207  5.8677291114990417 9.6498061838731797  5.9679663415236366 9.6738024106342682  6.0706487095553348 9.6910302382649522  6.1757022901786058 9.7000000000000011  6.2831853071795862 9.7000000000000011 
 0 9 0.12639629662887986 7 0.2812518600671679 7 0.45312108454526656 7 0.59881239052972068 7 0.69247343332484723 7 0.79547471906563083 7 0.90810676415778291 7 1 9
7 0 0  8 58 9  1.5707963267948966 5.5  1.5415759277989329 5.5  1.5130249868950174 5.4669634346800944  1.4856018880816162 5.403537290873957  1.4597086441673863 5.3129886502613015  1.4356990170733428 5.1992244323746384  1.4138666188689462 5.0668158919096253  1.394419192167728 4.9210171392310365  1.3566495127606588 4.5800111043063865  1.3390029097583163 4.3759818098752916  1.3244312670570511 4.1601969328737045  1.3128602862298935 3.9359947597003933  1.3042249009274778 3.7059346452116539  1.2984775392915835 3.4720821985462011  1.2955966241112753 3.2362168950705636  1.2955966241112753 2.737830442361993  1.2991454928538315 2.4762757160658087  1.3062138945472355 2.2175018155650204  1.3168390862613699 1.9638174667181589  1.331097764662506 1.7181050844134311  1.3490920279275336 1.484114154591244  1.3709328212140208 1.2669032505049884  1.4185521731969795 0.90995533074517521  1.4442447524361544 0.75580589675016596  1.473335637787361 0.62572718677439265  1.5050678188423161 0.53025893625444198  1.5384777841898964 0.47626608933538722  1.5725417788667615 0.46711486978142525  1.6061943134915342 0.50257827892225948  1.6591479468697437 0.62737720360083216  1.6794224247455882 0.69328061620446146  1.6990673286972335 0.77578771815809267  1.717903372869668 0.87421730850294777  1.7357543052145243 0.98768091174132566  1.7524488122605746 1.1150907516577448  1.7678247578801594 1.2551663893725884  1.7970340129877094 1.5727992564036286  1.8105746096521926 1.7528541779616684  1.8221512848908461 1.9446293917121176  1.8315938249687251 2.1459521202443188  1.8387693641962612 2.3545257364148759  1.8435860030359152 2.5679894104276535  1.8459960294785174 2.783953461411361  1.8459960294785174 3.2362471817833214  1.8431143852996092 3.4721170693031822  1.8373666233430301 3.705958425359742  1.8287315784700506 3.9360016222457959  1.817161489884078 4.1601896599852681  1.802590687225379 4.3759687952600164  1.7849441702021602 4.5800018105443074  1.7471798881471612 4.9209591151207688  1.7277325377476582 5.0667797692472121  1.7058950864156617 5.1992341771028387  1.6818777566665213 5.3130327878807257  1.6559773105669773 5.4035877102834489  1.6285508909895541 5.4669929632521157  1.60000366837125 5.5  1.5707963267948966 5.5 
 0 9 0.12639629662887986 7 0.2812518600671679 7 0.45312108454526656 7 0.59881239052972068 7 0.69247343332484723 7 0.79547471906563083 7 0.90810676415778291 7 1 9
1 6.2831853071795862 -0 0 1 
1 0 -0 0 1 
1 0 0 1 0 
2 0 0 1 0 -0 1 11
1 6.2831853071795862 -0 0 1 
1 0 -0 0 1 
1 0 0 1 0 
2 0 0 1 0 -0 1 11
1 6.2831853071795862 -0 0 1 
1 0 -0 0 1 
7 0 0  5 6 2  4.9640912998271229 -5.9999999999999997e-07  4.9735319984847539 0.19273697087071645  4.9805705639502618 0.3911264172475229  4.9852486995857515 0.59292738331042527  4.9875886830683109 0.79644058243891636  4.9875886830683109 1.0000000000000115 
 0 6 1 6
7 0 0  5 6 2  5.8716681992506095 8.9201066884746218  5.9557857810332866 8.8984753328408477  6.0385103801081907 8.8813558926790428  6.1203565741353589 8.8696633218228307  6.2017615401551485 8.8638127380242118  6.2831853071795862 8.8638127380242118 
 0 6 1 6
7 0 0  6 57 12  4.9640913292163962 -1.211289984476786e-14  4.960353945263412 0.128147115058411  4.9557083626632972 0.25544207394709628  4.950080182455542 0.38150826899128287  4.9433843975660769 0.50579215407957645  4.9355304325286316 0.62755857712935814  4.9184659658909968 0.8491529053714536  4.9095566198273239 0.94976657525889241  4.8996277108316217 1.0470809569071626  4.8886187802807237 1.1402252700185624  4.8764858036709082 1.2280920313966208  4.8555125433112298 1.3565596238082502  4.847427462494065 1.4015169454709726  4.8389599615455916 1.4439837859520823  4.830115519582221 1.4836616600898767  4.8209084019795325 1.5202344576258344  4.8063599926203668 1.5707701441045743  4.8012632330987923 1.587212403641556  4.7960777131680503 1.6026687664210122  4.7908081357446095 1.6170941178030036  4.7854601751283417 1.6304452039738608  4.7766451571566861 1.650348536270436  4.7732216169027097 1.6575777099516109  4.7697716005262238 1.6643596939384915  4.7662969048850137 1.6706853079996371  4.7627994684244293 1.6765460986586149  4.7516344127141572 1.6936462529560889  4.7438894492919745 1.7031262905475837  4.7360685181087741 1.7102946949924069  4.7281955289604936 1.7150944520378284  4.7202960023769682 1.7174952082336501  4.7008638999386756 1.71750008096786  4.6893290637240375 1.7123893947728492  4.6778782056436432 1.702163652456413  4.6665886116260786 1.6869638607129274  4.6555278168107828 1.6670397687446885  4.6393327864382732 1.6304820287313218  4.6339847312870992 1.6171336826810572  4.6287150456784847 1.6027110261930078  4.6235294050430982 1.5872573077097389  4.6184325134555886 1.5708176379024452  4.6038837386475331 1.5202894815031573  4.5946763572036931 1.4837215073245824  4.5858316184876928 1.4440482603835034  4.5773637947107666 1.4015858427102501  4.5692783708551126 1.3566327412474901  4.548240996029798 1.2277894163059504  4.5360551155600426 1.1394798353891684  4.5250038810794484 1.0458480691967578  4.5150425078005156 0.94801630074247611  4.5061095577858339 0.84686579832125397  4.4890907508717577 0.62512470976778933  4.4812866238630669 0.50380507050439005  4.4746303507288925 0.37999679727210139  4.4690324794576135 0.2544246275897345  4.464409075604534 0.12763485694106466  4.4606866315529814 0 
 0 7 0.15750577173244257 5 0.29504313990226616 5 0.37488706648315695 5 0.41675039464740427 5 0.44297795322490341 5 0.49998634069988357 5 0.58321919029570946 5 0.62508293586177299 5 0.70492725555670976 5 0.84311968636145618 5 1 7
7 0 0  6 57 12  3.5531094996572867 8.9201066211353641  3.6019549823471224 8.8682203943229716  3.6517252761317551 8.818528288922538  3.7025747538352989 8.7711850178207147  3.7546526868894352 8.7263778776753558  3.8081134860865982 8.6842913919165454  3.9112246133297566 8.610851371929467  3.9604809570342301 8.5788263945325181  4.011067773816464 8.5491093911034834  4.0630956701329168 8.5218316177867166  4.1166569148914212 8.4971079885331378  4.2038676285328727 8.4622285405529869  4.2364388124594976 8.4503147132226957  4.269558625044696 8.4393200315752068  4.3032263730774991 8.4292670169210329  4.3374278292912276 8.4201775993885288  4.3903282685447147 8.4078218011727923  4.4086622091499938 8.4038422996576259  4.4271290951891515 8.4001362879417503  4.4457226138919319 8.3967066248843931  4.4644348338422164 8.3935559938259008  4.4950474301475074 8.388889347636022  4.5068816900242128 8.3872023148751946  4.5187563040354837 8.385626379144993  4.5306686250626544 8.3841621019432235  4.542615765024844 8.3828099965558422  4.5806318553354224 8.3788764114757814  4.6068201645292008 8.3767143419169745  4.6331248364644289 8.3750892816568925  4.6595099805030396 8.3740045883045369  4.6859369506454298 8.3734619863450721  4.7509448072185139 8.3734608850925039  4.7895330110576007 8.374616104868414  4.8279868013353466 8.3769265828770951  4.8661917929026544 8.3803847001041785  4.9040499405428912 8.3849759217151831  4.9602907084751644 8.3935473127850546  4.9790029026622014 8.3966972409918093  4.9975964151862931 8.4001261972395991  5.0160633126716192 8.4038314985939895  5.0343972803665258 8.4078102865418796  5.0872976628234694 8.420163960816005  5.1214990766623165 8.4292519505001717  5.1551668235374981 8.4393035188510535  5.1882866650509278 8.4502967377212652  5.2208578987447947 8.4622090874931661  5.3083313127783756 8.4971894606898069  5.3621395821138407 8.5220407016682262  5.4144003901541868 8.549469928814764  5.4652073870868829 8.5793605943759879  5.5146728006691168 8.6115794010977051  5.6177326575751643 8.6851329085594013  5.6709577164828584 8.7270944512410882  5.7228127867784409 8.7717527346194313  5.7734504742283175 8.8189254946109052  5.8230182344371322 8.8684278054757542  5.8716684611120922 8.9201066211353357 
 0 7 0.15750577173244257 5 0.29504313990226616 5 0.37488706648315695 5 0.41675039464740427 5 0.44297795322490341 5 0.49998634069988357 5 0.58321919029570946 5 0.62508293586177299 5 0.70492725555670976 5 0.84311968636145618 5 1 7
7 0 0  8 37 6  4.9875886830683109 1.0000000000000115  4.9875886830683109 1.2621695576377669  4.9840398143256994 1.5237242839352021  4.9769714126324782 1.7824981844335053  4.9663462209181555 2.0361825332822057  4.9520875425169528 2.2818949155881065  4.9340932792522372 2.5158858454070683  4.9122524859654826 2.7330967494956395  4.8646331339825641 3.0900446692551595  4.8389405547435995 3.2441941032489687  4.8098496693918609 3.3742728132267858  4.7781174883377666 3.4697410637448769  4.7447075229892235 3.5237339106646015  4.7106435283130912 3.5328851302189244  4.6769909936879719 3.4974217210775662  4.6219640860878233 3.3677365897885045  4.5997111355740348 3.2933626417305448  4.5782429383167313 3.1989576073057004  4.5577972018211197 3.0854580590588849  4.5386071134826196 2.9541003550450098  4.5208980689693172 2.8064069884894289  4.5048802299666111 2.6441745254857816  4.4770333250926049 2.3001837196977992  4.4653951629481021 2.122965571731986  4.4557828084713078 1.9397426900621451  4.4481623463512143 1.7520652788506528  4.4425066882309947 1.5612165581044277  4.4387972087457177 1.3683096556662637  4.4370258917117971 1.1743645762869594  4.4373086662553805 0.855597911189517  4.4382231083288479 0.7308807145531927  4.4399411406979929 0.60649411735466552  4.4424641896975539 0.48272145378684767  4.4457952021458294 0.3598571821350941  4.4499385675029117 0.23821513416213497  4.4549000400289254 0.11813676449300947  4.4606866609422573 -6.0000000000000008e-07 
 0 9 0.29398198323357738 7 0.54318668642271817 7 0.71942327084800195 7 0.89018045160283998 7 1 9
7 0 0  8 37 6  0 8.86381273802421  0.10486782305510214 8.86381273802421  0.20948933262948105 8.8726846009018203  0.31475761893291976 8.8903567420357952  0.42146708395071331 8.9162938524194093  0.53040916249804027 8.9494679370867978  0.64241326304413882 8.9881831324452151  0.75841651923023135 9.029866413085589  0.98241054863615362 9.1057507064110847  1.0937320858750641 9.1417506353916096  1.2104459449973968 9.1751546865185425  1.330640350267196 9.2014639000090863  1.4530101754561295 9.2166988117988335  1.576450643011404 9.2190323431330459  1.6999413389499516 9.2090078996737166  1.9085306511532136 9.1747963110684374  1.994922545409954 9.1555105803901693  2.0813050043132284 9.1317262429731976  2.1676876959874272 9.1043702770448416  2.2540797573566733 9.0746317898029378  2.3404843028574591 9.0438775693789175  2.4268920587276472 9.0135328661202969  2.5969704665631967 8.9572113179107635  2.6787760873263236 8.9317463359632363  2.7590847611055165 8.9094770374619543  2.838238654758575 8.8911028661993967  2.9165496869353853 8.8771165280996538  2.9943175667702473 8.8678323053174068  3.071844510387979 8.863404285984803  3.1993551091541357 8.8641112005401776  3.2492657821279236 8.8663973101281002  3.299256198145561 8.8706886186558123  3.3494024696055416 8.8769540167551177  3.3997809114070634 8.8851339609191839  3.450469675052664 8.8951389290178984  3.5015503827508567 8.9068478758132361  3.5531097615187694 8.9201066884746201 
 0 9 0.29398198323357738 7 0.54318668642271817 7 0.71942327084800195 7 0.89018045160283998 7 1 9
1 0 20.510000000000002 1 0 
2 0 0 1 0 -0 1 5
1 6.2831853071795862 -0 0 1 
1 0 -0 0 1 
7 0 0  6 52 11  6.2831853071795862 17.009999999999998  6.2399049389045693 17.009999999999998  6.1969794734771053 16.99126794034478  6.1549053314664688 16.954380973020861  6.1141695619955998 16.90087892619102  6.0752820340011002 16.833260346624868  6.0221216451123505 16.719582889251143  6.0059015986470037 16.681674930967386  5.9900973711588721 16.641617593716152  5.9747094336671482 16.599582442152975  5.959738161292603 16.555727710190407  5.9055971593381855 16.386366352636816  5.869059828205466 16.250044181489368  5.8354799404596047 16.103792932944103  5.8047954351502291 15.949255362842258  5.7769884343050411 15.787389756003549  5.7344044896277167 15.498391313066058  5.7181788210142548 15.374630201759411  5.7035078977211784 15.247779239641085  5.690455563154841 15.118171487609397  5.6790902513118446 14.986084448287114  5.6597298172047932 14.715364209090069  5.6517867059322553 14.576637610013947  5.6457571113954499 14.436188796013989  5.641710479089606 14.294583054675579  5.639684198386302 14.152348032864236  5.639684198386302 13.868060406595308  5.6416988679866149 13.726232334129898  5.645722372531254 13.585028169156548  5.6517177288769869 13.44497149926838  5.6596162165192805 13.306623051163914  5.6790416060755815 13.034202714618859  5.6905799456224004 12.900124314990428  5.7038561808094697 12.768601191994122  5.7187988518735766 12.639922650471853  5.7353415096292366 12.514437148658535  5.7780677252604464 12.22646423614359  5.8055729576705417 12.067058045182378  5.8358768193796546 11.914802179706465  5.8689969835699829 11.770622775377168  5.9049930740467422 11.636094797898863  5.9587766891103167 11.467074740295978  5.9740344053052015 11.422225089131429  5.9897260270130523 11.379264793253219  6.0058511820230001 11.338361607727171  6.022409395522561 11.299697777170669  6.0758506111293551 11.185753261876966  6.1146453277457189 11.118497364043691  6.1552739882242955 11.065295974840064  6.1972306781086042 11.028622227261094  6.2400320111937342 11.01  6.2831853071795862 11.01 
 0 7 0.1117582538708863 5 0.1626595224714483 5 0.3011038110784876 5 0.39980156473380191 5 0.49999535021433417 5 0.59990164949103608 5 0.70008812225881301 5 0.83661370531116341 5 0.88856036690960571 5 1 7
7 0 0  6 52 11  0 29  0.072133947125027589 29  0.14367621599872951 28.988760591431198  0.21423305250560404 28.96662925359588  0.28338515804125597 28.934862680230388  0.35061084588822811 28.895574730594358  0.444558586449328 28.831250268869372  0.47353426589385811 28.810012802900957  0.50210597306225979 28.787828298903523  0.53029108383382928 28.764851050183921  0.55810572391182844 28.741227586357542  0.66025292293359616 28.65146111524405  0.7323794853972152 28.582011118685852  0.80244666071045967 28.511342113219804  0.87090427926620251 28.441528902603501  0.93821094019397933 28.3743126959452  1.0523390932818437 28.266480461979153  1.0994935041281437 28.22376843265609  1.1463878775428229 28.183907939368208  1.1931071569799439 28.14754509599355  1.239742377313761 28.115271365117923  1.3337590698993553 28.059523165428299  1.3811496458884955 28.03618444917651  1.4285410281861575 28.01821869239642  1.4759353280477843 28.006078854662608  1.5233469825068187 28  1.6181095245964614 28  1.6653855296216085 28.006044021093825  1.7126443185365745 28.018114476775487  1.7599000676650189 28.035978923497137  1.8071547687410805 28.059189354136308  1.901739383750451 28.115137894603716  1.9490759296525428 28.147906557788776  1.9964994166968195 28.184887052218045  2.044105359132383 28.225460597327338  2.0919829100884768 28.268950758942918  2.2059579025843421 28.376904201067571  2.2723679558996803 28.443255786951955  2.3399055770401254 28.512095957102833  2.409011114259394 28.581750637601029  2.4801170019810117 28.650229834560218  2.5817027356034403 28.739715920765246  2.6100700448088427 28.76385863560159  2.6388224622126817 28.787333712152648  2.6679771468983033 28.8099856390414  2.6975526072538485 28.831650466315065  2.7919645375788664 28.896147965604186  2.8590150979175486 28.935232999592287  2.9279778361049997 28.966823073016851  2.9983351100241644 28.988826493431421  3.0696704936133732 29  3.1415926535897931 29 
 0 7 0.1117582538708863 5 0.1626595224714483 5 0.3011038110784876 5 0.39980156473380191 5 0.49999535021433417 5 0.59990164949103608 5 0.70008812225881301 5 0.83661370531116341 5 0.88856036690960571 5 1 7
7 0 0  6 52 11  0 11.01  0.043280368319739561 11.01  0.086205833692207037 11.028732059693551  0.12827997566999833 11.065619026934458  0.16901574516998025 11.119121073743752  0.20790327322045155 11.186739653464869  0.26106366206721771 11.300417110748818  0.27728370853262224 11.338325069032729  0.29308793602070915 11.378382406283828  0.30847587351239253 11.420417557846891  0.3234471458869988 11.464272289809642  0.3775881478413744 11.633633647363096  0.41412547897419089 11.769955818510981  0.44770536671988148 11.916207067055304  0.47838987202940492 12.070744637158093  0.50619687287451354 12.232610243996245  0.54878081755185615 12.521608686933844  0.56500648616532645 12.645369798240559  0.5796774094583993 12.772220760358818  0.59272974402473455 12.901828512390487  0.60409505586774337 13.033915551712923  0.62345548997478417 13.30463579090979  0.6313986012473557 13.443362389986497  0.63742819578410714 13.583811203985361  0.64147482808999357 13.725416945324802  0.64350110879328426 13.867651967135679  0.64350110879328426 14.151939593404581  0.64148643919298254 14.293767665870179  0.63746293464831416 14.434971830843519  0.63146757830260025 14.575028500731683  0.62356909066031585 14.713376948835958  0.6041437011040075 14.985797285381125  0.59260536155719179 15.119875685009516  0.57932912637011769 15.251398808005872  0.56438645530600484 15.380077349528188  0.54784379755035106 15.505562851341452  0.505117581919174 15.79353576385618  0.47761234950900372 15.952941954817991  0.44730848779999688 16.10519782029305  0.4141883236095279 16.249377224623217  0.37819223313286282 16.383905202101083  0.32440861806821214 16.552925259707333  0.30915090187465594 16.597774910867241  0.29345928016768286 16.640735206743795  0.27733412515690375 16.681638392272617  0.26077591165571928 16.720302222832117  0.20733469605019758 16.834246738123099  0.16853997943384863 16.901502635956291  0.12791131895528393 16.954704025159998  0.085954629070978686 16.99137777273889  0.043153295985844241 17.009999999999998  0 17.009999999999998 
 0 7 0.11175825375488996 5 0.16265952236106263 5 0.30110381098348493 5 0.39980156464964117 5 0.49999535014116503 5 0.59990164942868596 5 0.70008812220720795 5 0.83661370527399581 5 0.88856036688155571 5 1 7
7 0 0  6 52 11  3.1415926535897931 29  3.213726600789359 29  3.2852688695713512 28.988760591407662  3.3558257060250161 28.966629253624863  3.424977811602921 28.934862680265482  3.4922034995521849 28.895574730543583  3.58615124003909 28.831250268869397  3.6151269194837181 28.8100128029009  3.6436986266520446 28.787828298903538  3.6718837374235451 28.764851050183992  3.699698377501651 28.741227586357514  3.8018455765233377 28.651461115244096  3.8739721389871518 28.582011118685717  3.9440393143000412 28.511342113220014  4.0124969328561093 28.441528902603388  4.0798035937836898 28.374312695945282  4.1939317468715975 28.266480461979196  4.241086157717926 28.223768432656104  4.2879805311325816 28.183907939368236  4.3346998105696928 28.147545095993575  4.381335030903565 28.11527136511792  4.4753517234891005 28.059523165428327  4.5227422994783879 28.036184449176449  4.5701336817758236 28.018218692396481  4.6175279816376564 28.006078854662587  4.6649396360965829 28  4.7597021781862168 28  4.8069781832114362 28.006044021093818  4.8542369721263761 28.018114476775498  4.9014927212548418 28.035978923497158  4.948747422330829 28.059189354136283  5.0433320373402397 28.115137894603716  5.0906685832423069 28.147906557788758  5.1380920702866106 28.184887052218045  5.1856980127221988 28.225460597327345  5.233575563678265 28.268950758942907  5.3475505561740446 28.376904201067486  5.4139606094895729 28.443255786952058  5.4814982306297972 28.512095957102698  5.5506037678493225 28.581750637601175  5.6217096555707702 28.650229834560189  5.7232953891952283 28.739715920766997  5.7516626983980643 28.763858635600908  5.7804151158003778 28.787333712151025  5.8095698004875915 28.80998563904123  5.8391452608459495 28.831650466316646  5.9335571911687186 28.896147965604225  6.0006077515073333 28.93523299959228  6.0695704896948719 28.966823073016879  6.1399277636139313 28.988826493431414  6.2112631472031792 29  6.2831853071795862 29 
 0 7 0.11175825375488996 5 0.16265952236106263 5 0.30110381098348493 5 0.39980156464964117 5 0.49999535014116503 5 0.59990164942868596 5 0.70008812220720795 5 0.83661370527399581 5 0.88856036688155571 5 1 7
1 0 20.510000000000002 1 0 
2 0 0 1 0 -0 1 5
8 16.610000000000003 21.41
1 3.9169901502005469 0 0 1 
8 16.610000000000003 21.41
1 -19.010000000000002 -1.570714214271419 1 0 
1 6.2831853071795862 -0 0 1 
1 0 -0 0 1 
7 0 0  7 8 2  5.3558899391780201 17.009999400000154  5.4883607060353867 17.539882527041442  5.6208314728927675 18.008345811915206  5.7533022397501199 18.400202179933331  5.8857730066075291 18.702901664404635  6.0182437734648104 18.907633632803481  6.1507145403222196 19.010000000000002  6.2831853071795862 19.010000000000002 
 5.355889939178021 8 6.2831853071795862 8
7 0 0  7 8 2  0.92729536800156576 -5.9999985069225659e-07  0.79482460114419928 0.52988252704143557  0.66235383428690398 0.99834581191521465  0.52988306742935265 1.3902021799383419  0.39741230057228449 1.6929016644046442  0.26494153371469054 1.8976336328061052  0.13247076685736645 1.9999999999999998  0 2 
 5.355889939178021 8 6.2831853071795862 8
8 8.0099999999999998 20.010000000000002
1 5.3558900891779739 0 0 1 
8 8.0099999999999998 20.010000000000002
1 -14.01 4 1 0 
7 0 0  7 8 2  5.3558899391780201 11.010000599999847  5.4883607060353867 10.480117472958561  5.6208314728927391 10.011654188086595  5.7533022397502336 9.6197978200625585  5.8857730066073586 9.3170983355958015  6.0182437734649099 9.1123663671928625  6.1507145403222196 9.0099999999999998  6.2831853071795862 9.0099999999999998 
 2.2142972855882279 8 3.1415926535897931 8
7 0 0  7 8 2  2.2142972855882275 -5.9999985069225659e-07  2.3467680524455941 0.52988252704143546  2.4792388193030774 0.99834581191549887  2.6117095861598045 1.3902021799376598  2.7441803530193738 1.6929016644053263  2.876651119874623 1.8976336328060484  3.0091218867324265 2  3.1415926535897931 2 
 2.2142972855882279 8 3.1415926535897931 8
7 0 0  7 8 2  0 9.0099999999999998  0.13247076685736633 9.0099999999999998  0.26494153371457685 9.1123663671960458  0.39741230057245502 9.3170983355921635  0.52988306742918212 9.6197978200671059  0.66235383428690398 10.011654188082048  0.79482460114419928 10.480117472958556  0.92729536800156553 11.010000599999842 
 3.1415926535897931 8 4.0688880215913574 8
7 0 0  7 8 2  3.1415926535897931 2  3.2740634204471593 2  3.4065341873043735 1.8976336328059347  3.5390049541620101 1.6929016644048716  3.6714757210193056 1.3902021799378872  3.8039464878766012 0.99834581191515781  3.9364172547339913 0.52988252704143457  4.0688880215913574 -5.9999985069225659e-07 
 3.1415926535897931 8 4.0688880215913574 8
8 8.0099999999999998 20.010000000000002
1 0.92729521800161219 0 0 1 
8 8.0099999999999998 20.010000000000002
1 -14.01 -4 1 0 
7 0 0  7 8 2  0 19.010000000000002  0.13247076685736645 19.010000000000002  0.26494153371471896 18.907633632803481  0.39741230057222765 18.702901664415549  0.52988306742952318 18.40020217993515  0.66235383428679029 18.008345811917025  0.79482460114419995 17.539882527041442  0.92729536800156642 17.009999400000154 
 0 8 0.9272953680015652 8
7 0 0  7 8 2  6.2831853071795862 2  6.1507145403222196 2  6.0182437734648957 1.8976336328059347  5.8857730066073017 1.6929016644049852  5.7533022397501767 1.3902021799374324  5.6208314728927675 0.99834581191549887  5.4883607060353867 0.52988252704143546  5.3558899391780201 -5.9999985069225659e-07 
 0 8 0.9272953680015652 8
7 0 0  6 102 21  3.1415926535897931 17.009999999999998  3.1855439566054491 17.009999999999998  3.2291168966152535 16.990682666195635  3.2717994117386775 16.952672797826487  3.3130895472805144 16.897595592121604  3.3524609698412373 16.828073035700314  3.417868247783975 16.686066941307896  3.4451066972755569 16.617432360454742  3.4711114670045391 16.542932479236931  3.4958961986272534 16.463336361894065  3.5194738126055785 16.379274422176444  3.5671720302165384 16.191691254619048  3.5909815708390922 16.086971504883664  3.6133048725921384 15.977769494067061  3.6341517434268531 15.864563096936763  3.6535159995931283 15.747676768801407  3.6892078361981864 15.507092135444571  3.7055447428000181 15.383359106441825  3.7203255470399998 15.256515358828672  3.7334868248118482 15.126894169707818  3.744960200296124 14.994772599940697  3.7646272752022218 14.722676954734485  3.7727356723113568 14.582559712167127  3.7788921160696383 14.440668168261164  3.7830244501692532 14.297584568509961  3.7850937623830774 14.153851625927015  3.7850937623830774 13.868060406595117  3.7830790927827644 13.726232334130104  3.7790555882381209 13.585028169156448  3.7730602318924134 13.444971499268641  3.7651617442500789 13.306623051163633  3.7457363546937987 13.034202714618848  3.734198015146978 12.900124314990434  3.7209217799599084 12.768601191994108  3.7059791088958014 12.639922650471837  3.6894364511401467 12.514437148658567  3.6468177225939247 12.227188694616348  3.6194447646210577 12.068447890361071  3.5892971733759387 11.916793115441639  3.5563579756133619 11.773136941804619  3.5205687710337443 11.639028394414416  3.4552272341488988 11.432903459445486  3.4271552749346124 11.354367256153308  3.3976671579765791 11.282346769173166  3.3668054188271981 11.217974651459608  3.3346146381132908 11.16245288931222  3.2582019641908486 11.058875506819479  3.2130021275707348 11.017166891105486  3.1665300535137595 10.996158131468132  3.1197308507647294 10.99755451066785  3.0735376047275773 11.020857105199962  3.0050340147995134 11.085781636510754  2.9816184609840839 11.113846828570757  2.9587332150201071 11.146953134884273  2.9364324175035423 11.184680690911264  2.9147703817266701 11.226564683492162  2.8653170593956627 11.333933058691992  2.8380786099040365 11.402567639545197  2.8120738401750174 11.477067520763155  2.7872891085523221 11.556663638106007  2.7637114945740477 11.640725577823403  2.7160132769629404 11.828308745381371  2.6922037363405096 11.93302849511641  2.669880434587542 12.042230505932453  2.6490335637527749 12.155436903062856  2.6296693075863939 12.272323231199019  2.5939774709814283 12.512907864555238  2.5776405643795486 12.636640893558315  2.5628597601395775 12.763484641171381  2.5496984823677558 12.893105830292043  2.5382251068834605 13.025227400059331  2.5185580319773919 13.297323045265127  2.5104496348681962 13.437440287833134  2.5042931911099715 13.579331831738637  2.5001608570103255 13.722415431490585  2.4980915447965089 13.866148374072271  2.4980915447965089 14.15193959340499  2.500106214396828 14.293767665869954  2.5041297189414555 14.434971830843413  2.5101250752871822 14.575028500731465  2.5180235629295002 14.713376948836272  2.5374489524857782 14.985797285381006  2.5489872920326082 15.119875685009591  2.5622635272196761 15.251398808005902  2.5772061982837822 15.38007734952812  2.5937488560394488 15.5055628513415  2.636367584585686 15.79281130538382  2.6637405425584371 15.951552109638452  2.6938881338037772 16.103206884558919  2.7268273315661182 16.246863058195004  2.7626165361458996 16.380971605585771  2.8161205224592063 16.549754071153497  2.8313314779890795 16.5946494353181  2.846975008788251 16.637668125504671  2.863050882603948 16.678644025368204  2.8795587701958838 16.717396469276572  2.9330952827284356 16.832224473439918  2.9720795343407667 16.900225612131443  3.0129300062603996 16.954047573553545  3.0551298096068495 16.991157751102683  3.0981851782325132 17.009999999999998  3.1415926535897931 17.009999999999998 
 0 7 0.05676590023648205 5 0.10055939358098716 5 0.15009828925620389 5 0.19958617371428627 5 0.25028857297405843 5 0.30031705120089158 5 0.35048582742205026 5 0.41855335887357964 5 0.46533628674953847 5 0.52534707494751964 5 0.55748545908666258 5 0.60114398012961345 5 0.65053019607435381 5 0.69986555801952377 5 0.75041169161071486 5 0.80028598120499739 5 0.85030013639267776 5 0.9181578825385518 5 0.94405395412213122 5 1 7
7 0 0  6 102 21  0 45  0.073252171692759965 45  0.14587355068127136 45.011590595455935  0.21746483611319561 45.034395564015142  0.28759841952938942 45.067086146194889  0.35573870750975478 45.10743832547832  0.47153781861246608 45.187648199259193  0.52069253267817472 45.225770929241008  0.56869273459102543 45.266274093924096  0.6156478669863904 45.308432610661363  0.66166172794701028 45.351600757392966  0.75794221349381663 45.444531144017958  0.80802221293613519 45.494460949484029  0.8572486155923702 45.544189370074854  0.90578356333006382 45.593012667376577  0.95378647352041723 45.640290062850049  1.049002999205735 45.730473015458919  1.0962338508851956 45.773398693525102  1.1431989040063884 45.813495249141575  1.1899844442135834 45.850113751981475  1.2366826429713582 45.88265921342758  1.3312603276798904 45.939240482596787  1.3791511015134679 45.963054082303017  1.4270417410205787 45.981395111453601  1.4749348247825493 45.993792049792042  1.5228457848192252 46  1.6181095245965251 46  1.665385529621521 45.993955978906172  1.7126443185366393 45.981885523224506  1.7599000676649135 45.964021076502917  1.8071547687411775 45.940810645863635  1.9017393837504555 45.88486210539628  1.9490759296525344 45.852093442211221  1.9964994166968264 45.815112947781948  2.0441053591323968 45.774539402672666  2.0919829100884635 45.7310492410571  2.2056711737101744 45.62336737928743  2.2717889774425313 45.557322637193252  2.3390226720893197 45.488803881116041  2.4078066940784146 45.419463445721441  2.4785678194673637 45.351262734129975  2.602098229573425 45.24223273876612  2.6537043466387114 45.199398407427623  2.7066111299767233 45.159085610394364  2.7608530817213608 45.122303348837839  2.8164898446186517 45.090094420482586  2.9468808394090873 45.029395253589364  3.0228479912055759 45.004412116318882  3.1001689210927594 44.991610828723431  3.1778340954054136 44.992521334408409  3.254874127367597 45.006622738709474  3.3703686230956165 45.045131616913153  3.4100871890805373 45.061697652441232  3.4492187525483629 45.08110071835921  3.4877300752467435 45.102995908980525  3.5255767481040636 45.127002887804842  3.6131304722021684 45.187648199259144  3.6622851862679546 45.225770929241001  3.7102853881808753 45.266274093924146  3.7572405205762038 45.308432610661391  3.803254381536723 45.351600757392895  3.8995348670838261 45.444531144018157  3.9496148665259248 45.494460949484029  3.9988412691819466 45.544189370074641  4.0473762169197265 45.593012667376456  4.0953791271103777 45.640290062850205  4.1905956527954515 45.730473015458841  4.2378265044750529 45.773398693525138  4.2847915575962032 45.813495249141603  4.331577097803315 45.850113751981446  4.3782752965611609 45.882659213427587  4.4728529812695497 45.939240482596702  4.5207437551034264 45.963054082303096  4.5686343946101582 45.981395111453587  4.616527478372614 45.993792049792027  4.66443843840878 46  4.7597021781863527 46  4.8069781832114016 45.993955978906151  4.8542369721262837 45.981885523224534  4.9014927212547912 45.964021076502888  4.9487474223309382 45.94081064586365  5.0433320373401989 45.884862105396309  5.0906685832423397 45.852093442211235  5.1380920702866186 45.815112947781955  5.1856980127221668 45.774539402672666  5.2335755636782837 45.731049241057072  5.3472638273000346 45.623367379287366  5.4133816310322 45.557322637193458  5.4806153256792403 45.488803881115786  5.5493993476680759 45.419463445721618  5.6201604730572674 45.351262734129882  5.7213115889736228 45.261985076183635  5.7496168931898906 45.237839117045638  5.7783051953068183 45.214351915734447  5.8073937947423779 45.191677784034006  5.8369013076132008 45.16997951183459  5.9315471927170575 45.105026969236114  5.9989558801258696 45.065525336510106  6.0683106402285656 45.033570792838695  6.1390807402141139 45.011305518062137  6.2108395149174527 45  6.2831853071795862 45 
 0 7 0.05676590023648205 5 0.10055939358098716 5 0.15009828925620389 5 0.19958617371428627 5 0.25028857297405843 5 0.30031705120089158 5 0.35048582742205026 5 0.41855335887357964 5 0.46533628674953847 5 0.52534707494751964 5 0.55748545908666258 5 0.60114398012961345 5 0.65053019607435381 5 0.69986555801952377 5 0.75041169161071486 5 0.80028598120499739 5 0.85030013639267776 5 0.9181578825385518 5 0.94405395412213122 5 1 7
1 6.2831853071795862 -0 0 1 
1 0 -0 0 1 
7 0 0  8 149 22  0 8.8103850692973307  0.038726244733591431 8.6985455015930651  0.076549917160006919 8.5842924945162  0.1135139418084101 8.4678968771931533  0.14965569033251844 8.3496279970094864  0.18500821506076326 8.2297506920379568  0.2196011812262936 8.1085230292374906  0.25346149787682265 7.9861948084230381  0.38145854116335243 7.5105786886243351  0.47090029270030792 7.1496540580523273  0.55585977375749607 6.7841622251036551  0.6371331522685566 6.4168599796710319  0.71545394562449038 6.0494097959124558  0.79161886596153619 5.6825692701431798  0.8664357895691488 5.3164540064314014  0.98786215431597879 4.7232182513016046  1.0332178727373891 4.5018670349366694  1.0782217671510781 4.284084634774123  1.1239405743042195 4.0662309802697418  1.1711127909778773 3.8472694311735958  1.2199349787966194 3.6304360707003704  1.2702322622236057 3.4243652557135751  1.3371471093700806 3.1867555879644489  1.3526688235978819 3.1340440483066749  1.3685127877173351 3.0829602336301409  1.3847387690003448 3.0337743175139358  1.4013925625689299 2.9869320724978587  1.4185119520072305 2.9430425308920336  1.4361324514093574 2.9028645738678964  1.4677347611094265 2.8409627045380748  1.4815882349142295 2.816929434214364  1.4957649995275386 2.7958519089565841  1.5101969221960121 2.7782750251728547  1.5248319111748732 2.7646317251783117  1.5396299590754192 2.7552457251012363  1.5545593065480958 2.75033455009924  1.5883895877898895 2.7496106765250592  1.6069560528663827 2.7563917525535837  1.6252730849171535 2.7700547500142907  1.6433095496836434 2.7901208156065955  1.6610153459881125 2.8159278295821939  1.6783141813096671 2.8466253297327544  1.695095992210391 2.8811701274692365  1.7339554389723013 2.9707700524186254  1.7559266431561831 3.0296996484614356  1.7771799436756002 3.0934491325972759  1.7977636598714737 3.1606605418269216  1.8177414531356944 3.2303515145068378  1.8372105257768354 3.3019604419307091  1.856313674529142 3.3753654786615757  1.9186196314886481 3.6238844674573731  1.9611534877382666 3.8081927141025731  2.0027832089508277 3.9980407060443501  2.0435241789813965 4.1897034294778548  2.083565065861313 4.381784998994438  2.123291370054742 4.5746033887921014  2.1632044988021191 4.769494518562297  2.2694995497381596 5.2888312769135215  2.335505991075745 5.6116289018002163  2.402515653895001 5.9352498213549083  2.4710718452716627 6.2593555960081257  2.5417098297557503 6.5834187956412507  2.6149355629319428 6.9064662878788141  2.6912829878489792 7.2269466577606813  2.7990856385920648 7.652041089283256  2.8272964230488453 7.7609506617073762  2.8559970944511068 7.8692638969380093  2.8852132955346641 7.9768731531706898  2.9149712535714638 8.0836583500003911  2.9452983761125702 8.1894882703001315  2.9762238467311479 8.2942218620995902  3.0308541229149983 8.4733850196813378  3.0542705192245938 8.5484095567898688  3.0780291377000903 8.6226851936701525  3.1021314968954137 8.696116794725695  3.1265799845573179 8.7686123136856278  3.1513779362701611 8.8400830604076877  3.1765297141006656 8.9104439676811928  3.2419825338455683 9.0879106189077543  3.2828821488132225 9.1934969614377202  3.3246260007479953 9.2956601764715678  3.3671117741721877 9.3938220948726379  3.4102455245731331 9.4875330434981304  3.4539386221017261 9.5764638954236876  3.4981045819244123 9.6603962144105182  3.5807472702603818 9.8065970802557221  3.6190163476794348 9.8700581929672584  3.6573960737524756 9.9295381526785356  3.6958186272197557 9.9850390795013411  3.7342131864807322 10.036612918636662  3.7725038107797007 10.084353466281033  3.8106073213914287 10.128388395532868  3.8955353119763596 10.219286841578711  3.9422001925839245 10.264187263579478  3.9884317462961256 10.304069618639859  4.0342318956019652 10.339400180564718  4.0795980646544692 10.370612208514949  4.1245226801123573 10.398103728897402  4.1689926719816963 10.422235317254788  4.2775398542767693 10.474274651049226  4.3411822886545419 10.498733365111308  4.4040712935005084 10.517787330544785  4.4663556863056151 10.532252492890068  4.5281815107994232 10.542716132020816  4.589695127939315 10.549562390235049  4.6510459732316232 10.552984631441548  4.7566352287024269 10.552984631441548  4.8008822337779646 10.551204143600215  4.8451885607483183 10.547643045220974  4.8896117521476565 10.542249115775192  4.934208799152989 10.534918282968652  4.9790366528599543 10.525492789694662  5.0241527755887354 10.513757281873838  5.0872510347011373 10.493876287503127  5.1049382593170254 10.487930240620678  5.1226801414819274 10.48157871154234  5.140479431754664 10.474804302183204  5.1583388958386891 10.467588181364306  5.1762613145820904 10.459910084812622  5.194249483977587 10.451748315161073  5.2367598620917333 10.431340173665218  5.2613428417715848 10.418669251174236  5.2860572850403988 10.405011322331619  5.3109055875664088 10.390306310868935  5.3358904098477593 10.374489716393322  5.3610146772125153 10.357492614387489  5.3862815798186539 10.339241656209703  5.4324335868031008 10.303678127616276  5.4532708796786169 10.28680954529942  5.4742015763273937 10.269016085729431  5.4952212453871425 10.250259705508364  5.5163258575915881 10.230501714706261  5.5375117442755828 10.209702937313287  5.5587755558801808 10.187823871691842  5.6171290124473154 10.124929947450443  5.6544046744175542 10.081626764758411  5.6918552940743057 10.03477306084215  5.729403426559398 9.9842505932809864  5.7669781969846454 9.9299722488581192  5.8045134029658989 9.8718891730747114  5.8419456171570845 9.809997899663971  5.9327541189858524 9.6500261118898898  5.9856774674240274 9.5484327457705174  6.0378628296757642 9.4397479840967566  6.0891906254996515 9.324336819030302  6.1395350000257984 9.2027723721601813  6.1887576444993266 9.0758551355233301  6.2367016375773643 8.944627714030478  6.2831853071795862 8.8103850692973307 
 0 9 0.043630550059182413 7 0.16845307088765721 7 0.24737847674226993 7 0.27073319074897173 7 0.2880198624666257 7 0.30963405133492911 7 0.34014637612431869 7 0.41005383673745366 7 0.52272631867289199 7 0.56177734470623919 7 0.59033345066713283 7 0.63504269862531204 7 0.67326932001405493 7 0.72087502826889527 7 0.79072158762353162 7 0.84110138399760415 7 0.86064395258142046 7 0.88710982103477454 7 0.90870806504621982 7 0.94617313257741142 7 1 9
7 0 0  8 149 22  0.9454650998717371 10.200000000000003  0.9268251719210262 10.200000000000003  0.90833299133971634 10.193144146299861  0.89000855612812313 10.179991606723418  0.871868768095998 10.161062901397408  0.85392803846603682 10.136843489064825  0.83619877375630047 10.107786705843163  0.81869174194153749 10.074316056427621  0.75199310854380796 9.929574112179548  0.70426091516550016 9.7889856456346074  0.6582413591733659 9.6233609742959842  0.6138402689774537 9.4383921600883625  0.57091775101770259 9.2378869138287492  0.52929419379852027 9.0238443858232209  0.48878353487052961 8.7969255796042223  0.42452613990166527 8.4044538661080708  0.40089159721259232 8.2518983030872342  0.37790145780587375 8.0957750456975965  0.35513777547065251 7.9328068193903887  0.33247984958377086 7.760349966410101  0.31024803460977113 7.5776228641028673  0.28927437200978195 7.3856385037184404  0.26521679390846925 7.126229198114455  0.25988941117741188 7.0657931481043841  0.25473513723071095 7.0038512600552441  0.24978010239578421 6.9401734720690458  0.24506796812136433 6.8745834309530416  0.24065853065159706 6.8069385128242841  0.23662636025160197 6.7371095837705379  0.2304193427179235 6.6115572554796262  0.22801137162666632 6.556422989266852  0.2259010617195204 6.499912725603159  0.2241422650232443 6.4423084929855507  0.22277762897528844 6.3838331104870667  0.22183901558555982 6.3246641444712788  0.22134789736722174 6.2649480362683585  0.22127550998883083 6.129627009317927  0.22195361923770912 6.055359254021317  0.2233198919803773 5.982127878434933  0.22532707432636492 5.9100937267183218  0.22791009706675103 5.8394889414855324  0.23098529441203508 5.7706434532870921  0.23444956869864356 5.7040107617669022  0.24344497313290261 5.5501027429256862  0.24936891086567839 5.4634139118859686  0.25578804384542664 5.3799308731439632  0.2625690737249104 5.299480001287316  0.26961559654629536 5.2218169727966499  0.276872898610105 5.1465635518911439  0.28433062589346936 5.0731738771452761  0.30964824431125826 4.8354112780152736  0.32853118749939492 4.6756782368385332  0.34812017829211295 4.5222723048731677  0.36805979343545503 4.3753344790558737  0.38822060766772415 4.2342604745625083  0.40865229800647762 4.0978253468418444  0.42952200928060608 3.9646346420733667  0.48582006707468406 3.6218573170090274  0.52148072241063392 3.4206393009904112  0.55802460410945576 3.2294669688753022  0.59555140909970949 3.048782346978868  0.63417394975187591 2.8798015366384373  0.67399162995212203 2.7247501898293924  0.71508225995347952 2.5869312948783239  0.77216177956070775 2.4308969502528286  0.78701887577718488 2.3933451965894563  0.80204317990761287 2.3586049241535796  0.81723493302657912 2.3269005580428948  0.83259317105629116 2.2984794660026111  0.84811567859439185 2.2736131494894587  0.86379894274177815 2.2525984347356949  0.89122051325481644 2.2234445627082637  0.90288861804447407 2.2133605050041369  0.91463458775090789 2.205641104098472  0.92645047651381363 2.2004219614927925  0.93832817566214977 2.1978398657302862  0.95025936321522175 2.1980329913336849  0.96223545338376459 2.201141097743148  0.99305443911123559 2.2169574641898611  1.0119858980652736 2.2341203064036028  1.0309420742888211 2.2593545311708869  1.0498290675814679 2.2930976715887232  1.068557758762793 2.335661467146938  1.0870430208893447 2.3872277738307788  1.1052033091125142 2.4478434347548075  1.1381432229805089 2.5768973733953153  1.1529896879923909 2.6427645249554983  1.1674506106747844 2.7148792636949342  1.1814791135041149 2.7930203938908758  1.1950313699837865 2.8768795230204125  1.2080671196565673 2.9660587583693352  1.2205501831169772 3.06006840364102  1.2472671976962784 3.2806885552087985  1.2611776197515348 3.4096242025256736  1.2741782303029237 3.5444821084935234  1.2862678927756388 3.6846061065225477  1.2974470302446364 3.8293333238016838  1.3077183087726796 3.9779941526447296  1.3170873207483895 4.1299122218364648  1.3379990829651043 4.5110735060071425  1.3485339291055307 4.743674662750105  1.3572281328399727 4.9808645582626427  1.3641308708757682 5.2214962299580359  1.3692803424637325 5.4645767566553829  1.3727033855409745 5.7092248011615814  1.374414536985983 5.9546279713877341  1.374414536985983 6.3769849932709493  1.3735242909231229 6.5539729916946703  1.3717437477070629 6.7306703733122797  1.36906908666182 6.9067790787983423  1.3654929102670665 7.0819876612907215  1.3610043738837079 7.2559623432076075  1.3555892524637394 7.4283380800517351  1.3467631375884086 7.6647975863487439  1.3441542974430882 7.7305828989178558  1.3414024964064541 7.7960395216113545  1.3385067635925458 7.8611404211752296  1.3354660846314181 7.9258575783992393  1.3322794016691384 7.990161988116907  1.3289456133677868 8.0540236592055248  1.32074796285588 8.2032558720303879  1.3157597485768977 8.2882436983841519  1.310496937233016 8.3722802516378518  1.3049576011907262 8.4552688501741144  1.2991398800185066 8.5371109727677883  1.293041980486821 8.6177062585859421  1.2866621765681201 8.6969525071878682  1.274560974306173 8.8382310653706533  1.2689340204461015 8.9007516828055131  1.2631187752705946 8.9622300027418831  1.2571162898146848 9.0225908974697564  1.2509278182673877 9.0817616192533066  1.2445547975046125 9.1396717799273155  1.2379988266220796 9.196253330493585  1.2195750987424177 9.3471702008136024  1.2073319832494915 9.4387966429866452  1.1945620837531343 9.5257795153923599  1.1812993542592185 9.6076643868092955  1.1675814591118987 9.6840806714839101  1.1534493130897008 9.7547395539758455  1.1389466215016106 9.8194319140031894  1.1028168617446228 9.9622099945067824  1.0809547150909999 10.03337106595637  1.058658658384009 10.091441269669835  1.0360594262923548 10.136603865867677  1.0132931429773255 10.169280804134129  0.99050251353483543 10.190122477866884  0.96783887399392865 10.200000000000003  0.9454650998717371 10.200000000000003 
 0 9 0.043630550059182413 7 0.16845307088765721 7 0.24737847674226993 7 0.27073319074897173 7 0.2880198624666257 7 0.30963405133492911 7 0.34014637612431869 7 0.41005383673745366 7 0.52272631867289199 7 0.56177734470623919 7 0.59033345066713283 7 0.63504269862531204 7 0.67326932001405493 7 0.72087502826889527 7 0.79072158762353162 7 0.84110138399760415 7 0.86064395258142046 7 0.88710982103477454 7 0.90870806504621982 7 0.94617313257741142 7 1 9
1 6.2831853071795862 -0 0 1 
1 0 -0 0 1 
7 0 0  8 58 9  0 10.75  0.10396699144383165 10.75  0.20557646365992424 10.739152818093626  0.30487381739314218 10.718321615472785  0.40178132626083585 10.689243648518751  0.49610859876551017 10.654296083735652  0.58752460844216148 10.616135333329463  0.67549873066240662 10.577294222978896  0.82177659086963684 10.511820123210068  0.88296729619685266 10.484131940742682  0.94296927364981442 10.457364511561602  1.001941803592185 10.432024768305494  1.0600336480296204 10.40852960082392  1.1173889845369134 10.387217291605918  1.1741501397833101 10.368359606445784  1.3703452591359404 10.311964629958768  1.506962816710764 10.288384832245066  1.6423487834608617 10.28461218712186  1.7780720966955195 10.301657335732081  1.915594727997739 10.338754219874369  2.056500236226908 10.39305861796349  2.2025081809093017 10.459120413365429  2.4347239583733753 10.563324849230003  2.5132739107847755 10.598431945386785  2.5918224568787847 10.632073705934385  2.6703622109346496 10.662951892781001  2.7488949226012607 10.689909707289001  2.8274268377689156 10.712009715073364  2.9059647897702505 10.728583160654383  3.0719820135566911 10.751129697816758  3.160026995479611 10.755761549387003  3.2480106740469719 10.752372451859706  3.3353666589231787 10.74091294214524  3.4215192629496305 10.72218812681287  3.5058114982185677 10.697737290469602  3.5874144772508418 10.669543005656832  3.8152230639163065 10.581986126099812  3.9561845426662892 10.516016226848047  4.0904283115754332 10.450978800593193  4.2195188354599154 10.393658365368431  4.3449001096688047 10.348163512619179  4.4678694660026688 10.316914282631371  4.5898209871615494 10.30114789195633  4.7890136436171753 10.301147891956331  4.8655750379610874 10.307309615207982  4.9423819433661365 10.319614709019307  5.019730270772147 10.337855267987589  5.0979139667720599 10.361624371952043  5.1772391770648705 10.390294491012551  5.2580416686985014 10.42298375761442  5.4418314927872276 10.501968995956178  5.5486691978654736 10.550930576260427  5.6602745139877193 10.602828270849043  5.7761626932714503 10.653661325589033  5.8961574585106469 10.698390877492727  6.0203576593080372 10.731960335088898  6.1491071015998244 10.75  6.2831853071795862 10.75 
 0 9 0.09543530377662976 7 0.16674816539330795 7 0.34391665870727484 7 0.43444487571817803 7 0.53525442716304439 7 0.72971591508161016 7 0.85128554865080541 7 1 9
7 0 0  8 58 9  1.5707963267948966 9.2000000000000028  1.5403669634454822 9.2000000000000028  1.5106275539763061 9.1629405304301574  1.4820233749503198 9.0917602142870919  1.4549474801430313 8.9900780876027504  1.4297490803826793 8.8622194955622682  1.4067228031909815 8.7132504742970003  1.386084371280361 8.5490092032531972  1.3543787638890734 8.2469361000641825  1.3419924686375664 8.1108408149349778  1.3307603318436227 7.9689809552011006  1.3206628218523213 7.8223073565003309  1.311680969750959 7.6716084644624489  1.3037976170151364 7.5175398077999427  1.2969988377691959 7.3606524725833653  1.2770566586127363 6.8058274930286515  1.2695233096135514 6.3970899252383759  1.2684709583424514 5.983050007770899  1.2738769613118439 5.5697105632752884  1.2858053929964006 5.1633909819349855  1.304389712933739 4.7716858798575608  1.3298211464874474 4.4046975508490771  1.3789435886404871 3.9120934980190207  1.3969841109746841 3.7604143921946411  1.4162804832755498 3.6252690884311298  1.436647953635644 3.5080334995131461  1.457896116065202 3.4098347589431701  1.4798326045180896 3.3315494390443741  1.5022640952646626 3.2737979297693398  1.5503066566370889 3.1958854829978556  1.5761526461164959 3.1804737929948588  1.6020841379077071 3.1920766747960525  1.6276431221672918 3.2305823704661005  1.6523805247392453 3.2944691751668476  1.6758719201178316 3.3808152658745492  1.6977364861100808 3.4852583607408079  1.7561077391480941 3.8269712407390122  1.7886702946890729 4.1052471078295358  1.8153964089374941 4.4184373635037995  1.8364886412769226 4.7547271584331714  1.8521547392249464 5.1059410959203548  1.8625725298104467 5.4664435785464729  1.8678277582229148 5.8322960203305794  1.8678277582229155 6.4298739896974624  1.8657739063221488 6.6595565288518932  1.8616720568859144 6.8879247549191769  1.8555148095759315 7.113811848867396  1.8472842150176216 7.3359416515565998  1.8369537936814961 7.5528398227561313  1.8244898679786352 7.7627215427995964  1.7919461600421569 8.2087888160424782  1.7702694360933118 8.4474807379595269  1.7447620611992507 8.6692386840483788  1.7155886513706862 8.864365210449547  1.6830902254237499 9.0236666619396679  1.6477214259214741 9.1383649029785943  1.6100387284279978 9.2000000000000028  1.5707963267948966 9.2000000000000028 
 0 9 0.09543530377662976 7 0.16674816539330795 7 0.34391665870727484 7 0.43444487571817803 7 0.53525442716304439 7 0.72971591508161016 7 0.85128554865080541 7 1 9
1 6.2831853071795862 -0 0 1 
1 0 -0 0 1 
1 0 0 1 0 
8 3.1415926535897931 6.2831853071795862
1 9.4247779607693793 0 -1 -0 
1 0 0 1 0 
8 0 3.1415926535897931
1 3.1415926535897931 0 -1 -0 
1 6.2831853071795862 -0 0 1 
1 0 -0 0 1 
2 0 0 1 0 -0 1 9.1999999999999993
1 0 6.5 1 0 
2 0 0 1 0 -0 1 10
1 0 14.200000000000003 1 0 
1 6.2831853071795862 -0 0 1 
1 0 -0 0 1 
1 0 0 1 0 
2 0 0 1 0 -0 1 10
1 6.2831853071795862 -0 0 1 
1 0 -0 0 1 
1 0 0 1 0 
2 0 0 1 0 -0 1 5
7 0 0  8 16 3  1.5707962267948954 122.00000030000001  1.7671457801442576 121.41095163995193  1.9634953334918919 120.82190282679221  2.1598448868417108 120.26746037078556  2.3561944401735673 119.78222384653054  2.552543993540894 119.39654591161525  2.7488935468891214 119.13218234472151  2.9452431002404307 119  3.3379422069391556 119  3.5342917602888519 119.13218234459055  3.730641313637534 119.39654591178987  3.9269908669848519 119.78222384524997  4.1233404203339887 120.26746037136763  4.3196899736840351 120.8219028266758  4.5160395270353284 121.41095163995192  4.7123890803846908 122.0000003 
 1.5707962267948954 9 3.1415926535897931 7 4.7123890803846908 9
7 0 0  8 16 3  4.7123890803846926 3.0000003000000035  4.5160395270353302 2.4109516399519197  4.3196899736840351 1.82190282682825  4.1233404203394457 1.2674603708160248  3.926990866966662 0.78222384648415755  3.7306413136320771 0.39654591146427265  3.534291760287033 0.13218234478995328  3.3379422069391556 7.213765560699265e-17  2.9452431002404307 -7.213765560699265e-17  2.7488935468884392 0.13218234478927116  2.552543993542713 0.39654591146882012  2.3561944401826622 0.78222384648415755  2.1598448868435298 1.2674603708196628  1.9634953334898455 1.8219028268272268  1.76714578014426 2.4109516399519197  1.5707962267948978 3.0000003000000035 
 1.5707962267948954 9 3.1415926535897931 7 4.7123890803846908 9
7 0 0  8 9 2  4.7123888803846885 122.00000030000001  4.9087384337340509 121.41095163995193  5.1050879870826051 120.82190282679221  5.30143754043754 120.26746037078556  5.4977870937816746 119.78222384653054  5.6941366471344494 119.39654591161525  5.8904862004801757 119.13218234472151  6.0868357538302238 119  6.2831853071795862 119 
 1.5707962267948954 9 3.1415926535897931 9
7 0 0  8 9 2  1.5707962267948932 2.9999996999999965  1.7671457801442554 3.5890483600480803  1.9634953334918919 4.1780971731732279  2.1598448868417108 4.7325396291689685  2.3561944401953951 5.217776153513114  2.552543993537256 5.6034540885375463  2.7488935468900308 5.8678176552084551  2.9452431002404307 6  3.1415926535897931 6 
 1.5707962267948954 9 3.1415926535897931 9
7 0 0  8 9 2  4.7123889803846897 74  4.908738521234052 74.589048622548091  5.105088062083972 75.178097384836292  5.3014376029321042 75.732539783813991  5.4977871437838743 76.217776251665782  5.6941366846306423 76.603454139141832  5.8904862254811619 76.867817671925877  6.0868357663302239 77  6.2831853071795862 77 
 4.7123889803846897 9 6.2831853071795862 9
7 0 0  8 9 2  1.5707963267948966 3  1.3744467859455345 3.589048622548086  1.1780972450960689 4.1780973849599832  0.98174770424566304 4.7325397835920739  0.78539816339844037 5.2177762517530937  0.58904862254621548 5.6034541389817605  0.39269908169876544 5.8678176720441115  0.19634954084936207 6  0 6 
 4.7123889803846897 9 6.2831853071795862 9
7 0 0  8 9 2  3.1415926535897931 77  3.3379421944391554 77  3.5342917352859331 76.86781767217326  3.7306412761390675 76.603454138617963  3.9269908169917471 76.217776252247859  4.1233403578353318 75.732539783086395  4.319689898685283 75.178097385069123  4.5160394395353274 74.589048622548091  4.7123889803846897 74 
 0 9 1.5707963267948966 9
7 0 0  8 9 2  0 0  0.19634954084936207 0  0.39269908169922019 0.13218232795986751  0.58904862254485124 0.39654586097731226  0.78539816339889512 0.78222374827055319  0.98174770424202507 1.2674602163638156  1.1780972450970921 1.8219026150466107  1.3744467859455345 2.410951377451914  1.5707963267948966 3 
 0 9 1.5707963267948966 9
7 0 0  8 9 2  1.5707963267948966 74  1.7671458676442586 74.589048622548091  1.963495408492463 75.178097384836292  2.1598449493385488 75.732539783813991  2.3561944901866809 76.217776251665782  2.5525440310357226 76.603454139141832  2.7488935718911307 76.867817671925877  2.9452431127404308 77  3.1415926535897931 77 
 4.7123889803846897 9 6.2831853071795862 9
7 0 0  8 9 2  4.7123889803846897 3  4.908738521234052 2.410951377451914  5.1050880620843131 1.8219026150434274  5.3014376029325589 1.267460216372001  5.4977871437861481 0.78222374825963925  5.6941366846320065 0.39654586098640721  5.8904862254816166 0.13218232795702534  6.0868357663302239 1.4427530202913421e-16  6.2831853071795862 0 
 4.7123889803846897 9 6.2831853071795862 9
7 0 0  8 9 2  0 77  0.19634954084936207 77  0.39269908169762857 76.86781767217326  0.58904862254757973 76.603454138617963  0.78539816339616664 76.217776252247859  0.98174770424657254 75.732539783086395  1.1780972450955005 75.178097385069123  1.3744467859455345 74.589048622548091  1.5707963267948966 74 
 0 9 1.5707963267948966 9
7 0 0  8 9 2  6.2831853071795862 6  6.0868357663302239 6  5.8904862254817303 5.867817672041383  5.694136684632916 5.6034541390017694  5.4977871437825101 5.2177762517239898  5.3014376029339232 4.7325397836357297  5.1050880620847678 4.1780973849517977  4.908738521234052 3.589048622548086  4.7123889803846897 3 
 0 9 1.5707963267948966 9
7 0 0  8 9 2  0 119  0.19634955334936222 119  0.39269910669918318 119.13218234459055  0.58904866004513678 119.39654591178987  0.78539821340200433 119.78222384524997  0.98174776674250097 120.26746037136763  1.1780973200964127 120.8219028266758  1.3744468734455355 121.41095163995192  1.5707964267948977 122.0000003 
 3.1415926535897931 9 4.7123890803846908 9
7 0 0  8 9 2  3.1415926535897931 6  3.3379422069391556 6  3.5342917602865782 5.8678176552039076  3.730641313637534 5.6034540885302704  3.9269908669812139 5.2177761534840101  4.1233404203358077 4.7325396291707875  4.3196899736840351 4.1780971731686805  4.5160395270353257 3.5890483600480803  4.7123890803846882 2.9999996999999965 
 3.1415926535897931 9 4.7123890803846908 9
1 0 0 1 0 
2 0 0 1 0 -0 1 3
8 3.1415926535897931 6.2831853071795862
1 9.4247779607693793 0 -1 -0 
8 0 3.1415926535897931
1 3.1415926535897931 0 -1 -0 
1 6.2831853071795862 -0 0 1 
1 0 -0 0 1 
1 0 18 1 0 
2 0 0 1 0 -0 1 3
1 0 5 1 0 
2 0 0 1 0 -0 1 4
1 6.2831853071795862 -0 0 1 
1 0 -0 0 1 
7 0 0  7 26 5  0 4  0.037609300472157998 4  0.075150830857676057 3.9962871280174102  0.11251838493213799 3.9888851950202033  0.14960689255248538 3.9779110908594753  0.18630677008231272 3.9635715733542312  0.22249827081716264 3.9461600573761708  0.27931784010407334 3.9140213890468476  0.30037912385963167 3.9010128827407096  0.32122836437753932 3.8870894084961685  0.34186352450107887 3.8723137289293552  0.36228185221577236 3.8567498457924225  0.38247988064938176 3.8404629999735453  0.49119953418413442 3.748237379619904  0.57544770217137908 3.6600490590209298  0.65596304869440547 3.5638470138969334  0.73340438649852446 3.4634236890053316  0.80847368776380613 3.361641264912131  0.88191547956127359 3.2607750813352188  0.96790969889782441 3.1453788207869482  0.98117812212165434 3.1276513178413352  0.99441999167379735 3.1100586526753111  1.007639170577461 3.0926177019802448  1.0208394277563222 3.0753458134872713  1.0340244380345271 3.058260805967294  1.0471977821366902 3.0413809692309779 
 0 8 0.21080754070344324 6 0.33695680147032847 6 0.89746092450714221 6 1 8
7 0 0  7 26 5  6.2831853071795862 1.5  6.254978331825467 1.5  6.2268222344710908 1.4950490150921414  6.1988250057914005 1.4851805834517233  6.1710936525652462 1.4705260218901823  6.1437367342981668 1.4513166223136078  6.1168668998452036 1.4278858481812566  6.0748871073984123 1.3843862216825895  6.0593732192441303 1.3667309925897799  6.0440669616540763 1.3477733433823729  6.028973748618645 1.3275819137468747  6.0140992060353664 1.3062264833595703  5.9994491717089087 1.2837779718865185  5.9209613377446964 1.1560290331599459  5.8614922265419018 1.0316722429231882  5.8063298913519574 0.89230393114831863  5.7552240234322634 0.74134999168173421  5.7079507176097097 0.58087296135457978  5.6643586686501042 0.41175679227156181  5.6172248056627865 0.20122002080269127  5.6100640445504215 0.1683776815852884  5.6030327534503739 0.1352549063986728  5.5961322596882628 0.10185393728154209  5.5893641992368845 0.068176690490324793  5.5827305167162207 0.034224756499180553  5.5762334653934351 -6.0000000000000008e-07 
 0 8 0.21080754070344324 6 0.33695680147032847 6 0.89746092450714221 6 1 8
1 0 0 1 0 
2 0 0 1 0 -0 1 4
7 0 0  7 26 5  5.2359875250428969 3.0413809692309788  5.2489095808168758 3.0579388143818176  5.2618428634567538 3.0746940816689698  5.2747907515842556 3.0916295032427876  5.2877567114088295 3.108728250125953  5.3007442967276477 3.1259739322134776  5.3137571489256059 3.143350598272705  5.3998663405907461 3.2588429602116267  5.4736749130714841 3.3602399121059801  5.549120527167152 3.4625920541912047  5.6269593437565417 3.5635923237636415  5.7079042550024504 3.6603356331283639  5.7926236360967058 3.7489663781299463  5.9020462995215128 3.8415565210884339  5.9224258558174592 3.8579378661996979  5.9430294790295273 3.8735809869292988  5.9638534351066363 3.8884188425189747  5.9848947304511677 3.9023857426090869  6.006151111918955 3.9154173472386127  6.0628483890341203 3.94719461270163  6.0987022822893087 3.9642804519239649  6.1350520502229937 3.9783448729532571  6.1717808315901852 3.9891048130553739  6.2087810829572261 3.9963607510433854  6.2459500613962406 4  6.2831853071795862 4 
 0 8 0.10058174510579826 6 0.66409397919005664 6 0.79129386399039958 6 1 8
7 0 0  7 26 5  0.706951841786152 -6.0000000000000008e-07  0.70057872506587615 0.033571890184485607  0.69407413906809245 0.066881295956739861  0.6874402114262913 0.099926417135047949  0.68067878356786038 0.13270575539697943  0.67379141071408355 0.1652175142793883  0.66677936188014197 0.19745959917841294  0.61966541195207836 0.40854259997208253  0.5758972802631197 0.57870108504382811  0.52840988674783862 0.740142204705874  0.47705023919721246 0.89197617921151717  0.42159114047316826 1.0321111306914985  0.36177863429210222 1.1570634277288927  0.2827645776736572 1.2852869424172424  0.26797903143691004 1.3078597148500164  0.25296532244648756 1.3293177287511608  0.23772957795261457 1.3495880497678279  0.22227770785657683 1.3685990056722901  0.20661540471072085 1.3862801863619392  0.16471357036998444 1.4292779322665206  0.13808902054301597 1.452266182340068  0.1109897686741671 1.4711052512787135  0.083525708717472918 1.4854733710357662  0.055803120210008175 1.4951471875539006  0.027926434337509833 1.5  0 1.5 
 0 8 0.10058174510579826 6 0.66409397919005664 6 0.79129386399039958 6 1 8
1 0 4.5 1 0 
2 0 0 1 0 -0 1 3
8 -5.9999999280080374e-07 4.8000000000000114
1 1.0471975511965979 0 0 1 
8 -5.9999999280080374e-07 4.8000000000000114
1 0 -2.598076211353316 1 0 
7 0 0  5 6 2  1.0471973202564271 1.5000006000001349  1.1519171415641207 1.2279305596794732  1.2566369628718164 0.93529934719345853  1.3613567841795096 0.62831906330091414  1.4660766054872019 0.31415916392306892  1.5707964267948955 -3.0000001061125658e-07 
 1.0471973202564269 6 1.5707964267948955 6
7 0 0  5 6 2  5.2359879869231625 4.5000006000001243  5.1312681656154684 4.2279305596794625  5.0265483443077414 3.9352993471935562  4.9218285230001229 3.6283190633008289  4.8171087016923799 3.3141591639230832  4.7123888803846858 2.9999997000000036 
 1.0471973202564269 6 1.5707964267948955 6
8 -5.9999999280080374e-07 4.8000000000000114
1 5.2359877559829879 0 0 1 
8 -5.9999999280080374e-07 4.8000000000000114
1 0 2.598076211353316 1 0 
7 0 0  5 6 2  4.7123888803846903 -3.0000001061125658e-07  4.8171087016923844 0.31415916392306947  4.9218285230000873 0.62831906330091059  5.026548344307777 0.93529934719346208  5.1312681656154648 1.2279305596794727  5.2359879869231589 1.5000006000001349 
 4.7123888803846903 6 5.2359879869231598 6
7 0 0  5 6 2  1.5707964267949002 2.9999997000000018  1.4660766054872063 3.3141591639230819  1.3613567841794847 3.628319063300836  1.2566369628718395 3.935299347193542  1.1519171415641178 4.2279305596794625  1.047197320256424 4.5000006000001243 
 4.7123888803846903 6 5.2359879869231598 6
7 0 0  8 9 2  3.1415926535897931 3  3.3379422069391551 3  3.5342917602802117 2.867817655211411  3.730641313648448 2.6034540885275419  3.9269908669448341 2.2177761535167519  4.1233404203467217 1.7325396291744255  4.3196899736790328 1.1780971731720911  4.5160395270353266 0.58904836004807215  4.7123890803846882 -3.0000001061125658e-07 
 0 9 1.5707964267948955 9
7 0 0  8 9 2  0 0  0.19634955334936194 0  0.39269910669850105 0.13218234478881641  0.58904866004877476 0.39654591147063911  0.78539821339109039 0.78222384648324805  0.9817477667465937 1.2674603708205723  1.1780973200956169 1.8219028268272268  1.3744468734455384 2.4109516399519135  1.5707964267949002 3.0000002999999964 
 0 9 1.5707964267948955 9
7 0 0  8 9 2  1.5707962267948972 -3.0000001061125658e-07  1.7671457801442592 0.58904836004807237  1.9634953334946204 1.1780971731709542  2.1598448868371634 1.732539629175335  2.3561944401953951 2.217776153509476  2.5525439935317991 2.6034540885293609  2.7488935468913951 2.8678176552098193  2.9452431002404311 3  3.1415926535897931 3 
 4.7123888803846903 9 6.2831853071795862 9
7 0 0  8 9 2  4.7123888803846858 3.0000002999999982  4.9087384337340474 2.4109516399519153  5.105087987083742 1.8219028268274542  5.3014375404348115 1.267460370817389  5.4977870937803104 0.78222384648188381  5.6941366471349042 0.39654591146609164  5.8904862004810852 0.13218234478915747  6.0868357538302238 1.4427531121398515e-16  6.2831853071795862 0 
 4.7123888803846903 9 6.2831853071795862 9
1 6.2831853071795862 -0 0 1 
1 0 -0 0 1 
7 0 0  8 9 2  0 20  0.19634954084936207 20  0.39269908169956125 20.13218232797044  0.58904862254530599 20.396545860763581  0.78539816339707613 20.782223748465185  0.98174770424293456 21.267460216215113  1.1780972450968648 21.821902615065483  1.3744467859455345 22.410951377451912  1.5707963267948966 23 
 3.1415926535897931 9 4.7123889803846897 9
7 0 0  8 9 2  3.1415926535897931 3.0099999999999998  3.3379421944391554 3.0099999999999998  3.5342917352900258 2.8778176720386455  3.7306412761245156 2.613454139030182  3.9269908170026611 2.2277762517078372  4.1233403578207799 1.7425397836423144  4.3196898986889209 1.1880973849515613  4.5160394395353274 0.59904862254808589  4.7123889803846897 0.0099999999999997868 
 3.1415926535897931 9 4.7123889803846897 9
7 0 0  8 9 2  0 26  0.19634954084936207 26  0.39269908169762857 25.867817672053206  0.58904862254757973 25.603454138952657  0.78539816339616664 25.217776251767646  0.98174770424657254 24.732539783610264  1.1780972450955005 24.178097384956345  1.3744467859455345 23.589048622548088  1.5707963267948966 23 
 0 9 1.5707963267948966 9
7 0 0  8 9 2  6.2831853071795862 3.0099999999999998  6.0868357663302239 3.0099999999999998  5.8904862254813892 2.8778176720370539  5.6941366846288233 2.6134541390292725  5.4977871437879671 2.2277762517096562  5.3014376029325589 1.7425397836414049  5.1050880620838583 1.1880973849506518  4.908738521234052 0.59904862254808589  4.7123889803846897 0.0099999999999997868 
 0 9 1.5707963267948966 9
7 0 0  8 9 2  4.7123889803846897 23  4.908738521234052 23.589048622548088  5.105088062083972 24.178097384945431  5.3014376029321042 24.732539783624816  5.4977871437838743 25.217776251607575  5.6941366846306423 25.603454138996312  5.8904862254811619 25.867817672031379  6.0868357663302239 26  6.2831853071795862 26 
 4.7123889803846897 9 6.2831853071795862 9
7 0 0  8 9 2  1.5707963267948966 0.0099999999999997868  1.3744467859455345 0.59904862254808589  1.1780972450967511 1.188097384952016  0.98174770424702729 1.7425397836350385  0.78539816339753088 2.2277762517242081  0.58904862254621548 2.613454139019268  0.39269908169853807 2.8778176720397823  0.19634954084936207 3.0099999999999998  0 3.0099999999999998 
 4.7123889803846897 9 6.2831853071795862 9
7 0 0  8 9 2  4.7123889803846897 23  4.908738521234052 22.410951377451912  5.1050880620837447 21.821902615032741  5.3014376029343779 21.267460216447944  5.4977871437847838 20.782223748145043  5.6941366846324613 20.396545861032791  5.8904862254809345 20.132182327928604  6.0868357663302239 20  6.2831853071795862 20 
 1.5707963267948966 9 3.1415926535897931 9
7 0 0  8 9 2  1.5707963267948966 0.0099999999999997868  1.7671458676442586 0.59904862254808589  1.9634954084922356 1.188097384953835  2.1598449493394583 1.7425397836314005  2.3561944901994138 2.2277762517242081  2.5525440310375416 2.6134541390156301  2.7488935718920402 2.8778176720406918  2.9452431127404308 3.0099999999999998  3.1415926535897931 3.0099999999999998 
 1.5707963267948966 9 3.1415926535897931 9
7 0 0  5 6 2  1.5707963267948966 23  1.5714630346974012 22.997999876292486  1.5721297425999055 22.995999752585078  1.5727964505024161 22.993999630729576  1.573463158404915 22.991999512578737  1.5741298663074197 22.989999399984384 
 1.5707963267948966 6 1.5741298663074195 6
7 0 0  5 6 2  4.7123889803846897 0.0099999999999997868  4.7117222724821852 0.0079998762924860418  4.7110555645796879 0.0059997525849729977  4.7103888566771701 0.0039996307296536193  4.7097221487746737 0.001999512578726265  4.7090554408721692 -6.0001562474099046e-07 
 1.5707963267948966 6 1.5741298663074195 6
8 19.400000000000006 26.599999999999994
1 1.5741296663011002 0 0 1 
8 19.400000000000006 26.599999999999994
1 -23 -2.9999833332870338 1 0 
7 0 0  5 6 2  1.5707963267948966 23  1.5714630346974012 23.002000123707514  1.5721297425999055 23.004000247415092  1.5727964505024161 23.006000369270424  1.573463158404915 23.008000487421263  1.5741298663074197 23.010000600015616 
 4.7123889803846897 6 4.7157225198972128 6
7 0 0  5 6 2  4.7123889803846897 0.0099999999999997868  4.7130556882871941 0.0079998762924859083  4.7137223961897092 0.0059997525849685499  4.7143891040922128 0.0039996307296591774  4.7150558119947048 0.0019995125787263981  4.7157225198972093 -6.0001562474099046e-07 
 4.7123889803846897 6 4.7157225198972128 6
7 0 0  5 6 2  4.7090554408721674 23.010000600015616  4.7097221487746719 23.008000487421263  4.7103888566771843 23.006000369270367  4.7110555645796879 23.004000247415121  4.7117222724821852 23.002000123707514  4.7123889803846897 23 
 1.5674627872823739 6 1.5707963267948966 6
7 0 0  5 6 2  1.5674627872823765 -6.0001562296463362e-07  1.568129495184881 0.0019995125787279078  1.5687962030873805 0.0039996307296508368  1.5694629109898841 0.005999752584972505  1.5701296188923921 0.0079998762924861737  1.5707963267948966 0.0099999999999997868 
 1.5674627872823739 6 1.5707963267948966 6
8 19.400000000000006 26.599999999999994
1 4.7090556408784856 0 0 1 
8 19.400000000000006 26.599999999999994
1 -23 2.9999833332870338 1 0 
7 0 0  5 6 2  4.7090554408721665 22.989999399984384  4.709722148774671 22.991999512578737  4.7103888566771843 22.993999630729689  4.7110555645796879 22.995999752585021  4.7117222724821852 22.997999876292486  4.7123889803846897 23 
 4.7090554408721665 6 4.7123889803846897 6
7 0 0  5 6 2  1.5741298663074168 -6.0001562474099046e-07  1.5734631584049121 0.0019995125787263981  1.5727964505024232 0.0039996307296569708  1.5721297425999055 0.0059997525849646571  1.5714630346974012 0.0079998762924859083  1.5707963267948966 0.0099999999999997868 
 4.7090554408721665 6 4.7123889803846897 6
1 0 0 1 0 
2 0 0 1 0 -0 1 3
8 0 3.1415926535897931
1 3.1415926535897931 0 -1 -0 
8 3.1415926535897931 6.2831853071795862
1 9.4247779607693793 0 -1 -0 
1 6.2831853071795862 -0 0 1 
1 0 -0 0 1 
1 0 0 1 0 
2 0 0 1 0 -0 1 9.3000000000000007
2 0 0 1 0 -0 1 9.3000000000000007
1 0 1 1 0 
2 0 0 1 0 -0 1 10.25
1 0 11.700000000000003 1 0 
2 0 0 1 0 -0 1 10.25
1 0 11.700000000000003 1 0 
1 6.2831853071795862 -0 0 1 
1 0 -0 0 1 
1 0 2.976995129320839 1 0 
2 0 0 1 0 -0 1 7.75
1 3.1415926535897931 9.3999999999999986 -1 0 
1 9.4247779607693793 9.3999999999999986 -1 0 
2 0 0 1 0 -0 1 10.25
1 0 11.700000000000003 1 0 
2 0 0 1 0 -0 1 10.25
1 0 11.700000000000003 1 0 
1 6.2831853071795862 -0 0 1 
1 0 -0 0 1 
1 0 2.976995129320839 1 0 
1 3.1415926535897931 9.3999999999999986 -1 0 
1 0 2.976995129320839 1 0 
1 9.4247779607693793 9.3999999999999986 -1 0 
1 0 0 1 0 
2 0 0 1 0 -0 1 9.3000000000000007
7 0 0  8 9 2  0 71  0.19634954084936207 71  0.39269908169956125 71.132182327855844  0.58904862254530599 71.396545861178311  0.78539816339707613 71.782223747752141  0.98174770424293456 72.267460216477048  1.1780972450968648 72.821902614959981  1.3744467859455345 73.410951377451909  1.5707963267948966 74 
 3.1415926535897931 9 4.7123889803846897 9
7 0 0  8 9 2  3.1415926535897931 6  3.3379421944391554 6  3.5342917352782024 5.8678176720377451  3.7306412761699903 5.6034541390163213  3.9269908169371774 5.2177762517239898  4.1233403578589787 4.7325397836357297  4.3196898986775523 4.1780973849481597  4.5160394395353274 3.589048622548086  4.7123889803846897 3 
 3.1415926535897931 9 4.7123889803846897 9
7 0 0  8 16 3  1.5707963267948966 74  1.7671458676442586 73.410951377451909  1.963495408492463 72.821902614959981  2.1598449493385488 72.267460216302425  2.3561944901866809 71.782223748159595  2.5525440310357226 71.396545860974584  2.7488935718911307 71.132182327928604  2.9452431127404308 71  3.3379421944391554 71  3.5342917352854784 71.132182327855844  3.7306412761427055 71.396545861178311  3.9269908169844712 71.782223747752141  4.1233403578389698 72.267460216477048  4.3196898986843735 72.821902614959981  4.5160394395353274 73.410951377451909  4.7123889803846897 74 
 1.5707963267948966 9 3.1415926535897931 7 4.7123889803846897 9
7 0 0  8 16 3  4.7123889803846897 3  4.5160394395353274 2.410951377451914  4.3196898986889209 1.8219026150447917  4.1233403578207799 1.267460216366544  3.9269908169844712 0.78222374826327723  3.7306412761172396 0.39654586098095024  3.5342917352891163 0.13218232795884433  3.3379421944391554 7.2137651014567104e-17  2.9452431127404308 -7.2137651014567104e-17  2.7488935718877201 0.13218232795975382  2.5525440310384511 0.39654586097549327  2.3561944901848619 0.78222374827691965  2.1598449493440057 1.2674602163624513  1.9634954084908713 1.8219026150463833  1.7671458676442586 2.410951377451914  1.5707963267948966 3 
 1.5707963267948966 9 3.1415926535897931 7 4.7123889803846897 9
7 0 0  8 9 2  4.7123889803846897 74  4.908738521234052 73.410951377451909  5.1050880620837447 72.821902614959981  5.3014376029343779 72.267460216302425  5.4977871437847838 71.782223748159595  5.6941366846324613 71.396545860974584  5.8904862254809345 71.132182327928604  6.0868357663302239 71  6.2831853071795862 71 
 1.5707963267948966 9 3.1415926535897931 9
7 0 0  8 9 2  1.5707963267948966 3  1.7671458676442586 3.589048622548086  1.9634954084917808 4.1780973849545262  2.1598449493412772 4.7325397836211778  2.3561944901957759 5.2177762517239898  2.5525440310375416 5.6034541390181403  2.748893571890676 5.8678176720404736  2.9452431127404308 6  3.1415926535897931 6 
 1.5707963267948966 9 3.1415926535897931 9
1 0 0 1 0 
2 0 0 1 0 -0 1 10.25
8 3.1415926535897931 6.2831853071795862
1 9.4247779607693793 0 -1 -0 
8 0 3.1415926535897931
1 3.1415926535897931 0 -1 -0 
1 6.2831853071795862 -0 0 1 
1 0 -0 0 1 
1 0 0 1 0 
2 0 0 1 0 -0 1 10.25
8 3.1415926535897931 6.2831853071795862
1 9.4247779607693793 0 -1 -0 
8 0 3.1415926535897931
1 3.1415926535897931 0 -1 -0 
1 6.2831853071795862 -0 0 1 
1 0 -0 0 1 
1 0 0 1 0 
2 0 0 1 0 -0 1 10.25
8 3.1415926535897931 6.2831853071795862
1 9.4247779607693793 0 -1 -0 
8 0 3.1415926535897931
1 3.1415926535897931 0 -1 -0 
1 6.2831853071795862 -0 0 1 
1 0 -0 0 1 
7 0 0  8 58 9  0 10.75  0.10737144831683748 10.75  0.21236186367503301 10.741965839811428  0.31501404464322369 10.726522716946477  0.41524529543579858 10.705007685034008  0.51285691408720102 10.679276758112042  0.60750456991822732 10.651389157965268  0.69863546363451923 10.623264692500682  0.89178537877233388 10.563481713236632  0.99441890144031375 10.531592105750505  1.0941408070261553 10.502766900465197  1.191610299346004 10.478453714210671  1.2874317497556507 10.459616488389088  1.3821826767354273 10.446846714466645  1.4764266779216955 10.44044767603552  1.6755100586791873 10.44044767603552  1.7800047781451209 10.448326460401614  1.8851837988860787 10.46402785415898  1.9918499746514189 10.487098993849436  2.1008017247682336 10.516662808687512  2.212873934384048 10.551242814424059  2.3290088723669964 10.588553236634642  2.5533977357024389 10.656579878658997  2.6647849679593425 10.688836991508724  2.7815126273985022 10.718773667868557  2.9016957253693141 10.74236910501137  3.0240351146940547 10.75602694177414  3.1474264211213012 10.758097192799029  3.2708421270570116 10.749090345314983  3.4714665874316997 10.71956904615017  3.550005403975951 10.704222954169909  3.6285390435075153 10.685506764678536  3.7070728819792951 10.664031833905048  3.7856121354207373 10.640572713236521  3.8641584811678151 10.616019852400894  3.9427063082015237 10.591315062019987  4.1076081105699052 10.541034755959464  4.1940238344863623 10.515598769255066  4.280436950930671 10.492284988520103  4.366833295202813 10.472266368943346  4.4532132836565568 10.456538994057357  4.5395880710813561 10.445813346555481  4.6259766969535745 10.44044767603552  4.8067691086394255 10.44044767603552  4.9010145085280783 10.446848105444602  4.9957619545458511 10.459618643737905  5.0915778591733103 10.478454990850281  5.189042193947782 10.502766440410507  5.2887613959118127 10.53159054873856  5.3913958007320772 10.563480435655331  5.5845178921603278 10.623254803037513  5.6756544707350889 10.651381079968326  5.7703261290883017 10.679277507884247  5.8679667186192797 10.705017177498965  5.9682217279509837 10.726534703941471  6.0708835831202101 10.741972834619473  6.1758606413471204 10.75  6.2831853071795862 10.75 
 0 9 0.12630763423367436 7 0.28118429809299883 7 0.45303736365107117 7 0.59874038115121297 7 0.69248758326885529 7 0.79559040185542895 7 0.90820005473402987 7 1 9
7 0 0  8 58 9  1.5707963267948966 8.7000000000000028  1.5446081686688384 8.7000000000000028  1.5190007054751113 8.6670614140730109  1.4943964455372589 8.6037386114289482  1.4711670593624537 8.5132513321041046  1.4496370356318786 8.39949113609641  1.4300718508800425 8.2670332699279037  1.412655800050731 8.1211431863574202  1.3788374400210148 7.7796991494085335  1.3630627941795546 7.5754018175786859  1.3500624447396412 7.359446387539534  1.3397568784023246 7.1351951157315341  1.3320760146254509 6.9052082832377071  1.3269681654287433 6.671534706781463  1.3244085353855883 6.4359241221830059  1.3244085353855883 5.9382156702892761  1.3275601790258786 5.6769778732280143  1.3338402519270451 5.4184079756169012  1.3432905150470191 5.1647834039741944  1.355992710848797 4.9189778575350651  1.3720545157301758 4.6847579555457246  1.3915919615685166 4.4672282947618029  1.4342804346215465 4.1096511834556706  1.4573084977949549 3.9554835531221917  1.4833903863339744 3.8254834084048635  1.511856610353159 3.730115935807679  1.5418408278688811 3.6762258169601707  1.5724103771449736 3.667155758226615  1.6025967854449039 3.7026432251022898  1.650079695990835 3.8273764111350128  1.6682634760205781 3.8932795813513117  1.6858747844416175 3.9757875962605889  1.7027512214930698 4.0742185130460991  1.7187343426072885 4.1876825302430234  1.7336715473752546 4.3150910321637896  1.7474197106061202 4.4551646051467531  1.7735219516938325 4.772812161352836  1.7856102773779945 4.9528590809494757  1.7959367948560889 5.1446203877678158  1.8043541361140856 5.3459373428311707  1.8107475534522488 5.5545187906066404  1.8150378605784403 5.7679977614562343  1.8171841182042046 5.9839692914222153  1.8171841182042046 6.4359503206368407  1.8146239285508003 6.6715644701352481  1.8095157836122002 6.9052281652798273  1.8018351956307734 7.1352004715593624  1.7915303090915291 7.3594400393029922  1.778530564179015 7.5753911327482166  1.7627559362778977 7.7796918526407648  1.7289424478642355 8.1210867037553776  1.7115264804009771 8.2669980393870119  1.6919569033106561 8.3995005717204219  1.6704201514979704 8.5132942939964735  1.6471844562619078 8.603787685458455  1.622577282646289 8.667090121303719  1.5969730745589128 8.7000000000000028  1.5707963267948966 8.7000000000000028 
 0 9 0.12630763423367436 7 0.28118429809299883 7 0.45303736365107117 7 0.59874038115121297 7 0.69248758326885529 7 0.79559040185542895 7 0.90820005473402987 7 1 9
1 0 11.700000000000003 1 0 
2 0 0 1 0 -0 1 6.5785
1 6.2831853071795862 -0 0 1 
1 0 -0 0 1 
1 0 0 1 0 
2 0 0 1 0 -0 1 6.5785
1 0 33.5 1 0 
2 0 0 1 0 -0 1 2.5
1 6.2831853071795862 -0 0 1 
1 0 -0 0 1 
1 0 0 1 0 
2 0 0 1 0 -0 1 10.25
8 3.1415926535897931 6.2831853071795862
1 9.4247779607693793 0 -1 -0 
8 0 3.1415926535897931
1 3.1415926535897931 0 -1 -0 
1 6.2831853071795862 -0 0 1 
1 0 -0 0 1 
7 0 0  8 149 22  0 8.8103850692973324  0.046961305166857384 8.9460071030065205  0.09541883719094045 9.0785682084534933  0.14518274015975097 9.2067226184477207  0.19608920048822773 9.3293902300002092  0.24799387658029917 9.4457455293442862  0.30076529844621674 9.5552016915925009  0.3542782372756681 9.6573898550296686  0.44500125631615256 9.816185812814318  0.48174844824468843 9.8766106396445643  0.51858963694857008 9.9333661615957123  0.5554649289899467 9.9864586841641607  0.59231179673059131 10.035936223333158  0.62906335376566713 10.081882021626186  0.66564663035749427 10.124408064160356  0.72362615958855492 10.187025276822121  0.74519461006635579 10.209248397637056  0.76668301078431578 10.230359348514588  0.78808787986300088 10.250399349242105  0.80940539859123661 10.26940927602711  0.83063136695539785 10.287429489499921  0.85176115916869699 10.304499662716385  0.89764047159338045 10.339754704499965  0.92235165698838928 10.357579660965992  0.94692643874750848 10.374206104996198  0.97136777362861715 10.389702616364481  0.99567837178546525 10.404133728181112  1.0198606967676744 10.417559926892739  1.0439169655207376 10.430037652282385  1.0860218015781895 10.450413698822778  1.1041247782702339 10.458692400919345  1.1221609262923185 10.466479092749802  1.1401330774975871 10.4737959952349  1.1580440477621627 10.480663861225478  1.1758966369851467 10.487101975502451  1.1936936290886182 10.493128154776814  1.2571814218678192 10.513274155323803  1.3025721406186352 10.525160255080054  1.3476695477055478 10.534702791353599  1.3925321060886575 10.542122289153475  1.4372177521848575 10.547580252944343  1.4817844642088038 10.551183214738984  1.5262907889227002 10.552984631441548  1.6163399976721411 10.552984631441548  1.6618845947241043 10.551098195734673  1.7074939835927234 10.547325169523154  1.7532308440042901 10.541606923426647  1.7991572139212182 10.53382663749851  1.845335082101675 10.52380712745086  1.8918270290670491 10.511306213088462  1.979696923204276 10.482628755064725  2.0210062877166513 10.467102121548237  2.0626466277006776 10.449222491916245  2.1046393616534984 10.428746410828602  2.1470065014174504 10.405391990419892  2.1897714447143817 10.378836696628662  2.2329597676799811 10.348715135526618  2.3087639146680954 10.289485588272994  2.3411853129190736 10.262184646331535  2.3738332911402602 10.232580271728203  2.4066806136327306 10.200536773431672  2.4397031734042867 10.165918664371103  2.4728794355643342 10.128592814332675  2.5061898807187575 10.088430602856123  2.5643448430719866 10.013410251753685  2.5891274949062968 9.9799034379995888  2.6139390366823232 9.944765624112156  2.6387554160216973 9.9079802614947674  2.6635536338620649 9.8695392256521632  2.688311482966069 9.8294437821316141  2.7130072864303325 9.7877055524640575  2.7822206998339172 9.665776512152437  2.8264440411098679 9.5820687977368255  2.8702003514214049 9.4933409322345064  2.9134016788159554 9.3998090791045961  2.9559580644873797 9.3018009988214185  2.9977743061940778 9.1997661196208558  3.0387468485970586 9.0942836500608593  3.104229790314621 8.9171896430772311  3.1293419854372306 8.8471181772914385  3.1541025913332636 8.7759351125383755  3.1785157176532106 8.7037252170270438  3.2025844530616538 8.6305769937760122  3.2263109400483052 8.5565824237136141  3.2496964497390475 8.4818367087781326  3.3047209198281942 8.3018075521222183  3.3360538553765045 8.1958896583020753  3.3667729120295116 8.0888402199809182  3.3969082351661108 7.9808062966900328  3.4264880964000373 7.8719247430069332  3.4555395231134391 7.7623208304936817  3.4840889279904292 7.6521068696351895  3.592564412439327 7.2242682414606847  3.6692263769267885 6.9023193761726809  3.7427432330398114 6.577793622048798  3.8136559241861043 6.2522584065916966  3.8824765977680986 5.9266944950366156  3.9497478839335773 5.6016320534887623  4.0160200936049977 5.2774134841877203  4.1213383266701875 4.7628699311692912  4.1600992863543826 4.5736563003609678  4.1987005382054621 4.3863361739354314  4.2375826168610313 4.1997922179057117  4.2770868903123684 4.0137878431269129  4.3173900732869575 3.8295497496910338  4.3585199261779266 3.6502920725646382  4.4265590594963662 3.3754905450588737  4.4528610993298186 3.2743682083512202  4.4799107985562765 3.1764150003493441  4.5080877212397352 3.0819963564009671  4.5376065506096603 2.9931214425291199  4.5685867278981425 2.9133571756644887  4.6011606435286954 2.8476070221033289  4.6552021735350744 2.7756675340040173  4.6754401543455995 2.7559544897878974  4.6960471291955672 2.7441886624993126  4.7168077376992645 2.741297863977886  4.7375413489485227 2.7475345836688425  4.7580630465672193 2.7624730468562637  4.7781445698360905 2.7850107853953672  4.8284472932982121 2.8588201951488754  4.8578860320019395 2.9198002714492457  4.8859971112275353 2.9919953762918627  4.9128893719159388 3.0717881634196678  4.9386680344974225 3.1565049222145594  4.9635038775253308 3.2445623137331276  4.9876794875112243 3.3355317521206329  5.0557763222129033 3.6046902972966306  5.0990580456890653 3.7913826153584758  5.1413864449817019 3.9839848757878848  5.1827668627572621 4.1784367614818603  5.2233932754645949 4.3732244963427789  5.2636783896082004 4.5687165293293344  5.3041631056530649 4.7663966906286692  5.4195291629543636 5.3300526058854327  5.4940094330127387 5.6943339598379907  5.56984345610595 6.0593203509614124  5.647827644564881 6.4248899605237302  5.7287463064988859 6.7902882931268209  5.8133234970122238 7.153868781975488  5.9023438770430205 7.5129093620074894  6.0298518555226899 7.9866573697509011  6.0636962195972011 8.1089158285689322  6.0982725776395101 8.2300744721080044  6.1336077679862955 8.3498837468302565  6.169731382612504 8.4680858795675995  6.2066763960616713 8.584416369302641  6.244480094826482 8.6986062421156198  6.2831853071795862 8.8103850692973324 
 0 9 0.054012123526373086 7 0.090527449617475914 7 0.11228065118970638 7 0.13798784767025934 7 0.15750833891896143 7 0.20783126087061735 7 0.25932801171382802 7 0.30437542376561977 7 0.33757643299153717 7 0.3621379634935481 7 0.40664693543251407 7 0.43497701776008996 7 0.47429055861851138 7 0.58688213163378777 7 0.6543004519004727 7 0.69633986607280518 7 0.72022524910097308 7 0.7584950638250969 7 0.82910928945354634 7 0.95558890895814352 7 1 9
7 0 0  8 149 22  2.1961275537180565 10.200000000000003  2.1735238814331912 10.200000000000003  2.1506215922789282 10.189918451446839  2.1275900375837415 10.168630544661754  2.104586327905428 10.135238700047644  2.0817584426717337 10.089078082490404  2.0592473981828565 10.029724840476131  2.0371884739758395 9.9570070699241615  2.001191816664269 9.8128852473483725  1.9869891610087758 9.7488907268758709  1.973146750994065 9.6791649846168202  1.9597056330957154 9.6039099725077044  1.9467042598453828 9.5234014313412807  1.9341780698209952 9.4379907709847082  1.9221590676369489 9.348106950597721  1.9038342641157069 9.1983501265527448  1.8971794473378654 9.1410050142175905  1.8907127729624418 9.0822914978021956  1.8844359110931246 9.022280503235466  1.8783503606191521 8.9610454282458729  1.8724574272588324 8.8986621641890213  1.8667582016030646 8.835209117875209  1.8547483112519081 8.6946119980235057  1.8485143095488934 8.6170702569387725  1.8425499850808713 8.5382393758923349  1.8368537288045861 8.4582150593200911  1.8314238696024701 8.3770913503442834  1.8262586742826452 8.2949606307734918  1.8213563475789207 8.2119136211026493  1.8131906977386105 8.0643503516195132  1.8098164915602579 8.0001779015715666  1.8065912483994309 7.9355537194544548  1.8035138468530296 7.8705084845889495  1.80058320933117 7.805071866531339  1.7977983020571775 7.7392725250734067  1.7951581350675909 7.6731381102424514  1.7862262286609982 7.4354086789571401  1.7807465927090029 7.2620796117778017  1.7762048511450601 7.0871217776732491  1.7725864527512005 6.9109075239034636  1.7698803018332527 6.7337770150701033  1.7680788272018539 6.5560474275668872  1.767178116603809 6.3780221514887891  1.767178116603809 6.0178253164910247  1.7681213371729241 5.8356469550354397  1.7700078427079926 5.6537851341670109  1.7728419294353905 5.4725652459823397  1.7766318946471691 5.2923281621200573  1.7813898819820586 5.1134405302076127  1.787131802751321 4.936305060775628  1.7997780685905305 4.6083449265195746  1.8064496368638903 4.4569280065643264  1.8139035447429972 4.3075050218621662  1.8221510260105713 4.1604844277540831  1.8312032713144555 4.0162981634795427  1.841071657863466 3.8754016578220409  1.8517679791232453 3.7382738347546405  1.8718074921568222 3.5074985741181712  1.8807700197379726 3.4118636596145073  1.890186538921292 3.3188469327486985  1.9000495253728011 3.2287595615149272  1.9103498708430113 3.1418896641935339  1.9210771052511175 3.0585026488171851  1.9322196187691987 2.9788415526370198  1.9523058707147347 2.8471153516839047  1.9610640610294836 2.7932844319356183  1.9700278407881211 2.741762005143074  1.9791848273474979 2.692657173690916  1.9885219220713322 2.6460610758750276  1.9980253629176765 2.6020472022282362  2.0076807770263945 2.5606717118460285  2.0352185509998924 2.4518475586901975  2.0533726350395742 2.3906770342085895  2.0718570701962555 2.3385672209120623  2.0905897950957901 2.2954797940214253  2.109485089643568 2.2612393650369214  2.12845317591167 2.2355387320416309  2.1473994324889425 2.2179430736050647  2.178204615969507 2.2014962418820487  2.1901512414782318 2.1981484900902339  2.2020541368644642 2.1977097863887671  2.2139046457302323 2.2000416733553001  2.2256943664970672 2.2050070880017008  2.2374151016677866 2.2124701691079056  2.2490588070882791 2.2222960645557692  2.2766575498786494 2.2510789612485942  2.2925385177915518 2.2721038097091126  2.308255248917551 2.297088888121035  2.3238039642726913 2.3257255595602384  2.3391822496468921 2.3577316751649922  2.3543890033313319 2.3928503031990283  2.3694243838458289 2.4308484581146121  2.4268632777652184 2.5879846906674304  2.4681278837423406 2.7265822662300208  2.5081086330404787 2.8825360758141647  2.5468847137597472 3.0525084885358047  2.5845569673191791 3.2342554526948013  2.6212396365979842 3.4265595231258859  2.6570331779103764 3.6289865855630259  2.7127743464962082 3.9692637992186222  2.7330316890006729 4.0986912983357104  2.7528822941807363 4.2312401254659369  2.7724681212699238 4.3681224095805096  2.7918296998119256 4.5104053256413179  2.8108545559231626 4.6586421693707205  2.8292367084606944 4.8127565370617127  2.8572578565001785 5.0717769737934173  2.8675289381730318 5.1728653240412026  2.8774449154872919 5.2776759643989299  2.8869730281217763 5.3876848252182468  2.8959151800083687 5.5037435719739669  2.9039207396155398 5.6262988020497833  2.9105090609925632 5.7557941354245532  2.9177114946117628 5.9713236205307858  2.9196833314829052 6.0521717791079066  2.9208592708775605 6.1345953472922412  2.9211480357846717 6.2176838626406612  2.9205248871422 6.3006551440078855  2.9190315818150907 6.3827107085806301  2.916776675668129 6.4628915684438004  2.9093850385504529 6.6633745517077827  2.9032727119390076 6.7803307255279481  2.8960250344528236 6.8915075759707785  2.8879968699868144 6.9972781306479659  2.8794510091262326 7.0980373554575298  2.8705432184000115 7.1944575435590767  2.8613132835312509 7.2876350440015232  2.8339103731303616 7.5479189370465978  2.8147956305159387 7.7107246412633765  2.7949345314586367 7.8669411608209616  2.7747150826147382 8.0163798634058203  2.7542787355882004 8.1596723340214616  2.7335704370806009 8.2981461038182047  2.7124064605079039 8.4333207016308478  2.6513040394240521 8.8053499558315256  2.610963470535669 9.0307081109656693  2.5695174640020686 9.243297610252295  2.5267824173770332 9.4424438206594843  2.4825814141921816 9.6261515837760392  2.4367768264591643 9.7906522792952213  2.3892764918612253 9.9303238445488873  2.3228347084609786 10.074442580657347  2.305336431648136 10.107880830480941  2.2876161582494561 10.136908900640911  2.2696846603973349 10.161103846875008  2.2515543439279448 10.180012982085495  2.2332396137025854 10.193151591100806  2.2147573582483422 10.200000000000003  2.1961275537180565 10.200000000000003 
 0 9 0.054012123526373086 7 0.090527449617475914 7 0.11228065118970638 7 0.13798784767025934 7 0.15750833891896143 7 0.20783126087061735 7 0.25932801171382802 7 0.30437542376561977 7 0.33757643299153717 7 0.3621379634935481 7 0.40664693543251407 7 0.43497701776008996 7 0.47429055861851138 7 0.58688213163378777 7 0.6543004519004727 7 0.69633986607280518 7 0.72022524910097308 7 0.7584950638250969 7 0.82910928945354634 7 0.95558890895814352 7 1 9
1 0 11.700000000000003 1 0 
2 0 0 1 0 -0 1 8.3309999999999995
1 6.2831853071795862 -0 0 1 
1 0 -0 0 1 
1 0 0 1 0 
2 0 0 1 0 -0 1 8.3309999999999995
1 0 33.5 1 0 
2 0 0 1 0 -0 1 4
1 6.2831853071795862 -0 0 1 
1 0 -0 0 1 
1 6.2831853071795862 -0 0 1 
1 0 -0 0 1 
1 0 9.5 1 0 
2 0 0 1 0 -0 1 3
1 0 0 1 0 
2 0 0 1 0 -0 1 3
8 0 3.1415926535897931
1 3.1415926535897931 0 -1 -0 
8 3.1415926535897931 6.2831853071795862
1 9.4247779607693793 0 -1 -0 
1 6.2831853071795862 -0 0 1 
1 0 -0 0 1 
1 0 3.4999001916459913 1 0 
1 0 0 1 0 
2 0 0 1 0 -0 1 7.75
1 0 0 1 0 
2 0 0 1 0 -0 1 9.3000000000000007
1 6.2831853071795862 -0 0 1 
1 0 -0 0 1 
7 0 0  8 9 2  1.5707963267948966 0.10000000000000142  1.7671458676442586 0.68904862254808752  1.9634954084917808 1.2780973849507973  2.1598449493449152 1.832539783638822  2.356194490168491 2.3177762517152587  2.5525440310393606 2.7034541390203231  2.7488935718884022 2.9678176720385636  2.9452431127404308 3.1000000000000014  3.1415926535897931 3.1000000000000014 
 4.7123889803846897 9 6.2831853071795862 9
7 0 0  8 9 2  0 7.0099999999999998  0.19634954084936201 6.4209513774519138  0.39269908169831069 5.8319026150475111  0.58904862254848922 5.2774602163499367  0.78539816339434765 4.7922237482925993  0.98174770424657254 4.4065458609620691  1.1780972450958416 4.1421823279561067  1.3744467859455345 4.0099999999999998  1.5707963267948966 4.0099999999999998 
 4.7123889803846897 9 6.2831853071795862 9
7 0 0  8 9 2  3.1415926535897931 3.1000000000000014  3.3379421944391554 3.1000000000000014  3.5342917352872973 2.9678176720374267  3.7306412761354295 2.703454139027599  3.9269908169990231 2.3177762517152587  4.1233403578316938 1.8325397836415505  4.3196898986843735 1.2780973849514794  4.5160394395353274 0.68904862254808752  4.7123889803846897 0.10000000000000142 
 0 9 1.5707963267948966 9
7 0 0  8 9 2  1.5707963267948966 4.0099999999999998  1.7671458676442586 4.0099999999999998  1.9634954084949641 4.1421823279533783  2.1598449493321823 4.406545860987535  2.3561944902139658 4.7922237482453056  2.5525440310339036 5.2774602163663076  2.7488935718938592 5.8319026150420541  2.9452431127404313 6.4209513774519138  3.1415926535897931 7.0099999999999998 
 0 9 1.5707963267948966 9
7 0 0  5 6 2  4.6790492710088039 -6.0001012514021568e-07  4.685717212883981 0.019992109156785221  4.6923851547591582 0.039990376038126718  4.6990530966343584 0.059992348748953095  4.7057210385095125 0.079996174374470472  4.7123889803846897 0.10000000000000142 
 4.6790492710088047 6 4.7123889803846897 6
7 0 0  5 6 2  3.1749323629656772 6.9099993999898697  3.1682644210905 6.92999210915678  3.1615964792153335 6.9499903760381585  3.1549285373401403 6.9699923487489457  3.1482605954649703 6.9899961743744692  3.1415926535897931 7.0099999999999998 
 4.6790492710088047 6 4.7123889803846897 6
8 3.4099999999999984 7.0200006000000013
1 -7.0099999999999998 -2.9983328701129892 1 0 
8 3.4099999999999984 7.0200006000000013
1 3.1749321628510954 0 0 1 
1 0 7.0200000000000014 1 0 
2 0 0 1 0 -0 1 3
8 3.4099999999999984 7.0200006000000013
1 -7.0099999999999998 2.9983328701129892 1 0 
8 3.4099999999999984 7.0200006000000013
1 6.249845797918284 0 0 1 
7 0 0  5 6 2  1.5707963267948966 0.10000000000000142  1.5774642686700735 0.079996174374470472  1.5841322105452562 0.059992348748953206  1.590800152420428 0.039990376038126607  1.597468094295605 0.019992109156785221  1.6041360361707819 -6.0001012514021568e-07 
 1.5707963267948966 6 1.6041360361707815 6
7 0 0  5 6 2  6.2831853071795862 7.0099999999999998  6.2765173653044091 6.9899961743744692  6.2698494234292372 6.9699923487489457  6.2631814815540494 6.9499903760381585  6.2565135396788794 6.92999210915678  6.2498455978037022 6.9099993999898697 
 1.5707963267948966 6 1.6041360361707815 6
1 0 0 1 0 
2 0 0 1 0 -0 1 3
1 6.2831853071795862 -0 0 1 
1 0 -0 0 1 
1 0 3.4999001916459913 1 0 
1 0 0 1 0 
2 0 0 1 0 -0 1 9.5
1 6.2831853071795862 -0 0 1 
1 0 -0 0 1 
1 6.2831853071795862 -0 0 1 
1 0 -0 0 1 
1 0 0 1 0 
2 0 0 1 0 -0 1 7.75
2 0 0 1 0 -0 1 9.3000000000000007
1 0 1 1 0 
1 6.2831853071795862 -0 0 1 
1 0 -0 0 1 
1 6.2831853071795862 -0 0 1 
1 0 -0 0 1 
1 0 1.5469676790418085 1 0 
2 0 0 1 0 -0 1 9.5
1 3.1415926535897931 10.946999999999996 -1 0 
1 9.4247779607693793 10.946999999999996 -1 0 
1 6.2831853071795862 -0 0 1 
1 0 -0 0 1 
1 0 1.5469676790418085 1 0 
2 0 0 1 0 -0 1 9.5
1 3.1415926535897931 10.946999999999996 -1 0 
1 9.4247779607693793 10.946999999999996 -1 0 
1 6.2831853071795862 -0 0 1 
1 0 -0 0 1 
1 0 1.5469676790418085 1 0 
2 0 0 1 0 -0 1 9.5
1 3.1415926535897931 10.946999999999996 -1 0 
1 9.4247779607693793 10.946999999999996 -1 0 
1 6.2831853071795862 -0 0 1 
1 0 -0 0 1 
1 0 1.5469676790418085 1 0 
2 0 0 1 0 -0 1 9.5
1 3.1415926535897931 10.946999999999996 -1 0 
1 9.4247779607693793 10.946999999999996 -1 0 
1 0 0 1 0 
2 0 0 1 0 -0 1 9.3000000000000007
1 6.2831853071795862 -0 0 1 
1 0 -0 0 1 
1 0 3.4999001916459913 1 0 
2 0 0 1 0 -0 1 9.3000000000000007
1 0 1 1 0 
1 6.2831853071795862 -0 0 1 
1 0 -0 0 1 
1 0 0 1 0 
2 0 0 1 0 -0 1 3
1 6.2831853071795862 -0 0 1 
1 0 -0 0 1 
2 0 -1.4210854715202004e-14 0 -1 1 0 3
1 0 12.099999999999987 1 0 
7 0 0  5 6 2  1.5674627873278468 0.11000059987920707  1.5681294952212568 0.10800048731213939  1.5687962031146689 0.10600036918849609  1.5694629110080776 0.10400024736045355  1.5701296189014866 0.1020001236802314  1.5707963267948966 0.10000000000000142 
 1.5674627873278466 6 1.5707963267948966 6
7 0 0  5 6 2  6.2865188466466364 7.0200005998792054  6.285852138753226 7.018000487312138  6.2851854308598165 7.0160003691885038  6.2845187229664035 7.0140002473604568  6.2838520150729966 7.0120001236802301  6.2831853071795862 7.0099999999999998 
 1.5674627873278466 6 1.5707963267948966 6
8 -5.999999999062311e-07 3.7000000000000028
1 1.5674629872886925 0 0 1 
8 -5.999999999062311e-07 3.7000000000000028
1 2.999983333287048 -0.10000000000000142 0 1 
7 0 0  5 6 2  1.5674627873278468 0.089999400120795769  1.5681294952212568 0.091999512687863591  1.5687962031146654 0.093999630811513857  1.5694629110080811 0.095999752639538194  1.5701296189014866 0.09799987631977132  1.5707963267948966 0.10000000000000142 
 4.7090554409176395 6 4.7123889803846897 6
7 0 0  5 6 2  6.2798517677125361 7.0200005998792054  6.2805184756059464 7.018000487312138  6.2811851834993595 7.0160003691885038  6.2818518913927646 7.014000247360471  6.2825185992861758 7.0120001236802301  6.2831853071795862 7.0099999999999998 
 4.7090554409176395 6 4.7123889803846897 6
7 0 0  5 6 2  4.7123889803846897 0.10000000000000142  4.7130556882780992 0.097999876319772111  4.7137223961715122 0.095999752639541747  4.7143891040649208 0.093999630811516299  4.7150558119583286 0.091999512687862786  4.7157225198517381 0.089999400120795769 
 1.5707963267948966 6 1.5741298662619454 6
7 0 0  5 6 2  3.1415926535897931 7.0099999999999998  3.1422593614832031 7.0120001236802292  3.142926069376621 7.0140002473604426  3.1435927772700154 7.016000369188518  3.1442594851634329 7.0180004873121344  3.1449261930568428 7.0200005998792019 
 1.5707963267948966 6 1.5741298662619454 6
8 -5.999999999062311e-07 3.7000000000000028
1 4.7157223198908937 0 0 1 
8 -5.999999999062311e-07 3.7000000000000028
1 -2.999983333287048 -0.10000000000000142 0 1 
7 0 0  5 6 2  4.7123889803846897 0.10000000000000142  4.7130556882780992 0.10200012368023045  4.7137223961715193 0.10400024736045066  4.7143891040649137 0.10600036918850608  4.7150558119583286 0.10800048731213321  4.7157225198517381 0.11000059987919997 
 4.7123889803846897 6 4.7157225198517381 6
7 0 0  5 6 2  3.1415926535897931 7.0099999999999998  3.1409259456963836 7.0120001236802292  3.1402592378029652 7.014000247360471  3.1395925299095779 7.0160003691884896  3.1389258220161551 7.0180004873121353  3.1382591141227456 7.0200005998792019 
 4.7123889803846897 6 4.7157225198517381 6
8 -3 3
1 0.010000000000001563 0 0 1 
8 -3 3
1 0 -0.10000000000000142 1 0 
1 6.2831853071795862 -0 0 1 
1 0 -0 0 1 
1 0 0 1 0 
2 0 0 1 0 -0 1 9.5
1 6.2831853071795862 -0 0 1 
1 0 -0 0 1 
1 6.2831853071795862 -0 0 1 
1 0 -0 0 1 
1 0 0 1 0 
2 0 0 1 0 -0 1 9.5
1 6.2831853071795862 -0 0 1 
1 0 -0 0 1 
1 0 0 1 0 
2 0 0 1 0 -0 1 9.5
2 0 0 1 0 -0 1 9.3000000000000007
1 0 1 1 0 
1 6.2831853071795862 -0 0 1 
1 0 -0 0 1 
1 6.2831853071795862 7.0200000000000014 1 0 
1 0 0 1 0 
2 0 0 1 0 -0 1 12.5
1 6.2831853071795862 0 1 0 
2 0 0 1 0 -0 1 14
1 -6.2831853071795862 0 1 0 
1 0 0 1 0 
1 -6.2831853071795862 0 1 0 
1 0 0 1 0 
8 -6.0000000701165845e-07 0.31000060000000929
1 2.667046838497781 0 0 1 
8 -6.0000000701165845e-07 0.31000060000000929
1 3.5693182860945449 1.2460866633293652e-14 0 1 
1 3.5693182860945449 1.4210854715202004e-14 0 1 
8 -6.0000000701165845e-07 0.31000060000000929
1 3.3390195389181718 0 0 1 
8 -6.0000000701165845e-07 0.31000060000000929
1 6.0020241508275722 1.3040245204741212e-14 0 1 
1 -0.281161156352014 1.4210854715202004e-14 0 1 
Curves 363
1 0 0 0 0 0 1 
1 0 0 62 -0 1 0 
1 0 0 0 -0 1 0 
1 0 90 0 0 0 1 
2 0 45 14 1 0 0 -0 0 1 0 -1 0 12.5
1 0 0 0 1 0 -0 
1 250 0 0 0 0 1 
1 0 0 62 1 0 -0 
2 99 0 14 0 1 0 0 -0 1 1 0 -0 8
2 122 0 24 0 1 0 0 -0 1 1 0 -0 13
2 176 0 14 0 1 0 0 -0 1 1 0 -0 12.5
2 224 0 19 0 1 0 0 -0 1 1 0 -0 13
1 0 90 62 1 0 -0 
1 250 0 62 -0 1 0 
2 24 45 62 0 0 1 1 0 -0 -0 1 0 17.5
2 10 65 62 0 0 1 1 0 -0 -0 1 0 7
2 10 25 62 0 0 1 1 0 -0 -0 1 0 7
2 74 45 62 0 0 1 1 0 -0 -0 1 0 17.5
2 122 45 62 0 0 1 1 0 -0 -0 1 0 19
2 242 25 62 0 0 1 1 0 -0 -0 1 0 7
2 176 45 62 0 0 1 1 0 -0 -0 1 0 17.5
2 226 45 62 0 0 1 1 0 -0 -0 1 0 17.5
2 199 70 62 0 0 1 1 0 -0 -0 1 0 10
2 242 65 62 0 0 1 1 0 -0 -0 1 0 7
1 0 90 0 1 0 -0 
1 250 0 0 -0 1 0 
2 28 20 0 0 0 1 1 0 -0 -0 1 0 3
2 10 25 0 0 0 1 1 0 -0 -0 1 0 4.5
2 242 25 0 0 0 1 1 0 -0 -0 1 0 4.5
2 24 45 0 0 0 1 1 0 -0 -0 1 0 10.199999999999999
2 10 65 0 0 0 1 1 0 -0 -0 1 0 4.5
2 226 45 0 0 0 1 1 0 -0 -0 1 0 10.199999999999999
2 242 65 0 0 0 1 1 0 -0 -0 1 0 4.5
2 222 70 0 0 0 1 1 0 -0 -0 1 0 3
1 250 90 0 0 0 1 
2 30 90 40 0 1 0 0 -0 1 1 0 -0 14
2 74 90 40 0 1 0 0 -0 1 1 0 -0 12.5
2 122 90 44 0 1 0 0 -0 1 1 0 -0 12.5
2 176 90 40 0 1 0 0 -0 1 1 0 -0 12.5
2 199 90 20.999999999999979 0 1 -2.2204460492503126e-16 1 0 0 0 -2.2204460492503126e-16 -1 19.000000000000004
2 220 90 40 0 1 0 0 -0 1 1 0 -0 14
1 -0.01 45.000000000000007 26.5 1 0 0 
2 0.29999999999999999 45 14 1 0 0 -0 0 1 0 -1 0 12.5
2 250 45 14 1 0 0 -0 0 1 0 -1 0 11
1 99 -0.01 22 0 1 0 
2 99 0.29999999999999999 14 0 1 0 0 -0 1 1 0 -0 8
1 121.99999999999999 -0.01 37 0 1 0 
2 122 0.29999999999999999 24 0 1 0 0 -0 1 1 0 -0 13
1 176 -0.01 26.5 0 1 0 
2 176 0.29999999999999999 14 0 1 0 0 -0 1 1 0 -0 12.5
1 224 -0.01 32 0 1 0 
2 224 0.29999999999999999 19 0 1 0 0 -0 1 1 0 -0 13
1 13.216257022195101 58.782629915536567 61.700000000000003 0 0 1 
2 10 65 61.700000000000003 0 0 1 1 0 -0 -0 1 0 7
1 14.740957742905572 59.849920420033897 61.700000000000003 0 0 1 
1 17 65 53 0 0 1 
2 10 65 53 0 0 1 1 0 -0 -0 1 0 7
1 13.216257022195101 31.217370084463433 61.700000000000003 0 0 1 
2 24 45 61.700000000000003 0 0 1 1 0 -0 -0 1 0 17.5
1 14.740957742905572 30.150079579966103 61.700000000000003 0 0 1 
2 10 25 61.700000000000003 0 0 1 1 0 -0 -0 1 0 7
1 17 25 53 0 0 1 
2 10 25 53 0 0 1 1 0 -0 -0 1 0 7
1 91.5 45 61.700000000000003 0 0 1 
2 74 45 61.700000000000003 0 0 1 1 0 -0 -0 1 0 17.5
1 141 44.999999999999993 61.700000000000003 0 0 1 
2 122 45 61.700000000000003 0 0 1 1 0 -0 -0 1 0 19
1 249 25 53 0 0 1 
2 242 25 53 0 0 1 1 0 -0 -0 1 0 7
1 193.5 44.999999999999993 61.700000000000003 0 0 1 
2 176 45 61.700000000000003 0 0 1 1 0 -0 -0 1 0 17.5
1 243.5 45 61.700000000000003 0 0 1 
2 226 45 61.700000000000003 0 0 1 1 0 -0 -0 1 0 17.5
1 209 69.999999999999986 61.700000000000003 0 0 1 
2 199 70 61.700000000000003 0 0 1 1 0 -0 -0 1 0 10
1 249 65 53 0 0 1 
2 242 65 53 0 0 1 1 0 -0 -0 1 0 7
1 31 20 -0.01 0 0 1 
2 28 20 10 0 0 1 1 0 -0 -0 1 0 3
1 14.5 25 -0.01 0 0 1 
2 10 25 53 0 0 1 1 0 -0 -0 1 0 4.5
1 246.5 25 -0.01 0 0 1 
2 242 25 53 0 0 1 1 0 -0 -0 1 0 4.5
1 34.200000000000003 45 -0.01 0 0 1 
2 24 45 1.9999999999999998 0 0 1 1 0 -0 -0 1 0 10.199999999999999
1 14.5 65 -0.01 0 0 1 
2 10 65 53 0 0 1 1 0 -0 -0 1 0 4.5
1 236.19999999999999 45 -0.01 0 0 1 
2 226 45 1.9999999999999998 0 0 1 1 0 -0 -0 1 0 10.199999999999999
1 246.5 65 -0.01 0 0 1 
2 242 65 53 0 0 1 1 0 -0 -0 1 0 4.5
1 225 70 -0.01 0 0 1 
2 222 70 10 0 0 1 1 0 -0 -0 1 0 3
1 29.999999999999996 89.700000000000003 54 0 1 0 
2 30 89.700000000000003 40 0 1 0 0 -0 1 1 0 -0 14
1 74 89.700000000000003 52.5 0 1 0 
2 74 89.700000000000003 40 0 1 0 0 -0 1 1 0 -0 12.5
1 122 89.700000000000003 56.5 0 1 0 
2 122 89.700000000000003 44 0 1 0 0 -0 1 1 0 -0 12.5
1 206.06650480861708 89.700000000000003 38.637021001002154 0 1 0 
2 122 45 61.700000000000003 0 0 1 1 0 -0 -0 1 0 19
1 187.99702665655465 89.700000000000003 36.489821742145075 0 1 0 
2 0.29999999999999999 45 14 1 0 0 -0 0 1 0 -1 0 6.5785
1 249.69999999999999 45.000000000000007 25 1 0 0 
2 249.69999999999999 45 14 1 0 0 -0 0 1 0 -1 0 11
2 99 0.29999999999999999 14 0 1 0 0 -0 1 1 0 -0 5
2 122 0.29999999999999999 24 0 1 0 0 -0 1 1 0 -0 8
2 176 0.29999999999999999 14 0 1 0 0 -0 1 1 0 -0 6.5785
2 224 0.29999999999999999 19 0 1 0 0 -0 1 1 0 -0 8
2 24 45 61.700000000000003 0 0 -1 -1 0 -0 0 1 0 11.73173076923077
2 74 45 61.700000000000003 0 0 -1 -1 0 -0 0 1 0 11.73173076923077
2 122 45 61.700000000000003 0 0 1 1 0 -0 -0 1 0 10
2 176 45 61.700000000000003 0 0 -1 -1 0 -0 0 1 0 11.73173076923077
2 226 45 61.700000000000003 0 0 -1 -1 0 -0 0 1 0 11.73173076923077
2 199 70 61.700000000000003 0 0 1 1 0 -0 -0 1 0 4.8639999999999999
2 24 45 2 0 0 1 1 0 -0 -0 1 0 6.5999999999999996
2 226 45 2 0 0 1 1 0 -0 -0 1 0 6.5999999999999996
2 30 89.700000000000003 40 0 1 0 0 -0 1 1 0 -0 8.3309999999999995
2 74 89.700000000000003 40 0 1 0 0 -0 1 1 0 -0 6.5785
2 122 89.700000000000003 44 0 1 0 0 -0 1 1 0 -0 6.5785
1 -0.01 45.000000000000007 20.578499999999998 1 0 0 
2 12 45 14 1 0 0 -0 0 1 0 -1 0 6.5785
2 249.69999999999999 45 14 1 0 0 -0 0 1 0 -1 0 7
1 99 -0.01 19 0 1 0 
2 99 12.01 14 0 1 0 0 -0 1 1 0 -0 5
1 121.99999999999999 -0.01 32 0 1 0 
2 122 12 24 0 1 0 0 -0 1 1 0 -0 8
1 176 -0.01 20.578499999999998 0 1 0 
2 176 12 14 0 1 0 0 -0 1 1 0 -0 6.5785
1 224 -0.01 27 0 1 0 
2 224 12 19 0 1 0 0 -0 1 1 0 -0 8
1 12.074999999999999 44.999999999999993 62 0.54157441059232925 1.3264747368640209e-16 -0.84065281644182421 
2 24 45 59.399999999999999 0 0 -1 -1 0 -0 0 1 0 10.25
1 62.075000000000003 44.999999999999993 62 0.54157441059232925 1.3264747368640209e-16 -0.84065281644182421 
2 74 45 59.399999999999999 0 0 -1 -1 0 -0 0 1 0 10.25
1 132 44.999999999999993 47.5 0 0 1 
2 122 45 47.5 0 0 1 1 0 -0 -0 1 0 10
1 164.07499999999999 45 62 0.54157441059232925 1.3264747368640209e-16 -0.84065281644182421 
2 176 45 59.399999999999999 0 0 -1 -1 0 -0 0 1 0 10.25
1 214.07499999999999 44.999999999999993 62 0.54157441059232925 1.3264747368640209e-16 -0.84065281644182421 
2 226 45 59.399999999999999 0 0 -1 -1 0 -0 0 1 0 10.25
1 203.864 69.999999999999986 50 0 0 1 
2 199 70 50 0 0 1 1 0 -0 -0 1 0 4.8639999999999999
1 30.600000000000001 45 -1 0 0 1 
2 24 45 0 0 0 1 1 0 -0 -0 1 0 6.5999999999999996
1 232.59999999999999 45 -1 0 0 1 
2 226 45 0 0 0 1 1 0 -0 -0 1 0 6.5999999999999996
1 30 78 48.331000000000003 0 1 0 
2 30 78 40 0 1 0 0 -0 1 1 0 -0 8.3309999999999995
1 74 78 46.578499999999998 0 1 0 
2 74 78 40 0 1 0 0 -0 1 1 0 -0 6.5785
1 122 78 50.578499999999998 0 1 0 
2 122 78 44 0 1 0 0 -0 1 1 0 -0 6.5785
2 12 45 14 1 0 0 -0 0 1 0 -1 0 3
1 238 45.000000000000007 21 1 0 0 
2 238 45 14 1 0 0 -0 0 1 0 -1 0 7
2 99 12.01 14 0 1 0 0 -0 1 1 0 -0 2.5
2 122 12 24 0 1 0 0 -0 1 1 0 -0 2
2 176 12 14 0 1 0 0 -0 1 1 0 -0 2
2 224 12 19 0 1 0 0 -0 1 1 0 -0 2
2 24 45 59.399999999999999 0 0 1 1 0 -0 -0 1 0 11
2 74 45 59.399999999999999 0 0 1 1 0 -0 -0 1 0 11
2 122 45 47.5 0 0 1 1 0 -0 -0 1 0 9.1999999999999993
2 176 45 59.399999999999999 0 0 1 1 0 -0 -0 1 0 11
2 226 45 59.399999999999999 0 0 1 1 0 -0 -0 1 0 11
2 199 70 50 0 0 1 1 0 -0 -0 1 0 2.5
2 24 45 0 0 0 1 1 0 -0 -0 1 0 5
2 226 45 0 0 0 1 1 0 -0 -0 1 0 5
2 30 78 40 0 1 0 0 -0 1 1 0 -0 4
2 74 78 40 0 1 0 0 -0 1 1 0 -0 3
2 122 78 44 0 1 0 0 -0 1 1 0 -0 2.5
7 0 0  6 102 21  19 45 17  19 44.783598158625018 17  19.011239408568819 44.568971197080089 16.981267940344704  19.033370746404067 44.359328365021241 16.944380973021026  19.065137319769679 44.157783324767713 16.890878926190865  19.10442526940561 43.967188474763859 16.823260346624924  19.168749731128969 43.709287258616079 16.709582889254069  19.18998719709932 43.630999490183683 16.671674930966972  19.2121717010982 43.555133414711698 16.631617593712996  19.235148949816733 43.481685022121972 16.589582442151681  19.258772413640688 43.410642623034654 16.545727710193741  19.348538884756053 43.155254324590388 16.376366352636619  19.417988881314031 42.986022284951972 16.240044181489573  19.48865788678027 42.833483935605855 16.093792932943956  19.558471097396442 42.696719607061773 15.939255362842392  19.625687304054807 42.574955726427234 15.777389756003519  19.733519538020833 42.391361015378898 15.488391313066069  19.776231567343938 42.322360692396011 15.36463020175932  19.816092060631789 42.260759142184163 15.237779239641105  19.852454904006418 42.206555849343999 15.108171487609518  19.884728634882077 42.159780088320495 14.976084448287109  19.940476834571676 42.080642243696708 14.705364209090185  19.963815550823547 42.048502581144518 14.56663761001353  19.98178130760348 42.024291569576306 14.426188796014831  19.993921145337449 42.008105145368035 14.284583054675084  20 42 14.142348032864046  20 42 13.858060406595479  19.993955978906154 42.008058700480909 13.716232334129494  19.981885523224562 42.024152615878336 13.575028169157006  19.964021076502807 42.04822561354198 13.434971499268039  19.94081064586371 42.080182608739364 13.296623051164005  19.88486210539628 42.159576593429151 13.024202714618852  19.852093442211224 42.207062065426193 12.890124314990443  19.815112947781952 42.262199582970801 12.758601191994117  19.774539402672662 42.324959365310796 12.629922650471832  19.731049241057089 42.395343637562362 12.504437148658544  19.623095798932411 42.579691927187092 12.216464236143556  19.556744213048074 42.70020818047216 12.057058045182393  19.487904042897139 42.835327439953502 11.90480217970649  19.418249362398992 42.985792945203485 11.760622775377175  19.349770165439772 43.152485691496082 11.626094797898844  19.239465246461265 43.465076226345467 11.417752422561145  19.195651396356151 43.602713828848785 11.337550445571445  19.154538585516644 43.749012862307971 11.264257248445768  19.117226750602622 43.903782611215881 11.199111667749946  19.084845505069843 44.066700040948888 11.143417894478105  19.026388483231809 44.445431933302061 11.043858379159904  19.003199595298106 44.665455135624633 11.005176301279723  18.991699246275353 44.892441102064623 10.986296660319644  18.993223641477758 45.121084995317297 10.988715386931819  19.007247033347241 45.346016026733857 11.011909642657489  19.044772969340446 45.67767497181962 11.075176970089645  19.060816132027373 45.790609450655644 11.102353471054416  19.079555677823755 45.900607079693692 11.134317315316855  19.100673957362979 46.007355943101345 11.170681124987274  19.123820272360998 46.110573463935232 11.211015488144602  19.16874973112898 46.290712741383963 11.290417110745947  19.189987197099324 46.369000509816352 11.328325069033044  19.212171701098189 46.444866585288253 11.368382406286981  19.235148949816701 46.518314977877914 11.410417557848261  19.25877241364066 46.589357376965268 11.454272289806205  19.348538884755914 46.844745675409214 11.623633647363114  19.41798888131428 47.013977715048711 11.759955818510964  19.488657886780032 47.166516064393555 11.906207067055421  19.558471097396577 47.303280392938511 12.060744637158006  19.625687304054715 47.425044273572603 12.222610243996236  19.733519538020825 47.608638984621074 12.511608686933888  19.776231567343935 47.677639307603982 12.635369798240669  19.816092060631767 47.739240857815815 12.762220760358828  19.852454904006393 47.793444150655951 12.891828512390392  19.884728634882077 47.840219911679505 13.023915551712882  19.940476834571697 47.91935775630332 13.294635790909892  19.963815550823536 47.951497418855475 13.433362389986485  19.981781307603505 47.975708430423708 13.573811203985278  19.993921145337424 47.991894854631937 13.715416945324751  20 48 13.857651967135752  20 48 14.141939593404683  19.9939559789062 47.991941299519162 14.283767665870053  19.981885523224459 47.975847384121522 14.42497183084355  19.96402107650291 47.951774386458155 14.565028500731442  19.940810645863689 47.919817391260608 14.703376948836091  19.884862105396309 47.840423406570892 14.975797285381008  19.852093442211252 47.792937934573843 15.109875685009476  19.815112947781962 47.737800417029213 15.24139880800587  19.774539402672648 47.675040634689189 15.370077349528209  19.731049241057061 47.604656362437595 15.495562851341537  19.623095798932429 47.420308072812936 15.783535763856403  19.556744213048173 47.299791819528082 15.942941954817391  19.487904042896993 47.164672560046128 16.095197820293834  19.418249362399056 47.014207054796685 16.23937722462269  19.349770165439757 46.847514308503875 16.373905202101184  19.260284079234722 46.593921777840215 16.542925259704091  19.236141364398406 46.521542116155196 16.587774910868582  19.212666287847327 46.446657315247727 16.63073520674682  19.190014360958561 46.369254652888323 16.671638392272907  19.168349533684921 46.289329711002161 16.710302222829359  19.103852034395807 46.030024561181079 16.824246738123044  19.064767000407667 45.83986268993538 16.891502635956492  19.033176926983163 45.638834739705487 16.94470402515973  19.011173506568575 45.429772783800715 16.981377772739009  19 45.215766479929336 17  19 45 17 
 0 7 0.055970171046761504 5 0.081462272177168879 5 0.15079720041913541 5 0.20022648158477988 5 0.25040499740854699 5 0.30043953592914885 5 0.35061438943919621 5 0.4189884018261214 5 0.46696369492146506 5 0.52550283726100477 5 0.55679489517526082 5 0.5821930507851919 5 0.65127246042975717 5 0.70051958087327137 5 0.75051317483575408 5 0.80036332209167593 5 0.85035326723705729 5 0.91847530227018215 5 0.94439507658756638 5 1 7
1 0 45.000000000000007 17 1 0 0 
2 238 45 14 1 0 0 -0 0 1 0 -1 0 5
1 99 12 16.5 0 1 0 
7 0 0  7 122 21  99 43.341687604822305 16.5  99.091904050600974 43.341687604822305 16.5  99.183350631845528 43.335745587376572 16.496058399556457  99.274146853122033 43.323966873207134 16.488245652897941  99.36405892607641 43.306668665250776 16.476642777544857  99.452766426100226 43.284382717657387 16.461360013192152  99.539820047104044 43.257843115520664 16.442593089162152  99.748737004173705 43.18420478611074 16.388687522630892  99.868978469696458 43.132937839070109 16.349741442289648  99.985533981406135 43.076009692576314 16.304279224542096  100.0984860097054 43.01504195418309 16.252533833436964  100.20792532600953 42.951282418419339 16.194629953531411  100.31399241290023 42.88565225245538 16.130491464109479  100.52714971003199 42.7471912728994 15.983873037385868  100.63354166075116 42.674317430596268 15.900532308945161  100.73609972274802 42.601172298735989 15.809405487851029  100.83467101258486 42.528570476069852 15.709990589405086  100.9288139991817 42.457396558379642 15.601684806965833  101.0177588424028 42.388729807839255 15.483856984946303  101.15576987366106 42.280411079567436 15.270079087801159  101.2084710871017 42.238533963899876 15.179458659015564  101.25796244280168 42.198787815031984 15.084026518930528  101.30372675035471 42.161706200095807 14.983760596134005  101.34520556743203 42.127852978417017 14.878678011199197  101.38179436243745 42.097822332319829 14.768844008124388  101.45188413343557 42.040059684147408 14.510408525174386  101.48233973425974 42.014765471869858 14.358440653858379  101.5021019933461 41.998252937469211 14.200984647146811  101.50996246588512 41.991673122477764 14.040703999749837  101.50556095564134 41.995372609251142 13.88033931341697  101.48937909748865 42.008881903849819 13.722621507053415  101.44767911366166 42.043471297580425 13.48369137305208  101.42925358361749 42.058726976618082 13.399038775259573  101.40771386243195 42.076515315450003 13.316405268143162  101.38329255052675 42.096614615211024 13.235962946212185  101.35623879076527 42.118785564077754 13.15786976278811  101.3268193476504 42.142772675371113 13.082269106526455  101.27005264198313 42.188786730715194 12.950749635395752  101.24341870475455 42.210285516638116 12.893830302861971  101.21552234897131 42.232697045619091 12.83851796870548  101.18646000034801 42.255922260496632 12.784795442460048  101.15632004401934 42.279868024439686 12.732641970929331  101.12518283238084 42.304447060630629 12.682033454291089  101.01209357707442 42.393088275709026 12.508880906928976  100.92507775807337 42.460186212963002 12.394388490909256  100.83313741116885 42.529634774622302 12.288935309794136  100.73697985402255 42.600435960760123 12.191936590615176  100.63701505692113 42.671766012245776 12.102834168966625  100.53339084279496 42.742865133764852 12.021160440113146  100.32011398715115 42.881921897052116 11.873049318231427  100.21075123114571 42.949788005923843 11.806544675098834  100.09779417676906 43.015697399785488 11.746681790627987  99.981088789239834 43.078642821353377 11.693377318454191  99.860541100004312 43.137244382793959 11.646775535004851  99.736065969958034 43.1896954196189 11.607137044503375  99.52477628296073 43.262367373333973 11.554213923066019  99.440017957868704 43.28754052468166 11.536476475255565  99.353720488655924 43.308630847341995 11.522041370215076  99.266301617645198 43.324972533441262 11.511087313720717  99.178063871914233 43.336085915221496 11.503715832586854  99.089233123269537 43.341687604822305 11.5  98.908095949399083 43.341687604822305 11.5  98.816649368154586 43.335745587376593 11.503941600443556  98.725853146877881 43.323966873207119 11.511754347102041  98.635941073923476 43.306668665250761 11.523357222455132  98.547233573899845 43.284382717657408 11.538639986807869  98.46017995289597 43.257843115520664 11.557406910837846  98.251262995825883 43.184204786110591 11.611312477369212  98.131021530303897 43.132937839070209 11.650258557710433  98.014466018593978 43.076009692576427 11.69572077545752  97.901513990294688 43.015041954183104 11.747466166563242  97.792074673990285 42.951282418419268 11.805370046468591  97.686007587099752 42.885652252455365 11.869508535890532  97.472850289967951 42.74719127289935 12.016126962614177  97.366458339248865 42.674317430596297 12.099467691054841  97.263900277251949 42.601172298735968 12.19059451214898  97.165328987415052 42.52857047606981 12.29000941059496  97.071186000818287 42.457396558379628 12.398315193034206  96.982241157597215 42.388729807839255 12.51614301505367  96.8442301263389 42.280411079567401 12.729920912198905  96.791528912898301 42.238533963899883 12.820541340984397  96.742037557198302 42.198787815031991 12.915973481069456  96.696273249645273 42.161706200095793 13.016239403866058  96.654794432567968 42.127852978417003 13.121321988800856  96.618205637562582 42.097822332319843 13.231155991875539  96.54811586656443 42.040059684147415 13.489591474825556  96.517660265740204 42.014765471869843 13.641559346141634  96.497898006653912 41.998252937469218 13.799015352853246  96.49003753411489 41.991673122477778 13.959296000250179  96.494439044358629 41.995372609251135 14.119660686582989  96.510620902511349 42.008881903849819 14.277378492946591  96.552320886323628 42.04347129756821 14.516308626863559  96.570746416374632 42.058726976611744 14.600961224730407  96.592286137580473 42.076515315460277 14.683594731917182  96.616707449495379 42.096614615229022 14.764037053847035  96.64376120923923 42.118785564081342 14.842130237208107  96.673180652323694 42.142772675350102 14.917730893413497  96.729947358011586 42.188786730710888 15.04925036459195  96.756581295244445 42.210285516637335 15.106169697137362  96.784477651033043 42.232697045622601 15.16148203130388  96.813539999656868 42.25592226050049 15.215204557547832  96.843679955979908 42.279868024439033 15.267358029067958  96.874817167611951 42.304447060624987 15.317966545697894  96.987906422925519 42.393088275708969 15.491119093070918  97.074922241926771 42.460186212963087 15.605611509090933  97.166862588831151 42.529634774622352 15.711064690205887  97.263020145977393 42.600435960760102 15.808063409384735  97.362984943078871 42.671766012245762 15.897165831033416  97.466609157204971 42.742865133764823 15.978839559886824  97.679886012848613 42.881921897051967 16.126950681768413  97.789248768853568 42.949788005923565 16.193455324900778  97.902205823233885 43.015697399786823 16.25331820937361  98.018911210757054 43.078642821351977 16.306622681544169  98.139458899996754 43.137244382794435 16.353224464995733  98.26393403004208 43.189695419618936 16.392862955496653  98.475223717039498 43.262367373334051 16.445786076934038  98.55998204213121 43.287540524681617 16.463523524744403  98.646279511344048 43.308630847341966 16.477958629784915  98.733698382354874 43.324972533441283 16.488912686279303  98.821936128085753 43.33608591522151 16.496284167413144  98.910766876730548 43.341687604822305 16.5  99 43.341687604822305 16.5 
 0 8 0.042568235978162457 6 0.10489422464338648 6 0.17179302843169442 6 0.21669721113313573 6 0.27317794528968586 6 0.30522103997082151 6 0.33092399268406014 6 0.39588023587237542 6 0.4599308074749478 6 0.50108322371665093 6 0.54346741476646288 6 0.60552393532133686 6 0.67213350030854768 6 0.71684353855249239 6 0.77308007671582468 6 0.80498463217281779 6 0.83057645741820796 6 0.89525186037459059 6 0.95902550744282744 6 1 8
1 122 11.99 26 0 1 0 
7 0 0  6 97 20  122 42 26  122.14611380513924 42 26  122.29105831012104 42.008539969932684 25.987190388989244  122.43270095009061 42.025361825735203 25.961955992729045  122.56897254982871 42.049569972535181 25.925305926196955  122.69798063495639 42.079655167133481 25.878870539590903  122.87012800452952 42.128449836399518 25.80170105012866  122.92067515636647 42.143992659840016 25.77690543742526  122.96974542269847 42.160231216036998 25.750738663305871  123.01733564185201 42.177065894973779 25.723300643360798  123.0634471457807 42.194400675689927 25.694684439628123  123.2171389146025 42.255488338430489 25.592398500482091  123.31744139408742 42.301283235540339 25.513276734352619  123.40930716998368 42.348283186963243 25.428697364459367  123.4930998359674 42.395430831921452 25.339391307312802  123.56912978839605 42.441777032613317 25.245811245107895  123.69926854925448 42.526559501363622 25.060204931876694  123.75484799022917 42.565356468956772 24.968867375378135  123.80430534263955 42.601977533677427 24.874515430423276  123.84760323426023 42.635638744701048 24.77741771499764  123.88466790507545 42.665558915116378 24.67777654557128  123.94315893998225 42.714077958632323 24.483188618044544  123.96574219653472 42.733489894544668 24.388595380583219  123.98281697007917 42.748562995819071 24.292520638828986  123.99426060066335 42.758798563786371 24.195447954843782  124 42.763932022500214 24.097804656062063  124 42.763932022500214 23.901518126230471  123.99418084613141 42.758727230042226 23.803202822752151  123.98257908950519 42.748350225806711 23.705469977937828  123.96526953481754 42.73307270460591 23.608754271244376  123.94237744050699 42.71340634751013 23.513548383294307  123.88327923130542 42.664433612254186 23.318359739541084  123.84597537468777 42.634358035517501 23.218703373317716  123.80242999825883 42.60055529478624 23.121602686917733  123.75271555290482 42.563808615139095 23.027259479376564  123.69686725681834 42.524902933776758 22.935942158369176  123.56544114474551 42.439481585030201 22.749427829368202  123.48823699943591 42.392575018314034 22.655005218701351  123.4030894012794 42.344885450597289 22.56496398141033  123.30967369346104 42.29739442408728 22.479779314898192  123.20761259306863 42.251200323197132 22.40021959604513  123.01338677446576 42.174927095464646 22.272879596393107  122.92495427803213 42.143632638414196 22.222001728382509  122.83138507669719 42.114384021305085 22.175490406701751  122.7328430735118 42.087866560513014 22.134048354761205  122.62956408750365 42.064763864393761 22.09839628425911  122.38595156673608 42.021730552684517 22.032549364268647  122.24266085875649 42.004155497679889 22.006137760047064  122.09488676563663 41.994819831464369 21.992289124985842  121.94577289187514 41.99462426650927 21.991954225018365  121.79851271051685 42.003344833664165 22.004933646021904  121.5714546565428 42.029542749531039 22.044561620191356  121.48863542367297 42.042024606163842 22.063517215388487  121.40799568886204 42.056982548579171 22.086373039333797  121.329822575655 42.074134494216288 22.112815300925337  121.2543764083958 42.093159424086409 22.142486642050027  121.00083127790016 42.165026051019062 22.256144773013659  120.83807367219823 42.225884046298177 22.354991055239406  120.693258787359 42.291974725675182 22.467052270224723  120.56535374440935 42.359873777497981 22.589499265139093  120.453343210529 42.426831520810204 22.720703464057792  120.29743679635696 42.528907843457716 22.945443609800563  120.2439021892517 42.566357566091391 23.033993844046279  120.19610574246995 42.601746482280767 23.125363983174136  120.15408207126183 42.634363551598263 23.219311943580717  120.1178985529784 42.663500322109606 23.315653767126037  120.05889225997137 42.712315986060602 23.50829590278757  120.03549839322338 42.732395062284141 23.604487138169826  120.01780736595769 42.74800456473961 23.702234603354324  120.00594870681 42.758611355692082 23.801030464504876  120 42.763932022500214 23.900427870800993  120 42.763932022500214 24.098481840254898  120.00581914991103 42.758727233552378 24.19679712730639  120.01742090238831 42.748350233147555 24.294529952955187  120.03473044877671 42.73307271891322 24.391245655883182  120.05762254606591 42.713406358636732 24.486451572358867  120.11672075456504 42.664433623962864 24.681640213792129  120.1540245933431 42.634358061244122 24.781296542620922  120.19756995255246 42.600555332635274 24.878397208620459  120.24728438908205 42.563808656803332 24.972740419982063  120.30313269611588 42.524902964367499 25.064057774837082  120.43357421163138 42.440121561249477 25.249174806426392  120.50957592230243 42.393904384395974 25.342317300392075  120.59329478805506 42.346912793717529 25.431204640653345  120.68503958954452 42.300087475509599 25.515384723008246  120.78517052447398 42.254477175952339 25.594129860938342  120.93970779393385 42.193187125864377 25.696699827531262  120.98695976421273 42.175487230225279 25.725894563339761  121.03575910215875 42.158315576934562 25.753852182034848  121.08610635712944 42.141775316321912 25.780472373615339  121.13799707142221 42.125973428439224 25.805647479282261  121.31048729618622 42.077696225493156 25.881892326324465  121.43816594595175 42.048310639921006 25.927212541859742  121.57287513869045 42.024701653121404 25.962946348327137  121.71276862035212 42.008313805272735 25.987529611268204  121.85583387866896 42 26  122 42 26 
 0 7 0.058066025867647586 5 0.08320845287329709 5 0.14463197646690767 5 0.19999662973445612 5 0.25020543399942263 5 0.30076189340360204 5 0.35618210793784927 5 0.41828227072463903 5 0.46481812792706045 5 0.52354040945978186 5 0.55847045387623429 5 0.6457170303689046 5 0.69922013780825887 5 0.75024239456986364 5 0.8007059708764237 5 0.85602431491130127 5 0.91713143854213464 5 0.94279798732728637 5 1 7
7 0 0  6 12 3  176 41 16  176.13664734274258 41 16  176.27256270262231 41.00560181397357 15.988796461794765  176.40600546674153 41.016692507417773 15.966614685296868  176.53527227508155 41.032744962169453 15.934157671699946  176.65878363577028 41.052839126616092 15.892602722261511  176.88038728000586 41.096614229960693 15.799429211225812  176.98013784398657 41.119836126503742 15.749010382413893  177.07429708121023 41.144869508870492 15.693197134598584  177.16280306045167 41.171115922574586 15.632689257528682  177.24564943089072 41.198019738157448 15.568107190634338  177.32287633586805 41.22508302078041 15.499999400000002 
 0 7 0.52520955498613353 5 1 7
1 177.3228756555323 11.99 15.5 0 1 0 
7 0 0  6 87 18  177.3228749751959 42.307417262181097 15.500000599999998  177.38341092530035 42.337158778520795 15.446612959026503  177.44051137289281 42.367239732534848 15.391043617698701  177.49427026269618 42.397376094849989 15.333482544573243  177.54476670869249 42.427299982825808 15.274078742750129  177.59206482484024 42.456753257345802 15.21294000817314  177.69781757071286 42.525567247055008 15.062492952651009  177.75334613787209 42.564278014287048 14.971523013993689  177.80279310436944 42.600840904376525 14.877553888986599  177.8461225560356 42.634480240024459 14.780851340176456  177.88326235298774 42.664422481248785 14.681615734686375  177.92385463926163 42.698056212830586 14.547653755028458  177.93300433210649 42.705721582228279 14.515096991024244  177.94150062425487 42.712909986813052 14.482327312107294  177.94933728106881 42.719598036166985 14.44935880660905  177.9565080306846 42.725763825768773 14.416207353742459  177.97518621460901 42.741925858089445 14.320447898202694  177.9850109155818 42.750564484816358 14.257393458392373  177.9924282790106 42.757159913143248 14.193885035546563  177.99740696607105 42.761612954534257 14.130072632643953  177.99993180364439 42.763871025885265 14.066098437019129  178.0001020610303 42.76402330857006 13.903695991900326  177.99439547705845 42.758919216844149 13.805451829089744  177.98291437348982 42.748647988566923 13.707780988694394  177.9657327993026 42.733477828258486 13.611118423138379  177.94297529263895 42.713917089298931 13.515956655740323  177.88395122028973 42.664973970417485 13.320112182141422  177.84649727389882 42.634758074773451 13.219790868062695  177.80272139133868 42.600759345129639 13.12205392722395  177.75269768647291 42.563776323934327 13.027107891619083  177.69646271084059 42.524609592749982 12.935227559896017  177.56428888928428 42.438767072732595 12.747951569794047  177.4867530132901 42.391707605417878 12.653309544909039  177.40122388784405 42.343871560313126 12.563078512953055  177.30737279076189 42.296249485810947 12.477740319565552  177.2048188580911 42.249951361588757 12.398074279595754  177.01199250439694 42.174494129960628 12.272202132011836  176.92580488800789 42.144036637894004 12.222686437568315  176.8347539229342 42.115524041436181 12.177318490088091  176.73897474141833 42.08958342043185 12.136738668542817  176.63866611020831 42.066844910907832 12.101611062225418  176.39176961411408 42.022175967972409 12.033193345593796  176.24111498329356 42.003422600031776 12.005025378735603  176.08547873093204 41.993805992434339 11.990788842811019  175.92851520974688 41.994370599450946 11.991569438447218  175.77393486027117 42.004777802548972 12.007059935387154  175.54561618041325 42.0335247554356 12.050614052927125  175.46775863021716 42.045923894689814 12.069479442631936  175.39191489979672 42.060489635706773 12.091779990040692  175.31831515620968 42.076979335354395 12.117245905953526  175.24716800605054 42.095121725403381 12.145575664333705  175.12771870822226 42.129123736638789 12.199376033876236  175.07819247703114 42.144388417444333 12.223736776676061  175.03008715339811 42.160320073060326 12.249414094614343  174.9834054791493 42.176824814629498 12.276313867830583  174.93814603845166 42.193812103545724 12.304348367443163  174.78442955661623 42.254757131268413 12.406332953242401  174.68341672357877 42.300817593732212 12.485869615161192  174.59094637233639 42.348106521818316 12.570935801036118  174.50664805966144 42.395546633818931 12.660785645553188  174.4302054472474 42.442171913143362 12.754958469320048  174.30096707570561 42.526440105946101 12.939618301183071  174.24638740596583 42.564516628882707 13.029241760204528  174.1977049194262 42.600503015921845 13.121771555413773  174.15495388320909 42.633658983496566 13.216954947762453  174.11820315826142 42.663246177372123 13.314600637842183  174.05882715129098 42.712371874293467 13.508563796570321  174.03545901122081 42.732429809044888 13.604704812682801  174.01778754534911 42.748022293105272 13.70239966723644  174.00594206171246 42.758617299172087 13.801141305452404  174 42.763932022500214 13.900483502138059  174 42.763932022500214 14.098822822069785  174.00585951490024 42.758691130445882 14.197476452416897  174.01754129218477 42.748242551650925 14.295541610560843  174.03496964950239 42.732861620435195 14.392579911117807  174.05801803202988 42.713066625762153 14.488094060172442  174.11712636001266 42.664110770288033 14.682608495897588  174.15413336520649 42.634286763610795 14.781345931081843  174.19727007883972 42.600805420498425 14.877573099862776  174.24646533522289 42.564429057208365 14.971092490923835  174.3016836460707 42.525922106927183 15.061642468601161  174.40716038744947 42.457235893557858 15.211937863646133  174.45457145846635 42.427692292508873 15.273299797186928  174.50520125581954 42.397672415002361 15.332916507208742  174.55911438131309 42.367436910201299 15.390679350401385  174.61639066742131 42.337256256685443 15.446437980414194  174.6771250248041 42.307417262181097 15.500000599999998 
 0 7 0.050003411548222729 5 0.11977689868638529 5 0.14197384448941225 5 0.183575699942715 5 0.24753733163104796 5 0.31815305717255127 5 0.39701599935320897 5 0.45444256875721745 5 0.53260163795630655 5 0.57445250009736315 5 0.60557090948085712 5 0.68355626452738427 5 0.75213332313053172 5 0.8166036800238059 5 0.88062464885731739 5 0.94992875122390275 5 1 7
7 0 0  6 57 12  176 42.763932022500214 16  176.09851984205648 42.763932022500214 16  176.1968728468448 42.758723216098957 15.994176358387104  176.29464272634877 42.748338248633026 15.982565698710101  176.39139440055243 42.73304922114626 15.96524292654701  176.48663468619412 42.713368538152167 15.942333432222977  176.68123173830503 42.664527243975606 15.88339045547716  176.78029602620279 42.634653719580115 15.846339864579388  176.87683721833159 42.601094021177602 15.803121466156549  176.97065582536743 42.564617507564911 15.753807311676026  177.06148745095049 42.525995857982046 15.698433566406097  177.2469228801458 42.441244201517172 15.568277826260985  177.34077604762535 42.394728615976426 15.491911656632915  177.43032356461069 42.347414591474482 15.40772792467946  177.51510623000442 42.300261115615022 15.31541207961803  177.59438213858394 42.254337889354623 15.214596586828645  177.72215785822297 42.177966049633135 15.021822937824057  177.77358740465229 42.146386595038486 14.933426530151877  177.82065204596211 42.116831274782164 14.839856029397877  177.86265196956825 42.089986741880445 14.741257810740278  177.89886130706324 42.06654300497101 14.637849957010545  177.96748571107335 42.021723786738448 14.388111149416915  177.99524866038368 42.003237532244725 14.238095683978251  178.00919998808715 41.993814056972496 14.083190681823908  178.00828012922696 41.99447168250795 13.927005315568321  177.99280030324425 42.00487004901624 13.773202205519517  177.94980873852239 42.033245701087452 13.547832530808011  177.93156637024549 42.045236518634496 13.472086006308915  177.91006887436311 42.059281878915236 13.398232885442413  177.88556452226831 42.075158948068463 13.326490417417631  177.8583315668302 42.092618117100905 13.257056557046269  177.80522871965562 42.126235719937029 13.137153839671994  177.780243389784 42.141916277023746 13.08570842589568  177.75383754023665 42.15832222994073 13.035781359687588  177.72611615319087 42.175349239132537 12.987376902959083  177.69717709336319 42.192896674943718 12.940494487763553  177.59396011321883 42.254591191568601 12.78475311166677  177.51410931313865 42.300839703429709 12.683311810796811  177.42868409383414 42.348327272922241 12.590482880577939  177.33843921509342 42.395963639559106 12.50589124355688  177.2438398335234 42.44277146756076 12.429216971566422  177.05879532141699 42.527118475558403 12.299988101374606  176.9692555097331 42.565112178605169 12.245571031587403  176.87681968723911 42.601013563639228 12.197034552051713  176.78173982278011 42.634085037350395 12.154413597832677  176.68420681447975 42.663591287506939 12.117777284932988  176.52908305068533 42.702812731192616 12.070385774055028  176.47312145493473 42.715477363315834 12.055384489467306  176.41656481252505 42.726697545476782 12.042311753195312  176.35950136445118 42.736357199749428 12.031200206791761  176.30201134639728 42.744361664438124 12.022075393491463  176.20374227395533 42.755028726742985 12.009987949290688  176.16315795820864 42.75857280413998 12.005998676353633  176.12245148230568 42.7612478900488 12.003000921193925  176.08166203795381 42.763037175131238 12.001000371821553  176.04083049471384 42.763932033456257 11.999999987750762  175.99999940000001 42.763932022500121 12.000000000000091 
 0 7 0.10119940656700518 5 0.21141868786718654 5 0.33474143814465118 5 0.42826834324298646 5 0.55116698941829889 5 0.61545895491004965 5 0.66631271242622148 5 0.79004066969468911 5 0.89824816343712066 5 0.95814266445324148 5 1 7
1 174.6771243444677 11.99 15.5 0 1 0 
7 0 0  6 12 3  174.67712366413195 41.22508302078041 15.499999400000002  174.75460827402779 41.197929428426072 15.568334465217481  174.83775081811788 41.170936053700096 15.633121036837343  174.92659141935107 41.144606072247342 15.693804380888865  175.02112293566486 41.119501122868932 15.749757128755641  175.12128172645896 41.09622609791257 15.800271746808574  175.34307216494261 41.05253800849075 15.893225251776132  175.46628020010581 41.032552424836155 15.934547042682116  175.59520059411267 41.016591971709367 15.966815766343327  175.72826226553423 41.005567490285003 15.988865105156842  175.86377190050888 41 16  176 41 16 
 0 7 0.47638073729187619 5 1 7
1 176 11.99 16 0 1 0 
1 224 11.99 21 0 1 0 
7 0 0  7 8 2  224 35.917599436272369 21  224.21529599018149 35.870189946089496 21  224.42994575915702 35.829165791239859 20.972961088028605  224.63864675646491 35.795488896613115 20.919175879693373  224.83625667936491 35.76920603954553 20.840624972789495  225.01821094387995 35.749468449396815 20.740874533620751  225.1810445860219 35.735037210936262 20.625083360397728  225.32287633586805 35.724683102800611 20.4999994 
 0 8 1 8
1 225.3228756555323 11.99 20.5 0 1 0 
7 0 0  6 72 15  224 40.417424305044158 21  224.07958974598151 40.382688492139145 21  224.16030389148213 40.349436556965919 20.996199192721562  224.2416929254216 40.317902523899342 20.988396649483857  224.32329735176776 40.28825205704387 20.976474447060891  224.40465513006743 40.260586838768575 20.960399520897003  224.55290816181153 40.213460897561994 20.923316951320796  224.61995685427007 40.193414819238861 20.903542946695691  224.6861782671765 40.174834534459471 20.880946810106607  224.7513013692444 40.157712881526521 20.85561731015229  224.81506640215571 40.14201668192689 20.827690245854129  224.96520331282386 40.107419285743866 20.75441312123143  225.04987741408641 40.08991436317293 20.706688318336745  225.1308834742222 40.074942277163728 20.654567882139201  225.20789353770238 40.062241438149925 20.598501869044707  225.28063404812545 40.051540327259303 20.539001385541138  225.40481988785686 40.035229943953688 20.425558733013531  225.45779071152765 40.029042868748945 20.372508482163415  225.50779645066083 40.023857741599606 20.317701294894512  225.55483213067922 40.019533456108782 20.261337516256745  225.59890293744897 40.015943327319569 20.203607647463055  225.67162368987786 40.01069416368852 20.09941913295906  225.7014883492561 40.008779916991614 20.053435659378835  225.72963141166213 40.007181369501019 20.006812935686067  225.75606713045931 40.005852721397389 19.959615705415676  225.78081079612616 40.004753355165263 19.911902445100143  225.86995147410985 40.001254185836181 19.725733345288859  225.92226907212259 40.000250655237352 19.58394828165148  225.96121123326668 40.000000050394739 19.439584101371643  225.98706863417459 39.999999990007538 19.293597885405585  226 40 19.146806775885068  226 40 18.85403269427653  225.98721610010892 39.999999990673636 18.708080605460911  225.96165344953366 40.000000047281411 18.562919884304055  225.92315708477125 40.000244976934702 18.419353671819842  225.87144282962535 40.001225738128447 18.278320966203463  225.7530668335244 40.00581889987167 18.029419928333564  225.690969469832 40.008906003600849 17.920182873190274  225.61967577078724 40.013460331971544 17.814072867459544  225.53904189999284 40.020061750716259 17.711963827222664  225.44898110242369 40.029442054351705 17.614855916047965  225.30505306608646 40.048327782147219 17.483272531499328  225.258743807228 40.054890611688386 17.443882744647514  225.21061029293546 40.062258344596515 17.405872324287213  225.16070669446898 40.070506742048835 17.369374528930987  225.1090961447882 40.0797123724237 17.334516158044892  224.97049779918152 40.106363364033889 17.248362529262518  224.88082391843818 40.125452641646291 17.199756193881232  224.78746412278986 40.147476377196242 17.156344747387262  224.69115176924061 40.172627304638532 17.118666413465309  224.59268206451063 40.200998767071603 17.087061640753596  224.42129504971047 40.255178963076013 17.043481226420656  224.34912093981669 40.279413762162513 17.028506097659257  224.276681795337 40.305225522902084 17.016802771915014  224.2043093173925 40.332547351803946 17.00835977279386  224.13233488517551 40.361271503555294 17.003110227927728  223.97232460118585 40.42858826021962 16.998220831343495  223.88474995896857 40.467845524916882 17.000278582878181  223.79871446541554 40.508836829849393 17.00685068965355  223.71454172210392 40.551334955838087 17.01764961010068  223.63252685330363 40.595070891819809 17.032353930078909  223.34943529275751 40.753947267185559 17.097276445356957  223.16190803283379 40.874179310163633 17.167116266010957  222.99093297195625 40.99745861483882 17.254988470279589  222.83595899887985 41.121133692483255 17.357573079605011  222.69629529796848 41.243025110822174 17.472889135317665  222.54639605056369 41.384225835543234 17.625832400370815  222.52175901343779 41.407829821091816 17.652084967529046  222.49773000916991 41.431233495900834 17.678823613428435  222.47430779776036 41.454413455852382 17.706043524398634  222.45149242002813 41.477344693886245 17.733741265591245  222.42928519761105 41.500000599999993 17.761914780979826 
 0 7 0.055135345997481509 5 0.10134628943810053 5 0.16674309814944982 5 0.22031427726545078 5 0.26148082202146811 5 0.3793927944240697 5 0.49663052286258746 5 0.59190776047869043 5 0.63446802919373779 5 0.70269038532861716 5 0.75162023834683445 5 0.81257521701152891 5 0.96843196807819198 5 1 7
2 224 41.5 19 0 1 0 0 -0 1 1 0 -0 2
7 0 0  6 17 4  222.42928519761105 41.5000006 20.238085219020167  222.45138976124511 41.477449426828748 20.266128494852129  222.47409686545006 41.454625465878138 20.293700379166594  222.4974052116053 41.431554956130647 20.320798850172874  222.52131475584224 41.408262564680193 20.347420529481855  222.54582670904392 41.384771386732218 20.373560682106028  222.68387235897177 41.254686275496802 20.514550651268092  222.80908452859754 41.144633654984418 20.620088736872539  222.94681543729217 41.032923665122595 20.715232527364343  223.09756485736841 40.921190479428411 20.798616737033019  223.26184212250834 40.811292815426867 20.867985893136009  223.52590745927569 40.653853548168975 20.945081233147597  223.61554607983211 40.603238331605482 20.966185760353468  223.70812291181275 40.553942394223029 20.982674427450561  223.80331377410309 40.506336192941241 20.99408924595787  223.90074728497618 40.460741741189544 21  224 40.417424305044158 21 
 0 7 0.13015159144899827 5 0.71533161643804188 5 1 7
1 222.6771243444677 11.99 20.5 0 1 0 
7 0 0  6 12 3  222.67712366413198 36.313890810234518 20.499999400000004  222.76348420030067 36.280853534773392 20.57616230356544  222.85657373719823 36.246423436009444 20.647652691638854  222.95629821084142 36.21096034505279 20.713710981749617  223.06248379922656 36.174880076350711 20.773525631914655  223.17486126738552 36.138631438454631 20.826228143096241  223.40139020498736 36.069711587162793 20.911826295621992  223.5147879833228 36.036940724761031 20.946072237932508  223.63238520329227 36.004895641186899 20.972642578675952  223.75318710361867 35.974075626512565 20.990789761306509  223.87610317973471 35.944882271772947 21  224 35.917599436272369 21 
 0 7 0.52173928111428847 5 1 7
1 35 45 45.5 0 0 1 
2 24 45 45.5 0 0 1 1 0 -0 -0 1 0 11
1 85 45 45.5 0 0 1 
2 74 45 45.5 0 0 1 1 0 -0 -0 1 0 11
2 122 45 41 0 0 1 1 0 -0 -0 1 0 9.1999999999999993
1 131.19999999999999 44.999999999999993 41 0 0 1 
7 0 0  8 58 9  122 54.199999999999996 46.5  122.26882767076286 54.199999999999996 46.5  122.53149604265808 54.191022221486591 46.466963434680153  122.78343997586379 54.173788692099144 46.403537290873878  123.02067371076845 54.149795300338504 46.31298865026131  123.23984425472942 54.121097785887507 46.199224432374713  123.43835201827682 54.089977054122144 46.066815891909577  123.6145167667017 54.058571718882789 45.92101713923104  123.95552280162637 53.991803727802825 45.580011104306386  124.11397258561485 53.956146265591649 45.375981809875249  124.24412563487866 53.923851963576872 45.160196932873767  124.34703438940561 53.89656033816383 44.935994759700407  124.42360695597117 53.875383500158065 44.705934645211585  124.47449288900097 53.861015002576409 44.472082198546239  124.5 53.853812738024217 44.236216895070562  124.5 53.853812738024217 43.737830442361982  124.46857891135127 53.862684600901751 43.476275716065771  124.40599691458532 53.880356742036 43.217501815565079  124.31174650900495 53.906293852419317 42.963817466718169  124.18480561306451 53.939467937086619 42.718105084413367  124.02377049105246 53.978183132445523 42.484114154591268  123.82708216545409 54.019866413085467 42.266903250504988  123.3956062505538 54.095750706411025 41.909955330745177  123.16193789098077 54.131750635391754 41.755805896750168  122.8962188441423 54.165154686518498 41.625727186774334  122.60508998429178 54.191463900008948 41.530258936254583  122.29756108312628 54.206698811799065 41.476266089335233  121.9837688964254 54.209032343132918 41.467114869781497  121.67413482047425 54.199007899673774 41.502578278922257  121.18807510027945 54.166085316899299 41.62737720360083  121.00228150773924 54.148975992110039 41.693280616204461  120.82267282968316 54.128102139287691 41.775787718158099  120.65096001240306 54.10413841833924 41.874217308502942  120.48876785249442 54.077942357577925 41.987680911741322  120.33761051328993 54.050504023235874 42.115090751657746  120.19886132850012 54.022875299441694 42.255166389372583  119.93609256848653 53.966610004761733 42.572799256403627  119.81479548504024 53.938120822153088 42.752854177961709  119.71152326873136 53.911986497871396 42.944629391712056  119.62759543835855 53.889530460712272 43.145952120244317  119.56398371472127 53.871879291705731 43.354525736414935  119.52133787364119 53.859837834706219 43.567989410427614  119.5 53.853812738024217 43.783953461411365  119.5 53.853812738024217 44.23624718178332  119.52551356873364 53.861016818137074 44.472117069303195  119.57640303606357 53.875386339691417 44.705958425359732  119.65297265996259 53.896562087826986 44.93600162224579  119.75587352523634 53.923851423337794 45.160189659985271  119.88601898216885 53.956144154549747 45.375968795260015  120.04446790461158 53.991801908111206 45.580001810544317  120.38542520918804 54.058560357930538 45.920959115120766  120.56158883596835 54.089967806882427 46.066779769247084  120.76014203358491 54.121098679533205 46.199234177103065  120.97938297074523 54.149806183873181 46.313032787880729  121.21668331546371 54.173802410634281 46.403587710283219  121.46865830263908 54.191030238264929 46.46699296325226  121.73129245749755 54.199999999999996 46.5  122 54.199999999999996 46.5 
 0 9 0.12639629662887986 7 0.2812518600671679 7 0.45312108454526656 7 0.59881239052972068 7 0.69247343332484723 7 0.79547471906563083 7 0.90810676415778291 7 1 9
1 187 45 45.5 0 0 1 
2 176 45 45.5 0 0 1 1 0 -0 -0 1 0 11
1 237 45 45.5 0 0 1 
2 226 45 45.5 0 0 1 1 0 -0 -0 1 0 11
1 201.5 70 20.989999999999998 0 0 1 
7 0 0  5 6 2  201.29128758561635 68.999999399999993 29.91010668847462  201.37540521786957 69.192736970870712 29.888475332840848  201.4378639669583 69.391126417247492 29.871355892679041  201.47928189715128 69.592927383310425 29.859663321822829  201.5 69.796440582438905 29.85381273802421  201.5 70 29.85381273802421 
 0 6 1 6
7 0 0  6 57 12  196.70871215252208 68.999999999999986 29.910106621135363  196.75755763521192 68.888080939108576 29.85822039432297  196.81388808355493 68.776906120631054 29.808528288922535  196.87811340671018 68.666804460105539 29.761185017820711  196.95070679763342 68.558259404708167 29.716377877675356  197.03216775372863 68.451913009710353 29.674291391916544  197.20244570970041 68.258380528667672 29.600851371929465  197.28899142466335 68.170508184124415 29.568826394532515  197.38309106579865 68.085517318740145 29.53910939110348  197.48508353315987 68.004168440569615 29.511831617786715  197.59519481921069 67.927428785427765 29.487107988533136  197.78213618235785 67.81522983119352 29.452228540552991  197.85353848235218 67.775965730566739 29.440314713222694  197.92767420253836 67.73887672623367 29.429320031575202  198.00449436328438 67.704223504351589 29.419267016921037  198.08389025745316 67.672282144200565 29.410177599388529  198.20855926992871 67.628146101265642 29.397821801172785  198.25209784817048 67.61378602577372 29.393842299657624  198.29626510610663 67.60028699689363 29.390136287941747  198.341027241201 67.58768841612212 29.386706624884393  198.38634374970636 67.576028059777443 29.383555993825905  198.46087498849533 67.558645208370848 29.378889347636022  198.48978212570037 67.552331509236481 29.377202314875195  198.51887634488455 67.546408369426061 29.37562637914499  198.54814489260204 67.540883806622105 29.374162101943217  198.57757403440937 67.535765203785544 29.372809996555841  198.67143350668394 67.520830546776722 29.368876411475782  198.73641046099053 67.512551024417007 29.366714341916978  198.80192289348665 67.506290398938333 29.365089281656889  198.86780253053965 67.502098464529325 29.364004588304535  198.93386992567454 67.500001730796811 29.363461986345072  199.09638956705149 67.49999747512679 29.363460885092504  199.1928605006847 67.504460963822552 29.364616104868414  199.28873587319367 67.513391757749915 29.366926582877095  199.38347396756251 67.526666706755975 29.370384700104179  199.47660041353356 67.544067688909834 29.374975921715187  199.61352918808836 67.575995898364582 29.383547312785051  199.65884624568557 67.587653861586929 29.386697240991808  199.70360902707458 67.600250088735422 29.390126197239596  199.74777702077105 67.613746808182768 29.393831498593983  199.79131641633219 67.628104621898345 29.39781028654188  199.91598760623864 67.67223408833388 29.410163960816003  199.99538508003272 67.704171235938816 29.419251950500172  200.07220706039399 67.738820416594464 29.429303518851054  200.14634479437237 67.775905558206915 29.440296737721265  200.21774926340859 67.8151659730635 29.452209087493163  200.40525963393603 67.927693078515773 29.487189460689805  200.51585961815036 68.004819476245586 29.512040701668226  200.61826409513776 68.086594078327536 29.539469928814764  200.71270304159293 68.17203681065719 29.569360594375986  200.79952093208456 68.260378005342034 29.601579401097702  200.96945882780167 68.454038661538846 29.675132908559398  201.05045291926706 68.559994851718002 29.717094451241088  201.12265619879111 68.668124524902169 29.761752734619431  201.18656204994372 68.77779472152362 29.808925494610904  201.24263762080295 68.888528326842604 29.858427805475753  201.29128784747792 68.999999999999986 29.910106621135334 
 0 7 0.15750577173244257 5 0.29504313990226616 5 0.37488706648315695 5 0.41675039464740427 5 0.44297795322490341 5 0.49998634069988357 5 0.58321919029570946 5 0.62508293586177299 5 0.70492725555670976 5 0.84311968636145618 5 1 7
7 0 0  8 37 6  201.5 70 29.853812738024207  201.5 70.262169557637748 29.853812738024207  201.46857891135085 70.523724283935195 29.862684600901812  201.40599691458644 70.782498184433535 29.880356742035801  201.31174650900445 71.036182533282187 29.906293852419406  201.18480561306347 71.281894915588055 29.939467937086789  201.02377049105411 71.515885845407098 29.978183132445213  200.82708216545336 71.73309674949563 30.019866413085584  200.39560625055341 72.09004466925515 30.095750706411085  200.16193789098239 72.244194103249129 30.131750635391651  199.89621884413873 72.374272813226156 30.165154686518413  199.60508998429663 72.469741063745815 30.191463900009254  199.29756108312168 72.523733910663822 30.206698811798709  198.98376889642799 72.532885130219185 30.209032343133089  198.67413482047351 72.497421721077544 30.199007899673713  198.16904458199477 72.367736589788493 30.164796311068439  197.96515480614266 72.293362641730567 30.145510580390177  197.76897174924008 72.198957607305701 30.121726242973196  197.58275948978829 72.085458059058865 30.094370277044831  197.40865193840071 71.954100355045 30.064631789802938  197.24861406036973 71.806406988489428 30.033877569378916  197.10439277247895 71.644174525485766 30.003532866120288  196.85446882283117 71.300183719697813 29.947211317910757  196.75045139115815 71.122965571731996 29.921746335963238  196.6648551260806 70.939742690062133 29.89947703746196  196.59719378577205 70.752065278850608 29.881102866199399  196.54707660454949 70.56121655810442 29.86711652809965  196.51423629216677 70.36830965566628 29.857832305317402  196.49855340739498 70.174364576286948 29.853404285984801  196.50105704640745 69.855597911189477 29.854111200540181  196.50915350464922 69.73088071455318 29.856397310128106  196.52436551850815 69.606494117354671 29.860688618655814  196.546715889241 69.482721453786851 29.866954016755116  196.57624981951395 69.359857182135087 29.875133960919186  196.6130335514508 69.238215134162118 29.885138929017902  196.65715300468014 69.118136764493002 29.896847875813243  196.70871241438365 68.999999399999993 29.910106688474624 
 0 9 0.29398198323357738 7 0.54318668642271817 7 0.71942327084800195 7 0.89018045160283998 7 1 9
2 24 45 20.5 0 0 1 1 0 -0 -0 1 0 5
1 29 45 -0.01 0 0 1 
7 0 0  6 52 11  29 45 17  29 44.783598158624919 17  28.988760591431198 44.568971197080288 16.981267940344736  28.96662925359588 44.359328365020964 16.944380973020927  28.934862680230388 44.157783324768005 16.89087892619099  28.895574730594358 43.967188474763738 16.82326034662487  28.831250268869372 43.709287258609443 16.709582889251145  28.810012802900957 43.630999490185673 16.671674930967374  28.787828298903523 43.555133414717545 16.631617593716157  28.764851050183921 43.481685022123116 16.589582442152984  28.741227586357542 43.410642623029624 16.545727710190409  28.65146111524405 43.155254324590686 16.376366352636815  28.582011118685852 42.986022284951602 16.240044181489342  28.511342113219804 42.833483935606118 16.093792932944147  28.441528902603501 42.69671960706161 15.939255362842236  28.3743126959452 42.574955726427248 15.777389756003547  28.266480461979153 42.391361015378898 15.488391313066058  28.22376843265609 42.322360692396046 15.364630201759411  28.183907939368208 42.260759142184149 15.237779239641085  28.14754509599355 42.206555849343943 15.108171487609397  28.115271365117923 42.159780088320495 14.976084448287112  28.059523165428299 42.08064224369668 14.705364209090069  28.03618444917651 42.048502581144582 14.566637610013927  28.01821869239642 42.024291569576192 14.426188796014017  28.006078854662608 42.008105145368106 14.284583054675565  28 42 14.142348032864236  28 42 13.858060406595307  28.006044021093825 42.008058700480881 13.716232334129899  28.018114476775487 42.0241526158784 13.575028169156548  28.035978923497137 42.048225613541909 13.43497149926838  28.059189354136308 42.080182608739392 13.296623051163914  28.115137894603716 42.159576593429151 13.024202714618859  28.147906557788776 42.207062065426214 12.89012431499043  28.184887052218045 42.262199582970794 12.758601191994122  28.225460597327338 42.324959365310782 12.629922650471853  28.268950758942918 42.39534363756237 12.504437148658537  28.376904201067571 42.579691927187071 12.21646423614359  28.443255786951955 42.700208180472181 12.057058045182382  28.512095957102833 42.835327439953495 11.904802179706454  28.581750637601029 42.985792945203521 11.760622775377175  28.650229834560218 43.152485691496054 11.626094797898864  28.739715920765246 43.406078222159685 11.45707474029598  28.76385863560159 43.478457883844762 11.412225089131425  28.787333712152648 43.553342684752202 11.369264793253221  28.8099856390414 43.630745347111542 11.328361607727173  28.831650466315065 43.710670288997768 11.289697777170671  28.896147965604186 43.969975438818885 11.175753261876967  28.935232999592287 44.160137310064329 11.108497364043696  28.966823073016851 44.361165260294648 11.055295974840057  28.988826493431421 44.570227216199115 11.018622227261098  29 44.784233520070742 11  29 45 11 
 0 7 0.1117582538708863 5 0.1626595224714483 5 0.3011038110784876 5 0.39980156473380191 5 0.49999535021433417 5 0.59990164949103608 5 0.70008812225881301 5 0.83661370531116341 5 0.88856036690960571 5 1 7
7 0 0  6 52 11  29 45 11  29 45.216401841598696 11  28.988760591407662 45.431028802868134 11.018732059693546  28.966629253624863 45.640671634761844 11.055619026934467  28.934862680265482 45.842216675168707 11.109121073743749  28.895574730543583 46.032811525439847 11.176739653464869  28.831250268869397 46.290712741390472 11.29041711074882  28.8100128029009 46.369000509814526 11.328325069032729  28.787828298903538 46.444866585282426 11.368382406283828  28.764851050183992 46.518314977876663 11.410417557846893  28.741227586357514 46.58935737697044 11.454272289809643  28.651461115244096 46.844745675409186 11.623633647363096  28.582011118685717 47.013977715048732 11.759955818510981  28.511342113220017 47.166516064393427 11.906207067055304  28.441528902603388 47.303280392938603 12.060744637158093  28.374312695945282 47.42504427357261 12.222610243996245  28.266480461979196 47.608638984621045 12.511608686933842  28.223768432656104 47.677639307603954 12.635369798240555  28.183907939368236 47.739240857815808 12.76222076035882  28.147545095993575 47.793444150655993 12.891828512390488  28.11527136511792 47.840219911679519 13.023915551712919  28.059523165428327 47.919357756303292 13.294635790909791  28.036184449176449 47.951497418855425 13.433362389986497  28.018218692396477 47.975708430423822 13.573811203985361  28.006078854662587 47.99189485463188 13.715416945324803  28 48 13.857651967135681  28 48 14.14193959340458  28.00604402109381 47.991941299519127 14.28376766587018  28.018114476775505 47.975847384121586 14.424971830843518  28.035978923497154 47.951774386458069 14.565028500731684  28.059189354136283 47.919817391260644 14.703376948835958  28.115137894603716 47.840423406570856 14.975797285381127  28.147906557788758 47.792937934573814 15.109875685009513  28.184887052218045 47.737800417029199 15.24139880800587  28.225460597327345 47.675040634689204 15.370077349528188  28.268950758942907 47.604656362437645 15.495562851341454  28.376904201067486 47.420308072813079 15.783535763856181  28.443255786952054 47.29979181952767 15.942941954817982  28.512095957102702 47.164672560046753 16.095197820293073  28.581750637601175 47.014207054796159 16.239377224623205  28.650229834560189 46.847514308504032 16.373905202101078  28.739715920766997 46.593921777835341 16.542925259707335  28.763858635600911 46.521542116156446 16.587774910867235  28.787333712151021 46.446657315253304 16.630735206743804  28.80998563904123 46.369254652890056 16.671638392272623  28.831650466316646 46.289329710995879 16.710302222832119  28.896147965604225 46.030024561180952 16.824246738123101  28.93523299959228 45.839862689935565 16.891502635956336  28.966823073016879 45.638834739705352 16.944704025159915  28.988826493431414 45.42977278380085 16.981377772738931  29 45.215766479929222 17  29 45 17 
 0 7 0.11175825375488996 5 0.16265952236106263 5 0.30110381098348493 5 0.39980156464964117 5 0.49999535014116503 5 0.59990164942868596 5 0.70008812220720795 5 0.83661370527399581 5 0.88856036688155571 5 1 7
2 226 45 20.5 0 0 1 1 0 -0 -0 1 0 5
1 222.42928578572858 41.5 -0.01 0 0 1 
1 231 45 -0.01 0 0 1 
3 226 45 14 -0.70710678118654757 0 0.70710678118654757 0.70710678118654746 0 0.70710678118654746 0 1 -0 7.0710678118654746 5
1 229 41 -0.01 0 0 1 
3 226 45 14 0.70710678118654757 0 0.70710678118654757 -0.70710678118654746 0 0.70710678118654746 0 -1 0 7.0710678118654746 5
3 226 45 14 0.70710678118654757 0 0.70710678118654757 -0.70710678118654746 0 0.70710678118654746 0 -1 0 7.0710678118654746 5
1 229 49 -0.01 0 0 1 
3 226 45 14 -0.70710678118654757 0 0.70710678118654757 0.70710678118654746 0 0.70710678118654746 0 1 -0 7.0710678118654746 5
7 0 0  6 102 21  221 45 17  221 44.780243484921719 17  221.01159059545591 44.562379179780578 16.980682666195655  221.0343955640152 44.34972880323361 16.942672797826447  221.06708614619481 44.145509736665552 16.887595592121635  221.10743832547834 43.9526595519038 16.818073035700312  221.1876481992592 43.635611958717838 16.676066941307894  221.22577092924098 43.504773683653774 16.607432360454741  221.26627409392412 43.381114454789106 16.532932479236933  221.30843261066138 43.264502289795566 16.453336361894067  221.35160075739302 43.154760936115942 16.369274422176442  221.44453114401793 42.935120451862026 16.181691254619054  221.49446094948405 42.82698123233979 16.076971504883669  221.54418937007483 42.726983136811008 15.967769494067063  221.59301266737657 42.634842457442566 15.854563096936763  221.64029006285008 42.550326677124922 15.737676768801407  221.7304730154589 42.396330849048965 15.497092135444568  221.77339869352511 42.326808229144767 15.37335910644183  221.8134952491416 42.264704585190863 15.246515358828672  221.85011375198147 42.210016588095023 15.116894169707818  221.88265921342759 42.162771765507564 14.984772599940698  221.9392404825968 42.082345365219766 14.712676954734487  221.96305408230296 42.049528890815743 14.572559712167125  221.98139511145368 42.02480649599093 14.430668168261164  221.99379204979201 42.008277273261541 14.287584568509962  222 42 14.143851625927017  222 42 13.858060406595117  221.9939559789062 42.008058700480888 13.716232334130108  221.98188552322446 42.024152615878414 13.575028169156443  221.96402107650295 42.048225613541831 13.434971499268642  221.94081064586362 42.080182608739477 13.296623051163635  221.88486210539625 42.159576593429151 13.024202714618847  221.85209344221121 42.207062065426207 12.890124314990432  221.81511294778193 42.262199582970815 12.758601191994105  221.77453940267273 42.324959365310796 12.629922650471839  221.73104924105709 42.395343637562348 12.504437148658569  221.6233673792874 42.579228158983348 12.217188694616349  221.55732263719327 42.699157672704921 12.058447890361062  221.48880388111601 42.833561707433049 11.906793115441648  221.41946344572145 42.98317193886983 11.763136941804616  221.35126273412996 43.148856199966296 11.629028394414416  221.24223273876609 43.456834074452104 11.422903459445486  221.19939840742765 43.59056550903825 11.34436725615331  221.15908561039438 43.732521926552579 11.272346769173167  221.12230334883785 43.882554211797689 11.207974651459608  221.09009442048259 44.040395992770947 11.152452889312222  221.02939525358937 44.417606848311863 11.048875506819479  221.00441211631892 44.642491731863572 11.007166891105486  220.9916108287234 44.875066555574342 10.986158131468134  220.99252133440842 45.109655442485284 10.987554510667845  221.00662273870947 45.340498432155506 11.010857105199962  221.04513161691318 45.680844744204421 11.075781636510756  221.06169765244121 45.796795263933149 11.103846828570758  221.08110071835918 45.909632430523622 11.136953134884273  221.10299590898055 46.019024846495761 11.174680690911265  221.12700288780488 46.124673787558926 11.216564683492159  221.1876481992592 46.364388041281927 11.32393305869199  221.22577092924098 46.495226316346212 11.3925676395452  221.26627409392415 46.618885545211036 11.467067520763157  221.30843261066141 46.735497710204491 11.546663638106004  221.3516007573929 46.845239063883888 11.630725577823403  221.44453114401813 47.064879548138464 11.818308745381371  221.49446094948402 47.173018767660153 11.923028495116407  221.54418937007463 47.273016863188559 12.032230505932455  221.59301266737648 47.365157542557235 12.145436903062858  221.6402900628502 47.449673322875356 12.262323231199019  221.73047301545884 47.603669150950914 12.502907864555239  221.77339869352514 47.673191770855318 12.626640893558315  221.81349524914162 47.735295414809165 12.753484641171378  221.85011375198147 47.78998341190492 12.883105830292044  221.88265921342759 47.837228234492436 13.015227400059329  221.93924048259669 47.917654634780121 13.287323045265127  221.9630540823031 47.950471109184335 13.427440287833146  221.98139511145359 47.975193504009098 13.569331831738612  221.99379204979201 47.991722726738409 13.712415431490598  222 48 13.856148374072271  222 48 14.14193959340499  221.99395597890617 47.991941299519119 14.283767665869952  221.98188552322449 47.975847384121579 14.424971830843415  221.96402107650292 47.951774386458162 14.565028500731465  221.94081064586365 47.919817391260551 14.703376948836272  221.88486210539631 47.840423406570892 14.975797285381008  221.85209344221121 47.792937934573793 15.109875685009589  221.81511294778196 47.737800417029199 15.241398808005904  221.77453940267267 47.675040634689218 15.370077349528122  221.73104924105704 47.604656362437616 15.495562851341498  221.62336737928734 47.420771841016546 15.78281130538382  221.55732263719349 47.300842327295499 15.941552109638415  221.48880388111573 47.16643829256634 16.093206884558999  221.41946344572165 47.016828061130674 16.236863058194949  221.35126273412988 46.851143800033441 16.370971605585773  221.26198507618361 46.598960506421442 16.539754071153496  221.23783911704564 46.526828549214123 16.584649435318099  221.21435191573445 46.452199787090869 16.62766812550467  221.191677784034 46.375060645385638 16.668644025368199  221.16997951183461 46.295405714744533 16.707396469276571  221.10502696923612 46.035722982234851 16.822224473439917  221.06552533651012 45.844677548286867 16.890225612131474  221.0335707928387 45.642578562832121 16.944047573553476  221.01130551806213 45.432313855081972 16.981157751102728  221 45.217037376786401 17  221 45 17 
 0 7 0.05676590023648205 5 0.10055939358098716 5 0.15009828925620389 5 0.19958617371428627 5 0.25028857297405843 5 0.30031705120089158 5 0.35048582742205026 5 0.41855335887357964 5 0.46533628674953847 5 0.52534707494751964 5 0.55748545908666258 5 0.60114398012961345 5 0.65053019607435381 5 0.69986555801952377 5 0.75041169161071486 5 0.80028598120499739 5 0.85030013639267776 5 0.9181578825385518 5 0.94405395412213122 5 1 7
1 30 44.5 44 0 1 0 
7 0 0  8 149 22  30 53.310385069297347 44  30.154904978934368 53.198545501593046 44  30.306199628033351 53.08429249451617 43.993144146299869  30.453701834235456 52.967896877193162 43.979991606723431  30.597276038612893 52.849627997009513 43.961062901397433  30.736825702450435 52.729750692037953 43.936843489064827  30.872286966404982 52.608523029237467 43.907786705843144  31.003623502745683 52.486194808423029 43.87431605642761  31.494725996138641 52.010578688624335 43.729574112179542  31.826272222394056 51.649654058052661 43.588985645634232  32.126329854858028 51.284162225102534 43.423360974297253  32.397055345883388 50.916859979672715 43.238392160086534  32.640833271500824 50.549409795911146 43.037886913830064  32.860134824167631 50.182569270143624 42.823844385822809  33.056880558308549 49.8164540064314 42.596925579604225  33.34301994216802 49.223218251301603 42.204453866108068  33.441727302346159 49.001867034936794 42.051898303087633  33.532082350622588 48.78408463477377 41.895775045696446  33.616049304415256 48.566230980270177 41.732806819391868  33.69398513596218 48.347269431173324 41.560349966409113  33.764443927754556 48.130436070700448 41.377622864103159  33.825822901956009 47.924365255713575 41.185638503718437  33.891765001287446 47.686755587964448 40.926229198114456  33.906026707067554 47.634044048306691 40.86579314810438  33.919508920308857 47.582960233630146 40.803851260055247  33.932175892224649 47.533774317513945 40.740173472069046  33.943955720644901 47.486932072497865 40.674583430953042  33.954750463336595 47.443042530892029 40.606938512824293  33.964440702541786 47.402864573867888 40.537109583770537  33.979134528279019 47.340962704538072 40.411557255479615  33.98475550919386 47.316929434214373 40.356422989266825  33.989616580239179 47.295851908956593 40.299912725603157  33.993623174686611 47.278275025172853 40.242308492985558  33.996707247138957 47.264631725178305 40.183833110487065  33.99881965059862 47.25524572510124 40.124664144471268  33.999924725783771 47.25033455009924 40.064948036268355  34.000087598317272 47.249610676525066 39.929627009317912  33.998561672723312 47.25639175255359 39.855359254021337  33.995489038960876 47.270054750014289 39.782127878434935  33.990947120240016 47.290120815606599 39.710093726718306  33.985031884845895 47.315927829582186 39.639488941485531  33.977873024931654 47.346625329732746 39.570643453287097  33.969653479188494 47.38117012746924 39.504010761766899  33.947899689205116 47.470770052418629 39.350102742925685  33.933258556864288 47.529699648461431 39.263413911885976  33.916964912811757 47.593449132597272 39.179930873143967  33.899238675291009 47.660660541826928 39.099480001287297  33.880249587750249 47.73035151450685 39.021816972796643  33.860091990808968 47.801960441930717 38.946563551891153  33.838749448788498 47.875365478661578 38.87317387714527  33.764040260483569 48.123884467457373 38.635411278015269  33.704834272349899 48.308192714102653 38.475678236838604  33.639213328073765 48.498040706044073 38.322272304872932  33.56792434753924 48.689703429478286 38.175334479056225  33.491421888029336 48.881784998994107 38.034260474562224  33.409445040738497 49.074603388792212 37.897825346841934  33.321090818646773 49.269494518562297 37.764634642073368  33.069531857212951 49.78883127691352 37.421857317009028  32.897462648268075 50.111628901800216 37.22063930099052  32.707830120771277 50.435249821354958 37.029466968874907  32.499420781888659 50.759355596008049 36.848782346979455  32.270681516822904 51.083418795641286 36.679801536637981  32.020025206764849 51.406466287878814 36.52475018982954  31.745931899188683 51.726946657760678 36.386931294878323  31.343942014473825 52.152041089283266 36.230896950252827  31.237471962610392 52.260950661707369 36.193345196589441  31.127948764448391 52.369263896938023 36.158604924153579  31.015334115515476 52.4768731531707 36.126900558042898  30.899601758407705 52.583658350000384 36.098479466002608  30.780739445272623 52.689488270300124 36.073613149489461  30.658750900292361 52.794221862099583 36.052598434735692  30.442183301237041 52.973385019681338 36.023444562708264  30.349030282715276 53.048409556789863 36.013360505004144  30.254253342556851 53.122685193670137 36.005641104098473  30.157912973810571 53.196116794725704 36.000421961492791  30.060075938136524 53.268612313685637 35.997839865730292  29.960815657324051 53.340083060407693 35.998032991333687  29.860212604809615 53.410443967681196 36.001141097743144  29.598879506344524 53.587910618907742 36.016957464189858  29.436020399442551 53.693496961437724 36.034120306403587  29.270655849635126 53.795660176471557 36.059354531170882  29.103689688917239 53.89382209487264 36.093097671588723  28.936046061799559 53.987533043498154 36.135661467146946  28.768661527128259 54.076463895423714 36.187227773830777  28.602474308057815 54.160396214410511 36.247843434754799  28.298135510189876 54.30659708025572 36.37689737339533  28.15979637502484 54.370058192967264 36.442764524955507  28.023990501637542 54.429538152678532 36.51487926369493  27.891300248787047 54.485039079501341 36.593020393890875  27.762283215331315 54.536612918636663 36.676879523020411  27.637462338522969 54.584353466281037 36.766058758369333  27.517315992305011 54.628388395532866 36.860068403641016  27.258992617290456 54.7192868415787 37.080688555208788  27.123640883725148 54.764187263579466 37.209624202525674  26.996462909926144 54.804069618639858 37.344482108493523  26.877661719597548 54.839400180564731 37.484606106522541  26.76739118429742 54.870612208514949 37.629333323801681  26.665753872603041 54.898103728897404 37.77799415264473  26.572798899276158 54.922235317254795 37.929912221836467  26.364866391003503 54.974274651049235 38.311073506007133  26.259675291780852 54.998733365111285 38.543674662750107  26.172610341784345 55.017787330544785 38.780864558262643  26.103348814610925 55.032252492890109 39.021496229958032  26.051614148422221 55.042716132020814 39.264576756655373  26.017202057590676 55.049562390234996 39.509224801161572  26 55.052984631441525 39.75462797138772  26 55.052984631441525 40.176984993270956  26.008949620576509 55.051204143600259 40.353972991694611  26.026849416682445 55.047643045220966 40.530670373312283  26.05372885905609 55.042249115775149 40.706779078798405  26.089644570551787 55.034918282968647 40.881987661290736  26.134677617384657 55.025492789694695 41.055962343207554  26.18892985528927 55.013757281873843 41.228338080051735  26.27718599802186 54.993876287503127 41.464797586348737  26.303257206049217 54.987930240620692 41.530582898917856  26.330738938223497 54.981578711542355 41.596039521611353  26.359637123235178 54.974804302183216 41.661140421175233  26.389957634916193 54.967588181364313 41.725857578399243  26.421706292239961 54.959910084812613 41.790161988116914  26.454888859321393 54.951748315161062 41.854023659205531  26.536398752057913 54.931340173665205 42.003255872030373  26.585933420858996 54.918669251174251 42.08824369838414  26.638121040904959 54.905011322331632 42.172280251637837  26.692964452164556 54.89030631086893 42.255268850174112  26.750463345490548 54.874489716393313 42.337110972767782  26.810614262619669 54.857492614387489 42.417706258585937  26.873410596172587 54.839241656209701 42.496952507187864  26.992240276711044 54.803678127616273 42.638231065370647  27.04739572748684 54.78680954529942 42.70075168280551  27.104286326492041 54.769016085729426 42.762230002741887  27.162886053581868 54.750259705508356 42.822590897469752  27.223165647421933 54.730501714706264 42.881761619253297  27.285092768954147 54.709702937313288 42.939671779927302  27.348632164862565 54.687823871691847 42.996253330493573  27.526694267922519 54.624929947450461 43.147170200813605  27.644488763442634 54.581626764758411 43.238796642986642  27.766729908902409 54.534773060842141 43.325779515392355  27.892969014173101 54.484250593280969 43.407664386809302  28.022716947283747 54.429972248858114 43.484080671483923  28.155452974010409 54.371889173074713 43.55473955397585  28.290633597465309 54.309997899663969 43.619431914003187  28.624629651031626 54.150026111889893 43.762209994506769  28.824434478974197 54.04843274577054 43.833371065956364  29.025607323677217 53.939747984096748 43.891441269669841  29.226631725935842 53.824336819030272 43.936603865867674  29.426011032427443 53.702772372160176 43.969280804134122  29.622289289227496 53.575855135523348 43.990122477866876  29.814065321591112 53.444627714030474 44  30 53.310385069297347 44 
 0 9 0.043630550059182413 7 0.16845307088765721 7 0.24737847674226993 7 0.27073319074897173 7 0.2880198624666257 7 0.30963405133492911 7 0.34014637612431869 7 0.41005383673745366 7 0.52272631867289199 7 0.56177734470623919 7 0.59033345066713283 7 0.63504269862531204 7 0.67326932001405493 7 0.72087502826889527 7 0.79072158762353162 7 0.84110138399760415 7 0.86064395258142046 7 0.88710982103477454 7 0.90870806504621982 7 0.94617313257741142 7 1 9
1 74 44.5 43 0 1 0 
7 0 0  8 58 9  74 55.25 43  74.311900974331508 55.25 43  74.616729617119006 55.239152818093636 42.962940530430274  74.909483636627115 55.218321615472796 42.891760214286926  75.185772897658239 55.189243648518755 42.790078087602744  75.441881408699516 55.154296083735652 42.662219495562447  75.674896175022923 55.116135333329467 42.513250474296896  75.882879801273745 55.077294222978892 42.349009203253189  76.201198433796307 55.01182012321005 42.046936100064173  76.325120665487034 54.984131940742685 41.910840814934986  76.437114825546999 54.9573645115616 41.768980955201101  76.537478555377348 54.932024768305489 41.622307356500315  76.626502101343533 54.908529600823911 41.471608464462442  76.704448917196729 54.887217291605914 41.317539807799939  76.771537501959543 54.868359606445779 41.160652472583351  76.968011331723844 54.811964629958766 40.605827493028649  77.041577783976962 54.788384832245086 40.197089925238636  77.051671063562296 54.784612187121823 39.783050007770036  76.998956372912247 54.801657335732109 39.369710563276492  76.882472643293923 54.83875421987436 38.963390981934147  76.699804424162252 54.893058617963497 38.571685879857803  76.447338237968353 54.959120413365426 38.204697550849076  75.954734185138292 55.063324849229993 37.712093498019023  75.77315347999857 55.098431945386785 37.560414392194623  75.578177937685723 55.132073705934395 37.425269088431115  75.371596021615119 55.16295189278101 37.308033499513144  75.155340400196764 55.189909707289004 37.209834758943167  74.931451178625224 55.212009715073371 37.13154943904437  74.70204691133489 55.228583160654381 37.073797929769334  74.210127082519378 55.251129697816751 36.995885482997856  73.945140114033194 55.255761549386982 36.980473792994843  73.679160531277304 55.252372451859721 36.992076674796067  73.41718786858064 55.240912942145236 37.030582370466092  73.164114729459797 55.222188126812846 37.094469175166822  72.924450623631941 55.197737290469625 37.180815265874564  72.702070448619736 55.169543005656834 37.285258360740805  72.110206378862173 55.081986126099814 37.62697124073901  71.782566639614117 55.016016226848031 37.905247107829553  71.516163183660581 54.950978800593248 38.218437363503753  71.307625123783524 54.893658365368346 38.554727158433209  71.153612807635156 54.848163512619259 38.905941095920333  71.051507438150495 54.81691428263133 39.266443578546472  71 54.801147891956333 39.632296020330578  71 54.801147891956354 40.229873989697467  71.020129926239179 54.80730961520797 40.45955652885187  71.060333210340431 54.819614709019305 40.687924754919173  71.120751944079615 54.837855267987599 40.913811848867418  71.201703292164098 54.86162437195204 41.1359416515566  71.303652104475191 54.89029449101254 41.352839822756103  71.427179727774671 54.922983757614418 41.562721542799579  71.751266572137027 55.001968995956176 42.008788816042475  71.968023806036769 55.050930576260434 42.247480737959577  72.224386278047376 55.102828270849038 42.469238684048165  72.519338033709104 55.153661325589027 42.664365210449859  72.849931771601959 55.198390877492749 42.823666661939413  73.211517672565932 55.231960335088893 42.938364902978684  73.597765383260707 55.25 43  74 55.25 43 
 0 9 0.09543530377662976 7 0.16674816539330795 7 0.34391665870727484 7 0.43444487571817803 7 0.53525442716304439 7 0.72971591508161016 7 0.85128554865080541 7 1 9
1 122 44.5 46.5 0 1 0 
2 122 45 41 0 0 1 1 0 -0 -0 1 0 9.1999999999999993
2 122 45 41 0 0 1 1 0 -0 -0 1 0 9.1999999999999993
1 131.19999999999999 44.999999999999993 41 0 0 1 
2 122 45 47.5 0 0 1 1 0 -0 -0 1 0 9.1999999999999993
2 122 45 61.700000000000003 0 0 1 1 0 -0 -0 1 0 10
1 132 44.999999999999993 47.5 0 0 1 
2 122 45 47.5 0 0 1 1 0 -0 -0 1 0 10
1 229 45.000000000000007 19 1 0 0 
2 229 45 14 1 0 0 -0 0 1 0 -1 0 5
3 122 45 14 0.70710678118654757 0 -0.70710678118654757 0.70710678118654746 0 0.70710678118654746 0 -1 0 4.2426406871192848 3
3 122 45 14 0.70710678118654757 0 0.70710678118654757 0.70710678118654746 0 -0.70710678118654746 -0 1 0 4.2426406871192848 3
3 74 45 14 0.70710678118654757 0 -0.70710678118654757 0.70710678118654746 0 0.70710678118654746 0 -1 0 4.2426406871192848 3
3 74 45 14 0.70710678118654757 0 0.70710678118654757 0.70710678118654746 0 -0.70710678118654746 -0 1 0 4.2426406871192848 3
3 74 45 14 0.70710678118654757 0 0.70710678118654757 0.70710678118654746 0 -0.70710678118654746 -0 1 0 4.2426406871192848 3
3 74 45 14 0.70710678118654757 0 -0.70710678118654757 0.70710678118654746 0 0.70710678118654746 0 -1 0 4.2426406871192848 3
3 122 45 14 0.70710678118654757 0 0.70710678118654757 0.70710678118654746 0 -0.70710678118654746 -0 1 0 4.2426406871192848 3
2 122 45 11 0 0 1 1 0 -0 -0 1 0 3
1 125 45 11 0 0 1 
2 122 45 29 0 0 1 1 0 -0 -0 1 0 3
2 176 45 20.5 0 0 1 1 0 -0 -0 1 0 4
1 180 45 15.5 0 0 1 
7 0 0  7 26 5  180 45 17  180 44.88717209858352 17  179.99628712801746 44.774547539621082 16.995049015092142  179.9888851950202 44.662705511717149 16.985180583451722  179.97791109085946 44.552217673924538 16.970526021890183  179.96357157335424 44.443645409081064 16.951316622313609  179.94616005737618 44.337537077146081 16.927885848181258  179.91402138904687 44.172722170113907 16.884386221682586  179.90101288274073 44.112034441618441 16.866730992589783  179.88708940849619 44.052397152113812 16.847773343382379  179.87231372892936 43.993842955233276 16.827581913746876  179.85674984579242 43.936402089180305 16.806226483359573  179.84046299997357 43.880102376728495 16.783777971886519  179.74823737961989 43.580002599593158 16.656029033159946  179.66004905902085 43.358248381948727 16.531672242923165  179.56384701389712 43.158776283699027 16.392303931148355  179.46342368900514 42.980011356593096 16.241349991681709  179.36164126491224 42.820197093809824 16.080872961354586  179.26077508133523 42.677771025981478 15.911756792271563  179.1453788207869 42.528676023740651 15.701220020802692  179.12765131784136 42.506176679638557 15.668377681585287  179.11005865267529 42.484231030195033 15.635254906398671  179.09261770198026 42.462835429288084 15.601853937281545  179.07534581348725 42.441986963173683 15.568176690490329  179.05826080596725 42.421683450485844 15.534224756499183  179.04138096923094 42.401923442236615 15.499999400000004 
 0 8 0.21080754070344324 6 0.33695680147032847 6 0.89746092450714221 6 1 8
2 176 45 15.5 0 0 1 1 0 -0 -0 1 0 4
7 0 0  7 26 5  179.04138096923094 47.598076557763378 15.499999400000004  179.0579388143818 47.578693481855659 15.533571890184485  179.07469408166895 47.558787436526437 15.566881295956739  179.09162950324281 47.538357055916158 15.59992641713505  179.10872825012601 47.517400295267642 15.63270575539698  179.1259739322135 47.495914430926121 15.665217514279391  179.14335059827272 47.473896060339243 15.697459599178416  179.25884296021164 47.324976273947527 15.908542599972083  179.36023991210601 47.182061292512202 16.078701085043814  179.46259205419111 47.021589016733245 16.240142204705911  179.56359232376374 46.841973730144979 16.391976179211483  179.66033563312834 46.641429961834731 16.532111130691511  179.74896637812995 46.418357777903132 16.657063427728893  179.84155652108839 46.11616809621335 16.78528694241724  179.85793786619971 46.059331244325726 16.807859714850014  179.87358098692926 46.00133474640726 16.829317728751157  179.88841884251897 45.942207802273131 16.849588049767821  179.90238574260911 45.881982131651021 16.868599005672287  179.91541734723862 45.820691974181109 16.88628018636194  179.94719461270168 45.656124586957553 16.929277932266519  179.96428045192397 45.55095844236395 16.952266182340065  179.97834487295327 45.443392000865053 16.971105251278715  179.98910481305538 45.333960466880185 16.985473371035766  179.99636075104337 45.223212654396953 16.995147187553901  180 45.111705737350043 17  180 45 17 
 0 8 0.10058174510579826 6 0.66409397919005664 6 0.79129386399039958 6 1 8
2 176 45 15.5 0 0 1 1 0 -0 -0 1 0 3
1 176 42.401923788646684 15.5 1 0 0 
3 176 45 14 0.70710678118654757 0 -0.70710678118654757 0.70710678118654746 0 0.70710678118654746 0 -1 0 4.2426406871192848 3
1 176 47.598076211353316 15.5 1 0 0 
3 176 45 14 0.70710678118654757 0 -0.70710678118654757 0.70710678118654746 0 0.70710678118654746 0 -1 0 4.2426406871192848 3
3 176 45 14 0.70710678118654757 0 0.70710678118654757 0.70710678118654746 0 -0.70710678118654746 -0 1 0 4.2426406871192848 3
3 176 45 14 0.70710678118654757 0 0.70710678118654757 0.70710678118654746 0 -0.70710678118654746 -0 1 0 4.2426406871192848 3
1 176 45.000000000000007 17 1 0 0 
3 199 45 14 0.70710678118654757 0 0.70710678118654757 0.70710678118654746 0 -0.70710678118654746 -0 1 0 4.2426406871192848 3
3 199 45 14 0.70710678118654757 0 -0.70710678118654757 0.70710678118654746 0 0.70710678118654746 0 -1 0 4.2426406871192848 3
3 199 45 14 0.70710678118654757 0 -0.70710678118654757 0.70710678118654746 0 0.70710678118654746 0 -1 0 4.2426406871192848 3
3 199 45 14 0.70710678118654757 0 0.70710678118654757 0.70710678118654746 0 -0.70710678118654746 -0 1 0 4.2426406871192848 3
3 199 45 14 0.70710678118654757 0 -0.70710678118654757 0.70710678118654746 0 0.70710678118654746 0 -1 0 4.2426406871192848 3
1 176 42.000016666712966 13.99 1 0 0 
3 199 45 14 0.70710678118654757 0 0.70710678118654757 0.70710678118654746 0 -0.70710678118654746 -0 1 0 4.2426406871192848 3
3 199 45 14 0.70710678118654757 0 0.70710678118654757 0.70710678118654746 0 -0.70710678118654746 -0 1 0 4.2426406871192848 3
1 176 47.999983333287034 13.99 1 0 0 
3 199 45 14 0.70710678118654757 0 -0.70710678118654757 0.70710678118654746 0 0.70710678118654746 0 -1 0 4.2426406871192848 3
2 176 45 11 0 0 1 1 0 -0 -0 1 0 3
1 235.30000000000001 45 20.5 0 0 1 
2 226 45 20.5 0 0 1 1 0 -0 -0 1 0 9.3000000000000007
2 226 45 21.5 0 0 1 1 0 -0 -0 1 0 9.3000000000000007
2 24 45 45.5 0 0 1 1 0 -0 -0 1 0 10.25
2 74 45 45.5 0 0 1 1 0 -0 -0 1 0 10.25
1 112.8 45 41 0.48706831452922028 1.1929733047086119e-16 -0.87336387432825757 
2 122 45 38.399999999999999 0 0 -1 -1 0 -0 0 1 0 7.75
2 176 45 45.5 0 0 1 1 0 -0 -0 1 0 10.25
2 226 45 45.5 0 0 1 1 0 -0 -0 1 0 10.25
1 112.8 45 41 0.48706831452922028 1.1929733047086119e-16 -0.87336387432825757 
2 122 45 38.399999999999999 0 0 -1 -1 0 -0 0 1 0 7.75
2 122 45 38.399999999999999 0 0 -1 -1 0 -0 0 1 0 7.75
2 24 45 20.5 0 0 1 1 0 -0 -0 1 0 9.3000000000000007
3 74 45 14 0.70710678118654757 0 0.70710678118654757 0.70710678118654746 0 -0.70710678118654746 -0 1 0 4.2426406871192848 3
3 74 45 14 0.70710678118654757 0 -0.70710678118654757 0.70710678118654746 0 0.70710678118654746 0 -1 0 4.2426406871192848 3
3 74 45 14 0.70710678118654757 0 0.70710678118654757 0.70710678118654746 0 -0.70710678118654746 -0 1 0 4.2426406871192848 3
2 24 45 33.799999999999997 0 0 1 1 0 -0 -0 1 0 10.25
1 34.25 45 33.799999999999997 0 0 1 
2 74 45 33.799999999999997 0 0 1 1 0 -0 -0 1 0 10.25
1 84.25 45 33.799999999999997 0 0 1 
2 176 45 33.799999999999997 0 0 1 1 0 -0 -0 1 0 10.25
1 186.25 45 33.799999999999997 0 0 1 
7 0 0  8 58 9  176 55.25 42.5  176.26842862079209 55.25 42.5  176.5309048663957 55.241965839811414 42.467061414072887  176.78281907001897 55.226522716946519 42.403738611429162  177.02012902512058 55.205007685034012 42.313251332104095  177.23943004065453 55.179276758112003 42.199491136096185  177.43808464107741 55.151389157965298 42.067033269928039  177.61439071957537 55.123264692500683 41.921143186357419  177.95583475652424 55.063481713236619 41.579699149408526  178.11440103642883 55.031592105750519 41.375401817578677  178.24453229664641 55.002766900465204 41.159446387539546  178.34733868693456 54.978453714210673 40.935195115731538  178.42378193298481 54.959616488389081 40.705208283237695  178.4745561018982 54.946846714466659 40.471534706781462  178.5 54.940447676035532 40.235924122183008  178.5 54.940447676035532 39.738215670289271  178.46867118106371 54.948326460401624 39.476977873228009  178.4062447563648 54.964027854158957 39.218407975616891  178.3121652209125 54.987098993849436 38.964783403974195  178.18534936347345 55.016662808687528 38.718977857535066  178.02432688623693 55.051242814424043 38.484757955545703  177.82747507646528 55.088553236634638 38.2672282947618  177.39523859963685 55.156579878659002 37.909651183455672  177.16137209123329 55.188836991508701 37.755483553122197  176.89557357189184 55.218773667868625 37.625483408404776  176.60444533735304 55.242369105011278 37.530115935807849  176.29697877725764 55.256026941774209 37.476225816959996  175.98331627960621 55.258097192799006 37.467155758226689  175.67388187180364 55.249090345314983 37.502643225102283  175.18807818673002 55.219569046150163 37.62737641113501  175.00228325153802 55.204222954169914 37.69327958135132  174.82267199329632 55.185506764678536 37.775787596260592  174.65095777346187 55.164031833905028 37.874218513046088  174.48876625815481 55.140572713236509 37.987682530243013  174.33761080895997 55.116019852400889 38.115091032163782  174.19886280454011 55.09131506201998 38.255164605146739  173.93608189258407 55.041034755959473 38.572812161352836  173.81479569156528 55.015598769255085 38.752859080949477  173.71153029994994 54.992284988520083 38.944620387767834  173.62760002536538 54.972266368943323 39.145937342831161  173.56398247038078 54.956538994057354 39.354518790606626  173.52133472309728 54.945813346555497 39.56799776145624  173.5 54.940447676035532 39.78396929142221  173.5 54.940447676035532 40.235950320636832  173.52544946412883 54.946848105444616 40.471564470135206  173.5762265637149 54.959618643737912 40.705228165279898  173.65266711813499 54.978454990850267 40.935200471559348  173.75546675701065 55.002766440410511 41.159440039302915  173.885591900793 55.031590548738571 41.37539113274827  174.04415794670803 55.063480435655322 41.579691852640757  174.38555279782261 55.123254803037504 41.921086703755371  174.56185769776295 55.151381079968331 42.06699803938703  174.7605564949377 55.179277507884244 42.199500571720407  174.97992610223812 55.205017177498966 42.313294293996471  175.21730099817663 55.226534703941482 42.403787685458468  175.46924546211679 55.241972834619467 42.467090121303713  175.73168833541882 55.25 42.5  176 55.25 42.5 
 0 9 0.12630763423367436 7 0.28118429809299883 7 0.45303736365107117 7 0.59874038115121297 7 0.69248758326885529 7 0.79559040185542895 7 0.90820005473402987 7 1 9
2 176 89.700000000000003 40 0 1 0 0 -0 1 1 0 -0 6.5785
1 176 78 46.578499999999998 0 1 0 
2 176 78 40 0 1 0 0 -0 1 1 0 -0 6.5785
2 176 78 40 0 1 0 0 -0 1 1 0 -0 2.5
1 176 44.5 42.5 0 1 0 
2 226 45 33.799999999999997 0 0 1 1 0 -0 -0 1 0 10.25
1 236.25 45 33.799999999999997 0 0 1 
7 0 0  8 149 22  220 53.310385069297347 44  220.18784522066741 53.446007103006522 44  220.38167541660678 53.57856820845349 43.989918451446798  220.58009962466863 53.706722618447721 43.968630544661757  220.78166268110454 53.829390230000207 43.93523870004767  220.9848529068266 53.945745529344272 43.889078082490393  221.18811722457215 54.055201691592487 43.829724840476096  221.38988370797441 54.157389855029663 43.757007069924164  221.72292958949609 54.316185812814304 43.612885247348366  221.85539753983747 54.376610639644554 43.548890726875861  221.9854705185457 54.4333661615957 43.479164984616801  222.11263700861119 54.486458684164155 43.403909972507691  222.23640690431913 54.535936223333159 43.323401431341281  222.35631954453689 54.581882021626193 43.237990770984723  222.47195174600074 54.624408064160363 43.148106950597722  222.64903620779702 54.687025276822133 42.998350126552729  222.71352878959769 54.709248397637062 42.941005014217581  222.77636385773485 54.730359348514575 42.882291497802193  222.83750459250331 54.750399349242102 42.822280503235454  222.89691725404012 54.769409276027112 42.761045428245858  222.95457135760327 54.787429489499928 42.69866216418901  223.01043984884987 54.804499662716402 42.635209117875199  223.12838488192193 54.83975470449996 42.494611998023494  223.18974859311936 54.857579660965975 42.417070256938764  223.24858129876239 54.87420610499619 42.338239375892336  223.30487677697312 54.889702616364474 42.258215059320086  223.35863169793978 54.904133728181108 42.17709135034427  223.40984562391674 54.917559926892729 42.094960630773478  223.45852100922474 54.930037652282365 42.011913621102643  223.53970079125349 54.950413698822764 41.864350351619507  223.57328123261701 54.958692400919332 41.800177901571558  223.6054102743382 54.966479092749793 41.735553719454437  223.6360937331701 54.973795995234902 41.670508484588936  223.66533749262175 54.980663861225473 41.60507186653134  223.69314750295834 54.987101975502441 41.539272525073407  223.71952978120092 54.993128154776805 41.473138110242452  223.80883775851726 55.013274155323828 41.235408678957128  223.86373406315809 55.02516025508001 41.062079611777811  223.90929983279779 55.034702791353602 40.887121777673237  223.94563916037802 55.042122289153532 40.710907523903444  223.9728349596906 55.04758025294435 40.533777015070108  223.99094518005256 55.051183214738927 40.356047427566914  224 55.052984631441525 40.178022151488783  224 55.052984631441525 39.817825316491017  223.99051782994081 55.05109819573466 39.635646955035426  223.97155279049176 55.047325169523155 39.453785134167013  223.94307173395251 55.041606923426656 39.272565245982349  223.90501116574228 55.033826637498514 39.092328162120047  223.85728047106844 55.023807127450858 38.913440530207588  223.79976626677382 55.01130621308846 38.736305060775628  223.67335407167485 54.982628755064731 38.40834492651959  223.60675500650154 54.967102121548237 38.256928006564316  223.5324708122663 54.949222491916238 38.107505021862153  223.45044498041008 54.928746410828616 37.960484427754082  223.36063613532704 54.905391990419901 37.816298163479551  223.26301980529976 54.87883669662866 37.67540165782205  223.15759019343457 54.848715135526611 37.538273834754634  222.96091005135679 54.789485588272981 37.307498574118171  222.87319054210104 54.762184646331534 37.211863659614508  222.78131478873061 54.732580271728203 37.118846932748696  222.68541887777772 54.700536773431686 37.028759561514931  222.58566127634148 54.665918664371112 36.941889664193532  222.48222049402239 54.628592814332684 36.858502648817179  222.37529274485811 54.588430602856121 36.778841552637026  222.18356324185103 54.51341025175369 36.647115351683894  222.10027499881343 54.479903437999596 36.593284431935622  222.01537244898418 54.444765624112158 36.54176200514307  221.92901112568248 54.407980261494771 36.492657173690915  221.84135329601793 54.369539225652176 36.446061075875029  221.75256673020081 54.329443782131619 36.402047202228239  221.66282347085215 54.287705552464054 36.360671711846024  221.40825471941255 54.165776512152433 36.251847558690187  221.24202554898042 54.082068797736866 36.190677034208598  221.07454298205488 53.993340932234489 36.138567220912059  220.90675198051184 53.899809079104529 36.095479794021415  220.73959665841403 53.801800998821413 36.061239365036919  220.5740092625592 53.699766119620904 36.035538732041637  220.41090205222579 53.594283650060852 36.017943073605053  220.14948714786485 53.417189643077236 36.001496241882037  220.04905042180673 53.347118177291435 35.998148490090223  219.94994062602973 53.27593511253837 35.997709786388775  219.85223912801902 53.203725217027035 36.000041673355291  219.75602031920917 53.13057699377601 36.005007088001697  219.6613519975335 53.056582423713621 36.012470169107893  219.56829574997471 52.981836708778147 36.022296064555754  219.35008800081022 52.801807552122213 36.051078961248592  219.22644413590558 52.695889658302065 36.072103809709112  219.10599999435252 52.588840219980924 36.097088888121043  218.98876083919913 52.480806296690041 36.125725559560237  218.87471504655761 52.371924743006943 36.157731675164989  218.76383620957208 52.262320830493685 36.19285030319903  218.6560852423859 52.152106869635183 36.230848458114615  218.25163611574342 51.724268241460685 36.38798469066743  217.97650549912177 51.402319376172002 36.526582266229845  217.72501239213182 51.077793622051097 36.682536075814724  217.49561357975153 50.752258406588304 36.852508488535001  217.28670140120042 50.426694495039165 37.034255452695376  217.09670385427364 50.101632053487918 37.226559523125701  216.9243992687278 49.777413484187718 37.428986585563024  216.67604005041215 49.262869931169291 37.769263799218621  216.59037978680612 49.073656300360888 37.898691298335663  216.51071337203319 48.886336173935675 38.031240125466105  216.43625826878423 48.699792217905369 38.168122409580249  216.36678128798687 48.513787843127169 38.310405325641504  216.30265294795669 48.329549749690941 38.458642169370655  216.24451664944124 48.150292072564639 38.612756537061706  216.16098466778803 47.875490545058867 38.871776973793423  216.13166383265784 47.774368208351234 38.972865324041123  216.10450089944135 47.676415000349316 39.07767596439907  216.07948472641158 47.581996356400964 39.187684825218234  216.057032498083 47.493121442529159 39.303743571973818  216.03775710767053 47.413357175664466 39.426298802049871  216.02235210401835 47.347607022103332 39.555794135424541  216.00577403124967 47.275667534004015 39.771323620530794  216.00131305465638 47.255954489787896 39.852171779107913  215.99869583371176 47.244188662499305 39.934595347292245  215.99806028912039 47.241297863977891 40.017683862640666  215.99943890244754 47.247534583668852 40.100655144007881  216.00277486535265 47.262473046856257 40.182710708580622  216.00789944989151 47.285010785395365 40.262891568443798  216.02499907634586 47.358820195148873 40.463374551707787  216.03937538409008 47.419800271449255 40.580330725528029  216.05689884120102 47.491995376291861 40.691507575970611  216.07704109890796 47.571788163419669 40.797278130647989  216.09934839938848 47.656504922214559 40.898037355457689  216.12351360684372 47.744562313733127 40.994457543558951  216.14951749102741 47.83553175212063 41.087635044001516  216.2298116836163 48.104690297296628 41.3479189370466  216.28936561960694 48.291382615358408 41.510724641263074  216.35556534709843 48.483984875788103 41.666941160821921  216.42759782869197 48.678436761481578 41.816379863404393  216.50494922706585 48.873224496342971 41.959672334022542  216.58789338294122 49.068716529329272 42.098146103817832  216.67740863981606 49.266396690628675 42.233320701630852  216.95043513826417 49.830052605885435 42.605349955831528  217.14689980275847 50.19433395983792 42.830708110965681  217.36573646098333 50.559320350961528 43.043297610252175  217.60884971837177 50.924889960523679 43.242443820659702  217.87867469143964 51.290288293126785 43.426151583775848  218.17756105937366 51.653868781975518 43.590652279295284  218.50762646280862 52.012909362007491 43.730323844548884  218.99687317267808 52.486657369750901 43.874442580657352  219.12815198222884 52.608915828568954 43.907880830480927  219.26355121392908 52.730074472108008 43.936908900640908  219.4030344165088 52.849883746830258 43.961103846875005  219.54653765853871 52.968085879567596 43.980012982085483  219.69396439594041 53.08441636930263 43.993151591100798  219.8451791505876 53.198606242115609 44  220 53.310385069297347 44 
 0 9 0.054012123526373086 7 0.090527449617475914 7 0.11228065118970638 7 0.13798784767025934 7 0.15750833891896143 7 0.20783126087061735 7 0.25932801171382802 7 0.30437542376561977 7 0.33757643299153717 7 0.3621379634935481 7 0.40664693543251407 7 0.43497701776008996 7 0.47429055861851138 7 0.58688213163378777 7 0.6543004519004727 7 0.69633986607280518 7 0.72022524910097308 7 0.7584950638250969 7 0.82910928945354634 7 0.95558890895814352 7 1 9
2 220 89.700000000000003 40 0 1 0 0 -0 1 1 0 -0 8.3309999999999995
1 220 78 48.331000000000003 0 1 0 
2 220 78 40 0 1 0 0 -0 1 1 0 -0 8.3309999999999995
2 220 78 40 0 1 0 0 -0 1 1 0 -0 4
1 220 44.5 44 0 1 0 
1 77 45 11 0 0 1 
2 74 45 20.5 0 0 1 1 0 -0 -0 1 0 3
2 74 45 11 0 0 1 1 0 -0 -0 1 0 3
1 119 45 11 0.85716730070211233 2.0994543822772374e-16 -0.51503807491005416 
2 122 45 29 0 0 1 1 0 -0 -0 1 0 7.75
2 176 45 20.5 0 0 1 1 0 -0 -0 1 0 9.3000000000000007
1 202 45 13.99 0 0 1 
3 199 45 21 0 0.70710678118654757 0.70710678118654757 0 0.70710678118654746 -0.70710678118654746 -1 0 0 4.2426406871192848 3
3 199 45 21 0 0.70710678118654757 0.70710678118654757 0 0.70710678118654746 -0.70710678118654746 -1 0 0 4.2426406871192848 3
3 199 45 21 0 0.70710678118654757 -0.70710678118654757 0 0.70710678118654746 0.70710678118654746 1 -0 0 4.2426406871192848 3
1 196.00166712988701 44.899999999999999 13.99 0 0 1 
2 199 45 21.010000000000002 0 0 1 1 0 -0 -0 1 0 3
1 201.99833287011299 44.899999999999999 13.99 0 0 1 
3 199 45 21 0 0.70710678118654757 -0.70710678118654757 0 0.70710678118654746 0.70710678118654746 1 -0 0 4.2426406871192848 3
2 199 45 13.99 0 0 1 1 0 -0 -0 1 0 3
1 173 45 11 0.85716730070211233 2.0994543822772374e-16 -0.51503807491005416 
2 226 45 21.5 0 0 1 1 0 -0 -0 1 0 9.5
1 129.75 45 29 0 0 1 
1 129.75 45 29 0 0 1 
2 122 45 29 0 0 1 1 0 -0 -0 1 0 7.75
2 24 45 21.5 0 0 1 1 0 -0 -0 1 0 9.3000000000000007
1 33.299999999999997 45 20.5 0 0 1 
1 13.75 44.999999999999993 33.799999999999997 0.48481943751051726 1.1874651446233503e-16 -0.87461426526897312 
2 24 45 32.446999999999996 0 0 -1 -1 0 -0 0 1 0 9.5
1 63.75 44.999999999999993 33.799999999999997 0.48481943751051726 1.1874651446233503e-16 -0.87461426526897312 
2 74 45 32.446999999999996 0 0 -1 -1 0 -0 0 1 0 9.5
1 165.75 45 33.799999999999997 0.48481943751051726 1.1874651446233503e-16 -0.87461426526897312 
2 176 45 32.446999999999996 0 0 -1 -1 0 -0 0 1 0 9.5
1 215.75 44.999999999999993 33.799999999999997 0.48481943751051726 1.1874651446233503e-16 -0.87461426526897312 
2 226 45 32.446999999999996 0 0 -1 -1 0 -0 0 1 0 9.5
2 74 45 20.5 0 0 1 1 0 -0 -0 1 0 9.3000000000000007
1 71 44.999999999999993 11 0.85716730070211233 2.0994543822772374e-16 -0.51503807491005416 
2 176 45 21.5 0 0 1 1 0 -0 -0 1 0 9.3000000000000007
1 185.30000000000001 45 20.5 0 0 1 
2 199 44.899999999999999 21 0 1 0 0 -0 1 1 0 -0 3
1 199 44.899999999999999 24 0 1 0 
2 199 56.999999999999986 21 0 1 0 0 -0 1 1 0 -0 3
3 199 45 21 0 0.70710678118654757 -0.70710678118654757 0 0.70710678118654746 0.70710678118654746 1 -0 0 4.2426406871192848 3
1 201.99998333328705 44.899999999999999 21.010000000000002 0 1 0 
3 199 45 21 0 0.70710678118654757 0.70710678118654757 0 0.70710678118654746 -0.70710678118654746 -1 0 0 4.2426406871192848 3
3 199 45 21 0 0.70710678118654757 0.70710678118654757 0 0.70710678118654746 -0.70710678118654746 -1 0 0 4.2426406871192848 3
1 196.00001666671295 44.899999999999999 21.010000000000002 0 1 0 
3 199 45 21 0 0.70710678118654757 -0.70710678118654757 0 0.70710678118654746 0.70710678118654746 1 -0 0 4.2426406871192848 3
1 199 44.899999999999999 21.010000000000002 1 0 0 
1 235.5 45 21.5 0 0 1 
2 24 45 21.5 0 0 1 1 0 -0 -0 1 0 9.5
1 33.5 45 21.5 0 0 1 
1 83.5 45 21.5 0 0 1 
2 74 45 21.5 0 0 1 1 0 -0 -0 1 0 9.5
1 185.5 45 21.5 0 0 1 
2 176 45 21.5 0 0 1 1 0 -0 -0 1 0 9.5
2 74 45 21.5 0 0 1 1 0 -0 -0 1 0 9.3000000000000007
1 83.299999999999997 45 20.5 0 0 1 
2 176 89.700000000000003 40 0 1 0 0 -0 1 1 0 -0 12.5
2 220 89.700000000000003 40 0 1 0 0 -0 1 1 0 -0 14
1 181.7116812086139 89.700000000000003 28.881245673585244 0 1 0 
1 217.25394406918841 89.700000000000003 26.271956555107558 0 1 0 
Polygon3D 0
PolygonOnTriangulations 0
Surfaces 189
1 0 0 0 1 0 -0 0 0 1 0 -1 0 
1 0 0 0 -0 1 0 0 0 1 1 0 -0 
1 0 0 62 0 0 1 1 0 -0 -0 1 0 
1 0 0 0 0 0 1 1 0 -0 -0 1 0 
1 0 90 0 -0 1 0 0 0 1 1 0 -0 
2 -0.01 45 14 1 0 0 -0 0 1 0 -1 0 12.5
1 250 0 0 1 0 -0 0 0 1 0 -1 0 
2 99 -0.01 14 0 1 0 0 -0 1 1 0 -0 8
2 122 -0.01 24 0 1 0 0 -0 1 1 0 -0 13
2 176 -0.01 14 0 1 0 0 -0 1 1 0 -0 12.5
2 224 -0.01 19 0 1 0 0 -0 1 1 0 -0 13
2 24 45 61.700000000000003 0 0 1 1 0 -0 -0 1 0 17.5
2 10 65 53 0 0 1 1 0 -0 -0 1 0 7
2 10 25 53 0 0 1 1 0 -0 -0 1 0 7
2 74 45 61.700000000000003 0 0 1 1 0 -0 -0 1 0 17.5
2 122 45 61.700000000000003 0 0 1 1 0 -0 -0 1 0 19
2 242 25 53 0 0 1 1 0 -0 -0 1 0 7
2 176 45 61.700000000000003 0 0 1 1 0 -0 -0 1 0 17.5
2 226 45 61.700000000000003 0 0 1 1 0 -0 -0 1 0 17.5
2 199 70 61.700000000000003 0 0 1 1 0 -0 -0 1 0 10
2 242 65 53 0 0 1 1 0 -0 -0 1 0 7
2 28 20 -0.01 0 0 1 1 0 -0 -0 1 0 3
2 10 25 -0.01 0 0 1 1 0 -0 -0 1 0 4.5
2 242 25 -0.01 0 0 1 1 0 -0 -0 1 0 4.5
2 24 45 -0.01 0 0 1 1 0 -0 -0 1 0 10.199999999999999
2 10 65 -0.01 0 0 1 1 0 -0 -0 1 0 4.5
2 226 45 -0.01 0 0 1 1 0 -0 -0 1 0 10.199999999999999
2 242 65 -0.01 0 0 1 1 0 -0 -0 1 0 4.5
2 222 70 -0.01 0 0 1 1 0 -0 -0 1 0 3
2 30 89.700000000000003 40 0 1 0 0 -0 1 1 0 -0 14
2 74 89.700000000000003 40 0 1 0 0 -0 1 1 0 -0 12.5
2 122 89.700000000000003 44 0 1 0 0 -0 1 1 0 -0 12.5
2 176 89.700000000000003 40 0 1 0 0 -0 1 1 0 -0 12.5
2 122 45 61.700000000000003 0 0 1 1 0 -0 -0 1 0 19
2 220 89.700000000000003 40 0 1 0 0 -0 1 1 0 -0 14
2 199 89.699999999999989 20.999999999999979 0 1 -2.2204460492503126e-16 1 0 0 0 -2.2204460492503126e-16 -1 19.000000000000004
1 0.29999999999999999 45 14 1 0 0 -0 0 1 0 -1 0 
2 249.69999999999999 45 14 1 0 0 -0 0 1 0 -1 0 11
1 99 0.29999999999999999 14 0 1 0 0 -0 1 1 0 -0 
1 122 0.29999999999999999 24 0 1 0 0 -0 1 1 0 -0 
1 176 0.29999999999999999 14 0 1 0 0 -0 1 1 0 -0 
1 224 0.29999999999999999 19 0 1 0 0 -0 1 1 0 -0 
1 24 45 61.700000000000003 0 0 1 1 0 -0 -0 1 0 
1 10 65 53 0 0 1 1 0 -0 -0 1 0 
1 10 25 53 0 0 1 1 0 -0 -0 1 0 
1 74 45 61.700000000000003 0 0 1 1 0 -0 -0 1 0 
1 122 45 61.700000000000003 0 0 1 1 0 -0 -0 1 0 
1 242 25 53 0 0 1 1 0 -0 -0 1 0 
1 176 45 61.700000000000003 0 0 1 1 0 -0 -0 1 0 
1 226 45 61.700000000000003 0 0 1 1 0 -0 -0 1 0 
1 199 70 61.700000000000003 0 0 1 1 0 -0 -0 1 0 
1 242 65 53 0 0 1 1 0 -0 -0 1 0 
1 28 20 10 0 0 1 1 0 -0 -0 1 0 
1 24 45 1.9999999999999998 0 0 1 1 0 -0 -0 1 0 
1 226 45 1.9999999999999998 0 0 1 1 0 -0 -0 1 0 
1 222 70 10 0 0 1 1 0 -0 -0 1 0 
1 30 89.700000000000003 40 0 1 0 0 -0 1 1 0 -0 
1 74 89.700000000000003 40 0 1 0 0 -0 1 1 0 -0 
1 122 89.700000000000003 44 0 1 0 0 -0 1 1 0 -0 
1 122 45 61.700000000000003 0 0 1 1 0 -0 -0 1 0 
2 -0.01 45 14 1 0 0 -0 0 1 0 -1 0 6.5785
1 249.69999999999999 45 14 1 0 0 -0 0 1 0 -1 0 
2 99 -0.01 14 0 1 0 0 -0 1 1 0 -0 5
2 122 -0.01 24 0 1 0 0 -0 1 1 0 -0 8
2 176 -0.01 14 0 1 0 0 -0 1 1 0 -0 6.5785
2 224 -0.01 19 0 1 0 0 -0 1 1 0 -0 8
3 24 45 62 0 0 -1 -1 0 -0 0 1 0 11.925000000000001
-0.57230882484139411
3 74 45 62 0 0 -1 -1 0 -0 0 1 0 11.925000000000001
-0.57230882484139411
2 122 45 47.5 0 0 1 1 0 -0 -0 1 0 10
3 176 45 62 0 0 -1 -1 0 -0 0 1 0 11.925000000000001
-0.57230882484139411
3 226 45 62 0 0 -1 -1 0 -0 0 1 0 11.925000000000001
-0.57230882484139411
2 199 70 50 0 0 1 1 0 -0 -0 1 0 4.8639999999999999
2 24 45 -1 0 0 1 1 0 -0 -0 1 0 6.5999999999999996
2 226 45 -1 0 0 1 1 0 -0 -0 1 0 6.5999999999999996
2 30 78 40 0 1 0 0 -0 1 1 0 -0 8.3309999999999995
2 74 78 40 0 1 0 0 -0 1 1 0 -0 6.5785
2 122 78 44 0 1 0 0 -0 1 1 0 -0 6.5785
1 12 45 14 1 0 0 -0 0 1 0 -1 0 
2 238 45 14 1 0 0 -0 0 1 0 -1 0 7
1 99 12.01 14 0 1 0 0 -0 1 1 0 -0 
1 122 12 24 0 1 0 0 -0 1 1 0 -0 
1 176 12 14 0 1 0 0 -0 1 1 0 -0 
1 224 12 19 0 1 0 0 -0 1 1 0 -0 
1 24 45 59.399999999999999 0 0 -1 -1 0 -0 0 1 0 
1 74 45 59.399999999999999 0 0 -1 -1 0 -0 0 1 0 
1 122 45 47.5 0 0 1 1 0 -0 -0 1 0 
1 176 45 59.399999999999999 0 0 -1 -1 0 -0 0 1 0 
1 226 45 59.399999999999999 0 0 -1 -1 0 -0 0 1 0 
1 199 70 50 0 0 1 1 0 -0 -0 1 0 
1 30 78 40 0 1 0 0 -0 1 1 0 -0 
1 74 78 40 0 1 0 0 -0 1 1 0 -0 
1 122 78 44 0 1 0 0 -0 1 1 0 -0 
2 0 45 14 1 0 0 -0 0 1 0 -1 0 3
1 238 45 14 1 0 0 -0 0 1 0 -1 0 
2 99 12 14 0 1 0 0 -0 1 1 0 -0 2.5
2 122 11.99 24 0 1 0 0 -0 1 1 0 -0 2
2 176 11.99 14 0 1 0 0 -0 1 1 0 -0 2
2 224 11.99 19 0 1 0 0 -0 1 1 0 -0 2
1 24 45 59.399999999999999 0 0 1 1 0 -0 -0 1 0 
2 24 45 45.5 0 0 1 1 0 -0 -0 1 0 11
1 74 45 59.399999999999999 0 0 1 1 0 -0 -0 1 0 
2 74 45 45.5 0 0 1 1 0 -0 -0 1 0 11
2 122 45 41 0 0 1 1 0 -0 -0 1 0 9.1999999999999993
1 176 45 59.399999999999999 0 0 1 1 0 -0 -0 1 0 
2 176 45 45.5 0 0 1 1 0 -0 -0 1 0 11
1 226 45 59.399999999999999 0 0 1 1 0 -0 -0 1 0 
2 226 45 45.5 0 0 1 1 0 -0 -0 1 0 11
2 199 70 20.989999999999998 0 0 1 1 0 -0 -0 1 0 2.5
2 24 45 -0.01 0 0 1 1 0 -0 -0 1 0 5
2 226 45 -0.01 0 0 1 1 0 -0 -0 1 0 5
2 30 44.5 40 0 1 0 0 -0 1 1 0 -0 4
2 74 44.5 40 0 1 0 0 -0 1 1 0 -0 3
2 122 44.5 44 0 1 0 0 -0 1 1 0 -0 2.5
2 229 45 14 1 0 0 -0 0 1 0 -1 0 5
2 122 45 11 0 0 1 1 0 -0 -0 1 0 3
2 176 45 15.5 0 0 1 1 0 -0 -0 1 0 4
1 176 45 15.5 0 0 1 1 0 -0 -0 1 0 
2 176 45 11 0 0 1 1 0 -0 -0 1 0 3
2 176 45 14 1 0 0 -0 0 1 0 -1 0 3
2 226 45 20.5 0 0 1 1 0 -0 -0 1 0 9.3000000000000007
1 226 45 20.5 0 0 1 1 0 -0 -0 1 0 
1 224 41.5 19 0 1 0 0 -0 1 1 0 -0 
1 24 45 45.5 0 0 1 1 0 -0 -0 1 0 
1 74 45 45.5 0 0 1 1 0 -0 -0 1 0 
1 122 45 41 0 0 1 1 0 -0 -0 1 0 
3 122 45 41 0 0 -1 -1 0 -0 0 1 0 9.1999999999999993
-0.50872982431555303
1 176 45 45.5 0 0 1 1 0 -0 -0 1 0 
1 226 45 45.5 0 0 1 1 0 -0 -0 1 0 
2 122 45 41 0 0 1 1 0 -0 -0 1 0 9.1999999999999993
3 122 45 41 0 0 -1 -1 0 -0 0 1 0 9.1999999999999993
-0.50872982431555303
1 24 45 20.5 0 0 1 1 0 -0 -0 1 0 
1 229 45 14 1 0 0 -0 0 1 0 -1 0 
2 24 45 33.799999999999997 0 0 1 1 0 -0 -0 1 0 10.25
2 74 45 33.799999999999997 0 0 1 1 0 -0 -0 1 0 10.25
1 122 45 47.5 0 0 1 1 0 -0 -0 1 0 
2 122 45 47.5 0 0 1 1 0 -0 -0 1 0 10
2 74 45 11 0 0 1 1 0 -0 -0 1 0 3
1 122 45 11 0 0 1 1 0 -0 -0 1 0 
3 122 45 11 0 0 -1 -1 0 -0 0 1 0 3
-1.0297442586766545
1 122 45 29 0 0 1 1 0 -0 -0 1 0 
1 176 45 20.5 0 0 1 1 0 -0 -0 1 0 
2 199 45 13.99 0 0 1 1 0 -0 -0 1 0 3
1 199 45 13.99 0 0 1 1 0 -0 -0 1 0 
1 176 45 11 0 0 1 1 0 -0 -0 1 0 
3 176 45 11 0 0 -1 -1 0 -0 0 1 0 3
-1.0297442586766545
1 226 45 21.5 0 0 1 1 0 -0 -0 1 0 
1 122 45 38.399999999999999 0 0 -1 -1 0 -0 0 1 0 
2 122 45 29 0 0 1 1 0 -0 -0 1 0 7.75
2 176 45 33.799999999999997 0 0 1 1 0 -0 -0 1 0 10.25
2 226 45 33.799999999999997 0 0 1 1 0 -0 -0 1 0 10.25
2 122 45 29 0 0 1 1 0 -0 -0 1 0 7.75
2 24 45 20.5 0 0 1 1 0 -0 -0 1 0 9.3000000000000007
1 24 45 33.799999999999997 0 0 1 1 0 -0 -0 1 0 
3 24 45 33.799999999999997 0 0 -1 -1 0 -0 0 1 0 10.25
-0.50615670772221111
1 74 45 33.799999999999997 0 0 1 1 0 -0 -0 1 0 
3 74 45 33.799999999999997 0 0 -1 -1 0 -0 0 1 0 10.25
-0.50615670772221111
1 176 45 33.799999999999997 0 0 1 1 0 -0 -0 1 0 
3 176 45 33.799999999999997 0 0 -1 -1 0 -0 0 1 0 10.25
-0.50615670772221111
2 176 44.5 40 0 1 0 0 -0 1 1 0 -0 2.5
2 176 78 40 0 1 0 0 -0 1 1 0 -0 6.5785
1 176 89.700000000000003 40 0 1 0 0 -0 1 1 0 -0 
1 176 78 40 0 1 0 0 -0 1 1 0 -0 
1 226 45 33.799999999999997 0 0 1 1 0 -0 -0 1 0 
3 226 45 33.799999999999997 0 0 -1 -1 0 -0 0 1 0 10.25
-0.50615670772221111
2 220 44.5 40 0 1 0 0 -0 1 1 0 -0 4
2 220 78 40 0 1 0 0 -0 1 1 0 -0 8.3309999999999995
1 220 89.700000000000003 40 0 1 0 0 -0 1 1 0 -0 
1 220 78 40 0 1 0 0 -0 1 1 0 -0 
1 74 45 20.5 0 0 1 1 0 -0 -0 1 0 
1 74 45 11 0 0 1 1 0 -0 -0 1 0 
3 74 45 11 0 0 -1 -1 0 -0 0 1 0 3
-1.0297442586766545
2 176 45 20.5 0 0 1 1 0 -0 -0 1 0 9.3000000000000007
2 199 44.899999999999999 21 0 1 0 0 -0 1 1 0 -0 3
1 199 44.899999999999999 21 0 1 0 0 -0 1 1 0 -0 
1 199 45 21.010000000000002 0 0 1 1 0 -0 -0 1 0 
2 226 45 21.5 0 0 1 1 0 -0 -0 1 0 9.5
1 122 45 29 0 0 1 1 0 -0 -0 1 0 
1 24 45 21.5 0 0 1 1 0 -0 -0 1 0 
1 24 45 32.446999999999996 0 0 -1 -1 0 -0 0 1 0 
2 24 45 21.5 0 0 1 1 0 -0 -0 1 0 9.5
1 74 45 32.446999999999996 0 0 -1 -1 0 -0 0 1 0 
2 74 45 21.5 0 0 1 1 0 -0 -0 1 0 9.5
1 176 45 32.446999999999996 0 0 -1 -1 0 -0 0 1 0 
2 176 45 21.5 0 0 1 1 0 -0 -0 1 0 9.5
1 226 45 32.446999999999996 0 0 -1 -1 0 -0 0 1 0 
2 74 45 20.5 0 0 1 1 0 -0 -0 1 0 9.3000000000000007
1 176 45 21.5 0 0 1 1 0 -0 -0 1 0 
1 74 45 21.5 0 0 1 1 0 -0 -0 1 0 
1 198.63407083609636 89.699999999999989 32.513986671805618 0 1 -3.1003100780893942e-16 0 3.1003100780893942e-16 1 1 -0 0 
Triangulations 0

TShapes 1157
Ve
1e-07
0 0 62
0 0

0101101
*
Ve
1e-07
0 0 0
0 0

0101101
*
Ed
 1e-07 1 1 0
1  1 0 0 62
2  1 1 0 0 62
2  2 2 0 0 62
0

0101000
-1157 0 +1156 0 *
Ve
1e-07
0 90 62
0 0

0101101
*
Ed
 1e-07 1 1 0
1  2 0 0 90
2  3 1 0 0 90
2  4 3 0 0 90
0

0101000
-1154 0 +1157 0 *
Ve
1e-07
0 90 0
0 0

0101101
*
Ed
 1e-07 1 1 0
1  3 0 0 90
2  5 1 0 0 90
2  6 4 0 0 90
0

0101000
-1152 0 +1156 0 *
Ed
 1e-07 1 1 0
1  4 0 0 62
2  7 1 0 0 62
2  8 5 0 0 62
0

0101000
-1154 0 +1152 0 *
Wi

0101100
-1155 0 -1153 0 +1151 0 +1150 0 *
Ve
1.00000007105427e-07
0 45 26.5
0 0

0101101
*
Ed
 1e-07 1 1 0
1  5 0 0 6.28318530717959
2  9 1 0 0 6.28318530717959
2  10 6 0 0 6.28318530717959
0

0101100
+1148 0 -1148 0 *
Wi

0101100
-1147 0 *
Fa
0  1e-07 1 0

0101000
+1149 0 +1146 0 *
Ve
1e-07
250 0 0
0 0

0101101
*
Ed
 1e-07 1 1 0
1  6 0 0 250
2  11 2 0 0 250
2  12 4 0 0 250
0

0101000
-1144 0 +1156 0 *
Ve
1e-07
250 0 62
0 0

0101101
*
Ed
 1e-07 1 1 0
1  7 0 0 62
2  13 7 0 0 62
2  14 2 0 0 62
0

0101000
-1142 0 +1144 0 *
Ed
 1e-07 1 1 0
1  8 0 0 250
2  15 2 0 0 250
2  16 3 0 0 250
0

0101000
-1142 0 +1157 0 *
Wi

0101100
-1143 0 -1141 0 +1155 0 +1140 0 *
Ve
1e-07
99 0 22
0 0

0101101
*
Ed
 1e-07 1 1 0
1  9 0 0 6.28318530717959
2  17 2 0 0 6.28318530717959
2  18 8 0 0 6.28318530717959
0

0101100
+1138 0 -1138 0 *
Wi

0101100
-1137 0 *
Ve
1.00000014210855e-07
122 0 37
0 0

0101101
*
Ed
 1e-07 1 1 0
1  10 0 0 6.28318530717959
2  19 2 0 0 6.28318530717959
2  20 9 0 0 6.28318530717959
0

0101100
+1135 0 -1135 0 *
Wi

0101100
-1134 0 *
Ve
1e-07
176 0 26.5
0 0

0101101
*
Ed
 1e-07 1 1 0
1  11 0 0 6.28318530717959
2  21 2 0 0 6.28318530717959
2  22 10 0 0 6.28318530717959
0

0101100
+1132 0 -1132 0 *
Wi

0101100
-1131 0 *
Ve
1e-07
224 0 32
0 0

0101101
*
Ed
 1e-07 1 1 0
1  12 0 0 6.28318530717959
2  23 2 0 0 6.28318530717959
2  24 11 0 0 6.28318530717959
0

0101100
+1129 0 -1129 0 *
Wi

0101100
-1128 0 *
Fa
0  1e-07 2 0

0101000
+1139 0 +1136 0 +1133 0 +1130 0 +1127 0 *
Ve
1e-07
250 90 62
0 0

0101101
*
Ed
 1e-07 1 1 0
1  13 0 0 250
2  25 5 0 0 250
2  26 3 0 0 250
0

0101000
-1125 0 +1154 0 *
Ed
 1e-07 1 1 0
1  14 0 0 90
2  27 7 0 0 90
2  28 3 0 0 90
0

0101000
-1125 0 +1142 0 *
Wi

0101100
-1153 0 -1124 0 +1140 0 +1123 0 *
Ve
1.00000007105427e-07
41.5 45 62
0 0

0101101
*
Ve
1.00000110890774e-07
14.7409577429057 59.849920420034 62
0 0

0101101
*
Ed
 1e-07 1 1 0
1  15 0 0 2.12832193044517
2  29 3 0 0 2.12832193044517
2  30 12 0 0 2.12832193044517
0

0101000
+1121 0 -1120 0 *
Ve
1e-07
17 65 62
0 0

0101101
*
Ed
 1e-07 1 1 0
1  16 0 5.45644782391582 6.28318530717959
2  31 3 0 5.45644782391582 6.28318530717959
2  32 13 0 5.45644782391582 6.28318530717959
0

0101000
+1120 0 -1118 0 *
Ve
1.00000149731182e-07
13.216257022195 58.7826299155365 62
0 0

0101101
*
Ed
 1e-07 1 1 0
1  16 0 0 5.18978206563197
2  31 3 0 0 5.18978206563197
2  32 13 0 0 5.18978206563197
0

0101000
+1118 0 -1116 0 *
Ve
1.00000230926389e-07
13.2162570221953 31.2173700844633 62
0 0

0101101
*
Ed
 1e-07 1 1 0
1  15 0 2.23472265192304 4.04846265525657
2  29 3 0 2.23472265192304 4.04846265525657
2  33 12 0 2.23472265192304 4.04846265525657
0

0101000
+1116 0 -1114 0 *
Ve
1e-07
17 25 62
0 0

0101101
*
Ed
 1e-07 1 1 0
1  17 0 1.09340324154756 6.28318530717959
2  34 3 0 1.09340324154756 6.28318530717959
2  35 14 0 1.09340324154756 6.28318530717959
0

0101000
+1114 0 -1112 0 *
Ve
1.00000096644261e-07
14.7409577429056 30.150079579966 62
0 0

0101101
*
Ed
 1e-07 1 1 0
1  17 0 0 0.826737483263767
2  34 3 0 0 0.826737483263767
2  35 14 0 0 0.826737483263767
0

0101000
+1112 0 -1110 0 *
Ed
 1e-07 1 1 0
1  15 0 4.15486337673441 6.28318530717959
2  29 3 0 4.15486337673441 6.28318530717959
2  36 12 0 4.15486337673441 6.28318530717959
0

0101000
+1110 0 -1121 0 *
Wi

0101100
-1119 0 -1117 0 -1115 0 -1113 0 -1111 0 -1109 0 -1108 0 *
Ve
1.00000007105427e-07
91.5 45 62
0 0

0101101
*
Ed
 1e-07 1 1 0
1  18 0 0 6.28318530717959
2  37 3 0 0 6.28318530717959
2  38 15 0 0 6.28318530717959
0

0101100
+1106 0 -1106 0 *
Wi

0101100
-1105 0 *
Ve
1.00000007105427e-07
141 45 62
0 0

0101101
*
Ed
 1e-07 1 1 0
1  19 0 0 6.28318530717959
2  39 3 0 0 6.28318530717959
2  40 16 0 0 6.28318530717959
0

0101100
+1103 0 -1103 0 *
Wi

0101100
-1102 0 *
Ve
1e-07
249 25 62
0 0

0101101
*
Ed
 1e-07 1 1 0
1  20 0 0 6.28318530717959
2  41 3 0 0 6.28318530717959
2  42 17 0 0 6.28318530717959
0

0101100
+1100 0 -1100 0 *
Wi

0101100
-1099 0 *
Ve
1.00000007105427e-07
193.5 45 62
0 0

0101101
*
Ed
 1e-07 1 1 0
1  21 0 0 6.28318530717959
2  43 3 0 0 6.28318530717959
2  44 18 0 0 6.28318530717959
0

0101100
+1097 0 -1097 0 *
Wi

0101100
-1096 0 *
Ve
1.00000007105427e-07
243.5 45 62
0 0

0101101
*
Ed
 1e-07 1 1 0
1  22 0 0 6.28318530717959
2  45 3 0 0 6.28318530717959
2  46 19 0 0 6.28318530717959
0

0101100
+1094 0 -1094 0 *
Wi

0101100
-1093 0 *
Ve
1.00000014210855e-07
209 70 62
0 0

0101101
*
Ed
 1e-07 1 1 0
1  23 0 0 6.28318530717959
2  47 3 0 0 6.28318530717959
2  48 20 0 0 6.28318530717959
0

0101100
+1091 0 -1091 0 *
Wi

0101100
-1090 0 *
Ve
1e-07
249 65 62
0 0

0101101
*
Ed
 1e-07 1 1 0
1  24 0 0 6.28318530717959
2  49 3 0 0 6.28318530717959
2  50 21 0 0 6.28318530717959
0

0101100
+1088 0 -1088 0 *
Wi

0101100
-1087 0 *
Fa
0  1e-07 3 0

0101000
+1122 0 +1107 0 +1104 0 +1101 0 +1098 0 +1095 0 +1092 0 +1089 0 +1086 0 *
Ve
1e-07
250 90 0
0 0

0101101
*
Ed
 1e-07 1 1 0
1  25 0 0 250
2  51 5 0 0 250
2  52 4 0 0 250
0

0101000
-1084 0 +1152 0 *
Ed
 1e-07 1 1 0
1  26 0 0 90
2  53 7 0 0 90
2  54 4 0 0 90
0

0101000
-1084 0 +1144 0 *
Wi

0101100
-1151 0 -1083 0 +1143 0 +1082 0 *
Ve
1e-07
31 20 0
0 0

0101101
*
Ed
 1e-07 1 1 0
1  27 0 0 6.28318530717959
2  55 4 0 0 6.28318530717959
2  56 22 0 0 6.28318530717959
0

0101100
+1080 0 -1080 0 *
Wi

0101100
-1079 0 *
Ve
1e-07
14.5 25 0
0 0

0101101
*
Ed
 1e-07 1 1 0
1  28 0 0 6.28318530717959
2  57 4 0 0 6.28318530717959
2  58 23 0 0 6.28318530717959
0

0101100
+1077 0 -1077 0 *
Wi

0101100
-1076 0 *
Ve
1e-07
246.5 25 0
0 0

0101101
*
Ed
 1e-07 1 1 0
1  29 0 0 6.28318530717959
2  59 4 0 0 6.28318530717959
2  60 24 0 0 6.28318530717959
0

0101100
+1074 0 -1074 0 *
Wi

0101100
-1073 0 *
Ve
1e-07
34.2 45 0
0 0

0101101
*
Ed
 1e-07 1 1 0
1  30 0 0 6.28318530717959
2  61 4 0 0 6.28318530717959
2  62 25 0 0 6.28318530717959
0

0101100
+1071 0 -1071 0 *
Wi

0101100
-1070 0 *
Ve
1e-07
14.5 65 0
0 0

0101101
*
Ed
 1e-07 1 1 0
1  31 0 0 6.28318530717959
2  63 4 0 0 6.28318530717959
2  64 26 0 0 6.28318530717959
0

0101100
+1068 0 -1068 0 *
Wi

0101100
-1067 0 *
Ve
1e-07
236.2 45 0
0 0

0101101
*
Ed
 1e-07 1 1 0
1  32 0 0 6.28318530717959
2  65 4 0 0 6.28318530717959
2  66 27 0 0 6.28318530717959
0

0101100
+1065 0 -1065 0 *
Wi

0101100
-1064 0 *
Ve
1e-07
246.5 65 0
0 0

0101101
*
Ed
 1e-07 1 1 0
1  33 0 0 6.28318530717959
2  67 4 0 0 6.28318530717959
2  68 28 0 0 6.28318530717959
0

0101100
+1062 0 -1062 0 *
Wi

0101100
-1061 0 *
Ve
1e-07
225 70 0
0 0

0101101
*
Ed
 1e-07 1 1 0
1  34 0 0 6.28318530717959
2  69 4 0 0 6.28318530717959
2  70 29 0 0 6.28318530717959
0

0101100
+1059 0 -1059 0 *
Wi

0101100
-1058 0 *
Fa
0  1e-07 4 0

0101000
+1081 0 +1078 0 +1075 0 +1072 0 +1069 0 +1066 0 +1063 0 +1060 0 +1057 0 *
Ed
 1e-07 1 1 0
1  35 0 0 62
2  71 7 0 0 62
2  72 5 0 0 62
0

0101000
-1125 0 +1084 0 *
Wi

0101100
-1083 0 -1055 0 +1150 0 +1124 0 *
Ve
1.00000003552714e-07
30 90 54
0 0

0101101
*
Ed
 1e-07 1 1 0
1  36 0 0 6.28318530717959
2  73 5 0 0 6.28318530717959
2  74 30 0 0 6.28318530717959
0

0101100
+1053 0 -1053 0 *
Wi

0101100
-1052 0 *
Ve
1e-07
74 90 52.5
0 0

0101101
*
Ed
 1e-07 1 1 0
1  37 0 0 6.28318530717959
2  75 5 0 0 6.28318530717959
2  76 31 0 0 6.28318530717959
0

0101100
+1050 0 -1050 0 *
Wi

0101100
-1049 0 *
Ve
1e-07
122 90 56.5
0 0

0101101
*
Ed
 1e-07 1 1 0
1  38 0 0 6.28318530717959
2  77 5 0 0 6.28318530717959
2  78 32 0 0 6.28318530717959
0

0101100
+1047 0 -1047 0 *
Wi

0101100
-1046 0 *
Ve
1e-07
176 90 52.5
0 0

0101101
*
Ve
1.00000219349503e-07
187.997026656554 90 36.489821742145
0 0

0101101
*
Ed
 1e-07 1 1 0
1  39 0 0 1.85543872920141
2  79 5 0 0 1.85543872920141
2  80 33 0 0 1.85543872920141
0

0101000
+1044 0 -1043 0 *
Ve
1.00000087889283e-07
206.066504808617 90 38.6370210010021
0 0

0101101
*
Ed
 1e-07 1 1 0
1  40 0 4.09475993519442 5.09346692818059
2  81 5 0 4.09475993519442 5.09346692818059
2  82 34 1 4.09475993519442 5.09346692818059
0

0101000
+1043 0 -1041 0 *
Ve
1e-07
220 90 54
0 0

0101101
*
Ed
 1e-07 1 1 0
1  41 0 4.61487888650019 6.28318530717959
2  83 5 0 4.61487888650019 6.28318530717959
2  84 35 0 4.61487888650019 6.28318530717959
0

0101000
+1041 0 -1039 0 *
Ve
1.00000328409901e-07
217.253944069189 90 26.2719565551073
0 0

0101101
*
Ed
 1e-07 1 1 0
1  41 0 0 3.33901953891816
2  83 5 0 0 3.33901953891816
2  85 35 0 0 3.33901953891816
0

0101000
+1039 0 -1037 0 *
Ve
1.00000007105427e-07
218 90 21
0 0

0101101
*
Ed
 1e-07 1 1 0
1  40 0 6.00202415082759 6.28318530717959
2  81 5 0 6.00202415082759 6.28318530717959
2  82 34 1 6.00202415082759 6.28318530717959
2  86 36 0 6.00202415082759 6.28318530717959
0

0101000
+1037 0 -1035 0 *
Ve
1.00000320945948e-07
181.711681208614 90 28.881245673585
0 0

0101101
*
Ed
 1e-07 1 1 0
1  40 0 0 3.56931828609453
2  81 5 0 0 3.56931828609453
2  82 34 1 0 3.56931828609453
2  87 36 0 0 3.56931828609453
0

0101000
+1035 0 -1033 0 *
Ed
 1e-07 1 1 0
1  39 0 2.6670468384978 6.28318530717959
2  79 5 0 2.6670468384978 6.28318530717959
2  88 33 0 2.6670468384978 6.28318530717959
0

0101000
+1033 0 -1044 0 *
Wi

0101100
-1042 0 -1040 0 -1038 0 -1036 0 -1034 0 -1032 0 -1031 0 *
Fa
0  1e-07 5 0

0101000
+1054 0 +1051 0 +1048 0 +1045 0 +1030 0 *
Ve
1e-07
0.3 45 26.5
0 0

0101101
*
Ed
 1e-07 1 1 0
1  42 0 0.01 0.31
3  89 90CN 6 0 0.01 0.31
0

0101000
+1148 0 -1028 0 *
Ed
 1e-07 1 1 0
1  43 0 0 6.28318530717959
2  91 6 0 0 6.28318530717959
2  92 37 0 0 6.28318530717959
0

0101000
+1028 0 -1028 0 *
Wi

0101100
+1027 0 +1147 0 -1027 0 -1026 0 *
Fa
0  1e-07 6 0

0101000
+1025 0 *
Wi

0101100
-1141 0 -1123 0 +1082 0 +1055 0 *
Ve
1.00000007105427e-07
250 45 25
0 0

0101101
*
Ed
 1e-07 1 1 0
1  44 0 0 6.28318530717959
2  93 7 0 0 6.28318530717959
2  94 38 0 0 6.28318530717959
0

0101100
+1022 0 -1022 0 *
Wi

0101100
-1021 0 *
Fa
0  1e-07 7 0

0101000
+1023 0 +1020 0 *
Ve
1e-07
99 0.3 22
0 0

0101101
*
Ed
 1e-07 1 1 0
1  45 0 0.01 0.31
3  95 96CN 8 0 0.01 0.31
0

0101000
+1138 0 -1018 0 *
Ed
 1e-07 1 1 0
1  46 0 0 6.28318530717959
2  97 8 0 0 6.28318530717959
2  98 39 0 0 6.28318530717959
0

0101000
+1018 0 -1018 0 *
Wi

0101100
+1017 0 +1137 0 -1017 0 -1016 0 *
Fa
0  1e-07 8 0

0101000
+1015 0 *
Ve
1e-07
122 0.3 37
0 0

0101101
*
Ed
 1e-07 1 1 0
1  47 0 0.01 0.31
3  99 100CN 9 0 0.01 0.31
0

0101000
+1135 0 -1013 0 *
Ed
 1e-07 1 1 0
1  48 0 0 6.28318530717959
2  101 9 0 0 6.28318530717959
2  102 40 0 0 6.28318530717959
0

0101000
+1013 0 -1013 0 *
Wi

0101100
+1012 0 +1134 0 -1012 0 -1011 0 *
Fa
0  1e-07 9 0

0101000
+1010 0 *
Ve
1e-07
176 0.3 26.5
0 0

0101101
*
Ed
 1e-07 1 1 0
1  49 0 0.01 0.31
3  103 104CN 10 0 0.01 0.31
0

0101000
+1132 0 -1008 0 *
Ed
 1e-07 1 1 0
1  50 0 0 6.28318530717959
2  105 10 0 0 6.28318530717959
2  106 41 0 0 6.28318530717959
0

0101000
+1008 0 -1008 0 *
Wi

0101100
+1007 0 +1131 0 -1007 0 -1006 0 *
Fa
0  1e-07 10 0

0101000
+1005 0 *
Ve
1e-07
224 0.3 32
0 0

0101101
*
Ed
 1e-07 1 1 0
1  51 0 0.01 0.31
3  107 108CN 11 0 0.01 0.31
0

0101000
+1129 0 -1003 0 *
Ed
 1e-07 1 1 0
1  52 0 0 6.28318530717959
2  109 11 0 0 6.28318530717959
2  110 42 0 0 6.28318530717959
0

0101000
+1003 0 -1003 0 *
Wi

0101100
+1002 0 +1128 0 -1002 0 -1001 0 *
Fa
0  1e-07 11 0

0101000
+1000 0 *
Ve
1.00000045496934e-07
13.2162570221951 58.7826299155366 61.7
0 0

0101101
*
Ed
 1e-07 1 1 0
1  53 0 0 0.299999999999997
2  111 12 0 0 0.299999999999997
2  112 13 0 0 0.299999999999997
0

0101000
+998 0 -1116 0 *
Ve
1.00000044515375e-07
14.7409577429055 59.8499204200339 61.7
0 0

0101101
*
Ed
 1e-07 1 1 0
1  54 0 5.189782065632 5.4564478239158
2  113 43 0 5.189782065632 5.4564478239158
2  114 13 0 5.189782065632 5.4564478239158
0

0101000
+998 0 -996 0 *
Ed
 1e-07 1 1 0
1  55 0 0 0.299999999999997
2  115 13 0 0 0.299999999999997
2  116 12 0 0 0.299999999999997
0

0101000
+996 0 -1120 0 *
Ve
1e-07
17 65 53
0 0

0101101
*
Ed
 1e-07 1 1 0
1  56 0 0 9
3  117 118CN 13 0 0 9
0

0101000
+993 0 -1118 0 *
Ed
 1e-07 1 1 0
1  57 0 0 6.28318530717959
2  119 13 0 0 6.28318530717959
2  120 44 0 0 6.28318530717959
0

0101000
+993 0 -993 0 *
Wi

0101100
-1115 0 +997 0 -995 0 -994 0 -1117 0 +992 0 +991 0 -992 0 *
Fa
0  1e-07 13 0

0101000
+990 0 *
Ve
1.00000049769702e-07
13.2162570221951 31.2173700844634 61.7
0 0

0101101
*
Ed
 1e-07 1 1 0
1  58 0 0 0.299999999999997
2  121 12 0 0 0.299999999999997
2  122 14 0 0 0.299999999999997
0

0101000
+988 0 -1114 0 *
Ed
 1e-07 1 1 0
1  59 0 2.23472265192303 4.04846265525656
2  123 12 0 2.23472265192303 4.04846265525656
2  124 43 0 2.23472265192303 4.04846265525656
0

0101000
+998 0 -988 0 *
Wi

0101100
-1113 0 +987 0 +986 0 -997 0 *
Fa
0  1e-07 12 0

0101000
+985 0 *
Ve
1.00000049355876e-07
14.7409577429055 30.1500795799661 61.7
0 0

0101101
*
Ed
 1e-07 1 1 0
1  60 0 0 0.299999999999997
2  125 14 0 0 0.299999999999997
2  126 12 0 0 0.299999999999997
0

0101000
+983 0 -1110 0 *
Ed
 1e-07 1 1 0
1  61 0 0.826737483263787 1.09340324154759
2  127 43 0 0.826737483263787 1.09340324154759
2  128 14 0 0.826737483263787 1.09340324154759
0

0101000
+983 0 -988 0 *
Ve
1e-07
17 25 53
0 0

0101101
*
Ed
 1e-07 1 1 0
1  62 0 0 9
3  129 130CN 14 0 0 9
0

0101000
+980 0 -1112 0 *
Ed
 1e-07 1 1 0
1  63 0 0 6.28318530717959
2  131 14 0 0 6.28318530717959
2  132 45 0 0 6.28318530717959
0

0101000
+980 0 -980 0 *
Wi

0101100
-1109 0 +982 0 -981 0 -987 0 -1111 0 +979 0 +978 0 -979 0 *
Fa
0  1e-07 14 0

0101000
+977 0 *
Ve
1e-07
91.5 45 61.7
0 0

0101101
*
Ed
 1e-07 1 1 0
1  64 0 0 0.299999999999997
3  133 134CN 15 0 0 0.299999999999997
0

0101000
+975 0 -1106 0 *
Ed
 1e-07 1 1 0
1  65 0 0 6.28318530717959
2  135 15 0 0 6.28318530717959
2  136 46 0 0 6.28318530717959
0

0101000
+975 0 -975 0 *
Wi

0101100
-1105 0 +974 0 +973 0 -974 0 *
Fa
0  1e-07 15 0

0101000
+972 0 *
Ve
1e-07
141 45 61.7
0 0

0101101
*
Ed
 1e-07 1 1 0
1  66 0 0 0.299999999999997
3  137 138CN 16 0 0 0.299999999999997
0

0101000
+970 0 -1103 0 *
Ed
 1e-07 1 1 0
1  67 0 0 6.28318530717959
2  139 16 0 0 6.28318530717959
2  140 47 0 0 6.28318530717959
0

0101000
+970 0 -970 0 *
Wi

0101100
-1102 0 +969 0 +968 0 -969 0 *
Fa
0  1e-07 16 0

0101000
+967 0 *
Ve
1e-07
249 25 53
0 0

0101101
*
Ed
 1e-07 1 1 0
1  68 0 0 9
3  141 142CN 17 0 0 9
0

0101000
+965 0 -1100 0 *
Ed
 1e-07 1 1 0
1  69 0 0 6.28318530717959
2  143 17 0 0 6.28318530717959
2  144 48 0 0 6.28318530717959
0

0101000
+965 0 -965 0 *
Wi

0101100
-1099 0 +964 0 +963 0 -964 0 *
Fa
0  1e-07 17 0

0101000
+962 0 *
Ve
1e-07
193.5 45 61.7
0 0

0101101
*
Ed
 1e-07 1 1 0
1  70 0 0 0.299999999999997
3  145 146CN 18 0 0 0.299999999999997
0

0101000
+960 0 -1097 0 *
Ed
 1e-07 1 1 0
1  71 0 0 6.28318530717959
2  147 18 0 0 6.28318530717959
2  148 49 0 0 6.28318530717959
0

0101000
+960 0 -960 0 *
Wi

0101100
-1096 0 +959 0 +958 0 -959 0 *
Fa
0  1e-07 18 0

0101000
+957 0 *
Ve
1e-07
243.5 45 61.7
0 0

0101101
*
Ed
 1e-07 1 1 0
1  72 0 0 0.299999999999997
3  149 150CN 19 0 0 0.299999999999997
0

0101000
+955 0 -1094 0 *
Ed
 1e-07 1 1 0
1  73 0 0 6.28318530717959
2  151 19 0 0 6.28318530717959
2  152 50 0 0 6.28318530717959
0

0101000
+955 0 -955 0 *
Wi

0101100
-1093 0 +954 0 +953 0 -954 0 *
Fa
0  1e-07 19 0

0101000
+952 0 *
Ve
1e-07
209 70 61.7
0 0

0101101
*
Ed
 1e-07 1 1 0
1  74 0 0 0.299999999999997
3  153 154CN 20 0 0 0.299999999999997
0

0101000
+950 0 -1091 0 *
Ed
 1e-07 1 1 0
1  75 0 0 6.28318530717959
2  155 20 0 0 6.28318530717959
2  156 51 0 0 6.28318530717959
0

0101000
+950 0 -950 0 *
Wi

0101100
-1090 0 +949 0 +948 0 -949 0 *
Fa
0  1e-07 20 0

0101000
+947 0 *
Ve
1e-07
249 65 53
0 0

0101101
*
Ed
 1e-07 1 1 0
1  76 0 0 9
3  157 158CN 21 0 0 9
0

0101000
+945 0 -1088 0 *
Ed
 1e-07 1 1 0
1  77 0 0 6.28318530717959
2  159 21 0 0 6.28318530717959
2  160 52 0 0 6.28318530717959
0

0101000
+945 0 -945 0 *
Wi

0101100
-1087 0 +944 0 +943 0 -944 0 *
Fa
0  1e-07 21 0

0101000
+942 0 *
Ve
1e-07
31 20 10
0 0

0101101
*
Ed
 1e-07 1 1 0
1  78 0 0.01 10.01
3  161 162CN 22 0 0.01 10.01
0

0101000
+1080 0 -940 0 *
Ed
 1e-07 1 1 0
1  79 0 0 6.28318530717959
2  163 22 0 0 6.28318530717959
2  164 53 0 0 6.28318530717959
0

0101000
+940 0 -940 0 *
Wi

0101100
+939 0 +1079 0 -939 0 -938 0 *
Fa
0  1e-07 22 0

0101000
+937 0 *
Ve
1e-07
14.5 25 53
0 0

0101101
*
Ed
 1e-07 1 1 0
1  80 0 0.01 53.01
3  165 166CN 23 0 0.01 53.01
0

0101000
+1077 0 -935 0 *
Ed
 1e-07 1 1 0
1  81 0 0 6.28318530717959
2  167 23 0 0 6.28318530717959
2  168 45 0 0 6.28318530717959
0

0101100
+935 0 -935 0 *
Wi

0101100
+934 0 +1076 0 -934 0 -933 0 *
Fa
0  1e-07 23 0

0101000
+932 0 *
Ve
1e-07
246.5 25 53
0 0

0101101
*
Ed
 1e-07 1 1 0
1  82 0 0.01 53.01
3  169 170CN 24 0 0.01 53.01
0

0101000
+1074 0 -930 0 *
Ed
 1e-07 1 1 0
1  83 0 0 6.28318530717959
2  171 24 0 0 6.28318530717959
2  172 48 0 0 6.28318530717959
0

0101100
+930 0 -930 0 *
Wi

0101100
+929 0 +1073 0 -929 0 -928 0 *
Fa
0  1e-07 24 0

0101000
+927 0 *
Ve
1e-07
34.2 45 2
0 0

0101101
*
Ed
 1e-07 1 1 0
1  84 0 0.01 2.01
3  173 174CN 25 0 0.01 2.01
0

0101000
+1071 0 -925 0 *
Ed
 1e-07 1 1 0
1  85 0 0 6.28318530717959
2  175 25 0 0 6.28318530717959
2  176 54 0 0 6.28318530717959
0

0101000
+925 0 -925 0 *
Wi

0101100
+924 0 +1070 0 -924 0 -923 0 *
Fa
0  1e-07 25 0

0101000
+922 0 *
Ve
1e-07
14.5 65 53
0 0

0101101
*
Ed
 1e-07 1 1 0
1  86 0 0.01 53.01
3  177 178CN 26 0 0.01 53.01
0

0101000
+1068 0 -920 0 *
Ed
 1e-07 1 1 0
1  87 0 0 6.28318530717959
2  179 26 0 0 6.28318530717959
2  180 44 0 0 6.28318530717959
0

0101100
+920 0 -920 0 *
Wi

0101100
+919 0 +1067 0 -919 0 -918 0 *
Fa
0  1e-07 26 0

0101000
+917 0 *
Ve
1e-07
236.2 45 2
0 0

0101101
*
Ed
 1e-07 1 1 0
1  88 0 0.01 2.01
3  181 182CN 27 0 0.01 2.01
0

0101000
+1065 0 -915 0 *
Ed
 1e-07 1 1 0
1  89 0 0 6.28318530717959
2  183 27 0 0 6.28318530717959
2  184 55 0 0 6.28318530717959
0

0101000
+915 0 -915 0 *
Wi

0101100
+914 0 +1064 0 -914 0 -913 0 *
Fa
0  1e-07 27 0

0101000
+912 0 *
Ve
1e-07
246.5 65 53
0 0

0101101
*
Ed
 1e-07 1 1 0
1  90 0 0.01 53.01
3  185 186CN 28 0 0.01 53.01
0

0101000
+1062 0 -910 0 *
Ed
 1e-07 1 1 0
1  91 0 0 6.28318530717959
2  187 28 0 0 6.28318530717959
2  188 52 0 0 6.28318530717959
0

0101100
+910 0 -910 0 *
Wi

0101100
+909 0 +1061 0 -909 0 -908 0 *
Fa
0  1e-07 28 0

0101000
+907 0 *
Ve
1e-07
225 70 10
0 0

0101101
*
Ed
 1e-07 1 1 0
1  92 0 0.01 10.01
3  189 190CN 29 0 0.01 10.01
0

0101000
+1059 0 -905 0 *
Ed
 1e-07 1 1 0
1  93 0 0 6.28318530717959
2  191 29 0 0 6.28318530717959
2  192 56 0 0 6.28318530717959
0

0101000
+905 0 -905 0 *
Wi

0101100
+904 0 +1058 0 -904 0 -903 0 *
Fa
0  1e-07 29 0

0101000
+902 0 *
Ve
1e-07
30 89.7 54
0 0

0101101
*
Ed
 1e-07 1 1 0
1  94 0 0 0.299999999999997
3  193 194CN 30 0 0 0.299999999999997
0

0101000
+900 0 -1053 0 *
Ed
 1e-07 1 1 0
1  95 0 0 6.28318530717959
2  195 30 0 0 6.28318530717959
2  196 57 0 0 6.28318530717959
0

0101000
+900 0 -900 0 *
Wi

0101100
-1052 0 +899 0 +898 0 -899 0 *
Fa
0  1e-07 30 0

0101000
+897 0 *
Ve
1e-07
74 89.7 52.5
0 0

0101101
*
Ed
 1e-07 1 1 0
1  96 0 0 0.299999999999997
3  197 198CN 31 0 0 0.299999999999997
0

0101000
+895 0 -1050 0 *
Ed
 1e-07 1 1 0
1  97 0 0 6.28318530717959
2  199 31 0 0 6.28318530717959
2  200 58 0 0 6.28318530717959
0

0101000
+895 0 -895 0 *
Wi

0101100
-1049 0 +894 0 +893 0 -894 0 *
Fa
0  1e-07 31 0

0101000
+892 0 *
Ve
1e-07
122 89.7 56.5
0 0

0101101
*
Ed
 1e-07 1 1 0
1  98 0 0 0.299999999999997
3  201 202CN 32 0 0 0.299999999999997
0

0101000
+890 0 -1047 0 *
Ed
 1e-07 1 1 0
1  99 0 0 6.28318530717959
2  203 32 0 0 6.28318530717959
2  204 59 0 0 6.28318530717959
0

0101000
+890 0 -890 0 *
Wi

0101100
-1046 0 +889 0 +888 0 -889 0 *
Fa
0  1e-07 32 0

0101000
+887 0 *
Ve
1.00000084191198e-07
206.066504808617 89.7 38.6370210010022
0 0

0101101
*
Ed
 1e-07 1 1 0
1  100 0 -1.4210854715202e-14 0.299999999999997
2  205 34 1 -1.4210854715202e-14 0.299999999999997
2  206 35 0 -1.4210854715202e-14 0.299999999999997
0

0101000
+885 0 -1041 0 *
Ve
1.00000404010876e-07
187.997026656554 89.7 36.4898217421447
0 0

0101101
*
Ed
 1e-07 1 1 0
1  101 0 4.09475993519441 5.09346692818059
2  207 34 0 4.09475993519441 5.09346692818059
2  208 60 0 4.09475993519441 5.09346692818059
0

0101000
+883 2 -885 2 *
Ed
 1e-07 1 1 0
1  102 0 -1.4210854715202e-14 0.299999999999997
2  209 34 1 -1.4210854715202e-14 0.299999999999997
2  210 33 0 -1.4210854715202e-14 0.299999999999997
0

0101000
+883 0 -1043 0 *
Wi

0101100
-1040 0 +884 0 +882 1 -881 0 *
Fa
0  1e-07 34 1

0101000
+880 0 *
Wi

0101100
+1026 0 *
Ve
1.00000007105427e-07
0.3 45 20.5785
0 0

0101101
*
Ed
 1e-07 1 1 0
1  103 0 0 6.28318530717959
2  211 61 0 0 6.28318530717959
2  212 37 0 0 6.28318530717959
0

0101100
+877 0 -877 0 *
Wi

0101100
-876 0 *
Fa
0  1e-07 37 0

0101000
+878 0 +875 0 *
Ve
1e-07
249.7 45 25
0 0

0101101
*
Ed
 1e-07 1 1 0
1  104 0 0 0.300000000000011
3  213 214CN 38 0 0 0.300000000000011
0

0101000
+873 0 -1022 0 *
Ed
 1e-07 1 1 0
1  105 0 0 6.28318530717959
2  215 38 0 0 6.28318530717959
2  216 62 0 0 6.28318530717959
0

0101000
+873 0 -873 0 *
Wi

0101100
-1021 0 +872 0 +871 0 -872 0 *
Fa
0  1e-07 38 0

0101000
+870 0 *
Wi

0101100
+1016 0 *
Ve
1e-07
99 0.3 19
0 0

0101101
*
Ed
 1e-07 1 1 0
1  106 0 0 6.28318530717959
2  217 63 0 0 6.28318530717959
2  218 39 0 0 6.28318530717959
0

0101100
+867 0 -867 0 *
Wi

0101100
-866 0 *
Fa
0  1e-07 39 0

0101000
+868 0 +865 0 *
Wi

0101100
+1011 0 *
Ve
1.00000014210855e-07
122 0.3 32
0 0

0101101
*
Ed
 1e-07 1 1 0
1  107 0 0 6.28318530717959
2  219 64 0 0 6.28318530717959
2  220 40 0 0 6.28318530717959
0

0101100
+862 0 -862 0 *
Wi

0101100
-861 0 *
Fa
0  1e-07 40 0

0101000
+863 0 +860 0 *
Wi

0101100
+1006 0 *
Ve
1e-07
176 0.3 20.5785
0 0

0101101
*
Ed
 1e-07 1 1 0
1  108 0 0 6.28318530717959
2  221 65 0 0 6.28318530717959
2  222 41 0 0 6.28318530717959
0

0101100
+857 0 -857 0 *
Wi

0101100
-856 0 *
Fa
0  1e-07 41 0

0101000
+858 0 +855 0 *
Wi

0101100
+1001 0 *
Ve
1e-07
224 0.3 27
0 0

0101101
*
Ed
 1e-07 1 1 0
1  109 0 0 6.28318530717959
2  223 66 0 0 6.28318530717959
2  224 42 0 0 6.28318530717959
0

0101100
+852 0 -852 0 *
Wi

0101100
-851 0 *
Fa
0  1e-07 42 0

0101000
+853 0 +850 0 *
Ve
1e-07
41.5 45 61.7
0 0

0101101
*
Ed
 1e-07 1 1 0
1  59 0 4.1548633767344 6.28318530717959
2  124 43 0 4.1548633767344 6.28318530717959
2  225 12 0 4.1548633767344 6.28318530717959
0

0101000
+983 0 -848 0 *
Ed
 1e-07 1 1 0
1  59 0 0 2.12832193044518
2  124 43 0 0 2.12832193044518
2  226 12 0 0 2.12832193044518
0

0101000
+848 0 -996 0 *
Wi

0101100
+847 0 -981 0 +986 0 -995 0 +846 0 *
Ve
1.00000007105427e-07
12.2682692307692 45 61.7
0 0

0101101
*
Ed
 1e-07 1 1 0
1  110 0 0 6.28318530717959
2  227 43 0 0 6.28318530717959
2  228 67 0 0 6.28318530717959
0

0101100
+844 0 -844 0 *
Wi

0101100
+843 0 *
Fa
0  1e-07 43 0

0101000
+845 0 +842 0 *
Wi

0101100
+991 0 *
Wi

0101100
-918 0 *
Fa
0  1e-07 44 0

0101000
+840 0 +839 0 *
Wi

0101100
+978 0 *
Wi

0101100
-933 0 *
Fa
0  1e-07 45 0

0101000
+837 0 +836 0 *
Wi

0101100
+973 0 *
Ve
1.00000010048592e-07
62.2682692307692 45 61.7
0 0

0101101
*
Ed
 1e-07 1 1 0
1  111 0 0 6.28318530717959
2  229 46 0 0 6.28318530717959
2  230 68 0 0 6.28318530717959
0

0101100
+833 0 -833 0 *
Wi

0101100
+832 0 *
Fa
0  1e-07 46 0

0101000
+834 0 +831 0 *
Wi

0101100
+968 0 *
Ve
1.00000007105427e-07
132 45 61.7
0 0

0101101
*
Ed
 1e-07 1 1 0
1  112 0 0 6.28318530717959
2  231 69 0 0 6.28318530717959
2  232 47 0 0 6.28318530717959
0

0101100
+828 0 -828 0 *
Wi

0101100
-827 0 *
Fa
0  1e-07 47 0

0101000
+829 0 +826 0 *
Wi

0101100
+963 0 *
Wi

0101100
-928 0 *
Fa
0  1e-07 48 0

0101000
+824 0 +823 0 *
Wi

0101100
+958 0 *
Ve
1e-07
164.268269230769 45 61.7
0 0

0101101
*
Ed
 1e-07 1 1 0
1  113 0 0 6.28318530717959
2  233 49 0 0 6.28318530717959
2  234 70 0 0 6.28318530717959
0

0101100
+820 0 -820 0 *
Wi

0101100
+819 0 *
Fa
0  1e-07 49 0

0101000
+821 0 +818 0 *
Wi

0101100
+953 0 *
Ve
1.00000007105427e-07
214.268269230769 45 61.7
0 0

0101101
*
Ed
 1e-07 1 1 0
1  114 0 0 6.28318530717959
2  235 50 0 0 6.28318530717959
2  236 71 0 0 6.28318530717959
0

0101100
+815 0 -815 0 *
Wi

0101100
+814 0 *
Fa
0  1e-07 50 0

0101000
+816 0 +813 0 *
Wi

0101100
+948 0 *
Ve
1.00000014210855e-07
203.864 70 61.7
0 0

0101101
*
Ed
 1e-07 1 1 0
1  115 0 0 6.28318530717959
2  237 72 0 0 6.28318530717959
2  238 51 0 0 6.28318530717959
0

0101100
+810 0 -810 0 *
Wi

0101100
-809 0 *
Fa
0  1e-07 51 0

0101000
+811 0 +808 0 *
Wi

0101100
+943 0 *
Wi

0101100
-908 0 *
Fa
0  1e-07 52 0

0101000
+806 0 +805 0 *
Wi

0101100
+938 0 *
Fa
0  1e-07 53 0

0101000
+803 0 *
Wi

0101100
+923 0 *
Ve
1e-07
30.6 45 2
0 0

0101101
*
Ed
 1e-07 1 1 0
1  116 0 0 6.28318530717959
2  239 54 0 0 6.28318530717959
2  240 73 0 0 6.28318530717959
0

0101100
+800 0 -800 0 *
Wi

0101100
-799 0 *
Fa
0  1e-07 54 0

0101000
+801 0 +798 0 *
Wi

0101100
+913 0 *
Ve
1e-07
232.6 45 2
0 0

0101101
*
Ed
 1e-07 1 1 0
1  117 0 0 6.28318530717959
2  241 55 0 0 6.28318530717959
2  242 74 0 0 6.28318530717959
0

0101100
+795 0 -795 0 *
Wi

0101100
-794 0 *
Fa
0  1e-07 55 0

0101000
+796 0 +793 0 *
Wi

0101100
+903 0 *
Fa
0  1e-07 56 0

0101000
+791 0 *
Wi

0101100
+898 0 *
Ve
1.00000003552714e-07
30 89.7 48.331
0 0

0101101
*
Ed
 1e-07 1 1 0
1  118 0 0 6.28318530717959
2  243 75 0 0 6.28318530717959
2  244 57 0 0 6.28318530717959
0

0101100
+788 0 -788 0 *
Wi

0101100
-787 0 *
Fa
0  1e-07 57 0

0101000
+789 0 +786 0 *
Wi

0101100
+893 0 *
Ve
1e-07
74 89.7 46.5785
0 0

0101101
*
Ed
 1e-07 1 1 0
1  119 0 0 6.28318530717959
2  245 76 0 0 6.28318530717959
2  246 58 0 0 6.28318530717959
0

0101100
+783 0 -783 0 *
Wi

0101100
-782 0 *
Fa
0  1e-07 58 0

0101000
+784 0 +781 0 *
Wi

0101100
+888 0 *
Ve
1e-07
122 89.7 50.5785
0 0

0101101
*
Ed
 1e-07 1 1 0
1  120 0 0 6.28318530717959
2  247 77 0 0 6.28318530717959
2  248 59 0 0 6.28318530717959
0

0101100
+778 0 -778 0 *
Wi

0101100
-777 0 *
Fa
0  1e-07 59 0

0101000
+779 0 +776 0 *
Ve
1e-07
12 45 20.5785
0 0

0101101
*
Ed
 1e-07 1 1 0
1  121 0 0.31 12.01
3  249 250CN 61 0 0.31 12.01
0

0101000
+877 0 -774 0 *
Ed
 1e-07 1 1 0
1  122 0 0 6.28318530717959
2  251 61 0 0 6.28318530717959
2  252 78 0 0 6.28318530717959
0

0101000
+774 0 -774 0 *
Wi

0101100
+773 0 +876 0 -773 0 -772 0 *
Fa
0  1e-07 61 0

0101000
+771 0 *
Wi

0101100
+871 0 *
Ve
1.00000007105427e-07
249.7 45 21
0 0

0101101
*
Ed
 1e-07 1 1 0
1  123 0 0 6.28318530717959
2  253 79 0 0 6.28318530717959
2  254 62 0 0 6.28318530717959
0

0101100
+768 0 -768 0 *
Wi

0101100
-767 0 *
Fa
0  1e-07 62 0

0101000
+769 0 +766 0 *
Ve
1e-07
99 12.01 19
0 0

0101101
*
Ed
 1e-07 1 1 0
1  124 0 0.31 12.02
3  255 256CN 63 0 0.31 12.02
0

0101000
+867 0 -764 0 *
Ed
 1e-07 1 1 0
1  125 0 0 6.28318530717959
2  257 63 0 0 6.28318530717959
2  258 80 0 0 6.28318530717959
0

0101000
+764 0 -764 0 *
Wi

0101100
+763 0 +866 0 -763 0 -762 0 *
Fa
0  1e-07 63 0

0101000
+761 0 *
Ve
1e-07
122 12 32
0 0

0101101
*
Ed
 1e-07 1 1 0
1  126 0 0.31 12.01
3  259 260CN 64 0 0.31 12.01
0

0101000
+862 0 -759 0 *
Ed
 1e-07 1 1 0
1  127 0 0 6.28318530717959
2  261 64 0 0 6.28318530717959
2  262 81 0 0 6.28318530717959
0

0101000
+759 0 -759 0 *
Wi

0101100
+758 0 +861 0 -758 0 -757 0 *
Fa
0  1e-07 64 0

0101000
+756 0 *
Ve
1e-07
176 12 20.5785
0 0

0101101
*
Ed
 1e-07 1 1 0
1  128 0 0.31 12.01
3  263 264CN 65 0 0.31 12.01
0

0101000
+857 0 -754 0 *
Ed
 1e-07 1 1 0
1  129 0 0 6.28318530717959
2  265 65 0 0 6.28318530717959
2  266 82 0 0 6.28318530717959
0

0101000
+754 0 -754 0 *
Wi

0101100
+753 0 +856 0 -753 0 -752 0 *
Fa
0  1e-07 65 0

0101000
+751 0 *
Ve
1e-07
224 12 27
0 0

0101101
*
Ed
 1e-07 1 1 0
1  130 0 0.31 12.01
3  267 268CN 66 0 0.31 12.01
0

0101000
+852 0 -749 0 *
Ed
 1e-07 1 1 0
1  131 0 0 6.28318530717959
2  269 66 0 0 6.28318530717959
2  270 83 0 0 6.28318530717959
0

0101000
+749 0 -749 0 *
Wi

0101100
+748 0 +851 0 -748 0 -747 0 *
Fa
0  1e-07 66 0

0101000
+746 0 *
Ve
1e-07
13.75 45 59.4
0 0

0101101
*
Ed
 1e-07 1 1 0
1  132 0 0.356865514672024 3.09283446049089
3  271 272CN 67 0 0.356865514672024 3.09283446049089
0

0101000
+844 0 -744 0 *
Ed
 1e-07 1 1 0
1  133 0 0 6.28318530717959
2  273 67 0 0 6.28318530717959
2  274 84 0 0 6.28318530717959
0

0101000
+744 0 -744 0 *
Wi

0101100
+743 0 +843 0 -743 0 -742 0 *
Fa
0  1e-07 67 0

0101000
+741 0 *
Ve
1e-07
63.75 45 59.4
0 0

0101101
*
Ed
 1e-07 1 1 0
1  134 0 0.356865514672025 3.09283446049089
3  275 276CN 68 0 0.356865514672025 3.09283446049089
0

0101000
+833 0 -739 0 *
Ed
 1e-07 1 1 0
1  135 0 0 6.28318530717959
2  277 68 0 0 6.28318530717959
2  278 85 0 0 6.28318530717959
0

0101000
+739 0 -739 0 *
Wi

0101100
+738 0 +832 0 -738 0 -737 0 *
Fa
0  1e-07 68 0

0101000
+736 0 *
Ve
1e-07
132 45 47.5
0 0

0101101
*
Ed
 1e-07 1 1 0
1  136 0 0 14.2
3  279 280CN 69 0 0 14.2
0

0101000
+734 0 -828 0 *
Ed
 1e-07 1 1 0
1  137 0 0 6.28318530717959
2  281 69 0 0 6.28318530717959
2  282 86 0 0 6.28318530717959
0

0101000
+734 0 -734 0 *
Wi

0101100
-827 0 +733 0 +732 0 -733 0 *
Fa
0  1e-07 69 0

0101000
+731 0 *
Ve
1e-07
165.75 45 59.4
0 0

0101101
*
Ed
 1e-07 1 1 0
1  138 0 0.356865514672025 3.09283446049089
3  283 284CN 70 0 0.356865514672025 3.09283446049089
0

0101000
+820 0 -729 0 *
Ed
 1e-07 1 1 0
1  139 0 0 6.28318530717959
2  285 70 0 0 6.28318530717959
2  286 87 0 0 6.28318530717959
0

0101000
+729 0 -729 0 *
Wi

0101100
+728 0 +819 0 -728 0 -727 0 *
Fa
0  1e-07 70 0

0101000
+726 0 *
Ve
1e-07
215.75 45 59.4
0 0

0101101
*
Ed
 1e-07 1 1 0
1  140 0 0.356865514672025 3.09283446049089
3  287 288CN 71 0 0.356865514672025 3.09283446049089
0

0101000
+815 0 -724 0 *
Ed
 1e-07 1 1 0
1  141 0 0 6.28318530717959
2  289 71 0 0 6.28318530717959
2  290 88 0 0 6.28318530717959
0

0101000
+724 0 -724 0 *
Wi

0101100
+723 0 +814 0 -723 0 -722 0 *
Fa
0  1e-07 71 0

0101000
+721 0 *
Ve
1e-07
203.864 70 50
0 0

0101101
*
Ed
 1e-07 1 1 0
1  142 0 0 11.7
3  291 292CN 72 0 0 11.7
0

0101000
+719 0 -810 0 *
Ed
 1e-07 1 1 0
1  143 0 0 6.28318530717959
2  293 72 0 0 6.28318530717959
2  294 89 0 0 6.28318530717959
0

0101000
+719 0 -719 0 *
Wi

0101100
-809 0 +718 0 +717 0 -718 0 *
Fa
0  1e-07 72 0

0101000
+716 0 *
Ve
1e-07
30.6 45 0
0 0

0101101
*
Ed
 1e-07 1 1 0
1  144 0 1 3
3  295 296CN 73 0 1 3
0

0101000
+714 0 -800 0 *
Ed
 1e-07 1 1 0
1  145 0 0 6.28318530717959
2  297 4 0 0 6.28318530717959
2  298 73 0 0 6.28318530717959
0

0101100
+714 0 -714 0 *
Wi

0101100
+713 0 +712 0 -713 0 -799 0 *
Fa
0  1e-07 73 0

0101000
+711 0 *
Ve
1e-07
232.6 45 0
0 0

0101101
*
Ed
 1e-07 1 1 0
1  146 0 1 3
3  299 300CN 74 0 1 3
0

0101000
+709 0 -795 0 *
Ed
 1e-07 1 1 0
1  147 0 0 6.28318530717959
2  301 4 0 0 6.28318530717959
2  302 74 0 0 6.28318530717959
0

0101100
+709 0 -709 0 *
Wi

0101100
+708 0 +707 0 -708 0 -794 0 *
Fa
0  1e-07 74 0

0101000
+706 0 *
Ve
1e-07
30 78 48.331
0 0

0101101
*
Ed
 1e-07 1 1 0
1  148 0 0 11.7
3  303 304CN 75 0 0 11.7
0

0101000
+704 0 -788 0 *
Ed
 1e-07 1 1 0
1  149 0 0 6.28318530717959
2  305 75 0 0 6.28318530717959
2  306 90 0 0 6.28318530717959
0

0101000
+704 0 -704 0 *
Wi

0101100
-787 0 +703 0 +702 0 -703 0 *
Fa
0  1e-07 75 0

0101000
+701 0 *
Ve
1e-07
74 78 46.5785
0 0

0101101
*
Ed
 1e-07 1 1 0
1  150 0 0 11.7
3  307 308CN 76 0 0 11.7
0

0101000
+699 0 -783 0 *
Ed
 1e-07 1 1 0
1  151 0 0 6.28318530717959
2  309 76 0 0 6.28318530717959
2  310 91 0 0 6.28318530717959
0

0101000
+699 0 -699 0 *
Wi

0101100
-782 0 +698 0 +697 0 -698 0 *
Fa
0  1e-07 76 0

0101000
+696 0 *
Ve
1e-07
122 78 50.5785
0 0

0101101
*
Ed
 1e-07 1 1 0
1  152 0 0 11.7
3  311 312CN 77 0 0 11.7
0

0101000
+694 0 -778 0 *
Ed
 1e-07 1 1 0
1  153 0 0 6.28318530717959
2  313 77 0 0 6.28318530717959
2  314 92 0 0 6.28318530717959
0

0101000
+694 0 -694 0 *
Wi

0101100
-777 0 +693 0 +692 0 -693 0 *
Fa
0  1e-07 77 0

0101000
+691 0 *
Wi

0101100
+772 0 *
Ve
1.00000007105427e-07
12 45 17
0 0

0101101
*
Ed
 1e-07 1 1 0
1  154 0 0 6.28318530717959
2  315 93 0 0 6.28318530717959
2  316 78 0 0 6.28318530717959
0

0101100
+688 0 -688 0 *
Wi

0101100
-687 0 *
Fa
0  1e-07 78 0

0101000
+689 0 +686 0 *
Ve
1e-07
238 45 21
0 0

0101101
*
Ed
 1e-07 1 1 0
1  155 0 0 11.7
3  317 318CN 79 0 0 11.7
0

0101000
+684 0 -768 0 *
Ed
 1e-07 1 1 0
1  156 0 0 6.28318530717959
2  319 79 0 0 6.28318530717959
2  320 94 0 0 6.28318530717959
0

0101000
+684 0 -684 0 *
Wi

0101100
-767 0 +683 0 +682 0 -683 0 *
Fa
0  1e-07 79 0

0101000
+681 0 *
Wi

0101100
+762 0 *
Ve
1e-07
99 12.01 16.5
0 0

0101101
*
Ed
 1e-07 1 1 0
1  157 0 0 6.28318530717959
2  321 95 0 0 6.28318530717959
2  322 80 0 0 6.28318530717959
0

0101100
+678 0 -678 0 *
Wi

0101100
-677 0 *
Fa
0  1e-07 80 0

0101000
+679 0 +676 0 *
Wi

0101100
+757 0 *
Ve
1e-07
122 12 26
0 0

0101101
*
Ed
 1e-07 1 1 0
1  158 0 0 6.28318530717959
2  323 96 0 0 6.28318530717959
2  324 81 0 0 6.28318530717959
0

0101100
+673 0 -673 0 *
Wi

0101100
-672 0 *
Fa
0  1e-07 81 0

0101000
+674 0 +671 0 *
Wi

0101100
+752 0 *
Ve
1e-07
176 12 16
0 0

0101101
*
Ed
 1e-07 1 1 0
1  159 0 0 6.28318530717959
2  325 97 0 0 6.28318530717959
2  326 82 0 0 6.28318530717959
0

0101100
+668 0 -668 0 *
Wi

0101100
-667 0 *
Fa
0  1e-07 82 0

0101000
+669 0 +666 0 *
Wi

0101100
+747 0 *
Ve
1e-07
224 12 21
0 0

0101101
*
Ed
 1e-07 1 1 0
1  160 0 0 6.28318530717959
2  327 98 0 0 6.28318530717959
2  328 83 0 0 6.28318530717959
0

0101100
+663 0 -663 0 *
Wi

0101100
-662 0 *
Fa
0  1e-07 83 0

0101000
+664 0 +661 0 *
Ve
1e-07
35 45 59.4
0 0

0101101
*
Ed
 1e-07 1 1 0
1  161 0 0 6.28318530717959
2  329 100 0 0 6.28318530717959
2  330 99 0 0 6.28318530717959
0

0101000
+659 0 -659 0 *
Wi

0101100
+658 0 *
Wi

0101100
+742 0 *
Fa
0  1e-07 99 0

0101000
+657 0 +656 0 *
Ve
1e-07
85 45 59.4
0 0

0101101
*
Ed
 1e-07 1 1 0
1  162 0 0 6.28318530717959
2  331 102 0 0 6.28318530717959
2  332 101 0 0 6.28318530717959
0

0101000
+654 0 -654 0 *
Wi

0101100
+653 0 *
Wi

0101100
+737 0 *
Fa
0  1e-07 101 0

0101000
+652 0 +651 0 *
Wi

0101100
+732 0 *
Ve
1.00000007105427e-07
131.2 45 47.5
0 0

0101101
*
Ed
 1e-07 1 1 0
1  163 0 0 6.28318530717959
2  333 86 0 0 6.28318530717959
2  334 103 0 0 6.28318530717959
0

0101100
+648 0 -648 0 *
Wi

0101100
-647 0 *
Fa
0  1e-07 86 0

0101000
+649 0 +646 0 *
Ve
1e-07
187 45 59.4
0 0

0101101
*
Ed
 1e-07 1 1 0
1  164 0 0 6.28318530717959
2  335 105 0 0 6.28318530717959
2  336 104 0 0 6.28318530717959
0

0101000
+644 0 -644 0 *
Wi

0101100
+643 0 *
Wi

0101100
+727 0 *
Fa
0  1e-07 104 0

0101000
+642 0 +641 0 *
Ve
1e-07
237 45 59.4
0 0

0101101
*
Ed
 1e-07 1 1 0
1  165 0 0 6.28318530717959
2  337 107 0 0 6.28318530717959
2  338 106 0 0 6.28318530717959
0

0101000
+639 0 -639 0 *
Wi

0101100
+638 0 *
Wi

0101100
+722 0 *
Fa
0  1e-07 106 0

0101000
+637 0 +636 0 *
Wi

0101100
+717 0 *
Ve
1e-07
201.5 70 50
0 0

0101101
*
Ed
 1e-07 1 1 0
1  166 0 0 6.28318530717959
2  339 108 0 0 6.28318530717959
2  340 89 0 0 6.28318530717959
0

0101100
+633 0 -633 0 *
Wi

0101100
-632 0 *
Fa
0  1e-07 89 0

0101000
+634 0 +631 0 *
Wi

0101100
+712 0 *
Ve
1e-07
29 45 0
0 0

0101101
*
Ed
 1e-07 1 1 0
1  167 0 0 6.28318530717959
2  341 4 0 0 6.28318530717959
2  342 109 0 0 6.28318530717959
0

0101100
+628 0 -628 0 *
Wi

0101100
-627 0 *
Fa
0  1e-07 4 0

0101000
+629 0 +626 0 *
Wi

0101100
+707 0 *
Ve
1e-07
231 45 0
0 0

0101101
*
Ed
 1e-07 1 1 0
1  168 0 0 6.28318530717959
2  343 4 0 0 6.28318530717959
2  344 110 0 0 6.28318530717959
0

0101100
+623 0 -623 0 *
Wi

0101100
-622 0 *
Fa
0  1e-07 4 0

0101000
+624 0 +621 0 *
Wi

0101100
+702 0 *
Ve
1e-07
30 78 44
0 0

0101101
*
Ed
 1e-07 1 1 0
1  169 0 0 6.28318530717959
2  345 111 0 0 6.28318530717959
2  346 90 0 0 6.28318530717959
0

0101100
+618 0 -618 0 *
Wi

0101100
-617 0 *
Fa
0  1e-07 90 0

0101000
+619 0 +616 0 *
Wi

0101100
+697 0 *
Ve
1e-07
74 78 43
0 0

0101101
*
Ed
 1e-07 1 1 0
1  170 0 0 6.28318530717959
2  347 112 0 0 6.28318530717959
2  348 91 0 0 6.28318530717959
0

0101100
+613 0 -613 0 *
Wi

0101100
-612 0 *
Fa
0  1e-07 91 0

0101000
+614 0 +611 0 *
Wi

0101100
+692 0 *
Ve
1e-07
122 78 46.5
0 0

0101101
*
Ed
 1e-07 1 1 0
1  171 0 0 6.28318530717959
2  349 113 0 0 6.28318530717959
2  350 92 0 0 6.28318530717959
0

0101100
+608 0 -608 0 *
Wi

0101100
-607 0 *
Fa
0  1e-07 92 0

0101000
+609 0 +606 0 *
Ve
1.21939486126601e-07
19 45 17
0 0

0101101
*
Ed
 1.21939439397948e-07 1 1 0
1  172 0 0 1
2  351 109 0 0 1
2  352 93 0 0 1
0

0101100
+604 0 -604 0 *
Ed
 1e-07 1 1 0
1  173 0 12 19
3  353 354CN 93 0 12 19
0

0101000
+688 0 -604 0 *
Wi

0101100
-603 0 +602 0 +687 0 -602 0 *
Fa
0  1e-07 93 0

0101000
+601 0 *
Wi

0101100
+682 0 *
Ve
1.00000007105427e-07
238 45 19
0 0

0101101
*
Ed
 1e-07 1 1 0
1  174 0 0 6.28318530717959
2  355 114 0 0 6.28318530717959
2  356 94 0 0 6.28318530717959
0

0101100
+598 0 -598 0 *
Wi

0101100
-597 0 *
Fa
0  1e-07 94 0

0101000
+599 0 +596 0 *
Ve
1.00000007105427e-07
99 43.3416876048223 16.5
0 0

0101101
*
Ed
 1e-07 1 1 0
1  175 0 0.00999999999999979 31.3416876048223
3  357 358CN 95 0 0.00999999999999979 31.3416876048223
0

0101000
+678 0 -594 0 *
Ed
 1e-07 1 1 0
1  176 0 0 1
2  359 93 0 0 1
2  360 95 0 0 1
0

0101100
+594 0 -594 0 *
Wi

0101100
+677 0 -593 0 -592 0 +593 0 *
Fa
0  1e-07 95 0

0101000
+591 0 *
Ve
1.09897901941222e-07
122 42.0000000000002 26
0 0

0101101
*
Ed
 1e-07 1 1 0
1  177 0 0.00999999999999979 30.0100000000002
3  361 362CN 96 0 0.00999999999999979 30.0100000000002
0

0101000
+673 0 -589 0 *
Ed
 1.09897710094683e-07 1 1 0
1  178 0 0 1
2  363 115 0 0 1
2  364 96 0 0 1
0

0101100
+589 0 -589 0 *
Wi

0101100
+672 0 -588 0 -587 0 +588 0 *
Fa
0  1e-07 96 0

0101000
+586 0 *
Ve
1.00000142108547e-07
176 41.0000000000001 16
0 0

0101101
*
Ve
1.0000006029155e-07
177.322875655532 41.2250827823646 15.5
0 0

0101101
*
Ed
 1e-07 1 1 0
1  179 0 0 0.999999302883656
2  365 97 0 0 0.999999302883656
2  366 116 0 0 0.999999302883656
0

0101000
+584 0 -583 0 *
Ve
1.0000003426113e-07
177.322875655532 42.3074175964327 15.5
0 0

0101101
*
Ed
 1e-07 1 1 0
1  180 0 29.2350827823646 30.3174175964327
2  367 97 0 29.2350827823646 30.3174175964327
2  368 117 0 29.2350827823646 30.3174175964327
0

0101000
+583 0 -581 0 *
Ve
1.11397331836251e-07
177.414213570621 42.3542486903779 15.4142135691405
0 0

0101101
*
Ed
 1e-07 1 1 0
1  181 0 9.36610090992307e-08 0.0130534718931295
2  369 97 0 9.36610090992307e-08 0.0130534718931295
2  370 118 0 9.36610090992307e-08 0.0130534718931295
0

0101000
+581 0 -579 0 *
Ve
1.01980368959998e-07
177.414213563834 42.3542486897201 12.5857864388047
0 0

0101101
*
Ed
 1e-07 1 1 0
1  182 0 0.270136070133744 0.730714144596432
2  371 119 0 0.270136070133744 0.730714144596432
2  372 97 0 0.270136070133744 0.730714144596432
0

0101000
+579 0 -577 0 *
Ve
1.00000062778572e-07
174.677124344468 42.3074175964327 15.5
0 0

0101101
*
Ed
 1e-07 1 1 0
1  181 0 0.354746588842936 0.999999906518313
2  369 97 0 0.354746588842936 0.999999906518313
2  370 118 0 0.354746588842936 0.999999906518313
0

0101000
+577 0 -575 0 *
Ve
1.00000008881784e-07
174.677124344468 41.2250827823646 15.5
0 0

0101101
*
Ed
 1e-07 1 1 0
1  183 0 29.2350827823646 30.3174175964327
2  373 97 0 29.2350827823646 30.3174175964327
2  374 117 0 29.2350827823646 30.3174175964327
0

0101000
+573 0 -575 0 *
Ed
 1e-07 1 1 0
1  184 0 6.97125012094034e-07 1
2  375 97 0 6.97125012094034e-07 1
2  376 116 0 6.97125012094034e-07 1
0

0101000
+573 0 -584 0 *
Ed
 1e-07 1 1 0
1  185 0 0.00999999999999979 29.0100000000001
3  377 378CN 97 0 0.00999999999999979 29.0100000000001
0

0101000
+668 0 -584 0 *
Wi

0101100
-582 0 -580 0 -578 0 -576 0 -574 0 +572 0 -571 0 +570 0 +667 0 -570 0 
*
Fa
0  1e-07 97 0

0101000
+569 0 *
Ve
1.00000170530257e-07
224 35.9175994362725 21
0 0

0101101
*
Ed
 1e-07 1 1 0
1  186 0 0.00999999999999979 23.9275994362725
3  379 380CN 98 0 0.00999999999999979 23.9275994362725
0

0101000
+663 0 -567 0 *
Ve
1.00000010658141e-07
225.322875655532 35.724683152467 20.5
0 0

0101101
*
Ed
 1e-07 1 1 0
1  187 0 0 0.999999314745874
2  381 98 0 0 0.999999314745874
2  382 120 0 0 0.999999314745874
0

0101000
+567 0 -565 0 *
Ve
1.46538137599901e-07
225.322875654271 40.0460619076806 20.4999999997417
0 0

0101101
*
Ed
 1e-07 1 1 0
1  188 0 23.734683152467 28.0560619076806
2  383 98 0 23.734683152467 28.0560619076806
2  384 121 0 23.734683152467 28.0560619076806
0

0101000
+565 0 -563 0 *
Ve
1.45480352837448e-07
222.429285785729 41.5 17.7619140348563
0 0

0101101
*
Ed
 1.45480324194555e-07 1 1 0
1  189 0 0.162630317094881 0.999999860663144
2  385 110 0 0.162630317094881 0.999999860663144
2  386 98 0 0.162630317094881 0.999999860663144
0

0101000
+563 0 -561 0 *
Ve
1.00000029296427e-07
222.429285785729 41.5 20.2380859651437
0 0

0101101
*
Ed
 1e-07 1 1 0
1  190 0 4.04486543941552 5.37991252135385
2  387 98 0 4.04486543941552 5.37991252135385
2  388 122 0 4.04486543941552 5.37991252135385
0

0101000
+561 0 -559 0 *
Ve
1.30691796708508e-07
222.677124318644 41.2638927512379 20.500000006179
0 0

0101101
*
Ed
 1e-07 1 1 0
1  191 0 5.77138815429535e-07 0.218232960755034
2  389 110 0 5.77138815429535e-07 0.218232960755034
2  390 98 0 5.77138815429535e-07 0.218232960755034
0

0101000
+559 0 -557 0 *
Ve
1.00000025618983e-07
222.677124344468 36.3138905499717 20.5
0 0

0101101
*
Ed
 1e-07 1 1 0
1  192 0 24.3238905499717 29.2738927512379
2  391 98 0 24.3238905499717 29.2738927512379
2  392 121 0 24.3238905499717 29.2738927512379
0

0101000
+555 0 -557 0 *
Ed
 1e-07 1 1 0
1  193 0 6.85030832621337e-07 1
2  393 98 0 6.85030832621337e-07 1
2  394 120 0 6.85030832621337e-07 1
0

0101000
+555 0 -567 0 *
Wi

0101100
+662 0 -566 0 -564 0 -562 0 -560 0 -558 0 -556 0 +554 0 -553 0 +566 0 
*
Fa
0  1e-07 98 0

0101000
+552 0 *
Ve
1e-07
35 45 45.5
0 0

0101101
*
Ed
 1e-07 1 1 0
1  194 0 0 13.9
3  395 396CN 100 0 0 13.9
0

0101000
-659 0 +550 0 *
Ed
 1e-07 1 1 0
1  195 0 0 6.28318530717959
2  397 100 0 0 6.28318530717959
2  398 123 0 0 6.28318530717959
0

0101000
+550 0 -550 0 *
Wi

0101100
-658 0 +549 0 +548 0 -549 0 *
Fa
0  1e-07 100 0

0101000
+547 0 *
Ve
1e-07
85 45 45.5
0 0

0101101
*
Ed
 1e-07 1 1 0
1  196 0 0 13.9
3  399 400CN 102 0 0 13.9
0

0101000
-654 0 +545 0 *
Ed
 1e-07 1 1 0
1  197 0 0 6.28318530717959
2  401 102 0 0 6.28318530717959
2  402 124 0 0 6.28318530717959
0

0101000
+545 0 -545 0 *
Wi

0101100
-653 0 +544 0 +543 0 -544 0 *
Fa
0  1e-07 102 0

0101000
+542 0 *
Ve
1.00000007105427e-07
112.8 45 41
0 0

0101101
*
Ve
1.00000007105427e-07
131.2 45 41
0 0

0101101
*
Ed
 1.00000007105427e-07 1 1 0
1  198 0 3.14159265358979 6.28318530717959
2  403 103 0 3.14159265358979 6.28318530717959
2  404 125 0 3.14159265358979 6.28318530717959
2  405 126 0 3.14159265358979 6.28318530717959
0

0101000
+540 0 -539 0 *
Ed
 1.00000007105427e-07 1 1 0
1  198 0 0 3.14159265358979
2  403 103 0 0 3.14159265358979
2  404 125 0 0 3.14159265358979
2  406 126 0 0 3.14159265358979
0

0101000
+539 0 -540 0 *
Ed
 1e-07 1 1 0
1  199 0 0 6.5
3  407 408CN 103 0 0 6.5
0

0101000
+539 0 -648 0 *
Wi

0101100
+538 0 +537 0 -536 0 -647 0 +536 0 *
Ve
1.00000028421709e-07
122 54.2 46.5
0 0

0101101
*
Ed
 1e-07 1 1 0
1  200 0 0 1
2  409 113 0 0 1
2  410 103 0 0 1
0

0101100
+534 0 -534 0 *
Wi

0101100
-533 0 *
Fa
0  1e-07 103 0

0101000
+535 0 +532 0 *
Ve
1e-07
187 45 45.5
0 0

0101101
*
Ed
 1e-07 1 1 0
1  201 0 0 13.9
3  411 412CN 105 0 0 13.9
0

0101000
-644 0 +530 0 *
Ed
 1e-07 1 1 0
1  202 0 0 6.28318530717959
2  413 105 0 0 6.28318530717959
2  414 127 0 0 6.28318530717959
0

0101000
+530 0 -530 0 *
Wi

0101100
-643 0 +529 0 +528 0 -529 0 *
Fa
0  1e-07 105 0

0101000
+527 0 *
Ve
1e-07
237 45 45.5
0 0

0101101
*
Ed
 1e-07 1 1 0
1  203 0 0 13.9
3  415 416CN 107 0 0 13.9
0

0101000
-639 0 +525 0 *
Ed
 1e-07 1 1 0
1  204 0 0 6.28318530717959
2  417 107 0 0 6.28318530717959
2  418 128 0 0 6.28318530717959
0

0101000
+525 0 -525 0 *
Wi

0101100
-638 0 +524 0 +523 0 -524 0 *
Fa
0  1e-07 107 0

0101000
+522 0 *
Ve
1.74385362981574e-07
201.5 70 29.8538127380239
0 0

0101101
*
Ed
 1e-07 1 1 0
1  205 0 8.86381273802391 29.01
3  419 420CN 108 0 8.86381273802391 29.01
0

0101000
+520 0 -633 0 *
Ve
1.00000014210855e-07
201.291287847478 69 29.9101066211353
0 0

0101101
*
Ed
 1e-07 1 1 0
1  206 0 6.22608225193628e-07 1
2  421 129 1 6.22608225193628e-07 1
2  422 108 0 6.22608225193628e-07 1
0

0101000
+518 0 -520 0 *
Ve
1.74385125779984e-07
196.708712152522 69 29.9101066211353
0 0

0101101
*
Ed
 1e-07 1 1 0
1  207 0 0 1
2  423 130 1 0 1
2  424 108 0 0 1
0

0101000
+516 0 -518 0 *
Ed
 1.74385064553625e-07 1 1 0
1  208 0 0 0.999999930280603
2  425 129 1 0 0.999999930280603
2  426 108 0 0 0.999999930280603
0

0101000
+520 0 -516 0 *
Wi

0101100
+519 0 +517 0 +515 0 +514 0 -519 0 -632 0 *
Fa
0  1e-07 108 0

0101000
+513 0 *
Ve
1e-07
29 45 20.5
0 0

0101101
*
Ed
 1e-07 1 1 0
1  209 0 0 6.28318530717959
2  427 109 0 0 6.28318530717959
2  428 131 0 0 6.28318530717959
0

0101100
+511 0 -511 0 *
Ve
1.00000007105427e-07
29 45 17
0 0

0101101
*
Ed
 1e-07 1 1 0
1  210 0 17.01 20.51
3  429 430CN 109 0 17.01 20.51
0

0101000
+509 0 -511 0 *
Ve
1.00000065725203e-07
29 45 11.0000000000001
0 0

0101101
*
Ed
 1e-07 1 1 0
1  211 0 0 1
2  431 109 0 0 1
2  432 93 0 0 1
0

0101000
+509 0 -507 0 *
Ed
 1e-07 1 1 0
1  210 0 0.01 11.0100000000001
3  429 430CN 109 0 0.01 11.0100000000001
0

0101000
+628 0 -507 0 *
Ed
 1e-07 1 1 0
1  212 0 0 1
2  433 109 0 0 1
2  434 93 0 0 1
0

0101000
+507 0 -509 0 *
Wi

0101100
-510 0 +508 0 -506 0 +505 0 +627 0 -505 0 -504 0 -508 0 *
Wi

0101100
+603 0 *
Fa
0  1e-07 109 0

0101000
+503 0 +502 0 *
Ve
1e-07
231 45 20.5
0 0

0101101
*
Ed
 1e-07 1 1 0
1  213 0 0 3.98546390069916
2  435 110 0 0 3.98546390069916
2  436 121 0 0 3.98546390069916
0

0101000
+500 0 -557 0 *
Ed
 1e-07 1 1 0
1  214 0 17.7719140348563 20.2480859651437
2  437 110 0 17.7719140348563 20.2480859651437
2  438 122 0 17.7719140348563 20.2480859651437
0

0101000
+561 0 -559 0 *
Ed
 1e-07 1 1 0
1  213 0 4.57654671088158 6.28318530717959
2  435 110 0 4.57654671088158 6.28318530717959
2  436 121 0 4.57654671088158 6.28318530717959
0

0101000
+563 0 -500 0 *
Ve
1.00000007105427e-07
231 45 19
0 0

0101101
*
Ed
 1e-07 1 1 0
1  215 0 19.01 20.51
3  439 440CN 110 0 19.01 20.51
0

0101000
+496 0 -500 0 *
Ve
1e-07
229 41 17
0 0

0101101
*
Ed
 1e-07 1 1 0
1  216 0 5.35589008917797 6.28318530717959
2  441 110 0 5.35589008917797 6.28318530717959
2  442 114 0 5.35589008917797 6.28318530717959
0

0101000
+494 0 -496 0 *
Ve
1.00000001776357e-07
229 41 11
0 0

0101101
*
Ed
 1e-07 1 1 0
1  217 0 11.01 17.01
2  443 110 0 11.01 17.01
2  444 132 0 11.01 17.01
0

0101000
+492 0 -494 0 *
Ve
1.00000040856207e-07
231 45 9.00000000000004
0 0

0101101
*
Ed
 1e-07 1 1 0
1  218 0 2.21429743558818 3.14159265358979
2  445 110 0 2.21429743558818 3.14159265358979
2  446 114 0 2.21429743558818 3.14159265358979
0

0101000
+492 0 -490 0 *
Ed
 1e-07 1 1 0
1  215 0 0.01 9.01000000000004
3  439 440CN 110 0 0.01 9.01000000000004
0

0101000
+623 0 -490 0 *
Ve
1e-07
229 49 11
0 0

0101101
*
Ed
 1e-07 1 1 0
1  219 0 3.14159265358979 4.06888787159141
2  447 110 0 3.14159265358979 4.06888787159141
2  448 114 0 3.14159265358979 4.06888787159141
0

0101000
+490 0 -487 0 *
Ve
1e-07
229 49 17
0 0

0101101
*
Ed
 1e-07 1 1 0
1  220 0 11.01 17.01
2  449 110 0 11.01 17.01
2  450 132 0 11.01 17.01
0

0101000
+487 0 -485 0 *
Ed
 1e-07 1 1 0
1  221 0 0 0.927295218001612
2  451 110 0 0 0.927295218001612
2  452 114 0 0 0.927295218001612
0

0101000
+496 0 -485 0 *
Wi

0101100
-499 0 +556 0 +498 0 +560 0 -497 0 +495 0 +493 0 +491 0 -489 0 +488 0 
+622 0 -488 0 -486 0 -484 0 +483 0 -495 0 *
Ve
1.12124350396148e-07
221 45 17
0 0

0101101
*
Ed
 1.1212434329072e-07 1 1 0
1  222 0 0 1
2  453 110 0 0 1
2  454 119 0 0 1
0

0101100
+481 0 -481 0 *
Wi

0101100
+480 0 *
Fa
0  1e-07 110 0

0101000
+482 0 +479 0 *
Ve
1.44647015816239e-07
30 53.3103850692973 44
0 0

0101101
*
Ed
 1e-07 1 1 0
1  223 0 8.81038506929733 33.5
3  455 456CN 111 0 8.81038506929733 33.5
0

0101000
+477 0 -618 0 *
Ed
 1.44647001605384e-07 1 1 0
1  224 0 0 1
2  457 111 0 0 1
2  458 133 0 0 1
0

0101100
+477 0 -477 0 *
Wi

0101100
+476 0 +475 0 -476 0 -617 0 *
Fa
0  1e-07 111 0

0101000
+474 0 *
Ve
2.00001e-07
74 55.25 43
0 0

0101101
*
Ed
 1e-07 1 1 0
1  225 0 10.75 33.5
3  459 460CN 112 0 10.75 33.5
0

0101000
+472 0 -613 0 *
Ed
 1.99452670846108e-07 1 1 0
1  226 0 0 1
2  461 112 0 0 1
2  462 134 0 0 1
0

0101100
+472 0 -472 0 *
Wi

0101100
+471 0 +470 0 -471 0 -612 0 *
Fa
0  1e-07 112 0

0101000
+469 0 *
Ed
 1e-07 1 1 0
1  227 0 9.69999999999997 33.5
3  463 464CN 113 0 9.69999999999997 33.5
0

0101000
+534 0 -608 0 *
Wi

0101100
+467 0 +533 0 -467 0 -607 0 *
Fa
0  1e-07 113 0

0101000
+466 0 *
Ve
1.00000007105427e-07
9.19999999999999 -7.105427357601e-15 -21
0 0

0101101
*
Ed
 1.00000007105427e-07 1 1 0
1  228 0 4.9640913292164 6.28318530717959
2  465 129 0 4.9640913292164 6.28318530717959
2  466 130 0 4.9640913292164 6.28318530717959
0

0101000
+518 2 -464 4 *
Ve
1.00000007105427e-07
-9.2 0 -21
0 0

0101101
*
Ed
 1.00000007105427e-07 1 1 0
1  228 0 3.14159265358979 4.46068663155298
2  465 129 0 3.14159265358979 4.46068663155298
2  466 130 0 3.14159265358979 4.46068663155298
0

0101000
+462 4 -516 2 *
Ed
 1.00000007105427e-07 1 1 0
1  229 0 0 3.14159265358979
2  467 129 0 0 3.14159265358979
2  468 130 0 0 3.14159265358979
0

0101000
+464 4 -462 4 *
Ve
1.00000007105427e-07
9.19999999999999 -7.105427357601e-15 -14.5
0 0

0101101
*
Ed
 1e-07 1 1 0
1  230 0 0 6.5
3  469 470CN 129 0 0 6.5
0

0101000
+464 4 -459 4 *
Ed
 1e-07 1 1 0
1  231 0 0 6.28318530717959
2  471 135 0 0 6.28318530717959
2  472 129 0 0 6.28318530717959
0

0101100
+459 4 -459 4 *
Wi

0101100
+463 1 -517 0 -514 0 +461 1 +460 1 -458 1 -457 1 +458 1 *
Fa
0  1e-07 129 1

0101000
+456 0 *
Ve
1.00000007105427e-07
10 -7.105427357601e-15 -0.299999999999997
0 0

0101101
*
Ed
 1e-07 1 1 0
1  232 0 0 6.28318530717959
2  473 60 0 0 6.28318530717959
2  474 136 0 0 6.28318530717959
0

0101100
+454 4 -454 4 *
Ve
1e-07
10 -7.105427357601e-15 -14.5
0 0

0101101
*
Ed
 1e-07 1 1 0
1  233 0 0 14.2
3  475 476CN 136 0 0 14.2
0

0101000
+452 4 -454 4 *
Ed
 1e-07 1 1 0
1  234 0 0 6.28318530717959
2  477 136 0 0 6.28318530717959
2  478 135 0 0 6.28318530717959
0

0101000
+452 4 -452 4 *
Wi

0101100
-453 0 +451 0 +450 0 -451 0 *
Fa
0  1e-07 136 0

0101000
+449 0 *
Wi

0101100
+450 0 *
Wi

0101100
-457 0 *
Fa
0  1e-07 135 0

0101000
+447 0 +446 0 *
Ed
 1e-07 1 1 0
1  235 0 2 9
3  479 480CN 114 0 2 9
0

0101000
+496 0 -598 0 *
Ed
 1e-07 1 1 0
1  236 0 4.06888787159141 5.35589008917797
2  481 114 0 4.06888787159141 5.35589008917797
2  482 132 0 4.06888787159141 5.35589008917797
0

0101000
+487 0 -485 0 *
Ed
 1e-07 1 1 0
1  236 0 0.927295218001612 2.21429743558818
2  481 114 0 0.927295218001612 2.21429743558818
2  482 132 0 0.927295218001612 2.21429743558818
0

0101000
+494 0 -492 0 *
Wi

0101100
+444 0 -483 0 +443 0 +486 0 +489 0 +442 0 -493 0 -444 0 -597 0 *
Fa
0  1e-07 114 0

0101000
+441 0 *
Ve
1.00000001776357e-07
122 42 14
0 0

0101101
*
Ve
1e-07
119 45 11
0 0

0101101
*
Ed
 1e-07 1 1 0
1  237 0 1.5707963267949 3.14159265358979
2  483 93 0 1.5707963267949 3.14159265358979
2  484 115 0 1.5707963267949 3.14159265358979
0

0101000
+439 0 -438 0 *
Ve
1.00000001776357e-07
122 48 14
0 0

0101101
*
Ed
 1e-07 1 1 0
1  237 0 3.14159265358979 4.71238898038469
2  483 93 0 3.14159265358979 4.71238898038469
2  484 115 0 3.14159265358979 4.71238898038469
0

0101000
+438 0 -436 0 *
Ve
1.00000007105427e-07
119 45 17
0 0

0101101
*
Ed
 1e-07 1 1 0
1  238 0 1.5707963267949 3.14159265358979
2  485 93 0 1.5707963267949 3.14159265358979
2  486 115 0 1.5707963267949 3.14159265358979
0

0101000
+436 0 -434 0 *
Ve
1.00000007105427e-07
77 45 17
0 0

0101101
*
Ed
 1e-07 1 1 0
1  173 0 77 119
3  353 354CN 93 0 77 119
0

0101000
+432 0 -434 0 *
Ve
1e-07
74 48 14
0 0

0101101
*
Ed
 1e-07 1 1 0
1  239 0 4.71238898038469 6.28318530717959
2  487 93 0 4.71238898038469 6.28318530717959
2  488 137 0 4.71238898038469 6.28318530717959
0

0101000
+430 0 -432 0 *
Ve
1e-07
77 45 11
0 0

0101101
*
Ed
 1e-07 1 1 0
1  240 0 0 1.5707963267949
2  489 93 0 0 1.5707963267949
2  490 137 0 0 1.5707963267949
0

0101000
+428 0 -430 0 *
Ve
1e-07
74 42 14
0 0

0101101
*
Ed
 1e-07 1 1 0
1  241 0 4.71238898038469 6.28318530717959
2  491 93 0 4.71238898038469 6.28318530717959
2  492 137 0 4.71238898038469 6.28318530717959
0

0101000
+426 0 -428 0 *
Ed
 1e-07 1 1 0
1  242 0 0 1.5707963267949
2  493 93 0 0 1.5707963267949
2  494 137 0 0 1.5707963267949
0

0101000
+432 0 -426 0 *
Ed
 1e-07 1 1 0
1  243 0 3.14159265358979 4.71238898038469
2  495 93 0 3.14159265358979 4.71238898038469
2  496 115 0 3.14159265358979 4.71238898038469
0

0101000
+434 0 -439 0 *
Wi

0101100
-437 0 -435 0 -433 0 +431 0 +429 0 +427 0 +425 0 +424 0 -431 0 -423 0 
*
Wi

0101100
+592 0 *
Fa
0  1e-07 93 0

0101000
+422 0 +421 0 *
Ve
1e-07
125 45 11
0 0

0101101
*
Ed
 1e-07 1 1 0
1  244 0 3.14159265358979 6.28318530717959
2  497 115 0 3.14159265358979 6.28318530717959
2  498 138 0 3.14159265358979 6.28318530717959
2  499 139 0 3.14159265358979 6.28318530717959
0

0101000
+438 0 -419 0 *
Ed
 1e-07 1 1 0
1  244 0 0 3.14159265358979
2  497 115 0 0 3.14159265358979
2  498 138 0 0 3.14159265358979
2  500 139 0 0 3.14159265358979
0

0101000
+419 0 -438 0 *
Ve
1e-07
125 45 29
0 0

0101101
*
Ed
 1e-07 1 1 0
1  245 0 0 18
3  501 502CN 115 0 0 18
0

0101000
+419 0 -416 0 *
Ed
 1e-07 1 1 0
1  246 0 0 6.28318530717959
2  503 115 0 0 6.28318530717959
2  504 140 0 0 6.28318530717959
0

0101100
+416 0 -416 0 *
Wi

0101100
+418 0 +417 0 -415 0 -414 0 +415 0 *
Wi

0101100
+437 0 +423 0 +433 0 +435 0 *
Wi

0101100
+587 0 *
Fa
0  1e-07 115 0

0101000
+413 0 +412 0 +411 0 *
Ve
1e-07
180 45 20.5
0 0

0101101
*
Ed
 1e-07 1 1 0
1  247 0 0 6.28318530717959
2  505 116 0 0 6.28318530717959
2  506 141 0 0 6.28318530717959
0

0101100
+409 0 -409 0 *
Ve
1.00000007105427e-07
180 45 17
0 0

0101101
*
Ed
 1e-07 1 1 0
1  248 0 1.5 5
3  507 508CN 116 0 1.5 5
0

0101000
+407 0 -409 0 *
Ve
1.00000069822349e-07
179.041381265149 42.4019237886467 15.5
0 0

0101101
*
Ed
 1e-07 1 1 0
1  249 0 0 0.999999743200212
2  509 119 0 0 0.999999743200212
2  510 116 0 0 0.999999743200212
0

0101000
+407 0 -405 0 *
Ed
 1e-07 1 1 0
1  250 0 5.04945423371835 5.57623357929237
2  511 116 0 5.04945423371835 5.57623357929237
2  512 117 0 5.04945423371835 5.57623357929237
0

0101000
+583 0 -405 0 *
Ve
1.00000032994364e-07
179.041381265149 47.5980762113533 15.5
0 0

0101101
*
Ed
 1e-07 1 1 0
1  250 0 0.706951727887217 4.37532372705103
2  511 116 0 0.706951727887217 4.37532372705103
2  512 117 0 0.706951727887217 4.37532372705103
0

0101000
+402 0 -573 0 *
Ed
 1e-07 1 1 0
1  251 0 2.56796353047386e-07 1
2  513 119 0 2.56796353047386e-07 1
2  514 116 0 2.56796353047386e-07 1
0

0101000
+402 0 -407 0 *
Wi

0101100
-408 0 +406 0 -404 0 +403 0 +582 0 +571 0 +401 0 -400 0 -406 0 *
Fa
0  1e-07 116 0

0101000
+399 0 *
Ve
1e-07
177.5 42.4019237886467 15.5
0 0

0101101
*
Ed
 1e-07 1 1 0
1  252 0 5.16905536559132 5.23598775598299
2  515 118 0 5.16905536559132 5.23598775598299
2  516 117 0 5.16905536559132 5.23598775598299
0

0101000
+581 0 -397 0 *
Ed
 1e-07 1 1 0
1  253 0 1.5 3.04138126514911
2  517 119 0 1.5 3.04138126514911
2  518 117 0 1.5 3.04138126514911
0

0101000
+397 0 -405 0 *
Wi

0101100
+403 0 -580 0 -396 0 -395 0 *
Fa
0  1e-07 117 0

0101000
+394 0 *
Ed
 1e-07 1 1 0
1  254 0 1.0471975511966 1.07991364589521
2  519 119 0 1.0471975511966 1.07991364589521
2  520 118 0 1.0471975511966 1.07991364589521
0

0101000
+397 0 -579 0 *
Wi

0101100
-392 0 +578 0 -396 0 *
Fa
0  1e-07 118 0

0101000
+391 0 *
Ve
1.00000001776357e-07
177.5 47.5980762113533 15.5
0 0

0101101
*
Ed
 1e-07 1 1 0
1  255 0 1.5 3.04138126514911
2  521 119 0 1.5 3.04138126514911
2  522 117 0 1.5 3.04138126514911
0

0101000
+389 0 -402 0 *
Ve
1.00000003552714e-07
176 48 14
0 0

0101101
*
Ed
 1e-07 1 1 0
1  256 0 4.71238898038469 5.23598775598299
2  523 119 0 4.71238898038469 5.23598775598299
2  524 118 0 4.71238898038469 5.23598775598299
0

0101000
+387 0 -389 0 *
Ve
1.00000007105427e-07
179 45 11
0 0

0101101
*
Ed
 1e-07 1 1 0
1  257 0 0 1.5707963267949
2  525 119 0 0 1.5707963267949
2  526 118 0 0 1.5707963267949
0

0101000
+385 0 -387 0 *
Ed
 1e-07 1 1 0
1  258 0 5.20327165879021 6.28318530717959
2  527 119 0 5.20327165879021 6.28318530717959
2  528 118 0 5.20327165879021 6.28318530717959
0

0101000
+577 0 -385 0 *
Ve
1.00000007105427e-07
196 45 17
0 0

0101101
*
Ed
 1e-07 1 1 0
1  259 0 4 20
3  529 530CN 119 0 4 20
0

0101000
+407 0 -382 0 *
Ve
1e-07
199 42 14
0 0

0101101
*
Ed
 1e-07 1 1 0
1  260 0 3.14159265358979 4.71238898038469
2  531 119 0 3.14159265358979 4.71238898038469
2  532 142 0 3.14159265358979 4.71238898038469
0

0101000
+382 0 -380 0 *
Ve
1.00000007105427e-07
202 45 17
0 0

0101101
*
Ed
 1e-07 1 1 0
1  261 0 0 1.5707963267949
2  533 119 0 0 1.5707963267949
2  534 142 0 0 1.5707963267949
0

0101000
+378 0 -380 0 *
Ed
 1e-07 1 1 0
1  259 0 26 45
3  529 530CN 119 0 26 45
0

0101000
+378 0 -481 0 *
Ve
1e-07
199 48 14
0 0

0101101
*
Ed
 1e-07 1 1 0
1  262 0 4.71238898038469 6.28318530717959
2  535 119 0 4.71238898038469 6.28318530717959
2  536 142 0 4.71238898038469 6.28318530717959
0

0101000
+375 0 -378 0 *
Ed
 1e-07 1 1 0
1  263 0 1.5707963267949 3.14159265358979
2  537 119 0 1.5707963267949 3.14159265358979
2  538 142 0 1.5707963267949 3.14159265358979
0

0101000
+375 0 -382 0 *
Wi

0101100
+400 0 +388 0 +386 0 +384 0 +383 0 +576 0 +392 0 -395 0 +404 0 -381 0 
-379 0 +377 0 -376 0 -480 0 +376 0 +374 0 -373 0 +381 0 *
Ve
1.00007149588908e-07
198.98999999999 42.000016666713 13.99
0 0

0101101
*
Ed
 1e-07 1 1 0
1  264 0 1.5707963267949 1.57412966630278
2  539 119 0 1.5707963267949 1.57412966630278
2  540 142 0 1.5707963267949 1.57412966630278
0

0101000
+380 0 -371 0 *
Ve
1.0000714833383e-07
199.01000000001 42.000016666713 13.99
0 0

0101101
*
Ed
 1e-07 1 1 0
1  265 0 22.9899999999899 23.0100000000101
2  541 119 0 22.9899999999899 23.0100000000101
2  542 143 0 22.9899999999899 23.0100000000101
0

0101000
+371 0 -369 0 *
Ed
 1e-07 1 1 0
1  266 0 4.71238898038469 4.71572231989258
2  543 119 0 4.71238898038469 4.71572231989258
2  544 142 0 4.71238898038469 4.71572231989258
0

0101000
+380 0 -369 0 *
Wi

0101100
-370 0 -368 0 +367 0 *
Ve
1.00007149588908e-07
199.01000000001 47.999983333287 13.99
0 0

0101101
*
Ed
 1e-07 1 1 0
1  267 0 1.56746298728701 1.5707963267949
2  545 119 0 1.56746298728701 1.5707963267949
2  546 142 0 1.56746298728701 1.5707963267949
0

0101000
+365 0 -375 0 *
Ve
1.00007150844207e-07
198.98999999999 47.999983333287 13.99
0 0

0101101
*
Ed
 1e-07 1 1 0
1  268 0 22.9899999999899 23.0100000000101
2  547 119 0 22.9899999999899 23.0100000000101
2  548 143 0 22.9899999999899 23.0100000000101
0

0101000
+363 0 -365 0 *
Ed
 1e-07 1 1 0
1  269 0 4.7090556408768 4.71238898038469
2  549 119 0 4.7090556408768 4.71238898038469
2  550 142 0 4.7090556408768 4.71238898038469
0

0101000
+363 0 -375 0 *
Wi

0101100
+364 0 +362 0 -361 0 *
Fa
0  1e-07 119 0

0101000
+372 0 +366 0 +360 0 *
Ve
1.00000007105427e-07
173 45 11
0 0

0101101
*
Ed
 1.00000007105427e-07 1 1 0
1  270 0 0 3.14159265358979
2  551 118 0 0 3.14159265358979
2  552 144 0 0 3.14159265358979
2  553 145 0 0 3.14159265358979
0

0101000
+385 0 -358 0 *
Ed
 1e-07 1 1 0
1  252 0 1.0471975511966 4.25572259517806
2  515 118 0 1.0471975511966 4.25572259517806
2  516 117 0 1.0471975511966 4.25572259517806
0

0101000
+389 0 -575 0 *
Ed
 1.00000007105427e-07 1 1 0
1  270 0 3.14159265358979 6.28318530717959
2  551 118 0 3.14159265358979 6.28318530717959
2  552 144 0 3.14159265358979 6.28318530717959
2  554 145 0 3.14159265358979 6.28318530717959
0

0101000
+358 0 -385 0 *
Wi

0101100
+357 0 -384 0 -386 0 -356 0 +574 0 -383 0 +355 0 *
Fa
0  1e-07 118 0

0101000
+354 0 *
Wi

0101100
+388 0 -356 0 +572 0 +401 0 *
Fa
0  1e-07 117 0

0101000
+352 0 *
Ve
1e-07
235.3 45 20.5
0 0

0101101
*
Ve
1e-07
235.3 45 21.5
0 0

0101101
*
Ed
 1e-07 1 1 0
1  271 0 0 1
3  555 556CN 120 0 0 1
0

0101000
+350 0 -349 0 *
Ed
 1e-07 1 1 0
1  272 0 4.63951542838217 6.28318530717959
2  557 120 0 4.63951542838217 6.28318530717959
2  558 121 0 4.63951542838217 6.28318530717959
0

0101000
+565 0 -350 0 *
Ed
 1e-07 1 1 0
1  272 0 0 4.34701516690378
2  557 120 0 0 4.34701516690378
2  558 121 0 0 4.34701516690378
0

0101000
+350 0 -555 0 *
Ed
 1e-07 1 1 0
1  273 0 0 6.28318530717959
2  559 146 0 0 6.28318530717959
2  560 120 0 0 6.28318530717959
0

0101100
+349 0 -349 0 *
Wi

0101100
+348 0 +347 0 +564 0 +553 0 +346 0 -348 0 -345 0 *
Fa
0  1e-07 120 0

0101000
+344 0 *
Wi

0101100
+347 0 -562 0 -497 0 -499 0 +554 0 +346 0 *
Fa
0  1e-07 121 0

0101000
+342 0 *
Wi

0101100
-498 0 +558 0 *
Fa
0  1e-07 122 0

0101000
+340 0 *
Wi

0101100
+548 0 *
Ve
1e-07
34.25 45 45.5
0 0

0101101
*
Ed
 1e-07 1 1 0
1  274 0 0 6.28318530717959
2  561 123 0 0 6.28318530717959
2  562 133 0 0 6.28318530717959
0

0101100
+337 0 -337 0 *
Wi

0101100
-336 0 *
Fa
0  1e-07 123 0

0101000
+338 0 +335 0 *
Wi

0101100
+543 0 *
Ve
1e-07
84.25 45 45.5
0 0

0101101
*
Ed
 1e-07 1 1 0
1  275 0 0 6.28318530717959
2  563 124 0 0 6.28318530717959
2  564 134 0 0 6.28318530717959
0

0101100
+332 0 -332 0 *
Wi

0101100
-331 0 *
Fa
0  1e-07 124 0

0101000
+333 0 +330 0 *
Ve
1.00000007105427e-07
114.25 45 38.4
0 0

0101101
*
Ed
 1e-07 1 1 0
1  276 0 0 2.97699512932084
3  565 566CN 126 0 0 2.97699512932084
0

0101000
+540 0 -328 0 *
Ve
1.00000341060513e-07
129.75 45.0000000000003 38.4
0 0

0101101
*
Ed
 1.00000007105427e-07 1 1 0
1  277 0 0 3.14159265358979
2  567 126 0 0 3.14159265358979
2  568 147 0 0 3.14159265358979
2  569 148 0 0 3.14159265358979
0

0101000
+328 0 -326 0 *
Ed
 1e-07 1 1 0
1  277 0 3.14159265358979 6.28318530717959
2  567 126 0 3.14159265358979 6.28318530717959
2  568 147 0 3.14159265358979 6.28318530717959
2  570 148 0 3.14159265358979 6.28318530717959
0

0101000
+326 0 -328 0 *
Wi

0101100
-538 0 -537 0 -327 0 -325 0 -324 0 +327 0 *
Fa
0  1e-07 126 0

0101000
+323 0 *
Wi

0101100
+528 0 *
Ve
1e-07
186.25 45 45.5
0 0

0101101
*
Ed
 1e-07 1 1 0
1  278 0 0 6.28318530717959
2  571 127 0 0 6.28318530717959
2  572 149 0 0 6.28318530717959
0

0101100
+320 0 -320 0 *
Wi

0101100
-319 0 *
Fa
0  1e-07 127 0

0101000
+321 0 +318 0 *
Wi

0101100
+523 0 *
Ve
1e-07
236.25 45 45.5
0 0

0101101
*
Ed
 1e-07 1 1 0
1  279 0 0 6.28318530717959
2  573 128 0 0 6.28318530717959
2  574 150 0 0 6.28318530717959
0

0101100
+315 0 -315 0 *
Wi

0101100
-314 0 *
Fa
0  1e-07 128 0

0101000
+316 0 +313 0 *
Ve
1.00000007105427e-07
-7.75 0 -23.6
0 0

0101101
*
Ed
 1e-07 1 1 0
1  280 0 0 2.97699512932084
3  575 576CN 130 0 0 2.97699512932084
0

0101000
+462 4 -311 4 *
Ve
1.00000341060513e-07
7.75 3.41060513164848e-13 -23.6
0 0

0101101
*
Ed
 1.00000007105427e-07 1 1 0
1  281 0 0 3.14159265358979
2  577 130 0 0 3.14159265358979
2  578 151 0 0 3.14159265358979
0

0101000
+311 4 -309 4 *
Ed
 1e-07 1 1 0
1  282 0 3.14159265358979 6.28318530717959
2  579 130 0 3.14159265358979 6.28318530717959
2  580 151 0 3.14159265358979 6.28318530717959
0

0101000
+309 4 -311 4 *
Wi

0101100
-310 1 -308 1 -307 1 +310 1 -461 1 -515 0 -463 1 -460 1 *
Fa
0  1e-07 130 1

0101000
+306 0 *
Ve
1e-07
33.3 45 20.5
0 0

0101101
*
Ed
 1e-07 1 1 0
1  283 0 0 6.28318530717959
2  581 152 0 0 6.28318530717959
2  582 131 0 0 6.28318530717959
0

0101000
+304 0 -304 0 *
Wi

0101100
+303 0 *
Wi

0101100
-510 0 *
Fa
0  1e-07 131 0

0101000
+302 0 +301 0 *
Ve
1.00000007105427e-07
71 45 17
0 0

0101101
*
Ed
 1e-07 1 1 0
1  284 0 3.14159265358979 4.71238898038469
2  583 93 0 3.14159265358979 4.71238898038469
2  584 137 0 3.14159265358979 4.71238898038469
0

0101000
+299 0 -426 0 *
Ve
1.00000007105427e-07
71 45 11
0 0

0101101
*
Ed
 1e-07 1 1 0
1  285 0 1.5707963267949 3.14159265358979
2  585 93 0 1.5707963267949 3.14159265358979
2  586 137 0 1.5707963267949 3.14159265358979
0

0101000
+426 0 -297 0 *
Ed
 1e-07 1 1 0
1  285 0 3.14159265358979 4.71238898038469
2  585 93 0 3.14159265358979 4.71238898038469
2  586 137 0 3.14159265358979 4.71238898038469
0

0101000
+297 0 -430 0 *
Ed
 1e-07 1 1 0
1  286 0 1.5707963267949 3.14159265358979
2  587 93 0 1.5707963267949 3.14159265358979
2  588 137 0 1.5707963267949 3.14159265358979
0

0101000
+430 0 -299 0 *
Ed
 1e-07 1 1 0
1  173 0 29 71
3  353 354CN 93 0 29 71
0

0101000
+509 0 -299 0 *
Wi

0101100
-298 0 -296 0 -295 0 -294 0 +293 0 +504 0 +506 0 -293 0 *
Fa
0  1e-07 93 0

0101000
+292 0 *
Wi

0101100
+491 0 +442 0 *
Fa
0  1e-07 132 0

0101000
+290 0 *
Wi

0101100
+443 0 -484 0 *
Fa
0  1e-07 132 0

0101000
+288 0 *
Ve
1.00000007324107e-07
13.75 45 33.8
0 0

0101101
*
Ve
1.00000007324107e-07
34.25 45 33.8
0 0

0101101
*
Ed
 1.00000007324107e-07 1 1 0
1  287 0 3.14159265358979 6.28318530717959
2  589 133 0 3.14159265358979 6.28318530717959
2  590 153 0 3.14159265358979 6.28318530717959
2  591 154 0 3.14159265358979 6.28318530717959
0

0101000
+286 0 -285 0 *
Ed
 1.00000003552714e-07 1 1 0
1  287 0 0 3.14159265358979
2  589 133 0 0 3.14159265358979
2  590 153 0 0 3.14159265358979
2  592 154 0 0 3.14159265358979
0

0101000
+285 0 -286 0 *
Ed
 1e-07 1 1 0
1  288 0 0 11.7
3  593 594CN 133 0 0 11.7
0

0101000
+285 0 -337 0 *
Wi

0101100
+284 0 +283 0 -282 0 -336 0 +282 0 *
Wi

0101100
-475 0 *
Fa
0  1e-07 133 0

0101000
+281 0 +280 0 *
Ve
1.00000007105427e-07
63.75 45 33.8
0 0

0101101
*
Ve
1.00000007105427e-07
84.25 45 33.8
0 0

0101101
*
Ed
 1.00000007105427e-07 1 1 0
1  289 0 3.14159265358979 6.28318530717959
2  595 134 0 3.14159265358979 6.28318530717959
2  596 155 0 3.14159265358979 6.28318530717959
2  597 156 0 3.14159265358979 6.28318530717959
0

0101000
+278 0 -277 0 *
Ed
 1e-07 1 1 0
1  289 0 0 3.14159265358979
2  595 134 0 0 3.14159265358979
2  596 155 0 0 3.14159265358979
2  598 156 0 0 3.14159265358979
0

0101000
+277 0 -278 0 *
Ed
 1e-07 1 1 0
1  290 0 0 11.7
3  599 600CN 134 0 0 11.7
0

0101000
+277 0 -332 0 *
Wi

0101100
+276 0 +275 0 -274 0 -331 0 +274 0 *
Wi

0101100
-470 0 *
Fa
0  1e-07 134 0

0101000
+273 0 +272 0 *
Ve
1.00000007105427e-07
165.75 45 33.8
0 0

0101101
*
Ve
1.00000007105427e-07
186.25 45 33.8
0 0

0101101
*
Ed
 1.00000007105427e-07 1 1 0
1  291 0 3.14159265358979 6.28318530717959
2  601 149 0 3.14159265358979 6.28318530717959
2  602 157 0 3.14159265358979 6.28318530717959
2  603 158 0 3.14159265358979 6.28318530717959
0

0101000
+270 0 -269 0 *
Ed
 1e-07 1 1 0
1  291 0 0 3.14159265358979
2  601 149 0 0 3.14159265358979
2  602 157 0 0 3.14159265358979
2  604 158 0 0 3.14159265358979
0

0101000
+269 0 -270 0 *
Ed
 1e-07 1 1 0
1  292 0 0 11.7
3  605 606CN 149 0 0 11.7
0

0101000
+269 0 -320 0 *
Wi

0101100
+268 0 +267 0 -266 0 -319 0 +266 0 *
Ve
1.00205341227939e-07
176 55.25 42.5
0 0

0101101
*
Ed
 1.00205341227939e-07 1 1 0
1  293 0 0 1
2  607 159 0 0 1
2  608 149 0 0 1
0

0101100
+264 0 -264 0 *
Wi

0101100
-263 0 *
Fa
0  1e-07 149 0

0101000
+265 0 +262 0 *
Ve
1e-07
176 89.7 46.5785
0 0

0101101
*
Ed
 1e-07 1 1 0
1  294 0 0 6.28318530717959
2  609 160 0 0 6.28318530717959
2  610 161 0 0 6.28318530717959
0

0101100
+260 0 -260 0 *
Ve
1e-07
176 78 46.5785
0 0

0101101
*
Ed
 1e-07 1 1 0
1  295 0 0 11.7
3  611 612CN 160 0 0 11.7
0

0101000
+258 0 -260 0 *
Ed
 1e-07 1 1 0
1  296 0 0 6.28318530717959
2  613 160 0 0 6.28318530717959
2  614 162 0 0 6.28318530717959
0

0101000
+258 0 -258 0 *
Wi

0101100
-259 0 +257 0 +256 0 -257 0 *
Fa
0  1e-07 160 0

0101000
+255 0 *
Wi

0101100
+256 0 *
Ve
1e-07
176 78 42.5
0 0

0101101
*
Ed
 1e-07 1 1 0
1  297 0 0 6.28318530717959
2  615 159 0 0 6.28318530717959
2  616 162 0 0 6.28318530717959
0

0101100
+252 0 -252 0 *
Wi

0101100
-251 0 *
Fa
0  1e-07 162 0

0101000
+253 0 +250 0 *
Ed
 1e-07 1 1 0
1  298 0 10.75 33.5
3  617 618CN 159 0 10.75 33.5
0

0101000
+264 0 -252 0 *
Wi

0101100
+248 0 +263 0 -248 0 -251 0 *
Fa
0  1e-07 159 0

0101000
+247 0 *
Ve
1.00000007105427e-07
215.75 45 33.8
0 0

0101101
*
Ve
1.00000007105427e-07
236.25 45 33.8
0 0

0101101
*
Ed
 1.00000007105427e-07 1 1 0
1  299 0 3.14159265358979 6.28318530717959
2  619 150 0 3.14159265358979 6.28318530717959
2  620 163 0 3.14159265358979 6.28318530717959
2  621 164 0 3.14159265358979 6.28318530717959
0

0101000
+245 0 -244 0 *
Ed
 1e-07 1 1 0
1  299 0 0 3.14159265358979
2  619 150 0 0 3.14159265358979
2  620 163 0 0 3.14159265358979
2  622 164 0 0 3.14159265358979
0

0101000
+244 0 -245 0 *
Ed
 1e-07 1 1 0
1  300 0 0 11.7
3  623 624CN 150 0 0 11.7
0

0101000
+244 0 -315 0 *
Wi

0101100
+243 0 +242 0 -241 0 -314 0 +241 0 *
Ve
1.29581952454775e-07
220 53.3103850692973 44
0 0

0101101
*
Ed
 1.2958193824392e-07 1 1 0
1  301 0 0 1
2  625 165 0 0 1
2  626 150 0 0 1
0

0101100
+239 0 -239 0 *
Wi

0101100
-238 0 *
Fa
0  1e-07 150 0

0101000
+240 0 +237 0 *
Ve
1e-07
220 89.7 48.331
0 0

0101101
*
Ed
 1e-07 1 1 0
1  302 0 0 6.28318530717959
2  627 166 0 0 6.28318530717959
2  628 167 0 0 6.28318530717959
0

0101100
+235 0 -235 0 *
Ve
1e-07
220 78 48.331
0 0

0101101
*
Ed
 1e-07 1 1 0
1  303 0 0 11.7
3  629 630CN 166 0 0 11.7
0

0101000
+233 0 -235 0 *
Ed
 1e-07 1 1 0
1  304 0 0 6.28318530717959
2  631 166 0 0 6.28318530717959
2  632 168 0 0 6.28318530717959
0

0101000
+233 0 -233 0 *
Wi

0101100
-234 0 +232 0 +231 0 -232 0 *
Fa
0  1e-07 166 0

0101000
+230 0 *
Wi

0101100
+231 0 *
Ve
1e-07
220 78 44
0 0

0101101
*
Ed
 1e-07 1 1 0
1  305 0 0 6.28318530717959
2  633 165 0 0 6.28318530717959
2  634 168 0 0 6.28318530717959
0

0101100
+227 0 -227 0 *
Wi

0101100
-226 0 *
Fa
0  1e-07 168 0

0101000
+228 0 +225 0 *
Ed
 1e-07 1 1 0
1  306 0 8.81038506929733 33.5
3  635 636CN 165 0 8.81038506929733 33.5
0

0101000
+239 0 -227 0 *
Wi

0101100
+223 0 +238 0 -223 0 -226 0 *
Fa
0  1e-07 165 0

0101000
+222 0 *
Ve
1e-07
77 45 20.5
0 0

0101101
*
Ed
 1e-07 1 1 0
1  307 0 6 9.5
3  637 638CN 137 0 6 9.5
0

0101000
+432 0 -220 0 *
Ed
 1e-07 1 1 0
1  308 0 0 6.28318530717959
2  639 137 0 0 6.28318530717959
2  640 169 0 0 6.28318530717959
0

0101100
+220 0 -220 0 *
Wi

0101100
-424 0 +298 0 +294 0 -429 0 -219 0 -218 0 +219 0 *
Fa
0  1e-07 137 0

0101000
+217 0 *
Ed
 1e-07 1 1 0
1  309 0 0 3.14159265358979
2  641 137 0 0 3.14159265358979
2  642 170 0 0 3.14159265358979
2  643 171 0 0 3.14159265358979
0

0101000
+428 0 -297 0 *
Wi

0101100
-427 0 +295 0 +215 0 *
Fa
0  1e-07 137 0

0101000
+214 0 *
Ed
 1e-07 1 1 0
1  309 0 3.14159265358979 6.28318530717959
2  641 137 0 3.14159265358979 6.28318530717959
2  642 170 0 3.14159265358979 6.28318530717959
2  644 171 0 3.14159265358979 6.28318530717959
0

0101000
+297 0 -428 0 *
Wi

0101100
+212 0 +296 0 -425 0 *
Fa
0  1e-07 137 0

0101000
+211 0 *
Ve
1e-07
122 45 9.19741814291732
0 0

0101101
*
Ed
 1e-07 1 1 0
1  310 0 0 3.49990019164599
3  645 646CN 139 0 0 3.49990019164599
0

0101000
+438 0 -209 0 *
Ed
 1e-07 1 1 1
2  647 139 0 0 6.28318530717959
0

0101000
+209 0 -209 0 *
Wi

0101100
-418 0 -417 0 -208 0 -207 0 +208 0 *
Fa
0  1e-07 139 0

0101000
+206 0 *
Ve
1e-07
129.75 45 29
0 0

0101101
*
Ed
 1e-07 1 1 0
1  311 0 0 6.28318530717959
2  648 148 0 0 6.28318530717959
2  649 140 0 0 6.28318530717959
0

0101000
+204 0 -204 0 *
Wi

0101100
+203 0 *
Wi

0101100
-414 0 *
Fa
0  1e-07 140 0

0101000
+202 0 +201 0 *
Ve
1e-07
185.3 45 20.5
0 0

0101101
*
Ed
 1e-07 1 1 0
1  312 0 0 6.28318530717959
2  650 172 0 0 6.28318530717959
2  651 141 0 0 6.28318530717959
0

0101000
+199 0 -199 0 *
Wi

0101100
+198 0 *
Wi

0101100
-408 0 *
Fa
0  1e-07 141 0

0101000
+197 0 +196 0 *
Ve
1e-07
202 45 21
0 0

0101101
*
Ed
 1e-07 1 1 0
1  313 0 3.01 7.01
3  652 653CN 142 0 3.01 7.01
0

0101000
+378 0 -194 0 *
Ve
1e-07
199 48 18
0 0

0101101
*
Ed
 1e-07 1 1 0
1  314 0 4.71238898038469 6.28318530717959
2  654 173 0 4.71238898038469 6.28318530717959
2  655 142 0 4.71238898038469 6.28318530717959
0

0101000
+194 0 -192 0 *
Ve
1e-07
196 45 21
0 0

0101101
*
Ed
 1e-07 1 1 0
1  315 0 0 1.5707963267949
2  656 173 0 0 1.5707963267949
2  657 142 0 0 1.5707963267949
0

0101000
+192 0 -190 0 *
Ve
1.00018527649808e-07
196.001667129886 44.9 20.9000000000262
0 0

0101101
*
Ed
 1e-07 1 1 0
1  316 0 4.67904947112776 4.71238898038469
2  658 173 0 4.67904947112776 4.71238898038469
2  659 142 0 4.67904947112776 4.71238898038469
0

0101000
+188 0 -190 0 *
Ve
1.5e-07
196.001667129887 44.9 21.01
0 0

0101101
*
Ed
 1e-07 1 1 0
1  317 0 6.91000000002619 7.02
2  660 174 0 6.91000000002619 7.02
2  661 142 0 6.91000000002619 7.02
0

0101000
+188 0 -186 0 *
Ve
1.5e-07
201.998332870113 44.9 21.01
0 0

0101101
*
Ed
 1e-07 1 1 0
1  318 0 3.1749321628511 6.24984579791828
2  662 142 0 3.1749321628511 6.24984579791828
2  663 175 0 3.1749321628511 6.24984579791828
0

0101000
+186 0 -184 0 *
Ve
1.00018527649808e-07
201.998332870114 44.9 20.9000000000262
0 0

0101101
*
Ed
 1e-07 1 1 0
1  319 0 6.91000000002619 7.02
2  664 174 0 6.91000000002619 7.02
2  665 142 0 6.91000000002619 7.02
0

0101000
+182 0 -184 0 *
Ed
 1e-07 1 1 0
1  320 0 1.5707963267949 1.60413583605183
2  666 173 0 1.5707963267949 1.60413583605183
2  667 142 0 1.5707963267949 1.60413583605183
0

0101000
+194 0 -182 0 *
Wi

0101100
+193 0 -377 0 +379 0 +373 0 -374 0 -193 0 -191 0 -189 0 +187 0 -185 0 
-183 0 +181 0 +180 0 *
Fa
0  1e-07 142 0

0101000
+179 0 *
Ed
 1e-07 1 1 0
1  321 0 4.70905564087512 4.71572231989426
2  668 142 0 4.70905564087512 4.71572231989426
2  669 143 0 4.70905564087512 4.71572231989426
0

0101000
+371 0 -369 0 *
Wi

0101100
-367 0 +177 0 +370 0 *
Fa
0  1e-07 142 0

0101000
+176 0 *
Wi

0101100
+177 0 -368 0 *
Fa
0  1e-07 143 0

0101000
+174 0 *
Ed
 1e-07 1 1 0
1  321 0 1.56746298728532 1.57412966630447
2  668 142 0 1.56746298728532 1.57412966630447
2  669 143 0 1.56746298728532 1.57412966630447
0

0101000
+365 0 -363 0 *
Wi

0101100
+361 0 +172 0 -364 0 *
Fa
0  1e-07 142 0

0101000
+171 0 *
Wi

0101100
+362 0 +172 0 *
Fa
0  1e-07 143 0

0101000
+169 0 *
Ve
1e-07
176 45 9.19741814291732
0 0

0101101
*
Ed
 1e-07 1 1 0
1  322 0 0 3.49990019164599
3  670 671CN 145 0 0 3.49990019164599
0

0101000
+358 0 -167 0 *
Ed
 1e-07 1 1 1
2  672 145 0 0 6.28318530717959
0

0101000
+167 0 -167 0 *
Wi

0101100
-355 0 -357 0 -166 0 -165 0 +166 0 *
Fa
0  1e-07 145 0

0101000
+164 0 *
Ve
1e-07
235.5 45 21.5
0 0

0101101
*
Ed
 1e-07 1 1 0
1  323 0 0 6.28318530717959
2  673 176 0 0 6.28318530717959
2  674 146 0 0 6.28318530717959
0

0101000
+162 0 -162 0 *
Wi

0101100
+161 0 *
Wi

0101100
-345 0 *
Fa
0  1e-07 146 0

0101000
+160 0 +159 0 *
Ed
 1e-07 1 1 0
1  324 0 0 9.4
3  675 676CN 148 0 0 9.4
0

0101000
+204 0 -326 0 *
Wi

0101100
+325 0 +324 0 +157 0 +203 0 -157 0 *
Fa
0  1e-07 148 0

0101000
+156 0 *
Ve
1e-07
7.75 0 -33
0 0

0101101
*
Ed
 1e-07 1 1 0
1  325 0 0 9.4
3  677 678CN 151 0 0 9.4
0

0101000
+154 4 -309 4 *
Ed
 1e-07 1 1 0
1  326 0 0 6.28318530717959
2  679 151 0 0 6.28318530717959
2  680 177 0 0 6.28318530717959
0

0101000
+154 4 -154 4 *
Wi

0101100
+308 0 +307 0 +153 0 +152 0 -153 0 *
Fa
0  1e-07 151 0

0101000
+151 0 *
Ve
1e-07
33.3 45 21.5
0 0

0101101
*
Ed
 1e-07 1 1 0
1  327 0 0 6.28318530717959
2  681 178 0 0 6.28318530717959
2  682 152 0 0 6.28318530717959
0

0101100
+149 0 -149 0 *
Ed
 1e-07 1 1 0
1  328 0 0 1
3  683 684CN 152 0 0 1
0

0101000
+304 0 -149 0 *
Wi

0101100
-148 0 +147 0 +303 0 -147 0 *
Fa
0  1e-07 152 0

0101000
+146 0 *
Ve
1.00000007944109e-07
14.5 45 32.447
0 0

0101101
*
Ed
 1e-07 1 1 0
1  329 0 0 1.54696767904181
3  685 686CN 154 0 0 1.54696767904181
0

0101000
+286 0 -144 0 *
Ve
1.00000341060513e-07
33.5 45.0000000000003 32.447
0 0

0101101
*
Ed
 1.00000003552714e-07 1 1 0
1  330 0 0 3.14159265358979
2  687 154 0 0 3.14159265358979
2  688 179 0 0 3.14159265358979
2  689 180 0 0 3.14159265358979
0

0101000
+144 0 -142 0 *
Ed
 1.00000007944109e-07 1 1 0
1  330 0 3.14159265358979 6.28318530717959
2  687 154 0 3.14159265358979 6.28318530717959
2  688 179 0 3.14159265358979 6.28318530717959
2  690 180 0 3.14159265358979 6.28318530717959
0

0101000
+142 0 -144 0 *
Wi

0101100
-284 0 -283 0 -143 0 -141 0 -140 0 +143 0 *
Fa
0  1e-07 154 0

0101000
+139 0 *
Ve
1.00000007105427e-07
64.5 45 32.447
0 0

0101101
*
Ed
 1e-07 1 1 0
1  331 0 0 1.54696767904181
3  691 692CN 156 0 0 1.54696767904181
0

0101000
+278 0 -137 0 *
Ve
1.00000341060513e-07
83.5 45.0000000000003 32.447
0 0

0101101
*
Ed
 1.00000007105427e-07 1 1 0
1  332 0 0 3.14159265358979
2  693 156 0 0 3.14159265358979
2  694 181 0 0 3.14159265358979
2  695 182 0 0 3.14159265358979
0

0101000
+137 0 -135 0 *
Ed
 1.00000007105427e-07 1 1 0
1  332 0 3.14159265358979 6.28318530717959
2  693 156 0 3.14159265358979 6.28318530717959
2  694 181 0 3.14159265358979 6.28318530717959
2  696 182 0 3.14159265358979 6.28318530717959
0

0101000
+135 0 -137 0 *
Wi

0101100
-276 0 -275 0 -136 0 -134 0 -133 0 +136 0 *
Fa
0  1e-07 156 0

0101000
+132 0 *
Ve
1.00000007105427e-07
166.5 45 32.447
0 0

0101101
*
Ed
 1e-07 1 1 0
1  333 0 0 1.54696767904181
3  697 698CN 158 0 0 1.54696767904181
0

0101000
+270 0 -130 0 *
Ve
1.00000341060513e-07
185.5 45.0000000000003 32.447
0 0

0101101
*
Ed
 1.00000007105427e-07 1 1 0
1  334 0 0 3.14159265358979
2  699 158 0 0 3.14159265358979
2  700 183 0 0 3.14159265358979
2  701 184 0 0 3.14159265358979
0

0101000
+130 0 -128 0 *
Ed
 1.00000007105427e-07 1 1 0
1  334 0 3.14159265358979 6.28318530717959
2  699 158 0 3.14159265358979 6.28318530717959
2  700 183 0 3.14159265358979 6.28318530717959
2  702 184 0 3.14159265358979 6.28318530717959
0

0101000
+128 0 -130 0 *
Wi

0101100
-268 0 -267 0 -129 0 -127 0 -126 0 +129 0 *
Fa
0  1e-07 158 0

0101000
+125 0 *
Ve
1.00000007105427e-07
216.5 45 32.447
0 0

0101101
*
Ed
 1e-07 1 1 0
1  335 0 0 1.54696767904181
3  703 704CN 164 0 0 1.54696767904181
0

0101000
+245 0 -123 0 *
Ve
1.00000341060513e-07
235.5 45.0000000000003 32.447
0 0

0101101
*
Ed
 1.00000007105427e-07 1 1 0
1  336 0 0 3.14159265358979
2  705 164 0 0 3.14159265358979
2  706 185 0 0 3.14159265358979
2  707 176 0 0 3.14159265358979
0

0101000
+123 0 -121 0 *
Ed
 1.00000007105427e-07 1 1 0
1  336 0 3.14159265358979 6.28318530717959
2  705 164 0 3.14159265358979 6.28318530717959
2  706 185 0 3.14159265358979 6.28318530717959
2  708 176 0 3.14159265358979 6.28318530717959
0

0101000
+121 0 -123 0 *
Wi

0101100
-243 0 -242 0 -122 0 -120 0 -119 0 +122 0 *
Fa
0  1e-07 164 0

0101000
+118 0 *
Ve
1e-07
83.3 45 20.5
0 0

0101101
*
Ed
 1e-07 1 1 0
1  337 0 0 6.28318530717959
2  709 186 0 0 6.28318530717959
2  710 169 0 0 6.28318530717959
0

0101000
+116 0 -116 0 *
Wi

0101100
+115 0 *
Wi

0101100
-218 0 *
Fa
0  1e-07 169 0

0101000
+114 0 +113 0 *
Ve
1e-07
74 45 9.19741814291732
0 0

0101101
*
Ed
 1e-07 1 1 0
1  338 0 0 3.49990019164599
3  711 712CN 171 0 0 3.49990019164599
0

0101000
+297 0 -111 0 *
Ed
 1e-07 1 1 1
2  713 171 0 0 6.28318530717959
0

0101000
+111 0 -111 0 *
Wi

0101100
-212 0 -215 0 -110 0 -109 0 +110 0 *
Fa
0  1e-07 171 0

0101000
+108 0 *
Ve
1e-07
185.3 45 21.5
0 0

0101101
*
Ed
 1e-07 1 1 0
1  339 0 0 6.28318530717959
2  714 187 0 0 6.28318530717959
2  715 172 0 0 6.28318530717959
0

0101100
+106 0 -106 0 *
Ed
 1e-07 1 1 0
1  340 0 0 1
3  716 717CN 172 0 0 1
0

0101000
+199 0 -106 0 *
Wi

0101100
-105 0 +104 0 +198 0 -104 0 *
Fa
0  1e-07 172 0

0101000
+103 0 *
Ve
1e-07
199 44.9 24
0 0

0101101
*
Ed
 1e-07 1 1 0
1  341 0 4.67904947113212 6.28318530717959
2  718 173 0 4.67904947113212 6.28318530717959
2  719 174 0 4.67904947113212 6.28318530717959
0

0101000
+188 0 -101 0 *
Ed
 1e-07 1 1 0
1  341 0 0 1.60413583604746
2  718 173 0 0 1.60413583604746
2  719 174 0 0 1.60413583604746
0

0101000
+101 0 -182 0 *
Ve
1e-07
199 57 24
0 0

0101101
*
Ed
 1e-07 1 1 0
1  342 0 0 12.1
3  720 721CN 173 0 0 12.1
0

0101000
+101 0 -98 0 *
Ed
 1e-07 1 1 0
1  343 0 0 6.28318530717959
2  722 177 1 0 6.28318530717959
2  723 173 0 0 6.28318530717959
0

0101100
+98 0 -98 0 *
Wi

0101100
+100 0 -187 0 +189 0 +191 0 -180 0 +99 0 -97 0 -96 0 +97 0 *
Ve
1.00167932536488e-07
201.999983333286 45.0100000002375 21.01
0 0

0101101
*
Ed
 1e-07 1 1 0
1  344 0 1.56746298724911 1.5707963267949
2  724 173 0 1.56746298724911 1.5707963267949
2  725 142 0 1.56746298724911 1.5707963267949
0

0101000
+94 0 -194 0 *
Ve
1.00167927512281e-07
201.999983333286 44.9899999997625 21.01
0 0

0101101
*
Ed
 1e-07 1 1 0
1  345 0 0.0899999997625116 0.110000000237491
2  726 173 0 0.0899999997625116 0.110000000237491
2  727 175 0 0.0899999997625116 0.110000000237491
0

0101000
+92 0 -94 0 *
Ed
 1e-07 1 1 0
1  346 0 4.7090556408389 4.71238898038469
2  728 173 0 4.7090556408389 4.71238898038469
2  729 142 0 4.7090556408389 4.71238898038469
0

0101000
+92 0 -194 0 *
Wi

0101100
+93 0 +91 0 -90 0 *
Ve
1.00167932536488e-07
196.000016666714 44.9899999997625 21.01
0 0

0101101
*
Ed
 1e-07 1 1 0
1  347 0 1.5707963267949 1.57412966634068
2  730 173 0 1.5707963267949 1.57412966634068
2  731 142 0 1.5707963267949 1.57412966634068
0

0101000
+190 0 -88 0 *
Ve
1.00167930024366e-07
196.000016666714 45.0100000002375 21.01
0 0

0101101
*
Ed
 1e-07 1 1 0
1  348 0 0.0899999997625116 0.110000000237491
2  732 173 0 0.0899999997625116 0.110000000237491
2  733 175 0 0.0899999997625116 0.110000000237491
0

0101000
+88 0 -86 0 *
Ed
 1e-07 1 1 0
1  349 0 4.71238898038469 4.71572231993048
2  734 173 0 4.71238898038469 4.71572231993048
2  735 142 0 4.71238898038469 4.71572231993048
0

0101000
+190 0 -86 0 *
Wi

0101100
-87 0 -85 0 +84 0 *
Fa
0  1e-07 173 0

0101000
+95 0 +89 0 +83 0 *
Ed
 1.5e-07 1 1 0
1  350 0 -2.99833287011299 2.99833287011299
2  736 174 0 -2.99833287011299 2.99833287011299
2  737 175 0 -2.99833287011299 2.99833287011299
0

0101000
+186 0 -184 0 *
Wi

0101100
+100 0 -185 0 -81 0 +181 0 +99 0 *
Fa
0  1e-07 174 0

0101000
+80 0 *
Wi

0101100
+183 0 -81 0 *
Fa
0  1e-07 175 0

0101000
+78 0 *
Ed
 1e-07 1 1 0
1  351 0 0 10.947
3  738 739CN 176 0 0 10.947
0

0101000
+162 0 -121 0 *
Wi

0101100
+120 0 +119 0 +76 0 +161 0 -76 0 *
Fa
0  1e-07 176 0

0101000
+75 0 *
Wi

0101100
+152 1 *
Wi

0101100
-96 0 *
Fa
0  1e-07 177 1

0101000
+73 0 +72 0 *
Ve
1e-07
33.5 45 21.5
0 0

0101101
*
Ed
 1e-07 1 1 0
1  352 0 0 6.28318530717959
2  740 180 0 0 6.28318530717959
2  741 178 0 0 6.28318530717959
0

0101000
+70 0 -70 0 *
Wi

0101100
+69 0 *
Wi

0101100
-148 0 *
Fa
0  1e-07 178 0

0101000
+68 0 +67 0 *
Ed
 1e-07 1 1 0
1  353 0 0 10.947
3  742 743CN 180 0 0 10.947
0

0101000
+70 0 -142 0 *
Wi

0101100
+141 0 +140 0 +65 0 +69 0 -65 0 *
Fa
0  1e-07 180 0

0101000
+64 0 *
Ve
1e-07
83.5 45 21.5
0 0

0101101
*
Ed
 1e-07 1 1 0
1  354 0 0 10.947
3  744 745CN 182 0 0 10.947
0

0101000
+62 0 -135 0 *
Ed
 1e-07 1 1 0
1  355 0 0 6.28318530717959
2  746 182 0 0 6.28318530717959
2  747 188 0 0 6.28318530717959
0

0101000
+62 0 -62 0 *
Wi

0101100
+134 0 +133 0 +61 0 +60 0 -61 0 *
Fa
0  1e-07 182 0

0101000
+59 0 *
Ve
1e-07
185.5 45 21.5
0 0

0101101
*
Ed
 1e-07 1 1 0
1  356 0 0 10.947
3  748 749CN 184 0 0 10.947
0

0101000
+57 0 -128 0 *
Ed
 1e-07 1 1 0
1  357 0 0 6.28318530717959
2  750 184 0 0 6.28318530717959
2  751 187 0 0 6.28318530717959
0

0101000
+57 0 -57 0 *
Wi

0101100
+127 0 +126 0 +56 0 +55 0 -56 0 *
Fa
0  1e-07 184 0

0101000
+54 0 *
Ve
1e-07
83.3 45 21.5
0 0

0101101
*
Ed
 1e-07 1 1 0
1  358 0 0 6.28318530717959
2  752 188 0 0 6.28318530717959
2  753 186 0 0 6.28318530717959
0

0101100
+52 0 -52 0 *
Ed
 1e-07 1 1 0
1  359 0 0 1
3  754 755CN 186 0 0 1
0

0101000
+116 0 -52 0 *
Wi

0101100
-51 0 +50 0 +115 0 -50 0 *
Fa
0  1e-07 186 0

0101000
+49 0 *
Wi

0101100
+55 0 *
Wi

0101100
-105 0 *
Fa
0  1e-07 187 0

0101000
+47 0 +46 0 *
Ve
1e-07
202 45 21.01
0 0

0101101
*
Ed
 1e-07 1 1 0
1  318 0 6.27985196759422 6.28318530717959
2  662 142 0 6.27985196759422 6.28318530717959
2  663 175 0 6.27985196759422 6.28318530717959
0

0101000
+92 0 -44 0 *
Ed
 1e-07 1 1 0
1  318 0 0 0.00333333958536741
2  663 175 0 0 0.00333333958536741
2  756 142 0 0 0.00333333958536741
0

0101000
+44 0 -94 0 *
Wi

0101100
-43 0 +90 0 -93 0 -42 0 *
Fa
0  1e-07 142 0

0101000
+41 0 *
Wi

0101100
+43 0 -91 0 +42 0 *
Fa
0  1e-07 175 0

0101000
+39 0 *
Ed
 1e-07 1 1 0
1  318 0 3.13825931400443 3.14492599317516
2  662 142 0 3.13825931400443 3.14492599317516
2  663 175 0 3.13825931400443 3.14492599317516
0

0101000
+86 0 -88 0 *
Wi

0101100
-37 0 +87 0 -84 0 *
Fa
0  1e-07 142 0

0101000
+36 0 *
Wi

0101100
+85 0 +37 0 *
Fa
0  1e-07 175 0

0101000
+34 0 *
Wi

0101100
+60 0 *
Wi

0101100
-51 0 *
Fa
0  1e-07 188 0

0101000
+32 0 +31 0 *
Ve
1.00000153426234e-07
181.711681208614 89.7 28.8812456735853
0 0

0101101
*
Ve
1e-07
176 89.7 52.5
0 0

0101101
*
Ed
 1e-07 1 1 0
1  360 0 2.66704683849777 6.28318530717959
2  757 33 0 2.66704683849777 6.28318530717959
2  758 161 0 2.66704683849777 6.28318530717959
0

0101000
+29 0 -28 0 *
Ed
 1e-07 1 1 0
1  360 0 0 1.85543872920143
2  758 161 0 0 1.85543872920143
2  759 33 0 0 1.85543872920143
0

0101000
+28 0 -883 0 *
Ve
1e-07
220 89.7 54
0 0

0101101
*
Ed
 1e-07 1 1 0
1  361 0 4.6148788865002 6.28318530717959
2  760 167 0 4.6148788865002 6.28318530717959
2  761 35 0 4.6148788865002 6.28318530717959
0

0101000
+885 0 -25 0 *
Ve
1.00000162184395e-07
217.253944069188 89.7 26.2719565551076
0 0

0101101
*
Ed
 1e-07 1 1 0
1  361 0 0 3.33901953891818
2  762 35 0 0 3.33901953891818
2  760 167 0 0 3.33901953891818
0

0101000
+25 0 -23 0 *
Ve
1e-07
19 -7.105427357601e-15 -0.299999999999997
0 0

0101101
*
Ed
 1e-07 1 1 0
1  101 0 6.00202415082757 6.28318530717959
2  207 34 0 6.00202415082757 6.28318530717959
2  208 60 0 6.00202415082757 6.28318530717959
2  763 36 2 6.00202415082757 6.28318530717959
0

0101000
+23 2 -21 4 *
Ed
 1e-07 1 1 0
1  101 0 0 3.56931828609455
2  207 34 0 0 3.56931828609455
2  208 60 0 0 3.56931828609455
2  764 36 2 0 3.56931828609455
0

0101000
+21 4 -29 2 *
Wi

0101100
+27 0 +26 0 +882 1 +24 0 +22 0 +20 1 +19 1 *
Wi

0101100
-453 1 *
Wi

0101100
-234 0 *
Wi

0101100
-259 0 *
Fa
0  1e-07 189 0

0101000
+18 0 +17 0 +16 0 +15 0 *
Wi

0101100
-982 0 +847 0 +846 0 +994 0 -1119 0 -1108 0 *
Fa
0  1e-07 12 0

0101000
+13 0 *
Ed
 1e-07 1 1 0
1  362 0 -1.4210854715202e-14 0.299999999999997
2  765 33 0 -1.4210854715202e-14 0.299999999999997
2  766 34 1 -1.4210854715202e-14 0.299999999999997
2  767 36 0 -1.4210854715202e-14 0.299999999999997
0

0101000
+29 0 -1033 0 *
Wi

0101100
-11 0 +27 0 +26 0 +881 0 -1042 0 -1031 0 *
Fa
0  1e-07 33 0

0101000
+10 0 *
Ed
 1e-07 1 1 0
1  363 0 -1.4210854715202e-14 0.299999999999997
2  768 35 0 -1.4210854715202e-14 0.299999999999997
2  769 34 1 -1.4210854715202e-14 0.299999999999997
2  770 36 0 -1.4210854715202e-14 0.299999999999997
0

0101000
+23 0 -1037 0 *
Wi

0101100
+11 0 -1032 0 -1034 0 -8 0 +20 1 +19 1 *
Fa
0  1e-07 36 0

0101000
+7 0 *
Wi

0101100
+8 0 -1036 0 -1038 0 -884 0 +24 0 +22 0 *
Fa
0  1e-07 35 0

0101000
+5 0 *
Sh

0101000
-1145 0 -1126 0 +1085 0 -1056 0 +1029 0 -1024 0 +1019 0 -1014 0 -1009 0 -1004 0 
-999 0 -989 0 -984 0 -976 0 -971 0 -966 0 -961 0 -956 0 -951 0 -946 0 
-941 0 -936 0 -931 0 -926 0 -921 0 -916 0 -911 0 -906 0 -901 0 -896 0 
-891 0 -886 0 -879 0 -874 0 -869 0 -864 0 -859 0 -854 0 -849 0 +841 0 
+838 0 +835 0 +830 0 +825 0 +822 0 +817 0 +812 0 +807 0 +804 0 -802 0 
-797 0 -792 0 -790 0 +785 0 +780 0 +775 0 -770 0 +765 0 -760 0 -755 0 
-750 0 -745 0 -740 0 -735 0 -730 0 -725 0 -720 0 -715 0 +710 0 +705 0 
-700 0 -695 0 -690 0 -685 0 -680 0 -675 0 -670 0 -665 0 -660 0 -655 0 
-650 0 +645 0 -640 0 -635 0 +630 0 -625 0 -620 0 +615 0 +610 0 +605 0 
-600 0 +595 0 -590 0 -585 0 -568 0 -551 0 -546 0 -541 0 -531 0 -526 0 
-521 0 -512 0 -501 0 -478 0 -473 0 -468 0 -465 0 -455 0 -448 1 +445 1 
-440 0 -420 0 -410 0 -398 0 +393 0 -390 0 -359 0 -353 0 +351 0 -343 0 
+341 0 -339 0 +334 0 +329 0 -322 0 +317 0 +312 0 -305 0 +300 0 -291 0 
+289 0 +287 0 -279 0 -271 0 -261 0 -254 0 +249 0 -246 0 -236 0 -229 0 
+224 0 -221 0 -216 0 -213 0 -210 0 -205 0 +200 0 +195 0 -178 0 -175 0 
+173 0 -170 0 +168 0 -163 0 +158 0 -155 0 -150 1 -145 0 -138 0 -131 0 
-124 0 -117 0 +112 0 -107 0 -102 0 -82 0 +79 0 -77 0 -74 0 +71 0 
+66 0 -63 0 -58 0 -53 0 -48 0 +45 0 -40 0 -38 0 -35 0 -33 0 
+30 0 +14 0 -12 0 -9 0 -6 0 -4 0 *
So

0100000
+3 0 *
Co

1100000
+2 0 *

+1 0 