ISO-10303-21;
HEADER;
FILE_DESCRIPTION(('FreeCAD Model'),'2;1');
FILE_NAME('Open CASCADE Shape Model','2026-10-01T11:20:54',('Author'),(
    ''),'Open CASCADE STEP processor 7.8','FreeCAD','Unknown');
FILE_SCHEMA(('AUTOMOTIVE_DESIGN { 1 0 10303 214 1 1 1 1 }'));
ENDSEC;
DATA;
#1 = APPLICATION_PROTOCOL_DEFINITION('international standard',
  'automotive_design',2000,#2);
#2 = APPLICATION_CONTEXT(
  'core data for automotive mechanical design processes');
#3 = SHAPE_DEFINITION_REPRESENTATION(#4,#10);
#4 = PRODUCT_DEFINITION_SHAPE('','',#5);
#5 = PRODUCT_DEFINITION('design','',#6,#9);
#6 = PRODUCT_DEFINITION_FORMATION('','',#7);
#7 = PRODUCT('PatentA_Payload','PatentA_Payload','',(#8));
#8 = PRODUCT_CONTEXT('',#2,'mechanical');
#9 = PRODUCT_DEFINITION_CONTEXT('part definition',#2,'design');
#10 = SHAPE_REPRESENTATION('',(#11,#15,#19,#23,#27,#31,#35,#39,#43,#47,
    #51,#55,#59,#63,#67,#71,#75,#79,#83,#87,#91,#95,#99,#103,#107,#111,
    #115,#119,#123,#127,#131,#135,#139),#143);
#11 = AXIS2_PLACEMENT_3D('',#12,#13,#14);
#12 = CARTESIAN_POINT('',(0.,0.,0.));
#13 = DIRECTION('',(0.,0.,1.));
#14 = DIRECTION('',(1.,0.,-0.));
#15 = AXIS2_PLACEMENT_3D('',#16,#17,#18);
#16 = CARTESIAN_POINT('',(0.,0.,0.));
#17 = DIRECTION('',(0.,0.,1.));
#18 = DIRECTION('',(1.,0.,0.));
#19 = AXIS2_PLACEMENT_3D('',#20,#21,#22);
#20 = CARTESIAN_POINT('',(0.,0.,0.));
#21 = DIRECTION('',(0.,0.,1.));
#22 = DIRECTION('',(1.,0.,0.));
#23 = AXIS2_PLACEMENT_3D('',#24,#25,#26);
#24 = CARTESIAN_POINT('',(0.,0.,0.));
#25 = DIRECTION('',(0.,0.,1.));
#26 = DIRECTION('',(1.,0.,0.));
#27 = AXIS2_PLACEMENT_3D('',#28,#29,#30);
#28 = CARTESIAN_POINT('',(0.,0.,0.));
#29 = DIRECTION('',(0.,0.,1.));
#30 = DIRECTION('',(1.,0.,0.));
#31 = AXIS2_PLACEMENT_3D('',#32,#33,#34);
#32 = CARTESIAN_POINT('',(0.,0.,0.));
#33 = DIRECTION('',(0.,0.,1.));
#34 = DIRECTION('',(1.,0.,0.));
#35 = AXIS2_PLACEMENT_3D('',#36,#37,#38);
#36 = CARTESIAN_POINT('',(0.,0.,0.));
#37 = DIRECTION('',(0.,0.,1.));
#38 = DIRECTION('',(1.,0.,0.));
#39 = AXIS2_PLACEMENT_3D('',#40,#41,#42);
#40 = CARTESIAN_POINT('',(0.,0.,0.));
#41 = DIRECTION('',(0.,0.,1.));
#42 = DIRECTION('',(1.,0.,0.));
#43 = AXIS2_PLACEMENT_3D('',#44,#45,#46);
#44 = CARTESIAN_POINT('',(0.,0.,0.));
#45 = DIRECTION('',(0.,0.,1.));
#46 = DIRECTION('',(1.,0.,0.));
#47 = AXIS2_PLACEMENT_3D('',#48,#49,#50);
#48 = CARTESIAN_POINT('',(0.,0.,0.));
#49 = DIRECTION('',(0.,0.,1.));
#50 = DIRECTION('',(1.,0.,0.));
#51 = AXIS2_PLACEMENT_3D('',#52,#53,#54);
#52 = CARTESIAN_POINT('',(0.,0.,0.));
#53 = DIRECTION('',(0.,0.,1.));
#54 = DIRECTION('',(1.,0.,0.));
#55 = AXIS2_PLACEMENT_3D('',#56,#57,#58);
#56 = CARTESIAN_POINT('',(0.,0.,0.));
#57 = DIRECTION('',(0.,0.,1.));
#58 = DIRECTION('',(1.,0.,0.));
#59 = AXIS2_PLACEMENT_3D('',#60,#61,#62);
#60 = CARTESIAN_POINT('',(0.,0.,0.));
#61 = DIRECTION('',(0.,0.,1.));
#62 = DIRECTION('',(1.,0.,0.));
#63 = AXIS2_PLACEMENT_3D('',#64,#65,#66);
#64 = CARTESIAN_POINT('',(0.,0.,0.));
#65 = DIRECTION('',(0.,0.,1.));
#66 = DIRECTION('',(1.,0.,0.));
#67 = AXIS2_PLACEMENT_3D('',#68,#69,#70);
#68 = CARTESIAN_POINT('',(0.,0.,0.));
#69 = DIRECTION('',(0.,0.,1.));
#70 = DIRECTION('',(1.,0.,0.));
#71 = AXIS2_PLACEMENT_3D('',#72,#73,#74);
#72 = CARTESIAN_POINT('',(0.,0.,0.));
#73 = DIRECTION('',(0.,0.,1.));
#74 = DIRECTION('',(1.,0.,0.));
#75 = AXIS2_PLACEMENT_3D('',#76,#77,#78);
#76 = CARTESIAN_POINT('',(0.,0.,0.));
#77 = DIRECTION('',(0.,0.,1.));
#78 = DIRECTION('',(1.,0.,0.));
#79 = AXIS2_PLACEMENT_3D('',#80,#81,#82);
#80 = CARTESIAN_POINT('',(0.,0.,0.));
#81 = DIRECTION('',(0.,0.,1.));
#82 = DIRECTION('',(1.,0.,0.));
#83 = AXIS2_PLACEMENT_3D('',#84,#85,#86);
#84 = CARTESIAN_POINT('',(0.,0.,0.));
#85 = DIRECTION('',(0.,0.,1.));
#86 = DIRECTION('',(1.,0.,0.));
#87 = AXIS2_PLACEMENT_3D('',#88,#89,#90);
#88 = CARTESIAN_POINT('',(0.,0.,0.));
#89 = DIRECTION('',(0.,0.,1.));
#90 = DIRECTION('',(1.,0.,0.));
#91 = AXIS2_PLACEMENT_3D('',#92,#93,#94);
#92 = CARTESIAN_POINT('',(0.,0.,0.));
#93 = DIRECTION('',(0.,0.,1.));
#94 = DIRECTION('',(1.,0.,0.));
#95 = AXIS2_PLACEMENT_3D('',#96,#97,#98);
#96 = CARTESIAN_POINT('',(0.,0.,0.));
#97 = DIRECTION('',(0.,0.,1.));
#98 = DIRECTION('',(1.,0.,0.));
#99 = AXIS2_PLACEMENT_3D('',#100,#101,#102);
#100 = CARTESIAN_POINT('',(0.,0.,0.));
#101 = DIRECTION('',(0.,0.,1.));
#102 = DIRECTION('',(1.,0.,0.));
#103 = AXIS2_PLACEMENT_3D('',#104,#105,#106);
#104 = CARTESIAN_POINT('',(160.,0.,-58.));
#105 = DIRECTION('',(0.,0.,-1.));
#106 = DIRECTION('',(1.,0.,0.));
#107 = AXIS2_PLACEMENT_3D('',#108,#109,#110);
#108 = CARTESIAN_POINT('',(0.,0.,0.));
#109 = DIRECTION('',(0.,0.,1.));
#110 = DIRECTION('',(1.,0.,0.));
#111 = AXIS2_PLACEMENT_3D('',#112,#113,#114);
#112 = CARTESIAN_POINT('',(185.,0.,-46.));
#113 = DIRECTION('',(0.422618261741,-0.,0.906307787037));
#114 = DIRECTION('',(0.906307787037,0.,-0.422618261741));
#115 = AXIS2_PLACEMENT_3D('',#116,#117,#118);
#116 = CARTESIAN_POINT('',(0.,0.,0.));
#117 = DIRECTION('',(0.,0.,1.));
#118 = DIRECTION('',(1.,0.,0.));
#119 = AXIS2_PLACEMENT_3D('',#120,#121,#122);
#120 = CARTESIAN_POINT('',(0.,0.,0.));
#121 = DIRECTION('',(0.,0.,1.));
#122 = DIRECTION('',(1.,0.,0.));
#123 = AXIS2_PLACEMENT_3D('',#124,#125,#126);
#124 = CARTESIAN_POINT('',(0.,0.,0.));
#125 = DIRECTION('',(0.,0.,1.));
#126 = DIRECTION('',(1.,0.,0.));
#127 = AXIS2_PLACEMENT_3D('',#128,#129,#130);
#128 = CARTESIAN_POINT('',(0.,0.,0.));
#129 = DIRECTION('',(0.,0.,1.));
#130 = DIRECTION('',(1.,0.,0.));
#131 = AXIS2_PLACEMENT_3D('',#132,#133,#134);
#132 = CARTESIAN_POINT('',(0.,0.,0.));
#133 = DIRECTION('',(0.,0.,1.));
#134 = DIRECTION('',(1.,0.,0.));
#135 = AXIS2_PLACEMENT_3D('',#136,#137,#138);
#136 = CARTESIAN_POINT('',(0.,0.,0.));
#137 = DIRECTION('',(0.,0.,1.));
#138 = DIRECTION('',(1.,0.,0.));
#139 = AXIS2_PLACEMENT_3D('',#140,#141,#142);
#140 = CARTESIAN_POINT('',(0.,0.,0.));
#141 = DIRECTION('',(0.,0.,1.));
#142 = DIRECTION('',(1.,0.,0.));
#143 = ( GEOMETRIC_REPRESENTATION_CONTEXT(3) 
GLOBAL_UNCERTAINTY_ASSIGNED_CONTEXT((#147)) GLOBAL_UNIT_ASSIGNED_CONTEXT
((#144,#145,#146)) REPRESENTATION_CONTEXT('Context #1',
  '3D Context with UNIT and UNCERTAINTY') );
#144 = ( LENGTH_UNIT() NAMED_UNIT(*) SI_UNIT(.MILLI.,.METRE.) );
#145 = ( NAMED_UNIT(*) PLANE_ANGLE_UNIT() SI_UNIT($,.RADIAN.) );
#146 = ( NAMED_UNIT(*) SI_UNIT($,.STERADIAN.) SOLID_ANGLE_UNIT() );
#147 = UNCERTAINTY_MEASURE_WITH_UNIT(LENGTH_MEASURE(1.E-07),#144,
  'distance_accuracy_value','confusion accuracy');
#148 = PRODUCT_RELATED_PRODUCT_CATEGORY('part',$,(#7));
#149 = SHAPE_DEFINITION_REPRESENTATION(#150,#156);
#150 = PRODUCT_DEFINITION_SHAPE('','',#151);
#151 = PRODUCT_DEFINITION('design','',#152,#155);
#152 = PRODUCT_DEFINITION_FORMATION('','',#153);
#153 = PRODUCT('1_挂架上板','1_挂架上板','',(#154));
#154 = PRODUCT_CONTEXT('',#2,'mechanical');
#155 = PRODUCT_DEFINITION_CONTEXT('part definition',#2,'design');
#156 = ADVANCED_BREP_SHAPE_REPRESENTATION('',(#11,#157),#599);
#157 = MANIFOLD_SOLID_BREP('',#158);
#158 = CLOSED_SHELL('',(#159,#199,#230,#332,#356,#451,#463,#480,#497,
    #514,#536,#553,#570,#582));
#159 = ADVANCED_FACE('',(#160),#194,.F.);
#160 = FACE_BOUND('',#161,.F.);
#161 = EDGE_LOOP('',(#162,#172,#180,#188));
#162 = ORIENTED_EDGE('',*,*,#163,.F.);
#163 = EDGE_CURVE('',#164,#166,#168,.T.);
#164 = VERTEX_POINT('',#165);
#165 = CARTESIAN_POINT('',(-110.,-90.,-6.));
#166 = VERTEX_POINT('',#167);
#167 = CARTESIAN_POINT('',(-110.,-90.,0.));
#168 = LINE('',#169,#170);
#169 = CARTESIAN_POINT('',(-110.,-90.,-6.));
#170 = VECTOR('',#171,1.);
#171 = DIRECTION('',(0.,0.,1.));
#172 = ORIENTED_EDGE('',*,*,#173,.T.);
#173 = EDGE_CURVE('',#164,#174,#176,.T.);
#174 = VERTEX_POINT('',#175);
#175 = CARTESIAN_POINT('',(-110.,90.,-6.));
#176 = LINE('',#177,#178);
#177 = CARTESIAN_POINT('',(-110.,-90.,-6.));
#178 = VECTOR('',#179,1.);
#179 = DIRECTION('',(-0.,1.,0.));
#180 = ORIENTED_EDGE('',*,*,#181,.T.);
#181 = EDGE_CURVE('',#174,#182,#184,.T.);
#182 = VERTEX_POINT('',#183);
#183 = CARTESIAN_POINT('',(-110.,90.,0.));
#184 = LINE('',#185,#186);
#185 = CARTESIAN_POINT('',(-110.,90.,-6.));
#186 = VECTOR('',#187,1.);
#187 = DIRECTION('',(0.,0.,1.));
#188 = ORIENTED_EDGE('',*,*,#189,.F.);
#189 = EDGE_CURVE('',#166,#182,#190,.T.);
#190 = LINE('',#191,#192);
#191 = CARTESIAN_POINT('',(-110.,-90.,0.));
#192 = VECTOR('',#193,1.);
#193 = DIRECTION('',(-0.,1.,0.));
#194 = PLANE('',#195);
#195 = AXIS2_PLACEMENT_3D('',#196,#197,#198);
#196 = CARTESIAN_POINT('',(-110.,-90.,-6.));
#197 = DIRECTION('',(1.,0.,-0.));
#198 = DIRECTION('',(0.,0.,1.));
#199 = ADVANCED_FACE('',(#200),#225,.F.);
#200 = FACE_BOUND('',#201,.F.);
#201 = EDGE_LOOP('',(#202,#210,#211,#219));
#202 = ORIENTED_EDGE('',*,*,#203,.F.);
#203 = EDGE_CURVE('',#164,#204,#206,.T.);
#204 = VERTEX_POINT('',#205);
#205 = CARTESIAN_POINT('',(110.,-90.,-6.));
#206 = LINE('',#207,#208);
#207 = CARTESIAN_POINT('',(-110.,-90.,-6.));
#208 = VECTOR('',#209,1.);
#209 = DIRECTION('',(1.,0.,-0.));
#210 = ORIENTED_EDGE('',*,*,#163,.T.);
#211 = ORIENTED_EDGE('',*,*,#212,.T.);
#212 = EDGE_CURVE('',#166,#213,#215,.T.);
#213 = VERTEX_POINT('',#214);
#214 = CARTESIAN_POINT('',(110.,-90.,0.));
#215 = LINE('',#216,#217);
#216 = CARTESIAN_POINT('',(-110.,-90.,0.));
#217 = VECTOR('',#218,1.);
#218 = DIRECTION('',(1.,0.,-0.));
#219 = ORIENTED_EDGE('',*,*,#220,.F.);
#220 = EDGE_CURVE('',#204,#213,#221,.T.);
#221 = LINE('',#222,#223);
#222 = CARTESIAN_POINT('',(110.,-90.,-6.));
#223 = VECTOR('',#224,1.);
#224 = DIRECTION('',(0.,0.,1.));
#225 = PLANE('',#226);
#226 = AXIS2_PLACEMENT_3D('',#227,#228,#229);
#227 = CARTESIAN_POINT('',(-110.,-90.,-6.));
#228 = DIRECTION('',(-0.,1.,0.));
#229 = DIRECTION('',(0.,0.,1.));
#230 = ADVANCED_FACE('',(#231,#249,#260,#271,#282,#316),#327,.T.);
#231 = FACE_BOUND('',#232,.T.);
#232 = EDGE_LOOP('',(#233,#234,#235,#243));
#233 = ORIENTED_EDGE('',*,*,#189,.F.);
#234 = ORIENTED_EDGE('',*,*,#212,.T.);
#235 = ORIENTED_EDGE('',*,*,#236,.T.);
#236 = EDGE_CURVE('',#213,#237,#239,.T.);
#237 = VERTEX_POINT('',#238);
#238 = CARTESIAN_POINT('',(110.,90.,0.));
#239 = LINE('',#240,#241);
#240 = CARTESIAN_POINT('',(110.,-90.,0.));
#241 = VECTOR('',#242,1.);
#242 = DIRECTION('',(-0.,1.,0.));
#243 = ORIENTED_EDGE('',*,*,#244,.F.);
#244 = EDGE_CURVE('',#182,#237,#245,.T.);
#245 = LINE('',#246,#247);
#246 = CARTESIAN_POINT('',(-110.,90.,0.));
#247 = VECTOR('',#248,1.);
#248 = DIRECTION('',(1.,0.,-0.));
#249 = FACE_BOUND('',#250,.T.);
#250 = EDGE_LOOP('',(#251));
#251 = ORIENTED_EDGE('',*,*,#252,.F.);
#252 = EDGE_CURVE('',#253,#253,#255,.T.);
#253 = VERTEX_POINT('',#254);
#254 = CARTESIAN_POINT('',(-75.8,-65.,0.));
#255 = CIRCLE('',#256,4.2);
#256 = AXIS2_PLACEMENT_3D('',#257,#258,#259);
#257 = CARTESIAN_POINT('',(-80.,-65.,0.));
#258 = DIRECTION('',(0.,0.,1.));
#259 = DIRECTION('',(1.,0.,-0.));
#260 = FACE_BOUND('',#261,.T.);
#261 = EDGE_LOOP('',(#262));
#262 = ORIENTED_EDGE('',*,*,#263,.F.);
#263 = EDGE_CURVE('',#264,#264,#266,.T.);
#264 = VERTEX_POINT('',#265);
#265 = CARTESIAN_POINT('',(84.2,-65.,0.));
#266 = CIRCLE('',#267,4.2);
#267 = AXIS2_PLACEMENT_3D('',#268,#269,#270);
#268 = CARTESIAN_POINT('',(80.,-65.,0.));
#269 = DIRECTION('',(0.,0.,1.));
#270 = DIRECTION('',(1.,0.,-0.));
#271 = FACE_BOUND('',#272,.T.);
#272 = EDGE_LOOP('',(#273));
#273 = ORIENTED_EDGE('',*,*,#274,.F.);
#274 = EDGE_CURVE('',#275,#275,#277,.T.);
#275 = VERTEX_POINT('',#276);
#276 = CARTESIAN_POINT('',(-75.8,65.,0.));
#277 = CIRCLE('',#278,4.2);
#278 = AXIS2_PLACEMENT_3D('',#279,#280,#281);
#279 = CARTESIAN_POINT('',(-80.,65.,0.));
#280 = DIRECTION('',(0.,0.,1.));
#281 = DIRECTION('',(1.,0.,-0.));
#282 = FACE_BOUND('',#283,.T.);
#283 = EDGE_LOOP('',(#284,#294,#302,#310));
#284 = ORIENTED_EDGE('',*,*,#285,.F.);
#285 = EDGE_CURVE('',#286,#288,#290,.T.);
#286 = VERTEX_POINT('',#287);
#287 = CARTESIAN_POINT('',(-60.,-30.,0.));
#288 = VERTEX_POINT('',#289);
#289 = CARTESIAN_POINT('',(60.,-30.,0.));
#290 = LINE('',#291,#292);
#291 = CARTESIAN_POINT('',(-60.,-30.,0.));
#292 = VECTOR('',#293,1.);
#293 = DIRECTION('',(1.,0.,-0.));
#294 = ORIENTED_EDGE('',*,*,#295,.T.);
#295 = EDGE_CURVE('',#286,#296,#298,.T.);
#296 = VERTEX_POINT('',#297);
#297 = CARTESIAN_POINT('',(-60.,30.,0.));
#298 = LINE('',#299,#300);
#299 = CARTESIAN_POINT('',(-60.,-30.,0.));
#300 = VECTOR('',#301,1.);
#301 = DIRECTION('',(-0.,1.,0.));
#302 = ORIENTED_EDGE('',*,*,#303,.T.);
#303 = EDGE_CURVE('',#296,#304,#306,.T.);
#304 = VERTEX_POINT('',#305);
#305 = CARTESIAN_POINT('',(60.,30.,0.));
#306 = LINE('',#307,#308);
#307 = CARTESIAN_POINT('',(-60.,30.,0.));
#308 = VECTOR('',#309,1.);
#309 = DIRECTION('',(1.,0.,-0.));
#310 = ORIENTED_EDGE('',*,*,#311,.F.);
#311 = EDGE_CURVE('',#288,#304,#312,.T.);
#312 = LINE('',#313,#314);
#313 = CARTESIAN_POINT('',(60.,-30.,0.));
#314 = VECTOR('',#315,1.);
#315 = DIRECTION('',(-0.,1.,0.));
#316 = FACE_BOUND('',#317,.T.);
#317 = EDGE_LOOP('',(#318));
#318 = ORIENTED_EDGE('',*,*,#319,.F.);
#319 = EDGE_CURVE('',#320,#320,#322,.T.);
#320 = VERTEX_POINT('',#321);
#321 = CARTESIAN_POINT('',(84.2,65.,0.));
#322 = CIRCLE('',#323,4.2);
#323 = AXIS2_PLACEMENT_3D('',#324,#325,#326);
#324 = CARTESIAN_POINT('',(80.,65.,0.));
#325 = DIRECTION('',(0.,0.,1.));
#326 = DIRECTION('',(1.,0.,-0.));
#327 = PLANE('',#328);
#328 = AXIS2_PLACEMENT_3D('',#329,#330,#331);
#329 = CARTESIAN_POINT('',(-110.,-90.,0.));
#330 = DIRECTION('',(0.,0.,1.));
#331 = DIRECTION('',(1.,0.,-0.));
#332 = ADVANCED_FACE('',(#333),#351,.T.);
#333 = FACE_BOUND('',#334,.T.);
#334 = EDGE_LOOP('',(#335,#343,#344,#345));
#335 = ORIENTED_EDGE('',*,*,#336,.F.);
#336 = EDGE_CURVE('',#174,#337,#339,.T.);
#337 = VERTEX_POINT('',#338);
#338 = CARTESIAN_POINT('',(110.,90.,-6.));
#339 = LINE('',#340,#341);
#340 = CARTESIAN_POINT('',(-110.,90.,-6.));
#341 = VECTOR('',#342,1.);
#342 = DIRECTION('',(1.,0.,-0.));
#343 = ORIENTED_EDGE('',*,*,#181,.T.);
#344 = ORIENTED_EDGE('',*,*,#244,.T.);
#345 = ORIENTED_EDGE('',*,*,#346,.F.);
#346 = EDGE_CURVE('',#337,#237,#347,.T.);
#347 = LINE('',#348,#349);
#348 = CARTESIAN_POINT('',(110.,90.,-6.));
#349 = VECTOR('',#350,1.);
#350 = DIRECTION('',(0.,0.,1.));
#351 = PLANE('',#352);
#352 = AXIS2_PLACEMENT_3D('',#353,#354,#355);
#353 = CARTESIAN_POINT('',(-110.,90.,-6.));
#354 = DIRECTION('',(-0.,1.,0.));
#355 = DIRECTION('',(0.,0.,1.));
#356 = ADVANCED_FACE('',(#357,#368,#379,#390,#401,#435),#446,.F.);
#357 = FACE_BOUND('',#358,.F.);
#358 = EDGE_LOOP('',(#359,#360,#361,#367));
#359 = ORIENTED_EDGE('',*,*,#173,.F.);
#360 = ORIENTED_EDGE('',*,*,#203,.T.);
#361 = ORIENTED_EDGE('',*,*,#362,.T.);
#362 = EDGE_CURVE('',#204,#337,#363,.T.);
#363 = LINE('',#364,#365);
#364 = CARTESIAN_POINT('',(110.,-90.,-6.));
#365 = VECTOR('',#366,1.);
#366 = DIRECTION('',(-0.,1.,0.));
#367 = ORIENTED_EDGE('',*,*,#336,.F.);
#368 = FACE_BOUND('',#369,.F.);
#369 = EDGE_LOOP('',(#370));
#370 = ORIENTED_EDGE('',*,*,#371,.F.);
#371 = EDGE_CURVE('',#372,#372,#374,.T.);
#372 = VERTEX_POINT('',#373);
#373 = CARTESIAN_POINT('',(-75.8,-65.,-6.));
#374 = CIRCLE('',#375,4.2);
#375 = AXIS2_PLACEMENT_3D('',#376,#377,#378);
#376 = CARTESIAN_POINT('',(-80.,-65.,-6.));
#377 = DIRECTION('',(0.,0.,1.));
#378 = DIRECTION('',(1.,0.,-0.));
#379 = FACE_BOUND('',#380,.F.);
#380 = EDGE_LOOP('',(#381));
#381 = ORIENTED_EDGE('',*,*,#382,.F.);
#382 = EDGE_CURVE('',#383,#383,#385,.T.);
#383 = VERTEX_POINT('',#384);
#384 = CARTESIAN_POINT('',(84.2,-65.,-6.));
#385 = CIRCLE('',#386,4.2);
#386 = AXIS2_PLACEMENT_3D('',#387,#388,#389);
#387 = CARTESIAN_POINT('',(80.,-65.,-6.));
#388 = DIRECTION('',(0.,0.,1.));
#389 = DIRECTION('',(1.,0.,-0.));
#390 = FACE_BOUND('',#391,.F.);
#391 = EDGE_LOOP('',(#392));
#392 = ORIENTED_EDGE('',*,*,#393,.F.);
#393 = EDGE_CURVE('',#394,#394,#396,.T.);
#394 = VERTEX_POINT('',#395);
#395 = CARTESIAN_POINT('',(-75.8,65.,-6.));
#396 = CIRCLE('',#397,4.2);
#397 = AXIS2_PLACEMENT_3D('',#398,#399,#400);
#398 = CARTESIAN_POINT('',(-80.,65.,-6.));
#399 = DIRECTION('',(0.,0.,1.));
#400 = DIRECTION('',(1.,0.,-0.));
#401 = FACE_BOUND('',#402,.F.);
#402 = EDGE_LOOP('',(#403,#413,#421,#429));
#403 = ORIENTED_EDGE('',*,*,#404,.F.);
#404 = EDGE_CURVE('',#405,#407,#409,.T.);
#405 = VERTEX_POINT('',#406);
#406 = CARTESIAN_POINT('',(-60.,-30.,-6.));
#407 = VERTEX_POINT('',#408);
#408 = CARTESIAN_POINT('',(60.,-30.,-6.));
#409 = LINE('',#410,#411);
#410 = CARTESIAN_POINT('',(-60.,-30.,-6.));
#411 = VECTOR('',#412,1.);
#412 = DIRECTION('',(1.,0.,-0.));
#413 = ORIENTED_EDGE('',*,*,#414,.T.);
#414 = EDGE_CURVE('',#405,#415,#417,.T.);
#415 = VERTEX_POINT('',#416);
#416 = CARTESIAN_POINT('',(-60.,30.,-6.));
#417 = LINE('',#418,#419);
#418 = CARTESIAN_POINT('',(-60.,-30.,-6.));
#419 = VECTOR('',#420,1.);
#420 = DIRECTION('',(-0.,1.,0.));
#421 = ORIENTED_EDGE('',*,*,#422,.T.);
#422 = EDGE_CURVE('',#415,#423,#425,.T.);
#423 = VERTEX_POINT('',#424);
#424 = CARTESIAN_POINT('',(60.,30.,-6.));
#425 = LINE('',#426,#427);
#426 = CARTESIAN_POINT('',(-60.,30.,-6.));
#427 = VECTOR('',#428,1.);
#428 = DIRECTION('',(1.,0.,-0.));
#429 = ORIENTED_EDGE('',*,*,#430,.F.);
#430 = EDGE_CURVE('',#407,#423,#431,.T.);
#431 = LINE('',#432,#433);
#432 = CARTESIAN_POINT('',(60.,-30.,-6.));
#433 = VECTOR('',#434,1.);
#434 = DIRECTION('',(-0.,1.,0.));
#435 = FACE_BOUND('',#436,.F.);
#436 = EDGE_LOOP('',(#437));
#437 = ORIENTED_EDGE('',*,*,#438,.F.);
#438 = EDGE_CURVE('',#439,#439,#441,.T.);
#439 = VERTEX_POINT('',#440);
#440 = CARTESIAN_POINT('',(84.2,65.,-6.));
#441 = CIRCLE('',#442,4.2);
#442 = AXIS2_PLACEMENT_3D('',#443,#444,#445);
#443 = CARTESIAN_POINT('',(80.,65.,-6.));
#444 = DIRECTION('',(0.,0.,1.));
#445 = DIRECTION('',(1.,0.,-0.));
#446 = PLANE('',#447);
#447 = AXIS2_PLACEMENT_3D('',#448,#449,#450);
#448 = CARTESIAN_POINT('',(-110.,-90.,-6.));
#449 = DIRECTION('',(0.,0.,1.));
#450 = DIRECTION('',(1.,0.,-0.));
#451 = ADVANCED_FACE('',(#452),#458,.T.);
#452 = FACE_BOUND('',#453,.T.);
#453 = EDGE_LOOP('',(#454,#455,#456,#457));
#454 = ORIENTED_EDGE('',*,*,#220,.F.);
#455 = ORIENTED_EDGE('',*,*,#362,.T.);
#456 = ORIENTED_EDGE('',*,*,#346,.T.);
#457 = ORIENTED_EDGE('',*,*,#236,.F.);
#458 = PLANE('',#459);
#459 = AXIS2_PLACEMENT_3D('',#460,#461,#462);
#460 = CARTESIAN_POINT('',(110.,-90.,-6.));
#461 = DIRECTION('',(1.,0.,-0.));
#462 = DIRECTION('',(0.,0.,1.));
#463 = ADVANCED_FACE('',(#464),#475,.F.);
#464 = FACE_BOUND('',#465,.F.);
#465 = EDGE_LOOP('',(#466,#467,#473,#474));
#466 = ORIENTED_EDGE('',*,*,#252,.F.);
#467 = ORIENTED_EDGE('',*,*,#468,.F.);
#468 = EDGE_CURVE('',#372,#253,#469,.T.);
#469 = LINE('',#470,#471);
#470 = CARTESIAN_POINT('',(-75.8,-65.,-6.));
#471 = VECTOR('',#472,1.);
#472 = DIRECTION('',(0.,0.,1.));
#473 = ORIENTED_EDGE('',*,*,#371,.T.);
#474 = ORIENTED_EDGE('',*,*,#468,.T.);
#475 = CYLINDRICAL_SURFACE('',#476,4.2);
#476 = AXIS2_PLACEMENT_3D('',#477,#478,#479);
#477 = CARTESIAN_POINT('',(-80.,-65.,-6.));
#478 = DIRECTION('',(0.,0.,1.));
#479 = DIRECTION('',(1.,0.,-0.));
#480 = ADVANCED_FACE('',(#481),#492,.F.);
#481 = FACE_BOUND('',#482,.F.);
#482 = EDGE_LOOP('',(#483,#484,#490,#491));
#483 = ORIENTED_EDGE('',*,*,#263,.F.);
#484 = ORIENTED_EDGE('',*,*,#485,.F.);
#485 = EDGE_CURVE('',#383,#264,#486,.T.);
#486 = LINE('',#487,#488);
#487 = CARTESIAN_POINT('',(84.2,-65.,-6.));
#488 = VECTOR('',#489,1.);
#489 = DIRECTION('',(0.,0.,1.));
#490 = ORIENTED_EDGE('',*,*,#382,.T.);
#491 = ORIENTED_EDGE('',*,*,#485,.T.);
#492 = CYLINDRICAL_SURFACE('',#493,4.2);
#493 = AXIS2_PLACEMENT_3D('',#494,#495,#496);
#494 = CARTESIAN_POINT('',(80.,-65.,-6.));
#495 = DIRECTION('',(0.,0.,1.));
#496 = DIRECTION('',(1.,0.,-0.));
#497 = ADVANCED_FACE('',(#498),#509,.F.);
#498 = FACE_BOUND('',#499,.F.);
#499 = EDGE_LOOP('',(#500,#501,#507,#508));
#500 = ORIENTED_EDGE('',*,*,#274,.F.);
#501 = ORIENTED_EDGE('',*,*,#502,.F.);
#502 = EDGE_CURVE('',#394,#275,#503,.T.);
#503 = LINE('',#504,#505);
#504 = CARTESIAN_POINT('',(-75.8,65.,-6.));
#505 = VECTOR('',#506,1.);
#506 = DIRECTION('',(0.,0.,1.));
#507 = ORIENTED_EDGE('',*,*,#393,.T.);
#508 = ORIENTED_EDGE('',*,*,#502,.T.);
#509 = CYLINDRICAL_SURFACE('',#510,4.2);
#510 = AXIS2_PLACEMENT_3D('',#511,#512,#513);
#511 = CARTESIAN_POINT('',(-80.,65.,-6.));
#512 = DIRECTION('',(0.,0.,1.));
#513 = DIRECTION('',(1.,0.,-0.));
#514 = ADVANCED_FACE('',(#515),#531,.T.);
#515 = FACE_BOUND('',#516,.T.);
#516 = EDGE_LOOP('',(#517,#518,#524,#525));
#517 = ORIENTED_EDGE('',*,*,#404,.F.);
#518 = ORIENTED_EDGE('',*,*,#519,.T.);
#519 = EDGE_CURVE('',#405,#286,#520,.T.);
#520 = LINE('',#521,#522);
#521 = CARTESIAN_POINT('',(-60.,-30.,-6.));
#522 = VECTOR('',#523,1.);
#523 = DIRECTION('',(0.,0.,1.));
#524 = ORIENTED_EDGE('',*,*,#285,.T.);
#525 = ORIENTED_EDGE('',*,*,#526,.F.);
#526 = EDGE_CURVE('',#407,#288,#527,.T.);
#527 = LINE('',#528,#529);
#528 = CARTESIAN_POINT('',(60.,-30.,-6.));
#529 = VECTOR('',#530,1.);
#530 = DIRECTION('',(0.,0.,1.));
#531 = PLANE('',#532);
#532 = AXIS2_PLACEMENT_3D('',#533,#534,#535);
#533 = CARTESIAN_POINT('',(-60.,-30.,-6.));
#534 = DIRECTION('',(-0.,1.,0.));
#535 = DIRECTION('',(0.,0.,1.));
#536 = ADVANCED_FACE('',(#537),#548,.F.);
#537 = FACE_BOUND('',#538,.F.);
#538 = EDGE_LOOP('',(#539,#540,#541,#547));
#539 = ORIENTED_EDGE('',*,*,#526,.F.);
#540 = ORIENTED_EDGE('',*,*,#430,.T.);
#541 = ORIENTED_EDGE('',*,*,#542,.T.);
#542 = EDGE_CURVE('',#423,#304,#543,.T.);
#543 = LINE('',#544,#545);
#544 = CARTESIAN_POINT('',(60.,30.,-6.));
#545 = VECTOR('',#546,1.);
#546 = DIRECTION('',(0.,0.,1.));
#547 = ORIENTED_EDGE('',*,*,#311,.F.);
#548 = PLANE('',#549);
#549 = AXIS2_PLACEMENT_3D('',#550,#551,#552);
#550 = CARTESIAN_POINT('',(60.,-30.,-6.));
#551 = DIRECTION('',(1.,0.,-0.));
#552 = DIRECTION('',(0.,0.,1.));
#553 = ADVANCED_FACE('',(#554),#565,.F.);
#554 = FACE_BOUND('',#555,.F.);
#555 = EDGE_LOOP('',(#556,#557,#563,#564));
#556 = ORIENTED_EDGE('',*,*,#422,.F.);
#557 = ORIENTED_EDGE('',*,*,#558,.T.);
#558 = EDGE_CURVE('',#415,#296,#559,.T.);
#559 = LINE('',#560,#561);
#560 = CARTESIAN_POINT('',(-60.,30.,-6.));
#561 = VECTOR('',#562,1.);
#562 = DIRECTION('',(0.,0.,1.));
#563 = ORIENTED_EDGE('',*,*,#303,.T.);
#564 = ORIENTED_EDGE('',*,*,#542,.F.);
#565 = PLANE('',#566);
#566 = AXIS2_PLACEMENT_3D('',#567,#568,#569);
#567 = CARTESIAN_POINT('',(-60.,30.,-6.));
#568 = DIRECTION('',(-0.,1.,0.));
#569 = DIRECTION('',(0.,0.,1.));
#570 = ADVANCED_FACE('',(#571),#577,.T.);
#571 = FACE_BOUND('',#572,.T.);
#572 = EDGE_LOOP('',(#573,#574,#575,#576));
#573 = ORIENTED_EDGE('',*,*,#519,.F.);
#574 = ORIENTED_EDGE('',*,*,#414,.T.);
#575 = ORIENTED_EDGE('',*,*,#558,.T.);
#576 = ORIENTED_EDGE('',*,*,#295,.F.);
#577 = PLANE('',#578);
#578 = AXIS2_PLACEMENT_3D('',#579,#580,#581);
#579 = CARTESIAN_POINT('',(-60.,-30.,-6.));
#580 = DIRECTION('',(1.,0.,-0.));
#581 = DIRECTION('',(0.,0.,1.));
#582 = ADVANCED_FACE('',(#583),#594,.F.);
#583 = FACE_BOUND('',#584,.F.);
#584 = EDGE_LOOP('',(#585,#586,#592,#593));
#585 = ORIENTED_EDGE('',*,*,#319,.F.);
#586 = ORIENTED_EDGE('',*,*,#587,.F.);
#587 = EDGE_CURVE('',#439,#320,#588,.T.);
#588 = LINE('',#589,#590);
#589 = CARTESIAN_POINT('',(84.2,65.,-6.));
#590 = VECTOR('',#591,1.);
#591 = DIRECTION('',(0.,0.,1.));
#592 = ORIENTED_EDGE('',*,*,#438,.T.);
#593 = ORIENTED_EDGE('',*,*,#587,.T.);
#594 = CYLINDRICAL_SURFACE('',#595,4.2);
#595 = AXIS2_PLACEMENT_3D('',#596,#597,#598);
#596 = CARTESIAN_POINT('',(80.,65.,-6.));
#597 = DIRECTION('',(0.,0.,1.));
#598 = DIRECTION('',(1.,0.,-0.));
#599 = ( GEOMETRIC_REPRESENTATION_CONTEXT(3) 
GLOBAL_UNCERTAINTY_ASSIGNED_CONTEXT((#603)) GLOBAL_UNIT_ASSIGNED_CONTEXT
((#600,#601,#602)) REPRESENTATION_CONTEXT('Context #1',
  '3D Context with UNIT and UNCERTAINTY') );
#600 = ( LENGTH_UNIT() NAMED_UNIT(*) SI_UNIT(.MILLI.,.METRE.) );
#601 = ( NAMED_UNIT(*) PLANE_ANGLE_UNIT() SI_UNIT($,.RADIAN.) );
#602 = ( NAMED_UNIT(*) SI_UNIT($,.STERADIAN.) SOLID_ANGLE_UNIT() );
#603 = UNCERTAINTY_MEASURE_WITH_UNIT(LENGTH_MEASURE(1.E-07),#600,
  'distance_accuracy_value','confusion accuracy');
#604 = CONTEXT_DEPENDENT_SHAPE_REPRESENTATION(#605,#607);
#605 = ( REPRESENTATION_RELATIONSHIP('','',#156,#10) 
REPRESENTATION_RELATIONSHIP_WITH_TRANSFORMATION(#606) 
SHAPE_REPRESENTATION_RELATIONSHIP() );
#606 = ITEM_DEFINED_TRANSFORMATION('','',#11,#15);
#607 = PRODUCT_DEFINITION_SHAPE('Placement','Placement of an item',#608
  );
#608 = NEXT_ASSEMBLY_USAGE_OCCURRENCE('1','1_挂架上板','',#5,#151,$
  );
#609 = PRODUCT_RELATED_PRODUCT_CATEGORY('part',$,(#153));
#610 = SHAPE_DEFINITION_REPRESENTATION(#611,#617);
#611 = PRODUCT_DEFINITION_SHAPE('','',#612);
#612 = PRODUCT_DEFINITION('design','',#613,#616);
#613 = PRODUCT_DEFINITION_FORMATION('','',#614);
#614 = PRODUCT(
  '11_快拆接口(卡口式, 含12芯弹簧针电连接器)',
  '11_快拆接口(卡口式, 含12芯弹簧针电连接器)','',(#615)
  );
#615 = PRODUCT_CONTEXT('',#2,'mechanical');
#616 = PRODUCT_DEFINITION_CONTEXT('part definition',#2,'design');
#617 = SHAPE_REPRESENTATION('',(#11,#618,#1269),#1367);
#618 = MANIFOLD_SOLID_BREP('',#619);
#619 = CLOSED_SHELL('',(#620,#670,#702,#797,#828,#852,#876,#967,#985,
    #1003,#1028,#1041,#1072,#1096,#1120,#1151,#1175,#1199,#1211,#1228,
    #1245,#1257));
#620 = ADVANCED_FACE('',(#621),#665,.T.);
#621 = FACE_BOUND('',#622,.T.);
#622 = EDGE_LOOP('',(#623,#634,#643,#651,#659));
#623 = ORIENTED_EDGE('',*,*,#624,.T.);
#624 = EDGE_CURVE('',#625,#627,#629,.T.);
#625 = VERTEX_POINT('',#626);
#626 = CARTESIAN_POINT('',(31.606961258559,-4.999999999999,20.));
#627 = VERTEX_POINT('',#628);
#628 = CARTESIAN_POINT('',(32.,-7.837739514543E-15,20.));
#629 = CIRCLE('',#630,32.);
#630 = AXIS2_PLACEMENT_3D('',#631,#632,#633);
#631 = CARTESIAN_POINT('',(0.,0.,20.));
#632 = DIRECTION('',(0.,0.,1.));
#633 = DIRECTION('',(1.,0.,-0.));
#634 = ORIENTED_EDGE('',*,*,#635,.T.);
#635 = EDGE_CURVE('',#627,#636,#638,.T.);
#636 = VERTEX_POINT('',#637);
#637 = CARTESIAN_POINT('',(31.606961258559,4.999999999999,20.));
#638 = CIRCLE('',#639,32.);
#639 = AXIS2_PLACEMENT_3D('',#640,#641,#642);
#640 = CARTESIAN_POINT('',(0.,0.,20.));
#641 = DIRECTION('',(0.,0.,1.));
#642 = DIRECTION('',(1.,0.,-0.));
#643 = ORIENTED_EDGE('',*,*,#644,.F.);
#644 = EDGE_CURVE('',#645,#636,#647,.T.);
#645 = VERTEX_POINT('',#646);
#646 = CARTESIAN_POINT('',(30.,5.,20.));
#647 = LINE('',#648,#649);
#648 = CARTESIAN_POINT('',(30.,5.,20.));
#649 = VECTOR('',#650,1.);
#650 = DIRECTION('',(1.,0.,0.));
#651 = ORIENTED_EDGE('',*,*,#652,.F.);
#652 = EDGE_CURVE('',#653,#645,#655,.T.);
#653 = VERTEX_POINT('',#654);
#654 = CARTESIAN_POINT('',(30.,-5.,20.));
#655 = LINE('',#656,#657);
#656 = CARTESIAN_POINT('',(30.,-5.,20.));
#657 = VECTOR('',#658,1.);
#658 = DIRECTION('',(0.,1.,0.));
#659 = ORIENTED_EDGE('',*,*,#660,.T.);
#660 = EDGE_CURVE('',#653,#625,#661,.T.);
#661 = LINE('',#662,#663);
#662 = CARTESIAN_POINT('',(30.,-5.,20.));
#663 = VECTOR('',#664,1.);
#664 = DIRECTION('',(1.,0.,0.));
#665 = PLANE('',#666);
#666 = AXIS2_PLACEMENT_3D('',#667,#668,#669);
#667 = CARTESIAN_POINT('',(0.,0.,20.));
#668 = DIRECTION('',(0.,0.,1.));
#669 = DIRECTION('',(1.,0.,-0.));
#670 = ADVANCED_FACE('',(#671),#697,.T.);
#671 = FACE_BOUND('',#672,.T.);
#672 = EDGE_LOOP('',(#673,#674,#682,#690,#696));
#673 = ORIENTED_EDGE('',*,*,#624,.F.);
#674 = ORIENTED_EDGE('',*,*,#675,.T.);
#675 = EDGE_CURVE('',#625,#676,#678,.T.);
#676 = VERTEX_POINT('',#677);
#677 = CARTESIAN_POINT('',(44.,-5.,20.));
#678 = LINE('',#679,#680);
#679 = CARTESIAN_POINT('',(30.,-5.,20.));
#680 = VECTOR('',#681,1.);
#681 = DIRECTION('',(1.,0.,0.));
#682 = ORIENTED_EDGE('',*,*,#683,.T.);
#683 = EDGE_CURVE('',#676,#684,#686,.T.);
#684 = VERTEX_POINT('',#685);
#685 = CARTESIAN_POINT('',(44.,5.,20.));
#686 = LINE('',#687,#688);
#687 = CARTESIAN_POINT('',(44.,-5.,20.));
#688 = VECTOR('',#689,1.);
#689 = DIRECTION('',(0.,1.,0.));
#690 = ORIENTED_EDGE('',*,*,#691,.F.);
#691 = EDGE_CURVE('',#636,#684,#692,.T.);
#692 = LINE('',#693,#694);
#693 = CARTESIAN_POINT('',(30.,5.,20.));
#694 = VECTOR('',#695,1.);
#695 = DIRECTION('',(1.,0.,0.));
#696 = ORIENTED_EDGE('',*,*,#635,.F.);
#697 = PLANE('',#698);
#698 = AXIS2_PLACEMENT_3D('',#699,#700,#701);
#699 = CARTESIAN_POINT('',(30.,-5.,20.));
#700 = DIRECTION('',(0.,0.,1.));
#701 = DIRECTION('',(1.,0.,0.));
#702 = ADVANCED_FACE('',(#703,#781),#792,.T.);
#703 = FACE_BOUND('',#704,.T.);
#704 = EDGE_LOOP('',(#705,#706,#707,#708,#717,#725,#733,#741,#750,#758,
    #766,#774));
#705 = ORIENTED_EDGE('',*,*,#660,.F.);
#706 = ORIENTED_EDGE('',*,*,#652,.T.);
#707 = ORIENTED_EDGE('',*,*,#644,.T.);
#708 = ORIENTED_EDGE('',*,*,#709,.T.);
#709 = EDGE_CURVE('',#636,#710,#712,.T.);
#710 = VERTEX_POINT('',#711);
#711 = CARTESIAN_POINT('',(-11.47335361035,29.872431386342,20.));
#712 = CIRCLE('',#713,32.);
#713 = AXIS2_PLACEMENT_3D('',#714,#715,#716);
#714 = CARTESIAN_POINT('',(0.,0.,20.));
#715 = DIRECTION('',(0.,0.,1.));
#716 = DIRECTION('',(1.,0.,-0.));
#717 = ORIENTED_EDGE('',*,*,#718,.F.);
#718 = EDGE_CURVE('',#719,#710,#721,.T.);
#719 = VERTEX_POINT('',#720);
#720 = CARTESIAN_POINT('',(-10.66987298107,28.480762113533,20.));
#721 = LINE('',#722,#723);
#722 = CARTESIAN_POINT('',(-10.66987298107,28.480762113533,20.));
#723 = VECTOR('',#724,1.);
#724 = DIRECTION('',(-0.5,0.866025403784,0.));
#725 = ORIENTED_EDGE('',*,*,#726,.T.);
#726 = EDGE_CURVE('',#719,#727,#729,.T.);
#727 = VERTEX_POINT('',#728);
#728 = CARTESIAN_POINT('',(-19.33012701892,23.480762113533,20.));
#729 = LINE('',#730,#731);
#730 = CARTESIAN_POINT('',(-10.66987298107,28.480762113533,20.));
#731 = VECTOR('',#732,1.);
#732 = DIRECTION('',(-0.866025403784,-0.5,0.));
#733 = ORIENTED_EDGE('',*,*,#734,.T.);
#734 = EDGE_CURVE('',#727,#735,#737,.T.);
#735 = VERTEX_POINT('',#736);
#736 = CARTESIAN_POINT('',(-20.1336076482,24.872431386342,20.));
#737 = LINE('',#738,#739);
#738 = CARTESIAN_POINT('',(-19.33012701892,23.480762113533,20.));
#739 = VECTOR('',#740,1.);
#740 = DIRECTION('',(-0.5,0.866025403784,0.));
#741 = ORIENTED_EDGE('',*,*,#742,.T.);
#742 = EDGE_CURVE('',#735,#743,#745,.T.);
#743 = VERTEX_POINT('',#744);
#744 = CARTESIAN_POINT('',(-20.1336076482,-24.87243138634,20.));
#745 = CIRCLE('',#746,32.);
#746 = AXIS2_PLACEMENT_3D('',#747,#748,#749);
#747 = CARTESIAN_POINT('',(0.,0.,20.));
#748 = DIRECTION('',(0.,0.,1.));
#749 = DIRECTION('',(1.,0.,-0.));
#750 = ORIENTED_EDGE('',*,*,#751,.F.);
#751 = EDGE_CURVE('',#752,#743,#754,.T.);
#752 = VERTEX_POINT('',#753);
#753 = CARTESIAN_POINT('',(-19.33012701892,-23.48076211353,20.));
#754 = LINE('',#755,#756);
#755 = CARTESIAN_POINT('',(-19.33012701892,-23.48076211353,20.));
#756 = VECTOR('',#757,1.);
#757 = DIRECTION('',(-0.5,-0.866025403784,0.));
#758 = ORIENTED_EDGE('',*,*,#759,.T.);
#759 = EDGE_CURVE('',#752,#760,#762,.T.);
#760 = VERTEX_POINT('',#761);
#761 = CARTESIAN_POINT('',(-10.66987298107,-28.48076211353,20.));
#762 = LINE('',#763,#764);
#763 = CARTESIAN_POINT('',(-19.33012701892,-23.48076211353,20.));
#764 = VECTOR('',#765,1.);
#765 = DIRECTION('',(0.866025403784,-0.5,0.));
#766 = ORIENTED_EDGE('',*,*,#767,.T.);
#767 = EDGE_CURVE('',#760,#768,#770,.T.);
#768 = VERTEX_POINT('',#769);
#769 = CARTESIAN_POINT('',(-11.47335361035,-29.87243138634,20.));
#770 = LINE('',#771,#772);
#771 = CARTESIAN_POINT('',(-10.66987298107,-28.48076211353,20.));
#772 = VECTOR('',#773,1.);
#773 = DIRECTION('',(-0.5,-0.866025403784,0.));
#774 = ORIENTED_EDGE('',*,*,#775,.T.);
#775 = EDGE_CURVE('',#768,#625,#776,.T.);
#776 = CIRCLE('',#777,32.);
#777 = AXIS2_PLACEMENT_3D('',#778,#779,#780);
#778 = CARTESIAN_POINT('',(0.,0.,20.));
#779 = DIRECTION('',(0.,0.,1.));
#780 = DIRECTION('',(1.,0.,-0.));
#781 = FACE_BOUND('',#782,.T.);
#782 = EDGE_LOOP('',(#783));
#783 = ORIENTED_EDGE('',*,*,#784,.F.);
#784 = EDGE_CURVE('',#785,#785,#787,.T.);
#785 = VERTEX_POINT('',#786);
#786 = CARTESIAN_POINT('',(24.,-5.878304635907E-15,20.));
#787 = CIRCLE('',#788,24.);
#788 = AXIS2_PLACEMENT_3D('',#789,#790,#791);
#789 = CARTESIAN_POINT('',(0.,0.,20.));
#790 = DIRECTION('',(0.,0.,1.));
#791 = DIRECTION('',(1.,0.,-0.));
#792 = PLANE('',#793);
#793 = AXIS2_PLACEMENT_3D('',#794,#795,#796);
#794 = CARTESIAN_POINT('',(0.,0.,20.));
#795 = DIRECTION('',(0.,0.,1.));
#796 = DIRECTION('',(1.,0.,-0.));
#797 = ADVANCED_FACE('',(#798),#823,.T.);
#798 = FACE_BOUND('',#799,.T.);
#799 = EDGE_LOOP('',(#800,#810,#816,#817));
#800 = ORIENTED_EDGE('',*,*,#801,.F.);
#801 = EDGE_CURVE('',#802,#804,#806,.T.);
#802 = VERTEX_POINT('',#803);
#803 = CARTESIAN_POINT('',(31.606961258558,5.,16.));
#804 = VERTEX_POINT('',#805);
#805 = CARTESIAN_POINT('',(44.,5.,16.));
#806 = LINE('',#807,#808);
#807 = CARTESIAN_POINT('',(30.,5.,16.));
#808 = VECTOR('',#809,1.);
#809 = DIRECTION('',(1.,0.,0.));
#810 = ORIENTED_EDGE('',*,*,#811,.T.);
#811 = EDGE_CURVE('',#802,#636,#812,.T.);
#812 = LINE('',#813,#814);
#813 = CARTESIAN_POINT('',(31.606961258558,5.,12.));
#814 = VECTOR('',#815,1.);
#815 = DIRECTION('',(0.,0.,1.));
#816 = ORIENTED_EDGE('',*,*,#691,.T.);
#817 = ORIENTED_EDGE('',*,*,#818,.F.);
#818 = EDGE_CURVE('',#804,#684,#819,.T.);
#819 = LINE('',#820,#821);
#820 = CARTESIAN_POINT('',(44.,5.,16.));
#821 = VECTOR('',#822,1.);
#822 = DIRECTION('',(0.,0.,1.));
#823 = PLANE('',#824);
#824 = AXIS2_PLACEMENT_3D('',#825,#826,#827);
#825 = CARTESIAN_POINT('',(30.,5.,16.));
#826 = DIRECTION('',(0.,1.,0.));
#827 = DIRECTION('',(0.,0.,1.));
#828 = ADVANCED_FACE('',(#829),#847,.T.);
#829 = FACE_BOUND('',#830,.T.);
#830 = EDGE_LOOP('',(#831,#839,#845,#846));
#831 = ORIENTED_EDGE('',*,*,#832,.F.);
#832 = EDGE_CURVE('',#833,#676,#835,.T.);
#833 = VERTEX_POINT('',#834);
#834 = CARTESIAN_POINT('',(44.,-5.,16.));
#835 = LINE('',#836,#837);
#836 = CARTESIAN_POINT('',(44.,-5.,16.));
#837 = VECTOR('',#838,1.);
#838 = DIRECTION('',(0.,0.,1.));
#839 = ORIENTED_EDGE('',*,*,#840,.T.);
#840 = EDGE_CURVE('',#833,#804,#841,.T.);
#841 = LINE('',#842,#843);
#842 = CARTESIAN_POINT('',(44.,-5.,16.));
#843 = VECTOR('',#844,1.);
#844 = DIRECTION('',(0.,1.,0.));
#845 = ORIENTED_EDGE('',*,*,#818,.T.);
#846 = ORIENTED_EDGE('',*,*,#683,.F.);
#847 = PLANE('',#848);
#848 = AXIS2_PLACEMENT_3D('',#849,#850,#851);
#849 = CARTESIAN_POINT('',(44.,-5.,16.));
#850 = DIRECTION('',(1.,0.,0.));
#851 = DIRECTION('',(0.,0.,1.));
#852 = ADVANCED_FACE('',(#853),#871,.F.);
#853 = FACE_BOUND('',#854,.F.);
#854 = EDGE_LOOP('',(#855,#863,#869,#870));
#855 = ORIENTED_EDGE('',*,*,#856,.F.);
#856 = EDGE_CURVE('',#857,#833,#859,.T.);
#857 = VERTEX_POINT('',#858);
#858 = CARTESIAN_POINT('',(31.606961258558,-5.,16.));
#859 = LINE('',#860,#861);
#860 = CARTESIAN_POINT('',(30.,-5.,16.));
#861 = VECTOR('',#862,1.);
#862 = DIRECTION('',(1.,0.,0.));
#863 = ORIENTED_EDGE('',*,*,#864,.T.);
#864 = EDGE_CURVE('',#857,#625,#865,.T.);
#865 = LINE('',#866,#867);
#866 = CARTESIAN_POINT('',(31.606961258558,-5.,12.));
#867 = VECTOR('',#868,1.);
#868 = DIRECTION('',(0.,0.,1.));
#869 = ORIENTED_EDGE('',*,*,#675,.T.);
#870 = ORIENTED_EDGE('',*,*,#832,.F.);
#871 = PLANE('',#872);
#872 = AXIS2_PLACEMENT_3D('',#873,#874,#875);
#873 = CARTESIAN_POINT('',(30.,-5.,16.));
#874 = DIRECTION('',(0.,1.,0.));
#875 = DIRECTION('',(0.,0.,1.));
#876 = ADVANCED_FACE('',(#877),#962,.T.);
#877 = FACE_BOUND('',#878,.T.);
#878 = EDGE_LOOP('',(#879,#880,#881,#890,#898,#905,#906,#913,#914,#915,
    #923,#932,#938,#939,#947,#956));
#879 = ORIENTED_EDGE('',*,*,#709,.F.);
#880 = ORIENTED_EDGE('',*,*,#811,.F.);
#881 = ORIENTED_EDGE('',*,*,#882,.F.);
#882 = EDGE_CURVE('',#883,#802,#885,.T.);
#883 = VERTEX_POINT('',#884);
#884 = CARTESIAN_POINT('',(32.,-7.837739514543E-15,16.));
#885 = CIRCLE('',#886,32.);
#886 = AXIS2_PLACEMENT_3D('',#887,#888,#889);
#887 = CARTESIAN_POINT('',(0.,0.,16.));
#888 = DIRECTION('',(0.,0.,1.));
#889 = DIRECTION('',(1.,0.,-0.));
#890 = ORIENTED_EDGE('',*,*,#891,.F.);
#891 = EDGE_CURVE('',#892,#883,#894,.T.);
#892 = VERTEX_POINT('',#893);
#893 = CARTESIAN_POINT('',(32.,-7.837739514543E-15,12.));
#894 = LINE('',#895,#896);
#895 = CARTESIAN_POINT('',(32.,-7.837739514543E-15,12.));
#896 = VECTOR('',#897,1.);
#897 = DIRECTION('',(0.,0.,1.));
#898 = ORIENTED_EDGE('',*,*,#899,.T.);
#899 = EDGE_CURVE('',#892,#892,#900,.T.);
#900 = CIRCLE('',#901,32.);
#901 = AXIS2_PLACEMENT_3D('',#902,#903,#904);
#902 = CARTESIAN_POINT('',(0.,0.,12.));
#903 = DIRECTION('',(0.,0.,1.));
#904 = DIRECTION('',(1.,0.,-0.));
#905 = ORIENTED_EDGE('',*,*,#891,.T.);
#906 = ORIENTED_EDGE('',*,*,#907,.F.);
#907 = EDGE_CURVE('',#857,#883,#908,.T.);
#908 = CIRCLE('',#909,32.);
#909 = AXIS2_PLACEMENT_3D('',#910,#911,#912);
#910 = CARTESIAN_POINT('',(0.,0.,16.));
#911 = DIRECTION('',(0.,0.,1.));
#912 = DIRECTION('',(1.,0.,-0.));
#913 = ORIENTED_EDGE('',*,*,#864,.T.);
#914 = ORIENTED_EDGE('',*,*,#775,.F.);
#915 = ORIENTED_EDGE('',*,*,#916,.F.);
#916 = EDGE_CURVE('',#917,#768,#919,.T.);
#917 = VERTEX_POINT('',#918);
#918 = CARTESIAN_POINT('',(-11.47335361035,-29.87243138634,16.));
#919 = LINE('',#920,#921);
#920 = CARTESIAN_POINT('',(-11.47335361035,-29.87243138634,12.));
#921 = VECTOR('',#922,1.);
#922 = DIRECTION('',(0.,0.,1.));
#923 = ORIENTED_EDGE('',*,*,#924,.F.);
#924 = EDGE_CURVE('',#925,#917,#927,.T.);
#925 = VERTEX_POINT('',#926);
#926 = CARTESIAN_POINT('',(-20.1336076482,-24.87243138634,16.));
#927 = CIRCLE('',#928,32.);
#928 = AXIS2_PLACEMENT_3D('',#929,#930,#931);
#929 = CARTESIAN_POINT('',(0.,0.,16.));
#930 = DIRECTION('',(0.,0.,1.));
#931 = DIRECTION('',(1.,0.,-0.));
#932 = ORIENTED_EDGE('',*,*,#933,.T.);
#933 = EDGE_CURVE('',#925,#743,#934,.T.);
#934 = LINE('',#935,#936);
#935 = CARTESIAN_POINT('',(-20.1336076482,-24.87243138634,12.));
#936 = VECTOR('',#937,1.);
#937 = DIRECTION('',(0.,0.,1.));
#938 = ORIENTED_EDGE('',*,*,#742,.F.);
#939 = ORIENTED_EDGE('',*,*,#940,.F.);
#940 = EDGE_CURVE('',#941,#735,#943,.T.);
#941 = VERTEX_POINT('',#942);
#942 = CARTESIAN_POINT('',(-20.1336076482,24.872431386342,16.));
#943 = LINE('',#944,#945);
#944 = CARTESIAN_POINT('',(-20.1336076482,24.872431386342,12.));
#945 = VECTOR('',#946,1.);
#946 = DIRECTION('',(0.,0.,1.));
#947 = ORIENTED_EDGE('',*,*,#948,.F.);
#948 = EDGE_CURVE('',#949,#941,#951,.T.);
#949 = VERTEX_POINT('',#950);
#950 = CARTESIAN_POINT('',(-11.47335361035,29.872431386342,16.));
#951 = CIRCLE('',#952,32.);
#952 = AXIS2_PLACEMENT_3D('',#953,#954,#955);
#953 = CARTESIAN_POINT('',(0.,0.,16.));
#954 = DIRECTION('',(0.,0.,1.));
#955 = DIRECTION('',(1.,0.,-0.));
#956 = ORIENTED_EDGE('',*,*,#957,.T.);
#957 = EDGE_CURVE('',#949,#710,#958,.T.);
#958 = LINE('',#959,#960);
#959 = CARTESIAN_POINT('',(-11.47335361035,29.872431386342,12.));
#960 = VECTOR('',#961,1.);
#961 = DIRECTION('',(0.,0.,1.));
#962 = CYLINDRICAL_SURFACE('',#963,32.);
#963 = AXIS2_PLACEMENT_3D('',#964,#965,#966);
#964 = CARTESIAN_POINT('',(0.,0.,12.));
#965 = DIRECTION('',(0.,0.,1.));
#966 = DIRECTION('',(1.,0.,-0.));
#967 = ADVANCED_FACE('',(#968),#980,.T.);
#968 = FACE_BOUND('',#969,.T.);
#969 = EDGE_LOOP('',(#970,#977,#978,#979));
#970 = ORIENTED_EDGE('',*,*,#971,.T.);
#971 = EDGE_CURVE('',#743,#768,#972,.T.);
#972 = CIRCLE('',#973,32.);
#973 = AXIS2_PLACEMENT_3D('',#974,#975,#976);
#974 = CARTESIAN_POINT('',(0.,0.,20.));
#975 = DIRECTION('',(0.,0.,1.));
#976 = DIRECTION('',(1.,0.,-0.));
#977 = ORIENTED_EDGE('',*,*,#767,.F.);
#978 = ORIENTED_EDGE('',*,*,#759,.F.);
#979 = ORIENTED_EDGE('',*,*,#751,.T.);
#980 = PLANE('',#981);
#981 = AXIS2_PLACEMENT_3D('',#982,#983,#984);
#982 = CARTESIAN_POINT('',(0.,0.,20.));
#983 = DIRECTION('',(0.,0.,1.));
#984 = DIRECTION('',(1.,0.,-0.));
#985 = ADVANCED_FACE('',(#986),#998,.T.);
#986 = FACE_BOUND('',#987,.T.);
#987 = EDGE_LOOP('',(#988,#989,#996,#997));
#988 = ORIENTED_EDGE('',*,*,#718,.T.);
#989 = ORIENTED_EDGE('',*,*,#990,.T.);
#990 = EDGE_CURVE('',#710,#735,#991,.T.);
#991 = CIRCLE('',#992,32.);
#992 = AXIS2_PLACEMENT_3D('',#993,#994,#995);
#993 = CARTESIAN_POINT('',(0.,0.,20.));
#994 = DIRECTION('',(0.,0.,1.));
#995 = DIRECTION('',(1.,0.,-0.));
#996 = ORIENTED_EDGE('',*,*,#734,.F.);
#997 = ORIENTED_EDGE('',*,*,#726,.F.);
#998 = PLANE('',#999);
#999 = AXIS2_PLACEMENT_3D('',#1000,#1001,#1002);
#1000 = CARTESIAN_POINT('',(0.,0.,20.));
#1001 = DIRECTION('',(0.,0.,1.));
#1002 = DIRECTION('',(1.,0.,-0.));
#1003 = ADVANCED_FACE('',(#1004),#1023,.F.);
#1004 = FACE_BOUND('',#1005,.F.);
#1005 = EDGE_LOOP('',(#1006,#1007,#1015,#1022));
#1006 = ORIENTED_EDGE('',*,*,#784,.F.);
#1007 = ORIENTED_EDGE('',*,*,#1008,.F.);
#1008 = EDGE_CURVE('',#1009,#785,#1011,.T.);
#1009 = VERTEX_POINT('',#1010);
#1010 = CARTESIAN_POINT('',(24.,-5.878304635907E-15,12.));
#1011 = LINE('',#1012,#1013);
#1012 = CARTESIAN_POINT('',(24.,-5.878304635907E-15,12.));
#1013 = VECTOR('',#1014,1.);
#1014 = DIRECTION('',(0.,0.,1.));
#1015 = ORIENTED_EDGE('',*,*,#1016,.T.);
#1016 = EDGE_CURVE('',#1009,#1009,#1017,.T.);
#1017 = CIRCLE('',#1018,24.);
#1018 = AXIS2_PLACEMENT_3D('',#1019,#1020,#1021);
#1019 = CARTESIAN_POINT('',(0.,0.,12.));
#1020 = DIRECTION('',(0.,0.,1.));
#1021 = DIRECTION('',(1.,0.,-0.));
#1022 = ORIENTED_EDGE('',*,*,#1008,.T.);
#1023 = CYLINDRICAL_SURFACE('',#1024,24.);
#1024 = AXIS2_PLACEMENT_3D('',#1025,#1026,#1027);
#1025 = CARTESIAN_POINT('',(0.,0.,12.));
#1026 = DIRECTION('',(0.,0.,1.));
#1027 = DIRECTION('',(1.,0.,-0.));
#1028 = ADVANCED_FACE('',(#1029),#1036,.F.);
#1029 = FACE_BOUND('',#1030,.F.);
#1030 = EDGE_LOOP('',(#1031,#1032,#1033,#1034,#1035));
#1031 = ORIENTED_EDGE('',*,*,#801,.F.);
#1032 = ORIENTED_EDGE('',*,*,#882,.F.);
#1033 = ORIENTED_EDGE('',*,*,#907,.F.);
#1034 = ORIENTED_EDGE('',*,*,#856,.T.);
#1035 = ORIENTED_EDGE('',*,*,#840,.T.);
#1036 = PLANE('',#1037);
#1037 = AXIS2_PLACEMENT_3D('',#1038,#1039,#1040);
#1038 = CARTESIAN_POINT('',(30.,-5.,16.));
#1039 = DIRECTION('',(0.,0.,1.));
#1040 = DIRECTION('',(1.,0.,0.));
#1041 = ADVANCED_FACE('',(#1042),#1067,.F.);
#1042 = FACE_BOUND('',#1043,.F.);
#1043 = EDGE_LOOP('',(#1044,#1052,#1053,#1061));
#1044 = ORIENTED_EDGE('',*,*,#1045,.F.);
#1045 = EDGE_CURVE('',#949,#1046,#1048,.T.);
#1046 = VERTEX_POINT('',#1047);
#1047 = CARTESIAN_POINT('',(-17.66987298107,40.605117766515,16.));
#1048 = LINE('',#1049,#1050);
#1049 = CARTESIAN_POINT('',(-10.66987298107,28.480762113533,16.));
#1050 = VECTOR('',#1051,1.);
#1051 = DIRECTION('',(-0.5,0.866025403784,0.));
#1052 = ORIENTED_EDGE('',*,*,#957,.T.);
#1053 = ORIENTED_EDGE('',*,*,#1054,.T.);
#1054 = EDGE_CURVE('',#710,#1055,#1057,.T.);
#1055 = VERTEX_POINT('',#1056);
#1056 = CARTESIAN_POINT('',(-17.66987298107,40.605117766515,20.));
#1057 = LINE('',#1058,#1059);
#1058 = CARTESIAN_POINT('',(-10.66987298107,28.480762113533,20.));
#1059 = VECTOR('',#1060,1.);
#1060 = DIRECTION('',(-0.5,0.866025403784,0.));
#1061 = ORIENTED_EDGE('',*,*,#1062,.F.);
#1062 = EDGE_CURVE('',#1046,#1055,#1063,.T.);
#1063 = LINE('',#1064,#1065);
#1064 = CARTESIAN_POINT('',(-17.66987298107,40.605117766515,16.));
#1065 = VECTOR('',#1066,1.);
#1066 = DIRECTION('',(0.,0.,1.));
#1067 = PLANE('',#1068);
#1068 = AXIS2_PLACEMENT_3D('',#1069,#1070,#1071);
#1069 = CARTESIAN_POINT('',(-10.66987298107,28.480762113533,16.));
#1070 = DIRECTION('',(-0.866025403784,-0.5,0.));
#1071 = DIRECTION('',(0.,0.,1.));
#1072 = ADVANCED_FACE('',(#1073),#1091,.F.);
#1073 = FACE_BOUND('',#1074,.F.);
#1074 = EDGE_LOOP('',(#1075,#1083,#1084,#1085));
#1075 = ORIENTED_EDGE('',*,*,#1076,.F.);
#1076 = EDGE_CURVE('',#941,#1077,#1079,.T.);
#1077 = VERTEX_POINT('',#1078);
#1078 = CARTESIAN_POINT('',(-26.33012701892,35.605117766515,16.));
#1079 = LINE('',#1080,#1081);
#1080 = CARTESIAN_POINT('',(-19.33012701892,23.480762113533,16.));
#1081 = VECTOR('',#1082,1.);
#1082 = DIRECTION('',(-0.5,0.866025403784,0.));
#1083 = ORIENTED_EDGE('',*,*,#948,.F.);
#1084 = ORIENTED_EDGE('',*,*,#1045,.T.);
#1085 = ORIENTED_EDGE('',*,*,#1086,.T.);
#1086 = EDGE_CURVE('',#1046,#1077,#1087,.T.);
#1087 = LINE('',#1088,#1089);
#1088 = CARTESIAN_POINT('',(-17.66987298107,40.605117766515,16.));
#1089 = VECTOR('',#1090,1.);
#1090 = DIRECTION('',(-0.866025403784,-0.5,0.));
#1091 = PLANE('',#1092);
#1092 = AXIS2_PLACEMENT_3D('',#1093,#1094,#1095);
#1093 = CARTESIAN_POINT('',(-10.66987298107,28.480762113533,16.));
#1094 = DIRECTION('',(0.,0.,1.));
#1095 = DIRECTION('',(-0.5,0.866025403784,0.));
#1096 = ADVANCED_FACE('',(#1097),#1115,.T.);
#1097 = FACE_BOUND('',#1098,.T.);
#1098 = EDGE_LOOP('',(#1099,#1100,#1101,#1109));
#1099 = ORIENTED_EDGE('',*,*,#1076,.F.);
#1100 = ORIENTED_EDGE('',*,*,#940,.T.);
#1101 = ORIENTED_EDGE('',*,*,#1102,.T.);
#1102 = EDGE_CURVE('',#735,#1103,#1105,.T.);
#1103 = VERTEX_POINT('',#1104);
#1104 = CARTESIAN_POINT('',(-26.33012701892,35.605117766515,20.));
#1105 = LINE('',#1106,#1107);
#1106 = CARTESIAN_POINT('',(-19.33012701892,23.480762113533,20.));
#1107 = VECTOR('',#1108,1.);
#1108 = DIRECTION('',(-0.5,0.866025403784,0.));
#1109 = ORIENTED_EDGE('',*,*,#1110,.F.);
#1110 = EDGE_CURVE('',#1077,#1103,#1111,.T.);
#1111 = LINE('',#1112,#1113);
#1112 = CARTESIAN_POINT('',(-26.33012701892,35.605117766515,16.));
#1113 = VECTOR('',#1114,1.);
#1114 = DIRECTION('',(0.,0.,1.));
#1115 = PLANE('',#1116);
#1116 = AXIS2_PLACEMENT_3D('',#1117,#1118,#1119);
#1117 = CARTESIAN_POINT('',(-19.33012701892,23.480762113533,16.));
#1118 = DIRECTION('',(-0.866025403784,-0.5,0.));
#1119 = DIRECTION('',(0.,0.,1.));
#1120 = ADVANCED_FACE('',(#1121),#1146,.F.);
#1121 = FACE_BOUND('',#1122,.F.);
#1122 = EDGE_LOOP('',(#1123,#1131,#1132,#1140));
#1123 = ORIENTED_EDGE('',*,*,#1124,.F.);
#1124 = EDGE_CURVE('',#925,#1125,#1127,.T.);
#1125 = VERTEX_POINT('',#1126);
#1126 = CARTESIAN_POINT('',(-26.33012701892,-35.60511776651,16.));
#1127 = LINE('',#1128,#1129);
#1128 = CARTESIAN_POINT('',(-19.33012701892,-23.48076211353,16.));
#1129 = VECTOR('',#1130,1.);
#1130 = DIRECTION('',(-0.5,-0.866025403784,0.));
#1131 = ORIENTED_EDGE('',*,*,#933,.T.);
#1132 = ORIENTED_EDGE('',*,*,#1133,.T.);
#1133 = EDGE_CURVE('',#743,#1134,#1136,.T.);
#1134 = VERTEX_POINT('',#1135);
#1135 = CARTESIAN_POINT('',(-26.33012701892,-35.60511776651,20.));
#1136 = LINE('',#1137,#1138);
#1137 = CARTESIAN_POINT('',(-19.33012701892,-23.48076211353,20.));
#1138 = VECTOR('',#1139,1.);
#1139 = DIRECTION('',(-0.5,-0.866025403784,0.));
#1140 = ORIENTED_EDGE('',*,*,#1141,.F.);
#1141 = EDGE_CURVE('',#1125,#1134,#1142,.T.);
#1142 = LINE('',#1143,#1144);
#1143 = CARTESIAN_POINT('',(-26.33012701892,-35.60511776651,16.));
#1144 = VECTOR('',#1145,1.);
#1145 = DIRECTION('',(0.,0.,1.));
#1146 = PLANE('',#1147);
#1147 = AXIS2_PLACEMENT_3D('',#1148,#1149,#1150);
#1148 = CARTESIAN_POINT('',(-19.33012701892,-23.48076211353,16.));
#1149 = DIRECTION('',(0.866025403784,-0.5,0.));
#1150 = DIRECTION('',(0.,0.,1.));
#1151 = ADVANCED_FACE('',(#1152),#1170,.F.);
#1152 = FACE_BOUND('',#1153,.F.);
#1153 = EDGE_LOOP('',(#1154,#1162,#1163,#1164));
#1154 = ORIENTED_EDGE('',*,*,#1155,.F.);
#1155 = EDGE_CURVE('',#917,#1156,#1158,.T.);
#1156 = VERTEX_POINT('',#1157);
#1157 = CARTESIAN_POINT('',(-17.66987298107,-40.60511776651,16.));
#1158 = LINE('',#1159,#1160);
#1159 = CARTESIAN_POINT('',(-10.66987298107,-28.48076211353,16.));
#1160 = VECTOR('',#1161,1.);
#1161 = DIRECTION('',(-0.5,-0.866025403784,0.));
#1162 = ORIENTED_EDGE('',*,*,#924,.F.);
#1163 = ORIENTED_EDGE('',*,*,#1124,.T.);
#1164 = ORIENTED_EDGE('',*,*,#1165,.T.);
#1165 = EDGE_CURVE('',#1125,#1156,#1166,.T.);
#1166 = LINE('',#1167,#1168);
#1167 = CARTESIAN_POINT('',(-26.33012701892,-35.60511776651,16.));
#1168 = VECTOR('',#1169,1.);
#1169 = DIRECTION('',(0.866025403784,-0.5,0.));
#1170 = PLANE('',#1171);
#1171 = AXIS2_PLACEMENT_3D('',#1172,#1173,#1174);
#1172 = CARTESIAN_POINT('',(-19.33012701892,-23.48076211353,16.));
#1173 = DIRECTION('',(0.,0.,1.));
#1174 = DIRECTION('',(-0.5,-0.866025403784,0.));
#1175 = ADVANCED_FACE('',(#1176),#1194,.T.);
#1176 = FACE_BOUND('',#1177,.T.);
#1177 = EDGE_LOOP('',(#1178,#1179,#1180,#1188));
#1178 = ORIENTED_EDGE('',*,*,#1155,.F.);
#1179 = ORIENTED_EDGE('',*,*,#916,.T.);
#1180 = ORIENTED_EDGE('',*,*,#1181,.T.);
#1181 = EDGE_CURVE('',#768,#1182,#1184,.T.);
#1182 = VERTEX_POINT('',#1183);
#1183 = CARTESIAN_POINT('',(-17.66987298107,-40.60511776651,20.));
#1184 = LINE('',#1185,#1186);
#1185 = CARTESIAN_POINT('',(-10.66987298107,-28.48076211353,20.));
#1186 = VECTOR('',#1187,1.);
#1187 = DIRECTION('',(-0.5,-0.866025403784,0.));
#1188 = ORIENTED_EDGE('',*,*,#1189,.F.);
#1189 = EDGE_CURVE('',#1156,#1182,#1190,.T.);
#1190 = LINE('',#1191,#1192);
#1191 = CARTESIAN_POINT('',(-17.66987298107,-40.60511776651,16.));
#1192 = VECTOR('',#1193,1.);
#1193 = DIRECTION('',(0.,0.,1.));
#1194 = PLANE('',#1195);
#1195 = AXIS2_PLACEMENT_3D('',#1196,#1197,#1198);
#1196 = CARTESIAN_POINT('',(-10.66987298107,-28.48076211353,16.));
#1197 = DIRECTION('',(0.866025403784,-0.5,0.));
#1198 = DIRECTION('',(0.,0.,1.));
#1199 = ADVANCED_FACE('',(#1200,#1203),#1206,.F.);
#1200 = FACE_BOUND('',#1201,.F.);
#1201 = EDGE_LOOP('',(#1202));
#1202 = ORIENTED_EDGE('',*,*,#899,.T.);
#1203 = FACE_BOUND('',#1204,.F.);
#1204 = EDGE_LOOP('',(#1205));
#1205 = ORIENTED_EDGE('',*,*,#1016,.F.);
#1206 = PLANE('',#1207);
#1207 = AXIS2_PLACEMENT_3D('',#1208,#1209,#1210);
#1208 = CARTESIAN_POINT('',(0.,0.,12.));
#1209 = DIRECTION('',(0.,0.,1.));
#1210 = DIRECTION('',(1.,0.,-0.));
#1211 = ADVANCED_FACE('',(#1212),#1223,.T.);
#1212 = FACE_BOUND('',#1213,.T.);
#1213 = EDGE_LOOP('',(#1214,#1215,#1216,#1222));
#1214 = ORIENTED_EDGE('',*,*,#971,.F.);
#1215 = ORIENTED_EDGE('',*,*,#1133,.T.);
#1216 = ORIENTED_EDGE('',*,*,#1217,.T.);
#1217 = EDGE_CURVE('',#1134,#1182,#1218,.T.);
#1218 = LINE('',#1219,#1220);
#1219 = CARTESIAN_POINT('',(-26.33012701892,-35.60511776651,20.));
#1220 = VECTOR('',#1221,1.);
#1221 = DIRECTION('',(0.866025403784,-0.5,0.));
#1222 = ORIENTED_EDGE('',*,*,#1181,.F.);
#1223 = PLANE('',#1224);
#1224 = AXIS2_PLACEMENT_3D('',#1225,#1226,#1227);
#1225 = CARTESIAN_POINT('',(-19.33012701892,-23.48076211353,20.));
#1226 = DIRECTION('',(0.,0.,1.));
#1227 = DIRECTION('',(-0.5,-0.866025403784,0.));
#1228 = ADVANCED_FACE('',(#1229),#1240,.T.);
#1229 = FACE_BOUND('',#1230,.T.);
#1230 = EDGE_LOOP('',(#1231,#1232,#1233,#1239));
#1231 = ORIENTED_EDGE('',*,*,#990,.F.);
#1232 = ORIENTED_EDGE('',*,*,#1054,.T.);
#1233 = ORIENTED_EDGE('',*,*,#1234,.T.);
#1234 = EDGE_CURVE('',#1055,#1103,#1235,.T.);
#1235 = LINE('',#1236,#1237);
#1236 = CARTESIAN_POINT('',(-17.66987298107,40.605117766515,20.));
#1237 = VECTOR('',#1238,1.);
#1238 = DIRECTION('',(-0.866025403784,-0.5,0.));
#1239 = ORIENTED_EDGE('',*,*,#1102,.F.);
#1240 = PLANE('',#1241);
#1241 = AXIS2_PLACEMENT_3D('',#1242,#1243,#1244);
#1242 = CARTESIAN_POINT('',(-10.66987298107,28.480762113533,20.));
#1243 = DIRECTION('',(0.,0.,1.));
#1244 = DIRECTION('',(-0.5,0.866025403784,0.));
#1245 = ADVANCED_FACE('',(#1246),#1252,.T.);
#1246 = FACE_BOUND('',#1247,.T.);
#1247 = EDGE_LOOP('',(#1248,#1249,#1250,#1251));
#1248 = ORIENTED_EDGE('',*,*,#1062,.F.);
#1249 = ORIENTED_EDGE('',*,*,#1086,.T.);
#1250 = ORIENTED_EDGE('',*,*,#1110,.T.);
#1251 = ORIENTED_EDGE('',*,*,#1234,.F.);
#1252 = PLANE('',#1253);
#1253 = AXIS2_PLACEMENT_3D('',#1254,#1255,#1256);
#1254 = CARTESIAN_POINT('',(-17.66987298107,40.605117766515,16.));
#1255 = DIRECTION('',(-0.5,0.866025403784,0.));
#1256 = DIRECTION('',(0.,0.,1.));
#1257 = ADVANCED_FACE('',(#1258),#1264,.T.);
#1258 = FACE_BOUND('',#1259,.T.);
#1259 = EDGE_LOOP('',(#1260,#1261,#1262,#1263));
#1260 = ORIENTED_EDGE('',*,*,#1141,.F.);
#1261 = ORIENTED_EDGE('',*,*,#1165,.T.);
#1262 = ORIENTED_EDGE('',*,*,#1189,.T.);
#1263 = ORIENTED_EDGE('',*,*,#1217,.F.);
#1264 = PLANE('',#1265);
#1265 = AXIS2_PLACEMENT_3D('',#1266,#1267,#1268);
#1266 = CARTESIAN_POINT('',(-26.33012701892,-35.60511776651,16.));
#1267 = DIRECTION('',(-0.5,-0.866025403784,0.));
#1268 = DIRECTION('',(0.,0.,1.));
#1269 = MANIFOLD_SOLID_BREP('',#1270);
#1270 = CLOSED_SHELL('',(#1271,#1304,#1324,#1333,#1358));
#1271 = ADVANCED_FACE('',(#1272),#1299,.T.);
#1272 = FACE_BOUND('',#1273,.T.);
#1273 = EDGE_LOOP('',(#1274,#1283,#1291,#1298));
#1274 = ORIENTED_EDGE('',*,*,#1275,.F.);
#1275 = EDGE_CURVE('',#1276,#1276,#1278,.T.);
#1276 = VERTEX_POINT('',#1277);
#1277 = CARTESIAN_POINT('',(45.,-1.102182119233E-14,12.));
#1278 = CIRCLE('',#1279,45.);
#1279 = AXIS2_PLACEMENT_3D('',#1280,#1281,#1282);
#1280 = CARTESIAN_POINT('',(0.,0.,12.));
#1281 = DIRECTION('',(0.,0.,1.));
#1282 = DIRECTION('',(1.,0.,-0.));
#1283 = ORIENTED_EDGE('',*,*,#1284,.F.);
#1284 = EDGE_CURVE('',#1285,#1276,#1287,.T.);
#1285 = VERTEX_POINT('',#1286);
#1286 = CARTESIAN_POINT('',(45.,-1.102182119233E-14,0.));
#1287 = LINE('',#1288,#1289);
#1288 = CARTESIAN_POINT('',(45.,-1.102182119233E-14,0.));
#1289 = VECTOR('',#1290,1.);
#1290 = DIRECTION('',(0.,0.,1.));
#1291 = ORIENTED_EDGE('',*,*,#1292,.T.);
#1292 = EDGE_CURVE('',#1285,#1285,#1293,.T.);
#1293 = CIRCLE('',#1294,45.);
#1294 = AXIS2_PLACEMENT_3D('',#1295,#1296,#1297);
#1295 = CARTESIAN_POINT('',(0.,0.,0.));
#1296 = DIRECTION('',(0.,0.,1.));
#1297 = DIRECTION('',(1.,0.,-0.));
#1298 = ORIENTED_EDGE('',*,*,#1284,.T.);
#1299 = CYLINDRICAL_SURFACE('',#1300,45.);
#1300 = AXIS2_PLACEMENT_3D('',#1301,#1302,#1303);
#1301 = CARTESIAN_POINT('',(0.,0.,0.));
#1302 = DIRECTION('',(0.,0.,1.));
#1303 = DIRECTION('',(1.,0.,-0.));
#1304 = ADVANCED_FACE('',(#1305,#1308),#1319,.T.);
#1305 = FACE_BOUND('',#1306,.T.);
#1306 = EDGE_LOOP('',(#1307));
#1307 = ORIENTED_EDGE('',*,*,#1275,.T.);
#1308 = FACE_BOUND('',#1309,.T.);
#1309 = EDGE_LOOP('',(#1310));
#1310 = ORIENTED_EDGE('',*,*,#1311,.F.);
#1311 = EDGE_CURVE('',#1312,#1312,#1314,.T.);
#1312 = VERTEX_POINT('',#1313);
#1313 = CARTESIAN_POINT('',(36.,-8.817456953861E-15,12.));
#1314 = CIRCLE('',#1315,36.);
#1315 = AXIS2_PLACEMENT_3D('',#1316,#1317,#1318);
#1316 = CARTESIAN_POINT('',(0.,0.,12.));
#1317 = DIRECTION('',(0.,0.,1.));
#1318 = DIRECTION('',(1.,0.,-0.));
#1319 = PLANE('',#1320);
#1320 = AXIS2_PLACEMENT_3D('',#1321,#1322,#1323);
#1321 = CARTESIAN_POINT('',(0.,0.,12.));
#1322 = DIRECTION('',(0.,0.,1.));
#1323 = DIRECTION('',(1.,0.,-0.));
#1324 = ADVANCED_FACE('',(#1325),#1328,.F.);
#1325 = FACE_BOUND('',#1326,.T.);
#1326 = EDGE_LOOP('',(#1327));
#1327 = ORIENTED_EDGE('',*,*,#1292,.F.);
#1328 = PLANE('',#1329);
#1329 = AXIS2_PLACEMENT_3D('',#1330,#1331,#1332);
#1330 = CARTESIAN_POINT('',(0.,0.,0.));
#1331 = DIRECTION('',(0.,0.,1.));
#1332 = DIRECTION('',(1.,0.,-0.));
#1333 = ADVANCED_FACE('',(#1334),#1353,.F.);
#1334 = FACE_BOUND('',#1335,.F.);
#1335 = EDGE_LOOP('',(#1336,#1337,#1345,#1352));
#1336 = ORIENTED_EDGE('',*,*,#1311,.F.);
#1337 = ORIENTED_EDGE('',*,*,#1338,.F.);
#1338 = EDGE_CURVE('',#1339,#1312,#1341,.T.);
#1339 = VERTEX_POINT('',#1340);
#1340 = CARTESIAN_POINT('',(36.,-8.817456953861E-15,3.));
#1341 = LINE('',#1342,#1343);
#1342 = CARTESIAN_POINT('',(36.,-8.817456953861E-15,3.));
#1343 = VECTOR('',#1344,1.);
#1344 = DIRECTION('',(0.,0.,1.));
#1345 = ORIENTED_EDGE('',*,*,#1346,.T.);
#1346 = EDGE_CURVE('',#1339,#1339,#1347,.T.);
#1347 = CIRCLE('',#1348,36.);
#1348 = AXIS2_PLACEMENT_3D('',#1349,#1350,#1351);
#1349 = CARTESIAN_POINT('',(0.,0.,3.));
#1350 = DIRECTION('',(0.,0.,1.));
#1351 = DIRECTION('',(1.,0.,-0.));
#1352 = ORIENTED_EDGE('',*,*,#1338,.T.);
#1353 = CYLINDRICAL_SURFACE('',#1354,36.);
#1354 = AXIS2_PLACEMENT_3D('',#1355,#1356,#1357);
#1355 = CARTESIAN_POINT('',(0.,0.,3.));
#1356 = DIRECTION('',(0.,0.,1.));
#1357 = DIRECTION('',(1.,0.,-0.));
#1358 = ADVANCED_FACE('',(#1359),#1362,.T.);
#1359 = FACE_BOUND('',#1360,.F.);
#1360 = EDGE_LOOP('',(#1361));
#1361 = ORIENTED_EDGE('',*,*,#1346,.F.);
#1362 = PLANE('',#1363);
#1363 = AXIS2_PLACEMENT_3D('',#1364,#1365,#1366);
#1364 = CARTESIAN_POINT('',(0.,0.,3.));
#1365 = DIRECTION('',(0.,0.,1.));
#1366 = DIRECTION('',(1.,0.,-0.));
#1367 = ( GEOMETRIC_REPRESENTATION_CONTEXT(3) 
GLOBAL_UNCERTAINTY_ASSIGNED_CONTEXT((#1371)) 
GLOBAL_UNIT_ASSIGNED_CONTEXT((#1368,#1369,#1370)) REPRESENTATION_CONTEXT
('Context #1','3D Context with UNIT and UNCERTAINTY') );
#1368 = ( LENGTH_UNIT() NAMED_UNIT(*) SI_UNIT(.MILLI.,.METRE.) );
#1369 = ( NAMED_UNIT(*) PLANE_ANGLE_UNIT() SI_UNIT($,.RADIAN.) );
#1370 = ( NAMED_UNIT(*) SI_UNIT($,.STERADIAN.) SOLID_ANGLE_UNIT() );
#1371 = UNCERTAINTY_MEASURE_WITH_UNIT(LENGTH_MEASURE(1.E-07),#1368,
  'distance_accuracy_value','confusion accuracy');
#1372 = CONTEXT_DEPENDENT_SHAPE_REPRESENTATION(#1373,#1375);
#1373 = ( REPRESENTATION_RELATIONSHIP('','',#617,#10) 
REPRESENTATION_RELATIONSHIP_WITH_TRANSFORMATION(#1374) 
SHAPE_REPRESENTATION_RELATIONSHIP() );
#1374 = ITEM_DEFINED_TRANSFORMATION('','',#11,#19);
#1375 = PRODUCT_DEFINITION_SHAPE('Placement','Placement of an item',
  #1376);
#1376 = NEXT_ASSEMBLY_USAGE_OCCURRENCE('2',
  '11_快拆接口(卡口式, 含12芯弹簧针电连接器)','',#5,#612
  ,$);
#1377 = PRODUCT_RELATED_PRODUCT_CATEGORY('part',$,(#614));
#1378 = SHAPE_DEFINITION_REPRESENTATION(#1379,#1385);
#1379 = PRODUCT_DEFINITION_SHAPE('','',#1380);
#1380 = PRODUCT_DEFINITION('design','',#1381,#1384);
#1381 = PRODUCT_DEFINITION_FORMATION('','',#1382);
#1382 = PRODUCT('12_减振器1(硅橡胶球形阻尼)',
  '12_减振器1(硅橡胶球形阻尼)','',(#1383));
#1383 = PRODUCT_CONTEXT('',#2,'mechanical');
#1384 = PRODUCT_DEFINITION_CONTEXT('part definition',#2,'design');
#1385 = ADVANCED_BREP_SHAPE_REPRESENTATION('',(#11,#1386),#1439);
#1386 = MANIFOLD_SOLID_BREP('',#1387);
#1387 = CLOSED_SHELL('',(#1388,#1421,#1430));
#1388 = ADVANCED_FACE('',(#1389),#1416,.T.);
#1389 = FACE_BOUND('',#1390,.T.);
#1390 = EDGE_LOOP('',(#1391,#1400,#1408,#1415));
#1391 = ORIENTED_EDGE('',*,*,#1392,.F.);
#1392 = EDGE_CURVE('',#1393,#1393,#1395,.T.);
#1393 = VERTEX_POINT('',#1394);
#1394 = CARTESIAN_POINT('',(91.,65.,-6.));
#1395 = CIRCLE('',#1396,11.);
#1396 = AXIS2_PLACEMENT_3D('',#1397,#1398,#1399);
#1397 = CARTESIAN_POINT('',(80.,65.,-6.));
#1398 = DIRECTION('',(0.,0.,1.));
#1399 = DIRECTION('',(1.,0.,-0.));
#1400 = ORIENTED_EDGE('',*,*,#1401,.F.);
#1401 = EDGE_CURVE('',#1402,#1393,#1404,.T.);
#1402 = VERTEX_POINT('',#1403);
#1403 = CARTESIAN_POINT('',(91.,65.,-46.));
#1404 = LINE('',#1405,#1406);
#1405 = CARTESIAN_POINT('',(91.,65.,-46.));
#1406 = VECTOR('',#1407,1.);
#1407 = DIRECTION('',(0.,0.,1.));
#1408 = ORIENTED_EDGE('',*,*,#1409,.T.);
#1409 = EDGE_CURVE('',#1402,#1402,#1410,.T.);
#1410 = CIRCLE('',#1411,11.);
#1411 = AXIS2_PLACEMENT_3D('',#1412,#1413,#1414);
#1412 = CARTESIAN_POINT('',(80.,65.,-46.));
#1413 = DIRECTION('',(0.,0.,1.));
#1414 = DIRECTION('',(1.,0.,-0.));
#1415 = ORIENTED_EDGE('',*,*,#1401,.T.);
#1416 = CYLINDRICAL_SURFACE('',#1417,11.);
#1417 = AXIS2_PLACEMENT_3D('',#1418,#1419,#1420);
#1418 = CARTESIAN_POINT('',(80.,65.,-46.));
#1419 = DIRECTION('',(0.,0.,1.));
#1420 = DIRECTION('',(1.,0.,-0.));
#1421 = ADVANCED_FACE('',(#1422),#1425,.T.);
#1422 = FACE_BOUND('',#1423,.T.);
#1423 = EDGE_LOOP('',(#1424));
#1424 = ORIENTED_EDGE('',*,*,#1392,.T.);
#1425 = PLANE('',#1426);
#1426 = AXIS2_PLACEMENT_3D('',#1427,#1428,#1429);
#1427 = CARTESIAN_POINT('',(80.,65.,-6.));
#1428 = DIRECTION('',(0.,0.,1.));
#1429 = DIRECTION('',(1.,0.,-0.));
#1430 = ADVANCED_FACE('',(#1431),#1434,.F.);
#1431 = FACE_BOUND('',#1432,.T.);
#1432 = EDGE_LOOP('',(#1433));
#1433 = ORIENTED_EDGE('',*,*,#1409,.F.);
#1434 = PLANE('',#1435);
#1435 = AXIS2_PLACEMENT_3D('',#1436,#1437,#1438);
#1436 = CARTESIAN_POINT('',(80.,65.,-46.));
#1437 = DIRECTION('',(0.,0.,1.));
#1438 = DIRECTION('',(1.,0.,-0.));
#1439 = ( GEOMETRIC_REPRESENTATION_CONTEXT(3) 
GLOBAL_UNCERTAINTY_ASSIGNED_CONTEXT((#1443)) 
GLOBAL_UNIT_ASSIGNED_CONTEXT((#1440,#1441,#1442)) REPRESENTATION_CONTEXT
('Context #1','3D Context with UNIT and UNCERTAINTY') );
#1440 = ( LENGTH_UNIT() NAMED_UNIT(*) SI_UNIT(.MILLI.,.METRE.) );
#1441 = ( NAMED_UNIT(*) PLANE_ANGLE_UNIT() SI_UNIT($,.RADIAN.) );
#1442 = ( NAMED_UNIT(*) SI_UNIT($,.STERADIAN.) SOLID_ANGLE_UNIT() );
#1443 = UNCERTAINTY_MEASURE_WITH_UNIT(LENGTH_MEASURE(1.E-07),#1440,
  'distance_accuracy_value','confusion accuracy');
#1444 = CONTEXT_DEPENDENT_SHAPE_REPRESENTATION(#1445,#1447);
#1445 = ( REPRESENTATION_RELATIONSHIP('','',#1385,#10) 
REPRESENTATION_RELATIONSHIP_WITH_TRANSFORMATION(#1446) 
SHAPE_REPRESENTATION_RELATIONSHIP() );
#1446 = ITEM_DEFINED_TRANSFORMATION('','',#11,#23);
#1447 = PRODUCT_DEFINITION_SHAPE('Placement','Placement of an item',
  #1448);
#1448 = NEXT_ASSEMBLY_USAGE_OCCURRENCE('3',
  '12_减振器1(硅橡胶球形阻尼)','',#5,#1380,$);
#1449 = PRODUCT_RELATED_PRODUCT_CATEGORY('part',$,(#1382));
#1450 = SHAPE_DEFINITION_REPRESENTATION(#1451,#1457);
#1451 = PRODUCT_DEFINITION_SHAPE('','',#1452);
#1452 = PRODUCT_DEFINITION('design','',#1453,#1456);
#1453 = PRODUCT_DEFINITION_FORMATION('','',#1454);
#1454 = PRODUCT('12_减振器2(硅橡胶球形阻尼)',
  '12_减振器2(硅橡胶球形阻尼)','',(#1455));
#1455 = PRODUCT_CONTEXT('',#2,'mechanical');
#1456 = PRODUCT_DEFINITION_CONTEXT('part definition',#2,'design');
#1457 = ADVANCED_BREP_SHAPE_REPRESENTATION('',(#11,#1458),#1511);
#1458 = MANIFOLD_SOLID_BREP('',#1459);
#1459 = CLOSED_SHELL('',(#1460,#1493,#1502));
#1460 = ADVANCED_FACE('',(#1461),#1488,.T.);
#1461 = FACE_BOUND('',#1462,.T.);
#1462 = EDGE_LOOP('',(#1463,#1472,#1480,#1487));
#1463 = ORIENTED_EDGE('',*,*,#1464,.F.);
#1464 = EDGE_CURVE('',#1465,#1465,#1467,.T.);
#1465 = VERTEX_POINT('',#1466);
#1466 = CARTESIAN_POINT('',(91.,-65.,-6.));
#1467 = CIRCLE('',#1468,11.);
#1468 = AXIS2_PLACEMENT_3D('',#1469,#1470,#1471);
#1469 = CARTESIAN_POINT('',(80.,-65.,-6.));
#1470 = DIRECTION('',(0.,0.,1.));
#1471 = DIRECTION('',(1.,0.,-0.));
#1472 = ORIENTED_EDGE('',*,*,#1473,.F.);
#1473 = EDGE_CURVE('',#1474,#1465,#1476,.T.);
#1474 = VERTEX_POINT('',#1475);
#1475 = CARTESIAN_POINT('',(91.,-65.,-46.));
#1476 = LINE('',#1477,#1478);
#1477 = CARTESIAN_POINT('',(91.,-65.,-46.));
#1478 = VECTOR('',#1479,1.);
#1479 = DIRECTION('',(0.,0.,1.));
#1480 = ORIENTED_EDGE('',*,*,#1481,.T.);
#1481 = EDGE_CURVE('',#1474,#1474,#1482,.T.);
#1482 = CIRCLE('',#1483,11.);
#1483 = AXIS2_PLACEMENT_3D('',#1484,#1485,#1486);
#1484 = CARTESIAN_POINT('',(80.,-65.,-46.));
#1485 = DIRECTION('',(0.,0.,1.));
#1486 = DIRECTION('',(1.,0.,-0.));
#1487 = ORIENTED_EDGE('',*,*,#1473,.T.);
#1488 = CYLINDRICAL_SURFACE('',#1489,11.);
#1489 = AXIS2_PLACEMENT_3D('',#1490,#1491,#1492);
#1490 = CARTESIAN_POINT('',(80.,-65.,-46.));
#1491 = DIRECTION('',(0.,0.,1.));
#1492 = DIRECTION('',(1.,0.,-0.));
#1493 = ADVANCED_FACE('',(#1494),#1497,.T.);
#1494 = FACE_BOUND('',#1495,.T.);
#1495 = EDGE_LOOP('',(#1496));
#1496 = ORIENTED_EDGE('',*,*,#1464,.T.);
#1497 = PLANE('',#1498);
#1498 = AXIS2_PLACEMENT_3D('',#1499,#1500,#1501);
#1499 = CARTESIAN_POINT('',(80.,-65.,-6.));
#1500 = DIRECTION('',(0.,0.,1.));
#1501 = DIRECTION('',(1.,0.,-0.));
#1502 = ADVANCED_FACE('',(#1503),#1506,.F.);
#1503 = FACE_BOUND('',#1504,.T.);
#1504 = EDGE_LOOP('',(#1505));
#1505 = ORIENTED_EDGE('',*,*,#1481,.F.);
#1506 = PLANE('',#1507);
#1507 = AXIS2_PLACEMENT_3D('',#1508,#1509,#1510);
#1508 = CARTESIAN_POINT('',(80.,-65.,-46.));
#1509 = DIRECTION('',(0.,0.,1.));
#1510 = DIRECTION('',(1.,0.,-0.));
#1511 = ( GEOMETRIC_REPRESENTATION_CONTEXT(3) 
GLOBAL_UNCERTAINTY_ASSIGNED_CONTEXT((#1515)) 
GLOBAL_UNIT_ASSIGNED_CONTEXT((#1512,#1513,#1514)) REPRESENTATION_CONTEXT
('Context #1','3D Context with UNIT and UNCERTAINTY') );
#1512 = ( LENGTH_UNIT() NAMED_UNIT(*) SI_UNIT(.MILLI.,.METRE.) );
#1513 = ( NAMED_UNIT(*) PLANE_ANGLE_UNIT() SI_UNIT($,.RADIAN.) );
#1514 = ( NAMED_UNIT(*) SI_UNIT($,.STERADIAN.) SOLID_ANGLE_UNIT() );
#1515 = UNCERTAINTY_MEASURE_WITH_UNIT(LENGTH_MEASURE(1.E-07),#1512,
  'distance_accuracy_value','confusion accuracy');
#1516 = CONTEXT_DEPENDENT_SHAPE_REPRESENTATION(#1517,#1519);
#1517 = ( REPRESENTATION_RELATIONSHIP('','',#1457,#10) 
REPRESENTATION_RELATIONSHIP_WITH_TRANSFORMATION(#1518) 
SHAPE_REPRESENTATION_RELATIONSHIP() );
#1518 = ITEM_DEFINED_TRANSFORMATION('','',#11,#27);
#1519 = PRODUCT_DEFINITION_SHAPE('Placement','Placement of an item',
  #1520);
#1520 = NEXT_ASSEMBLY_USAGE_OCCURRENCE('4',
  '12_减振器2(硅橡胶球形阻尼)','',#5,#1452,$);
#1521 = PRODUCT_RELATED_PRODUCT_CATEGORY('part',$,(#1454));
#1522 = SHAPE_DEFINITION_REPRESENTATION(#1523,#1529);
#1523 = PRODUCT_DEFINITION_SHAPE('','',#1524);
#1524 = PRODUCT_DEFINITION('design','',#1525,#1528);
#1525 = PRODUCT_DEFINITION_FORMATION('','',#1526);
#1526 = PRODUCT('12_减振器3(硅橡胶球形阻尼)',
  '12_减振器3(硅橡胶球形阻尼)','',(#1527));
#1527 = PRODUCT_CONTEXT('',#2,'mechanical');
#1528 = PRODUCT_DEFINITION_CONTEXT('part definition',#2,'design');
#1529 = ADVANCED_BREP_SHAPE_REPRESENTATION('',(#11,#1530),#1583);
#1530 = MANIFOLD_SOLID_BREP('',#1531);
#1531 = CLOSED_SHELL('',(#1532,#1565,#1574));
#1532 = ADVANCED_FACE('',(#1533),#1560,.T.);
#1533 = FACE_BOUND('',#1534,.T.);
#1534 = EDGE_LOOP('',(#1535,#1544,#1552,#1559));
#1535 = ORIENTED_EDGE('',*,*,#1536,.F.);
#1536 = EDGE_CURVE('',#1537,#1537,#1539,.T.);
#1537 = VERTEX_POINT('',#1538);
#1538 = CARTESIAN_POINT('',(-69.,65.,-6.));
#1539 = CIRCLE('',#1540,11.);
#1540 = AXIS2_PLACEMENT_3D('',#1541,#1542,#1543);
#1541 = CARTESIAN_POINT('',(-80.,65.,-6.));
#1542 = DIRECTION('',(0.,0.,1.));
#1543 = DIRECTION('',(1.,0.,-0.));
#1544 = ORIENTED_EDGE('',*,*,#1545,.F.);
#1545 = EDGE_CURVE('',#1546,#1537,#1548,.T.);
#1546 = VERTEX_POINT('',#1547);
#1547 = CARTESIAN_POINT('',(-69.,65.,-46.));
#1548 = LINE('',#1549,#1550);
#1549 = CARTESIAN_POINT('',(-69.,65.,-46.));
#1550 = VECTOR('',#1551,1.);
#1551 = DIRECTION('',(0.,0.,1.));
#1552 = ORIENTED_EDGE('',*,*,#1553,.T.);
#1553 = EDGE_CURVE('',#1546,#1546,#1554,.T.);
#1554 = CIRCLE('',#1555,11.);
#1555 = AXIS2_PLACEMENT_3D('',#1556,#1557,#1558);
#1556 = CARTESIAN_POINT('',(-80.,65.,-46.));
#1557 = DIRECTION('',(0.,0.,1.));
#1558 = DIRECTION('',(1.,0.,-0.));
#1559 = ORIENTED_EDGE('',*,*,#1545,.T.);
#1560 = CYLINDRICAL_SURFACE('',#1561,11.);
#1561 = AXIS2_PLACEMENT_3D('',#1562,#1563,#1564);
#1562 = CARTESIAN_POINT('',(-80.,65.,-46.));
#1563 = DIRECTION('',(0.,0.,1.));
#1564 = DIRECTION('',(1.,0.,-0.));
#1565 = ADVANCED_FACE('',(#1566),#1569,.T.);
#1566 = FACE_BOUND('',#1567,.T.);
#1567 = EDGE_LOOP('',(#1568));
#1568 = ORIENTED_EDGE('',*,*,#1536,.T.);
#1569 = PLANE('',#1570);
#1570 = AXIS2_PLACEMENT_3D('',#1571,#1572,#1573);
#1571 = CARTESIAN_POINT('',(-80.,65.,-6.));
#1572 = DIRECTION('',(0.,0.,1.));
#1573 = DIRECTION('',(1.,0.,-0.));
#1574 = ADVANCED_FACE('',(#1575),#1578,.F.);
#1575 = FACE_BOUND('',#1576,.T.);
#1576 = EDGE_LOOP('',(#1577));
#1577 = ORIENTED_EDGE('',*,*,#1553,.F.);
#1578 = PLANE('',#1579);
#1579 = AXIS2_PLACEMENT_3D('',#1580,#1581,#1582);
#1580 = CARTESIAN_POINT('',(-80.,65.,-46.));
#1581 = DIRECTION('',(0.,0.,1.));
#1582 = DIRECTION('',(1.,0.,-0.));
#1583 = ( GEOMETRIC_REPRESENTATION_CONTEXT(3) 
GLOBAL_UNCERTAINTY_ASSIGNED_CONTEXT((#1587)) 
GLOBAL_UNIT_ASSIGNED_CONTEXT((#1584,#1585,#1586)) REPRESENTATION_CONTEXT
('Context #1','3D Context with UNIT and UNCERTAINTY') );
#1584 = ( LENGTH_UNIT() NAMED_UNIT(*) SI_UNIT(.MILLI.,.METRE.) );
#1585 = ( NAMED_UNIT(*) PLANE_ANGLE_UNIT() SI_UNIT($,.RADIAN.) );
#1586 = ( NAMED_UNIT(*) SI_UNIT($,.STERADIAN.) SOLID_ANGLE_UNIT() );
#1587 = UNCERTAINTY_MEASURE_WITH_UNIT(LENGTH_MEASURE(1.E-07),#1584,
  'distance_accuracy_value','confusion accuracy');
#1588 = CONTEXT_DEPENDENT_SHAPE_REPRESENTATION(#1589,#1591);
#1589 = ( REPRESENTATION_RELATIONSHIP('','',#1529,#10) 
REPRESENTATION_RELATIONSHIP_WITH_TRANSFORMATION(#1590) 
SHAPE_REPRESENTATION_RELATIONSHIP() );
#1590 = ITEM_DEFINED_TRANSFORMATION('','',#11,#31);
#1591 = PRODUCT_DEFINITION_SHAPE('Placement','Placement of an item',
  #1592);
#1592 = NEXT_ASSEMBLY_USAGE_OCCURRENCE('5',
  '12_减振器3(硅橡胶球形阻尼)','',#5,#1524,$);
#1593 = PRODUCT_RELATED_PRODUCT_CATEGORY('part',$,(#1526));
#1594 = SHAPE_DEFINITION_REPRESENTATION(#1595,#1601);
#1595 = PRODUCT_DEFINITION_SHAPE('','',#1596);
#1596 = PRODUCT_DEFINITION('design','',#1597,#1600);
#1597 = PRODUCT_DEFINITION_FORMATION('','',#1598);
#1598 = PRODUCT('12_减振器4(硅橡胶球形阻尼)',
  '12_减振器4(硅橡胶球形阻尼)','',(#1599));
#1599 = PRODUCT_CONTEXT('',#2,'mechanical');
#1600 = PRODUCT_DEFINITION_CONTEXT('part definition',#2,'design');
#1601 = ADVANCED_BREP_SHAPE_REPRESENTATION('',(#11,#1602),#1655);
#1602 = MANIFOLD_SOLID_BREP('',#1603);
#1603 = CLOSED_SHELL('',(#1604,#1637,#1646));
#1604 = ADVANCED_FACE('',(#1605),#1632,.T.);
#1605 = FACE_BOUND('',#1606,.T.);
#1606 = EDGE_LOOP('',(#1607,#1616,#1624,#1631));
#1607 = ORIENTED_EDGE('',*,*,#1608,.F.);
#1608 = EDGE_CURVE('',#1609,#1609,#1611,.T.);
#1609 = VERTEX_POINT('',#1610);
#1610 = CARTESIAN_POINT('',(-69.,-65.,-6.));
#1611 = CIRCLE('',#1612,11.);
#1612 = AXIS2_PLACEMENT_3D('',#1613,#1614,#1615);
#1613 = CARTESIAN_POINT('',(-80.,-65.,-6.));
#1614 = DIRECTION('',(0.,0.,1.));
#1615 = DIRECTION('',(1.,0.,-0.));
#1616 = ORIENTED_EDGE('',*,*,#1617,.F.);
#1617 = EDGE_CURVE('',#1618,#1609,#1620,.T.);
#1618 = VERTEX_POINT('',#1619);
#1619 = CARTESIAN_POINT('',(-69.,-65.,-46.));
#1620 = LINE('',#1621,#1622);
#1621 = CARTESIAN_POINT('',(-69.,-65.,-46.));
#1622 = VECTOR('',#1623,1.);
#1623 = DIRECTION('',(0.,0.,1.));
#1624 = ORIENTED_EDGE('',*,*,#1625,.T.);
#1625 = EDGE_CURVE('',#1618,#1618,#1626,.T.);
#1626 = CIRCLE('',#1627,11.);
#1627 = AXIS2_PLACEMENT_3D('',#1628,#1629,#1630);
#1628 = CARTESIAN_POINT('',(-80.,-65.,-46.));
#1629 = DIRECTION('',(0.,0.,1.));
#1630 = DIRECTION('',(1.,0.,-0.));
#1631 = ORIENTED_EDGE('',*,*,#1617,.T.);
#1632 = CYLINDRICAL_SURFACE('',#1633,11.);
#1633 = AXIS2_PLACEMENT_3D('',#1634,#1635,#1636);
#1634 = CARTESIAN_POINT('',(-80.,-65.,-46.));
#1635 = DIRECTION('',(0.,0.,1.));
#1636 = DIRECTION('',(1.,0.,-0.));
#1637 = ADVANCED_FACE('',(#1638),#1641,.T.);
#1638 = FACE_BOUND('',#1639,.T.);
#1639 = EDGE_LOOP('',(#1640));
#1640 = ORIENTED_EDGE('',*,*,#1608,.T.);
#1641 = PLANE('',#1642);
#1642 = AXIS2_PLACEMENT_3D('',#1643,#1644,#1645);
#1643 = CARTESIAN_POINT('',(-80.,-65.,-6.));
#1644 = DIRECTION('',(0.,0.,1.));
#1645 = DIRECTION('',(1.,0.,-0.));
#1646 = ADVANCED_FACE('',(#1647),#1650,.F.);
#1647 = FACE_BOUND('',#1648,.T.);
#1648 = EDGE_LOOP('',(#1649));
#1649 = ORIENTED_EDGE('',*,*,#1625,.F.);
#1650 = PLANE('',#1651);
#1651 = AXIS2_PLACEMENT_3D('',#1652,#1653,#1654);
#1652 = CARTESIAN_POINT('',(-80.,-65.,-46.));
#1653 = DIRECTION('',(0.,0.,1.));
#1654 = DIRECTION('',(1.,0.,-0.));
#1655 = ( GEOMETRIC_REPRESENTATION_CONTEXT(3) 
GLOBAL_UNCERTAINTY_ASSIGNED_CONTEXT((#1659)) 
GLOBAL_UNIT_ASSIGNED_CONTEXT((#1656,#1657,#1658)) REPRESENTATION_CONTEXT
('Context #1','3D Context with UNIT and UNCERTAINTY') );
#1656 = ( LENGTH_UNIT() NAMED_UNIT(*) SI_UNIT(.MILLI.,.METRE.) );
#1657 = ( NAMED_UNIT(*) PLANE_ANGLE_UNIT() SI_UNIT($,.RADIAN.) );
#1658 = ( NAMED_UNIT(*) SI_UNIT($,.STERADIAN.) SOLID_ANGLE_UNIT() );
#1659 = UNCERTAINTY_MEASURE_WITH_UNIT(LENGTH_MEASURE(1.E-07),#1656,
  'distance_accuracy_value','confusion accuracy');
#1660 = CONTEXT_DEPENDENT_SHAPE_REPRESENTATION(#1661,#1663);
#1661 = ( REPRESENTATION_RELATIONSHIP('','',#1601,#10) 
REPRESENTATION_RELATIONSHIP_WITH_TRANSFORMATION(#1662) 
SHAPE_REPRESENTATION_RELATIONSHIP() );
#1662 = ITEM_DEFINED_TRANSFORMATION('','',#11,#35);
#1663 = PRODUCT_DEFINITION_SHAPE('Placement','Placement of an item',
  #1664);
#1664 = NEXT_ASSEMBLY_USAGE_OCCURRENCE('6',
  '12_减振器4(硅橡胶球形阻尼)','',#5,#1596,$);
#1665 = PRODUCT_RELATED_PRODUCT_CATEGORY('part',$,(#1598));
#1666 = SHAPE_DEFINITION_REPRESENTATION(#1667,#1673);
#1667 = PRODUCT_DEFINITION_SHAPE('','',#1668);
#1668 = PRODUCT_DEFINITION('design','',#1669,#1672);
#1669 = PRODUCT_DEFINITION_FORMATION('','',#1670);
#1670 = PRODUCT('2_主框架下板','2_主框架下板','',(#1671));
#1671 = PRODUCT_CONTEXT('',#2,'mechanical');
#1672 = PRODUCT_DEFINITION_CONTEXT('part definition',#2,'design');
#1673 = ADVANCED_BREP_SHAPE_REPRESENTATION('',(#11,#1674),#1999);
#1674 = MANIFOLD_SOLID_BREP('',#1675);
#1675 = CLOSED_SHELL('',(#1676,#1716,#1747,#1816,#1840,#1902,#1914,#1936
    ,#1953,#1970,#1982));
#1676 = ADVANCED_FACE('',(#1677),#1711,.F.);
#1677 = FACE_BOUND('',#1678,.F.);
#1678 = EDGE_LOOP('',(#1679,#1689,#1697,#1705));
#1679 = ORIENTED_EDGE('',*,*,#1680,.F.);
#1680 = EDGE_CURVE('',#1681,#1683,#1685,.T.);
#1681 = VERTEX_POINT('',#1682);
#1682 = CARTESIAN_POINT('',(-210.,-85.,-52.));
#1683 = VERTEX_POINT('',#1684);
#1684 = CARTESIAN_POINT('',(-210.,-85.,-46.));
#1685 = LINE('',#1686,#1687);
#1686 = CARTESIAN_POINT('',(-210.,-85.,-52.));
#1687 = VECTOR('',#1688,1.);
#1688 = DIRECTION('',(0.,0.,1.));
#1689 = ORIENTED_EDGE('',*,*,#1690,.T.);
#1690 = EDGE_CURVE('',#1681,#1691,#1693,.T.);
#1691 = VERTEX_POINT('',#1692);
#1692 = CARTESIAN_POINT('',(-210.,85.,-52.));
#1693 = LINE('',#1694,#1695);
#1694 = CARTESIAN_POINT('',(-210.,-85.,-52.));
#1695 = VECTOR('',#1696,1.);
#1696 = DIRECTION('',(-0.,1.,0.));
#1697 = ORIENTED_EDGE('',*,*,#1698,.T.);
#1698 = EDGE_CURVE('',#1691,#1699,#1701,.T.);
#1699 = VERTEX_POINT('',#1700);
#1700 = CARTESIAN_POINT('',(-210.,85.,-46.));
#1701 = LINE('',#1702,#1703);
#1702 = CARTESIAN_POINT('',(-210.,85.,-52.));
#1703 = VECTOR('',#1704,1.);
#1704 = DIRECTION('',(0.,0.,1.));
#1705 = ORIENTED_EDGE('',*,*,#1706,.F.);
#1706 = EDGE_CURVE('',#1683,#1699,#1707,.T.);
#1707 = LINE('',#1708,#1709);
#1708 = CARTESIAN_POINT('',(-210.,-85.,-46.));
#1709 = VECTOR('',#1710,1.);
#1710 = DIRECTION('',(-0.,1.,0.));
#1711 = PLANE('',#1712);
#1712 = AXIS2_PLACEMENT_3D('',#1713,#1714,#1715);
#1713 = CARTESIAN_POINT('',(-210.,-85.,-52.));
#1714 = DIRECTION('',(1.,0.,-0.));
#1715 = DIRECTION('',(0.,0.,1.));
#1716 = ADVANCED_FACE('',(#1717),#1742,.F.);
#1717 = FACE_BOUND('',#1718,.F.);
#1718 = EDGE_LOOP('',(#1719,#1727,#1728,#1736));
#1719 = ORIENTED_EDGE('',*,*,#1720,.F.);
#1720 = EDGE_CURVE('',#1681,#1721,#1723,.T.);
#1721 = VERTEX_POINT('',#1722);
#1722 = CARTESIAN_POINT('',(210.,-85.,-52.));
#1723 = LINE('',#1724,#1725);
#1724 = CARTESIAN_POINT('',(-210.,-85.,-52.));
#1725 = VECTOR('',#1726,1.);
#1726 = DIRECTION('',(1.,0.,-0.));
#1727 = ORIENTED_EDGE('',*,*,#1680,.T.);
#1728 = ORIENTED_EDGE('',*,*,#1729,.T.);
#1729 = EDGE_CURVE('',#1683,#1730,#1732,.T.);
#1730 = VERTEX_POINT('',#1731);
#1731 = CARTESIAN_POINT('',(210.,-85.,-46.));
#1732 = LINE('',#1733,#1734);
#1733 = CARTESIAN_POINT('',(-210.,-85.,-46.));
#1734 = VECTOR('',#1735,1.);
#1735 = DIRECTION('',(1.,0.,-0.));
#1736 = ORIENTED_EDGE('',*,*,#1737,.F.);
#1737 = EDGE_CURVE('',#1721,#1730,#1738,.T.);
#1738 = LINE('',#1739,#1740);
#1739 = CARTESIAN_POINT('',(210.,-85.,-52.));
#1740 = VECTOR('',#1741,1.);
#1741 = DIRECTION('',(0.,0.,1.));
#1742 = PLANE('',#1743);
#1743 = AXIS2_PLACEMENT_3D('',#1744,#1745,#1746);
#1744 = CARTESIAN_POINT('',(-210.,-85.,-52.));
#1745 = DIRECTION('',(-0.,1.,0.));
#1746 = DIRECTION('',(0.,0.,1.));
#1747 = ADVANCED_FACE('',(#1748,#1766,#1800),#1811,.T.);
#1748 = FACE_BOUND('',#1749,.T.);
#1749 = EDGE_LOOP('',(#1750,#1751,#1752,#1760));
#1750 = ORIENTED_EDGE('',*,*,#1706,.F.);
#1751 = ORIENTED_EDGE('',*,*,#1729,.T.);
#1752 = ORIENTED_EDGE('',*,*,#1753,.T.);
#1753 = EDGE_CURVE('',#1730,#1754,#1756,.T.);
#1754 = VERTEX_POINT('',#1755);
#1755 = CARTESIAN_POINT('',(210.,85.,-46.));
#1756 = LINE('',#1757,#1758);
#1757 = CARTESIAN_POINT('',(210.,-85.,-46.));
#1758 = VECTOR('',#1759,1.);
#1759 = DIRECTION('',(-0.,1.,0.));
#1760 = ORIENTED_EDGE('',*,*,#1761,.F.);
#1761 = EDGE_CURVE('',#1699,#1754,#1762,.T.);
#1762 = LINE('',#1763,#1764);
#1763 = CARTESIAN_POINT('',(-210.,85.,-46.));
#1764 = VECTOR('',#1765,1.);
#1765 = DIRECTION('',(1.,0.,-0.));
#1766 = FACE_BOUND('',#1767,.T.);
#1767 = EDGE_LOOP('',(#1768,#1778,#1786,#1794));
#1768 = ORIENTED_EDGE('',*,*,#1769,.F.);
#1769 = EDGE_CURVE('',#1770,#1772,#1774,.T.);
#1770 = VERTEX_POINT('',#1771);
#1771 = CARTESIAN_POINT('',(-50.,-35.,-46.));
#1772 = VERTEX_POINT('',#1773);
#1773 = CARTESIAN_POINT('',(50.,-35.,-46.));
#1774 = LINE('',#1775,#1776);
#1775 = CARTESIAN_POINT('',(-50.,-35.,-46.));
#1776 = VECTOR('',#1777,1.);
#1777 = DIRECTION('',(1.,0.,-0.));
#1778 = ORIENTED_EDGE('',*,*,#1779,.T.);
#1779 = EDGE_CURVE('',#1770,#1780,#1782,.T.);
#1780 = VERTEX_POINT('',#1781);
#1781 = CARTESIAN_POINT('',(-50.,35.,-46.));
#1782 = LINE('',#1783,#1784);
#1783 = CARTESIAN_POINT('',(-50.,-35.,-46.));
#1784 = VECTOR('',#1785,1.);
#1785 = DIRECTION('',(-0.,1.,0.));
#1786 = ORIENTED_EDGE('',*,*,#1787,.T.);
#1787 = EDGE_CURVE('',#1780,#1788,#1790,.T.);
#1788 = VERTEX_POINT('',#1789);
#1789 = CARTESIAN_POINT('',(50.,35.,-46.));
#1790 = LINE('',#1791,#1792);
#1791 = CARTESIAN_POINT('',(-50.,35.,-46.));
#1792 = VECTOR('',#1793,1.);
#1793 = DIRECTION('',(1.,0.,-0.));
#1794 = ORIENTED_EDGE('',*,*,#1795,.F.);
#1795 = EDGE_CURVE('',#1772,#1788,#1796,.T.);
#1796 = LINE('',#1797,#1798);
#1797 = CARTESIAN_POINT('',(50.,-35.,-46.));
#1798 = VECTOR('',#1799,1.);
#1799 = DIRECTION('',(-0.,1.,0.));
#1800 = FACE_BOUND('',#1801,.T.);
#1801 = EDGE_LOOP('',(#1802));
#1802 = ORIENTED_EDGE('',*,*,#1803,.F.);
#1803 = EDGE_CURVE('',#1804,#1804,#1806,.T.);
#1804 = VERTEX_POINT('',#1805);
#1805 = CARTESIAN_POINT('',(182.,-5.388445916248E-15,-46.));
#1806 = CIRCLE('',#1807,22.);
#1807 = AXIS2_PLACEMENT_3D('',#1808,#1809,#1810);
#1808 = CARTESIAN_POINT('',(160.,0.,-46.));
#1809 = DIRECTION('',(0.,0.,1.));
#1810 = DIRECTION('',(1.,0.,-0.));
#1811 = PLANE('',#1812);
#1812 = AXIS2_PLACEMENT_3D('',#1813,#1814,#1815);
#1813 = CARTESIAN_POINT('',(-210.,-85.,-46.));
#1814 = DIRECTION('',(0.,0.,1.));
#1815 = DIRECTION('',(1.,0.,-0.));
#1816 = ADVANCED_FACE('',(#1817),#1835,.T.);
#1817 = FACE_BOUND('',#1818,.T.);
#1818 = EDGE_LOOP('',(#1819,#1827,#1828,#1829));
#1819 = ORIENTED_EDGE('',*,*,#1820,.F.);
#1820 = EDGE_CURVE('',#1691,#1821,#1823,.T.);
#1821 = VERTEX_POINT('',#1822);
#1822 = CARTESIAN_POINT('',(210.,85.,-52.));
#1823 = LINE('',#1824,#1825);
#1824 = CARTESIAN_POINT('',(-210.,85.,-52.));
#1825 = VECTOR('',#1826,1.);
#1826 = DIRECTION('',(1.,0.,-0.));
#1827 = ORIENTED_EDGE('',*,*,#1698,.T.);
#1828 = ORIENTED_EDGE('',*,*,#1761,.T.);
#1829 = ORIENTED_EDGE('',*,*,#1830,.F.);
#1830 = EDGE_CURVE('',#1821,#1754,#1831,.T.);
#1831 = LINE('',#1832,#1833);
#1832 = CARTESIAN_POINT('',(210.,85.,-52.));
#1833 = VECTOR('',#1834,1.);
#1834 = DIRECTION('',(0.,0.,1.));
#1835 = PLANE('',#1836);
#1836 = AXIS2_PLACEMENT_3D('',#1837,#1838,#1839);
#1837 = CARTESIAN_POINT('',(-210.,85.,-52.));
#1838 = DIRECTION('',(-0.,1.,0.));
#1839 = DIRECTION('',(0.,0.,1.));
#1840 = ADVANCED_FACE('',(#1841,#1852,#1886),#1897,.F.);
#1841 = FACE_BOUND('',#1842,.F.);
#1842 = EDGE_LOOP('',(#1843,#1844,#1845,#1851));
#1843 = ORIENTED_EDGE('',*,*,#1690,.F.);
#1844 = ORIENTED_EDGE('',*,*,#1720,.T.);
#1845 = ORIENTED_EDGE('',*,*,#1846,.T.);
#1846 = EDGE_CURVE('',#1721,#1821,#1847,.T.);
#1847 = LINE('',#1848,#1849);
#1848 = CARTESIAN_POINT('',(210.,-85.,-52.));
#1849 = VECTOR('',#1850,1.);
#1850 = DIRECTION('',(-0.,1.,0.));
#1851 = ORIENTED_EDGE('',*,*,#1820,.F.);
#1852 = FACE_BOUND('',#1853,.F.);
#1853 = EDGE_LOOP('',(#1854,#1864,#1872,#1880));
#1854 = ORIENTED_EDGE('',*,*,#1855,.F.);
#1855 = EDGE_CURVE('',#1856,#1858,#1860,.T.);
#1856 = VERTEX_POINT('',#1857);
#1857 = CARTESIAN_POINT('',(-50.,-35.,-52.));
#1858 = VERTEX_POINT('',#1859);
#1859 = CARTESIAN_POINT('',(50.,-35.,-52.));
#1860 = LINE('',#1861,#1862);
#1861 = CARTESIAN_POINT('',(-50.,-35.,-52.));
#1862 = VECTOR('',#1863,1.);
#1863 = DIRECTION('',(1.,0.,-0.));
#1864 = ORIENTED_EDGE('',*,*,#1865,.T.);
#1865 = EDGE_CURVE('',#1856,#1866,#1868,.T.);
#1866 = VERTEX_POINT('',#1867);
#1867 = CARTESIAN_POINT('',(-50.,35.,-52.));
#1868 = LINE('',#1869,#1870);
#1869 = CARTESIAN_POINT('',(-50.,-35.,-52.));
#1870 = VECTOR('',#1871,1.);
#1871 = DIRECTION('',(-0.,1.,0.));
#1872 = ORIENTED_EDGE('',*,*,#1873,.T.);
#1873 = EDGE_CURVE('',#1866,#1874,#1876,.T.);
#1874 = VERTEX_POINT('',#1875);
#1875 = CARTESIAN_POINT('',(50.,35.,-52.));
#1876 = LINE('',#1877,#1878);
#1877 = CARTESIAN_POINT('',(-50.,35.,-52.));
#1878 = VECTOR('',#1879,1.);
#1879 = DIRECTION('',(1.,0.,-0.));
#1880 = ORIENTED_EDGE('',*,*,#1881,.F.);
#1881 = EDGE_CURVE('',#1858,#1874,#1882,.T.);
#1882 = LINE('',#1883,#1884);
#1883 = CARTESIAN_POINT('',(50.,-35.,-52.));
#1884 = VECTOR('',#1885,1.);
#1885 = DIRECTION('',(-0.,1.,0.));
#1886 = FACE_BOUND('',#1887,.F.);
#1887 = EDGE_LOOP('',(#1888));
#1888 = ORIENTED_EDGE('',*,*,#1889,.F.);
#1889 = EDGE_CURVE('',#1890,#1890,#1892,.T.);
#1890 = VERTEX_POINT('',#1891);
#1891 = CARTESIAN_POINT('',(182.,-5.388445916248E-15,-52.));
#1892 = CIRCLE('',#1893,22.);
#1893 = AXIS2_PLACEMENT_3D('',#1894,#1895,#1896);
#1894 = CARTESIAN_POINT('',(160.,0.,-52.));
#1895 = DIRECTION('',(0.,0.,1.));
#1896 = DIRECTION('',(1.,0.,-0.));
#1897 = PLANE('',#1898);
#1898 = AXIS2_PLACEMENT_3D('',#1899,#1900,#1901);
#1899 = CARTESIAN_POINT('',(-210.,-85.,-52.));
#1900 = DIRECTION('',(0.,0.,1.));
#1901 = DIRECTION('',(1.,0.,-0.));
#1902 = ADVANCED_FACE('',(#1903),#1909,.T.);
#1903 = FACE_BOUND('',#1904,.T.);
#1904 = EDGE_LOOP('',(#1905,#1906,#1907,#1908));
#1905 = ORIENTED_EDGE('',*,*,#1737,.F.);
#1906 = ORIENTED_EDGE('',*,*,#1846,.T.);
#1907 = ORIENTED_EDGE('',*,*,#1830,.T.);
#1908 = ORIENTED_EDGE('',*,*,#1753,.F.);
#1909 = PLANE('',#1910);
#1910 = AXIS2_PLACEMENT_3D('',#1911,#1912,#1913);
#1911 = CARTESIAN_POINT('',(210.,-85.,-52.));
#1912 = DIRECTION('',(1.,0.,-0.));
#1913 = DIRECTION('',(0.,0.,1.));
#1914 = ADVANCED_FACE('',(#1915),#1931,.T.);
#1915 = FACE_BOUND('',#1916,.T.);
#1916 = EDGE_LOOP('',(#1917,#1918,#1924,#1925));
#1917 = ORIENTED_EDGE('',*,*,#1855,.F.);
#1918 = ORIENTED_EDGE('',*,*,#1919,.T.);
#1919 = EDGE_CURVE('',#1856,#1770,#1920,.T.);
#1920 = LINE('',#1921,#1922);
#1921 = CARTESIAN_POINT('',(-50.,-35.,-52.));
#1922 = VECTOR('',#1923,1.);
#1923 = DIRECTION('',(0.,0.,1.));
#1924 = ORIENTED_EDGE('',*,*,#1769,.T.);
#1925 = ORIENTED_EDGE('',*,*,#1926,.F.);
#1926 = EDGE_CURVE('',#1858,#1772,#1927,.T.);
#1927 = LINE('',#1928,#1929);
#1928 = CARTESIAN_POINT('',(50.,-35.,-52.));
#1929 = VECTOR('',#1930,1.);
#1930 = DIRECTION('',(0.,0.,1.));
#1931 = PLANE('',#1932);
#1932 = AXIS2_PLACEMENT_3D('',#1933,#1934,#1935);
#1933 = CARTESIAN_POINT('',(-50.,-35.,-52.));
#1934 = DIRECTION('',(-0.,1.,0.));
#1935 = DIRECTION('',(0.,0.,1.));
#1936 = ADVANCED_FACE('',(#1937),#1948,.T.);
#1937 = FACE_BOUND('',#1938,.T.);
#1938 = EDGE_LOOP('',(#1939,#1940,#1941,#1947));
#1939 = ORIENTED_EDGE('',*,*,#1919,.F.);
#1940 = ORIENTED_EDGE('',*,*,#1865,.T.);
#1941 = ORIENTED_EDGE('',*,*,#1942,.T.);
#1942 = EDGE_CURVE('',#1866,#1780,#1943,.T.);
#1943 = LINE('',#1944,#1945);
#1944 = CARTESIAN_POINT('',(-50.,35.,-52.));
#1945 = VECTOR('',#1946,1.);
#1946 = DIRECTION('',(0.,0.,1.));
#1947 = ORIENTED_EDGE('',*,*,#1779,.F.);
#1948 = PLANE('',#1949);
#1949 = AXIS2_PLACEMENT_3D('',#1950,#1951,#1952);
#1950 = CARTESIAN_POINT('',(-50.,-35.,-52.));
#1951 = DIRECTION('',(1.,0.,-0.));
#1952 = DIRECTION('',(0.,0.,1.));
#1953 = ADVANCED_FACE('',(#1954),#1965,.F.);
#1954 = FACE_BOUND('',#1955,.F.);
#1955 = EDGE_LOOP('',(#1956,#1957,#1958,#1964));
#1956 = ORIENTED_EDGE('',*,*,#1926,.F.);
#1957 = ORIENTED_EDGE('',*,*,#1881,.T.);
#1958 = ORIENTED_EDGE('',*,*,#1959,.T.);
#1959 = EDGE_CURVE('',#1874,#1788,#1960,.T.);
#1960 = LINE('',#1961,#1962);
#1961 = CARTESIAN_POINT('',(50.,35.,-52.));
#1962 = VECTOR('',#1963,1.);
#1963 = DIRECTION('',(0.,0.,1.));
#1964 = ORIENTED_EDGE('',*,*,#1795,.F.);
#1965 = PLANE('',#1966);
#1966 = AXIS2_PLACEMENT_3D('',#1967,#1968,#1969);
#1967 = CARTESIAN_POINT('',(50.,-35.,-52.));
#1968 = DIRECTION('',(1.,0.,-0.));
#1969 = DIRECTION('',(0.,0.,1.));
#1970 = ADVANCED_FACE('',(#1971),#1977,.F.);
#1971 = FACE_BOUND('',#1972,.F.);
#1972 = EDGE_LOOP('',(#1973,#1974,#1975,#1976));
#1973 = ORIENTED_EDGE('',*,*,#1873,.F.);
#1974 = ORIENTED_EDGE('',*,*,#1942,.T.);
#1975 = ORIENTED_EDGE('',*,*,#1787,.T.);
#1976 = ORIENTED_EDGE('',*,*,#1959,.F.);
#1977 = PLANE('',#1978);
#1978 = AXIS2_PLACEMENT_3D('',#1979,#1980,#1981);
#1979 = CARTESIAN_POINT('',(-50.,35.,-52.));
#1980 = DIRECTION('',(-0.,1.,0.));
#1981 = DIRECTION('',(0.,0.,1.));
#1982 = ADVANCED_FACE('',(#1983),#1994,.F.);
#1983 = FACE_BOUND('',#1984,.F.);
#1984 = EDGE_LOOP('',(#1985,#1986,#1992,#1993));
#1985 = ORIENTED_EDGE('',*,*,#1803,.F.);
#1986 = ORIENTED_EDGE('',*,*,#1987,.F.);
#1987 = EDGE_CURVE('',#1890,#1804,#1988,.T.);
#1988 = LINE('',#1989,#1990);
#1989 = CARTESIAN_POINT('',(182.,-5.388445916248E-15,-52.));
#1990 = VECTOR('',#1991,1.);
#1991 = DIRECTION('',(0.,0.,1.));
#1992 = ORIENTED_EDGE('',*,*,#1889,.T.);
#1993 = ORIENTED_EDGE('',*,*,#1987,.T.);
#1994 = CYLINDRICAL_SURFACE('',#1995,22.);
#1995 = AXIS2_PLACEMENT_3D('',#1996,#1997,#1998);
#1996 = CARTESIAN_POINT('',(160.,0.,-52.));
#1997 = DIRECTION('',(0.,0.,1.));
#1998 = DIRECTION('',(1.,0.,-0.));
#1999 = ( GEOMETRIC_REPRESENTATION_CONTEXT(3) 
GLOBAL_UNCERTAINTY_ASSIGNED_CONTEXT((#2003)) 
GLOBAL_UNIT_ASSIGNED_CONTEXT((#2000,#2001,#2002)) REPRESENTATION_CONTEXT
('Context #1','3D Context with UNIT and UNCERTAINTY') );
#2000 = ( LENGTH_UNIT() NAMED_UNIT(*) SI_UNIT(.MILLI.,.METRE.) );
#2001 = ( NAMED_UNIT(*) PLANE_ANGLE_UNIT() SI_UNIT($,.RADIAN.) );
#2002 = ( NAMED_UNIT(*) SI_UNIT($,.STERADIAN.) SOLID_ANGLE_UNIT() );
#2003 = UNCERTAINTY_MEASURE_WITH_UNIT(LENGTH_MEASURE(1.E-07),#2000,
  'distance_accuracy_value','confusion accuracy');
#2004 = CONTEXT_DEPENDENT_SHAPE_REPRESENTATION(#2005,#2007);
#2005 = ( REPRESENTATION_RELATIONSHIP('','',#1673,#10) 
REPRESENTATION_RELATIONSHIP_WITH_TRANSFORMATION(#2006) 
SHAPE_REPRESENTATION_RELATIONSHIP() );
#2006 = ITEM_DEFINED_TRANSFORMATION('','',#11,#39);
#2007 = PRODUCT_DEFINITION_SHAPE('Placement','Placement of an item',
  #2008);
#2008 = NEXT_ASSEMBLY_USAGE_OCCURRENCE('7','2_主框架下板','',#5,
  #1668,$);
#2009 = PRODUCT_RELATED_PRODUCT_CATEGORY('part',$,(#1670));
#2010 = SHAPE_DEFINITION_REPRESENTATION(#2011,#2017);
#2011 = PRODUCT_DEFINITION_SHAPE('','',#2012);
#2012 = PRODUCT_DEFINITION('design','',#2013,#2016);
#2013 = PRODUCT_DEFINITION_FORMATION('','',#2014);
#2014 = PRODUCT('2_主框架耳板L','2_主框架耳板L','',(#2015));
#2015 = PRODUCT_CONTEXT('',#2,'mechanical');
#2016 = PRODUCT_DEFINITION_CONTEXT('part definition',#2,'design');
#2017 = ADVANCED_BREP_SHAPE_REPRESENTATION('',(#11,#2018),#2207);
#2018 = MANIFOLD_SOLID_BREP('',#2019);
#2019 = CLOSED_SHELL('',(#2020,#2060,#2102,#2126,#2161,#2178,#2190));
#2020 = ADVANCED_FACE('',(#2021),#2055,.F.);
#2021 = FACE_BOUND('',#2022,.F.);
#2022 = EDGE_LOOP('',(#2023,#2033,#2041,#2049));
#2023 = ORIENTED_EDGE('',*,*,#2024,.F.);
#2024 = EDGE_CURVE('',#2025,#2027,#2029,.T.);
#2025 = VERTEX_POINT('',#2026);
#2026 = CARTESIAN_POINT('',(-50.,56.,-202.));
#2027 = VERTEX_POINT('',#2028);
#2028 = CARTESIAN_POINT('',(-50.,56.,-52.));
#2029 = LINE('',#2030,#2031);
#2030 = CARTESIAN_POINT('',(-50.,56.,-202.));
#2031 = VECTOR('',#2032,1.);
#2032 = DIRECTION('',(0.,0.,1.));
#2033 = ORIENTED_EDGE('',*,*,#2034,.T.);
#2034 = EDGE_CURVE('',#2025,#2035,#2037,.T.);
#2035 = VERTEX_POINT('',#2036);
#2036 = CARTESIAN_POINT('',(-50.,62.,-202.));
#2037 = LINE('',#2038,#2039);
#2038 = CARTESIAN_POINT('',(-50.,56.,-202.));
#2039 = VECTOR('',#2040,1.);
#2040 = DIRECTION('',(-0.,1.,0.));
#2041 = ORIENTED_EDGE('',*,*,#2042,.T.);
#2042 = EDGE_CURVE('',#2035,#2043,#2045,.T.);
#2043 = VERTEX_POINT('',#2044);
#2044 = CARTESIAN_POINT('',(-50.,62.,-52.));
#2045 = LINE('',#2046,#2047);
#2046 = CARTESIAN_POINT('',(-50.,62.,-202.));
#2047 = VECTOR('',#2048,1.);
#2048 = DIRECTION('',(0.,0.,1.));
#2049 = ORIENTED_EDGE('',*,*,#2050,.F.);
#2050 = EDGE_CURVE('',#2027,#2043,#2051,.T.);
#2051 = LINE('',#2052,#2053);
#2052 = CARTESIAN_POINT('',(-50.,56.,-52.));
#2053 = VECTOR('',#2054,1.);
#2054 = DIRECTION('',(-0.,1.,0.));
#2055 = PLANE('',#2056);
#2056 = AXIS2_PLACEMENT_3D('',#2057,#2058,#2059);
#2057 = CARTESIAN_POINT('',(-50.,56.,-202.));
#2058 = DIRECTION('',(1.,0.,-0.));
#2059 = DIRECTION('',(0.,0.,1.));
#2060 = ADVANCED_FACE('',(#2061,#2086),#2097,.F.);
#2061 = FACE_BOUND('',#2062,.F.);
#2062 = EDGE_LOOP('',(#2063,#2071,#2072,#2080));
#2063 = ORIENTED_EDGE('',*,*,#2064,.F.);
#2064 = EDGE_CURVE('',#2025,#2065,#2067,.T.);
#2065 = VERTEX_POINT('',#2066);
#2066 = CARTESIAN_POINT('',(50.,56.,-202.));
#2067 = LINE('',#2068,#2069);
#2068 = CARTESIAN_POINT('',(-50.,56.,-202.));
#2069 = VECTOR('',#2070,1.);
#2070 = DIRECTION('',(1.,0.,-0.));
#2071 = ORIENTED_EDGE('',*,*,#2024,.T.);
#2072 = ORIENTED_EDGE('',*,*,#2073,.T.);
#2073 = EDGE_CURVE('',#2027,#2074,#2076,.T.);
#2074 = VERTEX_POINT('',#2075);
#2075 = CARTESIAN_POINT('',(50.,56.,-52.));
#2076 = LINE('',#2077,#2078);
#2077 = CARTESIAN_POINT('',(-50.,56.,-52.));
#2078 = VECTOR('',#2079,1.);
#2079 = DIRECTION('',(1.,0.,-0.));
#2080 = ORIENTED_EDGE('',*,*,#2081,.F.);
#2081 = EDGE_CURVE('',#2065,#2074,#2082,.T.);
#2082 = LINE('',#2083,#2084);
#2083 = CARTESIAN_POINT('',(50.,56.,-202.));
#2084 = VECTOR('',#2085,1.);
#2085 = DIRECTION('',(0.,0.,1.));
#2086 = FACE_BOUND('',#2087,.F.);
#2087 = EDGE_LOOP('',(#2088));
#2088 = ORIENTED_EDGE('',*,*,#2089,.F.);
#2089 = EDGE_CURVE('',#2090,#2090,#2092,.T.);
#2090 = VERTEX_POINT('',#2091);
#2091 = CARTESIAN_POINT('',(-2.204364238465E-15,56.,-151.));
#2092 = CIRCLE('',#2093,9.);
#2093 = AXIS2_PLACEMENT_3D('',#2094,#2095,#2096);
#2094 = CARTESIAN_POINT('',(0.,56.,-160.));
#2095 = DIRECTION('',(0.,1.,0.));
#2096 = DIRECTION('',(0.,-0.,1.));
#2097 = PLANE('',#2098);
#2098 = AXIS2_PLACEMENT_3D('',#2099,#2100,#2101);
#2099 = CARTESIAN_POINT('',(-50.,56.,-202.));
#2100 = DIRECTION('',(-0.,1.,0.));
#2101 = DIRECTION('',(0.,0.,1.));
#2102 = ADVANCED_FACE('',(#2103),#2121,.T.);
#2103 = FACE_BOUND('',#2104,.T.);
#2104 = EDGE_LOOP('',(#2105,#2106,#2107,#2115));
#2105 = ORIENTED_EDGE('',*,*,#2050,.F.);
#2106 = ORIENTED_EDGE('',*,*,#2073,.T.);
#2107 = ORIENTED_EDGE('',*,*,#2108,.T.);
#2108 = EDGE_CURVE('',#2074,#2109,#2111,.T.);
#2109 = VERTEX_POINT('',#2110);
#2110 = CARTESIAN_POINT('',(50.,62.,-52.));
#2111 = LINE('',#2112,#2113);
#2112 = CARTESIAN_POINT('',(50.,56.,-52.));
#2113 = VECTOR('',#2114,1.);
#2114 = DIRECTION('',(-0.,1.,0.));
#2115 = ORIENTED_EDGE('',*,*,#2116,.F.);
#2116 = EDGE_CURVE('',#2043,#2109,#2117,.T.);
#2117 = LINE('',#2118,#2119);
#2118 = CARTESIAN_POINT('',(-50.,62.,-52.));
#2119 = VECTOR('',#2120,1.);
#2120 = DIRECTION('',(1.,0.,-0.));
#2121 = PLANE('',#2122);
#2122 = AXIS2_PLACEMENT_3D('',#2123,#2124,#2125);
#2123 = CARTESIAN_POINT('',(-50.,56.,-52.));
#2124 = DIRECTION('',(0.,0.,1.));
#2125 = DIRECTION('',(1.,0.,-0.));
#2126 = ADVANCED_FACE('',(#2127,#2145),#2156,.T.);
#2127 = FACE_BOUND('',#2128,.T.);
#2128 = EDGE_LOOP('',(#2129,#2137,#2138,#2139));
#2129 = ORIENTED_EDGE('',*,*,#2130,.F.);
#2130 = EDGE_CURVE('',#2035,#2131,#2133,.T.);
#2131 = VERTEX_POINT('',#2132);
#2132 = CARTESIAN_POINT('',(50.,62.,-202.));
#2133 = LINE('',#2134,#2135);
#2134 = CARTESIAN_POINT('',(-50.,62.,-202.));
#2135 = VECTOR('',#2136,1.);
#2136 = DIRECTION('',(1.,0.,-0.));
#2137 = ORIENTED_EDGE('',*,*,#2042,.T.);
#2138 = ORIENTED_EDGE('',*,*,#2116,.T.);
#2139 = ORIENTED_EDGE('',*,*,#2140,.F.);
#2140 = EDGE_CURVE('',#2131,#2109,#2141,.T.);
#2141 = LINE('',#2142,#2143);
#2142 = CARTESIAN_POINT('',(50.,62.,-202.));
#2143 = VECTOR('',#2144,1.);
#2144 = DIRECTION('',(0.,0.,1.));
#2145 = FACE_BOUND('',#2146,.T.);
#2146 = EDGE_LOOP('',(#2147));
#2147 = ORIENTED_EDGE('',*,*,#2148,.F.);
#2148 = EDGE_CURVE('',#2149,#2149,#2151,.T.);
#2149 = VERTEX_POINT('',#2150);
#2150 = CARTESIAN_POINT('',(-2.204364238465E-15,62.,-151.));
#2151 = CIRCLE('',#2152,9.);
#2152 = AXIS2_PLACEMENT_3D('',#2153,#2154,#2155);
#2153 = CARTESIAN_POINT('',(0.,62.,-160.));
#2154 = DIRECTION('',(0.,1.,0.));
#2155 = DIRECTION('',(0.,-0.,1.));
#2156 = PLANE('',#2157);
#2157 = AXIS2_PLACEMENT_3D('',#2158,#2159,#2160);
#2158 = CARTESIAN_POINT('',(-50.,62.,-202.));
#2159 = DIRECTION('',(-0.,1.,0.));
#2160 = DIRECTION('',(0.,0.,1.));
#2161 = ADVANCED_FACE('',(#2162),#2173,.F.);
#2162 = FACE_BOUND('',#2163,.F.);
#2163 = EDGE_LOOP('',(#2164,#2165,#2166,#2172));
#2164 = ORIENTED_EDGE('',*,*,#2034,.F.);
#2165 = ORIENTED_EDGE('',*,*,#2064,.T.);
#2166 = ORIENTED_EDGE('',*,*,#2167,.T.);
#2167 = EDGE_CURVE('',#2065,#2131,#2168,.T.);
#2168 = LINE('',#2169,#2170);
#2169 = CARTESIAN_POINT('',(50.,56.,-202.));
#2170 = VECTOR('',#2171,1.);
#2171 = DIRECTION('',(-0.,1.,0.));
#2172 = ORIENTED_EDGE('',*,*,#2130,.F.);
#2173 = PLANE('',#2174);
#2174 = AXIS2_PLACEMENT_3D('',#2175,#2176,#2177);
#2175 = CARTESIAN_POINT('',(-50.,56.,-202.));
#2176 = DIRECTION('',(0.,0.,1.));
#2177 = DIRECTION('',(1.,0.,-0.));
#2178 = ADVANCED_FACE('',(#2179),#2185,.T.);
#2179 = FACE_BOUND('',#2180,.T.);
#2180 = EDGE_LOOP('',(#2181,#2182,#2183,#2184));
#2181 = ORIENTED_EDGE('',*,*,#2081,.F.);
#2182 = ORIENTED_EDGE('',*,*,#2167,.T.);
#2183 = ORIENTED_EDGE('',*,*,#2140,.T.);
#2184 = ORIENTED_EDGE('',*,*,#2108,.F.);
#2185 = PLANE('',#2186);
#2186 = AXIS2_PLACEMENT_3D('',#2187,#2188,#2189);
#2187 = CARTESIAN_POINT('',(50.,56.,-202.));
#2188 = DIRECTION('',(1.,0.,-0.));
#2189 = DIRECTION('',(0.,0.,1.));
#2190 = ADVANCED_FACE('',(#2191),#2202,.F.);
#2191 = FACE_BOUND('',#2192,.F.);
#2192 = EDGE_LOOP('',(#2193,#2194,#2200,#2201));
#2193 = ORIENTED_EDGE('',*,*,#2148,.F.);
#2194 = ORIENTED_EDGE('',*,*,#2195,.F.);
#2195 = EDGE_CURVE('',#2090,#2149,#2196,.T.);
#2196 = LINE('',#2197,#2198);
#2197 = CARTESIAN_POINT('',(-2.204364238465E-15,56.,-151.));
#2198 = VECTOR('',#2199,1.);
#2199 = DIRECTION('',(0.,1.,0.));
#2200 = ORIENTED_EDGE('',*,*,#2089,.T.);
#2201 = ORIENTED_EDGE('',*,*,#2195,.T.);
#2202 = CYLINDRICAL_SURFACE('',#2203,9.);
#2203 = AXIS2_PLACEMENT_3D('',#2204,#2205,#2206);
#2204 = CARTESIAN_POINT('',(0.,56.,-160.));
#2205 = DIRECTION('',(0.,1.,0.));
#2206 = DIRECTION('',(0.,-0.,1.));
#2207 = ( GEOMETRIC_REPRESENTATION_CONTEXT(3) 
GLOBAL_UNCERTAINTY_ASSIGNED_CONTEXT((#2211)) 
GLOBAL_UNIT_ASSIGNED_CONTEXT((#2208,#2209,#2210)) REPRESENTATION_CONTEXT
('Context #1','3D Context with UNIT and UNCERTAINTY') );
#2208 = ( LENGTH_UNIT() NAMED_UNIT(*) SI_UNIT(.MILLI.,.METRE.) );
#2209 = ( NAMED_UNIT(*) PLANE_ANGLE_UNIT() SI_UNIT($,.RADIAN.) );
#2210 = ( NAMED_UNIT(*) SI_UNIT($,.STERADIAN.) SOLID_ANGLE_UNIT() );
#2211 = UNCERTAINTY_MEASURE_WITH_UNIT(LENGTH_MEASURE(1.E-07),#2208,
  'distance_accuracy_value','confusion accuracy');
#2212 = CONTEXT_DEPENDENT_SHAPE_REPRESENTATION(#2213,#2215);
#2213 = ( REPRESENTATION_RELATIONSHIP('','',#2017,#10) 
REPRESENTATION_RELATIONSHIP_WITH_TRANSFORMATION(#2214) 
SHAPE_REPRESENTATION_RELATIONSHIP() );
#2214 = ITEM_DEFINED_TRANSFORMATION('','',#11,#43);
#2215 = PRODUCT_DEFINITION_SHAPE('Placement','Placement of an item',
  #2216);
#2216 = NEXT_ASSEMBLY_USAGE_OCCURRENCE('8','2_主框架耳板L','',#5,
  #2012,$);
#2217 = PRODUCT_RELATED_PRODUCT_CATEGORY('part',$,(#2014));
#2218 = SHAPE_DEFINITION_REPRESENTATION(#2219,#2225);
#2219 = PRODUCT_DEFINITION_SHAPE('','',#2220);
#2220 = PRODUCT_DEFINITION('design','',#2221,#2224);
#2221 = PRODUCT_DEFINITION_FORMATION('','',#2222);
#2222 = PRODUCT('2_主框架耳板R','2_主框架耳板R','',(#2223));
#2223 = PRODUCT_CONTEXT('',#2,'mechanical');
#2224 = PRODUCT_DEFINITION_CONTEXT('part definition',#2,'design');
#2225 = ADVANCED_BREP_SHAPE_REPRESENTATION('',(#11,#2226),#2415);
#2226 = MANIFOLD_SOLID_BREP('',#2227);
#2227 = CLOSED_SHELL('',(#2228,#2268,#2310,#2334,#2369,#2386,#2398));
#2228 = ADVANCED_FACE('',(#2229),#2263,.F.);
#2229 = FACE_BOUND('',#2230,.F.);
#2230 = EDGE_LOOP('',(#2231,#2241,#2249,#2257));
#2231 = ORIENTED_EDGE('',*,*,#2232,.F.);
#2232 = EDGE_CURVE('',#2233,#2235,#2237,.T.);
#2233 = VERTEX_POINT('',#2234);
#2234 = CARTESIAN_POINT('',(-50.,-62.,-202.));
#2235 = VERTEX_POINT('',#2236);
#2236 = CARTESIAN_POINT('',(-50.,-62.,-52.));
#2237 = LINE('',#2238,#2239);
#2238 = CARTESIAN_POINT('',(-50.,-62.,-202.));
#2239 = VECTOR('',#2240,1.);
#2240 = DIRECTION('',(0.,0.,1.));
#2241 = ORIENTED_EDGE('',*,*,#2242,.T.);
#2242 = EDGE_CURVE('',#2233,#2243,#2245,.T.);
#2243 = VERTEX_POINT('',#2244);
#2244 = CARTESIAN_POINT('',(-50.,-56.,-202.));
#2245 = LINE('',#2246,#2247);
#2246 = CARTESIAN_POINT('',(-50.,-62.,-202.));
#2247 = VECTOR('',#2248,1.);
#2248 = DIRECTION('',(-0.,1.,0.));
#2249 = ORIENTED_EDGE('',*,*,#2250,.T.);
#2250 = EDGE_CURVE('',#2243,#2251,#2253,.T.);
#2251 = VERTEX_POINT('',#2252);
#2252 = CARTESIAN_POINT('',(-50.,-56.,-52.));
#2253 = LINE('',#2254,#2255);
#2254 = CARTESIAN_POINT('',(-50.,-56.,-202.));
#2255 = VECTOR('',#2256,1.);
#2256 = DIRECTION('',(0.,0.,1.));
#2257 = ORIENTED_EDGE('',*,*,#2258,.F.);
#2258 = EDGE_CURVE('',#2235,#2251,#2259,.T.);
#2259 = LINE('',#2260,#2261);
#2260 = CARTESIAN_POINT('',(-50.,-62.,-52.));
#2261 = VECTOR('',#2262,1.);
#2262 = DIRECTION('',(-0.,1.,0.));
#2263 = PLANE('',#2264);
#2264 = AXIS2_PLACEMENT_3D('',#2265,#2266,#2267);
#2265 = CARTESIAN_POINT('',(-50.,-62.,-202.));
#2266 = DIRECTION('',(1.,0.,-0.));
#2267 = DIRECTION('',(0.,0.,1.));
#2268 = ADVANCED_FACE('',(#2269,#2294),#2305,.F.);
#2269 = FACE_BOUND('',#2270,.F.);
#2270 = EDGE_LOOP('',(#2271,#2279,#2280,#2288));
#2271 = ORIENTED_EDGE('',*,*,#2272,.F.);
#2272 = EDGE_CURVE('',#2233,#2273,#2275,.T.);
#2273 = VERTEX_POINT('',#2274);
#2274 = CARTESIAN_POINT('',(50.,-62.,-202.));
#2275 = LINE('',#2276,#2277);
#2276 = CARTESIAN_POINT('',(-50.,-62.,-202.));
#2277 = VECTOR('',#2278,1.);
#2278 = DIRECTION('',(1.,0.,-0.));
#2279 = ORIENTED_EDGE('',*,*,#2232,.T.);
#2280 = ORIENTED_EDGE('',*,*,#2281,.T.);
#2281 = EDGE_CURVE('',#2235,#2282,#2284,.T.);
#2282 = VERTEX_POINT('',#2283);
#2283 = CARTESIAN_POINT('',(50.,-62.,-52.));
#2284 = LINE('',#2285,#2286);
#2285 = CARTESIAN_POINT('',(-50.,-62.,-52.));
#2286 = VECTOR('',#2287,1.);
#2287 = DIRECTION('',(1.,0.,-0.));
#2288 = ORIENTED_EDGE('',*,*,#2289,.F.);
#2289 = EDGE_CURVE('',#2273,#2282,#2290,.T.);
#2290 = LINE('',#2291,#2292);
#2291 = CARTESIAN_POINT('',(50.,-62.,-202.));
#2292 = VECTOR('',#2293,1.);
#2293 = DIRECTION('',(0.,0.,1.));
#2294 = FACE_BOUND('',#2295,.F.);
#2295 = EDGE_LOOP('',(#2296));
#2296 = ORIENTED_EDGE('',*,*,#2297,.F.);
#2297 = EDGE_CURVE('',#2298,#2298,#2300,.T.);
#2298 = VERTEX_POINT('',#2299);
#2299 = CARTESIAN_POINT('',(-2.204364238465E-15,-62.,-151.));
#2300 = CIRCLE('',#2301,9.);
#2301 = AXIS2_PLACEMENT_3D('',#2302,#2303,#2304);
#2302 = CARTESIAN_POINT('',(0.,-62.,-160.));
#2303 = DIRECTION('',(0.,1.,0.));
#2304 = DIRECTION('',(0.,-0.,1.));
#2305 = PLANE('',#2306);
#2306 = AXIS2_PLACEMENT_3D('',#2307,#2308,#2309);
#2307 = CARTESIAN_POINT('',(-50.,-62.,-202.));
#2308 = DIRECTION('',(-0.,1.,0.));
#2309 = DIRECTION('',(0.,0.,1.));
#2310 = ADVANCED_FACE('',(#2311),#2329,.T.);
#2311 = FACE_BOUND('',#2312,.T.);
#2312 = EDGE_LOOP('',(#2313,#2314,#2315,#2323));
#2313 = ORIENTED_EDGE('',*,*,#2258,.F.);
#2314 = ORIENTED_EDGE('',*,*,#2281,.T.);
#2315 = ORIENTED_EDGE('',*,*,#2316,.T.);
#2316 = EDGE_CURVE('',#2282,#2317,#2319,.T.);
#2317 = VERTEX_POINT('',#2318);
#2318 = CARTESIAN_POINT('',(50.,-56.,-52.));
#2319 = LINE('',#2320,#2321);
#2320 = CARTESIAN_POINT('',(50.,-62.,-52.));
#2321 = VECTOR('',#2322,1.);
#2322 = DIRECTION('',(-0.,1.,0.));
#2323 = ORIENTED_EDGE('',*,*,#2324,.F.);
#2324 = EDGE_CURVE('',#2251,#2317,#2325,.T.);
#2325 = LINE('',#2326,#2327);
#2326 = CARTESIAN_POINT('',(-50.,-56.,-52.));
#2327 = VECTOR('',#2328,1.);
#2328 = DIRECTION('',(1.,0.,-0.));
#2329 = PLANE('',#2330);
#2330 = AXIS2_PLACEMENT_3D('',#2331,#2332,#2333);
#2331 = CARTESIAN_POINT('',(-50.,-62.,-52.));
#2332 = DIRECTION('',(0.,0.,1.));
#2333 = DIRECTION('',(1.,0.,-0.));
#2334 = ADVANCED_FACE('',(#2335,#2353),#2364,.T.);
#2335 = FACE_BOUND('',#2336,.T.);
#2336 = EDGE_LOOP('',(#2337,#2345,#2346,#2347));
#2337 = ORIENTED_EDGE('',*,*,#2338,.F.);
#2338 = EDGE_CURVE('',#2243,#2339,#2341,.T.);
#2339 = VERTEX_POINT('',#2340);
#2340 = CARTESIAN_POINT('',(50.,-56.,-202.));
#2341 = LINE('',#2342,#2343);
#2342 = CARTESIAN_POINT('',(-50.,-56.,-202.));
#2343 = VECTOR('',#2344,1.);
#2344 = DIRECTION('',(1.,0.,-0.));
#2345 = ORIENTED_EDGE('',*,*,#2250,.T.);
#2346 = ORIENTED_EDGE('',*,*,#2324,.T.);
#2347 = ORIENTED_EDGE('',*,*,#2348,.F.);
#2348 = EDGE_CURVE('',#2339,#2317,#2349,.T.);
#2349 = LINE('',#2350,#2351);
#2350 = CARTESIAN_POINT('',(50.,-56.,-202.));
#2351 = VECTOR('',#2352,1.);
#2352 = DIRECTION('',(0.,0.,1.));
#2353 = FACE_BOUND('',#2354,.T.);
#2354 = EDGE_LOOP('',(#2355));
#2355 = ORIENTED_EDGE('',*,*,#2356,.F.);
#2356 = EDGE_CURVE('',#2357,#2357,#2359,.T.);
#2357 = VERTEX_POINT('',#2358);
#2358 = CARTESIAN_POINT('',(-2.204364238465E-15,-56.,-151.));
#2359 = CIRCLE('',#2360,9.);
#2360 = AXIS2_PLACEMENT_3D('',#2361,#2362,#2363);
#2361 = CARTESIAN_POINT('',(0.,-56.,-160.));
#2362 = DIRECTION('',(0.,1.,0.));
#2363 = DIRECTION('',(0.,-0.,1.));
#2364 = PLANE('',#2365);
#2365 = AXIS2_PLACEMENT_3D('',#2366,#2367,#2368);
#2366 = CARTESIAN_POINT('',(-50.,-56.,-202.));
#2367 = DIRECTION('',(-0.,1.,0.));
#2368 = DIRECTION('',(0.,0.,1.));
#2369 = ADVANCED_FACE('',(#2370),#2381,.F.);
#2370 = FACE_BOUND('',#2371,.F.);
#2371 = EDGE_LOOP('',(#2372,#2373,#2374,#2380));
#2372 = ORIENTED_EDGE('',*,*,#2242,.F.);
#2373 = ORIENTED_EDGE('',*,*,#2272,.T.);
#2374 = ORIENTED_EDGE('',*,*,#2375,.T.);
#2375 = EDGE_CURVE('',#2273,#2339,#2376,.T.);
#2376 = LINE('',#2377,#2378);
#2377 = CARTESIAN_POINT('',(50.,-62.,-202.));
#2378 = VECTOR('',#2379,1.);
#2379 = DIRECTION('',(-0.,1.,0.));
#2380 = ORIENTED_EDGE('',*,*,#2338,.F.);
#2381 = PLANE('',#2382);
#2382 = AXIS2_PLACEMENT_3D('',#2383,#2384,#2385);
#2383 = CARTESIAN_POINT('',(-50.,-62.,-202.));
#2384 = DIRECTION('',(0.,0.,1.));
#2385 = DIRECTION('',(1.,0.,-0.));
#2386 = ADVANCED_FACE('',(#2387),#2393,.T.);
#2387 = FACE_BOUND('',#2388,.T.);
#2388 = EDGE_LOOP('',(#2389,#2390,#2391,#2392));
#2389 = ORIENTED_EDGE('',*,*,#2289,.F.);
#2390 = ORIENTED_EDGE('',*,*,#2375,.T.);
#2391 = ORIENTED_EDGE('',*,*,#2348,.T.);
#2392 = ORIENTED_EDGE('',*,*,#2316,.F.);
#2393 = PLANE('',#2394);
#2394 = AXIS2_PLACEMENT_3D('',#2395,#2396,#2397);
#2395 = CARTESIAN_POINT('',(50.,-62.,-202.));
#2396 = DIRECTION('',(1.,0.,-0.));
#2397 = DIRECTION('',(0.,0.,1.));
#2398 = ADVANCED_FACE('',(#2399),#2410,.F.);
#2399 = FACE_BOUND('',#2400,.F.);
#2400 = EDGE_LOOP('',(#2401,#2402,#2408,#2409));
#2401 = ORIENTED_EDGE('',*,*,#2356,.F.);
#2402 = ORIENTED_EDGE('',*,*,#2403,.F.);
#2403 = EDGE_CURVE('',#2298,#2357,#2404,.T.);
#2404 = LINE('',#2405,#2406);
#2405 = CARTESIAN_POINT('',(-2.204364238465E-15,-62.,-151.));
#2406 = VECTOR('',#2407,1.);
#2407 = DIRECTION('',(0.,1.,0.));
#2408 = ORIENTED_EDGE('',*,*,#2297,.T.);
#2409 = ORIENTED_EDGE('',*,*,#2403,.T.);
#2410 = CYLINDRICAL_SURFACE('',#2411,9.);
#2411 = AXIS2_PLACEMENT_3D('',#2412,#2413,#2414);
#2412 = CARTESIAN_POINT('',(0.,-62.,-160.));
#2413 = DIRECTION('',(0.,1.,0.));
#2414 = DIRECTION('',(0.,-0.,1.));
#2415 = ( GEOMETRIC_REPRESENTATION_CONTEXT(3) 
GLOBAL_UNCERTAINTY_ASSIGNED_CONTEXT((#2419)) 
GLOBAL_UNIT_ASSIGNED_CONTEXT((#2416,#2417,#2418)) REPRESENTATION_CONTEXT
('Context #1','3D Context with UNIT and UNCERTAINTY') );
#2416 = ( LENGTH_UNIT() NAMED_UNIT(*) SI_UNIT(.MILLI.,.METRE.) );
#2417 = ( NAMED_UNIT(*) PLANE_ANGLE_UNIT() SI_UNIT($,.RADIAN.) );
#2418 = ( NAMED_UNIT(*) SI_UNIT($,.STERADIAN.) SOLID_ANGLE_UNIT() );
#2419 = UNCERTAINTY_MEASURE_WITH_UNIT(LENGTH_MEASURE(1.E-07),#2416,
  'distance_accuracy_value','confusion accuracy');
#2420 = CONTEXT_DEPENDENT_SHAPE_REPRESENTATION(#2421,#2423);
#2421 = ( REPRESENTATION_RELATIONSHIP('','',#2225,#10) 
REPRESENTATION_RELATIONSHIP_WITH_TRANSFORMATION(#2422) 
SHAPE_REPRESENTATION_RELATIONSHIP() );
#2422 = ITEM_DEFINED_TRANSFORMATION('','',#11,#47);
#2423 = PRODUCT_DEFINITION_SHAPE('Placement','Placement of an item',
  #2424);
#2424 = NEXT_ASSEMBLY_USAGE_OCCURRENCE('9','2_主框架耳板R','',#5,
  #2220,$);
#2425 = PRODUCT_RELATED_PRODUCT_CATEGORY('part',$,(#2222));
#2426 = SHAPE_DEFINITION_REPRESENTATION(#2427,#2433);
#2427 = PRODUCT_DEFINITION_SHAPE('','',#2428);
#2428 = PRODUCT_DEFINITION('design','',#2429,#2432);
#2429 = PRODUCT_DEFINITION_FORMATION('','',#2430);
#2430 = PRODUCT('3_激光扫描头(RIEGL miniVUX-3UAV)',
  '3_激光扫描头(RIEGL miniVUX-3UAV)','',(#2431));
#2431 = PRODUCT_CONTEXT('',#2,'mechanical');
#2432 = PRODUCT_DEFINITION_CONTEXT('part definition',#2,'design');
#2433 = ADVANCED_BREP_SHAPE_REPRESENTATION('',(#11,#2434),#2750);
#2434 = MANIFOLD_SOLID_BREP('',#2435);
#2435 = CLOSED_SHELL('',(#2436,#2476,#2523,#2547,#2587,#2604,#2637,#2659
    ,#2671,#2704,#2721,#2738));
#2436 = ADVANCED_FACE('',(#2437),#2471,.F.);
#2437 = FACE_BOUND('',#2438,.F.);
#2438 = EDGE_LOOP('',(#2439,#2449,#2457,#2465));
#2439 = ORIENTED_EDGE('',*,*,#2440,.F.);
#2440 = EDGE_CURVE('',#2441,#2443,#2445,.T.);
#2441 = VERTEX_POINT('',#2442);
#2442 = CARTESIAN_POINT('',(-121.5,-49.5,-202.5));
#2443 = VERTEX_POINT('',#2444);
#2444 = CARTESIAN_POINT('',(-121.5,-49.5,-117.5));
#2445 = LINE('',#2446,#2447);
#2446 = CARTESIAN_POINT('',(-121.5,-49.5,-202.5));
#2447 = VECTOR('',#2448,1.);
#2448 = DIRECTION('',(0.,0.,1.));
#2449 = ORIENTED_EDGE('',*,*,#2450,.T.);
#2450 = EDGE_CURVE('',#2441,#2451,#2453,.T.);
#2451 = VERTEX_POINT('',#2452);
#2452 = CARTESIAN_POINT('',(-121.5,49.5,-202.5));
#2453 = LINE('',#2454,#2455);
#2454 = CARTESIAN_POINT('',(-121.5,-49.5,-202.5));
#2455 = VECTOR('',#2456,1.);
#2456 = DIRECTION('',(-0.,1.,0.));
#2457 = ORIENTED_EDGE('',*,*,#2458,.T.);
#2458 = EDGE_CURVE('',#2451,#2459,#2461,.T.);
#2459 = VERTEX_POINT('',#2460);
#2460 = CARTESIAN_POINT('',(-121.5,49.5,-117.5));
#2461 = LINE('',#2462,#2463);
#2462 = CARTESIAN_POINT('',(-121.5,49.5,-202.5));
#2463 = VECTOR('',#2464,1.);
#2464 = DIRECTION('',(0.,0.,1.));
#2465 = ORIENTED_EDGE('',*,*,#2466,.F.);
#2466 = EDGE_CURVE('',#2443,#2459,#2467,.T.);
#2467 = LINE('',#2468,#2469);
#2468 = CARTESIAN_POINT('',(-121.5,-49.5,-117.5));
#2469 = VECTOR('',#2470,1.);
#2470 = DIRECTION('',(-0.,1.,0.));
#2471 = PLANE('',#2472);
#2472 = AXIS2_PLACEMENT_3D('',#2473,#2474,#2475);
#2473 = CARTESIAN_POINT('',(-121.5,-49.5,-202.5));
#2474 = DIRECTION('',(1.,0.,-0.));
#2475 = DIRECTION('',(0.,0.,1.));
#2476 = ADVANCED_FACE('',(#2477),#2518,.F.);
#2477 = FACE_BOUND('',#2478,.F.);
#2478 = EDGE_LOOP('',(#2479,#2487,#2488,#2496,#2504,#2512));
#2479 = ORIENTED_EDGE('',*,*,#2480,.F.);
#2480 = EDGE_CURVE('',#2441,#2481,#2483,.T.);
#2481 = VERTEX_POINT('',#2482);
#2482 = CARTESIAN_POINT('',(30.,-49.5,-202.5));
#2483 = LINE('',#2484,#2485);
#2484 = CARTESIAN_POINT('',(-121.5,-49.5,-202.5));
#2485 = VECTOR('',#2486,1.);
#2486 = DIRECTION('',(1.,0.,-0.));
#2487 = ORIENTED_EDGE('',*,*,#2440,.T.);
#2488 = ORIENTED_EDGE('',*,*,#2489,.T.);
#2489 = EDGE_CURVE('',#2443,#2490,#2492,.T.);
#2490 = VERTEX_POINT('',#2491);
#2491 = CARTESIAN_POINT('',(121.5,-49.5,-117.5));
#2492 = LINE('',#2493,#2494);
#2493 = CARTESIAN_POINT('',(-121.5,-49.5,-117.5));
#2494 = VECTOR('',#2495,1.);
#2495 = DIRECTION('',(1.,0.,-0.));
#2496 = ORIENTED_EDGE('',*,*,#2497,.F.);
#2497 = EDGE_CURVE('',#2498,#2490,#2500,.T.);
#2498 = VERTEX_POINT('',#2499);
#2499 = CARTESIAN_POINT('',(121.5,-49.5,-202.5));
#2500 = LINE('',#2501,#2502);
#2501 = CARTESIAN_POINT('',(121.5,-49.5,-202.5));
#2502 = VECTOR('',#2503,1.);
#2503 = DIRECTION('',(0.,0.,1.));
#2504 = ORIENTED_EDGE('',*,*,#2505,.F.);
#2505 = EDGE_CURVE('',#2506,#2498,#2508,.T.);
#2506 = VERTEX_POINT('',#2507);
#2507 = CARTESIAN_POINT('',(90.,-49.5,-202.5));
#2508 = LINE('',#2509,#2510);
#2509 = CARTESIAN_POINT('',(-121.5,-49.5,-202.5));
#2510 = VECTOR('',#2511,1.);
#2511 = DIRECTION('',(1.,0.,-0.));
#2512 = ORIENTED_EDGE('',*,*,#2513,.F.);
#2513 = EDGE_CURVE('',#2481,#2506,#2514,.T.);
#2514 = LINE('',#2515,#2516);
#2515 = CARTESIAN_POINT('',(-121.5,-49.5,-202.5));
#2516 = VECTOR('',#2517,1.);
#2517 = DIRECTION('',(1.,0.,-0.));
#2518 = PLANE('',#2519);
#2519 = AXIS2_PLACEMENT_3D('',#2520,#2521,#2522);
#2520 = CARTESIAN_POINT('',(-121.5,-49.5,-202.5));
#2521 = DIRECTION('',(-0.,1.,0.));
#2522 = DIRECTION('',(0.,0.,1.));
#2523 = ADVANCED_FACE('',(#2524),#2542,.T.);
#2524 = FACE_BOUND('',#2525,.T.);
#2525 = EDGE_LOOP('',(#2526,#2527,#2528,#2536));
#2526 = ORIENTED_EDGE('',*,*,#2466,.F.);
#2527 = ORIENTED_EDGE('',*,*,#2489,.T.);
#2528 = ORIENTED_EDGE('',*,*,#2529,.T.);
#2529 = EDGE_CURVE('',#2490,#2530,#2532,.T.);
#2530 = VERTEX_POINT('',#2531);
#2531 = CARTESIAN_POINT('',(121.5,49.5,-117.5));
#2532 = LINE('',#2533,#2534);
#2533 = CARTESIAN_POINT('',(121.5,-49.5,-117.5));
#2534 = VECTOR('',#2535,1.);
#2535 = DIRECTION('',(-0.,1.,0.));
#2536 = ORIENTED_EDGE('',*,*,#2537,.F.);
#2537 = EDGE_CURVE('',#2459,#2530,#2538,.T.);
#2538 = LINE('',#2539,#2540);
#2539 = CARTESIAN_POINT('',(-121.5,49.5,-117.5));
#2540 = VECTOR('',#2541,1.);
#2541 = DIRECTION('',(1.,0.,-0.));
#2542 = PLANE('',#2543);
#2543 = AXIS2_PLACEMENT_3D('',#2544,#2545,#2546);
#2544 = CARTESIAN_POINT('',(-121.5,-49.5,-117.5));
#2545 = DIRECTION('',(0.,0.,1.));
#2546 = DIRECTION('',(1.,0.,-0.));
#2547 = ADVANCED_FACE('',(#2548),#2582,.T.);
#2548 = FACE_BOUND('',#2549,.T.);
#2549 = EDGE_LOOP('',(#2550,#2558,#2559,#2560,#2568,#2576));
#2550 = ORIENTED_EDGE('',*,*,#2551,.F.);
#2551 = EDGE_CURVE('',#2451,#2552,#2554,.T.);
#2552 = VERTEX_POINT('',#2553);
#2553 = CARTESIAN_POINT('',(30.,49.5,-202.5));
#2554 = LINE('',#2555,#2556);
#2555 = CARTESIAN_POINT('',(-121.5,49.5,-202.5));
#2556 = VECTOR('',#2557,1.);
#2557 = DIRECTION('',(1.,0.,-0.));
#2558 = ORIENTED_EDGE('',*,*,#2458,.T.);
#2559 = ORIENTED_EDGE('',*,*,#2537,.T.);
#2560 = ORIENTED_EDGE('',*,*,#2561,.F.);
#2561 = EDGE_CURVE('',#2562,#2530,#2564,.T.);
#2562 = VERTEX_POINT('',#2563);
#2563 = CARTESIAN_POINT('',(121.5,49.5,-202.5));
#2564 = LINE('',#2565,#2566);
#2565 = CARTESIAN_POINT('',(121.5,49.5,-202.5));
#2566 = VECTOR('',#2567,1.);
#2567 = DIRECTION('',(0.,0.,1.));
#2568 = ORIENTED_EDGE('',*,*,#2569,.F.);
#2569 = EDGE_CURVE('',#2570,#2562,#2572,.T.);
#2570 = VERTEX_POINT('',#2571);
#2571 = CARTESIAN_POINT('',(90.,49.5,-202.5));
#2572 = LINE('',#2573,#2574);
#2573 = CARTESIAN_POINT('',(-121.5,49.5,-202.5));
#2574 = VECTOR('',#2575,1.);
#2575 = DIRECTION('',(1.,0.,-0.));
#2576 = ORIENTED_EDGE('',*,*,#2577,.F.);
#2577 = EDGE_CURVE('',#2552,#2570,#2578,.T.);
#2578 = LINE('',#2579,#2580);
#2579 = CARTESIAN_POINT('',(-121.5,49.5,-202.5));
#2580 = VECTOR('',#2581,1.);
#2581 = DIRECTION('',(1.,0.,-0.));
#2582 = PLANE('',#2583);
#2583 = AXIS2_PLACEMENT_3D('',#2584,#2585,#2586);
#2584 = CARTESIAN_POINT('',(-121.5,49.5,-202.5));
#2585 = DIRECTION('',(-0.,1.,0.));
#2586 = DIRECTION('',(0.,0.,1.));
#2587 = ADVANCED_FACE('',(#2588),#2599,.F.);
#2588 = FACE_BOUND('',#2589,.F.);
#2589 = EDGE_LOOP('',(#2590,#2591,#2592,#2593));
#2590 = ORIENTED_EDGE('',*,*,#2551,.F.);
#2591 = ORIENTED_EDGE('',*,*,#2450,.F.);
#2592 = ORIENTED_EDGE('',*,*,#2480,.T.);
#2593 = ORIENTED_EDGE('',*,*,#2594,.T.);
#2594 = EDGE_CURVE('',#2481,#2552,#2595,.T.);
#2595 = LINE('',#2596,#2597);
#2596 = CARTESIAN_POINT('',(30.,-49.5,-202.5));
#2597 = VECTOR('',#2598,1.);
#2598 = DIRECTION('',(0.,1.,0.));
#2599 = PLANE('',#2600);
#2600 = AXIS2_PLACEMENT_3D('',#2601,#2602,#2603);
#2601 = CARTESIAN_POINT('',(-121.5,-49.5,-202.5));
#2602 = DIRECTION('',(0.,0.,1.));
#2603 = DIRECTION('',(1.,0.,-0.));
#2604 = ADVANCED_FACE('',(#2605),#2632,.F.);
#2605 = FACE_BOUND('',#2606,.F.);
#2606 = EDGE_LOOP('',(#2607,#2608,#2617,#2625));
#2607 = ORIENTED_EDGE('',*,*,#2513,.T.);
#2608 = ORIENTED_EDGE('',*,*,#2609,.T.);
#2609 = EDGE_CURVE('',#2506,#2610,#2612,.T.);
#2610 = VERTEX_POINT('',#2611);
#2611 = CARTESIAN_POINT('',(82.360679774997,-49.5,-222.5));
#2612 = CIRCLE('',#2613,30.);
#2613 = AXIS2_PLACEMENT_3D('',#2614,#2615,#2616);
#2614 = CARTESIAN_POINT('',(60.,-49.5,-202.5));
#2615 = DIRECTION('',(0.,1.,0.));
#2616 = DIRECTION('',(0.,-0.,1.));
#2617 = ORIENTED_EDGE('',*,*,#2618,.F.);
#2618 = EDGE_CURVE('',#2619,#2610,#2621,.T.);
#2619 = VERTEX_POINT('',#2620);
#2620 = CARTESIAN_POINT('',(37.639320225003,-49.5,-222.5));
#2621 = LINE('',#2622,#2623);
#2622 = CARTESIAN_POINT('',(20.,-49.5,-222.5));
#2623 = VECTOR('',#2624,1.);
#2624 = DIRECTION('',(1.,0.,-0.));
#2625 = ORIENTED_EDGE('',*,*,#2626,.T.);
#2626 = EDGE_CURVE('',#2619,#2481,#2627,.T.);
#2627 = CIRCLE('',#2628,30.);
#2628 = AXIS2_PLACEMENT_3D('',#2629,#2630,#2631);
#2629 = CARTESIAN_POINT('',(60.,-49.5,-202.5));
#2630 = DIRECTION('',(0.,1.,0.));
#2631 = DIRECTION('',(0.,-0.,1.));
#2632 = PLANE('',#2633);
#2633 = AXIS2_PLACEMENT_3D('',#2634,#2635,#2636);
#2634 = CARTESIAN_POINT('',(60.,-49.5,-202.5));
#2635 = DIRECTION('',(0.,1.,0.));
#2636 = DIRECTION('',(0.,-0.,1.));
#2637 = ADVANCED_FACE('',(#2638),#2654,.F.);
#2638 = FACE_BOUND('',#2639,.F.);
#2639 = EDGE_LOOP('',(#2640,#2641,#2647,#2648));
#2640 = ORIENTED_EDGE('',*,*,#2569,.F.);
#2641 = ORIENTED_EDGE('',*,*,#2642,.F.);
#2642 = EDGE_CURVE('',#2506,#2570,#2643,.T.);
#2643 = LINE('',#2644,#2645);
#2644 = CARTESIAN_POINT('',(90.,-49.5,-202.5));
#2645 = VECTOR('',#2646,1.);
#2646 = DIRECTION('',(0.,1.,0.));
#2647 = ORIENTED_EDGE('',*,*,#2505,.T.);
#2648 = ORIENTED_EDGE('',*,*,#2649,.T.);
#2649 = EDGE_CURVE('',#2498,#2562,#2650,.T.);
#2650 = LINE('',#2651,#2652);
#2651 = CARTESIAN_POINT('',(121.5,-49.5,-202.5));
#2652 = VECTOR('',#2653,1.);
#2653 = DIRECTION('',(-0.,1.,0.));
#2654 = PLANE('',#2655);
#2655 = AXIS2_PLACEMENT_3D('',#2656,#2657,#2658);
#2656 = CARTESIAN_POINT('',(-121.5,-49.5,-202.5));
#2657 = DIRECTION('',(0.,0.,1.));
#2658 = DIRECTION('',(1.,0.,-0.));
#2659 = ADVANCED_FACE('',(#2660),#2666,.T.);
#2660 = FACE_BOUND('',#2661,.T.);
#2661 = EDGE_LOOP('',(#2662,#2663,#2664,#2665));
#2662 = ORIENTED_EDGE('',*,*,#2497,.F.);
#2663 = ORIENTED_EDGE('',*,*,#2649,.T.);
#2664 = ORIENTED_EDGE('',*,*,#2561,.T.);
#2665 = ORIENTED_EDGE('',*,*,#2529,.F.);
#2666 = PLANE('',#2667);
#2667 = AXIS2_PLACEMENT_3D('',#2668,#2669,#2670);
#2668 = CARTESIAN_POINT('',(121.5,-49.5,-202.5));
#2669 = DIRECTION('',(1.,0.,-0.));
#2670 = DIRECTION('',(0.,0.,1.));
#2671 = ADVANCED_FACE('',(#2672),#2699,.T.);
#2672 = FACE_BOUND('',#2673,.T.);
#2673 = EDGE_LOOP('',(#2674,#2675,#2684,#2692));
#2674 = ORIENTED_EDGE('',*,*,#2577,.T.);
#2675 = ORIENTED_EDGE('',*,*,#2676,.T.);
#2676 = EDGE_CURVE('',#2570,#2677,#2679,.T.);
#2677 = VERTEX_POINT('',#2678);
#2678 = CARTESIAN_POINT('',(82.360679774997,49.5,-222.5));
#2679 = CIRCLE('',#2680,30.);
#2680 = AXIS2_PLACEMENT_3D('',#2681,#2682,#2683);
#2681 = CARTESIAN_POINT('',(60.,49.5,-202.5));
#2682 = DIRECTION('',(0.,1.,0.));
#2683 = DIRECTION('',(0.,-0.,1.));
#2684 = ORIENTED_EDGE('',*,*,#2685,.F.);
#2685 = EDGE_CURVE('',#2686,#2677,#2688,.T.);
#2686 = VERTEX_POINT('',#2687);
#2687 = CARTESIAN_POINT('',(37.639320225003,49.5,-222.5));
#2688 = LINE('',#2689,#2690);
#2689 = CARTESIAN_POINT('',(20.,49.5,-222.5));
#2690 = VECTOR('',#2691,1.);
#2691 = DIRECTION('',(1.,0.,-0.));
#2692 = ORIENTED_EDGE('',*,*,#2693,.T.);
#2693 = EDGE_CURVE('',#2686,#2552,#2694,.T.);
#2694 = CIRCLE('',#2695,30.);
#2695 = AXIS2_PLACEMENT_3D('',#2696,#2697,#2698);
#2696 = CARTESIAN_POINT('',(60.,49.5,-202.5));
#2697 = DIRECTION('',(0.,1.,0.));
#2698 = DIRECTION('',(0.,-0.,1.));
#2699 = PLANE('',#2700);
#2700 = AXIS2_PLACEMENT_3D('',#2701,#2702,#2703);
#2701 = CARTESIAN_POINT('',(60.,49.5,-202.5));
#2702 = DIRECTION('',(0.,1.,0.));
#2703 = DIRECTION('',(0.,-0.,1.));
#2704 = ADVANCED_FACE('',(#2705),#2716,.T.);
#2705 = FACE_BOUND('',#2706,.T.);
#2706 = EDGE_LOOP('',(#2707,#2708,#2709,#2715));
#2707 = ORIENTED_EDGE('',*,*,#2594,.T.);
#2708 = ORIENTED_EDGE('',*,*,#2693,.F.);
#2709 = ORIENTED_EDGE('',*,*,#2710,.F.);
#2710 = EDGE_CURVE('',#2619,#2686,#2711,.T.);
#2711 = LINE('',#2712,#2713);
#2712 = CARTESIAN_POINT('',(37.639320225002,-49.5,-222.5));
#2713 = VECTOR('',#2714,1.);
#2714 = DIRECTION('',(0.,1.,0.));
#2715 = ORIENTED_EDGE('',*,*,#2626,.T.);
#2716 = CYLINDRICAL_SURFACE('',#2717,30.);
#2717 = AXIS2_PLACEMENT_3D('',#2718,#2719,#2720);
#2718 = CARTESIAN_POINT('',(60.,-49.5,-202.5));
#2719 = DIRECTION('',(0.,1.,0.));
#2720 = DIRECTION('',(0.,-0.,1.));
#2721 = ADVANCED_FACE('',(#2722),#2733,.F.);
#2722 = FACE_BOUND('',#2723,.F.);
#2723 = EDGE_LOOP('',(#2724,#2725,#2726,#2727));
#2724 = ORIENTED_EDGE('',*,*,#2685,.F.);
#2725 = ORIENTED_EDGE('',*,*,#2710,.F.);
#2726 = ORIENTED_EDGE('',*,*,#2618,.T.);
#2727 = ORIENTED_EDGE('',*,*,#2728,.T.);
#2728 = EDGE_CURVE('',#2610,#2677,#2729,.T.);
#2729 = LINE('',#2730,#2731);
#2730 = CARTESIAN_POINT('',(82.360679774998,-49.5,-222.5));
#2731 = VECTOR('',#2732,1.);
#2732 = DIRECTION('',(0.,1.,0.));
#2733 = PLANE('',#2734);
#2734 = AXIS2_PLACEMENT_3D('',#2735,#2736,#2737);
#2735 = CARTESIAN_POINT('',(20.,-49.5,-222.5));
#2736 = DIRECTION('',(0.,0.,1.));
#2737 = DIRECTION('',(1.,0.,-0.));
#2738 = ADVANCED_FACE('',(#2739),#2745,.T.);
#2739 = FACE_BOUND('',#2740,.T.);
#2740 = EDGE_LOOP('',(#2741,#2742,#2743,#2744));
#2741 = ORIENTED_EDGE('',*,*,#2676,.F.);
#2742 = ORIENTED_EDGE('',*,*,#2642,.F.);
#2743 = ORIENTED_EDGE('',*,*,#2609,.T.);
#2744 = ORIENTED_EDGE('',*,*,#2728,.T.);
#2745 = CYLINDRICAL_SURFACE('',#2746,30.);
#2746 = AXIS2_PLACEMENT_3D('',#2747,#2748,#2749);
#2747 = CARTESIAN_POINT('',(60.,-49.5,-202.5));
#2748 = DIRECTION('',(0.,1.,0.));
#2749 = DIRECTION('',(0.,-0.,1.));
#2750 = ( GEOMETRIC_REPRESENTATION_CONTEXT(3) 
GLOBAL_UNCERTAINTY_ASSIGNED_CONTEXT((#2754)) 
GLOBAL_UNIT_ASSIGNED_CONTEXT((#2751,#2752,#2753)) REPRESENTATION_CONTEXT
('Context #1','3D Context with UNIT and UNCERTAINTY') );
#2751 = ( LENGTH_UNIT() NAMED_UNIT(*) SI_UNIT(.MILLI.,.METRE.) );
#2752 = ( NAMED_UNIT(*) PLANE_ANGLE_UNIT() SI_UNIT($,.RADIAN.) );
#2753 = ( NAMED_UNIT(*) SI_UNIT($,.STERADIAN.) SOLID_ANGLE_UNIT() );
#2754 = UNCERTAINTY_MEASURE_WITH_UNIT(LENGTH_MEASURE(1.E-07),#2751,
  'distance_accuracy_value','confusion accuracy');
#2755 = CONTEXT_DEPENDENT_SHAPE_REPRESENTATION(#2756,#2758);
#2756 = ( REPRESENTATION_RELATIONSHIP('','',#2433,#10) 
REPRESENTATION_RELATIONSHIP_WITH_TRANSFORMATION(#2757) 
SHAPE_REPRESENTATION_RELATIONSHIP() );
#2757 = ITEM_DEFINED_TRANSFORMATION('','',#11,#51);
#2758 = PRODUCT_DEFINITION_SHAPE('Placement','Placement of an item',
  #2759);
#2759 = NEXT_ASSEMBLY_USAGE_OCCURRENCE('10',
  '3_激光扫描头(RIEGL miniVUX-3UAV)','',#5,#2428,$);
#2760 = PRODUCT_RELATED_PRODUCT_CATEGORY('part',$,(#2430));
#2761 = SHAPE_DEFINITION_REPRESENTATION(#2762,#2768);
#2762 = PRODUCT_DEFINITION_SHAPE('','',#2763);
#2763 = PRODUCT_DEFINITION('design','',#2764,#2767);
#2764 = PRODUCT_DEFINITION_FORMATION('','',#2765);
#2765 = PRODUCT('7_GNSS/INS(Applanix APX-15 UAV级)',
  '7_GNSS/INS(Applanix APX-15 UAV级)','',(#2766));
#2766 = PRODUCT_CONTEXT('',#2,'mechanical');
#2767 = PRODUCT_DEFINITION_CONTEXT('part definition',#2,'design');
#2768 = ADVANCED_BREP_SHAPE_REPRESENTATION('',(#11,#2769),#2919);
#2769 = MANIFOLD_SOLID_BREP('',#2770);
#2770 = CLOSED_SHELL('',(#2771,#2811,#2851,#2873,#2895,#2907));
#2771 = ADVANCED_FACE('',(#2772),#2806,.F.);
#2772 = FACE_BOUND('',#2773,.F.);
#2773 = EDGE_LOOP('',(#2774,#2784,#2792,#2800));
#2774 = ORIENTED_EDGE('',*,*,#2775,.F.);
#2775 = EDGE_CURVE('',#2776,#2778,#2780,.T.);
#2776 = VERTEX_POINT('',#2777);
#2777 = CARTESIAN_POINT('',(-33.5,-30.,-117.5));
#2778 = VERTEX_POINT('',#2779);
#2779 = CARTESIAN_POINT('',(-33.5,-30.,-102.5));
#2780 = LINE('',#2781,#2782);
#2781 = CARTESIAN_POINT('',(-33.5,-30.,-117.5));
#2782 = VECTOR('',#2783,1.);
#2783 = DIRECTION('',(0.,0.,1.));
#2784 = ORIENTED_EDGE('',*,*,#2785,.T.);
#2785 = EDGE_CURVE('',#2776,#2786,#2788,.T.);
#2786 = VERTEX_POINT('',#2787);
#2787 = CARTESIAN_POINT('',(-33.5,30.,-117.5));
#2788 = LINE('',#2789,#2790);
#2789 = CARTESIAN_POINT('',(-33.5,-30.,-117.5));
#2790 = VECTOR('',#2791,1.);
#2791 = DIRECTION('',(-0.,1.,0.));
#2792 = ORIENTED_EDGE('',*,*,#2793,.T.);
#2793 = EDGE_CURVE('',#2786,#2794,#2796,.T.);
#2794 = VERTEX_POINT('',#2795);
#2795 = CARTESIAN_POINT('',(-33.5,30.,-102.5));
#2796 = LINE('',#2797,#2798);
#2797 = CARTESIAN_POINT('',(-33.5,30.,-117.5));
#2798 = VECTOR('',#2799,1.);
#2799 = DIRECTION('',(0.,0.,1.));
#2800 = ORIENTED_EDGE('',*,*,#2801,.F.);
#2801 = EDGE_CURVE('',#2778,#2794,#2802,.T.);
#2802 = LINE('',#2803,#2804);
#2803 = CARTESIAN_POINT('',(-33.5,-30.,-102.5));
#2804 = VECTOR('',#2805,1.);
#2805 = DIRECTION('',(-0.,1.,0.));
#2806 = PLANE('',#2807);
#2807 = AXIS2_PLACEMENT_3D('',#2808,#2809,#2810);
#2808 = CARTESIAN_POINT('',(-33.5,-30.,-117.5));
#2809 = DIRECTION('',(1.,0.,-0.));
#2810 = DIRECTION('',(0.,0.,1.));
#2811 = ADVANCED_FACE('',(#2812),#2846,.T.);
#2812 = FACE_BOUND('',#2813,.T.);
#2813 = EDGE_LOOP('',(#2814,#2824,#2832,#2840));
#2814 = ORIENTED_EDGE('',*,*,#2815,.F.);
#2815 = EDGE_CURVE('',#2816,#2818,#2820,.T.);
#2816 = VERTEX_POINT('',#2817);
#2817 = CARTESIAN_POINT('',(33.5,-30.,-117.5));
#2818 = VERTEX_POINT('',#2819);
#2819 = CARTESIAN_POINT('',(33.5,-30.,-102.5));
#2820 = LINE('',#2821,#2822);
#2821 = CARTESIAN_POINT('',(33.5,-30.,-117.5));
#2822 = VECTOR('',#2823,1.);
#2823 = DIRECTION('',(0.,0.,1.));
#2824 = ORIENTED_EDGE('',*,*,#2825,.T.);
#2825 = EDGE_CURVE('',#2816,#2826,#2828,.T.);
#2826 = VERTEX_POINT('',#2827);
#2827 = CARTESIAN_POINT('',(33.5,30.,-117.5));
#2828 = LINE('',#2829,#2830);
#2829 = CARTESIAN_POINT('',(33.5,-30.,-117.5));
#2830 = VECTOR('',#2831,1.);
#2831 = DIRECTION('',(-0.,1.,0.));
#2832 = ORIENTED_EDGE('',*,*,#2833,.T.);
#2833 = EDGE_CURVE('',#2826,#2834,#2836,.T.);
#2834 = VERTEX_POINT('',#2835);
#2835 = CARTESIAN_POINT('',(33.5,30.,-102.5));
#2836 = LINE('',#2837,#2838);
#2837 = CARTESIAN_POINT('',(33.5,30.,-117.5));
#2838 = VECTOR('',#2839,1.);
#2839 = DIRECTION('',(0.,0.,1.));
#2840 = ORIENTED_EDGE('',*,*,#2841,.F.);
#2841 = EDGE_CURVE('',#2818,#2834,#2842,.T.);
#2842 = LINE('',#2843,#2844);
#2843 = CARTESIAN_POINT('',(33.5,-30.,-102.5));
#2844 = VECTOR('',#2845,1.);
#2845 = DIRECTION('',(-0.,1.,0.));
#2846 = PLANE('',#2847);
#2847 = AXIS2_PLACEMENT_3D('',#2848,#2849,#2850);
#2848 = CARTESIAN_POINT('',(33.5,-30.,-117.5));
#2849 = DIRECTION('',(1.,0.,-0.));
#2850 = DIRECTION('',(0.,0.,1.));
#2851 = ADVANCED_FACE('',(#2852),#2868,.F.);
#2852 = FACE_BOUND('',#2853,.F.);
#2853 = EDGE_LOOP('',(#2854,#2860,#2861,#2867));
#2854 = ORIENTED_EDGE('',*,*,#2855,.F.);
#2855 = EDGE_CURVE('',#2776,#2816,#2856,.T.);
#2856 = LINE('',#2857,#2858);
#2857 = CARTESIAN_POINT('',(-33.5,-30.,-117.5));
#2858 = VECTOR('',#2859,1.);
#2859 = DIRECTION('',(1.,0.,-0.));
#2860 = ORIENTED_EDGE('',*,*,#2775,.T.);
#2861 = ORIENTED_EDGE('',*,*,#2862,.T.);
#2862 = EDGE_CURVE('',#2778,#2818,#2863,.T.);
#2863 = LINE('',#2864,#2865);
#2864 = CARTESIAN_POINT('',(-33.5,-30.,-102.5));
#2865 = VECTOR('',#2866,1.);
#2866 = DIRECTION('',(1.,0.,-0.));
#2867 = ORIENTED_EDGE('',*,*,#2815,.F.);
#2868 = PLANE('',#2869);
#2869 = AXIS2_PLACEMENT_3D('',#2870,#2871,#2872);
#2870 = CARTESIAN_POINT('',(-33.5,-30.,-117.5));
#2871 = DIRECTION('',(-0.,1.,0.));
#2872 = DIRECTION('',(0.,0.,1.));
#2873 = ADVANCED_FACE('',(#2874),#2890,.T.);
#2874 = FACE_BOUND('',#2875,.T.);
#2875 = EDGE_LOOP('',(#2876,#2882,#2883,#2889));
#2876 = ORIENTED_EDGE('',*,*,#2877,.F.);
#2877 = EDGE_CURVE('',#2786,#2826,#2878,.T.);
#2878 = LINE('',#2879,#2880);
#2879 = CARTESIAN_POINT('',(-33.5,30.,-117.5));
#2880 = VECTOR('',#2881,1.);
#2881 = DIRECTION('',(1.,0.,-0.));
#2882 = ORIENTED_EDGE('',*,*,#2793,.T.);
#2883 = ORIENTED_EDGE('',*,*,#2884,.T.);
#2884 = EDGE_CURVE('',#2794,#2834,#2885,.T.);
#2885 = LINE('',#2886,#2887);
#2886 = CARTESIAN_POINT('',(-33.5,30.,-102.5));
#2887 = VECTOR('',#2888,1.);
#2888 = DIRECTION('',(1.,0.,-0.));
#2889 = ORIENTED_EDGE('',*,*,#2833,.F.);
#2890 = PLANE('',#2891);
#2891 = AXIS2_PLACEMENT_3D('',#2892,#2893,#2894);
#2892 = CARTESIAN_POINT('',(-33.5,30.,-117.5));
#2893 = DIRECTION('',(-0.,1.,0.));
#2894 = DIRECTION('',(0.,0.,1.));
#2895 = ADVANCED_FACE('',(#2896),#2902,.F.);
#2896 = FACE_BOUND('',#2897,.F.);
#2897 = EDGE_LOOP('',(#2898,#2899,#2900,#2901));
#2898 = ORIENTED_EDGE('',*,*,#2785,.F.);
#2899 = ORIENTED_EDGE('',*,*,#2855,.T.);
#2900 = ORIENTED_EDGE('',*,*,#2825,.T.);
#2901 = ORIENTED_EDGE('',*,*,#2877,.F.);
#2902 = PLANE('',#2903);
#2903 = AXIS2_PLACEMENT_3D('',#2904,#2905,#2906);
#2904 = CARTESIAN_POINT('',(-33.5,-30.,-117.5));
#2905 = DIRECTION('',(0.,0.,1.));
#2906 = DIRECTION('',(1.,0.,-0.));
#2907 = ADVANCED_FACE('',(#2908),#2914,.T.);
#2908 = FACE_BOUND('',#2909,.T.);
#2909 = EDGE_LOOP('',(#2910,#2911,#2912,#2913));
#2910 = ORIENTED_EDGE('',*,*,#2801,.F.);
#2911 = ORIENTED_EDGE('',*,*,#2862,.T.);
#2912 = ORIENTED_EDGE('',*,*,#2841,.T.);
#2913 = ORIENTED_EDGE('',*,*,#2884,.F.);
#2914 = PLANE('',#2915);
#2915 = AXIS2_PLACEMENT_3D('',#2916,#2917,#2918);
#2916 = CARTESIAN_POINT('',(-33.5,-30.,-102.5));
#2917 = DIRECTION('',(0.,0.,1.));
#2918 = DIRECTION('',(1.,0.,-0.));
#2919 = ( GEOMETRIC_REPRESENTATION_CONTEXT(3) 
GLOBAL_UNCERTAINTY_ASSIGNED_CONTEXT((#2923)) 
GLOBAL_UNIT_ASSIGNED_CONTEXT((#2920,#2921,#2922)) REPRESENTATION_CONTEXT
('Context #1','3D Context with UNIT and UNCERTAINTY') );
#2920 = ( LENGTH_UNIT() NAMED_UNIT(*) SI_UNIT(.MILLI.,.METRE.) );
#2921 = ( NAMED_UNIT(*) PLANE_ANGLE_UNIT() SI_UNIT($,.RADIAN.) );
#2922 = ( NAMED_UNIT(*) SI_UNIT($,.STERADIAN.) SOLID_ANGLE_UNIT() );
#2923 = UNCERTAINTY_MEASURE_WITH_UNIT(LENGTH_MEASURE(1.E-07),#2920,
  'distance_accuracy_value','confusion accuracy');
#2924 = CONTEXT_DEPENDENT_SHAPE_REPRESENTATION(#2925,#2927);
#2925 = ( REPRESENTATION_RELATIONSHIP('','',#2768,#10) 
REPRESENTATION_RELATIONSHIP_WITH_TRANSFORMATION(#2926) 
SHAPE_REPRESENTATION_RELATIONSHIP() );
#2926 = ITEM_DEFINED_TRANSFORMATION('','',#11,#55);
#2927 = PRODUCT_DEFINITION_SHAPE('Placement','Placement of an item',
  #2928);
#2928 = NEXT_ASSEMBLY_USAGE_OCCURRENCE('11',
  '7_GNSS/INS(Applanix APX-15 UAV级)','',#5,#2763,$);
#2929 = PRODUCT_RELATED_PRODUCT_CATEGORY('part',$,(#2765));
#2930 = SHAPE_DEFINITION_REPRESENTATION(#2931,#2937);
#2931 = PRODUCT_DEFINITION_SHAPE('','',#2932);
#2932 = PRODUCT_DEFINITION('design','',#2933,#2936);
#2933 = PRODUCT_DEFINITION_FORMATION('','',#2934);
#2934 = PRODUCT('41_耳轴L','41_耳轴L','',(#2935));
#2935 = PRODUCT_CONTEXT('',#2,'mechanical');
#2936 = PRODUCT_DEFINITION_CONTEXT('part definition',#2,'design');
#2937 = ADVANCED_BREP_SHAPE_REPRESENTATION('',(#11,#2938),#2991);
#2938 = MANIFOLD_SOLID_BREP('',#2939);
#2939 = CLOSED_SHELL('',(#2940,#2973,#2982));
#2940 = ADVANCED_FACE('',(#2941),#2968,.T.);
#2941 = FACE_BOUND('',#2942,.T.);
#2942 = EDGE_LOOP('',(#2943,#2952,#2960,#2967));
#2943 = ORIENTED_EDGE('',*,*,#2944,.F.);
#2944 = EDGE_CURVE('',#2945,#2945,#2947,.T.);
#2945 = VERTEX_POINT('',#2946);
#2946 = CARTESIAN_POINT('',(-1.959434878636E-15,76.,-152.));
#2947 = CIRCLE('',#2948,8.);
#2948 = AXIS2_PLACEMENT_3D('',#2949,#2950,#2951);
#2949 = CARTESIAN_POINT('',(0.,76.,-160.));
#2950 = DIRECTION('',(0.,1.,0.));
#2951 = DIRECTION('',(0.,-0.,1.));
#2952 = ORIENTED_EDGE('',*,*,#2953,.F.);
#2953 = EDGE_CURVE('',#2954,#2945,#2956,.T.);
#2954 = VERTEX_POINT('',#2955);
#2955 = CARTESIAN_POINT('',(-1.959434878636E-15,49.5,-152.));
#2956 = LINE('',#2957,#2958);
#2957 = CARTESIAN_POINT('',(-1.959434878636E-15,49.5,-152.));
#2958 = VECTOR('',#2959,1.);
#2959 = DIRECTION('',(0.,1.,0.));
#2960 = ORIENTED_EDGE('',*,*,#2961,.T.);
#2961 = EDGE_CURVE('',#2954,#2954,#2962,.T.);
#2962 = CIRCLE('',#2963,8.);
#2963 = AXIS2_PLACEMENT_3D('',#2964,#2965,#2966);
#2964 = CARTESIAN_POINT('',(0.,49.5,-160.));
#2965 = DIRECTION('',(0.,1.,0.));
#2966 = DIRECTION('',(0.,-0.,1.));
#2967 = ORIENTED_EDGE('',*,*,#2953,.T.);
#2968 = CYLINDRICAL_SURFACE('',#2969,8.);
#2969 = AXIS2_PLACEMENT_3D('',#2970,#2971,#2972);
#2970 = CARTESIAN_POINT('',(0.,49.5,-160.));
#2971 = DIRECTION('',(0.,1.,0.));
#2972 = DIRECTION('',(0.,-0.,1.));
#2973 = ADVANCED_FACE('',(#2974),#2977,.T.);
#2974 = FACE_BOUND('',#2975,.T.);
#2975 = EDGE_LOOP('',(#2976));
#2976 = ORIENTED_EDGE('',*,*,#2944,.T.);
#2977 = PLANE('',#2978);
#2978 = AXIS2_PLACEMENT_3D('',#2979,#2980,#2981);
#2979 = CARTESIAN_POINT('',(0.,76.,-160.));
#2980 = DIRECTION('',(0.,1.,0.));
#2981 = DIRECTION('',(0.,-0.,1.));
#2982 = ADVANCED_FACE('',(#2983),#2986,.F.);
#2983 = FACE_BOUND('',#2984,.T.);
#2984 = EDGE_LOOP('',(#2985));
#2985 = ORIENTED_EDGE('',*,*,#2961,.F.);
#2986 = PLANE('',#2987);
#2987 = AXIS2_PLACEMENT_3D('',#2988,#2989,#2990);
#2988 = CARTESIAN_POINT('',(0.,49.5,-160.));
#2989 = DIRECTION('',(0.,1.,0.));
#2990 = DIRECTION('',(0.,-0.,1.));
#2991 = ( GEOMETRIC_REPRESENTATION_CONTEXT(3) 
GLOBAL_UNCERTAINTY_ASSIGNED_CONTEXT((#2995)) 
GLOBAL_UNIT_ASSIGNED_CONTEXT((#2992,#2993,#2994)) REPRESENTATION_CONTEXT
('Context #1','3D Context with UNIT and UNCERTAINTY') );
#2992 = ( LENGTH_UNIT() NAMED_UNIT(*) SI_UNIT(.MILLI.,.METRE.) );
#2993 = ( NAMED_UNIT(*) PLANE_ANGLE_UNIT() SI_UNIT($,.RADIAN.) );
#2994 = ( NAMED_UNIT(*) SI_UNIT($,.STERADIAN.) SOLID_ANGLE_UNIT() );
#2995 = UNCERTAINTY_MEASURE_WITH_UNIT(LENGTH_MEASURE(1.E-07),#2992,
  'distance_accuracy_value','confusion accuracy');
#2996 = CONTEXT_DEPENDENT_SHAPE_REPRESENTATION(#2997,#2999);
#2997 = ( REPRESENTATION_RELATIONSHIP('','',#2937,#10) 
REPRESENTATION_RELATIONSHIP_WITH_TRANSFORMATION(#2998) 
SHAPE_REPRESENTATION_RELATIONSHIP() );
#2998 = ITEM_DEFINED_TRANSFORMATION('','',#11,#59);
#2999 = PRODUCT_DEFINITION_SHAPE('Placement','Placement of an item',
  #3000);
#3000 = NEXT_ASSEMBLY_USAGE_OCCURRENCE('12','41_耳轴L','',#5,#2932,$);
#3001 = PRODUCT_RELATED_PRODUCT_CATEGORY('part',$,(#2934));
#3002 = SHAPE_DEFINITION_REPRESENTATION(#3003,#3009);
#3003 = PRODUCT_DEFINITION_SHAPE('','',#3004);
#3004 = PRODUCT_DEFINITION('design','',#3005,#3008);
#3005 = PRODUCT_DEFINITION_FORMATION('','',#3006);
#3006 = PRODUCT('41_耳轴R','41_耳轴R','',(#3007));
#3007 = PRODUCT_CONTEXT('',#2,'mechanical');
#3008 = PRODUCT_DEFINITION_CONTEXT('part definition',#2,'design');
#3009 = ADVANCED_BREP_SHAPE_REPRESENTATION('',(#11,#3010),#3063);
#3010 = MANIFOLD_SOLID_BREP('',#3011);
#3011 = CLOSED_SHELL('',(#3012,#3045,#3054));
#3012 = ADVANCED_FACE('',(#3013),#3040,.T.);
#3013 = FACE_BOUND('',#3014,.T.);
#3014 = EDGE_LOOP('',(#3015,#3024,#3032,#3039));
#3015 = ORIENTED_EDGE('',*,*,#3016,.F.);
#3016 = EDGE_CURVE('',#3017,#3017,#3019,.T.);
#3017 = VERTEX_POINT('',#3018);
#3018 = CARTESIAN_POINT('',(-1.959434878636E-15,-49.5,-152.));
#3019 = CIRCLE('',#3020,8.);
#3020 = AXIS2_PLACEMENT_3D('',#3021,#3022,#3023);
#3021 = CARTESIAN_POINT('',(0.,-49.5,-160.));
#3022 = DIRECTION('',(0.,1.,0.));
#3023 = DIRECTION('',(0.,-0.,1.));
#3024 = ORIENTED_EDGE('',*,*,#3025,.F.);
#3025 = EDGE_CURVE('',#3026,#3017,#3028,.T.);
#3026 = VERTEX_POINT('',#3027);
#3027 = CARTESIAN_POINT('',(-1.959434878636E-15,-76.,-152.));
#3028 = LINE('',#3029,#3030);
#3029 = CARTESIAN_POINT('',(-1.959434878636E-15,-76.,-152.));
#3030 = VECTOR('',#3031,1.);
#3031 = DIRECTION('',(0.,1.,0.));
#3032 = ORIENTED_EDGE('',*,*,#3033,.T.);
#3033 = EDGE_CURVE('',#3026,#3026,#3034,.T.);
#3034 = CIRCLE('',#3035,8.);
#3035 = AXIS2_PLACEMENT_3D('',#3036,#3037,#3038);
#3036 = CARTESIAN_POINT('',(0.,-76.,-160.));
#3037 = DIRECTION('',(0.,1.,0.));
#3038 = DIRECTION('',(0.,-0.,1.));
#3039 = ORIENTED_EDGE('',*,*,#3025,.T.);
#3040 = CYLINDRICAL_SURFACE('',#3041,8.);
#3041 = AXIS2_PLACEMENT_3D('',#3042,#3043,#3044);
#3042 = CARTESIAN_POINT('',(0.,-76.,-160.));
#3043 = DIRECTION('',(0.,1.,0.));
#3044 = DIRECTION('',(0.,-0.,1.));
#3045 = ADVANCED_FACE('',(#3046),#3049,.T.);
#3046 = FACE_BOUND('',#3047,.T.);
#3047 = EDGE_LOOP('',(#3048));
#3048 = ORIENTED_EDGE('',*,*,#3016,.T.);
#3049 = PLANE('',#3050);
#3050 = AXIS2_PLACEMENT_3D('',#3051,#3052,#3053);
#3051 = CARTESIAN_POINT('',(0.,-49.5,-160.));
#3052 = DIRECTION('',(0.,1.,0.));
#3053 = DIRECTION('',(0.,-0.,1.));
#3054 = ADVANCED_FACE('',(#3055),#3058,.F.);
#3055 = FACE_BOUND('',#3056,.T.);
#3056 = EDGE_LOOP('',(#3057));
#3057 = ORIENTED_EDGE('',*,*,#3033,.F.);
#3058 = PLANE('',#3059);
#3059 = AXIS2_PLACEMENT_3D('',#3060,#3061,#3062);
#3060 = CARTESIAN_POINT('',(0.,-76.,-160.));
#3061 = DIRECTION('',(0.,1.,0.));
#3062 = DIRECTION('',(0.,-0.,1.));
#3063 = ( GEOMETRIC_REPRESENTATION_CONTEXT(3) 
GLOBAL_UNCERTAINTY_ASSIGNED_CONTEXT((#3067)) 
GLOBAL_UNIT_ASSIGNED_CONTEXT((#3064,#3065,#3066)) REPRESENTATION_CONTEXT
('Context #1','3D Context with UNIT and UNCERTAINTY') );
#3064 = ( LENGTH_UNIT() NAMED_UNIT(*) SI_UNIT(.MILLI.,.METRE.) );
#3065 = ( NAMED_UNIT(*) PLANE_ANGLE_UNIT() SI_UNIT($,.RADIAN.) );
#3066 = ( NAMED_UNIT(*) SI_UNIT($,.STERADIAN.) SOLID_ANGLE_UNIT() );
#3067 = UNCERTAINTY_MEASURE_WITH_UNIT(LENGTH_MEASURE(1.E-07),#3064,
  'distance_accuracy_value','confusion accuracy');
#3068 = CONTEXT_DEPENDENT_SHAPE_REPRESENTATION(#3069,#3071);
#3069 = ( REPRESENTATION_RELATIONSHIP('','',#3009,#10) 
REPRESENTATION_RELATIONSHIP_WITH_TRANSFORMATION(#3070) 
SHAPE_REPRESENTATION_RELATIONSHIP() );
#3070 = ITEM_DEFINED_TRANSFORMATION('','',#11,#63);
#3071 = PRODUCT_DEFINITION_SHAPE('Placement','Placement of an item',
  #3072);
#3072 = NEXT_ASSEMBLY_USAGE_OCCURRENCE('13','41_耳轴R','',#5,#3004,$);
#3073 = PRODUCT_RELATED_PRODUCT_CATEGORY('part',$,(#3006));
#3074 = SHAPE_DEFINITION_REPRESENTATION(#3075,#3081);
#3075 = PRODUCT_DEFINITION_SHAPE('','',#3076);
#3076 = PRODUCT_DEFINITION('design','',#3077,#3080);
#3077 = PRODUCT_DEFINITION_FORMATION('','',#3078);
#3078 = PRODUCT('43_蜗轮(z=60, m=1)','43_蜗轮(z=60, m=1)','',(#3079)
  );
#3079 = PRODUCT_CONTEXT('',#2,'mechanical');
#3080 = PRODUCT_DEFINITION_CONTEXT('part definition',#2,'design');
#3081 = ADVANCED_BREP_SHAPE_REPRESENTATION('',(#11,#3082),#3174);
#3082 = MANIFOLD_SOLID_BREP('',#3083);
#3083 = CLOSED_SHELL('',(#3084,#3117,#3137,#3157));
#3084 = ADVANCED_FACE('',(#3085),#3112,.T.);
#3085 = FACE_BOUND('',#3086,.T.);
#3086 = EDGE_LOOP('',(#3087,#3096,#3104,#3111));
#3087 = ORIENTED_EDGE('',*,*,#3088,.F.);
#3088 = EDGE_CURVE('',#3089,#3089,#3091,.T.);
#3089 = VERTEX_POINT('',#3090);
#3090 = CARTESIAN_POINT('',(-7.347880794884E-15,74.,-130.));
#3091 = CIRCLE('',#3092,30.);
#3092 = AXIS2_PLACEMENT_3D('',#3093,#3094,#3095);
#3093 = CARTESIAN_POINT('',(0.,74.,-160.));
#3094 = DIRECTION('',(0.,1.,0.));
#3095 = DIRECTION('',(0.,-0.,1.));
#3096 = ORIENTED_EDGE('',*,*,#3097,.F.);
#3097 = EDGE_CURVE('',#3098,#3089,#3100,.T.);
#3098 = VERTEX_POINT('',#3099);
#3099 = CARTESIAN_POINT('',(-7.347880794884E-15,64.,-130.));
#3100 = LINE('',#3101,#3102);
#3101 = CARTESIAN_POINT('',(-7.347880794884E-15,64.,-130.));
#3102 = VECTOR('',#3103,1.);
#3103 = DIRECTION('',(0.,1.,0.));
#3104 = ORIENTED_EDGE('',*,*,#3105,.T.);
#3105 = EDGE_CURVE('',#3098,#3098,#3106,.T.);
#3106 = CIRCLE('',#3107,30.);
#3107 = AXIS2_PLACEMENT_3D('',#3108,#3109,#3110);
#3108 = CARTESIAN_POINT('',(0.,64.,-160.));
#3109 = DIRECTION('',(0.,1.,0.));
#3110 = DIRECTION('',(0.,-0.,1.));
#3111 = ORIENTED_EDGE('',*,*,#3097,.T.);
#3112 = CYLINDRICAL_SURFACE('',#3113,30.);
#3113 = AXIS2_PLACEMENT_3D('',#3114,#3115,#3116);
#3114 = CARTESIAN_POINT('',(0.,64.,-160.));
#3115 = DIRECTION('',(0.,1.,0.));
#3116 = DIRECTION('',(0.,-0.,1.));
#3117 = ADVANCED_FACE('',(#3118,#3121),#3132,.T.);
#3118 = FACE_BOUND('',#3119,.T.);
#3119 = EDGE_LOOP('',(#3120));
#3120 = ORIENTED_EDGE('',*,*,#3088,.T.);
#3121 = FACE_BOUND('',#3122,.T.);
#3122 = EDGE_LOOP('',(#3123));
#3123 = ORIENTED_EDGE('',*,*,#3124,.F.);
#3124 = EDGE_CURVE('',#3125,#3125,#3127,.T.);
#3125 = VERTEX_POINT('',#3126);
#3126 = CARTESIAN_POINT('',(-1.959434878636E-15,74.,-152.));
#3127 = CIRCLE('',#3128,8.);
#3128 = AXIS2_PLACEMENT_3D('',#3129,#3130,#3131);
#3129 = CARTESIAN_POINT('',(0.,74.,-160.));
#3130 = DIRECTION('',(0.,1.,0.));
#3131 = DIRECTION('',(0.,-0.,1.));
#3132 = PLANE('',#3133);
#3133 = AXIS2_PLACEMENT_3D('',#3134,#3135,#3136);
#3134 = CARTESIAN_POINT('',(0.,74.,-160.));
#3135 = DIRECTION('',(0.,1.,0.));
#3136 = DIRECTION('',(0.,-0.,1.));
#3137 = ADVANCED_FACE('',(#3138,#3141),#3152,.F.);
#3138 = FACE_BOUND('',#3139,.F.);
#3139 = EDGE_LOOP('',(#3140));
#3140 = ORIENTED_EDGE('',*,*,#3105,.T.);
#3141 = FACE_BOUND('',#3142,.F.);
#3142 = EDGE_LOOP('',(#3143));
#3143 = ORIENTED_EDGE('',*,*,#3144,.F.);
#3144 = EDGE_CURVE('',#3145,#3145,#3147,.T.);
#3145 = VERTEX_POINT('',#3146);
#3146 = CARTESIAN_POINT('',(-1.959434878636E-15,64.,-152.));
#3147 = CIRCLE('',#3148,8.);
#3148 = AXIS2_PLACEMENT_3D('',#3149,#3150,#3151);
#3149 = CARTESIAN_POINT('',(0.,64.,-160.));
#3150 = DIRECTION('',(0.,1.,0.));
#3151 = DIRECTION('',(0.,-0.,1.));
#3152 = PLANE('',#3153);
#3153 = AXIS2_PLACEMENT_3D('',#3154,#3155,#3156);
#3154 = CARTESIAN_POINT('',(0.,64.,-160.));
#3155 = DIRECTION('',(0.,1.,0.));
#3156 = DIRECTION('',(0.,-0.,1.));
#3157 = ADVANCED_FACE('',(#3158),#3169,.F.);
#3158 = FACE_BOUND('',#3159,.F.);
#3159 = EDGE_LOOP('',(#3160,#3161,#3167,#3168));
#3160 = ORIENTED_EDGE('',*,*,#3124,.F.);
#3161 = ORIENTED_EDGE('',*,*,#3162,.F.);
#3162 = EDGE_CURVE('',#3145,#3125,#3163,.T.);
#3163 = LINE('',#3164,#3165);
#3164 = CARTESIAN_POINT('',(-1.959434878636E-15,64.,-152.));
#3165 = VECTOR('',#3166,1.);
#3166 = DIRECTION('',(0.,1.,0.));
#3167 = ORIENTED_EDGE('',*,*,#3144,.T.);
#3168 = ORIENTED_EDGE('',*,*,#3162,.T.);
#3169 = CYLINDRICAL_SURFACE('',#3170,8.);
#3170 = AXIS2_PLACEMENT_3D('',#3171,#3172,#3173);
#3171 = CARTESIAN_POINT('',(0.,64.,-160.));
#3172 = DIRECTION('',(0.,1.,0.));
#3173 = DIRECTION('',(0.,-0.,1.));
#3174 = ( GEOMETRIC_REPRESENTATION_CONTEXT(3) 
GLOBAL_UNCERTAINTY_ASSIGNED_CONTEXT((#3178)) 
GLOBAL_UNIT_ASSIGNED_CONTEXT((#3175,#3176,#3177)) REPRESENTATION_CONTEXT
('Context #1','3D Context with UNIT and UNCERTAINTY') );
#3175 = ( LENGTH_UNIT() NAMED_UNIT(*) SI_UNIT(.MILLI.,.METRE.) );
#3176 = ( NAMED_UNIT(*) PLANE_ANGLE_UNIT() SI_UNIT($,.RADIAN.) );
#3177 = ( NAMED_UNIT(*) SI_UNIT($,.STERADIAN.) SOLID_ANGLE_UNIT() );
#3178 = UNCERTAINTY_MEASURE_WITH_UNIT(LENGTH_MEASURE(1.E-07),#3175,
  'distance_accuracy_value','confusion accuracy');
#3179 = CONTEXT_DEPENDENT_SHAPE_REPRESENTATION(#3180,#3182);
#3180 = ( REPRESENTATION_RELATIONSHIP('','',#3081,#10) 
REPRESENTATION_RELATIONSHIP_WITH_TRANSFORMATION(#3181) 
SHAPE_REPRESENTATION_RELATIONSHIP() );
#3181 = ITEM_DEFINED_TRANSFORMATION('','',#11,#67);
#3182 = PRODUCT_DEFINITION_SHAPE('Placement','Placement of an item',
  #3183);
#3183 = NEXT_ASSEMBLY_USAGE_OCCURRENCE('14','43_蜗轮(z=60, m=1)','',#5
  ,#3076,$);
#3184 = PRODUCT_RELATED_PRODUCT_CATEGORY('part',$,(#3078));
#3185 = SHAPE_DEFINITION_REPRESENTATION(#3186,#3192);
#3186 = PRODUCT_DEFINITION_SHAPE('','',#3187);
#3187 = PRODUCT_DEFINITION('design','',#3188,#3191);
#3188 = PRODUCT_DEFINITION_FORMATION('','',#3189);
#3189 = PRODUCT('43_蜗杆','43_蜗杆','',(#3190));
#3190 = PRODUCT_CONTEXT('',#2,'mechanical');
#3191 = PRODUCT_DEFINITION_CONTEXT('part definition',#2,'design');
#3192 = ADVANCED_BREP_SHAPE_REPRESENTATION('',(#11,#3193),#3246);
#3193 = MANIFOLD_SOLID_BREP('',#3194);
#3194 = CLOSED_SHELL('',(#3195,#3228,#3237));
#3195 = ADVANCED_FACE('',(#3196),#3223,.T.);
#3196 = FACE_BOUND('',#3197,.T.);
#3197 = EDGE_LOOP('',(#3198,#3207,#3215,#3222));
#3198 = ORIENTED_EDGE('',*,*,#3199,.F.);
#3199 = EDGE_CURVE('',#3200,#3200,#3202,.T.);
#3200 = VERTEX_POINT('',#3201);
#3201 = CARTESIAN_POINT('',(30.,69.,-118.));
#3202 = CIRCLE('',#3203,6.);
#3203 = AXIS2_PLACEMENT_3D('',#3204,#3205,#3206);
#3204 = CARTESIAN_POINT('',(30.,69.,-124.));
#3205 = DIRECTION('',(1.,0.,0.));
#3206 = DIRECTION('',(-0.,0.,1.));
#3207 = ORIENTED_EDGE('',*,*,#3208,.F.);
#3208 = EDGE_CURVE('',#3209,#3200,#3211,.T.);
#3209 = VERTEX_POINT('',#3210);
#3210 = CARTESIAN_POINT('',(-30.,69.,-118.));
#3211 = LINE('',#3212,#3213);
#3212 = CARTESIAN_POINT('',(-30.,69.,-118.));
#3213 = VECTOR('',#3214,1.);
#3214 = DIRECTION('',(1.,0.,0.));
#3215 = ORIENTED_EDGE('',*,*,#3216,.T.);
#3216 = EDGE_CURVE('',#3209,#3209,#3217,.T.);
#3217 = CIRCLE('',#3218,6.);
#3218 = AXIS2_PLACEMENT_3D('',#3219,#3220,#3221);
#3219 = CARTESIAN_POINT('',(-30.,69.,-124.));
#3220 = DIRECTION('',(1.,0.,0.));
#3221 = DIRECTION('',(-0.,0.,1.));
#3222 = ORIENTED_EDGE('',*,*,#3208,.T.);
#3223 = CYLINDRICAL_SURFACE('',#3224,6.);
#3224 = AXIS2_PLACEMENT_3D('',#3225,#3226,#3227);
#3225 = CARTESIAN_POINT('',(-30.,69.,-124.));
#3226 = DIRECTION('',(1.,0.,0.));
#3227 = DIRECTION('',(-0.,0.,1.));
#3228 = ADVANCED_FACE('',(#3229),#3232,.T.);
#3229 = FACE_BOUND('',#3230,.T.);
#3230 = EDGE_LOOP('',(#3231));
#3231 = ORIENTED_EDGE('',*,*,#3199,.T.);
#3232 = PLANE('',#3233);
#3233 = AXIS2_PLACEMENT_3D('',#3234,#3235,#3236);
#3234 = CARTESIAN_POINT('',(30.,69.,-124.));
#3235 = DIRECTION('',(1.,0.,0.));
#3236 = DIRECTION('',(-0.,0.,1.));
#3237 = ADVANCED_FACE('',(#3238),#3241,.F.);
#3238 = FACE_BOUND('',#3239,.T.);
#3239 = EDGE_LOOP('',(#3240));
#3240 = ORIENTED_EDGE('',*,*,#3216,.F.);
#3241 = PLANE('',#3242);
#3242 = AXIS2_PLACEMENT_3D('',#3243,#3244,#3245);
#3243 = CARTESIAN_POINT('',(-30.,69.,-124.));
#3244 = DIRECTION('',(1.,0.,0.));
#3245 = DIRECTION('',(-0.,0.,1.));
#3246 = ( GEOMETRIC_REPRESENTATION_CONTEXT(3) 
GLOBAL_UNCERTAINTY_ASSIGNED_CONTEXT((#3250)) 
GLOBAL_UNIT_ASSIGNED_CONTEXT((#3247,#3248,#3249)) REPRESENTATION_CONTEXT
('Context #1','3D Context with UNIT and UNCERTAINTY') );
#3247 = ( LENGTH_UNIT() NAMED_UNIT(*) SI_UNIT(.MILLI.,.METRE.) );
#3248 = ( NAMED_UNIT(*) PLANE_ANGLE_UNIT() SI_UNIT($,.RADIAN.) );
#3249 = ( NAMED_UNIT(*) SI_UNIT($,.STERADIAN.) SOLID_ANGLE_UNIT() );
#3250 = UNCERTAINTY_MEASURE_WITH_UNIT(LENGTH_MEASURE(1.E-07),#3247,
  'distance_accuracy_value','confusion accuracy');
#3251 = CONTEXT_DEPENDENT_SHAPE_REPRESENTATION(#3252,#3254);
#3252 = ( REPRESENTATION_RELATIONSHIP('','',#3192,#10) 
REPRESENTATION_RELATIONSHIP_WITH_TRANSFORMATION(#3253) 
SHAPE_REPRESENTATION_RELATIONSHIP() );
#3253 = ITEM_DEFINED_TRANSFORMATION('','',#11,#71);
#3254 = PRODUCT_DEFINITION_SHAPE('Placement','Placement of an item',
  #3255);
#3255 = NEXT_ASSEMBLY_USAGE_OCCURRENCE('15','43_蜗杆','',#5,#3187,$);
#3256 = PRODUCT_RELATED_PRODUCT_CATEGORY('part',$,(#3189));
#3257 = SHAPE_DEFINITION_REPRESENTATION(#3258,#3264);
#3258 = PRODUCT_DEFINITION_SHAPE('','',#3259);
#3259 = PRODUCT_DEFINITION('design','',#3260,#3263);
#3260 = PRODUCT_DEFINITION_FORMATION('','',#3261);
#3261 = PRODUCT('43_蜗杆支座','43_蜗杆支座','',(#3262));
#3262 = PRODUCT_CONTEXT('',#2,'mechanical');
#3263 = PRODUCT_DEFINITION_CONTEXT('part definition',#2,'design');
#3264 = SHAPE_REPRESENTATION('',(#11,#3265,#3415),#3565);
#3265 = MANIFOLD_SOLID_BREP('',#3266);
#3266 = CLOSED_SHELL('',(#3267,#3307,#3347,#3369,#3391,#3403));
#3267 = ADVANCED_FACE('',(#3268),#3302,.F.);
#3268 = FACE_BOUND('',#3269,.F.);
#3269 = EDGE_LOOP('',(#3270,#3280,#3288,#3296));
#3270 = ORIENTED_EDGE('',*,*,#3271,.F.);
#3271 = EDGE_CURVE('',#3272,#3274,#3276,.T.);
#3272 = VERTEX_POINT('',#3273);
#3273 = CARTESIAN_POINT('',(-38.,62.,-131.));
#3274 = VERTEX_POINT('',#3275);
#3275 = CARTESIAN_POINT('',(-38.,62.,-117.));
#3276 = LINE('',#3277,#3278);
#3277 = CARTESIAN_POINT('',(-38.,62.,-131.));
#3278 = VECTOR('',#3279,1.);
#3279 = DIRECTION('',(0.,0.,1.));
#3280 = ORIENTED_EDGE('',*,*,#3281,.T.);
#3281 = EDGE_CURVE('',#3272,#3282,#3284,.T.);
#3282 = VERTEX_POINT('',#3283);
#3283 = CARTESIAN_POINT('',(-38.,76.,-131.));
#3284 = LINE('',#3285,#3286);
#3285 = CARTESIAN_POINT('',(-38.,62.,-131.));
#3286 = VECTOR('',#3287,1.);
#3287 = DIRECTION('',(-0.,1.,0.));
#3288 = ORIENTED_EDGE('',*,*,#3289,.T.);
#3289 = EDGE_CURVE('',#3282,#3290,#3292,.T.);
#3290 = VERTEX_POINT('',#3291);
#3291 = CARTESIAN_POINT('',(-38.,76.,-117.));
#3292 = LINE('',#3293,#3294);
#3293 = CARTESIAN_POINT('',(-38.,76.,-131.));
#3294 = VECTOR('',#3295,1.);
#3295 = DIRECTION('',(0.,0.,1.));
#3296 = ORIENTED_EDGE('',*,*,#3297,.F.);
#3297 = EDGE_CURVE('',#3274,#3290,#3298,.T.);
#3298 = LINE('',#3299,#3300);
#3299 = CARTESIAN_POINT('',(-38.,62.,-117.));
#3300 = VECTOR('',#3301,1.);
#3301 = DIRECTION('',(-0.,1.,0.));
#3302 = PLANE('',#3303);
#3303 = AXIS2_PLACEMENT_3D('',#3304,#3305,#3306);
#3304 = CARTESIAN_POINT('',(-38.,62.,-131.));
#3305 = DIRECTION('',(1.,0.,-0.));
#3306 = DIRECTION('',(0.,0.,1.));
#3307 = ADVANCED_FACE('',(#3308),#3342,.T.);
#3308 = FACE_BOUND('',#3309,.T.);
#3309 = EDGE_LOOP('',(#3310,#3320,#3328,#3336));
#3310 = ORIENTED_EDGE('',*,*,#3311,.F.);
#3311 = EDGE_CURVE('',#3312,#3314,#3316,.T.);
#3312 = VERTEX_POINT('',#3313);
#3313 = CARTESIAN_POINT('',(-30.,62.,-131.));
#3314 = VERTEX_POINT('',#3315);
#3315 = CARTESIAN_POINT('',(-30.,62.,-117.));
#3316 = LINE('',#3317,#3318);
#3317 = CARTESIAN_POINT('',(-30.,62.,-131.));
#3318 = VECTOR('',#3319,1.);
#3319 = DIRECTION('',(0.,0.,1.));
#3320 = ORIENTED_EDGE('',*,*,#3321,.T.);
#3321 = EDGE_CURVE('',#3312,#3322,#3324,.T.);
#3322 = VERTEX_POINT('',#3323);
#3323 = CARTESIAN_POINT('',(-30.,76.,-131.));
#3324 = LINE('',#3325,#3326);
#3325 = CARTESIAN_POINT('',(-30.,62.,-131.));
#3326 = VECTOR('',#3327,1.);
#3327 = DIRECTION('',(-0.,1.,0.));
#3328 = ORIENTED_EDGE('',*,*,#3329,.T.);
#3329 = EDGE_CURVE('',#3322,#3330,#3332,.T.);
#3330 = VERTEX_POINT('',#3331);
#3331 = CARTESIAN_POINT('',(-30.,76.,-117.));
#3332 = LINE('',#3333,#3334);
#3333 = CARTESIAN_POINT('',(-30.,76.,-131.));
#3334 = VECTOR('',#3335,1.);
#3335 = DIRECTION('',(0.,0.,1.));
#3336 = ORIENTED_EDGE('',*,*,#3337,.F.);
#3337 = EDGE_CURVE('',#3314,#3330,#3338,.T.);
#3338 = LINE('',#3339,#3340);
#3339 = CARTESIAN_POINT('',(-30.,62.,-117.));
#3340 = VECTOR('',#3341,1.);
#3341 = DIRECTION('',(-0.,1.,0.));
#3342 = PLANE('',#3343);
#3343 = AXIS2_PLACEMENT_3D('',#3344,#3345,#3346);
#3344 = CARTESIAN_POINT('',(-30.,62.,-131.));
#3345 = DIRECTION('',(1.,0.,-0.));
#3346 = DIRECTION('',(0.,0.,1.));
#3347 = ADVANCED_FACE('',(#3348),#3364,.F.);
#3348 = FACE_BOUND('',#3349,.F.);
#3349 = EDGE_LOOP('',(#3350,#3356,#3357,#3363));
#3350 = ORIENTED_EDGE('',*,*,#3351,.F.);
#3351 = EDGE_CURVE('',#3272,#3312,#3352,.T.);
#3352 = LINE('',#3353,#3354);
#3353 = CARTESIAN_POINT('',(-38.,62.,-131.));
#3354 = VECTOR('',#3355,1.);
#3355 = DIRECTION('',(1.,0.,-0.));
#3356 = ORIENTED_EDGE('',*,*,#3271,.T.);
#3357 = ORIENTED_EDGE('',*,*,#3358,.T.);
#3358 = EDGE_CURVE('',#3274,#3314,#3359,.T.);
#3359 = LINE('',#3360,#3361);
#3360 = CARTESIAN_POINT('',(-38.,62.,-117.));
#3361 = VECTOR('',#3362,1.);
#3362 = DIRECTION('',(1.,0.,-0.));
#3363 = ORIENTED_EDGE('',*,*,#3311,.F.);
#3364 = PLANE('',#3365);
#3365 = AXIS2_PLACEMENT_3D('',#3366,#3367,#3368);
#3366 = CARTESIAN_POINT('',(-38.,62.,-131.));
#3367 = DIRECTION('',(-0.,1.,0.));
#3368 = DIRECTION('',(0.,0.,1.));
#3369 = ADVANCED_FACE('',(#3370),#3386,.T.);
#3370 = FACE_BOUND('',#3371,.T.);
#3371 = EDGE_LOOP('',(#3372,#3378,#3379,#3385));
#3372 = ORIENTED_EDGE('',*,*,#3373,.F.);
#3373 = EDGE_CURVE('',#3282,#3322,#3374,.T.);
#3374 = LINE('',#3375,#3376);
#3375 = CARTESIAN_POINT('',(-38.,76.,-131.));
#3376 = VECTOR('',#3377,1.);
#3377 = DIRECTION('',(1.,0.,-0.));
#3378 = ORIENTED_EDGE('',*,*,#3289,.T.);
#3379 = ORIENTED_EDGE('',*,*,#3380,.T.);
#3380 = EDGE_CURVE('',#3290,#3330,#3381,.T.);
#3381 = LINE('',#3382,#3383);
#3382 = CARTESIAN_POINT('',(-38.,76.,-117.));
#3383 = VECTOR('',#3384,1.);
#3384 = DIRECTION('',(1.,0.,-0.));
#3385 = ORIENTED_EDGE('',*,*,#3329,.F.);
#3386 = PLANE('',#3387);
#3387 = AXIS2_PLACEMENT_3D('',#3388,#3389,#3390);
#3388 = CARTESIAN_POINT('',(-38.,76.,-131.));
#3389 = DIRECTION('',(-0.,1.,0.));
#3390 = DIRECTION('',(0.,0.,1.));
#3391 = ADVANCED_FACE('',(#3392),#3398,.F.);
#3392 = FACE_BOUND('',#3393,.F.);
#3393 = EDGE_LOOP('',(#3394,#3395,#3396,#3397));
#3394 = ORIENTED_EDGE('',*,*,#3281,.F.);
#3395 = ORIENTED_EDGE('',*,*,#3351,.T.);
#3396 = ORIENTED_EDGE('',*,*,#3321,.T.);
#3397 = ORIENTED_EDGE('',*,*,#3373,.F.);
#3398 = PLANE('',#3399);
#3399 = AXIS2_PLACEMENT_3D('',#3400,#3401,#3402);
#3400 = CARTESIAN_POINT('',(-38.,62.,-131.));
#3401 = DIRECTION('',(0.,0.,1.));
#3402 = DIRECTION('',(1.,0.,-0.));
#3403 = ADVANCED_FACE('',(#3404),#3410,.T.);
#3404 = FACE_BOUND('',#3405,.T.);
#3405 = EDGE_LOOP('',(#3406,#3407,#3408,#3409));
#3406 = ORIENTED_EDGE('',*,*,#3297,.F.);
#3407 = ORIENTED_EDGE('',*,*,#3358,.T.);
#3408 = ORIENTED_EDGE('',*,*,#3337,.T.);
#3409 = ORIENTED_EDGE('',*,*,#3380,.F.);
#3410 = PLANE('',#3411);
#3411 = AXIS2_PLACEMENT_3D('',#3412,#3413,#3414);
#3412 = CARTESIAN_POINT('',(-38.,62.,-117.));
#3413 = DIRECTION('',(0.,0.,1.));
#3414 = DIRECTION('',(1.,0.,-0.));
#3415 = MANIFOLD_SOLID_BREP('',#3416);
#3416 = CLOSED_SHELL('',(#3417,#3457,#3497,#3519,#3541,#3553));
#3417 = ADVANCED_FACE('',(#3418),#3452,.F.);
#3418 = FACE_BOUND('',#3419,.F.);
#3419 = EDGE_LOOP('',(#3420,#3430,#3438,#3446));
#3420 = ORIENTED_EDGE('',*,*,#3421,.F.);
#3421 = EDGE_CURVE('',#3422,#3424,#3426,.T.);
#3422 = VERTEX_POINT('',#3423);
#3423 = CARTESIAN_POINT('',(30.,62.,-131.));
#3424 = VERTEX_POINT('',#3425);
#3425 = CARTESIAN_POINT('',(30.,62.,-117.));
#3426 = LINE('',#3427,#3428);
#3427 = CARTESIAN_POINT('',(30.,62.,-131.));
#3428 = VECTOR('',#3429,1.);
#3429 = DIRECTION('',(0.,0.,1.));
#3430 = ORIENTED_EDGE('',*,*,#3431,.T.);
#3431 = EDGE_CURVE('',#3422,#3432,#3434,.T.);
#3432 = VERTEX_POINT('',#3433);
#3433 = CARTESIAN_POINT('',(30.,76.,-131.));
#3434 = LINE('',#3435,#3436);
#3435 = CARTESIAN_POINT('',(30.,62.,-131.));
#3436 = VECTOR('',#3437,1.);
#3437 = DIRECTION('',(-0.,1.,0.));
#3438 = ORIENTED_EDGE('',*,*,#3439,.T.);
#3439 = EDGE_CURVE('',#3432,#3440,#3442,.T.);
#3440 = VERTEX_POINT('',#3441);
#3441 = CARTESIAN_POINT('',(30.,76.,-117.));
#3442 = LINE('',#3443,#3444);
#3443 = CARTESIAN_POINT('',(30.,76.,-131.));
#3444 = VECTOR('',#3445,1.);
#3445 = DIRECTION('',(0.,0.,1.));
#3446 = ORIENTED_EDGE('',*,*,#3447,.F.);
#3447 = EDGE_CURVE('',#3424,#3440,#3448,.T.);
#3448 = LINE('',#3449,#3450);
#3449 = CARTESIAN_POINT('',(30.,62.,-117.));
#3450 = VECTOR('',#3451,1.);
#3451 = DIRECTION('',(-0.,1.,0.));
#3452 = PLANE('',#3453);
#3453 = AXIS2_PLACEMENT_3D('',#3454,#3455,#3456);
#3454 = CARTESIAN_POINT('',(30.,62.,-131.));
#3455 = DIRECTION('',(1.,0.,-0.));
#3456 = DIRECTION('',(0.,0.,1.));
#3457 = ADVANCED_FACE('',(#3458),#3492,.T.);
#3458 = FACE_BOUND('',#3459,.T.);
#3459 = EDGE_LOOP('',(#3460,#3470,#3478,#3486));
#3460 = ORIENTED_EDGE('',*,*,#3461,.F.);
#3461 = EDGE_CURVE('',#3462,#3464,#3466,.T.);
#3462 = VERTEX_POINT('',#3463);
#3463 = CARTESIAN_POINT('',(38.,62.,-131.));
#3464 = VERTEX_POINT('',#3465);
#3465 = CARTESIAN_POINT('',(38.,62.,-117.));
#3466 = LINE('',#3467,#3468);
#3467 = CARTESIAN_POINT('',(38.,62.,-131.));
#3468 = VECTOR('',#3469,1.);
#3469 = DIRECTION('',(0.,0.,1.));
#3470 = ORIENTED_EDGE('',*,*,#3471,.T.);
#3471 = EDGE_CURVE('',#3462,#3472,#3474,.T.);
#3472 = VERTEX_POINT('',#3473);
#3473 = CARTESIAN_POINT('',(38.,76.,-131.));
#3474 = LINE('',#3475,#3476);
#3475 = CARTESIAN_POINT('',(38.,62.,-131.));
#3476 = VECTOR('',#3477,1.);
#3477 = DIRECTION('',(-0.,1.,0.));
#3478 = ORIENTED_EDGE('',*,*,#3479,.T.);
#3479 = EDGE_CURVE('',#3472,#3480,#3482,.T.);
#3480 = VERTEX_POINT('',#3481);
#3481 = CARTESIAN_POINT('',(38.,76.,-117.));
#3482 = LINE('',#3483,#3484);
#3483 = CARTESIAN_POINT('',(38.,76.,-131.));
#3484 = VECTOR('',#3485,1.);
#3485 = DIRECTION('',(0.,0.,1.));
#3486 = ORIENTED_EDGE('',*,*,#3487,.F.);
#3487 = EDGE_CURVE('',#3464,#3480,#3488,.T.);
#3488 = LINE('',#3489,#3490);
#3489 = CARTESIAN_POINT('',(38.,62.,-117.));
#3490 = VECTOR('',#3491,1.);
#3491 = DIRECTION('',(-0.,1.,0.));
#3492 = PLANE('',#3493);
#3493 = AXIS2_PLACEMENT_3D('',#3494,#3495,#3496);
#3494 = CARTESIAN_POINT('',(38.,62.,-131.));
#3495 = DIRECTION('',(1.,0.,-0.));
#3496 = DIRECTION('',(0.,0.,1.));
#3497 = ADVANCED_FACE('',(#3498),#3514,.F.);
#3498 = FACE_BOUND('',#3499,.F.);
#3499 = EDGE_LOOP('',(#3500,#3506,#3507,#3513));
#3500 = ORIENTED_EDGE('',*,*,#3501,.F.);
#3501 = EDGE_CURVE('',#3422,#3462,#3502,.T.);
#3502 = LINE('',#3503,#3504);
#3503 = CARTESIAN_POINT('',(30.,62.,-131.));
#3504 = VECTOR('',#3505,1.);
#3505 = DIRECTION('',(1.,0.,-0.));
#3506 = ORIENTED_EDGE('',*,*,#3421,.T.);
#3507 = ORIENTED_EDGE('',*,*,#3508,.T.);
#3508 = EDGE_CURVE('',#3424,#3464,#3509,.T.);
#3509 = LINE('',#3510,#3511);
#3510 = CARTESIAN_POINT('',(30.,62.,-117.));
#3511 = VECTOR('',#3512,1.);
#3512 = DIRECTION('',(1.,0.,-0.));
#3513 = ORIENTED_EDGE('',*,*,#3461,.F.);
#3514 = PLANE('',#3515);
#3515 = AXIS2_PLACEMENT_3D('',#3516,#3517,#3518);
#3516 = CARTESIAN_POINT('',(30.,62.,-131.));
#3517 = DIRECTION('',(-0.,1.,0.));
#3518 = DIRECTION('',(0.,0.,1.));
#3519 = ADVANCED_FACE('',(#3520),#3536,.T.);
#3520 = FACE_BOUND('',#3521,.T.);
#3521 = EDGE_LOOP('',(#3522,#3528,#3529,#3535));
#3522 = ORIENTED_EDGE('',*,*,#3523,.F.);
#3523 = EDGE_CURVE('',#3432,#3472,#3524,.T.);
#3524 = LINE('',#3525,#3526);
#3525 = CARTESIAN_POINT('',(30.,76.,-131.));
#3526 = VECTOR('',#3527,1.);
#3527 = DIRECTION('',(1.,0.,-0.));
#3528 = ORIENTED_EDGE('',*,*,#3439,.T.);
#3529 = ORIENTED_EDGE('',*,*,#3530,.T.);
#3530 = EDGE_CURVE('',#3440,#3480,#3531,.T.);
#3531 = LINE('',#3532,#3533);
#3532 = CARTESIAN_POINT('',(30.,76.,-117.));
#3533 = VECTOR('',#3534,1.);
#3534 = DIRECTION('',(1.,0.,-0.));
#3535 = ORIENTED_EDGE('',*,*,#3479,.F.);
#3536 = PLANE('',#3537);
#3537 = AXIS2_PLACEMENT_3D('',#3538,#3539,#3540);
#3538 = CARTESIAN_POINT('',(30.,76.,-131.));
#3539 = DIRECTION('',(-0.,1.,0.));
#3540 = DIRECTION('',(0.,0.,1.));
#3541 = ADVANCED_FACE('',(#3542),#3548,.F.);
#3542 = FACE_BOUND('',#3543,.F.);
#3543 = EDGE_LOOP('',(#3544,#3545,#3546,#3547));
#3544 = ORIENTED_EDGE('',*,*,#3431,.F.);
#3545 = ORIENTED_EDGE('',*,*,#3501,.T.);
#3546 = ORIENTED_EDGE('',*,*,#3471,.T.);
#3547 = ORIENTED_EDGE('',*,*,#3523,.F.);
#3548 = PLANE('',#3549);
#3549 = AXIS2_PLACEMENT_3D('',#3550,#3551,#3552);
#3550 = CARTESIAN_POINT('',(30.,62.,-131.));
#3551 = DIRECTION('',(0.,0.,1.));
#3552 = DIRECTION('',(1.,0.,-0.));
#3553 = ADVANCED_FACE('',(#3554),#3560,.T.);
#3554 = FACE_BOUND('',#3555,.T.);
#3555 = EDGE_LOOP('',(#3556,#3557,#3558,#3559));
#3556 = ORIENTED_EDGE('',*,*,#3447,.F.);
#3557 = ORIENTED_EDGE('',*,*,#3508,.T.);
#3558 = ORIENTED_EDGE('',*,*,#3487,.T.);
#3559 = ORIENTED_EDGE('',*,*,#3530,.F.);
#3560 = PLANE('',#3561);
#3561 = AXIS2_PLACEMENT_3D('',#3562,#3563,#3564);
#3562 = CARTESIAN_POINT('',(30.,62.,-117.));
#3563 = DIRECTION('',(0.,0.,1.));
#3564 = DIRECTION('',(1.,0.,-0.));
#3565 = ( GEOMETRIC_REPRESENTATION_CONTEXT(3) 
GLOBAL_UNCERTAINTY_ASSIGNED_CONTEXT((#3569)) 
GLOBAL_UNIT_ASSIGNED_CONTEXT((#3566,#3567,#3568)) REPRESENTATION_CONTEXT
('Context #1','3D Context with UNIT and UNCERTAINTY') );
#3566 = ( LENGTH_UNIT() NAMED_UNIT(*) SI_UNIT(.MILLI.,.METRE.) );
#3567 = ( NAMED_UNIT(*) PLANE_ANGLE_UNIT() SI_UNIT($,.RADIAN.) );
#3568 = ( NAMED_UNIT(*) SI_UNIT($,.STERADIAN.) SOLID_ANGLE_UNIT() );
#3569 = UNCERTAINTY_MEASURE_WITH_UNIT(LENGTH_MEASURE(1.E-07),#3566,
  'distance_accuracy_value','confusion accuracy');
#3570 = CONTEXT_DEPENDENT_SHAPE_REPRESENTATION(#3571,#3573);
#3571 = ( REPRESENTATION_RELATIONSHIP('','',#3264,#10) 
REPRESENTATION_RELATIONSHIP_WITH_TRANSFORMATION(#3572) 
SHAPE_REPRESENTATION_RELATIONSHIP() );
#3572 = ITEM_DEFINED_TRANSFORMATION('','',#11,#75);
#3573 = PRODUCT_DEFINITION_SHAPE('Placement','Placement of an item',
  #3574);
#3574 = NEXT_ASSEMBLY_USAGE_OCCURRENCE('16','43_蜗杆支座','',#5,
  #3259,$);
#3575 = PRODUCT_RELATED_PRODUCT_CATEGORY('part',$,(#3261));
#3576 = SHAPE_DEFINITION_REPRESENTATION(#3577,#3583);
#3577 = PRODUCT_DEFINITION_SHAPE('','',#3578);
#3578 = PRODUCT_DEFINITION('design','',#3579,#3582);
#3579 = PRODUCT_DEFINITION_FORMATION('','',#3580);
#3580 = PRODUCT('42_俯仰驱动电机(Φ28减速步进/伺服)',
  '42_俯仰驱动电机(Φ28减速步进/伺服)','',(#3581));
#3581 = PRODUCT_CONTEXT('',#2,'mechanical');
#3582 = PRODUCT_DEFINITION_CONTEXT('part definition',#2,'design');
#3583 = ADVANCED_BREP_SHAPE_REPRESENTATION('',(#11,#3584),#3637);
#3584 = MANIFOLD_SOLID_BREP('',#3585);
#3585 = CLOSED_SHELL('',(#3586,#3619,#3628));
#3586 = ADVANCED_FACE('',(#3587),#3614,.T.);
#3587 = FACE_BOUND('',#3588,.T.);
#3588 = EDGE_LOOP('',(#3589,#3598,#3606,#3613));
#3589 = ORIENTED_EDGE('',*,*,#3590,.F.);
#3590 = EDGE_CURVE('',#3591,#3591,#3593,.T.);
#3591 = VERTEX_POINT('',#3592);
#3592 = CARTESIAN_POINT('',(80.,69.,-110.));
#3593 = CIRCLE('',#3594,14.);
#3594 = AXIS2_PLACEMENT_3D('',#3595,#3596,#3597);
#3595 = CARTESIAN_POINT('',(80.,69.,-124.));
#3596 = DIRECTION('',(1.,0.,0.));
#3597 = DIRECTION('',(-0.,0.,1.));
#3598 = ORIENTED_EDGE('',*,*,#3599,.F.);
#3599 = EDGE_CURVE('',#3600,#3591,#3602,.T.);
#3600 = VERTEX_POINT('',#3601);
#3601 = CARTESIAN_POINT('',(38.,69.,-110.));
#3602 = LINE('',#3603,#3604);
#3603 = CARTESIAN_POINT('',(38.,69.,-110.));
#3604 = VECTOR('',#3605,1.);
#3605 = DIRECTION('',(1.,0.,0.));
#3606 = ORIENTED_EDGE('',*,*,#3607,.T.);
#3607 = EDGE_CURVE('',#3600,#3600,#3608,.T.);
#3608 = CIRCLE('',#3609,14.);
#3609 = AXIS2_PLACEMENT_3D('',#3610,#3611,#3612);
#3610 = CARTESIAN_POINT('',(38.,69.,-124.));
#3611 = DIRECTION('',(1.,0.,0.));
#3612 = DIRECTION('',(-0.,0.,1.));
#3613 = ORIENTED_EDGE('',*,*,#3599,.T.);
#3614 = CYLINDRICAL_SURFACE('',#3615,14.);
#3615 = AXIS2_PLACEMENT_3D('',#3616,#3617,#3618);
#3616 = CARTESIAN_POINT('',(38.,69.,-124.));
#3617 = DIRECTION('',(1.,0.,0.));
#3618 = DIRECTION('',(-0.,0.,1.));
#3619 = ADVANCED_FACE('',(#3620),#3623,.T.);
#3620 = FACE_BOUND('',#3621,.T.);
#3621 = EDGE_LOOP('',(#3622));
#3622 = ORIENTED_EDGE('',*,*,#3590,.T.);
#3623 = PLANE('',#3624);
#3624 = AXIS2_PLACEMENT_3D('',#3625,#3626,#3627);
#3625 = CARTESIAN_POINT('',(80.,69.,-124.));
#3626 = DIRECTION('',(1.,0.,0.));
#3627 = DIRECTION('',(-0.,0.,1.));
#3628 = ADVANCED_FACE('',(#3629),#3632,.F.);
#3629 = FACE_BOUND('',#3630,.T.);
#3630 = EDGE_LOOP('',(#3631));
#3631 = ORIENTED_EDGE('',*,*,#3607,.F.);
#3632 = PLANE('',#3633);
#3633 = AXIS2_PLACEMENT_3D('',#3634,#3635,#3636);
#3634 = CARTESIAN_POINT('',(38.,69.,-124.));
#3635 = DIRECTION('',(1.,0.,0.));
#3636 = DIRECTION('',(-0.,0.,1.));
#3637 = ( GEOMETRIC_REPRESENTATION_CONTEXT(3) 
GLOBAL_UNCERTAINTY_ASSIGNED_CONTEXT((#3641)) 
GLOBAL_UNIT_ASSIGNED_CONTEXT((#3638,#3639,#3640)) REPRESENTATION_CONTEXT
('Context #1','3D Context with UNIT and UNCERTAINTY') );
#3638 = ( LENGTH_UNIT() NAMED_UNIT(*) SI_UNIT(.MILLI.,.METRE.) );
#3639 = ( NAMED_UNIT(*) PLANE_ANGLE_UNIT() SI_UNIT($,.RADIAN.) );
#3640 = ( NAMED_UNIT(*) SI_UNIT($,.STERADIAN.) SOLID_ANGLE_UNIT() );
#3641 = UNCERTAINTY_MEASURE_WITH_UNIT(LENGTH_MEASURE(1.E-07),#3638,
  'distance_accuracy_value','confusion accuracy');
#3642 = CONTEXT_DEPENDENT_SHAPE_REPRESENTATION(#3643,#3645);
#3643 = ( REPRESENTATION_RELATIONSHIP('','',#3583,#10) 
REPRESENTATION_RELATIONSHIP_WITH_TRANSFORMATION(#3644) 
SHAPE_REPRESENTATION_RELATIONSHIP() );
#3644 = ITEM_DEFINED_TRANSFORMATION('','',#11,#79);
#3645 = PRODUCT_DEFINITION_SHAPE('Placement','Placement of an item',
  #3646);
#3646 = NEXT_ASSEMBLY_USAGE_OCCURRENCE('17',
  '42_俯仰驱动电机(Φ28减速步进/伺服)','',#5,#3578,$);
#3647 = PRODUCT_RELATED_PRODUCT_CATEGORY('part',$,(#3580));
#3648 = SHAPE_DEFINITION_REPRESENTATION(#3649,#3655);
#3649 = PRODUCT_DEFINITION_SHAPE('','',#3650);
#3650 = PRODUCT_DEFINITION('design','',#3651,#3654);
#3651 = PRODUCT_DEFINITION_FORMATION('','',#3652);
#3652 = PRODUCT('44_绝对式角度编码器(磁编码, 14 bit)',
  '44_绝对式角度编码器(磁编码, 14 bit)','',(#3653));
#3653 = PRODUCT_CONTEXT('',#2,'mechanical');
#3654 = PRODUCT_DEFINITION_CONTEXT('part definition',#2,'design');
#3655 = ADVANCED_BREP_SHAPE_REPRESENTATION('',(#11,#3656),#3709);
#3656 = MANIFOLD_SOLID_BREP('',#3657);
#3657 = CLOSED_SHELL('',(#3658,#3691,#3700));
#3658 = ADVANCED_FACE('',(#3659),#3686,.T.);
#3659 = FACE_BOUND('',#3660,.T.);
#3660 = EDGE_LOOP('',(#3661,#3670,#3678,#3685));
#3661 = ORIENTED_EDGE('',*,*,#3662,.F.);
#3662 = EDGE_CURVE('',#3663,#3663,#3665,.T.);
#3663 = VERTEX_POINT('',#3664);
#3664 = CARTESIAN_POINT('',(-3.918869757272E-15,-76.,-144.));
#3665 = CIRCLE('',#3666,16.);
#3666 = AXIS2_PLACEMENT_3D('',#3667,#3668,#3669);
#3667 = CARTESIAN_POINT('',(0.,-76.,-160.));
#3668 = DIRECTION('',(0.,1.,0.));
#3669 = DIRECTION('',(0.,-0.,1.));
#3670 = ORIENTED_EDGE('',*,*,#3671,.F.);
#3671 = EDGE_CURVE('',#3672,#3663,#3674,.T.);
#3672 = VERTEX_POINT('',#3673);
#3673 = CARTESIAN_POINT('',(-3.918869757272E-15,-88.,-144.));
#3674 = LINE('',#3675,#3676);
#3675 = CARTESIAN_POINT('',(-3.918869757272E-15,-88.,-144.));
#3676 = VECTOR('',#3677,1.);
#3677 = DIRECTION('',(0.,1.,0.));
#3678 = ORIENTED_EDGE('',*,*,#3679,.T.);
#3679 = EDGE_CURVE('',#3672,#3672,#3680,.T.);
#3680 = CIRCLE('',#3681,16.);
#3681 = AXIS2_PLACEMENT_3D('',#3682,#3683,#3684);
#3682 = CARTESIAN_POINT('',(0.,-88.,-160.));
#3683 = DIRECTION('',(0.,1.,0.));
#3684 = DIRECTION('',(0.,-0.,1.));
#3685 = ORIENTED_EDGE('',*,*,#3671,.T.);
#3686 = CYLINDRICAL_SURFACE('',#3687,16.);
#3687 = AXIS2_PLACEMENT_3D('',#3688,#3689,#3690);
#3688 = CARTESIAN_POINT('',(0.,-88.,-160.));
#3689 = DIRECTION('',(0.,1.,0.));
#3690 = DIRECTION('',(0.,-0.,1.));
#3691 = ADVANCED_FACE('',(#3692),#3695,.T.);
#3692 = FACE_BOUND('',#3693,.T.);
#3693 = EDGE_LOOP('',(#3694));
#3694 = ORIENTED_EDGE('',*,*,#3662,.T.);
#3695 = PLANE('',#3696);
#3696 = AXIS2_PLACEMENT_3D('',#3697,#3698,#3699);
#3697 = CARTESIAN_POINT('',(0.,-76.,-160.));
#3698 = DIRECTION('',(0.,1.,0.));
#3699 = DIRECTION('',(0.,-0.,1.));
#3700 = ADVANCED_FACE('',(#3701),#3704,.F.);
#3701 = FACE_BOUND('',#3702,.T.);
#3702 = EDGE_LOOP('',(#3703));
#3703 = ORIENTED_EDGE('',*,*,#3679,.F.);
#3704 = PLANE('',#3705);
#3705 = AXIS2_PLACEMENT_3D('',#3706,#3707,#3708);
#3706 = CARTESIAN_POINT('',(0.,-88.,-160.));
#3707 = DIRECTION('',(0.,1.,0.));
#3708 = DIRECTION('',(0.,-0.,1.));
#3709 = ( GEOMETRIC_REPRESENTATION_CONTEXT(3) 
GLOBAL_UNCERTAINTY_ASSIGNED_CONTEXT((#3713)) 
GLOBAL_UNIT_ASSIGNED_CONTEXT((#3710,#3711,#3712)) REPRESENTATION_CONTEXT
('Context #1','3D Context with UNIT and UNCERTAINTY') );
#3710 = ( LENGTH_UNIT() NAMED_UNIT(*) SI_UNIT(.MILLI.,.METRE.) );
#3711 = ( NAMED_UNIT(*) PLANE_ANGLE_UNIT() SI_UNIT($,.RADIAN.) );
#3712 = ( NAMED_UNIT(*) SI_UNIT($,.STERADIAN.) SOLID_ANGLE_UNIT() );
#3713 = UNCERTAINTY_MEASURE_WITH_UNIT(LENGTH_MEASURE(1.E-07),#3710,
  'distance_accuracy_value','confusion accuracy');
#3714 = CONTEXT_DEPENDENT_SHAPE_REPRESENTATION(#3715,#3717);
#3715 = ( REPRESENTATION_RELATIONSHIP('','',#3655,#10) 
REPRESENTATION_RELATIONSHIP_WITH_TRANSFORMATION(#3716) 
SHAPE_REPRESENTATION_RELATIONSHIP() );
#3716 = ITEM_DEFINED_TRANSFORMATION('','',#11,#83);
#3717 = PRODUCT_DEFINITION_SHAPE('Placement','Placement of an item',
  #3718);
#3718 = NEXT_ASSEMBLY_USAGE_OCCURRENCE('18',
  '44_绝对式角度编码器(磁编码, 14 bit)','',#5,#3650,$);
#3719 = PRODUCT_RELATED_PRODUCT_CATEGORY('part',$,(#3652));
#3720 = SHAPE_DEFINITION_REPRESENTATION(#3721,#3727);
#3721 = PRODUCT_DEFINITION_SHAPE('','',#3722);
#3722 = PRODUCT_DEFINITION('design','',#3723,#3726);
#3723 = PRODUCT_DEFINITION_FORMATION('','',#3724);
#3724 = PRODUCT('45_机械限位块(+30°)','45_机械限位块(+30°)',
  '',(#3725));
#3725 = PRODUCT_CONTEXT('',#2,'mechanical');
#3726 = PRODUCT_DEFINITION_CONTEXT('part definition',#2,'design');
#3727 = ADVANCED_BREP_SHAPE_REPRESENTATION('',(#11,#3728),#3878);
#3728 = MANIFOLD_SOLID_BREP('',#3729);
#3729 = CLOSED_SHELL('',(#3730,#3770,#3810,#3832,#3854,#3866));
#3730 = ADVANCED_FACE('',(#3731),#3765,.F.);
#3731 = FACE_BOUND('',#3732,.F.);
#3732 = EDGE_LOOP('',(#3733,#3743,#3751,#3759));
#3733 = ORIENTED_EDGE('',*,*,#3734,.F.);
#3734 = EDGE_CURVE('',#3735,#3737,#3739,.T.);
#3735 = VERTEX_POINT('',#3736);
#3736 = CARTESIAN_POINT('',(-22.,-68.,-194.4448637286));
#3737 = VERTEX_POINT('',#3738);
#3738 = CARTESIAN_POINT('',(-22.,-68.,-184.4448637286));
#3739 = LINE('',#3740,#3741);
#3740 = CARTESIAN_POINT('',(-22.,-68.,-194.4448637286));
#3741 = VECTOR('',#3742,1.);
#3742 = DIRECTION('',(0.,0.,1.));
#3743 = ORIENTED_EDGE('',*,*,#3744,.T.);
#3744 = EDGE_CURVE('',#3735,#3745,#3747,.T.);
#3745 = VERTEX_POINT('',#3746);
#3746 = CARTESIAN_POINT('',(-22.,-62.,-194.4448637286));
#3747 = LINE('',#3748,#3749);
#3748 = CARTESIAN_POINT('',(-22.,-68.,-194.4448637286));
#3749 = VECTOR('',#3750,1.);
#3750 = DIRECTION('',(-0.,1.,0.));
#3751 = ORIENTED_EDGE('',*,*,#3752,.T.);
#3752 = EDGE_CURVE('',#3745,#3753,#3755,.T.);
#3753 = VERTEX_POINT('',#3754);
#3754 = CARTESIAN_POINT('',(-22.,-62.,-184.4448637286));
#3755 = LINE('',#3756,#3757);
#3756 = CARTESIAN_POINT('',(-22.,-62.,-194.4448637286));
#3757 = VECTOR('',#3758,1.);
#3758 = DIRECTION('',(0.,0.,1.));
#3759 = ORIENTED_EDGE('',*,*,#3760,.F.);
#3760 = EDGE_CURVE('',#3737,#3753,#3761,.T.);
#3761 = LINE('',#3762,#3763);
#3762 = CARTESIAN_POINT('',(-22.,-68.,-184.4448637286));
#3763 = VECTOR('',#3764,1.);
#3764 = DIRECTION('',(-0.,1.,0.));
#3765 = PLANE('',#3766);
#3766 = AXIS2_PLACEMENT_3D('',#3767,#3768,#3769);
#3767 = CARTESIAN_POINT('',(-22.,-68.,-194.4448637286));
#3768 = DIRECTION('',(1.,0.,-0.));
#3769 = DIRECTION('',(0.,0.,1.));
#3770 = ADVANCED_FACE('',(#3771),#3805,.T.);
#3771 = FACE_BOUND('',#3772,.T.);
#3772 = EDGE_LOOP('',(#3773,#3783,#3791,#3799));
#3773 = ORIENTED_EDGE('',*,*,#3774,.F.);
#3774 = EDGE_CURVE('',#3775,#3777,#3779,.T.);
#3775 = VERTEX_POINT('',#3776);
#3776 = CARTESIAN_POINT('',(-12.,-68.,-194.4448637286));
#3777 = VERTEX_POINT('',#3778);
#3778 = CARTESIAN_POINT('',(-12.,-68.,-184.4448637286));
#3779 = LINE('',#3780,#3781);
#3780 = CARTESIAN_POINT('',(-12.,-68.,-194.4448637286));
#3781 = VECTOR('',#3782,1.);
#3782 = DIRECTION('',(0.,0.,1.));
#3783 = ORIENTED_EDGE('',*,*,#3784,.T.);
#3784 = EDGE_CURVE('',#3775,#3785,#3787,.T.);
#3785 = VERTEX_POINT('',#3786);
#3786 = CARTESIAN_POINT('',(-12.,-62.,-194.4448637286));
#3787 = LINE('',#3788,#3789);
#3788 = CARTESIAN_POINT('',(-12.,-68.,-194.4448637286));
#3789 = VECTOR('',#3790,1.);
#3790 = DIRECTION('',(-0.,1.,0.));
#3791 = ORIENTED_EDGE('',*,*,#3792,.T.);
#3792 = EDGE_CURVE('',#3785,#3793,#3795,.T.);
#3793 = VERTEX_POINT('',#3794);
#3794 = CARTESIAN_POINT('',(-12.,-62.,-184.4448637286));
#3795 = LINE('',#3796,#3797);
#3796 = CARTESIAN_POINT('',(-12.,-62.,-194.4448637286));
#3797 = VECTOR('',#3798,1.);
#3798 = DIRECTION('',(0.,0.,1.));
#3799 = ORIENTED_EDGE('',*,*,#3800,.F.);
#3800 = EDGE_CURVE('',#3777,#3793,#3801,.T.);
#3801 = LINE('',#3802,#3803);
#3802 = CARTESIAN_POINT('',(-12.,-68.,-184.4448637286));
#3803 = VECTOR('',#3804,1.);
#3804 = DIRECTION('',(-0.,1.,0.));
#3805 = PLANE('',#3806);
#3806 = AXIS2_PLACEMENT_3D('',#3807,#3808,#3809);
#3807 = CARTESIAN_POINT('',(-12.,-68.,-194.4448637286));
#3808 = DIRECTION('',(1.,0.,-0.));
#3809 = DIRECTION('',(0.,0.,1.));
#3810 = ADVANCED_FACE('',(#3811),#3827,.F.);
#3811 = FACE_BOUND('',#3812,.F.);
#3812 = EDGE_LOOP('',(#3813,#3819,#3820,#3826));
#3813 = ORIENTED_EDGE('',*,*,#3814,.F.);
#3814 = EDGE_CURVE('',#3735,#3775,#3815,.T.);
#3815 = LINE('',#3816,#3817);
#3816 = CARTESIAN_POINT('',(-22.,-68.,-194.4448637286));
#3817 = VECTOR('',#3818,1.);
#3818 = DIRECTION('',(1.,0.,-0.));
#3819 = ORIENTED_EDGE('',*,*,#3734,.T.);
#3820 = ORIENTED_EDGE('',*,*,#3821,.T.);
#3821 = EDGE_CURVE('',#3737,#3777,#3822,.T.);
#3822 = LINE('',#3823,#3824);
#3823 = CARTESIAN_POINT('',(-22.,-68.,-184.4448637286));
#3824 = VECTOR('',#3825,1.);
#3825 = DIRECTION('',(1.,0.,-0.));
#3826 = ORIENTED_EDGE('',*,*,#3774,.F.);
#3827 = PLANE('',#3828);
#3828 = AXIS2_PLACEMENT_3D('',#3829,#3830,#3831);
#3829 = CARTESIAN_POINT('',(-22.,-68.,-194.4448637286));
#3830 = DIRECTION('',(-0.,1.,0.));
#3831 = DIRECTION('',(0.,0.,1.));
#3832 = ADVANCED_FACE('',(#3833),#3849,.T.);
#3833 = FACE_BOUND('',#3834,.T.);
#3834 = EDGE_LOOP('',(#3835,#3841,#3842,#3848));
#3835 = ORIENTED_EDGE('',*,*,#3836,.F.);
#3836 = EDGE_CURVE('',#3745,#3785,#3837,.T.);
#3837 = LINE('',#3838,#3839);
#3838 = CARTESIAN_POINT('',(-22.,-62.,-194.4448637286));
#3839 = VECTOR('',#3840,1.);
#3840 = DIRECTION('',(1.,0.,-0.));
#3841 = ORIENTED_EDGE('',*,*,#3752,.T.);
#3842 = ORIENTED_EDGE('',*,*,#3843,.T.);
#3843 = EDGE_CURVE('',#3753,#3793,#3844,.T.);
#3844 = LINE('',#3845,#3846);
#3845 = CARTESIAN_POINT('',(-22.,-62.,-184.4448637286));
#3846 = VECTOR('',#3847,1.);
#3847 = DIRECTION('',(1.,0.,-0.));
#3848 = ORIENTED_EDGE('',*,*,#3792,.F.);
#3849 = PLANE('',#3850);
#3850 = AXIS2_PLACEMENT_3D('',#3851,#3852,#3853);
#3851 = CARTESIAN_POINT('',(-22.,-62.,-194.4448637286));
#3852 = DIRECTION('',(-0.,1.,0.));
#3853 = DIRECTION('',(0.,0.,1.));
#3854 = ADVANCED_FACE('',(#3855),#3861,.F.);
#3855 = FACE_BOUND('',#3856,.F.);
#3856 = EDGE_LOOP('',(#3857,#3858,#3859,#3860));
#3857 = ORIENTED_EDGE('',*,*,#3744,.F.);
#3858 = ORIENTED_EDGE('',*,*,#3814,.T.);
#3859 = ORIENTED_EDGE('',*,*,#3784,.T.);
#3860 = ORIENTED_EDGE('',*,*,#3836,.F.);
#3861 = PLANE('',#3862);
#3862 = AXIS2_PLACEMENT_3D('',#3863,#3864,#3865);
#3863 = CARTESIAN_POINT('',(-22.,-68.,-194.4448637286));
#3864 = DIRECTION('',(0.,0.,1.));
#3865 = DIRECTION('',(1.,0.,-0.));
#3866 = ADVANCED_FACE('',(#3867),#3873,.T.);
#3867 = FACE_BOUND('',#3868,.T.);
#3868 = EDGE_LOOP('',(#3869,#3870,#3871,#3872));
#3869 = ORIENTED_EDGE('',*,*,#3760,.F.);
#3870 = ORIENTED_EDGE('',*,*,#3821,.T.);
#3871 = ORIENTED_EDGE('',*,*,#3800,.T.);
#3872 = ORIENTED_EDGE('',*,*,#3843,.F.);
#3873 = PLANE('',#3874);
#3874 = AXIS2_PLACEMENT_3D('',#3875,#3876,#3877);
#3875 = CARTESIAN_POINT('',(-22.,-68.,-184.4448637286));
#3876 = DIRECTION('',(0.,0.,1.));
#3877 = DIRECTION('',(1.,0.,-0.));
#3878 = ( GEOMETRIC_REPRESENTATION_CONTEXT(3) 
GLOBAL_UNCERTAINTY_ASSIGNED_CONTEXT((#3882)) 
GLOBAL_UNIT_ASSIGNED_CONTEXT((#3879,#3880,#3881)) REPRESENTATION_CONTEXT
('Context #1','3D Context with UNIT and UNCERTAINTY') );
#3879 = ( LENGTH_UNIT() NAMED_UNIT(*) SI_UNIT(.MILLI.,.METRE.) );
#3880 = ( NAMED_UNIT(*) PLANE_ANGLE_UNIT() SI_UNIT($,.RADIAN.) );
#3881 = ( NAMED_UNIT(*) SI_UNIT($,.STERADIAN.) SOLID_ANGLE_UNIT() );
#3882 = UNCERTAINTY_MEASURE_WITH_UNIT(LENGTH_MEASURE(1.E-07),#3879,
  'distance_accuracy_value','confusion accuracy');
#3883 = CONTEXT_DEPENDENT_SHAPE_REPRESENTATION(#3884,#3886);
#3884 = ( REPRESENTATION_RELATIONSHIP('','',#3727,#10) 
REPRESENTATION_RELATIONSHIP_WITH_TRANSFORMATION(#3885) 
SHAPE_REPRESENTATION_RELATIONSHIP() );
#3885 = ITEM_DEFINED_TRANSFORMATION('','',#11,#87);
#3886 = PRODUCT_DEFINITION_SHAPE('Placement','Placement of an item',
  #3887);
#3887 = NEXT_ASSEMBLY_USAGE_OCCURRENCE('19','45_机械限位块(+30°)',
  '',#5,#3722,$);
#3888 = PRODUCT_RELATED_PRODUCT_CATEGORY('part',$,(#3724));
#3889 = SHAPE_DEFINITION_REPRESENTATION(#3890,#3896);
#3890 = PRODUCT_DEFINITION_SHAPE('','',#3891);
#3891 = PRODUCT_DEFINITION('design','',#3892,#3895);
#3892 = PRODUCT_DEFINITION_FORMATION('','',#3893);
#3893 = PRODUCT('45_机械限位块(-30°)','45_机械限位块(-30°)',
  '',(#3894));
#3894 = PRODUCT_CONTEXT('',#2,'mechanical');
#3895 = PRODUCT_DEFINITION_CONTEXT('part definition',#2,'design');
#3896 = ADVANCED_BREP_SHAPE_REPRESENTATION('',(#11,#3897),#4047);
#3897 = MANIFOLD_SOLID_BREP('',#3898);
#3898 = CLOSED_SHELL('',(#3899,#3939,#3979,#4001,#4023,#4035));
#3899 = ADVANCED_FACE('',(#3900),#3934,.F.);
#3900 = FACE_BOUND('',#3901,.F.);
#3901 = EDGE_LOOP('',(#3902,#3912,#3920,#3928));
#3902 = ORIENTED_EDGE('',*,*,#3903,.F.);
#3903 = EDGE_CURVE('',#3904,#3906,#3908,.T.);
#3904 = VERTEX_POINT('',#3905);
#3905 = CARTESIAN_POINT('',(12.,-68.,-194.4448637286));
#3906 = VERTEX_POINT('',#3907);
#3907 = CARTESIAN_POINT('',(12.,-68.,-184.4448637286));
#3908 = LINE('',#3909,#3910);
#3909 = CARTESIAN_POINT('',(12.,-68.,-194.4448637286));
#3910 = VECTOR('',#3911,1.);
#3911 = DIRECTION('',(0.,0.,1.));
#3912 = ORIENTED_EDGE('',*,*,#3913,.T.);
#3913 = EDGE_CURVE('',#3904,#3914,#3916,.T.);
#3914 = VERTEX_POINT('',#3915);
#3915 = CARTESIAN_POINT('',(12.,-62.,-194.4448637286));
#3916 = LINE('',#3917,#3918);
#3917 = CARTESIAN_POINT('',(12.,-68.,-194.4448637286));
#3918 = VECTOR('',#3919,1.);
#3919 = DIRECTION('',(-0.,1.,0.));
#3920 = ORIENTED_EDGE('',*,*,#3921,.T.);
#3921 = EDGE_CURVE('',#3914,#3922,#3924,.T.);
#3922 = VERTEX_POINT('',#3923);
#3923 = CARTESIAN_POINT('',(12.,-62.,-184.4448637286));
#3924 = LINE('',#3925,#3926);
#3925 = CARTESIAN_POINT('',(12.,-62.,-194.4448637286));
#3926 = VECTOR('',#3927,1.);
#3927 = DIRECTION('',(0.,0.,1.));
#3928 = ORIENTED_EDGE('',*,*,#3929,.F.);
#3929 = EDGE_CURVE('',#3906,#3922,#3930,.T.);
#3930 = LINE('',#3931,#3932);
#3931 = CARTESIAN_POINT('',(12.,-68.,-184.4448637286));
#3932 = VECTOR('',#3933,1.);
#3933 = DIRECTION('',(-0.,1.,0.));
#3934 = PLANE('',#3935);
#3935 = AXIS2_PLACEMENT_3D('',#3936,#3937,#3938);
#3936 = CARTESIAN_POINT('',(12.,-68.,-194.4448637286));
#3937 = DIRECTION('',(1.,0.,-0.));
#3938 = DIRECTION('',(0.,0.,1.));
#3939 = ADVANCED_FACE('',(#3940),#3974,.T.);
#3940 = FACE_BOUND('',#3941,.T.);
#3941 = EDGE_LOOP('',(#3942,#3952,#3960,#3968));
#3942 = ORIENTED_EDGE('',*,*,#3943,.F.);
#3943 = EDGE_CURVE('',#3944,#3946,#3948,.T.);
#3944 = VERTEX_POINT('',#3945);
#3945 = CARTESIAN_POINT('',(22.,-68.,-194.4448637286));
#3946 = VERTEX_POINT('',#3947);
#3947 = CARTESIAN_POINT('',(22.,-68.,-184.4448637286));
#3948 = LINE('',#3949,#3950);
#3949 = CARTESIAN_POINT('',(22.,-68.,-194.4448637286));
#3950 = VECTOR('',#3951,1.);
#3951 = DIRECTION('',(0.,0.,1.));
#3952 = ORIENTED_EDGE('',*,*,#3953,.T.);
#3953 = EDGE_CURVE('',#3944,#3954,#3956,.T.);
#3954 = VERTEX_POINT('',#3955);
#3955 = CARTESIAN_POINT('',(22.,-62.,-194.4448637286));
#3956 = LINE('',#3957,#3958);
#3957 = CARTESIAN_POINT('',(22.,-68.,-194.4448637286));
#3958 = VECTOR('',#3959,1.);
#3959 = DIRECTION('',(-0.,1.,0.));
#3960 = ORIENTED_EDGE('',*,*,#3961,.T.);
#3961 = EDGE_CURVE('',#3954,#3962,#3964,.T.);
#3962 = VERTEX_POINT('',#3963);
#3963 = CARTESIAN_POINT('',(22.,-62.,-184.4448637286));
#3964 = LINE('',#3965,#3966);
#3965 = CARTESIAN_POINT('',(22.,-62.,-194.4448637286));
#3966 = VECTOR('',#3967,1.);
#3967 = DIRECTION('',(0.,0.,1.));
#3968 = ORIENTED_EDGE('',*,*,#3969,.F.);
#3969 = EDGE_CURVE('',#3946,#3962,#3970,.T.);
#3970 = LINE('',#3971,#3972);
#3971 = CARTESIAN_POINT('',(22.,-68.,-184.4448637286));
#3972 = VECTOR('',#3973,1.);
#3973 = DIRECTION('',(-0.,1.,0.));
#3974 = PLANE('',#3975);
#3975 = AXIS2_PLACEMENT_3D('',#3976,#3977,#3978);
#3976 = CARTESIAN_POINT('',(22.,-68.,-194.4448637286));
#3977 = DIRECTION('',(1.,0.,-0.));
#3978 = DIRECTION('',(0.,0.,1.));
#3979 = ADVANCED_FACE('',(#3980),#3996,.F.);
#3980 = FACE_BOUND('',#3981,.F.);
#3981 = EDGE_LOOP('',(#3982,#3988,#3989,#3995));
#3982 = ORIENTED_EDGE('',*,*,#3983,.F.);
#3983 = EDGE_CURVE('',#3904,#3944,#3984,.T.);
#3984 = LINE('',#3985,#3986);
#3985 = CARTESIAN_POINT('',(12.,-68.,-194.4448637286));
#3986 = VECTOR('',#3987,1.);
#3987 = DIRECTION('',(1.,0.,-0.));
#3988 = ORIENTED_EDGE('',*,*,#3903,.T.);
#3989 = ORIENTED_EDGE('',*,*,#3990,.T.);
#3990 = EDGE_CURVE('',#3906,#3946,#3991,.T.);
#3991 = LINE('',#3992,#3993);
#3992 = CARTESIAN_POINT('',(12.,-68.,-184.4448637286));
#3993 = VECTOR('',#3994,1.);
#3994 = DIRECTION('',(1.,0.,-0.));
#3995 = ORIENTED_EDGE('',*,*,#3943,.F.);
#3996 = PLANE('',#3997);
#3997 = AXIS2_PLACEMENT_3D('',#3998,#3999,#4000);
#3998 = CARTESIAN_POINT('',(12.,-68.,-194.4448637286));
#3999 = DIRECTION('',(-0.,1.,0.));
#4000 = DIRECTION('',(0.,0.,1.));
#4001 = ADVANCED_FACE('',(#4002),#4018,.T.);
#4002 = FACE_BOUND('',#4003,.T.);
#4003 = EDGE_LOOP('',(#4004,#4010,#4011,#4017));
#4004 = ORIENTED_EDGE('',*,*,#4005,.F.);
#4005 = EDGE_CURVE('',#3914,#3954,#4006,.T.);
#4006 = LINE('',#4007,#4008);
#4007 = CARTESIAN_POINT('',(12.,-62.,-194.4448637286));
#4008 = VECTOR('',#4009,1.);
#4009 = DIRECTION('',(1.,0.,-0.));
#4010 = ORIENTED_EDGE('',*,*,#3921,.T.);
#4011 = ORIENTED_EDGE('',*,*,#4012,.T.);
#4012 = EDGE_CURVE('',#3922,#3962,#4013,.T.);
#4013 = LINE('',#4014,#4015);
#4014 = CARTESIAN_POINT('',(12.,-62.,-184.4448637286));
#4015 = VECTOR('',#4016,1.);
#4016 = DIRECTION('',(1.,0.,-0.));
#4017 = ORIENTED_EDGE('',*,*,#3961,.F.);
#4018 = PLANE('',#4019);
#4019 = AXIS2_PLACEMENT_3D('',#4020,#4021,#4022);
#4020 = CARTESIAN_POINT('',(12.,-62.,-194.4448637286));
#4021 = DIRECTION('',(-0.,1.,0.));
#4022 = DIRECTION('',(0.,0.,1.));
#4023 = ADVANCED_FACE('',(#4024),#4030,.F.);
#4024 = FACE_BOUND('',#4025,.F.);
#4025 = EDGE_LOOP('',(#4026,#4027,#4028,#4029));
#4026 = ORIENTED_EDGE('',*,*,#3913,.F.);
#4027 = ORIENTED_EDGE('',*,*,#3983,.T.);
#4028 = ORIENTED_EDGE('',*,*,#3953,.T.);
#4029 = ORIENTED_EDGE('',*,*,#4005,.F.);
#4030 = PLANE('',#4031);
#4031 = AXIS2_PLACEMENT_3D('',#4032,#4033,#4034);
#4032 = CARTESIAN_POINT('',(12.,-68.,-194.4448637286));
#4033 = DIRECTION('',(0.,0.,1.));
#4034 = DIRECTION('',(1.,0.,-0.));
#4035 = ADVANCED_FACE('',(#4036),#4042,.T.);
#4036 = FACE_BOUND('',#4037,.T.);
#4037 = EDGE_LOOP('',(#4038,#4039,#4040,#4041));
#4038 = ORIENTED_EDGE('',*,*,#3929,.F.);
#4039 = ORIENTED_EDGE('',*,*,#3990,.T.);
#4040 = ORIENTED_EDGE('',*,*,#3969,.T.);
#4041 = ORIENTED_EDGE('',*,*,#4012,.F.);
#4042 = PLANE('',#4043);
#4043 = AXIS2_PLACEMENT_3D('',#4044,#4045,#4046);
#4044 = CARTESIAN_POINT('',(12.,-68.,-184.4448637286));
#4045 = DIRECTION('',(0.,0.,1.));
#4046 = DIRECTION('',(1.,0.,-0.));
#4047 = ( GEOMETRIC_REPRESENTATION_CONTEXT(3) 
GLOBAL_UNCERTAINTY_ASSIGNED_CONTEXT((#4051)) 
GLOBAL_UNIT_ASSIGNED_CONTEXT((#4048,#4049,#4050)) REPRESENTATION_CONTEXT
('Context #1','3D Context with UNIT and UNCERTAINTY') );
#4048 = ( LENGTH_UNIT() NAMED_UNIT(*) SI_UNIT(.MILLI.,.METRE.) );
#4049 = ( NAMED_UNIT(*) PLANE_ANGLE_UNIT() SI_UNIT($,.RADIAN.) );
#4050 = ( NAMED_UNIT(*) SI_UNIT($,.STERADIAN.) SOLID_ANGLE_UNIT() );
#4051 = UNCERTAINTY_MEASURE_WITH_UNIT(LENGTH_MEASURE(1.E-07),#4048,
  'distance_accuracy_value','confusion accuracy');
#4052 = CONTEXT_DEPENDENT_SHAPE_REPRESENTATION(#4053,#4055);
#4053 = ( REPRESENTATION_RELATIONSHIP('','',#3896,#10) 
REPRESENTATION_RELATIONSHIP_WITH_TRANSFORMATION(#4054) 
SHAPE_REPRESENTATION_RELATIONSHIP() );
#4054 = ITEM_DEFINED_TRANSFORMATION('','',#11,#91);
#4055 = PRODUCT_DEFINITION_SHAPE('Placement','Placement of an item',
  #4056);
#4056 = NEXT_ASSEMBLY_USAGE_OCCURRENCE('20','45_机械限位块(-30°)',
  '',#5,#3891,$);
#4057 = PRODUCT_RELATED_PRODUCT_CATEGORY('part',$,(#3893));
#4058 = SHAPE_DEFINITION_REPRESENTATION(#4059,#4065);
#4059 = PRODUCT_DEFINITION_SHAPE('','',#4060);
#4060 = PRODUCT_DEFINITION('design','',#4061,#4064);
#4061 = PRODUCT_DEFINITION_FORMATION('','',#4062);
#4062 = PRODUCT('45_限位摆杆(随耳轴)',
  '45_限位摆杆(随耳轴)','',(#4063));
#4063 = PRODUCT_CONTEXT('',#2,'mechanical');
#4064 = PRODUCT_DEFINITION_CONTEXT('part definition',#2,'design');
#4065 = ADVANCED_BREP_SHAPE_REPRESENTATION('',(#11,#4066),#4216);
#4066 = MANIFOLD_SOLID_BREP('',#4067);
#4067 = CLOSED_SHELL('',(#4068,#4108,#4148,#4170,#4192,#4204));
#4068 = ADVANCED_FACE('',(#4069),#4103,.F.);
#4069 = FACE_BOUND('',#4070,.F.);
#4070 = EDGE_LOOP('',(#4071,#4081,#4089,#4097));
#4071 = ORIENTED_EDGE('',*,*,#4072,.F.);
#4072 = EDGE_CURVE('',#4073,#4075,#4077,.T.);
#4073 = VERTEX_POINT('',#4074);
#4074 = CARTESIAN_POINT('',(-3.,-72.,-206.));
#4075 = VERTEX_POINT('',#4076);
#4076 = CARTESIAN_POINT('',(-3.,-72.,-160.));
#4077 = LINE('',#4078,#4079);
#4078 = CARTESIAN_POINT('',(-3.,-72.,-206.));
#4079 = VECTOR('',#4080,1.);
#4080 = DIRECTION('',(0.,0.,1.));
#4081 = ORIENTED_EDGE('',*,*,#4082,.T.);
#4082 = EDGE_CURVE('',#4073,#4083,#4085,.T.);
#4083 = VERTEX_POINT('',#4084);
#4084 = CARTESIAN_POINT('',(-3.,-68.,-206.));
#4085 = LINE('',#4086,#4087);
#4086 = CARTESIAN_POINT('',(-3.,-72.,-206.));
#4087 = VECTOR('',#4088,1.);
#4088 = DIRECTION('',(-0.,1.,0.));
#4089 = ORIENTED_EDGE('',*,*,#4090,.T.);
#4090 = EDGE_CURVE('',#4083,#4091,#4093,.T.);
#4091 = VERTEX_POINT('',#4092);
#4092 = CARTESIAN_POINT('',(-3.,-68.,-160.));
#4093 = LINE('',#4094,#4095);
#4094 = CARTESIAN_POINT('',(-3.,-68.,-206.));
#4095 = VECTOR('',#4096,1.);
#4096 = DIRECTION('',(0.,0.,1.));
#4097 = ORIENTED_EDGE('',*,*,#4098,.F.);
#4098 = EDGE_CURVE('',#4075,#4091,#4099,.T.);
#4099 = LINE('',#4100,#4101);
#4100 = CARTESIAN_POINT('',(-3.,-72.,-160.));
#4101 = VECTOR('',#4102,1.);
#4102 = DIRECTION('',(-0.,1.,0.));
#4103 = PLANE('',#4104);
#4104 = AXIS2_PLACEMENT_3D('',#4105,#4106,#4107);
#4105 = CARTESIAN_POINT('',(-3.,-72.,-206.));
#4106 = DIRECTION('',(1.,0.,-0.));
#4107 = DIRECTION('',(0.,0.,1.));
#4108 = ADVANCED_FACE('',(#4109),#4143,.T.);
#4109 = FACE_BOUND('',#4110,.T.);
#4110 = EDGE_LOOP('',(#4111,#4121,#4129,#4137));
#4111 = ORIENTED_EDGE('',*,*,#4112,.F.);
#4112 = EDGE_CURVE('',#4113,#4115,#4117,.T.);
#4113 = VERTEX_POINT('',#4114);
#4114 = CARTESIAN_POINT('',(3.,-72.,-206.));
#4115 = VERTEX_POINT('',#4116);
#4116 = CARTESIAN_POINT('',(3.,-72.,-160.));
#4117 = LINE('',#4118,#4119);
#4118 = CARTESIAN_POINT('',(3.,-72.,-206.));
#4119 = VECTOR('',#4120,1.);
#4120 = DIRECTION('',(0.,0.,1.));
#4121 = ORIENTED_EDGE('',*,*,#4122,.T.);
#4122 = EDGE_CURVE('',#4113,#4123,#4125,.T.);
#4123 = VERTEX_POINT('',#4124);
#4124 = CARTESIAN_POINT('',(3.,-68.,-206.));
#4125 = LINE('',#4126,#4127);
#4126 = CARTESIAN_POINT('',(3.,-72.,-206.));
#4127 = VECTOR('',#4128,1.);
#4128 = DIRECTION('',(-0.,1.,0.));
#4129 = ORIENTED_EDGE('',*,*,#4130,.T.);
#4130 = EDGE_CURVE('',#4123,#4131,#4133,.T.);
#4131 = VERTEX_POINT('',#4132);
#4132 = CARTESIAN_POINT('',(3.,-68.,-160.));
#4133 = LINE('',#4134,#4135);
#4134 = CARTESIAN_POINT('',(3.,-68.,-206.));
#4135 = VECTOR('',#4136,1.);
#4136 = DIRECTION('',(0.,0.,1.));
#4137 = ORIENTED_EDGE('',*,*,#4138,.F.);
#4138 = EDGE_CURVE('',#4115,#4131,#4139,.T.);
#4139 = LINE('',#4140,#4141);
#4140 = CARTESIAN_POINT('',(3.,-72.,-160.));
#4141 = VECTOR('',#4142,1.);
#4142 = DIRECTION('',(-0.,1.,0.));
#4143 = PLANE('',#4144);
#4144 = AXIS2_PLACEMENT_3D('',#4145,#4146,#4147);
#4145 = CARTESIAN_POINT('',(3.,-72.,-206.));
#4146 = DIRECTION('',(1.,0.,-0.));
#4147 = DIRECTION('',(0.,0.,1.));
#4148 = ADVANCED_FACE('',(#4149),#4165,.F.);
#4149 = FACE_BOUND('',#4150,.F.);
#4150 = EDGE_LOOP('',(#4151,#4157,#4158,#4164));
#4151 = ORIENTED_EDGE('',*,*,#4152,.F.);
#4152 = EDGE_CURVE('',#4073,#4113,#4153,.T.);
#4153 = LINE('',#4154,#4155);
#4154 = CARTESIAN_POINT('',(-3.,-72.,-206.));
#4155 = VECTOR('',#4156,1.);
#4156 = DIRECTION('',(1.,0.,-0.));
#4157 = ORIENTED_EDGE('',*,*,#4072,.T.);
#4158 = ORIENTED_EDGE('',*,*,#4159,.T.);
#4159 = EDGE_CURVE('',#4075,#4115,#4160,.T.);
#4160 = LINE('',#4161,#4162);
#4161 = CARTESIAN_POINT('',(-3.,-72.,-160.));
#4162 = VECTOR('',#4163,1.);
#4163 = DIRECTION('',(1.,0.,-0.));
#4164 = ORIENTED_EDGE('',*,*,#4112,.F.);
#4165 = PLANE('',#4166);
#4166 = AXIS2_PLACEMENT_3D('',#4167,#4168,#4169);
#4167 = CARTESIAN_POINT('',(-3.,-72.,-206.));
#4168 = DIRECTION('',(-0.,1.,0.));
#4169 = DIRECTION('',(0.,0.,1.));
#4170 = ADVANCED_FACE('',(#4171),#4187,.T.);
#4171 = FACE_BOUND('',#4172,.T.);
#4172 = EDGE_LOOP('',(#4173,#4179,#4180,#4186));
#4173 = ORIENTED_EDGE('',*,*,#4174,.F.);
#4174 = EDGE_CURVE('',#4083,#4123,#4175,.T.);
#4175 = LINE('',#4176,#4177);
#4176 = CARTESIAN_POINT('',(-3.,-68.,-206.));
#4177 = VECTOR('',#4178,1.);
#4178 = DIRECTION('',(1.,0.,-0.));
#4179 = ORIENTED_EDGE('',*,*,#4090,.T.);
#4180 = ORIENTED_EDGE('',*,*,#4181,.T.);
#4181 = EDGE_CURVE('',#4091,#4131,#4182,.T.);
#4182 = LINE('',#4183,#4184);
#4183 = CARTESIAN_POINT('',(-3.,-68.,-160.));
#4184 = VECTOR('',#4185,1.);
#4185 = DIRECTION('',(1.,0.,-0.));
#4186 = ORIENTED_EDGE('',*,*,#4130,.F.);
#4187 = PLANE('',#4188);
#4188 = AXIS2_PLACEMENT_3D('',#4189,#4190,#4191);
#4189 = CARTESIAN_POINT('',(-3.,-68.,-206.));
#4190 = DIRECTION('',(-0.,1.,0.));
#4191 = DIRECTION('',(0.,0.,1.));
#4192 = ADVANCED_FACE('',(#4193),#4199,.F.);
#4193 = FACE_BOUND('',#4194,.F.);
#4194 = EDGE_LOOP('',(#4195,#4196,#4197,#4198));
#4195 = ORIENTED_EDGE('',*,*,#4082,.F.);
#4196 = ORIENTED_EDGE('',*,*,#4152,.T.);
#4197 = ORIENTED_EDGE('',*,*,#4122,.T.);
#4198 = ORIENTED_EDGE('',*,*,#4174,.F.);
#4199 = PLANE('',#4200);
#4200 = AXIS2_PLACEMENT_3D('',#4201,#4202,#4203);
#4201 = CARTESIAN_POINT('',(-3.,-72.,-206.));
#4202 = DIRECTION('',(0.,0.,1.));
#4203 = DIRECTION('',(1.,0.,-0.));
#4204 = ADVANCED_FACE('',(#4205),#4211,.T.);
#4205 = FACE_BOUND('',#4206,.T.);
#4206 = EDGE_LOOP('',(#4207,#4208,#4209,#4210));
#4207 = ORIENTED_EDGE('',*,*,#4098,.F.);
#4208 = ORIENTED_EDGE('',*,*,#4159,.T.);
#4209 = ORIENTED_EDGE('',*,*,#4138,.T.);
#4210 = ORIENTED_EDGE('',*,*,#4181,.F.);
#4211 = PLANE('',#4212);
#4212 = AXIS2_PLACEMENT_3D('',#4213,#4214,#4215);
#4213 = CARTESIAN_POINT('',(-3.,-72.,-160.));
#4214 = DIRECTION('',(0.,0.,1.));
#4215 = DIRECTION('',(1.,0.,-0.));
#4216 = ( GEOMETRIC_REPRESENTATION_CONTEXT(3) 
GLOBAL_UNCERTAINTY_ASSIGNED_CONTEXT((#4220)) 
GLOBAL_UNIT_ASSIGNED_CONTEXT((#4217,#4218,#4219)) REPRESENTATION_CONTEXT
('Context #1','3D Context with UNIT and UNCERTAINTY') );
#4217 = ( LENGTH_UNIT() NAMED_UNIT(*) SI_UNIT(.MILLI.,.METRE.) );
#4218 = ( NAMED_UNIT(*) PLANE_ANGLE_UNIT() SI_UNIT($,.RADIAN.) );
#4219 = ( NAMED_UNIT(*) SI_UNIT($,.STERADIAN.) SOLID_ANGLE_UNIT() );
#4220 = UNCERTAINTY_MEASURE_WITH_UNIT(LENGTH_MEASURE(1.E-07),#4217,
  'distance_accuracy_value','confusion accuracy');
#4221 = CONTEXT_DEPENDENT_SHAPE_REPRESENTATION(#4222,#4224);
#4222 = ( REPRESENTATION_RELATIONSHIP('','',#4065,#10) 
REPRESENTATION_RELATIONSHIP_WITH_TRANSFORMATION(#4223) 
SHAPE_REPRESENTATION_RELATIONSHIP() );
#4223 = ITEM_DEFINED_TRANSFORMATION('','',#11,#95);
#4224 = PRODUCT_DEFINITION_SHAPE('Placement','Placement of an item',
  #4225);
#4225 = NEXT_ASSEMBLY_USAGE_OCCURRENCE('21','45_限位摆杆(随耳轴)'
  ,'',#5,#4060,$);
#4226 = PRODUCT_RELATED_PRODUCT_CATEGORY('part',$,(#4062));
#4227 = SHAPE_DEFINITION_REPRESENTATION(#4228,#4234);
#4228 = PRODUCT_DEFINITION_SHAPE('','',#4229);
#4229 = PRODUCT_DEFINITION('design','',#4230,#4233);
#4230 = PRODUCT_DEFINITION_FORMATION('','',#4231);
#4231 = PRODUCT('46_锁止夹紧螺钉(抱紧弧槽)',
  '46_锁止夹紧螺钉(抱紧弧槽)','',(#4232));
#4232 = PRODUCT_CONTEXT('',#2,'mechanical');
#4233 = PRODUCT_DEFINITION_CONTEXT('part definition',#2,'design');
#4234 = ADVANCED_BREP_SHAPE_REPRESENTATION('',(#11,#4235),#4333);
#4235 = MANIFOLD_SOLID_BREP('',#4236);
#4236 = CLOSED_SHELL('',(#4237,#4270,#4290,#4299,#4324));
#4237 = ADVANCED_FACE('',(#4238),#4265,.T.);
#4238 = FACE_BOUND('',#4239,.T.);
#4239 = EDGE_LOOP('',(#4240,#4249,#4257,#4264));
#4240 = ORIENTED_EDGE('',*,*,#4241,.F.);
#4241 = EDGE_CURVE('',#4242,#4242,#4244,.T.);
#4242 = VERTEX_POINT('',#4243);
#4243 = CARTESIAN_POINT('',(25.,-122.,-145.));
#4244 = CIRCLE('',#4245,5.);
#4245 = AXIS2_PLACEMENT_3D('',#4246,#4247,#4248);
#4246 = CARTESIAN_POINT('',(25.,-122.,-140.));
#4247 = DIRECTION('',(0.,-1.,0.));
#4248 = DIRECTION('',(0.,-0.,-1.));
#4249 = ORIENTED_EDGE('',*,*,#4250,.F.);
#4250 = EDGE_CURVE('',#4251,#4242,#4253,.T.);
#4251 = VERTEX_POINT('',#4252);
#4252 = CARTESIAN_POINT('',(25.,-92.,-145.));
#4253 = LINE('',#4254,#4255);
#4254 = CARTESIAN_POINT('',(25.,-92.,-145.));
#4255 = VECTOR('',#4256,1.);
#4256 = DIRECTION('',(0.,-1.,0.));
#4257 = ORIENTED_EDGE('',*,*,#4258,.T.);
#4258 = EDGE_CURVE('',#4251,#4251,#4259,.T.);
#4259 = CIRCLE('',#4260,5.);
#4260 = AXIS2_PLACEMENT_3D('',#4261,#4262,#4263);
#4261 = CARTESIAN_POINT('',(25.,-92.,-140.));
#4262 = DIRECTION('',(0.,-1.,0.));
#4263 = DIRECTION('',(0.,-0.,-1.));
#4264 = ORIENTED_EDGE('',*,*,#4250,.T.);
#4265 = CYLINDRICAL_SURFACE('',#4266,5.);
#4266 = AXIS2_PLACEMENT_3D('',#4267,#4268,#4269);
#4267 = CARTESIAN_POINT('',(25.,-92.,-140.));
#4268 = DIRECTION('',(0.,-1.,0.));
#4269 = DIRECTION('',(0.,-0.,-1.));
#4270 = ADVANCED_FACE('',(#4271,#4282),#4285,.F.);
#4271 = FACE_BOUND('',#4272,.F.);
#4272 = EDGE_LOOP('',(#4273));
#4273 = ORIENTED_EDGE('',*,*,#4274,.T.);
#4274 = EDGE_CURVE('',#4275,#4275,#4277,.T.);
#4275 = VERTEX_POINT('',#4276);
#4276 = CARTESIAN_POINT('',(25.,-122.,-149.));
#4277 = CIRCLE('',#4278,9.);
#4278 = AXIS2_PLACEMENT_3D('',#4279,#4280,#4281);
#4279 = CARTESIAN_POINT('',(25.,-122.,-140.));
#4280 = DIRECTION('',(0.,-1.,0.));
#4281 = DIRECTION('',(0.,-0.,-1.));
#4282 = FACE_BOUND('',#4283,.F.);
#4283 = EDGE_LOOP('',(#4284));
#4284 = ORIENTED_EDGE('',*,*,#4241,.F.);
#4285 = PLANE('',#4286);
#4286 = AXIS2_PLACEMENT_3D('',#4287,#4288,#4289);
#4287 = CARTESIAN_POINT('',(25.,-122.,-140.));
#4288 = DIRECTION('',(0.,-1.,0.));
#4289 = DIRECTION('',(0.,-0.,-1.));
#4290 = ADVANCED_FACE('',(#4291),#4294,.F.);
#4291 = FACE_BOUND('',#4292,.T.);
#4292 = EDGE_LOOP('',(#4293));
#4293 = ORIENTED_EDGE('',*,*,#4258,.F.);
#4294 = PLANE('',#4295);
#4295 = AXIS2_PLACEMENT_3D('',#4296,#4297,#4298);
#4296 = CARTESIAN_POINT('',(25.,-92.,-140.));
#4297 = DIRECTION('',(0.,-1.,0.));
#4298 = DIRECTION('',(0.,-0.,-1.));
#4299 = ADVANCED_FACE('',(#4300),#4319,.T.);
#4300 = FACE_BOUND('',#4301,.T.);
#4301 = EDGE_LOOP('',(#4302,#4311,#4317,#4318));
#4302 = ORIENTED_EDGE('',*,*,#4303,.F.);
#4303 = EDGE_CURVE('',#4304,#4304,#4306,.T.);
#4304 = VERTEX_POINT('',#4305);
#4305 = CARTESIAN_POINT('',(25.,-132.,-149.));
#4306 = CIRCLE('',#4307,9.);
#4307 = AXIS2_PLACEMENT_3D('',#4308,#4309,#4310);
#4308 = CARTESIAN_POINT('',(25.,-132.,-140.));
#4309 = DIRECTION('',(0.,-1.,0.));
#4310 = DIRECTION('',(0.,-0.,-1.));
#4311 = ORIENTED_EDGE('',*,*,#4312,.F.);
#4312 = EDGE_CURVE('',#4275,#4304,#4313,.T.);
#4313 = LINE('',#4314,#4315);
#4314 = CARTESIAN_POINT('',(25.,-122.,-149.));
#4315 = VECTOR('',#4316,1.);
#4316 = DIRECTION('',(0.,-1.,0.));
#4317 = ORIENTED_EDGE('',*,*,#4274,.T.);
#4318 = ORIENTED_EDGE('',*,*,#4312,.T.);
#4319 = CYLINDRICAL_SURFACE('',#4320,9.);
#4320 = AXIS2_PLACEMENT_3D('',#4321,#4322,#4323);
#4321 = CARTESIAN_POINT('',(25.,-122.,-140.));
#4322 = DIRECTION('',(0.,-1.,0.));
#4323 = DIRECTION('',(0.,-0.,-1.));
#4324 = ADVANCED_FACE('',(#4325),#4328,.T.);
#4325 = FACE_BOUND('',#4326,.T.);
#4326 = EDGE_LOOP('',(#4327));
#4327 = ORIENTED_EDGE('',*,*,#4303,.T.);
#4328 = PLANE('',#4329);
#4329 = AXIS2_PLACEMENT_3D('',#4330,#4331,#4332);
#4330 = CARTESIAN_POINT('',(25.,-132.,-140.));
#4331 = DIRECTION('',(0.,-1.,0.));
#4332 = DIRECTION('',(0.,-0.,-1.));
#4333 = ( GEOMETRIC_REPRESENTATION_CONTEXT(3) 
GLOBAL_UNCERTAINTY_ASSIGNED_CONTEXT((#4337)) 
GLOBAL_UNIT_ASSIGNED_CONTEXT((#4334,#4335,#4336)) REPRESENTATION_CONTEXT
('Context #1','3D Context with UNIT and UNCERTAINTY') );
#4334 = ( LENGTH_UNIT() NAMED_UNIT(*) SI_UNIT(.MILLI.,.METRE.) );
#4335 = ( NAMED_UNIT(*) PLANE_ANGLE_UNIT() SI_UNIT($,.RADIAN.) );
#4336 = ( NAMED_UNIT(*) SI_UNIT($,.STERADIAN.) SOLID_ANGLE_UNIT() );
#4337 = UNCERTAINTY_MEASURE_WITH_UNIT(LENGTH_MEASURE(1.E-07),#4334,
  'distance_accuracy_value','confusion accuracy');
#4338 = CONTEXT_DEPENDENT_SHAPE_REPRESENTATION(#4339,#4341);
#4339 = ( REPRESENTATION_RELATIONSHIP('','',#4234,#10) 
REPRESENTATION_RELATIONSHIP_WITH_TRANSFORMATION(#4340) 
SHAPE_REPRESENTATION_RELATIONSHIP() );
#4340 = ITEM_DEFINED_TRANSFORMATION('','',#11,#99);
#4341 = PRODUCT_DEFINITION_SHAPE('Placement','Placement of an item',
  #4342);
#4342 = NEXT_ASSEMBLY_USAGE_OCCURRENCE('22',
  '46_锁止夹紧螺钉(抱紧弧槽)','',#5,#4229,$);
#4343 = PRODUCT_RELATED_PRODUCT_CATEGORY('part',$,(#4231));
#4344 = SHAPE_DEFINITION_REPRESENTATION(#4345,#4351);
#4345 = PRODUCT_DEFINITION_SHAPE('','',#4346);
#4346 = PRODUCT_DEFINITION('design','',#4347,#4350);
#4347 = PRODUCT_DEFINITION_FORMATION('','',#4348);
#4348 = PRODUCT(
  '5_俯视测绘相机(全局快门, 12.3 MP, 镜头f=8 mm)',
  '5_俯视测绘相机(全局快门, 12.3 MP, 镜头f=8 mm)','',(#4349)
  );
#4349 = PRODUCT_CONTEXT('',#2,'mechanical');
#4350 = PRODUCT_DEFINITION_CONTEXT('part definition',#2,'design');
#4351 = ADVANCED_BREP_SHAPE_REPRESENTATION('',(#11,#4352),#4737);
#4352 = MANIFOLD_SOLID_BREP('',#4353);
#4353 = CLOSED_SHELL('',(#4354,#4410,#4457,#4474,#4490,#4514,#4554,#4571
    ,#4604,#4620,#4637,#4696,#4706,#4717,#4728));
#4354 = ADVANCED_FACE('',(#4355),#4405,.F.);
#4355 = FACE_BOUND('',#4356,.F.);
#4356 = EDGE_LOOP('',(#4357,#4367,#4375,#4383,#4391,#4399));
#4357 = ORIENTED_EDGE('',*,*,#4358,.F.);
#4358 = EDGE_CURVE('',#4359,#4361,#4363,.T.);
#4359 = VERTEX_POINT('',#4360);
#4360 = CARTESIAN_POINT('',(-14.5,-14.5,0.));
#4361 = VERTEX_POINT('',#4362);
#4362 = CARTESIAN_POINT('',(-14.5,-14.5,30.));
#4363 = LINE('',#4364,#4365);
#4364 = CARTESIAN_POINT('',(-14.5,-14.5,0.));
#4365 = VECTOR('',#4366,1.);
#4366 = DIRECTION('',(0.,0.,1.));
#4367 = ORIENTED_EDGE('',*,*,#4368,.T.);
#4368 = EDGE_CURVE('',#4359,#4369,#4371,.T.);
#4369 = VERTEX_POINT('',#4370);
#4370 = CARTESIAN_POINT('',(-14.5,14.5,0.));
#4371 = LINE('',#4372,#4373);
#4372 = CARTESIAN_POINT('',(-14.5,-14.5,0.));
#4373 = VECTOR('',#4374,1.);
#4374 = DIRECTION('',(-0.,1.,0.));
#4375 = ORIENTED_EDGE('',*,*,#4376,.T.);
#4376 = EDGE_CURVE('',#4369,#4377,#4379,.T.);
#4377 = VERTEX_POINT('',#4378);
#4378 = CARTESIAN_POINT('',(-14.5,14.5,30.));
#4379 = LINE('',#4380,#4381);
#4380 = CARTESIAN_POINT('',(-14.5,14.5,0.));
#4381 = VECTOR('',#4382,1.);
#4382 = DIRECTION('',(0.,0.,1.));
#4383 = ORIENTED_EDGE('',*,*,#4384,.F.);
#4384 = EDGE_CURVE('',#4385,#4377,#4387,.T.);
#4385 = VERTEX_POINT('',#4386);
#4386 = CARTESIAN_POINT('',(-14.5,3.840572873935,30.));
#4387 = LINE('',#4388,#4389);
#4388 = CARTESIAN_POINT('',(-14.5,-14.5,30.));
#4389 = VECTOR('',#4390,1.);
#4390 = DIRECTION('',(-0.,1.,0.));
#4391 = ORIENTED_EDGE('',*,*,#4392,.F.);
#4392 = EDGE_CURVE('',#4393,#4385,#4395,.T.);
#4393 = VERTEX_POINT('',#4394);
#4394 = CARTESIAN_POINT('',(-14.5,-3.840572873935,30.));
#4395 = LINE('',#4396,#4397);
#4396 = CARTESIAN_POINT('',(-14.5,-14.5,30.));
#4397 = VECTOR('',#4398,1.);
#4398 = DIRECTION('',(-0.,1.,0.));
#4399 = ORIENTED_EDGE('',*,*,#4400,.F.);
#4400 = EDGE_CURVE('',#4361,#4393,#4401,.T.);
#4401 = LINE('',#4402,#4403);
#4402 = CARTESIAN_POINT('',(-14.5,-14.5,30.));
#4403 = VECTOR('',#4404,1.);
#4404 = DIRECTION('',(-0.,1.,0.));
#4405 = PLANE('',#4406);
#4406 = AXIS2_PLACEMENT_3D('',#4407,#4408,#4409);
#4407 = CARTESIAN_POINT('',(-14.5,-14.5,0.));
#4408 = DIRECTION('',(1.,0.,-0.));
#4409 = DIRECTION('',(0.,0.,1.));
#4410 = ADVANCED_FACE('',(#4411),#4452,.F.);
#4411 = FACE_BOUND('',#4412,.F.);
#4412 = EDGE_LOOP('',(#4413,#4421,#4422,#4430,#4438,#4446));
#4413 = ORIENTED_EDGE('',*,*,#4414,.F.);
#4414 = EDGE_CURVE('',#4359,#4415,#4417,.T.);
#4415 = VERTEX_POINT('',#4416);
#4416 = CARTESIAN_POINT('',(14.5,-14.5,0.));
#4417 = LINE('',#4418,#4419);
#4418 = CARTESIAN_POINT('',(-14.5,-14.5,0.));
#4419 = VECTOR('',#4420,1.);
#4420 = DIRECTION('',(1.,0.,-0.));
#4421 = ORIENTED_EDGE('',*,*,#4358,.T.);
#4422 = ORIENTED_EDGE('',*,*,#4423,.T.);
#4423 = EDGE_CURVE('',#4361,#4424,#4426,.T.);
#4424 = VERTEX_POINT('',#4425);
#4425 = CARTESIAN_POINT('',(-3.840572873934,-14.5,30.));
#4426 = LINE('',#4427,#4428);
#4427 = CARTESIAN_POINT('',(-14.5,-14.5,30.));
#4428 = VECTOR('',#4429,1.);
#4429 = DIRECTION('',(1.,0.,-0.));
#4430 = ORIENTED_EDGE('',*,*,#4431,.T.);
#4431 = EDGE_CURVE('',#4424,#4432,#4434,.T.);
#4432 = VERTEX_POINT('',#4433);
#4433 = CARTESIAN_POINT('',(3.840572873934,-14.5,30.));
#4434 = LINE('',#4435,#4436);
#4435 = CARTESIAN_POINT('',(-14.5,-14.5,30.));
#4436 = VECTOR('',#4437,1.);
#4437 = DIRECTION('',(1.,0.,-0.));
#4438 = ORIENTED_EDGE('',*,*,#4439,.T.);
#4439 = EDGE_CURVE('',#4432,#4440,#4442,.T.);
#4440 = VERTEX_POINT('',#4441);
#4441 = CARTESIAN_POINT('',(14.5,-14.5,30.));
#4442 = LINE('',#4443,#4444);
#4443 = CARTESIAN_POINT('',(-14.5,-14.5,30.));
#4444 = VECTOR('',#4445,1.);
#4445 = DIRECTION('',(1.,0.,-0.));
#4446 = ORIENTED_EDGE('',*,*,#4447,.F.);
#4447 = EDGE_CURVE('',#4415,#4440,#4448,.T.);
#4448 = LINE('',#4449,#4450);
#4449 = CARTESIAN_POINT('',(14.5,-14.5,0.));
#4450 = VECTOR('',#4451,1.);
#4451 = DIRECTION('',(0.,0.,1.));
#4452 = PLANE('',#4453);
#4453 = AXIS2_PLACEMENT_3D('',#4454,#4455,#4456);
#4454 = CARTESIAN_POINT('',(-14.5,-14.5,0.));
#4455 = DIRECTION('',(-0.,1.,0.));
#4456 = DIRECTION('',(0.,0.,1.));
#4457 = ADVANCED_FACE('',(#4458),#4469,.T.);
#4458 = FACE_BOUND('',#4459,.T.);
#4459 = EDGE_LOOP('',(#4460,#4461,#4462));
#4460 = ORIENTED_EDGE('',*,*,#4400,.F.);
#4461 = ORIENTED_EDGE('',*,*,#4423,.T.);
#4462 = ORIENTED_EDGE('',*,*,#4463,.F.);
#4463 = EDGE_CURVE('',#4393,#4424,#4464,.T.);
#4464 = CIRCLE('',#4465,15.);
#4465 = AXIS2_PLACEMENT_3D('',#4466,#4467,#4468);
#4466 = CARTESIAN_POINT('',(0.,0.,30.));
#4467 = DIRECTION('',(0.,0.,1.));
#4468 = DIRECTION('',(1.,0.,-0.));
#4469 = PLANE('',#4470);
#4470 = AXIS2_PLACEMENT_3D('',#4471,#4472,#4473);
#4471 = CARTESIAN_POINT('',(-14.5,-14.5,30.));
#4472 = DIRECTION('',(0.,0.,1.));
#4473 = DIRECTION('',(1.,0.,-0.));
#4474 = ADVANCED_FACE('',(#4475),#4485,.F.);
#4475 = FACE_BOUND('',#4476,.F.);
#4476 = EDGE_LOOP('',(#4477,#4478));
#4477 = ORIENTED_EDGE('',*,*,#4392,.T.);
#4478 = ORIENTED_EDGE('',*,*,#4479,.T.);
#4479 = EDGE_CURVE('',#4385,#4393,#4480,.T.);
#4480 = CIRCLE('',#4481,15.);
#4481 = AXIS2_PLACEMENT_3D('',#4482,#4483,#4484);
#4482 = CARTESIAN_POINT('',(0.,0.,30.));
#4483 = DIRECTION('',(0.,0.,1.));
#4484 = DIRECTION('',(1.,0.,-0.));
#4485 = PLANE('',#4486);
#4486 = AXIS2_PLACEMENT_3D('',#4487,#4488,#4489);
#4487 = CARTESIAN_POINT('',(0.,0.,30.));
#4488 = DIRECTION('',(0.,0.,1.));
#4489 = DIRECTION('',(1.,0.,-0.));
#4490 = ADVANCED_FACE('',(#4491),#4509,.T.);
#4491 = FACE_BOUND('',#4492,.T.);
#4492 = EDGE_LOOP('',(#4493,#4494,#4503));
#4493 = ORIENTED_EDGE('',*,*,#4384,.F.);
#4494 = ORIENTED_EDGE('',*,*,#4495,.F.);
#4495 = EDGE_CURVE('',#4496,#4385,#4498,.T.);
#4496 = VERTEX_POINT('',#4497);
#4497 = CARTESIAN_POINT('',(-3.840572873934,14.5,30.));
#4498 = CIRCLE('',#4499,15.);
#4499 = AXIS2_PLACEMENT_3D('',#4500,#4501,#4502);
#4500 = CARTESIAN_POINT('',(0.,0.,30.));
#4501 = DIRECTION('',(0.,0.,1.));
#4502 = DIRECTION('',(1.,0.,-0.));
#4503 = ORIENTED_EDGE('',*,*,#4504,.F.);
#4504 = EDGE_CURVE('',#4377,#4496,#4505,.T.);
#4505 = LINE('',#4506,#4507);
#4506 = CARTESIAN_POINT('',(-14.5,14.5,30.));
#4507 = VECTOR('',#4508,1.);
#4508 = DIRECTION('',(1.,0.,-0.));
#4509 = PLANE('',#4510);
#4510 = AXIS2_PLACEMENT_3D('',#4511,#4512,#4513);
#4511 = CARTESIAN_POINT('',(-14.5,-14.5,30.));
#4512 = DIRECTION('',(0.,0.,1.));
#4513 = DIRECTION('',(1.,0.,-0.));
#4514 = ADVANCED_FACE('',(#4515),#4549,.T.);
#4515 = FACE_BOUND('',#4516,.T.);
#4516 = EDGE_LOOP('',(#4517,#4525,#4526,#4527,#4535,#4543));
#4517 = ORIENTED_EDGE('',*,*,#4518,.F.);
#4518 = EDGE_CURVE('',#4369,#4519,#4521,.T.);
#4519 = VERTEX_POINT('',#4520);
#4520 = CARTESIAN_POINT('',(14.5,14.5,0.));
#4521 = LINE('',#4522,#4523);
#4522 = CARTESIAN_POINT('',(-14.5,14.5,0.));
#4523 = VECTOR('',#4524,1.);
#4524 = DIRECTION('',(1.,0.,-0.));
#4525 = ORIENTED_EDGE('',*,*,#4376,.T.);
#4526 = ORIENTED_EDGE('',*,*,#4504,.T.);
#4527 = ORIENTED_EDGE('',*,*,#4528,.T.);
#4528 = EDGE_CURVE('',#4496,#4529,#4531,.T.);
#4529 = VERTEX_POINT('',#4530);
#4530 = CARTESIAN_POINT('',(3.840572873934,14.5,30.));
#4531 = LINE('',#4532,#4533);
#4532 = CARTESIAN_POINT('',(-14.5,14.5,30.));
#4533 = VECTOR('',#4534,1.);
#4534 = DIRECTION('',(1.,0.,-0.));
#4535 = ORIENTED_EDGE('',*,*,#4536,.T.);
#4536 = EDGE_CURVE('',#4529,#4537,#4539,.T.);
#4537 = VERTEX_POINT('',#4538);
#4538 = CARTESIAN_POINT('',(14.5,14.5,30.));
#4539 = LINE('',#4540,#4541);
#4540 = CARTESIAN_POINT('',(-14.5,14.5,30.));
#4541 = VECTOR('',#4542,1.);
#4542 = DIRECTION('',(1.,0.,-0.));
#4543 = ORIENTED_EDGE('',*,*,#4544,.F.);
#4544 = EDGE_CURVE('',#4519,#4537,#4545,.T.);
#4545 = LINE('',#4546,#4547);
#4546 = CARTESIAN_POINT('',(14.5,14.5,0.));
#4547 = VECTOR('',#4548,1.);
#4548 = DIRECTION('',(0.,0.,1.));
#4549 = PLANE('',#4550);
#4550 = AXIS2_PLACEMENT_3D('',#4551,#4552,#4553);
#4551 = CARTESIAN_POINT('',(-14.5,14.5,0.));
#4552 = DIRECTION('',(-0.,1.,0.));
#4553 = DIRECTION('',(0.,0.,1.));
#4554 = ADVANCED_FACE('',(#4555),#4566,.F.);
#4555 = FACE_BOUND('',#4556,.F.);
#4556 = EDGE_LOOP('',(#4557,#4558,#4559,#4565));
#4557 = ORIENTED_EDGE('',*,*,#4368,.F.);
#4558 = ORIENTED_EDGE('',*,*,#4414,.T.);
#4559 = ORIENTED_EDGE('',*,*,#4560,.T.);
#4560 = EDGE_CURVE('',#4415,#4519,#4561,.T.);
#4561 = LINE('',#4562,#4563);
#4562 = CARTESIAN_POINT('',(14.5,-14.5,0.));
#4563 = VECTOR('',#4564,1.);
#4564 = DIRECTION('',(-0.,1.,0.));
#4565 = ORIENTED_EDGE('',*,*,#4518,.F.);
#4566 = PLANE('',#4567);
#4567 = AXIS2_PLACEMENT_3D('',#4568,#4569,#4570);
#4568 = CARTESIAN_POINT('',(-14.5,-14.5,0.));
#4569 = DIRECTION('',(0.,0.,1.));
#4570 = DIRECTION('',(1.,0.,-0.));
#4571 = ADVANCED_FACE('',(#4572),#4599,.T.);
#4572 = FACE_BOUND('',#4573,.T.);
#4573 = EDGE_LOOP('',(#4574,#4575,#4576,#4577,#4585,#4593));
#4574 = ORIENTED_EDGE('',*,*,#4447,.F.);
#4575 = ORIENTED_EDGE('',*,*,#4560,.T.);
#4576 = ORIENTED_EDGE('',*,*,#4544,.T.);
#4577 = ORIENTED_EDGE('',*,*,#4578,.F.);
#4578 = EDGE_CURVE('',#4579,#4537,#4581,.T.);
#4579 = VERTEX_POINT('',#4580);
#4580 = CARTESIAN_POINT('',(14.5,3.840572873935,30.));
#4581 = LINE('',#4582,#4583);
#4582 = CARTESIAN_POINT('',(14.5,-14.5,30.));
#4583 = VECTOR('',#4584,1.);
#4584 = DIRECTION('',(-0.,1.,0.));
#4585 = ORIENTED_EDGE('',*,*,#4586,.F.);
#4586 = EDGE_CURVE('',#4587,#4579,#4589,.T.);
#4587 = VERTEX_POINT('',#4588);
#4588 = CARTESIAN_POINT('',(14.5,-3.840572873935,30.));
#4589 = LINE('',#4590,#4591);
#4590 = CARTESIAN_POINT('',(14.5,-14.5,30.));
#4591 = VECTOR('',#4592,1.);
#4592 = DIRECTION('',(-0.,1.,0.));
#4593 = ORIENTED_EDGE('',*,*,#4594,.F.);
#4594 = EDGE_CURVE('',#4440,#4587,#4595,.T.);
#4595 = LINE('',#4596,#4597);
#4596 = CARTESIAN_POINT('',(14.5,-14.5,30.));
#4597 = VECTOR('',#4598,1.);
#4598 = DIRECTION('',(-0.,1.,0.));
#4599 = PLANE('',#4600);
#4600 = AXIS2_PLACEMENT_3D('',#4601,#4602,#4603);
#4601 = CARTESIAN_POINT('',(14.5,-14.5,0.));
#4602 = DIRECTION('',(1.,0.,-0.));
#4603 = DIRECTION('',(0.,0.,1.));
#4604 = ADVANCED_FACE('',(#4605),#4615,.F.);
#4605 = FACE_BOUND('',#4606,.F.);
#4606 = EDGE_LOOP('',(#4607,#4614));
#4607 = ORIENTED_EDGE('',*,*,#4608,.T.);
#4608 = EDGE_CURVE('',#4424,#4432,#4609,.T.);
#4609 = CIRCLE('',#4610,15.);
#4610 = AXIS2_PLACEMENT_3D('',#4611,#4612,#4613);
#4611 = CARTESIAN_POINT('',(0.,0.,30.));
#4612 = DIRECTION('',(0.,0.,1.));
#4613 = DIRECTION('',(1.,0.,-0.));
#4614 = ORIENTED_EDGE('',*,*,#4431,.F.);
#4615 = PLANE('',#4616);
#4616 = AXIS2_PLACEMENT_3D('',#4617,#4618,#4619);
#4617 = CARTESIAN_POINT('',(0.,0.,30.));
#4618 = DIRECTION('',(0.,0.,1.));
#4619 = DIRECTION('',(1.,0.,-0.));
#4620 = ADVANCED_FACE('',(#4621),#4632,.T.);
#4621 = FACE_BOUND('',#4622,.T.);
#4622 = EDGE_LOOP('',(#4623,#4630,#4631));
#4623 = ORIENTED_EDGE('',*,*,#4624,.F.);
#4624 = EDGE_CURVE('',#4432,#4587,#4625,.T.);
#4625 = CIRCLE('',#4626,15.);
#4626 = AXIS2_PLACEMENT_3D('',#4627,#4628,#4629);
#4627 = CARTESIAN_POINT('',(0.,0.,30.));
#4628 = DIRECTION('',(0.,0.,1.));
#4629 = DIRECTION('',(1.,0.,-0.));
#4630 = ORIENTED_EDGE('',*,*,#4439,.T.);
#4631 = ORIENTED_EDGE('',*,*,#4594,.T.);
#4632 = PLANE('',#4633);
#4633 = AXIS2_PLACEMENT_3D('',#4634,#4635,#4636);
#4634 = CARTESIAN_POINT('',(-14.5,-14.5,30.));
#4635 = DIRECTION('',(0.,0.,1.));
#4636 = DIRECTION('',(1.,0.,-0.));
#4637 = ADVANCED_FACE('',(#4638),#4691,.T.);
#4638 = FACE_BOUND('',#4639,.T.);
#4639 = EDGE_LOOP('',(#4640,#4650,#4657,#4658,#4665,#4672,#4679,#4680,
    #4681,#4682,#4683,#4684));
#4640 = ORIENTED_EDGE('',*,*,#4641,.T.);
#4641 = EDGE_CURVE('',#4642,#4644,#4646,.T.);
#4642 = VERTEX_POINT('',#4643);
#4643 = CARTESIAN_POINT('',(15.,-3.673940397442E-15,30.));
#4644 = VERTEX_POINT('',#4645);
#4645 = CARTESIAN_POINT('',(15.,-3.673940397442E-15,62.));
#4646 = LINE('',#4647,#4648);
#4647 = CARTESIAN_POINT('',(15.,-3.673940397442E-15,30.));
#4648 = VECTOR('',#4649,1.);
#4649 = DIRECTION('',(0.,0.,1.));
#4650 = ORIENTED_EDGE('',*,*,#4651,.F.);
#4651 = EDGE_CURVE('',#4644,#4644,#4652,.T.);
#4652 = CIRCLE('',#4653,15.);
#4653 = AXIS2_PLACEMENT_3D('',#4654,#4655,#4656);
#4654 = CARTESIAN_POINT('',(0.,0.,62.));
#4655 = DIRECTION('',(0.,0.,1.));
#4656 = DIRECTION('',(1.,0.,-0.));
#4657 = ORIENTED_EDGE('',*,*,#4641,.F.);
#4658 = ORIENTED_EDGE('',*,*,#4659,.T.);
#4659 = EDGE_CURVE('',#4642,#4579,#4660,.T.);
#4660 = CIRCLE('',#4661,15.);
#4661 = AXIS2_PLACEMENT_3D('',#4662,#4663,#4664);
#4662 = CARTESIAN_POINT('',(0.,0.,30.));
#4663 = DIRECTION('',(0.,0.,1.));
#4664 = DIRECTION('',(1.,0.,-0.));
#4665 = ORIENTED_EDGE('',*,*,#4666,.T.);
#4666 = EDGE_CURVE('',#4579,#4529,#4667,.T.);
#4667 = CIRCLE('',#4668,15.);
#4668 = AXIS2_PLACEMENT_3D('',#4669,#4670,#4671);
#4669 = CARTESIAN_POINT('',(0.,0.,30.));
#4670 = DIRECTION('',(0.,0.,1.));
#4671 = DIRECTION('',(1.,0.,-0.));
#4672 = ORIENTED_EDGE('',*,*,#4673,.T.);
#4673 = EDGE_CURVE('',#4529,#4496,#4674,.T.);
#4674 = CIRCLE('',#4675,15.);
#4675 = AXIS2_PLACEMENT_3D('',#4676,#4677,#4678);
#4676 = CARTESIAN_POINT('',(0.,0.,30.));
#4677 = DIRECTION('',(0.,0.,1.));
#4678 = DIRECTION('',(1.,0.,-0.));
#4679 = ORIENTED_EDGE('',*,*,#4495,.T.);
#4680 = ORIENTED_EDGE('',*,*,#4479,.T.);
#4681 = ORIENTED_EDGE('',*,*,#4463,.T.);
#4682 = ORIENTED_EDGE('',*,*,#4608,.T.);
#4683 = ORIENTED_EDGE('',*,*,#4624,.T.);
#4684 = ORIENTED_EDGE('',*,*,#4685,.T.);
#4685 = EDGE_CURVE('',#4587,#4642,#4686,.T.);
#4686 = CIRCLE('',#4687,15.);
#4687 = AXIS2_PLACEMENT_3D('',#4688,#4689,#4690);
#4688 = CARTESIAN_POINT('',(0.,0.,30.));
#4689 = DIRECTION('',(0.,0.,1.));
#4690 = DIRECTION('',(1.,0.,-0.));
#4691 = CYLINDRICAL_SURFACE('',#4692,15.);
#4692 = AXIS2_PLACEMENT_3D('',#4693,#4694,#4695);
#4693 = CARTESIAN_POINT('',(0.,0.,30.));
#4694 = DIRECTION('',(0.,0.,1.));
#4695 = DIRECTION('',(1.,0.,-0.));
#4696 = ADVANCED_FACE('',(#4697),#4701,.F.);
#4697 = FACE_BOUND('',#4698,.F.);
#4698 = EDGE_LOOP('',(#4699,#4700));
#4699 = ORIENTED_EDGE('',*,*,#4528,.T.);
#4700 = ORIENTED_EDGE('',*,*,#4673,.T.);
#4701 = PLANE('',#4702);
#4702 = AXIS2_PLACEMENT_3D('',#4703,#4704,#4705);
#4703 = CARTESIAN_POINT('',(0.,0.,30.));
#4704 = DIRECTION('',(0.,0.,1.));
#4705 = DIRECTION('',(1.,0.,-0.));
#4706 = ADVANCED_FACE('',(#4707),#4712,.T.);
#4707 = FACE_BOUND('',#4708,.T.);
#4708 = EDGE_LOOP('',(#4709,#4710,#4711));
#4709 = ORIENTED_EDGE('',*,*,#4536,.F.);
#4710 = ORIENTED_EDGE('',*,*,#4666,.F.);
#4711 = ORIENTED_EDGE('',*,*,#4578,.T.);
#4712 = PLANE('',#4713);
#4713 = AXIS2_PLACEMENT_3D('',#4714,#4715,#4716);
#4714 = CARTESIAN_POINT('',(-14.5,-14.5,30.));
#4715 = DIRECTION('',(0.,0.,1.));
#4716 = DIRECTION('',(1.,0.,-0.));
#4717 = ADVANCED_FACE('',(#4718),#4723,.F.);
#4718 = FACE_BOUND('',#4719,.F.);
#4719 = EDGE_LOOP('',(#4720,#4721,#4722));
#4720 = ORIENTED_EDGE('',*,*,#4685,.T.);
#4721 = ORIENTED_EDGE('',*,*,#4659,.T.);
#4722 = ORIENTED_EDGE('',*,*,#4586,.F.);
#4723 = PLANE('',#4724);
#4724 = AXIS2_PLACEMENT_3D('',#4725,#4726,#4727);
#4725 = CARTESIAN_POINT('',(0.,0.,30.));
#4726 = DIRECTION('',(0.,0.,1.));
#4727 = DIRECTION('',(1.,0.,-0.));
#4728 = ADVANCED_FACE('',(#4729),#4732,.T.);
#4729 = FACE_BOUND('',#4730,.T.);
#4730 = EDGE_LOOP('',(#4731));
#4731 = ORIENTED_EDGE('',*,*,#4651,.T.);
#4732 = PLANE('',#4733);
#4733 = AXIS2_PLACEMENT_3D('',#4734,#4735,#4736);
#4734 = CARTESIAN_POINT('',(0.,0.,62.));
#4735 = DIRECTION('',(0.,0.,1.));
#4736 = DIRECTION('',(1.,0.,-0.));
#4737 = ( GEOMETRIC_REPRESENTATION_CONTEXT(3) 
GLOBAL_UNCERTAINTY_ASSIGNED_CONTEXT((#4741)) 
GLOBAL_UNIT_ASSIGNED_CONTEXT((#4738,#4739,#4740)) REPRESENTATION_CONTEXT
('Context #1','3D Context with UNIT and UNCERTAINTY') );
#4738 = ( LENGTH_UNIT() NAMED_UNIT(*) SI_UNIT(.MILLI.,.METRE.) );
#4739 = ( NAMED_UNIT(*) PLANE_ANGLE_UNIT() SI_UNIT($,.RADIAN.) );
#4740 = ( NAMED_UNIT(*) SI_UNIT($,.STERADIAN.) SOLID_ANGLE_UNIT() );
#4741 = UNCERTAINTY_MEASURE_WITH_UNIT(LENGTH_MEASURE(1.E-07),#4738,
  'distance_accuracy_value','confusion accuracy');
#4742 = CONTEXT_DEPENDENT_SHAPE_REPRESENTATION(#4743,#4745);
#4743 = ( REPRESENTATION_RELATIONSHIP('','',#4351,#10) 
REPRESENTATION_RELATIONSHIP_WITH_TRANSFORMATION(#4744) 
SHAPE_REPRESENTATION_RELATIONSHIP() );
#4744 = ITEM_DEFINED_TRANSFORMATION('','',#11,#103);
#4745 = PRODUCT_DEFINITION_SHAPE('Placement','Placement of an item',
  #4746);
#4746 = NEXT_ASSEMBLY_USAGE_OCCURRENCE('23',
  '5_俯视测绘相机(全局快门, 12.3 MP, 镜头f=8 mm)','',#5,
  #4346,$);
#4747 = PRODUCT_RELATED_PRODUCT_CATEGORY('part',$,(#4348));
#4748 = SHAPE_DEFINITION_REPRESENTATION(#4749,#4755);
#4749 = PRODUCT_DEFINITION_SHAPE('','',#4750);
#4750 = PRODUCT_DEFINITION('design','',#4751,#4754);
#4751 = PRODUCT_DEFINITION_FORMATION('','',#4752);
#4752 = PRODUCT('5_俯视相机安装座','5_俯视相机安装座','',(
    #4753));
#4753 = PRODUCT_CONTEXT('',#2,'mechanical');
#4754 = PRODUCT_DEFINITION_CONTEXT('part definition',#2,'design');
#4755 = ADVANCED_BREP_SHAPE_REPRESENTATION('',(#11,#4756),#4945);
#4756 = MANIFOLD_SOLID_BREP('',#4757);
#4757 = CLOSED_SHELL('',(#4758,#4798,#4829,#4864,#4888,#4916,#4928));
#4758 = ADVANCED_FACE('',(#4759),#4793,.F.);
#4759 = FACE_BOUND('',#4760,.F.);
#4760 = EDGE_LOOP('',(#4761,#4771,#4779,#4787));
#4761 = ORIENTED_EDGE('',*,*,#4762,.F.);
#4762 = EDGE_CURVE('',#4763,#4765,#4767,.T.);
#4763 = VERTEX_POINT('',#4764);
#4764 = CARTESIAN_POINT('',(135.,-25.,-58.));
#4765 = VERTEX_POINT('',#4766);
#4766 = CARTESIAN_POINT('',(135.,-25.,-52.));
#4767 = LINE('',#4768,#4769);
#4768 = CARTESIAN_POINT('',(135.,-25.,-58.));
#4769 = VECTOR('',#4770,1.);
#4770 = DIRECTION('',(0.,0.,1.));
#4771 = ORIENTED_EDGE('',*,*,#4772,.T.);
#4772 = EDGE_CURVE('',#4763,#4773,#4775,.T.);
#4773 = VERTEX_POINT('',#4774);
#4774 = CARTESIAN_POINT('',(135.,25.,-58.));
#4775 = LINE('',#4776,#4777);
#4776 = CARTESIAN_POINT('',(135.,-25.,-58.));
#4777 = VECTOR('',#4778,1.);
#4778 = DIRECTION('',(-0.,1.,0.));
#4779 = ORIENTED_EDGE('',*,*,#4780,.T.);
#4780 = EDGE_CURVE('',#4773,#4781,#4783,.T.);
#4781 = VERTEX_POINT('',#4782);
#4782 = CARTESIAN_POINT('',(135.,25.,-52.));
#4783 = LINE('',#4784,#4785);
#4784 = CARTESIAN_POINT('',(135.,25.,-58.));
#4785 = VECTOR('',#4786,1.);
#4786 = DIRECTION('',(0.,0.,1.));
#4787 = ORIENTED_EDGE('',*,*,#4788,.F.);
#4788 = EDGE_CURVE('',#4765,#4781,#4789,.T.);
#4789 = LINE('',#4790,#4791);
#4790 = CARTESIAN_POINT('',(135.,-25.,-52.));
#4791 = VECTOR('',#4792,1.);
#4792 = DIRECTION('',(-0.,1.,0.));
#4793 = PLANE('',#4794);
#4794 = AXIS2_PLACEMENT_3D('',#4795,#4796,#4797);
#4795 = CARTESIAN_POINT('',(135.,-25.,-58.));
#4796 = DIRECTION('',(1.,0.,-0.));
#4797 = DIRECTION('',(0.,0.,1.));
#4798 = ADVANCED_FACE('',(#4799),#4824,.F.);
#4799 = FACE_BOUND('',#4800,.F.);
#4800 = EDGE_LOOP('',(#4801,#4809,#4810,#4818));
#4801 = ORIENTED_EDGE('',*,*,#4802,.F.);
#4802 = EDGE_CURVE('',#4763,#4803,#4805,.T.);
#4803 = VERTEX_POINT('',#4804);
#4804 = CARTESIAN_POINT('',(185.,-25.,-58.));
#4805 = LINE('',#4806,#4807);
#4806 = CARTESIAN_POINT('',(135.,-25.,-58.));
#4807 = VECTOR('',#4808,1.);
#4808 = DIRECTION('',(1.,0.,-0.));
#4809 = ORIENTED_EDGE('',*,*,#4762,.T.);
#4810 = ORIENTED_EDGE('',*,*,#4811,.T.);
#4811 = EDGE_CURVE('',#4765,#4812,#4814,.T.);
#4812 = VERTEX_POINT('',#4813);
#4813 = CARTESIAN_POINT('',(185.,-25.,-52.));
#4814 = LINE('',#4815,#4816);
#4815 = CARTESIAN_POINT('',(135.,-25.,-52.));
#4816 = VECTOR('',#4817,1.);
#4817 = DIRECTION('',(1.,0.,-0.));
#4818 = ORIENTED_EDGE('',*,*,#4819,.F.);
#4819 = EDGE_CURVE('',#4803,#4812,#4820,.T.);
#4820 = LINE('',#4821,#4822);
#4821 = CARTESIAN_POINT('',(185.,-25.,-58.));
#4822 = VECTOR('',#4823,1.);
#4823 = DIRECTION('',(0.,0.,1.));
#4824 = PLANE('',#4825);
#4825 = AXIS2_PLACEMENT_3D('',#4826,#4827,#4828);
#4826 = CARTESIAN_POINT('',(135.,-25.,-58.));
#4827 = DIRECTION('',(-0.,1.,0.));
#4828 = DIRECTION('',(0.,0.,1.));
#4829 = ADVANCED_FACE('',(#4830,#4848),#4859,.T.);
#4830 = FACE_BOUND('',#4831,.T.);
#4831 = EDGE_LOOP('',(#4832,#4833,#4834,#4842));
#4832 = ORIENTED_EDGE('',*,*,#4788,.F.);
#4833 = ORIENTED_EDGE('',*,*,#4811,.T.);
#4834 = ORIENTED_EDGE('',*,*,#4835,.T.);
#4835 = EDGE_CURVE('',#4812,#4836,#4838,.T.);
#4836 = VERTEX_POINT('',#4837);
#4837 = CARTESIAN_POINT('',(185.,25.,-52.));
#4838 = LINE('',#4839,#4840);
#4839 = CARTESIAN_POINT('',(185.,-25.,-52.));
#4840 = VECTOR('',#4841,1.);
#4841 = DIRECTION('',(-0.,1.,0.));
#4842 = ORIENTED_EDGE('',*,*,#4843,.F.);
#4843 = EDGE_CURVE('',#4781,#4836,#4844,.T.);
#4844 = LINE('',#4845,#4846);
#4845 = CARTESIAN_POINT('',(135.,25.,-52.));
#4846 = VECTOR('',#4847,1.);
#4847 = DIRECTION('',(1.,0.,-0.));
#4848 = FACE_BOUND('',#4849,.T.);
#4849 = EDGE_LOOP('',(#4850));
#4850 = ORIENTED_EDGE('',*,*,#4851,.F.);
#4851 = EDGE_CURVE('',#4852,#4852,#4854,.T.);
#4852 = VERTEX_POINT('',#4853);
#4853 = CARTESIAN_POINT('',(176.,-3.918869757272E-15,-52.));
#4854 = CIRCLE('',#4855,16.);
#4855 = AXIS2_PLACEMENT_3D('',#4856,#4857,#4858);
#4856 = CARTESIAN_POINT('',(160.,0.,-52.));
#4857 = DIRECTION('',(0.,0.,1.));
#4858 = DIRECTION('',(1.,0.,-0.));
#4859 = PLANE('',#4860);
#4860 = AXIS2_PLACEMENT_3D('',#4861,#4862,#4863);
#4861 = CARTESIAN_POINT('',(135.,-25.,-52.));
#4862 = DIRECTION('',(0.,0.,1.));
#4863 = DIRECTION('',(1.,0.,-0.));
#4864 = ADVANCED_FACE('',(#4865),#4883,.T.);
#4865 = FACE_BOUND('',#4866,.T.);
#4866 = EDGE_LOOP('',(#4867,#4875,#4876,#4877));
#4867 = ORIENTED_EDGE('',*,*,#4868,.F.);
#4868 = EDGE_CURVE('',#4773,#4869,#4871,.T.);
#4869 = VERTEX_POINT('',#4870);
#4870 = CARTESIAN_POINT('',(185.,25.,-58.));
#4871 = LINE('',#4872,#4873);
#4872 = CARTESIAN_POINT('',(135.,25.,-58.));
#4873 = VECTOR('',#4874,1.);
#4874 = DIRECTION('',(1.,0.,-0.));
#4875 = ORIENTED_EDGE('',*,*,#4780,.T.);
#4876 = ORIENTED_EDGE('',*,*,#4843,.T.);
#4877 = ORIENTED_EDGE('',*,*,#4878,.F.);
#4878 = EDGE_CURVE('',#4869,#4836,#4879,.T.);
#4879 = LINE('',#4880,#4881);
#4880 = CARTESIAN_POINT('',(185.,25.,-58.));
#4881 = VECTOR('',#4882,1.);
#4882 = DIRECTION('',(0.,0.,1.));
#4883 = PLANE('',#4884);
#4884 = AXIS2_PLACEMENT_3D('',#4885,#4886,#4887);
#4885 = CARTESIAN_POINT('',(135.,25.,-58.));
#4886 = DIRECTION('',(-0.,1.,0.));
#4887 = DIRECTION('',(0.,0.,1.));
#4888 = ADVANCED_FACE('',(#4889,#4900),#4911,.F.);
#4889 = FACE_BOUND('',#4890,.F.);
#4890 = EDGE_LOOP('',(#4891,#4892,#4893,#4899));
#4891 = ORIENTED_EDGE('',*,*,#4772,.F.);
#4892 = ORIENTED_EDGE('',*,*,#4802,.T.);
#4893 = ORIENTED_EDGE('',*,*,#4894,.T.);
#4894 = EDGE_CURVE('',#4803,#4869,#4895,.T.);
#4895 = LINE('',#4896,#4897);
#4896 = CARTESIAN_POINT('',(185.,-25.,-58.));
#4897 = VECTOR('',#4898,1.);
#4898 = DIRECTION('',(-0.,1.,0.));
#4899 = ORIENTED_EDGE('',*,*,#4868,.F.);
#4900 = FACE_BOUND('',#4901,.F.);
#4901 = EDGE_LOOP('',(#4902));
#4902 = ORIENTED_EDGE('',*,*,#4903,.F.);
#4903 = EDGE_CURVE('',#4904,#4904,#4906,.T.);
#4904 = VERTEX_POINT('',#4905);
#4905 = CARTESIAN_POINT('',(176.,-3.918869757272E-15,-58.));
#4906 = CIRCLE('',#4907,16.);
#4907 = AXIS2_PLACEMENT_3D('',#4908,#4909,#4910);
#4908 = CARTESIAN_POINT('',(160.,0.,-58.));
#4909 = DIRECTION('',(0.,0.,1.));
#4910 = DIRECTION('',(1.,0.,-0.));
#4911 = PLANE('',#4912);
#4912 = AXIS2_PLACEMENT_3D('',#4913,#4914,#4915);
#4913 = CARTESIAN_POINT('',(135.,-25.,-58.));
#4914 = DIRECTION('',(0.,0.,1.));
#4915 = DIRECTION('',(1.,0.,-0.));
#4916 = ADVANCED_FACE('',(#4917),#4923,.T.);
#4917 = FACE_BOUND('',#4918,.T.);
#4918 = EDGE_LOOP('',(#4919,#4920,#4921,#4922));
#4919 = ORIENTED_EDGE('',*,*,#4819,.F.);
#4920 = ORIENTED_EDGE('',*,*,#4894,.T.);
#4921 = ORIENTED_EDGE('',*,*,#4878,.T.);
#4922 = ORIENTED_EDGE('',*,*,#4835,.F.);
#4923 = PLANE('',#4924);
#4924 = AXIS2_PLACEMENT_3D('',#4925,#4926,#4927);
#4925 = CARTESIAN_POINT('',(185.,-25.,-58.));
#4926 = DIRECTION('',(1.,0.,-0.));
#4927 = DIRECTION('',(0.,0.,1.));
#4928 = ADVANCED_FACE('',(#4929),#4940,.F.);
#4929 = FACE_BOUND('',#4930,.F.);
#4930 = EDGE_LOOP('',(#4931,#4932,#4938,#4939));
#4931 = ORIENTED_EDGE('',*,*,#4851,.F.);
#4932 = ORIENTED_EDGE('',*,*,#4933,.F.);
#4933 = EDGE_CURVE('',#4904,#4852,#4934,.T.);
#4934 = LINE('',#4935,#4936);
#4935 = CARTESIAN_POINT('',(176.,-3.918869757272E-15,-58.));
#4936 = VECTOR('',#4937,1.);
#4937 = DIRECTION('',(0.,0.,1.));
#4938 = ORIENTED_EDGE('',*,*,#4903,.T.);
#4939 = ORIENTED_EDGE('',*,*,#4933,.T.);
#4940 = CYLINDRICAL_SURFACE('',#4941,16.);
#4941 = AXIS2_PLACEMENT_3D('',#4942,#4943,#4944);
#4942 = CARTESIAN_POINT('',(160.,0.,-58.));
#4943 = DIRECTION('',(0.,0.,1.));
#4944 = DIRECTION('',(1.,0.,-0.));
#4945 = ( GEOMETRIC_REPRESENTATION_CONTEXT(3) 
GLOBAL_UNCERTAINTY_ASSIGNED_CONTEXT((#4949)) 
GLOBAL_UNIT_ASSIGNED_CONTEXT((#4946,#4947,#4948)) REPRESENTATION_CONTEXT
('Context #1','3D Context with UNIT and UNCERTAINTY') );
#4946 = ( LENGTH_UNIT() NAMED_UNIT(*) SI_UNIT(.MILLI.,.METRE.) );
#4947 = ( NAMED_UNIT(*) PLANE_ANGLE_UNIT() SI_UNIT($,.RADIAN.) );
#4948 = ( NAMED_UNIT(*) SI_UNIT($,.STERADIAN.) SOLID_ANGLE_UNIT() );
#4949 = UNCERTAINTY_MEASURE_WITH_UNIT(LENGTH_MEASURE(1.E-07),#4946,
  'distance_accuracy_value','confusion accuracy');
#4950 = CONTEXT_DEPENDENT_SHAPE_REPRESENTATION(#4951,#4953);
#4951 = ( REPRESENTATION_RELATIONSHIP('','',#4755,#10) 
REPRESENTATION_RELATIONSHIP_WITH_TRANSFORMATION(#4952) 
SHAPE_REPRESENTATION_RELATIONSHIP() );
#4952 = ITEM_DEFINED_TRANSFORMATION('','',#11,#107);
#4953 = PRODUCT_DEFINITION_SHAPE('Placement','Placement of an item',
  #4954);
#4954 = NEXT_ASSEMBLY_USAGE_OCCURRENCE('24','5_俯视相机安装座',''
  ,#5,#4750,$);
#4955 = PRODUCT_RELATED_PRODUCT_CATEGORY('part',$,(#4752));
#4956 = SHAPE_DEFINITION_REPRESENTATION(#4957,#4963);
#4957 = PRODUCT_DEFINITION_SHAPE('','',#4958);
#4958 = PRODUCT_DEFINITION('design','',#4959,#4962);
#4959 = PRODUCT_DEFINITION_FORMATION('','',#4960);
#4960 = PRODUCT('6_仰视相机(全局快门, 镜头f=6 mm, 前倾25°)'
  ,'6_仰视相机(全局快门, 镜头f=6 mm, 前倾25°)','',(#4961));
#4961 = PRODUCT_CONTEXT('',#2,'mechanical');
#4962 = PRODUCT_DEFINITION_CONTEXT('part definition',#2,'design');
#4963 = ADVANCED_BREP_SHAPE_REPRESENTATION('',(#11,#4964),#5349);
#4964 = MANIFOLD_SOLID_BREP('',#4965);
#4965 = CLOSED_SHELL('',(#4966,#5022,#5069,#5086,#5102,#5126,#5166,#5183
    ,#5216,#5232,#5249,#5308,#5318,#5329,#5340));
#4966 = ADVANCED_FACE('',(#4967),#5017,.F.);
#4967 = FACE_BOUND('',#4968,.F.);
#4968 = EDGE_LOOP('',(#4969,#4979,#4987,#4995,#5003,#5011));
#4969 = ORIENTED_EDGE('',*,*,#4970,.F.);
#4970 = EDGE_CURVE('',#4971,#4973,#4975,.T.);
#4971 = VERTEX_POINT('',#4972);
#4972 = CARTESIAN_POINT('',(-14.5,-14.5,0.));
#4973 = VERTEX_POINT('',#4974);
#4974 = CARTESIAN_POINT('',(-14.5,-14.5,30.));
#4975 = LINE('',#4976,#4977);
#4976 = CARTESIAN_POINT('',(-14.5,-14.5,0.));
#4977 = VECTOR('',#4978,1.);
#4978 = DIRECTION('',(0.,0.,1.));
#4979 = ORIENTED_EDGE('',*,*,#4980,.T.);
#4980 = EDGE_CURVE('',#4971,#4981,#4983,.T.);
#4981 = VERTEX_POINT('',#4982);
#4982 = CARTESIAN_POINT('',(-14.5,14.5,0.));
#4983 = LINE('',#4984,#4985);
#4984 = CARTESIAN_POINT('',(-14.5,-14.5,0.));
#4985 = VECTOR('',#4986,1.);
#4986 = DIRECTION('',(-0.,1.,0.));
#4987 = ORIENTED_EDGE('',*,*,#4988,.T.);
#4988 = EDGE_CURVE('',#4981,#4989,#4991,.T.);
#4989 = VERTEX_POINT('',#4990);
#4990 = CARTESIAN_POINT('',(-14.5,14.5,30.));
#4991 = LINE('',#4992,#4993);
#4992 = CARTESIAN_POINT('',(-14.5,14.5,0.));
#4993 = VECTOR('',#4994,1.);
#4994 = DIRECTION('',(0.,0.,1.));
#4995 = ORIENTED_EDGE('',*,*,#4996,.F.);
#4996 = EDGE_CURVE('',#4997,#4989,#4999,.T.);
#4997 = VERTEX_POINT('',#4998);
#4998 = CARTESIAN_POINT('',(-14.5,3.840572873935,30.));
#4999 = LINE('',#5000,#5001);
#5000 = CARTESIAN_POINT('',(-14.5,-14.5,30.));
#5001 = VECTOR('',#5002,1.);
#5002 = DIRECTION('',(-0.,1.,0.));
#5003 = ORIENTED_EDGE('',*,*,#5004,.F.);
#5004 = EDGE_CURVE('',#5005,#4997,#5007,.T.);
#5005 = VERTEX_POINT('',#5006);
#5006 = CARTESIAN_POINT('',(-14.5,-3.840572873935,30.));
#5007 = LINE('',#5008,#5009);
#5008 = CARTESIAN_POINT('',(-14.5,-14.5,30.));
#5009 = VECTOR('',#5010,1.);
#5010 = DIRECTION('',(-0.,1.,0.));
#5011 = ORIENTED_EDGE('',*,*,#5012,.F.);
#5012 = EDGE_CURVE('',#4973,#5005,#5013,.T.);
#5013 = LINE('',#5014,#5015);
#5014 = CARTESIAN_POINT('',(-14.5,-14.5,30.));
#5015 = VECTOR('',#5016,1.);
#5016 = DIRECTION('',(-0.,1.,0.));
#5017 = PLANE('',#5018);
#5018 = AXIS2_PLACEMENT_3D('',#5019,#5020,#5021);
#5019 = CARTESIAN_POINT('',(-14.5,-14.5,0.));
#5020 = DIRECTION('',(1.,0.,-0.));
#5021 = DIRECTION('',(0.,0.,1.));
#5022 = ADVANCED_FACE('',(#5023),#5064,.F.);
#5023 = FACE_BOUND('',#5024,.F.);
#5024 = EDGE_LOOP('',(#5025,#5033,#5034,#5042,#5050,#5058));
#5025 = ORIENTED_EDGE('',*,*,#5026,.F.);
#5026 = EDGE_CURVE('',#4971,#5027,#5029,.T.);
#5027 = VERTEX_POINT('',#5028);
#5028 = CARTESIAN_POINT('',(14.5,-14.5,0.));
#5029 = LINE('',#5030,#5031);
#5030 = CARTESIAN_POINT('',(-14.5,-14.5,0.));
#5031 = VECTOR('',#5032,1.);
#5032 = DIRECTION('',(1.,0.,-0.));
#5033 = ORIENTED_EDGE('',*,*,#4970,.T.);
#5034 = ORIENTED_EDGE('',*,*,#5035,.T.);
#5035 = EDGE_CURVE('',#4973,#5036,#5038,.T.);
#5036 = VERTEX_POINT('',#5037);
#5037 = CARTESIAN_POINT('',(-3.840572873934,-14.5,30.));
#5038 = LINE('',#5039,#5040);
#5039 = CARTESIAN_POINT('',(-14.5,-14.5,30.));
#5040 = VECTOR('',#5041,1.);
#5041 = DIRECTION('',(1.,0.,-0.));
#5042 = ORIENTED_EDGE('',*,*,#5043,.T.);
#5043 = EDGE_CURVE('',#5036,#5044,#5046,.T.);
#5044 = VERTEX_POINT('',#5045);
#5045 = CARTESIAN_POINT('',(3.840572873934,-14.5,30.));
#5046 = LINE('',#5047,#5048);
#5047 = CARTESIAN_POINT('',(-14.5,-14.5,30.));
#5048 = VECTOR('',#5049,1.);
#5049 = DIRECTION('',(1.,0.,-0.));
#5050 = ORIENTED_EDGE('',*,*,#5051,.T.);
#5051 = EDGE_CURVE('',#5044,#5052,#5054,.T.);
#5052 = VERTEX_POINT('',#5053);
#5053 = CARTESIAN_POINT('',(14.5,-14.5,30.));
#5054 = LINE('',#5055,#5056);
#5055 = CARTESIAN_POINT('',(-14.5,-14.5,30.));
#5056 = VECTOR('',#5057,1.);
#5057 = DIRECTION('',(1.,0.,-0.));
#5058 = ORIENTED_EDGE('',*,*,#5059,.F.);
#5059 = EDGE_CURVE('',#5027,#5052,#5060,.T.);
#5060 = LINE('',#5061,#5062);
#5061 = CARTESIAN_POINT('',(14.5,-14.5,0.));
#5062 = VECTOR('',#5063,1.);
#5063 = DIRECTION('',(0.,0.,1.));
#5064 = PLANE('',#5065);
#5065 = AXIS2_PLACEMENT_3D('',#5066,#5067,#5068);
#5066 = CARTESIAN_POINT('',(-14.5,-14.5,0.));
#5067 = DIRECTION('',(-0.,1.,0.));
#5068 = DIRECTION('',(0.,0.,1.));
#5069 = ADVANCED_FACE('',(#5070),#5081,.T.);
#5070 = FACE_BOUND('',#5071,.T.);
#5071 = EDGE_LOOP('',(#5072,#5073,#5074));
#5072 = ORIENTED_EDGE('',*,*,#5012,.F.);
#5073 = ORIENTED_EDGE('',*,*,#5035,.T.);
#5074 = ORIENTED_EDGE('',*,*,#5075,.F.);
#5075 = EDGE_CURVE('',#5005,#5036,#5076,.T.);
#5076 = CIRCLE('',#5077,15.);
#5077 = AXIS2_PLACEMENT_3D('',#5078,#5079,#5080);
#5078 = CARTESIAN_POINT('',(0.,0.,30.));
#5079 = DIRECTION('',(0.,0.,1.));
#5080 = DIRECTION('',(1.,0.,-0.));
#5081 = PLANE('',#5082);
#5082 = AXIS2_PLACEMENT_3D('',#5083,#5084,#5085);
#5083 = CARTESIAN_POINT('',(-14.5,-14.5,30.));
#5084 = DIRECTION('',(0.,0.,1.));
#5085 = DIRECTION('',(1.,0.,-0.));
#5086 = ADVANCED_FACE('',(#5087),#5097,.F.);
#5087 = FACE_BOUND('',#5088,.F.);
#5088 = EDGE_LOOP('',(#5089,#5090));
#5089 = ORIENTED_EDGE('',*,*,#5004,.T.);
#5090 = ORIENTED_EDGE('',*,*,#5091,.T.);
#5091 = EDGE_CURVE('',#4997,#5005,#5092,.T.);
#5092 = CIRCLE('',#5093,15.);
#5093 = AXIS2_PLACEMENT_3D('',#5094,#5095,#5096);
#5094 = CARTESIAN_POINT('',(0.,0.,30.));
#5095 = DIRECTION('',(0.,0.,1.));
#5096 = DIRECTION('',(1.,0.,-0.));
#5097 = PLANE('',#5098);
#5098 = AXIS2_PLACEMENT_3D('',#5099,#5100,#5101);
#5099 = CARTESIAN_POINT('',(0.,0.,30.));
#5100 = DIRECTION('',(0.,0.,1.));
#5101 = DIRECTION('',(1.,0.,-0.));
#5102 = ADVANCED_FACE('',(#5103),#5121,.T.);
#5103 = FACE_BOUND('',#5104,.T.);
#5104 = EDGE_LOOP('',(#5105,#5106,#5115));
#5105 = ORIENTED_EDGE('',*,*,#4996,.F.);
#5106 = ORIENTED_EDGE('',*,*,#5107,.F.);
#5107 = EDGE_CURVE('',#5108,#4997,#5110,.T.);
#5108 = VERTEX_POINT('',#5109);
#5109 = CARTESIAN_POINT('',(-3.840572873934,14.5,30.));
#5110 = CIRCLE('',#5111,15.);
#5111 = AXIS2_PLACEMENT_3D('',#5112,#5113,#5114);
#5112 = CARTESIAN_POINT('',(0.,0.,30.));
#5113 = DIRECTION('',(0.,0.,1.));
#5114 = DIRECTION('',(1.,0.,-0.));
#5115 = ORIENTED_EDGE('',*,*,#5116,.F.);
#5116 = EDGE_CURVE('',#4989,#5108,#5117,.T.);
#5117 = LINE('',#5118,#5119);
#5118 = CARTESIAN_POINT('',(-14.5,14.5,30.));
#5119 = VECTOR('',#5120,1.);
#5120 = DIRECTION('',(1.,0.,-0.));
#5121 = PLANE('',#5122);
#5122 = AXIS2_PLACEMENT_3D('',#5123,#5124,#5125);
#5123 = CARTESIAN_POINT('',(-14.5,-14.5,30.));
#5124 = DIRECTION('',(0.,0.,1.));
#5125 = DIRECTION('',(1.,0.,-0.));
#5126 = ADVANCED_FACE('',(#5127),#5161,.T.);
#5127 = FACE_BOUND('',#5128,.T.);
#5128 = EDGE_LOOP('',(#5129,#5137,#5138,#5139,#5147,#5155));
#5129 = ORIENTED_EDGE('',*,*,#5130,.F.);
#5130 = EDGE_CURVE('',#4981,#5131,#5133,.T.);
#5131 = VERTEX_POINT('',#5132);
#5132 = CARTESIAN_POINT('',(14.5,14.5,0.));
#5133 = LINE('',#5134,#5135);
#5134 = CARTESIAN_POINT('',(-14.5,14.5,0.));
#5135 = VECTOR('',#5136,1.);
#5136 = DIRECTION('',(1.,0.,-0.));
#5137 = ORIENTED_EDGE('',*,*,#4988,.T.);
#5138 = ORIENTED_EDGE('',*,*,#5116,.T.);
#5139 = ORIENTED_EDGE('',*,*,#5140,.T.);
#5140 = EDGE_CURVE('',#5108,#5141,#5143,.T.);
#5141 = VERTEX_POINT('',#5142);
#5142 = CARTESIAN_POINT('',(3.840572873934,14.5,30.));
#5143 = LINE('',#5144,#5145);
#5144 = CARTESIAN_POINT('',(-14.5,14.5,30.));
#5145 = VECTOR('',#5146,1.);
#5146 = DIRECTION('',(1.,0.,-0.));
#5147 = ORIENTED_EDGE('',*,*,#5148,.T.);
#5148 = EDGE_CURVE('',#5141,#5149,#5151,.T.);
#5149 = VERTEX_POINT('',#5150);
#5150 = CARTESIAN_POINT('',(14.5,14.5,30.));
#5151 = LINE('',#5152,#5153);
#5152 = CARTESIAN_POINT('',(-14.5,14.5,30.));
#5153 = VECTOR('',#5154,1.);
#5154 = DIRECTION('',(1.,0.,-0.));
#5155 = ORIENTED_EDGE('',*,*,#5156,.F.);
#5156 = EDGE_CURVE('',#5131,#5149,#5157,.T.);
#5157 = LINE('',#5158,#5159);
#5158 = CARTESIAN_POINT('',(14.5,14.5,0.));
#5159 = VECTOR('',#5160,1.);
#5160 = DIRECTION('',(0.,0.,1.));
#5161 = PLANE('',#5162);
#5162 = AXIS2_PLACEMENT_3D('',#5163,#5164,#5165);
#5163 = CARTESIAN_POINT('',(-14.5,14.5,0.));
#5164 = DIRECTION('',(-0.,1.,0.));
#5165 = DIRECTION('',(0.,0.,1.));
#5166 = ADVANCED_FACE('',(#5167),#5178,.F.);
#5167 = FACE_BOUND('',#5168,.F.);
#5168 = EDGE_LOOP('',(#5169,#5170,#5171,#5177));
#5169 = ORIENTED_EDGE('',*,*,#4980,.F.);
#5170 = ORIENTED_EDGE('',*,*,#5026,.T.);
#5171 = ORIENTED_EDGE('',*,*,#5172,.T.);
#5172 = EDGE_CURVE('',#5027,#5131,#5173,.T.);
#5173 = LINE('',#5174,#5175);
#5174 = CARTESIAN_POINT('',(14.5,-14.5,0.));
#5175 = VECTOR('',#5176,1.);
#5176 = DIRECTION('',(-0.,1.,0.));
#5177 = ORIENTED_EDGE('',*,*,#5130,.F.);
#5178 = PLANE('',#5179);
#5179 = AXIS2_PLACEMENT_3D('',#5180,#5181,#5182);
#5180 = CARTESIAN_POINT('',(-14.5,-14.5,0.));
#5181 = DIRECTION('',(0.,0.,1.));
#5182 = DIRECTION('',(1.,0.,-0.));
#5183 = ADVANCED_FACE('',(#5184),#5211,.T.);
#5184 = FACE_BOUND('',#5185,.T.);
#5185 = EDGE_LOOP('',(#5186,#5187,#5188,#5189,#5197,#5205));
#5186 = ORIENTED_EDGE('',*,*,#5059,.F.);
#5187 = ORIENTED_EDGE('',*,*,#5172,.T.);
#5188 = ORIENTED_EDGE('',*,*,#5156,.T.);
#5189 = ORIENTED_EDGE('',*,*,#5190,.F.);
#5190 = EDGE_CURVE('',#5191,#5149,#5193,.T.);
#5191 = VERTEX_POINT('',#5192);
#5192 = CARTESIAN_POINT('',(14.5,3.840572873935,30.));
#5193 = LINE('',#5194,#5195);
#5194 = CARTESIAN_POINT('',(14.5,-14.5,30.));
#5195 = VECTOR('',#5196,1.);
#5196 = DIRECTION('',(-0.,1.,0.));
#5197 = ORIENTED_EDGE('',*,*,#5198,.F.);
#5198 = EDGE_CURVE('',#5199,#5191,#5201,.T.);
#5199 = VERTEX_POINT('',#5200);
#5200 = CARTESIAN_POINT('',(14.5,-3.840572873935,30.));
#5201 = LINE('',#5202,#5203);
#5202 = CARTESIAN_POINT('',(14.5,-14.5,30.));
#5203 = VECTOR('',#5204,1.);
#5204 = DIRECTION('',(-0.,1.,0.));
#5205 = ORIENTED_EDGE('',*,*,#5206,.F.);
#5206 = EDGE_CURVE('',#5052,#5199,#5207,.T.);
#5207 = LINE('',#5208,#5209);
#5208 = CARTESIAN_POINT('',(14.5,-14.5,30.));
#5209 = VECTOR('',#5210,1.);
#5210 = DIRECTION('',(-0.,1.,0.));
#5211 = PLANE('',#5212);
#5212 = AXIS2_PLACEMENT_3D('',#5213,#5214,#5215);
#5213 = CARTESIAN_POINT('',(14.5,-14.5,0.));
#5214 = DIRECTION('',(1.,0.,-0.));
#5215 = DIRECTION('',(0.,0.,1.));
#5216 = ADVANCED_FACE('',(#5217),#5227,.F.);
#5217 = FACE_BOUND('',#5218,.F.);
#5218 = EDGE_LOOP('',(#5219,#5226));
#5219 = ORIENTED_EDGE('',*,*,#5220,.T.);
#5220 = EDGE_CURVE('',#5036,#5044,#5221,.T.);
#5221 = CIRCLE('',#5222,15.);
#5222 = AXIS2_PLACEMENT_3D('',#5223,#5224,#5225);
#5223 = CARTESIAN_POINT('',(0.,0.,30.));
#5224 = DIRECTION('',(0.,0.,1.));
#5225 = DIRECTION('',(1.,0.,-0.));
#5226 = ORIENTED_EDGE('',*,*,#5043,.F.);
#5227 = PLANE('',#5228);
#5228 = AXIS2_PLACEMENT_3D('',#5229,#5230,#5231);
#5229 = CARTESIAN_POINT('',(0.,0.,30.));
#5230 = DIRECTION('',(0.,0.,1.));
#5231 = DIRECTION('',(1.,0.,-0.));
#5232 = ADVANCED_FACE('',(#5233),#5244,.T.);
#5233 = FACE_BOUND('',#5234,.T.);
#5234 = EDGE_LOOP('',(#5235,#5242,#5243));
#5235 = ORIENTED_EDGE('',*,*,#5236,.F.);
#5236 = EDGE_CURVE('',#5044,#5199,#5237,.T.);
#5237 = CIRCLE('',#5238,15.);
#5238 = AXIS2_PLACEMENT_3D('',#5239,#5240,#5241);
#5239 = CARTESIAN_POINT('',(0.,0.,30.));
#5240 = DIRECTION('',(0.,0.,1.));
#5241 = DIRECTION('',(1.,0.,-0.));
#5242 = ORIENTED_EDGE('',*,*,#5051,.T.);
#5243 = ORIENTED_EDGE('',*,*,#5206,.T.);
#5244 = PLANE('',#5245);
#5245 = AXIS2_PLACEMENT_3D('',#5246,#5247,#5248);
#5246 = CARTESIAN_POINT('',(-14.5,-14.5,30.));
#5247 = DIRECTION('',(0.,0.,1.));
#5248 = DIRECTION('',(1.,0.,-0.));
#5249 = ADVANCED_FACE('',(#5250),#5303,.T.);
#5250 = FACE_BOUND('',#5251,.T.);
#5251 = EDGE_LOOP('',(#5252,#5262,#5269,#5270,#5277,#5284,#5291,#5292,
    #5293,#5294,#5295,#5296));
#5252 = ORIENTED_EDGE('',*,*,#5253,.T.);
#5253 = EDGE_CURVE('',#5254,#5256,#5258,.T.);
#5254 = VERTEX_POINT('',#5255);
#5255 = CARTESIAN_POINT('',(15.,-3.673940397442E-15,30.));
#5256 = VERTEX_POINT('',#5257);
#5257 = CARTESIAN_POINT('',(15.,-3.673940397442E-15,62.));
#5258 = LINE('',#5259,#5260);
#5259 = CARTESIAN_POINT('',(15.,-3.673940397442E-15,30.));
#5260 = VECTOR('',#5261,1.);
#5261 = DIRECTION('',(0.,0.,1.));
#5262 = ORIENTED_EDGE('',*,*,#5263,.F.);
#5263 = EDGE_CURVE('',#5256,#5256,#5264,.T.);
#5264 = CIRCLE('',#5265,15.);
#5265 = AXIS2_PLACEMENT_3D('',#5266,#5267,#5268);
#5266 = CARTESIAN_POINT('',(0.,0.,62.));
#5267 = DIRECTION('',(0.,0.,1.));
#5268 = DIRECTION('',(1.,0.,-0.));
#5269 = ORIENTED_EDGE('',*,*,#5253,.F.);
#5270 = ORIENTED_EDGE('',*,*,#5271,.T.);
#5271 = EDGE_CURVE('',#5254,#5191,#5272,.T.);
#5272 = CIRCLE('',#5273,15.);
#5273 = AXIS2_PLACEMENT_3D('',#5274,#5275,#5276);
#5274 = CARTESIAN_POINT('',(0.,0.,30.));
#5275 = DIRECTION('',(0.,0.,1.));
#5276 = DIRECTION('',(1.,0.,-0.));
#5277 = ORIENTED_EDGE('',*,*,#5278,.T.);
#5278 = EDGE_CURVE('',#5191,#5141,#5279,.T.);
#5279 = CIRCLE('',#5280,15.);
#5280 = AXIS2_PLACEMENT_3D('',#5281,#5282,#5283);
#5281 = CARTESIAN_POINT('',(0.,0.,30.));
#5282 = DIRECTION('',(0.,0.,1.));
#5283 = DIRECTION('',(1.,0.,-0.));
#5284 = ORIENTED_EDGE('',*,*,#5285,.T.);
#5285 = EDGE_CURVE('',#5141,#5108,#5286,.T.);
#5286 = CIRCLE('',#5287,15.);
#5287 = AXIS2_PLACEMENT_3D('',#5288,#5289,#5290);
#5288 = CARTESIAN_POINT('',(0.,0.,30.));
#5289 = DIRECTION('',(0.,0.,1.));
#5290 = DIRECTION('',(1.,0.,-0.));
#5291 = ORIENTED_EDGE('',*,*,#5107,.T.);
#5292 = ORIENTED_EDGE('',*,*,#5091,.T.);
#5293 = ORIENTED_EDGE('',*,*,#5075,.T.);
#5294 = ORIENTED_EDGE('',*,*,#5220,.T.);
#5295 = ORIENTED_EDGE('',*,*,#5236,.T.);
#5296 = ORIENTED_EDGE('',*,*,#5297,.T.);
#5297 = EDGE_CURVE('',#5199,#5254,#5298,.T.);
#5298 = CIRCLE('',#5299,15.);
#5299 = AXIS2_PLACEMENT_3D('',#5300,#5301,#5302);
#5300 = CARTESIAN_POINT('',(0.,0.,30.));
#5301 = DIRECTION('',(0.,0.,1.));
#5302 = DIRECTION('',(1.,0.,-0.));
#5303 = CYLINDRICAL_SURFACE('',#5304,15.);
#5304 = AXIS2_PLACEMENT_3D('',#5305,#5306,#5307);
#5305 = CARTESIAN_POINT('',(0.,0.,30.));
#5306 = DIRECTION('',(0.,0.,1.));
#5307 = DIRECTION('',(1.,0.,-0.));
#5308 = ADVANCED_FACE('',(#5309),#5313,.F.);
#5309 = FACE_BOUND('',#5310,.F.);
#5310 = EDGE_LOOP('',(#5311,#5312));
#5311 = ORIENTED_EDGE('',*,*,#5140,.T.);
#5312 = ORIENTED_EDGE('',*,*,#5285,.T.);
#5313 = PLANE('',#5314);
#5314 = AXIS2_PLACEMENT_3D('',#5315,#5316,#5317);
#5315 = CARTESIAN_POINT('',(0.,0.,30.));
#5316 = DIRECTION('',(0.,0.,1.));
#5317 = DIRECTION('',(1.,0.,-0.));
#5318 = ADVANCED_FACE('',(#5319),#5324,.T.);
#5319 = FACE_BOUND('',#5320,.T.);
#5320 = EDGE_LOOP('',(#5321,#5322,#5323));
#5321 = ORIENTED_EDGE('',*,*,#5148,.F.);
#5322 = ORIENTED_EDGE('',*,*,#5278,.F.);
#5323 = ORIENTED_EDGE('',*,*,#5190,.T.);
#5324 = PLANE('',#5325);
#5325 = AXIS2_PLACEMENT_3D('',#5326,#5327,#5328);
#5326 = CARTESIAN_POINT('',(-14.5,-14.5,30.));
#5327 = DIRECTION('',(0.,0.,1.));
#5328 = DIRECTION('',(1.,0.,-0.));
#5329 = ADVANCED_FACE('',(#5330),#5335,.F.);
#5330 = FACE_BOUND('',#5331,.F.);
#5331 = EDGE_LOOP('',(#5332,#5333,#5334));
#5332 = ORIENTED_EDGE('',*,*,#5297,.T.);
#5333 = ORIENTED_EDGE('',*,*,#5271,.T.);
#5334 = ORIENTED_EDGE('',*,*,#5198,.F.);
#5335 = PLANE('',#5336);
#5336 = AXIS2_PLACEMENT_3D('',#5337,#5338,#5339);
#5337 = CARTESIAN_POINT('',(0.,0.,30.));
#5338 = DIRECTION('',(0.,0.,1.));
#5339 = DIRECTION('',(1.,0.,-0.));
#5340 = ADVANCED_FACE('',(#5341),#5344,.T.);
#5341 = FACE_BOUND('',#5342,.T.);
#5342 = EDGE_LOOP('',(#5343));
#5343 = ORIENTED_EDGE('',*,*,#5263,.T.);
#5344 = PLANE('',#5345);
#5345 = AXIS2_PLACEMENT_3D('',#5346,#5347,#5348);
#5346 = CARTESIAN_POINT('',(0.,0.,62.));
#5347 = DIRECTION('',(0.,0.,1.));
#5348 = DIRECTION('',(1.,0.,-0.));
#5349 = ( GEOMETRIC_REPRESENTATION_CONTEXT(3) 
GLOBAL_UNCERTAINTY_ASSIGNED_CONTEXT((#5353)) 
GLOBAL_UNIT_ASSIGNED_CONTEXT((#5350,#5351,#5352)) REPRESENTATION_CONTEXT
('Context #1','3D Context with UNIT and UNCERTAINTY') );
#5350 = ( LENGTH_UNIT() NAMED_UNIT(*) SI_UNIT(.MILLI.,.METRE.) );
#5351 = ( NAMED_UNIT(*) PLANE_ANGLE_UNIT() SI_UNIT($,.RADIAN.) );
#5352 = ( NAMED_UNIT(*) SI_UNIT($,.STERADIAN.) SOLID_ANGLE_UNIT() );
#5353 = UNCERTAINTY_MEASURE_WITH_UNIT(LENGTH_MEASURE(1.E-07),#5350,
  'distance_accuracy_value','confusion accuracy');
#5354 = CONTEXT_DEPENDENT_SHAPE_REPRESENTATION(#5355,#5357);
#5355 = ( REPRESENTATION_RELATIONSHIP('','',#4963,#10) 
REPRESENTATION_RELATIONSHIP_WITH_TRANSFORMATION(#5356) 
SHAPE_REPRESENTATION_RELATIONSHIP() );
#5356 = ITEM_DEFINED_TRANSFORMATION('','',#11,#111);
#5357 = PRODUCT_DEFINITION_SHAPE('Placement','Placement of an item',
  #5358);
#5358 = NEXT_ASSEMBLY_USAGE_OCCURRENCE('25',
  '6_仰视相机(全局快门, 镜头f=6 mm, 前倾25°)','',#5,#4958,$
  );
#5359 = PRODUCT_RELATED_PRODUCT_CATEGORY('part',$,(#4960));
#5360 = SHAPE_DEFINITION_REPRESENTATION(#5361,#5367);
#5361 = PRODUCT_DEFINITION_SHAPE('','',#5362);
#5362 = PRODUCT_DEFINITION('design','',#5363,#5366);
#5363 = PRODUCT_DEFINITION_FORMATION('','',#5364);
#5364 = PRODUCT('8_同步板(PPS硬触发+曝光中点回传, MCU+CPLD)'
  ,'8_同步板(PPS硬触发+曝光中点回传, MCU+CPLD)','',(#5365));
#5365 = PRODUCT_CONTEXT('',#2,'mechanical');
#5366 = PRODUCT_DEFINITION_CONTEXT('part definition',#2,'design');
#5367 = ADVANCED_BREP_SHAPE_REPRESENTATION('',(#11,#5368),#5518);
#5368 = MANIFOLD_SOLID_BREP('',#5369);
#5369 = CLOSED_SHELL('',(#5370,#5410,#5450,#5472,#5494,#5506));
#5370 = ADVANCED_FACE('',(#5371),#5405,.F.);
#5371 = FACE_BOUND('',#5372,.F.);
#5372 = EDGE_LOOP('',(#5373,#5383,#5391,#5399));
#5373 = ORIENTED_EDGE('',*,*,#5374,.F.);
#5374 = EDGE_CURVE('',#5375,#5377,#5379,.T.);
#5375 = VERTEX_POINT('',#5376);
#5376 = CARTESIAN_POINT('',(40.,-30.,-46.));
#5377 = VERTEX_POINT('',#5378);
#5378 = CARTESIAN_POINT('',(40.,-30.,-32.));
#5379 = LINE('',#5380,#5381);
#5380 = CARTESIAN_POINT('',(40.,-30.,-46.));
#5381 = VECTOR('',#5382,1.);
#5382 = DIRECTION('',(0.,0.,1.));
#5383 = ORIENTED_EDGE('',*,*,#5384,.T.);
#5384 = EDGE_CURVE('',#5375,#5385,#5387,.T.);
#5385 = VERTEX_POINT('',#5386);
#5386 = CARTESIAN_POINT('',(40.,30.,-46.));
#5387 = LINE('',#5388,#5389);
#5388 = CARTESIAN_POINT('',(40.,-30.,-46.));
#5389 = VECTOR('',#5390,1.);
#5390 = DIRECTION('',(-0.,1.,0.));
#5391 = ORIENTED_EDGE('',*,*,#5392,.T.);
#5392 = EDGE_CURVE('',#5385,#5393,#5395,.T.);
#5393 = VERTEX_POINT('',#5394);
#5394 = CARTESIAN_POINT('',(40.,30.,-32.));
#5395 = LINE('',#5396,#5397);
#5396 = CARTESIAN_POINT('',(40.,30.,-46.));
#5397 = VECTOR('',#5398,1.);
#5398 = DIRECTION('',(0.,0.,1.));
#5399 = ORIENTED_EDGE('',*,*,#5400,.F.);
#5400 = EDGE_CURVE('',#5377,#5393,#5401,.T.);
#5401 = LINE('',#5402,#5403);
#5402 = CARTESIAN_POINT('',(40.,-30.,-32.));
#5403 = VECTOR('',#5404,1.);
#5404 = DIRECTION('',(-0.,1.,0.));
#5405 = PLANE('',#5406);
#5406 = AXIS2_PLACEMENT_3D('',#5407,#5408,#5409);
#5407 = CARTESIAN_POINT('',(40.,-30.,-46.));
#5408 = DIRECTION('',(1.,0.,-0.));
#5409 = DIRECTION('',(0.,0.,1.));
#5410 = ADVANCED_FACE('',(#5411),#5445,.T.);
#5411 = FACE_BOUND('',#5412,.T.);
#5412 = EDGE_LOOP('',(#5413,#5423,#5431,#5439));
#5413 = ORIENTED_EDGE('',*,*,#5414,.F.);
#5414 = EDGE_CURVE('',#5415,#5417,#5419,.T.);
#5415 = VERTEX_POINT('',#5416);
#5416 = CARTESIAN_POINT('',(130.,-30.,-46.));
#5417 = VERTEX_POINT('',#5418);
#5418 = CARTESIAN_POINT('',(130.,-30.,-32.));
#5419 = LINE('',#5420,#5421);
#5420 = CARTESIAN_POINT('',(130.,-30.,-46.));
#5421 = VECTOR('',#5422,1.);
#5422 = DIRECTION('',(0.,0.,1.));
#5423 = ORIENTED_EDGE('',*,*,#5424,.T.);
#5424 = EDGE_CURVE('',#5415,#5425,#5427,.T.);
#5425 = VERTEX_POINT('',#5426);
#5426 = CARTESIAN_POINT('',(130.,30.,-46.));
#5427 = LINE('',#5428,#5429);
#5428 = CARTESIAN_POINT('',(130.,-30.,-46.));
#5429 = VECTOR('',#5430,1.);
#5430 = DIRECTION('',(-0.,1.,0.));
#5431 = ORIENTED_EDGE('',*,*,#5432,.T.);
#5432 = EDGE_CURVE('',#5425,#5433,#5435,.T.);
#5433 = VERTEX_POINT('',#5434);
#5434 = CARTESIAN_POINT('',(130.,30.,-32.));
#5435 = LINE('',#5436,#5437);
#5436 = CARTESIAN_POINT('',(130.,30.,-46.));
#5437 = VECTOR('',#5438,1.);
#5438 = DIRECTION('',(0.,0.,1.));
#5439 = ORIENTED_EDGE('',*,*,#5440,.F.);
#5440 = EDGE_CURVE('',#5417,#5433,#5441,.T.);
#5441 = LINE('',#5442,#5443);
#5442 = CARTESIAN_POINT('',(130.,-30.,-32.));
#5443 = VECTOR('',#5444,1.);
#5444 = DIRECTION('',(-0.,1.,0.));
#5445 = PLANE('',#5446);
#5446 = AXIS2_PLACEMENT_3D('',#5447,#5448,#5449);
#5447 = CARTESIAN_POINT('',(130.,-30.,-46.));
#5448 = DIRECTION('',(1.,0.,-0.));
#5449 = DIRECTION('',(0.,0.,1.));
#5450 = ADVANCED_FACE('',(#5451),#5467,.F.);
#5451 = FACE_BOUND('',#5452,.F.);
#5452 = EDGE_LOOP('',(#5453,#5459,#5460,#5466));
#5453 = ORIENTED_EDGE('',*,*,#5454,.F.);
#5454 = EDGE_CURVE('',#5375,#5415,#5455,.T.);
#5455 = LINE('',#5456,#5457);
#5456 = CARTESIAN_POINT('',(40.,-30.,-46.));
#5457 = VECTOR('',#5458,1.);
#5458 = DIRECTION('',(1.,0.,-0.));
#5459 = ORIENTED_EDGE('',*,*,#5374,.T.);
#5460 = ORIENTED_EDGE('',*,*,#5461,.T.);
#5461 = EDGE_CURVE('',#5377,#5417,#5462,.T.);
#5462 = LINE('',#5463,#5464);
#5463 = CARTESIAN_POINT('',(40.,-30.,-32.));
#5464 = VECTOR('',#5465,1.);
#5465 = DIRECTION('',(1.,0.,-0.));
#5466 = ORIENTED_EDGE('',*,*,#5414,.F.);
#5467 = PLANE('',#5468);
#5468 = AXIS2_PLACEMENT_3D('',#5469,#5470,#5471);
#5469 = CARTESIAN_POINT('',(40.,-30.,-46.));
#5470 = DIRECTION('',(-0.,1.,0.));
#5471 = DIRECTION('',(0.,0.,1.));
#5472 = ADVANCED_FACE('',(#5473),#5489,.T.);
#5473 = FACE_BOUND('',#5474,.T.);
#5474 = EDGE_LOOP('',(#5475,#5481,#5482,#5488));
#5475 = ORIENTED_EDGE('',*,*,#5476,.F.);
#5476 = EDGE_CURVE('',#5385,#5425,#5477,.T.);
#5477 = LINE('',#5478,#5479);
#5478 = CARTESIAN_POINT('',(40.,30.,-46.));
#5479 = VECTOR('',#5480,1.);
#5480 = DIRECTION('',(1.,0.,-0.));
#5481 = ORIENTED_EDGE('',*,*,#5392,.T.);
#5482 = ORIENTED_EDGE('',*,*,#5483,.T.);
#5483 = EDGE_CURVE('',#5393,#5433,#5484,.T.);
#5484 = LINE('',#5485,#5486);
#5485 = CARTESIAN_POINT('',(40.,30.,-32.));
#5486 = VECTOR('',#5487,1.);
#5487 = DIRECTION('',(1.,0.,-0.));
#5488 = ORIENTED_EDGE('',*,*,#5432,.F.);
#5489 = PLANE('',#5490);
#5490 = AXIS2_PLACEMENT_3D('',#5491,#5492,#5493);
#5491 = CARTESIAN_POINT('',(40.,30.,-46.));
#5492 = DIRECTION('',(-0.,1.,0.));
#5493 = DIRECTION('',(0.,0.,1.));
#5494 = ADVANCED_FACE('',(#5495),#5501,.F.);
#5495 = FACE_BOUND('',#5496,.F.);
#5496 = EDGE_LOOP('',(#5497,#5498,#5499,#5500));
#5497 = ORIENTED_EDGE('',*,*,#5384,.F.);
#5498 = ORIENTED_EDGE('',*,*,#5454,.T.);
#5499 = ORIENTED_EDGE('',*,*,#5424,.T.);
#5500 = ORIENTED_EDGE('',*,*,#5476,.F.);
#5501 = PLANE('',#5502);
#5502 = AXIS2_PLACEMENT_3D('',#5503,#5504,#5505);
#5503 = CARTESIAN_POINT('',(40.,-30.,-46.));
#5504 = DIRECTION('',(0.,0.,1.));
#5505 = DIRECTION('',(1.,0.,-0.));
#5506 = ADVANCED_FACE('',(#5507),#5513,.T.);
#5507 = FACE_BOUND('',#5508,.T.);
#5508 = EDGE_LOOP('',(#5509,#5510,#5511,#5512));
#5509 = ORIENTED_EDGE('',*,*,#5400,.F.);
#5510 = ORIENTED_EDGE('',*,*,#5461,.T.);
#5511 = ORIENTED_EDGE('',*,*,#5440,.T.);
#5512 = ORIENTED_EDGE('',*,*,#5483,.F.);
#5513 = PLANE('',#5514);
#5514 = AXIS2_PLACEMENT_3D('',#5515,#5516,#5517);
#5515 = CARTESIAN_POINT('',(40.,-30.,-32.));
#5516 = DIRECTION('',(0.,0.,1.));
#5517 = DIRECTION('',(1.,0.,-0.));
#5518 = ( GEOMETRIC_REPRESENTATION_CONTEXT(3) 
GLOBAL_UNCERTAINTY_ASSIGNED_CONTEXT((#5522)) 
GLOBAL_UNIT_ASSIGNED_CONTEXT((#5519,#5520,#5521)) REPRESENTATION_CONTEXT
('Context #1','3D Context with UNIT and UNCERTAINTY') );
#5519 = ( LENGTH_UNIT() NAMED_UNIT(*) SI_UNIT(.MILLI.,.METRE.) );
#5520 = ( NAMED_UNIT(*) PLANE_ANGLE_UNIT() SI_UNIT($,.RADIAN.) );
#5521 = ( NAMED_UNIT(*) SI_UNIT($,.STERADIAN.) SOLID_ANGLE_UNIT() );
#5522 = UNCERTAINTY_MEASURE_WITH_UNIT(LENGTH_MEASURE(1.E-07),#5519,
  'distance_accuracy_value','confusion accuracy');
#5523 = CONTEXT_DEPENDENT_SHAPE_REPRESENTATION(#5524,#5526);
#5524 = ( REPRESENTATION_RELATIONSHIP('','',#5367,#10) 
REPRESENTATION_RELATIONSHIP_WITH_TRANSFORMATION(#5525) 
SHAPE_REPRESENTATION_RELATIONSHIP() );
#5525 = ITEM_DEFINED_TRANSFORMATION('','',#11,#115);
#5526 = PRODUCT_DEFINITION_SHAPE('Placement','Placement of an item',
  #5527);
#5527 = NEXT_ASSEMBLY_USAGE_OCCURRENCE('26',
  '8_同步板(PPS硬触发+曝光中点回传, MCU+CPLD)','',#5,#5362,$
  );
#5528 = PRODUCT_RELATED_PRODUCT_CATEGORY('part',$,(#5364));
#5529 = SHAPE_DEFINITION_REPRESENTATION(#5530,#5536);
#5530 = PRODUCT_DEFINITION_SHAPE('','',#5531);
#5531 = PRODUCT_DEFINITION('design','',#5532,#5535);
#5532 = PRODUCT_DEFINITION_FORMATION('','',#5533);
#5533 = PRODUCT(
  '9_机载计算单元(Jetson Orin NX 16G+载板, 带散热)',
  '9_机载计算单元(Jetson Orin NX 16G+载板, 带散热)','',(#5534
    ));
#5534 = PRODUCT_CONTEXT('',#2,'mechanical');
#5535 = PRODUCT_DEFINITION_CONTEXT('part definition',#2,'design');
#5536 = ADVANCED_BREP_SHAPE_REPRESENTATION('',(#11,#5537),#5687);
#5537 = MANIFOLD_SOLID_BREP('',#5538);
#5538 = CLOSED_SHELL('',(#5539,#5579,#5619,#5641,#5663,#5675));
#5539 = ADVANCED_FACE('',(#5540),#5574,.F.);
#5540 = FACE_BOUND('',#5541,.F.);
#5541 = EDGE_LOOP('',(#5542,#5552,#5560,#5568));
#5542 = ORIENTED_EDGE('',*,*,#5543,.F.);
#5543 = EDGE_CURVE('',#5544,#5546,#5548,.T.);
#5544 = VERTEX_POINT('',#5545);
#5545 = CARTESIAN_POINT('',(-208.,-45.,-46.));
#5546 = VERTEX_POINT('',#5547);
#5547 = CARTESIAN_POINT('',(-208.,-45.,-8.));
#5548 = LINE('',#5549,#5550);
#5549 = CARTESIAN_POINT('',(-208.,-45.,-46.));
#5550 = VECTOR('',#5551,1.);
#5551 = DIRECTION('',(0.,0.,1.));
#5552 = ORIENTED_EDGE('',*,*,#5553,.T.);
#5553 = EDGE_CURVE('',#5544,#5554,#5556,.T.);
#5554 = VERTEX_POINT('',#5555);
#5555 = CARTESIAN_POINT('',(-208.,45.,-46.));
#5556 = LINE('',#5557,#5558);
#5557 = CARTESIAN_POINT('',(-208.,-45.,-46.));
#5558 = VECTOR('',#5559,1.);
#5559 = DIRECTION('',(-0.,1.,0.));
#5560 = ORIENTED_EDGE('',*,*,#5561,.T.);
#5561 = EDGE_CURVE('',#5554,#5562,#5564,.T.);
#5562 = VERTEX_POINT('',#5563);
#5563 = CARTESIAN_POINT('',(-208.,45.,-8.));
#5564 = LINE('',#5565,#5566);
#5565 = CARTESIAN_POINT('',(-208.,45.,-46.));
#5566 = VECTOR('',#5567,1.);
#5567 = DIRECTION('',(0.,0.,1.));
#5568 = ORIENTED_EDGE('',*,*,#5569,.F.);
#5569 = EDGE_CURVE('',#5546,#5562,#5570,.T.);
#5570 = LINE('',#5571,#5572);
#5571 = CARTESIAN_POINT('',(-208.,-45.,-8.));
#5572 = VECTOR('',#5573,1.);
#5573 = DIRECTION('',(-0.,1.,0.));
#5574 = PLANE('',#5575);
#5575 = AXIS2_PLACEMENT_3D('',#5576,#5577,#5578);
#5576 = CARTESIAN_POINT('',(-208.,-45.,-46.));
#5577 = DIRECTION('',(1.,0.,-0.));
#5578 = DIRECTION('',(0.,0.,1.));
#5579 = ADVANCED_FACE('',(#5580),#5614,.T.);
#5580 = FACE_BOUND('',#5581,.T.);
#5581 = EDGE_LOOP('',(#5582,#5592,#5600,#5608));
#5582 = ORIENTED_EDGE('',*,*,#5583,.F.);
#5583 = EDGE_CURVE('',#5584,#5586,#5588,.T.);
#5584 = VERTEX_POINT('',#5585);
#5585 = CARTESIAN_POINT('',(-105.,-45.,-46.));
#5586 = VERTEX_POINT('',#5587);
#5587 = CARTESIAN_POINT('',(-105.,-45.,-8.));
#5588 = LINE('',#5589,#5590);
#5589 = CARTESIAN_POINT('',(-105.,-45.,-46.));
#5590 = VECTOR('',#5591,1.);
#5591 = DIRECTION('',(0.,0.,1.));
#5592 = ORIENTED_EDGE('',*,*,#5593,.T.);
#5593 = EDGE_CURVE('',#5584,#5594,#5596,.T.);
#5594 = VERTEX_POINT('',#5595);
#5595 = CARTESIAN_POINT('',(-105.,45.,-46.));
#5596 = LINE('',#5597,#5598);
#5597 = CARTESIAN_POINT('',(-105.,-45.,-46.));
#5598 = VECTOR('',#5599,1.);
#5599 = DIRECTION('',(-0.,1.,0.));
#5600 = ORIENTED_EDGE('',*,*,#5601,.T.);
#5601 = EDGE_CURVE('',#5594,#5602,#5604,.T.);
#5602 = VERTEX_POINT('',#5603);
#5603 = CARTESIAN_POINT('',(-105.,45.,-8.));
#5604 = LINE('',#5605,#5606);
#5605 = CARTESIAN_POINT('',(-105.,45.,-46.));
#5606 = VECTOR('',#5607,1.);
#5607 = DIRECTION('',(0.,0.,1.));
#5608 = ORIENTED_EDGE('',*,*,#5609,.F.);
#5609 = EDGE_CURVE('',#5586,#5602,#5610,.T.);
#5610 = LINE('',#5611,#5612);
#5611 = CARTESIAN_POINT('',(-105.,-45.,-8.));
#5612 = VECTOR('',#5613,1.);
#5613 = DIRECTION('',(-0.,1.,0.));
#5614 = PLANE('',#5615);
#5615 = AXIS2_PLACEMENT_3D('',#5616,#5617,#5618);
#5616 = CARTESIAN_POINT('',(-105.,-45.,-46.));
#5617 = DIRECTION('',(1.,0.,-0.));
#5618 = DIRECTION('',(0.,0.,1.));
#5619 = ADVANCED_FACE('',(#5620),#5636,.F.);
#5620 = FACE_BOUND('',#5621,.F.);
#5621 = EDGE_LOOP('',(#5622,#5628,#5629,#5635));
#5622 = ORIENTED_EDGE('',*,*,#5623,.F.);
#5623 = EDGE_CURVE('',#5544,#5584,#5624,.T.);
#5624 = LINE('',#5625,#5626);
#5625 = CARTESIAN_POINT('',(-208.,-45.,-46.));
#5626 = VECTOR('',#5627,1.);
#5627 = DIRECTION('',(1.,0.,-0.));
#5628 = ORIENTED_EDGE('',*,*,#5543,.T.);
#5629 = ORIENTED_EDGE('',*,*,#5630,.T.);
#5630 = EDGE_CURVE('',#5546,#5586,#5631,.T.);
#5631 = LINE('',#5632,#5633);
#5632 = CARTESIAN_POINT('',(-208.,-45.,-8.));
#5633 = VECTOR('',#5634,1.);
#5634 = DIRECTION('',(1.,0.,-0.));
#5635 = ORIENTED_EDGE('',*,*,#5583,.F.);
#5636 = PLANE('',#5637);
#5637 = AXIS2_PLACEMENT_3D('',#5638,#5639,#5640);
#5638 = CARTESIAN_POINT('',(-208.,-45.,-46.));
#5639 = DIRECTION('',(-0.,1.,0.));
#5640 = DIRECTION('',(0.,0.,1.));
#5641 = ADVANCED_FACE('',(#5642),#5658,.T.);
#5642 = FACE_BOUND('',#5643,.T.);
#5643 = EDGE_LOOP('',(#5644,#5650,#5651,#5657));
#5644 = ORIENTED_EDGE('',*,*,#5645,.F.);
#5645 = EDGE_CURVE('',#5554,#5594,#5646,.T.);
#5646 = LINE('',#5647,#5648);
#5647 = CARTESIAN_POINT('',(-208.,45.,-46.));
#5648 = VECTOR('',#5649,1.);
#5649 = DIRECTION('',(1.,0.,-0.));
#5650 = ORIENTED_EDGE('',*,*,#5561,.T.);
#5651 = ORIENTED_EDGE('',*,*,#5652,.T.);
#5652 = EDGE_CURVE('',#5562,#5602,#5653,.T.);
#5653 = LINE('',#5654,#5655);
#5654 = CARTESIAN_POINT('',(-208.,45.,-8.));
#5655 = VECTOR('',#5656,1.);
#5656 = DIRECTION('',(1.,0.,-0.));
#5657 = ORIENTED_EDGE('',*,*,#5601,.F.);
#5658 = PLANE('',#5659);
#5659 = AXIS2_PLACEMENT_3D('',#5660,#5661,#5662);
#5660 = CARTESIAN_POINT('',(-208.,45.,-46.));
#5661 = DIRECTION('',(-0.,1.,0.));
#5662 = DIRECTION('',(0.,0.,1.));
#5663 = ADVANCED_FACE('',(#5664),#5670,.F.);
#5664 = FACE_BOUND('',#5665,.F.);
#5665 = EDGE_LOOP('',(#5666,#5667,#5668,#5669));
#5666 = ORIENTED_EDGE('',*,*,#5553,.F.);
#5667 = ORIENTED_EDGE('',*,*,#5623,.T.);
#5668 = ORIENTED_EDGE('',*,*,#5593,.T.);
#5669 = ORIENTED_EDGE('',*,*,#5645,.F.);
#5670 = PLANE('',#5671);
#5671 = AXIS2_PLACEMENT_3D('',#5672,#5673,#5674);
#5672 = CARTESIAN_POINT('',(-208.,-45.,-46.));
#5673 = DIRECTION('',(0.,0.,1.));
#5674 = DIRECTION('',(1.,0.,-0.));
#5675 = ADVANCED_FACE('',(#5676),#5682,.T.);
#5676 = FACE_BOUND('',#5677,.T.);
#5677 = EDGE_LOOP('',(#5678,#5679,#5680,#5681));
#5678 = ORIENTED_EDGE('',*,*,#5569,.F.);
#5679 = ORIENTED_EDGE('',*,*,#5630,.T.);
#5680 = ORIENTED_EDGE('',*,*,#5609,.T.);
#5681 = ORIENTED_EDGE('',*,*,#5652,.F.);
#5682 = PLANE('',#5683);
#5683 = AXIS2_PLACEMENT_3D('',#5684,#5685,#5686);
#5684 = CARTESIAN_POINT('',(-208.,-45.,-8.));
#5685 = DIRECTION('',(0.,0.,1.));
#5686 = DIRECTION('',(1.,0.,-0.));
#5687 = ( GEOMETRIC_REPRESENTATION_CONTEXT(3) 
GLOBAL_UNCERTAINTY_ASSIGNED_CONTEXT((#5691)) 
GLOBAL_UNIT_ASSIGNED_CONTEXT((#5688,#5689,#5690)) REPRESENTATION_CONTEXT
('Context #1','3D Context with UNIT and UNCERTAINTY') );
#5688 = ( LENGTH_UNIT() NAMED_UNIT(*) SI_UNIT(.MILLI.,.METRE.) );
#5689 = ( NAMED_UNIT(*) PLANE_ANGLE_UNIT() SI_UNIT($,.RADIAN.) );
#5690 = ( NAMED_UNIT(*) SI_UNIT($,.STERADIAN.) SOLID_ANGLE_UNIT() );
#5691 = UNCERTAINTY_MEASURE_WITH_UNIT(LENGTH_MEASURE(1.E-07),#5688,
  'distance_accuracy_value','confusion accuracy');
#5692 = CONTEXT_DEPENDENT_SHAPE_REPRESENTATION(#5693,#5695);
#5693 = ( REPRESENTATION_RELATIONSHIP('','',#5536,#10) 
REPRESENTATION_RELATIONSHIP_WITH_TRANSFORMATION(#5694) 
SHAPE_REPRESENTATION_RELATIONSHIP() );
#5694 = ITEM_DEFINED_TRANSFORMATION('','',#11,#119);
#5695 = PRODUCT_DEFINITION_SHAPE('Placement','Placement of an item',
  #5696);
#5696 = NEXT_ASSEMBLY_USAGE_OCCURRENCE('27',
  '9_机载计算单元(Jetson Orin NX 16G+载板, 带散热)','',#5,
  #5531,$);
#5697 = PRODUCT_RELATED_PRODUCT_CATEGORY('part',$,(#5533));
#5698 = SHAPE_DEFINITION_REPRESENTATION(#5699,#5705);
#5699 = PRODUCT_DEFINITION_SHAPE('','',#5700);
#5700 = PRODUCT_DEFINITION('design','',#5701,#5704);
#5701 = PRODUCT_DEFINITION_FORMATION('','',#5702);
#5702 = PRODUCT('13_线缆:激光头数据/供电/PPS线',
  '13_线缆:激光头数据/供电/PPS线','',(#5703));
#5703 = PRODUCT_CONTEXT('',#2,'mechanical');
#5704 = PRODUCT_DEFINITION_CONTEXT('part definition',#2,'design');
#5705 = ADVANCED_BREP_SHAPE_REPRESENTATION('',(#11,#5706),#5927);
#5706 = MANIFOLD_SOLID_BREP('',#5707);
#5707 = CLOSED_SHELL('',(#5708,#5759,#5768,#5785,#5829,#5854,#5896,#5907
    ));
#5708 = ADVANCED_FACE('',(#5709),#5754,.T.);
#5709 = FACE_BOUND('',#5710,.T.);
#5710 = EDGE_LOOP('',(#5711,#5720,#5728,#5737,#5746,#5753));
#5711 = ORIENTED_EDGE('',*,*,#5712,.T.);
#5712 = EDGE_CURVE('',#5713,#5713,#5715,.T.);
#5713 = VERTEX_POINT('',#5714);
#5714 = CARTESIAN_POINT('',(-60.,54.735764515525,-131.2310940319));
#5715 = CIRCLE('',#5716,3.);
#5716 = AXIS2_PLACEMENT_3D('',#5717,#5718,#5719);
#5717 = CARTESIAN_POINT('',(-60.,52.,-130.));
#5718 = DIRECTION('',(0.,0.410364677329,0.911921505175));
#5719 = DIRECTION('',(0.,0.911921505175,-0.410364677329));
#5720 = ORIENTED_EDGE('',*,*,#5721,.T.);
#5721 = EDGE_CURVE('',#5713,#5722,#5724,.T.);
#5722 = VERTEX_POINT('',#5723);
#5723 = CARTESIAN_POINT('',(-60.,72.735764515525,-91.23109403198));
#5724 = LINE('',#5725,#5726);
#5725 = CARTESIAN_POINT('',(-60.,54.735764515525,-131.2310940319));
#5726 = VECTOR('',#5727,1.);
#5727 = DIRECTION('',(-1.232595164408E-32,0.410364677329,0.911921505175)
  );
#5728 = ORIENTED_EDGE('',*,*,#5729,.F.);
#5729 = EDGE_CURVE('',#5730,#5722,#5732,.T.);
#5730 = VERTEX_POINT('',#5731);
#5731 = CARTESIAN_POINT('',(-57.,70.,-90.));
#5732 = CIRCLE('',#5733,3.);
#5733 = AXIS2_PLACEMENT_3D('',#5734,#5735,#5736);
#5734 = CARTESIAN_POINT('',(-60.,70.,-90.));
#5735 = DIRECTION('',(0.,0.410364677329,0.911921505175));
#5736 = DIRECTION('',(0.,0.911921505175,-0.410364677329));
#5737 = ORIENTED_EDGE('',*,*,#5738,.F.);
#5738 = EDGE_CURVE('',#5739,#5730,#5741,.T.);
#5739 = VERTEX_POINT('',#5740);
#5740 = CARTESIAN_POINT('',(-63.,70.,-90.));
#5741 = ELLIPSE('',#5742,3.068324045279,3.);
#5742 = AXIS2_PLACEMENT_3D('',#5743,#5744,#5745);
#5743 = CARTESIAN_POINT('',(-60.,70.,-90.));
#5744 = DIRECTION('',(0.,0.20985530113,0.977732454503));
#5745 = DIRECTION('',(0.,0.977732454503,-0.20985530113));
#5746 = ORIENTED_EDGE('',*,*,#5747,.F.);
#5747 = EDGE_CURVE('',#5722,#5739,#5748,.T.);
#5748 = CIRCLE('',#5749,3.);
#5749 = AXIS2_PLACEMENT_3D('',#5750,#5751,#5752);
#5750 = CARTESIAN_POINT('',(-60.,70.,-90.));
#5751 = DIRECTION('',(0.,0.410364677329,0.911921505175));
#5752 = DIRECTION('',(0.,0.911921505175,-0.410364677329));
#5753 = ORIENTED_EDGE('',*,*,#5721,.F.);
#5754 = CYLINDRICAL_SURFACE('',#5755,3.);
#5755 = AXIS2_PLACEMENT_3D('',#5756,#5757,#5758);
#5756 = CARTESIAN_POINT('',(-60.,52.,-130.));
#5757 = DIRECTION('',(0.,0.410364677329,0.911921505175));
#5758 = DIRECTION('',(0.,0.911921505175,-0.410364677329));
#5759 = ADVANCED_FACE('',(#5760),#5763,.F.);
#5760 = FACE_BOUND('',#5761,.T.);
#5761 = EDGE_LOOP('',(#5762));
#5762 = ORIENTED_EDGE('',*,*,#5712,.F.);
#5763 = PLANE('',#5764);
#5764 = AXIS2_PLACEMENT_3D('',#5765,#5766,#5767);
#5765 = CARTESIAN_POINT('',(-60.,52.,-130.));
#5766 = DIRECTION('',(0.,0.410364677329,0.911921505175));
#5767 = DIRECTION('',(0.,0.911921505175,-0.410364677329));
#5768 = ADVANCED_FACE('',(#5769),#5780,.T.);
#5769 = FACE_BOUND('',#5770,.T.);
#5770 = EDGE_LOOP('',(#5771,#5778,#5779));
#5771 = ORIENTED_EDGE('',*,*,#5772,.F.);
#5772 = EDGE_CURVE('',#5730,#5739,#5773,.T.);
#5773 = CIRCLE('',#5774,3.);
#5774 = AXIS2_PLACEMENT_3D('',#5775,#5776,#5777);
#5775 = CARTESIAN_POINT('',(-60.,70.,-90.));
#5776 = DIRECTION('',(0.,0.,1.));
#5777 = DIRECTION('',(1.,0.,-0.));
#5778 = ORIENTED_EDGE('',*,*,#5729,.T.);
#5779 = ORIENTED_EDGE('',*,*,#5747,.T.);
#5780 = SPHERICAL_SURFACE('',#5781,3.);
#5781 = AXIS2_PLACEMENT_3D('',#5782,#5783,#5784);
#5782 = CARTESIAN_POINT('',(-60.,70.,-90.));
#5783 = DIRECTION('',(0.,0.,1.));
#5784 = DIRECTION('',(1.,0.,-0.));
#5785 = ADVANCED_FACE('',(#5786),#5824,.T.);
#5786 = FACE_BOUND('',#5787,.T.);
#5787 = EDGE_LOOP('',(#5788,#5789,#5790,#5798,#5807,#5816,#5823));
#5788 = ORIENTED_EDGE('',*,*,#5772,.T.);
#5789 = ORIENTED_EDGE('',*,*,#5738,.T.);
#5790 = ORIENTED_EDGE('',*,*,#5791,.T.);
#5791 = EDGE_CURVE('',#5730,#5792,#5794,.T.);
#5792 = VERTEX_POINT('',#5793);
#5793 = CARTESIAN_POINT('',(-57.,70.,-58.));
#5794 = LINE('',#5795,#5796);
#5795 = CARTESIAN_POINT('',(-57.,70.,-90.));
#5796 = VECTOR('',#5797,1.);
#5797 = DIRECTION('',(0.,0.,1.));
#5798 = ORIENTED_EDGE('',*,*,#5799,.F.);
#5799 = EDGE_CURVE('',#5800,#5792,#5802,.T.);
#5800 = VERTEX_POINT('',#5801);
#5801 = CARTESIAN_POINT('',(-58.2,67.6,-58.));
#5802 = CIRCLE('',#5803,3.);
#5803 = AXIS2_PLACEMENT_3D('',#5804,#5805,#5806);
#5804 = CARTESIAN_POINT('',(-60.,70.,-58.));
#5805 = DIRECTION('',(0.,0.,1.));
#5806 = DIRECTION('',(1.,0.,-0.));
#5807 = ORIENTED_EDGE('',*,*,#5808,.F.);
#5808 = EDGE_CURVE('',#5809,#5800,#5811,.T.);
#5809 = VERTEX_POINT('',#5810);
#5810 = CARTESIAN_POINT('',(-61.8,72.4,-58.));
#5811 = ELLIPSE('',#5812,3.666835801547,3.);
#5812 = AXIS2_PLACEMENT_3D('',#5813,#5814,#5815);
#5813 = CARTESIAN_POINT('',(-60.,70.,-58.));
#5814 = DIRECTION('',(-0.460010619609,-0.345007964706,0.818144079082));
#5815 = DIRECTION('',(0.654515263265,0.490886447449,0.575013274511));
#5816 = ORIENTED_EDGE('',*,*,#5817,.F.);
#5817 = EDGE_CURVE('',#5792,#5809,#5818,.T.);
#5818 = CIRCLE('',#5819,3.);
#5819 = AXIS2_PLACEMENT_3D('',#5820,#5821,#5822);
#5820 = CARTESIAN_POINT('',(-60.,70.,-58.));
#5821 = DIRECTION('',(0.,0.,1.));
#5822 = DIRECTION('',(1.,0.,-0.));
#5823 = ORIENTED_EDGE('',*,*,#5791,.F.);
#5824 = CYLINDRICAL_SURFACE('',#5825,3.);
#5825 = AXIS2_PLACEMENT_3D('',#5826,#5827,#5828);
#5826 = CARTESIAN_POINT('',(-60.,70.,-90.));
#5827 = DIRECTION('',(0.,0.,1.));
#5828 = DIRECTION('',(1.,0.,-0.));
#5829 = ADVANCED_FACE('',(#5830),#5849,.T.);
#5830 = FACE_BOUND('',#5831,.T.);
#5831 = EDGE_LOOP('',(#5832,#5841,#5842));
#5832 = ORIENTED_EDGE('',*,*,#5833,.F.);
#5833 = EDGE_CURVE('',#5792,#5834,#5836,.T.);
#5834 = VERTEX_POINT('',#5835);
#5835 = CARTESIAN_POINT('',(-58.76890596801,70.,-55.26423548447));
#5836 = CIRCLE('',#5837,3.);
#5837 = AXIS2_PLACEMENT_3D('',#5838,#5839,#5840);
#5838 = CARTESIAN_POINT('',(-60.,70.,-58.));
#5839 = DIRECTION('',(-2.449293598295E-16,-1.,0.));
#5840 = DIRECTION('',(1.,-2.449293598295E-16,0.));
#5841 = ORIENTED_EDGE('',*,*,#5817,.T.);
#5842 = ORIENTED_EDGE('',*,*,#5843,.F.);
#5843 = EDGE_CURVE('',#5834,#5809,#5844,.T.);
#5844 = CIRCLE('',#5845,3.);
#5845 = AXIS2_PLACEMENT_3D('',#5846,#5847,#5848);
#5846 = CARTESIAN_POINT('',(-60.,70.,-58.));
#5847 = DIRECTION('',(-0.752709929495,-0.564532447121,0.338719468273));
#5848 = DIRECTION('',(0.6,-0.8,-2.775557561563E-17));
#5849 = SPHERICAL_SURFACE('',#5850,3.);
#5850 = AXIS2_PLACEMENT_3D('',#5851,#5852,#5853);
#5851 = CARTESIAN_POINT('',(-60.,70.,-58.));
#5852 = DIRECTION('',(0.,0.,1.));
#5853 = DIRECTION('',(1.,0.,-0.));
#5854 = ADVANCED_FACE('',(#5855),#5891,.T.);
#5855 = FACE_BOUND('',#5856,.T.);
#5856 = EDGE_LOOP('',(#5857,#5858,#5866,#5875,#5882,#5883,#5890));
#5857 = ORIENTED_EDGE('',*,*,#5808,.T.);
#5858 = ORIENTED_EDGE('',*,*,#5859,.T.);
#5859 = EDGE_CURVE('',#5800,#5860,#5862,.T.);
#5860 = VERTEX_POINT('',#5861);
#5861 = CARTESIAN_POINT('',(-98.2,37.6,-40.));
#5862 = LINE('',#5863,#5864);
#5863 = CARTESIAN_POINT('',(-58.2,67.6,-58.));
#5864 = VECTOR('',#5865,1.);
#5865 = DIRECTION('',(-0.752709929495,-0.564532447121,0.338719468273));
#5866 = ORIENTED_EDGE('',*,*,#5867,.F.);
#5867 = EDGE_CURVE('',#5868,#5860,#5870,.T.);
#5868 = VERTEX_POINT('',#5869);
#5869 = CARTESIAN_POINT('',(-98.76890596801,40.,-37.26423548447));
#5870 = CIRCLE('',#5871,3.);
#5871 = AXIS2_PLACEMENT_3D('',#5872,#5873,#5874);
#5872 = CARTESIAN_POINT('',(-100.,40.,-40.));
#5873 = DIRECTION('',(-0.752709929495,-0.564532447121,0.338719468273));
#5874 = DIRECTION('',(0.6,-0.8,-2.775557561563E-17));
#5875 = ORIENTED_EDGE('',*,*,#5876,.F.);
#5876 = EDGE_CURVE('',#5860,#5868,#5877,.T.);
#5877 = CIRCLE('',#5878,3.);
#5878 = AXIS2_PLACEMENT_3D('',#5879,#5880,#5881);
#5879 = CARTESIAN_POINT('',(-100.,40.,-40.));
#5880 = DIRECTION('',(-0.752709929495,-0.564532447121,0.338719468273));
#5881 = DIRECTION('',(0.6,-0.8,-2.775557561563E-17));
#5882 = ORIENTED_EDGE('',*,*,#5859,.F.);
#5883 = ORIENTED_EDGE('',*,*,#5884,.T.);
#5884 = EDGE_CURVE('',#5800,#5834,#5885,.T.);
#5885 = CIRCLE('',#5886,3.);
#5886 = AXIS2_PLACEMENT_3D('',#5887,#5888,#5889);
#5887 = CARTESIAN_POINT('',(-60.,70.,-58.));
#5888 = DIRECTION('',(-0.752709929495,-0.564532447121,0.338719468273));
#5889 = DIRECTION('',(0.6,-0.8,-2.775557561563E-17));
#5890 = ORIENTED_EDGE('',*,*,#5843,.T.);
#5891 = CYLINDRICAL_SURFACE('',#5892,3.);
#5892 = AXIS2_PLACEMENT_3D('',#5893,#5894,#5895);
#5893 = CARTESIAN_POINT('',(-60.,70.,-58.));
#5894 = DIRECTION('',(-0.752709929495,-0.564532447121,0.338719468273));
#5895 = DIRECTION('',(0.6,-0.8,0.));
#5896 = ADVANCED_FACE('',(#5897),#5902,.T.);
#5897 = FACE_BOUND('',#5898,.T.);
#5898 = EDGE_LOOP('',(#5899,#5900,#5901));
#5899 = ORIENTED_EDGE('',*,*,#5799,.T.);
#5900 = ORIENTED_EDGE('',*,*,#5833,.T.);
#5901 = ORIENTED_EDGE('',*,*,#5884,.F.);
#5902 = SPHERICAL_SURFACE('',#5903,3.);
#5903 = AXIS2_PLACEMENT_3D('',#5904,#5905,#5906);
#5904 = CARTESIAN_POINT('',(-60.,70.,-58.));
#5905 = DIRECTION('',(0.,0.,1.));
#5906 = DIRECTION('',(1.,0.,-0.));
#5907 = ADVANCED_FACE('',(#5908),#5922,.T.);
#5908 = FACE_BOUND('',#5909,.T.);
#5909 = EDGE_LOOP('',(#5910,#5919,#5920,#5921));
#5910 = ORIENTED_EDGE('',*,*,#5911,.T.);
#5911 = EDGE_CURVE('',#5868,#5912,#5914,.T.);
#5912 = VERTEX_POINT('',#5913);
#5913 = CARTESIAN_POINT('',(-100.,40.,-37.));
#5914 = CIRCLE('',#5915,3.);
#5915 = AXIS2_PLACEMENT_3D('',#5916,#5917,#5918);
#5916 = CARTESIAN_POINT('',(-100.,40.,-40.));
#5917 = DIRECTION('',(-2.449293598295E-16,-1.,0.));
#5918 = DIRECTION('',(1.,-2.449293598295E-16,0.));
#5919 = ORIENTED_EDGE('',*,*,#5911,.F.);
#5920 = ORIENTED_EDGE('',*,*,#5867,.T.);
#5921 = ORIENTED_EDGE('',*,*,#5876,.T.);
#5922 = SPHERICAL_SURFACE('',#5923,3.);
#5923 = AXIS2_PLACEMENT_3D('',#5924,#5925,#5926);
#5924 = CARTESIAN_POINT('',(-100.,40.,-40.));
#5925 = DIRECTION('',(0.,0.,1.));
#5926 = DIRECTION('',(1.,0.,-0.));
#5927 = ( GEOMETRIC_REPRESENTATION_CONTEXT(3) 
GLOBAL_UNCERTAINTY_ASSIGNED_CONTEXT((#5931)) 
GLOBAL_UNIT_ASSIGNED_CONTEXT((#5928,#5929,#5930)) REPRESENTATION_CONTEXT
('Context #1','3D Context with UNIT and UNCERTAINTY') );
#5928 = ( LENGTH_UNIT() NAMED_UNIT(*) SI_UNIT(.MILLI.,.METRE.) );
#5929 = ( NAMED_UNIT(*) PLANE_ANGLE_UNIT() SI_UNIT($,.RADIAN.) );
#5930 = ( NAMED_UNIT(*) SI_UNIT($,.STERADIAN.) SOLID_ANGLE_UNIT() );
#5931 = UNCERTAINTY_MEASURE_WITH_UNIT(LENGTH_MEASURE(1.E-07),#5928,
  'distance_accuracy_value','confusion accuracy');
#5932 = CONTEXT_DEPENDENT_SHAPE_REPRESENTATION(#5933,#5935);
#5933 = ( REPRESENTATION_RELATIONSHIP('','',#5705,#10) 
REPRESENTATION_RELATIONSHIP_WITH_TRANSFORMATION(#5934) 
SHAPE_REPRESENTATION_RELATIONSHIP() );
#5934 = ITEM_DEFINED_TRANSFORMATION('','',#11,#123);
#5935 = PRODUCT_DEFINITION_SHAPE('Placement','Placement of an item',
  #5936);
#5936 = NEXT_ASSEMBLY_USAGE_OCCURRENCE('28',
  '13_线缆:激光头数据/供电/PPS线','',#5,#5700,$);
#5937 = PRODUCT_RELATED_PRODUCT_CATEGORY('part',$,(#5702));
#5938 = SHAPE_DEFINITION_REPRESENTATION(#5939,#5945);
#5939 = PRODUCT_DEFINITION_SHAPE('','',#5940);
#5940 = PRODUCT_DEFINITION('design','',#5941,#5944);
#5941 = PRODUCT_DEFINITION_FORMATION('','',#5942);
#5942 = PRODUCT('13_线缆:同步板-俯视相机触发/回传',
  '13_线缆:同步板-俯视相机触发/回传','',(#5943));
#5943 = PRODUCT_CONTEXT('',#2,'mechanical');
#5944 = PRODUCT_DEFINITION_CONTEXT('part definition',#2,'design');
#5945 = ADVANCED_BREP_SHAPE_REPRESENTATION('',(#11,#5946),#6116);
#5946 = MANIFOLD_SOLID_BREP('',#5947);
#5947 = CLOSED_SHELL('',(#5948,#6008,#6017,#6042,#6059,#6096));
#5948 = ADVANCED_FACE('',(#5949),#6003,.T.);
#5949 = FACE_BOUND('',#5950,.T.);
#5950 = EDGE_LOOP('',(#5951,#5960,#5968,#5977,#5986,#5995,#6002));
#5951 = ORIENTED_EDGE('',*,*,#5952,.T.);
#5952 = EDGE_CURVE('',#5953,#5953,#5955,.T.);
#5953 = VERTEX_POINT('',#5954);
#5954 = CARTESIAN_POINT('',(128.12591485733,2.342606428329,-40.));
#5955 = CIRCLE('',#5956,3.);
#5956 = AXIS2_PLACEMENT_3D('',#5957,#5958,#5959);
#5957 = CARTESIAN_POINT('',(130.,0.,-40.));
#5958 = DIRECTION('',(0.77151674981,0.617213399848,-0.154303349962));
#5959 = DIRECTION('',(-0.624695047554,0.780868809443,1.387778780781E-17)
  );
#5960 = ORIENTED_EDGE('',*,*,#5961,.T.);
#5961 = EDGE_CURVE('',#5953,#5962,#5964,.T.);
#5962 = VERTEX_POINT('',#5963);
#5963 = CARTESIAN_POINT('',(158.12591485733,26.342606428329,-46.));
#5964 = LINE('',#5965,#5966);
#5965 = CARTESIAN_POINT('',(128.12591485733,2.342606428329,-40.));
#5966 = VECTOR('',#5967,1.);
#5967 = DIRECTION('',(0.77151674981,0.617213399848,-0.154303349962));
#5968 = ORIENTED_EDGE('',*,*,#5969,.F.);
#5969 = EDGE_CURVE('',#5970,#5962,#5972,.T.);
#5970 = VERTEX_POINT('',#5971);
#5971 = CARTESIAN_POINT('',(157.,24.,-48.005149036));
#5972 = ELLIPSE('',#5973,3.948901259439,3.);
#5973 = AXIS2_PLACEMENT_3D('',#5974,#5975,#5976);
#5974 = CARTESIAN_POINT('',(160.,24.,-46.));
#5975 = DIRECTION('',(0.507773910834,0.406219128667,-0.759704992073));
#5976 = DIRECTION('',(0.593229932688,0.474583946151,0.65026788712));
#5977 = ORIENTED_EDGE('',*,*,#5978,.F.);
#5978 = EDGE_CURVE('',#5979,#5970,#5981,.T.);
#5979 = VERTEX_POINT('',#5980);
#5980 = CARTESIAN_POINT('',(161.87408514266,21.657393571671,-46.));
#5981 = ELLIPSE('',#5982,3.948901259439,3.);
#5982 = AXIS2_PLACEMENT_3D('',#5983,#5984,#5985);
#5983 = CARTESIAN_POINT('',(160.,24.,-46.));
#5984 = DIRECTION('',(0.507773910834,0.406219128667,-0.759704992073));
#5985 = DIRECTION('',(0.593229932688,0.474583946151,0.65026788712));
#5986 = ORIENTED_EDGE('',*,*,#5987,.F.);
#5987 = EDGE_CURVE('',#5988,#5979,#5990,.T.);
#5988 = VERTEX_POINT('',#5989);
#5989 = CARTESIAN_POINT('',(160.58834840541,24.,-43.05825797292));
#5990 = CIRCLE('',#5991,3.);
#5991 = AXIS2_PLACEMENT_3D('',#5992,#5993,#5994);
#5992 = CARTESIAN_POINT('',(160.,24.,-46.));
#5993 = DIRECTION('',(0.77151674981,0.617213399848,-0.154303349962));
#5994 = DIRECTION('',(-0.624695047554,0.780868809443,1.387778780781E-17)
  );
#5995 = ORIENTED_EDGE('',*,*,#5996,.F.);
#5996 = EDGE_CURVE('',#5962,#5988,#5997,.T.);
#5997 = CIRCLE('',#5998,3.);
#5998 = AXIS2_PLACEMENT_3D('',#5999,#6000,#6001);
#5999 = CARTESIAN_POINT('',(160.,24.,-46.));
#6000 = DIRECTION('',(0.77151674981,0.617213399848,-0.154303349962));
#6001 = DIRECTION('',(-0.624695047554,0.780868809443,1.387778780781E-17)
  );
#6002 = ORIENTED_EDGE('',*,*,#5961,.F.);
#6003 = CYLINDRICAL_SURFACE('',#6004,3.);
#6004 = AXIS2_PLACEMENT_3D('',#6005,#6006,#6007);
#6005 = CARTESIAN_POINT('',(130.,0.,-40.));
#6006 = DIRECTION('',(0.77151674981,0.617213399848,-0.154303349962));
#6007 = DIRECTION('',(-0.624695047554,0.780868809443,0.));
#6008 = ADVANCED_FACE('',(#6009),#6012,.F.);
#6009 = FACE_BOUND('',#6010,.T.);
#6010 = EDGE_LOOP('',(#6011));
#6011 = ORIENTED_EDGE('',*,*,#5952,.F.);
#6012 = PLANE('',#6013);
#6013 = AXIS2_PLACEMENT_3D('',#6014,#6015,#6016);
#6014 = CARTESIAN_POINT('',(130.,0.,-40.));
#6015 = DIRECTION('',(0.77151674981,0.617213399848,-0.154303349962));
#6016 = DIRECTION('',(-0.624695047554,0.780868809443,0.));
#6017 = ADVANCED_FACE('',(#6018),#6037,.T.);
#6018 = FACE_BOUND('',#6019,.T.);
#6019 = EDGE_LOOP('',(#6020,#6029,#6030));
#6020 = ORIENTED_EDGE('',*,*,#6021,.F.);
#6021 = EDGE_CURVE('',#5962,#6022,#6024,.T.);
#6022 = VERTEX_POINT('',#6023);
#6023 = CARTESIAN_POINT('',(163.,24.,-46.));
#6024 = CIRCLE('',#6025,3.);
#6025 = AXIS2_PLACEMENT_3D('',#6026,#6027,#6028);
#6026 = CARTESIAN_POINT('',(160.,24.,-46.));
#6027 = DIRECTION('',(0.,0.,-1.));
#6028 = DIRECTION('',(-1.,0.,-0.));
#6029 = ORIENTED_EDGE('',*,*,#5996,.T.);
#6030 = ORIENTED_EDGE('',*,*,#6031,.F.);
#6031 = EDGE_CURVE('',#6022,#5988,#6032,.T.);
#6032 = CIRCLE('',#6033,3.);
#6033 = AXIS2_PLACEMENT_3D('',#6034,#6035,#6036);
#6034 = CARTESIAN_POINT('',(160.,24.,-46.));
#6035 = DIRECTION('',(-2.449293598295E-16,-1.,0.));
#6036 = DIRECTION('',(1.,-2.449293598295E-16,0.));
#6037 = SPHERICAL_SURFACE('',#6038,3.);
#6038 = AXIS2_PLACEMENT_3D('',#6039,#6040,#6041);
#6039 = CARTESIAN_POINT('',(160.,24.,-46.));
#6040 = DIRECTION('',(0.,0.,1.));
#6041 = DIRECTION('',(1.,0.,-0.));
#6042 = ADVANCED_FACE('',(#6043),#6054,.T.);
#6043 = FACE_BOUND('',#6044,.T.);
#6044 = EDGE_LOOP('',(#6045,#6046,#6047));
#6045 = ORIENTED_EDGE('',*,*,#6031,.T.);
#6046 = ORIENTED_EDGE('',*,*,#5987,.T.);
#6047 = ORIENTED_EDGE('',*,*,#6048,.F.);
#6048 = EDGE_CURVE('',#6022,#5979,#6049,.T.);
#6049 = CIRCLE('',#6050,3.);
#6050 = AXIS2_PLACEMENT_3D('',#6051,#6052,#6053);
#6051 = CARTESIAN_POINT('',(160.,24.,-46.));
#6052 = DIRECTION('',(0.,0.,-1.));
#6053 = DIRECTION('',(-1.,0.,-0.));
#6054 = SPHERICAL_SURFACE('',#6055,3.);
#6055 = AXIS2_PLACEMENT_3D('',#6056,#6057,#6058);
#6056 = CARTESIAN_POINT('',(160.,24.,-46.));
#6057 = DIRECTION('',(0.,0.,1.));
#6058 = DIRECTION('',(1.,0.,-0.));
#6059 = ADVANCED_FACE('',(#6060),#6091,.T.);
#6060 = FACE_BOUND('',#6061,.T.);
#6061 = EDGE_LOOP('',(#6062,#6063,#6071,#6080,#6087,#6088,#6089,#6090));
#6062 = ORIENTED_EDGE('',*,*,#5978,.T.);
#6063 = ORIENTED_EDGE('',*,*,#6064,.T.);
#6064 = EDGE_CURVE('',#5970,#6065,#6067,.T.);
#6065 = VERTEX_POINT('',#6066);
#6066 = CARTESIAN_POINT('',(157.,24.,-70.));
#6067 = LINE('',#6068,#6069);
#6068 = CARTESIAN_POINT('',(157.,24.,-46.));
#6069 = VECTOR('',#6070,1.);
#6070 = DIRECTION('',(0.,0.,-1.));
#6071 = ORIENTED_EDGE('',*,*,#6072,.F.);
#6072 = EDGE_CURVE('',#6073,#6065,#6075,.T.);
#6073 = VERTEX_POINT('',#6074);
#6074 = CARTESIAN_POINT('',(163.,24.,-70.));
#6075 = CIRCLE('',#6076,3.);
#6076 = AXIS2_PLACEMENT_3D('',#6077,#6078,#6079);
#6077 = CARTESIAN_POINT('',(160.,24.,-70.));
#6078 = DIRECTION('',(0.,0.,-1.));
#6079 = DIRECTION('',(-1.,0.,-0.));
#6080 = ORIENTED_EDGE('',*,*,#6081,.F.);
#6081 = EDGE_CURVE('',#6065,#6073,#6082,.T.);
#6082 = CIRCLE('',#6083,3.);
#6083 = AXIS2_PLACEMENT_3D('',#6084,#6085,#6086);
#6084 = CARTESIAN_POINT('',(160.,24.,-70.));
#6085 = DIRECTION('',(0.,0.,-1.));
#6086 = DIRECTION('',(-1.,0.,-0.));
#6087 = ORIENTED_EDGE('',*,*,#6064,.F.);
#6088 = ORIENTED_EDGE('',*,*,#5969,.T.);
#6089 = ORIENTED_EDGE('',*,*,#6021,.T.);
#6090 = ORIENTED_EDGE('',*,*,#6048,.T.);
#6091 = CYLINDRICAL_SURFACE('',#6092,3.);
#6092 = AXIS2_PLACEMENT_3D('',#6093,#6094,#6095);
#6093 = CARTESIAN_POINT('',(160.,24.,-46.));
#6094 = DIRECTION('',(0.,0.,-1.));
#6095 = DIRECTION('',(-1.,0.,-0.));
#6096 = ADVANCED_FACE('',(#6097),#6111,.T.);
#6097 = FACE_BOUND('',#6098,.T.);
#6098 = EDGE_LOOP('',(#6099,#6100,#6109,#6110));
#6099 = ORIENTED_EDGE('',*,*,#6081,.T.);
#6100 = ORIENTED_EDGE('',*,*,#6101,.F.);
#6101 = EDGE_CURVE('',#6102,#6073,#6104,.T.);
#6102 = VERTEX_POINT('',#6103);
#6103 = CARTESIAN_POINT('',(160.,24.,-73.));
#6104 = CIRCLE('',#6105,3.);
#6105 = AXIS2_PLACEMENT_3D('',#6106,#6107,#6108);
#6106 = CARTESIAN_POINT('',(160.,24.,-70.));
#6107 = DIRECTION('',(-2.449293598295E-16,-1.,0.));
#6108 = DIRECTION('',(1.,-2.449293598295E-16,0.));
#6109 = ORIENTED_EDGE('',*,*,#6101,.T.);
#6110 = ORIENTED_EDGE('',*,*,#6072,.T.);
#6111 = SPHERICAL_SURFACE('',#6112,3.);
#6112 = AXIS2_PLACEMENT_3D('',#6113,#6114,#6115);
#6113 = CARTESIAN_POINT('',(160.,24.,-70.));
#6114 = DIRECTION('',(0.,0.,1.));
#6115 = DIRECTION('',(1.,0.,-0.));
#6116 = ( GEOMETRIC_REPRESENTATION_CONTEXT(3) 
GLOBAL_UNCERTAINTY_ASSIGNED_CONTEXT((#6120)) 
GLOBAL_UNIT_ASSIGNED_CONTEXT((#6117,#6118,#6119)) REPRESENTATION_CONTEXT
('Context #1','3D Context with UNIT and UNCERTAINTY') );
#6117 = ( LENGTH_UNIT() NAMED_UNIT(*) SI_UNIT(.MILLI.,.METRE.) );
#6118 = ( NAMED_UNIT(*) PLANE_ANGLE_UNIT() SI_UNIT($,.RADIAN.) );
#6119 = ( NAMED_UNIT(*) SI_UNIT($,.STERADIAN.) SOLID_ANGLE_UNIT() );
#6120 = UNCERTAINTY_MEASURE_WITH_UNIT(LENGTH_MEASURE(1.E-07),#6117,
  'distance_accuracy_value','confusion accuracy');
#6121 = CONTEXT_DEPENDENT_SHAPE_REPRESENTATION(#6122,#6124);
#6122 = ( REPRESENTATION_RELATIONSHIP('','',#5945,#10) 
REPRESENTATION_RELATIONSHIP_WITH_TRANSFORMATION(#6123) 
SHAPE_REPRESENTATION_RELATIONSHIP() );
#6123 = ITEM_DEFINED_TRANSFORMATION('','',#11,#127);
#6124 = PRODUCT_DEFINITION_SHAPE('Placement','Placement of an item',
  #6125);
#6125 = NEXT_ASSEMBLY_USAGE_OCCURRENCE('29',
  '13_线缆:同步板-俯视相机触发/回传','',#5,#5940,$);
#6126 = PRODUCT_RELATED_PRODUCT_CATEGORY('part',$,(#5942));
#6127 = SHAPE_DEFINITION_REPRESENTATION(#6128,#6134);
#6128 = PRODUCT_DEFINITION_SHAPE('','',#6129);
#6129 = PRODUCT_DEFINITION('design','',#6130,#6133);
#6130 = PRODUCT_DEFINITION_FORMATION('','',#6131);
#6131 = PRODUCT('13_线缆:同步板-仰视相机',
  '13_线缆:同步板-仰视相机','',(#6132));
#6132 = PRODUCT_CONTEXT('',#2,'mechanical');
#6133 = PRODUCT_DEFINITION_CONTEXT('part definition',#2,'design');
#6134 = ADVANCED_BREP_SHAPE_REPRESENTATION('',(#11,#6135),#6208);
#6135 = MANIFOLD_SOLID_BREP('',#6136);
#6136 = CLOSED_SHELL('',(#6137,#6179,#6188));
#6137 = ADVANCED_FACE('',(#6138),#6174,.T.);
#6138 = FACE_BOUND('',#6139,.T.);
#6139 = EDGE_LOOP('',(#6140,#6150,#6159,#6166,#6167));
#6140 = ORIENTED_EDGE('',*,*,#6141,.T.);
#6141 = EDGE_CURVE('',#6142,#6144,#6146,.T.);
#6142 = VERTEX_POINT('',#6143);
#6143 = CARTESIAN_POINT('',(129.41165159458,12.941742027073,-36.));
#6144 = VERTEX_POINT('',#6145);
#6145 = CARTESIAN_POINT('',(179.41165159458,22.941742027073,-40.));
#6146 = LINE('',#6147,#6148);
#6147 = CARTESIAN_POINT('',(129.41165159458,12.941742027073,-36.));
#6148 = VECTOR('',#6149,1.);
#6149 = DIRECTION('',(0.977577358757,0.195515471751,-7.820618870058E-02)
  );
#6150 = ORIENTED_EDGE('',*,*,#6151,.F.);
#6151 = EDGE_CURVE('',#6152,#6144,#6154,.T.);
#6152 = VERTEX_POINT('',#6153);
#6153 = CARTESIAN_POINT('',(180.23923566684,20.,-37.00955416439));
#6154 = CIRCLE('',#6155,3.);
#6155 = AXIS2_PLACEMENT_3D('',#6156,#6157,#6158);
#6156 = CARTESIAN_POINT('',(180.,20.,-40.));
#6157 = DIRECTION('',(0.977577358757,0.195515471751,-7.820618870058E-02)
  );
#6158 = DIRECTION('',(-0.196116135138,0.980580675691,1.734723475977E-18)
  );
#6159 = ORIENTED_EDGE('',*,*,#6160,.F.);
#6160 = EDGE_CURVE('',#6144,#6152,#6161,.T.);
#6161 = CIRCLE('',#6162,3.);
#6162 = AXIS2_PLACEMENT_3D('',#6163,#6164,#6165);
#6163 = CARTESIAN_POINT('',(180.,20.,-40.));
#6164 = DIRECTION('',(0.977577358757,0.195515471751,-7.820618870058E-02)
  );
#6165 = DIRECTION('',(-0.196116135138,0.980580675691,1.734723475977E-18)
  );
#6166 = ORIENTED_EDGE('',*,*,#6141,.F.);
#6167 = ORIENTED_EDGE('',*,*,#6168,.T.);
#6168 = EDGE_CURVE('',#6142,#6142,#6169,.T.);
#6169 = CIRCLE('',#6170,3.);
#6170 = AXIS2_PLACEMENT_3D('',#6171,#6172,#6173);
#6171 = CARTESIAN_POINT('',(130.,10.,-36.));
#6172 = DIRECTION('',(0.977577358757,0.195515471751,-7.820618870058E-02)
  );
#6173 = DIRECTION('',(-0.196116135138,0.980580675691,1.734723475977E-18)
  );
#6174 = CYLINDRICAL_SURFACE('',#6175,3.);
#6175 = AXIS2_PLACEMENT_3D('',#6176,#6177,#6178);
#6176 = CARTESIAN_POINT('',(130.,10.,-36.));
#6177 = DIRECTION('',(0.977577358757,0.195515471751,-7.820618870058E-02)
  );
#6178 = DIRECTION('',(-0.196116135138,0.980580675691,0.));
#6179 = ADVANCED_FACE('',(#6180),#6183,.F.);
#6180 = FACE_BOUND('',#6181,.T.);
#6181 = EDGE_LOOP('',(#6182));
#6182 = ORIENTED_EDGE('',*,*,#6168,.F.);
#6183 = PLANE('',#6184);
#6184 = AXIS2_PLACEMENT_3D('',#6185,#6186,#6187);
#6185 = CARTESIAN_POINT('',(130.,10.,-36.));
#6186 = DIRECTION('',(0.977577358757,0.195515471751,-7.820618870058E-02)
  );
#6187 = DIRECTION('',(-0.196116135138,0.980580675691,0.));
#6188 = ADVANCED_FACE('',(#6189),#6203,.T.);
#6189 = FACE_BOUND('',#6190,.T.);
#6190 = EDGE_LOOP('',(#6191,#6192,#6201,#6202));
#6191 = ORIENTED_EDGE('',*,*,#6160,.T.);
#6192 = ORIENTED_EDGE('',*,*,#6193,.F.);
#6193 = EDGE_CURVE('',#6194,#6152,#6196,.T.);
#6194 = VERTEX_POINT('',#6195);
#6195 = CARTESIAN_POINT('',(180.,20.,-43.));
#6196 = CIRCLE('',#6197,3.);
#6197 = AXIS2_PLACEMENT_3D('',#6198,#6199,#6200);
#6198 = CARTESIAN_POINT('',(180.,20.,-40.));
#6199 = DIRECTION('',(-2.449293598295E-16,-1.,0.));
#6200 = DIRECTION('',(1.,-2.449293598295E-16,0.));
#6201 = ORIENTED_EDGE('',*,*,#6193,.T.);
#6202 = ORIENTED_EDGE('',*,*,#6151,.T.);
#6203 = SPHERICAL_SURFACE('',#6204,3.);
#6204 = AXIS2_PLACEMENT_3D('',#6205,#6206,#6207);
#6205 = CARTESIAN_POINT('',(180.,20.,-40.));
#6206 = DIRECTION('',(0.,0.,1.));
#6207 = DIRECTION('',(1.,0.,-0.));
#6208 = ( GEOMETRIC_REPRESENTATION_CONTEXT(3) 
GLOBAL_UNCERTAINTY_ASSIGNED_CONTEXT((#6212)) 
GLOBAL_UNIT_ASSIGNED_CONTEXT((#6209,#6210,#6211)) REPRESENTATION_CONTEXT
('Context #1','3D Context with UNIT and UNCERTAINTY') );
#6209 = ( LENGTH_UNIT() NAMED_UNIT(*) SI_UNIT(.MILLI.,.METRE.) );
#6210 = ( NAMED_UNIT(*) PLANE_ANGLE_UNIT() SI_UNIT($,.RADIAN.) );
#6211 = ( NAMED_UNIT(*) SI_UNIT($,.STERADIAN.) SOLID_ANGLE_UNIT() );
#6212 = UNCERTAINTY_MEASURE_WITH_UNIT(LENGTH_MEASURE(2.E-07),#6209,
  'distance_accuracy_value','confusion accuracy');
#6213 = CONTEXT_DEPENDENT_SHAPE_REPRESENTATION(#6214,#6216);
#6214 = ( REPRESENTATION_RELATIONSHIP('','',#6134,#10) 
REPRESENTATION_RELATIONSHIP_WITH_TRANSFORMATION(#6215) 
SHAPE_REPRESENTATION_RELATIONSHIP() );
#6215 = ITEM_DEFINED_TRANSFORMATION('','',#11,#131);
#6216 = PRODUCT_DEFINITION_SHAPE('Placement','Placement of an item',
  #6217);
#6217 = NEXT_ASSEMBLY_USAGE_OCCURRENCE('30',
  '13_线缆:同步板-仰视相机','',#5,#6129,$);
#6218 = PRODUCT_RELATED_PRODUCT_CATEGORY('part',$,(#6131));
#6219 = SHAPE_DEFINITION_REPRESENTATION(#6220,#6226);
#6220 = PRODUCT_DEFINITION_SHAPE('','',#6221);
#6221 = PRODUCT_DEFINITION('design','',#6222,#6225);
#6222 = PRODUCT_DEFINITION_FORMATION('','',#6223);
#6223 = PRODUCT('13_线缆:同步板-计算单元',
  '13_线缆:同步板-计算单元','',(#6224));
#6224 = PRODUCT_CONTEXT('',#2,'mechanical');
#6225 = PRODUCT_DEFINITION_CONTEXT('part definition',#2,'design');
#6226 = ADVANCED_BREP_SHAPE_REPRESENTATION('',(#11,#6227),#6371);
#6227 = MANIFOLD_SOLID_BREP('',#6228);
#6228 = CLOSED_SHELL('',(#6229,#6289,#6298,#6315,#6360));
#6229 = ADVANCED_FACE('',(#6230),#6284,.T.);
#6230 = FACE_BOUND('',#6231,.T.);
#6231 = EDGE_LOOP('',(#6232,#6241,#6249,#6258,#6267,#6276,#6283));
#6232 = ORIENTED_EDGE('',*,*,#6233,.T.);
#6233 = EDGE_CURVE('',#6234,#6234,#6236,.T.);
#6234 = VERTEX_POINT('',#6235);
#6235 = CARTESIAN_POINT('',(42.242227956051,31.99309151649,-36.));
#6236 = CIRCLE('',#6237,3.);
#6237 = AXIS2_PLACEMENT_3D('',#6238,#6239,#6240);
#6238 = CARTESIAN_POINT('',(40.,30.,-36.));
#6239 = DIRECTION('',(-0.66436383883,0.747409318684,0.));
#6240 = DIRECTION('',(0.747409318684,0.66436383883,0.));
#6241 = ORIENTED_EDGE('',*,*,#6242,.T.);
#6242 = EDGE_CURVE('',#6234,#6243,#6245,.T.);
#6243 = VERTEX_POINT('',#6244);
#6244 = CARTESIAN_POINT('',(2.242227956051,76.99309151649,-36.));
#6245 = LINE('',#6246,#6247);
#6246 = CARTESIAN_POINT('',(42.242227956051,31.99309151649,-36.));
#6247 = VECTOR('',#6248,1.);
#6248 = DIRECTION('',(-0.66436383883,0.747409318684,0.));
#6249 = ORIENTED_EDGE('',*,*,#6250,.F.);
#6250 = EDGE_CURVE('',#6251,#6243,#6253,.T.);
#6251 = VERTEX_POINT('',#6252);
#6252 = CARTESIAN_POINT('',(1.836970198721E-16,75.,-33.));
#6253 = CIRCLE('',#6254,3.);
#6254 = AXIS2_PLACEMENT_3D('',#6255,#6256,#6257);
#6255 = CARTESIAN_POINT('',(0.,75.,-36.));
#6256 = DIRECTION('',(-0.66436383883,0.747409318684,0.));
#6257 = DIRECTION('',(0.747409318684,0.66436383883,0.));
#6258 = ORIENTED_EDGE('',*,*,#6259,.F.);
#6259 = EDGE_CURVE('',#6260,#6251,#6262,.T.);
#6260 = VERTEX_POINT('',#6261);
#6261 = CARTESIAN_POINT('',(-1.107493535133,71.730332259977,-36.));
#6262 = ELLIPSE('',#6263,3.452139779978,3.);
#6263 = AXIS2_PLACEMENT_3D('',#6264,#6265,#6266);
#6264 = CARTESIAN_POINT('',(0.,75.,-36.));
#6265 = DIRECTION('',(-0.947142337337,0.320813641891,0.));
#6266 = DIRECTION('',(0.320813641891,0.947142337337,0.));
#6267 = ORIENTED_EDGE('',*,*,#6268,.F.);
#6268 = EDGE_CURVE('',#6269,#6260,#6271,.T.);
#6269 = VERTEX_POINT('',#6270);
#6270 = CARTESIAN_POINT('',(1.836970198721E-16,75.,-39.));
#6271 = ELLIPSE('',#6272,3.452139779978,3.);
#6272 = AXIS2_PLACEMENT_3D('',#6273,#6274,#6275);
#6273 = CARTESIAN_POINT('',(0.,75.,-36.));
#6274 = DIRECTION('',(-0.947142337337,0.320813641891,0.));
#6275 = DIRECTION('',(0.320813641891,0.947142337337,0.));
#6276 = ORIENTED_EDGE('',*,*,#6277,.F.);
#6277 = EDGE_CURVE('',#6243,#6269,#6278,.T.);
#6278 = CIRCLE('',#6279,3.);
#6279 = AXIS2_PLACEMENT_3D('',#6280,#6281,#6282);
#6280 = CARTESIAN_POINT('',(0.,75.,-36.));
#6281 = DIRECTION('',(-0.66436383883,0.747409318684,0.));
#6282 = DIRECTION('',(0.747409318684,0.66436383883,0.));
#6283 = ORIENTED_EDGE('',*,*,#6242,.F.);
#6284 = CYLINDRICAL_SURFACE('',#6285,3.);
#6285 = AXIS2_PLACEMENT_3D('',#6286,#6287,#6288);
#6286 = CARTESIAN_POINT('',(40.,30.,-36.));
#6287 = DIRECTION('',(-0.66436383883,0.747409318684,0.));
#6288 = DIRECTION('',(0.747409318684,0.66436383883,0.));
#6289 = ADVANCED_FACE('',(#6290),#6293,.F.);
#6290 = FACE_BOUND('',#6291,.T.);
#6291 = EDGE_LOOP('',(#6292));
#6292 = ORIENTED_EDGE('',*,*,#6233,.F.);
#6293 = PLANE('',#6294);
#6294 = AXIS2_PLACEMENT_3D('',#6295,#6296,#6297);
#6295 = CARTESIAN_POINT('',(40.,30.,-36.));
#6296 = DIRECTION('',(-0.66436383883,0.747409318684,0.));
#6297 = DIRECTION('',(0.747409318684,0.66436383883,0.));
#6298 = ADVANCED_FACE('',(#6299),#6310,.T.);
#6299 = FACE_BOUND('',#6300,.T.);
#6300 = EDGE_LOOP('',(#6301,#6302,#6309));
#6301 = ORIENTED_EDGE('',*,*,#6277,.T.);
#6302 = ORIENTED_EDGE('',*,*,#6303,.F.);
#6303 = EDGE_CURVE('',#6251,#6269,#6304,.T.);
#6304 = CIRCLE('',#6305,3.);
#6305 = AXIS2_PLACEMENT_3D('',#6306,#6307,#6308);
#6306 = CARTESIAN_POINT('',(0.,75.,-36.));
#6307 = DIRECTION('',(-0.981819220437,-0.189818382618,0.));
#6308 = DIRECTION('',(0.189818382618,-0.981819220437,0.));
#6309 = ORIENTED_EDGE('',*,*,#6250,.T.);
#6310 = SPHERICAL_SURFACE('',#6311,3.);
#6311 = AXIS2_PLACEMENT_3D('',#6312,#6313,#6314);
#6312 = CARTESIAN_POINT('',(0.,75.,-36.));
#6313 = DIRECTION('',(0.,0.,1.));
#6314 = DIRECTION('',(1.,0.,-0.));
#6315 = ADVANCED_FACE('',(#6316),#6355,.T.);
#6316 = FACE_BOUND('',#6317,.T.);
#6317 = EDGE_LOOP('',(#6318,#6319,#6327,#6336,#6345,#6352,#6353,#6354));
#6318 = ORIENTED_EDGE('',*,*,#6268,.T.);
#6319 = ORIENTED_EDGE('',*,*,#6320,.T.);
#6320 = EDGE_CURVE('',#6260,#6321,#6323,.T.);
#6321 = VERTEX_POINT('',#6322);
#6322 = CARTESIAN_POINT('',(-149.4305448521,43.054542338688,-36.));
#6323 = LINE('',#6324,#6325);
#6324 = CARTESIAN_POINT('',(0.569455147854,72.054542338688,-36.));
#6325 = VECTOR('',#6326,1.);
#6326 = DIRECTION('',(-0.981819220437,-0.189818382618,6.162975822039E-33
    ));
#6327 = ORIENTED_EDGE('',*,*,#6328,.F.);
#6328 = EDGE_CURVE('',#6329,#6321,#6331,.T.);
#6329 = VERTEX_POINT('',#6330);
#6330 = CARTESIAN_POINT('',(-150.,46.,-39.));
#6331 = CIRCLE('',#6332,3.);
#6332 = AXIS2_PLACEMENT_3D('',#6333,#6334,#6335);
#6333 = CARTESIAN_POINT('',(-150.,46.,-36.));
#6334 = DIRECTION('',(-0.981819220437,-0.189818382618,0.));
#6335 = DIRECTION('',(0.189818382618,-0.981819220437,0.));
#6336 = ORIENTED_EDGE('',*,*,#6337,.F.);
#6337 = EDGE_CURVE('',#6338,#6329,#6340,.T.);
#6338 = VERTEX_POINT('',#6339);
#6339 = CARTESIAN_POINT('',(-150.,46.,-33.));
#6340 = CIRCLE('',#6341,3.);
#6341 = AXIS2_PLACEMENT_3D('',#6342,#6343,#6344);
#6342 = CARTESIAN_POINT('',(-150.,46.,-36.));
#6343 = DIRECTION('',(-0.981819220437,-0.189818382618,0.));
#6344 = DIRECTION('',(0.189818382618,-0.981819220437,0.));
#6345 = ORIENTED_EDGE('',*,*,#6346,.F.);
#6346 = EDGE_CURVE('',#6321,#6338,#6347,.T.);
#6347 = CIRCLE('',#6348,3.);
#6348 = AXIS2_PLACEMENT_3D('',#6349,#6350,#6351);
#6349 = CARTESIAN_POINT('',(-150.,46.,-36.));
#6350 = DIRECTION('',(-0.981819220437,-0.189818382618,0.));
#6351 = DIRECTION('',(0.189818382618,-0.981819220437,0.));
#6352 = ORIENTED_EDGE('',*,*,#6320,.F.);
#6353 = ORIENTED_EDGE('',*,*,#6259,.T.);
#6354 = ORIENTED_EDGE('',*,*,#6303,.T.);
#6355 = CYLINDRICAL_SURFACE('',#6356,3.);
#6356 = AXIS2_PLACEMENT_3D('',#6357,#6358,#6359);
#6357 = CARTESIAN_POINT('',(0.,75.,-36.));
#6358 = DIRECTION('',(-0.981819220437,-0.189818382618,0.));
#6359 = DIRECTION('',(0.189818382618,-0.981819220437,0.));
#6360 = ADVANCED_FACE('',(#6361),#6366,.T.);
#6361 = FACE_BOUND('',#6362,.T.);
#6362 = EDGE_LOOP('',(#6363,#6364,#6365));
#6363 = ORIENTED_EDGE('',*,*,#6346,.T.);
#6364 = ORIENTED_EDGE('',*,*,#6337,.T.);
#6365 = ORIENTED_EDGE('',*,*,#6328,.T.);
#6366 = SPHERICAL_SURFACE('',#6367,3.);
#6367 = AXIS2_PLACEMENT_3D('',#6368,#6369,#6370);
#6368 = CARTESIAN_POINT('',(-150.,46.,-36.));
#6369 = DIRECTION('',(0.,0.,1.));
#6370 = DIRECTION('',(1.,0.,-0.));
#6371 = ( GEOMETRIC_REPRESENTATION_CONTEXT(3) 
GLOBAL_UNCERTAINTY_ASSIGNED_CONTEXT((#6375)) 
GLOBAL_UNIT_ASSIGNED_CONTEXT((#6372,#6373,#6374)) REPRESENTATION_CONTEXT
('Context #1','3D Context with UNIT and UNCERTAINTY') );
#6372 = ( LENGTH_UNIT() NAMED_UNIT(*) SI_UNIT(.MILLI.,.METRE.) );
#6373 = ( NAMED_UNIT(*) PLANE_ANGLE_UNIT() SI_UNIT($,.RADIAN.) );
#6374 = ( NAMED_UNIT(*) SI_UNIT($,.STERADIAN.) SOLID_ANGLE_UNIT() );
#6375 = UNCERTAINTY_MEASURE_WITH_UNIT(LENGTH_MEASURE(2.E-07),#6372,
  'distance_accuracy_value','confusion accuracy');
#6376 = CONTEXT_DEPENDENT_SHAPE_REPRESENTATION(#6377,#6379);
#6377 = ( REPRESENTATION_RELATIONSHIP('','',#6226,#10) 
REPRESENTATION_RELATIONSHIP_WITH_TRANSFORMATION(#6378) 
SHAPE_REPRESENTATION_RELATIONSHIP() );
#6378 = ITEM_DEFINED_TRANSFORMATION('','',#11,#135);
#6379 = PRODUCT_DEFINITION_SHAPE('Placement','Placement of an item',
  #6380);
#6380 = NEXT_ASSEMBLY_USAGE_OCCURRENCE('31',
  '13_线缆:同步板-计算单元','',#5,#6221,$);
#6381 = PRODUCT_RELATED_PRODUCT_CATEGORY('part',$,(#6223));
#6382 = SHAPE_DEFINITION_REPRESENTATION(#6383,#6389);
#6383 = PRODUCT_DEFINITION_SHAPE('','',#6384);
#6384 = PRODUCT_DEFINITION('design','',#6385,#6388);
#6385 = PRODUCT_DEFINITION_FORMATION('','',#6386);
#6386 = PRODUCT('13_线缆:计算单元-快拆电连接器',
  '13_线缆:计算单元-快拆电连接器','',(#6387));
#6387 = PRODUCT_CONTEXT('',#2,'mechanical');
#6388 = PRODUCT_DEFINITION_CONTEXT('part definition',#2,'design');
#6389 = ADVANCED_BREP_SHAPE_REPRESENTATION('',(#11,#6390),#6560);
#6390 = MANIFOLD_SOLID_BREP('',#6391);
#6391 = CLOSED_SHELL('',(#6392,#6452,#6461,#6512,#6529,#6540));
#6392 = ADVANCED_FACE('',(#6393),#6447,.T.);
#6393 = FACE_BOUND('',#6394,.T.);
#6394 = EDGE_LOOP('',(#6395,#6404,#6412,#6421,#6430,#6439,#6446));
#6395 = ORIENTED_EDGE('',*,*,#6396,.T.);
#6396 = EDGE_CURVE('',#6397,#6397,#6399,.T.);
#6397 = VERTEX_POINT('',#6398);
#6398 = CARTESIAN_POINT('',(-110.,7.347880794884E-16,-5.));
#6399 = CIRCLE('',#6400,3.);
#6400 = AXIS2_PLACEMENT_3D('',#6401,#6402,#6403);
#6401 = CARTESIAN_POINT('',(-110.,0.,-8.));
#6402 = DIRECTION('',(1.,0.,0.));
#6403 = DIRECTION('',(-0.,0.,1.));
#6404 = ORIENTED_EDGE('',*,*,#6405,.T.);
#6405 = EDGE_CURVE('',#6397,#6406,#6408,.T.);
#6406 = VERTEX_POINT('',#6407);
#6407 = CARTESIAN_POINT('',(-60.29705854077,7.347880794884E-16,-5.));
#6408 = LINE('',#6409,#6410);
#6409 = CARTESIAN_POINT('',(-110.,7.347880794884E-16,-5.));
#6410 = VECTOR('',#6411,1.);
#6411 = DIRECTION('',(1.,0.,0.));
#6412 = ORIENTED_EDGE('',*,*,#6413,.F.);
#6413 = EDGE_CURVE('',#6414,#6406,#6416,.T.);
#6414 = VERTEX_POINT('',#6415);
#6415 = CARTESIAN_POINT('',(-60.,3.,-8.));
#6416 = ELLIPSE('',#6417,3.014671421009,3.);
#6417 = AXIS2_PLACEMENT_3D('',#6418,#6419,#6420);
#6418 = CARTESIAN_POINT('',(-60.,0.,-8.));
#6419 = DIRECTION('',(0.995133326668,0.,9.853761796664E-02));
#6420 = DIRECTION('',(9.853761796664E-02,0.,-0.995133326668));
#6421 = ORIENTED_EDGE('',*,*,#6422,.F.);
#6422 = EDGE_CURVE('',#6423,#6414,#6425,.T.);
#6423 = VERTEX_POINT('',#6424);
#6424 = CARTESIAN_POINT('',(-60.,0.,-11.));
#6425 = CIRCLE('',#6426,3.);
#6426 = AXIS2_PLACEMENT_3D('',#6427,#6428,#6429);
#6427 = CARTESIAN_POINT('',(-60.,0.,-8.));
#6428 = DIRECTION('',(1.,0.,0.));
#6429 = DIRECTION('',(-0.,0.,1.));
#6430 = ORIENTED_EDGE('',*,*,#6431,.F.);
#6431 = EDGE_CURVE('',#6432,#6423,#6434,.T.);
#6432 = VERTEX_POINT('',#6433);
#6433 = CARTESIAN_POINT('',(-60.,-3.,-8.));
#6434 = CIRCLE('',#6435,3.);
#6435 = AXIS2_PLACEMENT_3D('',#6436,#6437,#6438);
#6436 = CARTESIAN_POINT('',(-60.,0.,-8.));
#6437 = DIRECTION('',(1.,0.,0.));
#6438 = DIRECTION('',(-0.,0.,1.));
#6439 = ORIENTED_EDGE('',*,*,#6440,.F.);
#6440 = EDGE_CURVE('',#6406,#6432,#6441,.T.);
#6441 = ELLIPSE('',#6442,3.014671421009,3.);
#6442 = AXIS2_PLACEMENT_3D('',#6443,#6444,#6445);
#6443 = CARTESIAN_POINT('',(-60.,0.,-8.));
#6444 = DIRECTION('',(0.995133326668,0.,9.853761796664E-02));
#6445 = DIRECTION('',(9.853761796664E-02,0.,-0.995133326668));
#6446 = ORIENTED_EDGE('',*,*,#6405,.F.);
#6447 = CYLINDRICAL_SURFACE('',#6448,3.);
#6448 = AXIS2_PLACEMENT_3D('',#6449,#6450,#6451);
#6449 = CARTESIAN_POINT('',(-110.,0.,-8.));
#6450 = DIRECTION('',(1.,0.,0.));
#6451 = DIRECTION('',(-0.,0.,1.));
#6452 = ADVANCED_FACE('',(#6453),#6456,.F.);
#6453 = FACE_BOUND('',#6454,.T.);
#6454 = EDGE_LOOP('',(#6455));
#6455 = ORIENTED_EDGE('',*,*,#6396,.F.);
#6456 = PLANE('',#6457);
#6457 = AXIS2_PLACEMENT_3D('',#6458,#6459,#6460);
#6458 = CARTESIAN_POINT('',(-110.,0.,-8.));
#6459 = DIRECTION('',(1.,0.,0.));
#6460 = DIRECTION('',(-0.,0.,1.));
#6461 = ADVANCED_FACE('',(#6462),#6507,.T.);
#6462 = FACE_BOUND('',#6463,.T.);
#6463 = EDGE_LOOP('',(#6464,#6465,#6473,#6482,#6489,#6490,#6491,#6500));
#6464 = ORIENTED_EDGE('',*,*,#6413,.T.);
#6465 = ORIENTED_EDGE('',*,*,#6466,.T.);
#6466 = EDGE_CURVE('',#6406,#6467,#6469,.T.);
#6467 = VERTEX_POINT('',#6468);
#6468 = CARTESIAN_POINT('',(-20.58834840541,7.347880794884E-16,
    2.941742027073));
#6469 = LINE('',#6470,#6471);
#6470 = CARTESIAN_POINT('',(-60.58834840541,7.347880794884E-16,
    -5.058257972927));
#6471 = VECTOR('',#6472,1.);
#6472 = DIRECTION('',(0.980580675691,-6.162975822039E-33,0.196116135138)
  );
#6473 = ORIENTED_EDGE('',*,*,#6474,.F.);
#6474 = EDGE_CURVE('',#6475,#6467,#6477,.T.);
#6475 = VERTEX_POINT('',#6476);
#6476 = CARTESIAN_POINT('',(-19.41165159458,8.034644266877E-14,
    -2.941742027073));
#6477 = CIRCLE('',#6478,3.);
#6478 = AXIS2_PLACEMENT_3D('',#6479,#6480,#6481);
#6479 = CARTESIAN_POINT('',(-20.,0.,0.));
#6480 = DIRECTION('',(0.980580675691,0.,0.196116135138));
#6481 = DIRECTION('',(-0.196116135138,0.,0.980580675691));
#6482 = ORIENTED_EDGE('',*,*,#6483,.F.);
#6483 = EDGE_CURVE('',#6467,#6475,#6484,.T.);
#6484 = CIRCLE('',#6485,3.);
#6485 = AXIS2_PLACEMENT_3D('',#6486,#6487,#6488);
#6486 = CARTESIAN_POINT('',(-20.,0.,0.));
#6487 = DIRECTION('',(0.980580675691,0.,0.196116135138));
#6488 = DIRECTION('',(-0.196116135138,0.,0.980580675691));
#6489 = ORIENTED_EDGE('',*,*,#6466,.F.);
#6490 = ORIENTED_EDGE('',*,*,#6440,.T.);
#6491 = ORIENTED_EDGE('',*,*,#6492,.T.);
#6492 = EDGE_CURVE('',#6432,#6493,#6495,.T.);
#6493 = VERTEX_POINT('',#6494);
#6494 = CARTESIAN_POINT('',(-59.41165159458,8.034644266877E-14,
    -10.94174202707));
#6495 = CIRCLE('',#6496,3.);
#6496 = AXIS2_PLACEMENT_3D('',#6497,#6498,#6499);
#6497 = CARTESIAN_POINT('',(-60.,0.,-8.));
#6498 = DIRECTION('',(0.980580675691,0.,0.196116135138));
#6499 = DIRECTION('',(-0.196116135138,0.,0.980580675691));
#6500 = ORIENTED_EDGE('',*,*,#6501,.T.);
#6501 = EDGE_CURVE('',#6493,#6414,#6502,.T.);
#6502 = CIRCLE('',#6503,3.);
#6503 = AXIS2_PLACEMENT_3D('',#6504,#6505,#6506);
#6504 = CARTESIAN_POINT('',(-60.,0.,-8.));
#6505 = DIRECTION('',(0.980580675691,0.,0.196116135138));
#6506 = DIRECTION('',(-0.196116135138,0.,0.980580675691));
#6507 = CYLINDRICAL_SURFACE('',#6508,3.);
#6508 = AXIS2_PLACEMENT_3D('',#6509,#6510,#6511);
#6509 = CARTESIAN_POINT('',(-60.,0.,-8.));
#6510 = DIRECTION('',(0.980580675691,0.,0.196116135138));
#6511 = DIRECTION('',(-0.196116135138,0.,0.980580675691));
#6512 = ADVANCED_FACE('',(#6513),#6524,.T.);
#6513 = FACE_BOUND('',#6514,.T.);
#6514 = EDGE_LOOP('',(#6515,#6522,#6523));
#6515 = ORIENTED_EDGE('',*,*,#6516,.T.);
#6516 = EDGE_CURVE('',#6423,#6493,#6517,.T.);
#6517 = CIRCLE('',#6518,3.);
#6518 = AXIS2_PLACEMENT_3D('',#6519,#6520,#6521);
#6519 = CARTESIAN_POINT('',(-60.,0.,-8.));
#6520 = DIRECTION('',(-2.449293598295E-16,-1.,0.));
#6521 = DIRECTION('',(1.,-2.449293598295E-16,0.));
#6522 = ORIENTED_EDGE('',*,*,#6492,.F.);
#6523 = ORIENTED_EDGE('',*,*,#6431,.T.);
#6524 = SPHERICAL_SURFACE('',#6525,3.);
#6525 = AXIS2_PLACEMENT_3D('',#6526,#6527,#6528);
#6526 = CARTESIAN_POINT('',(-60.,0.,-8.));
#6527 = DIRECTION('',(0.,0.,1.));
#6528 = DIRECTION('',(1.,0.,-0.));
#6529 = ADVANCED_FACE('',(#6530),#6535,.T.);
#6530 = FACE_BOUND('',#6531,.T.);
#6531 = EDGE_LOOP('',(#6532,#6533,#6534));
#6532 = ORIENTED_EDGE('',*,*,#6422,.T.);
#6533 = ORIENTED_EDGE('',*,*,#6501,.F.);
#6534 = ORIENTED_EDGE('',*,*,#6516,.F.);
#6535 = SPHERICAL_SURFACE('',#6536,3.);
#6536 = AXIS2_PLACEMENT_3D('',#6537,#6538,#6539);
#6537 = CARTESIAN_POINT('',(-60.,0.,-8.));
#6538 = DIRECTION('',(0.,0.,1.));
#6539 = DIRECTION('',(1.,0.,-0.));
#6540 = ADVANCED_FACE('',(#6541),#6555,.T.);
#6541 = FACE_BOUND('',#6542,.T.);
#6542 = EDGE_LOOP('',(#6543,#6552,#6553,#6554));
#6543 = ORIENTED_EDGE('',*,*,#6544,.T.);
#6544 = EDGE_CURVE('',#6475,#6545,#6547,.T.);
#6545 = VERTEX_POINT('',#6546);
#6546 = CARTESIAN_POINT('',(-20.,0.,3.));
#6547 = CIRCLE('',#6548,3.);
#6548 = AXIS2_PLACEMENT_3D('',#6549,#6550,#6551);
#6549 = CARTESIAN_POINT('',(-20.,0.,0.));
#6550 = DIRECTION('',(-2.449293598295E-16,-1.,0.));
#6551 = DIRECTION('',(1.,-2.449293598295E-16,0.));
#6552 = ORIENTED_EDGE('',*,*,#6544,.F.);
#6553 = ORIENTED_EDGE('',*,*,#6474,.T.);
#6554 = ORIENTED_EDGE('',*,*,#6483,.T.);
#6555 = SPHERICAL_SURFACE('',#6556,3.);
#6556 = AXIS2_PLACEMENT_3D('',#6557,#6558,#6559);
#6557 = CARTESIAN_POINT('',(-20.,0.,0.));
#6558 = DIRECTION('',(0.,0.,1.));
#6559 = DIRECTION('',(1.,0.,-0.));
#6560 = ( GEOMETRIC_REPRESENTATION_CONTEXT(3) 
GLOBAL_UNCERTAINTY_ASSIGNED_CONTEXT((#6564)) 
GLOBAL_UNIT_ASSIGNED_CONTEXT((#6561,#6562,#6563)) REPRESENTATION_CONTEXT
('Context #1','3D Context with UNIT and UNCERTAINTY') );
#6561 = ( LENGTH_UNIT() NAMED_UNIT(*) SI_UNIT(.MILLI.,.METRE.) );
#6562 = ( NAMED_UNIT(*) PLANE_ANGLE_UNIT() SI_UNIT($,.RADIAN.) );
#6563 = ( NAMED_UNIT(*) SI_UNIT($,.STERADIAN.) SOLID_ANGLE_UNIT() );
#6564 = UNCERTAINTY_MEASURE_WITH_UNIT(LENGTH_MEASURE(1.E-07),#6561,
  'distance_accuracy_value','confusion accuracy');
#6565 = CONTEXT_DEPENDENT_SHAPE_REPRESENTATION(#6566,#6568);
#6566 = ( REPRESENTATION_RELATIONSHIP('','',#6389,#10) 
REPRESENTATION_RELATIONSHIP_WITH_TRANSFORMATION(#6567) 
SHAPE_REPRESENTATION_RELATIONSHIP() );
#6567 = ITEM_DEFINED_TRANSFORMATION('','',#11,#139);
#6568 = PRODUCT_DEFINITION_SHAPE('Placement','Placement of an item',
  #6569);
#6569 = NEXT_ASSEMBLY_USAGE_OCCURRENCE('32',
  '13_线缆:计算单元-快拆电连接器','',#5,#6384,$);
#6570 = PRODUCT_RELATED_PRODUCT_CATEGORY('part',$,(#6386));
ENDSEC;
END-ISO-10303-21;
