ISO-10303-21;
HEADER;
FILE_DESCRIPTION(('FreeCAD Model'),'2;1');
FILE_NAME('Open CASCADE Shape Model','2026-10-01T11:05:39',('FreeCAD'),(
    'FreeCAD'),'Open CASCADE STEP processor 7.8','FreeCAD','Unknown');
FILE_SCHEMA(('AUTOMOTIVE_DESIGN { 1 0 10303 214 1 1 1 1 }'));
ENDSEC;
DATA;
#1 = APPLICATION_PROTOCOL_DEFINITION('international standard',
  'automotive_design',2000,#2);
#2 = APPLICATION_CONTEXT(
  'core data for automotive mechanical design processes');
#3 = SHAPE_DEFINITION_REPRESENTATION(#4,#10);
#4 = PRODUCT_DEFINITION_SHAPE('','',#5);
#5 = PRODUCT_DEFINITION('design','',#6,#9);
#6 = PRODUCT_DEFINITION_FORMATION('','',#7);
#7 = PRODUCT('Open CASCADE STEP translator 7.8 1',
  'Open CASCADE STEP translator 7.8 1','',(#8));
#8 = PRODUCT_CONTEXT('',#2,'mechanical');
#9 = PRODUCT_DEFINITION_CONTEXT('part definition',#2,'design');
#10 = SHAPE_REPRESENTATION('',(#11,#15,#1156,#1306,#1456,#1509,#1764,
    #1980,#2366,#2419,#2674,#2890,#3106,#3322,#3863,#4013,#4299,#4449,
    #4502,#4652,#4802,#4952,#5102,#5252,#5402,#5465,#5615,#5668),#5721);
#11 = AXIS2_PLACEMENT_3D('',#12,#13,#14);
#12 = CARTESIAN_POINT('',(0.,0.,0.));
#13 = DIRECTION('',(0.,0.,1.));
#14 = DIRECTION('',(1.,0.,-0.));
#15 = MANIFOLD_SOLID_BREP('',#16);
#16 = CLOSED_SHELL('',(#17,#68,#110,#142,#267,#294,#336,#443,#515,#573,
    #597,#632,#649,#666,#683,#734,#744,#772,#828,#839,#863,#914,#938,
    #973,#990,#1008,#1025,#1042,#1059,#1076,#1089,#1101,#1118,#1127,
    #1139));
#17 = ADVANCED_FACE('',(#18),#63,.F.);
#18 = FACE_BOUND('',#19,.F.);
#19 = EDGE_LOOP('',(#20,#31,#39,#46,#47,#56));
#20 = ORIENTED_EDGE('',*,*,#21,.F.);
#21 = EDGE_CURVE('',#22,#24,#26,.T.);
#22 = VERTEX_POINT('',#23);
#23 = CARTESIAN_POINT('',(-4.,-4.,66.5));
#24 = VERTEX_POINT('',#25);
#25 = CARTESIAN_POINT('',(0.5,-8.5,62.));
#26 = ELLIPSE('',#27,6.363961030679,4.5);
#27 = AXIS2_PLACEMENT_3D('',#28,#29,#30);
#28 = CARTESIAN_POINT('',(-4.,-4.,62.));
#29 = DIRECTION('',(0.707106781187,0.707106781187,0.));
#30 = DIRECTION('',(0.707106781187,-0.707106781187,0.));
#31 = ORIENTED_EDGE('',*,*,#32,.F.);
#32 = EDGE_CURVE('',#33,#22,#35,.T.);
#33 = VERTEX_POINT('',#34);
#34 = CARTESIAN_POINT('',(-4.,-18.,66.5));
#35 = LINE('',#36,#37);
#36 = CARTESIAN_POINT('',(-4.,-18.,66.5));
#37 = VECTOR('',#38,1.);
#38 = DIRECTION('',(0.,1.,0.));
#39 = ORIENTED_EDGE('',*,*,#40,.T.);
#40 = EDGE_CURVE('',#33,#33,#41,.T.);
#41 = CIRCLE('',#42,4.5);
#42 = AXIS2_PLACEMENT_3D('',#43,#44,#45);
#43 = CARTESIAN_POINT('',(-4.,-18.,62.));
#44 = DIRECTION('',(0.,1.,0.));
#45 = DIRECTION('',(0.,0.,1.));
#46 = ORIENTED_EDGE('',*,*,#32,.T.);
#47 = ORIENTED_EDGE('',*,*,#48,.T.);
#48 = EDGE_CURVE('',#22,#49,#51,.T.);
#49 = VERTEX_POINT('',#50);
#50 = CARTESIAN_POINT('',(-4.,-4.,57.5));
#51 = ELLIPSE('',#52,6.363961030679,4.5);
#52 = AXIS2_PLACEMENT_3D('',#53,#54,#55);
#53 = CARTESIAN_POINT('',(-4.,-4.,62.));
#54 = DIRECTION('',(0.707106781187,-0.707106781187,0.));
#55 = DIRECTION('',(0.707106781187,0.707106781187,0.));
#56 = ORIENTED_EDGE('',*,*,#57,.F.);
#57 = EDGE_CURVE('',#24,#49,#58,.T.);
#58 = ELLIPSE('',#59,6.363961030679,4.5);
#59 = AXIS2_PLACEMENT_3D('',#60,#61,#62);
#60 = CARTESIAN_POINT('',(-4.,-4.,62.));
#61 = DIRECTION('',(0.707106781187,0.707106781187,0.));
#62 = DIRECTION('',(0.707106781187,-0.707106781187,0.));
#63 = CYLINDRICAL_SURFACE('',#64,4.5);
#64 = AXIS2_PLACEMENT_3D('',#65,#66,#67);
#65 = CARTESIAN_POINT('',(-4.,-18.,62.));
#66 = DIRECTION('',(0.,1.,0.));
#67 = DIRECTION('',(0.,0.,1.));
#68 = ADVANCED_FACE('',(#69),#105,.F.);
#69 = FACE_BOUND('',#70,.F.);
#70 = EDGE_LOOP('',(#71,#79,#86,#87,#88,#89,#98));
#71 = ORIENTED_EDGE('',*,*,#72,.T.);
#72 = EDGE_CURVE('',#22,#73,#75,.T.);
#73 = VERTEX_POINT('',#74);
#74 = CARTESIAN_POINT('',(10.,-4.,66.5));
#75 = LINE('',#76,#77);
#76 = CARTESIAN_POINT('',(-18.,-4.,66.5));
#77 = VECTOR('',#78,1.);
#78 = DIRECTION('',(1.,0.,0.));
#79 = ORIENTED_EDGE('',*,*,#80,.F.);
#80 = EDGE_CURVE('',#73,#73,#81,.T.);
#81 = CIRCLE('',#82,4.5);
#82 = AXIS2_PLACEMENT_3D('',#83,#84,#85);
#83 = CARTESIAN_POINT('',(10.,-4.,62.));
#84 = DIRECTION('',(1.,0.,-0.));
#85 = DIRECTION('',(0.,0.,1.));
#86 = ORIENTED_EDGE('',*,*,#72,.F.);
#87 = ORIENTED_EDGE('',*,*,#21,.T.);
#88 = ORIENTED_EDGE('',*,*,#57,.T.);
#89 = ORIENTED_EDGE('',*,*,#90,.T.);
#90 = EDGE_CURVE('',#49,#91,#93,.T.);
#91 = VERTEX_POINT('',#92);
#92 = CARTESIAN_POINT('',(0.5,0.5,62.));
#93 = ELLIPSE('',#94,6.363961030679,4.5);
#94 = AXIS2_PLACEMENT_3D('',#95,#96,#97);
#95 = CARTESIAN_POINT('',(-4.,-4.,62.));
#96 = DIRECTION('',(0.707106781187,-0.707106781187,0.));
#97 = DIRECTION('',(0.707106781187,0.707106781187,0.));
#98 = ORIENTED_EDGE('',*,*,#99,.T.);
#99 = EDGE_CURVE('',#91,#22,#100,.T.);
#100 = ELLIPSE('',#101,6.363961030679,4.5);
#101 = AXIS2_PLACEMENT_3D('',#102,#103,#104);
#102 = CARTESIAN_POINT('',(-4.,-4.,62.));
#103 = DIRECTION('',(0.707106781187,-0.707106781187,0.));
#104 = DIRECTION('',(0.707106781187,0.707106781187,0.));
#105 = CYLINDRICAL_SURFACE('',#106,4.5);
#106 = AXIS2_PLACEMENT_3D('',#107,#108,#109);
#107 = CARTESIAN_POINT('',(-18.,-4.,62.));
#108 = DIRECTION('',(1.,0.,0.));
#109 = DIRECTION('',(0.,0.,1.));
#110 = ADVANCED_FACE('',(#111),#137,.F.);
#111 = FACE_BOUND('',#112,.F.);
#112 = EDGE_LOOP('',(#113,#114,#122,#129,#130));
#113 = ORIENTED_EDGE('',*,*,#48,.F.);
#114 = ORIENTED_EDGE('',*,*,#115,.F.);
#115 = EDGE_CURVE('',#116,#22,#118,.T.);
#116 = VERTEX_POINT('',#117);
#117 = CARTESIAN_POINT('',(-18.,-4.,66.5));
#118 = LINE('',#119,#120);
#119 = CARTESIAN_POINT('',(-18.,-4.,66.5));
#120 = VECTOR('',#121,1.);
#121 = DIRECTION('',(1.,0.,0.));
#122 = ORIENTED_EDGE('',*,*,#123,.T.);
#123 = EDGE_CURVE('',#116,#116,#124,.T.);
#124 = CIRCLE('',#125,4.5);
#125 = AXIS2_PLACEMENT_3D('',#126,#127,#128);
#126 = CARTESIAN_POINT('',(-18.,-4.,62.));
#127 = DIRECTION('',(1.,0.,-0.));
#128 = DIRECTION('',(0.,0.,1.));
#129 = ORIENTED_EDGE('',*,*,#115,.T.);
#130 = ORIENTED_EDGE('',*,*,#131,.F.);
#131 = EDGE_CURVE('',#49,#22,#132,.T.);
#132 = ELLIPSE('',#133,6.363961030679,4.5);
#133 = AXIS2_PLACEMENT_3D('',#134,#135,#136);
#134 = CARTESIAN_POINT('',(-4.,-4.,62.));
#135 = DIRECTION('',(0.707106781187,0.707106781187,0.));
#136 = DIRECTION('',(0.707106781187,-0.707106781187,0.));
#137 = CYLINDRICAL_SURFACE('',#138,4.5);
#138 = AXIS2_PLACEMENT_3D('',#139,#140,#141);
#139 = CARTESIAN_POINT('',(-18.,-4.,62.));
#140 = DIRECTION('',(1.,0.,0.));
#141 = DIRECTION('',(0.,0.,1.));
#142 = ADVANCED_FACE('',(#143,#259),#262,.T.);
#143 = FACE_BOUND('',#144,.T.);
#144 = EDGE_LOOP('',(#145,#155,#163,#171,#179,#187,#195,#203,#211,#219,
    #227,#236,#244,#253));
#145 = ORIENTED_EDGE('',*,*,#146,.F.);
#146 = EDGE_CURVE('',#147,#149,#151,.T.);
#147 = VERTEX_POINT('',#148);
#148 = CARTESIAN_POINT('',(78.,-18.,-55.));
#149 = VERTEX_POINT('',#150);
#150 = CARTESIAN_POINT('',(-18.,-18.,-55.));
#151 = LINE('',#152,#153);
#152 = CARTESIAN_POINT('',(78.,-18.,-55.));
#153 = VECTOR('',#154,1.);
#154 = DIRECTION('',(-1.,0.,0.));
#155 = ORIENTED_EDGE('',*,*,#156,.T.);
#156 = EDGE_CURVE('',#147,#157,#159,.T.);
#157 = VERTEX_POINT('',#158);
#158 = CARTESIAN_POINT('',(78.,-18.,-12.));
#159 = LINE('',#160,#161);
#160 = CARTESIAN_POINT('',(78.,-18.,-55.));
#161 = VECTOR('',#162,1.);
#162 = DIRECTION('',(0.,0.,1.));
#163 = ORIENTED_EDGE('',*,*,#164,.F.);
#164 = EDGE_CURVE('',#165,#157,#167,.T.);
#165 = VERTEX_POINT('',#166);
#166 = CARTESIAN_POINT('',(62.,-18.,-12.));
#167 = LINE('',#168,#169);
#168 = CARTESIAN_POINT('',(62.,-18.,-12.));
#169 = VECTOR('',#170,1.);
#170 = DIRECTION('',(1.,0.,0.));
#171 = ORIENTED_EDGE('',*,*,#172,.T.);
#172 = EDGE_CURVE('',#165,#173,#175,.T.);
#173 = VERTEX_POINT('',#174);
#174 = CARTESIAN_POINT('',(62.,-18.,12.));
#175 = LINE('',#176,#177);
#176 = CARTESIAN_POINT('',(62.,-18.,-12.));
#177 = VECTOR('',#178,1.);
#178 = DIRECTION('',(0.,0.,1.));
#179 = ORIENTED_EDGE('',*,*,#180,.T.);
#180 = EDGE_CURVE('',#173,#181,#183,.T.);
#181 = VERTEX_POINT('',#182);
#182 = CARTESIAN_POINT('',(78.,-18.,12.));
#183 = LINE('',#184,#185);
#184 = CARTESIAN_POINT('',(62.,-18.,12.));
#185 = VECTOR('',#186,1.);
#186 = DIRECTION('',(1.,0.,0.));
#187 = ORIENTED_EDGE('',*,*,#188,.T.);
#188 = EDGE_CURVE('',#181,#189,#191,.T.);
#189 = VERTEX_POINT('',#190);
#190 = CARTESIAN_POINT('',(78.,-18.,55.));
#191 = LINE('',#192,#193);
#192 = CARTESIAN_POINT('',(78.,-18.,-55.));
#193 = VECTOR('',#194,1.);
#194 = DIRECTION('',(0.,0.,1.));
#195 = ORIENTED_EDGE('',*,*,#196,.T.);
#196 = EDGE_CURVE('',#189,#197,#199,.T.);
#197 = VERTEX_POINT('',#198);
#198 = CARTESIAN_POINT('',(10.,-18.,55.));
#199 = LINE('',#200,#201);
#200 = CARTESIAN_POINT('',(78.,-18.,55.));
#201 = VECTOR('',#202,1.);
#202 = DIRECTION('',(-1.,0.,0.));
#203 = ORIENTED_EDGE('',*,*,#204,.T.);
#204 = EDGE_CURVE('',#197,#205,#207,.T.);
#205 = VERTEX_POINT('',#206);
#206 = CARTESIAN_POINT('',(10.,-18.,69.));
#207 = LINE('',#208,#209);
#208 = CARTESIAN_POINT('',(10.,-18.,55.));
#209 = VECTOR('',#210,1.);
#210 = DIRECTION('',(0.,0.,1.));
#211 = ORIENTED_EDGE('',*,*,#212,.F.);
#212 = EDGE_CURVE('',#213,#205,#215,.T.);
#213 = VERTEX_POINT('',#214);
#214 = CARTESIAN_POINT('',(-18.,-18.,69.));
#215 = LINE('',#216,#217);
#216 = CARTESIAN_POINT('',(-18.,-18.,69.));
#217 = VECTOR('',#218,1.);
#218 = DIRECTION('',(1.,0.,0.));
#219 = ORIENTED_EDGE('',*,*,#220,.F.);
#220 = EDGE_CURVE('',#221,#213,#223,.T.);
#221 = VERTEX_POINT('',#222);
#222 = CARTESIAN_POINT('',(-18.,-18.,20.));
#223 = LINE('',#224,#225);
#224 = CARTESIAN_POINT('',(-18.,-18.,55.));
#225 = VECTOR('',#226,1.);
#226 = DIRECTION('',(0.,0.,1.));
#227 = ORIENTED_EDGE('',*,*,#228,.F.);
#228 = EDGE_CURVE('',#229,#221,#231,.T.);
#229 = VERTEX_POINT('',#230);
#230 = CARTESIAN_POINT('',(-2.,-18.,16.492422502471));
#231 = ELLIPSE('',#232,28.284271247462,20.);
#232 = AXIS2_PLACEMENT_3D('',#233,#234,#235);
#233 = CARTESIAN_POINT('',(-18.,-18.,0.));
#234 = DIRECTION('',(0.,-1.,0.));
#235 = DIRECTION('',(-1.,0.,0.));
#236 = ORIENTED_EDGE('',*,*,#237,.T.);
#237 = EDGE_CURVE('',#229,#238,#240,.T.);
#238 = VERTEX_POINT('',#239);
#239 = CARTESIAN_POINT('',(-2.,-18.,-16.49242250247));
#240 = LINE('',#241,#242);
#241 = CARTESIAN_POINT('',(-2.,-18.,-27.5));
#242 = VECTOR('',#243,1.);
#243 = DIRECTION('',(0.,0.,-1.));
#244 = ORIENTED_EDGE('',*,*,#245,.F.);
#245 = EDGE_CURVE('',#246,#238,#248,.T.);
#246 = VERTEX_POINT('',#247);
#247 = CARTESIAN_POINT('',(-18.,-18.,-20.));
#248 = ELLIPSE('',#249,28.284271247462,20.);
#249 = AXIS2_PLACEMENT_3D('',#250,#251,#252);
#250 = CARTESIAN_POINT('',(-18.,-18.,0.));
#251 = DIRECTION('',(0.,-1.,0.));
#252 = DIRECTION('',(-1.,0.,0.));
#253 = ORIENTED_EDGE('',*,*,#254,.F.);
#254 = EDGE_CURVE('',#149,#246,#255,.T.);
#255 = LINE('',#256,#257);
#256 = CARTESIAN_POINT('',(-18.,-18.,-55.));
#257 = VECTOR('',#258,1.);
#258 = DIRECTION('',(0.,0.,1.));
#259 = FACE_BOUND('',#260,.T.);
#260 = EDGE_LOOP('',(#261));
#261 = ORIENTED_EDGE('',*,*,#40,.T.);
#262 = PLANE('',#263);
#263 = AXIS2_PLACEMENT_3D('',#264,#265,#266);
#264 = CARTESIAN_POINT('',(28.980387322958,-18.,4.273191765515));
#265 = DIRECTION('',(-0.,-1.,-0.));
#266 = DIRECTION('',(0.,0.,-1.));
#267 = ADVANCED_FACE('',(#268),#289,.F.);
#268 = FACE_BOUND('',#269,.F.);
#269 = EDGE_LOOP('',(#270,#279,#285,#286,#287,#288));
#270 = ORIENTED_EDGE('',*,*,#271,.F.);
#271 = EDGE_CURVE('',#272,#272,#274,.T.);
#272 = VERTEX_POINT('',#273);
#273 = CARTESIAN_POINT('',(-4.,10.,66.5));
#274 = CIRCLE('',#275,4.5);
#275 = AXIS2_PLACEMENT_3D('',#276,#277,#278);
#276 = CARTESIAN_POINT('',(-4.,10.,62.));
#277 = DIRECTION('',(0.,1.,0.));
#278 = DIRECTION('',(0.,0.,1.));
#279 = ORIENTED_EDGE('',*,*,#280,.F.);
#280 = EDGE_CURVE('',#22,#272,#281,.T.);
#281 = LINE('',#282,#283);
#282 = CARTESIAN_POINT('',(-4.,-18.,66.5));
#283 = VECTOR('',#284,1.);
#284 = DIRECTION('',(0.,1.,0.));
#285 = ORIENTED_EDGE('',*,*,#99,.F.);
#286 = ORIENTED_EDGE('',*,*,#90,.F.);
#287 = ORIENTED_EDGE('',*,*,#131,.T.);
#288 = ORIENTED_EDGE('',*,*,#280,.T.);
#289 = CYLINDRICAL_SURFACE('',#290,4.5);
#290 = AXIS2_PLACEMENT_3D('',#291,#292,#293);
#291 = CARTESIAN_POINT('',(-4.,-18.,62.));
#292 = DIRECTION('',(0.,1.,0.));
#293 = DIRECTION('',(0.,0.,1.));
#294 = ADVANCED_FACE('',(#295,#328),#331,.T.);
#295 = FACE_BOUND('',#296,.T.);
#296 = EDGE_LOOP('',(#297,#298,#306,#314,#322));
#297 = ORIENTED_EDGE('',*,*,#204,.F.);
#298 = ORIENTED_EDGE('',*,*,#299,.T.);
#299 = EDGE_CURVE('',#197,#300,#302,.T.);
#300 = VERTEX_POINT('',#301);
#301 = CARTESIAN_POINT('',(10.,-2.,55.));
#302 = LINE('',#303,#304);
#303 = CARTESIAN_POINT('',(10.,-18.,55.));
#304 = VECTOR('',#305,1.);
#305 = DIRECTION('',(0.,1.,0.));
#306 = ORIENTED_EDGE('',*,*,#307,.T.);
#307 = EDGE_CURVE('',#300,#308,#310,.T.);
#308 = VERTEX_POINT('',#309);
#309 = CARTESIAN_POINT('',(10.,10.,55.));
#310 = LINE('',#311,#312);
#311 = CARTESIAN_POINT('',(10.,-18.,55.));
#312 = VECTOR('',#313,1.);
#313 = DIRECTION('',(0.,1.,0.));
#314 = ORIENTED_EDGE('',*,*,#315,.T.);
#315 = EDGE_CURVE('',#308,#316,#318,.T.);
#316 = VERTEX_POINT('',#317);
#317 = CARTESIAN_POINT('',(10.,10.,69.));
#318 = LINE('',#319,#320);
#319 = CARTESIAN_POINT('',(10.,10.,55.));
#320 = VECTOR('',#321,1.);
#321 = DIRECTION('',(0.,0.,1.));
#322 = ORIENTED_EDGE('',*,*,#323,.F.);
#323 = EDGE_CURVE('',#205,#316,#324,.T.);
#324 = LINE('',#325,#326);
#325 = CARTESIAN_POINT('',(10.,-18.,69.));
#326 = VECTOR('',#327,1.);
#327 = DIRECTION('',(0.,1.,0.));
#328 = FACE_BOUND('',#329,.T.);
#329 = EDGE_LOOP('',(#330));
#330 = ORIENTED_EDGE('',*,*,#80,.F.);
#331 = PLANE('',#332);
#332 = AXIS2_PLACEMENT_3D('',#333,#334,#335);
#333 = CARTESIAN_POINT('',(10.,-18.,55.));
#334 = DIRECTION('',(1.,0.,0.));
#335 = DIRECTION('',(0.,0.,1.));
#336 = ADVANCED_FACE('',(#337,#435),#438,.T.);
#337 = FACE_BOUND('',#338,.T.);
#338 = EDGE_LOOP('',(#339,#347,#348,#357,#365,#372,#373,#381,#389,#397,
    #405,#413,#421,#429));
#339 = ORIENTED_EDGE('',*,*,#340,.F.);
#340 = EDGE_CURVE('',#149,#341,#343,.T.);
#341 = VERTEX_POINT('',#342);
#342 = CARTESIAN_POINT('',(-18.,78.,-55.));
#343 = LINE('',#344,#345);
#344 = CARTESIAN_POINT('',(-18.,-18.,-55.));
#345 = VECTOR('',#346,1.);
#346 = DIRECTION('',(0.,1.,0.));
#347 = ORIENTED_EDGE('',*,*,#254,.T.);
#348 = ORIENTED_EDGE('',*,*,#349,.F.);
#349 = EDGE_CURVE('',#350,#246,#352,.T.);
#350 = VERTEX_POINT('',#351);
#351 = CARTESIAN_POINT('',(-18.,-2.,-16.49242250247));
#352 = ELLIPSE('',#353,28.284271247462,20.);
#353 = AXIS2_PLACEMENT_3D('',#354,#355,#356);
#354 = CARTESIAN_POINT('',(-18.,-18.,0.));
#355 = DIRECTION('',(-1.,0.,0.));
#356 = DIRECTION('',(0.,-1.,0.));
#357 = ORIENTED_EDGE('',*,*,#358,.T.);
#358 = EDGE_CURVE('',#350,#359,#361,.T.);
#359 = VERTEX_POINT('',#360);
#360 = CARTESIAN_POINT('',(-18.,-2.,16.492422502471));
#361 = LINE('',#362,#363);
#362 = CARTESIAN_POINT('',(-18.,-2.,-27.5));
#363 = VECTOR('',#364,1.);
#364 = DIRECTION('',(0.,0.,1.));
#365 = ORIENTED_EDGE('',*,*,#366,.F.);
#366 = EDGE_CURVE('',#221,#359,#367,.T.);
#367 = ELLIPSE('',#368,28.284271247462,20.);
#368 = AXIS2_PLACEMENT_3D('',#369,#370,#371);
#369 = CARTESIAN_POINT('',(-18.,-18.,0.));
#370 = DIRECTION('',(-1.,0.,0.));
#371 = DIRECTION('',(0.,-1.,0.));
#372 = ORIENTED_EDGE('',*,*,#220,.T.);
#373 = ORIENTED_EDGE('',*,*,#374,.T.);
#374 = EDGE_CURVE('',#213,#375,#377,.T.);
#375 = VERTEX_POINT('',#376);
#376 = CARTESIAN_POINT('',(-18.,10.,69.));
#377 = LINE('',#378,#379);
#378 = CARTESIAN_POINT('',(-18.,-18.,69.));
#379 = VECTOR('',#380,1.);
#380 = DIRECTION('',(0.,1.,0.));
#381 = ORIENTED_EDGE('',*,*,#382,.F.);
#382 = EDGE_CURVE('',#383,#375,#385,.T.);
#383 = VERTEX_POINT('',#384);
#384 = CARTESIAN_POINT('',(-18.,10.,55.));
#385 = LINE('',#386,#387);
#386 = CARTESIAN_POINT('',(-18.,10.,55.));
#387 = VECTOR('',#388,1.);
#388 = DIRECTION('',(0.,0.,1.));
#389 = ORIENTED_EDGE('',*,*,#390,.T.);
#390 = EDGE_CURVE('',#383,#391,#393,.T.);
#391 = VERTEX_POINT('',#392);
#392 = CARTESIAN_POINT('',(-18.,78.,55.));
#393 = LINE('',#394,#395);
#394 = CARTESIAN_POINT('',(-18.,-18.,55.));
#395 = VECTOR('',#396,1.);
#396 = DIRECTION('',(0.,1.,0.));
#397 = ORIENTED_EDGE('',*,*,#398,.F.);
#398 = EDGE_CURVE('',#399,#391,#401,.T.);
#399 = VERTEX_POINT('',#400);
#400 = CARTESIAN_POINT('',(-18.,78.,12.));
#401 = LINE('',#402,#403);
#402 = CARTESIAN_POINT('',(-18.,78.,-55.));
#403 = VECTOR('',#404,1.);
#404 = DIRECTION('',(0.,0.,1.));
#405 = ORIENTED_EDGE('',*,*,#406,.F.);
#406 = EDGE_CURVE('',#407,#399,#409,.T.);
#407 = VERTEX_POINT('',#408);
#408 = CARTESIAN_POINT('',(-18.,62.,12.));
#409 = LINE('',#410,#411);
#410 = CARTESIAN_POINT('',(-18.,62.,12.));
#411 = VECTOR('',#412,1.);
#412 = DIRECTION('',(0.,1.,0.));
#413 = ORIENTED_EDGE('',*,*,#414,.F.);
#414 = EDGE_CURVE('',#415,#407,#417,.T.);
#415 = VERTEX_POINT('',#416);
#416 = CARTESIAN_POINT('',(-18.,62.,-12.));
#417 = LINE('',#418,#419);
#418 = CARTESIAN_POINT('',(-18.,62.,-12.));
#419 = VECTOR('',#420,1.);
#420 = DIRECTION('',(0.,0.,1.));
#421 = ORIENTED_EDGE('',*,*,#422,.T.);
#422 = EDGE_CURVE('',#415,#423,#425,.T.);
#423 = VERTEX_POINT('',#424);
#424 = CARTESIAN_POINT('',(-18.,78.,-12.));
#425 = LINE('',#426,#427);
#426 = CARTESIAN_POINT('',(-18.,62.,-12.));
#427 = VECTOR('',#428,1.);
#428 = DIRECTION('',(0.,1.,0.));
#429 = ORIENTED_EDGE('',*,*,#430,.F.);
#430 = EDGE_CURVE('',#341,#423,#431,.T.);
#431 = LINE('',#432,#433);
#432 = CARTESIAN_POINT('',(-18.,78.,-55.));
#433 = VECTOR('',#434,1.);
#434 = DIRECTION('',(0.,0.,1.));
#435 = FACE_BOUND('',#436,.T.);
#436 = EDGE_LOOP('',(#437));
#437 = ORIENTED_EDGE('',*,*,#123,.T.);
#438 = PLANE('',#439);
#439 = AXIS2_PLACEMENT_3D('',#440,#441,#442);
#440 = CARTESIAN_POINT('',(-18.,28.980387322958,4.273191765515));
#441 = DIRECTION('',(-1.,-0.,-0.));
#442 = DIRECTION('',(0.,0.,-1.));
#443 = ADVANCED_FACE('',(#444),#510,.T.);
#444 = FACE_BOUND('',#445,.T.);
#445 = EDGE_LOOP('',(#446,#454,#455,#456,#464,#472,#480,#488,#496,#504)
  );
#446 = ORIENTED_EDGE('',*,*,#447,.T.);
#447 = EDGE_CURVE('',#448,#147,#450,.T.);
#448 = VERTEX_POINT('',#449);
#449 = CARTESIAN_POINT('',(78.,-2.,-55.));
#450 = LINE('',#451,#452);
#451 = CARTESIAN_POINT('',(78.,-2.,-55.));
#452 = VECTOR('',#453,1.);
#453 = DIRECTION('',(0.,-1.,0.));
#454 = ORIENTED_EDGE('',*,*,#146,.T.);
#455 = ORIENTED_EDGE('',*,*,#340,.T.);
#456 = ORIENTED_EDGE('',*,*,#457,.T.);
#457 = EDGE_CURVE('',#341,#458,#460,.T.);
#458 = VERTEX_POINT('',#459);
#459 = CARTESIAN_POINT('',(-2.,78.,-55.));
#460 = LINE('',#461,#462);
#461 = CARTESIAN_POINT('',(-18.,78.,-55.));
#462 = VECTOR('',#463,1.);
#463 = DIRECTION('',(1.,0.,0.));
#464 = ORIENTED_EDGE('',*,*,#465,.T.);
#465 = EDGE_CURVE('',#458,#466,#468,.T.);
#466 = VERTEX_POINT('',#467);
#467 = CARTESIAN_POINT('',(-2.,6.,-55.));
#468 = LINE('',#469,#470);
#469 = CARTESIAN_POINT('',(-2.,78.,-55.));
#470 = VECTOR('',#471,1.);
#471 = DIRECTION('',(0.,-1.,0.));
#472 = ORIENTED_EDGE('',*,*,#473,.T.);
#473 = EDGE_CURVE('',#466,#474,#476,.T.);
#474 = VERTEX_POINT('',#475);
#475 = CARTESIAN_POINT('',(-6.,6.,-55.));
#476 = LINE('',#477,#478);
#477 = CARTESIAN_POINT('',(-2.,6.,-55.));
#478 = VECTOR('',#479,1.);
#479 = DIRECTION('',(-1.,0.,0.));
#480 = ORIENTED_EDGE('',*,*,#481,.T.);
#481 = EDGE_CURVE('',#474,#482,#484,.T.);
#482 = VERTEX_POINT('',#483);
#483 = CARTESIAN_POINT('',(-6.,-6.,-55.));
#484 = LINE('',#485,#486);
#485 = CARTESIAN_POINT('',(-6.,6.,-55.));
#486 = VECTOR('',#487,1.);
#487 = DIRECTION('',(0.,-1.,0.));
#488 = ORIENTED_EDGE('',*,*,#489,.T.);
#489 = EDGE_CURVE('',#482,#490,#492,.T.);
#490 = VERTEX_POINT('',#491);
#491 = CARTESIAN_POINT('',(6.,-6.,-55.));
#492 = LINE('',#493,#494);
#493 = CARTESIAN_POINT('',(-6.,-6.,-55.));
#494 = VECTOR('',#495,1.);
#495 = DIRECTION('',(1.,0.,0.));
#496 = ORIENTED_EDGE('',*,*,#497,.T.);
#497 = EDGE_CURVE('',#490,#498,#500,.T.);
#498 = VERTEX_POINT('',#499);
#499 = CARTESIAN_POINT('',(6.,-2.,-55.));
#500 = LINE('',#501,#502);
#501 = CARTESIAN_POINT('',(6.,-6.,-55.));
#502 = VECTOR('',#503,1.);
#503 = DIRECTION('',(0.,1.,0.));
#504 = ORIENTED_EDGE('',*,*,#505,.T.);
#505 = EDGE_CURVE('',#498,#448,#506,.T.);
#506 = LINE('',#507,#508);
#507 = CARTESIAN_POINT('',(6.,-2.,-55.));
#508 = VECTOR('',#509,1.);
#509 = DIRECTION('',(1.,0.,0.));
#510 = PLANE('',#511);
#511 = AXIS2_PLACEMENT_3D('',#512,#513,#514);
#512 = CARTESIAN_POINT('',(12.64,12.64,-55.));
#513 = DIRECTION('',(-0.,-0.,-1.));
#514 = DIRECTION('',(-1.,0.,0.));
#515 = ADVANCED_FACE('',(#516,#557),#568,.T.);
#516 = FACE_BOUND('',#517,.T.);
#517 = EDGE_LOOP('',(#518,#526,#532,#533,#541,#549,#555,#556));
#518 = ORIENTED_EDGE('',*,*,#519,.T.);
#519 = EDGE_CURVE('',#448,#520,#522,.T.);
#520 = VERTEX_POINT('',#521);
#521 = CARTESIAN_POINT('',(78.,-2.,55.));
#522 = LINE('',#523,#524);
#523 = CARTESIAN_POINT('',(78.,-2.,-55.));
#524 = VECTOR('',#525,1.);
#525 = DIRECTION('',(0.,0.,1.));
#526 = ORIENTED_EDGE('',*,*,#527,.T.);
#527 = EDGE_CURVE('',#520,#189,#528,.T.);
#528 = LINE('',#529,#530);
#529 = CARTESIAN_POINT('',(78.,-2.,55.));
#530 = VECTOR('',#531,1.);
#531 = DIRECTION('',(0.,-1.,0.));
#532 = ORIENTED_EDGE('',*,*,#188,.F.);
#533 = ORIENTED_EDGE('',*,*,#534,.F.);
#534 = EDGE_CURVE('',#535,#181,#537,.T.);
#535 = VERTEX_POINT('',#536);
#536 = CARTESIAN_POINT('',(78.,-34.,12.));
#537 = LINE('',#538,#539);
#538 = CARTESIAN_POINT('',(78.,-34.,12.));
#539 = VECTOR('',#540,1.);
#540 = DIRECTION('',(0.,1.,0.));
#541 = ORIENTED_EDGE('',*,*,#542,.F.);
#542 = EDGE_CURVE('',#543,#535,#545,.T.);
#543 = VERTEX_POINT('',#544);
#544 = CARTESIAN_POINT('',(78.,-34.,-12.));
#545 = LINE('',#546,#547);
#546 = CARTESIAN_POINT('',(78.,-34.,-12.));
#547 = VECTOR('',#548,1.);
#548 = DIRECTION('',(0.,0.,1.));
#549 = ORIENTED_EDGE('',*,*,#550,.T.);
#550 = EDGE_CURVE('',#543,#157,#551,.T.);
#551 = LINE('',#552,#553);
#552 = CARTESIAN_POINT('',(78.,-34.,-12.));
#553 = VECTOR('',#554,1.);
#554 = DIRECTION('',(0.,1.,0.));
#555 = ORIENTED_EDGE('',*,*,#156,.F.);
#556 = ORIENTED_EDGE('',*,*,#447,.F.);
#557 = FACE_BOUND('',#558,.T.);
#558 = EDGE_LOOP('',(#559));
#559 = ORIENTED_EDGE('',*,*,#560,.F.);
#560 = EDGE_CURVE('',#561,#561,#563,.T.);
#561 = VERTEX_POINT('',#562);
#562 = CARTESIAN_POINT('',(78.,-26.,5.5));
#563 = CIRCLE('',#564,5.5);
#564 = AXIS2_PLACEMENT_3D('',#565,#566,#567);
#565 = CARTESIAN_POINT('',(78.,-26.,0.));
#566 = DIRECTION('',(1.,0.,-0.));
#567 = DIRECTION('',(0.,0.,1.));
#568 = PLANE('',#569);
#569 = AXIS2_PLACEMENT_3D('',#570,#571,#572);
#570 = CARTESIAN_POINT('',(78.,-13.15492957746,0.));
#571 = DIRECTION('',(1.,0.,0.));
#572 = DIRECTION('',(0.,0.,1.));
#573 = ADVANCED_FACE('',(#574),#592,.F.);
#574 = FACE_BOUND('',#575,.F.);
#575 = EDGE_LOOP('',(#576,#584,#590,#591));
#576 = ORIENTED_EDGE('',*,*,#577,.F.);
#577 = EDGE_CURVE('',#578,#165,#580,.T.);
#578 = VERTEX_POINT('',#579);
#579 = CARTESIAN_POINT('',(62.,-34.,-12.));
#580 = LINE('',#581,#582);
#581 = CARTESIAN_POINT('',(62.,-34.,-12.));
#582 = VECTOR('',#583,1.);
#583 = DIRECTION('',(0.,1.,0.));
#584 = ORIENTED_EDGE('',*,*,#585,.T.);
#585 = EDGE_CURVE('',#578,#543,#586,.T.);
#586 = LINE('',#587,#588);
#587 = CARTESIAN_POINT('',(62.,-34.,-12.));
#588 = VECTOR('',#589,1.);
#589 = DIRECTION('',(1.,0.,0.));
#590 = ORIENTED_EDGE('',*,*,#550,.T.);
#591 = ORIENTED_EDGE('',*,*,#164,.F.);
#592 = PLANE('',#593);
#593 = AXIS2_PLACEMENT_3D('',#594,#595,#596);
#594 = CARTESIAN_POINT('',(62.,-34.,-12.));
#595 = DIRECTION('',(0.,0.,1.));
#596 = DIRECTION('',(1.,0.,0.));
#597 = ADVANCED_FACE('',(#598,#616),#627,.F.);
#598 = FACE_BOUND('',#599,.F.);
#599 = EDGE_LOOP('',(#600,#608,#609,#610));
#600 = ORIENTED_EDGE('',*,*,#601,.F.);
#601 = EDGE_CURVE('',#578,#602,#604,.T.);
#602 = VERTEX_POINT('',#603);
#603 = CARTESIAN_POINT('',(62.,-34.,12.));
#604 = LINE('',#605,#606);
#605 = CARTESIAN_POINT('',(62.,-34.,-12.));
#606 = VECTOR('',#607,1.);
#607 = DIRECTION('',(0.,0.,1.));
#608 = ORIENTED_EDGE('',*,*,#577,.T.);
#609 = ORIENTED_EDGE('',*,*,#172,.T.);
#610 = ORIENTED_EDGE('',*,*,#611,.F.);
#611 = EDGE_CURVE('',#602,#173,#612,.T.);
#612 = LINE('',#613,#614);
#613 = CARTESIAN_POINT('',(62.,-34.,12.));
#614 = VECTOR('',#615,1.);
#615 = DIRECTION('',(0.,1.,0.));
#616 = FACE_BOUND('',#617,.F.);
#617 = EDGE_LOOP('',(#618));
#618 = ORIENTED_EDGE('',*,*,#619,.F.);
#619 = EDGE_CURVE('',#620,#620,#622,.T.);
#620 = VERTEX_POINT('',#621);
#621 = CARTESIAN_POINT('',(62.,-26.,5.5));
#622 = CIRCLE('',#623,5.5);
#623 = AXIS2_PLACEMENT_3D('',#624,#625,#626);
#624 = CARTESIAN_POINT('',(62.,-26.,0.));
#625 = DIRECTION('',(1.,0.,-0.));
#626 = DIRECTION('',(0.,0.,1.));
#627 = PLANE('',#628);
#628 = AXIS2_PLACEMENT_3D('',#629,#630,#631);
#629 = CARTESIAN_POINT('',(62.,-34.,-12.));
#630 = DIRECTION('',(1.,0.,0.));
#631 = DIRECTION('',(0.,0.,1.));
#632 = ADVANCED_FACE('',(#633),#644,.T.);
#633 = FACE_BOUND('',#634,.T.);
#634 = EDGE_LOOP('',(#635,#636,#642,#643));
#635 = ORIENTED_EDGE('',*,*,#611,.F.);
#636 = ORIENTED_EDGE('',*,*,#637,.T.);
#637 = EDGE_CURVE('',#602,#535,#638,.T.);
#638 = LINE('',#639,#640);
#639 = CARTESIAN_POINT('',(62.,-34.,12.));
#640 = VECTOR('',#641,1.);
#641 = DIRECTION('',(1.,0.,0.));
#642 = ORIENTED_EDGE('',*,*,#534,.T.);
#643 = ORIENTED_EDGE('',*,*,#180,.F.);
#644 = PLANE('',#645);
#645 = AXIS2_PLACEMENT_3D('',#646,#647,#648);
#646 = CARTESIAN_POINT('',(62.,-34.,12.));
#647 = DIRECTION('',(0.,0.,1.));
#648 = DIRECTION('',(1.,0.,0.));
#649 = ADVANCED_FACE('',(#650),#661,.F.);
#650 = FACE_BOUND('',#651,.F.);
#651 = EDGE_LOOP('',(#652,#658,#659,#660));
#652 = ORIENTED_EDGE('',*,*,#653,.T.);
#653 = EDGE_CURVE('',#300,#520,#654,.T.);
#654 = LINE('',#655,#656);
#655 = CARTESIAN_POINT('',(6.,-2.,55.));
#656 = VECTOR('',#657,1.);
#657 = DIRECTION('',(1.,0.,0.));
#658 = ORIENTED_EDGE('',*,*,#527,.T.);
#659 = ORIENTED_EDGE('',*,*,#196,.T.);
#660 = ORIENTED_EDGE('',*,*,#299,.T.);
#661 = PLANE('',#662);
#662 = AXIS2_PLACEMENT_3D('',#663,#664,#665);
#663 = CARTESIAN_POINT('',(12.64,12.64,55.));
#664 = DIRECTION('',(-0.,-0.,-1.));
#665 = DIRECTION('',(-1.,0.,0.));
#666 = ADVANCED_FACE('',(#667),#678,.T.);
#667 = FACE_BOUND('',#668,.T.);
#668 = EDGE_LOOP('',(#669,#670,#671,#672));
#669 = ORIENTED_EDGE('',*,*,#374,.F.);
#670 = ORIENTED_EDGE('',*,*,#212,.T.);
#671 = ORIENTED_EDGE('',*,*,#323,.T.);
#672 = ORIENTED_EDGE('',*,*,#673,.F.);
#673 = EDGE_CURVE('',#375,#316,#674,.T.);
#674 = LINE('',#675,#676);
#675 = CARTESIAN_POINT('',(-18.,10.,69.));
#676 = VECTOR('',#677,1.);
#677 = DIRECTION('',(1.,0.,0.));
#678 = PLANE('',#679);
#679 = AXIS2_PLACEMENT_3D('',#680,#681,#682);
#680 = CARTESIAN_POINT('',(-18.,-18.,69.));
#681 = DIRECTION('',(0.,0.,1.));
#682 = DIRECTION('',(1.,0.,0.));
#683 = ADVANCED_FACE('',(#684),#729,.T.);
#684 = FACE_BOUND('',#685,.T.);
#685 = EDGE_LOOP('',(#686,#696,#703,#704,#711,#712,#713,#720,#721,#722)
  );
#686 = ORIENTED_EDGE('',*,*,#687,.T.);
#687 = EDGE_CURVE('',#688,#690,#692,.T.);
#688 = VERTEX_POINT('',#689);
#689 = CARTESIAN_POINT('',(-24.14213562373,4.142135623731,
    4.898587196589E-15));
#690 = VERTEX_POINT('',#691);
#691 = CARTESIAN_POINT('',(-42.17335854398,-13.88908729652,
    4.898587196589E-15));
#692 = LINE('',#693,#694);
#693 = CARTESIAN_POINT('',(-24.14213562373,4.142135623731,
    4.898587196589E-15));
#694 = VECTOR('',#695,1.);
#695 = DIRECTION('',(-0.707106781187,-0.707106781187,0.));
#696 = ORIENTED_EDGE('',*,*,#697,.F.);
#697 = EDGE_CURVE('',#690,#690,#698,.T.);
#698 = CIRCLE('',#699,20.);
#699 = AXIS2_PLACEMENT_3D('',#700,#701,#702);
#700 = CARTESIAN_POINT('',(-28.03122292025,-28.03122292025,0.));
#701 = DIRECTION('',(-0.707106781187,-0.707106781187,-0.));
#702 = DIRECTION('',(-0.707106781187,0.707106781187,0.));
#703 = ORIENTED_EDGE('',*,*,#687,.F.);
#704 = ORIENTED_EDGE('',*,*,#705,.T.);
#705 = EDGE_CURVE('',#688,#350,#706,.T.);
#706 = CIRCLE('',#707,20.);
#707 = AXIS2_PLACEMENT_3D('',#708,#709,#710);
#708 = CARTESIAN_POINT('',(-10.,-10.,0.));
#709 = DIRECTION('',(-0.707106781187,-0.707106781187,-0.));
#710 = DIRECTION('',(-0.707106781187,0.707106781187,0.));
#711 = ORIENTED_EDGE('',*,*,#349,.T.);
#712 = ORIENTED_EDGE('',*,*,#245,.T.);
#713 = ORIENTED_EDGE('',*,*,#714,.T.);
#714 = EDGE_CURVE('',#238,#229,#715,.T.);
#715 = CIRCLE('',#716,20.);
#716 = AXIS2_PLACEMENT_3D('',#717,#718,#719);
#717 = CARTESIAN_POINT('',(-10.,-10.,0.));
#718 = DIRECTION('',(-0.707106781187,-0.707106781187,-0.));
#719 = DIRECTION('',(-0.707106781187,0.707106781187,0.));
#720 = ORIENTED_EDGE('',*,*,#228,.T.);
#721 = ORIENTED_EDGE('',*,*,#366,.T.);
#722 = ORIENTED_EDGE('',*,*,#723,.T.);
#723 = EDGE_CURVE('',#359,#688,#724,.T.);
#724 = CIRCLE('',#725,20.);
#725 = AXIS2_PLACEMENT_3D('',#726,#727,#728);
#726 = CARTESIAN_POINT('',(-10.,-10.,0.));
#727 = DIRECTION('',(-0.707106781187,-0.707106781187,-0.));
#728 = DIRECTION('',(-0.707106781187,0.707106781187,0.));
#729 = CYLINDRICAL_SURFACE('',#730,20.);
#730 = AXIS2_PLACEMENT_3D('',#731,#732,#733);
#731 = CARTESIAN_POINT('',(-10.,-10.,0.));
#732 = DIRECTION('',(-0.707106781187,-0.707106781187,0.));
#733 = DIRECTION('',(-0.707106781187,0.707106781187,0.));
#734 = ADVANCED_FACE('',(#735),#739,.F.);
#735 = FACE_BOUND('',#736,.F.);
#736 = EDGE_LOOP('',(#737,#738));
#737 = ORIENTED_EDGE('',*,*,#237,.T.);
#738 = ORIENTED_EDGE('',*,*,#714,.T.);
#739 = PLANE('',#740);
#740 = AXIS2_PLACEMENT_3D('',#741,#742,#743);
#741 = CARTESIAN_POINT('',(-10.,-10.,0.));
#742 = DIRECTION('',(-0.707106781187,-0.707106781187,0.));
#743 = DIRECTION('',(-0.707106781187,0.707106781187,0.));
#744 = ADVANCED_FACE('',(#745,#764),#767,.T.);
#745 = FACE_BOUND('',#746,.T.);
#746 = EDGE_LOOP('',(#747,#755,#756,#757,#758));
#747 = ORIENTED_EDGE('',*,*,#748,.F.);
#748 = EDGE_CURVE('',#383,#749,#751,.T.);
#749 = VERTEX_POINT('',#750);
#750 = CARTESIAN_POINT('',(-2.,10.,55.));
#751 = LINE('',#752,#753);
#752 = CARTESIAN_POINT('',(-18.,10.,55.));
#753 = VECTOR('',#754,1.);
#754 = DIRECTION('',(1.,0.,0.));
#755 = ORIENTED_EDGE('',*,*,#382,.T.);
#756 = ORIENTED_EDGE('',*,*,#673,.T.);
#757 = ORIENTED_EDGE('',*,*,#315,.F.);
#758 = ORIENTED_EDGE('',*,*,#759,.F.);
#759 = EDGE_CURVE('',#749,#308,#760,.T.);
#760 = LINE('',#761,#762);
#761 = CARTESIAN_POINT('',(-18.,10.,55.));
#762 = VECTOR('',#763,1.);
#763 = DIRECTION('',(1.,0.,0.));
#764 = FACE_BOUND('',#765,.T.);
#765 = EDGE_LOOP('',(#766));
#766 = ORIENTED_EDGE('',*,*,#271,.F.);
#767 = PLANE('',#768);
#768 = AXIS2_PLACEMENT_3D('',#769,#770,#771);
#769 = CARTESIAN_POINT('',(-18.,10.,55.));
#770 = DIRECTION('',(0.,1.,0.));
#771 = DIRECTION('',(0.,0.,1.));
#772 = ADVANCED_FACE('',(#773),#823,.F.);
#773 = FACE_BOUND('',#774,.F.);
#774 = EDGE_LOOP('',(#775,#776,#784,#792,#800,#808,#816,#822));
#775 = ORIENTED_EDGE('',*,*,#759,.F.);
#776 = ORIENTED_EDGE('',*,*,#777,.T.);
#777 = EDGE_CURVE('',#749,#778,#780,.T.);
#778 = VERTEX_POINT('',#779);
#779 = CARTESIAN_POINT('',(-2.,6.,55.));
#780 = LINE('',#781,#782);
#781 = CARTESIAN_POINT('',(-2.,78.,55.));
#782 = VECTOR('',#783,1.);
#783 = DIRECTION('',(0.,-1.,0.));
#784 = ORIENTED_EDGE('',*,*,#785,.T.);
#785 = EDGE_CURVE('',#778,#786,#788,.T.);
#786 = VERTEX_POINT('',#787);
#787 = CARTESIAN_POINT('',(-6.,6.,55.));
#788 = LINE('',#789,#790);
#789 = CARTESIAN_POINT('',(-2.,6.,55.));
#790 = VECTOR('',#791,1.);
#791 = DIRECTION('',(-1.,0.,0.));
#792 = ORIENTED_EDGE('',*,*,#793,.T.);
#793 = EDGE_CURVE('',#786,#794,#796,.T.);
#794 = VERTEX_POINT('',#795);
#795 = CARTESIAN_POINT('',(-6.,-6.,55.));
#796 = LINE('',#797,#798);
#797 = CARTESIAN_POINT('',(-6.,6.,55.));
#798 = VECTOR('',#799,1.);
#799 = DIRECTION('',(0.,-1.,0.));
#800 = ORIENTED_EDGE('',*,*,#801,.T.);
#801 = EDGE_CURVE('',#794,#802,#804,.T.);
#802 = VERTEX_POINT('',#803);
#803 = CARTESIAN_POINT('',(6.,-6.,55.));
#804 = LINE('',#805,#806);
#805 = CARTESIAN_POINT('',(-6.,-6.,55.));
#806 = VECTOR('',#807,1.);
#807 = DIRECTION('',(1.,0.,0.));
#808 = ORIENTED_EDGE('',*,*,#809,.T.);
#809 = EDGE_CURVE('',#802,#810,#812,.T.);
#810 = VERTEX_POINT('',#811);
#811 = CARTESIAN_POINT('',(6.,-2.,55.));
#812 = LINE('',#813,#814);
#813 = CARTESIAN_POINT('',(6.,-6.,55.));
#814 = VECTOR('',#815,1.);
#815 = DIRECTION('',(0.,1.,0.));
#816 = ORIENTED_EDGE('',*,*,#817,.T.);
#817 = EDGE_CURVE('',#810,#300,#818,.T.);
#818 = LINE('',#819,#820);
#819 = CARTESIAN_POINT('',(6.,-2.,55.));
#820 = VECTOR('',#821,1.);
#821 = DIRECTION('',(1.,0.,0.));
#822 = ORIENTED_EDGE('',*,*,#307,.T.);
#823 = PLANE('',#824);
#824 = AXIS2_PLACEMENT_3D('',#825,#826,#827);
#825 = CARTESIAN_POINT('',(-18.,-18.,55.));
#826 = DIRECTION('',(0.,0.,1.));
#827 = DIRECTION('',(1.,0.,0.));
#828 = ADVANCED_FACE('',(#829),#834,.F.);
#829 = FACE_BOUND('',#830,.F.);
#830 = EDGE_LOOP('',(#831,#832,#833));
#831 = ORIENTED_EDGE('',*,*,#723,.T.);
#832 = ORIENTED_EDGE('',*,*,#705,.T.);
#833 = ORIENTED_EDGE('',*,*,#358,.T.);
#834 = PLANE('',#835);
#835 = AXIS2_PLACEMENT_3D('',#836,#837,#838);
#836 = CARTESIAN_POINT('',(-10.,-10.,0.));
#837 = DIRECTION('',(-0.707106781187,-0.707106781187,0.));
#838 = DIRECTION('',(-0.707106781187,0.707106781187,0.));
#839 = ADVANCED_FACE('',(#840),#858,.F.);
#840 = FACE_BOUND('',#841,.F.);
#841 = EDGE_LOOP('',(#842,#843,#844,#852));
#842 = ORIENTED_EDGE('',*,*,#748,.F.);
#843 = ORIENTED_EDGE('',*,*,#390,.T.);
#844 = ORIENTED_EDGE('',*,*,#845,.T.);
#845 = EDGE_CURVE('',#391,#846,#848,.T.);
#846 = VERTEX_POINT('',#847);
#847 = CARTESIAN_POINT('',(-2.,78.,55.));
#848 = LINE('',#849,#850);
#849 = CARTESIAN_POINT('',(-18.,78.,55.));
#850 = VECTOR('',#851,1.);
#851 = DIRECTION('',(1.,0.,0.));
#852 = ORIENTED_EDGE('',*,*,#853,.T.);
#853 = EDGE_CURVE('',#846,#749,#854,.T.);
#854 = LINE('',#855,#856);
#855 = CARTESIAN_POINT('',(-2.,78.,55.));
#856 = VECTOR('',#857,1.);
#857 = DIRECTION('',(0.,-1.,0.));
#858 = PLANE('',#859);
#859 = AXIS2_PLACEMENT_3D('',#860,#861,#862);
#860 = CARTESIAN_POINT('',(12.64,12.64,55.));
#861 = DIRECTION('',(-0.,-0.,-1.));
#862 = DIRECTION('',(-1.,0.,0.));
#863 = ADVANCED_FACE('',(#864,#898),#909,.T.);
#864 = FACE_BOUND('',#865,.T.);
#865 = EDGE_LOOP('',(#866,#867,#875,#883,#889,#890,#891,#897));
#866 = ORIENTED_EDGE('',*,*,#430,.T.);
#867 = ORIENTED_EDGE('',*,*,#868,.F.);
#868 = EDGE_CURVE('',#869,#423,#871,.T.);
#869 = VERTEX_POINT('',#870);
#870 = CARTESIAN_POINT('',(-34.,78.,-12.));
#871 = LINE('',#872,#873);
#872 = CARTESIAN_POINT('',(-34.,78.,-12.));
#873 = VECTOR('',#874,1.);
#874 = DIRECTION('',(1.,0.,0.));
#875 = ORIENTED_EDGE('',*,*,#876,.T.);
#876 = EDGE_CURVE('',#869,#877,#879,.T.);
#877 = VERTEX_POINT('',#878);
#878 = CARTESIAN_POINT('',(-34.,78.,12.));
#879 = LINE('',#880,#881);
#880 = CARTESIAN_POINT('',(-34.,78.,-12.));
#881 = VECTOR('',#882,1.);
#882 = DIRECTION('',(0.,0.,1.));
#883 = ORIENTED_EDGE('',*,*,#884,.T.);
#884 = EDGE_CURVE('',#877,#399,#885,.T.);
#885 = LINE('',#886,#887);
#886 = CARTESIAN_POINT('',(-34.,78.,12.));
#887 = VECTOR('',#888,1.);
#888 = DIRECTION('',(1.,0.,0.));
#889 = ORIENTED_EDGE('',*,*,#398,.T.);
#890 = ORIENTED_EDGE('',*,*,#845,.T.);
#891 = ORIENTED_EDGE('',*,*,#892,.F.);
#892 = EDGE_CURVE('',#458,#846,#893,.T.);
#893 = LINE('',#894,#895);
#894 = CARTESIAN_POINT('',(-2.,78.,-55.));
#895 = VECTOR('',#896,1.);
#896 = DIRECTION('',(0.,0.,1.));
#897 = ORIENTED_EDGE('',*,*,#457,.F.);
#898 = FACE_BOUND('',#899,.T.);
#899 = EDGE_LOOP('',(#900));
#900 = ORIENTED_EDGE('',*,*,#901,.F.);
#901 = EDGE_CURVE('',#902,#902,#904,.T.);
#902 = VERTEX_POINT('',#903);
#903 = CARTESIAN_POINT('',(-26.,78.,5.5));
#904 = CIRCLE('',#905,5.5);
#905 = AXIS2_PLACEMENT_3D('',#906,#907,#908);
#906 = CARTESIAN_POINT('',(-26.,78.,0.));
#907 = DIRECTION('',(0.,1.,0.));
#908 = DIRECTION('',(0.,0.,1.));
#909 = PLANE('',#910);
#910 = AXIS2_PLACEMENT_3D('',#911,#912,#913);
#911 = CARTESIAN_POINT('',(-13.15492957746,78.,0.));
#912 = DIRECTION('',(0.,1.,0.));
#913 = DIRECTION('',(0.,0.,1.));
#914 = ADVANCED_FACE('',(#915),#933,.T.);
#915 = FACE_BOUND('',#916,.T.);
#916 = EDGE_LOOP('',(#917,#925,#931,#932));
#917 = ORIENTED_EDGE('',*,*,#918,.F.);
#918 = EDGE_CURVE('',#919,#877,#921,.T.);
#919 = VERTEX_POINT('',#920);
#920 = CARTESIAN_POINT('',(-34.,62.,12.));
#921 = LINE('',#922,#923);
#922 = CARTESIAN_POINT('',(-34.,62.,12.));
#923 = VECTOR('',#924,1.);
#924 = DIRECTION('',(0.,1.,0.));
#925 = ORIENTED_EDGE('',*,*,#926,.T.);
#926 = EDGE_CURVE('',#919,#407,#927,.T.);
#927 = LINE('',#928,#929);
#928 = CARTESIAN_POINT('',(-34.,62.,12.));
#929 = VECTOR('',#930,1.);
#930 = DIRECTION('',(1.,0.,0.));
#931 = ORIENTED_EDGE('',*,*,#406,.T.);
#932 = ORIENTED_EDGE('',*,*,#884,.F.);
#933 = PLANE('',#934);
#934 = AXIS2_PLACEMENT_3D('',#935,#936,#937);
#935 = CARTESIAN_POINT('',(-34.,62.,12.));
#936 = DIRECTION('',(0.,0.,1.));
#937 = DIRECTION('',(1.,0.,0.));
#938 = ADVANCED_FACE('',(#939,#957),#968,.F.);
#939 = FACE_BOUND('',#940,.F.);
#940 = EDGE_LOOP('',(#941,#949,#955,#956));
#941 = ORIENTED_EDGE('',*,*,#942,.F.);
#942 = EDGE_CURVE('',#943,#415,#945,.T.);
#943 = VERTEX_POINT('',#944);
#944 = CARTESIAN_POINT('',(-34.,62.,-12.));
#945 = LINE('',#946,#947);
#946 = CARTESIAN_POINT('',(-34.,62.,-12.));
#947 = VECTOR('',#948,1.);
#948 = DIRECTION('',(1.,0.,0.));
#949 = ORIENTED_EDGE('',*,*,#950,.T.);
#950 = EDGE_CURVE('',#943,#919,#951,.T.);
#951 = LINE('',#952,#953);
#952 = CARTESIAN_POINT('',(-34.,62.,-12.));
#953 = VECTOR('',#954,1.);
#954 = DIRECTION('',(0.,0.,1.));
#955 = ORIENTED_EDGE('',*,*,#926,.T.);
#956 = ORIENTED_EDGE('',*,*,#414,.F.);
#957 = FACE_BOUND('',#958,.F.);
#958 = EDGE_LOOP('',(#959));
#959 = ORIENTED_EDGE('',*,*,#960,.F.);
#960 = EDGE_CURVE('',#961,#961,#963,.T.);
#961 = VERTEX_POINT('',#962);
#962 = CARTESIAN_POINT('',(-26.,62.,5.5));
#963 = CIRCLE('',#964,5.5);
#964 = AXIS2_PLACEMENT_3D('',#965,#966,#967);
#965 = CARTESIAN_POINT('',(-26.,62.,0.));
#966 = DIRECTION('',(0.,1.,0.));
#967 = DIRECTION('',(0.,0.,1.));
#968 = PLANE('',#969);
#969 = AXIS2_PLACEMENT_3D('',#970,#971,#972);
#970 = CARTESIAN_POINT('',(-34.,62.,-12.));
#971 = DIRECTION('',(0.,1.,0.));
#972 = DIRECTION('',(0.,0.,1.));
#973 = ADVANCED_FACE('',(#974),#985,.F.);
#974 = FACE_BOUND('',#975,.F.);
#975 = EDGE_LOOP('',(#976,#982,#983,#984));
#976 = ORIENTED_EDGE('',*,*,#977,.F.);
#977 = EDGE_CURVE('',#943,#869,#978,.T.);
#978 = LINE('',#979,#980);
#979 = CARTESIAN_POINT('',(-34.,62.,-12.));
#980 = VECTOR('',#981,1.);
#981 = DIRECTION('',(0.,1.,0.));
#982 = ORIENTED_EDGE('',*,*,#942,.T.);
#983 = ORIENTED_EDGE('',*,*,#422,.T.);
#984 = ORIENTED_EDGE('',*,*,#868,.F.);
#985 = PLANE('',#986);
#986 = AXIS2_PLACEMENT_3D('',#987,#988,#989);
#987 = CARTESIAN_POINT('',(-34.,62.,-12.));
#988 = DIRECTION('',(0.,0.,1.));
#989 = DIRECTION('',(1.,0.,0.));
#990 = ADVANCED_FACE('',(#991),#1003,.T.);
#991 = FACE_BOUND('',#992,.T.);
#992 = EDGE_LOOP('',(#993,#994,#995,#996,#1002));
#993 = ORIENTED_EDGE('',*,*,#892,.T.);
#994 = ORIENTED_EDGE('',*,*,#853,.T.);
#995 = ORIENTED_EDGE('',*,*,#777,.T.);
#996 = ORIENTED_EDGE('',*,*,#997,.F.);
#997 = EDGE_CURVE('',#466,#778,#998,.T.);
#998 = LINE('',#999,#1000);
#999 = CARTESIAN_POINT('',(-2.,6.,-55.));
#1000 = VECTOR('',#1001,1.);
#1001 = DIRECTION('',(0.,0.,1.));
#1002 = ORIENTED_EDGE('',*,*,#465,.F.);
#1003 = PLANE('',#1004);
#1004 = AXIS2_PLACEMENT_3D('',#1005,#1006,#1007);
#1005 = CARTESIAN_POINT('',(-2.,78.,-55.));
#1006 = DIRECTION('',(1.,0.,0.));
#1007 = DIRECTION('',(0.,-1.,0.));
#1008 = ADVANCED_FACE('',(#1009),#1020,.T.);
#1009 = FACE_BOUND('',#1010,.T.);
#1010 = EDGE_LOOP('',(#1011,#1012,#1013,#1019));
#1011 = ORIENTED_EDGE('',*,*,#997,.T.);
#1012 = ORIENTED_EDGE('',*,*,#785,.T.);
#1013 = ORIENTED_EDGE('',*,*,#1014,.F.);
#1014 = EDGE_CURVE('',#474,#786,#1015,.T.);
#1015 = LINE('',#1016,#1017);
#1016 = CARTESIAN_POINT('',(-6.,6.,-55.));
#1017 = VECTOR('',#1018,1.);
#1018 = DIRECTION('',(0.,0.,1.));
#1019 = ORIENTED_EDGE('',*,*,#473,.F.);
#1020 = PLANE('',#1021);
#1021 = AXIS2_PLACEMENT_3D('',#1022,#1023,#1024);
#1022 = CARTESIAN_POINT('',(-2.,6.,-55.));
#1023 = DIRECTION('',(0.,-1.,0.));
#1024 = DIRECTION('',(-1.,0.,0.));
#1025 = ADVANCED_FACE('',(#1026),#1037,.T.);
#1026 = FACE_BOUND('',#1027,.T.);
#1027 = EDGE_LOOP('',(#1028,#1029,#1030,#1036));
#1028 = ORIENTED_EDGE('',*,*,#1014,.T.);
#1029 = ORIENTED_EDGE('',*,*,#793,.T.);
#1030 = ORIENTED_EDGE('',*,*,#1031,.F.);
#1031 = EDGE_CURVE('',#482,#794,#1032,.T.);
#1032 = LINE('',#1033,#1034);
#1033 = CARTESIAN_POINT('',(-6.,-6.,-55.));
#1034 = VECTOR('',#1035,1.);
#1035 = DIRECTION('',(0.,0.,1.));
#1036 = ORIENTED_EDGE('',*,*,#481,.F.);
#1037 = PLANE('',#1038);
#1038 = AXIS2_PLACEMENT_3D('',#1039,#1040,#1041);
#1039 = CARTESIAN_POINT('',(-6.,6.,-55.));
#1040 = DIRECTION('',(1.,0.,0.));
#1041 = DIRECTION('',(0.,-1.,0.));
#1042 = ADVANCED_FACE('',(#1043),#1054,.T.);
#1043 = FACE_BOUND('',#1044,.T.);
#1044 = EDGE_LOOP('',(#1045,#1046,#1047,#1053));
#1045 = ORIENTED_EDGE('',*,*,#1031,.T.);
#1046 = ORIENTED_EDGE('',*,*,#801,.T.);
#1047 = ORIENTED_EDGE('',*,*,#1048,.F.);
#1048 = EDGE_CURVE('',#490,#802,#1049,.T.);
#1049 = LINE('',#1050,#1051);
#1050 = CARTESIAN_POINT('',(6.,-6.,-55.));
#1051 = VECTOR('',#1052,1.);
#1052 = DIRECTION('',(0.,0.,1.));
#1053 = ORIENTED_EDGE('',*,*,#489,.F.);
#1054 = PLANE('',#1055);
#1055 = AXIS2_PLACEMENT_3D('',#1056,#1057,#1058);
#1056 = CARTESIAN_POINT('',(-6.,-6.,-55.));
#1057 = DIRECTION('',(0.,1.,0.));
#1058 = DIRECTION('',(1.,0.,0.));
#1059 = ADVANCED_FACE('',(#1060),#1071,.T.);
#1060 = FACE_BOUND('',#1061,.T.);
#1061 = EDGE_LOOP('',(#1062,#1063,#1064,#1070));
#1062 = ORIENTED_EDGE('',*,*,#1048,.T.);
#1063 = ORIENTED_EDGE('',*,*,#809,.T.);
#1064 = ORIENTED_EDGE('',*,*,#1065,.F.);
#1065 = EDGE_CURVE('',#498,#810,#1066,.T.);
#1066 = LINE('',#1067,#1068);
#1067 = CARTESIAN_POINT('',(6.,-2.,-55.));
#1068 = VECTOR('',#1069,1.);
#1069 = DIRECTION('',(0.,0.,1.));
#1070 = ORIENTED_EDGE('',*,*,#497,.F.);
#1071 = PLANE('',#1072);
#1072 = AXIS2_PLACEMENT_3D('',#1073,#1074,#1075);
#1073 = CARTESIAN_POINT('',(6.,-6.,-55.));
#1074 = DIRECTION('',(-1.,0.,0.));
#1075 = DIRECTION('',(0.,1.,0.));
#1076 = ADVANCED_FACE('',(#1077),#1084,.T.);
#1077 = FACE_BOUND('',#1078,.T.);
#1078 = EDGE_LOOP('',(#1079,#1080,#1081,#1082,#1083));
#1079 = ORIENTED_EDGE('',*,*,#1065,.T.);
#1080 = ORIENTED_EDGE('',*,*,#817,.T.);
#1081 = ORIENTED_EDGE('',*,*,#653,.T.);
#1082 = ORIENTED_EDGE('',*,*,#519,.F.);
#1083 = ORIENTED_EDGE('',*,*,#505,.F.);
#1084 = PLANE('',#1085);
#1085 = AXIS2_PLACEMENT_3D('',#1086,#1087,#1088);
#1086 = CARTESIAN_POINT('',(6.,-2.,-55.));
#1087 = DIRECTION('',(0.,1.,0.));
#1088 = DIRECTION('',(1.,0.,0.));
#1089 = ADVANCED_FACE('',(#1090),#1096,.F.);
#1090 = FACE_BOUND('',#1091,.F.);
#1091 = EDGE_LOOP('',(#1092,#1093,#1094,#1095));
#1092 = ORIENTED_EDGE('',*,*,#585,.F.);
#1093 = ORIENTED_EDGE('',*,*,#601,.T.);
#1094 = ORIENTED_EDGE('',*,*,#637,.T.);
#1095 = ORIENTED_EDGE('',*,*,#542,.F.);
#1096 = PLANE('',#1097);
#1097 = AXIS2_PLACEMENT_3D('',#1098,#1099,#1100);
#1098 = CARTESIAN_POINT('',(62.,-34.,-12.));
#1099 = DIRECTION('',(0.,1.,0.));
#1100 = DIRECTION('',(0.,0.,1.));
#1101 = ADVANCED_FACE('',(#1102),#1113,.F.);
#1102 = FACE_BOUND('',#1103,.F.);
#1103 = EDGE_LOOP('',(#1104,#1105,#1111,#1112));
#1104 = ORIENTED_EDGE('',*,*,#560,.F.);
#1105 = ORIENTED_EDGE('',*,*,#1106,.F.);
#1106 = EDGE_CURVE('',#620,#561,#1107,.T.);
#1107 = LINE('',#1108,#1109);
#1108 = CARTESIAN_POINT('',(50.,-26.,5.5));
#1109 = VECTOR('',#1110,1.);
#1110 = DIRECTION('',(1.,0.,0.));
#1111 = ORIENTED_EDGE('',*,*,#619,.T.);
#1112 = ORIENTED_EDGE('',*,*,#1106,.T.);
#1113 = CYLINDRICAL_SURFACE('',#1114,5.5);
#1114 = AXIS2_PLACEMENT_3D('',#1115,#1116,#1117);
#1115 = CARTESIAN_POINT('',(50.,-26.,0.));
#1116 = DIRECTION('',(1.,0.,0.));
#1117 = DIRECTION('',(0.,0.,1.));
#1118 = ADVANCED_FACE('',(#1119),#1122,.T.);
#1119 = FACE_BOUND('',#1120,.T.);
#1120 = EDGE_LOOP('',(#1121));
#1121 = ORIENTED_EDGE('',*,*,#697,.T.);
#1122 = PLANE('',#1123);
#1123 = AXIS2_PLACEMENT_3D('',#1124,#1125,#1126);
#1124 = CARTESIAN_POINT('',(-28.03122292025,-28.03122292025,0.));
#1125 = DIRECTION('',(-0.707106781187,-0.707106781187,0.));
#1126 = DIRECTION('',(-0.707106781187,0.707106781187,0.));
#1127 = ADVANCED_FACE('',(#1128),#1134,.F.);
#1128 = FACE_BOUND('',#1129,.F.);
#1129 = EDGE_LOOP('',(#1130,#1131,#1132,#1133));
#1130 = ORIENTED_EDGE('',*,*,#950,.F.);
#1131 = ORIENTED_EDGE('',*,*,#977,.T.);
#1132 = ORIENTED_EDGE('',*,*,#876,.T.);
#1133 = ORIENTED_EDGE('',*,*,#918,.F.);
#1134 = PLANE('',#1135);
#1135 = AXIS2_PLACEMENT_3D('',#1136,#1137,#1138);
#1136 = CARTESIAN_POINT('',(-34.,62.,-12.));
#1137 = DIRECTION('',(1.,0.,0.));
#1138 = DIRECTION('',(0.,0.,1.));
#1139 = ADVANCED_FACE('',(#1140),#1151,.F.);
#1140 = FACE_BOUND('',#1141,.F.);
#1141 = EDGE_LOOP('',(#1142,#1143,#1149,#1150));
#1142 = ORIENTED_EDGE('',*,*,#901,.F.);
#1143 = ORIENTED_EDGE('',*,*,#1144,.F.);
#1144 = EDGE_CURVE('',#961,#902,#1145,.T.);
#1145 = LINE('',#1146,#1147);
#1146 = CARTESIAN_POINT('',(-26.,50.,5.5));
#1147 = VECTOR('',#1148,1.);
#1148 = DIRECTION('',(0.,1.,0.));
#1149 = ORIENTED_EDGE('',*,*,#960,.T.);
#1150 = ORIENTED_EDGE('',*,*,#1144,.T.);
#1151 = CYLINDRICAL_SURFACE('',#1152,5.5);
#1152 = AXIS2_PLACEMENT_3D('',#1153,#1154,#1155);
#1153 = CARTESIAN_POINT('',(-26.,50.,0.));
#1154 = DIRECTION('',(0.,1.,0.));
#1155 = DIRECTION('',(0.,0.,1.));
#1156 = MANIFOLD_SOLID_BREP('',#1157);
#1157 = CLOSED_SHELL('',(#1158,#1198,#1238,#1260,#1282,#1294));
#1158 = ADVANCED_FACE('',(#1159),#1193,.F.);
#1159 = FACE_BOUND('',#1160,.F.);
#1160 = EDGE_LOOP('',(#1161,#1171,#1179,#1187));
#1161 = ORIENTED_EDGE('',*,*,#1162,.F.);
#1162 = EDGE_CURVE('',#1163,#1165,#1167,.T.);
#1163 = VERTEX_POINT('',#1164);
#1164 = CARTESIAN_POINT('',(8.,-2.,-50.));
#1165 = VERTEX_POINT('',#1166);
#1166 = CARTESIAN_POINT('',(8.,-2.,50.));
#1167 = LINE('',#1168,#1169);
#1168 = CARTESIAN_POINT('',(8.,-2.,-50.));
#1169 = VECTOR('',#1170,1.);
#1170 = DIRECTION('',(0.,0.,1.));
#1171 = ORIENTED_EDGE('',*,*,#1172,.T.);
#1172 = EDGE_CURVE('',#1163,#1173,#1175,.T.);
#1173 = VERTEX_POINT('',#1174);
#1174 = CARTESIAN_POINT('',(8.,0.,-50.));
#1175 = LINE('',#1176,#1177);
#1176 = CARTESIAN_POINT('',(8.,-2.,-50.));
#1177 = VECTOR('',#1178,1.);
#1178 = DIRECTION('',(0.,1.,0.));
#1179 = ORIENTED_EDGE('',*,*,#1180,.T.);
#1180 = EDGE_CURVE('',#1173,#1181,#1183,.T.);
#1181 = VERTEX_POINT('',#1182);
#1182 = CARTESIAN_POINT('',(8.,0.,50.));
#1183 = LINE('',#1184,#1185);
#1184 = CARTESIAN_POINT('',(8.,0.,-50.));
#1185 = VECTOR('',#1186,1.);
#1186 = DIRECTION('',(0.,0.,1.));
#1187 = ORIENTED_EDGE('',*,*,#1188,.F.);
#1188 = EDGE_CURVE('',#1165,#1181,#1189,.T.);
#1189 = LINE('',#1190,#1191);
#1190 = CARTESIAN_POINT('',(8.,-2.,50.));
#1191 = VECTOR('',#1192,1.);
#1192 = DIRECTION('',(0.,1.,0.));
#1193 = PLANE('',#1194);
#1194 = AXIS2_PLACEMENT_3D('',#1195,#1196,#1197);
#1195 = CARTESIAN_POINT('',(8.,-2.,-50.));
#1196 = DIRECTION('',(1.,0.,0.));
#1197 = DIRECTION('',(0.,0.,1.));
#1198 = ADVANCED_FACE('',(#1199),#1233,.T.);
#1199 = FACE_BOUND('',#1200,.T.);
#1200 = EDGE_LOOP('',(#1201,#1211,#1219,#1227));
#1201 = ORIENTED_EDGE('',*,*,#1202,.F.);
#1202 = EDGE_CURVE('',#1203,#1205,#1207,.T.);
#1203 = VERTEX_POINT('',#1204);
#1204 = CARTESIAN_POINT('',(74.,-2.,-50.));
#1205 = VERTEX_POINT('',#1206);
#1206 = CARTESIAN_POINT('',(74.,-2.,50.));
#1207 = LINE('',#1208,#1209);
#1208 = CARTESIAN_POINT('',(74.,-2.,-50.));
#1209 = VECTOR('',#1210,1.);
#1210 = DIRECTION('',(0.,0.,1.));
#1211 = ORIENTED_EDGE('',*,*,#1212,.T.);
#1212 = EDGE_CURVE('',#1203,#1213,#1215,.T.);
#1213 = VERTEX_POINT('',#1214);
#1214 = CARTESIAN_POINT('',(74.,0.,-50.));
#1215 = LINE('',#1216,#1217);
#1216 = CARTESIAN_POINT('',(74.,-2.,-50.));
#1217 = VECTOR('',#1218,1.);
#1218 = DIRECTION('',(0.,1.,0.));
#1219 = ORIENTED_EDGE('',*,*,#1220,.T.);
#1220 = EDGE_CURVE('',#1213,#1221,#1223,.T.);
#1221 = VERTEX_POINT('',#1222);
#1222 = CARTESIAN_POINT('',(74.,0.,50.));
#1223 = LINE('',#1224,#1225);
#1224 = CARTESIAN_POINT('',(74.,0.,-50.));
#1225 = VECTOR('',#1226,1.);
#1226 = DIRECTION('',(0.,0.,1.));
#1227 = ORIENTED_EDGE('',*,*,#1228,.F.);
#1228 = EDGE_CURVE('',#1205,#1221,#1229,.T.);
#1229 = LINE('',#1230,#1231);
#1230 = CARTESIAN_POINT('',(74.,-2.,50.));
#1231 = VECTOR('',#1232,1.);
#1232 = DIRECTION('',(0.,1.,0.));
#1233 = PLANE('',#1234);
#1234 = AXIS2_PLACEMENT_3D('',#1235,#1236,#1237);
#1235 = CARTESIAN_POINT('',(74.,-2.,-50.));
#1236 = DIRECTION('',(1.,0.,0.));
#1237 = DIRECTION('',(0.,0.,1.));
#1238 = ADVANCED_FACE('',(#1239),#1255,.F.);
#1239 = FACE_BOUND('',#1240,.F.);
#1240 = EDGE_LOOP('',(#1241,#1247,#1248,#1254));
#1241 = ORIENTED_EDGE('',*,*,#1242,.F.);
#1242 = EDGE_CURVE('',#1163,#1203,#1243,.T.);
#1243 = LINE('',#1244,#1245);
#1244 = CARTESIAN_POINT('',(8.,-2.,-50.));
#1245 = VECTOR('',#1246,1.);
#1246 = DIRECTION('',(1.,0.,0.));
#1247 = ORIENTED_EDGE('',*,*,#1162,.T.);
#1248 = ORIENTED_EDGE('',*,*,#1249,.T.);
#1249 = EDGE_CURVE('',#1165,#1205,#1250,.T.);
#1250 = LINE('',#1251,#1252);
#1251 = CARTESIAN_POINT('',(8.,-2.,50.));
#1252 = VECTOR('',#1253,1.);
#1253 = DIRECTION('',(1.,0.,0.));
#1254 = ORIENTED_EDGE('',*,*,#1202,.F.);
#1255 = PLANE('',#1256);
#1256 = AXIS2_PLACEMENT_3D('',#1257,#1258,#1259);
#1257 = CARTESIAN_POINT('',(8.,-2.,-50.));
#1258 = DIRECTION('',(0.,1.,0.));
#1259 = DIRECTION('',(0.,0.,1.));
#1260 = ADVANCED_FACE('',(#1261),#1277,.T.);
#1261 = FACE_BOUND('',#1262,.T.);
#1262 = EDGE_LOOP('',(#1263,#1269,#1270,#1276));
#1263 = ORIENTED_EDGE('',*,*,#1264,.F.);
#1264 = EDGE_CURVE('',#1173,#1213,#1265,.T.);
#1265 = LINE('',#1266,#1267);
#1266 = CARTESIAN_POINT('',(8.,0.,-50.));
#1267 = VECTOR('',#1268,1.);
#1268 = DIRECTION('',(1.,0.,0.));
#1269 = ORIENTED_EDGE('',*,*,#1180,.T.);
#1270 = ORIENTED_EDGE('',*,*,#1271,.T.);
#1271 = EDGE_CURVE('',#1181,#1221,#1272,.T.);
#1272 = LINE('',#1273,#1274);
#1273 = CARTESIAN_POINT('',(8.,0.,50.));
#1274 = VECTOR('',#1275,1.);
#1275 = DIRECTION('',(1.,0.,0.));
#1276 = ORIENTED_EDGE('',*,*,#1220,.F.);
#1277 = PLANE('',#1278);
#1278 = AXIS2_PLACEMENT_3D('',#1279,#1280,#1281);
#1279 = CARTESIAN_POINT('',(8.,0.,-50.));
#1280 = DIRECTION('',(0.,1.,0.));
#1281 = DIRECTION('',(0.,0.,1.));
#1282 = ADVANCED_FACE('',(#1283),#1289,.F.);
#1283 = FACE_BOUND('',#1284,.F.);
#1284 = EDGE_LOOP('',(#1285,#1286,#1287,#1288));
#1285 = ORIENTED_EDGE('',*,*,#1172,.F.);
#1286 = ORIENTED_EDGE('',*,*,#1242,.T.);
#1287 = ORIENTED_EDGE('',*,*,#1212,.T.);
#1288 = ORIENTED_EDGE('',*,*,#1264,.F.);
#1289 = PLANE('',#1290);
#1290 = AXIS2_PLACEMENT_3D('',#1291,#1292,#1293);
#1291 = CARTESIAN_POINT('',(8.,-2.,-50.));
#1292 = DIRECTION('',(0.,0.,1.));
#1293 = DIRECTION('',(1.,0.,0.));
#1294 = ADVANCED_FACE('',(#1295),#1301,.T.);
#1295 = FACE_BOUND('',#1296,.T.);
#1296 = EDGE_LOOP('',(#1297,#1298,#1299,#1300));
#1297 = ORIENTED_EDGE('',*,*,#1188,.F.);
#1298 = ORIENTED_EDGE('',*,*,#1249,.T.);
#1299 = ORIENTED_EDGE('',*,*,#1228,.T.);
#1300 = ORIENTED_EDGE('',*,*,#1271,.F.);
#1301 = PLANE('',#1302);
#1302 = AXIS2_PLACEMENT_3D('',#1303,#1304,#1305);
#1303 = CARTESIAN_POINT('',(8.,-2.,50.));
#1304 = DIRECTION('',(0.,0.,1.));
#1305 = DIRECTION('',(1.,0.,0.));
#1306 = MANIFOLD_SOLID_BREP('',#1307);
#1307 = CLOSED_SHELL('',(#1308,#1348,#1388,#1410,#1432,#1444));
#1308 = ADVANCED_FACE('',(#1309),#1343,.F.);
#1309 = FACE_BOUND('',#1310,.F.);
#1310 = EDGE_LOOP('',(#1311,#1321,#1329,#1337));
#1311 = ORIENTED_EDGE('',*,*,#1312,.F.);
#1312 = EDGE_CURVE('',#1313,#1315,#1317,.T.);
#1313 = VERTEX_POINT('',#1314);
#1314 = CARTESIAN_POINT('',(-2.,8.,-50.));
#1315 = VERTEX_POINT('',#1316);
#1316 = CARTESIAN_POINT('',(-2.,8.,50.));
#1317 = LINE('',#1318,#1319);
#1318 = CARTESIAN_POINT('',(-2.,8.,-50.));
#1319 = VECTOR('',#1320,1.);
#1320 = DIRECTION('',(0.,0.,1.));
#1321 = ORIENTED_EDGE('',*,*,#1322,.T.);
#1322 = EDGE_CURVE('',#1313,#1323,#1325,.T.);
#1323 = VERTEX_POINT('',#1324);
#1324 = CARTESIAN_POINT('',(-2.,74.,-50.));
#1325 = LINE('',#1326,#1327);
#1326 = CARTESIAN_POINT('',(-2.,8.,-50.));
#1327 = VECTOR('',#1328,1.);
#1328 = DIRECTION('',(0.,1.,0.));
#1329 = ORIENTED_EDGE('',*,*,#1330,.T.);
#1330 = EDGE_CURVE('',#1323,#1331,#1333,.T.);
#1331 = VERTEX_POINT('',#1332);
#1332 = CARTESIAN_POINT('',(-2.,74.,50.));
#1333 = LINE('',#1334,#1335);
#1334 = CARTESIAN_POINT('',(-2.,74.,-50.));
#1335 = VECTOR('',#1336,1.);
#1336 = DIRECTION('',(0.,0.,1.));
#1337 = ORIENTED_EDGE('',*,*,#1338,.F.);
#1338 = EDGE_CURVE('',#1315,#1331,#1339,.T.);
#1339 = LINE('',#1340,#1341);
#1340 = CARTESIAN_POINT('',(-2.,8.,50.));
#1341 = VECTOR('',#1342,1.);
#1342 = DIRECTION('',(0.,1.,0.));
#1343 = PLANE('',#1344);
#1344 = AXIS2_PLACEMENT_3D('',#1345,#1346,#1347);
#1345 = CARTESIAN_POINT('',(-2.,8.,-50.));
#1346 = DIRECTION('',(1.,0.,0.));
#1347 = DIRECTION('',(0.,0.,1.));
#1348 = ADVANCED_FACE('',(#1349),#1383,.T.);
#1349 = FACE_BOUND('',#1350,.T.);
#1350 = EDGE_LOOP('',(#1351,#1361,#1369,#1377));
#1351 = ORIENTED_EDGE('',*,*,#1352,.F.);
#1352 = EDGE_CURVE('',#1353,#1355,#1357,.T.);
#1353 = VERTEX_POINT('',#1354);
#1354 = CARTESIAN_POINT('',(0.,8.,-50.));
#1355 = VERTEX_POINT('',#1356);
#1356 = CARTESIAN_POINT('',(0.,8.,50.));
#1357 = LINE('',#1358,#1359);
#1358 = CARTESIAN_POINT('',(0.,8.,-50.));
#1359 = VECTOR('',#1360,1.);
#1360 = DIRECTION('',(0.,0.,1.));
#1361 = ORIENTED_EDGE('',*,*,#1362,.T.);
#1362 = EDGE_CURVE('',#1353,#1363,#1365,.T.);
#1363 = VERTEX_POINT('',#1364);
#1364 = CARTESIAN_POINT('',(0.,74.,-50.));
#1365 = LINE('',#1366,#1367);
#1366 = CARTESIAN_POINT('',(0.,8.,-50.));
#1367 = VECTOR('',#1368,1.);
#1368 = DIRECTION('',(0.,1.,0.));
#1369 = ORIENTED_EDGE('',*,*,#1370,.T.);
#1370 = EDGE_CURVE('',#1363,#1371,#1373,.T.);
#1371 = VERTEX_POINT('',#1372);
#1372 = CARTESIAN_POINT('',(0.,74.,50.));
#1373 = LINE('',#1374,#1375);
#1374 = CARTESIAN_POINT('',(0.,74.,-50.));
#1375 = VECTOR('',#1376,1.);
#1376 = DIRECTION('',(0.,0.,1.));
#1377 = ORIENTED_EDGE('',*,*,#1378,.F.);
#1378 = EDGE_CURVE('',#1355,#1371,#1379,.T.);
#1379 = LINE('',#1380,#1381);
#1380 = CARTESIAN_POINT('',(0.,8.,50.));
#1381 = VECTOR('',#1382,1.);
#1382 = DIRECTION('',(0.,1.,0.));
#1383 = PLANE('',#1384);
#1384 = AXIS2_PLACEMENT_3D('',#1385,#1386,#1387);
#1385 = CARTESIAN_POINT('',(0.,8.,-50.));
#1386 = DIRECTION('',(1.,0.,0.));
#1387 = DIRECTION('',(0.,0.,1.));
#1388 = ADVANCED_FACE('',(#1389),#1405,.F.);
#1389 = FACE_BOUND('',#1390,.F.);
#1390 = EDGE_LOOP('',(#1391,#1397,#1398,#1404));
#1391 = ORIENTED_EDGE('',*,*,#1392,.F.);
#1392 = EDGE_CURVE('',#1313,#1353,#1393,.T.);
#1393 = LINE('',#1394,#1395);
#1394 = CARTESIAN_POINT('',(-2.,8.,-50.));
#1395 = VECTOR('',#1396,1.);
#1396 = DIRECTION('',(1.,0.,0.));
#1397 = ORIENTED_EDGE('',*,*,#1312,.T.);
#1398 = ORIENTED_EDGE('',*,*,#1399,.T.);
#1399 = EDGE_CURVE('',#1315,#1355,#1400,.T.);
#1400 = LINE('',#1401,#1402);
#1401 = CARTESIAN_POINT('',(-2.,8.,50.));
#1402 = VECTOR('',#1403,1.);
#1403 = DIRECTION('',(1.,0.,0.));
#1404 = ORIENTED_EDGE('',*,*,#1352,.F.);
#1405 = PLANE('',#1406);
#1406 = AXIS2_PLACEMENT_3D('',#1407,#1408,#1409);
#1407 = CARTESIAN_POINT('',(-2.,8.,-50.));
#1408 = DIRECTION('',(0.,1.,0.));
#1409 = DIRECTION('',(0.,0.,1.));
#1410 = ADVANCED_FACE('',(#1411),#1427,.T.);
#1411 = FACE_BOUND('',#1412,.T.);
#1412 = EDGE_LOOP('',(#1413,#1419,#1420,#1426));
#1413 = ORIENTED_EDGE('',*,*,#1414,.F.);
#1414 = EDGE_CURVE('',#1323,#1363,#1415,.T.);
#1415 = LINE('',#1416,#1417);
#1416 = CARTESIAN_POINT('',(-2.,74.,-50.));
#1417 = VECTOR('',#1418,1.);
#1418 = DIRECTION('',(1.,0.,0.));
#1419 = ORIENTED_EDGE('',*,*,#1330,.T.);
#1420 = ORIENTED_EDGE('',*,*,#1421,.T.);
#1421 = EDGE_CURVE('',#1331,#1371,#1422,.T.);
#1422 = LINE('',#1423,#1424);
#1423 = CARTESIAN_POINT('',(-2.,74.,50.));
#1424 = VECTOR('',#1425,1.);
#1425 = DIRECTION('',(1.,0.,0.));
#1426 = ORIENTED_EDGE('',*,*,#1370,.F.);
#1427 = PLANE('',#1428);
#1428 = AXIS2_PLACEMENT_3D('',#1429,#1430,#1431);
#1429 = CARTESIAN_POINT('',(-2.,74.,-50.));
#1430 = DIRECTION('',(0.,1.,0.));
#1431 = DIRECTION('',(0.,0.,1.));
#1432 = ADVANCED_FACE('',(#1433),#1439,.F.);
#1433 = FACE_BOUND('',#1434,.F.);
#1434 = EDGE_LOOP('',(#1435,#1436,#1437,#1438));
#1435 = ORIENTED_EDGE('',*,*,#1322,.F.);
#1436 = ORIENTED_EDGE('',*,*,#1392,.T.);
#1437 = ORIENTED_EDGE('',*,*,#1362,.T.);
#1438 = ORIENTED_EDGE('',*,*,#1414,.F.);
#1439 = PLANE('',#1440);
#1440 = AXIS2_PLACEMENT_3D('',#1441,#1442,#1443);
#1441 = CARTESIAN_POINT('',(-2.,8.,-50.));
#1442 = DIRECTION('',(0.,0.,1.));
#1443 = DIRECTION('',(1.,0.,0.));
#1444 = ADVANCED_FACE('',(#1445),#1451,.T.);
#1445 = FACE_BOUND('',#1446,.T.);
#1446 = EDGE_LOOP('',(#1447,#1448,#1449,#1450));
#1447 = ORIENTED_EDGE('',*,*,#1338,.F.);
#1448 = ORIENTED_EDGE('',*,*,#1399,.T.);
#1449 = ORIENTED_EDGE('',*,*,#1378,.T.);
#1450 = ORIENTED_EDGE('',*,*,#1421,.F.);
#1451 = PLANE('',#1452);
#1452 = AXIS2_PLACEMENT_3D('',#1453,#1454,#1455);
#1453 = CARTESIAN_POINT('',(-2.,8.,50.));
#1454 = DIRECTION('',(0.,0.,1.));
#1455 = DIRECTION('',(1.,0.,0.));
#1456 = MANIFOLD_SOLID_BREP('',#1457);
#1457 = CLOSED_SHELL('',(#1458,#1491,#1500));
#1458 = ADVANCED_FACE('',(#1459),#1486,.T.);
#1459 = FACE_BOUND('',#1460,.T.);
#1460 = EDGE_LOOP('',(#1461,#1470,#1478,#1485));
#1461 = ORIENTED_EDGE('',*,*,#1462,.F.);
#1462 = EDGE_CURVE('',#1463,#1463,#1465,.T.);
#1463 = VERTEX_POINT('',#1464);
#1464 = CARTESIAN_POINT('',(130.,-26.,5.));
#1465 = CIRCLE('',#1466,5.);
#1466 = AXIS2_PLACEMENT_3D('',#1467,#1468,#1469);
#1467 = CARTESIAN_POINT('',(130.,-26.,0.));
#1468 = DIRECTION('',(1.,0.,-0.));
#1469 = DIRECTION('',(0.,0.,1.));
#1470 = ORIENTED_EDGE('',*,*,#1471,.F.);
#1471 = EDGE_CURVE('',#1472,#1463,#1474,.T.);
#1472 = VERTEX_POINT('',#1473);
#1473 = CARTESIAN_POINT('',(40.,-26.,5.));
#1474 = LINE('',#1475,#1476);
#1475 = CARTESIAN_POINT('',(40.,-26.,5.));
#1476 = VECTOR('',#1477,1.);
#1477 = DIRECTION('',(1.,0.,0.));
#1478 = ORIENTED_EDGE('',*,*,#1479,.T.);
#1479 = EDGE_CURVE('',#1472,#1472,#1480,.T.);
#1480 = CIRCLE('',#1481,5.);
#1481 = AXIS2_PLACEMENT_3D('',#1482,#1483,#1484);
#1482 = CARTESIAN_POINT('',(40.,-26.,0.));
#1483 = DIRECTION('',(1.,0.,-0.));
#1484 = DIRECTION('',(0.,0.,1.));
#1485 = ORIENTED_EDGE('',*,*,#1471,.T.);
#1486 = CYLINDRICAL_SURFACE('',#1487,5.);
#1487 = AXIS2_PLACEMENT_3D('',#1488,#1489,#1490);
#1488 = CARTESIAN_POINT('',(40.,-26.,0.));
#1489 = DIRECTION('',(1.,0.,0.));
#1490 = DIRECTION('',(0.,0.,1.));
#1491 = ADVANCED_FACE('',(#1492),#1495,.T.);
#1492 = FACE_BOUND('',#1493,.T.);
#1493 = EDGE_LOOP('',(#1494));
#1494 = ORIENTED_EDGE('',*,*,#1462,.T.);
#1495 = PLANE('',#1496);
#1496 = AXIS2_PLACEMENT_3D('',#1497,#1498,#1499);
#1497 = CARTESIAN_POINT('',(130.,-26.,0.));
#1498 = DIRECTION('',(1.,0.,0.));
#1499 = DIRECTION('',(0.,0.,1.));
#1500 = ADVANCED_FACE('',(#1501),#1504,.F.);
#1501 = FACE_BOUND('',#1502,.T.);
#1502 = EDGE_LOOP('',(#1503));
#1503 = ORIENTED_EDGE('',*,*,#1479,.F.);
#1504 = PLANE('',#1505);
#1505 = AXIS2_PLACEMENT_3D('',#1506,#1507,#1508);
#1506 = CARTESIAN_POINT('',(40.,-26.,0.));
#1507 = DIRECTION('',(1.,0.,0.));
#1508 = DIRECTION('',(0.,0.,1.));
#1509 = MANIFOLD_SOLID_BREP('',#1510);
#1510 = CLOSED_SHELL('',(#1511,#1562,#1609,#1633,#1657,#1690,#1715,#1735
    ,#1752));
#1511 = ADVANCED_FACE('',(#1512,#1546),#1557,.F.);
#1512 = FACE_BOUND('',#1513,.F.);
#1513 = EDGE_LOOP('',(#1514,#1524,#1532,#1540));
#1514 = ORIENTED_EDGE('',*,*,#1515,.F.);
#1515 = EDGE_CURVE('',#1516,#1518,#1520,.T.);
#1516 = VERTEX_POINT('',#1517);
#1517 = CARTESIAN_POINT('',(102.,-34.,12.));
#1518 = VERTEX_POINT('',#1519);
#1519 = CARTESIAN_POINT('',(102.,8.,12.));
#1520 = LINE('',#1521,#1522);
#1521 = CARTESIAN_POINT('',(102.,-34.,12.));
#1522 = VECTOR('',#1523,1.);
#1523 = DIRECTION('',(0.,1.,0.));
#1524 = ORIENTED_EDGE('',*,*,#1525,.F.);
#1525 = EDGE_CURVE('',#1526,#1516,#1528,.T.);
#1526 = VERTEX_POINT('',#1527);
#1527 = CARTESIAN_POINT('',(102.,-34.,-12.));
#1528 = LINE('',#1529,#1530);
#1529 = CARTESIAN_POINT('',(102.,-34.,-12.));
#1530 = VECTOR('',#1531,1.);
#1531 = DIRECTION('',(0.,0.,1.));
#1532 = ORIENTED_EDGE('',*,*,#1533,.T.);
#1533 = EDGE_CURVE('',#1526,#1534,#1536,.T.);
#1534 = VERTEX_POINT('',#1535);
#1535 = CARTESIAN_POINT('',(102.,8.,-12.));
#1536 = LINE('',#1537,#1538);
#1537 = CARTESIAN_POINT('',(102.,-34.,-12.));
#1538 = VECTOR('',#1539,1.);
#1539 = DIRECTION('',(0.,1.,0.));
#1540 = ORIENTED_EDGE('',*,*,#1541,.T.);
#1541 = EDGE_CURVE('',#1534,#1518,#1542,.T.);
#1542 = LINE('',#1543,#1544);
#1543 = CARTESIAN_POINT('',(102.,8.,-12.));
#1544 = VECTOR('',#1545,1.);
#1545 = DIRECTION('',(0.,0.,1.));
#1546 = FACE_BOUND('',#1547,.F.);
#1547 = EDGE_LOOP('',(#1548));
#1548 = ORIENTED_EDGE('',*,*,#1549,.F.);
#1549 = EDGE_CURVE('',#1550,#1550,#1552,.T.);
#1550 = VERTEX_POINT('',#1551);
#1551 = CARTESIAN_POINT('',(102.,-26.,5.5));
#1552 = CIRCLE('',#1553,5.5);
#1553 = AXIS2_PLACEMENT_3D('',#1554,#1555,#1556);
#1554 = CARTESIAN_POINT('',(102.,-26.,0.));
#1555 = DIRECTION('',(1.,0.,-0.));
#1556 = DIRECTION('',(0.,0.,1.));
#1557 = PLANE('',#1558);
#1558 = AXIS2_PLACEMENT_3D('',#1559,#1560,#1561);
#1559 = CARTESIAN_POINT('',(102.,-34.,-12.));
#1560 = DIRECTION('',(1.,0.,0.));
#1561 = DIRECTION('',(0.,0.,1.));
#1562 = ADVANCED_FACE('',(#1563),#1604,.T.);
#1563 = FACE_BOUND('',#1564,.T.);
#1564 = EDGE_LOOP('',(#1565,#1566,#1574,#1582,#1590,#1598));
#1565 = ORIENTED_EDGE('',*,*,#1515,.F.);
#1566 = ORIENTED_EDGE('',*,*,#1567,.T.);
#1567 = EDGE_CURVE('',#1516,#1568,#1570,.T.);
#1568 = VERTEX_POINT('',#1569);
#1569 = CARTESIAN_POINT('',(118.,-34.,12.));
#1570 = LINE('',#1571,#1572);
#1571 = CARTESIAN_POINT('',(102.,-34.,12.));
#1572 = VECTOR('',#1573,1.);
#1573 = DIRECTION('',(1.,0.,0.));
#1574 = ORIENTED_EDGE('',*,*,#1575,.T.);
#1575 = EDGE_CURVE('',#1568,#1576,#1578,.T.);
#1576 = VERTEX_POINT('',#1577);
#1577 = CARTESIAN_POINT('',(118.,16.,12.));
#1578 = LINE('',#1579,#1580);
#1579 = CARTESIAN_POINT('',(118.,-34.,12.));
#1580 = VECTOR('',#1581,1.);
#1581 = DIRECTION('',(0.,1.,0.));
#1582 = ORIENTED_EDGE('',*,*,#1583,.F.);
#1583 = EDGE_CURVE('',#1584,#1576,#1586,.T.);
#1584 = VERTEX_POINT('',#1585);
#1585 = CARTESIAN_POINT('',(86.,16.,12.));
#1586 = LINE('',#1587,#1588);
#1587 = CARTESIAN_POINT('',(102.,16.,12.));
#1588 = VECTOR('',#1589,1.);
#1589 = DIRECTION('',(1.,0.,0.));
#1590 = ORIENTED_EDGE('',*,*,#1591,.F.);
#1591 = EDGE_CURVE('',#1592,#1584,#1594,.T.);
#1592 = VERTEX_POINT('',#1593);
#1593 = CARTESIAN_POINT('',(86.,8.,12.));
#1594 = LINE('',#1595,#1596);
#1595 = CARTESIAN_POINT('',(86.,8.,12.));
#1596 = VECTOR('',#1597,1.);
#1597 = DIRECTION('',(0.,1.,0.));
#1598 = ORIENTED_EDGE('',*,*,#1599,.T.);
#1599 = EDGE_CURVE('',#1592,#1518,#1600,.T.);
#1600 = LINE('',#1601,#1602);
#1601 = CARTESIAN_POINT('',(86.,8.,12.));
#1602 = VECTOR('',#1603,1.);
#1603 = DIRECTION('',(1.,0.,0.));
#1604 = PLANE('',#1605);
#1605 = AXIS2_PLACEMENT_3D('',#1606,#1607,#1608);
#1606 = CARTESIAN_POINT('',(106.09756097561,-4.90243902439,12.));
#1607 = DIRECTION('',(0.,0.,1.));
#1608 = DIRECTION('',(1.,0.,0.));
#1609 = ADVANCED_FACE('',(#1610),#1628,.F.);
#1610 = FACE_BOUND('',#1611,.F.);
#1611 = EDGE_LOOP('',(#1612,#1620,#1621,#1622));
#1612 = ORIENTED_EDGE('',*,*,#1613,.F.);
#1613 = EDGE_CURVE('',#1526,#1614,#1616,.T.);
#1614 = VERTEX_POINT('',#1615);
#1615 = CARTESIAN_POINT('',(118.,-34.,-12.));
#1616 = LINE('',#1617,#1618);
#1617 = CARTESIAN_POINT('',(102.,-34.,-12.));
#1618 = VECTOR('',#1619,1.);
#1619 = DIRECTION('',(1.,0.,0.));
#1620 = ORIENTED_EDGE('',*,*,#1525,.T.);
#1621 = ORIENTED_EDGE('',*,*,#1567,.T.);
#1622 = ORIENTED_EDGE('',*,*,#1623,.F.);
#1623 = EDGE_CURVE('',#1614,#1568,#1624,.T.);
#1624 = LINE('',#1625,#1626);
#1625 = CARTESIAN_POINT('',(118.,-34.,-12.));
#1626 = VECTOR('',#1627,1.);
#1627 = DIRECTION('',(0.,0.,1.));
#1628 = PLANE('',#1629);
#1629 = AXIS2_PLACEMENT_3D('',#1630,#1631,#1632);
#1630 = CARTESIAN_POINT('',(102.,-34.,-12.));
#1631 = DIRECTION('',(0.,1.,0.));
#1632 = DIRECTION('',(0.,0.,1.));
#1633 = ADVANCED_FACE('',(#1634),#1652,.F.);
#1634 = FACE_BOUND('',#1635,.F.);
#1635 = EDGE_LOOP('',(#1636,#1644,#1650,#1651));
#1636 = ORIENTED_EDGE('',*,*,#1637,.F.);
#1637 = EDGE_CURVE('',#1638,#1534,#1640,.T.);
#1638 = VERTEX_POINT('',#1639);
#1639 = CARTESIAN_POINT('',(86.,8.,-12.));
#1640 = LINE('',#1641,#1642);
#1641 = CARTESIAN_POINT('',(86.,8.,-12.));
#1642 = VECTOR('',#1643,1.);
#1643 = DIRECTION('',(1.,0.,0.));
#1644 = ORIENTED_EDGE('',*,*,#1645,.T.);
#1645 = EDGE_CURVE('',#1638,#1592,#1646,.T.);
#1646 = LINE('',#1647,#1648);
#1647 = CARTESIAN_POINT('',(86.,8.,-12.));
#1648 = VECTOR('',#1649,1.);
#1649 = DIRECTION('',(0.,0.,1.));
#1650 = ORIENTED_EDGE('',*,*,#1599,.T.);
#1651 = ORIENTED_EDGE('',*,*,#1541,.F.);
#1652 = PLANE('',#1653);
#1653 = AXIS2_PLACEMENT_3D('',#1654,#1655,#1656);
#1654 = CARTESIAN_POINT('',(86.,8.,-12.));
#1655 = DIRECTION('',(0.,1.,0.));
#1656 = DIRECTION('',(0.,0.,1.));
#1657 = ADVANCED_FACE('',(#1658),#1685,.T.);
#1658 = FACE_BOUND('',#1659,.T.);
#1659 = EDGE_LOOP('',(#1660,#1661,#1662,#1670,#1678,#1684));
#1660 = ORIENTED_EDGE('',*,*,#1533,.T.);
#1661 = ORIENTED_EDGE('',*,*,#1637,.F.);
#1662 = ORIENTED_EDGE('',*,*,#1663,.T.);
#1663 = EDGE_CURVE('',#1638,#1664,#1666,.T.);
#1664 = VERTEX_POINT('',#1665);
#1665 = CARTESIAN_POINT('',(86.,16.,-12.));
#1666 = LINE('',#1667,#1668);
#1667 = CARTESIAN_POINT('',(86.,8.,-12.));
#1668 = VECTOR('',#1669,1.);
#1669 = DIRECTION('',(0.,1.,0.));
#1670 = ORIENTED_EDGE('',*,*,#1671,.T.);
#1671 = EDGE_CURVE('',#1664,#1672,#1674,.T.);
#1672 = VERTEX_POINT('',#1673);
#1673 = CARTESIAN_POINT('',(118.,16.,-12.));
#1674 = LINE('',#1675,#1676);
#1675 = CARTESIAN_POINT('',(86.,16.,-12.));
#1676 = VECTOR('',#1677,1.);
#1677 = DIRECTION('',(1.,0.,0.));
#1678 = ORIENTED_EDGE('',*,*,#1679,.F.);
#1679 = EDGE_CURVE('',#1614,#1672,#1680,.T.);
#1680 = LINE('',#1681,#1682);
#1681 = CARTESIAN_POINT('',(118.,-34.,-12.));
#1682 = VECTOR('',#1683,1.);
#1683 = DIRECTION('',(0.,1.,0.));
#1684 = ORIENTED_EDGE('',*,*,#1613,.F.);
#1685 = PLANE('',#1686);
#1686 = AXIS2_PLACEMENT_3D('',#1687,#1688,#1689);
#1687 = CARTESIAN_POINT('',(106.09756097561,-4.90243902439,-12.));
#1688 = DIRECTION('',(-0.,-0.,-1.));
#1689 = DIRECTION('',(-1.,0.,0.));
#1690 = ADVANCED_FACE('',(#1691),#1710,.F.);
#1691 = FACE_BOUND('',#1692,.F.);
#1692 = EDGE_LOOP('',(#1693,#1702,#1708,#1709));
#1693 = ORIENTED_EDGE('',*,*,#1694,.F.);
#1694 = EDGE_CURVE('',#1695,#1695,#1697,.T.);
#1695 = VERTEX_POINT('',#1696);
#1696 = CARTESIAN_POINT('',(118.,-26.,5.5));
#1697 = CIRCLE('',#1698,5.5);
#1698 = AXIS2_PLACEMENT_3D('',#1699,#1700,#1701);
#1699 = CARTESIAN_POINT('',(118.,-26.,0.));
#1700 = DIRECTION('',(1.,0.,-0.));
#1701 = DIRECTION('',(0.,0.,1.));
#1702 = ORIENTED_EDGE('',*,*,#1703,.F.);
#1703 = EDGE_CURVE('',#1550,#1695,#1704,.T.);
#1704 = LINE('',#1705,#1706);
#1705 = CARTESIAN_POINT('',(100.,-26.,5.5));
#1706 = VECTOR('',#1707,1.);
#1707 = DIRECTION('',(1.,0.,0.));
#1708 = ORIENTED_EDGE('',*,*,#1549,.T.);
#1709 = ORIENTED_EDGE('',*,*,#1703,.T.);
#1710 = CYLINDRICAL_SURFACE('',#1711,5.5);
#1711 = AXIS2_PLACEMENT_3D('',#1712,#1713,#1714);
#1712 = CARTESIAN_POINT('',(100.,-26.,0.));
#1713 = DIRECTION('',(1.,0.,0.));
#1714 = DIRECTION('',(0.,0.,1.));
#1715 = ADVANCED_FACE('',(#1716,#1727),#1730,.T.);
#1716 = FACE_BOUND('',#1717,.T.);
#1717 = EDGE_LOOP('',(#1718,#1719,#1720,#1721));
#1718 = ORIENTED_EDGE('',*,*,#1575,.F.);
#1719 = ORIENTED_EDGE('',*,*,#1623,.F.);
#1720 = ORIENTED_EDGE('',*,*,#1679,.T.);
#1721 = ORIENTED_EDGE('',*,*,#1722,.T.);
#1722 = EDGE_CURVE('',#1672,#1576,#1723,.T.);
#1723 = LINE('',#1724,#1725);
#1724 = CARTESIAN_POINT('',(118.,16.,-12.));
#1725 = VECTOR('',#1726,1.);
#1726 = DIRECTION('',(0.,0.,1.));
#1727 = FACE_BOUND('',#1728,.T.);
#1728 = EDGE_LOOP('',(#1729));
#1729 = ORIENTED_EDGE('',*,*,#1694,.F.);
#1730 = PLANE('',#1731);
#1731 = AXIS2_PLACEMENT_3D('',#1732,#1733,#1734);
#1732 = CARTESIAN_POINT('',(118.,-34.,-12.));
#1733 = DIRECTION('',(1.,0.,0.));
#1734 = DIRECTION('',(0.,0.,1.));
#1735 = ADVANCED_FACE('',(#1736),#1747,.T.);
#1736 = FACE_BOUND('',#1737,.T.);
#1737 = EDGE_LOOP('',(#1738,#1739,#1745,#1746));
#1738 = ORIENTED_EDGE('',*,*,#1671,.F.);
#1739 = ORIENTED_EDGE('',*,*,#1740,.T.);
#1740 = EDGE_CURVE('',#1664,#1584,#1741,.T.);
#1741 = LINE('',#1742,#1743);
#1742 = CARTESIAN_POINT('',(86.,16.,-12.));
#1743 = VECTOR('',#1744,1.);
#1744 = DIRECTION('',(0.,0.,1.));
#1745 = ORIENTED_EDGE('',*,*,#1583,.T.);
#1746 = ORIENTED_EDGE('',*,*,#1722,.F.);
#1747 = PLANE('',#1748);
#1748 = AXIS2_PLACEMENT_3D('',#1749,#1750,#1751);
#1749 = CARTESIAN_POINT('',(102.,16.,0.));
#1750 = DIRECTION('',(0.,1.,0.));
#1751 = DIRECTION('',(0.,0.,1.));
#1752 = ADVANCED_FACE('',(#1753),#1759,.F.);
#1753 = FACE_BOUND('',#1754,.F.);
#1754 = EDGE_LOOP('',(#1755,#1756,#1757,#1758));
#1755 = ORIENTED_EDGE('',*,*,#1645,.F.);
#1756 = ORIENTED_EDGE('',*,*,#1663,.T.);
#1757 = ORIENTED_EDGE('',*,*,#1740,.T.);
#1758 = ORIENTED_EDGE('',*,*,#1591,.F.);
#1759 = PLANE('',#1760);
#1760 = AXIS2_PLACEMENT_3D('',#1761,#1762,#1763);
#1761 = CARTESIAN_POINT('',(86.,8.,-12.));
#1762 = DIRECTION('',(1.,0.,0.));
#1763 = DIRECTION('',(0.,0.,1.));
#1764 = MANIFOLD_SOLID_BREP('',#1765);
#1765 = CLOSED_SHELL('',(#1766,#1806,#1837,#1868,#1899,#1930,#1952,#1966
    ));
#1766 = ADVANCED_FACE('',(#1767),#1801,.F.);
#1767 = FACE_BOUND('',#1768,.F.);
#1768 = EDGE_LOOP('',(#1769,#1779,#1787,#1795));
#1769 = ORIENTED_EDGE('',*,*,#1770,.T.);
#1770 = EDGE_CURVE('',#1771,#1773,#1775,.T.);
#1771 = VERTEX_POINT('',#1772);
#1772 = CARTESIAN_POINT('',(118.,-16.76239569296,0.));
#1773 = VERTEX_POINT('',#1774);
#1774 = CARTESIAN_POINT('',(126.,-16.76239569296,0.));
#1775 = LINE('',#1776,#1777);
#1776 = CARTESIAN_POINT('',(118.,-16.76239569296,0.));
#1777 = VECTOR('',#1778,1.);
#1778 = DIRECTION('',(1.,0.,0.));
#1779 = ORIENTED_EDGE('',*,*,#1780,.T.);
#1780 = EDGE_CURVE('',#1773,#1781,#1783,.T.);
#1781 = VERTEX_POINT('',#1782);
#1782 = CARTESIAN_POINT('',(126.,-21.38119784648,8.));
#1783 = LINE('',#1784,#1785);
#1784 = CARTESIAN_POINT('',(126.,-16.76239569296,0.));
#1785 = VECTOR('',#1786,1.);
#1786 = DIRECTION('',(0.,-0.5,0.866025403784));
#1787 = ORIENTED_EDGE('',*,*,#1788,.F.);
#1788 = EDGE_CURVE('',#1789,#1781,#1791,.T.);
#1789 = VERTEX_POINT('',#1790);
#1790 = CARTESIAN_POINT('',(118.,-21.38119784648,8.));
#1791 = LINE('',#1792,#1793);
#1792 = CARTESIAN_POINT('',(118.,-21.38119784648,8.));
#1793 = VECTOR('',#1794,1.);
#1794 = DIRECTION('',(1.,0.,0.));
#1795 = ORIENTED_EDGE('',*,*,#1796,.F.);
#1796 = EDGE_CURVE('',#1771,#1789,#1797,.T.);
#1797 = LINE('',#1798,#1799);
#1798 = CARTESIAN_POINT('',(118.,-16.76239569296,0.));
#1799 = VECTOR('',#1800,1.);
#1800 = DIRECTION('',(0.,-0.5,0.866025403784));
#1801 = PLANE('',#1802);
#1802 = AXIS2_PLACEMENT_3D('',#1803,#1804,#1805);
#1803 = CARTESIAN_POINT('',(118.,-16.76239569296,0.));
#1804 = DIRECTION('',(0.,-0.866025403784,-0.5));
#1805 = DIRECTION('',(0.,-0.5,0.866025403784));
#1806 = ADVANCED_FACE('',(#1807),#1832,.F.);
#1807 = FACE_BOUND('',#1808,.F.);
#1808 = EDGE_LOOP('',(#1809,#1810,#1818,#1826));
#1809 = ORIENTED_EDGE('',*,*,#1788,.T.);
#1810 = ORIENTED_EDGE('',*,*,#1811,.T.);
#1811 = EDGE_CURVE('',#1781,#1812,#1814,.T.);
#1812 = VERTEX_POINT('',#1813);
#1813 = CARTESIAN_POINT('',(126.,-30.61880215351,8.));
#1814 = LINE('',#1815,#1816);
#1815 = CARTESIAN_POINT('',(126.,-21.38119784648,8.));
#1816 = VECTOR('',#1817,1.);
#1817 = DIRECTION('',(0.,-1.,1.922962686384E-16));
#1818 = ORIENTED_EDGE('',*,*,#1819,.F.);
#1819 = EDGE_CURVE('',#1820,#1812,#1822,.T.);
#1820 = VERTEX_POINT('',#1821);
#1821 = CARTESIAN_POINT('',(118.,-30.61880215351,8.));
#1822 = LINE('',#1823,#1824);
#1823 = CARTESIAN_POINT('',(118.,-30.61880215351,8.));
#1824 = VECTOR('',#1825,1.);
#1825 = DIRECTION('',(1.,0.,0.));
#1826 = ORIENTED_EDGE('',*,*,#1827,.F.);
#1827 = EDGE_CURVE('',#1789,#1820,#1828,.T.);
#1828 = LINE('',#1829,#1830);
#1829 = CARTESIAN_POINT('',(118.,-21.38119784648,8.));
#1830 = VECTOR('',#1831,1.);
#1831 = DIRECTION('',(0.,-1.,1.922962686384E-16));
#1832 = PLANE('',#1833);
#1833 = AXIS2_PLACEMENT_3D('',#1834,#1835,#1836);
#1834 = CARTESIAN_POINT('',(118.,-21.38119784648,8.));
#1835 = DIRECTION('',(0.,-1.922962686384E-16,-1.));
#1836 = DIRECTION('',(0.,-1.,1.922962686384E-16));
#1837 = ADVANCED_FACE('',(#1838),#1863,.F.);
#1838 = FACE_BOUND('',#1839,.F.);
#1839 = EDGE_LOOP('',(#1840,#1841,#1849,#1857));
#1840 = ORIENTED_EDGE('',*,*,#1819,.T.);
#1841 = ORIENTED_EDGE('',*,*,#1842,.T.);
#1842 = EDGE_CURVE('',#1812,#1843,#1845,.T.);
#1843 = VERTEX_POINT('',#1844);
#1844 = CARTESIAN_POINT('',(126.,-35.23760430703,1.13128025464E-15));
#1845 = LINE('',#1846,#1847);
#1846 = CARTESIAN_POINT('',(126.,-30.61880215351,8.));
#1847 = VECTOR('',#1848,1.);
#1848 = DIRECTION('',(0.,-0.5,-0.866025403784));
#1849 = ORIENTED_EDGE('',*,*,#1850,.F.);
#1850 = EDGE_CURVE('',#1851,#1843,#1853,.T.);
#1851 = VERTEX_POINT('',#1852);
#1852 = CARTESIAN_POINT('',(118.,-35.23760430703,1.13128025464E-15));
#1853 = LINE('',#1854,#1855);
#1854 = CARTESIAN_POINT('',(118.,-35.23760430703,1.13128025464E-15));
#1855 = VECTOR('',#1856,1.);
#1856 = DIRECTION('',(1.,0.,0.));
#1857 = ORIENTED_EDGE('',*,*,#1858,.F.);
#1858 = EDGE_CURVE('',#1820,#1851,#1859,.T.);
#1859 = LINE('',#1860,#1861);
#1860 = CARTESIAN_POINT('',(118.,-30.61880215351,8.));
#1861 = VECTOR('',#1862,1.);
#1862 = DIRECTION('',(0.,-0.5,-0.866025403784));
#1863 = PLANE('',#1864);
#1864 = AXIS2_PLACEMENT_3D('',#1865,#1866,#1867);
#1865 = CARTESIAN_POINT('',(118.,-30.61880215351,8.));
#1866 = DIRECTION('',(0.,0.866025403784,-0.5));
#1867 = DIRECTION('',(0.,-0.5,-0.866025403784));
#1868 = ADVANCED_FACE('',(#1869),#1894,.F.);
#1869 = FACE_BOUND('',#1870,.F.);
#1870 = EDGE_LOOP('',(#1871,#1872,#1880,#1888));
#1871 = ORIENTED_EDGE('',*,*,#1850,.T.);
#1872 = ORIENTED_EDGE('',*,*,#1873,.T.);
#1873 = EDGE_CURVE('',#1843,#1874,#1876,.T.);
#1874 = VERTEX_POINT('',#1875);
#1875 = CARTESIAN_POINT('',(126.,-30.61880215351,-8.));
#1876 = LINE('',#1877,#1878);
#1877 = CARTESIAN_POINT('',(126.,-35.23760430703,1.13128025464E-15));
#1878 = VECTOR('',#1879,1.);
#1879 = DIRECTION('',(0.,0.5,-0.866025403784));
#1880 = ORIENTED_EDGE('',*,*,#1881,.F.);
#1881 = EDGE_CURVE('',#1882,#1874,#1884,.T.);
#1882 = VERTEX_POINT('',#1883);
#1883 = CARTESIAN_POINT('',(118.,-30.61880215351,-8.));
#1884 = LINE('',#1885,#1886);
#1885 = CARTESIAN_POINT('',(118.,-30.61880215351,-8.));
#1886 = VECTOR('',#1887,1.);
#1887 = DIRECTION('',(1.,0.,0.));
#1888 = ORIENTED_EDGE('',*,*,#1889,.F.);
#1889 = EDGE_CURVE('',#1851,#1882,#1890,.T.);
#1890 = LINE('',#1891,#1892);
#1891 = CARTESIAN_POINT('',(118.,-35.23760430703,1.13128025464E-15));
#1892 = VECTOR('',#1893,1.);
#1893 = DIRECTION('',(0.,0.5,-0.866025403784));
#1894 = PLANE('',#1895);
#1895 = AXIS2_PLACEMENT_3D('',#1896,#1897,#1898);
#1896 = CARTESIAN_POINT('',(118.,-35.23760430703,1.13128025464E-15));
#1897 = DIRECTION('',(0.,0.866025403784,0.5));
#1898 = DIRECTION('',(0.,0.5,-0.866025403784));
#1899 = ADVANCED_FACE('',(#1900),#1925,.F.);
#1900 = FACE_BOUND('',#1901,.F.);
#1901 = EDGE_LOOP('',(#1902,#1903,#1911,#1919));
#1902 = ORIENTED_EDGE('',*,*,#1881,.T.);
#1903 = ORIENTED_EDGE('',*,*,#1904,.T.);
#1904 = EDGE_CURVE('',#1874,#1905,#1907,.T.);
#1905 = VERTEX_POINT('',#1906);
#1906 = CARTESIAN_POINT('',(126.,-21.38119784648,-8.));
#1907 = LINE('',#1908,#1909);
#1908 = CARTESIAN_POINT('',(126.,-30.61880215351,-8.));
#1909 = VECTOR('',#1910,1.);
#1910 = DIRECTION('',(0.,1.,0.));
#1911 = ORIENTED_EDGE('',*,*,#1912,.F.);
#1912 = EDGE_CURVE('',#1913,#1905,#1915,.T.);
#1913 = VERTEX_POINT('',#1914);
#1914 = CARTESIAN_POINT('',(118.,-21.38119784648,-8.));
#1915 = LINE('',#1916,#1917);
#1916 = CARTESIAN_POINT('',(118.,-21.38119784648,-8.));
#1917 = VECTOR('',#1918,1.);
#1918 = DIRECTION('',(1.,0.,0.));
#1919 = ORIENTED_EDGE('',*,*,#1920,.F.);
#1920 = EDGE_CURVE('',#1882,#1913,#1921,.T.);
#1921 = LINE('',#1922,#1923);
#1922 = CARTESIAN_POINT('',(118.,-30.61880215351,-8.));
#1923 = VECTOR('',#1924,1.);
#1924 = DIRECTION('',(0.,1.,0.));
#1925 = PLANE('',#1926);
#1926 = AXIS2_PLACEMENT_3D('',#1927,#1928,#1929);
#1927 = CARTESIAN_POINT('',(118.,-30.61880215351,-8.));
#1928 = DIRECTION('',(0.,0.,1.));
#1929 = DIRECTION('',(0.,1.,0.));
#1930 = ADVANCED_FACE('',(#1931),#1947,.F.);
#1931 = FACE_BOUND('',#1932,.F.);
#1932 = EDGE_LOOP('',(#1933,#1934,#1940,#1941));
#1933 = ORIENTED_EDGE('',*,*,#1912,.T.);
#1934 = ORIENTED_EDGE('',*,*,#1935,.T.);
#1935 = EDGE_CURVE('',#1905,#1773,#1936,.T.);
#1936 = LINE('',#1937,#1938);
#1937 = CARTESIAN_POINT('',(126.,-21.38119784648,-8.));
#1938 = VECTOR('',#1939,1.);
#1939 = DIRECTION('',(0.,0.5,0.866025403784));
#1940 = ORIENTED_EDGE('',*,*,#1770,.F.);
#1941 = ORIENTED_EDGE('',*,*,#1942,.F.);
#1942 = EDGE_CURVE('',#1913,#1771,#1943,.T.);
#1943 = LINE('',#1944,#1945);
#1944 = CARTESIAN_POINT('',(118.,-21.38119784648,-8.));
#1945 = VECTOR('',#1946,1.);
#1946 = DIRECTION('',(0.,0.5,0.866025403784));
#1947 = PLANE('',#1948);
#1948 = AXIS2_PLACEMENT_3D('',#1949,#1950,#1951);
#1949 = CARTESIAN_POINT('',(118.,-21.38119784648,-8.));
#1950 = DIRECTION('',(0.,-0.866025403784,0.5));
#1951 = DIRECTION('',(0.,0.5,0.866025403784));
#1952 = ADVANCED_FACE('',(#1953),#1961,.F.);
#1953 = FACE_BOUND('',#1954,.F.);
#1954 = EDGE_LOOP('',(#1955,#1956,#1957,#1958,#1959,#1960));
#1955 = ORIENTED_EDGE('',*,*,#1796,.T.);
#1956 = ORIENTED_EDGE('',*,*,#1827,.T.);
#1957 = ORIENTED_EDGE('',*,*,#1858,.T.);
#1958 = ORIENTED_EDGE('',*,*,#1889,.T.);
#1959 = ORIENTED_EDGE('',*,*,#1920,.T.);
#1960 = ORIENTED_EDGE('',*,*,#1942,.T.);
#1961 = PLANE('',#1962);
#1962 = AXIS2_PLACEMENT_3D('',#1963,#1964,#1965);
#1963 = CARTESIAN_POINT('',(118.,-26.,-3.845925372767E-16));
#1964 = DIRECTION('',(1.,0.,0.));
#1965 = DIRECTION('',(0.,0.,1.));
#1966 = ADVANCED_FACE('',(#1967),#1975,.T.);
#1967 = FACE_BOUND('',#1968,.T.);
#1968 = EDGE_LOOP('',(#1969,#1970,#1971,#1972,#1973,#1974));
#1969 = ORIENTED_EDGE('',*,*,#1780,.T.);
#1970 = ORIENTED_EDGE('',*,*,#1811,.T.);
#1971 = ORIENTED_EDGE('',*,*,#1842,.T.);
#1972 = ORIENTED_EDGE('',*,*,#1873,.T.);
#1973 = ORIENTED_EDGE('',*,*,#1904,.T.);
#1974 = ORIENTED_EDGE('',*,*,#1935,.T.);
#1975 = PLANE('',#1976);
#1976 = AXIS2_PLACEMENT_3D('',#1977,#1978,#1979);
#1977 = CARTESIAN_POINT('',(126.,-26.,-3.845925372767E-16));
#1978 = DIRECTION('',(1.,0.,0.));
#1979 = DIRECTION('',(0.,0.,1.));
#1980 = MANIFOLD_SOLID_BREP('',#1981);
#1981 = CLOSED_SHELL('',(#1982,#2051,#2071,#2091,#2146,#2170,#2218,#2235
    ,#2260,#2285,#2307,#2324,#2336,#2348,#2357));
#1982 = ADVANCED_FACE('',(#1983,#2010),#2046,.T.);
#1983 = FACE_BOUND('',#1984,.T.);
#1984 = EDGE_LOOP('',(#1985,#1995,#2002,#2003));
#1985 = ORIENTED_EDGE('',*,*,#1986,.T.);
#1986 = EDGE_CURVE('',#1987,#1989,#1991,.T.);
#1987 = VERTEX_POINT('',#1988);
#1988 = CARTESIAN_POINT('',(56.,-23.,-8.));
#1989 = VERTEX_POINT('',#1990);
#1990 = CARTESIAN_POINT('',(56.,-23.,8.));
#1991 = LINE('',#1992,#1993);
#1992 = CARTESIAN_POINT('',(56.,-23.,-8.));
#1993 = VECTOR('',#1994,1.);
#1994 = DIRECTION('',(0.,0.,1.));
#1995 = ORIENTED_EDGE('',*,*,#1996,.F.);
#1996 = EDGE_CURVE('',#1989,#1989,#1997,.T.);
#1997 = CIRCLE('',#1998,11.);
#1998 = AXIS2_PLACEMENT_3D('',#1999,#2000,#2001);
#1999 = CARTESIAN_POINT('',(45.,-23.,8.));
#2000 = DIRECTION('',(0.,0.,1.));
#2001 = DIRECTION('',(1.,0.,0.));
#2002 = ORIENTED_EDGE('',*,*,#1986,.F.);
#2003 = ORIENTED_EDGE('',*,*,#2004,.T.);
#2004 = EDGE_CURVE('',#1987,#1987,#2005,.T.);
#2005 = CIRCLE('',#2006,11.);
#2006 = AXIS2_PLACEMENT_3D('',#2007,#2008,#2009);
#2007 = CARTESIAN_POINT('',(45.,-23.,-8.));
#2008 = DIRECTION('',(0.,0.,1.));
#2009 = DIRECTION('',(1.,0.,0.));
#2010 = FACE_BOUND('',#2011,.T.);
#2011 = EDGE_LOOP('',(#2012,#2023,#2031,#2040));
#2012 = ORIENTED_EDGE('',*,*,#2013,.F.);
#2013 = EDGE_CURVE('',#2014,#2016,#2018,.T.);
#2014 = VERTEX_POINT('',#2015);
#2015 = CARTESIAN_POINT('',(34.045548849897,-24.,-5.));
#2016 = VERTEX_POINT('',#2017);
#2017 = CARTESIAN_POINT('',(40.,-32.79795897113,-5.));
#2018 = CIRCLE('',#2019,11.);
#2019 = AXIS2_PLACEMENT_3D('',#2020,#2021,#2022);
#2020 = CARTESIAN_POINT('',(45.,-23.,-5.));
#2021 = DIRECTION('',(0.,0.,1.));
#2022 = DIRECTION('',(1.,0.,0.));
#2023 = ORIENTED_EDGE('',*,*,#2024,.T.);
#2024 = EDGE_CURVE('',#2014,#2025,#2027,.T.);
#2025 = VERTEX_POINT('',#2026);
#2026 = CARTESIAN_POINT('',(34.045548849897,-24.,5.));
#2027 = LINE('',#2028,#2029);
#2028 = CARTESIAN_POINT('',(34.045548849897,-24.,-8.));
#2029 = VECTOR('',#2030,1.);
#2030 = DIRECTION('',(0.,0.,1.));
#2031 = ORIENTED_EDGE('',*,*,#2032,.T.);
#2032 = EDGE_CURVE('',#2025,#2033,#2035,.T.);
#2033 = VERTEX_POINT('',#2034);
#2034 = CARTESIAN_POINT('',(40.,-32.79795897113,5.));
#2035 = CIRCLE('',#2036,11.);
#2036 = AXIS2_PLACEMENT_3D('',#2037,#2038,#2039);
#2037 = CARTESIAN_POINT('',(45.,-23.,5.));
#2038 = DIRECTION('',(0.,0.,1.));
#2039 = DIRECTION('',(1.,0.,0.));
#2040 = ORIENTED_EDGE('',*,*,#2041,.F.);
#2041 = EDGE_CURVE('',#2016,#2033,#2042,.T.);
#2042 = LINE('',#2043,#2044);
#2043 = CARTESIAN_POINT('',(40.,-32.79795897113,-8.));
#2044 = VECTOR('',#2045,1.);
#2045 = DIRECTION('',(0.,0.,1.));
#2046 = CYLINDRICAL_SURFACE('',#2047,11.);
#2047 = AXIS2_PLACEMENT_3D('',#2048,#2049,#2050);
#2048 = CARTESIAN_POINT('',(45.,-23.,-8.));
#2049 = DIRECTION('',(0.,0.,1.));
#2050 = DIRECTION('',(1.,0.,0.));
#2051 = ADVANCED_FACE('',(#2052,#2055),#2066,.F.);
#2052 = FACE_BOUND('',#2053,.F.);
#2053 = EDGE_LOOP('',(#2054));
#2054 = ORIENTED_EDGE('',*,*,#2004,.T.);
#2055 = FACE_BOUND('',#2056,.F.);
#2056 = EDGE_LOOP('',(#2057));
#2057 = ORIENTED_EDGE('',*,*,#2058,.F.);
#2058 = EDGE_CURVE('',#2059,#2059,#2061,.T.);
#2059 = VERTEX_POINT('',#2060);
#2060 = CARTESIAN_POINT('',(48.,-26.,-8.));
#2061 = CIRCLE('',#2062,3.);
#2062 = AXIS2_PLACEMENT_3D('',#2063,#2064,#2065);
#2063 = CARTESIAN_POINT('',(45.,-26.,-8.));
#2064 = DIRECTION('',(0.,0.,1.));
#2065 = DIRECTION('',(1.,0.,0.));
#2066 = PLANE('',#2067);
#2067 = AXIS2_PLACEMENT_3D('',#2068,#2069,#2070);
#2068 = CARTESIAN_POINT('',(45.,-23.,-8.));
#2069 = DIRECTION('',(0.,0.,1.));
#2070 = DIRECTION('',(1.,0.,0.));
#2071 = ADVANCED_FACE('',(#2072,#2075),#2086,.T.);
#2072 = FACE_BOUND('',#2073,.T.);
#2073 = EDGE_LOOP('',(#2074));
#2074 = ORIENTED_EDGE('',*,*,#1996,.T.);
#2075 = FACE_BOUND('',#2076,.T.);
#2076 = EDGE_LOOP('',(#2077));
#2077 = ORIENTED_EDGE('',*,*,#2078,.F.);
#2078 = EDGE_CURVE('',#2079,#2079,#2081,.T.);
#2079 = VERTEX_POINT('',#2080);
#2080 = CARTESIAN_POINT('',(48.,-26.,8.));
#2081 = CIRCLE('',#2082,3.);
#2082 = AXIS2_PLACEMENT_3D('',#2083,#2084,#2085);
#2083 = CARTESIAN_POINT('',(45.,-26.,8.));
#2084 = DIRECTION('',(0.,0.,1.));
#2085 = DIRECTION('',(1.,0.,0.));
#2086 = PLANE('',#2087);
#2087 = AXIS2_PLACEMENT_3D('',#2088,#2089,#2090);
#2088 = CARTESIAN_POINT('',(45.,-23.,8.));
#2089 = DIRECTION('',(0.,0.,1.));
#2090 = DIRECTION('',(1.,0.,0.));
#2091 = ADVANCED_FACE('',(#2092),#2141,.T.);
#2092 = FACE_BOUND('',#2093,.T.);
#2093 = EDGE_LOOP('',(#2094,#2104,#2112,#2118,#2119,#2127,#2135));
#2094 = ORIENTED_EDGE('',*,*,#2095,.F.);
#2095 = EDGE_CURVE('',#2096,#2098,#2100,.T.);
#2096 = VERTEX_POINT('',#2097);
#2097 = CARTESIAN_POINT('',(30.,-66.,-5.));
#2098 = VERTEX_POINT('',#2099);
#2099 = CARTESIAN_POINT('',(45.,-66.,-5.));
#2100 = LINE('',#2101,#2102);
#2101 = CARTESIAN_POINT('',(30.,-66.,-5.));
#2102 = VECTOR('',#2103,1.);
#2103 = DIRECTION('',(1.,0.,0.));
#2104 = ORIENTED_EDGE('',*,*,#2105,.T.);
#2105 = EDGE_CURVE('',#2096,#2106,#2108,.T.);
#2106 = VERTEX_POINT('',#2107);
#2107 = CARTESIAN_POINT('',(30.,-24.,-5.));
#2108 = LINE('',#2109,#2110);
#2109 = CARTESIAN_POINT('',(30.,-66.,-5.));
#2110 = VECTOR('',#2111,1.);
#2111 = DIRECTION('',(0.,1.,0.));
#2112 = ORIENTED_EDGE('',*,*,#2113,.T.);
#2113 = EDGE_CURVE('',#2106,#2014,#2114,.T.);
#2114 = LINE('',#2115,#2116);
#2115 = CARTESIAN_POINT('',(30.,-24.,-5.));
#2116 = VECTOR('',#2117,1.);
#2117 = DIRECTION('',(1.,0.,0.));
#2118 = ORIENTED_EDGE('',*,*,#2013,.T.);
#2119 = ORIENTED_EDGE('',*,*,#2120,.F.);
#2120 = EDGE_CURVE('',#2121,#2016,#2123,.T.);
#2121 = VERTEX_POINT('',#2122);
#2122 = CARTESIAN_POINT('',(40.,-56.,-5.));
#2123 = LINE('',#2124,#2125);
#2124 = CARTESIAN_POINT('',(40.,-66.,-5.));
#2125 = VECTOR('',#2126,1.);
#2126 = DIRECTION('',(0.,1.,0.));
#2127 = ORIENTED_EDGE('',*,*,#2128,.T.);
#2128 = EDGE_CURVE('',#2121,#2129,#2131,.T.);
#2129 = VERTEX_POINT('',#2130);
#2130 = CARTESIAN_POINT('',(45.,-56.,-5.));
#2131 = LINE('',#2132,#2133);
#2132 = CARTESIAN_POINT('',(30.,-56.,-5.));
#2133 = VECTOR('',#2134,1.);
#2134 = DIRECTION('',(1.,0.,0.));
#2135 = ORIENTED_EDGE('',*,*,#2136,.F.);
#2136 = EDGE_CURVE('',#2098,#2129,#2137,.T.);
#2137 = LINE('',#2138,#2139);
#2138 = CARTESIAN_POINT('',(45.,-66.,-5.));
#2139 = VECTOR('',#2140,1.);
#2140 = DIRECTION('',(0.,1.,0.));
#2141 = PLANE('',#2142);
#2142 = AXIS2_PLACEMENT_3D('',#2143,#2144,#2145);
#2143 = CARTESIAN_POINT('',(36.09649122807,-46.40350877193,-5.));
#2144 = DIRECTION('',(-0.,-0.,-1.));
#2145 = DIRECTION('',(-1.,0.,0.));
#2146 = ADVANCED_FACE('',(#2147),#2165,.T.);
#2147 = FACE_BOUND('',#2148,.T.);
#2148 = EDGE_LOOP('',(#2149,#2157,#2163,#2164));
#2149 = ORIENTED_EDGE('',*,*,#2150,.F.);
#2150 = EDGE_CURVE('',#2151,#2033,#2153,.T.);
#2151 = VERTEX_POINT('',#2152);
#2152 = CARTESIAN_POINT('',(40.,-56.,5.));
#2153 = LINE('',#2154,#2155);
#2154 = CARTESIAN_POINT('',(40.,-66.,5.));
#2155 = VECTOR('',#2156,1.);
#2156 = DIRECTION('',(0.,1.,0.));
#2157 = ORIENTED_EDGE('',*,*,#2158,.T.);
#2158 = EDGE_CURVE('',#2151,#2121,#2159,.T.);
#2159 = LINE('',#2160,#2161);
#2160 = CARTESIAN_POINT('',(40.,-56.,-5.));
#2161 = VECTOR('',#2162,1.);
#2162 = DIRECTION('',(0.,0.,-1.));
#2163 = ORIENTED_EDGE('',*,*,#2120,.T.);
#2164 = ORIENTED_EDGE('',*,*,#2041,.T.);
#2165 = PLANE('',#2166);
#2166 = AXIS2_PLACEMENT_3D('',#2167,#2168,#2169);
#2167 = CARTESIAN_POINT('',(40.,-66.,-5.));
#2168 = DIRECTION('',(1.,0.,0.));
#2169 = DIRECTION('',(0.,0.,1.));
#2170 = ADVANCED_FACE('',(#2171),#2213,.T.);
#2171 = FACE_BOUND('',#2172,.T.);
#2172 = EDGE_LOOP('',(#2173,#2183,#2191,#2199,#2205,#2206,#2207));
#2173 = ORIENTED_EDGE('',*,*,#2174,.F.);
#2174 = EDGE_CURVE('',#2175,#2177,#2179,.T.);
#2175 = VERTEX_POINT('',#2176);
#2176 = CARTESIAN_POINT('',(30.,-66.,5.));
#2177 = VERTEX_POINT('',#2178);
#2178 = CARTESIAN_POINT('',(30.,-24.,5.));
#2179 = LINE('',#2180,#2181);
#2180 = CARTESIAN_POINT('',(30.,-66.,5.));
#2181 = VECTOR('',#2182,1.);
#2182 = DIRECTION('',(0.,1.,0.));
#2183 = ORIENTED_EDGE('',*,*,#2184,.T.);
#2184 = EDGE_CURVE('',#2175,#2185,#2187,.T.);
#2185 = VERTEX_POINT('',#2186);
#2186 = CARTESIAN_POINT('',(45.,-66.,5.));
#2187 = LINE('',#2188,#2189);
#2188 = CARTESIAN_POINT('',(30.,-66.,5.));
#2189 = VECTOR('',#2190,1.);
#2190 = DIRECTION('',(1.,0.,0.));
#2191 = ORIENTED_EDGE('',*,*,#2192,.T.);
#2192 = EDGE_CURVE('',#2185,#2193,#2195,.T.);
#2193 = VERTEX_POINT('',#2194);
#2194 = CARTESIAN_POINT('',(45.,-56.,5.));
#2195 = LINE('',#2196,#2197);
#2196 = CARTESIAN_POINT('',(45.,-66.,5.));
#2197 = VECTOR('',#2198,1.);
#2198 = DIRECTION('',(0.,1.,0.));
#2199 = ORIENTED_EDGE('',*,*,#2200,.F.);
#2200 = EDGE_CURVE('',#2151,#2193,#2201,.T.);
#2201 = LINE('',#2202,#2203);
#2202 = CARTESIAN_POINT('',(30.,-56.,5.));
#2203 = VECTOR('',#2204,1.);
#2204 = DIRECTION('',(1.,0.,0.));
#2205 = ORIENTED_EDGE('',*,*,#2150,.T.);
#2206 = ORIENTED_EDGE('',*,*,#2032,.F.);
#2207 = ORIENTED_EDGE('',*,*,#2208,.F.);
#2208 = EDGE_CURVE('',#2177,#2025,#2209,.T.);
#2209 = LINE('',#2210,#2211);
#2210 = CARTESIAN_POINT('',(30.,-24.,5.));
#2211 = VECTOR('',#2212,1.);
#2212 = DIRECTION('',(1.,0.,0.));
#2213 = PLANE('',#2214);
#2214 = AXIS2_PLACEMENT_3D('',#2215,#2216,#2217);
#2215 = CARTESIAN_POINT('',(36.09649122807,-46.40350877193,5.));
#2216 = DIRECTION('',(0.,0.,1.));
#2217 = DIRECTION('',(1.,0.,0.));
#2218 = ADVANCED_FACE('',(#2219),#2230,.T.);
#2219 = FACE_BOUND('',#2220,.T.);
#2220 = EDGE_LOOP('',(#2221,#2222,#2228,#2229));
#2221 = ORIENTED_EDGE('',*,*,#2113,.F.);
#2222 = ORIENTED_EDGE('',*,*,#2223,.T.);
#2223 = EDGE_CURVE('',#2106,#2177,#2224,.T.);
#2224 = LINE('',#2225,#2226);
#2225 = CARTESIAN_POINT('',(30.,-24.,-5.));
#2226 = VECTOR('',#2227,1.);
#2227 = DIRECTION('',(0.,0.,1.));
#2228 = ORIENTED_EDGE('',*,*,#2208,.T.);
#2229 = ORIENTED_EDGE('',*,*,#2024,.F.);
#2230 = PLANE('',#2231);
#2231 = AXIS2_PLACEMENT_3D('',#2232,#2233,#2234);
#2232 = CARTESIAN_POINT('',(30.,-24.,-5.));
#2233 = DIRECTION('',(0.,1.,0.));
#2234 = DIRECTION('',(0.,0.,1.));
#2235 = ADVANCED_FACE('',(#2236),#2255,.T.);
#2236 = FACE_BOUND('',#2237,.T.);
#2237 = EDGE_LOOP('',(#2238,#2239,#2247,#2254));
#2238 = ORIENTED_EDGE('',*,*,#2058,.F.);
#2239 = ORIENTED_EDGE('',*,*,#2240,.F.);
#2240 = EDGE_CURVE('',#2241,#2059,#2243,.T.);
#2241 = VERTEX_POINT('',#2242);
#2242 = CARTESIAN_POINT('',(48.,-26.,-14.));
#2243 = LINE('',#2244,#2245);
#2244 = CARTESIAN_POINT('',(48.,-26.,-14.));
#2245 = VECTOR('',#2246,1.);
#2246 = DIRECTION('',(0.,0.,1.));
#2247 = ORIENTED_EDGE('',*,*,#2248,.T.);
#2248 = EDGE_CURVE('',#2241,#2241,#2249,.T.);
#2249 = CIRCLE('',#2250,3.);
#2250 = AXIS2_PLACEMENT_3D('',#2251,#2252,#2253);
#2251 = CARTESIAN_POINT('',(45.,-26.,-14.));
#2252 = DIRECTION('',(0.,0.,1.));
#2253 = DIRECTION('',(1.,0.,0.));
#2254 = ORIENTED_EDGE('',*,*,#2240,.T.);
#2255 = CYLINDRICAL_SURFACE('',#2256,3.);
#2256 = AXIS2_PLACEMENT_3D('',#2257,#2258,#2259);
#2257 = CARTESIAN_POINT('',(45.,-26.,-14.));
#2258 = DIRECTION('',(0.,0.,1.));
#2259 = DIRECTION('',(1.,0.,0.));
#2260 = ADVANCED_FACE('',(#2261),#2280,.T.);
#2261 = FACE_BOUND('',#2262,.T.);
#2262 = EDGE_LOOP('',(#2263,#2271,#2278,#2279));
#2263 = ORIENTED_EDGE('',*,*,#2264,.T.);
#2264 = EDGE_CURVE('',#2079,#2265,#2267,.T.);
#2265 = VERTEX_POINT('',#2266);
#2266 = CARTESIAN_POINT('',(48.,-26.,14.));
#2267 = LINE('',#2268,#2269);
#2268 = CARTESIAN_POINT('',(48.,-26.,-14.));
#2269 = VECTOR('',#2270,1.);
#2270 = DIRECTION('',(0.,0.,1.));
#2271 = ORIENTED_EDGE('',*,*,#2272,.F.);
#2272 = EDGE_CURVE('',#2265,#2265,#2273,.T.);
#2273 = CIRCLE('',#2274,3.);
#2274 = AXIS2_PLACEMENT_3D('',#2275,#2276,#2277);
#2275 = CARTESIAN_POINT('',(45.,-26.,14.));
#2276 = DIRECTION('',(0.,0.,1.));
#2277 = DIRECTION('',(1.,0.,0.));
#2278 = ORIENTED_EDGE('',*,*,#2264,.F.);
#2279 = ORIENTED_EDGE('',*,*,#2078,.T.);
#2280 = CYLINDRICAL_SURFACE('',#2281,3.);
#2281 = AXIS2_PLACEMENT_3D('',#2282,#2283,#2284);
#2282 = CARTESIAN_POINT('',(45.,-26.,-14.));
#2283 = DIRECTION('',(0.,0.,1.));
#2284 = DIRECTION('',(1.,0.,0.));
#2285 = ADVANCED_FACE('',(#2286),#2302,.F.);
#2286 = FACE_BOUND('',#2287,.T.);
#2287 = EDGE_LOOP('',(#2288,#2289,#2295,#2296));
#2288 = ORIENTED_EDGE('',*,*,#2095,.T.);
#2289 = ORIENTED_EDGE('',*,*,#2290,.T.);
#2290 = EDGE_CURVE('',#2098,#2185,#2291,.T.);
#2291 = LINE('',#2292,#2293);
#2292 = CARTESIAN_POINT('',(45.,-66.,-5.));
#2293 = VECTOR('',#2294,1.);
#2294 = DIRECTION('',(0.,0.,1.));
#2295 = ORIENTED_EDGE('',*,*,#2184,.F.);
#2296 = ORIENTED_EDGE('',*,*,#2297,.F.);
#2297 = EDGE_CURVE('',#2096,#2175,#2298,.T.);
#2298 = LINE('',#2299,#2300);
#2299 = CARTESIAN_POINT('',(30.,-66.,-5.));
#2300 = VECTOR('',#2301,1.);
#2301 = DIRECTION('',(0.,0.,1.));
#2302 = PLANE('',#2303);
#2303 = AXIS2_PLACEMENT_3D('',#2304,#2305,#2306);
#2304 = CARTESIAN_POINT('',(30.,-66.,-5.));
#2305 = DIRECTION('',(0.,1.,0.));
#2306 = DIRECTION('',(0.,0.,1.));
#2307 = ADVANCED_FACE('',(#2308),#2319,.T.);
#2308 = FACE_BOUND('',#2309,.T.);
#2309 = EDGE_LOOP('',(#2310,#2311,#2312,#2318));
#2310 = ORIENTED_EDGE('',*,*,#2290,.F.);
#2311 = ORIENTED_EDGE('',*,*,#2136,.T.);
#2312 = ORIENTED_EDGE('',*,*,#2313,.T.);
#2313 = EDGE_CURVE('',#2129,#2193,#2314,.T.);
#2314 = LINE('',#2315,#2316);
#2315 = CARTESIAN_POINT('',(45.,-56.,-5.));
#2316 = VECTOR('',#2317,1.);
#2317 = DIRECTION('',(0.,0.,1.));
#2318 = ORIENTED_EDGE('',*,*,#2192,.F.);
#2319 = PLANE('',#2320);
#2320 = AXIS2_PLACEMENT_3D('',#2321,#2322,#2323);
#2321 = CARTESIAN_POINT('',(45.,-66.,-5.));
#2322 = DIRECTION('',(1.,0.,0.));
#2323 = DIRECTION('',(0.,0.,1.));
#2324 = ADVANCED_FACE('',(#2325),#2331,.T.);
#2325 = FACE_BOUND('',#2326,.T.);
#2326 = EDGE_LOOP('',(#2327,#2328,#2329,#2330));
#2327 = ORIENTED_EDGE('',*,*,#2128,.F.);
#2328 = ORIENTED_EDGE('',*,*,#2158,.F.);
#2329 = ORIENTED_EDGE('',*,*,#2200,.T.);
#2330 = ORIENTED_EDGE('',*,*,#2313,.F.);
#2331 = PLANE('',#2332);
#2332 = AXIS2_PLACEMENT_3D('',#2333,#2334,#2335);
#2333 = CARTESIAN_POINT('',(30.,-56.,-5.));
#2334 = DIRECTION('',(0.,1.,0.));
#2335 = DIRECTION('',(0.,0.,1.));
#2336 = ADVANCED_FACE('',(#2337),#2343,.T.);
#2337 = FACE_BOUND('',#2338,.T.);
#2338 = EDGE_LOOP('',(#2339,#2340,#2341,#2342));
#2339 = ORIENTED_EDGE('',*,*,#2297,.T.);
#2340 = ORIENTED_EDGE('',*,*,#2174,.T.);
#2341 = ORIENTED_EDGE('',*,*,#2223,.F.);
#2342 = ORIENTED_EDGE('',*,*,#2105,.F.);
#2343 = PLANE('',#2344);
#2344 = AXIS2_PLACEMENT_3D('',#2345,#2346,#2347);
#2345 = CARTESIAN_POINT('',(30.,-45.,0.));
#2346 = DIRECTION('',(-1.,-0.,-0.));
#2347 = DIRECTION('',(0.,0.,-1.));
#2348 = ADVANCED_FACE('',(#2349),#2352,.F.);
#2349 = FACE_BOUND('',#2350,.T.);
#2350 = EDGE_LOOP('',(#2351));
#2351 = ORIENTED_EDGE('',*,*,#2248,.F.);
#2352 = PLANE('',#2353);
#2353 = AXIS2_PLACEMENT_3D('',#2354,#2355,#2356);
#2354 = CARTESIAN_POINT('',(45.,-26.,-14.));
#2355 = DIRECTION('',(0.,0.,1.));
#2356 = DIRECTION('',(1.,0.,0.));
#2357 = ADVANCED_FACE('',(#2358),#2361,.T.);
#2358 = FACE_BOUND('',#2359,.T.);
#2359 = EDGE_LOOP('',(#2360));
#2360 = ORIENTED_EDGE('',*,*,#2272,.T.);
#2361 = PLANE('',#2362);
#2362 = AXIS2_PLACEMENT_3D('',#2363,#2364,#2365);
#2363 = CARTESIAN_POINT('',(45.,-26.,14.));
#2364 = DIRECTION('',(0.,0.,1.));
#2365 = DIRECTION('',(1.,0.,0.));
#2366 = MANIFOLD_SOLID_BREP('',#2367);
#2367 = CLOSED_SHELL('',(#2368,#2401,#2410));
#2368 = ADVANCED_FACE('',(#2369),#2396,.T.);
#2369 = FACE_BOUND('',#2370,.T.);
#2370 = EDGE_LOOP('',(#2371,#2380,#2388,#2395));
#2371 = ORIENTED_EDGE('',*,*,#2372,.F.);
#2372 = EDGE_CURVE('',#2373,#2373,#2375,.T.);
#2373 = VERTEX_POINT('',#2374);
#2374 = CARTESIAN_POINT('',(-26.,130.,5.));
#2375 = CIRCLE('',#2376,5.);
#2376 = AXIS2_PLACEMENT_3D('',#2377,#2378,#2379);
#2377 = CARTESIAN_POINT('',(-26.,130.,0.));
#2378 = DIRECTION('',(0.,1.,0.));
#2379 = DIRECTION('',(0.,0.,1.));
#2380 = ORIENTED_EDGE('',*,*,#2381,.F.);
#2381 = EDGE_CURVE('',#2382,#2373,#2384,.T.);
#2382 = VERTEX_POINT('',#2383);
#2383 = CARTESIAN_POINT('',(-26.,30.,5.));
#2384 = LINE('',#2385,#2386);
#2385 = CARTESIAN_POINT('',(-26.,30.,5.));
#2386 = VECTOR('',#2387,1.);
#2387 = DIRECTION('',(0.,1.,0.));
#2388 = ORIENTED_EDGE('',*,*,#2389,.T.);
#2389 = EDGE_CURVE('',#2382,#2382,#2390,.T.);
#2390 = CIRCLE('',#2391,5.);
#2391 = AXIS2_PLACEMENT_3D('',#2392,#2393,#2394);
#2392 = CARTESIAN_POINT('',(-26.,30.,0.));
#2393 = DIRECTION('',(0.,1.,0.));
#2394 = DIRECTION('',(0.,0.,1.));
#2395 = ORIENTED_EDGE('',*,*,#2381,.T.);
#2396 = CYLINDRICAL_SURFACE('',#2397,5.);
#2397 = AXIS2_PLACEMENT_3D('',#2398,#2399,#2400);
#2398 = CARTESIAN_POINT('',(-26.,30.,0.));
#2399 = DIRECTION('',(0.,1.,0.));
#2400 = DIRECTION('',(0.,0.,1.));
#2401 = ADVANCED_FACE('',(#2402),#2405,.T.);
#2402 = FACE_BOUND('',#2403,.T.);
#2403 = EDGE_LOOP('',(#2404));
#2404 = ORIENTED_EDGE('',*,*,#2372,.T.);
#2405 = PLANE('',#2406);
#2406 = AXIS2_PLACEMENT_3D('',#2407,#2408,#2409);
#2407 = CARTESIAN_POINT('',(-26.,130.,0.));
#2408 = DIRECTION('',(0.,1.,0.));
#2409 = DIRECTION('',(0.,0.,1.));
#2410 = ADVANCED_FACE('',(#2411),#2414,.F.);
#2411 = FACE_BOUND('',#2412,.T.);
#2412 = EDGE_LOOP('',(#2413));
#2413 = ORIENTED_EDGE('',*,*,#2389,.F.);
#2414 = PLANE('',#2415);
#2415 = AXIS2_PLACEMENT_3D('',#2416,#2417,#2418);
#2416 = CARTESIAN_POINT('',(-26.,30.,0.));
#2417 = DIRECTION('',(0.,1.,0.));
#2418 = DIRECTION('',(0.,0.,1.));
#2419 = MANIFOLD_SOLID_BREP('',#2420);
#2420 = CLOSED_SHELL('',(#2421,#2461,#2503,#2543,#2578,#2611,#2628,#2645
    ,#2662));
#2421 = ADVANCED_FACE('',(#2422),#2456,.F.);
#2422 = FACE_BOUND('',#2423,.F.);
#2423 = EDGE_LOOP('',(#2424,#2434,#2442,#2450));
#2424 = ORIENTED_EDGE('',*,*,#2425,.F.);
#2425 = EDGE_CURVE('',#2426,#2428,#2430,.T.);
#2426 = VERTEX_POINT('',#2427);
#2427 = CARTESIAN_POINT('',(-34.,102.,-12.));
#2428 = VERTEX_POINT('',#2429);
#2429 = CARTESIAN_POINT('',(-34.,102.,12.));
#2430 = LINE('',#2431,#2432);
#2431 = CARTESIAN_POINT('',(-34.,102.,-12.));
#2432 = VECTOR('',#2433,1.);
#2433 = DIRECTION('',(0.,0.,1.));
#2434 = ORIENTED_EDGE('',*,*,#2435,.T.);
#2435 = EDGE_CURVE('',#2426,#2436,#2438,.T.);
#2436 = VERTEX_POINT('',#2437);
#2437 = CARTESIAN_POINT('',(-34.,118.,-12.));
#2438 = LINE('',#2439,#2440);
#2439 = CARTESIAN_POINT('',(-34.,102.,-12.));
#2440 = VECTOR('',#2441,1.);
#2441 = DIRECTION('',(0.,1.,0.));
#2442 = ORIENTED_EDGE('',*,*,#2443,.T.);
#2443 = EDGE_CURVE('',#2436,#2444,#2446,.T.);
#2444 = VERTEX_POINT('',#2445);
#2445 = CARTESIAN_POINT('',(-34.,118.,12.));
#2446 = LINE('',#2447,#2448);
#2447 = CARTESIAN_POINT('',(-34.,118.,-12.));
#2448 = VECTOR('',#2449,1.);
#2449 = DIRECTION('',(0.,0.,1.));
#2450 = ORIENTED_EDGE('',*,*,#2451,.F.);
#2451 = EDGE_CURVE('',#2428,#2444,#2452,.T.);
#2452 = LINE('',#2453,#2454);
#2453 = CARTESIAN_POINT('',(-34.,102.,12.));
#2454 = VECTOR('',#2455,1.);
#2455 = DIRECTION('',(0.,1.,0.));
#2456 = PLANE('',#2457);
#2457 = AXIS2_PLACEMENT_3D('',#2458,#2459,#2460);
#2458 = CARTESIAN_POINT('',(-34.,102.,-12.));
#2459 = DIRECTION('',(1.,0.,0.));
#2460 = DIRECTION('',(0.,0.,1.));
#2461 = ADVANCED_FACE('',(#2462,#2487),#2498,.F.);
#2462 = FACE_BOUND('',#2463,.F.);
#2463 = EDGE_LOOP('',(#2464,#2472,#2473,#2481));
#2464 = ORIENTED_EDGE('',*,*,#2465,.F.);
#2465 = EDGE_CURVE('',#2426,#2466,#2468,.T.);
#2466 = VERTEX_POINT('',#2467);
#2467 = CARTESIAN_POINT('',(8.,102.,-12.));
#2468 = LINE('',#2469,#2470);
#2469 = CARTESIAN_POINT('',(-34.,102.,-12.));
#2470 = VECTOR('',#2471,1.);
#2471 = DIRECTION('',(1.,0.,0.));
#2472 = ORIENTED_EDGE('',*,*,#2425,.T.);
#2473 = ORIENTED_EDGE('',*,*,#2474,.T.);
#2474 = EDGE_CURVE('',#2428,#2475,#2477,.T.);
#2475 = VERTEX_POINT('',#2476);
#2476 = CARTESIAN_POINT('',(8.,102.,12.));
#2477 = LINE('',#2478,#2479);
#2478 = CARTESIAN_POINT('',(-34.,102.,12.));
#2479 = VECTOR('',#2480,1.);
#2480 = DIRECTION('',(1.,0.,0.));
#2481 = ORIENTED_EDGE('',*,*,#2482,.T.);
#2482 = EDGE_CURVE('',#2475,#2466,#2483,.T.);
#2483 = LINE('',#2484,#2485);
#2484 = CARTESIAN_POINT('',(8.,102.,-12.));
#2485 = VECTOR('',#2486,1.);
#2486 = DIRECTION('',(0.,0.,-1.));
#2487 = FACE_BOUND('',#2488,.F.);
#2488 = EDGE_LOOP('',(#2489));
#2489 = ORIENTED_EDGE('',*,*,#2490,.F.);
#2490 = EDGE_CURVE('',#2491,#2491,#2493,.T.);
#2491 = VERTEX_POINT('',#2492);
#2492 = CARTESIAN_POINT('',(-26.,102.,5.5));
#2493 = CIRCLE('',#2494,5.5);
#2494 = AXIS2_PLACEMENT_3D('',#2495,#2496,#2497);
#2495 = CARTESIAN_POINT('',(-26.,102.,0.));
#2496 = DIRECTION('',(0.,1.,0.));
#2497 = DIRECTION('',(0.,0.,1.));
#2498 = PLANE('',#2499);
#2499 = AXIS2_PLACEMENT_3D('',#2500,#2501,#2502);
#2500 = CARTESIAN_POINT('',(-34.,102.,-12.));
#2501 = DIRECTION('',(0.,1.,0.));
#2502 = DIRECTION('',(0.,0.,1.));
#2503 = ADVANCED_FACE('',(#2504),#2538,.T.);
#2504 = FACE_BOUND('',#2505,.T.);
#2505 = EDGE_LOOP('',(#2506,#2507,#2508,#2516,#2524,#2532));
#2506 = ORIENTED_EDGE('',*,*,#2451,.F.);
#2507 = ORIENTED_EDGE('',*,*,#2474,.T.);
#2508 = ORIENTED_EDGE('',*,*,#2509,.F.);
#2509 = EDGE_CURVE('',#2510,#2475,#2512,.T.);
#2510 = VERTEX_POINT('',#2511);
#2511 = CARTESIAN_POINT('',(8.,86.,12.));
#2512 = LINE('',#2513,#2514);
#2513 = CARTESIAN_POINT('',(8.,86.,12.));
#2514 = VECTOR('',#2515,1.);
#2515 = DIRECTION('',(0.,1.,0.));
#2516 = ORIENTED_EDGE('',*,*,#2517,.T.);
#2517 = EDGE_CURVE('',#2510,#2518,#2520,.T.);
#2518 = VERTEX_POINT('',#2519);
#2519 = CARTESIAN_POINT('',(16.,86.,12.));
#2520 = LINE('',#2521,#2522);
#2521 = CARTESIAN_POINT('',(8.,86.,12.));
#2522 = VECTOR('',#2523,1.);
#2523 = DIRECTION('',(1.,0.,0.));
#2524 = ORIENTED_EDGE('',*,*,#2525,.T.);
#2525 = EDGE_CURVE('',#2518,#2526,#2528,.T.);
#2526 = VERTEX_POINT('',#2527);
#2527 = CARTESIAN_POINT('',(16.,118.,12.));
#2528 = LINE('',#2529,#2530);
#2529 = CARTESIAN_POINT('',(16.,86.,12.));
#2530 = VECTOR('',#2531,1.);
#2531 = DIRECTION('',(0.,1.,0.));
#2532 = ORIENTED_EDGE('',*,*,#2533,.F.);
#2533 = EDGE_CURVE('',#2444,#2526,#2534,.T.);
#2534 = LINE('',#2535,#2536);
#2535 = CARTESIAN_POINT('',(-34.,118.,12.));
#2536 = VECTOR('',#2537,1.);
#2537 = DIRECTION('',(1.,0.,0.));
#2538 = PLANE('',#2539);
#2539 = AXIS2_PLACEMENT_3D('',#2540,#2541,#2542);
#2540 = CARTESIAN_POINT('',(-4.90243902439,106.09756097561,12.));
#2541 = DIRECTION('',(0.,0.,1.));
#2542 = DIRECTION('',(1.,0.,0.));
#2543 = ADVANCED_FACE('',(#2544,#2562),#2573,.T.);
#2544 = FACE_BOUND('',#2545,.T.);
#2545 = EDGE_LOOP('',(#2546,#2547,#2548,#2556));
#2546 = ORIENTED_EDGE('',*,*,#2443,.T.);
#2547 = ORIENTED_EDGE('',*,*,#2533,.T.);
#2548 = ORIENTED_EDGE('',*,*,#2549,.F.);
#2549 = EDGE_CURVE('',#2550,#2526,#2552,.T.);
#2550 = VERTEX_POINT('',#2551);
#2551 = CARTESIAN_POINT('',(16.,118.,-12.));
#2552 = LINE('',#2553,#2554);
#2553 = CARTESIAN_POINT('',(16.,118.,-12.));
#2554 = VECTOR('',#2555,1.);
#2555 = DIRECTION('',(0.,0.,1.));
#2556 = ORIENTED_EDGE('',*,*,#2557,.F.);
#2557 = EDGE_CURVE('',#2436,#2550,#2558,.T.);
#2558 = LINE('',#2559,#2560);
#2559 = CARTESIAN_POINT('',(-34.,118.,-12.));
#2560 = VECTOR('',#2561,1.);
#2561 = DIRECTION('',(1.,0.,0.));
#2562 = FACE_BOUND('',#2563,.T.);
#2563 = EDGE_LOOP('',(#2564));
#2564 = ORIENTED_EDGE('',*,*,#2565,.F.);
#2565 = EDGE_CURVE('',#2566,#2566,#2568,.T.);
#2566 = VERTEX_POINT('',#2567);
#2567 = CARTESIAN_POINT('',(-26.,118.,5.5));
#2568 = CIRCLE('',#2569,5.5);
#2569 = AXIS2_PLACEMENT_3D('',#2570,#2571,#2572);
#2570 = CARTESIAN_POINT('',(-26.,118.,0.));
#2571 = DIRECTION('',(0.,1.,0.));
#2572 = DIRECTION('',(0.,0.,1.));
#2573 = PLANE('',#2574);
#2574 = AXIS2_PLACEMENT_3D('',#2575,#2576,#2577);
#2575 = CARTESIAN_POINT('',(-34.,118.,-12.));
#2576 = DIRECTION('',(0.,1.,0.));
#2577 = DIRECTION('',(0.,0.,1.));
#2578 = ADVANCED_FACE('',(#2579),#2606,.T.);
#2579 = FACE_BOUND('',#2580,.T.);
#2580 = EDGE_LOOP('',(#2581,#2582,#2590,#2598,#2604,#2605));
#2581 = ORIENTED_EDGE('',*,*,#2557,.T.);
#2582 = ORIENTED_EDGE('',*,*,#2583,.F.);
#2583 = EDGE_CURVE('',#2584,#2550,#2586,.T.);
#2584 = VERTEX_POINT('',#2585);
#2585 = CARTESIAN_POINT('',(16.,86.,-12.));
#2586 = LINE('',#2587,#2588);
#2587 = CARTESIAN_POINT('',(16.,102.,-12.));
#2588 = VECTOR('',#2589,1.);
#2589 = DIRECTION('',(0.,1.,0.));
#2590 = ORIENTED_EDGE('',*,*,#2591,.F.);
#2591 = EDGE_CURVE('',#2592,#2584,#2594,.T.);
#2592 = VERTEX_POINT('',#2593);
#2593 = CARTESIAN_POINT('',(8.,86.,-12.));
#2594 = LINE('',#2595,#2596);
#2595 = CARTESIAN_POINT('',(8.,86.,-12.));
#2596 = VECTOR('',#2597,1.);
#2597 = DIRECTION('',(1.,0.,0.));
#2598 = ORIENTED_EDGE('',*,*,#2599,.T.);
#2599 = EDGE_CURVE('',#2592,#2466,#2600,.T.);
#2600 = LINE('',#2601,#2602);
#2601 = CARTESIAN_POINT('',(8.,86.,-12.));
#2602 = VECTOR('',#2603,1.);
#2603 = DIRECTION('',(0.,1.,0.));
#2604 = ORIENTED_EDGE('',*,*,#2465,.F.);
#2605 = ORIENTED_EDGE('',*,*,#2435,.T.);
#2606 = PLANE('',#2607);
#2607 = AXIS2_PLACEMENT_3D('',#2608,#2609,#2610);
#2608 = CARTESIAN_POINT('',(-4.90243902439,106.09756097561,-12.));
#2609 = DIRECTION('',(-0.,-0.,-1.));
#2610 = DIRECTION('',(-1.,0.,0.));
#2611 = ADVANCED_FACE('',(#2612),#2623,.F.);
#2612 = FACE_BOUND('',#2613,.F.);
#2613 = EDGE_LOOP('',(#2614,#2615,#2621,#2622));
#2614 = ORIENTED_EDGE('',*,*,#2509,.F.);
#2615 = ORIENTED_EDGE('',*,*,#2616,.F.);
#2616 = EDGE_CURVE('',#2592,#2510,#2617,.T.);
#2617 = LINE('',#2618,#2619);
#2618 = CARTESIAN_POINT('',(8.,86.,-12.));
#2619 = VECTOR('',#2620,1.);
#2620 = DIRECTION('',(0.,0.,1.));
#2621 = ORIENTED_EDGE('',*,*,#2599,.T.);
#2622 = ORIENTED_EDGE('',*,*,#2482,.F.);
#2623 = PLANE('',#2624);
#2624 = AXIS2_PLACEMENT_3D('',#2625,#2626,#2627);
#2625 = CARTESIAN_POINT('',(8.,86.,-12.));
#2626 = DIRECTION('',(1.,0.,0.));
#2627 = DIRECTION('',(0.,0.,1.));
#2628 = ADVANCED_FACE('',(#2629),#2640,.F.);
#2629 = FACE_BOUND('',#2630,.F.);
#2630 = EDGE_LOOP('',(#2631,#2632,#2638,#2639));
#2631 = ORIENTED_EDGE('',*,*,#2565,.F.);
#2632 = ORIENTED_EDGE('',*,*,#2633,.F.);
#2633 = EDGE_CURVE('',#2491,#2566,#2634,.T.);
#2634 = LINE('',#2635,#2636);
#2635 = CARTESIAN_POINT('',(-26.,100.,5.5));
#2636 = VECTOR('',#2637,1.);
#2637 = DIRECTION('',(0.,1.,0.));
#2638 = ORIENTED_EDGE('',*,*,#2490,.T.);
#2639 = ORIENTED_EDGE('',*,*,#2633,.T.);
#2640 = CYLINDRICAL_SURFACE('',#2641,5.5);
#2641 = AXIS2_PLACEMENT_3D('',#2642,#2643,#2644);
#2642 = CARTESIAN_POINT('',(-26.,100.,0.));
#2643 = DIRECTION('',(0.,1.,0.));
#2644 = DIRECTION('',(0.,0.,1.));
#2645 = ADVANCED_FACE('',(#2646),#2657,.F.);
#2646 = FACE_BOUND('',#2647,.F.);
#2647 = EDGE_LOOP('',(#2648,#2649,#2650,#2651));
#2648 = ORIENTED_EDGE('',*,*,#2591,.F.);
#2649 = ORIENTED_EDGE('',*,*,#2616,.T.);
#2650 = ORIENTED_EDGE('',*,*,#2517,.T.);
#2651 = ORIENTED_EDGE('',*,*,#2652,.F.);
#2652 = EDGE_CURVE('',#2584,#2518,#2653,.T.);
#2653 = LINE('',#2654,#2655);
#2654 = CARTESIAN_POINT('',(16.,86.,-12.));
#2655 = VECTOR('',#2656,1.);
#2656 = DIRECTION('',(0.,0.,1.));
#2657 = PLANE('',#2658);
#2658 = AXIS2_PLACEMENT_3D('',#2659,#2660,#2661);
#2659 = CARTESIAN_POINT('',(8.,86.,-12.));
#2660 = DIRECTION('',(0.,1.,0.));
#2661 = DIRECTION('',(0.,0.,1.));
#2662 = ADVANCED_FACE('',(#2663),#2669,.T.);
#2663 = FACE_BOUND('',#2664,.T.);
#2664 = EDGE_LOOP('',(#2665,#2666,#2667,#2668));
#2665 = ORIENTED_EDGE('',*,*,#2525,.F.);
#2666 = ORIENTED_EDGE('',*,*,#2652,.F.);
#2667 = ORIENTED_EDGE('',*,*,#2583,.T.);
#2668 = ORIENTED_EDGE('',*,*,#2549,.T.);
#2669 = PLANE('',#2670);
#2670 = AXIS2_PLACEMENT_3D('',#2671,#2672,#2673);
#2671 = CARTESIAN_POINT('',(16.,102.,0.));
#2672 = DIRECTION('',(1.,0.,0.));
#2673 = DIRECTION('',(0.,0.,1.));
#2674 = MANIFOLD_SOLID_BREP('',#2675);
#2675 = CLOSED_SHELL('',(#2676,#2716,#2747,#2778,#2809,#2840,#2862,#2876
    ));
#2676 = ADVANCED_FACE('',(#2677),#2711,.T.);
#2677 = FACE_BOUND('',#2678,.T.);
#2678 = EDGE_LOOP('',(#2679,#2689,#2697,#2705));
#2679 = ORIENTED_EDGE('',*,*,#2680,.T.);
#2680 = EDGE_CURVE('',#2681,#2683,#2685,.T.);
#2681 = VERTEX_POINT('',#2682);
#2682 = CARTESIAN_POINT('',(-16.76239569296,52.,0.));
#2683 = VERTEX_POINT('',#2684);
#2684 = CARTESIAN_POINT('',(-16.76239569296,61.,0.));
#2685 = LINE('',#2686,#2687);
#2686 = CARTESIAN_POINT('',(-16.76239569296,52.,0.));
#2687 = VECTOR('',#2688,1.);
#2688 = DIRECTION('',(0.,1.,0.));
#2689 = ORIENTED_EDGE('',*,*,#2690,.T.);
#2690 = EDGE_CURVE('',#2683,#2691,#2693,.T.);
#2691 = VERTEX_POINT('',#2692);
#2692 = CARTESIAN_POINT('',(-21.38119784648,61.,8.));
#2693 = LINE('',#2694,#2695);
#2694 = CARTESIAN_POINT('',(-16.76239569296,61.,0.));
#2695 = VECTOR('',#2696,1.);
#2696 = DIRECTION('',(-0.5,0.,0.866025403784));
#2697 = ORIENTED_EDGE('',*,*,#2698,.F.);
#2698 = EDGE_CURVE('',#2699,#2691,#2701,.T.);
#2699 = VERTEX_POINT('',#2700);
#2700 = CARTESIAN_POINT('',(-21.38119784648,52.,8.));
#2701 = LINE('',#2702,#2703);
#2702 = CARTESIAN_POINT('',(-21.38119784648,52.,8.));
#2703 = VECTOR('',#2704,1.);
#2704 = DIRECTION('',(0.,1.,0.));
#2705 = ORIENTED_EDGE('',*,*,#2706,.F.);
#2706 = EDGE_CURVE('',#2681,#2699,#2707,.T.);
#2707 = LINE('',#2708,#2709);
#2708 = CARTESIAN_POINT('',(-16.76239569296,52.,0.));
#2709 = VECTOR('',#2710,1.);
#2710 = DIRECTION('',(-0.5,0.,0.866025403784));
#2711 = PLANE('',#2712);
#2712 = AXIS2_PLACEMENT_3D('',#2713,#2714,#2715);
#2713 = CARTESIAN_POINT('',(-16.76239569296,52.,0.));
#2714 = DIRECTION('',(0.866025403784,0.,0.5));
#2715 = DIRECTION('',(-0.5,0.,0.866025403784));
#2716 = ADVANCED_FACE('',(#2717),#2742,.T.);
#2717 = FACE_BOUND('',#2718,.T.);
#2718 = EDGE_LOOP('',(#2719,#2720,#2728,#2736));
#2719 = ORIENTED_EDGE('',*,*,#2698,.T.);
#2720 = ORIENTED_EDGE('',*,*,#2721,.T.);
#2721 = EDGE_CURVE('',#2691,#2722,#2724,.T.);
#2722 = VERTEX_POINT('',#2723);
#2723 = CARTESIAN_POINT('',(-30.61880215351,61.,8.));
#2724 = LINE('',#2725,#2726);
#2725 = CARTESIAN_POINT('',(-21.38119784648,61.,8.));
#2726 = VECTOR('',#2727,1.);
#2727 = DIRECTION('',(-1.,0.,1.922962686384E-16));
#2728 = ORIENTED_EDGE('',*,*,#2729,.F.);
#2729 = EDGE_CURVE('',#2730,#2722,#2732,.T.);
#2730 = VERTEX_POINT('',#2731);
#2731 = CARTESIAN_POINT('',(-30.61880215351,52.,8.));
#2732 = LINE('',#2733,#2734);
#2733 = CARTESIAN_POINT('',(-30.61880215351,52.,8.));
#2734 = VECTOR('',#2735,1.);
#2735 = DIRECTION('',(0.,1.,0.));
#2736 = ORIENTED_EDGE('',*,*,#2737,.F.);
#2737 = EDGE_CURVE('',#2699,#2730,#2738,.T.);
#2738 = LINE('',#2739,#2740);
#2739 = CARTESIAN_POINT('',(-21.38119784648,52.,8.));
#2740 = VECTOR('',#2741,1.);
#2741 = DIRECTION('',(-1.,0.,1.922962686384E-16));
#2742 = PLANE('',#2743);
#2743 = AXIS2_PLACEMENT_3D('',#2744,#2745,#2746);
#2744 = CARTESIAN_POINT('',(-21.38119784648,52.,8.));
#2745 = DIRECTION('',(1.922962686384E-16,0.,1.));
#2746 = DIRECTION('',(-1.,0.,1.922962686384E-16));
#2747 = ADVANCED_FACE('',(#2748),#2773,.T.);
#2748 = FACE_BOUND('',#2749,.T.);
#2749 = EDGE_LOOP('',(#2750,#2751,#2759,#2767));
#2750 = ORIENTED_EDGE('',*,*,#2729,.T.);
#2751 = ORIENTED_EDGE('',*,*,#2752,.T.);
#2752 = EDGE_CURVE('',#2722,#2753,#2755,.T.);
#2753 = VERTEX_POINT('',#2754);
#2754 = CARTESIAN_POINT('',(-35.23760430703,61.,1.13128025464E-15));
#2755 = LINE('',#2756,#2757);
#2756 = CARTESIAN_POINT('',(-30.61880215351,61.,8.));
#2757 = VECTOR('',#2758,1.);
#2758 = DIRECTION('',(-0.5,0.,-0.866025403784));
#2759 = ORIENTED_EDGE('',*,*,#2760,.F.);
#2760 = EDGE_CURVE('',#2761,#2753,#2763,.T.);
#2761 = VERTEX_POINT('',#2762);
#2762 = CARTESIAN_POINT('',(-35.23760430703,52.,1.13128025464E-15));
#2763 = LINE('',#2764,#2765);
#2764 = CARTESIAN_POINT('',(-35.23760430703,52.,1.13128025464E-15));
#2765 = VECTOR('',#2766,1.);
#2766 = DIRECTION('',(0.,1.,0.));
#2767 = ORIENTED_EDGE('',*,*,#2768,.F.);
#2768 = EDGE_CURVE('',#2730,#2761,#2769,.T.);
#2769 = LINE('',#2770,#2771);
#2770 = CARTESIAN_POINT('',(-30.61880215351,52.,8.));
#2771 = VECTOR('',#2772,1.);
#2772 = DIRECTION('',(-0.5,0.,-0.866025403784));
#2773 = PLANE('',#2774);
#2774 = AXIS2_PLACEMENT_3D('',#2775,#2776,#2777);
#2775 = CARTESIAN_POINT('',(-30.61880215351,52.,8.));
#2776 = DIRECTION('',(-0.866025403784,0.,0.5));
#2777 = DIRECTION('',(-0.5,0.,-0.866025403784));
#2778 = ADVANCED_FACE('',(#2779),#2804,.T.);
#2779 = FACE_BOUND('',#2780,.T.);
#2780 = EDGE_LOOP('',(#2781,#2782,#2790,#2798));
#2781 = ORIENTED_EDGE('',*,*,#2760,.T.);
#2782 = ORIENTED_EDGE('',*,*,#2783,.T.);
#2783 = EDGE_CURVE('',#2753,#2784,#2786,.T.);
#2784 = VERTEX_POINT('',#2785);
#2785 = CARTESIAN_POINT('',(-30.61880215351,61.,-8.));
#2786 = LINE('',#2787,#2788);
#2787 = CARTESIAN_POINT('',(-35.23760430703,61.,1.13128025464E-15));
#2788 = VECTOR('',#2789,1.);
#2789 = DIRECTION('',(0.5,0.,-0.866025403784));
#2790 = ORIENTED_EDGE('',*,*,#2791,.F.);
#2791 = EDGE_CURVE('',#2792,#2784,#2794,.T.);
#2792 = VERTEX_POINT('',#2793);
#2793 = CARTESIAN_POINT('',(-30.61880215351,52.,-8.));
#2794 = LINE('',#2795,#2796);
#2795 = CARTESIAN_POINT('',(-30.61880215351,52.,-8.));
#2796 = VECTOR('',#2797,1.);
#2797 = DIRECTION('',(0.,1.,0.));
#2798 = ORIENTED_EDGE('',*,*,#2799,.F.);
#2799 = EDGE_CURVE('',#2761,#2792,#2800,.T.);
#2800 = LINE('',#2801,#2802);
#2801 = CARTESIAN_POINT('',(-35.23760430703,52.,1.13128025464E-15));
#2802 = VECTOR('',#2803,1.);
#2803 = DIRECTION('',(0.5,0.,-0.866025403784));
#2804 = PLANE('',#2805);
#2805 = AXIS2_PLACEMENT_3D('',#2806,#2807,#2808);
#2806 = CARTESIAN_POINT('',(-35.23760430703,52.,1.13128025464E-15));
#2807 = DIRECTION('',(-0.866025403784,0.,-0.5));
#2808 = DIRECTION('',(0.5,0.,-0.866025403784));
#2809 = ADVANCED_FACE('',(#2810),#2835,.T.);
#2810 = FACE_BOUND('',#2811,.T.);
#2811 = EDGE_LOOP('',(#2812,#2813,#2821,#2829));
#2812 = ORIENTED_EDGE('',*,*,#2791,.T.);
#2813 = ORIENTED_EDGE('',*,*,#2814,.T.);
#2814 = EDGE_CURVE('',#2784,#2815,#2817,.T.);
#2815 = VERTEX_POINT('',#2816);
#2816 = CARTESIAN_POINT('',(-21.38119784648,61.,-8.));
#2817 = LINE('',#2818,#2819);
#2818 = CARTESIAN_POINT('',(-30.61880215351,61.,-8.));
#2819 = VECTOR('',#2820,1.);
#2820 = DIRECTION('',(1.,0.,0.));
#2821 = ORIENTED_EDGE('',*,*,#2822,.F.);
#2822 = EDGE_CURVE('',#2823,#2815,#2825,.T.);
#2823 = VERTEX_POINT('',#2824);
#2824 = CARTESIAN_POINT('',(-21.38119784648,52.,-8.));
#2825 = LINE('',#2826,#2827);
#2826 = CARTESIAN_POINT('',(-21.38119784648,52.,-8.));
#2827 = VECTOR('',#2828,1.);
#2828 = DIRECTION('',(0.,1.,0.));
#2829 = ORIENTED_EDGE('',*,*,#2830,.F.);
#2830 = EDGE_CURVE('',#2792,#2823,#2831,.T.);
#2831 = LINE('',#2832,#2833);
#2832 = CARTESIAN_POINT('',(-30.61880215351,52.,-8.));
#2833 = VECTOR('',#2834,1.);
#2834 = DIRECTION('',(1.,0.,0.));
#2835 = PLANE('',#2836);
#2836 = AXIS2_PLACEMENT_3D('',#2837,#2838,#2839);
#2837 = CARTESIAN_POINT('',(-30.61880215351,52.,-8.));
#2838 = DIRECTION('',(0.,0.,-1.));
#2839 = DIRECTION('',(1.,0.,0.));
#2840 = ADVANCED_FACE('',(#2841),#2857,.T.);
#2841 = FACE_BOUND('',#2842,.T.);
#2842 = EDGE_LOOP('',(#2843,#2844,#2850,#2851));
#2843 = ORIENTED_EDGE('',*,*,#2822,.T.);
#2844 = ORIENTED_EDGE('',*,*,#2845,.T.);
#2845 = EDGE_CURVE('',#2815,#2683,#2846,.T.);
#2846 = LINE('',#2847,#2848);
#2847 = CARTESIAN_POINT('',(-21.38119784648,61.,-8.));
#2848 = VECTOR('',#2849,1.);
#2849 = DIRECTION('',(0.5,0.,0.866025403784));
#2850 = ORIENTED_EDGE('',*,*,#2680,.F.);
#2851 = ORIENTED_EDGE('',*,*,#2852,.F.);
#2852 = EDGE_CURVE('',#2823,#2681,#2853,.T.);
#2853 = LINE('',#2854,#2855);
#2854 = CARTESIAN_POINT('',(-21.38119784648,52.,-8.));
#2855 = VECTOR('',#2856,1.);
#2856 = DIRECTION('',(0.5,0.,0.866025403784));
#2857 = PLANE('',#2858);
#2858 = AXIS2_PLACEMENT_3D('',#2859,#2860,#2861);
#2859 = CARTESIAN_POINT('',(-21.38119784648,52.,-8.));
#2860 = DIRECTION('',(0.866025403784,0.,-0.5));
#2861 = DIRECTION('',(0.5,0.,0.866025403784));
#2862 = ADVANCED_FACE('',(#2863),#2871,.T.);
#2863 = FACE_BOUND('',#2864,.T.);
#2864 = EDGE_LOOP('',(#2865,#2866,#2867,#2868,#2869,#2870));
#2865 = ORIENTED_EDGE('',*,*,#2706,.T.);
#2866 = ORIENTED_EDGE('',*,*,#2737,.T.);
#2867 = ORIENTED_EDGE('',*,*,#2768,.T.);
#2868 = ORIENTED_EDGE('',*,*,#2799,.T.);
#2869 = ORIENTED_EDGE('',*,*,#2830,.T.);
#2870 = ORIENTED_EDGE('',*,*,#2852,.T.);
#2871 = PLANE('',#2872);
#2872 = AXIS2_PLACEMENT_3D('',#2873,#2874,#2875);
#2873 = CARTESIAN_POINT('',(-26.,52.,-3.845925372767E-16));
#2874 = DIRECTION('',(-0.,-1.,-0.));
#2875 = DIRECTION('',(0.,0.,-1.));
#2876 = ADVANCED_FACE('',(#2877),#2885,.F.);
#2877 = FACE_BOUND('',#2878,.F.);
#2878 = EDGE_LOOP('',(#2879,#2880,#2881,#2882,#2883,#2884));
#2879 = ORIENTED_EDGE('',*,*,#2690,.T.);
#2880 = ORIENTED_EDGE('',*,*,#2721,.T.);
#2881 = ORIENTED_EDGE('',*,*,#2752,.T.);
#2882 = ORIENTED_EDGE('',*,*,#2783,.T.);
#2883 = ORIENTED_EDGE('',*,*,#2814,.T.);
#2884 = ORIENTED_EDGE('',*,*,#2845,.T.);
#2885 = PLANE('',#2886);
#2886 = AXIS2_PLACEMENT_3D('',#2887,#2888,#2889);
#2887 = CARTESIAN_POINT('',(-26.,61.,-3.845925372767E-16));
#2888 = DIRECTION('',(-0.,-1.,-0.));
#2889 = DIRECTION('',(0.,0.,-1.));
#2890 = MANIFOLD_SOLID_BREP('',#2891);
#2891 = CLOSED_SHELL('',(#2892,#2932,#2963,#2994,#3025,#3056,#3078,#3092
    ));
#2892 = ADVANCED_FACE('',(#2893),#2927,.T.);
#2893 = FACE_BOUND('',#2894,.T.);
#2894 = EDGE_LOOP('',(#2895,#2905,#2913,#2921));
#2895 = ORIENTED_EDGE('',*,*,#2896,.T.);
#2896 = EDGE_CURVE('',#2897,#2899,#2901,.T.);
#2897 = VERTEX_POINT('',#2898);
#2898 = CARTESIAN_POINT('',(-16.76239569296,45.,0.));
#2899 = VERTEX_POINT('',#2900);
#2900 = CARTESIAN_POINT('',(-16.76239569296,51.,0.));
#2901 = LINE('',#2902,#2903);
#2902 = CARTESIAN_POINT('',(-16.76239569296,45.,0.));
#2903 = VECTOR('',#2904,1.);
#2904 = DIRECTION('',(0.,1.,0.));
#2905 = ORIENTED_EDGE('',*,*,#2906,.T.);
#2906 = EDGE_CURVE('',#2899,#2907,#2909,.T.);
#2907 = VERTEX_POINT('',#2908);
#2908 = CARTESIAN_POINT('',(-21.38119784648,51.,8.));
#2909 = LINE('',#2910,#2911);
#2910 = CARTESIAN_POINT('',(-16.76239569296,51.,0.));
#2911 = VECTOR('',#2912,1.);
#2912 = DIRECTION('',(-0.5,0.,0.866025403784));
#2913 = ORIENTED_EDGE('',*,*,#2914,.F.);
#2914 = EDGE_CURVE('',#2915,#2907,#2917,.T.);
#2915 = VERTEX_POINT('',#2916);
#2916 = CARTESIAN_POINT('',(-21.38119784648,45.,8.));
#2917 = LINE('',#2918,#2919);
#2918 = CARTESIAN_POINT('',(-21.38119784648,45.,8.));
#2919 = VECTOR('',#2920,1.);
#2920 = DIRECTION('',(0.,1.,0.));
#2921 = ORIENTED_EDGE('',*,*,#2922,.F.);
#2922 = EDGE_CURVE('',#2897,#2915,#2923,.T.);
#2923 = LINE('',#2924,#2925);
#2924 = CARTESIAN_POINT('',(-16.76239569296,45.,0.));
#2925 = VECTOR('',#2926,1.);
#2926 = DIRECTION('',(-0.5,0.,0.866025403784));
#2927 = PLANE('',#2928);
#2928 = AXIS2_PLACEMENT_3D('',#2929,#2930,#2931);
#2929 = CARTESIAN_POINT('',(-16.76239569296,45.,0.));
#2930 = DIRECTION('',(0.866025403784,0.,0.5));
#2931 = DIRECTION('',(-0.5,0.,0.866025403784));
#2932 = ADVANCED_FACE('',(#2933),#2958,.T.);
#2933 = FACE_BOUND('',#2934,.T.);
#2934 = EDGE_LOOP('',(#2935,#2936,#2944,#2952));
#2935 = ORIENTED_EDGE('',*,*,#2914,.T.);
#2936 = ORIENTED_EDGE('',*,*,#2937,.T.);
#2937 = EDGE_CURVE('',#2907,#2938,#2940,.T.);
#2938 = VERTEX_POINT('',#2939);
#2939 = CARTESIAN_POINT('',(-30.61880215351,51.,8.));
#2940 = LINE('',#2941,#2942);
#2941 = CARTESIAN_POINT('',(-21.38119784648,51.,8.));
#2942 = VECTOR('',#2943,1.);
#2943 = DIRECTION('',(-1.,0.,1.922962686384E-16));
#2944 = ORIENTED_EDGE('',*,*,#2945,.F.);
#2945 = EDGE_CURVE('',#2946,#2938,#2948,.T.);
#2946 = VERTEX_POINT('',#2947);
#2947 = CARTESIAN_POINT('',(-30.61880215351,45.,8.));
#2948 = LINE('',#2949,#2950);
#2949 = CARTESIAN_POINT('',(-30.61880215351,45.,8.));
#2950 = VECTOR('',#2951,1.);
#2951 = DIRECTION('',(0.,1.,0.));
#2952 = ORIENTED_EDGE('',*,*,#2953,.F.);
#2953 = EDGE_CURVE('',#2915,#2946,#2954,.T.);
#2954 = LINE('',#2955,#2956);
#2955 = CARTESIAN_POINT('',(-21.38119784648,45.,8.));
#2956 = VECTOR('',#2957,1.);
#2957 = DIRECTION('',(-1.,0.,1.922962686384E-16));
#2958 = PLANE('',#2959);
#2959 = AXIS2_PLACEMENT_3D('',#2960,#2961,#2962);
#2960 = CARTESIAN_POINT('',(-21.38119784648,45.,8.));
#2961 = DIRECTION('',(1.922962686384E-16,0.,1.));
#2962 = DIRECTION('',(-1.,0.,1.922962686384E-16));
#2963 = ADVANCED_FACE('',(#2964),#2989,.T.);
#2964 = FACE_BOUND('',#2965,.T.);
#2965 = EDGE_LOOP('',(#2966,#2967,#2975,#2983));
#2966 = ORIENTED_EDGE('',*,*,#2945,.T.);
#2967 = ORIENTED_EDGE('',*,*,#2968,.T.);
#2968 = EDGE_CURVE('',#2938,#2969,#2971,.T.);
#2969 = VERTEX_POINT('',#2970);
#2970 = CARTESIAN_POINT('',(-35.23760430703,51.,1.13128025464E-15));
#2971 = LINE('',#2972,#2973);
#2972 = CARTESIAN_POINT('',(-30.61880215351,51.,8.));
#2973 = VECTOR('',#2974,1.);
#2974 = DIRECTION('',(-0.5,0.,-0.866025403784));
#2975 = ORIENTED_EDGE('',*,*,#2976,.F.);
#2976 = EDGE_CURVE('',#2977,#2969,#2979,.T.);
#2977 = VERTEX_POINT('',#2978);
#2978 = CARTESIAN_POINT('',(-35.23760430703,45.,1.13128025464E-15));
#2979 = LINE('',#2980,#2981);
#2980 = CARTESIAN_POINT('',(-35.23760430703,45.,1.13128025464E-15));
#2981 = VECTOR('',#2982,1.);
#2982 = DIRECTION('',(0.,1.,0.));
#2983 = ORIENTED_EDGE('',*,*,#2984,.F.);
#2984 = EDGE_CURVE('',#2946,#2977,#2985,.T.);
#2985 = LINE('',#2986,#2987);
#2986 = CARTESIAN_POINT('',(-30.61880215351,45.,8.));
#2987 = VECTOR('',#2988,1.);
#2988 = DIRECTION('',(-0.5,0.,-0.866025403784));
#2989 = PLANE('',#2990);
#2990 = AXIS2_PLACEMENT_3D('',#2991,#2992,#2993);
#2991 = CARTESIAN_POINT('',(-30.61880215351,45.,8.));
#2992 = DIRECTION('',(-0.866025403784,0.,0.5));
#2993 = DIRECTION('',(-0.5,0.,-0.866025403784));
#2994 = ADVANCED_FACE('',(#2995),#3020,.T.);
#2995 = FACE_BOUND('',#2996,.T.);
#2996 = EDGE_LOOP('',(#2997,#2998,#3006,#3014));
#2997 = ORIENTED_EDGE('',*,*,#2976,.T.);
#2998 = ORIENTED_EDGE('',*,*,#2999,.T.);
#2999 = EDGE_CURVE('',#2969,#3000,#3002,.T.);
#3000 = VERTEX_POINT('',#3001);
#3001 = CARTESIAN_POINT('',(-30.61880215351,51.,-8.));
#3002 = LINE('',#3003,#3004);
#3003 = CARTESIAN_POINT('',(-35.23760430703,51.,1.13128025464E-15));
#3004 = VECTOR('',#3005,1.);
#3005 = DIRECTION('',(0.5,0.,-0.866025403784));
#3006 = ORIENTED_EDGE('',*,*,#3007,.F.);
#3007 = EDGE_CURVE('',#3008,#3000,#3010,.T.);
#3008 = VERTEX_POINT('',#3009);
#3009 = CARTESIAN_POINT('',(-30.61880215351,45.,-8.));
#3010 = LINE('',#3011,#3012);
#3011 = CARTESIAN_POINT('',(-30.61880215351,45.,-8.));
#3012 = VECTOR('',#3013,1.);
#3013 = DIRECTION('',(0.,1.,0.));
#3014 = ORIENTED_EDGE('',*,*,#3015,.F.);
#3015 = EDGE_CURVE('',#2977,#3008,#3016,.T.);
#3016 = LINE('',#3017,#3018);
#3017 = CARTESIAN_POINT('',(-35.23760430703,45.,1.13128025464E-15));
#3018 = VECTOR('',#3019,1.);
#3019 = DIRECTION('',(0.5,0.,-0.866025403784));
#3020 = PLANE('',#3021);
#3021 = AXIS2_PLACEMENT_3D('',#3022,#3023,#3024);
#3022 = CARTESIAN_POINT('',(-35.23760430703,45.,1.13128025464E-15));
#3023 = DIRECTION('',(-0.866025403784,0.,-0.5));
#3024 = DIRECTION('',(0.5,0.,-0.866025403784));
#3025 = ADVANCED_FACE('',(#3026),#3051,.T.);
#3026 = FACE_BOUND('',#3027,.T.);
#3027 = EDGE_LOOP('',(#3028,#3029,#3037,#3045));
#3028 = ORIENTED_EDGE('',*,*,#3007,.T.);
#3029 = ORIENTED_EDGE('',*,*,#3030,.T.);
#3030 = EDGE_CURVE('',#3000,#3031,#3033,.T.);
#3031 = VERTEX_POINT('',#3032);
#3032 = CARTESIAN_POINT('',(-21.38119784648,51.,-8.));
#3033 = LINE('',#3034,#3035);
#3034 = CARTESIAN_POINT('',(-30.61880215351,51.,-8.));
#3035 = VECTOR('',#3036,1.);
#3036 = DIRECTION('',(1.,0.,0.));
#3037 = ORIENTED_EDGE('',*,*,#3038,.F.);
#3038 = EDGE_CURVE('',#3039,#3031,#3041,.T.);
#3039 = VERTEX_POINT('',#3040);
#3040 = CARTESIAN_POINT('',(-21.38119784648,45.,-8.));
#3041 = LINE('',#3042,#3043);
#3042 = CARTESIAN_POINT('',(-21.38119784648,45.,-8.));
#3043 = VECTOR('',#3044,1.);
#3044 = DIRECTION('',(0.,1.,0.));
#3045 = ORIENTED_EDGE('',*,*,#3046,.F.);
#3046 = EDGE_CURVE('',#3008,#3039,#3047,.T.);
#3047 = LINE('',#3048,#3049);
#3048 = CARTESIAN_POINT('',(-30.61880215351,45.,-8.));
#3049 = VECTOR('',#3050,1.);
#3050 = DIRECTION('',(1.,0.,0.));
#3051 = PLANE('',#3052);
#3052 = AXIS2_PLACEMENT_3D('',#3053,#3054,#3055);
#3053 = CARTESIAN_POINT('',(-30.61880215351,45.,-8.));
#3054 = DIRECTION('',(0.,0.,-1.));
#3055 = DIRECTION('',(1.,0.,0.));
#3056 = ADVANCED_FACE('',(#3057),#3073,.T.);
#3057 = FACE_BOUND('',#3058,.T.);
#3058 = EDGE_LOOP('',(#3059,#3060,#3066,#3067));
#3059 = ORIENTED_EDGE('',*,*,#3038,.T.);
#3060 = ORIENTED_EDGE('',*,*,#3061,.T.);
#3061 = EDGE_CURVE('',#3031,#2899,#3062,.T.);
#3062 = LINE('',#3063,#3064);
#3063 = CARTESIAN_POINT('',(-21.38119784648,51.,-8.));
#3064 = VECTOR('',#3065,1.);
#3065 = DIRECTION('',(0.5,0.,0.866025403784));
#3066 = ORIENTED_EDGE('',*,*,#2896,.F.);
#3067 = ORIENTED_EDGE('',*,*,#3068,.F.);
#3068 = EDGE_CURVE('',#3039,#2897,#3069,.T.);
#3069 = LINE('',#3070,#3071);
#3070 = CARTESIAN_POINT('',(-21.38119784648,45.,-8.));
#3071 = VECTOR('',#3072,1.);
#3072 = DIRECTION('',(0.5,0.,0.866025403784));
#3073 = PLANE('',#3074);
#3074 = AXIS2_PLACEMENT_3D('',#3075,#3076,#3077);
#3075 = CARTESIAN_POINT('',(-21.38119784648,45.,-8.));
#3076 = DIRECTION('',(0.866025403784,0.,-0.5));
#3077 = DIRECTION('',(0.5,0.,0.866025403784));
#3078 = ADVANCED_FACE('',(#3079),#3087,.T.);
#3079 = FACE_BOUND('',#3080,.T.);
#3080 = EDGE_LOOP('',(#3081,#3082,#3083,#3084,#3085,#3086));
#3081 = ORIENTED_EDGE('',*,*,#2922,.T.);
#3082 = ORIENTED_EDGE('',*,*,#2953,.T.);
#3083 = ORIENTED_EDGE('',*,*,#2984,.T.);
#3084 = ORIENTED_EDGE('',*,*,#3015,.T.);
#3085 = ORIENTED_EDGE('',*,*,#3046,.T.);
#3086 = ORIENTED_EDGE('',*,*,#3068,.T.);
#3087 = PLANE('',#3088);
#3088 = AXIS2_PLACEMENT_3D('',#3089,#3090,#3091);
#3089 = CARTESIAN_POINT('',(-26.,45.,-3.845925372767E-16));
#3090 = DIRECTION('',(-0.,-1.,-0.));
#3091 = DIRECTION('',(0.,0.,-1.));
#3092 = ADVANCED_FACE('',(#3093),#3101,.F.);
#3093 = FACE_BOUND('',#3094,.F.);
#3094 = EDGE_LOOP('',(#3095,#3096,#3097,#3098,#3099,#3100));
#3095 = ORIENTED_EDGE('',*,*,#2906,.T.);
#3096 = ORIENTED_EDGE('',*,*,#2937,.T.);
#3097 = ORIENTED_EDGE('',*,*,#2968,.T.);
#3098 = ORIENTED_EDGE('',*,*,#2999,.T.);
#3099 = ORIENTED_EDGE('',*,*,#3030,.T.);
#3100 = ORIENTED_EDGE('',*,*,#3061,.T.);
#3101 = PLANE('',#3102);
#3102 = AXIS2_PLACEMENT_3D('',#3103,#3104,#3105);
#3103 = CARTESIAN_POINT('',(-26.,51.,-3.845925372767E-16));
#3104 = DIRECTION('',(-0.,-1.,-0.));
#3105 = DIRECTION('',(0.,0.,-1.));
#3106 = MANIFOLD_SOLID_BREP('',#3107);
#3107 = CLOSED_SHELL('',(#3108,#3148,#3179,#3210,#3241,#3272,#3294,#3308
    ));
#3108 = ADVANCED_FACE('',(#3109),#3143,.T.);
#3109 = FACE_BOUND('',#3110,.T.);
#3110 = EDGE_LOOP('',(#3111,#3121,#3129,#3137));
#3111 = ORIENTED_EDGE('',*,*,#3112,.T.);
#3112 = EDGE_CURVE('',#3113,#3115,#3117,.T.);
#3113 = VERTEX_POINT('',#3114);
#3114 = CARTESIAN_POINT('',(-16.76239569296,118.,0.));
#3115 = VERTEX_POINT('',#3116);
#3116 = CARTESIAN_POINT('',(-16.76239569296,126.,0.));
#3117 = LINE('',#3118,#3119);
#3118 = CARTESIAN_POINT('',(-16.76239569296,118.,0.));
#3119 = VECTOR('',#3120,1.);
#3120 = DIRECTION('',(0.,1.,0.));
#3121 = ORIENTED_EDGE('',*,*,#3122,.T.);
#3122 = EDGE_CURVE('',#3115,#3123,#3125,.T.);
#3123 = VERTEX_POINT('',#3124);
#3124 = CARTESIAN_POINT('',(-21.38119784648,126.,8.));
#3125 = LINE('',#3126,#3127);
#3126 = CARTESIAN_POINT('',(-16.76239569296,126.,0.));
#3127 = VECTOR('',#3128,1.);
#3128 = DIRECTION('',(-0.5,0.,0.866025403784));
#3129 = ORIENTED_EDGE('',*,*,#3130,.F.);
#3130 = EDGE_CURVE('',#3131,#3123,#3133,.T.);
#3131 = VERTEX_POINT('',#3132);
#3132 = CARTESIAN_POINT('',(-21.38119784648,118.,8.));
#3133 = LINE('',#3134,#3135);
#3134 = CARTESIAN_POINT('',(-21.38119784648,118.,8.));
#3135 = VECTOR('',#3136,1.);
#3136 = DIRECTION('',(0.,1.,0.));
#3137 = ORIENTED_EDGE('',*,*,#3138,.F.);
#3138 = EDGE_CURVE('',#3113,#3131,#3139,.T.);
#3139 = LINE('',#3140,#3141);
#3140 = CARTESIAN_POINT('',(-16.76239569296,118.,0.));
#3141 = VECTOR('',#3142,1.);
#3142 = DIRECTION('',(-0.5,0.,0.866025403784));
#3143 = PLANE('',#3144);
#3144 = AXIS2_PLACEMENT_3D('',#3145,#3146,#3147);
#3145 = CARTESIAN_POINT('',(-16.76239569296,118.,0.));
#3146 = DIRECTION('',(0.866025403784,0.,0.5));
#3147 = DIRECTION('',(-0.5,0.,0.866025403784));
#3148 = ADVANCED_FACE('',(#3149),#3174,.T.);
#3149 = FACE_BOUND('',#3150,.T.);
#3150 = EDGE_LOOP('',(#3151,#3152,#3160,#3168));
#3151 = ORIENTED_EDGE('',*,*,#3130,.T.);
#3152 = ORIENTED_EDGE('',*,*,#3153,.T.);
#3153 = EDGE_CURVE('',#3123,#3154,#3156,.T.);
#3154 = VERTEX_POINT('',#3155);
#3155 = CARTESIAN_POINT('',(-30.61880215351,126.,8.));
#3156 = LINE('',#3157,#3158);
#3157 = CARTESIAN_POINT('',(-21.38119784648,126.,8.));
#3158 = VECTOR('',#3159,1.);
#3159 = DIRECTION('',(-1.,0.,1.922962686384E-16));
#3160 = ORIENTED_EDGE('',*,*,#3161,.F.);
#3161 = EDGE_CURVE('',#3162,#3154,#3164,.T.);
#3162 = VERTEX_POINT('',#3163);
#3163 = CARTESIAN_POINT('',(-30.61880215351,118.,8.));
#3164 = LINE('',#3165,#3166);
#3165 = CARTESIAN_POINT('',(-30.61880215351,118.,8.));
#3166 = VECTOR('',#3167,1.);
#3167 = DIRECTION('',(0.,1.,0.));
#3168 = ORIENTED_EDGE('',*,*,#3169,.F.);
#3169 = EDGE_CURVE('',#3131,#3162,#3170,.T.);
#3170 = LINE('',#3171,#3172);
#3171 = CARTESIAN_POINT('',(-21.38119784648,118.,8.));
#3172 = VECTOR('',#3173,1.);
#3173 = DIRECTION('',(-1.,0.,1.922962686384E-16));
#3174 = PLANE('',#3175);
#3175 = AXIS2_PLACEMENT_3D('',#3176,#3177,#3178);
#3176 = CARTESIAN_POINT('',(-21.38119784648,118.,8.));
#3177 = DIRECTION('',(1.922962686384E-16,0.,1.));
#3178 = DIRECTION('',(-1.,0.,1.922962686384E-16));
#3179 = ADVANCED_FACE('',(#3180),#3205,.T.);
#3180 = FACE_BOUND('',#3181,.T.);
#3181 = EDGE_LOOP('',(#3182,#3183,#3191,#3199));
#3182 = ORIENTED_EDGE('',*,*,#3161,.T.);
#3183 = ORIENTED_EDGE('',*,*,#3184,.T.);
#3184 = EDGE_CURVE('',#3154,#3185,#3187,.T.);
#3185 = VERTEX_POINT('',#3186);
#3186 = CARTESIAN_POINT('',(-35.23760430703,126.,1.13128025464E-15));
#3187 = LINE('',#3188,#3189);
#3188 = CARTESIAN_POINT('',(-30.61880215351,126.,8.));
#3189 = VECTOR('',#3190,1.);
#3190 = DIRECTION('',(-0.5,0.,-0.866025403784));
#3191 = ORIENTED_EDGE('',*,*,#3192,.F.);
#3192 = EDGE_CURVE('',#3193,#3185,#3195,.T.);
#3193 = VERTEX_POINT('',#3194);
#3194 = CARTESIAN_POINT('',(-35.23760430703,118.,1.13128025464E-15));
#3195 = LINE('',#3196,#3197);
#3196 = CARTESIAN_POINT('',(-35.23760430703,118.,1.13128025464E-15));
#3197 = VECTOR('',#3198,1.);
#3198 = DIRECTION('',(0.,1.,0.));
#3199 = ORIENTED_EDGE('',*,*,#3200,.F.);
#3200 = EDGE_CURVE('',#3162,#3193,#3201,.T.);
#3201 = LINE('',#3202,#3203);
#3202 = CARTESIAN_POINT('',(-30.61880215351,118.,8.));
#3203 = VECTOR('',#3204,1.);
#3204 = DIRECTION('',(-0.5,0.,-0.866025403784));
#3205 = PLANE('',#3206);
#3206 = AXIS2_PLACEMENT_3D('',#3207,#3208,#3209);
#3207 = CARTESIAN_POINT('',(-30.61880215351,118.,8.));
#3208 = DIRECTION('',(-0.866025403784,0.,0.5));
#3209 = DIRECTION('',(-0.5,0.,-0.866025403784));
#3210 = ADVANCED_FACE('',(#3211),#3236,.T.);
#3211 = FACE_BOUND('',#3212,.T.);
#3212 = EDGE_LOOP('',(#3213,#3214,#3222,#3230));
#3213 = ORIENTED_EDGE('',*,*,#3192,.T.);
#3214 = ORIENTED_EDGE('',*,*,#3215,.T.);
#3215 = EDGE_CURVE('',#3185,#3216,#3218,.T.);
#3216 = VERTEX_POINT('',#3217);
#3217 = CARTESIAN_POINT('',(-30.61880215351,126.,-8.));
#3218 = LINE('',#3219,#3220);
#3219 = CARTESIAN_POINT('',(-35.23760430703,126.,1.13128025464E-15));
#3220 = VECTOR('',#3221,1.);
#3221 = DIRECTION('',(0.5,0.,-0.866025403784));
#3222 = ORIENTED_EDGE('',*,*,#3223,.F.);
#3223 = EDGE_CURVE('',#3224,#3216,#3226,.T.);
#3224 = VERTEX_POINT('',#3225);
#3225 = CARTESIAN_POINT('',(-30.61880215351,118.,-8.));
#3226 = LINE('',#3227,#3228);
#3227 = CARTESIAN_POINT('',(-30.61880215351,118.,-8.));
#3228 = VECTOR('',#3229,1.);
#3229 = DIRECTION('',(0.,1.,0.));
#3230 = ORIENTED_EDGE('',*,*,#3231,.F.);
#3231 = EDGE_CURVE('',#3193,#3224,#3232,.T.);
#3232 = LINE('',#3233,#3234);
#3233 = CARTESIAN_POINT('',(-35.23760430703,118.,1.13128025464E-15));
#3234 = VECTOR('',#3235,1.);
#3235 = DIRECTION('',(0.5,0.,-0.866025403784));
#3236 = PLANE('',#3237);
#3237 = AXIS2_PLACEMENT_3D('',#3238,#3239,#3240);
#3238 = CARTESIAN_POINT('',(-35.23760430703,118.,1.13128025464E-15));
#3239 = DIRECTION('',(-0.866025403784,0.,-0.5));
#3240 = DIRECTION('',(0.5,0.,-0.866025403784));
#3241 = ADVANCED_FACE('',(#3242),#3267,.T.);
#3242 = FACE_BOUND('',#3243,.T.);
#3243 = EDGE_LOOP('',(#3244,#3245,#3253,#3261));
#3244 = ORIENTED_EDGE('',*,*,#3223,.T.);
#3245 = ORIENTED_EDGE('',*,*,#3246,.T.);
#3246 = EDGE_CURVE('',#3216,#3247,#3249,.T.);
#3247 = VERTEX_POINT('',#3248);
#3248 = CARTESIAN_POINT('',(-21.38119784648,126.,-8.));
#3249 = LINE('',#3250,#3251);
#3250 = CARTESIAN_POINT('',(-30.61880215351,126.,-8.));
#3251 = VECTOR('',#3252,1.);
#3252 = DIRECTION('',(1.,0.,0.));
#3253 = ORIENTED_EDGE('',*,*,#3254,.F.);
#3254 = EDGE_CURVE('',#3255,#3247,#3257,.T.);
#3255 = VERTEX_POINT('',#3256);
#3256 = CARTESIAN_POINT('',(-21.38119784648,118.,-8.));
#3257 = LINE('',#3258,#3259);
#3258 = CARTESIAN_POINT('',(-21.38119784648,118.,-8.));
#3259 = VECTOR('',#3260,1.);
#3260 = DIRECTION('',(0.,1.,0.));
#3261 = ORIENTED_EDGE('',*,*,#3262,.F.);
#3262 = EDGE_CURVE('',#3224,#3255,#3263,.T.);
#3263 = LINE('',#3264,#3265);
#3264 = CARTESIAN_POINT('',(-30.61880215351,118.,-8.));
#3265 = VECTOR('',#3266,1.);
#3266 = DIRECTION('',(1.,0.,0.));
#3267 = PLANE('',#3268);
#3268 = AXIS2_PLACEMENT_3D('',#3269,#3270,#3271);
#3269 = CARTESIAN_POINT('',(-30.61880215351,118.,-8.));
#3270 = DIRECTION('',(0.,0.,-1.));
#3271 = DIRECTION('',(1.,0.,0.));
#3272 = ADVANCED_FACE('',(#3273),#3289,.T.);
#3273 = FACE_BOUND('',#3274,.T.);
#3274 = EDGE_LOOP('',(#3275,#3276,#3282,#3283));
#3275 = ORIENTED_EDGE('',*,*,#3254,.T.);
#3276 = ORIENTED_EDGE('',*,*,#3277,.T.);
#3277 = EDGE_CURVE('',#3247,#3115,#3278,.T.);
#3278 = LINE('',#3279,#3280);
#3279 = CARTESIAN_POINT('',(-21.38119784648,126.,-8.));
#3280 = VECTOR('',#3281,1.);
#3281 = DIRECTION('',(0.5,0.,0.866025403784));
#3282 = ORIENTED_EDGE('',*,*,#3112,.F.);
#3283 = ORIENTED_EDGE('',*,*,#3284,.F.);
#3284 = EDGE_CURVE('',#3255,#3113,#3285,.T.);
#3285 = LINE('',#3286,#3287);
#3286 = CARTESIAN_POINT('',(-21.38119784648,118.,-8.));
#3287 = VECTOR('',#3288,1.);
#3288 = DIRECTION('',(0.5,0.,0.866025403784));
#3289 = PLANE('',#3290);
#3290 = AXIS2_PLACEMENT_3D('',#3291,#3292,#3293);
#3291 = CARTESIAN_POINT('',(-21.38119784648,118.,-8.));
#3292 = DIRECTION('',(0.866025403784,0.,-0.5));
#3293 = DIRECTION('',(0.5,0.,0.866025403784));
#3294 = ADVANCED_FACE('',(#3295),#3303,.T.);
#3295 = FACE_BOUND('',#3296,.T.);
#3296 = EDGE_LOOP('',(#3297,#3298,#3299,#3300,#3301,#3302));
#3297 = ORIENTED_EDGE('',*,*,#3138,.T.);
#3298 = ORIENTED_EDGE('',*,*,#3169,.T.);
#3299 = ORIENTED_EDGE('',*,*,#3200,.T.);
#3300 = ORIENTED_EDGE('',*,*,#3231,.T.);
#3301 = ORIENTED_EDGE('',*,*,#3262,.T.);
#3302 = ORIENTED_EDGE('',*,*,#3284,.T.);
#3303 = PLANE('',#3304);
#3304 = AXIS2_PLACEMENT_3D('',#3305,#3306,#3307);
#3305 = CARTESIAN_POINT('',(-26.,118.,-3.845925372767E-16));
#3306 = DIRECTION('',(-0.,-1.,-0.));
#3307 = DIRECTION('',(0.,0.,-1.));
#3308 = ADVANCED_FACE('',(#3309),#3317,.F.);
#3309 = FACE_BOUND('',#3310,.F.);
#3310 = EDGE_LOOP('',(#3311,#3312,#3313,#3314,#3315,#3316));
#3311 = ORIENTED_EDGE('',*,*,#3122,.T.);
#3312 = ORIENTED_EDGE('',*,*,#3153,.T.);
#3313 = ORIENTED_EDGE('',*,*,#3184,.T.);
#3314 = ORIENTED_EDGE('',*,*,#3215,.T.);
#3315 = ORIENTED_EDGE('',*,*,#3246,.T.);
#3316 = ORIENTED_EDGE('',*,*,#3277,.T.);
#3317 = PLANE('',#3318);
#3318 = AXIS2_PLACEMENT_3D('',#3319,#3320,#3321);
#3319 = CARTESIAN_POINT('',(-26.,126.,-3.845925372767E-16));
#3320 = DIRECTION('',(-0.,-1.,-0.));
#3321 = DIRECTION('',(0.,0.,-1.));
#3322 = BREP_WITH_VOIDS('',#3323,(#3713));
#3323 = CLOSED_SHELL('',(#3324,#3364,#3395,#3419,#3443,#3460,#3530,#3561
    ,#3585,#3609,#3633,#3657,#3681,#3698));
#3324 = ADVANCED_FACE('',(#3325),#3359,.F.);
#3325 = FACE_BOUND('',#3326,.F.);
#3326 = EDGE_LOOP('',(#3327,#3337,#3345,#3353));
#3327 = ORIENTED_EDGE('',*,*,#3328,.F.);
#3328 = EDGE_CURVE('',#3329,#3331,#3333,.T.);
#3329 = VERTEX_POINT('',#3330);
#3330 = CARTESIAN_POINT('',(16.263455967291,-71.41778489984,-95.));
#3331 = VERTEX_POINT('',#3332);
#3332 = CARTESIAN_POINT('',(16.263455967291,-71.41778489984,95.));
#3333 = LINE('',#3334,#3335);
#3334 = CARTESIAN_POINT('',(16.263455967291,-71.41778489984,-95.));
#3335 = VECTOR('',#3336,1.);
#3336 = DIRECTION('',(0.,0.,1.));
#3337 = ORIENTED_EDGE('',*,*,#3338,.T.);
#3338 = EDGE_CURVE('',#3329,#3339,#3341,.T.);
#3339 = VERTEX_POINT('',#3340);
#3340 = CARTESIAN_POINT('',(-34.64823227814,-122.3294731452,-95.));
#3341 = LINE('',#3342,#3343);
#3342 = CARTESIAN_POINT('',(16.263455967291,-71.41778489984,-95.));
#3343 = VECTOR('',#3344,1.);
#3344 = DIRECTION('',(-0.707106781187,-0.707106781187,0.));
#3345 = ORIENTED_EDGE('',*,*,#3346,.T.);
#3346 = EDGE_CURVE('',#3339,#3347,#3349,.T.);
#3347 = VERTEX_POINT('',#3348);
#3348 = CARTESIAN_POINT('',(-34.64823227814,-122.3294731452,95.));
#3349 = LINE('',#3350,#3351);
#3350 = CARTESIAN_POINT('',(-34.64823227814,-122.3294731452,-95.));
#3351 = VECTOR('',#3352,1.);
#3352 = DIRECTION('',(0.,0.,1.));
#3353 = ORIENTED_EDGE('',*,*,#3354,.F.);
#3354 = EDGE_CURVE('',#3331,#3347,#3355,.T.);
#3355 = LINE('',#3356,#3357);
#3356 = CARTESIAN_POINT('',(16.263455967291,-71.41778489984,95.));
#3357 = VECTOR('',#3358,1.);
#3358 = DIRECTION('',(-0.707106781187,-0.707106781187,0.));
#3359 = PLANE('',#3360);
#3360 = AXIS2_PLACEMENT_3D('',#3361,#3362,#3363);
#3361 = CARTESIAN_POINT('',(16.263455967291,-71.41778489984,-95.));
#3362 = DIRECTION('',(-0.707106781187,0.707106781187,0.));
#3363 = DIRECTION('',(0.,0.,1.));
#3364 = ADVANCED_FACE('',(#3365),#3390,.F.);
#3365 = FACE_BOUND('',#3366,.F.);
#3366 = EDGE_LOOP('',(#3367,#3375,#3376,#3384));
#3367 = ORIENTED_EDGE('',*,*,#3368,.F.);
#3368 = EDGE_CURVE('',#3329,#3369,#3371,.T.);
#3369 = VERTEX_POINT('',#3370);
#3370 = CARTESIAN_POINT('',(-71.41778489984,16.263455967291,-95.));
#3371 = LINE('',#3372,#3373);
#3372 = CARTESIAN_POINT('',(16.263455967291,-71.41778489984,-95.));
#3373 = VECTOR('',#3374,1.);
#3374 = DIRECTION('',(-0.707106781187,0.707106781187,0.));
#3375 = ORIENTED_EDGE('',*,*,#3328,.T.);
#3376 = ORIENTED_EDGE('',*,*,#3377,.T.);
#3377 = EDGE_CURVE('',#3331,#3378,#3380,.T.);
#3378 = VERTEX_POINT('',#3379);
#3379 = CARTESIAN_POINT('',(-71.41778489984,16.263455967291,95.));
#3380 = LINE('',#3381,#3382);
#3381 = CARTESIAN_POINT('',(16.263455967291,-71.41778489984,95.));
#3382 = VECTOR('',#3383,1.);
#3383 = DIRECTION('',(-0.707106781187,0.707106781187,0.));
#3384 = ORIENTED_EDGE('',*,*,#3385,.F.);
#3385 = EDGE_CURVE('',#3369,#3378,#3386,.T.);
#3386 = LINE('',#3387,#3388);
#3387 = CARTESIAN_POINT('',(-71.41778489984,16.263455967291,-95.));
#3388 = VECTOR('',#3389,1.);
#3389 = DIRECTION('',(0.,0.,1.));
#3390 = PLANE('',#3391);
#3391 = AXIS2_PLACEMENT_3D('',#3392,#3393,#3394);
#3392 = CARTESIAN_POINT('',(16.263455967291,-71.41778489984,-95.));
#3393 = DIRECTION('',(-0.707106781187,-0.707106781187,0.));
#3394 = DIRECTION('',(0.,0.,1.));
#3395 = ADVANCED_FACE('',(#3396),#3414,.T.);
#3396 = FACE_BOUND('',#3397,.T.);
#3397 = EDGE_LOOP('',(#3398,#3399,#3400,#3408));
#3398 = ORIENTED_EDGE('',*,*,#3354,.F.);
#3399 = ORIENTED_EDGE('',*,*,#3377,.T.);
#3400 = ORIENTED_EDGE('',*,*,#3401,.T.);
#3401 = EDGE_CURVE('',#3378,#3402,#3404,.T.);
#3402 = VERTEX_POINT('',#3403);
#3403 = CARTESIAN_POINT('',(-122.3294731452,-34.64823227814,95.));
#3404 = LINE('',#3405,#3406);
#3405 = CARTESIAN_POINT('',(-71.41778489984,16.263455967291,95.));
#3406 = VECTOR('',#3407,1.);
#3407 = DIRECTION('',(-0.707106781187,-0.707106781187,0.));
#3408 = ORIENTED_EDGE('',*,*,#3409,.F.);
#3409 = EDGE_CURVE('',#3347,#3402,#3410,.T.);
#3410 = LINE('',#3411,#3412);
#3411 = CARTESIAN_POINT('',(-34.64823227814,-122.3294731452,95.));
#3412 = VECTOR('',#3413,1.);
#3413 = DIRECTION('',(-0.707106781187,0.707106781187,0.));
#3414 = PLANE('',#3415);
#3415 = AXIS2_PLACEMENT_3D('',#3416,#3417,#3418);
#3416 = CARTESIAN_POINT('',(16.263455967291,-71.41778489984,95.));
#3417 = DIRECTION('',(0.,0.,1.));
#3418 = DIRECTION('',(-0.707106781187,0.707106781187,0.));
#3419 = ADVANCED_FACE('',(#3420),#3438,.T.);
#3420 = FACE_BOUND('',#3421,.T.);
#3421 = EDGE_LOOP('',(#3422,#3430,#3431,#3432));
#3422 = ORIENTED_EDGE('',*,*,#3423,.F.);
#3423 = EDGE_CURVE('',#3339,#3424,#3426,.T.);
#3424 = VERTEX_POINT('',#3425);
#3425 = CARTESIAN_POINT('',(-122.3294731452,-34.64823227814,-95.));
#3426 = LINE('',#3427,#3428);
#3427 = CARTESIAN_POINT('',(-34.64823227814,-122.3294731452,-95.));
#3428 = VECTOR('',#3429,1.);
#3429 = DIRECTION('',(-0.707106781187,0.707106781187,0.));
#3430 = ORIENTED_EDGE('',*,*,#3346,.T.);
#3431 = ORIENTED_EDGE('',*,*,#3409,.T.);
#3432 = ORIENTED_EDGE('',*,*,#3433,.F.);
#3433 = EDGE_CURVE('',#3424,#3402,#3434,.T.);
#3434 = LINE('',#3435,#3436);
#3435 = CARTESIAN_POINT('',(-122.3294731452,-34.64823227814,-95.));
#3436 = VECTOR('',#3437,1.);
#3437 = DIRECTION('',(0.,0.,1.));
#3438 = PLANE('',#3439);
#3439 = AXIS2_PLACEMENT_3D('',#3440,#3441,#3442);
#3440 = CARTESIAN_POINT('',(-34.64823227814,-122.3294731452,-95.));
#3441 = DIRECTION('',(-0.707106781187,-0.707106781187,0.));
#3442 = DIRECTION('',(0.,0.,1.));
#3443 = ADVANCED_FACE('',(#3444),#3455,.F.);
#3444 = FACE_BOUND('',#3445,.F.);
#3445 = EDGE_LOOP('',(#3446,#3447,#3448,#3454));
#3446 = ORIENTED_EDGE('',*,*,#3338,.F.);
#3447 = ORIENTED_EDGE('',*,*,#3368,.T.);
#3448 = ORIENTED_EDGE('',*,*,#3449,.T.);
#3449 = EDGE_CURVE('',#3369,#3424,#3450,.T.);
#3450 = LINE('',#3451,#3452);
#3451 = CARTESIAN_POINT('',(-71.41778489984,16.263455967291,-95.));
#3452 = VECTOR('',#3453,1.);
#3453 = DIRECTION('',(-0.707106781187,-0.707106781187,0.));
#3454 = ORIENTED_EDGE('',*,*,#3423,.F.);
#3455 = PLANE('',#3456);
#3456 = AXIS2_PLACEMENT_3D('',#3457,#3458,#3459);
#3457 = CARTESIAN_POINT('',(16.263455967291,-71.41778489984,-95.));
#3458 = DIRECTION('',(0.,0.,1.));
#3459 = DIRECTION('',(-0.707106781187,0.707106781187,0.));
#3460 = ADVANCED_FACE('',(#3461,#3467),#3525,.T.);
#3461 = FACE_BOUND('',#3462,.T.);
#3462 = EDGE_LOOP('',(#3463,#3464,#3465,#3466));
#3463 = ORIENTED_EDGE('',*,*,#3385,.F.);
#3464 = ORIENTED_EDGE('',*,*,#3449,.T.);
#3465 = ORIENTED_EDGE('',*,*,#3433,.T.);
#3466 = ORIENTED_EDGE('',*,*,#3401,.F.);
#3467 = FACE_BOUND('',#3468,.T.);
#3468 = EDGE_LOOP('',(#3469,#3479,#3487,#3495,#3503,#3511,#3519));
#3469 = ORIENTED_EDGE('',*,*,#3470,.F.);
#3470 = EDGE_CURVE('',#3471,#3473,#3475,.T.);
#3471 = VERTEX_POINT('',#3472);
#3472 = CARTESIAN_POINT('',(-94.04520189781,-6.363961030679,20.));
#3473 = VERTEX_POINT('',#3474);
#3474 = CARTESIAN_POINT('',(-99.7020561473,-12.02081528017,20.));
#3475 = LINE('',#3476,#3477);
#3476 = CARTESIAN_POINT('',(-94.04520189781,-6.363961030679,20.));
#3477 = VECTOR('',#3478,1.);
#3478 = DIRECTION('',(-0.707106781187,-0.707106781187,0.));
#3479 = ORIENTED_EDGE('',*,*,#3480,.F.);
#3480 = EDGE_CURVE('',#3481,#3471,#3483,.T.);
#3481 = VERTEX_POINT('',#3482);
#3482 = CARTESIAN_POINT('',(-94.04520189781,-6.363961030679,34.));
#3483 = LINE('',#3484,#3485);
#3484 = CARTESIAN_POINT('',(-94.04520189781,-6.363961030679,34.));
#3485 = VECTOR('',#3486,1.);
#3486 = DIRECTION('',(-0.,0.,-1.));
#3487 = ORIENTED_EDGE('',*,*,#3488,.F.);
#3488 = EDGE_CURVE('',#3489,#3481,#3491,.T.);
#3489 = VERTEX_POINT('',#3490);
#3490 = CARTESIAN_POINT('',(-91.21677477306,-3.535533905933,34.));
#3491 = LINE('',#3492,#3493);
#3492 = CARTESIAN_POINT('',(-91.21677477306,-3.535533905933,34.));
#3493 = VECTOR('',#3494,1.);
#3494 = DIRECTION('',(-0.707106781187,-0.707106781187,0.));
#3495 = ORIENTED_EDGE('',*,*,#3496,.F.);
#3496 = EDGE_CURVE('',#3497,#3489,#3499,.T.);
#3497 = VERTEX_POINT('',#3498);
#3498 = CARTESIAN_POINT('',(-96.87362902255,-9.192388155425,44.));
#3499 = LINE('',#3500,#3501);
#3500 = CARTESIAN_POINT('',(-96.87362902255,-9.192388155425,44.));
#3501 = VECTOR('',#3502,1.);
#3502 = DIRECTION('',(0.441726104299,0.441726104299,-0.780868809443));
#3503 = ORIENTED_EDGE('',*,*,#3504,.F.);
#3504 = EDGE_CURVE('',#3505,#3497,#3507,.T.);
#3505 = VERTEX_POINT('',#3506);
#3506 = CARTESIAN_POINT('',(-102.530483272,-14.84924240491,34.));
#3507 = LINE('',#3508,#3509);
#3508 = CARTESIAN_POINT('',(-102.530483272,-14.84924240491,34.));
#3509 = VECTOR('',#3510,1.);
#3510 = DIRECTION('',(0.441726104299,0.441726104299,0.780868809443));
#3511 = ORIENTED_EDGE('',*,*,#3512,.F.);
#3512 = EDGE_CURVE('',#3513,#3505,#3515,.T.);
#3513 = VERTEX_POINT('',#3514);
#3514 = CARTESIAN_POINT('',(-99.7020561473,-12.02081528017,34.));
#3515 = LINE('',#3516,#3517);
#3516 = CARTESIAN_POINT('',(-99.7020561473,-12.02081528017,34.));
#3517 = VECTOR('',#3518,1.);
#3518 = DIRECTION('',(-0.707106781187,-0.707106781187,0.));
#3519 = ORIENTED_EDGE('',*,*,#3520,.F.);
#3520 = EDGE_CURVE('',#3473,#3513,#3521,.T.);
#3521 = LINE('',#3522,#3523);
#3522 = CARTESIAN_POINT('',(-99.7020561473,-12.02081528017,20.));
#3523 = VECTOR('',#3524,1.);
#3524 = DIRECTION('',(0.,0.,1.));
#3525 = PLANE('',#3526);
#3526 = AXIS2_PLACEMENT_3D('',#3527,#3528,#3529);
#3527 = CARTESIAN_POINT('',(-71.41778489984,16.263455967291,-95.));
#3528 = DIRECTION('',(-0.707106781187,0.707106781187,0.));
#3529 = DIRECTION('',(0.,0.,1.));
#3530 = ADVANCED_FACE('',(#3531),#3556,.F.);
#3531 = FACE_BOUND('',#3532,.F.);
#3532 = EDGE_LOOP('',(#3533,#3541,#3549,#3555));
#3533 = ORIENTED_EDGE('',*,*,#3534,.T.);
#3534 = EDGE_CURVE('',#3471,#3535,#3537,.T.);
#3535 = VERTEX_POINT('',#3536);
#3536 = CARTESIAN_POINT('',(-94.89373003523,-5.515432893255,20.));
#3537 = LINE('',#3538,#3539);
#3538 = CARTESIAN_POINT('',(-94.04520189781,-6.363961030679,20.));
#3539 = VECTOR('',#3540,1.);
#3540 = DIRECTION('',(-0.707106781187,0.707106781187,0.));
#3541 = ORIENTED_EDGE('',*,*,#3542,.T.);
#3542 = EDGE_CURVE('',#3535,#3543,#3545,.T.);
#3543 = VERTEX_POINT('',#3544);
#3544 = CARTESIAN_POINT('',(-100.5505842847,-11.17228714274,20.));
#3545 = LINE('',#3546,#3547);
#3546 = CARTESIAN_POINT('',(-94.89373003523,-5.515432893255,20.));
#3547 = VECTOR('',#3548,1.);
#3548 = DIRECTION('',(-0.707106781187,-0.707106781187,0.));
#3549 = ORIENTED_EDGE('',*,*,#3550,.F.);
#3550 = EDGE_CURVE('',#3473,#3543,#3551,.T.);
#3551 = LINE('',#3552,#3553);
#3552 = CARTESIAN_POINT('',(-99.7020561473,-12.02081528017,20.));
#3553 = VECTOR('',#3554,1.);
#3554 = DIRECTION('',(-0.707106781187,0.707106781187,0.));
#3555 = ORIENTED_EDGE('',*,*,#3470,.F.);
#3556 = PLANE('',#3557);
#3557 = AXIS2_PLACEMENT_3D('',#3558,#3559,#3560);
#3558 = CARTESIAN_POINT('',(-94.04520189781,-6.363961030679,20.));
#3559 = DIRECTION('',(0.,0.,1.));
#3560 = DIRECTION('',(-0.707106781187,-0.707106781187,0.));
#3561 = ADVANCED_FACE('',(#3562),#3580,.F.);
#3562 = FACE_BOUND('',#3563,.F.);
#3563 = EDGE_LOOP('',(#3564,#3565,#3573,#3579));
#3564 = ORIENTED_EDGE('',*,*,#3550,.T.);
#3565 = ORIENTED_EDGE('',*,*,#3566,.T.);
#3566 = EDGE_CURVE('',#3543,#3567,#3569,.T.);
#3567 = VERTEX_POINT('',#3568);
#3568 = CARTESIAN_POINT('',(-100.5505842847,-11.17228714274,34.));
#3569 = LINE('',#3570,#3571);
#3570 = CARTESIAN_POINT('',(-100.5505842847,-11.17228714274,20.));
#3571 = VECTOR('',#3572,1.);
#3572 = DIRECTION('',(0.,0.,1.));
#3573 = ORIENTED_EDGE('',*,*,#3574,.F.);
#3574 = EDGE_CURVE('',#3513,#3567,#3575,.T.);
#3575 = LINE('',#3576,#3577);
#3576 = CARTESIAN_POINT('',(-99.7020561473,-12.02081528017,34.));
#3577 = VECTOR('',#3578,1.);
#3578 = DIRECTION('',(-0.707106781187,0.707106781187,0.));
#3579 = ORIENTED_EDGE('',*,*,#3520,.F.);
#3580 = PLANE('',#3581);
#3581 = AXIS2_PLACEMENT_3D('',#3582,#3583,#3584);
#3582 = CARTESIAN_POINT('',(-99.7020561473,-12.02081528017,20.));
#3583 = DIRECTION('',(0.707106781187,0.707106781187,0.));
#3584 = DIRECTION('',(0.,0.,1.));
#3585 = ADVANCED_FACE('',(#3586),#3604,.F.);
#3586 = FACE_BOUND('',#3587,.F.);
#3587 = EDGE_LOOP('',(#3588,#3589,#3597,#3603));
#3588 = ORIENTED_EDGE('',*,*,#3574,.T.);
#3589 = ORIENTED_EDGE('',*,*,#3590,.T.);
#3590 = EDGE_CURVE('',#3567,#3591,#3593,.T.);
#3591 = VERTEX_POINT('',#3592);
#3592 = CARTESIAN_POINT('',(-103.3790114094,-14.00071426749,34.));
#3593 = LINE('',#3594,#3595);
#3594 = CARTESIAN_POINT('',(-100.5505842847,-11.17228714274,34.));
#3595 = VECTOR('',#3596,1.);
#3596 = DIRECTION('',(-0.707106781187,-0.707106781187,0.));
#3597 = ORIENTED_EDGE('',*,*,#3598,.F.);
#3598 = EDGE_CURVE('',#3505,#3591,#3599,.T.);
#3599 = LINE('',#3600,#3601);
#3600 = CARTESIAN_POINT('',(-102.530483272,-14.84924240491,34.));
#3601 = VECTOR('',#3602,1.);
#3602 = DIRECTION('',(-0.707106781187,0.707106781187,0.));
#3603 = ORIENTED_EDGE('',*,*,#3512,.F.);
#3604 = PLANE('',#3605);
#3605 = AXIS2_PLACEMENT_3D('',#3606,#3607,#3608);
#3606 = CARTESIAN_POINT('',(-99.7020561473,-12.02081528017,34.));
#3607 = DIRECTION('',(0.,0.,1.));
#3608 = DIRECTION('',(-0.707106781187,-0.707106781187,0.));
#3609 = ADVANCED_FACE('',(#3610),#3628,.F.);
#3610 = FACE_BOUND('',#3611,.F.);
#3611 = EDGE_LOOP('',(#3612,#3613,#3621,#3627));
#3612 = ORIENTED_EDGE('',*,*,#3598,.T.);
#3613 = ORIENTED_EDGE('',*,*,#3614,.T.);
#3614 = EDGE_CURVE('',#3591,#3615,#3617,.T.);
#3615 = VERTEX_POINT('',#3616);
#3616 = CARTESIAN_POINT('',(-97.72215715998,-8.343860018001,44.));
#3617 = LINE('',#3618,#3619);
#3618 = CARTESIAN_POINT('',(-103.3790114094,-14.00071426749,34.));
#3619 = VECTOR('',#3620,1.);
#3620 = DIRECTION('',(0.441726104299,0.441726104299,0.780868809443));
#3621 = ORIENTED_EDGE('',*,*,#3622,.F.);
#3622 = EDGE_CURVE('',#3497,#3615,#3623,.T.);
#3623 = LINE('',#3624,#3625);
#3624 = CARTESIAN_POINT('',(-96.87362902255,-9.192388155425,44.));
#3625 = VECTOR('',#3626,1.);
#3626 = DIRECTION('',(-0.707106781187,0.707106781187,0.));
#3627 = ORIENTED_EDGE('',*,*,#3504,.F.);
#3628 = PLANE('',#3629);
#3629 = AXIS2_PLACEMENT_3D('',#3630,#3631,#3632);
#3630 = CARTESIAN_POINT('',(-102.530483272,-14.84924240491,34.));
#3631 = DIRECTION('',(0.552157630374,0.552157630374,-0.624695047554));
#3632 = DIRECTION('',(0.441726104299,0.441726104299,0.780868809443));
#3633 = ADVANCED_FACE('',(#3634),#3652,.F.);
#3634 = FACE_BOUND('',#3635,.F.);
#3635 = EDGE_LOOP('',(#3636,#3637,#3645,#3651));
#3636 = ORIENTED_EDGE('',*,*,#3622,.T.);
#3637 = ORIENTED_EDGE('',*,*,#3638,.T.);
#3638 = EDGE_CURVE('',#3615,#3639,#3641,.T.);
#3639 = VERTEX_POINT('',#3640);
#3640 = CARTESIAN_POINT('',(-92.06530291048,-2.687005768509,34.));
#3641 = LINE('',#3642,#3643);
#3642 = CARTESIAN_POINT('',(-97.72215715998,-8.343860018001,44.));
#3643 = VECTOR('',#3644,1.);
#3644 = DIRECTION('',(0.441726104299,0.441726104299,-0.780868809443));
#3645 = ORIENTED_EDGE('',*,*,#3646,.F.);
#3646 = EDGE_CURVE('',#3489,#3639,#3647,.T.);
#3647 = LINE('',#3648,#3649);
#3648 = CARTESIAN_POINT('',(-91.21677477306,-3.535533905933,34.));
#3649 = VECTOR('',#3650,1.);
#3650 = DIRECTION('',(-0.707106781187,0.707106781187,0.));
#3651 = ORIENTED_EDGE('',*,*,#3496,.F.);
#3652 = PLANE('',#3653);
#3653 = AXIS2_PLACEMENT_3D('',#3654,#3655,#3656);
#3654 = CARTESIAN_POINT('',(-96.87362902255,-9.192388155425,44.));
#3655 = DIRECTION('',(-0.552157630374,-0.552157630374,-0.624695047554));
#3656 = DIRECTION('',(0.441726104299,0.441726104299,-0.780868809443));
#3657 = ADVANCED_FACE('',(#3658),#3676,.F.);
#3658 = FACE_BOUND('',#3659,.F.);
#3659 = EDGE_LOOP('',(#3660,#3661,#3669,#3675));
#3660 = ORIENTED_EDGE('',*,*,#3646,.T.);
#3661 = ORIENTED_EDGE('',*,*,#3662,.T.);
#3662 = EDGE_CURVE('',#3639,#3663,#3665,.T.);
#3663 = VERTEX_POINT('',#3664);
#3664 = CARTESIAN_POINT('',(-94.89373003523,-5.515432893255,34.));
#3665 = LINE('',#3666,#3667);
#3666 = CARTESIAN_POINT('',(-92.06530291048,-2.687005768509,34.));
#3667 = VECTOR('',#3668,1.);
#3668 = DIRECTION('',(-0.707106781187,-0.707106781187,0.));
#3669 = ORIENTED_EDGE('',*,*,#3670,.F.);
#3670 = EDGE_CURVE('',#3481,#3663,#3671,.T.);
#3671 = LINE('',#3672,#3673);
#3672 = CARTESIAN_POINT('',(-94.04520189781,-6.363961030679,34.));
#3673 = VECTOR('',#3674,1.);
#3674 = DIRECTION('',(-0.707106781187,0.707106781187,0.));
#3675 = ORIENTED_EDGE('',*,*,#3488,.F.);
#3676 = PLANE('',#3677);
#3677 = AXIS2_PLACEMENT_3D('',#3678,#3679,#3680);
#3678 = CARTESIAN_POINT('',(-91.21677477306,-3.535533905933,34.));
#3679 = DIRECTION('',(0.,0.,1.));
#3680 = DIRECTION('',(-0.707106781187,-0.707106781187,0.));
#3681 = ADVANCED_FACE('',(#3682),#3693,.F.);
#3682 = FACE_BOUND('',#3683,.F.);
#3683 = EDGE_LOOP('',(#3684,#3685,#3691,#3692));
#3684 = ORIENTED_EDGE('',*,*,#3670,.T.);
#3685 = ORIENTED_EDGE('',*,*,#3686,.T.);
#3686 = EDGE_CURVE('',#3663,#3535,#3687,.T.);
#3687 = LINE('',#3688,#3689);
#3688 = CARTESIAN_POINT('',(-94.89373003523,-5.515432893255,34.));
#3689 = VECTOR('',#3690,1.);
#3690 = DIRECTION('',(-0.,0.,-1.));
#3691 = ORIENTED_EDGE('',*,*,#3534,.F.);
#3692 = ORIENTED_EDGE('',*,*,#3480,.F.);
#3693 = PLANE('',#3694);
#3694 = AXIS2_PLACEMENT_3D('',#3695,#3696,#3697);
#3695 = CARTESIAN_POINT('',(-94.04520189781,-6.363961030679,34.));
#3696 = DIRECTION('',(-0.707106781187,-0.707106781187,0.));
#3697 = DIRECTION('',(-0.,0.,-1.));
#3698 = ADVANCED_FACE('',(#3699),#3708,.T.);
#3699 = FACE_BOUND('',#3700,.T.);
#3700 = EDGE_LOOP('',(#3701,#3702,#3703,#3704,#3705,#3706,#3707));
#3701 = ORIENTED_EDGE('',*,*,#3542,.T.);
#3702 = ORIENTED_EDGE('',*,*,#3566,.T.);
#3703 = ORIENTED_EDGE('',*,*,#3590,.T.);
#3704 = ORIENTED_EDGE('',*,*,#3614,.T.);
#3705 = ORIENTED_EDGE('',*,*,#3638,.T.);
#3706 = ORIENTED_EDGE('',*,*,#3662,.T.);
#3707 = ORIENTED_EDGE('',*,*,#3686,.T.);
#3708 = PLANE('',#3709);
#3709 = AXIS2_PLACEMENT_3D('',#3710,#3711,#3712);
#3710 = CARTESIAN_POINT('',(-97.72215715998,-8.343860018001,
    31.415154991764));
#3711 = DIRECTION('',(-0.707106781187,0.707106781187,0.));
#3712 = DIRECTION('',(0.,0.,1.));
#3713 = ORIENTED_CLOSED_SHELL('',*,#3714,.F.);
#3714 = CLOSED_SHELL('',(#3715,#3755,#3786,#3810,#3834,#3851));
#3715 = ADVANCED_FACE('',(#3716),#3750,.F.);
#3716 = FACE_BOUND('',#3717,.F.);
#3717 = EDGE_LOOP('',(#3718,#3728,#3736,#3744));
#3718 = ORIENTED_EDGE('',*,*,#3719,.F.);
#3719 = EDGE_CURVE('',#3720,#3722,#3724,.T.);
#3720 = VERTEX_POINT('',#3721);
#3721 = CARTESIAN_POINT('',(12.020815280171,-71.41778489984,-92.));
#3722 = VERTEX_POINT('',#3723);
#3723 = CARTESIAN_POINT('',(12.020815280171,-71.41778489984,92.));
#3724 = LINE('',#3725,#3726);
#3725 = CARTESIAN_POINT('',(12.020815280171,-71.41778489984,-92.));
#3726 = VECTOR('',#3727,1.);
#3727 = DIRECTION('',(0.,0.,1.));
#3728 = ORIENTED_EDGE('',*,*,#3729,.T.);
#3729 = EDGE_CURVE('',#3720,#3730,#3732,.T.);
#3730 = VERTEX_POINT('',#3731);
#3731 = CARTESIAN_POINT('',(-34.64823227814,-118.0868324581,-92.));
#3732 = LINE('',#3733,#3734);
#3733 = CARTESIAN_POINT('',(12.020815280171,-71.41778489984,-92.));
#3734 = VECTOR('',#3735,1.);
#3735 = DIRECTION('',(-0.707106781187,-0.707106781187,0.));
#3736 = ORIENTED_EDGE('',*,*,#3737,.T.);
#3737 = EDGE_CURVE('',#3730,#3738,#3740,.T.);
#3738 = VERTEX_POINT('',#3739);
#3739 = CARTESIAN_POINT('',(-34.64823227814,-118.0868324581,92.));
#3740 = LINE('',#3741,#3742);
#3741 = CARTESIAN_POINT('',(-34.64823227814,-118.0868324581,-92.));
#3742 = VECTOR('',#3743,1.);
#3743 = DIRECTION('',(0.,0.,1.));
#3744 = ORIENTED_EDGE('',*,*,#3745,.F.);
#3745 = EDGE_CURVE('',#3722,#3738,#3746,.T.);
#3746 = LINE('',#3747,#3748);
#3747 = CARTESIAN_POINT('',(12.020815280171,-71.41778489984,92.));
#3748 = VECTOR('',#3749,1.);
#3749 = DIRECTION('',(-0.707106781187,-0.707106781187,0.));
#3750 = PLANE('',#3751);
#3751 = AXIS2_PLACEMENT_3D('',#3752,#3753,#3754);
#3752 = CARTESIAN_POINT('',(12.020815280171,-71.41778489984,-92.));
#3753 = DIRECTION('',(-0.707106781187,0.707106781187,0.));
#3754 = DIRECTION('',(0.,0.,1.));
#3755 = ADVANCED_FACE('',(#3756),#3781,.F.);
#3756 = FACE_BOUND('',#3757,.F.);
#3757 = EDGE_LOOP('',(#3758,#3766,#3767,#3775));
#3758 = ORIENTED_EDGE('',*,*,#3759,.F.);
#3759 = EDGE_CURVE('',#3720,#3760,#3762,.T.);
#3760 = VERTEX_POINT('',#3761);
#3761 = CARTESIAN_POINT('',(-71.41778489984,12.020815280171,-92.));
#3762 = LINE('',#3763,#3764);
#3763 = CARTESIAN_POINT('',(12.020815280171,-71.41778489984,-92.));
#3764 = VECTOR('',#3765,1.);
#3765 = DIRECTION('',(-0.707106781187,0.707106781187,0.));
#3766 = ORIENTED_EDGE('',*,*,#3719,.T.);
#3767 = ORIENTED_EDGE('',*,*,#3768,.T.);
#3768 = EDGE_CURVE('',#3722,#3769,#3771,.T.);
#3769 = VERTEX_POINT('',#3770);
#3770 = CARTESIAN_POINT('',(-71.41778489984,12.020815280171,92.));
#3771 = LINE('',#3772,#3773);
#3772 = CARTESIAN_POINT('',(12.020815280171,-71.41778489984,92.));
#3773 = VECTOR('',#3774,1.);
#3774 = DIRECTION('',(-0.707106781187,0.707106781187,0.));
#3775 = ORIENTED_EDGE('',*,*,#3776,.F.);
#3776 = EDGE_CURVE('',#3760,#3769,#3777,.T.);
#3777 = LINE('',#3778,#3779);
#3778 = CARTESIAN_POINT('',(-71.41778489984,12.020815280171,-92.));
#3779 = VECTOR('',#3780,1.);
#3780 = DIRECTION('',(0.,0.,1.));
#3781 = PLANE('',#3782);
#3782 = AXIS2_PLACEMENT_3D('',#3783,#3784,#3785);
#3783 = CARTESIAN_POINT('',(12.020815280171,-71.41778489984,-92.));
#3784 = DIRECTION('',(-0.707106781187,-0.707106781187,0.));
#3785 = DIRECTION('',(0.,0.,1.));
#3786 = ADVANCED_FACE('',(#3787),#3805,.T.);
#3787 = FACE_BOUND('',#3788,.T.);
#3788 = EDGE_LOOP('',(#3789,#3790,#3791,#3799));
#3789 = ORIENTED_EDGE('',*,*,#3745,.F.);
#3790 = ORIENTED_EDGE('',*,*,#3768,.T.);
#3791 = ORIENTED_EDGE('',*,*,#3792,.T.);
#3792 = EDGE_CURVE('',#3769,#3793,#3795,.T.);
#3793 = VERTEX_POINT('',#3794);
#3794 = CARTESIAN_POINT('',(-118.0868324581,-34.64823227814,92.));
#3795 = LINE('',#3796,#3797);
#3796 = CARTESIAN_POINT('',(-71.41778489984,12.020815280171,92.));
#3797 = VECTOR('',#3798,1.);
#3798 = DIRECTION('',(-0.707106781187,-0.707106781187,0.));
#3799 = ORIENTED_EDGE('',*,*,#3800,.F.);
#3800 = EDGE_CURVE('',#3738,#3793,#3801,.T.);
#3801 = LINE('',#3802,#3803);
#3802 = CARTESIAN_POINT('',(-34.64823227814,-118.0868324581,92.));
#3803 = VECTOR('',#3804,1.);
#3804 = DIRECTION('',(-0.707106781187,0.707106781187,0.));
#3805 = PLANE('',#3806);
#3806 = AXIS2_PLACEMENT_3D('',#3807,#3808,#3809);
#3807 = CARTESIAN_POINT('',(12.020815280171,-71.41778489984,92.));
#3808 = DIRECTION('',(0.,0.,1.));
#3809 = DIRECTION('',(-0.707106781187,0.707106781187,0.));
#3810 = ADVANCED_FACE('',(#3811),#3829,.T.);
#3811 = FACE_BOUND('',#3812,.T.);
#3812 = EDGE_LOOP('',(#3813,#3821,#3822,#3823));
#3813 = ORIENTED_EDGE('',*,*,#3814,.F.);
#3814 = EDGE_CURVE('',#3730,#3815,#3817,.T.);
#3815 = VERTEX_POINT('',#3816);
#3816 = CARTESIAN_POINT('',(-118.0868324581,-34.64823227814,-92.));
#3817 = LINE('',#3818,#3819);
#3818 = CARTESIAN_POINT('',(-34.64823227814,-118.0868324581,-92.));
#3819 = VECTOR('',#3820,1.);
#3820 = DIRECTION('',(-0.707106781187,0.707106781187,0.));
#3821 = ORIENTED_EDGE('',*,*,#3737,.T.);
#3822 = ORIENTED_EDGE('',*,*,#3800,.T.);
#3823 = ORIENTED_EDGE('',*,*,#3824,.F.);
#3824 = EDGE_CURVE('',#3815,#3793,#3825,.T.);
#3825 = LINE('',#3826,#3827);
#3826 = CARTESIAN_POINT('',(-118.0868324581,-34.64823227814,-92.));
#3827 = VECTOR('',#3828,1.);
#3828 = DIRECTION('',(0.,0.,1.));
#3829 = PLANE('',#3830);
#3830 = AXIS2_PLACEMENT_3D('',#3831,#3832,#3833);
#3831 = CARTESIAN_POINT('',(-34.64823227814,-118.0868324581,-92.));
#3832 = DIRECTION('',(-0.707106781187,-0.707106781187,0.));
#3833 = DIRECTION('',(0.,0.,1.));
#3834 = ADVANCED_FACE('',(#3835),#3846,.F.);
#3835 = FACE_BOUND('',#3836,.F.);
#3836 = EDGE_LOOP('',(#3837,#3838,#3839,#3845));
#3837 = ORIENTED_EDGE('',*,*,#3729,.F.);
#3838 = ORIENTED_EDGE('',*,*,#3759,.T.);
#3839 = ORIENTED_EDGE('',*,*,#3840,.T.);
#3840 = EDGE_CURVE('',#3760,#3815,#3841,.T.);
#3841 = LINE('',#3842,#3843);
#3842 = CARTESIAN_POINT('',(-71.41778489984,12.020815280171,-92.));
#3843 = VECTOR('',#3844,1.);
#3844 = DIRECTION('',(-0.707106781187,-0.707106781187,0.));
#3845 = ORIENTED_EDGE('',*,*,#3814,.F.);
#3846 = PLANE('',#3847);
#3847 = AXIS2_PLACEMENT_3D('',#3848,#3849,#3850);
#3848 = CARTESIAN_POINT('',(12.020815280171,-71.41778489984,-92.));
#3849 = DIRECTION('',(0.,0.,1.));
#3850 = DIRECTION('',(-0.707106781187,0.707106781187,0.));
#3851 = ADVANCED_FACE('',(#3852),#3858,.T.);
#3852 = FACE_BOUND('',#3853,.T.);
#3853 = EDGE_LOOP('',(#3854,#3855,#3856,#3857));
#3854 = ORIENTED_EDGE('',*,*,#3776,.F.);
#3855 = ORIENTED_EDGE('',*,*,#3840,.T.);
#3856 = ORIENTED_EDGE('',*,*,#3824,.T.);
#3857 = ORIENTED_EDGE('',*,*,#3792,.F.);
#3858 = PLANE('',#3859);
#3859 = AXIS2_PLACEMENT_3D('',#3860,#3861,#3862);
#3860 = CARTESIAN_POINT('',(-71.41778489984,12.020815280171,-92.));
#3861 = DIRECTION('',(-0.707106781187,0.707106781187,0.));
#3862 = DIRECTION('',(0.,0.,1.));
#3863 = MANIFOLD_SOLID_BREP('',#3864);
#3864 = CLOSED_SHELL('',(#3865,#3905,#3945,#3967,#3989,#4001));
#3865 = ADVANCED_FACE('',(#3866),#3900,.F.);
#3866 = FACE_BOUND('',#3867,.F.);
#3867 = EDGE_LOOP('',(#3868,#3878,#3886,#3894));
#3868 = ORIENTED_EDGE('',*,*,#3869,.F.);
#3869 = EDGE_CURVE('',#3870,#3872,#3874,.T.);
#3870 = VERTEX_POINT('',#3871);
#3871 = CARTESIAN_POINT('',(17.111984104714,-70.56925676241,-89.));
#3872 = VERTEX_POINT('',#3873);
#3873 = CARTESIAN_POINT('',(17.111984104714,-70.56925676241,-85.));
#3874 = LINE('',#3875,#3876);
#3875 = CARTESIAN_POINT('',(17.111984104714,-70.56925676241,-89.));
#3876 = VECTOR('',#3877,1.);
#3877 = DIRECTION('',(0.,0.,1.));
#3878 = ORIENTED_EDGE('',*,*,#3879,.T.);
#3879 = EDGE_CURVE('',#3870,#3880,#3882,.T.);
#3880 = VERTEX_POINT('',#3881);
#3881 = CARTESIAN_POINT('',(16.263455967291,-71.41778489984,-89.));
#3882 = LINE('',#3883,#3884);
#3883 = CARTESIAN_POINT('',(17.111984104714,-70.56925676241,-89.));
#3884 = VECTOR('',#3885,1.);
#3885 = DIRECTION('',(-0.707106781187,-0.707106781187,0.));
#3886 = ORIENTED_EDGE('',*,*,#3887,.T.);
#3887 = EDGE_CURVE('',#3880,#3888,#3890,.T.);
#3888 = VERTEX_POINT('',#3889);
#3889 = CARTESIAN_POINT('',(16.263455967291,-71.41778489984,-85.));
#3890 = LINE('',#3891,#3892);
#3891 = CARTESIAN_POINT('',(16.263455967291,-71.41778489984,-89.));
#3892 = VECTOR('',#3893,1.);
#3893 = DIRECTION('',(0.,0.,1.));
#3894 = ORIENTED_EDGE('',*,*,#3895,.F.);
#3895 = EDGE_CURVE('',#3872,#3888,#3896,.T.);
#3896 = LINE('',#3897,#3898);
#3897 = CARTESIAN_POINT('',(17.111984104714,-70.56925676241,-85.));
#3898 = VECTOR('',#3899,1.);
#3899 = DIRECTION('',(-0.707106781187,-0.707106781187,0.));
#3900 = PLANE('',#3901);
#3901 = AXIS2_PLACEMENT_3D('',#3902,#3903,#3904);
#3902 = CARTESIAN_POINT('',(17.111984104714,-70.56925676241,-89.));
#3903 = DIRECTION('',(-0.707106781187,0.707106781187,0.));
#3904 = DIRECTION('',(0.,0.,1.));
#3905 = ADVANCED_FACE('',(#3906),#3940,.T.);
#3906 = FACE_BOUND('',#3907,.T.);
#3907 = EDGE_LOOP('',(#3908,#3918,#3926,#3934));
#3908 = ORIENTED_EDGE('',*,*,#3909,.F.);
#3909 = EDGE_CURVE('',#3910,#3912,#3914,.T.);
#3910 = VERTEX_POINT('',#3911);
#3911 = CARTESIAN_POINT('',(-11.17228714274,-42.28498551495,-89.));
#3912 = VERTEX_POINT('',#3913);
#3913 = CARTESIAN_POINT('',(-11.17228714274,-42.28498551495,-85.));
#3914 = LINE('',#3915,#3916);
#3915 = CARTESIAN_POINT('',(-11.17228714274,-42.28498551495,-89.));
#3916 = VECTOR('',#3917,1.);
#3917 = DIRECTION('',(0.,0.,1.));
#3918 = ORIENTED_EDGE('',*,*,#3919,.T.);
#3919 = EDGE_CURVE('',#3910,#3920,#3922,.T.);
#3920 = VERTEX_POINT('',#3921);
#3921 = CARTESIAN_POINT('',(-12.02081528017,-43.13351365237,-89.));
#3922 = LINE('',#3923,#3924);
#3923 = CARTESIAN_POINT('',(-11.17228714274,-42.28498551495,-89.));
#3924 = VECTOR('',#3925,1.);
#3925 = DIRECTION('',(-0.707106781187,-0.707106781187,0.));
#3926 = ORIENTED_EDGE('',*,*,#3927,.T.);
#3927 = EDGE_CURVE('',#3920,#3928,#3930,.T.);
#3928 = VERTEX_POINT('',#3929);
#3929 = CARTESIAN_POINT('',(-12.02081528017,-43.13351365237,-85.));
#3930 = LINE('',#3931,#3932);
#3931 = CARTESIAN_POINT('',(-12.02081528017,-43.13351365237,-89.));
#3932 = VECTOR('',#3933,1.);
#3933 = DIRECTION('',(0.,0.,1.));
#3934 = ORIENTED_EDGE('',*,*,#3935,.F.);
#3935 = EDGE_CURVE('',#3912,#3928,#3936,.T.);
#3936 = LINE('',#3937,#3938);
#3937 = CARTESIAN_POINT('',(-11.17228714274,-42.28498551495,-85.));
#3938 = VECTOR('',#3939,1.);
#3939 = DIRECTION('',(-0.707106781187,-0.707106781187,0.));
#3940 = PLANE('',#3941);
#3941 = AXIS2_PLACEMENT_3D('',#3942,#3943,#3944);
#3942 = CARTESIAN_POINT('',(-11.17228714274,-42.28498551495,-89.));
#3943 = DIRECTION('',(-0.707106781187,0.707106781187,0.));
#3944 = DIRECTION('',(0.,0.,1.));
#3945 = ADVANCED_FACE('',(#3946),#3962,.F.);
#3946 = FACE_BOUND('',#3947,.F.);
#3947 = EDGE_LOOP('',(#3948,#3954,#3955,#3961));
#3948 = ORIENTED_EDGE('',*,*,#3949,.F.);
#3949 = EDGE_CURVE('',#3870,#3910,#3950,.T.);
#3950 = LINE('',#3951,#3952);
#3951 = CARTESIAN_POINT('',(17.111984104714,-70.56925676241,-89.));
#3952 = VECTOR('',#3953,1.);
#3953 = DIRECTION('',(-0.707106781187,0.707106781187,0.));
#3954 = ORIENTED_EDGE('',*,*,#3869,.T.);
#3955 = ORIENTED_EDGE('',*,*,#3956,.T.);
#3956 = EDGE_CURVE('',#3872,#3912,#3957,.T.);
#3957 = LINE('',#3958,#3959);
#3958 = CARTESIAN_POINT('',(17.111984104714,-70.56925676241,-85.));
#3959 = VECTOR('',#3960,1.);
#3960 = DIRECTION('',(-0.707106781187,0.707106781187,0.));
#3961 = ORIENTED_EDGE('',*,*,#3909,.F.);
#3962 = PLANE('',#3963);
#3963 = AXIS2_PLACEMENT_3D('',#3964,#3965,#3966);
#3964 = CARTESIAN_POINT('',(17.111984104714,-70.56925676241,-89.));
#3965 = DIRECTION('',(-0.707106781187,-0.707106781187,0.));
#3966 = DIRECTION('',(0.,0.,1.));
#3967 = ADVANCED_FACE('',(#3968),#3984,.T.);
#3968 = FACE_BOUND('',#3969,.T.);
#3969 = EDGE_LOOP('',(#3970,#3976,#3977,#3983));
#3970 = ORIENTED_EDGE('',*,*,#3971,.F.);
#3971 = EDGE_CURVE('',#3880,#3920,#3972,.T.);
#3972 = LINE('',#3973,#3974);
#3973 = CARTESIAN_POINT('',(16.263455967291,-71.41778489984,-89.));
#3974 = VECTOR('',#3975,1.);
#3975 = DIRECTION('',(-0.707106781187,0.707106781187,0.));
#3976 = ORIENTED_EDGE('',*,*,#3887,.T.);
#3977 = ORIENTED_EDGE('',*,*,#3978,.T.);
#3978 = EDGE_CURVE('',#3888,#3928,#3979,.T.);
#3979 = LINE('',#3980,#3981);
#3980 = CARTESIAN_POINT('',(16.263455967291,-71.41778489984,-85.));
#3981 = VECTOR('',#3982,1.);
#3982 = DIRECTION('',(-0.707106781187,0.707106781187,0.));
#3983 = ORIENTED_EDGE('',*,*,#3927,.F.);
#3984 = PLANE('',#3985);
#3985 = AXIS2_PLACEMENT_3D('',#3986,#3987,#3988);
#3986 = CARTESIAN_POINT('',(16.263455967291,-71.41778489984,-89.));
#3987 = DIRECTION('',(-0.707106781187,-0.707106781187,0.));
#3988 = DIRECTION('',(0.,0.,1.));
#3989 = ADVANCED_FACE('',(#3990),#3996,.F.);
#3990 = FACE_BOUND('',#3991,.F.);
#3991 = EDGE_LOOP('',(#3992,#3993,#3994,#3995));
#3992 = ORIENTED_EDGE('',*,*,#3879,.F.);
#3993 = ORIENTED_EDGE('',*,*,#3949,.T.);
#3994 = ORIENTED_EDGE('',*,*,#3919,.T.);
#3995 = ORIENTED_EDGE('',*,*,#3971,.F.);
#3996 = PLANE('',#3997);
#3997 = AXIS2_PLACEMENT_3D('',#3998,#3999,#4000);
#3998 = CARTESIAN_POINT('',(17.111984104714,-70.56925676241,-89.));
#3999 = DIRECTION('',(0.,0.,1.));
#4000 = DIRECTION('',(-0.707106781187,0.707106781187,0.));
#4001 = ADVANCED_FACE('',(#4002),#4008,.T.);
#4002 = FACE_BOUND('',#4003,.T.);
#4003 = EDGE_LOOP('',(#4004,#4005,#4006,#4007));
#4004 = ORIENTED_EDGE('',*,*,#3895,.F.);
#4005 = ORIENTED_EDGE('',*,*,#3956,.T.);
#4006 = ORIENTED_EDGE('',*,*,#3935,.T.);
#4007 = ORIENTED_EDGE('',*,*,#3978,.F.);
#4008 = PLANE('',#4009);
#4009 = AXIS2_PLACEMENT_3D('',#4010,#4011,#4012);
#4010 = CARTESIAN_POINT('',(17.111984104714,-70.56925676241,-85.));
#4011 = DIRECTION('',(0.,0.,1.));
#4012 = DIRECTION('',(-0.707106781187,0.707106781187,0.));
#4013 = MANIFOLD_SOLID_BREP('',#4014);
#4014 = CLOSED_SHELL('',(#4015,#4055,#4120,#4144,#4202,#4219,#4231,#4253
    ,#4270,#4287));
#4015 = ADVANCED_FACE('',(#4016),#4050,.F.);
#4016 = FACE_BOUND('',#4017,.F.);
#4017 = EDGE_LOOP('',(#4018,#4028,#4036,#4044));
#4018 = ORIENTED_EDGE('',*,*,#4019,.F.);
#4019 = EDGE_CURVE('',#4020,#4022,#4024,.T.);
#4020 = VERTEX_POINT('',#4021);
#4021 = CARTESIAN_POINT('',(-29.69848480983,-118.7939392393,-96.));
#4022 = VERTEX_POINT('',#4023);
#4023 = CARTESIAN_POINT('',(-29.69848480983,-118.7939392393,96.));
#4024 = LINE('',#4025,#4026);
#4025 = CARTESIAN_POINT('',(-29.69848480983,-118.7939392393,-96.));
#4026 = VECTOR('',#4027,1.);
#4027 = DIRECTION('',(0.,0.,1.));
#4028 = ORIENTED_EDGE('',*,*,#4029,.T.);
#4029 = EDGE_CURVE('',#4020,#4030,#4032,.T.);
#4030 = VERTEX_POINT('',#4031);
#4031 = CARTESIAN_POINT('',(-31.1126983722,-120.2081528017,-96.));
#4032 = LINE('',#4033,#4034);
#4033 = CARTESIAN_POINT('',(-29.69848480983,-118.7939392393,-96.));
#4034 = VECTOR('',#4035,1.);
#4035 = DIRECTION('',(-0.707106781187,-0.707106781187,0.));
#4036 = ORIENTED_EDGE('',*,*,#4037,.T.);
#4037 = EDGE_CURVE('',#4030,#4038,#4040,.T.);
#4038 = VERTEX_POINT('',#4039);
#4039 = CARTESIAN_POINT('',(-31.1126983722,-120.2081528017,96.));
#4040 = LINE('',#4041,#4042);
#4041 = CARTESIAN_POINT('',(-31.1126983722,-120.2081528017,-96.));
#4042 = VECTOR('',#4043,1.);
#4043 = DIRECTION('',(0.,0.,1.));
#4044 = ORIENTED_EDGE('',*,*,#4045,.F.);
#4045 = EDGE_CURVE('',#4022,#4038,#4046,.T.);
#4046 = LINE('',#4047,#4048);
#4047 = CARTESIAN_POINT('',(-29.69848480983,-118.7939392393,96.));
#4048 = VECTOR('',#4049,1.);
#4049 = DIRECTION('',(-0.707106781187,-0.707106781187,0.));
#4050 = PLANE('',#4051);
#4051 = AXIS2_PLACEMENT_3D('',#4052,#4053,#4054);
#4052 = CARTESIAN_POINT('',(-29.69848480983,-118.7939392393,-96.));
#4053 = DIRECTION('',(-0.707106781187,0.707106781187,0.));
#4054 = DIRECTION('',(0.,0.,1.));
#4055 = ADVANCED_FACE('',(#4056,#4081),#4115,.F.);
#4056 = FACE_BOUND('',#4057,.F.);
#4057 = EDGE_LOOP('',(#4058,#4066,#4067,#4075));
#4058 = ORIENTED_EDGE('',*,*,#4059,.F.);
#4059 = EDGE_CURVE('',#4020,#4060,#4062,.T.);
#4060 = VERTEX_POINT('',#4061);
#4061 = CARTESIAN_POINT('',(-118.7939392393,-29.69848480983,-96.));
#4062 = LINE('',#4063,#4064);
#4063 = CARTESIAN_POINT('',(-29.69848480983,-118.7939392393,-96.));
#4064 = VECTOR('',#4065,1.);
#4065 = DIRECTION('',(-0.707106781187,0.707106781187,0.));
#4066 = ORIENTED_EDGE('',*,*,#4019,.T.);
#4067 = ORIENTED_EDGE('',*,*,#4068,.T.);
#4068 = EDGE_CURVE('',#4022,#4069,#4071,.T.);
#4069 = VERTEX_POINT('',#4070);
#4070 = CARTESIAN_POINT('',(-118.7939392393,-29.69848480983,96.));
#4071 = LINE('',#4072,#4073);
#4072 = CARTESIAN_POINT('',(-29.69848480983,-118.7939392393,96.));
#4073 = VECTOR('',#4074,1.);
#4074 = DIRECTION('',(-0.707106781187,0.707106781187,0.));
#4075 = ORIENTED_EDGE('',*,*,#4076,.F.);
#4076 = EDGE_CURVE('',#4060,#4069,#4077,.T.);
#4077 = LINE('',#4078,#4079);
#4078 = CARTESIAN_POINT('',(-118.7939392393,-29.69848480983,-96.));
#4079 = VECTOR('',#4080,1.);
#4080 = DIRECTION('',(0.,0.,1.));
#4081 = FACE_BOUND('',#4082,.F.);
#4082 = EDGE_LOOP('',(#4083,#4093,#4101,#4109));
#4083 = ORIENTED_EDGE('',*,*,#4084,.F.);
#4084 = EDGE_CURVE('',#4085,#4087,#4089,.T.);
#4085 = VERTEX_POINT('',#4086);
#4086 = CARTESIAN_POINT('',(-31.81980515339,-116.6726188957,93.));
#4087 = VERTEX_POINT('',#4088);
#4088 = CARTESIAN_POINT('',(-116.6726188957,-31.81980515339,93.));
#4089 = LINE('',#4090,#4091);
#4090 = CARTESIAN_POINT('',(-30.75914498161,-117.7332790675,93.));
#4091 = VECTOR('',#4092,1.);
#4092 = DIRECTION('',(-0.707106781187,0.707106781187,0.));
#4093 = ORIENTED_EDGE('',*,*,#4094,.T.);
#4094 = EDGE_CURVE('',#4085,#4095,#4097,.T.);
#4095 = VERTEX_POINT('',#4096);
#4096 = CARTESIAN_POINT('',(-31.81980515339,-116.6726188957,-93.));
#4097 = LINE('',#4098,#4099);
#4098 = CARTESIAN_POINT('',(-31.81980515339,-116.6726188957,-94.5));
#4099 = VECTOR('',#4100,1.);
#4100 = DIRECTION('',(0.,-0.,-1.));
#4101 = ORIENTED_EDGE('',*,*,#4102,.T.);
#4102 = EDGE_CURVE('',#4095,#4103,#4105,.T.);
#4103 = VERTEX_POINT('',#4104);
#4104 = CARTESIAN_POINT('',(-116.6726188957,-31.81980515339,-93.));
#4105 = LINE('',#4106,#4107);
#4106 = CARTESIAN_POINT('',(-30.75914498161,-117.7332790675,-93.));
#4107 = VECTOR('',#4108,1.);
#4108 = DIRECTION('',(-0.707106781187,0.707106781187,0.));
#4109 = ORIENTED_EDGE('',*,*,#4110,.F.);
#4110 = EDGE_CURVE('',#4087,#4103,#4111,.T.);
#4111 = LINE('',#4112,#4113);
#4112 = CARTESIAN_POINT('',(-116.6726188957,-31.81980515339,-94.5));
#4113 = VECTOR('',#4114,1.);
#4114 = DIRECTION('',(0.,-0.,-1.));
#4115 = PLANE('',#4116);
#4116 = AXIS2_PLACEMENT_3D('',#4117,#4118,#4119);
#4117 = CARTESIAN_POINT('',(-29.69848480983,-118.7939392393,-96.));
#4118 = DIRECTION('',(-0.707106781187,-0.707106781187,0.));
#4119 = DIRECTION('',(0.,0.,1.));
#4120 = ADVANCED_FACE('',(#4121),#4139,.T.);
#4121 = FACE_BOUND('',#4122,.T.);
#4122 = EDGE_LOOP('',(#4123,#4124,#4125,#4133));
#4123 = ORIENTED_EDGE('',*,*,#4045,.F.);
#4124 = ORIENTED_EDGE('',*,*,#4068,.T.);
#4125 = ORIENTED_EDGE('',*,*,#4126,.T.);
#4126 = EDGE_CURVE('',#4069,#4127,#4129,.T.);
#4127 = VERTEX_POINT('',#4128);
#4128 = CARTESIAN_POINT('',(-120.2081528017,-31.1126983722,96.));
#4129 = LINE('',#4130,#4131);
#4130 = CARTESIAN_POINT('',(-118.7939392393,-29.69848480983,96.));
#4131 = VECTOR('',#4132,1.);
#4132 = DIRECTION('',(-0.707106781187,-0.707106781187,0.));
#4133 = ORIENTED_EDGE('',*,*,#4134,.F.);
#4134 = EDGE_CURVE('',#4038,#4127,#4135,.T.);
#4135 = LINE('',#4136,#4137);
#4136 = CARTESIAN_POINT('',(-31.1126983722,-120.2081528017,96.));
#4137 = VECTOR('',#4138,1.);
#4138 = DIRECTION('',(-0.707106781187,0.707106781187,0.));
#4139 = PLANE('',#4140);
#4140 = AXIS2_PLACEMENT_3D('',#4141,#4142,#4143);
#4141 = CARTESIAN_POINT('',(-29.69848480983,-118.7939392393,96.));
#4142 = DIRECTION('',(0.,0.,1.));
#4143 = DIRECTION('',(-0.707106781187,0.707106781187,0.));
#4144 = ADVANCED_FACE('',(#4145,#4163),#4197,.T.);
#4145 = FACE_BOUND('',#4146,.T.);
#4146 = EDGE_LOOP('',(#4147,#4155,#4156,#4157));
#4147 = ORIENTED_EDGE('',*,*,#4148,.F.);
#4148 = EDGE_CURVE('',#4030,#4149,#4151,.T.);
#4149 = VERTEX_POINT('',#4150);
#4150 = CARTESIAN_POINT('',(-120.2081528017,-31.1126983722,-96.));
#4151 = LINE('',#4152,#4153);
#4152 = CARTESIAN_POINT('',(-31.1126983722,-120.2081528017,-96.));
#4153 = VECTOR('',#4154,1.);
#4154 = DIRECTION('',(-0.707106781187,0.707106781187,0.));
#4155 = ORIENTED_EDGE('',*,*,#4037,.T.);
#4156 = ORIENTED_EDGE('',*,*,#4134,.T.);
#4157 = ORIENTED_EDGE('',*,*,#4158,.F.);
#4158 = EDGE_CURVE('',#4149,#4127,#4159,.T.);
#4159 = LINE('',#4160,#4161);
#4160 = CARTESIAN_POINT('',(-120.2081528017,-31.1126983722,-96.));
#4161 = VECTOR('',#4162,1.);
#4162 = DIRECTION('',(0.,0.,1.));
#4163 = FACE_BOUND('',#4164,.T.);
#4164 = EDGE_LOOP('',(#4165,#4175,#4183,#4191));
#4165 = ORIENTED_EDGE('',*,*,#4166,.F.);
#4166 = EDGE_CURVE('',#4167,#4169,#4171,.T.);
#4167 = VERTEX_POINT('',#4168);
#4168 = CARTESIAN_POINT('',(-33.23401871576,-118.0868324581,93.));
#4169 = VERTEX_POINT('',#4170);
#4170 = CARTESIAN_POINT('',(-118.0868324581,-33.23401871576,93.));
#4171 = LINE('',#4172,#4173);
#4172 = CARTESIAN_POINT('',(-32.17335854398,-119.1474926299,93.));
#4173 = VECTOR('',#4174,1.);
#4174 = DIRECTION('',(-0.707106781187,0.707106781187,0.));
#4175 = ORIENTED_EDGE('',*,*,#4176,.T.);
#4176 = EDGE_CURVE('',#4167,#4177,#4179,.T.);
#4177 = VERTEX_POINT('',#4178);
#4178 = CARTESIAN_POINT('',(-33.23401871576,-118.0868324581,-93.));
#4179 = LINE('',#4180,#4181);
#4180 = CARTESIAN_POINT('',(-33.23401871576,-118.0868324581,-94.5));
#4181 = VECTOR('',#4182,1.);
#4182 = DIRECTION('',(0.,-0.,-1.));
#4183 = ORIENTED_EDGE('',*,*,#4184,.T.);
#4184 = EDGE_CURVE('',#4177,#4185,#4187,.T.);
#4185 = VERTEX_POINT('',#4186);
#4186 = CARTESIAN_POINT('',(-118.0868324581,-33.23401871576,-93.));
#4187 = LINE('',#4188,#4189);
#4188 = CARTESIAN_POINT('',(-32.17335854398,-119.1474926299,-93.));
#4189 = VECTOR('',#4190,1.);
#4190 = DIRECTION('',(-0.707106781187,0.707106781187,0.));
#4191 = ORIENTED_EDGE('',*,*,#4192,.F.);
#4192 = EDGE_CURVE('',#4169,#4185,#4193,.T.);
#4193 = LINE('',#4194,#4195);
#4194 = CARTESIAN_POINT('',(-118.0868324581,-33.23401871576,-94.5));
#4195 = VECTOR('',#4196,1.);
#4196 = DIRECTION('',(0.,-0.,-1.));
#4197 = PLANE('',#4198);
#4198 = AXIS2_PLACEMENT_3D('',#4199,#4200,#4201);
#4199 = CARTESIAN_POINT('',(-31.1126983722,-120.2081528017,-96.));
#4200 = DIRECTION('',(-0.707106781187,-0.707106781187,0.));
#4201 = DIRECTION('',(0.,0.,1.));
#4202 = ADVANCED_FACE('',(#4203),#4214,.F.);
#4203 = FACE_BOUND('',#4204,.F.);
#4204 = EDGE_LOOP('',(#4205,#4206,#4207,#4213));
#4205 = ORIENTED_EDGE('',*,*,#4029,.F.);
#4206 = ORIENTED_EDGE('',*,*,#4059,.T.);
#4207 = ORIENTED_EDGE('',*,*,#4208,.T.);
#4208 = EDGE_CURVE('',#4060,#4149,#4209,.T.);
#4209 = LINE('',#4210,#4211);
#4210 = CARTESIAN_POINT('',(-118.7939392393,-29.69848480983,-96.));
#4211 = VECTOR('',#4212,1.);
#4212 = DIRECTION('',(-0.707106781187,-0.707106781187,0.));
#4213 = ORIENTED_EDGE('',*,*,#4148,.F.);
#4214 = PLANE('',#4215);
#4215 = AXIS2_PLACEMENT_3D('',#4216,#4217,#4218);
#4216 = CARTESIAN_POINT('',(-29.69848480983,-118.7939392393,-96.));
#4217 = DIRECTION('',(0.,0.,1.));
#4218 = DIRECTION('',(-0.707106781187,0.707106781187,0.));
#4219 = ADVANCED_FACE('',(#4220),#4226,.T.);
#4220 = FACE_BOUND('',#4221,.T.);
#4221 = EDGE_LOOP('',(#4222,#4223,#4224,#4225));
#4222 = ORIENTED_EDGE('',*,*,#4076,.F.);
#4223 = ORIENTED_EDGE('',*,*,#4208,.T.);
#4224 = ORIENTED_EDGE('',*,*,#4158,.T.);
#4225 = ORIENTED_EDGE('',*,*,#4126,.F.);
#4226 = PLANE('',#4227);
#4227 = AXIS2_PLACEMENT_3D('',#4228,#4229,#4230);
#4228 = CARTESIAN_POINT('',(-118.7939392393,-29.69848480983,-96.));
#4229 = DIRECTION('',(-0.707106781187,0.707106781187,0.));
#4230 = DIRECTION('',(0.,0.,1.));
#4231 = ADVANCED_FACE('',(#4232),#4248,.F.);
#4232 = FACE_BOUND('',#4233,.F.);
#4233 = EDGE_LOOP('',(#4234,#4240,#4241,#4247));
#4234 = ORIENTED_EDGE('',*,*,#4235,.F.);
#4235 = EDGE_CURVE('',#4085,#4167,#4236,.T.);
#4236 = LINE('',#4237,#4238);
#4237 = CARTESIAN_POINT('',(-31.1126983722,-115.9655121145,93.));
#4238 = VECTOR('',#4239,1.);
#4239 = DIRECTION('',(-0.707106781187,-0.707106781187,0.));
#4240 = ORIENTED_EDGE('',*,*,#4084,.T.);
#4241 = ORIENTED_EDGE('',*,*,#4242,.T.);
#4242 = EDGE_CURVE('',#4087,#4169,#4243,.T.);
#4243 = LINE('',#4244,#4245);
#4244 = CARTESIAN_POINT('',(-115.9655121145,-31.1126983722,93.));
#4245 = VECTOR('',#4246,1.);
#4246 = DIRECTION('',(-0.707106781187,-0.707106781187,0.));
#4247 = ORIENTED_EDGE('',*,*,#4166,.F.);
#4248 = PLANE('',#4249);
#4249 = AXIS2_PLACEMENT_3D('',#4250,#4251,#4252);
#4250 = CARTESIAN_POINT('',(-31.1126983722,-115.9655121145,93.));
#4251 = DIRECTION('',(0.,0.,1.));
#4252 = DIRECTION('',(-0.707106781187,0.707106781187,0.));
#4253 = ADVANCED_FACE('',(#4254),#4265,.F.);
#4254 = FACE_BOUND('',#4255,.F.);
#4255 = EDGE_LOOP('',(#4256,#4257,#4258,#4264));
#4256 = ORIENTED_EDGE('',*,*,#4242,.F.);
#4257 = ORIENTED_EDGE('',*,*,#4110,.T.);
#4258 = ORIENTED_EDGE('',*,*,#4259,.T.);
#4259 = EDGE_CURVE('',#4103,#4185,#4260,.T.);
#4260 = LINE('',#4261,#4262);
#4261 = CARTESIAN_POINT('',(-115.9655121145,-31.1126983722,-93.));
#4262 = VECTOR('',#4263,1.);
#4263 = DIRECTION('',(-0.707106781187,-0.707106781187,0.));
#4264 = ORIENTED_EDGE('',*,*,#4192,.F.);
#4265 = PLANE('',#4266);
#4266 = AXIS2_PLACEMENT_3D('',#4267,#4268,#4269);
#4267 = CARTESIAN_POINT('',(-115.9655121145,-31.1126983722,-93.));
#4268 = DIRECTION('',(-0.707106781187,0.707106781187,0.));
#4269 = DIRECTION('',(0.,0.,1.));
#4270 = ADVANCED_FACE('',(#4271),#4282,.T.);
#4271 = FACE_BOUND('',#4272,.T.);
#4272 = EDGE_LOOP('',(#4273,#4279,#4280,#4281));
#4273 = ORIENTED_EDGE('',*,*,#4274,.F.);
#4274 = EDGE_CURVE('',#4095,#4177,#4275,.T.);
#4275 = LINE('',#4276,#4277);
#4276 = CARTESIAN_POINT('',(-31.1126983722,-115.9655121145,-93.));
#4277 = VECTOR('',#4278,1.);
#4278 = DIRECTION('',(-0.707106781187,-0.707106781187,0.));
#4279 = ORIENTED_EDGE('',*,*,#4102,.T.);
#4280 = ORIENTED_EDGE('',*,*,#4259,.T.);
#4281 = ORIENTED_EDGE('',*,*,#4184,.F.);
#4282 = PLANE('',#4283);
#4283 = AXIS2_PLACEMENT_3D('',#4284,#4285,#4286);
#4284 = CARTESIAN_POINT('',(-31.1126983722,-115.9655121145,-93.));
#4285 = DIRECTION('',(0.,0.,1.));
#4286 = DIRECTION('',(-0.707106781187,0.707106781187,0.));
#4287 = ADVANCED_FACE('',(#4288),#4294,.T.);
#4288 = FACE_BOUND('',#4289,.T.);
#4289 = EDGE_LOOP('',(#4290,#4291,#4292,#4293));
#4290 = ORIENTED_EDGE('',*,*,#4235,.F.);
#4291 = ORIENTED_EDGE('',*,*,#4094,.T.);
#4292 = ORIENTED_EDGE('',*,*,#4274,.T.);
#4293 = ORIENTED_EDGE('',*,*,#4176,.F.);
#4294 = PLANE('',#4295);
#4295 = AXIS2_PLACEMENT_3D('',#4296,#4297,#4298);
#4296 = CARTESIAN_POINT('',(-31.1126983722,-115.9655121145,-93.));
#4297 = DIRECTION('',(-0.707106781187,0.707106781187,0.));
#4298 = DIRECTION('',(0.,0.,1.));
#4299 = MANIFOLD_SOLID_BREP('',#4300);
#4300 = CLOSED_SHELL('',(#4301,#4341,#4381,#4403,#4425,#4437));
#4301 = ADVANCED_FACE('',(#4302),#4336,.F.);
#4302 = FACE_BOUND('',#4303,.F.);
#4303 = EDGE_LOOP('',(#4304,#4314,#4322,#4330));
#4304 = ORIENTED_EDGE('',*,*,#4305,.F.);
#4305 = EDGE_CURVE('',#4306,#4308,#4310,.T.);
#4306 = VERTEX_POINT('',#4307);
#4307 = CARTESIAN_POINT('',(-7.071067811865,-52.3259018078,-28.));
#4308 = VERTEX_POINT('',#4309);
#4309 = CARTESIAN_POINT('',(-7.071067811865,-52.3259018078,28.));
#4310 = LINE('',#4311,#4312);
#4311 = CARTESIAN_POINT('',(-7.071067811865,-52.3259018078,-28.));
#4312 = VECTOR('',#4313,1.);
#4313 = DIRECTION('',(0.,0.,1.));
#4314 = ORIENTED_EDGE('',*,*,#4315,.T.);
#4315 = EDGE_CURVE('',#4306,#4316,#4318,.T.);
#4316 = VERTEX_POINT('',#4317);
#4317 = CARTESIAN_POINT('',(-17.67766952966,-62.9325035256,-28.));
#4318 = LINE('',#4319,#4320);
#4319 = CARTESIAN_POINT('',(-7.071067811865,-52.3259018078,-28.));
#4320 = VECTOR('',#4321,1.);
#4321 = DIRECTION('',(-0.707106781187,-0.707106781187,0.));
#4322 = ORIENTED_EDGE('',*,*,#4323,.T.);
#4323 = EDGE_CURVE('',#4316,#4324,#4326,.T.);
#4324 = VERTEX_POINT('',#4325);
#4325 = CARTESIAN_POINT('',(-17.67766952966,-62.9325035256,28.));
#4326 = LINE('',#4327,#4328);
#4327 = CARTESIAN_POINT('',(-17.67766952966,-62.9325035256,-28.));
#4328 = VECTOR('',#4329,1.);
#4329 = DIRECTION('',(0.,0.,1.));
#4330 = ORIENTED_EDGE('',*,*,#4331,.F.);
#4331 = EDGE_CURVE('',#4308,#4324,#4332,.T.);
#4332 = LINE('',#4333,#4334);
#4333 = CARTESIAN_POINT('',(-7.071067811865,-52.3259018078,28.));
#4334 = VECTOR('',#4335,1.);
#4335 = DIRECTION('',(-0.707106781187,-0.707106781187,0.));
#4336 = PLANE('',#4337);
#4337 = AXIS2_PLACEMENT_3D('',#4338,#4339,#4340);
#4338 = CARTESIAN_POINT('',(-7.071067811865,-52.3259018078,-28.));
#4339 = DIRECTION('',(-0.707106781187,0.707106781187,0.));
#4340 = DIRECTION('',(0.,0.,1.));
#4341 = ADVANCED_FACE('',(#4342),#4376,.T.);
#4342 = FACE_BOUND('',#4343,.T.);
#4343 = EDGE_LOOP('',(#4344,#4354,#4362,#4370));
#4344 = ORIENTED_EDGE('',*,*,#4345,.F.);
#4345 = EDGE_CURVE('',#4346,#4348,#4350,.T.);
#4346 = VERTEX_POINT('',#4347);
#4347 = CARTESIAN_POINT('',(-52.3259018078,-7.071067811865,-28.));
#4348 = VERTEX_POINT('',#4349);
#4349 = CARTESIAN_POINT('',(-52.3259018078,-7.071067811865,28.));
#4350 = LINE('',#4351,#4352);
#4351 = CARTESIAN_POINT('',(-52.3259018078,-7.071067811865,-28.));
#4352 = VECTOR('',#4353,1.);
#4353 = DIRECTION('',(0.,0.,1.));
#4354 = ORIENTED_EDGE('',*,*,#4355,.T.);
#4355 = EDGE_CURVE('',#4346,#4356,#4358,.T.);
#4356 = VERTEX_POINT('',#4357);
#4357 = CARTESIAN_POINT('',(-62.9325035256,-17.67766952966,-28.));
#4358 = LINE('',#4359,#4360);
#4359 = CARTESIAN_POINT('',(-52.3259018078,-7.071067811865,-28.));
#4360 = VECTOR('',#4361,1.);
#4361 = DIRECTION('',(-0.707106781187,-0.707106781187,0.));
#4362 = ORIENTED_EDGE('',*,*,#4363,.T.);
#4363 = EDGE_CURVE('',#4356,#4364,#4366,.T.);
#4364 = VERTEX_POINT('',#4365);
#4365 = CARTESIAN_POINT('',(-62.9325035256,-17.67766952966,28.));
#4366 = LINE('',#4367,#4368);
#4367 = CARTESIAN_POINT('',(-62.9325035256,-17.67766952966,-28.));
#4368 = VECTOR('',#4369,1.);
#4369 = DIRECTION('',(0.,0.,1.));
#4370 = ORIENTED_EDGE('',*,*,#4371,.F.);
#4371 = EDGE_CURVE('',#4348,#4364,#4372,.T.);
#4372 = LINE('',#4373,#4374);
#4373 = CARTESIAN_POINT('',(-52.3259018078,-7.071067811865,28.));
#4374 = VECTOR('',#4375,1.);
#4375 = DIRECTION('',(-0.707106781187,-0.707106781187,0.));
#4376 = PLANE('',#4377);
#4377 = AXIS2_PLACEMENT_3D('',#4378,#4379,#4380);
#4378 = CARTESIAN_POINT('',(-52.3259018078,-7.071067811865,-28.));
#4379 = DIRECTION('',(-0.707106781187,0.707106781187,0.));
#4380 = DIRECTION('',(0.,0.,1.));
#4381 = ADVANCED_FACE('',(#4382),#4398,.F.);
#4382 = FACE_BOUND('',#4383,.F.);
#4383 = EDGE_LOOP('',(#4384,#4390,#4391,#4397));
#4384 = ORIENTED_EDGE('',*,*,#4385,.F.);
#4385 = EDGE_CURVE('',#4306,#4346,#4386,.T.);
#4386 = LINE('',#4387,#4388);
#4387 = CARTESIAN_POINT('',(-7.071067811865,-52.3259018078,-28.));
#4388 = VECTOR('',#4389,1.);
#4389 = DIRECTION('',(-0.707106781187,0.707106781187,0.));
#4390 = ORIENTED_EDGE('',*,*,#4305,.T.);
#4391 = ORIENTED_EDGE('',*,*,#4392,.T.);
#4392 = EDGE_CURVE('',#4308,#4348,#4393,.T.);
#4393 = LINE('',#4394,#4395);
#4394 = CARTESIAN_POINT('',(-7.071067811865,-52.3259018078,28.));
#4395 = VECTOR('',#4396,1.);
#4396 = DIRECTION('',(-0.707106781187,0.707106781187,0.));
#4397 = ORIENTED_EDGE('',*,*,#4345,.F.);
#4398 = PLANE('',#4399);
#4399 = AXIS2_PLACEMENT_3D('',#4400,#4401,#4402);
#4400 = CARTESIAN_POINT('',(-7.071067811865,-52.3259018078,-28.));
#4401 = DIRECTION('',(-0.707106781187,-0.707106781187,0.));
#4402 = DIRECTION('',(0.,0.,1.));
#4403 = ADVANCED_FACE('',(#4404),#4420,.T.);
#4404 = FACE_BOUND('',#4405,.T.);
#4405 = EDGE_LOOP('',(#4406,#4412,#4413,#4419));
#4406 = ORIENTED_EDGE('',*,*,#4407,.F.);
#4407 = EDGE_CURVE('',#4316,#4356,#4408,.T.);
#4408 = LINE('',#4409,#4410);
#4409 = CARTESIAN_POINT('',(-17.67766952966,-62.9325035256,-28.));
#4410 = VECTOR('',#4411,1.);
#4411 = DIRECTION('',(-0.707106781187,0.707106781187,0.));
#4412 = ORIENTED_EDGE('',*,*,#4323,.T.);
#4413 = ORIENTED_EDGE('',*,*,#4414,.T.);
#4414 = EDGE_CURVE('',#4324,#4364,#4415,.T.);
#4415 = LINE('',#4416,#4417);
#4416 = CARTESIAN_POINT('',(-17.67766952966,-62.9325035256,28.));
#4417 = VECTOR('',#4418,1.);
#4418 = DIRECTION('',(-0.707106781187,0.707106781187,0.));
#4419 = ORIENTED_EDGE('',*,*,#4363,.F.);
#4420 = PLANE('',#4421);
#4421 = AXIS2_PLACEMENT_3D('',#4422,#4423,#4424);
#4422 = CARTESIAN_POINT('',(-17.67766952966,-62.9325035256,-28.));
#4423 = DIRECTION('',(-0.707106781187,-0.707106781187,0.));
#4424 = DIRECTION('',(0.,0.,1.));
#4425 = ADVANCED_FACE('',(#4426),#4432,.F.);
#4426 = FACE_BOUND('',#4427,.F.);
#4427 = EDGE_LOOP('',(#4428,#4429,#4430,#4431));
#4428 = ORIENTED_EDGE('',*,*,#4315,.F.);
#4429 = ORIENTED_EDGE('',*,*,#4385,.T.);
#4430 = ORIENTED_EDGE('',*,*,#4355,.T.);
#4431 = ORIENTED_EDGE('',*,*,#4407,.F.);
#4432 = PLANE('',#4433);
#4433 = AXIS2_PLACEMENT_3D('',#4434,#4435,#4436);
#4434 = CARTESIAN_POINT('',(-7.071067811865,-52.3259018078,-28.));
#4435 = DIRECTION('',(0.,0.,1.));
#4436 = DIRECTION('',(-0.707106781187,0.707106781187,0.));
#4437 = ADVANCED_FACE('',(#4438),#4444,.T.);
#4438 = FACE_BOUND('',#4439,.T.);
#4439 = EDGE_LOOP('',(#4440,#4441,#4442,#4443));
#4440 = ORIENTED_EDGE('',*,*,#4331,.F.);
#4441 = ORIENTED_EDGE('',*,*,#4392,.T.);
#4442 = ORIENTED_EDGE('',*,*,#4371,.T.);
#4443 = ORIENTED_EDGE('',*,*,#4414,.F.);
#4444 = PLANE('',#4445);
#4445 = AXIS2_PLACEMENT_3D('',#4446,#4447,#4448);
#4446 = CARTESIAN_POINT('',(-7.071067811865,-52.3259018078,28.));
#4447 = DIRECTION('',(0.,0.,1.));
#4448 = DIRECTION('',(-0.707106781187,0.707106781187,0.));
#4449 = MANIFOLD_SOLID_BREP('',#4450);
#4450 = CLOSED_SHELL('',(#4451,#4484,#4493));
#4451 = ADVANCED_FACE('',(#4452),#4479,.T.);
#4452 = FACE_BOUND('',#4453,.T.);
#4453 = EDGE_LOOP('',(#4454,#4463,#4471,#4478));
#4454 = ORIENTED_EDGE('',*,*,#4455,.F.);
#4455 = EDGE_CURVE('',#4456,#4456,#4458,.T.);
#4456 = VERTEX_POINT('',#4457);
#4457 = CARTESIAN_POINT('',(-40.30508652763,-40.30508652763,4.));
#4458 = CIRCLE('',#4459,4.);
#4459 = AXIS2_PLACEMENT_3D('',#4460,#4461,#4462);
#4460 = CARTESIAN_POINT('',(-40.30508652763,-40.30508652763,0.));
#4461 = DIRECTION('',(-0.707106781187,-0.707106781187,0.));
#4462 = DIRECTION('',(0.,0.,1.));
#4463 = ORIENTED_EDGE('',*,*,#4464,.F.);
#4464 = EDGE_CURVE('',#4465,#4456,#4467,.T.);
#4465 = VERTEX_POINT('',#4466);
#4466 = CARTESIAN_POINT('',(-19.09188309203,-19.09188309203,4.));
#4467 = LINE('',#4468,#4469);
#4468 = CARTESIAN_POINT('',(-19.09188309203,-19.09188309203,4.));
#4469 = VECTOR('',#4470,1.);
#4470 = DIRECTION('',(-0.707106781187,-0.707106781187,0.));
#4471 = ORIENTED_EDGE('',*,*,#4472,.T.);
#4472 = EDGE_CURVE('',#4465,#4465,#4473,.T.);
#4473 = CIRCLE('',#4474,4.);
#4474 = AXIS2_PLACEMENT_3D('',#4475,#4476,#4477);
#4475 = CARTESIAN_POINT('',(-19.09188309203,-19.09188309203,0.));
#4476 = DIRECTION('',(-0.707106781187,-0.707106781187,0.));
#4477 = DIRECTION('',(0.,0.,1.));
#4478 = ORIENTED_EDGE('',*,*,#4464,.T.);
#4479 = CYLINDRICAL_SURFACE('',#4480,4.);
#4480 = AXIS2_PLACEMENT_3D('',#4481,#4482,#4483);
#4481 = CARTESIAN_POINT('',(-19.09188309203,-19.09188309203,0.));
#4482 = DIRECTION('',(-0.707106781187,-0.707106781187,0.));
#4483 = DIRECTION('',(0.,0.,1.));
#4484 = ADVANCED_FACE('',(#4485),#4488,.T.);
#4485 = FACE_BOUND('',#4486,.T.);
#4486 = EDGE_LOOP('',(#4487));
#4487 = ORIENTED_EDGE('',*,*,#4455,.T.);
#4488 = PLANE('',#4489);
#4489 = AXIS2_PLACEMENT_3D('',#4490,#4491,#4492);
#4490 = CARTESIAN_POINT('',(-40.30508652763,-40.30508652763,0.));
#4491 = DIRECTION('',(-0.707106781187,-0.707106781187,0.));
#4492 = DIRECTION('',(0.,0.,1.));
#4493 = ADVANCED_FACE('',(#4494),#4497,.F.);
#4494 = FACE_BOUND('',#4495,.T.);
#4495 = EDGE_LOOP('',(#4496));
#4496 = ORIENTED_EDGE('',*,*,#4472,.F.);
#4497 = PLANE('',#4498);
#4498 = AXIS2_PLACEMENT_3D('',#4499,#4500,#4501);
#4499 = CARTESIAN_POINT('',(-19.09188309203,-19.09188309203,0.));
#4500 = DIRECTION('',(-0.707106781187,-0.707106781187,0.));
#4501 = DIRECTION('',(0.,0.,1.));
#4502 = MANIFOLD_SOLID_BREP('',#4503);
#4503 = CLOSED_SHELL('',(#4504,#4544,#4584,#4606,#4628,#4640));
#4504 = ADVANCED_FACE('',(#4505),#4539,.F.);
#4505 = FACE_BOUND('',#4506,.F.);
#4506 = EDGE_LOOP('',(#4507,#4517,#4525,#4533));
#4507 = ORIENTED_EDGE('',*,*,#4508,.F.);
#4508 = EDGE_CURVE('',#4509,#4511,#4513,.T.);
#4509 = VERTEX_POINT('',#4510);
#4510 = CARTESIAN_POINT('',(-23.33452377915,-57.27564927611,-12.));
#4511 = VERTEX_POINT('',#4512);
#4512 = CARTESIAN_POINT('',(-23.33452377915,-57.27564927611,12.));
#4513 = LINE('',#4514,#4515);
#4514 = CARTESIAN_POINT('',(-23.33452377915,-57.27564927611,-12.));
#4515 = VECTOR('',#4516,1.);
#4516 = DIRECTION('',(0.,0.,1.));
#4517 = ORIENTED_EDGE('',*,*,#4518,.T.);
#4518 = EDGE_CURVE('',#4509,#4519,#4521,.T.);
#4519 = VERTEX_POINT('',#4520);
#4520 = CARTESIAN_POINT('',(-34.64823227814,-68.58935777509,-12.));
#4521 = LINE('',#4522,#4523);
#4522 = CARTESIAN_POINT('',(-23.33452377915,-57.27564927611,-12.));
#4523 = VECTOR('',#4524,1.);
#4524 = DIRECTION('',(-0.707106781187,-0.707106781187,0.));
#4525 = ORIENTED_EDGE('',*,*,#4526,.T.);
#4526 = EDGE_CURVE('',#4519,#4527,#4529,.T.);
#4527 = VERTEX_POINT('',#4528);
#4528 = CARTESIAN_POINT('',(-34.64823227814,-68.58935777509,12.));
#4529 = LINE('',#4530,#4531);
#4530 = CARTESIAN_POINT('',(-34.64823227814,-68.58935777509,-12.));
#4531 = VECTOR('',#4532,1.);
#4532 = DIRECTION('',(0.,0.,1.));
#4533 = ORIENTED_EDGE('',*,*,#4534,.F.);
#4534 = EDGE_CURVE('',#4511,#4527,#4535,.T.);
#4535 = LINE('',#4536,#4537);
#4536 = CARTESIAN_POINT('',(-23.33452377915,-57.27564927611,12.));
#4537 = VECTOR('',#4538,1.);
#4538 = DIRECTION('',(-0.707106781187,-0.707106781187,0.));
#4539 = PLANE('',#4540);
#4540 = AXIS2_PLACEMENT_3D('',#4541,#4542,#4543);
#4541 = CARTESIAN_POINT('',(-23.33452377915,-57.27564927611,-12.));
#4542 = DIRECTION('',(-0.707106781187,0.707106781187,0.));
#4543 = DIRECTION('',(0.,0.,1.));
#4544 = ADVANCED_FACE('',(#4545),#4579,.T.);
#4545 = FACE_BOUND('',#4546,.T.);
#4546 = EDGE_LOOP('',(#4547,#4557,#4565,#4573));
#4547 = ORIENTED_EDGE('',*,*,#4548,.F.);
#4548 = EDGE_CURVE('',#4549,#4551,#4553,.T.);
#4549 = VERTEX_POINT('',#4550);
#4550 = CARTESIAN_POINT('',(-57.27564927611,-23.33452377915,-12.));
#4551 = VERTEX_POINT('',#4552);
#4552 = CARTESIAN_POINT('',(-57.27564927611,-23.33452377915,12.));
#4553 = LINE('',#4554,#4555);
#4554 = CARTESIAN_POINT('',(-57.27564927611,-23.33452377915,-12.));
#4555 = VECTOR('',#4556,1.);
#4556 = DIRECTION('',(0.,0.,1.));
#4557 = ORIENTED_EDGE('',*,*,#4558,.T.);
#4558 = EDGE_CURVE('',#4549,#4559,#4561,.T.);
#4559 = VERTEX_POINT('',#4560);
#4560 = CARTESIAN_POINT('',(-68.58935777509,-34.64823227814,-12.));
#4561 = LINE('',#4562,#4563);
#4562 = CARTESIAN_POINT('',(-57.27564927611,-23.33452377915,-12.));
#4563 = VECTOR('',#4564,1.);
#4564 = DIRECTION('',(-0.707106781187,-0.707106781187,0.));
#4565 = ORIENTED_EDGE('',*,*,#4566,.T.);
#4566 = EDGE_CURVE('',#4559,#4567,#4569,.T.);
#4567 = VERTEX_POINT('',#4568);
#4568 = CARTESIAN_POINT('',(-68.58935777509,-34.64823227814,12.));
#4569 = LINE('',#4570,#4571);
#4570 = CARTESIAN_POINT('',(-68.58935777509,-34.64823227814,-12.));
#4571 = VECTOR('',#4572,1.);
#4572 = DIRECTION('',(0.,0.,1.));
#4573 = ORIENTED_EDGE('',*,*,#4574,.F.);
#4574 = EDGE_CURVE('',#4551,#4567,#4575,.T.);
#4575 = LINE('',#4576,#4577);
#4576 = CARTESIAN_POINT('',(-57.27564927611,-23.33452377915,12.));
#4577 = VECTOR('',#4578,1.);
#4578 = DIRECTION('',(-0.707106781187,-0.707106781187,0.));
#4579 = PLANE('',#4580);
#4580 = AXIS2_PLACEMENT_3D('',#4581,#4582,#4583);
#4581 = CARTESIAN_POINT('',(-57.27564927611,-23.33452377915,-12.));
#4582 = DIRECTION('',(-0.707106781187,0.707106781187,0.));
#4583 = DIRECTION('',(0.,0.,1.));
#4584 = ADVANCED_FACE('',(#4585),#4601,.F.);
#4585 = FACE_BOUND('',#4586,.F.);
#4586 = EDGE_LOOP('',(#4587,#4593,#4594,#4600));
#4587 = ORIENTED_EDGE('',*,*,#4588,.F.);
#4588 = EDGE_CURVE('',#4509,#4549,#4589,.T.);
#4589 = LINE('',#4590,#4591);
#4590 = CARTESIAN_POINT('',(-23.33452377915,-57.27564927611,-12.));
#4591 = VECTOR('',#4592,1.);
#4592 = DIRECTION('',(-0.707106781187,0.707106781187,0.));
#4593 = ORIENTED_EDGE('',*,*,#4508,.T.);
#4594 = ORIENTED_EDGE('',*,*,#4595,.T.);
#4595 = EDGE_CURVE('',#4511,#4551,#4596,.T.);
#4596 = LINE('',#4597,#4598);
#4597 = CARTESIAN_POINT('',(-23.33452377915,-57.27564927611,12.));
#4598 = VECTOR('',#4599,1.);
#4599 = DIRECTION('',(-0.707106781187,0.707106781187,0.));
#4600 = ORIENTED_EDGE('',*,*,#4548,.F.);
#4601 = PLANE('',#4602);
#4602 = AXIS2_PLACEMENT_3D('',#4603,#4604,#4605);
#4603 = CARTESIAN_POINT('',(-23.33452377915,-57.27564927611,-12.));
#4604 = DIRECTION('',(-0.707106781187,-0.707106781187,0.));
#4605 = DIRECTION('',(0.,0.,1.));
#4606 = ADVANCED_FACE('',(#4607),#4623,.T.);
#4607 = FACE_BOUND('',#4608,.T.);
#4608 = EDGE_LOOP('',(#4609,#4615,#4616,#4622));
#4609 = ORIENTED_EDGE('',*,*,#4610,.F.);
#4610 = EDGE_CURVE('',#4519,#4559,#4611,.T.);
#4611 = LINE('',#4612,#4613);
#4612 = CARTESIAN_POINT('',(-34.64823227814,-68.58935777509,-12.));
#4613 = VECTOR('',#4614,1.);
#4614 = DIRECTION('',(-0.707106781187,0.707106781187,0.));
#4615 = ORIENTED_EDGE('',*,*,#4526,.T.);
#4616 = ORIENTED_EDGE('',*,*,#4617,.T.);
#4617 = EDGE_CURVE('',#4527,#4567,#4618,.T.);
#4618 = LINE('',#4619,#4620);
#4619 = CARTESIAN_POINT('',(-34.64823227814,-68.58935777509,12.));
#4620 = VECTOR('',#4621,1.);
#4621 = DIRECTION('',(-0.707106781187,0.707106781187,0.));
#4622 = ORIENTED_EDGE('',*,*,#4566,.F.);
#4623 = PLANE('',#4624);
#4624 = AXIS2_PLACEMENT_3D('',#4625,#4626,#4627);
#4625 = CARTESIAN_POINT('',(-34.64823227814,-68.58935777509,-12.));
#4626 = DIRECTION('',(-0.707106781187,-0.707106781187,0.));
#4627 = DIRECTION('',(0.,0.,1.));
#4628 = ADVANCED_FACE('',(#4629),#4635,.F.);
#4629 = FACE_BOUND('',#4630,.F.);
#4630 = EDGE_LOOP('',(#4631,#4632,#4633,#4634));
#4631 = ORIENTED_EDGE('',*,*,#4518,.F.);
#4632 = ORIENTED_EDGE('',*,*,#4588,.T.);
#4633 = ORIENTED_EDGE('',*,*,#4558,.T.);
#4634 = ORIENTED_EDGE('',*,*,#4610,.F.);
#4635 = PLANE('',#4636);
#4636 = AXIS2_PLACEMENT_3D('',#4637,#4638,#4639);
#4637 = CARTESIAN_POINT('',(-23.33452377915,-57.27564927611,-12.));
#4638 = DIRECTION('',(0.,0.,1.));
#4639 = DIRECTION('',(-0.707106781187,0.707106781187,0.));
#4640 = ADVANCED_FACE('',(#4641),#4647,.T.);
#4641 = FACE_BOUND('',#4642,.T.);
#4642 = EDGE_LOOP('',(#4643,#4644,#4645,#4646));
#4643 = ORIENTED_EDGE('',*,*,#4534,.F.);
#4644 = ORIENTED_EDGE('',*,*,#4595,.T.);
#4645 = ORIENTED_EDGE('',*,*,#4574,.T.);
#4646 = ORIENTED_EDGE('',*,*,#4617,.F.);
#4647 = PLANE('',#4648);
#4648 = AXIS2_PLACEMENT_3D('',#4649,#4650,#4651);
#4649 = CARTESIAN_POINT('',(-23.33452377915,-57.27564927611,12.));
#4650 = DIRECTION('',(0.,0.,1.));
#4651 = DIRECTION('',(-0.707106781187,0.707106781187,0.));
#4652 = MANIFOLD_SOLID_BREP('',#4653);
#4653 = CLOSED_SHELL('',(#4654,#4694,#4734,#4756,#4778,#4790));
#4654 = ADVANCED_FACE('',(#4655),#4689,.F.);
#4655 = FACE_BOUND('',#4656,.F.);
#4656 = EDGE_LOOP('',(#4657,#4667,#4675,#4683));
#4657 = ORIENTED_EDGE('',*,*,#4658,.F.);
#4658 = EDGE_CURVE('',#4659,#4661,#4663,.T.);
#4659 = VERTEX_POINT('',#4660);
#4660 = CARTESIAN_POINT('',(-16.26345596729,-95.45941546018,-85.));
#4661 = VERTEX_POINT('',#4662);
#4662 = CARTESIAN_POINT('',(-16.26345596729,-95.45941546018,85.));
#4663 = LINE('',#4664,#4665);
#4664 = CARTESIAN_POINT('',(-16.26345596729,-95.45941546018,-85.));
#4665 = VECTOR('',#4666,1.);
#4666 = DIRECTION('',(0.,0.,1.));
#4667 = ORIENTED_EDGE('',*,*,#4668,.T.);
#4668 = EDGE_CURVE('',#4659,#4669,#4671,.T.);
#4669 = VERTEX_POINT('',#4670);
#4670 = CARTESIAN_POINT('',(-17.67766952966,-96.87362902255,-85.));
#4671 = LINE('',#4672,#4673);
#4672 = CARTESIAN_POINT('',(-16.26345596729,-95.45941546018,-85.));
#4673 = VECTOR('',#4674,1.);
#4674 = DIRECTION('',(-0.707106781187,-0.707106781187,0.));
#4675 = ORIENTED_EDGE('',*,*,#4676,.T.);
#4676 = EDGE_CURVE('',#4669,#4677,#4679,.T.);
#4677 = VERTEX_POINT('',#4678);
#4678 = CARTESIAN_POINT('',(-17.67766952966,-96.87362902255,85.));
#4679 = LINE('',#4680,#4681);
#4680 = CARTESIAN_POINT('',(-17.67766952966,-96.87362902255,-85.));
#4681 = VECTOR('',#4682,1.);
#4682 = DIRECTION('',(0.,0.,1.));
#4683 = ORIENTED_EDGE('',*,*,#4684,.F.);
#4684 = EDGE_CURVE('',#4661,#4677,#4685,.T.);
#4685 = LINE('',#4686,#4687);
#4686 = CARTESIAN_POINT('',(-16.26345596729,-95.45941546018,85.));
#4687 = VECTOR('',#4688,1.);
#4688 = DIRECTION('',(-0.707106781187,-0.707106781187,0.));
#4689 = PLANE('',#4690);
#4690 = AXIS2_PLACEMENT_3D('',#4691,#4692,#4693);
#4691 = CARTESIAN_POINT('',(-16.26345596729,-95.45941546018,-85.));
#4692 = DIRECTION('',(-0.707106781187,0.707106781187,0.));
#4693 = DIRECTION('',(0.,0.,1.));
#4694 = ADVANCED_FACE('',(#4695),#4729,.T.);
#4695 = FACE_BOUND('',#4696,.T.);
#4696 = EDGE_LOOP('',(#4697,#4707,#4715,#4723));
#4697 = ORIENTED_EDGE('',*,*,#4698,.F.);
#4698 = EDGE_CURVE('',#4699,#4701,#4703,.T.);
#4699 = VERTEX_POINT('',#4700);
#4700 = CARTESIAN_POINT('',(-95.45941546018,-16.26345596729,-85.));
#4701 = VERTEX_POINT('',#4702);
#4702 = CARTESIAN_POINT('',(-95.45941546018,-16.26345596729,85.));
#4703 = LINE('',#4704,#4705);
#4704 = CARTESIAN_POINT('',(-95.45941546018,-16.26345596729,-85.));
#4705 = VECTOR('',#4706,1.);
#4706 = DIRECTION('',(0.,0.,1.));
#4707 = ORIENTED_EDGE('',*,*,#4708,.T.);
#4708 = EDGE_CURVE('',#4699,#4709,#4711,.T.);
#4709 = VERTEX_POINT('',#4710);
#4710 = CARTESIAN_POINT('',(-96.87362902255,-17.67766952966,-85.));
#4711 = LINE('',#4712,#4713);
#4712 = CARTESIAN_POINT('',(-95.45941546018,-16.26345596729,-85.));
#4713 = VECTOR('',#4714,1.);
#4714 = DIRECTION('',(-0.707106781187,-0.707106781187,0.));
#4715 = ORIENTED_EDGE('',*,*,#4716,.T.);
#4716 = EDGE_CURVE('',#4709,#4717,#4719,.T.);
#4717 = VERTEX_POINT('',#4718);
#4718 = CARTESIAN_POINT('',(-96.87362902255,-17.67766952966,85.));
#4719 = LINE('',#4720,#4721);
#4720 = CARTESIAN_POINT('',(-96.87362902255,-17.67766952966,-85.));
#4721 = VECTOR('',#4722,1.);
#4722 = DIRECTION('',(0.,0.,1.));
#4723 = ORIENTED_EDGE('',*,*,#4724,.F.);
#4724 = EDGE_CURVE('',#4701,#4717,#4725,.T.);
#4725 = LINE('',#4726,#4727);
#4726 = CARTESIAN_POINT('',(-95.45941546018,-16.26345596729,85.));
#4727 = VECTOR('',#4728,1.);
#4728 = DIRECTION('',(-0.707106781187,-0.707106781187,0.));
#4729 = PLANE('',#4730);
#4730 = AXIS2_PLACEMENT_3D('',#4731,#4732,#4733);
#4731 = CARTESIAN_POINT('',(-95.45941546018,-16.26345596729,-85.));
#4732 = DIRECTION('',(-0.707106781187,0.707106781187,0.));
#4733 = DIRECTION('',(0.,0.,1.));
#4734 = ADVANCED_FACE('',(#4735),#4751,.F.);
#4735 = FACE_BOUND('',#4736,.F.);
#4736 = EDGE_LOOP('',(#4737,#4743,#4744,#4750));
#4737 = ORIENTED_EDGE('',*,*,#4738,.F.);
#4738 = EDGE_CURVE('',#4659,#4699,#4739,.T.);
#4739 = LINE('',#4740,#4741);
#4740 = CARTESIAN_POINT('',(-16.26345596729,-95.45941546018,-85.));
#4741 = VECTOR('',#4742,1.);
#4742 = DIRECTION('',(-0.707106781187,0.707106781187,0.));
#4743 = ORIENTED_EDGE('',*,*,#4658,.T.);
#4744 = ORIENTED_EDGE('',*,*,#4745,.T.);
#4745 = EDGE_CURVE('',#4661,#4701,#4746,.T.);
#4746 = LINE('',#4747,#4748);
#4747 = CARTESIAN_POINT('',(-16.26345596729,-95.45941546018,85.));
#4748 = VECTOR('',#4749,1.);
#4749 = DIRECTION('',(-0.707106781187,0.707106781187,0.));
#4750 = ORIENTED_EDGE('',*,*,#4698,.F.);
#4751 = PLANE('',#4752);
#4752 = AXIS2_PLACEMENT_3D('',#4753,#4754,#4755);
#4753 = CARTESIAN_POINT('',(-16.26345596729,-95.45941546018,-85.));
#4754 = DIRECTION('',(-0.707106781187,-0.707106781187,0.));
#4755 = DIRECTION('',(0.,0.,1.));
#4756 = ADVANCED_FACE('',(#4757),#4773,.T.);
#4757 = FACE_BOUND('',#4758,.T.);
#4758 = EDGE_LOOP('',(#4759,#4765,#4766,#4772));
#4759 = ORIENTED_EDGE('',*,*,#4760,.F.);
#4760 = EDGE_CURVE('',#4669,#4709,#4761,.T.);
#4761 = LINE('',#4762,#4763);
#4762 = CARTESIAN_POINT('',(-17.67766952966,-96.87362902255,-85.));
#4763 = VECTOR('',#4764,1.);
#4764 = DIRECTION('',(-0.707106781187,0.707106781187,0.));
#4765 = ORIENTED_EDGE('',*,*,#4676,.T.);
#4766 = ORIENTED_EDGE('',*,*,#4767,.T.);
#4767 = EDGE_CURVE('',#4677,#4717,#4768,.T.);
#4768 = LINE('',#4769,#4770);
#4769 = CARTESIAN_POINT('',(-17.67766952966,-96.87362902255,85.));
#4770 = VECTOR('',#4771,1.);
#4771 = DIRECTION('',(-0.707106781187,0.707106781187,0.));
#4772 = ORIENTED_EDGE('',*,*,#4716,.F.);
#4773 = PLANE('',#4774);
#4774 = AXIS2_PLACEMENT_3D('',#4775,#4776,#4777);
#4775 = CARTESIAN_POINT('',(-17.67766952966,-96.87362902255,-85.));
#4776 = DIRECTION('',(-0.707106781187,-0.707106781187,0.));
#4777 = DIRECTION('',(0.,0.,1.));
#4778 = ADVANCED_FACE('',(#4779),#4785,.F.);
#4779 = FACE_BOUND('',#4780,.F.);
#4780 = EDGE_LOOP('',(#4781,#4782,#4783,#4784));
#4781 = ORIENTED_EDGE('',*,*,#4668,.F.);
#4782 = ORIENTED_EDGE('',*,*,#4738,.T.);
#4783 = ORIENTED_EDGE('',*,*,#4708,.T.);
#4784 = ORIENTED_EDGE('',*,*,#4760,.F.);
#4785 = PLANE('',#4786);
#4786 = AXIS2_PLACEMENT_3D('',#4787,#4788,#4789);
#4787 = CARTESIAN_POINT('',(-16.26345596729,-95.45941546018,-85.));
#4788 = DIRECTION('',(0.,0.,1.));
#4789 = DIRECTION('',(-0.707106781187,0.707106781187,0.));
#4790 = ADVANCED_FACE('',(#4791),#4797,.T.);
#4791 = FACE_BOUND('',#4792,.T.);
#4792 = EDGE_LOOP('',(#4793,#4794,#4795,#4796));
#4793 = ORIENTED_EDGE('',*,*,#4684,.F.);
#4794 = ORIENTED_EDGE('',*,*,#4745,.T.);
#4795 = ORIENTED_EDGE('',*,*,#4724,.T.);
#4796 = ORIENTED_EDGE('',*,*,#4767,.F.);
#4797 = PLANE('',#4798);
#4798 = AXIS2_PLACEMENT_3D('',#4799,#4800,#4801);
#4799 = CARTESIAN_POINT('',(-16.26345596729,-95.45941546018,85.));
#4800 = DIRECTION('',(0.,0.,1.));
#4801 = DIRECTION('',(-0.707106781187,0.707106781187,0.));
#4802 = MANIFOLD_SOLID_BREP('',#4803);
#4803 = CLOSED_SHELL('',(#4804,#4844,#4884,#4906,#4928,#4940));
#4804 = ADVANCED_FACE('',(#4805),#4839,.F.);
#4805 = FACE_BOUND('',#4806,.F.);
#4806 = EDGE_LOOP('',(#4807,#4817,#4825,#4833));
#4807 = ORIENTED_EDGE('',*,*,#4808,.F.);
#4808 = EDGE_CURVE('',#4809,#4811,#4813,.T.);
#4809 = VERTEX_POINT('',#4810);
#4810 = CARTESIAN_POINT('',(-23.33452377915,-94.04520189781,-85.));
#4811 = VERTEX_POINT('',#4812);
#4812 = CARTESIAN_POINT('',(-23.33452377915,-94.04520189781,-20.));
#4813 = LINE('',#4814,#4815);
#4814 = CARTESIAN_POINT('',(-23.33452377915,-94.04520189781,-85.));
#4815 = VECTOR('',#4816,1.);
#4816 = DIRECTION('',(0.,0.,1.));
#4817 = ORIENTED_EDGE('',*,*,#4818,.T.);
#4818 = EDGE_CURVE('',#4809,#4819,#4821,.T.);
#4819 = VERTEX_POINT('',#4820);
#4820 = CARTESIAN_POINT('',(-37.47665940288,-108.1873375215,-85.));
#4821 = LINE('',#4822,#4823);
#4822 = CARTESIAN_POINT('',(-23.33452377915,-94.04520189781,-85.));
#4823 = VECTOR('',#4824,1.);
#4824 = DIRECTION('',(-0.707106781187,-0.707106781187,0.));
#4825 = ORIENTED_EDGE('',*,*,#4826,.T.);
#4826 = EDGE_CURVE('',#4819,#4827,#4829,.T.);
#4827 = VERTEX_POINT('',#4828);
#4828 = CARTESIAN_POINT('',(-37.47665940288,-108.1873375215,-20.));
#4829 = LINE('',#4830,#4831);
#4830 = CARTESIAN_POINT('',(-37.47665940288,-108.1873375215,-85.));
#4831 = VECTOR('',#4832,1.);
#4832 = DIRECTION('',(0.,0.,1.));
#4833 = ORIENTED_EDGE('',*,*,#4834,.F.);
#4834 = EDGE_CURVE('',#4811,#4827,#4835,.T.);
#4835 = LINE('',#4836,#4837);
#4836 = CARTESIAN_POINT('',(-23.33452377915,-94.04520189781,-20.));
#4837 = VECTOR('',#4838,1.);
#4838 = DIRECTION('',(-0.707106781187,-0.707106781187,0.));
#4839 = PLANE('',#4840);
#4840 = AXIS2_PLACEMENT_3D('',#4841,#4842,#4843);
#4841 = CARTESIAN_POINT('',(-23.33452377915,-94.04520189781,-85.));
#4842 = DIRECTION('',(-0.707106781187,0.707106781187,0.));
#4843 = DIRECTION('',(0.,0.,1.));
#4844 = ADVANCED_FACE('',(#4845),#4879,.T.);
#4845 = FACE_BOUND('',#4846,.T.);
#4846 = EDGE_LOOP('',(#4847,#4857,#4865,#4873));
#4847 = ORIENTED_EDGE('',*,*,#4848,.F.);
#4848 = EDGE_CURVE('',#4849,#4851,#4853,.T.);
#4849 = VERTEX_POINT('',#4850);
#4850 = CARTESIAN_POINT('',(-94.04520189781,-23.33452377915,-85.));
#4851 = VERTEX_POINT('',#4852);
#4852 = CARTESIAN_POINT('',(-94.04520189781,-23.33452377915,-20.));
#4853 = LINE('',#4854,#4855);
#4854 = CARTESIAN_POINT('',(-94.04520189781,-23.33452377915,-85.));
#4855 = VECTOR('',#4856,1.);
#4856 = DIRECTION('',(0.,0.,1.));
#4857 = ORIENTED_EDGE('',*,*,#4858,.T.);
#4858 = EDGE_CURVE('',#4849,#4859,#4861,.T.);
#4859 = VERTEX_POINT('',#4860);
#4860 = CARTESIAN_POINT('',(-108.1873375215,-37.47665940288,-85.));
#4861 = LINE('',#4862,#4863);
#4862 = CARTESIAN_POINT('',(-94.04520189781,-23.33452377915,-85.));
#4863 = VECTOR('',#4864,1.);
#4864 = DIRECTION('',(-0.707106781187,-0.707106781187,0.));
#4865 = ORIENTED_EDGE('',*,*,#4866,.T.);
#4866 = EDGE_CURVE('',#4859,#4867,#4869,.T.);
#4867 = VERTEX_POINT('',#4868);
#4868 = CARTESIAN_POINT('',(-108.1873375215,-37.47665940288,-20.));
#4869 = LINE('',#4870,#4871);
#4870 = CARTESIAN_POINT('',(-108.1873375215,-37.47665940288,-85.));
#4871 = VECTOR('',#4872,1.);
#4872 = DIRECTION('',(0.,0.,1.));
#4873 = ORIENTED_EDGE('',*,*,#4874,.F.);
#4874 = EDGE_CURVE('',#4851,#4867,#4875,.T.);
#4875 = LINE('',#4876,#4877);
#4876 = CARTESIAN_POINT('',(-94.04520189781,-23.33452377915,-20.));
#4877 = VECTOR('',#4878,1.);
#4878 = DIRECTION('',(-0.707106781187,-0.707106781187,0.));
#4879 = PLANE('',#4880);
#4880 = AXIS2_PLACEMENT_3D('',#4881,#4882,#4883);
#4881 = CARTESIAN_POINT('',(-94.04520189781,-23.33452377915,-85.));
#4882 = DIRECTION('',(-0.707106781187,0.707106781187,0.));
#4883 = DIRECTION('',(0.,0.,1.));
#4884 = ADVANCED_FACE('',(#4885),#4901,.F.);
#4885 = FACE_BOUND('',#4886,.F.);
#4886 = EDGE_LOOP('',(#4887,#4893,#4894,#4900));
#4887 = ORIENTED_EDGE('',*,*,#4888,.F.);
#4888 = EDGE_CURVE('',#4809,#4849,#4889,.T.);
#4889 = LINE('',#4890,#4891);
#4890 = CARTESIAN_POINT('',(-23.33452377915,-94.04520189781,-85.));
#4891 = VECTOR('',#4892,1.);
#4892 = DIRECTION('',(-0.707106781187,0.707106781187,0.));
#4893 = ORIENTED_EDGE('',*,*,#4808,.T.);
#4894 = ORIENTED_EDGE('',*,*,#4895,.T.);
#4895 = EDGE_CURVE('',#4811,#4851,#4896,.T.);
#4896 = LINE('',#4897,#4898);
#4897 = CARTESIAN_POINT('',(-23.33452377915,-94.04520189781,-20.));
#4898 = VECTOR('',#4899,1.);
#4899 = DIRECTION('',(-0.707106781187,0.707106781187,0.));
#4900 = ORIENTED_EDGE('',*,*,#4848,.F.);
#4901 = PLANE('',#4902);
#4902 = AXIS2_PLACEMENT_3D('',#4903,#4904,#4905);
#4903 = CARTESIAN_POINT('',(-23.33452377915,-94.04520189781,-85.));
#4904 = DIRECTION('',(-0.707106781187,-0.707106781187,0.));
#4905 = DIRECTION('',(0.,0.,1.));
#4906 = ADVANCED_FACE('',(#4907),#4923,.T.);
#4907 = FACE_BOUND('',#4908,.T.);
#4908 = EDGE_LOOP('',(#4909,#4915,#4916,#4922));
#4909 = ORIENTED_EDGE('',*,*,#4910,.F.);
#4910 = EDGE_CURVE('',#4819,#4859,#4911,.T.);
#4911 = LINE('',#4912,#4913);
#4912 = CARTESIAN_POINT('',(-37.47665940288,-108.1873375215,-85.));
#4913 = VECTOR('',#4914,1.);
#4914 = DIRECTION('',(-0.707106781187,0.707106781187,0.));
#4915 = ORIENTED_EDGE('',*,*,#4826,.T.);
#4916 = ORIENTED_EDGE('',*,*,#4917,.T.);
#4917 = EDGE_CURVE('',#4827,#4867,#4918,.T.);
#4918 = LINE('',#4919,#4920);
#4919 = CARTESIAN_POINT('',(-37.47665940288,-108.1873375215,-20.));
#4920 = VECTOR('',#4921,1.);
#4921 = DIRECTION('',(-0.707106781187,0.707106781187,0.));
#4922 = ORIENTED_EDGE('',*,*,#4866,.F.);
#4923 = PLANE('',#4924);
#4924 = AXIS2_PLACEMENT_3D('',#4925,#4926,#4927);
#4925 = CARTESIAN_POINT('',(-37.47665940288,-108.1873375215,-85.));
#4926 = DIRECTION('',(-0.707106781187,-0.707106781187,0.));
#4927 = DIRECTION('',(0.,0.,1.));
#4928 = ADVANCED_FACE('',(#4929),#4935,.F.);
#4929 = FACE_BOUND('',#4930,.F.);
#4930 = EDGE_LOOP('',(#4931,#4932,#4933,#4934));
#4931 = ORIENTED_EDGE('',*,*,#4818,.F.);
#4932 = ORIENTED_EDGE('',*,*,#4888,.T.);
#4933 = ORIENTED_EDGE('',*,*,#4858,.T.);
#4934 = ORIENTED_EDGE('',*,*,#4910,.F.);
#4935 = PLANE('',#4936);
#4936 = AXIS2_PLACEMENT_3D('',#4937,#4938,#4939);
#4937 = CARTESIAN_POINT('',(-23.33452377915,-94.04520189781,-85.));
#4938 = DIRECTION('',(0.,0.,1.));
#4939 = DIRECTION('',(-0.707106781187,0.707106781187,0.));
#4940 = ADVANCED_FACE('',(#4941),#4947,.T.);
#4941 = FACE_BOUND('',#4942,.T.);
#4942 = EDGE_LOOP('',(#4943,#4944,#4945,#4946));
#4943 = ORIENTED_EDGE('',*,*,#4834,.F.);
#4944 = ORIENTED_EDGE('',*,*,#4895,.T.);
#4945 = ORIENTED_EDGE('',*,*,#4874,.T.);
#4946 = ORIENTED_EDGE('',*,*,#4917,.F.);
#4947 = PLANE('',#4948);
#4948 = AXIS2_PLACEMENT_3D('',#4949,#4950,#4951);
#4949 = CARTESIAN_POINT('',(-23.33452377915,-94.04520189781,-20.));
#4950 = DIRECTION('',(0.,0.,1.));
#4951 = DIRECTION('',(-0.707106781187,0.707106781187,0.));
#4952 = MANIFOLD_SOLID_BREP('',#4953);
#4953 = CLOSED_SHELL('',(#4954,#4994,#5034,#5056,#5078,#5090));
#4954 = ADVANCED_FACE('',(#4955),#4989,.F.);
#4955 = FACE_BOUND('',#4956,.F.);
#4956 = EDGE_LOOP('',(#4957,#4967,#4975,#4983));
#4957 = ORIENTED_EDGE('',*,*,#4958,.F.);
#4958 = EDGE_CURVE('',#4959,#4961,#4963,.T.);
#4959 = VERTEX_POINT('',#4960);
#4960 = CARTESIAN_POINT('',(-65.76093065034,-51.61879502661,0.));
#4961 = VERTEX_POINT('',#4962);
#4962 = CARTESIAN_POINT('',(-65.76093065034,-51.61879502661,30.));
#4963 = LINE('',#4964,#4965);
#4964 = CARTESIAN_POINT('',(-65.76093065034,-51.61879502661,0.));
#4965 = VECTOR('',#4966,1.);
#4966 = DIRECTION('',(0.,0.,1.));
#4967 = ORIENTED_EDGE('',*,*,#4968,.T.);
#4968 = EDGE_CURVE('',#4959,#4969,#4971,.T.);
#4969 = VERTEX_POINT('',#4970);
#4970 = CARTESIAN_POINT('',(-71.41778489984,-57.27564927611,0.));
#4971 = LINE('',#4972,#4973);
#4972 = CARTESIAN_POINT('',(-65.76093065034,-51.61879502661,0.));
#4973 = VECTOR('',#4974,1.);
#4974 = DIRECTION('',(-0.707106781187,-0.707106781187,0.));
#4975 = ORIENTED_EDGE('',*,*,#4976,.T.);
#4976 = EDGE_CURVE('',#4969,#4977,#4979,.T.);
#4977 = VERTEX_POINT('',#4978);
#4978 = CARTESIAN_POINT('',(-71.41778489984,-57.27564927611,30.));
#4979 = LINE('',#4980,#4981);
#4980 = CARTESIAN_POINT('',(-71.41778489984,-57.27564927611,0.));
#4981 = VECTOR('',#4982,1.);
#4982 = DIRECTION('',(0.,0.,1.));
#4983 = ORIENTED_EDGE('',*,*,#4984,.F.);
#4984 = EDGE_CURVE('',#4961,#4977,#4985,.T.);
#4985 = LINE('',#4986,#4987);
#4986 = CARTESIAN_POINT('',(-65.76093065034,-51.61879502661,30.));
#4987 = VECTOR('',#4988,1.);
#4988 = DIRECTION('',(-0.707106781187,-0.707106781187,0.));
#4989 = PLANE('',#4990);
#4990 = AXIS2_PLACEMENT_3D('',#4991,#4992,#4993);
#4991 = CARTESIAN_POINT('',(-65.76093065034,-51.61879502661,0.));
#4992 = DIRECTION('',(-0.707106781187,0.707106781187,0.));
#4993 = DIRECTION('',(0.,0.,1.));
#4994 = ADVANCED_FACE('',(#4995),#5029,.T.);
#4995 = FACE_BOUND('',#4996,.T.);
#4996 = EDGE_LOOP('',(#4997,#5007,#5015,#5023));
#4997 = ORIENTED_EDGE('',*,*,#4998,.F.);
#4998 = EDGE_CURVE('',#4999,#5001,#5003,.T.);
#4999 = VERTEX_POINT('',#5000);
#5000 = CARTESIAN_POINT('',(-86.97413408594,-30.40559159102,0.));
#5001 = VERTEX_POINT('',#5002);
#5002 = CARTESIAN_POINT('',(-86.97413408594,-30.40559159102,30.));
#5003 = LINE('',#5004,#5005);
#5004 = CARTESIAN_POINT('',(-86.97413408594,-30.40559159102,0.));
#5005 = VECTOR('',#5006,1.);
#5006 = DIRECTION('',(0.,0.,1.));
#5007 = ORIENTED_EDGE('',*,*,#5008,.T.);
#5008 = EDGE_CURVE('',#4999,#5009,#5011,.T.);
#5009 = VERTEX_POINT('',#5010);
#5010 = CARTESIAN_POINT('',(-92.63098833543,-36.06244584051,0.));
#5011 = LINE('',#5012,#5013);
#5012 = CARTESIAN_POINT('',(-86.97413408594,-30.40559159102,0.));
#5013 = VECTOR('',#5014,1.);
#5014 = DIRECTION('',(-0.707106781187,-0.707106781187,0.));
#5015 = ORIENTED_EDGE('',*,*,#5016,.T.);
#5016 = EDGE_CURVE('',#5009,#5017,#5019,.T.);
#5017 = VERTEX_POINT('',#5018);
#5018 = CARTESIAN_POINT('',(-92.63098833543,-36.06244584051,30.));
#5019 = LINE('',#5020,#5021);
#5020 = CARTESIAN_POINT('',(-92.63098833543,-36.06244584051,0.));
#5021 = VECTOR('',#5022,1.);
#5022 = DIRECTION('',(0.,0.,1.));
#5023 = ORIENTED_EDGE('',*,*,#5024,.F.);
#5024 = EDGE_CURVE('',#5001,#5017,#5025,.T.);
#5025 = LINE('',#5026,#5027);
#5026 = CARTESIAN_POINT('',(-86.97413408594,-30.40559159102,30.));
#5027 = VECTOR('',#5028,1.);
#5028 = DIRECTION('',(-0.707106781187,-0.707106781187,0.));
#5029 = PLANE('',#5030);
#5030 = AXIS2_PLACEMENT_3D('',#5031,#5032,#5033);
#5031 = CARTESIAN_POINT('',(-86.97413408594,-30.40559159102,0.));
#5032 = DIRECTION('',(-0.707106781187,0.707106781187,0.));
#5033 = DIRECTION('',(0.,0.,1.));
#5034 = ADVANCED_FACE('',(#5035),#5051,.F.);
#5035 = FACE_BOUND('',#5036,.F.);
#5036 = EDGE_LOOP('',(#5037,#5043,#5044,#5050));
#5037 = ORIENTED_EDGE('',*,*,#5038,.F.);
#5038 = EDGE_CURVE('',#4959,#4999,#5039,.T.);
#5039 = LINE('',#5040,#5041);
#5040 = CARTESIAN_POINT('',(-65.76093065034,-51.61879502661,0.));
#5041 = VECTOR('',#5042,1.);
#5042 = DIRECTION('',(-0.707106781187,0.707106781187,0.));
#5043 = ORIENTED_EDGE('',*,*,#4958,.T.);
#5044 = ORIENTED_EDGE('',*,*,#5045,.T.);
#5045 = EDGE_CURVE('',#4961,#5001,#5046,.T.);
#5046 = LINE('',#5047,#5048);
#5047 = CARTESIAN_POINT('',(-65.76093065034,-51.61879502661,30.));
#5048 = VECTOR('',#5049,1.);
#5049 = DIRECTION('',(-0.707106781187,0.707106781187,0.));
#5050 = ORIENTED_EDGE('',*,*,#4998,.F.);
#5051 = PLANE('',#5052);
#5052 = AXIS2_PLACEMENT_3D('',#5053,#5054,#5055);
#5053 = CARTESIAN_POINT('',(-65.76093065034,-51.61879502661,0.));
#5054 = DIRECTION('',(-0.707106781187,-0.707106781187,0.));
#5055 = DIRECTION('',(0.,0.,1.));
#5056 = ADVANCED_FACE('',(#5057),#5073,.T.);
#5057 = FACE_BOUND('',#5058,.T.);
#5058 = EDGE_LOOP('',(#5059,#5065,#5066,#5072));
#5059 = ORIENTED_EDGE('',*,*,#5060,.F.);
#5060 = EDGE_CURVE('',#4969,#5009,#5061,.T.);
#5061 = LINE('',#5062,#5063);
#5062 = CARTESIAN_POINT('',(-71.41778489984,-57.27564927611,0.));
#5063 = VECTOR('',#5064,1.);
#5064 = DIRECTION('',(-0.707106781187,0.707106781187,0.));
#5065 = ORIENTED_EDGE('',*,*,#4976,.T.);
#5066 = ORIENTED_EDGE('',*,*,#5067,.T.);
#5067 = EDGE_CURVE('',#4977,#5017,#5068,.T.);
#5068 = LINE('',#5069,#5070);
#5069 = CARTESIAN_POINT('',(-71.41778489984,-57.27564927611,30.));
#5070 = VECTOR('',#5071,1.);
#5071 = DIRECTION('',(-0.707106781187,0.707106781187,0.));
#5072 = ORIENTED_EDGE('',*,*,#5016,.F.);
#5073 = PLANE('',#5074);
#5074 = AXIS2_PLACEMENT_3D('',#5075,#5076,#5077);
#5075 = CARTESIAN_POINT('',(-71.41778489984,-57.27564927611,0.));
#5076 = DIRECTION('',(-0.707106781187,-0.707106781187,0.));
#5077 = DIRECTION('',(0.,0.,1.));
#5078 = ADVANCED_FACE('',(#5079),#5085,.F.);
#5079 = FACE_BOUND('',#5080,.F.);
#5080 = EDGE_LOOP('',(#5081,#5082,#5083,#5084));
#5081 = ORIENTED_EDGE('',*,*,#4968,.F.);
#5082 = ORIENTED_EDGE('',*,*,#5038,.T.);
#5083 = ORIENTED_EDGE('',*,*,#5008,.T.);
#5084 = ORIENTED_EDGE('',*,*,#5060,.F.);
#5085 = PLANE('',#5086);
#5086 = AXIS2_PLACEMENT_3D('',#5087,#5088,#5089);
#5087 = CARTESIAN_POINT('',(-65.76093065034,-51.61879502661,0.));
#5088 = DIRECTION('',(0.,0.,1.));
#5089 = DIRECTION('',(-0.707106781187,0.707106781187,0.));
#5090 = ADVANCED_FACE('',(#5091),#5097,.T.);
#5091 = FACE_BOUND('',#5092,.T.);
#5092 = EDGE_LOOP('',(#5093,#5094,#5095,#5096));
#5093 = ORIENTED_EDGE('',*,*,#4984,.F.);
#5094 = ORIENTED_EDGE('',*,*,#5045,.T.);
#5095 = ORIENTED_EDGE('',*,*,#5024,.T.);
#5096 = ORIENTED_EDGE('',*,*,#5067,.F.);
#5097 = PLANE('',#5098);
#5098 = AXIS2_PLACEMENT_3D('',#5099,#5100,#5101);
#5099 = CARTESIAN_POINT('',(-65.76093065034,-51.61879502661,30.));
#5100 = DIRECTION('',(0.,0.,1.));
#5101 = DIRECTION('',(-0.707106781187,0.707106781187,0.));
#5102 = MANIFOLD_SOLID_BREP('',#5103);
#5103 = CLOSED_SHELL('',(#5104,#5144,#5184,#5206,#5228,#5240));
#5104 = ADVANCED_FACE('',(#5105),#5139,.F.);
#5105 = FACE_BOUND('',#5106,.F.);
#5106 = EDGE_LOOP('',(#5107,#5117,#5125,#5133));
#5107 = ORIENTED_EDGE('',*,*,#5108,.F.);
#5108 = EDGE_CURVE('',#5109,#5111,#5113,.T.);
#5109 = VERTEX_POINT('',#5110);
#5110 = CARTESIAN_POINT('',(-30.40559159102,-86.97413408594,0.));
#5111 = VERTEX_POINT('',#5112);
#5112 = CARTESIAN_POINT('',(-30.40559159102,-86.97413408594,30.));
#5113 = LINE('',#5114,#5115);
#5114 = CARTESIAN_POINT('',(-30.40559159102,-86.97413408594,0.));
#5115 = VECTOR('',#5116,1.);
#5116 = DIRECTION('',(0.,0.,1.));
#5117 = ORIENTED_EDGE('',*,*,#5118,.T.);
#5118 = EDGE_CURVE('',#5109,#5119,#5121,.T.);
#5119 = VERTEX_POINT('',#5120);
#5120 = CARTESIAN_POINT('',(-34.64823227814,-91.21677477306,0.));
#5121 = LINE('',#5122,#5123);
#5122 = CARTESIAN_POINT('',(-30.40559159102,-86.97413408594,0.));
#5123 = VECTOR('',#5124,1.);
#5124 = DIRECTION('',(-0.707106781187,-0.707106781187,0.));
#5125 = ORIENTED_EDGE('',*,*,#5126,.T.);
#5126 = EDGE_CURVE('',#5119,#5127,#5129,.T.);
#5127 = VERTEX_POINT('',#5128);
#5128 = CARTESIAN_POINT('',(-34.64823227814,-91.21677477306,30.));
#5129 = LINE('',#5130,#5131);
#5130 = CARTESIAN_POINT('',(-34.64823227814,-91.21677477306,0.));
#5131 = VECTOR('',#5132,1.);
#5132 = DIRECTION('',(0.,0.,1.));
#5133 = ORIENTED_EDGE('',*,*,#5134,.F.);
#5134 = EDGE_CURVE('',#5111,#5127,#5135,.T.);
#5135 = LINE('',#5136,#5137);
#5136 = CARTESIAN_POINT('',(-30.40559159102,-86.97413408594,30.));
#5137 = VECTOR('',#5138,1.);
#5138 = DIRECTION('',(-0.707106781187,-0.707106781187,0.));
#5139 = PLANE('',#5140);
#5140 = AXIS2_PLACEMENT_3D('',#5141,#5142,#5143);
#5141 = CARTESIAN_POINT('',(-30.40559159102,-86.97413408594,0.));
#5142 = DIRECTION('',(-0.707106781187,0.707106781187,0.));
#5143 = DIRECTION('',(0.,0.,1.));
#5144 = ADVANCED_FACE('',(#5145),#5179,.T.);
#5145 = FACE_BOUND('',#5146,.T.);
#5146 = EDGE_LOOP('',(#5147,#5157,#5165,#5173));
#5147 = ORIENTED_EDGE('',*,*,#5148,.F.);
#5148 = EDGE_CURVE('',#5149,#5151,#5153,.T.);
#5149 = VERTEX_POINT('',#5150);
#5150 = CARTESIAN_POINT('',(-51.61879502661,-65.76093065034,0.));
#5151 = VERTEX_POINT('',#5152);
#5152 = CARTESIAN_POINT('',(-51.61879502661,-65.76093065034,30.));
#5153 = LINE('',#5154,#5155);
#5154 = CARTESIAN_POINT('',(-51.61879502661,-65.76093065034,0.));
#5155 = VECTOR('',#5156,1.);
#5156 = DIRECTION('',(0.,0.,1.));
#5157 = ORIENTED_EDGE('',*,*,#5158,.T.);
#5158 = EDGE_CURVE('',#5149,#5159,#5161,.T.);
#5159 = VERTEX_POINT('',#5160);
#5160 = CARTESIAN_POINT('',(-55.86143571373,-70.00357133746,0.));
#5161 = LINE('',#5162,#5163);
#5162 = CARTESIAN_POINT('',(-51.61879502661,-65.76093065034,0.));
#5163 = VECTOR('',#5164,1.);
#5164 = DIRECTION('',(-0.707106781187,-0.707106781187,0.));
#5165 = ORIENTED_EDGE('',*,*,#5166,.T.);
#5166 = EDGE_CURVE('',#5159,#5167,#5169,.T.);
#5167 = VERTEX_POINT('',#5168);
#5168 = CARTESIAN_POINT('',(-55.86143571373,-70.00357133746,30.));
#5169 = LINE('',#5170,#5171);
#5170 = CARTESIAN_POINT('',(-55.86143571373,-70.00357133746,0.));
#5171 = VECTOR('',#5172,1.);
#5172 = DIRECTION('',(0.,0.,1.));
#5173 = ORIENTED_EDGE('',*,*,#5174,.F.);
#5174 = EDGE_CURVE('',#5151,#5167,#5175,.T.);
#5175 = LINE('',#5176,#5177);
#5176 = CARTESIAN_POINT('',(-51.61879502661,-65.76093065034,30.));
#5177 = VECTOR('',#5178,1.);
#5178 = DIRECTION('',(-0.707106781187,-0.707106781187,0.));
#5179 = PLANE('',#5180);
#5180 = AXIS2_PLACEMENT_3D('',#5181,#5182,#5183);
#5181 = CARTESIAN_POINT('',(-51.61879502661,-65.76093065034,0.));
#5182 = DIRECTION('',(-0.707106781187,0.707106781187,0.));
#5183 = DIRECTION('',(0.,0.,1.));
#5184 = ADVANCED_FACE('',(#5185),#5201,.F.);
#5185 = FACE_BOUND('',#5186,.F.);
#5186 = EDGE_LOOP('',(#5187,#5193,#5194,#5200));
#5187 = ORIENTED_EDGE('',*,*,#5188,.F.);
#5188 = EDGE_CURVE('',#5109,#5149,#5189,.T.);
#5189 = LINE('',#5190,#5191);
#5190 = CARTESIAN_POINT('',(-30.40559159102,-86.97413408594,0.));
#5191 = VECTOR('',#5192,1.);
#5192 = DIRECTION('',(-0.707106781187,0.707106781187,0.));
#5193 = ORIENTED_EDGE('',*,*,#5108,.T.);
#5194 = ORIENTED_EDGE('',*,*,#5195,.T.);
#5195 = EDGE_CURVE('',#5111,#5151,#5196,.T.);
#5196 = LINE('',#5197,#5198);
#5197 = CARTESIAN_POINT('',(-30.40559159102,-86.97413408594,30.));
#5198 = VECTOR('',#5199,1.);
#5199 = DIRECTION('',(-0.707106781187,0.707106781187,0.));
#5200 = ORIENTED_EDGE('',*,*,#5148,.F.);
#5201 = PLANE('',#5202);
#5202 = AXIS2_PLACEMENT_3D('',#5203,#5204,#5205);
#5203 = CARTESIAN_POINT('',(-30.40559159102,-86.97413408594,0.));
#5204 = DIRECTION('',(-0.707106781187,-0.707106781187,0.));
#5205 = DIRECTION('',(0.,0.,1.));
#5206 = ADVANCED_FACE('',(#5207),#5223,.T.);
#5207 = FACE_BOUND('',#5208,.T.);
#5208 = EDGE_LOOP('',(#5209,#5215,#5216,#5222));
#5209 = ORIENTED_EDGE('',*,*,#5210,.F.);
#5210 = EDGE_CURVE('',#5119,#5159,#5211,.T.);
#5211 = LINE('',#5212,#5213);
#5212 = CARTESIAN_POINT('',(-34.64823227814,-91.21677477306,0.));
#5213 = VECTOR('',#5214,1.);
#5214 = DIRECTION('',(-0.707106781187,0.707106781187,0.));
#5215 = ORIENTED_EDGE('',*,*,#5126,.T.);
#5216 = ORIENTED_EDGE('',*,*,#5217,.T.);
#5217 = EDGE_CURVE('',#5127,#5167,#5218,.T.);
#5218 = LINE('',#5219,#5220);
#5219 = CARTESIAN_POINT('',(-34.64823227814,-91.21677477306,30.));
#5220 = VECTOR('',#5221,1.);
#5221 = DIRECTION('',(-0.707106781187,0.707106781187,0.));
#5222 = ORIENTED_EDGE('',*,*,#5166,.F.);
#5223 = PLANE('',#5224);
#5224 = AXIS2_PLACEMENT_3D('',#5225,#5226,#5227);
#5225 = CARTESIAN_POINT('',(-34.64823227814,-91.21677477306,0.));
#5226 = DIRECTION('',(-0.707106781187,-0.707106781187,0.));
#5227 = DIRECTION('',(0.,0.,1.));
#5228 = ADVANCED_FACE('',(#5229),#5235,.F.);
#5229 = FACE_BOUND('',#5230,.F.);
#5230 = EDGE_LOOP('',(#5231,#5232,#5233,#5234));
#5231 = ORIENTED_EDGE('',*,*,#5118,.F.);
#5232 = ORIENTED_EDGE('',*,*,#5188,.T.);
#5233 = ORIENTED_EDGE('',*,*,#5158,.T.);
#5234 = ORIENTED_EDGE('',*,*,#5210,.F.);
#5235 = PLANE('',#5236);
#5236 = AXIS2_PLACEMENT_3D('',#5237,#5238,#5239);
#5237 = CARTESIAN_POINT('',(-30.40559159102,-86.97413408594,0.));
#5238 = DIRECTION('',(0.,0.,1.));
#5239 = DIRECTION('',(-0.707106781187,0.707106781187,0.));
#5240 = ADVANCED_FACE('',(#5241),#5247,.T.);
#5241 = FACE_BOUND('',#5242,.T.);
#5242 = EDGE_LOOP('',(#5243,#5244,#5245,#5246));
#5243 = ORIENTED_EDGE('',*,*,#5134,.F.);
#5244 = ORIENTED_EDGE('',*,*,#5195,.T.);
#5245 = ORIENTED_EDGE('',*,*,#5174,.T.);
#5246 = ORIENTED_EDGE('',*,*,#5217,.F.);
#5247 = PLANE('',#5248);
#5248 = AXIS2_PLACEMENT_3D('',#5249,#5250,#5251);
#5249 = CARTESIAN_POINT('',(-30.40559159102,-86.97413408594,30.));
#5250 = DIRECTION('',(0.,0.,1.));
#5251 = DIRECTION('',(-0.707106781187,0.707106781187,0.));
#5252 = MANIFOLD_SOLID_BREP('',#5253);
#5253 = CLOSED_SHELL('',(#5254,#5294,#5334,#5356,#5378,#5390));
#5254 = ADVANCED_FACE('',(#5255),#5289,.F.);
#5255 = FACE_BOUND('',#5256,.F.);
#5256 = EDGE_LOOP('',(#5257,#5267,#5275,#5283));
#5257 = ORIENTED_EDGE('',*,*,#5258,.F.);
#5258 = EDGE_CURVE('',#5259,#5261,#5263,.T.);
#5259 = VERTEX_POINT('',#5260);
#5260 = CARTESIAN_POINT('',(-34.64823227814,-122.3294731452,-95.));
#5261 = VERTEX_POINT('',#5262);
#5262 = CARTESIAN_POINT('',(-34.64823227814,-122.3294731452,95.));
#5263 = LINE('',#5264,#5265);
#5264 = CARTESIAN_POINT('',(-34.64823227814,-122.3294731452,-95.));
#5265 = VECTOR('',#5266,1.);
#5266 = DIRECTION('',(0.,0.,1.));
#5267 = ORIENTED_EDGE('',*,*,#5268,.T.);
#5268 = EDGE_CURVE('',#5259,#5269,#5271,.T.);
#5269 = VERTEX_POINT('',#5270);
#5270 = CARTESIAN_POINT('',(-38.18376618407,-125.8650070512,-95.));
#5271 = LINE('',#5272,#5273);
#5272 = CARTESIAN_POINT('',(-34.64823227814,-122.3294731452,-95.));
#5273 = VECTOR('',#5274,1.);
#5274 = DIRECTION('',(-0.707106781187,-0.707106781187,0.));
#5275 = ORIENTED_EDGE('',*,*,#5276,.T.);
#5276 = EDGE_CURVE('',#5269,#5277,#5279,.T.);
#5277 = VERTEX_POINT('',#5278);
#5278 = CARTESIAN_POINT('',(-38.18376618407,-125.8650070512,95.));
#5279 = LINE('',#5280,#5281);
#5280 = CARTESIAN_POINT('',(-38.18376618407,-125.8650070512,-95.));
#5281 = VECTOR('',#5282,1.);
#5282 = DIRECTION('',(0.,0.,1.));
#5283 = ORIENTED_EDGE('',*,*,#5284,.F.);
#5284 = EDGE_CURVE('',#5261,#5277,#5285,.T.);
#5285 = LINE('',#5286,#5287);
#5286 = CARTESIAN_POINT('',(-34.64823227814,-122.3294731452,95.));
#5287 = VECTOR('',#5288,1.);
#5288 = DIRECTION('',(-0.707106781187,-0.707106781187,0.));
#5289 = PLANE('',#5290);
#5290 = AXIS2_PLACEMENT_3D('',#5291,#5292,#5293);
#5291 = CARTESIAN_POINT('',(-34.64823227814,-122.3294731452,-95.));
#5292 = DIRECTION('',(-0.707106781187,0.707106781187,0.));
#5293 = DIRECTION('',(0.,0.,1.));
#5294 = ADVANCED_FACE('',(#5295),#5329,.T.);
#5295 = FACE_BOUND('',#5296,.T.);
#5296 = EDGE_LOOP('',(#5297,#5307,#5315,#5323));
#5297 = ORIENTED_EDGE('',*,*,#5298,.F.);
#5298 = EDGE_CURVE('',#5299,#5301,#5303,.T.);
#5299 = VERTEX_POINT('',#5300);
#5300 = CARTESIAN_POINT('',(-122.3294731452,-34.64823227814,-95.));
#5301 = VERTEX_POINT('',#5302);
#5302 = CARTESIAN_POINT('',(-122.3294731452,-34.64823227814,95.));
#5303 = LINE('',#5304,#5305);
#5304 = CARTESIAN_POINT('',(-122.3294731452,-34.64823227814,-95.));
#5305 = VECTOR('',#5306,1.);
#5306 = DIRECTION('',(0.,0.,1.));
#5307 = ORIENTED_EDGE('',*,*,#5308,.T.);
#5308 = EDGE_CURVE('',#5299,#5309,#5311,.T.);
#5309 = VERTEX_POINT('',#5310);
#5310 = CARTESIAN_POINT('',(-125.8650070512,-38.18376618407,-95.));
#5311 = LINE('',#5312,#5313);
#5312 = CARTESIAN_POINT('',(-122.3294731452,-34.64823227814,-95.));
#5313 = VECTOR('',#5314,1.);
#5314 = DIRECTION('',(-0.707106781187,-0.707106781187,0.));
#5315 = ORIENTED_EDGE('',*,*,#5316,.T.);
#5316 = EDGE_CURVE('',#5309,#5317,#5319,.T.);
#5317 = VERTEX_POINT('',#5318);
#5318 = CARTESIAN_POINT('',(-125.8650070512,-38.18376618407,95.));
#5319 = LINE('',#5320,#5321);
#5320 = CARTESIAN_POINT('',(-125.8650070512,-38.18376618407,-95.));
#5321 = VECTOR('',#5322,1.);
#5322 = DIRECTION('',(0.,0.,1.));
#5323 = ORIENTED_EDGE('',*,*,#5324,.F.);
#5324 = EDGE_CURVE('',#5301,#5317,#5325,.T.);
#5325 = LINE('',#5326,#5327);
#5326 = CARTESIAN_POINT('',(-122.3294731452,-34.64823227814,95.));
#5327 = VECTOR('',#5328,1.);
#5328 = DIRECTION('',(-0.707106781187,-0.707106781187,0.));
#5329 = PLANE('',#5330);
#5330 = AXIS2_PLACEMENT_3D('',#5331,#5332,#5333);
#5331 = CARTESIAN_POINT('',(-122.3294731452,-34.64823227814,-95.));
#5332 = DIRECTION('',(-0.707106781187,0.707106781187,0.));
#5333 = DIRECTION('',(0.,0.,1.));
#5334 = ADVANCED_FACE('',(#5335),#5351,.F.);
#5335 = FACE_BOUND('',#5336,.F.);
#5336 = EDGE_LOOP('',(#5337,#5343,#5344,#5350));
#5337 = ORIENTED_EDGE('',*,*,#5338,.F.);
#5338 = EDGE_CURVE('',#5259,#5299,#5339,.T.);
#5339 = LINE('',#5340,#5341);
#5340 = CARTESIAN_POINT('',(-34.64823227814,-122.3294731452,-95.));
#5341 = VECTOR('',#5342,1.);
#5342 = DIRECTION('',(-0.707106781187,0.707106781187,0.));
#5343 = ORIENTED_EDGE('',*,*,#5258,.T.);
#5344 = ORIENTED_EDGE('',*,*,#5345,.T.);
#5345 = EDGE_CURVE('',#5261,#5301,#5346,.T.);
#5346 = LINE('',#5347,#5348);
#5347 = CARTESIAN_POINT('',(-34.64823227814,-122.3294731452,95.));
#5348 = VECTOR('',#5349,1.);
#5349 = DIRECTION('',(-0.707106781187,0.707106781187,0.));
#5350 = ORIENTED_EDGE('',*,*,#5298,.F.);
#5351 = PLANE('',#5352);
#5352 = AXIS2_PLACEMENT_3D('',#5353,#5354,#5355);
#5353 = CARTESIAN_POINT('',(-34.64823227814,-122.3294731452,-95.));
#5354 = DIRECTION('',(-0.707106781187,-0.707106781187,0.));
#5355 = DIRECTION('',(0.,0.,1.));
#5356 = ADVANCED_FACE('',(#5357),#5373,.T.);
#5357 = FACE_BOUND('',#5358,.T.);
#5358 = EDGE_LOOP('',(#5359,#5365,#5366,#5372));
#5359 = ORIENTED_EDGE('',*,*,#5360,.F.);
#5360 = EDGE_CURVE('',#5269,#5309,#5361,.T.);
#5361 = LINE('',#5362,#5363);
#5362 = CARTESIAN_POINT('',(-38.18376618407,-125.8650070512,-95.));
#5363 = VECTOR('',#5364,1.);
#5364 = DIRECTION('',(-0.707106781187,0.707106781187,0.));
#5365 = ORIENTED_EDGE('',*,*,#5276,.T.);
#5366 = ORIENTED_EDGE('',*,*,#5367,.T.);
#5367 = EDGE_CURVE('',#5277,#5317,#5368,.T.);
#5368 = LINE('',#5369,#5370);
#5369 = CARTESIAN_POINT('',(-38.18376618407,-125.8650070512,95.));
#5370 = VECTOR('',#5371,1.);
#5371 = DIRECTION('',(-0.707106781187,0.707106781187,0.));
#5372 = ORIENTED_EDGE('',*,*,#5316,.F.);
#5373 = PLANE('',#5374);
#5374 = AXIS2_PLACEMENT_3D('',#5375,#5376,#5377);
#5375 = CARTESIAN_POINT('',(-38.18376618407,-125.8650070512,-95.));
#5376 = DIRECTION('',(-0.707106781187,-0.707106781187,0.));
#5377 = DIRECTION('',(0.,0.,1.));
#5378 = ADVANCED_FACE('',(#5379),#5385,.F.);
#5379 = FACE_BOUND('',#5380,.F.);
#5380 = EDGE_LOOP('',(#5381,#5382,#5383,#5384));
#5381 = ORIENTED_EDGE('',*,*,#5268,.F.);
#5382 = ORIENTED_EDGE('',*,*,#5338,.T.);
#5383 = ORIENTED_EDGE('',*,*,#5308,.T.);
#5384 = ORIENTED_EDGE('',*,*,#5360,.F.);
#5385 = PLANE('',#5386);
#5386 = AXIS2_PLACEMENT_3D('',#5387,#5388,#5389);
#5387 = CARTESIAN_POINT('',(-34.64823227814,-122.3294731452,-95.));
#5388 = DIRECTION('',(0.,0.,1.));
#5389 = DIRECTION('',(-0.707106781187,0.707106781187,0.));
#5390 = ADVANCED_FACE('',(#5391),#5397,.T.);
#5391 = FACE_BOUND('',#5392,.T.);
#5392 = EDGE_LOOP('',(#5393,#5394,#5395,#5396));
#5393 = ORIENTED_EDGE('',*,*,#5284,.F.);
#5394 = ORIENTED_EDGE('',*,*,#5345,.T.);
#5395 = ORIENTED_EDGE('',*,*,#5324,.T.);
#5396 = ORIENTED_EDGE('',*,*,#5367,.F.);
#5397 = PLANE('',#5398);
#5398 = AXIS2_PLACEMENT_3D('',#5399,#5400,#5401);
#5399 = CARTESIAN_POINT('',(-34.64823227814,-122.3294731452,95.));
#5400 = DIRECTION('',(0.,0.,1.));
#5401 = DIRECTION('',(-0.707106781187,0.707106781187,0.));
#5402 = MANIFOLD_SOLID_BREP('',#5403);
#5403 = CLOSED_SHELL('',(#5404,#5437,#5456));
#5404 = ADVANCED_FACE('',(#5405),#5432,.T.);
#5405 = FACE_BOUND('',#5406,.T.);
#5406 = EDGE_LOOP('',(#5407,#5416,#5424,#5431));
#5407 = ORIENTED_EDGE('',*,*,#5408,.F.);
#5408 = EDGE_CURVE('',#5409,#5409,#5411,.T.);
#5409 = VERTEX_POINT('',#5410);
#5410 = CARTESIAN_POINT('',(-75.66042558696,-30.40559159102,117.));
#5411 = CIRCLE('',#5412,32.);
#5412 = AXIS2_PLACEMENT_3D('',#5413,#5414,#5415);
#5413 = CARTESIAN_POINT('',(-53.03300858899,-53.03300858899,117.));
#5414 = DIRECTION('',(0.,0.,1.));
#5415 = DIRECTION('',(-0.707106781187,0.707106781187,0.));
#5416 = ORIENTED_EDGE('',*,*,#5417,.F.);
#5417 = EDGE_CURVE('',#5418,#5409,#5420,.T.);
#5418 = VERTEX_POINT('',#5419);
#5419 = CARTESIAN_POINT('',(-75.66042558696,-30.40559159102,95.));
#5420 = LINE('',#5421,#5422);
#5421 = CARTESIAN_POINT('',(-75.66042558696,-30.40559159102,95.));
#5422 = VECTOR('',#5423,1.);
#5423 = DIRECTION('',(0.,0.,1.));
#5424 = ORIENTED_EDGE('',*,*,#5425,.T.);
#5425 = EDGE_CURVE('',#5418,#5418,#5426,.T.);
#5426 = CIRCLE('',#5427,32.);
#5427 = AXIS2_PLACEMENT_3D('',#5428,#5429,#5430);
#5428 = CARTESIAN_POINT('',(-53.03300858899,-53.03300858899,95.));
#5429 = DIRECTION('',(0.,0.,1.));
#5430 = DIRECTION('',(-0.707106781187,0.707106781187,0.));
#5431 = ORIENTED_EDGE('',*,*,#5417,.T.);
#5432 = CYLINDRICAL_SURFACE('',#5433,32.);
#5433 = AXIS2_PLACEMENT_3D('',#5434,#5435,#5436);
#5434 = CARTESIAN_POINT('',(-53.03300858899,-53.03300858899,95.));
#5435 = DIRECTION('',(0.,0.,1.));
#5436 = DIRECTION('',(-0.707106781187,0.707106781187,0.));
#5437 = ADVANCED_FACE('',(#5438),#5451,.T.);
#5438 = FACE_BOUND('',#5439,.T.);
#5439 = EDGE_LOOP('',(#5440,#5449,#5450));
#5440 = ORIENTED_EDGE('',*,*,#5441,.T.);
#5441 = EDGE_CURVE('',#5409,#5442,#5444,.T.);
#5442 = VERTEX_POINT('',#5443);
#5443 = CARTESIAN_POINT('',(-53.03300858899,-53.03300858899,149.));
#5444 = CIRCLE('',#5445,32.);
#5445 = AXIS2_PLACEMENT_3D('',#5446,#5447,#5448);
#5446 = CARTESIAN_POINT('',(-53.03300858899,-53.03300858899,117.));
#5447 = DIRECTION('',(0.707106781187,0.707106781187,-0.));
#5448 = DIRECTION('',(-0.707106781187,0.707106781187,0.));
#5449 = ORIENTED_EDGE('',*,*,#5441,.F.);
#5450 = ORIENTED_EDGE('',*,*,#5408,.T.);
#5451 = SPHERICAL_SURFACE('',#5452,32.);
#5452 = AXIS2_PLACEMENT_3D('',#5453,#5454,#5455);
#5453 = CARTESIAN_POINT('',(-53.03300858899,-53.03300858899,117.));
#5454 = DIRECTION('',(0.,0.,1.));
#5455 = DIRECTION('',(-0.707106781187,0.707106781187,0.));
#5456 = ADVANCED_FACE('',(#5457),#5460,.F.);
#5457 = FACE_BOUND('',#5458,.T.);
#5458 = EDGE_LOOP('',(#5459));
#5459 = ORIENTED_EDGE('',*,*,#5425,.F.);
#5460 = PLANE('',#5461);
#5461 = AXIS2_PLACEMENT_3D('',#5462,#5463,#5464);
#5462 = CARTESIAN_POINT('',(-53.03300858899,-53.03300858899,95.));
#5463 = DIRECTION('',(0.,0.,1.));
#5464 = DIRECTION('',(-0.707106781187,0.707106781187,0.));
#5465 = MANIFOLD_SOLID_BREP('',#5466);
#5466 = CLOSED_SHELL('',(#5467,#5507,#5547,#5569,#5591,#5603));
#5467 = ADVANCED_FACE('',(#5468),#5502,.F.);
#5468 = FACE_BOUND('',#5469,.F.);
#5469 = EDGE_LOOP('',(#5470,#5480,#5488,#5496));
#5470 = ORIENTED_EDGE('',*,*,#5471,.F.);
#5471 = EDGE_CURVE('',#5472,#5474,#5476,.T.);
#5472 = VERTEX_POINT('',#5473);
#5473 = CARTESIAN_POINT('',(-27.57716446627,-53.03300858899,97.));
#5474 = VERTEX_POINT('',#5475);
#5475 = CARTESIAN_POINT('',(-27.57716446627,-53.03300858899,101.));
#5476 = LINE('',#5477,#5478);
#5477 = CARTESIAN_POINT('',(-27.57716446627,-53.03300858899,97.));
#5478 = VECTOR('',#5479,1.);
#5479 = DIRECTION('',(0.,0.,1.));
#5480 = ORIENTED_EDGE('',*,*,#5481,.T.);
#5481 = EDGE_CURVE('',#5472,#5482,#5484,.T.);
#5482 = VERTEX_POINT('',#5483);
#5483 = CARTESIAN_POINT('',(-53.03300858899,-78.4888527117,97.));
#5484 = LINE('',#5485,#5486);
#5485 = CARTESIAN_POINT('',(-27.57716446627,-53.03300858899,97.));
#5486 = VECTOR('',#5487,1.);
#5487 = DIRECTION('',(-0.707106781187,-0.707106781187,0.));
#5488 = ORIENTED_EDGE('',*,*,#5489,.T.);
#5489 = EDGE_CURVE('',#5482,#5490,#5492,.T.);
#5490 = VERTEX_POINT('',#5491);
#5491 = CARTESIAN_POINT('',(-53.03300858899,-78.4888527117,101.));
#5492 = LINE('',#5493,#5494);
#5493 = CARTESIAN_POINT('',(-53.03300858899,-78.4888527117,97.));
#5494 = VECTOR('',#5495,1.);
#5495 = DIRECTION('',(0.,0.,1.));
#5496 = ORIENTED_EDGE('',*,*,#5497,.F.);
#5497 = EDGE_CURVE('',#5474,#5490,#5498,.T.);
#5498 = LINE('',#5499,#5500);
#5499 = CARTESIAN_POINT('',(-27.57716446627,-53.03300858899,101.));
#5500 = VECTOR('',#5501,1.);
#5501 = DIRECTION('',(-0.707106781187,-0.707106781187,0.));
#5502 = PLANE('',#5503);
#5503 = AXIS2_PLACEMENT_3D('',#5504,#5505,#5506);
#5504 = CARTESIAN_POINT('',(-27.57716446627,-53.03300858899,97.));
#5505 = DIRECTION('',(-0.707106781187,0.707106781187,0.));
#5506 = DIRECTION('',(0.,0.,1.));
#5507 = ADVANCED_FACE('',(#5508),#5542,.T.);
#5508 = FACE_BOUND('',#5509,.T.);
#5509 = EDGE_LOOP('',(#5510,#5520,#5528,#5536));
#5510 = ORIENTED_EDGE('',*,*,#5511,.F.);
#5511 = EDGE_CURVE('',#5512,#5514,#5516,.T.);
#5512 = VERTEX_POINT('',#5513);
#5513 = CARTESIAN_POINT('',(-53.03300858899,-27.57716446627,97.));
#5514 = VERTEX_POINT('',#5515);
#5515 = CARTESIAN_POINT('',(-53.03300858899,-27.57716446627,101.));
#5516 = LINE('',#5517,#5518);
#5517 = CARTESIAN_POINT('',(-53.03300858899,-27.57716446627,97.));
#5518 = VECTOR('',#5519,1.);
#5519 = DIRECTION('',(0.,0.,1.));
#5520 = ORIENTED_EDGE('',*,*,#5521,.T.);
#5521 = EDGE_CURVE('',#5512,#5522,#5524,.T.);
#5522 = VERTEX_POINT('',#5523);
#5523 = CARTESIAN_POINT('',(-78.4888527117,-53.03300858899,97.));
#5524 = LINE('',#5525,#5526);
#5525 = CARTESIAN_POINT('',(-53.03300858899,-27.57716446627,97.));
#5526 = VECTOR('',#5527,1.);
#5527 = DIRECTION('',(-0.707106781187,-0.707106781187,0.));
#5528 = ORIENTED_EDGE('',*,*,#5529,.T.);
#5529 = EDGE_CURVE('',#5522,#5530,#5532,.T.);
#5530 = VERTEX_POINT('',#5531);
#5531 = CARTESIAN_POINT('',(-78.4888527117,-53.03300858899,101.));
#5532 = LINE('',#5533,#5534);
#5533 = CARTESIAN_POINT('',(-78.4888527117,-53.03300858899,97.));
#5534 = VECTOR('',#5535,1.);
#5535 = DIRECTION('',(0.,0.,1.));
#5536 = ORIENTED_EDGE('',*,*,#5537,.F.);
#5537 = EDGE_CURVE('',#5514,#5530,#5538,.T.);
#5538 = LINE('',#5539,#5540);
#5539 = CARTESIAN_POINT('',(-53.03300858899,-27.57716446627,101.));
#5540 = VECTOR('',#5541,1.);
#5541 = DIRECTION('',(-0.707106781187,-0.707106781187,0.));
#5542 = PLANE('',#5543);
#5543 = AXIS2_PLACEMENT_3D('',#5544,#5545,#5546);
#5544 = CARTESIAN_POINT('',(-53.03300858899,-27.57716446627,97.));
#5545 = DIRECTION('',(-0.707106781187,0.707106781187,0.));
#5546 = DIRECTION('',(0.,0.,1.));
#5547 = ADVANCED_FACE('',(#5548),#5564,.F.);
#5548 = FACE_BOUND('',#5549,.F.);
#5549 = EDGE_LOOP('',(#5550,#5556,#5557,#5563));
#5550 = ORIENTED_EDGE('',*,*,#5551,.F.);
#5551 = EDGE_CURVE('',#5472,#5512,#5552,.T.);
#5552 = LINE('',#5553,#5554);
#5553 = CARTESIAN_POINT('',(-27.57716446627,-53.03300858899,97.));
#5554 = VECTOR('',#5555,1.);
#5555 = DIRECTION('',(-0.707106781187,0.707106781187,0.));
#5556 = ORIENTED_EDGE('',*,*,#5471,.T.);
#5557 = ORIENTED_EDGE('',*,*,#5558,.T.);
#5558 = EDGE_CURVE('',#5474,#5514,#5559,.T.);
#5559 = LINE('',#5560,#5561);
#5560 = CARTESIAN_POINT('',(-27.57716446627,-53.03300858899,101.));
#5561 = VECTOR('',#5562,1.);
#5562 = DIRECTION('',(-0.707106781187,0.707106781187,0.));
#5563 = ORIENTED_EDGE('',*,*,#5511,.F.);
#5564 = PLANE('',#5565);
#5565 = AXIS2_PLACEMENT_3D('',#5566,#5567,#5568);
#5566 = CARTESIAN_POINT('',(-27.57716446627,-53.03300858899,97.));
#5567 = DIRECTION('',(-0.707106781187,-0.707106781187,0.));
#5568 = DIRECTION('',(0.,0.,1.));
#5569 = ADVANCED_FACE('',(#5570),#5586,.T.);
#5570 = FACE_BOUND('',#5571,.T.);
#5571 = EDGE_LOOP('',(#5572,#5578,#5579,#5585));
#5572 = ORIENTED_EDGE('',*,*,#5573,.F.);
#5573 = EDGE_CURVE('',#5482,#5522,#5574,.T.);
#5574 = LINE('',#5575,#5576);
#5575 = CARTESIAN_POINT('',(-53.03300858899,-78.4888527117,97.));
#5576 = VECTOR('',#5577,1.);
#5577 = DIRECTION('',(-0.707106781187,0.707106781187,0.));
#5578 = ORIENTED_EDGE('',*,*,#5489,.T.);
#5579 = ORIENTED_EDGE('',*,*,#5580,.T.);
#5580 = EDGE_CURVE('',#5490,#5530,#5581,.T.);
#5581 = LINE('',#5582,#5583);
#5582 = CARTESIAN_POINT('',(-53.03300858899,-78.4888527117,101.));
#5583 = VECTOR('',#5584,1.);
#5584 = DIRECTION('',(-0.707106781187,0.707106781187,0.));
#5585 = ORIENTED_EDGE('',*,*,#5529,.F.);
#5586 = PLANE('',#5587);
#5587 = AXIS2_PLACEMENT_3D('',#5588,#5589,#5590);
#5588 = CARTESIAN_POINT('',(-53.03300858899,-78.4888527117,97.));
#5589 = DIRECTION('',(-0.707106781187,-0.707106781187,0.));
#5590 = DIRECTION('',(0.,0.,1.));
#5591 = ADVANCED_FACE('',(#5592),#5598,.F.);
#5592 = FACE_BOUND('',#5593,.F.);
#5593 = EDGE_LOOP('',(#5594,#5595,#5596,#5597));
#5594 = ORIENTED_EDGE('',*,*,#5481,.F.);
#5595 = ORIENTED_EDGE('',*,*,#5551,.T.);
#5596 = ORIENTED_EDGE('',*,*,#5521,.T.);
#5597 = ORIENTED_EDGE('',*,*,#5573,.F.);
#5598 = PLANE('',#5599);
#5599 = AXIS2_PLACEMENT_3D('',#5600,#5601,#5602);
#5600 = CARTESIAN_POINT('',(-27.57716446627,-53.03300858899,97.));
#5601 = DIRECTION('',(0.,0.,1.));
#5602 = DIRECTION('',(-0.707106781187,0.707106781187,0.));
#5603 = ADVANCED_FACE('',(#5604),#5610,.T.);
#5604 = FACE_BOUND('',#5605,.T.);
#5605 = EDGE_LOOP('',(#5606,#5607,#5608,#5609));
#5606 = ORIENTED_EDGE('',*,*,#5497,.F.);
#5607 = ORIENTED_EDGE('',*,*,#5558,.T.);
#5608 = ORIENTED_EDGE('',*,*,#5537,.T.);
#5609 = ORIENTED_EDGE('',*,*,#5580,.F.);
#5610 = PLANE('',#5611);
#5611 = AXIS2_PLACEMENT_3D('',#5612,#5613,#5614);
#5612 = CARTESIAN_POINT('',(-27.57716446627,-53.03300858899,101.));
#5613 = DIRECTION('',(0.,0.,1.));
#5614 = DIRECTION('',(-0.707106781187,0.707106781187,0.));
#5615 = MANIFOLD_SOLID_BREP('',#5616);
#5616 = CLOSED_SHELL('',(#5617,#5650,#5659));
#5617 = ADVANCED_FACE('',(#5618),#5645,.T.);
#5618 = FACE_BOUND('',#5619,.T.);
#5619 = EDGE_LOOP('',(#5620,#5629,#5637,#5644));
#5620 = ORIENTED_EDGE('',*,*,#5621,.F.);
#5621 = EDGE_CURVE('',#5622,#5622,#5624,.T.);
#5622 = VERTEX_POINT('',#5623);
#5623 = CARTESIAN_POINT('',(-82.02438661764,-24.04163056034,-95.));
#5624 = CIRCLE('',#5625,6.);
#5625 = AXIS2_PLACEMENT_3D('',#5626,#5627,#5628);
#5626 = CARTESIAN_POINT('',(-77.78174593052,-28.28427124746,-95.));
#5627 = DIRECTION('',(0.,0.,1.));
#5628 = DIRECTION('',(-0.707106781187,0.707106781187,0.));
#5629 = ORIENTED_EDGE('',*,*,#5630,.F.);
#5630 = EDGE_CURVE('',#5631,#5622,#5633,.T.);
#5631 = VERTEX_POINT('',#5632);
#5632 = CARTESIAN_POINT('',(-82.02438661764,-24.04163056034,-185.));
#5633 = LINE('',#5634,#5635);
#5634 = CARTESIAN_POINT('',(-82.02438661764,-24.04163056034,-185.));
#5635 = VECTOR('',#5636,1.);
#5636 = DIRECTION('',(0.,0.,1.));
#5637 = ORIENTED_EDGE('',*,*,#5638,.T.);
#5638 = EDGE_CURVE('',#5631,#5631,#5639,.T.);
#5639 = CIRCLE('',#5640,6.);
#5640 = AXIS2_PLACEMENT_3D('',#5641,#5642,#5643);
#5641 = CARTESIAN_POINT('',(-77.78174593052,-28.28427124746,-185.));
#5642 = DIRECTION('',(0.,0.,1.));
#5643 = DIRECTION('',(-0.707106781187,0.707106781187,0.));
#5644 = ORIENTED_EDGE('',*,*,#5630,.T.);
#5645 = CYLINDRICAL_SURFACE('',#5646,6.);
#5646 = AXIS2_PLACEMENT_3D('',#5647,#5648,#5649);
#5647 = CARTESIAN_POINT('',(-77.78174593052,-28.28427124746,-185.));
#5648 = DIRECTION('',(0.,0.,1.));
#5649 = DIRECTION('',(-0.707106781187,0.707106781187,0.));
#5650 = ADVANCED_FACE('',(#5651),#5654,.T.);
#5651 = FACE_BOUND('',#5652,.T.);
#5652 = EDGE_LOOP('',(#5653));
#5653 = ORIENTED_EDGE('',*,*,#5621,.T.);
#5654 = PLANE('',#5655);
#5655 = AXIS2_PLACEMENT_3D('',#5656,#5657,#5658);
#5656 = CARTESIAN_POINT('',(-77.78174593052,-28.28427124746,-95.));
#5657 = DIRECTION('',(0.,0.,1.));
#5658 = DIRECTION('',(-0.707106781187,0.707106781187,0.));
#5659 = ADVANCED_FACE('',(#5660),#5663,.F.);
#5660 = FACE_BOUND('',#5661,.T.);
#5661 = EDGE_LOOP('',(#5662));
#5662 = ORIENTED_EDGE('',*,*,#5638,.F.);
#5663 = PLANE('',#5664);
#5664 = AXIS2_PLACEMENT_3D('',#5665,#5666,#5667);
#5665 = CARTESIAN_POINT('',(-77.78174593052,-28.28427124746,-185.));
#5666 = DIRECTION('',(0.,0.,1.));
#5667 = DIRECTION('',(-0.707106781187,0.707106781187,0.));
#5668 = MANIFOLD_SOLID_BREP('',#5669);
#5669 = CLOSED_SHELL('',(#5670,#5703,#5712));
#5670 = ADVANCED_FACE('',(#5671),#5698,.T.);
#5671 = FACE_BOUND('',#5672,.T.);
#5672 = EDGE_LOOP('',(#5673,#5682,#5690,#5697));
#5673 = ORIENTED_EDGE('',*,*,#5674,.F.);
#5674 = EDGE_CURVE('',#5675,#5675,#5677,.T.);
#5675 = VERTEX_POINT('',#5676);
#5676 = CARTESIAN_POINT('',(-36.7695526217,-69.29646455628,-95.));
#5677 = CIRCLE('',#5678,7.);
#5678 = AXIS2_PLACEMENT_3D('',#5679,#5680,#5681);
#5679 = CARTESIAN_POINT('',(-31.81980515339,-74.24621202458,-95.));
#5680 = DIRECTION('',(0.,0.,1.));
#5681 = DIRECTION('',(-0.707106781187,0.707106781187,0.));
#5682 = ORIENTED_EDGE('',*,*,#5683,.F.);
#5683 = EDGE_CURVE('',#5684,#5675,#5686,.T.);
#5684 = VERTEX_POINT('',#5685);
#5685 = CARTESIAN_POINT('',(-36.7695526217,-69.29646455628,-105.));
#5686 = LINE('',#5687,#5688);
#5687 = CARTESIAN_POINT('',(-36.7695526217,-69.29646455628,-105.));
#5688 = VECTOR('',#5689,1.);
#5689 = DIRECTION('',(0.,0.,1.));
#5690 = ORIENTED_EDGE('',*,*,#5691,.T.);
#5691 = EDGE_CURVE('',#5684,#5684,#5692,.T.);
#5692 = CIRCLE('',#5693,7.);
#5693 = AXIS2_PLACEMENT_3D('',#5694,#5695,#5696);
#5694 = CARTESIAN_POINT('',(-31.81980515339,-74.24621202458,-105.));
#5695 = DIRECTION('',(0.,0.,1.));
#5696 = DIRECTION('',(-0.707106781187,0.707106781187,0.));
#5697 = ORIENTED_EDGE('',*,*,#5683,.T.);
#5698 = CYLINDRICAL_SURFACE('',#5699,7.);
#5699 = AXIS2_PLACEMENT_3D('',#5700,#5701,#5702);
#5700 = CARTESIAN_POINT('',(-31.81980515339,-74.24621202458,-105.));
#5701 = DIRECTION('',(0.,0.,1.));
#5702 = DIRECTION('',(-0.707106781187,0.707106781187,0.));
#5703 = ADVANCED_FACE('',(#5704),#5707,.T.);
#5704 = FACE_BOUND('',#5705,.T.);
#5705 = EDGE_LOOP('',(#5706));
#5706 = ORIENTED_EDGE('',*,*,#5674,.T.);
#5707 = PLANE('',#5708);
#5708 = AXIS2_PLACEMENT_3D('',#5709,#5710,#5711);
#5709 = CARTESIAN_POINT('',(-31.81980515339,-74.24621202458,-95.));
#5710 = DIRECTION('',(0.,0.,1.));
#5711 = DIRECTION('',(-0.707106781187,0.707106781187,0.));
#5712 = ADVANCED_FACE('',(#5713),#5716,.F.);
#5713 = FACE_BOUND('',#5714,.T.);
#5714 = EDGE_LOOP('',(#5715));
#5715 = ORIENTED_EDGE('',*,*,#5691,.F.);
#5716 = PLANE('',#5717);
#5717 = AXIS2_PLACEMENT_3D('',#5718,#5719,#5720);
#5718 = CARTESIAN_POINT('',(-31.81980515339,-74.24621202458,-105.));
#5719 = DIRECTION('',(0.,0.,1.));
#5720 = DIRECTION('',(-0.707106781187,0.707106781187,0.));
#5721 = ( GEOMETRIC_REPRESENTATION_CONTEXT(3) 
GLOBAL_UNCERTAINTY_ASSIGNED_CONTEXT((#5725)) 
GLOBAL_UNIT_ASSIGNED_CONTEXT((#5722,#5723,#5724)) REPRESENTATION_CONTEXT
('Context #1','3D Context with UNIT and UNCERTAINTY') );
#5722 = ( LENGTH_UNIT() NAMED_UNIT(*) SI_UNIT(.MILLI.,.METRE.) );
#5723 = ( NAMED_UNIT(*) PLANE_ANGLE_UNIT() SI_UNIT($,.RADIAN.) );
#5724 = ( NAMED_UNIT(*) SI_UNIT($,.STERADIAN.) SOLID_ANGLE_UNIT() );
#5725 = UNCERTAINTY_MEASURE_WITH_UNIT(LENGTH_MEASURE(1.E-07),#5722,
  'distance_accuracy_value','confusion accuracy');
#5726 = PRODUCT_RELATED_PRODUCT_CATEGORY('part',$,(#7));
ENDSEC;
END-ISO-10303-21;
