ISO-10303-21;
HEADER;
FILE_DESCRIPTION(('FreeCAD Model'),'2;1');
FILE_NAME('Open CASCADE Shape Model','2026-10-01T11:05:39',('FreeCAD'),(
    'FreeCAD'),'Open CASCADE STEP processor 7.8','FreeCAD','Unknown');
FILE_SCHEMA(('AUTOMOTIVE_DESIGN { 1 0 10303 214 1 1 1 1 }'));
ENDSEC;
DATA;
#1 = APPLICATION_PROTOCOL_DEFINITION('international standard',
  'automotive_design',2000,#2);
#2 = APPLICATION_CONTEXT(
  'core data for automotive mechanical design processes');
#3 = SHAPE_DEFINITION_REPRESENTATION(#4,#10);
#4 = PRODUCT_DEFINITION_SHAPE('','',#5);
#5 = PRODUCT_DEFINITION('design','',#6,#9);
#6 = PRODUCT_DEFINITION_FORMATION('','',#7);
#7 = PRODUCT('Open CASCADE STEP translator 7.8 2',
  'Open CASCADE STEP translator 7.8 2','',(#8));
#8 = PRODUCT_CONTEXT('',#2,'mechanical');
#9 = PRODUCT_DEFINITION_CONTEXT('part definition',#2,'design');
#10 = SHAPE_REPRESENTATION('',(#11,#15,#231,#1372,#1522,#1672,#1725,
    #1980,#2196,#2582,#2635,#2890,#3106,#3322,#3538,#4079,#4229,#4515,
    #4665,#4718,#4868,#5018,#5168,#5318,#5468,#5618,#5681,#5831,#5884),
  #5937);
#11 = AXIS2_PLACEMENT_3D('',#12,#13,#14);
#12 = CARTESIAN_POINT('',(0.,0.,0.));
#13 = DIRECTION('',(0.,0.,1.));
#14 = DIRECTION('',(1.,0.,-0.));
#15 = MANIFOLD_SOLID_BREP('',#16);
#16 = CLOSED_SHELL('',(#17,#57,#88,#119,#150,#181,#203,#217));
#17 = ADVANCED_FACE('',(#18),#52,.F.);
#18 = FACE_BOUND('',#19,.F.);
#19 = EDGE_LOOP('',(#20,#30,#38,#46));
#20 = ORIENTED_EDGE('',*,*,#21,.F.);
#21 = EDGE_CURVE('',#22,#24,#26,.T.);
#22 = VERTEX_POINT('',#23);
#23 = CARTESIAN_POINT('',(0.,0.,-210.));
#24 = VERTEX_POINT('',#25);
#25 = CARTESIAN_POINT('',(100.,0.,-210.));
#26 = LINE('',#27,#28);
#27 = CARTESIAN_POINT('',(0.,0.,-210.));
#28 = VECTOR('',#29,1.);
#29 = DIRECTION('',(1.,0.,0.));
#30 = ORIENTED_EDGE('',*,*,#31,.T.);
#31 = EDGE_CURVE('',#22,#32,#34,.T.);
#32 = VERTEX_POINT('',#33);
#33 = CARTESIAN_POINT('',(0.,0.,210.));
#34 = LINE('',#35,#36);
#35 = CARTESIAN_POINT('',(0.,0.,-210.));
#36 = VECTOR('',#37,1.);
#37 = DIRECTION('',(0.,0.,1.));
#38 = ORIENTED_EDGE('',*,*,#39,.T.);
#39 = EDGE_CURVE('',#32,#40,#42,.T.);
#40 = VERTEX_POINT('',#41);
#41 = CARTESIAN_POINT('',(100.,0.,210.));
#42 = LINE('',#43,#44);
#43 = CARTESIAN_POINT('',(0.,0.,210.));
#44 = VECTOR('',#45,1.);
#45 = DIRECTION('',(1.,0.,0.));
#46 = ORIENTED_EDGE('',*,*,#47,.F.);
#47 = EDGE_CURVE('',#24,#40,#48,.T.);
#48 = LINE('',#49,#50);
#49 = CARTESIAN_POINT('',(100.,0.,-210.));
#50 = VECTOR('',#51,1.);
#51 = DIRECTION('',(0.,0.,1.));
#52 = PLANE('',#53);
#53 = AXIS2_PLACEMENT_3D('',#54,#55,#56);
#54 = CARTESIAN_POINT('',(0.,0.,-210.));
#55 = DIRECTION('',(0.,1.,0.));
#56 = DIRECTION('',(0.,0.,1.));
#57 = ADVANCED_FACE('',(#58),#83,.T.);
#58 = FACE_BOUND('',#59,.T.);
#59 = EDGE_LOOP('',(#60,#61,#69,#77));
#60 = ORIENTED_EDGE('',*,*,#47,.F.);
#61 = ORIENTED_EDGE('',*,*,#62,.T.);
#62 = EDGE_CURVE('',#24,#63,#65,.T.);
#63 = VERTEX_POINT('',#64);
#64 = CARTESIAN_POINT('',(100.,8.,-210.));
#65 = LINE('',#66,#67);
#66 = CARTESIAN_POINT('',(100.,0.,-210.));
#67 = VECTOR('',#68,1.);
#68 = DIRECTION('',(0.,1.,0.));
#69 = ORIENTED_EDGE('',*,*,#70,.T.);
#70 = EDGE_CURVE('',#63,#71,#73,.T.);
#71 = VERTEX_POINT('',#72);
#72 = CARTESIAN_POINT('',(100.,8.,210.));
#73 = LINE('',#74,#75);
#74 = CARTESIAN_POINT('',(100.,8.,-210.));
#75 = VECTOR('',#76,1.);
#76 = DIRECTION('',(0.,0.,1.));
#77 = ORIENTED_EDGE('',*,*,#78,.F.);
#78 = EDGE_CURVE('',#40,#71,#79,.T.);
#79 = LINE('',#80,#81);
#80 = CARTESIAN_POINT('',(100.,0.,210.));
#81 = VECTOR('',#82,1.);
#82 = DIRECTION('',(0.,1.,0.));
#83 = PLANE('',#84);
#84 = AXIS2_PLACEMENT_3D('',#85,#86,#87);
#85 = CARTESIAN_POINT('',(100.,0.,-210.));
#86 = DIRECTION('',(1.,0.,0.));
#87 = DIRECTION('',(0.,0.,1.));
#88 = ADVANCED_FACE('',(#89),#114,.T.);
#89 = FACE_BOUND('',#90,.T.);
#90 = EDGE_LOOP('',(#91,#99,#107,#113));
#91 = ORIENTED_EDGE('',*,*,#92,.F.);
#92 = EDGE_CURVE('',#93,#63,#95,.T.);
#93 = VERTEX_POINT('',#94);
#94 = CARTESIAN_POINT('',(8.,8.,-210.));
#95 = LINE('',#96,#97);
#96 = CARTESIAN_POINT('',(0.,8.,-210.));
#97 = VECTOR('',#98,1.);
#98 = DIRECTION('',(1.,0.,0.));
#99 = ORIENTED_EDGE('',*,*,#100,.T.);
#100 = EDGE_CURVE('',#93,#101,#103,.T.);
#101 = VERTEX_POINT('',#102);
#102 = CARTESIAN_POINT('',(8.,8.,210.));
#103 = LINE('',#104,#105);
#104 = CARTESIAN_POINT('',(8.,8.,-210.));
#105 = VECTOR('',#106,1.);
#106 = DIRECTION('',(0.,0.,1.));
#107 = ORIENTED_EDGE('',*,*,#108,.T.);
#108 = EDGE_CURVE('',#101,#71,#109,.T.);
#109 = LINE('',#110,#111);
#110 = CARTESIAN_POINT('',(0.,8.,210.));
#111 = VECTOR('',#112,1.);
#112 = DIRECTION('',(1.,0.,0.));
#113 = ORIENTED_EDGE('',*,*,#70,.F.);
#114 = PLANE('',#115);
#115 = AXIS2_PLACEMENT_3D('',#116,#117,#118);
#116 = CARTESIAN_POINT('',(0.,8.,-210.));
#117 = DIRECTION('',(0.,1.,0.));
#118 = DIRECTION('',(0.,0.,1.));
#119 = ADVANCED_FACE('',(#120),#145,.T.);
#120 = FACE_BOUND('',#121,.T.);
#121 = EDGE_LOOP('',(#122,#123,#131,#139));
#122 = ORIENTED_EDGE('',*,*,#100,.F.);
#123 = ORIENTED_EDGE('',*,*,#124,.T.);
#124 = EDGE_CURVE('',#93,#125,#127,.T.);
#125 = VERTEX_POINT('',#126);
#126 = CARTESIAN_POINT('',(8.,100.,-210.));
#127 = LINE('',#128,#129);
#128 = CARTESIAN_POINT('',(8.,8.,-210.));
#129 = VECTOR('',#130,1.);
#130 = DIRECTION('',(0.,1.,0.));
#131 = ORIENTED_EDGE('',*,*,#132,.T.);
#132 = EDGE_CURVE('',#125,#133,#135,.T.);
#133 = VERTEX_POINT('',#134);
#134 = CARTESIAN_POINT('',(8.,100.,210.));
#135 = LINE('',#136,#137);
#136 = CARTESIAN_POINT('',(8.,100.,-210.));
#137 = VECTOR('',#138,1.);
#138 = DIRECTION('',(0.,0.,1.));
#139 = ORIENTED_EDGE('',*,*,#140,.F.);
#140 = EDGE_CURVE('',#101,#133,#141,.T.);
#141 = LINE('',#142,#143);
#142 = CARTESIAN_POINT('',(8.,8.,210.));
#143 = VECTOR('',#144,1.);
#144 = DIRECTION('',(0.,1.,0.));
#145 = PLANE('',#146);
#146 = AXIS2_PLACEMENT_3D('',#147,#148,#149);
#147 = CARTESIAN_POINT('',(8.,8.,-210.));
#148 = DIRECTION('',(1.,0.,0.));
#149 = DIRECTION('',(0.,0.,1.));
#150 = ADVANCED_FACE('',(#151),#176,.T.);
#151 = FACE_BOUND('',#152,.T.);
#152 = EDGE_LOOP('',(#153,#161,#169,#175));
#153 = ORIENTED_EDGE('',*,*,#154,.F.);
#154 = EDGE_CURVE('',#155,#125,#157,.T.);
#155 = VERTEX_POINT('',#156);
#156 = CARTESIAN_POINT('',(0.,100.,-210.));
#157 = LINE('',#158,#159);
#158 = CARTESIAN_POINT('',(0.,100.,-210.));
#159 = VECTOR('',#160,1.);
#160 = DIRECTION('',(1.,0.,0.));
#161 = ORIENTED_EDGE('',*,*,#162,.T.);
#162 = EDGE_CURVE('',#155,#163,#165,.T.);
#163 = VERTEX_POINT('',#164);
#164 = CARTESIAN_POINT('',(0.,100.,210.));
#165 = LINE('',#166,#167);
#166 = CARTESIAN_POINT('',(0.,100.,-210.));
#167 = VECTOR('',#168,1.);
#168 = DIRECTION('',(0.,0.,1.));
#169 = ORIENTED_EDGE('',*,*,#170,.T.);
#170 = EDGE_CURVE('',#163,#133,#171,.T.);
#171 = LINE('',#172,#173);
#172 = CARTESIAN_POINT('',(0.,100.,210.));
#173 = VECTOR('',#174,1.);
#174 = DIRECTION('',(1.,0.,0.));
#175 = ORIENTED_EDGE('',*,*,#132,.F.);
#176 = PLANE('',#177);
#177 = AXIS2_PLACEMENT_3D('',#178,#179,#180);
#178 = CARTESIAN_POINT('',(0.,100.,-210.));
#179 = DIRECTION('',(0.,1.,0.));
#180 = DIRECTION('',(0.,0.,1.));
#181 = ADVANCED_FACE('',(#182),#198,.T.);
#182 = FACE_BOUND('',#183,.T.);
#183 = EDGE_LOOP('',(#184,#185,#191,#192));
#184 = ORIENTED_EDGE('',*,*,#31,.T.);
#185 = ORIENTED_EDGE('',*,*,#186,.T.);
#186 = EDGE_CURVE('',#32,#163,#187,.T.);
#187 = LINE('',#188,#189);
#188 = CARTESIAN_POINT('',(0.,0.,210.));
#189 = VECTOR('',#190,1.);
#190 = DIRECTION('',(0.,1.,0.));
#191 = ORIENTED_EDGE('',*,*,#162,.F.);
#192 = ORIENTED_EDGE('',*,*,#193,.F.);
#193 = EDGE_CURVE('',#22,#155,#194,.T.);
#194 = LINE('',#195,#196);
#195 = CARTESIAN_POINT('',(0.,8.,-210.));
#196 = VECTOR('',#197,1.);
#197 = DIRECTION('',(0.,1.,0.));
#198 = PLANE('',#199);
#199 = AXIS2_PLACEMENT_3D('',#200,#201,#202);
#200 = CARTESIAN_POINT('',(0.,50.,0.));
#201 = DIRECTION('',(-1.,-0.,-0.));
#202 = DIRECTION('',(0.,0.,-1.));
#203 = ADVANCED_FACE('',(#204),#212,.T.);
#204 = FACE_BOUND('',#205,.T.);
#205 = EDGE_LOOP('',(#206,#207,#208,#209,#210,#211));
#206 = ORIENTED_EDGE('',*,*,#186,.F.);
#207 = ORIENTED_EDGE('',*,*,#39,.T.);
#208 = ORIENTED_EDGE('',*,*,#78,.T.);
#209 = ORIENTED_EDGE('',*,*,#108,.F.);
#210 = ORIENTED_EDGE('',*,*,#140,.T.);
#211 = ORIENTED_EDGE('',*,*,#170,.F.);
#212 = PLANE('',#213);
#213 = AXIS2_PLACEMENT_3D('',#214,#215,#216);
#214 = CARTESIAN_POINT('',(28.84,28.84,210.));
#215 = DIRECTION('',(0.,0.,1.));
#216 = DIRECTION('',(1.,0.,0.));
#217 = ADVANCED_FACE('',(#218),#226,.T.);
#218 = FACE_BOUND('',#219,.T.);
#219 = EDGE_LOOP('',(#220,#221,#222,#223,#224,#225));
#220 = ORIENTED_EDGE('',*,*,#193,.T.);
#221 = ORIENTED_EDGE('',*,*,#154,.T.);
#222 = ORIENTED_EDGE('',*,*,#124,.F.);
#223 = ORIENTED_EDGE('',*,*,#92,.T.);
#224 = ORIENTED_EDGE('',*,*,#62,.F.);
#225 = ORIENTED_EDGE('',*,*,#21,.F.);
#226 = PLANE('',#227);
#227 = AXIS2_PLACEMENT_3D('',#228,#229,#230);
#228 = CARTESIAN_POINT('',(28.84,28.84,-210.));
#229 = DIRECTION('',(-0.,-0.,-1.));
#230 = DIRECTION('',(-1.,0.,0.));
#231 = MANIFOLD_SOLID_BREP('',#232);
#232 = CLOSED_SHELL('',(#233,#284,#326,#358,#483,#510,#552,#659,#731,
    #789,#813,#848,#865,#882,#899,#950,#960,#988,#1044,#1055,#1079,#1130
    ,#1154,#1189,#1206,#1224,#1241,#1258,#1275,#1292,#1305,#1317,#1334,
    #1343,#1355));
#233 = ADVANCED_FACE('',(#234),#279,.F.);
#234 = FACE_BOUND('',#235,.F.);
#235 = EDGE_LOOP('',(#236,#247,#255,#262,#263,#272));
#236 = ORIENTED_EDGE('',*,*,#237,.F.);
#237 = EDGE_CURVE('',#238,#240,#242,.T.);
#238 = VERTEX_POINT('',#239);
#239 = CARTESIAN_POINT('',(-4.,-4.,66.5));
#240 = VERTEX_POINT('',#241);
#241 = CARTESIAN_POINT('',(0.5,-8.5,62.));
#242 = ELLIPSE('',#243,6.363961030679,4.5);
#243 = AXIS2_PLACEMENT_3D('',#244,#245,#246);
#244 = CARTESIAN_POINT('',(-4.,-4.,62.));
#245 = DIRECTION('',(0.707106781187,0.707106781187,0.));
#246 = DIRECTION('',(0.707106781187,-0.707106781187,0.));
#247 = ORIENTED_EDGE('',*,*,#248,.F.);
#248 = EDGE_CURVE('',#249,#238,#251,.T.);
#249 = VERTEX_POINT('',#250);
#250 = CARTESIAN_POINT('',(-4.,-18.,66.5));
#251 = LINE('',#252,#253);
#252 = CARTESIAN_POINT('',(-4.,-18.,66.5));
#253 = VECTOR('',#254,1.);
#254 = DIRECTION('',(0.,1.,0.));
#255 = ORIENTED_EDGE('',*,*,#256,.T.);
#256 = EDGE_CURVE('',#249,#249,#257,.T.);
#257 = CIRCLE('',#258,4.5);
#258 = AXIS2_PLACEMENT_3D('',#259,#260,#261);
#259 = CARTESIAN_POINT('',(-4.,-18.,62.));
#260 = DIRECTION('',(0.,1.,0.));
#261 = DIRECTION('',(0.,0.,1.));
#262 = ORIENTED_EDGE('',*,*,#248,.T.);
#263 = ORIENTED_EDGE('',*,*,#264,.T.);
#264 = EDGE_CURVE('',#238,#265,#267,.T.);
#265 = VERTEX_POINT('',#266);
#266 = CARTESIAN_POINT('',(-4.,-4.,57.5));
#267 = ELLIPSE('',#268,6.363961030679,4.5);
#268 = AXIS2_PLACEMENT_3D('',#269,#270,#271);
#269 = CARTESIAN_POINT('',(-4.,-4.,62.));
#270 = DIRECTION('',(0.707106781187,-0.707106781187,0.));
#271 = DIRECTION('',(0.707106781187,0.707106781187,0.));
#272 = ORIENTED_EDGE('',*,*,#273,.F.);
#273 = EDGE_CURVE('',#240,#265,#274,.T.);
#274 = ELLIPSE('',#275,6.363961030679,4.5);
#275 = AXIS2_PLACEMENT_3D('',#276,#277,#278);
#276 = CARTESIAN_POINT('',(-4.,-4.,62.));
#277 = DIRECTION('',(0.707106781187,0.707106781187,0.));
#278 = DIRECTION('',(0.707106781187,-0.707106781187,0.));
#279 = CYLINDRICAL_SURFACE('',#280,4.5);
#280 = AXIS2_PLACEMENT_3D('',#281,#282,#283);
#281 = CARTESIAN_POINT('',(-4.,-18.,62.));
#282 = DIRECTION('',(0.,1.,0.));
#283 = DIRECTION('',(0.,0.,1.));
#284 = ADVANCED_FACE('',(#285),#321,.F.);
#285 = FACE_BOUND('',#286,.F.);
#286 = EDGE_LOOP('',(#287,#295,#302,#303,#304,#305,#314));
#287 = ORIENTED_EDGE('',*,*,#288,.T.);
#288 = EDGE_CURVE('',#238,#289,#291,.T.);
#289 = VERTEX_POINT('',#290);
#290 = CARTESIAN_POINT('',(10.,-4.,66.5));
#291 = LINE('',#292,#293);
#292 = CARTESIAN_POINT('',(-18.,-4.,66.5));
#293 = VECTOR('',#294,1.);
#294 = DIRECTION('',(1.,0.,0.));
#295 = ORIENTED_EDGE('',*,*,#296,.F.);
#296 = EDGE_CURVE('',#289,#289,#297,.T.);
#297 = CIRCLE('',#298,4.5);
#298 = AXIS2_PLACEMENT_3D('',#299,#300,#301);
#299 = CARTESIAN_POINT('',(10.,-4.,62.));
#300 = DIRECTION('',(1.,0.,-0.));
#301 = DIRECTION('',(0.,0.,1.));
#302 = ORIENTED_EDGE('',*,*,#288,.F.);
#303 = ORIENTED_EDGE('',*,*,#237,.T.);
#304 = ORIENTED_EDGE('',*,*,#273,.T.);
#305 = ORIENTED_EDGE('',*,*,#306,.T.);
#306 = EDGE_CURVE('',#265,#307,#309,.T.);
#307 = VERTEX_POINT('',#308);
#308 = CARTESIAN_POINT('',(0.5,0.5,62.));
#309 = ELLIPSE('',#310,6.363961030679,4.5);
#310 = AXIS2_PLACEMENT_3D('',#311,#312,#313);
#311 = CARTESIAN_POINT('',(-4.,-4.,62.));
#312 = DIRECTION('',(0.707106781187,-0.707106781187,0.));
#313 = DIRECTION('',(0.707106781187,0.707106781187,0.));
#314 = ORIENTED_EDGE('',*,*,#315,.T.);
#315 = EDGE_CURVE('',#307,#238,#316,.T.);
#316 = ELLIPSE('',#317,6.363961030679,4.5);
#317 = AXIS2_PLACEMENT_3D('',#318,#319,#320);
#318 = CARTESIAN_POINT('',(-4.,-4.,62.));
#319 = DIRECTION('',(0.707106781187,-0.707106781187,0.));
#320 = DIRECTION('',(0.707106781187,0.707106781187,0.));
#321 = CYLINDRICAL_SURFACE('',#322,4.5);
#322 = AXIS2_PLACEMENT_3D('',#323,#324,#325);
#323 = CARTESIAN_POINT('',(-18.,-4.,62.));
#324 = DIRECTION('',(1.,0.,0.));
#325 = DIRECTION('',(0.,0.,1.));
#326 = ADVANCED_FACE('',(#327),#353,.F.);
#327 = FACE_BOUND('',#328,.F.);
#328 = EDGE_LOOP('',(#329,#330,#338,#345,#346));
#329 = ORIENTED_EDGE('',*,*,#264,.F.);
#330 = ORIENTED_EDGE('',*,*,#331,.F.);
#331 = EDGE_CURVE('',#332,#238,#334,.T.);
#332 = VERTEX_POINT('',#333);
#333 = CARTESIAN_POINT('',(-18.,-4.,66.5));
#334 = LINE('',#335,#336);
#335 = CARTESIAN_POINT('',(-18.,-4.,66.5));
#336 = VECTOR('',#337,1.);
#337 = DIRECTION('',(1.,0.,0.));
#338 = ORIENTED_EDGE('',*,*,#339,.T.);
#339 = EDGE_CURVE('',#332,#332,#340,.T.);
#340 = CIRCLE('',#341,4.5);
#341 = AXIS2_PLACEMENT_3D('',#342,#343,#344);
#342 = CARTESIAN_POINT('',(-18.,-4.,62.));
#343 = DIRECTION('',(1.,0.,-0.));
#344 = DIRECTION('',(0.,0.,1.));
#345 = ORIENTED_EDGE('',*,*,#331,.T.);
#346 = ORIENTED_EDGE('',*,*,#347,.F.);
#347 = EDGE_CURVE('',#265,#238,#348,.T.);
#348 = ELLIPSE('',#349,6.363961030679,4.5);
#349 = AXIS2_PLACEMENT_3D('',#350,#351,#352);
#350 = CARTESIAN_POINT('',(-4.,-4.,62.));
#351 = DIRECTION('',(0.707106781187,0.707106781187,0.));
#352 = DIRECTION('',(0.707106781187,-0.707106781187,0.));
#353 = CYLINDRICAL_SURFACE('',#354,4.5);
#354 = AXIS2_PLACEMENT_3D('',#355,#356,#357);
#355 = CARTESIAN_POINT('',(-18.,-4.,62.));
#356 = DIRECTION('',(1.,0.,0.));
#357 = DIRECTION('',(0.,0.,1.));
#358 = ADVANCED_FACE('',(#359,#475),#478,.T.);
#359 = FACE_BOUND('',#360,.T.);
#360 = EDGE_LOOP('',(#361,#371,#379,#387,#395,#403,#411,#419,#427,#435,
    #443,#452,#460,#469));
#361 = ORIENTED_EDGE('',*,*,#362,.F.);
#362 = EDGE_CURVE('',#363,#365,#367,.T.);
#363 = VERTEX_POINT('',#364);
#364 = CARTESIAN_POINT('',(78.,-18.,-55.));
#365 = VERTEX_POINT('',#366);
#366 = CARTESIAN_POINT('',(-18.,-18.,-55.));
#367 = LINE('',#368,#369);
#368 = CARTESIAN_POINT('',(78.,-18.,-55.));
#369 = VECTOR('',#370,1.);
#370 = DIRECTION('',(-1.,0.,0.));
#371 = ORIENTED_EDGE('',*,*,#372,.T.);
#372 = EDGE_CURVE('',#363,#373,#375,.T.);
#373 = VERTEX_POINT('',#374);
#374 = CARTESIAN_POINT('',(78.,-18.,-12.));
#375 = LINE('',#376,#377);
#376 = CARTESIAN_POINT('',(78.,-18.,-55.));
#377 = VECTOR('',#378,1.);
#378 = DIRECTION('',(0.,0.,1.));
#379 = ORIENTED_EDGE('',*,*,#380,.F.);
#380 = EDGE_CURVE('',#381,#373,#383,.T.);
#381 = VERTEX_POINT('',#382);
#382 = CARTESIAN_POINT('',(62.,-18.,-12.));
#383 = LINE('',#384,#385);
#384 = CARTESIAN_POINT('',(62.,-18.,-12.));
#385 = VECTOR('',#386,1.);
#386 = DIRECTION('',(1.,0.,0.));
#387 = ORIENTED_EDGE('',*,*,#388,.T.);
#388 = EDGE_CURVE('',#381,#389,#391,.T.);
#389 = VERTEX_POINT('',#390);
#390 = CARTESIAN_POINT('',(62.,-18.,12.));
#391 = LINE('',#392,#393);
#392 = CARTESIAN_POINT('',(62.,-18.,-12.));
#393 = VECTOR('',#394,1.);
#394 = DIRECTION('',(0.,0.,1.));
#395 = ORIENTED_EDGE('',*,*,#396,.T.);
#396 = EDGE_CURVE('',#389,#397,#399,.T.);
#397 = VERTEX_POINT('',#398);
#398 = CARTESIAN_POINT('',(78.,-18.,12.));
#399 = LINE('',#400,#401);
#400 = CARTESIAN_POINT('',(62.,-18.,12.));
#401 = VECTOR('',#402,1.);
#402 = DIRECTION('',(1.,0.,0.));
#403 = ORIENTED_EDGE('',*,*,#404,.T.);
#404 = EDGE_CURVE('',#397,#405,#407,.T.);
#405 = VERTEX_POINT('',#406);
#406 = CARTESIAN_POINT('',(78.,-18.,55.));
#407 = LINE('',#408,#409);
#408 = CARTESIAN_POINT('',(78.,-18.,-55.));
#409 = VECTOR('',#410,1.);
#410 = DIRECTION('',(0.,0.,1.));
#411 = ORIENTED_EDGE('',*,*,#412,.T.);
#412 = EDGE_CURVE('',#405,#413,#415,.T.);
#413 = VERTEX_POINT('',#414);
#414 = CARTESIAN_POINT('',(10.,-18.,55.));
#415 = LINE('',#416,#417);
#416 = CARTESIAN_POINT('',(78.,-18.,55.));
#417 = VECTOR('',#418,1.);
#418 = DIRECTION('',(-1.,0.,0.));
#419 = ORIENTED_EDGE('',*,*,#420,.T.);
#420 = EDGE_CURVE('',#413,#421,#423,.T.);
#421 = VERTEX_POINT('',#422);
#422 = CARTESIAN_POINT('',(10.,-18.,69.));
#423 = LINE('',#424,#425);
#424 = CARTESIAN_POINT('',(10.,-18.,55.));
#425 = VECTOR('',#426,1.);
#426 = DIRECTION('',(0.,0.,1.));
#427 = ORIENTED_EDGE('',*,*,#428,.F.);
#428 = EDGE_CURVE('',#429,#421,#431,.T.);
#429 = VERTEX_POINT('',#430);
#430 = CARTESIAN_POINT('',(-18.,-18.,69.));
#431 = LINE('',#432,#433);
#432 = CARTESIAN_POINT('',(-18.,-18.,69.));
#433 = VECTOR('',#434,1.);
#434 = DIRECTION('',(1.,0.,0.));
#435 = ORIENTED_EDGE('',*,*,#436,.F.);
#436 = EDGE_CURVE('',#437,#429,#439,.T.);
#437 = VERTEX_POINT('',#438);
#438 = CARTESIAN_POINT('',(-18.,-18.,20.));
#439 = LINE('',#440,#441);
#440 = CARTESIAN_POINT('',(-18.,-18.,55.));
#441 = VECTOR('',#442,1.);
#442 = DIRECTION('',(0.,0.,1.));
#443 = ORIENTED_EDGE('',*,*,#444,.F.);
#444 = EDGE_CURVE('',#445,#437,#447,.T.);
#445 = VERTEX_POINT('',#446);
#446 = CARTESIAN_POINT('',(-2.,-18.,16.492422502471));
#447 = ELLIPSE('',#448,28.284271247462,20.);
#448 = AXIS2_PLACEMENT_3D('',#449,#450,#451);
#449 = CARTESIAN_POINT('',(-18.,-18.,0.));
#450 = DIRECTION('',(0.,-1.,0.));
#451 = DIRECTION('',(-1.,0.,0.));
#452 = ORIENTED_EDGE('',*,*,#453,.T.);
#453 = EDGE_CURVE('',#445,#454,#456,.T.);
#454 = VERTEX_POINT('',#455);
#455 = CARTESIAN_POINT('',(-2.,-18.,-16.49242250247));
#456 = LINE('',#457,#458);
#457 = CARTESIAN_POINT('',(-2.,-18.,-27.5));
#458 = VECTOR('',#459,1.);
#459 = DIRECTION('',(0.,0.,-1.));
#460 = ORIENTED_EDGE('',*,*,#461,.F.);
#461 = EDGE_CURVE('',#462,#454,#464,.T.);
#462 = VERTEX_POINT('',#463);
#463 = CARTESIAN_POINT('',(-18.,-18.,-20.));
#464 = ELLIPSE('',#465,28.284271247462,20.);
#465 = AXIS2_PLACEMENT_3D('',#466,#467,#468);
#466 = CARTESIAN_POINT('',(-18.,-18.,0.));
#467 = DIRECTION('',(0.,-1.,0.));
#468 = DIRECTION('',(-1.,0.,0.));
#469 = ORIENTED_EDGE('',*,*,#470,.F.);
#470 = EDGE_CURVE('',#365,#462,#471,.T.);
#471 = LINE('',#472,#473);
#472 = CARTESIAN_POINT('',(-18.,-18.,-55.));
#473 = VECTOR('',#474,1.);
#474 = DIRECTION('',(0.,0.,1.));
#475 = FACE_BOUND('',#476,.T.);
#476 = EDGE_LOOP('',(#477));
#477 = ORIENTED_EDGE('',*,*,#256,.T.);
#478 = PLANE('',#479);
#479 = AXIS2_PLACEMENT_3D('',#480,#481,#482);
#480 = CARTESIAN_POINT('',(28.980387322958,-18.,4.273191765515));
#481 = DIRECTION('',(-0.,-1.,-0.));
#482 = DIRECTION('',(0.,0.,-1.));
#483 = ADVANCED_FACE('',(#484),#505,.F.);
#484 = FACE_BOUND('',#485,.F.);
#485 = EDGE_LOOP('',(#486,#495,#501,#502,#503,#504));
#486 = ORIENTED_EDGE('',*,*,#487,.F.);
#487 = EDGE_CURVE('',#488,#488,#490,.T.);
#488 = VERTEX_POINT('',#489);
#489 = CARTESIAN_POINT('',(-4.,10.,66.5));
#490 = CIRCLE('',#491,4.5);
#491 = AXIS2_PLACEMENT_3D('',#492,#493,#494);
#492 = CARTESIAN_POINT('',(-4.,10.,62.));
#493 = DIRECTION('',(0.,1.,0.));
#494 = DIRECTION('',(0.,0.,1.));
#495 = ORIENTED_EDGE('',*,*,#496,.F.);
#496 = EDGE_CURVE('',#238,#488,#497,.T.);
#497 = LINE('',#498,#499);
#498 = CARTESIAN_POINT('',(-4.,-18.,66.5));
#499 = VECTOR('',#500,1.);
#500 = DIRECTION('',(0.,1.,0.));
#501 = ORIENTED_EDGE('',*,*,#315,.F.);
#502 = ORIENTED_EDGE('',*,*,#306,.F.);
#503 = ORIENTED_EDGE('',*,*,#347,.T.);
#504 = ORIENTED_EDGE('',*,*,#496,.T.);
#505 = CYLINDRICAL_SURFACE('',#506,4.5);
#506 = AXIS2_PLACEMENT_3D('',#507,#508,#509);
#507 = CARTESIAN_POINT('',(-4.,-18.,62.));
#508 = DIRECTION('',(0.,1.,0.));
#509 = DIRECTION('',(0.,0.,1.));
#510 = ADVANCED_FACE('',(#511,#544),#547,.T.);
#511 = FACE_BOUND('',#512,.T.);
#512 = EDGE_LOOP('',(#513,#514,#522,#530,#538));
#513 = ORIENTED_EDGE('',*,*,#420,.F.);
#514 = ORIENTED_EDGE('',*,*,#515,.T.);
#515 = EDGE_CURVE('',#413,#516,#518,.T.);
#516 = VERTEX_POINT('',#517);
#517 = CARTESIAN_POINT('',(10.,-2.,55.));
#518 = LINE('',#519,#520);
#519 = CARTESIAN_POINT('',(10.,-18.,55.));
#520 = VECTOR('',#521,1.);
#521 = DIRECTION('',(0.,1.,0.));
#522 = ORIENTED_EDGE('',*,*,#523,.T.);
#523 = EDGE_CURVE('',#516,#524,#526,.T.);
#524 = VERTEX_POINT('',#525);
#525 = CARTESIAN_POINT('',(10.,10.,55.));
#526 = LINE('',#527,#528);
#527 = CARTESIAN_POINT('',(10.,-18.,55.));
#528 = VECTOR('',#529,1.);
#529 = DIRECTION('',(0.,1.,0.));
#530 = ORIENTED_EDGE('',*,*,#531,.T.);
#531 = EDGE_CURVE('',#524,#532,#534,.T.);
#532 = VERTEX_POINT('',#533);
#533 = CARTESIAN_POINT('',(10.,10.,69.));
#534 = LINE('',#535,#536);
#535 = CARTESIAN_POINT('',(10.,10.,55.));
#536 = VECTOR('',#537,1.);
#537 = DIRECTION('',(0.,0.,1.));
#538 = ORIENTED_EDGE('',*,*,#539,.F.);
#539 = EDGE_CURVE('',#421,#532,#540,.T.);
#540 = LINE('',#541,#542);
#541 = CARTESIAN_POINT('',(10.,-18.,69.));
#542 = VECTOR('',#543,1.);
#543 = DIRECTION('',(0.,1.,0.));
#544 = FACE_BOUND('',#545,.T.);
#545 = EDGE_LOOP('',(#546));
#546 = ORIENTED_EDGE('',*,*,#296,.F.);
#547 = PLANE('',#548);
#548 = AXIS2_PLACEMENT_3D('',#549,#550,#551);
#549 = CARTESIAN_POINT('',(10.,-18.,55.));
#550 = DIRECTION('',(1.,0.,0.));
#551 = DIRECTION('',(0.,0.,1.));
#552 = ADVANCED_FACE('',(#553,#651),#654,.T.);
#553 = FACE_BOUND('',#554,.T.);
#554 = EDGE_LOOP('',(#555,#563,#564,#573,#581,#588,#589,#597,#605,#613,
    #621,#629,#637,#645));
#555 = ORIENTED_EDGE('',*,*,#556,.F.);
#556 = EDGE_CURVE('',#365,#557,#559,.T.);
#557 = VERTEX_POINT('',#558);
#558 = CARTESIAN_POINT('',(-18.,78.,-55.));
#559 = LINE('',#560,#561);
#560 = CARTESIAN_POINT('',(-18.,-18.,-55.));
#561 = VECTOR('',#562,1.);
#562 = DIRECTION('',(0.,1.,0.));
#563 = ORIENTED_EDGE('',*,*,#470,.T.);
#564 = ORIENTED_EDGE('',*,*,#565,.F.);
#565 = EDGE_CURVE('',#566,#462,#568,.T.);
#566 = VERTEX_POINT('',#567);
#567 = CARTESIAN_POINT('',(-18.,-2.,-16.49242250247));
#568 = ELLIPSE('',#569,28.284271247462,20.);
#569 = AXIS2_PLACEMENT_3D('',#570,#571,#572);
#570 = CARTESIAN_POINT('',(-18.,-18.,0.));
#571 = DIRECTION('',(-1.,0.,0.));
#572 = DIRECTION('',(0.,-1.,0.));
#573 = ORIENTED_EDGE('',*,*,#574,.T.);
#574 = EDGE_CURVE('',#566,#575,#577,.T.);
#575 = VERTEX_POINT('',#576);
#576 = CARTESIAN_POINT('',(-18.,-2.,16.492422502471));
#577 = LINE('',#578,#579);
#578 = CARTESIAN_POINT('',(-18.,-2.,-27.5));
#579 = VECTOR('',#580,1.);
#580 = DIRECTION('',(0.,0.,1.));
#581 = ORIENTED_EDGE('',*,*,#582,.F.);
#582 = EDGE_CURVE('',#437,#575,#583,.T.);
#583 = ELLIPSE('',#584,28.284271247462,20.);
#584 = AXIS2_PLACEMENT_3D('',#585,#586,#587);
#585 = CARTESIAN_POINT('',(-18.,-18.,0.));
#586 = DIRECTION('',(-1.,0.,0.));
#587 = DIRECTION('',(0.,-1.,0.));
#588 = ORIENTED_EDGE('',*,*,#436,.T.);
#589 = ORIENTED_EDGE('',*,*,#590,.T.);
#590 = EDGE_CURVE('',#429,#591,#593,.T.);
#591 = VERTEX_POINT('',#592);
#592 = CARTESIAN_POINT('',(-18.,10.,69.));
#593 = LINE('',#594,#595);
#594 = CARTESIAN_POINT('',(-18.,-18.,69.));
#595 = VECTOR('',#596,1.);
#596 = DIRECTION('',(0.,1.,0.));
#597 = ORIENTED_EDGE('',*,*,#598,.F.);
#598 = EDGE_CURVE('',#599,#591,#601,.T.);
#599 = VERTEX_POINT('',#600);
#600 = CARTESIAN_POINT('',(-18.,10.,55.));
#601 = LINE('',#602,#603);
#602 = CARTESIAN_POINT('',(-18.,10.,55.));
#603 = VECTOR('',#604,1.);
#604 = DIRECTION('',(0.,0.,1.));
#605 = ORIENTED_EDGE('',*,*,#606,.T.);
#606 = EDGE_CURVE('',#599,#607,#609,.T.);
#607 = VERTEX_POINT('',#608);
#608 = CARTESIAN_POINT('',(-18.,78.,55.));
#609 = LINE('',#610,#611);
#610 = CARTESIAN_POINT('',(-18.,-18.,55.));
#611 = VECTOR('',#612,1.);
#612 = DIRECTION('',(0.,1.,0.));
#613 = ORIENTED_EDGE('',*,*,#614,.F.);
#614 = EDGE_CURVE('',#615,#607,#617,.T.);
#615 = VERTEX_POINT('',#616);
#616 = CARTESIAN_POINT('',(-18.,78.,12.));
#617 = LINE('',#618,#619);
#618 = CARTESIAN_POINT('',(-18.,78.,-55.));
#619 = VECTOR('',#620,1.);
#620 = DIRECTION('',(0.,0.,1.));
#621 = ORIENTED_EDGE('',*,*,#622,.F.);
#622 = EDGE_CURVE('',#623,#615,#625,.T.);
#623 = VERTEX_POINT('',#624);
#624 = CARTESIAN_POINT('',(-18.,62.,12.));
#625 = LINE('',#626,#627);
#626 = CARTESIAN_POINT('',(-18.,62.,12.));
#627 = VECTOR('',#628,1.);
#628 = DIRECTION('',(0.,1.,0.));
#629 = ORIENTED_EDGE('',*,*,#630,.F.);
#630 = EDGE_CURVE('',#631,#623,#633,.T.);
#631 = VERTEX_POINT('',#632);
#632 = CARTESIAN_POINT('',(-18.,62.,-12.));
#633 = LINE('',#634,#635);
#634 = CARTESIAN_POINT('',(-18.,62.,-12.));
#635 = VECTOR('',#636,1.);
#636 = DIRECTION('',(0.,0.,1.));
#637 = ORIENTED_EDGE('',*,*,#638,.T.);
#638 = EDGE_CURVE('',#631,#639,#641,.T.);
#639 = VERTEX_POINT('',#640);
#640 = CARTESIAN_POINT('',(-18.,78.,-12.));
#641 = LINE('',#642,#643);
#642 = CARTESIAN_POINT('',(-18.,62.,-12.));
#643 = VECTOR('',#644,1.);
#644 = DIRECTION('',(0.,1.,0.));
#645 = ORIENTED_EDGE('',*,*,#646,.F.);
#646 = EDGE_CURVE('',#557,#639,#647,.T.);
#647 = LINE('',#648,#649);
#648 = CARTESIAN_POINT('',(-18.,78.,-55.));
#649 = VECTOR('',#650,1.);
#650 = DIRECTION('',(0.,0.,1.));
#651 = FACE_BOUND('',#652,.T.);
#652 = EDGE_LOOP('',(#653));
#653 = ORIENTED_EDGE('',*,*,#339,.T.);
#654 = PLANE('',#655);
#655 = AXIS2_PLACEMENT_3D('',#656,#657,#658);
#656 = CARTESIAN_POINT('',(-18.,28.980387322958,4.273191765515));
#657 = DIRECTION('',(-1.,-0.,-0.));
#658 = DIRECTION('',(0.,0.,-1.));
#659 = ADVANCED_FACE('',(#660),#726,.T.);
#660 = FACE_BOUND('',#661,.T.);
#661 = EDGE_LOOP('',(#662,#670,#671,#672,#680,#688,#696,#704,#712,#720)
  );
#662 = ORIENTED_EDGE('',*,*,#663,.T.);
#663 = EDGE_CURVE('',#664,#363,#666,.T.);
#664 = VERTEX_POINT('',#665);
#665 = CARTESIAN_POINT('',(78.,-2.,-55.));
#666 = LINE('',#667,#668);
#667 = CARTESIAN_POINT('',(78.,-2.,-55.));
#668 = VECTOR('',#669,1.);
#669 = DIRECTION('',(0.,-1.,0.));
#670 = ORIENTED_EDGE('',*,*,#362,.T.);
#671 = ORIENTED_EDGE('',*,*,#556,.T.);
#672 = ORIENTED_EDGE('',*,*,#673,.T.);
#673 = EDGE_CURVE('',#557,#674,#676,.T.);
#674 = VERTEX_POINT('',#675);
#675 = CARTESIAN_POINT('',(-2.,78.,-55.));
#676 = LINE('',#677,#678);
#677 = CARTESIAN_POINT('',(-18.,78.,-55.));
#678 = VECTOR('',#679,1.);
#679 = DIRECTION('',(1.,0.,0.));
#680 = ORIENTED_EDGE('',*,*,#681,.T.);
#681 = EDGE_CURVE('',#674,#682,#684,.T.);
#682 = VERTEX_POINT('',#683);
#683 = CARTESIAN_POINT('',(-2.,6.,-55.));
#684 = LINE('',#685,#686);
#685 = CARTESIAN_POINT('',(-2.,78.,-55.));
#686 = VECTOR('',#687,1.);
#687 = DIRECTION('',(0.,-1.,0.));
#688 = ORIENTED_EDGE('',*,*,#689,.T.);
#689 = EDGE_CURVE('',#682,#690,#692,.T.);
#690 = VERTEX_POINT('',#691);
#691 = CARTESIAN_POINT('',(-6.,6.,-55.));
#692 = LINE('',#693,#694);
#693 = CARTESIAN_POINT('',(-2.,6.,-55.));
#694 = VECTOR('',#695,1.);
#695 = DIRECTION('',(-1.,0.,0.));
#696 = ORIENTED_EDGE('',*,*,#697,.T.);
#697 = EDGE_CURVE('',#690,#698,#700,.T.);
#698 = VERTEX_POINT('',#699);
#699 = CARTESIAN_POINT('',(-6.,-6.,-55.));
#700 = LINE('',#701,#702);
#701 = CARTESIAN_POINT('',(-6.,6.,-55.));
#702 = VECTOR('',#703,1.);
#703 = DIRECTION('',(0.,-1.,0.));
#704 = ORIENTED_EDGE('',*,*,#705,.T.);
#705 = EDGE_CURVE('',#698,#706,#708,.T.);
#706 = VERTEX_POINT('',#707);
#707 = CARTESIAN_POINT('',(6.,-6.,-55.));
#708 = LINE('',#709,#710);
#709 = CARTESIAN_POINT('',(-6.,-6.,-55.));
#710 = VECTOR('',#711,1.);
#711 = DIRECTION('',(1.,0.,0.));
#712 = ORIENTED_EDGE('',*,*,#713,.T.);
#713 = EDGE_CURVE('',#706,#714,#716,.T.);
#714 = VERTEX_POINT('',#715);
#715 = CARTESIAN_POINT('',(6.,-2.,-55.));
#716 = LINE('',#717,#718);
#717 = CARTESIAN_POINT('',(6.,-6.,-55.));
#718 = VECTOR('',#719,1.);
#719 = DIRECTION('',(0.,1.,0.));
#720 = ORIENTED_EDGE('',*,*,#721,.T.);
#721 = EDGE_CURVE('',#714,#664,#722,.T.);
#722 = LINE('',#723,#724);
#723 = CARTESIAN_POINT('',(6.,-2.,-55.));
#724 = VECTOR('',#725,1.);
#725 = DIRECTION('',(1.,0.,0.));
#726 = PLANE('',#727);
#727 = AXIS2_PLACEMENT_3D('',#728,#729,#730);
#728 = CARTESIAN_POINT('',(12.64,12.64,-55.));
#729 = DIRECTION('',(-0.,-0.,-1.));
#730 = DIRECTION('',(-1.,0.,0.));
#731 = ADVANCED_FACE('',(#732,#773),#784,.T.);
#732 = FACE_BOUND('',#733,.T.);
#733 = EDGE_LOOP('',(#734,#742,#748,#749,#757,#765,#771,#772));
#734 = ORIENTED_EDGE('',*,*,#735,.T.);
#735 = EDGE_CURVE('',#664,#736,#738,.T.);
#736 = VERTEX_POINT('',#737);
#737 = CARTESIAN_POINT('',(78.,-2.,55.));
#738 = LINE('',#739,#740);
#739 = CARTESIAN_POINT('',(78.,-2.,-55.));
#740 = VECTOR('',#741,1.);
#741 = DIRECTION('',(0.,0.,1.));
#742 = ORIENTED_EDGE('',*,*,#743,.T.);
#743 = EDGE_CURVE('',#736,#405,#744,.T.);
#744 = LINE('',#745,#746);
#745 = CARTESIAN_POINT('',(78.,-2.,55.));
#746 = VECTOR('',#747,1.);
#747 = DIRECTION('',(0.,-1.,0.));
#748 = ORIENTED_EDGE('',*,*,#404,.F.);
#749 = ORIENTED_EDGE('',*,*,#750,.F.);
#750 = EDGE_CURVE('',#751,#397,#753,.T.);
#751 = VERTEX_POINT('',#752);
#752 = CARTESIAN_POINT('',(78.,-34.,12.));
#753 = LINE('',#754,#755);
#754 = CARTESIAN_POINT('',(78.,-34.,12.));
#755 = VECTOR('',#756,1.);
#756 = DIRECTION('',(0.,1.,0.));
#757 = ORIENTED_EDGE('',*,*,#758,.F.);
#758 = EDGE_CURVE('',#759,#751,#761,.T.);
#759 = VERTEX_POINT('',#760);
#760 = CARTESIAN_POINT('',(78.,-34.,-12.));
#761 = LINE('',#762,#763);
#762 = CARTESIAN_POINT('',(78.,-34.,-12.));
#763 = VECTOR('',#764,1.);
#764 = DIRECTION('',(0.,0.,1.));
#765 = ORIENTED_EDGE('',*,*,#766,.T.);
#766 = EDGE_CURVE('',#759,#373,#767,.T.);
#767 = LINE('',#768,#769);
#768 = CARTESIAN_POINT('',(78.,-34.,-12.));
#769 = VECTOR('',#770,1.);
#770 = DIRECTION('',(0.,1.,0.));
#771 = ORIENTED_EDGE('',*,*,#372,.F.);
#772 = ORIENTED_EDGE('',*,*,#663,.F.);
#773 = FACE_BOUND('',#774,.T.);
#774 = EDGE_LOOP('',(#775));
#775 = ORIENTED_EDGE('',*,*,#776,.F.);
#776 = EDGE_CURVE('',#777,#777,#779,.T.);
#777 = VERTEX_POINT('',#778);
#778 = CARTESIAN_POINT('',(78.,-26.,5.5));
#779 = CIRCLE('',#780,5.5);
#780 = AXIS2_PLACEMENT_3D('',#781,#782,#783);
#781 = CARTESIAN_POINT('',(78.,-26.,0.));
#782 = DIRECTION('',(1.,0.,-0.));
#783 = DIRECTION('',(0.,0.,1.));
#784 = PLANE('',#785);
#785 = AXIS2_PLACEMENT_3D('',#786,#787,#788);
#786 = CARTESIAN_POINT('',(78.,-13.15492957746,0.));
#787 = DIRECTION('',(1.,0.,0.));
#788 = DIRECTION('',(0.,0.,1.));
#789 = ADVANCED_FACE('',(#790),#808,.F.);
#790 = FACE_BOUND('',#791,.F.);
#791 = EDGE_LOOP('',(#792,#800,#806,#807));
#792 = ORIENTED_EDGE('',*,*,#793,.F.);
#793 = EDGE_CURVE('',#794,#381,#796,.T.);
#794 = VERTEX_POINT('',#795);
#795 = CARTESIAN_POINT('',(62.,-34.,-12.));
#796 = LINE('',#797,#798);
#797 = CARTESIAN_POINT('',(62.,-34.,-12.));
#798 = VECTOR('',#799,1.);
#799 = DIRECTION('',(0.,1.,0.));
#800 = ORIENTED_EDGE('',*,*,#801,.T.);
#801 = EDGE_CURVE('',#794,#759,#802,.T.);
#802 = LINE('',#803,#804);
#803 = CARTESIAN_POINT('',(62.,-34.,-12.));
#804 = VECTOR('',#805,1.);
#805 = DIRECTION('',(1.,0.,0.));
#806 = ORIENTED_EDGE('',*,*,#766,.T.);
#807 = ORIENTED_EDGE('',*,*,#380,.F.);
#808 = PLANE('',#809);
#809 = AXIS2_PLACEMENT_3D('',#810,#811,#812);
#810 = CARTESIAN_POINT('',(62.,-34.,-12.));
#811 = DIRECTION('',(0.,0.,1.));
#812 = DIRECTION('',(1.,0.,0.));
#813 = ADVANCED_FACE('',(#814,#832),#843,.F.);
#814 = FACE_BOUND('',#815,.F.);
#815 = EDGE_LOOP('',(#816,#824,#825,#826));
#816 = ORIENTED_EDGE('',*,*,#817,.F.);
#817 = EDGE_CURVE('',#794,#818,#820,.T.);
#818 = VERTEX_POINT('',#819);
#819 = CARTESIAN_POINT('',(62.,-34.,12.));
#820 = LINE('',#821,#822);
#821 = CARTESIAN_POINT('',(62.,-34.,-12.));
#822 = VECTOR('',#823,1.);
#823 = DIRECTION('',(0.,0.,1.));
#824 = ORIENTED_EDGE('',*,*,#793,.T.);
#825 = ORIENTED_EDGE('',*,*,#388,.T.);
#826 = ORIENTED_EDGE('',*,*,#827,.F.);
#827 = EDGE_CURVE('',#818,#389,#828,.T.);
#828 = LINE('',#829,#830);
#829 = CARTESIAN_POINT('',(62.,-34.,12.));
#830 = VECTOR('',#831,1.);
#831 = DIRECTION('',(0.,1.,0.));
#832 = FACE_BOUND('',#833,.F.);
#833 = EDGE_LOOP('',(#834));
#834 = ORIENTED_EDGE('',*,*,#835,.F.);
#835 = EDGE_CURVE('',#836,#836,#838,.T.);
#836 = VERTEX_POINT('',#837);
#837 = CARTESIAN_POINT('',(62.,-26.,5.5));
#838 = CIRCLE('',#839,5.5);
#839 = AXIS2_PLACEMENT_3D('',#840,#841,#842);
#840 = CARTESIAN_POINT('',(62.,-26.,0.));
#841 = DIRECTION('',(1.,0.,-0.));
#842 = DIRECTION('',(0.,0.,1.));
#843 = PLANE('',#844);
#844 = AXIS2_PLACEMENT_3D('',#845,#846,#847);
#845 = CARTESIAN_POINT('',(62.,-34.,-12.));
#846 = DIRECTION('',(1.,0.,0.));
#847 = DIRECTION('',(0.,0.,1.));
#848 = ADVANCED_FACE('',(#849),#860,.T.);
#849 = FACE_BOUND('',#850,.T.);
#850 = EDGE_LOOP('',(#851,#852,#858,#859));
#851 = ORIENTED_EDGE('',*,*,#827,.F.);
#852 = ORIENTED_EDGE('',*,*,#853,.T.);
#853 = EDGE_CURVE('',#818,#751,#854,.T.);
#854 = LINE('',#855,#856);
#855 = CARTESIAN_POINT('',(62.,-34.,12.));
#856 = VECTOR('',#857,1.);
#857 = DIRECTION('',(1.,0.,0.));
#858 = ORIENTED_EDGE('',*,*,#750,.T.);
#859 = ORIENTED_EDGE('',*,*,#396,.F.);
#860 = PLANE('',#861);
#861 = AXIS2_PLACEMENT_3D('',#862,#863,#864);
#862 = CARTESIAN_POINT('',(62.,-34.,12.));
#863 = DIRECTION('',(0.,0.,1.));
#864 = DIRECTION('',(1.,0.,0.));
#865 = ADVANCED_FACE('',(#866),#877,.F.);
#866 = FACE_BOUND('',#867,.F.);
#867 = EDGE_LOOP('',(#868,#874,#875,#876));
#868 = ORIENTED_EDGE('',*,*,#869,.T.);
#869 = EDGE_CURVE('',#516,#736,#870,.T.);
#870 = LINE('',#871,#872);
#871 = CARTESIAN_POINT('',(6.,-2.,55.));
#872 = VECTOR('',#873,1.);
#873 = DIRECTION('',(1.,0.,0.));
#874 = ORIENTED_EDGE('',*,*,#743,.T.);
#875 = ORIENTED_EDGE('',*,*,#412,.T.);
#876 = ORIENTED_EDGE('',*,*,#515,.T.);
#877 = PLANE('',#878);
#878 = AXIS2_PLACEMENT_3D('',#879,#880,#881);
#879 = CARTESIAN_POINT('',(12.64,12.64,55.));
#880 = DIRECTION('',(-0.,-0.,-1.));
#881 = DIRECTION('',(-1.,0.,0.));
#882 = ADVANCED_FACE('',(#883),#894,.T.);
#883 = FACE_BOUND('',#884,.T.);
#884 = EDGE_LOOP('',(#885,#886,#887,#888));
#885 = ORIENTED_EDGE('',*,*,#590,.F.);
#886 = ORIENTED_EDGE('',*,*,#428,.T.);
#887 = ORIENTED_EDGE('',*,*,#539,.T.);
#888 = ORIENTED_EDGE('',*,*,#889,.F.);
#889 = EDGE_CURVE('',#591,#532,#890,.T.);
#890 = LINE('',#891,#892);
#891 = CARTESIAN_POINT('',(-18.,10.,69.));
#892 = VECTOR('',#893,1.);
#893 = DIRECTION('',(1.,0.,0.));
#894 = PLANE('',#895);
#895 = AXIS2_PLACEMENT_3D('',#896,#897,#898);
#896 = CARTESIAN_POINT('',(-18.,-18.,69.));
#897 = DIRECTION('',(0.,0.,1.));
#898 = DIRECTION('',(1.,0.,0.));
#899 = ADVANCED_FACE('',(#900),#945,.T.);
#900 = FACE_BOUND('',#901,.T.);
#901 = EDGE_LOOP('',(#902,#912,#919,#920,#927,#928,#929,#936,#937,#938)
  );
#902 = ORIENTED_EDGE('',*,*,#903,.T.);
#903 = EDGE_CURVE('',#904,#906,#908,.T.);
#904 = VERTEX_POINT('',#905);
#905 = CARTESIAN_POINT('',(-24.14213562373,4.142135623731,
    4.898587196589E-15));
#906 = VERTEX_POINT('',#907);
#907 = CARTESIAN_POINT('',(-42.17335854398,-13.88908729652,
    4.898587196589E-15));
#908 = LINE('',#909,#910);
#909 = CARTESIAN_POINT('',(-24.14213562373,4.142135623731,
    4.898587196589E-15));
#910 = VECTOR('',#911,1.);
#911 = DIRECTION('',(-0.707106781187,-0.707106781187,0.));
#912 = ORIENTED_EDGE('',*,*,#913,.F.);
#913 = EDGE_CURVE('',#906,#906,#914,.T.);
#914 = CIRCLE('',#915,20.);
#915 = AXIS2_PLACEMENT_3D('',#916,#917,#918);
#916 = CARTESIAN_POINT('',(-28.03122292025,-28.03122292025,0.));
#917 = DIRECTION('',(-0.707106781187,-0.707106781187,-0.));
#918 = DIRECTION('',(-0.707106781187,0.707106781187,0.));
#919 = ORIENTED_EDGE('',*,*,#903,.F.);
#920 = ORIENTED_EDGE('',*,*,#921,.T.);
#921 = EDGE_CURVE('',#904,#566,#922,.T.);
#922 = CIRCLE('',#923,20.);
#923 = AXIS2_PLACEMENT_3D('',#924,#925,#926);
#924 = CARTESIAN_POINT('',(-10.,-10.,0.));
#925 = DIRECTION('',(-0.707106781187,-0.707106781187,-0.));
#926 = DIRECTION('',(-0.707106781187,0.707106781187,0.));
#927 = ORIENTED_EDGE('',*,*,#565,.T.);
#928 = ORIENTED_EDGE('',*,*,#461,.T.);
#929 = ORIENTED_EDGE('',*,*,#930,.T.);
#930 = EDGE_CURVE('',#454,#445,#931,.T.);
#931 = CIRCLE('',#932,20.);
#932 = AXIS2_PLACEMENT_3D('',#933,#934,#935);
#933 = CARTESIAN_POINT('',(-10.,-10.,0.));
#934 = DIRECTION('',(-0.707106781187,-0.707106781187,-0.));
#935 = DIRECTION('',(-0.707106781187,0.707106781187,0.));
#936 = ORIENTED_EDGE('',*,*,#444,.T.);
#937 = ORIENTED_EDGE('',*,*,#582,.T.);
#938 = ORIENTED_EDGE('',*,*,#939,.T.);
#939 = EDGE_CURVE('',#575,#904,#940,.T.);
#940 = CIRCLE('',#941,20.);
#941 = AXIS2_PLACEMENT_3D('',#942,#943,#944);
#942 = CARTESIAN_POINT('',(-10.,-10.,0.));
#943 = DIRECTION('',(-0.707106781187,-0.707106781187,-0.));
#944 = DIRECTION('',(-0.707106781187,0.707106781187,0.));
#945 = CYLINDRICAL_SURFACE('',#946,20.);
#946 = AXIS2_PLACEMENT_3D('',#947,#948,#949);
#947 = CARTESIAN_POINT('',(-10.,-10.,0.));
#948 = DIRECTION('',(-0.707106781187,-0.707106781187,0.));
#949 = DIRECTION('',(-0.707106781187,0.707106781187,0.));
#950 = ADVANCED_FACE('',(#951),#955,.F.);
#951 = FACE_BOUND('',#952,.F.);
#952 = EDGE_LOOP('',(#953,#954));
#953 = ORIENTED_EDGE('',*,*,#453,.T.);
#954 = ORIENTED_EDGE('',*,*,#930,.T.);
#955 = PLANE('',#956);
#956 = AXIS2_PLACEMENT_3D('',#957,#958,#959);
#957 = CARTESIAN_POINT('',(-10.,-10.,0.));
#958 = DIRECTION('',(-0.707106781187,-0.707106781187,0.));
#959 = DIRECTION('',(-0.707106781187,0.707106781187,0.));
#960 = ADVANCED_FACE('',(#961,#980),#983,.T.);
#961 = FACE_BOUND('',#962,.T.);
#962 = EDGE_LOOP('',(#963,#971,#972,#973,#974));
#963 = ORIENTED_EDGE('',*,*,#964,.F.);
#964 = EDGE_CURVE('',#599,#965,#967,.T.);
#965 = VERTEX_POINT('',#966);
#966 = CARTESIAN_POINT('',(-2.,10.,55.));
#967 = LINE('',#968,#969);
#968 = CARTESIAN_POINT('',(-18.,10.,55.));
#969 = VECTOR('',#970,1.);
#970 = DIRECTION('',(1.,0.,0.));
#971 = ORIENTED_EDGE('',*,*,#598,.T.);
#972 = ORIENTED_EDGE('',*,*,#889,.T.);
#973 = ORIENTED_EDGE('',*,*,#531,.F.);
#974 = ORIENTED_EDGE('',*,*,#975,.F.);
#975 = EDGE_CURVE('',#965,#524,#976,.T.);
#976 = LINE('',#977,#978);
#977 = CARTESIAN_POINT('',(-18.,10.,55.));
#978 = VECTOR('',#979,1.);
#979 = DIRECTION('',(1.,0.,0.));
#980 = FACE_BOUND('',#981,.T.);
#981 = EDGE_LOOP('',(#982));
#982 = ORIENTED_EDGE('',*,*,#487,.F.);
#983 = PLANE('',#984);
#984 = AXIS2_PLACEMENT_3D('',#985,#986,#987);
#985 = CARTESIAN_POINT('',(-18.,10.,55.));
#986 = DIRECTION('',(0.,1.,0.));
#987 = DIRECTION('',(0.,0.,1.));
#988 = ADVANCED_FACE('',(#989),#1039,.F.);
#989 = FACE_BOUND('',#990,.F.);
#990 = EDGE_LOOP('',(#991,#992,#1000,#1008,#1016,#1024,#1032,#1038));
#991 = ORIENTED_EDGE('',*,*,#975,.F.);
#992 = ORIENTED_EDGE('',*,*,#993,.T.);
#993 = EDGE_CURVE('',#965,#994,#996,.T.);
#994 = VERTEX_POINT('',#995);
#995 = CARTESIAN_POINT('',(-2.,6.,55.));
#996 = LINE('',#997,#998);
#997 = CARTESIAN_POINT('',(-2.,78.,55.));
#998 = VECTOR('',#999,1.);
#999 = DIRECTION('',(0.,-1.,0.));
#1000 = ORIENTED_EDGE('',*,*,#1001,.T.);
#1001 = EDGE_CURVE('',#994,#1002,#1004,.T.);
#1002 = VERTEX_POINT('',#1003);
#1003 = CARTESIAN_POINT('',(-6.,6.,55.));
#1004 = LINE('',#1005,#1006);
#1005 = CARTESIAN_POINT('',(-2.,6.,55.));
#1006 = VECTOR('',#1007,1.);
#1007 = DIRECTION('',(-1.,0.,0.));
#1008 = ORIENTED_EDGE('',*,*,#1009,.T.);
#1009 = EDGE_CURVE('',#1002,#1010,#1012,.T.);
#1010 = VERTEX_POINT('',#1011);
#1011 = CARTESIAN_POINT('',(-6.,-6.,55.));
#1012 = LINE('',#1013,#1014);
#1013 = CARTESIAN_POINT('',(-6.,6.,55.));
#1014 = VECTOR('',#1015,1.);
#1015 = DIRECTION('',(0.,-1.,0.));
#1016 = ORIENTED_EDGE('',*,*,#1017,.T.);
#1017 = EDGE_CURVE('',#1010,#1018,#1020,.T.);
#1018 = VERTEX_POINT('',#1019);
#1019 = CARTESIAN_POINT('',(6.,-6.,55.));
#1020 = LINE('',#1021,#1022);
#1021 = CARTESIAN_POINT('',(-6.,-6.,55.));
#1022 = VECTOR('',#1023,1.);
#1023 = DIRECTION('',(1.,0.,0.));
#1024 = ORIENTED_EDGE('',*,*,#1025,.T.);
#1025 = EDGE_CURVE('',#1018,#1026,#1028,.T.);
#1026 = VERTEX_POINT('',#1027);
#1027 = CARTESIAN_POINT('',(6.,-2.,55.));
#1028 = LINE('',#1029,#1030);
#1029 = CARTESIAN_POINT('',(6.,-6.,55.));
#1030 = VECTOR('',#1031,1.);
#1031 = DIRECTION('',(0.,1.,0.));
#1032 = ORIENTED_EDGE('',*,*,#1033,.T.);
#1033 = EDGE_CURVE('',#1026,#516,#1034,.T.);
#1034 = LINE('',#1035,#1036);
#1035 = CARTESIAN_POINT('',(6.,-2.,55.));
#1036 = VECTOR('',#1037,1.);
#1037 = DIRECTION('',(1.,0.,0.));
#1038 = ORIENTED_EDGE('',*,*,#523,.T.);
#1039 = PLANE('',#1040);
#1040 = AXIS2_PLACEMENT_3D('',#1041,#1042,#1043);
#1041 = CARTESIAN_POINT('',(-18.,-18.,55.));
#1042 = DIRECTION('',(0.,0.,1.));
#1043 = DIRECTION('',(1.,0.,0.));
#1044 = ADVANCED_FACE('',(#1045),#1050,.F.);
#1045 = FACE_BOUND('',#1046,.F.);
#1046 = EDGE_LOOP('',(#1047,#1048,#1049));
#1047 = ORIENTED_EDGE('',*,*,#939,.T.);
#1048 = ORIENTED_EDGE('',*,*,#921,.T.);
#1049 = ORIENTED_EDGE('',*,*,#574,.T.);
#1050 = PLANE('',#1051);
#1051 = AXIS2_PLACEMENT_3D('',#1052,#1053,#1054);
#1052 = CARTESIAN_POINT('',(-10.,-10.,0.));
#1053 = DIRECTION('',(-0.707106781187,-0.707106781187,0.));
#1054 = DIRECTION('',(-0.707106781187,0.707106781187,0.));
#1055 = ADVANCED_FACE('',(#1056),#1074,.F.);
#1056 = FACE_BOUND('',#1057,.F.);
#1057 = EDGE_LOOP('',(#1058,#1059,#1060,#1068));
#1058 = ORIENTED_EDGE('',*,*,#964,.F.);
#1059 = ORIENTED_EDGE('',*,*,#606,.T.);
#1060 = ORIENTED_EDGE('',*,*,#1061,.T.);
#1061 = EDGE_CURVE('',#607,#1062,#1064,.T.);
#1062 = VERTEX_POINT('',#1063);
#1063 = CARTESIAN_POINT('',(-2.,78.,55.));
#1064 = LINE('',#1065,#1066);
#1065 = CARTESIAN_POINT('',(-18.,78.,55.));
#1066 = VECTOR('',#1067,1.);
#1067 = DIRECTION('',(1.,0.,0.));
#1068 = ORIENTED_EDGE('',*,*,#1069,.T.);
#1069 = EDGE_CURVE('',#1062,#965,#1070,.T.);
#1070 = LINE('',#1071,#1072);
#1071 = CARTESIAN_POINT('',(-2.,78.,55.));
#1072 = VECTOR('',#1073,1.);
#1073 = DIRECTION('',(0.,-1.,0.));
#1074 = PLANE('',#1075);
#1075 = AXIS2_PLACEMENT_3D('',#1076,#1077,#1078);
#1076 = CARTESIAN_POINT('',(12.64,12.64,55.));
#1077 = DIRECTION('',(-0.,-0.,-1.));
#1078 = DIRECTION('',(-1.,0.,0.));
#1079 = ADVANCED_FACE('',(#1080,#1114),#1125,.T.);
#1080 = FACE_BOUND('',#1081,.T.);
#1081 = EDGE_LOOP('',(#1082,#1083,#1091,#1099,#1105,#1106,#1107,#1113));
#1082 = ORIENTED_EDGE('',*,*,#646,.T.);
#1083 = ORIENTED_EDGE('',*,*,#1084,.F.);
#1084 = EDGE_CURVE('',#1085,#639,#1087,.T.);
#1085 = VERTEX_POINT('',#1086);
#1086 = CARTESIAN_POINT('',(-34.,78.,-12.));
#1087 = LINE('',#1088,#1089);
#1088 = CARTESIAN_POINT('',(-34.,78.,-12.));
#1089 = VECTOR('',#1090,1.);
#1090 = DIRECTION('',(1.,0.,0.));
#1091 = ORIENTED_EDGE('',*,*,#1092,.T.);
#1092 = EDGE_CURVE('',#1085,#1093,#1095,.T.);
#1093 = VERTEX_POINT('',#1094);
#1094 = CARTESIAN_POINT('',(-34.,78.,12.));
#1095 = LINE('',#1096,#1097);
#1096 = CARTESIAN_POINT('',(-34.,78.,-12.));
#1097 = VECTOR('',#1098,1.);
#1098 = DIRECTION('',(0.,0.,1.));
#1099 = ORIENTED_EDGE('',*,*,#1100,.T.);
#1100 = EDGE_CURVE('',#1093,#615,#1101,.T.);
#1101 = LINE('',#1102,#1103);
#1102 = CARTESIAN_POINT('',(-34.,78.,12.));
#1103 = VECTOR('',#1104,1.);
#1104 = DIRECTION('',(1.,0.,0.));
#1105 = ORIENTED_EDGE('',*,*,#614,.T.);
#1106 = ORIENTED_EDGE('',*,*,#1061,.T.);
#1107 = ORIENTED_EDGE('',*,*,#1108,.F.);
#1108 = EDGE_CURVE('',#674,#1062,#1109,.T.);
#1109 = LINE('',#1110,#1111);
#1110 = CARTESIAN_POINT('',(-2.,78.,-55.));
#1111 = VECTOR('',#1112,1.);
#1112 = DIRECTION('',(0.,0.,1.));
#1113 = ORIENTED_EDGE('',*,*,#673,.F.);
#1114 = FACE_BOUND('',#1115,.T.);
#1115 = EDGE_LOOP('',(#1116));
#1116 = ORIENTED_EDGE('',*,*,#1117,.F.);
#1117 = EDGE_CURVE('',#1118,#1118,#1120,.T.);
#1118 = VERTEX_POINT('',#1119);
#1119 = CARTESIAN_POINT('',(-26.,78.,5.5));
#1120 = CIRCLE('',#1121,5.5);
#1121 = AXIS2_PLACEMENT_3D('',#1122,#1123,#1124);
#1122 = CARTESIAN_POINT('',(-26.,78.,0.));
#1123 = DIRECTION('',(0.,1.,0.));
#1124 = DIRECTION('',(0.,0.,1.));
#1125 = PLANE('',#1126);
#1126 = AXIS2_PLACEMENT_3D('',#1127,#1128,#1129);
#1127 = CARTESIAN_POINT('',(-13.15492957746,78.,0.));
#1128 = DIRECTION('',(0.,1.,0.));
#1129 = DIRECTION('',(0.,0.,1.));
#1130 = ADVANCED_FACE('',(#1131),#1149,.T.);
#1131 = FACE_BOUND('',#1132,.T.);
#1132 = EDGE_LOOP('',(#1133,#1141,#1147,#1148));
#1133 = ORIENTED_EDGE('',*,*,#1134,.F.);
#1134 = EDGE_CURVE('',#1135,#1093,#1137,.T.);
#1135 = VERTEX_POINT('',#1136);
#1136 = CARTESIAN_POINT('',(-34.,62.,12.));
#1137 = LINE('',#1138,#1139);
#1138 = CARTESIAN_POINT('',(-34.,62.,12.));
#1139 = VECTOR('',#1140,1.);
#1140 = DIRECTION('',(0.,1.,0.));
#1141 = ORIENTED_EDGE('',*,*,#1142,.T.);
#1142 = EDGE_CURVE('',#1135,#623,#1143,.T.);
#1143 = LINE('',#1144,#1145);
#1144 = CARTESIAN_POINT('',(-34.,62.,12.));
#1145 = VECTOR('',#1146,1.);
#1146 = DIRECTION('',(1.,0.,0.));
#1147 = ORIENTED_EDGE('',*,*,#622,.T.);
#1148 = ORIENTED_EDGE('',*,*,#1100,.F.);
#1149 = PLANE('',#1150);
#1150 = AXIS2_PLACEMENT_3D('',#1151,#1152,#1153);
#1151 = CARTESIAN_POINT('',(-34.,62.,12.));
#1152 = DIRECTION('',(0.,0.,1.));
#1153 = DIRECTION('',(1.,0.,0.));
#1154 = ADVANCED_FACE('',(#1155,#1173),#1184,.F.);
#1155 = FACE_BOUND('',#1156,.F.);
#1156 = EDGE_LOOP('',(#1157,#1165,#1171,#1172));
#1157 = ORIENTED_EDGE('',*,*,#1158,.F.);
#1158 = EDGE_CURVE('',#1159,#631,#1161,.T.);
#1159 = VERTEX_POINT('',#1160);
#1160 = CARTESIAN_POINT('',(-34.,62.,-12.));
#1161 = LINE('',#1162,#1163);
#1162 = CARTESIAN_POINT('',(-34.,62.,-12.));
#1163 = VECTOR('',#1164,1.);
#1164 = DIRECTION('',(1.,0.,0.));
#1165 = ORIENTED_EDGE('',*,*,#1166,.T.);
#1166 = EDGE_CURVE('',#1159,#1135,#1167,.T.);
#1167 = LINE('',#1168,#1169);
#1168 = CARTESIAN_POINT('',(-34.,62.,-12.));
#1169 = VECTOR('',#1170,1.);
#1170 = DIRECTION('',(0.,0.,1.));
#1171 = ORIENTED_EDGE('',*,*,#1142,.T.);
#1172 = ORIENTED_EDGE('',*,*,#630,.F.);
#1173 = FACE_BOUND('',#1174,.F.);
#1174 = EDGE_LOOP('',(#1175));
#1175 = ORIENTED_EDGE('',*,*,#1176,.F.);
#1176 = EDGE_CURVE('',#1177,#1177,#1179,.T.);
#1177 = VERTEX_POINT('',#1178);
#1178 = CARTESIAN_POINT('',(-26.,62.,5.5));
#1179 = CIRCLE('',#1180,5.5);
#1180 = AXIS2_PLACEMENT_3D('',#1181,#1182,#1183);
#1181 = CARTESIAN_POINT('',(-26.,62.,0.));
#1182 = DIRECTION('',(0.,1.,0.));
#1183 = DIRECTION('',(0.,0.,1.));
#1184 = PLANE('',#1185);
#1185 = AXIS2_PLACEMENT_3D('',#1186,#1187,#1188);
#1186 = CARTESIAN_POINT('',(-34.,62.,-12.));
#1187 = DIRECTION('',(0.,1.,0.));
#1188 = DIRECTION('',(0.,0.,1.));
#1189 = ADVANCED_FACE('',(#1190),#1201,.F.);
#1190 = FACE_BOUND('',#1191,.F.);
#1191 = EDGE_LOOP('',(#1192,#1198,#1199,#1200));
#1192 = ORIENTED_EDGE('',*,*,#1193,.F.);
#1193 = EDGE_CURVE('',#1159,#1085,#1194,.T.);
#1194 = LINE('',#1195,#1196);
#1195 = CARTESIAN_POINT('',(-34.,62.,-12.));
#1196 = VECTOR('',#1197,1.);
#1197 = DIRECTION('',(0.,1.,0.));
#1198 = ORIENTED_EDGE('',*,*,#1158,.T.);
#1199 = ORIENTED_EDGE('',*,*,#638,.T.);
#1200 = ORIENTED_EDGE('',*,*,#1084,.F.);
#1201 = PLANE('',#1202);
#1202 = AXIS2_PLACEMENT_3D('',#1203,#1204,#1205);
#1203 = CARTESIAN_POINT('',(-34.,62.,-12.));
#1204 = DIRECTION('',(0.,0.,1.));
#1205 = DIRECTION('',(1.,0.,0.));
#1206 = ADVANCED_FACE('',(#1207),#1219,.T.);
#1207 = FACE_BOUND('',#1208,.T.);
#1208 = EDGE_LOOP('',(#1209,#1210,#1211,#1212,#1218));
#1209 = ORIENTED_EDGE('',*,*,#1108,.T.);
#1210 = ORIENTED_EDGE('',*,*,#1069,.T.);
#1211 = ORIENTED_EDGE('',*,*,#993,.T.);
#1212 = ORIENTED_EDGE('',*,*,#1213,.F.);
#1213 = EDGE_CURVE('',#682,#994,#1214,.T.);
#1214 = LINE('',#1215,#1216);
#1215 = CARTESIAN_POINT('',(-2.,6.,-55.));
#1216 = VECTOR('',#1217,1.);
#1217 = DIRECTION('',(0.,0.,1.));
#1218 = ORIENTED_EDGE('',*,*,#681,.F.);
#1219 = PLANE('',#1220);
#1220 = AXIS2_PLACEMENT_3D('',#1221,#1222,#1223);
#1221 = CARTESIAN_POINT('',(-2.,78.,-55.));
#1222 = DIRECTION('',(1.,0.,0.));
#1223 = DIRECTION('',(0.,-1.,0.));
#1224 = ADVANCED_FACE('',(#1225),#1236,.T.);
#1225 = FACE_BOUND('',#1226,.T.);
#1226 = EDGE_LOOP('',(#1227,#1228,#1229,#1235));
#1227 = ORIENTED_EDGE('',*,*,#1213,.T.);
#1228 = ORIENTED_EDGE('',*,*,#1001,.T.);
#1229 = ORIENTED_EDGE('',*,*,#1230,.F.);
#1230 = EDGE_CURVE('',#690,#1002,#1231,.T.);
#1231 = LINE('',#1232,#1233);
#1232 = CARTESIAN_POINT('',(-6.,6.,-55.));
#1233 = VECTOR('',#1234,1.);
#1234 = DIRECTION('',(0.,0.,1.));
#1235 = ORIENTED_EDGE('',*,*,#689,.F.);
#1236 = PLANE('',#1237);
#1237 = AXIS2_PLACEMENT_3D('',#1238,#1239,#1240);
#1238 = CARTESIAN_POINT('',(-2.,6.,-55.));
#1239 = DIRECTION('',(0.,-1.,0.));
#1240 = DIRECTION('',(-1.,0.,0.));
#1241 = ADVANCED_FACE('',(#1242),#1253,.T.);
#1242 = FACE_BOUND('',#1243,.T.);
#1243 = EDGE_LOOP('',(#1244,#1245,#1246,#1252));
#1244 = ORIENTED_EDGE('',*,*,#1230,.T.);
#1245 = ORIENTED_EDGE('',*,*,#1009,.T.);
#1246 = ORIENTED_EDGE('',*,*,#1247,.F.);
#1247 = EDGE_CURVE('',#698,#1010,#1248,.T.);
#1248 = LINE('',#1249,#1250);
#1249 = CARTESIAN_POINT('',(-6.,-6.,-55.));
#1250 = VECTOR('',#1251,1.);
#1251 = DIRECTION('',(0.,0.,1.));
#1252 = ORIENTED_EDGE('',*,*,#697,.F.);
#1253 = PLANE('',#1254);
#1254 = AXIS2_PLACEMENT_3D('',#1255,#1256,#1257);
#1255 = CARTESIAN_POINT('',(-6.,6.,-55.));
#1256 = DIRECTION('',(1.,0.,0.));
#1257 = DIRECTION('',(0.,-1.,0.));
#1258 = ADVANCED_FACE('',(#1259),#1270,.T.);
#1259 = FACE_BOUND('',#1260,.T.);
#1260 = EDGE_LOOP('',(#1261,#1262,#1263,#1269));
#1261 = ORIENTED_EDGE('',*,*,#1247,.T.);
#1262 = ORIENTED_EDGE('',*,*,#1017,.T.);
#1263 = ORIENTED_EDGE('',*,*,#1264,.F.);
#1264 = EDGE_CURVE('',#706,#1018,#1265,.T.);
#1265 = LINE('',#1266,#1267);
#1266 = CARTESIAN_POINT('',(6.,-6.,-55.));
#1267 = VECTOR('',#1268,1.);
#1268 = DIRECTION('',(0.,0.,1.));
#1269 = ORIENTED_EDGE('',*,*,#705,.F.);
#1270 = PLANE('',#1271);
#1271 = AXIS2_PLACEMENT_3D('',#1272,#1273,#1274);
#1272 = CARTESIAN_POINT('',(-6.,-6.,-55.));
#1273 = DIRECTION('',(0.,1.,0.));
#1274 = DIRECTION('',(1.,0.,0.));
#1275 = ADVANCED_FACE('',(#1276),#1287,.T.);
#1276 = FACE_BOUND('',#1277,.T.);
#1277 = EDGE_LOOP('',(#1278,#1279,#1280,#1286));
#1278 = ORIENTED_EDGE('',*,*,#1264,.T.);
#1279 = ORIENTED_EDGE('',*,*,#1025,.T.);
#1280 = ORIENTED_EDGE('',*,*,#1281,.F.);
#1281 = EDGE_CURVE('',#714,#1026,#1282,.T.);
#1282 = LINE('',#1283,#1284);
#1283 = CARTESIAN_POINT('',(6.,-2.,-55.));
#1284 = VECTOR('',#1285,1.);
#1285 = DIRECTION('',(0.,0.,1.));
#1286 = ORIENTED_EDGE('',*,*,#713,.F.);
#1287 = PLANE('',#1288);
#1288 = AXIS2_PLACEMENT_3D('',#1289,#1290,#1291);
#1289 = CARTESIAN_POINT('',(6.,-6.,-55.));
#1290 = DIRECTION('',(-1.,0.,0.));
#1291 = DIRECTION('',(0.,1.,0.));
#1292 = ADVANCED_FACE('',(#1293),#1300,.T.);
#1293 = FACE_BOUND('',#1294,.T.);
#1294 = EDGE_LOOP('',(#1295,#1296,#1297,#1298,#1299));
#1295 = ORIENTED_EDGE('',*,*,#1281,.T.);
#1296 = ORIENTED_EDGE('',*,*,#1033,.T.);
#1297 = ORIENTED_EDGE('',*,*,#869,.T.);
#1298 = ORIENTED_EDGE('',*,*,#735,.F.);
#1299 = ORIENTED_EDGE('',*,*,#721,.F.);
#1300 = PLANE('',#1301);
#1301 = AXIS2_PLACEMENT_3D('',#1302,#1303,#1304);
#1302 = CARTESIAN_POINT('',(6.,-2.,-55.));
#1303 = DIRECTION('',(0.,1.,0.));
#1304 = DIRECTION('',(1.,0.,0.));
#1305 = ADVANCED_FACE('',(#1306),#1312,.F.);
#1306 = FACE_BOUND('',#1307,.F.);
#1307 = EDGE_LOOP('',(#1308,#1309,#1310,#1311));
#1308 = ORIENTED_EDGE('',*,*,#801,.F.);
#1309 = ORIENTED_EDGE('',*,*,#817,.T.);
#1310 = ORIENTED_EDGE('',*,*,#853,.T.);
#1311 = ORIENTED_EDGE('',*,*,#758,.F.);
#1312 = PLANE('',#1313);
#1313 = AXIS2_PLACEMENT_3D('',#1314,#1315,#1316);
#1314 = CARTESIAN_POINT('',(62.,-34.,-12.));
#1315 = DIRECTION('',(0.,1.,0.));
#1316 = DIRECTION('',(0.,0.,1.));
#1317 = ADVANCED_FACE('',(#1318),#1329,.F.);
#1318 = FACE_BOUND('',#1319,.F.);
#1319 = EDGE_LOOP('',(#1320,#1321,#1327,#1328));
#1320 = ORIENTED_EDGE('',*,*,#776,.F.);
#1321 = ORIENTED_EDGE('',*,*,#1322,.F.);
#1322 = EDGE_CURVE('',#836,#777,#1323,.T.);
#1323 = LINE('',#1324,#1325);
#1324 = CARTESIAN_POINT('',(50.,-26.,5.5));
#1325 = VECTOR('',#1326,1.);
#1326 = DIRECTION('',(1.,0.,0.));
#1327 = ORIENTED_EDGE('',*,*,#835,.T.);
#1328 = ORIENTED_EDGE('',*,*,#1322,.T.);
#1329 = CYLINDRICAL_SURFACE('',#1330,5.5);
#1330 = AXIS2_PLACEMENT_3D('',#1331,#1332,#1333);
#1331 = CARTESIAN_POINT('',(50.,-26.,0.));
#1332 = DIRECTION('',(1.,0.,0.));
#1333 = DIRECTION('',(0.,0.,1.));
#1334 = ADVANCED_FACE('',(#1335),#1338,.T.);
#1335 = FACE_BOUND('',#1336,.T.);
#1336 = EDGE_LOOP('',(#1337));
#1337 = ORIENTED_EDGE('',*,*,#913,.T.);
#1338 = PLANE('',#1339);
#1339 = AXIS2_PLACEMENT_3D('',#1340,#1341,#1342);
#1340 = CARTESIAN_POINT('',(-28.03122292025,-28.03122292025,0.));
#1341 = DIRECTION('',(-0.707106781187,-0.707106781187,0.));
#1342 = DIRECTION('',(-0.707106781187,0.707106781187,0.));
#1343 = ADVANCED_FACE('',(#1344),#1350,.F.);
#1344 = FACE_BOUND('',#1345,.F.);
#1345 = EDGE_LOOP('',(#1346,#1347,#1348,#1349));
#1346 = ORIENTED_EDGE('',*,*,#1166,.F.);
#1347 = ORIENTED_EDGE('',*,*,#1193,.T.);
#1348 = ORIENTED_EDGE('',*,*,#1092,.T.);
#1349 = ORIENTED_EDGE('',*,*,#1134,.F.);
#1350 = PLANE('',#1351);
#1351 = AXIS2_PLACEMENT_3D('',#1352,#1353,#1354);
#1352 = CARTESIAN_POINT('',(-34.,62.,-12.));
#1353 = DIRECTION('',(1.,0.,0.));
#1354 = DIRECTION('',(0.,0.,1.));
#1355 = ADVANCED_FACE('',(#1356),#1367,.F.);
#1356 = FACE_BOUND('',#1357,.F.);
#1357 = EDGE_LOOP('',(#1358,#1359,#1365,#1366));
#1358 = ORIENTED_EDGE('',*,*,#1117,.F.);
#1359 = ORIENTED_EDGE('',*,*,#1360,.F.);
#1360 = EDGE_CURVE('',#1177,#1118,#1361,.T.);
#1361 = LINE('',#1362,#1363);
#1362 = CARTESIAN_POINT('',(-26.,50.,5.5));
#1363 = VECTOR('',#1364,1.);
#1364 = DIRECTION('',(0.,1.,0.));
#1365 = ORIENTED_EDGE('',*,*,#1176,.T.);
#1366 = ORIENTED_EDGE('',*,*,#1360,.T.);
#1367 = CYLINDRICAL_SURFACE('',#1368,5.5);
#1368 = AXIS2_PLACEMENT_3D('',#1369,#1370,#1371);
#1369 = CARTESIAN_POINT('',(-26.,50.,0.));
#1370 = DIRECTION('',(0.,1.,0.));
#1371 = DIRECTION('',(0.,0.,1.));
#1372 = MANIFOLD_SOLID_BREP('',#1373);
#1373 = CLOSED_SHELL('',(#1374,#1414,#1454,#1476,#1498,#1510));
#1374 = ADVANCED_FACE('',(#1375),#1409,.F.);
#1375 = FACE_BOUND('',#1376,.F.);
#1376 = EDGE_LOOP('',(#1377,#1387,#1395,#1403));
#1377 = ORIENTED_EDGE('',*,*,#1378,.F.);
#1378 = EDGE_CURVE('',#1379,#1381,#1383,.T.);
#1379 = VERTEX_POINT('',#1380);
#1380 = CARTESIAN_POINT('',(8.,-2.,-50.));
#1381 = VERTEX_POINT('',#1382);
#1382 = CARTESIAN_POINT('',(8.,-2.,50.));
#1383 = LINE('',#1384,#1385);
#1384 = CARTESIAN_POINT('',(8.,-2.,-50.));
#1385 = VECTOR('',#1386,1.);
#1386 = DIRECTION('',(0.,0.,1.));
#1387 = ORIENTED_EDGE('',*,*,#1388,.T.);
#1388 = EDGE_CURVE('',#1379,#1389,#1391,.T.);
#1389 = VERTEX_POINT('',#1390);
#1390 = CARTESIAN_POINT('',(8.,0.,-50.));
#1391 = LINE('',#1392,#1393);
#1392 = CARTESIAN_POINT('',(8.,-2.,-50.));
#1393 = VECTOR('',#1394,1.);
#1394 = DIRECTION('',(0.,1.,0.));
#1395 = ORIENTED_EDGE('',*,*,#1396,.T.);
#1396 = EDGE_CURVE('',#1389,#1397,#1399,.T.);
#1397 = VERTEX_POINT('',#1398);
#1398 = CARTESIAN_POINT('',(8.,0.,50.));
#1399 = LINE('',#1400,#1401);
#1400 = CARTESIAN_POINT('',(8.,0.,-50.));
#1401 = VECTOR('',#1402,1.);
#1402 = DIRECTION('',(0.,0.,1.));
#1403 = ORIENTED_EDGE('',*,*,#1404,.F.);
#1404 = EDGE_CURVE('',#1381,#1397,#1405,.T.);
#1405 = LINE('',#1406,#1407);
#1406 = CARTESIAN_POINT('',(8.,-2.,50.));
#1407 = VECTOR('',#1408,1.);
#1408 = DIRECTION('',(0.,1.,0.));
#1409 = PLANE('',#1410);
#1410 = AXIS2_PLACEMENT_3D('',#1411,#1412,#1413);
#1411 = CARTESIAN_POINT('',(8.,-2.,-50.));
#1412 = DIRECTION('',(1.,0.,0.));
#1413 = DIRECTION('',(0.,0.,1.));
#1414 = ADVANCED_FACE('',(#1415),#1449,.T.);
#1415 = FACE_BOUND('',#1416,.T.);
#1416 = EDGE_LOOP('',(#1417,#1427,#1435,#1443));
#1417 = ORIENTED_EDGE('',*,*,#1418,.F.);
#1418 = EDGE_CURVE('',#1419,#1421,#1423,.T.);
#1419 = VERTEX_POINT('',#1420);
#1420 = CARTESIAN_POINT('',(74.,-2.,-50.));
#1421 = VERTEX_POINT('',#1422);
#1422 = CARTESIAN_POINT('',(74.,-2.,50.));
#1423 = LINE('',#1424,#1425);
#1424 = CARTESIAN_POINT('',(74.,-2.,-50.));
#1425 = VECTOR('',#1426,1.);
#1426 = DIRECTION('',(0.,0.,1.));
#1427 = ORIENTED_EDGE('',*,*,#1428,.T.);
#1428 = EDGE_CURVE('',#1419,#1429,#1431,.T.);
#1429 = VERTEX_POINT('',#1430);
#1430 = CARTESIAN_POINT('',(74.,0.,-50.));
#1431 = LINE('',#1432,#1433);
#1432 = CARTESIAN_POINT('',(74.,-2.,-50.));
#1433 = VECTOR('',#1434,1.);
#1434 = DIRECTION('',(0.,1.,0.));
#1435 = ORIENTED_EDGE('',*,*,#1436,.T.);
#1436 = EDGE_CURVE('',#1429,#1437,#1439,.T.);
#1437 = VERTEX_POINT('',#1438);
#1438 = CARTESIAN_POINT('',(74.,0.,50.));
#1439 = LINE('',#1440,#1441);
#1440 = CARTESIAN_POINT('',(74.,0.,-50.));
#1441 = VECTOR('',#1442,1.);
#1442 = DIRECTION('',(0.,0.,1.));
#1443 = ORIENTED_EDGE('',*,*,#1444,.F.);
#1444 = EDGE_CURVE('',#1421,#1437,#1445,.T.);
#1445 = LINE('',#1446,#1447);
#1446 = CARTESIAN_POINT('',(74.,-2.,50.));
#1447 = VECTOR('',#1448,1.);
#1448 = DIRECTION('',(0.,1.,0.));
#1449 = PLANE('',#1450);
#1450 = AXIS2_PLACEMENT_3D('',#1451,#1452,#1453);
#1451 = CARTESIAN_POINT('',(74.,-2.,-50.));
#1452 = DIRECTION('',(1.,0.,0.));
#1453 = DIRECTION('',(0.,0.,1.));
#1454 = ADVANCED_FACE('',(#1455),#1471,.F.);
#1455 = FACE_BOUND('',#1456,.F.);
#1456 = EDGE_LOOP('',(#1457,#1463,#1464,#1470));
#1457 = ORIENTED_EDGE('',*,*,#1458,.F.);
#1458 = EDGE_CURVE('',#1379,#1419,#1459,.T.);
#1459 = LINE('',#1460,#1461);
#1460 = CARTESIAN_POINT('',(8.,-2.,-50.));
#1461 = VECTOR('',#1462,1.);
#1462 = DIRECTION('',(1.,0.,0.));
#1463 = ORIENTED_EDGE('',*,*,#1378,.T.);
#1464 = ORIENTED_EDGE('',*,*,#1465,.T.);
#1465 = EDGE_CURVE('',#1381,#1421,#1466,.T.);
#1466 = LINE('',#1467,#1468);
#1467 = CARTESIAN_POINT('',(8.,-2.,50.));
#1468 = VECTOR('',#1469,1.);
#1469 = DIRECTION('',(1.,0.,0.));
#1470 = ORIENTED_EDGE('',*,*,#1418,.F.);
#1471 = PLANE('',#1472);
#1472 = AXIS2_PLACEMENT_3D('',#1473,#1474,#1475);
#1473 = CARTESIAN_POINT('',(8.,-2.,-50.));
#1474 = DIRECTION('',(0.,1.,0.));
#1475 = DIRECTION('',(0.,0.,1.));
#1476 = ADVANCED_FACE('',(#1477),#1493,.T.);
#1477 = FACE_BOUND('',#1478,.T.);
#1478 = EDGE_LOOP('',(#1479,#1485,#1486,#1492));
#1479 = ORIENTED_EDGE('',*,*,#1480,.F.);
#1480 = EDGE_CURVE('',#1389,#1429,#1481,.T.);
#1481 = LINE('',#1482,#1483);
#1482 = CARTESIAN_POINT('',(8.,0.,-50.));
#1483 = VECTOR('',#1484,1.);
#1484 = DIRECTION('',(1.,0.,0.));
#1485 = ORIENTED_EDGE('',*,*,#1396,.T.);
#1486 = ORIENTED_EDGE('',*,*,#1487,.T.);
#1487 = EDGE_CURVE('',#1397,#1437,#1488,.T.);
#1488 = LINE('',#1489,#1490);
#1489 = CARTESIAN_POINT('',(8.,0.,50.));
#1490 = VECTOR('',#1491,1.);
#1491 = DIRECTION('',(1.,0.,0.));
#1492 = ORIENTED_EDGE('',*,*,#1436,.F.);
#1493 = PLANE('',#1494);
#1494 = AXIS2_PLACEMENT_3D('',#1495,#1496,#1497);
#1495 = CARTESIAN_POINT('',(8.,0.,-50.));
#1496 = DIRECTION('',(0.,1.,0.));
#1497 = DIRECTION('',(0.,0.,1.));
#1498 = ADVANCED_FACE('',(#1499),#1505,.F.);
#1499 = FACE_BOUND('',#1500,.F.);
#1500 = EDGE_LOOP('',(#1501,#1502,#1503,#1504));
#1501 = ORIENTED_EDGE('',*,*,#1388,.F.);
#1502 = ORIENTED_EDGE('',*,*,#1458,.T.);
#1503 = ORIENTED_EDGE('',*,*,#1428,.T.);
#1504 = ORIENTED_EDGE('',*,*,#1480,.F.);
#1505 = PLANE('',#1506);
#1506 = AXIS2_PLACEMENT_3D('',#1507,#1508,#1509);
#1507 = CARTESIAN_POINT('',(8.,-2.,-50.));
#1508 = DIRECTION('',(0.,0.,1.));
#1509 = DIRECTION('',(1.,0.,0.));
#1510 = ADVANCED_FACE('',(#1511),#1517,.T.);
#1511 = FACE_BOUND('',#1512,.T.);
#1512 = EDGE_LOOP('',(#1513,#1514,#1515,#1516));
#1513 = ORIENTED_EDGE('',*,*,#1404,.F.);
#1514 = ORIENTED_EDGE('',*,*,#1465,.T.);
#1515 = ORIENTED_EDGE('',*,*,#1444,.T.);
#1516 = ORIENTED_EDGE('',*,*,#1487,.F.);
#1517 = PLANE('',#1518);
#1518 = AXIS2_PLACEMENT_3D('',#1519,#1520,#1521);
#1519 = CARTESIAN_POINT('',(8.,-2.,50.));
#1520 = DIRECTION('',(0.,0.,1.));
#1521 = DIRECTION('',(1.,0.,0.));
#1522 = MANIFOLD_SOLID_BREP('',#1523);
#1523 = CLOSED_SHELL('',(#1524,#1564,#1604,#1626,#1648,#1660));
#1524 = ADVANCED_FACE('',(#1525),#1559,.F.);
#1525 = FACE_BOUND('',#1526,.F.);
#1526 = EDGE_LOOP('',(#1527,#1537,#1545,#1553));
#1527 = ORIENTED_EDGE('',*,*,#1528,.F.);
#1528 = EDGE_CURVE('',#1529,#1531,#1533,.T.);
#1529 = VERTEX_POINT('',#1530);
#1530 = CARTESIAN_POINT('',(-2.,8.,-50.));
#1531 = VERTEX_POINT('',#1532);
#1532 = CARTESIAN_POINT('',(-2.,8.,50.));
#1533 = LINE('',#1534,#1535);
#1534 = CARTESIAN_POINT('',(-2.,8.,-50.));
#1535 = VECTOR('',#1536,1.);
#1536 = DIRECTION('',(0.,0.,1.));
#1537 = ORIENTED_EDGE('',*,*,#1538,.T.);
#1538 = EDGE_CURVE('',#1529,#1539,#1541,.T.);
#1539 = VERTEX_POINT('',#1540);
#1540 = CARTESIAN_POINT('',(-2.,74.,-50.));
#1541 = LINE('',#1542,#1543);
#1542 = CARTESIAN_POINT('',(-2.,8.,-50.));
#1543 = VECTOR('',#1544,1.);
#1544 = DIRECTION('',(0.,1.,0.));
#1545 = ORIENTED_EDGE('',*,*,#1546,.T.);
#1546 = EDGE_CURVE('',#1539,#1547,#1549,.T.);
#1547 = VERTEX_POINT('',#1548);
#1548 = CARTESIAN_POINT('',(-2.,74.,50.));
#1549 = LINE('',#1550,#1551);
#1550 = CARTESIAN_POINT('',(-2.,74.,-50.));
#1551 = VECTOR('',#1552,1.);
#1552 = DIRECTION('',(0.,0.,1.));
#1553 = ORIENTED_EDGE('',*,*,#1554,.F.);
#1554 = EDGE_CURVE('',#1531,#1547,#1555,.T.);
#1555 = LINE('',#1556,#1557);
#1556 = CARTESIAN_POINT('',(-2.,8.,50.));
#1557 = VECTOR('',#1558,1.);
#1558 = DIRECTION('',(0.,1.,0.));
#1559 = PLANE('',#1560);
#1560 = AXIS2_PLACEMENT_3D('',#1561,#1562,#1563);
#1561 = CARTESIAN_POINT('',(-2.,8.,-50.));
#1562 = DIRECTION('',(1.,0.,0.));
#1563 = DIRECTION('',(0.,0.,1.));
#1564 = ADVANCED_FACE('',(#1565),#1599,.T.);
#1565 = FACE_BOUND('',#1566,.T.);
#1566 = EDGE_LOOP('',(#1567,#1577,#1585,#1593));
#1567 = ORIENTED_EDGE('',*,*,#1568,.F.);
#1568 = EDGE_CURVE('',#1569,#1571,#1573,.T.);
#1569 = VERTEX_POINT('',#1570);
#1570 = CARTESIAN_POINT('',(0.,8.,-50.));
#1571 = VERTEX_POINT('',#1572);
#1572 = CARTESIAN_POINT('',(0.,8.,50.));
#1573 = LINE('',#1574,#1575);
#1574 = CARTESIAN_POINT('',(0.,8.,-50.));
#1575 = VECTOR('',#1576,1.);
#1576 = DIRECTION('',(0.,0.,1.));
#1577 = ORIENTED_EDGE('',*,*,#1578,.T.);
#1578 = EDGE_CURVE('',#1569,#1579,#1581,.T.);
#1579 = VERTEX_POINT('',#1580);
#1580 = CARTESIAN_POINT('',(0.,74.,-50.));
#1581 = LINE('',#1582,#1583);
#1582 = CARTESIAN_POINT('',(0.,8.,-50.));
#1583 = VECTOR('',#1584,1.);
#1584 = DIRECTION('',(0.,1.,0.));
#1585 = ORIENTED_EDGE('',*,*,#1586,.T.);
#1586 = EDGE_CURVE('',#1579,#1587,#1589,.T.);
#1587 = VERTEX_POINT('',#1588);
#1588 = CARTESIAN_POINT('',(0.,74.,50.));
#1589 = LINE('',#1590,#1591);
#1590 = CARTESIAN_POINT('',(0.,74.,-50.));
#1591 = VECTOR('',#1592,1.);
#1592 = DIRECTION('',(0.,0.,1.));
#1593 = ORIENTED_EDGE('',*,*,#1594,.F.);
#1594 = EDGE_CURVE('',#1571,#1587,#1595,.T.);
#1595 = LINE('',#1596,#1597);
#1596 = CARTESIAN_POINT('',(0.,8.,50.));
#1597 = VECTOR('',#1598,1.);
#1598 = DIRECTION('',(0.,1.,0.));
#1599 = PLANE('',#1600);
#1600 = AXIS2_PLACEMENT_3D('',#1601,#1602,#1603);
#1601 = CARTESIAN_POINT('',(0.,8.,-50.));
#1602 = DIRECTION('',(1.,0.,0.));
#1603 = DIRECTION('',(0.,0.,1.));
#1604 = ADVANCED_FACE('',(#1605),#1621,.F.);
#1605 = FACE_BOUND('',#1606,.F.);
#1606 = EDGE_LOOP('',(#1607,#1613,#1614,#1620));
#1607 = ORIENTED_EDGE('',*,*,#1608,.F.);
#1608 = EDGE_CURVE('',#1529,#1569,#1609,.T.);
#1609 = LINE('',#1610,#1611);
#1610 = CARTESIAN_POINT('',(-2.,8.,-50.));
#1611 = VECTOR('',#1612,1.);
#1612 = DIRECTION('',(1.,0.,0.));
#1613 = ORIENTED_EDGE('',*,*,#1528,.T.);
#1614 = ORIENTED_EDGE('',*,*,#1615,.T.);
#1615 = EDGE_CURVE('',#1531,#1571,#1616,.T.);
#1616 = LINE('',#1617,#1618);
#1617 = CARTESIAN_POINT('',(-2.,8.,50.));
#1618 = VECTOR('',#1619,1.);
#1619 = DIRECTION('',(1.,0.,0.));
#1620 = ORIENTED_EDGE('',*,*,#1568,.F.);
#1621 = PLANE('',#1622);
#1622 = AXIS2_PLACEMENT_3D('',#1623,#1624,#1625);
#1623 = CARTESIAN_POINT('',(-2.,8.,-50.));
#1624 = DIRECTION('',(0.,1.,0.));
#1625 = DIRECTION('',(0.,0.,1.));
#1626 = ADVANCED_FACE('',(#1627),#1643,.T.);
#1627 = FACE_BOUND('',#1628,.T.);
#1628 = EDGE_LOOP('',(#1629,#1635,#1636,#1642));
#1629 = ORIENTED_EDGE('',*,*,#1630,.F.);
#1630 = EDGE_CURVE('',#1539,#1579,#1631,.T.);
#1631 = LINE('',#1632,#1633);
#1632 = CARTESIAN_POINT('',(-2.,74.,-50.));
#1633 = VECTOR('',#1634,1.);
#1634 = DIRECTION('',(1.,0.,0.));
#1635 = ORIENTED_EDGE('',*,*,#1546,.T.);
#1636 = ORIENTED_EDGE('',*,*,#1637,.T.);
#1637 = EDGE_CURVE('',#1547,#1587,#1638,.T.);
#1638 = LINE('',#1639,#1640);
#1639 = CARTESIAN_POINT('',(-2.,74.,50.));
#1640 = VECTOR('',#1641,1.);
#1641 = DIRECTION('',(1.,0.,0.));
#1642 = ORIENTED_EDGE('',*,*,#1586,.F.);
#1643 = PLANE('',#1644);
#1644 = AXIS2_PLACEMENT_3D('',#1645,#1646,#1647);
#1645 = CARTESIAN_POINT('',(-2.,74.,-50.));
#1646 = DIRECTION('',(0.,1.,0.));
#1647 = DIRECTION('',(0.,0.,1.));
#1648 = ADVANCED_FACE('',(#1649),#1655,.F.);
#1649 = FACE_BOUND('',#1650,.F.);
#1650 = EDGE_LOOP('',(#1651,#1652,#1653,#1654));
#1651 = ORIENTED_EDGE('',*,*,#1538,.F.);
#1652 = ORIENTED_EDGE('',*,*,#1608,.T.);
#1653 = ORIENTED_EDGE('',*,*,#1578,.T.);
#1654 = ORIENTED_EDGE('',*,*,#1630,.F.);
#1655 = PLANE('',#1656);
#1656 = AXIS2_PLACEMENT_3D('',#1657,#1658,#1659);
#1657 = CARTESIAN_POINT('',(-2.,8.,-50.));
#1658 = DIRECTION('',(0.,0.,1.));
#1659 = DIRECTION('',(1.,0.,0.));
#1660 = ADVANCED_FACE('',(#1661),#1667,.T.);
#1661 = FACE_BOUND('',#1662,.T.);
#1662 = EDGE_LOOP('',(#1663,#1664,#1665,#1666));
#1663 = ORIENTED_EDGE('',*,*,#1554,.F.);
#1664 = ORIENTED_EDGE('',*,*,#1615,.T.);
#1665 = ORIENTED_EDGE('',*,*,#1594,.T.);
#1666 = ORIENTED_EDGE('',*,*,#1637,.F.);
#1667 = PLANE('',#1668);
#1668 = AXIS2_PLACEMENT_3D('',#1669,#1670,#1671);
#1669 = CARTESIAN_POINT('',(-2.,8.,50.));
#1670 = DIRECTION('',(0.,0.,1.));
#1671 = DIRECTION('',(1.,0.,0.));
#1672 = MANIFOLD_SOLID_BREP('',#1673);
#1673 = CLOSED_SHELL('',(#1674,#1707,#1716));
#1674 = ADVANCED_FACE('',(#1675),#1702,.T.);
#1675 = FACE_BOUND('',#1676,.T.);
#1676 = EDGE_LOOP('',(#1677,#1686,#1694,#1701));
#1677 = ORIENTED_EDGE('',*,*,#1678,.F.);
#1678 = EDGE_CURVE('',#1679,#1679,#1681,.T.);
#1679 = VERTEX_POINT('',#1680);
#1680 = CARTESIAN_POINT('',(130.,-26.,5.));
#1681 = CIRCLE('',#1682,5.);
#1682 = AXIS2_PLACEMENT_3D('',#1683,#1684,#1685);
#1683 = CARTESIAN_POINT('',(130.,-26.,0.));
#1684 = DIRECTION('',(1.,0.,-0.));
#1685 = DIRECTION('',(0.,0.,1.));
#1686 = ORIENTED_EDGE('',*,*,#1687,.F.);
#1687 = EDGE_CURVE('',#1688,#1679,#1690,.T.);
#1688 = VERTEX_POINT('',#1689);
#1689 = CARTESIAN_POINT('',(40.,-26.,5.));
#1690 = LINE('',#1691,#1692);
#1691 = CARTESIAN_POINT('',(40.,-26.,5.));
#1692 = VECTOR('',#1693,1.);
#1693 = DIRECTION('',(1.,0.,0.));
#1694 = ORIENTED_EDGE('',*,*,#1695,.T.);
#1695 = EDGE_CURVE('',#1688,#1688,#1696,.T.);
#1696 = CIRCLE('',#1697,5.);
#1697 = AXIS2_PLACEMENT_3D('',#1698,#1699,#1700);
#1698 = CARTESIAN_POINT('',(40.,-26.,0.));
#1699 = DIRECTION('',(1.,0.,-0.));
#1700 = DIRECTION('',(0.,0.,1.));
#1701 = ORIENTED_EDGE('',*,*,#1687,.T.);
#1702 = CYLINDRICAL_SURFACE('',#1703,5.);
#1703 = AXIS2_PLACEMENT_3D('',#1704,#1705,#1706);
#1704 = CARTESIAN_POINT('',(40.,-26.,0.));
#1705 = DIRECTION('',(1.,0.,0.));
#1706 = DIRECTION('',(0.,0.,1.));
#1707 = ADVANCED_FACE('',(#1708),#1711,.T.);
#1708 = FACE_BOUND('',#1709,.T.);
#1709 = EDGE_LOOP('',(#1710));
#1710 = ORIENTED_EDGE('',*,*,#1678,.T.);
#1711 = PLANE('',#1712);
#1712 = AXIS2_PLACEMENT_3D('',#1713,#1714,#1715);
#1713 = CARTESIAN_POINT('',(130.,-26.,0.));
#1714 = DIRECTION('',(1.,0.,0.));
#1715 = DIRECTION('',(0.,0.,1.));
#1716 = ADVANCED_FACE('',(#1717),#1720,.F.);
#1717 = FACE_BOUND('',#1718,.T.);
#1718 = EDGE_LOOP('',(#1719));
#1719 = ORIENTED_EDGE('',*,*,#1695,.F.);
#1720 = PLANE('',#1721);
#1721 = AXIS2_PLACEMENT_3D('',#1722,#1723,#1724);
#1722 = CARTESIAN_POINT('',(40.,-26.,0.));
#1723 = DIRECTION('',(1.,0.,0.));
#1724 = DIRECTION('',(0.,0.,1.));
#1725 = MANIFOLD_SOLID_BREP('',#1726);
#1726 = CLOSED_SHELL('',(#1727,#1778,#1825,#1849,#1873,#1906,#1931,#1951
    ,#1968));
#1727 = ADVANCED_FACE('',(#1728,#1762),#1773,.F.);
#1728 = FACE_BOUND('',#1729,.F.);
#1729 = EDGE_LOOP('',(#1730,#1740,#1748,#1756));
#1730 = ORIENTED_EDGE('',*,*,#1731,.F.);
#1731 = EDGE_CURVE('',#1732,#1734,#1736,.T.);
#1732 = VERTEX_POINT('',#1733);
#1733 = CARTESIAN_POINT('',(102.,-34.,12.));
#1734 = VERTEX_POINT('',#1735);
#1735 = CARTESIAN_POINT('',(102.,8.,12.));
#1736 = LINE('',#1737,#1738);
#1737 = CARTESIAN_POINT('',(102.,-34.,12.));
#1738 = VECTOR('',#1739,1.);
#1739 = DIRECTION('',(0.,1.,0.));
#1740 = ORIENTED_EDGE('',*,*,#1741,.F.);
#1741 = EDGE_CURVE('',#1742,#1732,#1744,.T.);
#1742 = VERTEX_POINT('',#1743);
#1743 = CARTESIAN_POINT('',(102.,-34.,-12.));
#1744 = LINE('',#1745,#1746);
#1745 = CARTESIAN_POINT('',(102.,-34.,-12.));
#1746 = VECTOR('',#1747,1.);
#1747 = DIRECTION('',(0.,0.,1.));
#1748 = ORIENTED_EDGE('',*,*,#1749,.T.);
#1749 = EDGE_CURVE('',#1742,#1750,#1752,.T.);
#1750 = VERTEX_POINT('',#1751);
#1751 = CARTESIAN_POINT('',(102.,8.,-12.));
#1752 = LINE('',#1753,#1754);
#1753 = CARTESIAN_POINT('',(102.,-34.,-12.));
#1754 = VECTOR('',#1755,1.);
#1755 = DIRECTION('',(0.,1.,0.));
#1756 = ORIENTED_EDGE('',*,*,#1757,.T.);
#1757 = EDGE_CURVE('',#1750,#1734,#1758,.T.);
#1758 = LINE('',#1759,#1760);
#1759 = CARTESIAN_POINT('',(102.,8.,-12.));
#1760 = VECTOR('',#1761,1.);
#1761 = DIRECTION('',(0.,0.,1.));
#1762 = FACE_BOUND('',#1763,.F.);
#1763 = EDGE_LOOP('',(#1764));
#1764 = ORIENTED_EDGE('',*,*,#1765,.F.);
#1765 = EDGE_CURVE('',#1766,#1766,#1768,.T.);
#1766 = VERTEX_POINT('',#1767);
#1767 = CARTESIAN_POINT('',(102.,-26.,5.5));
#1768 = CIRCLE('',#1769,5.5);
#1769 = AXIS2_PLACEMENT_3D('',#1770,#1771,#1772);
#1770 = CARTESIAN_POINT('',(102.,-26.,0.));
#1771 = DIRECTION('',(1.,0.,-0.));
#1772 = DIRECTION('',(0.,0.,1.));
#1773 = PLANE('',#1774);
#1774 = AXIS2_PLACEMENT_3D('',#1775,#1776,#1777);
#1775 = CARTESIAN_POINT('',(102.,-34.,-12.));
#1776 = DIRECTION('',(1.,0.,0.));
#1777 = DIRECTION('',(0.,0.,1.));
#1778 = ADVANCED_FACE('',(#1779),#1820,.T.);
#1779 = FACE_BOUND('',#1780,.T.);
#1780 = EDGE_LOOP('',(#1781,#1782,#1790,#1798,#1806,#1814));
#1781 = ORIENTED_EDGE('',*,*,#1731,.F.);
#1782 = ORIENTED_EDGE('',*,*,#1783,.T.);
#1783 = EDGE_CURVE('',#1732,#1784,#1786,.T.);
#1784 = VERTEX_POINT('',#1785);
#1785 = CARTESIAN_POINT('',(118.,-34.,12.));
#1786 = LINE('',#1787,#1788);
#1787 = CARTESIAN_POINT('',(102.,-34.,12.));
#1788 = VECTOR('',#1789,1.);
#1789 = DIRECTION('',(1.,0.,0.));
#1790 = ORIENTED_EDGE('',*,*,#1791,.T.);
#1791 = EDGE_CURVE('',#1784,#1792,#1794,.T.);
#1792 = VERTEX_POINT('',#1793);
#1793 = CARTESIAN_POINT('',(118.,16.,12.));
#1794 = LINE('',#1795,#1796);
#1795 = CARTESIAN_POINT('',(118.,-34.,12.));
#1796 = VECTOR('',#1797,1.);
#1797 = DIRECTION('',(0.,1.,0.));
#1798 = ORIENTED_EDGE('',*,*,#1799,.F.);
#1799 = EDGE_CURVE('',#1800,#1792,#1802,.T.);
#1800 = VERTEX_POINT('',#1801);
#1801 = CARTESIAN_POINT('',(86.,16.,12.));
#1802 = LINE('',#1803,#1804);
#1803 = CARTESIAN_POINT('',(102.,16.,12.));
#1804 = VECTOR('',#1805,1.);
#1805 = DIRECTION('',(1.,0.,0.));
#1806 = ORIENTED_EDGE('',*,*,#1807,.F.);
#1807 = EDGE_CURVE('',#1808,#1800,#1810,.T.);
#1808 = VERTEX_POINT('',#1809);
#1809 = CARTESIAN_POINT('',(86.,8.,12.));
#1810 = LINE('',#1811,#1812);
#1811 = CARTESIAN_POINT('',(86.,8.,12.));
#1812 = VECTOR('',#1813,1.);
#1813 = DIRECTION('',(0.,1.,0.));
#1814 = ORIENTED_EDGE('',*,*,#1815,.T.);
#1815 = EDGE_CURVE('',#1808,#1734,#1816,.T.);
#1816 = LINE('',#1817,#1818);
#1817 = CARTESIAN_POINT('',(86.,8.,12.));
#1818 = VECTOR('',#1819,1.);
#1819 = DIRECTION('',(1.,0.,0.));
#1820 = PLANE('',#1821);
#1821 = AXIS2_PLACEMENT_3D('',#1822,#1823,#1824);
#1822 = CARTESIAN_POINT('',(106.09756097561,-4.90243902439,12.));
#1823 = DIRECTION('',(0.,0.,1.));
#1824 = DIRECTION('',(1.,0.,0.));
#1825 = ADVANCED_FACE('',(#1826),#1844,.F.);
#1826 = FACE_BOUND('',#1827,.F.);
#1827 = EDGE_LOOP('',(#1828,#1836,#1837,#1838));
#1828 = ORIENTED_EDGE('',*,*,#1829,.F.);
#1829 = EDGE_CURVE('',#1742,#1830,#1832,.T.);
#1830 = VERTEX_POINT('',#1831);
#1831 = CARTESIAN_POINT('',(118.,-34.,-12.));
#1832 = LINE('',#1833,#1834);
#1833 = CARTESIAN_POINT('',(102.,-34.,-12.));
#1834 = VECTOR('',#1835,1.);
#1835 = DIRECTION('',(1.,0.,0.));
#1836 = ORIENTED_EDGE('',*,*,#1741,.T.);
#1837 = ORIENTED_EDGE('',*,*,#1783,.T.);
#1838 = ORIENTED_EDGE('',*,*,#1839,.F.);
#1839 = EDGE_CURVE('',#1830,#1784,#1840,.T.);
#1840 = LINE('',#1841,#1842);
#1841 = CARTESIAN_POINT('',(118.,-34.,-12.));
#1842 = VECTOR('',#1843,1.);
#1843 = DIRECTION('',(0.,0.,1.));
#1844 = PLANE('',#1845);
#1845 = AXIS2_PLACEMENT_3D('',#1846,#1847,#1848);
#1846 = CARTESIAN_POINT('',(102.,-34.,-12.));
#1847 = DIRECTION('',(0.,1.,0.));
#1848 = DIRECTION('',(0.,0.,1.));
#1849 = ADVANCED_FACE('',(#1850),#1868,.F.);
#1850 = FACE_BOUND('',#1851,.F.);
#1851 = EDGE_LOOP('',(#1852,#1860,#1866,#1867));
#1852 = ORIENTED_EDGE('',*,*,#1853,.F.);
#1853 = EDGE_CURVE('',#1854,#1750,#1856,.T.);
#1854 = VERTEX_POINT('',#1855);
#1855 = CARTESIAN_POINT('',(86.,8.,-12.));
#1856 = LINE('',#1857,#1858);
#1857 = CARTESIAN_POINT('',(86.,8.,-12.));
#1858 = VECTOR('',#1859,1.);
#1859 = DIRECTION('',(1.,0.,0.));
#1860 = ORIENTED_EDGE('',*,*,#1861,.T.);
#1861 = EDGE_CURVE('',#1854,#1808,#1862,.T.);
#1862 = LINE('',#1863,#1864);
#1863 = CARTESIAN_POINT('',(86.,8.,-12.));
#1864 = VECTOR('',#1865,1.);
#1865 = DIRECTION('',(0.,0.,1.));
#1866 = ORIENTED_EDGE('',*,*,#1815,.T.);
#1867 = ORIENTED_EDGE('',*,*,#1757,.F.);
#1868 = PLANE('',#1869);
#1869 = AXIS2_PLACEMENT_3D('',#1870,#1871,#1872);
#1870 = CARTESIAN_POINT('',(86.,8.,-12.));
#1871 = DIRECTION('',(0.,1.,0.));
#1872 = DIRECTION('',(0.,0.,1.));
#1873 = ADVANCED_FACE('',(#1874),#1901,.T.);
#1874 = FACE_BOUND('',#1875,.T.);
#1875 = EDGE_LOOP('',(#1876,#1877,#1878,#1886,#1894,#1900));
#1876 = ORIENTED_EDGE('',*,*,#1749,.T.);
#1877 = ORIENTED_EDGE('',*,*,#1853,.F.);
#1878 = ORIENTED_EDGE('',*,*,#1879,.T.);
#1879 = EDGE_CURVE('',#1854,#1880,#1882,.T.);
#1880 = VERTEX_POINT('',#1881);
#1881 = CARTESIAN_POINT('',(86.,16.,-12.));
#1882 = LINE('',#1883,#1884);
#1883 = CARTESIAN_POINT('',(86.,8.,-12.));
#1884 = VECTOR('',#1885,1.);
#1885 = DIRECTION('',(0.,1.,0.));
#1886 = ORIENTED_EDGE('',*,*,#1887,.T.);
#1887 = EDGE_CURVE('',#1880,#1888,#1890,.T.);
#1888 = VERTEX_POINT('',#1889);
#1889 = CARTESIAN_POINT('',(118.,16.,-12.));
#1890 = LINE('',#1891,#1892);
#1891 = CARTESIAN_POINT('',(86.,16.,-12.));
#1892 = VECTOR('',#1893,1.);
#1893 = DIRECTION('',(1.,0.,0.));
#1894 = ORIENTED_EDGE('',*,*,#1895,.F.);
#1895 = EDGE_CURVE('',#1830,#1888,#1896,.T.);
#1896 = LINE('',#1897,#1898);
#1897 = CARTESIAN_POINT('',(118.,-34.,-12.));
#1898 = VECTOR('',#1899,1.);
#1899 = DIRECTION('',(0.,1.,0.));
#1900 = ORIENTED_EDGE('',*,*,#1829,.F.);
#1901 = PLANE('',#1902);
#1902 = AXIS2_PLACEMENT_3D('',#1903,#1904,#1905);
#1903 = CARTESIAN_POINT('',(106.09756097561,-4.90243902439,-12.));
#1904 = DIRECTION('',(-0.,-0.,-1.));
#1905 = DIRECTION('',(-1.,0.,0.));
#1906 = ADVANCED_FACE('',(#1907),#1926,.F.);
#1907 = FACE_BOUND('',#1908,.F.);
#1908 = EDGE_LOOP('',(#1909,#1918,#1924,#1925));
#1909 = ORIENTED_EDGE('',*,*,#1910,.F.);
#1910 = EDGE_CURVE('',#1911,#1911,#1913,.T.);
#1911 = VERTEX_POINT('',#1912);
#1912 = CARTESIAN_POINT('',(118.,-26.,5.5));
#1913 = CIRCLE('',#1914,5.5);
#1914 = AXIS2_PLACEMENT_3D('',#1915,#1916,#1917);
#1915 = CARTESIAN_POINT('',(118.,-26.,0.));
#1916 = DIRECTION('',(1.,0.,-0.));
#1917 = DIRECTION('',(0.,0.,1.));
#1918 = ORIENTED_EDGE('',*,*,#1919,.F.);
#1919 = EDGE_CURVE('',#1766,#1911,#1920,.T.);
#1920 = LINE('',#1921,#1922);
#1921 = CARTESIAN_POINT('',(100.,-26.,5.5));
#1922 = VECTOR('',#1923,1.);
#1923 = DIRECTION('',(1.,0.,0.));
#1924 = ORIENTED_EDGE('',*,*,#1765,.T.);
#1925 = ORIENTED_EDGE('',*,*,#1919,.T.);
#1926 = CYLINDRICAL_SURFACE('',#1927,5.5);
#1927 = AXIS2_PLACEMENT_3D('',#1928,#1929,#1930);
#1928 = CARTESIAN_POINT('',(100.,-26.,0.));
#1929 = DIRECTION('',(1.,0.,0.));
#1930 = DIRECTION('',(0.,0.,1.));
#1931 = ADVANCED_FACE('',(#1932,#1943),#1946,.T.);
#1932 = FACE_BOUND('',#1933,.T.);
#1933 = EDGE_LOOP('',(#1934,#1935,#1936,#1937));
#1934 = ORIENTED_EDGE('',*,*,#1791,.F.);
#1935 = ORIENTED_EDGE('',*,*,#1839,.F.);
#1936 = ORIENTED_EDGE('',*,*,#1895,.T.);
#1937 = ORIENTED_EDGE('',*,*,#1938,.T.);
#1938 = EDGE_CURVE('',#1888,#1792,#1939,.T.);
#1939 = LINE('',#1940,#1941);
#1940 = CARTESIAN_POINT('',(118.,16.,-12.));
#1941 = VECTOR('',#1942,1.);
#1942 = DIRECTION('',(0.,0.,1.));
#1943 = FACE_BOUND('',#1944,.T.);
#1944 = EDGE_LOOP('',(#1945));
#1945 = ORIENTED_EDGE('',*,*,#1910,.F.);
#1946 = PLANE('',#1947);
#1947 = AXIS2_PLACEMENT_3D('',#1948,#1949,#1950);
#1948 = CARTESIAN_POINT('',(118.,-34.,-12.));
#1949 = DIRECTION('',(1.,0.,0.));
#1950 = DIRECTION('',(0.,0.,1.));
#1951 = ADVANCED_FACE('',(#1952),#1963,.T.);
#1952 = FACE_BOUND('',#1953,.T.);
#1953 = EDGE_LOOP('',(#1954,#1955,#1961,#1962));
#1954 = ORIENTED_EDGE('',*,*,#1887,.F.);
#1955 = ORIENTED_EDGE('',*,*,#1956,.T.);
#1956 = EDGE_CURVE('',#1880,#1800,#1957,.T.);
#1957 = LINE('',#1958,#1959);
#1958 = CARTESIAN_POINT('',(86.,16.,-12.));
#1959 = VECTOR('',#1960,1.);
#1960 = DIRECTION('',(0.,0.,1.));
#1961 = ORIENTED_EDGE('',*,*,#1799,.T.);
#1962 = ORIENTED_EDGE('',*,*,#1938,.F.);
#1963 = PLANE('',#1964);
#1964 = AXIS2_PLACEMENT_3D('',#1965,#1966,#1967);
#1965 = CARTESIAN_POINT('',(102.,16.,0.));
#1966 = DIRECTION('',(0.,1.,0.));
#1967 = DIRECTION('',(0.,0.,1.));
#1968 = ADVANCED_FACE('',(#1969),#1975,.F.);
#1969 = FACE_BOUND('',#1970,.F.);
#1970 = EDGE_LOOP('',(#1971,#1972,#1973,#1974));
#1971 = ORIENTED_EDGE('',*,*,#1861,.F.);
#1972 = ORIENTED_EDGE('',*,*,#1879,.T.);
#1973 = ORIENTED_EDGE('',*,*,#1956,.T.);
#1974 = ORIENTED_EDGE('',*,*,#1807,.F.);
#1975 = PLANE('',#1976);
#1976 = AXIS2_PLACEMENT_3D('',#1977,#1978,#1979);
#1977 = CARTESIAN_POINT('',(86.,8.,-12.));
#1978 = DIRECTION('',(1.,0.,0.));
#1979 = DIRECTION('',(0.,0.,1.));
#1980 = MANIFOLD_SOLID_BREP('',#1981);
#1981 = CLOSED_SHELL('',(#1982,#2022,#2053,#2084,#2115,#2146,#2168,#2182
    ));
#1982 = ADVANCED_FACE('',(#1983),#2017,.F.);
#1983 = FACE_BOUND('',#1984,.F.);
#1984 = EDGE_LOOP('',(#1985,#1995,#2003,#2011));
#1985 = ORIENTED_EDGE('',*,*,#1986,.T.);
#1986 = EDGE_CURVE('',#1987,#1989,#1991,.T.);
#1987 = VERTEX_POINT('',#1988);
#1988 = CARTESIAN_POINT('',(118.,-16.76239569296,0.));
#1989 = VERTEX_POINT('',#1990);
#1990 = CARTESIAN_POINT('',(126.,-16.76239569296,0.));
#1991 = LINE('',#1992,#1993);
#1992 = CARTESIAN_POINT('',(118.,-16.76239569296,0.));
#1993 = VECTOR('',#1994,1.);
#1994 = DIRECTION('',(1.,0.,0.));
#1995 = ORIENTED_EDGE('',*,*,#1996,.T.);
#1996 = EDGE_CURVE('',#1989,#1997,#1999,.T.);
#1997 = VERTEX_POINT('',#1998);
#1998 = CARTESIAN_POINT('',(126.,-21.38119784648,8.));
#1999 = LINE('',#2000,#2001);
#2000 = CARTESIAN_POINT('',(126.,-16.76239569296,0.));
#2001 = VECTOR('',#2002,1.);
#2002 = DIRECTION('',(0.,-0.5,0.866025403784));
#2003 = ORIENTED_EDGE('',*,*,#2004,.F.);
#2004 = EDGE_CURVE('',#2005,#1997,#2007,.T.);
#2005 = VERTEX_POINT('',#2006);
#2006 = CARTESIAN_POINT('',(118.,-21.38119784648,8.));
#2007 = LINE('',#2008,#2009);
#2008 = CARTESIAN_POINT('',(118.,-21.38119784648,8.));
#2009 = VECTOR('',#2010,1.);
#2010 = DIRECTION('',(1.,0.,0.));
#2011 = ORIENTED_EDGE('',*,*,#2012,.F.);
#2012 = EDGE_CURVE('',#1987,#2005,#2013,.T.);
#2013 = LINE('',#2014,#2015);
#2014 = CARTESIAN_POINT('',(118.,-16.76239569296,0.));
#2015 = VECTOR('',#2016,1.);
#2016 = DIRECTION('',(0.,-0.5,0.866025403784));
#2017 = PLANE('',#2018);
#2018 = AXIS2_PLACEMENT_3D('',#2019,#2020,#2021);
#2019 = CARTESIAN_POINT('',(118.,-16.76239569296,0.));
#2020 = DIRECTION('',(0.,-0.866025403784,-0.5));
#2021 = DIRECTION('',(0.,-0.5,0.866025403784));
#2022 = ADVANCED_FACE('',(#2023),#2048,.F.);
#2023 = FACE_BOUND('',#2024,.F.);
#2024 = EDGE_LOOP('',(#2025,#2026,#2034,#2042));
#2025 = ORIENTED_EDGE('',*,*,#2004,.T.);
#2026 = ORIENTED_EDGE('',*,*,#2027,.T.);
#2027 = EDGE_CURVE('',#1997,#2028,#2030,.T.);
#2028 = VERTEX_POINT('',#2029);
#2029 = CARTESIAN_POINT('',(126.,-30.61880215351,8.));
#2030 = LINE('',#2031,#2032);
#2031 = CARTESIAN_POINT('',(126.,-21.38119784648,8.));
#2032 = VECTOR('',#2033,1.);
#2033 = DIRECTION('',(0.,-1.,1.922962686384E-16));
#2034 = ORIENTED_EDGE('',*,*,#2035,.F.);
#2035 = EDGE_CURVE('',#2036,#2028,#2038,.T.);
#2036 = VERTEX_POINT('',#2037);
#2037 = CARTESIAN_POINT('',(118.,-30.61880215351,8.));
#2038 = LINE('',#2039,#2040);
#2039 = CARTESIAN_POINT('',(118.,-30.61880215351,8.));
#2040 = VECTOR('',#2041,1.);
#2041 = DIRECTION('',(1.,0.,0.));
#2042 = ORIENTED_EDGE('',*,*,#2043,.F.);
#2043 = EDGE_CURVE('',#2005,#2036,#2044,.T.);
#2044 = LINE('',#2045,#2046);
#2045 = CARTESIAN_POINT('',(118.,-21.38119784648,8.));
#2046 = VECTOR('',#2047,1.);
#2047 = DIRECTION('',(0.,-1.,1.922962686384E-16));
#2048 = PLANE('',#2049);
#2049 = AXIS2_PLACEMENT_3D('',#2050,#2051,#2052);
#2050 = CARTESIAN_POINT('',(118.,-21.38119784648,8.));
#2051 = DIRECTION('',(0.,-1.922962686384E-16,-1.));
#2052 = DIRECTION('',(0.,-1.,1.922962686384E-16));
#2053 = ADVANCED_FACE('',(#2054),#2079,.F.);
#2054 = FACE_BOUND('',#2055,.F.);
#2055 = EDGE_LOOP('',(#2056,#2057,#2065,#2073));
#2056 = ORIENTED_EDGE('',*,*,#2035,.T.);
#2057 = ORIENTED_EDGE('',*,*,#2058,.T.);
#2058 = EDGE_CURVE('',#2028,#2059,#2061,.T.);
#2059 = VERTEX_POINT('',#2060);
#2060 = CARTESIAN_POINT('',(126.,-35.23760430703,1.13128025464E-15));
#2061 = LINE('',#2062,#2063);
#2062 = CARTESIAN_POINT('',(126.,-30.61880215351,8.));
#2063 = VECTOR('',#2064,1.);
#2064 = DIRECTION('',(0.,-0.5,-0.866025403784));
#2065 = ORIENTED_EDGE('',*,*,#2066,.F.);
#2066 = EDGE_CURVE('',#2067,#2059,#2069,.T.);
#2067 = VERTEX_POINT('',#2068);
#2068 = CARTESIAN_POINT('',(118.,-35.23760430703,1.13128025464E-15));
#2069 = LINE('',#2070,#2071);
#2070 = CARTESIAN_POINT('',(118.,-35.23760430703,1.13128025464E-15));
#2071 = VECTOR('',#2072,1.);
#2072 = DIRECTION('',(1.,0.,0.));
#2073 = ORIENTED_EDGE('',*,*,#2074,.F.);
#2074 = EDGE_CURVE('',#2036,#2067,#2075,.T.);
#2075 = LINE('',#2076,#2077);
#2076 = CARTESIAN_POINT('',(118.,-30.61880215351,8.));
#2077 = VECTOR('',#2078,1.);
#2078 = DIRECTION('',(0.,-0.5,-0.866025403784));
#2079 = PLANE('',#2080);
#2080 = AXIS2_PLACEMENT_3D('',#2081,#2082,#2083);
#2081 = CARTESIAN_POINT('',(118.,-30.61880215351,8.));
#2082 = DIRECTION('',(0.,0.866025403784,-0.5));
#2083 = DIRECTION('',(0.,-0.5,-0.866025403784));
#2084 = ADVANCED_FACE('',(#2085),#2110,.F.);
#2085 = FACE_BOUND('',#2086,.F.);
#2086 = EDGE_LOOP('',(#2087,#2088,#2096,#2104));
#2087 = ORIENTED_EDGE('',*,*,#2066,.T.);
#2088 = ORIENTED_EDGE('',*,*,#2089,.T.);
#2089 = EDGE_CURVE('',#2059,#2090,#2092,.T.);
#2090 = VERTEX_POINT('',#2091);
#2091 = CARTESIAN_POINT('',(126.,-30.61880215351,-8.));
#2092 = LINE('',#2093,#2094);
#2093 = CARTESIAN_POINT('',(126.,-35.23760430703,1.13128025464E-15));
#2094 = VECTOR('',#2095,1.);
#2095 = DIRECTION('',(0.,0.5,-0.866025403784));
#2096 = ORIENTED_EDGE('',*,*,#2097,.F.);
#2097 = EDGE_CURVE('',#2098,#2090,#2100,.T.);
#2098 = VERTEX_POINT('',#2099);
#2099 = CARTESIAN_POINT('',(118.,-30.61880215351,-8.));
#2100 = LINE('',#2101,#2102);
#2101 = CARTESIAN_POINT('',(118.,-30.61880215351,-8.));
#2102 = VECTOR('',#2103,1.);
#2103 = DIRECTION('',(1.,0.,0.));
#2104 = ORIENTED_EDGE('',*,*,#2105,.F.);
#2105 = EDGE_CURVE('',#2067,#2098,#2106,.T.);
#2106 = LINE('',#2107,#2108);
#2107 = CARTESIAN_POINT('',(118.,-35.23760430703,1.13128025464E-15));
#2108 = VECTOR('',#2109,1.);
#2109 = DIRECTION('',(0.,0.5,-0.866025403784));
#2110 = PLANE('',#2111);
#2111 = AXIS2_PLACEMENT_3D('',#2112,#2113,#2114);
#2112 = CARTESIAN_POINT('',(118.,-35.23760430703,1.13128025464E-15));
#2113 = DIRECTION('',(0.,0.866025403784,0.5));
#2114 = DIRECTION('',(0.,0.5,-0.866025403784));
#2115 = ADVANCED_FACE('',(#2116),#2141,.F.);
#2116 = FACE_BOUND('',#2117,.F.);
#2117 = EDGE_LOOP('',(#2118,#2119,#2127,#2135));
#2118 = ORIENTED_EDGE('',*,*,#2097,.T.);
#2119 = ORIENTED_EDGE('',*,*,#2120,.T.);
#2120 = EDGE_CURVE('',#2090,#2121,#2123,.T.);
#2121 = VERTEX_POINT('',#2122);
#2122 = CARTESIAN_POINT('',(126.,-21.38119784648,-8.));
#2123 = LINE('',#2124,#2125);
#2124 = CARTESIAN_POINT('',(126.,-30.61880215351,-8.));
#2125 = VECTOR('',#2126,1.);
#2126 = DIRECTION('',(0.,1.,0.));
#2127 = ORIENTED_EDGE('',*,*,#2128,.F.);
#2128 = EDGE_CURVE('',#2129,#2121,#2131,.T.);
#2129 = VERTEX_POINT('',#2130);
#2130 = CARTESIAN_POINT('',(118.,-21.38119784648,-8.));
#2131 = LINE('',#2132,#2133);
#2132 = CARTESIAN_POINT('',(118.,-21.38119784648,-8.));
#2133 = VECTOR('',#2134,1.);
#2134 = DIRECTION('',(1.,0.,0.));
#2135 = ORIENTED_EDGE('',*,*,#2136,.F.);
#2136 = EDGE_CURVE('',#2098,#2129,#2137,.T.);
#2137 = LINE('',#2138,#2139);
#2138 = CARTESIAN_POINT('',(118.,-30.61880215351,-8.));
#2139 = VECTOR('',#2140,1.);
#2140 = DIRECTION('',(0.,1.,0.));
#2141 = PLANE('',#2142);
#2142 = AXIS2_PLACEMENT_3D('',#2143,#2144,#2145);
#2143 = CARTESIAN_POINT('',(118.,-30.61880215351,-8.));
#2144 = DIRECTION('',(0.,0.,1.));
#2145 = DIRECTION('',(0.,1.,0.));
#2146 = ADVANCED_FACE('',(#2147),#2163,.F.);
#2147 = FACE_BOUND('',#2148,.F.);
#2148 = EDGE_LOOP('',(#2149,#2150,#2156,#2157));
#2149 = ORIENTED_EDGE('',*,*,#2128,.T.);
#2150 = ORIENTED_EDGE('',*,*,#2151,.T.);
#2151 = EDGE_CURVE('',#2121,#1989,#2152,.T.);
#2152 = LINE('',#2153,#2154);
#2153 = CARTESIAN_POINT('',(126.,-21.38119784648,-8.));
#2154 = VECTOR('',#2155,1.);
#2155 = DIRECTION('',(0.,0.5,0.866025403784));
#2156 = ORIENTED_EDGE('',*,*,#1986,.F.);
#2157 = ORIENTED_EDGE('',*,*,#2158,.F.);
#2158 = EDGE_CURVE('',#2129,#1987,#2159,.T.);
#2159 = LINE('',#2160,#2161);
#2160 = CARTESIAN_POINT('',(118.,-21.38119784648,-8.));
#2161 = VECTOR('',#2162,1.);
#2162 = DIRECTION('',(0.,0.5,0.866025403784));
#2163 = PLANE('',#2164);
#2164 = AXIS2_PLACEMENT_3D('',#2165,#2166,#2167);
#2165 = CARTESIAN_POINT('',(118.,-21.38119784648,-8.));
#2166 = DIRECTION('',(0.,-0.866025403784,0.5));
#2167 = DIRECTION('',(0.,0.5,0.866025403784));
#2168 = ADVANCED_FACE('',(#2169),#2177,.F.);
#2169 = FACE_BOUND('',#2170,.F.);
#2170 = EDGE_LOOP('',(#2171,#2172,#2173,#2174,#2175,#2176));
#2171 = ORIENTED_EDGE('',*,*,#2012,.T.);
#2172 = ORIENTED_EDGE('',*,*,#2043,.T.);
#2173 = ORIENTED_EDGE('',*,*,#2074,.T.);
#2174 = ORIENTED_EDGE('',*,*,#2105,.T.);
#2175 = ORIENTED_EDGE('',*,*,#2136,.T.);
#2176 = ORIENTED_EDGE('',*,*,#2158,.T.);
#2177 = PLANE('',#2178);
#2178 = AXIS2_PLACEMENT_3D('',#2179,#2180,#2181);
#2179 = CARTESIAN_POINT('',(118.,-26.,-3.845925372767E-16));
#2180 = DIRECTION('',(1.,0.,0.));
#2181 = DIRECTION('',(0.,0.,1.));
#2182 = ADVANCED_FACE('',(#2183),#2191,.T.);
#2183 = FACE_BOUND('',#2184,.T.);
#2184 = EDGE_LOOP('',(#2185,#2186,#2187,#2188,#2189,#2190));
#2185 = ORIENTED_EDGE('',*,*,#1996,.T.);
#2186 = ORIENTED_EDGE('',*,*,#2027,.T.);
#2187 = ORIENTED_EDGE('',*,*,#2058,.T.);
#2188 = ORIENTED_EDGE('',*,*,#2089,.T.);
#2189 = ORIENTED_EDGE('',*,*,#2120,.T.);
#2190 = ORIENTED_EDGE('',*,*,#2151,.T.);
#2191 = PLANE('',#2192);
#2192 = AXIS2_PLACEMENT_3D('',#2193,#2194,#2195);
#2193 = CARTESIAN_POINT('',(126.,-26.,-3.845925372767E-16));
#2194 = DIRECTION('',(1.,0.,0.));
#2195 = DIRECTION('',(0.,0.,1.));
#2196 = MANIFOLD_SOLID_BREP('',#2197);
#2197 = CLOSED_SHELL('',(#2198,#2267,#2287,#2307,#2362,#2386,#2434,#2451
    ,#2476,#2501,#2523,#2540,#2552,#2564,#2573));
#2198 = ADVANCED_FACE('',(#2199,#2226),#2262,.T.);
#2199 = FACE_BOUND('',#2200,.T.);
#2200 = EDGE_LOOP('',(#2201,#2211,#2218,#2219));
#2201 = ORIENTED_EDGE('',*,*,#2202,.T.);
#2202 = EDGE_CURVE('',#2203,#2205,#2207,.T.);
#2203 = VERTEX_POINT('',#2204);
#2204 = CARTESIAN_POINT('',(56.,-23.,-8.));
#2205 = VERTEX_POINT('',#2206);
#2206 = CARTESIAN_POINT('',(56.,-23.,8.));
#2207 = LINE('',#2208,#2209);
#2208 = CARTESIAN_POINT('',(56.,-23.,-8.));
#2209 = VECTOR('',#2210,1.);
#2210 = DIRECTION('',(0.,0.,1.));
#2211 = ORIENTED_EDGE('',*,*,#2212,.F.);
#2212 = EDGE_CURVE('',#2205,#2205,#2213,.T.);
#2213 = CIRCLE('',#2214,11.);
#2214 = AXIS2_PLACEMENT_3D('',#2215,#2216,#2217);
#2215 = CARTESIAN_POINT('',(45.,-23.,8.));
#2216 = DIRECTION('',(0.,0.,1.));
#2217 = DIRECTION('',(1.,0.,0.));
#2218 = ORIENTED_EDGE('',*,*,#2202,.F.);
#2219 = ORIENTED_EDGE('',*,*,#2220,.T.);
#2220 = EDGE_CURVE('',#2203,#2203,#2221,.T.);
#2221 = CIRCLE('',#2222,11.);
#2222 = AXIS2_PLACEMENT_3D('',#2223,#2224,#2225);
#2223 = CARTESIAN_POINT('',(45.,-23.,-8.));
#2224 = DIRECTION('',(0.,0.,1.));
#2225 = DIRECTION('',(1.,0.,0.));
#2226 = FACE_BOUND('',#2227,.T.);
#2227 = EDGE_LOOP('',(#2228,#2239,#2247,#2256));
#2228 = ORIENTED_EDGE('',*,*,#2229,.F.);
#2229 = EDGE_CURVE('',#2230,#2232,#2234,.T.);
#2230 = VERTEX_POINT('',#2231);
#2231 = CARTESIAN_POINT('',(34.045548849897,-24.,-5.));
#2232 = VERTEX_POINT('',#2233);
#2233 = CARTESIAN_POINT('',(40.,-32.79795897113,-5.));
#2234 = CIRCLE('',#2235,11.);
#2235 = AXIS2_PLACEMENT_3D('',#2236,#2237,#2238);
#2236 = CARTESIAN_POINT('',(45.,-23.,-5.));
#2237 = DIRECTION('',(0.,0.,1.));
#2238 = DIRECTION('',(1.,0.,0.));
#2239 = ORIENTED_EDGE('',*,*,#2240,.T.);
#2240 = EDGE_CURVE('',#2230,#2241,#2243,.T.);
#2241 = VERTEX_POINT('',#2242);
#2242 = CARTESIAN_POINT('',(34.045548849897,-24.,5.));
#2243 = LINE('',#2244,#2245);
#2244 = CARTESIAN_POINT('',(34.045548849897,-24.,-8.));
#2245 = VECTOR('',#2246,1.);
#2246 = DIRECTION('',(0.,0.,1.));
#2247 = ORIENTED_EDGE('',*,*,#2248,.T.);
#2248 = EDGE_CURVE('',#2241,#2249,#2251,.T.);
#2249 = VERTEX_POINT('',#2250);
#2250 = CARTESIAN_POINT('',(40.,-32.79795897113,5.));
#2251 = CIRCLE('',#2252,11.);
#2252 = AXIS2_PLACEMENT_3D('',#2253,#2254,#2255);
#2253 = CARTESIAN_POINT('',(45.,-23.,5.));
#2254 = DIRECTION('',(0.,0.,1.));
#2255 = DIRECTION('',(1.,0.,0.));
#2256 = ORIENTED_EDGE('',*,*,#2257,.F.);
#2257 = EDGE_CURVE('',#2232,#2249,#2258,.T.);
#2258 = LINE('',#2259,#2260);
#2259 = CARTESIAN_POINT('',(40.,-32.79795897113,-8.));
#2260 = VECTOR('',#2261,1.);
#2261 = DIRECTION('',(0.,0.,1.));
#2262 = CYLINDRICAL_SURFACE('',#2263,11.);
#2263 = AXIS2_PLACEMENT_3D('',#2264,#2265,#2266);
#2264 = CARTESIAN_POINT('',(45.,-23.,-8.));
#2265 = DIRECTION('',(0.,0.,1.));
#2266 = DIRECTION('',(1.,0.,0.));
#2267 = ADVANCED_FACE('',(#2268,#2271),#2282,.F.);
#2268 = FACE_BOUND('',#2269,.F.);
#2269 = EDGE_LOOP('',(#2270));
#2270 = ORIENTED_EDGE('',*,*,#2220,.T.);
#2271 = FACE_BOUND('',#2272,.F.);
#2272 = EDGE_LOOP('',(#2273));
#2273 = ORIENTED_EDGE('',*,*,#2274,.F.);
#2274 = EDGE_CURVE('',#2275,#2275,#2277,.T.);
#2275 = VERTEX_POINT('',#2276);
#2276 = CARTESIAN_POINT('',(48.,-26.,-8.));
#2277 = CIRCLE('',#2278,3.);
#2278 = AXIS2_PLACEMENT_3D('',#2279,#2280,#2281);
#2279 = CARTESIAN_POINT('',(45.,-26.,-8.));
#2280 = DIRECTION('',(0.,0.,1.));
#2281 = DIRECTION('',(1.,0.,0.));
#2282 = PLANE('',#2283);
#2283 = AXIS2_PLACEMENT_3D('',#2284,#2285,#2286);
#2284 = CARTESIAN_POINT('',(45.,-23.,-8.));
#2285 = DIRECTION('',(0.,0.,1.));
#2286 = DIRECTION('',(1.,0.,0.));
#2287 = ADVANCED_FACE('',(#2288,#2291),#2302,.T.);
#2288 = FACE_BOUND('',#2289,.T.);
#2289 = EDGE_LOOP('',(#2290));
#2290 = ORIENTED_EDGE('',*,*,#2212,.T.);
#2291 = FACE_BOUND('',#2292,.T.);
#2292 = EDGE_LOOP('',(#2293));
#2293 = ORIENTED_EDGE('',*,*,#2294,.F.);
#2294 = EDGE_CURVE('',#2295,#2295,#2297,.T.);
#2295 = VERTEX_POINT('',#2296);
#2296 = CARTESIAN_POINT('',(48.,-26.,8.));
#2297 = CIRCLE('',#2298,3.);
#2298 = AXIS2_PLACEMENT_3D('',#2299,#2300,#2301);
#2299 = CARTESIAN_POINT('',(45.,-26.,8.));
#2300 = DIRECTION('',(0.,0.,1.));
#2301 = DIRECTION('',(1.,0.,0.));
#2302 = PLANE('',#2303);
#2303 = AXIS2_PLACEMENT_3D('',#2304,#2305,#2306);
#2304 = CARTESIAN_POINT('',(45.,-23.,8.));
#2305 = DIRECTION('',(0.,0.,1.));
#2306 = DIRECTION('',(1.,0.,0.));
#2307 = ADVANCED_FACE('',(#2308),#2357,.T.);
#2308 = FACE_BOUND('',#2309,.T.);
#2309 = EDGE_LOOP('',(#2310,#2320,#2328,#2334,#2335,#2343,#2351));
#2310 = ORIENTED_EDGE('',*,*,#2311,.F.);
#2311 = EDGE_CURVE('',#2312,#2314,#2316,.T.);
#2312 = VERTEX_POINT('',#2313);
#2313 = CARTESIAN_POINT('',(30.,-66.,-5.));
#2314 = VERTEX_POINT('',#2315);
#2315 = CARTESIAN_POINT('',(45.,-66.,-5.));
#2316 = LINE('',#2317,#2318);
#2317 = CARTESIAN_POINT('',(30.,-66.,-5.));
#2318 = VECTOR('',#2319,1.);
#2319 = DIRECTION('',(1.,0.,0.));
#2320 = ORIENTED_EDGE('',*,*,#2321,.T.);
#2321 = EDGE_CURVE('',#2312,#2322,#2324,.T.);
#2322 = VERTEX_POINT('',#2323);
#2323 = CARTESIAN_POINT('',(30.,-24.,-5.));
#2324 = LINE('',#2325,#2326);
#2325 = CARTESIAN_POINT('',(30.,-66.,-5.));
#2326 = VECTOR('',#2327,1.);
#2327 = DIRECTION('',(0.,1.,0.));
#2328 = ORIENTED_EDGE('',*,*,#2329,.T.);
#2329 = EDGE_CURVE('',#2322,#2230,#2330,.T.);
#2330 = LINE('',#2331,#2332);
#2331 = CARTESIAN_POINT('',(30.,-24.,-5.));
#2332 = VECTOR('',#2333,1.);
#2333 = DIRECTION('',(1.,0.,0.));
#2334 = ORIENTED_EDGE('',*,*,#2229,.T.);
#2335 = ORIENTED_EDGE('',*,*,#2336,.F.);
#2336 = EDGE_CURVE('',#2337,#2232,#2339,.T.);
#2337 = VERTEX_POINT('',#2338);
#2338 = CARTESIAN_POINT('',(40.,-56.,-5.));
#2339 = LINE('',#2340,#2341);
#2340 = CARTESIAN_POINT('',(40.,-66.,-5.));
#2341 = VECTOR('',#2342,1.);
#2342 = DIRECTION('',(0.,1.,0.));
#2343 = ORIENTED_EDGE('',*,*,#2344,.T.);
#2344 = EDGE_CURVE('',#2337,#2345,#2347,.T.);
#2345 = VERTEX_POINT('',#2346);
#2346 = CARTESIAN_POINT('',(45.,-56.,-5.));
#2347 = LINE('',#2348,#2349);
#2348 = CARTESIAN_POINT('',(30.,-56.,-5.));
#2349 = VECTOR('',#2350,1.);
#2350 = DIRECTION('',(1.,0.,0.));
#2351 = ORIENTED_EDGE('',*,*,#2352,.F.);
#2352 = EDGE_CURVE('',#2314,#2345,#2353,.T.);
#2353 = LINE('',#2354,#2355);
#2354 = CARTESIAN_POINT('',(45.,-66.,-5.));
#2355 = VECTOR('',#2356,1.);
#2356 = DIRECTION('',(0.,1.,0.));
#2357 = PLANE('',#2358);
#2358 = AXIS2_PLACEMENT_3D('',#2359,#2360,#2361);
#2359 = CARTESIAN_POINT('',(36.09649122807,-46.40350877193,-5.));
#2360 = DIRECTION('',(-0.,-0.,-1.));
#2361 = DIRECTION('',(-1.,0.,0.));
#2362 = ADVANCED_FACE('',(#2363),#2381,.T.);
#2363 = FACE_BOUND('',#2364,.T.);
#2364 = EDGE_LOOP('',(#2365,#2373,#2379,#2380));
#2365 = ORIENTED_EDGE('',*,*,#2366,.F.);
#2366 = EDGE_CURVE('',#2367,#2249,#2369,.T.);
#2367 = VERTEX_POINT('',#2368);
#2368 = CARTESIAN_POINT('',(40.,-56.,5.));
#2369 = LINE('',#2370,#2371);
#2370 = CARTESIAN_POINT('',(40.,-66.,5.));
#2371 = VECTOR('',#2372,1.);
#2372 = DIRECTION('',(0.,1.,0.));
#2373 = ORIENTED_EDGE('',*,*,#2374,.T.);
#2374 = EDGE_CURVE('',#2367,#2337,#2375,.T.);
#2375 = LINE('',#2376,#2377);
#2376 = CARTESIAN_POINT('',(40.,-56.,-5.));
#2377 = VECTOR('',#2378,1.);
#2378 = DIRECTION('',(0.,0.,-1.));
#2379 = ORIENTED_EDGE('',*,*,#2336,.T.);
#2380 = ORIENTED_EDGE('',*,*,#2257,.T.);
#2381 = PLANE('',#2382);
#2382 = AXIS2_PLACEMENT_3D('',#2383,#2384,#2385);
#2383 = CARTESIAN_POINT('',(40.,-66.,-5.));
#2384 = DIRECTION('',(1.,0.,0.));
#2385 = DIRECTION('',(0.,0.,1.));
#2386 = ADVANCED_FACE('',(#2387),#2429,.T.);
#2387 = FACE_BOUND('',#2388,.T.);
#2388 = EDGE_LOOP('',(#2389,#2399,#2407,#2415,#2421,#2422,#2423));
#2389 = ORIENTED_EDGE('',*,*,#2390,.F.);
#2390 = EDGE_CURVE('',#2391,#2393,#2395,.T.);
#2391 = VERTEX_POINT('',#2392);
#2392 = CARTESIAN_POINT('',(30.,-66.,5.));
#2393 = VERTEX_POINT('',#2394);
#2394 = CARTESIAN_POINT('',(30.,-24.,5.));
#2395 = LINE('',#2396,#2397);
#2396 = CARTESIAN_POINT('',(30.,-66.,5.));
#2397 = VECTOR('',#2398,1.);
#2398 = DIRECTION('',(0.,1.,0.));
#2399 = ORIENTED_EDGE('',*,*,#2400,.T.);
#2400 = EDGE_CURVE('',#2391,#2401,#2403,.T.);
#2401 = VERTEX_POINT('',#2402);
#2402 = CARTESIAN_POINT('',(45.,-66.,5.));
#2403 = LINE('',#2404,#2405);
#2404 = CARTESIAN_POINT('',(30.,-66.,5.));
#2405 = VECTOR('',#2406,1.);
#2406 = DIRECTION('',(1.,0.,0.));
#2407 = ORIENTED_EDGE('',*,*,#2408,.T.);
#2408 = EDGE_CURVE('',#2401,#2409,#2411,.T.);
#2409 = VERTEX_POINT('',#2410);
#2410 = CARTESIAN_POINT('',(45.,-56.,5.));
#2411 = LINE('',#2412,#2413);
#2412 = CARTESIAN_POINT('',(45.,-66.,5.));
#2413 = VECTOR('',#2414,1.);
#2414 = DIRECTION('',(0.,1.,0.));
#2415 = ORIENTED_EDGE('',*,*,#2416,.F.);
#2416 = EDGE_CURVE('',#2367,#2409,#2417,.T.);
#2417 = LINE('',#2418,#2419);
#2418 = CARTESIAN_POINT('',(30.,-56.,5.));
#2419 = VECTOR('',#2420,1.);
#2420 = DIRECTION('',(1.,0.,0.));
#2421 = ORIENTED_EDGE('',*,*,#2366,.T.);
#2422 = ORIENTED_EDGE('',*,*,#2248,.F.);
#2423 = ORIENTED_EDGE('',*,*,#2424,.F.);
#2424 = EDGE_CURVE('',#2393,#2241,#2425,.T.);
#2425 = LINE('',#2426,#2427);
#2426 = CARTESIAN_POINT('',(30.,-24.,5.));
#2427 = VECTOR('',#2428,1.);
#2428 = DIRECTION('',(1.,0.,0.));
#2429 = PLANE('',#2430);
#2430 = AXIS2_PLACEMENT_3D('',#2431,#2432,#2433);
#2431 = CARTESIAN_POINT('',(36.09649122807,-46.40350877193,5.));
#2432 = DIRECTION('',(0.,0.,1.));
#2433 = DIRECTION('',(1.,0.,0.));
#2434 = ADVANCED_FACE('',(#2435),#2446,.T.);
#2435 = FACE_BOUND('',#2436,.T.);
#2436 = EDGE_LOOP('',(#2437,#2438,#2444,#2445));
#2437 = ORIENTED_EDGE('',*,*,#2329,.F.);
#2438 = ORIENTED_EDGE('',*,*,#2439,.T.);
#2439 = EDGE_CURVE('',#2322,#2393,#2440,.T.);
#2440 = LINE('',#2441,#2442);
#2441 = CARTESIAN_POINT('',(30.,-24.,-5.));
#2442 = VECTOR('',#2443,1.);
#2443 = DIRECTION('',(0.,0.,1.));
#2444 = ORIENTED_EDGE('',*,*,#2424,.T.);
#2445 = ORIENTED_EDGE('',*,*,#2240,.F.);
#2446 = PLANE('',#2447);
#2447 = AXIS2_PLACEMENT_3D('',#2448,#2449,#2450);
#2448 = CARTESIAN_POINT('',(30.,-24.,-5.));
#2449 = DIRECTION('',(0.,1.,0.));
#2450 = DIRECTION('',(0.,0.,1.));
#2451 = ADVANCED_FACE('',(#2452),#2471,.T.);
#2452 = FACE_BOUND('',#2453,.T.);
#2453 = EDGE_LOOP('',(#2454,#2455,#2463,#2470));
#2454 = ORIENTED_EDGE('',*,*,#2274,.F.);
#2455 = ORIENTED_EDGE('',*,*,#2456,.F.);
#2456 = EDGE_CURVE('',#2457,#2275,#2459,.T.);
#2457 = VERTEX_POINT('',#2458);
#2458 = CARTESIAN_POINT('',(48.,-26.,-14.));
#2459 = LINE('',#2460,#2461);
#2460 = CARTESIAN_POINT('',(48.,-26.,-14.));
#2461 = VECTOR('',#2462,1.);
#2462 = DIRECTION('',(0.,0.,1.));
#2463 = ORIENTED_EDGE('',*,*,#2464,.T.);
#2464 = EDGE_CURVE('',#2457,#2457,#2465,.T.);
#2465 = CIRCLE('',#2466,3.);
#2466 = AXIS2_PLACEMENT_3D('',#2467,#2468,#2469);
#2467 = CARTESIAN_POINT('',(45.,-26.,-14.));
#2468 = DIRECTION('',(0.,0.,1.));
#2469 = DIRECTION('',(1.,0.,0.));
#2470 = ORIENTED_EDGE('',*,*,#2456,.T.);
#2471 = CYLINDRICAL_SURFACE('',#2472,3.);
#2472 = AXIS2_PLACEMENT_3D('',#2473,#2474,#2475);
#2473 = CARTESIAN_POINT('',(45.,-26.,-14.));
#2474 = DIRECTION('',(0.,0.,1.));
#2475 = DIRECTION('',(1.,0.,0.));
#2476 = ADVANCED_FACE('',(#2477),#2496,.T.);
#2477 = FACE_BOUND('',#2478,.T.);
#2478 = EDGE_LOOP('',(#2479,#2487,#2494,#2495));
#2479 = ORIENTED_EDGE('',*,*,#2480,.T.);
#2480 = EDGE_CURVE('',#2295,#2481,#2483,.T.);
#2481 = VERTEX_POINT('',#2482);
#2482 = CARTESIAN_POINT('',(48.,-26.,14.));
#2483 = LINE('',#2484,#2485);
#2484 = CARTESIAN_POINT('',(48.,-26.,-14.));
#2485 = VECTOR('',#2486,1.);
#2486 = DIRECTION('',(0.,0.,1.));
#2487 = ORIENTED_EDGE('',*,*,#2488,.F.);
#2488 = EDGE_CURVE('',#2481,#2481,#2489,.T.);
#2489 = CIRCLE('',#2490,3.);
#2490 = AXIS2_PLACEMENT_3D('',#2491,#2492,#2493);
#2491 = CARTESIAN_POINT('',(45.,-26.,14.));
#2492 = DIRECTION('',(0.,0.,1.));
#2493 = DIRECTION('',(1.,0.,0.));
#2494 = ORIENTED_EDGE('',*,*,#2480,.F.);
#2495 = ORIENTED_EDGE('',*,*,#2294,.T.);
#2496 = CYLINDRICAL_SURFACE('',#2497,3.);
#2497 = AXIS2_PLACEMENT_3D('',#2498,#2499,#2500);
#2498 = CARTESIAN_POINT('',(45.,-26.,-14.));
#2499 = DIRECTION('',(0.,0.,1.));
#2500 = DIRECTION('',(1.,0.,0.));
#2501 = ADVANCED_FACE('',(#2502),#2518,.F.);
#2502 = FACE_BOUND('',#2503,.T.);
#2503 = EDGE_LOOP('',(#2504,#2505,#2511,#2512));
#2504 = ORIENTED_EDGE('',*,*,#2311,.T.);
#2505 = ORIENTED_EDGE('',*,*,#2506,.T.);
#2506 = EDGE_CURVE('',#2314,#2401,#2507,.T.);
#2507 = LINE('',#2508,#2509);
#2508 = CARTESIAN_POINT('',(45.,-66.,-5.));
#2509 = VECTOR('',#2510,1.);
#2510 = DIRECTION('',(0.,0.,1.));
#2511 = ORIENTED_EDGE('',*,*,#2400,.F.);
#2512 = ORIENTED_EDGE('',*,*,#2513,.F.);
#2513 = EDGE_CURVE('',#2312,#2391,#2514,.T.);
#2514 = LINE('',#2515,#2516);
#2515 = CARTESIAN_POINT('',(30.,-66.,-5.));
#2516 = VECTOR('',#2517,1.);
#2517 = DIRECTION('',(0.,0.,1.));
#2518 = PLANE('',#2519);
#2519 = AXIS2_PLACEMENT_3D('',#2520,#2521,#2522);
#2520 = CARTESIAN_POINT('',(30.,-66.,-5.));
#2521 = DIRECTION('',(0.,1.,0.));
#2522 = DIRECTION('',(0.,0.,1.));
#2523 = ADVANCED_FACE('',(#2524),#2535,.T.);
#2524 = FACE_BOUND('',#2525,.T.);
#2525 = EDGE_LOOP('',(#2526,#2527,#2528,#2534));
#2526 = ORIENTED_EDGE('',*,*,#2506,.F.);
#2527 = ORIENTED_EDGE('',*,*,#2352,.T.);
#2528 = ORIENTED_EDGE('',*,*,#2529,.T.);
#2529 = EDGE_CURVE('',#2345,#2409,#2530,.T.);
#2530 = LINE('',#2531,#2532);
#2531 = CARTESIAN_POINT('',(45.,-56.,-5.));
#2532 = VECTOR('',#2533,1.);
#2533 = DIRECTION('',(0.,0.,1.));
#2534 = ORIENTED_EDGE('',*,*,#2408,.F.);
#2535 = PLANE('',#2536);
#2536 = AXIS2_PLACEMENT_3D('',#2537,#2538,#2539);
#2537 = CARTESIAN_POINT('',(45.,-66.,-5.));
#2538 = DIRECTION('',(1.,0.,0.));
#2539 = DIRECTION('',(0.,0.,1.));
#2540 = ADVANCED_FACE('',(#2541),#2547,.T.);
#2541 = FACE_BOUND('',#2542,.T.);
#2542 = EDGE_LOOP('',(#2543,#2544,#2545,#2546));
#2543 = ORIENTED_EDGE('',*,*,#2344,.F.);
#2544 = ORIENTED_EDGE('',*,*,#2374,.F.);
#2545 = ORIENTED_EDGE('',*,*,#2416,.T.);
#2546 = ORIENTED_EDGE('',*,*,#2529,.F.);
#2547 = PLANE('',#2548);
#2548 = AXIS2_PLACEMENT_3D('',#2549,#2550,#2551);
#2549 = CARTESIAN_POINT('',(30.,-56.,-5.));
#2550 = DIRECTION('',(0.,1.,0.));
#2551 = DIRECTION('',(0.,0.,1.));
#2552 = ADVANCED_FACE('',(#2553),#2559,.T.);
#2553 = FACE_BOUND('',#2554,.T.);
#2554 = EDGE_LOOP('',(#2555,#2556,#2557,#2558));
#2555 = ORIENTED_EDGE('',*,*,#2513,.T.);
#2556 = ORIENTED_EDGE('',*,*,#2390,.T.);
#2557 = ORIENTED_EDGE('',*,*,#2439,.F.);
#2558 = ORIENTED_EDGE('',*,*,#2321,.F.);
#2559 = PLANE('',#2560);
#2560 = AXIS2_PLACEMENT_3D('',#2561,#2562,#2563);
#2561 = CARTESIAN_POINT('',(30.,-45.,0.));
#2562 = DIRECTION('',(-1.,-0.,-0.));
#2563 = DIRECTION('',(0.,0.,-1.));
#2564 = ADVANCED_FACE('',(#2565),#2568,.F.);
#2565 = FACE_BOUND('',#2566,.T.);
#2566 = EDGE_LOOP('',(#2567));
#2567 = ORIENTED_EDGE('',*,*,#2464,.F.);
#2568 = PLANE('',#2569);
#2569 = AXIS2_PLACEMENT_3D('',#2570,#2571,#2572);
#2570 = CARTESIAN_POINT('',(45.,-26.,-14.));
#2571 = DIRECTION('',(0.,0.,1.));
#2572 = DIRECTION('',(1.,0.,0.));
#2573 = ADVANCED_FACE('',(#2574),#2577,.T.);
#2574 = FACE_BOUND('',#2575,.T.);
#2575 = EDGE_LOOP('',(#2576));
#2576 = ORIENTED_EDGE('',*,*,#2488,.T.);
#2577 = PLANE('',#2578);
#2578 = AXIS2_PLACEMENT_3D('',#2579,#2580,#2581);
#2579 = CARTESIAN_POINT('',(45.,-26.,14.));
#2580 = DIRECTION('',(0.,0.,1.));
#2581 = DIRECTION('',(1.,0.,0.));
#2582 = MANIFOLD_SOLID_BREP('',#2583);
#2583 = CLOSED_SHELL('',(#2584,#2617,#2626));
#2584 = ADVANCED_FACE('',(#2585),#2612,.T.);
#2585 = FACE_BOUND('',#2586,.T.);
#2586 = EDGE_LOOP('',(#2587,#2596,#2604,#2611));
#2587 = ORIENTED_EDGE('',*,*,#2588,.F.);
#2588 = EDGE_CURVE('',#2589,#2589,#2591,.T.);
#2589 = VERTEX_POINT('',#2590);
#2590 = CARTESIAN_POINT('',(-26.,130.,5.));
#2591 = CIRCLE('',#2592,5.);
#2592 = AXIS2_PLACEMENT_3D('',#2593,#2594,#2595);
#2593 = CARTESIAN_POINT('',(-26.,130.,0.));
#2594 = DIRECTION('',(0.,1.,0.));
#2595 = DIRECTION('',(0.,0.,1.));
#2596 = ORIENTED_EDGE('',*,*,#2597,.F.);
#2597 = EDGE_CURVE('',#2598,#2589,#2600,.T.);
#2598 = VERTEX_POINT('',#2599);
#2599 = CARTESIAN_POINT('',(-26.,30.,5.));
#2600 = LINE('',#2601,#2602);
#2601 = CARTESIAN_POINT('',(-26.,30.,5.));
#2602 = VECTOR('',#2603,1.);
#2603 = DIRECTION('',(0.,1.,0.));
#2604 = ORIENTED_EDGE('',*,*,#2605,.T.);
#2605 = EDGE_CURVE('',#2598,#2598,#2606,.T.);
#2606 = CIRCLE('',#2607,5.);
#2607 = AXIS2_PLACEMENT_3D('',#2608,#2609,#2610);
#2608 = CARTESIAN_POINT('',(-26.,30.,0.));
#2609 = DIRECTION('',(0.,1.,0.));
#2610 = DIRECTION('',(0.,0.,1.));
#2611 = ORIENTED_EDGE('',*,*,#2597,.T.);
#2612 = CYLINDRICAL_SURFACE('',#2613,5.);
#2613 = AXIS2_PLACEMENT_3D('',#2614,#2615,#2616);
#2614 = CARTESIAN_POINT('',(-26.,30.,0.));
#2615 = DIRECTION('',(0.,1.,0.));
#2616 = DIRECTION('',(0.,0.,1.));
#2617 = ADVANCED_FACE('',(#2618),#2621,.T.);
#2618 = FACE_BOUND('',#2619,.T.);
#2619 = EDGE_LOOP('',(#2620));
#2620 = ORIENTED_EDGE('',*,*,#2588,.T.);
#2621 = PLANE('',#2622);
#2622 = AXIS2_PLACEMENT_3D('',#2623,#2624,#2625);
#2623 = CARTESIAN_POINT('',(-26.,130.,0.));
#2624 = DIRECTION('',(0.,1.,0.));
#2625 = DIRECTION('',(0.,0.,1.));
#2626 = ADVANCED_FACE('',(#2627),#2630,.F.);
#2627 = FACE_BOUND('',#2628,.T.);
#2628 = EDGE_LOOP('',(#2629));
#2629 = ORIENTED_EDGE('',*,*,#2605,.F.);
#2630 = PLANE('',#2631);
#2631 = AXIS2_PLACEMENT_3D('',#2632,#2633,#2634);
#2632 = CARTESIAN_POINT('',(-26.,30.,0.));
#2633 = DIRECTION('',(0.,1.,0.));
#2634 = DIRECTION('',(0.,0.,1.));
#2635 = MANIFOLD_SOLID_BREP('',#2636);
#2636 = CLOSED_SHELL('',(#2637,#2677,#2719,#2759,#2794,#2827,#2844,#2861
    ,#2878));
#2637 = ADVANCED_FACE('',(#2638),#2672,.F.);
#2638 = FACE_BOUND('',#2639,.F.);
#2639 = EDGE_LOOP('',(#2640,#2650,#2658,#2666));
#2640 = ORIENTED_EDGE('',*,*,#2641,.F.);
#2641 = EDGE_CURVE('',#2642,#2644,#2646,.T.);
#2642 = VERTEX_POINT('',#2643);
#2643 = CARTESIAN_POINT('',(-34.,102.,-12.));
#2644 = VERTEX_POINT('',#2645);
#2645 = CARTESIAN_POINT('',(-34.,102.,12.));
#2646 = LINE('',#2647,#2648);
#2647 = CARTESIAN_POINT('',(-34.,102.,-12.));
#2648 = VECTOR('',#2649,1.);
#2649 = DIRECTION('',(0.,0.,1.));
#2650 = ORIENTED_EDGE('',*,*,#2651,.T.);
#2651 = EDGE_CURVE('',#2642,#2652,#2654,.T.);
#2652 = VERTEX_POINT('',#2653);
#2653 = CARTESIAN_POINT('',(-34.,118.,-12.));
#2654 = LINE('',#2655,#2656);
#2655 = CARTESIAN_POINT('',(-34.,102.,-12.));
#2656 = VECTOR('',#2657,1.);
#2657 = DIRECTION('',(0.,1.,0.));
#2658 = ORIENTED_EDGE('',*,*,#2659,.T.);
#2659 = EDGE_CURVE('',#2652,#2660,#2662,.T.);
#2660 = VERTEX_POINT('',#2661);
#2661 = CARTESIAN_POINT('',(-34.,118.,12.));
#2662 = LINE('',#2663,#2664);
#2663 = CARTESIAN_POINT('',(-34.,118.,-12.));
#2664 = VECTOR('',#2665,1.);
#2665 = DIRECTION('',(0.,0.,1.));
#2666 = ORIENTED_EDGE('',*,*,#2667,.F.);
#2667 = EDGE_CURVE('',#2644,#2660,#2668,.T.);
#2668 = LINE('',#2669,#2670);
#2669 = CARTESIAN_POINT('',(-34.,102.,12.));
#2670 = VECTOR('',#2671,1.);
#2671 = DIRECTION('',(0.,1.,0.));
#2672 = PLANE('',#2673);
#2673 = AXIS2_PLACEMENT_3D('',#2674,#2675,#2676);
#2674 = CARTESIAN_POINT('',(-34.,102.,-12.));
#2675 = DIRECTION('',(1.,0.,0.));
#2676 = DIRECTION('',(0.,0.,1.));
#2677 = ADVANCED_FACE('',(#2678,#2703),#2714,.F.);
#2678 = FACE_BOUND('',#2679,.F.);
#2679 = EDGE_LOOP('',(#2680,#2688,#2689,#2697));
#2680 = ORIENTED_EDGE('',*,*,#2681,.F.);
#2681 = EDGE_CURVE('',#2642,#2682,#2684,.T.);
#2682 = VERTEX_POINT('',#2683);
#2683 = CARTESIAN_POINT('',(8.,102.,-12.));
#2684 = LINE('',#2685,#2686);
#2685 = CARTESIAN_POINT('',(-34.,102.,-12.));
#2686 = VECTOR('',#2687,1.);
#2687 = DIRECTION('',(1.,0.,0.));
#2688 = ORIENTED_EDGE('',*,*,#2641,.T.);
#2689 = ORIENTED_EDGE('',*,*,#2690,.T.);
#2690 = EDGE_CURVE('',#2644,#2691,#2693,.T.);
#2691 = VERTEX_POINT('',#2692);
#2692 = CARTESIAN_POINT('',(8.,102.,12.));
#2693 = LINE('',#2694,#2695);
#2694 = CARTESIAN_POINT('',(-34.,102.,12.));
#2695 = VECTOR('',#2696,1.);
#2696 = DIRECTION('',(1.,0.,0.));
#2697 = ORIENTED_EDGE('',*,*,#2698,.T.);
#2698 = EDGE_CURVE('',#2691,#2682,#2699,.T.);
#2699 = LINE('',#2700,#2701);
#2700 = CARTESIAN_POINT('',(8.,102.,-12.));
#2701 = VECTOR('',#2702,1.);
#2702 = DIRECTION('',(0.,0.,-1.));
#2703 = FACE_BOUND('',#2704,.F.);
#2704 = EDGE_LOOP('',(#2705));
#2705 = ORIENTED_EDGE('',*,*,#2706,.F.);
#2706 = EDGE_CURVE('',#2707,#2707,#2709,.T.);
#2707 = VERTEX_POINT('',#2708);
#2708 = CARTESIAN_POINT('',(-26.,102.,5.5));
#2709 = CIRCLE('',#2710,5.5);
#2710 = AXIS2_PLACEMENT_3D('',#2711,#2712,#2713);
#2711 = CARTESIAN_POINT('',(-26.,102.,0.));
#2712 = DIRECTION('',(0.,1.,0.));
#2713 = DIRECTION('',(0.,0.,1.));
#2714 = PLANE('',#2715);
#2715 = AXIS2_PLACEMENT_3D('',#2716,#2717,#2718);
#2716 = CARTESIAN_POINT('',(-34.,102.,-12.));
#2717 = DIRECTION('',(0.,1.,0.));
#2718 = DIRECTION('',(0.,0.,1.));
#2719 = ADVANCED_FACE('',(#2720),#2754,.T.);
#2720 = FACE_BOUND('',#2721,.T.);
#2721 = EDGE_LOOP('',(#2722,#2723,#2724,#2732,#2740,#2748));
#2722 = ORIENTED_EDGE('',*,*,#2667,.F.);
#2723 = ORIENTED_EDGE('',*,*,#2690,.T.);
#2724 = ORIENTED_EDGE('',*,*,#2725,.F.);
#2725 = EDGE_CURVE('',#2726,#2691,#2728,.T.);
#2726 = VERTEX_POINT('',#2727);
#2727 = CARTESIAN_POINT('',(8.,86.,12.));
#2728 = LINE('',#2729,#2730);
#2729 = CARTESIAN_POINT('',(8.,86.,12.));
#2730 = VECTOR('',#2731,1.);
#2731 = DIRECTION('',(0.,1.,0.));
#2732 = ORIENTED_EDGE('',*,*,#2733,.T.);
#2733 = EDGE_CURVE('',#2726,#2734,#2736,.T.);
#2734 = VERTEX_POINT('',#2735);
#2735 = CARTESIAN_POINT('',(16.,86.,12.));
#2736 = LINE('',#2737,#2738);
#2737 = CARTESIAN_POINT('',(8.,86.,12.));
#2738 = VECTOR('',#2739,1.);
#2739 = DIRECTION('',(1.,0.,0.));
#2740 = ORIENTED_EDGE('',*,*,#2741,.T.);
#2741 = EDGE_CURVE('',#2734,#2742,#2744,.T.);
#2742 = VERTEX_POINT('',#2743);
#2743 = CARTESIAN_POINT('',(16.,118.,12.));
#2744 = LINE('',#2745,#2746);
#2745 = CARTESIAN_POINT('',(16.,86.,12.));
#2746 = VECTOR('',#2747,1.);
#2747 = DIRECTION('',(0.,1.,0.));
#2748 = ORIENTED_EDGE('',*,*,#2749,.F.);
#2749 = EDGE_CURVE('',#2660,#2742,#2750,.T.);
#2750 = LINE('',#2751,#2752);
#2751 = CARTESIAN_POINT('',(-34.,118.,12.));
#2752 = VECTOR('',#2753,1.);
#2753 = DIRECTION('',(1.,0.,0.));
#2754 = PLANE('',#2755);
#2755 = AXIS2_PLACEMENT_3D('',#2756,#2757,#2758);
#2756 = CARTESIAN_POINT('',(-4.90243902439,106.09756097561,12.));
#2757 = DIRECTION('',(0.,0.,1.));
#2758 = DIRECTION('',(1.,0.,0.));
#2759 = ADVANCED_FACE('',(#2760,#2778),#2789,.T.);
#2760 = FACE_BOUND('',#2761,.T.);
#2761 = EDGE_LOOP('',(#2762,#2763,#2764,#2772));
#2762 = ORIENTED_EDGE('',*,*,#2659,.T.);
#2763 = ORIENTED_EDGE('',*,*,#2749,.T.);
#2764 = ORIENTED_EDGE('',*,*,#2765,.F.);
#2765 = EDGE_CURVE('',#2766,#2742,#2768,.T.);
#2766 = VERTEX_POINT('',#2767);
#2767 = CARTESIAN_POINT('',(16.,118.,-12.));
#2768 = LINE('',#2769,#2770);
#2769 = CARTESIAN_POINT('',(16.,118.,-12.));
#2770 = VECTOR('',#2771,1.);
#2771 = DIRECTION('',(0.,0.,1.));
#2772 = ORIENTED_EDGE('',*,*,#2773,.F.);
#2773 = EDGE_CURVE('',#2652,#2766,#2774,.T.);
#2774 = LINE('',#2775,#2776);
#2775 = CARTESIAN_POINT('',(-34.,118.,-12.));
#2776 = VECTOR('',#2777,1.);
#2777 = DIRECTION('',(1.,0.,0.));
#2778 = FACE_BOUND('',#2779,.T.);
#2779 = EDGE_LOOP('',(#2780));
#2780 = ORIENTED_EDGE('',*,*,#2781,.F.);
#2781 = EDGE_CURVE('',#2782,#2782,#2784,.T.);
#2782 = VERTEX_POINT('',#2783);
#2783 = CARTESIAN_POINT('',(-26.,118.,5.5));
#2784 = CIRCLE('',#2785,5.5);
#2785 = AXIS2_PLACEMENT_3D('',#2786,#2787,#2788);
#2786 = CARTESIAN_POINT('',(-26.,118.,0.));
#2787 = DIRECTION('',(0.,1.,0.));
#2788 = DIRECTION('',(0.,0.,1.));
#2789 = PLANE('',#2790);
#2790 = AXIS2_PLACEMENT_3D('',#2791,#2792,#2793);
#2791 = CARTESIAN_POINT('',(-34.,118.,-12.));
#2792 = DIRECTION('',(0.,1.,0.));
#2793 = DIRECTION('',(0.,0.,1.));
#2794 = ADVANCED_FACE('',(#2795),#2822,.T.);
#2795 = FACE_BOUND('',#2796,.T.);
#2796 = EDGE_LOOP('',(#2797,#2798,#2806,#2814,#2820,#2821));
#2797 = ORIENTED_EDGE('',*,*,#2773,.T.);
#2798 = ORIENTED_EDGE('',*,*,#2799,.F.);
#2799 = EDGE_CURVE('',#2800,#2766,#2802,.T.);
#2800 = VERTEX_POINT('',#2801);
#2801 = CARTESIAN_POINT('',(16.,86.,-12.));
#2802 = LINE('',#2803,#2804);
#2803 = CARTESIAN_POINT('',(16.,102.,-12.));
#2804 = VECTOR('',#2805,1.);
#2805 = DIRECTION('',(0.,1.,0.));
#2806 = ORIENTED_EDGE('',*,*,#2807,.F.);
#2807 = EDGE_CURVE('',#2808,#2800,#2810,.T.);
#2808 = VERTEX_POINT('',#2809);
#2809 = CARTESIAN_POINT('',(8.,86.,-12.));
#2810 = LINE('',#2811,#2812);
#2811 = CARTESIAN_POINT('',(8.,86.,-12.));
#2812 = VECTOR('',#2813,1.);
#2813 = DIRECTION('',(1.,0.,0.));
#2814 = ORIENTED_EDGE('',*,*,#2815,.T.);
#2815 = EDGE_CURVE('',#2808,#2682,#2816,.T.);
#2816 = LINE('',#2817,#2818);
#2817 = CARTESIAN_POINT('',(8.,86.,-12.));
#2818 = VECTOR('',#2819,1.);
#2819 = DIRECTION('',(0.,1.,0.));
#2820 = ORIENTED_EDGE('',*,*,#2681,.F.);
#2821 = ORIENTED_EDGE('',*,*,#2651,.T.);
#2822 = PLANE('',#2823);
#2823 = AXIS2_PLACEMENT_3D('',#2824,#2825,#2826);
#2824 = CARTESIAN_POINT('',(-4.90243902439,106.09756097561,-12.));
#2825 = DIRECTION('',(-0.,-0.,-1.));
#2826 = DIRECTION('',(-1.,0.,0.));
#2827 = ADVANCED_FACE('',(#2828),#2839,.F.);
#2828 = FACE_BOUND('',#2829,.F.);
#2829 = EDGE_LOOP('',(#2830,#2831,#2837,#2838));
#2830 = ORIENTED_EDGE('',*,*,#2725,.F.);
#2831 = ORIENTED_EDGE('',*,*,#2832,.F.);
#2832 = EDGE_CURVE('',#2808,#2726,#2833,.T.);
#2833 = LINE('',#2834,#2835);
#2834 = CARTESIAN_POINT('',(8.,86.,-12.));
#2835 = VECTOR('',#2836,1.);
#2836 = DIRECTION('',(0.,0.,1.));
#2837 = ORIENTED_EDGE('',*,*,#2815,.T.);
#2838 = ORIENTED_EDGE('',*,*,#2698,.F.);
#2839 = PLANE('',#2840);
#2840 = AXIS2_PLACEMENT_3D('',#2841,#2842,#2843);
#2841 = CARTESIAN_POINT('',(8.,86.,-12.));
#2842 = DIRECTION('',(1.,0.,0.));
#2843 = DIRECTION('',(0.,0.,1.));
#2844 = ADVANCED_FACE('',(#2845),#2856,.F.);
#2845 = FACE_BOUND('',#2846,.F.);
#2846 = EDGE_LOOP('',(#2847,#2848,#2854,#2855));
#2847 = ORIENTED_EDGE('',*,*,#2781,.F.);
#2848 = ORIENTED_EDGE('',*,*,#2849,.F.);
#2849 = EDGE_CURVE('',#2707,#2782,#2850,.T.);
#2850 = LINE('',#2851,#2852);
#2851 = CARTESIAN_POINT('',(-26.,100.,5.5));
#2852 = VECTOR('',#2853,1.);
#2853 = DIRECTION('',(0.,1.,0.));
#2854 = ORIENTED_EDGE('',*,*,#2706,.T.);
#2855 = ORIENTED_EDGE('',*,*,#2849,.T.);
#2856 = CYLINDRICAL_SURFACE('',#2857,5.5);
#2857 = AXIS2_PLACEMENT_3D('',#2858,#2859,#2860);
#2858 = CARTESIAN_POINT('',(-26.,100.,0.));
#2859 = DIRECTION('',(0.,1.,0.));
#2860 = DIRECTION('',(0.,0.,1.));
#2861 = ADVANCED_FACE('',(#2862),#2873,.F.);
#2862 = FACE_BOUND('',#2863,.F.);
#2863 = EDGE_LOOP('',(#2864,#2865,#2866,#2867));
#2864 = ORIENTED_EDGE('',*,*,#2807,.F.);
#2865 = ORIENTED_EDGE('',*,*,#2832,.T.);
#2866 = ORIENTED_EDGE('',*,*,#2733,.T.);
#2867 = ORIENTED_EDGE('',*,*,#2868,.F.);
#2868 = EDGE_CURVE('',#2800,#2734,#2869,.T.);
#2869 = LINE('',#2870,#2871);
#2870 = CARTESIAN_POINT('',(16.,86.,-12.));
#2871 = VECTOR('',#2872,1.);
#2872 = DIRECTION('',(0.,0.,1.));
#2873 = PLANE('',#2874);
#2874 = AXIS2_PLACEMENT_3D('',#2875,#2876,#2877);
#2875 = CARTESIAN_POINT('',(8.,86.,-12.));
#2876 = DIRECTION('',(0.,1.,0.));
#2877 = DIRECTION('',(0.,0.,1.));
#2878 = ADVANCED_FACE('',(#2879),#2885,.T.);
#2879 = FACE_BOUND('',#2880,.T.);
#2880 = EDGE_LOOP('',(#2881,#2882,#2883,#2884));
#2881 = ORIENTED_EDGE('',*,*,#2741,.F.);
#2882 = ORIENTED_EDGE('',*,*,#2868,.F.);
#2883 = ORIENTED_EDGE('',*,*,#2799,.T.);
#2884 = ORIENTED_EDGE('',*,*,#2765,.T.);
#2885 = PLANE('',#2886);
#2886 = AXIS2_PLACEMENT_3D('',#2887,#2888,#2889);
#2887 = CARTESIAN_POINT('',(16.,102.,0.));
#2888 = DIRECTION('',(1.,0.,0.));
#2889 = DIRECTION('',(0.,0.,1.));
#2890 = MANIFOLD_SOLID_BREP('',#2891);
#2891 = CLOSED_SHELL('',(#2892,#2932,#2963,#2994,#3025,#3056,#3078,#3092
    ));
#2892 = ADVANCED_FACE('',(#2893),#2927,.T.);
#2893 = FACE_BOUND('',#2894,.T.);
#2894 = EDGE_LOOP('',(#2895,#2905,#2913,#2921));
#2895 = ORIENTED_EDGE('',*,*,#2896,.T.);
#2896 = EDGE_CURVE('',#2897,#2899,#2901,.T.);
#2897 = VERTEX_POINT('',#2898);
#2898 = CARTESIAN_POINT('',(-16.76239569296,52.,0.));
#2899 = VERTEX_POINT('',#2900);
#2900 = CARTESIAN_POINT('',(-16.76239569296,61.,0.));
#2901 = LINE('',#2902,#2903);
#2902 = CARTESIAN_POINT('',(-16.76239569296,52.,0.));
#2903 = VECTOR('',#2904,1.);
#2904 = DIRECTION('',(0.,1.,0.));
#2905 = ORIENTED_EDGE('',*,*,#2906,.T.);
#2906 = EDGE_CURVE('',#2899,#2907,#2909,.T.);
#2907 = VERTEX_POINT('',#2908);
#2908 = CARTESIAN_POINT('',(-21.38119784648,61.,8.));
#2909 = LINE('',#2910,#2911);
#2910 = CARTESIAN_POINT('',(-16.76239569296,61.,0.));
#2911 = VECTOR('',#2912,1.);
#2912 = DIRECTION('',(-0.5,0.,0.866025403784));
#2913 = ORIENTED_EDGE('',*,*,#2914,.F.);
#2914 = EDGE_CURVE('',#2915,#2907,#2917,.T.);
#2915 = VERTEX_POINT('',#2916);
#2916 = CARTESIAN_POINT('',(-21.38119784648,52.,8.));
#2917 = LINE('',#2918,#2919);
#2918 = CARTESIAN_POINT('',(-21.38119784648,52.,8.));
#2919 = VECTOR('',#2920,1.);
#2920 = DIRECTION('',(0.,1.,0.));
#2921 = ORIENTED_EDGE('',*,*,#2922,.F.);
#2922 = EDGE_CURVE('',#2897,#2915,#2923,.T.);
#2923 = LINE('',#2924,#2925);
#2924 = CARTESIAN_POINT('',(-16.76239569296,52.,0.));
#2925 = VECTOR('',#2926,1.);
#2926 = DIRECTION('',(-0.5,0.,0.866025403784));
#2927 = PLANE('',#2928);
#2928 = AXIS2_PLACEMENT_3D('',#2929,#2930,#2931);
#2929 = CARTESIAN_POINT('',(-16.76239569296,52.,0.));
#2930 = DIRECTION('',(0.866025403784,0.,0.5));
#2931 = DIRECTION('',(-0.5,0.,0.866025403784));
#2932 = ADVANCED_FACE('',(#2933),#2958,.T.);
#2933 = FACE_BOUND('',#2934,.T.);
#2934 = EDGE_LOOP('',(#2935,#2936,#2944,#2952));
#2935 = ORIENTED_EDGE('',*,*,#2914,.T.);
#2936 = ORIENTED_EDGE('',*,*,#2937,.T.);
#2937 = EDGE_CURVE('',#2907,#2938,#2940,.T.);
#2938 = VERTEX_POINT('',#2939);
#2939 = CARTESIAN_POINT('',(-30.61880215351,61.,8.));
#2940 = LINE('',#2941,#2942);
#2941 = CARTESIAN_POINT('',(-21.38119784648,61.,8.));
#2942 = VECTOR('',#2943,1.);
#2943 = DIRECTION('',(-1.,0.,1.922962686384E-16));
#2944 = ORIENTED_EDGE('',*,*,#2945,.F.);
#2945 = EDGE_CURVE('',#2946,#2938,#2948,.T.);
#2946 = VERTEX_POINT('',#2947);
#2947 = CARTESIAN_POINT('',(-30.61880215351,52.,8.));
#2948 = LINE('',#2949,#2950);
#2949 = CARTESIAN_POINT('',(-30.61880215351,52.,8.));
#2950 = VECTOR('',#2951,1.);
#2951 = DIRECTION('',(0.,1.,0.));
#2952 = ORIENTED_EDGE('',*,*,#2953,.F.);
#2953 = EDGE_CURVE('',#2915,#2946,#2954,.T.);
#2954 = LINE('',#2955,#2956);
#2955 = CARTESIAN_POINT('',(-21.38119784648,52.,8.));
#2956 = VECTOR('',#2957,1.);
#2957 = DIRECTION('',(-1.,0.,1.922962686384E-16));
#2958 = PLANE('',#2959);
#2959 = AXIS2_PLACEMENT_3D('',#2960,#2961,#2962);
#2960 = CARTESIAN_POINT('',(-21.38119784648,52.,8.));
#2961 = DIRECTION('',(1.922962686384E-16,0.,1.));
#2962 = DIRECTION('',(-1.,0.,1.922962686384E-16));
#2963 = ADVANCED_FACE('',(#2964),#2989,.T.);
#2964 = FACE_BOUND('',#2965,.T.);
#2965 = EDGE_LOOP('',(#2966,#2967,#2975,#2983));
#2966 = ORIENTED_EDGE('',*,*,#2945,.T.);
#2967 = ORIENTED_EDGE('',*,*,#2968,.T.);
#2968 = EDGE_CURVE('',#2938,#2969,#2971,.T.);
#2969 = VERTEX_POINT('',#2970);
#2970 = CARTESIAN_POINT('',(-35.23760430703,61.,1.13128025464E-15));
#2971 = LINE('',#2972,#2973);
#2972 = CARTESIAN_POINT('',(-30.61880215351,61.,8.));
#2973 = VECTOR('',#2974,1.);
#2974 = DIRECTION('',(-0.5,0.,-0.866025403784));
#2975 = ORIENTED_EDGE('',*,*,#2976,.F.);
#2976 = EDGE_CURVE('',#2977,#2969,#2979,.T.);
#2977 = VERTEX_POINT('',#2978);
#2978 = CARTESIAN_POINT('',(-35.23760430703,52.,1.13128025464E-15));
#2979 = LINE('',#2980,#2981);
#2980 = CARTESIAN_POINT('',(-35.23760430703,52.,1.13128025464E-15));
#2981 = VECTOR('',#2982,1.);
#2982 = DIRECTION('',(0.,1.,0.));
#2983 = ORIENTED_EDGE('',*,*,#2984,.F.);
#2984 = EDGE_CURVE('',#2946,#2977,#2985,.T.);
#2985 = LINE('',#2986,#2987);
#2986 = CARTESIAN_POINT('',(-30.61880215351,52.,8.));
#2987 = VECTOR('',#2988,1.);
#2988 = DIRECTION('',(-0.5,0.,-0.866025403784));
#2989 = PLANE('',#2990);
#2990 = AXIS2_PLACEMENT_3D('',#2991,#2992,#2993);
#2991 = CARTESIAN_POINT('',(-30.61880215351,52.,8.));
#2992 = DIRECTION('',(-0.866025403784,0.,0.5));
#2993 = DIRECTION('',(-0.5,0.,-0.866025403784));
#2994 = ADVANCED_FACE('',(#2995),#3020,.T.);
#2995 = FACE_BOUND('',#2996,.T.);
#2996 = EDGE_LOOP('',(#2997,#2998,#3006,#3014));
#2997 = ORIENTED_EDGE('',*,*,#2976,.T.);
#2998 = ORIENTED_EDGE('',*,*,#2999,.T.);
#2999 = EDGE_CURVE('',#2969,#3000,#3002,.T.);
#3000 = VERTEX_POINT('',#3001);
#3001 = CARTESIAN_POINT('',(-30.61880215351,61.,-8.));
#3002 = LINE('',#3003,#3004);
#3003 = CARTESIAN_POINT('',(-35.23760430703,61.,1.13128025464E-15));
#3004 = VECTOR('',#3005,1.);
#3005 = DIRECTION('',(0.5,0.,-0.866025403784));
#3006 = ORIENTED_EDGE('',*,*,#3007,.F.);
#3007 = EDGE_CURVE('',#3008,#3000,#3010,.T.);
#3008 = VERTEX_POINT('',#3009);
#3009 = CARTESIAN_POINT('',(-30.61880215351,52.,-8.));
#3010 = LINE('',#3011,#3012);
#3011 = CARTESIAN_POINT('',(-30.61880215351,52.,-8.));
#3012 = VECTOR('',#3013,1.);
#3013 = DIRECTION('',(0.,1.,0.));
#3014 = ORIENTED_EDGE('',*,*,#3015,.F.);
#3015 = EDGE_CURVE('',#2977,#3008,#3016,.T.);
#3016 = LINE('',#3017,#3018);
#3017 = CARTESIAN_POINT('',(-35.23760430703,52.,1.13128025464E-15));
#3018 = VECTOR('',#3019,1.);
#3019 = DIRECTION('',(0.5,0.,-0.866025403784));
#3020 = PLANE('',#3021);
#3021 = AXIS2_PLACEMENT_3D('',#3022,#3023,#3024);
#3022 = CARTESIAN_POINT('',(-35.23760430703,52.,1.13128025464E-15));
#3023 = DIRECTION('',(-0.866025403784,0.,-0.5));
#3024 = DIRECTION('',(0.5,0.,-0.866025403784));
#3025 = ADVANCED_FACE('',(#3026),#3051,.T.);
#3026 = FACE_BOUND('',#3027,.T.);
#3027 = EDGE_LOOP('',(#3028,#3029,#3037,#3045));
#3028 = ORIENTED_EDGE('',*,*,#3007,.T.);
#3029 = ORIENTED_EDGE('',*,*,#3030,.T.);
#3030 = EDGE_CURVE('',#3000,#3031,#3033,.T.);
#3031 = VERTEX_POINT('',#3032);
#3032 = CARTESIAN_POINT('',(-21.38119784648,61.,-8.));
#3033 = LINE('',#3034,#3035);
#3034 = CARTESIAN_POINT('',(-30.61880215351,61.,-8.));
#3035 = VECTOR('',#3036,1.);
#3036 = DIRECTION('',(1.,0.,0.));
#3037 = ORIENTED_EDGE('',*,*,#3038,.F.);
#3038 = EDGE_CURVE('',#3039,#3031,#3041,.T.);
#3039 = VERTEX_POINT('',#3040);
#3040 = CARTESIAN_POINT('',(-21.38119784648,52.,-8.));
#3041 = LINE('',#3042,#3043);
#3042 = CARTESIAN_POINT('',(-21.38119784648,52.,-8.));
#3043 = VECTOR('',#3044,1.);
#3044 = DIRECTION('',(0.,1.,0.));
#3045 = ORIENTED_EDGE('',*,*,#3046,.F.);
#3046 = EDGE_CURVE('',#3008,#3039,#3047,.T.);
#3047 = LINE('',#3048,#3049);
#3048 = CARTESIAN_POINT('',(-30.61880215351,52.,-8.));
#3049 = VECTOR('',#3050,1.);
#3050 = DIRECTION('',(1.,0.,0.));
#3051 = PLANE('',#3052);
#3052 = AXIS2_PLACEMENT_3D('',#3053,#3054,#3055);
#3053 = CARTESIAN_POINT('',(-30.61880215351,52.,-8.));
#3054 = DIRECTION('',(0.,0.,-1.));
#3055 = DIRECTION('',(1.,0.,0.));
#3056 = ADVANCED_FACE('',(#3057),#3073,.T.);
#3057 = FACE_BOUND('',#3058,.T.);
#3058 = EDGE_LOOP('',(#3059,#3060,#3066,#3067));
#3059 = ORIENTED_EDGE('',*,*,#3038,.T.);
#3060 = ORIENTED_EDGE('',*,*,#3061,.T.);
#3061 = EDGE_CURVE('',#3031,#2899,#3062,.T.);
#3062 = LINE('',#3063,#3064);
#3063 = CARTESIAN_POINT('',(-21.38119784648,61.,-8.));
#3064 = VECTOR('',#3065,1.);
#3065 = DIRECTION('',(0.5,0.,0.866025403784));
#3066 = ORIENTED_EDGE('',*,*,#2896,.F.);
#3067 = ORIENTED_EDGE('',*,*,#3068,.F.);
#3068 = EDGE_CURVE('',#3039,#2897,#3069,.T.);
#3069 = LINE('',#3070,#3071);
#3070 = CARTESIAN_POINT('',(-21.38119784648,52.,-8.));
#3071 = VECTOR('',#3072,1.);
#3072 = DIRECTION('',(0.5,0.,0.866025403784));
#3073 = PLANE('',#3074);
#3074 = AXIS2_PLACEMENT_3D('',#3075,#3076,#3077);
#3075 = CARTESIAN_POINT('',(-21.38119784648,52.,-8.));
#3076 = DIRECTION('',(0.866025403784,0.,-0.5));
#3077 = DIRECTION('',(0.5,0.,0.866025403784));
#3078 = ADVANCED_FACE('',(#3079),#3087,.T.);
#3079 = FACE_BOUND('',#3080,.T.);
#3080 = EDGE_LOOP('',(#3081,#3082,#3083,#3084,#3085,#3086));
#3081 = ORIENTED_EDGE('',*,*,#2922,.T.);
#3082 = ORIENTED_EDGE('',*,*,#2953,.T.);
#3083 = ORIENTED_EDGE('',*,*,#2984,.T.);
#3084 = ORIENTED_EDGE('',*,*,#3015,.T.);
#3085 = ORIENTED_EDGE('',*,*,#3046,.T.);
#3086 = ORIENTED_EDGE('',*,*,#3068,.T.);
#3087 = PLANE('',#3088);
#3088 = AXIS2_PLACEMENT_3D('',#3089,#3090,#3091);
#3089 = CARTESIAN_POINT('',(-26.,52.,-3.845925372767E-16));
#3090 = DIRECTION('',(-0.,-1.,-0.));
#3091 = DIRECTION('',(0.,0.,-1.));
#3092 = ADVANCED_FACE('',(#3093),#3101,.F.);
#3093 = FACE_BOUND('',#3094,.F.);
#3094 = EDGE_LOOP('',(#3095,#3096,#3097,#3098,#3099,#3100));
#3095 = ORIENTED_EDGE('',*,*,#2906,.T.);
#3096 = ORIENTED_EDGE('',*,*,#2937,.T.);
#3097 = ORIENTED_EDGE('',*,*,#2968,.T.);
#3098 = ORIENTED_EDGE('',*,*,#2999,.T.);
#3099 = ORIENTED_EDGE('',*,*,#3030,.T.);
#3100 = ORIENTED_EDGE('',*,*,#3061,.T.);
#3101 = PLANE('',#3102);
#3102 = AXIS2_PLACEMENT_3D('',#3103,#3104,#3105);
#3103 = CARTESIAN_POINT('',(-26.,61.,-3.845925372767E-16));
#3104 = DIRECTION('',(-0.,-1.,-0.));
#3105 = DIRECTION('',(0.,0.,-1.));
#3106 = MANIFOLD_SOLID_BREP('',#3107);
#3107 = CLOSED_SHELL('',(#3108,#3148,#3179,#3210,#3241,#3272,#3294,#3308
    ));
#3108 = ADVANCED_FACE('',(#3109),#3143,.T.);
#3109 = FACE_BOUND('',#3110,.T.);
#3110 = EDGE_LOOP('',(#3111,#3121,#3129,#3137));
#3111 = ORIENTED_EDGE('',*,*,#3112,.T.);
#3112 = EDGE_CURVE('',#3113,#3115,#3117,.T.);
#3113 = VERTEX_POINT('',#3114);
#3114 = CARTESIAN_POINT('',(-16.76239569296,45.,0.));
#3115 = VERTEX_POINT('',#3116);
#3116 = CARTESIAN_POINT('',(-16.76239569296,51.,0.));
#3117 = LINE('',#3118,#3119);
#3118 = CARTESIAN_POINT('',(-16.76239569296,45.,0.));
#3119 = VECTOR('',#3120,1.);
#3120 = DIRECTION('',(0.,1.,0.));
#3121 = ORIENTED_EDGE('',*,*,#3122,.T.);
#3122 = EDGE_CURVE('',#3115,#3123,#3125,.T.);
#3123 = VERTEX_POINT('',#3124);
#3124 = CARTESIAN_POINT('',(-21.38119784648,51.,8.));
#3125 = LINE('',#3126,#3127);
#3126 = CARTESIAN_POINT('',(-16.76239569296,51.,0.));
#3127 = VECTOR('',#3128,1.);
#3128 = DIRECTION('',(-0.5,0.,0.866025403784));
#3129 = ORIENTED_EDGE('',*,*,#3130,.F.);
#3130 = EDGE_CURVE('',#3131,#3123,#3133,.T.);
#3131 = VERTEX_POINT('',#3132);
#3132 = CARTESIAN_POINT('',(-21.38119784648,45.,8.));
#3133 = LINE('',#3134,#3135);
#3134 = CARTESIAN_POINT('',(-21.38119784648,45.,8.));
#3135 = VECTOR('',#3136,1.);
#3136 = DIRECTION('',(0.,1.,0.));
#3137 = ORIENTED_EDGE('',*,*,#3138,.F.);
#3138 = EDGE_CURVE('',#3113,#3131,#3139,.T.);
#3139 = LINE('',#3140,#3141);
#3140 = CARTESIAN_POINT('',(-16.76239569296,45.,0.));
#3141 = VECTOR('',#3142,1.);
#3142 = DIRECTION('',(-0.5,0.,0.866025403784));
#3143 = PLANE('',#3144);
#3144 = AXIS2_PLACEMENT_3D('',#3145,#3146,#3147);
#3145 = CARTESIAN_POINT('',(-16.76239569296,45.,0.));
#3146 = DIRECTION('',(0.866025403784,0.,0.5));
#3147 = DIRECTION('',(-0.5,0.,0.866025403784));
#3148 = ADVANCED_FACE('',(#3149),#3174,.T.);
#3149 = FACE_BOUND('',#3150,.T.);
#3150 = EDGE_LOOP('',(#3151,#3152,#3160,#3168));
#3151 = ORIENTED_EDGE('',*,*,#3130,.T.);
#3152 = ORIENTED_EDGE('',*,*,#3153,.T.);
#3153 = EDGE_CURVE('',#3123,#3154,#3156,.T.);
#3154 = VERTEX_POINT('',#3155);
#3155 = CARTESIAN_POINT('',(-30.61880215351,51.,8.));
#3156 = LINE('',#3157,#3158);
#3157 = CARTESIAN_POINT('',(-21.38119784648,51.,8.));
#3158 = VECTOR('',#3159,1.);
#3159 = DIRECTION('',(-1.,0.,1.922962686384E-16));
#3160 = ORIENTED_EDGE('',*,*,#3161,.F.);
#3161 = EDGE_CURVE('',#3162,#3154,#3164,.T.);
#3162 = VERTEX_POINT('',#3163);
#3163 = CARTESIAN_POINT('',(-30.61880215351,45.,8.));
#3164 = LINE('',#3165,#3166);
#3165 = CARTESIAN_POINT('',(-30.61880215351,45.,8.));
#3166 = VECTOR('',#3167,1.);
#3167 = DIRECTION('',(0.,1.,0.));
#3168 = ORIENTED_EDGE('',*,*,#3169,.F.);
#3169 = EDGE_CURVE('',#3131,#3162,#3170,.T.);
#3170 = LINE('',#3171,#3172);
#3171 = CARTESIAN_POINT('',(-21.38119784648,45.,8.));
#3172 = VECTOR('',#3173,1.);
#3173 = DIRECTION('',(-1.,0.,1.922962686384E-16));
#3174 = PLANE('',#3175);
#3175 = AXIS2_PLACEMENT_3D('',#3176,#3177,#3178);
#3176 = CARTESIAN_POINT('',(-21.38119784648,45.,8.));
#3177 = DIRECTION('',(1.922962686384E-16,0.,1.));
#3178 = DIRECTION('',(-1.,0.,1.922962686384E-16));
#3179 = ADVANCED_FACE('',(#3180),#3205,.T.);
#3180 = FACE_BOUND('',#3181,.T.);
#3181 = EDGE_LOOP('',(#3182,#3183,#3191,#3199));
#3182 = ORIENTED_EDGE('',*,*,#3161,.T.);
#3183 = ORIENTED_EDGE('',*,*,#3184,.T.);
#3184 = EDGE_CURVE('',#3154,#3185,#3187,.T.);
#3185 = VERTEX_POINT('',#3186);
#3186 = CARTESIAN_POINT('',(-35.23760430703,51.,1.13128025464E-15));
#3187 = LINE('',#3188,#3189);
#3188 = CARTESIAN_POINT('',(-30.61880215351,51.,8.));
#3189 = VECTOR('',#3190,1.);
#3190 = DIRECTION('',(-0.5,0.,-0.866025403784));
#3191 = ORIENTED_EDGE('',*,*,#3192,.F.);
#3192 = EDGE_CURVE('',#3193,#3185,#3195,.T.);
#3193 = VERTEX_POINT('',#3194);
#3194 = CARTESIAN_POINT('',(-35.23760430703,45.,1.13128025464E-15));
#3195 = LINE('',#3196,#3197);
#3196 = CARTESIAN_POINT('',(-35.23760430703,45.,1.13128025464E-15));
#3197 = VECTOR('',#3198,1.);
#3198 = DIRECTION('',(0.,1.,0.));
#3199 = ORIENTED_EDGE('',*,*,#3200,.F.);
#3200 = EDGE_CURVE('',#3162,#3193,#3201,.T.);
#3201 = LINE('',#3202,#3203);
#3202 = CARTESIAN_POINT('',(-30.61880215351,45.,8.));
#3203 = VECTOR('',#3204,1.);
#3204 = DIRECTION('',(-0.5,0.,-0.866025403784));
#3205 = PLANE('',#3206);
#3206 = AXIS2_PLACEMENT_3D('',#3207,#3208,#3209);
#3207 = CARTESIAN_POINT('',(-30.61880215351,45.,8.));
#3208 = DIRECTION('',(-0.866025403784,0.,0.5));
#3209 = DIRECTION('',(-0.5,0.,-0.866025403784));
#3210 = ADVANCED_FACE('',(#3211),#3236,.T.);
#3211 = FACE_BOUND('',#3212,.T.);
#3212 = EDGE_LOOP('',(#3213,#3214,#3222,#3230));
#3213 = ORIENTED_EDGE('',*,*,#3192,.T.);
#3214 = ORIENTED_EDGE('',*,*,#3215,.T.);
#3215 = EDGE_CURVE('',#3185,#3216,#3218,.T.);
#3216 = VERTEX_POINT('',#3217);
#3217 = CARTESIAN_POINT('',(-30.61880215351,51.,-8.));
#3218 = LINE('',#3219,#3220);
#3219 = CARTESIAN_POINT('',(-35.23760430703,51.,1.13128025464E-15));
#3220 = VECTOR('',#3221,1.);
#3221 = DIRECTION('',(0.5,0.,-0.866025403784));
#3222 = ORIENTED_EDGE('',*,*,#3223,.F.);
#3223 = EDGE_CURVE('',#3224,#3216,#3226,.T.);
#3224 = VERTEX_POINT('',#3225);
#3225 = CARTESIAN_POINT('',(-30.61880215351,45.,-8.));
#3226 = LINE('',#3227,#3228);
#3227 = CARTESIAN_POINT('',(-30.61880215351,45.,-8.));
#3228 = VECTOR('',#3229,1.);
#3229 = DIRECTION('',(0.,1.,0.));
#3230 = ORIENTED_EDGE('',*,*,#3231,.F.);
#3231 = EDGE_CURVE('',#3193,#3224,#3232,.T.);
#3232 = LINE('',#3233,#3234);
#3233 = CARTESIAN_POINT('',(-35.23760430703,45.,1.13128025464E-15));
#3234 = VECTOR('',#3235,1.);
#3235 = DIRECTION('',(0.5,0.,-0.866025403784));
#3236 = PLANE('',#3237);
#3237 = AXIS2_PLACEMENT_3D('',#3238,#3239,#3240);
#3238 = CARTESIAN_POINT('',(-35.23760430703,45.,1.13128025464E-15));
#3239 = DIRECTION('',(-0.866025403784,0.,-0.5));
#3240 = DIRECTION('',(0.5,0.,-0.866025403784));
#3241 = ADVANCED_FACE('',(#3242),#3267,.T.);
#3242 = FACE_BOUND('',#3243,.T.);
#3243 = EDGE_LOOP('',(#3244,#3245,#3253,#3261));
#3244 = ORIENTED_EDGE('',*,*,#3223,.T.);
#3245 = ORIENTED_EDGE('',*,*,#3246,.T.);
#3246 = EDGE_CURVE('',#3216,#3247,#3249,.T.);
#3247 = VERTEX_POINT('',#3248);
#3248 = CARTESIAN_POINT('',(-21.38119784648,51.,-8.));
#3249 = LINE('',#3250,#3251);
#3250 = CARTESIAN_POINT('',(-30.61880215351,51.,-8.));
#3251 = VECTOR('',#3252,1.);
#3252 = DIRECTION('',(1.,0.,0.));
#3253 = ORIENTED_EDGE('',*,*,#3254,.F.);
#3254 = EDGE_CURVE('',#3255,#3247,#3257,.T.);
#3255 = VERTEX_POINT('',#3256);
#3256 = CARTESIAN_POINT('',(-21.38119784648,45.,-8.));
#3257 = LINE('',#3258,#3259);
#3258 = CARTESIAN_POINT('',(-21.38119784648,45.,-8.));
#3259 = VECTOR('',#3260,1.);
#3260 = DIRECTION('',(0.,1.,0.));
#3261 = ORIENTED_EDGE('',*,*,#3262,.F.);
#3262 = EDGE_CURVE('',#3224,#3255,#3263,.T.);
#3263 = LINE('',#3264,#3265);
#3264 = CARTESIAN_POINT('',(-30.61880215351,45.,-8.));
#3265 = VECTOR('',#3266,1.);
#3266 = DIRECTION('',(1.,0.,0.));
#3267 = PLANE('',#3268);
#3268 = AXIS2_PLACEMENT_3D('',#3269,#3270,#3271);
#3269 = CARTESIAN_POINT('',(-30.61880215351,45.,-8.));
#3270 = DIRECTION('',(0.,0.,-1.));
#3271 = DIRECTION('',(1.,0.,0.));
#3272 = ADVANCED_FACE('',(#3273),#3289,.T.);
#3273 = FACE_BOUND('',#3274,.T.);
#3274 = EDGE_LOOP('',(#3275,#3276,#3282,#3283));
#3275 = ORIENTED_EDGE('',*,*,#3254,.T.);
#3276 = ORIENTED_EDGE('',*,*,#3277,.T.);
#3277 = EDGE_CURVE('',#3247,#3115,#3278,.T.);
#3278 = LINE('',#3279,#3280);
#3279 = CARTESIAN_POINT('',(-21.38119784648,51.,-8.));
#3280 = VECTOR('',#3281,1.);
#3281 = DIRECTION('',(0.5,0.,0.866025403784));
#3282 = ORIENTED_EDGE('',*,*,#3112,.F.);
#3283 = ORIENTED_EDGE('',*,*,#3284,.F.);
#3284 = EDGE_CURVE('',#3255,#3113,#3285,.T.);
#3285 = LINE('',#3286,#3287);
#3286 = CARTESIAN_POINT('',(-21.38119784648,45.,-8.));
#3287 = VECTOR('',#3288,1.);
#3288 = DIRECTION('',(0.5,0.,0.866025403784));
#3289 = PLANE('',#3290);
#3290 = AXIS2_PLACEMENT_3D('',#3291,#3292,#3293);
#3291 = CARTESIAN_POINT('',(-21.38119784648,45.,-8.));
#3292 = DIRECTION('',(0.866025403784,0.,-0.5));
#3293 = DIRECTION('',(0.5,0.,0.866025403784));
#3294 = ADVANCED_FACE('',(#3295),#3303,.T.);
#3295 = FACE_BOUND('',#3296,.T.);
#3296 = EDGE_LOOP('',(#3297,#3298,#3299,#3300,#3301,#3302));
#3297 = ORIENTED_EDGE('',*,*,#3138,.T.);
#3298 = ORIENTED_EDGE('',*,*,#3169,.T.);
#3299 = ORIENTED_EDGE('',*,*,#3200,.T.);
#3300 = ORIENTED_EDGE('',*,*,#3231,.T.);
#3301 = ORIENTED_EDGE('',*,*,#3262,.T.);
#3302 = ORIENTED_EDGE('',*,*,#3284,.T.);
#3303 = PLANE('',#3304);
#3304 = AXIS2_PLACEMENT_3D('',#3305,#3306,#3307);
#3305 = CARTESIAN_POINT('',(-26.,45.,-3.845925372767E-16));
#3306 = DIRECTION('',(-0.,-1.,-0.));
#3307 = DIRECTION('',(0.,0.,-1.));
#3308 = ADVANCED_FACE('',(#3309),#3317,.F.);
#3309 = FACE_BOUND('',#3310,.F.);
#3310 = EDGE_LOOP('',(#3311,#3312,#3313,#3314,#3315,#3316));
#3311 = ORIENTED_EDGE('',*,*,#3122,.T.);
#3312 = ORIENTED_EDGE('',*,*,#3153,.T.);
#3313 = ORIENTED_EDGE('',*,*,#3184,.T.);
#3314 = ORIENTED_EDGE('',*,*,#3215,.T.);
#3315 = ORIENTED_EDGE('',*,*,#3246,.T.);
#3316 = ORIENTED_EDGE('',*,*,#3277,.T.);
#3317 = PLANE('',#3318);
#3318 = AXIS2_PLACEMENT_3D('',#3319,#3320,#3321);
#3319 = CARTESIAN_POINT('',(-26.,51.,-3.845925372767E-16));
#3320 = DIRECTION('',(-0.,-1.,-0.));
#3321 = DIRECTION('',(0.,0.,-1.));
#3322 = MANIFOLD_SOLID_BREP('',#3323);
#3323 = CLOSED_SHELL('',(#3324,#3364,#3395,#3426,#3457,#3488,#3510,#3524
    ));
#3324 = ADVANCED_FACE('',(#3325),#3359,.T.);
#3325 = FACE_BOUND('',#3326,.T.);
#3326 = EDGE_LOOP('',(#3327,#3337,#3345,#3353));
#3327 = ORIENTED_EDGE('',*,*,#3328,.T.);
#3328 = EDGE_CURVE('',#3329,#3331,#3333,.T.);
#3329 = VERTEX_POINT('',#3330);
#3330 = CARTESIAN_POINT('',(-16.76239569296,118.,0.));
#3331 = VERTEX_POINT('',#3332);
#3332 = CARTESIAN_POINT('',(-16.76239569296,126.,0.));
#3333 = LINE('',#3334,#3335);
#3334 = CARTESIAN_POINT('',(-16.76239569296,118.,0.));
#3335 = VECTOR('',#3336,1.);
#3336 = DIRECTION('',(0.,1.,0.));
#3337 = ORIENTED_EDGE('',*,*,#3338,.T.);
#3338 = EDGE_CURVE('',#3331,#3339,#3341,.T.);
#3339 = VERTEX_POINT('',#3340);
#3340 = CARTESIAN_POINT('',(-21.38119784648,126.,8.));
#3341 = LINE('',#3342,#3343);
#3342 = CARTESIAN_POINT('',(-16.76239569296,126.,0.));
#3343 = VECTOR('',#3344,1.);
#3344 = DIRECTION('',(-0.5,0.,0.866025403784));
#3345 = ORIENTED_EDGE('',*,*,#3346,.F.);
#3346 = EDGE_CURVE('',#3347,#3339,#3349,.T.);
#3347 = VERTEX_POINT('',#3348);
#3348 = CARTESIAN_POINT('',(-21.38119784648,118.,8.));
#3349 = LINE('',#3350,#3351);
#3350 = CARTESIAN_POINT('',(-21.38119784648,118.,8.));
#3351 = VECTOR('',#3352,1.);
#3352 = DIRECTION('',(0.,1.,0.));
#3353 = ORIENTED_EDGE('',*,*,#3354,.F.);
#3354 = EDGE_CURVE('',#3329,#3347,#3355,.T.);
#3355 = LINE('',#3356,#3357);
#3356 = CARTESIAN_POINT('',(-16.76239569296,118.,0.));
#3357 = VECTOR('',#3358,1.);
#3358 = DIRECTION('',(-0.5,0.,0.866025403784));
#3359 = PLANE('',#3360);
#3360 = AXIS2_PLACEMENT_3D('',#3361,#3362,#3363);
#3361 = CARTESIAN_POINT('',(-16.76239569296,118.,0.));
#3362 = DIRECTION('',(0.866025403784,0.,0.5));
#3363 = DIRECTION('',(-0.5,0.,0.866025403784));
#3364 = ADVANCED_FACE('',(#3365),#3390,.T.);
#3365 = FACE_BOUND('',#3366,.T.);
#3366 = EDGE_LOOP('',(#3367,#3368,#3376,#3384));
#3367 = ORIENTED_EDGE('',*,*,#3346,.T.);
#3368 = ORIENTED_EDGE('',*,*,#3369,.T.);
#3369 = EDGE_CURVE('',#3339,#3370,#3372,.T.);
#3370 = VERTEX_POINT('',#3371);
#3371 = CARTESIAN_POINT('',(-30.61880215351,126.,8.));
#3372 = LINE('',#3373,#3374);
#3373 = CARTESIAN_POINT('',(-21.38119784648,126.,8.));
#3374 = VECTOR('',#3375,1.);
#3375 = DIRECTION('',(-1.,0.,1.922962686384E-16));
#3376 = ORIENTED_EDGE('',*,*,#3377,.F.);
#3377 = EDGE_CURVE('',#3378,#3370,#3380,.T.);
#3378 = VERTEX_POINT('',#3379);
#3379 = CARTESIAN_POINT('',(-30.61880215351,118.,8.));
#3380 = LINE('',#3381,#3382);
#3381 = CARTESIAN_POINT('',(-30.61880215351,118.,8.));
#3382 = VECTOR('',#3383,1.);
#3383 = DIRECTION('',(0.,1.,0.));
#3384 = ORIENTED_EDGE('',*,*,#3385,.F.);
#3385 = EDGE_CURVE('',#3347,#3378,#3386,.T.);
#3386 = LINE('',#3387,#3388);
#3387 = CARTESIAN_POINT('',(-21.38119784648,118.,8.));
#3388 = VECTOR('',#3389,1.);
#3389 = DIRECTION('',(-1.,0.,1.922962686384E-16));
#3390 = PLANE('',#3391);
#3391 = AXIS2_PLACEMENT_3D('',#3392,#3393,#3394);
#3392 = CARTESIAN_POINT('',(-21.38119784648,118.,8.));
#3393 = DIRECTION('',(1.922962686384E-16,0.,1.));
#3394 = DIRECTION('',(-1.,0.,1.922962686384E-16));
#3395 = ADVANCED_FACE('',(#3396),#3421,.T.);
#3396 = FACE_BOUND('',#3397,.T.);
#3397 = EDGE_LOOP('',(#3398,#3399,#3407,#3415));
#3398 = ORIENTED_EDGE('',*,*,#3377,.T.);
#3399 = ORIENTED_EDGE('',*,*,#3400,.T.);
#3400 = EDGE_CURVE('',#3370,#3401,#3403,.T.);
#3401 = VERTEX_POINT('',#3402);
#3402 = CARTESIAN_POINT('',(-35.23760430703,126.,1.13128025464E-15));
#3403 = LINE('',#3404,#3405);
#3404 = CARTESIAN_POINT('',(-30.61880215351,126.,8.));
#3405 = VECTOR('',#3406,1.);
#3406 = DIRECTION('',(-0.5,0.,-0.866025403784));
#3407 = ORIENTED_EDGE('',*,*,#3408,.F.);
#3408 = EDGE_CURVE('',#3409,#3401,#3411,.T.);
#3409 = VERTEX_POINT('',#3410);
#3410 = CARTESIAN_POINT('',(-35.23760430703,118.,1.13128025464E-15));
#3411 = LINE('',#3412,#3413);
#3412 = CARTESIAN_POINT('',(-35.23760430703,118.,1.13128025464E-15));
#3413 = VECTOR('',#3414,1.);
#3414 = DIRECTION('',(0.,1.,0.));
#3415 = ORIENTED_EDGE('',*,*,#3416,.F.);
#3416 = EDGE_CURVE('',#3378,#3409,#3417,.T.);
#3417 = LINE('',#3418,#3419);
#3418 = CARTESIAN_POINT('',(-30.61880215351,118.,8.));
#3419 = VECTOR('',#3420,1.);
#3420 = DIRECTION('',(-0.5,0.,-0.866025403784));
#3421 = PLANE('',#3422);
#3422 = AXIS2_PLACEMENT_3D('',#3423,#3424,#3425);
#3423 = CARTESIAN_POINT('',(-30.61880215351,118.,8.));
#3424 = DIRECTION('',(-0.866025403784,0.,0.5));
#3425 = DIRECTION('',(-0.5,0.,-0.866025403784));
#3426 = ADVANCED_FACE('',(#3427),#3452,.T.);
#3427 = FACE_BOUND('',#3428,.T.);
#3428 = EDGE_LOOP('',(#3429,#3430,#3438,#3446));
#3429 = ORIENTED_EDGE('',*,*,#3408,.T.);
#3430 = ORIENTED_EDGE('',*,*,#3431,.T.);
#3431 = EDGE_CURVE('',#3401,#3432,#3434,.T.);
#3432 = VERTEX_POINT('',#3433);
#3433 = CARTESIAN_POINT('',(-30.61880215351,126.,-8.));
#3434 = LINE('',#3435,#3436);
#3435 = CARTESIAN_POINT('',(-35.23760430703,126.,1.13128025464E-15));
#3436 = VECTOR('',#3437,1.);
#3437 = DIRECTION('',(0.5,0.,-0.866025403784));
#3438 = ORIENTED_EDGE('',*,*,#3439,.F.);
#3439 = EDGE_CURVE('',#3440,#3432,#3442,.T.);
#3440 = VERTEX_POINT('',#3441);
#3441 = CARTESIAN_POINT('',(-30.61880215351,118.,-8.));
#3442 = LINE('',#3443,#3444);
#3443 = CARTESIAN_POINT('',(-30.61880215351,118.,-8.));
#3444 = VECTOR('',#3445,1.);
#3445 = DIRECTION('',(0.,1.,0.));
#3446 = ORIENTED_EDGE('',*,*,#3447,.F.);
#3447 = EDGE_CURVE('',#3409,#3440,#3448,.T.);
#3448 = LINE('',#3449,#3450);
#3449 = CARTESIAN_POINT('',(-35.23760430703,118.,1.13128025464E-15));
#3450 = VECTOR('',#3451,1.);
#3451 = DIRECTION('',(0.5,0.,-0.866025403784));
#3452 = PLANE('',#3453);
#3453 = AXIS2_PLACEMENT_3D('',#3454,#3455,#3456);
#3454 = CARTESIAN_POINT('',(-35.23760430703,118.,1.13128025464E-15));
#3455 = DIRECTION('',(-0.866025403784,0.,-0.5));
#3456 = DIRECTION('',(0.5,0.,-0.866025403784));
#3457 = ADVANCED_FACE('',(#3458),#3483,.T.);
#3458 = FACE_BOUND('',#3459,.T.);
#3459 = EDGE_LOOP('',(#3460,#3461,#3469,#3477));
#3460 = ORIENTED_EDGE('',*,*,#3439,.T.);
#3461 = ORIENTED_EDGE('',*,*,#3462,.T.);
#3462 = EDGE_CURVE('',#3432,#3463,#3465,.T.);
#3463 = VERTEX_POINT('',#3464);
#3464 = CARTESIAN_POINT('',(-21.38119784648,126.,-8.));
#3465 = LINE('',#3466,#3467);
#3466 = CARTESIAN_POINT('',(-30.61880215351,126.,-8.));
#3467 = VECTOR('',#3468,1.);
#3468 = DIRECTION('',(1.,0.,0.));
#3469 = ORIENTED_EDGE('',*,*,#3470,.F.);
#3470 = EDGE_CURVE('',#3471,#3463,#3473,.T.);
#3471 = VERTEX_POINT('',#3472);
#3472 = CARTESIAN_POINT('',(-21.38119784648,118.,-8.));
#3473 = LINE('',#3474,#3475);
#3474 = CARTESIAN_POINT('',(-21.38119784648,118.,-8.));
#3475 = VECTOR('',#3476,1.);
#3476 = DIRECTION('',(0.,1.,0.));
#3477 = ORIENTED_EDGE('',*,*,#3478,.F.);
#3478 = EDGE_CURVE('',#3440,#3471,#3479,.T.);
#3479 = LINE('',#3480,#3481);
#3480 = CARTESIAN_POINT('',(-30.61880215351,118.,-8.));
#3481 = VECTOR('',#3482,1.);
#3482 = DIRECTION('',(1.,0.,0.));
#3483 = PLANE('',#3484);
#3484 = AXIS2_PLACEMENT_3D('',#3485,#3486,#3487);
#3485 = CARTESIAN_POINT('',(-30.61880215351,118.,-8.));
#3486 = DIRECTION('',(0.,0.,-1.));
#3487 = DIRECTION('',(1.,0.,0.));
#3488 = ADVANCED_FACE('',(#3489),#3505,.T.);
#3489 = FACE_BOUND('',#3490,.T.);
#3490 = EDGE_LOOP('',(#3491,#3492,#3498,#3499));
#3491 = ORIENTED_EDGE('',*,*,#3470,.T.);
#3492 = ORIENTED_EDGE('',*,*,#3493,.T.);
#3493 = EDGE_CURVE('',#3463,#3331,#3494,.T.);
#3494 = LINE('',#3495,#3496);
#3495 = CARTESIAN_POINT('',(-21.38119784648,126.,-8.));
#3496 = VECTOR('',#3497,1.);
#3497 = DIRECTION('',(0.5,0.,0.866025403784));
#3498 = ORIENTED_EDGE('',*,*,#3328,.F.);
#3499 = ORIENTED_EDGE('',*,*,#3500,.F.);
#3500 = EDGE_CURVE('',#3471,#3329,#3501,.T.);
#3501 = LINE('',#3502,#3503);
#3502 = CARTESIAN_POINT('',(-21.38119784648,118.,-8.));
#3503 = VECTOR('',#3504,1.);
#3504 = DIRECTION('',(0.5,0.,0.866025403784));
#3505 = PLANE('',#3506);
#3506 = AXIS2_PLACEMENT_3D('',#3507,#3508,#3509);
#3507 = CARTESIAN_POINT('',(-21.38119784648,118.,-8.));
#3508 = DIRECTION('',(0.866025403784,0.,-0.5));
#3509 = DIRECTION('',(0.5,0.,0.866025403784));
#3510 = ADVANCED_FACE('',(#3511),#3519,.T.);
#3511 = FACE_BOUND('',#3512,.T.);
#3512 = EDGE_LOOP('',(#3513,#3514,#3515,#3516,#3517,#3518));
#3513 = ORIENTED_EDGE('',*,*,#3354,.T.);
#3514 = ORIENTED_EDGE('',*,*,#3385,.T.);
#3515 = ORIENTED_EDGE('',*,*,#3416,.T.);
#3516 = ORIENTED_EDGE('',*,*,#3447,.T.);
#3517 = ORIENTED_EDGE('',*,*,#3478,.T.);
#3518 = ORIENTED_EDGE('',*,*,#3500,.T.);
#3519 = PLANE('',#3520);
#3520 = AXIS2_PLACEMENT_3D('',#3521,#3522,#3523);
#3521 = CARTESIAN_POINT('',(-26.,118.,-3.845925372767E-16));
#3522 = DIRECTION('',(-0.,-1.,-0.));
#3523 = DIRECTION('',(0.,0.,-1.));
#3524 = ADVANCED_FACE('',(#3525),#3533,.F.);
#3525 = FACE_BOUND('',#3526,.F.);
#3526 = EDGE_LOOP('',(#3527,#3528,#3529,#3530,#3531,#3532));
#3527 = ORIENTED_EDGE('',*,*,#3338,.T.);
#3528 = ORIENTED_EDGE('',*,*,#3369,.T.);
#3529 = ORIENTED_EDGE('',*,*,#3400,.T.);
#3530 = ORIENTED_EDGE('',*,*,#3431,.T.);
#3531 = ORIENTED_EDGE('',*,*,#3462,.T.);
#3532 = ORIENTED_EDGE('',*,*,#3493,.T.);
#3533 = PLANE('',#3534);
#3534 = AXIS2_PLACEMENT_3D('',#3535,#3536,#3537);
#3535 = CARTESIAN_POINT('',(-26.,126.,-3.845925372767E-16));
#3536 = DIRECTION('',(-0.,-1.,-0.));
#3537 = DIRECTION('',(0.,0.,-1.));
#3538 = BREP_WITH_VOIDS('',#3539,(#3929));
#3539 = CLOSED_SHELL('',(#3540,#3580,#3611,#3635,#3659,#3676,#3746,#3777
    ,#3801,#3825,#3849,#3873,#3897,#3914));
#3540 = ADVANCED_FACE('',(#3541),#3575,.F.);
#3541 = FACE_BOUND('',#3542,.F.);
#3542 = EDGE_LOOP('',(#3543,#3553,#3561,#3569));
#3543 = ORIENTED_EDGE('',*,*,#3544,.F.);
#3544 = EDGE_CURVE('',#3545,#3547,#3549,.T.);
#3545 = VERTEX_POINT('',#3546);
#3546 = CARTESIAN_POINT('',(16.263455967291,-71.41778489984,-95.));
#3547 = VERTEX_POINT('',#3548);
#3548 = CARTESIAN_POINT('',(16.263455967291,-71.41778489984,95.));
#3549 = LINE('',#3550,#3551);
#3550 = CARTESIAN_POINT('',(16.263455967291,-71.41778489984,-95.));
#3551 = VECTOR('',#3552,1.);
#3552 = DIRECTION('',(0.,0.,1.));
#3553 = ORIENTED_EDGE('',*,*,#3554,.T.);
#3554 = EDGE_CURVE('',#3545,#3555,#3557,.T.);
#3555 = VERTEX_POINT('',#3556);
#3556 = CARTESIAN_POINT('',(-34.64823227814,-122.3294731452,-95.));
#3557 = LINE('',#3558,#3559);
#3558 = CARTESIAN_POINT('',(16.263455967291,-71.41778489984,-95.));
#3559 = VECTOR('',#3560,1.);
#3560 = DIRECTION('',(-0.707106781187,-0.707106781187,0.));
#3561 = ORIENTED_EDGE('',*,*,#3562,.T.);
#3562 = EDGE_CURVE('',#3555,#3563,#3565,.T.);
#3563 = VERTEX_POINT('',#3564);
#3564 = CARTESIAN_POINT('',(-34.64823227814,-122.3294731452,95.));
#3565 = LINE('',#3566,#3567);
#3566 = CARTESIAN_POINT('',(-34.64823227814,-122.3294731452,-95.));
#3567 = VECTOR('',#3568,1.);
#3568 = DIRECTION('',(0.,0.,1.));
#3569 = ORIENTED_EDGE('',*,*,#3570,.F.);
#3570 = EDGE_CURVE('',#3547,#3563,#3571,.T.);
#3571 = LINE('',#3572,#3573);
#3572 = CARTESIAN_POINT('',(16.263455967291,-71.41778489984,95.));
#3573 = VECTOR('',#3574,1.);
#3574 = DIRECTION('',(-0.707106781187,-0.707106781187,0.));
#3575 = PLANE('',#3576);
#3576 = AXIS2_PLACEMENT_3D('',#3577,#3578,#3579);
#3577 = CARTESIAN_POINT('',(16.263455967291,-71.41778489984,-95.));
#3578 = DIRECTION('',(-0.707106781187,0.707106781187,0.));
#3579 = DIRECTION('',(0.,0.,1.));
#3580 = ADVANCED_FACE('',(#3581),#3606,.F.);
#3581 = FACE_BOUND('',#3582,.F.);
#3582 = EDGE_LOOP('',(#3583,#3591,#3592,#3600));
#3583 = ORIENTED_EDGE('',*,*,#3584,.F.);
#3584 = EDGE_CURVE('',#3545,#3585,#3587,.T.);
#3585 = VERTEX_POINT('',#3586);
#3586 = CARTESIAN_POINT('',(-71.41778489984,16.263455967291,-95.));
#3587 = LINE('',#3588,#3589);
#3588 = CARTESIAN_POINT('',(16.263455967291,-71.41778489984,-95.));
#3589 = VECTOR('',#3590,1.);
#3590 = DIRECTION('',(-0.707106781187,0.707106781187,0.));
#3591 = ORIENTED_EDGE('',*,*,#3544,.T.);
#3592 = ORIENTED_EDGE('',*,*,#3593,.T.);
#3593 = EDGE_CURVE('',#3547,#3594,#3596,.T.);
#3594 = VERTEX_POINT('',#3595);
#3595 = CARTESIAN_POINT('',(-71.41778489984,16.263455967291,95.));
#3596 = LINE('',#3597,#3598);
#3597 = CARTESIAN_POINT('',(16.263455967291,-71.41778489984,95.));
#3598 = VECTOR('',#3599,1.);
#3599 = DIRECTION('',(-0.707106781187,0.707106781187,0.));
#3600 = ORIENTED_EDGE('',*,*,#3601,.F.);
#3601 = EDGE_CURVE('',#3585,#3594,#3602,.T.);
#3602 = LINE('',#3603,#3604);
#3603 = CARTESIAN_POINT('',(-71.41778489984,16.263455967291,-95.));
#3604 = VECTOR('',#3605,1.);
#3605 = DIRECTION('',(0.,0.,1.));
#3606 = PLANE('',#3607);
#3607 = AXIS2_PLACEMENT_3D('',#3608,#3609,#3610);
#3608 = CARTESIAN_POINT('',(16.263455967291,-71.41778489984,-95.));
#3609 = DIRECTION('',(-0.707106781187,-0.707106781187,0.));
#3610 = DIRECTION('',(0.,0.,1.));
#3611 = ADVANCED_FACE('',(#3612),#3630,.T.);
#3612 = FACE_BOUND('',#3613,.T.);
#3613 = EDGE_LOOP('',(#3614,#3615,#3616,#3624));
#3614 = ORIENTED_EDGE('',*,*,#3570,.F.);
#3615 = ORIENTED_EDGE('',*,*,#3593,.T.);
#3616 = ORIENTED_EDGE('',*,*,#3617,.T.);
#3617 = EDGE_CURVE('',#3594,#3618,#3620,.T.);
#3618 = VERTEX_POINT('',#3619);
#3619 = CARTESIAN_POINT('',(-122.3294731452,-34.64823227814,95.));
#3620 = LINE('',#3621,#3622);
#3621 = CARTESIAN_POINT('',(-71.41778489984,16.263455967291,95.));
#3622 = VECTOR('',#3623,1.);
#3623 = DIRECTION('',(-0.707106781187,-0.707106781187,0.));
#3624 = ORIENTED_EDGE('',*,*,#3625,.F.);
#3625 = EDGE_CURVE('',#3563,#3618,#3626,.T.);
#3626 = LINE('',#3627,#3628);
#3627 = CARTESIAN_POINT('',(-34.64823227814,-122.3294731452,95.));
#3628 = VECTOR('',#3629,1.);
#3629 = DIRECTION('',(-0.707106781187,0.707106781187,0.));
#3630 = PLANE('',#3631);
#3631 = AXIS2_PLACEMENT_3D('',#3632,#3633,#3634);
#3632 = CARTESIAN_POINT('',(16.263455967291,-71.41778489984,95.));
#3633 = DIRECTION('',(0.,0.,1.));
#3634 = DIRECTION('',(-0.707106781187,0.707106781187,0.));
#3635 = ADVANCED_FACE('',(#3636),#3654,.T.);
#3636 = FACE_BOUND('',#3637,.T.);
#3637 = EDGE_LOOP('',(#3638,#3646,#3647,#3648));
#3638 = ORIENTED_EDGE('',*,*,#3639,.F.);
#3639 = EDGE_CURVE('',#3555,#3640,#3642,.T.);
#3640 = VERTEX_POINT('',#3641);
#3641 = CARTESIAN_POINT('',(-122.3294731452,-34.64823227814,-95.));
#3642 = LINE('',#3643,#3644);
#3643 = CARTESIAN_POINT('',(-34.64823227814,-122.3294731452,-95.));
#3644 = VECTOR('',#3645,1.);
#3645 = DIRECTION('',(-0.707106781187,0.707106781187,0.));
#3646 = ORIENTED_EDGE('',*,*,#3562,.T.);
#3647 = ORIENTED_EDGE('',*,*,#3625,.T.);
#3648 = ORIENTED_EDGE('',*,*,#3649,.F.);
#3649 = EDGE_CURVE('',#3640,#3618,#3650,.T.);
#3650 = LINE('',#3651,#3652);
#3651 = CARTESIAN_POINT('',(-122.3294731452,-34.64823227814,-95.));
#3652 = VECTOR('',#3653,1.);
#3653 = DIRECTION('',(0.,0.,1.));
#3654 = PLANE('',#3655);
#3655 = AXIS2_PLACEMENT_3D('',#3656,#3657,#3658);
#3656 = CARTESIAN_POINT('',(-34.64823227814,-122.3294731452,-95.));
#3657 = DIRECTION('',(-0.707106781187,-0.707106781187,0.));
#3658 = DIRECTION('',(0.,0.,1.));
#3659 = ADVANCED_FACE('',(#3660),#3671,.F.);
#3660 = FACE_BOUND('',#3661,.F.);
#3661 = EDGE_LOOP('',(#3662,#3663,#3664,#3670));
#3662 = ORIENTED_EDGE('',*,*,#3554,.F.);
#3663 = ORIENTED_EDGE('',*,*,#3584,.T.);
#3664 = ORIENTED_EDGE('',*,*,#3665,.T.);
#3665 = EDGE_CURVE('',#3585,#3640,#3666,.T.);
#3666 = LINE('',#3667,#3668);
#3667 = CARTESIAN_POINT('',(-71.41778489984,16.263455967291,-95.));
#3668 = VECTOR('',#3669,1.);
#3669 = DIRECTION('',(-0.707106781187,-0.707106781187,0.));
#3670 = ORIENTED_EDGE('',*,*,#3639,.F.);
#3671 = PLANE('',#3672);
#3672 = AXIS2_PLACEMENT_3D('',#3673,#3674,#3675);
#3673 = CARTESIAN_POINT('',(16.263455967291,-71.41778489984,-95.));
#3674 = DIRECTION('',(0.,0.,1.));
#3675 = DIRECTION('',(-0.707106781187,0.707106781187,0.));
#3676 = ADVANCED_FACE('',(#3677,#3683),#3741,.T.);
#3677 = FACE_BOUND('',#3678,.T.);
#3678 = EDGE_LOOP('',(#3679,#3680,#3681,#3682));
#3679 = ORIENTED_EDGE('',*,*,#3601,.F.);
#3680 = ORIENTED_EDGE('',*,*,#3665,.T.);
#3681 = ORIENTED_EDGE('',*,*,#3649,.T.);
#3682 = ORIENTED_EDGE('',*,*,#3617,.F.);
#3683 = FACE_BOUND('',#3684,.T.);
#3684 = EDGE_LOOP('',(#3685,#3695,#3703,#3711,#3719,#3727,#3735));
#3685 = ORIENTED_EDGE('',*,*,#3686,.F.);
#3686 = EDGE_CURVE('',#3687,#3689,#3691,.T.);
#3687 = VERTEX_POINT('',#3688);
#3688 = CARTESIAN_POINT('',(-94.04520189781,-6.363961030679,20.));
#3689 = VERTEX_POINT('',#3690);
#3690 = CARTESIAN_POINT('',(-99.7020561473,-12.02081528017,20.));
#3691 = LINE('',#3692,#3693);
#3692 = CARTESIAN_POINT('',(-94.04520189781,-6.363961030679,20.));
#3693 = VECTOR('',#3694,1.);
#3694 = DIRECTION('',(-0.707106781187,-0.707106781187,0.));
#3695 = ORIENTED_EDGE('',*,*,#3696,.F.);
#3696 = EDGE_CURVE('',#3697,#3687,#3699,.T.);
#3697 = VERTEX_POINT('',#3698);
#3698 = CARTESIAN_POINT('',(-94.04520189781,-6.363961030679,34.));
#3699 = LINE('',#3700,#3701);
#3700 = CARTESIAN_POINT('',(-94.04520189781,-6.363961030679,34.));
#3701 = VECTOR('',#3702,1.);
#3702 = DIRECTION('',(-0.,0.,-1.));
#3703 = ORIENTED_EDGE('',*,*,#3704,.F.);
#3704 = EDGE_CURVE('',#3705,#3697,#3707,.T.);
#3705 = VERTEX_POINT('',#3706);
#3706 = CARTESIAN_POINT('',(-91.21677477306,-3.535533905933,34.));
#3707 = LINE('',#3708,#3709);
#3708 = CARTESIAN_POINT('',(-91.21677477306,-3.535533905933,34.));
#3709 = VECTOR('',#3710,1.);
#3710 = DIRECTION('',(-0.707106781187,-0.707106781187,0.));
#3711 = ORIENTED_EDGE('',*,*,#3712,.F.);
#3712 = EDGE_CURVE('',#3713,#3705,#3715,.T.);
#3713 = VERTEX_POINT('',#3714);
#3714 = CARTESIAN_POINT('',(-96.87362902255,-9.192388155425,44.));
#3715 = LINE('',#3716,#3717);
#3716 = CARTESIAN_POINT('',(-96.87362902255,-9.192388155425,44.));
#3717 = VECTOR('',#3718,1.);
#3718 = DIRECTION('',(0.441726104299,0.441726104299,-0.780868809443));
#3719 = ORIENTED_EDGE('',*,*,#3720,.F.);
#3720 = EDGE_CURVE('',#3721,#3713,#3723,.T.);
#3721 = VERTEX_POINT('',#3722);
#3722 = CARTESIAN_POINT('',(-102.530483272,-14.84924240491,34.));
#3723 = LINE('',#3724,#3725);
#3724 = CARTESIAN_POINT('',(-102.530483272,-14.84924240491,34.));
#3725 = VECTOR('',#3726,1.);
#3726 = DIRECTION('',(0.441726104299,0.441726104299,0.780868809443));
#3727 = ORIENTED_EDGE('',*,*,#3728,.F.);
#3728 = EDGE_CURVE('',#3729,#3721,#3731,.T.);
#3729 = VERTEX_POINT('',#3730);
#3730 = CARTESIAN_POINT('',(-99.7020561473,-12.02081528017,34.));
#3731 = LINE('',#3732,#3733);
#3732 = CARTESIAN_POINT('',(-99.7020561473,-12.02081528017,34.));
#3733 = VECTOR('',#3734,1.);
#3734 = DIRECTION('',(-0.707106781187,-0.707106781187,0.));
#3735 = ORIENTED_EDGE('',*,*,#3736,.F.);
#3736 = EDGE_CURVE('',#3689,#3729,#3737,.T.);
#3737 = LINE('',#3738,#3739);
#3738 = CARTESIAN_POINT('',(-99.7020561473,-12.02081528017,20.));
#3739 = VECTOR('',#3740,1.);
#3740 = DIRECTION('',(0.,0.,1.));
#3741 = PLANE('',#3742);
#3742 = AXIS2_PLACEMENT_3D('',#3743,#3744,#3745);
#3743 = CARTESIAN_POINT('',(-71.41778489984,16.263455967291,-95.));
#3744 = DIRECTION('',(-0.707106781187,0.707106781187,0.));
#3745 = DIRECTION('',(0.,0.,1.));
#3746 = ADVANCED_FACE('',(#3747),#3772,.F.);
#3747 = FACE_BOUND('',#3748,.F.);
#3748 = EDGE_LOOP('',(#3749,#3757,#3765,#3771));
#3749 = ORIENTED_EDGE('',*,*,#3750,.T.);
#3750 = EDGE_CURVE('',#3687,#3751,#3753,.T.);
#3751 = VERTEX_POINT('',#3752);
#3752 = CARTESIAN_POINT('',(-94.89373003523,-5.515432893255,20.));
#3753 = LINE('',#3754,#3755);
#3754 = CARTESIAN_POINT('',(-94.04520189781,-6.363961030679,20.));
#3755 = VECTOR('',#3756,1.);
#3756 = DIRECTION('',(-0.707106781187,0.707106781187,0.));
#3757 = ORIENTED_EDGE('',*,*,#3758,.T.);
#3758 = EDGE_CURVE('',#3751,#3759,#3761,.T.);
#3759 = VERTEX_POINT('',#3760);
#3760 = CARTESIAN_POINT('',(-100.5505842847,-11.17228714274,20.));
#3761 = LINE('',#3762,#3763);
#3762 = CARTESIAN_POINT('',(-94.89373003523,-5.515432893255,20.));
#3763 = VECTOR('',#3764,1.);
#3764 = DIRECTION('',(-0.707106781187,-0.707106781187,0.));
#3765 = ORIENTED_EDGE('',*,*,#3766,.F.);
#3766 = EDGE_CURVE('',#3689,#3759,#3767,.T.);
#3767 = LINE('',#3768,#3769);
#3768 = CARTESIAN_POINT('',(-99.7020561473,-12.02081528017,20.));
#3769 = VECTOR('',#3770,1.);
#3770 = DIRECTION('',(-0.707106781187,0.707106781187,0.));
#3771 = ORIENTED_EDGE('',*,*,#3686,.F.);
#3772 = PLANE('',#3773);
#3773 = AXIS2_PLACEMENT_3D('',#3774,#3775,#3776);
#3774 = CARTESIAN_POINT('',(-94.04520189781,-6.363961030679,20.));
#3775 = DIRECTION('',(0.,0.,1.));
#3776 = DIRECTION('',(-0.707106781187,-0.707106781187,0.));
#3777 = ADVANCED_FACE('',(#3778),#3796,.F.);
#3778 = FACE_BOUND('',#3779,.F.);
#3779 = EDGE_LOOP('',(#3780,#3781,#3789,#3795));
#3780 = ORIENTED_EDGE('',*,*,#3766,.T.);
#3781 = ORIENTED_EDGE('',*,*,#3782,.T.);
#3782 = EDGE_CURVE('',#3759,#3783,#3785,.T.);
#3783 = VERTEX_POINT('',#3784);
#3784 = CARTESIAN_POINT('',(-100.5505842847,-11.17228714274,34.));
#3785 = LINE('',#3786,#3787);
#3786 = CARTESIAN_POINT('',(-100.5505842847,-11.17228714274,20.));
#3787 = VECTOR('',#3788,1.);
#3788 = DIRECTION('',(0.,0.,1.));
#3789 = ORIENTED_EDGE('',*,*,#3790,.F.);
#3790 = EDGE_CURVE('',#3729,#3783,#3791,.T.);
#3791 = LINE('',#3792,#3793);
#3792 = CARTESIAN_POINT('',(-99.7020561473,-12.02081528017,34.));
#3793 = VECTOR('',#3794,1.);
#3794 = DIRECTION('',(-0.707106781187,0.707106781187,0.));
#3795 = ORIENTED_EDGE('',*,*,#3736,.F.);
#3796 = PLANE('',#3797);
#3797 = AXIS2_PLACEMENT_3D('',#3798,#3799,#3800);
#3798 = CARTESIAN_POINT('',(-99.7020561473,-12.02081528017,20.));
#3799 = DIRECTION('',(0.707106781187,0.707106781187,0.));
#3800 = DIRECTION('',(0.,0.,1.));
#3801 = ADVANCED_FACE('',(#3802),#3820,.F.);
#3802 = FACE_BOUND('',#3803,.F.);
#3803 = EDGE_LOOP('',(#3804,#3805,#3813,#3819));
#3804 = ORIENTED_EDGE('',*,*,#3790,.T.);
#3805 = ORIENTED_EDGE('',*,*,#3806,.T.);
#3806 = EDGE_CURVE('',#3783,#3807,#3809,.T.);
#3807 = VERTEX_POINT('',#3808);
#3808 = CARTESIAN_POINT('',(-103.3790114094,-14.00071426749,34.));
#3809 = LINE('',#3810,#3811);
#3810 = CARTESIAN_POINT('',(-100.5505842847,-11.17228714274,34.));
#3811 = VECTOR('',#3812,1.);
#3812 = DIRECTION('',(-0.707106781187,-0.707106781187,0.));
#3813 = ORIENTED_EDGE('',*,*,#3814,.F.);
#3814 = EDGE_CURVE('',#3721,#3807,#3815,.T.);
#3815 = LINE('',#3816,#3817);
#3816 = CARTESIAN_POINT('',(-102.530483272,-14.84924240491,34.));
#3817 = VECTOR('',#3818,1.);
#3818 = DIRECTION('',(-0.707106781187,0.707106781187,0.));
#3819 = ORIENTED_EDGE('',*,*,#3728,.F.);
#3820 = PLANE('',#3821);
#3821 = AXIS2_PLACEMENT_3D('',#3822,#3823,#3824);
#3822 = CARTESIAN_POINT('',(-99.7020561473,-12.02081528017,34.));
#3823 = DIRECTION('',(0.,0.,1.));
#3824 = DIRECTION('',(-0.707106781187,-0.707106781187,0.));
#3825 = ADVANCED_FACE('',(#3826),#3844,.F.);
#3826 = FACE_BOUND('',#3827,.F.);
#3827 = EDGE_LOOP('',(#3828,#3829,#3837,#3843));
#3828 = ORIENTED_EDGE('',*,*,#3814,.T.);
#3829 = ORIENTED_EDGE('',*,*,#3830,.T.);
#3830 = EDGE_CURVE('',#3807,#3831,#3833,.T.);
#3831 = VERTEX_POINT('',#3832);
#3832 = CARTESIAN_POINT('',(-97.72215715998,-8.343860018001,44.));
#3833 = LINE('',#3834,#3835);
#3834 = CARTESIAN_POINT('',(-103.3790114094,-14.00071426749,34.));
#3835 = VECTOR('',#3836,1.);
#3836 = DIRECTION('',(0.441726104299,0.441726104299,0.780868809443));
#3837 = ORIENTED_EDGE('',*,*,#3838,.F.);
#3838 = EDGE_CURVE('',#3713,#3831,#3839,.T.);
#3839 = LINE('',#3840,#3841);
#3840 = CARTESIAN_POINT('',(-96.87362902255,-9.192388155425,44.));
#3841 = VECTOR('',#3842,1.);
#3842 = DIRECTION('',(-0.707106781187,0.707106781187,0.));
#3843 = ORIENTED_EDGE('',*,*,#3720,.F.);
#3844 = PLANE('',#3845);
#3845 = AXIS2_PLACEMENT_3D('',#3846,#3847,#3848);
#3846 = CARTESIAN_POINT('',(-102.530483272,-14.84924240491,34.));
#3847 = DIRECTION('',(0.552157630374,0.552157630374,-0.624695047554));
#3848 = DIRECTION('',(0.441726104299,0.441726104299,0.780868809443));
#3849 = ADVANCED_FACE('',(#3850),#3868,.F.);
#3850 = FACE_BOUND('',#3851,.F.);
#3851 = EDGE_LOOP('',(#3852,#3853,#3861,#3867));
#3852 = ORIENTED_EDGE('',*,*,#3838,.T.);
#3853 = ORIENTED_EDGE('',*,*,#3854,.T.);
#3854 = EDGE_CURVE('',#3831,#3855,#3857,.T.);
#3855 = VERTEX_POINT('',#3856);
#3856 = CARTESIAN_POINT('',(-92.06530291048,-2.687005768509,34.));
#3857 = LINE('',#3858,#3859);
#3858 = CARTESIAN_POINT('',(-97.72215715998,-8.343860018001,44.));
#3859 = VECTOR('',#3860,1.);
#3860 = DIRECTION('',(0.441726104299,0.441726104299,-0.780868809443));
#3861 = ORIENTED_EDGE('',*,*,#3862,.F.);
#3862 = EDGE_CURVE('',#3705,#3855,#3863,.T.);
#3863 = LINE('',#3864,#3865);
#3864 = CARTESIAN_POINT('',(-91.21677477306,-3.535533905933,34.));
#3865 = VECTOR('',#3866,1.);
#3866 = DIRECTION('',(-0.707106781187,0.707106781187,0.));
#3867 = ORIENTED_EDGE('',*,*,#3712,.F.);
#3868 = PLANE('',#3869);
#3869 = AXIS2_PLACEMENT_3D('',#3870,#3871,#3872);
#3870 = CARTESIAN_POINT('',(-96.87362902255,-9.192388155425,44.));
#3871 = DIRECTION('',(-0.552157630374,-0.552157630374,-0.624695047554));
#3872 = DIRECTION('',(0.441726104299,0.441726104299,-0.780868809443));
#3873 = ADVANCED_FACE('',(#3874),#3892,.F.);
#3874 = FACE_BOUND('',#3875,.F.);
#3875 = EDGE_LOOP('',(#3876,#3877,#3885,#3891));
#3876 = ORIENTED_EDGE('',*,*,#3862,.T.);
#3877 = ORIENTED_EDGE('',*,*,#3878,.T.);
#3878 = EDGE_CURVE('',#3855,#3879,#3881,.T.);
#3879 = VERTEX_POINT('',#3880);
#3880 = CARTESIAN_POINT('',(-94.89373003523,-5.515432893255,34.));
#3881 = LINE('',#3882,#3883);
#3882 = CARTESIAN_POINT('',(-92.06530291048,-2.687005768509,34.));
#3883 = VECTOR('',#3884,1.);
#3884 = DIRECTION('',(-0.707106781187,-0.707106781187,0.));
#3885 = ORIENTED_EDGE('',*,*,#3886,.F.);
#3886 = EDGE_CURVE('',#3697,#3879,#3887,.T.);
#3887 = LINE('',#3888,#3889);
#3888 = CARTESIAN_POINT('',(-94.04520189781,-6.363961030679,34.));
#3889 = VECTOR('',#3890,1.);
#3890 = DIRECTION('',(-0.707106781187,0.707106781187,0.));
#3891 = ORIENTED_EDGE('',*,*,#3704,.F.);
#3892 = PLANE('',#3893);
#3893 = AXIS2_PLACEMENT_3D('',#3894,#3895,#3896);
#3894 = CARTESIAN_POINT('',(-91.21677477306,-3.535533905933,34.));
#3895 = DIRECTION('',(0.,0.,1.));
#3896 = DIRECTION('',(-0.707106781187,-0.707106781187,0.));
#3897 = ADVANCED_FACE('',(#3898),#3909,.F.);
#3898 = FACE_BOUND('',#3899,.F.);
#3899 = EDGE_LOOP('',(#3900,#3901,#3907,#3908));
#3900 = ORIENTED_EDGE('',*,*,#3886,.T.);
#3901 = ORIENTED_EDGE('',*,*,#3902,.T.);
#3902 = EDGE_CURVE('',#3879,#3751,#3903,.T.);
#3903 = LINE('',#3904,#3905);
#3904 = CARTESIAN_POINT('',(-94.89373003523,-5.515432893255,34.));
#3905 = VECTOR('',#3906,1.);
#3906 = DIRECTION('',(-0.,0.,-1.));
#3907 = ORIENTED_EDGE('',*,*,#3750,.F.);
#3908 = ORIENTED_EDGE('',*,*,#3696,.F.);
#3909 = PLANE('',#3910);
#3910 = AXIS2_PLACEMENT_3D('',#3911,#3912,#3913);
#3911 = CARTESIAN_POINT('',(-94.04520189781,-6.363961030679,34.));
#3912 = DIRECTION('',(-0.707106781187,-0.707106781187,0.));
#3913 = DIRECTION('',(-0.,0.,-1.));
#3914 = ADVANCED_FACE('',(#3915),#3924,.T.);
#3915 = FACE_BOUND('',#3916,.T.);
#3916 = EDGE_LOOP('',(#3917,#3918,#3919,#3920,#3921,#3922,#3923));
#3917 = ORIENTED_EDGE('',*,*,#3758,.T.);
#3918 = ORIENTED_EDGE('',*,*,#3782,.T.);
#3919 = ORIENTED_EDGE('',*,*,#3806,.T.);
#3920 = ORIENTED_EDGE('',*,*,#3830,.T.);
#3921 = ORIENTED_EDGE('',*,*,#3854,.T.);
#3922 = ORIENTED_EDGE('',*,*,#3878,.T.);
#3923 = ORIENTED_EDGE('',*,*,#3902,.T.);
#3924 = PLANE('',#3925);
#3925 = AXIS2_PLACEMENT_3D('',#3926,#3927,#3928);
#3926 = CARTESIAN_POINT('',(-97.72215715998,-8.343860018001,
    31.415154991764));
#3927 = DIRECTION('',(-0.707106781187,0.707106781187,0.));
#3928 = DIRECTION('',(0.,0.,1.));
#3929 = ORIENTED_CLOSED_SHELL('',*,#3930,.F.);
#3930 = CLOSED_SHELL('',(#3931,#3971,#4002,#4026,#4050,#4067));
#3931 = ADVANCED_FACE('',(#3932),#3966,.F.);
#3932 = FACE_BOUND('',#3933,.F.);
#3933 = EDGE_LOOP('',(#3934,#3944,#3952,#3960));
#3934 = ORIENTED_EDGE('',*,*,#3935,.F.);
#3935 = EDGE_CURVE('',#3936,#3938,#3940,.T.);
#3936 = VERTEX_POINT('',#3937);
#3937 = CARTESIAN_POINT('',(12.020815280171,-71.41778489984,-92.));
#3938 = VERTEX_POINT('',#3939);
#3939 = CARTESIAN_POINT('',(12.020815280171,-71.41778489984,92.));
#3940 = LINE('',#3941,#3942);
#3941 = CARTESIAN_POINT('',(12.020815280171,-71.41778489984,-92.));
#3942 = VECTOR('',#3943,1.);
#3943 = DIRECTION('',(0.,0.,1.));
#3944 = ORIENTED_EDGE('',*,*,#3945,.T.);
#3945 = EDGE_CURVE('',#3936,#3946,#3948,.T.);
#3946 = VERTEX_POINT('',#3947);
#3947 = CARTESIAN_POINT('',(-34.64823227814,-118.0868324581,-92.));
#3948 = LINE('',#3949,#3950);
#3949 = CARTESIAN_POINT('',(12.020815280171,-71.41778489984,-92.));
#3950 = VECTOR('',#3951,1.);
#3951 = DIRECTION('',(-0.707106781187,-0.707106781187,0.));
#3952 = ORIENTED_EDGE('',*,*,#3953,.T.);
#3953 = EDGE_CURVE('',#3946,#3954,#3956,.T.);
#3954 = VERTEX_POINT('',#3955);
#3955 = CARTESIAN_POINT('',(-34.64823227814,-118.0868324581,92.));
#3956 = LINE('',#3957,#3958);
#3957 = CARTESIAN_POINT('',(-34.64823227814,-118.0868324581,-92.));
#3958 = VECTOR('',#3959,1.);
#3959 = DIRECTION('',(0.,0.,1.));
#3960 = ORIENTED_EDGE('',*,*,#3961,.F.);
#3961 = EDGE_CURVE('',#3938,#3954,#3962,.T.);
#3962 = LINE('',#3963,#3964);
#3963 = CARTESIAN_POINT('',(12.020815280171,-71.41778489984,92.));
#3964 = VECTOR('',#3965,1.);
#3965 = DIRECTION('',(-0.707106781187,-0.707106781187,0.));
#3966 = PLANE('',#3967);
#3967 = AXIS2_PLACEMENT_3D('',#3968,#3969,#3970);
#3968 = CARTESIAN_POINT('',(12.020815280171,-71.41778489984,-92.));
#3969 = DIRECTION('',(-0.707106781187,0.707106781187,0.));
#3970 = DIRECTION('',(0.,0.,1.));
#3971 = ADVANCED_FACE('',(#3972),#3997,.F.);
#3972 = FACE_BOUND('',#3973,.F.);
#3973 = EDGE_LOOP('',(#3974,#3982,#3983,#3991));
#3974 = ORIENTED_EDGE('',*,*,#3975,.F.);
#3975 = EDGE_CURVE('',#3936,#3976,#3978,.T.);
#3976 = VERTEX_POINT('',#3977);
#3977 = CARTESIAN_POINT('',(-71.41778489984,12.020815280171,-92.));
#3978 = LINE('',#3979,#3980);
#3979 = CARTESIAN_POINT('',(12.020815280171,-71.41778489984,-92.));
#3980 = VECTOR('',#3981,1.);
#3981 = DIRECTION('',(-0.707106781187,0.707106781187,0.));
#3982 = ORIENTED_EDGE('',*,*,#3935,.T.);
#3983 = ORIENTED_EDGE('',*,*,#3984,.T.);
#3984 = EDGE_CURVE('',#3938,#3985,#3987,.T.);
#3985 = VERTEX_POINT('',#3986);
#3986 = CARTESIAN_POINT('',(-71.41778489984,12.020815280171,92.));
#3987 = LINE('',#3988,#3989);
#3988 = CARTESIAN_POINT('',(12.020815280171,-71.41778489984,92.));
#3989 = VECTOR('',#3990,1.);
#3990 = DIRECTION('',(-0.707106781187,0.707106781187,0.));
#3991 = ORIENTED_EDGE('',*,*,#3992,.F.);
#3992 = EDGE_CURVE('',#3976,#3985,#3993,.T.);
#3993 = LINE('',#3994,#3995);
#3994 = CARTESIAN_POINT('',(-71.41778489984,12.020815280171,-92.));
#3995 = VECTOR('',#3996,1.);
#3996 = DIRECTION('',(0.,0.,1.));
#3997 = PLANE('',#3998);
#3998 = AXIS2_PLACEMENT_3D('',#3999,#4000,#4001);
#3999 = CARTESIAN_POINT('',(12.020815280171,-71.41778489984,-92.));
#4000 = DIRECTION('',(-0.707106781187,-0.707106781187,0.));
#4001 = DIRECTION('',(0.,0.,1.));
#4002 = ADVANCED_FACE('',(#4003),#4021,.T.);
#4003 = FACE_BOUND('',#4004,.T.);
#4004 = EDGE_LOOP('',(#4005,#4006,#4007,#4015));
#4005 = ORIENTED_EDGE('',*,*,#3961,.F.);
#4006 = ORIENTED_EDGE('',*,*,#3984,.T.);
#4007 = ORIENTED_EDGE('',*,*,#4008,.T.);
#4008 = EDGE_CURVE('',#3985,#4009,#4011,.T.);
#4009 = VERTEX_POINT('',#4010);
#4010 = CARTESIAN_POINT('',(-118.0868324581,-34.64823227814,92.));
#4011 = LINE('',#4012,#4013);
#4012 = CARTESIAN_POINT('',(-71.41778489984,12.020815280171,92.));
#4013 = VECTOR('',#4014,1.);
#4014 = DIRECTION('',(-0.707106781187,-0.707106781187,0.));
#4015 = ORIENTED_EDGE('',*,*,#4016,.F.);
#4016 = EDGE_CURVE('',#3954,#4009,#4017,.T.);
#4017 = LINE('',#4018,#4019);
#4018 = CARTESIAN_POINT('',(-34.64823227814,-118.0868324581,92.));
#4019 = VECTOR('',#4020,1.);
#4020 = DIRECTION('',(-0.707106781187,0.707106781187,0.));
#4021 = PLANE('',#4022);
#4022 = AXIS2_PLACEMENT_3D('',#4023,#4024,#4025);
#4023 = CARTESIAN_POINT('',(12.020815280171,-71.41778489984,92.));
#4024 = DIRECTION('',(0.,0.,1.));
#4025 = DIRECTION('',(-0.707106781187,0.707106781187,0.));
#4026 = ADVANCED_FACE('',(#4027),#4045,.T.);
#4027 = FACE_BOUND('',#4028,.T.);
#4028 = EDGE_LOOP('',(#4029,#4037,#4038,#4039));
#4029 = ORIENTED_EDGE('',*,*,#4030,.F.);
#4030 = EDGE_CURVE('',#3946,#4031,#4033,.T.);
#4031 = VERTEX_POINT('',#4032);
#4032 = CARTESIAN_POINT('',(-118.0868324581,-34.64823227814,-92.));
#4033 = LINE('',#4034,#4035);
#4034 = CARTESIAN_POINT('',(-34.64823227814,-118.0868324581,-92.));
#4035 = VECTOR('',#4036,1.);
#4036 = DIRECTION('',(-0.707106781187,0.707106781187,0.));
#4037 = ORIENTED_EDGE('',*,*,#3953,.T.);
#4038 = ORIENTED_EDGE('',*,*,#4016,.T.);
#4039 = ORIENTED_EDGE('',*,*,#4040,.F.);
#4040 = EDGE_CURVE('',#4031,#4009,#4041,.T.);
#4041 = LINE('',#4042,#4043);
#4042 = CARTESIAN_POINT('',(-118.0868324581,-34.64823227814,-92.));
#4043 = VECTOR('',#4044,1.);
#4044 = DIRECTION('',(0.,0.,1.));
#4045 = PLANE('',#4046);
#4046 = AXIS2_PLACEMENT_3D('',#4047,#4048,#4049);
#4047 = CARTESIAN_POINT('',(-34.64823227814,-118.0868324581,-92.));
#4048 = DIRECTION('',(-0.707106781187,-0.707106781187,0.));
#4049 = DIRECTION('',(0.,0.,1.));
#4050 = ADVANCED_FACE('',(#4051),#4062,.F.);
#4051 = FACE_BOUND('',#4052,.F.);
#4052 = EDGE_LOOP('',(#4053,#4054,#4055,#4061));
#4053 = ORIENTED_EDGE('',*,*,#3945,.F.);
#4054 = ORIENTED_EDGE('',*,*,#3975,.T.);
#4055 = ORIENTED_EDGE('',*,*,#4056,.T.);
#4056 = EDGE_CURVE('',#3976,#4031,#4057,.T.);
#4057 = LINE('',#4058,#4059);
#4058 = CARTESIAN_POINT('',(-71.41778489984,12.020815280171,-92.));
#4059 = VECTOR('',#4060,1.);
#4060 = DIRECTION('',(-0.707106781187,-0.707106781187,0.));
#4061 = ORIENTED_EDGE('',*,*,#4030,.F.);
#4062 = PLANE('',#4063);
#4063 = AXIS2_PLACEMENT_3D('',#4064,#4065,#4066);
#4064 = CARTESIAN_POINT('',(12.020815280171,-71.41778489984,-92.));
#4065 = DIRECTION('',(0.,0.,1.));
#4066 = DIRECTION('',(-0.707106781187,0.707106781187,0.));
#4067 = ADVANCED_FACE('',(#4068),#4074,.T.);
#4068 = FACE_BOUND('',#4069,.T.);
#4069 = EDGE_LOOP('',(#4070,#4071,#4072,#4073));
#4070 = ORIENTED_EDGE('',*,*,#3992,.F.);
#4071 = ORIENTED_EDGE('',*,*,#4056,.T.);
#4072 = ORIENTED_EDGE('',*,*,#4040,.T.);
#4073 = ORIENTED_EDGE('',*,*,#4008,.F.);
#4074 = PLANE('',#4075);
#4075 = AXIS2_PLACEMENT_3D('',#4076,#4077,#4078);
#4076 = CARTESIAN_POINT('',(-71.41778489984,12.020815280171,-92.));
#4077 = DIRECTION('',(-0.707106781187,0.707106781187,0.));
#4078 = DIRECTION('',(0.,0.,1.));
#4079 = MANIFOLD_SOLID_BREP('',#4080);
#4080 = CLOSED_SHELL('',(#4081,#4121,#4161,#4183,#4205,#4217));
#4081 = ADVANCED_FACE('',(#4082),#4116,.F.);
#4082 = FACE_BOUND('',#4083,.F.);
#4083 = EDGE_LOOP('',(#4084,#4094,#4102,#4110));
#4084 = ORIENTED_EDGE('',*,*,#4085,.F.);
#4085 = EDGE_CURVE('',#4086,#4088,#4090,.T.);
#4086 = VERTEX_POINT('',#4087);
#4087 = CARTESIAN_POINT('',(17.111984104714,-70.56925676241,-89.));
#4088 = VERTEX_POINT('',#4089);
#4089 = CARTESIAN_POINT('',(17.111984104714,-70.56925676241,-85.));
#4090 = LINE('',#4091,#4092);
#4091 = CARTESIAN_POINT('',(17.111984104714,-70.56925676241,-89.));
#4092 = VECTOR('',#4093,1.);
#4093 = DIRECTION('',(0.,0.,1.));
#4094 = ORIENTED_EDGE('',*,*,#4095,.T.);
#4095 = EDGE_CURVE('',#4086,#4096,#4098,.T.);
#4096 = VERTEX_POINT('',#4097);
#4097 = CARTESIAN_POINT('',(16.263455967291,-71.41778489984,-89.));
#4098 = LINE('',#4099,#4100);
#4099 = CARTESIAN_POINT('',(17.111984104714,-70.56925676241,-89.));
#4100 = VECTOR('',#4101,1.);
#4101 = DIRECTION('',(-0.707106781187,-0.707106781187,0.));
#4102 = ORIENTED_EDGE('',*,*,#4103,.T.);
#4103 = EDGE_CURVE('',#4096,#4104,#4106,.T.);
#4104 = VERTEX_POINT('',#4105);
#4105 = CARTESIAN_POINT('',(16.263455967291,-71.41778489984,-85.));
#4106 = LINE('',#4107,#4108);
#4107 = CARTESIAN_POINT('',(16.263455967291,-71.41778489984,-89.));
#4108 = VECTOR('',#4109,1.);
#4109 = DIRECTION('',(0.,0.,1.));
#4110 = ORIENTED_EDGE('',*,*,#4111,.F.);
#4111 = EDGE_CURVE('',#4088,#4104,#4112,.T.);
#4112 = LINE('',#4113,#4114);
#4113 = CARTESIAN_POINT('',(17.111984104714,-70.56925676241,-85.));
#4114 = VECTOR('',#4115,1.);
#4115 = DIRECTION('',(-0.707106781187,-0.707106781187,0.));
#4116 = PLANE('',#4117);
#4117 = AXIS2_PLACEMENT_3D('',#4118,#4119,#4120);
#4118 = CARTESIAN_POINT('',(17.111984104714,-70.56925676241,-89.));
#4119 = DIRECTION('',(-0.707106781187,0.707106781187,0.));
#4120 = DIRECTION('',(0.,0.,1.));
#4121 = ADVANCED_FACE('',(#4122),#4156,.T.);
#4122 = FACE_BOUND('',#4123,.T.);
#4123 = EDGE_LOOP('',(#4124,#4134,#4142,#4150));
#4124 = ORIENTED_EDGE('',*,*,#4125,.F.);
#4125 = EDGE_CURVE('',#4126,#4128,#4130,.T.);
#4126 = VERTEX_POINT('',#4127);
#4127 = CARTESIAN_POINT('',(-11.17228714274,-42.28498551495,-89.));
#4128 = VERTEX_POINT('',#4129);
#4129 = CARTESIAN_POINT('',(-11.17228714274,-42.28498551495,-85.));
#4130 = LINE('',#4131,#4132);
#4131 = CARTESIAN_POINT('',(-11.17228714274,-42.28498551495,-89.));
#4132 = VECTOR('',#4133,1.);
#4133 = DIRECTION('',(0.,0.,1.));
#4134 = ORIENTED_EDGE('',*,*,#4135,.T.);
#4135 = EDGE_CURVE('',#4126,#4136,#4138,.T.);
#4136 = VERTEX_POINT('',#4137);
#4137 = CARTESIAN_POINT('',(-12.02081528017,-43.13351365237,-89.));
#4138 = LINE('',#4139,#4140);
#4139 = CARTESIAN_POINT('',(-11.17228714274,-42.28498551495,-89.));
#4140 = VECTOR('',#4141,1.);
#4141 = DIRECTION('',(-0.707106781187,-0.707106781187,0.));
#4142 = ORIENTED_EDGE('',*,*,#4143,.T.);
#4143 = EDGE_CURVE('',#4136,#4144,#4146,.T.);
#4144 = VERTEX_POINT('',#4145);
#4145 = CARTESIAN_POINT('',(-12.02081528017,-43.13351365237,-85.));
#4146 = LINE('',#4147,#4148);
#4147 = CARTESIAN_POINT('',(-12.02081528017,-43.13351365237,-89.));
#4148 = VECTOR('',#4149,1.);
#4149 = DIRECTION('',(0.,0.,1.));
#4150 = ORIENTED_EDGE('',*,*,#4151,.F.);
#4151 = EDGE_CURVE('',#4128,#4144,#4152,.T.);
#4152 = LINE('',#4153,#4154);
#4153 = CARTESIAN_POINT('',(-11.17228714274,-42.28498551495,-85.));
#4154 = VECTOR('',#4155,1.);
#4155 = DIRECTION('',(-0.707106781187,-0.707106781187,0.));
#4156 = PLANE('',#4157);
#4157 = AXIS2_PLACEMENT_3D('',#4158,#4159,#4160);
#4158 = CARTESIAN_POINT('',(-11.17228714274,-42.28498551495,-89.));
#4159 = DIRECTION('',(-0.707106781187,0.707106781187,0.));
#4160 = DIRECTION('',(0.,0.,1.));
#4161 = ADVANCED_FACE('',(#4162),#4178,.F.);
#4162 = FACE_BOUND('',#4163,.F.);
#4163 = EDGE_LOOP('',(#4164,#4170,#4171,#4177));
#4164 = ORIENTED_EDGE('',*,*,#4165,.F.);
#4165 = EDGE_CURVE('',#4086,#4126,#4166,.T.);
#4166 = LINE('',#4167,#4168);
#4167 = CARTESIAN_POINT('',(17.111984104714,-70.56925676241,-89.));
#4168 = VECTOR('',#4169,1.);
#4169 = DIRECTION('',(-0.707106781187,0.707106781187,0.));
#4170 = ORIENTED_EDGE('',*,*,#4085,.T.);
#4171 = ORIENTED_EDGE('',*,*,#4172,.T.);
#4172 = EDGE_CURVE('',#4088,#4128,#4173,.T.);
#4173 = LINE('',#4174,#4175);
#4174 = CARTESIAN_POINT('',(17.111984104714,-70.56925676241,-85.));
#4175 = VECTOR('',#4176,1.);
#4176 = DIRECTION('',(-0.707106781187,0.707106781187,0.));
#4177 = ORIENTED_EDGE('',*,*,#4125,.F.);
#4178 = PLANE('',#4179);
#4179 = AXIS2_PLACEMENT_3D('',#4180,#4181,#4182);
#4180 = CARTESIAN_POINT('',(17.111984104714,-70.56925676241,-89.));
#4181 = DIRECTION('',(-0.707106781187,-0.707106781187,0.));
#4182 = DIRECTION('',(0.,0.,1.));
#4183 = ADVANCED_FACE('',(#4184),#4200,.T.);
#4184 = FACE_BOUND('',#4185,.T.);
#4185 = EDGE_LOOP('',(#4186,#4192,#4193,#4199));
#4186 = ORIENTED_EDGE('',*,*,#4187,.F.);
#4187 = EDGE_CURVE('',#4096,#4136,#4188,.T.);
#4188 = LINE('',#4189,#4190);
#4189 = CARTESIAN_POINT('',(16.263455967291,-71.41778489984,-89.));
#4190 = VECTOR('',#4191,1.);
#4191 = DIRECTION('',(-0.707106781187,0.707106781187,0.));
#4192 = ORIENTED_EDGE('',*,*,#4103,.T.);
#4193 = ORIENTED_EDGE('',*,*,#4194,.T.);
#4194 = EDGE_CURVE('',#4104,#4144,#4195,.T.);
#4195 = LINE('',#4196,#4197);
#4196 = CARTESIAN_POINT('',(16.263455967291,-71.41778489984,-85.));
#4197 = VECTOR('',#4198,1.);
#4198 = DIRECTION('',(-0.707106781187,0.707106781187,0.));
#4199 = ORIENTED_EDGE('',*,*,#4143,.F.);
#4200 = PLANE('',#4201);
#4201 = AXIS2_PLACEMENT_3D('',#4202,#4203,#4204);
#4202 = CARTESIAN_POINT('',(16.263455967291,-71.41778489984,-89.));
#4203 = DIRECTION('',(-0.707106781187,-0.707106781187,0.));
#4204 = DIRECTION('',(0.,0.,1.));
#4205 = ADVANCED_FACE('',(#4206),#4212,.F.);
#4206 = FACE_BOUND('',#4207,.F.);
#4207 = EDGE_LOOP('',(#4208,#4209,#4210,#4211));
#4208 = ORIENTED_EDGE('',*,*,#4095,.F.);
#4209 = ORIENTED_EDGE('',*,*,#4165,.T.);
#4210 = ORIENTED_EDGE('',*,*,#4135,.T.);
#4211 = ORIENTED_EDGE('',*,*,#4187,.F.);
#4212 = PLANE('',#4213);
#4213 = AXIS2_PLACEMENT_3D('',#4214,#4215,#4216);
#4214 = CARTESIAN_POINT('',(17.111984104714,-70.56925676241,-89.));
#4215 = DIRECTION('',(0.,0.,1.));
#4216 = DIRECTION('',(-0.707106781187,0.707106781187,0.));
#4217 = ADVANCED_FACE('',(#4218),#4224,.T.);
#4218 = FACE_BOUND('',#4219,.T.);
#4219 = EDGE_LOOP('',(#4220,#4221,#4222,#4223));
#4220 = ORIENTED_EDGE('',*,*,#4111,.F.);
#4221 = ORIENTED_EDGE('',*,*,#4172,.T.);
#4222 = ORIENTED_EDGE('',*,*,#4151,.T.);
#4223 = ORIENTED_EDGE('',*,*,#4194,.F.);
#4224 = PLANE('',#4225);
#4225 = AXIS2_PLACEMENT_3D('',#4226,#4227,#4228);
#4226 = CARTESIAN_POINT('',(17.111984104714,-70.56925676241,-85.));
#4227 = DIRECTION('',(0.,0.,1.));
#4228 = DIRECTION('',(-0.707106781187,0.707106781187,0.));
#4229 = MANIFOLD_SOLID_BREP('',#4230);
#4230 = CLOSED_SHELL('',(#4231,#4271,#4336,#4360,#4418,#4435,#4447,#4469
    ,#4486,#4503));
#4231 = ADVANCED_FACE('',(#4232),#4266,.F.);
#4232 = FACE_BOUND('',#4233,.F.);
#4233 = EDGE_LOOP('',(#4234,#4244,#4252,#4260));
#4234 = ORIENTED_EDGE('',*,*,#4235,.F.);
#4235 = EDGE_CURVE('',#4236,#4238,#4240,.T.);
#4236 = VERTEX_POINT('',#4237);
#4237 = CARTESIAN_POINT('',(-29.69848480983,-118.7939392393,-96.));
#4238 = VERTEX_POINT('',#4239);
#4239 = CARTESIAN_POINT('',(-29.69848480983,-118.7939392393,96.));
#4240 = LINE('',#4241,#4242);
#4241 = CARTESIAN_POINT('',(-29.69848480983,-118.7939392393,-96.));
#4242 = VECTOR('',#4243,1.);
#4243 = DIRECTION('',(0.,0.,1.));
#4244 = ORIENTED_EDGE('',*,*,#4245,.T.);
#4245 = EDGE_CURVE('',#4236,#4246,#4248,.T.);
#4246 = VERTEX_POINT('',#4247);
#4247 = CARTESIAN_POINT('',(-31.1126983722,-120.2081528017,-96.));
#4248 = LINE('',#4249,#4250);
#4249 = CARTESIAN_POINT('',(-29.69848480983,-118.7939392393,-96.));
#4250 = VECTOR('',#4251,1.);
#4251 = DIRECTION('',(-0.707106781187,-0.707106781187,0.));
#4252 = ORIENTED_EDGE('',*,*,#4253,.T.);
#4253 = EDGE_CURVE('',#4246,#4254,#4256,.T.);
#4254 = VERTEX_POINT('',#4255);
#4255 = CARTESIAN_POINT('',(-31.1126983722,-120.2081528017,96.));
#4256 = LINE('',#4257,#4258);
#4257 = CARTESIAN_POINT('',(-31.1126983722,-120.2081528017,-96.));
#4258 = VECTOR('',#4259,1.);
#4259 = DIRECTION('',(0.,0.,1.));
#4260 = ORIENTED_EDGE('',*,*,#4261,.F.);
#4261 = EDGE_CURVE('',#4238,#4254,#4262,.T.);
#4262 = LINE('',#4263,#4264);
#4263 = CARTESIAN_POINT('',(-29.69848480983,-118.7939392393,96.));
#4264 = VECTOR('',#4265,1.);
#4265 = DIRECTION('',(-0.707106781187,-0.707106781187,0.));
#4266 = PLANE('',#4267);
#4267 = AXIS2_PLACEMENT_3D('',#4268,#4269,#4270);
#4268 = CARTESIAN_POINT('',(-29.69848480983,-118.7939392393,-96.));
#4269 = DIRECTION('',(-0.707106781187,0.707106781187,0.));
#4270 = DIRECTION('',(0.,0.,1.));
#4271 = ADVANCED_FACE('',(#4272,#4297),#4331,.F.);
#4272 = FACE_BOUND('',#4273,.F.);
#4273 = EDGE_LOOP('',(#4274,#4282,#4283,#4291));
#4274 = ORIENTED_EDGE('',*,*,#4275,.F.);
#4275 = EDGE_CURVE('',#4236,#4276,#4278,.T.);
#4276 = VERTEX_POINT('',#4277);
#4277 = CARTESIAN_POINT('',(-118.7939392393,-29.69848480983,-96.));
#4278 = LINE('',#4279,#4280);
#4279 = CARTESIAN_POINT('',(-29.69848480983,-118.7939392393,-96.));
#4280 = VECTOR('',#4281,1.);
#4281 = DIRECTION('',(-0.707106781187,0.707106781187,0.));
#4282 = ORIENTED_EDGE('',*,*,#4235,.T.);
#4283 = ORIENTED_EDGE('',*,*,#4284,.T.);
#4284 = EDGE_CURVE('',#4238,#4285,#4287,.T.);
#4285 = VERTEX_POINT('',#4286);
#4286 = CARTESIAN_POINT('',(-118.7939392393,-29.69848480983,96.));
#4287 = LINE('',#4288,#4289);
#4288 = CARTESIAN_POINT('',(-29.69848480983,-118.7939392393,96.));
#4289 = VECTOR('',#4290,1.);
#4290 = DIRECTION('',(-0.707106781187,0.707106781187,0.));
#4291 = ORIENTED_EDGE('',*,*,#4292,.F.);
#4292 = EDGE_CURVE('',#4276,#4285,#4293,.T.);
#4293 = LINE('',#4294,#4295);
#4294 = CARTESIAN_POINT('',(-118.7939392393,-29.69848480983,-96.));
#4295 = VECTOR('',#4296,1.);
#4296 = DIRECTION('',(0.,0.,1.));
#4297 = FACE_BOUND('',#4298,.F.);
#4298 = EDGE_LOOP('',(#4299,#4309,#4317,#4325));
#4299 = ORIENTED_EDGE('',*,*,#4300,.F.);
#4300 = EDGE_CURVE('',#4301,#4303,#4305,.T.);
#4301 = VERTEX_POINT('',#4302);
#4302 = CARTESIAN_POINT('',(-31.81980515339,-116.6726188957,93.));
#4303 = VERTEX_POINT('',#4304);
#4304 = CARTESIAN_POINT('',(-116.6726188957,-31.81980515339,93.));
#4305 = LINE('',#4306,#4307);
#4306 = CARTESIAN_POINT('',(-30.75914498161,-117.7332790675,93.));
#4307 = VECTOR('',#4308,1.);
#4308 = DIRECTION('',(-0.707106781187,0.707106781187,0.));
#4309 = ORIENTED_EDGE('',*,*,#4310,.T.);
#4310 = EDGE_CURVE('',#4301,#4311,#4313,.T.);
#4311 = VERTEX_POINT('',#4312);
#4312 = CARTESIAN_POINT('',(-31.81980515339,-116.6726188957,-93.));
#4313 = LINE('',#4314,#4315);
#4314 = CARTESIAN_POINT('',(-31.81980515339,-116.6726188957,-94.5));
#4315 = VECTOR('',#4316,1.);
#4316 = DIRECTION('',(0.,-0.,-1.));
#4317 = ORIENTED_EDGE('',*,*,#4318,.T.);
#4318 = EDGE_CURVE('',#4311,#4319,#4321,.T.);
#4319 = VERTEX_POINT('',#4320);
#4320 = CARTESIAN_POINT('',(-116.6726188957,-31.81980515339,-93.));
#4321 = LINE('',#4322,#4323);
#4322 = CARTESIAN_POINT('',(-30.75914498161,-117.7332790675,-93.));
#4323 = VECTOR('',#4324,1.);
#4324 = DIRECTION('',(-0.707106781187,0.707106781187,0.));
#4325 = ORIENTED_EDGE('',*,*,#4326,.F.);
#4326 = EDGE_CURVE('',#4303,#4319,#4327,.T.);
#4327 = LINE('',#4328,#4329);
#4328 = CARTESIAN_POINT('',(-116.6726188957,-31.81980515339,-94.5));
#4329 = VECTOR('',#4330,1.);
#4330 = DIRECTION('',(0.,-0.,-1.));
#4331 = PLANE('',#4332);
#4332 = AXIS2_PLACEMENT_3D('',#4333,#4334,#4335);
#4333 = CARTESIAN_POINT('',(-29.69848480983,-118.7939392393,-96.));
#4334 = DIRECTION('',(-0.707106781187,-0.707106781187,0.));
#4335 = DIRECTION('',(0.,0.,1.));
#4336 = ADVANCED_FACE('',(#4337),#4355,.T.);
#4337 = FACE_BOUND('',#4338,.T.);
#4338 = EDGE_LOOP('',(#4339,#4340,#4341,#4349));
#4339 = ORIENTED_EDGE('',*,*,#4261,.F.);
#4340 = ORIENTED_EDGE('',*,*,#4284,.T.);
#4341 = ORIENTED_EDGE('',*,*,#4342,.T.);
#4342 = EDGE_CURVE('',#4285,#4343,#4345,.T.);
#4343 = VERTEX_POINT('',#4344);
#4344 = CARTESIAN_POINT('',(-120.2081528017,-31.1126983722,96.));
#4345 = LINE('',#4346,#4347);
#4346 = CARTESIAN_POINT('',(-118.7939392393,-29.69848480983,96.));
#4347 = VECTOR('',#4348,1.);
#4348 = DIRECTION('',(-0.707106781187,-0.707106781187,0.));
#4349 = ORIENTED_EDGE('',*,*,#4350,.F.);
#4350 = EDGE_CURVE('',#4254,#4343,#4351,.T.);
#4351 = LINE('',#4352,#4353);
#4352 = CARTESIAN_POINT('',(-31.1126983722,-120.2081528017,96.));
#4353 = VECTOR('',#4354,1.);
#4354 = DIRECTION('',(-0.707106781187,0.707106781187,0.));
#4355 = PLANE('',#4356);
#4356 = AXIS2_PLACEMENT_3D('',#4357,#4358,#4359);
#4357 = CARTESIAN_POINT('',(-29.69848480983,-118.7939392393,96.));
#4358 = DIRECTION('',(0.,0.,1.));
#4359 = DIRECTION('',(-0.707106781187,0.707106781187,0.));
#4360 = ADVANCED_FACE('',(#4361,#4379),#4413,.T.);
#4361 = FACE_BOUND('',#4362,.T.);
#4362 = EDGE_LOOP('',(#4363,#4371,#4372,#4373));
#4363 = ORIENTED_EDGE('',*,*,#4364,.F.);
#4364 = EDGE_CURVE('',#4246,#4365,#4367,.T.);
#4365 = VERTEX_POINT('',#4366);
#4366 = CARTESIAN_POINT('',(-120.2081528017,-31.1126983722,-96.));
#4367 = LINE('',#4368,#4369);
#4368 = CARTESIAN_POINT('',(-31.1126983722,-120.2081528017,-96.));
#4369 = VECTOR('',#4370,1.);
#4370 = DIRECTION('',(-0.707106781187,0.707106781187,0.));
#4371 = ORIENTED_EDGE('',*,*,#4253,.T.);
#4372 = ORIENTED_EDGE('',*,*,#4350,.T.);
#4373 = ORIENTED_EDGE('',*,*,#4374,.F.);
#4374 = EDGE_CURVE('',#4365,#4343,#4375,.T.);
#4375 = LINE('',#4376,#4377);
#4376 = CARTESIAN_POINT('',(-120.2081528017,-31.1126983722,-96.));
#4377 = VECTOR('',#4378,1.);
#4378 = DIRECTION('',(0.,0.,1.));
#4379 = FACE_BOUND('',#4380,.T.);
#4380 = EDGE_LOOP('',(#4381,#4391,#4399,#4407));
#4381 = ORIENTED_EDGE('',*,*,#4382,.F.);
#4382 = EDGE_CURVE('',#4383,#4385,#4387,.T.);
#4383 = VERTEX_POINT('',#4384);
#4384 = CARTESIAN_POINT('',(-33.23401871576,-118.0868324581,93.));
#4385 = VERTEX_POINT('',#4386);
#4386 = CARTESIAN_POINT('',(-118.0868324581,-33.23401871576,93.));
#4387 = LINE('',#4388,#4389);
#4388 = CARTESIAN_POINT('',(-32.17335854398,-119.1474926299,93.));
#4389 = VECTOR('',#4390,1.);
#4390 = DIRECTION('',(-0.707106781187,0.707106781187,0.));
#4391 = ORIENTED_EDGE('',*,*,#4392,.T.);
#4392 = EDGE_CURVE('',#4383,#4393,#4395,.T.);
#4393 = VERTEX_POINT('',#4394);
#4394 = CARTESIAN_POINT('',(-33.23401871576,-118.0868324581,-93.));
#4395 = LINE('',#4396,#4397);
#4396 = CARTESIAN_POINT('',(-33.23401871576,-118.0868324581,-94.5));
#4397 = VECTOR('',#4398,1.);
#4398 = DIRECTION('',(0.,-0.,-1.));
#4399 = ORIENTED_EDGE('',*,*,#4400,.T.);
#4400 = EDGE_CURVE('',#4393,#4401,#4403,.T.);
#4401 = VERTEX_POINT('',#4402);
#4402 = CARTESIAN_POINT('',(-118.0868324581,-33.23401871576,-93.));
#4403 = LINE('',#4404,#4405);
#4404 = CARTESIAN_POINT('',(-32.17335854398,-119.1474926299,-93.));
#4405 = VECTOR('',#4406,1.);
#4406 = DIRECTION('',(-0.707106781187,0.707106781187,0.));
#4407 = ORIENTED_EDGE('',*,*,#4408,.F.);
#4408 = EDGE_CURVE('',#4385,#4401,#4409,.T.);
#4409 = LINE('',#4410,#4411);
#4410 = CARTESIAN_POINT('',(-118.0868324581,-33.23401871576,-94.5));
#4411 = VECTOR('',#4412,1.);
#4412 = DIRECTION('',(0.,-0.,-1.));
#4413 = PLANE('',#4414);
#4414 = AXIS2_PLACEMENT_3D('',#4415,#4416,#4417);
#4415 = CARTESIAN_POINT('',(-31.1126983722,-120.2081528017,-96.));
#4416 = DIRECTION('',(-0.707106781187,-0.707106781187,0.));
#4417 = DIRECTION('',(0.,0.,1.));
#4418 = ADVANCED_FACE('',(#4419),#4430,.F.);
#4419 = FACE_BOUND('',#4420,.F.);
#4420 = EDGE_LOOP('',(#4421,#4422,#4423,#4429));
#4421 = ORIENTED_EDGE('',*,*,#4245,.F.);
#4422 = ORIENTED_EDGE('',*,*,#4275,.T.);
#4423 = ORIENTED_EDGE('',*,*,#4424,.T.);
#4424 = EDGE_CURVE('',#4276,#4365,#4425,.T.);
#4425 = LINE('',#4426,#4427);
#4426 = CARTESIAN_POINT('',(-118.7939392393,-29.69848480983,-96.));
#4427 = VECTOR('',#4428,1.);
#4428 = DIRECTION('',(-0.707106781187,-0.707106781187,0.));
#4429 = ORIENTED_EDGE('',*,*,#4364,.F.);
#4430 = PLANE('',#4431);
#4431 = AXIS2_PLACEMENT_3D('',#4432,#4433,#4434);
#4432 = CARTESIAN_POINT('',(-29.69848480983,-118.7939392393,-96.));
#4433 = DIRECTION('',(0.,0.,1.));
#4434 = DIRECTION('',(-0.707106781187,0.707106781187,0.));
#4435 = ADVANCED_FACE('',(#4436),#4442,.T.);
#4436 = FACE_BOUND('',#4437,.T.);
#4437 = EDGE_LOOP('',(#4438,#4439,#4440,#4441));
#4438 = ORIENTED_EDGE('',*,*,#4292,.F.);
#4439 = ORIENTED_EDGE('',*,*,#4424,.T.);
#4440 = ORIENTED_EDGE('',*,*,#4374,.T.);
#4441 = ORIENTED_EDGE('',*,*,#4342,.F.);
#4442 = PLANE('',#4443);
#4443 = AXIS2_PLACEMENT_3D('',#4444,#4445,#4446);
#4444 = CARTESIAN_POINT('',(-118.7939392393,-29.69848480983,-96.));
#4445 = DIRECTION('',(-0.707106781187,0.707106781187,0.));
#4446 = DIRECTION('',(0.,0.,1.));
#4447 = ADVANCED_FACE('',(#4448),#4464,.F.);
#4448 = FACE_BOUND('',#4449,.F.);
#4449 = EDGE_LOOP('',(#4450,#4456,#4457,#4463));
#4450 = ORIENTED_EDGE('',*,*,#4451,.F.);
#4451 = EDGE_CURVE('',#4301,#4383,#4452,.T.);
#4452 = LINE('',#4453,#4454);
#4453 = CARTESIAN_POINT('',(-31.1126983722,-115.9655121145,93.));
#4454 = VECTOR('',#4455,1.);
#4455 = DIRECTION('',(-0.707106781187,-0.707106781187,0.));
#4456 = ORIENTED_EDGE('',*,*,#4300,.T.);
#4457 = ORIENTED_EDGE('',*,*,#4458,.T.);
#4458 = EDGE_CURVE('',#4303,#4385,#4459,.T.);
#4459 = LINE('',#4460,#4461);
#4460 = CARTESIAN_POINT('',(-115.9655121145,-31.1126983722,93.));
#4461 = VECTOR('',#4462,1.);
#4462 = DIRECTION('',(-0.707106781187,-0.707106781187,0.));
#4463 = ORIENTED_EDGE('',*,*,#4382,.F.);
#4464 = PLANE('',#4465);
#4465 = AXIS2_PLACEMENT_3D('',#4466,#4467,#4468);
#4466 = CARTESIAN_POINT('',(-31.1126983722,-115.9655121145,93.));
#4467 = DIRECTION('',(0.,0.,1.));
#4468 = DIRECTION('',(-0.707106781187,0.707106781187,0.));
#4469 = ADVANCED_FACE('',(#4470),#4481,.F.);
#4470 = FACE_BOUND('',#4471,.F.);
#4471 = EDGE_LOOP('',(#4472,#4473,#4474,#4480));
#4472 = ORIENTED_EDGE('',*,*,#4458,.F.);
#4473 = ORIENTED_EDGE('',*,*,#4326,.T.);
#4474 = ORIENTED_EDGE('',*,*,#4475,.T.);
#4475 = EDGE_CURVE('',#4319,#4401,#4476,.T.);
#4476 = LINE('',#4477,#4478);
#4477 = CARTESIAN_POINT('',(-115.9655121145,-31.1126983722,-93.));
#4478 = VECTOR('',#4479,1.);
#4479 = DIRECTION('',(-0.707106781187,-0.707106781187,0.));
#4480 = ORIENTED_EDGE('',*,*,#4408,.F.);
#4481 = PLANE('',#4482);
#4482 = AXIS2_PLACEMENT_3D('',#4483,#4484,#4485);
#4483 = CARTESIAN_POINT('',(-115.9655121145,-31.1126983722,-93.));
#4484 = DIRECTION('',(-0.707106781187,0.707106781187,0.));
#4485 = DIRECTION('',(0.,0.,1.));
#4486 = ADVANCED_FACE('',(#4487),#4498,.T.);
#4487 = FACE_BOUND('',#4488,.T.);
#4488 = EDGE_LOOP('',(#4489,#4495,#4496,#4497));
#4489 = ORIENTED_EDGE('',*,*,#4490,.F.);
#4490 = EDGE_CURVE('',#4311,#4393,#4491,.T.);
#4491 = LINE('',#4492,#4493);
#4492 = CARTESIAN_POINT('',(-31.1126983722,-115.9655121145,-93.));
#4493 = VECTOR('',#4494,1.);
#4494 = DIRECTION('',(-0.707106781187,-0.707106781187,0.));
#4495 = ORIENTED_EDGE('',*,*,#4318,.T.);
#4496 = ORIENTED_EDGE('',*,*,#4475,.T.);
#4497 = ORIENTED_EDGE('',*,*,#4400,.F.);
#4498 = PLANE('',#4499);
#4499 = AXIS2_PLACEMENT_3D('',#4500,#4501,#4502);
#4500 = CARTESIAN_POINT('',(-31.1126983722,-115.9655121145,-93.));
#4501 = DIRECTION('',(0.,0.,1.));
#4502 = DIRECTION('',(-0.707106781187,0.707106781187,0.));
#4503 = ADVANCED_FACE('',(#4504),#4510,.T.);
#4504 = FACE_BOUND('',#4505,.T.);
#4505 = EDGE_LOOP('',(#4506,#4507,#4508,#4509));
#4506 = ORIENTED_EDGE('',*,*,#4451,.F.);
#4507 = ORIENTED_EDGE('',*,*,#4310,.T.);
#4508 = ORIENTED_EDGE('',*,*,#4490,.T.);
#4509 = ORIENTED_EDGE('',*,*,#4392,.F.);
#4510 = PLANE('',#4511);
#4511 = AXIS2_PLACEMENT_3D('',#4512,#4513,#4514);
#4512 = CARTESIAN_POINT('',(-31.1126983722,-115.9655121145,-93.));
#4513 = DIRECTION('',(-0.707106781187,0.707106781187,0.));
#4514 = DIRECTION('',(0.,0.,1.));
#4515 = MANIFOLD_SOLID_BREP('',#4516);
#4516 = CLOSED_SHELL('',(#4517,#4557,#4597,#4619,#4641,#4653));
#4517 = ADVANCED_FACE('',(#4518),#4552,.F.);
#4518 = FACE_BOUND('',#4519,.F.);
#4519 = EDGE_LOOP('',(#4520,#4530,#4538,#4546));
#4520 = ORIENTED_EDGE('',*,*,#4521,.F.);
#4521 = EDGE_CURVE('',#4522,#4524,#4526,.T.);
#4522 = VERTEX_POINT('',#4523);
#4523 = CARTESIAN_POINT('',(-7.071067811865,-52.3259018078,-28.));
#4524 = VERTEX_POINT('',#4525);
#4525 = CARTESIAN_POINT('',(-7.071067811865,-52.3259018078,28.));
#4526 = LINE('',#4527,#4528);
#4527 = CARTESIAN_POINT('',(-7.071067811865,-52.3259018078,-28.));
#4528 = VECTOR('',#4529,1.);
#4529 = DIRECTION('',(0.,0.,1.));
#4530 = ORIENTED_EDGE('',*,*,#4531,.T.);
#4531 = EDGE_CURVE('',#4522,#4532,#4534,.T.);
#4532 = VERTEX_POINT('',#4533);
#4533 = CARTESIAN_POINT('',(-17.67766952966,-62.9325035256,-28.));
#4534 = LINE('',#4535,#4536);
#4535 = CARTESIAN_POINT('',(-7.071067811865,-52.3259018078,-28.));
#4536 = VECTOR('',#4537,1.);
#4537 = DIRECTION('',(-0.707106781187,-0.707106781187,0.));
#4538 = ORIENTED_EDGE('',*,*,#4539,.T.);
#4539 = EDGE_CURVE('',#4532,#4540,#4542,.T.);
#4540 = VERTEX_POINT('',#4541);
#4541 = CARTESIAN_POINT('',(-17.67766952966,-62.9325035256,28.));
#4542 = LINE('',#4543,#4544);
#4543 = CARTESIAN_POINT('',(-17.67766952966,-62.9325035256,-28.));
#4544 = VECTOR('',#4545,1.);
#4545 = DIRECTION('',(0.,0.,1.));
#4546 = ORIENTED_EDGE('',*,*,#4547,.F.);
#4547 = EDGE_CURVE('',#4524,#4540,#4548,.T.);
#4548 = LINE('',#4549,#4550);
#4549 = CARTESIAN_POINT('',(-7.071067811865,-52.3259018078,28.));
#4550 = VECTOR('',#4551,1.);
#4551 = DIRECTION('',(-0.707106781187,-0.707106781187,0.));
#4552 = PLANE('',#4553);
#4553 = AXIS2_PLACEMENT_3D('',#4554,#4555,#4556);
#4554 = CARTESIAN_POINT('',(-7.071067811865,-52.3259018078,-28.));
#4555 = DIRECTION('',(-0.707106781187,0.707106781187,0.));
#4556 = DIRECTION('',(0.,0.,1.));
#4557 = ADVANCED_FACE('',(#4558),#4592,.T.);
#4558 = FACE_BOUND('',#4559,.T.);
#4559 = EDGE_LOOP('',(#4560,#4570,#4578,#4586));
#4560 = ORIENTED_EDGE('',*,*,#4561,.F.);
#4561 = EDGE_CURVE('',#4562,#4564,#4566,.T.);
#4562 = VERTEX_POINT('',#4563);
#4563 = CARTESIAN_POINT('',(-52.3259018078,-7.071067811865,-28.));
#4564 = VERTEX_POINT('',#4565);
#4565 = CARTESIAN_POINT('',(-52.3259018078,-7.071067811865,28.));
#4566 = LINE('',#4567,#4568);
#4567 = CARTESIAN_POINT('',(-52.3259018078,-7.071067811865,-28.));
#4568 = VECTOR('',#4569,1.);
#4569 = DIRECTION('',(0.,0.,1.));
#4570 = ORIENTED_EDGE('',*,*,#4571,.T.);
#4571 = EDGE_CURVE('',#4562,#4572,#4574,.T.);
#4572 = VERTEX_POINT('',#4573);
#4573 = CARTESIAN_POINT('',(-62.9325035256,-17.67766952966,-28.));
#4574 = LINE('',#4575,#4576);
#4575 = CARTESIAN_POINT('',(-52.3259018078,-7.071067811865,-28.));
#4576 = VECTOR('',#4577,1.);
#4577 = DIRECTION('',(-0.707106781187,-0.707106781187,0.));
#4578 = ORIENTED_EDGE('',*,*,#4579,.T.);
#4579 = EDGE_CURVE('',#4572,#4580,#4582,.T.);
#4580 = VERTEX_POINT('',#4581);
#4581 = CARTESIAN_POINT('',(-62.9325035256,-17.67766952966,28.));
#4582 = LINE('',#4583,#4584);
#4583 = CARTESIAN_POINT('',(-62.9325035256,-17.67766952966,-28.));
#4584 = VECTOR('',#4585,1.);
#4585 = DIRECTION('',(0.,0.,1.));
#4586 = ORIENTED_EDGE('',*,*,#4587,.F.);
#4587 = EDGE_CURVE('',#4564,#4580,#4588,.T.);
#4588 = LINE('',#4589,#4590);
#4589 = CARTESIAN_POINT('',(-52.3259018078,-7.071067811865,28.));
#4590 = VECTOR('',#4591,1.);
#4591 = DIRECTION('',(-0.707106781187,-0.707106781187,0.));
#4592 = PLANE('',#4593);
#4593 = AXIS2_PLACEMENT_3D('',#4594,#4595,#4596);
#4594 = CARTESIAN_POINT('',(-52.3259018078,-7.071067811865,-28.));
#4595 = DIRECTION('',(-0.707106781187,0.707106781187,0.));
#4596 = DIRECTION('',(0.,0.,1.));
#4597 = ADVANCED_FACE('',(#4598),#4614,.F.);
#4598 = FACE_BOUND('',#4599,.F.);
#4599 = EDGE_LOOP('',(#4600,#4606,#4607,#4613));
#4600 = ORIENTED_EDGE('',*,*,#4601,.F.);
#4601 = EDGE_CURVE('',#4522,#4562,#4602,.T.);
#4602 = LINE('',#4603,#4604);
#4603 = CARTESIAN_POINT('',(-7.071067811865,-52.3259018078,-28.));
#4604 = VECTOR('',#4605,1.);
#4605 = DIRECTION('',(-0.707106781187,0.707106781187,0.));
#4606 = ORIENTED_EDGE('',*,*,#4521,.T.);
#4607 = ORIENTED_EDGE('',*,*,#4608,.T.);
#4608 = EDGE_CURVE('',#4524,#4564,#4609,.T.);
#4609 = LINE('',#4610,#4611);
#4610 = CARTESIAN_POINT('',(-7.071067811865,-52.3259018078,28.));
#4611 = VECTOR('',#4612,1.);
#4612 = DIRECTION('',(-0.707106781187,0.707106781187,0.));
#4613 = ORIENTED_EDGE('',*,*,#4561,.F.);
#4614 = PLANE('',#4615);
#4615 = AXIS2_PLACEMENT_3D('',#4616,#4617,#4618);
#4616 = CARTESIAN_POINT('',(-7.071067811865,-52.3259018078,-28.));
#4617 = DIRECTION('',(-0.707106781187,-0.707106781187,0.));
#4618 = DIRECTION('',(0.,0.,1.));
#4619 = ADVANCED_FACE('',(#4620),#4636,.T.);
#4620 = FACE_BOUND('',#4621,.T.);
#4621 = EDGE_LOOP('',(#4622,#4628,#4629,#4635));
#4622 = ORIENTED_EDGE('',*,*,#4623,.F.);
#4623 = EDGE_CURVE('',#4532,#4572,#4624,.T.);
#4624 = LINE('',#4625,#4626);
#4625 = CARTESIAN_POINT('',(-17.67766952966,-62.9325035256,-28.));
#4626 = VECTOR('',#4627,1.);
#4627 = DIRECTION('',(-0.707106781187,0.707106781187,0.));
#4628 = ORIENTED_EDGE('',*,*,#4539,.T.);
#4629 = ORIENTED_EDGE('',*,*,#4630,.T.);
#4630 = EDGE_CURVE('',#4540,#4580,#4631,.T.);
#4631 = LINE('',#4632,#4633);
#4632 = CARTESIAN_POINT('',(-17.67766952966,-62.9325035256,28.));
#4633 = VECTOR('',#4634,1.);
#4634 = DIRECTION('',(-0.707106781187,0.707106781187,0.));
#4635 = ORIENTED_EDGE('',*,*,#4579,.F.);
#4636 = PLANE('',#4637);
#4637 = AXIS2_PLACEMENT_3D('',#4638,#4639,#4640);
#4638 = CARTESIAN_POINT('',(-17.67766952966,-62.9325035256,-28.));
#4639 = DIRECTION('',(-0.707106781187,-0.707106781187,0.));
#4640 = DIRECTION('',(0.,0.,1.));
#4641 = ADVANCED_FACE('',(#4642),#4648,.F.);
#4642 = FACE_BOUND('',#4643,.F.);
#4643 = EDGE_LOOP('',(#4644,#4645,#4646,#4647));
#4644 = ORIENTED_EDGE('',*,*,#4531,.F.);
#4645 = ORIENTED_EDGE('',*,*,#4601,.T.);
#4646 = ORIENTED_EDGE('',*,*,#4571,.T.);
#4647 = ORIENTED_EDGE('',*,*,#4623,.F.);
#4648 = PLANE('',#4649);
#4649 = AXIS2_PLACEMENT_3D('',#4650,#4651,#4652);
#4650 = CARTESIAN_POINT('',(-7.071067811865,-52.3259018078,-28.));
#4651 = DIRECTION('',(0.,0.,1.));
#4652 = DIRECTION('',(-0.707106781187,0.707106781187,0.));
#4653 = ADVANCED_FACE('',(#4654),#4660,.T.);
#4654 = FACE_BOUND('',#4655,.T.);
#4655 = EDGE_LOOP('',(#4656,#4657,#4658,#4659));
#4656 = ORIENTED_EDGE('',*,*,#4547,.F.);
#4657 = ORIENTED_EDGE('',*,*,#4608,.T.);
#4658 = ORIENTED_EDGE('',*,*,#4587,.T.);
#4659 = ORIENTED_EDGE('',*,*,#4630,.F.);
#4660 = PLANE('',#4661);
#4661 = AXIS2_PLACEMENT_3D('',#4662,#4663,#4664);
#4662 = CARTESIAN_POINT('',(-7.071067811865,-52.3259018078,28.));
#4663 = DIRECTION('',(0.,0.,1.));
#4664 = DIRECTION('',(-0.707106781187,0.707106781187,0.));
#4665 = MANIFOLD_SOLID_BREP('',#4666);
#4666 = CLOSED_SHELL('',(#4667,#4700,#4709));
#4667 = ADVANCED_FACE('',(#4668),#4695,.T.);
#4668 = FACE_BOUND('',#4669,.T.);
#4669 = EDGE_LOOP('',(#4670,#4679,#4687,#4694));
#4670 = ORIENTED_EDGE('',*,*,#4671,.F.);
#4671 = EDGE_CURVE('',#4672,#4672,#4674,.T.);
#4672 = VERTEX_POINT('',#4673);
#4673 = CARTESIAN_POINT('',(-40.30508652763,-40.30508652763,4.));
#4674 = CIRCLE('',#4675,4.);
#4675 = AXIS2_PLACEMENT_3D('',#4676,#4677,#4678);
#4676 = CARTESIAN_POINT('',(-40.30508652763,-40.30508652763,0.));
#4677 = DIRECTION('',(-0.707106781187,-0.707106781187,0.));
#4678 = DIRECTION('',(0.,0.,1.));
#4679 = ORIENTED_EDGE('',*,*,#4680,.F.);
#4680 = EDGE_CURVE('',#4681,#4672,#4683,.T.);
#4681 = VERTEX_POINT('',#4682);
#4682 = CARTESIAN_POINT('',(-19.09188309203,-19.09188309203,4.));
#4683 = LINE('',#4684,#4685);
#4684 = CARTESIAN_POINT('',(-19.09188309203,-19.09188309203,4.));
#4685 = VECTOR('',#4686,1.);
#4686 = DIRECTION('',(-0.707106781187,-0.707106781187,0.));
#4687 = ORIENTED_EDGE('',*,*,#4688,.T.);
#4688 = EDGE_CURVE('',#4681,#4681,#4689,.T.);
#4689 = CIRCLE('',#4690,4.);
#4690 = AXIS2_PLACEMENT_3D('',#4691,#4692,#4693);
#4691 = CARTESIAN_POINT('',(-19.09188309203,-19.09188309203,0.));
#4692 = DIRECTION('',(-0.707106781187,-0.707106781187,0.));
#4693 = DIRECTION('',(0.,0.,1.));
#4694 = ORIENTED_EDGE('',*,*,#4680,.T.);
#4695 = CYLINDRICAL_SURFACE('',#4696,4.);
#4696 = AXIS2_PLACEMENT_3D('',#4697,#4698,#4699);
#4697 = CARTESIAN_POINT('',(-19.09188309203,-19.09188309203,0.));
#4698 = DIRECTION('',(-0.707106781187,-0.707106781187,0.));
#4699 = DIRECTION('',(0.,0.,1.));
#4700 = ADVANCED_FACE('',(#4701),#4704,.T.);
#4701 = FACE_BOUND('',#4702,.T.);
#4702 = EDGE_LOOP('',(#4703));
#4703 = ORIENTED_EDGE('',*,*,#4671,.T.);
#4704 = PLANE('',#4705);
#4705 = AXIS2_PLACEMENT_3D('',#4706,#4707,#4708);
#4706 = CARTESIAN_POINT('',(-40.30508652763,-40.30508652763,0.));
#4707 = DIRECTION('',(-0.707106781187,-0.707106781187,0.));
#4708 = DIRECTION('',(0.,0.,1.));
#4709 = ADVANCED_FACE('',(#4710),#4713,.F.);
#4710 = FACE_BOUND('',#4711,.T.);
#4711 = EDGE_LOOP('',(#4712));
#4712 = ORIENTED_EDGE('',*,*,#4688,.F.);
#4713 = PLANE('',#4714);
#4714 = AXIS2_PLACEMENT_3D('',#4715,#4716,#4717);
#4715 = CARTESIAN_POINT('',(-19.09188309203,-19.09188309203,0.));
#4716 = DIRECTION('',(-0.707106781187,-0.707106781187,0.));
#4717 = DIRECTION('',(0.,0.,1.));
#4718 = MANIFOLD_SOLID_BREP('',#4719);
#4719 = CLOSED_SHELL('',(#4720,#4760,#4800,#4822,#4844,#4856));
#4720 = ADVANCED_FACE('',(#4721),#4755,.F.);
#4721 = FACE_BOUND('',#4722,.F.);
#4722 = EDGE_LOOP('',(#4723,#4733,#4741,#4749));
#4723 = ORIENTED_EDGE('',*,*,#4724,.F.);
#4724 = EDGE_CURVE('',#4725,#4727,#4729,.T.);
#4725 = VERTEX_POINT('',#4726);
#4726 = CARTESIAN_POINT('',(-23.33452377915,-57.27564927611,-12.));
#4727 = VERTEX_POINT('',#4728);
#4728 = CARTESIAN_POINT('',(-23.33452377915,-57.27564927611,12.));
#4729 = LINE('',#4730,#4731);
#4730 = CARTESIAN_POINT('',(-23.33452377915,-57.27564927611,-12.));
#4731 = VECTOR('',#4732,1.);
#4732 = DIRECTION('',(0.,0.,1.));
#4733 = ORIENTED_EDGE('',*,*,#4734,.T.);
#4734 = EDGE_CURVE('',#4725,#4735,#4737,.T.);
#4735 = VERTEX_POINT('',#4736);
#4736 = CARTESIAN_POINT('',(-34.64823227814,-68.58935777509,-12.));
#4737 = LINE('',#4738,#4739);
#4738 = CARTESIAN_POINT('',(-23.33452377915,-57.27564927611,-12.));
#4739 = VECTOR('',#4740,1.);
#4740 = DIRECTION('',(-0.707106781187,-0.707106781187,0.));
#4741 = ORIENTED_EDGE('',*,*,#4742,.T.);
#4742 = EDGE_CURVE('',#4735,#4743,#4745,.T.);
#4743 = VERTEX_POINT('',#4744);
#4744 = CARTESIAN_POINT('',(-34.64823227814,-68.58935777509,12.));
#4745 = LINE('',#4746,#4747);
#4746 = CARTESIAN_POINT('',(-34.64823227814,-68.58935777509,-12.));
#4747 = VECTOR('',#4748,1.);
#4748 = DIRECTION('',(0.,0.,1.));
#4749 = ORIENTED_EDGE('',*,*,#4750,.F.);
#4750 = EDGE_CURVE('',#4727,#4743,#4751,.T.);
#4751 = LINE('',#4752,#4753);
#4752 = CARTESIAN_POINT('',(-23.33452377915,-57.27564927611,12.));
#4753 = VECTOR('',#4754,1.);
#4754 = DIRECTION('',(-0.707106781187,-0.707106781187,0.));
#4755 = PLANE('',#4756);
#4756 = AXIS2_PLACEMENT_3D('',#4757,#4758,#4759);
#4757 = CARTESIAN_POINT('',(-23.33452377915,-57.27564927611,-12.));
#4758 = DIRECTION('',(-0.707106781187,0.707106781187,0.));
#4759 = DIRECTION('',(0.,0.,1.));
#4760 = ADVANCED_FACE('',(#4761),#4795,.T.);
#4761 = FACE_BOUND('',#4762,.T.);
#4762 = EDGE_LOOP('',(#4763,#4773,#4781,#4789));
#4763 = ORIENTED_EDGE('',*,*,#4764,.F.);
#4764 = EDGE_CURVE('',#4765,#4767,#4769,.T.);
#4765 = VERTEX_POINT('',#4766);
#4766 = CARTESIAN_POINT('',(-57.27564927611,-23.33452377915,-12.));
#4767 = VERTEX_POINT('',#4768);
#4768 = CARTESIAN_POINT('',(-57.27564927611,-23.33452377915,12.));
#4769 = LINE('',#4770,#4771);
#4770 = CARTESIAN_POINT('',(-57.27564927611,-23.33452377915,-12.));
#4771 = VECTOR('',#4772,1.);
#4772 = DIRECTION('',(0.,0.,1.));
#4773 = ORIENTED_EDGE('',*,*,#4774,.T.);
#4774 = EDGE_CURVE('',#4765,#4775,#4777,.T.);
#4775 = VERTEX_POINT('',#4776);
#4776 = CARTESIAN_POINT('',(-68.58935777509,-34.64823227814,-12.));
#4777 = LINE('',#4778,#4779);
#4778 = CARTESIAN_POINT('',(-57.27564927611,-23.33452377915,-12.));
#4779 = VECTOR('',#4780,1.);
#4780 = DIRECTION('',(-0.707106781187,-0.707106781187,0.));
#4781 = ORIENTED_EDGE('',*,*,#4782,.T.);
#4782 = EDGE_CURVE('',#4775,#4783,#4785,.T.);
#4783 = VERTEX_POINT('',#4784);
#4784 = CARTESIAN_POINT('',(-68.58935777509,-34.64823227814,12.));
#4785 = LINE('',#4786,#4787);
#4786 = CARTESIAN_POINT('',(-68.58935777509,-34.64823227814,-12.));
#4787 = VECTOR('',#4788,1.);
#4788 = DIRECTION('',(0.,0.,1.));
#4789 = ORIENTED_EDGE('',*,*,#4790,.F.);
#4790 = EDGE_CURVE('',#4767,#4783,#4791,.T.);
#4791 = LINE('',#4792,#4793);
#4792 = CARTESIAN_POINT('',(-57.27564927611,-23.33452377915,12.));
#4793 = VECTOR('',#4794,1.);
#4794 = DIRECTION('',(-0.707106781187,-0.707106781187,0.));
#4795 = PLANE('',#4796);
#4796 = AXIS2_PLACEMENT_3D('',#4797,#4798,#4799);
#4797 = CARTESIAN_POINT('',(-57.27564927611,-23.33452377915,-12.));
#4798 = DIRECTION('',(-0.707106781187,0.707106781187,0.));
#4799 = DIRECTION('',(0.,0.,1.));
#4800 = ADVANCED_FACE('',(#4801),#4817,.F.);
#4801 = FACE_BOUND('',#4802,.F.);
#4802 = EDGE_LOOP('',(#4803,#4809,#4810,#4816));
#4803 = ORIENTED_EDGE('',*,*,#4804,.F.);
#4804 = EDGE_CURVE('',#4725,#4765,#4805,.T.);
#4805 = LINE('',#4806,#4807);
#4806 = CARTESIAN_POINT('',(-23.33452377915,-57.27564927611,-12.));
#4807 = VECTOR('',#4808,1.);
#4808 = DIRECTION('',(-0.707106781187,0.707106781187,0.));
#4809 = ORIENTED_EDGE('',*,*,#4724,.T.);
#4810 = ORIENTED_EDGE('',*,*,#4811,.T.);
#4811 = EDGE_CURVE('',#4727,#4767,#4812,.T.);
#4812 = LINE('',#4813,#4814);
#4813 = CARTESIAN_POINT('',(-23.33452377915,-57.27564927611,12.));
#4814 = VECTOR('',#4815,1.);
#4815 = DIRECTION('',(-0.707106781187,0.707106781187,0.));
#4816 = ORIENTED_EDGE('',*,*,#4764,.F.);
#4817 = PLANE('',#4818);
#4818 = AXIS2_PLACEMENT_3D('',#4819,#4820,#4821);
#4819 = CARTESIAN_POINT('',(-23.33452377915,-57.27564927611,-12.));
#4820 = DIRECTION('',(-0.707106781187,-0.707106781187,0.));
#4821 = DIRECTION('',(0.,0.,1.));
#4822 = ADVANCED_FACE('',(#4823),#4839,.T.);
#4823 = FACE_BOUND('',#4824,.T.);
#4824 = EDGE_LOOP('',(#4825,#4831,#4832,#4838));
#4825 = ORIENTED_EDGE('',*,*,#4826,.F.);
#4826 = EDGE_CURVE('',#4735,#4775,#4827,.T.);
#4827 = LINE('',#4828,#4829);
#4828 = CARTESIAN_POINT('',(-34.64823227814,-68.58935777509,-12.));
#4829 = VECTOR('',#4830,1.);
#4830 = DIRECTION('',(-0.707106781187,0.707106781187,0.));
#4831 = ORIENTED_EDGE('',*,*,#4742,.T.);
#4832 = ORIENTED_EDGE('',*,*,#4833,.T.);
#4833 = EDGE_CURVE('',#4743,#4783,#4834,.T.);
#4834 = LINE('',#4835,#4836);
#4835 = CARTESIAN_POINT('',(-34.64823227814,-68.58935777509,12.));
#4836 = VECTOR('',#4837,1.);
#4837 = DIRECTION('',(-0.707106781187,0.707106781187,0.));
#4838 = ORIENTED_EDGE('',*,*,#4782,.F.);
#4839 = PLANE('',#4840);
#4840 = AXIS2_PLACEMENT_3D('',#4841,#4842,#4843);
#4841 = CARTESIAN_POINT('',(-34.64823227814,-68.58935777509,-12.));
#4842 = DIRECTION('',(-0.707106781187,-0.707106781187,0.));
#4843 = DIRECTION('',(0.,0.,1.));
#4844 = ADVANCED_FACE('',(#4845),#4851,.F.);
#4845 = FACE_BOUND('',#4846,.F.);
#4846 = EDGE_LOOP('',(#4847,#4848,#4849,#4850));
#4847 = ORIENTED_EDGE('',*,*,#4734,.F.);
#4848 = ORIENTED_EDGE('',*,*,#4804,.T.);
#4849 = ORIENTED_EDGE('',*,*,#4774,.T.);
#4850 = ORIENTED_EDGE('',*,*,#4826,.F.);
#4851 = PLANE('',#4852);
#4852 = AXIS2_PLACEMENT_3D('',#4853,#4854,#4855);
#4853 = CARTESIAN_POINT('',(-23.33452377915,-57.27564927611,-12.));
#4854 = DIRECTION('',(0.,0.,1.));
#4855 = DIRECTION('',(-0.707106781187,0.707106781187,0.));
#4856 = ADVANCED_FACE('',(#4857),#4863,.T.);
#4857 = FACE_BOUND('',#4858,.T.);
#4858 = EDGE_LOOP('',(#4859,#4860,#4861,#4862));
#4859 = ORIENTED_EDGE('',*,*,#4750,.F.);
#4860 = ORIENTED_EDGE('',*,*,#4811,.T.);
#4861 = ORIENTED_EDGE('',*,*,#4790,.T.);
#4862 = ORIENTED_EDGE('',*,*,#4833,.F.);
#4863 = PLANE('',#4864);
#4864 = AXIS2_PLACEMENT_3D('',#4865,#4866,#4867);
#4865 = CARTESIAN_POINT('',(-23.33452377915,-57.27564927611,12.));
#4866 = DIRECTION('',(0.,0.,1.));
#4867 = DIRECTION('',(-0.707106781187,0.707106781187,0.));
#4868 = MANIFOLD_SOLID_BREP('',#4869);
#4869 = CLOSED_SHELL('',(#4870,#4910,#4950,#4972,#4994,#5006));
#4870 = ADVANCED_FACE('',(#4871),#4905,.F.);
#4871 = FACE_BOUND('',#4872,.F.);
#4872 = EDGE_LOOP('',(#4873,#4883,#4891,#4899));
#4873 = ORIENTED_EDGE('',*,*,#4874,.F.);
#4874 = EDGE_CURVE('',#4875,#4877,#4879,.T.);
#4875 = VERTEX_POINT('',#4876);
#4876 = CARTESIAN_POINT('',(-16.26345596729,-95.45941546018,-85.));
#4877 = VERTEX_POINT('',#4878);
#4878 = CARTESIAN_POINT('',(-16.26345596729,-95.45941546018,85.));
#4879 = LINE('',#4880,#4881);
#4880 = CARTESIAN_POINT('',(-16.26345596729,-95.45941546018,-85.));
#4881 = VECTOR('',#4882,1.);
#4882 = DIRECTION('',(0.,0.,1.));
#4883 = ORIENTED_EDGE('',*,*,#4884,.T.);
#4884 = EDGE_CURVE('',#4875,#4885,#4887,.T.);
#4885 = VERTEX_POINT('',#4886);
#4886 = CARTESIAN_POINT('',(-17.67766952966,-96.87362902255,-85.));
#4887 = LINE('',#4888,#4889);
#4888 = CARTESIAN_POINT('',(-16.26345596729,-95.45941546018,-85.));
#4889 = VECTOR('',#4890,1.);
#4890 = DIRECTION('',(-0.707106781187,-0.707106781187,0.));
#4891 = ORIENTED_EDGE('',*,*,#4892,.T.);
#4892 = EDGE_CURVE('',#4885,#4893,#4895,.T.);
#4893 = VERTEX_POINT('',#4894);
#4894 = CARTESIAN_POINT('',(-17.67766952966,-96.87362902255,85.));
#4895 = LINE('',#4896,#4897);
#4896 = CARTESIAN_POINT('',(-17.67766952966,-96.87362902255,-85.));
#4897 = VECTOR('',#4898,1.);
#4898 = DIRECTION('',(0.,0.,1.));
#4899 = ORIENTED_EDGE('',*,*,#4900,.F.);
#4900 = EDGE_CURVE('',#4877,#4893,#4901,.T.);
#4901 = LINE('',#4902,#4903);
#4902 = CARTESIAN_POINT('',(-16.26345596729,-95.45941546018,85.));
#4903 = VECTOR('',#4904,1.);
#4904 = DIRECTION('',(-0.707106781187,-0.707106781187,0.));
#4905 = PLANE('',#4906);
#4906 = AXIS2_PLACEMENT_3D('',#4907,#4908,#4909);
#4907 = CARTESIAN_POINT('',(-16.26345596729,-95.45941546018,-85.));
#4908 = DIRECTION('',(-0.707106781187,0.707106781187,0.));
#4909 = DIRECTION('',(0.,0.,1.));
#4910 = ADVANCED_FACE('',(#4911),#4945,.T.);
#4911 = FACE_BOUND('',#4912,.T.);
#4912 = EDGE_LOOP('',(#4913,#4923,#4931,#4939));
#4913 = ORIENTED_EDGE('',*,*,#4914,.F.);
#4914 = EDGE_CURVE('',#4915,#4917,#4919,.T.);
#4915 = VERTEX_POINT('',#4916);
#4916 = CARTESIAN_POINT('',(-95.45941546018,-16.26345596729,-85.));
#4917 = VERTEX_POINT('',#4918);
#4918 = CARTESIAN_POINT('',(-95.45941546018,-16.26345596729,85.));
#4919 = LINE('',#4920,#4921);
#4920 = CARTESIAN_POINT('',(-95.45941546018,-16.26345596729,-85.));
#4921 = VECTOR('',#4922,1.);
#4922 = DIRECTION('',(0.,0.,1.));
#4923 = ORIENTED_EDGE('',*,*,#4924,.T.);
#4924 = EDGE_CURVE('',#4915,#4925,#4927,.T.);
#4925 = VERTEX_POINT('',#4926);
#4926 = CARTESIAN_POINT('',(-96.87362902255,-17.67766952966,-85.));
#4927 = LINE('',#4928,#4929);
#4928 = CARTESIAN_POINT('',(-95.45941546018,-16.26345596729,-85.));
#4929 = VECTOR('',#4930,1.);
#4930 = DIRECTION('',(-0.707106781187,-0.707106781187,0.));
#4931 = ORIENTED_EDGE('',*,*,#4932,.T.);
#4932 = EDGE_CURVE('',#4925,#4933,#4935,.T.);
#4933 = VERTEX_POINT('',#4934);
#4934 = CARTESIAN_POINT('',(-96.87362902255,-17.67766952966,85.));
#4935 = LINE('',#4936,#4937);
#4936 = CARTESIAN_POINT('',(-96.87362902255,-17.67766952966,-85.));
#4937 = VECTOR('',#4938,1.);
#4938 = DIRECTION('',(0.,0.,1.));
#4939 = ORIENTED_EDGE('',*,*,#4940,.F.);
#4940 = EDGE_CURVE('',#4917,#4933,#4941,.T.);
#4941 = LINE('',#4942,#4943);
#4942 = CARTESIAN_POINT('',(-95.45941546018,-16.26345596729,85.));
#4943 = VECTOR('',#4944,1.);
#4944 = DIRECTION('',(-0.707106781187,-0.707106781187,0.));
#4945 = PLANE('',#4946);
#4946 = AXIS2_PLACEMENT_3D('',#4947,#4948,#4949);
#4947 = CARTESIAN_POINT('',(-95.45941546018,-16.26345596729,-85.));
#4948 = DIRECTION('',(-0.707106781187,0.707106781187,0.));
#4949 = DIRECTION('',(0.,0.,1.));
#4950 = ADVANCED_FACE('',(#4951),#4967,.F.);
#4951 = FACE_BOUND('',#4952,.F.);
#4952 = EDGE_LOOP('',(#4953,#4959,#4960,#4966));
#4953 = ORIENTED_EDGE('',*,*,#4954,.F.);
#4954 = EDGE_CURVE('',#4875,#4915,#4955,.T.);
#4955 = LINE('',#4956,#4957);
#4956 = CARTESIAN_POINT('',(-16.26345596729,-95.45941546018,-85.));
#4957 = VECTOR('',#4958,1.);
#4958 = DIRECTION('',(-0.707106781187,0.707106781187,0.));
#4959 = ORIENTED_EDGE('',*,*,#4874,.T.);
#4960 = ORIENTED_EDGE('',*,*,#4961,.T.);
#4961 = EDGE_CURVE('',#4877,#4917,#4962,.T.);
#4962 = LINE('',#4963,#4964);
#4963 = CARTESIAN_POINT('',(-16.26345596729,-95.45941546018,85.));
#4964 = VECTOR('',#4965,1.);
#4965 = DIRECTION('',(-0.707106781187,0.707106781187,0.));
#4966 = ORIENTED_EDGE('',*,*,#4914,.F.);
#4967 = PLANE('',#4968);
#4968 = AXIS2_PLACEMENT_3D('',#4969,#4970,#4971);
#4969 = CARTESIAN_POINT('',(-16.26345596729,-95.45941546018,-85.));
#4970 = DIRECTION('',(-0.707106781187,-0.707106781187,0.));
#4971 = DIRECTION('',(0.,0.,1.));
#4972 = ADVANCED_FACE('',(#4973),#4989,.T.);
#4973 = FACE_BOUND('',#4974,.T.);
#4974 = EDGE_LOOP('',(#4975,#4981,#4982,#4988));
#4975 = ORIENTED_EDGE('',*,*,#4976,.F.);
#4976 = EDGE_CURVE('',#4885,#4925,#4977,.T.);
#4977 = LINE('',#4978,#4979);
#4978 = CARTESIAN_POINT('',(-17.67766952966,-96.87362902255,-85.));
#4979 = VECTOR('',#4980,1.);
#4980 = DIRECTION('',(-0.707106781187,0.707106781187,0.));
#4981 = ORIENTED_EDGE('',*,*,#4892,.T.);
#4982 = ORIENTED_EDGE('',*,*,#4983,.T.);
#4983 = EDGE_CURVE('',#4893,#4933,#4984,.T.);
#4984 = LINE('',#4985,#4986);
#4985 = CARTESIAN_POINT('',(-17.67766952966,-96.87362902255,85.));
#4986 = VECTOR('',#4987,1.);
#4987 = DIRECTION('',(-0.707106781187,0.707106781187,0.));
#4988 = ORIENTED_EDGE('',*,*,#4932,.F.);
#4989 = PLANE('',#4990);
#4990 = AXIS2_PLACEMENT_3D('',#4991,#4992,#4993);
#4991 = CARTESIAN_POINT('',(-17.67766952966,-96.87362902255,-85.));
#4992 = DIRECTION('',(-0.707106781187,-0.707106781187,0.));
#4993 = DIRECTION('',(0.,0.,1.));
#4994 = ADVANCED_FACE('',(#4995),#5001,.F.);
#4995 = FACE_BOUND('',#4996,.F.);
#4996 = EDGE_LOOP('',(#4997,#4998,#4999,#5000));
#4997 = ORIENTED_EDGE('',*,*,#4884,.F.);
#4998 = ORIENTED_EDGE('',*,*,#4954,.T.);
#4999 = ORIENTED_EDGE('',*,*,#4924,.T.);
#5000 = ORIENTED_EDGE('',*,*,#4976,.F.);
#5001 = PLANE('',#5002);
#5002 = AXIS2_PLACEMENT_3D('',#5003,#5004,#5005);
#5003 = CARTESIAN_POINT('',(-16.26345596729,-95.45941546018,-85.));
#5004 = DIRECTION('',(0.,0.,1.));
#5005 = DIRECTION('',(-0.707106781187,0.707106781187,0.));
#5006 = ADVANCED_FACE('',(#5007),#5013,.T.);
#5007 = FACE_BOUND('',#5008,.T.);
#5008 = EDGE_LOOP('',(#5009,#5010,#5011,#5012));
#5009 = ORIENTED_EDGE('',*,*,#4900,.F.);
#5010 = ORIENTED_EDGE('',*,*,#4961,.T.);
#5011 = ORIENTED_EDGE('',*,*,#4940,.T.);
#5012 = ORIENTED_EDGE('',*,*,#4983,.F.);
#5013 = PLANE('',#5014);
#5014 = AXIS2_PLACEMENT_3D('',#5015,#5016,#5017);
#5015 = CARTESIAN_POINT('',(-16.26345596729,-95.45941546018,85.));
#5016 = DIRECTION('',(0.,0.,1.));
#5017 = DIRECTION('',(-0.707106781187,0.707106781187,0.));
#5018 = MANIFOLD_SOLID_BREP('',#5019);
#5019 = CLOSED_SHELL('',(#5020,#5060,#5100,#5122,#5144,#5156));
#5020 = ADVANCED_FACE('',(#5021),#5055,.F.);
#5021 = FACE_BOUND('',#5022,.F.);
#5022 = EDGE_LOOP('',(#5023,#5033,#5041,#5049));
#5023 = ORIENTED_EDGE('',*,*,#5024,.F.);
#5024 = EDGE_CURVE('',#5025,#5027,#5029,.T.);
#5025 = VERTEX_POINT('',#5026);
#5026 = CARTESIAN_POINT('',(-23.33452377915,-94.04520189781,-85.));
#5027 = VERTEX_POINT('',#5028);
#5028 = CARTESIAN_POINT('',(-23.33452377915,-94.04520189781,-20.));
#5029 = LINE('',#5030,#5031);
#5030 = CARTESIAN_POINT('',(-23.33452377915,-94.04520189781,-85.));
#5031 = VECTOR('',#5032,1.);
#5032 = DIRECTION('',(0.,0.,1.));
#5033 = ORIENTED_EDGE('',*,*,#5034,.T.);
#5034 = EDGE_CURVE('',#5025,#5035,#5037,.T.);
#5035 = VERTEX_POINT('',#5036);
#5036 = CARTESIAN_POINT('',(-37.47665940288,-108.1873375215,-85.));
#5037 = LINE('',#5038,#5039);
#5038 = CARTESIAN_POINT('',(-23.33452377915,-94.04520189781,-85.));
#5039 = VECTOR('',#5040,1.);
#5040 = DIRECTION('',(-0.707106781187,-0.707106781187,0.));
#5041 = ORIENTED_EDGE('',*,*,#5042,.T.);
#5042 = EDGE_CURVE('',#5035,#5043,#5045,.T.);
#5043 = VERTEX_POINT('',#5044);
#5044 = CARTESIAN_POINT('',(-37.47665940288,-108.1873375215,-20.));
#5045 = LINE('',#5046,#5047);
#5046 = CARTESIAN_POINT('',(-37.47665940288,-108.1873375215,-85.));
#5047 = VECTOR('',#5048,1.);
#5048 = DIRECTION('',(0.,0.,1.));
#5049 = ORIENTED_EDGE('',*,*,#5050,.F.);
#5050 = EDGE_CURVE('',#5027,#5043,#5051,.T.);
#5051 = LINE('',#5052,#5053);
#5052 = CARTESIAN_POINT('',(-23.33452377915,-94.04520189781,-20.));
#5053 = VECTOR('',#5054,1.);
#5054 = DIRECTION('',(-0.707106781187,-0.707106781187,0.));
#5055 = PLANE('',#5056);
#5056 = AXIS2_PLACEMENT_3D('',#5057,#5058,#5059);
#5057 = CARTESIAN_POINT('',(-23.33452377915,-94.04520189781,-85.));
#5058 = DIRECTION('',(-0.707106781187,0.707106781187,0.));
#5059 = DIRECTION('',(0.,0.,1.));
#5060 = ADVANCED_FACE('',(#5061),#5095,.T.);
#5061 = FACE_BOUND('',#5062,.T.);
#5062 = EDGE_LOOP('',(#5063,#5073,#5081,#5089));
#5063 = ORIENTED_EDGE('',*,*,#5064,.F.);
#5064 = EDGE_CURVE('',#5065,#5067,#5069,.T.);
#5065 = VERTEX_POINT('',#5066);
#5066 = CARTESIAN_POINT('',(-94.04520189781,-23.33452377915,-85.));
#5067 = VERTEX_POINT('',#5068);
#5068 = CARTESIAN_POINT('',(-94.04520189781,-23.33452377915,-20.));
#5069 = LINE('',#5070,#5071);
#5070 = CARTESIAN_POINT('',(-94.04520189781,-23.33452377915,-85.));
#5071 = VECTOR('',#5072,1.);
#5072 = DIRECTION('',(0.,0.,1.));
#5073 = ORIENTED_EDGE('',*,*,#5074,.T.);
#5074 = EDGE_CURVE('',#5065,#5075,#5077,.T.);
#5075 = VERTEX_POINT('',#5076);
#5076 = CARTESIAN_POINT('',(-108.1873375215,-37.47665940288,-85.));
#5077 = LINE('',#5078,#5079);
#5078 = CARTESIAN_POINT('',(-94.04520189781,-23.33452377915,-85.));
#5079 = VECTOR('',#5080,1.);
#5080 = DIRECTION('',(-0.707106781187,-0.707106781187,0.));
#5081 = ORIENTED_EDGE('',*,*,#5082,.T.);
#5082 = EDGE_CURVE('',#5075,#5083,#5085,.T.);
#5083 = VERTEX_POINT('',#5084);
#5084 = CARTESIAN_POINT('',(-108.1873375215,-37.47665940288,-20.));
#5085 = LINE('',#5086,#5087);
#5086 = CARTESIAN_POINT('',(-108.1873375215,-37.47665940288,-85.));
#5087 = VECTOR('',#5088,1.);
#5088 = DIRECTION('',(0.,0.,1.));
#5089 = ORIENTED_EDGE('',*,*,#5090,.F.);
#5090 = EDGE_CURVE('',#5067,#5083,#5091,.T.);
#5091 = LINE('',#5092,#5093);
#5092 = CARTESIAN_POINT('',(-94.04520189781,-23.33452377915,-20.));
#5093 = VECTOR('',#5094,1.);
#5094 = DIRECTION('',(-0.707106781187,-0.707106781187,0.));
#5095 = PLANE('',#5096);
#5096 = AXIS2_PLACEMENT_3D('',#5097,#5098,#5099);
#5097 = CARTESIAN_POINT('',(-94.04520189781,-23.33452377915,-85.));
#5098 = DIRECTION('',(-0.707106781187,0.707106781187,0.));
#5099 = DIRECTION('',(0.,0.,1.));
#5100 = ADVANCED_FACE('',(#5101),#5117,.F.);
#5101 = FACE_BOUND('',#5102,.F.);
#5102 = EDGE_LOOP('',(#5103,#5109,#5110,#5116));
#5103 = ORIENTED_EDGE('',*,*,#5104,.F.);
#5104 = EDGE_CURVE('',#5025,#5065,#5105,.T.);
#5105 = LINE('',#5106,#5107);
#5106 = CARTESIAN_POINT('',(-23.33452377915,-94.04520189781,-85.));
#5107 = VECTOR('',#5108,1.);
#5108 = DIRECTION('',(-0.707106781187,0.707106781187,0.));
#5109 = ORIENTED_EDGE('',*,*,#5024,.T.);
#5110 = ORIENTED_EDGE('',*,*,#5111,.T.);
#5111 = EDGE_CURVE('',#5027,#5067,#5112,.T.);
#5112 = LINE('',#5113,#5114);
#5113 = CARTESIAN_POINT('',(-23.33452377915,-94.04520189781,-20.));
#5114 = VECTOR('',#5115,1.);
#5115 = DIRECTION('',(-0.707106781187,0.707106781187,0.));
#5116 = ORIENTED_EDGE('',*,*,#5064,.F.);
#5117 = PLANE('',#5118);
#5118 = AXIS2_PLACEMENT_3D('',#5119,#5120,#5121);
#5119 = CARTESIAN_POINT('',(-23.33452377915,-94.04520189781,-85.));
#5120 = DIRECTION('',(-0.707106781187,-0.707106781187,0.));
#5121 = DIRECTION('',(0.,0.,1.));
#5122 = ADVANCED_FACE('',(#5123),#5139,.T.);
#5123 = FACE_BOUND('',#5124,.T.);
#5124 = EDGE_LOOP('',(#5125,#5131,#5132,#5138));
#5125 = ORIENTED_EDGE('',*,*,#5126,.F.);
#5126 = EDGE_CURVE('',#5035,#5075,#5127,.T.);
#5127 = LINE('',#5128,#5129);
#5128 = CARTESIAN_POINT('',(-37.47665940288,-108.1873375215,-85.));
#5129 = VECTOR('',#5130,1.);
#5130 = DIRECTION('',(-0.707106781187,0.707106781187,0.));
#5131 = ORIENTED_EDGE('',*,*,#5042,.T.);
#5132 = ORIENTED_EDGE('',*,*,#5133,.T.);
#5133 = EDGE_CURVE('',#5043,#5083,#5134,.T.);
#5134 = LINE('',#5135,#5136);
#5135 = CARTESIAN_POINT('',(-37.47665940288,-108.1873375215,-20.));
#5136 = VECTOR('',#5137,1.);
#5137 = DIRECTION('',(-0.707106781187,0.707106781187,0.));
#5138 = ORIENTED_EDGE('',*,*,#5082,.F.);
#5139 = PLANE('',#5140);
#5140 = AXIS2_PLACEMENT_3D('',#5141,#5142,#5143);
#5141 = CARTESIAN_POINT('',(-37.47665940288,-108.1873375215,-85.));
#5142 = DIRECTION('',(-0.707106781187,-0.707106781187,0.));
#5143 = DIRECTION('',(0.,0.,1.));
#5144 = ADVANCED_FACE('',(#5145),#5151,.F.);
#5145 = FACE_BOUND('',#5146,.F.);
#5146 = EDGE_LOOP('',(#5147,#5148,#5149,#5150));
#5147 = ORIENTED_EDGE('',*,*,#5034,.F.);
#5148 = ORIENTED_EDGE('',*,*,#5104,.T.);
#5149 = ORIENTED_EDGE('',*,*,#5074,.T.);
#5150 = ORIENTED_EDGE('',*,*,#5126,.F.);
#5151 = PLANE('',#5152);
#5152 = AXIS2_PLACEMENT_3D('',#5153,#5154,#5155);
#5153 = CARTESIAN_POINT('',(-23.33452377915,-94.04520189781,-85.));
#5154 = DIRECTION('',(0.,0.,1.));
#5155 = DIRECTION('',(-0.707106781187,0.707106781187,0.));
#5156 = ADVANCED_FACE('',(#5157),#5163,.T.);
#5157 = FACE_BOUND('',#5158,.T.);
#5158 = EDGE_LOOP('',(#5159,#5160,#5161,#5162));
#5159 = ORIENTED_EDGE('',*,*,#5050,.F.);
#5160 = ORIENTED_EDGE('',*,*,#5111,.T.);
#5161 = ORIENTED_EDGE('',*,*,#5090,.T.);
#5162 = ORIENTED_EDGE('',*,*,#5133,.F.);
#5163 = PLANE('',#5164);
#5164 = AXIS2_PLACEMENT_3D('',#5165,#5166,#5167);
#5165 = CARTESIAN_POINT('',(-23.33452377915,-94.04520189781,-20.));
#5166 = DIRECTION('',(0.,0.,1.));
#5167 = DIRECTION('',(-0.707106781187,0.707106781187,0.));
#5168 = MANIFOLD_SOLID_BREP('',#5169);
#5169 = CLOSED_SHELL('',(#5170,#5210,#5250,#5272,#5294,#5306));
#5170 = ADVANCED_FACE('',(#5171),#5205,.F.);
#5171 = FACE_BOUND('',#5172,.F.);
#5172 = EDGE_LOOP('',(#5173,#5183,#5191,#5199));
#5173 = ORIENTED_EDGE('',*,*,#5174,.F.);
#5174 = EDGE_CURVE('',#5175,#5177,#5179,.T.);
#5175 = VERTEX_POINT('',#5176);
#5176 = CARTESIAN_POINT('',(-65.76093065034,-51.61879502661,0.));
#5177 = VERTEX_POINT('',#5178);
#5178 = CARTESIAN_POINT('',(-65.76093065034,-51.61879502661,30.));
#5179 = LINE('',#5180,#5181);
#5180 = CARTESIAN_POINT('',(-65.76093065034,-51.61879502661,0.));
#5181 = VECTOR('',#5182,1.);
#5182 = DIRECTION('',(0.,0.,1.));
#5183 = ORIENTED_EDGE('',*,*,#5184,.T.);
#5184 = EDGE_CURVE('',#5175,#5185,#5187,.T.);
#5185 = VERTEX_POINT('',#5186);
#5186 = CARTESIAN_POINT('',(-71.41778489984,-57.27564927611,0.));
#5187 = LINE('',#5188,#5189);
#5188 = CARTESIAN_POINT('',(-65.76093065034,-51.61879502661,0.));
#5189 = VECTOR('',#5190,1.);
#5190 = DIRECTION('',(-0.707106781187,-0.707106781187,0.));
#5191 = ORIENTED_EDGE('',*,*,#5192,.T.);
#5192 = EDGE_CURVE('',#5185,#5193,#5195,.T.);
#5193 = VERTEX_POINT('',#5194);
#5194 = CARTESIAN_POINT('',(-71.41778489984,-57.27564927611,30.));
#5195 = LINE('',#5196,#5197);
#5196 = CARTESIAN_POINT('',(-71.41778489984,-57.27564927611,0.));
#5197 = VECTOR('',#5198,1.);
#5198 = DIRECTION('',(0.,0.,1.));
#5199 = ORIENTED_EDGE('',*,*,#5200,.F.);
#5200 = EDGE_CURVE('',#5177,#5193,#5201,.T.);
#5201 = LINE('',#5202,#5203);
#5202 = CARTESIAN_POINT('',(-65.76093065034,-51.61879502661,30.));
#5203 = VECTOR('',#5204,1.);
#5204 = DIRECTION('',(-0.707106781187,-0.707106781187,0.));
#5205 = PLANE('',#5206);
#5206 = AXIS2_PLACEMENT_3D('',#5207,#5208,#5209);
#5207 = CARTESIAN_POINT('',(-65.76093065034,-51.61879502661,0.));
#5208 = DIRECTION('',(-0.707106781187,0.707106781187,0.));
#5209 = DIRECTION('',(0.,0.,1.));
#5210 = ADVANCED_FACE('',(#5211),#5245,.T.);
#5211 = FACE_BOUND('',#5212,.T.);
#5212 = EDGE_LOOP('',(#5213,#5223,#5231,#5239));
#5213 = ORIENTED_EDGE('',*,*,#5214,.F.);
#5214 = EDGE_CURVE('',#5215,#5217,#5219,.T.);
#5215 = VERTEX_POINT('',#5216);
#5216 = CARTESIAN_POINT('',(-86.97413408594,-30.40559159102,0.));
#5217 = VERTEX_POINT('',#5218);
#5218 = CARTESIAN_POINT('',(-86.97413408594,-30.40559159102,30.));
#5219 = LINE('',#5220,#5221);
#5220 = CARTESIAN_POINT('',(-86.97413408594,-30.40559159102,0.));
#5221 = VECTOR('',#5222,1.);
#5222 = DIRECTION('',(0.,0.,1.));
#5223 = ORIENTED_EDGE('',*,*,#5224,.T.);
#5224 = EDGE_CURVE('',#5215,#5225,#5227,.T.);
#5225 = VERTEX_POINT('',#5226);
#5226 = CARTESIAN_POINT('',(-92.63098833543,-36.06244584051,0.));
#5227 = LINE('',#5228,#5229);
#5228 = CARTESIAN_POINT('',(-86.97413408594,-30.40559159102,0.));
#5229 = VECTOR('',#5230,1.);
#5230 = DIRECTION('',(-0.707106781187,-0.707106781187,0.));
#5231 = ORIENTED_EDGE('',*,*,#5232,.T.);
#5232 = EDGE_CURVE('',#5225,#5233,#5235,.T.);
#5233 = VERTEX_POINT('',#5234);
#5234 = CARTESIAN_POINT('',(-92.63098833543,-36.06244584051,30.));
#5235 = LINE('',#5236,#5237);
#5236 = CARTESIAN_POINT('',(-92.63098833543,-36.06244584051,0.));
#5237 = VECTOR('',#5238,1.);
#5238 = DIRECTION('',(0.,0.,1.));
#5239 = ORIENTED_EDGE('',*,*,#5240,.F.);
#5240 = EDGE_CURVE('',#5217,#5233,#5241,.T.);
#5241 = LINE('',#5242,#5243);
#5242 = CARTESIAN_POINT('',(-86.97413408594,-30.40559159102,30.));
#5243 = VECTOR('',#5244,1.);
#5244 = DIRECTION('',(-0.707106781187,-0.707106781187,0.));
#5245 = PLANE('',#5246);
#5246 = AXIS2_PLACEMENT_3D('',#5247,#5248,#5249);
#5247 = CARTESIAN_POINT('',(-86.97413408594,-30.40559159102,0.));
#5248 = DIRECTION('',(-0.707106781187,0.707106781187,0.));
#5249 = DIRECTION('',(0.,0.,1.));
#5250 = ADVANCED_FACE('',(#5251),#5267,.F.);
#5251 = FACE_BOUND('',#5252,.F.);
#5252 = EDGE_LOOP('',(#5253,#5259,#5260,#5266));
#5253 = ORIENTED_EDGE('',*,*,#5254,.F.);
#5254 = EDGE_CURVE('',#5175,#5215,#5255,.T.);
#5255 = LINE('',#5256,#5257);
#5256 = CARTESIAN_POINT('',(-65.76093065034,-51.61879502661,0.));
#5257 = VECTOR('',#5258,1.);
#5258 = DIRECTION('',(-0.707106781187,0.707106781187,0.));
#5259 = ORIENTED_EDGE('',*,*,#5174,.T.);
#5260 = ORIENTED_EDGE('',*,*,#5261,.T.);
#5261 = EDGE_CURVE('',#5177,#5217,#5262,.T.);
#5262 = LINE('',#5263,#5264);
#5263 = CARTESIAN_POINT('',(-65.76093065034,-51.61879502661,30.));
#5264 = VECTOR('',#5265,1.);
#5265 = DIRECTION('',(-0.707106781187,0.707106781187,0.));
#5266 = ORIENTED_EDGE('',*,*,#5214,.F.);
#5267 = PLANE('',#5268);
#5268 = AXIS2_PLACEMENT_3D('',#5269,#5270,#5271);
#5269 = CARTESIAN_POINT('',(-65.76093065034,-51.61879502661,0.));
#5270 = DIRECTION('',(-0.707106781187,-0.707106781187,0.));
#5271 = DIRECTION('',(0.,0.,1.));
#5272 = ADVANCED_FACE('',(#5273),#5289,.T.);
#5273 = FACE_BOUND('',#5274,.T.);
#5274 = EDGE_LOOP('',(#5275,#5281,#5282,#5288));
#5275 = ORIENTED_EDGE('',*,*,#5276,.F.);
#5276 = EDGE_CURVE('',#5185,#5225,#5277,.T.);
#5277 = LINE('',#5278,#5279);
#5278 = CARTESIAN_POINT('',(-71.41778489984,-57.27564927611,0.));
#5279 = VECTOR('',#5280,1.);
#5280 = DIRECTION('',(-0.707106781187,0.707106781187,0.));
#5281 = ORIENTED_EDGE('',*,*,#5192,.T.);
#5282 = ORIENTED_EDGE('',*,*,#5283,.T.);
#5283 = EDGE_CURVE('',#5193,#5233,#5284,.T.);
#5284 = LINE('',#5285,#5286);
#5285 = CARTESIAN_POINT('',(-71.41778489984,-57.27564927611,30.));
#5286 = VECTOR('',#5287,1.);
#5287 = DIRECTION('',(-0.707106781187,0.707106781187,0.));
#5288 = ORIENTED_EDGE('',*,*,#5232,.F.);
#5289 = PLANE('',#5290);
#5290 = AXIS2_PLACEMENT_3D('',#5291,#5292,#5293);
#5291 = CARTESIAN_POINT('',(-71.41778489984,-57.27564927611,0.));
#5292 = DIRECTION('',(-0.707106781187,-0.707106781187,0.));
#5293 = DIRECTION('',(0.,0.,1.));
#5294 = ADVANCED_FACE('',(#5295),#5301,.F.);
#5295 = FACE_BOUND('',#5296,.F.);
#5296 = EDGE_LOOP('',(#5297,#5298,#5299,#5300));
#5297 = ORIENTED_EDGE('',*,*,#5184,.F.);
#5298 = ORIENTED_EDGE('',*,*,#5254,.T.);
#5299 = ORIENTED_EDGE('',*,*,#5224,.T.);
#5300 = ORIENTED_EDGE('',*,*,#5276,.F.);
#5301 = PLANE('',#5302);
#5302 = AXIS2_PLACEMENT_3D('',#5303,#5304,#5305);
#5303 = CARTESIAN_POINT('',(-65.76093065034,-51.61879502661,0.));
#5304 = DIRECTION('',(0.,0.,1.));
#5305 = DIRECTION('',(-0.707106781187,0.707106781187,0.));
#5306 = ADVANCED_FACE('',(#5307),#5313,.T.);
#5307 = FACE_BOUND('',#5308,.T.);
#5308 = EDGE_LOOP('',(#5309,#5310,#5311,#5312));
#5309 = ORIENTED_EDGE('',*,*,#5200,.F.);
#5310 = ORIENTED_EDGE('',*,*,#5261,.T.);
#5311 = ORIENTED_EDGE('',*,*,#5240,.T.);
#5312 = ORIENTED_EDGE('',*,*,#5283,.F.);
#5313 = PLANE('',#5314);
#5314 = AXIS2_PLACEMENT_3D('',#5315,#5316,#5317);
#5315 = CARTESIAN_POINT('',(-65.76093065034,-51.61879502661,30.));
#5316 = DIRECTION('',(0.,0.,1.));
#5317 = DIRECTION('',(-0.707106781187,0.707106781187,0.));
#5318 = MANIFOLD_SOLID_BREP('',#5319);
#5319 = CLOSED_SHELL('',(#5320,#5360,#5400,#5422,#5444,#5456));
#5320 = ADVANCED_FACE('',(#5321),#5355,.F.);
#5321 = FACE_BOUND('',#5322,.F.);
#5322 = EDGE_LOOP('',(#5323,#5333,#5341,#5349));
#5323 = ORIENTED_EDGE('',*,*,#5324,.F.);
#5324 = EDGE_CURVE('',#5325,#5327,#5329,.T.);
#5325 = VERTEX_POINT('',#5326);
#5326 = CARTESIAN_POINT('',(-30.40559159102,-86.97413408594,0.));
#5327 = VERTEX_POINT('',#5328);
#5328 = CARTESIAN_POINT('',(-30.40559159102,-86.97413408594,30.));
#5329 = LINE('',#5330,#5331);
#5330 = CARTESIAN_POINT('',(-30.40559159102,-86.97413408594,0.));
#5331 = VECTOR('',#5332,1.);
#5332 = DIRECTION('',(0.,0.,1.));
#5333 = ORIENTED_EDGE('',*,*,#5334,.T.);
#5334 = EDGE_CURVE('',#5325,#5335,#5337,.T.);
#5335 = VERTEX_POINT('',#5336);
#5336 = CARTESIAN_POINT('',(-34.64823227814,-91.21677477306,0.));
#5337 = LINE('',#5338,#5339);
#5338 = CARTESIAN_POINT('',(-30.40559159102,-86.97413408594,0.));
#5339 = VECTOR('',#5340,1.);
#5340 = DIRECTION('',(-0.707106781187,-0.707106781187,0.));
#5341 = ORIENTED_EDGE('',*,*,#5342,.T.);
#5342 = EDGE_CURVE('',#5335,#5343,#5345,.T.);
#5343 = VERTEX_POINT('',#5344);
#5344 = CARTESIAN_POINT('',(-34.64823227814,-91.21677477306,30.));
#5345 = LINE('',#5346,#5347);
#5346 = CARTESIAN_POINT('',(-34.64823227814,-91.21677477306,0.));
#5347 = VECTOR('',#5348,1.);
#5348 = DIRECTION('',(0.,0.,1.));
#5349 = ORIENTED_EDGE('',*,*,#5350,.F.);
#5350 = EDGE_CURVE('',#5327,#5343,#5351,.T.);
#5351 = LINE('',#5352,#5353);
#5352 = CARTESIAN_POINT('',(-30.40559159102,-86.97413408594,30.));
#5353 = VECTOR('',#5354,1.);
#5354 = DIRECTION('',(-0.707106781187,-0.707106781187,0.));
#5355 = PLANE('',#5356);
#5356 = AXIS2_PLACEMENT_3D('',#5357,#5358,#5359);
#5357 = CARTESIAN_POINT('',(-30.40559159102,-86.97413408594,0.));
#5358 = DIRECTION('',(-0.707106781187,0.707106781187,0.));
#5359 = DIRECTION('',(0.,0.,1.));
#5360 = ADVANCED_FACE('',(#5361),#5395,.T.);
#5361 = FACE_BOUND('',#5362,.T.);
#5362 = EDGE_LOOP('',(#5363,#5373,#5381,#5389));
#5363 = ORIENTED_EDGE('',*,*,#5364,.F.);
#5364 = EDGE_CURVE('',#5365,#5367,#5369,.T.);
#5365 = VERTEX_POINT('',#5366);
#5366 = CARTESIAN_POINT('',(-51.61879502661,-65.76093065034,0.));
#5367 = VERTEX_POINT('',#5368);
#5368 = CARTESIAN_POINT('',(-51.61879502661,-65.76093065034,30.));
#5369 = LINE('',#5370,#5371);
#5370 = CARTESIAN_POINT('',(-51.61879502661,-65.76093065034,0.));
#5371 = VECTOR('',#5372,1.);
#5372 = DIRECTION('',(0.,0.,1.));
#5373 = ORIENTED_EDGE('',*,*,#5374,.T.);
#5374 = EDGE_CURVE('',#5365,#5375,#5377,.T.);
#5375 = VERTEX_POINT('',#5376);
#5376 = CARTESIAN_POINT('',(-55.86143571373,-70.00357133746,0.));
#5377 = LINE('',#5378,#5379);
#5378 = CARTESIAN_POINT('',(-51.61879502661,-65.76093065034,0.));
#5379 = VECTOR('',#5380,1.);
#5380 = DIRECTION('',(-0.707106781187,-0.707106781187,0.));
#5381 = ORIENTED_EDGE('',*,*,#5382,.T.);
#5382 = EDGE_CURVE('',#5375,#5383,#5385,.T.);
#5383 = VERTEX_POINT('',#5384);
#5384 = CARTESIAN_POINT('',(-55.86143571373,-70.00357133746,30.));
#5385 = LINE('',#5386,#5387);
#5386 = CARTESIAN_POINT('',(-55.86143571373,-70.00357133746,0.));
#5387 = VECTOR('',#5388,1.);
#5388 = DIRECTION('',(0.,0.,1.));
#5389 = ORIENTED_EDGE('',*,*,#5390,.F.);
#5390 = EDGE_CURVE('',#5367,#5383,#5391,.T.);
#5391 = LINE('',#5392,#5393);
#5392 = CARTESIAN_POINT('',(-51.61879502661,-65.76093065034,30.));
#5393 = VECTOR('',#5394,1.);
#5394 = DIRECTION('',(-0.707106781187,-0.707106781187,0.));
#5395 = PLANE('',#5396);
#5396 = AXIS2_PLACEMENT_3D('',#5397,#5398,#5399);
#5397 = CARTESIAN_POINT('',(-51.61879502661,-65.76093065034,0.));
#5398 = DIRECTION('',(-0.707106781187,0.707106781187,0.));
#5399 = DIRECTION('',(0.,0.,1.));
#5400 = ADVANCED_FACE('',(#5401),#5417,.F.);
#5401 = FACE_BOUND('',#5402,.F.);
#5402 = EDGE_LOOP('',(#5403,#5409,#5410,#5416));
#5403 = ORIENTED_EDGE('',*,*,#5404,.F.);
#5404 = EDGE_CURVE('',#5325,#5365,#5405,.T.);
#5405 = LINE('',#5406,#5407);
#5406 = CARTESIAN_POINT('',(-30.40559159102,-86.97413408594,0.));
#5407 = VECTOR('',#5408,1.);
#5408 = DIRECTION('',(-0.707106781187,0.707106781187,0.));
#5409 = ORIENTED_EDGE('',*,*,#5324,.T.);
#5410 = ORIENTED_EDGE('',*,*,#5411,.T.);
#5411 = EDGE_CURVE('',#5327,#5367,#5412,.T.);
#5412 = LINE('',#5413,#5414);
#5413 = CARTESIAN_POINT('',(-30.40559159102,-86.97413408594,30.));
#5414 = VECTOR('',#5415,1.);
#5415 = DIRECTION('',(-0.707106781187,0.707106781187,0.));
#5416 = ORIENTED_EDGE('',*,*,#5364,.F.);
#5417 = PLANE('',#5418);
#5418 = AXIS2_PLACEMENT_3D('',#5419,#5420,#5421);
#5419 = CARTESIAN_POINT('',(-30.40559159102,-86.97413408594,0.));
#5420 = DIRECTION('',(-0.707106781187,-0.707106781187,0.));
#5421 = DIRECTION('',(0.,0.,1.));
#5422 = ADVANCED_FACE('',(#5423),#5439,.T.);
#5423 = FACE_BOUND('',#5424,.T.);
#5424 = EDGE_LOOP('',(#5425,#5431,#5432,#5438));
#5425 = ORIENTED_EDGE('',*,*,#5426,.F.);
#5426 = EDGE_CURVE('',#5335,#5375,#5427,.T.);
#5427 = LINE('',#5428,#5429);
#5428 = CARTESIAN_POINT('',(-34.64823227814,-91.21677477306,0.));
#5429 = VECTOR('',#5430,1.);
#5430 = DIRECTION('',(-0.707106781187,0.707106781187,0.));
#5431 = ORIENTED_EDGE('',*,*,#5342,.T.);
#5432 = ORIENTED_EDGE('',*,*,#5433,.T.);
#5433 = EDGE_CURVE('',#5343,#5383,#5434,.T.);
#5434 = LINE('',#5435,#5436);
#5435 = CARTESIAN_POINT('',(-34.64823227814,-91.21677477306,30.));
#5436 = VECTOR('',#5437,1.);
#5437 = DIRECTION('',(-0.707106781187,0.707106781187,0.));
#5438 = ORIENTED_EDGE('',*,*,#5382,.F.);
#5439 = PLANE('',#5440);
#5440 = AXIS2_PLACEMENT_3D('',#5441,#5442,#5443);
#5441 = CARTESIAN_POINT('',(-34.64823227814,-91.21677477306,0.));
#5442 = DIRECTION('',(-0.707106781187,-0.707106781187,0.));
#5443 = DIRECTION('',(0.,0.,1.));
#5444 = ADVANCED_FACE('',(#5445),#5451,.F.);
#5445 = FACE_BOUND('',#5446,.F.);
#5446 = EDGE_LOOP('',(#5447,#5448,#5449,#5450));
#5447 = ORIENTED_EDGE('',*,*,#5334,.F.);
#5448 = ORIENTED_EDGE('',*,*,#5404,.T.);
#5449 = ORIENTED_EDGE('',*,*,#5374,.T.);
#5450 = ORIENTED_EDGE('',*,*,#5426,.F.);
#5451 = PLANE('',#5452);
#5452 = AXIS2_PLACEMENT_3D('',#5453,#5454,#5455);
#5453 = CARTESIAN_POINT('',(-30.40559159102,-86.97413408594,0.));
#5454 = DIRECTION('',(0.,0.,1.));
#5455 = DIRECTION('',(-0.707106781187,0.707106781187,0.));
#5456 = ADVANCED_FACE('',(#5457),#5463,.T.);
#5457 = FACE_BOUND('',#5458,.T.);
#5458 = EDGE_LOOP('',(#5459,#5460,#5461,#5462));
#5459 = ORIENTED_EDGE('',*,*,#5350,.F.);
#5460 = ORIENTED_EDGE('',*,*,#5411,.T.);
#5461 = ORIENTED_EDGE('',*,*,#5390,.T.);
#5462 = ORIENTED_EDGE('',*,*,#5433,.F.);
#5463 = PLANE('',#5464);
#5464 = AXIS2_PLACEMENT_3D('',#5465,#5466,#5467);
#5465 = CARTESIAN_POINT('',(-30.40559159102,-86.97413408594,30.));
#5466 = DIRECTION('',(0.,0.,1.));
#5467 = DIRECTION('',(-0.707106781187,0.707106781187,0.));
#5468 = MANIFOLD_SOLID_BREP('',#5469);
#5469 = CLOSED_SHELL('',(#5470,#5510,#5550,#5572,#5594,#5606));
#5470 = ADVANCED_FACE('',(#5471),#5505,.F.);
#5471 = FACE_BOUND('',#5472,.F.);
#5472 = EDGE_LOOP('',(#5473,#5483,#5491,#5499));
#5473 = ORIENTED_EDGE('',*,*,#5474,.F.);
#5474 = EDGE_CURVE('',#5475,#5477,#5479,.T.);
#5475 = VERTEX_POINT('',#5476);
#5476 = CARTESIAN_POINT('',(-34.64823227814,-122.3294731452,-95.));
#5477 = VERTEX_POINT('',#5478);
#5478 = CARTESIAN_POINT('',(-34.64823227814,-122.3294731452,95.));
#5479 = LINE('',#5480,#5481);
#5480 = CARTESIAN_POINT('',(-34.64823227814,-122.3294731452,-95.));
#5481 = VECTOR('',#5482,1.);
#5482 = DIRECTION('',(0.,0.,1.));
#5483 = ORIENTED_EDGE('',*,*,#5484,.T.);
#5484 = EDGE_CURVE('',#5475,#5485,#5487,.T.);
#5485 = VERTEX_POINT('',#5486);
#5486 = CARTESIAN_POINT('',(-38.18376618407,-125.8650070512,-95.));
#5487 = LINE('',#5488,#5489);
#5488 = CARTESIAN_POINT('',(-34.64823227814,-122.3294731452,-95.));
#5489 = VECTOR('',#5490,1.);
#5490 = DIRECTION('',(-0.707106781187,-0.707106781187,0.));
#5491 = ORIENTED_EDGE('',*,*,#5492,.T.);
#5492 = EDGE_CURVE('',#5485,#5493,#5495,.T.);
#5493 = VERTEX_POINT('',#5494);
#5494 = CARTESIAN_POINT('',(-38.18376618407,-125.8650070512,95.));
#5495 = LINE('',#5496,#5497);
#5496 = CARTESIAN_POINT('',(-38.18376618407,-125.8650070512,-95.));
#5497 = VECTOR('',#5498,1.);
#5498 = DIRECTION('',(0.,0.,1.));
#5499 = ORIENTED_EDGE('',*,*,#5500,.F.);
#5500 = EDGE_CURVE('',#5477,#5493,#5501,.T.);
#5501 = LINE('',#5502,#5503);
#5502 = CARTESIAN_POINT('',(-34.64823227814,-122.3294731452,95.));
#5503 = VECTOR('',#5504,1.);
#5504 = DIRECTION('',(-0.707106781187,-0.707106781187,0.));
#5505 = PLANE('',#5506);
#5506 = AXIS2_PLACEMENT_3D('',#5507,#5508,#5509);
#5507 = CARTESIAN_POINT('',(-34.64823227814,-122.3294731452,-95.));
#5508 = DIRECTION('',(-0.707106781187,0.707106781187,0.));
#5509 = DIRECTION('',(0.,0.,1.));
#5510 = ADVANCED_FACE('',(#5511),#5545,.T.);
#5511 = FACE_BOUND('',#5512,.T.);
#5512 = EDGE_LOOP('',(#5513,#5523,#5531,#5539));
#5513 = ORIENTED_EDGE('',*,*,#5514,.F.);
#5514 = EDGE_CURVE('',#5515,#5517,#5519,.T.);
#5515 = VERTEX_POINT('',#5516);
#5516 = CARTESIAN_POINT('',(-122.3294731452,-34.64823227814,-95.));
#5517 = VERTEX_POINT('',#5518);
#5518 = CARTESIAN_POINT('',(-122.3294731452,-34.64823227814,95.));
#5519 = LINE('',#5520,#5521);
#5520 = CARTESIAN_POINT('',(-122.3294731452,-34.64823227814,-95.));
#5521 = VECTOR('',#5522,1.);
#5522 = DIRECTION('',(0.,0.,1.));
#5523 = ORIENTED_EDGE('',*,*,#5524,.T.);
#5524 = EDGE_CURVE('',#5515,#5525,#5527,.T.);
#5525 = VERTEX_POINT('',#5526);
#5526 = CARTESIAN_POINT('',(-125.8650070512,-38.18376618407,-95.));
#5527 = LINE('',#5528,#5529);
#5528 = CARTESIAN_POINT('',(-122.3294731452,-34.64823227814,-95.));
#5529 = VECTOR('',#5530,1.);
#5530 = DIRECTION('',(-0.707106781187,-0.707106781187,0.));
#5531 = ORIENTED_EDGE('',*,*,#5532,.T.);
#5532 = EDGE_CURVE('',#5525,#5533,#5535,.T.);
#5533 = VERTEX_POINT('',#5534);
#5534 = CARTESIAN_POINT('',(-125.8650070512,-38.18376618407,95.));
#5535 = LINE('',#5536,#5537);
#5536 = CARTESIAN_POINT('',(-125.8650070512,-38.18376618407,-95.));
#5537 = VECTOR('',#5538,1.);
#5538 = DIRECTION('',(0.,0.,1.));
#5539 = ORIENTED_EDGE('',*,*,#5540,.F.);
#5540 = EDGE_CURVE('',#5517,#5533,#5541,.T.);
#5541 = LINE('',#5542,#5543);
#5542 = CARTESIAN_POINT('',(-122.3294731452,-34.64823227814,95.));
#5543 = VECTOR('',#5544,1.);
#5544 = DIRECTION('',(-0.707106781187,-0.707106781187,0.));
#5545 = PLANE('',#5546);
#5546 = AXIS2_PLACEMENT_3D('',#5547,#5548,#5549);
#5547 = CARTESIAN_POINT('',(-122.3294731452,-34.64823227814,-95.));
#5548 = DIRECTION('',(-0.707106781187,0.707106781187,0.));
#5549 = DIRECTION('',(0.,0.,1.));
#5550 = ADVANCED_FACE('',(#5551),#5567,.F.);
#5551 = FACE_BOUND('',#5552,.F.);
#5552 = EDGE_LOOP('',(#5553,#5559,#5560,#5566));
#5553 = ORIENTED_EDGE('',*,*,#5554,.F.);
#5554 = EDGE_CURVE('',#5475,#5515,#5555,.T.);
#5555 = LINE('',#5556,#5557);
#5556 = CARTESIAN_POINT('',(-34.64823227814,-122.3294731452,-95.));
#5557 = VECTOR('',#5558,1.);
#5558 = DIRECTION('',(-0.707106781187,0.707106781187,0.));
#5559 = ORIENTED_EDGE('',*,*,#5474,.T.);
#5560 = ORIENTED_EDGE('',*,*,#5561,.T.);
#5561 = EDGE_CURVE('',#5477,#5517,#5562,.T.);
#5562 = LINE('',#5563,#5564);
#5563 = CARTESIAN_POINT('',(-34.64823227814,-122.3294731452,95.));
#5564 = VECTOR('',#5565,1.);
#5565 = DIRECTION('',(-0.707106781187,0.707106781187,0.));
#5566 = ORIENTED_EDGE('',*,*,#5514,.F.);
#5567 = PLANE('',#5568);
#5568 = AXIS2_PLACEMENT_3D('',#5569,#5570,#5571);
#5569 = CARTESIAN_POINT('',(-34.64823227814,-122.3294731452,-95.));
#5570 = DIRECTION('',(-0.707106781187,-0.707106781187,0.));
#5571 = DIRECTION('',(0.,0.,1.));
#5572 = ADVANCED_FACE('',(#5573),#5589,.T.);
#5573 = FACE_BOUND('',#5574,.T.);
#5574 = EDGE_LOOP('',(#5575,#5581,#5582,#5588));
#5575 = ORIENTED_EDGE('',*,*,#5576,.F.);
#5576 = EDGE_CURVE('',#5485,#5525,#5577,.T.);
#5577 = LINE('',#5578,#5579);
#5578 = CARTESIAN_POINT('',(-38.18376618407,-125.8650070512,-95.));
#5579 = VECTOR('',#5580,1.);
#5580 = DIRECTION('',(-0.707106781187,0.707106781187,0.));
#5581 = ORIENTED_EDGE('',*,*,#5492,.T.);
#5582 = ORIENTED_EDGE('',*,*,#5583,.T.);
#5583 = EDGE_CURVE('',#5493,#5533,#5584,.T.);
#5584 = LINE('',#5585,#5586);
#5585 = CARTESIAN_POINT('',(-38.18376618407,-125.8650070512,95.));
#5586 = VECTOR('',#5587,1.);
#5587 = DIRECTION('',(-0.707106781187,0.707106781187,0.));
#5588 = ORIENTED_EDGE('',*,*,#5532,.F.);
#5589 = PLANE('',#5590);
#5590 = AXIS2_PLACEMENT_3D('',#5591,#5592,#5593);
#5591 = CARTESIAN_POINT('',(-38.18376618407,-125.8650070512,-95.));
#5592 = DIRECTION('',(-0.707106781187,-0.707106781187,0.));
#5593 = DIRECTION('',(0.,0.,1.));
#5594 = ADVANCED_FACE('',(#5595),#5601,.F.);
#5595 = FACE_BOUND('',#5596,.F.);
#5596 = EDGE_LOOP('',(#5597,#5598,#5599,#5600));
#5597 = ORIENTED_EDGE('',*,*,#5484,.F.);
#5598 = ORIENTED_EDGE('',*,*,#5554,.T.);
#5599 = ORIENTED_EDGE('',*,*,#5524,.T.);
#5600 = ORIENTED_EDGE('',*,*,#5576,.F.);
#5601 = PLANE('',#5602);
#5602 = AXIS2_PLACEMENT_3D('',#5603,#5604,#5605);
#5603 = CARTESIAN_POINT('',(-34.64823227814,-122.3294731452,-95.));
#5604 = DIRECTION('',(0.,0.,1.));
#5605 = DIRECTION('',(-0.707106781187,0.707106781187,0.));
#5606 = ADVANCED_FACE('',(#5607),#5613,.T.);
#5607 = FACE_BOUND('',#5608,.T.);
#5608 = EDGE_LOOP('',(#5609,#5610,#5611,#5612));
#5609 = ORIENTED_EDGE('',*,*,#5500,.F.);
#5610 = ORIENTED_EDGE('',*,*,#5561,.T.);
#5611 = ORIENTED_EDGE('',*,*,#5540,.T.);
#5612 = ORIENTED_EDGE('',*,*,#5583,.F.);
#5613 = PLANE('',#5614);
#5614 = AXIS2_PLACEMENT_3D('',#5615,#5616,#5617);
#5615 = CARTESIAN_POINT('',(-34.64823227814,-122.3294731452,95.));
#5616 = DIRECTION('',(0.,0.,1.));
#5617 = DIRECTION('',(-0.707106781187,0.707106781187,0.));
#5618 = MANIFOLD_SOLID_BREP('',#5619);
#5619 = CLOSED_SHELL('',(#5620,#5653,#5672));
#5620 = ADVANCED_FACE('',(#5621),#5648,.T.);
#5621 = FACE_BOUND('',#5622,.T.);
#5622 = EDGE_LOOP('',(#5623,#5632,#5640,#5647));
#5623 = ORIENTED_EDGE('',*,*,#5624,.F.);
#5624 = EDGE_CURVE('',#5625,#5625,#5627,.T.);
#5625 = VERTEX_POINT('',#5626);
#5626 = CARTESIAN_POINT('',(-75.66042558696,-30.40559159102,117.));
#5627 = CIRCLE('',#5628,32.);
#5628 = AXIS2_PLACEMENT_3D('',#5629,#5630,#5631);
#5629 = CARTESIAN_POINT('',(-53.03300858899,-53.03300858899,117.));
#5630 = DIRECTION('',(0.,0.,1.));
#5631 = DIRECTION('',(-0.707106781187,0.707106781187,0.));
#5632 = ORIENTED_EDGE('',*,*,#5633,.F.);
#5633 = EDGE_CURVE('',#5634,#5625,#5636,.T.);
#5634 = VERTEX_POINT('',#5635);
#5635 = CARTESIAN_POINT('',(-75.66042558696,-30.40559159102,95.));
#5636 = LINE('',#5637,#5638);
#5637 = CARTESIAN_POINT('',(-75.66042558696,-30.40559159102,95.));
#5638 = VECTOR('',#5639,1.);
#5639 = DIRECTION('',(0.,0.,1.));
#5640 = ORIENTED_EDGE('',*,*,#5641,.T.);
#5641 = EDGE_CURVE('',#5634,#5634,#5642,.T.);
#5642 = CIRCLE('',#5643,32.);
#5643 = AXIS2_PLACEMENT_3D('',#5644,#5645,#5646);
#5644 = CARTESIAN_POINT('',(-53.03300858899,-53.03300858899,95.));
#5645 = DIRECTION('',(0.,0.,1.));
#5646 = DIRECTION('',(-0.707106781187,0.707106781187,0.));
#5647 = ORIENTED_EDGE('',*,*,#5633,.T.);
#5648 = CYLINDRICAL_SURFACE('',#5649,32.);
#5649 = AXIS2_PLACEMENT_3D('',#5650,#5651,#5652);
#5650 = CARTESIAN_POINT('',(-53.03300858899,-53.03300858899,95.));
#5651 = DIRECTION('',(0.,0.,1.));
#5652 = DIRECTION('',(-0.707106781187,0.707106781187,0.));
#5653 = ADVANCED_FACE('',(#5654),#5667,.T.);
#5654 = FACE_BOUND('',#5655,.T.);
#5655 = EDGE_LOOP('',(#5656,#5665,#5666));
#5656 = ORIENTED_EDGE('',*,*,#5657,.T.);
#5657 = EDGE_CURVE('',#5625,#5658,#5660,.T.);
#5658 = VERTEX_POINT('',#5659);
#5659 = CARTESIAN_POINT('',(-53.03300858899,-53.03300858899,149.));
#5660 = CIRCLE('',#5661,32.);
#5661 = AXIS2_PLACEMENT_3D('',#5662,#5663,#5664);
#5662 = CARTESIAN_POINT('',(-53.03300858899,-53.03300858899,117.));
#5663 = DIRECTION('',(0.707106781187,0.707106781187,-0.));
#5664 = DIRECTION('',(-0.707106781187,0.707106781187,0.));
#5665 = ORIENTED_EDGE('',*,*,#5657,.F.);
#5666 = ORIENTED_EDGE('',*,*,#5624,.T.);
#5667 = SPHERICAL_SURFACE('',#5668,32.);
#5668 = AXIS2_PLACEMENT_3D('',#5669,#5670,#5671);
#5669 = CARTESIAN_POINT('',(-53.03300858899,-53.03300858899,117.));
#5670 = DIRECTION('',(0.,0.,1.));
#5671 = DIRECTION('',(-0.707106781187,0.707106781187,0.));
#5672 = ADVANCED_FACE('',(#5673),#5676,.F.);
#5673 = FACE_BOUND('',#5674,.T.);
#5674 = EDGE_LOOP('',(#5675));
#5675 = ORIENTED_EDGE('',*,*,#5641,.F.);
#5676 = PLANE('',#5677);
#5677 = AXIS2_PLACEMENT_3D('',#5678,#5679,#5680);
#5678 = CARTESIAN_POINT('',(-53.03300858899,-53.03300858899,95.));
#5679 = DIRECTION('',(0.,0.,1.));
#5680 = DIRECTION('',(-0.707106781187,0.707106781187,0.));
#5681 = MANIFOLD_SOLID_BREP('',#5682);
#5682 = CLOSED_SHELL('',(#5683,#5723,#5763,#5785,#5807,#5819));
#5683 = ADVANCED_FACE('',(#5684),#5718,.F.);
#5684 = FACE_BOUND('',#5685,.F.);
#5685 = EDGE_LOOP('',(#5686,#5696,#5704,#5712));
#5686 = ORIENTED_EDGE('',*,*,#5687,.F.);
#5687 = EDGE_CURVE('',#5688,#5690,#5692,.T.);
#5688 = VERTEX_POINT('',#5689);
#5689 = CARTESIAN_POINT('',(-27.57716446627,-53.03300858899,97.));
#5690 = VERTEX_POINT('',#5691);
#5691 = CARTESIAN_POINT('',(-27.57716446627,-53.03300858899,101.));
#5692 = LINE('',#5693,#5694);
#5693 = CARTESIAN_POINT('',(-27.57716446627,-53.03300858899,97.));
#5694 = VECTOR('',#5695,1.);
#5695 = DIRECTION('',(0.,0.,1.));
#5696 = ORIENTED_EDGE('',*,*,#5697,.T.);
#5697 = EDGE_CURVE('',#5688,#5698,#5700,.T.);
#5698 = VERTEX_POINT('',#5699);
#5699 = CARTESIAN_POINT('',(-53.03300858899,-78.4888527117,97.));
#5700 = LINE('',#5701,#5702);
#5701 = CARTESIAN_POINT('',(-27.57716446627,-53.03300858899,97.));
#5702 = VECTOR('',#5703,1.);
#5703 = DIRECTION('',(-0.707106781187,-0.707106781187,0.));
#5704 = ORIENTED_EDGE('',*,*,#5705,.T.);
#5705 = EDGE_CURVE('',#5698,#5706,#5708,.T.);
#5706 = VERTEX_POINT('',#5707);
#5707 = CARTESIAN_POINT('',(-53.03300858899,-78.4888527117,101.));
#5708 = LINE('',#5709,#5710);
#5709 = CARTESIAN_POINT('',(-53.03300858899,-78.4888527117,97.));
#5710 = VECTOR('',#5711,1.);
#5711 = DIRECTION('',(0.,0.,1.));
#5712 = ORIENTED_EDGE('',*,*,#5713,.F.);
#5713 = EDGE_CURVE('',#5690,#5706,#5714,.T.);
#5714 = LINE('',#5715,#5716);
#5715 = CARTESIAN_POINT('',(-27.57716446627,-53.03300858899,101.));
#5716 = VECTOR('',#5717,1.);
#5717 = DIRECTION('',(-0.707106781187,-0.707106781187,0.));
#5718 = PLANE('',#5719);
#5719 = AXIS2_PLACEMENT_3D('',#5720,#5721,#5722);
#5720 = CARTESIAN_POINT('',(-27.57716446627,-53.03300858899,97.));
#5721 = DIRECTION('',(-0.707106781187,0.707106781187,0.));
#5722 = DIRECTION('',(0.,0.,1.));
#5723 = ADVANCED_FACE('',(#5724),#5758,.T.);
#5724 = FACE_BOUND('',#5725,.T.);
#5725 = EDGE_LOOP('',(#5726,#5736,#5744,#5752));
#5726 = ORIENTED_EDGE('',*,*,#5727,.F.);
#5727 = EDGE_CURVE('',#5728,#5730,#5732,.T.);
#5728 = VERTEX_POINT('',#5729);
#5729 = CARTESIAN_POINT('',(-53.03300858899,-27.57716446627,97.));
#5730 = VERTEX_POINT('',#5731);
#5731 = CARTESIAN_POINT('',(-53.03300858899,-27.57716446627,101.));
#5732 = LINE('',#5733,#5734);
#5733 = CARTESIAN_POINT('',(-53.03300858899,-27.57716446627,97.));
#5734 = VECTOR('',#5735,1.);
#5735 = DIRECTION('',(0.,0.,1.));
#5736 = ORIENTED_EDGE('',*,*,#5737,.T.);
#5737 = EDGE_CURVE('',#5728,#5738,#5740,.T.);
#5738 = VERTEX_POINT('',#5739);
#5739 = CARTESIAN_POINT('',(-78.4888527117,-53.03300858899,97.));
#5740 = LINE('',#5741,#5742);
#5741 = CARTESIAN_POINT('',(-53.03300858899,-27.57716446627,97.));
#5742 = VECTOR('',#5743,1.);
#5743 = DIRECTION('',(-0.707106781187,-0.707106781187,0.));
#5744 = ORIENTED_EDGE('',*,*,#5745,.T.);
#5745 = EDGE_CURVE('',#5738,#5746,#5748,.T.);
#5746 = VERTEX_POINT('',#5747);
#5747 = CARTESIAN_POINT('',(-78.4888527117,-53.03300858899,101.));
#5748 = LINE('',#5749,#5750);
#5749 = CARTESIAN_POINT('',(-78.4888527117,-53.03300858899,97.));
#5750 = VECTOR('',#5751,1.);
#5751 = DIRECTION('',(0.,0.,1.));
#5752 = ORIENTED_EDGE('',*,*,#5753,.F.);
#5753 = EDGE_CURVE('',#5730,#5746,#5754,.T.);
#5754 = LINE('',#5755,#5756);
#5755 = CARTESIAN_POINT('',(-53.03300858899,-27.57716446627,101.));
#5756 = VECTOR('',#5757,1.);
#5757 = DIRECTION('',(-0.707106781187,-0.707106781187,0.));
#5758 = PLANE('',#5759);
#5759 = AXIS2_PLACEMENT_3D('',#5760,#5761,#5762);
#5760 = CARTESIAN_POINT('',(-53.03300858899,-27.57716446627,97.));
#5761 = DIRECTION('',(-0.707106781187,0.707106781187,0.));
#5762 = DIRECTION('',(0.,0.,1.));
#5763 = ADVANCED_FACE('',(#5764),#5780,.F.);
#5764 = FACE_BOUND('',#5765,.F.);
#5765 = EDGE_LOOP('',(#5766,#5772,#5773,#5779));
#5766 = ORIENTED_EDGE('',*,*,#5767,.F.);
#5767 = EDGE_CURVE('',#5688,#5728,#5768,.T.);
#5768 = LINE('',#5769,#5770);
#5769 = CARTESIAN_POINT('',(-27.57716446627,-53.03300858899,97.));
#5770 = VECTOR('',#5771,1.);
#5771 = DIRECTION('',(-0.707106781187,0.707106781187,0.));
#5772 = ORIENTED_EDGE('',*,*,#5687,.T.);
#5773 = ORIENTED_EDGE('',*,*,#5774,.T.);
#5774 = EDGE_CURVE('',#5690,#5730,#5775,.T.);
#5775 = LINE('',#5776,#5777);
#5776 = CARTESIAN_POINT('',(-27.57716446627,-53.03300858899,101.));
#5777 = VECTOR('',#5778,1.);
#5778 = DIRECTION('',(-0.707106781187,0.707106781187,0.));
#5779 = ORIENTED_EDGE('',*,*,#5727,.F.);
#5780 = PLANE('',#5781);
#5781 = AXIS2_PLACEMENT_3D('',#5782,#5783,#5784);
#5782 = CARTESIAN_POINT('',(-27.57716446627,-53.03300858899,97.));
#5783 = DIRECTION('',(-0.707106781187,-0.707106781187,0.));
#5784 = DIRECTION('',(0.,0.,1.));
#5785 = ADVANCED_FACE('',(#5786),#5802,.T.);
#5786 = FACE_BOUND('',#5787,.T.);
#5787 = EDGE_LOOP('',(#5788,#5794,#5795,#5801));
#5788 = ORIENTED_EDGE('',*,*,#5789,.F.);
#5789 = EDGE_CURVE('',#5698,#5738,#5790,.T.);
#5790 = LINE('',#5791,#5792);
#5791 = CARTESIAN_POINT('',(-53.03300858899,-78.4888527117,97.));
#5792 = VECTOR('',#5793,1.);
#5793 = DIRECTION('',(-0.707106781187,0.707106781187,0.));
#5794 = ORIENTED_EDGE('',*,*,#5705,.T.);
#5795 = ORIENTED_EDGE('',*,*,#5796,.T.);
#5796 = EDGE_CURVE('',#5706,#5746,#5797,.T.);
#5797 = LINE('',#5798,#5799);
#5798 = CARTESIAN_POINT('',(-53.03300858899,-78.4888527117,101.));
#5799 = VECTOR('',#5800,1.);
#5800 = DIRECTION('',(-0.707106781187,0.707106781187,0.));
#5801 = ORIENTED_EDGE('',*,*,#5745,.F.);
#5802 = PLANE('',#5803);
#5803 = AXIS2_PLACEMENT_3D('',#5804,#5805,#5806);
#5804 = CARTESIAN_POINT('',(-53.03300858899,-78.4888527117,97.));
#5805 = DIRECTION('',(-0.707106781187,-0.707106781187,0.));
#5806 = DIRECTION('',(0.,0.,1.));
#5807 = ADVANCED_FACE('',(#5808),#5814,.F.);
#5808 = FACE_BOUND('',#5809,.F.);
#5809 = EDGE_LOOP('',(#5810,#5811,#5812,#5813));
#5810 = ORIENTED_EDGE('',*,*,#5697,.F.);
#5811 = ORIENTED_EDGE('',*,*,#5767,.T.);
#5812 = ORIENTED_EDGE('',*,*,#5737,.T.);
#5813 = ORIENTED_EDGE('',*,*,#5789,.F.);
#5814 = PLANE('',#5815);
#5815 = AXIS2_PLACEMENT_3D('',#5816,#5817,#5818);
#5816 = CARTESIAN_POINT('',(-27.57716446627,-53.03300858899,97.));
#5817 = DIRECTION('',(0.,0.,1.));
#5818 = DIRECTION('',(-0.707106781187,0.707106781187,0.));
#5819 = ADVANCED_FACE('',(#5820),#5826,.T.);
#5820 = FACE_BOUND('',#5821,.T.);
#5821 = EDGE_LOOP('',(#5822,#5823,#5824,#5825));
#5822 = ORIENTED_EDGE('',*,*,#5713,.F.);
#5823 = ORIENTED_EDGE('',*,*,#5774,.T.);
#5824 = ORIENTED_EDGE('',*,*,#5753,.T.);
#5825 = ORIENTED_EDGE('',*,*,#5796,.F.);
#5826 = PLANE('',#5827);
#5827 = AXIS2_PLACEMENT_3D('',#5828,#5829,#5830);
#5828 = CARTESIAN_POINT('',(-27.57716446627,-53.03300858899,101.));
#5829 = DIRECTION('',(0.,0.,1.));
#5830 = DIRECTION('',(-0.707106781187,0.707106781187,0.));
#5831 = MANIFOLD_SOLID_BREP('',#5832);
#5832 = CLOSED_SHELL('',(#5833,#5866,#5875));
#5833 = ADVANCED_FACE('',(#5834),#5861,.T.);
#5834 = FACE_BOUND('',#5835,.T.);
#5835 = EDGE_LOOP('',(#5836,#5845,#5853,#5860));
#5836 = ORIENTED_EDGE('',*,*,#5837,.F.);
#5837 = EDGE_CURVE('',#5838,#5838,#5840,.T.);
#5838 = VERTEX_POINT('',#5839);
#5839 = CARTESIAN_POINT('',(-82.02438661764,-24.04163056034,-95.));
#5840 = CIRCLE('',#5841,6.);
#5841 = AXIS2_PLACEMENT_3D('',#5842,#5843,#5844);
#5842 = CARTESIAN_POINT('',(-77.78174593052,-28.28427124746,-95.));
#5843 = DIRECTION('',(0.,0.,1.));
#5844 = DIRECTION('',(-0.707106781187,0.707106781187,0.));
#5845 = ORIENTED_EDGE('',*,*,#5846,.F.);
#5846 = EDGE_CURVE('',#5847,#5838,#5849,.T.);
#5847 = VERTEX_POINT('',#5848);
#5848 = CARTESIAN_POINT('',(-82.02438661764,-24.04163056034,-185.));
#5849 = LINE('',#5850,#5851);
#5850 = CARTESIAN_POINT('',(-82.02438661764,-24.04163056034,-185.));
#5851 = VECTOR('',#5852,1.);
#5852 = DIRECTION('',(0.,0.,1.));
#5853 = ORIENTED_EDGE('',*,*,#5854,.T.);
#5854 = EDGE_CURVE('',#5847,#5847,#5855,.T.);
#5855 = CIRCLE('',#5856,6.);
#5856 = AXIS2_PLACEMENT_3D('',#5857,#5858,#5859);
#5857 = CARTESIAN_POINT('',(-77.78174593052,-28.28427124746,-185.));
#5858 = DIRECTION('',(0.,0.,1.));
#5859 = DIRECTION('',(-0.707106781187,0.707106781187,0.));
#5860 = ORIENTED_EDGE('',*,*,#5846,.T.);
#5861 = CYLINDRICAL_SURFACE('',#5862,6.);
#5862 = AXIS2_PLACEMENT_3D('',#5863,#5864,#5865);
#5863 = CARTESIAN_POINT('',(-77.78174593052,-28.28427124746,-185.));
#5864 = DIRECTION('',(0.,0.,1.));
#5865 = DIRECTION('',(-0.707106781187,0.707106781187,0.));
#5866 = ADVANCED_FACE('',(#5867),#5870,.T.);
#5867 = FACE_BOUND('',#5868,.T.);
#5868 = EDGE_LOOP('',(#5869));
#5869 = ORIENTED_EDGE('',*,*,#5837,.T.);
#5870 = PLANE('',#5871);
#5871 = AXIS2_PLACEMENT_3D('',#5872,#5873,#5874);
#5872 = CARTESIAN_POINT('',(-77.78174593052,-28.28427124746,-95.));
#5873 = DIRECTION('',(0.,0.,1.));
#5874 = DIRECTION('',(-0.707106781187,0.707106781187,0.));
#5875 = ADVANCED_FACE('',(#5876),#5879,.F.);
#5876 = FACE_BOUND('',#5877,.T.);
#5877 = EDGE_LOOP('',(#5878));
#5878 = ORIENTED_EDGE('',*,*,#5854,.F.);
#5879 = PLANE('',#5880);
#5880 = AXIS2_PLACEMENT_3D('',#5881,#5882,#5883);
#5881 = CARTESIAN_POINT('',(-77.78174593052,-28.28427124746,-185.));
#5882 = DIRECTION('',(0.,0.,1.));
#5883 = DIRECTION('',(-0.707106781187,0.707106781187,0.));
#5884 = MANIFOLD_SOLID_BREP('',#5885);
#5885 = CLOSED_SHELL('',(#5886,#5919,#5928));
#5886 = ADVANCED_FACE('',(#5887),#5914,.T.);
#5887 = FACE_BOUND('',#5888,.T.);
#5888 = EDGE_LOOP('',(#5889,#5898,#5906,#5913));
#5889 = ORIENTED_EDGE('',*,*,#5890,.F.);
#5890 = EDGE_CURVE('',#5891,#5891,#5893,.T.);
#5891 = VERTEX_POINT('',#5892);
#5892 = CARTESIAN_POINT('',(-36.7695526217,-69.29646455628,-95.));
#5893 = CIRCLE('',#5894,7.);
#5894 = AXIS2_PLACEMENT_3D('',#5895,#5896,#5897);
#5895 = CARTESIAN_POINT('',(-31.81980515339,-74.24621202458,-95.));
#5896 = DIRECTION('',(0.,0.,1.));
#5897 = DIRECTION('',(-0.707106781187,0.707106781187,0.));
#5898 = ORIENTED_EDGE('',*,*,#5899,.F.);
#5899 = EDGE_CURVE('',#5900,#5891,#5902,.T.);
#5900 = VERTEX_POINT('',#5901);
#5901 = CARTESIAN_POINT('',(-36.7695526217,-69.29646455628,-105.));
#5902 = LINE('',#5903,#5904);
#5903 = CARTESIAN_POINT('',(-36.7695526217,-69.29646455628,-105.));
#5904 = VECTOR('',#5905,1.);
#5905 = DIRECTION('',(0.,0.,1.));
#5906 = ORIENTED_EDGE('',*,*,#5907,.T.);
#5907 = EDGE_CURVE('',#5900,#5900,#5908,.T.);
#5908 = CIRCLE('',#5909,7.);
#5909 = AXIS2_PLACEMENT_3D('',#5910,#5911,#5912);
#5910 = CARTESIAN_POINT('',(-31.81980515339,-74.24621202458,-105.));
#5911 = DIRECTION('',(0.,0.,1.));
#5912 = DIRECTION('',(-0.707106781187,0.707106781187,0.));
#5913 = ORIENTED_EDGE('',*,*,#5899,.T.);
#5914 = CYLINDRICAL_SURFACE('',#5915,7.);
#5915 = AXIS2_PLACEMENT_3D('',#5916,#5917,#5918);
#5916 = CARTESIAN_POINT('',(-31.81980515339,-74.24621202458,-105.));
#5917 = DIRECTION('',(0.,0.,1.));
#5918 = DIRECTION('',(-0.707106781187,0.707106781187,0.));
#5919 = ADVANCED_FACE('',(#5920),#5923,.T.);
#5920 = FACE_BOUND('',#5921,.T.);
#5921 = EDGE_LOOP('',(#5922));
#5922 = ORIENTED_EDGE('',*,*,#5890,.T.);
#5923 = PLANE('',#5924);
#5924 = AXIS2_PLACEMENT_3D('',#5925,#5926,#5927);
#5925 = CARTESIAN_POINT('',(-31.81980515339,-74.24621202458,-95.));
#5926 = DIRECTION('',(0.,0.,1.));
#5927 = DIRECTION('',(-0.707106781187,0.707106781187,0.));
#5928 = ADVANCED_FACE('',(#5929),#5932,.F.);
#5929 = FACE_BOUND('',#5930,.T.);
#5930 = EDGE_LOOP('',(#5931));
#5931 = ORIENTED_EDGE('',*,*,#5907,.F.);
#5932 = PLANE('',#5933);
#5933 = AXIS2_PLACEMENT_3D('',#5934,#5935,#5936);
#5934 = CARTESIAN_POINT('',(-31.81980515339,-74.24621202458,-105.));
#5935 = DIRECTION('',(0.,0.,1.));
#5936 = DIRECTION('',(-0.707106781187,0.707106781187,0.));
#5937 = ( GEOMETRIC_REPRESENTATION_CONTEXT(3) 
GLOBAL_UNCERTAINTY_ASSIGNED_CONTEXT((#5941)) 
GLOBAL_UNIT_ASSIGNED_CONTEXT((#5938,#5939,#5940)) REPRESENTATION_CONTEXT
('Context #1','3D Context with UNIT and UNCERTAINTY') );
#5938 = ( LENGTH_UNIT() NAMED_UNIT(*) SI_UNIT(.MILLI.,.METRE.) );
#5939 = ( NAMED_UNIT(*) PLANE_ANGLE_UNIT() SI_UNIT($,.RADIAN.) );
#5940 = ( NAMED_UNIT(*) SI_UNIT($,.STERADIAN.) SOLID_ANGLE_UNIT() );
#5941 = UNCERTAINTY_MEASURE_WITH_UNIT(LENGTH_MEASURE(1.E-07),#5938,
  'distance_accuracy_value','confusion accuracy');
#5942 = PRODUCT_RELATED_PRODUCT_CATEGORY('part',$,(#7));
ENDSEC;
END-ISO-10303-21;
