ISO-10303-21;
HEADER;
FILE_DESCRIPTION(('FreeCAD Model'),'2;1');
FILE_NAME('Open CASCADE Shape Model','2026-09-26T23:07:17',('Author'),(
    ''),'Open CASCADE STEP processor 7.8','FreeCAD','Unknown');
FILE_SCHEMA(('AUTOMOTIVE_DESIGN { 1 0 10303 214 1 1 1 1 }'));
ENDSEC;
DATA;
#1 = APPLICATION_PROTOCOL_DEFINITION('international standard',
  'automotive_design',2000,#2);
#2 = APPLICATION_CONTEXT(
  'core data for automotive mechanical design processes');
#3 = SHAPE_DEFINITION_REPRESENTATION(#4,#10);
#4 = PRODUCT_DEFINITION_SHAPE('','',#5);
#5 = PRODUCT_DEFINITION('design','',#6,#9);
#6 = PRODUCT_DEFINITION_FORMATION('','',#7);
#7 = PRODUCT('ShiYanTai','ShiYanTai','',(#8));
#8 = PRODUCT_CONTEXT('',#2,'mechanical');
#9 = PRODUCT_DEFINITION_CONTEXT('part definition',#2,'design');
#10 = SHAPE_REPRESENTATION('',(#11,#15,#19,#23,#27,#31,#35,#39,#43,#47,
    #51,#55,#59,#63,#67,#71,#75,#79,#83,#87,#91,#95,#99,#103,#107,#111,
    #115,#119,#123,#127,#131,#135,#139,#143,#147,#151,#155,#159,#163,
    #167,#171,#175,#179,#183,#187),#191);
#11 = AXIS2_PLACEMENT_3D('',#12,#13,#14);
#12 = CARTESIAN_POINT('',(0.,0.,0.));
#13 = DIRECTION('',(0.,0.,1.));
#14 = DIRECTION('',(1.,0.,-0.));
#15 = AXIS2_PLACEMENT_3D('',#16,#17,#18);
#16 = CARTESIAN_POINT('',(0.,0.,0.));
#17 = DIRECTION('',(0.,0.,1.));
#18 = DIRECTION('',(1.,0.,0.));
#19 = AXIS2_PLACEMENT_3D('',#20,#21,#22);
#20 = CARTESIAN_POINT('',(0.,0.,0.));
#21 = DIRECTION('',(0.,0.,1.));
#22 = DIRECTION('',(1.,0.,0.));
#23 = AXIS2_PLACEMENT_3D('',#24,#25,#26);
#24 = CARTESIAN_POINT('',(0.,0.,0.));
#25 = DIRECTION('',(0.,0.,1.));
#26 = DIRECTION('',(1.,0.,0.));
#27 = AXIS2_PLACEMENT_3D('',#28,#29,#30);
#28 = CARTESIAN_POINT('',(0.,0.,0.));
#29 = DIRECTION('',(0.,0.,1.));
#30 = DIRECTION('',(1.,0.,0.));
#31 = AXIS2_PLACEMENT_3D('',#32,#33,#34);
#32 = CARTESIAN_POINT('',(0.,0.,0.));
#33 = DIRECTION('',(0.,0.,1.));
#34 = DIRECTION('',(1.,0.,0.));
#35 = AXIS2_PLACEMENT_3D('',#36,#37,#38);
#36 = CARTESIAN_POINT('',(0.,0.,0.));
#37 = DIRECTION('',(0.,0.,1.));
#38 = DIRECTION('',(1.,0.,0.));
#39 = AXIS2_PLACEMENT_3D('',#40,#41,#42);
#40 = CARTESIAN_POINT('',(0.,0.,0.));
#41 = DIRECTION('',(0.,0.,1.));
#42 = DIRECTION('',(1.,0.,0.));
#43 = AXIS2_PLACEMENT_3D('',#44,#45,#46);
#44 = CARTESIAN_POINT('',(0.,0.,0.));
#45 = DIRECTION('',(0.,0.,1.));
#46 = DIRECTION('',(1.,0.,0.));
#47 = AXIS2_PLACEMENT_3D('',#48,#49,#50);
#48 = CARTESIAN_POINT('',(0.,0.,0.));
#49 = DIRECTION('',(0.,0.,1.));
#50 = DIRECTION('',(1.,0.,0.));
#51 = AXIS2_PLACEMENT_3D('',#52,#53,#54);
#52 = CARTESIAN_POINT('',(0.,0.,0.));
#53 = DIRECTION('',(0.,0.,1.));
#54 = DIRECTION('',(1.,0.,0.));
#55 = AXIS2_PLACEMENT_3D('',#56,#57,#58);
#56 = CARTESIAN_POINT('',(0.,0.,0.));
#57 = DIRECTION('',(0.,0.,1.));
#58 = DIRECTION('',(1.,0.,0.));
#59 = AXIS2_PLACEMENT_3D('',#60,#61,#62);
#60 = CARTESIAN_POINT('',(0.,0.,0.));
#61 = DIRECTION('',(0.,0.,1.));
#62 = DIRECTION('',(1.,0.,0.));
#63 = AXIS2_PLACEMENT_3D('',#64,#65,#66);
#64 = CARTESIAN_POINT('',(0.,0.,0.));
#65 = DIRECTION('',(0.,0.,1.));
#66 = DIRECTION('',(1.,0.,0.));
#67 = AXIS2_PLACEMENT_3D('',#68,#69,#70);
#68 = CARTESIAN_POINT('',(0.,0.,0.));
#69 = DIRECTION('',(0.,0.,1.));
#70 = DIRECTION('',(1.,0.,0.));
#71 = AXIS2_PLACEMENT_3D('',#72,#73,#74);
#72 = CARTESIAN_POINT('',(0.,0.,0.));
#73 = DIRECTION('',(0.,0.,1.));
#74 = DIRECTION('',(1.,0.,0.));
#75 = AXIS2_PLACEMENT_3D('',#76,#77,#78);
#76 = CARTESIAN_POINT('',(0.,0.,0.));
#77 = DIRECTION('',(0.,0.,1.));
#78 = DIRECTION('',(1.,0.,0.));
#79 = AXIS2_PLACEMENT_3D('',#80,#81,#82);
#80 = CARTESIAN_POINT('',(0.,0.,0.));
#81 = DIRECTION('',(0.,0.,1.));
#82 = DIRECTION('',(1.,0.,0.));
#83 = AXIS2_PLACEMENT_3D('',#84,#85,#86);
#84 = CARTESIAN_POINT('',(0.,0.,0.));
#85 = DIRECTION('',(0.,0.,1.));
#86 = DIRECTION('',(1.,0.,0.));
#87 = AXIS2_PLACEMENT_3D('',#88,#89,#90);
#88 = CARTESIAN_POINT('',(0.,0.,0.));
#89 = DIRECTION('',(0.,0.,1.));
#90 = DIRECTION('',(1.,0.,0.));
#91 = AXIS2_PLACEMENT_3D('',#92,#93,#94);
#92 = CARTESIAN_POINT('',(0.,0.,0.));
#93 = DIRECTION('',(0.,0.,1.));
#94 = DIRECTION('',(1.,0.,0.));
#95 = AXIS2_PLACEMENT_3D('',#96,#97,#98);
#96 = CARTESIAN_POINT('',(0.,0.,0.));
#97 = DIRECTION('',(0.,0.,1.));
#98 = DIRECTION('',(1.,0.,0.));
#99 = AXIS2_PLACEMENT_3D('',#100,#101,#102);
#100 = CARTESIAN_POINT('',(0.,0.,0.));
#101 = DIRECTION('',(0.,0.,1.));
#102 = DIRECTION('',(1.,0.,0.));
#103 = AXIS2_PLACEMENT_3D('',#104,#105,#106);
#104 = CARTESIAN_POINT('',(0.,0.,0.));
#105 = DIRECTION('',(0.,0.,1.));
#106 = DIRECTION('',(1.,0.,0.));
#107 = AXIS2_PLACEMENT_3D('',#108,#109,#110);
#108 = CARTESIAN_POINT('',(0.,0.,0.));
#109 = DIRECTION('',(0.,0.,1.));
#110 = DIRECTION('',(1.,0.,0.));
#111 = AXIS2_PLACEMENT_3D('',#112,#113,#114);
#112 = CARTESIAN_POINT('',(0.,0.,0.));
#113 = DIRECTION('',(0.,0.,1.));
#114 = DIRECTION('',(1.,0.,0.));
#115 = AXIS2_PLACEMENT_3D('',#116,#117,#118);
#116 = CARTESIAN_POINT('',(0.,0.,0.));
#117 = DIRECTION('',(0.,0.,1.));
#118 = DIRECTION('',(1.,0.,0.));
#119 = AXIS2_PLACEMENT_3D('',#120,#121,#122);
#120 = CARTESIAN_POINT('',(0.,0.,0.));
#121 = DIRECTION('',(0.,0.,1.));
#122 = DIRECTION('',(1.,0.,0.));
#123 = AXIS2_PLACEMENT_3D('',#124,#125,#126);
#124 = CARTESIAN_POINT('',(0.,0.,0.));
#125 = DIRECTION('',(0.,0.,1.));
#126 = DIRECTION('',(1.,0.,0.));
#127 = AXIS2_PLACEMENT_3D('',#128,#129,#130);
#128 = CARTESIAN_POINT('',(0.,0.,0.));
#129 = DIRECTION('',(0.,0.,1.));
#130 = DIRECTION('',(1.,0.,0.));
#131 = AXIS2_PLACEMENT_3D('',#132,#133,#134);
#132 = CARTESIAN_POINT('',(0.,0.,0.));
#133 = DIRECTION('',(0.,0.,1.));
#134 = DIRECTION('',(1.,0.,0.));
#135 = AXIS2_PLACEMENT_3D('',#136,#137,#138);
#136 = CARTESIAN_POINT('',(0.,0.,0.));
#137 = DIRECTION('',(0.,0.,1.));
#138 = DIRECTION('',(1.,0.,0.));
#139 = AXIS2_PLACEMENT_3D('',#140,#141,#142);
#140 = CARTESIAN_POINT('',(0.,0.,0.));
#141 = DIRECTION('',(0.,0.,1.));
#142 = DIRECTION('',(1.,0.,0.));
#143 = AXIS2_PLACEMENT_3D('',#144,#145,#146);
#144 = CARTESIAN_POINT('',(0.,0.,0.));
#145 = DIRECTION('',(0.,0.,1.));
#146 = DIRECTION('',(1.,0.,0.));
#147 = AXIS2_PLACEMENT_3D('',#148,#149,#150);
#148 = CARTESIAN_POINT('',(0.,0.,0.));
#149 = DIRECTION('',(0.,0.,1.));
#150 = DIRECTION('',(1.,0.,0.));
#151 = AXIS2_PLACEMENT_3D('',#152,#153,#154);
#152 = CARTESIAN_POINT('',(0.,0.,0.));
#153 = DIRECTION('',(0.,0.,1.));
#154 = DIRECTION('',(1.,0.,0.));
#155 = AXIS2_PLACEMENT_3D('',#156,#157,#158);
#156 = CARTESIAN_POINT('',(0.,0.,0.));
#157 = DIRECTION('',(0.,0.,1.));
#158 = DIRECTION('',(1.,0.,0.));
#159 = AXIS2_PLACEMENT_3D('',#160,#161,#162);
#160 = CARTESIAN_POINT('',(0.,0.,0.));
#161 = DIRECTION('',(0.,0.,1.));
#162 = DIRECTION('',(1.,0.,0.));
#163 = AXIS2_PLACEMENT_3D('',#164,#165,#166);
#164 = CARTESIAN_POINT('',(0.,0.,0.));
#165 = DIRECTION('',(0.,0.,1.));
#166 = DIRECTION('',(1.,0.,0.));
#167 = AXIS2_PLACEMENT_3D('',#168,#169,#170);
#168 = CARTESIAN_POINT('',(0.,0.,0.));
#169 = DIRECTION('',(0.,0.,1.));
#170 = DIRECTION('',(1.,0.,0.));
#171 = AXIS2_PLACEMENT_3D('',#172,#173,#174);
#172 = CARTESIAN_POINT('',(0.,0.,0.));
#173 = DIRECTION('',(0.,0.,1.));
#174 = DIRECTION('',(1.,0.,0.));
#175 = AXIS2_PLACEMENT_3D('',#176,#177,#178);
#176 = CARTESIAN_POINT('',(0.,0.,0.));
#177 = DIRECTION('',(0.,0.,1.));
#178 = DIRECTION('',(1.,0.,0.));
#179 = AXIS2_PLACEMENT_3D('',#180,#181,#182);
#180 = CARTESIAN_POINT('',(0.,0.,0.));
#181 = DIRECTION('',(0.,0.,1.));
#182 = DIRECTION('',(1.,0.,0.));
#183 = AXIS2_PLACEMENT_3D('',#184,#185,#186);
#184 = CARTESIAN_POINT('',(0.,0.,0.));
#185 = DIRECTION('',(0.,0.,1.));
#186 = DIRECTION('',(1.,0.,0.));
#187 = AXIS2_PLACEMENT_3D('',#188,#189,#190);
#188 = CARTESIAN_POINT('',(0.,0.,0.));
#189 = DIRECTION('',(0.,0.,1.));
#190 = DIRECTION('',(1.,0.,0.));
#191 = ( GEOMETRIC_REPRESENTATION_CONTEXT(3) 
GLOBAL_UNCERTAINTY_ASSIGNED_CONTEXT((#195)) GLOBAL_UNIT_ASSIGNED_CONTEXT
((#192,#193,#194)) REPRESENTATION_CONTEXT('Context #1',
  '3D Context with UNIT and UNCERTAINTY') );
#192 = ( LENGTH_UNIT() NAMED_UNIT(*) SI_UNIT(.MILLI.,.METRE.) );
#193 = ( NAMED_UNIT(*) PLANE_ANGLE_UNIT() SI_UNIT($,.RADIAN.) );
#194 = ( NAMED_UNIT(*) SI_UNIT($,.STERADIAN.) SOLID_ANGLE_UNIT() );
#195 = UNCERTAINTY_MEASURE_WITH_UNIT(LENGTH_MEASURE(1.E-07),#192,
  'distance_accuracy_value','confusion accuracy');
#196 = PRODUCT_RELATED_PRODUCT_CATEGORY('part',$,(#7));
#197 = SHAPE_DEFINITION_REPRESENTATION(#198,#204);
#198 = PRODUCT_DEFINITION_SHAPE('','',#199);
#199 = PRODUCT_DEFINITION('design','',#200,#203);
#200 = PRODUCT_DEFINITION_FORMATION('','',#201);
#201 = PRODUCT('41_机架','41_机架','',(#202));
#202 = PRODUCT_CONTEXT('',#2,'mechanical');
#203 = PRODUCT_DEFINITION_CONTEXT('part definition',#2,'design');
#204 = SHAPE_REPRESENTATION('',(#11,#205,#355,#505,#655,#805,#955,#1105,
    #1255,#1405,#1555,#1705,#1855,#2005,#2155),#2305);
#205 = MANIFOLD_SOLID_BREP('',#206);
#206 = CLOSED_SHELL('',(#207,#247,#287,#309,#331,#343));
#207 = ADVANCED_FACE('',(#208),#242,.F.);
#208 = FACE_BOUND('',#209,.F.);
#209 = EDGE_LOOP('',(#210,#220,#228,#236));
#210 = ORIENTED_EDGE('',*,*,#211,.F.);
#211 = EDGE_CURVE('',#212,#214,#216,.T.);
#212 = VERTEX_POINT('',#213);
#213 = CARTESIAN_POINT('',(0.,0.,0.));
#214 = VERTEX_POINT('',#215);
#215 = CARTESIAN_POINT('',(0.,0.,850.));
#216 = LINE('',#217,#218);
#217 = CARTESIAN_POINT('',(0.,0.,0.));
#218 = VECTOR('',#219,1.);
#219 = DIRECTION('',(0.,0.,1.));
#220 = ORIENTED_EDGE('',*,*,#221,.T.);
#221 = EDGE_CURVE('',#212,#222,#224,.T.);
#222 = VERTEX_POINT('',#223);
#223 = CARTESIAN_POINT('',(0.,50.,0.));
#224 = LINE('',#225,#226);
#225 = CARTESIAN_POINT('',(0.,0.,0.));
#226 = VECTOR('',#227,1.);
#227 = DIRECTION('',(-0.,1.,0.));
#228 = ORIENTED_EDGE('',*,*,#229,.T.);
#229 = EDGE_CURVE('',#222,#230,#232,.T.);
#230 = VERTEX_POINT('',#231);
#231 = CARTESIAN_POINT('',(0.,50.,850.));
#232 = LINE('',#233,#234);
#233 = CARTESIAN_POINT('',(0.,50.,0.));
#234 = VECTOR('',#235,1.);
#235 = DIRECTION('',(0.,0.,1.));
#236 = ORIENTED_EDGE('',*,*,#237,.F.);
#237 = EDGE_CURVE('',#214,#230,#238,.T.);
#238 = LINE('',#239,#240);
#239 = CARTESIAN_POINT('',(0.,0.,850.));
#240 = VECTOR('',#241,1.);
#241 = DIRECTION('',(-0.,1.,0.));
#242 = PLANE('',#243);
#243 = AXIS2_PLACEMENT_3D('',#244,#245,#246);
#244 = CARTESIAN_POINT('',(0.,0.,0.));
#245 = DIRECTION('',(1.,0.,-0.));
#246 = DIRECTION('',(0.,0.,1.));
#247 = ADVANCED_FACE('',(#248),#282,.T.);
#248 = FACE_BOUND('',#249,.T.);
#249 = EDGE_LOOP('',(#250,#260,#268,#276));
#250 = ORIENTED_EDGE('',*,*,#251,.F.);
#251 = EDGE_CURVE('',#252,#254,#256,.T.);
#252 = VERTEX_POINT('',#253);
#253 = CARTESIAN_POINT('',(50.,0.,0.));
#254 = VERTEX_POINT('',#255);
#255 = CARTESIAN_POINT('',(50.,0.,850.));
#256 = LINE('',#257,#258);
#257 = CARTESIAN_POINT('',(50.,0.,0.));
#258 = VECTOR('',#259,1.);
#259 = DIRECTION('',(0.,0.,1.));
#260 = ORIENTED_EDGE('',*,*,#261,.T.);
#261 = EDGE_CURVE('',#252,#262,#264,.T.);
#262 = VERTEX_POINT('',#263);
#263 = CARTESIAN_POINT('',(50.,50.,0.));
#264 = LINE('',#265,#266);
#265 = CARTESIAN_POINT('',(50.,0.,0.));
#266 = VECTOR('',#267,1.);
#267 = DIRECTION('',(-0.,1.,0.));
#268 = ORIENTED_EDGE('',*,*,#269,.T.);
#269 = EDGE_CURVE('',#262,#270,#272,.T.);
#270 = VERTEX_POINT('',#271);
#271 = CARTESIAN_POINT('',(50.,50.,850.));
#272 = LINE('',#273,#274);
#273 = CARTESIAN_POINT('',(50.,50.,0.));
#274 = VECTOR('',#275,1.);
#275 = DIRECTION('',(0.,0.,1.));
#276 = ORIENTED_EDGE('',*,*,#277,.F.);
#277 = EDGE_CURVE('',#254,#270,#278,.T.);
#278 = LINE('',#279,#280);
#279 = CARTESIAN_POINT('',(50.,0.,850.));
#280 = VECTOR('',#281,1.);
#281 = DIRECTION('',(-0.,1.,0.));
#282 = PLANE('',#283);
#283 = AXIS2_PLACEMENT_3D('',#284,#285,#286);
#284 = CARTESIAN_POINT('',(50.,0.,0.));
#285 = DIRECTION('',(1.,0.,-0.));
#286 = DIRECTION('',(0.,0.,1.));
#287 = ADVANCED_FACE('',(#288),#304,.F.);
#288 = FACE_BOUND('',#289,.F.);
#289 = EDGE_LOOP('',(#290,#296,#297,#303));
#290 = ORIENTED_EDGE('',*,*,#291,.F.);
#291 = EDGE_CURVE('',#212,#252,#292,.T.);
#292 = LINE('',#293,#294);
#293 = CARTESIAN_POINT('',(0.,0.,0.));
#294 = VECTOR('',#295,1.);
#295 = DIRECTION('',(1.,0.,-0.));
#296 = ORIENTED_EDGE('',*,*,#211,.T.);
#297 = ORIENTED_EDGE('',*,*,#298,.T.);
#298 = EDGE_CURVE('',#214,#254,#299,.T.);
#299 = LINE('',#300,#301);
#300 = CARTESIAN_POINT('',(0.,0.,850.));
#301 = VECTOR('',#302,1.);
#302 = DIRECTION('',(1.,0.,-0.));
#303 = ORIENTED_EDGE('',*,*,#251,.F.);
#304 = PLANE('',#305);
#305 = AXIS2_PLACEMENT_3D('',#306,#307,#308);
#306 = CARTESIAN_POINT('',(0.,0.,0.));
#307 = DIRECTION('',(-0.,1.,0.));
#308 = DIRECTION('',(0.,0.,1.));
#309 = ADVANCED_FACE('',(#310),#326,.T.);
#310 = FACE_BOUND('',#311,.T.);
#311 = EDGE_LOOP('',(#312,#318,#319,#325));
#312 = ORIENTED_EDGE('',*,*,#313,.F.);
#313 = EDGE_CURVE('',#222,#262,#314,.T.);
#314 = LINE('',#315,#316);
#315 = CARTESIAN_POINT('',(0.,50.,0.));
#316 = VECTOR('',#317,1.);
#317 = DIRECTION('',(1.,0.,-0.));
#318 = ORIENTED_EDGE('',*,*,#229,.T.);
#319 = ORIENTED_EDGE('',*,*,#320,.T.);
#320 = EDGE_CURVE('',#230,#270,#321,.T.);
#321 = LINE('',#322,#323);
#322 = CARTESIAN_POINT('',(0.,50.,850.));
#323 = VECTOR('',#324,1.);
#324 = DIRECTION('',(1.,0.,-0.));
#325 = ORIENTED_EDGE('',*,*,#269,.F.);
#326 = PLANE('',#327);
#327 = AXIS2_PLACEMENT_3D('',#328,#329,#330);
#328 = CARTESIAN_POINT('',(0.,50.,0.));
#329 = DIRECTION('',(-0.,1.,0.));
#330 = DIRECTION('',(0.,0.,1.));
#331 = ADVANCED_FACE('',(#332),#338,.F.);
#332 = FACE_BOUND('',#333,.F.);
#333 = EDGE_LOOP('',(#334,#335,#336,#337));
#334 = ORIENTED_EDGE('',*,*,#221,.F.);
#335 = ORIENTED_EDGE('',*,*,#291,.T.);
#336 = ORIENTED_EDGE('',*,*,#261,.T.);
#337 = ORIENTED_EDGE('',*,*,#313,.F.);
#338 = PLANE('',#339);
#339 = AXIS2_PLACEMENT_3D('',#340,#341,#342);
#340 = CARTESIAN_POINT('',(0.,0.,0.));
#341 = DIRECTION('',(0.,0.,1.));
#342 = DIRECTION('',(1.,0.,-0.));
#343 = ADVANCED_FACE('',(#344),#350,.T.);
#344 = FACE_BOUND('',#345,.T.);
#345 = EDGE_LOOP('',(#346,#347,#348,#349));
#346 = ORIENTED_EDGE('',*,*,#237,.F.);
#347 = ORIENTED_EDGE('',*,*,#298,.T.);
#348 = ORIENTED_EDGE('',*,*,#277,.T.);
#349 = ORIENTED_EDGE('',*,*,#320,.F.);
#350 = PLANE('',#351);
#351 = AXIS2_PLACEMENT_3D('',#352,#353,#354);
#352 = CARTESIAN_POINT('',(0.,0.,850.));
#353 = DIRECTION('',(0.,0.,1.));
#354 = DIRECTION('',(1.,0.,-0.));
#355 = MANIFOLD_SOLID_BREP('',#356);
#356 = CLOSED_SHELL('',(#357,#397,#437,#459,#481,#493));
#357 = ADVANCED_FACE('',(#358),#392,.F.);
#358 = FACE_BOUND('',#359,.F.);
#359 = EDGE_LOOP('',(#360,#370,#378,#386));
#360 = ORIENTED_EDGE('',*,*,#361,.F.);
#361 = EDGE_CURVE('',#362,#364,#366,.T.);
#362 = VERTEX_POINT('',#363);
#363 = CARTESIAN_POINT('',(875.,0.,0.));
#364 = VERTEX_POINT('',#365);
#365 = CARTESIAN_POINT('',(875.,0.,850.));
#366 = LINE('',#367,#368);
#367 = CARTESIAN_POINT('',(875.,0.,0.));
#368 = VECTOR('',#369,1.);
#369 = DIRECTION('',(0.,0.,1.));
#370 = ORIENTED_EDGE('',*,*,#371,.T.);
#371 = EDGE_CURVE('',#362,#372,#374,.T.);
#372 = VERTEX_POINT('',#373);
#373 = CARTESIAN_POINT('',(875.,50.,0.));
#374 = LINE('',#375,#376);
#375 = CARTESIAN_POINT('',(875.,0.,0.));
#376 = VECTOR('',#377,1.);
#377 = DIRECTION('',(-0.,1.,0.));
#378 = ORIENTED_EDGE('',*,*,#379,.T.);
#379 = EDGE_CURVE('',#372,#380,#382,.T.);
#380 = VERTEX_POINT('',#381);
#381 = CARTESIAN_POINT('',(875.,50.,850.));
#382 = LINE('',#383,#384);
#383 = CARTESIAN_POINT('',(875.,50.,0.));
#384 = VECTOR('',#385,1.);
#385 = DIRECTION('',(0.,0.,1.));
#386 = ORIENTED_EDGE('',*,*,#387,.F.);
#387 = EDGE_CURVE('',#364,#380,#388,.T.);
#388 = LINE('',#389,#390);
#389 = CARTESIAN_POINT('',(875.,0.,850.));
#390 = VECTOR('',#391,1.);
#391 = DIRECTION('',(-0.,1.,0.));
#392 = PLANE('',#393);
#393 = AXIS2_PLACEMENT_3D('',#394,#395,#396);
#394 = CARTESIAN_POINT('',(875.,0.,0.));
#395 = DIRECTION('',(1.,0.,-0.));
#396 = DIRECTION('',(0.,0.,1.));
#397 = ADVANCED_FACE('',(#398),#432,.T.);
#398 = FACE_BOUND('',#399,.T.);
#399 = EDGE_LOOP('',(#400,#410,#418,#426));
#400 = ORIENTED_EDGE('',*,*,#401,.F.);
#401 = EDGE_CURVE('',#402,#404,#406,.T.);
#402 = VERTEX_POINT('',#403);
#403 = CARTESIAN_POINT('',(925.,0.,0.));
#404 = VERTEX_POINT('',#405);
#405 = CARTESIAN_POINT('',(925.,0.,850.));
#406 = LINE('',#407,#408);
#407 = CARTESIAN_POINT('',(925.,0.,0.));
#408 = VECTOR('',#409,1.);
#409 = DIRECTION('',(0.,0.,1.));
#410 = ORIENTED_EDGE('',*,*,#411,.T.);
#411 = EDGE_CURVE('',#402,#412,#414,.T.);
#412 = VERTEX_POINT('',#413);
#413 = CARTESIAN_POINT('',(925.,50.,0.));
#414 = LINE('',#415,#416);
#415 = CARTESIAN_POINT('',(925.,0.,0.));
#416 = VECTOR('',#417,1.);
#417 = DIRECTION('',(-0.,1.,0.));
#418 = ORIENTED_EDGE('',*,*,#419,.T.);
#419 = EDGE_CURVE('',#412,#420,#422,.T.);
#420 = VERTEX_POINT('',#421);
#421 = CARTESIAN_POINT('',(925.,50.,850.));
#422 = LINE('',#423,#424);
#423 = CARTESIAN_POINT('',(925.,50.,0.));
#424 = VECTOR('',#425,1.);
#425 = DIRECTION('',(0.,0.,1.));
#426 = ORIENTED_EDGE('',*,*,#427,.F.);
#427 = EDGE_CURVE('',#404,#420,#428,.T.);
#428 = LINE('',#429,#430);
#429 = CARTESIAN_POINT('',(925.,0.,850.));
#430 = VECTOR('',#431,1.);
#431 = DIRECTION('',(-0.,1.,0.));
#432 = PLANE('',#433);
#433 = AXIS2_PLACEMENT_3D('',#434,#435,#436);
#434 = CARTESIAN_POINT('',(925.,0.,0.));
#435 = DIRECTION('',(1.,0.,-0.));
#436 = DIRECTION('',(0.,0.,1.));
#437 = ADVANCED_FACE('',(#438),#454,.F.);
#438 = FACE_BOUND('',#439,.F.);
#439 = EDGE_LOOP('',(#440,#446,#447,#453));
#440 = ORIENTED_EDGE('',*,*,#441,.F.);
#441 = EDGE_CURVE('',#362,#402,#442,.T.);
#442 = LINE('',#443,#444);
#443 = CARTESIAN_POINT('',(875.,0.,0.));
#444 = VECTOR('',#445,1.);
#445 = DIRECTION('',(1.,0.,-0.));
#446 = ORIENTED_EDGE('',*,*,#361,.T.);
#447 = ORIENTED_EDGE('',*,*,#448,.T.);
#448 = EDGE_CURVE('',#364,#404,#449,.T.);
#449 = LINE('',#450,#451);
#450 = CARTESIAN_POINT('',(875.,0.,850.));
#451 = VECTOR('',#452,1.);
#452 = DIRECTION('',(1.,0.,-0.));
#453 = ORIENTED_EDGE('',*,*,#401,.F.);
#454 = PLANE('',#455);
#455 = AXIS2_PLACEMENT_3D('',#456,#457,#458);
#456 = CARTESIAN_POINT('',(875.,0.,0.));
#457 = DIRECTION('',(-0.,1.,0.));
#458 = DIRECTION('',(0.,0.,1.));
#459 = ADVANCED_FACE('',(#460),#476,.T.);
#460 = FACE_BOUND('',#461,.T.);
#461 = EDGE_LOOP('',(#462,#468,#469,#475));
#462 = ORIENTED_EDGE('',*,*,#463,.F.);
#463 = EDGE_CURVE('',#372,#412,#464,.T.);
#464 = LINE('',#465,#466);
#465 = CARTESIAN_POINT('',(875.,50.,0.));
#466 = VECTOR('',#467,1.);
#467 = DIRECTION('',(1.,0.,-0.));
#468 = ORIENTED_EDGE('',*,*,#379,.T.);
#469 = ORIENTED_EDGE('',*,*,#470,.T.);
#470 = EDGE_CURVE('',#380,#420,#471,.T.);
#471 = LINE('',#472,#473);
#472 = CARTESIAN_POINT('',(875.,50.,850.));
#473 = VECTOR('',#474,1.);
#474 = DIRECTION('',(1.,0.,-0.));
#475 = ORIENTED_EDGE('',*,*,#419,.F.);
#476 = PLANE('',#477);
#477 = AXIS2_PLACEMENT_3D('',#478,#479,#480);
#478 = CARTESIAN_POINT('',(875.,50.,0.));
#479 = DIRECTION('',(-0.,1.,0.));
#480 = DIRECTION('',(0.,0.,1.));
#481 = ADVANCED_FACE('',(#482),#488,.F.);
#482 = FACE_BOUND('',#483,.F.);
#483 = EDGE_LOOP('',(#484,#485,#486,#487));
#484 = ORIENTED_EDGE('',*,*,#371,.F.);
#485 = ORIENTED_EDGE('',*,*,#441,.T.);
#486 = ORIENTED_EDGE('',*,*,#411,.T.);
#487 = ORIENTED_EDGE('',*,*,#463,.F.);
#488 = PLANE('',#489);
#489 = AXIS2_PLACEMENT_3D('',#490,#491,#492);
#490 = CARTESIAN_POINT('',(875.,0.,0.));
#491 = DIRECTION('',(0.,0.,1.));
#492 = DIRECTION('',(1.,0.,-0.));
#493 = ADVANCED_FACE('',(#494),#500,.T.);
#494 = FACE_BOUND('',#495,.T.);
#495 = EDGE_LOOP('',(#496,#497,#498,#499));
#496 = ORIENTED_EDGE('',*,*,#387,.F.);
#497 = ORIENTED_EDGE('',*,*,#448,.T.);
#498 = ORIENTED_EDGE('',*,*,#427,.T.);
#499 = ORIENTED_EDGE('',*,*,#470,.F.);
#500 = PLANE('',#501);
#501 = AXIS2_PLACEMENT_3D('',#502,#503,#504);
#502 = CARTESIAN_POINT('',(875.,0.,850.));
#503 = DIRECTION('',(0.,0.,1.));
#504 = DIRECTION('',(1.,0.,-0.));
#505 = MANIFOLD_SOLID_BREP('',#506);
#506 = CLOSED_SHELL('',(#507,#547,#587,#609,#631,#643));
#507 = ADVANCED_FACE('',(#508),#542,.F.);
#508 = FACE_BOUND('',#509,.F.);
#509 = EDGE_LOOP('',(#510,#520,#528,#536));
#510 = ORIENTED_EDGE('',*,*,#511,.F.);
#511 = EDGE_CURVE('',#512,#514,#516,.T.);
#512 = VERTEX_POINT('',#513);
#513 = CARTESIAN_POINT('',(1.75E+03,0.,0.));
#514 = VERTEX_POINT('',#515);
#515 = CARTESIAN_POINT('',(1.75E+03,0.,850.));
#516 = LINE('',#517,#518);
#517 = CARTESIAN_POINT('',(1.75E+03,0.,0.));
#518 = VECTOR('',#519,1.);
#519 = DIRECTION('',(0.,0.,1.));
#520 = ORIENTED_EDGE('',*,*,#521,.T.);
#521 = EDGE_CURVE('',#512,#522,#524,.T.);
#522 = VERTEX_POINT('',#523);
#523 = CARTESIAN_POINT('',(1.75E+03,50.,0.));
#524 = LINE('',#525,#526);
#525 = CARTESIAN_POINT('',(1.75E+03,0.,0.));
#526 = VECTOR('',#527,1.);
#527 = DIRECTION('',(-0.,1.,0.));
#528 = ORIENTED_EDGE('',*,*,#529,.T.);
#529 = EDGE_CURVE('',#522,#530,#532,.T.);
#530 = VERTEX_POINT('',#531);
#531 = CARTESIAN_POINT('',(1.75E+03,50.,850.));
#532 = LINE('',#533,#534);
#533 = CARTESIAN_POINT('',(1.75E+03,50.,0.));
#534 = VECTOR('',#535,1.);
#535 = DIRECTION('',(0.,0.,1.));
#536 = ORIENTED_EDGE('',*,*,#537,.F.);
#537 = EDGE_CURVE('',#514,#530,#538,.T.);
#538 = LINE('',#539,#540);
#539 = CARTESIAN_POINT('',(1.75E+03,0.,850.));
#540 = VECTOR('',#541,1.);
#541 = DIRECTION('',(-0.,1.,0.));
#542 = PLANE('',#543);
#543 = AXIS2_PLACEMENT_3D('',#544,#545,#546);
#544 = CARTESIAN_POINT('',(1.75E+03,0.,0.));
#545 = DIRECTION('',(1.,0.,-0.));
#546 = DIRECTION('',(0.,0.,1.));
#547 = ADVANCED_FACE('',(#548),#582,.T.);
#548 = FACE_BOUND('',#549,.T.);
#549 = EDGE_LOOP('',(#550,#560,#568,#576));
#550 = ORIENTED_EDGE('',*,*,#551,.F.);
#551 = EDGE_CURVE('',#552,#554,#556,.T.);
#552 = VERTEX_POINT('',#553);
#553 = CARTESIAN_POINT('',(1.8E+03,0.,0.));
#554 = VERTEX_POINT('',#555);
#555 = CARTESIAN_POINT('',(1.8E+03,0.,850.));
#556 = LINE('',#557,#558);
#557 = CARTESIAN_POINT('',(1.8E+03,0.,0.));
#558 = VECTOR('',#559,1.);
#559 = DIRECTION('',(0.,0.,1.));
#560 = ORIENTED_EDGE('',*,*,#561,.T.);
#561 = EDGE_CURVE('',#552,#562,#564,.T.);
#562 = VERTEX_POINT('',#563);
#563 = CARTESIAN_POINT('',(1.8E+03,50.,0.));
#564 = LINE('',#565,#566);
#565 = CARTESIAN_POINT('',(1.8E+03,0.,0.));
#566 = VECTOR('',#567,1.);
#567 = DIRECTION('',(-0.,1.,0.));
#568 = ORIENTED_EDGE('',*,*,#569,.T.);
#569 = EDGE_CURVE('',#562,#570,#572,.T.);
#570 = VERTEX_POINT('',#571);
#571 = CARTESIAN_POINT('',(1.8E+03,50.,850.));
#572 = LINE('',#573,#574);
#573 = CARTESIAN_POINT('',(1.8E+03,50.,0.));
#574 = VECTOR('',#575,1.);
#575 = DIRECTION('',(0.,0.,1.));
#576 = ORIENTED_EDGE('',*,*,#577,.F.);
#577 = EDGE_CURVE('',#554,#570,#578,.T.);
#578 = LINE('',#579,#580);
#579 = CARTESIAN_POINT('',(1.8E+03,0.,850.));
#580 = VECTOR('',#581,1.);
#581 = DIRECTION('',(-0.,1.,0.));
#582 = PLANE('',#583);
#583 = AXIS2_PLACEMENT_3D('',#584,#585,#586);
#584 = CARTESIAN_POINT('',(1.8E+03,0.,0.));
#585 = DIRECTION('',(1.,0.,-0.));
#586 = DIRECTION('',(0.,0.,1.));
#587 = ADVANCED_FACE('',(#588),#604,.F.);
#588 = FACE_BOUND('',#589,.F.);
#589 = EDGE_LOOP('',(#590,#596,#597,#603));
#590 = ORIENTED_EDGE('',*,*,#591,.F.);
#591 = EDGE_CURVE('',#512,#552,#592,.T.);
#592 = LINE('',#593,#594);
#593 = CARTESIAN_POINT('',(1.75E+03,0.,0.));
#594 = VECTOR('',#595,1.);
#595 = DIRECTION('',(1.,0.,-0.));
#596 = ORIENTED_EDGE('',*,*,#511,.T.);
#597 = ORIENTED_EDGE('',*,*,#598,.T.);
#598 = EDGE_CURVE('',#514,#554,#599,.T.);
#599 = LINE('',#600,#601);
#600 = CARTESIAN_POINT('',(1.75E+03,0.,850.));
#601 = VECTOR('',#602,1.);
#602 = DIRECTION('',(1.,0.,-0.));
#603 = ORIENTED_EDGE('',*,*,#551,.F.);
#604 = PLANE('',#605);
#605 = AXIS2_PLACEMENT_3D('',#606,#607,#608);
#606 = CARTESIAN_POINT('',(1.75E+03,0.,0.));
#607 = DIRECTION('',(-0.,1.,0.));
#608 = DIRECTION('',(0.,0.,1.));
#609 = ADVANCED_FACE('',(#610),#626,.T.);
#610 = FACE_BOUND('',#611,.T.);
#611 = EDGE_LOOP('',(#612,#618,#619,#625));
#612 = ORIENTED_EDGE('',*,*,#613,.F.);
#613 = EDGE_CURVE('',#522,#562,#614,.T.);
#614 = LINE('',#615,#616);
#615 = CARTESIAN_POINT('',(1.75E+03,50.,0.));
#616 = VECTOR('',#617,1.);
#617 = DIRECTION('',(1.,0.,-0.));
#618 = ORIENTED_EDGE('',*,*,#529,.T.);
#619 = ORIENTED_EDGE('',*,*,#620,.T.);
#620 = EDGE_CURVE('',#530,#570,#621,.T.);
#621 = LINE('',#622,#623);
#622 = CARTESIAN_POINT('',(1.75E+03,50.,850.));
#623 = VECTOR('',#624,1.);
#624 = DIRECTION('',(1.,0.,-0.));
#625 = ORIENTED_EDGE('',*,*,#569,.F.);
#626 = PLANE('',#627);
#627 = AXIS2_PLACEMENT_3D('',#628,#629,#630);
#628 = CARTESIAN_POINT('',(1.75E+03,50.,0.));
#629 = DIRECTION('',(-0.,1.,0.));
#630 = DIRECTION('',(0.,0.,1.));
#631 = ADVANCED_FACE('',(#632),#638,.F.);
#632 = FACE_BOUND('',#633,.F.);
#633 = EDGE_LOOP('',(#634,#635,#636,#637));
#634 = ORIENTED_EDGE('',*,*,#521,.F.);
#635 = ORIENTED_EDGE('',*,*,#591,.T.);
#636 = ORIENTED_EDGE('',*,*,#561,.T.);
#637 = ORIENTED_EDGE('',*,*,#613,.F.);
#638 = PLANE('',#639);
#639 = AXIS2_PLACEMENT_3D('',#640,#641,#642);
#640 = CARTESIAN_POINT('',(1.75E+03,0.,0.));
#641 = DIRECTION('',(0.,0.,1.));
#642 = DIRECTION('',(1.,0.,-0.));
#643 = ADVANCED_FACE('',(#644),#650,.T.);
#644 = FACE_BOUND('',#645,.T.);
#645 = EDGE_LOOP('',(#646,#647,#648,#649));
#646 = ORIENTED_EDGE('',*,*,#537,.F.);
#647 = ORIENTED_EDGE('',*,*,#598,.T.);
#648 = ORIENTED_EDGE('',*,*,#577,.T.);
#649 = ORIENTED_EDGE('',*,*,#620,.F.);
#650 = PLANE('',#651);
#651 = AXIS2_PLACEMENT_3D('',#652,#653,#654);
#652 = CARTESIAN_POINT('',(1.75E+03,0.,850.));
#653 = DIRECTION('',(0.,0.,1.));
#654 = DIRECTION('',(1.,0.,-0.));
#655 = MANIFOLD_SOLID_BREP('',#656);
#656 = CLOSED_SHELL('',(#657,#697,#737,#759,#781,#793));
#657 = ADVANCED_FACE('',(#658),#692,.F.);
#658 = FACE_BOUND('',#659,.F.);
#659 = EDGE_LOOP('',(#660,#670,#678,#686));
#660 = ORIENTED_EDGE('',*,*,#661,.F.);
#661 = EDGE_CURVE('',#662,#664,#666,.T.);
#662 = VERTEX_POINT('',#663);
#663 = CARTESIAN_POINT('',(0.,750.,0.));
#664 = VERTEX_POINT('',#665);
#665 = CARTESIAN_POINT('',(0.,750.,850.));
#666 = LINE('',#667,#668);
#667 = CARTESIAN_POINT('',(0.,750.,0.));
#668 = VECTOR('',#669,1.);
#669 = DIRECTION('',(0.,0.,1.));
#670 = ORIENTED_EDGE('',*,*,#671,.T.);
#671 = EDGE_CURVE('',#662,#672,#674,.T.);
#672 = VERTEX_POINT('',#673);
#673 = CARTESIAN_POINT('',(0.,800.,0.));
#674 = LINE('',#675,#676);
#675 = CARTESIAN_POINT('',(0.,750.,0.));
#676 = VECTOR('',#677,1.);
#677 = DIRECTION('',(-0.,1.,0.));
#678 = ORIENTED_EDGE('',*,*,#679,.T.);
#679 = EDGE_CURVE('',#672,#680,#682,.T.);
#680 = VERTEX_POINT('',#681);
#681 = CARTESIAN_POINT('',(0.,800.,850.));
#682 = LINE('',#683,#684);
#683 = CARTESIAN_POINT('',(0.,800.,0.));
#684 = VECTOR('',#685,1.);
#685 = DIRECTION('',(0.,0.,1.));
#686 = ORIENTED_EDGE('',*,*,#687,.F.);
#687 = EDGE_CURVE('',#664,#680,#688,.T.);
#688 = LINE('',#689,#690);
#689 = CARTESIAN_POINT('',(0.,750.,850.));
#690 = VECTOR('',#691,1.);
#691 = DIRECTION('',(-0.,1.,0.));
#692 = PLANE('',#693);
#693 = AXIS2_PLACEMENT_3D('',#694,#695,#696);
#694 = CARTESIAN_POINT('',(0.,750.,0.));
#695 = DIRECTION('',(1.,0.,-0.));
#696 = DIRECTION('',(0.,0.,1.));
#697 = ADVANCED_FACE('',(#698),#732,.T.);
#698 = FACE_BOUND('',#699,.T.);
#699 = EDGE_LOOP('',(#700,#710,#718,#726));
#700 = ORIENTED_EDGE('',*,*,#701,.F.);
#701 = EDGE_CURVE('',#702,#704,#706,.T.);
#702 = VERTEX_POINT('',#703);
#703 = CARTESIAN_POINT('',(50.,750.,0.));
#704 = VERTEX_POINT('',#705);
#705 = CARTESIAN_POINT('',(50.,750.,850.));
#706 = LINE('',#707,#708);
#707 = CARTESIAN_POINT('',(50.,750.,0.));
#708 = VECTOR('',#709,1.);
#709 = DIRECTION('',(0.,0.,1.));
#710 = ORIENTED_EDGE('',*,*,#711,.T.);
#711 = EDGE_CURVE('',#702,#712,#714,.T.);
#712 = VERTEX_POINT('',#713);
#713 = CARTESIAN_POINT('',(50.,800.,0.));
#714 = LINE('',#715,#716);
#715 = CARTESIAN_POINT('',(50.,750.,0.));
#716 = VECTOR('',#717,1.);
#717 = DIRECTION('',(-0.,1.,0.));
#718 = ORIENTED_EDGE('',*,*,#719,.T.);
#719 = EDGE_CURVE('',#712,#720,#722,.T.);
#720 = VERTEX_POINT('',#721);
#721 = CARTESIAN_POINT('',(50.,800.,850.));
#722 = LINE('',#723,#724);
#723 = CARTESIAN_POINT('',(50.,800.,0.));
#724 = VECTOR('',#725,1.);
#725 = DIRECTION('',(0.,0.,1.));
#726 = ORIENTED_EDGE('',*,*,#727,.F.);
#727 = EDGE_CURVE('',#704,#720,#728,.T.);
#728 = LINE('',#729,#730);
#729 = CARTESIAN_POINT('',(50.,750.,850.));
#730 = VECTOR('',#731,1.);
#731 = DIRECTION('',(-0.,1.,0.));
#732 = PLANE('',#733);
#733 = AXIS2_PLACEMENT_3D('',#734,#735,#736);
#734 = CARTESIAN_POINT('',(50.,750.,0.));
#735 = DIRECTION('',(1.,0.,-0.));
#736 = DIRECTION('',(0.,0.,1.));
#737 = ADVANCED_FACE('',(#738),#754,.F.);
#738 = FACE_BOUND('',#739,.F.);
#739 = EDGE_LOOP('',(#740,#746,#747,#753));
#740 = ORIENTED_EDGE('',*,*,#741,.F.);
#741 = EDGE_CURVE('',#662,#702,#742,.T.);
#742 = LINE('',#743,#744);
#743 = CARTESIAN_POINT('',(0.,750.,0.));
#744 = VECTOR('',#745,1.);
#745 = DIRECTION('',(1.,0.,-0.));
#746 = ORIENTED_EDGE('',*,*,#661,.T.);
#747 = ORIENTED_EDGE('',*,*,#748,.T.);
#748 = EDGE_CURVE('',#664,#704,#749,.T.);
#749 = LINE('',#750,#751);
#750 = CARTESIAN_POINT('',(0.,750.,850.));
#751 = VECTOR('',#752,1.);
#752 = DIRECTION('',(1.,0.,-0.));
#753 = ORIENTED_EDGE('',*,*,#701,.F.);
#754 = PLANE('',#755);
#755 = AXIS2_PLACEMENT_3D('',#756,#757,#758);
#756 = CARTESIAN_POINT('',(0.,750.,0.));
#757 = DIRECTION('',(-0.,1.,0.));
#758 = DIRECTION('',(0.,0.,1.));
#759 = ADVANCED_FACE('',(#760),#776,.T.);
#760 = FACE_BOUND('',#761,.T.);
#761 = EDGE_LOOP('',(#762,#768,#769,#775));
#762 = ORIENTED_EDGE('',*,*,#763,.F.);
#763 = EDGE_CURVE('',#672,#712,#764,.T.);
#764 = LINE('',#765,#766);
#765 = CARTESIAN_POINT('',(0.,800.,0.));
#766 = VECTOR('',#767,1.);
#767 = DIRECTION('',(1.,0.,-0.));
#768 = ORIENTED_EDGE('',*,*,#679,.T.);
#769 = ORIENTED_EDGE('',*,*,#770,.T.);
#770 = EDGE_CURVE('',#680,#720,#771,.T.);
#771 = LINE('',#772,#773);
#772 = CARTESIAN_POINT('',(0.,800.,850.));
#773 = VECTOR('',#774,1.);
#774 = DIRECTION('',(1.,0.,-0.));
#775 = ORIENTED_EDGE('',*,*,#719,.F.);
#776 = PLANE('',#777);
#777 = AXIS2_PLACEMENT_3D('',#778,#779,#780);
#778 = CARTESIAN_POINT('',(0.,800.,0.));
#779 = DIRECTION('',(-0.,1.,0.));
#780 = DIRECTION('',(0.,0.,1.));
#781 = ADVANCED_FACE('',(#782),#788,.F.);
#782 = FACE_BOUND('',#783,.F.);
#783 = EDGE_LOOP('',(#784,#785,#786,#787));
#784 = ORIENTED_EDGE('',*,*,#671,.F.);
#785 = ORIENTED_EDGE('',*,*,#741,.T.);
#786 = ORIENTED_EDGE('',*,*,#711,.T.);
#787 = ORIENTED_EDGE('',*,*,#763,.F.);
#788 = PLANE('',#789);
#789 = AXIS2_PLACEMENT_3D('',#790,#791,#792);
#790 = CARTESIAN_POINT('',(0.,750.,0.));
#791 = DIRECTION('',(0.,0.,1.));
#792 = DIRECTION('',(1.,0.,-0.));
#793 = ADVANCED_FACE('',(#794),#800,.T.);
#794 = FACE_BOUND('',#795,.T.);
#795 = EDGE_LOOP('',(#796,#797,#798,#799));
#796 = ORIENTED_EDGE('',*,*,#687,.F.);
#797 = ORIENTED_EDGE('',*,*,#748,.T.);
#798 = ORIENTED_EDGE('',*,*,#727,.T.);
#799 = ORIENTED_EDGE('',*,*,#770,.F.);
#800 = PLANE('',#801);
#801 = AXIS2_PLACEMENT_3D('',#802,#803,#804);
#802 = CARTESIAN_POINT('',(0.,750.,850.));
#803 = DIRECTION('',(0.,0.,1.));
#804 = DIRECTION('',(1.,0.,-0.));
#805 = MANIFOLD_SOLID_BREP('',#806);
#806 = CLOSED_SHELL('',(#807,#847,#887,#909,#931,#943));
#807 = ADVANCED_FACE('',(#808),#842,.F.);
#808 = FACE_BOUND('',#809,.F.);
#809 = EDGE_LOOP('',(#810,#820,#828,#836));
#810 = ORIENTED_EDGE('',*,*,#811,.F.);
#811 = EDGE_CURVE('',#812,#814,#816,.T.);
#812 = VERTEX_POINT('',#813);
#813 = CARTESIAN_POINT('',(875.,750.,0.));
#814 = VERTEX_POINT('',#815);
#815 = CARTESIAN_POINT('',(875.,750.,850.));
#816 = LINE('',#817,#818);
#817 = CARTESIAN_POINT('',(875.,750.,0.));
#818 = VECTOR('',#819,1.);
#819 = DIRECTION('',(0.,0.,1.));
#820 = ORIENTED_EDGE('',*,*,#821,.T.);
#821 = EDGE_CURVE('',#812,#822,#824,.T.);
#822 = VERTEX_POINT('',#823);
#823 = CARTESIAN_POINT('',(875.,800.,0.));
#824 = LINE('',#825,#826);
#825 = CARTESIAN_POINT('',(875.,750.,0.));
#826 = VECTOR('',#827,1.);
#827 = DIRECTION('',(-0.,1.,0.));
#828 = ORIENTED_EDGE('',*,*,#829,.T.);
#829 = EDGE_CURVE('',#822,#830,#832,.T.);
#830 = VERTEX_POINT('',#831);
#831 = CARTESIAN_POINT('',(875.,800.,850.));
#832 = LINE('',#833,#834);
#833 = CARTESIAN_POINT('',(875.,800.,0.));
#834 = VECTOR('',#835,1.);
#835 = DIRECTION('',(0.,0.,1.));
#836 = ORIENTED_EDGE('',*,*,#837,.F.);
#837 = EDGE_CURVE('',#814,#830,#838,.T.);
#838 = LINE('',#839,#840);
#839 = CARTESIAN_POINT('',(875.,750.,850.));
#840 = VECTOR('',#841,1.);
#841 = DIRECTION('',(-0.,1.,0.));
#842 = PLANE('',#843);
#843 = AXIS2_PLACEMENT_3D('',#844,#845,#846);
#844 = CARTESIAN_POINT('',(875.,750.,0.));
#845 = DIRECTION('',(1.,0.,-0.));
#846 = DIRECTION('',(0.,0.,1.));
#847 = ADVANCED_FACE('',(#848),#882,.T.);
#848 = FACE_BOUND('',#849,.T.);
#849 = EDGE_LOOP('',(#850,#860,#868,#876));
#850 = ORIENTED_EDGE('',*,*,#851,.F.);
#851 = EDGE_CURVE('',#852,#854,#856,.T.);
#852 = VERTEX_POINT('',#853);
#853 = CARTESIAN_POINT('',(925.,750.,0.));
#854 = VERTEX_POINT('',#855);
#855 = CARTESIAN_POINT('',(925.,750.,850.));
#856 = LINE('',#857,#858);
#857 = CARTESIAN_POINT('',(925.,750.,0.));
#858 = VECTOR('',#859,1.);
#859 = DIRECTION('',(0.,0.,1.));
#860 = ORIENTED_EDGE('',*,*,#861,.T.);
#861 = EDGE_CURVE('',#852,#862,#864,.T.);
#862 = VERTEX_POINT('',#863);
#863 = CARTESIAN_POINT('',(925.,800.,0.));
#864 = LINE('',#865,#866);
#865 = CARTESIAN_POINT('',(925.,750.,0.));
#866 = VECTOR('',#867,1.);
#867 = DIRECTION('',(-0.,1.,0.));
#868 = ORIENTED_EDGE('',*,*,#869,.T.);
#869 = EDGE_CURVE('',#862,#870,#872,.T.);
#870 = VERTEX_POINT('',#871);
#871 = CARTESIAN_POINT('',(925.,800.,850.));
#872 = LINE('',#873,#874);
#873 = CARTESIAN_POINT('',(925.,800.,0.));
#874 = VECTOR('',#875,1.);
#875 = DIRECTION('',(0.,0.,1.));
#876 = ORIENTED_EDGE('',*,*,#877,.F.);
#877 = EDGE_CURVE('',#854,#870,#878,.T.);
#878 = LINE('',#879,#880);
#879 = CARTESIAN_POINT('',(925.,750.,850.));
#880 = VECTOR('',#881,1.);
#881 = DIRECTION('',(-0.,1.,0.));
#882 = PLANE('',#883);
#883 = AXIS2_PLACEMENT_3D('',#884,#885,#886);
#884 = CARTESIAN_POINT('',(925.,750.,0.));
#885 = DIRECTION('',(1.,0.,-0.));
#886 = DIRECTION('',(0.,0.,1.));
#887 = ADVANCED_FACE('',(#888),#904,.F.);
#888 = FACE_BOUND('',#889,.F.);
#889 = EDGE_LOOP('',(#890,#896,#897,#903));
#890 = ORIENTED_EDGE('',*,*,#891,.F.);
#891 = EDGE_CURVE('',#812,#852,#892,.T.);
#892 = LINE('',#893,#894);
#893 = CARTESIAN_POINT('',(875.,750.,0.));
#894 = VECTOR('',#895,1.);
#895 = DIRECTION('',(1.,0.,-0.));
#896 = ORIENTED_EDGE('',*,*,#811,.T.);
#897 = ORIENTED_EDGE('',*,*,#898,.T.);
#898 = EDGE_CURVE('',#814,#854,#899,.T.);
#899 = LINE('',#900,#901);
#900 = CARTESIAN_POINT('',(875.,750.,850.));
#901 = VECTOR('',#902,1.);
#902 = DIRECTION('',(1.,0.,-0.));
#903 = ORIENTED_EDGE('',*,*,#851,.F.);
#904 = PLANE('',#905);
#905 = AXIS2_PLACEMENT_3D('',#906,#907,#908);
#906 = CARTESIAN_POINT('',(875.,750.,0.));
#907 = DIRECTION('',(-0.,1.,0.));
#908 = DIRECTION('',(0.,0.,1.));
#909 = ADVANCED_FACE('',(#910),#926,.T.);
#910 = FACE_BOUND('',#911,.T.);
#911 = EDGE_LOOP('',(#912,#918,#919,#925));
#912 = ORIENTED_EDGE('',*,*,#913,.F.);
#913 = EDGE_CURVE('',#822,#862,#914,.T.);
#914 = LINE('',#915,#916);
#915 = CARTESIAN_POINT('',(875.,800.,0.));
#916 = VECTOR('',#917,1.);
#917 = DIRECTION('',(1.,0.,-0.));
#918 = ORIENTED_EDGE('',*,*,#829,.T.);
#919 = ORIENTED_EDGE('',*,*,#920,.T.);
#920 = EDGE_CURVE('',#830,#870,#921,.T.);
#921 = LINE('',#922,#923);
#922 = CARTESIAN_POINT('',(875.,800.,850.));
#923 = VECTOR('',#924,1.);
#924 = DIRECTION('',(1.,0.,-0.));
#925 = ORIENTED_EDGE('',*,*,#869,.F.);
#926 = PLANE('',#927);
#927 = AXIS2_PLACEMENT_3D('',#928,#929,#930);
#928 = CARTESIAN_POINT('',(875.,800.,0.));
#929 = DIRECTION('',(-0.,1.,0.));
#930 = DIRECTION('',(0.,0.,1.));
#931 = ADVANCED_FACE('',(#932),#938,.F.);
#932 = FACE_BOUND('',#933,.F.);
#933 = EDGE_LOOP('',(#934,#935,#936,#937));
#934 = ORIENTED_EDGE('',*,*,#821,.F.);
#935 = ORIENTED_EDGE('',*,*,#891,.T.);
#936 = ORIENTED_EDGE('',*,*,#861,.T.);
#937 = ORIENTED_EDGE('',*,*,#913,.F.);
#938 = PLANE('',#939);
#939 = AXIS2_PLACEMENT_3D('',#940,#941,#942);
#940 = CARTESIAN_POINT('',(875.,750.,0.));
#941 = DIRECTION('',(0.,0.,1.));
#942 = DIRECTION('',(1.,0.,-0.));
#943 = ADVANCED_FACE('',(#944),#950,.T.);
#944 = FACE_BOUND('',#945,.T.);
#945 = EDGE_LOOP('',(#946,#947,#948,#949));
#946 = ORIENTED_EDGE('',*,*,#837,.F.);
#947 = ORIENTED_EDGE('',*,*,#898,.T.);
#948 = ORIENTED_EDGE('',*,*,#877,.T.);
#949 = ORIENTED_EDGE('',*,*,#920,.F.);
#950 = PLANE('',#951);
#951 = AXIS2_PLACEMENT_3D('',#952,#953,#954);
#952 = CARTESIAN_POINT('',(875.,750.,850.));
#953 = DIRECTION('',(0.,0.,1.));
#954 = DIRECTION('',(1.,0.,-0.));
#955 = MANIFOLD_SOLID_BREP('',#956);
#956 = CLOSED_SHELL('',(#957,#997,#1037,#1059,#1081,#1093));
#957 = ADVANCED_FACE('',(#958),#992,.F.);
#958 = FACE_BOUND('',#959,.F.);
#959 = EDGE_LOOP('',(#960,#970,#978,#986));
#960 = ORIENTED_EDGE('',*,*,#961,.F.);
#961 = EDGE_CURVE('',#962,#964,#966,.T.);
#962 = VERTEX_POINT('',#963);
#963 = CARTESIAN_POINT('',(1.75E+03,750.,0.));
#964 = VERTEX_POINT('',#965);
#965 = CARTESIAN_POINT('',(1.75E+03,750.,850.));
#966 = LINE('',#967,#968);
#967 = CARTESIAN_POINT('',(1.75E+03,750.,0.));
#968 = VECTOR('',#969,1.);
#969 = DIRECTION('',(0.,0.,1.));
#970 = ORIENTED_EDGE('',*,*,#971,.T.);
#971 = EDGE_CURVE('',#962,#972,#974,.T.);
#972 = VERTEX_POINT('',#973);
#973 = CARTESIAN_POINT('',(1.75E+03,800.,0.));
#974 = LINE('',#975,#976);
#975 = CARTESIAN_POINT('',(1.75E+03,750.,0.));
#976 = VECTOR('',#977,1.);
#977 = DIRECTION('',(-0.,1.,0.));
#978 = ORIENTED_EDGE('',*,*,#979,.T.);
#979 = EDGE_CURVE('',#972,#980,#982,.T.);
#980 = VERTEX_POINT('',#981);
#981 = CARTESIAN_POINT('',(1.75E+03,800.,850.));
#982 = LINE('',#983,#984);
#983 = CARTESIAN_POINT('',(1.75E+03,800.,0.));
#984 = VECTOR('',#985,1.);
#985 = DIRECTION('',(0.,0.,1.));
#986 = ORIENTED_EDGE('',*,*,#987,.F.);
#987 = EDGE_CURVE('',#964,#980,#988,.T.);
#988 = LINE('',#989,#990);
#989 = CARTESIAN_POINT('',(1.75E+03,750.,850.));
#990 = VECTOR('',#991,1.);
#991 = DIRECTION('',(-0.,1.,0.));
#992 = PLANE('',#993);
#993 = AXIS2_PLACEMENT_3D('',#994,#995,#996);
#994 = CARTESIAN_POINT('',(1.75E+03,750.,0.));
#995 = DIRECTION('',(1.,0.,-0.));
#996 = DIRECTION('',(0.,0.,1.));
#997 = ADVANCED_FACE('',(#998),#1032,.T.);
#998 = FACE_BOUND('',#999,.T.);
#999 = EDGE_LOOP('',(#1000,#1010,#1018,#1026));
#1000 = ORIENTED_EDGE('',*,*,#1001,.F.);
#1001 = EDGE_CURVE('',#1002,#1004,#1006,.T.);
#1002 = VERTEX_POINT('',#1003);
#1003 = CARTESIAN_POINT('',(1.8E+03,750.,0.));
#1004 = VERTEX_POINT('',#1005);
#1005 = CARTESIAN_POINT('',(1.8E+03,750.,850.));
#1006 = LINE('',#1007,#1008);
#1007 = CARTESIAN_POINT('',(1.8E+03,750.,0.));
#1008 = VECTOR('',#1009,1.);
#1009 = DIRECTION('',(0.,0.,1.));
#1010 = ORIENTED_EDGE('',*,*,#1011,.T.);
#1011 = EDGE_CURVE('',#1002,#1012,#1014,.T.);
#1012 = VERTEX_POINT('',#1013);
#1013 = CARTESIAN_POINT('',(1.8E+03,800.,0.));
#1014 = LINE('',#1015,#1016);
#1015 = CARTESIAN_POINT('',(1.8E+03,750.,0.));
#1016 = VECTOR('',#1017,1.);
#1017 = DIRECTION('',(-0.,1.,0.));
#1018 = ORIENTED_EDGE('',*,*,#1019,.T.);
#1019 = EDGE_CURVE('',#1012,#1020,#1022,.T.);
#1020 = VERTEX_POINT('',#1021);
#1021 = CARTESIAN_POINT('',(1.8E+03,800.,850.));
#1022 = LINE('',#1023,#1024);
#1023 = CARTESIAN_POINT('',(1.8E+03,800.,0.));
#1024 = VECTOR('',#1025,1.);
#1025 = DIRECTION('',(0.,0.,1.));
#1026 = ORIENTED_EDGE('',*,*,#1027,.F.);
#1027 = EDGE_CURVE('',#1004,#1020,#1028,.T.);
#1028 = LINE('',#1029,#1030);
#1029 = CARTESIAN_POINT('',(1.8E+03,750.,850.));
#1030 = VECTOR('',#1031,1.);
#1031 = DIRECTION('',(-0.,1.,0.));
#1032 = PLANE('',#1033);
#1033 = AXIS2_PLACEMENT_3D('',#1034,#1035,#1036);
#1034 = CARTESIAN_POINT('',(1.8E+03,750.,0.));
#1035 = DIRECTION('',(1.,0.,-0.));
#1036 = DIRECTION('',(0.,0.,1.));
#1037 = ADVANCED_FACE('',(#1038),#1054,.F.);
#1038 = FACE_BOUND('',#1039,.F.);
#1039 = EDGE_LOOP('',(#1040,#1046,#1047,#1053));
#1040 = ORIENTED_EDGE('',*,*,#1041,.F.);
#1041 = EDGE_CURVE('',#962,#1002,#1042,.T.);
#1042 = LINE('',#1043,#1044);
#1043 = CARTESIAN_POINT('',(1.75E+03,750.,0.));
#1044 = VECTOR('',#1045,1.);
#1045 = DIRECTION('',(1.,0.,-0.));
#1046 = ORIENTED_EDGE('',*,*,#961,.T.);
#1047 = ORIENTED_EDGE('',*,*,#1048,.T.);
#1048 = EDGE_CURVE('',#964,#1004,#1049,.T.);
#1049 = LINE('',#1050,#1051);
#1050 = CARTESIAN_POINT('',(1.75E+03,750.,850.));
#1051 = VECTOR('',#1052,1.);
#1052 = DIRECTION('',(1.,0.,-0.));
#1053 = ORIENTED_EDGE('',*,*,#1001,.F.);
#1054 = PLANE('',#1055);
#1055 = AXIS2_PLACEMENT_3D('',#1056,#1057,#1058);
#1056 = CARTESIAN_POINT('',(1.75E+03,750.,0.));
#1057 = DIRECTION('',(-0.,1.,0.));
#1058 = DIRECTION('',(0.,0.,1.));
#1059 = ADVANCED_FACE('',(#1060),#1076,.T.);
#1060 = FACE_BOUND('',#1061,.T.);
#1061 = EDGE_LOOP('',(#1062,#1068,#1069,#1075));
#1062 = ORIENTED_EDGE('',*,*,#1063,.F.);
#1063 = EDGE_CURVE('',#972,#1012,#1064,.T.);
#1064 = LINE('',#1065,#1066);
#1065 = CARTESIAN_POINT('',(1.75E+03,800.,0.));
#1066 = VECTOR('',#1067,1.);
#1067 = DIRECTION('',(1.,0.,-0.));
#1068 = ORIENTED_EDGE('',*,*,#979,.T.);
#1069 = ORIENTED_EDGE('',*,*,#1070,.T.);
#1070 = EDGE_CURVE('',#980,#1020,#1071,.T.);
#1071 = LINE('',#1072,#1073);
#1072 = CARTESIAN_POINT('',(1.75E+03,800.,850.));
#1073 = VECTOR('',#1074,1.);
#1074 = DIRECTION('',(1.,0.,-0.));
#1075 = ORIENTED_EDGE('',*,*,#1019,.F.);
#1076 = PLANE('',#1077);
#1077 = AXIS2_PLACEMENT_3D('',#1078,#1079,#1080);
#1078 = CARTESIAN_POINT('',(1.75E+03,800.,0.));
#1079 = DIRECTION('',(-0.,1.,0.));
#1080 = DIRECTION('',(0.,0.,1.));
#1081 = ADVANCED_FACE('',(#1082),#1088,.F.);
#1082 = FACE_BOUND('',#1083,.F.);
#1083 = EDGE_LOOP('',(#1084,#1085,#1086,#1087));
#1084 = ORIENTED_EDGE('',*,*,#971,.F.);
#1085 = ORIENTED_EDGE('',*,*,#1041,.T.);
#1086 = ORIENTED_EDGE('',*,*,#1011,.T.);
#1087 = ORIENTED_EDGE('',*,*,#1063,.F.);
#1088 = PLANE('',#1089);
#1089 = AXIS2_PLACEMENT_3D('',#1090,#1091,#1092);
#1090 = CARTESIAN_POINT('',(1.75E+03,750.,0.));
#1091 = DIRECTION('',(0.,0.,1.));
#1092 = DIRECTION('',(1.,0.,-0.));
#1093 = ADVANCED_FACE('',(#1094),#1100,.T.);
#1094 = FACE_BOUND('',#1095,.T.);
#1095 = EDGE_LOOP('',(#1096,#1097,#1098,#1099));
#1096 = ORIENTED_EDGE('',*,*,#987,.F.);
#1097 = ORIENTED_EDGE('',*,*,#1048,.T.);
#1098 = ORIENTED_EDGE('',*,*,#1027,.T.);
#1099 = ORIENTED_EDGE('',*,*,#1070,.F.);
#1100 = PLANE('',#1101);
#1101 = AXIS2_PLACEMENT_3D('',#1102,#1103,#1104);
#1102 = CARTESIAN_POINT('',(1.75E+03,750.,850.));
#1103 = DIRECTION('',(0.,0.,1.));
#1104 = DIRECTION('',(1.,0.,-0.));
#1105 = MANIFOLD_SOLID_BREP('',#1106);
#1106 = CLOSED_SHELL('',(#1107,#1147,#1187,#1209,#1231,#1243));
#1107 = ADVANCED_FACE('',(#1108),#1142,.F.);
#1108 = FACE_BOUND('',#1109,.F.);
#1109 = EDGE_LOOP('',(#1110,#1120,#1128,#1136));
#1110 = ORIENTED_EDGE('',*,*,#1111,.F.);
#1111 = EDGE_CURVE('',#1112,#1114,#1116,.T.);
#1112 = VERTEX_POINT('',#1113);
#1113 = CARTESIAN_POINT('',(0.,0.,800.));
#1114 = VERTEX_POINT('',#1115);
#1115 = CARTESIAN_POINT('',(0.,0.,850.));
#1116 = LINE('',#1117,#1118);
#1117 = CARTESIAN_POINT('',(0.,0.,800.));
#1118 = VECTOR('',#1119,1.);
#1119 = DIRECTION('',(0.,0.,1.));
#1120 = ORIENTED_EDGE('',*,*,#1121,.T.);
#1121 = EDGE_CURVE('',#1112,#1122,#1124,.T.);
#1122 = VERTEX_POINT('',#1123);
#1123 = CARTESIAN_POINT('',(0.,50.,800.));
#1124 = LINE('',#1125,#1126);
#1125 = CARTESIAN_POINT('',(0.,0.,800.));
#1126 = VECTOR('',#1127,1.);
#1127 = DIRECTION('',(-0.,1.,0.));
#1128 = ORIENTED_EDGE('',*,*,#1129,.T.);
#1129 = EDGE_CURVE('',#1122,#1130,#1132,.T.);
#1130 = VERTEX_POINT('',#1131);
#1131 = CARTESIAN_POINT('',(0.,50.,850.));
#1132 = LINE('',#1133,#1134);
#1133 = CARTESIAN_POINT('',(0.,50.,800.));
#1134 = VECTOR('',#1135,1.);
#1135 = DIRECTION('',(0.,0.,1.));
#1136 = ORIENTED_EDGE('',*,*,#1137,.F.);
#1137 = EDGE_CURVE('',#1114,#1130,#1138,.T.);
#1138 = LINE('',#1139,#1140);
#1139 = CARTESIAN_POINT('',(0.,0.,850.));
#1140 = VECTOR('',#1141,1.);
#1141 = DIRECTION('',(-0.,1.,0.));
#1142 = PLANE('',#1143);
#1143 = AXIS2_PLACEMENT_3D('',#1144,#1145,#1146);
#1144 = CARTESIAN_POINT('',(0.,0.,800.));
#1145 = DIRECTION('',(1.,0.,-0.));
#1146 = DIRECTION('',(0.,0.,1.));
#1147 = ADVANCED_FACE('',(#1148),#1182,.T.);
#1148 = FACE_BOUND('',#1149,.T.);
#1149 = EDGE_LOOP('',(#1150,#1160,#1168,#1176));
#1150 = ORIENTED_EDGE('',*,*,#1151,.F.);
#1151 = EDGE_CURVE('',#1152,#1154,#1156,.T.);
#1152 = VERTEX_POINT('',#1153);
#1153 = CARTESIAN_POINT('',(1.8E+03,0.,800.));
#1154 = VERTEX_POINT('',#1155);
#1155 = CARTESIAN_POINT('',(1.8E+03,0.,850.));
#1156 = LINE('',#1157,#1158);
#1157 = CARTESIAN_POINT('',(1.8E+03,0.,800.));
#1158 = VECTOR('',#1159,1.);
#1159 = DIRECTION('',(0.,0.,1.));
#1160 = ORIENTED_EDGE('',*,*,#1161,.T.);
#1161 = EDGE_CURVE('',#1152,#1162,#1164,.T.);
#1162 = VERTEX_POINT('',#1163);
#1163 = CARTESIAN_POINT('',(1.8E+03,50.,800.));
#1164 = LINE('',#1165,#1166);
#1165 = CARTESIAN_POINT('',(1.8E+03,0.,800.));
#1166 = VECTOR('',#1167,1.);
#1167 = DIRECTION('',(-0.,1.,0.));
#1168 = ORIENTED_EDGE('',*,*,#1169,.T.);
#1169 = EDGE_CURVE('',#1162,#1170,#1172,.T.);
#1170 = VERTEX_POINT('',#1171);
#1171 = CARTESIAN_POINT('',(1.8E+03,50.,850.));
#1172 = LINE('',#1173,#1174);
#1173 = CARTESIAN_POINT('',(1.8E+03,50.,800.));
#1174 = VECTOR('',#1175,1.);
#1175 = DIRECTION('',(0.,0.,1.));
#1176 = ORIENTED_EDGE('',*,*,#1177,.F.);
#1177 = EDGE_CURVE('',#1154,#1170,#1178,.T.);
#1178 = LINE('',#1179,#1180);
#1179 = CARTESIAN_POINT('',(1.8E+03,0.,850.));
#1180 = VECTOR('',#1181,1.);
#1181 = DIRECTION('',(-0.,1.,0.));
#1182 = PLANE('',#1183);
#1183 = AXIS2_PLACEMENT_3D('',#1184,#1185,#1186);
#1184 = CARTESIAN_POINT('',(1.8E+03,0.,800.));
#1185 = DIRECTION('',(1.,0.,-0.));
#1186 = DIRECTION('',(0.,0.,1.));
#1187 = ADVANCED_FACE('',(#1188),#1204,.F.);
#1188 = FACE_BOUND('',#1189,.F.);
#1189 = EDGE_LOOP('',(#1190,#1196,#1197,#1203));
#1190 = ORIENTED_EDGE('',*,*,#1191,.F.);
#1191 = EDGE_CURVE('',#1112,#1152,#1192,.T.);
#1192 = LINE('',#1193,#1194);
#1193 = CARTESIAN_POINT('',(0.,0.,800.));
#1194 = VECTOR('',#1195,1.);
#1195 = DIRECTION('',(1.,0.,-0.));
#1196 = ORIENTED_EDGE('',*,*,#1111,.T.);
#1197 = ORIENTED_EDGE('',*,*,#1198,.T.);
#1198 = EDGE_CURVE('',#1114,#1154,#1199,.T.);
#1199 = LINE('',#1200,#1201);
#1200 = CARTESIAN_POINT('',(0.,0.,850.));
#1201 = VECTOR('',#1202,1.);
#1202 = DIRECTION('',(1.,0.,-0.));
#1203 = ORIENTED_EDGE('',*,*,#1151,.F.);
#1204 = PLANE('',#1205);
#1205 = AXIS2_PLACEMENT_3D('',#1206,#1207,#1208);
#1206 = CARTESIAN_POINT('',(0.,0.,800.));
#1207 = DIRECTION('',(-0.,1.,0.));
#1208 = DIRECTION('',(0.,0.,1.));
#1209 = ADVANCED_FACE('',(#1210),#1226,.T.);
#1210 = FACE_BOUND('',#1211,.T.);
#1211 = EDGE_LOOP('',(#1212,#1218,#1219,#1225));
#1212 = ORIENTED_EDGE('',*,*,#1213,.F.);
#1213 = EDGE_CURVE('',#1122,#1162,#1214,.T.);
#1214 = LINE('',#1215,#1216);
#1215 = CARTESIAN_POINT('',(0.,50.,800.));
#1216 = VECTOR('',#1217,1.);
#1217 = DIRECTION('',(1.,0.,-0.));
#1218 = ORIENTED_EDGE('',*,*,#1129,.T.);
#1219 = ORIENTED_EDGE('',*,*,#1220,.T.);
#1220 = EDGE_CURVE('',#1130,#1170,#1221,.T.);
#1221 = LINE('',#1222,#1223);
#1222 = CARTESIAN_POINT('',(0.,50.,850.));
#1223 = VECTOR('',#1224,1.);
#1224 = DIRECTION('',(1.,0.,-0.));
#1225 = ORIENTED_EDGE('',*,*,#1169,.F.);
#1226 = PLANE('',#1227);
#1227 = AXIS2_PLACEMENT_3D('',#1228,#1229,#1230);
#1228 = CARTESIAN_POINT('',(0.,50.,800.));
#1229 = DIRECTION('',(-0.,1.,0.));
#1230 = DIRECTION('',(0.,0.,1.));
#1231 = ADVANCED_FACE('',(#1232),#1238,.F.);
#1232 = FACE_BOUND('',#1233,.F.);
#1233 = EDGE_LOOP('',(#1234,#1235,#1236,#1237));
#1234 = ORIENTED_EDGE('',*,*,#1121,.F.);
#1235 = ORIENTED_EDGE('',*,*,#1191,.T.);
#1236 = ORIENTED_EDGE('',*,*,#1161,.T.);
#1237 = ORIENTED_EDGE('',*,*,#1213,.F.);
#1238 = PLANE('',#1239);
#1239 = AXIS2_PLACEMENT_3D('',#1240,#1241,#1242);
#1240 = CARTESIAN_POINT('',(0.,0.,800.));
#1241 = DIRECTION('',(0.,0.,1.));
#1242 = DIRECTION('',(1.,0.,-0.));
#1243 = ADVANCED_FACE('',(#1244),#1250,.T.);
#1244 = FACE_BOUND('',#1245,.T.);
#1245 = EDGE_LOOP('',(#1246,#1247,#1248,#1249));
#1246 = ORIENTED_EDGE('',*,*,#1137,.F.);
#1247 = ORIENTED_EDGE('',*,*,#1198,.T.);
#1248 = ORIENTED_EDGE('',*,*,#1177,.T.);
#1249 = ORIENTED_EDGE('',*,*,#1220,.F.);
#1250 = PLANE('',#1251);
#1251 = AXIS2_PLACEMENT_3D('',#1252,#1253,#1254);
#1252 = CARTESIAN_POINT('',(0.,0.,850.));
#1253 = DIRECTION('',(0.,0.,1.));
#1254 = DIRECTION('',(1.,0.,-0.));
#1255 = MANIFOLD_SOLID_BREP('',#1256);
#1256 = CLOSED_SHELL('',(#1257,#1297,#1337,#1359,#1381,#1393));
#1257 = ADVANCED_FACE('',(#1258),#1292,.F.);
#1258 = FACE_BOUND('',#1259,.F.);
#1259 = EDGE_LOOP('',(#1260,#1270,#1278,#1286));
#1260 = ORIENTED_EDGE('',*,*,#1261,.F.);
#1261 = EDGE_CURVE('',#1262,#1264,#1266,.T.);
#1262 = VERTEX_POINT('',#1263);
#1263 = CARTESIAN_POINT('',(0.,750.,800.));
#1264 = VERTEX_POINT('',#1265);
#1265 = CARTESIAN_POINT('',(0.,750.,850.));
#1266 = LINE('',#1267,#1268);
#1267 = CARTESIAN_POINT('',(0.,750.,800.));
#1268 = VECTOR('',#1269,1.);
#1269 = DIRECTION('',(0.,0.,1.));
#1270 = ORIENTED_EDGE('',*,*,#1271,.T.);
#1271 = EDGE_CURVE('',#1262,#1272,#1274,.T.);
#1272 = VERTEX_POINT('',#1273);
#1273 = CARTESIAN_POINT('',(0.,800.,800.));
#1274 = LINE('',#1275,#1276);
#1275 = CARTESIAN_POINT('',(0.,750.,800.));
#1276 = VECTOR('',#1277,1.);
#1277 = DIRECTION('',(-0.,1.,0.));
#1278 = ORIENTED_EDGE('',*,*,#1279,.T.);
#1279 = EDGE_CURVE('',#1272,#1280,#1282,.T.);
#1280 = VERTEX_POINT('',#1281);
#1281 = CARTESIAN_POINT('',(0.,800.,850.));
#1282 = LINE('',#1283,#1284);
#1283 = CARTESIAN_POINT('',(0.,800.,800.));
#1284 = VECTOR('',#1285,1.);
#1285 = DIRECTION('',(0.,0.,1.));
#1286 = ORIENTED_EDGE('',*,*,#1287,.F.);
#1287 = EDGE_CURVE('',#1264,#1280,#1288,.T.);
#1288 = LINE('',#1289,#1290);
#1289 = CARTESIAN_POINT('',(0.,750.,850.));
#1290 = VECTOR('',#1291,1.);
#1291 = DIRECTION('',(-0.,1.,0.));
#1292 = PLANE('',#1293);
#1293 = AXIS2_PLACEMENT_3D('',#1294,#1295,#1296);
#1294 = CARTESIAN_POINT('',(0.,750.,800.));
#1295 = DIRECTION('',(1.,0.,-0.));
#1296 = DIRECTION('',(0.,0.,1.));
#1297 = ADVANCED_FACE('',(#1298),#1332,.T.);
#1298 = FACE_BOUND('',#1299,.T.);
#1299 = EDGE_LOOP('',(#1300,#1310,#1318,#1326));
#1300 = ORIENTED_EDGE('',*,*,#1301,.F.);
#1301 = EDGE_CURVE('',#1302,#1304,#1306,.T.);
#1302 = VERTEX_POINT('',#1303);
#1303 = CARTESIAN_POINT('',(1.8E+03,750.,800.));
#1304 = VERTEX_POINT('',#1305);
#1305 = CARTESIAN_POINT('',(1.8E+03,750.,850.));
#1306 = LINE('',#1307,#1308);
#1307 = CARTESIAN_POINT('',(1.8E+03,750.,800.));
#1308 = VECTOR('',#1309,1.);
#1309 = DIRECTION('',(0.,0.,1.));
#1310 = ORIENTED_EDGE('',*,*,#1311,.T.);
#1311 = EDGE_CURVE('',#1302,#1312,#1314,.T.);
#1312 = VERTEX_POINT('',#1313);
#1313 = CARTESIAN_POINT('',(1.8E+03,800.,800.));
#1314 = LINE('',#1315,#1316);
#1315 = CARTESIAN_POINT('',(1.8E+03,750.,800.));
#1316 = VECTOR('',#1317,1.);
#1317 = DIRECTION('',(-0.,1.,0.));
#1318 = ORIENTED_EDGE('',*,*,#1319,.T.);
#1319 = EDGE_CURVE('',#1312,#1320,#1322,.T.);
#1320 = VERTEX_POINT('',#1321);
#1321 = CARTESIAN_POINT('',(1.8E+03,800.,850.));
#1322 = LINE('',#1323,#1324);
#1323 = CARTESIAN_POINT('',(1.8E+03,800.,800.));
#1324 = VECTOR('',#1325,1.);
#1325 = DIRECTION('',(0.,0.,1.));
#1326 = ORIENTED_EDGE('',*,*,#1327,.F.);
#1327 = EDGE_CURVE('',#1304,#1320,#1328,.T.);
#1328 = LINE('',#1329,#1330);
#1329 = CARTESIAN_POINT('',(1.8E+03,750.,850.));
#1330 = VECTOR('',#1331,1.);
#1331 = DIRECTION('',(-0.,1.,0.));
#1332 = PLANE('',#1333);
#1333 = AXIS2_PLACEMENT_3D('',#1334,#1335,#1336);
#1334 = CARTESIAN_POINT('',(1.8E+03,750.,800.));
#1335 = DIRECTION('',(1.,0.,-0.));
#1336 = DIRECTION('',(0.,0.,1.));
#1337 = ADVANCED_FACE('',(#1338),#1354,.F.);
#1338 = FACE_BOUND('',#1339,.F.);
#1339 = EDGE_LOOP('',(#1340,#1346,#1347,#1353));
#1340 = ORIENTED_EDGE('',*,*,#1341,.F.);
#1341 = EDGE_CURVE('',#1262,#1302,#1342,.T.);
#1342 = LINE('',#1343,#1344);
#1343 = CARTESIAN_POINT('',(0.,750.,800.));
#1344 = VECTOR('',#1345,1.);
#1345 = DIRECTION('',(1.,0.,-0.));
#1346 = ORIENTED_EDGE('',*,*,#1261,.T.);
#1347 = ORIENTED_EDGE('',*,*,#1348,.T.);
#1348 = EDGE_CURVE('',#1264,#1304,#1349,.T.);
#1349 = LINE('',#1350,#1351);
#1350 = CARTESIAN_POINT('',(0.,750.,850.));
#1351 = VECTOR('',#1352,1.);
#1352 = DIRECTION('',(1.,0.,-0.));
#1353 = ORIENTED_EDGE('',*,*,#1301,.F.);
#1354 = PLANE('',#1355);
#1355 = AXIS2_PLACEMENT_3D('',#1356,#1357,#1358);
#1356 = CARTESIAN_POINT('',(0.,750.,800.));
#1357 = DIRECTION('',(-0.,1.,0.));
#1358 = DIRECTION('',(0.,0.,1.));
#1359 = ADVANCED_FACE('',(#1360),#1376,.T.);
#1360 = FACE_BOUND('',#1361,.T.);
#1361 = EDGE_LOOP('',(#1362,#1368,#1369,#1375));
#1362 = ORIENTED_EDGE('',*,*,#1363,.F.);
#1363 = EDGE_CURVE('',#1272,#1312,#1364,.T.);
#1364 = LINE('',#1365,#1366);
#1365 = CARTESIAN_POINT('',(0.,800.,800.));
#1366 = VECTOR('',#1367,1.);
#1367 = DIRECTION('',(1.,0.,-0.));
#1368 = ORIENTED_EDGE('',*,*,#1279,.T.);
#1369 = ORIENTED_EDGE('',*,*,#1370,.T.);
#1370 = EDGE_CURVE('',#1280,#1320,#1371,.T.);
#1371 = LINE('',#1372,#1373);
#1372 = CARTESIAN_POINT('',(0.,800.,850.));
#1373 = VECTOR('',#1374,1.);
#1374 = DIRECTION('',(1.,0.,-0.));
#1375 = ORIENTED_EDGE('',*,*,#1319,.F.);
#1376 = PLANE('',#1377);
#1377 = AXIS2_PLACEMENT_3D('',#1378,#1379,#1380);
#1378 = CARTESIAN_POINT('',(0.,800.,800.));
#1379 = DIRECTION('',(-0.,1.,0.));
#1380 = DIRECTION('',(0.,0.,1.));
#1381 = ADVANCED_FACE('',(#1382),#1388,.F.);
#1382 = FACE_BOUND('',#1383,.F.);
#1383 = EDGE_LOOP('',(#1384,#1385,#1386,#1387));
#1384 = ORIENTED_EDGE('',*,*,#1271,.F.);
#1385 = ORIENTED_EDGE('',*,*,#1341,.T.);
#1386 = ORIENTED_EDGE('',*,*,#1311,.T.);
#1387 = ORIENTED_EDGE('',*,*,#1363,.F.);
#1388 = PLANE('',#1389);
#1389 = AXIS2_PLACEMENT_3D('',#1390,#1391,#1392);
#1390 = CARTESIAN_POINT('',(0.,750.,800.));
#1391 = DIRECTION('',(0.,0.,1.));
#1392 = DIRECTION('',(1.,0.,-0.));
#1393 = ADVANCED_FACE('',(#1394),#1400,.T.);
#1394 = FACE_BOUND('',#1395,.T.);
#1395 = EDGE_LOOP('',(#1396,#1397,#1398,#1399));
#1396 = ORIENTED_EDGE('',*,*,#1287,.F.);
#1397 = ORIENTED_EDGE('',*,*,#1348,.T.);
#1398 = ORIENTED_EDGE('',*,*,#1327,.T.);
#1399 = ORIENTED_EDGE('',*,*,#1370,.F.);
#1400 = PLANE('',#1401);
#1401 = AXIS2_PLACEMENT_3D('',#1402,#1403,#1404);
#1402 = CARTESIAN_POINT('',(0.,750.,850.));
#1403 = DIRECTION('',(0.,0.,1.));
#1404 = DIRECTION('',(1.,0.,-0.));
#1405 = MANIFOLD_SOLID_BREP('',#1406);
#1406 = CLOSED_SHELL('',(#1407,#1447,#1487,#1509,#1531,#1543));
#1407 = ADVANCED_FACE('',(#1408),#1442,.F.);
#1408 = FACE_BOUND('',#1409,.F.);
#1409 = EDGE_LOOP('',(#1410,#1420,#1428,#1436));
#1410 = ORIENTED_EDGE('',*,*,#1411,.F.);
#1411 = EDGE_CURVE('',#1412,#1414,#1416,.T.);
#1412 = VERTEX_POINT('',#1413);
#1413 = CARTESIAN_POINT('',(0.,0.,800.));
#1414 = VERTEX_POINT('',#1415);
#1415 = CARTESIAN_POINT('',(0.,0.,850.));
#1416 = LINE('',#1417,#1418);
#1417 = CARTESIAN_POINT('',(0.,0.,800.));
#1418 = VECTOR('',#1419,1.);
#1419 = DIRECTION('',(0.,0.,1.));
#1420 = ORIENTED_EDGE('',*,*,#1421,.T.);
#1421 = EDGE_CURVE('',#1412,#1422,#1424,.T.);
#1422 = VERTEX_POINT('',#1423);
#1423 = CARTESIAN_POINT('',(0.,800.,800.));
#1424 = LINE('',#1425,#1426);
#1425 = CARTESIAN_POINT('',(0.,0.,800.));
#1426 = VECTOR('',#1427,1.);
#1427 = DIRECTION('',(-0.,1.,0.));
#1428 = ORIENTED_EDGE('',*,*,#1429,.T.);
#1429 = EDGE_CURVE('',#1422,#1430,#1432,.T.);
#1430 = VERTEX_POINT('',#1431);
#1431 = CARTESIAN_POINT('',(0.,800.,850.));
#1432 = LINE('',#1433,#1434);
#1433 = CARTESIAN_POINT('',(0.,800.,800.));
#1434 = VECTOR('',#1435,1.);
#1435 = DIRECTION('',(0.,0.,1.));
#1436 = ORIENTED_EDGE('',*,*,#1437,.F.);
#1437 = EDGE_CURVE('',#1414,#1430,#1438,.T.);
#1438 = LINE('',#1439,#1440);
#1439 = CARTESIAN_POINT('',(0.,0.,850.));
#1440 = VECTOR('',#1441,1.);
#1441 = DIRECTION('',(-0.,1.,0.));
#1442 = PLANE('',#1443);
#1443 = AXIS2_PLACEMENT_3D('',#1444,#1445,#1446);
#1444 = CARTESIAN_POINT('',(0.,0.,800.));
#1445 = DIRECTION('',(1.,0.,-0.));
#1446 = DIRECTION('',(0.,0.,1.));
#1447 = ADVANCED_FACE('',(#1448),#1482,.T.);
#1448 = FACE_BOUND('',#1449,.T.);
#1449 = EDGE_LOOP('',(#1450,#1460,#1468,#1476));
#1450 = ORIENTED_EDGE('',*,*,#1451,.F.);
#1451 = EDGE_CURVE('',#1452,#1454,#1456,.T.);
#1452 = VERTEX_POINT('',#1453);
#1453 = CARTESIAN_POINT('',(50.,0.,800.));
#1454 = VERTEX_POINT('',#1455);
#1455 = CARTESIAN_POINT('',(50.,0.,850.));
#1456 = LINE('',#1457,#1458);
#1457 = CARTESIAN_POINT('',(50.,0.,800.));
#1458 = VECTOR('',#1459,1.);
#1459 = DIRECTION('',(0.,0.,1.));
#1460 = ORIENTED_EDGE('',*,*,#1461,.T.);
#1461 = EDGE_CURVE('',#1452,#1462,#1464,.T.);
#1462 = VERTEX_POINT('',#1463);
#1463 = CARTESIAN_POINT('',(50.,800.,800.));
#1464 = LINE('',#1465,#1466);
#1465 = CARTESIAN_POINT('',(50.,0.,800.));
#1466 = VECTOR('',#1467,1.);
#1467 = DIRECTION('',(-0.,1.,0.));
#1468 = ORIENTED_EDGE('',*,*,#1469,.T.);
#1469 = EDGE_CURVE('',#1462,#1470,#1472,.T.);
#1470 = VERTEX_POINT('',#1471);
#1471 = CARTESIAN_POINT('',(50.,800.,850.));
#1472 = LINE('',#1473,#1474);
#1473 = CARTESIAN_POINT('',(50.,800.,800.));
#1474 = VECTOR('',#1475,1.);
#1475 = DIRECTION('',(0.,0.,1.));
#1476 = ORIENTED_EDGE('',*,*,#1477,.F.);
#1477 = EDGE_CURVE('',#1454,#1470,#1478,.T.);
#1478 = LINE('',#1479,#1480);
#1479 = CARTESIAN_POINT('',(50.,0.,850.));
#1480 = VECTOR('',#1481,1.);
#1481 = DIRECTION('',(-0.,1.,0.));
#1482 = PLANE('',#1483);
#1483 = AXIS2_PLACEMENT_3D('',#1484,#1485,#1486);
#1484 = CARTESIAN_POINT('',(50.,0.,800.));
#1485 = DIRECTION('',(1.,0.,-0.));
#1486 = DIRECTION('',(0.,0.,1.));
#1487 = ADVANCED_FACE('',(#1488),#1504,.F.);
#1488 = FACE_BOUND('',#1489,.F.);
#1489 = EDGE_LOOP('',(#1490,#1496,#1497,#1503));
#1490 = ORIENTED_EDGE('',*,*,#1491,.F.);
#1491 = EDGE_CURVE('',#1412,#1452,#1492,.T.);
#1492 = LINE('',#1493,#1494);
#1493 = CARTESIAN_POINT('',(0.,0.,800.));
#1494 = VECTOR('',#1495,1.);
#1495 = DIRECTION('',(1.,0.,-0.));
#1496 = ORIENTED_EDGE('',*,*,#1411,.T.);
#1497 = ORIENTED_EDGE('',*,*,#1498,.T.);
#1498 = EDGE_CURVE('',#1414,#1454,#1499,.T.);
#1499 = LINE('',#1500,#1501);
#1500 = CARTESIAN_POINT('',(0.,0.,850.));
#1501 = VECTOR('',#1502,1.);
#1502 = DIRECTION('',(1.,0.,-0.));
#1503 = ORIENTED_EDGE('',*,*,#1451,.F.);
#1504 = PLANE('',#1505);
#1505 = AXIS2_PLACEMENT_3D('',#1506,#1507,#1508);
#1506 = CARTESIAN_POINT('',(0.,0.,800.));
#1507 = DIRECTION('',(-0.,1.,0.));
#1508 = DIRECTION('',(0.,0.,1.));
#1509 = ADVANCED_FACE('',(#1510),#1526,.T.);
#1510 = FACE_BOUND('',#1511,.T.);
#1511 = EDGE_LOOP('',(#1512,#1518,#1519,#1525));
#1512 = ORIENTED_EDGE('',*,*,#1513,.F.);
#1513 = EDGE_CURVE('',#1422,#1462,#1514,.T.);
#1514 = LINE('',#1515,#1516);
#1515 = CARTESIAN_POINT('',(0.,800.,800.));
#1516 = VECTOR('',#1517,1.);
#1517 = DIRECTION('',(1.,0.,-0.));
#1518 = ORIENTED_EDGE('',*,*,#1429,.T.);
#1519 = ORIENTED_EDGE('',*,*,#1520,.T.);
#1520 = EDGE_CURVE('',#1430,#1470,#1521,.T.);
#1521 = LINE('',#1522,#1523);
#1522 = CARTESIAN_POINT('',(0.,800.,850.));
#1523 = VECTOR('',#1524,1.);
#1524 = DIRECTION('',(1.,0.,-0.));
#1525 = ORIENTED_EDGE('',*,*,#1469,.F.);
#1526 = PLANE('',#1527);
#1527 = AXIS2_PLACEMENT_3D('',#1528,#1529,#1530);
#1528 = CARTESIAN_POINT('',(0.,800.,800.));
#1529 = DIRECTION('',(-0.,1.,0.));
#1530 = DIRECTION('',(0.,0.,1.));
#1531 = ADVANCED_FACE('',(#1532),#1538,.F.);
#1532 = FACE_BOUND('',#1533,.F.);
#1533 = EDGE_LOOP('',(#1534,#1535,#1536,#1537));
#1534 = ORIENTED_EDGE('',*,*,#1421,.F.);
#1535 = ORIENTED_EDGE('',*,*,#1491,.T.);
#1536 = ORIENTED_EDGE('',*,*,#1461,.T.);
#1537 = ORIENTED_EDGE('',*,*,#1513,.F.);
#1538 = PLANE('',#1539);
#1539 = AXIS2_PLACEMENT_3D('',#1540,#1541,#1542);
#1540 = CARTESIAN_POINT('',(0.,0.,800.));
#1541 = DIRECTION('',(0.,0.,1.));
#1542 = DIRECTION('',(1.,0.,-0.));
#1543 = ADVANCED_FACE('',(#1544),#1550,.T.);
#1544 = FACE_BOUND('',#1545,.T.);
#1545 = EDGE_LOOP('',(#1546,#1547,#1548,#1549));
#1546 = ORIENTED_EDGE('',*,*,#1437,.F.);
#1547 = ORIENTED_EDGE('',*,*,#1498,.T.);
#1548 = ORIENTED_EDGE('',*,*,#1477,.T.);
#1549 = ORIENTED_EDGE('',*,*,#1520,.F.);
#1550 = PLANE('',#1551);
#1551 = AXIS2_PLACEMENT_3D('',#1552,#1553,#1554);
#1552 = CARTESIAN_POINT('',(0.,0.,850.));
#1553 = DIRECTION('',(0.,0.,1.));
#1554 = DIRECTION('',(1.,0.,-0.));
#1555 = MANIFOLD_SOLID_BREP('',#1556);
#1556 = CLOSED_SHELL('',(#1557,#1597,#1637,#1659,#1681,#1693));
#1557 = ADVANCED_FACE('',(#1558),#1592,.F.);
#1558 = FACE_BOUND('',#1559,.F.);
#1559 = EDGE_LOOP('',(#1560,#1570,#1578,#1586));
#1560 = ORIENTED_EDGE('',*,*,#1561,.F.);
#1561 = EDGE_CURVE('',#1562,#1564,#1566,.T.);
#1562 = VERTEX_POINT('',#1563);
#1563 = CARTESIAN_POINT('',(1.75E+03,0.,800.));
#1564 = VERTEX_POINT('',#1565);
#1565 = CARTESIAN_POINT('',(1.75E+03,0.,850.));
#1566 = LINE('',#1567,#1568);
#1567 = CARTESIAN_POINT('',(1.75E+03,0.,800.));
#1568 = VECTOR('',#1569,1.);
#1569 = DIRECTION('',(0.,0.,1.));
#1570 = ORIENTED_EDGE('',*,*,#1571,.T.);
#1571 = EDGE_CURVE('',#1562,#1572,#1574,.T.);
#1572 = VERTEX_POINT('',#1573);
#1573 = CARTESIAN_POINT('',(1.75E+03,800.,800.));
#1574 = LINE('',#1575,#1576);
#1575 = CARTESIAN_POINT('',(1.75E+03,0.,800.));
#1576 = VECTOR('',#1577,1.);
#1577 = DIRECTION('',(-0.,1.,0.));
#1578 = ORIENTED_EDGE('',*,*,#1579,.T.);
#1579 = EDGE_CURVE('',#1572,#1580,#1582,.T.);
#1580 = VERTEX_POINT('',#1581);
#1581 = CARTESIAN_POINT('',(1.75E+03,800.,850.));
#1582 = LINE('',#1583,#1584);
#1583 = CARTESIAN_POINT('',(1.75E+03,800.,800.));
#1584 = VECTOR('',#1585,1.);
#1585 = DIRECTION('',(0.,0.,1.));
#1586 = ORIENTED_EDGE('',*,*,#1587,.F.);
#1587 = EDGE_CURVE('',#1564,#1580,#1588,.T.);
#1588 = LINE('',#1589,#1590);
#1589 = CARTESIAN_POINT('',(1.75E+03,0.,850.));
#1590 = VECTOR('',#1591,1.);
#1591 = DIRECTION('',(-0.,1.,0.));
#1592 = PLANE('',#1593);
#1593 = AXIS2_PLACEMENT_3D('',#1594,#1595,#1596);
#1594 = CARTESIAN_POINT('',(1.75E+03,0.,800.));
#1595 = DIRECTION('',(1.,0.,-0.));
#1596 = DIRECTION('',(0.,0.,1.));
#1597 = ADVANCED_FACE('',(#1598),#1632,.T.);
#1598 = FACE_BOUND('',#1599,.T.);
#1599 = EDGE_LOOP('',(#1600,#1610,#1618,#1626));
#1600 = ORIENTED_EDGE('',*,*,#1601,.F.);
#1601 = EDGE_CURVE('',#1602,#1604,#1606,.T.);
#1602 = VERTEX_POINT('',#1603);
#1603 = CARTESIAN_POINT('',(1.8E+03,0.,800.));
#1604 = VERTEX_POINT('',#1605);
#1605 = CARTESIAN_POINT('',(1.8E+03,0.,850.));
#1606 = LINE('',#1607,#1608);
#1607 = CARTESIAN_POINT('',(1.8E+03,0.,800.));
#1608 = VECTOR('',#1609,1.);
#1609 = DIRECTION('',(0.,0.,1.));
#1610 = ORIENTED_EDGE('',*,*,#1611,.T.);
#1611 = EDGE_CURVE('',#1602,#1612,#1614,.T.);
#1612 = VERTEX_POINT('',#1613);
#1613 = CARTESIAN_POINT('',(1.8E+03,800.,800.));
#1614 = LINE('',#1615,#1616);
#1615 = CARTESIAN_POINT('',(1.8E+03,0.,800.));
#1616 = VECTOR('',#1617,1.);
#1617 = DIRECTION('',(-0.,1.,0.));
#1618 = ORIENTED_EDGE('',*,*,#1619,.T.);
#1619 = EDGE_CURVE('',#1612,#1620,#1622,.T.);
#1620 = VERTEX_POINT('',#1621);
#1621 = CARTESIAN_POINT('',(1.8E+03,800.,850.));
#1622 = LINE('',#1623,#1624);
#1623 = CARTESIAN_POINT('',(1.8E+03,800.,800.));
#1624 = VECTOR('',#1625,1.);
#1625 = DIRECTION('',(0.,0.,1.));
#1626 = ORIENTED_EDGE('',*,*,#1627,.F.);
#1627 = EDGE_CURVE('',#1604,#1620,#1628,.T.);
#1628 = LINE('',#1629,#1630);
#1629 = CARTESIAN_POINT('',(1.8E+03,0.,850.));
#1630 = VECTOR('',#1631,1.);
#1631 = DIRECTION('',(-0.,1.,0.));
#1632 = PLANE('',#1633);
#1633 = AXIS2_PLACEMENT_3D('',#1634,#1635,#1636);
#1634 = CARTESIAN_POINT('',(1.8E+03,0.,800.));
#1635 = DIRECTION('',(1.,0.,-0.));
#1636 = DIRECTION('',(0.,0.,1.));
#1637 = ADVANCED_FACE('',(#1638),#1654,.F.);
#1638 = FACE_BOUND('',#1639,.F.);
#1639 = EDGE_LOOP('',(#1640,#1646,#1647,#1653));
#1640 = ORIENTED_EDGE('',*,*,#1641,.F.);
#1641 = EDGE_CURVE('',#1562,#1602,#1642,.T.);
#1642 = LINE('',#1643,#1644);
#1643 = CARTESIAN_POINT('',(1.75E+03,0.,800.));
#1644 = VECTOR('',#1645,1.);
#1645 = DIRECTION('',(1.,0.,-0.));
#1646 = ORIENTED_EDGE('',*,*,#1561,.T.);
#1647 = ORIENTED_EDGE('',*,*,#1648,.T.);
#1648 = EDGE_CURVE('',#1564,#1604,#1649,.T.);
#1649 = LINE('',#1650,#1651);
#1650 = CARTESIAN_POINT('',(1.75E+03,0.,850.));
#1651 = VECTOR('',#1652,1.);
#1652 = DIRECTION('',(1.,0.,-0.));
#1653 = ORIENTED_EDGE('',*,*,#1601,.F.);
#1654 = PLANE('',#1655);
#1655 = AXIS2_PLACEMENT_3D('',#1656,#1657,#1658);
#1656 = CARTESIAN_POINT('',(1.75E+03,0.,800.));
#1657 = DIRECTION('',(-0.,1.,0.));
#1658 = DIRECTION('',(0.,0.,1.));
#1659 = ADVANCED_FACE('',(#1660),#1676,.T.);
#1660 = FACE_BOUND('',#1661,.T.);
#1661 = EDGE_LOOP('',(#1662,#1668,#1669,#1675));
#1662 = ORIENTED_EDGE('',*,*,#1663,.F.);
#1663 = EDGE_CURVE('',#1572,#1612,#1664,.T.);
#1664 = LINE('',#1665,#1666);
#1665 = CARTESIAN_POINT('',(1.75E+03,800.,800.));
#1666 = VECTOR('',#1667,1.);
#1667 = DIRECTION('',(1.,0.,-0.));
#1668 = ORIENTED_EDGE('',*,*,#1579,.T.);
#1669 = ORIENTED_EDGE('',*,*,#1670,.T.);
#1670 = EDGE_CURVE('',#1580,#1620,#1671,.T.);
#1671 = LINE('',#1672,#1673);
#1672 = CARTESIAN_POINT('',(1.75E+03,800.,850.));
#1673 = VECTOR('',#1674,1.);
#1674 = DIRECTION('',(1.,0.,-0.));
#1675 = ORIENTED_EDGE('',*,*,#1619,.F.);
#1676 = PLANE('',#1677);
#1677 = AXIS2_PLACEMENT_3D('',#1678,#1679,#1680);
#1678 = CARTESIAN_POINT('',(1.75E+03,800.,800.));
#1679 = DIRECTION('',(-0.,1.,0.));
#1680 = DIRECTION('',(0.,0.,1.));
#1681 = ADVANCED_FACE('',(#1682),#1688,.F.);
#1682 = FACE_BOUND('',#1683,.F.);
#1683 = EDGE_LOOP('',(#1684,#1685,#1686,#1687));
#1684 = ORIENTED_EDGE('',*,*,#1571,.F.);
#1685 = ORIENTED_EDGE('',*,*,#1641,.T.);
#1686 = ORIENTED_EDGE('',*,*,#1611,.T.);
#1687 = ORIENTED_EDGE('',*,*,#1663,.F.);
#1688 = PLANE('',#1689);
#1689 = AXIS2_PLACEMENT_3D('',#1690,#1691,#1692);
#1690 = CARTESIAN_POINT('',(1.75E+03,0.,800.));
#1691 = DIRECTION('',(0.,0.,1.));
#1692 = DIRECTION('',(1.,0.,-0.));
#1693 = ADVANCED_FACE('',(#1694),#1700,.T.);
#1694 = FACE_BOUND('',#1695,.T.);
#1695 = EDGE_LOOP('',(#1696,#1697,#1698,#1699));
#1696 = ORIENTED_EDGE('',*,*,#1587,.F.);
#1697 = ORIENTED_EDGE('',*,*,#1648,.T.);
#1698 = ORIENTED_EDGE('',*,*,#1627,.T.);
#1699 = ORIENTED_EDGE('',*,*,#1670,.F.);
#1700 = PLANE('',#1701);
#1701 = AXIS2_PLACEMENT_3D('',#1702,#1703,#1704);
#1702 = CARTESIAN_POINT('',(1.75E+03,0.,850.));
#1703 = DIRECTION('',(0.,0.,1.));
#1704 = DIRECTION('',(1.,0.,-0.));
#1705 = MANIFOLD_SOLID_BREP('',#1706);
#1706 = CLOSED_SHELL('',(#1707,#1747,#1787,#1809,#1831,#1843));
#1707 = ADVANCED_FACE('',(#1708),#1742,.F.);
#1708 = FACE_BOUND('',#1709,.F.);
#1709 = EDGE_LOOP('',(#1710,#1720,#1728,#1736));
#1710 = ORIENTED_EDGE('',*,*,#1711,.F.);
#1711 = EDGE_CURVE('',#1712,#1714,#1716,.T.);
#1712 = VERTEX_POINT('',#1713);
#1713 = CARTESIAN_POINT('',(0.,0.,100.));
#1714 = VERTEX_POINT('',#1715);
#1715 = CARTESIAN_POINT('',(0.,0.,150.));
#1716 = LINE('',#1717,#1718);
#1717 = CARTESIAN_POINT('',(0.,0.,100.));
#1718 = VECTOR('',#1719,1.);
#1719 = DIRECTION('',(0.,0.,1.));
#1720 = ORIENTED_EDGE('',*,*,#1721,.T.);
#1721 = EDGE_CURVE('',#1712,#1722,#1724,.T.);
#1722 = VERTEX_POINT('',#1723);
#1723 = CARTESIAN_POINT('',(0.,50.,100.));
#1724 = LINE('',#1725,#1726);
#1725 = CARTESIAN_POINT('',(0.,0.,100.));
#1726 = VECTOR('',#1727,1.);
#1727 = DIRECTION('',(-0.,1.,0.));
#1728 = ORIENTED_EDGE('',*,*,#1729,.T.);
#1729 = EDGE_CURVE('',#1722,#1730,#1732,.T.);
#1730 = VERTEX_POINT('',#1731);
#1731 = CARTESIAN_POINT('',(0.,50.,150.));
#1732 = LINE('',#1733,#1734);
#1733 = CARTESIAN_POINT('',(0.,50.,100.));
#1734 = VECTOR('',#1735,1.);
#1735 = DIRECTION('',(0.,0.,1.));
#1736 = ORIENTED_EDGE('',*,*,#1737,.F.);
#1737 = EDGE_CURVE('',#1714,#1730,#1738,.T.);
#1738 = LINE('',#1739,#1740);
#1739 = CARTESIAN_POINT('',(0.,0.,150.));
#1740 = VECTOR('',#1741,1.);
#1741 = DIRECTION('',(-0.,1.,0.));
#1742 = PLANE('',#1743);
#1743 = AXIS2_PLACEMENT_3D('',#1744,#1745,#1746);
#1744 = CARTESIAN_POINT('',(0.,0.,100.));
#1745 = DIRECTION('',(1.,0.,-0.));
#1746 = DIRECTION('',(0.,0.,1.));
#1747 = ADVANCED_FACE('',(#1748),#1782,.T.);
#1748 = FACE_BOUND('',#1749,.T.);
#1749 = EDGE_LOOP('',(#1750,#1760,#1768,#1776));
#1750 = ORIENTED_EDGE('',*,*,#1751,.F.);
#1751 = EDGE_CURVE('',#1752,#1754,#1756,.T.);
#1752 = VERTEX_POINT('',#1753);
#1753 = CARTESIAN_POINT('',(1.8E+03,0.,100.));
#1754 = VERTEX_POINT('',#1755);
#1755 = CARTESIAN_POINT('',(1.8E+03,0.,150.));
#1756 = LINE('',#1757,#1758);
#1757 = CARTESIAN_POINT('',(1.8E+03,0.,100.));
#1758 = VECTOR('',#1759,1.);
#1759 = DIRECTION('',(0.,0.,1.));
#1760 = ORIENTED_EDGE('',*,*,#1761,.T.);
#1761 = EDGE_CURVE('',#1752,#1762,#1764,.T.);
#1762 = VERTEX_POINT('',#1763);
#1763 = CARTESIAN_POINT('',(1.8E+03,50.,100.));
#1764 = LINE('',#1765,#1766);
#1765 = CARTESIAN_POINT('',(1.8E+03,0.,100.));
#1766 = VECTOR('',#1767,1.);
#1767 = DIRECTION('',(-0.,1.,0.));
#1768 = ORIENTED_EDGE('',*,*,#1769,.T.);
#1769 = EDGE_CURVE('',#1762,#1770,#1772,.T.);
#1770 = VERTEX_POINT('',#1771);
#1771 = CARTESIAN_POINT('',(1.8E+03,50.,150.));
#1772 = LINE('',#1773,#1774);
#1773 = CARTESIAN_POINT('',(1.8E+03,50.,100.));
#1774 = VECTOR('',#1775,1.);
#1775 = DIRECTION('',(0.,0.,1.));
#1776 = ORIENTED_EDGE('',*,*,#1777,.F.);
#1777 = EDGE_CURVE('',#1754,#1770,#1778,.T.);
#1778 = LINE('',#1779,#1780);
#1779 = CARTESIAN_POINT('',(1.8E+03,0.,150.));
#1780 = VECTOR('',#1781,1.);
#1781 = DIRECTION('',(-0.,1.,0.));
#1782 = PLANE('',#1783);
#1783 = AXIS2_PLACEMENT_3D('',#1784,#1785,#1786);
#1784 = CARTESIAN_POINT('',(1.8E+03,0.,100.));
#1785 = DIRECTION('',(1.,0.,-0.));
#1786 = DIRECTION('',(0.,0.,1.));
#1787 = ADVANCED_FACE('',(#1788),#1804,.F.);
#1788 = FACE_BOUND('',#1789,.F.);
#1789 = EDGE_LOOP('',(#1790,#1796,#1797,#1803));
#1790 = ORIENTED_EDGE('',*,*,#1791,.F.);
#1791 = EDGE_CURVE('',#1712,#1752,#1792,.T.);
#1792 = LINE('',#1793,#1794);
#1793 = CARTESIAN_POINT('',(0.,0.,100.));
#1794 = VECTOR('',#1795,1.);
#1795 = DIRECTION('',(1.,0.,-0.));
#1796 = ORIENTED_EDGE('',*,*,#1711,.T.);
#1797 = ORIENTED_EDGE('',*,*,#1798,.T.);
#1798 = EDGE_CURVE('',#1714,#1754,#1799,.T.);
#1799 = LINE('',#1800,#1801);
#1800 = CARTESIAN_POINT('',(0.,0.,150.));
#1801 = VECTOR('',#1802,1.);
#1802 = DIRECTION('',(1.,0.,-0.));
#1803 = ORIENTED_EDGE('',*,*,#1751,.F.);
#1804 = PLANE('',#1805);
#1805 = AXIS2_PLACEMENT_3D('',#1806,#1807,#1808);
#1806 = CARTESIAN_POINT('',(0.,0.,100.));
#1807 = DIRECTION('',(-0.,1.,0.));
#1808 = DIRECTION('',(0.,0.,1.));
#1809 = ADVANCED_FACE('',(#1810),#1826,.T.);
#1810 = FACE_BOUND('',#1811,.T.);
#1811 = EDGE_LOOP('',(#1812,#1818,#1819,#1825));
#1812 = ORIENTED_EDGE('',*,*,#1813,.F.);
#1813 = EDGE_CURVE('',#1722,#1762,#1814,.T.);
#1814 = LINE('',#1815,#1816);
#1815 = CARTESIAN_POINT('',(0.,50.,100.));
#1816 = VECTOR('',#1817,1.);
#1817 = DIRECTION('',(1.,0.,-0.));
#1818 = ORIENTED_EDGE('',*,*,#1729,.T.);
#1819 = ORIENTED_EDGE('',*,*,#1820,.T.);
#1820 = EDGE_CURVE('',#1730,#1770,#1821,.T.);
#1821 = LINE('',#1822,#1823);
#1822 = CARTESIAN_POINT('',(0.,50.,150.));
#1823 = VECTOR('',#1824,1.);
#1824 = DIRECTION('',(1.,0.,-0.));
#1825 = ORIENTED_EDGE('',*,*,#1769,.F.);
#1826 = PLANE('',#1827);
#1827 = AXIS2_PLACEMENT_3D('',#1828,#1829,#1830);
#1828 = CARTESIAN_POINT('',(0.,50.,100.));
#1829 = DIRECTION('',(-0.,1.,0.));
#1830 = DIRECTION('',(0.,0.,1.));
#1831 = ADVANCED_FACE('',(#1832),#1838,.F.);
#1832 = FACE_BOUND('',#1833,.F.);
#1833 = EDGE_LOOP('',(#1834,#1835,#1836,#1837));
#1834 = ORIENTED_EDGE('',*,*,#1721,.F.);
#1835 = ORIENTED_EDGE('',*,*,#1791,.T.);
#1836 = ORIENTED_EDGE('',*,*,#1761,.T.);
#1837 = ORIENTED_EDGE('',*,*,#1813,.F.);
#1838 = PLANE('',#1839);
#1839 = AXIS2_PLACEMENT_3D('',#1840,#1841,#1842);
#1840 = CARTESIAN_POINT('',(0.,0.,100.));
#1841 = DIRECTION('',(0.,0.,1.));
#1842 = DIRECTION('',(1.,0.,-0.));
#1843 = ADVANCED_FACE('',(#1844),#1850,.T.);
#1844 = FACE_BOUND('',#1845,.T.);
#1845 = EDGE_LOOP('',(#1846,#1847,#1848,#1849));
#1846 = ORIENTED_EDGE('',*,*,#1737,.F.);
#1847 = ORIENTED_EDGE('',*,*,#1798,.T.);
#1848 = ORIENTED_EDGE('',*,*,#1777,.T.);
#1849 = ORIENTED_EDGE('',*,*,#1820,.F.);
#1850 = PLANE('',#1851);
#1851 = AXIS2_PLACEMENT_3D('',#1852,#1853,#1854);
#1852 = CARTESIAN_POINT('',(0.,0.,150.));
#1853 = DIRECTION('',(0.,0.,1.));
#1854 = DIRECTION('',(1.,0.,-0.));
#1855 = MANIFOLD_SOLID_BREP('',#1856);
#1856 = CLOSED_SHELL('',(#1857,#1897,#1937,#1959,#1981,#1993));
#1857 = ADVANCED_FACE('',(#1858),#1892,.F.);
#1858 = FACE_BOUND('',#1859,.F.);
#1859 = EDGE_LOOP('',(#1860,#1870,#1878,#1886));
#1860 = ORIENTED_EDGE('',*,*,#1861,.F.);
#1861 = EDGE_CURVE('',#1862,#1864,#1866,.T.);
#1862 = VERTEX_POINT('',#1863);
#1863 = CARTESIAN_POINT('',(0.,750.,100.));
#1864 = VERTEX_POINT('',#1865);
#1865 = CARTESIAN_POINT('',(0.,750.,150.));
#1866 = LINE('',#1867,#1868);
#1867 = CARTESIAN_POINT('',(0.,750.,100.));
#1868 = VECTOR('',#1869,1.);
#1869 = DIRECTION('',(0.,0.,1.));
#1870 = ORIENTED_EDGE('',*,*,#1871,.T.);
#1871 = EDGE_CURVE('',#1862,#1872,#1874,.T.);
#1872 = VERTEX_POINT('',#1873);
#1873 = CARTESIAN_POINT('',(0.,800.,100.));
#1874 = LINE('',#1875,#1876);
#1875 = CARTESIAN_POINT('',(0.,750.,100.));
#1876 = VECTOR('',#1877,1.);
#1877 = DIRECTION('',(-0.,1.,0.));
#1878 = ORIENTED_EDGE('',*,*,#1879,.T.);
#1879 = EDGE_CURVE('',#1872,#1880,#1882,.T.);
#1880 = VERTEX_POINT('',#1881);
#1881 = CARTESIAN_POINT('',(0.,800.,150.));
#1882 = LINE('',#1883,#1884);
#1883 = CARTESIAN_POINT('',(0.,800.,100.));
#1884 = VECTOR('',#1885,1.);
#1885 = DIRECTION('',(0.,0.,1.));
#1886 = ORIENTED_EDGE('',*,*,#1887,.F.);
#1887 = EDGE_CURVE('',#1864,#1880,#1888,.T.);
#1888 = LINE('',#1889,#1890);
#1889 = CARTESIAN_POINT('',(0.,750.,150.));
#1890 = VECTOR('',#1891,1.);
#1891 = DIRECTION('',(-0.,1.,0.));
#1892 = PLANE('',#1893);
#1893 = AXIS2_PLACEMENT_3D('',#1894,#1895,#1896);
#1894 = CARTESIAN_POINT('',(0.,750.,100.));
#1895 = DIRECTION('',(1.,0.,-0.));
#1896 = DIRECTION('',(0.,0.,1.));
#1897 = ADVANCED_FACE('',(#1898),#1932,.T.);
#1898 = FACE_BOUND('',#1899,.T.);
#1899 = EDGE_LOOP('',(#1900,#1910,#1918,#1926));
#1900 = ORIENTED_EDGE('',*,*,#1901,.F.);
#1901 = EDGE_CURVE('',#1902,#1904,#1906,.T.);
#1902 = VERTEX_POINT('',#1903);
#1903 = CARTESIAN_POINT('',(1.8E+03,750.,100.));
#1904 = VERTEX_POINT('',#1905);
#1905 = CARTESIAN_POINT('',(1.8E+03,750.,150.));
#1906 = LINE('',#1907,#1908);
#1907 = CARTESIAN_POINT('',(1.8E+03,750.,100.));
#1908 = VECTOR('',#1909,1.);
#1909 = DIRECTION('',(0.,0.,1.));
#1910 = ORIENTED_EDGE('',*,*,#1911,.T.);
#1911 = EDGE_CURVE('',#1902,#1912,#1914,.T.);
#1912 = VERTEX_POINT('',#1913);
#1913 = CARTESIAN_POINT('',(1.8E+03,800.,100.));
#1914 = LINE('',#1915,#1916);
#1915 = CARTESIAN_POINT('',(1.8E+03,750.,100.));
#1916 = VECTOR('',#1917,1.);
#1917 = DIRECTION('',(-0.,1.,0.));
#1918 = ORIENTED_EDGE('',*,*,#1919,.T.);
#1919 = EDGE_CURVE('',#1912,#1920,#1922,.T.);
#1920 = VERTEX_POINT('',#1921);
#1921 = CARTESIAN_POINT('',(1.8E+03,800.,150.));
#1922 = LINE('',#1923,#1924);
#1923 = CARTESIAN_POINT('',(1.8E+03,800.,100.));
#1924 = VECTOR('',#1925,1.);
#1925 = DIRECTION('',(0.,0.,1.));
#1926 = ORIENTED_EDGE('',*,*,#1927,.F.);
#1927 = EDGE_CURVE('',#1904,#1920,#1928,.T.);
#1928 = LINE('',#1929,#1930);
#1929 = CARTESIAN_POINT('',(1.8E+03,750.,150.));
#1930 = VECTOR('',#1931,1.);
#1931 = DIRECTION('',(-0.,1.,0.));
#1932 = PLANE('',#1933);
#1933 = AXIS2_PLACEMENT_3D('',#1934,#1935,#1936);
#1934 = CARTESIAN_POINT('',(1.8E+03,750.,100.));
#1935 = DIRECTION('',(1.,0.,-0.));
#1936 = DIRECTION('',(0.,0.,1.));
#1937 = ADVANCED_FACE('',(#1938),#1954,.F.);
#1938 = FACE_BOUND('',#1939,.F.);
#1939 = EDGE_LOOP('',(#1940,#1946,#1947,#1953));
#1940 = ORIENTED_EDGE('',*,*,#1941,.F.);
#1941 = EDGE_CURVE('',#1862,#1902,#1942,.T.);
#1942 = LINE('',#1943,#1944);
#1943 = CARTESIAN_POINT('',(0.,750.,100.));
#1944 = VECTOR('',#1945,1.);
#1945 = DIRECTION('',(1.,0.,-0.));
#1946 = ORIENTED_EDGE('',*,*,#1861,.T.);
#1947 = ORIENTED_EDGE('',*,*,#1948,.T.);
#1948 = EDGE_CURVE('',#1864,#1904,#1949,.T.);
#1949 = LINE('',#1950,#1951);
#1950 = CARTESIAN_POINT('',(0.,750.,150.));
#1951 = VECTOR('',#1952,1.);
#1952 = DIRECTION('',(1.,0.,-0.));
#1953 = ORIENTED_EDGE('',*,*,#1901,.F.);
#1954 = PLANE('',#1955);
#1955 = AXIS2_PLACEMENT_3D('',#1956,#1957,#1958);
#1956 = CARTESIAN_POINT('',(0.,750.,100.));
#1957 = DIRECTION('',(-0.,1.,0.));
#1958 = DIRECTION('',(0.,0.,1.));
#1959 = ADVANCED_FACE('',(#1960),#1976,.T.);
#1960 = FACE_BOUND('',#1961,.T.);
#1961 = EDGE_LOOP('',(#1962,#1968,#1969,#1975));
#1962 = ORIENTED_EDGE('',*,*,#1963,.F.);
#1963 = EDGE_CURVE('',#1872,#1912,#1964,.T.);
#1964 = LINE('',#1965,#1966);
#1965 = CARTESIAN_POINT('',(0.,800.,100.));
#1966 = VECTOR('',#1967,1.);
#1967 = DIRECTION('',(1.,0.,-0.));
#1968 = ORIENTED_EDGE('',*,*,#1879,.T.);
#1969 = ORIENTED_EDGE('',*,*,#1970,.T.);
#1970 = EDGE_CURVE('',#1880,#1920,#1971,.T.);
#1971 = LINE('',#1972,#1973);
#1972 = CARTESIAN_POINT('',(0.,800.,150.));
#1973 = VECTOR('',#1974,1.);
#1974 = DIRECTION('',(1.,0.,-0.));
#1975 = ORIENTED_EDGE('',*,*,#1919,.F.);
#1976 = PLANE('',#1977);
#1977 = AXIS2_PLACEMENT_3D('',#1978,#1979,#1980);
#1978 = CARTESIAN_POINT('',(0.,800.,100.));
#1979 = DIRECTION('',(-0.,1.,0.));
#1980 = DIRECTION('',(0.,0.,1.));
#1981 = ADVANCED_FACE('',(#1982),#1988,.F.);
#1982 = FACE_BOUND('',#1983,.F.);
#1983 = EDGE_LOOP('',(#1984,#1985,#1986,#1987));
#1984 = ORIENTED_EDGE('',*,*,#1871,.F.);
#1985 = ORIENTED_EDGE('',*,*,#1941,.T.);
#1986 = ORIENTED_EDGE('',*,*,#1911,.T.);
#1987 = ORIENTED_EDGE('',*,*,#1963,.F.);
#1988 = PLANE('',#1989);
#1989 = AXIS2_PLACEMENT_3D('',#1990,#1991,#1992);
#1990 = CARTESIAN_POINT('',(0.,750.,100.));
#1991 = DIRECTION('',(0.,0.,1.));
#1992 = DIRECTION('',(1.,0.,-0.));
#1993 = ADVANCED_FACE('',(#1994),#2000,.T.);
#1994 = FACE_BOUND('',#1995,.T.);
#1995 = EDGE_LOOP('',(#1996,#1997,#1998,#1999));
#1996 = ORIENTED_EDGE('',*,*,#1887,.F.);
#1997 = ORIENTED_EDGE('',*,*,#1948,.T.);
#1998 = ORIENTED_EDGE('',*,*,#1927,.T.);
#1999 = ORIENTED_EDGE('',*,*,#1970,.F.);
#2000 = PLANE('',#2001);
#2001 = AXIS2_PLACEMENT_3D('',#2002,#2003,#2004);
#2002 = CARTESIAN_POINT('',(0.,750.,150.));
#2003 = DIRECTION('',(0.,0.,1.));
#2004 = DIRECTION('',(1.,0.,-0.));
#2005 = MANIFOLD_SOLID_BREP('',#2006);
#2006 = CLOSED_SHELL('',(#2007,#2047,#2087,#2109,#2131,#2143));
#2007 = ADVANCED_FACE('',(#2008),#2042,.F.);
#2008 = FACE_BOUND('',#2009,.F.);
#2009 = EDGE_LOOP('',(#2010,#2020,#2028,#2036));
#2010 = ORIENTED_EDGE('',*,*,#2011,.F.);
#2011 = EDGE_CURVE('',#2012,#2014,#2016,.T.);
#2012 = VERTEX_POINT('',#2013);
#2013 = CARTESIAN_POINT('',(0.,0.,100.));
#2014 = VERTEX_POINT('',#2015);
#2015 = CARTESIAN_POINT('',(0.,0.,150.));
#2016 = LINE('',#2017,#2018);
#2017 = CARTESIAN_POINT('',(0.,0.,100.));
#2018 = VECTOR('',#2019,1.);
#2019 = DIRECTION('',(0.,0.,1.));
#2020 = ORIENTED_EDGE('',*,*,#2021,.T.);
#2021 = EDGE_CURVE('',#2012,#2022,#2024,.T.);
#2022 = VERTEX_POINT('',#2023);
#2023 = CARTESIAN_POINT('',(0.,800.,100.));
#2024 = LINE('',#2025,#2026);
#2025 = CARTESIAN_POINT('',(0.,0.,100.));
#2026 = VECTOR('',#2027,1.);
#2027 = DIRECTION('',(-0.,1.,0.));
#2028 = ORIENTED_EDGE('',*,*,#2029,.T.);
#2029 = EDGE_CURVE('',#2022,#2030,#2032,.T.);
#2030 = VERTEX_POINT('',#2031);
#2031 = CARTESIAN_POINT('',(0.,800.,150.));
#2032 = LINE('',#2033,#2034);
#2033 = CARTESIAN_POINT('',(0.,800.,100.));
#2034 = VECTOR('',#2035,1.);
#2035 = DIRECTION('',(0.,0.,1.));
#2036 = ORIENTED_EDGE('',*,*,#2037,.F.);
#2037 = EDGE_CURVE('',#2014,#2030,#2038,.T.);
#2038 = LINE('',#2039,#2040);
#2039 = CARTESIAN_POINT('',(0.,0.,150.));
#2040 = VECTOR('',#2041,1.);
#2041 = DIRECTION('',(-0.,1.,0.));
#2042 = PLANE('',#2043);
#2043 = AXIS2_PLACEMENT_3D('',#2044,#2045,#2046);
#2044 = CARTESIAN_POINT('',(0.,0.,100.));
#2045 = DIRECTION('',(1.,0.,-0.));
#2046 = DIRECTION('',(0.,0.,1.));
#2047 = ADVANCED_FACE('',(#2048),#2082,.T.);
#2048 = FACE_BOUND('',#2049,.T.);
#2049 = EDGE_LOOP('',(#2050,#2060,#2068,#2076));
#2050 = ORIENTED_EDGE('',*,*,#2051,.F.);
#2051 = EDGE_CURVE('',#2052,#2054,#2056,.T.);
#2052 = VERTEX_POINT('',#2053);
#2053 = CARTESIAN_POINT('',(50.,0.,100.));
#2054 = VERTEX_POINT('',#2055);
#2055 = CARTESIAN_POINT('',(50.,0.,150.));
#2056 = LINE('',#2057,#2058);
#2057 = CARTESIAN_POINT('',(50.,0.,100.));
#2058 = VECTOR('',#2059,1.);
#2059 = DIRECTION('',(0.,0.,1.));
#2060 = ORIENTED_EDGE('',*,*,#2061,.T.);
#2061 = EDGE_CURVE('',#2052,#2062,#2064,.T.);
#2062 = VERTEX_POINT('',#2063);
#2063 = CARTESIAN_POINT('',(50.,800.,100.));
#2064 = LINE('',#2065,#2066);
#2065 = CARTESIAN_POINT('',(50.,0.,100.));
#2066 = VECTOR('',#2067,1.);
#2067 = DIRECTION('',(-0.,1.,0.));
#2068 = ORIENTED_EDGE('',*,*,#2069,.T.);
#2069 = EDGE_CURVE('',#2062,#2070,#2072,.T.);
#2070 = VERTEX_POINT('',#2071);
#2071 = CARTESIAN_POINT('',(50.,800.,150.));
#2072 = LINE('',#2073,#2074);
#2073 = CARTESIAN_POINT('',(50.,800.,100.));
#2074 = VECTOR('',#2075,1.);
#2075 = DIRECTION('',(0.,0.,1.));
#2076 = ORIENTED_EDGE('',*,*,#2077,.F.);
#2077 = EDGE_CURVE('',#2054,#2070,#2078,.T.);
#2078 = LINE('',#2079,#2080);
#2079 = CARTESIAN_POINT('',(50.,0.,150.));
#2080 = VECTOR('',#2081,1.);
#2081 = DIRECTION('',(-0.,1.,0.));
#2082 = PLANE('',#2083);
#2083 = AXIS2_PLACEMENT_3D('',#2084,#2085,#2086);
#2084 = CARTESIAN_POINT('',(50.,0.,100.));
#2085 = DIRECTION('',(1.,0.,-0.));
#2086 = DIRECTION('',(0.,0.,1.));
#2087 = ADVANCED_FACE('',(#2088),#2104,.F.);
#2088 = FACE_BOUND('',#2089,.F.);
#2089 = EDGE_LOOP('',(#2090,#2096,#2097,#2103));
#2090 = ORIENTED_EDGE('',*,*,#2091,.F.);
#2091 = EDGE_CURVE('',#2012,#2052,#2092,.T.);
#2092 = LINE('',#2093,#2094);
#2093 = CARTESIAN_POINT('',(0.,0.,100.));
#2094 = VECTOR('',#2095,1.);
#2095 = DIRECTION('',(1.,0.,-0.));
#2096 = ORIENTED_EDGE('',*,*,#2011,.T.);
#2097 = ORIENTED_EDGE('',*,*,#2098,.T.);
#2098 = EDGE_CURVE('',#2014,#2054,#2099,.T.);
#2099 = LINE('',#2100,#2101);
#2100 = CARTESIAN_POINT('',(0.,0.,150.));
#2101 = VECTOR('',#2102,1.);
#2102 = DIRECTION('',(1.,0.,-0.));
#2103 = ORIENTED_EDGE('',*,*,#2051,.F.);
#2104 = PLANE('',#2105);
#2105 = AXIS2_PLACEMENT_3D('',#2106,#2107,#2108);
#2106 = CARTESIAN_POINT('',(0.,0.,100.));
#2107 = DIRECTION('',(-0.,1.,0.));
#2108 = DIRECTION('',(0.,0.,1.));
#2109 = ADVANCED_FACE('',(#2110),#2126,.T.);
#2110 = FACE_BOUND('',#2111,.T.);
#2111 = EDGE_LOOP('',(#2112,#2118,#2119,#2125));
#2112 = ORIENTED_EDGE('',*,*,#2113,.F.);
#2113 = EDGE_CURVE('',#2022,#2062,#2114,.T.);
#2114 = LINE('',#2115,#2116);
#2115 = CARTESIAN_POINT('',(0.,800.,100.));
#2116 = VECTOR('',#2117,1.);
#2117 = DIRECTION('',(1.,0.,-0.));
#2118 = ORIENTED_EDGE('',*,*,#2029,.T.);
#2119 = ORIENTED_EDGE('',*,*,#2120,.T.);
#2120 = EDGE_CURVE('',#2030,#2070,#2121,.T.);
#2121 = LINE('',#2122,#2123);
#2122 = CARTESIAN_POINT('',(0.,800.,150.));
#2123 = VECTOR('',#2124,1.);
#2124 = DIRECTION('',(1.,0.,-0.));
#2125 = ORIENTED_EDGE('',*,*,#2069,.F.);
#2126 = PLANE('',#2127);
#2127 = AXIS2_PLACEMENT_3D('',#2128,#2129,#2130);
#2128 = CARTESIAN_POINT('',(0.,800.,100.));
#2129 = DIRECTION('',(-0.,1.,0.));
#2130 = DIRECTION('',(0.,0.,1.));
#2131 = ADVANCED_FACE('',(#2132),#2138,.F.);
#2132 = FACE_BOUND('',#2133,.F.);
#2133 = EDGE_LOOP('',(#2134,#2135,#2136,#2137));
#2134 = ORIENTED_EDGE('',*,*,#2021,.F.);
#2135 = ORIENTED_EDGE('',*,*,#2091,.T.);
#2136 = ORIENTED_EDGE('',*,*,#2061,.T.);
#2137 = ORIENTED_EDGE('',*,*,#2113,.F.);
#2138 = PLANE('',#2139);
#2139 = AXIS2_PLACEMENT_3D('',#2140,#2141,#2142);
#2140 = CARTESIAN_POINT('',(0.,0.,100.));
#2141 = DIRECTION('',(0.,0.,1.));
#2142 = DIRECTION('',(1.,0.,-0.));
#2143 = ADVANCED_FACE('',(#2144),#2150,.T.);
#2144 = FACE_BOUND('',#2145,.T.);
#2145 = EDGE_LOOP('',(#2146,#2147,#2148,#2149));
#2146 = ORIENTED_EDGE('',*,*,#2037,.F.);
#2147 = ORIENTED_EDGE('',*,*,#2098,.T.);
#2148 = ORIENTED_EDGE('',*,*,#2077,.T.);
#2149 = ORIENTED_EDGE('',*,*,#2120,.F.);
#2150 = PLANE('',#2151);
#2151 = AXIS2_PLACEMENT_3D('',#2152,#2153,#2154);
#2152 = CARTESIAN_POINT('',(0.,0.,150.));
#2153 = DIRECTION('',(0.,0.,1.));
#2154 = DIRECTION('',(1.,0.,-0.));
#2155 = MANIFOLD_SOLID_BREP('',#2156);
#2156 = CLOSED_SHELL('',(#2157,#2197,#2237,#2259,#2281,#2293));
#2157 = ADVANCED_FACE('',(#2158),#2192,.F.);
#2158 = FACE_BOUND('',#2159,.F.);
#2159 = EDGE_LOOP('',(#2160,#2170,#2178,#2186));
#2160 = ORIENTED_EDGE('',*,*,#2161,.F.);
#2161 = EDGE_CURVE('',#2162,#2164,#2166,.T.);
#2162 = VERTEX_POINT('',#2163);
#2163 = CARTESIAN_POINT('',(1.75E+03,0.,100.));
#2164 = VERTEX_POINT('',#2165);
#2165 = CARTESIAN_POINT('',(1.75E+03,0.,150.));
#2166 = LINE('',#2167,#2168);
#2167 = CARTESIAN_POINT('',(1.75E+03,0.,100.));
#2168 = VECTOR('',#2169,1.);
#2169 = DIRECTION('',(0.,0.,1.));
#2170 = ORIENTED_EDGE('',*,*,#2171,.T.);
#2171 = EDGE_CURVE('',#2162,#2172,#2174,.T.);
#2172 = VERTEX_POINT('',#2173);
#2173 = CARTESIAN_POINT('',(1.75E+03,800.,100.));
#2174 = LINE('',#2175,#2176);
#2175 = CARTESIAN_POINT('',(1.75E+03,0.,100.));
#2176 = VECTOR('',#2177,1.);
#2177 = DIRECTION('',(-0.,1.,0.));
#2178 = ORIENTED_EDGE('',*,*,#2179,.T.);
#2179 = EDGE_CURVE('',#2172,#2180,#2182,.T.);
#2180 = VERTEX_POINT('',#2181);
#2181 = CARTESIAN_POINT('',(1.75E+03,800.,150.));
#2182 = LINE('',#2183,#2184);
#2183 = CARTESIAN_POINT('',(1.75E+03,800.,100.));
#2184 = VECTOR('',#2185,1.);
#2185 = DIRECTION('',(0.,0.,1.));
#2186 = ORIENTED_EDGE('',*,*,#2187,.F.);
#2187 = EDGE_CURVE('',#2164,#2180,#2188,.T.);
#2188 = LINE('',#2189,#2190);
#2189 = CARTESIAN_POINT('',(1.75E+03,0.,150.));
#2190 = VECTOR('',#2191,1.);
#2191 = DIRECTION('',(-0.,1.,0.));
#2192 = PLANE('',#2193);
#2193 = AXIS2_PLACEMENT_3D('',#2194,#2195,#2196);
#2194 = CARTESIAN_POINT('',(1.75E+03,0.,100.));
#2195 = DIRECTION('',(1.,0.,-0.));
#2196 = DIRECTION('',(0.,0.,1.));
#2197 = ADVANCED_FACE('',(#2198),#2232,.T.);
#2198 = FACE_BOUND('',#2199,.T.);
#2199 = EDGE_LOOP('',(#2200,#2210,#2218,#2226));
#2200 = ORIENTED_EDGE('',*,*,#2201,.F.);
#2201 = EDGE_CURVE('',#2202,#2204,#2206,.T.);
#2202 = VERTEX_POINT('',#2203);
#2203 = CARTESIAN_POINT('',(1.8E+03,0.,100.));
#2204 = VERTEX_POINT('',#2205);
#2205 = CARTESIAN_POINT('',(1.8E+03,0.,150.));
#2206 = LINE('',#2207,#2208);
#2207 = CARTESIAN_POINT('',(1.8E+03,0.,100.));
#2208 = VECTOR('',#2209,1.);
#2209 = DIRECTION('',(0.,0.,1.));
#2210 = ORIENTED_EDGE('',*,*,#2211,.T.);
#2211 = EDGE_CURVE('',#2202,#2212,#2214,.T.);
#2212 = VERTEX_POINT('',#2213);
#2213 = CARTESIAN_POINT('',(1.8E+03,800.,100.));
#2214 = LINE('',#2215,#2216);
#2215 = CARTESIAN_POINT('',(1.8E+03,0.,100.));
#2216 = VECTOR('',#2217,1.);
#2217 = DIRECTION('',(-0.,1.,0.));
#2218 = ORIENTED_EDGE('',*,*,#2219,.T.);
#2219 = EDGE_CURVE('',#2212,#2220,#2222,.T.);
#2220 = VERTEX_POINT('',#2221);
#2221 = CARTESIAN_POINT('',(1.8E+03,800.,150.));
#2222 = LINE('',#2223,#2224);
#2223 = CARTESIAN_POINT('',(1.8E+03,800.,100.));
#2224 = VECTOR('',#2225,1.);
#2225 = DIRECTION('',(0.,0.,1.));
#2226 = ORIENTED_EDGE('',*,*,#2227,.F.);
#2227 = EDGE_CURVE('',#2204,#2220,#2228,.T.);
#2228 = LINE('',#2229,#2230);
#2229 = CARTESIAN_POINT('',(1.8E+03,0.,150.));
#2230 = VECTOR('',#2231,1.);
#2231 = DIRECTION('',(-0.,1.,0.));
#2232 = PLANE('',#2233);
#2233 = AXIS2_PLACEMENT_3D('',#2234,#2235,#2236);
#2234 = CARTESIAN_POINT('',(1.8E+03,0.,100.));
#2235 = DIRECTION('',(1.,0.,-0.));
#2236 = DIRECTION('',(0.,0.,1.));
#2237 = ADVANCED_FACE('',(#2238),#2254,.F.);
#2238 = FACE_BOUND('',#2239,.F.);
#2239 = EDGE_LOOP('',(#2240,#2246,#2247,#2253));
#2240 = ORIENTED_EDGE('',*,*,#2241,.F.);
#2241 = EDGE_CURVE('',#2162,#2202,#2242,.T.);
#2242 = LINE('',#2243,#2244);
#2243 = CARTESIAN_POINT('',(1.75E+03,0.,100.));
#2244 = VECTOR('',#2245,1.);
#2245 = DIRECTION('',(1.,0.,-0.));
#2246 = ORIENTED_EDGE('',*,*,#2161,.T.);
#2247 = ORIENTED_EDGE('',*,*,#2248,.T.);
#2248 = EDGE_CURVE('',#2164,#2204,#2249,.T.);
#2249 = LINE('',#2250,#2251);
#2250 = CARTESIAN_POINT('',(1.75E+03,0.,150.));
#2251 = VECTOR('',#2252,1.);
#2252 = DIRECTION('',(1.,0.,-0.));
#2253 = ORIENTED_EDGE('',*,*,#2201,.F.);
#2254 = PLANE('',#2255);
#2255 = AXIS2_PLACEMENT_3D('',#2256,#2257,#2258);
#2256 = CARTESIAN_POINT('',(1.75E+03,0.,100.));
#2257 = DIRECTION('',(-0.,1.,0.));
#2258 = DIRECTION('',(0.,0.,1.));
#2259 = ADVANCED_FACE('',(#2260),#2276,.T.);
#2260 = FACE_BOUND('',#2261,.T.);
#2261 = EDGE_LOOP('',(#2262,#2268,#2269,#2275));
#2262 = ORIENTED_EDGE('',*,*,#2263,.F.);
#2263 = EDGE_CURVE('',#2172,#2212,#2264,.T.);
#2264 = LINE('',#2265,#2266);
#2265 = CARTESIAN_POINT('',(1.75E+03,800.,100.));
#2266 = VECTOR('',#2267,1.);
#2267 = DIRECTION('',(1.,0.,-0.));
#2268 = ORIENTED_EDGE('',*,*,#2179,.T.);
#2269 = ORIENTED_EDGE('',*,*,#2270,.T.);
#2270 = EDGE_CURVE('',#2180,#2220,#2271,.T.);
#2271 = LINE('',#2272,#2273);
#2272 = CARTESIAN_POINT('',(1.75E+03,800.,150.));
#2273 = VECTOR('',#2274,1.);
#2274 = DIRECTION('',(1.,0.,-0.));
#2275 = ORIENTED_EDGE('',*,*,#2219,.F.);
#2276 = PLANE('',#2277);
#2277 = AXIS2_PLACEMENT_3D('',#2278,#2279,#2280);
#2278 = CARTESIAN_POINT('',(1.75E+03,800.,100.));
#2279 = DIRECTION('',(-0.,1.,0.));
#2280 = DIRECTION('',(0.,0.,1.));
#2281 = ADVANCED_FACE('',(#2282),#2288,.F.);
#2282 = FACE_BOUND('',#2283,.F.);
#2283 = EDGE_LOOP('',(#2284,#2285,#2286,#2287));
#2284 = ORIENTED_EDGE('',*,*,#2171,.F.);
#2285 = ORIENTED_EDGE('',*,*,#2241,.T.);
#2286 = ORIENTED_EDGE('',*,*,#2211,.T.);
#2287 = ORIENTED_EDGE('',*,*,#2263,.F.);
#2288 = PLANE('',#2289);
#2289 = AXIS2_PLACEMENT_3D('',#2290,#2291,#2292);
#2290 = CARTESIAN_POINT('',(1.75E+03,0.,100.));
#2291 = DIRECTION('',(0.,0.,1.));
#2292 = DIRECTION('',(1.,0.,-0.));
#2293 = ADVANCED_FACE('',(#2294),#2300,.T.);
#2294 = FACE_BOUND('',#2295,.T.);
#2295 = EDGE_LOOP('',(#2296,#2297,#2298,#2299));
#2296 = ORIENTED_EDGE('',*,*,#2187,.F.);
#2297 = ORIENTED_EDGE('',*,*,#2248,.T.);
#2298 = ORIENTED_EDGE('',*,*,#2227,.T.);
#2299 = ORIENTED_EDGE('',*,*,#2270,.F.);
#2300 = PLANE('',#2301);
#2301 = AXIS2_PLACEMENT_3D('',#2302,#2303,#2304);
#2302 = CARTESIAN_POINT('',(1.75E+03,0.,150.));
#2303 = DIRECTION('',(0.,0.,1.));
#2304 = DIRECTION('',(1.,0.,-0.));
#2305 = ( GEOMETRIC_REPRESENTATION_CONTEXT(3) 
GLOBAL_UNCERTAINTY_ASSIGNED_CONTEXT((#2309)) 
GLOBAL_UNIT_ASSIGNED_CONTEXT((#2306,#2307,#2308)) REPRESENTATION_CONTEXT
('Context #1','3D Context with UNIT and UNCERTAINTY') );
#2306 = ( LENGTH_UNIT() NAMED_UNIT(*) SI_UNIT(.MILLI.,.METRE.) );
#2307 = ( NAMED_UNIT(*) PLANE_ANGLE_UNIT() SI_UNIT($,.RADIAN.) );
#2308 = ( NAMED_UNIT(*) SI_UNIT($,.STERADIAN.) SOLID_ANGLE_UNIT() );
#2309 = UNCERTAINTY_MEASURE_WITH_UNIT(LENGTH_MEASURE(1.E-07),#2306,
  'distance_accuracy_value','confusion accuracy');
#2310 = CONTEXT_DEPENDENT_SHAPE_REPRESENTATION(#2311,#2313);
#2311 = ( REPRESENTATION_RELATIONSHIP('','',#204,#10) 
REPRESENTATION_RELATIONSHIP_WITH_TRANSFORMATION(#2312) 
SHAPE_REPRESENTATION_RELATIONSHIP() );
#2312 = ITEM_DEFINED_TRANSFORMATION('','',#11,#15);
#2313 = PRODUCT_DEFINITION_SHAPE('Placement','Placement of an item',
  #2314);
#2314 = NEXT_ASSEMBLY_USAGE_OCCURRENCE('1','41_机架','',#5,#199,$);
#2315 = PRODUCT_RELATED_PRODUCT_CATEGORY('part',$,(#201));
#2316 = SHAPE_DEFINITION_REPRESENTATION(#2317,#2323);
#2317 = PRODUCT_DEFINITION_SHAPE('','',#2318);
#2318 = PRODUCT_DEFINITION('design','',#2319,#2322);
#2319 = PRODUCT_DEFINITION_FORMATION('','',#2320);
#2320 = PRODUCT('41_底层搁板','41_底层搁板','',(#2321));
#2321 = PRODUCT_CONTEXT('',#2,'mechanical');
#2322 = PRODUCT_DEFINITION_CONTEXT('part definition',#2,'design');
#2323 = ADVANCED_BREP_SHAPE_REPRESENTATION('',(#11,#2324),#2474);
#2324 = MANIFOLD_SOLID_BREP('',#2325);
#2325 = CLOSED_SHELL('',(#2326,#2366,#2406,#2428,#2450,#2462));
#2326 = ADVANCED_FACE('',(#2327),#2361,.F.);
#2327 = FACE_BOUND('',#2328,.F.);
#2328 = EDGE_LOOP('',(#2329,#2339,#2347,#2355));
#2329 = ORIENTED_EDGE('',*,*,#2330,.F.);
#2330 = EDGE_CURVE('',#2331,#2333,#2335,.T.);
#2331 = VERTEX_POINT('',#2332);
#2332 = CARTESIAN_POINT('',(50.,50.,150.));
#2333 = VERTEX_POINT('',#2334);
#2334 = CARTESIAN_POINT('',(50.,50.,160.));
#2335 = LINE('',#2336,#2337);
#2336 = CARTESIAN_POINT('',(50.,50.,150.));
#2337 = VECTOR('',#2338,1.);
#2338 = DIRECTION('',(0.,0.,1.));
#2339 = ORIENTED_EDGE('',*,*,#2340,.T.);
#2340 = EDGE_CURVE('',#2331,#2341,#2343,.T.);
#2341 = VERTEX_POINT('',#2342);
#2342 = CARTESIAN_POINT('',(50.,750.,150.));
#2343 = LINE('',#2344,#2345);
#2344 = CARTESIAN_POINT('',(50.,50.,150.));
#2345 = VECTOR('',#2346,1.);
#2346 = DIRECTION('',(-0.,1.,0.));
#2347 = ORIENTED_EDGE('',*,*,#2348,.T.);
#2348 = EDGE_CURVE('',#2341,#2349,#2351,.T.);
#2349 = VERTEX_POINT('',#2350);
#2350 = CARTESIAN_POINT('',(50.,750.,160.));
#2351 = LINE('',#2352,#2353);
#2352 = CARTESIAN_POINT('',(50.,750.,150.));
#2353 = VECTOR('',#2354,1.);
#2354 = DIRECTION('',(0.,0.,1.));
#2355 = ORIENTED_EDGE('',*,*,#2356,.F.);
#2356 = EDGE_CURVE('',#2333,#2349,#2357,.T.);
#2357 = LINE('',#2358,#2359);
#2358 = CARTESIAN_POINT('',(50.,50.,160.));
#2359 = VECTOR('',#2360,1.);
#2360 = DIRECTION('',(-0.,1.,0.));
#2361 = PLANE('',#2362);
#2362 = AXIS2_PLACEMENT_3D('',#2363,#2364,#2365);
#2363 = CARTESIAN_POINT('',(50.,50.,150.));
#2364 = DIRECTION('',(1.,0.,-0.));
#2365 = DIRECTION('',(0.,0.,1.));
#2366 = ADVANCED_FACE('',(#2367),#2401,.T.);
#2367 = FACE_BOUND('',#2368,.T.);
#2368 = EDGE_LOOP('',(#2369,#2379,#2387,#2395));
#2369 = ORIENTED_EDGE('',*,*,#2370,.F.);
#2370 = EDGE_CURVE('',#2371,#2373,#2375,.T.);
#2371 = VERTEX_POINT('',#2372);
#2372 = CARTESIAN_POINT('',(1.75E+03,50.,150.));
#2373 = VERTEX_POINT('',#2374);
#2374 = CARTESIAN_POINT('',(1.75E+03,50.,160.));
#2375 = LINE('',#2376,#2377);
#2376 = CARTESIAN_POINT('',(1.75E+03,50.,150.));
#2377 = VECTOR('',#2378,1.);
#2378 = DIRECTION('',(0.,0.,1.));
#2379 = ORIENTED_EDGE('',*,*,#2380,.T.);
#2380 = EDGE_CURVE('',#2371,#2381,#2383,.T.);
#2381 = VERTEX_POINT('',#2382);
#2382 = CARTESIAN_POINT('',(1.75E+03,750.,150.));
#2383 = LINE('',#2384,#2385);
#2384 = CARTESIAN_POINT('',(1.75E+03,50.,150.));
#2385 = VECTOR('',#2386,1.);
#2386 = DIRECTION('',(-0.,1.,0.));
#2387 = ORIENTED_EDGE('',*,*,#2388,.T.);
#2388 = EDGE_CURVE('',#2381,#2389,#2391,.T.);
#2389 = VERTEX_POINT('',#2390);
#2390 = CARTESIAN_POINT('',(1.75E+03,750.,160.));
#2391 = LINE('',#2392,#2393);
#2392 = CARTESIAN_POINT('',(1.75E+03,750.,150.));
#2393 = VECTOR('',#2394,1.);
#2394 = DIRECTION('',(0.,0.,1.));
#2395 = ORIENTED_EDGE('',*,*,#2396,.F.);
#2396 = EDGE_CURVE('',#2373,#2389,#2397,.T.);
#2397 = LINE('',#2398,#2399);
#2398 = CARTESIAN_POINT('',(1.75E+03,50.,160.));
#2399 = VECTOR('',#2400,1.);
#2400 = DIRECTION('',(-0.,1.,0.));
#2401 = PLANE('',#2402);
#2402 = AXIS2_PLACEMENT_3D('',#2403,#2404,#2405);
#2403 = CARTESIAN_POINT('',(1.75E+03,50.,150.));
#2404 = DIRECTION('',(1.,0.,-0.));
#2405 = DIRECTION('',(0.,0.,1.));
#2406 = ADVANCED_FACE('',(#2407),#2423,.F.);
#2407 = FACE_BOUND('',#2408,.F.);
#2408 = EDGE_LOOP('',(#2409,#2415,#2416,#2422));
#2409 = ORIENTED_EDGE('',*,*,#2410,.F.);
#2410 = EDGE_CURVE('',#2331,#2371,#2411,.T.);
#2411 = LINE('',#2412,#2413);
#2412 = CARTESIAN_POINT('',(50.,50.,150.));
#2413 = VECTOR('',#2414,1.);
#2414 = DIRECTION('',(1.,0.,-0.));
#2415 = ORIENTED_EDGE('',*,*,#2330,.T.);
#2416 = ORIENTED_EDGE('',*,*,#2417,.T.);
#2417 = EDGE_CURVE('',#2333,#2373,#2418,.T.);
#2418 = LINE('',#2419,#2420);
#2419 = CARTESIAN_POINT('',(50.,50.,160.));
#2420 = VECTOR('',#2421,1.);
#2421 = DIRECTION('',(1.,0.,-0.));
#2422 = ORIENTED_EDGE('',*,*,#2370,.F.);
#2423 = PLANE('',#2424);
#2424 = AXIS2_PLACEMENT_3D('',#2425,#2426,#2427);
#2425 = CARTESIAN_POINT('',(50.,50.,150.));
#2426 = DIRECTION('',(-0.,1.,0.));
#2427 = DIRECTION('',(0.,0.,1.));
#2428 = ADVANCED_FACE('',(#2429),#2445,.T.);
#2429 = FACE_BOUND('',#2430,.T.);
#2430 = EDGE_LOOP('',(#2431,#2437,#2438,#2444));
#2431 = ORIENTED_EDGE('',*,*,#2432,.F.);
#2432 = EDGE_CURVE('',#2341,#2381,#2433,.T.);
#2433 = LINE('',#2434,#2435);
#2434 = CARTESIAN_POINT('',(50.,750.,150.));
#2435 = VECTOR('',#2436,1.);
#2436 = DIRECTION('',(1.,0.,-0.));
#2437 = ORIENTED_EDGE('',*,*,#2348,.T.);
#2438 = ORIENTED_EDGE('',*,*,#2439,.T.);
#2439 = EDGE_CURVE('',#2349,#2389,#2440,.T.);
#2440 = LINE('',#2441,#2442);
#2441 = CARTESIAN_POINT('',(50.,750.,160.));
#2442 = VECTOR('',#2443,1.);
#2443 = DIRECTION('',(1.,0.,-0.));
#2444 = ORIENTED_EDGE('',*,*,#2388,.F.);
#2445 = PLANE('',#2446);
#2446 = AXIS2_PLACEMENT_3D('',#2447,#2448,#2449);
#2447 = CARTESIAN_POINT('',(50.,750.,150.));
#2448 = DIRECTION('',(-0.,1.,0.));
#2449 = DIRECTION('',(0.,0.,1.));
#2450 = ADVANCED_FACE('',(#2451),#2457,.F.);
#2451 = FACE_BOUND('',#2452,.F.);
#2452 = EDGE_LOOP('',(#2453,#2454,#2455,#2456));
#2453 = ORIENTED_EDGE('',*,*,#2340,.F.);
#2454 = ORIENTED_EDGE('',*,*,#2410,.T.);
#2455 = ORIENTED_EDGE('',*,*,#2380,.T.);
#2456 = ORIENTED_EDGE('',*,*,#2432,.F.);
#2457 = PLANE('',#2458);
#2458 = AXIS2_PLACEMENT_3D('',#2459,#2460,#2461);
#2459 = CARTESIAN_POINT('',(50.,50.,150.));
#2460 = DIRECTION('',(0.,0.,1.));
#2461 = DIRECTION('',(1.,0.,-0.));
#2462 = ADVANCED_FACE('',(#2463),#2469,.T.);
#2463 = FACE_BOUND('',#2464,.T.);
#2464 = EDGE_LOOP('',(#2465,#2466,#2467,#2468));
#2465 = ORIENTED_EDGE('',*,*,#2356,.F.);
#2466 = ORIENTED_EDGE('',*,*,#2417,.T.);
#2467 = ORIENTED_EDGE('',*,*,#2396,.T.);
#2468 = ORIENTED_EDGE('',*,*,#2439,.F.);
#2469 = PLANE('',#2470);
#2470 = AXIS2_PLACEMENT_3D('',#2471,#2472,#2473);
#2471 = CARTESIAN_POINT('',(50.,50.,160.));
#2472 = DIRECTION('',(0.,0.,1.));
#2473 = DIRECTION('',(1.,0.,-0.));
#2474 = ( GEOMETRIC_REPRESENTATION_CONTEXT(3) 
GLOBAL_UNCERTAINTY_ASSIGNED_CONTEXT((#2478)) 
GLOBAL_UNIT_ASSIGNED_CONTEXT((#2475,#2476,#2477)) REPRESENTATION_CONTEXT
('Context #1','3D Context with UNIT and UNCERTAINTY') );
#2475 = ( LENGTH_UNIT() NAMED_UNIT(*) SI_UNIT(.MILLI.,.METRE.) );
#2476 = ( NAMED_UNIT(*) PLANE_ANGLE_UNIT() SI_UNIT($,.RADIAN.) );
#2477 = ( NAMED_UNIT(*) SI_UNIT($,.STERADIAN.) SOLID_ANGLE_UNIT() );
#2478 = UNCERTAINTY_MEASURE_WITH_UNIT(LENGTH_MEASURE(1.E-07),#2475,
  'distance_accuracy_value','confusion accuracy');
#2479 = CONTEXT_DEPENDENT_SHAPE_REPRESENTATION(#2480,#2482);
#2480 = ( REPRESENTATION_RELATIONSHIP('','',#2323,#10) 
REPRESENTATION_RELATIONSHIP_WITH_TRANSFORMATION(#2481) 
SHAPE_REPRESENTATION_RELATIONSHIP() );
#2481 = ITEM_DEFINED_TRANSFORMATION('','',#11,#19);
#2482 = PRODUCT_DEFINITION_SHAPE('Placement','Placement of an item',
  #2483);
#2483 = NEXT_ASSEMBLY_USAGE_OCCURRENCE('2','41_底层搁板','',#5,#2318
  ,$);
#2484 = PRODUCT_RELATED_PRODUCT_CATEGORY('part',$,(#2320));
#2485 = SHAPE_DEFINITION_REPRESENTATION(#2486,#2492);
#2486 = PRODUCT_DEFINITION_SHAPE('','',#2487);
#2487 = PRODUCT_DEFINITION('design','',#2488,#2491);
#2488 = PRODUCT_DEFINITION_FORMATION('','',#2489);
#2489 = PRODUCT('42_台面板','42_台面板','',(#2490));
#2490 = PRODUCT_CONTEXT('',#2,'mechanical');
#2491 = PRODUCT_DEFINITION_CONTEXT('part definition',#2,'design');
#2492 = ADVANCED_BREP_SHAPE_REPRESENTATION('',(#11,#2493),#2643);
#2493 = MANIFOLD_SOLID_BREP('',#2494);
#2494 = CLOSED_SHELL('',(#2495,#2535,#2575,#2597,#2619,#2631));
#2495 = ADVANCED_FACE('',(#2496),#2530,.F.);
#2496 = FACE_BOUND('',#2497,.F.);
#2497 = EDGE_LOOP('',(#2498,#2508,#2516,#2524));
#2498 = ORIENTED_EDGE('',*,*,#2499,.F.);
#2499 = EDGE_CURVE('',#2500,#2502,#2504,.T.);
#2500 = VERTEX_POINT('',#2501);
#2501 = CARTESIAN_POINT('',(0.,0.,850.));
#2502 = VERTEX_POINT('',#2503);
#2503 = CARTESIAN_POINT('',(0.,0.,870.));
#2504 = LINE('',#2505,#2506);
#2505 = CARTESIAN_POINT('',(0.,0.,850.));
#2506 = VECTOR('',#2507,1.);
#2507 = DIRECTION('',(0.,0.,1.));
#2508 = ORIENTED_EDGE('',*,*,#2509,.T.);
#2509 = EDGE_CURVE('',#2500,#2510,#2512,.T.);
#2510 = VERTEX_POINT('',#2511);
#2511 = CARTESIAN_POINT('',(0.,800.,850.));
#2512 = LINE('',#2513,#2514);
#2513 = CARTESIAN_POINT('',(0.,0.,850.));
#2514 = VECTOR('',#2515,1.);
#2515 = DIRECTION('',(-0.,1.,0.));
#2516 = ORIENTED_EDGE('',*,*,#2517,.T.);
#2517 = EDGE_CURVE('',#2510,#2518,#2520,.T.);
#2518 = VERTEX_POINT('',#2519);
#2519 = CARTESIAN_POINT('',(0.,800.,870.));
#2520 = LINE('',#2521,#2522);
#2521 = CARTESIAN_POINT('',(0.,800.,850.));
#2522 = VECTOR('',#2523,1.);
#2523 = DIRECTION('',(0.,0.,1.));
#2524 = ORIENTED_EDGE('',*,*,#2525,.F.);
#2525 = EDGE_CURVE('',#2502,#2518,#2526,.T.);
#2526 = LINE('',#2527,#2528);
#2527 = CARTESIAN_POINT('',(0.,0.,870.));
#2528 = VECTOR('',#2529,1.);
#2529 = DIRECTION('',(-0.,1.,0.));
#2530 = PLANE('',#2531);
#2531 = AXIS2_PLACEMENT_3D('',#2532,#2533,#2534);
#2532 = CARTESIAN_POINT('',(0.,0.,850.));
#2533 = DIRECTION('',(1.,0.,-0.));
#2534 = DIRECTION('',(0.,0.,1.));
#2535 = ADVANCED_FACE('',(#2536),#2570,.T.);
#2536 = FACE_BOUND('',#2537,.T.);
#2537 = EDGE_LOOP('',(#2538,#2548,#2556,#2564));
#2538 = ORIENTED_EDGE('',*,*,#2539,.F.);
#2539 = EDGE_CURVE('',#2540,#2542,#2544,.T.);
#2540 = VERTEX_POINT('',#2541);
#2541 = CARTESIAN_POINT('',(1.8E+03,0.,850.));
#2542 = VERTEX_POINT('',#2543);
#2543 = CARTESIAN_POINT('',(1.8E+03,0.,870.));
#2544 = LINE('',#2545,#2546);
#2545 = CARTESIAN_POINT('',(1.8E+03,0.,850.));
#2546 = VECTOR('',#2547,1.);
#2547 = DIRECTION('',(0.,0.,1.));
#2548 = ORIENTED_EDGE('',*,*,#2549,.T.);
#2549 = EDGE_CURVE('',#2540,#2550,#2552,.T.);
#2550 = VERTEX_POINT('',#2551);
#2551 = CARTESIAN_POINT('',(1.8E+03,800.,850.));
#2552 = LINE('',#2553,#2554);
#2553 = CARTESIAN_POINT('',(1.8E+03,0.,850.));
#2554 = VECTOR('',#2555,1.);
#2555 = DIRECTION('',(-0.,1.,0.));
#2556 = ORIENTED_EDGE('',*,*,#2557,.T.);
#2557 = EDGE_CURVE('',#2550,#2558,#2560,.T.);
#2558 = VERTEX_POINT('',#2559);
#2559 = CARTESIAN_POINT('',(1.8E+03,800.,870.));
#2560 = LINE('',#2561,#2562);
#2561 = CARTESIAN_POINT('',(1.8E+03,800.,850.));
#2562 = VECTOR('',#2563,1.);
#2563 = DIRECTION('',(0.,0.,1.));
#2564 = ORIENTED_EDGE('',*,*,#2565,.F.);
#2565 = EDGE_CURVE('',#2542,#2558,#2566,.T.);
#2566 = LINE('',#2567,#2568);
#2567 = CARTESIAN_POINT('',(1.8E+03,0.,870.));
#2568 = VECTOR('',#2569,1.);
#2569 = DIRECTION('',(-0.,1.,0.));
#2570 = PLANE('',#2571);
#2571 = AXIS2_PLACEMENT_3D('',#2572,#2573,#2574);
#2572 = CARTESIAN_POINT('',(1.8E+03,0.,850.));
#2573 = DIRECTION('',(1.,0.,-0.));
#2574 = DIRECTION('',(0.,0.,1.));
#2575 = ADVANCED_FACE('',(#2576),#2592,.F.);
#2576 = FACE_BOUND('',#2577,.F.);
#2577 = EDGE_LOOP('',(#2578,#2584,#2585,#2591));
#2578 = ORIENTED_EDGE('',*,*,#2579,.F.);
#2579 = EDGE_CURVE('',#2500,#2540,#2580,.T.);
#2580 = LINE('',#2581,#2582);
#2581 = CARTESIAN_POINT('',(0.,0.,850.));
#2582 = VECTOR('',#2583,1.);
#2583 = DIRECTION('',(1.,0.,-0.));
#2584 = ORIENTED_EDGE('',*,*,#2499,.T.);
#2585 = ORIENTED_EDGE('',*,*,#2586,.T.);
#2586 = EDGE_CURVE('',#2502,#2542,#2587,.T.);
#2587 = LINE('',#2588,#2589);
#2588 = CARTESIAN_POINT('',(0.,0.,870.));
#2589 = VECTOR('',#2590,1.);
#2590 = DIRECTION('',(1.,0.,-0.));
#2591 = ORIENTED_EDGE('',*,*,#2539,.F.);
#2592 = PLANE('',#2593);
#2593 = AXIS2_PLACEMENT_3D('',#2594,#2595,#2596);
#2594 = CARTESIAN_POINT('',(0.,0.,850.));
#2595 = DIRECTION('',(-0.,1.,0.));
#2596 = DIRECTION('',(0.,0.,1.));
#2597 = ADVANCED_FACE('',(#2598),#2614,.T.);
#2598 = FACE_BOUND('',#2599,.T.);
#2599 = EDGE_LOOP('',(#2600,#2606,#2607,#2613));
#2600 = ORIENTED_EDGE('',*,*,#2601,.F.);
#2601 = EDGE_CURVE('',#2510,#2550,#2602,.T.);
#2602 = LINE('',#2603,#2604);
#2603 = CARTESIAN_POINT('',(0.,800.,850.));
#2604 = VECTOR('',#2605,1.);
#2605 = DIRECTION('',(1.,0.,-0.));
#2606 = ORIENTED_EDGE('',*,*,#2517,.T.);
#2607 = ORIENTED_EDGE('',*,*,#2608,.T.);
#2608 = EDGE_CURVE('',#2518,#2558,#2609,.T.);
#2609 = LINE('',#2610,#2611);
#2610 = CARTESIAN_POINT('',(0.,800.,870.));
#2611 = VECTOR('',#2612,1.);
#2612 = DIRECTION('',(1.,0.,-0.));
#2613 = ORIENTED_EDGE('',*,*,#2557,.F.);
#2614 = PLANE('',#2615);
#2615 = AXIS2_PLACEMENT_3D('',#2616,#2617,#2618);
#2616 = CARTESIAN_POINT('',(0.,800.,850.));
#2617 = DIRECTION('',(-0.,1.,0.));
#2618 = DIRECTION('',(0.,0.,1.));
#2619 = ADVANCED_FACE('',(#2620),#2626,.F.);
#2620 = FACE_BOUND('',#2621,.F.);
#2621 = EDGE_LOOP('',(#2622,#2623,#2624,#2625));
#2622 = ORIENTED_EDGE('',*,*,#2509,.F.);
#2623 = ORIENTED_EDGE('',*,*,#2579,.T.);
#2624 = ORIENTED_EDGE('',*,*,#2549,.T.);
#2625 = ORIENTED_EDGE('',*,*,#2601,.F.);
#2626 = PLANE('',#2627);
#2627 = AXIS2_PLACEMENT_3D('',#2628,#2629,#2630);
#2628 = CARTESIAN_POINT('',(0.,0.,850.));
#2629 = DIRECTION('',(0.,0.,1.));
#2630 = DIRECTION('',(1.,0.,-0.));
#2631 = ADVANCED_FACE('',(#2632),#2638,.T.);
#2632 = FACE_BOUND('',#2633,.T.);
#2633 = EDGE_LOOP('',(#2634,#2635,#2636,#2637));
#2634 = ORIENTED_EDGE('',*,*,#2525,.F.);
#2635 = ORIENTED_EDGE('',*,*,#2586,.T.);
#2636 = ORIENTED_EDGE('',*,*,#2565,.T.);
#2637 = ORIENTED_EDGE('',*,*,#2608,.F.);
#2638 = PLANE('',#2639);
#2639 = AXIS2_PLACEMENT_3D('',#2640,#2641,#2642);
#2640 = CARTESIAN_POINT('',(0.,0.,870.));
#2641 = DIRECTION('',(0.,0.,1.));
#2642 = DIRECTION('',(1.,0.,-0.));
#2643 = ( GEOMETRIC_REPRESENTATION_CONTEXT(3) 
GLOBAL_UNCERTAINTY_ASSIGNED_CONTEXT((#2647)) 
GLOBAL_UNIT_ASSIGNED_CONTEXT((#2644,#2645,#2646)) REPRESENTATION_CONTEXT
('Context #1','3D Context with UNIT and UNCERTAINTY') );
#2644 = ( LENGTH_UNIT() NAMED_UNIT(*) SI_UNIT(.MILLI.,.METRE.) );
#2645 = ( NAMED_UNIT(*) PLANE_ANGLE_UNIT() SI_UNIT($,.RADIAN.) );
#2646 = ( NAMED_UNIT(*) SI_UNIT($,.STERADIAN.) SOLID_ANGLE_UNIT() );
#2647 = UNCERTAINTY_MEASURE_WITH_UNIT(LENGTH_MEASURE(1.E-07),#2644,
  'distance_accuracy_value','confusion accuracy');
#2648 = CONTEXT_DEPENDENT_SHAPE_REPRESENTATION(#2649,#2651);
#2649 = ( REPRESENTATION_RELATIONSHIP('','',#2492,#10) 
REPRESENTATION_RELATIONSHIP_WITH_TRANSFORMATION(#2650) 
SHAPE_REPRESENTATION_RELATIONSHIP() );
#2650 = ITEM_DEFINED_TRANSFORMATION('','',#11,#23);
#2651 = PRODUCT_DEFINITION_SHAPE('Placement','Placement of an item',
  #2652);
#2652 = NEXT_ASSEMBLY_USAGE_OCCURRENCE('3','42_台面板','',#5,#2487,$
  );
#2653 = PRODUCT_RELATED_PRODUCT_CATEGORY('part',$,(#2489));
#2654 = SHAPE_DEFINITION_REPRESENTATION(#2655,#2661);
#2655 = PRODUCT_DEFINITION_SHAPE('','',#2656);
#2656 = PRODUCT_DEFINITION('design','',#2657,#2660);
#2657 = PRODUCT_DEFINITION_FORMATION('','',#2658);
#2658 = PRODUCT('43_模拟床身','43_模拟床身','',(#2659));
#2659 = PRODUCT_CONTEXT('',#2,'mechanical');
#2660 = PRODUCT_DEFINITION_CONTEXT('part definition',#2,'design');
#2661 = ADVANCED_BREP_SHAPE_REPRESENTATION('',(#11,#2662),#2812);
#2662 = MANIFOLD_SOLID_BREP('',#2663);
#2663 = CLOSED_SHELL('',(#2664,#2704,#2744,#2766,#2788,#2800));
#2664 = ADVANCED_FACE('',(#2665),#2699,.F.);
#2665 = FACE_BOUND('',#2666,.F.);
#2666 = EDGE_LOOP('',(#2667,#2677,#2685,#2693));
#2667 = ORIENTED_EDGE('',*,*,#2668,.F.);
#2668 = EDGE_CURVE('',#2669,#2671,#2673,.T.);
#2669 = VERTEX_POINT('',#2670);
#2670 = CARTESIAN_POINT('',(200.,350.,870.));
#2671 = VERTEX_POINT('',#2672);
#2672 = CARTESIAN_POINT('',(200.,350.,930.));
#2673 = LINE('',#2674,#2675);
#2674 = CARTESIAN_POINT('',(200.,350.,870.));
#2675 = VECTOR('',#2676,1.);
#2676 = DIRECTION('',(0.,0.,1.));
#2677 = ORIENTED_EDGE('',*,*,#2678,.T.);
#2678 = EDGE_CURVE('',#2669,#2679,#2681,.T.);
#2679 = VERTEX_POINT('',#2680);
#2680 = CARTESIAN_POINT('',(200.,650.,870.));
#2681 = LINE('',#2682,#2683);
#2682 = CARTESIAN_POINT('',(200.,350.,870.));
#2683 = VECTOR('',#2684,1.);
#2684 = DIRECTION('',(-0.,1.,0.));
#2685 = ORIENTED_EDGE('',*,*,#2686,.T.);
#2686 = EDGE_CURVE('',#2679,#2687,#2689,.T.);
#2687 = VERTEX_POINT('',#2688);
#2688 = CARTESIAN_POINT('',(200.,650.,930.));
#2689 = LINE('',#2690,#2691);
#2690 = CARTESIAN_POINT('',(200.,650.,870.));
#2691 = VECTOR('',#2692,1.);
#2692 = DIRECTION('',(0.,0.,1.));
#2693 = ORIENTED_EDGE('',*,*,#2694,.F.);
#2694 = EDGE_CURVE('',#2671,#2687,#2695,.T.);
#2695 = LINE('',#2696,#2697);
#2696 = CARTESIAN_POINT('',(200.,350.,930.));
#2697 = VECTOR('',#2698,1.);
#2698 = DIRECTION('',(-0.,1.,0.));
#2699 = PLANE('',#2700);
#2700 = AXIS2_PLACEMENT_3D('',#2701,#2702,#2703);
#2701 = CARTESIAN_POINT('',(200.,350.,870.));
#2702 = DIRECTION('',(1.,0.,-0.));
#2703 = DIRECTION('',(0.,0.,1.));
#2704 = ADVANCED_FACE('',(#2705),#2739,.T.);
#2705 = FACE_BOUND('',#2706,.T.);
#2706 = EDGE_LOOP('',(#2707,#2717,#2725,#2733));
#2707 = ORIENTED_EDGE('',*,*,#2708,.F.);
#2708 = EDGE_CURVE('',#2709,#2711,#2713,.T.);
#2709 = VERTEX_POINT('',#2710);
#2710 = CARTESIAN_POINT('',(1.65E+03,350.,870.));
#2711 = VERTEX_POINT('',#2712);
#2712 = CARTESIAN_POINT('',(1.65E+03,350.,930.));
#2713 = LINE('',#2714,#2715);
#2714 = CARTESIAN_POINT('',(1.65E+03,350.,870.));
#2715 = VECTOR('',#2716,1.);
#2716 = DIRECTION('',(0.,0.,1.));
#2717 = ORIENTED_EDGE('',*,*,#2718,.T.);
#2718 = EDGE_CURVE('',#2709,#2719,#2721,.T.);
#2719 = VERTEX_POINT('',#2720);
#2720 = CARTESIAN_POINT('',(1.65E+03,650.,870.));
#2721 = LINE('',#2722,#2723);
#2722 = CARTESIAN_POINT('',(1.65E+03,350.,870.));
#2723 = VECTOR('',#2724,1.);
#2724 = DIRECTION('',(-0.,1.,0.));
#2725 = ORIENTED_EDGE('',*,*,#2726,.T.);
#2726 = EDGE_CURVE('',#2719,#2727,#2729,.T.);
#2727 = VERTEX_POINT('',#2728);
#2728 = CARTESIAN_POINT('',(1.65E+03,650.,930.));
#2729 = LINE('',#2730,#2731);
#2730 = CARTESIAN_POINT('',(1.65E+03,650.,870.));
#2731 = VECTOR('',#2732,1.);
#2732 = DIRECTION('',(0.,0.,1.));
#2733 = ORIENTED_EDGE('',*,*,#2734,.F.);
#2734 = EDGE_CURVE('',#2711,#2727,#2735,.T.);
#2735 = LINE('',#2736,#2737);
#2736 = CARTESIAN_POINT('',(1.65E+03,350.,930.));
#2737 = VECTOR('',#2738,1.);
#2738 = DIRECTION('',(-0.,1.,0.));
#2739 = PLANE('',#2740);
#2740 = AXIS2_PLACEMENT_3D('',#2741,#2742,#2743);
#2741 = CARTESIAN_POINT('',(1.65E+03,350.,870.));
#2742 = DIRECTION('',(1.,0.,-0.));
#2743 = DIRECTION('',(0.,0.,1.));
#2744 = ADVANCED_FACE('',(#2745),#2761,.F.);
#2745 = FACE_BOUND('',#2746,.F.);
#2746 = EDGE_LOOP('',(#2747,#2753,#2754,#2760));
#2747 = ORIENTED_EDGE('',*,*,#2748,.F.);
#2748 = EDGE_CURVE('',#2669,#2709,#2749,.T.);
#2749 = LINE('',#2750,#2751);
#2750 = CARTESIAN_POINT('',(200.,350.,870.));
#2751 = VECTOR('',#2752,1.);
#2752 = DIRECTION('',(1.,0.,-0.));
#2753 = ORIENTED_EDGE('',*,*,#2668,.T.);
#2754 = ORIENTED_EDGE('',*,*,#2755,.T.);
#2755 = EDGE_CURVE('',#2671,#2711,#2756,.T.);
#2756 = LINE('',#2757,#2758);
#2757 = CARTESIAN_POINT('',(200.,350.,930.));
#2758 = VECTOR('',#2759,1.);
#2759 = DIRECTION('',(1.,0.,-0.));
#2760 = ORIENTED_EDGE('',*,*,#2708,.F.);
#2761 = PLANE('',#2762);
#2762 = AXIS2_PLACEMENT_3D('',#2763,#2764,#2765);
#2763 = CARTESIAN_POINT('',(200.,350.,870.));
#2764 = DIRECTION('',(-0.,1.,0.));
#2765 = DIRECTION('',(0.,0.,1.));
#2766 = ADVANCED_FACE('',(#2767),#2783,.T.);
#2767 = FACE_BOUND('',#2768,.T.);
#2768 = EDGE_LOOP('',(#2769,#2775,#2776,#2782));
#2769 = ORIENTED_EDGE('',*,*,#2770,.F.);
#2770 = EDGE_CURVE('',#2679,#2719,#2771,.T.);
#2771 = LINE('',#2772,#2773);
#2772 = CARTESIAN_POINT('',(200.,650.,870.));
#2773 = VECTOR('',#2774,1.);
#2774 = DIRECTION('',(1.,0.,-0.));
#2775 = ORIENTED_EDGE('',*,*,#2686,.T.);
#2776 = ORIENTED_EDGE('',*,*,#2777,.T.);
#2777 = EDGE_CURVE('',#2687,#2727,#2778,.T.);
#2778 = LINE('',#2779,#2780);
#2779 = CARTESIAN_POINT('',(200.,650.,930.));
#2780 = VECTOR('',#2781,1.);
#2781 = DIRECTION('',(1.,0.,-0.));
#2782 = ORIENTED_EDGE('',*,*,#2726,.F.);
#2783 = PLANE('',#2784);
#2784 = AXIS2_PLACEMENT_3D('',#2785,#2786,#2787);
#2785 = CARTESIAN_POINT('',(200.,650.,870.));
#2786 = DIRECTION('',(-0.,1.,0.));
#2787 = DIRECTION('',(0.,0.,1.));
#2788 = ADVANCED_FACE('',(#2789),#2795,.F.);
#2789 = FACE_BOUND('',#2790,.F.);
#2790 = EDGE_LOOP('',(#2791,#2792,#2793,#2794));
#2791 = ORIENTED_EDGE('',*,*,#2678,.F.);
#2792 = ORIENTED_EDGE('',*,*,#2748,.T.);
#2793 = ORIENTED_EDGE('',*,*,#2718,.T.);
#2794 = ORIENTED_EDGE('',*,*,#2770,.F.);
#2795 = PLANE('',#2796);
#2796 = AXIS2_PLACEMENT_3D('',#2797,#2798,#2799);
#2797 = CARTESIAN_POINT('',(200.,350.,870.));
#2798 = DIRECTION('',(0.,0.,1.));
#2799 = DIRECTION('',(1.,0.,-0.));
#2800 = ADVANCED_FACE('',(#2801),#2807,.T.);
#2801 = FACE_BOUND('',#2802,.T.);
#2802 = EDGE_LOOP('',(#2803,#2804,#2805,#2806));
#2803 = ORIENTED_EDGE('',*,*,#2694,.F.);
#2804 = ORIENTED_EDGE('',*,*,#2755,.T.);
#2805 = ORIENTED_EDGE('',*,*,#2734,.T.);
#2806 = ORIENTED_EDGE('',*,*,#2777,.F.);
#2807 = PLANE('',#2808);
#2808 = AXIS2_PLACEMENT_3D('',#2809,#2810,#2811);
#2809 = CARTESIAN_POINT('',(200.,350.,930.));
#2810 = DIRECTION('',(0.,0.,1.));
#2811 = DIRECTION('',(1.,0.,-0.));
#2812 = ( GEOMETRIC_REPRESENTATION_CONTEXT(3) 
GLOBAL_UNCERTAINTY_ASSIGNED_CONTEXT((#2816)) 
GLOBAL_UNIT_ASSIGNED_CONTEXT((#2813,#2814,#2815)) REPRESENTATION_CONTEXT
('Context #1','3D Context with UNIT and UNCERTAINTY') );
#2813 = ( LENGTH_UNIT() NAMED_UNIT(*) SI_UNIT(.MILLI.,.METRE.) );
#2814 = ( NAMED_UNIT(*) PLANE_ANGLE_UNIT() SI_UNIT($,.RADIAN.) );
#2815 = ( NAMED_UNIT(*) SI_UNIT($,.STERADIAN.) SOLID_ANGLE_UNIT() );
#2816 = UNCERTAINTY_MEASURE_WITH_UNIT(LENGTH_MEASURE(1.E-07),#2813,
  'distance_accuracy_value','confusion accuracy');
#2817 = CONTEXT_DEPENDENT_SHAPE_REPRESENTATION(#2818,#2820);
#2818 = ( REPRESENTATION_RELATIONSHIP('','',#2661,#10) 
REPRESENTATION_RELATIONSHIP_WITH_TRANSFORMATION(#2819) 
SHAPE_REPRESENTATION_RELATIONSHIP() );
#2819 = ITEM_DEFINED_TRANSFORMATION('','',#11,#27);
#2820 = PRODUCT_DEFINITION_SHAPE('Placement','Placement of an item',
  #2821);
#2821 = NEXT_ASSEMBLY_USAGE_OCCURRENCE('4','43_模拟床身','',#5,#2656
  ,$);
#2822 = PRODUCT_RELATED_PRODUCT_CATEGORY('part',$,(#2658));
#2823 = SHAPE_DEFINITION_REPRESENTATION(#2824,#2830);
#2824 = PRODUCT_DEFINITION_SHAPE('','',#2825);
#2825 = PRODUCT_DEFINITION('design','',#2826,#2829);
#2826 = PRODUCT_DEFINITION_FORMATION('','',#2827);
#2827 = PRODUCT('12_卡盘液压缸(内置单向锁紧阀13)',
  '12_卡盘液压缸(内置单向锁紧阀13)','',(#2828));
#2828 = PRODUCT_CONTEXT('',#2,'mechanical');
#2829 = PRODUCT_DEFINITION_CONTEXT('part definition',#2,'design');
#2830 = ADVANCED_BREP_SHAPE_REPRESENTATION('',(#11,#2831),#2884);
#2831 = MANIFOLD_SOLID_BREP('',#2832);
#2832 = CLOSED_SHELL('',(#2833,#2866,#2875));
#2833 = ADVANCED_FACE('',(#2834),#2861,.T.);
#2834 = FACE_BOUND('',#2835,.T.);
#2835 = EDGE_LOOP('',(#2836,#2845,#2853,#2860));
#2836 = ORIENTED_EDGE('',*,*,#2837,.F.);
#2837 = EDGE_CURVE('',#2838,#2838,#2840,.T.);
#2838 = VERTEX_POINT('',#2839);
#2839 = CARTESIAN_POINT('',(300.,500.,1.145E+03));
#2840 = CIRCLE('',#2841,65.);
#2841 = AXIS2_PLACEMENT_3D('',#2842,#2843,#2844);
#2842 = CARTESIAN_POINT('',(300.,500.,1.08E+03));
#2843 = DIRECTION('',(1.,0.,0.));
#2844 = DIRECTION('',(-0.,0.,1.));
#2845 = ORIENTED_EDGE('',*,*,#2846,.F.);
#2846 = EDGE_CURVE('',#2847,#2838,#2849,.T.);
#2847 = VERTEX_POINT('',#2848);
#2848 = CARTESIAN_POINT('',(140.,500.,1.145E+03));
#2849 = LINE('',#2850,#2851);
#2850 = CARTESIAN_POINT('',(140.,500.,1.145E+03));
#2851 = VECTOR('',#2852,1.);
#2852 = DIRECTION('',(1.,0.,0.));
#2853 = ORIENTED_EDGE('',*,*,#2854,.T.);
#2854 = EDGE_CURVE('',#2847,#2847,#2855,.T.);
#2855 = CIRCLE('',#2856,65.);
#2856 = AXIS2_PLACEMENT_3D('',#2857,#2858,#2859);
#2857 = CARTESIAN_POINT('',(140.,500.,1.08E+03));
#2858 = DIRECTION('',(1.,0.,0.));
#2859 = DIRECTION('',(-0.,0.,1.));
#2860 = ORIENTED_EDGE('',*,*,#2846,.T.);
#2861 = CYLINDRICAL_SURFACE('',#2862,65.);
#2862 = AXIS2_PLACEMENT_3D('',#2863,#2864,#2865);
#2863 = CARTESIAN_POINT('',(140.,500.,1.08E+03));
#2864 = DIRECTION('',(1.,0.,0.));
#2865 = DIRECTION('',(-0.,0.,1.));
#2866 = ADVANCED_FACE('',(#2867),#2870,.T.);
#2867 = FACE_BOUND('',#2868,.T.);
#2868 = EDGE_LOOP('',(#2869));
#2869 = ORIENTED_EDGE('',*,*,#2837,.T.);
#2870 = PLANE('',#2871);
#2871 = AXIS2_PLACEMENT_3D('',#2872,#2873,#2874);
#2872 = CARTESIAN_POINT('',(300.,500.,1.08E+03));
#2873 = DIRECTION('',(1.,0.,0.));
#2874 = DIRECTION('',(-0.,0.,1.));
#2875 = ADVANCED_FACE('',(#2876),#2879,.F.);
#2876 = FACE_BOUND('',#2877,.T.);
#2877 = EDGE_LOOP('',(#2878));
#2878 = ORIENTED_EDGE('',*,*,#2854,.F.);
#2879 = PLANE('',#2880);
#2880 = AXIS2_PLACEMENT_3D('',#2881,#2882,#2883);
#2881 = CARTESIAN_POINT('',(140.,500.,1.08E+03));
#2882 = DIRECTION('',(1.,0.,0.));
#2883 = DIRECTION('',(-0.,0.,1.));
#2884 = ( GEOMETRIC_REPRESENTATION_CONTEXT(3) 
GLOBAL_UNCERTAINTY_ASSIGNED_CONTEXT((#2888)) 
GLOBAL_UNIT_ASSIGNED_CONTEXT((#2885,#2886,#2887)) REPRESENTATION_CONTEXT
('Context #1','3D Context with UNIT and UNCERTAINTY') );
#2885 = ( LENGTH_UNIT() NAMED_UNIT(*) SI_UNIT(.MILLI.,.METRE.) );
#2886 = ( NAMED_UNIT(*) PLANE_ANGLE_UNIT() SI_UNIT($,.RADIAN.) );
#2887 = ( NAMED_UNIT(*) SI_UNIT($,.STERADIAN.) SOLID_ANGLE_UNIT() );
#2888 = UNCERTAINTY_MEASURE_WITH_UNIT(LENGTH_MEASURE(1.E-07),#2885,
  'distance_accuracy_value','confusion accuracy');
#2889 = CONTEXT_DEPENDENT_SHAPE_REPRESENTATION(#2890,#2892);
#2890 = ( REPRESENTATION_RELATIONSHIP('','',#2830,#10) 
REPRESENTATION_RELATIONSHIP_WITH_TRANSFORMATION(#2891) 
SHAPE_REPRESENTATION_RELATIONSHIP() );
#2891 = ITEM_DEFINED_TRANSFORMATION('','',#11,#31);
#2892 = PRODUCT_DEFINITION_SHAPE('Placement','Placement of an item',
  #2893);
#2893 = NEXT_ASSEMBLY_USAGE_OCCURRENCE('5',
  '12_卡盘液压缸(内置单向锁紧阀13)','',#5,#2825,$);
#2894 = PRODUCT_RELATED_PRODUCT_CATEGORY('part',$,(#2827));
#2895 = SHAPE_DEFINITION_REPRESENTATION(#2896,#2902);
#2896 = PRODUCT_DEFINITION_SHAPE('','',#2897);
#2897 = PRODUCT_DEFINITION('design','',#2898,#2901);
#2898 = PRODUCT_DEFINITION_FORMATION('','',#2899);
#2899 = PRODUCT('12_卡盘缸支座','12_卡盘缸支座','',(#2900));
#2900 = PRODUCT_CONTEXT('',#2,'mechanical');
#2901 = PRODUCT_DEFINITION_CONTEXT('part definition',#2,'design');
#2902 = ADVANCED_BREP_SHAPE_REPRESENTATION('',(#11,#2903),#3053);
#2903 = MANIFOLD_SOLID_BREP('',#2904);
#2904 = CLOSED_SHELL('',(#2905,#2945,#2985,#3007,#3029,#3041));
#2905 = ADVANCED_FACE('',(#2906),#2940,.F.);
#2906 = FACE_BOUND('',#2907,.F.);
#2907 = EDGE_LOOP('',(#2908,#2918,#2926,#2934));
#2908 = ORIENTED_EDGE('',*,*,#2909,.F.);
#2909 = EDGE_CURVE('',#2910,#2912,#2914,.T.);
#2910 = VERTEX_POINT('',#2911);
#2911 = CARTESIAN_POINT('',(150.,440.,930.));
#2912 = VERTEX_POINT('',#2913);
#2913 = CARTESIAN_POINT('',(150.,440.,1.015E+03));
#2914 = LINE('',#2915,#2916);
#2915 = CARTESIAN_POINT('',(150.,440.,930.));
#2916 = VECTOR('',#2917,1.);
#2917 = DIRECTION('',(0.,0.,1.));
#2918 = ORIENTED_EDGE('',*,*,#2919,.T.);
#2919 = EDGE_CURVE('',#2910,#2920,#2922,.T.);
#2920 = VERTEX_POINT('',#2921);
#2921 = CARTESIAN_POINT('',(150.,560.,930.));
#2922 = LINE('',#2923,#2924);
#2923 = CARTESIAN_POINT('',(150.,440.,930.));
#2924 = VECTOR('',#2925,1.);
#2925 = DIRECTION('',(-0.,1.,0.));
#2926 = ORIENTED_EDGE('',*,*,#2927,.T.);
#2927 = EDGE_CURVE('',#2920,#2928,#2930,.T.);
#2928 = VERTEX_POINT('',#2929);
#2929 = CARTESIAN_POINT('',(150.,560.,1.015E+03));
#2930 = LINE('',#2931,#2932);
#2931 = CARTESIAN_POINT('',(150.,560.,930.));
#2932 = VECTOR('',#2933,1.);
#2933 = DIRECTION('',(0.,0.,1.));
#2934 = ORIENTED_EDGE('',*,*,#2935,.F.);
#2935 = EDGE_CURVE('',#2912,#2928,#2936,.T.);
#2936 = LINE('',#2937,#2938);
#2937 = CARTESIAN_POINT('',(150.,440.,1.015E+03));
#2938 = VECTOR('',#2939,1.);
#2939 = DIRECTION('',(-0.,1.,0.));
#2940 = PLANE('',#2941);
#2941 = AXIS2_PLACEMENT_3D('',#2942,#2943,#2944);
#2942 = CARTESIAN_POINT('',(150.,440.,930.));
#2943 = DIRECTION('',(1.,0.,-0.));
#2944 = DIRECTION('',(0.,0.,1.));
#2945 = ADVANCED_FACE('',(#2946),#2980,.T.);
#2946 = FACE_BOUND('',#2947,.T.);
#2947 = EDGE_LOOP('',(#2948,#2958,#2966,#2974));
#2948 = ORIENTED_EDGE('',*,*,#2949,.F.);
#2949 = EDGE_CURVE('',#2950,#2952,#2954,.T.);
#2950 = VERTEX_POINT('',#2951);
#2951 = CARTESIAN_POINT('',(290.,440.,930.));
#2952 = VERTEX_POINT('',#2953);
#2953 = CARTESIAN_POINT('',(290.,440.,1.015E+03));
#2954 = LINE('',#2955,#2956);
#2955 = CARTESIAN_POINT('',(290.,440.,930.));
#2956 = VECTOR('',#2957,1.);
#2957 = DIRECTION('',(0.,0.,1.));
#2958 = ORIENTED_EDGE('',*,*,#2959,.T.);
#2959 = EDGE_CURVE('',#2950,#2960,#2962,.T.);
#2960 = VERTEX_POINT('',#2961);
#2961 = CARTESIAN_POINT('',(290.,560.,930.));
#2962 = LINE('',#2963,#2964);
#2963 = CARTESIAN_POINT('',(290.,440.,930.));
#2964 = VECTOR('',#2965,1.);
#2965 = DIRECTION('',(-0.,1.,0.));
#2966 = ORIENTED_EDGE('',*,*,#2967,.T.);
#2967 = EDGE_CURVE('',#2960,#2968,#2970,.T.);
#2968 = VERTEX_POINT('',#2969);
#2969 = CARTESIAN_POINT('',(290.,560.,1.015E+03));
#2970 = LINE('',#2971,#2972);
#2971 = CARTESIAN_POINT('',(290.,560.,930.));
#2972 = VECTOR('',#2973,1.);
#2973 = DIRECTION('',(0.,0.,1.));
#2974 = ORIENTED_EDGE('',*,*,#2975,.F.);
#2975 = EDGE_CURVE('',#2952,#2968,#2976,.T.);
#2976 = LINE('',#2977,#2978);
#2977 = CARTESIAN_POINT('',(290.,440.,1.015E+03));
#2978 = VECTOR('',#2979,1.);
#2979 = DIRECTION('',(-0.,1.,0.));
#2980 = PLANE('',#2981);
#2981 = AXIS2_PLACEMENT_3D('',#2982,#2983,#2984);
#2982 = CARTESIAN_POINT('',(290.,440.,930.));
#2983 = DIRECTION('',(1.,0.,-0.));
#2984 = DIRECTION('',(0.,0.,1.));
#2985 = ADVANCED_FACE('',(#2986),#3002,.F.);
#2986 = FACE_BOUND('',#2987,.F.);
#2987 = EDGE_LOOP('',(#2988,#2994,#2995,#3001));
#2988 = ORIENTED_EDGE('',*,*,#2989,.F.);
#2989 = EDGE_CURVE('',#2910,#2950,#2990,.T.);
#2990 = LINE('',#2991,#2992);
#2991 = CARTESIAN_POINT('',(150.,440.,930.));
#2992 = VECTOR('',#2993,1.);
#2993 = DIRECTION('',(1.,0.,-0.));
#2994 = ORIENTED_EDGE('',*,*,#2909,.T.);
#2995 = ORIENTED_EDGE('',*,*,#2996,.T.);
#2996 = EDGE_CURVE('',#2912,#2952,#2997,.T.);
#2997 = LINE('',#2998,#2999);
#2998 = CARTESIAN_POINT('',(150.,440.,1.015E+03));
#2999 = VECTOR('',#3000,1.);
#3000 = DIRECTION('',(1.,0.,-0.));
#3001 = ORIENTED_EDGE('',*,*,#2949,.F.);
#3002 = PLANE('',#3003);
#3003 = AXIS2_PLACEMENT_3D('',#3004,#3005,#3006);
#3004 = CARTESIAN_POINT('',(150.,440.,930.));
#3005 = DIRECTION('',(-0.,1.,0.));
#3006 = DIRECTION('',(0.,0.,1.));
#3007 = ADVANCED_FACE('',(#3008),#3024,.T.);
#3008 = FACE_BOUND('',#3009,.T.);
#3009 = EDGE_LOOP('',(#3010,#3016,#3017,#3023));
#3010 = ORIENTED_EDGE('',*,*,#3011,.F.);
#3011 = EDGE_CURVE('',#2920,#2960,#3012,.T.);
#3012 = LINE('',#3013,#3014);
#3013 = CARTESIAN_POINT('',(150.,560.,930.));
#3014 = VECTOR('',#3015,1.);
#3015 = DIRECTION('',(1.,0.,-0.));
#3016 = ORIENTED_EDGE('',*,*,#2927,.T.);
#3017 = ORIENTED_EDGE('',*,*,#3018,.T.);
#3018 = EDGE_CURVE('',#2928,#2968,#3019,.T.);
#3019 = LINE('',#3020,#3021);
#3020 = CARTESIAN_POINT('',(150.,560.,1.015E+03));
#3021 = VECTOR('',#3022,1.);
#3022 = DIRECTION('',(1.,0.,-0.));
#3023 = ORIENTED_EDGE('',*,*,#2967,.F.);
#3024 = PLANE('',#3025);
#3025 = AXIS2_PLACEMENT_3D('',#3026,#3027,#3028);
#3026 = CARTESIAN_POINT('',(150.,560.,930.));
#3027 = DIRECTION('',(-0.,1.,0.));
#3028 = DIRECTION('',(0.,0.,1.));
#3029 = ADVANCED_FACE('',(#3030),#3036,.F.);
#3030 = FACE_BOUND('',#3031,.F.);
#3031 = EDGE_LOOP('',(#3032,#3033,#3034,#3035));
#3032 = ORIENTED_EDGE('',*,*,#2919,.F.);
#3033 = ORIENTED_EDGE('',*,*,#2989,.T.);
#3034 = ORIENTED_EDGE('',*,*,#2959,.T.);
#3035 = ORIENTED_EDGE('',*,*,#3011,.F.);
#3036 = PLANE('',#3037);
#3037 = AXIS2_PLACEMENT_3D('',#3038,#3039,#3040);
#3038 = CARTESIAN_POINT('',(150.,440.,930.));
#3039 = DIRECTION('',(0.,0.,1.));
#3040 = DIRECTION('',(1.,0.,-0.));
#3041 = ADVANCED_FACE('',(#3042),#3048,.T.);
#3042 = FACE_BOUND('',#3043,.T.);
#3043 = EDGE_LOOP('',(#3044,#3045,#3046,#3047));
#3044 = ORIENTED_EDGE('',*,*,#2935,.F.);
#3045 = ORIENTED_EDGE('',*,*,#2996,.T.);
#3046 = ORIENTED_EDGE('',*,*,#2975,.T.);
#3047 = ORIENTED_EDGE('',*,*,#3018,.F.);
#3048 = PLANE('',#3049);
#3049 = AXIS2_PLACEMENT_3D('',#3050,#3051,#3052);
#3050 = CARTESIAN_POINT('',(150.,440.,1.015E+03));
#3051 = DIRECTION('',(0.,0.,1.));
#3052 = DIRECTION('',(1.,0.,-0.));
#3053 = ( GEOMETRIC_REPRESENTATION_CONTEXT(3) 
GLOBAL_UNCERTAINTY_ASSIGNED_CONTEXT((#3057)) 
GLOBAL_UNIT_ASSIGNED_CONTEXT((#3054,#3055,#3056)) REPRESENTATION_CONTEXT
('Context #1','3D Context with UNIT and UNCERTAINTY') );
#3054 = ( LENGTH_UNIT() NAMED_UNIT(*) SI_UNIT(.MILLI.,.METRE.) );
#3055 = ( NAMED_UNIT(*) PLANE_ANGLE_UNIT() SI_UNIT($,.RADIAN.) );
#3056 = ( NAMED_UNIT(*) SI_UNIT($,.STERADIAN.) SOLID_ANGLE_UNIT() );
#3057 = UNCERTAINTY_MEASURE_WITH_UNIT(LENGTH_MEASURE(1.E-07),#3054,
  'distance_accuracy_value','confusion accuracy');
#3058 = CONTEXT_DEPENDENT_SHAPE_REPRESENTATION(#3059,#3061);
#3059 = ( REPRESENTATION_RELATIONSHIP('','',#2902,#10) 
REPRESENTATION_RELATIONSHIP_WITH_TRANSFORMATION(#3060) 
SHAPE_REPRESENTATION_RELATIONSHIP() );
#3060 = ITEM_DEFINED_TRANSFORMATION('','',#11,#35);
#3061 = PRODUCT_DEFINITION_SHAPE('Placement','Placement of an item',
  #3062);
#3062 = NEXT_ASSEMBLY_USAGE_OCCURRENCE('6','12_卡盘缸支座','',#5,
  #2897,$);
#3063 = PRODUCT_RELATED_PRODUCT_CATEGORY('part',$,(#2899));
#3064 = SHAPE_DEFINITION_REPRESENTATION(#3065,#3071);
#3065 = PRODUCT_DEFINITION_SHAPE('','',#3066);
#3066 = PRODUCT_DEFINITION('design','',#3067,#3070);
#3067 = PRODUCT_DEFINITION_FORMATION('','',#3068);
#3068 = PRODUCT('44_夹紧力传感器(碟簧组)',
  '44_夹紧力传感器(碟簧组)','',(#3069));
#3069 = PRODUCT_CONTEXT('',#2,'mechanical');
#3070 = PRODUCT_DEFINITION_CONTEXT('part definition',#2,'design');
#3071 = ADVANCED_BREP_SHAPE_REPRESENTATION('',(#11,#3072),#3125);
#3072 = MANIFOLD_SOLID_BREP('',#3073);
#3073 = CLOSED_SHELL('',(#3074,#3107,#3116));
#3074 = ADVANCED_FACE('',(#3075),#3102,.T.);
#3075 = FACE_BOUND('',#3076,.T.);
#3076 = EDGE_LOOP('',(#3077,#3086,#3094,#3101));
#3077 = ORIENTED_EDGE('',*,*,#3078,.F.);
#3078 = EDGE_CURVE('',#3079,#3079,#3081,.T.);
#3079 = VERTEX_POINT('',#3080);
#3080 = CARTESIAN_POINT('',(330.,500.,1.115E+03));
#3081 = CIRCLE('',#3082,35.);
#3082 = AXIS2_PLACEMENT_3D('',#3083,#3084,#3085);
#3083 = CARTESIAN_POINT('',(330.,500.,1.08E+03));
#3084 = DIRECTION('',(1.,0.,0.));
#3085 = DIRECTION('',(-0.,0.,1.));
#3086 = ORIENTED_EDGE('',*,*,#3087,.F.);
#3087 = EDGE_CURVE('',#3088,#3079,#3090,.T.);
#3088 = VERTEX_POINT('',#3089);
#3089 = CARTESIAN_POINT('',(300.,500.,1.115E+03));
#3090 = LINE('',#3091,#3092);
#3091 = CARTESIAN_POINT('',(300.,500.,1.115E+03));
#3092 = VECTOR('',#3093,1.);
#3093 = DIRECTION('',(1.,0.,0.));
#3094 = ORIENTED_EDGE('',*,*,#3095,.T.);
#3095 = EDGE_CURVE('',#3088,#3088,#3096,.T.);
#3096 = CIRCLE('',#3097,35.);
#3097 = AXIS2_PLACEMENT_3D('',#3098,#3099,#3100);
#3098 = CARTESIAN_POINT('',(300.,500.,1.08E+03));
#3099 = DIRECTION('',(1.,0.,0.));
#3100 = DIRECTION('',(-0.,0.,1.));
#3101 = ORIENTED_EDGE('',*,*,#3087,.T.);
#3102 = CYLINDRICAL_SURFACE('',#3103,35.);
#3103 = AXIS2_PLACEMENT_3D('',#3104,#3105,#3106);
#3104 = CARTESIAN_POINT('',(300.,500.,1.08E+03));
#3105 = DIRECTION('',(1.,0.,0.));
#3106 = DIRECTION('',(-0.,0.,1.));
#3107 = ADVANCED_FACE('',(#3108),#3111,.T.);
#3108 = FACE_BOUND('',#3109,.T.);
#3109 = EDGE_LOOP('',(#3110));
#3110 = ORIENTED_EDGE('',*,*,#3078,.T.);
#3111 = PLANE('',#3112);
#3112 = AXIS2_PLACEMENT_3D('',#3113,#3114,#3115);
#3113 = CARTESIAN_POINT('',(330.,500.,1.08E+03));
#3114 = DIRECTION('',(1.,0.,0.));
#3115 = DIRECTION('',(-0.,0.,1.));
#3116 = ADVANCED_FACE('',(#3117),#3120,.F.);
#3117 = FACE_BOUND('',#3118,.T.);
#3118 = EDGE_LOOP('',(#3119));
#3119 = ORIENTED_EDGE('',*,*,#3095,.F.);
#3120 = PLANE('',#3121);
#3121 = AXIS2_PLACEMENT_3D('',#3122,#3123,#3124);
#3122 = CARTESIAN_POINT('',(300.,500.,1.08E+03));
#3123 = DIRECTION('',(1.,0.,0.));
#3124 = DIRECTION('',(-0.,0.,1.));
#3125 = ( GEOMETRIC_REPRESENTATION_CONTEXT(3) 
GLOBAL_UNCERTAINTY_ASSIGNED_CONTEXT((#3129)) 
GLOBAL_UNIT_ASSIGNED_CONTEXT((#3126,#3127,#3128)) REPRESENTATION_CONTEXT
('Context #1','3D Context with UNIT and UNCERTAINTY') );
#3126 = ( LENGTH_UNIT() NAMED_UNIT(*) SI_UNIT(.MILLI.,.METRE.) );
#3127 = ( NAMED_UNIT(*) PLANE_ANGLE_UNIT() SI_UNIT($,.RADIAN.) );
#3128 = ( NAMED_UNIT(*) SI_UNIT($,.STERADIAN.) SOLID_ANGLE_UNIT() );
#3129 = UNCERTAINTY_MEASURE_WITH_UNIT(LENGTH_MEASURE(1.E-07),#3126,
  'distance_accuracy_value','confusion accuracy');
#3130 = CONTEXT_DEPENDENT_SHAPE_REPRESENTATION(#3131,#3133);
#3131 = ( REPRESENTATION_RELATIONSHIP('','',#3071,#10) 
REPRESENTATION_RELATIONSHIP_WITH_TRANSFORMATION(#3132) 
SHAPE_REPRESENTATION_RELATIONSHIP() );
#3132 = ITEM_DEFINED_TRANSFORMATION('','',#11,#39);
#3133 = PRODUCT_DEFINITION_SHAPE('Placement','Placement of an item',
  #3134);
#3134 = NEXT_ASSEMBLY_USAGE_OCCURRENCE('7',
  '44_夹紧力传感器(碟簧组)','',#5,#3066,$);
#3135 = PRODUCT_RELATED_PRODUCT_CATEGORY('part',$,(#3068));
#3136 = SHAPE_DEFINITION_REPRESENTATION(#3137,#3143);
#3137 = PRODUCT_DEFINITION_SHAPE('','',#3138);
#3138 = PRODUCT_DEFINITION('design','',#3139,#3142);
#3139 = PRODUCT_DEFINITION_FORMATION('','',#3140);
#3140 = PRODUCT('45_主轴箱模拟座','45_主轴箱模拟座','',(
    #3141));
#3141 = PRODUCT_CONTEXT('',#2,'mechanical');
#3142 = PRODUCT_DEFINITION_CONTEXT('part definition',#2,'design');
#3143 = ADVANCED_BREP_SHAPE_REPRESENTATION('',(#11,#3144),#3294);
#3144 = MANIFOLD_SOLID_BREP('',#3145);
#3145 = CLOSED_SHELL('',(#3146,#3186,#3226,#3248,#3270,#3282));
#3146 = ADVANCED_FACE('',(#3147),#3181,.F.);
#3147 = FACE_BOUND('',#3148,.F.);
#3148 = EDGE_LOOP('',(#3149,#3159,#3167,#3175));
#3149 = ORIENTED_EDGE('',*,*,#3150,.F.);
#3150 = EDGE_CURVE('',#3151,#3153,#3155,.T.);
#3151 = VERTEX_POINT('',#3152);
#3152 = CARTESIAN_POINT('',(340.,400.,930.));
#3153 = VERTEX_POINT('',#3154);
#3154 = CARTESIAN_POINT('',(340.,400.,1.18E+03));
#3155 = LINE('',#3156,#3157);
#3156 = CARTESIAN_POINT('',(340.,400.,930.));
#3157 = VECTOR('',#3158,1.);
#3158 = DIRECTION('',(0.,0.,1.));
#3159 = ORIENTED_EDGE('',*,*,#3160,.T.);
#3160 = EDGE_CURVE('',#3151,#3161,#3163,.T.);
#3161 = VERTEX_POINT('',#3162);
#3162 = CARTESIAN_POINT('',(340.,600.,930.));
#3163 = LINE('',#3164,#3165);
#3164 = CARTESIAN_POINT('',(340.,400.,930.));
#3165 = VECTOR('',#3166,1.);
#3166 = DIRECTION('',(-0.,1.,0.));
#3167 = ORIENTED_EDGE('',*,*,#3168,.T.);
#3168 = EDGE_CURVE('',#3161,#3169,#3171,.T.);
#3169 = VERTEX_POINT('',#3170);
#3170 = CARTESIAN_POINT('',(340.,600.,1.18E+03));
#3171 = LINE('',#3172,#3173);
#3172 = CARTESIAN_POINT('',(340.,600.,930.));
#3173 = VECTOR('',#3174,1.);
#3174 = DIRECTION('',(0.,0.,1.));
#3175 = ORIENTED_EDGE('',*,*,#3176,.F.);
#3176 = EDGE_CURVE('',#3153,#3169,#3177,.T.);
#3177 = LINE('',#3178,#3179);
#3178 = CARTESIAN_POINT('',(340.,400.,1.18E+03));
#3179 = VECTOR('',#3180,1.);
#3180 = DIRECTION('',(-0.,1.,0.));
#3181 = PLANE('',#3182);
#3182 = AXIS2_PLACEMENT_3D('',#3183,#3184,#3185);
#3183 = CARTESIAN_POINT('',(340.,400.,930.));
#3184 = DIRECTION('',(1.,0.,-0.));
#3185 = DIRECTION('',(0.,0.,1.));
#3186 = ADVANCED_FACE('',(#3187),#3221,.T.);
#3187 = FACE_BOUND('',#3188,.T.);
#3188 = EDGE_LOOP('',(#3189,#3199,#3207,#3215));
#3189 = ORIENTED_EDGE('',*,*,#3190,.F.);
#3190 = EDGE_CURVE('',#3191,#3193,#3195,.T.);
#3191 = VERTEX_POINT('',#3192);
#3192 = CARTESIAN_POINT('',(520.,400.,930.));
#3193 = VERTEX_POINT('',#3194);
#3194 = CARTESIAN_POINT('',(520.,400.,1.18E+03));
#3195 = LINE('',#3196,#3197);
#3196 = CARTESIAN_POINT('',(520.,400.,930.));
#3197 = VECTOR('',#3198,1.);
#3198 = DIRECTION('',(0.,0.,1.));
#3199 = ORIENTED_EDGE('',*,*,#3200,.T.);
#3200 = EDGE_CURVE('',#3191,#3201,#3203,.T.);
#3201 = VERTEX_POINT('',#3202);
#3202 = CARTESIAN_POINT('',(520.,600.,930.));
#3203 = LINE('',#3204,#3205);
#3204 = CARTESIAN_POINT('',(520.,400.,930.));
#3205 = VECTOR('',#3206,1.);
#3206 = DIRECTION('',(-0.,1.,0.));
#3207 = ORIENTED_EDGE('',*,*,#3208,.T.);
#3208 = EDGE_CURVE('',#3201,#3209,#3211,.T.);
#3209 = VERTEX_POINT('',#3210);
#3210 = CARTESIAN_POINT('',(520.,600.,1.18E+03));
#3211 = LINE('',#3212,#3213);
#3212 = CARTESIAN_POINT('',(520.,600.,930.));
#3213 = VECTOR('',#3214,1.);
#3214 = DIRECTION('',(0.,0.,1.));
#3215 = ORIENTED_EDGE('',*,*,#3216,.F.);
#3216 = EDGE_CURVE('',#3193,#3209,#3217,.T.);
#3217 = LINE('',#3218,#3219);
#3218 = CARTESIAN_POINT('',(520.,400.,1.18E+03));
#3219 = VECTOR('',#3220,1.);
#3220 = DIRECTION('',(-0.,1.,0.));
#3221 = PLANE('',#3222);
#3222 = AXIS2_PLACEMENT_3D('',#3223,#3224,#3225);
#3223 = CARTESIAN_POINT('',(520.,400.,930.));
#3224 = DIRECTION('',(1.,0.,-0.));
#3225 = DIRECTION('',(0.,0.,1.));
#3226 = ADVANCED_FACE('',(#3227),#3243,.F.);
#3227 = FACE_BOUND('',#3228,.F.);
#3228 = EDGE_LOOP('',(#3229,#3235,#3236,#3242));
#3229 = ORIENTED_EDGE('',*,*,#3230,.F.);
#3230 = EDGE_CURVE('',#3151,#3191,#3231,.T.);
#3231 = LINE('',#3232,#3233);
#3232 = CARTESIAN_POINT('',(340.,400.,930.));
#3233 = VECTOR('',#3234,1.);
#3234 = DIRECTION('',(1.,0.,-0.));
#3235 = ORIENTED_EDGE('',*,*,#3150,.T.);
#3236 = ORIENTED_EDGE('',*,*,#3237,.T.);
#3237 = EDGE_CURVE('',#3153,#3193,#3238,.T.);
#3238 = LINE('',#3239,#3240);
#3239 = CARTESIAN_POINT('',(340.,400.,1.18E+03));
#3240 = VECTOR('',#3241,1.);
#3241 = DIRECTION('',(1.,0.,-0.));
#3242 = ORIENTED_EDGE('',*,*,#3190,.F.);
#3243 = PLANE('',#3244);
#3244 = AXIS2_PLACEMENT_3D('',#3245,#3246,#3247);
#3245 = CARTESIAN_POINT('',(340.,400.,930.));
#3246 = DIRECTION('',(-0.,1.,0.));
#3247 = DIRECTION('',(0.,0.,1.));
#3248 = ADVANCED_FACE('',(#3249),#3265,.T.);
#3249 = FACE_BOUND('',#3250,.T.);
#3250 = EDGE_LOOP('',(#3251,#3257,#3258,#3264));
#3251 = ORIENTED_EDGE('',*,*,#3252,.F.);
#3252 = EDGE_CURVE('',#3161,#3201,#3253,.T.);
#3253 = LINE('',#3254,#3255);
#3254 = CARTESIAN_POINT('',(340.,600.,930.));
#3255 = VECTOR('',#3256,1.);
#3256 = DIRECTION('',(1.,0.,-0.));
#3257 = ORIENTED_EDGE('',*,*,#3168,.T.);
#3258 = ORIENTED_EDGE('',*,*,#3259,.T.);
#3259 = EDGE_CURVE('',#3169,#3209,#3260,.T.);
#3260 = LINE('',#3261,#3262);
#3261 = CARTESIAN_POINT('',(340.,600.,1.18E+03));
#3262 = VECTOR('',#3263,1.);
#3263 = DIRECTION('',(1.,0.,-0.));
#3264 = ORIENTED_EDGE('',*,*,#3208,.F.);
#3265 = PLANE('',#3266);
#3266 = AXIS2_PLACEMENT_3D('',#3267,#3268,#3269);
#3267 = CARTESIAN_POINT('',(340.,600.,930.));
#3268 = DIRECTION('',(-0.,1.,0.));
#3269 = DIRECTION('',(0.,0.,1.));
#3270 = ADVANCED_FACE('',(#3271),#3277,.F.);
#3271 = FACE_BOUND('',#3272,.F.);
#3272 = EDGE_LOOP('',(#3273,#3274,#3275,#3276));
#3273 = ORIENTED_EDGE('',*,*,#3160,.F.);
#3274 = ORIENTED_EDGE('',*,*,#3230,.T.);
#3275 = ORIENTED_EDGE('',*,*,#3200,.T.);
#3276 = ORIENTED_EDGE('',*,*,#3252,.F.);
#3277 = PLANE('',#3278);
#3278 = AXIS2_PLACEMENT_3D('',#3279,#3280,#3281);
#3279 = CARTESIAN_POINT('',(340.,400.,930.));
#3280 = DIRECTION('',(0.,0.,1.));
#3281 = DIRECTION('',(1.,0.,-0.));
#3282 = ADVANCED_FACE('',(#3283),#3289,.T.);
#3283 = FACE_BOUND('',#3284,.T.);
#3284 = EDGE_LOOP('',(#3285,#3286,#3287,#3288));
#3285 = ORIENTED_EDGE('',*,*,#3176,.F.);
#3286 = ORIENTED_EDGE('',*,*,#3237,.T.);
#3287 = ORIENTED_EDGE('',*,*,#3216,.T.);
#3288 = ORIENTED_EDGE('',*,*,#3259,.F.);
#3289 = PLANE('',#3290);
#3290 = AXIS2_PLACEMENT_3D('',#3291,#3292,#3293);
#3291 = CARTESIAN_POINT('',(340.,400.,1.18E+03));
#3292 = DIRECTION('',(0.,0.,1.));
#3293 = DIRECTION('',(1.,0.,-0.));
#3294 = ( GEOMETRIC_REPRESENTATION_CONTEXT(3) 
GLOBAL_UNCERTAINTY_ASSIGNED_CONTEXT((#3298)) 
GLOBAL_UNIT_ASSIGNED_CONTEXT((#3295,#3296,#3297)) REPRESENTATION_CONTEXT
('Context #1','3D Context with UNIT and UNCERTAINTY') );
#3295 = ( LENGTH_UNIT() NAMED_UNIT(*) SI_UNIT(.MILLI.,.METRE.) );
#3296 = ( NAMED_UNIT(*) PLANE_ANGLE_UNIT() SI_UNIT($,.RADIAN.) );
#3297 = ( NAMED_UNIT(*) SI_UNIT($,.STERADIAN.) SOLID_ANGLE_UNIT() );
#3298 = UNCERTAINTY_MEASURE_WITH_UNIT(LENGTH_MEASURE(1.E-07),#3295,
  'distance_accuracy_value','confusion accuracy');
#3299 = CONTEXT_DEPENDENT_SHAPE_REPRESENTATION(#3300,#3302);
#3300 = ( REPRESENTATION_RELATIONSHIP('','',#3143,#10) 
REPRESENTATION_RELATIONSHIP_WITH_TRANSFORMATION(#3301) 
SHAPE_REPRESENTATION_RELATIONSHIP() );
#3301 = ITEM_DEFINED_TRANSFORMATION('','',#11,#43);
#3302 = PRODUCT_DEFINITION_SHAPE('Placement','Placement of an item',
  #3303);
#3303 = NEXT_ASSEMBLY_USAGE_OCCURRENCE('8','45_主轴箱模拟座','',#5
  ,#3138,$);
#3304 = PRODUCT_RELATED_PRODUCT_CATEGORY('part',$,(#3140));
#3305 = SHAPE_DEFINITION_REPRESENTATION(#3306,#3312);
#3306 = PRODUCT_DEFINITION_SHAPE('','',#3307);
#3307 = PRODUCT_DEFINITION('design','',#3308,#3311);
#3308 = PRODUCT_DEFINITION_FORMATION('','',#3309);
#3309 = PRODUCT('46_模拟卡盘','46_模拟卡盘','',(#3310));
#3310 = PRODUCT_CONTEXT('',#2,'mechanical');
#3311 = PRODUCT_DEFINITION_CONTEXT('part definition',#2,'design');
#3312 = ADVANCED_BREP_SHAPE_REPRESENTATION('',(#11,#3313),#3366);
#3313 = MANIFOLD_SOLID_BREP('',#3314);
#3314 = CLOSED_SHELL('',(#3315,#3348,#3357));
#3315 = ADVANCED_FACE('',(#3316),#3343,.T.);
#3316 = FACE_BOUND('',#3317,.T.);
#3317 = EDGE_LOOP('',(#3318,#3327,#3335,#3342));
#3318 = ORIENTED_EDGE('',*,*,#3319,.F.);
#3319 = EDGE_CURVE('',#3320,#3320,#3322,.T.);
#3320 = VERTEX_POINT('',#3321);
#3321 = CARTESIAN_POINT('',(580.,500.,1.18E+03));
#3322 = CIRCLE('',#3323,100.);
#3323 = AXIS2_PLACEMENT_3D('',#3324,#3325,#3326);
#3324 = CARTESIAN_POINT('',(580.,500.,1.08E+03));
#3325 = DIRECTION('',(1.,0.,0.));
#3326 = DIRECTION('',(-0.,0.,1.));
#3327 = ORIENTED_EDGE('',*,*,#3328,.F.);
#3328 = EDGE_CURVE('',#3329,#3320,#3331,.T.);
#3329 = VERTEX_POINT('',#3330);
#3330 = CARTESIAN_POINT('',(520.,500.,1.18E+03));
#3331 = LINE('',#3332,#3333);
#3332 = CARTESIAN_POINT('',(520.,500.,1.18E+03));
#3333 = VECTOR('',#3334,1.);
#3334 = DIRECTION('',(1.,0.,0.));
#3335 = ORIENTED_EDGE('',*,*,#3336,.T.);
#3336 = EDGE_CURVE('',#3329,#3329,#3337,.T.);
#3337 = CIRCLE('',#3338,100.);
#3338 = AXIS2_PLACEMENT_3D('',#3339,#3340,#3341);
#3339 = CARTESIAN_POINT('',(520.,500.,1.08E+03));
#3340 = DIRECTION('',(1.,0.,0.));
#3341 = DIRECTION('',(-0.,0.,1.));
#3342 = ORIENTED_EDGE('',*,*,#3328,.T.);
#3343 = CYLINDRICAL_SURFACE('',#3344,100.);
#3344 = AXIS2_PLACEMENT_3D('',#3345,#3346,#3347);
#3345 = CARTESIAN_POINT('',(520.,500.,1.08E+03));
#3346 = DIRECTION('',(1.,0.,0.));
#3347 = DIRECTION('',(-0.,0.,1.));
#3348 = ADVANCED_FACE('',(#3349),#3352,.T.);
#3349 = FACE_BOUND('',#3350,.T.);
#3350 = EDGE_LOOP('',(#3351));
#3351 = ORIENTED_EDGE('',*,*,#3319,.T.);
#3352 = PLANE('',#3353);
#3353 = AXIS2_PLACEMENT_3D('',#3354,#3355,#3356);
#3354 = CARTESIAN_POINT('',(580.,500.,1.08E+03));
#3355 = DIRECTION('',(1.,0.,0.));
#3356 = DIRECTION('',(-0.,0.,1.));
#3357 = ADVANCED_FACE('',(#3358),#3361,.F.);
#3358 = FACE_BOUND('',#3359,.T.);
#3359 = EDGE_LOOP('',(#3360));
#3360 = ORIENTED_EDGE('',*,*,#3336,.F.);
#3361 = PLANE('',#3362);
#3362 = AXIS2_PLACEMENT_3D('',#3363,#3364,#3365);
#3363 = CARTESIAN_POINT('',(520.,500.,1.08E+03));
#3364 = DIRECTION('',(1.,0.,0.));
#3365 = DIRECTION('',(-0.,0.,1.));
#3366 = ( GEOMETRIC_REPRESENTATION_CONTEXT(3) 
GLOBAL_UNCERTAINTY_ASSIGNED_CONTEXT((#3370)) 
GLOBAL_UNIT_ASSIGNED_CONTEXT((#3367,#3368,#3369)) REPRESENTATION_CONTEXT
('Context #1','3D Context with UNIT and UNCERTAINTY') );
#3367 = ( LENGTH_UNIT() NAMED_UNIT(*) SI_UNIT(.MILLI.,.METRE.) );
#3368 = ( NAMED_UNIT(*) PLANE_ANGLE_UNIT() SI_UNIT($,.RADIAN.) );
#3369 = ( NAMED_UNIT(*) SI_UNIT($,.STERADIAN.) SOLID_ANGLE_UNIT() );
#3370 = UNCERTAINTY_MEASURE_WITH_UNIT(LENGTH_MEASURE(1.E-07),#3367,
  'distance_accuracy_value','confusion accuracy');
#3371 = CONTEXT_DEPENDENT_SHAPE_REPRESENTATION(#3372,#3374);
#3372 = ( REPRESENTATION_RELATIONSHIP('','',#3312,#10) 
REPRESENTATION_RELATIONSHIP_WITH_TRANSFORMATION(#3373) 
SHAPE_REPRESENTATION_RELATIONSHIP() );
#3373 = ITEM_DEFINED_TRANSFORMATION('','',#11,#47);
#3374 = PRODUCT_DEFINITION_SHAPE('Placement','Placement of an item',
  #3375);
#3375 = NEXT_ASSEMBLY_USAGE_OCCURRENCE('9','46_模拟卡盘','',#5,#3307
  ,$);
#3376 = PRODUCT_RELATED_PRODUCT_CATEGORY('part',$,(#3309));
#3377 = SHAPE_DEFINITION_REPRESENTATION(#3378,#3384);
#3378 = PRODUCT_DEFINITION_SHAPE('','',#3379);
#3379 = PRODUCT_DEFINITION('design','',#3380,#3383);
#3380 = PRODUCT_DEFINITION_FORMATION('','',#3381);
#3381 = PRODUCT('15_回转接头泄漏模拟针阀',
  '15_回转接头泄漏模拟针阀','',(#3382));
#3382 = PRODUCT_CONTEXT('',#2,'mechanical');
#3383 = PRODUCT_DEFINITION_CONTEXT('part definition',#2,'design');
#3384 = ADVANCED_BREP_SHAPE_REPRESENTATION('',(#11,#3385),#3535);
#3385 = MANIFOLD_SOLID_BREP('',#3386);
#3386 = CLOSED_SHELL('',(#3387,#3427,#3467,#3489,#3511,#3523));
#3387 = ADVANCED_FACE('',(#3388),#3422,.F.);
#3388 = FACE_BOUND('',#3389,.F.);
#3389 = EDGE_LOOP('',(#3390,#3400,#3408,#3416));
#3390 = ORIENTED_EDGE('',*,*,#3391,.F.);
#3391 = EDGE_CURVE('',#3392,#3394,#3396,.T.);
#3392 = VERTEX_POINT('',#3393);
#3393 = CARTESIAN_POINT('',(380.,360.,1.18E+03));
#3394 = VERTEX_POINT('',#3395);
#3395 = CARTESIAN_POINT('',(380.,360.,1.22E+03));
#3396 = LINE('',#3397,#3398);
#3397 = CARTESIAN_POINT('',(380.,360.,1.18E+03));
#3398 = VECTOR('',#3399,1.);
#3399 = DIRECTION('',(0.,0.,1.));
#3400 = ORIENTED_EDGE('',*,*,#3401,.T.);
#3401 = EDGE_CURVE('',#3392,#3402,#3404,.T.);
#3402 = VERTEX_POINT('',#3403);
#3403 = CARTESIAN_POINT('',(380.,420.,1.18E+03));
#3404 = LINE('',#3405,#3406);
#3405 = CARTESIAN_POINT('',(380.,360.,1.18E+03));
#3406 = VECTOR('',#3407,1.);
#3407 = DIRECTION('',(-0.,1.,0.));
#3408 = ORIENTED_EDGE('',*,*,#3409,.T.);
#3409 = EDGE_CURVE('',#3402,#3410,#3412,.T.);
#3410 = VERTEX_POINT('',#3411);
#3411 = CARTESIAN_POINT('',(380.,420.,1.22E+03));
#3412 = LINE('',#3413,#3414);
#3413 = CARTESIAN_POINT('',(380.,420.,1.18E+03));
#3414 = VECTOR('',#3415,1.);
#3415 = DIRECTION('',(0.,0.,1.));
#3416 = ORIENTED_EDGE('',*,*,#3417,.F.);
#3417 = EDGE_CURVE('',#3394,#3410,#3418,.T.);
#3418 = LINE('',#3419,#3420);
#3419 = CARTESIAN_POINT('',(380.,360.,1.22E+03));
#3420 = VECTOR('',#3421,1.);
#3421 = DIRECTION('',(-0.,1.,0.));
#3422 = PLANE('',#3423);
#3423 = AXIS2_PLACEMENT_3D('',#3424,#3425,#3426);
#3424 = CARTESIAN_POINT('',(380.,360.,1.18E+03));
#3425 = DIRECTION('',(1.,0.,-0.));
#3426 = DIRECTION('',(0.,0.,1.));
#3427 = ADVANCED_FACE('',(#3428),#3462,.T.);
#3428 = FACE_BOUND('',#3429,.T.);
#3429 = EDGE_LOOP('',(#3430,#3440,#3448,#3456));
#3430 = ORIENTED_EDGE('',*,*,#3431,.F.);
#3431 = EDGE_CURVE('',#3432,#3434,#3436,.T.);
#3432 = VERTEX_POINT('',#3433);
#3433 = CARTESIAN_POINT('',(440.,360.,1.18E+03));
#3434 = VERTEX_POINT('',#3435);
#3435 = CARTESIAN_POINT('',(440.,360.,1.22E+03));
#3436 = LINE('',#3437,#3438);
#3437 = CARTESIAN_POINT('',(440.,360.,1.18E+03));
#3438 = VECTOR('',#3439,1.);
#3439 = DIRECTION('',(0.,0.,1.));
#3440 = ORIENTED_EDGE('',*,*,#3441,.T.);
#3441 = EDGE_CURVE('',#3432,#3442,#3444,.T.);
#3442 = VERTEX_POINT('',#3443);
#3443 = CARTESIAN_POINT('',(440.,420.,1.18E+03));
#3444 = LINE('',#3445,#3446);
#3445 = CARTESIAN_POINT('',(440.,360.,1.18E+03));
#3446 = VECTOR('',#3447,1.);
#3447 = DIRECTION('',(-0.,1.,0.));
#3448 = ORIENTED_EDGE('',*,*,#3449,.T.);
#3449 = EDGE_CURVE('',#3442,#3450,#3452,.T.);
#3450 = VERTEX_POINT('',#3451);
#3451 = CARTESIAN_POINT('',(440.,420.,1.22E+03));
#3452 = LINE('',#3453,#3454);
#3453 = CARTESIAN_POINT('',(440.,420.,1.18E+03));
#3454 = VECTOR('',#3455,1.);
#3455 = DIRECTION('',(0.,0.,1.));
#3456 = ORIENTED_EDGE('',*,*,#3457,.F.);
#3457 = EDGE_CURVE('',#3434,#3450,#3458,.T.);
#3458 = LINE('',#3459,#3460);
#3459 = CARTESIAN_POINT('',(440.,360.,1.22E+03));
#3460 = VECTOR('',#3461,1.);
#3461 = DIRECTION('',(-0.,1.,0.));
#3462 = PLANE('',#3463);
#3463 = AXIS2_PLACEMENT_3D('',#3464,#3465,#3466);
#3464 = CARTESIAN_POINT('',(440.,360.,1.18E+03));
#3465 = DIRECTION('',(1.,0.,-0.));
#3466 = DIRECTION('',(0.,0.,1.));
#3467 = ADVANCED_FACE('',(#3468),#3484,.F.);
#3468 = FACE_BOUND('',#3469,.F.);
#3469 = EDGE_LOOP('',(#3470,#3476,#3477,#3483));
#3470 = ORIENTED_EDGE('',*,*,#3471,.F.);
#3471 = EDGE_CURVE('',#3392,#3432,#3472,.T.);
#3472 = LINE('',#3473,#3474);
#3473 = CARTESIAN_POINT('',(380.,360.,1.18E+03));
#3474 = VECTOR('',#3475,1.);
#3475 = DIRECTION('',(1.,0.,-0.));
#3476 = ORIENTED_EDGE('',*,*,#3391,.T.);
#3477 = ORIENTED_EDGE('',*,*,#3478,.T.);
#3478 = EDGE_CURVE('',#3394,#3434,#3479,.T.);
#3479 = LINE('',#3480,#3481);
#3480 = CARTESIAN_POINT('',(380.,360.,1.22E+03));
#3481 = VECTOR('',#3482,1.);
#3482 = DIRECTION('',(1.,0.,-0.));
#3483 = ORIENTED_EDGE('',*,*,#3431,.F.);
#3484 = PLANE('',#3485);
#3485 = AXIS2_PLACEMENT_3D('',#3486,#3487,#3488);
#3486 = CARTESIAN_POINT('',(380.,360.,1.18E+03));
#3487 = DIRECTION('',(-0.,1.,0.));
#3488 = DIRECTION('',(0.,0.,1.));
#3489 = ADVANCED_FACE('',(#3490),#3506,.T.);
#3490 = FACE_BOUND('',#3491,.T.);
#3491 = EDGE_LOOP('',(#3492,#3498,#3499,#3505));
#3492 = ORIENTED_EDGE('',*,*,#3493,.F.);
#3493 = EDGE_CURVE('',#3402,#3442,#3494,.T.);
#3494 = LINE('',#3495,#3496);
#3495 = CARTESIAN_POINT('',(380.,420.,1.18E+03));
#3496 = VECTOR('',#3497,1.);
#3497 = DIRECTION('',(1.,0.,-0.));
#3498 = ORIENTED_EDGE('',*,*,#3409,.T.);
#3499 = ORIENTED_EDGE('',*,*,#3500,.T.);
#3500 = EDGE_CURVE('',#3410,#3450,#3501,.T.);
#3501 = LINE('',#3502,#3503);
#3502 = CARTESIAN_POINT('',(380.,420.,1.22E+03));
#3503 = VECTOR('',#3504,1.);
#3504 = DIRECTION('',(1.,0.,-0.));
#3505 = ORIENTED_EDGE('',*,*,#3449,.F.);
#3506 = PLANE('',#3507);
#3507 = AXIS2_PLACEMENT_3D('',#3508,#3509,#3510);
#3508 = CARTESIAN_POINT('',(380.,420.,1.18E+03));
#3509 = DIRECTION('',(-0.,1.,0.));
#3510 = DIRECTION('',(0.,0.,1.));
#3511 = ADVANCED_FACE('',(#3512),#3518,.F.);
#3512 = FACE_BOUND('',#3513,.F.);
#3513 = EDGE_LOOP('',(#3514,#3515,#3516,#3517));
#3514 = ORIENTED_EDGE('',*,*,#3401,.F.);
#3515 = ORIENTED_EDGE('',*,*,#3471,.T.);
#3516 = ORIENTED_EDGE('',*,*,#3441,.T.);
#3517 = ORIENTED_EDGE('',*,*,#3493,.F.);
#3518 = PLANE('',#3519);
#3519 = AXIS2_PLACEMENT_3D('',#3520,#3521,#3522);
#3520 = CARTESIAN_POINT('',(380.,360.,1.18E+03));
#3521 = DIRECTION('',(0.,0.,1.));
#3522 = DIRECTION('',(1.,0.,-0.));
#3523 = ADVANCED_FACE('',(#3524),#3530,.T.);
#3524 = FACE_BOUND('',#3525,.T.);
#3525 = EDGE_LOOP('',(#3526,#3527,#3528,#3529));
#3526 = ORIENTED_EDGE('',*,*,#3417,.F.);
#3527 = ORIENTED_EDGE('',*,*,#3478,.T.);
#3528 = ORIENTED_EDGE('',*,*,#3457,.T.);
#3529 = ORIENTED_EDGE('',*,*,#3500,.F.);
#3530 = PLANE('',#3531);
#3531 = AXIS2_PLACEMENT_3D('',#3532,#3533,#3534);
#3532 = CARTESIAN_POINT('',(380.,360.,1.22E+03));
#3533 = DIRECTION('',(0.,0.,1.));
#3534 = DIRECTION('',(1.,0.,-0.));
#3535 = ( GEOMETRIC_REPRESENTATION_CONTEXT(3) 
GLOBAL_UNCERTAINTY_ASSIGNED_CONTEXT((#3539)) 
GLOBAL_UNIT_ASSIGNED_CONTEXT((#3536,#3537,#3538)) REPRESENTATION_CONTEXT
('Context #1','3D Context with UNIT and UNCERTAINTY') );
#3536 = ( LENGTH_UNIT() NAMED_UNIT(*) SI_UNIT(.MILLI.,.METRE.) );
#3537 = ( NAMED_UNIT(*) PLANE_ANGLE_UNIT() SI_UNIT($,.RADIAN.) );
#3538 = ( NAMED_UNIT(*) SI_UNIT($,.STERADIAN.) SOLID_ANGLE_UNIT() );
#3539 = UNCERTAINTY_MEASURE_WITH_UNIT(LENGTH_MEASURE(1.E-07),#3536,
  'distance_accuracy_value','confusion accuracy');
#3540 = CONTEXT_DEPENDENT_SHAPE_REPRESENTATION(#3541,#3543);
#3541 = ( REPRESENTATION_RELATIONSHIP('','',#3384,#10) 
REPRESENTATION_RELATIONSHIP_WITH_TRANSFORMATION(#3542) 
SHAPE_REPRESENTATION_RELATIONSHIP() );
#3542 = ITEM_DEFINED_TRANSFORMATION('','',#11,#51);
#3543 = PRODUCT_DEFINITION_SHAPE('Placement','Placement of an item',
  #3544);
#3544 = NEXT_ASSEMBLY_USAGE_OCCURRENCE('10',
  '15_回转接头泄漏模拟针阀','',#5,#3379,$);
#3545 = PRODUCT_RELATED_PRODUCT_CATEGORY('part',$,(#3381));
#3546 = SHAPE_DEFINITION_REPRESENTATION(#3547,#3553);
#3547 = PRODUCT_DEFINITION_SHAPE('','',#3548);
#3548 = PRODUCT_DEFINITION('design','',#3549,#3552);
#3549 = PRODUCT_DEFINITION_FORMATION('','',#3550);
#3550 = PRODUCT('47_伺服电机','47_伺服电机','',(#3551));
#3551 = PRODUCT_CONTEXT('',#2,'mechanical');
#3552 = PRODUCT_DEFINITION_CONTEXT('part definition',#2,'design');
#3553 = ADVANCED_BREP_SHAPE_REPRESENTATION('',(#11,#3554),#3704);
#3554 = MANIFOLD_SOLID_BREP('',#3555);
#3555 = CLOSED_SHELL('',(#3556,#3596,#3636,#3658,#3680,#3692));
#3556 = ADVANCED_FACE('',(#3557),#3591,.F.);
#3557 = FACE_BOUND('',#3558,.F.);
#3558 = EDGE_LOOP('',(#3559,#3569,#3577,#3585));
#3559 = ORIENTED_EDGE('',*,*,#3560,.F.);
#3560 = EDGE_CURVE('',#3561,#3563,#3565,.T.);
#3561 = VERTEX_POINT('',#3562);
#3562 = CARTESIAN_POINT('',(600.,460.,1.04E+03));
#3563 = VERTEX_POINT('',#3564);
#3564 = CARTESIAN_POINT('',(600.,460.,1.12E+03));
#3565 = LINE('',#3566,#3567);
#3566 = CARTESIAN_POINT('',(600.,460.,1.04E+03));
#3567 = VECTOR('',#3568,1.);
#3568 = DIRECTION('',(0.,0.,1.));
#3569 = ORIENTED_EDGE('',*,*,#3570,.T.);
#3570 = EDGE_CURVE('',#3561,#3571,#3573,.T.);
#3571 = VERTEX_POINT('',#3572);
#3572 = CARTESIAN_POINT('',(600.,540.,1.04E+03));
#3573 = LINE('',#3574,#3575);
#3574 = CARTESIAN_POINT('',(600.,460.,1.04E+03));
#3575 = VECTOR('',#3576,1.);
#3576 = DIRECTION('',(-0.,1.,0.));
#3577 = ORIENTED_EDGE('',*,*,#3578,.T.);
#3578 = EDGE_CURVE('',#3571,#3579,#3581,.T.);
#3579 = VERTEX_POINT('',#3580);
#3580 = CARTESIAN_POINT('',(600.,540.,1.12E+03));
#3581 = LINE('',#3582,#3583);
#3582 = CARTESIAN_POINT('',(600.,540.,1.04E+03));
#3583 = VECTOR('',#3584,1.);
#3584 = DIRECTION('',(0.,0.,1.));
#3585 = ORIENTED_EDGE('',*,*,#3586,.F.);
#3586 = EDGE_CURVE('',#3563,#3579,#3587,.T.);
#3587 = LINE('',#3588,#3589);
#3588 = CARTESIAN_POINT('',(600.,460.,1.12E+03));
#3589 = VECTOR('',#3590,1.);
#3590 = DIRECTION('',(-0.,1.,0.));
#3591 = PLANE('',#3592);
#3592 = AXIS2_PLACEMENT_3D('',#3593,#3594,#3595);
#3593 = CARTESIAN_POINT('',(600.,460.,1.04E+03));
#3594 = DIRECTION('',(1.,0.,-0.));
#3595 = DIRECTION('',(0.,0.,1.));
#3596 = ADVANCED_FACE('',(#3597),#3631,.T.);
#3597 = FACE_BOUND('',#3598,.T.);
#3598 = EDGE_LOOP('',(#3599,#3609,#3617,#3625));
#3599 = ORIENTED_EDGE('',*,*,#3600,.F.);
#3600 = EDGE_CURVE('',#3601,#3603,#3605,.T.);
#3601 = VERTEX_POINT('',#3602);
#3602 = CARTESIAN_POINT('',(680.,460.,1.04E+03));
#3603 = VERTEX_POINT('',#3604);
#3604 = CARTESIAN_POINT('',(680.,460.,1.12E+03));
#3605 = LINE('',#3606,#3607);
#3606 = CARTESIAN_POINT('',(680.,460.,1.04E+03));
#3607 = VECTOR('',#3608,1.);
#3608 = DIRECTION('',(0.,0.,1.));
#3609 = ORIENTED_EDGE('',*,*,#3610,.T.);
#3610 = EDGE_CURVE('',#3601,#3611,#3613,.T.);
#3611 = VERTEX_POINT('',#3612);
#3612 = CARTESIAN_POINT('',(680.,540.,1.04E+03));
#3613 = LINE('',#3614,#3615);
#3614 = CARTESIAN_POINT('',(680.,460.,1.04E+03));
#3615 = VECTOR('',#3616,1.);
#3616 = DIRECTION('',(-0.,1.,0.));
#3617 = ORIENTED_EDGE('',*,*,#3618,.T.);
#3618 = EDGE_CURVE('',#3611,#3619,#3621,.T.);
#3619 = VERTEX_POINT('',#3620);
#3620 = CARTESIAN_POINT('',(680.,540.,1.12E+03));
#3621 = LINE('',#3622,#3623);
#3622 = CARTESIAN_POINT('',(680.,540.,1.04E+03));
#3623 = VECTOR('',#3624,1.);
#3624 = DIRECTION('',(0.,0.,1.));
#3625 = ORIENTED_EDGE('',*,*,#3626,.F.);
#3626 = EDGE_CURVE('',#3603,#3619,#3627,.T.);
#3627 = LINE('',#3628,#3629);
#3628 = CARTESIAN_POINT('',(680.,460.,1.12E+03));
#3629 = VECTOR('',#3630,1.);
#3630 = DIRECTION('',(-0.,1.,0.));
#3631 = PLANE('',#3632);
#3632 = AXIS2_PLACEMENT_3D('',#3633,#3634,#3635);
#3633 = CARTESIAN_POINT('',(680.,460.,1.04E+03));
#3634 = DIRECTION('',(1.,0.,-0.));
#3635 = DIRECTION('',(0.,0.,1.));
#3636 = ADVANCED_FACE('',(#3637),#3653,.F.);
#3637 = FACE_BOUND('',#3638,.F.);
#3638 = EDGE_LOOP('',(#3639,#3645,#3646,#3652));
#3639 = ORIENTED_EDGE('',*,*,#3640,.F.);
#3640 = EDGE_CURVE('',#3561,#3601,#3641,.T.);
#3641 = LINE('',#3642,#3643);
#3642 = CARTESIAN_POINT('',(600.,460.,1.04E+03));
#3643 = VECTOR('',#3644,1.);
#3644 = DIRECTION('',(1.,0.,-0.));
#3645 = ORIENTED_EDGE('',*,*,#3560,.T.);
#3646 = ORIENTED_EDGE('',*,*,#3647,.T.);
#3647 = EDGE_CURVE('',#3563,#3603,#3648,.T.);
#3648 = LINE('',#3649,#3650);
#3649 = CARTESIAN_POINT('',(600.,460.,1.12E+03));
#3650 = VECTOR('',#3651,1.);
#3651 = DIRECTION('',(1.,0.,-0.));
#3652 = ORIENTED_EDGE('',*,*,#3600,.F.);
#3653 = PLANE('',#3654);
#3654 = AXIS2_PLACEMENT_3D('',#3655,#3656,#3657);
#3655 = CARTESIAN_POINT('',(600.,460.,1.04E+03));
#3656 = DIRECTION('',(-0.,1.,0.));
#3657 = DIRECTION('',(0.,0.,1.));
#3658 = ADVANCED_FACE('',(#3659),#3675,.T.);
#3659 = FACE_BOUND('',#3660,.T.);
#3660 = EDGE_LOOP('',(#3661,#3667,#3668,#3674));
#3661 = ORIENTED_EDGE('',*,*,#3662,.F.);
#3662 = EDGE_CURVE('',#3571,#3611,#3663,.T.);
#3663 = LINE('',#3664,#3665);
#3664 = CARTESIAN_POINT('',(600.,540.,1.04E+03));
#3665 = VECTOR('',#3666,1.);
#3666 = DIRECTION('',(1.,0.,-0.));
#3667 = ORIENTED_EDGE('',*,*,#3578,.T.);
#3668 = ORIENTED_EDGE('',*,*,#3669,.T.);
#3669 = EDGE_CURVE('',#3579,#3619,#3670,.T.);
#3670 = LINE('',#3671,#3672);
#3671 = CARTESIAN_POINT('',(600.,540.,1.12E+03));
#3672 = VECTOR('',#3673,1.);
#3673 = DIRECTION('',(1.,0.,-0.));
#3674 = ORIENTED_EDGE('',*,*,#3618,.F.);
#3675 = PLANE('',#3676);
#3676 = AXIS2_PLACEMENT_3D('',#3677,#3678,#3679);
#3677 = CARTESIAN_POINT('',(600.,540.,1.04E+03));
#3678 = DIRECTION('',(-0.,1.,0.));
#3679 = DIRECTION('',(0.,0.,1.));
#3680 = ADVANCED_FACE('',(#3681),#3687,.F.);
#3681 = FACE_BOUND('',#3682,.F.);
#3682 = EDGE_LOOP('',(#3683,#3684,#3685,#3686));
#3683 = ORIENTED_EDGE('',*,*,#3570,.F.);
#3684 = ORIENTED_EDGE('',*,*,#3640,.T.);
#3685 = ORIENTED_EDGE('',*,*,#3610,.T.);
#3686 = ORIENTED_EDGE('',*,*,#3662,.F.);
#3687 = PLANE('',#3688);
#3688 = AXIS2_PLACEMENT_3D('',#3689,#3690,#3691);
#3689 = CARTESIAN_POINT('',(600.,460.,1.04E+03));
#3690 = DIRECTION('',(0.,0.,1.));
#3691 = DIRECTION('',(1.,0.,-0.));
#3692 = ADVANCED_FACE('',(#3693),#3699,.T.);
#3693 = FACE_BOUND('',#3694,.T.);
#3694 = EDGE_LOOP('',(#3695,#3696,#3697,#3698));
#3695 = ORIENTED_EDGE('',*,*,#3586,.F.);
#3696 = ORIENTED_EDGE('',*,*,#3647,.T.);
#3697 = ORIENTED_EDGE('',*,*,#3626,.T.);
#3698 = ORIENTED_EDGE('',*,*,#3669,.F.);
#3699 = PLANE('',#3700);
#3700 = AXIS2_PLACEMENT_3D('',#3701,#3702,#3703);
#3701 = CARTESIAN_POINT('',(600.,460.,1.12E+03));
#3702 = DIRECTION('',(0.,0.,1.));
#3703 = DIRECTION('',(1.,0.,-0.));
#3704 = ( GEOMETRIC_REPRESENTATION_CONTEXT(3) 
GLOBAL_UNCERTAINTY_ASSIGNED_CONTEXT((#3708)) 
GLOBAL_UNIT_ASSIGNED_CONTEXT((#3705,#3706,#3707)) REPRESENTATION_CONTEXT
('Context #1','3D Context with UNIT and UNCERTAINTY') );
#3705 = ( LENGTH_UNIT() NAMED_UNIT(*) SI_UNIT(.MILLI.,.METRE.) );
#3706 = ( NAMED_UNIT(*) PLANE_ANGLE_UNIT() SI_UNIT($,.RADIAN.) );
#3707 = ( NAMED_UNIT(*) SI_UNIT($,.STERADIAN.) SOLID_ANGLE_UNIT() );
#3708 = UNCERTAINTY_MEASURE_WITH_UNIT(LENGTH_MEASURE(1.E-07),#3705,
  'distance_accuracy_value','confusion accuracy');
#3709 = CONTEXT_DEPENDENT_SHAPE_REPRESENTATION(#3710,#3712);
#3710 = ( REPRESENTATION_RELATIONSHIP('','',#3553,#10) 
REPRESENTATION_RELATIONSHIP_WITH_TRANSFORMATION(#3711) 
SHAPE_REPRESENTATION_RELATIONSHIP() );
#3711 = ITEM_DEFINED_TRANSFORMATION('','',#11,#55);
#3712 = PRODUCT_DEFINITION_SHAPE('Placement','Placement of an item',
  #3713);
#3713 = NEXT_ASSEMBLY_USAGE_OCCURRENCE('11','47_伺服电机','',#5,
  #3548,$);
#3714 = PRODUCT_RELATED_PRODUCT_CATEGORY('part',$,(#3550));
#3715 = SHAPE_DEFINITION_REPRESENTATION(#3716,#3722);
#3716 = PRODUCT_DEFINITION_SHAPE('','',#3717);
#3717 = PRODUCT_DEFINITION('design','',#3718,#3721);
#3718 = PRODUCT_DEFINITION_FORMATION('','',#3719);
#3719 = PRODUCT('48_精密丝杠-楔块加载座',
  '48_精密丝杠-楔块加载座','',(#3720));
#3720 = PRODUCT_CONTEXT('',#2,'mechanical');
#3721 = PRODUCT_DEFINITION_CONTEXT('part definition',#2,'design');
#3722 = ADVANCED_BREP_SHAPE_REPRESENTATION('',(#11,#3723),#3873);
#3723 = MANIFOLD_SOLID_BREP('',#3724);
#3724 = CLOSED_SHELL('',(#3725,#3765,#3805,#3827,#3849,#3861));
#3725 = ADVANCED_FACE('',(#3726),#3760,.F.);
#3726 = FACE_BOUND('',#3727,.F.);
#3727 = EDGE_LOOP('',(#3728,#3738,#3746,#3754));
#3728 = ORIENTED_EDGE('',*,*,#3729,.F.);
#3729 = EDGE_CURVE('',#3730,#3732,#3734,.T.);
#3730 = VERTEX_POINT('',#3731);
#3731 = CARTESIAN_POINT('',(680.,430.,930.));
#3732 = VERTEX_POINT('',#3733);
#3733 = CARTESIAN_POINT('',(680.,430.,1.14E+03));
#3734 = LINE('',#3735,#3736);
#3735 = CARTESIAN_POINT('',(680.,430.,930.));
#3736 = VECTOR('',#3737,1.);
#3737 = DIRECTION('',(0.,0.,1.));
#3738 = ORIENTED_EDGE('',*,*,#3739,.T.);
#3739 = EDGE_CURVE('',#3730,#3740,#3742,.T.);
#3740 = VERTEX_POINT('',#3741);
#3741 = CARTESIAN_POINT('',(680.,570.,930.));
#3742 = LINE('',#3743,#3744);
#3743 = CARTESIAN_POINT('',(680.,430.,930.));
#3744 = VECTOR('',#3745,1.);
#3745 = DIRECTION('',(-0.,1.,0.));
#3746 = ORIENTED_EDGE('',*,*,#3747,.T.);
#3747 = EDGE_CURVE('',#3740,#3748,#3750,.T.);
#3748 = VERTEX_POINT('',#3749);
#3749 = CARTESIAN_POINT('',(680.,570.,1.14E+03));
#3750 = LINE('',#3751,#3752);
#3751 = CARTESIAN_POINT('',(680.,570.,930.));
#3752 = VECTOR('',#3753,1.);
#3753 = DIRECTION('',(0.,0.,1.));
#3754 = ORIENTED_EDGE('',*,*,#3755,.F.);
#3755 = EDGE_CURVE('',#3732,#3748,#3756,.T.);
#3756 = LINE('',#3757,#3758);
#3757 = CARTESIAN_POINT('',(680.,430.,1.14E+03));
#3758 = VECTOR('',#3759,1.);
#3759 = DIRECTION('',(-0.,1.,0.));
#3760 = PLANE('',#3761);
#3761 = AXIS2_PLACEMENT_3D('',#3762,#3763,#3764);
#3762 = CARTESIAN_POINT('',(680.,430.,930.));
#3763 = DIRECTION('',(1.,0.,-0.));
#3764 = DIRECTION('',(0.,0.,1.));
#3765 = ADVANCED_FACE('',(#3766),#3800,.T.);
#3766 = FACE_BOUND('',#3767,.T.);
#3767 = EDGE_LOOP('',(#3768,#3778,#3786,#3794));
#3768 = ORIENTED_EDGE('',*,*,#3769,.F.);
#3769 = EDGE_CURVE('',#3770,#3772,#3774,.T.);
#3770 = VERTEX_POINT('',#3771);
#3771 = CARTESIAN_POINT('',(800.,430.,930.));
#3772 = VERTEX_POINT('',#3773);
#3773 = CARTESIAN_POINT('',(800.,430.,1.14E+03));
#3774 = LINE('',#3775,#3776);
#3775 = CARTESIAN_POINT('',(800.,430.,930.));
#3776 = VECTOR('',#3777,1.);
#3777 = DIRECTION('',(0.,0.,1.));
#3778 = ORIENTED_EDGE('',*,*,#3779,.T.);
#3779 = EDGE_CURVE('',#3770,#3780,#3782,.T.);
#3780 = VERTEX_POINT('',#3781);
#3781 = CARTESIAN_POINT('',(800.,570.,930.));
#3782 = LINE('',#3783,#3784);
#3783 = CARTESIAN_POINT('',(800.,430.,930.));
#3784 = VECTOR('',#3785,1.);
#3785 = DIRECTION('',(-0.,1.,0.));
#3786 = ORIENTED_EDGE('',*,*,#3787,.T.);
#3787 = EDGE_CURVE('',#3780,#3788,#3790,.T.);
#3788 = VERTEX_POINT('',#3789);
#3789 = CARTESIAN_POINT('',(800.,570.,1.14E+03));
#3790 = LINE('',#3791,#3792);
#3791 = CARTESIAN_POINT('',(800.,570.,930.));
#3792 = VECTOR('',#3793,1.);
#3793 = DIRECTION('',(0.,0.,1.));
#3794 = ORIENTED_EDGE('',*,*,#3795,.F.);
#3795 = EDGE_CURVE('',#3772,#3788,#3796,.T.);
#3796 = LINE('',#3797,#3798);
#3797 = CARTESIAN_POINT('',(800.,430.,1.14E+03));
#3798 = VECTOR('',#3799,1.);
#3799 = DIRECTION('',(-0.,1.,0.));
#3800 = PLANE('',#3801);
#3801 = AXIS2_PLACEMENT_3D('',#3802,#3803,#3804);
#3802 = CARTESIAN_POINT('',(800.,430.,930.));
#3803 = DIRECTION('',(1.,0.,-0.));
#3804 = DIRECTION('',(0.,0.,1.));
#3805 = ADVANCED_FACE('',(#3806),#3822,.F.);
#3806 = FACE_BOUND('',#3807,.F.);
#3807 = EDGE_LOOP('',(#3808,#3814,#3815,#3821));
#3808 = ORIENTED_EDGE('',*,*,#3809,.F.);
#3809 = EDGE_CURVE('',#3730,#3770,#3810,.T.);
#3810 = LINE('',#3811,#3812);
#3811 = CARTESIAN_POINT('',(680.,430.,930.));
#3812 = VECTOR('',#3813,1.);
#3813 = DIRECTION('',(1.,0.,-0.));
#3814 = ORIENTED_EDGE('',*,*,#3729,.T.);
#3815 = ORIENTED_EDGE('',*,*,#3816,.T.);
#3816 = EDGE_CURVE('',#3732,#3772,#3817,.T.);
#3817 = LINE('',#3818,#3819);
#3818 = CARTESIAN_POINT('',(680.,430.,1.14E+03));
#3819 = VECTOR('',#3820,1.);
#3820 = DIRECTION('',(1.,0.,-0.));
#3821 = ORIENTED_EDGE('',*,*,#3769,.F.);
#3822 = PLANE('',#3823);
#3823 = AXIS2_PLACEMENT_3D('',#3824,#3825,#3826);
#3824 = CARTESIAN_POINT('',(680.,430.,930.));
#3825 = DIRECTION('',(-0.,1.,0.));
#3826 = DIRECTION('',(0.,0.,1.));
#3827 = ADVANCED_FACE('',(#3828),#3844,.T.);
#3828 = FACE_BOUND('',#3829,.T.);
#3829 = EDGE_LOOP('',(#3830,#3836,#3837,#3843));
#3830 = ORIENTED_EDGE('',*,*,#3831,.F.);
#3831 = EDGE_CURVE('',#3740,#3780,#3832,.T.);
#3832 = LINE('',#3833,#3834);
#3833 = CARTESIAN_POINT('',(680.,570.,930.));
#3834 = VECTOR('',#3835,1.);
#3835 = DIRECTION('',(1.,0.,-0.));
#3836 = ORIENTED_EDGE('',*,*,#3747,.T.);
#3837 = ORIENTED_EDGE('',*,*,#3838,.T.);
#3838 = EDGE_CURVE('',#3748,#3788,#3839,.T.);
#3839 = LINE('',#3840,#3841);
#3840 = CARTESIAN_POINT('',(680.,570.,1.14E+03));
#3841 = VECTOR('',#3842,1.);
#3842 = DIRECTION('',(1.,0.,-0.));
#3843 = ORIENTED_EDGE('',*,*,#3787,.F.);
#3844 = PLANE('',#3845);
#3845 = AXIS2_PLACEMENT_3D('',#3846,#3847,#3848);
#3846 = CARTESIAN_POINT('',(680.,570.,930.));
#3847 = DIRECTION('',(-0.,1.,0.));
#3848 = DIRECTION('',(0.,0.,1.));
#3849 = ADVANCED_FACE('',(#3850),#3856,.F.);
#3850 = FACE_BOUND('',#3851,.F.);
#3851 = EDGE_LOOP('',(#3852,#3853,#3854,#3855));
#3852 = ORIENTED_EDGE('',*,*,#3739,.F.);
#3853 = ORIENTED_EDGE('',*,*,#3809,.T.);
#3854 = ORIENTED_EDGE('',*,*,#3779,.T.);
#3855 = ORIENTED_EDGE('',*,*,#3831,.F.);
#3856 = PLANE('',#3857);
#3857 = AXIS2_PLACEMENT_3D('',#3858,#3859,#3860);
#3858 = CARTESIAN_POINT('',(680.,430.,930.));
#3859 = DIRECTION('',(0.,0.,1.));
#3860 = DIRECTION('',(1.,0.,-0.));
#3861 = ADVANCED_FACE('',(#3862),#3868,.T.);
#3862 = FACE_BOUND('',#3863,.T.);
#3863 = EDGE_LOOP('',(#3864,#3865,#3866,#3867));
#3864 = ORIENTED_EDGE('',*,*,#3755,.F.);
#3865 = ORIENTED_EDGE('',*,*,#3816,.T.);
#3866 = ORIENTED_EDGE('',*,*,#3795,.T.);
#3867 = ORIENTED_EDGE('',*,*,#3838,.F.);
#3868 = PLANE('',#3869);
#3869 = AXIS2_PLACEMENT_3D('',#3870,#3871,#3872);
#3870 = CARTESIAN_POINT('',(680.,430.,1.14E+03));
#3871 = DIRECTION('',(0.,0.,1.));
#3872 = DIRECTION('',(1.,0.,-0.));
#3873 = ( GEOMETRIC_REPRESENTATION_CONTEXT(3) 
GLOBAL_UNCERTAINTY_ASSIGNED_CONTEXT((#3877)) 
GLOBAL_UNIT_ASSIGNED_CONTEXT((#3874,#3875,#3876)) REPRESENTATION_CONTEXT
('Context #1','3D Context with UNIT and UNCERTAINTY') );
#3874 = ( LENGTH_UNIT() NAMED_UNIT(*) SI_UNIT(.MILLI.,.METRE.) );
#3875 = ( NAMED_UNIT(*) PLANE_ANGLE_UNIT() SI_UNIT($,.RADIAN.) );
#3876 = ( NAMED_UNIT(*) SI_UNIT($,.STERADIAN.) SOLID_ANGLE_UNIT() );
#3877 = UNCERTAINTY_MEASURE_WITH_UNIT(LENGTH_MEASURE(1.E-07),#3874,
  'distance_accuracy_value','confusion accuracy');
#3878 = CONTEXT_DEPENDENT_SHAPE_REPRESENTATION(#3879,#3881);
#3879 = ( REPRESENTATION_RELATIONSHIP('','',#3722,#10) 
REPRESENTATION_RELATIONSHIP_WITH_TRANSFORMATION(#3880) 
SHAPE_REPRESENTATION_RELATIONSHIP() );
#3880 = ITEM_DEFINED_TRANSFORMATION('','',#11,#59);
#3881 = PRODUCT_DEFINITION_SHAPE('Placement','Placement of an item',
  #3882);
#3882 = NEXT_ASSEMBLY_USAGE_OCCURRENCE('12',
  '48_精密丝杠-楔块加载座','',#5,#3717,$);
#3883 = PRODUCT_RELATED_PRODUCT_CATEGORY('part',$,(#3719));
#3884 = SHAPE_DEFINITION_REPRESENTATION(#3885,#3891);
#3885 = PRODUCT_DEFINITION_SHAPE('','',#3886);
#3886 = PRODUCT_DEFINITION('design','',#3887,#3890);
#3887 = PRODUCT_DEFINITION_FORMATION('','',#3888);
#3888 = PRODUCT('49_推力传感器','49_推力传感器','',(#3889));
#3889 = PRODUCT_CONTEXT('',#2,'mechanical');
#3890 = PRODUCT_DEFINITION_CONTEXT('part definition',#2,'design');
#3891 = ADVANCED_BREP_SHAPE_REPRESENTATION('',(#11,#3892),#3945);
#3892 = MANIFOLD_SOLID_BREP('',#3893);
#3893 = CLOSED_SHELL('',(#3894,#3927,#3936));
#3894 = ADVANCED_FACE('',(#3895),#3922,.T.);
#3895 = FACE_BOUND('',#3896,.T.);
#3896 = EDGE_LOOP('',(#3897,#3906,#3914,#3921));
#3897 = ORIENTED_EDGE('',*,*,#3898,.F.);
#3898 = EDGE_CURVE('',#3899,#3899,#3901,.T.);
#3899 = VERTEX_POINT('',#3900);
#3900 = CARTESIAN_POINT('',(830.,500.,1.105E+03));
#3901 = CIRCLE('',#3902,25.);
#3902 = AXIS2_PLACEMENT_3D('',#3903,#3904,#3905);
#3903 = CARTESIAN_POINT('',(830.,500.,1.08E+03));
#3904 = DIRECTION('',(1.,0.,0.));
#3905 = DIRECTION('',(-0.,0.,1.));
#3906 = ORIENTED_EDGE('',*,*,#3907,.F.);
#3907 = EDGE_CURVE('',#3908,#3899,#3910,.T.);
#3908 = VERTEX_POINT('',#3909);
#3909 = CARTESIAN_POINT('',(800.,500.,1.105E+03));
#3910 = LINE('',#3911,#3912);
#3911 = CARTESIAN_POINT('',(800.,500.,1.105E+03));
#3912 = VECTOR('',#3913,1.);
#3913 = DIRECTION('',(1.,0.,0.));
#3914 = ORIENTED_EDGE('',*,*,#3915,.T.);
#3915 = EDGE_CURVE('',#3908,#3908,#3916,.T.);
#3916 = CIRCLE('',#3917,25.);
#3917 = AXIS2_PLACEMENT_3D('',#3918,#3919,#3920);
#3918 = CARTESIAN_POINT('',(800.,500.,1.08E+03));
#3919 = DIRECTION('',(1.,0.,0.));
#3920 = DIRECTION('',(-0.,0.,1.));
#3921 = ORIENTED_EDGE('',*,*,#3907,.T.);
#3922 = CYLINDRICAL_SURFACE('',#3923,25.);
#3923 = AXIS2_PLACEMENT_3D('',#3924,#3925,#3926);
#3924 = CARTESIAN_POINT('',(800.,500.,1.08E+03));
#3925 = DIRECTION('',(1.,0.,0.));
#3926 = DIRECTION('',(-0.,0.,1.));
#3927 = ADVANCED_FACE('',(#3928),#3931,.T.);
#3928 = FACE_BOUND('',#3929,.T.);
#3929 = EDGE_LOOP('',(#3930));
#3930 = ORIENTED_EDGE('',*,*,#3898,.T.);
#3931 = PLANE('',#3932);
#3932 = AXIS2_PLACEMENT_3D('',#3933,#3934,#3935);
#3933 = CARTESIAN_POINT('',(830.,500.,1.08E+03));
#3934 = DIRECTION('',(1.,0.,0.));
#3935 = DIRECTION('',(-0.,0.,1.));
#3936 = ADVANCED_FACE('',(#3937),#3940,.F.);
#3937 = FACE_BOUND('',#3938,.T.);
#3938 = EDGE_LOOP('',(#3939));
#3939 = ORIENTED_EDGE('',*,*,#3915,.F.);
#3940 = PLANE('',#3941);
#3941 = AXIS2_PLACEMENT_3D('',#3942,#3943,#3944);
#3942 = CARTESIAN_POINT('',(800.,500.,1.08E+03));
#3943 = DIRECTION('',(1.,0.,0.));
#3944 = DIRECTION('',(-0.,0.,1.));
#3945 = ( GEOMETRIC_REPRESENTATION_CONTEXT(3) 
GLOBAL_UNCERTAINTY_ASSIGNED_CONTEXT((#3949)) 
GLOBAL_UNIT_ASSIGNED_CONTEXT((#3946,#3947,#3948)) REPRESENTATION_CONTEXT
('Context #1','3D Context with UNIT and UNCERTAINTY') );
#3946 = ( LENGTH_UNIT() NAMED_UNIT(*) SI_UNIT(.MILLI.,.METRE.) );
#3947 = ( NAMED_UNIT(*) PLANE_ANGLE_UNIT() SI_UNIT($,.RADIAN.) );
#3948 = ( NAMED_UNIT(*) SI_UNIT($,.STERADIAN.) SOLID_ANGLE_UNIT() );
#3949 = UNCERTAINTY_MEASURE_WITH_UNIT(LENGTH_MEASURE(1.E-07),#3946,
  'distance_accuracy_value','confusion accuracy');
#3950 = CONTEXT_DEPENDENT_SHAPE_REPRESENTATION(#3951,#3953);
#3951 = ( REPRESENTATION_RELATIONSHIP('','',#3891,#10) 
REPRESENTATION_RELATIONSHIP_WITH_TRANSFORMATION(#3952) 
SHAPE_REPRESENTATION_RELATIONSHIP() );
#3952 = ITEM_DEFINED_TRANSFORMATION('','',#11,#63);
#3953 = PRODUCT_DEFINITION_SHAPE('Placement','Placement of an item',
  #3954);
#3954 = NEXT_ASSEMBLY_USAGE_OCCURRENCE('13','49_推力传感器','',#5,
  #3886,$);
#3955 = PRODUCT_RELATED_PRODUCT_CATEGORY('part',$,(#3888));
#3956 = SHAPE_DEFINITION_REPRESENTATION(#3957,#3963);
#3957 = PRODUCT_DEFINITION_SHAPE('','',#3958);
#3958 = PRODUCT_DEFINITION('design','',#3959,#3962);
#3959 = PRODUCT_DEFINITION_FORMATION('','',#3960);
#3960 = PRODUCT('50_直线导轨','50_直线导轨','',(#3961));
#3961 = PRODUCT_CONTEXT('',#2,'mechanical');
#3962 = PRODUCT_DEFINITION_CONTEXT('part definition',#2,'design');
#3963 = SHAPE_REPRESENTATION('',(#11,#3964,#4114),#4264);
#3964 = MANIFOLD_SOLID_BREP('',#3965);
#3965 = CLOSED_SHELL('',(#3966,#4006,#4046,#4068,#4090,#4102));
#3966 = ADVANCED_FACE('',(#3967),#4001,.F.);
#3967 = FACE_BOUND('',#3968,.F.);
#3968 = EDGE_LOOP('',(#3969,#3979,#3987,#3995));
#3969 = ORIENTED_EDGE('',*,*,#3970,.F.);
#3970 = EDGE_CURVE('',#3971,#3973,#3975,.T.);
#3971 = VERTEX_POINT('',#3972);
#3972 = CARTESIAN_POINT('',(800.,445.,930.));
#3973 = VERTEX_POINT('',#3974);
#3974 = CARTESIAN_POINT('',(800.,445.,950.));
#3975 = LINE('',#3976,#3977);
#3976 = CARTESIAN_POINT('',(800.,445.,930.));
#3977 = VECTOR('',#3978,1.);
#3978 = DIRECTION('',(0.,0.,1.));
#3979 = ORIENTED_EDGE('',*,*,#3980,.T.);
#3980 = EDGE_CURVE('',#3971,#3981,#3983,.T.);
#3981 = VERTEX_POINT('',#3982);
#3982 = CARTESIAN_POINT('',(800.,465.,930.));
#3983 = LINE('',#3984,#3985);
#3984 = CARTESIAN_POINT('',(800.,445.,930.));
#3985 = VECTOR('',#3986,1.);
#3986 = DIRECTION('',(-0.,1.,0.));
#3987 = ORIENTED_EDGE('',*,*,#3988,.T.);
#3988 = EDGE_CURVE('',#3981,#3989,#3991,.T.);
#3989 = VERTEX_POINT('',#3990);
#3990 = CARTESIAN_POINT('',(800.,465.,950.));
#3991 = LINE('',#3992,#3993);
#3992 = CARTESIAN_POINT('',(800.,465.,930.));
#3993 = VECTOR('',#3994,1.);
#3994 = DIRECTION('',(0.,0.,1.));
#3995 = ORIENTED_EDGE('',*,*,#3996,.F.);
#3996 = EDGE_CURVE('',#3973,#3989,#3997,.T.);
#3997 = LINE('',#3998,#3999);
#3998 = CARTESIAN_POINT('',(800.,445.,950.));
#3999 = VECTOR('',#4000,1.);
#4000 = DIRECTION('',(-0.,1.,0.));
#4001 = PLANE('',#4002);
#4002 = AXIS2_PLACEMENT_3D('',#4003,#4004,#4005);
#4003 = CARTESIAN_POINT('',(800.,445.,930.));
#4004 = DIRECTION('',(1.,0.,-0.));
#4005 = DIRECTION('',(0.,0.,1.));
#4006 = ADVANCED_FACE('',(#4007),#4041,.T.);
#4007 = FACE_BOUND('',#4008,.T.);
#4008 = EDGE_LOOP('',(#4009,#4019,#4027,#4035));
#4009 = ORIENTED_EDGE('',*,*,#4010,.F.);
#4010 = EDGE_CURVE('',#4011,#4013,#4015,.T.);
#4011 = VERTEX_POINT('',#4012);
#4012 = CARTESIAN_POINT('',(1.E+03,445.,930.));
#4013 = VERTEX_POINT('',#4014);
#4014 = CARTESIAN_POINT('',(1.E+03,445.,950.));
#4015 = LINE('',#4016,#4017);
#4016 = CARTESIAN_POINT('',(1.E+03,445.,930.));
#4017 = VECTOR('',#4018,1.);
#4018 = DIRECTION('',(0.,0.,1.));
#4019 = ORIENTED_EDGE('',*,*,#4020,.T.);
#4020 = EDGE_CURVE('',#4011,#4021,#4023,.T.);
#4021 = VERTEX_POINT('',#4022);
#4022 = CARTESIAN_POINT('',(1.E+03,465.,930.));
#4023 = LINE('',#4024,#4025);
#4024 = CARTESIAN_POINT('',(1.E+03,445.,930.));
#4025 = VECTOR('',#4026,1.);
#4026 = DIRECTION('',(-0.,1.,0.));
#4027 = ORIENTED_EDGE('',*,*,#4028,.T.);
#4028 = EDGE_CURVE('',#4021,#4029,#4031,.T.);
#4029 = VERTEX_POINT('',#4030);
#4030 = CARTESIAN_POINT('',(1.E+03,465.,950.));
#4031 = LINE('',#4032,#4033);
#4032 = CARTESIAN_POINT('',(1.E+03,465.,930.));
#4033 = VECTOR('',#4034,1.);
#4034 = DIRECTION('',(0.,0.,1.));
#4035 = ORIENTED_EDGE('',*,*,#4036,.F.);
#4036 = EDGE_CURVE('',#4013,#4029,#4037,.T.);
#4037 = LINE('',#4038,#4039);
#4038 = CARTESIAN_POINT('',(1.E+03,445.,950.));
#4039 = VECTOR('',#4040,1.);
#4040 = DIRECTION('',(-0.,1.,0.));
#4041 = PLANE('',#4042);
#4042 = AXIS2_PLACEMENT_3D('',#4043,#4044,#4045);
#4043 = CARTESIAN_POINT('',(1.E+03,445.,930.));
#4044 = DIRECTION('',(1.,0.,-0.));
#4045 = DIRECTION('',(0.,0.,1.));
#4046 = ADVANCED_FACE('',(#4047),#4063,.F.);
#4047 = FACE_BOUND('',#4048,.F.);
#4048 = EDGE_LOOP('',(#4049,#4055,#4056,#4062));
#4049 = ORIENTED_EDGE('',*,*,#4050,.F.);
#4050 = EDGE_CURVE('',#3971,#4011,#4051,.T.);
#4051 = LINE('',#4052,#4053);
#4052 = CARTESIAN_POINT('',(800.,445.,930.));
#4053 = VECTOR('',#4054,1.);
#4054 = DIRECTION('',(1.,0.,-0.));
#4055 = ORIENTED_EDGE('',*,*,#3970,.T.);
#4056 = ORIENTED_EDGE('',*,*,#4057,.T.);
#4057 = EDGE_CURVE('',#3973,#4013,#4058,.T.);
#4058 = LINE('',#4059,#4060);
#4059 = CARTESIAN_POINT('',(800.,445.,950.));
#4060 = VECTOR('',#4061,1.);
#4061 = DIRECTION('',(1.,0.,-0.));
#4062 = ORIENTED_EDGE('',*,*,#4010,.F.);
#4063 = PLANE('',#4064);
#4064 = AXIS2_PLACEMENT_3D('',#4065,#4066,#4067);
#4065 = CARTESIAN_POINT('',(800.,445.,930.));
#4066 = DIRECTION('',(-0.,1.,0.));
#4067 = DIRECTION('',(0.,0.,1.));
#4068 = ADVANCED_FACE('',(#4069),#4085,.T.);
#4069 = FACE_BOUND('',#4070,.T.);
#4070 = EDGE_LOOP('',(#4071,#4077,#4078,#4084));
#4071 = ORIENTED_EDGE('',*,*,#4072,.F.);
#4072 = EDGE_CURVE('',#3981,#4021,#4073,.T.);
#4073 = LINE('',#4074,#4075);
#4074 = CARTESIAN_POINT('',(800.,465.,930.));
#4075 = VECTOR('',#4076,1.);
#4076 = DIRECTION('',(1.,0.,-0.));
#4077 = ORIENTED_EDGE('',*,*,#3988,.T.);
#4078 = ORIENTED_EDGE('',*,*,#4079,.T.);
#4079 = EDGE_CURVE('',#3989,#4029,#4080,.T.);
#4080 = LINE('',#4081,#4082);
#4081 = CARTESIAN_POINT('',(800.,465.,950.));
#4082 = VECTOR('',#4083,1.);
#4083 = DIRECTION('',(1.,0.,-0.));
#4084 = ORIENTED_EDGE('',*,*,#4028,.F.);
#4085 = PLANE('',#4086);
#4086 = AXIS2_PLACEMENT_3D('',#4087,#4088,#4089);
#4087 = CARTESIAN_POINT('',(800.,465.,930.));
#4088 = DIRECTION('',(-0.,1.,0.));
#4089 = DIRECTION('',(0.,0.,1.));
#4090 = ADVANCED_FACE('',(#4091),#4097,.F.);
#4091 = FACE_BOUND('',#4092,.F.);
#4092 = EDGE_LOOP('',(#4093,#4094,#4095,#4096));
#4093 = ORIENTED_EDGE('',*,*,#3980,.F.);
#4094 = ORIENTED_EDGE('',*,*,#4050,.T.);
#4095 = ORIENTED_EDGE('',*,*,#4020,.T.);
#4096 = ORIENTED_EDGE('',*,*,#4072,.F.);
#4097 = PLANE('',#4098);
#4098 = AXIS2_PLACEMENT_3D('',#4099,#4100,#4101);
#4099 = CARTESIAN_POINT('',(800.,445.,930.));
#4100 = DIRECTION('',(0.,0.,1.));
#4101 = DIRECTION('',(1.,0.,-0.));
#4102 = ADVANCED_FACE('',(#4103),#4109,.T.);
#4103 = FACE_BOUND('',#4104,.T.);
#4104 = EDGE_LOOP('',(#4105,#4106,#4107,#4108));
#4105 = ORIENTED_EDGE('',*,*,#3996,.F.);
#4106 = ORIENTED_EDGE('',*,*,#4057,.T.);
#4107 = ORIENTED_EDGE('',*,*,#4036,.T.);
#4108 = ORIENTED_EDGE('',*,*,#4079,.F.);
#4109 = PLANE('',#4110);
#4110 = AXIS2_PLACEMENT_3D('',#4111,#4112,#4113);
#4111 = CARTESIAN_POINT('',(800.,445.,950.));
#4112 = DIRECTION('',(0.,0.,1.));
#4113 = DIRECTION('',(1.,0.,-0.));
#4114 = MANIFOLD_SOLID_BREP('',#4115);
#4115 = CLOSED_SHELL('',(#4116,#4156,#4196,#4218,#4240,#4252));
#4116 = ADVANCED_FACE('',(#4117),#4151,.F.);
#4117 = FACE_BOUND('',#4118,.F.);
#4118 = EDGE_LOOP('',(#4119,#4129,#4137,#4145));
#4119 = ORIENTED_EDGE('',*,*,#4120,.F.);
#4120 = EDGE_CURVE('',#4121,#4123,#4125,.T.);
#4121 = VERTEX_POINT('',#4122);
#4122 = CARTESIAN_POINT('',(800.,535.,930.));
#4123 = VERTEX_POINT('',#4124);
#4124 = CARTESIAN_POINT('',(800.,535.,950.));
#4125 = LINE('',#4126,#4127);
#4126 = CARTESIAN_POINT('',(800.,535.,930.));
#4127 = VECTOR('',#4128,1.);
#4128 = DIRECTION('',(0.,0.,1.));
#4129 = ORIENTED_EDGE('',*,*,#4130,.T.);
#4130 = EDGE_CURVE('',#4121,#4131,#4133,.T.);
#4131 = VERTEX_POINT('',#4132);
#4132 = CARTESIAN_POINT('',(800.,555.,930.));
#4133 = LINE('',#4134,#4135);
#4134 = CARTESIAN_POINT('',(800.,535.,930.));
#4135 = VECTOR('',#4136,1.);
#4136 = DIRECTION('',(-0.,1.,0.));
#4137 = ORIENTED_EDGE('',*,*,#4138,.T.);
#4138 = EDGE_CURVE('',#4131,#4139,#4141,.T.);
#4139 = VERTEX_POINT('',#4140);
#4140 = CARTESIAN_POINT('',(800.,555.,950.));
#4141 = LINE('',#4142,#4143);
#4142 = CARTESIAN_POINT('',(800.,555.,930.));
#4143 = VECTOR('',#4144,1.);
#4144 = DIRECTION('',(0.,0.,1.));
#4145 = ORIENTED_EDGE('',*,*,#4146,.F.);
#4146 = EDGE_CURVE('',#4123,#4139,#4147,.T.);
#4147 = LINE('',#4148,#4149);
#4148 = CARTESIAN_POINT('',(800.,535.,950.));
#4149 = VECTOR('',#4150,1.);
#4150 = DIRECTION('',(-0.,1.,0.));
#4151 = PLANE('',#4152);
#4152 = AXIS2_PLACEMENT_3D('',#4153,#4154,#4155);
#4153 = CARTESIAN_POINT('',(800.,535.,930.));
#4154 = DIRECTION('',(1.,0.,-0.));
#4155 = DIRECTION('',(0.,0.,1.));
#4156 = ADVANCED_FACE('',(#4157),#4191,.T.);
#4157 = FACE_BOUND('',#4158,.T.);
#4158 = EDGE_LOOP('',(#4159,#4169,#4177,#4185));
#4159 = ORIENTED_EDGE('',*,*,#4160,.F.);
#4160 = EDGE_CURVE('',#4161,#4163,#4165,.T.);
#4161 = VERTEX_POINT('',#4162);
#4162 = CARTESIAN_POINT('',(1.E+03,535.,930.));
#4163 = VERTEX_POINT('',#4164);
#4164 = CARTESIAN_POINT('',(1.E+03,535.,950.));
#4165 = LINE('',#4166,#4167);
#4166 = CARTESIAN_POINT('',(1.E+03,535.,930.));
#4167 = VECTOR('',#4168,1.);
#4168 = DIRECTION('',(0.,0.,1.));
#4169 = ORIENTED_EDGE('',*,*,#4170,.T.);
#4170 = EDGE_CURVE('',#4161,#4171,#4173,.T.);
#4171 = VERTEX_POINT('',#4172);
#4172 = CARTESIAN_POINT('',(1.E+03,555.,930.));
#4173 = LINE('',#4174,#4175);
#4174 = CARTESIAN_POINT('',(1.E+03,535.,930.));
#4175 = VECTOR('',#4176,1.);
#4176 = DIRECTION('',(-0.,1.,0.));
#4177 = ORIENTED_EDGE('',*,*,#4178,.T.);
#4178 = EDGE_CURVE('',#4171,#4179,#4181,.T.);
#4179 = VERTEX_POINT('',#4180);
#4180 = CARTESIAN_POINT('',(1.E+03,555.,950.));
#4181 = LINE('',#4182,#4183);
#4182 = CARTESIAN_POINT('',(1.E+03,555.,930.));
#4183 = VECTOR('',#4184,1.);
#4184 = DIRECTION('',(0.,0.,1.));
#4185 = ORIENTED_EDGE('',*,*,#4186,.F.);
#4186 = EDGE_CURVE('',#4163,#4179,#4187,.T.);
#4187 = LINE('',#4188,#4189);
#4188 = CARTESIAN_POINT('',(1.E+03,535.,950.));
#4189 = VECTOR('',#4190,1.);
#4190 = DIRECTION('',(-0.,1.,0.));
#4191 = PLANE('',#4192);
#4192 = AXIS2_PLACEMENT_3D('',#4193,#4194,#4195);
#4193 = CARTESIAN_POINT('',(1.E+03,535.,930.));
#4194 = DIRECTION('',(1.,0.,-0.));
#4195 = DIRECTION('',(0.,0.,1.));
#4196 = ADVANCED_FACE('',(#4197),#4213,.F.);
#4197 = FACE_BOUND('',#4198,.F.);
#4198 = EDGE_LOOP('',(#4199,#4205,#4206,#4212));
#4199 = ORIENTED_EDGE('',*,*,#4200,.F.);
#4200 = EDGE_CURVE('',#4121,#4161,#4201,.T.);
#4201 = LINE('',#4202,#4203);
#4202 = CARTESIAN_POINT('',(800.,535.,930.));
#4203 = VECTOR('',#4204,1.);
#4204 = DIRECTION('',(1.,0.,-0.));
#4205 = ORIENTED_EDGE('',*,*,#4120,.T.);
#4206 = ORIENTED_EDGE('',*,*,#4207,.T.);
#4207 = EDGE_CURVE('',#4123,#4163,#4208,.T.);
#4208 = LINE('',#4209,#4210);
#4209 = CARTESIAN_POINT('',(800.,535.,950.));
#4210 = VECTOR('',#4211,1.);
#4211 = DIRECTION('',(1.,0.,-0.));
#4212 = ORIENTED_EDGE('',*,*,#4160,.F.);
#4213 = PLANE('',#4214);
#4214 = AXIS2_PLACEMENT_3D('',#4215,#4216,#4217);
#4215 = CARTESIAN_POINT('',(800.,535.,930.));
#4216 = DIRECTION('',(-0.,1.,0.));
#4217 = DIRECTION('',(0.,0.,1.));
#4218 = ADVANCED_FACE('',(#4219),#4235,.T.);
#4219 = FACE_BOUND('',#4220,.T.);
#4220 = EDGE_LOOP('',(#4221,#4227,#4228,#4234));
#4221 = ORIENTED_EDGE('',*,*,#4222,.F.);
#4222 = EDGE_CURVE('',#4131,#4171,#4223,.T.);
#4223 = LINE('',#4224,#4225);
#4224 = CARTESIAN_POINT('',(800.,555.,930.));
#4225 = VECTOR('',#4226,1.);
#4226 = DIRECTION('',(1.,0.,-0.));
#4227 = ORIENTED_EDGE('',*,*,#4138,.T.);
#4228 = ORIENTED_EDGE('',*,*,#4229,.T.);
#4229 = EDGE_CURVE('',#4139,#4179,#4230,.T.);
#4230 = LINE('',#4231,#4232);
#4231 = CARTESIAN_POINT('',(800.,555.,950.));
#4232 = VECTOR('',#4233,1.);
#4233 = DIRECTION('',(1.,0.,-0.));
#4234 = ORIENTED_EDGE('',*,*,#4178,.F.);
#4235 = PLANE('',#4236);
#4236 = AXIS2_PLACEMENT_3D('',#4237,#4238,#4239);
#4237 = CARTESIAN_POINT('',(800.,555.,930.));
#4238 = DIRECTION('',(-0.,1.,0.));
#4239 = DIRECTION('',(0.,0.,1.));
#4240 = ADVANCED_FACE('',(#4241),#4247,.F.);
#4241 = FACE_BOUND('',#4242,.F.);
#4242 = EDGE_LOOP('',(#4243,#4244,#4245,#4246));
#4243 = ORIENTED_EDGE('',*,*,#4130,.F.);
#4244 = ORIENTED_EDGE('',*,*,#4200,.T.);
#4245 = ORIENTED_EDGE('',*,*,#4170,.T.);
#4246 = ORIENTED_EDGE('',*,*,#4222,.F.);
#4247 = PLANE('',#4248);
#4248 = AXIS2_PLACEMENT_3D('',#4249,#4250,#4251);
#4249 = CARTESIAN_POINT('',(800.,535.,930.));
#4250 = DIRECTION('',(0.,0.,1.));
#4251 = DIRECTION('',(1.,0.,-0.));
#4252 = ADVANCED_FACE('',(#4253),#4259,.T.);
#4253 = FACE_BOUND('',#4254,.T.);
#4254 = EDGE_LOOP('',(#4255,#4256,#4257,#4258));
#4255 = ORIENTED_EDGE('',*,*,#4146,.F.);
#4256 = ORIENTED_EDGE('',*,*,#4207,.T.);
#4257 = ORIENTED_EDGE('',*,*,#4186,.T.);
#4258 = ORIENTED_EDGE('',*,*,#4229,.F.);
#4259 = PLANE('',#4260);
#4260 = AXIS2_PLACEMENT_3D('',#4261,#4262,#4263);
#4261 = CARTESIAN_POINT('',(800.,535.,950.));
#4262 = DIRECTION('',(0.,0.,1.));
#4263 = DIRECTION('',(1.,0.,-0.));
#4264 = ( GEOMETRIC_REPRESENTATION_CONTEXT(3) 
GLOBAL_UNCERTAINTY_ASSIGNED_CONTEXT((#4268)) 
GLOBAL_UNIT_ASSIGNED_CONTEXT((#4265,#4266,#4267)) REPRESENTATION_CONTEXT
('Context #1','3D Context with UNIT and UNCERTAINTY') );
#4265 = ( LENGTH_UNIT() NAMED_UNIT(*) SI_UNIT(.MILLI.,.METRE.) );
#4266 = ( NAMED_UNIT(*) PLANE_ANGLE_UNIT() SI_UNIT($,.RADIAN.) );
#4267 = ( NAMED_UNIT(*) SI_UNIT($,.STERADIAN.) SOLID_ANGLE_UNIT() );
#4268 = UNCERTAINTY_MEASURE_WITH_UNIT(LENGTH_MEASURE(1.E-07),#4265,
  'distance_accuracy_value','confusion accuracy');
#4269 = CONTEXT_DEPENDENT_SHAPE_REPRESENTATION(#4270,#4272);
#4270 = ( REPRESENTATION_RELATIONSHIP('','',#3963,#10) 
REPRESENTATION_RELATIONSHIP_WITH_TRANSFORMATION(#4271) 
SHAPE_REPRESENTATION_RELATIONSHIP() );
#4271 = ITEM_DEFINED_TRANSFORMATION('','',#11,#67);
#4272 = PRODUCT_DEFINITION_SHAPE('Placement','Placement of an item',
  #4273);
#4273 = NEXT_ASSEMBLY_USAGE_OCCURRENCE('14','50_直线导轨','',#5,
  #3958,$);
#4274 = PRODUCT_RELATED_PRODUCT_CATEGORY('part',$,(#3960));
#4275 = SHAPE_DEFINITION_REPRESENTATION(#4276,#4282);
#4276 = PRODUCT_DEFINITION_SHAPE('','',#4277);
#4277 = PRODUCT_DEFINITION('design','',#4278,#4281);
#4278 = PRODUCT_DEFINITION_FORMATION('','',#4279);
#4279 = PRODUCT('51_工件模拟滑块','51_工件模拟滑块','',(
    #4280));
#4280 = PRODUCT_CONTEXT('',#2,'mechanical');
#4281 = PRODUCT_DEFINITION_CONTEXT('part definition',#2,'design');
#4282 = ADVANCED_BREP_SHAPE_REPRESENTATION('',(#11,#4283),#4433);
#4283 = MANIFOLD_SOLID_BREP('',#4284);
#4284 = CLOSED_SHELL('',(#4285,#4325,#4365,#4387,#4409,#4421));
#4285 = ADVANCED_FACE('',(#4286),#4320,.F.);
#4286 = FACE_BOUND('',#4287,.F.);
#4287 = EDGE_LOOP('',(#4288,#4298,#4306,#4314));
#4288 = ORIENTED_EDGE('',*,*,#4289,.F.);
#4289 = EDGE_CURVE('',#4290,#4292,#4294,.T.);
#4290 = VERTEX_POINT('',#4291);
#4291 = CARTESIAN_POINT('',(830.,420.,950.));
#4292 = VERTEX_POINT('',#4293);
#4293 = CARTESIAN_POINT('',(830.,420.,1.14E+03));
#4294 = LINE('',#4295,#4296);
#4295 = CARTESIAN_POINT('',(830.,420.,950.));
#4296 = VECTOR('',#4297,1.);
#4297 = DIRECTION('',(0.,0.,1.));
#4298 = ORIENTED_EDGE('',*,*,#4299,.T.);
#4299 = EDGE_CURVE('',#4290,#4300,#4302,.T.);
#4300 = VERTEX_POINT('',#4301);
#4301 = CARTESIAN_POINT('',(830.,580.,950.));
#4302 = LINE('',#4303,#4304);
#4303 = CARTESIAN_POINT('',(830.,420.,950.));
#4304 = VECTOR('',#4305,1.);
#4305 = DIRECTION('',(-0.,1.,0.));
#4306 = ORIENTED_EDGE('',*,*,#4307,.T.);
#4307 = EDGE_CURVE('',#4300,#4308,#4310,.T.);
#4308 = VERTEX_POINT('',#4309);
#4309 = CARTESIAN_POINT('',(830.,580.,1.14E+03));
#4310 = LINE('',#4311,#4312);
#4311 = CARTESIAN_POINT('',(830.,580.,950.));
#4312 = VECTOR('',#4313,1.);
#4313 = DIRECTION('',(0.,0.,1.));
#4314 = ORIENTED_EDGE('',*,*,#4315,.F.);
#4315 = EDGE_CURVE('',#4292,#4308,#4316,.T.);
#4316 = LINE('',#4317,#4318);
#4317 = CARTESIAN_POINT('',(830.,420.,1.14E+03));
#4318 = VECTOR('',#4319,1.);
#4319 = DIRECTION('',(-0.,1.,0.));
#4320 = PLANE('',#4321);
#4321 = AXIS2_PLACEMENT_3D('',#4322,#4323,#4324);
#4322 = CARTESIAN_POINT('',(830.,420.,950.));
#4323 = DIRECTION('',(1.,0.,-0.));
#4324 = DIRECTION('',(0.,0.,1.));
#4325 = ADVANCED_FACE('',(#4326),#4360,.T.);
#4326 = FACE_BOUND('',#4327,.T.);
#4327 = EDGE_LOOP('',(#4328,#4338,#4346,#4354));
#4328 = ORIENTED_EDGE('',*,*,#4329,.F.);
#4329 = EDGE_CURVE('',#4330,#4332,#4334,.T.);
#4330 = VERTEX_POINT('',#4331);
#4331 = CARTESIAN_POINT('',(950.,420.,950.));
#4332 = VERTEX_POINT('',#4333);
#4333 = CARTESIAN_POINT('',(950.,420.,1.14E+03));
#4334 = LINE('',#4335,#4336);
#4335 = CARTESIAN_POINT('',(950.,420.,950.));
#4336 = VECTOR('',#4337,1.);
#4337 = DIRECTION('',(0.,0.,1.));
#4338 = ORIENTED_EDGE('',*,*,#4339,.T.);
#4339 = EDGE_CURVE('',#4330,#4340,#4342,.T.);
#4340 = VERTEX_POINT('',#4341);
#4341 = CARTESIAN_POINT('',(950.,580.,950.));
#4342 = LINE('',#4343,#4344);
#4343 = CARTESIAN_POINT('',(950.,420.,950.));
#4344 = VECTOR('',#4345,1.);
#4345 = DIRECTION('',(-0.,1.,0.));
#4346 = ORIENTED_EDGE('',*,*,#4347,.T.);
#4347 = EDGE_CURVE('',#4340,#4348,#4350,.T.);
#4348 = VERTEX_POINT('',#4349);
#4349 = CARTESIAN_POINT('',(950.,580.,1.14E+03));
#4350 = LINE('',#4351,#4352);
#4351 = CARTESIAN_POINT('',(950.,580.,950.));
#4352 = VECTOR('',#4353,1.);
#4353 = DIRECTION('',(0.,0.,1.));
#4354 = ORIENTED_EDGE('',*,*,#4355,.F.);
#4355 = EDGE_CURVE('',#4332,#4348,#4356,.T.);
#4356 = LINE('',#4357,#4358);
#4357 = CARTESIAN_POINT('',(950.,420.,1.14E+03));
#4358 = VECTOR('',#4359,1.);
#4359 = DIRECTION('',(-0.,1.,0.));
#4360 = PLANE('',#4361);
#4361 = AXIS2_PLACEMENT_3D('',#4362,#4363,#4364);
#4362 = CARTESIAN_POINT('',(950.,420.,950.));
#4363 = DIRECTION('',(1.,0.,-0.));
#4364 = DIRECTION('',(0.,0.,1.));
#4365 = ADVANCED_FACE('',(#4366),#4382,.F.);
#4366 = FACE_BOUND('',#4367,.F.);
#4367 = EDGE_LOOP('',(#4368,#4374,#4375,#4381));
#4368 = ORIENTED_EDGE('',*,*,#4369,.F.);
#4369 = EDGE_CURVE('',#4290,#4330,#4370,.T.);
#4370 = LINE('',#4371,#4372);
#4371 = CARTESIAN_POINT('',(830.,420.,950.));
#4372 = VECTOR('',#4373,1.);
#4373 = DIRECTION('',(1.,0.,-0.));
#4374 = ORIENTED_EDGE('',*,*,#4289,.T.);
#4375 = ORIENTED_EDGE('',*,*,#4376,.T.);
#4376 = EDGE_CURVE('',#4292,#4332,#4377,.T.);
#4377 = LINE('',#4378,#4379);
#4378 = CARTESIAN_POINT('',(830.,420.,1.14E+03));
#4379 = VECTOR('',#4380,1.);
#4380 = DIRECTION('',(1.,0.,-0.));
#4381 = ORIENTED_EDGE('',*,*,#4329,.F.);
#4382 = PLANE('',#4383);
#4383 = AXIS2_PLACEMENT_3D('',#4384,#4385,#4386);
#4384 = CARTESIAN_POINT('',(830.,420.,950.));
#4385 = DIRECTION('',(-0.,1.,0.));
#4386 = DIRECTION('',(0.,0.,1.));
#4387 = ADVANCED_FACE('',(#4388),#4404,.T.);
#4388 = FACE_BOUND('',#4389,.T.);
#4389 = EDGE_LOOP('',(#4390,#4396,#4397,#4403));
#4390 = ORIENTED_EDGE('',*,*,#4391,.F.);
#4391 = EDGE_CURVE('',#4300,#4340,#4392,.T.);
#4392 = LINE('',#4393,#4394);
#4393 = CARTESIAN_POINT('',(830.,580.,950.));
#4394 = VECTOR('',#4395,1.);
#4395 = DIRECTION('',(1.,0.,-0.));
#4396 = ORIENTED_EDGE('',*,*,#4307,.T.);
#4397 = ORIENTED_EDGE('',*,*,#4398,.T.);
#4398 = EDGE_CURVE('',#4308,#4348,#4399,.T.);
#4399 = LINE('',#4400,#4401);
#4400 = CARTESIAN_POINT('',(830.,580.,1.14E+03));
#4401 = VECTOR('',#4402,1.);
#4402 = DIRECTION('',(1.,0.,-0.));
#4403 = ORIENTED_EDGE('',*,*,#4347,.F.);
#4404 = PLANE('',#4405);
#4405 = AXIS2_PLACEMENT_3D('',#4406,#4407,#4408);
#4406 = CARTESIAN_POINT('',(830.,580.,950.));
#4407 = DIRECTION('',(-0.,1.,0.));
#4408 = DIRECTION('',(0.,0.,1.));
#4409 = ADVANCED_FACE('',(#4410),#4416,.F.);
#4410 = FACE_BOUND('',#4411,.F.);
#4411 = EDGE_LOOP('',(#4412,#4413,#4414,#4415));
#4412 = ORIENTED_EDGE('',*,*,#4299,.F.);
#4413 = ORIENTED_EDGE('',*,*,#4369,.T.);
#4414 = ORIENTED_EDGE('',*,*,#4339,.T.);
#4415 = ORIENTED_EDGE('',*,*,#4391,.F.);
#4416 = PLANE('',#4417);
#4417 = AXIS2_PLACEMENT_3D('',#4418,#4419,#4420);
#4418 = CARTESIAN_POINT('',(830.,420.,950.));
#4419 = DIRECTION('',(0.,0.,1.));
#4420 = DIRECTION('',(1.,0.,-0.));
#4421 = ADVANCED_FACE('',(#4422),#4428,.T.);
#4422 = FACE_BOUND('',#4423,.T.);
#4423 = EDGE_LOOP('',(#4424,#4425,#4426,#4427));
#4424 = ORIENTED_EDGE('',*,*,#4315,.F.);
#4425 = ORIENTED_EDGE('',*,*,#4376,.T.);
#4426 = ORIENTED_EDGE('',*,*,#4355,.T.);
#4427 = ORIENTED_EDGE('',*,*,#4398,.F.);
#4428 = PLANE('',#4429);
#4429 = AXIS2_PLACEMENT_3D('',#4430,#4431,#4432);
#4430 = CARTESIAN_POINT('',(830.,420.,1.14E+03));
#4431 = DIRECTION('',(0.,0.,1.));
#4432 = DIRECTION('',(1.,0.,-0.));
#4433 = ( GEOMETRIC_REPRESENTATION_CONTEXT(3) 
GLOBAL_UNCERTAINTY_ASSIGNED_CONTEXT((#4437)) 
GLOBAL_UNIT_ASSIGNED_CONTEXT((#4434,#4435,#4436)) REPRESENTATION_CONTEXT
('Context #1','3D Context with UNIT and UNCERTAINTY') );
#4434 = ( LENGTH_UNIT() NAMED_UNIT(*) SI_UNIT(.MILLI.,.METRE.) );
#4435 = ( NAMED_UNIT(*) PLANE_ANGLE_UNIT() SI_UNIT($,.RADIAN.) );
#4436 = ( NAMED_UNIT(*) SI_UNIT($,.STERADIAN.) SOLID_ANGLE_UNIT() );
#4437 = UNCERTAINTY_MEASURE_WITH_UNIT(LENGTH_MEASURE(1.E-07),#4434,
  'distance_accuracy_value','confusion accuracy');
#4438 = CONTEXT_DEPENDENT_SHAPE_REPRESENTATION(#4439,#4441);
#4439 = ( REPRESENTATION_RELATIONSHIP('','',#4282,#10) 
REPRESENTATION_RELATIONSHIP_WITH_TRANSFORMATION(#4440) 
SHAPE_REPRESENTATION_RELATIONSHIP() );
#4440 = ITEM_DEFINED_TRANSFORMATION('','',#11,#71);
#4441 = PRODUCT_DEFINITION_SHAPE('Placement','Placement of an item',
  #4442);
#4442 = NEXT_ASSEMBLY_USAGE_OCCURRENCE('15','51_工件模拟滑块','',
  #5,#4277,$);
#4443 = PRODUCT_RELATED_PRODUCT_CATEGORY('part',$,(#4279));
#4444 = SHAPE_DEFINITION_REPRESENTATION(#4445,#4451);
#4445 = PRODUCT_DEFINITION_SHAPE('','',#4446);
#4446 = PRODUCT_DEFINITION('design','',#4447,#4450);
#4447 = PRODUCT_DEFINITION_FORMATION('','',#4448);
#4448 = PRODUCT('52_顶尖','52_顶尖','',(#4449));
#4449 = PRODUCT_CONTEXT('',#2,'mechanical');
#4450 = PRODUCT_DEFINITION_CONTEXT('part definition',#2,'design');
#4451 = ADVANCED_BREP_SHAPE_REPRESENTATION('',(#11,#4452),#4505);
#4452 = MANIFOLD_SOLID_BREP('',#4453);
#4453 = CLOSED_SHELL('',(#4454,#4487,#4496));
#4454 = ADVANCED_FACE('',(#4455),#4482,.T.);
#4455 = FACE_BOUND('',#4456,.T.);
#4456 = EDGE_LOOP('',(#4457,#4466,#4474,#4481));
#4457 = ORIENTED_EDGE('',*,*,#4458,.F.);
#4458 = EDGE_CURVE('',#4459,#4459,#4461,.T.);
#4459 = VERTEX_POINT('',#4460);
#4460 = CARTESIAN_POINT('',(960.,500.,1.079E+03));
#4461 = CIRCLE('',#4462,1.);
#4462 = AXIS2_PLACEMENT_3D('',#4463,#4464,#4465);
#4463 = CARTESIAN_POINT('',(960.,500.,1.08E+03));
#4464 = DIRECTION('',(-1.,0.,0.));
#4465 = DIRECTION('',(0.,0.,-1.));
#4466 = ORIENTED_EDGE('',*,*,#4467,.F.);
#4467 = EDGE_CURVE('',#4468,#4459,#4470,.T.);
#4468 = VERTEX_POINT('',#4469);
#4469 = CARTESIAN_POINT('',(1.E+03,500.,1.06E+03));
#4470 = LINE('',#4471,#4472);
#4471 = CARTESIAN_POINT('',(1.E+03,500.,1.06E+03));
#4472 = VECTOR('',#4473,1.);
#4473 = DIRECTION('',(-0.903277504354,-1.050886109227E-16,0.429056814568
    ));
#4474 = ORIENTED_EDGE('',*,*,#4475,.T.);
#4475 = EDGE_CURVE('',#4468,#4468,#4476,.T.);
#4476 = CIRCLE('',#4477,20.);
#4477 = AXIS2_PLACEMENT_3D('',#4478,#4479,#4480);
#4478 = CARTESIAN_POINT('',(1.E+03,500.,1.08E+03));
#4479 = DIRECTION('',(-1.,0.,0.));
#4480 = DIRECTION('',(0.,0.,-1.));
#4481 = ORIENTED_EDGE('',*,*,#4467,.T.);
#4482 = CONICAL_SURFACE('',#4483,20.,0.44344833642);
#4483 = AXIS2_PLACEMENT_3D('',#4484,#4485,#4486);
#4484 = CARTESIAN_POINT('',(1.E+03,500.,1.08E+03));
#4485 = DIRECTION('',(1.,-0.,-0.));
#4486 = DIRECTION('',(0.,0.,-1.));
#4487 = ADVANCED_FACE('',(#4488),#4491,.T.);
#4488 = FACE_BOUND('',#4489,.T.);
#4489 = EDGE_LOOP('',(#4490));
#4490 = ORIENTED_EDGE('',*,*,#4458,.T.);
#4491 = PLANE('',#4492);
#4492 = AXIS2_PLACEMENT_3D('',#4493,#4494,#4495);
#4493 = CARTESIAN_POINT('',(960.,500.,1.08E+03));
#4494 = DIRECTION('',(-1.,0.,0.));
#4495 = DIRECTION('',(0.,0.,-1.));
#4496 = ADVANCED_FACE('',(#4497),#4500,.F.);
#4497 = FACE_BOUND('',#4498,.T.);
#4498 = EDGE_LOOP('',(#4499));
#4499 = ORIENTED_EDGE('',*,*,#4475,.F.);
#4500 = PLANE('',#4501);
#4501 = AXIS2_PLACEMENT_3D('',#4502,#4503,#4504);
#4502 = CARTESIAN_POINT('',(1.E+03,500.,1.08E+03));
#4503 = DIRECTION('',(-1.,0.,0.));
#4504 = DIRECTION('',(0.,0.,-1.));
#4505 = ( GEOMETRIC_REPRESENTATION_CONTEXT(3) 
GLOBAL_UNCERTAINTY_ASSIGNED_CONTEXT((#4509)) 
GLOBAL_UNIT_ASSIGNED_CONTEXT((#4506,#4507,#4508)) REPRESENTATION_CONTEXT
('Context #1','3D Context with UNIT and UNCERTAINTY') );
#4506 = ( LENGTH_UNIT() NAMED_UNIT(*) SI_UNIT(.MILLI.,.METRE.) );
#4507 = ( NAMED_UNIT(*) PLANE_ANGLE_UNIT() SI_UNIT($,.RADIAN.) );
#4508 = ( NAMED_UNIT(*) SI_UNIT($,.STERADIAN.) SOLID_ANGLE_UNIT() );
#4509 = UNCERTAINTY_MEASURE_WITH_UNIT(LENGTH_MEASURE(1.E-07),#4506,
  'distance_accuracy_value','confusion accuracy');
#4510 = CONTEXT_DEPENDENT_SHAPE_REPRESENTATION(#4511,#4513);
#4511 = ( REPRESENTATION_RELATIONSHIP('','',#4451,#10) 
REPRESENTATION_RELATIONSHIP_WITH_TRANSFORMATION(#4512) 
SHAPE_REPRESENTATION_RELATIONSHIP() );
#4512 = ITEM_DEFINED_TRANSFORMATION('','',#11,#75);
#4513 = PRODUCT_DEFINITION_SHAPE('Placement','Placement of an item',
  #4514);
#4514 = NEXT_ASSEMBLY_USAGE_OCCURRENCE('16','52_顶尖','',#5,#4446,$);
#4515 = PRODUCT_RELATED_PRODUCT_CATEGORY('part',$,(#4448));
#4516 = SHAPE_DEFINITION_REPRESENTATION(#4517,#4523);
#4517 = PRODUCT_DEFINITION_SHAPE('','',#4518);
#4518 = PRODUCT_DEFINITION('design','',#4519,#4522);
#4519 = PRODUCT_DEFINITION_FORMATION('','',#4520);
#4520 = PRODUCT('53_尾座套筒','53_尾座套筒','',(#4521));
#4521 = PRODUCT_CONTEXT('',#2,'mechanical');
#4522 = PRODUCT_DEFINITION_CONTEXT('part definition',#2,'design');
#4523 = ADVANCED_BREP_SHAPE_REPRESENTATION('',(#11,#4524),#4577);
#4524 = MANIFOLD_SOLID_BREP('',#4525);
#4525 = CLOSED_SHELL('',(#4526,#4559,#4568));
#4526 = ADVANCED_FACE('',(#4527),#4554,.T.);
#4527 = FACE_BOUND('',#4528,.T.);
#4528 = EDGE_LOOP('',(#4529,#4538,#4546,#4553));
#4529 = ORIENTED_EDGE('',*,*,#4530,.F.);
#4530 = EDGE_CURVE('',#4531,#4531,#4533,.T.);
#4531 = VERTEX_POINT('',#4532);
#4532 = CARTESIAN_POINT('',(1.16E+03,500.,1.11E+03));
#4533 = CIRCLE('',#4534,30.);
#4534 = AXIS2_PLACEMENT_3D('',#4535,#4536,#4537);
#4535 = CARTESIAN_POINT('',(1.16E+03,500.,1.08E+03));
#4536 = DIRECTION('',(1.,0.,0.));
#4537 = DIRECTION('',(-0.,0.,1.));
#4538 = ORIENTED_EDGE('',*,*,#4539,.F.);
#4539 = EDGE_CURVE('',#4540,#4531,#4542,.T.);
#4540 = VERTEX_POINT('',#4541);
#4541 = CARTESIAN_POINT('',(1.E+03,500.,1.11E+03));
#4542 = LINE('',#4543,#4544);
#4543 = CARTESIAN_POINT('',(1.E+03,500.,1.11E+03));
#4544 = VECTOR('',#4545,1.);
#4545 = DIRECTION('',(1.,0.,0.));
#4546 = ORIENTED_EDGE('',*,*,#4547,.T.);
#4547 = EDGE_CURVE('',#4540,#4540,#4548,.T.);
#4548 = CIRCLE('',#4549,30.);
#4549 = AXIS2_PLACEMENT_3D('',#4550,#4551,#4552);
#4550 = CARTESIAN_POINT('',(1.E+03,500.,1.08E+03));
#4551 = DIRECTION('',(1.,0.,0.));
#4552 = DIRECTION('',(-0.,0.,1.));
#4553 = ORIENTED_EDGE('',*,*,#4539,.T.);
#4554 = CYLINDRICAL_SURFACE('',#4555,30.);
#4555 = AXIS2_PLACEMENT_3D('',#4556,#4557,#4558);
#4556 = CARTESIAN_POINT('',(1.E+03,500.,1.08E+03));
#4557 = DIRECTION('',(1.,0.,0.));
#4558 = DIRECTION('',(-0.,0.,1.));
#4559 = ADVANCED_FACE('',(#4560),#4563,.T.);
#4560 = FACE_BOUND('',#4561,.T.);
#4561 = EDGE_LOOP('',(#4562));
#4562 = ORIENTED_EDGE('',*,*,#4530,.T.);
#4563 = PLANE('',#4564);
#4564 = AXIS2_PLACEMENT_3D('',#4565,#4566,#4567);
#4565 = CARTESIAN_POINT('',(1.16E+03,500.,1.08E+03));
#4566 = DIRECTION('',(1.,0.,0.));
#4567 = DIRECTION('',(-0.,0.,1.));
#4568 = ADVANCED_FACE('',(#4569),#4572,.F.);
#4569 = FACE_BOUND('',#4570,.T.);
#4570 = EDGE_LOOP('',(#4571));
#4571 = ORIENTED_EDGE('',*,*,#4547,.F.);
#4572 = PLANE('',#4573);
#4573 = AXIS2_PLACEMENT_3D('',#4574,#4575,#4576);
#4574 = CARTESIAN_POINT('',(1.E+03,500.,1.08E+03));
#4575 = DIRECTION('',(1.,0.,0.));
#4576 = DIRECTION('',(-0.,0.,1.));
#4577 = ( GEOMETRIC_REPRESENTATION_CONTEXT(3) 
GLOBAL_UNCERTAINTY_ASSIGNED_CONTEXT((#4581)) 
GLOBAL_UNIT_ASSIGNED_CONTEXT((#4578,#4579,#4580)) REPRESENTATION_CONTEXT
('Context #1','3D Context with UNIT and UNCERTAINTY') );
#4578 = ( LENGTH_UNIT() NAMED_UNIT(*) SI_UNIT(.MILLI.,.METRE.) );
#4579 = ( NAMED_UNIT(*) PLANE_ANGLE_UNIT() SI_UNIT($,.RADIAN.) );
#4580 = ( NAMED_UNIT(*) SI_UNIT($,.STERADIAN.) SOLID_ANGLE_UNIT() );
#4581 = UNCERTAINTY_MEASURE_WITH_UNIT(LENGTH_MEASURE(1.E-07),#4578,
  'distance_accuracy_value','confusion accuracy');
#4582 = CONTEXT_DEPENDENT_SHAPE_REPRESENTATION(#4583,#4585);
#4583 = ( REPRESENTATION_RELATIONSHIP('','',#4523,#10) 
REPRESENTATION_RELATIONSHIP_WITH_TRANSFORMATION(#4584) 
SHAPE_REPRESENTATION_RELATIONSHIP() );
#4584 = ITEM_DEFINED_TRANSFORMATION('','',#11,#79);
#4585 = PRODUCT_DEFINITION_SHAPE('Placement','Placement of an item',
  #4586);
#4586 = NEXT_ASSEMBLY_USAGE_OCCURRENCE('17','53_尾座套筒','',#5,
  #4518,$);
#4587 = PRODUCT_RELATED_PRODUCT_CATEGORY('part',$,(#4520));
#4588 = SHAPE_DEFINITION_REPRESENTATION(#4589,#4595);
#4589 = PRODUCT_DEFINITION_SHAPE('','',#4590);
#4590 = PRODUCT_DEFINITION('design','',#4591,#4594);
#4591 = PRODUCT_DEFINITION_FORMATION('','',#4592);
#4592 = PRODUCT('54_尾座体','54_尾座体','',(#4593));
#4593 = PRODUCT_CONTEXT('',#2,'mechanical');
#4594 = PRODUCT_DEFINITION_CONTEXT('part definition',#2,'design');
#4595 = ADVANCED_BREP_SHAPE_REPRESENTATION('',(#11,#4596),#4746);
#4596 = MANIFOLD_SOLID_BREP('',#4597);
#4597 = CLOSED_SHELL('',(#4598,#4638,#4678,#4700,#4722,#4734));
#4598 = ADVANCED_FACE('',(#4599),#4633,.F.);
#4599 = FACE_BOUND('',#4600,.F.);
#4600 = EDGE_LOOP('',(#4601,#4611,#4619,#4627));
#4601 = ORIENTED_EDGE('',*,*,#4602,.F.);
#4602 = EDGE_CURVE('',#4603,#4605,#4607,.T.);
#4603 = VERTEX_POINT('',#4604);
#4604 = CARTESIAN_POINT('',(1.16E+03,400.,930.));
#4605 = VERTEX_POINT('',#4606);
#4606 = CARTESIAN_POINT('',(1.16E+03,400.,1.2E+03));
#4607 = LINE('',#4608,#4609);
#4608 = CARTESIAN_POINT('',(1.16E+03,400.,930.));
#4609 = VECTOR('',#4610,1.);
#4610 = DIRECTION('',(0.,0.,1.));
#4611 = ORIENTED_EDGE('',*,*,#4612,.T.);
#4612 = EDGE_CURVE('',#4603,#4613,#4615,.T.);
#4613 = VERTEX_POINT('',#4614);
#4614 = CARTESIAN_POINT('',(1.16E+03,600.,930.));
#4615 = LINE('',#4616,#4617);
#4616 = CARTESIAN_POINT('',(1.16E+03,400.,930.));
#4617 = VECTOR('',#4618,1.);
#4618 = DIRECTION('',(-0.,1.,0.));
#4619 = ORIENTED_EDGE('',*,*,#4620,.T.);
#4620 = EDGE_CURVE('',#4613,#4621,#4623,.T.);
#4621 = VERTEX_POINT('',#4622);
#4622 = CARTESIAN_POINT('',(1.16E+03,600.,1.2E+03));
#4623 = LINE('',#4624,#4625);
#4624 = CARTESIAN_POINT('',(1.16E+03,600.,930.));
#4625 = VECTOR('',#4626,1.);
#4626 = DIRECTION('',(0.,0.,1.));
#4627 = ORIENTED_EDGE('',*,*,#4628,.F.);
#4628 = EDGE_CURVE('',#4605,#4621,#4629,.T.);
#4629 = LINE('',#4630,#4631);
#4630 = CARTESIAN_POINT('',(1.16E+03,400.,1.2E+03));
#4631 = VECTOR('',#4632,1.);
#4632 = DIRECTION('',(-0.,1.,0.));
#4633 = PLANE('',#4634);
#4634 = AXIS2_PLACEMENT_3D('',#4635,#4636,#4637);
#4635 = CARTESIAN_POINT('',(1.16E+03,400.,930.));
#4636 = DIRECTION('',(1.,0.,-0.));
#4637 = DIRECTION('',(0.,0.,1.));
#4638 = ADVANCED_FACE('',(#4639),#4673,.T.);
#4639 = FACE_BOUND('',#4640,.T.);
#4640 = EDGE_LOOP('',(#4641,#4651,#4659,#4667));
#4641 = ORIENTED_EDGE('',*,*,#4642,.F.);
#4642 = EDGE_CURVE('',#4643,#4645,#4647,.T.);
#4643 = VERTEX_POINT('',#4644);
#4644 = CARTESIAN_POINT('',(1.4E+03,400.,930.));
#4645 = VERTEX_POINT('',#4646);
#4646 = CARTESIAN_POINT('',(1.4E+03,400.,1.2E+03));
#4647 = LINE('',#4648,#4649);
#4648 = CARTESIAN_POINT('',(1.4E+03,400.,930.));
#4649 = VECTOR('',#4650,1.);
#4650 = DIRECTION('',(0.,0.,1.));
#4651 = ORIENTED_EDGE('',*,*,#4652,.T.);
#4652 = EDGE_CURVE('',#4643,#4653,#4655,.T.);
#4653 = VERTEX_POINT('',#4654);
#4654 = CARTESIAN_POINT('',(1.4E+03,600.,930.));
#4655 = LINE('',#4656,#4657);
#4656 = CARTESIAN_POINT('',(1.4E+03,400.,930.));
#4657 = VECTOR('',#4658,1.);
#4658 = DIRECTION('',(-0.,1.,0.));
#4659 = ORIENTED_EDGE('',*,*,#4660,.T.);
#4660 = EDGE_CURVE('',#4653,#4661,#4663,.T.);
#4661 = VERTEX_POINT('',#4662);
#4662 = CARTESIAN_POINT('',(1.4E+03,600.,1.2E+03));
#4663 = LINE('',#4664,#4665);
#4664 = CARTESIAN_POINT('',(1.4E+03,600.,930.));
#4665 = VECTOR('',#4666,1.);
#4666 = DIRECTION('',(0.,0.,1.));
#4667 = ORIENTED_EDGE('',*,*,#4668,.F.);
#4668 = EDGE_CURVE('',#4645,#4661,#4669,.T.);
#4669 = LINE('',#4670,#4671);
#4670 = CARTESIAN_POINT('',(1.4E+03,400.,1.2E+03));
#4671 = VECTOR('',#4672,1.);
#4672 = DIRECTION('',(-0.,1.,0.));
#4673 = PLANE('',#4674);
#4674 = AXIS2_PLACEMENT_3D('',#4675,#4676,#4677);
#4675 = CARTESIAN_POINT('',(1.4E+03,400.,930.));
#4676 = DIRECTION('',(1.,0.,-0.));
#4677 = DIRECTION('',(0.,0.,1.));
#4678 = ADVANCED_FACE('',(#4679),#4695,.F.);
#4679 = FACE_BOUND('',#4680,.F.);
#4680 = EDGE_LOOP('',(#4681,#4687,#4688,#4694));
#4681 = ORIENTED_EDGE('',*,*,#4682,.F.);
#4682 = EDGE_CURVE('',#4603,#4643,#4683,.T.);
#4683 = LINE('',#4684,#4685);
#4684 = CARTESIAN_POINT('',(1.16E+03,400.,930.));
#4685 = VECTOR('',#4686,1.);
#4686 = DIRECTION('',(1.,0.,-0.));
#4687 = ORIENTED_EDGE('',*,*,#4602,.T.);
#4688 = ORIENTED_EDGE('',*,*,#4689,.T.);
#4689 = EDGE_CURVE('',#4605,#4645,#4690,.T.);
#4690 = LINE('',#4691,#4692);
#4691 = CARTESIAN_POINT('',(1.16E+03,400.,1.2E+03));
#4692 = VECTOR('',#4693,1.);
#4693 = DIRECTION('',(1.,0.,-0.));
#4694 = ORIENTED_EDGE('',*,*,#4642,.F.);
#4695 = PLANE('',#4696);
#4696 = AXIS2_PLACEMENT_3D('',#4697,#4698,#4699);
#4697 = CARTESIAN_POINT('',(1.16E+03,400.,930.));
#4698 = DIRECTION('',(-0.,1.,0.));
#4699 = DIRECTION('',(0.,0.,1.));
#4700 = ADVANCED_FACE('',(#4701),#4717,.T.);
#4701 = FACE_BOUND('',#4702,.T.);
#4702 = EDGE_LOOP('',(#4703,#4709,#4710,#4716));
#4703 = ORIENTED_EDGE('',*,*,#4704,.F.);
#4704 = EDGE_CURVE('',#4613,#4653,#4705,.T.);
#4705 = LINE('',#4706,#4707);
#4706 = CARTESIAN_POINT('',(1.16E+03,600.,930.));
#4707 = VECTOR('',#4708,1.);
#4708 = DIRECTION('',(1.,0.,-0.));
#4709 = ORIENTED_EDGE('',*,*,#4620,.T.);
#4710 = ORIENTED_EDGE('',*,*,#4711,.T.);
#4711 = EDGE_CURVE('',#4621,#4661,#4712,.T.);
#4712 = LINE('',#4713,#4714);
#4713 = CARTESIAN_POINT('',(1.16E+03,600.,1.2E+03));
#4714 = VECTOR('',#4715,1.);
#4715 = DIRECTION('',(1.,0.,-0.));
#4716 = ORIENTED_EDGE('',*,*,#4660,.F.);
#4717 = PLANE('',#4718);
#4718 = AXIS2_PLACEMENT_3D('',#4719,#4720,#4721);
#4719 = CARTESIAN_POINT('',(1.16E+03,600.,930.));
#4720 = DIRECTION('',(-0.,1.,0.));
#4721 = DIRECTION('',(0.,0.,1.));
#4722 = ADVANCED_FACE('',(#4723),#4729,.F.);
#4723 = FACE_BOUND('',#4724,.F.);
#4724 = EDGE_LOOP('',(#4725,#4726,#4727,#4728));
#4725 = ORIENTED_EDGE('',*,*,#4612,.F.);
#4726 = ORIENTED_EDGE('',*,*,#4682,.T.);
#4727 = ORIENTED_EDGE('',*,*,#4652,.T.);
#4728 = ORIENTED_EDGE('',*,*,#4704,.F.);
#4729 = PLANE('',#4730);
#4730 = AXIS2_PLACEMENT_3D('',#4731,#4732,#4733);
#4731 = CARTESIAN_POINT('',(1.16E+03,400.,930.));
#4732 = DIRECTION('',(0.,0.,1.));
#4733 = DIRECTION('',(1.,0.,-0.));
#4734 = ADVANCED_FACE('',(#4735),#4741,.T.);
#4735 = FACE_BOUND('',#4736,.T.);
#4736 = EDGE_LOOP('',(#4737,#4738,#4739,#4740));
#4737 = ORIENTED_EDGE('',*,*,#4628,.F.);
#4738 = ORIENTED_EDGE('',*,*,#4689,.T.);
#4739 = ORIENTED_EDGE('',*,*,#4668,.T.);
#4740 = ORIENTED_EDGE('',*,*,#4711,.F.);
#4741 = PLANE('',#4742);
#4742 = AXIS2_PLACEMENT_3D('',#4743,#4744,#4745);
#4743 = CARTESIAN_POINT('',(1.16E+03,400.,1.2E+03));
#4744 = DIRECTION('',(0.,0.,1.));
#4745 = DIRECTION('',(1.,0.,-0.));
#4746 = ( GEOMETRIC_REPRESENTATION_CONTEXT(3) 
GLOBAL_UNCERTAINTY_ASSIGNED_CONTEXT((#4750)) 
GLOBAL_UNIT_ASSIGNED_CONTEXT((#4747,#4748,#4749)) REPRESENTATION_CONTEXT
('Context #1','3D Context with UNIT and UNCERTAINTY') );
#4747 = ( LENGTH_UNIT() NAMED_UNIT(*) SI_UNIT(.MILLI.,.METRE.) );
#4748 = ( NAMED_UNIT(*) PLANE_ANGLE_UNIT() SI_UNIT($,.RADIAN.) );
#4749 = ( NAMED_UNIT(*) SI_UNIT($,.STERADIAN.) SOLID_ANGLE_UNIT() );
#4750 = UNCERTAINTY_MEASURE_WITH_UNIT(LENGTH_MEASURE(1.E-07),#4747,
  'distance_accuracy_value','confusion accuracy');
#4751 = CONTEXT_DEPENDENT_SHAPE_REPRESENTATION(#4752,#4754);
#4752 = ( REPRESENTATION_RELATIONSHIP('','',#4595,#10) 
REPRESENTATION_RELATIONSHIP_WITH_TRANSFORMATION(#4753) 
SHAPE_REPRESENTATION_RELATIONSHIP() );
#4753 = ITEM_DEFINED_TRANSFORMATION('','',#11,#83);
#4754 = PRODUCT_DEFINITION_SHAPE('Placement','Placement of an item',
  #4755);
#4755 = NEXT_ASSEMBLY_USAGE_OCCURRENCE('18','54_尾座体','',#5,#4590,$
  );
#4756 = PRODUCT_RELATED_PRODUCT_CATEGORY('part',$,(#4592));
#4757 = SHAPE_DEFINITION_REPRESENTATION(#4758,#4764);
#4758 = PRODUCT_DEFINITION_SHAPE('','',#4759);
#4759 = PRODUCT_DEFINITION('design','',#4760,#4763);
#4760 = PRODUCT_DEFINITION_FORMATION('','',#4761);
#4761 = PRODUCT('26_尾座液压缸','26_尾座液压缸','',(#4762));
#4762 = PRODUCT_CONTEXT('',#2,'mechanical');
#4763 = PRODUCT_DEFINITION_CONTEXT('part definition',#2,'design');
#4764 = ADVANCED_BREP_SHAPE_REPRESENTATION('',(#11,#4765),#4818);
#4765 = MANIFOLD_SOLID_BREP('',#4766);
#4766 = CLOSED_SHELL('',(#4767,#4800,#4809));
#4767 = ADVANCED_FACE('',(#4768),#4795,.T.);
#4768 = FACE_BOUND('',#4769,.T.);
#4769 = EDGE_LOOP('',(#4770,#4779,#4787,#4794));
#4770 = ORIENTED_EDGE('',*,*,#4771,.F.);
#4771 = EDGE_CURVE('',#4772,#4772,#4774,.T.);
#4772 = VERTEX_POINT('',#4773);
#4773 = CARTESIAN_POINT('',(1.6E+03,500.,1.125E+03));
#4774 = CIRCLE('',#4775,45.);
#4775 = AXIS2_PLACEMENT_3D('',#4776,#4777,#4778);
#4776 = CARTESIAN_POINT('',(1.6E+03,500.,1.08E+03));
#4777 = DIRECTION('',(1.,0.,0.));
#4778 = DIRECTION('',(-0.,0.,1.));
#4779 = ORIENTED_EDGE('',*,*,#4780,.F.);
#4780 = EDGE_CURVE('',#4781,#4772,#4783,.T.);
#4781 = VERTEX_POINT('',#4782);
#4782 = CARTESIAN_POINT('',(1.4E+03,500.,1.125E+03));
#4783 = LINE('',#4784,#4785);
#4784 = CARTESIAN_POINT('',(1.4E+03,500.,1.125E+03));
#4785 = VECTOR('',#4786,1.);
#4786 = DIRECTION('',(1.,0.,0.));
#4787 = ORIENTED_EDGE('',*,*,#4788,.T.);
#4788 = EDGE_CURVE('',#4781,#4781,#4789,.T.);
#4789 = CIRCLE('',#4790,45.);
#4790 = AXIS2_PLACEMENT_3D('',#4791,#4792,#4793);
#4791 = CARTESIAN_POINT('',(1.4E+03,500.,1.08E+03));
#4792 = DIRECTION('',(1.,0.,0.));
#4793 = DIRECTION('',(-0.,0.,1.));
#4794 = ORIENTED_EDGE('',*,*,#4780,.T.);
#4795 = CYLINDRICAL_SURFACE('',#4796,45.);
#4796 = AXIS2_PLACEMENT_3D('',#4797,#4798,#4799);
#4797 = CARTESIAN_POINT('',(1.4E+03,500.,1.08E+03));
#4798 = DIRECTION('',(1.,0.,0.));
#4799 = DIRECTION('',(-0.,0.,1.));
#4800 = ADVANCED_FACE('',(#4801),#4804,.T.);
#4801 = FACE_BOUND('',#4802,.T.);
#4802 = EDGE_LOOP('',(#4803));
#4803 = ORIENTED_EDGE('',*,*,#4771,.T.);
#4804 = PLANE('',#4805);
#4805 = AXIS2_PLACEMENT_3D('',#4806,#4807,#4808);
#4806 = CARTESIAN_POINT('',(1.6E+03,500.,1.08E+03));
#4807 = DIRECTION('',(1.,0.,0.));
#4808 = DIRECTION('',(-0.,0.,1.));
#4809 = ADVANCED_FACE('',(#4810),#4813,.F.);
#4810 = FACE_BOUND('',#4811,.T.);
#4811 = EDGE_LOOP('',(#4812));
#4812 = ORIENTED_EDGE('',*,*,#4788,.F.);
#4813 = PLANE('',#4814);
#4814 = AXIS2_PLACEMENT_3D('',#4815,#4816,#4817);
#4815 = CARTESIAN_POINT('',(1.4E+03,500.,1.08E+03));
#4816 = DIRECTION('',(1.,0.,0.));
#4817 = DIRECTION('',(-0.,0.,1.));
#4818 = ( GEOMETRIC_REPRESENTATION_CONTEXT(3) 
GLOBAL_UNCERTAINTY_ASSIGNED_CONTEXT((#4822)) 
GLOBAL_UNIT_ASSIGNED_CONTEXT((#4819,#4820,#4821)) REPRESENTATION_CONTEXT
('Context #1','3D Context with UNIT and UNCERTAINTY') );
#4819 = ( LENGTH_UNIT() NAMED_UNIT(*) SI_UNIT(.MILLI.,.METRE.) );
#4820 = ( NAMED_UNIT(*) PLANE_ANGLE_UNIT() SI_UNIT($,.RADIAN.) );
#4821 = ( NAMED_UNIT(*) SI_UNIT($,.STERADIAN.) SOLID_ANGLE_UNIT() );
#4822 = UNCERTAINTY_MEASURE_WITH_UNIT(LENGTH_MEASURE(1.E-07),#4819,
  'distance_accuracy_value','confusion accuracy');
#4823 = CONTEXT_DEPENDENT_SHAPE_REPRESENTATION(#4824,#4826);
#4824 = ( REPRESENTATION_RELATIONSHIP('','',#4764,#10) 
REPRESENTATION_RELATIONSHIP_WITH_TRANSFORMATION(#4825) 
SHAPE_REPRESENTATION_RELATIONSHIP() );
#4825 = ITEM_DEFINED_TRANSFORMATION('','',#11,#87);
#4826 = PRODUCT_DEFINITION_SHAPE('Placement','Placement of an item',
  #4827);
#4827 = NEXT_ASSEMBLY_USAGE_OCCURRENCE('19','26_尾座液压缸','',#5,
  #4759,$);
#4828 = PRODUCT_RELATED_PRODUCT_CATEGORY('part',$,(#4761));
#4829 = SHAPE_DEFINITION_REPRESENTATION(#4830,#4836);
#4830 = PRODUCT_DEFINITION_SHAPE('','',#4831);
#4831 = PRODUCT_DEFINITION('design','',#4832,#4835);
#4832 = PRODUCT_DEFINITION_FORMATION('','',#4833);
#4833 = PRODUCT('26_尾座缸支座','26_尾座缸支座','',(#4834));
#4834 = PRODUCT_CONTEXT('',#2,'mechanical');
#4835 = PRODUCT_DEFINITION_CONTEXT('part definition',#2,'design');
#4836 = ADVANCED_BREP_SHAPE_REPRESENTATION('',(#11,#4837),#4987);
#4837 = MANIFOLD_SOLID_BREP('',#4838);
#4838 = CLOSED_SHELL('',(#4839,#4879,#4919,#4941,#4963,#4975));
#4839 = ADVANCED_FACE('',(#4840),#4874,.F.);
#4840 = FACE_BOUND('',#4841,.F.);
#4841 = EDGE_LOOP('',(#4842,#4852,#4860,#4868));
#4842 = ORIENTED_EDGE('',*,*,#4843,.F.);
#4843 = EDGE_CURVE('',#4844,#4846,#4848,.T.);
#4844 = VERTEX_POINT('',#4845);
#4845 = CARTESIAN_POINT('',(1.41E+03,450.,930.));
#4846 = VERTEX_POINT('',#4847);
#4847 = CARTESIAN_POINT('',(1.41E+03,450.,1.035E+03));
#4848 = LINE('',#4849,#4850);
#4849 = CARTESIAN_POINT('',(1.41E+03,450.,930.));
#4850 = VECTOR('',#4851,1.);
#4851 = DIRECTION('',(0.,0.,1.));
#4852 = ORIENTED_EDGE('',*,*,#4853,.T.);
#4853 = EDGE_CURVE('',#4844,#4854,#4856,.T.);
#4854 = VERTEX_POINT('',#4855);
#4855 = CARTESIAN_POINT('',(1.41E+03,550.,930.));
#4856 = LINE('',#4857,#4858);
#4857 = CARTESIAN_POINT('',(1.41E+03,450.,930.));
#4858 = VECTOR('',#4859,1.);
#4859 = DIRECTION('',(-0.,1.,0.));
#4860 = ORIENTED_EDGE('',*,*,#4861,.T.);
#4861 = EDGE_CURVE('',#4854,#4862,#4864,.T.);
#4862 = VERTEX_POINT('',#4863);
#4863 = CARTESIAN_POINT('',(1.41E+03,550.,1.035E+03));
#4864 = LINE('',#4865,#4866);
#4865 = CARTESIAN_POINT('',(1.41E+03,550.,930.));
#4866 = VECTOR('',#4867,1.);
#4867 = DIRECTION('',(0.,0.,1.));
#4868 = ORIENTED_EDGE('',*,*,#4869,.F.);
#4869 = EDGE_CURVE('',#4846,#4862,#4870,.T.);
#4870 = LINE('',#4871,#4872);
#4871 = CARTESIAN_POINT('',(1.41E+03,450.,1.035E+03));
#4872 = VECTOR('',#4873,1.);
#4873 = DIRECTION('',(-0.,1.,0.));
#4874 = PLANE('',#4875);
#4875 = AXIS2_PLACEMENT_3D('',#4876,#4877,#4878);
#4876 = CARTESIAN_POINT('',(1.41E+03,450.,930.));
#4877 = DIRECTION('',(1.,0.,-0.));
#4878 = DIRECTION('',(0.,0.,1.));
#4879 = ADVANCED_FACE('',(#4880),#4914,.T.);
#4880 = FACE_BOUND('',#4881,.T.);
#4881 = EDGE_LOOP('',(#4882,#4892,#4900,#4908));
#4882 = ORIENTED_EDGE('',*,*,#4883,.F.);
#4883 = EDGE_CURVE('',#4884,#4886,#4888,.T.);
#4884 = VERTEX_POINT('',#4885);
#4885 = CARTESIAN_POINT('',(1.59E+03,450.,930.));
#4886 = VERTEX_POINT('',#4887);
#4887 = CARTESIAN_POINT('',(1.59E+03,450.,1.035E+03));
#4888 = LINE('',#4889,#4890);
#4889 = CARTESIAN_POINT('',(1.59E+03,450.,930.));
#4890 = VECTOR('',#4891,1.);
#4891 = DIRECTION('',(0.,0.,1.));
#4892 = ORIENTED_EDGE('',*,*,#4893,.T.);
#4893 = EDGE_CURVE('',#4884,#4894,#4896,.T.);
#4894 = VERTEX_POINT('',#4895);
#4895 = CARTESIAN_POINT('',(1.59E+03,550.,930.));
#4896 = LINE('',#4897,#4898);
#4897 = CARTESIAN_POINT('',(1.59E+03,450.,930.));
#4898 = VECTOR('',#4899,1.);
#4899 = DIRECTION('',(-0.,1.,0.));
#4900 = ORIENTED_EDGE('',*,*,#4901,.T.);
#4901 = EDGE_CURVE('',#4894,#4902,#4904,.T.);
#4902 = VERTEX_POINT('',#4903);
#4903 = CARTESIAN_POINT('',(1.59E+03,550.,1.035E+03));
#4904 = LINE('',#4905,#4906);
#4905 = CARTESIAN_POINT('',(1.59E+03,550.,930.));
#4906 = VECTOR('',#4907,1.);
#4907 = DIRECTION('',(0.,0.,1.));
#4908 = ORIENTED_EDGE('',*,*,#4909,.F.);
#4909 = EDGE_CURVE('',#4886,#4902,#4910,.T.);
#4910 = LINE('',#4911,#4912);
#4911 = CARTESIAN_POINT('',(1.59E+03,450.,1.035E+03));
#4912 = VECTOR('',#4913,1.);
#4913 = DIRECTION('',(-0.,1.,0.));
#4914 = PLANE('',#4915);
#4915 = AXIS2_PLACEMENT_3D('',#4916,#4917,#4918);
#4916 = CARTESIAN_POINT('',(1.59E+03,450.,930.));
#4917 = DIRECTION('',(1.,0.,-0.));
#4918 = DIRECTION('',(0.,0.,1.));
#4919 = ADVANCED_FACE('',(#4920),#4936,.F.);
#4920 = FACE_BOUND('',#4921,.F.);
#4921 = EDGE_LOOP('',(#4922,#4928,#4929,#4935));
#4922 = ORIENTED_EDGE('',*,*,#4923,.F.);
#4923 = EDGE_CURVE('',#4844,#4884,#4924,.T.);
#4924 = LINE('',#4925,#4926);
#4925 = CARTESIAN_POINT('',(1.41E+03,450.,930.));
#4926 = VECTOR('',#4927,1.);
#4927 = DIRECTION('',(1.,0.,-0.));
#4928 = ORIENTED_EDGE('',*,*,#4843,.T.);
#4929 = ORIENTED_EDGE('',*,*,#4930,.T.);
#4930 = EDGE_CURVE('',#4846,#4886,#4931,.T.);
#4931 = LINE('',#4932,#4933);
#4932 = CARTESIAN_POINT('',(1.41E+03,450.,1.035E+03));
#4933 = VECTOR('',#4934,1.);
#4934 = DIRECTION('',(1.,0.,-0.));
#4935 = ORIENTED_EDGE('',*,*,#4883,.F.);
#4936 = PLANE('',#4937);
#4937 = AXIS2_PLACEMENT_3D('',#4938,#4939,#4940);
#4938 = CARTESIAN_POINT('',(1.41E+03,450.,930.));
#4939 = DIRECTION('',(-0.,1.,0.));
#4940 = DIRECTION('',(0.,0.,1.));
#4941 = ADVANCED_FACE('',(#4942),#4958,.T.);
#4942 = FACE_BOUND('',#4943,.T.);
#4943 = EDGE_LOOP('',(#4944,#4950,#4951,#4957));
#4944 = ORIENTED_EDGE('',*,*,#4945,.F.);
#4945 = EDGE_CURVE('',#4854,#4894,#4946,.T.);
#4946 = LINE('',#4947,#4948);
#4947 = CARTESIAN_POINT('',(1.41E+03,550.,930.));
#4948 = VECTOR('',#4949,1.);
#4949 = DIRECTION('',(1.,0.,-0.));
#4950 = ORIENTED_EDGE('',*,*,#4861,.T.);
#4951 = ORIENTED_EDGE('',*,*,#4952,.T.);
#4952 = EDGE_CURVE('',#4862,#4902,#4953,.T.);
#4953 = LINE('',#4954,#4955);
#4954 = CARTESIAN_POINT('',(1.41E+03,550.,1.035E+03));
#4955 = VECTOR('',#4956,1.);
#4956 = DIRECTION('',(1.,0.,-0.));
#4957 = ORIENTED_EDGE('',*,*,#4901,.F.);
#4958 = PLANE('',#4959);
#4959 = AXIS2_PLACEMENT_3D('',#4960,#4961,#4962);
#4960 = CARTESIAN_POINT('',(1.41E+03,550.,930.));
#4961 = DIRECTION('',(-0.,1.,0.));
#4962 = DIRECTION('',(0.,0.,1.));
#4963 = ADVANCED_FACE('',(#4964),#4970,.F.);
#4964 = FACE_BOUND('',#4965,.F.);
#4965 = EDGE_LOOP('',(#4966,#4967,#4968,#4969));
#4966 = ORIENTED_EDGE('',*,*,#4853,.F.);
#4967 = ORIENTED_EDGE('',*,*,#4923,.T.);
#4968 = ORIENTED_EDGE('',*,*,#4893,.T.);
#4969 = ORIENTED_EDGE('',*,*,#4945,.F.);
#4970 = PLANE('',#4971);
#4971 = AXIS2_PLACEMENT_3D('',#4972,#4973,#4974);
#4972 = CARTESIAN_POINT('',(1.41E+03,450.,930.));
#4973 = DIRECTION('',(0.,0.,1.));
#4974 = DIRECTION('',(1.,0.,-0.));
#4975 = ADVANCED_FACE('',(#4976),#4982,.T.);
#4976 = FACE_BOUND('',#4977,.T.);
#4977 = EDGE_LOOP('',(#4978,#4979,#4980,#4981));
#4978 = ORIENTED_EDGE('',*,*,#4869,.F.);
#4979 = ORIENTED_EDGE('',*,*,#4930,.T.);
#4980 = ORIENTED_EDGE('',*,*,#4909,.T.);
#4981 = ORIENTED_EDGE('',*,*,#4952,.F.);
#4982 = PLANE('',#4983);
#4983 = AXIS2_PLACEMENT_3D('',#4984,#4985,#4986);
#4984 = CARTESIAN_POINT('',(1.41E+03,450.,1.035E+03));
#4985 = DIRECTION('',(0.,0.,1.));
#4986 = DIRECTION('',(1.,0.,-0.));
#4987 = ( GEOMETRIC_REPRESENTATION_CONTEXT(3) 
GLOBAL_UNCERTAINTY_ASSIGNED_CONTEXT((#4991)) 
GLOBAL_UNIT_ASSIGNED_CONTEXT((#4988,#4989,#4990)) REPRESENTATION_CONTEXT
('Context #1','3D Context with UNIT and UNCERTAINTY') );
#4988 = ( LENGTH_UNIT() NAMED_UNIT(*) SI_UNIT(.MILLI.,.METRE.) );
#4989 = ( NAMED_UNIT(*) PLANE_ANGLE_UNIT() SI_UNIT($,.RADIAN.) );
#4990 = ( NAMED_UNIT(*) SI_UNIT($,.STERADIAN.) SOLID_ANGLE_UNIT() );
#4991 = UNCERTAINTY_MEASURE_WITH_UNIT(LENGTH_MEASURE(1.E-07),#4988,
  'distance_accuracy_value','confusion accuracy');
#4992 = CONTEXT_DEPENDENT_SHAPE_REPRESENTATION(#4993,#4995);
#4993 = ( REPRESENTATION_RELATIONSHIP('','',#4836,#10) 
REPRESENTATION_RELATIONSHIP_WITH_TRANSFORMATION(#4994) 
SHAPE_REPRESENTATION_RELATIONSHIP() );
#4994 = ITEM_DEFINED_TRANSFORMATION('','',#11,#91);
#4995 = PRODUCT_DEFINITION_SHAPE('Placement','Placement of an item',
  #4996);
#4996 = NEXT_ASSEMBLY_USAGE_OCCURRENCE('20','26_尾座缸支座','',#5,
  #4831,$);
#4997 = PRODUCT_RELATED_PRODUCT_CATEGORY('part',$,(#4833));
#4998 = SHAPE_DEFINITION_REPRESENTATION(#4999,#5005);
#4999 = PRODUCT_DEFINITION_SHAPE('','',#5000);
#5000 = PRODUCT_DEFINITION('design','',#5001,#5004);
#5001 = PRODUCT_DEFINITION_FORMATION('','',#5002);
#5002 = PRODUCT('55_锁闭阀块(19~25)','55_锁闭阀块(19~25)','',(
    #5003));
#5003 = PRODUCT_CONTEXT('',#2,'mechanical');
#5004 = PRODUCT_DEFINITION_CONTEXT('part definition',#2,'design');
#5005 = ADVANCED_BREP_SHAPE_REPRESENTATION('',(#11,#5006),#5156);
#5006 = MANIFOLD_SOLID_BREP('',#5007);
#5007 = CLOSED_SHELL('',(#5008,#5048,#5088,#5110,#5132,#5144));
#5008 = ADVANCED_FACE('',(#5009),#5043,.F.);
#5009 = FACE_BOUND('',#5010,.F.);
#5010 = EDGE_LOOP('',(#5011,#5021,#5029,#5037));
#5011 = ORIENTED_EDGE('',*,*,#5012,.F.);
#5012 = EDGE_CURVE('',#5013,#5015,#5017,.T.);
#5013 = VERTEX_POINT('',#5014);
#5014 = CARTESIAN_POINT('',(1.44E+03,455.,1.125E+03));
#5015 = VERTEX_POINT('',#5016);
#5016 = CARTESIAN_POINT('',(1.44E+03,455.,1.185E+03));
#5017 = LINE('',#5018,#5019);
#5018 = CARTESIAN_POINT('',(1.44E+03,455.,1.125E+03));
#5019 = VECTOR('',#5020,1.);
#5020 = DIRECTION('',(0.,0.,1.));
#5021 = ORIENTED_EDGE('',*,*,#5022,.T.);
#5022 = EDGE_CURVE('',#5013,#5023,#5025,.T.);
#5023 = VERTEX_POINT('',#5024);
#5024 = CARTESIAN_POINT('',(1.44E+03,545.,1.125E+03));
#5025 = LINE('',#5026,#5027);
#5026 = CARTESIAN_POINT('',(1.44E+03,455.,1.125E+03));
#5027 = VECTOR('',#5028,1.);
#5028 = DIRECTION('',(-0.,1.,0.));
#5029 = ORIENTED_EDGE('',*,*,#5030,.T.);
#5030 = EDGE_CURVE('',#5023,#5031,#5033,.T.);
#5031 = VERTEX_POINT('',#5032);
#5032 = CARTESIAN_POINT('',(1.44E+03,545.,1.185E+03));
#5033 = LINE('',#5034,#5035);
#5034 = CARTESIAN_POINT('',(1.44E+03,545.,1.125E+03));
#5035 = VECTOR('',#5036,1.);
#5036 = DIRECTION('',(0.,0.,1.));
#5037 = ORIENTED_EDGE('',*,*,#5038,.F.);
#5038 = EDGE_CURVE('',#5015,#5031,#5039,.T.);
#5039 = LINE('',#5040,#5041);
#5040 = CARTESIAN_POINT('',(1.44E+03,455.,1.185E+03));
#5041 = VECTOR('',#5042,1.);
#5042 = DIRECTION('',(-0.,1.,0.));
#5043 = PLANE('',#5044);
#5044 = AXIS2_PLACEMENT_3D('',#5045,#5046,#5047);
#5045 = CARTESIAN_POINT('',(1.44E+03,455.,1.125E+03));
#5046 = DIRECTION('',(1.,0.,-0.));
#5047 = DIRECTION('',(0.,0.,1.));
#5048 = ADVANCED_FACE('',(#5049),#5083,.T.);
#5049 = FACE_BOUND('',#5050,.T.);
#5050 = EDGE_LOOP('',(#5051,#5061,#5069,#5077));
#5051 = ORIENTED_EDGE('',*,*,#5052,.F.);
#5052 = EDGE_CURVE('',#5053,#5055,#5057,.T.);
#5053 = VERTEX_POINT('',#5054);
#5054 = CARTESIAN_POINT('',(1.58E+03,455.,1.125E+03));
#5055 = VERTEX_POINT('',#5056);
#5056 = CARTESIAN_POINT('',(1.58E+03,455.,1.185E+03));
#5057 = LINE('',#5058,#5059);
#5058 = CARTESIAN_POINT('',(1.58E+03,455.,1.125E+03));
#5059 = VECTOR('',#5060,1.);
#5060 = DIRECTION('',(0.,0.,1.));
#5061 = ORIENTED_EDGE('',*,*,#5062,.T.);
#5062 = EDGE_CURVE('',#5053,#5063,#5065,.T.);
#5063 = VERTEX_POINT('',#5064);
#5064 = CARTESIAN_POINT('',(1.58E+03,545.,1.125E+03));
#5065 = LINE('',#5066,#5067);
#5066 = CARTESIAN_POINT('',(1.58E+03,455.,1.125E+03));
#5067 = VECTOR('',#5068,1.);
#5068 = DIRECTION('',(-0.,1.,0.));
#5069 = ORIENTED_EDGE('',*,*,#5070,.T.);
#5070 = EDGE_CURVE('',#5063,#5071,#5073,.T.);
#5071 = VERTEX_POINT('',#5072);
#5072 = CARTESIAN_POINT('',(1.58E+03,545.,1.185E+03));
#5073 = LINE('',#5074,#5075);
#5074 = CARTESIAN_POINT('',(1.58E+03,545.,1.125E+03));
#5075 = VECTOR('',#5076,1.);
#5076 = DIRECTION('',(0.,0.,1.));
#5077 = ORIENTED_EDGE('',*,*,#5078,.F.);
#5078 = EDGE_CURVE('',#5055,#5071,#5079,.T.);
#5079 = LINE('',#5080,#5081);
#5080 = CARTESIAN_POINT('',(1.58E+03,455.,1.185E+03));
#5081 = VECTOR('',#5082,1.);
#5082 = DIRECTION('',(-0.,1.,0.));
#5083 = PLANE('',#5084);
#5084 = AXIS2_PLACEMENT_3D('',#5085,#5086,#5087);
#5085 = CARTESIAN_POINT('',(1.58E+03,455.,1.125E+03));
#5086 = DIRECTION('',(1.,0.,-0.));
#5087 = DIRECTION('',(0.,0.,1.));
#5088 = ADVANCED_FACE('',(#5089),#5105,.F.);
#5089 = FACE_BOUND('',#5090,.F.);
#5090 = EDGE_LOOP('',(#5091,#5097,#5098,#5104));
#5091 = ORIENTED_EDGE('',*,*,#5092,.F.);
#5092 = EDGE_CURVE('',#5013,#5053,#5093,.T.);
#5093 = LINE('',#5094,#5095);
#5094 = CARTESIAN_POINT('',(1.44E+03,455.,1.125E+03));
#5095 = VECTOR('',#5096,1.);
#5096 = DIRECTION('',(1.,0.,-0.));
#5097 = ORIENTED_EDGE('',*,*,#5012,.T.);
#5098 = ORIENTED_EDGE('',*,*,#5099,.T.);
#5099 = EDGE_CURVE('',#5015,#5055,#5100,.T.);
#5100 = LINE('',#5101,#5102);
#5101 = CARTESIAN_POINT('',(1.44E+03,455.,1.185E+03));
#5102 = VECTOR('',#5103,1.);
#5103 = DIRECTION('',(1.,0.,-0.));
#5104 = ORIENTED_EDGE('',*,*,#5052,.F.);
#5105 = PLANE('',#5106);
#5106 = AXIS2_PLACEMENT_3D('',#5107,#5108,#5109);
#5107 = CARTESIAN_POINT('',(1.44E+03,455.,1.125E+03));
#5108 = DIRECTION('',(-0.,1.,0.));
#5109 = DIRECTION('',(0.,0.,1.));
#5110 = ADVANCED_FACE('',(#5111),#5127,.T.);
#5111 = FACE_BOUND('',#5112,.T.);
#5112 = EDGE_LOOP('',(#5113,#5119,#5120,#5126));
#5113 = ORIENTED_EDGE('',*,*,#5114,.F.);
#5114 = EDGE_CURVE('',#5023,#5063,#5115,.T.);
#5115 = LINE('',#5116,#5117);
#5116 = CARTESIAN_POINT('',(1.44E+03,545.,1.125E+03));
#5117 = VECTOR('',#5118,1.);
#5118 = DIRECTION('',(1.,0.,-0.));
#5119 = ORIENTED_EDGE('',*,*,#5030,.T.);
#5120 = ORIENTED_EDGE('',*,*,#5121,.T.);
#5121 = EDGE_CURVE('',#5031,#5071,#5122,.T.);
#5122 = LINE('',#5123,#5124);
#5123 = CARTESIAN_POINT('',(1.44E+03,545.,1.185E+03));
#5124 = VECTOR('',#5125,1.);
#5125 = DIRECTION('',(1.,0.,-0.));
#5126 = ORIENTED_EDGE('',*,*,#5070,.F.);
#5127 = PLANE('',#5128);
#5128 = AXIS2_PLACEMENT_3D('',#5129,#5130,#5131);
#5129 = CARTESIAN_POINT('',(1.44E+03,545.,1.125E+03));
#5130 = DIRECTION('',(-0.,1.,0.));
#5131 = DIRECTION('',(0.,0.,1.));
#5132 = ADVANCED_FACE('',(#5133),#5139,.F.);
#5133 = FACE_BOUND('',#5134,.F.);
#5134 = EDGE_LOOP('',(#5135,#5136,#5137,#5138));
#5135 = ORIENTED_EDGE('',*,*,#5022,.F.);
#5136 = ORIENTED_EDGE('',*,*,#5092,.T.);
#5137 = ORIENTED_EDGE('',*,*,#5062,.T.);
#5138 = ORIENTED_EDGE('',*,*,#5114,.F.);
#5139 = PLANE('',#5140);
#5140 = AXIS2_PLACEMENT_3D('',#5141,#5142,#5143);
#5141 = CARTESIAN_POINT('',(1.44E+03,455.,1.125E+03));
#5142 = DIRECTION('',(0.,0.,1.));
#5143 = DIRECTION('',(1.,0.,-0.));
#5144 = ADVANCED_FACE('',(#5145),#5151,.T.);
#5145 = FACE_BOUND('',#5146,.T.);
#5146 = EDGE_LOOP('',(#5147,#5148,#5149,#5150));
#5147 = ORIENTED_EDGE('',*,*,#5038,.F.);
#5148 = ORIENTED_EDGE('',*,*,#5099,.T.);
#5149 = ORIENTED_EDGE('',*,*,#5078,.T.);
#5150 = ORIENTED_EDGE('',*,*,#5121,.F.);
#5151 = PLANE('',#5152);
#5152 = AXIS2_PLACEMENT_3D('',#5153,#5154,#5155);
#5153 = CARTESIAN_POINT('',(1.44E+03,455.,1.185E+03));
#5154 = DIRECTION('',(0.,0.,1.));
#5155 = DIRECTION('',(1.,0.,-0.));
#5156 = ( GEOMETRIC_REPRESENTATION_CONTEXT(3) 
GLOBAL_UNCERTAINTY_ASSIGNED_CONTEXT((#5160)) 
GLOBAL_UNIT_ASSIGNED_CONTEXT((#5157,#5158,#5159)) REPRESENTATION_CONTEXT
('Context #1','3D Context with UNIT and UNCERTAINTY') );
#5157 = ( LENGTH_UNIT() NAMED_UNIT(*) SI_UNIT(.MILLI.,.METRE.) );
#5158 = ( NAMED_UNIT(*) PLANE_ANGLE_UNIT() SI_UNIT($,.RADIAN.) );
#5159 = ( NAMED_UNIT(*) SI_UNIT($,.STERADIAN.) SOLID_ANGLE_UNIT() );
#5160 = UNCERTAINTY_MEASURE_WITH_UNIT(LENGTH_MEASURE(1.E-07),#5157,
  'distance_accuracy_value','confusion accuracy');
#5161 = CONTEXT_DEPENDENT_SHAPE_REPRESENTATION(#5162,#5164);
#5162 = ( REPRESENTATION_RELATIONSHIP('','',#5005,#10) 
REPRESENTATION_RELATIONSHIP_WITH_TRANSFORMATION(#5163) 
SHAPE_REPRESENTATION_RELATIONSHIP() );
#5163 = ITEM_DEFINED_TRANSFORMATION('','',#11,#95);
#5164 = PRODUCT_DEFINITION_SHAPE('Placement','Placement of an item',
  #5165);
#5165 = NEXT_ASSEMBLY_USAGE_OCCURRENCE('21','55_锁闭阀块(19~25)','',
  #5,#5000,$);
#5166 = PRODUCT_RELATED_PRODUCT_CATEGORY('part',$,(#5002));
#5167 = SHAPE_DEFINITION_REPRESENTATION(#5168,#5174);
#5168 = PRODUCT_DEFINITION_SHAPE('','',#5169);
#5169 = PRODUCT_DEFINITION('design','',#5170,#5173);
#5170 = PRODUCT_DEFINITION_FORMATION('','',#5171);
#5171 = PRODUCT('56_位移传感器(LVDT)','56_位移传感器(LVDT)',''
  ,(#5172));
#5172 = PRODUCT_CONTEXT('',#2,'mechanical');
#5173 = PRODUCT_DEFINITION_CONTEXT('part definition',#2,'design');
#5174 = SHAPE_REPRESENTATION('',(#11,#5175,#5228),#5378);
#5175 = MANIFOLD_SOLID_BREP('',#5176);
#5176 = CLOSED_SHELL('',(#5177,#5210,#5219));
#5177 = ADVANCED_FACE('',(#5178),#5205,.T.);
#5178 = FACE_BOUND('',#5179,.T.);
#5179 = EDGE_LOOP('',(#5180,#5189,#5197,#5204));
#5180 = ORIENTED_EDGE('',*,*,#5181,.F.);
#5181 = EDGE_CURVE('',#5182,#5182,#5184,.T.);
#5182 = VERTEX_POINT('',#5183);
#5183 = CARTESIAN_POINT('',(1.16E+03,430.,1.16E+03));
#5184 = CIRCLE('',#5185,10.);
#5185 = AXIS2_PLACEMENT_3D('',#5186,#5187,#5188);
#5186 = CARTESIAN_POINT('',(1.16E+03,430.,1.15E+03));
#5187 = DIRECTION('',(1.,0.,0.));
#5188 = DIRECTION('',(-0.,0.,1.));
#5189 = ORIENTED_EDGE('',*,*,#5190,.F.);
#5190 = EDGE_CURVE('',#5191,#5182,#5193,.T.);
#5191 = VERTEX_POINT('',#5192);
#5192 = CARTESIAN_POINT('',(1.03E+03,430.,1.16E+03));
#5193 = LINE('',#5194,#5195);
#5194 = CARTESIAN_POINT('',(1.03E+03,430.,1.16E+03));
#5195 = VECTOR('',#5196,1.);
#5196 = DIRECTION('',(1.,0.,0.));
#5197 = ORIENTED_EDGE('',*,*,#5198,.T.);
#5198 = EDGE_CURVE('',#5191,#5191,#5199,.T.);
#5199 = CIRCLE('',#5200,10.);
#5200 = AXIS2_PLACEMENT_3D('',#5201,#5202,#5203);
#5201 = CARTESIAN_POINT('',(1.03E+03,430.,1.15E+03));
#5202 = DIRECTION('',(1.,0.,0.));
#5203 = DIRECTION('',(-0.,0.,1.));
#5204 = ORIENTED_EDGE('',*,*,#5190,.T.);
#5205 = CYLINDRICAL_SURFACE('',#5206,10.);
#5206 = AXIS2_PLACEMENT_3D('',#5207,#5208,#5209);
#5207 = CARTESIAN_POINT('',(1.03E+03,430.,1.15E+03));
#5208 = DIRECTION('',(1.,0.,0.));
#5209 = DIRECTION('',(-0.,0.,1.));
#5210 = ADVANCED_FACE('',(#5211),#5214,.T.);
#5211 = FACE_BOUND('',#5212,.T.);
#5212 = EDGE_LOOP('',(#5213));
#5213 = ORIENTED_EDGE('',*,*,#5181,.T.);
#5214 = PLANE('',#5215);
#5215 = AXIS2_PLACEMENT_3D('',#5216,#5217,#5218);
#5216 = CARTESIAN_POINT('',(1.16E+03,430.,1.15E+03));
#5217 = DIRECTION('',(1.,0.,0.));
#5218 = DIRECTION('',(-0.,0.,1.));
#5219 = ADVANCED_FACE('',(#5220),#5223,.F.);
#5220 = FACE_BOUND('',#5221,.T.);
#5221 = EDGE_LOOP('',(#5222));
#5222 = ORIENTED_EDGE('',*,*,#5198,.F.);
#5223 = PLANE('',#5224);
#5224 = AXIS2_PLACEMENT_3D('',#5225,#5226,#5227);
#5225 = CARTESIAN_POINT('',(1.03E+03,430.,1.15E+03));
#5226 = DIRECTION('',(1.,0.,0.));
#5227 = DIRECTION('',(-0.,0.,1.));
#5228 = MANIFOLD_SOLID_BREP('',#5229);
#5229 = CLOSED_SHELL('',(#5230,#5270,#5310,#5332,#5354,#5366));
#5230 = ADVANCED_FACE('',(#5231),#5265,.F.);
#5231 = FACE_BOUND('',#5232,.F.);
#5232 = EDGE_LOOP('',(#5233,#5243,#5251,#5259));
#5233 = ORIENTED_EDGE('',*,*,#5234,.F.);
#5234 = EDGE_CURVE('',#5235,#5237,#5239,.T.);
#5235 = VERTEX_POINT('',#5236);
#5236 = CARTESIAN_POINT('',(1.15E+03,420.,1.14E+03));
#5237 = VERTEX_POINT('',#5238);
#5238 = CARTESIAN_POINT('',(1.15E+03,420.,1.2E+03));
#5239 = LINE('',#5240,#5241);
#5240 = CARTESIAN_POINT('',(1.15E+03,420.,1.14E+03));
#5241 = VECTOR('',#5242,1.);
#5242 = DIRECTION('',(0.,0.,1.));
#5243 = ORIENTED_EDGE('',*,*,#5244,.T.);
#5244 = EDGE_CURVE('',#5235,#5245,#5247,.T.);
#5245 = VERTEX_POINT('',#5246);
#5246 = CARTESIAN_POINT('',(1.15E+03,440.,1.14E+03));
#5247 = LINE('',#5248,#5249);
#5248 = CARTESIAN_POINT('',(1.15E+03,420.,1.14E+03));
#5249 = VECTOR('',#5250,1.);
#5250 = DIRECTION('',(-0.,1.,0.));
#5251 = ORIENTED_EDGE('',*,*,#5252,.T.);
#5252 = EDGE_CURVE('',#5245,#5253,#5255,.T.);
#5253 = VERTEX_POINT('',#5254);
#5254 = CARTESIAN_POINT('',(1.15E+03,440.,1.2E+03));
#5255 = LINE('',#5256,#5257);
#5256 = CARTESIAN_POINT('',(1.15E+03,440.,1.14E+03));
#5257 = VECTOR('',#5258,1.);
#5258 = DIRECTION('',(0.,0.,1.));
#5259 = ORIENTED_EDGE('',*,*,#5260,.F.);
#5260 = EDGE_CURVE('',#5237,#5253,#5261,.T.);
#5261 = LINE('',#5262,#5263);
#5262 = CARTESIAN_POINT('',(1.15E+03,420.,1.2E+03));
#5263 = VECTOR('',#5264,1.);
#5264 = DIRECTION('',(-0.,1.,0.));
#5265 = PLANE('',#5266);
#5266 = AXIS2_PLACEMENT_3D('',#5267,#5268,#5269);
#5267 = CARTESIAN_POINT('',(1.15E+03,420.,1.14E+03));
#5268 = DIRECTION('',(1.,0.,-0.));
#5269 = DIRECTION('',(0.,0.,1.));
#5270 = ADVANCED_FACE('',(#5271),#5305,.T.);
#5271 = FACE_BOUND('',#5272,.T.);
#5272 = EDGE_LOOP('',(#5273,#5283,#5291,#5299));
#5273 = ORIENTED_EDGE('',*,*,#5274,.F.);
#5274 = EDGE_CURVE('',#5275,#5277,#5279,.T.);
#5275 = VERTEX_POINT('',#5276);
#5276 = CARTESIAN_POINT('',(1.17E+03,420.,1.14E+03));
#5277 = VERTEX_POINT('',#5278);
#5278 = CARTESIAN_POINT('',(1.17E+03,420.,1.2E+03));
#5279 = LINE('',#5280,#5281);
#5280 = CARTESIAN_POINT('',(1.17E+03,420.,1.14E+03));
#5281 = VECTOR('',#5282,1.);
#5282 = DIRECTION('',(0.,0.,1.));
#5283 = ORIENTED_EDGE('',*,*,#5284,.T.);
#5284 = EDGE_CURVE('',#5275,#5285,#5287,.T.);
#5285 = VERTEX_POINT('',#5286);
#5286 = CARTESIAN_POINT('',(1.17E+03,440.,1.14E+03));
#5287 = LINE('',#5288,#5289);
#5288 = CARTESIAN_POINT('',(1.17E+03,420.,1.14E+03));
#5289 = VECTOR('',#5290,1.);
#5290 = DIRECTION('',(-0.,1.,0.));
#5291 = ORIENTED_EDGE('',*,*,#5292,.T.);
#5292 = EDGE_CURVE('',#5285,#5293,#5295,.T.);
#5293 = VERTEX_POINT('',#5294);
#5294 = CARTESIAN_POINT('',(1.17E+03,440.,1.2E+03));
#5295 = LINE('',#5296,#5297);
#5296 = CARTESIAN_POINT('',(1.17E+03,440.,1.14E+03));
#5297 = VECTOR('',#5298,1.);
#5298 = DIRECTION('',(0.,0.,1.));
#5299 = ORIENTED_EDGE('',*,*,#5300,.F.);
#5300 = EDGE_CURVE('',#5277,#5293,#5301,.T.);
#5301 = LINE('',#5302,#5303);
#5302 = CARTESIAN_POINT('',(1.17E+03,420.,1.2E+03));
#5303 = VECTOR('',#5304,1.);
#5304 = DIRECTION('',(-0.,1.,0.));
#5305 = PLANE('',#5306);
#5306 = AXIS2_PLACEMENT_3D('',#5307,#5308,#5309);
#5307 = CARTESIAN_POINT('',(1.17E+03,420.,1.14E+03));
#5308 = DIRECTION('',(1.,0.,-0.));
#5309 = DIRECTION('',(0.,0.,1.));
#5310 = ADVANCED_FACE('',(#5311),#5327,.F.);
#5311 = FACE_BOUND('',#5312,.F.);
#5312 = EDGE_LOOP('',(#5313,#5319,#5320,#5326));
#5313 = ORIENTED_EDGE('',*,*,#5314,.F.);
#5314 = EDGE_CURVE('',#5235,#5275,#5315,.T.);
#5315 = LINE('',#5316,#5317);
#5316 = CARTESIAN_POINT('',(1.15E+03,420.,1.14E+03));
#5317 = VECTOR('',#5318,1.);
#5318 = DIRECTION('',(1.,0.,-0.));
#5319 = ORIENTED_EDGE('',*,*,#5234,.T.);
#5320 = ORIENTED_EDGE('',*,*,#5321,.T.);
#5321 = EDGE_CURVE('',#5237,#5277,#5322,.T.);
#5322 = LINE('',#5323,#5324);
#5323 = CARTESIAN_POINT('',(1.15E+03,420.,1.2E+03));
#5324 = VECTOR('',#5325,1.);
#5325 = DIRECTION('',(1.,0.,-0.));
#5326 = ORIENTED_EDGE('',*,*,#5274,.F.);
#5327 = PLANE('',#5328);
#5328 = AXIS2_PLACEMENT_3D('',#5329,#5330,#5331);
#5329 = CARTESIAN_POINT('',(1.15E+03,420.,1.14E+03));
#5330 = DIRECTION('',(-0.,1.,0.));
#5331 = DIRECTION('',(0.,0.,1.));
#5332 = ADVANCED_FACE('',(#5333),#5349,.T.);
#5333 = FACE_BOUND('',#5334,.T.);
#5334 = EDGE_LOOP('',(#5335,#5341,#5342,#5348));
#5335 = ORIENTED_EDGE('',*,*,#5336,.F.);
#5336 = EDGE_CURVE('',#5245,#5285,#5337,.T.);
#5337 = LINE('',#5338,#5339);
#5338 = CARTESIAN_POINT('',(1.15E+03,440.,1.14E+03));
#5339 = VECTOR('',#5340,1.);
#5340 = DIRECTION('',(1.,0.,-0.));
#5341 = ORIENTED_EDGE('',*,*,#5252,.T.);
#5342 = ORIENTED_EDGE('',*,*,#5343,.T.);
#5343 = EDGE_CURVE('',#5253,#5293,#5344,.T.);
#5344 = LINE('',#5345,#5346);
#5345 = CARTESIAN_POINT('',(1.15E+03,440.,1.2E+03));
#5346 = VECTOR('',#5347,1.);
#5347 = DIRECTION('',(1.,0.,-0.));
#5348 = ORIENTED_EDGE('',*,*,#5292,.F.);
#5349 = PLANE('',#5350);
#5350 = AXIS2_PLACEMENT_3D('',#5351,#5352,#5353);
#5351 = CARTESIAN_POINT('',(1.15E+03,440.,1.14E+03));
#5352 = DIRECTION('',(-0.,1.,0.));
#5353 = DIRECTION('',(0.,0.,1.));
#5354 = ADVANCED_FACE('',(#5355),#5361,.F.);
#5355 = FACE_BOUND('',#5356,.F.);
#5356 = EDGE_LOOP('',(#5357,#5358,#5359,#5360));
#5357 = ORIENTED_EDGE('',*,*,#5244,.F.);
#5358 = ORIENTED_EDGE('',*,*,#5314,.T.);
#5359 = ORIENTED_EDGE('',*,*,#5284,.T.);
#5360 = ORIENTED_EDGE('',*,*,#5336,.F.);
#5361 = PLANE('',#5362);
#5362 = AXIS2_PLACEMENT_3D('',#5363,#5364,#5365);
#5363 = CARTESIAN_POINT('',(1.15E+03,420.,1.14E+03));
#5364 = DIRECTION('',(0.,0.,1.));
#5365 = DIRECTION('',(1.,0.,-0.));
#5366 = ADVANCED_FACE('',(#5367),#5373,.T.);
#5367 = FACE_BOUND('',#5368,.T.);
#5368 = EDGE_LOOP('',(#5369,#5370,#5371,#5372));
#5369 = ORIENTED_EDGE('',*,*,#5260,.F.);
#5370 = ORIENTED_EDGE('',*,*,#5321,.T.);
#5371 = ORIENTED_EDGE('',*,*,#5300,.T.);
#5372 = ORIENTED_EDGE('',*,*,#5343,.F.);
#5373 = PLANE('',#5374);
#5374 = AXIS2_PLACEMENT_3D('',#5375,#5376,#5377);
#5375 = CARTESIAN_POINT('',(1.15E+03,420.,1.2E+03));
#5376 = DIRECTION('',(0.,0.,1.));
#5377 = DIRECTION('',(1.,0.,-0.));
#5378 = ( GEOMETRIC_REPRESENTATION_CONTEXT(3) 
GLOBAL_UNCERTAINTY_ASSIGNED_CONTEXT((#5382)) 
GLOBAL_UNIT_ASSIGNED_CONTEXT((#5379,#5380,#5381)) REPRESENTATION_CONTEXT
('Context #1','3D Context with UNIT and UNCERTAINTY') );
#5379 = ( LENGTH_UNIT() NAMED_UNIT(*) SI_UNIT(.MILLI.,.METRE.) );
#5380 = ( NAMED_UNIT(*) PLANE_ANGLE_UNIT() SI_UNIT($,.RADIAN.) );
#5381 = ( NAMED_UNIT(*) SI_UNIT($,.STERADIAN.) SOLID_ANGLE_UNIT() );
#5382 = UNCERTAINTY_MEASURE_WITH_UNIT(LENGTH_MEASURE(1.E-07),#5379,
  'distance_accuracy_value','confusion accuracy');
#5383 = CONTEXT_DEPENDENT_SHAPE_REPRESENTATION(#5384,#5386);
#5384 = ( REPRESENTATION_RELATIONSHIP('','',#5174,#10) 
REPRESENTATION_RELATIONSHIP_WITH_TRANSFORMATION(#5385) 
SHAPE_REPRESENTATION_RELATIONSHIP() );
#5385 = ITEM_DEFINED_TRANSFORMATION('','',#11,#99);
#5386 = PRODUCT_DEFINITION_SHAPE('Placement','Placement of an item',
  #5387);
#5387 = NEXT_ASSEMBLY_USAGE_OCCURRENCE('22','56_位移传感器(LVDT)',
  '',#5,#5169,$);
#5388 = PRODUCT_RELATED_PRODUCT_CATEGORY('part',$,(#5171));
#5389 = SHAPE_DEFINITION_REPRESENTATION(#5390,#5396);
#5390 = PRODUCT_DEFINITION_SHAPE('','',#5391);
#5391 = PRODUCT_DEFINITION('design','',#5392,#5395);
#5392 = PRODUCT_DEFINITION_FORMATION('','',#5393);
#5393 = PRODUCT('57_安全防护罩','57_安全防护罩','',(#5394));
#5394 = PRODUCT_CONTEXT('',#2,'mechanical');
#5395 = PRODUCT_DEFINITION_CONTEXT('part definition',#2,'design');
#5396 = SHAPE_REPRESENTATION('',(#11,#5397,#5547,#5697,#5847),#5997);
#5397 = MANIFOLD_SOLID_BREP('',#5398);
#5398 = CLOSED_SHELL('',(#5399,#5439,#5479,#5501,#5523,#5535));
#5399 = ADVANCED_FACE('',(#5400),#5434,.F.);
#5400 = FACE_BOUND('',#5401,.F.);
#5401 = EDGE_LOOP('',(#5402,#5412,#5420,#5428));
#5402 = ORIENTED_EDGE('',*,*,#5403,.F.);
#5403 = EDGE_CURVE('',#5404,#5406,#5408,.T.);
#5404 = VERTEX_POINT('',#5405);
#5405 = CARTESIAN_POINT('',(330.,680.,930.));
#5406 = VERTEX_POINT('',#5407);
#5407 = CARTESIAN_POINT('',(330.,680.,1.36E+03));
#5408 = LINE('',#5409,#5410);
#5409 = CARTESIAN_POINT('',(330.,680.,930.));
#5410 = VECTOR('',#5411,1.);
#5411 = DIRECTION('',(0.,0.,1.));
#5412 = ORIENTED_EDGE('',*,*,#5413,.T.);
#5413 = EDGE_CURVE('',#5404,#5414,#5416,.T.);
#5414 = VERTEX_POINT('',#5415);
#5415 = CARTESIAN_POINT('',(330.,690.,930.));
#5416 = LINE('',#5417,#5418);
#5417 = CARTESIAN_POINT('',(330.,680.,930.));
#5418 = VECTOR('',#5419,1.);
#5419 = DIRECTION('',(-0.,1.,0.));
#5420 = ORIENTED_EDGE('',*,*,#5421,.T.);
#5421 = EDGE_CURVE('',#5414,#5422,#5424,.T.);
#5422 = VERTEX_POINT('',#5423);
#5423 = CARTESIAN_POINT('',(330.,690.,1.36E+03));
#5424 = LINE('',#5425,#5426);
#5425 = CARTESIAN_POINT('',(330.,690.,930.));
#5426 = VECTOR('',#5427,1.);
#5427 = DIRECTION('',(0.,0.,1.));
#5428 = ORIENTED_EDGE('',*,*,#5429,.F.);
#5429 = EDGE_CURVE('',#5406,#5422,#5430,.T.);
#5430 = LINE('',#5431,#5432);
#5431 = CARTESIAN_POINT('',(330.,680.,1.36E+03));
#5432 = VECTOR('',#5433,1.);
#5433 = DIRECTION('',(-0.,1.,0.));
#5434 = PLANE('',#5435);
#5435 = AXIS2_PLACEMENT_3D('',#5436,#5437,#5438);
#5436 = CARTESIAN_POINT('',(330.,680.,930.));
#5437 = DIRECTION('',(1.,0.,-0.));
#5438 = DIRECTION('',(0.,0.,1.));
#5439 = ADVANCED_FACE('',(#5440),#5474,.T.);
#5440 = FACE_BOUND('',#5441,.T.);
#5441 = EDGE_LOOP('',(#5442,#5452,#5460,#5468));
#5442 = ORIENTED_EDGE('',*,*,#5443,.F.);
#5443 = EDGE_CURVE('',#5444,#5446,#5448,.T.);
#5444 = VERTEX_POINT('',#5445);
#5445 = CARTESIAN_POINT('',(1.66E+03,680.,930.));
#5446 = VERTEX_POINT('',#5447);
#5447 = CARTESIAN_POINT('',(1.66E+03,680.,1.36E+03));
#5448 = LINE('',#5449,#5450);
#5449 = CARTESIAN_POINT('',(1.66E+03,680.,930.));
#5450 = VECTOR('',#5451,1.);
#5451 = DIRECTION('',(0.,0.,1.));
#5452 = ORIENTED_EDGE('',*,*,#5453,.T.);
#5453 = EDGE_CURVE('',#5444,#5454,#5456,.T.);
#5454 = VERTEX_POINT('',#5455);
#5455 = CARTESIAN_POINT('',(1.66E+03,690.,930.));
#5456 = LINE('',#5457,#5458);
#5457 = CARTESIAN_POINT('',(1.66E+03,680.,930.));
#5458 = VECTOR('',#5459,1.);
#5459 = DIRECTION('',(-0.,1.,0.));
#5460 = ORIENTED_EDGE('',*,*,#5461,.T.);
#5461 = EDGE_CURVE('',#5454,#5462,#5464,.T.);
#5462 = VERTEX_POINT('',#5463);
#5463 = CARTESIAN_POINT('',(1.66E+03,690.,1.36E+03));
#5464 = LINE('',#5465,#5466);
#5465 = CARTESIAN_POINT('',(1.66E+03,690.,930.));
#5466 = VECTOR('',#5467,1.);
#5467 = DIRECTION('',(0.,0.,1.));
#5468 = ORIENTED_EDGE('',*,*,#5469,.F.);
#5469 = EDGE_CURVE('',#5446,#5462,#5470,.T.);
#5470 = LINE('',#5471,#5472);
#5471 = CARTESIAN_POINT('',(1.66E+03,680.,1.36E+03));
#5472 = VECTOR('',#5473,1.);
#5473 = DIRECTION('',(-0.,1.,0.));
#5474 = PLANE('',#5475);
#5475 = AXIS2_PLACEMENT_3D('',#5476,#5477,#5478);
#5476 = CARTESIAN_POINT('',(1.66E+03,680.,930.));
#5477 = DIRECTION('',(1.,0.,-0.));
#5478 = DIRECTION('',(0.,0.,1.));
#5479 = ADVANCED_FACE('',(#5480),#5496,.F.);
#5480 = FACE_BOUND('',#5481,.F.);
#5481 = EDGE_LOOP('',(#5482,#5488,#5489,#5495));
#5482 = ORIENTED_EDGE('',*,*,#5483,.F.);
#5483 = EDGE_CURVE('',#5404,#5444,#5484,.T.);
#5484 = LINE('',#5485,#5486);
#5485 = CARTESIAN_POINT('',(330.,680.,930.));
#5486 = VECTOR('',#5487,1.);
#5487 = DIRECTION('',(1.,0.,-0.));
#5488 = ORIENTED_EDGE('',*,*,#5403,.T.);
#5489 = ORIENTED_EDGE('',*,*,#5490,.T.);
#5490 = EDGE_CURVE('',#5406,#5446,#5491,.T.);
#5491 = LINE('',#5492,#5493);
#5492 = CARTESIAN_POINT('',(330.,680.,1.36E+03));
#5493 = VECTOR('',#5494,1.);
#5494 = DIRECTION('',(1.,0.,-0.));
#5495 = ORIENTED_EDGE('',*,*,#5443,.F.);
#5496 = PLANE('',#5497);
#5497 = AXIS2_PLACEMENT_3D('',#5498,#5499,#5500);
#5498 = CARTESIAN_POINT('',(330.,680.,930.));
#5499 = DIRECTION('',(-0.,1.,0.));
#5500 = DIRECTION('',(0.,0.,1.));
#5501 = ADVANCED_FACE('',(#5502),#5518,.T.);
#5502 = FACE_BOUND('',#5503,.T.);
#5503 = EDGE_LOOP('',(#5504,#5510,#5511,#5517));
#5504 = ORIENTED_EDGE('',*,*,#5505,.F.);
#5505 = EDGE_CURVE('',#5414,#5454,#5506,.T.);
#5506 = LINE('',#5507,#5508);
#5507 = CARTESIAN_POINT('',(330.,690.,930.));
#5508 = VECTOR('',#5509,1.);
#5509 = DIRECTION('',(1.,0.,-0.));
#5510 = ORIENTED_EDGE('',*,*,#5421,.T.);
#5511 = ORIENTED_EDGE('',*,*,#5512,.T.);
#5512 = EDGE_CURVE('',#5422,#5462,#5513,.T.);
#5513 = LINE('',#5514,#5515);
#5514 = CARTESIAN_POINT('',(330.,690.,1.36E+03));
#5515 = VECTOR('',#5516,1.);
#5516 = DIRECTION('',(1.,0.,-0.));
#5517 = ORIENTED_EDGE('',*,*,#5461,.F.);
#5518 = PLANE('',#5519);
#5519 = AXIS2_PLACEMENT_3D('',#5520,#5521,#5522);
#5520 = CARTESIAN_POINT('',(330.,690.,930.));
#5521 = DIRECTION('',(-0.,1.,0.));
#5522 = DIRECTION('',(0.,0.,1.));
#5523 = ADVANCED_FACE('',(#5524),#5530,.F.);
#5524 = FACE_BOUND('',#5525,.F.);
#5525 = EDGE_LOOP('',(#5526,#5527,#5528,#5529));
#5526 = ORIENTED_EDGE('',*,*,#5413,.F.);
#5527 = ORIENTED_EDGE('',*,*,#5483,.T.);
#5528 = ORIENTED_EDGE('',*,*,#5453,.T.);
#5529 = ORIENTED_EDGE('',*,*,#5505,.F.);
#5530 = PLANE('',#5531);
#5531 = AXIS2_PLACEMENT_3D('',#5532,#5533,#5534);
#5532 = CARTESIAN_POINT('',(330.,680.,930.));
#5533 = DIRECTION('',(0.,0.,1.));
#5534 = DIRECTION('',(1.,0.,-0.));
#5535 = ADVANCED_FACE('',(#5536),#5542,.T.);
#5536 = FACE_BOUND('',#5537,.T.);
#5537 = EDGE_LOOP('',(#5538,#5539,#5540,#5541));
#5538 = ORIENTED_EDGE('',*,*,#5429,.F.);
#5539 = ORIENTED_EDGE('',*,*,#5490,.T.);
#5540 = ORIENTED_EDGE('',*,*,#5469,.T.);
#5541 = ORIENTED_EDGE('',*,*,#5512,.F.);
#5542 = PLANE('',#5543);
#5543 = AXIS2_PLACEMENT_3D('',#5544,#5545,#5546);
#5544 = CARTESIAN_POINT('',(330.,680.,1.36E+03));
#5545 = DIRECTION('',(0.,0.,1.));
#5546 = DIRECTION('',(1.,0.,-0.));
#5547 = MANIFOLD_SOLID_BREP('',#5548);
#5548 = CLOSED_SHELL('',(#5549,#5589,#5629,#5651,#5673,#5685));
#5549 = ADVANCED_FACE('',(#5550),#5584,.F.);
#5550 = FACE_BOUND('',#5551,.F.);
#5551 = EDGE_LOOP('',(#5552,#5562,#5570,#5578));
#5552 = ORIENTED_EDGE('',*,*,#5553,.F.);
#5553 = EDGE_CURVE('',#5554,#5556,#5558,.T.);
#5554 = VERTEX_POINT('',#5555);
#5555 = CARTESIAN_POINT('',(330.,320.,930.));
#5556 = VERTEX_POINT('',#5557);
#5557 = CARTESIAN_POINT('',(330.,320.,1.36E+03));
#5558 = LINE('',#5559,#5560);
#5559 = CARTESIAN_POINT('',(330.,320.,930.));
#5560 = VECTOR('',#5561,1.);
#5561 = DIRECTION('',(0.,0.,1.));
#5562 = ORIENTED_EDGE('',*,*,#5563,.T.);
#5563 = EDGE_CURVE('',#5554,#5564,#5566,.T.);
#5564 = VERTEX_POINT('',#5565);
#5565 = CARTESIAN_POINT('',(330.,690.,930.));
#5566 = LINE('',#5567,#5568);
#5567 = CARTESIAN_POINT('',(330.,320.,930.));
#5568 = VECTOR('',#5569,1.);
#5569 = DIRECTION('',(-0.,1.,0.));
#5570 = ORIENTED_EDGE('',*,*,#5571,.T.);
#5571 = EDGE_CURVE('',#5564,#5572,#5574,.T.);
#5572 = VERTEX_POINT('',#5573);
#5573 = CARTESIAN_POINT('',(330.,690.,1.36E+03));
#5574 = LINE('',#5575,#5576);
#5575 = CARTESIAN_POINT('',(330.,690.,930.));
#5576 = VECTOR('',#5577,1.);
#5577 = DIRECTION('',(0.,0.,1.));
#5578 = ORIENTED_EDGE('',*,*,#5579,.F.);
#5579 = EDGE_CURVE('',#5556,#5572,#5580,.T.);
#5580 = LINE('',#5581,#5582);
#5581 = CARTESIAN_POINT('',(330.,320.,1.36E+03));
#5582 = VECTOR('',#5583,1.);
#5583 = DIRECTION('',(-0.,1.,0.));
#5584 = PLANE('',#5585);
#5585 = AXIS2_PLACEMENT_3D('',#5586,#5587,#5588);
#5586 = CARTESIAN_POINT('',(330.,320.,930.));
#5587 = DIRECTION('',(1.,0.,-0.));
#5588 = DIRECTION('',(0.,0.,1.));
#5589 = ADVANCED_FACE('',(#5590),#5624,.T.);
#5590 = FACE_BOUND('',#5591,.T.);
#5591 = EDGE_LOOP('',(#5592,#5602,#5610,#5618));
#5592 = ORIENTED_EDGE('',*,*,#5593,.F.);
#5593 = EDGE_CURVE('',#5594,#5596,#5598,.T.);
#5594 = VERTEX_POINT('',#5595);
#5595 = CARTESIAN_POINT('',(340.,320.,930.));
#5596 = VERTEX_POINT('',#5597);
#5597 = CARTESIAN_POINT('',(340.,320.,1.36E+03));
#5598 = LINE('',#5599,#5600);
#5599 = CARTESIAN_POINT('',(340.,320.,930.));
#5600 = VECTOR('',#5601,1.);
#5601 = DIRECTION('',(0.,0.,1.));
#5602 = ORIENTED_EDGE('',*,*,#5603,.T.);
#5603 = EDGE_CURVE('',#5594,#5604,#5606,.T.);
#5604 = VERTEX_POINT('',#5605);
#5605 = CARTESIAN_POINT('',(340.,690.,930.));
#5606 = LINE('',#5607,#5608);
#5607 = CARTESIAN_POINT('',(340.,320.,930.));
#5608 = VECTOR('',#5609,1.);
#5609 = DIRECTION('',(-0.,1.,0.));
#5610 = ORIENTED_EDGE('',*,*,#5611,.T.);
#5611 = EDGE_CURVE('',#5604,#5612,#5614,.T.);
#5612 = VERTEX_POINT('',#5613);
#5613 = CARTESIAN_POINT('',(340.,690.,1.36E+03));
#5614 = LINE('',#5615,#5616);
#5615 = CARTESIAN_POINT('',(340.,690.,930.));
#5616 = VECTOR('',#5617,1.);
#5617 = DIRECTION('',(0.,0.,1.));
#5618 = ORIENTED_EDGE('',*,*,#5619,.F.);
#5619 = EDGE_CURVE('',#5596,#5612,#5620,.T.);
#5620 = LINE('',#5621,#5622);
#5621 = CARTESIAN_POINT('',(340.,320.,1.36E+03));
#5622 = VECTOR('',#5623,1.);
#5623 = DIRECTION('',(-0.,1.,0.));
#5624 = PLANE('',#5625);
#5625 = AXIS2_PLACEMENT_3D('',#5626,#5627,#5628);
#5626 = CARTESIAN_POINT('',(340.,320.,930.));
#5627 = DIRECTION('',(1.,0.,-0.));
#5628 = DIRECTION('',(0.,0.,1.));
#5629 = ADVANCED_FACE('',(#5630),#5646,.F.);
#5630 = FACE_BOUND('',#5631,.F.);
#5631 = EDGE_LOOP('',(#5632,#5638,#5639,#5645));
#5632 = ORIENTED_EDGE('',*,*,#5633,.F.);
#5633 = EDGE_CURVE('',#5554,#5594,#5634,.T.);
#5634 = LINE('',#5635,#5636);
#5635 = CARTESIAN_POINT('',(330.,320.,930.));
#5636 = VECTOR('',#5637,1.);
#5637 = DIRECTION('',(1.,0.,-0.));
#5638 = ORIENTED_EDGE('',*,*,#5553,.T.);
#5639 = ORIENTED_EDGE('',*,*,#5640,.T.);
#5640 = EDGE_CURVE('',#5556,#5596,#5641,.T.);
#5641 = LINE('',#5642,#5643);
#5642 = CARTESIAN_POINT('',(330.,320.,1.36E+03));
#5643 = VECTOR('',#5644,1.);
#5644 = DIRECTION('',(1.,0.,-0.));
#5645 = ORIENTED_EDGE('',*,*,#5593,.F.);
#5646 = PLANE('',#5647);
#5647 = AXIS2_PLACEMENT_3D('',#5648,#5649,#5650);
#5648 = CARTESIAN_POINT('',(330.,320.,930.));
#5649 = DIRECTION('',(-0.,1.,0.));
#5650 = DIRECTION('',(0.,0.,1.));
#5651 = ADVANCED_FACE('',(#5652),#5668,.T.);
#5652 = FACE_BOUND('',#5653,.T.);
#5653 = EDGE_LOOP('',(#5654,#5660,#5661,#5667));
#5654 = ORIENTED_EDGE('',*,*,#5655,.F.);
#5655 = EDGE_CURVE('',#5564,#5604,#5656,.T.);
#5656 = LINE('',#5657,#5658);
#5657 = CARTESIAN_POINT('',(330.,690.,930.));
#5658 = VECTOR('',#5659,1.);
#5659 = DIRECTION('',(1.,0.,-0.));
#5660 = ORIENTED_EDGE('',*,*,#5571,.T.);
#5661 = ORIENTED_EDGE('',*,*,#5662,.T.);
#5662 = EDGE_CURVE('',#5572,#5612,#5663,.T.);
#5663 = LINE('',#5664,#5665);
#5664 = CARTESIAN_POINT('',(330.,690.,1.36E+03));
#5665 = VECTOR('',#5666,1.);
#5666 = DIRECTION('',(1.,0.,-0.));
#5667 = ORIENTED_EDGE('',*,*,#5611,.F.);
#5668 = PLANE('',#5669);
#5669 = AXIS2_PLACEMENT_3D('',#5670,#5671,#5672);
#5670 = CARTESIAN_POINT('',(330.,690.,930.));
#5671 = DIRECTION('',(-0.,1.,0.));
#5672 = DIRECTION('',(0.,0.,1.));
#5673 = ADVANCED_FACE('',(#5674),#5680,.F.);
#5674 = FACE_BOUND('',#5675,.F.);
#5675 = EDGE_LOOP('',(#5676,#5677,#5678,#5679));
#5676 = ORIENTED_EDGE('',*,*,#5563,.F.);
#5677 = ORIENTED_EDGE('',*,*,#5633,.T.);
#5678 = ORIENTED_EDGE('',*,*,#5603,.T.);
#5679 = ORIENTED_EDGE('',*,*,#5655,.F.);
#5680 = PLANE('',#5681);
#5681 = AXIS2_PLACEMENT_3D('',#5682,#5683,#5684);
#5682 = CARTESIAN_POINT('',(330.,320.,930.));
#5683 = DIRECTION('',(0.,0.,1.));
#5684 = DIRECTION('',(1.,0.,-0.));
#5685 = ADVANCED_FACE('',(#5686),#5692,.T.);
#5686 = FACE_BOUND('',#5687,.T.);
#5687 = EDGE_LOOP('',(#5688,#5689,#5690,#5691));
#5688 = ORIENTED_EDGE('',*,*,#5579,.F.);
#5689 = ORIENTED_EDGE('',*,*,#5640,.T.);
#5690 = ORIENTED_EDGE('',*,*,#5619,.T.);
#5691 = ORIENTED_EDGE('',*,*,#5662,.F.);
#5692 = PLANE('',#5693);
#5693 = AXIS2_PLACEMENT_3D('',#5694,#5695,#5696);
#5694 = CARTESIAN_POINT('',(330.,320.,1.36E+03));
#5695 = DIRECTION('',(0.,0.,1.));
#5696 = DIRECTION('',(1.,0.,-0.));
#5697 = MANIFOLD_SOLID_BREP('',#5698);
#5698 = CLOSED_SHELL('',(#5699,#5739,#5779,#5801,#5823,#5835));
#5699 = ADVANCED_FACE('',(#5700),#5734,.F.);
#5700 = FACE_BOUND('',#5701,.F.);
#5701 = EDGE_LOOP('',(#5702,#5712,#5720,#5728));
#5702 = ORIENTED_EDGE('',*,*,#5703,.F.);
#5703 = EDGE_CURVE('',#5704,#5706,#5708,.T.);
#5704 = VERTEX_POINT('',#5705);
#5705 = CARTESIAN_POINT('',(1.65E+03,320.,930.));
#5706 = VERTEX_POINT('',#5707);
#5707 = CARTESIAN_POINT('',(1.65E+03,320.,1.36E+03));
#5708 = LINE('',#5709,#5710);
#5709 = CARTESIAN_POINT('',(1.65E+03,320.,930.));
#5710 = VECTOR('',#5711,1.);
#5711 = DIRECTION('',(0.,0.,1.));
#5712 = ORIENTED_EDGE('',*,*,#5713,.T.);
#5713 = EDGE_CURVE('',#5704,#5714,#5716,.T.);
#5714 = VERTEX_POINT('',#5715);
#5715 = CARTESIAN_POINT('',(1.65E+03,690.,930.));
#5716 = LINE('',#5717,#5718);
#5717 = CARTESIAN_POINT('',(1.65E+03,320.,930.));
#5718 = VECTOR('',#5719,1.);
#5719 = DIRECTION('',(-0.,1.,0.));
#5720 = ORIENTED_EDGE('',*,*,#5721,.T.);
#5721 = EDGE_CURVE('',#5714,#5722,#5724,.T.);
#5722 = VERTEX_POINT('',#5723);
#5723 = CARTESIAN_POINT('',(1.65E+03,690.,1.36E+03));
#5724 = LINE('',#5725,#5726);
#5725 = CARTESIAN_POINT('',(1.65E+03,690.,930.));
#5726 = VECTOR('',#5727,1.);
#5727 = DIRECTION('',(0.,0.,1.));
#5728 = ORIENTED_EDGE('',*,*,#5729,.F.);
#5729 = EDGE_CURVE('',#5706,#5722,#5730,.T.);
#5730 = LINE('',#5731,#5732);
#5731 = CARTESIAN_POINT('',(1.65E+03,320.,1.36E+03));
#5732 = VECTOR('',#5733,1.);
#5733 = DIRECTION('',(-0.,1.,0.));
#5734 = PLANE('',#5735);
#5735 = AXIS2_PLACEMENT_3D('',#5736,#5737,#5738);
#5736 = CARTESIAN_POINT('',(1.65E+03,320.,930.));
#5737 = DIRECTION('',(1.,0.,-0.));
#5738 = DIRECTION('',(0.,0.,1.));
#5739 = ADVANCED_FACE('',(#5740),#5774,.T.);
#5740 = FACE_BOUND('',#5741,.T.);
#5741 = EDGE_LOOP('',(#5742,#5752,#5760,#5768));
#5742 = ORIENTED_EDGE('',*,*,#5743,.F.);
#5743 = EDGE_CURVE('',#5744,#5746,#5748,.T.);
#5744 = VERTEX_POINT('',#5745);
#5745 = CARTESIAN_POINT('',(1.66E+03,320.,930.));
#5746 = VERTEX_POINT('',#5747);
#5747 = CARTESIAN_POINT('',(1.66E+03,320.,1.36E+03));
#5748 = LINE('',#5749,#5750);
#5749 = CARTESIAN_POINT('',(1.66E+03,320.,930.));
#5750 = VECTOR('',#5751,1.);
#5751 = DIRECTION('',(0.,0.,1.));
#5752 = ORIENTED_EDGE('',*,*,#5753,.T.);
#5753 = EDGE_CURVE('',#5744,#5754,#5756,.T.);
#5754 = VERTEX_POINT('',#5755);
#5755 = CARTESIAN_POINT('',(1.66E+03,690.,930.));
#5756 = LINE('',#5757,#5758);
#5757 = CARTESIAN_POINT('',(1.66E+03,320.,930.));
#5758 = VECTOR('',#5759,1.);
#5759 = DIRECTION('',(-0.,1.,0.));
#5760 = ORIENTED_EDGE('',*,*,#5761,.T.);
#5761 = EDGE_CURVE('',#5754,#5762,#5764,.T.);
#5762 = VERTEX_POINT('',#5763);
#5763 = CARTESIAN_POINT('',(1.66E+03,690.,1.36E+03));
#5764 = LINE('',#5765,#5766);
#5765 = CARTESIAN_POINT('',(1.66E+03,690.,930.));
#5766 = VECTOR('',#5767,1.);
#5767 = DIRECTION('',(0.,0.,1.));
#5768 = ORIENTED_EDGE('',*,*,#5769,.F.);
#5769 = EDGE_CURVE('',#5746,#5762,#5770,.T.);
#5770 = LINE('',#5771,#5772);
#5771 = CARTESIAN_POINT('',(1.66E+03,320.,1.36E+03));
#5772 = VECTOR('',#5773,1.);
#5773 = DIRECTION('',(-0.,1.,0.));
#5774 = PLANE('',#5775);
#5775 = AXIS2_PLACEMENT_3D('',#5776,#5777,#5778);
#5776 = CARTESIAN_POINT('',(1.66E+03,320.,930.));
#5777 = DIRECTION('',(1.,0.,-0.));
#5778 = DIRECTION('',(0.,0.,1.));
#5779 = ADVANCED_FACE('',(#5780),#5796,.F.);
#5780 = FACE_BOUND('',#5781,.F.);
#5781 = EDGE_LOOP('',(#5782,#5788,#5789,#5795));
#5782 = ORIENTED_EDGE('',*,*,#5783,.F.);
#5783 = EDGE_CURVE('',#5704,#5744,#5784,.T.);
#5784 = LINE('',#5785,#5786);
#5785 = CARTESIAN_POINT('',(1.65E+03,320.,930.));
#5786 = VECTOR('',#5787,1.);
#5787 = DIRECTION('',(1.,0.,-0.));
#5788 = ORIENTED_EDGE('',*,*,#5703,.T.);
#5789 = ORIENTED_EDGE('',*,*,#5790,.T.);
#5790 = EDGE_CURVE('',#5706,#5746,#5791,.T.);
#5791 = LINE('',#5792,#5793);
#5792 = CARTESIAN_POINT('',(1.65E+03,320.,1.36E+03));
#5793 = VECTOR('',#5794,1.);
#5794 = DIRECTION('',(1.,0.,-0.));
#5795 = ORIENTED_EDGE('',*,*,#5743,.F.);
#5796 = PLANE('',#5797);
#5797 = AXIS2_PLACEMENT_3D('',#5798,#5799,#5800);
#5798 = CARTESIAN_POINT('',(1.65E+03,320.,930.));
#5799 = DIRECTION('',(-0.,1.,0.));
#5800 = DIRECTION('',(0.,0.,1.));
#5801 = ADVANCED_FACE('',(#5802),#5818,.T.);
#5802 = FACE_BOUND('',#5803,.T.);
#5803 = EDGE_LOOP('',(#5804,#5810,#5811,#5817));
#5804 = ORIENTED_EDGE('',*,*,#5805,.F.);
#5805 = EDGE_CURVE('',#5714,#5754,#5806,.T.);
#5806 = LINE('',#5807,#5808);
#5807 = CARTESIAN_POINT('',(1.65E+03,690.,930.));
#5808 = VECTOR('',#5809,1.);
#5809 = DIRECTION('',(1.,0.,-0.));
#5810 = ORIENTED_EDGE('',*,*,#5721,.T.);
#5811 = ORIENTED_EDGE('',*,*,#5812,.T.);
#5812 = EDGE_CURVE('',#5722,#5762,#5813,.T.);
#5813 = LINE('',#5814,#5815);
#5814 = CARTESIAN_POINT('',(1.65E+03,690.,1.36E+03));
#5815 = VECTOR('',#5816,1.);
#5816 = DIRECTION('',(1.,0.,-0.));
#5817 = ORIENTED_EDGE('',*,*,#5761,.F.);
#5818 = PLANE('',#5819);
#5819 = AXIS2_PLACEMENT_3D('',#5820,#5821,#5822);
#5820 = CARTESIAN_POINT('',(1.65E+03,690.,930.));
#5821 = DIRECTION('',(-0.,1.,0.));
#5822 = DIRECTION('',(0.,0.,1.));
#5823 = ADVANCED_FACE('',(#5824),#5830,.F.);
#5824 = FACE_BOUND('',#5825,.F.);
#5825 = EDGE_LOOP('',(#5826,#5827,#5828,#5829));
#5826 = ORIENTED_EDGE('',*,*,#5713,.F.);
#5827 = ORIENTED_EDGE('',*,*,#5783,.T.);
#5828 = ORIENTED_EDGE('',*,*,#5753,.T.);
#5829 = ORIENTED_EDGE('',*,*,#5805,.F.);
#5830 = PLANE('',#5831);
#5831 = AXIS2_PLACEMENT_3D('',#5832,#5833,#5834);
#5832 = CARTESIAN_POINT('',(1.65E+03,320.,930.));
#5833 = DIRECTION('',(0.,0.,1.));
#5834 = DIRECTION('',(1.,0.,-0.));
#5835 = ADVANCED_FACE('',(#5836),#5842,.T.);
#5836 = FACE_BOUND('',#5837,.T.);
#5837 = EDGE_LOOP('',(#5838,#5839,#5840,#5841));
#5838 = ORIENTED_EDGE('',*,*,#5729,.F.);
#5839 = ORIENTED_EDGE('',*,*,#5790,.T.);
#5840 = ORIENTED_EDGE('',*,*,#5769,.T.);
#5841 = ORIENTED_EDGE('',*,*,#5812,.F.);
#5842 = PLANE('',#5843);
#5843 = AXIS2_PLACEMENT_3D('',#5844,#5845,#5846);
#5844 = CARTESIAN_POINT('',(1.65E+03,320.,1.36E+03));
#5845 = DIRECTION('',(0.,0.,1.));
#5846 = DIRECTION('',(1.,0.,-0.));
#5847 = MANIFOLD_SOLID_BREP('',#5848);
#5848 = CLOSED_SHELL('',(#5849,#5889,#5929,#5951,#5973,#5985));
#5849 = ADVANCED_FACE('',(#5850),#5884,.F.);
#5850 = FACE_BOUND('',#5851,.F.);
#5851 = EDGE_LOOP('',(#5852,#5862,#5870,#5878));
#5852 = ORIENTED_EDGE('',*,*,#5853,.F.);
#5853 = EDGE_CURVE('',#5854,#5856,#5858,.T.);
#5854 = VERTEX_POINT('',#5855);
#5855 = CARTESIAN_POINT('',(330.,320.,1.35E+03));
#5856 = VERTEX_POINT('',#5857);
#5857 = CARTESIAN_POINT('',(330.,320.,1.36E+03));
#5858 = LINE('',#5859,#5860);
#5859 = CARTESIAN_POINT('',(330.,320.,1.35E+03));
#5860 = VECTOR('',#5861,1.);
#5861 = DIRECTION('',(0.,0.,1.));
#5862 = ORIENTED_EDGE('',*,*,#5863,.T.);
#5863 = EDGE_CURVE('',#5854,#5864,#5866,.T.);
#5864 = VERTEX_POINT('',#5865);
#5865 = CARTESIAN_POINT('',(330.,690.,1.35E+03));
#5866 = LINE('',#5867,#5868);
#5867 = CARTESIAN_POINT('',(330.,320.,1.35E+03));
#5868 = VECTOR('',#5869,1.);
#5869 = DIRECTION('',(-0.,1.,0.));
#5870 = ORIENTED_EDGE('',*,*,#5871,.T.);
#5871 = EDGE_CURVE('',#5864,#5872,#5874,.T.);
#5872 = VERTEX_POINT('',#5873);
#5873 = CARTESIAN_POINT('',(330.,690.,1.36E+03));
#5874 = LINE('',#5875,#5876);
#5875 = CARTESIAN_POINT('',(330.,690.,1.35E+03));
#5876 = VECTOR('',#5877,1.);
#5877 = DIRECTION('',(0.,0.,1.));
#5878 = ORIENTED_EDGE('',*,*,#5879,.F.);
#5879 = EDGE_CURVE('',#5856,#5872,#5880,.T.);
#5880 = LINE('',#5881,#5882);
#5881 = CARTESIAN_POINT('',(330.,320.,1.36E+03));
#5882 = VECTOR('',#5883,1.);
#5883 = DIRECTION('',(-0.,1.,0.));
#5884 = PLANE('',#5885);
#5885 = AXIS2_PLACEMENT_3D('',#5886,#5887,#5888);
#5886 = CARTESIAN_POINT('',(330.,320.,1.35E+03));
#5887 = DIRECTION('',(1.,0.,-0.));
#5888 = DIRECTION('',(0.,0.,1.));
#5889 = ADVANCED_FACE('',(#5890),#5924,.T.);
#5890 = FACE_BOUND('',#5891,.T.);
#5891 = EDGE_LOOP('',(#5892,#5902,#5910,#5918));
#5892 = ORIENTED_EDGE('',*,*,#5893,.F.);
#5893 = EDGE_CURVE('',#5894,#5896,#5898,.T.);
#5894 = VERTEX_POINT('',#5895);
#5895 = CARTESIAN_POINT('',(1.66E+03,320.,1.35E+03));
#5896 = VERTEX_POINT('',#5897);
#5897 = CARTESIAN_POINT('',(1.66E+03,320.,1.36E+03));
#5898 = LINE('',#5899,#5900);
#5899 = CARTESIAN_POINT('',(1.66E+03,320.,1.35E+03));
#5900 = VECTOR('',#5901,1.);
#5901 = DIRECTION('',(0.,0.,1.));
#5902 = ORIENTED_EDGE('',*,*,#5903,.T.);
#5903 = EDGE_CURVE('',#5894,#5904,#5906,.T.);
#5904 = VERTEX_POINT('',#5905);
#5905 = CARTESIAN_POINT('',(1.66E+03,690.,1.35E+03));
#5906 = LINE('',#5907,#5908);
#5907 = CARTESIAN_POINT('',(1.66E+03,320.,1.35E+03));
#5908 = VECTOR('',#5909,1.);
#5909 = DIRECTION('',(-0.,1.,0.));
#5910 = ORIENTED_EDGE('',*,*,#5911,.T.);
#5911 = EDGE_CURVE('',#5904,#5912,#5914,.T.);
#5912 = VERTEX_POINT('',#5913);
#5913 = CARTESIAN_POINT('',(1.66E+03,690.,1.36E+03));
#5914 = LINE('',#5915,#5916);
#5915 = CARTESIAN_POINT('',(1.66E+03,690.,1.35E+03));
#5916 = VECTOR('',#5917,1.);
#5917 = DIRECTION('',(0.,0.,1.));
#5918 = ORIENTED_EDGE('',*,*,#5919,.F.);
#5919 = EDGE_CURVE('',#5896,#5912,#5920,.T.);
#5920 = LINE('',#5921,#5922);
#5921 = CARTESIAN_POINT('',(1.66E+03,320.,1.36E+03));
#5922 = VECTOR('',#5923,1.);
#5923 = DIRECTION('',(-0.,1.,0.));
#5924 = PLANE('',#5925);
#5925 = AXIS2_PLACEMENT_3D('',#5926,#5927,#5928);
#5926 = CARTESIAN_POINT('',(1.66E+03,320.,1.35E+03));
#5927 = DIRECTION('',(1.,0.,-0.));
#5928 = DIRECTION('',(0.,0.,1.));
#5929 = ADVANCED_FACE('',(#5930),#5946,.F.);
#5930 = FACE_BOUND('',#5931,.F.);
#5931 = EDGE_LOOP('',(#5932,#5938,#5939,#5945));
#5932 = ORIENTED_EDGE('',*,*,#5933,.F.);
#5933 = EDGE_CURVE('',#5854,#5894,#5934,.T.);
#5934 = LINE('',#5935,#5936);
#5935 = CARTESIAN_POINT('',(330.,320.,1.35E+03));
#5936 = VECTOR('',#5937,1.);
#5937 = DIRECTION('',(1.,0.,-0.));
#5938 = ORIENTED_EDGE('',*,*,#5853,.T.);
#5939 = ORIENTED_EDGE('',*,*,#5940,.T.);
#5940 = EDGE_CURVE('',#5856,#5896,#5941,.T.);
#5941 = LINE('',#5942,#5943);
#5942 = CARTESIAN_POINT('',(330.,320.,1.36E+03));
#5943 = VECTOR('',#5944,1.);
#5944 = DIRECTION('',(1.,0.,-0.));
#5945 = ORIENTED_EDGE('',*,*,#5893,.F.);
#5946 = PLANE('',#5947);
#5947 = AXIS2_PLACEMENT_3D('',#5948,#5949,#5950);
#5948 = CARTESIAN_POINT('',(330.,320.,1.35E+03));
#5949 = DIRECTION('',(-0.,1.,0.));
#5950 = DIRECTION('',(0.,0.,1.));
#5951 = ADVANCED_FACE('',(#5952),#5968,.T.);
#5952 = FACE_BOUND('',#5953,.T.);
#5953 = EDGE_LOOP('',(#5954,#5960,#5961,#5967));
#5954 = ORIENTED_EDGE('',*,*,#5955,.F.);
#5955 = EDGE_CURVE('',#5864,#5904,#5956,.T.);
#5956 = LINE('',#5957,#5958);
#5957 = CARTESIAN_POINT('',(330.,690.,1.35E+03));
#5958 = VECTOR('',#5959,1.);
#5959 = DIRECTION('',(1.,0.,-0.));
#5960 = ORIENTED_EDGE('',*,*,#5871,.T.);
#5961 = ORIENTED_EDGE('',*,*,#5962,.T.);
#5962 = EDGE_CURVE('',#5872,#5912,#5963,.T.);
#5963 = LINE('',#5964,#5965);
#5964 = CARTESIAN_POINT('',(330.,690.,1.36E+03));
#5965 = VECTOR('',#5966,1.);
#5966 = DIRECTION('',(1.,0.,-0.));
#5967 = ORIENTED_EDGE('',*,*,#5911,.F.);
#5968 = PLANE('',#5969);
#5969 = AXIS2_PLACEMENT_3D('',#5970,#5971,#5972);
#5970 = CARTESIAN_POINT('',(330.,690.,1.35E+03));
#5971 = DIRECTION('',(-0.,1.,0.));
#5972 = DIRECTION('',(0.,0.,1.));
#5973 = ADVANCED_FACE('',(#5974),#5980,.F.);
#5974 = FACE_BOUND('',#5975,.F.);
#5975 = EDGE_LOOP('',(#5976,#5977,#5978,#5979));
#5976 = ORIENTED_EDGE('',*,*,#5863,.F.);
#5977 = ORIENTED_EDGE('',*,*,#5933,.T.);
#5978 = ORIENTED_EDGE('',*,*,#5903,.T.);
#5979 = ORIENTED_EDGE('',*,*,#5955,.F.);
#5980 = PLANE('',#5981);
#5981 = AXIS2_PLACEMENT_3D('',#5982,#5983,#5984);
#5982 = CARTESIAN_POINT('',(330.,320.,1.35E+03));
#5983 = DIRECTION('',(0.,0.,1.));
#5984 = DIRECTION('',(1.,0.,-0.));
#5985 = ADVANCED_FACE('',(#5986),#5992,.T.);
#5986 = FACE_BOUND('',#5987,.T.);
#5987 = EDGE_LOOP('',(#5988,#5989,#5990,#5991));
#5988 = ORIENTED_EDGE('',*,*,#5879,.F.);
#5989 = ORIENTED_EDGE('',*,*,#5940,.T.);
#5990 = ORIENTED_EDGE('',*,*,#5919,.T.);
#5991 = ORIENTED_EDGE('',*,*,#5962,.F.);
#5992 = PLANE('',#5993);
#5993 = AXIS2_PLACEMENT_3D('',#5994,#5995,#5996);
#5994 = CARTESIAN_POINT('',(330.,320.,1.36E+03));
#5995 = DIRECTION('',(0.,0.,1.));
#5996 = DIRECTION('',(1.,0.,-0.));
#5997 = ( GEOMETRIC_REPRESENTATION_CONTEXT(3) 
GLOBAL_UNCERTAINTY_ASSIGNED_CONTEXT((#6001)) 
GLOBAL_UNIT_ASSIGNED_CONTEXT((#5998,#5999,#6000)) REPRESENTATION_CONTEXT
('Context #1','3D Context with UNIT and UNCERTAINTY') );
#5998 = ( LENGTH_UNIT() NAMED_UNIT(*) SI_UNIT(.MILLI.,.METRE.) );
#5999 = ( NAMED_UNIT(*) PLANE_ANGLE_UNIT() SI_UNIT($,.RADIAN.) );
#6000 = ( NAMED_UNIT(*) SI_UNIT($,.STERADIAN.) SOLID_ANGLE_UNIT() );
#6001 = UNCERTAINTY_MEASURE_WITH_UNIT(LENGTH_MEASURE(1.E-07),#5998,
  'distance_accuracy_value','confusion accuracy');
#6002 = CONTEXT_DEPENDENT_SHAPE_REPRESENTATION(#6003,#6005);
#6003 = ( REPRESENTATION_RELATIONSHIP('','',#5396,#10) 
REPRESENTATION_RELATIONSHIP_WITH_TRANSFORMATION(#6004) 
SHAPE_REPRESENTATION_RELATIONSHIP() );
#6004 = ITEM_DEFINED_TRANSFORMATION('','',#11,#103);
#6005 = PRODUCT_DEFINITION_SHAPE('Placement','Placement of an item',
  #6006);
#6006 = NEXT_ASSEMBLY_USAGE_OCCURRENCE('23','57_安全防护罩','',#5,
  #5391,$);
#6007 = PRODUCT_RELATED_PRODUCT_CATEGORY('part',$,(#5393));
#6008 = SHAPE_DEFINITION_REPRESENTATION(#6009,#6015);
#6009 = PRODUCT_DEFINITION_SHAPE('','',#6010);
#6010 = PRODUCT_DEFINITION('design','',#6011,#6014);
#6011 = PRODUCT_DEFINITION_FORMATION('','',#6012);
#6012 = PRODUCT('58_防护前门','58_防护前门','',(#6013));
#6013 = PRODUCT_CONTEXT('',#2,'mechanical');
#6014 = PRODUCT_DEFINITION_CONTEXT('part definition',#2,'design');
#6015 = ADVANCED_BREP_SHAPE_REPRESENTATION('',(#11,#6016),#6166);
#6016 = MANIFOLD_SOLID_BREP('',#6017);
#6017 = CLOSED_SHELL('',(#6018,#6058,#6098,#6120,#6142,#6154));
#6018 = ADVANCED_FACE('',(#6019),#6053,.F.);
#6019 = FACE_BOUND('',#6020,.F.);
#6020 = EDGE_LOOP('',(#6021,#6031,#6039,#6047));
#6021 = ORIENTED_EDGE('',*,*,#6022,.F.);
#6022 = EDGE_CURVE('',#6023,#6025,#6027,.T.);
#6023 = VERTEX_POINT('',#6024);
#6024 = CARTESIAN_POINT('',(340.,320.,940.));
#6025 = VERTEX_POINT('',#6026);
#6026 = CARTESIAN_POINT('',(340.,320.,1.345E+03));
#6027 = LINE('',#6028,#6029);
#6028 = CARTESIAN_POINT('',(340.,320.,940.));
#6029 = VECTOR('',#6030,1.);
#6030 = DIRECTION('',(0.,0.,1.));
#6031 = ORIENTED_EDGE('',*,*,#6032,.T.);
#6032 = EDGE_CURVE('',#6023,#6033,#6035,.T.);
#6033 = VERTEX_POINT('',#6034);
#6034 = CARTESIAN_POINT('',(340.,330.,940.));
#6035 = LINE('',#6036,#6037);
#6036 = CARTESIAN_POINT('',(340.,320.,940.));
#6037 = VECTOR('',#6038,1.);
#6038 = DIRECTION('',(-0.,1.,0.));
#6039 = ORIENTED_EDGE('',*,*,#6040,.T.);
#6040 = EDGE_CURVE('',#6033,#6041,#6043,.T.);
#6041 = VERTEX_POINT('',#6042);
#6042 = CARTESIAN_POINT('',(340.,330.,1.345E+03));
#6043 = LINE('',#6044,#6045);
#6044 = CARTESIAN_POINT('',(340.,330.,940.));
#6045 = VECTOR('',#6046,1.);
#6046 = DIRECTION('',(0.,0.,1.));
#6047 = ORIENTED_EDGE('',*,*,#6048,.F.);
#6048 = EDGE_CURVE('',#6025,#6041,#6049,.T.);
#6049 = LINE('',#6050,#6051);
#6050 = CARTESIAN_POINT('',(340.,320.,1.345E+03));
#6051 = VECTOR('',#6052,1.);
#6052 = DIRECTION('',(-0.,1.,0.));
#6053 = PLANE('',#6054);
#6054 = AXIS2_PLACEMENT_3D('',#6055,#6056,#6057);
#6055 = CARTESIAN_POINT('',(340.,320.,940.));
#6056 = DIRECTION('',(1.,0.,-0.));
#6057 = DIRECTION('',(0.,0.,1.));
#6058 = ADVANCED_FACE('',(#6059),#6093,.T.);
#6059 = FACE_BOUND('',#6060,.T.);
#6060 = EDGE_LOOP('',(#6061,#6071,#6079,#6087));
#6061 = ORIENTED_EDGE('',*,*,#6062,.F.);
#6062 = EDGE_CURVE('',#6063,#6065,#6067,.T.);
#6063 = VERTEX_POINT('',#6064);
#6064 = CARTESIAN_POINT('',(1.65E+03,320.,940.));
#6065 = VERTEX_POINT('',#6066);
#6066 = CARTESIAN_POINT('',(1.65E+03,320.,1.345E+03));
#6067 = LINE('',#6068,#6069);
#6068 = CARTESIAN_POINT('',(1.65E+03,320.,940.));
#6069 = VECTOR('',#6070,1.);
#6070 = DIRECTION('',(0.,0.,1.));
#6071 = ORIENTED_EDGE('',*,*,#6072,.T.);
#6072 = EDGE_CURVE('',#6063,#6073,#6075,.T.);
#6073 = VERTEX_POINT('',#6074);
#6074 = CARTESIAN_POINT('',(1.65E+03,330.,940.));
#6075 = LINE('',#6076,#6077);
#6076 = CARTESIAN_POINT('',(1.65E+03,320.,940.));
#6077 = VECTOR('',#6078,1.);
#6078 = DIRECTION('',(-0.,1.,0.));
#6079 = ORIENTED_EDGE('',*,*,#6080,.T.);
#6080 = EDGE_CURVE('',#6073,#6081,#6083,.T.);
#6081 = VERTEX_POINT('',#6082);
#6082 = CARTESIAN_POINT('',(1.65E+03,330.,1.345E+03));
#6083 = LINE('',#6084,#6085);
#6084 = CARTESIAN_POINT('',(1.65E+03,330.,940.));
#6085 = VECTOR('',#6086,1.);
#6086 = DIRECTION('',(0.,0.,1.));
#6087 = ORIENTED_EDGE('',*,*,#6088,.F.);
#6088 = EDGE_CURVE('',#6065,#6081,#6089,.T.);
#6089 = LINE('',#6090,#6091);
#6090 = CARTESIAN_POINT('',(1.65E+03,320.,1.345E+03));
#6091 = VECTOR('',#6092,1.);
#6092 = DIRECTION('',(-0.,1.,0.));
#6093 = PLANE('',#6094);
#6094 = AXIS2_PLACEMENT_3D('',#6095,#6096,#6097);
#6095 = CARTESIAN_POINT('',(1.65E+03,320.,940.));
#6096 = DIRECTION('',(1.,0.,-0.));
#6097 = DIRECTION('',(0.,0.,1.));
#6098 = ADVANCED_FACE('',(#6099),#6115,.F.);
#6099 = FACE_BOUND('',#6100,.F.);
#6100 = EDGE_LOOP('',(#6101,#6107,#6108,#6114));
#6101 = ORIENTED_EDGE('',*,*,#6102,.F.);
#6102 = EDGE_CURVE('',#6023,#6063,#6103,.T.);
#6103 = LINE('',#6104,#6105);
#6104 = CARTESIAN_POINT('',(340.,320.,940.));
#6105 = VECTOR('',#6106,1.);
#6106 = DIRECTION('',(1.,0.,-0.));
#6107 = ORIENTED_EDGE('',*,*,#6022,.T.);
#6108 = ORIENTED_EDGE('',*,*,#6109,.T.);
#6109 = EDGE_CURVE('',#6025,#6065,#6110,.T.);
#6110 = LINE('',#6111,#6112);
#6111 = CARTESIAN_POINT('',(340.,320.,1.345E+03));
#6112 = VECTOR('',#6113,1.);
#6113 = DIRECTION('',(1.,0.,-0.));
#6114 = ORIENTED_EDGE('',*,*,#6062,.F.);
#6115 = PLANE('',#6116);
#6116 = AXIS2_PLACEMENT_3D('',#6117,#6118,#6119);
#6117 = CARTESIAN_POINT('',(340.,320.,940.));
#6118 = DIRECTION('',(-0.,1.,0.));
#6119 = DIRECTION('',(0.,0.,1.));
#6120 = ADVANCED_FACE('',(#6121),#6137,.T.);
#6121 = FACE_BOUND('',#6122,.T.);
#6122 = EDGE_LOOP('',(#6123,#6129,#6130,#6136));
#6123 = ORIENTED_EDGE('',*,*,#6124,.F.);
#6124 = EDGE_CURVE('',#6033,#6073,#6125,.T.);
#6125 = LINE('',#6126,#6127);
#6126 = CARTESIAN_POINT('',(340.,330.,940.));
#6127 = VECTOR('',#6128,1.);
#6128 = DIRECTION('',(1.,0.,-0.));
#6129 = ORIENTED_EDGE('',*,*,#6040,.T.);
#6130 = ORIENTED_EDGE('',*,*,#6131,.T.);
#6131 = EDGE_CURVE('',#6041,#6081,#6132,.T.);
#6132 = LINE('',#6133,#6134);
#6133 = CARTESIAN_POINT('',(340.,330.,1.345E+03));
#6134 = VECTOR('',#6135,1.);
#6135 = DIRECTION('',(1.,0.,-0.));
#6136 = ORIENTED_EDGE('',*,*,#6080,.F.);
#6137 = PLANE('',#6138);
#6138 = AXIS2_PLACEMENT_3D('',#6139,#6140,#6141);
#6139 = CARTESIAN_POINT('',(340.,330.,940.));
#6140 = DIRECTION('',(-0.,1.,0.));
#6141 = DIRECTION('',(0.,0.,1.));
#6142 = ADVANCED_FACE('',(#6143),#6149,.F.);
#6143 = FACE_BOUND('',#6144,.F.);
#6144 = EDGE_LOOP('',(#6145,#6146,#6147,#6148));
#6145 = ORIENTED_EDGE('',*,*,#6032,.F.);
#6146 = ORIENTED_EDGE('',*,*,#6102,.T.);
#6147 = ORIENTED_EDGE('',*,*,#6072,.T.);
#6148 = ORIENTED_EDGE('',*,*,#6124,.F.);
#6149 = PLANE('',#6150);
#6150 = AXIS2_PLACEMENT_3D('',#6151,#6152,#6153);
#6151 = CARTESIAN_POINT('',(340.,320.,940.));
#6152 = DIRECTION('',(0.,0.,1.));
#6153 = DIRECTION('',(1.,0.,-0.));
#6154 = ADVANCED_FACE('',(#6155),#6161,.T.);
#6155 = FACE_BOUND('',#6156,.T.);
#6156 = EDGE_LOOP('',(#6157,#6158,#6159,#6160));
#6157 = ORIENTED_EDGE('',*,*,#6048,.F.);
#6158 = ORIENTED_EDGE('',*,*,#6109,.T.);
#6159 = ORIENTED_EDGE('',*,*,#6088,.T.);
#6160 = ORIENTED_EDGE('',*,*,#6131,.F.);
#6161 = PLANE('',#6162);
#6162 = AXIS2_PLACEMENT_3D('',#6163,#6164,#6165);
#6163 = CARTESIAN_POINT('',(340.,320.,1.345E+03));
#6164 = DIRECTION('',(0.,0.,1.));
#6165 = DIRECTION('',(1.,0.,-0.));
#6166 = ( GEOMETRIC_REPRESENTATION_CONTEXT(3) 
GLOBAL_UNCERTAINTY_ASSIGNED_CONTEXT((#6170)) 
GLOBAL_UNIT_ASSIGNED_CONTEXT((#6167,#6168,#6169)) REPRESENTATION_CONTEXT
('Context #1','3D Context with UNIT and UNCERTAINTY') );
#6167 = ( LENGTH_UNIT() NAMED_UNIT(*) SI_UNIT(.MILLI.,.METRE.) );
#6168 = ( NAMED_UNIT(*) PLANE_ANGLE_UNIT() SI_UNIT($,.RADIAN.) );
#6169 = ( NAMED_UNIT(*) SI_UNIT($,.STERADIAN.) SOLID_ANGLE_UNIT() );
#6170 = UNCERTAINTY_MEASURE_WITH_UNIT(LENGTH_MEASURE(1.E-07),#6167,
  'distance_accuracy_value','confusion accuracy');
#6171 = CONTEXT_DEPENDENT_SHAPE_REPRESENTATION(#6172,#6174);
#6172 = ( REPRESENTATION_RELATIONSHIP('','',#6015,#10) 
REPRESENTATION_RELATIONSHIP_WITH_TRANSFORMATION(#6173) 
SHAPE_REPRESENTATION_RELATIONSHIP() );
#6173 = ITEM_DEFINED_TRANSFORMATION('','',#11,#107);
#6174 = PRODUCT_DEFINITION_SHAPE('Placement','Placement of an item',
  #6175);
#6175 = NEXT_ASSEMBLY_USAGE_OCCURRENCE('24','58_防护前门','',#5,
  #6010,$);
#6176 = PRODUCT_RELATED_PRODUCT_CATEGORY('part',$,(#6012));
#6177 = SHAPE_DEFINITION_REPRESENTATION(#6178,#6184);
#6178 = PRODUCT_DEFINITION_SHAPE('','',#6179);
#6179 = PRODUCT_DEFINITION('design','',#6180,#6183);
#6180 = PRODUCT_DEFINITION_FORMATION('','',#6181);
#6181 = PRODUCT('58_门把手','58_门把手','',(#6182));
#6182 = PRODUCT_CONTEXT('',#2,'mechanical');
#6183 = PRODUCT_DEFINITION_CONTEXT('part definition',#2,'design');
#6184 = ADVANCED_BREP_SHAPE_REPRESENTATION('',(#11,#6185),#6335);
#6185 = MANIFOLD_SOLID_BREP('',#6186);
#6186 = CLOSED_SHELL('',(#6187,#6227,#6267,#6289,#6311,#6323));
#6187 = ADVANCED_FACE('',(#6188),#6222,.F.);
#6188 = FACE_BOUND('',#6189,.F.);
#6189 = EDGE_LOOP('',(#6190,#6200,#6208,#6216));
#6190 = ORIENTED_EDGE('',*,*,#6191,.F.);
#6191 = EDGE_CURVE('',#6192,#6194,#6196,.T.);
#6192 = VERTEX_POINT('',#6193);
#6193 = CARTESIAN_POINT('',(980.,300.,1.12E+03));
#6194 = VERTEX_POINT('',#6195);
#6195 = CARTESIAN_POINT('',(980.,300.,1.18E+03));
#6196 = LINE('',#6197,#6198);
#6197 = CARTESIAN_POINT('',(980.,300.,1.12E+03));
#6198 = VECTOR('',#6199,1.);
#6199 = DIRECTION('',(0.,0.,1.));
#6200 = ORIENTED_EDGE('',*,*,#6201,.T.);
#6201 = EDGE_CURVE('',#6192,#6202,#6204,.T.);
#6202 = VERTEX_POINT('',#6203);
#6203 = CARTESIAN_POINT('',(980.,320.,1.12E+03));
#6204 = LINE('',#6205,#6206);
#6205 = CARTESIAN_POINT('',(980.,300.,1.12E+03));
#6206 = VECTOR('',#6207,1.);
#6207 = DIRECTION('',(-0.,1.,0.));
#6208 = ORIENTED_EDGE('',*,*,#6209,.T.);
#6209 = EDGE_CURVE('',#6202,#6210,#6212,.T.);
#6210 = VERTEX_POINT('',#6211);
#6211 = CARTESIAN_POINT('',(980.,320.,1.18E+03));
#6212 = LINE('',#6213,#6214);
#6213 = CARTESIAN_POINT('',(980.,320.,1.12E+03));
#6214 = VECTOR('',#6215,1.);
#6215 = DIRECTION('',(0.,0.,1.));
#6216 = ORIENTED_EDGE('',*,*,#6217,.F.);
#6217 = EDGE_CURVE('',#6194,#6210,#6218,.T.);
#6218 = LINE('',#6219,#6220);
#6219 = CARTESIAN_POINT('',(980.,300.,1.18E+03));
#6220 = VECTOR('',#6221,1.);
#6221 = DIRECTION('',(-0.,1.,0.));
#6222 = PLANE('',#6223);
#6223 = AXIS2_PLACEMENT_3D('',#6224,#6225,#6226);
#6224 = CARTESIAN_POINT('',(980.,300.,1.12E+03));
#6225 = DIRECTION('',(1.,0.,-0.));
#6226 = DIRECTION('',(0.,0.,1.));
#6227 = ADVANCED_FACE('',(#6228),#6262,.T.);
#6228 = FACE_BOUND('',#6229,.T.);
#6229 = EDGE_LOOP('',(#6230,#6240,#6248,#6256));
#6230 = ORIENTED_EDGE('',*,*,#6231,.F.);
#6231 = EDGE_CURVE('',#6232,#6234,#6236,.T.);
#6232 = VERTEX_POINT('',#6233);
#6233 = CARTESIAN_POINT('',(1.01E+03,300.,1.12E+03));
#6234 = VERTEX_POINT('',#6235);
#6235 = CARTESIAN_POINT('',(1.01E+03,300.,1.18E+03));
#6236 = LINE('',#6237,#6238);
#6237 = CARTESIAN_POINT('',(1.01E+03,300.,1.12E+03));
#6238 = VECTOR('',#6239,1.);
#6239 = DIRECTION('',(0.,0.,1.));
#6240 = ORIENTED_EDGE('',*,*,#6241,.T.);
#6241 = EDGE_CURVE('',#6232,#6242,#6244,.T.);
#6242 = VERTEX_POINT('',#6243);
#6243 = CARTESIAN_POINT('',(1.01E+03,320.,1.12E+03));
#6244 = LINE('',#6245,#6246);
#6245 = CARTESIAN_POINT('',(1.01E+03,300.,1.12E+03));
#6246 = VECTOR('',#6247,1.);
#6247 = DIRECTION('',(-0.,1.,0.));
#6248 = ORIENTED_EDGE('',*,*,#6249,.T.);
#6249 = EDGE_CURVE('',#6242,#6250,#6252,.T.);
#6250 = VERTEX_POINT('',#6251);
#6251 = CARTESIAN_POINT('',(1.01E+03,320.,1.18E+03));
#6252 = LINE('',#6253,#6254);
#6253 = CARTESIAN_POINT('',(1.01E+03,320.,1.12E+03));
#6254 = VECTOR('',#6255,1.);
#6255 = DIRECTION('',(0.,0.,1.));
#6256 = ORIENTED_EDGE('',*,*,#6257,.F.);
#6257 = EDGE_CURVE('',#6234,#6250,#6258,.T.);
#6258 = LINE('',#6259,#6260);
#6259 = CARTESIAN_POINT('',(1.01E+03,300.,1.18E+03));
#6260 = VECTOR('',#6261,1.);
#6261 = DIRECTION('',(-0.,1.,0.));
#6262 = PLANE('',#6263);
#6263 = AXIS2_PLACEMENT_3D('',#6264,#6265,#6266);
#6264 = CARTESIAN_POINT('',(1.01E+03,300.,1.12E+03));
#6265 = DIRECTION('',(1.,0.,-0.));
#6266 = DIRECTION('',(0.,0.,1.));
#6267 = ADVANCED_FACE('',(#6268),#6284,.F.);
#6268 = FACE_BOUND('',#6269,.F.);
#6269 = EDGE_LOOP('',(#6270,#6276,#6277,#6283));
#6270 = ORIENTED_EDGE('',*,*,#6271,.F.);
#6271 = EDGE_CURVE('',#6192,#6232,#6272,.T.);
#6272 = LINE('',#6273,#6274);
#6273 = CARTESIAN_POINT('',(980.,300.,1.12E+03));
#6274 = VECTOR('',#6275,1.);
#6275 = DIRECTION('',(1.,0.,-0.));
#6276 = ORIENTED_EDGE('',*,*,#6191,.T.);
#6277 = ORIENTED_EDGE('',*,*,#6278,.T.);
#6278 = EDGE_CURVE('',#6194,#6234,#6279,.T.);
#6279 = LINE('',#6280,#6281);
#6280 = CARTESIAN_POINT('',(980.,300.,1.18E+03));
#6281 = VECTOR('',#6282,1.);
#6282 = DIRECTION('',(1.,0.,-0.));
#6283 = ORIENTED_EDGE('',*,*,#6231,.F.);
#6284 = PLANE('',#6285);
#6285 = AXIS2_PLACEMENT_3D('',#6286,#6287,#6288);
#6286 = CARTESIAN_POINT('',(980.,300.,1.12E+03));
#6287 = DIRECTION('',(-0.,1.,0.));
#6288 = DIRECTION('',(0.,0.,1.));
#6289 = ADVANCED_FACE('',(#6290),#6306,.T.);
#6290 = FACE_BOUND('',#6291,.T.);
#6291 = EDGE_LOOP('',(#6292,#6298,#6299,#6305));
#6292 = ORIENTED_EDGE('',*,*,#6293,.F.);
#6293 = EDGE_CURVE('',#6202,#6242,#6294,.T.);
#6294 = LINE('',#6295,#6296);
#6295 = CARTESIAN_POINT('',(980.,320.,1.12E+03));
#6296 = VECTOR('',#6297,1.);
#6297 = DIRECTION('',(1.,0.,-0.));
#6298 = ORIENTED_EDGE('',*,*,#6209,.T.);
#6299 = ORIENTED_EDGE('',*,*,#6300,.T.);
#6300 = EDGE_CURVE('',#6210,#6250,#6301,.T.);
#6301 = LINE('',#6302,#6303);
#6302 = CARTESIAN_POINT('',(980.,320.,1.18E+03));
#6303 = VECTOR('',#6304,1.);
#6304 = DIRECTION('',(1.,0.,-0.));
#6305 = ORIENTED_EDGE('',*,*,#6249,.F.);
#6306 = PLANE('',#6307);
#6307 = AXIS2_PLACEMENT_3D('',#6308,#6309,#6310);
#6308 = CARTESIAN_POINT('',(980.,320.,1.12E+03));
#6309 = DIRECTION('',(-0.,1.,0.));
#6310 = DIRECTION('',(0.,0.,1.));
#6311 = ADVANCED_FACE('',(#6312),#6318,.F.);
#6312 = FACE_BOUND('',#6313,.F.);
#6313 = EDGE_LOOP('',(#6314,#6315,#6316,#6317));
#6314 = ORIENTED_EDGE('',*,*,#6201,.F.);
#6315 = ORIENTED_EDGE('',*,*,#6271,.T.);
#6316 = ORIENTED_EDGE('',*,*,#6241,.T.);
#6317 = ORIENTED_EDGE('',*,*,#6293,.F.);
#6318 = PLANE('',#6319);
#6319 = AXIS2_PLACEMENT_3D('',#6320,#6321,#6322);
#6320 = CARTESIAN_POINT('',(980.,300.,1.12E+03));
#6321 = DIRECTION('',(0.,0.,1.));
#6322 = DIRECTION('',(1.,0.,-0.));
#6323 = ADVANCED_FACE('',(#6324),#6330,.T.);
#6324 = FACE_BOUND('',#6325,.T.);
#6325 = EDGE_LOOP('',(#6326,#6327,#6328,#6329));
#6326 = ORIENTED_EDGE('',*,*,#6217,.F.);
#6327 = ORIENTED_EDGE('',*,*,#6278,.T.);
#6328 = ORIENTED_EDGE('',*,*,#6257,.T.);
#6329 = ORIENTED_EDGE('',*,*,#6300,.F.);
#6330 = PLANE('',#6331);
#6331 = AXIS2_PLACEMENT_3D('',#6332,#6333,#6334);
#6332 = CARTESIAN_POINT('',(980.,300.,1.18E+03));
#6333 = DIRECTION('',(0.,0.,1.));
#6334 = DIRECTION('',(1.,0.,-0.));
#6335 = ( GEOMETRIC_REPRESENTATION_CONTEXT(3) 
GLOBAL_UNCERTAINTY_ASSIGNED_CONTEXT((#6339)) 
GLOBAL_UNIT_ASSIGNED_CONTEXT((#6336,#6337,#6338)) REPRESENTATION_CONTEXT
('Context #1','3D Context with UNIT and UNCERTAINTY') );
#6336 = ( LENGTH_UNIT() NAMED_UNIT(*) SI_UNIT(.MILLI.,.METRE.) );
#6337 = ( NAMED_UNIT(*) PLANE_ANGLE_UNIT() SI_UNIT($,.RADIAN.) );
#6338 = ( NAMED_UNIT(*) SI_UNIT($,.STERADIAN.) SOLID_ANGLE_UNIT() );
#6339 = UNCERTAINTY_MEASURE_WITH_UNIT(LENGTH_MEASURE(1.E-07),#6336,
  'distance_accuracy_value','confusion accuracy');
#6340 = CONTEXT_DEPENDENT_SHAPE_REPRESENTATION(#6341,#6343);
#6341 = ( REPRESENTATION_RELATIONSHIP('','',#6184,#10) 
REPRESENTATION_RELATIONSHIP_WITH_TRANSFORMATION(#6342) 
SHAPE_REPRESENTATION_RELATIONSHIP() );
#6342 = ITEM_DEFINED_TRANSFORMATION('','',#11,#111);
#6343 = PRODUCT_DEFINITION_SHAPE('Placement','Placement of an item',
  #6344);
#6344 = NEXT_ASSEMBLY_USAGE_OCCURRENCE('25','58_门把手','',#5,#6179,$
  );
#6345 = PRODUCT_RELATED_PRODUCT_CATEGORY('part',$,(#6181));
#6346 = SHAPE_DEFINITION_REPRESENTATION(#6347,#6353);
#6347 = PRODUCT_DEFINITION_SHAPE('','',#6348);
#6348 = PRODUCT_DEFINITION('design','',#6349,#6352);
#6349 = PRODUCT_DEFINITION_FORMATION('','',#6350);
#6350 = PRODUCT('59_门联锁开关','59_门联锁开关','',(#6351));
#6351 = PRODUCT_CONTEXT('',#2,'mechanical');
#6352 = PRODUCT_DEFINITION_CONTEXT('part definition',#2,'design');
#6353 = ADVANCED_BREP_SHAPE_REPRESENTATION('',(#11,#6354),#6504);
#6354 = MANIFOLD_SOLID_BREP('',#6355);
#6355 = CLOSED_SHELL('',(#6356,#6396,#6436,#6458,#6480,#6492));
#6356 = ADVANCED_FACE('',(#6357),#6391,.F.);
#6357 = FACE_BOUND('',#6358,.F.);
#6358 = EDGE_LOOP('',(#6359,#6369,#6377,#6385));
#6359 = ORIENTED_EDGE('',*,*,#6360,.F.);
#6360 = EDGE_CURVE('',#6361,#6363,#6365,.T.);
#6361 = VERTEX_POINT('',#6362);
#6362 = CARTESIAN_POINT('',(1.66E+03,300.,1.29E+03));
#6363 = VERTEX_POINT('',#6364);
#6364 = CARTESIAN_POINT('',(1.66E+03,300.,1.34E+03));
#6365 = LINE('',#6366,#6367);
#6366 = CARTESIAN_POINT('',(1.66E+03,300.,1.29E+03));
#6367 = VECTOR('',#6368,1.);
#6368 = DIRECTION('',(0.,0.,1.));
#6369 = ORIENTED_EDGE('',*,*,#6370,.T.);
#6370 = EDGE_CURVE('',#6361,#6371,#6373,.T.);
#6371 = VERTEX_POINT('',#6372);
#6372 = CARTESIAN_POINT('',(1.66E+03,330.,1.29E+03));
#6373 = LINE('',#6374,#6375);
#6374 = CARTESIAN_POINT('',(1.66E+03,300.,1.29E+03));
#6375 = VECTOR('',#6376,1.);
#6376 = DIRECTION('',(-0.,1.,0.));
#6377 = ORIENTED_EDGE('',*,*,#6378,.T.);
#6378 = EDGE_CURVE('',#6371,#6379,#6381,.T.);
#6379 = VERTEX_POINT('',#6380);
#6380 = CARTESIAN_POINT('',(1.66E+03,330.,1.34E+03));
#6381 = LINE('',#6382,#6383);
#6382 = CARTESIAN_POINT('',(1.66E+03,330.,1.29E+03));
#6383 = VECTOR('',#6384,1.);
#6384 = DIRECTION('',(0.,0.,1.));
#6385 = ORIENTED_EDGE('',*,*,#6386,.F.);
#6386 = EDGE_CURVE('',#6363,#6379,#6387,.T.);
#6387 = LINE('',#6388,#6389);
#6388 = CARTESIAN_POINT('',(1.66E+03,300.,1.34E+03));
#6389 = VECTOR('',#6390,1.);
#6390 = DIRECTION('',(-0.,1.,0.));
#6391 = PLANE('',#6392);
#6392 = AXIS2_PLACEMENT_3D('',#6393,#6394,#6395);
#6393 = CARTESIAN_POINT('',(1.66E+03,300.,1.29E+03));
#6394 = DIRECTION('',(1.,0.,-0.));
#6395 = DIRECTION('',(0.,0.,1.));
#6396 = ADVANCED_FACE('',(#6397),#6431,.T.);
#6397 = FACE_BOUND('',#6398,.T.);
#6398 = EDGE_LOOP('',(#6399,#6409,#6417,#6425));
#6399 = ORIENTED_EDGE('',*,*,#6400,.F.);
#6400 = EDGE_CURVE('',#6401,#6403,#6405,.T.);
#6401 = VERTEX_POINT('',#6402);
#6402 = CARTESIAN_POINT('',(1.69E+03,300.,1.29E+03));
#6403 = VERTEX_POINT('',#6404);
#6404 = CARTESIAN_POINT('',(1.69E+03,300.,1.34E+03));
#6405 = LINE('',#6406,#6407);
#6406 = CARTESIAN_POINT('',(1.69E+03,300.,1.29E+03));
#6407 = VECTOR('',#6408,1.);
#6408 = DIRECTION('',(0.,0.,1.));
#6409 = ORIENTED_EDGE('',*,*,#6410,.T.);
#6410 = EDGE_CURVE('',#6401,#6411,#6413,.T.);
#6411 = VERTEX_POINT('',#6412);
#6412 = CARTESIAN_POINT('',(1.69E+03,330.,1.29E+03));
#6413 = LINE('',#6414,#6415);
#6414 = CARTESIAN_POINT('',(1.69E+03,300.,1.29E+03));
#6415 = VECTOR('',#6416,1.);
#6416 = DIRECTION('',(-0.,1.,0.));
#6417 = ORIENTED_EDGE('',*,*,#6418,.T.);
#6418 = EDGE_CURVE('',#6411,#6419,#6421,.T.);
#6419 = VERTEX_POINT('',#6420);
#6420 = CARTESIAN_POINT('',(1.69E+03,330.,1.34E+03));
#6421 = LINE('',#6422,#6423);
#6422 = CARTESIAN_POINT('',(1.69E+03,330.,1.29E+03));
#6423 = VECTOR('',#6424,1.);
#6424 = DIRECTION('',(0.,0.,1.));
#6425 = ORIENTED_EDGE('',*,*,#6426,.F.);
#6426 = EDGE_CURVE('',#6403,#6419,#6427,.T.);
#6427 = LINE('',#6428,#6429);
#6428 = CARTESIAN_POINT('',(1.69E+03,300.,1.34E+03));
#6429 = VECTOR('',#6430,1.);
#6430 = DIRECTION('',(-0.,1.,0.));
#6431 = PLANE('',#6432);
#6432 = AXIS2_PLACEMENT_3D('',#6433,#6434,#6435);
#6433 = CARTESIAN_POINT('',(1.69E+03,300.,1.29E+03));
#6434 = DIRECTION('',(1.,0.,-0.));
#6435 = DIRECTION('',(0.,0.,1.));
#6436 = ADVANCED_FACE('',(#6437),#6453,.F.);
#6437 = FACE_BOUND('',#6438,.F.);
#6438 = EDGE_LOOP('',(#6439,#6445,#6446,#6452));
#6439 = ORIENTED_EDGE('',*,*,#6440,.F.);
#6440 = EDGE_CURVE('',#6361,#6401,#6441,.T.);
#6441 = LINE('',#6442,#6443);
#6442 = CARTESIAN_POINT('',(1.66E+03,300.,1.29E+03));
#6443 = VECTOR('',#6444,1.);
#6444 = DIRECTION('',(1.,0.,-0.));
#6445 = ORIENTED_EDGE('',*,*,#6360,.T.);
#6446 = ORIENTED_EDGE('',*,*,#6447,.T.);
#6447 = EDGE_CURVE('',#6363,#6403,#6448,.T.);
#6448 = LINE('',#6449,#6450);
#6449 = CARTESIAN_POINT('',(1.66E+03,300.,1.34E+03));
#6450 = VECTOR('',#6451,1.);
#6451 = DIRECTION('',(1.,0.,-0.));
#6452 = ORIENTED_EDGE('',*,*,#6400,.F.);
#6453 = PLANE('',#6454);
#6454 = AXIS2_PLACEMENT_3D('',#6455,#6456,#6457);
#6455 = CARTESIAN_POINT('',(1.66E+03,300.,1.29E+03));
#6456 = DIRECTION('',(-0.,1.,0.));
#6457 = DIRECTION('',(0.,0.,1.));
#6458 = ADVANCED_FACE('',(#6459),#6475,.T.);
#6459 = FACE_BOUND('',#6460,.T.);
#6460 = EDGE_LOOP('',(#6461,#6467,#6468,#6474));
#6461 = ORIENTED_EDGE('',*,*,#6462,.F.);
#6462 = EDGE_CURVE('',#6371,#6411,#6463,.T.);
#6463 = LINE('',#6464,#6465);
#6464 = CARTESIAN_POINT('',(1.66E+03,330.,1.29E+03));
#6465 = VECTOR('',#6466,1.);
#6466 = DIRECTION('',(1.,0.,-0.));
#6467 = ORIENTED_EDGE('',*,*,#6378,.T.);
#6468 = ORIENTED_EDGE('',*,*,#6469,.T.);
#6469 = EDGE_CURVE('',#6379,#6419,#6470,.T.);
#6470 = LINE('',#6471,#6472);
#6471 = CARTESIAN_POINT('',(1.66E+03,330.,1.34E+03));
#6472 = VECTOR('',#6473,1.);
#6473 = DIRECTION('',(1.,0.,-0.));
#6474 = ORIENTED_EDGE('',*,*,#6418,.F.);
#6475 = PLANE('',#6476);
#6476 = AXIS2_PLACEMENT_3D('',#6477,#6478,#6479);
#6477 = CARTESIAN_POINT('',(1.66E+03,330.,1.29E+03));
#6478 = DIRECTION('',(-0.,1.,0.));
#6479 = DIRECTION('',(0.,0.,1.));
#6480 = ADVANCED_FACE('',(#6481),#6487,.F.);
#6481 = FACE_BOUND('',#6482,.F.);
#6482 = EDGE_LOOP('',(#6483,#6484,#6485,#6486));
#6483 = ORIENTED_EDGE('',*,*,#6370,.F.);
#6484 = ORIENTED_EDGE('',*,*,#6440,.T.);
#6485 = ORIENTED_EDGE('',*,*,#6410,.T.);
#6486 = ORIENTED_EDGE('',*,*,#6462,.F.);
#6487 = PLANE('',#6488);
#6488 = AXIS2_PLACEMENT_3D('',#6489,#6490,#6491);
#6489 = CARTESIAN_POINT('',(1.66E+03,300.,1.29E+03));
#6490 = DIRECTION('',(0.,0.,1.));
#6491 = DIRECTION('',(1.,0.,-0.));
#6492 = ADVANCED_FACE('',(#6493),#6499,.T.);
#6493 = FACE_BOUND('',#6494,.T.);
#6494 = EDGE_LOOP('',(#6495,#6496,#6497,#6498));
#6495 = ORIENTED_EDGE('',*,*,#6386,.F.);
#6496 = ORIENTED_EDGE('',*,*,#6447,.T.);
#6497 = ORIENTED_EDGE('',*,*,#6426,.T.);
#6498 = ORIENTED_EDGE('',*,*,#6469,.F.);
#6499 = PLANE('',#6500);
#6500 = AXIS2_PLACEMENT_3D('',#6501,#6502,#6503);
#6501 = CARTESIAN_POINT('',(1.66E+03,300.,1.34E+03));
#6502 = DIRECTION('',(0.,0.,1.));
#6503 = DIRECTION('',(1.,0.,-0.));
#6504 = ( GEOMETRIC_REPRESENTATION_CONTEXT(3) 
GLOBAL_UNCERTAINTY_ASSIGNED_CONTEXT((#6508)) 
GLOBAL_UNIT_ASSIGNED_CONTEXT((#6505,#6506,#6507)) REPRESENTATION_CONTEXT
('Context #1','3D Context with UNIT and UNCERTAINTY') );
#6505 = ( LENGTH_UNIT() NAMED_UNIT(*) SI_UNIT(.MILLI.,.METRE.) );
#6506 = ( NAMED_UNIT(*) PLANE_ANGLE_UNIT() SI_UNIT($,.RADIAN.) );
#6507 = ( NAMED_UNIT(*) SI_UNIT($,.STERADIAN.) SOLID_ANGLE_UNIT() );
#6508 = UNCERTAINTY_MEASURE_WITH_UNIT(LENGTH_MEASURE(1.E-07),#6505,
  'distance_accuracy_value','confusion accuracy');
#6509 = CONTEXT_DEPENDENT_SHAPE_REPRESENTATION(#6510,#6512);
#6510 = ( REPRESENTATION_RELATIONSHIP('','',#6353,#10) 
REPRESENTATION_RELATIONSHIP_WITH_TRANSFORMATION(#6511) 
SHAPE_REPRESENTATION_RELATIONSHIP() );
#6511 = ITEM_DEFINED_TRANSFORMATION('','',#11,#115);
#6512 = PRODUCT_DEFINITION_SHAPE('Placement','Placement of an item',
  #6513);
#6513 = NEXT_ASSEMBLY_USAGE_OCCURRENCE('26','59_门联锁开关','',#5,
  #6348,$);
#6514 = PRODUCT_RELATED_PRODUCT_CATEGORY('part',$,(#6350));
#6515 = SHAPE_DEFINITION_REPRESENTATION(#6516,#6522);
#6516 = PRODUCT_DEFINITION_SHAPE('','',#6517);
#6517 = PRODUCT_DEFINITION('design','',#6518,#6521);
#6518 = PRODUCT_DEFINITION_FORMATION('','',#6519);
#6519 = PRODUCT('1_油箱','1_油箱','',(#6520));
#6520 = PRODUCT_CONTEXT('',#2,'mechanical');
#6521 = PRODUCT_DEFINITION_CONTEXT('part definition',#2,'design');
#6522 = ADVANCED_BREP_SHAPE_REPRESENTATION('',(#11,#6523),#6673);
#6523 = MANIFOLD_SOLID_BREP('',#6524);
#6524 = CLOSED_SHELL('',(#6525,#6565,#6605,#6627,#6649,#6661));
#6525 = ADVANCED_FACE('',(#6526),#6560,.F.);
#6526 = FACE_BOUND('',#6527,.F.);
#6527 = EDGE_LOOP('',(#6528,#6538,#6546,#6554));
#6528 = ORIENTED_EDGE('',*,*,#6529,.F.);
#6529 = EDGE_CURVE('',#6530,#6532,#6534,.T.);
#6530 = VERTEX_POINT('',#6531);
#6531 = CARTESIAN_POINT('',(100.,250.,160.));
#6532 = VERTEX_POINT('',#6533);
#6533 = CARTESIAN_POINT('',(100.,250.,440.));
#6534 = LINE('',#6535,#6536);
#6535 = CARTESIAN_POINT('',(100.,250.,160.));
#6536 = VECTOR('',#6537,1.);
#6537 = DIRECTION('',(0.,0.,1.));
#6538 = ORIENTED_EDGE('',*,*,#6539,.T.);
#6539 = EDGE_CURVE('',#6530,#6540,#6542,.T.);
#6540 = VERTEX_POINT('',#6541);
#6541 = CARTESIAN_POINT('',(100.,650.,160.));
#6542 = LINE('',#6543,#6544);
#6543 = CARTESIAN_POINT('',(100.,250.,160.));
#6544 = VECTOR('',#6545,1.);
#6545 = DIRECTION('',(-0.,1.,0.));
#6546 = ORIENTED_EDGE('',*,*,#6547,.T.);
#6547 = EDGE_CURVE('',#6540,#6548,#6550,.T.);
#6548 = VERTEX_POINT('',#6549);
#6549 = CARTESIAN_POINT('',(100.,650.,440.));
#6550 = LINE('',#6551,#6552);
#6551 = CARTESIAN_POINT('',(100.,650.,160.));
#6552 = VECTOR('',#6553,1.);
#6553 = DIRECTION('',(0.,0.,1.));
#6554 = ORIENTED_EDGE('',*,*,#6555,.F.);
#6555 = EDGE_CURVE('',#6532,#6548,#6556,.T.);
#6556 = LINE('',#6557,#6558);
#6557 = CARTESIAN_POINT('',(100.,250.,440.));
#6558 = VECTOR('',#6559,1.);
#6559 = DIRECTION('',(-0.,1.,0.));
#6560 = PLANE('',#6561);
#6561 = AXIS2_PLACEMENT_3D('',#6562,#6563,#6564);
#6562 = CARTESIAN_POINT('',(100.,250.,160.));
#6563 = DIRECTION('',(1.,0.,-0.));
#6564 = DIRECTION('',(0.,0.,1.));
#6565 = ADVANCED_FACE('',(#6566),#6600,.T.);
#6566 = FACE_BOUND('',#6567,.T.);
#6567 = EDGE_LOOP('',(#6568,#6578,#6586,#6594));
#6568 = ORIENTED_EDGE('',*,*,#6569,.F.);
#6569 = EDGE_CURVE('',#6570,#6572,#6574,.T.);
#6570 = VERTEX_POINT('',#6571);
#6571 = CARTESIAN_POINT('',(700.,250.,160.));
#6572 = VERTEX_POINT('',#6573);
#6573 = CARTESIAN_POINT('',(700.,250.,440.));
#6574 = LINE('',#6575,#6576);
#6575 = CARTESIAN_POINT('',(700.,250.,160.));
#6576 = VECTOR('',#6577,1.);
#6577 = DIRECTION('',(0.,0.,1.));
#6578 = ORIENTED_EDGE('',*,*,#6579,.T.);
#6579 = EDGE_CURVE('',#6570,#6580,#6582,.T.);
#6580 = VERTEX_POINT('',#6581);
#6581 = CARTESIAN_POINT('',(700.,650.,160.));
#6582 = LINE('',#6583,#6584);
#6583 = CARTESIAN_POINT('',(700.,250.,160.));
#6584 = VECTOR('',#6585,1.);
#6585 = DIRECTION('',(-0.,1.,0.));
#6586 = ORIENTED_EDGE('',*,*,#6587,.T.);
#6587 = EDGE_CURVE('',#6580,#6588,#6590,.T.);
#6588 = VERTEX_POINT('',#6589);
#6589 = CARTESIAN_POINT('',(700.,650.,440.));
#6590 = LINE('',#6591,#6592);
#6591 = CARTESIAN_POINT('',(700.,650.,160.));
#6592 = VECTOR('',#6593,1.);
#6593 = DIRECTION('',(0.,0.,1.));
#6594 = ORIENTED_EDGE('',*,*,#6595,.F.);
#6595 = EDGE_CURVE('',#6572,#6588,#6596,.T.);
#6596 = LINE('',#6597,#6598);
#6597 = CARTESIAN_POINT('',(700.,250.,440.));
#6598 = VECTOR('',#6599,1.);
#6599 = DIRECTION('',(-0.,1.,0.));
#6600 = PLANE('',#6601);
#6601 = AXIS2_PLACEMENT_3D('',#6602,#6603,#6604);
#6602 = CARTESIAN_POINT('',(700.,250.,160.));
#6603 = DIRECTION('',(1.,0.,-0.));
#6604 = DIRECTION('',(0.,0.,1.));
#6605 = ADVANCED_FACE('',(#6606),#6622,.F.);
#6606 = FACE_BOUND('',#6607,.F.);
#6607 = EDGE_LOOP('',(#6608,#6614,#6615,#6621));
#6608 = ORIENTED_EDGE('',*,*,#6609,.F.);
#6609 = EDGE_CURVE('',#6530,#6570,#6610,.T.);
#6610 = LINE('',#6611,#6612);
#6611 = CARTESIAN_POINT('',(100.,250.,160.));
#6612 = VECTOR('',#6613,1.);
#6613 = DIRECTION('',(1.,0.,-0.));
#6614 = ORIENTED_EDGE('',*,*,#6529,.T.);
#6615 = ORIENTED_EDGE('',*,*,#6616,.T.);
#6616 = EDGE_CURVE('',#6532,#6572,#6617,.T.);
#6617 = LINE('',#6618,#6619);
#6618 = CARTESIAN_POINT('',(100.,250.,440.));
#6619 = VECTOR('',#6620,1.);
#6620 = DIRECTION('',(1.,0.,-0.));
#6621 = ORIENTED_EDGE('',*,*,#6569,.F.);
#6622 = PLANE('',#6623);
#6623 = AXIS2_PLACEMENT_3D('',#6624,#6625,#6626);
#6624 = CARTESIAN_POINT('',(100.,250.,160.));
#6625 = DIRECTION('',(-0.,1.,0.));
#6626 = DIRECTION('',(0.,0.,1.));
#6627 = ADVANCED_FACE('',(#6628),#6644,.T.);
#6628 = FACE_BOUND('',#6629,.T.);
#6629 = EDGE_LOOP('',(#6630,#6636,#6637,#6643));
#6630 = ORIENTED_EDGE('',*,*,#6631,.F.);
#6631 = EDGE_CURVE('',#6540,#6580,#6632,.T.);
#6632 = LINE('',#6633,#6634);
#6633 = CARTESIAN_POINT('',(100.,650.,160.));
#6634 = VECTOR('',#6635,1.);
#6635 = DIRECTION('',(1.,0.,-0.));
#6636 = ORIENTED_EDGE('',*,*,#6547,.T.);
#6637 = ORIENTED_EDGE('',*,*,#6638,.T.);
#6638 = EDGE_CURVE('',#6548,#6588,#6639,.T.);
#6639 = LINE('',#6640,#6641);
#6640 = CARTESIAN_POINT('',(100.,650.,440.));
#6641 = VECTOR('',#6642,1.);
#6642 = DIRECTION('',(1.,0.,-0.));
#6643 = ORIENTED_EDGE('',*,*,#6587,.F.);
#6644 = PLANE('',#6645);
#6645 = AXIS2_PLACEMENT_3D('',#6646,#6647,#6648);
#6646 = CARTESIAN_POINT('',(100.,650.,160.));
#6647 = DIRECTION('',(-0.,1.,0.));
#6648 = DIRECTION('',(0.,0.,1.));
#6649 = ADVANCED_FACE('',(#6650),#6656,.F.);
#6650 = FACE_BOUND('',#6651,.F.);
#6651 = EDGE_LOOP('',(#6652,#6653,#6654,#6655));
#6652 = ORIENTED_EDGE('',*,*,#6539,.F.);
#6653 = ORIENTED_EDGE('',*,*,#6609,.T.);
#6654 = ORIENTED_EDGE('',*,*,#6579,.T.);
#6655 = ORIENTED_EDGE('',*,*,#6631,.F.);
#6656 = PLANE('',#6657);
#6657 = AXIS2_PLACEMENT_3D('',#6658,#6659,#6660);
#6658 = CARTESIAN_POINT('',(100.,250.,160.));
#6659 = DIRECTION('',(0.,0.,1.));
#6660 = DIRECTION('',(1.,0.,-0.));
#6661 = ADVANCED_FACE('',(#6662),#6668,.T.);
#6662 = FACE_BOUND('',#6663,.T.);
#6663 = EDGE_LOOP('',(#6664,#6665,#6666,#6667));
#6664 = ORIENTED_EDGE('',*,*,#6555,.F.);
#6665 = ORIENTED_EDGE('',*,*,#6616,.T.);
#6666 = ORIENTED_EDGE('',*,*,#6595,.T.);
#6667 = ORIENTED_EDGE('',*,*,#6638,.F.);
#6668 = PLANE('',#6669);
#6669 = AXIS2_PLACEMENT_3D('',#6670,#6671,#6672);
#6670 = CARTESIAN_POINT('',(100.,250.,440.));
#6671 = DIRECTION('',(0.,0.,1.));
#6672 = DIRECTION('',(1.,0.,-0.));
#6673 = ( GEOMETRIC_REPRESENTATION_CONTEXT(3) 
GLOBAL_UNCERTAINTY_ASSIGNED_CONTEXT((#6677)) 
GLOBAL_UNIT_ASSIGNED_CONTEXT((#6674,#6675,#6676)) REPRESENTATION_CONTEXT
('Context #1','3D Context with UNIT and UNCERTAINTY') );
#6674 = ( LENGTH_UNIT() NAMED_UNIT(*) SI_UNIT(.MILLI.,.METRE.) );
#6675 = ( NAMED_UNIT(*) PLANE_ANGLE_UNIT() SI_UNIT($,.RADIAN.) );
#6676 = ( NAMED_UNIT(*) SI_UNIT($,.STERADIAN.) SOLID_ANGLE_UNIT() );
#6677 = UNCERTAINTY_MEASURE_WITH_UNIT(LENGTH_MEASURE(1.E-07),#6674,
  'distance_accuracy_value','confusion accuracy');
#6678 = CONTEXT_DEPENDENT_SHAPE_REPRESENTATION(#6679,#6681);
#6679 = ( REPRESENTATION_RELATIONSHIP('','',#6522,#10) 
REPRESENTATION_RELATIONSHIP_WITH_TRANSFORMATION(#6680) 
SHAPE_REPRESENTATION_RELATIONSHIP() );
#6680 = ITEM_DEFINED_TRANSFORMATION('','',#11,#119);
#6681 = PRODUCT_DEFINITION_SHAPE('Placement','Placement of an item',
  #6682);
#6682 = NEXT_ASSEMBLY_USAGE_OCCURRENCE('27','1_油箱','',#5,#6517,$);
#6683 = PRODUCT_RELATED_PRODUCT_CATEGORY('part',$,(#6519));
#6684 = SHAPE_DEFINITION_REPRESENTATION(#6685,#6691);
#6685 = PRODUCT_DEFINITION_SHAPE('','',#6686);
#6686 = PRODUCT_DEFINITION('design','',#6687,#6690);
#6687 = PRODUCT_DEFINITION_FORMATION('','',#6688);
#6688 = PRODUCT('4_电机','4_电机','',(#6689));
#6689 = PRODUCT_CONTEXT('',#2,'mechanical');
#6690 = PRODUCT_DEFINITION_CONTEXT('part definition',#2,'design');
#6691 = ADVANCED_BREP_SHAPE_REPRESENTATION('',(#11,#6692),#6745);
#6692 = MANIFOLD_SOLID_BREP('',#6693);
#6693 = CLOSED_SHELL('',(#6694,#6727,#6736));
#6694 = ADVANCED_FACE('',(#6695),#6722,.T.);
#6695 = FACE_BOUND('',#6696,.T.);
#6696 = EDGE_LOOP('',(#6697,#6706,#6714,#6721));
#6697 = ORIENTED_EDGE('',*,*,#6698,.F.);
#6698 = EDGE_CURVE('',#6699,#6699,#6701,.T.);
#6699 = VERTEX_POINT('',#6700);
#6700 = CARTESIAN_POINT('',(480.,450.,650.));
#6701 = CIRCLE('',#6702,100.);
#6702 = AXIS2_PLACEMENT_3D('',#6703,#6704,#6705);
#6703 = CARTESIAN_POINT('',(480.,450.,550.));
#6704 = DIRECTION('',(1.,0.,0.));
#6705 = DIRECTION('',(-0.,0.,1.));
#6706 = ORIENTED_EDGE('',*,*,#6707,.F.);
#6707 = EDGE_CURVE('',#6708,#6699,#6710,.T.);
#6708 = VERTEX_POINT('',#6709);
#6709 = CARTESIAN_POINT('',(180.,450.,650.));
#6710 = LINE('',#6711,#6712);
#6711 = CARTESIAN_POINT('',(180.,450.,650.));
#6712 = VECTOR('',#6713,1.);
#6713 = DIRECTION('',(1.,0.,0.));
#6714 = ORIENTED_EDGE('',*,*,#6715,.T.);
#6715 = EDGE_CURVE('',#6708,#6708,#6716,.T.);
#6716 = CIRCLE('',#6717,100.);
#6717 = AXIS2_PLACEMENT_3D('',#6718,#6719,#6720);
#6718 = CARTESIAN_POINT('',(180.,450.,550.));
#6719 = DIRECTION('',(1.,0.,0.));
#6720 = DIRECTION('',(-0.,0.,1.));
#6721 = ORIENTED_EDGE('',*,*,#6707,.T.);
#6722 = CYLINDRICAL_SURFACE('',#6723,100.);
#6723 = AXIS2_PLACEMENT_3D('',#6724,#6725,#6726);
#6724 = CARTESIAN_POINT('',(180.,450.,550.));
#6725 = DIRECTION('',(1.,0.,0.));
#6726 = DIRECTION('',(-0.,0.,1.));
#6727 = ADVANCED_FACE('',(#6728),#6731,.T.);
#6728 = FACE_BOUND('',#6729,.T.);
#6729 = EDGE_LOOP('',(#6730));
#6730 = ORIENTED_EDGE('',*,*,#6698,.T.);
#6731 = PLANE('',#6732);
#6732 = AXIS2_PLACEMENT_3D('',#6733,#6734,#6735);
#6733 = CARTESIAN_POINT('',(480.,450.,550.));
#6734 = DIRECTION('',(1.,0.,0.));
#6735 = DIRECTION('',(-0.,0.,1.));
#6736 = ADVANCED_FACE('',(#6737),#6740,.F.);
#6737 = FACE_BOUND('',#6738,.T.);
#6738 = EDGE_LOOP('',(#6739));
#6739 = ORIENTED_EDGE('',*,*,#6715,.F.);
#6740 = PLANE('',#6741);
#6741 = AXIS2_PLACEMENT_3D('',#6742,#6743,#6744);
#6742 = CARTESIAN_POINT('',(180.,450.,550.));
#6743 = DIRECTION('',(1.,0.,0.));
#6744 = DIRECTION('',(-0.,0.,1.));
#6745 = ( GEOMETRIC_REPRESENTATION_CONTEXT(3) 
GLOBAL_UNCERTAINTY_ASSIGNED_CONTEXT((#6749)) 
GLOBAL_UNIT_ASSIGNED_CONTEXT((#6746,#6747,#6748)) REPRESENTATION_CONTEXT
('Context #1','3D Context with UNIT and UNCERTAINTY') );
#6746 = ( LENGTH_UNIT() NAMED_UNIT(*) SI_UNIT(.MILLI.,.METRE.) );
#6747 = ( NAMED_UNIT(*) PLANE_ANGLE_UNIT() SI_UNIT($,.RADIAN.) );
#6748 = ( NAMED_UNIT(*) SI_UNIT($,.STERADIAN.) SOLID_ANGLE_UNIT() );
#6749 = UNCERTAINTY_MEASURE_WITH_UNIT(LENGTH_MEASURE(1.E-07),#6746,
  'distance_accuracy_value','confusion accuracy');
#6750 = CONTEXT_DEPENDENT_SHAPE_REPRESENTATION(#6751,#6753);
#6751 = ( REPRESENTATION_RELATIONSHIP('','',#6691,#10) 
REPRESENTATION_RELATIONSHIP_WITH_TRANSFORMATION(#6752) 
SHAPE_REPRESENTATION_RELATIONSHIP() );
#6752 = ITEM_DEFINED_TRANSFORMATION('','',#11,#123);
#6753 = PRODUCT_DEFINITION_SHAPE('Placement','Placement of an item',
  #6754);
#6754 = NEXT_ASSEMBLY_USAGE_OCCURRENCE('28','4_电机','',#5,#6686,$);
#6755 = PRODUCT_RELATED_PRODUCT_CATEGORY('part',$,(#6688));
#6756 = SHAPE_DEFINITION_REPRESENTATION(#6757,#6763);
#6757 = PRODUCT_DEFINITION_SHAPE('','',#6758);
#6758 = PRODUCT_DEFINITION('design','',#6759,#6762);
#6759 = PRODUCT_DEFINITION_FORMATION('','',#6760);
#6760 = PRODUCT('4_电机底座','4_电机底座','',(#6761));
#6761 = PRODUCT_CONTEXT('',#2,'mechanical');
#6762 = PRODUCT_DEFINITION_CONTEXT('part definition',#2,'design');
#6763 = ADVANCED_BREP_SHAPE_REPRESENTATION('',(#11,#6764),#6914);
#6764 = MANIFOLD_SOLID_BREP('',#6765);
#6765 = CLOSED_SHELL('',(#6766,#6806,#6846,#6868,#6890,#6902));
#6766 = ADVANCED_FACE('',(#6767),#6801,.F.);
#6767 = FACE_BOUND('',#6768,.F.);
#6768 = EDGE_LOOP('',(#6769,#6779,#6787,#6795));
#6769 = ORIENTED_EDGE('',*,*,#6770,.F.);
#6770 = EDGE_CURVE('',#6771,#6773,#6775,.T.);
#6771 = VERTEX_POINT('',#6772);
#6772 = CARTESIAN_POINT('',(200.,380.,440.));
#6773 = VERTEX_POINT('',#6774);
#6774 = CARTESIAN_POINT('',(200.,380.,450.));
#6775 = LINE('',#6776,#6777);
#6776 = CARTESIAN_POINT('',(200.,380.,440.));
#6777 = VECTOR('',#6778,1.);
#6778 = DIRECTION('',(0.,0.,1.));
#6779 = ORIENTED_EDGE('',*,*,#6780,.T.);
#6780 = EDGE_CURVE('',#6771,#6781,#6783,.T.);
#6781 = VERTEX_POINT('',#6782);
#6782 = CARTESIAN_POINT('',(200.,520.,440.));
#6783 = LINE('',#6784,#6785);
#6784 = CARTESIAN_POINT('',(200.,380.,440.));
#6785 = VECTOR('',#6786,1.);
#6786 = DIRECTION('',(-0.,1.,0.));
#6787 = ORIENTED_EDGE('',*,*,#6788,.T.);
#6788 = EDGE_CURVE('',#6781,#6789,#6791,.T.);
#6789 = VERTEX_POINT('',#6790);
#6790 = CARTESIAN_POINT('',(200.,520.,450.));
#6791 = LINE('',#6792,#6793);
#6792 = CARTESIAN_POINT('',(200.,520.,440.));
#6793 = VECTOR('',#6794,1.);
#6794 = DIRECTION('',(0.,0.,1.));
#6795 = ORIENTED_EDGE('',*,*,#6796,.F.);
#6796 = EDGE_CURVE('',#6773,#6789,#6797,.T.);
#6797 = LINE('',#6798,#6799);
#6798 = CARTESIAN_POINT('',(200.,380.,450.));
#6799 = VECTOR('',#6800,1.);
#6800 = DIRECTION('',(-0.,1.,0.));
#6801 = PLANE('',#6802);
#6802 = AXIS2_PLACEMENT_3D('',#6803,#6804,#6805);
#6803 = CARTESIAN_POINT('',(200.,380.,440.));
#6804 = DIRECTION('',(1.,0.,-0.));
#6805 = DIRECTION('',(0.,0.,1.));
#6806 = ADVANCED_FACE('',(#6807),#6841,.T.);
#6807 = FACE_BOUND('',#6808,.T.);
#6808 = EDGE_LOOP('',(#6809,#6819,#6827,#6835));
#6809 = ORIENTED_EDGE('',*,*,#6810,.F.);
#6810 = EDGE_CURVE('',#6811,#6813,#6815,.T.);
#6811 = VERTEX_POINT('',#6812);
#6812 = CARTESIAN_POINT('',(460.,380.,440.));
#6813 = VERTEX_POINT('',#6814);
#6814 = CARTESIAN_POINT('',(460.,380.,450.));
#6815 = LINE('',#6816,#6817);
#6816 = CARTESIAN_POINT('',(460.,380.,440.));
#6817 = VECTOR('',#6818,1.);
#6818 = DIRECTION('',(0.,0.,1.));
#6819 = ORIENTED_EDGE('',*,*,#6820,.T.);
#6820 = EDGE_CURVE('',#6811,#6821,#6823,.T.);
#6821 = VERTEX_POINT('',#6822);
#6822 = CARTESIAN_POINT('',(460.,520.,440.));
#6823 = LINE('',#6824,#6825);
#6824 = CARTESIAN_POINT('',(460.,380.,440.));
#6825 = VECTOR('',#6826,1.);
#6826 = DIRECTION('',(-0.,1.,0.));
#6827 = ORIENTED_EDGE('',*,*,#6828,.T.);
#6828 = EDGE_CURVE('',#6821,#6829,#6831,.T.);
#6829 = VERTEX_POINT('',#6830);
#6830 = CARTESIAN_POINT('',(460.,520.,450.));
#6831 = LINE('',#6832,#6833);
#6832 = CARTESIAN_POINT('',(460.,520.,440.));
#6833 = VECTOR('',#6834,1.);
#6834 = DIRECTION('',(0.,0.,1.));
#6835 = ORIENTED_EDGE('',*,*,#6836,.F.);
#6836 = EDGE_CURVE('',#6813,#6829,#6837,.T.);
#6837 = LINE('',#6838,#6839);
#6838 = CARTESIAN_POINT('',(460.,380.,450.));
#6839 = VECTOR('',#6840,1.);
#6840 = DIRECTION('',(-0.,1.,0.));
#6841 = PLANE('',#6842);
#6842 = AXIS2_PLACEMENT_3D('',#6843,#6844,#6845);
#6843 = CARTESIAN_POINT('',(460.,380.,440.));
#6844 = DIRECTION('',(1.,0.,-0.));
#6845 = DIRECTION('',(0.,0.,1.));
#6846 = ADVANCED_FACE('',(#6847),#6863,.F.);
#6847 = FACE_BOUND('',#6848,.F.);
#6848 = EDGE_LOOP('',(#6849,#6855,#6856,#6862));
#6849 = ORIENTED_EDGE('',*,*,#6850,.F.);
#6850 = EDGE_CURVE('',#6771,#6811,#6851,.T.);
#6851 = LINE('',#6852,#6853);
#6852 = CARTESIAN_POINT('',(200.,380.,440.));
#6853 = VECTOR('',#6854,1.);
#6854 = DIRECTION('',(1.,0.,-0.));
#6855 = ORIENTED_EDGE('',*,*,#6770,.T.);
#6856 = ORIENTED_EDGE('',*,*,#6857,.T.);
#6857 = EDGE_CURVE('',#6773,#6813,#6858,.T.);
#6858 = LINE('',#6859,#6860);
#6859 = CARTESIAN_POINT('',(200.,380.,450.));
#6860 = VECTOR('',#6861,1.);
#6861 = DIRECTION('',(1.,0.,-0.));
#6862 = ORIENTED_EDGE('',*,*,#6810,.F.);
#6863 = PLANE('',#6864);
#6864 = AXIS2_PLACEMENT_3D('',#6865,#6866,#6867);
#6865 = CARTESIAN_POINT('',(200.,380.,440.));
#6866 = DIRECTION('',(-0.,1.,0.));
#6867 = DIRECTION('',(0.,0.,1.));
#6868 = ADVANCED_FACE('',(#6869),#6885,.T.);
#6869 = FACE_BOUND('',#6870,.T.);
#6870 = EDGE_LOOP('',(#6871,#6877,#6878,#6884));
#6871 = ORIENTED_EDGE('',*,*,#6872,.F.);
#6872 = EDGE_CURVE('',#6781,#6821,#6873,.T.);
#6873 = LINE('',#6874,#6875);
#6874 = CARTESIAN_POINT('',(200.,520.,440.));
#6875 = VECTOR('',#6876,1.);
#6876 = DIRECTION('',(1.,0.,-0.));
#6877 = ORIENTED_EDGE('',*,*,#6788,.T.);
#6878 = ORIENTED_EDGE('',*,*,#6879,.T.);
#6879 = EDGE_CURVE('',#6789,#6829,#6880,.T.);
#6880 = LINE('',#6881,#6882);
#6881 = CARTESIAN_POINT('',(200.,520.,450.));
#6882 = VECTOR('',#6883,1.);
#6883 = DIRECTION('',(1.,0.,-0.));
#6884 = ORIENTED_EDGE('',*,*,#6828,.F.);
#6885 = PLANE('',#6886);
#6886 = AXIS2_PLACEMENT_3D('',#6887,#6888,#6889);
#6887 = CARTESIAN_POINT('',(200.,520.,440.));
#6888 = DIRECTION('',(-0.,1.,0.));
#6889 = DIRECTION('',(0.,0.,1.));
#6890 = ADVANCED_FACE('',(#6891),#6897,.F.);
#6891 = FACE_BOUND('',#6892,.F.);
#6892 = EDGE_LOOP('',(#6893,#6894,#6895,#6896));
#6893 = ORIENTED_EDGE('',*,*,#6780,.F.);
#6894 = ORIENTED_EDGE('',*,*,#6850,.T.);
#6895 = ORIENTED_EDGE('',*,*,#6820,.T.);
#6896 = ORIENTED_EDGE('',*,*,#6872,.F.);
#6897 = PLANE('',#6898);
#6898 = AXIS2_PLACEMENT_3D('',#6899,#6900,#6901);
#6899 = CARTESIAN_POINT('',(200.,380.,440.));
#6900 = DIRECTION('',(0.,0.,1.));
#6901 = DIRECTION('',(1.,0.,-0.));
#6902 = ADVANCED_FACE('',(#6903),#6909,.T.);
#6903 = FACE_BOUND('',#6904,.T.);
#6904 = EDGE_LOOP('',(#6905,#6906,#6907,#6908));
#6905 = ORIENTED_EDGE('',*,*,#6796,.F.);
#6906 = ORIENTED_EDGE('',*,*,#6857,.T.);
#6907 = ORIENTED_EDGE('',*,*,#6836,.T.);
#6908 = ORIENTED_EDGE('',*,*,#6879,.F.);
#6909 = PLANE('',#6910);
#6910 = AXIS2_PLACEMENT_3D('',#6911,#6912,#6913);
#6911 = CARTESIAN_POINT('',(200.,380.,450.));
#6912 = DIRECTION('',(0.,0.,1.));
#6913 = DIRECTION('',(1.,0.,-0.));
#6914 = ( GEOMETRIC_REPRESENTATION_CONTEXT(3) 
GLOBAL_UNCERTAINTY_ASSIGNED_CONTEXT((#6918)) 
GLOBAL_UNIT_ASSIGNED_CONTEXT((#6915,#6916,#6917)) REPRESENTATION_CONTEXT
('Context #1','3D Context with UNIT and UNCERTAINTY') );
#6915 = ( LENGTH_UNIT() NAMED_UNIT(*) SI_UNIT(.MILLI.,.METRE.) );
#6916 = ( NAMED_UNIT(*) PLANE_ANGLE_UNIT() SI_UNIT($,.RADIAN.) );
#6917 = ( NAMED_UNIT(*) SI_UNIT($,.STERADIAN.) SOLID_ANGLE_UNIT() );
#6918 = UNCERTAINTY_MEASURE_WITH_UNIT(LENGTH_MEASURE(1.E-07),#6915,
  'distance_accuracy_value','confusion accuracy');
#6919 = CONTEXT_DEPENDENT_SHAPE_REPRESENTATION(#6920,#6922);
#6920 = ( REPRESENTATION_RELATIONSHIP('','',#6763,#10) 
REPRESENTATION_RELATIONSHIP_WITH_TRANSFORMATION(#6921) 
SHAPE_REPRESENTATION_RELATIONSHIP() );
#6921 = ITEM_DEFINED_TRANSFORMATION('','',#11,#127);
#6922 = PRODUCT_DEFINITION_SHAPE('Placement','Placement of an item',
  #6923);
#6923 = NEXT_ASSEMBLY_USAGE_OCCURRENCE('29','4_电机底座','',#5,#6758
  ,$);
#6924 = PRODUCT_RELATED_PRODUCT_CATEGORY('part',$,(#6760));
#6925 = SHAPE_DEFINITION_REPRESENTATION(#6926,#6932);
#6926 = PRODUCT_DEFINITION_SHAPE('','',#6927);
#6927 = PRODUCT_DEFINITION('design','',#6928,#6931);
#6928 = PRODUCT_DEFINITION_FORMATION('','',#6929);
#6929 = PRODUCT('3_定量泵','3_定量泵','',(#6930));
#6930 = PRODUCT_CONTEXT('',#2,'mechanical');
#6931 = PRODUCT_DEFINITION_CONTEXT('part definition',#2,'design');
#6932 = SHAPE_REPRESENTATION('',(#11,#6933,#6986),#7039);
#6933 = MANIFOLD_SOLID_BREP('',#6934);
#6934 = CLOSED_SHELL('',(#6935,#6968,#6977));
#6935 = ADVANCED_FACE('',(#6936),#6963,.T.);
#6936 = FACE_BOUND('',#6937,.T.);
#6937 = EDGE_LOOP('',(#6938,#6947,#6955,#6962));
#6938 = ORIENTED_EDGE('',*,*,#6939,.F.);
#6939 = EDGE_CURVE('',#6940,#6940,#6942,.T.);
#6940 = VERTEX_POINT('',#6941);
#6941 = CARTESIAN_POINT('',(560.,450.,620.));
#6942 = CIRCLE('',#6943,70.);
#6943 = AXIS2_PLACEMENT_3D('',#6944,#6945,#6946);
#6944 = CARTESIAN_POINT('',(560.,450.,550.));
#6945 = DIRECTION('',(1.,0.,0.));
#6946 = DIRECTION('',(-0.,0.,1.));
#6947 = ORIENTED_EDGE('',*,*,#6948,.F.);
#6948 = EDGE_CURVE('',#6949,#6940,#6951,.T.);
#6949 = VERTEX_POINT('',#6950);
#6950 = CARTESIAN_POINT('',(480.,450.,620.));
#6951 = LINE('',#6952,#6953);
#6952 = CARTESIAN_POINT('',(480.,450.,620.));
#6953 = VECTOR('',#6954,1.);
#6954 = DIRECTION('',(1.,0.,0.));
#6955 = ORIENTED_EDGE('',*,*,#6956,.T.);
#6956 = EDGE_CURVE('',#6949,#6949,#6957,.T.);
#6957 = CIRCLE('',#6958,70.);
#6958 = AXIS2_PLACEMENT_3D('',#6959,#6960,#6961);
#6959 = CARTESIAN_POINT('',(480.,450.,550.));
#6960 = DIRECTION('',(1.,0.,0.));
#6961 = DIRECTION('',(-0.,0.,1.));
#6962 = ORIENTED_EDGE('',*,*,#6948,.T.);
#6963 = CYLINDRICAL_SURFACE('',#6964,70.);
#6964 = AXIS2_PLACEMENT_3D('',#6965,#6966,#6967);
#6965 = CARTESIAN_POINT('',(480.,450.,550.));
#6966 = DIRECTION('',(1.,0.,0.));
#6967 = DIRECTION('',(-0.,0.,1.));
#6968 = ADVANCED_FACE('',(#6969),#6972,.T.);
#6969 = FACE_BOUND('',#6970,.T.);
#6970 = EDGE_LOOP('',(#6971));
#6971 = ORIENTED_EDGE('',*,*,#6939,.T.);
#6972 = PLANE('',#6973);
#6973 = AXIS2_PLACEMENT_3D('',#6974,#6975,#6976);
#6974 = CARTESIAN_POINT('',(560.,450.,550.));
#6975 = DIRECTION('',(1.,0.,0.));
#6976 = DIRECTION('',(-0.,0.,1.));
#6977 = ADVANCED_FACE('',(#6978),#6981,.F.);
#6978 = FACE_BOUND('',#6979,.T.);
#6979 = EDGE_LOOP('',(#6980));
#6980 = ORIENTED_EDGE('',*,*,#6956,.F.);
#6981 = PLANE('',#6982);
#6982 = AXIS2_PLACEMENT_3D('',#6983,#6984,#6985);
#6983 = CARTESIAN_POINT('',(480.,450.,550.));
#6984 = DIRECTION('',(1.,0.,0.));
#6985 = DIRECTION('',(-0.,0.,1.));
#6986 = MANIFOLD_SOLID_BREP('',#6987);
#6987 = CLOSED_SHELL('',(#6988,#7021,#7030));
#6988 = ADVANCED_FACE('',(#6989),#7016,.T.);
#6989 = FACE_BOUND('',#6990,.T.);
#6990 = EDGE_LOOP('',(#6991,#7000,#7008,#7015));
#6991 = ORIENTED_EDGE('',*,*,#6992,.F.);
#6992 = EDGE_CURVE('',#6993,#6993,#6995,.T.);
#6993 = VERTEX_POINT('',#6994);
#6994 = CARTESIAN_POINT('',(640.,450.,600.));
#6995 = CIRCLE('',#6996,50.);
#6996 = AXIS2_PLACEMENT_3D('',#6997,#6998,#6999);
#6997 = CARTESIAN_POINT('',(640.,450.,550.));
#6998 = DIRECTION('',(1.,0.,0.));
#6999 = DIRECTION('',(-0.,0.,1.));
#7000 = ORIENTED_EDGE('',*,*,#7001,.F.);
#7001 = EDGE_CURVE('',#7002,#6993,#7004,.T.);
#7002 = VERTEX_POINT('',#7003);
#7003 = CARTESIAN_POINT('',(560.,450.,600.));
#7004 = LINE('',#7005,#7006);
#7005 = CARTESIAN_POINT('',(560.,450.,600.));
#7006 = VECTOR('',#7007,1.);
#7007 = DIRECTION('',(1.,0.,0.));
#7008 = ORIENTED_EDGE('',*,*,#7009,.T.);
#7009 = EDGE_CURVE('',#7002,#7002,#7010,.T.);
#7010 = CIRCLE('',#7011,50.);
#7011 = AXIS2_PLACEMENT_3D('',#7012,#7013,#7014);
#7012 = CARTESIAN_POINT('',(560.,450.,550.));
#7013 = DIRECTION('',(1.,0.,0.));
#7014 = DIRECTION('',(-0.,0.,1.));
#7015 = ORIENTED_EDGE('',*,*,#7001,.T.);
#7016 = CYLINDRICAL_SURFACE('',#7017,50.);
#7017 = AXIS2_PLACEMENT_3D('',#7018,#7019,#7020);
#7018 = CARTESIAN_POINT('',(560.,450.,550.));
#7019 = DIRECTION('',(1.,0.,0.));
#7020 = DIRECTION('',(-0.,0.,1.));
#7021 = ADVANCED_FACE('',(#7022),#7025,.T.);
#7022 = FACE_BOUND('',#7023,.T.);
#7023 = EDGE_LOOP('',(#7024));
#7024 = ORIENTED_EDGE('',*,*,#6992,.T.);
#7025 = PLANE('',#7026);
#7026 = AXIS2_PLACEMENT_3D('',#7027,#7028,#7029);
#7027 = CARTESIAN_POINT('',(640.,450.,550.));
#7028 = DIRECTION('',(1.,0.,0.));
#7029 = DIRECTION('',(-0.,0.,1.));
#7030 = ADVANCED_FACE('',(#7031),#7034,.F.);
#7031 = FACE_BOUND('',#7032,.T.);
#7032 = EDGE_LOOP('',(#7033));
#7033 = ORIENTED_EDGE('',*,*,#7009,.F.);
#7034 = PLANE('',#7035);
#7035 = AXIS2_PLACEMENT_3D('',#7036,#7037,#7038);
#7036 = CARTESIAN_POINT('',(560.,450.,550.));
#7037 = DIRECTION('',(1.,0.,0.));
#7038 = DIRECTION('',(-0.,0.,1.));
#7039 = ( GEOMETRIC_REPRESENTATION_CONTEXT(3) 
GLOBAL_UNCERTAINTY_ASSIGNED_CONTEXT((#7043)) 
GLOBAL_UNIT_ASSIGNED_CONTEXT((#7040,#7041,#7042)) REPRESENTATION_CONTEXT
('Context #1','3D Context with UNIT and UNCERTAINTY') );
#7040 = ( LENGTH_UNIT() NAMED_UNIT(*) SI_UNIT(.MILLI.,.METRE.) );
#7041 = ( NAMED_UNIT(*) PLANE_ANGLE_UNIT() SI_UNIT($,.RADIAN.) );
#7042 = ( NAMED_UNIT(*) SI_UNIT($,.STERADIAN.) SOLID_ANGLE_UNIT() );
#7043 = UNCERTAINTY_MEASURE_WITH_UNIT(LENGTH_MEASURE(1.E-07),#7040,
  'distance_accuracy_value','confusion accuracy');
#7044 = CONTEXT_DEPENDENT_SHAPE_REPRESENTATION(#7045,#7047);
#7045 = ( REPRESENTATION_RELATIONSHIP('','',#6932,#10) 
REPRESENTATION_RELATIONSHIP_WITH_TRANSFORMATION(#7046) 
SHAPE_REPRESENTATION_RELATIONSHIP() );
#7046 = ITEM_DEFINED_TRANSFORMATION('','',#11,#131);
#7047 = PRODUCT_DEFINITION_SHAPE('Placement','Placement of an item',
  #7048);
#7048 = NEXT_ASSEMBLY_USAGE_OCCURRENCE('30','3_定量泵','',#5,#6927,$
  );
#7049 = PRODUCT_RELATED_PRODUCT_CATEGORY('part',$,(#6929));
#7050 = SHAPE_DEFINITION_REPRESENTATION(#7051,#7057);
#7051 = PRODUCT_DEFINITION_SHAPE('','',#7052);
#7052 = PRODUCT_DEFINITION('design','',#7053,#7056);
#7053 = PRODUCT_DEFINITION_FORMATION('','',#7054);
#7054 = PRODUCT('2_空滤/吸油过滤器','2_空滤/吸油过滤器',''
  ,(#7055));
#7055 = PRODUCT_CONTEXT('',#2,'mechanical');
#7056 = PRODUCT_DEFINITION_CONTEXT('part definition',#2,'design');
#7057 = ADVANCED_BREP_SHAPE_REPRESENTATION('',(#11,#7058),#7111);
#7058 = MANIFOLD_SOLID_BREP('',#7059);
#7059 = CLOSED_SHELL('',(#7060,#7093,#7102));
#7060 = ADVANCED_FACE('',(#7061),#7088,.T.);
#7061 = FACE_BOUND('',#7062,.T.);
#7062 = EDGE_LOOP('',(#7063,#7072,#7080,#7087));
#7063 = ORIENTED_EDGE('',*,*,#7064,.F.);
#7064 = EDGE_CURVE('',#7065,#7065,#7067,.T.);
#7065 = VERTEX_POINT('',#7066);
#7066 = CARTESIAN_POINT('',(175.,600.,500.));
#7067 = CIRCLE('',#7068,25.);
#7068 = AXIS2_PLACEMENT_3D('',#7069,#7070,#7071);
#7069 = CARTESIAN_POINT('',(150.,600.,500.));
#7070 = DIRECTION('',(0.,0.,1.));
#7071 = DIRECTION('',(1.,0.,-0.));
#7072 = ORIENTED_EDGE('',*,*,#7073,.F.);
#7073 = EDGE_CURVE('',#7074,#7065,#7076,.T.);
#7074 = VERTEX_POINT('',#7075);
#7075 = CARTESIAN_POINT('',(175.,600.,440.));
#7076 = LINE('',#7077,#7078);
#7077 = CARTESIAN_POINT('',(175.,600.,440.));
#7078 = VECTOR('',#7079,1.);
#7079 = DIRECTION('',(0.,0.,1.));
#7080 = ORIENTED_EDGE('',*,*,#7081,.T.);
#7081 = EDGE_CURVE('',#7074,#7074,#7082,.T.);
#7082 = CIRCLE('',#7083,25.);
#7083 = AXIS2_PLACEMENT_3D('',#7084,#7085,#7086);
#7084 = CARTESIAN_POINT('',(150.,600.,440.));
#7085 = DIRECTION('',(0.,0.,1.));
#7086 = DIRECTION('',(1.,0.,-0.));
#7087 = ORIENTED_EDGE('',*,*,#7073,.T.);
#7088 = CYLINDRICAL_SURFACE('',#7089,25.);
#7089 = AXIS2_PLACEMENT_3D('',#7090,#7091,#7092);
#7090 = CARTESIAN_POINT('',(150.,600.,440.));
#7091 = DIRECTION('',(0.,0.,1.));
#7092 = DIRECTION('',(1.,0.,-0.));
#7093 = ADVANCED_FACE('',(#7094),#7097,.T.);
#7094 = FACE_BOUND('',#7095,.T.);
#7095 = EDGE_LOOP('',(#7096));
#7096 = ORIENTED_EDGE('',*,*,#7064,.T.);
#7097 = PLANE('',#7098);
#7098 = AXIS2_PLACEMENT_3D('',#7099,#7100,#7101);
#7099 = CARTESIAN_POINT('',(150.,600.,500.));
#7100 = DIRECTION('',(0.,0.,1.));
#7101 = DIRECTION('',(1.,0.,-0.));
#7102 = ADVANCED_FACE('',(#7103),#7106,.F.);
#7103 = FACE_BOUND('',#7104,.T.);
#7104 = EDGE_LOOP('',(#7105));
#7105 = ORIENTED_EDGE('',*,*,#7081,.F.);
#7106 = PLANE('',#7107);
#7107 = AXIS2_PLACEMENT_3D('',#7108,#7109,#7110);
#7108 = CARTESIAN_POINT('',(150.,600.,440.));
#7109 = DIRECTION('',(0.,0.,1.));
#7110 = DIRECTION('',(1.,0.,-0.));
#7111 = ( GEOMETRIC_REPRESENTATION_CONTEXT(3) 
GLOBAL_UNCERTAINTY_ASSIGNED_CONTEXT((#7115)) 
GLOBAL_UNIT_ASSIGNED_CONTEXT((#7112,#7113,#7114)) REPRESENTATION_CONTEXT
('Context #1','3D Context with UNIT and UNCERTAINTY') );
#7112 = ( LENGTH_UNIT() NAMED_UNIT(*) SI_UNIT(.MILLI.,.METRE.) );
#7113 = ( NAMED_UNIT(*) PLANE_ANGLE_UNIT() SI_UNIT($,.RADIAN.) );
#7114 = ( NAMED_UNIT(*) SI_UNIT($,.STERADIAN.) SOLID_ANGLE_UNIT() );
#7115 = UNCERTAINTY_MEASURE_WITH_UNIT(LENGTH_MEASURE(1.E-07),#7112,
  'distance_accuracy_value','confusion accuracy');
#7116 = CONTEXT_DEPENDENT_SHAPE_REPRESENTATION(#7117,#7119);
#7117 = ( REPRESENTATION_RELATIONSHIP('','',#7057,#10) 
REPRESENTATION_RELATIONSHIP_WITH_TRANSFORMATION(#7118) 
SHAPE_REPRESENTATION_RELATIONSHIP() );
#7118 = ITEM_DEFINED_TRANSFORMATION('','',#11,#135);
#7119 = PRODUCT_DEFINITION_SHAPE('Placement','Placement of an item',
  #7120);
#7120 = NEXT_ASSEMBLY_USAGE_OCCURRENCE('31','2_空滤/吸油过滤器',
  '',#5,#7052,$);
#7121 = PRODUCT_RELATED_PRODUCT_CATEGORY('part',$,(#7054));
#7122 = SHAPE_DEFINITION_REPRESENTATION(#7123,#7129);
#7123 = PRODUCT_DEFINITION_SHAPE('','',#7124);
#7124 = PRODUCT_DEFINITION('design','',#7125,#7128);
#7125 = PRODUCT_DEFINITION_FORMATION('','',#7126);
#7126 = PRODUCT('5_溢流阀块','5_溢流阀块','',(#7127));
#7127 = PRODUCT_CONTEXT('',#2,'mechanical');
#7128 = PRODUCT_DEFINITION_CONTEXT('part definition',#2,'design');
#7129 = ADVANCED_BREP_SHAPE_REPRESENTATION('',(#11,#7130),#7280);
#7130 = MANIFOLD_SOLID_BREP('',#7131);
#7131 = CLOSED_SHELL('',(#7132,#7172,#7212,#7234,#7256,#7268));
#7132 = ADVANCED_FACE('',(#7133),#7167,.F.);
#7133 = FACE_BOUND('',#7134,.F.);
#7134 = EDGE_LOOP('',(#7135,#7145,#7153,#7161));
#7135 = ORIENTED_EDGE('',*,*,#7136,.F.);
#7136 = EDGE_CURVE('',#7137,#7139,#7141,.T.);
#7137 = VERTEX_POINT('',#7138);
#7138 = CARTESIAN_POINT('',(600.,280.,440.));
#7139 = VERTEX_POINT('',#7140);
#7140 = CARTESIAN_POINT('',(600.,280.,500.));
#7141 = LINE('',#7142,#7143);
#7142 = CARTESIAN_POINT('',(600.,280.,440.));
#7143 = VECTOR('',#7144,1.);
#7144 = DIRECTION('',(0.,0.,1.));
#7145 = ORIENTED_EDGE('',*,*,#7146,.T.);
#7146 = EDGE_CURVE('',#7137,#7147,#7149,.T.);
#7147 = VERTEX_POINT('',#7148);
#7148 = CARTESIAN_POINT('',(600.,360.,440.));
#7149 = LINE('',#7150,#7151);
#7150 = CARTESIAN_POINT('',(600.,280.,440.));
#7151 = VECTOR('',#7152,1.);
#7152 = DIRECTION('',(-0.,1.,0.));
#7153 = ORIENTED_EDGE('',*,*,#7154,.T.);
#7154 = EDGE_CURVE('',#7147,#7155,#7157,.T.);
#7155 = VERTEX_POINT('',#7156);
#7156 = CARTESIAN_POINT('',(600.,360.,500.));
#7157 = LINE('',#7158,#7159);
#7158 = CARTESIAN_POINT('',(600.,360.,440.));
#7159 = VECTOR('',#7160,1.);
#7160 = DIRECTION('',(0.,0.,1.));
#7161 = ORIENTED_EDGE('',*,*,#7162,.F.);
#7162 = EDGE_CURVE('',#7139,#7155,#7163,.T.);
#7163 = LINE('',#7164,#7165);
#7164 = CARTESIAN_POINT('',(600.,280.,500.));
#7165 = VECTOR('',#7166,1.);
#7166 = DIRECTION('',(-0.,1.,0.));
#7167 = PLANE('',#7168);
#7168 = AXIS2_PLACEMENT_3D('',#7169,#7170,#7171);
#7169 = CARTESIAN_POINT('',(600.,280.,440.));
#7170 = DIRECTION('',(1.,0.,-0.));
#7171 = DIRECTION('',(0.,0.,1.));
#7172 = ADVANCED_FACE('',(#7173),#7207,.T.);
#7173 = FACE_BOUND('',#7174,.T.);
#7174 = EDGE_LOOP('',(#7175,#7185,#7193,#7201));
#7175 = ORIENTED_EDGE('',*,*,#7176,.F.);
#7176 = EDGE_CURVE('',#7177,#7179,#7181,.T.);
#7177 = VERTEX_POINT('',#7178);
#7178 = CARTESIAN_POINT('',(690.,280.,440.));
#7179 = VERTEX_POINT('',#7180);
#7180 = CARTESIAN_POINT('',(690.,280.,500.));
#7181 = LINE('',#7182,#7183);
#7182 = CARTESIAN_POINT('',(690.,280.,440.));
#7183 = VECTOR('',#7184,1.);
#7184 = DIRECTION('',(0.,0.,1.));
#7185 = ORIENTED_EDGE('',*,*,#7186,.T.);
#7186 = EDGE_CURVE('',#7177,#7187,#7189,.T.);
#7187 = VERTEX_POINT('',#7188);
#7188 = CARTESIAN_POINT('',(690.,360.,440.));
#7189 = LINE('',#7190,#7191);
#7190 = CARTESIAN_POINT('',(690.,280.,440.));
#7191 = VECTOR('',#7192,1.);
#7192 = DIRECTION('',(-0.,1.,0.));
#7193 = ORIENTED_EDGE('',*,*,#7194,.T.);
#7194 = EDGE_CURVE('',#7187,#7195,#7197,.T.);
#7195 = VERTEX_POINT('',#7196);
#7196 = CARTESIAN_POINT('',(690.,360.,500.));
#7197 = LINE('',#7198,#7199);
#7198 = CARTESIAN_POINT('',(690.,360.,440.));
#7199 = VECTOR('',#7200,1.);
#7200 = DIRECTION('',(0.,0.,1.));
#7201 = ORIENTED_EDGE('',*,*,#7202,.F.);
#7202 = EDGE_CURVE('',#7179,#7195,#7203,.T.);
#7203 = LINE('',#7204,#7205);
#7204 = CARTESIAN_POINT('',(690.,280.,500.));
#7205 = VECTOR('',#7206,1.);
#7206 = DIRECTION('',(-0.,1.,0.));
#7207 = PLANE('',#7208);
#7208 = AXIS2_PLACEMENT_3D('',#7209,#7210,#7211);
#7209 = CARTESIAN_POINT('',(690.,280.,440.));
#7210 = DIRECTION('',(1.,0.,-0.));
#7211 = DIRECTION('',(0.,0.,1.));
#7212 = ADVANCED_FACE('',(#7213),#7229,.F.);
#7213 = FACE_BOUND('',#7214,.F.);
#7214 = EDGE_LOOP('',(#7215,#7221,#7222,#7228));
#7215 = ORIENTED_EDGE('',*,*,#7216,.F.);
#7216 = EDGE_CURVE('',#7137,#7177,#7217,.T.);
#7217 = LINE('',#7218,#7219);
#7218 = CARTESIAN_POINT('',(600.,280.,440.));
#7219 = VECTOR('',#7220,1.);
#7220 = DIRECTION('',(1.,0.,-0.));
#7221 = ORIENTED_EDGE('',*,*,#7136,.T.);
#7222 = ORIENTED_EDGE('',*,*,#7223,.T.);
#7223 = EDGE_CURVE('',#7139,#7179,#7224,.T.);
#7224 = LINE('',#7225,#7226);
#7225 = CARTESIAN_POINT('',(600.,280.,500.));
#7226 = VECTOR('',#7227,1.);
#7227 = DIRECTION('',(1.,0.,-0.));
#7228 = ORIENTED_EDGE('',*,*,#7176,.F.);
#7229 = PLANE('',#7230);
#7230 = AXIS2_PLACEMENT_3D('',#7231,#7232,#7233);
#7231 = CARTESIAN_POINT('',(600.,280.,440.));
#7232 = DIRECTION('',(-0.,1.,0.));
#7233 = DIRECTION('',(0.,0.,1.));
#7234 = ADVANCED_FACE('',(#7235),#7251,.T.);
#7235 = FACE_BOUND('',#7236,.T.);
#7236 = EDGE_LOOP('',(#7237,#7243,#7244,#7250));
#7237 = ORIENTED_EDGE('',*,*,#7238,.F.);
#7238 = EDGE_CURVE('',#7147,#7187,#7239,.T.);
#7239 = LINE('',#7240,#7241);
#7240 = CARTESIAN_POINT('',(600.,360.,440.));
#7241 = VECTOR('',#7242,1.);
#7242 = DIRECTION('',(1.,0.,-0.));
#7243 = ORIENTED_EDGE('',*,*,#7154,.T.);
#7244 = ORIENTED_EDGE('',*,*,#7245,.T.);
#7245 = EDGE_CURVE('',#7155,#7195,#7246,.T.);
#7246 = LINE('',#7247,#7248);
#7247 = CARTESIAN_POINT('',(600.,360.,500.));
#7248 = VECTOR('',#7249,1.);
#7249 = DIRECTION('',(1.,0.,-0.));
#7250 = ORIENTED_EDGE('',*,*,#7194,.F.);
#7251 = PLANE('',#7252);
#7252 = AXIS2_PLACEMENT_3D('',#7253,#7254,#7255);
#7253 = CARTESIAN_POINT('',(600.,360.,440.));
#7254 = DIRECTION('',(-0.,1.,0.));
#7255 = DIRECTION('',(0.,0.,1.));
#7256 = ADVANCED_FACE('',(#7257),#7263,.F.);
#7257 = FACE_BOUND('',#7258,.F.);
#7258 = EDGE_LOOP('',(#7259,#7260,#7261,#7262));
#7259 = ORIENTED_EDGE('',*,*,#7146,.F.);
#7260 = ORIENTED_EDGE('',*,*,#7216,.T.);
#7261 = ORIENTED_EDGE('',*,*,#7186,.T.);
#7262 = ORIENTED_EDGE('',*,*,#7238,.F.);
#7263 = PLANE('',#7264);
#7264 = AXIS2_PLACEMENT_3D('',#7265,#7266,#7267);
#7265 = CARTESIAN_POINT('',(600.,280.,440.));
#7266 = DIRECTION('',(0.,0.,1.));
#7267 = DIRECTION('',(1.,0.,-0.));
#7268 = ADVANCED_FACE('',(#7269),#7275,.T.);
#7269 = FACE_BOUND('',#7270,.T.);
#7270 = EDGE_LOOP('',(#7271,#7272,#7273,#7274));
#7271 = ORIENTED_EDGE('',*,*,#7162,.F.);
#7272 = ORIENTED_EDGE('',*,*,#7223,.T.);
#7273 = ORIENTED_EDGE('',*,*,#7202,.T.);
#7274 = ORIENTED_EDGE('',*,*,#7245,.F.);
#7275 = PLANE('',#7276);
#7276 = AXIS2_PLACEMENT_3D('',#7277,#7278,#7279);
#7277 = CARTESIAN_POINT('',(600.,280.,500.));
#7278 = DIRECTION('',(0.,0.,1.));
#7279 = DIRECTION('',(1.,0.,-0.));
#7280 = ( GEOMETRIC_REPRESENTATION_CONTEXT(3) 
GLOBAL_UNCERTAINTY_ASSIGNED_CONTEXT((#7284)) 
GLOBAL_UNIT_ASSIGNED_CONTEXT((#7281,#7282,#7283)) REPRESENTATION_CONTEXT
('Context #1','3D Context with UNIT and UNCERTAINTY') );
#7281 = ( LENGTH_UNIT() NAMED_UNIT(*) SI_UNIT(.MILLI.,.METRE.) );
#7282 = ( NAMED_UNIT(*) PLANE_ANGLE_UNIT() SI_UNIT($,.RADIAN.) );
#7283 = ( NAMED_UNIT(*) SI_UNIT($,.STERADIAN.) SOLID_ANGLE_UNIT() );
#7284 = UNCERTAINTY_MEASURE_WITH_UNIT(LENGTH_MEASURE(1.E-07),#7281,
  'distance_accuracy_value','confusion accuracy');
#7285 = CONTEXT_DEPENDENT_SHAPE_REPRESENTATION(#7286,#7288);
#7286 = ( REPRESENTATION_RELATIONSHIP('','',#7129,#10) 
REPRESENTATION_RELATIONSHIP_WITH_TRANSFORMATION(#7287) 
SHAPE_REPRESENTATION_RELATIONSHIP() );
#7287 = ITEM_DEFINED_TRANSFORMATION('','',#11,#139);
#7288 = PRODUCT_DEFINITION_SHAPE('Placement','Placement of an item',
  #7289);
#7289 = NEXT_ASSEMBLY_USAGE_OCCURRENCE('32','5_溢流阀块','',#5,#7124
  ,$);
#7290 = PRODUCT_RELATED_PRODUCT_CATEGORY('part',$,(#7126));
#7291 = SHAPE_DEFINITION_REPRESENTATION(#7292,#7298);
#7292 = PRODUCT_DEFINITION_SHAPE('','',#7293);
#7293 = PRODUCT_DEFINITION('design','',#7294,#7297);
#7294 = PRODUCT_DEFINITION_FORMATION('','',#7295);
#7295 = PRODUCT('8_蓄能器','8_蓄能器','',(#7296));
#7296 = PRODUCT_CONTEXT('',#2,'mechanical');
#7297 = PRODUCT_DEFINITION_CONTEXT('part definition',#2,'design');
#7298 = SHAPE_REPRESENTATION('',(#11,#7299,#7352),#7364);
#7299 = MANIFOLD_SOLID_BREP('',#7300);
#7300 = CLOSED_SHELL('',(#7301,#7334,#7343));
#7301 = ADVANCED_FACE('',(#7302),#7329,.T.);
#7302 = FACE_BOUND('',#7303,.T.);
#7303 = EDGE_LOOP('',(#7304,#7313,#7321,#7328));
#7304 = ORIENTED_EDGE('',*,*,#7305,.F.);
#7305 = EDGE_CURVE('',#7306,#7306,#7308,.T.);
#7306 = VERTEX_POINT('',#7307);
#7307 = CARTESIAN_POINT('',(877.,450.,520.));
#7308 = CIRCLE('',#7309,57.);
#7309 = AXIS2_PLACEMENT_3D('',#7310,#7311,#7312);
#7310 = CARTESIAN_POINT('',(820.,450.,520.));
#7311 = DIRECTION('',(0.,0.,1.));
#7312 = DIRECTION('',(1.,0.,-0.));
#7313 = ORIENTED_EDGE('',*,*,#7314,.F.);
#7314 = EDGE_CURVE('',#7315,#7306,#7317,.T.);
#7315 = VERTEX_POINT('',#7316);
#7316 = CARTESIAN_POINT('',(877.,450.,160.));
#7317 = LINE('',#7318,#7319);
#7318 = CARTESIAN_POINT('',(877.,450.,160.));
#7319 = VECTOR('',#7320,1.);
#7320 = DIRECTION('',(0.,0.,1.));
#7321 = ORIENTED_EDGE('',*,*,#7322,.T.);
#7322 = EDGE_CURVE('',#7315,#7315,#7323,.T.);
#7323 = CIRCLE('',#7324,57.);
#7324 = AXIS2_PLACEMENT_3D('',#7325,#7326,#7327);
#7325 = CARTESIAN_POINT('',(820.,450.,160.));
#7326 = DIRECTION('',(0.,0.,1.));
#7327 = DIRECTION('',(1.,0.,-0.));
#7328 = ORIENTED_EDGE('',*,*,#7314,.T.);
#7329 = CYLINDRICAL_SURFACE('',#7330,57.);
#7330 = AXIS2_PLACEMENT_3D('',#7331,#7332,#7333);
#7331 = CARTESIAN_POINT('',(820.,450.,160.));
#7332 = DIRECTION('',(0.,0.,1.));
#7333 = DIRECTION('',(1.,0.,-0.));
#7334 = ADVANCED_FACE('',(#7335),#7338,.T.);
#7335 = FACE_BOUND('',#7336,.T.);
#7336 = EDGE_LOOP('',(#7337));
#7337 = ORIENTED_EDGE('',*,*,#7305,.T.);
#7338 = PLANE('',#7339);
#7339 = AXIS2_PLACEMENT_3D('',#7340,#7341,#7342);
#7340 = CARTESIAN_POINT('',(820.,450.,520.));
#7341 = DIRECTION('',(0.,0.,1.));
#7342 = DIRECTION('',(1.,0.,-0.));
#7343 = ADVANCED_FACE('',(#7344),#7347,.F.);
#7344 = FACE_BOUND('',#7345,.T.);
#7345 = EDGE_LOOP('',(#7346));
#7346 = ORIENTED_EDGE('',*,*,#7322,.F.);
#7347 = PLANE('',#7348);
#7348 = AXIS2_PLACEMENT_3D('',#7349,#7350,#7351);
#7349 = CARTESIAN_POINT('',(820.,450.,160.));
#7350 = DIRECTION('',(0.,0.,1.));
#7351 = DIRECTION('',(1.,0.,-0.));
#7352 = MANIFOLD_SOLID_BREP('',#7353);
#7353 = CLOSED_SHELL('',(#7354));
#7354 = ADVANCED_FACE('',(#7355),#7359,.T.);
#7355 = FACE_BOUND('',#7356,.T.);
#7356 = VERTEX_LOOP('',#7357);
#7357 = VERTEX_POINT('',#7358);
#7358 = CARTESIAN_POINT('',(820.,450.,463.));
#7359 = SPHERICAL_SURFACE('',#7360,57.);
#7360 = AXIS2_PLACEMENT_3D('',#7361,#7362,#7363);
#7361 = CARTESIAN_POINT('',(820.,450.,520.));
#7362 = DIRECTION('',(0.,0.,1.));
#7363 = DIRECTION('',(1.,0.,-0.));
#7364 = ( GEOMETRIC_REPRESENTATION_CONTEXT(3) 
GLOBAL_UNCERTAINTY_ASSIGNED_CONTEXT((#7368)) 
GLOBAL_UNIT_ASSIGNED_CONTEXT((#7365,#7366,#7367)) REPRESENTATION_CONTEXT
('Context #1','3D Context with UNIT and UNCERTAINTY') );
#7365 = ( LENGTH_UNIT() NAMED_UNIT(*) SI_UNIT(.MILLI.,.METRE.) );
#7366 = ( NAMED_UNIT(*) PLANE_ANGLE_UNIT() SI_UNIT($,.RADIAN.) );
#7367 = ( NAMED_UNIT(*) SI_UNIT($,.STERADIAN.) SOLID_ANGLE_UNIT() );
#7368 = UNCERTAINTY_MEASURE_WITH_UNIT(LENGTH_MEASURE(1.E-07),#7365,
  'distance_accuracy_value','confusion accuracy');
#7369 = CONTEXT_DEPENDENT_SHAPE_REPRESENTATION(#7370,#7372);
#7370 = ( REPRESENTATION_RELATIONSHIP('','',#7298,#10) 
REPRESENTATION_RELATIONSHIP_WITH_TRANSFORMATION(#7371) 
SHAPE_REPRESENTATION_RELATIONSHIP() );
#7371 = ITEM_DEFINED_TRANSFORMATION('','',#11,#143);
#7372 = PRODUCT_DEFINITION_SHAPE('Placement','Placement of an item',
  #7373);
#7373 = NEXT_ASSEMBLY_USAGE_OCCURRENCE('33','8_蓄能器','',#5,#7293,$
  );
#7374 = PRODUCT_RELATED_PRODUCT_CATEGORY('part',$,(#7295));
#7375 = SHAPE_DEFINITION_REPRESENTATION(#7376,#7382);
#7376 = PRODUCT_DEFINITION_SHAPE('','',#7377);
#7377 = PRODUCT_DEFINITION('design','',#7378,#7381);
#7378 = PRODUCT_DEFINITION_FORMATION('','',#7379);
#7379 = PRODUCT('60_阀板','60_阀板','',(#7380));
#7380 = PRODUCT_CONTEXT('',#2,'mechanical');
#7381 = PRODUCT_DEFINITION_CONTEXT('part definition',#2,'design');
#7382 = ADVANCED_BREP_SHAPE_REPRESENTATION('',(#11,#7383),#7533);
#7383 = MANIFOLD_SOLID_BREP('',#7384);
#7384 = CLOSED_SHELL('',(#7385,#7425,#7465,#7487,#7509,#7521));
#7385 = ADVANCED_FACE('',(#7386),#7420,.F.);
#7386 = FACE_BOUND('',#7387,.F.);
#7387 = EDGE_LOOP('',(#7388,#7398,#7406,#7414));
#7388 = ORIENTED_EDGE('',*,*,#7389,.F.);
#7389 = EDGE_CURVE('',#7390,#7392,#7394,.T.);
#7390 = VERTEX_POINT('',#7391);
#7391 = CARTESIAN_POINT('',(940.,20.,200.));
#7392 = VERTEX_POINT('',#7393);
#7393 = CARTESIAN_POINT('',(940.,20.,800.));
#7394 = LINE('',#7395,#7396);
#7395 = CARTESIAN_POINT('',(940.,20.,200.));
#7396 = VECTOR('',#7397,1.);
#7397 = DIRECTION('',(0.,0.,1.));
#7398 = ORIENTED_EDGE('',*,*,#7399,.T.);
#7399 = EDGE_CURVE('',#7390,#7400,#7402,.T.);
#7400 = VERTEX_POINT('',#7401);
#7401 = CARTESIAN_POINT('',(940.,40.,200.));
#7402 = LINE('',#7403,#7404);
#7403 = CARTESIAN_POINT('',(940.,20.,200.));
#7404 = VECTOR('',#7405,1.);
#7405 = DIRECTION('',(-0.,1.,0.));
#7406 = ORIENTED_EDGE('',*,*,#7407,.T.);
#7407 = EDGE_CURVE('',#7400,#7408,#7410,.T.);
#7408 = VERTEX_POINT('',#7409);
#7409 = CARTESIAN_POINT('',(940.,40.,800.));
#7410 = LINE('',#7411,#7412);
#7411 = CARTESIAN_POINT('',(940.,40.,200.));
#7412 = VECTOR('',#7413,1.);
#7413 = DIRECTION('',(0.,0.,1.));
#7414 = ORIENTED_EDGE('',*,*,#7415,.F.);
#7415 = EDGE_CURVE('',#7392,#7408,#7416,.T.);
#7416 = LINE('',#7417,#7418);
#7417 = CARTESIAN_POINT('',(940.,20.,800.));
#7418 = VECTOR('',#7419,1.);
#7419 = DIRECTION('',(-0.,1.,0.));
#7420 = PLANE('',#7421);
#7421 = AXIS2_PLACEMENT_3D('',#7422,#7423,#7424);
#7422 = CARTESIAN_POINT('',(940.,20.,200.));
#7423 = DIRECTION('',(1.,0.,-0.));
#7424 = DIRECTION('',(0.,0.,1.));
#7425 = ADVANCED_FACE('',(#7426),#7460,.T.);
#7426 = FACE_BOUND('',#7427,.T.);
#7427 = EDGE_LOOP('',(#7428,#7438,#7446,#7454));
#7428 = ORIENTED_EDGE('',*,*,#7429,.F.);
#7429 = EDGE_CURVE('',#7430,#7432,#7434,.T.);
#7430 = VERTEX_POINT('',#7431);
#7431 = CARTESIAN_POINT('',(1.7E+03,20.,200.));
#7432 = VERTEX_POINT('',#7433);
#7433 = CARTESIAN_POINT('',(1.7E+03,20.,800.));
#7434 = LINE('',#7435,#7436);
#7435 = CARTESIAN_POINT('',(1.7E+03,20.,200.));
#7436 = VECTOR('',#7437,1.);
#7437 = DIRECTION('',(0.,0.,1.));
#7438 = ORIENTED_EDGE('',*,*,#7439,.T.);
#7439 = EDGE_CURVE('',#7430,#7440,#7442,.T.);
#7440 = VERTEX_POINT('',#7441);
#7441 = CARTESIAN_POINT('',(1.7E+03,40.,200.));
#7442 = LINE('',#7443,#7444);
#7443 = CARTESIAN_POINT('',(1.7E+03,20.,200.));
#7444 = VECTOR('',#7445,1.);
#7445 = DIRECTION('',(-0.,1.,0.));
#7446 = ORIENTED_EDGE('',*,*,#7447,.T.);
#7447 = EDGE_CURVE('',#7440,#7448,#7450,.T.);
#7448 = VERTEX_POINT('',#7449);
#7449 = CARTESIAN_POINT('',(1.7E+03,40.,800.));
#7450 = LINE('',#7451,#7452);
#7451 = CARTESIAN_POINT('',(1.7E+03,40.,200.));
#7452 = VECTOR('',#7453,1.);
#7453 = DIRECTION('',(0.,0.,1.));
#7454 = ORIENTED_EDGE('',*,*,#7455,.F.);
#7455 = EDGE_CURVE('',#7432,#7448,#7456,.T.);
#7456 = LINE('',#7457,#7458);
#7457 = CARTESIAN_POINT('',(1.7E+03,20.,800.));
#7458 = VECTOR('',#7459,1.);
#7459 = DIRECTION('',(-0.,1.,0.));
#7460 = PLANE('',#7461);
#7461 = AXIS2_PLACEMENT_3D('',#7462,#7463,#7464);
#7462 = CARTESIAN_POINT('',(1.7E+03,20.,200.));
#7463 = DIRECTION('',(1.,0.,-0.));
#7464 = DIRECTION('',(0.,0.,1.));
#7465 = ADVANCED_FACE('',(#7466),#7482,.F.);
#7466 = FACE_BOUND('',#7467,.F.);
#7467 = EDGE_LOOP('',(#7468,#7474,#7475,#7481));
#7468 = ORIENTED_EDGE('',*,*,#7469,.F.);
#7469 = EDGE_CURVE('',#7390,#7430,#7470,.T.);
#7470 = LINE('',#7471,#7472);
#7471 = CARTESIAN_POINT('',(940.,20.,200.));
#7472 = VECTOR('',#7473,1.);
#7473 = DIRECTION('',(1.,0.,-0.));
#7474 = ORIENTED_EDGE('',*,*,#7389,.T.);
#7475 = ORIENTED_EDGE('',*,*,#7476,.T.);
#7476 = EDGE_CURVE('',#7392,#7432,#7477,.T.);
#7477 = LINE('',#7478,#7479);
#7478 = CARTESIAN_POINT('',(940.,20.,800.));
#7479 = VECTOR('',#7480,1.);
#7480 = DIRECTION('',(1.,0.,-0.));
#7481 = ORIENTED_EDGE('',*,*,#7429,.F.);
#7482 = PLANE('',#7483);
#7483 = AXIS2_PLACEMENT_3D('',#7484,#7485,#7486);
#7484 = CARTESIAN_POINT('',(940.,20.,200.));
#7485 = DIRECTION('',(-0.,1.,0.));
#7486 = DIRECTION('',(0.,0.,1.));
#7487 = ADVANCED_FACE('',(#7488),#7504,.T.);
#7488 = FACE_BOUND('',#7489,.T.);
#7489 = EDGE_LOOP('',(#7490,#7496,#7497,#7503));
#7490 = ORIENTED_EDGE('',*,*,#7491,.F.);
#7491 = EDGE_CURVE('',#7400,#7440,#7492,.T.);
#7492 = LINE('',#7493,#7494);
#7493 = CARTESIAN_POINT('',(940.,40.,200.));
#7494 = VECTOR('',#7495,1.);
#7495 = DIRECTION('',(1.,0.,-0.));
#7496 = ORIENTED_EDGE('',*,*,#7407,.T.);
#7497 = ORIENTED_EDGE('',*,*,#7498,.T.);
#7498 = EDGE_CURVE('',#7408,#7448,#7499,.T.);
#7499 = LINE('',#7500,#7501);
#7500 = CARTESIAN_POINT('',(940.,40.,800.));
#7501 = VECTOR('',#7502,1.);
#7502 = DIRECTION('',(1.,0.,-0.));
#7503 = ORIENTED_EDGE('',*,*,#7447,.F.);
#7504 = PLANE('',#7505);
#7505 = AXIS2_PLACEMENT_3D('',#7506,#7507,#7508);
#7506 = CARTESIAN_POINT('',(940.,40.,200.));
#7507 = DIRECTION('',(-0.,1.,0.));
#7508 = DIRECTION('',(0.,0.,1.));
#7509 = ADVANCED_FACE('',(#7510),#7516,.F.);
#7510 = FACE_BOUND('',#7511,.F.);
#7511 = EDGE_LOOP('',(#7512,#7513,#7514,#7515));
#7512 = ORIENTED_EDGE('',*,*,#7399,.F.);
#7513 = ORIENTED_EDGE('',*,*,#7469,.T.);
#7514 = ORIENTED_EDGE('',*,*,#7439,.T.);
#7515 = ORIENTED_EDGE('',*,*,#7491,.F.);
#7516 = PLANE('',#7517);
#7517 = AXIS2_PLACEMENT_3D('',#7518,#7519,#7520);
#7518 = CARTESIAN_POINT('',(940.,20.,200.));
#7519 = DIRECTION('',(0.,0.,1.));
#7520 = DIRECTION('',(1.,0.,-0.));
#7521 = ADVANCED_FACE('',(#7522),#7528,.T.);
#7522 = FACE_BOUND('',#7523,.T.);
#7523 = EDGE_LOOP('',(#7524,#7525,#7526,#7527));
#7524 = ORIENTED_EDGE('',*,*,#7415,.F.);
#7525 = ORIENTED_EDGE('',*,*,#7476,.T.);
#7526 = ORIENTED_EDGE('',*,*,#7455,.T.);
#7527 = ORIENTED_EDGE('',*,*,#7498,.F.);
#7528 = PLANE('',#7529);
#7529 = AXIS2_PLACEMENT_3D('',#7530,#7531,#7532);
#7530 = CARTESIAN_POINT('',(940.,20.,800.));
#7531 = DIRECTION('',(0.,0.,1.));
#7532 = DIRECTION('',(1.,0.,-0.));
#7533 = ( GEOMETRIC_REPRESENTATION_CONTEXT(3) 
GLOBAL_UNCERTAINTY_ASSIGNED_CONTEXT((#7537)) 
GLOBAL_UNIT_ASSIGNED_CONTEXT((#7534,#7535,#7536)) REPRESENTATION_CONTEXT
('Context #1','3D Context with UNIT and UNCERTAINTY') );
#7534 = ( LENGTH_UNIT() NAMED_UNIT(*) SI_UNIT(.MILLI.,.METRE.) );
#7535 = ( NAMED_UNIT(*) PLANE_ANGLE_UNIT() SI_UNIT($,.RADIAN.) );
#7536 = ( NAMED_UNIT(*) SI_UNIT($,.STERADIAN.) SOLID_ANGLE_UNIT() );
#7537 = UNCERTAINTY_MEASURE_WITH_UNIT(LENGTH_MEASURE(1.E-07),#7534,
  'distance_accuracy_value','confusion accuracy');
#7538 = CONTEXT_DEPENDENT_SHAPE_REPRESENTATION(#7539,#7541);
#7539 = ( REPRESENTATION_RELATIONSHIP('','',#7382,#10) 
REPRESENTATION_RELATIONSHIP_WITH_TRANSFORMATION(#7540) 
SHAPE_REPRESENTATION_RELATIONSHIP() );
#7540 = ITEM_DEFINED_TRANSFORMATION('','',#11,#147);
#7541 = PRODUCT_DEFINITION_SHAPE('Placement','Placement of an item',
  #7542);
#7542 = NEXT_ASSEMBLY_USAGE_OCCURRENCE('34','60_阀板','',#5,#7377,$);
#7543 = PRODUCT_RELATED_PRODUCT_CATEGORY('part',$,(#7379));
#7544 = SHAPE_DEFINITION_REPRESENTATION(#7545,#7551);
#7545 = PRODUCT_DEFINITION_SHAPE('','',#7546);
#7546 = PRODUCT_DEFINITION('design','',#7547,#7550);
#7547 = PRODUCT_DEFINITION_FORMATION('','',#7548);
#7548 = PRODUCT('11_卡盘换向阀','11_卡盘换向阀','',(#7549));
#7549 = PRODUCT_CONTEXT('',#2,'mechanical');
#7550 = PRODUCT_DEFINITION_CONTEXT('part definition',#2,'design');
#7551 = ADVANCED_BREP_SHAPE_REPRESENTATION('',(#11,#7552),#7702);
#7552 = MANIFOLD_SOLID_BREP('',#7553);
#7553 = CLOSED_SHELL('',(#7554,#7594,#7634,#7656,#7678,#7690));
#7554 = ADVANCED_FACE('',(#7555),#7589,.F.);
#7555 = FACE_BOUND('',#7556,.F.);
#7556 = EDGE_LOOP('',(#7557,#7567,#7575,#7583));
#7557 = ORIENTED_EDGE('',*,*,#7558,.F.);
#7558 = EDGE_CURVE('',#7559,#7561,#7563,.T.);
#7559 = VERTEX_POINT('',#7560);
#7560 = CARTESIAN_POINT('',(950.,-60.,650.));
#7561 = VERTEX_POINT('',#7562);
#7562 = CARTESIAN_POINT('',(950.,-60.,720.));
#7563 = LINE('',#7564,#7565);
#7564 = CARTESIAN_POINT('',(950.,-60.,650.));
#7565 = VECTOR('',#7566,1.);
#7566 = DIRECTION('',(0.,0.,1.));
#7567 = ORIENTED_EDGE('',*,*,#7568,.T.);
#7568 = EDGE_CURVE('',#7559,#7569,#7571,.T.);
#7569 = VERTEX_POINT('',#7570);
#7570 = CARTESIAN_POINT('',(950.,20.,650.));
#7571 = LINE('',#7572,#7573);
#7572 = CARTESIAN_POINT('',(950.,-60.,650.));
#7573 = VECTOR('',#7574,1.);
#7574 = DIRECTION('',(-0.,1.,0.));
#7575 = ORIENTED_EDGE('',*,*,#7576,.T.);
#7576 = EDGE_CURVE('',#7569,#7577,#7579,.T.);
#7577 = VERTEX_POINT('',#7578);
#7578 = CARTESIAN_POINT('',(950.,20.,720.));
#7579 = LINE('',#7580,#7581);
#7580 = CARTESIAN_POINT('',(950.,20.,650.));
#7581 = VECTOR('',#7582,1.);
#7582 = DIRECTION('',(0.,0.,1.));
#7583 = ORIENTED_EDGE('',*,*,#7584,.F.);
#7584 = EDGE_CURVE('',#7561,#7577,#7585,.T.);
#7585 = LINE('',#7586,#7587);
#7586 = CARTESIAN_POINT('',(950.,-60.,720.));
#7587 = VECTOR('',#7588,1.);
#7588 = DIRECTION('',(-0.,1.,0.));
#7589 = PLANE('',#7590);
#7590 = AXIS2_PLACEMENT_3D('',#7591,#7592,#7593);
#7591 = CARTESIAN_POINT('',(950.,-60.,650.));
#7592 = DIRECTION('',(1.,0.,-0.));
#7593 = DIRECTION('',(0.,0.,1.));
#7594 = ADVANCED_FACE('',(#7595),#7629,.T.);
#7595 = FACE_BOUND('',#7596,.T.);
#7596 = EDGE_LOOP('',(#7597,#7607,#7615,#7623));
#7597 = ORIENTED_EDGE('',*,*,#7598,.F.);
#7598 = EDGE_CURVE('',#7599,#7601,#7603,.T.);
#7599 = VERTEX_POINT('',#7600);
#7600 = CARTESIAN_POINT('',(1.15E+03,-60.,650.));
#7601 = VERTEX_POINT('',#7602);
#7602 = CARTESIAN_POINT('',(1.15E+03,-60.,720.));
#7603 = LINE('',#7604,#7605);
#7604 = CARTESIAN_POINT('',(1.15E+03,-60.,650.));
#7605 = VECTOR('',#7606,1.);
#7606 = DIRECTION('',(0.,0.,1.));
#7607 = ORIENTED_EDGE('',*,*,#7608,.T.);
#7608 = EDGE_CURVE('',#7599,#7609,#7611,.T.);
#7609 = VERTEX_POINT('',#7610);
#7610 = CARTESIAN_POINT('',(1.15E+03,20.,650.));
#7611 = LINE('',#7612,#7613);
#7612 = CARTESIAN_POINT('',(1.15E+03,-60.,650.));
#7613 = VECTOR('',#7614,1.);
#7614 = DIRECTION('',(-0.,1.,0.));
#7615 = ORIENTED_EDGE('',*,*,#7616,.T.);
#7616 = EDGE_CURVE('',#7609,#7617,#7619,.T.);
#7617 = VERTEX_POINT('',#7618);
#7618 = CARTESIAN_POINT('',(1.15E+03,20.,720.));
#7619 = LINE('',#7620,#7621);
#7620 = CARTESIAN_POINT('',(1.15E+03,20.,650.));
#7621 = VECTOR('',#7622,1.);
#7622 = DIRECTION('',(0.,0.,1.));
#7623 = ORIENTED_EDGE('',*,*,#7624,.F.);
#7624 = EDGE_CURVE('',#7601,#7617,#7625,.T.);
#7625 = LINE('',#7626,#7627);
#7626 = CARTESIAN_POINT('',(1.15E+03,-60.,720.));
#7627 = VECTOR('',#7628,1.);
#7628 = DIRECTION('',(-0.,1.,0.));
#7629 = PLANE('',#7630);
#7630 = AXIS2_PLACEMENT_3D('',#7631,#7632,#7633);
#7631 = CARTESIAN_POINT('',(1.15E+03,-60.,650.));
#7632 = DIRECTION('',(1.,0.,-0.));
#7633 = DIRECTION('',(0.,0.,1.));
#7634 = ADVANCED_FACE('',(#7635),#7651,.F.);
#7635 = FACE_BOUND('',#7636,.F.);
#7636 = EDGE_LOOP('',(#7637,#7643,#7644,#7650));
#7637 = ORIENTED_EDGE('',*,*,#7638,.F.);
#7638 = EDGE_CURVE('',#7559,#7599,#7639,.T.);
#7639 = LINE('',#7640,#7641);
#7640 = CARTESIAN_POINT('',(950.,-60.,650.));
#7641 = VECTOR('',#7642,1.);
#7642 = DIRECTION('',(1.,0.,-0.));
#7643 = ORIENTED_EDGE('',*,*,#7558,.T.);
#7644 = ORIENTED_EDGE('',*,*,#7645,.T.);
#7645 = EDGE_CURVE('',#7561,#7601,#7646,.T.);
#7646 = LINE('',#7647,#7648);
#7647 = CARTESIAN_POINT('',(950.,-60.,720.));
#7648 = VECTOR('',#7649,1.);
#7649 = DIRECTION('',(1.,0.,-0.));
#7650 = ORIENTED_EDGE('',*,*,#7598,.F.);
#7651 = PLANE('',#7652);
#7652 = AXIS2_PLACEMENT_3D('',#7653,#7654,#7655);
#7653 = CARTESIAN_POINT('',(950.,-60.,650.));
#7654 = DIRECTION('',(-0.,1.,0.));
#7655 = DIRECTION('',(0.,0.,1.));
#7656 = ADVANCED_FACE('',(#7657),#7673,.T.);
#7657 = FACE_BOUND('',#7658,.T.);
#7658 = EDGE_LOOP('',(#7659,#7665,#7666,#7672));
#7659 = ORIENTED_EDGE('',*,*,#7660,.F.);
#7660 = EDGE_CURVE('',#7569,#7609,#7661,.T.);
#7661 = LINE('',#7662,#7663);
#7662 = CARTESIAN_POINT('',(950.,20.,650.));
#7663 = VECTOR('',#7664,1.);
#7664 = DIRECTION('',(1.,0.,-0.));
#7665 = ORIENTED_EDGE('',*,*,#7576,.T.);
#7666 = ORIENTED_EDGE('',*,*,#7667,.T.);
#7667 = EDGE_CURVE('',#7577,#7617,#7668,.T.);
#7668 = LINE('',#7669,#7670);
#7669 = CARTESIAN_POINT('',(950.,20.,720.));
#7670 = VECTOR('',#7671,1.);
#7671 = DIRECTION('',(1.,0.,-0.));
#7672 = ORIENTED_EDGE('',*,*,#7616,.F.);
#7673 = PLANE('',#7674);
#7674 = AXIS2_PLACEMENT_3D('',#7675,#7676,#7677);
#7675 = CARTESIAN_POINT('',(950.,20.,650.));
#7676 = DIRECTION('',(-0.,1.,0.));
#7677 = DIRECTION('',(0.,0.,1.));
#7678 = ADVANCED_FACE('',(#7679),#7685,.F.);
#7679 = FACE_BOUND('',#7680,.F.);
#7680 = EDGE_LOOP('',(#7681,#7682,#7683,#7684));
#7681 = ORIENTED_EDGE('',*,*,#7568,.F.);
#7682 = ORIENTED_EDGE('',*,*,#7638,.T.);
#7683 = ORIENTED_EDGE('',*,*,#7608,.T.);
#7684 = ORIENTED_EDGE('',*,*,#7660,.F.);
#7685 = PLANE('',#7686);
#7686 = AXIS2_PLACEMENT_3D('',#7687,#7688,#7689);
#7687 = CARTESIAN_POINT('',(950.,-60.,650.));
#7688 = DIRECTION('',(0.,0.,1.));
#7689 = DIRECTION('',(1.,0.,-0.));
#7690 = ADVANCED_FACE('',(#7691),#7697,.T.);
#7691 = FACE_BOUND('',#7692,.T.);
#7692 = EDGE_LOOP('',(#7693,#7694,#7695,#7696));
#7693 = ORIENTED_EDGE('',*,*,#7584,.F.);
#7694 = ORIENTED_EDGE('',*,*,#7645,.T.);
#7695 = ORIENTED_EDGE('',*,*,#7624,.T.);
#7696 = ORIENTED_EDGE('',*,*,#7667,.F.);
#7697 = PLANE('',#7698);
#7698 = AXIS2_PLACEMENT_3D('',#7699,#7700,#7701);
#7699 = CARTESIAN_POINT('',(950.,-60.,720.));
#7700 = DIRECTION('',(0.,0.,1.));
#7701 = DIRECTION('',(1.,0.,-0.));
#7702 = ( GEOMETRIC_REPRESENTATION_CONTEXT(3) 
GLOBAL_UNCERTAINTY_ASSIGNED_CONTEXT((#7706)) 
GLOBAL_UNIT_ASSIGNED_CONTEXT((#7703,#7704,#7705)) REPRESENTATION_CONTEXT
('Context #1','3D Context with UNIT and UNCERTAINTY') );
#7703 = ( LENGTH_UNIT() NAMED_UNIT(*) SI_UNIT(.MILLI.,.METRE.) );
#7704 = ( NAMED_UNIT(*) PLANE_ANGLE_UNIT() SI_UNIT($,.RADIAN.) );
#7705 = ( NAMED_UNIT(*) SI_UNIT($,.STERADIAN.) SOLID_ANGLE_UNIT() );
#7706 = UNCERTAINTY_MEASURE_WITH_UNIT(LENGTH_MEASURE(1.E-07),#7703,
  'distance_accuracy_value','confusion accuracy');
#7707 = CONTEXT_DEPENDENT_SHAPE_REPRESENTATION(#7708,#7710);
#7708 = ( REPRESENTATION_RELATIONSHIP('','',#7551,#10) 
REPRESENTATION_RELATIONSHIP_WITH_TRANSFORMATION(#7709) 
SHAPE_REPRESENTATION_RELATIONSHIP() );
#7709 = ITEM_DEFINED_TRANSFORMATION('','',#11,#151);
#7710 = PRODUCT_DEFINITION_SHAPE('Placement','Placement of an item',
  #7711);
#7711 = NEXT_ASSEMBLY_USAGE_OCCURRENCE('35','11_卡盘换向阀','',#5,
  #7546,$);
#7712 = PRODUCT_RELATED_PRODUCT_CATEGORY('part',$,(#7548));
#7713 = SHAPE_DEFINITION_REPRESENTATION(#7714,#7720);
#7714 = PRODUCT_DEFINITION_SHAPE('','',#7715);
#7715 = PRODUCT_DEFINITION('design','',#7716,#7719);
#7716 = PRODUCT_DEFINITION_FORMATION('','',#7717);
#7717 = PRODUCT('10_卡盘减压阀','10_卡盘减压阀','',(#7718));
#7718 = PRODUCT_CONTEXT('',#2,'mechanical');
#7719 = PRODUCT_DEFINITION_CONTEXT('part definition',#2,'design');
#7720 = ADVANCED_BREP_SHAPE_REPRESENTATION('',(#11,#7721),#7871);
#7721 = MANIFOLD_SOLID_BREP('',#7722);
#7722 = CLOSED_SHELL('',(#7723,#7763,#7803,#7825,#7847,#7859));
#7723 = ADVANCED_FACE('',(#7724),#7758,.F.);
#7724 = FACE_BOUND('',#7725,.F.);
#7725 = EDGE_LOOP('',(#7726,#7736,#7744,#7752));
#7726 = ORIENTED_EDGE('',*,*,#7727,.F.);
#7727 = EDGE_CURVE('',#7728,#7730,#7732,.T.);
#7728 = VERTEX_POINT('',#7729);
#7729 = CARTESIAN_POINT('',(1.E+03,-50.,560.));
#7730 = VERTEX_POINT('',#7731);
#7731 = CARTESIAN_POINT('',(1.E+03,-50.,620.));
#7732 = LINE('',#7733,#7734);
#7733 = CARTESIAN_POINT('',(1.E+03,-50.,560.));
#7734 = VECTOR('',#7735,1.);
#7735 = DIRECTION('',(0.,0.,1.));
#7736 = ORIENTED_EDGE('',*,*,#7737,.T.);
#7737 = EDGE_CURVE('',#7728,#7738,#7740,.T.);
#7738 = VERTEX_POINT('',#7739);
#7739 = CARTESIAN_POINT('',(1.E+03,20.,560.));
#7740 = LINE('',#7741,#7742);
#7741 = CARTESIAN_POINT('',(1.E+03,-50.,560.));
#7742 = VECTOR('',#7743,1.);
#7743 = DIRECTION('',(-0.,1.,0.));
#7744 = ORIENTED_EDGE('',*,*,#7745,.T.);
#7745 = EDGE_CURVE('',#7738,#7746,#7748,.T.);
#7746 = VERTEX_POINT('',#7747);
#7747 = CARTESIAN_POINT('',(1.E+03,20.,620.));
#7748 = LINE('',#7749,#7750);
#7749 = CARTESIAN_POINT('',(1.E+03,20.,560.));
#7750 = VECTOR('',#7751,1.);
#7751 = DIRECTION('',(0.,0.,1.));
#7752 = ORIENTED_EDGE('',*,*,#7753,.F.);
#7753 = EDGE_CURVE('',#7730,#7746,#7754,.T.);
#7754 = LINE('',#7755,#7756);
#7755 = CARTESIAN_POINT('',(1.E+03,-50.,620.));
#7756 = VECTOR('',#7757,1.);
#7757 = DIRECTION('',(-0.,1.,0.));
#7758 = PLANE('',#7759);
#7759 = AXIS2_PLACEMENT_3D('',#7760,#7761,#7762);
#7760 = CARTESIAN_POINT('',(1.E+03,-50.,560.));
#7761 = DIRECTION('',(1.,0.,-0.));
#7762 = DIRECTION('',(0.,0.,1.));
#7763 = ADVANCED_FACE('',(#7764),#7798,.T.);
#7764 = FACE_BOUND('',#7765,.T.);
#7765 = EDGE_LOOP('',(#7766,#7776,#7784,#7792));
#7766 = ORIENTED_EDGE('',*,*,#7767,.F.);
#7767 = EDGE_CURVE('',#7768,#7770,#7772,.T.);
#7768 = VERTEX_POINT('',#7769);
#7769 = CARTESIAN_POINT('',(1.1E+03,-50.,560.));
#7770 = VERTEX_POINT('',#7771);
#7771 = CARTESIAN_POINT('',(1.1E+03,-50.,620.));
#7772 = LINE('',#7773,#7774);
#7773 = CARTESIAN_POINT('',(1.1E+03,-50.,560.));
#7774 = VECTOR('',#7775,1.);
#7775 = DIRECTION('',(0.,0.,1.));
#7776 = ORIENTED_EDGE('',*,*,#7777,.T.);
#7777 = EDGE_CURVE('',#7768,#7778,#7780,.T.);
#7778 = VERTEX_POINT('',#7779);
#7779 = CARTESIAN_POINT('',(1.1E+03,20.,560.));
#7780 = LINE('',#7781,#7782);
#7781 = CARTESIAN_POINT('',(1.1E+03,-50.,560.));
#7782 = VECTOR('',#7783,1.);
#7783 = DIRECTION('',(-0.,1.,0.));
#7784 = ORIENTED_EDGE('',*,*,#7785,.T.);
#7785 = EDGE_CURVE('',#7778,#7786,#7788,.T.);
#7786 = VERTEX_POINT('',#7787);
#7787 = CARTESIAN_POINT('',(1.1E+03,20.,620.));
#7788 = LINE('',#7789,#7790);
#7789 = CARTESIAN_POINT('',(1.1E+03,20.,560.));
#7790 = VECTOR('',#7791,1.);
#7791 = DIRECTION('',(0.,0.,1.));
#7792 = ORIENTED_EDGE('',*,*,#7793,.F.);
#7793 = EDGE_CURVE('',#7770,#7786,#7794,.T.);
#7794 = LINE('',#7795,#7796);
#7795 = CARTESIAN_POINT('',(1.1E+03,-50.,620.));
#7796 = VECTOR('',#7797,1.);
#7797 = DIRECTION('',(-0.,1.,0.));
#7798 = PLANE('',#7799);
#7799 = AXIS2_PLACEMENT_3D('',#7800,#7801,#7802);
#7800 = CARTESIAN_POINT('',(1.1E+03,-50.,560.));
#7801 = DIRECTION('',(1.,0.,-0.));
#7802 = DIRECTION('',(0.,0.,1.));
#7803 = ADVANCED_FACE('',(#7804),#7820,.F.);
#7804 = FACE_BOUND('',#7805,.F.);
#7805 = EDGE_LOOP('',(#7806,#7812,#7813,#7819));
#7806 = ORIENTED_EDGE('',*,*,#7807,.F.);
#7807 = EDGE_CURVE('',#7728,#7768,#7808,.T.);
#7808 = LINE('',#7809,#7810);
#7809 = CARTESIAN_POINT('',(1.E+03,-50.,560.));
#7810 = VECTOR('',#7811,1.);
#7811 = DIRECTION('',(1.,0.,-0.));
#7812 = ORIENTED_EDGE('',*,*,#7727,.T.);
#7813 = ORIENTED_EDGE('',*,*,#7814,.T.);
#7814 = EDGE_CURVE('',#7730,#7770,#7815,.T.);
#7815 = LINE('',#7816,#7817);
#7816 = CARTESIAN_POINT('',(1.E+03,-50.,620.));
#7817 = VECTOR('',#7818,1.);
#7818 = DIRECTION('',(1.,0.,-0.));
#7819 = ORIENTED_EDGE('',*,*,#7767,.F.);
#7820 = PLANE('',#7821);
#7821 = AXIS2_PLACEMENT_3D('',#7822,#7823,#7824);
#7822 = CARTESIAN_POINT('',(1.E+03,-50.,560.));
#7823 = DIRECTION('',(-0.,1.,0.));
#7824 = DIRECTION('',(0.,0.,1.));
#7825 = ADVANCED_FACE('',(#7826),#7842,.T.);
#7826 = FACE_BOUND('',#7827,.T.);
#7827 = EDGE_LOOP('',(#7828,#7834,#7835,#7841));
#7828 = ORIENTED_EDGE('',*,*,#7829,.F.);
#7829 = EDGE_CURVE('',#7738,#7778,#7830,.T.);
#7830 = LINE('',#7831,#7832);
#7831 = CARTESIAN_POINT('',(1.E+03,20.,560.));
#7832 = VECTOR('',#7833,1.);
#7833 = DIRECTION('',(1.,0.,-0.));
#7834 = ORIENTED_EDGE('',*,*,#7745,.T.);
#7835 = ORIENTED_EDGE('',*,*,#7836,.T.);
#7836 = EDGE_CURVE('',#7746,#7786,#7837,.T.);
#7837 = LINE('',#7838,#7839);
#7838 = CARTESIAN_POINT('',(1.E+03,20.,620.));
#7839 = VECTOR('',#7840,1.);
#7840 = DIRECTION('',(1.,0.,-0.));
#7841 = ORIENTED_EDGE('',*,*,#7785,.F.);
#7842 = PLANE('',#7843);
#7843 = AXIS2_PLACEMENT_3D('',#7844,#7845,#7846);
#7844 = CARTESIAN_POINT('',(1.E+03,20.,560.));
#7845 = DIRECTION('',(-0.,1.,0.));
#7846 = DIRECTION('',(0.,0.,1.));
#7847 = ADVANCED_FACE('',(#7848),#7854,.F.);
#7848 = FACE_BOUND('',#7849,.F.);
#7849 = EDGE_LOOP('',(#7850,#7851,#7852,#7853));
#7850 = ORIENTED_EDGE('',*,*,#7737,.F.);
#7851 = ORIENTED_EDGE('',*,*,#7807,.T.);
#7852 = ORIENTED_EDGE('',*,*,#7777,.T.);
#7853 = ORIENTED_EDGE('',*,*,#7829,.F.);
#7854 = PLANE('',#7855);
#7855 = AXIS2_PLACEMENT_3D('',#7856,#7857,#7858);
#7856 = CARTESIAN_POINT('',(1.E+03,-50.,560.));
#7857 = DIRECTION('',(0.,0.,1.));
#7858 = DIRECTION('',(1.,0.,-0.));
#7859 = ADVANCED_FACE('',(#7860),#7866,.T.);
#7860 = FACE_BOUND('',#7861,.T.);
#7861 = EDGE_LOOP('',(#7862,#7863,#7864,#7865));
#7862 = ORIENTED_EDGE('',*,*,#7753,.F.);
#7863 = ORIENTED_EDGE('',*,*,#7814,.T.);
#7864 = ORIENTED_EDGE('',*,*,#7793,.T.);
#7865 = ORIENTED_EDGE('',*,*,#7836,.F.);
#7866 = PLANE('',#7867);
#7867 = AXIS2_PLACEMENT_3D('',#7868,#7869,#7870);
#7868 = CARTESIAN_POINT('',(1.E+03,-50.,620.));
#7869 = DIRECTION('',(0.,0.,1.));
#7870 = DIRECTION('',(1.,0.,-0.));
#7871 = ( GEOMETRIC_REPRESENTATION_CONTEXT(3) 
GLOBAL_UNCERTAINTY_ASSIGNED_CONTEXT((#7875)) 
GLOBAL_UNIT_ASSIGNED_CONTEXT((#7872,#7873,#7874)) REPRESENTATION_CONTEXT
('Context #1','3D Context with UNIT and UNCERTAINTY') );
#7872 = ( LENGTH_UNIT() NAMED_UNIT(*) SI_UNIT(.MILLI.,.METRE.) );
#7873 = ( NAMED_UNIT(*) PLANE_ANGLE_UNIT() SI_UNIT($,.RADIAN.) );
#7874 = ( NAMED_UNIT(*) SI_UNIT($,.STERADIAN.) SOLID_ANGLE_UNIT() );
#7875 = UNCERTAINTY_MEASURE_WITH_UNIT(LENGTH_MEASURE(1.E-07),#7872,
  'distance_accuracy_value','confusion accuracy');
#7876 = CONTEXT_DEPENDENT_SHAPE_REPRESENTATION(#7877,#7879);
#7877 = ( REPRESENTATION_RELATIONSHIP('','',#7720,#10) 
REPRESENTATION_RELATIONSHIP_WITH_TRANSFORMATION(#7878) 
SHAPE_REPRESENTATION_RELATIONSHIP() );
#7878 = ITEM_DEFINED_TRANSFORMATION('','',#11,#155);
#7879 = PRODUCT_DEFINITION_SHAPE('Placement','Placement of an item',
  #7880);
#7880 = NEXT_ASSEMBLY_USAGE_OCCURRENCE('36','10_卡盘减压阀','',#5,
  #7715,$);
#7881 = PRODUCT_RELATED_PRODUCT_CATEGORY('part',$,(#7717));
#7882 = SHAPE_DEFINITION_REPRESENTATION(#7883,#7889);
#7883 = PRODUCT_DEFINITION_SHAPE('','',#7884);
#7884 = PRODUCT_DEFINITION('design','',#7885,#7888);
#7885 = PRODUCT_DEFINITION_FORMATION('','',#7886);
#7886 = PRODUCT('18_尾座换向阀','18_尾座换向阀','',(#7887));
#7887 = PRODUCT_CONTEXT('',#2,'mechanical');
#7888 = PRODUCT_DEFINITION_CONTEXT('part definition',#2,'design');
#7889 = ADVANCED_BREP_SHAPE_REPRESENTATION('',(#11,#7890),#8040);
#7890 = MANIFOLD_SOLID_BREP('',#7891);
#7891 = CLOSED_SHELL('',(#7892,#7932,#7972,#7994,#8016,#8028));
#7892 = ADVANCED_FACE('',(#7893),#7927,.F.);
#7893 = FACE_BOUND('',#7894,.F.);
#7894 = EDGE_LOOP('',(#7895,#7905,#7913,#7921));
#7895 = ORIENTED_EDGE('',*,*,#7896,.F.);
#7896 = EDGE_CURVE('',#7897,#7899,#7901,.T.);
#7897 = VERTEX_POINT('',#7898);
#7898 = CARTESIAN_POINT('',(1.25E+03,-60.,650.));
#7899 = VERTEX_POINT('',#7900);
#7900 = CARTESIAN_POINT('',(1.25E+03,-60.,720.));
#7901 = LINE('',#7902,#7903);
#7902 = CARTESIAN_POINT('',(1.25E+03,-60.,650.));
#7903 = VECTOR('',#7904,1.);
#7904 = DIRECTION('',(0.,0.,1.));
#7905 = ORIENTED_EDGE('',*,*,#7906,.T.);
#7906 = EDGE_CURVE('',#7897,#7907,#7909,.T.);
#7907 = VERTEX_POINT('',#7908);
#7908 = CARTESIAN_POINT('',(1.25E+03,20.,650.));
#7909 = LINE('',#7910,#7911);
#7910 = CARTESIAN_POINT('',(1.25E+03,-60.,650.));
#7911 = VECTOR('',#7912,1.);
#7912 = DIRECTION('',(-0.,1.,0.));
#7913 = ORIENTED_EDGE('',*,*,#7914,.T.);
#7914 = EDGE_CURVE('',#7907,#7915,#7917,.T.);
#7915 = VERTEX_POINT('',#7916);
#7916 = CARTESIAN_POINT('',(1.25E+03,20.,720.));
#7917 = LINE('',#7918,#7919);
#7918 = CARTESIAN_POINT('',(1.25E+03,20.,650.));
#7919 = VECTOR('',#7920,1.);
#7920 = DIRECTION('',(0.,0.,1.));
#7921 = ORIENTED_EDGE('',*,*,#7922,.F.);
#7922 = EDGE_CURVE('',#7899,#7915,#7923,.T.);
#7923 = LINE('',#7924,#7925);
#7924 = CARTESIAN_POINT('',(1.25E+03,-60.,720.));
#7925 = VECTOR('',#7926,1.);
#7926 = DIRECTION('',(-0.,1.,0.));
#7927 = PLANE('',#7928);
#7928 = AXIS2_PLACEMENT_3D('',#7929,#7930,#7931);
#7929 = CARTESIAN_POINT('',(1.25E+03,-60.,650.));
#7930 = DIRECTION('',(1.,0.,-0.));
#7931 = DIRECTION('',(0.,0.,1.));
#7932 = ADVANCED_FACE('',(#7933),#7967,.T.);
#7933 = FACE_BOUND('',#7934,.T.);
#7934 = EDGE_LOOP('',(#7935,#7945,#7953,#7961));
#7935 = ORIENTED_EDGE('',*,*,#7936,.F.);
#7936 = EDGE_CURVE('',#7937,#7939,#7941,.T.);
#7937 = VERTEX_POINT('',#7938);
#7938 = CARTESIAN_POINT('',(1.45E+03,-60.,650.));
#7939 = VERTEX_POINT('',#7940);
#7940 = CARTESIAN_POINT('',(1.45E+03,-60.,720.));
#7941 = LINE('',#7942,#7943);
#7942 = CARTESIAN_POINT('',(1.45E+03,-60.,650.));
#7943 = VECTOR('',#7944,1.);
#7944 = DIRECTION('',(0.,0.,1.));
#7945 = ORIENTED_EDGE('',*,*,#7946,.T.);
#7946 = EDGE_CURVE('',#7937,#7947,#7949,.T.);
#7947 = VERTEX_POINT('',#7948);
#7948 = CARTESIAN_POINT('',(1.45E+03,20.,650.));
#7949 = LINE('',#7950,#7951);
#7950 = CARTESIAN_POINT('',(1.45E+03,-60.,650.));
#7951 = VECTOR('',#7952,1.);
#7952 = DIRECTION('',(-0.,1.,0.));
#7953 = ORIENTED_EDGE('',*,*,#7954,.T.);
#7954 = EDGE_CURVE('',#7947,#7955,#7957,.T.);
#7955 = VERTEX_POINT('',#7956);
#7956 = CARTESIAN_POINT('',(1.45E+03,20.,720.));
#7957 = LINE('',#7958,#7959);
#7958 = CARTESIAN_POINT('',(1.45E+03,20.,650.));
#7959 = VECTOR('',#7960,1.);
#7960 = DIRECTION('',(0.,0.,1.));
#7961 = ORIENTED_EDGE('',*,*,#7962,.F.);
#7962 = EDGE_CURVE('',#7939,#7955,#7963,.T.);
#7963 = LINE('',#7964,#7965);
#7964 = CARTESIAN_POINT('',(1.45E+03,-60.,720.));
#7965 = VECTOR('',#7966,1.);
#7966 = DIRECTION('',(-0.,1.,0.));
#7967 = PLANE('',#7968);
#7968 = AXIS2_PLACEMENT_3D('',#7969,#7970,#7971);
#7969 = CARTESIAN_POINT('',(1.45E+03,-60.,650.));
#7970 = DIRECTION('',(1.,0.,-0.));
#7971 = DIRECTION('',(0.,0.,1.));
#7972 = ADVANCED_FACE('',(#7973),#7989,.F.);
#7973 = FACE_BOUND('',#7974,.F.);
#7974 = EDGE_LOOP('',(#7975,#7981,#7982,#7988));
#7975 = ORIENTED_EDGE('',*,*,#7976,.F.);
#7976 = EDGE_CURVE('',#7897,#7937,#7977,.T.);
#7977 = LINE('',#7978,#7979);
#7978 = CARTESIAN_POINT('',(1.25E+03,-60.,650.));
#7979 = VECTOR('',#7980,1.);
#7980 = DIRECTION('',(1.,0.,-0.));
#7981 = ORIENTED_EDGE('',*,*,#7896,.T.);
#7982 = ORIENTED_EDGE('',*,*,#7983,.T.);
#7983 = EDGE_CURVE('',#7899,#7939,#7984,.T.);
#7984 = LINE('',#7985,#7986);
#7985 = CARTESIAN_POINT('',(1.25E+03,-60.,720.));
#7986 = VECTOR('',#7987,1.);
#7987 = DIRECTION('',(1.,0.,-0.));
#7988 = ORIENTED_EDGE('',*,*,#7936,.F.);
#7989 = PLANE('',#7990);
#7990 = AXIS2_PLACEMENT_3D('',#7991,#7992,#7993);
#7991 = CARTESIAN_POINT('',(1.25E+03,-60.,650.));
#7992 = DIRECTION('',(-0.,1.,0.));
#7993 = DIRECTION('',(0.,0.,1.));
#7994 = ADVANCED_FACE('',(#7995),#8011,.T.);
#7995 = FACE_BOUND('',#7996,.T.);
#7996 = EDGE_LOOP('',(#7997,#8003,#8004,#8010));
#7997 = ORIENTED_EDGE('',*,*,#7998,.F.);
#7998 = EDGE_CURVE('',#7907,#7947,#7999,.T.);
#7999 = LINE('',#8000,#8001);
#8000 = CARTESIAN_POINT('',(1.25E+03,20.,650.));
#8001 = VECTOR('',#8002,1.);
#8002 = DIRECTION('',(1.,0.,-0.));
#8003 = ORIENTED_EDGE('',*,*,#7914,.T.);
#8004 = ORIENTED_EDGE('',*,*,#8005,.T.);
#8005 = EDGE_CURVE('',#7915,#7955,#8006,.T.);
#8006 = LINE('',#8007,#8008);
#8007 = CARTESIAN_POINT('',(1.25E+03,20.,720.));
#8008 = VECTOR('',#8009,1.);
#8009 = DIRECTION('',(1.,0.,-0.));
#8010 = ORIENTED_EDGE('',*,*,#7954,.F.);
#8011 = PLANE('',#8012);
#8012 = AXIS2_PLACEMENT_3D('',#8013,#8014,#8015);
#8013 = CARTESIAN_POINT('',(1.25E+03,20.,650.));
#8014 = DIRECTION('',(-0.,1.,0.));
#8015 = DIRECTION('',(0.,0.,1.));
#8016 = ADVANCED_FACE('',(#8017),#8023,.F.);
#8017 = FACE_BOUND('',#8018,.F.);
#8018 = EDGE_LOOP('',(#8019,#8020,#8021,#8022));
#8019 = ORIENTED_EDGE('',*,*,#7906,.F.);
#8020 = ORIENTED_EDGE('',*,*,#7976,.T.);
#8021 = ORIENTED_EDGE('',*,*,#7946,.T.);
#8022 = ORIENTED_EDGE('',*,*,#7998,.F.);
#8023 = PLANE('',#8024);
#8024 = AXIS2_PLACEMENT_3D('',#8025,#8026,#8027);
#8025 = CARTESIAN_POINT('',(1.25E+03,-60.,650.));
#8026 = DIRECTION('',(0.,0.,1.));
#8027 = DIRECTION('',(1.,0.,-0.));
#8028 = ADVANCED_FACE('',(#8029),#8035,.T.);
#8029 = FACE_BOUND('',#8030,.T.);
#8030 = EDGE_LOOP('',(#8031,#8032,#8033,#8034));
#8031 = ORIENTED_EDGE('',*,*,#7922,.F.);
#8032 = ORIENTED_EDGE('',*,*,#7983,.T.);
#8033 = ORIENTED_EDGE('',*,*,#7962,.T.);
#8034 = ORIENTED_EDGE('',*,*,#8005,.F.);
#8035 = PLANE('',#8036);
#8036 = AXIS2_PLACEMENT_3D('',#8037,#8038,#8039);
#8037 = CARTESIAN_POINT('',(1.25E+03,-60.,720.));
#8038 = DIRECTION('',(0.,0.,1.));
#8039 = DIRECTION('',(1.,0.,-0.));
#8040 = ( GEOMETRIC_REPRESENTATION_CONTEXT(3) 
GLOBAL_UNCERTAINTY_ASSIGNED_CONTEXT((#8044)) 
GLOBAL_UNIT_ASSIGNED_CONTEXT((#8041,#8042,#8043)) REPRESENTATION_CONTEXT
('Context #1','3D Context with UNIT and UNCERTAINTY') );
#8041 = ( LENGTH_UNIT() NAMED_UNIT(*) SI_UNIT(.MILLI.,.METRE.) );
#8042 = ( NAMED_UNIT(*) PLANE_ANGLE_UNIT() SI_UNIT($,.RADIAN.) );
#8043 = ( NAMED_UNIT(*) SI_UNIT($,.STERADIAN.) SOLID_ANGLE_UNIT() );
#8044 = UNCERTAINTY_MEASURE_WITH_UNIT(LENGTH_MEASURE(1.E-07),#8041,
  'distance_accuracy_value','confusion accuracy');
#8045 = CONTEXT_DEPENDENT_SHAPE_REPRESENTATION(#8046,#8048);
#8046 = ( REPRESENTATION_RELATIONSHIP('','',#7889,#10) 
REPRESENTATION_RELATIONSHIP_WITH_TRANSFORMATION(#8047) 
SHAPE_REPRESENTATION_RELATIONSHIP() );
#8047 = ITEM_DEFINED_TRANSFORMATION('','',#11,#159);
#8048 = PRODUCT_DEFINITION_SHAPE('Placement','Placement of an item',
  #8049);
#8049 = NEXT_ASSEMBLY_USAGE_OCCURRENCE('37','18_尾座换向阀','',#5,
  #7884,$);
#8050 = PRODUCT_RELATED_PRODUCT_CATEGORY('part',$,(#7886));
#8051 = SHAPE_DEFINITION_REPRESENTATION(#8052,#8058);
#8052 = PRODUCT_DEFINITION_SHAPE('','',#8053);
#8053 = PRODUCT_DEFINITION('design','',#8054,#8057);
#8054 = PRODUCT_DEFINITION_FORMATION('','',#8055);
#8055 = PRODUCT('16_尾座减压阀R1','16_尾座减压阀R1','',(#8056)
  );
#8056 = PRODUCT_CONTEXT('',#2,'mechanical');
#8057 = PRODUCT_DEFINITION_CONTEXT('part definition',#2,'design');
#8058 = ADVANCED_BREP_SHAPE_REPRESENTATION('',(#11,#8059),#8209);
#8059 = MANIFOLD_SOLID_BREP('',#8060);
#8060 = CLOSED_SHELL('',(#8061,#8101,#8141,#8163,#8185,#8197));
#8061 = ADVANCED_FACE('',(#8062),#8096,.F.);
#8062 = FACE_BOUND('',#8063,.F.);
#8063 = EDGE_LOOP('',(#8064,#8074,#8082,#8090));
#8064 = ORIENTED_EDGE('',*,*,#8065,.F.);
#8065 = EDGE_CURVE('',#8066,#8068,#8070,.T.);
#8066 = VERTEX_POINT('',#8067);
#8067 = CARTESIAN_POINT('',(1.25E+03,-50.,560.));
#8068 = VERTEX_POINT('',#8069);
#8069 = CARTESIAN_POINT('',(1.25E+03,-50.,620.));
#8070 = LINE('',#8071,#8072);
#8071 = CARTESIAN_POINT('',(1.25E+03,-50.,560.));
#8072 = VECTOR('',#8073,1.);
#8073 = DIRECTION('',(0.,0.,1.));
#8074 = ORIENTED_EDGE('',*,*,#8075,.T.);
#8075 = EDGE_CURVE('',#8066,#8076,#8078,.T.);
#8076 = VERTEX_POINT('',#8077);
#8077 = CARTESIAN_POINT('',(1.25E+03,20.,560.));
#8078 = LINE('',#8079,#8080);
#8079 = CARTESIAN_POINT('',(1.25E+03,-50.,560.));
#8080 = VECTOR('',#8081,1.);
#8081 = DIRECTION('',(-0.,1.,0.));
#8082 = ORIENTED_EDGE('',*,*,#8083,.T.);
#8083 = EDGE_CURVE('',#8076,#8084,#8086,.T.);
#8084 = VERTEX_POINT('',#8085);
#8085 = CARTESIAN_POINT('',(1.25E+03,20.,620.));
#8086 = LINE('',#8087,#8088);
#8087 = CARTESIAN_POINT('',(1.25E+03,20.,560.));
#8088 = VECTOR('',#8089,1.);
#8089 = DIRECTION('',(0.,0.,1.));
#8090 = ORIENTED_EDGE('',*,*,#8091,.F.);
#8091 = EDGE_CURVE('',#8068,#8084,#8092,.T.);
#8092 = LINE('',#8093,#8094);
#8093 = CARTESIAN_POINT('',(1.25E+03,-50.,620.));
#8094 = VECTOR('',#8095,1.);
#8095 = DIRECTION('',(-0.,1.,0.));
#8096 = PLANE('',#8097);
#8097 = AXIS2_PLACEMENT_3D('',#8098,#8099,#8100);
#8098 = CARTESIAN_POINT('',(1.25E+03,-50.,560.));
#8099 = DIRECTION('',(1.,0.,-0.));
#8100 = DIRECTION('',(0.,0.,1.));
#8101 = ADVANCED_FACE('',(#8102),#8136,.T.);
#8102 = FACE_BOUND('',#8103,.T.);
#8103 = EDGE_LOOP('',(#8104,#8114,#8122,#8130));
#8104 = ORIENTED_EDGE('',*,*,#8105,.F.);
#8105 = EDGE_CURVE('',#8106,#8108,#8110,.T.);
#8106 = VERTEX_POINT('',#8107);
#8107 = CARTESIAN_POINT('',(1.34E+03,-50.,560.));
#8108 = VERTEX_POINT('',#8109);
#8109 = CARTESIAN_POINT('',(1.34E+03,-50.,620.));
#8110 = LINE('',#8111,#8112);
#8111 = CARTESIAN_POINT('',(1.34E+03,-50.,560.));
#8112 = VECTOR('',#8113,1.);
#8113 = DIRECTION('',(0.,0.,1.));
#8114 = ORIENTED_EDGE('',*,*,#8115,.T.);
#8115 = EDGE_CURVE('',#8106,#8116,#8118,.T.);
#8116 = VERTEX_POINT('',#8117);
#8117 = CARTESIAN_POINT('',(1.34E+03,20.,560.));
#8118 = LINE('',#8119,#8120);
#8119 = CARTESIAN_POINT('',(1.34E+03,-50.,560.));
#8120 = VECTOR('',#8121,1.);
#8121 = DIRECTION('',(-0.,1.,0.));
#8122 = ORIENTED_EDGE('',*,*,#8123,.T.);
#8123 = EDGE_CURVE('',#8116,#8124,#8126,.T.);
#8124 = VERTEX_POINT('',#8125);
#8125 = CARTESIAN_POINT('',(1.34E+03,20.,620.));
#8126 = LINE('',#8127,#8128);
#8127 = CARTESIAN_POINT('',(1.34E+03,20.,560.));
#8128 = VECTOR('',#8129,1.);
#8129 = DIRECTION('',(0.,0.,1.));
#8130 = ORIENTED_EDGE('',*,*,#8131,.F.);
#8131 = EDGE_CURVE('',#8108,#8124,#8132,.T.);
#8132 = LINE('',#8133,#8134);
#8133 = CARTESIAN_POINT('',(1.34E+03,-50.,620.));
#8134 = VECTOR('',#8135,1.);
#8135 = DIRECTION('',(-0.,1.,0.));
#8136 = PLANE('',#8137);
#8137 = AXIS2_PLACEMENT_3D('',#8138,#8139,#8140);
#8138 = CARTESIAN_POINT('',(1.34E+03,-50.,560.));
#8139 = DIRECTION('',(1.,0.,-0.));
#8140 = DIRECTION('',(0.,0.,1.));
#8141 = ADVANCED_FACE('',(#8142),#8158,.F.);
#8142 = FACE_BOUND('',#8143,.F.);
#8143 = EDGE_LOOP('',(#8144,#8150,#8151,#8157));
#8144 = ORIENTED_EDGE('',*,*,#8145,.F.);
#8145 = EDGE_CURVE('',#8066,#8106,#8146,.T.);
#8146 = LINE('',#8147,#8148);
#8147 = CARTESIAN_POINT('',(1.25E+03,-50.,560.));
#8148 = VECTOR('',#8149,1.);
#8149 = DIRECTION('',(1.,0.,-0.));
#8150 = ORIENTED_EDGE('',*,*,#8065,.T.);
#8151 = ORIENTED_EDGE('',*,*,#8152,.T.);
#8152 = EDGE_CURVE('',#8068,#8108,#8153,.T.);
#8153 = LINE('',#8154,#8155);
#8154 = CARTESIAN_POINT('',(1.25E+03,-50.,620.));
#8155 = VECTOR('',#8156,1.);
#8156 = DIRECTION('',(1.,0.,-0.));
#8157 = ORIENTED_EDGE('',*,*,#8105,.F.);
#8158 = PLANE('',#8159);
#8159 = AXIS2_PLACEMENT_3D('',#8160,#8161,#8162);
#8160 = CARTESIAN_POINT('',(1.25E+03,-50.,560.));
#8161 = DIRECTION('',(-0.,1.,0.));
#8162 = DIRECTION('',(0.,0.,1.));
#8163 = ADVANCED_FACE('',(#8164),#8180,.T.);
#8164 = FACE_BOUND('',#8165,.T.);
#8165 = EDGE_LOOP('',(#8166,#8172,#8173,#8179));
#8166 = ORIENTED_EDGE('',*,*,#8167,.F.);
#8167 = EDGE_CURVE('',#8076,#8116,#8168,.T.);
#8168 = LINE('',#8169,#8170);
#8169 = CARTESIAN_POINT('',(1.25E+03,20.,560.));
#8170 = VECTOR('',#8171,1.);
#8171 = DIRECTION('',(1.,0.,-0.));
#8172 = ORIENTED_EDGE('',*,*,#8083,.T.);
#8173 = ORIENTED_EDGE('',*,*,#8174,.T.);
#8174 = EDGE_CURVE('',#8084,#8124,#8175,.T.);
#8175 = LINE('',#8176,#8177);
#8176 = CARTESIAN_POINT('',(1.25E+03,20.,620.));
#8177 = VECTOR('',#8178,1.);
#8178 = DIRECTION('',(1.,0.,-0.));
#8179 = ORIENTED_EDGE('',*,*,#8123,.F.);
#8180 = PLANE('',#8181);
#8181 = AXIS2_PLACEMENT_3D('',#8182,#8183,#8184);
#8182 = CARTESIAN_POINT('',(1.25E+03,20.,560.));
#8183 = DIRECTION('',(-0.,1.,0.));
#8184 = DIRECTION('',(0.,0.,1.));
#8185 = ADVANCED_FACE('',(#8186),#8192,.F.);
#8186 = FACE_BOUND('',#8187,.F.);
#8187 = EDGE_LOOP('',(#8188,#8189,#8190,#8191));
#8188 = ORIENTED_EDGE('',*,*,#8075,.F.);
#8189 = ORIENTED_EDGE('',*,*,#8145,.T.);
#8190 = ORIENTED_EDGE('',*,*,#8115,.T.);
#8191 = ORIENTED_EDGE('',*,*,#8167,.F.);
#8192 = PLANE('',#8193);
#8193 = AXIS2_PLACEMENT_3D('',#8194,#8195,#8196);
#8194 = CARTESIAN_POINT('',(1.25E+03,-50.,560.));
#8195 = DIRECTION('',(0.,0.,1.));
#8196 = DIRECTION('',(1.,0.,-0.));
#8197 = ADVANCED_FACE('',(#8198),#8204,.T.);
#8198 = FACE_BOUND('',#8199,.T.);
#8199 = EDGE_LOOP('',(#8200,#8201,#8202,#8203));
#8200 = ORIENTED_EDGE('',*,*,#8091,.F.);
#8201 = ORIENTED_EDGE('',*,*,#8152,.T.);
#8202 = ORIENTED_EDGE('',*,*,#8131,.T.);
#8203 = ORIENTED_EDGE('',*,*,#8174,.F.);
#8204 = PLANE('',#8205);
#8205 = AXIS2_PLACEMENT_3D('',#8206,#8207,#8208);
#8206 = CARTESIAN_POINT('',(1.25E+03,-50.,620.));
#8207 = DIRECTION('',(0.,0.,1.));
#8208 = DIRECTION('',(1.,0.,-0.));
#8209 = ( GEOMETRIC_REPRESENTATION_CONTEXT(3) 
GLOBAL_UNCERTAINTY_ASSIGNED_CONTEXT((#8213)) 
GLOBAL_UNIT_ASSIGNED_CONTEXT((#8210,#8211,#8212)) REPRESENTATION_CONTEXT
('Context #1','3D Context with UNIT and UNCERTAINTY') );
#8210 = ( LENGTH_UNIT() NAMED_UNIT(*) SI_UNIT(.MILLI.,.METRE.) );
#8211 = ( NAMED_UNIT(*) PLANE_ANGLE_UNIT() SI_UNIT($,.RADIAN.) );
#8212 = ( NAMED_UNIT(*) SI_UNIT($,.STERADIAN.) SOLID_ANGLE_UNIT() );
#8213 = UNCERTAINTY_MEASURE_WITH_UNIT(LENGTH_MEASURE(1.E-07),#8210,
  'distance_accuracy_value','confusion accuracy');
#8214 = CONTEXT_DEPENDENT_SHAPE_REPRESENTATION(#8215,#8217);
#8215 = ( REPRESENTATION_RELATIONSHIP('','',#8058,#10) 
REPRESENTATION_RELATIONSHIP_WITH_TRANSFORMATION(#8216) 
SHAPE_REPRESENTATION_RELATIONSHIP() );
#8216 = ITEM_DEFINED_TRANSFORMATION('','',#11,#163);
#8217 = PRODUCT_DEFINITION_SHAPE('Placement','Placement of an item',
  #8218);
#8218 = NEXT_ASSEMBLY_USAGE_OCCURRENCE('38','16_尾座减压阀R1','',#5
  ,#8053,$);
#8219 = PRODUCT_RELATED_PRODUCT_CATEGORY('part',$,(#8055));
#8220 = SHAPE_DEFINITION_REPRESENTATION(#8221,#8227);
#8221 = PRODUCT_DEFINITION_SHAPE('','',#8222);
#8222 = PRODUCT_DEFINITION('design','',#8223,#8226);
#8223 = PRODUCT_DEFINITION_FORMATION('','',#8224);
#8224 = PRODUCT('17_预压减压阀R2','17_预压减压阀R2','',(#8225)
  );
#8225 = PRODUCT_CONTEXT('',#2,'mechanical');
#8226 = PRODUCT_DEFINITION_CONTEXT('part definition',#2,'design');
#8227 = ADVANCED_BREP_SHAPE_REPRESENTATION('',(#11,#8228),#8378);
#8228 = MANIFOLD_SOLID_BREP('',#8229);
#8229 = CLOSED_SHELL('',(#8230,#8270,#8310,#8332,#8354,#8366));
#8230 = ADVANCED_FACE('',(#8231),#8265,.F.);
#8231 = FACE_BOUND('',#8232,.F.);
#8232 = EDGE_LOOP('',(#8233,#8243,#8251,#8259));
#8233 = ORIENTED_EDGE('',*,*,#8234,.F.);
#8234 = EDGE_CURVE('',#8235,#8237,#8239,.T.);
#8235 = VERTEX_POINT('',#8236);
#8236 = CARTESIAN_POINT('',(1.36E+03,-50.,560.));
#8237 = VERTEX_POINT('',#8238);
#8238 = CARTESIAN_POINT('',(1.36E+03,-50.,620.));
#8239 = LINE('',#8240,#8241);
#8240 = CARTESIAN_POINT('',(1.36E+03,-50.,560.));
#8241 = VECTOR('',#8242,1.);
#8242 = DIRECTION('',(0.,0.,1.));
#8243 = ORIENTED_EDGE('',*,*,#8244,.T.);
#8244 = EDGE_CURVE('',#8235,#8245,#8247,.T.);
#8245 = VERTEX_POINT('',#8246);
#8246 = CARTESIAN_POINT('',(1.36E+03,20.,560.));
#8247 = LINE('',#8248,#8249);
#8248 = CARTESIAN_POINT('',(1.36E+03,-50.,560.));
#8249 = VECTOR('',#8250,1.);
#8250 = DIRECTION('',(-0.,1.,0.));
#8251 = ORIENTED_EDGE('',*,*,#8252,.T.);
#8252 = EDGE_CURVE('',#8245,#8253,#8255,.T.);
#8253 = VERTEX_POINT('',#8254);
#8254 = CARTESIAN_POINT('',(1.36E+03,20.,620.));
#8255 = LINE('',#8256,#8257);
#8256 = CARTESIAN_POINT('',(1.36E+03,20.,560.));
#8257 = VECTOR('',#8258,1.);
#8258 = DIRECTION('',(0.,0.,1.));
#8259 = ORIENTED_EDGE('',*,*,#8260,.F.);
#8260 = EDGE_CURVE('',#8237,#8253,#8261,.T.);
#8261 = LINE('',#8262,#8263);
#8262 = CARTESIAN_POINT('',(1.36E+03,-50.,620.));
#8263 = VECTOR('',#8264,1.);
#8264 = DIRECTION('',(-0.,1.,0.));
#8265 = PLANE('',#8266);
#8266 = AXIS2_PLACEMENT_3D('',#8267,#8268,#8269);
#8267 = CARTESIAN_POINT('',(1.36E+03,-50.,560.));
#8268 = DIRECTION('',(1.,0.,-0.));
#8269 = DIRECTION('',(0.,0.,1.));
#8270 = ADVANCED_FACE('',(#8271),#8305,.T.);
#8271 = FACE_BOUND('',#8272,.T.);
#8272 = EDGE_LOOP('',(#8273,#8283,#8291,#8299));
#8273 = ORIENTED_EDGE('',*,*,#8274,.F.);
#8274 = EDGE_CURVE('',#8275,#8277,#8279,.T.);
#8275 = VERTEX_POINT('',#8276);
#8276 = CARTESIAN_POINT('',(1.45E+03,-50.,560.));
#8277 = VERTEX_POINT('',#8278);
#8278 = CARTESIAN_POINT('',(1.45E+03,-50.,620.));
#8279 = LINE('',#8280,#8281);
#8280 = CARTESIAN_POINT('',(1.45E+03,-50.,560.));
#8281 = VECTOR('',#8282,1.);
#8282 = DIRECTION('',(0.,0.,1.));
#8283 = ORIENTED_EDGE('',*,*,#8284,.T.);
#8284 = EDGE_CURVE('',#8275,#8285,#8287,.T.);
#8285 = VERTEX_POINT('',#8286);
#8286 = CARTESIAN_POINT('',(1.45E+03,20.,560.));
#8287 = LINE('',#8288,#8289);
#8288 = CARTESIAN_POINT('',(1.45E+03,-50.,560.));
#8289 = VECTOR('',#8290,1.);
#8290 = DIRECTION('',(-0.,1.,0.));
#8291 = ORIENTED_EDGE('',*,*,#8292,.T.);
#8292 = EDGE_CURVE('',#8285,#8293,#8295,.T.);
#8293 = VERTEX_POINT('',#8294);
#8294 = CARTESIAN_POINT('',(1.45E+03,20.,620.));
#8295 = LINE('',#8296,#8297);
#8296 = CARTESIAN_POINT('',(1.45E+03,20.,560.));
#8297 = VECTOR('',#8298,1.);
#8298 = DIRECTION('',(0.,0.,1.));
#8299 = ORIENTED_EDGE('',*,*,#8300,.F.);
#8300 = EDGE_CURVE('',#8277,#8293,#8301,.T.);
#8301 = LINE('',#8302,#8303);
#8302 = CARTESIAN_POINT('',(1.45E+03,-50.,620.));
#8303 = VECTOR('',#8304,1.);
#8304 = DIRECTION('',(-0.,1.,0.));
#8305 = PLANE('',#8306);
#8306 = AXIS2_PLACEMENT_3D('',#8307,#8308,#8309);
#8307 = CARTESIAN_POINT('',(1.45E+03,-50.,560.));
#8308 = DIRECTION('',(1.,0.,-0.));
#8309 = DIRECTION('',(0.,0.,1.));
#8310 = ADVANCED_FACE('',(#8311),#8327,.F.);
#8311 = FACE_BOUND('',#8312,.F.);
#8312 = EDGE_LOOP('',(#8313,#8319,#8320,#8326));
#8313 = ORIENTED_EDGE('',*,*,#8314,.F.);
#8314 = EDGE_CURVE('',#8235,#8275,#8315,.T.);
#8315 = LINE('',#8316,#8317);
#8316 = CARTESIAN_POINT('',(1.36E+03,-50.,560.));
#8317 = VECTOR('',#8318,1.);
#8318 = DIRECTION('',(1.,0.,-0.));
#8319 = ORIENTED_EDGE('',*,*,#8234,.T.);
#8320 = ORIENTED_EDGE('',*,*,#8321,.T.);
#8321 = EDGE_CURVE('',#8237,#8277,#8322,.T.);
#8322 = LINE('',#8323,#8324);
#8323 = CARTESIAN_POINT('',(1.36E+03,-50.,620.));
#8324 = VECTOR('',#8325,1.);
#8325 = DIRECTION('',(1.,0.,-0.));
#8326 = ORIENTED_EDGE('',*,*,#8274,.F.);
#8327 = PLANE('',#8328);
#8328 = AXIS2_PLACEMENT_3D('',#8329,#8330,#8331);
#8329 = CARTESIAN_POINT('',(1.36E+03,-50.,560.));
#8330 = DIRECTION('',(-0.,1.,0.));
#8331 = DIRECTION('',(0.,0.,1.));
#8332 = ADVANCED_FACE('',(#8333),#8349,.T.);
#8333 = FACE_BOUND('',#8334,.T.);
#8334 = EDGE_LOOP('',(#8335,#8341,#8342,#8348));
#8335 = ORIENTED_EDGE('',*,*,#8336,.F.);
#8336 = EDGE_CURVE('',#8245,#8285,#8337,.T.);
#8337 = LINE('',#8338,#8339);
#8338 = CARTESIAN_POINT('',(1.36E+03,20.,560.));
#8339 = VECTOR('',#8340,1.);
#8340 = DIRECTION('',(1.,0.,-0.));
#8341 = ORIENTED_EDGE('',*,*,#8252,.T.);
#8342 = ORIENTED_EDGE('',*,*,#8343,.T.);
#8343 = EDGE_CURVE('',#8253,#8293,#8344,.T.);
#8344 = LINE('',#8345,#8346);
#8345 = CARTESIAN_POINT('',(1.36E+03,20.,620.));
#8346 = VECTOR('',#8347,1.);
#8347 = DIRECTION('',(1.,0.,-0.));
#8348 = ORIENTED_EDGE('',*,*,#8292,.F.);
#8349 = PLANE('',#8350);
#8350 = AXIS2_PLACEMENT_3D('',#8351,#8352,#8353);
#8351 = CARTESIAN_POINT('',(1.36E+03,20.,560.));
#8352 = DIRECTION('',(-0.,1.,0.));
#8353 = DIRECTION('',(0.,0.,1.));
#8354 = ADVANCED_FACE('',(#8355),#8361,.F.);
#8355 = FACE_BOUND('',#8356,.F.);
#8356 = EDGE_LOOP('',(#8357,#8358,#8359,#8360));
#8357 = ORIENTED_EDGE('',*,*,#8244,.F.);
#8358 = ORIENTED_EDGE('',*,*,#8314,.T.);
#8359 = ORIENTED_EDGE('',*,*,#8284,.T.);
#8360 = ORIENTED_EDGE('',*,*,#8336,.F.);
#8361 = PLANE('',#8362);
#8362 = AXIS2_PLACEMENT_3D('',#8363,#8364,#8365);
#8363 = CARTESIAN_POINT('',(1.36E+03,-50.,560.));
#8364 = DIRECTION('',(0.,0.,1.));
#8365 = DIRECTION('',(1.,0.,-0.));
#8366 = ADVANCED_FACE('',(#8367),#8373,.T.);
#8367 = FACE_BOUND('',#8368,.T.);
#8368 = EDGE_LOOP('',(#8369,#8370,#8371,#8372));
#8369 = ORIENTED_EDGE('',*,*,#8260,.F.);
#8370 = ORIENTED_EDGE('',*,*,#8321,.T.);
#8371 = ORIENTED_EDGE('',*,*,#8300,.T.);
#8372 = ORIENTED_EDGE('',*,*,#8343,.F.);
#8373 = PLANE('',#8374);
#8374 = AXIS2_PLACEMENT_3D('',#8375,#8376,#8377);
#8375 = CARTESIAN_POINT('',(1.36E+03,-50.,620.));
#8376 = DIRECTION('',(0.,0.,1.));
#8377 = DIRECTION('',(1.,0.,-0.));
#8378 = ( GEOMETRIC_REPRESENTATION_CONTEXT(3) 
GLOBAL_UNCERTAINTY_ASSIGNED_CONTEXT((#8382)) 
GLOBAL_UNIT_ASSIGNED_CONTEXT((#8379,#8380,#8381)) REPRESENTATION_CONTEXT
('Context #1','3D Context with UNIT and UNCERTAINTY') );
#8379 = ( LENGTH_UNIT() NAMED_UNIT(*) SI_UNIT(.MILLI.,.METRE.) );
#8380 = ( NAMED_UNIT(*) PLANE_ANGLE_UNIT() SI_UNIT($,.RADIAN.) );
#8381 = ( NAMED_UNIT(*) SI_UNIT($,.STERADIAN.) SOLID_ANGLE_UNIT() );
#8382 = UNCERTAINTY_MEASURE_WITH_UNIT(LENGTH_MEASURE(1.E-07),#8379,
  'distance_accuracy_value','confusion accuracy');
#8383 = CONTEXT_DEPENDENT_SHAPE_REPRESENTATION(#8384,#8386);
#8384 = ( REPRESENTATION_RELATIONSHIP('','',#8227,#10) 
REPRESENTATION_RELATIONSHIP_WITH_TRANSFORMATION(#8385) 
SHAPE_REPRESENTATION_RELATIONSHIP() );
#8385 = ITEM_DEFINED_TRANSFORMATION('','',#11,#167);
#8386 = PRODUCT_DEFINITION_SHAPE('Placement','Placement of an item',
  #8387);
#8387 = NEXT_ASSEMBLY_USAGE_OCCURRENCE('39','17_预压减压阀R2','',#5
  ,#8222,$);
#8388 = PRODUCT_RELATED_PRODUCT_CATEGORY('part',$,(#8224));
#8389 = SHAPE_DEFINITION_REPRESENTATION(#8390,#8396);
#8390 = PRODUCT_DEFINITION_SHAPE('','',#8391);
#8391 = PRODUCT_DEFINITION('design','',#8392,#8395);
#8392 = PRODUCT_DEFINITION_FORMATION('','',#8393);
#8393 = PRODUCT('6_电磁卸荷阀','6_电磁卸荷阀','',(#8394));
#8394 = PRODUCT_CONTEXT('',#2,'mechanical');
#8395 = PRODUCT_DEFINITION_CONTEXT('part definition',#2,'design');
#8396 = ADVANCED_BREP_SHAPE_REPRESENTATION('',(#11,#8397),#8547);
#8397 = MANIFOLD_SOLID_BREP('',#8398);
#8398 = CLOSED_SHELL('',(#8399,#8439,#8479,#8501,#8523,#8535));
#8399 = ADVANCED_FACE('',(#8400),#8434,.F.);
#8400 = FACE_BOUND('',#8401,.F.);
#8401 = EDGE_LOOP('',(#8402,#8412,#8420,#8428));
#8402 = ORIENTED_EDGE('',*,*,#8403,.F.);
#8403 = EDGE_CURVE('',#8404,#8406,#8408,.T.);
#8404 = VERTEX_POINT('',#8405);
#8405 = CARTESIAN_POINT('',(1.1E+03,-50.,460.));
#8406 = VERTEX_POINT('',#8407);
#8407 = CARTESIAN_POINT('',(1.1E+03,-50.,520.));
#8408 = LINE('',#8409,#8410);
#8409 = CARTESIAN_POINT('',(1.1E+03,-50.,460.));
#8410 = VECTOR('',#8411,1.);
#8411 = DIRECTION('',(0.,0.,1.));
#8412 = ORIENTED_EDGE('',*,*,#8413,.T.);
#8413 = EDGE_CURVE('',#8404,#8414,#8416,.T.);
#8414 = VERTEX_POINT('',#8415);
#8415 = CARTESIAN_POINT('',(1.1E+03,20.,460.));
#8416 = LINE('',#8417,#8418);
#8417 = CARTESIAN_POINT('',(1.1E+03,-50.,460.));
#8418 = VECTOR('',#8419,1.);
#8419 = DIRECTION('',(-0.,1.,0.));
#8420 = ORIENTED_EDGE('',*,*,#8421,.T.);
#8421 = EDGE_CURVE('',#8414,#8422,#8424,.T.);
#8422 = VERTEX_POINT('',#8423);
#8423 = CARTESIAN_POINT('',(1.1E+03,20.,520.));
#8424 = LINE('',#8425,#8426);
#8425 = CARTESIAN_POINT('',(1.1E+03,20.,460.));
#8426 = VECTOR('',#8427,1.);
#8427 = DIRECTION('',(0.,0.,1.));
#8428 = ORIENTED_EDGE('',*,*,#8429,.F.);
#8429 = EDGE_CURVE('',#8406,#8422,#8430,.T.);
#8430 = LINE('',#8431,#8432);
#8431 = CARTESIAN_POINT('',(1.1E+03,-50.,520.));
#8432 = VECTOR('',#8433,1.);
#8433 = DIRECTION('',(-0.,1.,0.));
#8434 = PLANE('',#8435);
#8435 = AXIS2_PLACEMENT_3D('',#8436,#8437,#8438);
#8436 = CARTESIAN_POINT('',(1.1E+03,-50.,460.));
#8437 = DIRECTION('',(1.,0.,-0.));
#8438 = DIRECTION('',(0.,0.,1.));
#8439 = ADVANCED_FACE('',(#8440),#8474,.T.);
#8440 = FACE_BOUND('',#8441,.T.);
#8441 = EDGE_LOOP('',(#8442,#8452,#8460,#8468));
#8442 = ORIENTED_EDGE('',*,*,#8443,.F.);
#8443 = EDGE_CURVE('',#8444,#8446,#8448,.T.);
#8444 = VERTEX_POINT('',#8445);
#8445 = CARTESIAN_POINT('',(1.2E+03,-50.,460.));
#8446 = VERTEX_POINT('',#8447);
#8447 = CARTESIAN_POINT('',(1.2E+03,-50.,520.));
#8448 = LINE('',#8449,#8450);
#8449 = CARTESIAN_POINT('',(1.2E+03,-50.,460.));
#8450 = VECTOR('',#8451,1.);
#8451 = DIRECTION('',(0.,0.,1.));
#8452 = ORIENTED_EDGE('',*,*,#8453,.T.);
#8453 = EDGE_CURVE('',#8444,#8454,#8456,.T.);
#8454 = VERTEX_POINT('',#8455);
#8455 = CARTESIAN_POINT('',(1.2E+03,20.,460.));
#8456 = LINE('',#8457,#8458);
#8457 = CARTESIAN_POINT('',(1.2E+03,-50.,460.));
#8458 = VECTOR('',#8459,1.);
#8459 = DIRECTION('',(-0.,1.,0.));
#8460 = ORIENTED_EDGE('',*,*,#8461,.T.);
#8461 = EDGE_CURVE('',#8454,#8462,#8464,.T.);
#8462 = VERTEX_POINT('',#8463);
#8463 = CARTESIAN_POINT('',(1.2E+03,20.,520.));
#8464 = LINE('',#8465,#8466);
#8465 = CARTESIAN_POINT('',(1.2E+03,20.,460.));
#8466 = VECTOR('',#8467,1.);
#8467 = DIRECTION('',(0.,0.,1.));
#8468 = ORIENTED_EDGE('',*,*,#8469,.F.);
#8469 = EDGE_CURVE('',#8446,#8462,#8470,.T.);
#8470 = LINE('',#8471,#8472);
#8471 = CARTESIAN_POINT('',(1.2E+03,-50.,520.));
#8472 = VECTOR('',#8473,1.);
#8473 = DIRECTION('',(-0.,1.,0.));
#8474 = PLANE('',#8475);
#8475 = AXIS2_PLACEMENT_3D('',#8476,#8477,#8478);
#8476 = CARTESIAN_POINT('',(1.2E+03,-50.,460.));
#8477 = DIRECTION('',(1.,0.,-0.));
#8478 = DIRECTION('',(0.,0.,1.));
#8479 = ADVANCED_FACE('',(#8480),#8496,.F.);
#8480 = FACE_BOUND('',#8481,.F.);
#8481 = EDGE_LOOP('',(#8482,#8488,#8489,#8495));
#8482 = ORIENTED_EDGE('',*,*,#8483,.F.);
#8483 = EDGE_CURVE('',#8404,#8444,#8484,.T.);
#8484 = LINE('',#8485,#8486);
#8485 = CARTESIAN_POINT('',(1.1E+03,-50.,460.));
#8486 = VECTOR('',#8487,1.);
#8487 = DIRECTION('',(1.,0.,-0.));
#8488 = ORIENTED_EDGE('',*,*,#8403,.T.);
#8489 = ORIENTED_EDGE('',*,*,#8490,.T.);
#8490 = EDGE_CURVE('',#8406,#8446,#8491,.T.);
#8491 = LINE('',#8492,#8493);
#8492 = CARTESIAN_POINT('',(1.1E+03,-50.,520.));
#8493 = VECTOR('',#8494,1.);
#8494 = DIRECTION('',(1.,0.,-0.));
#8495 = ORIENTED_EDGE('',*,*,#8443,.F.);
#8496 = PLANE('',#8497);
#8497 = AXIS2_PLACEMENT_3D('',#8498,#8499,#8500);
#8498 = CARTESIAN_POINT('',(1.1E+03,-50.,460.));
#8499 = DIRECTION('',(-0.,1.,0.));
#8500 = DIRECTION('',(0.,0.,1.));
#8501 = ADVANCED_FACE('',(#8502),#8518,.T.);
#8502 = FACE_BOUND('',#8503,.T.);
#8503 = EDGE_LOOP('',(#8504,#8510,#8511,#8517));
#8504 = ORIENTED_EDGE('',*,*,#8505,.F.);
#8505 = EDGE_CURVE('',#8414,#8454,#8506,.T.);
#8506 = LINE('',#8507,#8508);
#8507 = CARTESIAN_POINT('',(1.1E+03,20.,460.));
#8508 = VECTOR('',#8509,1.);
#8509 = DIRECTION('',(1.,0.,-0.));
#8510 = ORIENTED_EDGE('',*,*,#8421,.T.);
#8511 = ORIENTED_EDGE('',*,*,#8512,.T.);
#8512 = EDGE_CURVE('',#8422,#8462,#8513,.T.);
#8513 = LINE('',#8514,#8515);
#8514 = CARTESIAN_POINT('',(1.1E+03,20.,520.));
#8515 = VECTOR('',#8516,1.);
#8516 = DIRECTION('',(1.,0.,-0.));
#8517 = ORIENTED_EDGE('',*,*,#8461,.F.);
#8518 = PLANE('',#8519);
#8519 = AXIS2_PLACEMENT_3D('',#8520,#8521,#8522);
#8520 = CARTESIAN_POINT('',(1.1E+03,20.,460.));
#8521 = DIRECTION('',(-0.,1.,0.));
#8522 = DIRECTION('',(0.,0.,1.));
#8523 = ADVANCED_FACE('',(#8524),#8530,.F.);
#8524 = FACE_BOUND('',#8525,.F.);
#8525 = EDGE_LOOP('',(#8526,#8527,#8528,#8529));
#8526 = ORIENTED_EDGE('',*,*,#8413,.F.);
#8527 = ORIENTED_EDGE('',*,*,#8483,.T.);
#8528 = ORIENTED_EDGE('',*,*,#8453,.T.);
#8529 = ORIENTED_EDGE('',*,*,#8505,.F.);
#8530 = PLANE('',#8531);
#8531 = AXIS2_PLACEMENT_3D('',#8532,#8533,#8534);
#8532 = CARTESIAN_POINT('',(1.1E+03,-50.,460.));
#8533 = DIRECTION('',(0.,0.,1.));
#8534 = DIRECTION('',(1.,0.,-0.));
#8535 = ADVANCED_FACE('',(#8536),#8542,.T.);
#8536 = FACE_BOUND('',#8537,.T.);
#8537 = EDGE_LOOP('',(#8538,#8539,#8540,#8541));
#8538 = ORIENTED_EDGE('',*,*,#8429,.F.);
#8539 = ORIENTED_EDGE('',*,*,#8490,.T.);
#8540 = ORIENTED_EDGE('',*,*,#8469,.T.);
#8541 = ORIENTED_EDGE('',*,*,#8512,.F.);
#8542 = PLANE('',#8543);
#8543 = AXIS2_PLACEMENT_3D('',#8544,#8545,#8546);
#8544 = CARTESIAN_POINT('',(1.1E+03,-50.,520.));
#8545 = DIRECTION('',(0.,0.,1.));
#8546 = DIRECTION('',(1.,0.,-0.));
#8547 = ( GEOMETRIC_REPRESENTATION_CONTEXT(3) 
GLOBAL_UNCERTAINTY_ASSIGNED_CONTEXT((#8551)) 
GLOBAL_UNIT_ASSIGNED_CONTEXT((#8548,#8549,#8550)) REPRESENTATION_CONTEXT
('Context #1','3D Context with UNIT and UNCERTAINTY') );
#8548 = ( LENGTH_UNIT() NAMED_UNIT(*) SI_UNIT(.MILLI.,.METRE.) );
#8549 = ( NAMED_UNIT(*) PLANE_ANGLE_UNIT() SI_UNIT($,.RADIAN.) );
#8550 = ( NAMED_UNIT(*) SI_UNIT($,.STERADIAN.) SOLID_ANGLE_UNIT() );
#8551 = UNCERTAINTY_MEASURE_WITH_UNIT(LENGTH_MEASURE(1.E-07),#8548,
  'distance_accuracy_value','confusion accuracy');
#8552 = CONTEXT_DEPENDENT_SHAPE_REPRESENTATION(#8553,#8555);
#8553 = ( REPRESENTATION_RELATIONSHIP('','',#8396,#10) 
REPRESENTATION_RELATIONSHIP_WITH_TRANSFORMATION(#8554) 
SHAPE_REPRESENTATION_RELATIONSHIP() );
#8554 = ITEM_DEFINED_TRANSFORMATION('','',#11,#171);
#8555 = PRODUCT_DEFINITION_SHAPE('Placement','Placement of an item',
  #8556);
#8556 = NEXT_ASSEMBLY_USAGE_OCCURRENCE('40','6_电磁卸荷阀','',#5,
  #8391,$);
#8557 = PRODUCT_RELATED_PRODUCT_CATEGORY('part',$,(#8393));
#8558 = SHAPE_DEFINITION_REPRESENTATION(#8559,#8565);
#8559 = PRODUCT_DEFINITION_SHAPE('','',#8560);
#8560 = PRODUCT_DEFINITION('design','',#8561,#8564);
#8561 = PRODUCT_DEFINITION_FORMATION('','',#8562);
#8562 = PRODUCT('7_单向阀','7_单向阀','',(#8563));
#8563 = PRODUCT_CONTEXT('',#2,'mechanical');
#8564 = PRODUCT_DEFINITION_CONTEXT('part definition',#2,'design');
#8565 = ADVANCED_BREP_SHAPE_REPRESENTATION('',(#11,#8566),#8716);
#8566 = MANIFOLD_SOLID_BREP('',#8567);
#8567 = CLOSED_SHELL('',(#8568,#8608,#8648,#8670,#8692,#8704));
#8568 = ADVANCED_FACE('',(#8569),#8603,.F.);
#8569 = FACE_BOUND('',#8570,.F.);
#8570 = EDGE_LOOP('',(#8571,#8581,#8589,#8597));
#8571 = ORIENTED_EDGE('',*,*,#8572,.F.);
#8572 = EDGE_CURVE('',#8573,#8575,#8577,.T.);
#8573 = VERTEX_POINT('',#8574);
#8574 = CARTESIAN_POINT('',(960.,-40.,470.));
#8575 = VERTEX_POINT('',#8576);
#8576 = CARTESIAN_POINT('',(960.,-40.,510.));
#8577 = LINE('',#8578,#8579);
#8578 = CARTESIAN_POINT('',(960.,-40.,470.));
#8579 = VECTOR('',#8580,1.);
#8580 = DIRECTION('',(0.,0.,1.));
#8581 = ORIENTED_EDGE('',*,*,#8582,.T.);
#8582 = EDGE_CURVE('',#8573,#8583,#8585,.T.);
#8583 = VERTEX_POINT('',#8584);
#8584 = CARTESIAN_POINT('',(960.,20.,470.));
#8585 = LINE('',#8586,#8587);
#8586 = CARTESIAN_POINT('',(960.,-40.,470.));
#8587 = VECTOR('',#8588,1.);
#8588 = DIRECTION('',(-0.,1.,0.));
#8589 = ORIENTED_EDGE('',*,*,#8590,.T.);
#8590 = EDGE_CURVE('',#8583,#8591,#8593,.T.);
#8591 = VERTEX_POINT('',#8592);
#8592 = CARTESIAN_POINT('',(960.,20.,510.));
#8593 = LINE('',#8594,#8595);
#8594 = CARTESIAN_POINT('',(960.,20.,470.));
#8595 = VECTOR('',#8596,1.);
#8596 = DIRECTION('',(0.,0.,1.));
#8597 = ORIENTED_EDGE('',*,*,#8598,.F.);
#8598 = EDGE_CURVE('',#8575,#8591,#8599,.T.);
#8599 = LINE('',#8600,#8601);
#8600 = CARTESIAN_POINT('',(960.,-40.,510.));
#8601 = VECTOR('',#8602,1.);
#8602 = DIRECTION('',(-0.,1.,0.));
#8603 = PLANE('',#8604);
#8604 = AXIS2_PLACEMENT_3D('',#8605,#8606,#8607);
#8605 = CARTESIAN_POINT('',(960.,-40.,470.));
#8606 = DIRECTION('',(1.,0.,-0.));
#8607 = DIRECTION('',(0.,0.,1.));
#8608 = ADVANCED_FACE('',(#8609),#8643,.T.);
#8609 = FACE_BOUND('',#8610,.T.);
#8610 = EDGE_LOOP('',(#8611,#8621,#8629,#8637));
#8611 = ORIENTED_EDGE('',*,*,#8612,.F.);
#8612 = EDGE_CURVE('',#8613,#8615,#8617,.T.);
#8613 = VERTEX_POINT('',#8614);
#8614 = CARTESIAN_POINT('',(1.04E+03,-40.,470.));
#8615 = VERTEX_POINT('',#8616);
#8616 = CARTESIAN_POINT('',(1.04E+03,-40.,510.));
#8617 = LINE('',#8618,#8619);
#8618 = CARTESIAN_POINT('',(1.04E+03,-40.,470.));
#8619 = VECTOR('',#8620,1.);
#8620 = DIRECTION('',(0.,0.,1.));
#8621 = ORIENTED_EDGE('',*,*,#8622,.T.);
#8622 = EDGE_CURVE('',#8613,#8623,#8625,.T.);
#8623 = VERTEX_POINT('',#8624);
#8624 = CARTESIAN_POINT('',(1.04E+03,20.,470.));
#8625 = LINE('',#8626,#8627);
#8626 = CARTESIAN_POINT('',(1.04E+03,-40.,470.));
#8627 = VECTOR('',#8628,1.);
#8628 = DIRECTION('',(-0.,1.,0.));
#8629 = ORIENTED_EDGE('',*,*,#8630,.T.);
#8630 = EDGE_CURVE('',#8623,#8631,#8633,.T.);
#8631 = VERTEX_POINT('',#8632);
#8632 = CARTESIAN_POINT('',(1.04E+03,20.,510.));
#8633 = LINE('',#8634,#8635);
#8634 = CARTESIAN_POINT('',(1.04E+03,20.,470.));
#8635 = VECTOR('',#8636,1.);
#8636 = DIRECTION('',(0.,0.,1.));
#8637 = ORIENTED_EDGE('',*,*,#8638,.F.);
#8638 = EDGE_CURVE('',#8615,#8631,#8639,.T.);
#8639 = LINE('',#8640,#8641);
#8640 = CARTESIAN_POINT('',(1.04E+03,-40.,510.));
#8641 = VECTOR('',#8642,1.);
#8642 = DIRECTION('',(-0.,1.,0.));
#8643 = PLANE('',#8644);
#8644 = AXIS2_PLACEMENT_3D('',#8645,#8646,#8647);
#8645 = CARTESIAN_POINT('',(1.04E+03,-40.,470.));
#8646 = DIRECTION('',(1.,0.,-0.));
#8647 = DIRECTION('',(0.,0.,1.));
#8648 = ADVANCED_FACE('',(#8649),#8665,.F.);
#8649 = FACE_BOUND('',#8650,.F.);
#8650 = EDGE_LOOP('',(#8651,#8657,#8658,#8664));
#8651 = ORIENTED_EDGE('',*,*,#8652,.F.);
#8652 = EDGE_CURVE('',#8573,#8613,#8653,.T.);
#8653 = LINE('',#8654,#8655);
#8654 = CARTESIAN_POINT('',(960.,-40.,470.));
#8655 = VECTOR('',#8656,1.);
#8656 = DIRECTION('',(1.,0.,-0.));
#8657 = ORIENTED_EDGE('',*,*,#8572,.T.);
#8658 = ORIENTED_EDGE('',*,*,#8659,.T.);
#8659 = EDGE_CURVE('',#8575,#8615,#8660,.T.);
#8660 = LINE('',#8661,#8662);
#8661 = CARTESIAN_POINT('',(960.,-40.,510.));
#8662 = VECTOR('',#8663,1.);
#8663 = DIRECTION('',(1.,0.,-0.));
#8664 = ORIENTED_EDGE('',*,*,#8612,.F.);
#8665 = PLANE('',#8666);
#8666 = AXIS2_PLACEMENT_3D('',#8667,#8668,#8669);
#8667 = CARTESIAN_POINT('',(960.,-40.,470.));
#8668 = DIRECTION('',(-0.,1.,0.));
#8669 = DIRECTION('',(0.,0.,1.));
#8670 = ADVANCED_FACE('',(#8671),#8687,.T.);
#8671 = FACE_BOUND('',#8672,.T.);
#8672 = EDGE_LOOP('',(#8673,#8679,#8680,#8686));
#8673 = ORIENTED_EDGE('',*,*,#8674,.F.);
#8674 = EDGE_CURVE('',#8583,#8623,#8675,.T.);
#8675 = LINE('',#8676,#8677);
#8676 = CARTESIAN_POINT('',(960.,20.,470.));
#8677 = VECTOR('',#8678,1.);
#8678 = DIRECTION('',(1.,0.,-0.));
#8679 = ORIENTED_EDGE('',*,*,#8590,.T.);
#8680 = ORIENTED_EDGE('',*,*,#8681,.T.);
#8681 = EDGE_CURVE('',#8591,#8631,#8682,.T.);
#8682 = LINE('',#8683,#8684);
#8683 = CARTESIAN_POINT('',(960.,20.,510.));
#8684 = VECTOR('',#8685,1.);
#8685 = DIRECTION('',(1.,0.,-0.));
#8686 = ORIENTED_EDGE('',*,*,#8630,.F.);
#8687 = PLANE('',#8688);
#8688 = AXIS2_PLACEMENT_3D('',#8689,#8690,#8691);
#8689 = CARTESIAN_POINT('',(960.,20.,470.));
#8690 = DIRECTION('',(-0.,1.,0.));
#8691 = DIRECTION('',(0.,0.,1.));
#8692 = ADVANCED_FACE('',(#8693),#8699,.F.);
#8693 = FACE_BOUND('',#8694,.F.);
#8694 = EDGE_LOOP('',(#8695,#8696,#8697,#8698));
#8695 = ORIENTED_EDGE('',*,*,#8582,.F.);
#8696 = ORIENTED_EDGE('',*,*,#8652,.T.);
#8697 = ORIENTED_EDGE('',*,*,#8622,.T.);
#8698 = ORIENTED_EDGE('',*,*,#8674,.F.);
#8699 = PLANE('',#8700);
#8700 = AXIS2_PLACEMENT_3D('',#8701,#8702,#8703);
#8701 = CARTESIAN_POINT('',(960.,-40.,470.));
#8702 = DIRECTION('',(0.,0.,1.));
#8703 = DIRECTION('',(1.,0.,-0.));
#8704 = ADVANCED_FACE('',(#8705),#8711,.T.);
#8705 = FACE_BOUND('',#8706,.T.);
#8706 = EDGE_LOOP('',(#8707,#8708,#8709,#8710));
#8707 = ORIENTED_EDGE('',*,*,#8598,.F.);
#8708 = ORIENTED_EDGE('',*,*,#8659,.T.);
#8709 = ORIENTED_EDGE('',*,*,#8638,.T.);
#8710 = ORIENTED_EDGE('',*,*,#8681,.F.);
#8711 = PLANE('',#8712);
#8712 = AXIS2_PLACEMENT_3D('',#8713,#8714,#8715);
#8713 = CARTESIAN_POINT('',(960.,-40.,510.));
#8714 = DIRECTION('',(0.,0.,1.));
#8715 = DIRECTION('',(1.,0.,-0.));
#8716 = ( GEOMETRIC_REPRESENTATION_CONTEXT(3) 
GLOBAL_UNCERTAINTY_ASSIGNED_CONTEXT((#8720)) 
GLOBAL_UNIT_ASSIGNED_CONTEXT((#8717,#8718,#8719)) REPRESENTATION_CONTEXT
('Context #1','3D Context with UNIT and UNCERTAINTY') );
#8717 = ( LENGTH_UNIT() NAMED_UNIT(*) SI_UNIT(.MILLI.,.METRE.) );
#8718 = ( NAMED_UNIT(*) PLANE_ANGLE_UNIT() SI_UNIT($,.RADIAN.) );
#8719 = ( NAMED_UNIT(*) SI_UNIT($,.STERADIAN.) SOLID_ANGLE_UNIT() );
#8720 = UNCERTAINTY_MEASURE_WITH_UNIT(LENGTH_MEASURE(1.E-07),#8717,
  'distance_accuracy_value','confusion accuracy');
#8721 = CONTEXT_DEPENDENT_SHAPE_REPRESENTATION(#8722,#8724);
#8722 = ( REPRESENTATION_RELATIONSHIP('','',#8565,#10) 
REPRESENTATION_RELATIONSHIP_WITH_TRANSFORMATION(#8723) 
SHAPE_REPRESENTATION_RELATIONSHIP() );
#8723 = ITEM_DEFINED_TRANSFORMATION('','',#11,#175);
#8724 = PRODUCT_DEFINITION_SHAPE('Placement','Placement of an item',
  #8725);
#8725 = NEXT_ASSEMBLY_USAGE_OCCURRENCE('41','7_单向阀','',#5,#8560,$
  );
#8726 = PRODUCT_RELATED_PRODUCT_CATEGORY('part',$,(#8562));
#8727 = SHAPE_DEFINITION_REPRESENTATION(#8728,#8734);
#8728 = PRODUCT_DEFINITION_SHAPE('','',#8729);
#8729 = PRODUCT_DEFINITION('design','',#8730,#8733);
#8730 = PRODUCT_DEFINITION_FORMATION('','',#8731);
#8731 = PRODUCT('9_压力传感器与压力表组(9,14)',
  '9_压力传感器与压力表组(9,14)','',(#8732));
#8732 = PRODUCT_CONTEXT('',#2,'mechanical');
#8733 = PRODUCT_DEFINITION_CONTEXT('part definition',#2,'design');
#8734 = SHAPE_REPRESENTATION('',(#11,#8735,#8788,#8841,#8894),#8947);
#8735 = MANIFOLD_SOLID_BREP('',#8736);
#8736 = CLOSED_SHELL('',(#8737,#8770,#8779));
#8737 = ADVANCED_FACE('',(#8738),#8765,.T.);
#8738 = FACE_BOUND('',#8739,.T.);
#8739 = EDGE_LOOP('',(#8740,#8749,#8757,#8764));
#8740 = ORIENTED_EDGE('',*,*,#8741,.F.);
#8741 = EDGE_CURVE('',#8742,#8742,#8744,.T.);
#8742 = VERTEX_POINT('',#8743);
#8743 = CARTESIAN_POINT('',(1.58E+03,20.,730.));
#8744 = CIRCLE('',#8745,30.);
#8745 = AXIS2_PLACEMENT_3D('',#8746,#8747,#8748);
#8746 = CARTESIAN_POINT('',(1.58E+03,20.,700.));
#8747 = DIRECTION('',(0.,1.,0.));
#8748 = DIRECTION('',(0.,-0.,1.));
#8749 = ORIENTED_EDGE('',*,*,#8750,.F.);
#8750 = EDGE_CURVE('',#8751,#8742,#8753,.T.);
#8751 = VERTEX_POINT('',#8752);
#8752 = CARTESIAN_POINT('',(1.58E+03,-10.,730.));
#8753 = LINE('',#8754,#8755);
#8754 = CARTESIAN_POINT('',(1.58E+03,-10.,730.));
#8755 = VECTOR('',#8756,1.);
#8756 = DIRECTION('',(0.,1.,0.));
#8757 = ORIENTED_EDGE('',*,*,#8758,.T.);
#8758 = EDGE_CURVE('',#8751,#8751,#8759,.T.);
#8759 = CIRCLE('',#8760,30.);
#8760 = AXIS2_PLACEMENT_3D('',#8761,#8762,#8763);
#8761 = CARTESIAN_POINT('',(1.58E+03,-10.,700.));
#8762 = DIRECTION('',(0.,1.,0.));
#8763 = DIRECTION('',(0.,-0.,1.));
#8764 = ORIENTED_EDGE('',*,*,#8750,.T.);
#8765 = CYLINDRICAL_SURFACE('',#8766,30.);
#8766 = AXIS2_PLACEMENT_3D('',#8767,#8768,#8769);
#8767 = CARTESIAN_POINT('',(1.58E+03,-10.,700.));
#8768 = DIRECTION('',(0.,1.,0.));
#8769 = DIRECTION('',(0.,-0.,1.));
#8770 = ADVANCED_FACE('',(#8771),#8774,.T.);
#8771 = FACE_BOUND('',#8772,.T.);
#8772 = EDGE_LOOP('',(#8773));
#8773 = ORIENTED_EDGE('',*,*,#8741,.T.);
#8774 = PLANE('',#8775);
#8775 = AXIS2_PLACEMENT_3D('',#8776,#8777,#8778);
#8776 = CARTESIAN_POINT('',(1.58E+03,20.,700.));
#8777 = DIRECTION('',(0.,1.,0.));
#8778 = DIRECTION('',(0.,-0.,1.));
#8779 = ADVANCED_FACE('',(#8780),#8783,.F.);
#8780 = FACE_BOUND('',#8781,.T.);
#8781 = EDGE_LOOP('',(#8782));
#8782 = ORIENTED_EDGE('',*,*,#8758,.F.);
#8783 = PLANE('',#8784);
#8784 = AXIS2_PLACEMENT_3D('',#8785,#8786,#8787);
#8785 = CARTESIAN_POINT('',(1.58E+03,-10.,700.));
#8786 = DIRECTION('',(0.,1.,0.));
#8787 = DIRECTION('',(0.,-0.,1.));
#8788 = MANIFOLD_SOLID_BREP('',#8789);
#8789 = CLOSED_SHELL('',(#8790,#8823,#8832));
#8790 = ADVANCED_FACE('',(#8791),#8818,.T.);
#8791 = FACE_BOUND('',#8792,.T.);
#8792 = EDGE_LOOP('',(#8793,#8802,#8810,#8817));
#8793 = ORIENTED_EDGE('',*,*,#8794,.F.);
#8794 = EDGE_CURVE('',#8795,#8795,#8797,.T.);
#8795 = VERTEX_POINT('',#8796);
#8796 = CARTESIAN_POINT('',(1.58E+03,20.,620.));
#8797 = CIRCLE('',#8798,30.);
#8798 = AXIS2_PLACEMENT_3D('',#8799,#8800,#8801);
#8799 = CARTESIAN_POINT('',(1.58E+03,20.,590.));
#8800 = DIRECTION('',(0.,1.,0.));
#8801 = DIRECTION('',(0.,-0.,1.));
#8802 = ORIENTED_EDGE('',*,*,#8803,.F.);
#8803 = EDGE_CURVE('',#8804,#8795,#8806,.T.);
#8804 = VERTEX_POINT('',#8805);
#8805 = CARTESIAN_POINT('',(1.58E+03,-10.,620.));
#8806 = LINE('',#8807,#8808);
#8807 = CARTESIAN_POINT('',(1.58E+03,-10.,620.));
#8808 = VECTOR('',#8809,1.);
#8809 = DIRECTION('',(0.,1.,0.));
#8810 = ORIENTED_EDGE('',*,*,#8811,.T.);
#8811 = EDGE_CURVE('',#8804,#8804,#8812,.T.);
#8812 = CIRCLE('',#8813,30.);
#8813 = AXIS2_PLACEMENT_3D('',#8814,#8815,#8816);
#8814 = CARTESIAN_POINT('',(1.58E+03,-10.,590.));
#8815 = DIRECTION('',(0.,1.,0.));
#8816 = DIRECTION('',(0.,-0.,1.));
#8817 = ORIENTED_EDGE('',*,*,#8803,.T.);
#8818 = CYLINDRICAL_SURFACE('',#8819,30.);
#8819 = AXIS2_PLACEMENT_3D('',#8820,#8821,#8822);
#8820 = CARTESIAN_POINT('',(1.58E+03,-10.,590.));
#8821 = DIRECTION('',(0.,1.,0.));
#8822 = DIRECTION('',(0.,-0.,1.));
#8823 = ADVANCED_FACE('',(#8824),#8827,.T.);
#8824 = FACE_BOUND('',#8825,.T.);
#8825 = EDGE_LOOP('',(#8826));
#8826 = ORIENTED_EDGE('',*,*,#8794,.T.);
#8827 = PLANE('',#8828);
#8828 = AXIS2_PLACEMENT_3D('',#8829,#8830,#8831);
#8829 = CARTESIAN_POINT('',(1.58E+03,20.,590.));
#8830 = DIRECTION('',(0.,1.,0.));
#8831 = DIRECTION('',(0.,-0.,1.));
#8832 = ADVANCED_FACE('',(#8833),#8836,.F.);
#8833 = FACE_BOUND('',#8834,.T.);
#8834 = EDGE_LOOP('',(#8835));
#8835 = ORIENTED_EDGE('',*,*,#8811,.F.);
#8836 = PLANE('',#8837);
#8837 = AXIS2_PLACEMENT_3D('',#8838,#8839,#8840);
#8838 = CARTESIAN_POINT('',(1.58E+03,-10.,590.));
#8839 = DIRECTION('',(0.,1.,0.));
#8840 = DIRECTION('',(0.,-0.,1.));
#8841 = MANIFOLD_SOLID_BREP('',#8842);
#8842 = CLOSED_SHELL('',(#8843,#8876,#8885));
#8843 = ADVANCED_FACE('',(#8844),#8871,.T.);
#8844 = FACE_BOUND('',#8845,.T.);
#8845 = EDGE_LOOP('',(#8846,#8855,#8863,#8870));
#8846 = ORIENTED_EDGE('',*,*,#8847,.F.);
#8847 = EDGE_CURVE('',#8848,#8848,#8850,.T.);
#8848 = VERTEX_POINT('',#8849);
#8849 = CARTESIAN_POINT('',(1.58E+03,20.,510.));
#8850 = CIRCLE('',#8851,30.);
#8851 = AXIS2_PLACEMENT_3D('',#8852,#8853,#8854);
#8852 = CARTESIAN_POINT('',(1.58E+03,20.,480.));
#8853 = DIRECTION('',(0.,1.,0.));
#8854 = DIRECTION('',(0.,-0.,1.));
#8855 = ORIENTED_EDGE('',*,*,#8856,.F.);
#8856 = EDGE_CURVE('',#8857,#8848,#8859,.T.);
#8857 = VERTEX_POINT('',#8858);
#8858 = CARTESIAN_POINT('',(1.58E+03,-10.,510.));
#8859 = LINE('',#8860,#8861);
#8860 = CARTESIAN_POINT('',(1.58E+03,-10.,510.));
#8861 = VECTOR('',#8862,1.);
#8862 = DIRECTION('',(0.,1.,0.));
#8863 = ORIENTED_EDGE('',*,*,#8864,.T.);
#8864 = EDGE_CURVE('',#8857,#8857,#8865,.T.);
#8865 = CIRCLE('',#8866,30.);
#8866 = AXIS2_PLACEMENT_3D('',#8867,#8868,#8869);
#8867 = CARTESIAN_POINT('',(1.58E+03,-10.,480.));
#8868 = DIRECTION('',(0.,1.,0.));
#8869 = DIRECTION('',(0.,-0.,1.));
#8870 = ORIENTED_EDGE('',*,*,#8856,.T.);
#8871 = CYLINDRICAL_SURFACE('',#8872,30.);
#8872 = AXIS2_PLACEMENT_3D('',#8873,#8874,#8875);
#8873 = CARTESIAN_POINT('',(1.58E+03,-10.,480.));
#8874 = DIRECTION('',(0.,1.,0.));
#8875 = DIRECTION('',(0.,-0.,1.));
#8876 = ADVANCED_FACE('',(#8877),#8880,.T.);
#8877 = FACE_BOUND('',#8878,.T.);
#8878 = EDGE_LOOP('',(#8879));
#8879 = ORIENTED_EDGE('',*,*,#8847,.T.);
#8880 = PLANE('',#8881);
#8881 = AXIS2_PLACEMENT_3D('',#8882,#8883,#8884);
#8882 = CARTESIAN_POINT('',(1.58E+03,20.,480.));
#8883 = DIRECTION('',(0.,1.,0.));
#8884 = DIRECTION('',(0.,-0.,1.));
#8885 = ADVANCED_FACE('',(#8886),#8889,.F.);
#8886 = FACE_BOUND('',#8887,.T.);
#8887 = EDGE_LOOP('',(#8888));
#8888 = ORIENTED_EDGE('',*,*,#8864,.F.);
#8889 = PLANE('',#8890);
#8890 = AXIS2_PLACEMENT_3D('',#8891,#8892,#8893);
#8891 = CARTESIAN_POINT('',(1.58E+03,-10.,480.));
#8892 = DIRECTION('',(0.,1.,0.));
#8893 = DIRECTION('',(0.,-0.,1.));
#8894 = MANIFOLD_SOLID_BREP('',#8895);
#8895 = CLOSED_SHELL('',(#8896,#8929,#8938));
#8896 = ADVANCED_FACE('',(#8897),#8924,.T.);
#8897 = FACE_BOUND('',#8898,.T.);
#8898 = EDGE_LOOP('',(#8899,#8908,#8916,#8923));
#8899 = ORIENTED_EDGE('',*,*,#8900,.F.);
#8900 = EDGE_CURVE('',#8901,#8901,#8903,.T.);
#8901 = VERTEX_POINT('',#8902);
#8902 = CARTESIAN_POINT('',(1.58E+03,20.,400.));
#8903 = CIRCLE('',#8904,30.);
#8904 = AXIS2_PLACEMENT_3D('',#8905,#8906,#8907);
#8905 = CARTESIAN_POINT('',(1.58E+03,20.,370.));
#8906 = DIRECTION('',(0.,1.,0.));
#8907 = DIRECTION('',(0.,-0.,1.));
#8908 = ORIENTED_EDGE('',*,*,#8909,.F.);
#8909 = EDGE_CURVE('',#8910,#8901,#8912,.T.);
#8910 = VERTEX_POINT('',#8911);
#8911 = CARTESIAN_POINT('',(1.58E+03,-10.,400.));
#8912 = LINE('',#8913,#8914);
#8913 = CARTESIAN_POINT('',(1.58E+03,-10.,400.));
#8914 = VECTOR('',#8915,1.);
#8915 = DIRECTION('',(0.,1.,0.));
#8916 = ORIENTED_EDGE('',*,*,#8917,.T.);
#8917 = EDGE_CURVE('',#8910,#8910,#8918,.T.);
#8918 = CIRCLE('',#8919,30.);
#8919 = AXIS2_PLACEMENT_3D('',#8920,#8921,#8922);
#8920 = CARTESIAN_POINT('',(1.58E+03,-10.,370.));
#8921 = DIRECTION('',(0.,1.,0.));
#8922 = DIRECTION('',(0.,-0.,1.));
#8923 = ORIENTED_EDGE('',*,*,#8909,.T.);
#8924 = CYLINDRICAL_SURFACE('',#8925,30.);
#8925 = AXIS2_PLACEMENT_3D('',#8926,#8927,#8928);
#8926 = CARTESIAN_POINT('',(1.58E+03,-10.,370.));
#8927 = DIRECTION('',(0.,1.,0.));
#8928 = DIRECTION('',(0.,-0.,1.));
#8929 = ADVANCED_FACE('',(#8930),#8933,.T.);
#8930 = FACE_BOUND('',#8931,.T.);
#8931 = EDGE_LOOP('',(#8932));
#8932 = ORIENTED_EDGE('',*,*,#8900,.T.);
#8933 = PLANE('',#8934);
#8934 = AXIS2_PLACEMENT_3D('',#8935,#8936,#8937);
#8935 = CARTESIAN_POINT('',(1.58E+03,20.,370.));
#8936 = DIRECTION('',(0.,1.,0.));
#8937 = DIRECTION('',(0.,-0.,1.));
#8938 = ADVANCED_FACE('',(#8939),#8942,.F.);
#8939 = FACE_BOUND('',#8940,.T.);
#8940 = EDGE_LOOP('',(#8941));
#8941 = ORIENTED_EDGE('',*,*,#8917,.F.);
#8942 = PLANE('',#8943);
#8943 = AXIS2_PLACEMENT_3D('',#8944,#8945,#8946);
#8944 = CARTESIAN_POINT('',(1.58E+03,-10.,370.));
#8945 = DIRECTION('',(0.,1.,0.));
#8946 = DIRECTION('',(0.,-0.,1.));
#8947 = ( GEOMETRIC_REPRESENTATION_CONTEXT(3) 
GLOBAL_UNCERTAINTY_ASSIGNED_CONTEXT((#8951)) 
GLOBAL_UNIT_ASSIGNED_CONTEXT((#8948,#8949,#8950)) REPRESENTATION_CONTEXT
('Context #1','3D Context with UNIT and UNCERTAINTY') );
#8948 = ( LENGTH_UNIT() NAMED_UNIT(*) SI_UNIT(.MILLI.,.METRE.) );
#8949 = ( NAMED_UNIT(*) PLANE_ANGLE_UNIT() SI_UNIT($,.RADIAN.) );
#8950 = ( NAMED_UNIT(*) SI_UNIT($,.STERADIAN.) SOLID_ANGLE_UNIT() );
#8951 = UNCERTAINTY_MEASURE_WITH_UNIT(LENGTH_MEASURE(1.E-07),#8948,
  'distance_accuracy_value','confusion accuracy');
#8952 = CONTEXT_DEPENDENT_SHAPE_REPRESENTATION(#8953,#8955);
#8953 = ( REPRESENTATION_RELATIONSHIP('','',#8734,#10) 
REPRESENTATION_RELATIONSHIP_WITH_TRANSFORMATION(#8954) 
SHAPE_REPRESENTATION_RELATIONSHIP() );
#8954 = ITEM_DEFINED_TRANSFORMATION('','',#11,#179);
#8955 = PRODUCT_DEFINITION_SHAPE('Placement','Placement of an item',
  #8956);
#8956 = NEXT_ASSEMBLY_USAGE_OCCURRENCE('42',
  '9_压力传感器与压力表组(9,14)','',#5,#8729,$);
#8957 = PRODUCT_RELATED_PRODUCT_CATEGORY('part',$,(#8731));
#8958 = SHAPE_DEFINITION_REPRESENTATION(#8959,#8965);
#8959 = PRODUCT_DEFINITION_SHAPE('','',#8960);
#8960 = PRODUCT_DEFINITION('design','',#8961,#8964);
#8961 = PRODUCT_DEFINITION_FORMATION('','',#8962);
#8962 = PRODUCT('27_电控柜(PLC控制器)',
  '27_电控柜(PLC控制器)','',(#8963));
#8963 = PRODUCT_CONTEXT('',#2,'mechanical');
#8964 = PRODUCT_DEFINITION_CONTEXT('part definition',#2,'design');
#8965 = ADVANCED_BREP_SHAPE_REPRESENTATION('',(#11,#8966),#9116);
#8966 = MANIFOLD_SOLID_BREP('',#8967);
#8967 = CLOSED_SHELL('',(#8968,#9008,#9048,#9070,#9092,#9104));
#8968 = ADVANCED_FACE('',(#8969),#9003,.F.);
#8969 = FACE_BOUND('',#8970,.F.);
#8970 = EDGE_LOOP('',(#8971,#8981,#8989,#8997));
#8971 = ORIENTED_EDGE('',*,*,#8972,.F.);
#8972 = EDGE_CURVE('',#8973,#8975,#8977,.T.);
#8973 = VERTEX_POINT('',#8974);
#8974 = CARTESIAN_POINT('',(20.,40.,870.));
#8975 = VERTEX_POINT('',#8976);
#8976 = CARTESIAN_POINT('',(20.,40.,1.3E+03));
#8977 = LINE('',#8978,#8979);
#8978 = CARTESIAN_POINT('',(20.,40.,870.));
#8979 = VECTOR('',#8980,1.);
#8980 = DIRECTION('',(0.,0.,1.));
#8981 = ORIENTED_EDGE('',*,*,#8982,.T.);
#8982 = EDGE_CURVE('',#8973,#8983,#8985,.T.);
#8983 = VERTEX_POINT('',#8984);
#8984 = CARTESIAN_POINT('',(20.,300.,870.));
#8985 = LINE('',#8986,#8987);
#8986 = CARTESIAN_POINT('',(20.,40.,870.));
#8987 = VECTOR('',#8988,1.);
#8988 = DIRECTION('',(-0.,1.,0.));
#8989 = ORIENTED_EDGE('',*,*,#8990,.T.);
#8990 = EDGE_CURVE('',#8983,#8991,#8993,.T.);
#8991 = VERTEX_POINT('',#8992);
#8992 = CARTESIAN_POINT('',(20.,300.,1.3E+03));
#8993 = LINE('',#8994,#8995);
#8994 = CARTESIAN_POINT('',(20.,300.,870.));
#8995 = VECTOR('',#8996,1.);
#8996 = DIRECTION('',(0.,0.,1.));
#8997 = ORIENTED_EDGE('',*,*,#8998,.F.);
#8998 = EDGE_CURVE('',#8975,#8991,#8999,.T.);
#8999 = LINE('',#9000,#9001);
#9000 = CARTESIAN_POINT('',(20.,40.,1.3E+03));
#9001 = VECTOR('',#9002,1.);
#9002 = DIRECTION('',(-0.,1.,0.));
#9003 = PLANE('',#9004);
#9004 = AXIS2_PLACEMENT_3D('',#9005,#9006,#9007);
#9005 = CARTESIAN_POINT('',(20.,40.,870.));
#9006 = DIRECTION('',(1.,0.,-0.));
#9007 = DIRECTION('',(0.,0.,1.));
#9008 = ADVANCED_FACE('',(#9009),#9043,.T.);
#9009 = FACE_BOUND('',#9010,.T.);
#9010 = EDGE_LOOP('',(#9011,#9021,#9029,#9037));
#9011 = ORIENTED_EDGE('',*,*,#9012,.F.);
#9012 = EDGE_CURVE('',#9013,#9015,#9017,.T.);
#9013 = VERTEX_POINT('',#9014);
#9014 = CARTESIAN_POINT('',(180.,40.,870.));
#9015 = VERTEX_POINT('',#9016);
#9016 = CARTESIAN_POINT('',(180.,40.,1.3E+03));
#9017 = LINE('',#9018,#9019);
#9018 = CARTESIAN_POINT('',(180.,40.,870.));
#9019 = VECTOR('',#9020,1.);
#9020 = DIRECTION('',(0.,0.,1.));
#9021 = ORIENTED_EDGE('',*,*,#9022,.T.);
#9022 = EDGE_CURVE('',#9013,#9023,#9025,.T.);
#9023 = VERTEX_POINT('',#9024);
#9024 = CARTESIAN_POINT('',(180.,300.,870.));
#9025 = LINE('',#9026,#9027);
#9026 = CARTESIAN_POINT('',(180.,40.,870.));
#9027 = VECTOR('',#9028,1.);
#9028 = DIRECTION('',(-0.,1.,0.));
#9029 = ORIENTED_EDGE('',*,*,#9030,.T.);
#9030 = EDGE_CURVE('',#9023,#9031,#9033,.T.);
#9031 = VERTEX_POINT('',#9032);
#9032 = CARTESIAN_POINT('',(180.,300.,1.3E+03));
#9033 = LINE('',#9034,#9035);
#9034 = CARTESIAN_POINT('',(180.,300.,870.));
#9035 = VECTOR('',#9036,1.);
#9036 = DIRECTION('',(0.,0.,1.));
#9037 = ORIENTED_EDGE('',*,*,#9038,.F.);
#9038 = EDGE_CURVE('',#9015,#9031,#9039,.T.);
#9039 = LINE('',#9040,#9041);
#9040 = CARTESIAN_POINT('',(180.,40.,1.3E+03));
#9041 = VECTOR('',#9042,1.);
#9042 = DIRECTION('',(-0.,1.,0.));
#9043 = PLANE('',#9044);
#9044 = AXIS2_PLACEMENT_3D('',#9045,#9046,#9047);
#9045 = CARTESIAN_POINT('',(180.,40.,870.));
#9046 = DIRECTION('',(1.,0.,-0.));
#9047 = DIRECTION('',(0.,0.,1.));
#9048 = ADVANCED_FACE('',(#9049),#9065,.F.);
#9049 = FACE_BOUND('',#9050,.F.);
#9050 = EDGE_LOOP('',(#9051,#9057,#9058,#9064));
#9051 = ORIENTED_EDGE('',*,*,#9052,.F.);
#9052 = EDGE_CURVE('',#8973,#9013,#9053,.T.);
#9053 = LINE('',#9054,#9055);
#9054 = CARTESIAN_POINT('',(20.,40.,870.));
#9055 = VECTOR('',#9056,1.);
#9056 = DIRECTION('',(1.,0.,-0.));
#9057 = ORIENTED_EDGE('',*,*,#8972,.T.);
#9058 = ORIENTED_EDGE('',*,*,#9059,.T.);
#9059 = EDGE_CURVE('',#8975,#9015,#9060,.T.);
#9060 = LINE('',#9061,#9062);
#9061 = CARTESIAN_POINT('',(20.,40.,1.3E+03));
#9062 = VECTOR('',#9063,1.);
#9063 = DIRECTION('',(1.,0.,-0.));
#9064 = ORIENTED_EDGE('',*,*,#9012,.F.);
#9065 = PLANE('',#9066);
#9066 = AXIS2_PLACEMENT_3D('',#9067,#9068,#9069);
#9067 = CARTESIAN_POINT('',(20.,40.,870.));
#9068 = DIRECTION('',(-0.,1.,0.));
#9069 = DIRECTION('',(0.,0.,1.));
#9070 = ADVANCED_FACE('',(#9071),#9087,.T.);
#9071 = FACE_BOUND('',#9072,.T.);
#9072 = EDGE_LOOP('',(#9073,#9079,#9080,#9086));
#9073 = ORIENTED_EDGE('',*,*,#9074,.F.);
#9074 = EDGE_CURVE('',#8983,#9023,#9075,.T.);
#9075 = LINE('',#9076,#9077);
#9076 = CARTESIAN_POINT('',(20.,300.,870.));
#9077 = VECTOR('',#9078,1.);
#9078 = DIRECTION('',(1.,0.,-0.));
#9079 = ORIENTED_EDGE('',*,*,#8990,.T.);
#9080 = ORIENTED_EDGE('',*,*,#9081,.T.);
#9081 = EDGE_CURVE('',#8991,#9031,#9082,.T.);
#9082 = LINE('',#9083,#9084);
#9083 = CARTESIAN_POINT('',(20.,300.,1.3E+03));
#9084 = VECTOR('',#9085,1.);
#9085 = DIRECTION('',(1.,0.,-0.));
#9086 = ORIENTED_EDGE('',*,*,#9030,.F.);
#9087 = PLANE('',#9088);
#9088 = AXIS2_PLACEMENT_3D('',#9089,#9090,#9091);
#9089 = CARTESIAN_POINT('',(20.,300.,870.));
#9090 = DIRECTION('',(-0.,1.,0.));
#9091 = DIRECTION('',(0.,0.,1.));
#9092 = ADVANCED_FACE('',(#9093),#9099,.F.);
#9093 = FACE_BOUND('',#9094,.F.);
#9094 = EDGE_LOOP('',(#9095,#9096,#9097,#9098));
#9095 = ORIENTED_EDGE('',*,*,#8982,.F.);
#9096 = ORIENTED_EDGE('',*,*,#9052,.T.);
#9097 = ORIENTED_EDGE('',*,*,#9022,.T.);
#9098 = ORIENTED_EDGE('',*,*,#9074,.F.);
#9099 = PLANE('',#9100);
#9100 = AXIS2_PLACEMENT_3D('',#9101,#9102,#9103);
#9101 = CARTESIAN_POINT('',(20.,40.,870.));
#9102 = DIRECTION('',(0.,0.,1.));
#9103 = DIRECTION('',(1.,0.,-0.));
#9104 = ADVANCED_FACE('',(#9105),#9111,.T.);
#9105 = FACE_BOUND('',#9106,.T.);
#9106 = EDGE_LOOP('',(#9107,#9108,#9109,#9110));
#9107 = ORIENTED_EDGE('',*,*,#8998,.F.);
#9108 = ORIENTED_EDGE('',*,*,#9059,.T.);
#9109 = ORIENTED_EDGE('',*,*,#9038,.T.);
#9110 = ORIENTED_EDGE('',*,*,#9081,.F.);
#9111 = PLANE('',#9112);
#9112 = AXIS2_PLACEMENT_3D('',#9113,#9114,#9115);
#9113 = CARTESIAN_POINT('',(20.,40.,1.3E+03));
#9114 = DIRECTION('',(0.,0.,1.));
#9115 = DIRECTION('',(1.,0.,-0.));
#9116 = ( GEOMETRIC_REPRESENTATION_CONTEXT(3) 
GLOBAL_UNCERTAINTY_ASSIGNED_CONTEXT((#9120)) 
GLOBAL_UNIT_ASSIGNED_CONTEXT((#9117,#9118,#9119)) REPRESENTATION_CONTEXT
('Context #1','3D Context with UNIT and UNCERTAINTY') );
#9117 = ( LENGTH_UNIT() NAMED_UNIT(*) SI_UNIT(.MILLI.,.METRE.) );
#9118 = ( NAMED_UNIT(*) PLANE_ANGLE_UNIT() SI_UNIT($,.RADIAN.) );
#9119 = ( NAMED_UNIT(*) SI_UNIT($,.STERADIAN.) SOLID_ANGLE_UNIT() );
#9120 = UNCERTAINTY_MEASURE_WITH_UNIT(LENGTH_MEASURE(1.E-07),#9117,
  'distance_accuracy_value','confusion accuracy');
#9121 = CONTEXT_DEPENDENT_SHAPE_REPRESENTATION(#9122,#9124);
#9122 = ( REPRESENTATION_RELATIONSHIP('','',#8965,#10) 
REPRESENTATION_RELATIONSHIP_WITH_TRANSFORMATION(#9123) 
SHAPE_REPRESENTATION_RELATIONSHIP() );
#9123 = ITEM_DEFINED_TRANSFORMATION('','',#11,#183);
#9124 = PRODUCT_DEFINITION_SHAPE('Placement','Placement of an item',
  #9125);
#9125 = NEXT_ASSEMBLY_USAGE_OCCURRENCE('43','27_电控柜(PLC控制器)'
  ,'',#5,#8960,$);
#9126 = PRODUCT_RELATED_PRODUCT_CATEGORY('part',$,(#8962));
#9127 = SHAPE_DEFINITION_REPRESENTATION(#9128,#9134);
#9128 = PRODUCT_DEFINITION_SHAPE('','',#9129);
#9129 = PRODUCT_DEFINITION('design','',#9130,#9133);
#9130 = PRODUCT_DEFINITION_FORMATION('','',#9131);
#9131 = PRODUCT('28_触摸屏/数控接口','28_触摸屏/数控接口',
  '',(#9132));
#9132 = PRODUCT_CONTEXT('',#2,'mechanical');
#9133 = PRODUCT_DEFINITION_CONTEXT('part definition',#2,'design');
#9134 = ADVANCED_BREP_SHAPE_REPRESENTATION('',(#11,#9135),#9285);
#9135 = MANIFOLD_SOLID_BREP('',#9136);
#9136 = CLOSED_SHELL('',(#9137,#9177,#9217,#9239,#9261,#9273));
#9137 = ADVANCED_FACE('',(#9138),#9172,.F.);
#9138 = FACE_BOUND('',#9139,.F.);
#9139 = EDGE_LOOP('',(#9140,#9150,#9158,#9166));
#9140 = ORIENTED_EDGE('',*,*,#9141,.F.);
#9141 = EDGE_CURVE('',#9142,#9144,#9146,.T.);
#9142 = VERTEX_POINT('',#9143);
#9143 = CARTESIAN_POINT('',(40.,30.,1.15E+03));
#9144 = VERTEX_POINT('',#9145);
#9145 = CARTESIAN_POINT('',(40.,30.,1.26E+03));
#9146 = LINE('',#9147,#9148);
#9147 = CARTESIAN_POINT('',(40.,30.,1.15E+03));
#9148 = VECTOR('',#9149,1.);
#9149 = DIRECTION('',(0.,0.,1.));
#9150 = ORIENTED_EDGE('',*,*,#9151,.T.);
#9151 = EDGE_CURVE('',#9142,#9152,#9154,.T.);
#9152 = VERTEX_POINT('',#9153);
#9153 = CARTESIAN_POINT('',(40.,40.,1.15E+03));
#9154 = LINE('',#9155,#9156);
#9155 = CARTESIAN_POINT('',(40.,30.,1.15E+03));
#9156 = VECTOR('',#9157,1.);
#9157 = DIRECTION('',(-0.,1.,0.));
#9158 = ORIENTED_EDGE('',*,*,#9159,.T.);
#9159 = EDGE_CURVE('',#9152,#9160,#9162,.T.);
#9160 = VERTEX_POINT('',#9161);
#9161 = CARTESIAN_POINT('',(40.,40.,1.26E+03));
#9162 = LINE('',#9163,#9164);
#9163 = CARTESIAN_POINT('',(40.,40.,1.15E+03));
#9164 = VECTOR('',#9165,1.);
#9165 = DIRECTION('',(0.,0.,1.));
#9166 = ORIENTED_EDGE('',*,*,#9167,.F.);
#9167 = EDGE_CURVE('',#9144,#9160,#9168,.T.);
#9168 = LINE('',#9169,#9170);
#9169 = CARTESIAN_POINT('',(40.,30.,1.26E+03));
#9170 = VECTOR('',#9171,1.);
#9171 = DIRECTION('',(-0.,1.,0.));
#9172 = PLANE('',#9173);
#9173 = AXIS2_PLACEMENT_3D('',#9174,#9175,#9176);
#9174 = CARTESIAN_POINT('',(40.,30.,1.15E+03));
#9175 = DIRECTION('',(1.,0.,-0.));
#9176 = DIRECTION('',(0.,0.,1.));
#9177 = ADVANCED_FACE('',(#9178),#9212,.T.);
#9178 = FACE_BOUND('',#9179,.T.);
#9179 = EDGE_LOOP('',(#9180,#9190,#9198,#9206));
#9180 = ORIENTED_EDGE('',*,*,#9181,.F.);
#9181 = EDGE_CURVE('',#9182,#9184,#9186,.T.);
#9182 = VERTEX_POINT('',#9183);
#9183 = CARTESIAN_POINT('',(160.,30.,1.15E+03));
#9184 = VERTEX_POINT('',#9185);
#9185 = CARTESIAN_POINT('',(160.,30.,1.26E+03));
#9186 = LINE('',#9187,#9188);
#9187 = CARTESIAN_POINT('',(160.,30.,1.15E+03));
#9188 = VECTOR('',#9189,1.);
#9189 = DIRECTION('',(0.,0.,1.));
#9190 = ORIENTED_EDGE('',*,*,#9191,.T.);
#9191 = EDGE_CURVE('',#9182,#9192,#9194,.T.);
#9192 = VERTEX_POINT('',#9193);
#9193 = CARTESIAN_POINT('',(160.,40.,1.15E+03));
#9194 = LINE('',#9195,#9196);
#9195 = CARTESIAN_POINT('',(160.,30.,1.15E+03));
#9196 = VECTOR('',#9197,1.);
#9197 = DIRECTION('',(-0.,1.,0.));
#9198 = ORIENTED_EDGE('',*,*,#9199,.T.);
#9199 = EDGE_CURVE('',#9192,#9200,#9202,.T.);
#9200 = VERTEX_POINT('',#9201);
#9201 = CARTESIAN_POINT('',(160.,40.,1.26E+03));
#9202 = LINE('',#9203,#9204);
#9203 = CARTESIAN_POINT('',(160.,40.,1.15E+03));
#9204 = VECTOR('',#9205,1.);
#9205 = DIRECTION('',(0.,0.,1.));
#9206 = ORIENTED_EDGE('',*,*,#9207,.F.);
#9207 = EDGE_CURVE('',#9184,#9200,#9208,.T.);
#9208 = LINE('',#9209,#9210);
#9209 = CARTESIAN_POINT('',(160.,30.,1.26E+03));
#9210 = VECTOR('',#9211,1.);
#9211 = DIRECTION('',(-0.,1.,0.));
#9212 = PLANE('',#9213);
#9213 = AXIS2_PLACEMENT_3D('',#9214,#9215,#9216);
#9214 = CARTESIAN_POINT('',(160.,30.,1.15E+03));
#9215 = DIRECTION('',(1.,0.,-0.));
#9216 = DIRECTION('',(0.,0.,1.));
#9217 = ADVANCED_FACE('',(#9218),#9234,.F.);
#9218 = FACE_BOUND('',#9219,.F.);
#9219 = EDGE_LOOP('',(#9220,#9226,#9227,#9233));
#9220 = ORIENTED_EDGE('',*,*,#9221,.F.);
#9221 = EDGE_CURVE('',#9142,#9182,#9222,.T.);
#9222 = LINE('',#9223,#9224);
#9223 = CARTESIAN_POINT('',(40.,30.,1.15E+03));
#9224 = VECTOR('',#9225,1.);
#9225 = DIRECTION('',(1.,0.,-0.));
#9226 = ORIENTED_EDGE('',*,*,#9141,.T.);
#9227 = ORIENTED_EDGE('',*,*,#9228,.T.);
#9228 = EDGE_CURVE('',#9144,#9184,#9229,.T.);
#9229 = LINE('',#9230,#9231);
#9230 = CARTESIAN_POINT('',(40.,30.,1.26E+03));
#9231 = VECTOR('',#9232,1.);
#9232 = DIRECTION('',(1.,0.,-0.));
#9233 = ORIENTED_EDGE('',*,*,#9181,.F.);
#9234 = PLANE('',#9235);
#9235 = AXIS2_PLACEMENT_3D('',#9236,#9237,#9238);
#9236 = CARTESIAN_POINT('',(40.,30.,1.15E+03));
#9237 = DIRECTION('',(-0.,1.,0.));
#9238 = DIRECTION('',(0.,0.,1.));
#9239 = ADVANCED_FACE('',(#9240),#9256,.T.);
#9240 = FACE_BOUND('',#9241,.T.);
#9241 = EDGE_LOOP('',(#9242,#9248,#9249,#9255));
#9242 = ORIENTED_EDGE('',*,*,#9243,.F.);
#9243 = EDGE_CURVE('',#9152,#9192,#9244,.T.);
#9244 = LINE('',#9245,#9246);
#9245 = CARTESIAN_POINT('',(40.,40.,1.15E+03));
#9246 = VECTOR('',#9247,1.);
#9247 = DIRECTION('',(1.,0.,-0.));
#9248 = ORIENTED_EDGE('',*,*,#9159,.T.);
#9249 = ORIENTED_EDGE('',*,*,#9250,.T.);
#9250 = EDGE_CURVE('',#9160,#9200,#9251,.T.);
#9251 = LINE('',#9252,#9253);
#9252 = CARTESIAN_POINT('',(40.,40.,1.26E+03));
#9253 = VECTOR('',#9254,1.);
#9254 = DIRECTION('',(1.,0.,-0.));
#9255 = ORIENTED_EDGE('',*,*,#9199,.F.);
#9256 = PLANE('',#9257);
#9257 = AXIS2_PLACEMENT_3D('',#9258,#9259,#9260);
#9258 = CARTESIAN_POINT('',(40.,40.,1.15E+03));
#9259 = DIRECTION('',(-0.,1.,0.));
#9260 = DIRECTION('',(0.,0.,1.));
#9261 = ADVANCED_FACE('',(#9262),#9268,.F.);
#9262 = FACE_BOUND('',#9263,.F.);
#9263 = EDGE_LOOP('',(#9264,#9265,#9266,#9267));
#9264 = ORIENTED_EDGE('',*,*,#9151,.F.);
#9265 = ORIENTED_EDGE('',*,*,#9221,.T.);
#9266 = ORIENTED_EDGE('',*,*,#9191,.T.);
#9267 = ORIENTED_EDGE('',*,*,#9243,.F.);
#9268 = PLANE('',#9269);
#9269 = AXIS2_PLACEMENT_3D('',#9270,#9271,#9272);
#9270 = CARTESIAN_POINT('',(40.,30.,1.15E+03));
#9271 = DIRECTION('',(0.,0.,1.));
#9272 = DIRECTION('',(1.,0.,-0.));
#9273 = ADVANCED_FACE('',(#9274),#9280,.T.);
#9274 = FACE_BOUND('',#9275,.T.);
#9275 = EDGE_LOOP('',(#9276,#9277,#9278,#9279));
#9276 = ORIENTED_EDGE('',*,*,#9167,.F.);
#9277 = ORIENTED_EDGE('',*,*,#9228,.T.);
#9278 = ORIENTED_EDGE('',*,*,#9207,.T.);
#9279 = ORIENTED_EDGE('',*,*,#9250,.F.);
#9280 = PLANE('',#9281);
#9281 = AXIS2_PLACEMENT_3D('',#9282,#9283,#9284);
#9282 = CARTESIAN_POINT('',(40.,30.,1.26E+03));
#9283 = DIRECTION('',(0.,0.,1.));
#9284 = DIRECTION('',(1.,0.,-0.));
#9285 = ( GEOMETRIC_REPRESENTATION_CONTEXT(3) 
GLOBAL_UNCERTAINTY_ASSIGNED_CONTEXT((#9289)) 
GLOBAL_UNIT_ASSIGNED_CONTEXT((#9286,#9287,#9288)) REPRESENTATION_CONTEXT
('Context #1','3D Context with UNIT and UNCERTAINTY') );
#9286 = ( LENGTH_UNIT() NAMED_UNIT(*) SI_UNIT(.MILLI.,.METRE.) );
#9287 = ( NAMED_UNIT(*) PLANE_ANGLE_UNIT() SI_UNIT($,.RADIAN.) );
#9288 = ( NAMED_UNIT(*) SI_UNIT($,.STERADIAN.) SOLID_ANGLE_UNIT() );
#9289 = UNCERTAINTY_MEASURE_WITH_UNIT(LENGTH_MEASURE(1.E-07),#9286,
  'distance_accuracy_value','confusion accuracy');
#9290 = CONTEXT_DEPENDENT_SHAPE_REPRESENTATION(#9291,#9293);
#9291 = ( REPRESENTATION_RELATIONSHIP('','',#9134,#10) 
REPRESENTATION_RELATIONSHIP_WITH_TRANSFORMATION(#9292) 
SHAPE_REPRESENTATION_RELATIONSHIP() );
#9292 = ITEM_DEFINED_TRANSFORMATION('','',#11,#187);
#9293 = PRODUCT_DEFINITION_SHAPE('Placement','Placement of an item',
  #9294);
#9294 = NEXT_ASSEMBLY_USAGE_OCCURRENCE('44','28_触摸屏/数控接口',
  '',#5,#9129,$);
#9295 = PRODUCT_RELATED_PRODUCT_CATEGORY('part',$,(#9131));
ENDSEC;
END-ISO-10303-21;
