ISO-10303-21;
HEADER;
FILE_DESCRIPTION(('FreeCAD Model'),'2;1');
FILE_NAME('Open CASCADE Shape Model','2026-10-01T11:24:30',('Author'),(
    ''),'Open CASCADE STEP processor 7.8','FreeCAD','Unknown');
FILE_SCHEMA(('AUTOMOTIVE_DESIGN { 1 0 10303 214 1 1 1 1 }'));
ENDSEC;
DATA;
#1 = APPLICATION_PROTOCOL_DEFINITION('international standard',
  'automotive_design',2000,#2);
#2 = APPLICATION_CONTEXT(
  'core data for automotive mechanical design processes');
#3 = SHAPE_DEFINITION_REPRESENTATION(#4,#10);
#4 = PRODUCT_DEFINITION_SHAPE('','',#5);
#5 = PRODUCT_DEFINITION('design','',#6,#9);
#6 = PRODUCT_DEFINITION_FORMATION('','',#7);
#7 = PRODUCT('CameraStation','CameraStation','',(#8));
#8 = PRODUCT_CONTEXT('',#2,'mechanical');
#9 = PRODUCT_DEFINITION_CONTEXT('part definition',#2,'design');
#10 = SHAPE_REPRESENTATION('',(#11,#15,#19,#23,#27,#31,#35,#39,#43,#47,
    #51,#55,#59),#63);
#11 = AXIS2_PLACEMENT_3D('',#12,#13,#14);
#12 = CARTESIAN_POINT('',(0.,0.,0.));
#13 = DIRECTION('',(0.,0.,1.));
#14 = DIRECTION('',(1.,0.,-0.));
#15 = AXIS2_PLACEMENT_3D('',#16,#17,#18);
#16 = CARTESIAN_POINT('',(0.,0.,0.));
#17 = DIRECTION('',(0.,0.,1.));
#18 = DIRECTION('',(1.,0.,0.));
#19 = AXIS2_PLACEMENT_3D('',#20,#21,#22);
#20 = CARTESIAN_POINT('',(0.,0.,0.));
#21 = DIRECTION('',(0.,0.,1.));
#22 = DIRECTION('',(1.,0.,0.));
#23 = AXIS2_PLACEMENT_3D('',#24,#25,#26);
#24 = CARTESIAN_POINT('',(0.,0.,0.));
#25 = DIRECTION('',(0.,0.,1.));
#26 = DIRECTION('',(1.,0.,0.));
#27 = AXIS2_PLACEMENT_3D('',#28,#29,#30);
#28 = CARTESIAN_POINT('',(0.,0.,0.));
#29 = DIRECTION('',(0.,0.,1.));
#30 = DIRECTION('',(1.,0.,0.));
#31 = AXIS2_PLACEMENT_3D('',#32,#33,#34);
#32 = CARTESIAN_POINT('',(0.,0.,0.));
#33 = DIRECTION('',(0.,0.,1.));
#34 = DIRECTION('',(1.,0.,0.));
#35 = AXIS2_PLACEMENT_3D('',#36,#37,#38);
#36 = CARTESIAN_POINT('',(0.,0.,0.));
#37 = DIRECTION('',(0.,0.,1.));
#38 = DIRECTION('',(1.,0.,0.));
#39 = AXIS2_PLACEMENT_3D('',#40,#41,#42);
#40 = CARTESIAN_POINT('',(0.,0.,0.));
#41 = DIRECTION('',(0.,0.,1.));
#42 = DIRECTION('',(1.,0.,0.));
#43 = AXIS2_PLACEMENT_3D('',#44,#45,#46);
#44 = CARTESIAN_POINT('',(0.,0.,0.));
#45 = DIRECTION('',(0.,0.,1.));
#46 = DIRECTION('',(1.,0.,0.));
#47 = AXIS2_PLACEMENT_3D('',#48,#49,#50);
#48 = CARTESIAN_POINT('',(0.,0.,0.));
#49 = DIRECTION('',(0.,0.,1.));
#50 = DIRECTION('',(1.,0.,0.));
#51 = AXIS2_PLACEMENT_3D('',#52,#53,#54);
#52 = CARTESIAN_POINT('',(0.,0.,0.));
#53 = DIRECTION('',(0.,0.,1.));
#54 = DIRECTION('',(1.,0.,0.));
#55 = AXIS2_PLACEMENT_3D('',#56,#57,#58);
#56 = CARTESIAN_POINT('',(0.,0.,0.));
#57 = DIRECTION('',(0.,0.,1.));
#58 = DIRECTION('',(1.,0.,0.));
#59 = AXIS2_PLACEMENT_3D('',#60,#61,#62);
#60 = CARTESIAN_POINT('',(0.,0.,0.));
#61 = DIRECTION('',(0.,0.,1.));
#62 = DIRECTION('',(1.,0.,0.));
#63 = ( GEOMETRIC_REPRESENTATION_CONTEXT(3) 
GLOBAL_UNCERTAINTY_ASSIGNED_CONTEXT((#67)) GLOBAL_UNIT_ASSIGNED_CONTEXT(
(#64,#65,#66)) REPRESENTATION_CONTEXT('Context #1',
  '3D Context with UNIT and UNCERTAINTY') );
#64 = ( LENGTH_UNIT() NAMED_UNIT(*) SI_UNIT(.MILLI.,.METRE.) );
#65 = ( NAMED_UNIT(*) PLANE_ANGLE_UNIT() SI_UNIT($,.RADIAN.) );
#66 = ( NAMED_UNIT(*) SI_UNIT($,.STERADIAN.) SOLID_ANGLE_UNIT() );
#67 = UNCERTAINTY_MEASURE_WITH_UNIT(LENGTH_MEASURE(1.E-07),#64,
  'distance_accuracy_value','confusion accuracy');
#68 = PRODUCT_RELATED_PRODUCT_CATEGORY('part',$,(#7));
#69 = SHAPE_DEFINITION_REPRESENTATION(#70,#76);
#70 = PRODUCT_DEFINITION_SHAPE('','',#71);
#71 = PRODUCT_DEFINITION('design','',#72,#75);
#72 = PRODUCT_DEFINITION_FORMATION('','',#73);
#73 = PRODUCT('31_水平调节三脚架及地钉基座',
  '31_水平调节三脚架及地钉基座','',(#74));
#74 = PRODUCT_CONTEXT('',#2,'mechanical');
#75 = PRODUCT_DEFINITION_CONTEXT('part definition',#2,'design');
#76 = SHAPE_REPRESENTATION('',(#11,#77,#289,#501),#723);
#77 = MANIFOLD_SOLID_BREP('',#78);
#78 = CLOSED_SHELL('',(#79,#130,#162,#191,#200,#210,#235,#255,#280));
#79 = ADVANCED_FACE('',(#80),#125,.T.);
#80 = FACE_BOUND('',#81,.T.);
#81 = EDGE_LOOP('',(#82,#92,#99,#100,#109,#118));
#82 = ORIENTED_EDGE('',*,*,#83,.T.);
#83 = EDGE_CURVE('',#84,#86,#88,.T.);
#84 = VERTEX_POINT('',#85);
#85 = CARTESIAN_POINT('',(4.371989072956E-14,664.26132010808,
    7.253602468765));
#86 = VERTEX_POINT('',#87);
#87 = CARTESIAN_POINT('',(7.592810154714E-15,74.26132010808,
    1.167253602469E+03));
#88 = LINE('',#89,#90);
#89 = CARTESIAN_POINT('',(4.371989072956E-14,664.26132010808,
    7.253602468765));
#90 = VECTOR('',#91,1.);
#91 = DIRECTION('',(-2.775969076769E-17,-0.453350154298,0.891332506755)
  );
#92 = ORIENTED_EDGE('',*,*,#93,.F.);
#93 = EDGE_CURVE('',#86,#86,#94,.T.);
#94 = CIRCLE('',#95,16.);
#95 = AXIS2_PLACEMENT_3D('',#96,#97,#98);
#96 = CARTESIAN_POINT('',(3.673940397442E-15,60.,1.16E+03));
#97 = DIRECTION('',(-2.775969076769E-17,-0.453350154298,0.891332506755)
  );
#98 = DIRECTION('',(0.,0.891332506755,0.453350154298));
#99 = ORIENTED_EDGE('',*,*,#83,.F.);
#100 = ORIENTED_EDGE('',*,*,#101,.T.);
#101 = EDGE_CURVE('',#84,#102,#104,.T.);
#102 = VERTEX_POINT('',#103);
#103 = CARTESIAN_POINT('',(-16.,650.,4.82652161437E-17));
#104 = CIRCLE('',#105,16.);
#105 = AXIS2_PLACEMENT_3D('',#106,#107,#108);
#106 = CARTESIAN_POINT('',(3.980102097229E-14,650.,0.));
#107 = DIRECTION('',(-2.775969076769E-17,-0.453350154298,0.891332506755)
  );
#108 = DIRECTION('',(0.,0.891332506755,0.453350154298));
#109 = ORIENTED_EDGE('',*,*,#110,.T.);
#110 = EDGE_CURVE('',#102,#111,#113,.T.);
#111 = VERTEX_POINT('',#112);
#112 = CARTESIAN_POINT('',(16.,650.,-9.365753207097E-16));
#113 = ELLIPSE('',#114,17.950652398228,16.);
#114 = AXIS2_PLACEMENT_3D('',#115,#116,#117);
#115 = CARTESIAN_POINT('',(3.980102097229E-14,650.,0.));
#116 = DIRECTION('',(0.,0.,1.));
#117 = DIRECTION('',(-6.123233995737E-17,-1.,0.));
#118 = ORIENTED_EDGE('',*,*,#119,.T.);
#119 = EDGE_CURVE('',#111,#84,#120,.T.);
#120 = CIRCLE('',#121,16.);
#121 = AXIS2_PLACEMENT_3D('',#122,#123,#124);
#122 = CARTESIAN_POINT('',(3.980102097229E-14,650.,0.));
#123 = DIRECTION('',(-2.775969076769E-17,-0.453350154298,0.891332506755)
  );
#124 = DIRECTION('',(0.,0.891332506755,0.453350154298));
#125 = CYLINDRICAL_SURFACE('',#126,16.);
#126 = AXIS2_PLACEMENT_3D('',#127,#128,#129);
#127 = CARTESIAN_POINT('',(3.980102097229E-14,650.,0.));
#128 = DIRECTION('',(-2.775969076769E-17,-0.453350154298,0.891332506755)
  );
#129 = DIRECTION('',(0.,0.891332506755,0.453350154298));
#130 = ADVANCED_FACE('',(#131),#157,.F.);
#131 = FACE_BOUND('',#132,.F.);
#132 = EDGE_LOOP('',(#133,#134,#135,#143,#151));
#133 = ORIENTED_EDGE('',*,*,#119,.T.);
#134 = ORIENTED_EDGE('',*,*,#101,.T.);
#135 = ORIENTED_EDGE('',*,*,#136,.F.);
#136 = EDGE_CURVE('',#137,#102,#139,.T.);
#137 = VERTEX_POINT('',#138);
#138 = CARTESIAN_POINT('',(-2.,650.,0.));
#139 = LINE('',#140,#141);
#140 = CARTESIAN_POINT('',(3.980102097229E-14,650.,0.));
#141 = VECTOR('',#142,1.);
#142 = DIRECTION('',(-1.,6.123233995737E-17,0.));
#143 = ORIENTED_EDGE('',*,*,#144,.F.);
#144 = EDGE_CURVE('',#145,#137,#147,.T.);
#145 = VERTEX_POINT('',#146);
#146 = CARTESIAN_POINT('',(2.,650.,0.));
#147 = LINE('',#148,#149);
#148 = CARTESIAN_POINT('',(3.980102097229E-14,650.,0.));
#149 = VECTOR('',#150,1.);
#150 = DIRECTION('',(-1.,6.123233995737E-17,0.));
#151 = ORIENTED_EDGE('',*,*,#152,.F.);
#152 = EDGE_CURVE('',#111,#145,#153,.T.);
#153 = LINE('',#154,#155);
#154 = CARTESIAN_POINT('',(3.980102097229E-14,650.,0.));
#155 = VECTOR('',#156,1.);
#156 = DIRECTION('',(-1.,6.123233995737E-17,0.));
#157 = PLANE('',#158);
#158 = AXIS2_PLACEMENT_3D('',#159,#160,#161);
#159 = CARTESIAN_POINT('',(3.980102097229E-14,650.,0.));
#160 = DIRECTION('',(-2.775969076769E-17,-0.453350154298,0.891332506755)
  );
#161 = DIRECTION('',(0.,0.891332506755,0.453350154298));
#162 = ADVANCED_FACE('',(#163,#174),#186,.T.);
#163 = FACE_BOUND('',#164,.T.);
#164 = EDGE_LOOP('',(#165));
#165 = ORIENTED_EDGE('',*,*,#166,.T.);
#166 = EDGE_CURVE('',#167,#167,#169,.T.);
#167 = VERTEX_POINT('',#168);
#168 = CARTESIAN_POINT('',(70.,650.,0.));
#169 = CIRCLE('',#170,70.);
#170 = AXIS2_PLACEMENT_3D('',#171,#172,#173);
#171 = CARTESIAN_POINT('',(3.980102097229E-14,650.,0.));
#172 = DIRECTION('',(0.,0.,1.));
#173 = DIRECTION('',(1.,0.,-0.));
#174 = FACE_BOUND('',#175,.T.);
#175 = EDGE_LOOP('',(#176,#183,#184,#185));
#176 = ORIENTED_EDGE('',*,*,#177,.F.);
#177 = EDGE_CURVE('',#145,#137,#178,.T.);
#178 = CIRCLE('',#179,2.);
#179 = AXIS2_PLACEMENT_3D('',#180,#181,#182);
#180 = CARTESIAN_POINT('',(3.980102097229E-14,650.,0.));
#181 = DIRECTION('',(0.,0.,1.));
#182 = DIRECTION('',(1.,0.,-0.));
#183 = ORIENTED_EDGE('',*,*,#152,.F.);
#184 = ORIENTED_EDGE('',*,*,#110,.F.);
#185 = ORIENTED_EDGE('',*,*,#136,.F.);
#186 = PLANE('',#187);
#187 = AXIS2_PLACEMENT_3D('',#188,#189,#190);
#188 = CARTESIAN_POINT('',(3.980102097229E-14,650.,0.));
#189 = DIRECTION('',(0.,0.,1.));
#190 = DIRECTION('',(1.,0.,-0.));
#191 = ADVANCED_FACE('',(#192),#195,.T.);
#192 = FACE_BOUND('',#193,.T.);
#193 = EDGE_LOOP('',(#194));
#194 = ORIENTED_EDGE('',*,*,#93,.T.);
#195 = PLANE('',#196);
#196 = AXIS2_PLACEMENT_3D('',#197,#198,#199);
#197 = CARTESIAN_POINT('',(3.673940397442E-15,60.,1.16E+03));
#198 = DIRECTION('',(-2.775969076769E-17,-0.453350154298,0.891332506755)
  );
#199 = DIRECTION('',(0.,0.891332506755,0.453350154298));
#200 = ADVANCED_FACE('',(#201),#205,.T.);
#201 = FACE_BOUND('',#202,.T.);
#202 = EDGE_LOOP('',(#203,#204));
#203 = ORIENTED_EDGE('',*,*,#144,.F.);
#204 = ORIENTED_EDGE('',*,*,#177,.T.);
#205 = PLANE('',#206);
#206 = AXIS2_PLACEMENT_3D('',#207,#208,#209);
#207 = CARTESIAN_POINT('',(3.980102097229E-14,650.,0.));
#208 = DIRECTION('',(0.,0.,1.));
#209 = DIRECTION('',(1.,0.,-0.));
#210 = ADVANCED_FACE('',(#211),#230,.T.);
#211 = FACE_BOUND('',#212,.T.);
#212 = EDGE_LOOP('',(#213,#214,#222,#229));
#213 = ORIENTED_EDGE('',*,*,#166,.F.);
#214 = ORIENTED_EDGE('',*,*,#215,.F.);
#215 = EDGE_CURVE('',#216,#167,#218,.T.);
#216 = VERTEX_POINT('',#217);
#217 = CARTESIAN_POINT('',(70.,650.,-12.));
#218 = LINE('',#219,#220);
#219 = CARTESIAN_POINT('',(70.,650.,-12.));
#220 = VECTOR('',#221,1.);
#221 = DIRECTION('',(0.,0.,1.));
#222 = ORIENTED_EDGE('',*,*,#223,.T.);
#223 = EDGE_CURVE('',#216,#216,#224,.T.);
#224 = CIRCLE('',#225,70.);
#225 = AXIS2_PLACEMENT_3D('',#226,#227,#228);
#226 = CARTESIAN_POINT('',(3.980102097229E-14,650.,-12.));
#227 = DIRECTION('',(0.,0.,1.));
#228 = DIRECTION('',(1.,0.,-0.));
#229 = ORIENTED_EDGE('',*,*,#215,.T.);
#230 = CYLINDRICAL_SURFACE('',#231,70.);
#231 = AXIS2_PLACEMENT_3D('',#232,#233,#234);
#232 = CARTESIAN_POINT('',(3.980102097229E-14,650.,-12.));
#233 = DIRECTION('',(0.,0.,1.));
#234 = DIRECTION('',(1.,0.,-0.));
#235 = ADVANCED_FACE('',(#236,#239),#250,.F.);
#236 = FACE_BOUND('',#237,.F.);
#237 = EDGE_LOOP('',(#238));
#238 = ORIENTED_EDGE('',*,*,#223,.T.);
#239 = FACE_BOUND('',#240,.F.);
#240 = EDGE_LOOP('',(#241));
#241 = ORIENTED_EDGE('',*,*,#242,.F.);
#242 = EDGE_CURVE('',#243,#243,#245,.T.);
#243 = VERTEX_POINT('',#244);
#244 = CARTESIAN_POINT('',(3.2,650.,-12.));
#245 = CIRCLE('',#246,3.2);
#246 = AXIS2_PLACEMENT_3D('',#247,#248,#249);
#247 = CARTESIAN_POINT('',(3.980102097229E-14,650.,-12.));
#248 = DIRECTION('',(0.,0.,1.));
#249 = DIRECTION('',(1.,0.,-0.));
#250 = PLANE('',#251);
#251 = AXIS2_PLACEMENT_3D('',#252,#253,#254);
#252 = CARTESIAN_POINT('',(3.980102097229E-14,650.,-12.));
#253 = DIRECTION('',(0.,0.,1.));
#254 = DIRECTION('',(1.,0.,-0.));
#255 = ADVANCED_FACE('',(#256),#275,.T.);
#256 = FACE_BOUND('',#257,.T.);
#257 = EDGE_LOOP('',(#258,#259,#267,#274));
#258 = ORIENTED_EDGE('',*,*,#242,.F.);
#259 = ORIENTED_EDGE('',*,*,#260,.F.);
#260 = EDGE_CURVE('',#261,#243,#263,.T.);
#261 = VERTEX_POINT('',#262);
#262 = CARTESIAN_POINT('',(20.,650.,-180.));
#263 = LINE('',#264,#265);
#264 = CARTESIAN_POINT('',(20.,650.,-180.));
#265 = VECTOR('',#266,1.);
#266 = DIRECTION('',(-9.9503719021E-02,2.437138220046E-17,0.99503719021)
  );
#267 = ORIENTED_EDGE('',*,*,#268,.T.);
#268 = EDGE_CURVE('',#261,#261,#269,.T.);
#269 = CIRCLE('',#270,20.);
#270 = AXIS2_PLACEMENT_3D('',#271,#272,#273);
#271 = CARTESIAN_POINT('',(3.980102097229E-14,650.,-180.));
#272 = DIRECTION('',(0.,0.,1.));
#273 = DIRECTION('',(1.,0.,-0.));
#274 = ORIENTED_EDGE('',*,*,#260,.T.);
#275 = CONICAL_SURFACE('',#276,20.,9.966865249116E-02);
#276 = AXIS2_PLACEMENT_3D('',#277,#278,#279);
#277 = CARTESIAN_POINT('',(3.980102097229E-14,650.,-180.));
#278 = DIRECTION('',(-0.,-0.,-1.));
#279 = DIRECTION('',(1.,0.,-0.));
#280 = ADVANCED_FACE('',(#281),#284,.F.);
#281 = FACE_BOUND('',#282,.T.);
#282 = EDGE_LOOP('',(#283));
#283 = ORIENTED_EDGE('',*,*,#268,.F.);
#284 = PLANE('',#285);
#285 = AXIS2_PLACEMENT_3D('',#286,#287,#288);
#286 = CARTESIAN_POINT('',(3.980102097229E-14,650.,-180.));
#287 = DIRECTION('',(0.,0.,1.));
#288 = DIRECTION('',(1.,0.,-0.));
#289 = MANIFOLD_SOLID_BREP('',#290);
#290 = CLOSED_SHELL('',(#291,#342,#386,#403,#412,#437,#447,#467,#492));
#291 = ADVANCED_FACE('',(#292),#337,.T.);
#292 = FACE_BOUND('',#293,.T.);
#293 = EDGE_LOOP('',(#294,#304,#311,#312,#321,#330));
#294 = ORIENTED_EDGE('',*,*,#295,.T.);
#295 = EDGE_CURVE('',#296,#298,#300,.T.);
#296 = VERTEX_POINT('',#297);
#297 = CARTESIAN_POINT('',(-545.4331077244,-323.3597779924,0.));
#298 = VERTEX_POINT('',#299);
#299 = CARTESIAN_POINT('',(-37.31906734441,-30.,1.153550313462E+03));
#300 = LINE('',#301,#302);
#301 = CARTESIAN_POINT('',(-548.2740555772,-325.,-6.449686538084));
#302 = VECTOR('',#303,1.);
#303 = DIRECTION('',(0.392612750431,0.226675077149,0.891332506755));
#304 = ORIENTED_EDGE('',*,*,#305,.F.);
#305 = EDGE_CURVE('',#298,#298,#306,.T.);
#306 = CIRCLE('',#307,16.);
#307 = AXIS2_PLACEMENT_3D('',#308,#309,#310);
#308 = CARTESIAN_POINT('',(-51.96152422706,-30.,1.16E+03));
#309 = DIRECTION('',(0.392612750431,0.226675077149,0.891332506755));
#310 = DIRECTION('',(0.915153555166,1.387778780781E-17,-0.40310540863));
#311 = ORIENTED_EDGE('',*,*,#295,.F.);
#312 = ORIENTED_EDGE('',*,*,#313,.T.);
#313 = EDGE_CURVE('',#296,#314,#316,.T.);
#314 = VERTEX_POINT('',#315);
#315 = CARTESIAN_POINT('',(-570.9165124598,-311.1435935394,
    1.33226762955E-15));
#316 = ELLIPSE('',#317,17.950652398228,16.);
#317 = AXIS2_PLACEMENT_3D('',#318,#319,#320);
#318 = CARTESIAN_POINT('',(-562.9165124598,-325.,0.));
#319 = DIRECTION('',(0.,0.,1.));
#320 = DIRECTION('',(0.866025403784,0.5,-0.));
#321 = ORIENTED_EDGE('',*,*,#322,.T.);
#322 = EDGE_CURVE('',#314,#323,#325,.T.);
#323 = VERTEX_POINT('',#324);
#324 = CARTESIAN_POINT('',(-554.9165124598,-338.8564064605,
    2.6645352591E-15));
#325 = CIRCLE('',#326,16.);
#326 = AXIS2_PLACEMENT_3D('',#327,#328,#329);
#327 = CARTESIAN_POINT('',(-562.9165124598,-325.,0.));
#328 = DIRECTION('',(0.392612750431,0.226675077149,0.891332506755));
#329 = DIRECTION('',(0.915153555166,1.387778780781E-17,-0.40310540863));
#330 = ORIENTED_EDGE('',*,*,#331,.T.);
#331 = EDGE_CURVE('',#323,#296,#332,.T.);
#332 = ELLIPSE('',#333,17.950652398228,16.);
#333 = AXIS2_PLACEMENT_3D('',#334,#335,#336);
#334 = CARTESIAN_POINT('',(-562.9165124598,-325.,0.));
#335 = DIRECTION('',(0.,0.,1.));
#336 = DIRECTION('',(0.866025403784,0.5,-0.));
#337 = CYLINDRICAL_SURFACE('',#338,16.);
#338 = AXIS2_PLACEMENT_3D('',#339,#340,#341);
#339 = CARTESIAN_POINT('',(-562.9165124598,-325.,0.));
#340 = DIRECTION('',(0.392612750431,0.226675077149,0.891332506755));
#341 = DIRECTION('',(0.915153555166,0.,-0.40310540863));
#342 = ADVANCED_FACE('',(#343,#354),#381,.T.);
#343 = FACE_BOUND('',#344,.T.);
#344 = EDGE_LOOP('',(#345));
#345 = ORIENTED_EDGE('',*,*,#346,.T.);
#346 = EDGE_CURVE('',#347,#347,#349,.T.);
#347 = VERTEX_POINT('',#348);
#348 = CARTESIAN_POINT('',(-492.9165124598,-325.,0.));
#349 = CIRCLE('',#350,70.);
#350 = AXIS2_PLACEMENT_3D('',#351,#352,#353);
#351 = CARTESIAN_POINT('',(-562.9165124598,-325.,0.));
#352 = DIRECTION('',(0.,0.,1.));
#353 = DIRECTION('',(1.,0.,-0.));
#354 = FACE_BOUND('',#355,.T.);
#355 = EDGE_LOOP('',(#356,#367,#373,#374,#375));
#356 = ORIENTED_EDGE('',*,*,#357,.F.);
#357 = EDGE_CURVE('',#358,#360,#362,.T.);
#358 = VERTEX_POINT('',#359);
#359 = CARTESIAN_POINT('',(-563.9165124598,-323.2679491924,0.));
#360 = VERTEX_POINT('',#361);
#361 = CARTESIAN_POINT('',(-561.9165124598,-326.7320508075,0.));
#362 = CIRCLE('',#363,2.);
#363 = AXIS2_PLACEMENT_3D('',#364,#365,#366);
#364 = CARTESIAN_POINT('',(-562.9165124598,-325.,0.));
#365 = DIRECTION('',(0.,0.,1.));
#366 = DIRECTION('',(1.,0.,-0.));
#367 = ORIENTED_EDGE('',*,*,#368,.F.);
#368 = EDGE_CURVE('',#314,#358,#369,.T.);
#369 = LINE('',#370,#371);
#370 = CARTESIAN_POINT('',(-562.9165124598,-325.,0.));
#371 = VECTOR('',#372,1.);
#372 = DIRECTION('',(0.5,-0.866025403784,0.));
#373 = ORIENTED_EDGE('',*,*,#313,.F.);
#374 = ORIENTED_EDGE('',*,*,#331,.F.);
#375 = ORIENTED_EDGE('',*,*,#376,.F.);
#376 = EDGE_CURVE('',#360,#323,#377,.T.);
#377 = LINE('',#378,#379);
#378 = CARTESIAN_POINT('',(-562.9165124598,-325.,0.));
#379 = VECTOR('',#380,1.);
#380 = DIRECTION('',(0.5,-0.866025403784,0.));
#381 = PLANE('',#382);
#382 = AXIS2_PLACEMENT_3D('',#383,#384,#385);
#383 = CARTESIAN_POINT('',(-562.9165124598,-325.,0.));
#384 = DIRECTION('',(0.,0.,1.));
#385 = DIRECTION('',(1.,0.,-0.));
#386 = ADVANCED_FACE('',(#387),#398,.F.);
#387 = FACE_BOUND('',#388,.F.);
#388 = EDGE_LOOP('',(#389,#390,#391,#392));
#389 = ORIENTED_EDGE('',*,*,#368,.F.);
#390 = ORIENTED_EDGE('',*,*,#322,.T.);
#391 = ORIENTED_EDGE('',*,*,#376,.F.);
#392 = ORIENTED_EDGE('',*,*,#393,.F.);
#393 = EDGE_CURVE('',#358,#360,#394,.T.);
#394 = LINE('',#395,#396);
#395 = CARTESIAN_POINT('',(-562.9165124598,-325.,0.));
#396 = VECTOR('',#397,1.);
#397 = DIRECTION('',(0.5,-0.866025403784,0.));
#398 = PLANE('',#399);
#399 = AXIS2_PLACEMENT_3D('',#400,#401,#402);
#400 = CARTESIAN_POINT('',(-562.9165124598,-325.,0.));
#401 = DIRECTION('',(0.392612750431,0.226675077149,0.891332506755));
#402 = DIRECTION('',(0.915153555166,0.,-0.40310540863));
#403 = ADVANCED_FACE('',(#404),#407,.T.);
#404 = FACE_BOUND('',#405,.T.);
#405 = EDGE_LOOP('',(#406));
#406 = ORIENTED_EDGE('',*,*,#305,.T.);
#407 = PLANE('',#408);
#408 = AXIS2_PLACEMENT_3D('',#409,#410,#411);
#409 = CARTESIAN_POINT('',(-51.96152422706,-30.,1.16E+03));
#410 = DIRECTION('',(0.392612750431,0.226675077149,0.891332506755));
#411 = DIRECTION('',(0.915153555166,0.,-0.40310540863));
#412 = ADVANCED_FACE('',(#413),#432,.T.);
#413 = FACE_BOUND('',#414,.T.);
#414 = EDGE_LOOP('',(#415,#416,#424,#431));
#415 = ORIENTED_EDGE('',*,*,#346,.F.);
#416 = ORIENTED_EDGE('',*,*,#417,.F.);
#417 = EDGE_CURVE('',#418,#347,#420,.T.);
#418 = VERTEX_POINT('',#419);
#419 = CARTESIAN_POINT('',(-492.9165124598,-325.,-12.));
#420 = LINE('',#421,#422);
#421 = CARTESIAN_POINT('',(-492.9165124598,-325.,-12.));
#422 = VECTOR('',#423,1.);
#423 = DIRECTION('',(0.,0.,1.));
#424 = ORIENTED_EDGE('',*,*,#425,.T.);
#425 = EDGE_CURVE('',#418,#418,#426,.T.);
#426 = CIRCLE('',#427,70.);
#427 = AXIS2_PLACEMENT_3D('',#428,#429,#430);
#428 = CARTESIAN_POINT('',(-562.9165124598,-325.,-12.));
#429 = DIRECTION('',(0.,0.,1.));
#430 = DIRECTION('',(1.,0.,-0.));
#431 = ORIENTED_EDGE('',*,*,#417,.T.);
#432 = CYLINDRICAL_SURFACE('',#433,70.);
#433 = AXIS2_PLACEMENT_3D('',#434,#435,#436);
#434 = CARTESIAN_POINT('',(-562.9165124598,-325.,-12.));
#435 = DIRECTION('',(0.,0.,1.));
#436 = DIRECTION('',(1.,0.,-0.));
#437 = ADVANCED_FACE('',(#438),#442,.T.);
#438 = FACE_BOUND('',#439,.T.);
#439 = EDGE_LOOP('',(#440,#441));
#440 = ORIENTED_EDGE('',*,*,#393,.F.);
#441 = ORIENTED_EDGE('',*,*,#357,.T.);
#442 = PLANE('',#443);
#443 = AXIS2_PLACEMENT_3D('',#444,#445,#446);
#444 = CARTESIAN_POINT('',(-562.9165124598,-325.,0.));
#445 = DIRECTION('',(0.,0.,1.));
#446 = DIRECTION('',(1.,0.,-0.));
#447 = ADVANCED_FACE('',(#448,#451),#462,.F.);
#448 = FACE_BOUND('',#449,.F.);
#449 = EDGE_LOOP('',(#450));
#450 = ORIENTED_EDGE('',*,*,#425,.T.);
#451 = FACE_BOUND('',#452,.F.);
#452 = EDGE_LOOP('',(#453));
#453 = ORIENTED_EDGE('',*,*,#454,.F.);
#454 = EDGE_CURVE('',#455,#455,#457,.T.);
#455 = VERTEX_POINT('',#456);
#456 = CARTESIAN_POINT('',(-559.7165124598,-325.,-12.));
#457 = CIRCLE('',#458,3.2);
#458 = AXIS2_PLACEMENT_3D('',#459,#460,#461);
#459 = CARTESIAN_POINT('',(-562.9165124598,-325.,-12.));
#460 = DIRECTION('',(0.,0.,1.));
#461 = DIRECTION('',(1.,0.,-0.));
#462 = PLANE('',#463);
#463 = AXIS2_PLACEMENT_3D('',#464,#465,#466);
#464 = CARTESIAN_POINT('',(-562.9165124598,-325.,-12.));
#465 = DIRECTION('',(0.,0.,1.));
#466 = DIRECTION('',(1.,0.,-0.));
#467 = ADVANCED_FACE('',(#468),#487,.T.);
#468 = FACE_BOUND('',#469,.T.);
#469 = EDGE_LOOP('',(#470,#471,#479,#486));
#470 = ORIENTED_EDGE('',*,*,#454,.F.);
#471 = ORIENTED_EDGE('',*,*,#472,.F.);
#472 = EDGE_CURVE('',#473,#455,#475,.T.);
#473 = VERTEX_POINT('',#474);
#474 = CARTESIAN_POINT('',(-542.9165124598,-325.,-180.));
#475 = LINE('',#476,#477);
#476 = CARTESIAN_POINT('',(-542.9165124598,-325.,-180.));
#477 = VECTOR('',#478,1.);
#478 = DIRECTION('',(-9.9503719021E-02,2.437138220046E-17,0.99503719021)
  );
#479 = ORIENTED_EDGE('',*,*,#480,.T.);
#480 = EDGE_CURVE('',#473,#473,#481,.T.);
#481 = CIRCLE('',#482,20.);
#482 = AXIS2_PLACEMENT_3D('',#483,#484,#485);
#483 = CARTESIAN_POINT('',(-562.9165124598,-325.,-180.));
#484 = DIRECTION('',(0.,0.,1.));
#485 = DIRECTION('',(1.,0.,-0.));
#486 = ORIENTED_EDGE('',*,*,#472,.T.);
#487 = CONICAL_SURFACE('',#488,20.,9.966865249116E-02);
#488 = AXIS2_PLACEMENT_3D('',#489,#490,#491);
#489 = CARTESIAN_POINT('',(-562.9165124598,-325.,-180.));
#490 = DIRECTION('',(-0.,-0.,-1.));
#491 = DIRECTION('',(1.,0.,-0.));
#492 = ADVANCED_FACE('',(#493),#496,.F.);
#493 = FACE_BOUND('',#494,.T.);
#494 = EDGE_LOOP('',(#495));
#495 = ORIENTED_EDGE('',*,*,#480,.F.);
#496 = PLANE('',#497);
#497 = AXIS2_PLACEMENT_3D('',#498,#499,#500);
#498 = CARTESIAN_POINT('',(-562.9165124598,-325.,-180.));
#499 = DIRECTION('',(0.,0.,1.));
#500 = DIRECTION('',(1.,0.,-0.));
#501 = MANIFOLD_SOLID_BREP('',#502);
#502 = CLOSED_SHELL('',(#503,#554,#586,#624,#633,#644,#669,#689,#714));
#503 = ADVANCED_FACE('',(#504),#549,.T.);
#504 = FACE_BOUND('',#505,.T.);
#505 = EDGE_LOOP('',(#506,#516,#523,#524,#533,#542));
#506 = ORIENTED_EDGE('',*,*,#507,.T.);
#507 = EDGE_CURVE('',#508,#510,#512,.T.);
#508 = VERTEX_POINT('',#509);
#509 = CARTESIAN_POINT('',(577.55896934254,-325.,6.449686538084));
#510 = VERTEX_POINT('',#511);
#511 = CARTESIAN_POINT('',(66.603981109723,-30.,1.166449686538E+03));
#512 = LINE('',#513,#514);
#513 = CARTESIAN_POINT('',(577.55896934254,-325.,6.449686538084));
#514 = VECTOR('',#515,1.);
#515 = DIRECTION('',(-0.392612750431,0.226675077149,0.891332506755));
#516 = ORIENTED_EDGE('',*,*,#517,.F.);
#517 = EDGE_CURVE('',#510,#510,#518,.T.);
#518 = CIRCLE('',#519,16.);
#519 = AXIS2_PLACEMENT_3D('',#520,#521,#522);
#520 = CARTESIAN_POINT('',(51.961524227066,-30.,1.16E+03));
#521 = DIRECTION('',(-0.392612750431,0.226675077149,0.891332506755));
#522 = DIRECTION('',(0.915153555166,1.387778780781E-17,0.40310540863));
#523 = ORIENTED_EDGE('',*,*,#507,.F.);
#524 = ORIENTED_EDGE('',*,*,#525,.T.);
#525 = EDGE_CURVE('',#508,#526,#528,.T.);
#526 = VERTEX_POINT('',#527);
#527 = CARTESIAN_POINT('',(570.91651245988,-311.1435935394,0.));
#528 = CIRCLE('',#529,16.);
#529 = AXIS2_PLACEMENT_3D('',#530,#531,#532);
#530 = CARTESIAN_POINT('',(562.91651245988,-325.,0.));
#531 = DIRECTION('',(-0.392612750431,0.226675077149,0.891332506755));
#532 = DIRECTION('',(0.915153555166,1.387778780781E-17,0.40310540863));
#533 = ORIENTED_EDGE('',*,*,#534,.T.);
#534 = EDGE_CURVE('',#526,#535,#537,.T.);
#535 = VERTEX_POINT('',#536);
#536 = CARTESIAN_POINT('',(554.91651245988,-338.8564064605,
    2.22044604925E-15));
#537 = ELLIPSE('',#538,17.950652398228,16.);
#538 = AXIS2_PLACEMENT_3D('',#539,#540,#541);
#539 = CARTESIAN_POINT('',(562.91651245988,-325.,0.));
#540 = DIRECTION('',(0.,0.,1.));
#541 = DIRECTION('',(-0.866025403784,0.5,0.));
#542 = ORIENTED_EDGE('',*,*,#543,.T.);
#543 = EDGE_CURVE('',#535,#508,#544,.T.);
#544 = CIRCLE('',#545,16.);
#545 = AXIS2_PLACEMENT_3D('',#546,#547,#548);
#546 = CARTESIAN_POINT('',(562.91651245988,-325.,0.));
#547 = DIRECTION('',(-0.392612750431,0.226675077149,0.891332506755));
#548 = DIRECTION('',(0.915153555166,1.387778780781E-17,0.40310540863));
#549 = CYLINDRICAL_SURFACE('',#550,16.);
#550 = AXIS2_PLACEMENT_3D('',#551,#552,#553);
#551 = CARTESIAN_POINT('',(562.91651245988,-325.,0.));
#552 = DIRECTION('',(-0.392612750431,0.226675077149,0.891332506755));
#553 = DIRECTION('',(0.915153555166,1.387778780781E-17,0.40310540863));
#554 = ADVANCED_FACE('',(#555),#581,.F.);
#555 = FACE_BOUND('',#556,.F.);
#556 = EDGE_LOOP('',(#557,#558,#559,#567,#575));
#557 = ORIENTED_EDGE('',*,*,#543,.T.);
#558 = ORIENTED_EDGE('',*,*,#525,.T.);
#559 = ORIENTED_EDGE('',*,*,#560,.F.);
#560 = EDGE_CURVE('',#561,#526,#563,.T.);
#561 = VERTEX_POINT('',#562);
#562 = CARTESIAN_POINT('',(563.91651245988,-323.2679491924,0.));
#563 = LINE('',#564,#565);
#564 = CARTESIAN_POINT('',(562.91651245988,-325.,0.));
#565 = VECTOR('',#566,1.);
#566 = DIRECTION('',(0.5,0.866025403784,-0.));
#567 = ORIENTED_EDGE('',*,*,#568,.F.);
#568 = EDGE_CURVE('',#569,#561,#571,.T.);
#569 = VERTEX_POINT('',#570);
#570 = CARTESIAN_POINT('',(561.91651245988,-326.7320508075,0.));
#571 = LINE('',#572,#573);
#572 = CARTESIAN_POINT('',(562.91651245988,-325.,0.));
#573 = VECTOR('',#574,1.);
#574 = DIRECTION('',(0.5,0.866025403784,-0.));
#575 = ORIENTED_EDGE('',*,*,#576,.F.);
#576 = EDGE_CURVE('',#535,#569,#577,.T.);
#577 = LINE('',#578,#579);
#578 = CARTESIAN_POINT('',(562.91651245988,-325.,0.));
#579 = VECTOR('',#580,1.);
#580 = DIRECTION('',(0.5,0.866025403784,-0.));
#581 = PLANE('',#582);
#582 = AXIS2_PLACEMENT_3D('',#583,#584,#585);
#583 = CARTESIAN_POINT('',(562.91651245988,-325.,0.));
#584 = DIRECTION('',(-0.392612750431,0.226675077149,0.891332506755));
#585 = DIRECTION('',(0.915153555166,1.387778780781E-17,0.40310540863));
#586 = ADVANCED_FACE('',(#587,#598),#619,.T.);
#587 = FACE_BOUND('',#588,.T.);
#588 = EDGE_LOOP('',(#589));
#589 = ORIENTED_EDGE('',*,*,#590,.T.);
#590 = EDGE_CURVE('',#591,#591,#593,.T.);
#591 = VERTEX_POINT('',#592);
#592 = CARTESIAN_POINT('',(632.91651245988,-325.,0.));
#593 = CIRCLE('',#594,70.);
#594 = AXIS2_PLACEMENT_3D('',#595,#596,#597);
#595 = CARTESIAN_POINT('',(562.91651245988,-325.,0.));
#596 = DIRECTION('',(0.,0.,1.));
#597 = DIRECTION('',(1.,0.,-0.));
#598 = FACE_BOUND('',#599,.T.);
#599 = EDGE_LOOP('',(#600,#609,#610,#611,#612));
#600 = ORIENTED_EDGE('',*,*,#601,.F.);
#601 = EDGE_CURVE('',#569,#602,#604,.T.);
#602 = VERTEX_POINT('',#603);
#603 = CARTESIAN_POINT('',(564.91651245988,-325.,0.));
#604 = CIRCLE('',#605,2.);
#605 = AXIS2_PLACEMENT_3D('',#606,#607,#608);
#606 = CARTESIAN_POINT('',(562.91651245988,-325.,0.));
#607 = DIRECTION('',(0.,0.,1.));
#608 = DIRECTION('',(1.,0.,-0.));
#609 = ORIENTED_EDGE('',*,*,#576,.F.);
#610 = ORIENTED_EDGE('',*,*,#534,.F.);
#611 = ORIENTED_EDGE('',*,*,#560,.F.);
#612 = ORIENTED_EDGE('',*,*,#613,.F.);
#613 = EDGE_CURVE('',#602,#561,#614,.T.);
#614 = CIRCLE('',#615,2.);
#615 = AXIS2_PLACEMENT_3D('',#616,#617,#618);
#616 = CARTESIAN_POINT('',(562.91651245988,-325.,0.));
#617 = DIRECTION('',(0.,0.,1.));
#618 = DIRECTION('',(1.,0.,-0.));
#619 = PLANE('',#620);
#620 = AXIS2_PLACEMENT_3D('',#621,#622,#623);
#621 = CARTESIAN_POINT('',(562.91651245988,-325.,0.));
#622 = DIRECTION('',(0.,0.,1.));
#623 = DIRECTION('',(1.,0.,-0.));
#624 = ADVANCED_FACE('',(#625),#628,.T.);
#625 = FACE_BOUND('',#626,.T.);
#626 = EDGE_LOOP('',(#627));
#627 = ORIENTED_EDGE('',*,*,#517,.T.);
#628 = PLANE('',#629);
#629 = AXIS2_PLACEMENT_3D('',#630,#631,#632);
#630 = CARTESIAN_POINT('',(51.961524227066,-30.,1.16E+03));
#631 = DIRECTION('',(-0.392612750431,0.226675077149,0.891332506755));
#632 = DIRECTION('',(0.915153555166,1.387778780781E-17,0.40310540863));
#633 = ADVANCED_FACE('',(#634),#639,.T.);
#634 = FACE_BOUND('',#635,.T.);
#635 = EDGE_LOOP('',(#636,#637,#638));
#636 = ORIENTED_EDGE('',*,*,#601,.T.);
#637 = ORIENTED_EDGE('',*,*,#613,.T.);
#638 = ORIENTED_EDGE('',*,*,#568,.F.);
#639 = PLANE('',#640);
#640 = AXIS2_PLACEMENT_3D('',#641,#642,#643);
#641 = CARTESIAN_POINT('',(562.91651245988,-325.,0.));
#642 = DIRECTION('',(0.,0.,1.));
#643 = DIRECTION('',(1.,0.,-0.));
#644 = ADVANCED_FACE('',(#645),#664,.T.);
#645 = FACE_BOUND('',#646,.T.);
#646 = EDGE_LOOP('',(#647,#648,#656,#663));
#647 = ORIENTED_EDGE('',*,*,#590,.F.);
#648 = ORIENTED_EDGE('',*,*,#649,.F.);
#649 = EDGE_CURVE('',#650,#591,#652,.T.);
#650 = VERTEX_POINT('',#651);
#651 = CARTESIAN_POINT('',(632.91651245988,-325.,-12.));
#652 = LINE('',#653,#654);
#653 = CARTESIAN_POINT('',(632.91651245988,-325.,-12.));
#654 = VECTOR('',#655,1.);
#655 = DIRECTION('',(0.,0.,1.));
#656 = ORIENTED_EDGE('',*,*,#657,.T.);
#657 = EDGE_CURVE('',#650,#650,#658,.T.);
#658 = CIRCLE('',#659,70.);
#659 = AXIS2_PLACEMENT_3D('',#660,#661,#662);
#660 = CARTESIAN_POINT('',(562.91651245988,-325.,-12.));
#661 = DIRECTION('',(0.,0.,1.));
#662 = DIRECTION('',(1.,0.,-0.));
#663 = ORIENTED_EDGE('',*,*,#649,.T.);
#664 = CYLINDRICAL_SURFACE('',#665,70.);
#665 = AXIS2_PLACEMENT_3D('',#666,#667,#668);
#666 = CARTESIAN_POINT('',(562.91651245988,-325.,-12.));
#667 = DIRECTION('',(0.,0.,1.));
#668 = DIRECTION('',(1.,0.,-0.));
#669 = ADVANCED_FACE('',(#670,#673),#684,.F.);
#670 = FACE_BOUND('',#671,.F.);
#671 = EDGE_LOOP('',(#672));
#672 = ORIENTED_EDGE('',*,*,#657,.T.);
#673 = FACE_BOUND('',#674,.F.);
#674 = EDGE_LOOP('',(#675));
#675 = ORIENTED_EDGE('',*,*,#676,.F.);
#676 = EDGE_CURVE('',#677,#677,#679,.T.);
#677 = VERTEX_POINT('',#678);
#678 = CARTESIAN_POINT('',(566.11651245988,-325.,-12.));
#679 = CIRCLE('',#680,3.2);
#680 = AXIS2_PLACEMENT_3D('',#681,#682,#683);
#681 = CARTESIAN_POINT('',(562.91651245988,-325.,-12.));
#682 = DIRECTION('',(0.,0.,1.));
#683 = DIRECTION('',(1.,0.,-0.));
#684 = PLANE('',#685);
#685 = AXIS2_PLACEMENT_3D('',#686,#687,#688);
#686 = CARTESIAN_POINT('',(562.91651245988,-325.,-12.));
#687 = DIRECTION('',(0.,0.,1.));
#688 = DIRECTION('',(1.,0.,-0.));
#689 = ADVANCED_FACE('',(#690),#709,.T.);
#690 = FACE_BOUND('',#691,.T.);
#691 = EDGE_LOOP('',(#692,#701,#707,#708));
#692 = ORIENTED_EDGE('',*,*,#693,.T.);
#693 = EDGE_CURVE('',#694,#694,#696,.T.);
#694 = VERTEX_POINT('',#695);
#695 = CARTESIAN_POINT('',(582.91651245988,-325.,-180.));
#696 = CIRCLE('',#697,20.);
#697 = AXIS2_PLACEMENT_3D('',#698,#699,#700);
#698 = CARTESIAN_POINT('',(562.91651245988,-325.,-180.));
#699 = DIRECTION('',(0.,0.,1.));
#700 = DIRECTION('',(1.,0.,-0.));
#701 = ORIENTED_EDGE('',*,*,#702,.T.);
#702 = EDGE_CURVE('',#694,#677,#703,.T.);
#703 = LINE('',#704,#705);
#704 = CARTESIAN_POINT('',(582.91651245988,-325.,-180.));
#705 = VECTOR('',#706,1.);
#706 = DIRECTION('',(-9.9503719021E-02,2.437138220046E-17,0.99503719021)
  );
#707 = ORIENTED_EDGE('',*,*,#676,.F.);
#708 = ORIENTED_EDGE('',*,*,#702,.F.);
#709 = CONICAL_SURFACE('',#710,20.,9.966865249116E-02);
#710 = AXIS2_PLACEMENT_3D('',#711,#712,#713);
#711 = CARTESIAN_POINT('',(562.91651245988,-325.,-180.));
#712 = DIRECTION('',(-0.,-0.,-1.));
#713 = DIRECTION('',(1.,0.,-0.));
#714 = ADVANCED_FACE('',(#715),#718,.F.);
#715 = FACE_BOUND('',#716,.T.);
#716 = EDGE_LOOP('',(#717));
#717 = ORIENTED_EDGE('',*,*,#693,.F.);
#718 = PLANE('',#719);
#719 = AXIS2_PLACEMENT_3D('',#720,#721,#722);
#720 = CARTESIAN_POINT('',(562.91651245988,-325.,-180.));
#721 = DIRECTION('',(0.,0.,1.));
#722 = DIRECTION('',(1.,0.,-0.));
#723 = ( GEOMETRIC_REPRESENTATION_CONTEXT(3) 
GLOBAL_UNCERTAINTY_ASSIGNED_CONTEXT((#727)) GLOBAL_UNIT_ASSIGNED_CONTEXT
((#724,#725,#726)) REPRESENTATION_CONTEXT('Context #1',
  '3D Context with UNIT and UNCERTAINTY') );
#724 = ( LENGTH_UNIT() NAMED_UNIT(*) SI_UNIT(.MILLI.,.METRE.) );
#725 = ( NAMED_UNIT(*) PLANE_ANGLE_UNIT() SI_UNIT($,.RADIAN.) );
#726 = ( NAMED_UNIT(*) SI_UNIT($,.STERADIAN.) SOLID_ANGLE_UNIT() );
#727 = UNCERTAINTY_MEASURE_WITH_UNIT(LENGTH_MEASURE(1.E-07),#724,
  'distance_accuracy_value','confusion accuracy');
#728 = CONTEXT_DEPENDENT_SHAPE_REPRESENTATION(#729,#731);
#729 = ( REPRESENTATION_RELATIONSHIP('','',#76,#10) 
REPRESENTATION_RELATIONSHIP_WITH_TRANSFORMATION(#730) 
SHAPE_REPRESENTATION_RELATIONSHIP() );
#730 = ITEM_DEFINED_TRANSFORMATION('','',#11,#15);
#731 = PRODUCT_DEFINITION_SHAPE('Placement','Placement of an item',#732
  );
#732 = NEXT_ASSEMBLY_USAGE_OCCURRENCE('1',
  '31_水平调节三脚架及地钉基座','',#5,#71,$);
#733 = PRODUCT_RELATED_PRODUCT_CATEGORY('part',$,(#73));
#734 = SHAPE_DEFINITION_REPRESENTATION(#735,#741);
#735 = PRODUCT_DEFINITION_SHAPE('','',#736);
#736 = PRODUCT_DEFINITION('design','',#737,#740);
#737 = PRODUCT_DEFINITION_FORMATION('','',#738);
#738 = PRODUCT('32_三螺钉调平基座','32_三螺钉调平基座','',
  (#739));
#739 = PRODUCT_CONTEXT('',#2,'mechanical');
#740 = PRODUCT_DEFINITION_CONTEXT('part definition',#2,'design');
#741 = ADVANCED_BREP_SHAPE_REPRESENTATION('',(#11,#742),#1285);
#742 = MANIFOLD_SOLID_BREP('',#743);
#743 = CLOSED_SHELL('',(#744,#777,#869,#911,#943,#1033,#1058,#1076,#1094
    ,#1112,#1137,#1162,#1187,#1198,#1208,#1219,#1239,#1248,#1257,#1266)
  );
#744 = ADVANCED_FACE('',(#745),#772,.T.);
#745 = FACE_BOUND('',#746,.T.);
#746 = EDGE_LOOP('',(#747,#756,#764,#771));
#747 = ORIENTED_EDGE('',*,*,#748,.F.);
#748 = EDGE_CURVE('',#749,#749,#751,.T.);
#749 = VERTEX_POINT('',#750);
#750 = CARTESIAN_POINT('',(110.,-2.694222958124E-14,1.2E+03));
#751 = CIRCLE('',#752,110.);
#752 = AXIS2_PLACEMENT_3D('',#753,#754,#755);
#753 = CARTESIAN_POINT('',(0.,0.,1.2E+03));
#754 = DIRECTION('',(0.,0.,1.));
#755 = DIRECTION('',(1.,0.,-0.));
#756 = ORIENTED_EDGE('',*,*,#757,.F.);
#757 = EDGE_CURVE('',#758,#749,#760,.T.);
#758 = VERTEX_POINT('',#759);
#759 = CARTESIAN_POINT('',(110.,-2.694222958124E-14,1.16E+03));
#760 = LINE('',#761,#762);
#761 = CARTESIAN_POINT('',(110.,-2.694222958124E-14,1.16E+03));
#762 = VECTOR('',#763,1.);
#763 = DIRECTION('',(0.,0.,1.));
#764 = ORIENTED_EDGE('',*,*,#765,.T.);
#765 = EDGE_CURVE('',#758,#758,#766,.T.);
#766 = CIRCLE('',#767,110.);
#767 = AXIS2_PLACEMENT_3D('',#768,#769,#770);
#768 = CARTESIAN_POINT('',(0.,0.,1.16E+03));
#769 = DIRECTION('',(0.,0.,1.));
#770 = DIRECTION('',(1.,0.,-0.));
#771 = ORIENTED_EDGE('',*,*,#757,.T.);
#772 = CYLINDRICAL_SURFACE('',#773,110.);
#773 = AXIS2_PLACEMENT_3D('',#774,#775,#776);
#774 = CARTESIAN_POINT('',(0.,0.,1.16E+03));
#775 = DIRECTION('',(0.,0.,1.));
#776 = DIRECTION('',(1.,0.,-0.));
#777 = ADVANCED_FACE('',(#778,#781),#864,.T.);
#778 = FACE_BOUND('',#779,.T.);
#779 = EDGE_LOOP('',(#780));
#780 = ORIENTED_EDGE('',*,*,#748,.T.);
#781 = FACE_BOUND('',#782,.T.);
#782 = EDGE_LOOP('',(#783,#794,#803,#812,#821,#830,#839,#848,#857));
#783 = ORIENTED_EDGE('',*,*,#784,.F.);
#784 = EDGE_CURVE('',#785,#787,#789,.T.);
#785 = VERTEX_POINT('',#786);
#786 = CARTESIAN_POINT('',(12.,-85.,1.2E+03));
#787 = VERTEX_POINT('',#788);
#788 = CARTESIAN_POINT('',(10.559829544079,-79.3,1.2E+03));
#789 = CIRCLE('',#790,12.);
#790 = AXIS2_PLACEMENT_3D('',#791,#792,#793);
#791 = CARTESIAN_POINT('',(-1.561424668913E-14,-85.,1.2E+03));
#792 = DIRECTION('',(0.,0.,1.));
#793 = DIRECTION('',(1.,0.,-0.));
#794 = ORIENTED_EDGE('',*,*,#795,.F.);
#795 = EDGE_CURVE('',#796,#785,#798,.T.);
#796 = VERTEX_POINT('',#797);
#797 = CARTESIAN_POINT('',(-10.55982954407,-79.3,1.2E+03));
#798 = CIRCLE('',#799,12.);
#799 = AXIS2_PLACEMENT_3D('',#800,#801,#802);
#800 = CARTESIAN_POINT('',(-1.561424668913E-14,-85.,1.2E+03));
#801 = DIRECTION('',(0.,0.,1.));
#802 = DIRECTION('',(1.,0.,-0.));
#803 = ORIENTED_EDGE('',*,*,#804,.F.);
#804 = EDGE_CURVE('',#805,#796,#807,.T.);
#805 = VERTEX_POINT('',#806);
#806 = CARTESIAN_POINT('',(-73.95572929214,30.504919355194,1.2E+03));
#807 = CIRCLE('',#808,80.);
#808 = AXIS2_PLACEMENT_3D('',#809,#810,#811);
#809 = CARTESIAN_POINT('',(0.,0.,1.2E+03));
#810 = DIRECTION('',(0.,0.,1.));
#811 = DIRECTION('',(1.,0.,-0.));
#812 = ORIENTED_EDGE('',*,*,#813,.F.);
#813 = EDGE_CURVE('',#814,#805,#816,.T.);
#814 = VERTEX_POINT('',#815);
#815 = CARTESIAN_POINT('',(-63.39589974806,48.795080644806,1.2E+03));
#816 = CIRCLE('',#817,12.);
#817 = AXIS2_PLACEMENT_3D('',#818,#819,#820);
#818 = CARTESIAN_POINT('',(-73.61215932167,42.5,1.2E+03));
#819 = DIRECTION('',(0.,0.,1.));
#820 = DIRECTION('',(1.,0.,-0.));
#821 = ORIENTED_EDGE('',*,*,#822,.F.);
#822 = EDGE_CURVE('',#823,#814,#825,.T.);
#823 = VERTEX_POINT('',#824);
#824 = CARTESIAN_POINT('',(63.395899748067,48.795080644806,1.2E+03));
#825 = CIRCLE('',#826,80.);
#826 = AXIS2_PLACEMENT_3D('',#827,#828,#829);
#827 = CARTESIAN_POINT('',(0.,0.,1.2E+03));
#828 = DIRECTION('',(0.,0.,1.));
#829 = DIRECTION('',(1.,0.,-0.));
#830 = ORIENTED_EDGE('',*,*,#831,.F.);
#831 = EDGE_CURVE('',#832,#823,#834,.T.);
#832 = VERTEX_POINT('',#833);
#833 = CARTESIAN_POINT('',(85.612159321677,42.5,1.2E+03));
#834 = CIRCLE('',#835,12.);
#835 = AXIS2_PLACEMENT_3D('',#836,#837,#838);
#836 = CARTESIAN_POINT('',(73.612159321677,42.5,1.2E+03));
#837 = DIRECTION('',(0.,0.,1.));
#838 = DIRECTION('',(1.,0.,-0.));
#839 = ORIENTED_EDGE('',*,*,#840,.F.);
#840 = EDGE_CURVE('',#841,#832,#843,.T.);
#841 = VERTEX_POINT('',#842);
#842 = CARTESIAN_POINT('',(73.955729292146,30.504919355194,1.2E+03));
#843 = CIRCLE('',#844,12.);
#844 = AXIS2_PLACEMENT_3D('',#845,#846,#847);
#845 = CARTESIAN_POINT('',(73.612159321677,42.5,1.2E+03));
#846 = DIRECTION('',(0.,0.,1.));
#847 = DIRECTION('',(1.,0.,-0.));
#848 = ORIENTED_EDGE('',*,*,#849,.F.);
#849 = EDGE_CURVE('',#850,#841,#852,.T.);
#850 = VERTEX_POINT('',#851);
#851 = CARTESIAN_POINT('',(80.,-1.959434878636E-14,1.2E+03));
#852 = CIRCLE('',#853,80.);
#853 = AXIS2_PLACEMENT_3D('',#854,#855,#856);
#854 = CARTESIAN_POINT('',(0.,0.,1.2E+03));
#855 = DIRECTION('',(0.,0.,1.));
#856 = DIRECTION('',(1.,0.,-0.));
#857 = ORIENTED_EDGE('',*,*,#858,.F.);
#858 = EDGE_CURVE('',#787,#850,#859,.T.);
#859 = CIRCLE('',#860,80.);
#860 = AXIS2_PLACEMENT_3D('',#861,#862,#863);
#861 = CARTESIAN_POINT('',(0.,0.,1.2E+03));
#862 = DIRECTION('',(0.,0.,1.));
#863 = DIRECTION('',(1.,0.,-0.));
#864 = PLANE('',#865);
#865 = AXIS2_PLACEMENT_3D('',#866,#867,#868);
#866 = CARTESIAN_POINT('',(0.,0.,1.2E+03));
#867 = DIRECTION('',(0.,0.,1.));
#868 = DIRECTION('',(1.,0.,-0.));
#869 = ADVANCED_FACE('',(#870,#873,#884,#895),#906,.F.);
#870 = FACE_BOUND('',#871,.F.);
#871 = EDGE_LOOP('',(#872));
#872 = ORIENTED_EDGE('',*,*,#765,.T.);
#873 = FACE_BOUND('',#874,.F.);
#874 = EDGE_LOOP('',(#875));
#875 = ORIENTED_EDGE('',*,*,#876,.F.);
#876 = EDGE_CURVE('',#877,#877,#879,.T.);
#877 = VERTEX_POINT('',#878);
#878 = CARTESIAN_POINT('',(12.,-85.,1.16E+03));
#879 = CIRCLE('',#880,12.);
#880 = AXIS2_PLACEMENT_3D('',#881,#882,#883);
#881 = CARTESIAN_POINT('',(-1.561424668913E-14,-85.,1.16E+03));
#882 = DIRECTION('',(0.,0.,1.));
#883 = DIRECTION('',(1.,0.,-0.));
#884 = FACE_BOUND('',#885,.F.);
#885 = EDGE_LOOP('',(#886));
#886 = ORIENTED_EDGE('',*,*,#887,.F.);
#887 = EDGE_CURVE('',#888,#888,#890,.T.);
#888 = VERTEX_POINT('',#889);
#889 = CARTESIAN_POINT('',(-61.61215932167,42.5,1.16E+03));
#890 = CIRCLE('',#891,12.);
#891 = AXIS2_PLACEMENT_3D('',#892,#893,#894);
#892 = CARTESIAN_POINT('',(-73.61215932167,42.5,1.16E+03));
#893 = DIRECTION('',(0.,0.,1.));
#894 = DIRECTION('',(1.,0.,-0.));
#895 = FACE_BOUND('',#896,.F.);
#896 = EDGE_LOOP('',(#897));
#897 = ORIENTED_EDGE('',*,*,#898,.F.);
#898 = EDGE_CURVE('',#899,#899,#901,.T.);
#899 = VERTEX_POINT('',#900);
#900 = CARTESIAN_POINT('',(85.612159321677,42.5,1.16E+03));
#901 = CIRCLE('',#902,12.);
#902 = AXIS2_PLACEMENT_3D('',#903,#904,#905);
#903 = CARTESIAN_POINT('',(73.612159321677,42.5,1.16E+03));
#904 = DIRECTION('',(0.,0.,1.));
#905 = DIRECTION('',(1.,0.,-0.));
#906 = PLANE('',#907);
#907 = AXIS2_PLACEMENT_3D('',#908,#909,#910);
#908 = CARTESIAN_POINT('',(0.,0.,1.16E+03));
#909 = DIRECTION('',(0.,0.,1.));
#910 = DIRECTION('',(1.,0.,-0.));
#911 = ADVANCED_FACE('',(#912),#938,.T.);
#912 = FACE_BOUND('',#913,.T.);
#913 = EDGE_LOOP('',(#914,#922,#923,#931));
#914 = ORIENTED_EDGE('',*,*,#915,.F.);
#915 = EDGE_CURVE('',#785,#916,#918,.T.);
#916 = VERTEX_POINT('',#917);
#917 = CARTESIAN_POINT('',(12.,-85.,1.21E+03));
#918 = LINE('',#919,#920);
#919 = CARTESIAN_POINT('',(12.,-85.,1.15E+03));
#920 = VECTOR('',#921,1.);
#921 = DIRECTION('',(0.,0.,1.));
#922 = ORIENTED_EDGE('',*,*,#784,.T.);
#923 = ORIENTED_EDGE('',*,*,#924,.T.);
#924 = EDGE_CURVE('',#787,#925,#927,.T.);
#925 = VERTEX_POINT('',#926);
#926 = CARTESIAN_POINT('',(10.559829544079,-79.3,1.21E+03));
#927 = LINE('',#928,#929);
#928 = CARTESIAN_POINT('',(10.559829544079,-79.3,1.15E+03));
#929 = VECTOR('',#930,1.);
#930 = DIRECTION('',(0.,0.,1.));
#931 = ORIENTED_EDGE('',*,*,#932,.F.);
#932 = EDGE_CURVE('',#916,#925,#933,.T.);
#933 = CIRCLE('',#934,12.);
#934 = AXIS2_PLACEMENT_3D('',#935,#936,#937);
#935 = CARTESIAN_POINT('',(-1.561424668913E-14,-85.,1.21E+03));
#936 = DIRECTION('',(0.,0.,1.));
#937 = DIRECTION('',(1.,0.,-0.));
#938 = CYLINDRICAL_SURFACE('',#939,12.);
#939 = AXIS2_PLACEMENT_3D('',#940,#941,#942);
#940 = CARTESIAN_POINT('',(-1.561424668913E-14,-85.,1.15E+03));
#941 = DIRECTION('',(0.,0.,1.));
#942 = DIRECTION('',(1.,0.,-0.));
#943 = ADVANCED_FACE('',(#944),#1028,.T.);
#944 = FACE_BOUND('',#945,.T.);
#945 = EDGE_LOOP('',(#946,#954,#961,#962,#963,#971,#980,#986,#987,#995,
    #1004,#1010,#1011,#1019,#1026,#1027));
#946 = ORIENTED_EDGE('',*,*,#947,.T.);
#947 = EDGE_CURVE('',#850,#948,#950,.T.);
#948 = VERTEX_POINT('',#949);
#949 = CARTESIAN_POINT('',(80.,-1.959434878636E-14,1.22E+03));
#950 = LINE('',#951,#952);
#951 = CARTESIAN_POINT('',(80.,-1.959434878636E-14,1.2E+03));
#952 = VECTOR('',#953,1.);
#953 = DIRECTION('',(0.,0.,1.));
#954 = ORIENTED_EDGE('',*,*,#955,.F.);
#955 = EDGE_CURVE('',#948,#948,#956,.T.);
#956 = CIRCLE('',#957,80.);
#957 = AXIS2_PLACEMENT_3D('',#958,#959,#960);
#958 = CARTESIAN_POINT('',(0.,0.,1.22E+03));
#959 = DIRECTION('',(0.,0.,1.));
#960 = DIRECTION('',(1.,0.,-0.));
#961 = ORIENTED_EDGE('',*,*,#947,.F.);
#962 = ORIENTED_EDGE('',*,*,#849,.T.);
#963 = ORIENTED_EDGE('',*,*,#964,.T.);
#964 = EDGE_CURVE('',#841,#965,#967,.T.);
#965 = VERTEX_POINT('',#966);
#966 = CARTESIAN_POINT('',(73.955729292145,30.504919355194,1.21E+03));
#967 = LINE('',#968,#969);
#968 = CARTESIAN_POINT('',(73.955729292145,30.504919355194,1.15E+03));
#969 = VECTOR('',#970,1.);
#970 = DIRECTION('',(0.,0.,1.));
#971 = ORIENTED_EDGE('',*,*,#972,.T.);
#972 = EDGE_CURVE('',#965,#973,#975,.T.);
#973 = VERTEX_POINT('',#974);
#974 = CARTESIAN_POINT('',(63.395899748067,48.795080644806,1.21E+03));
#975 = CIRCLE('',#976,80.);
#976 = AXIS2_PLACEMENT_3D('',#977,#978,#979);
#977 = CARTESIAN_POINT('',(0.,0.,1.21E+03));
#978 = DIRECTION('',(0.,0.,1.));
#979 = DIRECTION('',(1.,0.,-0.));
#980 = ORIENTED_EDGE('',*,*,#981,.F.);
#981 = EDGE_CURVE('',#823,#973,#982,.T.);
#982 = LINE('',#983,#984);
#983 = CARTESIAN_POINT('',(63.395899748067,48.795080644806,1.15E+03));
#984 = VECTOR('',#985,1.);
#985 = DIRECTION('',(0.,0.,1.));
#986 = ORIENTED_EDGE('',*,*,#822,.T.);
#987 = ORIENTED_EDGE('',*,*,#988,.T.);
#988 = EDGE_CURVE('',#814,#989,#991,.T.);
#989 = VERTEX_POINT('',#990);
#990 = CARTESIAN_POINT('',(-63.39589974806,48.795080644806,1.21E+03));
#991 = LINE('',#992,#993);
#992 = CARTESIAN_POINT('',(-63.39589974806,48.795080644806,1.15E+03));
#993 = VECTOR('',#994,1.);
#994 = DIRECTION('',(0.,0.,1.));
#995 = ORIENTED_EDGE('',*,*,#996,.T.);
#996 = EDGE_CURVE('',#989,#997,#999,.T.);
#997 = VERTEX_POINT('',#998);
#998 = CARTESIAN_POINT('',(-73.95572929214,30.504919355194,1.21E+03));
#999 = CIRCLE('',#1000,80.);
#1000 = AXIS2_PLACEMENT_3D('',#1001,#1002,#1003);
#1001 = CARTESIAN_POINT('',(0.,0.,1.21E+03));
#1002 = DIRECTION('',(0.,0.,1.));
#1003 = DIRECTION('',(1.,0.,-0.));
#1004 = ORIENTED_EDGE('',*,*,#1005,.F.);
#1005 = EDGE_CURVE('',#805,#997,#1006,.T.);
#1006 = LINE('',#1007,#1008);
#1007 = CARTESIAN_POINT('',(-73.95572929214,30.504919355194,1.15E+03));
#1008 = VECTOR('',#1009,1.);
#1009 = DIRECTION('',(0.,0.,1.));
#1010 = ORIENTED_EDGE('',*,*,#804,.T.);
#1011 = ORIENTED_EDGE('',*,*,#1012,.T.);
#1012 = EDGE_CURVE('',#796,#1013,#1015,.T.);
#1013 = VERTEX_POINT('',#1014);
#1014 = CARTESIAN_POINT('',(-10.55982954407,-79.3,1.21E+03));
#1015 = LINE('',#1016,#1017);
#1016 = CARTESIAN_POINT('',(-10.55982954407,-79.3,1.15E+03));
#1017 = VECTOR('',#1018,1.);
#1018 = DIRECTION('',(0.,0.,1.));
#1019 = ORIENTED_EDGE('',*,*,#1020,.T.);
#1020 = EDGE_CURVE('',#1013,#925,#1021,.T.);
#1021 = CIRCLE('',#1022,80.);
#1022 = AXIS2_PLACEMENT_3D('',#1023,#1024,#1025);
#1023 = CARTESIAN_POINT('',(0.,0.,1.21E+03));
#1024 = DIRECTION('',(0.,0.,1.));
#1025 = DIRECTION('',(1.,0.,-0.));
#1026 = ORIENTED_EDGE('',*,*,#924,.F.);
#1027 = ORIENTED_EDGE('',*,*,#858,.T.);
#1028 = CYLINDRICAL_SURFACE('',#1029,80.);
#1029 = AXIS2_PLACEMENT_3D('',#1030,#1031,#1032);
#1030 = CARTESIAN_POINT('',(0.,0.,1.2E+03));
#1031 = DIRECTION('',(0.,0.,1.));
#1032 = DIRECTION('',(1.,0.,-0.));
#1033 = ADVANCED_FACE('',(#1034),#1053,.T.);
#1034 = FACE_BOUND('',#1035,.T.);
#1035 = EDGE_LOOP('',(#1036,#1037,#1045,#1052));
#1036 = ORIENTED_EDGE('',*,*,#840,.T.);
#1037 = ORIENTED_EDGE('',*,*,#1038,.T.);
#1038 = EDGE_CURVE('',#832,#1039,#1041,.T.);
#1039 = VERTEX_POINT('',#1040);
#1040 = CARTESIAN_POINT('',(85.612159321677,42.5,1.21E+03));
#1041 = LINE('',#1042,#1043);
#1042 = CARTESIAN_POINT('',(85.612159321677,42.5,1.15E+03));
#1043 = VECTOR('',#1044,1.);
#1044 = DIRECTION('',(0.,0.,1.));
#1045 = ORIENTED_EDGE('',*,*,#1046,.F.);
#1046 = EDGE_CURVE('',#965,#1039,#1047,.T.);
#1047 = CIRCLE('',#1048,12.);
#1048 = AXIS2_PLACEMENT_3D('',#1049,#1050,#1051);
#1049 = CARTESIAN_POINT('',(73.612159321677,42.5,1.21E+03));
#1050 = DIRECTION('',(0.,0.,1.));
#1051 = DIRECTION('',(1.,0.,-0.));
#1052 = ORIENTED_EDGE('',*,*,#964,.F.);
#1053 = CYLINDRICAL_SURFACE('',#1054,12.);
#1054 = AXIS2_PLACEMENT_3D('',#1055,#1056,#1057);
#1055 = CARTESIAN_POINT('',(73.612159321677,42.5,1.15E+03));
#1056 = DIRECTION('',(0.,0.,1.));
#1057 = DIRECTION('',(1.,0.,-0.));
#1058 = ADVANCED_FACE('',(#1059),#1071,.T.);
#1059 = FACE_BOUND('',#1060,.T.);
#1060 = EDGE_LOOP('',(#1061,#1062,#1063,#1064));
#1061 = ORIENTED_EDGE('',*,*,#1038,.F.);
#1062 = ORIENTED_EDGE('',*,*,#831,.T.);
#1063 = ORIENTED_EDGE('',*,*,#981,.T.);
#1064 = ORIENTED_EDGE('',*,*,#1065,.F.);
#1065 = EDGE_CURVE('',#1039,#973,#1066,.T.);
#1066 = CIRCLE('',#1067,12.);
#1067 = AXIS2_PLACEMENT_3D('',#1068,#1069,#1070);
#1068 = CARTESIAN_POINT('',(73.612159321677,42.5,1.21E+03));
#1069 = DIRECTION('',(0.,0.,1.));
#1070 = DIRECTION('',(1.,0.,-0.));
#1071 = CYLINDRICAL_SURFACE('',#1072,12.);
#1072 = AXIS2_PLACEMENT_3D('',#1073,#1074,#1075);
#1073 = CARTESIAN_POINT('',(73.612159321677,42.5,1.15E+03));
#1074 = DIRECTION('',(0.,0.,1.));
#1075 = DIRECTION('',(1.,0.,-0.));
#1076 = ADVANCED_FACE('',(#1077),#1089,.T.);
#1077 = FACE_BOUND('',#1078,.T.);
#1078 = EDGE_LOOP('',(#1079,#1080,#1081,#1082));
#1079 = ORIENTED_EDGE('',*,*,#988,.F.);
#1080 = ORIENTED_EDGE('',*,*,#813,.T.);
#1081 = ORIENTED_EDGE('',*,*,#1005,.T.);
#1082 = ORIENTED_EDGE('',*,*,#1083,.F.);
#1083 = EDGE_CURVE('',#989,#997,#1084,.T.);
#1084 = CIRCLE('',#1085,12.);
#1085 = AXIS2_PLACEMENT_3D('',#1086,#1087,#1088);
#1086 = CARTESIAN_POINT('',(-73.61215932167,42.5,1.21E+03));
#1087 = DIRECTION('',(0.,0.,1.));
#1088 = DIRECTION('',(1.,0.,-0.));
#1089 = CYLINDRICAL_SURFACE('',#1090,12.);
#1090 = AXIS2_PLACEMENT_3D('',#1091,#1092,#1093);
#1091 = CARTESIAN_POINT('',(-73.61215932167,42.5,1.15E+03));
#1092 = DIRECTION('',(0.,0.,1.));
#1093 = DIRECTION('',(1.,0.,-0.));
#1094 = ADVANCED_FACE('',(#1095),#1107,.T.);
#1095 = FACE_BOUND('',#1096,.T.);
#1096 = EDGE_LOOP('',(#1097,#1098,#1099,#1106));
#1097 = ORIENTED_EDGE('',*,*,#795,.T.);
#1098 = ORIENTED_EDGE('',*,*,#915,.T.);
#1099 = ORIENTED_EDGE('',*,*,#1100,.F.);
#1100 = EDGE_CURVE('',#1013,#916,#1101,.T.);
#1101 = CIRCLE('',#1102,12.);
#1102 = AXIS2_PLACEMENT_3D('',#1103,#1104,#1105);
#1103 = CARTESIAN_POINT('',(-1.561424668913E-14,-85.,1.21E+03));
#1104 = DIRECTION('',(0.,0.,1.));
#1105 = DIRECTION('',(1.,0.,-0.));
#1106 = ORIENTED_EDGE('',*,*,#1012,.F.);
#1107 = CYLINDRICAL_SURFACE('',#1108,12.);
#1108 = AXIS2_PLACEMENT_3D('',#1109,#1110,#1111);
#1109 = CARTESIAN_POINT('',(-1.561424668913E-14,-85.,1.15E+03));
#1110 = DIRECTION('',(0.,0.,1.));
#1111 = DIRECTION('',(1.,0.,-0.));
#1112 = ADVANCED_FACE('',(#1113),#1132,.T.);
#1113 = FACE_BOUND('',#1114,.T.);
#1114 = EDGE_LOOP('',(#1115,#1116,#1124,#1131));
#1115 = ORIENTED_EDGE('',*,*,#876,.F.);
#1116 = ORIENTED_EDGE('',*,*,#1117,.F.);
#1117 = EDGE_CURVE('',#1118,#877,#1120,.T.);
#1118 = VERTEX_POINT('',#1119);
#1119 = CARTESIAN_POINT('',(12.,-85.,1.15E+03));
#1120 = LINE('',#1121,#1122);
#1121 = CARTESIAN_POINT('',(12.,-85.,1.15E+03));
#1122 = VECTOR('',#1123,1.);
#1123 = DIRECTION('',(0.,0.,1.));
#1124 = ORIENTED_EDGE('',*,*,#1125,.T.);
#1125 = EDGE_CURVE('',#1118,#1118,#1126,.T.);
#1126 = CIRCLE('',#1127,12.);
#1127 = AXIS2_PLACEMENT_3D('',#1128,#1129,#1130);
#1128 = CARTESIAN_POINT('',(-1.561424668913E-14,-85.,1.15E+03));
#1129 = DIRECTION('',(0.,0.,1.));
#1130 = DIRECTION('',(1.,0.,-0.));
#1131 = ORIENTED_EDGE('',*,*,#1117,.T.);
#1132 = CYLINDRICAL_SURFACE('',#1133,12.);
#1133 = AXIS2_PLACEMENT_3D('',#1134,#1135,#1136);
#1134 = CARTESIAN_POINT('',(-1.561424668913E-14,-85.,1.15E+03));
#1135 = DIRECTION('',(0.,0.,1.));
#1136 = DIRECTION('',(1.,0.,-0.));
#1137 = ADVANCED_FACE('',(#1138),#1157,.T.);
#1138 = FACE_BOUND('',#1139,.T.);
#1139 = EDGE_LOOP('',(#1140,#1141,#1149,#1156));
#1140 = ORIENTED_EDGE('',*,*,#887,.F.);
#1141 = ORIENTED_EDGE('',*,*,#1142,.F.);
#1142 = EDGE_CURVE('',#1143,#888,#1145,.T.);
#1143 = VERTEX_POINT('',#1144);
#1144 = CARTESIAN_POINT('',(-61.61215932167,42.5,1.15E+03));
#1145 = LINE('',#1146,#1147);
#1146 = CARTESIAN_POINT('',(-61.61215932167,42.5,1.15E+03));
#1147 = VECTOR('',#1148,1.);
#1148 = DIRECTION('',(0.,0.,1.));
#1149 = ORIENTED_EDGE('',*,*,#1150,.T.);
#1150 = EDGE_CURVE('',#1143,#1143,#1151,.T.);
#1151 = CIRCLE('',#1152,12.);
#1152 = AXIS2_PLACEMENT_3D('',#1153,#1154,#1155);
#1153 = CARTESIAN_POINT('',(-73.61215932167,42.5,1.15E+03));
#1154 = DIRECTION('',(0.,0.,1.));
#1155 = DIRECTION('',(1.,0.,-0.));
#1156 = ORIENTED_EDGE('',*,*,#1142,.T.);
#1157 = CYLINDRICAL_SURFACE('',#1158,12.);
#1158 = AXIS2_PLACEMENT_3D('',#1159,#1160,#1161);
#1159 = CARTESIAN_POINT('',(-73.61215932167,42.5,1.15E+03));
#1160 = DIRECTION('',(0.,0.,1.));
#1161 = DIRECTION('',(1.,0.,-0.));
#1162 = ADVANCED_FACE('',(#1163),#1182,.T.);
#1163 = FACE_BOUND('',#1164,.T.);
#1164 = EDGE_LOOP('',(#1165,#1166,#1174,#1181));
#1165 = ORIENTED_EDGE('',*,*,#898,.F.);
#1166 = ORIENTED_EDGE('',*,*,#1167,.F.);
#1167 = EDGE_CURVE('',#1168,#899,#1170,.T.);
#1168 = VERTEX_POINT('',#1169);
#1169 = CARTESIAN_POINT('',(85.612159321677,42.5,1.15E+03));
#1170 = LINE('',#1171,#1172);
#1171 = CARTESIAN_POINT('',(85.612159321677,42.5,1.15E+03));
#1172 = VECTOR('',#1173,1.);
#1173 = DIRECTION('',(0.,0.,1.));
#1174 = ORIENTED_EDGE('',*,*,#1175,.T.);
#1175 = EDGE_CURVE('',#1168,#1168,#1176,.T.);
#1176 = CIRCLE('',#1177,12.);
#1177 = AXIS2_PLACEMENT_3D('',#1178,#1179,#1180);
#1178 = CARTESIAN_POINT('',(73.612159321677,42.5,1.15E+03));
#1179 = DIRECTION('',(0.,0.,1.));
#1180 = DIRECTION('',(1.,0.,-0.));
#1181 = ORIENTED_EDGE('',*,*,#1167,.T.);
#1182 = CYLINDRICAL_SURFACE('',#1183,12.);
#1183 = AXIS2_PLACEMENT_3D('',#1184,#1185,#1186);
#1184 = CARTESIAN_POINT('',(73.612159321677,42.5,1.15E+03));
#1185 = DIRECTION('',(0.,0.,1.));
#1186 = DIRECTION('',(1.,0.,-0.));
#1187 = ADVANCED_FACE('',(#1188),#1193,.T.);
#1188 = FACE_BOUND('',#1189,.T.);
#1189 = EDGE_LOOP('',(#1190,#1191,#1192));
#1190 = ORIENTED_EDGE('',*,*,#1100,.T.);
#1191 = ORIENTED_EDGE('',*,*,#932,.T.);
#1192 = ORIENTED_EDGE('',*,*,#1020,.F.);
#1193 = PLANE('',#1194);
#1194 = AXIS2_PLACEMENT_3D('',#1195,#1196,#1197);
#1195 = CARTESIAN_POINT('',(-1.561424668913E-14,-85.,1.21E+03));
#1196 = DIRECTION('',(0.,0.,1.));
#1197 = DIRECTION('',(1.,0.,-0.));
#1198 = ADVANCED_FACE('',(#1199),#1203,.T.);
#1199 = FACE_BOUND('',#1200,.T.);
#1200 = EDGE_LOOP('',(#1201,#1202));
#1201 = ORIENTED_EDGE('',*,*,#996,.F.);
#1202 = ORIENTED_EDGE('',*,*,#1083,.T.);
#1203 = PLANE('',#1204);
#1204 = AXIS2_PLACEMENT_3D('',#1205,#1206,#1207);
#1205 = CARTESIAN_POINT('',(-73.61215932167,42.5,1.21E+03));
#1206 = DIRECTION('',(0.,0.,1.));
#1207 = DIRECTION('',(1.,0.,-0.));
#1208 = ADVANCED_FACE('',(#1209),#1214,.T.);
#1209 = FACE_BOUND('',#1210,.T.);
#1210 = EDGE_LOOP('',(#1211,#1212,#1213));
#1211 = ORIENTED_EDGE('',*,*,#1046,.T.);
#1212 = ORIENTED_EDGE('',*,*,#1065,.T.);
#1213 = ORIENTED_EDGE('',*,*,#972,.F.);
#1214 = PLANE('',#1215);
#1215 = AXIS2_PLACEMENT_3D('',#1216,#1217,#1218);
#1216 = CARTESIAN_POINT('',(73.612159321677,42.5,1.21E+03));
#1217 = DIRECTION('',(0.,0.,1.));
#1218 = DIRECTION('',(1.,0.,-0.));
#1219 = ADVANCED_FACE('',(#1220,#1223),#1234,.T.);
#1220 = FACE_BOUND('',#1221,.T.);
#1221 = EDGE_LOOP('',(#1222));
#1222 = ORIENTED_EDGE('',*,*,#955,.T.);
#1223 = FACE_BOUND('',#1224,.T.);
#1224 = EDGE_LOOP('',(#1225));
#1225 = ORIENTED_EDGE('',*,*,#1226,.F.);
#1226 = EDGE_CURVE('',#1227,#1227,#1229,.T.);
#1227 = VERTEX_POINT('',#1228);
#1228 = CARTESIAN_POINT('',(73.416407864999,-3.286072189585E-15,1.22E+03
    ));
#1229 = CIRCLE('',#1230,13.416407864999);
#1230 = AXIS2_PLACEMENT_3D('',#1231,#1232,#1233);
#1231 = CARTESIAN_POINT('',(60.,0.,1.22E+03));
#1232 = DIRECTION('',(0.,0.,1.));
#1233 = DIRECTION('',(1.,0.,-0.));
#1234 = PLANE('',#1235);
#1235 = AXIS2_PLACEMENT_3D('',#1236,#1237,#1238);
#1236 = CARTESIAN_POINT('',(0.,0.,1.22E+03));
#1237 = DIRECTION('',(0.,0.,1.));
#1238 = DIRECTION('',(1.,0.,-0.));
#1239 = ADVANCED_FACE('',(#1240),#1243,.F.);
#1240 = FACE_BOUND('',#1241,.T.);
#1241 = EDGE_LOOP('',(#1242));
#1242 = ORIENTED_EDGE('',*,*,#1125,.F.);
#1243 = PLANE('',#1244);
#1244 = AXIS2_PLACEMENT_3D('',#1245,#1246,#1247);
#1245 = CARTESIAN_POINT('',(-1.561424668913E-14,-85.,1.15E+03));
#1246 = DIRECTION('',(0.,0.,1.));
#1247 = DIRECTION('',(1.,0.,-0.));
#1248 = ADVANCED_FACE('',(#1249),#1252,.F.);
#1249 = FACE_BOUND('',#1250,.T.);
#1250 = EDGE_LOOP('',(#1251));
#1251 = ORIENTED_EDGE('',*,*,#1150,.F.);
#1252 = PLANE('',#1253);
#1253 = AXIS2_PLACEMENT_3D('',#1254,#1255,#1256);
#1254 = CARTESIAN_POINT('',(-73.61215932167,42.5,1.15E+03));
#1255 = DIRECTION('',(0.,0.,1.));
#1256 = DIRECTION('',(1.,0.,-0.));
#1257 = ADVANCED_FACE('',(#1258),#1261,.F.);
#1258 = FACE_BOUND('',#1259,.T.);
#1259 = EDGE_LOOP('',(#1260));
#1260 = ORIENTED_EDGE('',*,*,#1175,.F.);
#1261 = PLANE('',#1262);
#1262 = AXIS2_PLACEMENT_3D('',#1263,#1264,#1265);
#1263 = CARTESIAN_POINT('',(73.612159321677,42.5,1.15E+03));
#1264 = DIRECTION('',(0.,0.,1.));
#1265 = DIRECTION('',(1.,0.,-0.));
#1266 = ADVANCED_FACE('',(#1267),#1280,.F.);
#1267 = FACE_BOUND('',#1268,.F.);
#1268 = EDGE_LOOP('',(#1269,#1270,#1279));
#1269 = ORIENTED_EDGE('',*,*,#1226,.F.);
#1270 = ORIENTED_EDGE('',*,*,#1271,.F.);
#1271 = EDGE_CURVE('',#1272,#1227,#1274,.T.);
#1272 = VERTEX_POINT('',#1273);
#1273 = CARTESIAN_POINT('',(60.,0.,1.21E+03));
#1274 = CIRCLE('',#1275,14.);
#1275 = AXIS2_PLACEMENT_3D('',#1276,#1277,#1278);
#1276 = CARTESIAN_POINT('',(60.,0.,1.224E+03));
#1277 = DIRECTION('',(-2.449293598295E-16,-1.,0.));
#1278 = DIRECTION('',(1.,-2.449293598295E-16,0.));
#1279 = ORIENTED_EDGE('',*,*,#1271,.T.);
#1280 = SPHERICAL_SURFACE('',#1281,14.);
#1281 = AXIS2_PLACEMENT_3D('',#1282,#1283,#1284);
#1282 = CARTESIAN_POINT('',(60.,0.,1.224E+03));
#1283 = DIRECTION('',(0.,0.,1.));
#1284 = DIRECTION('',(1.,0.,-0.));
#1285 = ( GEOMETRIC_REPRESENTATION_CONTEXT(3) 
GLOBAL_UNCERTAINTY_ASSIGNED_CONTEXT((#1289)) 
GLOBAL_UNIT_ASSIGNED_CONTEXT((#1286,#1287,#1288)) REPRESENTATION_CONTEXT
('Context #1','3D Context with UNIT and UNCERTAINTY') );
#1286 = ( LENGTH_UNIT() NAMED_UNIT(*) SI_UNIT(.MILLI.,.METRE.) );
#1287 = ( NAMED_UNIT(*) PLANE_ANGLE_UNIT() SI_UNIT($,.RADIAN.) );
#1288 = ( NAMED_UNIT(*) SI_UNIT($,.STERADIAN.) SOLID_ANGLE_UNIT() );
#1289 = UNCERTAINTY_MEASURE_WITH_UNIT(LENGTH_MEASURE(1.E-07),#1286,
  'distance_accuracy_value','confusion accuracy');
#1290 = CONTEXT_DEPENDENT_SHAPE_REPRESENTATION(#1291,#1293);
#1291 = ( REPRESENTATION_RELATIONSHIP('','',#741,#10) 
REPRESENTATION_RELATIONSHIP_WITH_TRANSFORMATION(#1292) 
SHAPE_REPRESENTATION_RELATIONSHIP() );
#1292 = ITEM_DEFINED_TRANSFORMATION('','',#11,#19);
#1293 = PRODUCT_DEFINITION_SHAPE('Placement','Placement of an item',
  #1294);
#1294 = NEXT_ASSEMBLY_USAGE_OCCURRENCE('2','32_三螺钉调平基座',''
  ,#5,#736,$);
#1295 = PRODUCT_RELATED_PRODUCT_CATEGORY('part',$,(#738));
#1296 = SHAPE_DEFINITION_REPRESENTATION(#1297,#1303);
#1297 = PRODUCT_DEFINITION_SHAPE('','',#1298);
#1298 = PRODUCT_DEFINITION('design','',#1299,#1302);
#1299 = PRODUCT_DEFINITION_FORMATION('','',#1300);
#1300 = PRODUCT('33_双轴云台（方位/俯仰电机与编码器）',
  '33_双轴云台（方位/俯仰电机与编码器）','',(#1301));
#1301 = PRODUCT_CONTEXT('',#2,'mechanical');
#1302 = PRODUCT_DEFINITION_CONTEXT('part definition',#2,'design');
#1303 = ADVANCED_BREP_SHAPE_REPRESENTATION('',(#11,#1304),#1926);
#1304 = MANIFOLD_SOLID_BREP('',#1305);
#1305 = CLOSED_SHELL('',(#1306,#1357,#1366,#1398,#1429,#1461,#1492,#1524
    ,#1555,#1587,#1622,#1647,#1679,#1701,#1733,#1761,#1789,#1801,#1826,
    #1843,#1866,#1891,#1908,#1917));
#1306 = ADVANCED_FACE('',(#1307),#1352,.T.);
#1307 = FACE_BOUND('',#1308,.T.);
#1308 = EDGE_LOOP('',(#1309,#1319,#1328,#1337,#1344,#1345));
#1309 = ORIENTED_EDGE('',*,*,#1310,.T.);
#1310 = EDGE_CURVE('',#1311,#1313,#1315,.T.);
#1311 = VERTEX_POINT('',#1312);
#1312 = CARTESIAN_POINT('',(90.,-2.204364238465E-14,1.22E+03));
#1313 = VERTEX_POINT('',#1314);
#1314 = CARTESIAN_POINT('',(90.,-2.204364238465E-14,1.29E+03));
#1315 = LINE('',#1316,#1317);
#1316 = CARTESIAN_POINT('',(90.,-2.204364238465E-14,1.22E+03));
#1317 = VECTOR('',#1318,1.);
#1318 = DIRECTION('',(0.,0.,1.));
#1319 = ORIENTED_EDGE('',*,*,#1320,.F.);
#1320 = EDGE_CURVE('',#1321,#1313,#1323,.T.);
#1321 = VERTEX_POINT('',#1322);
#1322 = CARTESIAN_POINT('',(2.24339887727E-07,-90.,1.29E+03));
#1323 = CIRCLE('',#1324,90.);
#1324 = AXIS2_PLACEMENT_3D('',#1325,#1326,#1327);
#1325 = CARTESIAN_POINT('',(0.,0.,1.29E+03));
#1326 = DIRECTION('',(0.,0.,1.));
#1327 = DIRECTION('',(1.,0.,-0.));
#1328 = ORIENTED_EDGE('',*,*,#1329,.F.);
#1329 = EDGE_CURVE('',#1330,#1321,#1332,.T.);
#1330 = VERTEX_POINT('',#1331);
#1331 = CARTESIAN_POINT('',(-4.48671813389E-07,90.,1.29E+03));
#1332 = CIRCLE('',#1333,90.);
#1333 = AXIS2_PLACEMENT_3D('',#1334,#1335,#1336);
#1334 = CARTESIAN_POINT('',(0.,0.,1.29E+03));
#1335 = DIRECTION('',(0.,0.,1.));
#1336 = DIRECTION('',(1.,0.,-0.));
#1337 = ORIENTED_EDGE('',*,*,#1338,.F.);
#1338 = EDGE_CURVE('',#1313,#1330,#1339,.T.);
#1339 = CIRCLE('',#1340,90.);
#1340 = AXIS2_PLACEMENT_3D('',#1341,#1342,#1343);
#1341 = CARTESIAN_POINT('',(0.,0.,1.29E+03));
#1342 = DIRECTION('',(0.,0.,1.));
#1343 = DIRECTION('',(1.,0.,-0.));
#1344 = ORIENTED_EDGE('',*,*,#1310,.F.);
#1345 = ORIENTED_EDGE('',*,*,#1346,.T.);
#1346 = EDGE_CURVE('',#1311,#1311,#1347,.T.);
#1347 = CIRCLE('',#1348,90.);
#1348 = AXIS2_PLACEMENT_3D('',#1349,#1350,#1351);
#1349 = CARTESIAN_POINT('',(0.,0.,1.22E+03));
#1350 = DIRECTION('',(0.,0.,1.));
#1351 = DIRECTION('',(1.,0.,-0.));
#1352 = CYLINDRICAL_SURFACE('',#1353,90.);
#1353 = AXIS2_PLACEMENT_3D('',#1354,#1355,#1356);
#1354 = CARTESIAN_POINT('',(0.,0.,1.22E+03));
#1355 = DIRECTION('',(0.,0.,1.));
#1356 = DIRECTION('',(1.,0.,-0.));
#1357 = ADVANCED_FACE('',(#1358),#1361,.F.);
#1358 = FACE_BOUND('',#1359,.T.);
#1359 = EDGE_LOOP('',(#1360));
#1360 = ORIENTED_EDGE('',*,*,#1346,.F.);
#1361 = PLANE('',#1362);
#1362 = AXIS2_PLACEMENT_3D('',#1363,#1364,#1365);
#1363 = CARTESIAN_POINT('',(0.,0.,1.22E+03));
#1364 = DIRECTION('',(0.,0.,1.));
#1365 = DIRECTION('',(1.,0.,-0.));
#1366 = ADVANCED_FACE('',(#1367),#1393,.F.);
#1367 = FACE_BOUND('',#1368,.F.);
#1368 = EDGE_LOOP('',(#1369,#1370,#1378,#1386,#1392));
#1369 = ORIENTED_EDGE('',*,*,#1320,.F.);
#1370 = ORIENTED_EDGE('',*,*,#1371,.T.);
#1371 = EDGE_CURVE('',#1321,#1372,#1374,.T.);
#1372 = VERTEX_POINT('',#1373);
#1373 = CARTESIAN_POINT('',(120.,-90.,1.29E+03));
#1374 = LINE('',#1375,#1376);
#1375 = CARTESIAN_POINT('',(-120.,-90.,1.29E+03));
#1376 = VECTOR('',#1377,1.);
#1377 = DIRECTION('',(1.,0.,-0.));
#1378 = ORIENTED_EDGE('',*,*,#1379,.T.);
#1379 = EDGE_CURVE('',#1372,#1380,#1382,.T.);
#1380 = VERTEX_POINT('',#1381);
#1381 = CARTESIAN_POINT('',(120.,90.,1.29E+03));
#1382 = LINE('',#1383,#1384);
#1383 = CARTESIAN_POINT('',(120.,-90.,1.29E+03));
#1384 = VECTOR('',#1385,1.);
#1385 = DIRECTION('',(-0.,1.,0.));
#1386 = ORIENTED_EDGE('',*,*,#1387,.F.);
#1387 = EDGE_CURVE('',#1330,#1380,#1388,.T.);
#1388 = LINE('',#1389,#1390);
#1389 = CARTESIAN_POINT('',(-120.,90.,1.29E+03));
#1390 = VECTOR('',#1391,1.);
#1391 = DIRECTION('',(1.,0.,-0.));
#1392 = ORIENTED_EDGE('',*,*,#1338,.F.);
#1393 = PLANE('',#1394);
#1394 = AXIS2_PLACEMENT_3D('',#1395,#1396,#1397);
#1395 = CARTESIAN_POINT('',(-120.,-90.,1.29E+03));
#1396 = DIRECTION('',(0.,0.,1.));
#1397 = DIRECTION('',(1.,0.,-0.));
#1398 = ADVANCED_FACE('',(#1399),#1424,.F.);
#1399 = FACE_BOUND('',#1400,.F.);
#1400 = EDGE_LOOP('',(#1401,#1411,#1417,#1418));
#1401 = ORIENTED_EDGE('',*,*,#1402,.F.);
#1402 = EDGE_CURVE('',#1403,#1405,#1407,.T.);
#1403 = VERTEX_POINT('',#1404);
#1404 = CARTESIAN_POINT('',(-120.,-90.,1.29E+03));
#1405 = VERTEX_POINT('',#1406);
#1406 = CARTESIAN_POINT('',(-120.,90.,1.29E+03));
#1407 = LINE('',#1408,#1409);
#1408 = CARTESIAN_POINT('',(-120.,-90.,1.29E+03));
#1409 = VECTOR('',#1410,1.);
#1410 = DIRECTION('',(-0.,1.,0.));
#1411 = ORIENTED_EDGE('',*,*,#1412,.T.);
#1412 = EDGE_CURVE('',#1403,#1321,#1413,.T.);
#1413 = LINE('',#1414,#1415);
#1414 = CARTESIAN_POINT('',(-120.,-90.,1.29E+03));
#1415 = VECTOR('',#1416,1.);
#1416 = DIRECTION('',(1.,0.,-0.));
#1417 = ORIENTED_EDGE('',*,*,#1329,.F.);
#1418 = ORIENTED_EDGE('',*,*,#1419,.F.);
#1419 = EDGE_CURVE('',#1405,#1330,#1420,.T.);
#1420 = LINE('',#1421,#1422);
#1421 = CARTESIAN_POINT('',(-120.,90.,1.29E+03));
#1422 = VECTOR('',#1423,1.);
#1423 = DIRECTION('',(1.,0.,-0.));
#1424 = PLANE('',#1425);
#1425 = AXIS2_PLACEMENT_3D('',#1426,#1427,#1428);
#1426 = CARTESIAN_POINT('',(-120.,-90.,1.29E+03));
#1427 = DIRECTION('',(0.,0.,1.));
#1428 = DIRECTION('',(1.,0.,-0.));
#1429 = ADVANCED_FACE('',(#1430),#1456,.F.);
#1430 = FACE_BOUND('',#1431,.F.);
#1431 = EDGE_LOOP('',(#1432,#1440,#1441,#1442,#1450));
#1432 = ORIENTED_EDGE('',*,*,#1433,.F.);
#1433 = EDGE_CURVE('',#1405,#1434,#1436,.T.);
#1434 = VERTEX_POINT('',#1435);
#1435 = CARTESIAN_POINT('',(-120.,110.,1.29E+03));
#1436 = LINE('',#1437,#1438);
#1437 = CARTESIAN_POINT('',(-120.,90.,1.29E+03));
#1438 = VECTOR('',#1439,1.);
#1439 = DIRECTION('',(-0.,1.,0.));
#1440 = ORIENTED_EDGE('',*,*,#1419,.T.);
#1441 = ORIENTED_EDGE('',*,*,#1387,.T.);
#1442 = ORIENTED_EDGE('',*,*,#1443,.T.);
#1443 = EDGE_CURVE('',#1380,#1444,#1446,.T.);
#1444 = VERTEX_POINT('',#1445);
#1445 = CARTESIAN_POINT('',(120.,110.,1.29E+03));
#1446 = LINE('',#1447,#1448);
#1447 = CARTESIAN_POINT('',(120.,90.,1.29E+03));
#1448 = VECTOR('',#1449,1.);
#1449 = DIRECTION('',(-0.,1.,0.));
#1450 = ORIENTED_EDGE('',*,*,#1451,.F.);
#1451 = EDGE_CURVE('',#1434,#1444,#1452,.T.);
#1452 = LINE('',#1453,#1454);
#1453 = CARTESIAN_POINT('',(-120.,110.,1.29E+03));
#1454 = VECTOR('',#1455,1.);
#1455 = DIRECTION('',(1.,0.,-0.));
#1456 = PLANE('',#1457);
#1457 = AXIS2_PLACEMENT_3D('',#1458,#1459,#1460);
#1458 = CARTESIAN_POINT('',(-120.,90.,1.29E+03));
#1459 = DIRECTION('',(0.,0.,1.));
#1460 = DIRECTION('',(1.,0.,-0.));
#1461 = ADVANCED_FACE('',(#1462),#1487,.T.);
#1462 = FACE_BOUND('',#1463,.T.);
#1463 = EDGE_LOOP('',(#1464,#1472,#1473,#1481));
#1464 = ORIENTED_EDGE('',*,*,#1465,.F.);
#1465 = EDGE_CURVE('',#1372,#1466,#1468,.T.);
#1466 = VERTEX_POINT('',#1467);
#1467 = CARTESIAN_POINT('',(120.,-90.,1.31E+03));
#1468 = LINE('',#1469,#1470);
#1469 = CARTESIAN_POINT('',(120.,-90.,1.29E+03));
#1470 = VECTOR('',#1471,1.);
#1471 = DIRECTION('',(0.,0.,1.));
#1472 = ORIENTED_EDGE('',*,*,#1379,.T.);
#1473 = ORIENTED_EDGE('',*,*,#1474,.T.);
#1474 = EDGE_CURVE('',#1380,#1475,#1477,.T.);
#1475 = VERTEX_POINT('',#1476);
#1476 = CARTESIAN_POINT('',(120.,90.,1.31E+03));
#1477 = LINE('',#1478,#1479);
#1478 = CARTESIAN_POINT('',(120.,90.,1.29E+03));
#1479 = VECTOR('',#1480,1.);
#1480 = DIRECTION('',(0.,0.,1.));
#1481 = ORIENTED_EDGE('',*,*,#1482,.F.);
#1482 = EDGE_CURVE('',#1466,#1475,#1483,.T.);
#1483 = LINE('',#1484,#1485);
#1484 = CARTESIAN_POINT('',(120.,-90.,1.31E+03));
#1485 = VECTOR('',#1486,1.);
#1486 = DIRECTION('',(-0.,1.,0.));
#1487 = PLANE('',#1488);
#1488 = AXIS2_PLACEMENT_3D('',#1489,#1490,#1491);
#1489 = CARTESIAN_POINT('',(120.,-90.,1.29E+03));
#1490 = DIRECTION('',(1.,0.,-0.));
#1491 = DIRECTION('',(0.,0.,1.));
#1492 = ADVANCED_FACE('',(#1493),#1519,.F.);
#1493 = FACE_BOUND('',#1494,.F.);
#1494 = EDGE_LOOP('',(#1495,#1503,#1511,#1517,#1518));
#1495 = ORIENTED_EDGE('',*,*,#1496,.F.);
#1496 = EDGE_CURVE('',#1497,#1403,#1499,.T.);
#1497 = VERTEX_POINT('',#1498);
#1498 = CARTESIAN_POINT('',(-120.,-110.,1.29E+03));
#1499 = LINE('',#1500,#1501);
#1500 = CARTESIAN_POINT('',(-120.,-110.,1.29E+03));
#1501 = VECTOR('',#1502,1.);
#1502 = DIRECTION('',(-0.,1.,0.));
#1503 = ORIENTED_EDGE('',*,*,#1504,.T.);
#1504 = EDGE_CURVE('',#1497,#1505,#1507,.T.);
#1505 = VERTEX_POINT('',#1506);
#1506 = CARTESIAN_POINT('',(120.,-110.,1.29E+03));
#1507 = LINE('',#1508,#1509);
#1508 = CARTESIAN_POINT('',(-120.,-110.,1.29E+03));
#1509 = VECTOR('',#1510,1.);
#1510 = DIRECTION('',(1.,0.,-0.));
#1511 = ORIENTED_EDGE('',*,*,#1512,.T.);
#1512 = EDGE_CURVE('',#1505,#1372,#1513,.T.);
#1513 = LINE('',#1514,#1515);
#1514 = CARTESIAN_POINT('',(120.,-110.,1.29E+03));
#1515 = VECTOR('',#1516,1.);
#1516 = DIRECTION('',(-0.,1.,0.));
#1517 = ORIENTED_EDGE('',*,*,#1371,.F.);
#1518 = ORIENTED_EDGE('',*,*,#1412,.F.);
#1519 = PLANE('',#1520);
#1520 = AXIS2_PLACEMENT_3D('',#1521,#1522,#1523);
#1521 = CARTESIAN_POINT('',(-120.,-110.,1.29E+03));
#1522 = DIRECTION('',(0.,0.,1.));
#1523 = DIRECTION('',(1.,0.,-0.));
#1524 = ADVANCED_FACE('',(#1525),#1550,.F.);
#1525 = FACE_BOUND('',#1526,.F.);
#1526 = EDGE_LOOP('',(#1527,#1535,#1536,#1544));
#1527 = ORIENTED_EDGE('',*,*,#1528,.F.);
#1528 = EDGE_CURVE('',#1403,#1529,#1531,.T.);
#1529 = VERTEX_POINT('',#1530);
#1530 = CARTESIAN_POINT('',(-120.,-90.,1.31E+03));
#1531 = LINE('',#1532,#1533);
#1532 = CARTESIAN_POINT('',(-120.,-90.,1.29E+03));
#1533 = VECTOR('',#1534,1.);
#1534 = DIRECTION('',(0.,0.,1.));
#1535 = ORIENTED_EDGE('',*,*,#1402,.T.);
#1536 = ORIENTED_EDGE('',*,*,#1537,.T.);
#1537 = EDGE_CURVE('',#1405,#1538,#1540,.T.);
#1538 = VERTEX_POINT('',#1539);
#1539 = CARTESIAN_POINT('',(-120.,90.,1.31E+03));
#1540 = LINE('',#1541,#1542);
#1541 = CARTESIAN_POINT('',(-120.,90.,1.29E+03));
#1542 = VECTOR('',#1543,1.);
#1543 = DIRECTION('',(0.,0.,1.));
#1544 = ORIENTED_EDGE('',*,*,#1545,.F.);
#1545 = EDGE_CURVE('',#1529,#1538,#1546,.T.);
#1546 = LINE('',#1547,#1548);
#1547 = CARTESIAN_POINT('',(-120.,-90.,1.31E+03));
#1548 = VECTOR('',#1549,1.);
#1549 = DIRECTION('',(-0.,1.,0.));
#1550 = PLANE('',#1551);
#1551 = AXIS2_PLACEMENT_3D('',#1552,#1553,#1554);
#1552 = CARTESIAN_POINT('',(-120.,-90.,1.29E+03));
#1553 = DIRECTION('',(1.,0.,-0.));
#1554 = DIRECTION('',(0.,0.,1.));
#1555 = ADVANCED_FACE('',(#1556),#1582,.F.);
#1556 = FACE_BOUND('',#1557,.F.);
#1557 = EDGE_LOOP('',(#1558,#1559,#1560,#1568,#1576));
#1558 = ORIENTED_EDGE('',*,*,#1537,.F.);
#1559 = ORIENTED_EDGE('',*,*,#1433,.T.);
#1560 = ORIENTED_EDGE('',*,*,#1561,.T.);
#1561 = EDGE_CURVE('',#1434,#1562,#1564,.T.);
#1562 = VERTEX_POINT('',#1563);
#1563 = CARTESIAN_POINT('',(-120.,110.,1.51E+03));
#1564 = LINE('',#1565,#1566);
#1565 = CARTESIAN_POINT('',(-120.,110.,1.29E+03));
#1566 = VECTOR('',#1567,1.);
#1567 = DIRECTION('',(0.,0.,1.));
#1568 = ORIENTED_EDGE('',*,*,#1569,.F.);
#1569 = EDGE_CURVE('',#1570,#1562,#1572,.T.);
#1570 = VERTEX_POINT('',#1571);
#1571 = CARTESIAN_POINT('',(-120.,90.,1.51E+03));
#1572 = LINE('',#1573,#1574);
#1573 = CARTESIAN_POINT('',(-120.,90.,1.51E+03));
#1574 = VECTOR('',#1575,1.);
#1575 = DIRECTION('',(-0.,1.,0.));
#1576 = ORIENTED_EDGE('',*,*,#1577,.F.);
#1577 = EDGE_CURVE('',#1538,#1570,#1578,.T.);
#1578 = LINE('',#1579,#1580);
#1579 = CARTESIAN_POINT('',(-120.,90.,1.29E+03));
#1580 = VECTOR('',#1581,1.);
#1581 = DIRECTION('',(0.,0.,1.));
#1582 = PLANE('',#1583);
#1583 = AXIS2_PLACEMENT_3D('',#1584,#1585,#1586);
#1584 = CARTESIAN_POINT('',(-120.,90.,1.29E+03));
#1585 = DIRECTION('',(1.,0.,-0.));
#1586 = DIRECTION('',(0.,0.,1.));
#1587 = ADVANCED_FACE('',(#1588,#1606),#1617,.T.);
#1588 = FACE_BOUND('',#1589,.T.);
#1589 = EDGE_LOOP('',(#1590,#1591,#1592,#1600));
#1590 = ORIENTED_EDGE('',*,*,#1451,.F.);
#1591 = ORIENTED_EDGE('',*,*,#1561,.T.);
#1592 = ORIENTED_EDGE('',*,*,#1593,.T.);
#1593 = EDGE_CURVE('',#1562,#1594,#1596,.T.);
#1594 = VERTEX_POINT('',#1595);
#1595 = CARTESIAN_POINT('',(120.,110.,1.51E+03));
#1596 = LINE('',#1597,#1598);
#1597 = CARTESIAN_POINT('',(-120.,110.,1.51E+03));
#1598 = VECTOR('',#1599,1.);
#1599 = DIRECTION('',(1.,0.,-0.));
#1600 = ORIENTED_EDGE('',*,*,#1601,.F.);
#1601 = EDGE_CURVE('',#1444,#1594,#1602,.T.);
#1602 = LINE('',#1603,#1604);
#1603 = CARTESIAN_POINT('',(120.,110.,1.29E+03));
#1604 = VECTOR('',#1605,1.);
#1605 = DIRECTION('',(0.,0.,1.));
#1606 = FACE_BOUND('',#1607,.T.);
#1607 = EDGE_LOOP('',(#1608));
#1608 = ORIENTED_EDGE('',*,*,#1609,.F.);
#1609 = EDGE_CURVE('',#1610,#1610,#1612,.T.);
#1610 = VERTEX_POINT('',#1611);
#1611 = CARTESIAN_POINT('',(-6.123233995737E-15,110.,1.475E+03));
#1612 = CIRCLE('',#1613,25.);
#1613 = AXIS2_PLACEMENT_3D('',#1614,#1615,#1616);
#1614 = CARTESIAN_POINT('',(0.,110.,1.45E+03));
#1615 = DIRECTION('',(0.,1.,0.));
#1616 = DIRECTION('',(0.,-0.,1.));
#1617 = PLANE('',#1618);
#1618 = AXIS2_PLACEMENT_3D('',#1619,#1620,#1621);
#1619 = CARTESIAN_POINT('',(-120.,110.,1.29E+03));
#1620 = DIRECTION('',(-0.,1.,0.));
#1621 = DIRECTION('',(0.,0.,1.));
#1622 = ADVANCED_FACE('',(#1623),#1642,.T.);
#1623 = FACE_BOUND('',#1624,.T.);
#1624 = EDGE_LOOP('',(#1625,#1626,#1627,#1628,#1636));
#1625 = ORIENTED_EDGE('',*,*,#1474,.F.);
#1626 = ORIENTED_EDGE('',*,*,#1443,.T.);
#1627 = ORIENTED_EDGE('',*,*,#1601,.T.);
#1628 = ORIENTED_EDGE('',*,*,#1629,.F.);
#1629 = EDGE_CURVE('',#1630,#1594,#1632,.T.);
#1630 = VERTEX_POINT('',#1631);
#1631 = CARTESIAN_POINT('',(120.,90.,1.51E+03));
#1632 = LINE('',#1633,#1634);
#1633 = CARTESIAN_POINT('',(120.,90.,1.51E+03));
#1634 = VECTOR('',#1635,1.);
#1635 = DIRECTION('',(-0.,1.,0.));
#1636 = ORIENTED_EDGE('',*,*,#1637,.F.);
#1637 = EDGE_CURVE('',#1475,#1630,#1638,.T.);
#1638 = LINE('',#1639,#1640);
#1639 = CARTESIAN_POINT('',(120.,90.,1.29E+03));
#1640 = VECTOR('',#1641,1.);
#1641 = DIRECTION('',(0.,0.,1.));
#1642 = PLANE('',#1643);
#1643 = AXIS2_PLACEMENT_3D('',#1644,#1645,#1646);
#1644 = CARTESIAN_POINT('',(120.,90.,1.29E+03));
#1645 = DIRECTION('',(1.,0.,-0.));
#1646 = DIRECTION('',(0.,0.,1.));
#1647 = ADVANCED_FACE('',(#1648),#1674,.T.);
#1648 = FACE_BOUND('',#1649,.T.);
#1649 = EDGE_LOOP('',(#1650,#1658,#1659,#1660,#1668));
#1650 = ORIENTED_EDGE('',*,*,#1651,.F.);
#1651 = EDGE_CURVE('',#1505,#1652,#1654,.T.);
#1652 = VERTEX_POINT('',#1653);
#1653 = CARTESIAN_POINT('',(120.,-110.,1.51E+03));
#1654 = LINE('',#1655,#1656);
#1655 = CARTESIAN_POINT('',(120.,-110.,1.29E+03));
#1656 = VECTOR('',#1657,1.);
#1657 = DIRECTION('',(0.,0.,1.));
#1658 = ORIENTED_EDGE('',*,*,#1512,.T.);
#1659 = ORIENTED_EDGE('',*,*,#1465,.T.);
#1660 = ORIENTED_EDGE('',*,*,#1661,.T.);
#1661 = EDGE_CURVE('',#1466,#1662,#1664,.T.);
#1662 = VERTEX_POINT('',#1663);
#1663 = CARTESIAN_POINT('',(120.,-90.,1.51E+03));
#1664 = LINE('',#1665,#1666);
#1665 = CARTESIAN_POINT('',(120.,-90.,1.29E+03));
#1666 = VECTOR('',#1667,1.);
#1667 = DIRECTION('',(0.,0.,1.));
#1668 = ORIENTED_EDGE('',*,*,#1669,.F.);
#1669 = EDGE_CURVE('',#1652,#1662,#1670,.T.);
#1670 = LINE('',#1671,#1672);
#1671 = CARTESIAN_POINT('',(120.,-110.,1.51E+03));
#1672 = VECTOR('',#1673,1.);
#1673 = DIRECTION('',(-0.,1.,0.));
#1674 = PLANE('',#1675);
#1675 = AXIS2_PLACEMENT_3D('',#1676,#1677,#1678);
#1676 = CARTESIAN_POINT('',(120.,-110.,1.29E+03));
#1677 = DIRECTION('',(1.,0.,-0.));
#1678 = DIRECTION('',(0.,0.,1.));
#1679 = ADVANCED_FACE('',(#1680),#1696,.T.);
#1680 = FACE_BOUND('',#1681,.T.);
#1681 = EDGE_LOOP('',(#1682,#1683,#1689,#1690));
#1682 = ORIENTED_EDGE('',*,*,#1545,.F.);
#1683 = ORIENTED_EDGE('',*,*,#1684,.T.);
#1684 = EDGE_CURVE('',#1529,#1466,#1685,.T.);
#1685 = LINE('',#1686,#1687);
#1686 = CARTESIAN_POINT('',(-120.,-90.,1.31E+03));
#1687 = VECTOR('',#1688,1.);
#1688 = DIRECTION('',(1.,0.,-0.));
#1689 = ORIENTED_EDGE('',*,*,#1482,.T.);
#1690 = ORIENTED_EDGE('',*,*,#1691,.F.);
#1691 = EDGE_CURVE('',#1538,#1475,#1692,.T.);
#1692 = LINE('',#1693,#1694);
#1693 = CARTESIAN_POINT('',(-120.,90.,1.31E+03));
#1694 = VECTOR('',#1695,1.);
#1695 = DIRECTION('',(1.,0.,-0.));
#1696 = PLANE('',#1697);
#1697 = AXIS2_PLACEMENT_3D('',#1698,#1699,#1700);
#1698 = CARTESIAN_POINT('',(-120.,-90.,1.31E+03));
#1699 = DIRECTION('',(0.,0.,1.));
#1700 = DIRECTION('',(1.,0.,-0.));
#1701 = ADVANCED_FACE('',(#1702),#1728,.F.);
#1702 = FACE_BOUND('',#1703,.F.);
#1703 = EDGE_LOOP('',(#1704,#1712,#1713,#1714,#1722));
#1704 = ORIENTED_EDGE('',*,*,#1705,.F.);
#1705 = EDGE_CURVE('',#1497,#1706,#1708,.T.);
#1706 = VERTEX_POINT('',#1707);
#1707 = CARTESIAN_POINT('',(-120.,-110.,1.51E+03));
#1708 = LINE('',#1709,#1710);
#1709 = CARTESIAN_POINT('',(-120.,-110.,1.29E+03));
#1710 = VECTOR('',#1711,1.);
#1711 = DIRECTION('',(0.,0.,1.));
#1712 = ORIENTED_EDGE('',*,*,#1496,.T.);
#1713 = ORIENTED_EDGE('',*,*,#1528,.T.);
#1714 = ORIENTED_EDGE('',*,*,#1715,.T.);
#1715 = EDGE_CURVE('',#1529,#1716,#1718,.T.);
#1716 = VERTEX_POINT('',#1717);
#1717 = CARTESIAN_POINT('',(-120.,-90.,1.51E+03));
#1718 = LINE('',#1719,#1720);
#1719 = CARTESIAN_POINT('',(-120.,-90.,1.29E+03));
#1720 = VECTOR('',#1721,1.);
#1721 = DIRECTION('',(0.,0.,1.));
#1722 = ORIENTED_EDGE('',*,*,#1723,.F.);
#1723 = EDGE_CURVE('',#1706,#1716,#1724,.T.);
#1724 = LINE('',#1725,#1726);
#1725 = CARTESIAN_POINT('',(-120.,-110.,1.51E+03));
#1726 = VECTOR('',#1727,1.);
#1727 = DIRECTION('',(-0.,1.,0.));
#1728 = PLANE('',#1729);
#1729 = AXIS2_PLACEMENT_3D('',#1730,#1731,#1732);
#1730 = CARTESIAN_POINT('',(-120.,-110.,1.29E+03));
#1731 = DIRECTION('',(1.,0.,-0.));
#1732 = DIRECTION('',(0.,0.,1.));
#1733 = ADVANCED_FACE('',(#1734,#1745),#1756,.F.);
#1734 = FACE_BOUND('',#1735,.F.);
#1735 = EDGE_LOOP('',(#1736,#1737,#1738,#1744));
#1736 = ORIENTED_EDGE('',*,*,#1504,.F.);
#1737 = ORIENTED_EDGE('',*,*,#1705,.T.);
#1738 = ORIENTED_EDGE('',*,*,#1739,.T.);
#1739 = EDGE_CURVE('',#1706,#1652,#1740,.T.);
#1740 = LINE('',#1741,#1742);
#1741 = CARTESIAN_POINT('',(-120.,-110.,1.51E+03));
#1742 = VECTOR('',#1743,1.);
#1743 = DIRECTION('',(1.,0.,-0.));
#1744 = ORIENTED_EDGE('',*,*,#1651,.F.);
#1745 = FACE_BOUND('',#1746,.F.);
#1746 = EDGE_LOOP('',(#1747));
#1747 = ORIENTED_EDGE('',*,*,#1748,.F.);
#1748 = EDGE_CURVE('',#1749,#1749,#1751,.T.);
#1749 = VERTEX_POINT('',#1750);
#1750 = CARTESIAN_POINT('',(-6.123233995737E-15,-110.,1.475E+03));
#1751 = CIRCLE('',#1752,25.);
#1752 = AXIS2_PLACEMENT_3D('',#1753,#1754,#1755);
#1753 = CARTESIAN_POINT('',(0.,-110.,1.45E+03));
#1754 = DIRECTION('',(0.,1.,0.));
#1755 = DIRECTION('',(0.,-0.,1.));
#1756 = PLANE('',#1757);
#1757 = AXIS2_PLACEMENT_3D('',#1758,#1759,#1760);
#1758 = CARTESIAN_POINT('',(-120.,-110.,1.29E+03));
#1759 = DIRECTION('',(-0.,1.,0.));
#1760 = DIRECTION('',(0.,0.,1.));
#1761 = ADVANCED_FACE('',(#1762,#1773),#1784,.F.);
#1762 = FACE_BOUND('',#1763,.F.);
#1763 = EDGE_LOOP('',(#1764,#1765,#1766,#1772));
#1764 = ORIENTED_EDGE('',*,*,#1691,.F.);
#1765 = ORIENTED_EDGE('',*,*,#1577,.T.);
#1766 = ORIENTED_EDGE('',*,*,#1767,.T.);
#1767 = EDGE_CURVE('',#1570,#1630,#1768,.T.);
#1768 = LINE('',#1769,#1770);
#1769 = CARTESIAN_POINT('',(-120.,90.,1.51E+03));
#1770 = VECTOR('',#1771,1.);
#1771 = DIRECTION('',(1.,0.,-0.));
#1772 = ORIENTED_EDGE('',*,*,#1637,.F.);
#1773 = FACE_BOUND('',#1774,.F.);
#1774 = EDGE_LOOP('',(#1775));
#1775 = ORIENTED_EDGE('',*,*,#1776,.F.);
#1776 = EDGE_CURVE('',#1777,#1777,#1779,.T.);
#1777 = VERTEX_POINT('',#1778);
#1778 = CARTESIAN_POINT('',(-6.123233995737E-15,90.,1.475E+03));
#1779 = CIRCLE('',#1780,25.);
#1780 = AXIS2_PLACEMENT_3D('',#1781,#1782,#1783);
#1781 = CARTESIAN_POINT('',(0.,90.,1.45E+03));
#1782 = DIRECTION('',(0.,1.,0.));
#1783 = DIRECTION('',(0.,-0.,1.));
#1784 = PLANE('',#1785);
#1785 = AXIS2_PLACEMENT_3D('',#1786,#1787,#1788);
#1786 = CARTESIAN_POINT('',(-120.,90.,1.29E+03));
#1787 = DIRECTION('',(-0.,1.,0.));
#1788 = DIRECTION('',(0.,0.,1.));
#1789 = ADVANCED_FACE('',(#1790),#1796,.T.);
#1790 = FACE_BOUND('',#1791,.T.);
#1791 = EDGE_LOOP('',(#1792,#1793,#1794,#1795));
#1792 = ORIENTED_EDGE('',*,*,#1569,.F.);
#1793 = ORIENTED_EDGE('',*,*,#1767,.T.);
#1794 = ORIENTED_EDGE('',*,*,#1629,.T.);
#1795 = ORIENTED_EDGE('',*,*,#1593,.F.);
#1796 = PLANE('',#1797);
#1797 = AXIS2_PLACEMENT_3D('',#1798,#1799,#1800);
#1798 = CARTESIAN_POINT('',(-120.,90.,1.51E+03));
#1799 = DIRECTION('',(0.,0.,1.));
#1800 = DIRECTION('',(1.,0.,-0.));
#1801 = ADVANCED_FACE('',(#1802),#1821,.T.);
#1802 = FACE_BOUND('',#1803,.T.);
#1803 = EDGE_LOOP('',(#1804,#1812,#1819,#1820));
#1804 = ORIENTED_EDGE('',*,*,#1805,.T.);
#1805 = EDGE_CURVE('',#1610,#1806,#1808,.T.);
#1806 = VERTEX_POINT('',#1807);
#1807 = CARTESIAN_POINT('',(-6.123233995737E-15,150.,1.475E+03));
#1808 = LINE('',#1809,#1810);
#1809 = CARTESIAN_POINT('',(-6.123233995737E-15,-150.,1.475E+03));
#1810 = VECTOR('',#1811,1.);
#1811 = DIRECTION('',(0.,1.,0.));
#1812 = ORIENTED_EDGE('',*,*,#1813,.F.);
#1813 = EDGE_CURVE('',#1806,#1806,#1814,.T.);
#1814 = CIRCLE('',#1815,25.);
#1815 = AXIS2_PLACEMENT_3D('',#1816,#1817,#1818);
#1816 = CARTESIAN_POINT('',(0.,150.,1.45E+03));
#1817 = DIRECTION('',(0.,1.,0.));
#1818 = DIRECTION('',(0.,-0.,1.));
#1819 = ORIENTED_EDGE('',*,*,#1805,.F.);
#1820 = ORIENTED_EDGE('',*,*,#1609,.T.);
#1821 = CYLINDRICAL_SURFACE('',#1822,25.);
#1822 = AXIS2_PLACEMENT_3D('',#1823,#1824,#1825);
#1823 = CARTESIAN_POINT('',(0.,-150.,1.45E+03));
#1824 = DIRECTION('',(0.,1.,0.));
#1825 = DIRECTION('',(0.,-0.,1.));
#1826 = ADVANCED_FACE('',(#1827),#1838,.T.);
#1827 = FACE_BOUND('',#1828,.T.);
#1828 = EDGE_LOOP('',(#1829,#1830,#1831,#1832));
#1829 = ORIENTED_EDGE('',*,*,#1723,.F.);
#1830 = ORIENTED_EDGE('',*,*,#1739,.T.);
#1831 = ORIENTED_EDGE('',*,*,#1669,.T.);
#1832 = ORIENTED_EDGE('',*,*,#1833,.F.);
#1833 = EDGE_CURVE('',#1716,#1662,#1834,.T.);
#1834 = LINE('',#1835,#1836);
#1835 = CARTESIAN_POINT('',(-120.,-90.,1.51E+03));
#1836 = VECTOR('',#1837,1.);
#1837 = DIRECTION('',(1.,0.,-0.));
#1838 = PLANE('',#1839);
#1839 = AXIS2_PLACEMENT_3D('',#1840,#1841,#1842);
#1840 = CARTESIAN_POINT('',(-120.,-110.,1.51E+03));
#1841 = DIRECTION('',(0.,0.,1.));
#1842 = DIRECTION('',(1.,0.,-0.));
#1843 = ADVANCED_FACE('',(#1844,#1850),#1861,.T.);
#1844 = FACE_BOUND('',#1845,.T.);
#1845 = EDGE_LOOP('',(#1846,#1847,#1848,#1849));
#1846 = ORIENTED_EDGE('',*,*,#1684,.F.);
#1847 = ORIENTED_EDGE('',*,*,#1715,.T.);
#1848 = ORIENTED_EDGE('',*,*,#1833,.T.);
#1849 = ORIENTED_EDGE('',*,*,#1661,.F.);
#1850 = FACE_BOUND('',#1851,.T.);
#1851 = EDGE_LOOP('',(#1852));
#1852 = ORIENTED_EDGE('',*,*,#1853,.F.);
#1853 = EDGE_CURVE('',#1854,#1854,#1856,.T.);
#1854 = VERTEX_POINT('',#1855);
#1855 = CARTESIAN_POINT('',(-6.123233995737E-15,-90.,1.475E+03));
#1856 = CIRCLE('',#1857,25.);
#1857 = AXIS2_PLACEMENT_3D('',#1858,#1859,#1860);
#1858 = CARTESIAN_POINT('',(0.,-90.,1.45E+03));
#1859 = DIRECTION('',(0.,1.,0.));
#1860 = DIRECTION('',(0.,-0.,1.));
#1861 = PLANE('',#1862);
#1862 = AXIS2_PLACEMENT_3D('',#1863,#1864,#1865);
#1863 = CARTESIAN_POINT('',(-120.,-90.,1.29E+03));
#1864 = DIRECTION('',(-0.,1.,0.));
#1865 = DIRECTION('',(0.,0.,1.));
#1866 = ADVANCED_FACE('',(#1867),#1886,.T.);
#1867 = FACE_BOUND('',#1868,.T.);
#1868 = EDGE_LOOP('',(#1869,#1870,#1878,#1885));
#1869 = ORIENTED_EDGE('',*,*,#1748,.F.);
#1870 = ORIENTED_EDGE('',*,*,#1871,.F.);
#1871 = EDGE_CURVE('',#1872,#1749,#1874,.T.);
#1872 = VERTEX_POINT('',#1873);
#1873 = CARTESIAN_POINT('',(-6.123233995737E-15,-150.,1.475E+03));
#1874 = LINE('',#1875,#1876);
#1875 = CARTESIAN_POINT('',(-6.123233995737E-15,-150.,1.475E+03));
#1876 = VECTOR('',#1877,1.);
#1877 = DIRECTION('',(0.,1.,0.));
#1878 = ORIENTED_EDGE('',*,*,#1879,.T.);
#1879 = EDGE_CURVE('',#1872,#1872,#1880,.T.);
#1880 = CIRCLE('',#1881,25.);
#1881 = AXIS2_PLACEMENT_3D('',#1882,#1883,#1884);
#1882 = CARTESIAN_POINT('',(0.,-150.,1.45E+03));
#1883 = DIRECTION('',(0.,1.,0.));
#1884 = DIRECTION('',(0.,-0.,1.));
#1885 = ORIENTED_EDGE('',*,*,#1871,.T.);
#1886 = CYLINDRICAL_SURFACE('',#1887,25.);
#1887 = AXIS2_PLACEMENT_3D('',#1888,#1889,#1890);
#1888 = CARTESIAN_POINT('',(0.,-150.,1.45E+03));
#1889 = DIRECTION('',(0.,1.,0.));
#1890 = DIRECTION('',(0.,-0.,1.));
#1891 = ADVANCED_FACE('',(#1892),#1903,.T.);
#1892 = FACE_BOUND('',#1893,.T.);
#1893 = EDGE_LOOP('',(#1894,#1895,#1901,#1902));
#1894 = ORIENTED_EDGE('',*,*,#1776,.F.);
#1895 = ORIENTED_EDGE('',*,*,#1896,.F.);
#1896 = EDGE_CURVE('',#1854,#1777,#1897,.T.);
#1897 = LINE('',#1898,#1899);
#1898 = CARTESIAN_POINT('',(-6.123233995737E-15,-150.,1.475E+03));
#1899 = VECTOR('',#1900,1.);
#1900 = DIRECTION('',(0.,1.,0.));
#1901 = ORIENTED_EDGE('',*,*,#1853,.T.);
#1902 = ORIENTED_EDGE('',*,*,#1896,.T.);
#1903 = CYLINDRICAL_SURFACE('',#1904,25.);
#1904 = AXIS2_PLACEMENT_3D('',#1905,#1906,#1907);
#1905 = CARTESIAN_POINT('',(0.,-150.,1.45E+03));
#1906 = DIRECTION('',(0.,1.,0.));
#1907 = DIRECTION('',(0.,-0.,1.));
#1908 = ADVANCED_FACE('',(#1909),#1912,.T.);
#1909 = FACE_BOUND('',#1910,.T.);
#1910 = EDGE_LOOP('',(#1911));
#1911 = ORIENTED_EDGE('',*,*,#1813,.T.);
#1912 = PLANE('',#1913);
#1913 = AXIS2_PLACEMENT_3D('',#1914,#1915,#1916);
#1914 = CARTESIAN_POINT('',(0.,150.,1.45E+03));
#1915 = DIRECTION('',(0.,1.,0.));
#1916 = DIRECTION('',(0.,-0.,1.));
#1917 = ADVANCED_FACE('',(#1918),#1921,.F.);
#1918 = FACE_BOUND('',#1919,.T.);
#1919 = EDGE_LOOP('',(#1920));
#1920 = ORIENTED_EDGE('',*,*,#1879,.F.);
#1921 = PLANE('',#1922);
#1922 = AXIS2_PLACEMENT_3D('',#1923,#1924,#1925);
#1923 = CARTESIAN_POINT('',(0.,-150.,1.45E+03));
#1924 = DIRECTION('',(0.,1.,0.));
#1925 = DIRECTION('',(0.,-0.,1.));
#1926 = ( GEOMETRIC_REPRESENTATION_CONTEXT(3) 
GLOBAL_UNCERTAINTY_ASSIGNED_CONTEXT((#1930)) 
GLOBAL_UNIT_ASSIGNED_CONTEXT((#1927,#1928,#1929)) REPRESENTATION_CONTEXT
('Context #1','3D Context with UNIT and UNCERTAINTY') );
#1927 = ( LENGTH_UNIT() NAMED_UNIT(*) SI_UNIT(.MILLI.,.METRE.) );
#1928 = ( NAMED_UNIT(*) PLANE_ANGLE_UNIT() SI_UNIT($,.RADIAN.) );
#1929 = ( NAMED_UNIT(*) SI_UNIT($,.STERADIAN.) SOLID_ANGLE_UNIT() );
#1930 = UNCERTAINTY_MEASURE_WITH_UNIT(LENGTH_MEASURE(1.E-07),#1927,
  'distance_accuracy_value','confusion accuracy');
#1931 = CONTEXT_DEPENDENT_SHAPE_REPRESENTATION(#1932,#1934);
#1932 = ( REPRESENTATION_RELATIONSHIP('','',#1303,#10) 
REPRESENTATION_RELATIONSHIP_WITH_TRANSFORMATION(#1933) 
SHAPE_REPRESENTATION_RELATIONSHIP() );
#1933 = ITEM_DEFINED_TRANSFORMATION('','',#11,#23);
#1934 = PRODUCT_DEFINITION_SHAPE('Placement','Placement of an item',
  #1935);
#1935 = NEXT_ASSEMBLY_USAGE_OCCURRENCE('3',
  '33_双轴云台（方位/俯仰电机与编码器）','',#5,#1298,$);
#1936 = PRODUCT_RELATED_PRODUCT_CATEGORY('part',$,(#1300));
#1937 = SHAPE_DEFINITION_REPRESENTATION(#1938,#1944);
#1938 = PRODUCT_DEFINITION_SHAPE('','',#1939);
#1939 = PRODUCT_DEFINITION('design','',#1940,#1943);
#1940 = PRODUCT_DEFINITION_FORMATION('','',#1941);
#1941 = PRODUCT('34_相机快装托板','34_相机快装托板','',(
    #1942));
#1942 = PRODUCT_CONTEXT('',#2,'mechanical');
#1943 = PRODUCT_DEFINITION_CONTEXT('part definition',#2,'design');
#1944 = ADVANCED_BREP_SHAPE_REPRESENTATION('',(#11,#1945),#2095);
#1945 = MANIFOLD_SOLID_BREP('',#1946);
#1946 = CLOSED_SHELL('',(#1947,#1987,#2027,#2049,#2071,#2083));
#1947 = ADVANCED_FACE('',(#1948),#1982,.F.);
#1948 = FACE_BOUND('',#1949,.F.);
#1949 = EDGE_LOOP('',(#1950,#1960,#1968,#1976));
#1950 = ORIENTED_EDGE('',*,*,#1951,.F.);
#1951 = EDGE_CURVE('',#1952,#1954,#1956,.T.);
#1952 = VERTEX_POINT('',#1953);
#1953 = CARTESIAN_POINT('',(-200.,-75.,1.38E+03));
#1954 = VERTEX_POINT('',#1955);
#1955 = CARTESIAN_POINT('',(-200.,-75.,1.392E+03));
#1956 = LINE('',#1957,#1958);
#1957 = CARTESIAN_POINT('',(-200.,-75.,1.38E+03));
#1958 = VECTOR('',#1959,1.);
#1959 = DIRECTION('',(0.,0.,1.));
#1960 = ORIENTED_EDGE('',*,*,#1961,.T.);
#1961 = EDGE_CURVE('',#1952,#1962,#1964,.T.);
#1962 = VERTEX_POINT('',#1963);
#1963 = CARTESIAN_POINT('',(-200.,75.,1.38E+03));
#1964 = LINE('',#1965,#1966);
#1965 = CARTESIAN_POINT('',(-200.,-75.,1.38E+03));
#1966 = VECTOR('',#1967,1.);
#1967 = DIRECTION('',(-0.,1.,0.));
#1968 = ORIENTED_EDGE('',*,*,#1969,.T.);
#1969 = EDGE_CURVE('',#1962,#1970,#1972,.T.);
#1970 = VERTEX_POINT('',#1971);
#1971 = CARTESIAN_POINT('',(-200.,75.,1.392E+03));
#1972 = LINE('',#1973,#1974);
#1973 = CARTESIAN_POINT('',(-200.,75.,1.38E+03));
#1974 = VECTOR('',#1975,1.);
#1975 = DIRECTION('',(0.,0.,1.));
#1976 = ORIENTED_EDGE('',*,*,#1977,.F.);
#1977 = EDGE_CURVE('',#1954,#1970,#1978,.T.);
#1978 = LINE('',#1979,#1980);
#1979 = CARTESIAN_POINT('',(-200.,-75.,1.392E+03));
#1980 = VECTOR('',#1981,1.);
#1981 = DIRECTION('',(-0.,1.,0.));
#1982 = PLANE('',#1983);
#1983 = AXIS2_PLACEMENT_3D('',#1984,#1985,#1986);
#1984 = CARTESIAN_POINT('',(-200.,-75.,1.38E+03));
#1985 = DIRECTION('',(1.,0.,-0.));
#1986 = DIRECTION('',(0.,0.,1.));
#1987 = ADVANCED_FACE('',(#1988),#2022,.T.);
#1988 = FACE_BOUND('',#1989,.T.);
#1989 = EDGE_LOOP('',(#1990,#2000,#2008,#2016));
#1990 = ORIENTED_EDGE('',*,*,#1991,.F.);
#1991 = EDGE_CURVE('',#1992,#1994,#1996,.T.);
#1992 = VERTEX_POINT('',#1993);
#1993 = CARTESIAN_POINT('',(220.,-75.,1.38E+03));
#1994 = VERTEX_POINT('',#1995);
#1995 = CARTESIAN_POINT('',(220.,-75.,1.392E+03));
#1996 = LINE('',#1997,#1998);
#1997 = CARTESIAN_POINT('',(220.,-75.,1.38E+03));
#1998 = VECTOR('',#1999,1.);
#1999 = DIRECTION('',(0.,0.,1.));
#2000 = ORIENTED_EDGE('',*,*,#2001,.T.);
#2001 = EDGE_CURVE('',#1992,#2002,#2004,.T.);
#2002 = VERTEX_POINT('',#2003);
#2003 = CARTESIAN_POINT('',(220.,75.,1.38E+03));
#2004 = LINE('',#2005,#2006);
#2005 = CARTESIAN_POINT('',(220.,-75.,1.38E+03));
#2006 = VECTOR('',#2007,1.);
#2007 = DIRECTION('',(-0.,1.,0.));
#2008 = ORIENTED_EDGE('',*,*,#2009,.T.);
#2009 = EDGE_CURVE('',#2002,#2010,#2012,.T.);
#2010 = VERTEX_POINT('',#2011);
#2011 = CARTESIAN_POINT('',(220.,75.,1.392E+03));
#2012 = LINE('',#2013,#2014);
#2013 = CARTESIAN_POINT('',(220.,75.,1.38E+03));
#2014 = VECTOR('',#2015,1.);
#2015 = DIRECTION('',(0.,0.,1.));
#2016 = ORIENTED_EDGE('',*,*,#2017,.F.);
#2017 = EDGE_CURVE('',#1994,#2010,#2018,.T.);
#2018 = LINE('',#2019,#2020);
#2019 = CARTESIAN_POINT('',(220.,-75.,1.392E+03));
#2020 = VECTOR('',#2021,1.);
#2021 = DIRECTION('',(-0.,1.,0.));
#2022 = PLANE('',#2023);
#2023 = AXIS2_PLACEMENT_3D('',#2024,#2025,#2026);
#2024 = CARTESIAN_POINT('',(220.,-75.,1.38E+03));
#2025 = DIRECTION('',(1.,0.,-0.));
#2026 = DIRECTION('',(0.,0.,1.));
#2027 = ADVANCED_FACE('',(#2028),#2044,.F.);
#2028 = FACE_BOUND('',#2029,.F.);
#2029 = EDGE_LOOP('',(#2030,#2036,#2037,#2043));
#2030 = ORIENTED_EDGE('',*,*,#2031,.F.);
#2031 = EDGE_CURVE('',#1952,#1992,#2032,.T.);
#2032 = LINE('',#2033,#2034);
#2033 = CARTESIAN_POINT('',(-200.,-75.,1.38E+03));
#2034 = VECTOR('',#2035,1.);
#2035 = DIRECTION('',(1.,0.,-0.));
#2036 = ORIENTED_EDGE('',*,*,#1951,.T.);
#2037 = ORIENTED_EDGE('',*,*,#2038,.T.);
#2038 = EDGE_CURVE('',#1954,#1994,#2039,.T.);
#2039 = LINE('',#2040,#2041);
#2040 = CARTESIAN_POINT('',(-200.,-75.,1.392E+03));
#2041 = VECTOR('',#2042,1.);
#2042 = DIRECTION('',(1.,0.,-0.));
#2043 = ORIENTED_EDGE('',*,*,#1991,.F.);
#2044 = PLANE('',#2045);
#2045 = AXIS2_PLACEMENT_3D('',#2046,#2047,#2048);
#2046 = CARTESIAN_POINT('',(-200.,-75.,1.38E+03));
#2047 = DIRECTION('',(-0.,1.,0.));
#2048 = DIRECTION('',(0.,0.,1.));
#2049 = ADVANCED_FACE('',(#2050),#2066,.T.);
#2050 = FACE_BOUND('',#2051,.T.);
#2051 = EDGE_LOOP('',(#2052,#2058,#2059,#2065));
#2052 = ORIENTED_EDGE('',*,*,#2053,.F.);
#2053 = EDGE_CURVE('',#1962,#2002,#2054,.T.);
#2054 = LINE('',#2055,#2056);
#2055 = CARTESIAN_POINT('',(-200.,75.,1.38E+03));
#2056 = VECTOR('',#2057,1.);
#2057 = DIRECTION('',(1.,0.,-0.));
#2058 = ORIENTED_EDGE('',*,*,#1969,.T.);
#2059 = ORIENTED_EDGE('',*,*,#2060,.T.);
#2060 = EDGE_CURVE('',#1970,#2010,#2061,.T.);
#2061 = LINE('',#2062,#2063);
#2062 = CARTESIAN_POINT('',(-200.,75.,1.392E+03));
#2063 = VECTOR('',#2064,1.);
#2064 = DIRECTION('',(1.,0.,-0.));
#2065 = ORIENTED_EDGE('',*,*,#2009,.F.);
#2066 = PLANE('',#2067);
#2067 = AXIS2_PLACEMENT_3D('',#2068,#2069,#2070);
#2068 = CARTESIAN_POINT('',(-200.,75.,1.38E+03));
#2069 = DIRECTION('',(-0.,1.,0.));
#2070 = DIRECTION('',(0.,0.,1.));
#2071 = ADVANCED_FACE('',(#2072),#2078,.F.);
#2072 = FACE_BOUND('',#2073,.F.);
#2073 = EDGE_LOOP('',(#2074,#2075,#2076,#2077));
#2074 = ORIENTED_EDGE('',*,*,#1961,.F.);
#2075 = ORIENTED_EDGE('',*,*,#2031,.T.);
#2076 = ORIENTED_EDGE('',*,*,#2001,.T.);
#2077 = ORIENTED_EDGE('',*,*,#2053,.F.);
#2078 = PLANE('',#2079);
#2079 = AXIS2_PLACEMENT_3D('',#2080,#2081,#2082);
#2080 = CARTESIAN_POINT('',(-200.,-75.,1.38E+03));
#2081 = DIRECTION('',(0.,0.,1.));
#2082 = DIRECTION('',(1.,0.,-0.));
#2083 = ADVANCED_FACE('',(#2084),#2090,.T.);
#2084 = FACE_BOUND('',#2085,.T.);
#2085 = EDGE_LOOP('',(#2086,#2087,#2088,#2089));
#2086 = ORIENTED_EDGE('',*,*,#1977,.F.);
#2087 = ORIENTED_EDGE('',*,*,#2038,.T.);
#2088 = ORIENTED_EDGE('',*,*,#2017,.T.);
#2089 = ORIENTED_EDGE('',*,*,#2060,.F.);
#2090 = PLANE('',#2091);
#2091 = AXIS2_PLACEMENT_3D('',#2092,#2093,#2094);
#2092 = CARTESIAN_POINT('',(-200.,-75.,1.392E+03));
#2093 = DIRECTION('',(0.,0.,1.));
#2094 = DIRECTION('',(1.,0.,-0.));
#2095 = ( GEOMETRIC_REPRESENTATION_CONTEXT(3) 
GLOBAL_UNCERTAINTY_ASSIGNED_CONTEXT((#2099)) 
GLOBAL_UNIT_ASSIGNED_CONTEXT((#2096,#2097,#2098)) REPRESENTATION_CONTEXT
('Context #1','3D Context with UNIT and UNCERTAINTY') );
#2096 = ( LENGTH_UNIT() NAMED_UNIT(*) SI_UNIT(.MILLI.,.METRE.) );
#2097 = ( NAMED_UNIT(*) PLANE_ANGLE_UNIT() SI_UNIT($,.RADIAN.) );
#2098 = ( NAMED_UNIT(*) SI_UNIT($,.STERADIAN.) SOLID_ANGLE_UNIT() );
#2099 = UNCERTAINTY_MEASURE_WITH_UNIT(LENGTH_MEASURE(1.E-07),#2096,
  'distance_accuracy_value','confusion accuracy');
#2100 = CONTEXT_DEPENDENT_SHAPE_REPRESENTATION(#2101,#2103);
#2101 = ( REPRESENTATION_RELATIONSHIP('','',#1944,#10) 
REPRESENTATION_RELATIONSHIP_WITH_TRANSFORMATION(#2102) 
SHAPE_REPRESENTATION_RELATIONSHIP() );
#2102 = ITEM_DEFINED_TRANSFORMATION('','',#11,#27);
#2103 = PRODUCT_DEFINITION_SHAPE('Placement','Placement of an item',
  #2104);
#2104 = NEXT_ASSEMBLY_USAGE_OCCURRENCE('4','34_相机快装托板','',#5
  ,#1939,$);
#2105 = PRODUCT_RELATED_PRODUCT_CATEGORY('part',$,(#1941));
#2106 = SHAPE_DEFINITION_REPRESENTATION(#2107,#2113);
#2107 = PRODUCT_DEFINITION_SHAPE('','',#2108);
#2108 = PRODUCT_DEFINITION('design','',#2109,#2112);
#2109 = PRODUCT_DEFINITION_FORMATION('','',#2110);
#2110 = PRODUCT('11_全局快门高帧率工业相机',
  '11_全局快门高帧率工业相机','',(#2111));
#2111 = PRODUCT_CONTEXT('',#2,'mechanical');
#2112 = PRODUCT_DEFINITION_CONTEXT('part definition',#2,'design');
#2113 = ADVANCED_BREP_SHAPE_REPRESENTATION('',(#11,#2114),#2309);
#2114 = MANIFOLD_SOLID_BREP('',#2115);
#2115 = CLOSED_SHELL('',(#2116,#2167,#2198,#2222,#2246,#2263,#2288,#2300
    ));
#2116 = ADVANCED_FACE('',(#2117,#2151),#2162,.F.);
#2117 = FACE_BOUND('',#2118,.F.);
#2118 = EDGE_LOOP('',(#2119,#2129,#2137,#2145));
#2119 = ORIENTED_EDGE('',*,*,#2120,.F.);
#2120 = EDGE_CURVE('',#2121,#2123,#2125,.T.);
#2121 = VERTEX_POINT('',#2122);
#2122 = CARTESIAN_POINT('',(-30.,-30.,1.392E+03));
#2123 = VERTEX_POINT('',#2124);
#2124 = CARTESIAN_POINT('',(-30.,-30.,1.452E+03));
#2125 = LINE('',#2126,#2127);
#2126 = CARTESIAN_POINT('',(-30.,-30.,1.392E+03));
#2127 = VECTOR('',#2128,1.);
#2128 = DIRECTION('',(0.,0.,1.));
#2129 = ORIENTED_EDGE('',*,*,#2130,.T.);
#2130 = EDGE_CURVE('',#2121,#2131,#2133,.T.);
#2131 = VERTEX_POINT('',#2132);
#2132 = CARTESIAN_POINT('',(-30.,30.,1.392E+03));
#2133 = LINE('',#2134,#2135);
#2134 = CARTESIAN_POINT('',(-30.,-30.,1.392E+03));
#2135 = VECTOR('',#2136,1.);
#2136 = DIRECTION('',(-0.,1.,0.));
#2137 = ORIENTED_EDGE('',*,*,#2138,.T.);
#2138 = EDGE_CURVE('',#2131,#2139,#2141,.T.);
#2139 = VERTEX_POINT('',#2140);
#2140 = CARTESIAN_POINT('',(-30.,30.,1.452E+03));
#2141 = LINE('',#2142,#2143);
#2142 = CARTESIAN_POINT('',(-30.,30.,1.392E+03));
#2143 = VECTOR('',#2144,1.);
#2144 = DIRECTION('',(0.,0.,1.));
#2145 = ORIENTED_EDGE('',*,*,#2146,.F.);
#2146 = EDGE_CURVE('',#2123,#2139,#2147,.T.);
#2147 = LINE('',#2148,#2149);
#2148 = CARTESIAN_POINT('',(-30.,-30.,1.452E+03));
#2149 = VECTOR('',#2150,1.);
#2150 = DIRECTION('',(-0.,1.,0.));
#2151 = FACE_BOUND('',#2152,.F.);
#2152 = EDGE_LOOP('',(#2153));
#2153 = ORIENTED_EDGE('',*,*,#2154,.F.);
#2154 = EDGE_CURVE('',#2155,#2155,#2157,.T.);
#2155 = VERTEX_POINT('',#2156);
#2156 = CARTESIAN_POINT('',(-30.,1.959434878636E-15,1.43E+03));
#2157 = CIRCLE('',#2158,8.);
#2158 = AXIS2_PLACEMENT_3D('',#2159,#2160,#2161);
#2159 = CARTESIAN_POINT('',(-30.,0.,1.422E+03));
#2160 = DIRECTION('',(1.,0.,0.));
#2161 = DIRECTION('',(-0.,0.,1.));
#2162 = PLANE('',#2163);
#2163 = AXIS2_PLACEMENT_3D('',#2164,#2165,#2166);
#2164 = CARTESIAN_POINT('',(-30.,-30.,1.392E+03));
#2165 = DIRECTION('',(1.,0.,-0.));
#2166 = DIRECTION('',(0.,0.,1.));
#2167 = ADVANCED_FACE('',(#2168),#2193,.F.);
#2168 = FACE_BOUND('',#2169,.F.);
#2169 = EDGE_LOOP('',(#2170,#2178,#2179,#2187));
#2170 = ORIENTED_EDGE('',*,*,#2171,.F.);
#2171 = EDGE_CURVE('',#2121,#2172,#2174,.T.);
#2172 = VERTEX_POINT('',#2173);
#2173 = CARTESIAN_POINT('',(30.,-30.,1.392E+03));
#2174 = LINE('',#2175,#2176);
#2175 = CARTESIAN_POINT('',(-30.,-30.,1.392E+03));
#2176 = VECTOR('',#2177,1.);
#2177 = DIRECTION('',(1.,0.,-0.));
#2178 = ORIENTED_EDGE('',*,*,#2120,.T.);
#2179 = ORIENTED_EDGE('',*,*,#2180,.T.);
#2180 = EDGE_CURVE('',#2123,#2181,#2183,.T.);
#2181 = VERTEX_POINT('',#2182);
#2182 = CARTESIAN_POINT('',(30.,-30.,1.452E+03));
#2183 = LINE('',#2184,#2185);
#2184 = CARTESIAN_POINT('',(-30.,-30.,1.452E+03));
#2185 = VECTOR('',#2186,1.);
#2186 = DIRECTION('',(1.,0.,-0.));
#2187 = ORIENTED_EDGE('',*,*,#2188,.F.);
#2188 = EDGE_CURVE('',#2172,#2181,#2189,.T.);
#2189 = LINE('',#2190,#2191);
#2190 = CARTESIAN_POINT('',(30.,-30.,1.392E+03));
#2191 = VECTOR('',#2192,1.);
#2192 = DIRECTION('',(0.,0.,1.));
#2193 = PLANE('',#2194);
#2194 = AXIS2_PLACEMENT_3D('',#2195,#2196,#2197);
#2195 = CARTESIAN_POINT('',(-30.,-30.,1.392E+03));
#2196 = DIRECTION('',(-0.,1.,0.));
#2197 = DIRECTION('',(0.,0.,1.));
#2198 = ADVANCED_FACE('',(#2199),#2217,.T.);
#2199 = FACE_BOUND('',#2200,.T.);
#2200 = EDGE_LOOP('',(#2201,#2202,#2203,#2211));
#2201 = ORIENTED_EDGE('',*,*,#2146,.F.);
#2202 = ORIENTED_EDGE('',*,*,#2180,.T.);
#2203 = ORIENTED_EDGE('',*,*,#2204,.T.);
#2204 = EDGE_CURVE('',#2181,#2205,#2207,.T.);
#2205 = VERTEX_POINT('',#2206);
#2206 = CARTESIAN_POINT('',(30.,30.,1.452E+03));
#2207 = LINE('',#2208,#2209);
#2208 = CARTESIAN_POINT('',(30.,-30.,1.452E+03));
#2209 = VECTOR('',#2210,1.);
#2210 = DIRECTION('',(-0.,1.,0.));
#2211 = ORIENTED_EDGE('',*,*,#2212,.F.);
#2212 = EDGE_CURVE('',#2139,#2205,#2213,.T.);
#2213 = LINE('',#2214,#2215);
#2214 = CARTESIAN_POINT('',(-30.,30.,1.452E+03));
#2215 = VECTOR('',#2216,1.);
#2216 = DIRECTION('',(1.,0.,-0.));
#2217 = PLANE('',#2218);
#2218 = AXIS2_PLACEMENT_3D('',#2219,#2220,#2221);
#2219 = CARTESIAN_POINT('',(-30.,-30.,1.452E+03));
#2220 = DIRECTION('',(0.,0.,1.));
#2221 = DIRECTION('',(1.,0.,-0.));
#2222 = ADVANCED_FACE('',(#2223),#2241,.F.);
#2223 = FACE_BOUND('',#2224,.F.);
#2224 = EDGE_LOOP('',(#2225,#2226,#2227,#2235));
#2225 = ORIENTED_EDGE('',*,*,#2130,.F.);
#2226 = ORIENTED_EDGE('',*,*,#2171,.T.);
#2227 = ORIENTED_EDGE('',*,*,#2228,.T.);
#2228 = EDGE_CURVE('',#2172,#2229,#2231,.T.);
#2229 = VERTEX_POINT('',#2230);
#2230 = CARTESIAN_POINT('',(30.,30.,1.392E+03));
#2231 = LINE('',#2232,#2233);
#2232 = CARTESIAN_POINT('',(30.,-30.,1.392E+03));
#2233 = VECTOR('',#2234,1.);
#2234 = DIRECTION('',(-0.,1.,0.));
#2235 = ORIENTED_EDGE('',*,*,#2236,.F.);
#2236 = EDGE_CURVE('',#2131,#2229,#2237,.T.);
#2237 = LINE('',#2238,#2239);
#2238 = CARTESIAN_POINT('',(-30.,30.,1.392E+03));
#2239 = VECTOR('',#2240,1.);
#2240 = DIRECTION('',(1.,0.,-0.));
#2241 = PLANE('',#2242);
#2242 = AXIS2_PLACEMENT_3D('',#2243,#2244,#2245);
#2243 = CARTESIAN_POINT('',(-30.,-30.,1.392E+03));
#2244 = DIRECTION('',(0.,0.,1.));
#2245 = DIRECTION('',(1.,0.,-0.));
#2246 = ADVANCED_FACE('',(#2247),#2258,.T.);
#2247 = FACE_BOUND('',#2248,.T.);
#2248 = EDGE_LOOP('',(#2249,#2250,#2251,#2252));
#2249 = ORIENTED_EDGE('',*,*,#2236,.F.);
#2250 = ORIENTED_EDGE('',*,*,#2138,.T.);
#2251 = ORIENTED_EDGE('',*,*,#2212,.T.);
#2252 = ORIENTED_EDGE('',*,*,#2253,.F.);
#2253 = EDGE_CURVE('',#2229,#2205,#2254,.T.);
#2254 = LINE('',#2255,#2256);
#2255 = CARTESIAN_POINT('',(30.,30.,1.392E+03));
#2256 = VECTOR('',#2257,1.);
#2257 = DIRECTION('',(0.,0.,1.));
#2258 = PLANE('',#2259);
#2259 = AXIS2_PLACEMENT_3D('',#2260,#2261,#2262);
#2260 = CARTESIAN_POINT('',(-30.,30.,1.392E+03));
#2261 = DIRECTION('',(-0.,1.,0.));
#2262 = DIRECTION('',(0.,0.,1.));
#2263 = ADVANCED_FACE('',(#2264),#2283,.T.);
#2264 = FACE_BOUND('',#2265,.T.);
#2265 = EDGE_LOOP('',(#2266,#2267,#2275,#2282));
#2266 = ORIENTED_EDGE('',*,*,#2154,.F.);
#2267 = ORIENTED_EDGE('',*,*,#2268,.F.);
#2268 = EDGE_CURVE('',#2269,#2155,#2271,.T.);
#2269 = VERTEX_POINT('',#2270);
#2270 = CARTESIAN_POINT('',(-50.,1.959434878636E-15,1.43E+03));
#2271 = LINE('',#2272,#2273);
#2272 = CARTESIAN_POINT('',(-50.,1.959434878636E-15,1.43E+03));
#2273 = VECTOR('',#2274,1.);
#2274 = DIRECTION('',(1.,0.,0.));
#2275 = ORIENTED_EDGE('',*,*,#2276,.T.);
#2276 = EDGE_CURVE('',#2269,#2269,#2277,.T.);
#2277 = CIRCLE('',#2278,8.);
#2278 = AXIS2_PLACEMENT_3D('',#2279,#2280,#2281);
#2279 = CARTESIAN_POINT('',(-50.,0.,1.422E+03));
#2280 = DIRECTION('',(1.,0.,0.));
#2281 = DIRECTION('',(-0.,0.,1.));
#2282 = ORIENTED_EDGE('',*,*,#2268,.T.);
#2283 = CYLINDRICAL_SURFACE('',#2284,8.);
#2284 = AXIS2_PLACEMENT_3D('',#2285,#2286,#2287);
#2285 = CARTESIAN_POINT('',(-50.,0.,1.422E+03));
#2286 = DIRECTION('',(1.,0.,0.));
#2287 = DIRECTION('',(-0.,0.,1.));
#2288 = ADVANCED_FACE('',(#2289),#2295,.T.);
#2289 = FACE_BOUND('',#2290,.T.);
#2290 = EDGE_LOOP('',(#2291,#2292,#2293,#2294));
#2291 = ORIENTED_EDGE('',*,*,#2188,.F.);
#2292 = ORIENTED_EDGE('',*,*,#2228,.T.);
#2293 = ORIENTED_EDGE('',*,*,#2253,.T.);
#2294 = ORIENTED_EDGE('',*,*,#2204,.F.);
#2295 = PLANE('',#2296);
#2296 = AXIS2_PLACEMENT_3D('',#2297,#2298,#2299);
#2297 = CARTESIAN_POINT('',(30.,-30.,1.392E+03));
#2298 = DIRECTION('',(1.,0.,-0.));
#2299 = DIRECTION('',(0.,0.,1.));
#2300 = ADVANCED_FACE('',(#2301),#2304,.F.);
#2301 = FACE_BOUND('',#2302,.T.);
#2302 = EDGE_LOOP('',(#2303));
#2303 = ORIENTED_EDGE('',*,*,#2276,.F.);
#2304 = PLANE('',#2305);
#2305 = AXIS2_PLACEMENT_3D('',#2306,#2307,#2308);
#2306 = CARTESIAN_POINT('',(-50.,0.,1.422E+03));
#2307 = DIRECTION('',(1.,0.,0.));
#2308 = DIRECTION('',(-0.,0.,1.));
#2309 = ( GEOMETRIC_REPRESENTATION_CONTEXT(3) 
GLOBAL_UNCERTAINTY_ASSIGNED_CONTEXT((#2313)) 
GLOBAL_UNIT_ASSIGNED_CONTEXT((#2310,#2311,#2312)) REPRESENTATION_CONTEXT
('Context #1','3D Context with UNIT and UNCERTAINTY') );
#2310 = ( LENGTH_UNIT() NAMED_UNIT(*) SI_UNIT(.MILLI.,.METRE.) );
#2311 = ( NAMED_UNIT(*) PLANE_ANGLE_UNIT() SI_UNIT($,.RADIAN.) );
#2312 = ( NAMED_UNIT(*) SI_UNIT($,.STERADIAN.) SOLID_ANGLE_UNIT() );
#2313 = UNCERTAINTY_MEASURE_WITH_UNIT(LENGTH_MEASURE(1.E-07),#2310,
  'distance_accuracy_value','confusion accuracy');
#2314 = CONTEXT_DEPENDENT_SHAPE_REPRESENTATION(#2315,#2317);
#2315 = ( REPRESENTATION_RELATIONSHIP('','',#2113,#10) 
REPRESENTATION_RELATIONSHIP_WITH_TRANSFORMATION(#2316) 
SHAPE_REPRESENTATION_RELATIONSHIP() );
#2316 = ITEM_DEFINED_TRANSFORMATION('','',#11,#31);
#2317 = PRODUCT_DEFINITION_SHAPE('Placement','Placement of an item',
  #2318);
#2318 = NEXT_ASSEMBLY_USAGE_OCCURRENCE('5',
  '11_全局快门高帧率工业相机','',#5,#2108,$);
#2319 = PRODUCT_RELATED_PRODUCT_CATEGORY('part',$,(#2110));
#2320 = SHAPE_DEFINITION_REPRESENTATION(#2321,#2327);
#2321 = PRODUCT_DEFINITION_SHAPE('','',#2322);
#2322 = PRODUCT_DEFINITION('design','',#2323,#2326);
#2323 = PRODUCT_DEFINITION_FORMATION('','',#2324);
#2324 = PRODUCT('12_长焦定焦镜头','12_长焦定焦镜头','',(
    #2325));
#2325 = PRODUCT_CONTEXT('',#2,'mechanical');
#2326 = PRODUCT_DEFINITION_CONTEXT('part definition',#2,'design');
#2327 = ADVANCED_BREP_SHAPE_REPRESENTATION('',(#11,#2328),#2446);
#2328 = MANIFOLD_SOLID_BREP('',#2329);
#2329 = CLOSED_SHELL('',(#2330,#2347,#2367,#2392,#2412,#2437));
#2330 = ADVANCED_FACE('',(#2331),#2342,.T.);
#2331 = FACE_BOUND('',#2332,.T.);
#2332 = EDGE_LOOP('',(#2333));
#2333 = ORIENTED_EDGE('',*,*,#2334,.T.);
#2334 = EDGE_CURVE('',#2335,#2335,#2337,.T.);
#2335 = VERTEX_POINT('',#2336);
#2336 = CARTESIAN_POINT('',(210.,1.028703311284E-14,1.464E+03));
#2337 = CIRCLE('',#2338,42.);
#2338 = AXIS2_PLACEMENT_3D('',#2339,#2340,#2341);
#2339 = CARTESIAN_POINT('',(210.,0.,1.422E+03));
#2340 = DIRECTION('',(1.,0.,0.));
#2341 = DIRECTION('',(-0.,0.,1.));
#2342 = PLANE('',#2343);
#2343 = AXIS2_PLACEMENT_3D('',#2344,#2345,#2346);
#2344 = CARTESIAN_POINT('',(210.,0.,1.422E+03));
#2345 = DIRECTION('',(1.,0.,0.));
#2346 = DIRECTION('',(-0.,0.,1.));
#2347 = ADVANCED_FACE('',(#2348,#2359),#2362,.T.);
#2348 = FACE_BOUND('',#2349,.T.);
#2349 = EDGE_LOOP('',(#2350));
#2350 = ORIENTED_EDGE('',*,*,#2351,.T.);
#2351 = EDGE_CURVE('',#2352,#2352,#2354,.T.);
#2352 = VERTEX_POINT('',#2353);
#2353 = CARTESIAN_POINT('',(210.,1.175660927181E-14,1.47E+03));
#2354 = CIRCLE('',#2355,48.);
#2355 = AXIS2_PLACEMENT_3D('',#2356,#2357,#2358);
#2356 = CARTESIAN_POINT('',(210.,0.,1.422E+03));
#2357 = DIRECTION('',(1.,0.,0.));
#2358 = DIRECTION('',(-0.,0.,1.));
#2359 = FACE_BOUND('',#2360,.T.);
#2360 = EDGE_LOOP('',(#2361));
#2361 = ORIENTED_EDGE('',*,*,#2334,.F.);
#2362 = PLANE('',#2363);
#2363 = AXIS2_PLACEMENT_3D('',#2364,#2365,#2366);
#2364 = CARTESIAN_POINT('',(210.,0.,1.422E+03));
#2365 = DIRECTION('',(1.,0.,0.));
#2366 = DIRECTION('',(-0.,0.,1.));
#2367 = ADVANCED_FACE('',(#2368),#2387,.T.);
#2368 = FACE_BOUND('',#2369,.T.);
#2369 = EDGE_LOOP('',(#2370,#2371,#2379,#2386));
#2370 = ORIENTED_EDGE('',*,*,#2351,.F.);
#2371 = ORIENTED_EDGE('',*,*,#2372,.F.);
#2372 = EDGE_CURVE('',#2373,#2352,#2375,.T.);
#2373 = VERTEX_POINT('',#2374);
#2374 = CARTESIAN_POINT('',(170.,1.175660927181E-14,1.47E+03));
#2375 = LINE('',#2376,#2377);
#2376 = CARTESIAN_POINT('',(170.,1.175660927181E-14,1.47E+03));
#2377 = VECTOR('',#2378,1.);
#2378 = DIRECTION('',(1.,0.,0.));
#2379 = ORIENTED_EDGE('',*,*,#2380,.T.);
#2380 = EDGE_CURVE('',#2373,#2373,#2381,.T.);
#2381 = CIRCLE('',#2382,48.);
#2382 = AXIS2_PLACEMENT_3D('',#2383,#2384,#2385);
#2383 = CARTESIAN_POINT('',(170.,0.,1.422E+03));
#2384 = DIRECTION('',(1.,0.,0.));
#2385 = DIRECTION('',(-0.,0.,1.));
#2386 = ORIENTED_EDGE('',*,*,#2372,.T.);
#2387 = CYLINDRICAL_SURFACE('',#2388,48.);
#2388 = AXIS2_PLACEMENT_3D('',#2389,#2390,#2391);
#2389 = CARTESIAN_POINT('',(170.,0.,1.422E+03));
#2390 = DIRECTION('',(1.,0.,0.));
#2391 = DIRECTION('',(-0.,0.,1.));
#2392 = ADVANCED_FACE('',(#2393,#2396),#2407,.F.);
#2393 = FACE_BOUND('',#2394,.F.);
#2394 = EDGE_LOOP('',(#2395));
#2395 = ORIENTED_EDGE('',*,*,#2380,.T.);
#2396 = FACE_BOUND('',#2397,.F.);
#2397 = EDGE_LOOP('',(#2398));
#2398 = ORIENTED_EDGE('',*,*,#2399,.F.);
#2399 = EDGE_CURVE('',#2400,#2400,#2402,.T.);
#2400 = VERTEX_POINT('',#2401);
#2401 = CARTESIAN_POINT('',(170.,1.028703311284E-14,1.464E+03));
#2402 = CIRCLE('',#2403,42.);
#2403 = AXIS2_PLACEMENT_3D('',#2404,#2405,#2406);
#2404 = CARTESIAN_POINT('',(170.,0.,1.422E+03));
#2405 = DIRECTION('',(1.,0.,0.));
#2406 = DIRECTION('',(-0.,0.,1.));
#2407 = PLANE('',#2408);
#2408 = AXIS2_PLACEMENT_3D('',#2409,#2410,#2411);
#2409 = CARTESIAN_POINT('',(170.,0.,1.422E+03));
#2410 = DIRECTION('',(1.,0.,0.));
#2411 = DIRECTION('',(-0.,0.,1.));
#2412 = ADVANCED_FACE('',(#2413),#2432,.T.);
#2413 = FACE_BOUND('',#2414,.T.);
#2414 = EDGE_LOOP('',(#2415,#2416,#2424,#2431));
#2415 = ORIENTED_EDGE('',*,*,#2399,.F.);
#2416 = ORIENTED_EDGE('',*,*,#2417,.F.);
#2417 = EDGE_CURVE('',#2418,#2400,#2420,.T.);
#2418 = VERTEX_POINT('',#2419);
#2419 = CARTESIAN_POINT('',(30.,1.028703311284E-14,1.464E+03));
#2420 = LINE('',#2421,#2422);
#2421 = CARTESIAN_POINT('',(30.,1.028703311284E-14,1.464E+03));
#2422 = VECTOR('',#2423,1.);
#2423 = DIRECTION('',(1.,0.,0.));
#2424 = ORIENTED_EDGE('',*,*,#2425,.T.);
#2425 = EDGE_CURVE('',#2418,#2418,#2426,.T.);
#2426 = CIRCLE('',#2427,42.);
#2427 = AXIS2_PLACEMENT_3D('',#2428,#2429,#2430);
#2428 = CARTESIAN_POINT('',(30.,0.,1.422E+03));
#2429 = DIRECTION('',(1.,0.,0.));
#2430 = DIRECTION('',(-0.,0.,1.));
#2431 = ORIENTED_EDGE('',*,*,#2417,.T.);
#2432 = CYLINDRICAL_SURFACE('',#2433,42.);
#2433 = AXIS2_PLACEMENT_3D('',#2434,#2435,#2436);
#2434 = CARTESIAN_POINT('',(30.,0.,1.422E+03));
#2435 = DIRECTION('',(1.,0.,0.));
#2436 = DIRECTION('',(-0.,0.,1.));
#2437 = ADVANCED_FACE('',(#2438),#2441,.F.);
#2438 = FACE_BOUND('',#2439,.T.);
#2439 = EDGE_LOOP('',(#2440));
#2440 = ORIENTED_EDGE('',*,*,#2425,.F.);
#2441 = PLANE('',#2442);
#2442 = AXIS2_PLACEMENT_3D('',#2443,#2444,#2445);
#2443 = CARTESIAN_POINT('',(30.,0.,1.422E+03));
#2444 = DIRECTION('',(1.,0.,0.));
#2445 = DIRECTION('',(-0.,0.,1.));
#2446 = ( GEOMETRIC_REPRESENTATION_CONTEXT(3) 
GLOBAL_UNCERTAINTY_ASSIGNED_CONTEXT((#2450)) 
GLOBAL_UNIT_ASSIGNED_CONTEXT((#2447,#2448,#2449)) REPRESENTATION_CONTEXT
('Context #1','3D Context with UNIT and UNCERTAINTY') );
#2447 = ( LENGTH_UNIT() NAMED_UNIT(*) SI_UNIT(.MILLI.,.METRE.) );
#2448 = ( NAMED_UNIT(*) PLANE_ANGLE_UNIT() SI_UNIT($,.RADIAN.) );
#2449 = ( NAMED_UNIT(*) SI_UNIT($,.STERADIAN.) SOLID_ANGLE_UNIT() );
#2450 = UNCERTAINTY_MEASURE_WITH_UNIT(LENGTH_MEASURE(1.E-07),#2447,
  'distance_accuracy_value','confusion accuracy');
#2451 = CONTEXT_DEPENDENT_SHAPE_REPRESENTATION(#2452,#2454);
#2452 = ( REPRESENTATION_RELATIONSHIP('','',#2327,#10) 
REPRESENTATION_RELATIONSHIP_WITH_TRANSFORMATION(#2453) 
SHAPE_REPRESENTATION_RELATIONSHIP() );
#2453 = ITEM_DEFINED_TRANSFORMATION('','',#11,#35);
#2454 = PRODUCT_DEFINITION_SHAPE('Placement','Placement of an item',
  #2455);
#2455 = NEXT_ASSEMBLY_USAGE_OCCURRENCE('6','12_长焦定焦镜头','',#5
  ,#2322,$);
#2456 = PRODUCT_RELATED_PRODUCT_CATEGORY('part',$,(#2324));
#2457 = SHAPE_DEFINITION_REPRESENTATION(#2458,#2464);
#2458 = PRODUCT_DEFINITION_SHAPE('','',#2459);
#2459 = PRODUCT_DEFINITION('design','',#2460,#2463);
#2460 = PRODUCT_DEFINITION_FORMATION('','',#2461);
#2461 = PRODUCT('13_惯性测量单元IMU','13_惯性测量单元IMU',''
  ,(#2462));
#2462 = PRODUCT_CONTEXT('',#2,'mechanical');
#2463 = PRODUCT_DEFINITION_CONTEXT('part definition',#2,'design');
#2464 = ADVANCED_BREP_SHAPE_REPRESENTATION('',(#11,#2465),#2615);
#2465 = MANIFOLD_SOLID_BREP('',#2466);
#2466 = CLOSED_SHELL('',(#2467,#2507,#2547,#2569,#2591,#2603));
#2467 = ADVANCED_FACE('',(#2468),#2502,.F.);
#2468 = FACE_BOUND('',#2469,.F.);
#2469 = EDGE_LOOP('',(#2470,#2480,#2488,#2496));
#2470 = ORIENTED_EDGE('',*,*,#2471,.F.);
#2471 = EDGE_CURVE('',#2472,#2474,#2476,.T.);
#2472 = VERTEX_POINT('',#2473);
#2473 = CARTESIAN_POINT('',(-150.,-20.,1.392E+03));
#2474 = VERTEX_POINT('',#2475);
#2475 = CARTESIAN_POINT('',(-150.,-20.,1.41E+03));
#2476 = LINE('',#2477,#2478);
#2477 = CARTESIAN_POINT('',(-150.,-20.,1.392E+03));
#2478 = VECTOR('',#2479,1.);
#2479 = DIRECTION('',(0.,0.,1.));
#2480 = ORIENTED_EDGE('',*,*,#2481,.T.);
#2481 = EDGE_CURVE('',#2472,#2482,#2484,.T.);
#2482 = VERTEX_POINT('',#2483);
#2483 = CARTESIAN_POINT('',(-150.,20.,1.392E+03));
#2484 = LINE('',#2485,#2486);
#2485 = CARTESIAN_POINT('',(-150.,-20.,1.392E+03));
#2486 = VECTOR('',#2487,1.);
#2487 = DIRECTION('',(-0.,1.,0.));
#2488 = ORIENTED_EDGE('',*,*,#2489,.T.);
#2489 = EDGE_CURVE('',#2482,#2490,#2492,.T.);
#2490 = VERTEX_POINT('',#2491);
#2491 = CARTESIAN_POINT('',(-150.,20.,1.41E+03));
#2492 = LINE('',#2493,#2494);
#2493 = CARTESIAN_POINT('',(-150.,20.,1.392E+03));
#2494 = VECTOR('',#2495,1.);
#2495 = DIRECTION('',(0.,0.,1.));
#2496 = ORIENTED_EDGE('',*,*,#2497,.F.);
#2497 = EDGE_CURVE('',#2474,#2490,#2498,.T.);
#2498 = LINE('',#2499,#2500);
#2499 = CARTESIAN_POINT('',(-150.,-20.,1.41E+03));
#2500 = VECTOR('',#2501,1.);
#2501 = DIRECTION('',(-0.,1.,0.));
#2502 = PLANE('',#2503);
#2503 = AXIS2_PLACEMENT_3D('',#2504,#2505,#2506);
#2504 = CARTESIAN_POINT('',(-150.,-20.,1.392E+03));
#2505 = DIRECTION('',(1.,0.,-0.));
#2506 = DIRECTION('',(0.,0.,1.));
#2507 = ADVANCED_FACE('',(#2508),#2542,.T.);
#2508 = FACE_BOUND('',#2509,.T.);
#2509 = EDGE_LOOP('',(#2510,#2520,#2528,#2536));
#2510 = ORIENTED_EDGE('',*,*,#2511,.F.);
#2511 = EDGE_CURVE('',#2512,#2514,#2516,.T.);
#2512 = VERTEX_POINT('',#2513);
#2513 = CARTESIAN_POINT('',(-110.,-20.,1.392E+03));
#2514 = VERTEX_POINT('',#2515);
#2515 = CARTESIAN_POINT('',(-110.,-20.,1.41E+03));
#2516 = LINE('',#2517,#2518);
#2517 = CARTESIAN_POINT('',(-110.,-20.,1.392E+03));
#2518 = VECTOR('',#2519,1.);
#2519 = DIRECTION('',(0.,0.,1.));
#2520 = ORIENTED_EDGE('',*,*,#2521,.T.);
#2521 = EDGE_CURVE('',#2512,#2522,#2524,.T.);
#2522 = VERTEX_POINT('',#2523);
#2523 = CARTESIAN_POINT('',(-110.,20.,1.392E+03));
#2524 = LINE('',#2525,#2526);
#2525 = CARTESIAN_POINT('',(-110.,-20.,1.392E+03));
#2526 = VECTOR('',#2527,1.);
#2527 = DIRECTION('',(-0.,1.,0.));
#2528 = ORIENTED_EDGE('',*,*,#2529,.T.);
#2529 = EDGE_CURVE('',#2522,#2530,#2532,.T.);
#2530 = VERTEX_POINT('',#2531);
#2531 = CARTESIAN_POINT('',(-110.,20.,1.41E+03));
#2532 = LINE('',#2533,#2534);
#2533 = CARTESIAN_POINT('',(-110.,20.,1.392E+03));
#2534 = VECTOR('',#2535,1.);
#2535 = DIRECTION('',(0.,0.,1.));
#2536 = ORIENTED_EDGE('',*,*,#2537,.F.);
#2537 = EDGE_CURVE('',#2514,#2530,#2538,.T.);
#2538 = LINE('',#2539,#2540);
#2539 = CARTESIAN_POINT('',(-110.,-20.,1.41E+03));
#2540 = VECTOR('',#2541,1.);
#2541 = DIRECTION('',(-0.,1.,0.));
#2542 = PLANE('',#2543);
#2543 = AXIS2_PLACEMENT_3D('',#2544,#2545,#2546);
#2544 = CARTESIAN_POINT('',(-110.,-20.,1.392E+03));
#2545 = DIRECTION('',(1.,0.,-0.));
#2546 = DIRECTION('',(0.,0.,1.));
#2547 = ADVANCED_FACE('',(#2548),#2564,.F.);
#2548 = FACE_BOUND('',#2549,.F.);
#2549 = EDGE_LOOP('',(#2550,#2556,#2557,#2563));
#2550 = ORIENTED_EDGE('',*,*,#2551,.F.);
#2551 = EDGE_CURVE('',#2472,#2512,#2552,.T.);
#2552 = LINE('',#2553,#2554);
#2553 = CARTESIAN_POINT('',(-150.,-20.,1.392E+03));
#2554 = VECTOR('',#2555,1.);
#2555 = DIRECTION('',(1.,0.,-0.));
#2556 = ORIENTED_EDGE('',*,*,#2471,.T.);
#2557 = ORIENTED_EDGE('',*,*,#2558,.T.);
#2558 = EDGE_CURVE('',#2474,#2514,#2559,.T.);
#2559 = LINE('',#2560,#2561);
#2560 = CARTESIAN_POINT('',(-150.,-20.,1.41E+03));
#2561 = VECTOR('',#2562,1.);
#2562 = DIRECTION('',(1.,0.,-0.));
#2563 = ORIENTED_EDGE('',*,*,#2511,.F.);
#2564 = PLANE('',#2565);
#2565 = AXIS2_PLACEMENT_3D('',#2566,#2567,#2568);
#2566 = CARTESIAN_POINT('',(-150.,-20.,1.392E+03));
#2567 = DIRECTION('',(-0.,1.,0.));
#2568 = DIRECTION('',(0.,0.,1.));
#2569 = ADVANCED_FACE('',(#2570),#2586,.T.);
#2570 = FACE_BOUND('',#2571,.T.);
#2571 = EDGE_LOOP('',(#2572,#2578,#2579,#2585));
#2572 = ORIENTED_EDGE('',*,*,#2573,.F.);
#2573 = EDGE_CURVE('',#2482,#2522,#2574,.T.);
#2574 = LINE('',#2575,#2576);
#2575 = CARTESIAN_POINT('',(-150.,20.,1.392E+03));
#2576 = VECTOR('',#2577,1.);
#2577 = DIRECTION('',(1.,0.,-0.));
#2578 = ORIENTED_EDGE('',*,*,#2489,.T.);
#2579 = ORIENTED_EDGE('',*,*,#2580,.T.);
#2580 = EDGE_CURVE('',#2490,#2530,#2581,.T.);
#2581 = LINE('',#2582,#2583);
#2582 = CARTESIAN_POINT('',(-150.,20.,1.41E+03));
#2583 = VECTOR('',#2584,1.);
#2584 = DIRECTION('',(1.,0.,-0.));
#2585 = ORIENTED_EDGE('',*,*,#2529,.F.);
#2586 = PLANE('',#2587);
#2587 = AXIS2_PLACEMENT_3D('',#2588,#2589,#2590);
#2588 = CARTESIAN_POINT('',(-150.,20.,1.392E+03));
#2589 = DIRECTION('',(-0.,1.,0.));
#2590 = DIRECTION('',(0.,0.,1.));
#2591 = ADVANCED_FACE('',(#2592),#2598,.F.);
#2592 = FACE_BOUND('',#2593,.F.);
#2593 = EDGE_LOOP('',(#2594,#2595,#2596,#2597));
#2594 = ORIENTED_EDGE('',*,*,#2481,.F.);
#2595 = ORIENTED_EDGE('',*,*,#2551,.T.);
#2596 = ORIENTED_EDGE('',*,*,#2521,.T.);
#2597 = ORIENTED_EDGE('',*,*,#2573,.F.);
#2598 = PLANE('',#2599);
#2599 = AXIS2_PLACEMENT_3D('',#2600,#2601,#2602);
#2600 = CARTESIAN_POINT('',(-150.,-20.,1.392E+03));
#2601 = DIRECTION('',(0.,0.,1.));
#2602 = DIRECTION('',(1.,0.,-0.));
#2603 = ADVANCED_FACE('',(#2604),#2610,.T.);
#2604 = FACE_BOUND('',#2605,.T.);
#2605 = EDGE_LOOP('',(#2606,#2607,#2608,#2609));
#2606 = ORIENTED_EDGE('',*,*,#2497,.F.);
#2607 = ORIENTED_EDGE('',*,*,#2558,.T.);
#2608 = ORIENTED_EDGE('',*,*,#2537,.T.);
#2609 = ORIENTED_EDGE('',*,*,#2580,.F.);
#2610 = PLANE('',#2611);
#2611 = AXIS2_PLACEMENT_3D('',#2612,#2613,#2614);
#2612 = CARTESIAN_POINT('',(-150.,-20.,1.41E+03));
#2613 = DIRECTION('',(0.,0.,1.));
#2614 = DIRECTION('',(1.,0.,-0.));
#2615 = ( GEOMETRIC_REPRESENTATION_CONTEXT(3) 
GLOBAL_UNCERTAINTY_ASSIGNED_CONTEXT((#2619)) 
GLOBAL_UNIT_ASSIGNED_CONTEXT((#2616,#2617,#2618)) REPRESENTATION_CONTEXT
('Context #1','3D Context with UNIT and UNCERTAINTY') );
#2616 = ( LENGTH_UNIT() NAMED_UNIT(*) SI_UNIT(.MILLI.,.METRE.) );
#2617 = ( NAMED_UNIT(*) PLANE_ANGLE_UNIT() SI_UNIT($,.RADIAN.) );
#2618 = ( NAMED_UNIT(*) SI_UNIT($,.STERADIAN.) SOLID_ANGLE_UNIT() );
#2619 = UNCERTAINTY_MEASURE_WITH_UNIT(LENGTH_MEASURE(1.E-07),#2616,
  'distance_accuracy_value','confusion accuracy');
#2620 = CONTEXT_DEPENDENT_SHAPE_REPRESENTATION(#2621,#2623);
#2621 = ( REPRESENTATION_RELATIONSHIP('','',#2464,#10) 
REPRESENTATION_RELATIONSHIP_WITH_TRANSFORMATION(#2622) 
SHAPE_REPRESENTATION_RELATIONSHIP() );
#2622 = ITEM_DEFINED_TRANSFORMATION('','',#11,#39);
#2623 = PRODUCT_DEFINITION_SHAPE('Placement','Placement of an item',
  #2624);
#2624 = NEXT_ASSEMBLY_USAGE_OCCURRENCE('7','13_惯性测量单元IMU',''
  ,#5,#2459,$);
#2625 = PRODUCT_RELATED_PRODUCT_CATEGORY('part',$,(#2461));
#2626 = SHAPE_DEFINITION_REPRESENTATION(#2627,#2633);
#2627 = PRODUCT_DEFINITION_SHAPE('','',#2628);
#2628 = PRODUCT_DEFINITION('design','',#2629,#2632);
#2629 = PRODUCT_DEFINITION_FORMATION('','',#2630);
#2630 = PRODUCT('14_遮阳防风罩（前置光学窗）',
  '14_遮阳防风罩（前置光学窗）','',(#2631));
#2631 = PRODUCT_CONTEXT('',#2,'mechanical');
#2632 = PRODUCT_DEFINITION_CONTEXT('part definition',#2,'design');
#2633 = SHAPE_REPRESENTATION('',(#11,#2634,#3103),#3253);
#2634 = MANIFOLD_SOLID_BREP('',#2635);
#2635 = CLOSED_SHELL('',(#2636,#2676,#2707,#2731,#2755,#2806,#2818,#2851
    ,#2876,#2901,#2918,#2967,#2992,#3023,#3050,#3074,#3091));
#2636 = ADVANCED_FACE('',(#2637),#2671,.F.);
#2637 = FACE_BOUND('',#2638,.F.);
#2638 = EDGE_LOOP('',(#2639,#2649,#2657,#2665));
#2639 = ORIENTED_EDGE('',*,*,#2640,.F.);
#2640 = EDGE_CURVE('',#2641,#2643,#2645,.T.);
#2641 = VERTEX_POINT('',#2642);
#2642 = CARTESIAN_POINT('',(-210.,-85.,1.39E+03));
#2643 = VERTEX_POINT('',#2644);
#2644 = CARTESIAN_POINT('',(-210.,-85.,1.54E+03));
#2645 = LINE('',#2646,#2647);
#2646 = CARTESIAN_POINT('',(-210.,-85.,1.39E+03));
#2647 = VECTOR('',#2648,1.);
#2648 = DIRECTION('',(0.,0.,1.));
#2649 = ORIENTED_EDGE('',*,*,#2650,.T.);
#2650 = EDGE_CURVE('',#2641,#2651,#2653,.T.);
#2651 = VERTEX_POINT('',#2652);
#2652 = CARTESIAN_POINT('',(-210.,85.,1.39E+03));
#2653 = LINE('',#2654,#2655);
#2654 = CARTESIAN_POINT('',(-210.,-85.,1.39E+03));
#2655 = VECTOR('',#2656,1.);
#2656 = DIRECTION('',(-0.,1.,0.));
#2657 = ORIENTED_EDGE('',*,*,#2658,.T.);
#2658 = EDGE_CURVE('',#2651,#2659,#2661,.T.);
#2659 = VERTEX_POINT('',#2660);
#2660 = CARTESIAN_POINT('',(-210.,85.,1.54E+03));
#2661 = LINE('',#2662,#2663);
#2662 = CARTESIAN_POINT('',(-210.,85.,1.39E+03));
#2663 = VECTOR('',#2664,1.);
#2664 = DIRECTION('',(0.,0.,1.));
#2665 = ORIENTED_EDGE('',*,*,#2666,.F.);
#2666 = EDGE_CURVE('',#2643,#2659,#2667,.T.);
#2667 = LINE('',#2668,#2669);
#2668 = CARTESIAN_POINT('',(-210.,-85.,1.54E+03));
#2669 = VECTOR('',#2670,1.);
#2670 = DIRECTION('',(-0.,1.,0.));
#2671 = PLANE('',#2672);
#2672 = AXIS2_PLACEMENT_3D('',#2673,#2674,#2675);
#2673 = CARTESIAN_POINT('',(-210.,-85.,1.39E+03));
#2674 = DIRECTION('',(1.,0.,-0.));
#2675 = DIRECTION('',(0.,0.,1.));
#2676 = ADVANCED_FACE('',(#2677),#2702,.F.);
#2677 = FACE_BOUND('',#2678,.F.);
#2678 = EDGE_LOOP('',(#2679,#2687,#2688,#2696));
#2679 = ORIENTED_EDGE('',*,*,#2680,.F.);
#2680 = EDGE_CURVE('',#2641,#2681,#2683,.T.);
#2681 = VERTEX_POINT('',#2682);
#2682 = CARTESIAN_POINT('',(230.,-85.,1.39E+03));
#2683 = LINE('',#2684,#2685);
#2684 = CARTESIAN_POINT('',(-210.,-85.,1.39E+03));
#2685 = VECTOR('',#2686,1.);
#2686 = DIRECTION('',(1.,0.,-0.));
#2687 = ORIENTED_EDGE('',*,*,#2640,.T.);
#2688 = ORIENTED_EDGE('',*,*,#2689,.T.);
#2689 = EDGE_CURVE('',#2643,#2690,#2692,.T.);
#2690 = VERTEX_POINT('',#2691);
#2691 = CARTESIAN_POINT('',(230.,-85.,1.54E+03));
#2692 = LINE('',#2693,#2694);
#2693 = CARTESIAN_POINT('',(-210.,-85.,1.54E+03));
#2694 = VECTOR('',#2695,1.);
#2695 = DIRECTION('',(1.,0.,-0.));
#2696 = ORIENTED_EDGE('',*,*,#2697,.F.);
#2697 = EDGE_CURVE('',#2681,#2690,#2698,.T.);
#2698 = LINE('',#2699,#2700);
#2699 = CARTESIAN_POINT('',(230.,-85.,1.39E+03));
#2700 = VECTOR('',#2701,1.);
#2701 = DIRECTION('',(0.,0.,1.));
#2702 = PLANE('',#2703);
#2703 = AXIS2_PLACEMENT_3D('',#2704,#2705,#2706);
#2704 = CARTESIAN_POINT('',(-210.,-85.,1.39E+03));
#2705 = DIRECTION('',(-0.,1.,0.));
#2706 = DIRECTION('',(0.,0.,1.));
#2707 = ADVANCED_FACE('',(#2708),#2726,.T.);
#2708 = FACE_BOUND('',#2709,.T.);
#2709 = EDGE_LOOP('',(#2710,#2711,#2712,#2720));
#2710 = ORIENTED_EDGE('',*,*,#2666,.F.);
#2711 = ORIENTED_EDGE('',*,*,#2689,.T.);
#2712 = ORIENTED_EDGE('',*,*,#2713,.T.);
#2713 = EDGE_CURVE('',#2690,#2714,#2716,.T.);
#2714 = VERTEX_POINT('',#2715);
#2715 = CARTESIAN_POINT('',(230.,85.,1.54E+03));
#2716 = LINE('',#2717,#2718);
#2717 = CARTESIAN_POINT('',(230.,-85.,1.54E+03));
#2718 = VECTOR('',#2719,1.);
#2719 = DIRECTION('',(-0.,1.,0.));
#2720 = ORIENTED_EDGE('',*,*,#2721,.F.);
#2721 = EDGE_CURVE('',#2659,#2714,#2722,.T.);
#2722 = LINE('',#2723,#2724);
#2723 = CARTESIAN_POINT('',(-210.,85.,1.54E+03));
#2724 = VECTOR('',#2725,1.);
#2725 = DIRECTION('',(1.,0.,-0.));
#2726 = PLANE('',#2727);
#2727 = AXIS2_PLACEMENT_3D('',#2728,#2729,#2730);
#2728 = CARTESIAN_POINT('',(-210.,-85.,1.54E+03));
#2729 = DIRECTION('',(0.,0.,1.));
#2730 = DIRECTION('',(1.,0.,-0.));
#2731 = ADVANCED_FACE('',(#2732),#2750,.T.);
#2732 = FACE_BOUND('',#2733,.T.);
#2733 = EDGE_LOOP('',(#2734,#2742,#2743,#2744));
#2734 = ORIENTED_EDGE('',*,*,#2735,.F.);
#2735 = EDGE_CURVE('',#2651,#2736,#2738,.T.);
#2736 = VERTEX_POINT('',#2737);
#2737 = CARTESIAN_POINT('',(230.,85.,1.39E+03));
#2738 = LINE('',#2739,#2740);
#2739 = CARTESIAN_POINT('',(-210.,85.,1.39E+03));
#2740 = VECTOR('',#2741,1.);
#2741 = DIRECTION('',(1.,0.,-0.));
#2742 = ORIENTED_EDGE('',*,*,#2658,.T.);
#2743 = ORIENTED_EDGE('',*,*,#2721,.T.);
#2744 = ORIENTED_EDGE('',*,*,#2745,.F.);
#2745 = EDGE_CURVE('',#2736,#2714,#2746,.T.);
#2746 = LINE('',#2747,#2748);
#2747 = CARTESIAN_POINT('',(230.,85.,1.39E+03));
#2748 = VECTOR('',#2749,1.);
#2749 = DIRECTION('',(0.,0.,1.));
#2750 = PLANE('',#2751);
#2751 = AXIS2_PLACEMENT_3D('',#2752,#2753,#2754);
#2752 = CARTESIAN_POINT('',(-210.,85.,1.39E+03));
#2753 = DIRECTION('',(-0.,1.,0.));
#2754 = DIRECTION('',(0.,0.,1.));
#2755 = ADVANCED_FACE('',(#2756,#2767),#2801,.F.);
#2756 = FACE_BOUND('',#2757,.F.);
#2757 = EDGE_LOOP('',(#2758,#2759,#2760,#2766));
#2758 = ORIENTED_EDGE('',*,*,#2650,.F.);
#2759 = ORIENTED_EDGE('',*,*,#2680,.T.);
#2760 = ORIENTED_EDGE('',*,*,#2761,.T.);
#2761 = EDGE_CURVE('',#2681,#2736,#2762,.T.);
#2762 = LINE('',#2763,#2764);
#2763 = CARTESIAN_POINT('',(230.,-85.,1.39E+03));
#2764 = VECTOR('',#2765,1.);
#2765 = DIRECTION('',(-0.,1.,0.));
#2766 = ORIENTED_EDGE('',*,*,#2735,.F.);
#2767 = FACE_BOUND('',#2768,.F.);
#2768 = EDGE_LOOP('',(#2769,#2779,#2787,#2795));
#2769 = ORIENTED_EDGE('',*,*,#2770,.T.);
#2770 = EDGE_CURVE('',#2771,#2773,#2775,.T.);
#2771 = VERTEX_POINT('',#2772);
#2772 = CARTESIAN_POINT('',(205.,-40.98780306383,1.39E+03));
#2773 = VERTEX_POINT('',#2774);
#2774 = CARTESIAN_POINT('',(205.,40.987803063838,1.39E+03));
#2775 = LINE('',#2776,#2777);
#2776 = CARTESIAN_POINT('',(205.,-42.5,1.39E+03));
#2777 = VECTOR('',#2778,1.);
#2778 = DIRECTION('',(0.,1.,0.));
#2779 = ORIENTED_EDGE('',*,*,#2780,.T.);
#2780 = EDGE_CURVE('',#2773,#2781,#2783,.T.);
#2781 = VERTEX_POINT('',#2782);
#2782 = CARTESIAN_POINT('',(225.,40.987803063838,1.39E+03));
#2783 = LINE('',#2784,#2785);
#2784 = CARTESIAN_POINT('',(205.,40.987803063838,1.39E+03));
#2785 = VECTOR('',#2786,1.);
#2786 = DIRECTION('',(1.,0.,0.));
#2787 = ORIENTED_EDGE('',*,*,#2788,.F.);
#2788 = EDGE_CURVE('',#2789,#2781,#2791,.T.);
#2789 = VERTEX_POINT('',#2790);
#2790 = CARTESIAN_POINT('',(225.,-40.98780306383,1.39E+03));
#2791 = LINE('',#2792,#2793);
#2792 = CARTESIAN_POINT('',(225.,-42.5,1.39E+03));
#2793 = VECTOR('',#2794,1.);
#2794 = DIRECTION('',(0.,1.,0.));
#2795 = ORIENTED_EDGE('',*,*,#2796,.F.);
#2796 = EDGE_CURVE('',#2771,#2789,#2797,.T.);
#2797 = LINE('',#2798,#2799);
#2798 = CARTESIAN_POINT('',(205.,-40.98780306383,1.39E+03));
#2799 = VECTOR('',#2800,1.);
#2800 = DIRECTION('',(1.,0.,0.));
#2801 = PLANE('',#2802);
#2802 = AXIS2_PLACEMENT_3D('',#2803,#2804,#2805);
#2803 = CARTESIAN_POINT('',(-210.,-85.,1.39E+03));
#2804 = DIRECTION('',(0.,0.,1.));
#2805 = DIRECTION('',(1.,0.,-0.));
#2806 = ADVANCED_FACE('',(#2807),#2813,.T.);
#2807 = FACE_BOUND('',#2808,.T.);
#2808 = EDGE_LOOP('',(#2809,#2810,#2811,#2812));
#2809 = ORIENTED_EDGE('',*,*,#2697,.F.);
#2810 = ORIENTED_EDGE('',*,*,#2761,.T.);
#2811 = ORIENTED_EDGE('',*,*,#2745,.T.);
#2812 = ORIENTED_EDGE('',*,*,#2713,.F.);
#2813 = PLANE('',#2814);
#2814 = AXIS2_PLACEMENT_3D('',#2815,#2816,#2817);
#2815 = CARTESIAN_POINT('',(230.,-85.,1.39E+03));
#2816 = DIRECTION('',(1.,0.,-0.));
#2817 = DIRECTION('',(0.,0.,1.));
#2818 = ADVANCED_FACE('',(#2819),#2846,.T.);
#2819 = FACE_BOUND('',#2820,.T.);
#2820 = EDGE_LOOP('',(#2821,#2831,#2838,#2839));
#2821 = ORIENTED_EDGE('',*,*,#2822,.F.);
#2822 = EDGE_CURVE('',#2823,#2825,#2827,.T.);
#2823 = VERTEX_POINT('',#2824);
#2824 = CARTESIAN_POINT('',(205.,-42.47352116319,1.392E+03));
#2825 = VERTEX_POINT('',#2826);
#2826 = CARTESIAN_POINT('',(205.,42.473521163191,1.392E+03));
#2827 = LINE('',#2828,#2829);
#2828 = CARTESIAN_POINT('',(205.,-40.,1.392E+03));
#2829 = VECTOR('',#2830,1.);
#2830 = DIRECTION('',(0.,1.,0.));
#2831 = ORIENTED_EDGE('',*,*,#2832,.T.);
#2832 = EDGE_CURVE('',#2823,#2771,#2833,.T.);
#2833 = CIRCLE('',#2834,52.);
#2834 = AXIS2_PLACEMENT_3D('',#2835,#2836,#2837);
#2835 = CARTESIAN_POINT('',(205.,0.,1.422E+03));
#2836 = DIRECTION('',(1.,0.,0.));
#2837 = DIRECTION('',(-0.,0.,1.));
#2838 = ORIENTED_EDGE('',*,*,#2770,.T.);
#2839 = ORIENTED_EDGE('',*,*,#2840,.T.);
#2840 = EDGE_CURVE('',#2773,#2825,#2841,.T.);
#2841 = CIRCLE('',#2842,52.);
#2842 = AXIS2_PLACEMENT_3D('',#2843,#2844,#2845);
#2843 = CARTESIAN_POINT('',(205.,0.,1.422E+03));
#2844 = DIRECTION('',(1.,0.,0.));
#2845 = DIRECTION('',(-0.,0.,1.));
#2846 = PLANE('',#2847);
#2847 = AXIS2_PLACEMENT_3D('',#2848,#2849,#2850);
#2848 = CARTESIAN_POINT('',(205.,0.,1.422E+03));
#2849 = DIRECTION('',(1.,0.,0.));
#2850 = DIRECTION('',(-0.,0.,1.));
#2851 = ADVANCED_FACE('',(#2852),#2871,.F.);
#2852 = FACE_BOUND('',#2853,.F.);
#2853 = EDGE_LOOP('',(#2854,#2863,#2869,#2870));
#2854 = ORIENTED_EDGE('',*,*,#2855,.F.);
#2855 = EDGE_CURVE('',#2856,#2789,#2858,.T.);
#2856 = VERTEX_POINT('',#2857);
#2857 = CARTESIAN_POINT('',(225.,-42.47352116319,1.392E+03));
#2858 = CIRCLE('',#2859,52.);
#2859 = AXIS2_PLACEMENT_3D('',#2860,#2861,#2862);
#2860 = CARTESIAN_POINT('',(225.,0.,1.422E+03));
#2861 = DIRECTION('',(1.,0.,0.));
#2862 = DIRECTION('',(-0.,0.,1.));
#2863 = ORIENTED_EDGE('',*,*,#2864,.F.);
#2864 = EDGE_CURVE('',#2823,#2856,#2865,.T.);
#2865 = LINE('',#2866,#2867);
#2866 = CARTESIAN_POINT('',(205.,-42.47352116319,1.392E+03));
#2867 = VECTOR('',#2868,1.);
#2868 = DIRECTION('',(1.,0.,0.));
#2869 = ORIENTED_EDGE('',*,*,#2832,.T.);
#2870 = ORIENTED_EDGE('',*,*,#2796,.T.);
#2871 = CYLINDRICAL_SURFACE('',#2872,52.);
#2872 = AXIS2_PLACEMENT_3D('',#2873,#2874,#2875);
#2873 = CARTESIAN_POINT('',(205.,0.,1.422E+03));
#2874 = DIRECTION('',(1.,0.,0.));
#2875 = DIRECTION('',(-0.,0.,1.));
#2876 = ADVANCED_FACE('',(#2877),#2896,.F.);
#2877 = FACE_BOUND('',#2878,.F.);
#2878 = EDGE_LOOP('',(#2879,#2887,#2888,#2889));
#2879 = ORIENTED_EDGE('',*,*,#2880,.F.);
#2880 = EDGE_CURVE('',#2856,#2881,#2883,.T.);
#2881 = VERTEX_POINT('',#2882);
#2882 = CARTESIAN_POINT('',(225.,42.47352116319,1.392E+03));
#2883 = LINE('',#2884,#2885);
#2884 = CARTESIAN_POINT('',(225.,-80.,1.392E+03));
#2885 = VECTOR('',#2886,1.);
#2886 = DIRECTION('',(-0.,1.,0.));
#2887 = ORIENTED_EDGE('',*,*,#2855,.T.);
#2888 = ORIENTED_EDGE('',*,*,#2788,.T.);
#2889 = ORIENTED_EDGE('',*,*,#2890,.T.);
#2890 = EDGE_CURVE('',#2781,#2881,#2891,.T.);
#2891 = CIRCLE('',#2892,52.);
#2892 = AXIS2_PLACEMENT_3D('',#2893,#2894,#2895);
#2893 = CARTESIAN_POINT('',(225.,0.,1.422E+03));
#2894 = DIRECTION('',(1.,0.,0.));
#2895 = DIRECTION('',(-0.,0.,1.));
#2896 = PLANE('',#2897);
#2897 = AXIS2_PLACEMENT_3D('',#2898,#2899,#2900);
#2898 = CARTESIAN_POINT('',(225.,0.,1.422E+03));
#2899 = DIRECTION('',(1.,0.,0.));
#2900 = DIRECTION('',(-0.,0.,1.));
#2901 = ADVANCED_FACE('',(#2902),#2913,.F.);
#2902 = FACE_BOUND('',#2903,.F.);
#2903 = EDGE_LOOP('',(#2904,#2910,#2911,#2912));
#2904 = ORIENTED_EDGE('',*,*,#2905,.T.);
#2905 = EDGE_CURVE('',#2825,#2881,#2906,.T.);
#2906 = LINE('',#2907,#2908);
#2907 = CARTESIAN_POINT('',(205.,42.473521163191,1.392E+03));
#2908 = VECTOR('',#2909,1.);
#2909 = DIRECTION('',(1.,0.,0.));
#2910 = ORIENTED_EDGE('',*,*,#2890,.F.);
#2911 = ORIENTED_EDGE('',*,*,#2780,.F.);
#2912 = ORIENTED_EDGE('',*,*,#2840,.T.);
#2913 = CYLINDRICAL_SURFACE('',#2914,52.);
#2914 = AXIS2_PLACEMENT_3D('',#2915,#2916,#2917);
#2915 = CARTESIAN_POINT('',(205.,0.,1.422E+03));
#2916 = DIRECTION('',(1.,0.,0.));
#2917 = DIRECTION('',(-0.,0.,1.));
#2918 = ADVANCED_FACE('',(#2919),#2962,.T.);
#2919 = FACE_BOUND('',#2920,.T.);
#2920 = EDGE_LOOP('',(#2921,#2931,#2939,#2947,#2953,#2954,#2955,#2956));
#2921 = ORIENTED_EDGE('',*,*,#2922,.F.);
#2922 = EDGE_CURVE('',#2923,#2925,#2927,.T.);
#2923 = VERTEX_POINT('',#2924);
#2924 = CARTESIAN_POINT('',(-205.,80.,1.392E+03));
#2925 = VERTEX_POINT('',#2926);
#2926 = CARTESIAN_POINT('',(225.,80.,1.392E+03));
#2927 = LINE('',#2928,#2929);
#2928 = CARTESIAN_POINT('',(-205.,80.,1.392E+03));
#2929 = VECTOR('',#2930,1.);
#2930 = DIRECTION('',(1.,0.,-0.));
#2931 = ORIENTED_EDGE('',*,*,#2932,.F.);
#2932 = EDGE_CURVE('',#2933,#2923,#2935,.T.);
#2933 = VERTEX_POINT('',#2934);
#2934 = CARTESIAN_POINT('',(-205.,-80.,1.392E+03));
#2935 = LINE('',#2936,#2937);
#2936 = CARTESIAN_POINT('',(-205.,-80.,1.392E+03));
#2937 = VECTOR('',#2938,1.);
#2938 = DIRECTION('',(-0.,1.,0.));
#2939 = ORIENTED_EDGE('',*,*,#2940,.T.);
#2940 = EDGE_CURVE('',#2933,#2941,#2943,.T.);
#2941 = VERTEX_POINT('',#2942);
#2942 = CARTESIAN_POINT('',(225.,-80.,1.392E+03));
#2943 = LINE('',#2944,#2945);
#2944 = CARTESIAN_POINT('',(-205.,-80.,1.392E+03));
#2945 = VECTOR('',#2946,1.);
#2946 = DIRECTION('',(1.,0.,-0.));
#2947 = ORIENTED_EDGE('',*,*,#2948,.T.);
#2948 = EDGE_CURVE('',#2941,#2856,#2949,.T.);
#2949 = LINE('',#2950,#2951);
#2950 = CARTESIAN_POINT('',(225.,-80.,1.392E+03));
#2951 = VECTOR('',#2952,1.);
#2952 = DIRECTION('',(-0.,1.,0.));
#2953 = ORIENTED_EDGE('',*,*,#2864,.F.);
#2954 = ORIENTED_EDGE('',*,*,#2822,.T.);
#2955 = ORIENTED_EDGE('',*,*,#2905,.T.);
#2956 = ORIENTED_EDGE('',*,*,#2957,.T.);
#2957 = EDGE_CURVE('',#2881,#2925,#2958,.T.);
#2958 = LINE('',#2959,#2960);
#2959 = CARTESIAN_POINT('',(225.,-80.,1.392E+03));
#2960 = VECTOR('',#2961,1.);
#2961 = DIRECTION('',(-0.,1.,0.));
#2962 = PLANE('',#2963);
#2963 = AXIS2_PLACEMENT_3D('',#2964,#2965,#2966);
#2964 = CARTESIAN_POINT('',(-205.,-80.,1.392E+03));
#2965 = DIRECTION('',(0.,0.,1.));
#2966 = DIRECTION('',(1.,0.,-0.));
#2967 = ADVANCED_FACE('',(#2968),#2987,.F.);
#2968 = FACE_BOUND('',#2969,.F.);
#2969 = EDGE_LOOP('',(#2970,#2979,#2980));
#2970 = ORIENTED_EDGE('',*,*,#2971,.T.);
#2971 = EDGE_CURVE('',#2972,#2856,#2974,.T.);
#2972 = VERTEX_POINT('',#2973);
#2973 = CARTESIAN_POINT('',(225.,1.273632671113E-14,1.474E+03));
#2974 = CIRCLE('',#2975,52.);
#2975 = AXIS2_PLACEMENT_3D('',#2976,#2977,#2978);
#2976 = CARTESIAN_POINT('',(225.,0.,1.422E+03));
#2977 = DIRECTION('',(1.,0.,0.));
#2978 = DIRECTION('',(-0.,0.,1.));
#2979 = ORIENTED_EDGE('',*,*,#2880,.T.);
#2980 = ORIENTED_EDGE('',*,*,#2981,.T.);
#2981 = EDGE_CURVE('',#2881,#2972,#2982,.T.);
#2982 = CIRCLE('',#2983,52.);
#2983 = AXIS2_PLACEMENT_3D('',#2984,#2985,#2986);
#2984 = CARTESIAN_POINT('',(225.,0.,1.422E+03));
#2985 = DIRECTION('',(1.,0.,0.));
#2986 = DIRECTION('',(-0.,0.,1.));
#2987 = PLANE('',#2988);
#2988 = AXIS2_PLACEMENT_3D('',#2989,#2990,#2991);
#2989 = CARTESIAN_POINT('',(225.,-80.,1.392E+03));
#2990 = DIRECTION('',(1.,0.,-0.));
#2991 = DIRECTION('',(0.,0.,1.));
#2992 = ADVANCED_FACE('',(#2993),#3018,.F.);
#2993 = FACE_BOUND('',#2994,.F.);
#2994 = EDGE_LOOP('',(#2995,#2996,#3004,#3012));
#2995 = ORIENTED_EDGE('',*,*,#2922,.F.);
#2996 = ORIENTED_EDGE('',*,*,#2997,.T.);
#2997 = EDGE_CURVE('',#2923,#2998,#3000,.T.);
#2998 = VERTEX_POINT('',#2999);
#2999 = CARTESIAN_POINT('',(-205.,80.,1.537E+03));
#3000 = LINE('',#3001,#3002);
#3001 = CARTESIAN_POINT('',(-205.,80.,1.392E+03));
#3002 = VECTOR('',#3003,1.);
#3003 = DIRECTION('',(0.,0.,1.));
#3004 = ORIENTED_EDGE('',*,*,#3005,.T.);
#3005 = EDGE_CURVE('',#2998,#3006,#3008,.T.);
#3006 = VERTEX_POINT('',#3007);
#3007 = CARTESIAN_POINT('',(225.,80.,1.537E+03));
#3008 = LINE('',#3009,#3010);
#3009 = CARTESIAN_POINT('',(-205.,80.,1.537E+03));
#3010 = VECTOR('',#3011,1.);
#3011 = DIRECTION('',(1.,0.,-0.));
#3012 = ORIENTED_EDGE('',*,*,#3013,.F.);
#3013 = EDGE_CURVE('',#2925,#3006,#3014,.T.);
#3014 = LINE('',#3015,#3016);
#3015 = CARTESIAN_POINT('',(225.,80.,1.392E+03));
#3016 = VECTOR('',#3017,1.);
#3017 = DIRECTION('',(0.,0.,1.));
#3018 = PLANE('',#3019);
#3019 = AXIS2_PLACEMENT_3D('',#3020,#3021,#3022);
#3020 = CARTESIAN_POINT('',(-205.,80.,1.392E+03));
#3021 = DIRECTION('',(-0.,1.,0.));
#3022 = DIRECTION('',(0.,0.,1.));
#3023 = ADVANCED_FACE('',(#3024),#3045,.F.);
#3024 = FACE_BOUND('',#3025,.F.);
#3025 = EDGE_LOOP('',(#3026,#3034,#3040,#3041,#3042,#3043,#3044));
#3026 = ORIENTED_EDGE('',*,*,#3027,.F.);
#3027 = EDGE_CURVE('',#3028,#3006,#3030,.T.);
#3028 = VERTEX_POINT('',#3029);
#3029 = CARTESIAN_POINT('',(225.,-80.,1.537E+03));
#3030 = LINE('',#3031,#3032);
#3031 = CARTESIAN_POINT('',(225.,-80.,1.537E+03));
#3032 = VECTOR('',#3033,1.);
#3033 = DIRECTION('',(-0.,1.,0.));
#3034 = ORIENTED_EDGE('',*,*,#3035,.F.);
#3035 = EDGE_CURVE('',#2941,#3028,#3036,.T.);
#3036 = LINE('',#3037,#3038);
#3037 = CARTESIAN_POINT('',(225.,-80.,1.392E+03));
#3038 = VECTOR('',#3039,1.);
#3039 = DIRECTION('',(0.,0.,1.));
#3040 = ORIENTED_EDGE('',*,*,#2948,.T.);
#3041 = ORIENTED_EDGE('',*,*,#2971,.F.);
#3042 = ORIENTED_EDGE('',*,*,#2981,.F.);
#3043 = ORIENTED_EDGE('',*,*,#2957,.T.);
#3044 = ORIENTED_EDGE('',*,*,#3013,.T.);
#3045 = PLANE('',#3046);
#3046 = AXIS2_PLACEMENT_3D('',#3047,#3048,#3049);
#3047 = CARTESIAN_POINT('',(225.,-80.,1.392E+03));
#3048 = DIRECTION('',(1.,0.,-0.));
#3049 = DIRECTION('',(0.,0.,1.));
#3050 = ADVANCED_FACE('',(#3051),#3069,.T.);
#3051 = FACE_BOUND('',#3052,.T.);
#3052 = EDGE_LOOP('',(#3053,#3054,#3062,#3068));
#3053 = ORIENTED_EDGE('',*,*,#2940,.F.);
#3054 = ORIENTED_EDGE('',*,*,#3055,.T.);
#3055 = EDGE_CURVE('',#2933,#3056,#3058,.T.);
#3056 = VERTEX_POINT('',#3057);
#3057 = CARTESIAN_POINT('',(-205.,-80.,1.537E+03));
#3058 = LINE('',#3059,#3060);
#3059 = CARTESIAN_POINT('',(-205.,-80.,1.392E+03));
#3060 = VECTOR('',#3061,1.);
#3061 = DIRECTION('',(0.,0.,1.));
#3062 = ORIENTED_EDGE('',*,*,#3063,.T.);
#3063 = EDGE_CURVE('',#3056,#3028,#3064,.T.);
#3064 = LINE('',#3065,#3066);
#3065 = CARTESIAN_POINT('',(-205.,-80.,1.537E+03));
#3066 = VECTOR('',#3067,1.);
#3067 = DIRECTION('',(1.,0.,-0.));
#3068 = ORIENTED_EDGE('',*,*,#3035,.F.);
#3069 = PLANE('',#3070);
#3070 = AXIS2_PLACEMENT_3D('',#3071,#3072,#3073);
#3071 = CARTESIAN_POINT('',(-205.,-80.,1.392E+03));
#3072 = DIRECTION('',(-0.,1.,0.));
#3073 = DIRECTION('',(0.,0.,1.));
#3074 = ADVANCED_FACE('',(#3075),#3086,.T.);
#3075 = FACE_BOUND('',#3076,.T.);
#3076 = EDGE_LOOP('',(#3077,#3078,#3079,#3080));
#3077 = ORIENTED_EDGE('',*,*,#3055,.F.);
#3078 = ORIENTED_EDGE('',*,*,#2932,.T.);
#3079 = ORIENTED_EDGE('',*,*,#2997,.T.);
#3080 = ORIENTED_EDGE('',*,*,#3081,.F.);
#3081 = EDGE_CURVE('',#3056,#2998,#3082,.T.);
#3082 = LINE('',#3083,#3084);
#3083 = CARTESIAN_POINT('',(-205.,-80.,1.537E+03));
#3084 = VECTOR('',#3085,1.);
#3085 = DIRECTION('',(-0.,1.,0.));
#3086 = PLANE('',#3087);
#3087 = AXIS2_PLACEMENT_3D('',#3088,#3089,#3090);
#3088 = CARTESIAN_POINT('',(-205.,-80.,1.392E+03));
#3089 = DIRECTION('',(1.,0.,-0.));
#3090 = DIRECTION('',(0.,0.,1.));
#3091 = ADVANCED_FACE('',(#3092),#3098,.F.);
#3092 = FACE_BOUND('',#3093,.F.);
#3093 = EDGE_LOOP('',(#3094,#3095,#3096,#3097));
#3094 = ORIENTED_EDGE('',*,*,#3081,.F.);
#3095 = ORIENTED_EDGE('',*,*,#3063,.T.);
#3096 = ORIENTED_EDGE('',*,*,#3027,.T.);
#3097 = ORIENTED_EDGE('',*,*,#3005,.F.);
#3098 = PLANE('',#3099);
#3099 = AXIS2_PLACEMENT_3D('',#3100,#3101,#3102);
#3100 = CARTESIAN_POINT('',(-205.,-80.,1.537E+03));
#3101 = DIRECTION('',(0.,0.,1.));
#3102 = DIRECTION('',(1.,0.,-0.));
#3103 = MANIFOLD_SOLID_BREP('',#3104);
#3104 = CLOSED_SHELL('',(#3105,#3145,#3185,#3207,#3229,#3241));
#3105 = ADVANCED_FACE('',(#3106),#3140,.F.);
#3106 = FACE_BOUND('',#3107,.F.);
#3107 = EDGE_LOOP('',(#3108,#3118,#3126,#3134));
#3108 = ORIENTED_EDGE('',*,*,#3109,.F.);
#3109 = EDGE_CURVE('',#3110,#3112,#3114,.T.);
#3110 = VERTEX_POINT('',#3111);
#3111 = CARTESIAN_POINT('',(-250.,-115.,1.545E+03));
#3112 = VERTEX_POINT('',#3113);
#3113 = CARTESIAN_POINT('',(-250.,-115.,1.551E+03));
#3114 = LINE('',#3115,#3116);
#3115 = CARTESIAN_POINT('',(-250.,-115.,1.545E+03));
#3116 = VECTOR('',#3117,1.);
#3117 = DIRECTION('',(0.,0.,1.));
#3118 = ORIENTED_EDGE('',*,*,#3119,.T.);
#3119 = EDGE_CURVE('',#3110,#3120,#3122,.T.);
#3120 = VERTEX_POINT('',#3121);
#3121 = CARTESIAN_POINT('',(-250.,115.,1.545E+03));
#3122 = LINE('',#3123,#3124);
#3123 = CARTESIAN_POINT('',(-250.,-115.,1.545E+03));
#3124 = VECTOR('',#3125,1.);
#3125 = DIRECTION('',(-0.,1.,0.));
#3126 = ORIENTED_EDGE('',*,*,#3127,.T.);
#3127 = EDGE_CURVE('',#3120,#3128,#3130,.T.);
#3128 = VERTEX_POINT('',#3129);
#3129 = CARTESIAN_POINT('',(-250.,115.,1.551E+03));
#3130 = LINE('',#3131,#3132);
#3131 = CARTESIAN_POINT('',(-250.,115.,1.545E+03));
#3132 = VECTOR('',#3133,1.);
#3133 = DIRECTION('',(0.,0.,1.));
#3134 = ORIENTED_EDGE('',*,*,#3135,.F.);
#3135 = EDGE_CURVE('',#3112,#3128,#3136,.T.);
#3136 = LINE('',#3137,#3138);
#3137 = CARTESIAN_POINT('',(-250.,-115.,1.551E+03));
#3138 = VECTOR('',#3139,1.);
#3139 = DIRECTION('',(-0.,1.,0.));
#3140 = PLANE('',#3141);
#3141 = AXIS2_PLACEMENT_3D('',#3142,#3143,#3144);
#3142 = CARTESIAN_POINT('',(-250.,-115.,1.545E+03));
#3143 = DIRECTION('',(1.,0.,-0.));
#3144 = DIRECTION('',(0.,0.,1.));
#3145 = ADVANCED_FACE('',(#3146),#3180,.T.);
#3146 = FACE_BOUND('',#3147,.T.);
#3147 = EDGE_LOOP('',(#3148,#3158,#3166,#3174));
#3148 = ORIENTED_EDGE('',*,*,#3149,.F.);
#3149 = EDGE_CURVE('',#3150,#3152,#3154,.T.);
#3150 = VERTEX_POINT('',#3151);
#3151 = CARTESIAN_POINT('',(270.,-115.,1.545E+03));
#3152 = VERTEX_POINT('',#3153);
#3153 = CARTESIAN_POINT('',(270.,-115.,1.551E+03));
#3154 = LINE('',#3155,#3156);
#3155 = CARTESIAN_POINT('',(270.,-115.,1.545E+03));
#3156 = VECTOR('',#3157,1.);
#3157 = DIRECTION('',(0.,0.,1.));
#3158 = ORIENTED_EDGE('',*,*,#3159,.T.);
#3159 = EDGE_CURVE('',#3150,#3160,#3162,.T.);
#3160 = VERTEX_POINT('',#3161);
#3161 = CARTESIAN_POINT('',(270.,115.,1.545E+03));
#3162 = LINE('',#3163,#3164);
#3163 = CARTESIAN_POINT('',(270.,-115.,1.545E+03));
#3164 = VECTOR('',#3165,1.);
#3165 = DIRECTION('',(-0.,1.,0.));
#3166 = ORIENTED_EDGE('',*,*,#3167,.T.);
#3167 = EDGE_CURVE('',#3160,#3168,#3170,.T.);
#3168 = VERTEX_POINT('',#3169);
#3169 = CARTESIAN_POINT('',(270.,115.,1.551E+03));
#3170 = LINE('',#3171,#3172);
#3171 = CARTESIAN_POINT('',(270.,115.,1.545E+03));
#3172 = VECTOR('',#3173,1.);
#3173 = DIRECTION('',(0.,0.,1.));
#3174 = ORIENTED_EDGE('',*,*,#3175,.F.);
#3175 = EDGE_CURVE('',#3152,#3168,#3176,.T.);
#3176 = LINE('',#3177,#3178);
#3177 = CARTESIAN_POINT('',(270.,-115.,1.551E+03));
#3178 = VECTOR('',#3179,1.);
#3179 = DIRECTION('',(-0.,1.,0.));
#3180 = PLANE('',#3181);
#3181 = AXIS2_PLACEMENT_3D('',#3182,#3183,#3184);
#3182 = CARTESIAN_POINT('',(270.,-115.,1.545E+03));
#3183 = DIRECTION('',(1.,0.,-0.));
#3184 = DIRECTION('',(0.,0.,1.));
#3185 = ADVANCED_FACE('',(#3186),#3202,.F.);
#3186 = FACE_BOUND('',#3187,.F.);
#3187 = EDGE_LOOP('',(#3188,#3194,#3195,#3201));
#3188 = ORIENTED_EDGE('',*,*,#3189,.F.);
#3189 = EDGE_CURVE('',#3110,#3150,#3190,.T.);
#3190 = LINE('',#3191,#3192);
#3191 = CARTESIAN_POINT('',(-250.,-115.,1.545E+03));
#3192 = VECTOR('',#3193,1.);
#3193 = DIRECTION('',(1.,0.,-0.));
#3194 = ORIENTED_EDGE('',*,*,#3109,.T.);
#3195 = ORIENTED_EDGE('',*,*,#3196,.T.);
#3196 = EDGE_CURVE('',#3112,#3152,#3197,.T.);
#3197 = LINE('',#3198,#3199);
#3198 = CARTESIAN_POINT('',(-250.,-115.,1.551E+03));
#3199 = VECTOR('',#3200,1.);
#3200 = DIRECTION('',(1.,0.,-0.));
#3201 = ORIENTED_EDGE('',*,*,#3149,.F.);
#3202 = PLANE('',#3203);
#3203 = AXIS2_PLACEMENT_3D('',#3204,#3205,#3206);
#3204 = CARTESIAN_POINT('',(-250.,-115.,1.545E+03));
#3205 = DIRECTION('',(-0.,1.,0.));
#3206 = DIRECTION('',(0.,0.,1.));
#3207 = ADVANCED_FACE('',(#3208),#3224,.T.);
#3208 = FACE_BOUND('',#3209,.T.);
#3209 = EDGE_LOOP('',(#3210,#3216,#3217,#3223));
#3210 = ORIENTED_EDGE('',*,*,#3211,.F.);
#3211 = EDGE_CURVE('',#3120,#3160,#3212,.T.);
#3212 = LINE('',#3213,#3214);
#3213 = CARTESIAN_POINT('',(-250.,115.,1.545E+03));
#3214 = VECTOR('',#3215,1.);
#3215 = DIRECTION('',(1.,0.,-0.));
#3216 = ORIENTED_EDGE('',*,*,#3127,.T.);
#3217 = ORIENTED_EDGE('',*,*,#3218,.T.);
#3218 = EDGE_CURVE('',#3128,#3168,#3219,.T.);
#3219 = LINE('',#3220,#3221);
#3220 = CARTESIAN_POINT('',(-250.,115.,1.551E+03));
#3221 = VECTOR('',#3222,1.);
#3222 = DIRECTION('',(1.,0.,-0.));
#3223 = ORIENTED_EDGE('',*,*,#3167,.F.);
#3224 = PLANE('',#3225);
#3225 = AXIS2_PLACEMENT_3D('',#3226,#3227,#3228);
#3226 = CARTESIAN_POINT('',(-250.,115.,1.545E+03));
#3227 = DIRECTION('',(-0.,1.,0.));
#3228 = DIRECTION('',(0.,0.,1.));
#3229 = ADVANCED_FACE('',(#3230),#3236,.F.);
#3230 = FACE_BOUND('',#3231,.F.);
#3231 = EDGE_LOOP('',(#3232,#3233,#3234,#3235));
#3232 = ORIENTED_EDGE('',*,*,#3119,.F.);
#3233 = ORIENTED_EDGE('',*,*,#3189,.T.);
#3234 = ORIENTED_EDGE('',*,*,#3159,.T.);
#3235 = ORIENTED_EDGE('',*,*,#3211,.F.);
#3236 = PLANE('',#3237);
#3237 = AXIS2_PLACEMENT_3D('',#3238,#3239,#3240);
#3238 = CARTESIAN_POINT('',(-250.,-115.,1.545E+03));
#3239 = DIRECTION('',(0.,0.,1.));
#3240 = DIRECTION('',(1.,0.,-0.));
#3241 = ADVANCED_FACE('',(#3242),#3248,.T.);
#3242 = FACE_BOUND('',#3243,.T.);
#3243 = EDGE_LOOP('',(#3244,#3245,#3246,#3247));
#3244 = ORIENTED_EDGE('',*,*,#3135,.F.);
#3245 = ORIENTED_EDGE('',*,*,#3196,.T.);
#3246 = ORIENTED_EDGE('',*,*,#3175,.T.);
#3247 = ORIENTED_EDGE('',*,*,#3218,.F.);
#3248 = PLANE('',#3249);
#3249 = AXIS2_PLACEMENT_3D('',#3250,#3251,#3252);
#3250 = CARTESIAN_POINT('',(-250.,-115.,1.551E+03));
#3251 = DIRECTION('',(0.,0.,1.));
#3252 = DIRECTION('',(1.,0.,-0.));
#3253 = ( GEOMETRIC_REPRESENTATION_CONTEXT(3) 
GLOBAL_UNCERTAINTY_ASSIGNED_CONTEXT((#3257)) 
GLOBAL_UNIT_ASSIGNED_CONTEXT((#3254,#3255,#3256)) REPRESENTATION_CONTEXT
('Context #1','3D Context with UNIT and UNCERTAINTY') );
#3254 = ( LENGTH_UNIT() NAMED_UNIT(*) SI_UNIT(.MILLI.,.METRE.) );
#3255 = ( NAMED_UNIT(*) PLANE_ANGLE_UNIT() SI_UNIT($,.RADIAN.) );
#3256 = ( NAMED_UNIT(*) SI_UNIT($,.STERADIAN.) SOLID_ANGLE_UNIT() );
#3257 = UNCERTAINTY_MEASURE_WITH_UNIT(LENGTH_MEASURE(1.E-07),#3254,
  'distance_accuracy_value','confusion accuracy');
#3258 = CONTEXT_DEPENDENT_SHAPE_REPRESENTATION(#3259,#3261);
#3259 = ( REPRESENTATION_RELATIONSHIP('','',#2633,#10) 
REPRESENTATION_RELATIONSHIP_WITH_TRANSFORMATION(#3260) 
SHAPE_REPRESENTATION_RELATIONSHIP() );
#3260 = ITEM_DEFINED_TRANSFORMATION('','',#11,#43);
#3261 = PRODUCT_DEFINITION_SHAPE('Placement','Placement of an item',
  #3262);
#3262 = NEXT_ASSEMBLY_USAGE_OCCURRENCE('8',
  '14_遮阳防风罩（前置光学窗）','',#5,#2628,$);
#3263 = PRODUCT_RELATED_PRODUCT_CATEGORY('part',$,(#2630));
#3264 = SHAPE_DEFINITION_REPRESENTATION(#3265,#3271);
#3265 = PRODUCT_DEFINITION_SHAPE('','',#3266);
#3266 = PRODUCT_DEFINITION('design','',#3267,#3270);
#3267 = PRODUCT_DEFINITION_FORMATION('','',#3268);
#3268 = PRODUCT('21_GNSS授时天线','21_GNSS授时天线','',(#3269));
#3269 = PRODUCT_CONTEXT('',#2,'mechanical');
#3270 = PRODUCT_DEFINITION_CONTEXT('part definition',#2,'design');
#3271 = ADVANCED_BREP_SHAPE_REPRESENTATION('',(#11,#3272),#3370);
#3272 = MANIFOLD_SOLID_BREP('',#3273);
#3273 = CLOSED_SHELL('',(#3274,#3307,#3327,#3336,#3361));
#3274 = ADVANCED_FACE('',(#3275),#3302,.T.);
#3275 = FACE_BOUND('',#3276,.T.);
#3276 = EDGE_LOOP('',(#3277,#3286,#3294,#3301));
#3277 = ORIENTED_EDGE('',*,*,#3278,.F.);
#3278 = EDGE_CURVE('',#3279,#3279,#3281,.T.);
#3279 = VERTEX_POINT('',#3280);
#3280 = CARTESIAN_POINT('',(-172.,-1.959434878636E-15,1.671E+03));
#3281 = CIRCLE('',#3282,8.);
#3282 = AXIS2_PLACEMENT_3D('',#3283,#3284,#3285);
#3283 = CARTESIAN_POINT('',(-180.,0.,1.671E+03));
#3284 = DIRECTION('',(0.,0.,1.));
#3285 = DIRECTION('',(1.,0.,-0.));
#3286 = ORIENTED_EDGE('',*,*,#3287,.F.);
#3287 = EDGE_CURVE('',#3288,#3279,#3290,.T.);
#3288 = VERTEX_POINT('',#3289);
#3289 = CARTESIAN_POINT('',(-172.,-1.959434878636E-15,1.551E+03));
#3290 = LINE('',#3291,#3292);
#3291 = CARTESIAN_POINT('',(-172.,-1.959434878636E-15,1.551E+03));
#3292 = VECTOR('',#3293,1.);
#3293 = DIRECTION('',(0.,0.,1.));
#3294 = ORIENTED_EDGE('',*,*,#3295,.T.);
#3295 = EDGE_CURVE('',#3288,#3288,#3296,.T.);
#3296 = CIRCLE('',#3297,8.);
#3297 = AXIS2_PLACEMENT_3D('',#3298,#3299,#3300);
#3298 = CARTESIAN_POINT('',(-180.,0.,1.551E+03));
#3299 = DIRECTION('',(0.,0.,1.));
#3300 = DIRECTION('',(1.,0.,-0.));
#3301 = ORIENTED_EDGE('',*,*,#3287,.T.);
#3302 = CYLINDRICAL_SURFACE('',#3303,8.);
#3303 = AXIS2_PLACEMENT_3D('',#3304,#3305,#3306);
#3304 = CARTESIAN_POINT('',(-180.,0.,1.551E+03));
#3305 = DIRECTION('',(0.,0.,1.));
#3306 = DIRECTION('',(1.,0.,-0.));
#3307 = ADVANCED_FACE('',(#3308,#3319),#3322,.F.);
#3308 = FACE_BOUND('',#3309,.F.);
#3309 = EDGE_LOOP('',(#3310));
#3310 = ORIENTED_EDGE('',*,*,#3311,.T.);
#3311 = EDGE_CURVE('',#3312,#3312,#3314,.T.);
#3312 = VERTEX_POINT('',#3313);
#3313 = CARTESIAN_POINT('',(-135.,-1.102182119233E-14,1.671E+03));
#3314 = CIRCLE('',#3315,45.);
#3315 = AXIS2_PLACEMENT_3D('',#3316,#3317,#3318);
#3316 = CARTESIAN_POINT('',(-180.,0.,1.671E+03));
#3317 = DIRECTION('',(0.,0.,1.));
#3318 = DIRECTION('',(1.,0.,-0.));
#3319 = FACE_BOUND('',#3320,.F.);
#3320 = EDGE_LOOP('',(#3321));
#3321 = ORIENTED_EDGE('',*,*,#3278,.F.);
#3322 = PLANE('',#3323);
#3323 = AXIS2_PLACEMENT_3D('',#3324,#3325,#3326);
#3324 = CARTESIAN_POINT('',(-180.,0.,1.671E+03));
#3325 = DIRECTION('',(0.,0.,1.));
#3326 = DIRECTION('',(1.,0.,-0.));
#3327 = ADVANCED_FACE('',(#3328),#3331,.F.);
#3328 = FACE_BOUND('',#3329,.T.);
#3329 = EDGE_LOOP('',(#3330));
#3330 = ORIENTED_EDGE('',*,*,#3295,.F.);
#3331 = PLANE('',#3332);
#3332 = AXIS2_PLACEMENT_3D('',#3333,#3334,#3335);
#3333 = CARTESIAN_POINT('',(-180.,0.,1.551E+03));
#3334 = DIRECTION('',(0.,0.,1.));
#3335 = DIRECTION('',(1.,0.,-0.));
#3336 = ADVANCED_FACE('',(#3337),#3356,.T.);
#3337 = FACE_BOUND('',#3338,.T.);
#3338 = EDGE_LOOP('',(#3339,#3348,#3354,#3355));
#3339 = ORIENTED_EDGE('',*,*,#3340,.F.);
#3340 = EDGE_CURVE('',#3341,#3341,#3343,.T.);
#3341 = VERTEX_POINT('',#3342);
#3342 = CARTESIAN_POINT('',(-135.,-1.102182119233E-14,1.696E+03));
#3343 = CIRCLE('',#3344,45.);
#3344 = AXIS2_PLACEMENT_3D('',#3345,#3346,#3347);
#3345 = CARTESIAN_POINT('',(-180.,0.,1.696E+03));
#3346 = DIRECTION('',(0.,0.,1.));
#3347 = DIRECTION('',(1.,0.,-0.));
#3348 = ORIENTED_EDGE('',*,*,#3349,.F.);
#3349 = EDGE_CURVE('',#3312,#3341,#3350,.T.);
#3350 = LINE('',#3351,#3352);
#3351 = CARTESIAN_POINT('',(-135.,-1.102182119233E-14,1.671E+03));
#3352 = VECTOR('',#3353,1.);
#3353 = DIRECTION('',(0.,0.,1.));
#3354 = ORIENTED_EDGE('',*,*,#3311,.T.);
#3355 = ORIENTED_EDGE('',*,*,#3349,.T.);
#3356 = CYLINDRICAL_SURFACE('',#3357,45.);
#3357 = AXIS2_PLACEMENT_3D('',#3358,#3359,#3360);
#3358 = CARTESIAN_POINT('',(-180.,0.,1.671E+03));
#3359 = DIRECTION('',(0.,0.,1.));
#3360 = DIRECTION('',(1.,0.,-0.));
#3361 = ADVANCED_FACE('',(#3362),#3365,.T.);
#3362 = FACE_BOUND('',#3363,.T.);
#3363 = EDGE_LOOP('',(#3364));
#3364 = ORIENTED_EDGE('',*,*,#3340,.T.);
#3365 = PLANE('',#3366);
#3366 = AXIS2_PLACEMENT_3D('',#3367,#3368,#3369);
#3367 = CARTESIAN_POINT('',(-180.,0.,1.696E+03));
#3368 = DIRECTION('',(0.,0.,1.));
#3369 = DIRECTION('',(1.,0.,-0.));
#3370 = ( GEOMETRIC_REPRESENTATION_CONTEXT(3) 
GLOBAL_UNCERTAINTY_ASSIGNED_CONTEXT((#3374)) 
GLOBAL_UNIT_ASSIGNED_CONTEXT((#3371,#3372,#3373)) REPRESENTATION_CONTEXT
('Context #1','3D Context with UNIT and UNCERTAINTY') );
#3371 = ( LENGTH_UNIT() NAMED_UNIT(*) SI_UNIT(.MILLI.,.METRE.) );
#3372 = ( NAMED_UNIT(*) PLANE_ANGLE_UNIT() SI_UNIT($,.RADIAN.) );
#3373 = ( NAMED_UNIT(*) SI_UNIT($,.STERADIAN.) SOLID_ANGLE_UNIT() );
#3374 = UNCERTAINTY_MEASURE_WITH_UNIT(LENGTH_MEASURE(1.E-07),#3371,
  'distance_accuracy_value','confusion accuracy');
#3375 = CONTEXT_DEPENDENT_SHAPE_REPRESENTATION(#3376,#3378);
#3376 = ( REPRESENTATION_RELATIONSHIP('','',#3271,#10) 
REPRESENTATION_RELATIONSHIP_WITH_TRANSFORMATION(#3377) 
SHAPE_REPRESENTATION_RELATIONSHIP() );
#3377 = ITEM_DEFINED_TRANSFORMATION('','',#11,#47);
#3378 = PRODUCT_DEFINITION_SHAPE('Placement','Placement of an item',
  #3379);
#3379 = NEXT_ASSEMBLY_USAGE_OCCURRENCE('9','21_GNSS授时天线','',#5,
  #3266,$);
#3380 = PRODUCT_RELATED_PRODUCT_CATEGORY('part',$,(#3268));
#3381 = SHAPE_DEFINITION_REPRESENTATION(#3382,#3388);
#3382 = PRODUCT_DEFINITION_SHAPE('','',#3383);
#3383 = PRODUCT_DEFINITION('design','',#3384,#3387);
#3384 = PRODUCT_DEFINITION_FORMATION('','',#3385);
#3385 = PRODUCT(
  '22_边缘计算盒（含GNSS授时模块与触发板）',
  '22_边缘计算盒（含GNSS授时模块与触发板）','',(#3386));
#3386 = PRODUCT_CONTEXT('',#2,'mechanical');
#3387 = PRODUCT_DEFINITION_CONTEXT('part definition',#2,'design');
#3388 = ADVANCED_BREP_SHAPE_REPRESENTATION('',(#11,#3389),#4835);
#3389 = MANIFOLD_SOLID_BREP('',#3390);
#3390 = CLOSED_SHELL('',(#3391,#3431,#3590,#3614,#3766,#3783,#3800,#3831
    ,#3853,#3884,#3906,#3937,#3959,#3990,#4012,#4043,#4065,#4096,#4118,
    #4149,#4171,#4202,#4219,#4243,#4267,#4298,#4329,#4360,#4391,#4422,
    #4453,#4484,#4501,#4513,#4530,#4547,#4559,#4576,#4593,#4605,#4622,
    #4639,#4651,#4668,#4685,#4697,#4714,#4731,#4743,#4760,#4777,#4789,
    #4806,#4823));
#3391 = ADVANCED_FACE('',(#3392),#3426,.F.);
#3392 = FACE_BOUND('',#3393,.F.);
#3393 = EDGE_LOOP('',(#3394,#3404,#3412,#3420));
#3394 = ORIENTED_EDGE('',*,*,#3395,.F.);
#3395 = EDGE_CURVE('',#3396,#3398,#3400,.T.);
#3396 = VERTEX_POINT('',#3397);
#3397 = CARTESIAN_POINT('',(-110.,-80.,700.));
#3398 = VERTEX_POINT('',#3399);
#3399 = CARTESIAN_POINT('',(-110.,-80.,770.));
#3400 = LINE('',#3401,#3402);
#3401 = CARTESIAN_POINT('',(-110.,-80.,700.));
#3402 = VECTOR('',#3403,1.);
#3403 = DIRECTION('',(0.,0.,1.));
#3404 = ORIENTED_EDGE('',*,*,#3405,.T.);
#3405 = EDGE_CURVE('',#3396,#3406,#3408,.T.);
#3406 = VERTEX_POINT('',#3407);
#3407 = CARTESIAN_POINT('',(-110.,80.,700.));
#3408 = LINE('',#3409,#3410);
#3409 = CARTESIAN_POINT('',(-110.,-80.,700.));
#3410 = VECTOR('',#3411,1.);
#3411 = DIRECTION('',(-0.,1.,0.));
#3412 = ORIENTED_EDGE('',*,*,#3413,.T.);
#3413 = EDGE_CURVE('',#3406,#3414,#3416,.T.);
#3414 = VERTEX_POINT('',#3415);
#3415 = CARTESIAN_POINT('',(-110.,80.,770.));
#3416 = LINE('',#3417,#3418);
#3417 = CARTESIAN_POINT('',(-110.,80.,700.));
#3418 = VECTOR('',#3419,1.);
#3419 = DIRECTION('',(0.,0.,1.));
#3420 = ORIENTED_EDGE('',*,*,#3421,.F.);
#3421 = EDGE_CURVE('',#3398,#3414,#3422,.T.);
#3422 = LINE('',#3423,#3424);
#3423 = CARTESIAN_POINT('',(-110.,-80.,770.));
#3424 = VECTOR('',#3425,1.);
#3425 = DIRECTION('',(-0.,1.,0.));
#3426 = PLANE('',#3427);
#3427 = AXIS2_PLACEMENT_3D('',#3428,#3429,#3430);
#3428 = CARTESIAN_POINT('',(-110.,-80.,700.));
#3429 = DIRECTION('',(1.,0.,-0.));
#3430 = DIRECTION('',(0.,0.,1.));
#3431 = ADVANCED_FACE('',(#3432),#3585,.F.);
#3432 = FACE_BOUND('',#3433,.F.);
#3433 = EDGE_LOOP('',(#3434,#3442,#3443,#3451,#3459,#3467,#3475,#3483,
    #3491,#3499,#3507,#3515,#3523,#3531,#3539,#3547,#3555,#3563,#3571,
    #3579));
#3434 = ORIENTED_EDGE('',*,*,#3435,.F.);
#3435 = EDGE_CURVE('',#3396,#3436,#3438,.T.);
#3436 = VERTEX_POINT('',#3437);
#3437 = CARTESIAN_POINT('',(110.,-80.,700.));
#3438 = LINE('',#3439,#3440);
#3439 = CARTESIAN_POINT('',(-110.,-80.,700.));
#3440 = VECTOR('',#3441,1.);
#3441 = DIRECTION('',(1.,0.,-0.));
#3442 = ORIENTED_EDGE('',*,*,#3395,.T.);
#3443 = ORIENTED_EDGE('',*,*,#3444,.T.);
#3444 = EDGE_CURVE('',#3398,#3445,#3447,.T.);
#3445 = VERTEX_POINT('',#3446);
#3446 = CARTESIAN_POINT('',(-100.,-80.,770.));
#3447 = LINE('',#3448,#3449);
#3448 = CARTESIAN_POINT('',(-110.,-80.,770.));
#3449 = VECTOR('',#3450,1.);
#3450 = DIRECTION('',(1.,0.,-0.));
#3451 = ORIENTED_EDGE('',*,*,#3452,.T.);
#3452 = EDGE_CURVE('',#3445,#3453,#3455,.T.);
#3453 = VERTEX_POINT('',#3454);
#3454 = CARTESIAN_POINT('',(-96.,-80.,770.));
#3455 = LINE('',#3456,#3457);
#3456 = CARTESIAN_POINT('',(-110.,-80.,770.));
#3457 = VECTOR('',#3458,1.);
#3458 = DIRECTION('',(1.,0.,-0.));
#3459 = ORIENTED_EDGE('',*,*,#3460,.T.);
#3460 = EDGE_CURVE('',#3453,#3461,#3463,.T.);
#3461 = VERTEX_POINT('',#3462);
#3462 = CARTESIAN_POINT('',(-73.,-80.,770.));
#3463 = LINE('',#3464,#3465);
#3464 = CARTESIAN_POINT('',(-110.,-80.,770.));
#3465 = VECTOR('',#3466,1.);
#3466 = DIRECTION('',(1.,0.,-0.));
#3467 = ORIENTED_EDGE('',*,*,#3468,.T.);
#3468 = EDGE_CURVE('',#3461,#3469,#3471,.T.);
#3469 = VERTEX_POINT('',#3470);
#3470 = CARTESIAN_POINT('',(-69.,-80.,770.));
#3471 = LINE('',#3472,#3473);
#3472 = CARTESIAN_POINT('',(-110.,-80.,770.));
#3473 = VECTOR('',#3474,1.);
#3474 = DIRECTION('',(1.,0.,-0.));
#3475 = ORIENTED_EDGE('',*,*,#3476,.T.);
#3476 = EDGE_CURVE('',#3469,#3477,#3479,.T.);
#3477 = VERTEX_POINT('',#3478);
#3478 = CARTESIAN_POINT('',(-46.,-80.,770.));
#3479 = LINE('',#3480,#3481);
#3480 = CARTESIAN_POINT('',(-110.,-80.,770.));
#3481 = VECTOR('',#3482,1.);
#3482 = DIRECTION('',(1.,0.,-0.));
#3483 = ORIENTED_EDGE('',*,*,#3484,.T.);
#3484 = EDGE_CURVE('',#3477,#3485,#3487,.T.);
#3485 = VERTEX_POINT('',#3486);
#3486 = CARTESIAN_POINT('',(-42.,-80.,770.));
#3487 = LINE('',#3488,#3489);
#3488 = CARTESIAN_POINT('',(-110.,-80.,770.));
#3489 = VECTOR('',#3490,1.);
#3490 = DIRECTION('',(1.,0.,-0.));
#3491 = ORIENTED_EDGE('',*,*,#3492,.T.);
#3492 = EDGE_CURVE('',#3485,#3493,#3495,.T.);
#3493 = VERTEX_POINT('',#3494);
#3494 = CARTESIAN_POINT('',(-19.,-80.,770.));
#3495 = LINE('',#3496,#3497);
#3496 = CARTESIAN_POINT('',(-110.,-80.,770.));
#3497 = VECTOR('',#3498,1.);
#3498 = DIRECTION('',(1.,0.,-0.));
#3499 = ORIENTED_EDGE('',*,*,#3500,.T.);
#3500 = EDGE_CURVE('',#3493,#3501,#3503,.T.);
#3501 = VERTEX_POINT('',#3502);
#3502 = CARTESIAN_POINT('',(-15.,-80.,770.));
#3503 = LINE('',#3504,#3505);
#3504 = CARTESIAN_POINT('',(-110.,-80.,770.));
#3505 = VECTOR('',#3506,1.);
#3506 = DIRECTION('',(1.,0.,-0.));
#3507 = ORIENTED_EDGE('',*,*,#3508,.T.);
#3508 = EDGE_CURVE('',#3501,#3509,#3511,.T.);
#3509 = VERTEX_POINT('',#3510);
#3510 = CARTESIAN_POINT('',(8.,-80.,770.));
#3511 = LINE('',#3512,#3513);
#3512 = CARTESIAN_POINT('',(-110.,-80.,770.));
#3513 = VECTOR('',#3514,1.);
#3514 = DIRECTION('',(1.,0.,-0.));
#3515 = ORIENTED_EDGE('',*,*,#3516,.T.);
#3516 = EDGE_CURVE('',#3509,#3517,#3519,.T.);
#3517 = VERTEX_POINT('',#3518);
#3518 = CARTESIAN_POINT('',(12.,-80.,770.));
#3519 = LINE('',#3520,#3521);
#3520 = CARTESIAN_POINT('',(-110.,-80.,770.));
#3521 = VECTOR('',#3522,1.);
#3522 = DIRECTION('',(1.,0.,-0.));
#3523 = ORIENTED_EDGE('',*,*,#3524,.T.);
#3524 = EDGE_CURVE('',#3517,#3525,#3527,.T.);
#3525 = VERTEX_POINT('',#3526);
#3526 = CARTESIAN_POINT('',(35.,-80.,770.));
#3527 = LINE('',#3528,#3529);
#3528 = CARTESIAN_POINT('',(-110.,-80.,770.));
#3529 = VECTOR('',#3530,1.);
#3530 = DIRECTION('',(1.,0.,-0.));
#3531 = ORIENTED_EDGE('',*,*,#3532,.T.);
#3532 = EDGE_CURVE('',#3525,#3533,#3535,.T.);
#3533 = VERTEX_POINT('',#3534);
#3534 = CARTESIAN_POINT('',(39.,-80.,770.));
#3535 = LINE('',#3536,#3537);
#3536 = CARTESIAN_POINT('',(-110.,-80.,770.));
#3537 = VECTOR('',#3538,1.);
#3538 = DIRECTION('',(1.,0.,-0.));
#3539 = ORIENTED_EDGE('',*,*,#3540,.T.);
#3540 = EDGE_CURVE('',#3533,#3541,#3543,.T.);
#3541 = VERTEX_POINT('',#3542);
#3542 = CARTESIAN_POINT('',(62.,-80.,770.));
#3543 = LINE('',#3544,#3545);
#3544 = CARTESIAN_POINT('',(-110.,-80.,770.));
#3545 = VECTOR('',#3546,1.);
#3546 = DIRECTION('',(1.,0.,-0.));
#3547 = ORIENTED_EDGE('',*,*,#3548,.T.);
#3548 = EDGE_CURVE('',#3541,#3549,#3551,.T.);
#3549 = VERTEX_POINT('',#3550);
#3550 = CARTESIAN_POINT('',(66.,-80.,770.));
#3551 = LINE('',#3552,#3553);
#3552 = CARTESIAN_POINT('',(-110.,-80.,770.));
#3553 = VECTOR('',#3554,1.);
#3554 = DIRECTION('',(1.,0.,-0.));
#3555 = ORIENTED_EDGE('',*,*,#3556,.T.);
#3556 = EDGE_CURVE('',#3549,#3557,#3559,.T.);
#3557 = VERTEX_POINT('',#3558);
#3558 = CARTESIAN_POINT('',(89.,-80.,770.));
#3559 = LINE('',#3560,#3561);
#3560 = CARTESIAN_POINT('',(-110.,-80.,770.));
#3561 = VECTOR('',#3562,1.);
#3562 = DIRECTION('',(1.,0.,-0.));
#3563 = ORIENTED_EDGE('',*,*,#3564,.T.);
#3564 = EDGE_CURVE('',#3557,#3565,#3567,.T.);
#3565 = VERTEX_POINT('',#3566);
#3566 = CARTESIAN_POINT('',(93.,-80.,770.));
#3567 = LINE('',#3568,#3569);
#3568 = CARTESIAN_POINT('',(-110.,-80.,770.));
#3569 = VECTOR('',#3570,1.);
#3570 = DIRECTION('',(1.,0.,-0.));
#3571 = ORIENTED_EDGE('',*,*,#3572,.T.);
#3572 = EDGE_CURVE('',#3565,#3573,#3575,.T.);
#3573 = VERTEX_POINT('',#3574);
#3574 = CARTESIAN_POINT('',(110.,-80.,770.));
#3575 = LINE('',#3576,#3577);
#3576 = CARTESIAN_POINT('',(-110.,-80.,770.));
#3577 = VECTOR('',#3578,1.);
#3578 = DIRECTION('',(1.,0.,-0.));
#3579 = ORIENTED_EDGE('',*,*,#3580,.F.);
#3580 = EDGE_CURVE('',#3436,#3573,#3581,.T.);
#3581 = LINE('',#3582,#3583);
#3582 = CARTESIAN_POINT('',(110.,-80.,700.));
#3583 = VECTOR('',#3584,1.);
#3584 = DIRECTION('',(0.,0.,1.));
#3585 = PLANE('',#3586);
#3586 = AXIS2_PLACEMENT_3D('',#3587,#3588,#3589);
#3587 = CARTESIAN_POINT('',(-110.,-80.,700.));
#3588 = DIRECTION('',(-0.,1.,0.));
#3589 = DIRECTION('',(0.,0.,1.));
#3590 = ADVANCED_FACE('',(#3591),#3609,.T.);
#3591 = FACE_BOUND('',#3592,.T.);
#3592 = EDGE_LOOP('',(#3593,#3601,#3602,#3603));
#3593 = ORIENTED_EDGE('',*,*,#3594,.F.);
#3594 = EDGE_CURVE('',#3414,#3595,#3597,.T.);
#3595 = VERTEX_POINT('',#3596);
#3596 = CARTESIAN_POINT('',(-100.,80.,770.));
#3597 = LINE('',#3598,#3599);
#3598 = CARTESIAN_POINT('',(-110.,80.,770.));
#3599 = VECTOR('',#3600,1.);
#3600 = DIRECTION('',(1.,0.,-0.));
#3601 = ORIENTED_EDGE('',*,*,#3421,.F.);
#3602 = ORIENTED_EDGE('',*,*,#3444,.T.);
#3603 = ORIENTED_EDGE('',*,*,#3604,.T.);
#3604 = EDGE_CURVE('',#3445,#3595,#3605,.T.);
#3605 = LINE('',#3606,#3607);
#3606 = CARTESIAN_POINT('',(-100.,-80.,770.));
#3607 = VECTOR('',#3608,1.);
#3608 = DIRECTION('',(-0.,1.,0.));
#3609 = PLANE('',#3610);
#3610 = AXIS2_PLACEMENT_3D('',#3611,#3612,#3613);
#3611 = CARTESIAN_POINT('',(-110.,-80.,770.));
#3612 = DIRECTION('',(0.,0.,1.));
#3613 = DIRECTION('',(1.,0.,-0.));
#3614 = ADVANCED_FACE('',(#3615),#3761,.T.);
#3615 = FACE_BOUND('',#3616,.T.);
#3616 = EDGE_LOOP('',(#3617,#3625,#3626,#3627,#3635,#3643,#3651,#3659,
    #3667,#3675,#3683,#3691,#3699,#3707,#3715,#3723,#3731,#3739,#3747,
    #3755));
#3617 = ORIENTED_EDGE('',*,*,#3618,.F.);
#3618 = EDGE_CURVE('',#3406,#3619,#3621,.T.);
#3619 = VERTEX_POINT('',#3620);
#3620 = CARTESIAN_POINT('',(110.,80.,700.));
#3621 = LINE('',#3622,#3623);
#3622 = CARTESIAN_POINT('',(-110.,80.,700.));
#3623 = VECTOR('',#3624,1.);
#3624 = DIRECTION('',(1.,0.,-0.));
#3625 = ORIENTED_EDGE('',*,*,#3413,.T.);
#3626 = ORIENTED_EDGE('',*,*,#3594,.T.);
#3627 = ORIENTED_EDGE('',*,*,#3628,.T.);
#3628 = EDGE_CURVE('',#3595,#3629,#3631,.T.);
#3629 = VERTEX_POINT('',#3630);
#3630 = CARTESIAN_POINT('',(-96.,80.,770.));
#3631 = LINE('',#3632,#3633);
#3632 = CARTESIAN_POINT('',(-110.,80.,770.));
#3633 = VECTOR('',#3634,1.);
#3634 = DIRECTION('',(1.,0.,-0.));
#3635 = ORIENTED_EDGE('',*,*,#3636,.T.);
#3636 = EDGE_CURVE('',#3629,#3637,#3639,.T.);
#3637 = VERTEX_POINT('',#3638);
#3638 = CARTESIAN_POINT('',(-73.,80.,770.));
#3639 = LINE('',#3640,#3641);
#3640 = CARTESIAN_POINT('',(-110.,80.,770.));
#3641 = VECTOR('',#3642,1.);
#3642 = DIRECTION('',(1.,0.,-0.));
#3643 = ORIENTED_EDGE('',*,*,#3644,.T.);
#3644 = EDGE_CURVE('',#3637,#3645,#3647,.T.);
#3645 = VERTEX_POINT('',#3646);
#3646 = CARTESIAN_POINT('',(-69.,80.,770.));
#3647 = LINE('',#3648,#3649);
#3648 = CARTESIAN_POINT('',(-110.,80.,770.));
#3649 = VECTOR('',#3650,1.);
#3650 = DIRECTION('',(1.,0.,-0.));
#3651 = ORIENTED_EDGE('',*,*,#3652,.T.);
#3652 = EDGE_CURVE('',#3645,#3653,#3655,.T.);
#3653 = VERTEX_POINT('',#3654);
#3654 = CARTESIAN_POINT('',(-46.,80.,770.));
#3655 = LINE('',#3656,#3657);
#3656 = CARTESIAN_POINT('',(-110.,80.,770.));
#3657 = VECTOR('',#3658,1.);
#3658 = DIRECTION('',(1.,0.,-0.));
#3659 = ORIENTED_EDGE('',*,*,#3660,.T.);
#3660 = EDGE_CURVE('',#3653,#3661,#3663,.T.);
#3661 = VERTEX_POINT('',#3662);
#3662 = CARTESIAN_POINT('',(-42.,80.,770.));
#3663 = LINE('',#3664,#3665);
#3664 = CARTESIAN_POINT('',(-110.,80.,770.));
#3665 = VECTOR('',#3666,1.);
#3666 = DIRECTION('',(1.,0.,-0.));
#3667 = ORIENTED_EDGE('',*,*,#3668,.T.);
#3668 = EDGE_CURVE('',#3661,#3669,#3671,.T.);
#3669 = VERTEX_POINT('',#3670);
#3670 = CARTESIAN_POINT('',(-19.,80.,770.));
#3671 = LINE('',#3672,#3673);
#3672 = CARTESIAN_POINT('',(-110.,80.,770.));
#3673 = VECTOR('',#3674,1.);
#3674 = DIRECTION('',(1.,0.,-0.));
#3675 = ORIENTED_EDGE('',*,*,#3676,.T.);
#3676 = EDGE_CURVE('',#3669,#3677,#3679,.T.);
#3677 = VERTEX_POINT('',#3678);
#3678 = CARTESIAN_POINT('',(-15.,80.,770.));
#3679 = LINE('',#3680,#3681);
#3680 = CARTESIAN_POINT('',(-110.,80.,770.));
#3681 = VECTOR('',#3682,1.);
#3682 = DIRECTION('',(1.,0.,-0.));
#3683 = ORIENTED_EDGE('',*,*,#3684,.T.);
#3684 = EDGE_CURVE('',#3677,#3685,#3687,.T.);
#3685 = VERTEX_POINT('',#3686);
#3686 = CARTESIAN_POINT('',(8.,80.,770.));
#3687 = LINE('',#3688,#3689);
#3688 = CARTESIAN_POINT('',(-110.,80.,770.));
#3689 = VECTOR('',#3690,1.);
#3690 = DIRECTION('',(1.,0.,-0.));
#3691 = ORIENTED_EDGE('',*,*,#3692,.T.);
#3692 = EDGE_CURVE('',#3685,#3693,#3695,.T.);
#3693 = VERTEX_POINT('',#3694);
#3694 = CARTESIAN_POINT('',(12.,80.,770.));
#3695 = LINE('',#3696,#3697);
#3696 = CARTESIAN_POINT('',(-110.,80.,770.));
#3697 = VECTOR('',#3698,1.);
#3698 = DIRECTION('',(1.,0.,-0.));
#3699 = ORIENTED_EDGE('',*,*,#3700,.T.);
#3700 = EDGE_CURVE('',#3693,#3701,#3703,.T.);
#3701 = VERTEX_POINT('',#3702);
#3702 = CARTESIAN_POINT('',(35.,80.,770.));
#3703 = LINE('',#3704,#3705);
#3704 = CARTESIAN_POINT('',(-110.,80.,770.));
#3705 = VECTOR('',#3706,1.);
#3706 = DIRECTION('',(1.,0.,-0.));
#3707 = ORIENTED_EDGE('',*,*,#3708,.T.);
#3708 = EDGE_CURVE('',#3701,#3709,#3711,.T.);
#3709 = VERTEX_POINT('',#3710);
#3710 = CARTESIAN_POINT('',(39.,80.,770.));
#3711 = LINE('',#3712,#3713);
#3712 = CARTESIAN_POINT('',(-110.,80.,770.));
#3713 = VECTOR('',#3714,1.);
#3714 = DIRECTION('',(1.,0.,-0.));
#3715 = ORIENTED_EDGE('',*,*,#3716,.T.);
#3716 = EDGE_CURVE('',#3709,#3717,#3719,.T.);
#3717 = VERTEX_POINT('',#3718);
#3718 = CARTESIAN_POINT('',(62.,80.,770.));
#3719 = LINE('',#3720,#3721);
#3720 = CARTESIAN_POINT('',(-110.,80.,770.));
#3721 = VECTOR('',#3722,1.);
#3722 = DIRECTION('',(1.,0.,-0.));
#3723 = ORIENTED_EDGE('',*,*,#3724,.T.);
#3724 = EDGE_CURVE('',#3717,#3725,#3727,.T.);
#3725 = VERTEX_POINT('',#3726);
#3726 = CARTESIAN_POINT('',(66.,80.,770.));
#3727 = LINE('',#3728,#3729);
#3728 = CARTESIAN_POINT('',(-110.,80.,770.));
#3729 = VECTOR('',#3730,1.);
#3730 = DIRECTION('',(1.,0.,-0.));
#3731 = ORIENTED_EDGE('',*,*,#3732,.T.);
#3732 = EDGE_CURVE('',#3725,#3733,#3735,.T.);
#3733 = VERTEX_POINT('',#3734);
#3734 = CARTESIAN_POINT('',(89.,80.,770.));
#3735 = LINE('',#3736,#3737);
#3736 = CARTESIAN_POINT('',(-110.,80.,770.));
#3737 = VECTOR('',#3738,1.);
#3738 = DIRECTION('',(1.,0.,-0.));
#3739 = ORIENTED_EDGE('',*,*,#3740,.T.);
#3740 = EDGE_CURVE('',#3733,#3741,#3743,.T.);
#3741 = VERTEX_POINT('',#3742);
#3742 = CARTESIAN_POINT('',(93.,80.,770.));
#3743 = LINE('',#3744,#3745);
#3744 = CARTESIAN_POINT('',(-110.,80.,770.));
#3745 = VECTOR('',#3746,1.);
#3746 = DIRECTION('',(1.,0.,-0.));
#3747 = ORIENTED_EDGE('',*,*,#3748,.T.);
#3748 = EDGE_CURVE('',#3741,#3749,#3751,.T.);
#3749 = VERTEX_POINT('',#3750);
#3750 = CARTESIAN_POINT('',(110.,80.,770.));
#3751 = LINE('',#3752,#3753);
#3752 = CARTESIAN_POINT('',(-110.,80.,770.));
#3753 = VECTOR('',#3754,1.);
#3754 = DIRECTION('',(1.,0.,-0.));
#3755 = ORIENTED_EDGE('',*,*,#3756,.F.);
#3756 = EDGE_CURVE('',#3619,#3749,#3757,.T.);
#3757 = LINE('',#3758,#3759);
#3758 = CARTESIAN_POINT('',(110.,80.,700.));
#3759 = VECTOR('',#3760,1.);
#3760 = DIRECTION('',(0.,0.,1.));
#3761 = PLANE('',#3762);
#3762 = AXIS2_PLACEMENT_3D('',#3763,#3764,#3765);
#3763 = CARTESIAN_POINT('',(-110.,80.,700.));
#3764 = DIRECTION('',(-0.,1.,0.));
#3765 = DIRECTION('',(0.,0.,1.));
#3766 = ADVANCED_FACE('',(#3767),#3778,.F.);
#3767 = FACE_BOUND('',#3768,.F.);
#3768 = EDGE_LOOP('',(#3769,#3770,#3771,#3777));
#3769 = ORIENTED_EDGE('',*,*,#3405,.F.);
#3770 = ORIENTED_EDGE('',*,*,#3435,.T.);
#3771 = ORIENTED_EDGE('',*,*,#3772,.T.);
#3772 = EDGE_CURVE('',#3436,#3619,#3773,.T.);
#3773 = LINE('',#3774,#3775);
#3774 = CARTESIAN_POINT('',(110.,-80.,700.));
#3775 = VECTOR('',#3776,1.);
#3776 = DIRECTION('',(-0.,1.,0.));
#3777 = ORIENTED_EDGE('',*,*,#3618,.F.);
#3778 = PLANE('',#3779);
#3779 = AXIS2_PLACEMENT_3D('',#3780,#3781,#3782);
#3780 = CARTESIAN_POINT('',(-110.,-80.,700.));
#3781 = DIRECTION('',(0.,0.,1.));
#3782 = DIRECTION('',(1.,0.,-0.));
#3783 = ADVANCED_FACE('',(#3784),#3795,.T.);
#3784 = FACE_BOUND('',#3785,.T.);
#3785 = EDGE_LOOP('',(#3786,#3787,#3788,#3789));
#3786 = ORIENTED_EDGE('',*,*,#3580,.F.);
#3787 = ORIENTED_EDGE('',*,*,#3772,.T.);
#3788 = ORIENTED_EDGE('',*,*,#3756,.T.);
#3789 = ORIENTED_EDGE('',*,*,#3790,.F.);
#3790 = EDGE_CURVE('',#3573,#3749,#3791,.T.);
#3791 = LINE('',#3792,#3793);
#3792 = CARTESIAN_POINT('',(110.,-80.,770.));
#3793 = VECTOR('',#3794,1.);
#3794 = DIRECTION('',(-0.,1.,0.));
#3795 = PLANE('',#3796);
#3796 = AXIS2_PLACEMENT_3D('',#3797,#3798,#3799);
#3797 = CARTESIAN_POINT('',(110.,-80.,700.));
#3798 = DIRECTION('',(1.,0.,-0.));
#3799 = DIRECTION('',(0.,0.,1.));
#3800 = ADVANCED_FACE('',(#3801),#3826,.F.);
#3801 = FACE_BOUND('',#3802,.F.);
#3802 = EDGE_LOOP('',(#3803,#3804,#3812,#3820));
#3803 = ORIENTED_EDGE('',*,*,#3452,.F.);
#3804 = ORIENTED_EDGE('',*,*,#3805,.T.);
#3805 = EDGE_CURVE('',#3445,#3806,#3808,.T.);
#3806 = VERTEX_POINT('',#3807);
#3807 = CARTESIAN_POINT('',(-100.,-80.,785.));
#3808 = LINE('',#3809,#3810);
#3809 = CARTESIAN_POINT('',(-100.,-80.,770.));
#3810 = VECTOR('',#3811,1.);
#3811 = DIRECTION('',(0.,0.,1.));
#3812 = ORIENTED_EDGE('',*,*,#3813,.T.);
#3813 = EDGE_CURVE('',#3806,#3814,#3816,.T.);
#3814 = VERTEX_POINT('',#3815);
#3815 = CARTESIAN_POINT('',(-96.,-80.,785.));
#3816 = LINE('',#3817,#3818);
#3817 = CARTESIAN_POINT('',(-100.,-80.,785.));
#3818 = VECTOR('',#3819,1.);
#3819 = DIRECTION('',(1.,0.,-0.));
#3820 = ORIENTED_EDGE('',*,*,#3821,.F.);
#3821 = EDGE_CURVE('',#3453,#3814,#3822,.T.);
#3822 = LINE('',#3823,#3824);
#3823 = CARTESIAN_POINT('',(-96.,-80.,770.));
#3824 = VECTOR('',#3825,1.);
#3825 = DIRECTION('',(0.,0.,1.));
#3826 = PLANE('',#3827);
#3827 = AXIS2_PLACEMENT_3D('',#3828,#3829,#3830);
#3828 = CARTESIAN_POINT('',(-100.,-80.,770.));
#3829 = DIRECTION('',(-0.,1.,0.));
#3830 = DIRECTION('',(0.,0.,1.));
#3831 = ADVANCED_FACE('',(#3832),#3848,.T.);
#3832 = FACE_BOUND('',#3833,.T.);
#3833 = EDGE_LOOP('',(#3834,#3835,#3841,#3842));
#3834 = ORIENTED_EDGE('',*,*,#3636,.F.);
#3835 = ORIENTED_EDGE('',*,*,#3836,.F.);
#3836 = EDGE_CURVE('',#3453,#3629,#3837,.T.);
#3837 = LINE('',#3838,#3839);
#3838 = CARTESIAN_POINT('',(-96.,-80.,770.));
#3839 = VECTOR('',#3840,1.);
#3840 = DIRECTION('',(-0.,1.,0.));
#3841 = ORIENTED_EDGE('',*,*,#3460,.T.);
#3842 = ORIENTED_EDGE('',*,*,#3843,.T.);
#3843 = EDGE_CURVE('',#3461,#3637,#3844,.T.);
#3844 = LINE('',#3845,#3846);
#3845 = CARTESIAN_POINT('',(-73.,-80.,770.));
#3846 = VECTOR('',#3847,1.);
#3847 = DIRECTION('',(-0.,1.,0.));
#3848 = PLANE('',#3849);
#3849 = AXIS2_PLACEMENT_3D('',#3850,#3851,#3852);
#3850 = CARTESIAN_POINT('',(-110.,-80.,770.));
#3851 = DIRECTION('',(0.,0.,1.));
#3852 = DIRECTION('',(1.,0.,-0.));
#3853 = ADVANCED_FACE('',(#3854),#3879,.F.);
#3854 = FACE_BOUND('',#3855,.F.);
#3855 = EDGE_LOOP('',(#3856,#3857,#3865,#3873));
#3856 = ORIENTED_EDGE('',*,*,#3468,.F.);
#3857 = ORIENTED_EDGE('',*,*,#3858,.T.);
#3858 = EDGE_CURVE('',#3461,#3859,#3861,.T.);
#3859 = VERTEX_POINT('',#3860);
#3860 = CARTESIAN_POINT('',(-73.,-80.,785.));
#3861 = LINE('',#3862,#3863);
#3862 = CARTESIAN_POINT('',(-73.,-80.,770.));
#3863 = VECTOR('',#3864,1.);
#3864 = DIRECTION('',(0.,0.,1.));
#3865 = ORIENTED_EDGE('',*,*,#3866,.T.);
#3866 = EDGE_CURVE('',#3859,#3867,#3869,.T.);
#3867 = VERTEX_POINT('',#3868);
#3868 = CARTESIAN_POINT('',(-69.,-80.,785.));
#3869 = LINE('',#3870,#3871);
#3870 = CARTESIAN_POINT('',(-73.,-80.,785.));
#3871 = VECTOR('',#3872,1.);
#3872 = DIRECTION('',(1.,0.,-0.));
#3873 = ORIENTED_EDGE('',*,*,#3874,.F.);
#3874 = EDGE_CURVE('',#3469,#3867,#3875,.T.);
#3875 = LINE('',#3876,#3877);
#3876 = CARTESIAN_POINT('',(-69.,-80.,770.));
#3877 = VECTOR('',#3878,1.);
#3878 = DIRECTION('',(0.,0.,1.));
#3879 = PLANE('',#3880);
#3880 = AXIS2_PLACEMENT_3D('',#3881,#3882,#3883);
#3881 = CARTESIAN_POINT('',(-73.,-80.,770.));
#3882 = DIRECTION('',(-0.,1.,0.));
#3883 = DIRECTION('',(0.,0.,1.));
#3884 = ADVANCED_FACE('',(#3885),#3901,.T.);
#3885 = FACE_BOUND('',#3886,.T.);
#3886 = EDGE_LOOP('',(#3887,#3888,#3894,#3895));
#3887 = ORIENTED_EDGE('',*,*,#3652,.F.);
#3888 = ORIENTED_EDGE('',*,*,#3889,.F.);
#3889 = EDGE_CURVE('',#3469,#3645,#3890,.T.);
#3890 = LINE('',#3891,#3892);
#3891 = CARTESIAN_POINT('',(-69.,-80.,770.));
#3892 = VECTOR('',#3893,1.);
#3893 = DIRECTION('',(-0.,1.,0.));
#3894 = ORIENTED_EDGE('',*,*,#3476,.T.);
#3895 = ORIENTED_EDGE('',*,*,#3896,.T.);
#3896 = EDGE_CURVE('',#3477,#3653,#3897,.T.);
#3897 = LINE('',#3898,#3899);
#3898 = CARTESIAN_POINT('',(-46.,-80.,770.));
#3899 = VECTOR('',#3900,1.);
#3900 = DIRECTION('',(-0.,1.,0.));
#3901 = PLANE('',#3902);
#3902 = AXIS2_PLACEMENT_3D('',#3903,#3904,#3905);
#3903 = CARTESIAN_POINT('',(-110.,-80.,770.));
#3904 = DIRECTION('',(0.,0.,1.));
#3905 = DIRECTION('',(1.,0.,-0.));
#3906 = ADVANCED_FACE('',(#3907),#3932,.F.);
#3907 = FACE_BOUND('',#3908,.F.);
#3908 = EDGE_LOOP('',(#3909,#3910,#3918,#3926));
#3909 = ORIENTED_EDGE('',*,*,#3484,.F.);
#3910 = ORIENTED_EDGE('',*,*,#3911,.T.);
#3911 = EDGE_CURVE('',#3477,#3912,#3914,.T.);
#3912 = VERTEX_POINT('',#3913);
#3913 = CARTESIAN_POINT('',(-46.,-80.,785.));
#3914 = LINE('',#3915,#3916);
#3915 = CARTESIAN_POINT('',(-46.,-80.,770.));
#3916 = VECTOR('',#3917,1.);
#3917 = DIRECTION('',(0.,0.,1.));
#3918 = ORIENTED_EDGE('',*,*,#3919,.T.);
#3919 = EDGE_CURVE('',#3912,#3920,#3922,.T.);
#3920 = VERTEX_POINT('',#3921);
#3921 = CARTESIAN_POINT('',(-42.,-80.,785.));
#3922 = LINE('',#3923,#3924);
#3923 = CARTESIAN_POINT('',(-46.,-80.,785.));
#3924 = VECTOR('',#3925,1.);
#3925 = DIRECTION('',(1.,0.,-0.));
#3926 = ORIENTED_EDGE('',*,*,#3927,.F.);
#3927 = EDGE_CURVE('',#3485,#3920,#3928,.T.);
#3928 = LINE('',#3929,#3930);
#3929 = CARTESIAN_POINT('',(-42.,-80.,770.));
#3930 = VECTOR('',#3931,1.);
#3931 = DIRECTION('',(0.,0.,1.));
#3932 = PLANE('',#3933);
#3933 = AXIS2_PLACEMENT_3D('',#3934,#3935,#3936);
#3934 = CARTESIAN_POINT('',(-46.,-80.,770.));
#3935 = DIRECTION('',(-0.,1.,0.));
#3936 = DIRECTION('',(0.,0.,1.));
#3937 = ADVANCED_FACE('',(#3938),#3954,.T.);
#3938 = FACE_BOUND('',#3939,.T.);
#3939 = EDGE_LOOP('',(#3940,#3941,#3947,#3948));
#3940 = ORIENTED_EDGE('',*,*,#3668,.F.);
#3941 = ORIENTED_EDGE('',*,*,#3942,.F.);
#3942 = EDGE_CURVE('',#3485,#3661,#3943,.T.);
#3943 = LINE('',#3944,#3945);
#3944 = CARTESIAN_POINT('',(-42.,-80.,770.));
#3945 = VECTOR('',#3946,1.);
#3946 = DIRECTION('',(-0.,1.,0.));
#3947 = ORIENTED_EDGE('',*,*,#3492,.T.);
#3948 = ORIENTED_EDGE('',*,*,#3949,.T.);
#3949 = EDGE_CURVE('',#3493,#3669,#3950,.T.);
#3950 = LINE('',#3951,#3952);
#3951 = CARTESIAN_POINT('',(-19.,-80.,770.));
#3952 = VECTOR('',#3953,1.);
#3953 = DIRECTION('',(-0.,1.,0.));
#3954 = PLANE('',#3955);
#3955 = AXIS2_PLACEMENT_3D('',#3956,#3957,#3958);
#3956 = CARTESIAN_POINT('',(-110.,-80.,770.));
#3957 = DIRECTION('',(0.,0.,1.));
#3958 = DIRECTION('',(1.,0.,-0.));
#3959 = ADVANCED_FACE('',(#3960),#3985,.F.);
#3960 = FACE_BOUND('',#3961,.F.);
#3961 = EDGE_LOOP('',(#3962,#3963,#3971,#3979));
#3962 = ORIENTED_EDGE('',*,*,#3500,.F.);
#3963 = ORIENTED_EDGE('',*,*,#3964,.T.);
#3964 = EDGE_CURVE('',#3493,#3965,#3967,.T.);
#3965 = VERTEX_POINT('',#3966);
#3966 = CARTESIAN_POINT('',(-19.,-80.,785.));
#3967 = LINE('',#3968,#3969);
#3968 = CARTESIAN_POINT('',(-19.,-80.,770.));
#3969 = VECTOR('',#3970,1.);
#3970 = DIRECTION('',(0.,0.,1.));
#3971 = ORIENTED_EDGE('',*,*,#3972,.T.);
#3972 = EDGE_CURVE('',#3965,#3973,#3975,.T.);
#3973 = VERTEX_POINT('',#3974);
#3974 = CARTESIAN_POINT('',(-15.,-80.,785.));
#3975 = LINE('',#3976,#3977);
#3976 = CARTESIAN_POINT('',(-19.,-80.,785.));
#3977 = VECTOR('',#3978,1.);
#3978 = DIRECTION('',(1.,0.,-0.));
#3979 = ORIENTED_EDGE('',*,*,#3980,.F.);
#3980 = EDGE_CURVE('',#3501,#3973,#3981,.T.);
#3981 = LINE('',#3982,#3983);
#3982 = CARTESIAN_POINT('',(-15.,-80.,770.));
#3983 = VECTOR('',#3984,1.);
#3984 = DIRECTION('',(0.,0.,1.));
#3985 = PLANE('',#3986);
#3986 = AXIS2_PLACEMENT_3D('',#3987,#3988,#3989);
#3987 = CARTESIAN_POINT('',(-19.,-80.,770.));
#3988 = DIRECTION('',(-0.,1.,0.));
#3989 = DIRECTION('',(0.,0.,1.));
#3990 = ADVANCED_FACE('',(#3991),#4007,.T.);
#3991 = FACE_BOUND('',#3992,.T.);
#3992 = EDGE_LOOP('',(#3993,#3994,#4000,#4001));
#3993 = ORIENTED_EDGE('',*,*,#3684,.F.);
#3994 = ORIENTED_EDGE('',*,*,#3995,.F.);
#3995 = EDGE_CURVE('',#3501,#3677,#3996,.T.);
#3996 = LINE('',#3997,#3998);
#3997 = CARTESIAN_POINT('',(-15.,-80.,770.));
#3998 = VECTOR('',#3999,1.);
#3999 = DIRECTION('',(-0.,1.,0.));
#4000 = ORIENTED_EDGE('',*,*,#3508,.T.);
#4001 = ORIENTED_EDGE('',*,*,#4002,.T.);
#4002 = EDGE_CURVE('',#3509,#3685,#4003,.T.);
#4003 = LINE('',#4004,#4005);
#4004 = CARTESIAN_POINT('',(8.,-80.,770.));
#4005 = VECTOR('',#4006,1.);
#4006 = DIRECTION('',(-0.,1.,0.));
#4007 = PLANE('',#4008);
#4008 = AXIS2_PLACEMENT_3D('',#4009,#4010,#4011);
#4009 = CARTESIAN_POINT('',(-110.,-80.,770.));
#4010 = DIRECTION('',(0.,0.,1.));
#4011 = DIRECTION('',(1.,0.,-0.));
#4012 = ADVANCED_FACE('',(#4013),#4038,.F.);
#4013 = FACE_BOUND('',#4014,.F.);
#4014 = EDGE_LOOP('',(#4015,#4016,#4024,#4032));
#4015 = ORIENTED_EDGE('',*,*,#3516,.F.);
#4016 = ORIENTED_EDGE('',*,*,#4017,.T.);
#4017 = EDGE_CURVE('',#3509,#4018,#4020,.T.);
#4018 = VERTEX_POINT('',#4019);
#4019 = CARTESIAN_POINT('',(8.,-80.,785.));
#4020 = LINE('',#4021,#4022);
#4021 = CARTESIAN_POINT('',(8.,-80.,770.));
#4022 = VECTOR('',#4023,1.);
#4023 = DIRECTION('',(0.,0.,1.));
#4024 = ORIENTED_EDGE('',*,*,#4025,.T.);
#4025 = EDGE_CURVE('',#4018,#4026,#4028,.T.);
#4026 = VERTEX_POINT('',#4027);
#4027 = CARTESIAN_POINT('',(12.,-80.,785.));
#4028 = LINE('',#4029,#4030);
#4029 = CARTESIAN_POINT('',(8.,-80.,785.));
#4030 = VECTOR('',#4031,1.);
#4031 = DIRECTION('',(1.,0.,-0.));
#4032 = ORIENTED_EDGE('',*,*,#4033,.F.);
#4033 = EDGE_CURVE('',#3517,#4026,#4034,.T.);
#4034 = LINE('',#4035,#4036);
#4035 = CARTESIAN_POINT('',(12.,-80.,770.));
#4036 = VECTOR('',#4037,1.);
#4037 = DIRECTION('',(0.,0.,1.));
#4038 = PLANE('',#4039);
#4039 = AXIS2_PLACEMENT_3D('',#4040,#4041,#4042);
#4040 = CARTESIAN_POINT('',(8.,-80.,770.));
#4041 = DIRECTION('',(-0.,1.,0.));
#4042 = DIRECTION('',(0.,0.,1.));
#4043 = ADVANCED_FACE('',(#4044),#4060,.T.);
#4044 = FACE_BOUND('',#4045,.T.);
#4045 = EDGE_LOOP('',(#4046,#4047,#4053,#4054));
#4046 = ORIENTED_EDGE('',*,*,#3700,.F.);
#4047 = ORIENTED_EDGE('',*,*,#4048,.F.);
#4048 = EDGE_CURVE('',#3517,#3693,#4049,.T.);
#4049 = LINE('',#4050,#4051);
#4050 = CARTESIAN_POINT('',(12.,-80.,770.));
#4051 = VECTOR('',#4052,1.);
#4052 = DIRECTION('',(-0.,1.,0.));
#4053 = ORIENTED_EDGE('',*,*,#3524,.T.);
#4054 = ORIENTED_EDGE('',*,*,#4055,.T.);
#4055 = EDGE_CURVE('',#3525,#3701,#4056,.T.);
#4056 = LINE('',#4057,#4058);
#4057 = CARTESIAN_POINT('',(35.,-80.,770.));
#4058 = VECTOR('',#4059,1.);
#4059 = DIRECTION('',(-0.,1.,0.));
#4060 = PLANE('',#4061);
#4061 = AXIS2_PLACEMENT_3D('',#4062,#4063,#4064);
#4062 = CARTESIAN_POINT('',(-110.,-80.,770.));
#4063 = DIRECTION('',(0.,0.,1.));
#4064 = DIRECTION('',(1.,0.,-0.));
#4065 = ADVANCED_FACE('',(#4066),#4091,.F.);
#4066 = FACE_BOUND('',#4067,.F.);
#4067 = EDGE_LOOP('',(#4068,#4069,#4077,#4085));
#4068 = ORIENTED_EDGE('',*,*,#3532,.F.);
#4069 = ORIENTED_EDGE('',*,*,#4070,.T.);
#4070 = EDGE_CURVE('',#3525,#4071,#4073,.T.);
#4071 = VERTEX_POINT('',#4072);
#4072 = CARTESIAN_POINT('',(35.,-80.,785.));
#4073 = LINE('',#4074,#4075);
#4074 = CARTESIAN_POINT('',(35.,-80.,770.));
#4075 = VECTOR('',#4076,1.);
#4076 = DIRECTION('',(0.,0.,1.));
#4077 = ORIENTED_EDGE('',*,*,#4078,.T.);
#4078 = EDGE_CURVE('',#4071,#4079,#4081,.T.);
#4079 = VERTEX_POINT('',#4080);
#4080 = CARTESIAN_POINT('',(39.,-80.,785.));
#4081 = LINE('',#4082,#4083);
#4082 = CARTESIAN_POINT('',(35.,-80.,785.));
#4083 = VECTOR('',#4084,1.);
#4084 = DIRECTION('',(1.,0.,-0.));
#4085 = ORIENTED_EDGE('',*,*,#4086,.F.);
#4086 = EDGE_CURVE('',#3533,#4079,#4087,.T.);
#4087 = LINE('',#4088,#4089);
#4088 = CARTESIAN_POINT('',(39.,-80.,770.));
#4089 = VECTOR('',#4090,1.);
#4090 = DIRECTION('',(0.,0.,1.));
#4091 = PLANE('',#4092);
#4092 = AXIS2_PLACEMENT_3D('',#4093,#4094,#4095);
#4093 = CARTESIAN_POINT('',(35.,-80.,770.));
#4094 = DIRECTION('',(-0.,1.,0.));
#4095 = DIRECTION('',(0.,0.,1.));
#4096 = ADVANCED_FACE('',(#4097),#4113,.T.);
#4097 = FACE_BOUND('',#4098,.T.);
#4098 = EDGE_LOOP('',(#4099,#4100,#4106,#4107));
#4099 = ORIENTED_EDGE('',*,*,#3716,.F.);
#4100 = ORIENTED_EDGE('',*,*,#4101,.F.);
#4101 = EDGE_CURVE('',#3533,#3709,#4102,.T.);
#4102 = LINE('',#4103,#4104);
#4103 = CARTESIAN_POINT('',(39.,-80.,770.));
#4104 = VECTOR('',#4105,1.);
#4105 = DIRECTION('',(-0.,1.,0.));
#4106 = ORIENTED_EDGE('',*,*,#3540,.T.);
#4107 = ORIENTED_EDGE('',*,*,#4108,.T.);
#4108 = EDGE_CURVE('',#3541,#3717,#4109,.T.);
#4109 = LINE('',#4110,#4111);
#4110 = CARTESIAN_POINT('',(62.,-80.,770.));
#4111 = VECTOR('',#4112,1.);
#4112 = DIRECTION('',(-0.,1.,0.));
#4113 = PLANE('',#4114);
#4114 = AXIS2_PLACEMENT_3D('',#4115,#4116,#4117);
#4115 = CARTESIAN_POINT('',(-110.,-80.,770.));
#4116 = DIRECTION('',(0.,0.,1.));
#4117 = DIRECTION('',(1.,0.,-0.));
#4118 = ADVANCED_FACE('',(#4119),#4144,.F.);
#4119 = FACE_BOUND('',#4120,.F.);
#4120 = EDGE_LOOP('',(#4121,#4122,#4130,#4138));
#4121 = ORIENTED_EDGE('',*,*,#3548,.F.);
#4122 = ORIENTED_EDGE('',*,*,#4123,.T.);
#4123 = EDGE_CURVE('',#3541,#4124,#4126,.T.);
#4124 = VERTEX_POINT('',#4125);
#4125 = CARTESIAN_POINT('',(62.,-80.,785.));
#4126 = LINE('',#4127,#4128);
#4127 = CARTESIAN_POINT('',(62.,-80.,770.));
#4128 = VECTOR('',#4129,1.);
#4129 = DIRECTION('',(0.,0.,1.));
#4130 = ORIENTED_EDGE('',*,*,#4131,.T.);
#4131 = EDGE_CURVE('',#4124,#4132,#4134,.T.);
#4132 = VERTEX_POINT('',#4133);
#4133 = CARTESIAN_POINT('',(66.,-80.,785.));
#4134 = LINE('',#4135,#4136);
#4135 = CARTESIAN_POINT('',(62.,-80.,785.));
#4136 = VECTOR('',#4137,1.);
#4137 = DIRECTION('',(1.,0.,-0.));
#4138 = ORIENTED_EDGE('',*,*,#4139,.F.);
#4139 = EDGE_CURVE('',#3549,#4132,#4140,.T.);
#4140 = LINE('',#4141,#4142);
#4141 = CARTESIAN_POINT('',(66.,-80.,770.));
#4142 = VECTOR('',#4143,1.);
#4143 = DIRECTION('',(0.,0.,1.));
#4144 = PLANE('',#4145);
#4145 = AXIS2_PLACEMENT_3D('',#4146,#4147,#4148);
#4146 = CARTESIAN_POINT('',(62.,-80.,770.));
#4147 = DIRECTION('',(-0.,1.,0.));
#4148 = DIRECTION('',(0.,0.,1.));
#4149 = ADVANCED_FACE('',(#4150),#4166,.T.);
#4150 = FACE_BOUND('',#4151,.T.);
#4151 = EDGE_LOOP('',(#4152,#4153,#4159,#4160));
#4152 = ORIENTED_EDGE('',*,*,#3732,.F.);
#4153 = ORIENTED_EDGE('',*,*,#4154,.F.);
#4154 = EDGE_CURVE('',#3549,#3725,#4155,.T.);
#4155 = LINE('',#4156,#4157);
#4156 = CARTESIAN_POINT('',(66.,-80.,770.));
#4157 = VECTOR('',#4158,1.);
#4158 = DIRECTION('',(-0.,1.,0.));
#4159 = ORIENTED_EDGE('',*,*,#3556,.T.);
#4160 = ORIENTED_EDGE('',*,*,#4161,.T.);
#4161 = EDGE_CURVE('',#3557,#3733,#4162,.T.);
#4162 = LINE('',#4163,#4164);
#4163 = CARTESIAN_POINT('',(89.,-80.,770.));
#4164 = VECTOR('',#4165,1.);
#4165 = DIRECTION('',(-0.,1.,0.));
#4166 = PLANE('',#4167);
#4167 = AXIS2_PLACEMENT_3D('',#4168,#4169,#4170);
#4168 = CARTESIAN_POINT('',(-110.,-80.,770.));
#4169 = DIRECTION('',(0.,0.,1.));
#4170 = DIRECTION('',(1.,0.,-0.));
#4171 = ADVANCED_FACE('',(#4172),#4197,.F.);
#4172 = FACE_BOUND('',#4173,.F.);
#4173 = EDGE_LOOP('',(#4174,#4175,#4183,#4191));
#4174 = ORIENTED_EDGE('',*,*,#3564,.F.);
#4175 = ORIENTED_EDGE('',*,*,#4176,.T.);
#4176 = EDGE_CURVE('',#3557,#4177,#4179,.T.);
#4177 = VERTEX_POINT('',#4178);
#4178 = CARTESIAN_POINT('',(89.,-80.,785.));
#4179 = LINE('',#4180,#4181);
#4180 = CARTESIAN_POINT('',(89.,-80.,770.));
#4181 = VECTOR('',#4182,1.);
#4182 = DIRECTION('',(0.,0.,1.));
#4183 = ORIENTED_EDGE('',*,*,#4184,.T.);
#4184 = EDGE_CURVE('',#4177,#4185,#4187,.T.);
#4185 = VERTEX_POINT('',#4186);
#4186 = CARTESIAN_POINT('',(93.,-80.,785.));
#4187 = LINE('',#4188,#4189);
#4188 = CARTESIAN_POINT('',(89.,-80.,785.));
#4189 = VECTOR('',#4190,1.);
#4190 = DIRECTION('',(1.,0.,-0.));
#4191 = ORIENTED_EDGE('',*,*,#4192,.F.);
#4192 = EDGE_CURVE('',#3565,#4185,#4193,.T.);
#4193 = LINE('',#4194,#4195);
#4194 = CARTESIAN_POINT('',(93.,-80.,770.));
#4195 = VECTOR('',#4196,1.);
#4196 = DIRECTION('',(0.,0.,1.));
#4197 = PLANE('',#4198);
#4198 = AXIS2_PLACEMENT_3D('',#4199,#4200,#4201);
#4199 = CARTESIAN_POINT('',(89.,-80.,770.));
#4200 = DIRECTION('',(-0.,1.,0.));
#4201 = DIRECTION('',(0.,0.,1.));
#4202 = ADVANCED_FACE('',(#4203),#4214,.T.);
#4203 = FACE_BOUND('',#4204,.T.);
#4204 = EDGE_LOOP('',(#4205,#4206,#4212,#4213));
#4205 = ORIENTED_EDGE('',*,*,#3748,.F.);
#4206 = ORIENTED_EDGE('',*,*,#4207,.F.);
#4207 = EDGE_CURVE('',#3565,#3741,#4208,.T.);
#4208 = LINE('',#4209,#4210);
#4209 = CARTESIAN_POINT('',(93.,-80.,770.));
#4210 = VECTOR('',#4211,1.);
#4211 = DIRECTION('',(-0.,1.,0.));
#4212 = ORIENTED_EDGE('',*,*,#3572,.T.);
#4213 = ORIENTED_EDGE('',*,*,#3790,.T.);
#4214 = PLANE('',#4215);
#4215 = AXIS2_PLACEMENT_3D('',#4216,#4217,#4218);
#4216 = CARTESIAN_POINT('',(-110.,-80.,770.));
#4217 = DIRECTION('',(0.,0.,1.));
#4218 = DIRECTION('',(1.,0.,-0.));
#4219 = ADVANCED_FACE('',(#4220),#4238,.F.);
#4220 = FACE_BOUND('',#4221,.F.);
#4221 = EDGE_LOOP('',(#4222,#4223,#4224,#4232));
#4222 = ORIENTED_EDGE('',*,*,#3805,.F.);
#4223 = ORIENTED_EDGE('',*,*,#3604,.T.);
#4224 = ORIENTED_EDGE('',*,*,#4225,.T.);
#4225 = EDGE_CURVE('',#3595,#4226,#4228,.T.);
#4226 = VERTEX_POINT('',#4227);
#4227 = CARTESIAN_POINT('',(-100.,80.,785.));
#4228 = LINE('',#4229,#4230);
#4229 = CARTESIAN_POINT('',(-100.,80.,770.));
#4230 = VECTOR('',#4231,1.);
#4231 = DIRECTION('',(0.,0.,1.));
#4232 = ORIENTED_EDGE('',*,*,#4233,.F.);
#4233 = EDGE_CURVE('',#3806,#4226,#4234,.T.);
#4234 = LINE('',#4235,#4236);
#4235 = CARTESIAN_POINT('',(-100.,-80.,785.));
#4236 = VECTOR('',#4237,1.);
#4237 = DIRECTION('',(-0.,1.,0.));
#4238 = PLANE('',#4239);
#4239 = AXIS2_PLACEMENT_3D('',#4240,#4241,#4242);
#4240 = CARTESIAN_POINT('',(-100.,-80.,770.));
#4241 = DIRECTION('',(1.,0.,-0.));
#4242 = DIRECTION('',(0.,0.,1.));
#4243 = ADVANCED_FACE('',(#4244),#4262,.T.);
#4244 = FACE_BOUND('',#4245,.T.);
#4245 = EDGE_LOOP('',(#4246,#4247,#4248,#4256));
#4246 = ORIENTED_EDGE('',*,*,#3628,.F.);
#4247 = ORIENTED_EDGE('',*,*,#4225,.T.);
#4248 = ORIENTED_EDGE('',*,*,#4249,.T.);
#4249 = EDGE_CURVE('',#4226,#4250,#4252,.T.);
#4250 = VERTEX_POINT('',#4251);
#4251 = CARTESIAN_POINT('',(-96.,80.,785.));
#4252 = LINE('',#4253,#4254);
#4253 = CARTESIAN_POINT('',(-100.,80.,785.));
#4254 = VECTOR('',#4255,1.);
#4255 = DIRECTION('',(1.,0.,-0.));
#4256 = ORIENTED_EDGE('',*,*,#4257,.F.);
#4257 = EDGE_CURVE('',#3629,#4250,#4258,.T.);
#4258 = LINE('',#4259,#4260);
#4259 = CARTESIAN_POINT('',(-96.,80.,770.));
#4260 = VECTOR('',#4261,1.);
#4261 = DIRECTION('',(0.,0.,1.));
#4262 = PLANE('',#4263);
#4263 = AXIS2_PLACEMENT_3D('',#4264,#4265,#4266);
#4264 = CARTESIAN_POINT('',(-100.,80.,770.));
#4265 = DIRECTION('',(-0.,1.,0.));
#4266 = DIRECTION('',(0.,0.,1.));
#4267 = ADVANCED_FACE('',(#4268),#4293,.T.);
#4268 = FACE_BOUND('',#4269,.T.);
#4269 = EDGE_LOOP('',(#4270,#4271,#4279,#4287));
#4270 = ORIENTED_EDGE('',*,*,#3644,.F.);
#4271 = ORIENTED_EDGE('',*,*,#4272,.T.);
#4272 = EDGE_CURVE('',#3637,#4273,#4275,.T.);
#4273 = VERTEX_POINT('',#4274);
#4274 = CARTESIAN_POINT('',(-73.,80.,785.));
#4275 = LINE('',#4276,#4277);
#4276 = CARTESIAN_POINT('',(-73.,80.,770.));
#4277 = VECTOR('',#4278,1.);
#4278 = DIRECTION('',(0.,0.,1.));
#4279 = ORIENTED_EDGE('',*,*,#4280,.T.);
#4280 = EDGE_CURVE('',#4273,#4281,#4283,.T.);
#4281 = VERTEX_POINT('',#4282);
#4282 = CARTESIAN_POINT('',(-69.,80.,785.));
#4283 = LINE('',#4284,#4285);
#4284 = CARTESIAN_POINT('',(-73.,80.,785.));
#4285 = VECTOR('',#4286,1.);
#4286 = DIRECTION('',(1.,0.,-0.));
#4287 = ORIENTED_EDGE('',*,*,#4288,.F.);
#4288 = EDGE_CURVE('',#3645,#4281,#4289,.T.);
#4289 = LINE('',#4290,#4291);
#4290 = CARTESIAN_POINT('',(-69.,80.,770.));
#4291 = VECTOR('',#4292,1.);
#4292 = DIRECTION('',(0.,0.,1.));
#4293 = PLANE('',#4294);
#4294 = AXIS2_PLACEMENT_3D('',#4295,#4296,#4297);
#4295 = CARTESIAN_POINT('',(-73.,80.,770.));
#4296 = DIRECTION('',(-0.,1.,0.));
#4297 = DIRECTION('',(0.,0.,1.));
#4298 = ADVANCED_FACE('',(#4299),#4324,.T.);
#4299 = FACE_BOUND('',#4300,.T.);
#4300 = EDGE_LOOP('',(#4301,#4302,#4310,#4318));
#4301 = ORIENTED_EDGE('',*,*,#3660,.F.);
#4302 = ORIENTED_EDGE('',*,*,#4303,.T.);
#4303 = EDGE_CURVE('',#3653,#4304,#4306,.T.);
#4304 = VERTEX_POINT('',#4305);
#4305 = CARTESIAN_POINT('',(-46.,80.,785.));
#4306 = LINE('',#4307,#4308);
#4307 = CARTESIAN_POINT('',(-46.,80.,770.));
#4308 = VECTOR('',#4309,1.);
#4309 = DIRECTION('',(0.,0.,1.));
#4310 = ORIENTED_EDGE('',*,*,#4311,.T.);
#4311 = EDGE_CURVE('',#4304,#4312,#4314,.T.);
#4312 = VERTEX_POINT('',#4313);
#4313 = CARTESIAN_POINT('',(-42.,80.,785.));
#4314 = LINE('',#4315,#4316);
#4315 = CARTESIAN_POINT('',(-46.,80.,785.));
#4316 = VECTOR('',#4317,1.);
#4317 = DIRECTION('',(1.,0.,-0.));
#4318 = ORIENTED_EDGE('',*,*,#4319,.F.);
#4319 = EDGE_CURVE('',#3661,#4312,#4320,.T.);
#4320 = LINE('',#4321,#4322);
#4321 = CARTESIAN_POINT('',(-42.,80.,770.));
#4322 = VECTOR('',#4323,1.);
#4323 = DIRECTION('',(0.,0.,1.));
#4324 = PLANE('',#4325);
#4325 = AXIS2_PLACEMENT_3D('',#4326,#4327,#4328);
#4326 = CARTESIAN_POINT('',(-46.,80.,770.));
#4327 = DIRECTION('',(-0.,1.,0.));
#4328 = DIRECTION('',(0.,0.,1.));
#4329 = ADVANCED_FACE('',(#4330),#4355,.T.);
#4330 = FACE_BOUND('',#4331,.T.);
#4331 = EDGE_LOOP('',(#4332,#4333,#4341,#4349));
#4332 = ORIENTED_EDGE('',*,*,#3676,.F.);
#4333 = ORIENTED_EDGE('',*,*,#4334,.T.);
#4334 = EDGE_CURVE('',#3669,#4335,#4337,.T.);
#4335 = VERTEX_POINT('',#4336);
#4336 = CARTESIAN_POINT('',(-19.,80.,785.));
#4337 = LINE('',#4338,#4339);
#4338 = CARTESIAN_POINT('',(-19.,80.,770.));
#4339 = VECTOR('',#4340,1.);
#4340 = DIRECTION('',(0.,0.,1.));
#4341 = ORIENTED_EDGE('',*,*,#4342,.T.);
#4342 = EDGE_CURVE('',#4335,#4343,#4345,.T.);
#4343 = VERTEX_POINT('',#4344);
#4344 = CARTESIAN_POINT('',(-15.,80.,785.));
#4345 = LINE('',#4346,#4347);
#4346 = CARTESIAN_POINT('',(-19.,80.,785.));
#4347 = VECTOR('',#4348,1.);
#4348 = DIRECTION('',(1.,0.,-0.));
#4349 = ORIENTED_EDGE('',*,*,#4350,.F.);
#4350 = EDGE_CURVE('',#3677,#4343,#4351,.T.);
#4351 = LINE('',#4352,#4353);
#4352 = CARTESIAN_POINT('',(-15.,80.,770.));
#4353 = VECTOR('',#4354,1.);
#4354 = DIRECTION('',(0.,0.,1.));
#4355 = PLANE('',#4356);
#4356 = AXIS2_PLACEMENT_3D('',#4357,#4358,#4359);
#4357 = CARTESIAN_POINT('',(-19.,80.,770.));
#4358 = DIRECTION('',(-0.,1.,0.));
#4359 = DIRECTION('',(0.,0.,1.));
#4360 = ADVANCED_FACE('',(#4361),#4386,.T.);
#4361 = FACE_BOUND('',#4362,.T.);
#4362 = EDGE_LOOP('',(#4363,#4364,#4372,#4380));
#4363 = ORIENTED_EDGE('',*,*,#3692,.F.);
#4364 = ORIENTED_EDGE('',*,*,#4365,.T.);
#4365 = EDGE_CURVE('',#3685,#4366,#4368,.T.);
#4366 = VERTEX_POINT('',#4367);
#4367 = CARTESIAN_POINT('',(8.,80.,785.));
#4368 = LINE('',#4369,#4370);
#4369 = CARTESIAN_POINT('',(8.,80.,770.));
#4370 = VECTOR('',#4371,1.);
#4371 = DIRECTION('',(0.,0.,1.));
#4372 = ORIENTED_EDGE('',*,*,#4373,.T.);
#4373 = EDGE_CURVE('',#4366,#4374,#4376,.T.);
#4374 = VERTEX_POINT('',#4375);
#4375 = CARTESIAN_POINT('',(12.,80.,785.));
#4376 = LINE('',#4377,#4378);
#4377 = CARTESIAN_POINT('',(8.,80.,785.));
#4378 = VECTOR('',#4379,1.);
#4379 = DIRECTION('',(1.,0.,-0.));
#4380 = ORIENTED_EDGE('',*,*,#4381,.F.);
#4381 = EDGE_CURVE('',#3693,#4374,#4382,.T.);
#4382 = LINE('',#4383,#4384);
#4383 = CARTESIAN_POINT('',(12.,80.,770.));
#4384 = VECTOR('',#4385,1.);
#4385 = DIRECTION('',(0.,0.,1.));
#4386 = PLANE('',#4387);
#4387 = AXIS2_PLACEMENT_3D('',#4388,#4389,#4390);
#4388 = CARTESIAN_POINT('',(8.,80.,770.));
#4389 = DIRECTION('',(-0.,1.,0.));
#4390 = DIRECTION('',(0.,0.,1.));
#4391 = ADVANCED_FACE('',(#4392),#4417,.T.);
#4392 = FACE_BOUND('',#4393,.T.);
#4393 = EDGE_LOOP('',(#4394,#4395,#4403,#4411));
#4394 = ORIENTED_EDGE('',*,*,#3708,.F.);
#4395 = ORIENTED_EDGE('',*,*,#4396,.T.);
#4396 = EDGE_CURVE('',#3701,#4397,#4399,.T.);
#4397 = VERTEX_POINT('',#4398);
#4398 = CARTESIAN_POINT('',(35.,80.,785.));
#4399 = LINE('',#4400,#4401);
#4400 = CARTESIAN_POINT('',(35.,80.,770.));
#4401 = VECTOR('',#4402,1.);
#4402 = DIRECTION('',(0.,0.,1.));
#4403 = ORIENTED_EDGE('',*,*,#4404,.T.);
#4404 = EDGE_CURVE('',#4397,#4405,#4407,.T.);
#4405 = VERTEX_POINT('',#4406);
#4406 = CARTESIAN_POINT('',(39.,80.,785.));
#4407 = LINE('',#4408,#4409);
#4408 = CARTESIAN_POINT('',(35.,80.,785.));
#4409 = VECTOR('',#4410,1.);
#4410 = DIRECTION('',(1.,0.,-0.));
#4411 = ORIENTED_EDGE('',*,*,#4412,.F.);
#4412 = EDGE_CURVE('',#3709,#4405,#4413,.T.);
#4413 = LINE('',#4414,#4415);
#4414 = CARTESIAN_POINT('',(39.,80.,770.));
#4415 = VECTOR('',#4416,1.);
#4416 = DIRECTION('',(0.,0.,1.));
#4417 = PLANE('',#4418);
#4418 = AXIS2_PLACEMENT_3D('',#4419,#4420,#4421);
#4419 = CARTESIAN_POINT('',(35.,80.,770.));
#4420 = DIRECTION('',(-0.,1.,0.));
#4421 = DIRECTION('',(0.,0.,1.));
#4422 = ADVANCED_FACE('',(#4423),#4448,.T.);
#4423 = FACE_BOUND('',#4424,.T.);
#4424 = EDGE_LOOP('',(#4425,#4426,#4434,#4442));
#4425 = ORIENTED_EDGE('',*,*,#3724,.F.);
#4426 = ORIENTED_EDGE('',*,*,#4427,.T.);
#4427 = EDGE_CURVE('',#3717,#4428,#4430,.T.);
#4428 = VERTEX_POINT('',#4429);
#4429 = CARTESIAN_POINT('',(62.,80.,785.));
#4430 = LINE('',#4431,#4432);
#4431 = CARTESIAN_POINT('',(62.,80.,770.));
#4432 = VECTOR('',#4433,1.);
#4433 = DIRECTION('',(0.,0.,1.));
#4434 = ORIENTED_EDGE('',*,*,#4435,.T.);
#4435 = EDGE_CURVE('',#4428,#4436,#4438,.T.);
#4436 = VERTEX_POINT('',#4437);
#4437 = CARTESIAN_POINT('',(66.,80.,785.));
#4438 = LINE('',#4439,#4440);
#4439 = CARTESIAN_POINT('',(62.,80.,785.));
#4440 = VECTOR('',#4441,1.);
#4441 = DIRECTION('',(1.,0.,-0.));
#4442 = ORIENTED_EDGE('',*,*,#4443,.F.);
#4443 = EDGE_CURVE('',#3725,#4436,#4444,.T.);
#4444 = LINE('',#4445,#4446);
#4445 = CARTESIAN_POINT('',(66.,80.,770.));
#4446 = VECTOR('',#4447,1.);
#4447 = DIRECTION('',(0.,0.,1.));
#4448 = PLANE('',#4449);
#4449 = AXIS2_PLACEMENT_3D('',#4450,#4451,#4452);
#4450 = CARTESIAN_POINT('',(62.,80.,770.));
#4451 = DIRECTION('',(-0.,1.,0.));
#4452 = DIRECTION('',(0.,0.,1.));
#4453 = ADVANCED_FACE('',(#4454),#4479,.T.);
#4454 = FACE_BOUND('',#4455,.T.);
#4455 = EDGE_LOOP('',(#4456,#4457,#4465,#4473));
#4456 = ORIENTED_EDGE('',*,*,#3740,.F.);
#4457 = ORIENTED_EDGE('',*,*,#4458,.T.);
#4458 = EDGE_CURVE('',#3733,#4459,#4461,.T.);
#4459 = VERTEX_POINT('',#4460);
#4460 = CARTESIAN_POINT('',(89.,80.,785.));
#4461 = LINE('',#4462,#4463);
#4462 = CARTESIAN_POINT('',(89.,80.,770.));
#4463 = VECTOR('',#4464,1.);
#4464 = DIRECTION('',(0.,0.,1.));
#4465 = ORIENTED_EDGE('',*,*,#4466,.T.);
#4466 = EDGE_CURVE('',#4459,#4467,#4469,.T.);
#4467 = VERTEX_POINT('',#4468);
#4468 = CARTESIAN_POINT('',(93.,80.,785.));
#4469 = LINE('',#4470,#4471);
#4470 = CARTESIAN_POINT('',(89.,80.,785.));
#4471 = VECTOR('',#4472,1.);
#4472 = DIRECTION('',(1.,0.,-0.));
#4473 = ORIENTED_EDGE('',*,*,#4474,.F.);
#4474 = EDGE_CURVE('',#3741,#4467,#4475,.T.);
#4475 = LINE('',#4476,#4477);
#4476 = CARTESIAN_POINT('',(93.,80.,770.));
#4477 = VECTOR('',#4478,1.);
#4478 = DIRECTION('',(0.,0.,1.));
#4479 = PLANE('',#4480);
#4480 = AXIS2_PLACEMENT_3D('',#4481,#4482,#4483);
#4481 = CARTESIAN_POINT('',(89.,80.,770.));
#4482 = DIRECTION('',(-0.,1.,0.));
#4483 = DIRECTION('',(0.,0.,1.));
#4484 = ADVANCED_FACE('',(#4485),#4496,.T.);
#4485 = FACE_BOUND('',#4486,.T.);
#4486 = EDGE_LOOP('',(#4487,#4488,#4489,#4490));
#4487 = ORIENTED_EDGE('',*,*,#3821,.F.);
#4488 = ORIENTED_EDGE('',*,*,#3836,.T.);
#4489 = ORIENTED_EDGE('',*,*,#4257,.T.);
#4490 = ORIENTED_EDGE('',*,*,#4491,.F.);
#4491 = EDGE_CURVE('',#3814,#4250,#4492,.T.);
#4492 = LINE('',#4493,#4494);
#4493 = CARTESIAN_POINT('',(-96.,-80.,785.));
#4494 = VECTOR('',#4495,1.);
#4495 = DIRECTION('',(-0.,1.,0.));
#4496 = PLANE('',#4497);
#4497 = AXIS2_PLACEMENT_3D('',#4498,#4499,#4500);
#4498 = CARTESIAN_POINT('',(-96.,-80.,770.));
#4499 = DIRECTION('',(1.,0.,-0.));
#4500 = DIRECTION('',(0.,0.,1.));
#4501 = ADVANCED_FACE('',(#4502),#4508,.T.);
#4502 = FACE_BOUND('',#4503,.T.);
#4503 = EDGE_LOOP('',(#4504,#4505,#4506,#4507));
#4504 = ORIENTED_EDGE('',*,*,#4233,.F.);
#4505 = ORIENTED_EDGE('',*,*,#3813,.T.);
#4506 = ORIENTED_EDGE('',*,*,#4491,.T.);
#4507 = ORIENTED_EDGE('',*,*,#4249,.F.);
#4508 = PLANE('',#4509);
#4509 = AXIS2_PLACEMENT_3D('',#4510,#4511,#4512);
#4510 = CARTESIAN_POINT('',(-100.,-80.,785.));
#4511 = DIRECTION('',(0.,0.,1.));
#4512 = DIRECTION('',(1.,0.,-0.));
#4513 = ADVANCED_FACE('',(#4514),#4525,.F.);
#4514 = FACE_BOUND('',#4515,.F.);
#4515 = EDGE_LOOP('',(#4516,#4517,#4518,#4519));
#4516 = ORIENTED_EDGE('',*,*,#3858,.F.);
#4517 = ORIENTED_EDGE('',*,*,#3843,.T.);
#4518 = ORIENTED_EDGE('',*,*,#4272,.T.);
#4519 = ORIENTED_EDGE('',*,*,#4520,.F.);
#4520 = EDGE_CURVE('',#3859,#4273,#4521,.T.);
#4521 = LINE('',#4522,#4523);
#4522 = CARTESIAN_POINT('',(-73.,-80.,785.));
#4523 = VECTOR('',#4524,1.);
#4524 = DIRECTION('',(-0.,1.,0.));
#4525 = PLANE('',#4526);
#4526 = AXIS2_PLACEMENT_3D('',#4527,#4528,#4529);
#4527 = CARTESIAN_POINT('',(-73.,-80.,770.));
#4528 = DIRECTION('',(1.,0.,-0.));
#4529 = DIRECTION('',(0.,0.,1.));
#4530 = ADVANCED_FACE('',(#4531),#4542,.T.);
#4531 = FACE_BOUND('',#4532,.T.);
#4532 = EDGE_LOOP('',(#4533,#4534,#4535,#4536));
#4533 = ORIENTED_EDGE('',*,*,#3874,.F.);
#4534 = ORIENTED_EDGE('',*,*,#3889,.T.);
#4535 = ORIENTED_EDGE('',*,*,#4288,.T.);
#4536 = ORIENTED_EDGE('',*,*,#4537,.F.);
#4537 = EDGE_CURVE('',#3867,#4281,#4538,.T.);
#4538 = LINE('',#4539,#4540);
#4539 = CARTESIAN_POINT('',(-69.,-80.,785.));
#4540 = VECTOR('',#4541,1.);
#4541 = DIRECTION('',(-0.,1.,0.));
#4542 = PLANE('',#4543);
#4543 = AXIS2_PLACEMENT_3D('',#4544,#4545,#4546);
#4544 = CARTESIAN_POINT('',(-69.,-80.,770.));
#4545 = DIRECTION('',(1.,0.,-0.));
#4546 = DIRECTION('',(0.,0.,1.));
#4547 = ADVANCED_FACE('',(#4548),#4554,.T.);
#4548 = FACE_BOUND('',#4549,.T.);
#4549 = EDGE_LOOP('',(#4550,#4551,#4552,#4553));
#4550 = ORIENTED_EDGE('',*,*,#4520,.F.);
#4551 = ORIENTED_EDGE('',*,*,#3866,.T.);
#4552 = ORIENTED_EDGE('',*,*,#4537,.T.);
#4553 = ORIENTED_EDGE('',*,*,#4280,.F.);
#4554 = PLANE('',#4555);
#4555 = AXIS2_PLACEMENT_3D('',#4556,#4557,#4558);
#4556 = CARTESIAN_POINT('',(-73.,-80.,785.));
#4557 = DIRECTION('',(0.,0.,1.));
#4558 = DIRECTION('',(1.,0.,-0.));
#4559 = ADVANCED_FACE('',(#4560),#4571,.F.);
#4560 = FACE_BOUND('',#4561,.F.);
#4561 = EDGE_LOOP('',(#4562,#4563,#4564,#4565));
#4562 = ORIENTED_EDGE('',*,*,#3911,.F.);
#4563 = ORIENTED_EDGE('',*,*,#3896,.T.);
#4564 = ORIENTED_EDGE('',*,*,#4303,.T.);
#4565 = ORIENTED_EDGE('',*,*,#4566,.F.);
#4566 = EDGE_CURVE('',#3912,#4304,#4567,.T.);
#4567 = LINE('',#4568,#4569);
#4568 = CARTESIAN_POINT('',(-46.,-80.,785.));
#4569 = VECTOR('',#4570,1.);
#4570 = DIRECTION('',(-0.,1.,0.));
#4571 = PLANE('',#4572);
#4572 = AXIS2_PLACEMENT_3D('',#4573,#4574,#4575);
#4573 = CARTESIAN_POINT('',(-46.,-80.,770.));
#4574 = DIRECTION('',(1.,0.,-0.));
#4575 = DIRECTION('',(0.,0.,1.));
#4576 = ADVANCED_FACE('',(#4577),#4588,.T.);
#4577 = FACE_BOUND('',#4578,.T.);
#4578 = EDGE_LOOP('',(#4579,#4580,#4581,#4582));
#4579 = ORIENTED_EDGE('',*,*,#3927,.F.);
#4580 = ORIENTED_EDGE('',*,*,#3942,.T.);
#4581 = ORIENTED_EDGE('',*,*,#4319,.T.);
#4582 = ORIENTED_EDGE('',*,*,#4583,.F.);
#4583 = EDGE_CURVE('',#3920,#4312,#4584,.T.);
#4584 = LINE('',#4585,#4586);
#4585 = CARTESIAN_POINT('',(-42.,-80.,785.));
#4586 = VECTOR('',#4587,1.);
#4587 = DIRECTION('',(-0.,1.,0.));
#4588 = PLANE('',#4589);
#4589 = AXIS2_PLACEMENT_3D('',#4590,#4591,#4592);
#4590 = CARTESIAN_POINT('',(-42.,-80.,770.));
#4591 = DIRECTION('',(1.,0.,-0.));
#4592 = DIRECTION('',(0.,0.,1.));
#4593 = ADVANCED_FACE('',(#4594),#4600,.T.);
#4594 = FACE_BOUND('',#4595,.T.);
#4595 = EDGE_LOOP('',(#4596,#4597,#4598,#4599));
#4596 = ORIENTED_EDGE('',*,*,#4566,.F.);
#4597 = ORIENTED_EDGE('',*,*,#3919,.T.);
#4598 = ORIENTED_EDGE('',*,*,#4583,.T.);
#4599 = ORIENTED_EDGE('',*,*,#4311,.F.);
#4600 = PLANE('',#4601);
#4601 = AXIS2_PLACEMENT_3D('',#4602,#4603,#4604);
#4602 = CARTESIAN_POINT('',(-46.,-80.,785.));
#4603 = DIRECTION('',(0.,0.,1.));
#4604 = DIRECTION('',(1.,0.,-0.));
#4605 = ADVANCED_FACE('',(#4606),#4617,.F.);
#4606 = FACE_BOUND('',#4607,.F.);
#4607 = EDGE_LOOP('',(#4608,#4609,#4610,#4611));
#4608 = ORIENTED_EDGE('',*,*,#3964,.F.);
#4609 = ORIENTED_EDGE('',*,*,#3949,.T.);
#4610 = ORIENTED_EDGE('',*,*,#4334,.T.);
#4611 = ORIENTED_EDGE('',*,*,#4612,.F.);
#4612 = EDGE_CURVE('',#3965,#4335,#4613,.T.);
#4613 = LINE('',#4614,#4615);
#4614 = CARTESIAN_POINT('',(-19.,-80.,785.));
#4615 = VECTOR('',#4616,1.);
#4616 = DIRECTION('',(-0.,1.,0.));
#4617 = PLANE('',#4618);
#4618 = AXIS2_PLACEMENT_3D('',#4619,#4620,#4621);
#4619 = CARTESIAN_POINT('',(-19.,-80.,770.));
#4620 = DIRECTION('',(1.,0.,-0.));
#4621 = DIRECTION('',(0.,0.,1.));
#4622 = ADVANCED_FACE('',(#4623),#4634,.T.);
#4623 = FACE_BOUND('',#4624,.T.);
#4624 = EDGE_LOOP('',(#4625,#4626,#4627,#4628));
#4625 = ORIENTED_EDGE('',*,*,#3980,.F.);
#4626 = ORIENTED_EDGE('',*,*,#3995,.T.);
#4627 = ORIENTED_EDGE('',*,*,#4350,.T.);
#4628 = ORIENTED_EDGE('',*,*,#4629,.F.);
#4629 = EDGE_CURVE('',#3973,#4343,#4630,.T.);
#4630 = LINE('',#4631,#4632);
#4631 = CARTESIAN_POINT('',(-15.,-80.,785.));
#4632 = VECTOR('',#4633,1.);
#4633 = DIRECTION('',(-0.,1.,0.));
#4634 = PLANE('',#4635);
#4635 = AXIS2_PLACEMENT_3D('',#4636,#4637,#4638);
#4636 = CARTESIAN_POINT('',(-15.,-80.,770.));
#4637 = DIRECTION('',(1.,0.,-0.));
#4638 = DIRECTION('',(0.,0.,1.));
#4639 = ADVANCED_FACE('',(#4640),#4646,.T.);
#4640 = FACE_BOUND('',#4641,.T.);
#4641 = EDGE_LOOP('',(#4642,#4643,#4644,#4645));
#4642 = ORIENTED_EDGE('',*,*,#4612,.F.);
#4643 = ORIENTED_EDGE('',*,*,#3972,.T.);
#4644 = ORIENTED_EDGE('',*,*,#4629,.T.);
#4645 = ORIENTED_EDGE('',*,*,#4342,.F.);
#4646 = PLANE('',#4647);
#4647 = AXIS2_PLACEMENT_3D('',#4648,#4649,#4650);
#4648 = CARTESIAN_POINT('',(-19.,-80.,785.));
#4649 = DIRECTION('',(0.,0.,1.));
#4650 = DIRECTION('',(1.,0.,-0.));
#4651 = ADVANCED_FACE('',(#4652),#4663,.F.);
#4652 = FACE_BOUND('',#4653,.F.);
#4653 = EDGE_LOOP('',(#4654,#4655,#4656,#4657));
#4654 = ORIENTED_EDGE('',*,*,#4017,.F.);
#4655 = ORIENTED_EDGE('',*,*,#4002,.T.);
#4656 = ORIENTED_EDGE('',*,*,#4365,.T.);
#4657 = ORIENTED_EDGE('',*,*,#4658,.F.);
#4658 = EDGE_CURVE('',#4018,#4366,#4659,.T.);
#4659 = LINE('',#4660,#4661);
#4660 = CARTESIAN_POINT('',(8.,-80.,785.));
#4661 = VECTOR('',#4662,1.);
#4662 = DIRECTION('',(-0.,1.,0.));
#4663 = PLANE('',#4664);
#4664 = AXIS2_PLACEMENT_3D('',#4665,#4666,#4667);
#4665 = CARTESIAN_POINT('',(8.,-80.,770.));
#4666 = DIRECTION('',(1.,0.,-0.));
#4667 = DIRECTION('',(0.,0.,1.));
#4668 = ADVANCED_FACE('',(#4669),#4680,.T.);
#4669 = FACE_BOUND('',#4670,.T.);
#4670 = EDGE_LOOP('',(#4671,#4672,#4673,#4674));
#4671 = ORIENTED_EDGE('',*,*,#4033,.F.);
#4672 = ORIENTED_EDGE('',*,*,#4048,.T.);
#4673 = ORIENTED_EDGE('',*,*,#4381,.T.);
#4674 = ORIENTED_EDGE('',*,*,#4675,.F.);
#4675 = EDGE_CURVE('',#4026,#4374,#4676,.T.);
#4676 = LINE('',#4677,#4678);
#4677 = CARTESIAN_POINT('',(12.,-80.,785.));
#4678 = VECTOR('',#4679,1.);
#4679 = DIRECTION('',(-0.,1.,0.));
#4680 = PLANE('',#4681);
#4681 = AXIS2_PLACEMENT_3D('',#4682,#4683,#4684);
#4682 = CARTESIAN_POINT('',(12.,-80.,770.));
#4683 = DIRECTION('',(1.,0.,-0.));
#4684 = DIRECTION('',(0.,0.,1.));
#4685 = ADVANCED_FACE('',(#4686),#4692,.T.);
#4686 = FACE_BOUND('',#4687,.T.);
#4687 = EDGE_LOOP('',(#4688,#4689,#4690,#4691));
#4688 = ORIENTED_EDGE('',*,*,#4658,.F.);
#4689 = ORIENTED_EDGE('',*,*,#4025,.T.);
#4690 = ORIENTED_EDGE('',*,*,#4675,.T.);
#4691 = ORIENTED_EDGE('',*,*,#4373,.F.);
#4692 = PLANE('',#4693);
#4693 = AXIS2_PLACEMENT_3D('',#4694,#4695,#4696);
#4694 = CARTESIAN_POINT('',(8.,-80.,785.));
#4695 = DIRECTION('',(0.,0.,1.));
#4696 = DIRECTION('',(1.,0.,-0.));
#4697 = ADVANCED_FACE('',(#4698),#4709,.F.);
#4698 = FACE_BOUND('',#4699,.F.);
#4699 = EDGE_LOOP('',(#4700,#4701,#4702,#4703));
#4700 = ORIENTED_EDGE('',*,*,#4070,.F.);
#4701 = ORIENTED_EDGE('',*,*,#4055,.T.);
#4702 = ORIENTED_EDGE('',*,*,#4396,.T.);
#4703 = ORIENTED_EDGE('',*,*,#4704,.F.);
#4704 = EDGE_CURVE('',#4071,#4397,#4705,.T.);
#4705 = LINE('',#4706,#4707);
#4706 = CARTESIAN_POINT('',(35.,-80.,785.));
#4707 = VECTOR('',#4708,1.);
#4708 = DIRECTION('',(-0.,1.,0.));
#4709 = PLANE('',#4710);
#4710 = AXIS2_PLACEMENT_3D('',#4711,#4712,#4713);
#4711 = CARTESIAN_POINT('',(35.,-80.,770.));
#4712 = DIRECTION('',(1.,0.,-0.));
#4713 = DIRECTION('',(0.,0.,1.));
#4714 = ADVANCED_FACE('',(#4715),#4726,.T.);
#4715 = FACE_BOUND('',#4716,.T.);
#4716 = EDGE_LOOP('',(#4717,#4718,#4719,#4720));
#4717 = ORIENTED_EDGE('',*,*,#4086,.F.);
#4718 = ORIENTED_EDGE('',*,*,#4101,.T.);
#4719 = ORIENTED_EDGE('',*,*,#4412,.T.);
#4720 = ORIENTED_EDGE('',*,*,#4721,.F.);
#4721 = EDGE_CURVE('',#4079,#4405,#4722,.T.);
#4722 = LINE('',#4723,#4724);
#4723 = CARTESIAN_POINT('',(39.,-80.,785.));
#4724 = VECTOR('',#4725,1.);
#4725 = DIRECTION('',(-0.,1.,0.));
#4726 = PLANE('',#4727);
#4727 = AXIS2_PLACEMENT_3D('',#4728,#4729,#4730);
#4728 = CARTESIAN_POINT('',(39.,-80.,770.));
#4729 = DIRECTION('',(1.,0.,-0.));
#4730 = DIRECTION('',(0.,0.,1.));
#4731 = ADVANCED_FACE('',(#4732),#4738,.T.);
#4732 = FACE_BOUND('',#4733,.T.);
#4733 = EDGE_LOOP('',(#4734,#4735,#4736,#4737));
#4734 = ORIENTED_EDGE('',*,*,#4704,.F.);
#4735 = ORIENTED_EDGE('',*,*,#4078,.T.);
#4736 = ORIENTED_EDGE('',*,*,#4721,.T.);
#4737 = ORIENTED_EDGE('',*,*,#4404,.F.);
#4738 = PLANE('',#4739);
#4739 = AXIS2_PLACEMENT_3D('',#4740,#4741,#4742);
#4740 = CARTESIAN_POINT('',(35.,-80.,785.));
#4741 = DIRECTION('',(0.,0.,1.));
#4742 = DIRECTION('',(1.,0.,-0.));
#4743 = ADVANCED_FACE('',(#4744),#4755,.F.);
#4744 = FACE_BOUND('',#4745,.F.);
#4745 = EDGE_LOOP('',(#4746,#4747,#4748,#4749));
#4746 = ORIENTED_EDGE('',*,*,#4123,.F.);
#4747 = ORIENTED_EDGE('',*,*,#4108,.T.);
#4748 = ORIENTED_EDGE('',*,*,#4427,.T.);
#4749 = ORIENTED_EDGE('',*,*,#4750,.F.);
#4750 = EDGE_CURVE('',#4124,#4428,#4751,.T.);
#4751 = LINE('',#4752,#4753);
#4752 = CARTESIAN_POINT('',(62.,-80.,785.));
#4753 = VECTOR('',#4754,1.);
#4754 = DIRECTION('',(-0.,1.,0.));
#4755 = PLANE('',#4756);
#4756 = AXIS2_PLACEMENT_3D('',#4757,#4758,#4759);
#4757 = CARTESIAN_POINT('',(62.,-80.,770.));
#4758 = DIRECTION('',(1.,0.,-0.));
#4759 = DIRECTION('',(0.,0.,1.));
#4760 = ADVANCED_FACE('',(#4761),#4772,.T.);
#4761 = FACE_BOUND('',#4762,.T.);
#4762 = EDGE_LOOP('',(#4763,#4764,#4765,#4766));
#4763 = ORIENTED_EDGE('',*,*,#4139,.F.);
#4764 = ORIENTED_EDGE('',*,*,#4154,.T.);
#4765 = ORIENTED_EDGE('',*,*,#4443,.T.);
#4766 = ORIENTED_EDGE('',*,*,#4767,.F.);
#4767 = EDGE_CURVE('',#4132,#4436,#4768,.T.);
#4768 = LINE('',#4769,#4770);
#4769 = CARTESIAN_POINT('',(66.,-80.,785.));
#4770 = VECTOR('',#4771,1.);
#4771 = DIRECTION('',(-0.,1.,0.));
#4772 = PLANE('',#4773);
#4773 = AXIS2_PLACEMENT_3D('',#4774,#4775,#4776);
#4774 = CARTESIAN_POINT('',(66.,-80.,770.));
#4775 = DIRECTION('',(1.,0.,-0.));
#4776 = DIRECTION('',(0.,0.,1.));
#4777 = ADVANCED_FACE('',(#4778),#4784,.T.);
#4778 = FACE_BOUND('',#4779,.T.);
#4779 = EDGE_LOOP('',(#4780,#4781,#4782,#4783));
#4780 = ORIENTED_EDGE('',*,*,#4750,.F.);
#4781 = ORIENTED_EDGE('',*,*,#4131,.T.);
#4782 = ORIENTED_EDGE('',*,*,#4767,.T.);
#4783 = ORIENTED_EDGE('',*,*,#4435,.F.);
#4784 = PLANE('',#4785);
#4785 = AXIS2_PLACEMENT_3D('',#4786,#4787,#4788);
#4786 = CARTESIAN_POINT('',(62.,-80.,785.));
#4787 = DIRECTION('',(0.,0.,1.));
#4788 = DIRECTION('',(1.,0.,-0.));
#4789 = ADVANCED_FACE('',(#4790),#4801,.F.);
#4790 = FACE_BOUND('',#4791,.F.);
#4791 = EDGE_LOOP('',(#4792,#4793,#4794,#4795));
#4792 = ORIENTED_EDGE('',*,*,#4176,.F.);
#4793 = ORIENTED_EDGE('',*,*,#4161,.T.);
#4794 = ORIENTED_EDGE('',*,*,#4458,.T.);
#4795 = ORIENTED_EDGE('',*,*,#4796,.F.);
#4796 = EDGE_CURVE('',#4177,#4459,#4797,.T.);
#4797 = LINE('',#4798,#4799);
#4798 = CARTESIAN_POINT('',(89.,-80.,785.));
#4799 = VECTOR('',#4800,1.);
#4800 = DIRECTION('',(-0.,1.,0.));
#4801 = PLANE('',#4802);
#4802 = AXIS2_PLACEMENT_3D('',#4803,#4804,#4805);
#4803 = CARTESIAN_POINT('',(89.,-80.,770.));
#4804 = DIRECTION('',(1.,0.,-0.));
#4805 = DIRECTION('',(0.,0.,1.));
#4806 = ADVANCED_FACE('',(#4807),#4818,.T.);
#4807 = FACE_BOUND('',#4808,.T.);
#4808 = EDGE_LOOP('',(#4809,#4810,#4811,#4812));
#4809 = ORIENTED_EDGE('',*,*,#4192,.F.);
#4810 = ORIENTED_EDGE('',*,*,#4207,.T.);
#4811 = ORIENTED_EDGE('',*,*,#4474,.T.);
#4812 = ORIENTED_EDGE('',*,*,#4813,.F.);
#4813 = EDGE_CURVE('',#4185,#4467,#4814,.T.);
#4814 = LINE('',#4815,#4816);
#4815 = CARTESIAN_POINT('',(93.,-80.,785.));
#4816 = VECTOR('',#4817,1.);
#4817 = DIRECTION('',(-0.,1.,0.));
#4818 = PLANE('',#4819);
#4819 = AXIS2_PLACEMENT_3D('',#4820,#4821,#4822);
#4820 = CARTESIAN_POINT('',(93.,-80.,770.));
#4821 = DIRECTION('',(1.,0.,-0.));
#4822 = DIRECTION('',(0.,0.,1.));
#4823 = ADVANCED_FACE('',(#4824),#4830,.T.);
#4824 = FACE_BOUND('',#4825,.T.);
#4825 = EDGE_LOOP('',(#4826,#4827,#4828,#4829));
#4826 = ORIENTED_EDGE('',*,*,#4796,.F.);
#4827 = ORIENTED_EDGE('',*,*,#4184,.T.);
#4828 = ORIENTED_EDGE('',*,*,#4813,.T.);
#4829 = ORIENTED_EDGE('',*,*,#4466,.F.);
#4830 = PLANE('',#4831);
#4831 = AXIS2_PLACEMENT_3D('',#4832,#4833,#4834);
#4832 = CARTESIAN_POINT('',(89.,-80.,785.));
#4833 = DIRECTION('',(0.,0.,1.));
#4834 = DIRECTION('',(1.,0.,-0.));
#4835 = ( GEOMETRIC_REPRESENTATION_CONTEXT(3) 
GLOBAL_UNCERTAINTY_ASSIGNED_CONTEXT((#4839)) 
GLOBAL_UNIT_ASSIGNED_CONTEXT((#4836,#4837,#4838)) REPRESENTATION_CONTEXT
('Context #1','3D Context with UNIT and UNCERTAINTY') );
#4836 = ( LENGTH_UNIT() NAMED_UNIT(*) SI_UNIT(.MILLI.,.METRE.) );
#4837 = ( NAMED_UNIT(*) PLANE_ANGLE_UNIT() SI_UNIT($,.RADIAN.) );
#4838 = ( NAMED_UNIT(*) SI_UNIT($,.STERADIAN.) SOLID_ANGLE_UNIT() );
#4839 = UNCERTAINTY_MEASURE_WITH_UNIT(LENGTH_MEASURE(1.E-07),#4836,
  'distance_accuracy_value','confusion accuracy');
#4840 = CONTEXT_DEPENDENT_SHAPE_REPRESENTATION(#4841,#4843);
#4841 = ( REPRESENTATION_RELATIONSHIP('','',#3388,#10) 
REPRESENTATION_RELATIONSHIP_WITH_TRANSFORMATION(#4842) 
SHAPE_REPRESENTATION_RELATIONSHIP() );
#4842 = ITEM_DEFINED_TRANSFORMATION('','',#11,#51);
#4843 = PRODUCT_DEFINITION_SHAPE('Placement','Placement of an item',
  #4844);
#4844 = NEXT_ASSEMBLY_USAGE_OCCURRENCE('10',
  '22_边缘计算盒（含GNSS授时模块与触发板）','',#5,#3383,
  $);
#4845 = PRODUCT_RELATED_PRODUCT_CATEGORY('part',$,(#3385));
#4846 = SHAPE_DEFINITION_REPRESENTATION(#4847,#4853);
#4847 = PRODUCT_DEFINITION_SHAPE('','',#4848);
#4848 = PRODUCT_DEFINITION('design','',#4849,#4852);
#4849 = PRODUCT_DEFINITION_FORMATION('','',#4850);
#4850 = PRODUCT('23_锂电池箱（含电源管理）',
  '23_锂电池箱（含电源管理）','',(#4851));
#4851 = PRODUCT_CONTEXT('',#2,'mechanical');
#4852 = PRODUCT_DEFINITION_CONTEXT('part definition',#2,'design');
#4853 = ADVANCED_BREP_SHAPE_REPRESENTATION('',(#11,#4854),#5146);
#4854 = MANIFOLD_SOLID_BREP('',#4855);
#4855 = CLOSED_SHELL('',(#4856,#4896,#4927,#4985,#5009,#5026,#5038,#5069
    ,#5093,#5117,#5134));
#4856 = ADVANCED_FACE('',(#4857),#4891,.F.);
#4857 = FACE_BOUND('',#4858,.F.);
#4858 = EDGE_LOOP('',(#4859,#4869,#4877,#4885));
#4859 = ORIENTED_EDGE('',*,*,#4860,.F.);
#4860 = EDGE_CURVE('',#4861,#4863,#4865,.T.);
#4861 = VERTEX_POINT('',#4862);
#4862 = CARTESIAN_POINT('',(-150.,-100.,30.));
#4863 = VERTEX_POINT('',#4864);
#4864 = CARTESIAN_POINT('',(-150.,-100.,210.));
#4865 = LINE('',#4866,#4867);
#4866 = CARTESIAN_POINT('',(-150.,-100.,30.));
#4867 = VECTOR('',#4868,1.);
#4868 = DIRECTION('',(0.,0.,1.));
#4869 = ORIENTED_EDGE('',*,*,#4870,.T.);
#4870 = EDGE_CURVE('',#4861,#4871,#4873,.T.);
#4871 = VERTEX_POINT('',#4872);
#4872 = CARTESIAN_POINT('',(-150.,100.,30.));
#4873 = LINE('',#4874,#4875);
#4874 = CARTESIAN_POINT('',(-150.,-100.,30.));
#4875 = VECTOR('',#4876,1.);
#4876 = DIRECTION('',(-0.,1.,0.));
#4877 = ORIENTED_EDGE('',*,*,#4878,.T.);
#4878 = EDGE_CURVE('',#4871,#4879,#4881,.T.);
#4879 = VERTEX_POINT('',#4880);
#4880 = CARTESIAN_POINT('',(-150.,100.,210.));
#4881 = LINE('',#4882,#4883);
#4882 = CARTESIAN_POINT('',(-150.,100.,30.));
#4883 = VECTOR('',#4884,1.);
#4884 = DIRECTION('',(0.,0.,1.));
#4885 = ORIENTED_EDGE('',*,*,#4886,.F.);
#4886 = EDGE_CURVE('',#4863,#4879,#4887,.T.);
#4887 = LINE('',#4888,#4889);
#4888 = CARTESIAN_POINT('',(-150.,-100.,210.));
#4889 = VECTOR('',#4890,1.);
#4890 = DIRECTION('',(-0.,1.,0.));
#4891 = PLANE('',#4892);
#4892 = AXIS2_PLACEMENT_3D('',#4893,#4894,#4895);
#4893 = CARTESIAN_POINT('',(-150.,-100.,30.));
#4894 = DIRECTION('',(1.,0.,-0.));
#4895 = DIRECTION('',(0.,0.,1.));
#4896 = ADVANCED_FACE('',(#4897),#4922,.F.);
#4897 = FACE_BOUND('',#4898,.F.);
#4898 = EDGE_LOOP('',(#4899,#4907,#4908,#4916));
#4899 = ORIENTED_EDGE('',*,*,#4900,.F.);
#4900 = EDGE_CURVE('',#4861,#4901,#4903,.T.);
#4901 = VERTEX_POINT('',#4902);
#4902 = CARTESIAN_POINT('',(150.,-100.,30.));
#4903 = LINE('',#4904,#4905);
#4904 = CARTESIAN_POINT('',(-150.,-100.,30.));
#4905 = VECTOR('',#4906,1.);
#4906 = DIRECTION('',(1.,0.,-0.));
#4907 = ORIENTED_EDGE('',*,*,#4860,.T.);
#4908 = ORIENTED_EDGE('',*,*,#4909,.T.);
#4909 = EDGE_CURVE('',#4863,#4910,#4912,.T.);
#4910 = VERTEX_POINT('',#4911);
#4911 = CARTESIAN_POINT('',(150.,-100.,210.));
#4912 = LINE('',#4913,#4914);
#4913 = CARTESIAN_POINT('',(-150.,-100.,210.));
#4914 = VECTOR('',#4915,1.);
#4915 = DIRECTION('',(1.,0.,-0.));
#4916 = ORIENTED_EDGE('',*,*,#4917,.F.);
#4917 = EDGE_CURVE('',#4901,#4910,#4918,.T.);
#4918 = LINE('',#4919,#4920);
#4919 = CARTESIAN_POINT('',(150.,-100.,30.));
#4920 = VECTOR('',#4921,1.);
#4921 = DIRECTION('',(0.,0.,1.));
#4922 = PLANE('',#4923);
#4923 = AXIS2_PLACEMENT_3D('',#4924,#4925,#4926);
#4924 = CARTESIAN_POINT('',(-150.,-100.,30.));
#4925 = DIRECTION('',(-0.,1.,0.));
#4926 = DIRECTION('',(0.,0.,1.));
#4927 = ADVANCED_FACE('',(#4928,#4946),#4980,.T.);
#4928 = FACE_BOUND('',#4929,.T.);
#4929 = EDGE_LOOP('',(#4930,#4931,#4932,#4940));
#4930 = ORIENTED_EDGE('',*,*,#4886,.F.);
#4931 = ORIENTED_EDGE('',*,*,#4909,.T.);
#4932 = ORIENTED_EDGE('',*,*,#4933,.T.);
#4933 = EDGE_CURVE('',#4910,#4934,#4936,.T.);
#4934 = VERTEX_POINT('',#4935);
#4935 = CARTESIAN_POINT('',(150.,100.,210.));
#4936 = LINE('',#4937,#4938);
#4937 = CARTESIAN_POINT('',(150.,-100.,210.));
#4938 = VECTOR('',#4939,1.);
#4939 = DIRECTION('',(-0.,1.,0.));
#4940 = ORIENTED_EDGE('',*,*,#4941,.F.);
#4941 = EDGE_CURVE('',#4879,#4934,#4942,.T.);
#4942 = LINE('',#4943,#4944);
#4943 = CARTESIAN_POINT('',(-150.,100.,210.));
#4944 = VECTOR('',#4945,1.);
#4945 = DIRECTION('',(1.,0.,-0.));
#4946 = FACE_BOUND('',#4947,.T.);
#4947 = EDGE_LOOP('',(#4948,#4958,#4966,#4974));
#4948 = ORIENTED_EDGE('',*,*,#4949,.F.);
#4949 = EDGE_CURVE('',#4950,#4952,#4954,.T.);
#4950 = VERTEX_POINT('',#4951);
#4951 = CARTESIAN_POINT('',(-60.,-10.,210.));
#4952 = VERTEX_POINT('',#4953);
#4953 = CARTESIAN_POINT('',(60.,-10.,210.));
#4954 = LINE('',#4955,#4956);
#4955 = CARTESIAN_POINT('',(-60.,-10.,210.));
#4956 = VECTOR('',#4957,1.);
#4957 = DIRECTION('',(1.,0.,-0.));
#4958 = ORIENTED_EDGE('',*,*,#4959,.T.);
#4959 = EDGE_CURVE('',#4950,#4960,#4962,.T.);
#4960 = VERTEX_POINT('',#4961);
#4961 = CARTESIAN_POINT('',(-60.,10.,210.));
#4962 = LINE('',#4963,#4964);
#4963 = CARTESIAN_POINT('',(-60.,-10.,210.));
#4964 = VECTOR('',#4965,1.);
#4965 = DIRECTION('',(-0.,1.,0.));
#4966 = ORIENTED_EDGE('',*,*,#4967,.T.);
#4967 = EDGE_CURVE('',#4960,#4968,#4970,.T.);
#4968 = VERTEX_POINT('',#4969);
#4969 = CARTESIAN_POINT('',(60.,10.,210.));
#4970 = LINE('',#4971,#4972);
#4971 = CARTESIAN_POINT('',(-60.,10.,210.));
#4972 = VECTOR('',#4973,1.);
#4973 = DIRECTION('',(1.,0.,-0.));
#4974 = ORIENTED_EDGE('',*,*,#4975,.F.);
#4975 = EDGE_CURVE('',#4952,#4968,#4976,.T.);
#4976 = LINE('',#4977,#4978);
#4977 = CARTESIAN_POINT('',(60.,-10.,210.));
#4978 = VECTOR('',#4979,1.);
#4979 = DIRECTION('',(-0.,1.,0.));
#4980 = PLANE('',#4981);
#4981 = AXIS2_PLACEMENT_3D('',#4982,#4983,#4984);
#4982 = CARTESIAN_POINT('',(-150.,-100.,210.));
#4983 = DIRECTION('',(0.,0.,1.));
#4984 = DIRECTION('',(1.,0.,-0.));
#4985 = ADVANCED_FACE('',(#4986),#5004,.T.);
#4986 = FACE_BOUND('',#4987,.T.);
#4987 = EDGE_LOOP('',(#4988,#4996,#4997,#4998));
#4988 = ORIENTED_EDGE('',*,*,#4989,.F.);
#4989 = EDGE_CURVE('',#4871,#4990,#4992,.T.);
#4990 = VERTEX_POINT('',#4991);
#4991 = CARTESIAN_POINT('',(150.,100.,30.));
#4992 = LINE('',#4993,#4994);
#4993 = CARTESIAN_POINT('',(-150.,100.,30.));
#4994 = VECTOR('',#4995,1.);
#4995 = DIRECTION('',(1.,0.,-0.));
#4996 = ORIENTED_EDGE('',*,*,#4878,.T.);
#4997 = ORIENTED_EDGE('',*,*,#4941,.T.);
#4998 = ORIENTED_EDGE('',*,*,#4999,.F.);
#4999 = EDGE_CURVE('',#4990,#4934,#5000,.T.);
#5000 = LINE('',#5001,#5002);
#5001 = CARTESIAN_POINT('',(150.,100.,30.));
#5002 = VECTOR('',#5003,1.);
#5003 = DIRECTION('',(0.,0.,1.));
#5004 = PLANE('',#5005);
#5005 = AXIS2_PLACEMENT_3D('',#5006,#5007,#5008);
#5006 = CARTESIAN_POINT('',(-150.,100.,30.));
#5007 = DIRECTION('',(-0.,1.,0.));
#5008 = DIRECTION('',(0.,0.,1.));
#5009 = ADVANCED_FACE('',(#5010),#5021,.F.);
#5010 = FACE_BOUND('',#5011,.F.);
#5011 = EDGE_LOOP('',(#5012,#5013,#5014,#5020));
#5012 = ORIENTED_EDGE('',*,*,#4870,.F.);
#5013 = ORIENTED_EDGE('',*,*,#4900,.T.);
#5014 = ORIENTED_EDGE('',*,*,#5015,.T.);
#5015 = EDGE_CURVE('',#4901,#4990,#5016,.T.);
#5016 = LINE('',#5017,#5018);
#5017 = CARTESIAN_POINT('',(150.,-100.,30.));
#5018 = VECTOR('',#5019,1.);
#5019 = DIRECTION('',(-0.,1.,0.));
#5020 = ORIENTED_EDGE('',*,*,#4989,.F.);
#5021 = PLANE('',#5022);
#5022 = AXIS2_PLACEMENT_3D('',#5023,#5024,#5025);
#5023 = CARTESIAN_POINT('',(-150.,-100.,30.));
#5024 = DIRECTION('',(0.,0.,1.));
#5025 = DIRECTION('',(1.,0.,-0.));
#5026 = ADVANCED_FACE('',(#5027),#5033,.T.);
#5027 = FACE_BOUND('',#5028,.T.);
#5028 = EDGE_LOOP('',(#5029,#5030,#5031,#5032));
#5029 = ORIENTED_EDGE('',*,*,#4917,.F.);
#5030 = ORIENTED_EDGE('',*,*,#5015,.T.);
#5031 = ORIENTED_EDGE('',*,*,#4999,.T.);
#5032 = ORIENTED_EDGE('',*,*,#4933,.F.);
#5033 = PLANE('',#5034);
#5034 = AXIS2_PLACEMENT_3D('',#5035,#5036,#5037);
#5035 = CARTESIAN_POINT('',(150.,-100.,30.));
#5036 = DIRECTION('',(1.,0.,-0.));
#5037 = DIRECTION('',(0.,0.,1.));
#5038 = ADVANCED_FACE('',(#5039),#5064,.F.);
#5039 = FACE_BOUND('',#5040,.F.);
#5040 = EDGE_LOOP('',(#5041,#5042,#5050,#5058));
#5041 = ORIENTED_EDGE('',*,*,#4949,.F.);
#5042 = ORIENTED_EDGE('',*,*,#5043,.T.);
#5043 = EDGE_CURVE('',#4950,#5044,#5046,.T.);
#5044 = VERTEX_POINT('',#5045);
#5045 = CARTESIAN_POINT('',(-60.,-10.,240.));
#5046 = LINE('',#5047,#5048);
#5047 = CARTESIAN_POINT('',(-60.,-10.,210.));
#5048 = VECTOR('',#5049,1.);
#5049 = DIRECTION('',(0.,0.,1.));
#5050 = ORIENTED_EDGE('',*,*,#5051,.T.);
#5051 = EDGE_CURVE('',#5044,#5052,#5054,.T.);
#5052 = VERTEX_POINT('',#5053);
#5053 = CARTESIAN_POINT('',(60.,-10.,240.));
#5054 = LINE('',#5055,#5056);
#5055 = CARTESIAN_POINT('',(-60.,-10.,240.));
#5056 = VECTOR('',#5057,1.);
#5057 = DIRECTION('',(1.,0.,-0.));
#5058 = ORIENTED_EDGE('',*,*,#5059,.F.);
#5059 = EDGE_CURVE('',#4952,#5052,#5060,.T.);
#5060 = LINE('',#5061,#5062);
#5061 = CARTESIAN_POINT('',(60.,-10.,210.));
#5062 = VECTOR('',#5063,1.);
#5063 = DIRECTION('',(0.,0.,1.));
#5064 = PLANE('',#5065);
#5065 = AXIS2_PLACEMENT_3D('',#5066,#5067,#5068);
#5066 = CARTESIAN_POINT('',(-60.,-10.,210.));
#5067 = DIRECTION('',(-0.,1.,0.));
#5068 = DIRECTION('',(0.,0.,1.));
#5069 = ADVANCED_FACE('',(#5070),#5088,.T.);
#5070 = FACE_BOUND('',#5071,.T.);
#5071 = EDGE_LOOP('',(#5072,#5073,#5074,#5082));
#5072 = ORIENTED_EDGE('',*,*,#5059,.F.);
#5073 = ORIENTED_EDGE('',*,*,#4975,.T.);
#5074 = ORIENTED_EDGE('',*,*,#5075,.T.);
#5075 = EDGE_CURVE('',#4968,#5076,#5078,.T.);
#5076 = VERTEX_POINT('',#5077);
#5077 = CARTESIAN_POINT('',(60.,10.,240.));
#5078 = LINE('',#5079,#5080);
#5079 = CARTESIAN_POINT('',(60.,10.,210.));
#5080 = VECTOR('',#5081,1.);
#5081 = DIRECTION('',(0.,0.,1.));
#5082 = ORIENTED_EDGE('',*,*,#5083,.F.);
#5083 = EDGE_CURVE('',#5052,#5076,#5084,.T.);
#5084 = LINE('',#5085,#5086);
#5085 = CARTESIAN_POINT('',(60.,-10.,240.));
#5086 = VECTOR('',#5087,1.);
#5087 = DIRECTION('',(-0.,1.,0.));
#5088 = PLANE('',#5089);
#5089 = AXIS2_PLACEMENT_3D('',#5090,#5091,#5092);
#5090 = CARTESIAN_POINT('',(60.,-10.,210.));
#5091 = DIRECTION('',(1.,0.,-0.));
#5092 = DIRECTION('',(0.,0.,1.));
#5093 = ADVANCED_FACE('',(#5094),#5112,.T.);
#5094 = FACE_BOUND('',#5095,.T.);
#5095 = EDGE_LOOP('',(#5096,#5097,#5105,#5111));
#5096 = ORIENTED_EDGE('',*,*,#4967,.F.);
#5097 = ORIENTED_EDGE('',*,*,#5098,.T.);
#5098 = EDGE_CURVE('',#4960,#5099,#5101,.T.);
#5099 = VERTEX_POINT('',#5100);
#5100 = CARTESIAN_POINT('',(-60.,10.,240.));
#5101 = LINE('',#5102,#5103);
#5102 = CARTESIAN_POINT('',(-60.,10.,210.));
#5103 = VECTOR('',#5104,1.);
#5104 = DIRECTION('',(0.,0.,1.));
#5105 = ORIENTED_EDGE('',*,*,#5106,.T.);
#5106 = EDGE_CURVE('',#5099,#5076,#5107,.T.);
#5107 = LINE('',#5108,#5109);
#5108 = CARTESIAN_POINT('',(-60.,10.,240.));
#5109 = VECTOR('',#5110,1.);
#5110 = DIRECTION('',(1.,0.,-0.));
#5111 = ORIENTED_EDGE('',*,*,#5075,.F.);
#5112 = PLANE('',#5113);
#5113 = AXIS2_PLACEMENT_3D('',#5114,#5115,#5116);
#5114 = CARTESIAN_POINT('',(-60.,10.,210.));
#5115 = DIRECTION('',(-0.,1.,0.));
#5116 = DIRECTION('',(0.,0.,1.));
#5117 = ADVANCED_FACE('',(#5118),#5129,.F.);
#5118 = FACE_BOUND('',#5119,.F.);
#5119 = EDGE_LOOP('',(#5120,#5121,#5122,#5123));
#5120 = ORIENTED_EDGE('',*,*,#5043,.F.);
#5121 = ORIENTED_EDGE('',*,*,#4959,.T.);
#5122 = ORIENTED_EDGE('',*,*,#5098,.T.);
#5123 = ORIENTED_EDGE('',*,*,#5124,.F.);
#5124 = EDGE_CURVE('',#5044,#5099,#5125,.T.);
#5125 = LINE('',#5126,#5127);
#5126 = CARTESIAN_POINT('',(-60.,-10.,240.));
#5127 = VECTOR('',#5128,1.);
#5128 = DIRECTION('',(-0.,1.,0.));
#5129 = PLANE('',#5130);
#5130 = AXIS2_PLACEMENT_3D('',#5131,#5132,#5133);
#5131 = CARTESIAN_POINT('',(-60.,-10.,210.));
#5132 = DIRECTION('',(1.,0.,-0.));
#5133 = DIRECTION('',(0.,0.,1.));
#5134 = ADVANCED_FACE('',(#5135),#5141,.T.);
#5135 = FACE_BOUND('',#5136,.T.);
#5136 = EDGE_LOOP('',(#5137,#5138,#5139,#5140));
#5137 = ORIENTED_EDGE('',*,*,#5124,.F.);
#5138 = ORIENTED_EDGE('',*,*,#5051,.T.);
#5139 = ORIENTED_EDGE('',*,*,#5083,.T.);
#5140 = ORIENTED_EDGE('',*,*,#5106,.F.);
#5141 = PLANE('',#5142);
#5142 = AXIS2_PLACEMENT_3D('',#5143,#5144,#5145);
#5143 = CARTESIAN_POINT('',(-60.,-10.,240.));
#5144 = DIRECTION('',(0.,0.,1.));
#5145 = DIRECTION('',(1.,0.,-0.));
#5146 = ( GEOMETRIC_REPRESENTATION_CONTEXT(3) 
GLOBAL_UNCERTAINTY_ASSIGNED_CONTEXT((#5150)) 
GLOBAL_UNIT_ASSIGNED_CONTEXT((#5147,#5148,#5149)) REPRESENTATION_CONTEXT
('Context #1','3D Context with UNIT and UNCERTAINTY') );
#5147 = ( LENGTH_UNIT() NAMED_UNIT(*) SI_UNIT(.MILLI.,.METRE.) );
#5148 = ( NAMED_UNIT(*) PLANE_ANGLE_UNIT() SI_UNIT($,.RADIAN.) );
#5149 = ( NAMED_UNIT(*) SI_UNIT($,.STERADIAN.) SOLID_ANGLE_UNIT() );
#5150 = UNCERTAINTY_MEASURE_WITH_UNIT(LENGTH_MEASURE(1.E-07),#5147,
  'distance_accuracy_value','confusion accuracy');
#5151 = CONTEXT_DEPENDENT_SHAPE_REPRESENTATION(#5152,#5154);
#5152 = ( REPRESENTATION_RELATIONSHIP('','',#4853,#10) 
REPRESENTATION_RELATIONSHIP_WITH_TRANSFORMATION(#5153) 
SHAPE_REPRESENTATION_RELATIONSHIP() );
#5153 = ITEM_DEFINED_TRANSFORMATION('','',#11,#55);
#5154 = PRODUCT_DEFINITION_SHAPE('Placement','Placement of an item',
  #5155);
#5155 = NEXT_ASSEMBLY_USAGE_OCCURRENCE('11',
  '23_锂电池箱（含电源管理）','',#5,#4848,$);
#5156 = PRODUCT_RELATED_PRODUCT_CATEGORY('part',$,(#4850));
#5157 = SHAPE_DEFINITION_REPRESENTATION(#5158,#5164);
#5158 = PRODUCT_DEFINITION_SHAPE('','',#5159);
#5159 = PRODUCT_DEFINITION('design','',#5160,#5163);
#5160 = PRODUCT_DEFINITION_FORMATION('','',#5161);
#5161 = PRODUCT('24_太阳能板及支架','24_太阳能板及支架',''
  ,(#5162));
#5162 = PRODUCT_CONTEXT('',#2,'mechanical');
#5163 = PRODUCT_DEFINITION_CONTEXT('part definition',#2,'design');
#5164 = SHAPE_REPRESENTATION('',(#11,#5165,#5315),#5368);
#5165 = MANIFOLD_SOLID_BREP('',#5166);
#5166 = CLOSED_SHELL('',(#5167,#5207,#5247,#5269,#5291,#5303));
#5167 = ADVANCED_FACE('',(#5168),#5202,.F.);
#5168 = FACE_BOUND('',#5169,.F.);
#5169 = EDGE_LOOP('',(#5170,#5180,#5188,#5196));
#5170 = ORIENTED_EDGE('',*,*,#5171,.F.);
#5171 = EDGE_CURVE('',#5172,#5174,#5176,.T.);
#5172 = VERTEX_POINT('',#5173);
#5173 = CARTESIAN_POINT('',(-335.,-1.25E+03,300.));
#5174 = VERTEX_POINT('',#5175);
#5175 = CARTESIAN_POINT('',(-335.,-1.267207293091E+03,324.57456132867));
#5176 = LINE('',#5177,#5178);
#5177 = CARTESIAN_POINT('',(-335.,-1.25E+03,300.));
#5178 = VECTOR('',#5179,1.);
#5179 = DIRECTION('',(0.,-0.573576436351,0.819152044289));
#5180 = ORIENTED_EDGE('',*,*,#5181,.T.);
#5181 = EDGE_CURVE('',#5172,#5182,#5184,.T.);
#5182 = VERTEX_POINT('',#5183);
#5183 = CARTESIAN_POINT('',(-335.,-807.6578960839,609.73127562956));
#5184 = LINE('',#5185,#5186);
#5185 = CARTESIAN_POINT('',(-335.,-1.25E+03,300.));
#5186 = VECTOR('',#5187,1.);
#5187 = DIRECTION('',(0.,0.819152044289,0.573576436351));
#5188 = ORIENTED_EDGE('',*,*,#5189,.T.);
#5189 = EDGE_CURVE('',#5182,#5190,#5192,.T.);
#5190 = VERTEX_POINT('',#5191);
#5191 = CARTESIAN_POINT('',(-335.,-824.8651891744,634.30583695823));
#5192 = LINE('',#5193,#5194);
#5193 = CARTESIAN_POINT('',(-335.,-807.6578960839,609.73127562956));
#5194 = VECTOR('',#5195,1.);
#5195 = DIRECTION('',(0.,-0.573576436351,0.819152044289));
#5196 = ORIENTED_EDGE('',*,*,#5197,.F.);
#5197 = EDGE_CURVE('',#5174,#5190,#5198,.T.);
#5198 = LINE('',#5199,#5200);
#5199 = CARTESIAN_POINT('',(-335.,-1.267207293091E+03,324.57456132867));
#5200 = VECTOR('',#5201,1.);
#5201 = DIRECTION('',(0.,0.819152044289,0.573576436351));
#5202 = PLANE('',#5203);
#5203 = AXIS2_PLACEMENT_3D('',#5204,#5205,#5206);
#5204 = CARTESIAN_POINT('',(-335.,-1.25E+03,300.));
#5205 = DIRECTION('',(1.,0.,0.));
#5206 = DIRECTION('',(0.,-0.573576436351,0.819152044289));
#5207 = ADVANCED_FACE('',(#5208),#5242,.T.);
#5208 = FACE_BOUND('',#5209,.T.);
#5209 = EDGE_LOOP('',(#5210,#5220,#5228,#5236));
#5210 = ORIENTED_EDGE('',*,*,#5211,.F.);
#5211 = EDGE_CURVE('',#5212,#5214,#5216,.T.);
#5212 = VERTEX_POINT('',#5213);
#5213 = CARTESIAN_POINT('',(335.,-1.25E+03,300.));
#5214 = VERTEX_POINT('',#5215);
#5215 = CARTESIAN_POINT('',(335.,-1.267207293091E+03,324.57456132867));
#5216 = LINE('',#5217,#5218);
#5217 = CARTESIAN_POINT('',(335.,-1.25E+03,300.));
#5218 = VECTOR('',#5219,1.);
#5219 = DIRECTION('',(0.,-0.573576436351,0.819152044289));
#5220 = ORIENTED_EDGE('',*,*,#5221,.T.);
#5221 = EDGE_CURVE('',#5212,#5222,#5224,.T.);
#5222 = VERTEX_POINT('',#5223);
#5223 = CARTESIAN_POINT('',(335.,-807.6578960839,609.73127562956));
#5224 = LINE('',#5225,#5226);
#5225 = CARTESIAN_POINT('',(335.,-1.25E+03,300.));
#5226 = VECTOR('',#5227,1.);
#5227 = DIRECTION('',(0.,0.819152044289,0.573576436351));
#5228 = ORIENTED_EDGE('',*,*,#5229,.T.);
#5229 = EDGE_CURVE('',#5222,#5230,#5232,.T.);
#5230 = VERTEX_POINT('',#5231);
#5231 = CARTESIAN_POINT('',(335.,-824.8651891744,634.30583695823));
#5232 = LINE('',#5233,#5234);
#5233 = CARTESIAN_POINT('',(335.,-807.6578960839,609.73127562956));
#5234 = VECTOR('',#5235,1.);
#5235 = DIRECTION('',(0.,-0.573576436351,0.819152044289));
#5236 = ORIENTED_EDGE('',*,*,#5237,.F.);
#5237 = EDGE_CURVE('',#5214,#5230,#5238,.T.);
#5238 = LINE('',#5239,#5240);
#5239 = CARTESIAN_POINT('',(335.,-1.267207293091E+03,324.57456132867));
#5240 = VECTOR('',#5241,1.);
#5241 = DIRECTION('',(0.,0.819152044289,0.573576436351));
#5242 = PLANE('',#5243);
#5243 = AXIS2_PLACEMENT_3D('',#5244,#5245,#5246);
#5244 = CARTESIAN_POINT('',(335.,-1.25E+03,300.));
#5245 = DIRECTION('',(1.,0.,0.));
#5246 = DIRECTION('',(0.,-0.573576436351,0.819152044289));
#5247 = ADVANCED_FACE('',(#5248),#5264,.F.);
#5248 = FACE_BOUND('',#5249,.F.);
#5249 = EDGE_LOOP('',(#5250,#5256,#5257,#5263));
#5250 = ORIENTED_EDGE('',*,*,#5251,.F.);
#5251 = EDGE_CURVE('',#5172,#5212,#5252,.T.);
#5252 = LINE('',#5253,#5254);
#5253 = CARTESIAN_POINT('',(-335.,-1.25E+03,300.));
#5254 = VECTOR('',#5255,1.);
#5255 = DIRECTION('',(1.,0.,0.));
#5256 = ORIENTED_EDGE('',*,*,#5171,.T.);
#5257 = ORIENTED_EDGE('',*,*,#5258,.T.);
#5258 = EDGE_CURVE('',#5174,#5214,#5259,.T.);
#5259 = LINE('',#5260,#5261);
#5260 = CARTESIAN_POINT('',(-335.,-1.267207293091E+03,324.57456132867));
#5261 = VECTOR('',#5262,1.);
#5262 = DIRECTION('',(1.,0.,0.));
#5263 = ORIENTED_EDGE('',*,*,#5211,.F.);
#5264 = PLANE('',#5265);
#5265 = AXIS2_PLACEMENT_3D('',#5266,#5267,#5268);
#5266 = CARTESIAN_POINT('',(-335.,-1.25E+03,300.));
#5267 = DIRECTION('',(0.,0.819152044289,0.573576436351));
#5268 = DIRECTION('',(0.,-0.573576436351,0.819152044289));
#5269 = ADVANCED_FACE('',(#5270),#5286,.T.);
#5270 = FACE_BOUND('',#5271,.T.);
#5271 = EDGE_LOOP('',(#5272,#5278,#5279,#5285));
#5272 = ORIENTED_EDGE('',*,*,#5273,.F.);
#5273 = EDGE_CURVE('',#5182,#5222,#5274,.T.);
#5274 = LINE('',#5275,#5276);
#5275 = CARTESIAN_POINT('',(-335.,-807.6578960839,609.73127562956));
#5276 = VECTOR('',#5277,1.);
#5277 = DIRECTION('',(1.,0.,0.));
#5278 = ORIENTED_EDGE('',*,*,#5189,.T.);
#5279 = ORIENTED_EDGE('',*,*,#5280,.T.);
#5280 = EDGE_CURVE('',#5190,#5230,#5281,.T.);
#5281 = LINE('',#5282,#5283);
#5282 = CARTESIAN_POINT('',(-335.,-824.8651891744,634.30583695823));
#5283 = VECTOR('',#5284,1.);
#5284 = DIRECTION('',(1.,0.,0.));
#5285 = ORIENTED_EDGE('',*,*,#5229,.F.);
#5286 = PLANE('',#5287);
#5287 = AXIS2_PLACEMENT_3D('',#5288,#5289,#5290);
#5288 = CARTESIAN_POINT('',(-335.,-807.6578960839,609.73127562956));
#5289 = DIRECTION('',(0.,0.819152044289,0.573576436351));
#5290 = DIRECTION('',(0.,-0.573576436351,0.819152044289));
#5291 = ADVANCED_FACE('',(#5292),#5298,.F.);
#5292 = FACE_BOUND('',#5293,.F.);
#5293 = EDGE_LOOP('',(#5294,#5295,#5296,#5297));
#5294 = ORIENTED_EDGE('',*,*,#5181,.F.);
#5295 = ORIENTED_EDGE('',*,*,#5251,.T.);
#5296 = ORIENTED_EDGE('',*,*,#5221,.T.);
#5297 = ORIENTED_EDGE('',*,*,#5273,.F.);
#5298 = PLANE('',#5299);
#5299 = AXIS2_PLACEMENT_3D('',#5300,#5301,#5302);
#5300 = CARTESIAN_POINT('',(-335.,-1.25E+03,300.));
#5301 = DIRECTION('',(0.,-0.573576436351,0.819152044289));
#5302 = DIRECTION('',(1.,0.,0.));
#5303 = ADVANCED_FACE('',(#5304),#5310,.T.);
#5304 = FACE_BOUND('',#5305,.T.);
#5305 = EDGE_LOOP('',(#5306,#5307,#5308,#5309));
#5306 = ORIENTED_EDGE('',*,*,#5197,.F.);
#5307 = ORIENTED_EDGE('',*,*,#5258,.T.);
#5308 = ORIENTED_EDGE('',*,*,#5237,.T.);
#5309 = ORIENTED_EDGE('',*,*,#5280,.F.);
#5310 = PLANE('',#5311);
#5311 = AXIS2_PLACEMENT_3D('',#5312,#5313,#5314);
#5312 = CARTESIAN_POINT('',(-335.,-1.267207293091E+03,324.57456132867));
#5313 = DIRECTION('',(0.,-0.573576436351,0.819152044289));
#5314 = DIRECTION('',(1.,0.,0.));
#5315 = MANIFOLD_SOLID_BREP('',#5316);
#5316 = CLOSED_SHELL('',(#5317,#5350,#5359));
#5317 = ADVANCED_FACE('',(#5318),#5345,.T.);
#5318 = FACE_BOUND('',#5319,.T.);
#5319 = EDGE_LOOP('',(#5320,#5329,#5337,#5344));
#5320 = ORIENTED_EDGE('',*,*,#5321,.F.);
#5321 = EDGE_CURVE('',#5322,#5322,#5324,.T.);
#5322 = VERTEX_POINT('',#5323);
#5323 = CARTESIAN_POINT('',(15.,-1.E+03,450.));
#5324 = CIRCLE('',#5325,15.);
#5325 = AXIS2_PLACEMENT_3D('',#5326,#5327,#5328);
#5326 = CARTESIAN_POINT('',(0.,-1.E+03,450.));
#5327 = DIRECTION('',(0.,0.,1.));
#5328 = DIRECTION('',(1.,0.,-0.));
#5329 = ORIENTED_EDGE('',*,*,#5330,.F.);
#5330 = EDGE_CURVE('',#5331,#5322,#5333,.T.);
#5331 = VERTEX_POINT('',#5332);
#5332 = CARTESIAN_POINT('',(15.,-1.E+03,0.));
#5333 = LINE('',#5334,#5335);
#5334 = CARTESIAN_POINT('',(15.,-1.E+03,0.));
#5335 = VECTOR('',#5336,1.);
#5336 = DIRECTION('',(0.,0.,1.));
#5337 = ORIENTED_EDGE('',*,*,#5338,.T.);
#5338 = EDGE_CURVE('',#5331,#5331,#5339,.T.);
#5339 = CIRCLE('',#5340,15.);
#5340 = AXIS2_PLACEMENT_3D('',#5341,#5342,#5343);
#5341 = CARTESIAN_POINT('',(0.,-1.E+03,0.));
#5342 = DIRECTION('',(0.,0.,1.));
#5343 = DIRECTION('',(1.,0.,-0.));
#5344 = ORIENTED_EDGE('',*,*,#5330,.T.);
#5345 = CYLINDRICAL_SURFACE('',#5346,15.);
#5346 = AXIS2_PLACEMENT_3D('',#5347,#5348,#5349);
#5347 = CARTESIAN_POINT('',(0.,-1.E+03,0.));
#5348 = DIRECTION('',(0.,0.,1.));
#5349 = DIRECTION('',(1.,0.,-0.));
#5350 = ADVANCED_FACE('',(#5351),#5354,.T.);
#5351 = FACE_BOUND('',#5352,.T.);
#5352 = EDGE_LOOP('',(#5353));
#5353 = ORIENTED_EDGE('',*,*,#5321,.T.);
#5354 = PLANE('',#5355);
#5355 = AXIS2_PLACEMENT_3D('',#5356,#5357,#5358);
#5356 = CARTESIAN_POINT('',(0.,-1.E+03,450.));
#5357 = DIRECTION('',(0.,0.,1.));
#5358 = DIRECTION('',(1.,0.,-0.));
#5359 = ADVANCED_FACE('',(#5360),#5363,.F.);
#5360 = FACE_BOUND('',#5361,.T.);
#5361 = EDGE_LOOP('',(#5362));
#5362 = ORIENTED_EDGE('',*,*,#5338,.F.);
#5363 = PLANE('',#5364);
#5364 = AXIS2_PLACEMENT_3D('',#5365,#5366,#5367);
#5365 = CARTESIAN_POINT('',(0.,-1.E+03,0.));
#5366 = DIRECTION('',(0.,0.,1.));
#5367 = DIRECTION('',(1.,0.,-0.));
#5368 = ( GEOMETRIC_REPRESENTATION_CONTEXT(3) 
GLOBAL_UNCERTAINTY_ASSIGNED_CONTEXT((#5372)) 
GLOBAL_UNIT_ASSIGNED_CONTEXT((#5369,#5370,#5371)) REPRESENTATION_CONTEXT
('Context #1','3D Context with UNIT and UNCERTAINTY') );
#5369 = ( LENGTH_UNIT() NAMED_UNIT(*) SI_UNIT(.MILLI.,.METRE.) );
#5370 = ( NAMED_UNIT(*) PLANE_ANGLE_UNIT() SI_UNIT($,.RADIAN.) );
#5371 = ( NAMED_UNIT(*) SI_UNIT($,.STERADIAN.) SOLID_ANGLE_UNIT() );
#5372 = UNCERTAINTY_MEASURE_WITH_UNIT(LENGTH_MEASURE(1.E-07),#5369,
  'distance_accuracy_value','confusion accuracy');
#5373 = CONTEXT_DEPENDENT_SHAPE_REPRESENTATION(#5374,#5376);
#5374 = ( REPRESENTATION_RELATIONSHIP('','',#5164,#10) 
REPRESENTATION_RELATIONSHIP_WITH_TRANSFORMATION(#5375) 
SHAPE_REPRESENTATION_RELATIONSHIP() );
#5375 = ITEM_DEFINED_TRANSFORMATION('','',#11,#59);
#5376 = PRODUCT_DEFINITION_SHAPE('Placement','Placement of an item',
  #5377);
#5377 = NEXT_ASSEMBLY_USAGE_OCCURRENCE('12','24_太阳能板及支架',
  '',#5,#5159,$);
#5378 = PRODUCT_RELATED_PRODUCT_CATEGORY('part',$,(#5161));
ENDSEC;
END-ISO-10303-21;
