path,bytes,sha256,included,reason
专利/刘智远专利/_work/__pycache__/patent_search.cpython-314.pyc,5417,6de32f0412f05f439755c9d845a5830cda3feb6bd64609fcc9b7202af66944a5,False,运行缓存/审计临时目录
专利/刘智远专利/_work/build_clean_docx.py,12953,f16d7b98a12c81a750d7b5f93c8ccb2badabda310422dd2d3463d42193a22fdc,True,
专利/刘智远专利/_work/build_report.py,2565,4355e931a71c7940d105aae1e06870e13da701147c94956fea9d9471df1f95eb,True,
专利/刘智远专利/_work/clean_dump.txt,61164,6b920347764dd1f9ad2a8fed6fb15e0d3d1eb726414d62a3d1765eca6f840dcb,True,
专利/刘智远专利/_work/docx_to_pdf.ps1,612,931dc96adae6a21ebc22229ff44a3ae787c9881cfc97e8f2ccba4028b46cb832,True,
专利/刘智远专利/_work/extract_text.py,1061,724be9baafd69490af0cb38d7ca2a668702fe3a91e436964ecca58235b4c6eb1,True,
专利/刘智远专利/_work/fig_report/F1_PTM流程.png,179143,47a6dffd80eb083c2a339c1436b902767d6805ff0a2edfcd5c65f25195b6bbec,True,
专利/刘智远专利/_work/fig_report/F2_专利组合布局.png,186139,590ff9f981f20ed3c53c4850d43ec027cb0539a8b5b1f4b1cbb4969fbb4c9c54,True,
专利/刘智远专利/_work/fig_report/F3_P1技术路线.png,158662,0df138a9a504a5894b8241bd6a47cb4867cdb704bbe00b7c9e1ea3d24c81c190,True,
专利/刘智远专利/_work/img/eq_01_p4.png,39240,caa7a34a715152edd3e1e74ee75bdc0e490ee6ff9e44a020f280ef558500db1f,True,
专利/刘智远专利/_work/img/eq_02_p5.png,14617,3e4fdb0557eb2083126b249e985d0312a581181b56508f302eb69c254e37e02a,True,
专利/刘智远专利/_work/img/eq_03_p6.png,5557,964585ee66cd0073c3eaf69077cf1e304ac2e25f662758cb02810c807697bb63,True,
专利/刘智远专利/_work/img/eq_04_p6.png,13102,ed0c64821b1eb755c27bfe6eeb2846f12e50d074bc7f386af0325ccf475b127f,True,
专利/刘智远专利/_work/img/eq_05_p6.png,23374,c86b22e41a3d8a3eebaa5d1b797e8ce78bd22553f4ccbb6566abca409075ffbd,True,
专利/刘智远专利/_work/img/eq_06_p6.png,13547,6a1ee52c5ea7a87c63ec02bdc99c02b8d208532c8e5ec4876d862c4ddd4c1d37,True,
专利/刘智远专利/_work/img/eq_07_p7.png,7463,2abd4ae086b50d1ed17c185ba1c6b546e383a240cbe8d8fa96e711ff534e7b6b,True,
专利/刘智远专利/_work/img/eq_08_p8.png,45314,8d2272e00ae2fa98f35f1ba00ca167340b40157685f5ee74518301efe9883a60,True,
专利/刘智远专利/_work/img/fig_01_p3.png,986481,4445284b309c660b35cecf5d161200c72520fe0ed0f0eb963def3ec86defc2e5,True,
专利/刘智远专利/_work/img/fig_02_p3.png,206747,8e45d57d47ba66f04eb74a4cdd5906786075c62c8a856dc8ee4d73fc6cff3cc2,True,
专利/刘智远专利/_work/img/fig_03_p3.png,713505,48bfe00c6bbfd95cf49673ae682e4913c76da97a8bc5df2e6ccaf3c5614e8645,True,
专利/刘智远专利/_work/img/fig_04_p4.png,208249,2b37d4ff22481abf840a9f8a80817fb369ead979c8d20fe11283949a85d7bdad,True,
专利/刘智远专利/_work/img/fig_05_p4.png,374862,cac29276142a86f9c9cb7b734d02067d57bbdd299cdd0588166ededf542cb925,True,
专利/刘智远专利/_work/img/fig_06_p5.png,306148,a6b1319db2ad962917b31122271e9b57fad7601bab3a201a519cf91083a61cd1,True,
专利/刘智远专利/_work/img/fig_07_p5.png,228570,400b2794bc1177958febf119056898b2ae530df7e43af53e5406f3ecf029de51,True,
专利/刘智远专利/_work/img/fig_08_p5.png,118119,e8549baa2656aa4bae95fd66ee81c2f22f7cfb299040ecaa3f28e4ffb2a07901,True,
专利/刘智远专利/_work/img/fig_09_p6.png,388420,6346d8f69bdb23b34ab26ac4963f1b76cfeb8527fe433dc0348a1c202b54050c,True,
专利/刘智远专利/_work/img/fig_10_p6.png,569572,28a313885673b2cbbadba27a81dc0499252d0860bdd338dd257b4d8d9c3ebb0e,True,
专利/刘智远专利/_work/img/fig_11_p7.png,1027778,6a9ed85c83c36f8227f96237f0a642cd2f9d9d324b68fedc0c75cd673a825441,True,
专利/刘智远专利/_work/img/fig_12_p8.png,1222165,18d14ece1ae019d6d2ffb5ad5fb471e75431039ab4683fe42ba38e6522b810fe,True,
专利/刘智远专利/_work/img/fig_13_p8.png,602077,63bad410a50fac2ffdb939498feb87d857c4717b14867965934db0eb2bc56c8d,True,
专利/刘智远专利/_work/img/fig_14_p9.png,345375,715e71c01133fd6ee0a27c3ac13dba4d19f2fc3d40ed33de80e55335d4820d58,True,
专利/刘智远专利/_work/img/fig_15_p10.png,588561,f28d6ab587afb0ebed4c1cf734ec78e7f23d2dfdb9eb857d4dc435da1347ea49,True,
专利/刘智远专利/_work/img/fig_16_p10.png,750703,120237ede7a0b350ba57900ae2bc455e74e733dd47fda6960fd77cbb7edf93c4,True,
专利/刘智远专利/_work/img/fig_17_p10.png,312894,5464631adebb4299a35420c87a052278bafaf5ca668c7257519eab8a3125873e,True,
专利/刘智远专利/_work/img/fig_18_p11.png,446998,82de21f82a96d6eddb14c5d88f4335a5f20e6ddc240562929a3ed316143f650c,True,
专利/刘智远专利/_work/make_figures.py,7787,f7cd8010e36191ba0b49a9cdf6eba1d7e4165e4930db45276d256f02953f9b55,True,
专利/刘智远专利/_work/paper_text.txt,66012,2815ec724792683441133386c5afe64817d2640fa95d72a9327ad9dcd6fb6693,True,
专利/刘智远专利/_work/patent_detail.py,2178,6032a6e6faedc100b5d19c33e8fd0a99bb74e16f0843065aa7baacd7687d10c1,True,
专利/刘智远专利/_work/patent_hits.md,291631,ddc574ed09e2c1a32f6b48eb30ecbc846d4f52d8d900e0f786aa1a347d0ff06e,True,
专利/刘智远专利/_work/patent_search.py,3061,774d20c43ff5dafc41ed3454903e86424c5e074c379368ad2fa200874476b618,True,
专利/刘智远专利/_work/patent_search2.py,2009,13bf67772f98b65df9a61c5d969f9ed41a72377345b7b0eb7e64970c286485b1,True,
专利/刘智远专利/_work/pdf_reflow.py,17793,dd265ea14a8c692cc90893b2ac82381232541778246cd41fd9312e66e8858845,True,
专利/刘智远专利/_work/report_content_1.py,29091,43e146469e9d78ceb83b0d9234220e73d103ee77d30dd346012d3b878c0974f9,True,
专利/刘智远专利/_work/report_content_2.py,40983,80af645320d702693bfdeb96dc1b61cf522dbe0eb61b38bcb1648fc2165b908e,True,
专利/刘智远专利/_work/report_docx_lib.py,9980,c7467d1b014b537467a6c685ef4a0b399e73d9cd2f44b85f123d80da25b689f3,True,
专利/刘智远专利/_work/research_review_20261003/PTM_page_11.png,372927,222ec0ea32020c47dc4af885b940ad8d71accd7129fb86ae2f33fead9a9c65bd,True,
专利/刘智远专利/_work/research_review_20261003/PTM_page_7.png,421288,0d124887ee07492d3833c549ec1ca10f4218052ec26e0efa0e0c3b49e35a00f2,True,
专利/刘智远专利/_work/research_review_20261003/PTM_page_9.png,331130,918fa40ab004e5bdca6d797237028a04bc43fe948488f079befc82d0be24d06c,True,
专利/刘智远专利/_work/update_toc_pdf.ps1,805,c2fe82486ab48b0c593baa0026176c4b66042642b3204815b2ebaf465e87e8c3,True,
专利/刘智远专利/A_Novel_Power_Pylon_Truss_Modeler_for_LoD3_Reconstruction_From_ULS_Data_Bridging_the_Gap_Between_Visualization_and_Simulation.pdf,13835023,a755668e461c187ec83054f741d648f1fad7cf130342466caf0a8da88e2d6bb2,True,
专利/刘智远专利/PTM论文原文_可编辑版.docx,9606508,e0fa23b05c6fca01982e9873653fc04c97e4b15c96b20c30185beb15874cff92,True,
专利/刘智远专利/PTM论文深度分析与专利挖掘研究报告.docx,1600618,358bad492c411775ac24f0579bf260901d09e9a8c49891331667ab222ec633c6,True,
专利/刘智远专利/三项发明专利/00_候选专利池评估与两项定稿.md,2890,7b17607e96b0757e4e2a797e3dbf48b14f7e1999b6f91a8a7e5270b5e004090f,True,
专利/刘智远专利/三项发明专利/00_共享/towerkit/__init__.py,618,bc7689bacb8530c92c2fd05114adf256e13edb3a2ec9d7c671806e31b6d56709,True,
专利/刘智远专利/三项发明专利/00_共享/towerkit/__pycache__/__init__.cpython-314.pyc,940,e743270058f430bb709619f78f1518274b1da7efcf3de809e56c62a007fc76ce,False,运行缓存/审计临时目录
专利/刘智远专利/三项发明专利/00_共享/towerkit/__pycache__/fem.cpython-314.pyc,34809,23561903e4b742947ecf2e2b1965bf0641cfa2be6c369969209f804c896585a8,False,运行缓存/审计临时目录
专利/刘智远专利/三项发明专利/00_共享/towerkit/__pycache__/graph.cpython-314.pyc,29271,4676ab012ce67143dcc487b860a750ecd1fa6396ae29e1b3b0a8e5b341d64a04,False,运行缓存/审计临时目录
专利/刘智远专利/三项发明专利/00_共享/towerkit/__pycache__/lidar._cast-140.py314.1.nbc,96003,2f88e2a215783724fb220a8d9365e3cf950ecaefd4f41ed9f1ce173794e71e6b,False,运行缓存/审计临时目录
专利/刘智远专利/三项发明专利/00_共享/towerkit/__pycache__/lidar._cast-140.py314.nbi,1704,8041d53fa89d696d57499981e3f198c5055515c299c7ebf52c4fa21f18bc2601,False,运行缓存/审计临时目录
专利/刘智远专利/三项发明专利/00_共享/towerkit/__pycache__/lidar._fill_grid-116.py314.1.nbc,74937,94f354a55d5e824b6ead41b42c482424473752ea49ecb8dfcf73d19b4e35b9fb,False,运行缓存/审计临时目录
专利/刘智远专利/三项发明专利/00_共享/towerkit/__pycache__/lidar._fill_grid-116.py314.nbi,1573,f8918dcca4e9dcf25bdeb444f23f324e055fddba764d8057a7062221c4ac2052,False,运行缓存/审计临时目录
专利/刘智远专利/三项发明专利/00_共享/towerkit/__pycache__/lidar.cpython-314.pyc,41411,ea956a44dee3fcf35c05de5d5dfcdd7239851ec0338dfb8ff6f675cc28622bbf,False,运行缓存/审计临时目录
专利/刘智远专利/三项发明专利/00_共享/towerkit/__pycache__/loads.cpython-314.pyc,12981,d531800c988f2ed2f744446f50d119b2d0b1eabad5e81f2c50a972f7e4337850,False,运行缓存/审计临时目录
专利/刘智远专利/三项发明专利/00_共享/towerkit/__pycache__/sar.cpython-314.pyc,7168,24537b47b26f17d03a2b523518fcfd9cbef703433a5a3d672e06096838be18b3,False,运行缓存/审计临时目录
专利/刘智远专利/三项发明专利/00_共享/towerkit/__pycache__/sections.cpython-314.pyc,9981,99fd342f7ad3552f3b60b225f16583e76e8af968f5567822382029e2fe8e02da,False,运行缓存/审计临时目录
专利/刘智远专利/三项发明专利/00_共享/towerkit/__pycache__/tower.cpython-314.pyc,29085,1467661561e19fdc4c798cdb5a3148280dc4600cd43ae88c93a07570acb9b783,False,运行缓存/审计临时目录
专利/刘智远专利/三项发明专利/00_共享/towerkit/fem.py,15939,c01e8164ee97983543289edba69c7182998dd1038a7b25da4998401831c99f13,True,
专利/刘智远专利/三项发明专利/00_共享/towerkit/graph.py,11770,0a9defaeb876e3232801182d902882047537bbb5ec00043aedfdf309b84e4938,True,
专利/刘智远专利/三项发明专利/00_共享/towerkit/lidar.py,19255,97093f6e418ed95c99f18995af1e15aa11c55bf3e7e9a93f0aa6c3273263b8b2,True,
专利/刘智远专利/三项发明专利/00_共享/towerkit/loads.py,5522,6f2142a14c2914aec7d0a32158a09b0d1e6dfa69ab17635449339a32aba834a9,True,
专利/刘智远专利/三项发明专利/00_共享/towerkit/sar.py,3398,3d746f980def16fe4e5aede8d64b85e4318086e40e19b73360f63a00f7c5b2e0,True,
专利/刘智远专利/三项发明专利/00_共享/towerkit/sections.py,4840,93d2d85205b0207c634a8c19442009331a6b2975f0306f54de80256740d14d1d,True,
专利/刘智远专利/三项发明专利/00_共享/towerkit/tower.py,15411,2d9217917679194cecf64d52cd9c20c3520cb614d45e2e0f75dc43fd7011d046,True,
专利/刘智远专利/三项发明专利/00_共享/towerkit/viz.py,2121,a4e57f6957ae5ca7004f8d16031adc32d168fb3e7701863932a291a00bc5a382,True,
专利/刘智远专利/三项发明专利/00_共享/工具/__pycache__/patent_detail.cpython-314.pyc,4356,e6f8174e8c913a5fb761133b731f4b9dee30ec0f1308f405356bb5cdf3a4f1e8,False,运行缓存/审计临时目录
专利/刘智远专利/三项发明专利/00_共享/工具/__pycache__/patent_search.cpython-314.pyc,5447,55ba5f286a3a476ba27f2896bf3bdc2f3337f59f0b6f2b5b8b6769c849d4a639,False,运行缓存/审计临时目录
专利/刘智远专利/三项发明专利/00_共享/工具/patent_detail.py,2178,6032a6e6faedc100b5d19c33e8fd0a99bb74e16f0843065aa7baacd7687d10c1,True,
专利/刘智远专利/三项发明专利/00_共享/工具/patent_search.py,3061,774d20c43ff5dafc41ed3454903e86424c5e074c379368ad2fa200874476b618,True,
专利/刘智远专利/三项发明专利/00_共享/工具/专利生成器/build_patent_docx.js,17356,eed85838d3a9c0dc85e4dc98bfc1613a5a5bb5973557c946c84ce596c7b60731,True,
专利/刘智远专利/三项发明专利/00_共享/工具/专利生成器/check_patent.py,10468,b0a972348f22116595bc78f38c3e41da2d9452603a70f66ef832b7023e266512,True,
专利/刘智远专利/三项发明专利/00_共享/工具/专利生成器/docx2pdf.ps1,1439,9996b4a46ed2286d282049568183c337c019442e1d19a8235b164d9d816596e4,True,
专利/刘智远专利/三项发明专利/00_共享/工具/专利生成器/helpers.js,1320,71e6185dc2becbc8b43509c747198e9cdb823d39291bc6b0e12b4c7b53277429,True,
专利/刘智远专利/三项发明专利/00_共享/工具/专利生成器/md2docx.py,9489,d2fe53c074db6b99dd237765a9548286d1bc654ac74f6f369da4b214ea176d84,True,
专利/刘智远专利/三项发明专利/00_共享/工具/参考专利生成器/build_patent_docx.js,15866,6f4af2a1b0458374280f510d26065c22cad58882e3285fc5ec75f8cf898c0774,True,
专利/刘智远专利/三项发明专利/00_共享/工具/参考专利生成器/check_patent_v11.py,14473,5dc0ec0722b44a0728fe29634c21b8f86bbcba979f232a13427ecb720e9ef488,True,
专利/刘智远专利/三项发明专利/00_共享/工具/参考专利生成器/docx2pdf.ps1,999,ab7af7f39d5b8ebdb97cb27bedfc34a2833cca69b5d2920980333347ec4af03b,True,
专利/刘智远专利/三项发明专利/00_共享/工具/参考专利生成器/patent_v11_text.js,11822,eaa526276a35965eea3c14c003503e7033b8e8e13e77f41efd6ae9937d6c73e5,True,
专利/刘智远专利/三项发明专利/00_共享/工具/参考专利生成器/patent_v12_desc.js,73553,a5b0d5c98c662b48d08aa2fde0462b04336f3be920ff23850db590b9890305a3,True,
专利/刘智远专利/三项发明专利/00_共享/工具/参考专利生成器/patent_v12_text.js,11009,99a71e6ef5fbf86c91e375dc136d3ae896471d7b103c79f3958ca2ca30709810,True,
专利/刘智远专利/三项发明专利/00_共享/工具/参考专利生成器/v11_patent_figs.py,51731,e72d284b37141668ca91d6ee42ec73838260deebfcb7c2a8e2d44c9c0626df00,True,
专利/刘智远专利/三项发明专利/00_共享/工具/参考专利生成器/v11_patent_numerals.json,5895,1a7fcf6ebfb266c35f507b8c9d5f0147d8fdfa26a82e8c766235db09baea49b2,True,
专利/刘智远专利/三项发明专利/00_共享/调研/_r2_calc.py,3095,bebc9525a15afce9a2285c1ed88416d96f589de080602615b92786d2b5b55175,True,
专利/刘智远专利/三项发明专利/00_共享/调研/_r2_calc2.py,4083,15ac8c159f7768880fbf8d39e60d4e40f79d89d6f1b290d8ba8ce547341ce05f,True,
专利/刘智远专利/三项发明专利/00_共享/调研/_r2_dl.py,2287,74c3e9c70197e869ab851512de80c27076b9d96546240157271b98b830f1250a,True,
专利/刘智远专利/三项发明专利/00_共享/调研/_R2_patent_detail.json,153,5d19a03dbe8c96c81dc72213d0ede7c83da0ecd75c65bb99d97d2f500e944212,True,
专利/刘智远专利/三项发明专利/00_共享/调研/_R2_patent_raw.json,2,44136fa355b3678a1146ad16f7e8649e94fb4fc21fe77e8310c060f61caaff8a,True,
专利/刘智远专利/三项发明专利/00_共享/调研/_r2_patent_scan.py,3415,30448a0bc413606dbab87cd9f65bcc6503a836029855da8b4e3817e1c4bc5b79,True,
专利/刘智远专利/三项发明专利/00_共享/调研/_r2_ps2.py,1947,fb4b45429b495398479a2699db75647c70cee2cee48f3ee3b641c2ee828195fc,True,
专利/刘智远专利/三项发明专利/00_共享/调研/_r2_q1.json,69,a41e017d140566b55830d30f310305635320077b9a112c54cfc5be5e5eded24c,True,
专利/刘智远专利/三项发明专利/00_共享/调研/_R2_request_log.txt,78,3aa3fa22b507ef574ec467b65d578eac393463175680cec6c277246bbc109922,True,
专利/刘智远专利/三项发明专利/00_共享/调研/_r2_txt/DJI_Zenmuse_L3_Datasheet.txt,5590,c54e11e2fbd69ce39b17dc65d07e4058af7ed8325c4b1a71e16c11a53a4c31d5,True,
专利/刘智远专利/三项发明专利/00_共享/调研/_r2_txt/DTU_WindTurbine_Tower_Oscillation_Automotive_Lidar.txt,11192,274e7ea89a752263288b1a757522f63c3bd57a3d009841f8317b4d99b3c98b94,True,
专利/刘智远专利/三项发明专利/00_共享/调研/_r2_txt/EVACES2025_FMCW_laser_radar_SS01_1186.txt,17737,e6210c91852055550388e17109e73810cbfee7a253cd6dcf9cee7ada666825a2,True,
专利/刘智远专利/三项发明专利/00_共享/调研/_r2_txt/Halkon_Rothberg_LDV_from_UAV.txt,20464,4cae3df7755bd6c5258536dc83975255599765a9417c544b2c121dcff914b777,True,
专利/刘智远专利/三项发明专利/00_共享/调研/_r2_txt/RIEGL_miniVUX-3UAV_Datasheet.txt,10924,cbb2252724a970f1a770e6a8804b128edeec423819100c9921431119123ea8c1,True,
专利/刘智远专利/三项发明专利/00_共享/调研/_r2_txt/RIEGL_VUX-120-23_Datasheet.txt,14223,054d2c47f727a55f7f4dab0a7a4c66bb4ab0a3c0a4c449a91be411342eb5019a,True,
专利/刘智远专利/三项发明专利/00_共享/调研/R1_3DGS与可微渲染_杆件结构重建_调研.md,54862,57965fbbd16312080c64c208e86b21fe2482e45eadfd40ac2a180578514b8991,True,
专利/刘智远专利/三项发明专利/00_共享/调研/文献_3DGS/2409.12899_LI-GS_LiDAR融合2DGS大场景.pdf,34939080,b9590036fd20f2baff5e7d26fd9e6555d8af82e33e5afb13755138ab7785975a,True,
专利/刘智远专利/三项发明专利/00_共享/调研/文献_3DGS/2411.16816_SplatAD_LiDAR与相机联合渲染_CVPR2025.pdf,21803462,c64e13ad8fc156fc04510f3f9554e42604d4e2e35f23f36f53dfaef9fd6953be,True,
专利/刘智远专利/三项发明专利/00_共享/调研/文献_3DGS/2412.18380_ARSGaussian_航空LiDAR约束3DGS_ISPRS2026.pdf,6910072,7e7c6d42f9188cf8799eaa1a3930c1f5be0193fe38e06674b774939d90c8ba24,True,
专利/刘智远专利/三项发明专利/00_共享/调研/文献_3DGS/2503.14786_SketchSplat_参数化边可微泼溅.pdf,17472737,bc9437e542e8c7bbca0a8dae584d79a0e3fe6969bb38a7fb0ae3ee397b471765,True,
专利/刘智远专利/三项发明专利/00_共享/调研/文献_3DGS/2506.21401_CurveGaussian_曲线感知高斯_ICCV2025.pdf,8615465,4ecde119f81a57aba4f70e8ef41cc6c71895b721c30d7b78cddaba6c72405f78,True,
专利/刘智远专利/三项发明专利/00_共享/调研/文献_3DGS/2507.04004_Gaussian-LIC2_LiDAR惯性相机GS-SLAM.pdf,26186148,51cdb7caee2c30f0821846c389ca2b8855972ec97bb9d6c95827806df2689cd5,True,
专利/刘智远专利/三项发明专利/00_共享/调研/文献_3DGS/2512.14087_GaussianPlant_结构对齐高斯_植物枝干圆柱基元.pdf,3915012,58804d4cf1c46cfe3dd517dcea835de51cc410eea99ca348d46a28348baa02fb,True,
专利/刘智远专利/三项发明专利/00_共享/调研/文献_3DGS/2603.24716_3DGS点量测_无人机细结构精度_ISPRS2026.pdf,8537593,25cb9df22fc20b2e991dee685ef35677024ceba816ff03022a5cbf379d976ed9,True,
专利/刘智远专利/三项发明专利/00_共享/调研/文献_LiDAR与振动/DJI_Zenmuse_L3_Datasheet.pdf,160702,033313220ab1e9e1e07170e502e4a496d7b7a2b95f055923148a048cc75cd100,True,
专利/刘智远专利/三项发明专利/00_共享/调研/文献_LiDAR与振动/DTU_WindTurbine_Tower_Oscillation_Automotive_Lidar.pdf,2740246,77805ad6c562abda61e90859893b276be60e6d1eb6dfa4c06a8d4a34f24279bf,True,
专利/刘智远专利/三项发明专利/00_共享/调研/文献_LiDAR与振动/EVACES2025_FMCW_laser_radar_SS01_1186.pdf,850000,70eb4327ad8cf57c3a877289c60dde615a9d435667ab36093bcfce6bab81f729,True,
专利/刘智远专利/三项发明专利/00_共享/调研/文献_LiDAR与振动/Halkon_Rothberg_LDV_from_UAV.pdf,580109,b5c2d74254a10a7cc9ca6a0e2e9520e15ff1fe5dba596f8e728a1c51e26aed87,True,
专利/刘智远专利/三项发明专利/00_共享/调研/文献_LiDAR与振动/RIEGL_miniVUX-3UAV_Datasheet.pdf,719624,3aff008e7eeb32b17cf366b8e198b3509c0758234e4b8ee65f2f7cb1790ebb61,True,
专利/刘智远专利/三项发明专利/00_共享/调研/文献_LiDAR与振动/RIEGL_VUX-120-23_Datasheet.pdf,3138316,263696b562be330fafc1998119043e4d4e63b32e8eb96f40bedb10dd4b8a3f77,True,
专利/刘智远专利/三项发明专利/00_总体设计与分工.md,8880,7859b297a6cd40786f8222aa1a8fd8f6de7d1479dbb4499b0c02b8519077b001,True,
专利/刘智远专利/三项发明专利/专利A_角钢高斯泼溅与激光雷达联合反演/01_调研与查新/_tmp/extract.py,610,0f5fc71cf44fdd903dfb6051dbcdf284444528ec8dd1eca1e0fb8cf2c101c5f4,True,
专利/刘智远专利/三项发明专利/专利A_角钢高斯泼溅与激光雷达联合反演/01_调研与查新/_tmp/R07_QualityGuidedNBV2025_质量引导无人机NBV.txt,45979,3dd7e0e21692218ca95d7a312dc24aa219058731da50d834adda195444aeb583,True,
专利/刘智远专利/三项发明专利/专利A_角钢高斯泼溅与激光雷达联合反演/01_调研与查新/_tmp/R08_FU-MPC2026_电机旋转激光雷达无人机探索.txt,61952,8860f7f8c527fde82f9e89e6267fca865692e3c630abea8c1da445110d040a5a,True,
专利/刘智远专利/三项发明专利/专利A_角钢高斯泼溅与激光雷达联合反演/01_调研与查新/_tmp/R09_FC-Planner2023_骨架引导覆盖规划.txt,38066,b0700a8927aa20d8ad1ac6b60e1001349cc3c62f7fa4dfa3c446377af5fbaab6,True,
专利/刘智远专利/三项发明专利/专利A_角钢高斯泼溅与激光雷达联合反演/01_调研与查新/_tmp/R10_Roberts2017_子模航迹优化.txt,50890,5fb344e20e2180814a1711eda88cd337800ed686ab097cf5b7fb072951fdb212,True,
专利/刘智远专利/三项发明专利/专利A_角钢高斯泼溅与激光雷达联合反演/01_调研与查新/_tmp/R11_Review2022_无人机重建视点与路径规划综述.txt,140257,7bd5dd56890fdde056d7e3a1dabdd743e50d96a969ea40df3d2c58353bf460fc,True,
专利/刘智远专利/三项发明专利/专利A_角钢高斯泼溅与激光雷达联合反演/01_调研与查新/_tmp/R12_HELIOS++2021_虚拟激光扫描.txt,82720,59dad8a103511653d4fb930ed9b3140eacc1b970176d8b036d404574bf2dbddc,True,
专利/刘智远专利/三项发明专利/专利A_角钢高斯泼溅与激光雷达联合反演/01_调研与查新/_tmp/R13_QualityAdaptiveMultiUAV2026.txt,45615,144685495bac996aaf757ff1b5df48ccff4e0a268ad2eeb4b05f8460b58d792f,True,
专利/刘智远专利/三项发明专利/专利A_角钢高斯泼溅与激光雷达联合反演/01_调研与查新/_tmp/S01_RIEGL_VUX-120-23_规格书.txt,14223,054d2c47f727a55f7f4dab0a7a4c66bb4ab0a3c0a4c449a91be411342eb5019a,True,
专利/刘智远专利/三项发明专利/专利A_角钢高斯泼溅与激光雷达联合反演/01_调研与查新/_tmp/S02_RIEGL_miniVUX-3UAV_规格书.txt,10924,cbb2252724a970f1a770e6a8804b128edeec423819100c9921431119123ea8c1,True,
专利/刘智远专利/三项发明专利/专利A_角钢高斯泼溅与激光雷达联合反演/01_调研与查新/_tmp/S03_Hesai_XT32M2X_折页.txt,2550,0387ff80a572645fe16dbab9727865a99f74a59de88f666298122ee6d82eb221,True,
专利/刘智远专利/三项发明专利/专利A_角钢高斯泼溅与激光雷达联合反演/01_调研与查新/_tmp/search_round2.py,4074,f3947efdc53b5412334a97f344122e1cc11847fe21451cfbee9e233b53ee1f11,True,
专利/刘智远专利/三项发明专利/专利A_角钢高斯泼溅与激光雷达联合反演/01_调研与查新/_tmp/T01_DLT409-2023_电力安全工作规程线路部分_报批稿.txt,20418,ce1d054a17df19ab36d9b4f844517eeace899c96a50992dfdeee5bff54f467da,True,
专利/刘智远专利/三项发明专利/专利A_角钢高斯泼溅与激光雷达联合反演/01_调研与查新/文献/_下载记录.json,4187,e336706c9096288bdcbf362df2984dced20c6e746a1e60a826025f92c348fdec,True,
专利/刘智远专利/三项发明专利/专利A_角钢高斯泼溅与激光雷达联合反演/01_调研与查新/文献/R07_QualityGuidedNBV2025_质量引导无人机NBV.pdf,3768161,a725c3d48fc47a034aca93f1feddff116787c37e72c4fca9195257210cc535fc,True,
专利/刘智远专利/三项发明专利/专利A_角钢高斯泼溅与激光雷达联合反演/01_调研与查新/文献/R08_FU-MPC2026_电机旋转激光雷达无人机探索.pdf,15037124,3f19d9e7af2dfcd75ebb0de648b0a6da45b2e44fc1a87e20d47b5016050c1ebd,True,
专利/刘智远专利/三项发明专利/专利A_角钢高斯泼溅与激光雷达联合反演/01_调研与查新/文献/R09_FC-Planner2023_骨架引导覆盖规划.pdf,20063187,69acf34309ee5bba79535643b0971d83d5b6a9d212bfdef3f4f10f6d9d4759cf,True,
专利/刘智远专利/三项发明专利/专利A_角钢高斯泼溅与激光雷达联合反演/01_调研与查新/文献/R10_Roberts2017_子模航迹优化.pdf,2931309,04e45821c90cd51125d7134eb6ec3572baa2a54fa90fd9e887fc75e77e2196a2,True,
专利/刘智远专利/三项发明专利/专利A_角钢高斯泼溅与激光雷达联合反演/01_调研与查新/文献/R11_Review2022_无人机重建视点与路径规划综述.pdf,679828,c7068fc6513c86d931d4bf94b670d22b9a79b9c280896b8f0b58dd48f20356c7,True,
专利/刘智远专利/三项发明专利/专利A_角钢高斯泼溅与激光雷达联合反演/01_调研与查新/文献/R12_HELIOS++2021_虚拟激光扫描.pdf,5970630,abc7aba37b756a486d8c733e4009826de11117e4498841e149761ed5526e9f50,True,
专利/刘智远专利/三项发明专利/专利A_角钢高斯泼溅与激光雷达联合反演/01_调研与查新/文献/R13_QualityAdaptiveMultiUAV2026.pdf,4080054,b738d71449c9b91c126c55913cb83993f3c66a7ea0d0933b0ffaa64c193ec15a,True,
专利/刘智远专利/三项发明专利/专利A_角钢高斯泼溅与激光雷达联合反演/01_调研与查新/文献/S01_RIEGL_VUX-120-23_规格书.pdf,3138316,263696b562be330fafc1998119043e4d4e63b32e8eb96f40bedb10dd4b8a3f77,True,
专利/刘智远专利/三项发明专利/专利A_角钢高斯泼溅与激光雷达联合反演/01_调研与查新/文献/S02_RIEGL_miniVUX-3UAV_规格书.pdf,719624,3aff008e7eeb32b17cf366b8e198b3509c0758234e4b8ee65f2f7cb1790ebb61,True,
专利/刘智远专利/三项发明专利/专利A_角钢高斯泼溅与激光雷达联合反演/01_调研与查新/文献/S03_Hesai_XT32M2X_折页.pdf,4769124,2dca816da41111f27496aee2d1c533df4b33867623ae1b70876fbba84fe13039,True,
专利/刘智远专利/三项发明专利/专利A_角钢高斯泼溅与激光雷达联合反演/01_调研与查新/文献/T01_DLT409-2023_电力安全工作规程线路部分_报批稿.pdf,489584,056219f4c484a5581634031f099df1867d7708a31c26b74b2f71f3af0e512f7b,True,
专利/刘智远专利/三项发明专利/专利A_角钢高斯泼溅与激光雷达联合反演/01_调研与查新/查新与创新点分析报告.docx,46190,ff508b6fd8d762a8fc218e4eeda66bb95a97eb1811488fcbee8d670688260594,True,
专利/刘智远专利/三项发明专利/专利A_角钢高斯泼溅与激光雷达联合反演/01_调研与查新/查新与创新点分析报告.md,17343,24e4a860843f7c3ff624b122b82d788f4ec76c2417f365a15f8d82f264fbc6f1,True,
专利/刘智远专利/三项发明专利/专利A_角钢高斯泼溅与激光雷达联合反演/01_调研与查新/检索原始数据/_fetch.py,644,6ea3b26b0a1b72d5710972e1c17153b2d02066e4e18c10061329e71eddb3091f,True,
专利/刘智远专利/三项发明专利/专利A_角钢高斯泼溅与激光雷达联合反演/01_调研与查新/检索原始数据/_req_count.json,490,1068c7c3f3d2fe53362572b567d2bf957d6f7639a8f46ea81066a08f420ad0ee,True,
专利/刘智远专利/三项发明专利/专利A_角钢高斯泼溅与激光雷达联合反演/01_调研与查新/检索原始数据/detail_round3.json,303,026cfcf5e70f888048154b369784fc63cc33cc9fc83dd84e544c21619bf082b4,True,
专利/刘智远专利/三项发明专利/专利A_角钢高斯泼溅与激光雷达联合反演/01_调研与查新/检索原始数据/search_raw.json,197473,7715fed36831f98f813b7ad903457b6cbacabea9991510c1f33b07ce58140827,True,
专利/刘智远专利/三项发明专利/专利A_角钢高斯泼溅与激光雷达联合反演/01_调研与查新/检索原始数据/search_raw.md,174574,79b94ea7106c643dd1a150e2de62a1241f61cd6d6fe7614cbf5345610e2b1e4b,True,
专利/刘智远专利/三项发明专利/专利A_角钢高斯泼溅与激光雷达联合反演/01_调研与查新/检索原始数据/search_raw_round2.json,788,fafc638aeff97ca73ab85ee46285be33518ddfc77d1420a20f1e21ea9284ccb0,True,
专利/刘智远专利/三项发明专利/专利A_角钢高斯泼溅与激光雷达联合反演/01_调研与查新/检索记录.docx,39478,f09c1dbf55e71eaa61b39ad484728c19ea36fb0504e830e692b2bc7a774ee230,True,
专利/刘智远专利/三项发明专利/专利A_角钢高斯泼溅与激光雷达联合反演/01_调研与查新/检索记录.md,4717,221ea360c388464b7be9916414b5cc8693943179f7b0991a9971b0e5e32f8e85,True,
专利/刘智远专利/三项发明专利/专利A_角钢高斯泼溅与激光雷达联合反演/02_技术交底书/技术交底书.docx,50516,c4cd1018ab5fb6148755fe65bb7cac21e2815e430ea3530c5182586652ed858e,True,
专利/刘智远专利/三项发明专利/专利A_角钢高斯泼溅与激光雷达联合反演/02_技术交底书/技术交底书.md,26501,e8dc249d063111e030ec918944d127d39af535223745eb67c3100ec4ad712090,True,
专利/刘智远专利/三项发明专利/专利A_角钢高斯泼溅与激光雷达联合反演/03_算法与软件/anglegs/__init__.py,1170,d399b3c03ffd8b0542895f1d1ae510ca02ab56e9bf7d8e18cd5fd2c18eee90d1,True,
专利/刘智远专利/三项发明专利/专利A_角钢高斯泼溅与激光雷达联合反演/03_算法与软件/anglegs/__pycache__/__init__.cpython-314.pyc,1505,9c49ef73750cf209973c1eae40ff4aba6bb50480412110e74152c9dd0aaf7a77,False,运行缓存/审计临时目录
专利/刘智远专利/三项发明专利/专利A_角钢高斯泼溅与激光雷达联合反演/03_算法与软件/anglegs/__pycache__/_paths.cpython-314.pyc,1602,615e188750fcf8e14ee076cad62bcdbe011e95b7b77eabd0a26ad1e938b52007,False,运行缓存/审计临时目录
专利/刘智远专利/三项发明专利/专利A_角钢高斯泼溅与激光雷达联合反演/03_算法与软件/anglegs/__pycache__/adops._scatter_1d-18.py314.1.nbc,16310,2fb73aa5206dce62c59cdb5731c978b346d81909f43ee352e4792f4d9dfdadef,False,运行缓存/审计临时目录
专利/刘智远专利/三项发明专利/专利A_角钢高斯泼溅与激光雷达联合反演/03_算法与软件/anglegs/__pycache__/adops._scatter_1d-18.py314.nbi,1622,3aebf78bf1c53710dc67d3b08a6ad9de300ac03cc8ac4915037e5d4c1a58d262,False,运行缓存/审计临时目录
专利/刘智远专利/三项发明专利/专利A_角钢高斯泼溅与激光雷达联合反演/03_算法与软件/anglegs/__pycache__/adops._scatter_rows-10.py314.1.nbc,20949,94575c4fa2150db9901b020a7ce134d058b6239e7a9d9714f1a344556bbeee72,False,运行缓存/审计临时目录
专利/刘智远专利/三项发明专利/专利A_角钢高斯泼溅与激光雷达联合反演/03_算法与软件/anglegs/__pycache__/adops._scatter_rows-10.py314.nbi,1624,c2f9edf867a1e7362cbc21172f589951cc5695a72119ae6a58e870aa833e6851,False,运行缓存/审计临时目录
专利/刘智远专利/三项发明专利/专利A_角钢高斯泼溅与激光雷达联合反演/03_算法与软件/anglegs/__pycache__/adops.cpython-314.pyc,2548,ff18f73f6377125965ed31dd43c713d2b3ed66bbff6a7eacc7681cef00099c5a,False,运行缓存/审计临时目录
专利/刘智远专利/三项发明专利/专利A_角钢高斯泼溅与激光雷达联合反演/03_算法与软件/anglegs/__pycache__/baseline.cpython-314.pyc,6835,33f0102a31850385b920cb50b3d44d44fa9c46c489edd944b829c0883b3940bd,False,运行缓存/审计临时目录
专利/刘智远专利/三项发明专利/专利A_角钢高斯泼溅与激光雷达联合反演/03_算法与软件/anglegs/__pycache__/cli.cpython-314.pyc,4689,3f59e230f72e3b4dae0a4b7570d2b139bd8345a30796ae626a121ff0258866dd,False,运行缓存/审计临时目录
专利/刘智远专利/三项发明专利/专利A_角钢高斯泼溅与激光雷达联合反演/03_算法与软件/anglegs/__pycache__/confidence.cpython-314.pyc,6743,6e5bab3619183b169f316cf4cfedeb2730277dbe0dcaf3a33602fbdd2d3735cd,False,运行缓存/审计临时目录
专利/刘智远专利/三项发明专利/专利A_角钢高斯泼溅与激光雷达联合反演/03_算法与软件/anglegs/__pycache__/fused._cam_bwd-254.py314.1.nbc,57376,b5f0faf0ddca92a60afb431d2f21b3e2730248b9ae96ba79190d3506ab215b5a,False,运行缓存/审计临时目录
专利/刘智远专利/三项发明专利/专利A_角钢高斯泼溅与激光雷达联合反演/03_算法与软件/anglegs/__pycache__/fused._cam_bwd-254.py314.nbi,1639,981db25d8935b50983aa3b72db29429a28119aa1e3c224d5074b1750d4213d59,False,运行缓存/审计临时目录
专利/刘智远专利/三项发明专利/专利A_角钢高斯泼溅与激光雷达联合反演/03_算法与软件/anglegs/__pycache__/fused._cam_bwd-376.py314.1.nbc,57376,0892bfdf26d785617a08ec2b2ed1aa27c42a5ff870e62339969322f33864f6a6,False,运行缓存/审计临时目录
专利/刘智远专利/三项发明专利/专利A_角钢高斯泼溅与激光雷达联合反演/03_算法与软件/anglegs/__pycache__/fused._cam_bwd-376.py314.nbi,1639,7edd353b20d689cc12918ed2ef7de8f112c439dd07655150a1f68ef0ebbcc255,False,运行缓存/审计临时目录
专利/刘智远专利/三项发明专利/专利A_角钢高斯泼溅与激光雷达联合反演/03_算法与软件/anglegs/__pycache__/fused._cam_fwd-237.py314.1.nbc,48733,cfc4a063d4dd664f38065ba314dc0f1c52c074c0a5451215bce50ffcfa8ae9c8,False,运行缓存/审计临时目录
专利/刘智远专利/三项发明专利/专利A_角钢高斯泼溅与激光雷达联合反演/03_算法与软件/anglegs/__pycache__/fused._cam_fwd-237.py314.nbi,1635,c0b2487454d7ba0938b230048ac3782bbd62060e615f64b17e97354df147c4fa,False,运行缓存/审计临时目录
专利/刘智远专利/三项发明专利/专利A_角钢高斯泼溅与激光雷达联合反演/03_算法与软件/anglegs/__pycache__/fused._cam_fwd-359.py314.1.nbc,48733,b583659c726c65ab8b7c321b02763945edfffb947769504192a1933074e035a8,False,运行缓存/审计临时目录
专利/刘智远专利/三项发明专利/专利A_角钢高斯泼溅与激光雷达联合反演/03_算法与软件/anglegs/__pycache__/fused._cam_fwd-359.py314.nbi,1635,7cbcc77e6b92cf1300f5fe6c14244a822a99544acf4cb4035f42c5a70dad32e1,False,运行缓存/审计临时目录
专利/刘智远专利/三项发明专利/专利A_角钢高斯泼溅与激光雷达联合反演/03_算法与软件/anglegs/__pycache__/fused._free_bwd-415.py314.1.nbc,44683,64dc7338f6acaa95e78626a5ff1d7ca264c0d7590f2394429bc6a6dc7f52be27,False,运行缓存/审计临时目录
专利/刘智远专利/三项发明专利/专利A_角钢高斯泼溅与激光雷达联合反演/03_算法与软件/anglegs/__pycache__/fused._free_bwd-415.py314.nbi,1632,b752cc2b8413bc8c82094e85e18826b22905df6c24d84b5ecde2ab2602cb4ef1,False,运行缓存/审计临时目录
专利/刘智远专利/三项发明专利/专利A_角钢高斯泼溅与激光雷达联合反演/03_算法与软件/anglegs/__pycache__/fused._free_bwd-418.py314.1.nbc,44683,25b9de2fbc0fde013ffbc5c01ad3e5bcb619ae2558da54e30876bde19388ba4b,False,运行缓存/审计临时目录
专利/刘智远专利/三项发明专利/专利A_角钢高斯泼溅与激光雷达联合反演/03_算法与软件/anglegs/__pycache__/fused._free_bwd-418.py314.nbi,1632,daadbbb82aac4bd859a33838d625536b698ecd9693effeb8e8f177cd67e9a02c,False,运行缓存/审计临时目录
专利/刘智远专利/三项发明专利/专利A_角钢高斯泼溅与激光雷达联合反演/03_算法与软件/anglegs/__pycache__/fused._free_bwd-537.py314.1.nbc,44693,1d5de113ae1080a936c37c79a421bcc2bd4a0ee66aebc0debd2a36f383254c2b,False,运行缓存/审计临时目录
专利/刘智远专利/三项发明专利/专利A_角钢高斯泼溅与激光雷达联合反演/03_算法与软件/anglegs/__pycache__/fused._free_bwd-537.py314.nbi,1632,5ce4111fb06c8e8ada4e0c5addc328f68d5e329330d1bd1d01a669d7349a562f,False,运行缓存/审计临时目录
专利/刘智远专利/三项发明专利/专利A_角钢高斯泼溅与激光雷达联合反演/03_算法与软件/anglegs/__pycache__/fused._free_fwd-401.py314.1.nbc,37605,b324217aeca7260fbcdc893c39080cb5a1b08ee68b9aaa1f89879523a1e4a28c,False,运行缓存/审计临时目录
专利/刘智远专利/三项发明专利/专利A_角钢高斯泼溅与激光雷达联合反演/03_算法与软件/anglegs/__pycache__/fused._free_fwd-401.py314.nbi,1630,2f87dd802f84f2803b7d17141c69cc64075b30acf744e827973a511516db9363,False,运行缓存/审计临时目录
专利/刘智远专利/三项发明专利/专利A_角钢高斯泼溅与激光雷达联合反演/03_算法与软件/anglegs/__pycache__/fused._free_fwd-404.py314.1.nbc,37605,00be861834c73082f2a29b80f4dc6c129d39680dcba697384aca5966fbf026ce,False,运行缓存/审计临时目录
专利/刘智远专利/三项发明专利/专利A_角钢高斯泼溅与激光雷达联合反演/03_算法与软件/anglegs/__pycache__/fused._free_fwd-404.py314.nbi,1630,dabfb12220dfe2cb74d9244ee2f99fe3d919bd5e0309bfbf11a4c53adca51bdd,False,运行缓存/审计临时目录
专利/刘智远专利/三项发明专利/专利A_角钢高斯泼溅与激光雷达联合反演/03_算法与软件/anglegs/__pycache__/fused._free_fwd-523.py314.1.nbc,37607,848f657050de2863186a48a6538bb3196a9407dafa64d6b9fd6665694bfbd282,False,运行缓存/审计临时目录
专利/刘智远专利/三项发明专利/专利A_角钢高斯泼溅与激光雷达联合反演/03_算法与软件/anglegs/__pycache__/fused._free_fwd-523.py314.nbi,1630,1dc6026e2c7328e83df7b04b6550191dcad6f869889a3b777b88de0efaf71731,False,运行缓存/审计临时目录
专利/刘智远专利/三项发明专利/专利A_角钢高斯泼溅与激光雷达联合反演/03_算法与软件/anglegs/__pycache__/fused._resp_bwd-190.py314.1.nbc,108576,3967c091e7877114d059fdf4e417d8375cb932e85b02ca952a422f7913f9d6ee,False,运行缓存/审计临时目录
专利/刘智远专利/三项发明专利/专利A_角钢高斯泼溅与激光雷达联合反演/03_算法与软件/anglegs/__pycache__/fused._resp_bwd-190.py314.nbi,1828,03677ece633d11e1519fad80ead00cede14321e0fec3210a9b5bf3179ecac482,False,运行缓存/审计临时目录
专利/刘智远专利/三项发明专利/专利A_角钢高斯泼溅与激光雷达联合反演/03_算法与软件/anglegs/__pycache__/fused._resp_bwd-68.py314.1.nbc,108524,dffc38d973799be3347f1b021f9765916959eb7a61e75cde07cc0fd30aed4f9c,False,运行缓存/审计临时目录
专利/刘智远专利/三项发明专利/专利A_角钢高斯泼溅与激光雷达联合反演/03_算法与软件/anglegs/__pycache__/fused._resp_bwd-68.py314.nbi,1827,5757e15252a4f0637dcb63720400633ff276463a094d3b02badbcbe6af4b9551,False,运行缓存/审计临时目录
专利/刘智远专利/三项发明专利/专利A_角钢高斯泼溅与激光雷达联合反演/03_算法与软件/anglegs/__pycache__/fused._resp_fwd-143.py314.1.nbc,82140,ac162dcab70eb36c666cfb7f81c0f818c74407e4c38fa151933c62bb6b60103d,False,运行缓存/审计临时目录
专利/刘智远专利/三项发明专利/专利A_角钢高斯泼溅与激光雷达联合反演/03_算法与软件/anglegs/__pycache__/fused._resp_fwd-143.py314.nbi,1756,0342d98ec6f3251061966b9178fdd1e335136ad91e6be07d4c0fd5cc30b1150b,False,运行缓存/审计临时目录
专利/刘智远专利/三项发明专利/专利A_角钢高斯泼溅与激光雷达联合反演/03_算法与软件/anglegs/__pycache__/fused._resp_fwd-21.py314.1.nbc,82079,25d30f6e095bed1bbc262e96228465e325cfd811ab0a9f6f5dcc5e3a32abe223,False,运行缓存/审计临时目录
专利/刘智远专利/三项发明专利/专利A_角钢高斯泼溅与激光雷达联合反演/03_算法与软件/anglegs/__pycache__/fused._resp_fwd-21.py314.nbi,1755,cc6c35b931e91294d8a4e53098ae328f37ceb4d5c2e70ddafde6960e6549a973,False,运行缓存/审计临时目录
专利/刘智远专利/三项发明专利/专利A_角钢高斯泼溅与激光雷达联合反演/03_算法与软件/anglegs/__pycache__/fused._ret_bwd-337.py314.1.nbc,54103,ff8281428f49e53b41cbb2e8b7dbb4bf4cca9fafddf257d2527108c290c23a26,False,运行缓存/审计临时目录
专利/刘智远专利/三项发明专利/专利A_角钢高斯泼溅与激光雷达联合反演/03_算法与软件/anglegs/__pycache__/fused._ret_bwd-337.py314.nbi,1641,848e68512951cb3f8e67fd8b0ac712a3c4fbacb3ffcc310ca4202df0c0224024,False,运行缓存/审计临时目录
专利/刘智远专利/三项发明专利/专利A_角钢高斯泼溅与激光雷达联合反演/03_算法与软件/anglegs/__pycache__/fused._ret_bwd-340.py314.1.nbc,54103,1cebdfc5d6047c059d43f03b9d87049c5ec099ef706af065ef7f2ed9a999a0c2,False,运行缓存/审计临时目录
专利/刘智远专利/三项发明专利/专利A_角钢高斯泼溅与激光雷达联合反演/03_算法与软件/anglegs/__pycache__/fused._ret_bwd-340.py314.nbi,1641,10ba32ba71081e5b240390ab4e4e447ae2b2afaaf7261da88852c20be34dd4da,False,运行缓存/审计临时目录
专利/刘智远专利/三项发明专利/专利A_角钢高斯泼溅与激光雷达联合反演/03_算法与软件/anglegs/__pycache__/fused._ret_bwd-459.py314.1.nbc,54122,14596c823aa466431a417705290072837dfa2e8edeca1d79c3f109d4c8d750ed,False,运行缓存/审计临时目录
专利/刘智远专利/三项发明专利/专利A_角钢高斯泼溅与激光雷达联合反演/03_算法与软件/anglegs/__pycache__/fused._ret_bwd-459.py314.nbi,1641,8f00069b891566cb6a7c264b736837947614977f14906577203f03c0bf2bc13f,False,运行缓存/审计临时目录
专利/刘智远专利/三项发明专利/专利A_角钢高斯泼溅与激光雷达联合反演/03_算法与软件/anglegs/__pycache__/fused._ret_fwd-322.py314.1.nbc,44596,3fb30f1e991c3ee447c52649c75304aa980a3004b6edf1142e735b8730d9745b,False,运行缓存/审计临时目录
专利/刘智远专利/三项发明专利/专利A_角钢高斯泼溅与激光雷达联合反演/03_算法与软件/anglegs/__pycache__/fused._ret_fwd-322.py314.nbi,1637,2561cd7a44b498e08184fe2b345a92ab97f08938a6615911865bee21681becac,False,运行缓存/审计临时目录
专利/刘智远专利/三项发明专利/专利A_角钢高斯泼溅与激光雷达联合反演/03_算法与软件/anglegs/__pycache__/fused._ret_fwd-325.py314.1.nbc,44596,739bb6ee1a264612a2341f97a958a5b973dac9adfa05e57a9ed85a7e1d16cda0,False,运行缓存/审计临时目录
专利/刘智远专利/三项发明专利/专利A_角钢高斯泼溅与激光雷达联合反演/03_算法与软件/anglegs/__pycache__/fused._ret_fwd-325.py314.nbi,1637,b7d6b9817328ae8d7700b13ef1d2fa703da77b8abf7f495a2552a08de5989dff,False,运行缓存/审计临时目录
专利/刘智远专利/三项发明专利/专利A_角钢高斯泼溅与激光雷达联合反演/03_算法与软件/anglegs/__pycache__/fused._ret_fwd-444.py314.1.nbc,44596,231900d51cc1f7b0e87bbd3afb11ee866bf1c0a9d3487a3bb090c46c4637cc4f,False,运行缓存/审计临时目录
专利/刘智远专利/三项发明专利/专利A_角钢高斯泼溅与激光雷达联合反演/03_算法与软件/anglegs/__pycache__/fused._ret_fwd-444.py314.nbi,1637,992644890e56db36875a5f4421f78cda9df3efcca84b29d24c28eb9513d2d149,False,运行缓存/审计临时目录
专利/刘智远专利/三项发明专利/专利A_角钢高斯泼溅与激光雷达联合反演/03_算法与软件/anglegs/__pycache__/fused.cpython-314.pyc,49599,f82d018a02b8d53d18335974d8c7345a68718437a636ed633bd184fa091c87bc,False,运行缓存/审计临时目录
专利/刘智远专利/三项发明专利/专利A_角钢高斯泼溅与激光雷达联合反演/03_算法与软件/anglegs/__pycache__/fused.hyp_eval-62.py314.1.nbc,155512,3941372c6ab6e938ef67dccf464622238508a40a5a2cf7da8f08db96f759f020,False,运行缓存/审计临时目录
专利/刘智远专利/三项发明专利/专利A_角钢高斯泼溅与激光雷达联合反演/03_算法与软件/anglegs/__pycache__/fused.hyp_eval-62.py314.nbi,1818,2a4a32147f3ec0e1c5d69422be08322d427b3ff6e45ad2ef3b4ebf558428c42f,False,运行缓存/审计临时目录
专利/刘智远专利/三项发明专利/专利A_角钢高斯泼溅与激光雷达联合反演/03_算法与软件/anglegs/__pycache__/hypothesis.cpython-314.pyc,20222,c37c55bd59881eedea7614ff4562dc1a9808a2aa1aaa89da534e5d731d33aa8b,False,运行缓存/审计临时目录
专利/刘智远专利/三项发明专利/专利A_角钢高斯泼溅与激光雷达联合反演/03_算法与软件/anglegs/__pycache__/metrics.cpython-314.pyc,15315,c9bc910af4a1b1c2f9b40acbf3bcc442cdcd372f63c961351134c8000e48b837,False,运行缓存/审计临时目录
专利/刘智远专利/三项发明专利/专利A_角钢高斯泼溅与激光雷达联合反演/03_算法与软件/anglegs/__pycache__/optimize.cpython-314.pyc,42655,b38620e6d4528a9da33b31b247f6e76b2ddcc797c2408b5c60a3c04ab00115df,False,运行缓存/审计临时目录
专利/刘智远专利/三项发明专利/专利A_角钢高斯泼溅与激光雷达联合反演/03_算法与软件/anglegs/__pycache__/pipeline.cpython-314.pyc,33842,0ec52a0e1f3ad159ee67b487e95c29679425255eb2df9bdef664fdd1fc8c5287,False,运行缓存/审计临时目录
专利/刘智远专利/三项发明专利/专利A_角钢高斯泼溅与激光雷达联合反演/03_算法与软件/anglegs/__pycache__/raycast._fill_grid-16.py314.1.nbc,75062,e26379ae80183cc75a62094a3fb3b7e43882e3e6463c323d3f39de5f29eea2ae,False,运行缓存/审计临时目录
专利/刘智远专利/三项发明专利/专利A_角钢高斯泼溅与激光雷达联合反演/03_算法与软件/anglegs/__pycache__/raycast._fill_grid-16.py314.nbi,1574,966b86a3afa51253b0ff6666da874e9980af279e59d03b6122e298de84c01d81,False,运行缓存/审计临时目录
专利/刘智远专利/三项发明专利/专利A_角钢高斯泼溅与激光雷达联合反演/03_算法与软件/anglegs/__pycache__/raycast._pairs-40.py314.1.nbc,125778,d159328d6c10d3cf362e94541e4e1e12030e39147d4770d78d12071405def43f,False,运行缓存/审计临时目录
专利/刘智远专利/三项发明专利/专利A_角钢高斯泼溅与激光雷达联合反演/03_算法与软件/anglegs/__pycache__/raycast._pairs-40.py314.nbi,1768,338177b9bc592d959f9ac631838af792493b84048416ba4db1c4096c060188d7,False,运行缓存/审计临时目录
专利/刘智远专利/三项发明专利/专利A_角钢高斯泼溅与激光雷达联合反演/03_算法与软件/anglegs/__pycache__/raycast.cpython-314.pyc,16377,6887875ca22a347870afc5fe7476ef48ee472f973454abaa7686148ded8b45fb,False,运行缓存/审计临时目录
专利/刘智远专利/三项发明专利/专利A_角钢高斯泼溅与激光雷达联合反演/03_算法与软件/anglegs/__pycache__/render.cpython-314.pyc,10350,608cd452204feb0960907b0e7172530c536a2a373b66a71db234398e39c7bd71,False,运行缓存/审计临时目录
专利/刘智远专利/三项发明专利/专利A_角钢高斯泼溅与激光雷达联合反演/03_算法与软件/anglegs/__pycache__/surfels.cpython-314.pyc,15081,9a9a9b28379d49977a29801eaaecb3fc4c9ccd28591389248dd0108946016421,False,运行缓存/审计临时目录
专利/刘智远专利/三项发明专利/专利A_角钢高斯泼溅与激光雷达联合反演/03_算法与软件/anglegs/__pycache__/synth.cpython-314.pyc,46342,f06e896d1b560b66936e607c6f04ad08b6171ccc1a11db59fcffd071cf81ab80,False,运行缓存/审计临时目录
专利/刘智远专利/三项发明专利/专利A_角钢高斯泼溅与激光雷达联合反演/03_算法与软件/anglegs/__pycache__/topology.cpython-314.pyc,6446,21df0458d326c29b6e85286d4a0902290e0f9b79aec733188196c6456d71f2bc,False,运行缓存/审计临时目录
专利/刘智远专利/三项发明专利/专利A_角钢高斯泼溅与激光雷达联合反演/03_算法与软件/anglegs/_paths.py,691,8df17d705337984e45e3f49cbb03777dadddcb3a2afa95dfc1161366e7447fa6,True,
专利/刘智远专利/三项发明专利/专利A_角钢高斯泼溅与激光雷达联合反演/03_算法与软件/anglegs/adops.py,1034,5c63196381dc3cd24931398158bd09bda9566918c71fb1c5ddf17b442b5697c2,True,
专利/刘智远专利/三项发明专利/专利A_角钢高斯泼溅与激光雷达联合反演/03_算法与软件/anglegs/baseline.py,3132,4d189135a5c7b8728b70f8acc37e04748c8bb86f86f2041073c7757ef9dbca39,True,
专利/刘智远专利/三项发明专利/专利A_角钢高斯泼溅与激光雷达联合反演/03_算法与软件/anglegs/cli.py,2481,6f03807c72f69a0f4fce88c6a4aafa42cd1c2171dc7183be29544fb0f4f39543,True,
专利/刘智远专利/三项发明专利/专利A_角钢高斯泼溅与激光雷达联合反演/03_算法与软件/anglegs/confidence.py,2647,1554e07529e3e8bd99726b07ce4dc168d5a8ffa98c20588baefe0cd0d4138130,True,
专利/刘智远专利/三项发明专利/专利A_角钢高斯泼溅与激光雷达联合反演/03_算法与软件/anglegs/fused.py,24073,904f3be6813e6d1327f17d0e141404b1fe002bb37fe6becc2f1d23ca9d0fe406,True,
专利/刘智远专利/三项发明专利/专利A_角钢高斯泼溅与激光雷达联合反演/03_算法与软件/anglegs/hypothesis.py,9872,eba4825b6a999eeab6202ac6b09cabf8d4d02fd1a735095ca97d8f351b8bf894,True,
专利/刘智远专利/三项发明专利/专利A_角钢高斯泼溅与激光雷达联合反演/03_算法与软件/anglegs/metrics.py,6285,49c0e64af990d7827625309e43f436ab0acc74424dd8fd5939d3ebbc7072a9be,True,
专利/刘智远专利/三项发明专利/专利A_角钢高斯泼溅与激光雷达联合反演/03_算法与软件/anglegs/optimize.py,21293,04bc6a115015f30fb50990d0c8e115e0a985167580c99316da5a653b0dd302ec,True,
专利/刘智远专利/三项发明专利/专利A_角钢高斯泼溅与激光雷达联合反演/03_算法与软件/anglegs/params.py,7112,d4f99983ac106dcacc2d2d7ac9a75cc28ad7fa4a38b0c042a951a6a976ef1211,True,
专利/刘智远专利/三项发明专利/专利A_角钢高斯泼溅与激光雷达联合反演/03_算法与软件/anglegs/pipeline.py,15450,e63fce1b7551343ca98dcdec06f6fa7d4bb243370600e1f19445a3622a09b01a,True,
专利/刘智远专利/三项发明专利/专利A_角钢高斯泼溅与激光雷达联合反演/03_算法与软件/anglegs/raycast.py,9071,1c1284aab6217f56b2779af0c4aa2f20fd052932592b3b705040c0cc64eb6689,True,
专利/刘智远专利/三项发明专利/专利A_角钢高斯泼溅与激光雷达联合反演/03_算法与软件/anglegs/render.py,5244,2b8767769475598afc0ce88a564a3acc747a5980db1b61964d2a0e255a7eb23d,True,
专利/刘智远专利/三项发明专利/专利A_角钢高斯泼溅与激光雷达联合反演/03_算法与软件/anglegs/surfels.py,7573,03f40d1e06f3048c547137bd97191e179a28cb4bb7a2c7b3bf4f7c55ce6af44b,True,
专利/刘智远专利/三项发明专利/专利A_角钢高斯泼溅与激光雷达联合反演/03_算法与软件/anglegs/synth.py,22290,2c0a51cabd943e4ba72e8c42a5dc45ea2620eb35dc8075f0789e5980abbbf358,True,
专利/刘智远专利/三项发明专利/专利A_角钢高斯泼溅与激光雷达联合反演/03_算法与软件/anglegs/topology.py,3322,dfd981cde60244886b766dcc5a6b558eb140394fa60eca2d4987dd1af2c41270,True,
专利/刘智远专利/三项发明专利/专利A_角钢高斯泼溅与激光雷达联合反演/03_算法与软件/tests/__pycache__/test_anglegs.cpython-314-pytest-9.1.1.pyc,39146,88913296d90a09b5df7ee8cb5a7cac5641e06318305c3bf3f235d71e8ddfef46,False,运行缓存/审计临时目录
专利/刘智远专利/三项发明专利/专利A_角钢高斯泼溅与激光雷达联合反演/03_算法与软件/tests/test_anglegs.py,7892,4628e3506151860b65cb2f5127c5a4521087382d058fe4a1aa66dac661e6df55,True,
专利/刘智远专利/三项发明专利/专利A_角钢高斯泼溅与激光雷达联合反演/04_仿真验证/数据/_figdata_main.pkl,682662,5b3651acc4f39260d5c80ea4f8a8173519ded7f1da791d08463508a216b7c6c7,True,
专利/刘智远专利/三项发明专利/专利A_角钢高斯泼溅与激光雷达联合反演/04_仿真验证/数据/_stdout_abl1.txt,4928,5194ec4f20f13a24cc9fcacb4a7adbb9e7dd3b91b40ee413ec75e036c6df6c0a,True,
专利/刘智远专利/三项发明专利/专利A_角钢高斯泼溅与激光雷达联合反演/04_仿真验证/数据/_stdout_abl1b.txt,5768,3cd89d47caac2b5ff6977bd98a5172a4bdadbcc57854ac40078e266d08191de1,True,
专利/刘智远专利/三项发明专利/专利A_角钢高斯泼溅与激光雷达联合反演/04_仿真验证/数据/_stdout_abl2.txt,5598,1b8593d3ff8f5440f52ec07dcb35d9b7ce1745c45ebde8afca8565bb8433c532,True,
专利/刘智远专利/三项发明专利/专利A_角钢高斯泼溅与激光雷达联合反演/04_仿真验证/数据/_stdout_abl2b.txt,5842,15f8932eb999db8507d3612b9a3eb0939e0b76ea0d0c646f45072bd97077069d,True,
专利/刘智远专利/三项发明专利/专利A_角钢高斯泼溅与激光雷达联合反演/04_仿真验证/数据/_stdout_abl3.txt,5356,c19dcbbb1fc934daf5eb2a61451d833d5459c4ddd6188e3edd7880877db7a9dc,True,
专利/刘智远专利/三项发明专利/专利A_角钢高斯泼溅与激光雷达联合反演/04_仿真验证/数据/_stdout_abl4.txt,4524,5a268be62662216d5711d14dd4f67eb8ed6f9f79f6e8c8c093135fecb4995322,True,
专利/刘智远专利/三项发明专利/专利A_角钢高斯泼溅与激光雷达联合反演/04_仿真验证/数据/_stdout_main.txt,5042,545ea97945274a95ae2f53f94dbd20eed3a06d781f5a38c4006e5428be1af71d,True,
专利/刘智远专利/三项发明专利/专利A_角钢高斯泼溅与激光雷达联合反演/04_仿真验证/数据/_stdout_seed2.txt,4106,4ba779e4b878611a51c503f1b461f2438a4f9efaaaacb82a21812feb40fdbe19,True,
专利/刘智远专利/三项发明专利/专利A_角钢高斯泼溅与激光雷达联合反演/04_仿真验证/数据/_stdout_seed3.txt,4138,c069009206e8d35ac60bcd2c30f1440e385bdca1ab2d0dcdc13c013daf6ef07c,True,
专利/刘智远专利/三项发明专利/专利A_角钢高斯泼溅与激光雷达联合反演/04_仿真验证/数据/_stdout_seed4.txt,4080,26c92abffc7c5cea915d63e436c250c1ae3aa7d198dfe64cfce5b4cf43b8d34d,True,
专利/刘智远专利/三项发明专利/专利A_角钢高斯泼溅与激光雷达联合反演/04_仿真验证/数据/_stdout_sens_d0.025.txt,3162,412f3158ff7610bcf7fd5c9a6088321b2c95a3d46f6e53f08ca2a690cfd93237,True,
专利/刘智远专利/三项发明专利/专利A_角钢高斯泼溅与激光雷达联合反演/04_仿真验证/数据/_stdout_sens_d0.1.txt,3120,ea63589a38457cd8907dee939d68f17fe1a5962597f61aeab593d5081006756e,True,
专利/刘智远专利/三项发明专利/专利A_角钢高斯泼溅与激光雷达联合反演/04_仿真验证/数据/_stdout_sens_r40.txt,3140,fbc24f3051baa800d8fe7e85d749324bd3df4cc1d2f69c030e74a1fe89215bc7,True,
专利/刘智远专利/三项发明专利/专利A_角钢高斯泼溅与激光雷达联合反演/04_仿真验证/数据/_v1_无朝向门控/_figdata_main.pkl,682662,d8760de7997beef1f2b90c2b4c996d8a6048fe4377f6aa1e2d6df06e202116f0,True,
专利/刘智远专利/三项发明专利/专利A_角钢高斯泼溅与激光雷达联合反演/04_仿真验证/数据/_v1_无朝向门控/_stdout_abl1.txt,13088,a2335aed4ab36e56f8bcf3ce9fcf33da0496ebc96ab62434015933b1f0b610ce,True,
专利/刘智远专利/三项发明专利/专利A_角钢高斯泼溅与激光雷达联合反演/04_仿真验证/数据/_v1_无朝向门控/_stdout_abl2.txt,10306,be487b7da3300e252242b44d66805fc5ab885500a7b4e3d9469d3493bc47cbed,True,
专利/刘智远专利/三项发明专利/专利A_角钢高斯泼溅与激光雷达联合反演/04_仿真验证/数据/_v1_无朝向门控/_stdout_main.txt,5266,361ae8ed1fe7a4c0243dc4b885da66f51c6756a254f2533f0ce677bc3dcda5d8,True,
专利/刘智远专利/三项发明专利/专利A_角钢高斯泼溅与激光雷达联合反演/04_仿真验证/数据/_v1_无朝向门控/_stdout_seeds.txt,5836,11eb688942edf0c432b1f92cac85810643fbda46a7c56b2e475bb504bc726d9e,True,
专利/刘智远专利/三项发明专利/专利A_角钢高斯泼溅与激光雷达联合反演/04_仿真验证/数据/_v1_无朝向门控/_stdout_seeds4.txt,4420,0a3a047e8fa176c695c802928fcc68e2e7de9fc1331cbd9cae1f4675239be2f5,True,
专利/刘智远专利/三项发明专利/专利A_角钢高斯泼溅与激光雷达联合反演/04_仿真验证/数据/_v1_无朝向门控/_stdout_sens.txt,5078,9883dc27e082b34fd29e26823cf3fdcfd7f5638692489c92ee3c51939612b5b0,True,
专利/刘智远专利/三项发明专利/专利A_角钢高斯泼溅与激光雷达联合反演/04_仿真验证/数据/_v1_无朝向门控/abl1.json,45698,032f5fd78acefe5d0d8f35ac52afc326ba984005878878891fc00b755d111b63,True,
专利/刘智远专利/三项发明专利/专利A_角钢高斯泼溅与激光雷达联合反演/04_仿真验证/数据/_v1_无朝向门控/abl2.json,27533,435c220acdcf9b95de5d5296f3974b1f5b2063279dfbf88f6d043c62ea0ece43,True,
专利/刘智远专利/三项发明专利/专利A_角钢高斯泼溅与激光雷达联合反演/04_仿真验证/数据/_v1_无朝向门控/analysis_main.json,1227,c17ad3a667e9282d9c5deafc00cb72b672cab152f1bbc08286cdc1104d73ce63,True,
专利/刘智远专利/三项发明专利/专利A_角钢高斯泼溅与激光雷达联合反演/04_仿真验证/数据/_v1_无朝向门控/main.json,14777,b5d6305f5223d725c7dea05369d96f1372afedbef2dc74c6cd37eaafcb6c1708,True,
专利/刘智远专利/三项发明专利/专利A_角钢高斯泼溅与激光雷达联合反演/04_仿真验证/数据/_v1_无朝向门控/run_log_abl1.txt,7942,73c826205a2a34ef353c91fec2053f3d1976fdd11606e5ab7c073f7c629cac47,True,
专利/刘智远专利/三项发明专利/专利A_角钢高斯泼溅与激光雷达联合反演/04_仿真验证/数据/_v1_无朝向门控/run_log_abl2.txt,6215,f252718d46af95a9116193ab507e2252e176ac3e32c1fb746666d3913b04684b,True,
专利/刘智远专利/三项发明专利/专利A_角钢高斯泼溅与激光雷达联合反演/04_仿真验证/数据/_v1_无朝向门控/run_log_main.txt,3137,a72063820d3ba28fabdd87503cd88e2b16b930ae24850e0b29724d1769dc3e5e,True,
专利/刘智远专利/三项发明专利/专利A_角钢高斯泼溅与激光雷达联合反演/04_仿真验证/数据/_v1_无朝向门控/run_log_seeds.txt,3629,d800c03686223be5f1784eaa6c83ecd2e9308b61f1f29a75abc0367464767d99,True,
专利/刘智远专利/三项发明专利/专利A_角钢高斯泼溅与激光雷达联合反演/04_仿真验证/数据/_v1_无朝向门控/run_log_seeds4.txt,2556,19f993dc72b43344aed0087e63e4a96bad969104b55907b477b4bd4a600ce334,True,
专利/刘智远专利/三项发明专利/专利A_角钢高斯泼溅与激光雷达联合反演/04_仿真验证/数据/_v1_无朝向门控/run_log_sens.txt,3103,70efddd6caff784452073ff92867466ecce5d51b5fa4cf23f084226ddb8c4806,True,
专利/刘智远专利/三项发明专利/专利A_角钢高斯泼溅与激光雷达联合反演/04_仿真验证/数据/_v1_无朝向门控/seeds.json,6950,f0bb4e2853ee8fdb046b36f16c882c171452e325f6d55ef2dc06bb4a21439d83,True,
专利/刘智远专利/三项发明专利/专利A_角钢高斯泼溅与激光雷达联合反演/04_仿真验证/数据/_v1_无朝向门控/sens.json,2882,e5564f161c6a981519fe1a98a318f4282547a48375ec091bad94693977e011d7,True,
专利/刘智远专利/三项发明专利/专利A_角钢高斯泼溅与激光雷达联合反演/04_仿真验证/数据/abl1.json,14274,8a172e9a1b4d26b5bf0cb82ebf849fa95c11aa15d52ee51e265d14b645daa365,True,
专利/刘智远专利/三项发明专利/专利A_角钢高斯泼溅与激光雷达联合反演/04_仿真验证/数据/abl1b.json,22808,2d2d9daf9cb026323deacb73c83133a1dbf32f6a1f61e7dae5d332261d3cab31,True,
专利/刘智远专利/三项发明专利/专利A_角钢高斯泼溅与激光雷达联合反演/04_仿真验证/数据/abl2.json,16674,2ef3dcf50074007e4c6a88efc5e7e18f3cc5cd765e0c662e147ebeb8e8c9320b,True,
专利/刘智远专利/三项发明专利/专利A_角钢高斯泼溅与激光雷达联合反演/04_仿真验证/数据/abl2b.json,15755,aec8118a95c09792badacc1f8d2dc21ee23b66765e6583ae70222a47515409ef,True,
专利/刘智远专利/三项发明专利/专利A_角钢高斯泼溅与激光雷达联合反演/04_仿真验证/数据/abl3.json,11847,75e71ba94d8b237f2cf53c10c85f59ae71edfd5edd3ba557787d08fb77aee87a,True,
专利/刘智远专利/三项发明专利/专利A_角钢高斯泼溅与激光雷达联合反演/04_仿真验证/数据/abl4.json,10996,530bb91ecf6261cc8e45813052140d2ad07da94e8c489a9a8145270f2fdbfd34,True,
专利/刘智远专利/三项发明专利/专利A_角钢高斯泼溅与激光雷达联合反演/04_仿真验证/数据/main.json,15102,2b50c297c6a55533c33810e91b7fbde2701affbe1ff439d801068e05580f821d,True,
专利/刘智远专利/三项发明专利/专利A_角钢高斯泼溅与激光雷达联合反演/04_仿真验证/数据/run_log_abl1.txt,3072,042c0f09f744d0b9399e07c9a7ed67a3a88a8f8a4c15f8285dc61e67d716bb2f,True,
专利/刘智远专利/三项发明专利/专利A_角钢高斯泼溅与激光雷达联合反演/04_仿真验证/数据/run_log_abl1b.txt,3517,15ea5e3f31d3f064ac38dd1a8e352fa65e3ce68a41db18da25969e0777e566fc,True,
专利/刘智远专利/三项发明专利/专利A_角钢高斯泼溅与激光雷达联合反演/04_仿真验证/数据/run_log_abl2.txt,3406,d3eb74df9ddf21709f410f1d55f4cd9b5de96d912095b95f20218d790d888836,True,
专利/刘智远专利/三项发明专利/专利A_角钢高斯泼溅与激光雷达联合反演/04_仿真验证/数据/run_log_abl2b.txt,3532,bfa985ccf1c2a6877a06ac80bdbf2a7c79a35d60c979c90fa752e35da4dae6f3,True,
专利/刘智远专利/三项发明专利/专利A_角钢高斯泼溅与激光雷达联合反演/04_仿真验证/数据/run_log_abl3.txt,3232,091c5281f9c829a92c46e1dc14c249b6045f6c6108f1013c632b9a80b06bef19,True,
专利/刘智远专利/三项发明专利/专利A_角钢高斯泼溅与激光雷达联合反演/04_仿真验证/数据/run_log_abl4.txt,3168,4737aaa5c84ca4e48b96bc23a6c9378d6cb817f8730144139c4ee4de052ce6d0,True,
专利/刘智远专利/三项发明专利/专利A_角钢高斯泼溅与激光雷达联合反演/04_仿真验证/数据/run_log_main.txt,3168,62d5f5d38db10915e0882cbe7f71c0c4727190a15165ec55b97dfcdfd8c00722,True,
专利/刘智远专利/三项发明专利/专利A_角钢高斯泼溅与激光雷达联合反演/04_仿真验证/数据/run_log_seed2.txt,2399,036c19f2e20a2751d91e2812173688e33c8d8ca2101e2b7ff3a09419e6f9469f,True,
专利/刘智远专利/三项发明专利/专利A_角钢高斯泼溅与激光雷达联合反演/04_仿真验证/数据/run_log_seed3.txt,2415,7c068e7c645399410418c55ff14c65f607dd82e2d34b2f1f0ccd04c179364b62,True,
专利/刘智远专利/三项发明专利/专利A_角钢高斯泼溅与激光雷达联合反演/04_仿真验证/数据/run_log_seed4.txt,2386,f8d382687e8d55fa77981c79f69c3a5ed34d09f8406f5d2e16fa3a41342072e9,True,
专利/刘智远专利/三项发明专利/专利A_角钢高斯泼溅与激光雷达联合反演/04_仿真验证/数据/run_log_sens_d0.025.txt,1924,cc350e3194dec86628ed2a090b5e64bd95153429deea2c4a64f137ede32e2a0c,True,
专利/刘智远专利/三项发明专利/专利A_角钢高斯泼溅与激光雷达联合反演/04_仿真验证/数据/run_log_sens_d0.1.txt,1903,12907505e0bfcaa02393f63f29679417ffb9a35a4b8e76bc514774197bc960ea,True,
专利/刘智远专利/三项发明专利/专利A_角钢高斯泼溅与激光雷达联合反演/04_仿真验证/数据/run_log_sens_r40.txt,1913,307b9496b3317d7510f2001077048e1847ce174c4c89fb87da80c95a92af2ec6,True,
专利/刘智远专利/三项发明专利/专利A_角钢高斯泼溅与激光雷达联合反演/04_仿真验证/数据/seed_2.json,32905,31a674eda7ccc5bea91e8aad479e357e7fdb9a7539ec7c58038b8ca44cae9021,True,
专利/刘智远专利/三项发明专利/专利A_角钢高斯泼溅与激光雷达联合反演/04_仿真验证/数据/seed_3.json,32962,3a598866177c07c65d348f29f5f15100b0f202912c318990cd8ea30e38ec2d74,True,
专利/刘智远专利/三项发明专利/专利A_角钢高斯泼溅与激光雷达联合反演/04_仿真验证/数据/seed_4.json,32830,1dd749f131a6f4aed13db6f6c1f4de0ecca6d4bf757ce4b9856fbc3409a2970e,True,
专利/刘智远专利/三项发明专利/专利A_角钢高斯泼溅与激光雷达联合反演/04_仿真验证/数据/seeds_4.json,6979,ec6401ecd77d94d0d1cfbc4d2298ba56ff0ba0aee436ff0f86554264aeea4c25,True,
专利/刘智远专利/三项发明专利/专利A_角钢高斯泼溅与激光雷达联合反演/04_仿真验证/数据/sens_d0.025.json,2900,e6342cbfc93a605f887442eea81fa57240bcce16a122400679d0ef26de2ebbe9,True,
专利/刘智远专利/三项发明专利/专利A_角钢高斯泼溅与激光雷达联合反演/04_仿真验证/数据/sens_d0.1.json,2894,20833aa8dd9cc548841bfbfe803dfe1a1bd4a0f3c628c6e9d6d0790b2bb012de,True,
专利/刘智远专利/三项发明专利/专利A_角钢高斯泼溅与激光雷达联合反演/04_仿真验证/数据/sens_r40.json,2904,b9cb31fbd9ba04eec3537881b0ddfa01199d9f6416ee24a8dd52617fd602e9a9,True,
专利/刘智远专利/三项发明专利/专利A_角钢高斯泼溅与激光雷达联合反演/04_仿真验证/脚本/_dev_main.py,1449,501a88b7602f401cb55e9250f1ff4b6d918e30d99e74ccd44c0083c32bc00b5d,True,
专利/刘智远专利/三项发明专利/专利A_角钢高斯泼溅与激光雷达联合反演/04_仿真验证/脚本/_diag.log,9170,a62af71cf3d9dd31f6d11a170a41e2c130f3be274193aa1909b406cb46d7f29f,True,
专利/刘智远专利/三项发明专利/专利A_角钢高斯泼溅与激光雷达联合反演/04_仿真验证/脚本/_diag.pkl,141409,d51d87f58c09076671c9782f7d18f27c7786b4d4512123b3cb013fc0b2fe9810,True,
专利/刘智远专利/三项发明专利/专利A_角钢高斯泼溅与激光雷达联合反演/04_仿真验证/脚本/_diag.py,4436,effeaea6c66b70ec000cc8d2f4fa14d6970fe0debf51345feb048fa13bb750cb,True,
专利/刘智远专利/三项发明专利/专利A_角钢高斯泼溅与激光雷达联合反演/04_仿真验证/脚本/_diag2.log,9136,6b3c7a1adc25b7bd36c8c120d0c60e67a1d3a7cf3125fd0c6c1be382a65836a9,True,
专利/刘智远专利/三项发明专利/专利A_角钢高斯泼溅与激光雷达联合反演/04_仿真验证/脚本/_scan.py,3964,ab98b45a1fd74168a35f8b203aa21ffbb4b0417a942889f79b02e616ab42b189,True,
专利/刘智远专利/三项发明专利/专利A_角钢高斯泼溅与激光雷达联合反演/04_仿真验证/脚本/_smoke.py,3292,40b8e3496223d5f37547d3d7b9a234e1cb851b6f7d3f49ddbbd2ffa7f80e893b,True,
专利/刘智远专利/三项发明专利/专利A_角钢高斯泼溅与激光雷达联合反演/04_仿真验证/脚本/analysis_main.py,5613,64430085ada69811074f8d8b035bd32564de1a18e8bbf32a3a023d136558787e,True,
专利/刘智远专利/三项发明专利/专利A_角钢高斯泼溅与激光雷达联合反演/04_仿真验证/脚本/run_all.py,15234,558fa555585562798e45f97f1c5d3c58f745799375f7cc421289edb5184d702e,True,
专利/刘智远专利/三项发明专利/专利A_角钢高斯泼溅与激光雷达联合反演/05_硬件设计/模型/_proj.json,119625,ab40aaa77bb61afb1ef989399f84675faa920f3d0c45d7cb1373f2f2d10973ff,True,
专利/刘智远专利/三项发明专利/专利A_角钢高斯泼溅与激光雷达联合反演/05_硬件设计/模型/专利A_同步采集载荷.FCStd,63894,04cd62cb6484cc01bd9b8fb230d4079e6fa3ed6280ab99d8abc3dbd700d9bc91,True,
专利/刘智远专利/三项发明专利/专利A_角钢高斯泼溅与激光雷达联合反演/05_硬件设计/模型/专利A_同步采集载荷.step,289176,e95e7d3dc97f968b9c832bff25803f8fb929b40334613b970aca4670a536daf3,True,
专利/刘智远专利/三项发明专利/专利A_角钢高斯泼溅与激光雷达联合反演/05_硬件设计/模型/构建记录.json,11931,cdbfb727b7ecae554825056f4c4a27793e77b24b02e532bbe26671f28240b169,True,
专利/刘智远专利/三项发明专利/专利A_角钢高斯泼溅与激光雷达联合反演/05_硬件设计/硬件设计说明.md,7656,dea03ad34ff13ca53f5007499f495205b593bde082eb6f917f7b5a627c02d9db,True,
专利/刘智远专利/三项发明专利/专利A_角钢高斯泼溅与激光雷达联合反演/05_硬件设计/脚本/build_model.py,13830,86086ce4d86cc3f2a686bf6cc5fee3c96c6ec468b88409e31df47e29013881bf,True,
专利/刘智远专利/三项发明专利/专利A_角钢高斯泼溅与激光雷达联合反演/05_硬件设计/脚本/render_figs.py,22616,49a5c593b66d9d9c90705664edfeb27512c8bf407fd56c7ae31bef7053369176,True,
专利/刘智远专利/三项发明专利/专利A_角钢高斯泼溅与激光雷达联合反演/05_硬件设计/预览/图10_同步时序图.png,45166,9e2a66c5880a4d14a53d7c1eb94a99c63c199d5f09fe0fa124d20df420d653ef,True,
专利/刘智远专利/三项发明专利/专利A_角钢高斯泼溅与激光雷达联合反演/05_硬件设计/预览/图10_同步时序图_标注.png,62504,bfe52d632a686c5d7403a0979b9c0c258fc0d6e6c3aae67baa4b0c0bb8283a1d,True,
专利/刘智远专利/三项发明专利/专利A_角钢高斯泼溅与激光雷达联合反演/05_硬件设计/预览/图1_载荷整体轴测图.png,269730,c0f05f9636437c12a62e9ddc33f88c958ad41c4e607f38ad449c03e126171123,True,
专利/刘智远专利/三项发明专利/专利A_角钢高斯泼溅与激光雷达联合反演/05_硬件设计/预览/图1_载荷整体轴测图_标注.png,316769,910d1267e7c5d2a821e4c59ba80cb6abc46dfbe0e03b108a64b315cdda1311e9,True,
专利/刘智远专利/三项发明专利/专利A_角钢高斯泼溅与激光雷达联合反演/05_硬件设计/预览/图2_载荷爆炸图.png,312451,0f9f95a49a868b6237718f449cce5aea4d66d9f943a38fe42775ddf844e81a6b,True,
专利/刘智远专利/三项发明专利/专利A_角钢高斯泼溅与激光雷达联合反演/05_硬件设计/预览/图2_载荷爆炸图_标注.png,338817,b0e464e56b57ebafdfebf1a999fb08813fc707f3e7ba0968ba65bb0083fd1fd7,True,
专利/刘智远专利/三项发明专利/专利A_角钢高斯泼溅与激光雷达联合反演/05_硬件设计/预览/图3_倾角调节机构剖视图.png,48130,2dc723d6ae69ccccfaa1013677bfc31daff333504abd409d043a298dd2b8c668,True,
专利/刘智远专利/三项发明专利/专利A_角钢高斯泼溅与激光雷达联合反演/05_硬件设计/预览/图3_倾角调节机构剖视图_标注.png,82611,4708b376f1d65ee2eb557940a0a1ed126b6188d27be26c10bebc39fbb6659277,True,
专利/刘智远专利/三项发明专利/专利A_角钢高斯泼溅与激光雷达联合反演/05_硬件设计/预览/图4_载荷三视图.png,134704,f47224e7ad6695516d771f992a9283980352949f5f385d7c4d1c20ddd2e1580b,True,
专利/刘智远专利/三项发明专利/专利A_角钢高斯泼溅与激光雷达联合反演/05_硬件设计/预览/图4_载荷三视图_标注.png,242511,a88e27b36f959873806ecb14d74f919f54a27b9c6cb4ea46a26a0d63e0166a77,True,
专利/刘智远专利/三项发明专利/专利A_角钢高斯泼溅与激光雷达联合反演/05_硬件设计/预览/图5_同步电路框图.png,233156,42ccadd4c2ea72aca0404729bbd7ae3aa657022673fc06971df0c001de7e610c,True,
专利/刘智远专利/三项发明专利/专利A_角钢高斯泼溅与激光雷达联合反演/05_硬件设计/预览/图5_同步电路框图_标注.png,252751,538b972c65746ef6a70f467e1253132a18043abb484980e7cd229e0ff4c2db66,True,
专利/刘智远专利/三项发明专利/专利A_角钢高斯泼溅与激光雷达联合反演/05_硬件设计/预览/图6_系统框图.png,251646,eaefb18e34091dd1e3c5ca23773b060b387e071abd38690fcd7989ad08e3cbb4,True,
专利/刘智远专利/三项发明专利/专利A_角钢高斯泼溅与激光雷达联合反演/05_硬件设计/预览/图6_系统框图_标注.png,281065,0b2d622e97830e7bcfdc0c0a8ecde08f9b8e75d7a086d88a1af455399dd9d740,True,
专利/刘智远专利/三项发明专利/专利A_角钢高斯泼溅与激光雷达联合反演/05_硬件设计/预览/图7_方法流程图.png,322331,fde77622db5e425c7f858a7ec6a493227c8ad9ac228536912ee3198f4f2b6c49,True,
专利/刘智远专利/三项发明专利/专利A_角钢高斯泼溅与激光雷达联合反演/05_硬件设计/预览/图7_方法流程图_标注.png,335599,b7c2a979d72be5ab65869092a9d6a12c178045b8bdb6c4c3cc7b4f4f3f116eb0,True,
专利/刘智远专利/三项发明专利/专利A_角钢高斯泼溅与激光雷达联合反演/05_硬件设计/预览/图8_角钢高斯条带生成示意图.png,276624,f5ecd2b4a8fdbdb140c3c669d6170acbc43d165734c0a0218da9501b37725f1a,True,
专利/刘智远专利/三项发明专利/专利A_角钢高斯泼溅与激光雷达联合反演/05_硬件设计/预览/图8_角钢高斯条带生成示意图_标注.png,288719,5d8a1a89edb571242062d6b720fdbc9f28578ec40ec94189565f1fe9b1e16cf0,True,
专利/刘智远专利/三项发明专利/专利A_角钢高斯泼溅与激光雷达联合反演/05_硬件设计/预览/图9_相机视场与激光扫描面关系示意图.png,150335,b9f2f8142a9b08b7ce3cfbcca93ac28c00a2f7f85c9e975e9ee59cc5c4200712,True,
专利/刘智远专利/三项发明专利/专利A_角钢高斯泼溅与激光雷达联合反演/05_硬件设计/预览/图9_相机视场与激光扫描面关系示意图_标注.png,157393,e0fdf0dcee6faafef8a5b808aa977e3861a2fe806b551deca954ad1eafadd2b0,True,
专利/刘智远专利/三项发明专利/专利A_角钢高斯泼溅与激光雷达联合反演/05_硬件设计/预览/附图标记.json,4986,f91ead940e85be01bba56a47e5381865a03ed27f0335e0f1f1d44a53cb74f66b,True,
专利/刘智远专利/三项发明专利/专利A_角钢高斯泼溅与激光雷达联合反演/06_附图/_旧版命名/无标注版/图10_同步时序图.png,45166,9e2a66c5880a4d14a53d7c1eb94a99c63c199d5f09fe0fa124d20df420d653ef,True,
专利/刘智远专利/三项发明专利/专利A_角钢高斯泼溅与激光雷达联合反演/06_附图/_旧版命名/无标注版/图1_载荷整体轴测图.png,269730,c0f05f9636437c12a62e9ddc33f88c958ad41c4e607f38ad449c03e126171123,True,
专利/刘智远专利/三项发明专利/专利A_角钢高斯泼溅与激光雷达联合反演/06_附图/_旧版命名/无标注版/图2_载荷爆炸图.png,312451,0f9f95a49a868b6237718f449cce5aea4d66d9f943a38fe42775ddf844e81a6b,True,
专利/刘智远专利/三项发明专利/专利A_角钢高斯泼溅与激光雷达联合反演/06_附图/_旧版命名/无标注版/图3_倾角调节机构剖视图.png,48130,2dc723d6ae69ccccfaa1013677bfc31daff333504abd409d043a298dd2b8c668,True,
专利/刘智远专利/三项发明专利/专利A_角钢高斯泼溅与激光雷达联合反演/06_附图/_旧版命名/无标注版/图4_载荷三视图.png,134704,f47224e7ad6695516d771f992a9283980352949f5f385d7c4d1c20ddd2e1580b,True,
专利/刘智远专利/三项发明专利/专利A_角钢高斯泼溅与激光雷达联合反演/06_附图/_旧版命名/无标注版/图5_同步电路框图.png,233156,42ccadd4c2ea72aca0404729bbd7ae3aa657022673fc06971df0c001de7e610c,True,
专利/刘智远专利/三项发明专利/专利A_角钢高斯泼溅与激光雷达联合反演/06_附图/_旧版命名/无标注版/图6_系统框图.png,251646,eaefb18e34091dd1e3c5ca23773b060b387e071abd38690fcd7989ad08e3cbb4,True,
专利/刘智远专利/三项发明专利/专利A_角钢高斯泼溅与激光雷达联合反演/06_附图/_旧版命名/无标注版/图7_方法流程图.png,322331,fde77622db5e425c7f858a7ec6a493227c8ad9ac228536912ee3198f4f2b6c49,True,
专利/刘智远专利/三项发明专利/专利A_角钢高斯泼溅与激光雷达联合反演/06_附图/_旧版命名/无标注版/图8_角钢高斯条带生成示意图.png,276624,f5ecd2b4a8fdbdb140c3c669d6170acbc43d165734c0a0218da9501b37725f1a,True,
专利/刘智远专利/三项发明专利/专利A_角钢高斯泼溅与激光雷达联合反演/06_附图/_旧版命名/无标注版/图9_相机视场与激光扫描面关系示意图.png,150335,b9f2f8142a9b08b7ce3cfbcca93ac28c00a2f7f85c9e975e9ee59cc5c4200712,True,
专利/刘智远专利/三项发明专利/专利A_角钢高斯泼溅与激光雷达联合反演/06_附图/_旧版命名/标注版/图10_同步时序图.png,62504,bfe52d632a686c5d7403a0979b9c0c258fc0d6e6c3aae67baa4b0c0bb8283a1d,True,
专利/刘智远专利/三项发明专利/专利A_角钢高斯泼溅与激光雷达联合反演/06_附图/_旧版命名/标注版/图1_载荷整体轴测图.png,316769,910d1267e7c5d2a821e4c59ba80cb6abc46dfbe0e03b108a64b315cdda1311e9,True,
专利/刘智远专利/三项发明专利/专利A_角钢高斯泼溅与激光雷达联合反演/06_附图/_旧版命名/标注版/图2_载荷爆炸图.png,338817,b0e464e56b57ebafdfebf1a999fb08813fc707f3e7ba0968ba65bb0083fd1fd7,True,
专利/刘智远专利/三项发明专利/专利A_角钢高斯泼溅与激光雷达联合反演/06_附图/_旧版命名/标注版/图3_倾角调节机构剖视图.png,82611,4708b376f1d65ee2eb557940a0a1ed126b6188d27be26c10bebc39fbb6659277,True,
专利/刘智远专利/三项发明专利/专利A_角钢高斯泼溅与激光雷达联合反演/06_附图/_旧版命名/标注版/图4_载荷三视图.png,242511,a88e27b36f959873806ecb14d74f919f54a27b9c6cb4ea46a26a0d63e0166a77,True,
专利/刘智远专利/三项发明专利/专利A_角钢高斯泼溅与激光雷达联合反演/06_附图/_旧版命名/标注版/图5_同步电路框图.png,252751,538b972c65746ef6a70f467e1253132a18043abb484980e7cd229e0ff4c2db66,True,
专利/刘智远专利/三项发明专利/专利A_角钢高斯泼溅与激光雷达联合反演/06_附图/_旧版命名/标注版/图6_系统框图.png,281065,0b2d622e97830e7bcfdc0c0a8ecde08f9b8e75d7a086d88a1af455399dd9d740,True,
专利/刘智远专利/三项发明专利/专利A_角钢高斯泼溅与激光雷达联合反演/06_附图/_旧版命名/标注版/图7_方法流程图.png,335599,b7c2a979d72be5ab65869092a9d6a12c178045b8bdb6c4c3cc7b4f4f3f116eb0,True,
专利/刘智远专利/三项发明专利/专利A_角钢高斯泼溅与激光雷达联合反演/06_附图/_旧版命名/标注版/图8_角钢高斯条带生成示意图.png,288719,5d8a1a89edb571242062d6b720fdbc9f28578ec40ec94189565f1fe9b1e16cf0,True,
专利/刘智远专利/三项发明专利/专利A_角钢高斯泼溅与激光雷达联合反演/06_附图/_旧版命名/标注版/图9_相机视场与激光扫描面关系示意图.png,157393,e0fdf0dcee6faafef8a5b808aa977e3861a2fe806b551deca954ad1eafadd2b0,True,
专利/刘智远专利/三项发明专利/专利A_角钢高斯泼溅与激光雷达联合反演/06_附图/_旧版命名/附图标记.json,4986,f91ead940e85be01bba56a47e5381865a03ed27f0335e0f1f1d44a53cb74f66b,True,
专利/刘智远专利/三项发明专利/专利A_角钢高斯泼溅与激光雷达联合反演/06_附图/无标注版/图1.png,322863,16c5d4e317328c24bbc50461745ff4914ef515d0f811649aa66a6709a440a7b3,True,
专利/刘智远专利/三项发明专利/专利A_角钢高斯泼溅与激光雷达联合反演/06_附图/无标注版/图10.png,176288,be06ba183f69413c14350ff49501b94b258910766c87afadf81a9d60978a11f7,True,
专利/刘智远专利/三项发明专利/专利A_角钢高斯泼溅与激光雷达联合反演/06_附图/无标注版/图11.png,42296,3746a015929764c9ee072fc8f969370e55545e34a262b3c79a3e08149f5d30b5,True,
专利/刘智远专利/三项发明专利/专利A_角钢高斯泼溅与激光雷达联合反演/06_附图/无标注版/图12.png,126583,ce6d10acaacdb544d2a4c3e47b16a529ba5115b1793df95f9d45c787c59a26f0,True,
专利/刘智远专利/三项发明专利/专利A_角钢高斯泼溅与激光雷达联合反演/06_附图/无标注版/图2.png,205222,dea1d1dcb42d52a4cad8a6ae5c326e5a730f30c7f37372b77b7fc4b5e2a75256,True,
专利/刘智远专利/三项发明专利/专利A_角钢高斯泼溅与激光雷达联合反演/06_附图/无标注版/图3.png,111274,7d57a0cd4198c5a40d57ae0ac9fd23935a9fb3d5925497b9682e3ede189d6e00,True,
专利/刘智远专利/三项发明专利/专利A_角钢高斯泼溅与激光雷达联合反演/06_附图/无标注版/图4.png,139693,88c2859fbb75ff66eb5a6e166d95f1d6b1f99697cec157deac7da85e562ab5ac,True,
专利/刘智远专利/三项发明专利/专利A_角钢高斯泼溅与激光雷达联合反演/06_附图/无标注版/图5.png,183895,12707dff1a5a1fb208b6bef55798ff132eaaa803f214f37aa200a6feb6b63698,True,
专利/刘智远专利/三项发明专利/专利A_角钢高斯泼溅与激光雷达联合反演/06_附图/无标注版/图6.png,230515,d3fe6075504df5f10fc413197062fe8475fe513247ff64d27cdc7c820c2e2c71,True,
专利/刘智远专利/三项发明专利/专利A_角钢高斯泼溅与激光雷达联合反演/06_附图/无标注版/图7.png,266301,f6e7bc6d3985c6d0ab8a5fd552f3d4f2b9c8485e050ae8f730f91c035861e63f,True,
专利/刘智远专利/三项发明专利/专利A_角钢高斯泼溅与激光雷达联合反演/06_附图/无标注版/图8.png,52855,50dc6cc685ca73ec7fdc9146cdc61635874c626673cd29a6c1577bfe61b13ffa,True,
专利/刘智远专利/三项发明专利/专利A_角钢高斯泼溅与激光雷达联合反演/06_附图/无标注版/图9.png,121479,96d5b7c25f5f60a8cc16bf7f75a303541f0829cc7f7cd32544db64d64933e138,True,
专利/刘智远专利/三项发明专利/专利A_角钢高斯泼溅与激光雷达联合反演/06_附图/标注版/图1.json,49,340aa522bff701d3d3f2905c5a9bc104100225404b32dc83f8cee0d4b1c8aa09,True,
专利/刘智远专利/三项发明专利/专利A_角钢高斯泼溅与激光雷达联合反演/06_附图/标注版/图1.png,332990,06a4e940dc8953f2b4e5bdf0ec5e9a935c981b8b9099ae844548b7fff46ae3f7,True,
专利/刘智远专利/三项发明专利/专利A_角钢高斯泼溅与激光雷达联合反演/06_附图/标注版/图10.json,147,e8f05b82c1faa8133df4a8119a9ab9d7914a99a3de8cf18ff5571c089266207b,True,
专利/刘智远专利/三项发明专利/专利A_角钢高斯泼溅与激光雷达联合反演/06_附图/标注版/图10.png,193044,bb1318a7772c34ac9d7fe8209d78285a1eafb079d5b53927191765394933721c,True,
专利/刘智远专利/三项发明专利/专利A_角钢高斯泼溅与激光雷达联合反演/06_附图/标注版/图11.json,49,b9525d012927e8d598f9258b64f99c5ac93d113a66aeb25a44cfc50ab4eac115,True,
专利/刘智远专利/三项发明专利/专利A_角钢高斯泼溅与激光雷达联合反演/06_附图/标注版/图11.png,50195,e0ca7aad389c42508093482e55645f5fbdaeb0cc91949c4ed3a241b39f03a36e,True,
专利/刘智远专利/三项发明专利/专利A_角钢高斯泼溅与激光雷达联合反演/06_附图/标注版/图12.json,94,4aff81bd845d80b5f1ea49a2025314e5aab21771034cd8bbe48338329e84ae16,True,
专利/刘智远专利/三项发明专利/专利A_角钢高斯泼溅与激光雷达联合反演/06_附图/标注版/图12.png,151115,05575d1a0f0c7f82d920edf8946449c137fcb4067b2e1e01fcce5c16f5d59cbe,True,
专利/刘智远专利/三项发明专利/专利A_角钢高斯泼溅与激光雷达联合反演/06_附图/标注版/图2.json,73,738fe28f4cc50324649926fa8ec0c77522517a8b2153cec8d77537692810c6e0,True,
专利/刘智远专利/三项发明专利/专利A_角钢高斯泼溅与激光雷达联合反演/06_附图/标注版/图2.png,212388,e2c41c66ffd241b5beec33c5b8559372d8ea534c03d8cec1f79b000467858ab9,True,
专利/刘智远专利/三项发明专利/专利A_角钢高斯泼溅与激光雷达联合反演/06_附图/标注版/图3.json,76,3ce91bb5259aab8c0c868e311213f247ea82dccccce8a6852ea287132d94ba6c,True,
专利/刘智远专利/三项发明专利/专利A_角钢高斯泼溅与激光雷达联合反演/06_附图/标注版/图3.png,199245,f30a55a2f785d57d1d93dc8803ec261368cca202ee37995c2ebb6193297f663a,True,
专利/刘智远专利/三项发明专利/专利A_角钢高斯泼溅与激光雷达联合反演/06_附图/标注版/图4.json,70,cbe8682eb786ba298c727900830ebb3d34dfbef0d668a1573e0a346e58c9b941,True,
专利/刘智远专利/三项发明专利/专利A_角钢高斯泼溅与激光雷达联合反演/06_附图/标注版/图4.png,139693,88c2859fbb75ff66eb5a6e166d95f1d6b1f99697cec157deac7da85e562ab5ac,True,
专利/刘智远专利/三项发明专利/专利A_角钢高斯泼溅与激光雷达联合反演/06_附图/标注版/图5.json,186,b10429b8b789fbf3c0c02874802aba1f4b610f91e3977e6025fd999967a7df66,True,
专利/刘智远专利/三项发明专利/专利A_角钢高斯泼溅与激光雷达联合反演/06_附图/标注版/图5.png,209977,75c59d182f47fcc861d8b27c0cb6b1d42fa3f8142b09c34722096cf96a96521b,True,
专利/刘智远专利/三项发明专利/专利A_角钢高斯泼溅与激光雷达联合反演/06_附图/标注版/图6.json,214,e67f2a66e4e65052237fd1c85799f02cea2fddb32408c82064f7cf82f42e8fb5,True,
专利/刘智远专利/三项发明专利/专利A_角钢高斯泼溅与激光雷达联合反演/06_附图/标注版/图6.png,265445,93c1bb28ca52241038e6d197d95dfbe0a967f4e7a793d32c36b8bcf3e31e4ac5,True,
专利/刘智远专利/三项发明专利/专利A_角钢高斯泼溅与激光雷达联合反演/06_附图/标注版/图7.json,199,386bb8205c267817f2f6ba4f6fa2de74c582ebca8651ff9f64987bf034851c1f,True,
专利/刘智远专利/三项发明专利/专利A_角钢高斯泼溅与激光雷达联合反演/06_附图/标注版/图7.png,286906,cb76193549b149542fb02069d244a1a277aec838fa3301455ae845a806c095fb,True,
专利/刘智远专利/三项发明专利/专利A_角钢高斯泼溅与激光雷达联合反演/06_附图/标注版/图8.json,131,b8a3d2a817440ee38c4c50e3bc1e43caa426bf84e04e037a1e9ea455508ac696,True,
专利/刘智远专利/三项发明专利/专利A_角钢高斯泼溅与激光雷达联合反演/06_附图/标注版/图8.png,82324,aa33b3286e54ec98d067799b6cee6fa5dc6f9a6bad6fb6ccb97118a196f38d9c,True,
专利/刘智远专利/三项发明专利/专利A_角钢高斯泼溅与激光雷达联合反演/06_附图/标注版/图9.json,125,ff2292c2e8c17245bd68f119d45a69d58376458e37a217269cc4f238d1e9641b,True,
专利/刘智远专利/三项发明专利/专利A_角钢高斯泼溅与激光雷达联合反演/06_附图/标注版/图9.png,212813,d6462a6e8dd2dc9a521ac14a7f9ef6e6c2a5db83213be04b0f5e9be0090db97e,True,
专利/刘智远专利/三项发明专利/专利A_角钢高斯泼溅与激光雷达联合反演/07_申请文件/权利要求书.docx,41425,da2336902c5c908c8b5490a0c9b91ce5a5f75d183c400228e6d5848a40fc8f16,True,
专利/刘智远专利/三项发明专利/专利A_角钢高斯泼溅与激光雷达联合反演/07_申请文件/权利要求书.md,11752,e7e12bdc12d5b8b5f36a8fccb316aaedabf54ee23a49155c638d3e16e200d649,True,
专利/刘智远专利/三项发明专利/专利A_角钢高斯泼溅与激光雷达联合反演/07_申请文件/说明书.docx,51261,08552ebb039c3eb9174dc352d8174c0831c36c61e6beed70bedb5fb8d25f5959,True,
专利/刘智远专利/三项发明专利/专利A_角钢高斯泼溅与激光雷达联合反演/07_申请文件/说明书.md,29628,adcbabfb99d2dcf3459bbc1ac03d3ce95e0cd87f3792e65432430ec9db2578e5,True,
专利/刘智远专利/三项发明专利/专利A_角钢高斯泼溅与激光雷达联合反演/07_申请文件/说明书摘要.docx,37499,4e80e198af2a02ebd2746a52a35d5ba7060fcc56619da765c5332354dea12538,True,
专利/刘智远专利/三项发明专利/专利A_角钢高斯泼溅与激光雷达联合反演/07_申请文件/说明书摘要.md,1151,68a1c4a08b5707ce9de00287e2bba2fa152089a951e75113a6ce3d98db31680d,True,
专利/刘智远专利/三项发明专利/专利A_角钢高斯泼溅与激光雷达联合反演/08_脚本/make_figs.py,32885,fc36f573b4e5db0d5857cd6a0df9b461f1a36a4b24d61fc11fe2d2a8f1cbe351,True,
专利/刘智远专利/三项发明专利/专利A_角钢高斯泼溅与激光雷达联合反演/08_脚本/md2docx.py,2051,076330ffec507b1d30f9cbe44f7eb8c40735f9dac3c434fc3b28bbc4ee9bbbd5,True,
专利/刘智远专利/三项发明专利/专利A_角钢高斯泼溅与激光雷达联合反演/08_脚本/numerals.json,1306,13b3d0ea6244225043ff6caf10201a1a2ccc3b08eaa1610de26b40611e62f7aa,True,
专利/刘智远专利/三项发明专利/专利A_角钢高斯泼溅与激光雷达联合反演/08_脚本/p1_download_refs.py,5090,0991eb36e80c99d1ec7474d55f7ac09689dd313a6e18e1e06c2a0161b1582a3b,True,
专利/刘智远专利/三项发明专利/专利A_角钢高斯泼溅与激光雷达联合反演/08_脚本/p1_patent_search.py,5948,c423113df2bc2d22a75fec6e4c6bd56170c2762871a45cda11068460d56816bc,True,
专利/刘智远专利/三项发明专利/专利A_角钢高斯泼溅与激光雷达联合反演/08_脚本/p1_pdf_grep.py,1399,8c70419d5be3785bee9e1c52a71c9a1efa6ccd166611fece33bef121c8e31f91,True,
专利/刘智远专利/三项发明专利/专利A_角钢高斯泼溅与激光雷达联合反演/08_脚本/patent_text.js,14407,1fa1ecffbd5ceb14a8f20291ca4c8e41a5a0a34d07d01eddedaf1e94d2f9accb,True,
专利/刘智远专利/三项发明专利/专利B_规范逆向设计与振动贝叶斯标定/01_调研与查新/_检索脚本/__pycache__/download_lit.cpython-314.pyc,8734,59f614919ec2c0148e4cb2545f10f7c67211f07b08083415248b495cd0d9cc38,False,运行缓存/审计临时目录
专利/刘智远专利/三项发明专利/专利B_规范逆向设计与振动贝叶斯标定/01_调研与查新/_检索脚本/__pycache__/run_search.cpython-314.pyc,11093,8bee36d170b1f47139aa34542e9759cd5d559ca352cda9bb60567ff9c5306dc1,False,运行缓存/审计临时目录
专利/刘智远专利/三项发明专利/专利B_规范逆向设计与振动贝叶斯标定/01_调研与查新/_检索脚本/_req_counter.json,477,a6108547e58a803861dd477a7c560978a77027276af64d559b8d25db41a462db,True,
专利/刘智远专利/三项发明专利/专利B_规范逆向设计与振动贝叶斯标定/01_调研与查新/_检索脚本/_txt/L01_AppSci2026_PointCloud2FEM_TransmissionTower.txt,71097,dbc8af3814ec51280841342576fb929dad47104ef34a0bff4974feab8a861fe2,True,
专利/刘智远专利/三项发明专利/专利B_规范逆向设计与振动贝叶斯标定/01_调研与查新/_检索脚本/_txt/L02_AppSci2026_DigitalTwin_SHM_TransmissionTower_BIM_IoT_FEM.txt,79214,c3d952001ea2acd0ef6242f00044774439c58bcc6e99d605a1cb99a640433bcb,True,
专利/刘智远专利/三项发明专利/专利B_规范逆向设计与振动贝叶斯标定/01_调研与查新/_检索脚本/_txt/L03_Buildings2024_CrossBracing_DLT5486_ASCE10_GB50017.txt,43012,26071fa196ae55831810443bdfb57c93fb00d4503037a03bb494196f50c57955,True,
专利/刘智远专利/三项发明专利/专利B_规范逆向设计与振动贝叶斯标定/01_调研与查新/_检索脚本/_txt/L04_Buildings2026_BayesianOMA_Review.txt,137079,bf054e14c26a99c1ba492e322db9b6f31aabb77c2ee057db10e7f4cc648f6501,True,
专利/刘智远专利/三项发明专利/专利B_规范逆向设计与振动贝叶斯标定/01_调研与查新/_检索脚本/_txt/L05_Sensors2020_VibrationAnatomy_TransmissionTower_LimitedSensors.txt,58075,4c6c21532a3112354e8c0dd6c022c78e099f2374a1418e071b4857e0d34c639d,True,
专利/刘智远专利/三项发明专利/专利B_规范逆向设计与振动贝叶斯标定/01_调研与查新/_检索脚本/_txt/L06_AppSci2019_Kriging_ModalFrequencySensor_TowerSettlement.txt,33205,0476de674b780fe65a0885e3d59d7992799aba8309d613711f98d2510fb45564,True,
专利/刘智远专利/三项发明专利/专利B_规范逆向设计与振动贝叶斯标定/01_调研与查新/_检索脚本/_txt/L07_EVACES2025_DigitalTwin_OMA_100mSteelTrussTower.txt,26478,39da6b2f619f0550a1410b7edcf0ceb50eb29f8b23bebedb43de739bfc691f3a,True,
专利/刘智远专利/三项发明专利/专利B_规范逆向设计与振动贝叶斯标定/01_调研与查新/_检索脚本/_txt/L08_Frontiers2015_SensorPlacement_TransmissionTower_Entropy.txt,45371,9d4f1482ef85aa34bb602e4f0ffae8baf41fc37cfce7431780d3e2b3f85a28d0,True,
专利/刘智远专利/三项发明专利/专利B_规范逆向设计与振动贝叶斯标定/01_调研与查新/_检索脚本/_txt/L09_Buildings2026_SensorPlacement_MPA_FIM_TransmissionTower.txt,50192,cde4d3d5f2df4948746b1b565961b23b0abf1348e9c9dbda1fa9d4591e2a761c,True,
专利/刘智远专利/三项发明专利/专利B_规范逆向设计与振动贝叶斯标定/01_调研与查新/_检索脚本/_txt/L10_Buildings2025_MultiObjective_OSP_BayesianModalID_Entropy.txt,53554,36fe4af2b8f7340184a39678ea22d71ee31bddc3c8b28cbad8f4d3d139040d69,True,
专利/刘智远专利/三项发明专利/专利B_规范逆向设计与振动贝叶斯标定/01_调研与查新/_检索脚本/_txt/L11_Sensors2024_GPS_PPS_Sync_WirelessSensors.txt,64410,c1ef9546a5b84142cad0f11788da6bd8bb83758c5834d60db822a5411e160253,True,
专利/刘智远专利/三项发明专利/专利B_规范逆向设计与振动贝叶斯标定/01_调研与查新/_检索脚本/_txt/L12_Sensors2020_Synchronized_HighSensitivity_WirelessAccelerometer.txt,63052,5592343ef3cc13b63310d25792bc1a63d8f292a7c17cdd8a48794f9fbca2dd9d,True,
专利/刘智远专利/三项发明专利/专利B_规范逆向设计与振动贝叶斯标定/01_调研与查新/_检索脚本/_txt/L13_IWSHM2025_Accelerometer_PPS.txt,16835,0e05c30a4e87e1b8a90bd8b7413bf6f31514827754d20144e8726829a677af27,True,
专利/刘智远专利/三项发明专利/专利B_规范逆向设计与振动贝叶斯标定/01_调研与查新/_检索脚本/_txt/L17_Algorithms2026_ISSA_TransmissionTower_SizingOptimization.txt,68089,3f01adfd0e246e2de44aa7cf75e4d3ba36527d6ac3adf7709a7475b412f5d269,True,
专利/刘智远专利/三项发明专利/专利B_规范逆向设计与振动贝叶斯标定/01_调研与查新/_检索脚本/_txt/L18_Designs2023_TrihedralLatticeTower_Optimization_Slenderness.txt,43619,990364f4b1106736b3752a18b78f64b91bc9e976f9a20f99dac8c1d42f5c7b53,True,
专利/刘智远专利/三项发明专利/专利B_规范逆向设计与振动贝叶斯标定/01_调研与查新/_检索脚本/_txt/L20_Epson_M-A352AD10_Datasheet.txt,172360,9c053187a092b4ba1b3e855363dcdf8cb393020b82b933a1905edd3e96c35b6c,True,
专利/刘智远专利/三项发明专利/专利B_规范逆向设计与振动贝叶斯标定/01_调研与查新/_检索脚本/_txt/L21_Kionix_KX134-1211_Specifications.txt,67909,96e32b1428f0d0cbc90a638318bf4a613ea842dc61b49a67b71a77c881e2199d,True,
专利/刘智远专利/三项发明专利/专利B_规范逆向设计与振动贝叶斯标定/01_调研与查新/_检索脚本/_txt/L22_Sensors2026_QMEMS_Accelerometer_SHM_Evaluation.txt,169584,fdbabf173fc3743742770170eb64ae6ed25a6196adb276f719da43563ebffe2c,True,
专利/刘智远专利/三项发明专利/专利B_规范逆向设计与振动贝叶斯标定/01_调研与查新/_检索脚本/_txt/L24_Sustainability2022_LongSpanTower_Aeroelastic_WindTunnel.txt,49509,88478c46e9e13f479a9d108cf6d88d37e696cff8b6d800413777b32a2d2ef5bf,True,
专利/刘智远专利/三项发明专利/专利B_规范逆向设计与振动贝叶斯标定/01_调研与查新/_检索脚本/_txt/L25_RemoteSens2024_GNSS_Accelerometer_Integrated_Sensor.txt,35353,6e1864d4bcc68b0ba42025f304d397eb98294777a79edb8d985888432fbc6533,True,
专利/刘智远专利/三项发明专利/专利B_规范逆向设计与振动贝叶斯标定/01_调研与查新/_检索脚本/_txt/L26_Polimi2025_FEModelUpdating_DigitalTwin_OMA_Thesis.txt,237094,f5434afc70ee44ec0fc9d693d772c1b7219961c4176053b7198c779ac2f37b20,True,
专利/刘智远专利/三项发明专利/专利B_规范逆向设计与振动贝叶斯标定/01_调研与查新/_检索脚本/_txt/L27_Epson_M-A352AD10_BriefSheet.txt,11771,748758e6070349e47b6098e5deb764a61f106a2a250ecf50185189bc9909bd97,True,
专利/刘智远专利/三项发明专利/专利B_规范逆向设计与振动贝叶斯标定/01_调研与查新/_检索脚本/download_lit.py,5989,83dbcaccd2c565a678354e4fe9c8f9a21d545c4b030604ce47af10eba53a7c33,True,
专利/刘智远专利/三项发明专利/专利B_规范逆向设计与振动贝叶斯标定/01_调研与查新/_检索脚本/download_mdpi_alt.py,3263,c1da2990f1f4521fc4adaa188d84d90773aae038a3a86b7878003ac75e611ca4,True,
专利/刘智远专利/三项发明专利/专利B_规范逆向设计与振动贝叶斯标定/01_调研与查新/_检索脚本/probe.py,960,4b7b595e182ced81a24e82137173145c2deeadbcf048691180f19d4f207fa424,True,
专利/刘智远专利/三项发明专利/专利B_规范逆向设计与振动贝叶斯标定/01_调研与查新/_检索脚本/run_search.py,7304,78fcbe73c9090a6d09ff1724e0d185f0680480aa84cd6b09bf45c8540c0ecd19,True,
专利/刘智远专利/三项发明专利/专利B_规范逆向设计与振动贝叶斯标定/01_调研与查新/_检索脚本/search_raw.json,928,fc37ee38c3c9d601c3f6c0b9bcca021afd53848753e46ca4329a844086b67e64,True,
专利/刘智远专利/三项发明专利/专利B_规范逆向设计与振动贝叶斯标定/01_调研与查新/文献/_下载记录.json,6659,34010b74f1cfa7b518cbdfee843ea01e4e080ff3269f0eea6f07012ce3c426ec,True,
专利/刘智远专利/三项发明专利/专利B_规范逆向设计与振动贝叶斯标定/01_调研与查新/文献/L01_AppSci2026_PointCloud2FEM_TransmissionTower.pdf,2316503,95df03f577c427f738bfa73ac40d804518a2c5816763ac497fe059d3f17909de,True,
专利/刘智远专利/三项发明专利/专利B_规范逆向设计与振动贝叶斯标定/01_调研与查新/文献/L02_AppSci2026_DigitalTwin_SHM_TransmissionTower_BIM_IoT_FEM.pdf,4679329,f57739d53cd7b6911db050c84af5e8ab9a3bda8db29343699caeb078876555b8,True,
专利/刘智远专利/三项发明专利/专利B_规范逆向设计与振动贝叶斯标定/01_调研与查新/文献/L03_Buildings2024_CrossBracing_DLT5486_ASCE10_GB50017.pdf,3278502,58c2ade6c262ed090f58b4dc2849cdb36aabb250d19bd8164aecd0aa9c0cf260,True,
专利/刘智远专利/三项发明专利/专利B_规范逆向设计与振动贝叶斯标定/01_调研与查新/文献/L04_Buildings2026_BayesianOMA_Review.pdf,2408929,d2b33f7fb0193d09c4f3b88f5b437d1cc3d0dfd7c4345f2923506f2c01d0c052,True,
专利/刘智远专利/三项发明专利/专利B_规范逆向设计与振动贝叶斯标定/01_调研与查新/文献/L05_Sensors2020_VibrationAnatomy_TransmissionTower_LimitedSensors.pdf,2050970,9562aa555da32fc9f91904030c947dfdb0682811f8d82f6848278a8c18963a2f,True,
专利/刘智远专利/三项发明专利/专利B_规范逆向设计与振动贝叶斯标定/01_调研与查新/文献/L06_AppSci2019_Kriging_ModalFrequencySensor_TowerSettlement.pdf,2634107,02424595b1359d3d196b1df5e14f9c4033d1c057d12f7baa0343fb350f01a47f,True,
专利/刘智远专利/三项发明专利/专利B_规范逆向设计与振动贝叶斯标定/01_调研与查新/文献/L07_EVACES2025_DigitalTwin_OMA_100mSteelTrussTower.pdf,1184309,b1cfcfc3e71c7ca56a1eaa62786c0a7a8c76b0d02bb484fe152fe79565ae3fa6,True,
专利/刘智远专利/三项发明专利/专利B_规范逆向设计与振动贝叶斯标定/01_调研与查新/文献/L08_Frontiers2015_SensorPlacement_TransmissionTower_Entropy.pdf,1213796,66bbea4b735413c9436b5a83279a890a91924cdee87173fc198137443cf0fdc4,True,
专利/刘智远专利/三项发明专利/专利B_规范逆向设计与振动贝叶斯标定/01_调研与查新/文献/L09_Buildings2026_SensorPlacement_MPA_FIM_TransmissionTower.pdf,1803259,85ad412138a8a824d7e0c48a0386c075da9712293d2e756580e56f3a2f60b6bb,True,
专利/刘智远专利/三项发明专利/专利B_规范逆向设计与振动贝叶斯标定/01_调研与查新/文献/L10_Buildings2025_MultiObjective_OSP_BayesianModalID_Entropy.pdf,2621225,c700088e691093284e2b8b284ac7c7ac799393b99abc425545dd4c7a31ef6418,True,
专利/刘智远专利/三项发明专利/专利B_规范逆向设计与振动贝叶斯标定/01_调研与查新/文献/L11_Sensors2024_GPS_PPS_Sync_WirelessSensors.pdf,6919233,2cec7d01cc93949917b6a0ad0f842c6c0c1b9c06d9b42463b7e478b640f689b4,True,
专利/刘智远专利/三项发明专利/专利B_规范逆向设计与振动贝叶斯标定/01_调研与查新/文献/L12_Sensors2020_Synchronized_HighSensitivity_WirelessAccelerometer.pdf,6460969,ada6ea03504ba6d4dcc4abc98499b06c81961c5c4a5d5e1c4b0a73234d7f5ed9,True,
专利/刘智远专利/三项发明专利/专利B_规范逆向设计与振动贝叶斯标定/01_调研与查新/文献/L13_IWSHM2025_Accelerometer_PPS.pdf,6632326,4ae03d52d7cb018bca09011715510d209e47fd8aa47edd3429a2a5dcd47747c7,True,
专利/刘智远专利/三项发明专利/专利B_规范逆向设计与振动贝叶斯标定/01_调研与查新/文献/L17_Algorithms2026_ISSA_TransmissionTower_SizingOptimization.pdf,729402,f9090f99b2fa8af55a678399f431096c8b790d575d8203a1af13ded6e0fb41a2,True,
专利/刘智远专利/三项发明专利/专利B_规范逆向设计与振动贝叶斯标定/01_调研与查新/文献/L18_Designs2023_TrihedralLatticeTower_Optimization_Slenderness.pdf,3710759,aeca7f104de5ba3b4284951bbda7582f00f6d042508476a5195ad31ad2e872e9,True,
专利/刘智远专利/三项发明专利/专利B_规范逆向设计与振动贝叶斯标定/01_调研与查新/文献/L20_Epson_M-A352AD10_Datasheet.pdf,1967594,c2b8e064c63da51a7e738f84bbb6e38ac1fe34b2cc494dad0f095adfdb3d35b7,True,
专利/刘智远专利/三项发明专利/专利B_规范逆向设计与振动贝叶斯标定/01_调研与查新/文献/L21_Kionix_KX134-1211_Specifications.pdf,1274652,76cd760a899053f14b260b1f97bbef2b75b8918bd2f5b4bddfd2cc553c9481ba,True,
专利/刘智远专利/三项发明专利/专利B_规范逆向设计与振动贝叶斯标定/01_调研与查新/文献/L22_Sensors2026_QMEMS_Accelerometer_SHM_Evaluation.pdf,14862797,b81baef017b5aa176349b276782aa629faee7d6036bf3a3cca76eb37057415af,True,
专利/刘智远专利/三项发明专利/专利B_规范逆向设计与振动贝叶斯标定/01_调研与查新/文献/L24_Sustainability2022_LongSpanTower_Aeroelastic_WindTunnel.pdf,886770,0d791d88838071f7ab1f782d042f245c07728c037a66ed5c82f2ee55cd091ef1,True,
专利/刘智远专利/三项发明专利/专利B_规范逆向设计与振动贝叶斯标定/01_调研与查新/文献/L25_RemoteSens2024_GNSS_Accelerometer_Integrated_Sensor.pdf,9049456,fc0430f730b6b449ab18905ca5bd05cb2d4ae3769ea5f43542bd9f140d852f3e,True,
专利/刘智远专利/三项发明专利/专利B_规范逆向设计与振动贝叶斯标定/01_调研与查新/文献/L26_Polimi2025_FEModelUpdating_DigitalTwin_OMA_Thesis.pdf,22701723,2de15de00027adb415a1c0b73c9ca23c24f768aacc98cb20b2edbdb6a3b3c923,True,
专利/刘智远专利/三项发明专利/专利B_规范逆向设计与振动贝叶斯标定/01_调研与查新/文献/L27_Epson_M-A352AD10_BriefSheet.pdf,468100,f685cbd1713d6c2e2d0442202100847f4e48bd2b8585b71ba0c0a7f43b253b82,True,
专利/刘智远专利/三项发明专利/专利B_规范逆向设计与振动贝叶斯标定/01_调研与查新/查新与创新点分析报告.docx,42020,e0f83880d355e104159dab15d194438911c5576569a3ffa241be04855eb41d30,True,
专利/刘智远专利/三项发明专利/专利B_规范逆向设计与振动贝叶斯标定/01_调研与查新/查新与创新点分析报告.md,9715,428f8127214987bfba30c8865028dd4099ae07c3be4c011ecc2045a9f59f1064,True,
专利/刘智远专利/三项发明专利/专利B_规范逆向设计与振动贝叶斯标定/01_调研与查新/检索记录.docx,41064,d0e19b409744cd9788145ea89f6d73da81489e59db667bfb38737df5a263d669,True,
专利/刘智远专利/三项发明专利/专利B_规范逆向设计与振动贝叶斯标定/01_调研与查新/检索记录.md,6878,d9ea06427b973e1251838d45cbcc04afc8fe8b39c0dcf00fd7ea14aaa1b09e46,True,
专利/刘智远专利/三项发明专利/专利B_规范逆向设计与振动贝叶斯标定/02_技术交底书/技术交底书.docx,46823,4e3299a8289c443a00bf8233599e243e826d9ab7859d9fce7ddf74d0bf5068bf,True,
专利/刘智远专利/三项发明专利/专利B_规范逆向设计与振动贝叶斯标定/02_技术交底书/技术交底书.md,18561,c3e3a3ce393c99b20c7ad3097f2c51b45f03e09b53115e61f8dcdfe284f75def,True,
专利/刘智远专利/三项发明专利/专利B_规范逆向设计与振动贝叶斯标定/03_算法与软件/examples/demo_small_result.json,2058,1333b6bd66786f27e0de60909fc077a96c93e48e75d8a65e6f937c4deec94236,True,
专利/刘智远专利/三项发明专利/专利B_规范逆向设计与振动贝叶斯标定/03_算法与软件/examples/demo_small_tower.py,677,65bb8eaf06bdd4b8c302f31159ac57375a85e4afacda12f12a3f96e79284bec0,True,
专利/刘智远专利/三项发明专利/专利B_规范逆向设计与振动贝叶斯标定/03_算法与软件/README.md,4286,806f2d863f072b169082b7ab5ccf6abcc683164e7684f0799e2b0434ebe45c3c,True,
专利/刘智远专利/三项发明专利/专利B_规范逆向设计与振动贝叶斯标定/03_算法与软件/tests/__pycache__/test_towercal.cpython-314-pytest-9.1.1.pyc,41892,8b89d92647aaf7135f509a732dfc42c7c2c2e9f01e414bb2062efbb5b0a78204,False,运行缓存/审计临时目录
专利/刘智远专利/三项发明专利/专利B_规范逆向设计与振动贝叶斯标定/03_算法与软件/tests/test_towercal.py,5927,aeca89c55d7d87d2fd293152c58806a3328543bc0bdbddd08db70340c21e1927,True,
专利/刘智远专利/三项发明专利/专利B_规范逆向设计与振动贝叶斯标定/03_算法与软件/towercal/__init__.py,1229,079bbf03ef0c9112f2dc2fa1a09960dce9edaf639ab2792dc1caabf268349b99,True,
专利/刘智远专利/三项发明专利/专利B_规范逆向设计与振动贝叶斯标定/03_算法与软件/towercal/__pycache__/__init__.cpython-314.pyc,1915,02c0fe9271feb5fd1761ee03d4e82f025eb6e655205cdfb77b17e520aaad346e,False,运行缓存/审计临时目录
专利/刘智远专利/三项发明专利/专利B_规范逆向设计与振动贝叶斯标定/03_算法与软件/towercal/__pycache__/bayes.cpython-314.pyc,24058,1517caccb9ff4ffc205fd54c21313748311446a0bda00734e9b960c76053c3bc,False,运行缓存/审计临时目录
专利/刘智远专利/三项发明专利/专利B_规范逆向设计与振动贝叶斯标定/03_算法与软件/towercal/__pycache__/check.cpython-314.pyc,3969,8b5dc5013ed15df33a78cbe33314331759c93867b72e7e91af1de5dda91c78e0,False,运行缓存/审计临时目录
专利/刘智远专利/三项发明专利/专利B_规范逆向设计与振动贝叶斯标定/03_算法与软件/towercal/__pycache__/design.cpython-314.pyc,21052,12773f630f9de3bdc450bdf7d281608d56c60d9ee0579a77d821e7aa44d755e9,False,运行缓存/审计临时目录
专利/刘智远专利/三项发明专利/专利B_规范逆向设计与振动贝叶斯标定/03_算法与软件/towercal/__pycache__/excitation.cpython-314.pyc,7040,3c5a496af683d57fc45d2d05c2b1bd0b8f19e7bf090786fe5abf217007181c78,False,运行缓存/审计临时目录
专利/刘智远专利/三项发明专利/专利B_规范逆向设计与振动贝叶斯标定/03_算法与软件/towercal/__pycache__/extract.cpython-314.pyc,13073,67b98a1e7116f16bd264d976ee41386c8175f82a050453fe6acf8c8a5a4ffa01,False,运行缓存/审计临时目录
专利/刘智远专利/三项发明专利/专利B_规范逆向设计与振动贝叶斯标定/03_算法与软件/towercal/__pycache__/model.cpython-314.pyc,23663,af75d4888bf0fe088c2439b487efca0bdeddd42363c52b5b9b5dfbd1e7a37cef,False,运行缓存/审计临时目录
专利/刘智远专利/三项发明专利/专利B_规范逆向设计与振动贝叶斯标定/03_算法与软件/towercal/__pycache__/oma.cpython-314.pyc,9177,250e1802a279f473cb72350012fa8ad1821e7e19c6aeaebd66e7b23c636aa848,False,运行缓存/审计临时目录
专利/刘智远专利/三项发明专利/专利B_规范逆向设计与振动贝叶斯标定/03_算法与软件/towercal/__pycache__/pipeline.cpython-314.pyc,6499,225b39c81100acbed23ac2446655bd23ce8ec3d3ea79f1bad73bff148f72c997,False,运行缓存/审计临时目录
专利/刘智远专利/三项发明专利/专利B_规范逆向设计与振动贝叶斯标定/03_算法与软件/towercal/__pycache__/sensors.cpython-314.pyc,7894,e0981b0af660d0e4b34bd0bbd9ff0d6a478d81fa066e89a51ed480ccbc0b2360,False,运行缓存/审计临时目录
专利/刘智远专利/三项发明专利/专利B_规范逆向设计与振动贝叶斯标定/03_算法与软件/towercal/bayes.py,11025,93292347889045e31ee6f4c9dd4f1f471d705b0060b4928697f351791613b9cc,True,
专利/刘智远专利/三项发明专利/专利B_规范逆向设计与振动贝叶斯标定/03_算法与软件/towercal/check.py,1626,f2d5247fe03d71aba8ec1d81753aa9fbc3c02ae05795912b50735a8ac0b4567b,True,
专利/刘智远专利/三项发明专利/专利B_规范逆向设计与振动贝叶斯标定/03_算法与软件/towercal/cli.py,4607,afc8ff84be8aee370aace0afa7952b0de2a72b85588bfc65ce835dd5f27a1bb9,True,
专利/刘智远专利/三项发明专利/专利B_规范逆向设计与振动贝叶斯标定/03_算法与软件/towercal/design.py,11505,da66390a9b4816d2914de624d69bdb03ca8b1853b95543e1416b750414745974,True,
专利/刘智远专利/三项发明专利/专利B_规范逆向设计与振动贝叶斯标定/03_算法与软件/towercal/excitation.py,3837,62eb1506c7cd18464b5c1f3da8347338f696f5d22ade6cd34d3ad73214c88c21,True,
专利/刘智远专利/三项发明专利/专利B_规范逆向设计与振动贝叶斯标定/03_算法与软件/towercal/extract.py,8083,ad804d1ac9136b7583b22e45965c862751df9e1ed45528e17ee808f1a007d79a,True,
专利/刘智远专利/三项发明专利/专利B_规范逆向设计与振动贝叶斯标定/03_算法与软件/towercal/model.py,10168,9c38826e4d652a344398404066f012dff10b1784dba5f689b3461cc5a2b42ac5,True,
专利/刘智远专利/三项发明专利/专利B_规范逆向设计与振动贝叶斯标定/03_算法与软件/towercal/oma.py,3809,a990c566db6c7d36a2bc393e68600bb301ffb4ef53b42d5fb110a622dc39cef0,True,
专利/刘智远专利/三项发明专利/专利B_规范逆向设计与振动贝叶斯标定/03_算法与软件/towercal/pipeline.py,3068,02ce3f49288c919565a574d95951a15f34e75764e1ca47f18bfcd63fcc56c4d5,True,
专利/刘智远专利/三项发明专利/专利B_规范逆向设计与振动贝叶斯标定/03_算法与软件/towercal/sensors.py,3433,6b4f52142b050eb0f9d6b8800573490e66231653e7ba754b5a5478544b6387c5,True,
专利/刘智远专利/三项发明专利/专利B_规范逆向设计与振动贝叶斯标定/04_仿真验证/仿真验证报告.md,7336,344992c9eb21b5a1d99baa6c37b5bf8c866be4ae3cd87429935b7b5afe7f5a14,True,
专利/刘智远专利/三项发明专利/专利B_规范逆向设计与振动贝叶斯标定/04_仿真验证/关键结果摘要.json,4340,15e825445441fe2bf77f66a7204d797c58e0e6cbf4a997d2d1e2f174e7ca4e4d,True,
专利/刘智远专利/三项发明专利/专利B_规范逆向设计与振动贝叶斯标定/04_仿真验证/图/图1_方法对比.png,163307,93314447fbbb85e1355e4428bc6c51d93cb27f44b38477f0196578980aaab5d8,True,
专利/刘智远专利/三项发明专利/专利B_规范逆向设计与振动贝叶斯标定/04_仿真验证/图/图2_测点优化对比.png,74925,50d31525adff17102aaec523caa811dd77f2a9da7746e38678efd0b87b3ed2e6,True,
专利/刘智远专利/三项发明专利/专利B_规范逆向设计与振动贝叶斯标定/04_仿真验证/图/图3_噪声与同步误差敏感性.png,44990,9bdf92bb8bd0d61ed29457285c3afc7ec6d4ffb521c8a47e2140cb7431789afc,True,
专利/刘智远专利/三项发明专利/专利B_规范逆向设计与振动贝叶斯标定/04_仿真验证/数据/run_log.txt,1582,f7f098918a6d8ab99efa8a8d79d965e7c329bef3dcb5dbcd5eb1b4de0d71874e,True,
专利/刘智远专利/三项发明专利/专利B_规范逆向设计与振动贝叶斯标定/04_仿真验证/数据/sim_results.json,157591,659e1603c957ac747bfcfa9d07ee7968925b8ac4f42ba29645d50fd6ab383fa5,True,
专利/刘智远专利/三项发明专利/专利B_规范逆向设计与振动贝叶斯标定/04_仿真验证/脚本/make_figs_summary.py,5147,b60b82a5239f22366239c7ee3eeb88a64b11abb75c1bda31c08f8b43c1a833d9,True,
专利/刘智远专利/三项发明专利/专利B_规范逆向设计与振动贝叶斯标定/04_仿真验证/脚本/run_sim.py,16275,791fd8ce5a79fce5ab616392ed3d9f56dc99b926334210d927da629c5fc582a3,True,
专利/刘智远专利/三项发明专利/专利B_规范逆向设计与振动贝叶斯标定/05_硬件设计/模型/专利B_塔基边缘网关.FCStd,9935,30dc16562a85900b26939c21d7aa9c5e523c4bbc34c5176fb1cedf189583abf0,True,
专利/刘智远专利/三项发明专利/专利B_规范逆向设计与振动贝叶斯标定/05_硬件设计/模型/专利B_塔基边缘网关.step,51574,f28466ecdc32763235bec75c3362d8c51eaa0a1f92399a74e2750b2953125086,True,
专利/刘智远专利/三项发明专利/专利B_规范逆向设计与振动贝叶斯标定/05_硬件设计/模型/专利B_角钢夹持振动节点.FCStd,39172,017db041b5c9530ed84c98e84c25a0020dad24c0578020997e748880f662b2d4,True,
专利/刘智远专利/三项发明专利/专利B_规范逆向设计与振动贝叶斯标定/05_硬件设计/模型/专利B_角钢夹持振动节点.step,240855,c6c375c934bfb68665f5261ee05f093fdf7f87f0215e987efdba7b0f313d1890,True,
专利/刘智远专利/三项发明专利/专利B_规范逆向设计与振动贝叶斯标定/05_硬件设计/模型/专利B_角钢夹持振动节点_含角钢.step,249210,d8fdf860f73a6aa33f8ea0a60487311671873e16714451c791cfdeafd753ca27,True,
专利/刘智远专利/三项发明专利/专利B_规范逆向设计与振动贝叶斯标定/05_硬件设计/模型/构建记录.json,8073,46dff55bc05aab87a81e3d93dfc1cfa8267261190f41f49952c6f13bc9ae979b,True,
专利/刘智远专利/三项发明专利/专利B_规范逆向设计与振动贝叶斯标定/05_硬件设计/硬件设计说明.md,10692,9d54f7f0562e5d7fe9722637e5333daeae367123d61381748d7536ad75bdc7d0,True,
专利/刘智远专利/三项发明专利/专利B_规范逆向设计与振动贝叶斯标定/05_硬件设计/脚本/build_node_fc.py,17297,d03bd31be2fe18b8c32223e7b85e226db7b864b41d11fec5d33d447c0a2427a9,True,
专利/刘智远专利/三项发明专利/专利B_规范逆向设计与振动贝叶斯标定/05_硬件设计/脚本/make_figures.py,18288,c5dd5bc05b5faecc92352d9981189bd3bbe6d4169d4425d8f8f675bc9ba8508a,True,
专利/刘智远专利/三项发明专利/专利B_规范逆向设计与振动贝叶斯标定/05_硬件设计/预览/_proj.json,40611,a2dd9e37881242045518b64b3a6f1b3b1a3338e46d57d9f4e406f6f39d9fe769,True,
专利/刘智远专利/三项发明专利/专利B_规范逆向设计与振动贝叶斯标定/05_硬件设计/预览/图10_塔基边缘网关轴测图.png,43500,eeb42cc85410548d8045259a559a6dfe2dd687e90726bc54bec7db1255df659e,True,
专利/刘智远专利/三项发明专利/专利B_规范逆向设计与振动贝叶斯标定/05_硬件设计/预览/图1_方法流程图.png,21850,3e95fa748efa909ec64c88106fd81429c22caf604abf88127ff2336bcfbca5b5,True,
专利/刘智远专利/三项发明专利/专利B_规范逆向设计与振动贝叶斯标定/05_硬件设计/预览/图2_系统框图.png,31539,40a1c23ecce9ada3fedb9946e000020e02de004e5bd4351a159216101d28ff70,True,
专利/刘智远专利/三项发明专利/专利B_规范逆向设计与振动贝叶斯标定/05_硬件设计/预览/图3_设计输入提取示意图.png,95505,ba2a3288494fdbf2753c7fe6caebec1741ceed98527b296315b2451562649639,True,
专利/刘智远专利/三项发明专利/专利B_规范逆向设计与振动贝叶斯标定/05_硬件设计/预览/图4_节点整体轴测图.png,89468,3b19b731090e77b76d52aa66315cc5380256399ebf7251d896f9efa63776d8cc,True,
专利/刘智远专利/三项发明专利/专利B_规范逆向设计与振动贝叶斯标定/05_硬件设计/预览/图5_节点爆炸图.png,103392,fcf0e3ecadf6fca932da911188855d82053ed1b8b635464012c6c68d03a1cc51,True,
专利/刘智远专利/三项发明专利/专利B_规范逆向设计与振动贝叶斯标定/05_硬件设计/预览/图6_夹持机构剖视图.png,85189,324c75050a4818a0a8be127c748805d21ed0a6b5e549f130f058207360449659,True,
专利/刘智远专利/三项发明专利/专利B_规范逆向设计与振动贝叶斯标定/05_硬件设计/预览/图7_电路与同步框图.png,43204,2cb262e7cd287d2b42b06db96fc0de8a7058274500d4297546f7d407ea105438,True,
专利/刘智远专利/三项发明专利/专利B_规范逆向设计与振动贝叶斯标定/05_硬件设计/预览/图8_测点布置示意图.png,109547,5ce55996cb36a0868194b6d6ac7c79f263a54f329c23d6b60b8414d2cf4eac31,True,
专利/刘智远专利/三项发明专利/专利B_规范逆向设计与振动贝叶斯标定/06_附图/无标注版/图1.json,887,d1c8aaeb473349cef520900b53f0b8fa1f91085cce2c2d3aae93f3b6542c792c,True,
专利/刘智远专利/三项发明专利/专利B_规范逆向设计与振动贝叶斯标定/06_附图/无标注版/图1.png,353488,b4bf49b9b605eb6897dba25bd24485505aba1b8233fa1084ca41a530854a6b30,True,
专利/刘智远专利/三项发明专利/专利B_规范逆向设计与振动贝叶斯标定/06_附图/无标注版/图1.svg,225371,85469f3da12ed122342893d8015e065d3efae962f0ff3974f3c5988ea4adc1ca,True,
专利/刘智远专利/三项发明专利/专利B_规范逆向设计与振动贝叶斯标定/06_附图/无标注版/图10.json,378,a04f02eb986effa3c17ff1b8d3d93232e828bf4ad3353f80c166baa22fed4a97,True,
专利/刘智远专利/三项发明专利/专利B_规范逆向设计与振动贝叶斯标定/06_附图/无标注版/图10.png,108860,63bd91f22f1d5862a1dbdd5ad634de9227d6f5150ee29811686772639d0799c3,True,
专利/刘智远专利/三项发明专利/专利B_规范逆向设计与振动贝叶斯标定/06_附图/无标注版/图10.svg,17520,f2c5f6af9ea65ba446fb6f2050651c40d68d9c4573b1258ec3e0957cd10c13cf,True,
专利/刘智远专利/三项发明专利/专利B_规范逆向设计与振动贝叶斯标定/06_附图/无标注版/图2.json,428,e2db5b6671aad116e2e81f95a7283e8d0b9703815e93c7f6fdd0158524261092,True,
专利/刘智远专利/三项发明专利/专利B_规范逆向设计与振动贝叶斯标定/06_附图/无标注版/图2.png,224371,c67c49a0ef60467845ecf5eef432c6c4ac605eeae0b89798c07710f41eb9eb5d,True,
专利/刘智远专利/三项发明专利/专利B_规范逆向设计与振动贝叶斯标定/06_附图/无标注版/图2.svg,125623,4e7a0c81558d6d53c28da71c0cb3af125d2a2228d5106f58e99c7f3af1039b18,True,
专利/刘智远专利/三项发明专利/专利B_规范逆向设计与振动贝叶斯标定/06_附图/无标注版/图3.json,199,3f39da75b82a42de867a23efeb62ac6fd2f7d9cc982c3db91afb19eb8f034e0b,True,
专利/刘智远专利/三项发明专利/专利B_规范逆向设计与振动贝叶斯标定/06_附图/无标注版/图3.png,268654,8e61b1fe08961aac70e0f832f6c65f63dca516b7e97db147ed9d0c61c29a4742,True,
专利/刘智远专利/三项发明专利/专利B_规范逆向设计与振动贝叶斯标定/06_附图/无标注版/图3.svg,162016,11e12f3c6be63dc7f5dbfc37000fd6662525838fd8167a585f591a37fc485860,True,
专利/刘智远专利/三项发明专利/专利B_规范逆向设计与振动贝叶斯标定/06_附图/无标注版/图4.json,973,5b4aaa9988beb48c5e2da0db958cf45d6caa4aa6a64961619c2df40ce51c6595,True,
专利/刘智远专利/三项发明专利/专利B_规范逆向设计与振动贝叶斯标定/06_附图/无标注版/图4.png,141893,211213d21500a1e9c30e2308f33407653d8303784cc5e3be6cb7f12f2268f7f2,True,
专利/刘智远专利/三项发明专利/专利B_规范逆向设计与振动贝叶斯标定/06_附图/无标注版/图4.svg,34473,b209176c3ac18bf7c1a61fb1849c0310839327f4bfa667b7f1666ba923143845,True,
专利/刘智远专利/三项发明专利/专利B_规范逆向设计与振动贝叶斯标定/06_附图/无标注版/图5.json,967,649a43c3eaaa001e9b529ff5103149b46354fd76093da772456bca9f7a9a15ab,True,
专利/刘智远专利/三项发明专利/专利B_规范逆向设计与振动贝叶斯标定/06_附图/无标注版/图5.png,153005,0455c95c15b27225ee7a76d8c0f29fef1fed1a6bd22e956ca783e17db98004d5,True,
专利/刘智远专利/三项发明专利/专利B_规范逆向设计与振动贝叶斯标定/06_附图/无标注版/图5.svg,71265,2d0e5d09b914efe8bfa268e733f8f7228ab8f8b25d054c215714122307d26875,True,
专利/刘智远专利/三项发明专利/专利B_规范逆向设计与振动贝叶斯标定/06_附图/无标注版/图6.json,693,cf820737dfcd13a5274f5d9f088672b2baa2e3e1f9273b87b2b32299874b0b28,True,
专利/刘智远专利/三项发明专利/专利B_规范逆向设计与振动贝叶斯标定/06_附图/无标注版/图6.png,106682,a24177e874751eeb5d9326afc320583d649a4499618f31aaea3e744298a1e4ab,True,
专利/刘智远专利/三项发明专利/专利B_规范逆向设计与振动贝叶斯标定/06_附图/无标注版/图6.svg,313318,1967a00c1725cd636b7c06253335d3347d9c8f90182353d13e98d722bb771727,True,
专利/刘智远专利/三项发明专利/专利B_规范逆向设计与振动贝叶斯标定/06_附图/无标注版/图7.json,340,b84991476746e906518c914e91be1edd7227bcefcfdefad755454fc15b55b585,True,
专利/刘智远专利/三项发明专利/专利B_规范逆向设计与振动贝叶斯标定/06_附图/无标注版/图7.png,223610,5b4dd03bf21514b757aa2e875740ebc94cd8b765e959fba3abe5aac6c61146cd,True,
专利/刘智远专利/三项发明专利/专利B_规范逆向设计与振动贝叶斯标定/06_附图/无标注版/图7.svg,125300,171c6eda2469c37152ddcc80960034e64ebd27b1be122242a670aa1a2f4049fc,True,
专利/刘智远专利/三项发明专利/专利B_规范逆向设计与振动贝叶斯标定/06_附图/无标注版/图8.json,242,56123c29cbed8f72438add2dfc0d50ba168f99b757f913d62bb32c4bdd3de5d2,True,
专利/刘智远专利/三项发明专利/专利B_规范逆向设计与振动贝叶斯标定/06_附图/无标注版/图8.png,323227,01256f27fff6372245de14fde7108ee5392ba3b3f4a549c2a7aaef295ba117f1,True,
专利/刘智远专利/三项发明专利/专利B_规范逆向设计与振动贝叶斯标定/06_附图/无标注版/图8.svg,142050,8aa96a03fd9a74c39fec0ff4a13154d34912d2ba9001f6f002f7fa97e2f2477f,True,
专利/刘智远专利/三项发明专利/专利B_规范逆向设计与振动贝叶斯标定/06_附图/标注版/图1.json,887,d1c8aaeb473349cef520900b53f0b8fa1f91085cce2c2d3aae93f3b6542c792c,True,
专利/刘智远专利/三项发明专利/专利B_规范逆向设计与振动贝叶斯标定/06_附图/标注版/图1.png,353488,b4bf49b9b605eb6897dba25bd24485505aba1b8233fa1084ca41a530854a6b30,True,
专利/刘智远专利/三项发明专利/专利B_规范逆向设计与振动贝叶斯标定/06_附图/标注版/图1.svg,225371,132803185b8887f03db0d26d490d1ac367596188e3dd9f6f4910d38f7a4d8d26,True,
专利/刘智远专利/三项发明专利/专利B_规范逆向设计与振动贝叶斯标定/06_附图/标注版/图10.json,378,a04f02eb986effa3c17ff1b8d3d93232e828bf4ad3353f80c166baa22fed4a97,True,
专利/刘智远专利/三项发明专利/专利B_规范逆向设计与振动贝叶斯标定/06_附图/标注版/图10.png,152333,51cd8dc28dff5f230d781c215f20b38f0abd6513fa68a790e769bccb51096ab0,True,
专利/刘智远专利/三项发明专利/专利B_规范逆向设计与振动贝叶斯标定/06_附图/标注版/图10.svg,29019,7822d138997d27a0ef6e21e15d7bdacf573fbad351323757173f1d60950ed99a,True,
专利/刘智远专利/三项发明专利/专利B_规范逆向设计与振动贝叶斯标定/06_附图/标注版/图2.json,428,e2db5b6671aad116e2e81f95a7283e8d0b9703815e93c7f6fdd0158524261092,True,
专利/刘智远专利/三项发明专利/专利B_规范逆向设计与振动贝叶斯标定/06_附图/标注版/图2.png,250902,4184f7d53afcba7a54c3aab9a825008dcd8180f98f92a32f07357f73e7a46dd3,True,
专利/刘智远专利/三项发明专利/专利B_规范逆向设计与振动贝叶斯标定/06_附图/标注版/图2.svg,134068,2bbd4e1e9baba22f56ee28f3732700dec5ce21ae57ecca74795729a18a9ff8b9,True,
专利/刘智远专利/三项发明专利/专利B_规范逆向设计与振动贝叶斯标定/06_附图/标注版/图3.json,199,3f39da75b82a42de867a23efeb62ac6fd2f7d9cc982c3db91afb19eb8f034e0b,True,
专利/刘智远专利/三项发明专利/专利B_规范逆向设计与振动贝叶斯标定/06_附图/标注版/图3.png,336737,d271d08e6422a38488a5a4d25122b0eba1974f46d5db1b19b9b627ab5e185a37,True,
专利/刘智远专利/三项发明专利/专利B_规范逆向设计与振动贝叶斯标定/06_附图/标注版/图3.svg,169347,1d052a91bc7beebb67efb31e4100817adf0cf5c9e738b7dca1c0a48a1701c64e,True,
专利/刘智远专利/三项发明专利/专利B_规范逆向设计与振动贝叶斯标定/06_附图/标注版/图4.json,973,5b4aaa9988beb48c5e2da0db958cf45d6caa4aa6a64961619c2df40ce51c6595,True,
专利/刘智远专利/三项发明专利/专利B_规范逆向设计与振动贝叶斯标定/06_附图/标注版/图4.png,301380,4c79d2e27968655aa5a5124325263e029c73ed7f246704506a65050646f99e44,True,
专利/刘智远专利/三项发明专利/专利B_规范逆向设计与振动贝叶斯标定/06_附图/标注版/图4.svg,56246,20bf3a65d0548b9bf41af6a78281b62bc53099bc280fc6e0ac2d2505a42fd591,True,
专利/刘智远专利/三项发明专利/专利B_规范逆向设计与振动贝叶斯标定/06_附图/标注版/图5.json,967,649a43c3eaaa001e9b529ff5103149b46354fd76093da772456bca9f7a9a15ab,True,
专利/刘智远专利/三项发明专利/专利B_规范逆向设计与振动贝叶斯标定/06_附图/标注版/图5.png,348538,8cb53829b1849be7beebc2d831e7f43cf91ed8d2b8f83ee7f7a3643a5dd40c0b,True,
专利/刘智远专利/三项发明专利/专利B_规范逆向设计与振动贝叶斯标定/06_附图/标注版/图5.svg,93036,7d3896eda4ec66d58d0fe8b430e1d489b45488b3124a8b8c6b308881d78067a1,True,
专利/刘智远专利/三项发明专利/专利B_规范逆向设计与振动贝叶斯标定/06_附图/标注版/图6.json,693,cf820737dfcd13a5274f5d9f088672b2baa2e3e1f9273b87b2b32299874b0b28,True,
专利/刘智远专利/三项发明专利/专利B_规范逆向设计与振动贝叶斯标定/06_附图/标注版/图6.png,278079,8c585e244983238d33a40df6e793d5218fbc2ae195963470f092a8239858298b,True,
专利/刘智远专利/三项发明专利/专利B_规范逆向设计与振动贝叶斯标定/06_附图/标注版/图6.svg,329317,9d1adb72bd0e5ad838eab52629047f39d1340a8530a82020e40a3ec3d50a9355,True,
专利/刘智远专利/三项发明专利/专利B_规范逆向设计与振动贝叶斯标定/06_附图/标注版/图7.json,340,b84991476746e906518c914e91be1edd7227bcefcfdefad755454fc15b55b585,True,
专利/刘智远专利/三项发明专利/专利B_规范逆向设计与振动贝叶斯标定/06_附图/标注版/图7.png,251134,de1698cb3b385c009cc210720442d96bed8c3227948c52309fbfd9fb028cfd6f,True,
专利/刘智远专利/三项发明专利/专利B_规范逆向设计与振动贝叶斯标定/06_附图/标注版/图7.svg,134832,98ac13fb8d765d8b8df31e4d539e5ca709b4ab982d9ab5b48d218248c7cb673b,True,
专利/刘智远专利/三项发明专利/专利B_规范逆向设计与振动贝叶斯标定/06_附图/标注版/图8.json,242,56123c29cbed8f72438add2dfc0d50ba168f99b757f913d62bb32c4bdd3de5d2,True,
专利/刘智远专利/三项发明专利/专利B_规范逆向设计与振动贝叶斯标定/06_附图/标注版/图8.png,377082,7adc92ed6062455c1e3ce2699c311d3c2061d02a6e522c3c50f1e43c65dc2a9d,True,
专利/刘智远专利/三项发明专利/专利B_规范逆向设计与振动贝叶斯标定/06_附图/标注版/图8.svg,148115,301c2773f128d99a82ff7f7ec8242619619c1e3c9deaf5a047fb2e80b6f228e5,True,
专利/刘智远专利/三项发明专利/专利B_规范逆向设计与振动贝叶斯标定/06_附图/附图标记.json,7357,f863ae6895637e2370dfd4354049a264148f8b39a901be4b31d6bd95afd53022,True,
专利/刘智远专利/三项发明专利/专利B_规范逆向设计与振动贝叶斯标定/07_申请文件/权利要求书.docx,40089,6192706938096ffb95c72a5207a480f67c15d0aed70137b3c97135944bda2c5f,True,
专利/刘智远专利/三项发明专利/专利B_规范逆向设计与振动贝叶斯标定/07_申请文件/权利要求书.md,8295,6c54d1c2dd29e197b0414e304676807f74c816c23d15c3352866dd53f874d399,True,
专利/刘智远专利/三项发明专利/专利B_规范逆向设计与振动贝叶斯标定/07_申请文件/说明书.docx,46730,67b111c350bcd62317a15f558a5370c9f1e73b88b1b11051120087d81af8bb9e,True,
专利/刘智远专利/三项发明专利/专利B_规范逆向设计与振动贝叶斯标定/07_申请文件/说明书.md,19224,24d76f2d330fc3ca8627f404c346bebe2c8a77c77c767405346f634c6eb162f4,True,
专利/刘智远专利/三项发明专利/专利B_规范逆向设计与振动贝叶斯标定/07_申请文件/说明书摘要.docx,37425,f431e42dcf83fb0e539fb4a61a2cd557d2c34552f8998daefaea464aeee942ee,True,
专利/刘智远专利/三项发明专利/专利B_规范逆向设计与振动贝叶斯标定/07_申请文件/说明书摘要.md,1066,ac624889b4e4c9ae2a36f608f3a5cd84db322d6e2ae5f68b65b2e8c4534eb5fb,True,
专利/刘智远专利/三项发明专利/专利B_规范逆向设计与振动贝叶斯标定/08_脚本/md2docx_B.py,1767,0f3a63885b873114b8d710b70773f551f78a2bd2b96c366bc48a6ea4e8f247fc,True,
专利/刘智远专利/三项发明专利/专利C_有限元影响矩阵InSAR形变解耦/01_调研与查新/_raw/download_log.json,5154,d6a681549c4f39f0701725d9103e086ad74340493ba00175c5a973950c371736,True,
专利/刘智远专利/三项发明专利/专利C_有限元影响矩阵InSAR形变解耦/01_调研与查新/_raw/hits_filtered.md,75298,3aed6d0ea49268c4e9d96c2363e0ce130401e1cb17dfc1551a8aa01a644b7c5e,True,
专利/刘智远专利/三项发明专利/专利C_有限元影响矩阵InSAR形变解耦/01_调研与查新/_raw/prior_own_claims.txt,30988,8709fcfd982635f645cf1da83e3a6d3816ee76cbc5ef437f02edfced74482ccc,True,
专利/刘智远专利/三项发明专利/专利C_有限元影响矩阵InSAR形变解耦/01_调研与查新/_raw/request_log.json,740,6270b3b894332ccef7eaa245a262a91c04fa4f93d97b07209212ddbf7e8003a3,True,
专利/刘智远专利/三项发明专利/专利C_有限元影响矩阵InSAR形变解耦/01_调研与查新/_raw/search_raw.json,178,3c404ed6e2ce5bf1b6292ee20675766ddf61b0583ee659a8e10183f38849f926,True,
专利/刘智远专利/三项发明专利/专利C_有限元影响矩阵InSAR形变解耦/01_调研与查新/_raw/txt/L01.txt,3568,532e6975bf1daf404f5a8c2e7da23aa67631c0756e7991288ebc0abc84714a90,True,
专利/刘智远专利/三项发明专利/专利C_有限元影响矩阵InSAR形变解耦/01_调研与查新/_raw/txt/L06.txt,9447,a1b9c3857ffa2fb3e9055f3f4a725bfdf28b1828fe580b5bc3145f9186f690ec,True,
专利/刘智远专利/三项发明专利/专利C_有限元影响矩阵InSAR形变解耦/01_调研与查新/_raw/txt/L07.txt,69870,b1d2cb92e142c4b04aa6e63a7e0f3dec4c24cfbda8b4deceaa00eb0b00d777ca,True,
专利/刘智远专利/三项发明专利/专利C_有限元影响矩阵InSAR形变解耦/01_调研与查新/_raw/txt/L08.txt,63337,551a296aa1654f9ad09d579c8f8af7692ae3701df17ddbd26a8f32503bdbcb7e,True,
专利/刘智远专利/三项发明专利/专利C_有限元影响矩阵InSAR形变解耦/01_调研与查新/_raw/txt/L09.txt,21047,b9f5b4f03c2f0ee94fc45dde011abfa7ce27050a2bacd90bb1f29e383342146a,True,
专利/刘智远专利/三项发明专利/专利C_有限元影响矩阵InSAR形变解耦/01_调研与查新/_raw/txt/L11.txt,14872,bbef9d78ddbf7bd5ff8edf729361384c976a16660cd05cf995a2754def7fd767,True,
专利/刘智远专利/三项发明专利/专利C_有限元影响矩阵InSAR形变解耦/01_调研与查新/_raw/txt/L19.txt,22626,5da92457df096a9dee461f2732552926d75f062a43a07d11f1a6e7f7038ab129,True,
专利/刘智远专利/三项发明专利/专利C_有限元影响矩阵InSAR形变解耦/01_调研与查新/_raw/txt/L25.txt,9497,abe814d0f87f089f7bcbabc6935a7d7809e3340c6ac68983079412611dc04c6b,True,
专利/刘智远专利/三项发明专利/专利C_有限元影响矩阵InSAR形变解耦/01_调研与查新/_tmp/extract_pdf.py,636,d9c771b67b57f8ea9f59bba9862132a6166774a515cc1744b61576f36611f0db,True,
专利/刘智远专利/三项发明专利/专利C_有限元影响矩阵InSAR形变解耦/01_调研与查新/_tmp/prior_claims.txt,14101,83aa3004d7ec7cf45fda6a401f2c7b07ba73da45f5b6efe0233ddc5743b0ebd4,True,
专利/刘智远专利/三项发明专利/专利C_有限元影响矩阵InSAR形变解耦/01_调研与查新/_tmp/read_prior.py,747,2bb6322a099dfb62eaa0e68f63783c424f7b5b2fee64d043819ac1457b75bf67,True,
专利/刘智远专利/三项发明专利/专利C_有限元影响矩阵InSAR形变解耦/01_调研与查新/_tmp/txt/C01.txt,3568,532e6975bf1daf404f5a8c2e7da23aa67631c0756e7991288ebc0abc84714a90,True,
专利/刘智远专利/三项发明专利/专利C_有限元影响矩阵InSAR形变解耦/01_调研与查新/_tmp/txt/C02.txt,9447,a1b9c3857ffa2fb3e9055f3f4a725bfdf28b1828fe580b5bc3145f9186f690ec,True,
专利/刘智远专利/三项发明专利/专利C_有限元影响矩阵InSAR形变解耦/01_调研与查新/_tmp/txt/C03.txt,63337,551a296aa1654f9ad09d579c8f8af7692ae3701df17ddbd26a8f32503bdbcb7e,True,
专利/刘智远专利/三项发明专利/专利C_有限元影响矩阵InSAR形变解耦/01_调研与查新/_tmp/txt/C04.txt,14872,bbef9d78ddbf7bd5ff8edf729361384c976a16660cd05cf995a2754def7fd767,True,
专利/刘智远专利/三项发明专利/专利C_有限元影响矩阵InSAR形变解耦/01_调研与查新/_tmp/txt/C05.txt,21047,b9f5b4f03c2f0ee94fc45dde011abfa7ce27050a2bacd90bb1f29e383342146a,True,
专利/刘智远专利/三项发明专利/专利C_有限元影响矩阵InSAR形变解耦/01_调研与查新/_tmp/txt/C06.txt,9497,abe814d0f87f089f7bcbabc6935a7d7809e3340c6ac68983079412611dc04c6b,True,
专利/刘智远专利/三项发明专利/专利C_有限元影响矩阵InSAR形变解耦/01_调研与查新/_tmp/txt/C07.txt,22626,5da92457df096a9dee461f2732552926d75f062a43a07d11f1a6e7f7038ab129,True,
专利/刘智远专利/三项发明专利/专利C_有限元影响矩阵InSAR形变解耦/01_调研与查新/_tmp/txt/C08.txt,69870,b1d2cb92e142c4b04aa6e63a7e0f3dec4c24cfbda8b4deceaa00eb0b00d777ca,True,
专利/刘智远专利/三项发明专利/专利C_有限元影响矩阵InSAR形变解耦/01_调研与查新/_检索脚本/download_oa.py,5698,1be8caf4456b645f14d216ba2a9e0533b8d91abcb95bbc68bee42952bf170514,True,
专利/刘智远专利/三项发明专利/专利C_有限元影响矩阵InSAR形变解耦/01_调研与查新/_检索脚本/filter_hits.py,1287,ecf55165e02b206313485ea505529c43de215676231d54876074c0e178fe69fa,True,
专利/刘智远专利/三项发明专利/专利C_有限元影响矩阵InSAR形变解耦/01_调研与查新/_检索脚本/run_search.py,5618,297bdc9d7f06479930f648a1a5797cf753a2391fa5024aefbae102cb9e6736c0,True,
专利/刘智远专利/三项发明专利/专利C_有限元影响矩阵InSAR形变解耦/01_调研与查新/文献/EGU26-11441_Ma2026_UHV塔_复成一号_CR_PS仿真.pdf,283787,45df51b6980a8d36c98893bb871f74f284517ca0aa3d28bd274c11e7aefb3ae0,True,
专利/刘智远专利/三项发明专利/专利C_有限元影响矩阵InSAR形变解耦/01_调研与查新/文献/Fringe2023_NGET_输电资产角反射器.pdf,3414575,808ab48500351358aadaed7b9ab9b22566c59835908ee6df75c8d7db83c8ed19,True,
专利/刘智远专利/三项发明专利/专利C_有限元影响矩阵InSAR形变解耦/01_调研与查新/文献/HNU_钢桁拱桥PSI_温度场修正.pdf,6598419,58dd0e4da1718c35b6b1544753142784994feb1f01361e332f9ccc917256bbca,True,
专利/刘智远专利/三项发明专利/专利C_有限元影响矩阵InSAR形变解耦/01_调研与查新/文献/IGARSS2014_Goel_热膨胀监测.pdf,1065331,bf3fd3bf93fd2688a0e34b4fde0335f957ff9959f435a900e294c3ce71d34ee9,True,
专利/刘智远专利/三项发明专利/专利C_有限元影响矩阵InSAR形变解耦/01_调研与查新/文献/ISPRS_Annals2026_铁路桥InSAR_FEM_热效应.pdf,1625791,faa73f305084af19356e632df4f5a7a4039c77b51276a18f81c6162816d2f7e3,True,
专利/刘智远专利/三项发明专利/专利C_有限元影响矩阵InSAR形变解耦/01_调研与查新/文献/SCIS2025_复成一号三维成像.pdf,671649,5ef6bccbe3cda9797013a1d5a1f04f62eed7f98dbf3d9fbc364ae6c9a76c9b36,True,
专利/刘智远专利/三项发明专利/专利C_有限元影响矩阵InSAR形变解耦/01_调研与查新/文献/Tonelli2024_桥梁InSAR贝叶斯融合.pdf,4898894,21983c8806444d9d43e13362d095fb12820e2b6b076ee59afd16b5cdd876aeac,True,
专利/刘智远专利/三项发明专利/专利C_有限元影响矩阵InSAR形变解耦/01_调研与查新/文献/WhiteRose_角反射器阵列_关键基础设施.pdf,26241141,6c18a956bfdfc663aad7456e67ee9132d99f39c6f0c0865fb392c038c061e247,True,
专利/刘智远专利/三项发明专利/专利C_有限元影响矩阵InSAR形变解耦/01_调研与查新/查新与创新点分析报告.docx,39813,ee892d742af8ac590783e8327a8160931b183096c8702e2ed79f97bc847f36fe,True,
专利/刘智远专利/三项发明专利/专利C_有限元影响矩阵InSAR形变解耦/01_调研与查新/查新与创新点分析报告.md,4995,675833ec1e1dcafcc2648dbf172d41693397309a8eddfd54a9773cbc72b53d4d,True,
专利/刘智远专利/三项发明专利/专利C_有限元影响矩阵InSAR形变解耦/01_调研与查新/检索记录.docx,39589,e64ebea31af03354b0487b26e597bd5e74ffba81135d80e970b5e76679416a5a,True,
专利/刘智远专利/三项发明专利/专利C_有限元影响矩阵InSAR形变解耦/01_调研与查新/检索记录.md,4461,729591811d3f86beb8866584cfd579fd364558b8a8c102da2e5f359bd239a413,True,
专利/刘智远专利/三项发明专利/专利C_有限元影响矩阵InSAR形变解耦/02_技术交底书/技术交底书.docx,42128,6d331fa4066744001cf345b04bdb2510bc7c8e8ffcdeac34df150c57c0a474f0,True,
专利/刘智远专利/三项发明专利/专利C_有限元影响矩阵InSAR形变解耦/02_技术交底书/技术交底书.md,10723,3ddc305310d6af5b9b8dd50506b200fee378f2940b62d07329a3b94e87b7d05a,True,
专利/刘智远专利/三项发明专利/专利C_有限元影响矩阵InSAR形变解耦/03_算法与软件/.pytest_cache/.gitignore,37,3ed731b65d06150c138e2dadb0be0697550888a6b47eb8c45ecc9adba8b8e9bd,False,运行缓存/审计临时目录
专利/刘智远专利/三项发明专利/专利C_有限元影响矩阵InSAR形变解耦/03_算法与软件/.pytest_cache/CACHEDIR.TAG,191,37dc88ef9a0abeddbe81053a6dd8fdfb13afb613045ea1eb4a5c815a74a3bde4,False,运行缓存/审计临时目录
专利/刘智远专利/三项发明专利/专利C_有限元影响矩阵InSAR形变解耦/03_算法与软件/.pytest_cache/README.md,302,73fd6fccdd802c419a6b2d983d6c3173b7da97558ac4b589edec2dfe443db9ad,False,运行缓存/审计临时目录
专利/刘智远专利/三项发明专利/专利C_有限元影响矩阵InSAR形变解耦/03_算法与软件/.pytest_cache/v/cache/nodeids,405,c34fe8ece16623082b9134746dfc5109fd4291e60c101aaaf3ffc7d69a5b36c2,False,运行缓存/审计临时目录
专利/刘智远专利/三项发明专利/专利C_有限元影响矩阵InSAR形变解耦/03_算法与软件/examples/example_demo.py,468,31bcadd2b4fdb7c83232f8195c64209b11db703d31a4ccef55ecf2019f740cc2,True,
专利/刘智远专利/三项发明专利/专利C_有限元影响矩阵InSAR形变解耦/03_算法与软件/examples/example_out.json,480,b39c0fe80ae074c330de2b93efd06d97c182599bce4c397b42fcd1e0c06cee0e,True,
专利/刘智远专利/三项发明专利/专利C_有限元影响矩阵InSAR形变解耦/03_算法与软件/fiminsar/__init__.py,144,0d23b25bf2739b67aff4b397579f15d675122425e4ba46c7d10ce41342a7c56a,True,
专利/刘智远专利/三项发明专利/专利C_有限元影响矩阵InSAR形变解耦/03_算法与软件/fiminsar/__pycache__/__init__.cpython-314.pyc,464,8175c37887b85d5259009f640d33a971db47c1fb57f83153d9770b93350fb977,False,运行缓存/审计临时目录
专利/刘智远专利/三项发明专利/专利C_有限元影响矩阵InSAR形变解耦/03_算法与软件/fiminsar/__pycache__/_tk.cpython-314.pyc,1318,ac5a9965a2a4a3aece293903b9eb22fc60bea2208bf2069952c54cdcffca930a,False,运行缓存/审计临时目录
专利/刘智远专利/三项发明专利/专利C_有限元影响矩阵InSAR形变解耦/03_算法与软件/fiminsar/__pycache__/cli.cpython-314.pyc,9901,30adcf5483ab41703afbd09687d0c1dc6dbcc7579bffd11a0f6ba4f6b8babd54,False,运行缓存/审计临时目录
专利/刘智远专利/三项发明专利/专利C_有限元影响矩阵InSAR形变解耦/03_算法与软件/fiminsar/__pycache__/invert.cpython-314.pyc,14442,7ed83b814ac732c1f6f4dc253dad76aa3410923d227f1072e692b9f6e3b11436,False,运行缓存/审计临时目录
专利/刘智远专利/三项发明专利/专利C_有限元影响矩阵InSAR形变解耦/03_算法与软件/fiminsar/__pycache__/model.cpython-314.pyc,5803,855f5384c9d0909bc8ec0a4d93baaa750c0ac3f03e9c5025490f5f05e1f821f3,False,运行缓存/审计临时目录
专利/刘智远专利/三项发明专利/专利C_有限元影响矩阵InSAR形变解耦/03_算法与软件/fiminsar/__pycache__/scatter.cpython-314.pyc,10502,9b4cba6aeb1d00e22a7222a45388ae258c37b16ddc7937c56f95bbdb4e0f01d9,False,运行缓存/审计临时目录
专利/刘智远专利/三项发明专利/专利C_有限元影响矩阵InSAR形变解耦/03_算法与软件/fiminsar/__pycache__/sim.cpython-314.pyc,24326,c0563ebd80193aa1549e8a9af444b1026bc27a4c608dfac684af25d2c4cde54a,False,运行缓存/审计临时目录
专利/刘智远专利/三项发明专利/专利C_有限元影响矩阵InSAR形变解耦/03_算法与软件/fiminsar/__pycache__/thermal.cpython-314.pyc,10664,937992d04333dfeaac4758601d0473e39ed1c771ef94288a2b63520bb85e4501,False,运行缓存/审计临时目录
专利/刘智远专利/三项发明专利/专利C_有限元影响矩阵InSAR形变解耦/03_算法与软件/fiminsar/_tk.py,639,fb8bb898aec2d610c62a06edb28ac73f9c0201837b9aa247d738921ecdaac4b6,True,
专利/刘智远专利/三项发明专利/专利C_有限元影响矩阵InSAR形变解耦/03_算法与软件/fiminsar/cli.py,3793,144cafef3145180542067ef06944c2c2a6bc3df31b028a6f745b4fe4344aedbf,True,
专利/刘智远专利/三项发明专利/专利C_有限元影响矩阵InSAR形变解耦/03_算法与软件/fiminsar/invert.py,7632,a5e1d6a9bd8c0472e77fb70305ebe5b78e5b978d3a3009e8f634ccf8a5ab30d5,True,
专利/刘智远专利/三项发明专利/专利C_有限元影响矩阵InSAR形变解耦/03_算法与软件/fiminsar/model.py,2640,c0efda0607d0f456481ac67f49c6025e9e374f5fd28537722720e31291c74d68,True,
专利/刘智远专利/三项发明专利/专利C_有限元影响矩阵InSAR形变解耦/03_算法与软件/fiminsar/scatter.py,4420,9db4dce895a6b7d9208cb6e03a581f870d70434a453767adde049b4ab72de546,True,
专利/刘智远专利/三项发明专利/专利C_有限元影响矩阵InSAR形变解耦/03_算法与软件/fiminsar/sim.py,11160,fea032604131f65857cd62f31593ee0ecde534443a3a0c74453c20e4fe28971d,True,
专利/刘智远专利/三项发明专利/专利C_有限元影响矩阵InSAR形变解耦/03_算法与软件/fiminsar/thermal.py,4411,9262aba9043cabc8e4ca48f6a1c48219e48e0d9172046ca01f5593ef5abebf20,True,
专利/刘智远专利/三项发明专利/专利C_有限元影响矩阵InSAR形变解耦/03_算法与软件/README.md,2507,f7c72251048b5542e4640859589ee849168e085cdce6081286c682a3dd955ecd,True,
专利/刘智远专利/三项发明专利/专利C_有限元影响矩阵InSAR形变解耦/03_算法与软件/tests/__pycache__/test_fiminsar.cpython-314-pytest-9.1.1.pyc,24631,23178ce7e33a95218e2666b610770c6dba622e9f161efb535d170c334d6fb598,False,运行缓存/审计临时目录
专利/刘智远专利/三项发明专利/专利C_有限元影响矩阵InSAR形变解耦/03_算法与软件/tests/test_fiminsar.py,2294,b891b4d518a88c3f4c215eeb3cae6ebc4df678679ab9fdafd761d28b6bfeb06c,True,
专利/刘智远专利/三项发明专利/专利C_有限元影响矩阵InSAR形变解耦/04_仿真验证/仿真验证报告.md,5003,86ffa687d3a22bfad7a19315e054678847aa47c60984500fe27103f2d023ff88,True,
专利/刘智远专利/三项发明专利/专利C_有限元影响矩阵InSAR形变解耦/04_仿真验证/关键结果摘要.json,1588,bddb0f774cb983e033481240b0b9a466ae793ee1934e9636cabf18c92dd1e0d5,True,
专利/刘智远专利/三项发明专利/专利C_有限元影响矩阵InSAR形变解耦/04_仿真验证/图/仿真结果_四联图.png,359117,ed150639647f43d1eb5a7faef7ee44159a8ed9ab7638acff07287629cd71e87a,True,
专利/刘智远专利/三项发明专利/专利C_有限元影响矩阵InSAR形变解耦/04_仿真验证/图/仿真结果_黑白.png,326658,547690f5c1c4e8105fd6bba85bfe80f7cf8f299db47e8e5a932fc246b16fb4c9,True,
专利/刘智远专利/三项发明专利/专利C_有限元影响矩阵InSAR形变解耦/04_仿真验证/图/消融.png,43033,c16a68e7cb8961cd94e64c6983657d8662397e6a61ad015e2cffed6c699d2f77,True,
专利/刘智远专利/三项发明专利/专利C_有限元影响矩阵InSAR形变解耦/04_仿真验证/数据/_epochs_FC1.npz,2021658,9da740fd9f1c1561295fcd7e496b51831a821ce0d45a5e3af27500aca7b0c21b,True,
专利/刘智远专利/三项发明专利/专利C_有限元影响矩阵InSAR形变解耦/04_仿真验证/数据/_epochs_S1.npz,1304159,9ba2910c01e259371e0edc6ebecfcd7a7d29c575e2c6bf1652e5f4672cfad92c,True,
专利/刘智远专利/三项发明专利/专利C_有限元影响矩阵InSAR形变解耦/04_仿真验证/数据/run_log.txt,3572,53b22e7d5e3bc0f0c512d14a506a7728e642ce9fea554a0ac4a888d1ed381429,True,
专利/刘智远专利/三项发明专利/专利C_有限元影响矩阵InSAR形变解耦/04_仿真验证/数据/时序示例.json,25686,40aec0d47cab1417abac9badfb6b79b6335a90b6f0a61acb8426a7d566b734dd,True,
专利/刘智远专利/三项发明专利/专利C_有限元影响矩阵InSAR形变解耦/04_仿真验证/数据/结果.json,5055,7605aad026da4f699220b62fe1cebf61ca18c935c2b14393d7a9f38834b06569,True,
专利/刘智远专利/三项发明专利/专利C_有限元影响矩阵InSAR形变解耦/04_仿真验证/脚本/make_figs.py,4790,53523f2add57fcef33a6f5b30cdf185503d619f2367accaec31102e0e2e32592,True,
专利/刘智远专利/三项发明专利/专利C_有限元影响矩阵InSAR形变解耦/04_仿真验证/脚本/run_sim.py,9355,2d1e78d5538fc19067140a85224341cceb9bdd2511211ce76b9bcfc6ea89d2f5,True,
专利/刘智远专利/三项发明专利/专利C_有限元影响矩阵InSAR形变解耦/05_硬件设计/构建记录.json,2981,cd62a341ff8b14d594ba850f730d48c76b211537835627329cf72b190e79b115,True,
专利/刘智远专利/三项发明专利/专利C_有限元影响矩阵InSAR形变解耦/05_硬件设计/校核计算.json,2411,1efc4365f92ba8087ad787a1b3b2ff3ed10136651af42c0f27066973f414b23e,True,
专利/刘智远专利/三项发明专利/专利C_有限元影响矩阵InSAR形变解耦/05_硬件设计/模型/edges.json,118995,86d69f3a18f955d1c60513b48362d4ddaaf6c779f8603e1374632c13b67c7c0b,True,
专利/刘智远专利/三项发明专利/专利C_有限元影响矩阵InSAR形变解耦/05_硬件设计/模型/塔材夹持式双向三面角反射器.FCStd,17944,70b2ee12581d82f5d488c8b2ffa14354537fe7d365196a59d6cf2cf808c69aea,True,
专利/刘智远专利/三项发明专利/专利C_有限元影响矩阵InSAR形变解耦/05_硬件设计/模型/塔材夹持式双向三面角反射器.step,126455,abdf008a0b58596089a5d80e84ab8d21b7b24d51478a56df5833032a0fcd87c7,True,
专利/刘智远专利/三项发明专利/专利C_有限元影响矩阵InSAR形变解耦/05_硬件设计/硬件设计说明.md,2998,45063572cee2d67e607ef0745bcfea437bc416f47a8f3ff650ed63e52d20c38b,True,
专利/刘智远专利/三项发明专利/专利C_有限元影响矩阵InSAR形变解耦/05_硬件设计/脚本/build_cr.py,5632,5529ee464f38c6abd8419ac6d120a7cc067babcd0536909b97cf0215c92faa9b,True,
专利/刘智远专利/三项发明专利/专利C_有限元影响矩阵InSAR形变解耦/05_硬件设计/脚本/calc.py,2832,81780b215556b83dd1fe6f9a8c9b8eec5564a8ed6b503560da1157d814561118,True,
专利/刘智远专利/三项发明专利/专利C_有限元影响矩阵InSAR形变解耦/06_附图/无标注版/图1.png,139793,a1278696c8143a0d11e79d7c14f144dde97a5b6f614746e2e73849bb7e808c90,True,
专利/刘智远专利/三项发明专利/专利C_有限元影响矩阵InSAR形变解耦/06_附图/无标注版/图2.png,142739,dec34466b8d0b82ef52340c88a4c7a6831c8d168d2f32f7d0ec98f997f8ca675,True,
专利/刘智远专利/三项发明专利/专利C_有限元影响矩阵InSAR形变解耦/06_附图/无标注版/图3.png,78828,627cf62c455384f6842595eb318985f75a844801d19b4324a22c2138c044a18f,True,
专利/刘智远专利/三项发明专利/专利C_有限元影响矩阵InSAR形变解耦/06_附图/无标注版/图4.png,91791,090aa79e2a735c1b6b36ee5b0dda80bd5938224ca5cb130bff9d5d721dfb76e4,True,
专利/刘智远专利/三项发明专利/专利C_有限元影响矩阵InSAR形变解耦/06_附图/无标注版/图5.png,243871,de99b3ff4fdae179dcadb3f870cb71697f13729ac7ad6221dd25793bd6534249,True,
专利/刘智远专利/三项发明专利/专利C_有限元影响矩阵InSAR形变解耦/06_附图/无标注版/图6.png,176566,129cc8e5c09915228ebb6d1bbcc01d75422d1c933ce0043ed818f15155d5b63b,True,
专利/刘智远专利/三项发明专利/专利C_有限元影响矩阵InSAR形变解耦/06_附图/无标注版/图7.png,42469,368eba7a9b18cdcdef89f22d231e906e7e23b59dbc8bd940efb1a238b68178fb,True,
专利/刘智远专利/三项发明专利/专利C_有限元影响矩阵InSAR形变解耦/06_附图/无标注版/图8.png,126131,4b335f1cc77cd361fbb17c770f2f7854245c8e4e339e66dc6e6f324acb4a06a1,True,
专利/刘智远专利/三项发明专利/专利C_有限元影响矩阵InSAR形变解耦/06_附图/无标注版/图9_仿真结果.png,525949,43c0e1cf9ac50fcb97cea62150cfa96e88106db3482fcfa035fa7f1c5e754d2f,True,
专利/刘智远专利/三项发明专利/专利C_有限元影响矩阵InSAR形变解耦/06_附图/标注版/图1.json,548,ec7cf45e11f7fabe770e3be7eb3c9f2c9a9cb32e1b78d70035c2023a58dc4076,True,
专利/刘智远专利/三项发明专利/专利C_有限元影响矩阵InSAR形变解耦/06_附图/标注版/图1.png,151762,96860e1240a0c76041e1802ddefe49aca699ff75aff2db4081d6d40e99fc8742,True,
专利/刘智远专利/三项发明专利/专利C_有限元影响矩阵InSAR形变解耦/06_附图/标注版/图2.json,499,722bc751b9f609776f177654c124dbff088ffa0ebd3d54a8214dadf602a4bb91,True,
专利/刘智远专利/三项发明专利/专利C_有限元影响矩阵InSAR形变解耦/06_附图/标注版/图2.png,174059,9357a60ac1f615d6ed0592e431f3b642122a8c1e848a815ed38b0d21daf09ae0,True,
专利/刘智远专利/三项发明专利/专利C_有限元影响矩阵InSAR形变解耦/06_附图/标注版/图3.json,282,8e346b3e973d1e5469aaeb45f15111fbe4a916680df7831d885db79f6767de90,True,
专利/刘智远专利/三项发明专利/专利C_有限元影响矩阵InSAR形变解耦/06_附图/标注版/图3.png,105022,5bfaadc59968877ac1c60717b165e45940aa30d6215e5c7d521652b29bdd8354,True,
专利/刘智远专利/三项发明专利/专利C_有限元影响矩阵InSAR形变解耦/06_附图/标注版/图4.json,306,761d08d6d468310fefb4e23a92a90ac8a3b5b647eeb26fe745a871c7dbc09797,True,
专利/刘智远专利/三项发明专利/专利C_有限元影响矩阵InSAR形变解耦/06_附图/标注版/图4.png,118337,279ae0336ae724067963eea5601e9889ea2755274c5294512441f21f119ed07d,True,
专利/刘智远专利/三项发明专利/专利C_有限元影响矩阵InSAR形变解耦/06_附图/标注版/图5.json,627,665de3f112c1ce8dab5e6b7725180bbd2fe87309a1b2b4f671ef3c5292eb2232,True,
专利/刘智远专利/三项发明专利/专利C_有限元影响矩阵InSAR形变解耦/06_附图/标注版/图5.png,268102,effe69568b1b2fa066635e6295f091ce0ce95e5035cc235dd71af40987e414b7,True,
专利/刘智远专利/三项发明专利/专利C_有限元影响矩阵InSAR形变解耦/06_附图/标注版/图6.json,588,60d9166812de681bd1f2c3c3b7125ffdff4ba96db72e24a2ff5e83817ec029f7,True,
专利/刘智远专利/三项发明专利/专利C_有限元影响矩阵InSAR形变解耦/06_附图/标注版/图6.png,203998,46aa700d7a23dddb374af7c4db63c378d5d6697aa9294ff52c300d29d50d3888,True,
专利/刘智远专利/三项发明专利/专利C_有限元影响矩阵InSAR形变解耦/06_附图/标注版/图7.json,303,8152c5ed04db011d4c682a3260941af0e602eaa579dd75157e7422ae6b4783b9,True,
专利/刘智远专利/三项发明专利/专利C_有限元影响矩阵InSAR形变解耦/06_附图/标注版/图7.png,63694,1ddef717081ea7b5089c1c5ea8c47ba41845fb8ba6e8f54c3e808b7f53a2c18d,True,
专利/刘智远专利/三项发明专利/专利C_有限元影响矩阵InSAR形变解耦/06_附图/标注版/图8.json,413,59798ac8043b802fcb1694fbe8008a515012b7d2af09db594a7b3b62605cbdbc,True,
专利/刘智远专利/三项发明专利/专利C_有限元影响矩阵InSAR形变解耦/06_附图/标注版/图8.png,169864,9c412f193be36e06554efbbfc96ea2d0cb2ed5362563b1031785ee2987ff40bc,True,
专利/刘智远专利/三项发明专利/专利C_有限元影响矩阵InSAR形变解耦/06_附图/脚本/make_figs.py,11131,d63cb0a7e50d52573eacea39a253b72ea1d87af509b5edcd69ecf73d8a30b5d2,True,
专利/刘智远专利/三项发明专利/专利C_有限元影响矩阵InSAR形变解耦/06_附图/附图标记.json,3793,58e3ebab3b83e788ce82dc07b63ba623ecf2f1e9dd0b6587d4f9d3e6463032f9,True,
专利/刘智远专利/三项发明专利/专利C_有限元影响矩阵InSAR形变解耦/07_申请文件/权利要求书.docx,40077,0329d414906239dfe750f88491d225aa65b82c62adab95fb571789d0d57f1171,True,
专利/刘智远专利/三项发明专利/专利C_有限元影响矩阵InSAR形变解耦/07_申请文件/权利要求书.md,9169,26e6be1b960752b2f95662e1de43a599f65891995307e474c7bcd6b71f3d35bf,True,
专利/刘智远专利/三项发明专利/专利C_有限元影响矩阵InSAR形变解耦/07_申请文件/说明书.docx,42937,926f168106bca45ed72a80f7e0b3a68cf242a2690e8899e59ffe31fa606c04ed,True,
专利/刘智远专利/三项发明专利/专利C_有限元影响矩阵InSAR形变解耦/07_申请文件/说明书.md,13265,c7ee0368feb6f23475cb3676819d9688cfb099f013480b7379f54444a6e75f36,True,
专利/刘智远专利/三项发明专利/专利C_有限元影响矩阵InSAR形变解耦/07_申请文件/说明书摘要.docx,37391,b78cc2668a93743bdf22a0a34f05f0ba53185f79df66f02b837d84688ccdf3a2,True,
专利/刘智远专利/三项发明专利/专利C_有限元影响矩阵InSAR形变解耦/07_申请文件/说明书摘要.md,1013,873ea1587fc632fa57b2646b017a88fe71b4e9c9435e74ea3f6a35bde6ae82e6,True,
专利/刘智远专利/三项发明专利/专利C_有限元影响矩阵InSAR形变解耦/08_脚本/md2docx_C.py,1767,0f3a63885b873114b8d710b70773f551f78a2bd2b96c366bc48a6ea4e8f247fc,True,
专利/刘智远专利/三项发明专利/专利D_杆件置信度驱动带电安全壳补测航线规划/01_调研与查新/_tmp/dump_pdf_pages.py,496,d41d065934f419e700bfce9cc0eb6028a72c71d819b2ea98c79e978e6e76bd19,True,
专利/刘智远专利/三项发明专利/专利D_杆件置信度驱动带电安全壳补测航线规划/01_调研与查新/_tmp/grep_docx.py,633,dead3238c734a30c7d8d5d26e5eef937183bb967a9539a025fb6bced1fbf7137,True,
专利/刘智远专利/三项发明专利/专利D_杆件置信度驱动带电安全壳补测航线规划/01_调研与查新/_tmp/head_docx.py,468,4f418ee9ba842859beee53a94bf1bb5eb43af7ac6c87da1a9012f229bee3e7d4,True,
专利/刘智远专利/三项发明专利/专利D_杆件置信度驱动带电安全壳补测航线规划/01_调研与查新/_tmp/t01_scan.py,623,f43c1fb2465914b040eeded59ccc2e4d7af0b2eabe9054840fdee214c021833d,True,
专利/刘智远专利/三项发明专利/专利D_杆件置信度驱动带电安全壳补测航线规划/01_调研与查新/查新与创新点分析报告.docx,40361,8aaadf7c5a35a1c6c80b7168109e8f904f998819b911319ba9c7e36284f27b34,True,
专利/刘智远专利/三项发明专利/专利D_杆件置信度驱动带电安全壳补测航线规划/01_调研与查新/查新与创新点分析报告.md,6279,9d5d4bb37224b42fa056acc9872a44703f1bb463c1b139f76bb88b15a6168654,True,
专利/刘智远专利/三项发明专利/专利D_杆件置信度驱动带电安全壳补测航线规划/01_调研与查新/检索记录.docx,38173,f09fc13bea16777968f326e4bb4e1141c15105c16f70c9d7b459ab13a2218061,True,
专利/刘智远专利/三项发明专利/专利D_杆件置信度驱动带电安全壳补测航线规划/01_调研与查新/检索记录.md,1934,f198dc81455a8cd26f132527644242516fbae9291f2ee9635b040036661d9f5b,True,
专利/刘智远专利/三项发明专利/专利D_杆件置信度驱动带电安全壳补测航线规划/02_技术交底书/技术交底书.docx,37958,4f276f976ee48eb42570d4a4be78449d2c9cf77e52033850f1f2382d8026abd7,True,
专利/刘智远专利/三项发明专利/专利D_杆件置信度驱动带电安全壳补测航线规划/02_技术交底书/技术交底书.md,2020,c3f5b672674fe22e5bd33fd9ddc7fac11aa2191b57293563fbcbdd42805541a5,True,
专利/刘智远专利/三项发明专利/专利D_杆件置信度驱动带电安全壳补测航线规划/03_算法与软件/examples/example_combined.py,705,0980af303a96e62671c6952accd8fc0e08b0074fb42a39b7ba0f66dc27667d9d,True,
专利/刘智远专利/三项发明专利/专利D_杆件置信度驱动带电安全壳补测航线规划/03_算法与软件/livenbv/__init__.py,1120,cc84d5671b5de9bbd5d0a9fbeec422fed4bfbbc0aed49fad6b03377e7fd0271c,True,
专利/刘智远专利/三项发明专利/专利D_杆件置信度驱动带电安全壳补测航线规划/03_算法与软件/livenbv/__pycache__/__init__.cpython-314.pyc,1437,ed7230f96749f19710fa626a4fa601c537e5aa322b6ff0965c09c473e598535e,False,运行缓存/审计临时目录
专利/刘智远专利/三项发明专利/专利D_杆件置信度驱动带电安全壳补测航线规划/03_算法与软件/livenbv/__pycache__/_tk.cpython-314.pyc,1203,2fd8a579e3e50515b0078c43ac955fbb57fba626da9aceae503d37fea966d9b0,False,运行缓存/审计临时目录
专利/刘智远专利/三项发明专利/专利D_杆件置信度驱动带电安全壳补测航线规划/03_算法与软件/livenbv/__pycache__/confidence.cpython-314.pyc,20347,eefb364a8ff4d9e84374e741731fe73dad4fd8eeb73da34d55376e26d19ce09d,False,运行缓存/审计临时目录
专利/刘智远专利/三项发明专利/专利D_杆件置信度驱动带电安全壳补测航线规划/03_算法与软件/livenbv/__pycache__/planner.cpython-314.pyc,13023,86a402174b623bd0fb20b21f2cfbc335a2d290e647434850dba6abef17d92cf9,False,运行缓存/审计临时目录
专利/刘智远专利/三项发明专利/专利D_杆件置信度驱动带电安全壳补测航线规划/03_算法与软件/livenbv/__pycache__/safety.cpython-314.pyc,9433,06d8bac7441f8c8932c5daeb0d1ee4bc5b108b4cdaaa2bae2f1ef6c0c2e4f623,False,运行缓存/审计临时目录
专利/刘智远专利/三项发明专利/专利D_杆件置信度驱动带电安全壳补测航线规划/03_算法与软件/livenbv/__pycache__/scenario.cpython-314.pyc,9847,26445cc3db545db0b7d3e9c19af2ae54563db6a29800689339b8aaface9387da,False,运行缓存/审计临时目录
专利/刘智远专利/三项发明专利/专利D_杆件置信度驱动带电安全壳补测航线规划/03_算法与软件/livenbv/_tk.py,476,d4c3ff0f0cf355a82a02d279ee5b2d71076822f6707a8ad7a4d960d49c515623,True,
专利/刘智远专利/三项发明专利/专利D_杆件置信度驱动带电安全壳补测航线规划/03_算法与软件/livenbv/cli.py,2100,3b66e36d92d80ab64298ab5cd595e5ce4b90f5cdb8d0e294d836d7486ebf88f0,True,
专利/刘智远专利/三项发明专利/专利D_杆件置信度驱动带电安全壳补测航线规划/03_算法与软件/livenbv/confidence.py,9959,a10ef0ead6c3db4e805ea4e9c9afd48139f54652db340ade60c43ce806b12630,True,
专利/刘智远专利/三项发明专利/专利D_杆件置信度驱动带电安全壳补测航线规划/03_算法与软件/livenbv/evaluate.py,1999,125eb018e12d2f7ff20f697c8e66b59d80866a7f387cff2b4db3c861888e950d,True,
专利/刘智远专利/三项发明专利/专利D_杆件置信度驱动带电安全壳补测航线规划/03_算法与软件/livenbv/pipeline.py,10637,af88c769cb5faa0c669ff3f83f13407980d61feee765eab97dacb4a9a79cf10d,True,
专利/刘智远专利/三项发明专利/专利D_杆件置信度驱动带电安全壳补测航线规划/03_算法与软件/livenbv/planner.py,7170,aa1f4a72c7ca26f16adb22f96e8a13aa63c879d8dc73ec548412bd184230697f,True,
专利/刘智远专利/三项发明专利/专利D_杆件置信度驱动带电安全壳补测航线规划/03_算法与软件/livenbv/safety.py,4483,bb3a487e7f8c8911264c8ddfe8d79cf00e9b73e303bed9ee7734a6f691d5dcc8,True,
专利/刘智远专利/三项发明专利/专利D_杆件置信度驱动带电安全壳补测航线规划/03_算法与软件/livenbv/scenario.py,5708,8a9068bcb182e6b1a0d279aae0035ccad7bd6c7873583de1222abd41de6440f0,True,
专利/刘智远专利/三项发明专利/专利D_杆件置信度驱动带电安全壳补测航线规划/03_算法与软件/livenbv/sensitivity.py,2398,f209393b93c140131f4504b4459e5b42f25e41ff316da8123b45e54fa81659d9,True,
专利/刘智远专利/三项发明专利/专利D_杆件置信度驱动带电安全壳补测航线规划/03_算法与软件/livenbv/viewpoints.py,2867,cac560979b5b8ca778bbcd4b56dc13506691abe0d50a48abede03b8c67b1f583,True,
专利/刘智远专利/三项发明专利/专利D_杆件置信度驱动带电安全壳补测航线规划/03_算法与软件/README.md,2355,ac950082a8741f805ab17f59bdf1638b554050113cfc5aa7f0e31565db2730cf,True,
专利/刘智远专利/三项发明专利/专利D_杆件置信度驱动带电安全壳补测航线规划/03_算法与软件/tests/__pycache__/test_livenbv.cpython-314-pytest-9.1.1.pyc,26171,12772fa9c43380478736db0e9f2ed311bceeb028352849165d049a95d4bb499e,False,运行缓存/审计临时目录
专利/刘智远专利/三项发明专利/专利D_杆件置信度驱动带电安全壳补测航线规划/03_算法与软件/tests/test_livenbv.py,3088,18176e301888f179b76edac454b29528a794dafca998c1cdcc9e1acddf46745a,True,
专利/刘智远专利/三项发明专利/专利D_杆件置信度驱动带电安全壳补测航线规划/04_仿真验证/仿真验证报告.md,6475,6484fd3b688d28206708f0893905202a6996546216578c63c578feac3a1e8964,True,
专利/刘智远专利/三项发明专利/专利D_杆件置信度驱动带电安全壳补测航线规划/04_仿真验证/关键结果摘要.json,6430,1eb67f4e83f365a70c387e34808cb50a334ba7702d34b35013e47b0866e098e9,True,
专利/刘智远专利/三项发明专利/专利D_杆件置信度驱动带电安全壳补测航线规划/04_仿真验证/图/仿真结果对比.png,421674,ae7c786fe6ac0e09a6967a2761901b569ff3cfd8c255a31d22c0cee6b0e6df6d,True,
专利/刘智远专利/三项发明专利/专利D_杆件置信度驱动带电安全壳补测航线规划/04_仿真验证/图/杆件权重与置信度.png,154436,693ff236da49cc2f02e5be2ea84fc35dda0eef780ca402c8bb24c7c91abfb8f5,True,
专利/刘智远专利/三项发明专利/专利D_杆件置信度驱动带电安全壳补测航线规划/04_仿真验证/数据/plot_combined.pkl,126437,d7a5c8178d02add84cd43a8db7711614cfc328e1eca21ba1c9de128b1c147a14,True,
专利/刘智远专利/三项发明专利/专利D_杆件置信度驱动带电安全壳补测航线规划/04_仿真验证/数据/results.json,28762,84728fe6f2056c19bcb3280a27f42911dc670ae60401f9a03a76d2cb3db0de54,True,
专利/刘智远专利/三项发明专利/专利D_杆件置信度驱动带电安全壳补测航线规划/04_仿真验证/数据/run_log.txt,1730,de167d63a36b0f5878706e2d142a307fd61d9df348951c717da00f66089e85a3,True,
专利/刘智远专利/三项发明专利/专利D_杆件置信度驱动带电安全壳补测航线规划/04_仿真验证/脚本/make_figures.py,7815,1c0e56eb71c439568bf08994f46cbea8e132ea948611ec3f76296904f74be77f,True,
专利/刘智远专利/三项发明专利/专利D_杆件置信度驱动带电安全壳补测航线规划/04_仿真验证/脚本/run_all.py,3840,f201f050bb1f39d8e44880e7791d64130c96f4413c72c04e0dfa1d66b47d6bbb,True,
专利/刘智远专利/三项发明专利/专利D_杆件置信度驱动带电安全壳补测航线规划/05_硬件设计/_tmp/dl409_draft.pdf,489584,056219f4c484a5581634031f099df1867d7708a31c26b74b2f71f3af0e512f7b,True,
专利/刘智远专利/三项发明专利/专利D_杆件置信度驱动带电安全壳补测航线规划/05_硬件设计/_tmp/dl409_draft.pdf.txt,20548,994319079ae42c4b912fffdfcede4b6a918bc773b6088934cb1608ff814c0cbb,True,
专利/刘智远专利/三项发明专利/专利D_杆件置信度驱动带电安全壳补测航线规划/05_硬件设计/_tmp/fetch_pdf.py,999,47223e1e0da1588f92a48d854a09a00667c71d18d93e03cb31b3c79bd92a8c9a,True,
专利/刘智远专利/三项发明专利/专利D_杆件置信度驱动带电安全壳补测航线规划/05_硬件设计/模型/edges_iso.json,765299,ea5ef4bf06fdce991f13580ab74bf33174f13b85d82745add6bac080683e00e9,True,
专利/刘智远专利/三项发明专利/专利D_杆件置信度驱动带电安全壳补测航线规划/05_硬件设计/模型/机载实时评估装置.FCStd,25748,aae2fe5fb17aaaef6f13f636f80b59afa78c33aee8c4ec9e05e560cfbdfecd04,True,
专利/刘智远专利/三项发明专利/专利D_杆件置信度驱动带电安全壳补测航线规划/05_硬件设计/模型/机载实时评估装置.step,205134,a678a68bfefc23a6f3e71e76734f2c4b5358ac7477572fdd239ba2e8ca5ea0bb,True,
专利/刘智远专利/三项发明专利/专利D_杆件置信度驱动带电安全壳补测航线规划/05_硬件设计/模型/构建记录.json,2304,7fe5a95ef298e8ff6d76887b180154f553500556cb9a9ed9ecdba69f1b692738,True,
专利/刘智远专利/三项发明专利/专利D_杆件置信度驱动带电安全壳补测航线规划/05_硬件设计/硬件设计说明.md,3668,69b36ac0879e709758ca6dcdf52e696b093f5ce2dddec6dd8214f48c8960b0e7,True,
专利/刘智远专利/三项发明专利/专利D_杆件置信度驱动带电安全壳补测航线规划/05_硬件设计/脚本/build_device.py,4934,0d3d1e3873bd090be7f799e429afad80dd6509f17249ee59b9aac9c2f0d78cdf,True,
专利/刘智远专利/三项发明专利/专利D_杆件置信度驱动带电安全壳补测航线规划/05_硬件设计/脚本/draw_figures.py,10608,9d97000b1465bd13f766462fafc23522961c5b5441e3b5711c7ba7b5231f4ee0,True,
专利/刘智远专利/三项发明专利/专利D_杆件置信度驱动带电安全壳补测航线规划/05_硬件设计/预览/图1_方法流程.png,37661,21795ed7a7a62638b1feaf8dcbcd37060b1727c7e2f57c6f691320c7fa0c231f,True,
专利/刘智远专利/三项发明专利/专利D_杆件置信度驱动带电安全壳补测航线规划/05_硬件设计/预览/图2_系统框图.png,31066,ca9db5fee2cd3cd7c6ce39536e858436407da2be334e40833c02ade89f8e3e23,True,
专利/刘智远专利/三项发明专利/专利D_杆件置信度驱动带电安全壳补测航线规划/05_硬件设计/预览/图3_三态判别示意.png,24966,5f7717727cbe56fd7b2abd3e7392c3e0fa411928cf32511c9e33c54d0b1194b8,True,
专利/刘智远专利/三项发明专利/专利D_杆件置信度驱动带电安全壳补测航线规划/05_硬件设计/预览/图4_置信度灵敏度加权示意.png,28001,22430ca265d7f56f3f22b813dc028714a24e1094748c3ecb2d19fba969ec724b,True,
专利/刘智远专利/三项发明专利/专利D_杆件置信度驱动带电安全壳补测航线规划/05_硬件设计/预览/图7_机载装置电路数据流框图.png,42457,a1e85d3b9c430b045069728186434d7dc767281cae241568ae7d4398bc5d3f98,True,
专利/刘智远专利/三项发明专利/专利D_杆件置信度驱动带电安全壳补测航线规划/05_硬件设计/预览/图8_装置结构轴测与爆炸.png,102615,d90d331c21b4158c9338c99516f033b214e9ca9292b8e78f88737d5b8c69452e,True,
专利/刘智远专利/三项发明专利/专利D_杆件置信度驱动带电安全壳补测航线规划/06_附图/无标注版/图1_方法流程.png,60580,1ee57d6c25c59bf0c40e8df8684a9c28f86ca5d5ba34ffd9252cb497c19bb090,True,
专利/刘智远专利/三项发明专利/专利D_杆件置信度驱动带电安全壳补测航线规划/06_附图/无标注版/图2_系统框图.png,61722,e8a6cd3789c190648a117c9b4fd328546c63d2a5534e8aab21d39a1286063301,True,
专利/刘智远专利/三项发明专利/专利D_杆件置信度驱动带电安全壳补测航线规划/06_附图/无标注版/图3_三态判别示意.png,112864,fd0aca113008ed171c546bd73d30c8df0993b4f78510e297f766bf922af06308,True,
专利/刘智远专利/三项发明专利/专利D_杆件置信度驱动带电安全壳补测航线规划/06_附图/无标注版/图4_置信度灵敏度加权示意.png,118389,e716dee0e5038812ebeccbe6701146f7a0873339494c9ead3d2c4f984b18eaaf,True,
专利/刘智远专利/三项发明专利/专利D_杆件置信度驱动带电安全壳补测航线规划/06_附图/无标注版/图5_安全壳与候选视点.png,288565,e95db501268b072cf203be387da365280233c695ff4fe365ffdeaa38ac08ac88,True,
专利/刘智远专利/三项发明专利/专利D_杆件置信度驱动带电安全壳补测航线规划/06_附图/无标注版/图6_补测航线.png,266807,94bf520010af26e5cb9e412624277edd0224937c823cc558426f131c5cd96ff3,True,
专利/刘智远专利/三项发明专利/专利D_杆件置信度驱动带电安全壳补测航线规划/06_附图/无标注版/图7_机载装置电路数据流框图.png,109794,27fa6509884f75c7df727e1787b9f92085efbb9d3b7311b04bfceb5fe5b22dee,True,
专利/刘智远专利/三项发明专利/专利D_杆件置信度驱动带电安全壳补测航线规划/06_附图/无标注版/图8_装置结构轴测与爆炸.png,468446,5f268ceeb6dee67b80c5ab55875a5e83f76151f34e544cc78ba5c7093c947172,True,
专利/刘智远专利/三项发明专利/专利D_杆件置信度驱动带电安全壳补测航线规划/06_附图/无标注版/图9_仿真结果.png,421674,ae7c786fe6ac0e09a6967a2761901b569ff3cfd8c255a31d22c0cee6b0e6df6d,True,
专利/刘智远专利/三项发明专利/专利D_杆件置信度驱动带电安全壳补测航线规划/06_附图/标注版/图1_方法流程.png,163076,f9f252a82b01b857288538b6d731540fbf44463990fa322e19aae14e0c9904ef,True,
专利/刘智远专利/三项发明专利/专利D_杆件置信度驱动带电安全壳补测航线规划/06_附图/标注版/图2_系统框图.png,138641,d3275a2a5dea67080a13107e34584a531ac0a27e9cd882768f81f2616a5d5747,True,
专利/刘智远专利/三项发明专利/专利D_杆件置信度驱动带电安全壳补测航线规划/06_附图/标注版/图3_三态判别示意.png,125586,5d77e49148e686a46314c631ce6168982a2edf4a8dacbf8e81236717ddc909cc,True,
专利/刘智远专利/三项发明专利/专利D_杆件置信度驱动带电安全壳补测航线规划/06_附图/标注版/图4_置信度灵敏度加权示意.png,139111,57071d8ac030a0fffbdae4f785c8f7bb767212b0a4e6e46c1897064262761055,True,
专利/刘智远专利/三项发明专利/专利D_杆件置信度驱动带电安全壳补测航线规划/06_附图/标注版/图7_机载装置电路数据流框图.png,197367,33bf2b60b28ed55246379544957601658be6b3ed6fbc69388f719543812d12dd,True,
专利/刘智远专利/三项发明专利/专利D_杆件置信度驱动带电安全壳补测航线规划/06_附图/标注版/图8_装置结构轴测与爆炸.png,561375,7df1e1e3d6da942828e004b30ff91de28b3ee50b608addc6c4d29b03de588bc2,True,
专利/刘智远专利/三项发明专利/专利D_杆件置信度驱动带电安全壳补测航线规划/06_附图/附图标记.json,2225,81f02ddb13e5ad3c4f6a0a3e978ce2dd012489c97539f0b99c6d5efd509b4274,True,
专利/刘智远专利/三项发明专利/专利D_杆件置信度驱动带电安全壳补测航线规划/07_申请文件/权利要求书.docx,40270,cc1135def09248f710457019a4f1155cab90545a0fe9aa333f5ed9c6b7ff0ce6,True,
专利/刘智远专利/三项发明专利/专利D_杆件置信度驱动带电安全壳补测航线规划/07_申请文件/权利要求书.md,8877,fb927b2cb7b88ad6445eee6304dc99e0612bde93c2868295e75db53b50ce54dd,True,
专利/刘智远专利/三项发明专利/专利D_杆件置信度驱动带电安全壳补测航线规划/07_申请文件/说明书.docx,40965,59cd25345960a7ab7c8519aa681267ec9a8699bff3f5facee4ab6c90be448fa7,True,
专利/刘智远专利/三项发明专利/专利D_杆件置信度驱动带电安全壳补测航线规划/07_申请文件/说明书.md,8452,3c1bc71827b1cd374f74fa4fa4fa4df413522c90f9609eeef10db03b616c5c7e,True,
专利/刘智远专利/三项发明专利/专利D_杆件置信度驱动带电安全壳补测航线规划/07_申请文件/说明书摘要.docx,37304,cda511ef88141352ffe028b316c09147534fa022dc03685b41a9125cc1d44ada,True,
专利/刘智远专利/三项发明专利/专利D_杆件置信度驱动带电安全壳补测航线规划/07_申请文件/说明书摘要.md,847,da49980a896a44bbe1c223597292ac1ddfd4babd0ab23ac955571e8fdaa2eae2,True,
专利/刘智远专利/三项发明专利/专利D_杆件置信度驱动带电安全壳补测航线规划/08_脚本/md2docx_D.py,1767,0f3a63885b873114b8d710b70773f551f78a2bd2b96c366bc48a6ea4e8f247fc,True,
专利/刘智远专利/三项发明专利/专利E_桁架图投影驱动的视频振型识别/01_调研与查新/文献/D1_Yang_arXiv1712.06566.pdf,1012531,ed9af55f4b77708cd78285e75d2c9f4b6cce62b6c0a11cd5f5b1d451e3308def,True,
专利/刘智远专利/三项发明专利/专利E_桁架图投影驱动的视频振型识别/01_调研与查新/文献/D2_Chen2015_NDTCE.pdf,196517,c8e676088c1a24b4ca9ad3ce1c2d51833f2e6635c113e8fb2c1f1a04d30b4d87,True,
专利/刘智远专利/三项发明专利/专利E_桁架图投影驱动的视频振型识别/01_调研与查新/查新与创新点分析报告.docx,39201,4c72c091d50df11e8f9ddfa6704e01b01e32beaa4b038366e6ded111922b3165,True,
专利/刘智远专利/三项发明专利/专利E_桁架图投影驱动的视频振型识别/01_调研与查新/查新与创新点分析报告.md,3965,2cc1db247eb2ffa83f6161956687d3ef128bc98c7525a0220ff3f1a2ce1ec037,True,
专利/刘智远专利/三项发明专利/专利E_桁架图投影驱动的视频振型识别/01_调研与查新/检索记录.docx,39506,f4ac8950d37152c7b92109c3b8be93444b3847e2b5275557ea4abee6cdadb105,True,
专利/刘智远专利/三项发明专利/专利E_桁架图投影驱动的视频振型识别/01_调研与查新/检索记录.md,4465,c72dadda8989df33827af7fea42c11ca2f7670a91eb711e21da693f09305bb4a,True,
专利/刘智远专利/三项发明专利/专利E_桁架图投影驱动的视频振型识别/02_技术交底书/技术交底书.docx,39333,ddc27e605473c02de4eccc680f411c6cd37308909c76e327740de7c2d163c333,True,
专利/刘智远专利/三项发明专利/专利E_桁架图投影驱动的视频振型识别/02_技术交底书/技术交底书.md,4531,d7d50f307239e4f0d4264d5c0e574fb2aaa610ecc4d4a8978fa3b14fe2709d33,True,
专利/刘智远专利/三项发明专利/专利E_桁架图投影驱动的视频振型识别/03_算法与软件/trussvid/__init__.py,1026,fdc9f61aeaec8e76ab7b39a3c21186d7dad3cca57122731fc3da7462353485da,True,
专利/刘智远专利/三项发明专利/专利E_桁架图投影驱动的视频振型识别/03_算法与软件/trussvid/__pycache__/__init__.cpython-314.pyc,1323,c893c65b0bc10cad07a85f9759eac9e0636d4baf771ae4ef80b6c9e16c3830e0,False,运行缓存/审计临时目录
专利/刘智远专利/三项发明专利/专利E_桁架图投影驱动的视频振型识别/03_算法与软件/trussvid/__pycache__/_tk.cpython-314.pyc,1564,ce823658f99b58bf225f2e6e3943b4d67ef054e25d4329634576fc32fc54f58e,False,运行缓存/审计临时目录
专利/刘智远专利/三项发明专利/专利E_桁架图投影驱动的视频振型识别/03_算法与软件/trussvid/__pycache__/bands.cpython-314.pyc,13051,ea3f463d9fe3e63c481e0d10166ac675981ddc8b9fa81d1017f8a63420bdd147,False,运行缓存/审计临时目录
专利/刘智远专利/三项发明专利/专利E_桁架图投影驱动的视频振型识别/03_算法与软件/trussvid/__pycache__/baselines.cpython-314.pyc,9449,098df4e8b2e08913f6f19e77f4bffb26ddb8df1b9d019c6f2b1725710e2520bc,False,运行缓存/审计临时目录
专利/刘智远专利/三项发明专利/专利E_桁架图投影驱动的视频振型识别/03_算法与软件/trussvid/__pycache__/camera.cpython-314.pyc,11182,5ee65301156856cf76b8c539af51dc9e2cf6008751ba356b1e1cc59e7a81049d,False,运行缓存/审计临时目录
专利/刘智远专利/三项发明专利/专利E_桁架图投影驱动的视频振型识别/03_算法与软件/trussvid/__pycache__/oma.cpython-314.pyc,12263,5f12a5c8b90b70850f9f853a7584a057912de0783bf719a77dea61c3aba17950,False,运行缓存/审计临时目录
专利/刘智远专利/三项发明专利/专利E_桁架图投影驱动的视频振型识别/03_算法与软件/trussvid/__pycache__/operator.cpython-314.pyc,16303,aa555a6e5e3d175b36acfdc70594f7193590152ba488f99b6a1943e632d9facd,False,运行缓存/审计临时目录
专利/刘智远专利/三项发明专利/专利E_桁架图投影驱动的视频振型识别/03_算法与软件/trussvid/__pycache__/pipeline.cpython-314.pyc,35705,36aee60a9a4a943c5105e2db80bcc3f22673580e75c92fb579d57f0f0af6cf41,False,运行缓存/审计临时目录
专利/刘智远专利/三项发明专利/专利E_桁架图投影驱动的视频振型识别/03_算法与软件/trussvid/__pycache__/shake.cpython-314.pyc,6133,605c5eafc6ccf25cf0efdb7ee35f81cefca007bf35aa2435b6ad270ec093955b,False,运行缓存/审计临时目录
专利/刘智远专利/三项发明专利/专利E_桁架图投影驱动的视频振型识别/03_算法与软件/trussvid/__pycache__/synth.cpython-314.pyc,24446,22eee69ba9a8e557fa7e5a3e703a155bf4d69d2f995ff6ac5b38c2d53bada2f2,False,运行缓存/审计临时目录
专利/刘智远专利/三项发明专利/专利E_桁架图投影驱动的视频振型识别/03_算法与软件/trussvid/_tk.py,715,d77564264476efaef0084474d5c2dddb805e30fa3a06802f108ade0557f8fa90,True,
专利/刘智远专利/三项发明专利/专利E_桁架图投影驱动的视频振型识别/03_算法与软件/trussvid/bands.py,5886,ece638b51a575241275bb9121755652aa25798977a640ce912c90728205cc9ef,True,
专利/刘智远专利/三项发明专利/专利E_桁架图投影驱动的视频振型识别/03_算法与软件/trussvid/baselines.py,4677,a0ecd6fe01bd1ed388420cb09846077e8f296284169d18546418af4db01c7436,True,
专利/刘智远专利/三项发明专利/专利E_桁架图投影驱动的视频振型识别/03_算法与软件/trussvid/camera.py,4750,54628bad31111f5c806ff66a1efed4edb7702ae07effc3b75a949739e4ab4f0f,True,
专利/刘智远专利/三项发明专利/专利E_桁架图投影驱动的视频振型识别/03_算法与软件/trussvid/cli.py,2397,e216ae0cfe61066d325c1c1309eaabd445a1809a5e7406288210b0388acb3078,True,
专利/刘智远专利/三项发明专利/专利E_桁架图投影驱动的视频振型识别/03_算法与软件/trussvid/oma.py,4896,f5ca14f6fd3c34644fd9e81bdf8828d0be9a884efb800664854fce137e52b482,True,
专利/刘智远专利/三项发明专利/专利E_桁架图投影驱动的视频振型识别/03_算法与软件/trussvid/operator.py,7381,2a3a98e0a6490f5eea3584b2fcb8d58383c56dbf7302a21ee876a95a0ecacad1,True,
专利/刘智远专利/三项发明专利/专利E_桁架图投影驱动的视频振型识别/03_算法与软件/trussvid/pipeline.py,18704,60e1a05417137a7964a1fd34d364b0eee0197df4e5bb3ec87fff7ad951b91c02,True,
专利/刘智远专利/三项发明专利/专利E_桁架图投影驱动的视频振型识别/03_算法与软件/trussvid/shake.py,3229,2a72aed8bbaa0d35af4566dfb2618355f605aa007416c3c004c525339abbe0b7,True,
专利/刘智远专利/三项发明专利/专利E_桁架图投影驱动的视频振型识别/03_算法与软件/trussvid/synth.py,12432,7d501049f71e5769d87e1cbc516ea3c2d68120f8570a3d44db764c95e53b621d,True,
专利/刘智远专利/三项发明专利/专利E_桁架图投影驱动的视频振型识别/04_仿真验证/数据/_figdata_main.pkl,3158584,846771eff36255a413ae9221dca9b11bc02d29741e95dcf1b17fdcaa0def2e33,True,
专利/刘智远专利/三项发明专利/专利E_桁架图投影驱动的视频振型识别/04_仿真验证/数据/_stdout_ablA.txt,16638,183fd95cdf565357c43b298de3258710f67f756a5695d40583abc443ddb97e6a,True,
专利/刘智远专利/三项发明专利/专利E_桁架图投影驱动的视频振型识别/04_仿真验证/数据/_stdout_main.txt,8460,0bdf6691e471a23911ecf971ae1667909f1c87b100ebfbbdf6f65e28ebc759e1,True,
专利/刘智远专利/三项发明专利/专利E_桁架图投影驱动的视频振型识别/04_仿真验证/数据/ablA.json,63552,10b468cc78e9cc0bcb425baa6f9c1d8b01b9d70219ab6bed919dd17315079047,True,
专利/刘智远专利/三项发明专利/专利E_桁架图投影驱动的视频振型识别/04_仿真验证/数据/main.json,47134,047110691128bd243fb623875cd2c0492aecd81ccb9b0b18f41933b3e0f163d1,True,
专利/刘智远专利/三项发明专利/专利E_桁架图投影驱动的视频振型识别/04_仿真验证/数据/run_log_ablA.txt,12022,ce252363c3705b924999de1c107a3b3fe7bd6480cd2f76a7e47100a66e1cbdb7,True,
专利/刘智远专利/三项发明专利/专利E_桁架图投影驱动的视频振型识别/04_仿真验证/数据/run_log_main.txt,5678,99eb39d39bc65acbb7bb20319dce2508e2336d8d6204de29572eb43a75be0a37,True,
专利/刘智远专利/三项发明专利/专利E_桁架图投影驱动的视频振型识别/04_仿真验证/脚本/_basis_e.py,1946,a069add51accb95b0920e5b41152e18fc2e675644b4191cb5f339654aba17c75,True,
专利/刘智远专利/三项发明专利/专利E_桁架图投影驱动的视频振型识别/04_仿真验证/脚本/_dev_e.log,4404,f4c1494d516598dc84854efa1eeb3a419643865aa5f056c66a0ac1926dc6d3d4,True,
专利/刘智远专利/三项发明专利/专利E_桁架图投影驱动的视频振型识别/04_仿真验证/脚本/_dev_e.py,1344,cb5c2be228a49c37fa7f4ce617338eecd4b8db92bfedbe9846613268ece97033,True,
专利/刘智远专利/三项发明专利/专利E_桁架图投影驱动的视频振型识别/04_仿真验证/脚本/_diag_e.py,2492,62525d19aba7e66bc754ac35ae4dc49bdf2b649d00276b6b7183f9f527747ea4,True,
专利/刘智远专利/三项发明专利/专利E_桁架图投影驱动的视频振型识别/04_仿真验证/脚本/_modes_e.py,1672,597645d92ade174047dbbc3ae350aaf29fcafc3833afc839ea408a3e1a880ade,True,
专利/刘智远专利/三项发明专利/专利E_桁架图投影驱动的视频振型识别/04_仿真验证/脚本/_ssi_e.py,2200,49e011f3269d832540544d8a9287c52b49a5035425c933b333c3c2277f683109,True,
专利/刘智远专利/三项发明专利/专利E_桁架图投影驱动的视频振型识别/04_仿真验证/脚本/run_all.py,9583,230cfc32ad78947f42af66f2e4b7c401b1e581b7d259107a201917dc9f547455,True,
专利/刘智远专利/三项发明专利/专利E_桁架图投影驱动的视频振型识别/05_硬件设计/模型/edges.json,47247,38a201714db7de24689702b1169c887d09a2720c41a3d69a4eccc561a02e31e7,True,
专利/刘智远专利/三项发明专利/专利E_桁架图投影驱动的视频振型识别/05_硬件设计/模型/地面同步测振相机装置.FCStd,30876,72323209fd918b844ab799a69336cc952fd75af05b9ed06ff8097079719323c6,True,
专利/刘智远专利/三项发明专利/专利E_桁架图投影驱动的视频振型识别/05_硬件设计/模型/地面同步测振相机装置.step,226808,bf92ff0fb4a60db7dbcf3e8c30823a43eb528f67f933e928c2e77981fb935a8d,True,
专利/刘智远专利/三项发明专利/专利E_桁架图投影驱动的视频振型识别/05_硬件设计/模型/构建记录.json,2554,ec8c5621c10e9898caed0aafbf3cad343108c11277ca527c5e157e6f77f4cabe,True,
专利/刘智远专利/三项发明专利/专利E_桁架图投影驱动的视频振型识别/05_硬件设计/硬件设计说明.md,4539,b12b20039e5e64859f765dff55aad38c0b1aa7c334a755cb769efbc10b23ee74,True,
专利/刘智远专利/三项发明专利/专利E_桁架图投影驱动的视频振型识别/05_硬件设计/脚本/build_camera_station.py,6011,30063437d8854958fd4456aeea085fb7d8c4add788b687ed4f72dc6e57a3f6da,True,
专利/刘智远专利/三项发明专利/专利E_桁架图投影驱动的视频振型识别/05_硬件设计/脚本/make_figures.py,8282,7ea87146dbc120907e795e4cdbca292bf3f59c995af207f68d241a3d981450d0,True,
专利/刘智远专利/三项发明专利/专利E_桁架图投影驱动的视频振型识别/05_硬件设计/预览/图5_相机装置轴测图.png,386578,6453d0b9755c00027f262d422c83a82933d21e7b161cc1a738fb6ff81bfeaf2f,True,
专利/刘智远专利/三项发明专利/专利E_桁架图投影驱动的视频振型识别/05_硬件设计/预览/图6_相机装置爆炸图.png,337795,1b993fa5dadc06bfc5731f89750f6470db4c9db471713eef54717e3a0e10be55,True,
专利/刘智远专利/三项发明专利/专利E_桁架图投影驱动的视频振型识别/06_附图/无标注版/图1_方法流程.png,134118,c2b1d415c64415a8fc73080060c8362e4ae79dd6d1f717297145b242ea39f313,True,
专利/刘智远专利/三项发明专利/专利E_桁架图投影驱动的视频振型识别/06_附图/无标注版/图2_系统框图.png,132836,4d8ce92f09d68bea0eb0aa793a892f7fd3287b4ac89f5dfb78fde6e2782d93c5,True,
专利/刘智远专利/三项发明专利/专利E_桁架图投影驱动的视频振型识别/06_附图/无标注版/图5_相机装置轴测图.png,321102,234d76c6e2e0e2c69f15521655dbbdc961edfba8f3573af7e7f3f318c3417595,True,
专利/刘智远专利/三项发明专利/专利E_桁架图投影驱动的视频振型识别/06_附图/无标注版/图6_相机装置爆炸图.png,280480,64c10624b97c75dcaaf988b9ce93d14bd9f7efdb8e631f7bd50be7e5e776c8b0,True,
专利/刘智远专利/三项发明专利/专利E_桁架图投影驱动的视频振型识别/06_附图/无标注版/图7_同步与电路框图.png,133624,6bb4061ab27d0eba6049d824231d455cb9321c1f58d2851adb7d7e4b274205f1,True,
专利/刘智远专利/三项发明专利/专利E_桁架图投影驱动的视频振型识别/06_附图/无标注版/图8_多相机布站平面图.png,164908,f0e6012e0df3b7588f3ae6b72e31587988bab9a024ef665fccfa9f60a974c091,True,
专利/刘智远专利/三项发明专利/专利E_桁架图投影驱动的视频振型识别/06_附图/标注版/图1_方法流程.png,134672,9b7c46931bd67e93c7fe12b57cafdcf65a2f2215544a0022a069ae5cd72d5cbe,True,
专利/刘智远专利/三项发明专利/专利E_桁架图投影驱动的视频振型识别/06_附图/标注版/图2_系统框图.png,155672,12cab67438a6e095f6c5b4f6b8d920bf55a6924fb58ab7cb9f43d3fc8945c241,True,
专利/刘智远专利/三项发明专利/专利E_桁架图投影驱动的视频振型识别/06_附图/标注版/图5_相机装置轴测图.png,386578,6453d0b9755c00027f262d422c83a82933d21e7b161cc1a738fb6ff81bfeaf2f,True,
专利/刘智远专利/三项发明专利/专利E_桁架图投影驱动的视频振型识别/06_附图/标注版/图6_相机装置爆炸图.png,337795,1b993fa5dadc06bfc5731f89750f6470db4c9db471713eef54717e3a0e10be55,True,
专利/刘智远专利/三项发明专利/专利E_桁架图投影驱动的视频振型识别/06_附图/标注版/图7_同步与电路框图.png,169980,3c4e7d10370beadc99dada691150dbc41a2ddb0bb4b8d79cd39e483a0d1cc65f,True,
专利/刘智远专利/三项发明专利/专利E_桁架图投影驱动的视频振型识别/06_附图/标注版/图8_多相机布站平面图.png,185858,0d086cff1923fb089e1035b9b88c398df141d4ed4864c46a52700f3f052a49f9,True,
专利/刘智远专利/三项发明专利/专利E_桁架图投影驱动的视频振型识别/06_附图/附图标记.json,2116,6d6b40549c8bf7b569badb89c97a41c376444f61c0f0379480841c0a5d01bd70,True,
专利/刘智远专利/三项发明专利/专利E_桁架图投影驱动的视频振型识别/07_申请文件/权利要求书.docx,39356,fa28f8e4dfbde4ce31fd11b864c5ade8729b88f55da951ac6eb8c7973e12e18a,True,
专利/刘智远专利/三项发明专利/专利E_桁架图投影驱动的视频振型识别/07_申请文件/权利要求书.md,6646,572d371a4fa522a034c1fa7a648070882141168fef27649bce828a0fba236ef3,True,
专利/刘智远专利/三项发明专利/专利E_桁架图投影驱动的视频振型识别/07_申请文件/说明书.docx,40729,6afc6600f8cb30ba0475ddcd49ae3bb223b15d1728043c62e97095103f3214cd,True,
专利/刘智远专利/三项发明专利/专利E_桁架图投影驱动的视频振型识别/07_申请文件/说明书.md,7745,5828307bf88ca71c14e0ad20f7a69359894ebb8907b56b2562888e78e8768afc,True,
专利/刘智远专利/三项发明专利/专利E_桁架图投影驱动的视频振型识别/07_申请文件/说明书摘要.docx,37257,2aaf4aef1c95bf635b518678f9e6a0c627608f2f46d2718a1471ce09c90c79a5,True,
专利/刘智远专利/三项发明专利/专利E_桁架图投影驱动的视频振型识别/07_申请文件/说明书摘要.md,830,78309089962c569375be3ca49742d78aea2c249903a8f31d70edc88e6fd6ea6e,True,
专利/刘智远专利/三项发明专利/专利E_桁架图投影驱动的视频振型识别/08_脚本/md2docx_E.py,1767,0f3a63885b873114b8d710b70773f551f78a2bd2b96c366bc48a6ea4e8f247fc,True,
专利/刘智远专利/工程实现_20261003/data/calibrated_geometry_case.json,9891,ca22c8ca2ace664c351908e509e00439137d7ee1c3949af8497c543553139ea3,True,
专利/刘智远专利/工程实现_20261003/data/calibrated_geometry_result/gaussian_members.json,547,efff131e7441a0694f30c52f267c7da07eae3a118cf1311e5c97f8bfa573f266,True,
专利/刘智远专利/工程实现_20261003/data/calibrated_geometry_result/result.json,70684,fe79b44d2d55f38732bbea0cd1319d6061df56ce55d2a224d772e60a0b70c3ac,True,
专利/刘智远专利/工程实现_20261003/data/calibrated_geometry_result/surface_gaussians.ply,46218,7555de5ba52debeeb29a83f56984f8210ba92d90f2b3fbe3ceb0196e5cba1670,True,
专利/刘智远专利/工程实现_20261003/deliverables/workbench/case.json,2020,1212f30374037ad1659c2c9cd3103c61df24161332fcd2cf31ee0e7cca6b37d4,True,
专利/刘智远专利/工程实现_20261003/deliverables/workbench/gaussian_members.json,515,adb9c31cc4af8286e63970aab3e6ca27834906188ed1b520b153e288d94243de,True,
专利/刘智远专利/工程实现_20261003/deliverables/workbench/result.json,55796,c2dee2ec328a99d29f4f973b4277e7420db944e3f611b7a31167770b640a3a1d,True,
专利/刘智远专利/工程实现_20261003/deliverables/workbench/surface_gaussians.ply,43376,8f424cd2f4c2f8b585967aaa2dbf114fd9c8bb1db714ed7001a9ab202cb30a19,True,
专利/刘智远专利/工程实现_20261003/docs/data_api.md,15103,9383e0e11c03f575f8e0d7e5e420c0454d22f6cfb4d2dd6b8c77330d51092198,True,
专利/刘智远专利/工程实现_20261003/docs/implementation_status.md,8249,6a092e0cfc9642f77f625e9e2b2f4e90b375fb4a9b65e91cca56c1a645c07859,True,
专利/刘智远专利/工程实现_20261003/docs/industrialization.md,6220,1064f5386819cb96c31ee0b53b0b6b7b6921f21f52abc6bc8fed3dad8597ce73,True,
专利/刘智远专利/工程实现_20261003/docs/patent_scope_and_evidence.md,4818,a2857e8e3aa3552d89b1ab13c7308d038ffcd3f84120ba56609c156876fd6639,True,
专利/刘智远专利/工程实现_20261003/docs/system_requirements.md,10487,529159654b147a0eff76562b44b9271d96c8901bb15ca19ad659293fdbe26c01,True,
专利/刘智远专利/工程实现_20261003/hardware/BOM.csv,3024,d4f48aa30a623417dd10888be932c3089ef109f3782011872ff90d053f9a3959,True,
专利/刘智远专利/工程实现_20261003/hardware/INTERFACE_CONTROL.md,3935,ab62e16b1c7b0fe3e3c668a6a115df85979acaa905d5663b9f95166ee1a397b4,True,
专利/刘智远专利/工程实现_20261003/hardware/POWER_EMI_STORAGE.md,4103,00303884ecce0a805b1addf33ad7e260a1448d6ff25b226b6cc0cbb12583cbbb,True,
专利/刘智远专利/工程实现_20261003/hardware/power_mass_budget.csv,2270,cc21d90baa5e70f543e620aaad98fa79a0aed8d164e91996faf429d7157574d2,True,
专利/刘智远专利/工程实现_20261003/hardware/README.md,5067,9435dfe55405835974d5bc8a94d25e32408a7c750196668caaf03767df590457,True,
专利/刘智远专利/工程实现_20261003/hardware/sources.csv,1795,604950c4394482891b947f738229c4a437fe1078da539a3c8038ff2a26cc6aad,True,
专利/刘智远专利/工程实现_20261003/hardware/SYNC_DATA_PROTOCOL.md,5307,44d6d28fb32ae99cfa755c1dfd9b0c4e60b44c021229c8fef2dc321b11f28744,True,
专利/刘智远专利/工程实现_20261003/hardware/validation_summary.json,1510,40ac01e566b3ba9d6f7d5ac131d6b6dd34c2913cfdeb7a0090fbf478f09d176c,True,
专利/刘智远专利/工程实现_20261003/mechanical/BOM.csv,5926,fb7332874aa8a9b0ffbebfaa20bc05563dc9d58bc16c6f372bf3728e22eb474f,True,
专利/刘智远专利/工程实现_20261003/mechanical/cad_jobs/000_create_document.py,222,c4f25f5ba809dcfd7b4b4426a05c1c4ff4ddc0fe599d74782d3474bc103ebde3,True,
专利/刘智远专利/工程实现_20261003/mechanical/cad_jobs/001_model_BaseFront.py,608,70d1d1155ee1552e634e0add003d1a8037d13133a27032ff9346493220b46af0,True,
专利/刘智远专利/工程实现_20261003/mechanical/cad_jobs/002_model_BaseRear.py,604,dfbe3cb17abd65a72279a639116cab26342effe8c15a37de391705a607c0d6f5,True,
专利/刘智远专利/工程实现_20261003/mechanical/cad_jobs/003_model_BaseLeft.py,606,dd6f1f7dac82437122b8cc1942aaa2db94be12007b500d8ca9ac44339548695f,True,
专利/刘智远专利/工程实现_20261003/mechanical/cad_jobs/004_model_BaseRight.py,606,109f8ea85d7ca7f40db50577efa5274a8f61b8f26aff548ad8959080cda1ca25,True,
专利/刘智远专利/工程实现_20261003/mechanical/cad_jobs/005_model_Upright0.py,606,7d12618feaa2565b7a4d2d1982de552c97ecf5772ff35dd7ab5c4165df594af2,True,
专利/刘智远专利/工程实现_20261003/mechanical/cad_jobs/006_model_Upright1.py,604,86d6d6effef4d64ef1401f318288106355b27c7e0efc2404aa720ce111d0b323,True,
专利/刘智远专利/工程实现_20261003/mechanical/cad_jobs/007_model_Crossbar.py,606,461896f5245e97c5213af8e433ca0c8f95c468b9d1f0c1eebe1de0b4e88b98ca,True,
专利/刘智远专利/工程实现_20261003/mechanical/cad_jobs/008_model_Brace0.py,613,1f678f4c1449dd8bee80d97e491a32b6ac3750f047438437424f45c822355872,True,
专利/刘智远专利/工程实现_20261003/mechanical/cad_jobs/009_model_Brace1.py,611,f57ddff207e59ca2242922be50c5d68217fbb4bc207343c31c02188f3d5c5076,True,
专利/刘智远专利/工程实现_20261003/mechanical/cad_jobs/010_model_CouponArm0.py,608,b3f12db9be95f56a3d4fb40c0a96e0162db851db4628e92e8dbdfddddd1612c0,True,
专利/刘智远专利/工程实现_20261003/mechanical/cad_jobs/011_model_CouponArm1.py,606,ba690ddc004ef075eb14f97e24f9a2cdada89f0b1a07c8c25cd59209257510ff,True,
专利/刘智远专利/工程实现_20261003/mechanical/cad_jobs/012_model_TargetArm0.py,606,568101280ae8826390f5816db8037c1f9080ba82ee758a76b38f51276061b446,True,
专利/刘智远专利/工程实现_20261003/mechanical/cad_jobs/013_model_TargetArm1.py,604,15d19485729fd361120662e5e2b717f3eff623f735ab4a8a2df4fb2add5899ae,True,
专利/刘智远专利/工程实现_20261003/mechanical/cad_jobs/014_model_TargetArm2.py,609,8fa4533ad52ae6e375539fd348de4ab8258809fb05fb3e6a9f35f4502caf6750,True,
专利/刘智远专利/工程实现_20261003/mechanical/cad_jobs/015_model_TargetArm3.py,606,da8c366c772e14199ba153aae8cbeba4c5e65be47ee0ebb909d7a88926d73776,True,
专利/刘智远专利/工程实现_20261003/mechanical/cad_jobs/016_model_C08.py,636,201a3a8c1d2936d21fe72b0bef1f6ba206ebf5eacb07d721820f6aa8fe5a8da8,True,
专利/刘智远专利/工程实现_20261003/mechanical/cad_jobs/017_model_C10.py,639,cc6d32f5095c6df657533b769780d1b13dd822beced0cb58a23784422b155cd5,True,
专利/刘智远专利/工程实现_20261003/mechanical/cad_jobs/018_model_ClampPlate0.py,562,aa41f84a3505fef3b568076e599b7e39340d5ed5140c1ae5fceae9aa767f58f6,True,
专利/刘智远专利/工程实现_20261003/mechanical/cad_jobs/019_model_IsolationPad0.py,319,54749245be8b234c763f9ba60d1fe50efb0304ba7a728aa006a32a7a771bbee5,True,
专利/刘智远专利/工程实现_20261003/mechanical/cad_jobs/020_model_ClampPlate1.py,561,ca9e45e4139677311aa379a3283252e0d7bb6205f6b77974fac4809d483b4122,True,
专利/刘智远专利/工程实现_20261003/mechanical/cad_jobs/021_model_IsolationPad1.py,317,6f9290c3ace9a18287f52a62e9d1d569a426ce3933907c84345fc1f862f73bf1,True,
专利/刘智远专利/工程实现_20261003/mechanical/cad_jobs/022_model_ReferenceTarget0.py,334,a25877a770339e7da1129bf848d8640ec7c3532632e527e51961b2191b4bd4da,True,
专利/刘智远专利/工程实现_20261003/mechanical/cad_jobs/023_model_ReferenceTarget1.py,333,4aae698a527aba1ce71e06fb40db44a5c64c4e5636e98ce69ed1bd5ab3a9cf11,True,
专利/刘智远专利/工程实现_20261003/mechanical/cad_jobs/024_model_ReferenceTarget2.py,335,089f9b55122823a6394ed89301180e7900f029ed74ae387c8e7a79eaf326f99d,True,
专利/刘智远专利/工程实现_20261003/mechanical/cad_jobs/025_model_ReferenceTarget3.py,334,f91d9f902d295c90b913d2ee0caba57c0388cd6c4f21edab945e2ff9af4f0965,True,
专利/刘智远专利/工程实现_20261003/mechanical/cad_jobs/026_model_FootEnvelope0.py,328,6d86ed802abab45146b97176082d8570149ab3c5d4a1c51014e38c15d58919bb,True,
专利/刘智远专利/工程实现_20261003/mechanical/cad_jobs/027_model_FootEnvelope1.py,327,f0b5d5b2cd15c334e7a4afc0d576fa6a27e23984c123dbe9d620e902e908de1d,True,
专利/刘智远专利/工程实现_20261003/mechanical/cad_jobs/028_model_FootEnvelope2.py,327,2b97407bf28723f9a7dbd6de67d33d66fd71b788e4d67af6bbfdd8f9996e4b40,True,
专利/刘智远专利/工程实现_20261003/mechanical/cad_jobs/029_model_FootEnvelope3.py,326,d0c51013c2136e917c344b1113460a7e7e19d56037001342b57077564027604a,True,
专利/刘智远专利/工程实现_20261003/mechanical/cad_jobs/030_model_BallastTray.py,191,010fe4e079843139203f751c4aacc7aea23774b55450c7b85283224a635ec299,True,
专利/刘智远专利/工程实现_20261003/mechanical/cad_jobs/031_model_BallastEnvelope.py,334,e9a2cbf16487e88dbca8cf717f6c0bc8435f6d90fbd501a345d5325e61e53dd8,True,
专利/刘智远专利/工程实现_20261003/mechanical/cad_jobs/032_recompute.py,88,cf224d7331fe1315785054436191724849a71f9c486651f9315b336de86a969d,True,
专利/刘智远专利/工程实现_20261003/mechanical/cad_jobs/033_check_shape_validity.py,198,e667b0d8cee73d1a561f4567e73be51feac1102b663bca0c2c26f69e255c654e,True,
专利/刘智远专利/工程实现_20261003/mechanical/cad_jobs/034_interference_BaseFront_BaseRear.py,192,7b62cc9639b25299b6bc5fe1412e1ea4bbd0cfc204cb1f70ef8ded8febebcead,True,
专利/刘智远专利/工程实现_20261003/mechanical/cad_jobs/035_interference_BaseFront_BaseLeft.py,192,0508b23c22e92cefe18359276fb69a123b5a15f05171a4ed8e9dffab52213d5f,True,
专利/刘智远专利/工程实现_20261003/mechanical/cad_jobs/036_interference_BaseFront_BaseRight.py,194,b53ddf3df636ebe15011b96f02a7e778101cd2818819aa3f39b40bdc892966ae,True,
专利/刘智远专利/工程实现_20261003/mechanical/cad_jobs/037_interference_BaseFront_Upright0.py,192,493ba63c958ea19dabaeff09ab539ef18c6dfd3c7223d6dc7ddb4bf7777910c0,True,
专利/刘智远专利/工程实现_20261003/mechanical/cad_jobs/038_interference_BaseFront_Upright1.py,192,02b79b30679d71c1db06b11b7c19a457b0a98f9d376a10058e38c03a828ec0f7,True,
专利/刘智远专利/工程实现_20261003/mechanical/cad_jobs/039_interference_BaseFront_Crossbar.py,192,c3624e106bcddc3c4b8d3a1b68d6b3bf26bd2eb96c5415acb2c3d7b5576ced02,True,
专利/刘智远专利/工程实现_20261003/mechanical/cad_jobs/040_interference_BaseFront_Brace0.py,188,ecb00974bd2a747a220758493f9219e63269212048187a32449b67b25e188611,True,
专利/刘智远专利/工程实现_20261003/mechanical/cad_jobs/041_interference_BaseFront_Brace1.py,188,2b7ac9b63219b8b76aab4a081f6468f1376a0d5c20c6fc2a3d2ea9de878b200f,True,
专利/刘智远专利/工程实现_20261003/mechanical/cad_jobs/042_interference_BaseFront_CouponArm0.py,196,c4c3b7a999835d0092a5f4fc035ee19f9d1cbcfd71558ccdc9d478c036f9f8ec,True,
专利/刘智远专利/工程实现_20261003/mechanical/cad_jobs/043_interference_BaseFront_CouponArm1.py,196,13888b23d3a387d590feb38712eb0000ad54b66e51dfbb5cb04503311af3da74,True,
专利/刘智远专利/工程实现_20261003/mechanical/cad_jobs/044_interference_BaseFront_TargetArm0.py,196,506134278a04dacdcc51f152fa05946798b9a2eabd90d8389bb0e9a0b314d6b1,True,
专利/刘智远专利/工程实现_20261003/mechanical/cad_jobs/045_interference_BaseFront_TargetArm1.py,196,1fe3cd9ed4aba2a1e88124e615bb869188197dd9b7bef1bbd12dd6e4c1d1d891,True,
专利/刘智远专利/工程实现_20261003/mechanical/cad_jobs/046_interference_BaseFront_TargetArm2.py,196,49fc6834658c571c53688f2a6d6928f6995f9ce876eaa92a6472cf53c175ff0a,True,
专利/刘智远专利/工程实现_20261003/mechanical/cad_jobs/047_interference_BaseFront_TargetArm3.py,196,7f2dc75ac6cd04f5d167ee0644b475dc173fe7d4ff85efb06a5eca4e88cff870,True,
专利/刘智远专利/工程实现_20261003/mechanical/cad_jobs/048_interference_BaseFront_C08.py,182,530f21637619e732fc4c10c00a1b787b43383dc67e343d4df649d22f542f1ee2,True,
专利/刘智远专利/工程实现_20261003/mechanical/cad_jobs/049_interference_BaseFront_C10.py,182,ee734393279b236d23c49783c6297cc8a2bd6dee22d32cb7999f2536c105c855,True,
专利/刘智远专利/工程实现_20261003/mechanical/cad_jobs/050_interference_BaseFront_ClampPlate0.py,198,35dcc2b74ab7dc352c55e7f68bba93a465102ed42d58c9f8e8816d43f2faa879,True,
专利/刘智远专利/工程实现_20261003/mechanical/cad_jobs/051_interference_BaseFront_IsolationPad0.py,202,83e76ccdd16783fc63c99e1a97609aefbfceffe56832b9d4e8eb93112900aaa3,True,
专利/刘智远专利/工程实现_20261003/mechanical/cad_jobs/052_interference_BaseFront_ClampPlate1.py,198,a40868786e233df3fb15604eda64a756397bf19626f533ec621cbded9a1ee454,True,
专利/刘智远专利/工程实现_20261003/mechanical/cad_jobs/053_interference_BaseFront_IsolationPad1.py,202,c8d0ba9ec1b3347e73f7cdbc103a6bdc33f80378f1c1a02ad84014f51dc41205,True,
专利/刘智远专利/工程实现_20261003/mechanical/cad_jobs/054_interference_BaseFront_ReferenceTarget0.py,208,8730385d020c1bbf17825e2e55d193e3d235b594f3a912a4073cd2efe7b2ad69,True,
专利/刘智远专利/工程实现_20261003/mechanical/cad_jobs/055_interference_BaseFront_ReferenceTarget1.py,208,8f22b14573b4b32637bef5a3b2f904c3c59ddfe343aa2fdc729b004fd5a74ee6,True,
专利/刘智远专利/工程实现_20261003/mechanical/cad_jobs/056_interference_BaseFront_ReferenceTarget2.py,208,fe3163a3aa49685171a690a7895e1bdd4206c1aaa538d9be78a6e8aa88f39720,True,
专利/刘智远专利/工程实现_20261003/mechanical/cad_jobs/057_interference_BaseFront_ReferenceTarget3.py,208,48fe403300e84c35591b7ee885e494a807c73a5f5d6d3e6708cfcad89b32ecb1,True,
专利/刘智远专利/工程实现_20261003/mechanical/cad_jobs/058_interference_BaseFront_FootEnvelope0.py,202,ff92d7967b2083a79104cc1acfa581c66cd64a1e6ee7f9029d565962490bf189,True,
专利/刘智远专利/工程实现_20261003/mechanical/cad_jobs/059_interference_BaseFront_FootEnvelope1.py,202,e13c00382a417b72804a6a38e33a00b7c30ad1aa5327efd5fdad45e8beae6dec,True,
专利/刘智远专利/工程实现_20261003/mechanical/cad_jobs/060_interference_BaseFront_FootEnvelope2.py,202,06f66f10663e65cfd53abf629382575c68d20e02172a96f76f49717a819bfebb,True,
专利/刘智远专利/工程实现_20261003/mechanical/cad_jobs/061_interference_BaseFront_FootEnvelope3.py,202,672da26f0ac01edb846a2bc2eb46ea721a0a3e5ef57aeb5439974a092990b480,True,
专利/刘智远专利/工程实现_20261003/mechanical/cad_jobs/062_interference_BaseFront_BallastTray.py,198,b97a811b355c122785da7485a116e21ec13175b6e34c1c3b3c28e12c8dd54563,True,
专利/刘智远专利/工程实现_20261003/mechanical/cad_jobs/063_interference_BaseFront_BallastEnvelope.py,206,f9c9965e456f738b88983fe405501579cd062f6104c33a06d4b87e49b77e8885,True,
专利/刘智远专利/工程实现_20261003/mechanical/cad_jobs/064_interference_BaseRear_BaseLeft.py,190,d5008a26a96cdac38e80d32634ee0fc5ebb30172cc6368d19b9bb2e770c104da,True,
专利/刘智远专利/工程实现_20261003/mechanical/cad_jobs/065_interference_BaseRear_BaseRight.py,192,1c061fced91d1c862afe3b5c5cd1f4da2c7b3ce04d19ef1c8d9107e682a5347b,True,
专利/刘智远专利/工程实现_20261003/mechanical/cad_jobs/066_interference_BaseRear_Upright0.py,190,6eb0b515caf2effce5edee132833298cd1d76246552cc532cf965077e149c113,True,
专利/刘智远专利/工程实现_20261003/mechanical/cad_jobs/067_interference_BaseRear_Upright1.py,190,ed8efcf9f4b2b07ae6597800c3d221e025e98f61b36bb3ba48cdf5dd9bbbb99e,True,
专利/刘智远专利/工程实现_20261003/mechanical/cad_jobs/068_interference_BaseRear_Crossbar.py,190,17ddc7c9e4f3bf20188ab67a42ff71f70a865e1454dd031337d2db375477fb9a,True,
专利/刘智远专利/工程实现_20261003/mechanical/cad_jobs/069_interference_BaseRear_Brace0.py,186,5bb9cb848a9a745fe17980ccdd7543b1ead5be557384fddd1e9e6baf2257d909,True,
专利/刘智远专利/工程实现_20261003/mechanical/cad_jobs/070_interference_BaseRear_Brace1.py,186,5a27def9dbcf9a0b0354525d65a2c5f2fccd54bec0a767edac297d7d5779bfd0,True,
专利/刘智远专利/工程实现_20261003/mechanical/cad_jobs/071_interference_BaseRear_CouponArm0.py,194,5a4c39147042b0aa328e6a4f5832d3f5b5f54fe9942005a5db943e367a99da48,True,
专利/刘智远专利/工程实现_20261003/mechanical/cad_jobs/072_interference_BaseRear_CouponArm1.py,194,e8986ef16f023a4184f5bc82d3b97975f116cb832d6a4851acc2366d285b0028,True,
专利/刘智远专利/工程实现_20261003/mechanical/cad_jobs/073_interference_BaseRear_TargetArm0.py,194,532a5bfbb98a5cf76a08b1b693c1c099274325b7029b230faedc1509f8310fe3,True,
专利/刘智远专利/工程实现_20261003/mechanical/cad_jobs/074_interference_BaseRear_TargetArm1.py,194,89d7b0b715812ce9529b4db201a1e2ba7e04736dddb6ed7843e07184c0c42519,True,
专利/刘智远专利/工程实现_20261003/mechanical/cad_jobs/075_interference_BaseRear_TargetArm2.py,194,8fb1c934f7d0cd7c7e8feef1514b6352e3f4aab7c89ec631789b08f3bbad4870,True,
专利/刘智远专利/工程实现_20261003/mechanical/cad_jobs/076_interference_BaseRear_TargetArm3.py,194,d475a4d6d5bc5149e1093b5c57fb5f2248295dd83220f19697a1d27e5b3bec0a,True,
专利/刘智远专利/工程实现_20261003/mechanical/cad_jobs/077_interference_BaseRear_C08.py,180,9b96e7024f9bea5b029a6a4b3e1afd14b2954f1b9d7b2d2722f619fc23aba9c8,True,
专利/刘智远专利/工程实现_20261003/mechanical/cad_jobs/078_interference_BaseRear_C10.py,180,ed4996b0181c53f44a4c5c9be676f74276dce55dd2db02809683aa46d5af56a4,True,
专利/刘智远专利/工程实现_20261003/mechanical/cad_jobs/079_interference_BaseRear_ClampPlate0.py,196,86b92abd7e9561da3e840366aca1245383522683c2b69c53b083f6547aaeff8e,True,
专利/刘智远专利/工程实现_20261003/mechanical/cad_jobs/080_interference_BaseRear_IsolationPad0.py,200,bf82f4d91e746a283d0a454b3b1627b78c47b3f3ef87f02866c18fb3886daeb0,True,
专利/刘智远专利/工程实现_20261003/mechanical/cad_jobs/081_interference_BaseRear_ClampPlate1.py,196,56b7b30323fc6adcd6f463e0dd6ae2cf7a499477653a86e40a73f6e7cb9d487a,True,
专利/刘智远专利/工程实现_20261003/mechanical/cad_jobs/082_interference_BaseRear_IsolationPad1.py,200,bf7ba18a5a4979a9b6c468ba023b31199bfc5203fba4bdbb806ffe928c71e324,True,
专利/刘智远专利/工程实现_20261003/mechanical/cad_jobs/083_interference_BaseRear_ReferenceTarget0.py,206,b2e377d4c7d4ce590fa7012fff8a92edd165e7edc6797ad194cbc7fff651c292,True,
专利/刘智远专利/工程实现_20261003/mechanical/cad_jobs/084_interference_BaseRear_ReferenceTarget1.py,206,e9ad9c860a204c67e8a836cf72687793d2042d08b560fac3df62134edf9dd625,True,
专利/刘智远专利/工程实现_20261003/mechanical/cad_jobs/085_interference_BaseRear_ReferenceTarget2.py,206,05669102fdd4da6460b832822b39ca6f9221b82609a2386d0acf5198f9920bb2,True,
专利/刘智远专利/工程实现_20261003/mechanical/cad_jobs/086_interference_BaseRear_ReferenceTarget3.py,206,c7f60ef691f4d63e568fb7bcfc70ea84eb467257976eb9d35a492a21648becd2,True,
专利/刘智远专利/工程实现_20261003/mechanical/cad_jobs/087_interference_BaseRear_FootEnvelope0.py,200,52f629ba4dbbc5aaa468159d43a5b0b032b9f02ed6d37e26f0b445aee846cbc1,True,
专利/刘智远专利/工程实现_20261003/mechanical/cad_jobs/088_interference_BaseRear_FootEnvelope1.py,200,78504d6d0d38173365c42a0a7108596581afb03238cf5718fe7f3c0df4b8b61f,True,
专利/刘智远专利/工程实现_20261003/mechanical/cad_jobs/089_interference_BaseRear_FootEnvelope2.py,200,c9443c826a1c81c49c15de43ca7e82d0a906ce20d51512b138469b01a576baa3,True,
专利/刘智远专利/工程实现_20261003/mechanical/cad_jobs/090_interference_BaseRear_FootEnvelope3.py,200,01a1c2c6fda354d4dd88f5311a58dabea75cf19c3d2a845cc203a0a006601104,True,
专利/刘智远专利/工程实现_20261003/mechanical/cad_jobs/091_interference_BaseRear_BallastTray.py,196,9879f2b8ce64c1dabdb3491d7d07ee3b6b7b668d02aceb6d3112fa00a4dcc840,True,
专利/刘智远专利/工程实现_20261003/mechanical/cad_jobs/092_interference_BaseRear_BallastEnvelope.py,204,23ed5fc8e38813c25863fdea2c307f81cc48ba0bd84f8d0de26c6e26e93d40cc,True,
专利/刘智远专利/工程实现_20261003/mechanical/cad_jobs/093_interference_BaseLeft_BaseRight.py,192,6ac74a19563b2048d833422b57402c1ee4a8de5a99cfb3e08c824f2da5d872d8,True,
专利/刘智远专利/工程实现_20261003/mechanical/cad_jobs/094_interference_BaseLeft_Upright0.py,190,7bc3c80d9a3a5ff65c8b4426a974b7ddfc52cd12e7287b9275a402ab59ea3a1f,True,
专利/刘智远专利/工程实现_20261003/mechanical/cad_jobs/095_interference_BaseLeft_Upright1.py,190,b8b79ed93b4c96ea3dcbe387818dbd5dc375c2f4ec198ff9ebaf221156ec6c2d,True,
专利/刘智远专利/工程实现_20261003/mechanical/cad_jobs/096_interference_BaseLeft_Crossbar.py,190,94ee54100f1e80bfd0998d377337123615a2b62985005aafc834f0725e720aac,True,
专利/刘智远专利/工程实现_20261003/mechanical/cad_jobs/097_interference_BaseLeft_Brace0.py,186,7d318d2e5b17275d880e3ab1be12201b892829d1d8b4a76d0289ba53bc27a100,True,
专利/刘智远专利/工程实现_20261003/mechanical/cad_jobs/098_interference_BaseLeft_Brace1.py,186,a9de521a3f2040e0e76e5856ea21f9e4ebcd2f5b146d693f4867a11c99808c19,True,
专利/刘智远专利/工程实现_20261003/mechanical/cad_jobs/099_interference_BaseLeft_CouponArm0.py,194,bfd07b71ba35647aa764541eba2b2fd26f6863e7a7009dd85392b662662d426a,True,
专利/刘智远专利/工程实现_20261003/mechanical/cad_jobs/100_interference_BaseLeft_CouponArm1.py,194,5518650c10e7c1bf41e5b58f32083f50aac1d353173dba33f110d282433d78c4,True,
专利/刘智远专利/工程实现_20261003/mechanical/cad_jobs/101_interference_BaseLeft_TargetArm0.py,194,08b97dda27efd1b46bbdce4abb59c43edc0db5366101890b802820d078724890,True,
专利/刘智远专利/工程实现_20261003/mechanical/cad_jobs/102_interference_BaseLeft_TargetArm1.py,194,ac301942eaa129538dc341d2b5ec1de9a8ca8bd9c51e33dcb01af4b317bbfdfc,True,
专利/刘智远专利/工程实现_20261003/mechanical/cad_jobs/103_interference_BaseLeft_TargetArm2.py,194,494747cda944781ea14fdbad66745d76568e7936427b7a0cf3131bd8873f7e66,True,
专利/刘智远专利/工程实现_20261003/mechanical/cad_jobs/104_interference_BaseLeft_TargetArm3.py,194,0bd0e64d5b86cf365ac6d5826c9d94316100d9f9ff197548aac3b4c0cf337b61,True,
专利/刘智远专利/工程实现_20261003/mechanical/cad_jobs/105_interference_BaseLeft_C08.py,180,9f8c1c453e9212ecbc76dbb28a2c624293124fba62b1990f86832072da58bf2f,True,
专利/刘智远专利/工程实现_20261003/mechanical/cad_jobs/106_interference_BaseLeft_C10.py,180,e7ad6152f312884e7969ec888c2516570554f7f35f9813dd115e7fa69465c861,True,
专利/刘智远专利/工程实现_20261003/mechanical/cad_jobs/107_interference_BaseLeft_ClampPlate0.py,196,13f38b83b7aba139dd00794bab3dcdaae107fb147167f1bdf2f5c9f8e580b62c,True,
专利/刘智远专利/工程实现_20261003/mechanical/cad_jobs/108_interference_BaseLeft_IsolationPad0.py,200,c500472a7f5d7f58521ac7f35aa4c0efc2439918e997395741579769fd0a0884,True,
专利/刘智远专利/工程实现_20261003/mechanical/cad_jobs/109_interference_BaseLeft_ClampPlate1.py,196,8d894fa513327474fcd80ad99b8c251382e934400e437da36caeb3cc18f94095,True,
专利/刘智远专利/工程实现_20261003/mechanical/cad_jobs/110_interference_BaseLeft_IsolationPad1.py,200,39a4bb84cbc790f5e18d572b189459de69820454f8f47d783702806da4ce07e5,True,
专利/刘智远专利/工程实现_20261003/mechanical/cad_jobs/111_interference_BaseLeft_ReferenceTarget0.py,206,1d5d589e905d5a1bf6b17c09ba8546159b6e29a38561f4f82ddab9f54cca28e0,True,
专利/刘智远专利/工程实现_20261003/mechanical/cad_jobs/112_interference_BaseLeft_ReferenceTarget1.py,206,830ec7b18f8adfeb26e898fe2489bb0551b3ab018490e30c134640f067be85f9,True,
专利/刘智远专利/工程实现_20261003/mechanical/cad_jobs/113_interference_BaseLeft_ReferenceTarget2.py,206,7ed6fbfff19046e5f4812881a79e090a3c3535783b41b5b4d8f5f918332bff38,True,
专利/刘智远专利/工程实现_20261003/mechanical/cad_jobs/114_interference_BaseLeft_ReferenceTarget3.py,206,05849aea6d2bafcb02e7bbc67aa71622bd391c15581062dcb5b68725eed10e86,True,
专利/刘智远专利/工程实现_20261003/mechanical/cad_jobs/115_interference_BaseLeft_FootEnvelope0.py,200,f71ee91859bfc593037e4faf5cca1d21392e237648f98e199730fd6879d794e3,True,
专利/刘智远专利/工程实现_20261003/mechanical/cad_jobs/116_interference_BaseLeft_FootEnvelope1.py,200,62e3b78b44dcc108fe2235e65bc0e69a64120fef5b611b45dbcfb1b97c7376b4,True,
专利/刘智远专利/工程实现_20261003/mechanical/cad_jobs/117_interference_BaseLeft_FootEnvelope2.py,200,a7089ddbe0817e6fa780ffb650e0392f986e299946518535fe6614ff4a772341,True,
专利/刘智远专利/工程实现_20261003/mechanical/cad_jobs/118_interference_BaseLeft_FootEnvelope3.py,200,20e15ba04b5ce482c928aa31617b59bfb6dc4def7763d1f1efc778a92f6d82dc,True,
专利/刘智远专利/工程实现_20261003/mechanical/cad_jobs/119_interference_BaseLeft_BallastTray.py,196,c75ebe2327264db145c2c91d97207e76e9aa9cc1376fe7afc04896550ab078f4,True,
专利/刘智远专利/工程实现_20261003/mechanical/cad_jobs/120_interference_BaseLeft_BallastEnvelope.py,204,d91277544b3d87d35208c785e7679bf21b8598a78ec4771b01414ab4b9f79ee5,True,
专利/刘智远专利/工程实现_20261003/mechanical/cad_jobs/121_interference_BaseRight_Upright0.py,192,9131581a0f913dbf36092a55b0b686b1eda4169bd58d41afd3dd7c22779f0404,True,
专利/刘智远专利/工程实现_20261003/mechanical/cad_jobs/122_interference_BaseRight_Upright1.py,192,62cebcc32204df6b5dc53a0819f08cd4738767a72774a73ac097a715dca5d4b8,True,
专利/刘智远专利/工程实现_20261003/mechanical/cad_jobs/123_interference_BaseRight_Crossbar.py,192,180243919d19a115f763d42f2e1997531da5db9094f008ae122c5dc9eb48c71a,True,
专利/刘智远专利/工程实现_20261003/mechanical/cad_jobs/124_interference_BaseRight_Brace0.py,188,76d124845685a4f23cb954efc4de7a81f18d18ddb634a00a716c69028ad8ef1f,True,
专利/刘智远专利/工程实现_20261003/mechanical/cad_jobs/125_interference_BaseRight_Brace1.py,188,77f6dfe89896e133315e869677f62a301ff1752e752c70e6ddd974238f54b470,True,
专利/刘智远专利/工程实现_20261003/mechanical/cad_jobs/126_interference_BaseRight_CouponArm0.py,196,011e79696fb0ab875605bd24180385b295ed11dee373dc3f959b403758ba9e9e,True,
专利/刘智远专利/工程实现_20261003/mechanical/cad_jobs/127_interference_BaseRight_CouponArm1.py,196,99f5b834535ba782f27e447b298e8a75f2ee54911837672032cce90ec766cb0a,True,
专利/刘智远专利/工程实现_20261003/mechanical/cad_jobs/128_interference_BaseRight_TargetArm0.py,196,93760ff1ed1c835da64460bc3cb32d071360f10293ac2a7bf3082c22ad43c58b,True,
专利/刘智远专利/工程实现_20261003/mechanical/cad_jobs/129_interference_BaseRight_TargetArm1.py,196,ca42317c1891151d5466bf5a477a927c425e12331680c04a5b6b98d25a2b4252,True,
专利/刘智远专利/工程实现_20261003/mechanical/cad_jobs/130_interference_BaseRight_TargetArm2.py,196,86ca4e60ea663793594e328000bc7243b9b915d4d00a5956ddbb72546f059482,True,
专利/刘智远专利/工程实现_20261003/mechanical/cad_jobs/131_interference_BaseRight_TargetArm3.py,196,ba37c70bf2f43876e60aa968e9f684fc4fa64ae065115dcb01bdf28e8a105f1e,True,
专利/刘智远专利/工程实现_20261003/mechanical/cad_jobs/132_interference_BaseRight_C08.py,182,11bf8eb9742bc1b65a820c004851079fef260a1894f1fda7c6d36338f5550d06,True,
专利/刘智远专利/工程实现_20261003/mechanical/cad_jobs/133_interference_BaseRight_C10.py,182,562fd0be0ab33b2a354849df485cf25944dcf3c925afa3ddc72e8009467fdc97,True,
专利/刘智远专利/工程实现_20261003/mechanical/cad_jobs/134_interference_BaseRight_ClampPlate0.py,198,5e10b51e011ddade7d6425b64a29ff1ffaefe9aa16245ac2bf31f277f11e4119,True,
专利/刘智远专利/工程实现_20261003/mechanical/cad_jobs/135_interference_BaseRight_IsolationPad0.py,202,2d4adeb9adaf1d480568a26d2b237da06fb5a26368695547a1c2fa53e12ba0ba,True,
专利/刘智远专利/工程实现_20261003/mechanical/cad_jobs/136_interference_BaseRight_ClampPlate1.py,198,3a63a3418e01d704bb25226813197bd5da1258de74931039c8e5b0eea4e8499d,True,
专利/刘智远专利/工程实现_20261003/mechanical/cad_jobs/137_interference_BaseRight_IsolationPad1.py,202,bbf13f6fb3efdb290a0ae55191bc663120f84f1f020bfdc6920b698895c3e68f,True,
专利/刘智远专利/工程实现_20261003/mechanical/cad_jobs/138_interference_BaseRight_ReferenceTarget0.py,208,d92d7b6ed8073df08cf9d92e0be3ee968a4f1f00264478930eecd395f1ae8fe0,True,
专利/刘智远专利/工程实现_20261003/mechanical/cad_jobs/139_interference_BaseRight_ReferenceTarget1.py,208,b1be8fdbe02b80d0df8a6c705ce5d6722b3abc162377b02bee824a699fed6321,True,
专利/刘智远专利/工程实现_20261003/mechanical/cad_jobs/140_interference_BaseRight_ReferenceTarget2.py,208,9868a9cdd9d099a5b40dd6e80255079441f6e35b541f4a89ccf89bfa6a9a9b27,True,
专利/刘智远专利/工程实现_20261003/mechanical/cad_jobs/141_interference_BaseRight_ReferenceTarget3.py,208,8abdd4665cefe43d573060dafde3a70a52bc87bf917f71f22b934f541f32c59d,True,
专利/刘智远专利/工程实现_20261003/mechanical/cad_jobs/142_interference_BaseRight_FootEnvelope0.py,202,da03479a7429c65300f7f72ecae0e74345fe48c97a79a404af99a40c7e197581,True,
专利/刘智远专利/工程实现_20261003/mechanical/cad_jobs/143_interference_BaseRight_FootEnvelope1.py,202,ba07ec991974c5dc942479691ec49f493cc366b407d4286531d69dd0ba7fde67,True,
专利/刘智远专利/工程实现_20261003/mechanical/cad_jobs/144_interference_BaseRight_FootEnvelope2.py,202,c661a25236cc8142aa35a301e61fcd31970f4d2058d28b20e365d0d34ed49d46,True,
专利/刘智远专利/工程实现_20261003/mechanical/cad_jobs/145_interference_BaseRight_FootEnvelope3.py,202,949828e475e8e244adbd03723aea5434e87a3bcd3bb1069e41db76ac9676f938,True,
专利/刘智远专利/工程实现_20261003/mechanical/cad_jobs/146_interference_BaseRight_BallastTray.py,198,294dc503640e37bc532e73300b6f2a9e6aa03dd86b51abaa7d59245c143fed4b,True,
专利/刘智远专利/工程实现_20261003/mechanical/cad_jobs/147_interference_BaseRight_BallastEnvelope.py,206,615c2b86ee29e10e5856764d66c28579d7890c7fdded1a8e3c3028272a568f04,True,
专利/刘智远专利/工程实现_20261003/mechanical/cad_jobs/148_interference_Upright0_Upright1.py,190,78f2fc546a11cdb44d607ad715dc10b5c7f1d1ea3ab1650b2b306e999213e730,True,
专利/刘智远专利/工程实现_20261003/mechanical/cad_jobs/149_interference_Upright0_Crossbar.py,190,640cf684b76278c7c53ed06a6e552938d54d9ca4030be73f06b73722f2ef19b3,True,
专利/刘智远专利/工程实现_20261003/mechanical/cad_jobs/150_interference_Upright0_Brace0.py,186,70c515a988218a576bd5182358b52e910f9cd09c20b863f30665166bea184650,True,
专利/刘智远专利/工程实现_20261003/mechanical/cad_jobs/151_interference_Upright0_Brace1.py,186,19070b6032c497c83954b68882cbdd033c9dfb72954b8feba74b8c1290082fe4,True,
专利/刘智远专利/工程实现_20261003/mechanical/cad_jobs/152_interference_Upright0_CouponArm0.py,194,f6b6fb797601348ca2fdbd15250942ec2bc093f217b8af2647cce629c9a697f0,True,
专利/刘智远专利/工程实现_20261003/mechanical/cad_jobs/153_interference_Upright0_CouponArm1.py,194,6b0278499f2435f50a1fb59736bca1276470248b77d57573aaf5a912b73e1bbc,True,
专利/刘智远专利/工程实现_20261003/mechanical/cad_jobs/154_interference_Upright0_TargetArm0.py,194,3860466480cadc7eec2aea35a7efa9ec08cab66241c9442699562828fd1103ae,True,
专利/刘智远专利/工程实现_20261003/mechanical/cad_jobs/155_interference_Upright0_TargetArm1.py,194,648df1e5cb15deb06728f79db30cd37726d204b24e55ac8a284d9c33874525d3,True,
专利/刘智远专利/工程实现_20261003/mechanical/cad_jobs/156_interference_Upright0_TargetArm2.py,194,3a32b5c3fc4b0dbe445320076be94a020e49b4827feb2299f8bf54d504c77c3d,True,
专利/刘智远专利/工程实现_20261003/mechanical/cad_jobs/157_interference_Upright0_TargetArm3.py,194,2a855e7ff20b864ffb1b92b09e835f6d2797983ca0e40439e9a2ef0d25054f85,True,
专利/刘智远专利/工程实现_20261003/mechanical/cad_jobs/158_interference_Upright0_C08.py,180,ba1434c68a1f2fb70470fa7ba7855aeb3d96941740021e4a2e91f733e9612205,True,
专利/刘智远专利/工程实现_20261003/mechanical/cad_jobs/159_interference_Upright0_C10.py,180,4d5a0ddf8f2ae5020f2f32d41f62e5fd19e6b48dfdbcae4e33ff74607bcafe7c,True,
专利/刘智远专利/工程实现_20261003/mechanical/cad_jobs/160_interference_Upright0_ClampPlate0.py,196,c6a54c90ffd5084052d9f3edf79212cbcd055ea9c3838d729dd54ad6bb2fc4a1,True,
专利/刘智远专利/工程实现_20261003/mechanical/cad_jobs/161_interference_Upright0_IsolationPad0.py,200,61e9479303af5c77e1b76682d50c9c3b5d9cf6467ed965238473b0023b949075,True,
专利/刘智远专利/工程实现_20261003/mechanical/cad_jobs/162_interference_Upright0_ClampPlate1.py,196,87b8eadc82cce0d121898b91bddb78c7630cffa842513b90d85806836043897a,True,
专利/刘智远专利/工程实现_20261003/mechanical/cad_jobs/163_interference_Upright0_IsolationPad1.py,200,0d1392ceaa9a63dc62b64371d56fc35b21683c10c1844898fd1e1e76e1d677c7,True,
专利/刘智远专利/工程实现_20261003/mechanical/cad_jobs/164_interference_Upright0_ReferenceTarget0.py,206,2d286a51996d3c7cefd8bf235c05e54e921697d14cbd2cd47aadfe63a00a05cc,True,
专利/刘智远专利/工程实现_20261003/mechanical/cad_jobs/165_interference_Upright0_ReferenceTarget1.py,206,f975b7704a069d645530e00e9ed3be2cb867692a61b14508187bf68561d6c0db,True,
专利/刘智远专利/工程实现_20261003/mechanical/cad_jobs/166_interference_Upright0_ReferenceTarget2.py,206,28aa37ce7d10e9f69fa4cc5e0c39ad08ddab54f585df76478f3cc7887179ab2b,True,
专利/刘智远专利/工程实现_20261003/mechanical/cad_jobs/167_interference_Upright0_ReferenceTarget3.py,206,ae76c0fadf984c0577feb550b9aa5ec1b5993cfe87d7fabf3d1bcd4e86592410,True,
专利/刘智远专利/工程实现_20261003/mechanical/cad_jobs/168_interference_Upright0_FootEnvelope0.py,200,61afd48c72c05109fd97d45ef919701a605982f25dfdf9d46732cd365983b7c5,True,
专利/刘智远专利/工程实现_20261003/mechanical/cad_jobs/169_interference_Upright0_FootEnvelope1.py,200,f5dad4076a18123eeb7a3d861412f0fdc8f2568436decedeb95ae5c9633341f4,True,
专利/刘智远专利/工程实现_20261003/mechanical/cad_jobs/170_interference_Upright0_FootEnvelope2.py,200,b1fe92fb94c4495cb685bac912e23b6047918fbbbc14b58b81ca0609a45ece74,True,
专利/刘智远专利/工程实现_20261003/mechanical/cad_jobs/171_interference_Upright0_FootEnvelope3.py,200,721f572cfa48e19b9582dbb348076998981072c98eb5378943501f31b9d7058a,True,
专利/刘智远专利/工程实现_20261003/mechanical/cad_jobs/172_interference_Upright0_BallastTray.py,196,56033dbd31a4337e8f35ac77d4d4c2472ad7553507027a408a5b173ca1eb45e3,True,
专利/刘智远专利/工程实现_20261003/mechanical/cad_jobs/173_interference_Upright0_BallastEnvelope.py,204,4401f973dca59a839365ea47ababcacd60fa27493a2db774c5cb8e037d3c8def,True,
专利/刘智远专利/工程实现_20261003/mechanical/cad_jobs/174_interference_Upright1_Crossbar.py,190,061138ef2627bdf15fef78d47bca2d500dd72c932c05ca26b95d1cf8ad7255ac,True,
专利/刘智远专利/工程实现_20261003/mechanical/cad_jobs/175_interference_Upright1_Brace0.py,186,ce5aae8a90e63207fe9e0dd498598c469d4628ab06310d54fd1dc54af1b913d9,True,
专利/刘智远专利/工程实现_20261003/mechanical/cad_jobs/176_interference_Upright1_Brace1.py,186,99b34098f3ebf611bb8ede45b13f49051c264f53d6f0098b31870926f9046343,True,
专利/刘智远专利/工程实现_20261003/mechanical/cad_jobs/177_interference_Upright1_CouponArm0.py,194,2810b69c9f0d2bc942f07b806695e6c5d1d5222f3c84bf3ce1a46ea7689d295f,True,
专利/刘智远专利/工程实现_20261003/mechanical/cad_jobs/178_interference_Upright1_CouponArm1.py,194,618ae10b5b2b65ac2bda3de10b60bca07c5211793e18c9af30399fd61682c23e,True,
专利/刘智远专利/工程实现_20261003/mechanical/cad_jobs/179_interference_Upright1_TargetArm0.py,194,b7532b597dce90942157459c9846c1e90559dc0ce16a1ceedf6f8050749ffebd,True,
专利/刘智远专利/工程实现_20261003/mechanical/cad_jobs/180_interference_Upright1_TargetArm1.py,194,b0544193cce0e0366268f3f73f63738bab8d683b7f5e9934399cc53ff11e0818,True,
专利/刘智远专利/工程实现_20261003/mechanical/cad_jobs/181_interference_Upright1_TargetArm2.py,194,ef6153e2454087bd4963e5bafacd8b2b5b15f40e7597e7fd48debec1b2216ff4,True,
专利/刘智远专利/工程实现_20261003/mechanical/cad_jobs/182_interference_Upright1_TargetArm3.py,194,0e02c33ab9e3dc80e89bc3ad7275ab1c8adbfc45e8c7b5d3f3d524b3b0e19671,True,
专利/刘智远专利/工程实现_20261003/mechanical/cad_jobs/183_interference_Upright1_C08.py,180,28d758644ccc7ce82d569ece80199b3769bd9fbf611f3f9d78768634541dd0bb,True,
专利/刘智远专利/工程实现_20261003/mechanical/cad_jobs/184_interference_Upright1_C10.py,180,5856502690b734642aac7f5e7ea7b9f1e4bd18ef3808a5d0fb99c7015a232858,True,
专利/刘智远专利/工程实现_20261003/mechanical/cad_jobs/185_interference_Upright1_ClampPlate0.py,196,ded36ce04394cc83eaea3120fb05cd7c1b494b0c27186b434fe43534d1674337,True,
专利/刘智远专利/工程实现_20261003/mechanical/cad_jobs/186_interference_Upright1_IsolationPad0.py,200,627284d5645829b1a32bbb39098ada7b67e26e6ae6759e9e45b90aeebcf7f489,True,
专利/刘智远专利/工程实现_20261003/mechanical/cad_jobs/187_interference_Upright1_ClampPlate1.py,196,0f261e5fd53738556d5adbe0dc6d89a3952d2a82f79a9959121539d07ebfa8f4,True,
专利/刘智远专利/工程实现_20261003/mechanical/cad_jobs/188_interference_Upright1_IsolationPad1.py,200,ced9c3efbff16331ecd54807a7e681d8cc3c6d04b592394c282ab19a942b6640,True,
专利/刘智远专利/工程实现_20261003/mechanical/cad_jobs/189_interference_Upright1_ReferenceTarget0.py,206,576c2ff6e29bf7326a5744faa34ac60b05690e8c5bffbc2f14d2e8ecc1c90235,True,
专利/刘智远专利/工程实现_20261003/mechanical/cad_jobs/190_interference_Upright1_ReferenceTarget1.py,206,0e6ef0031df9db9103ed67ece63da2bc929a0242216b42304a8966a74b3fb37a,True,
专利/刘智远专利/工程实现_20261003/mechanical/cad_jobs/191_interference_Upright1_ReferenceTarget2.py,206,c11e00c0c9b445a81fee36af765675e7ee6254a17e9bf592fd0cd8f946c14f8b,True,
专利/刘智远专利/工程实现_20261003/mechanical/cad_jobs/192_interference_Upright1_ReferenceTarget3.py,206,ca97b59bf5665a3a7254e9e28b10696dfb39f2d1926c9f57d51b064f0806988d,True,
专利/刘智远专利/工程实现_20261003/mechanical/cad_jobs/193_interference_Upright1_FootEnvelope0.py,200,e3ecd40a22e11ae99ae15afff93219fcf7b31236648714050b1c5f73c4a134d7,True,
专利/刘智远专利/工程实现_20261003/mechanical/cad_jobs/194_interference_Upright1_FootEnvelope1.py,200,6faac8b58607ed10fe97a831217f623841f3fd256febddfa6685c1ed089fdc00,True,
专利/刘智远专利/工程实现_20261003/mechanical/cad_jobs/195_interference_Upright1_FootEnvelope2.py,200,37f679908b1025cd7d3ac138037d463f0712f403ba66d1861971e25919334fab,True,
专利/刘智远专利/工程实现_20261003/mechanical/cad_jobs/196_interference_Upright1_FootEnvelope3.py,200,a0d701234e398da73cc8c279afb0946f5a640f12132449ab559d1f70dae89e01,True,
专利/刘智远专利/工程实现_20261003/mechanical/cad_jobs/197_interference_Upright1_BallastTray.py,196,65c8f468e68acfbe3a3f302dce9ccf3b6876823ad7ca7d3fd717b34d800c765e,True,
专利/刘智远专利/工程实现_20261003/mechanical/cad_jobs/198_interference_Upright1_BallastEnvelope.py,204,d46419b18b513c6897ca5d85d384d7cbf3920158fd2c5e0b2525bea0b4595888,True,
专利/刘智远专利/工程实现_20261003/mechanical/cad_jobs/199_interference_Crossbar_Brace0.py,186,687a1c4c342904c0c113b81017d90f550daba0dc19305c26849e25e365159825,True,
专利/刘智远专利/工程实现_20261003/mechanical/cad_jobs/200_interference_Crossbar_Brace1.py,186,1f6b67cbc26e5c9bf827f768718f18e79e3dba108b8d6e2b46325df0aeabcba5,True,
专利/刘智远专利/工程实现_20261003/mechanical/cad_jobs/201_interference_Crossbar_CouponArm0.py,194,2db191227f4c3fbe15843201ce0cbf078edf85d39372fd4321aa27d8592665a9,True,
专利/刘智远专利/工程实现_20261003/mechanical/cad_jobs/202_interference_Crossbar_CouponArm1.py,194,a132ef22f8fcafb6046771eba249463e354eeb2e904b689ddda1e310e56ebbbb,True,
专利/刘智远专利/工程实现_20261003/mechanical/cad_jobs/203_interference_Crossbar_TargetArm0.py,194,37e3267e1440fb5ac12010b945ebe972f10a2724123ad7441c467b1db196329e,True,
专利/刘智远专利/工程实现_20261003/mechanical/cad_jobs/204_interference_Crossbar_TargetArm1.py,194,71bb5df488507b3a14cdd26065768d24d7a6c0da9bddffcd203fa17c3f1b5c4e,True,
专利/刘智远专利/工程实现_20261003/mechanical/cad_jobs/205_interference_Crossbar_TargetArm2.py,194,bf59f94a19182b48125dab58d3f865315e2f1e4df930961b97970ea1e5aa95db,True,
专利/刘智远专利/工程实现_20261003/mechanical/cad_jobs/206_interference_Crossbar_TargetArm3.py,194,738f0195d7d3e9247ad21c4f7744a25eb3b4a0d53a4c8a26cd1b22ab7799359d,True,
专利/刘智远专利/工程实现_20261003/mechanical/cad_jobs/207_interference_Crossbar_C08.py,180,83461a29aef575e29b909ba25393c566a54858cc0e3de0b82be0e8d26c77413c,True,
专利/刘智远专利/工程实现_20261003/mechanical/cad_jobs/208_interference_Crossbar_C10.py,180,52f8b725901d1ea42340333304786370dc58a34743ff34bb89e068d5210fe444,True,
专利/刘智远专利/工程实现_20261003/mechanical/cad_jobs/209_interference_Crossbar_ClampPlate0.py,196,fafd84451a5b73172804de9d71e3dddcb25a4eba756588702587cab570d79085,True,
专利/刘智远专利/工程实现_20261003/mechanical/cad_jobs/210_interference_Crossbar_IsolationPad0.py,200,ce3178c0893b529f742a59c069a6519ab5cd6bd37e20d5ae6caedb3cbdc4716a,True,
专利/刘智远专利/工程实现_20261003/mechanical/cad_jobs/211_interference_Crossbar_ClampPlate1.py,196,82e2a365e067ada2bfa3dca7c0f123f1ccaf86d5800141c63c4c858243bc46ed,True,
专利/刘智远专利/工程实现_20261003/mechanical/cad_jobs/212_interference_Crossbar_IsolationPad1.py,200,71ee04e2c2e9b87c30135be354692f52d8d915e895bda770729a32ed73e4cd7b,True,
专利/刘智远专利/工程实现_20261003/mechanical/cad_jobs/213_interference_Crossbar_ReferenceTarget0.py,206,82b0745c8b197ede84e23b60a907e1080a8d84abdff4f7cb0274e96a0776338a,True,
专利/刘智远专利/工程实现_20261003/mechanical/cad_jobs/214_interference_Crossbar_ReferenceTarget1.py,206,c126fcd2d25def29bcd6974f6f26f6b333c9f6c052620e972cc857e3ca51c272,True,
专利/刘智远专利/工程实现_20261003/mechanical/cad_jobs/215_interference_Crossbar_ReferenceTarget2.py,206,9bfd48f9c06dd1bc24977681f322af31a164fb17132d8a9950495b29100475fc,True,
专利/刘智远专利/工程实现_20261003/mechanical/cad_jobs/216_interference_Crossbar_ReferenceTarget3.py,206,45b5794c3f454e9935c87cc5d1ac992f5f7d91654b63f888bd2b666e08aa2e0d,True,
专利/刘智远专利/工程实现_20261003/mechanical/cad_jobs/217_interference_Crossbar_FootEnvelope0.py,200,e5e2b06c29d68e68e2ae864b2a105329938a819cc326685e01520cacdc5415cc,True,
专利/刘智远专利/工程实现_20261003/mechanical/cad_jobs/218_interference_Crossbar_FootEnvelope1.py,200,2d7522179adf00c3c5e0306eeddc328a11bf1edc8a9f6a1311e0c32ae64fd832,True,
专利/刘智远专利/工程实现_20261003/mechanical/cad_jobs/219_interference_Crossbar_FootEnvelope2.py,200,a7e7e94404e947acae4cc03cc113816cac82c8c51836fc151bdba157827a887a,True,
专利/刘智远专利/工程实现_20261003/mechanical/cad_jobs/220_interference_Crossbar_FootEnvelope3.py,200,e6fbbfe2b673561e1beb34f825bed91fcb7d94ba9ee41120c752a9df5cf373c2,True,
专利/刘智远专利/工程实现_20261003/mechanical/cad_jobs/221_interference_Crossbar_BallastTray.py,196,15aa03697a5c616bf68d77ff70d839885bdc4026b64b9fdc307cef98229e5370,True,
专利/刘智远专利/工程实现_20261003/mechanical/cad_jobs/222_interference_Crossbar_BallastEnvelope.py,204,57e953201dbbe25b217e8341790d4833cf2105917605f8b2292df8ae39a25d2d,True,
专利/刘智远专利/工程实现_20261003/mechanical/cad_jobs/223_interference_Brace0_Brace1.py,182,52a909c7189bab62945ea56ffa3d9ab8eadc9f32e1e4676bc376dbe749ffa379,True,
专利/刘智远专利/工程实现_20261003/mechanical/cad_jobs/224_interference_Brace0_CouponArm0.py,190,1b3feb97327bc0722a97bbd4c7b99e91242b63090b446476c55c1533ca6caaf7,True,
专利/刘智远专利/工程实现_20261003/mechanical/cad_jobs/225_interference_Brace0_CouponArm1.py,190,af2d5b4c99b43124c1ca713dafa5669aa92fbd0bdef28540baa04cd561299ff2,True,
专利/刘智远专利/工程实现_20261003/mechanical/cad_jobs/226_interference_Brace0_TargetArm0.py,190,309a6b6ab516b503682054c283a896fc5b948c251e3daad0ff95f1e8f6059d70,True,
专利/刘智远专利/工程实现_20261003/mechanical/cad_jobs/227_interference_Brace0_TargetArm1.py,190,c2fa24de2ce6e641bc5313489f6e4abf71c923a18a3b7b06b843d0b015afc7a5,True,
专利/刘智远专利/工程实现_20261003/mechanical/cad_jobs/228_interference_Brace0_TargetArm2.py,190,ea1eed8fc94cb16a7f6a8b5e02ddf325e80844eb4d07a2a4cc2d55c94fd4237d,True,
专利/刘智远专利/工程实现_20261003/mechanical/cad_jobs/229_interference_Brace0_TargetArm3.py,190,ec5088c71210ecbc11e4462afdbda8ac2b0d2e616defca424e7b62c111d6a021,True,
专利/刘智远专利/工程实现_20261003/mechanical/cad_jobs/230_interference_Brace0_C08.py,176,9382b18407d26cedf10f67e619562b217a75515d8124794b577c5d1a298f5e86,True,
专利/刘智远专利/工程实现_20261003/mechanical/cad_jobs/231_interference_Brace0_C10.py,176,b539e2f7b0f20044adf626a45e362ac37e0aa68e13ab83d105df525599e1a577,True,
专利/刘智远专利/工程实现_20261003/mechanical/cad_jobs/232_interference_Brace0_ClampPlate0.py,192,a316235ba10a483197c55d9aafc78bd64178870b5715eeba42d60455cfe2752f,True,
专利/刘智远专利/工程实现_20261003/mechanical/cad_jobs/233_interference_Brace0_IsolationPad0.py,196,4672bc051f067596f24bae686b79918b976f910275769b8ffc85e2de40e77e82,True,
专利/刘智远专利/工程实现_20261003/mechanical/cad_jobs/234_interference_Brace0_ClampPlate1.py,192,dad793fd4487f34c0b583890d689fe4f2b3a64158f3fce3ed9d1516edbb8d7ba,True,
专利/刘智远专利/工程实现_20261003/mechanical/cad_jobs/235_interference_Brace0_IsolationPad1.py,196,a61cad3ae85f2ccc9f6b6ccd67c38cb1d3882b722f08090713c756c13d62220f,True,
专利/刘智远专利/工程实现_20261003/mechanical/cad_jobs/236_interference_Brace0_ReferenceTarget0.py,202,2a830dbc28e88577cfdc0d98b9b5f98ad3b1958e49a981bf2b7c8d4da41eaddf,True,
专利/刘智远专利/工程实现_20261003/mechanical/cad_jobs/237_interference_Brace0_ReferenceTarget1.py,202,541ab5bd97aeeb54c1e8edd068c64ab3929d57205724f70d3ca50b680489cc2a,True,
专利/刘智远专利/工程实现_20261003/mechanical/cad_jobs/238_interference_Brace0_ReferenceTarget2.py,202,864cb181a503589c42a2351dde8b181371da80a060f028918dbac030a5fe3aa0,True,
专利/刘智远专利/工程实现_20261003/mechanical/cad_jobs/239_interference_Brace0_ReferenceTarget3.py,202,c13c7f858fba40fd701882bfe49c9b136276c77c3c819eac2c9daceda127030b,True,
专利/刘智远专利/工程实现_20261003/mechanical/cad_jobs/240_interference_Brace0_FootEnvelope0.py,196,85171a79ce097d52efb9a2d270cab8d6de80109119cf535771765b33e8d907f6,True,
专利/刘智远专利/工程实现_20261003/mechanical/cad_jobs/241_interference_Brace0_FootEnvelope1.py,196,053c5c0fe555a90093b39bc35cc183a039d270406f2beabb59aa4bc1224d2229,True,
专利/刘智远专利/工程实现_20261003/mechanical/cad_jobs/242_interference_Brace0_FootEnvelope2.py,196,d57c363389926eb752ec61dabaeccaf46f0e0ce71d4677d1c2dd41fccc7610ed,True,
专利/刘智远专利/工程实现_20261003/mechanical/cad_jobs/243_interference_Brace0_FootEnvelope3.py,196,4ccd7ecf48949b1900a2c4042b5b07417dd83880a7d2e5bd6c681e26b31ccb80,True,
专利/刘智远专利/工程实现_20261003/mechanical/cad_jobs/244_interference_Brace0_BallastTray.py,192,03104e1e07b95c6c12d9ddb6eec0da58cfdd1c1ca2b03df199ae63ed795cd873,True,
专利/刘智远专利/工程实现_20261003/mechanical/cad_jobs/245_interference_Brace0_BallastEnvelope.py,200,6932b2f05a7bc5c2da37f1e078247103d3c46199d67d9803b095d9bfb389c183,True,
专利/刘智远专利/工程实现_20261003/mechanical/cad_jobs/246_interference_Brace1_CouponArm0.py,190,83e12a9ff4b98eaf698e965b82cebfce41d86787859294f600dcd68fa5a9717d,True,
专利/刘智远专利/工程实现_20261003/mechanical/cad_jobs/247_interference_Brace1_CouponArm1.py,190,b8c3d6bdf69d90ccba7de58aaa324406310bd958b13fee0f4c90a6643e80a9b0,True,
专利/刘智远专利/工程实现_20261003/mechanical/cad_jobs/248_interference_Brace1_TargetArm0.py,190,8a19261f447ffa77c20806740631f526cf53472b1d615cefbb41e39041b66b66,True,
专利/刘智远专利/工程实现_20261003/mechanical/cad_jobs/249_interference_Brace1_TargetArm1.py,190,33873532b35cf0f4d46a1339b2000e3df2341f844332badf78285c9c2477772f,True,
专利/刘智远专利/工程实现_20261003/mechanical/cad_jobs/250_interference_Brace1_TargetArm2.py,190,33abfd325101c7b7f6ca8798c5aa1cb0a2e57fdd8ebd660f45c816e769373faa,True,
专利/刘智远专利/工程实现_20261003/mechanical/cad_jobs/251_interference_Brace1_TargetArm3.py,190,3d03f5c67a1cb2cc7d1acc005c7cbc860c96ecb0c4ef01865e602853bf20b222,True,
专利/刘智远专利/工程实现_20261003/mechanical/cad_jobs/252_interference_Brace1_C08.py,176,3aed0d556609f6dc7c0f95594e3f9693bcd9c21419b6f5a24b8e501dde265731,True,
专利/刘智远专利/工程实现_20261003/mechanical/cad_jobs/253_interference_Brace1_C10.py,176,9feada2f02f42f7c1dc54b3e92ac1dd6c2a6128a7eb524de2b0f3d551a52a7fb,True,
专利/刘智远专利/工程实现_20261003/mechanical/cad_jobs/254_interference_Brace1_ClampPlate0.py,192,db7a0489961acf1941c8c5970b816230fc7266b4a6c338c58a844b33f2a6ed9d,True,
专利/刘智远专利/工程实现_20261003/mechanical/cad_jobs/255_interference_Brace1_IsolationPad0.py,196,462b403f2aa33f85f08478eb08b7c5a96cef3e8b3c3180dfc336494f65d3d923,True,
专利/刘智远专利/工程实现_20261003/mechanical/cad_jobs/256_interference_Brace1_ClampPlate1.py,192,09e6a45e5e5d41fb36adaf8728e7a90b52b7440d1b4d3a3cc0a54d369bc7784d,True,
专利/刘智远专利/工程实现_20261003/mechanical/cad_jobs/257_interference_Brace1_IsolationPad1.py,196,427af79a50d5bca9e58972777a9f2f0a173d1284aaeaf9b1a08645568de9d717,True,
专利/刘智远专利/工程实现_20261003/mechanical/cad_jobs/258_interference_Brace1_ReferenceTarget0.py,202,657ae7475860ecd409c39ee66765c54586507cd46d6141024d42a0957f909f2f,True,
专利/刘智远专利/工程实现_20261003/mechanical/cad_jobs/259_interference_Brace1_ReferenceTarget1.py,202,51dc29b6b4f7686e95328c2e08a51e9ecf1b58092eb3e0298a4fb88168508a33,True,
专利/刘智远专利/工程实现_20261003/mechanical/cad_jobs/260_interference_Brace1_ReferenceTarget2.py,202,1b52e3c480e87ce536c4baf073cc487644ebc0b4377e6c1029bc3c826fbbc607,True,
专利/刘智远专利/工程实现_20261003/mechanical/cad_jobs/261_interference_Brace1_ReferenceTarget3.py,202,6179abd49b85cc8c64f89a2242968948d6942d947b0e1aca2a15b1e3cf0494e8,True,
专利/刘智远专利/工程实现_20261003/mechanical/cad_jobs/262_interference_Brace1_FootEnvelope0.py,196,016c12fafcf28122773af065966c065c1548082c65dd57c5dfdccded4e5b5319,True,
专利/刘智远专利/工程实现_20261003/mechanical/cad_jobs/263_interference_Brace1_FootEnvelope1.py,196,36cb01ddeee7020c4245fd6fb95ff492d9a1b540187f722b890c9d05794debd4,True,
专利/刘智远专利/工程实现_20261003/mechanical/cad_jobs/264_interference_Brace1_FootEnvelope2.py,196,11f02a2ab6c5375b776d8ec853918ffc587471daa0c55cc8b78bc75b666a7e65,True,
专利/刘智远专利/工程实现_20261003/mechanical/cad_jobs/265_interference_Brace1_FootEnvelope3.py,196,bf5ca16fff7aafffc7b1dc842fbfb66b2f3df503d874a26eee95f1b74562f582,True,
专利/刘智远专利/工程实现_20261003/mechanical/cad_jobs/266_interference_Brace1_BallastTray.py,192,d0eba767b87ef41768d59fb54269e93ec55beb5d6cc36219615958866471fc6e,True,
专利/刘智远专利/工程实现_20261003/mechanical/cad_jobs/267_interference_Brace1_BallastEnvelope.py,200,0836b6757db21dc0806d45bc4718f612988d9d19fac5f0bd596500689b2e9f66,True,
专利/刘智远专利/工程实现_20261003/mechanical/cad_jobs/268_interference_CouponArm0_CouponArm1.py,198,30654236afcd0aefccd7154abfa7a17891dbadba8151e685053641ee91e15269,True,
专利/刘智远专利/工程实现_20261003/mechanical/cad_jobs/269_interference_CouponArm0_TargetArm0.py,198,79ed2dac0b712b1463876835b61bbbcd88132291695f46db2fc4417583c659d0,True,
专利/刘智远专利/工程实现_20261003/mechanical/cad_jobs/270_interference_CouponArm0_TargetArm1.py,198,4e7c8390f80e9c9856a4fe32ea88ea541332eb46e848451321ac8e1dc85d753c,True,
专利/刘智远专利/工程实现_20261003/mechanical/cad_jobs/271_interference_CouponArm0_TargetArm2.py,198,4f715d948866a4cc29ac9aa001e0e4374c3f48ea01ccc314882b06f3e86381b9,True,
专利/刘智远专利/工程实现_20261003/mechanical/cad_jobs/272_interference_CouponArm0_TargetArm3.py,198,5404f83056e3025f9954510f54b7a6d8b41c9523aad30084080526e842e0d032,True,
专利/刘智远专利/工程实现_20261003/mechanical/cad_jobs/273_interference_CouponArm0_C08.py,184,b98d8c5ba497924d6455b3d1228c8fa7438a0145ec23057dadac7598ea46c090,True,
专利/刘智远专利/工程实现_20261003/mechanical/cad_jobs/274_interference_CouponArm0_C10.py,184,b52540d1ed1341a11dbb4f6e76bc86f71e0edaa355f19292ceaeaede84b1de89,True,
专利/刘智远专利/工程实现_20261003/mechanical/cad_jobs/275_interference_CouponArm0_ClampPlate0.py,200,2fa62bc4dcdefe53a7e51cc16fa7252d6252bfd841212fdff4bd2f3729d0cf86,True,
专利/刘智远专利/工程实现_20261003/mechanical/cad_jobs/276_interference_CouponArm0_IsolationPad0.py,204,6336fcff80a4988a7a1fd8c33fac1bfb96d2094cb6f43c98d78451248c2ae138,True,
专利/刘智远专利/工程实现_20261003/mechanical/cad_jobs/277_interference_CouponArm0_ClampPlate1.py,200,185e17037bb6c98055336e294a341dfa75b320129b16710629c0b85c839d0c83,True,
专利/刘智远专利/工程实现_20261003/mechanical/cad_jobs/278_interference_CouponArm0_IsolationPad1.py,204,8b1dd8f56648d881d3c858622b673cdf4e2a9b6e913bb1215ca507959c9cb7cd,True,
专利/刘智远专利/工程实现_20261003/mechanical/cad_jobs/279_interference_CouponArm0_ReferenceTarget0.py,210,48a458ca88d2a7eb85beb8708afaf027850f2936e6304b7111edcaeda9fc0804,True,
专利/刘智远专利/工程实现_20261003/mechanical/cad_jobs/280_interference_CouponArm0_ReferenceTarget1.py,210,2525f04251f04b132e1faca439cf39ce023f11e2d5aa9ba87211cde7f59fe7ff,True,
专利/刘智远专利/工程实现_20261003/mechanical/cad_jobs/281_interference_CouponArm0_ReferenceTarget2.py,210,35a7ebf24177d3eceb4172bc2c14bb2e1c5778af9a7afd9fbad9ef7dcd4e6214,True,
专利/刘智远专利/工程实现_20261003/mechanical/cad_jobs/282_interference_CouponArm0_ReferenceTarget3.py,210,0a63b6abfe6681211b60e02ebef1a31504b644b5067a4496deff61df87c3fd5b,True,
专利/刘智远专利/工程实现_20261003/mechanical/cad_jobs/283_interference_CouponArm0_FootEnvelope0.py,204,27077ea6c1e656c041491056eb73d373b2eec98ac45a100212c2d77a8da23a4e,True,
专利/刘智远专利/工程实现_20261003/mechanical/cad_jobs/284_interference_CouponArm0_FootEnvelope1.py,204,14011385d722583eee3aeb883376b75791098e50a8beaef1234eec9fcaeaf858,True,
专利/刘智远专利/工程实现_20261003/mechanical/cad_jobs/285_interference_CouponArm0_FootEnvelope2.py,204,63cf892ef413ea873cb24323b9d147250edf1dfbef76c8f2501b38756e9a9b56,True,
专利/刘智远专利/工程实现_20261003/mechanical/cad_jobs/286_interference_CouponArm0_FootEnvelope3.py,204,f39f9e85a120deb1398812d7188c606369a7e19b7da87fb1b28d305ed48f03e2,True,
专利/刘智远专利/工程实现_20261003/mechanical/cad_jobs/287_interference_CouponArm0_BallastTray.py,200,6b77f5ad4701803e6212dff6ac906632461092e2fb93724aabb373b4435d2c54,True,
专利/刘智远专利/工程实现_20261003/mechanical/cad_jobs/288_interference_CouponArm0_BallastEnvelope.py,208,9e0c674c3399fa23f0688e956ef41aba10141b127c8c3b367c8db74197f99b33,True,
专利/刘智远专利/工程实现_20261003/mechanical/cad_jobs/289_interference_CouponArm1_TargetArm0.py,198,583fe3d5e41663a3f27445a65bbd772ba9c4b42b91c27b6ad643ea4a3d057982,True,
专利/刘智远专利/工程实现_20261003/mechanical/cad_jobs/290_interference_CouponArm1_TargetArm1.py,198,ba5fa7c2f3c7875ff8e455da4d58766a3ab07f7cf5de6bd5b56fe18ce50f7bfd,True,
专利/刘智远专利/工程实现_20261003/mechanical/cad_jobs/291_interference_CouponArm1_TargetArm2.py,198,71c6a291f2ed925c5a71bd26949928622933bba1d1ede39228675b84797cb344,True,
专利/刘智远专利/工程实现_20261003/mechanical/cad_jobs/292_interference_CouponArm1_TargetArm3.py,198,582ca5bb49e2e8d21954b74f43f8f67a3abe13ac706e33c7beec497d4350340f,True,
专利/刘智远专利/工程实现_20261003/mechanical/cad_jobs/293_interference_CouponArm1_C08.py,184,a2b2e74a8effef1b7e809a20237f24bfd1540fae94ffbad6b9ba4f04317e0632,True,
专利/刘智远专利/工程实现_20261003/mechanical/cad_jobs/294_interference_CouponArm1_C10.py,184,df142be414494d32715431335351cfcfc5db7eef10898e3831c8166ce23fbf4b,True,
专利/刘智远专利/工程实现_20261003/mechanical/cad_jobs/295_interference_CouponArm1_ClampPlate0.py,200,2e6800ee71ca3747536ba2c4e0c4bfc3e19495bf49985872768f859937ee81b6,True,
专利/刘智远专利/工程实现_20261003/mechanical/cad_jobs/296_interference_CouponArm1_IsolationPad0.py,204,938de6288a3e861f6cd546f49b59b5120622abd820526df08db5e300845e4435,True,
专利/刘智远专利/工程实现_20261003/mechanical/cad_jobs/297_interference_CouponArm1_ClampPlate1.py,200,a28a7a503800c308d7af07cfe5a40d53bc4caaffc127b2429adcffa9efb67e36,True,
专利/刘智远专利/工程实现_20261003/mechanical/cad_jobs/298_interference_CouponArm1_IsolationPad1.py,204,afeba77df106542119b23722970bf732713d11805a0c224b6c4addbd599c40a2,True,
专利/刘智远专利/工程实现_20261003/mechanical/cad_jobs/299_interference_CouponArm1_ReferenceTarget0.py,210,25af92bed5723151c9d76eb43fcdc6ed48a72ade20b22b9326a0dbfb19d05eb2,True,
专利/刘智远专利/工程实现_20261003/mechanical/cad_jobs/300_interference_CouponArm1_ReferenceTarget1.py,210,e64a2421529e748d3e2a175c23f9c0167141e649cc8d84587d3d8e4ef0fe63dd,True,
专利/刘智远专利/工程实现_20261003/mechanical/cad_jobs/301_interference_CouponArm1_ReferenceTarget2.py,210,7121f61d5d70751877e6c5678ca47afc44e74a28fa70caee5d203fd96d31effa,True,
专利/刘智远专利/工程实现_20261003/mechanical/cad_jobs/302_interference_CouponArm1_ReferenceTarget3.py,210,6e95b8188874f7bf1849ca8498713fc5ba26d30af53ef0f898d3379893687c7f,True,
专利/刘智远专利/工程实现_20261003/mechanical/cad_jobs/303_interference_CouponArm1_FootEnvelope0.py,204,8b8b800a6ab916bd089d9d6cc6af1ecb6ff03704b240b9a8b23da80f096ded59,True,
专利/刘智远专利/工程实现_20261003/mechanical/cad_jobs/304_interference_CouponArm1_FootEnvelope1.py,204,0808f3b5e01c6f1a08c69cfb26892cef9182b680efc0fc58c3e318387839b746,True,
专利/刘智远专利/工程实现_20261003/mechanical/cad_jobs/305_interference_CouponArm1_FootEnvelope2.py,204,7496439380060b29678dd0a4ea83b6cd8922a31db3494edb79934b3cbbe4f722,True,
专利/刘智远专利/工程实现_20261003/mechanical/cad_jobs/306_interference_CouponArm1_FootEnvelope3.py,204,685f341d34da1479a66a9b8ff4999ae2c75020d5fd043dff3878a3dfd009ab71,True,
专利/刘智远专利/工程实现_20261003/mechanical/cad_jobs/307_interference_CouponArm1_BallastTray.py,200,c3c24eb566404931b292a69586438d381d7a4524bc2250075d6bb2c01e3a2786,True,
专利/刘智远专利/工程实现_20261003/mechanical/cad_jobs/308_interference_CouponArm1_BallastEnvelope.py,208,91f8307711c20fe3ad787cfe3a43afba3306781092a46706bb0fc6b985129483,True,
专利/刘智远专利/工程实现_20261003/mechanical/cad_jobs/309_interference_TargetArm0_TargetArm1.py,198,b4c2098d7e71dd779a6e348ab120f31a983cf9281fb216c7c4bde16c958d24e5,True,
专利/刘智远专利/工程实现_20261003/mechanical/cad_jobs/310_interference_TargetArm0_TargetArm2.py,198,e2549a9570fc55b880c18794ff4f80e1fc73df6fe47f97f715a831d774e04e37,True,
专利/刘智远专利/工程实现_20261003/mechanical/cad_jobs/311_interference_TargetArm0_TargetArm3.py,198,6a189203fcbd8cbd6ff0723153d3cd2ab1043c9950f3729f37dad09b2a51cb2c,True,
专利/刘智远专利/工程实现_20261003/mechanical/cad_jobs/312_interference_TargetArm0_C08.py,184,683684a37b07d660fa1fb892b0c67a98bf43bf24219184a16e42c7c72d1bb363,True,
专利/刘智远专利/工程实现_20261003/mechanical/cad_jobs/313_interference_TargetArm0_C10.py,184,e72c6edec27537bc830f1e3f31fa1b596b6576ba3c493f5f83fccee60779c6ca,True,
专利/刘智远专利/工程实现_20261003/mechanical/cad_jobs/314_interference_TargetArm0_ClampPlate0.py,200,addb3fde1a605e3289b9b23e43484f984dba365a4dad9e2ec2a413e70b207bf2,True,
专利/刘智远专利/工程实现_20261003/mechanical/cad_jobs/315_interference_TargetArm0_IsolationPad0.py,204,4c8126f9559e11a40e565f3c504c64efecca1ff41dc35bb855a9c965fc6a5c77,True,
专利/刘智远专利/工程实现_20261003/mechanical/cad_jobs/316_interference_TargetArm0_ClampPlate1.py,200,225667e97b466e631667a4c3d775c7df7027454d7a4d3502472e8c09840610e5,True,
专利/刘智远专利/工程实现_20261003/mechanical/cad_jobs/317_interference_TargetArm0_IsolationPad1.py,204,d1629b671336c93041679ae6ad5c93e129e75ebec83ded8ec2b64421e553f490,True,
专利/刘智远专利/工程实现_20261003/mechanical/cad_jobs/318_interference_TargetArm0_ReferenceTarget0.py,210,dd3e25c56e1a3dbdda9a4c6120c0d93d8ca3dc02f3d4f735c11be7cce7685cb5,True,
专利/刘智远专利/工程实现_20261003/mechanical/cad_jobs/319_interference_TargetArm0_ReferenceTarget1.py,210,3d0d85132d38b3313a40bacea127d5a7eb741a17bc167ac793266f7f01f633bb,True,
专利/刘智远专利/工程实现_20261003/mechanical/cad_jobs/320_interference_TargetArm0_ReferenceTarget2.py,210,c81548ccd8cc4a107a539e2592e9b711951ebc458fcca47ee103d2e4af741cd7,True,
专利/刘智远专利/工程实现_20261003/mechanical/cad_jobs/321_interference_TargetArm0_ReferenceTarget3.py,210,dbafa0ce2278fc89c21514861eca229854182d6098e1707ac89db31472d134cd,True,
专利/刘智远专利/工程实现_20261003/mechanical/cad_jobs/322_interference_TargetArm0_FootEnvelope0.py,204,475e8fb7642eb4301ea311d890f575f85e5210ac9a2486d140eafa78623015fc,True,
专利/刘智远专利/工程实现_20261003/mechanical/cad_jobs/323_interference_TargetArm0_FootEnvelope1.py,204,224c225886488804ba36973127df35fc99786e72a776a9bac0304df855441a54,True,
专利/刘智远专利/工程实现_20261003/mechanical/cad_jobs/324_interference_TargetArm0_FootEnvelope2.py,204,734d402aee70747ce8a2d64f27ef39c2a813db16fb40f23b761579056a2bbf62,True,
专利/刘智远专利/工程实现_20261003/mechanical/cad_jobs/325_interference_TargetArm0_FootEnvelope3.py,204,d9ff765a1630d9c96dcf72b33359ef17fd209b29efe10deb0832272862467234,True,
专利/刘智远专利/工程实现_20261003/mechanical/cad_jobs/326_interference_TargetArm0_BallastTray.py,200,ed0020f033566b27db17593b202aad6d75edb2ba931a5cc2f2078df89e54d765,True,
专利/刘智远专利/工程实现_20261003/mechanical/cad_jobs/327_interference_TargetArm0_BallastEnvelope.py,208,ef2dad2a133f827ec6e4a321b87cbebd24ac0b737f431ef10568130289fb7b31,True,
专利/刘智远专利/工程实现_20261003/mechanical/cad_jobs/328_interference_TargetArm1_TargetArm2.py,198,29726eccedaf0bb0f322b56c8a3f08af92335e1001a81131470da357e55d6ca4,True,
专利/刘智远专利/工程实现_20261003/mechanical/cad_jobs/329_interference_TargetArm1_TargetArm3.py,198,3ce7b51e27f06a90b49bd7559cea957c6b02aa268cee6dcba20ed1a2fddfd22e,True,
专利/刘智远专利/工程实现_20261003/mechanical/cad_jobs/330_interference_TargetArm1_C08.py,184,a8eb3a281d996b5aea55061e517c3f5ca0bcef0aafdc1eab96eb753f0b881683,True,
专利/刘智远专利/工程实现_20261003/mechanical/cad_jobs/331_interference_TargetArm1_C10.py,184,121ab4f50c0900a3a920b46f00d58e7724ee08e987e8114810001d42ed0e2e73,True,
专利/刘智远专利/工程实现_20261003/mechanical/cad_jobs/332_interference_TargetArm1_ClampPlate0.py,200,7a4a9dcfb99d6a17a2fb1a3b62bc0e428faa5812e5e1acf7b8375fbd5c3f9044,True,
专利/刘智远专利/工程实现_20261003/mechanical/cad_jobs/333_interference_TargetArm1_IsolationPad0.py,204,990f849968e2df057ad20820712f016926a85fd863c215de57e71acd8f48f67d,True,
专利/刘智远专利/工程实现_20261003/mechanical/cad_jobs/334_interference_TargetArm1_ClampPlate1.py,200,c33c4da9bee83c1fc85fa462959a17a9da7d11c305c0db064204d08f017caf96,True,
专利/刘智远专利/工程实现_20261003/mechanical/cad_jobs/335_interference_TargetArm1_IsolationPad1.py,204,6ef07d2961ac83076f55c9538a59950178f05cdc75f30441b709cc566341eac3,True,
专利/刘智远专利/工程实现_20261003/mechanical/cad_jobs/336_interference_TargetArm1_ReferenceTarget0.py,210,c0b97e9583b2d11b3c4069802f8fd683dea4ed3f818eb228eaa7735ea5e21638,True,
专利/刘智远专利/工程实现_20261003/mechanical/cad_jobs/337_interference_TargetArm1_ReferenceTarget1.py,210,50f0c7193f4a435efbd86f32fe47559cb256e7c4d1f5075408b3ba89464220ce,True,
专利/刘智远专利/工程实现_20261003/mechanical/cad_jobs/338_interference_TargetArm1_ReferenceTarget2.py,210,7bd0721a93d3c33c3b146510735a09c3b42b87408c837c1133fca7f35d16b6a3,True,
专利/刘智远专利/工程实现_20261003/mechanical/cad_jobs/339_interference_TargetArm1_ReferenceTarget3.py,210,e611bf9f0ae99d96071021ddc8dfcb58d706730f7e0826e435232c9f2c2cd1be,True,
专利/刘智远专利/工程实现_20261003/mechanical/cad_jobs/340_interference_TargetArm1_FootEnvelope0.py,204,ad1903f1b5267c7a7fb51d9629814def47497c56a1c8c34f8355184dd3d8af31,True,
专利/刘智远专利/工程实现_20261003/mechanical/cad_jobs/341_interference_TargetArm1_FootEnvelope1.py,204,3f8210ebbf3d81a6141aad1719b43e6c497bb77133f9c742999ead454d9c5e38,True,
专利/刘智远专利/工程实现_20261003/mechanical/cad_jobs/342_interference_TargetArm1_FootEnvelope2.py,204,a6024414ca0c2c3d6518d1f8582fdb776cd661f24e51187a47807a0fbbeb5aa8,True,
专利/刘智远专利/工程实现_20261003/mechanical/cad_jobs/343_interference_TargetArm1_FootEnvelope3.py,204,03b888b0f2ab1d6e86f09522f8f560d2eb878e7ee18ca3e1c6d831069333baee,True,
专利/刘智远专利/工程实现_20261003/mechanical/cad_jobs/344_interference_TargetArm1_BallastTray.py,200,30ace562b2f0184160212cd3ee225cff5aaec486628a63b2da737d35d228df4e,True,
专利/刘智远专利/工程实现_20261003/mechanical/cad_jobs/345_interference_TargetArm1_BallastEnvelope.py,208,ac70b737513b2aeaedd85d7d53e342912921432d307d37d38988ebdfdd36b43a,True,
专利/刘智远专利/工程实现_20261003/mechanical/cad_jobs/346_interference_TargetArm2_TargetArm3.py,198,df1524071b14632bb9287af3b32e99dab7877fa4f26766bc0c5aa6f9ad81954e,True,
专利/刘智远专利/工程实现_20261003/mechanical/cad_jobs/347_interference_TargetArm2_C08.py,184,1430872b16c390f569451c6663adb1f9706bbe92a3424c76f633b64f69d20221,True,
专利/刘智远专利/工程实现_20261003/mechanical/cad_jobs/348_interference_TargetArm2_C10.py,184,5216f280b89ec7a108eff3600f105083ebae9d667755838e509586d4e74bd546,True,
专利/刘智远专利/工程实现_20261003/mechanical/cad_jobs/349_interference_TargetArm2_ClampPlate0.py,200,bb86ac8e4ab4b8acfa4cc246bcc21eb53cecd3be8850c0cc671689759969cc22,True,
专利/刘智远专利/工程实现_20261003/mechanical/cad_jobs/350_interference_TargetArm2_IsolationPad0.py,204,c9d2c2408c219826aba072bafcefa6bddc7d8773a2bf4e2cd664eb50184275df,True,
专利/刘智远专利/工程实现_20261003/mechanical/cad_jobs/351_interference_TargetArm2_ClampPlate1.py,200,66899eca412d412d0853ba38e0c474f7be2048f33bb381d376b5208e9d5ae8a0,True,
专利/刘智远专利/工程实现_20261003/mechanical/cad_jobs/352_interference_TargetArm2_IsolationPad1.py,204,0e837600cf880bad28e05386658ae96fd843e597531162c31f73596568586d35,True,
专利/刘智远专利/工程实现_20261003/mechanical/cad_jobs/353_interference_TargetArm2_ReferenceTarget0.py,210,83cbf909c79d4eae5e9fb98038886f03038ba73574870f39958ae11694dd470f,True,
专利/刘智远专利/工程实现_20261003/mechanical/cad_jobs/354_interference_TargetArm2_ReferenceTarget1.py,210,301b34b4fa987d9902b18446da5159eaf4bfa93c239d2bb4a51ed4895a8bf365,True,
专利/刘智远专利/工程实现_20261003/mechanical/cad_jobs/355_interference_TargetArm2_ReferenceTarget2.py,210,1fbdf565a0882c517d11bfb920e3ac63a6e2f3f12bb1b0c4dcecbcf4f7ad3189,True,
专利/刘智远专利/工程实现_20261003/mechanical/cad_jobs/356_interference_TargetArm2_ReferenceTarget3.py,210,8cbecbf116e782095425252e7a14d6512a0a0b96dc2758149e88b8249a6e243b,True,
专利/刘智远专利/工程实现_20261003/mechanical/cad_jobs/357_interference_TargetArm2_FootEnvelope0.py,204,ebcbd43db8adaa2aa9d4c995b14b228ddcaf538011b15c0c01e1e328dd0c8348,True,
专利/刘智远专利/工程实现_20261003/mechanical/cad_jobs/358_interference_TargetArm2_FootEnvelope1.py,204,ac52d3b8e94ca91ea7b473d7b431af7782a89426fed79a788297be3ee5c0c398,True,
专利/刘智远专利/工程实现_20261003/mechanical/cad_jobs/359_interference_TargetArm2_FootEnvelope2.py,204,dcb746f032bbf3e33278df3a7eeb51aaa365e7ea8907c6fe40142d4ce194c914,True,
专利/刘智远专利/工程实现_20261003/mechanical/cad_jobs/360_interference_TargetArm2_FootEnvelope3.py,204,943b09b4bda2396f5b47aab959e7a1bfd738ae40f996448ba802e72f23531209,True,
专利/刘智远专利/工程实现_20261003/mechanical/cad_jobs/361_interference_TargetArm2_BallastTray.py,200,cd9c64f5ee04c81399235f4645d5429e24c013cd695714b1b80f21924d114c23,True,
专利/刘智远专利/工程实现_20261003/mechanical/cad_jobs/362_interference_TargetArm2_BallastEnvelope.py,208,6e63dd4f55adee1f11fa11f6569bafa759df63fea22288d0f68e703f063f5499,True,
专利/刘智远专利/工程实现_20261003/mechanical/cad_jobs/363_interference_TargetArm3_C08.py,184,25c59d190c80a6c8a9337a61ea2de19f2f63329f2f482acdf15e8d5fb816deec,True,
专利/刘智远专利/工程实现_20261003/mechanical/cad_jobs/364_interference_TargetArm3_C10.py,184,fecaf51a1f2fd4bfb768b49ed436a071be1fdb7e653cd027f8793473de4ca5e2,True,
专利/刘智远专利/工程实现_20261003/mechanical/cad_jobs/365_interference_TargetArm3_ClampPlate0.py,200,8de0783d305747eb1af0ab68e466f42b041a78613d1fc2622becf279cea19679,True,
专利/刘智远专利/工程实现_20261003/mechanical/cad_jobs/366_interference_TargetArm3_IsolationPad0.py,204,9b72e9cfb4bb270efaa9445eda9f3da3d55a34ca46218de02c0e827a8938f6fe,True,
专利/刘智远专利/工程实现_20261003/mechanical/cad_jobs/367_interference_TargetArm3_ClampPlate1.py,200,6caccfc9ee91c3f084e62c0e53b5255104053f88d9b2802e8e0acf999fd46980,True,
专利/刘智远专利/工程实现_20261003/mechanical/cad_jobs/368_interference_TargetArm3_IsolationPad1.py,204,73847bc4ec8f66de1164985a671091f7b2a4b13dfaead2164d85ca7a7dc72828,True,
专利/刘智远专利/工程实现_20261003/mechanical/cad_jobs/369_interference_TargetArm3_ReferenceTarget0.py,210,cda5d57de22931720e6343b675948a8900797e3601159a8c2792448d9791fa71,True,
专利/刘智远专利/工程实现_20261003/mechanical/cad_jobs/370_interference_TargetArm3_ReferenceTarget1.py,210,5ade89abb1c24fedca430306d13ee01a37e754e8fb33094a182757ec668c71d7,True,
专利/刘智远专利/工程实现_20261003/mechanical/cad_jobs/371_interference_TargetArm3_ReferenceTarget2.py,210,5b5bb4daf120c6e73d6faa3ac63ac3ac98e805662f49ef560586aff10399ff94,True,
专利/刘智远专利/工程实现_20261003/mechanical/cad_jobs/372_interference_TargetArm3_ReferenceTarget3.py,210,c025c6d1f79b9c3db5c6b763fc88093bc456972aba7404b02bbd3262152c50c8,True,
专利/刘智远专利/工程实现_20261003/mechanical/cad_jobs/373_interference_TargetArm3_FootEnvelope0.py,204,e4102e8a1cc4c7fb79cfed4753789e6962edba71bc6908f5ac558161a7f753fa,True,
专利/刘智远专利/工程实现_20261003/mechanical/cad_jobs/374_interference_TargetArm3_FootEnvelope1.py,204,4bae65b94c0e8bdb2c6676d35fc19e187ae80fe5eb46ad4c2f11a38dd2d4456e,True,
专利/刘智远专利/工程实现_20261003/mechanical/cad_jobs/375_interference_TargetArm3_FootEnvelope2.py,204,0c1dc4f40a970833dc148393ede15d853a5b00ca6526a8cfdeac080b4b89a1fb,True,
专利/刘智远专利/工程实现_20261003/mechanical/cad_jobs/376_interference_TargetArm3_FootEnvelope3.py,204,f23bae5d949d475e8d4c2f8f85c0898f61169447bd11242e0beb319e970ca445,True,
专利/刘智远专利/工程实现_20261003/mechanical/cad_jobs/377_interference_TargetArm3_BallastTray.py,200,d1516ffdf3481d4c68f6214e5523cecbcb0ec4b20b3fc91ee98c2553f594146f,True,
专利/刘智远专利/工程实现_20261003/mechanical/cad_jobs/378_interference_TargetArm3_BallastEnvelope.py,208,9aad9a5e285c6230c36833999d10e0c9f311dc5426b82f19149e67eb2874254c,True,
专利/刘智远专利/工程实现_20261003/mechanical/cad_jobs/379_interference_C08_C10.py,170,4fb3b86572a99e710dc8e5151caf60465d15a2b156150a966862753aa0974aff,True,
专利/刘智远专利/工程实现_20261003/mechanical/cad_jobs/380_interference_C08_ClampPlate0.py,186,fd8fdc973d6f821a0cc3a951c2e85f39d8e19dedf4867f69f711964bd843f4a4,True,
专利/刘智远专利/工程实现_20261003/mechanical/cad_jobs/381_interference_C08_IsolationPad0.py,190,e4142fee76ab5c4c838e84dd87c95ad9374c86579459cf507ff9b19e8861f760,True,
专利/刘智远专利/工程实现_20261003/mechanical/cad_jobs/382_interference_C08_ClampPlate1.py,186,db694ebff85b22ac3a3e4245153956de696fffb4fc9baa3f2c5f714f8a29b70c,True,
专利/刘智远专利/工程实现_20261003/mechanical/cad_jobs/383_interference_C08_IsolationPad1.py,190,3cd6778daf0ecebb659493ed177f3ef0a39a0da461e933bc9847dbe8797e8ed7,True,
专利/刘智远专利/工程实现_20261003/mechanical/cad_jobs/384_interference_C08_ReferenceTarget0.py,196,288020453920d3c865b764bcb7902d4c39ec719f0c28d82eb5a7964656f552f6,True,
专利/刘智远专利/工程实现_20261003/mechanical/cad_jobs/385_interference_C08_ReferenceTarget1.py,196,0961c529c4214f724c477e0cffe252f0dfb158edce4c2d4329a33f2f8627f2a5,True,
专利/刘智远专利/工程实现_20261003/mechanical/cad_jobs/386_interference_C08_ReferenceTarget2.py,196,40244a2c9aed44d70570febdf2902d9d3a5ad639164d763cf44198f37fc8dc30,True,
专利/刘智远专利/工程实现_20261003/mechanical/cad_jobs/387_interference_C08_ReferenceTarget3.py,196,d070232a45d32ce04c274b26a279271446d92739ad1bbea2591f42cbdf6fbb67,True,
专利/刘智远专利/工程实现_20261003/mechanical/cad_jobs/388_interference_C08_FootEnvelope0.py,190,898c9dea60d690f86db107fc9265c64055e978532028a53b6e0c4eb1ca296cda,True,
专利/刘智远专利/工程实现_20261003/mechanical/cad_jobs/389_interference_C08_FootEnvelope1.py,190,e103355241907d4288aeb464f3e391124cf42c99109523977c59e8c06f61b598,True,
专利/刘智远专利/工程实现_20261003/mechanical/cad_jobs/390_interference_C08_FootEnvelope2.py,190,7293a47ad2a962387986dba4c5a76946935d554daeb557030c3e976c9220ef26,True,
专利/刘智远专利/工程实现_20261003/mechanical/cad_jobs/391_interference_C08_FootEnvelope3.py,190,7fe2e5366995fd9b0ee437ffa652e2b5e33ab92459c2be9408939898d42b9fa8,True,
专利/刘智远专利/工程实现_20261003/mechanical/cad_jobs/392_interference_C08_BallastTray.py,186,f8f65b8aa55fbb0e656bba91c995800f232ad0d3961f7f8bfbb1076df1e8abb6,True,
专利/刘智远专利/工程实现_20261003/mechanical/cad_jobs/393_interference_C08_BallastEnvelope.py,194,17936d28808fe9237dec105d7f8463333b07b81a49f85a57dc4dc74f034da9bc,True,
专利/刘智远专利/工程实现_20261003/mechanical/cad_jobs/394_interference_C10_ClampPlate0.py,186,df7c7db75aae04308521b1bb3057cdc08d6f1a6dd01a692b18e117e42d1a2ec7,True,
专利/刘智远专利/工程实现_20261003/mechanical/cad_jobs/395_interference_C10_IsolationPad0.py,190,28485ecf1b68df66651cf039bebdb1dba3c695596edd10278da08105c49dbe0d,True,
专利/刘智远专利/工程实现_20261003/mechanical/cad_jobs/396_interference_C10_ClampPlate1.py,186,b6753a384c37eb757705205410b2e5a1c103b38bbf7208d4e9b89d02edb14535,True,
专利/刘智远专利/工程实现_20261003/mechanical/cad_jobs/397_interference_C10_IsolationPad1.py,190,c2b6a0c4e1bb2f8e3086ed7a34cf9c298dcc2553f614c02342a7ae07ebf4ce7a,True,
专利/刘智远专利/工程实现_20261003/mechanical/cad_jobs/398_interference_C10_ReferenceTarget0.py,196,3713ac9aafbe2b859ece309fca9015d7a6908b808f7bd31b4b289d65c8a8c42f,True,
专利/刘智远专利/工程实现_20261003/mechanical/cad_jobs/399_interference_C10_ReferenceTarget1.py,196,a82680469dc4e8d0ea1194ea89abd8429cc691dc01aed7538c5a1b21f8c4e7e7,True,
专利/刘智远专利/工程实现_20261003/mechanical/cad_jobs/400_interference_C10_ReferenceTarget2.py,196,0cd08184136df25c50ae40ca899420e66d93135083304817a06de9c5fdfd445f,True,
专利/刘智远专利/工程实现_20261003/mechanical/cad_jobs/401_interference_C10_ReferenceTarget3.py,196,91478da93209bb025d31f8718f5b5b56845c8009a519b5a76607ff09b83530b9,True,
专利/刘智远专利/工程实现_20261003/mechanical/cad_jobs/402_interference_C10_FootEnvelope0.py,190,f6891e3d7e9c385fefb0fa346cbb22fb658e47c115cef4462ccbdb7efe2ef192,True,
专利/刘智远专利/工程实现_20261003/mechanical/cad_jobs/403_interference_C10_FootEnvelope1.py,190,71a5dc5461cd4ff33178d3f53cbfb199e4376c4c3db08ef0ea07545880a53fbd,True,
专利/刘智远专利/工程实现_20261003/mechanical/cad_jobs/404_interference_C10_FootEnvelope2.py,190,e3c18894a276e8ab6409321912e48ea1b45ee40dacbdae28a8c07c2899174634,True,
专利/刘智远专利/工程实现_20261003/mechanical/cad_jobs/405_interference_C10_FootEnvelope3.py,190,97ac0993e595cc5dba3ddad357f917c0262a525d6c4b9a8b06ea2f83501d087f,True,
专利/刘智远专利/工程实现_20261003/mechanical/cad_jobs/406_interference_C10_BallastTray.py,186,bc235a5d806798eda33e1c52e2710bc5f17044b151504d9eb69ca7d0ae783aee,True,
专利/刘智远专利/工程实现_20261003/mechanical/cad_jobs/407_interference_C10_BallastEnvelope.py,194,a2da4837c1e6482ed74f31e7427c640d26225ff3f4f3a8cb54ef6261d01a14fb,True,
专利/刘智远专利/工程实现_20261003/mechanical/cad_jobs/408_interference_ClampPlate0_IsolationPad0.py,206,750119bd8aa91706dd25cb375a2b40ace9f56fbe6591c657d0b825e8c45b11fd,True,
专利/刘智远专利/工程实现_20261003/mechanical/cad_jobs/409_interference_ClampPlate0_ClampPlate1.py,202,8d643a6f1a20041d3d725ba8dbdd77b0d49ccd9d973a9f3f00069a23d9e2f125,True,
专利/刘智远专利/工程实现_20261003/mechanical/cad_jobs/410_interference_ClampPlate0_IsolationPad1.py,206,36c9d01f4ea8e4f1c2031b23e9e5edc670b86516b965b525e38826d86665c7be,True,
专利/刘智远专利/工程实现_20261003/mechanical/cad_jobs/411_interference_ClampPlate0_ReferenceTarget0.py,212,aa4cedc61675d2311cc7cdb264dd0d0ec0a9232ab6447efe7a3afe64be8c6d25,True,
专利/刘智远专利/工程实现_20261003/mechanical/cad_jobs/412_interference_ClampPlate0_ReferenceTarget1.py,212,be8c6b8c35848f626feac1ca5659862c6a9b74c59e1e7545b9792bf88eb7f6c7,True,
专利/刘智远专利/工程实现_20261003/mechanical/cad_jobs/413_interference_ClampPlate0_ReferenceTarget2.py,212,befe2af06b21d12a5c85f6d8544bbbd6ad36e240268c36f40176e06c4519216c,True,
专利/刘智远专利/工程实现_20261003/mechanical/cad_jobs/414_interference_ClampPlate0_ReferenceTarget3.py,212,84a342de9019de1d1e9af38791e9aab71b5e743f8d8f713d34b857cedcb36519,True,
专利/刘智远专利/工程实现_20261003/mechanical/cad_jobs/415_interference_ClampPlate0_FootEnvelope0.py,206,b61ee15216473d76c2a80bba416d58a842a900b34f70ea2695625f9129ee8468,True,
专利/刘智远专利/工程实现_20261003/mechanical/cad_jobs/416_interference_ClampPlate0_FootEnvelope1.py,206,a00f55b00d60329a62dadca7173ddffaa780c74ba2a27ac5053cbd33366606ef,True,
专利/刘智远专利/工程实现_20261003/mechanical/cad_jobs/417_interference_ClampPlate0_FootEnvelope2.py,206,36cd865515523273fe6dcf44471aef3ca63578c2bea780437abb153b073ee5a8,True,
专利/刘智远专利/工程实现_20261003/mechanical/cad_jobs/418_interference_ClampPlate0_FootEnvelope3.py,206,4707cd79c093d11d3e79f405518d55778c4db25805589c8f91349c0cd54d4646,True,
专利/刘智远专利/工程实现_20261003/mechanical/cad_jobs/419_interference_ClampPlate0_BallastTray.py,202,6db89332718825873753dfbedb43d28eba1ddad068e58e326a4ccd4fdc498230,True,
专利/刘智远专利/工程实现_20261003/mechanical/cad_jobs/420_interference_ClampPlate0_BallastEnvelope.py,210,e754f70555cce3fccfa050e885ac660f5361f40e467721e72edfc4aa29595a59,True,
专利/刘智远专利/工程实现_20261003/mechanical/cad_jobs/421_interference_IsolationPad0_ClampPlate1.py,206,e9ccde2c17b0562521b186c635432d91dab96cd9e941fe2522108c1edd5c493e,True,
专利/刘智远专利/工程实现_20261003/mechanical/cad_jobs/422_interference_IsolationPad0_IsolationPad1.py,210,5ece892de594661d1908b2c5386cc9f33c07efa7553df5a2f6bad8eabed89525,True,
专利/刘智远专利/工程实现_20261003/mechanical/cad_jobs/423_interference_IsolationPad0_ReferenceTarget0.py,216,cfb533f8b5efdad07f22e76cdb6ad2f81f595d481548d7216a17611b6e688880,True,
专利/刘智远专利/工程实现_20261003/mechanical/cad_jobs/424_interference_IsolationPad0_ReferenceTarget1.py,216,2e7961075fe3684e401364df3d240a1c12724fff18895d9c9822e6fc4ff85b3a,True,
专利/刘智远专利/工程实现_20261003/mechanical/cad_jobs/425_interference_IsolationPad0_ReferenceTarget2.py,216,e88f9ad913e967f774b65802958a6ba1a736b5f0a048fa7fd4f16c624d0b2331,True,
专利/刘智远专利/工程实现_20261003/mechanical/cad_jobs/426_interference_IsolationPad0_ReferenceTarget3.py,216,184aa87de36836b3e5a80b3ebf85fab869a94c9407591236ce1436714e6b178b,True,
专利/刘智远专利/工程实现_20261003/mechanical/cad_jobs/427_interference_IsolationPad0_FootEnvelope0.py,210,4eb742adc1a9d3b53a1a89b253f2e3fa3d319b22bf92a7883f6eb92c8d28af9b,True,
专利/刘智远专利/工程实现_20261003/mechanical/cad_jobs/428_interference_IsolationPad0_FootEnvelope1.py,210,d17a996ad7b4cf8512ad24ce1a8a314ad4bb26fe787433663a37bed726607fec,True,
专利/刘智远专利/工程实现_20261003/mechanical/cad_jobs/429_interference_IsolationPad0_FootEnvelope2.py,210,a388f73b198dd740ccfe69e15ef4a08fd606846b0fe3c4649943be809fae8b91,True,
专利/刘智远专利/工程实现_20261003/mechanical/cad_jobs/430_interference_IsolationPad0_FootEnvelope3.py,210,2373ab573e546e1b5113d5d0d3f4675dd9b67aade1aa764b72141b165c06e56c,True,
专利/刘智远专利/工程实现_20261003/mechanical/cad_jobs/431_interference_IsolationPad0_BallastTray.py,206,f7947dc07ab2bbefc4652e8c6ce7415c6e37e28171cfd40722f6e683acae09e3,True,
专利/刘智远专利/工程实现_20261003/mechanical/cad_jobs/432_interference_IsolationPad0_BallastEnvelope.py,214,ef36f1e0df080252540a121fbc61a3dbcd7913d34633088455f3edbde277fbb7,True,
专利/刘智远专利/工程实现_20261003/mechanical/cad_jobs/433_interference_ClampPlate1_IsolationPad1.py,206,51608f7f42bfc75d6eae4c21f11fe9cc1e170d503f11e545012504c641b08a31,True,
专利/刘智远专利/工程实现_20261003/mechanical/cad_jobs/434_interference_ClampPlate1_ReferenceTarget0.py,212,1ce44627ed30e076e3b5e3cbc435ed8ef785e20a52f4f25c65260383cd728ea8,True,
专利/刘智远专利/工程实现_20261003/mechanical/cad_jobs/435_interference_ClampPlate1_ReferenceTarget1.py,212,ccd238d4b52c09ea186e8f1f833fff2e1f9685220332dd8b54e902e9dc66a28b,True,
专利/刘智远专利/工程实现_20261003/mechanical/cad_jobs/436_interference_ClampPlate1_ReferenceTarget2.py,212,21a4a446b1e940f2acf7cded8ad0a3b43406535eb647fb9468edcdc61454d454,True,
专利/刘智远专利/工程实现_20261003/mechanical/cad_jobs/437_interference_ClampPlate1_ReferenceTarget3.py,212,6ba2eb84bbd7b7f5e8c7e99ae737a167a396660cc2d01237869d87d60255b03f,True,
专利/刘智远专利/工程实现_20261003/mechanical/cad_jobs/438_interference_ClampPlate1_FootEnvelope0.py,206,3aa96e785ee04c4c5098479f5379a34ef5d15496706cbd9e1b3745c8c5ded66c,True,
专利/刘智远专利/工程实现_20261003/mechanical/cad_jobs/439_interference_ClampPlate1_FootEnvelope1.py,206,1a3cbddc6f3a5ef4b87a1f527573dfff3fd597453b81a8271651df2f814f5a78,True,
专利/刘智远专利/工程实现_20261003/mechanical/cad_jobs/440_interference_ClampPlate1_FootEnvelope2.py,206,40a49ea879890c73c4785e0b7ee1acfa8b7fe1697ddcc332bff0f2addaa4f4e3,True,
专利/刘智远专利/工程实现_20261003/mechanical/cad_jobs/441_interference_ClampPlate1_FootEnvelope3.py,206,004d9cf686f4f3235fb2067bd1645afe54f476b621afa37921d9fb9ae802f99c,True,
专利/刘智远专利/工程实现_20261003/mechanical/cad_jobs/442_interference_ClampPlate1_BallastTray.py,202,0d6b40f57ad4b1e43af1fc330243eaa7719ce47f7b97f7978330ed76043b03a7,True,
专利/刘智远专利/工程实现_20261003/mechanical/cad_jobs/443_interference_ClampPlate1_BallastEnvelope.py,210,1c2e98b65a7af28fecb5c007c7229dfe1bdcb9ef5f4cae01b31038a7dd2e692b,True,
专利/刘智远专利/工程实现_20261003/mechanical/cad_jobs/444_interference_IsolationPad1_ReferenceTarget0.py,216,f322055477e03e55f3c2cc901ad299f9057cb7a2f5c1ac972c83255991a7b93e,True,
专利/刘智远专利/工程实现_20261003/mechanical/cad_jobs/445_interference_IsolationPad1_ReferenceTarget1.py,216,0da2d466716234fab414af2cd7ee44683d29377ac6effff3421fecf5acebd22e,True,
专利/刘智远专利/工程实现_20261003/mechanical/cad_jobs/446_interference_IsolationPad1_ReferenceTarget2.py,216,0017ba56b682c5e5d3499fd8adc0345e9922994634b4f18840b798abdfae4f35,True,
专利/刘智远专利/工程实现_20261003/mechanical/cad_jobs/447_interference_IsolationPad1_ReferenceTarget3.py,216,30581578454817a7a64e051a211d9174c96f754fe5bd1c2cfe97754dd98ff048,True,
专利/刘智远专利/工程实现_20261003/mechanical/cad_jobs/448_interference_IsolationPad1_FootEnvelope0.py,210,6fd4975ce6898411935b5963a0e068d2890db851d088c8e9f3c9b2bc25e9289c,True,
专利/刘智远专利/工程实现_20261003/mechanical/cad_jobs/449_interference_IsolationPad1_FootEnvelope1.py,210,e39798cc0b376be88ae46deafb06a39287331841df4dd94770c0cca1d79363a4,True,
专利/刘智远专利/工程实现_20261003/mechanical/cad_jobs/450_interference_IsolationPad1_FootEnvelope2.py,210,5a292408226ae3bbd685ff2d603bb7369c60909cacbfc29e1d4204bc3ad09df9,True,
专利/刘智远专利/工程实现_20261003/mechanical/cad_jobs/451_interference_IsolationPad1_FootEnvelope3.py,210,8f1762710b9c7faa827799f4c1b66f233faf90d02608121127262fce60c43637,True,
专利/刘智远专利/工程实现_20261003/mechanical/cad_jobs/452_interference_IsolationPad1_BallastTray.py,206,4162486ceb9847d48faf564c6fa39d1f310fca70cdcf639b44d998196e1fee2e,True,
专利/刘智远专利/工程实现_20261003/mechanical/cad_jobs/453_interference_IsolationPad1_BallastEnvelope.py,214,ff87ca0f7952d51b98719180903ed84b8f6e449841482b4c35d0601052fdbc8b,True,
专利/刘智远专利/工程实现_20261003/mechanical/cad_jobs/454_interference_ReferenceTarget0_ReferenceTarget1.py,222,533d57e65ba69cd65891c046da37cdad9c41cb61e493c92386497f23f72e8241,True,
专利/刘智远专利/工程实现_20261003/mechanical/cad_jobs/455_interference_ReferenceTarget0_ReferenceTarget2.py,222,b0419bb655ff40104a306cd522b62fc6127776ca60376e116740d10445c7cbb7,True,
专利/刘智远专利/工程实现_20261003/mechanical/cad_jobs/456_interference_ReferenceTarget0_ReferenceTarget3.py,222,767573caf417c7bfaed06735164bacc809ec21d6d1f4bc8f1de826fef411b74b,True,
专利/刘智远专利/工程实现_20261003/mechanical/cad_jobs/457_interference_ReferenceTarget0_FootEnvelope0.py,216,13e43588b11e3f00057b04b2a1d1676177ca820d6b2d72f5447fece66000f207,True,
专利/刘智远专利/工程实现_20261003/mechanical/cad_jobs/458_interference_ReferenceTarget0_FootEnvelope1.py,216,645c74bdca71ce3c02dec4be1fd7e6d3755b3be8f4ef9124c53a0dd7c8b15387,True,
专利/刘智远专利/工程实现_20261003/mechanical/cad_jobs/459_interference_ReferenceTarget0_FootEnvelope2.py,216,25bd085809ef6e2af415684b651cc6d077b3bd8ade5900026db6fcf185664ac5,True,
专利/刘智远专利/工程实现_20261003/mechanical/cad_jobs/460_interference_ReferenceTarget0_FootEnvelope3.py,216,2f164652cffcb266f5a3f2eff3c10804f0026cfd885d1f0875ff8828009bc6b6,True,
专利/刘智远专利/工程实现_20261003/mechanical/cad_jobs/461_interference_ReferenceTarget0_BallastTray.py,212,68934585ffb38a0cf287cee5236270562e6516ef931f722b9f44664d85e2f3df,True,
专利/刘智远专利/工程实现_20261003/mechanical/cad_jobs/462_interference_ReferenceTarget0_BallastEnvelope.py,220,96b58d7891440b282c34484ab4921cc9d0cee6650ed3cf146aeeb0710ff15ffd,True,
专利/刘智远专利/工程实现_20261003/mechanical/cad_jobs/463_interference_ReferenceTarget1_ReferenceTarget2.py,222,cfbce444983a28cb4c23efbc506cee18cffbfcde90a20ce44a4305fec31bed5c,True,
专利/刘智远专利/工程实现_20261003/mechanical/cad_jobs/464_interference_ReferenceTarget1_ReferenceTarget3.py,222,91220c249e65ea42f957e67536060ffb48f2acb826d17715ef09bfc7e658705e,True,
专利/刘智远专利/工程实现_20261003/mechanical/cad_jobs/465_interference_ReferenceTarget1_FootEnvelope0.py,216,1cb4ede74326c34229e669fd41a84df1c3c8d0cf17f54d09a0f768765bd5520c,True,
专利/刘智远专利/工程实现_20261003/mechanical/cad_jobs/466_interference_ReferenceTarget1_FootEnvelope1.py,216,6a067ccc0bee73c7e26cb0f8b4822cd88adb0ac4b9f7b908936b35a3337a462b,True,
专利/刘智远专利/工程实现_20261003/mechanical/cad_jobs/467_interference_ReferenceTarget1_FootEnvelope2.py,216,1d3ea6693a0d7d88aede7f9f20cabdd3a3bdd6a1ce4866da64d8e2048925be62,True,
专利/刘智远专利/工程实现_20261003/mechanical/cad_jobs/468_interference_ReferenceTarget1_FootEnvelope3.py,216,a37bfe829f079f50f90a0daa06e88e2ce64ae3e9ba7c0f4636beed6d46cc5164,True,
专利/刘智远专利/工程实现_20261003/mechanical/cad_jobs/469_interference_ReferenceTarget1_BallastTray.py,212,9c23035d7cdfbcb1e84619fdcbbe7892e1f38cdca087a44d30dfba50535a64bd,True,
专利/刘智远专利/工程实现_20261003/mechanical/cad_jobs/470_interference_ReferenceTarget1_BallastEnvelope.py,220,7417fa3fa5664608082eaa57a6e30d86a052c658a4c26527689d48acf6f6c21e,True,
专利/刘智远专利/工程实现_20261003/mechanical/cad_jobs/471_interference_ReferenceTarget2_ReferenceTarget3.py,222,4ad5fa9f2a3cf9f5b8bf485174be4b12fc5659e3cd62f641b026e08c5a912fec,True,
专利/刘智远专利/工程实现_20261003/mechanical/cad_jobs/472_interference_ReferenceTarget2_FootEnvelope0.py,216,68910d0708a66c005a6049b371fb4d6dcfc23d73a87152558ad5665b82183421,True,
专利/刘智远专利/工程实现_20261003/mechanical/cad_jobs/473_interference_ReferenceTarget2_FootEnvelope1.py,216,97f7a398ee2ab428d80c0ee2edbc250a80bc1e88da944957f613664699f826a3,True,
专利/刘智远专利/工程实现_20261003/mechanical/cad_jobs/474_interference_ReferenceTarget2_FootEnvelope2.py,216,76433dff2e87b572630f54c0ec59bc14b5b995110fd0acf8150d054f263a5395,True,
专利/刘智远专利/工程实现_20261003/mechanical/cad_jobs/475_interference_ReferenceTarget2_FootEnvelope3.py,216,8962a9657bcaa326f708bb494a450675f7a4e1f16c46b20fc9b41a17d1fea4c4,True,
专利/刘智远专利/工程实现_20261003/mechanical/cad_jobs/476_interference_ReferenceTarget2_BallastTray.py,212,a73e774dde144d5750f319c58543e7bd694e56ffbaac2593653fcfc6c20fb7cf,True,
专利/刘智远专利/工程实现_20261003/mechanical/cad_jobs/477_interference_ReferenceTarget2_BallastEnvelope.py,220,0fcf7775b2eeb6c64551658568762e46d1e1e362f95813cd4c6c4e7f1d0848dc,True,
专利/刘智远专利/工程实现_20261003/mechanical/cad_jobs/478_interference_ReferenceTarget3_FootEnvelope0.py,216,c36d97d412a5a1616364ba376d33893a176e373e2d93326884a253e64b572698,True,
专利/刘智远专利/工程实现_20261003/mechanical/cad_jobs/479_interference_ReferenceTarget3_FootEnvelope1.py,216,9618f593ebf617db28df813828c0ec34d69661e04d1d3a331e7e8073c800c8a8,True,
专利/刘智远专利/工程实现_20261003/mechanical/cad_jobs/480_interference_ReferenceTarget3_FootEnvelope2.py,216,e4842e61ce561938e3c77385b8edd1c4f6c5cac5e9e929dea6d828a988527440,True,
专利/刘智远专利/工程实现_20261003/mechanical/cad_jobs/481_interference_ReferenceTarget3_FootEnvelope3.py,216,a4447e3c98583d44b1fce2f86fbed6cb71308e1b64447f2620f98e1e00e8942a,True,
专利/刘智远专利/工程实现_20261003/mechanical/cad_jobs/482_interference_ReferenceTarget3_BallastTray.py,212,c9fe17fdf97514096fd816321b60b40304a2fc180dab89ec77638ec949b95deb,True,
专利/刘智远专利/工程实现_20261003/mechanical/cad_jobs/483_interference_ReferenceTarget3_BallastEnvelope.py,220,84e75f89ee847e412c57108b6eee93169b095f0ff7694c2ca1c686a6675c1ead,True,
专利/刘智远专利/工程实现_20261003/mechanical/cad_jobs/484_interference_FootEnvelope0_FootEnvelope1.py,210,c9693d4a1a2483eed545917db84f99a4d8cc53dc963141ac834e0fe849665a9f,True,
专利/刘智远专利/工程实现_20261003/mechanical/cad_jobs/485_interference_FootEnvelope0_FootEnvelope2.py,210,d9a41ce4ee013a9fa931a2629ef91b74cc81a86581aefa003760653f3019f4bd,True,
专利/刘智远专利/工程实现_20261003/mechanical/cad_jobs/486_interference_FootEnvelope0_FootEnvelope3.py,210,7673dbb726c03398bf898c36a21d96f64e10d830fc3a2765ce09aff2ffb8a2b2,True,
专利/刘智远专利/工程实现_20261003/mechanical/cad_jobs/487_interference_FootEnvelope0_BallastTray.py,206,f9ce2c483f5f81dc3c32b0911423163531dc0af6d44b8ad727812ad6eefec44c,True,
专利/刘智远专利/工程实现_20261003/mechanical/cad_jobs/488_interference_FootEnvelope0_BallastEnvelope.py,214,f173148b0e4d2b2f3e11bad98ffb57e6a1180a2349aa491b6f59ce0f75fae483,True,
专利/刘智远专利/工程实现_20261003/mechanical/cad_jobs/489_interference_FootEnvelope1_FootEnvelope2.py,210,b931394ba015833553172b86edb886225d518a8598a6c53ad12efe8a71a3a799,True,
专利/刘智远专利/工程实现_20261003/mechanical/cad_jobs/490_interference_FootEnvelope1_FootEnvelope3.py,210,cfff4058ce1c5f06d22aec0eb40ea3e63dd8581e8bec9a40bd9cdaaffcbd5717,True,
专利/刘智远专利/工程实现_20261003/mechanical/cad_jobs/491_interference_FootEnvelope1_BallastTray.py,206,debcf9c99171022e9e8a786d57648222d26934814cdb2e3edbee12c94658e3d5,True,
专利/刘智远专利/工程实现_20261003/mechanical/cad_jobs/492_interference_FootEnvelope1_BallastEnvelope.py,214,b3c8da93b99f7b0279b523ee5924afc82026b2a9bba4a8f44ec5c381b4f56f42,True,
专利/刘智远专利/工程实现_20261003/mechanical/cad_jobs/493_interference_FootEnvelope2_FootEnvelope3.py,210,a347186fd6924cafa76dac260f82e322b51398d6908e6db3a25605f0e760cf69,True,
专利/刘智远专利/工程实现_20261003/mechanical/cad_jobs/494_interference_FootEnvelope2_BallastTray.py,206,0674be4ed137988b205051006addfa0323d046537bdb80fe0b8c070e4cb2a772,True,
专利/刘智远专利/工程实现_20261003/mechanical/cad_jobs/495_interference_FootEnvelope2_BallastEnvelope.py,214,dd81894043f849faf7f5778ed6b2e6cca3a30d82f3022f62bbac3b2b4d0232b0,True,
专利/刘智远专利/工程实现_20261003/mechanical/cad_jobs/496_interference_FootEnvelope3_BallastTray.py,206,193531a754ab33bd7255e22ca57185984de74fcc1f1297c2abcbf7e3d58fdcdf,True,
专利/刘智远专利/工程实现_20261003/mechanical/cad_jobs/497_interference_FootEnvelope3_BallastEnvelope.py,214,2e724ae8a3de3da606042412679d9793c3617aed2df98fdd5db1ef2d2dc626a9,True,
专利/刘智远专利/工程实现_20261003/mechanical/cad_jobs/498_interference_BallastTray_BallastEnvelope.py,210,629cfce0654f6fb3dae96896ca7ea7bd32440fb8d6eea1ba1d0c8e6a443e85b3,True,
专利/刘智远专利/工程实现_20261003/mechanical/cad_jobs/499_save_document.py,223,5a57cf638e128495aab35c63fe2f8ea7d6d5e1b7ed0a47e2cb7508a6a2a64127,True,
专利/刘智远专利/工程实现_20261003/mechanical/cad_jobs/500_verify_saved_file.py,565,38499cd1a75c4643a220bc6e77b3ced6ecffde77ffd6dc9b378341de824bee16,True,
专利/刘智远专利/工程实现_20261003/mechanical/cad_jobs/501_export_STEP.py,276,d2d9295088ff2329e523b390e4ea3d8975084cfff3596650859df373a786a095,True,
专利/刘智远专利/工程实现_20261003/mechanical/cad_jobs/502_verify_STEP_file.py,528,23c8a8ad9d00ca68c29854d67dcfddea487a6353326e79fbe84ac1ac096cb283,True,
专利/刘智远专利/工程实现_20261003/mechanical/cad_jobs.json,212094,968494f2371450fac53f75a385c1971f9ea7e806b2bb7493757a0f38cbe4a362,True,
专利/刘智远专利/工程实现_20261003/mechanical/calculations.json,2876,162fdd9c0d63f673ac2c382613f1931207622a16f6aad7f537d94cf62f91b9b7,True,
专利/刘智远专利/工程实现_20261003/mechanical/design_parameters.json,3041,86a5e3ca0eac7498624a5b8b1a2822405472ed00aac31a7b417d013fe09bfa65,True,
专利/刘智远专利/工程实现_20261003/mechanical/physical_test_record.csv,830,f1f07003afeee51bee324c17f88a147fb6d0f7baad270173a78d6bd53d829ad6,True,
专利/刘智远专利/工程实现_20261003/mechanical/README.md,7221,94d2129f7cdb92397ff16b5e4ae950fcf5b891d07b3f71368d28e67b8d31d222,True,
专利/刘智远专利/工程实现_20261003/open_source/INTEGRATED_NOTICE.md,3838,d6786ebd62199f82ddbc34d9b7b84ce002fa72ccf29fb13f4ec4685eac245065,True,
专利/刘智远专利/工程实现_20261003/open_source/LOCK_POLICY.md,1916,95cc7b088519519986ab917f38b73685074b52563ddffbf476bb4526b3407bcd,True,
专利/刘智远专利/工程实现_20261003/open_source/projects.csv,5067,144155ea5beba9ea750311af99df30fcf6ae0f83e8829512f375aaa2f4474480,True,
专利/刘智远专利/工程实现_20261003/open_source/README.md,2900,4a2be88995d5798513b21b1787bc681e5f6afdad1b84359636c6ffa5adfe0dac,True,
专利/刘智远专利/工程实现_20261003/patent/01_技术交底书.md,17539,a71fe1bdb97cfbf6bbf6d33e839ff026de1af26577e82653f35efe602fc04582,True,
专利/刘智远专利/工程实现_20261003/patent/02_说明书.md,14603,776d3e3c8b2f5ed0a9f8175a7d9f3753949c8b3e96ddde0ebec1ec8aa6a77a21,True,
专利/刘智远专利/工程实现_20261003/patent/03_权利要求书.md,10618,673507c36702648fca9313218874df250e9723b027c8bb63a721620ef9c31304,True,
专利/刘智远专利/工程实现_20261003/patent/04_摘要.md,707,ae9cbb24e2e5085ecbc45793e0f7f979165167486459bb6429b9de158ed8f84f,True,
专利/刘智远专利/工程实现_20261003/patent/05_附图说明.md,1431,a6f79c808db05d9fdf3bbfa8811ff7210005a348d9ea1af682c69b615060d23d,True,
专利/刘智远专利/工程实现_20261003/patent/fig01_workflow.svg,5206,e1daa6daa5caf12b58332f2820455bd4fda1af8e93ca3a5c2eee5b40f57f700b,True,
专利/刘智远专利/工程实现_20261003/patent/fig02_shared_geometry.svg,4387,15a7b987f010784561647af8c29c09aca57170b878d158c8f8dd623f847f411b,True,
专利/刘智远专利/工程实现_20261003/patent/fig03_decision_switch.svg,4169,2ff6e2a29f9635e46b9daa638d0839c051f1545219447e10daf804b401389df1,True,
专利/刘智远专利/工程实现_20261003/patent/prior_art_comparison.csv,4386,8e1d1559e7171397db7ed048ba80f534f7d9ef2164a52546c162b11f820a1785,True,
专利/刘智远专利/工程实现_20261003/patent/prior_art_comparison.md,7174,b5a42bbe6b705bc8924df70dc2349ee61e89860351ab58b7aa9fbf33f2abc186,True,
专利/刘智远专利/工程实现_20261003/patent/reference.bib,5132,186ea8b4615625b0daf13fe094d589eb842a965a7019f3094c382f98684ff3f5,True,
专利/刘智远专利/工程实现_20261003/software/README.md,10895,acc4f94eb468f4fc3cb2e7cfff1d960a9d66f6bffd431de49acabc1991343b0b,True,
专利/刘智远专利/工程实现_20261003/software/serve.py,6818,9c23ab63b27a74f31e59c5addc133afcacd95601150169c1850946c682b61fa7,True,
专利/刘智远专利/工程实现_20261003/software/tests/__pycache__/conftest.cpython-314-pytest-9.1.1.pyc,650,cca82538fe7f8d52d5f6d1c30919424a151f9a784a60cb4a1cee83e90e80635e,False,运行缓存/审计临时目录
专利/刘智远专利/工程实现_20261003/software/tests/__pycache__/test_core.cpython-314-pytest-9.1.1.pyc,64791,053e7cc1b0ab498ae4df1fd7ea1d8178070b94cedf7ca4b98d8e98d1e15dba0c,False,运行缓存/审计临时目录
专利/刘智远专利/工程实现_20261003/software/tests/conftest.py,97,bf219e5e2996589ebd27675c2cbe562acb8ce29cbd9371b40066ef80bdd0ff59,True,
专利/刘智远专利/工程实现_20261003/software/tests/test_core.py,12924,8d67c97e3609badad6c4028ea76c4ba72d7fd770f9a9c9b11fa8268a49db4f09,True,
专利/刘智远专利/工程实现_20261003/software/trusstwin/__init__.py,104,189c544f6dbe6d19b0ef017e6fa8641680eb29122cf2935a2ebb6d3d3846182f,True,
专利/刘智远专利/工程实现_20261003/software/trusstwin/__main__.py,48,935a1c1166b0c1ea35a82256345000bf2c73ded718d77773bc27a71ecce28f7d,True,
专利/刘智远专利/工程实现_20261003/software/trusstwin/__pycache__/__init__.cpython-314.pyc,366,cd954fd3daa23151675a6e9ac04279e98b9d9803838e2ade2c28d9f56110a5fb,False,运行缓存/审计临时目录
专利/刘智远专利/工程实现_20261003/software/trusstwin/__pycache__/geometry.cpython-314.pyc,14222,d93cc0757e90228aa197bfd5fd84ca35c1824ee577ddec35d7a671a7177f51e6,False,运行缓存/审计临时目录
专利/刘智远专利/工程实现_20261003/software/trusstwin/__pycache__/mechanics.cpython-314.pyc,7104,07a0456d84e389dfa765423884180aeb45ab3930bb7c5b6e3ca35869375cd233,False,运行缓存/审计临时目录
专利/刘智远专利/工程实现_20261003/software/trusstwin/__pycache__/observations.cpython-314.pyc,15021,30b6196b60d164e7270ef70d29eaab25a9362228bb0de5ee954f10ec87d09cd7,False,运行缓存/审计临时目录
专利/刘智远专利/工程实现_20261003/software/trusstwin/__pycache__/pipeline.cpython-314.pyc,54198,12228c687077ed5132d0c61a96b0a99c195234e5fe781cb08ddb13dbd77303f4,False,运行缓存/审计临时目录
专利/刘智远专利/工程实现_20261003/software/trusstwin/cli.py,1517,cc7f0553148307d3220e4964446ea0c21eae4ab491d277e217016a8f2e535cca,True,
专利/刘智远专利/工程实现_20261003/software/trusstwin/export_geometry_fixture.py,1144,9253ef44992fe006490eb47fe653843acd315f1b5cbd8889d66f7d8751983a2b,True,
专利/刘智远专利/工程实现_20261003/software/trusstwin/geometry.py,7024,ad7812c5584f25c033e537e1896e13105b779475d457106c6554068d472a8f44,True,
专利/刘智远专利/工程实现_20261003/software/trusstwin/mechanics.py,3547,4782ce46b366816ba3ba784f46674e8fc6322ce9202e5b6901cfeee30b108dc6,True,
专利/刘智远专利/工程实现_20261003/software/trusstwin/observations.py,7662,026fdc0446ea683588647f81541f4919403788588be3bfd99ba92e7bcc08922a,True,
专利/刘智远专利/工程实现_20261003/software/trusstwin/output_demo/gaussian_members.json,515,adb9c31cc4af8286e63970aab3e6ca27834906188ed1b520b153e288d94243de,True,
专利/刘智远专利/工程实现_20261003/software/trusstwin/output_demo/result.json,57240,3c3ce82c99239e049cda47195e4e9b3035a232447d723b87f1c75ee3a9c99e5f,True,
专利/刘智远专利/工程实现_20261003/software/trusstwin/output_demo/surface_gaussians.ply,43376,8f424cd2f4c2f8b585967aaa2dbf114fd9c8bb1db714ed7001a9ab202cb30a19,True,
专利/刘智远专利/工程实现_20261003/software/trusstwin/output_measured/gaussian_members.json,515,adb9c31cc4af8286e63970aab3e6ca27834906188ed1b520b153e288d94243de,True,
专利/刘智远专利/工程实现_20261003/software/trusstwin/output_measured/result.json,55772,0551457753c77f9ae37701be1e199555cb9906fc90f7f5c9504145163f494464,True,
专利/刘智远专利/工程实现_20261003/software/trusstwin/output_measured/surface_gaussians.ply,43376,8f424cd2f4c2f8b585967aaa2dbf114fd9c8bb1db714ed7001a9ab202cb30a19,True,
专利/刘智远专利/工程实现_20261003/software/trusstwin/pipeline.py,35020,498d98a39781ab48261023464d02e57aaa406d48fae1ed790a6bd027e063f5fb,True,
专利/刘智远专利/工程实现_20261003/software/web/app.js,23790,df57b64517f2de7faebf38a0c3154769a81e6da3bcaed4795345d1bca6cfbcb8,True,
专利/刘智远专利/工程实现_20261003/software/web/index.html,4990,aee37c7de2bada6153994715872e397177e33774466eb2a6d4391c56fcc5cbce,True,
专利/刘智远专利/工程实现_20261003/software/web/style.css,7656,6314dcbc6df0126dcf3a05a1afaffc6074e688ab7b8687fa122dd3fc0bac2bcc,True,
专利/刘智远专利/工程实现_20261003/software/web/vendor/three/LICENSE,1081,bfe119ea4fd413f5f7ca3fcd63adb0c4a073ed39daa2fe7d3e6b769e21272601,True,
专利/刘智远专利/工程实现_20261003/software/web/vendor/three/OrbitControls.js,38703,b97879c748170baadeb3fb84cea1ffdf4674e283dc06042f34e2acb95a76042c,True,
专利/刘智远专利/工程实现_20261003/software/web/vendor/three/three.core.js,1403455,eb077d2417f61d3e6d9264c317cabc4ea35769ed6b0ab533067292a550784c20,True,
专利/刘智远专利/工程实现_20261003/software/web/vendor/three/three.module.js,603113,c8211c69345d2e9949dc7a8ac969380497aa0600a5a8ac6a459c8cd02dd9cb8a,True,
专利/刘智远专利/工程实现_20261003/tools/prepare_mechanical_jobs.py,12443,f9af9023641260a75c6b1f88c0ec8f21dcad573ec3cd9736ae2801e18ed8c0e4,True,
专利/刘智远专利/工程实现_20261003/tools/structural_design_checks.py,5899,92c174edfda4ac47e153762c8cc464645b3da6932da979fc718d394ca68d9728,True,
专利/刘智远专利/工程实现_20261003/validation/AUDIT.md,7657,7a53fcc4cf3f51f2cf32ffd6e277760b422395770cf2419330540adb46666ba5,True,
专利/刘智远专利/工程实现_20261003/validation/field/audit_api_results.json,2443,de1d975907d1fc24e3440f52ab391a2f209c7ae5dba9462861bb7164914c537e,True,
专利/刘智远专利/工程实现_20261003/validation/field/audit_pytest_final/test_ply_and_member_mapping_ar0/gaussian_members.json,515,adb9c31cc4af8286e63970aab3e6ca27834906188ed1b520b153e288d94243de,False,运行缓存/审计临时目录
专利/刘智远专利/工程实现_20261003/validation/field/audit_pytest_final/test_ply_and_member_mapping_ar0/result.json,56683,936fc0d97cdfd8bea0be053747aa2123337c8f3dad86981299f91d47bd77e8d5,False,运行缓存/审计临时目录
专利/刘智远专利/工程实现_20261003/validation/field/audit_pytest_final/test_ply_and_member_mapping_ar0/surface_gaussians.ply,43376,8f424cd2f4c2f8b585967aaa2dbf114fd9c8bb1db714ed7001a9ab202cb30a19,False,运行缓存/审计临时目录
专利/刘智远专利/工程实现_20261003/validation/field/audit_pytest_release/test_ply_and_member_mapping_ar0/gaussian_members.json,515,adb9c31cc4af8286e63970aab3e6ca27834906188ed1b520b153e288d94243de,False,运行缓存/审计临时目录
专利/刘智远专利/工程实现_20261003/validation/field/audit_pytest_release/test_ply_and_member_mapping_ar0/result.json,57240,3c3ce82c99239e049cda47195e4e9b3035a232447d723b87f1c75ee3a9c99e5f,False,运行缓存/审计临时目录
专利/刘智远专利/工程实现_20261003/validation/field/audit_pytest_release/test_ply_and_member_mapping_ar0/surface_gaussians.ply,43376,8f424cd2f4c2f8b585967aaa2dbf114fd9c8bb1db714ed7001a9ab202cb30a19,False,运行缓存/审计临时目录
专利/刘智远专利/工程实现_20261003/validation/field/audit_pytest_tmp/test_ply_and_member_mapping_ar0/gaussian_members.json,515,adb9c31cc4af8286e63970aab3e6ca27834906188ed1b520b153e288d94243de,False,运行缓存/审计临时目录
专利/刘智远专利/工程实现_20261003/validation/field/audit_pytest_tmp/test_ply_and_member_mapping_ar0/result.json,56242,038b2bde711d844640568231198ad7ac7aab3c1fa86bc19ad6546e7d1e98b74b,False,运行缓存/审计临时目录
专利/刘智远专利/工程实现_20261003/validation/field/audit_pytest_tmp/test_ply_and_member_mapping_ar0/surface_gaussians.ply,43376,8f424cd2f4c2f8b585967aaa2dbf114fd9c8bb1db714ed7001a9ab202cb30a19,False,运行缓存/审计临时目录
专利/刘智远专利/工程实现_20261003/validation/field/CALIBRATION_SOP.md,5571,6bb5096057e68002a53f4bd3572352f845865efc3e6767e012215dcd6a4d9086,True,
专利/刘智远专利/工程实现_20261003/validation/field/FIELD_TRIAL_PROTOCOL.md,6281,ddb87266a3e85ae17f951fea256782635ad1069e1b3c4b4b66d81ac2a22afa79,True,
专利/刘智远专利/工程实现_20261003/validation/field/templates/acquisition_log.csv,318,64d52efe932fdbe188cf1dbc7913d3a98087bd1bceb40b35792ae07e40e2bd36,True,
专利/刘智远专利/工程实现_20261003/validation/field/templates/device_capabilities.csv,435,64917c5478e1dd368f7fe8b77c0ecb619606bca27e0a34b83ac97f2cc2abc5a1,True,
专利/刘智远专利/工程实现_20261003/validation/field/templates/member_groundtruth.csv,343,2e54ffd6d5f5a1767158d23c2231cb939f3136df44650569be3b406cace13524,True,
车老师专利/00_专利组合总览.md,9172,a731b5bb776c78f36ac87263ca307dc9e0845cdc8428010728f5e774e3fc3273,True,
车老师专利/00_任务卡/P1_主发明收尾.md,2681,fd25edb4b1edeb0b8ccc1d41468de743a721014d27b7685e64815dc1ec0d8b10,True,
车老师专利/00_任务卡/P1_附图修改轮.md,3704,aa13ddf48c7b989246c480fe7e8a08343f2ba56986c1c64f25881a39c8f197c0,True,
车老师专利/00_任务卡/P2_卡盘锁闭复压发明.md,4628,be097f1a4e01d60fb139087e5f3dbd0825b79141e5a2e1f707e94055b7e5d2c9,True,
车老师专利/00_任务卡/P3_热伸长测量发明.md,4712,bb134b3de720977257a785bbc6513d6a8ffb84ee8bd7a9abdb765d378c4931bb,True,
车老师专利/00_任务卡/P4_试验台实用新型.md,4814,888ffe142572fe7b12f5f1a5a4ae53a3b11e37c419d062d678b218beb6441c34,True,
车老师专利/00_任务卡/P5_阀块实用新型.md,4146,c00aaa29c9dd12bd26077e1d101dedddc5dd63d04efc673c0306d903c0c3b9c4,True,
车老师专利/00_任务卡/通用_续做规则.md,3348,0be9009b8fc19e36f387716a8c7c16f71208d3eb9bd8dd4f311c24cb495b5422,True,
车老师专利/00_工具/make_disclosure.py,3325,09260953ff78e286460d200a254c94c55e9ea7935dad0cf5302b6891e650b24c,True,
车老师专利/00_工具/MCP/Blender/blender_mcp.py,270889,eb0facf69781a30e69792532087d8d41c6a14fcd323353250abe7988ee297fa5,True,
车老师专利/00_工具/MCP/Blender/bootstrap_result.json,101,76b0e63e4fab768dfef1746e4594612c71b87c0719fdd5605c42327de4bfafc6,True,
车老师专利/00_工具/MCP/Blender/installation_manifest.json,4973,7e3ff3520aab7990596838dfcf424763067de45c70b4abd63340b2e46e25571f,True,
车老师专利/00_工具/MCP/Blender/LICENSE.txt,1071,049501fd54d27852507853a5b88094ca1c6ff97404418a5032f3310eecc9cde6,True,
车老师专利/00_工具/MCP/Blender/live_connection_verified.json,3505,837bcccc1cf2dd22013a0a0c1e7023e9e5703fec12a154797b94cf3d2c6aaec0,True,
车老师专利/00_工具/MCP/Blender/mcp_for_blender-2.1.3-py3-none-any.whl,177253,ca4bd001b317019ff888820317c10e8c533f9a31532f980310f82af30c450b20,False,缓存/自动备份/安装包
车老师专利/00_工具/MCP/Blender/record_live_connection.py,1591,800a26f9d39a609a996fa145f770c7105e3b151eee932b4402eacf0d8512ab92,True,
车老师专利/00_工具/MCP/Blender/start_blender_mcp.py,958,5e8195722391ef027e43d50a43f985c7c382bdfc72f27ae06138d1026c688781,True,
车老师专利/00_工具/MCP/Blender/verify_live_mcp.py,1085,73e01cc4b4d7b5ac3543dea7177a9d5383fb0b275c13cbf8b1eef24268fc88f8,True,
车老师专利/00_工具/MCP/Blender/用户提供目录检查_20261003.json,1092,90ce632f4d809a50d17c117ce37319dd169c25a2dbac7cc7e92ee82a88d74ba2,True,
车老师专利/00_工具/MCP/call_freecad.py,3146,ad136a5ac0d4bfa807499a8941cdcd9b72c2061f435bf3eb7a979da625d4791d,True,
车老师专利/00_工具/MCP/fetch_wandfluh.py,1423,7e385f9f96fb9bebfc4cce6049317ff759e657c9775ea52c12e583b4ff315a37,True,
车老师专利/00_工具/MCP/installation_result.json,1476,8c29798819a7c3a45db783831e1b83ead386f14fa4d5a6f98e271c91dc4afea8,True,
车老师专利/00_工具/MCP/prepare_blender_portable.py,1703,82a86699545e521eb5a0e698655f2e2cf6db96f53f0fec454d4a6102a0a129f9,True,
车老师专利/00_工具/MCP/probe_stdio.py,2558,f53d41ee82125898b80a0b8c9cd8062bfb234335bc7df81ae3b73ee20d6009f2,True,
车老师专利/00_工具/MCP/record_blender_candidate.py,2154,f97a1a4f9920fd0570961ecd16f92a240cdd6515178d821ce20a9bb71799b39f,True,
车老师专利/00_工具/reports_to_docx.ps1,2985,78454726dd8786821b5e228369f1daefd94af96d5f4f170f2c5b8e27f23d43c5,True,
车老师专利/11_工程完善_20261003/00_设计基准/原始文件基线.json,40884,7d08c69eb3d06ffdfd114b245a5729768797788ec296974f3d1487c1cc083fec,True,
车老师专利/11_工程完善_20261003/00_设计基准/统一设计基准.json,4206,c41b5b0d8a80ddcddcac60b21d03dd4929bcfc0ba7192bfb4abd76f6cbfbb61a,True,
车老师专利/11_工程完善_20261003/01_厂家依据/Wandfluh/1_11_2061_e.pdf,632010,a6b814f867e5cb473eec56f0b8f156940fc6505c5ea117e0b04796042ef6f91a,True,
车老师专利/11_工程完善_20261003/01_厂家依据/Wandfluh/1_11_2061_e_p4.png,188594,b85692c419f592d19471fb2be722779fd01815caa2dd5f7dfe234fbdc80e607b,True,
车老师专利/11_工程完善_20261003/01_厂家依据/Wandfluh/2_13_1008_e.pdf,206516,f395e5e696c214199097e1648d1e8148c1b001a8ed876ae7b213f7dd52f48bff,True,
车老师专利/11_工程完善_20261003/01_厂家依据/Wandfluh/2_13_1008_e_p1.png,187085,af75c252ec0e9b79b4aa38abced4ec0f04038ab9ecbc0be716d12f96feef2d87,True,
车老师专利/11_工程完善_20261003/01_厂家依据/Wandfluh/sources.json,862,fd7765e9342645a6eba1f1859f5e7e072edcd0b4ffb8c3994cc70e52e5278b2f,True,
车老师专利/11_工程完善_20261003/01_厂家依据/Wandfluh/STEP/HB0.STEP,80961,12fc72001e5e0d6e27edda7423c8f5c08a3b85c6f46e49b6378f17c2d755f448,True,
"车老师专利/11_工程完善_20261003/01_厂家依据/Wandfluh/STEP/HB4,5.STEP",391609,c2f0e00d71948916b0c6a6d4fe03458542a91f1bcf2f62aa14f8d7da26526c32,True,
车老师专利/11_工程完善_20261003/01_厂家依据/Wandfluh/STEP/SDSPM22-X5-AB.STEP,1513342,c559cd13cb22af15f92940eb5826d75454efe14898e4cc2a663318f362c0037d,True,
车老师专利/11_工程完善_20261003/01_厂家依据/Wandfluh/STEP/SDSPM22-X5-BA.STEP,1078188,5f4f0bd707a68a53bbe6209e372b166cb485ad9474bf69203077c076976be8bd,True,
车老师专利/11_工程完善_20261003/01_厂家依据/Wandfluh/STEP/SDSPM22-X5-FG.STEP,1866002,06da1bb4c2cab5f9c44b51a9e573fb55737cd2af529ceb44ed8c2f6781d1b0e1,True,
车老师专利/11_工程完善_20261003/01_厂家依据/Wandfluh/STEP/VDE37_19x50.STEP,998941,0886ff4d9113e2b9000b4125510adb0232b2ef95533cecd23856fad780eb5c71,True,
车老师专利/11_工程完善_20261003/01_厂家依据/Wandfluh/STEP/VGE37_19x50.STEP,385883,cc57411a00c8b3d04a0b85493d3cf24475dff57cfa2e1dcab6e8d05f3e640290,True,
车老师专利/11_工程完善_20261003/01_厂家依据/Wandfluh/STEP/VJE37_19x50.STEP,443481,d069fed91b527bf909007c421daaca333e4181f42df3dc2d04b6d03b5a317e3a,True,
车老师专利/11_工程完善_20261003/01_厂家依据/Wandfluh/STP_1.11-2061.zip,1169640,7ecce0a9d7adb458500a35d1841f07a779663eb8bda5093e7b3cb80f589532c8,False,压缩归档，展开资料另行保留
车老师专利/11_工程完善_20261003/02_脚本/__pycache__/fine_bench.cpython-311.pyc,59953,745d36b271b1b7f0ebc549381bbdaf220784840c203b608fb771a3ad10b2eef3,False,运行缓存/审计临时目录
车老师专利/11_工程完善_20261003/02_脚本/__pycache__/fine_core.cpython-311.pyc,34600,5958dc8b38c8cc7862e3ef220d0c99617d0f01b259756358f286adba5623276f,False,运行缓存/审计临时目录
车老师专利/11_工程完善_20261003/02_脚本/__pycache__/mesh_io.cpython-314.pyc,9891,ed85a05303878d79d892d36bde0b7d62b048841bbbed570ef85712031c348405,False,运行缓存/审计临时目录
车老师专利/11_工程完善_20261003/02_脚本/add_block_dimensions.py,876,364c7b0f5d680e318dfd673ca4e0a68aad4ea268b5fb0f98d545aad53640c56c,True,
车老师专利/11_工程完善_20261003/02_脚本/build_delivery_index.py,2881,242ce4323fe9e6996a8b2d9542082960f5b0731b3765a7bbb1a5a5446cde8941,True,
车老师专利/11_工程完善_20261003/02_脚本/capture_bench.py,442,ac48e77d830c6af8f786da4fc0ba5c6c49ea05a6a839fa8f9e2510acb46a37e7,True,
车老师专利/11_工程完善_20261003/02_脚本/capture_core.py,379,80f87161a0497cf0f15c535eff8a2d87cc4c6d939f79a944f88c0037693dc41f,True,
车老师专利/11_工程完善_20261003/02_脚本/check_bench_step_roundtrip.py,1153,7e6a22d0e413be67b4f3cf5e264cd51e5843f97e495c8402f46fc1a09a9122aa,True,
车老师专利/11_工程完善_20261003/02_脚本/check_bench_v3_step_roundtrip.py,1153,5f41ae4f84b0bf3946c2f7c1552c29e838491845e02eec9835123cc8565da7c9,True,
车老师专利/11_工程完善_20261003/02_脚本/check_chuck_stroke.py,1692,0e565c451b947f068397380540f813bf324f3af7871766ac52d1f4d224845370,True,
车老师专利/11_工程完善_20261003/02_脚本/check_core_step_roundtrip.py,1136,dbca4c18ab7cb879bc350fe1fab0e16ddacd7b4821c7ad4117e085d95bde3308,True,
车老师专利/11_工程完善_20261003/02_脚本/classify_fem_surfaces.py,1416,fbd2db30d06f96b47ac4d26042a2d9cff3a761fa5991c9fd1bd667d2b4492798,True,
车老师专利/11_工程完善_20261003/02_脚本/classify_fine_surfaces.py,247,a8bdff8806126ac0fc43f6ec350c50237ae09ea40747adaa02f12641464dbd0c,True,
车老师专利/11_工程完善_20261003/02_脚本/classify_medium_surfaces.py,251,214d48453f8e99432a471d6cecb3ef410a8fdb565121e2283eefee1de1b9c709,True,
车老师专利/11_工程完善_20261003/02_脚本/commit_bench.py,2088,6bd0fe7bce71fcd8e5e6d2604f219e9df82f73e75de6870e9fef278f71e74d8d,True,
车老师专利/11_工程完善_20261003/02_脚本/commit_core.py,2919,6f28fcf0a5454ac4feb5f2f63af5bc7fc7b2c38a8ed79c12a4b84d6ef2fc3a5a,True,
车老师专利/11_工程完善_20261003/02_脚本/compare_block_meshes.py,2645,c35359eb18c26d2e33677ecef4b391f3339a7fd9566025a475b922cffb047945,True,
车老师专利/11_工程完善_20261003/02_脚本/create_block_drawing.py,2389,e127a7aeed02d65c852e926a016741ac42f220cdaace7d61b4de8aed397e9366,True,
车老师专利/11_工程完善_20261003/02_脚本/export_block_fem.py,825,3ccea62b63dfbbd98724b7ebe6f1470b72b45e54f93fd3cc2538d5a6f3e219a3,True,
车老师专利/11_工程完善_20261003/02_脚本/export_block_svg.py,526,9fb9ae3211823dd5bf96e8861659a8e117e11feff3e534baa4c4ed41c7fa9fea,True,
车老师专利/11_工程完善_20261003/02_脚本/export_step_bench.py,852,4d3d34281d8f0c97533a9d6451db972285a8d380e3795fc67ad294d03ff205a6,True,
车老师专利/11_工程完善_20261003/02_脚本/export_step_bench_v3.py,869,b48509c9513ee02ca92b09ce03c5ac6bc4b40087774b5582d0c756f03af3910d,True,
车老师专利/11_工程完善_20261003/02_脚本/export_step_core.py,858,cf82fe973733a0934fa1723345a37b07f14a5aba07579a0ce0b96136b24adf85,True,
车老师专利/11_工程完善_20261003/02_脚本/fine_bench.py,28705,edee321d1b6fab05a40a75cfcf811568cb65c6e8de9cfec297b0903486b17a12,True,
车老师专利/11_工程完善_20261003/02_脚本/fine_core.py,17246,afd0a3b0714806ab42d08e0bb94497e51193c2c96ee71945a9a126df71981ccd,True,
车老师专利/11_工程完善_20261003/02_脚本/freeze_design.py,1918,4988caca298e7d54cc476c07c7e1a17ad73e0ce66822b183fc1c8033093729d9,True,
车老师专利/11_工程完善_20261003/02_脚本/inspect_vendor.py,1374,bd4b00b036386646c28d66be6c4a9fde1b61ca5dca0016c6e7d7e8c995604e53,True,
车老师专利/11_工程完善_20261003/02_脚本/launch_bench.py,893,0005949900440118ecf7a40b969aad9a54073194e1cf4ab84d08e11fb6dc48e1,True,
车老师专利/11_工程完善_20261003/02_脚本/launch_bench_check.py,991,d8703f6320b55f7273c8a8ca44c88b864ed0f70eff00a939cb7e17f4b16f717f,True,
车老师专利/11_工程完善_20261003/02_脚本/launch_core.py,987,e33e8ed01b7f32140a1e7a8c6444939d2b2964ab2cf016d4ea3705998736aff1,True,
车老师专利/11_工程完善_20261003/02_脚本/launch_core_check.py,1705,ae19be89bebc844e334baf6e5855f4622cab060de476ab4da014c26b362f1148,True,
车老师专利/11_工程完善_20261003/02_脚本/layout_block_drawing.py,558,7f2f865d9b4ad4e3eafb45710567a632e511b93d3e7519d005d6ff12b1037f34,True,
车老师专利/11_工程完善_20261003/02_脚本/mesh_io.py,4025,1af790023941c831a7059fee095721e4a83ceb9f80d35396d2330c3a6bee0f3f,True,
车老师专利/11_工程完善_20261003/02_脚本/poll_compact.py,125,5a00dc4e26f777b1bf206b42a91d13207e816999362fa9296ea955022abdc04a,True,
车老师专利/11_工程完善_20261003/02_脚本/poll_job.py,139,4e2b2085ef1a3ce5e03c56e2685f95af59fbc83486486ff5825e2875ede58e9a,True,
车老师专利/11_工程完善_20261003/02_脚本/probe_draw.py,230,202eb8bd186d8a282cb2d5e2bf8be1b3d956507564861ba5a11c93c3e4e49faf,True,
车老师专利/11_工程完善_20261003/02_脚本/probe_drawing_edges.py,277,0c2f6020659c487e93b3b5bc62e6a575224b3c9d5a95a3478bbd5e13a484591e,True,
车老师专利/11_工程完善_20261003/02_脚本/probe_vendor_details.py,564,410fa165d4c39041ec207c934b17c2ddf68d5dda96210f2ee806f81646559245,True,
车老师专利/11_工程完善_20261003/02_脚本/read_ccx_results.py,2133,65051724c0f93331dd8867daedcb1754fed9be02556e5834a56db14be1e69ad5,True,
车老师专利/11_工程完善_20261003/02_脚本/render_block_svg.py,881,5ee9dacc9c46800a92c5fa13cb6d6987583f07f6b08eca30711e55b7e7995e6c,True,
车老师专利/11_工程完善_20261003/02_脚本/run_ccx.py,677,f7bcb4abb9c720c164ef0d14fc2b6351a056e46b6fde2327e7fa7b59c4aafb63,True,
车老师专利/11_工程完善_20261003/02_脚本/save_bench.py,345,9d7318e4d036b50f2283d2d406063765a14b88aa677c7ff2782db34468c19d4e,True,
车老师专利/11_工程完善_20261003/02_脚本/save_bench_v3.py,402,100aadf2631a6daf2dc33f5dfd4edb3c4e9e2bb903643635255cb03caa0b71ba,True,
车老师专利/11_工程完善_20261003/02_脚本/save_block_drawing.py,263,29d6348d9d058ff5b64a6a2618542f1a351d6a3d11c93164c4c432fc977b04a4,True,
车老师专利/11_工程完善_20261003/02_脚本/save_core.py,286,1088a746248f03721ca44458e0bc3718600867c25fc0c3ef1d225cb6f264ec8c,True,
车老师专利/11_工程完善_20261003/02_脚本/set_drawing_scales.py,791,de178859691ff986f071f0b09d6c444f56edd50149cf3d554150bfdfb856b3df,True,
车老师专利/11_工程完善_20261003/02_脚本/update_core.py,1845,dc91aea17e601665cdd419fe7dfb247f516d92b5fbdbc6fabebe2224eb5ca890,True,
车老师专利/11_工程完善_20261003/02_脚本/verify_original_files.py,852,1055feefdc82c5b03f4874302a29e1e0dfdd71fa0cdb425b1ad2615a517034cf,True,
车老师专利/11_工程完善_20261003/03_模型/精细尾座阀块油缸_V2.20261003-151549.FCBak,3145230,b657c8d42c64682d1493a1cd001b754fb1929d7d03a14c6160c906ef9ad19554,False,缓存/自动备份/安装包
车老师专利/11_工程完善_20261003/03_模型/精细尾座阀块油缸_V2.FCStd,3153147,0220af0dc8afe96f5387f48f65d265d824df2f8f3ca29a87263e865a4f62cfab,True,
车老师专利/11_工程完善_20261003/03_模型/精细尾座阀块油缸_V2.step,7509625,ea29208ad7ed43cc75f986fea3b2c33d1aa4bf7bc581d59a1f842f296f11776c,True,
车老师专利/11_工程完善_20261003/03_模型/精细液压试验台_V2.20261003-151554.FCBak,3855890,6c97feec4c38f6b66edd6bf20730b948566d7356ba7a6a85f1b03797879b01d9,False,缓存/自动备份/安装包
车老师专利/11_工程完善_20261003/03_模型/精细液压试验台_V2.FCStd,3873641,7dc7caffb7dc12c3db109ccbc5e046af78ca868ea611756b28253348543b3a39,True,
车老师专利/11_工程完善_20261003/03_模型/精细液压试验台_V2.step,10574559,41b48b8950dbdd0539e8fd97dc2ee191f8e4ae1b4d580deb56431971da424f52,True,
车老师专利/11_工程完善_20261003/03_模型/精细液压试验台_V3.FCStd,3942394,990cc7ed252652431a6600a77bcddb3b8d8e727c9df06fd77b7235486f2c8484,True,
车老师专利/11_工程完善_20261003/03_模型/精细液压试验台_V3.step,10928825,9e6cdbcbd09b885891963343e7983c6dbcfe9ba1622980d36fda2a18fb2667d8,True,
车老师专利/11_工程完善_20261003/04_检查/卡盘试验缸20mm行程检查.json,580,ecfef076f64eef574632f561a326f622aa61c369dfcdce645ebffdb3cb0c78da,True,
车老师专利/11_工程完善_20261003/04_检查/厂家STEP分件检查.json,32897,c9005f5b1c3a5767b87750b9f677291210827c95a9c9eefa1213127a3ebf20d1,True,
车老师专利/11_工程完善_20261003/04_检查/厂家STEP检查.json,34053,41aed4a78b2501dbe4e117755ce93d96e839ce7db6c65399e0bfd217086955ab,True,
车老师专利/11_工程完善_20261003/04_检查/原始文件基线复核.json,156,3120a2c39d1e33685f635f9e7dc458c4ae41fc719f16a726dfcd1b3819cd3044,True,
车老师专利/11_工程完善_20261003/04_检查/核心STEP回读检查.json,1386,072e4eca4832c5bbf91a4bac15ba9be92edc24732eed533211399675a2358c91,True,
车老师专利/11_工程完善_20261003/04_检查/核心STEP导出.json,1191,e8330572c79da1678cf7e760c9e2a0e4a72c57c79aed6686912162cb32cf209d,True,
车老师专利/11_工程完善_20261003/04_检查/核心装配交集_位移参考版.json,5331,70d69d60798898c589a1e834e00a8f24361143f39824f2e5d0a2b97d987b1614,True,
车老师专利/11_工程完善_20261003/04_检查/核心装配交集_双测温最终.json,5333,cf83682334bd6a71b035f4c5f0f8faf9480fd572b845a7dd28daea5427529e2d,True,
车老师专利/11_工程完善_20261003/04_检查/核心装配交集_挡圈版.json,5331,d0a189deff2ab2377bd6d50e2915950162c58e6b86fcc3e3b25fbb4093585749,True,
车老师专利/11_工程完善_20261003/04_检查/核心装配交集_第二轮.json,5329,4dbb8fb477fa88967e30c72835736ef59b8ba22cc9932a4158a2ed8980e0736a,True,
车老师专利/11_工程完善_20261003/04_检查/核心装配交集_首轮.json,9927,aa32b06dae5a5dcc1b48acd434aa483e0db48d314cafd131a50915c952b0964c,True,
车老师专利/11_工程完善_20261003/04_检查/精细核心生成报告.json,96637,f98b4750197a6fd5cd5151ee6a81b5428b82b14b167c133d65e9238ef937a1ed,True,
车老师专利/11_工程完善_20261003/04_检查/精细核心视图.png,74091,2bcea7c0a883b26763dc9def8e584b20121e90a7dce218d399b26811dfec9690,True,
车老师专利/11_工程完善_20261003/04_检查/精细核心零件清单.json,45499,58c6e31650563fe22f53092092aa470c5ea4fe0b7759b6b4971f8f77f393edfd,True,
车老师专利/11_工程完善_20261003/04_检查/精细试验台视图.png,93597,5859c3eb11d5cfe1f8067c430141ddcb3143ee8664b912ba20db4eff576837e6,True,
车老师专利/11_工程完善_20261003/04_检查/精细试验台零件清单.json,145978,7d3416505b98de3ae61bb27a05dc3fca7ba88a448e413b6dba6fb5ddedd5f993,True,
车老师专利/11_工程完善_20261003/04_检查/试验台STEP回读检查.json,1368,da44f55a47a6a1c2aec8c160bab655650f38518fdf61672fa623f17be370814b,True,
车老师专利/11_工程完善_20261003/04_检查/试验台STEP导出.json,1187,107a582e6d7d06114503b1cf634cfac3fa82057f250793c99ad1ac28437fb559,True,
车老师专利/11_工程完善_20261003/04_检查/试验台V3_STEP回读检查.json,369,f0405683323b0681c84ed0e50323337125a4e61c52d4e1901322bde0b1670148,True,
车老师专利/11_工程完善_20261003/04_检查/试验台装配交集_位移参考版.json,4655,1e36eac6b4bbe7934c87721d0e4acc0b314108adc4b5db885b39d30559c2d153,True,
车老师专利/11_工程完善_20261003/04_检查/试验台装配交集_卡盘100版.json,1725,4b0fb236b0877c5abcc83e4c84850330bbb9497e65cd99958a8c0d5cdaa3007b,True,
车老师专利/11_工程完善_20261003/04_检查/试验台装配交集_安装完善版.json,5111,7f14699c160c385b2b1cd78bb1d02bb8aede3c3da75d09dd1b29ae714eaf9f94,True,
车老师专利/11_工程完善_20261003/04_检查/试验台装配交集_第三轮.json,4655,5ddc81e38a01583e9bf79f3b1bcb8e8377f35fc860247175d94ee603d57d89e1,True,
车老师专利/11_工程完善_20261003/04_检查/试验台装配交集_第二轮.json,5305,12b5d45f0b67d63e47d88916b15c4f2fb11275b27a01f1db3299b14e7d675d8f,True,
车老师专利/11_工程完善_20261003/04_检查/试验台装配交集_首轮.json,13915,ac5882060a73d6cf5be7ad2ecdabaa8bc9acc5495f3c4d96cae5fa9a918a8e52,True,
车老师专利/11_工程完善_20261003/04_检查/阀块投影边索引.json,821,db25033ff5d92254ceecdee438458c49421b18042df0237478d08bf9123b289c,True,
车老师专利/11_工程完善_20261003/04_检查/阀块投影边索引_缩放.json,18483,92d9ef1899311fdc7979017d3aca7d47acfe7e3c6427c9067f530cb51929bf91,True,
车老师专利/11_工程完善_20261003/05_工程图/阀块_V2_三视图.20261003-155718.FCBak,151659,bbdc8448937e3b89d34f494e42285eb9221c3bdadab41dec8ddf3df0abc43823,False,缓存/自动备份/安装包
车老师专利/11_工程完善_20261003/05_工程图/阀块_V2_三视图.FCStd,151660,f397d68ba8f7f7f02dd779274a4f46d7491e16927bd170abe25e5268b9c460a7,True,
车老师专利/11_工程完善_20261003/05_工程图/阀块_V2_三视图.png,226625,1066167701263fe6cafd5fdad0c8ead5c644a3f12f75c1622a200e50f361f0f1,True,
车老师专利/11_工程完善_20261003/05_工程图/阀块_V2_三视图.svg,100489,cea448c13c0f53c7b4017842bb4a185d6fd141d291523e03ddab56edd3f5018e,True,
车老师专利/11_工程完善_20261003/06_仿真/FEM/00_增加T2之前/block.brep,340529,c9be3f0e41b27541baad9dba27463125041dbdcfa10d67fc6ecdb32eafe5840b,True,
车老师专利/11_工程完善_20261003/06_仿真/FEM/00_增加T2之前/block_coarse.12d,0,e3b0c44298fc1c149afbf4c8996fb92427ae41e4649b934ca495991b7852b855,True,
车老师专利/11_工程完善_20261003/06_仿真/FEM/00_增加T2之前/block_coarse.cvg,278,7949113325cb32be7bffd2b865928ef5606322c0f7f08d37a302e5063b074593,True,
车老师专利/11_工程完善_20261003/06_仿真/FEM/00_增加T2之前/block_coarse.dat,214,7f038a3da95903a7ad19492e1de65f05af49fcca72b78a406a105207c2050b28,True,
车老师专利/11_工程完善_20261003/06_仿真/FEM/00_增加T2之前/block_coarse.frd,60151813,80eb61f17d7c77ff2e23a726b18e2aea7f1e051958fe81aa19b60298e2602122,True,
车老师专利/11_工程完善_20261003/06_仿真/FEM/00_增加T2之前/block_coarse.geo,265,cb2c686d9cde4249a700bcabdcf171e9e69fcd881142ad30a365da42ba7f223c,True,
车老师专利/11_工程完善_20261003/06_仿真/FEM/00_增加T2之前/block_coarse.inp,16257642,d2be30362018a07e1664af92afb5be09832d82efc2676b314d2f98f181b17dd1,True,
车老师专利/11_工程完善_20261003/06_仿真/FEM/00_增加T2之前/block_coarse.log,62092,23411ca18c80df79db9cf97803e05878e1c1fb2c97d39a6654f981af16dd7c5f,True,
车老师专利/11_工程完善_20261003/06_仿真/FEM/00_增加T2之前/block_coarse.msh,20376232,5ac4e0b8d61ca52487daeedc2e5103ca1c96518aada5e20fabe4cc3dcc5be952,True,
车老师专利/11_工程完善_20261003/06_仿真/FEM/00_增加T2之前/block_coarse.sta,173,253efd59462bae0a6fce7b06552a063c82349747e482366b56da923c68b7ca9d,True,
车老师专利/11_工程完善_20261003/06_仿真/FEM/00_增加T2之前/block_coarse_input_summary.json,327,a2410e5642f0add55cd4d83eb36aee9c3799ecd196995c45e43c9f097ea08534,True,
车老师专利/11_工程完善_20261003/06_仿真/FEM/00_增加T2之前/block_coarse_nodal_fields.npz,5169892,2d6c8f4f357c29c99036a0eae57fb39404c1aea5cb4fd0fb95e02481cf294ecb,True,
车老师专利/11_工程完善_20261003/06_仿真/FEM/00_增加T2之前/block_coarse_results.json,1644,eeab2f8f52ecfc64de0d81ad3ca4e5a75ec68f83310368b02cf0fc65552f09f4,True,
车老师专利/11_工程完善_20261003/06_仿真/FEM/00_增加T2之前/block_coarse_samples.json,76423,0a505bea423a3f76f3bd474f34372c088d74378bb232f33cf15d1f789e831d56,True,
车老师专利/11_工程完善_20261003/06_仿真/FEM/00_增加T2之前/block_coarse_solver.log,2194,191811256e41f0fe96721cd43c7302470d0e33de06145a2317b3f0cd4f6ba511,True,
车老师专利/11_工程完善_20261003/06_仿真/FEM/00_增加T2之前/block_coarse_wet_surfaces.json,12709,dbec7eb70d411e1693fb6ae672bd5a021ffdebc081b77dacbb8c457b0691df91,True,
车老师专利/11_工程完善_20261003/06_仿真/FEM/00_增加T2之前/block_faces.json,55018,aabf84bcc1677f735e802d8c6a090c9ca7698cd685fb12da582e74fb02808e6b,True,
车老师专利/11_工程完善_20261003/06_仿真/FEM/block.brep,360875,ca065949444f831ddcf850c1b531fc4e3fc51ce4c8fd7037ca9aae54c65eb534,True,
车老师专利/11_工程完善_20261003/06_仿真/FEM/block_coarse.12d,0,e3b0c44298fc1c149afbf4c8996fb92427ae41e4649b934ca495991b7852b855,True,
车老师专利/11_工程完善_20261003/06_仿真/FEM/block_coarse.cvg,278,7949113325cb32be7bffd2b865928ef5606322c0f7f08d37a302e5063b074593,True,
车老师专利/11_工程完善_20261003/06_仿真/FEM/block_coarse.dat,214,dfac1b2c811edb2e509e7423f82d87b3b197c6959820614501d72afbc6b7dc3e,True,
车老师专利/11_工程完善_20261003/06_仿真/FEM/block_coarse.frd,62107237,9755cbff06422108ed5aec2c91f1222f8eaca7221f2c361443b72b1c776efad8,True,
车老师专利/11_工程完善_20261003/06_仿真/FEM/block_coarse.geo,265,cb2c686d9cde4249a700bcabdcf171e9e69fcd881142ad30a365da42ba7f223c,True,
车老师专利/11_工程完善_20261003/06_仿真/FEM/block_coarse.inp,16819346,c96e7940cc494f8d704fd2e4a71b152342c230dbd236ca5c4e3b2117174c5cad,True,
车老师专利/11_工程完善_20261003/06_仿真/FEM/block_coarse.log,63499,b2a04bb7abb1b375c02deeddd08a7020d26b885d61048bf12d4f3146da96d248,True,
车老师专利/11_工程完善_20261003/06_仿真/FEM/block_coarse.msh,21077461,d7ac728bfd32a57badde19c1cbdcf8104ad743ea870535b5f37aa031d12103f2,True,
车老师专利/11_工程完善_20261003/06_仿真/FEM/block_coarse.sta,173,253efd59462bae0a6fce7b06552a063c82349747e482366b56da923c68b7ca9d,True,
车老师专利/11_工程完善_20261003/06_仿真/FEM/block_coarse_input_summary.json,327,800f73cf8f47c72ae299e6449c0181b6386fb4b25d94713e47d790b006b15a4b,True,
车老师专利/11_工程完善_20261003/06_仿真/FEM/block_coarse_nodal_fields.npz,5343391,569ac639d9558684beab70f02300a140f529179a64faf7ea3b9d27dfaf2fccbc,True,
车老师专利/11_工程完善_20261003/06_仿真/FEM/block_coarse_results.json,1687,31f801a3fe6594d00d177776a84439f51d62d5ad8328d34cfb6c0655055a0c27,True,
车老师专利/11_工程完善_20261003/06_仿真/FEM/block_coarse_samples.json,78668,f26e0c3260789de6cb6d64940ac4cec523e368bb7c2e3e9f9cac1e016acea83b,True,
车老师专利/11_工程完善_20261003/06_仿真/FEM/block_coarse_solver.log,2194,e4c5924fc76baac53ca49c8b3464eda070d801555f43b0bf288723c1d64d038a,True,
车老师专利/11_工程完善_20261003/06_仿真/FEM/block_coarse_wet_surfaces.json,13069,51501cb452856cbe9f9e641ca0d0e81d5fcd37023ed31edb4acd451a58bd9df4,True,
车老师专利/11_工程完善_20261003/06_仿真/FEM/block_faces.json,56517,f568a5cf1b93dad75336a1f94b27c43fa0a3e74678a5c64567f979d83d7c0edb,True,
车老师专利/11_工程完善_20261003/06_仿真/FEM/block_fine.12d,0,e3b0c44298fc1c149afbf4c8996fb92427ae41e4649b934ca495991b7852b855,True,
车老师专利/11_工程完善_20261003/06_仿真/FEM/block_fine.cvg,0,e3b0c44298fc1c149afbf4c8996fb92427ae41e4649b934ca495991b7852b855,True,
车老师专利/11_工程完善_20261003/06_仿真/FEM/block_fine.dat,0,e3b0c44298fc1c149afbf4c8996fb92427ae41e4649b934ca495991b7852b855,True,
车老师专利/11_工程完善_20261003/06_仿真/FEM/block_fine.frd,80,5742583d1af9685062ae03b48fde94a86aa61ddf5203caa560f814fe821b224e,True,
车老师专利/11_工程完善_20261003/06_仿真/FEM/block_fine.geo,266,290356e038282095c0704c150cc63f9667727644eed36db93cc4ab5628965a77,True,
车老师专利/11_工程完善_20261003/06_仿真/FEM/block_fine.inp,43543695,4b337aaf236e45c6560373bc4c5d90391866655a3d29eaa06349f2070f333ba8,True,
车老师专利/11_工程完善_20261003/06_仿真/FEM/block_fine.log,67655,257395c5c82d1f8b25633c7dde2d057595439d695f1b499d235c552bdee79021,True,
车老师专利/11_工程完善_20261003/06_仿真/FEM/block_fine.msh,53380198,581c055fc797d91c7c42262094e55a5a85cf93cdc42c5ebefda61f874774dbc8,True,
车老师专利/11_工程完善_20261003/06_仿真/FEM/block_fine.sta,0,e3b0c44298fc1c149afbf4c8996fb92427ae41e4649b934ca495991b7852b855,True,
车老师专利/11_工程完善_20261003/06_仿真/FEM/block_fine_failure.json,393,50d615e2bd9a995eb4dd6bbcf343b4b44079683aad61ffefd65d569e7f0bedfb,True,
车老师专利/11_工程完善_20261003/06_仿真/FEM/block_fine_input_summary.json,325,372af5f622f67211b5d90f9c4a25b9319c70f5cee6d572b26eb849c5722f4ff0,True,
车老师专利/11_工程完善_20261003/06_仿真/FEM/block_fine_samples.json,79807,22d0461cee563fb6e05907c70b77fd600937bf20e5f9b353256b1d6465114723,True,
车老师专利/11_工程完善_20261003/06_仿真/FEM/block_fine_solver.log,395,dbf3658fa06de9cde456423657df5e8cf2ce99965095bb96d8c6e7a72c7b322f,True,
车老师专利/11_工程完善_20261003/06_仿真/FEM/block_fine_wet_surfaces.json,13069,f52c5f3e9e060f1e335d58599d51392ab3d0f662b79c6434f3f951b8ee84170b,True,
车老师专利/11_工程完善_20261003/06_仿真/FEM/block_medium.12d,0,e3b0c44298fc1c149afbf4c8996fb92427ae41e4649b934ca495991b7852b855,True,
车老师专利/11_工程完善_20261003/06_仿真/FEM/block_medium.cvg,278,7949113325cb32be7bffd2b865928ef5606322c0f7f08d37a302e5063b074593,True,
车老师专利/11_工程完善_20261003/06_仿真/FEM/block_medium.dat,214,dc4c9dc9e9ead91bbac0f1311d9d766b5ccd6672ec75b37086fb538941b5afe8,True,
车老师专利/11_工程完善_20261003/06_仿真/FEM/block_medium.frd,91548531,1ad7ad3b12b8ce5e105e1b44dd26fd053a483d805d5f59a670927b047f41366b,True,
车老师专利/11_工程完善_20261003/06_仿真/FEM/block_medium.geo,226,e35f6f02ff435d80388985220d9fff72dbf48a44779d3d04fa1c67f3fb373935,True,
车老师专利/11_工程完善_20261003/06_仿真/FEM/block_medium.inp,25303306,3d45b10bc139010fd21865d7d755ca47a7645730375843054688099e8bc54b25,True,
车老师专利/11_工程完善_20261003/06_仿真/FEM/block_medium.log,64648,fd1d73395ff72cd3e3c54a1e444a576ef88a24c07ebb2e83f6768beb34315a6b,True,
车老师专利/11_工程完善_20261003/06_仿真/FEM/block_medium.msh,31404448,8725aa045bfdce6b352125b106af110b42b4d7948559fe3d1fd1075562d78124,True,
车老师专利/11_工程完善_20261003/06_仿真/FEM/block_medium.sta,173,253efd59462bae0a6fce7b06552a063c82349747e482366b56da923c68b7ca9d,True,
车老师专利/11_工程完善_20261003/06_仿真/FEM/block_medium_input_summary.json,327,bc9d0d0a138b78975c4a7adfd178f22b72deca0557af2672028b97e7d0c7d812,True,
车老师专利/11_工程完善_20261003/06_仿真/FEM/block_medium_nodal_fields.npz,7929080,d480c3e21f3aa86d166dc37d85b43e2f5f019908014325eb7e44dc03415eb377,True,
车老师专利/11_工程完善_20261003/06_仿真/FEM/block_medium_results.json,1688,8d94350982232d17b6536dfc0be99353aa019338914f47986d68b021a7428492,True,
车老师专利/11_工程完善_20261003/06_仿真/FEM/block_medium_samples.json,78833,45906c3ca1b9fbe8c7d25dbf11ab1fc185087d20306e3823792206766a9558c0,True,
车老师专利/11_工程完善_20261003/06_仿真/FEM/block_medium_solver.log,2194,fafeadd6fc63ce4c412ab0616870c9fba91f69f30daf586e320e95a45dfa9767,True,
车老师专利/11_工程完善_20261003/06_仿真/FEM/block_medium_wet_surfaces.json,13069,df763b3a75e60c06c982a95c79c0706cb029a74baba57b98f640b034b1a07b14,True,
车老师专利/11_工程完善_20261003/06_仿真/FEM/spooles.out,0,e3b0c44298fc1c149afbf4c8996fb92427ae41e4649b934ca495991b7852b855,True,
车老师专利/11_工程完善_20261003/06_仿真/FEM/网格比较.png,77780,ba3efbb0c84d716f61f11e44839d16d34f4104807ab4eb5fb28914e0e36c477d,True,
车老师专利/11_工程完善_20261003/06_仿真/FEM/网格比较与适用范围.json,4651,b5652031b6b8ed67443a7422d3c195705699e9bba41657666478be4c60682d8e,True,
车老师专利/11_工程完善_20261003/07_交付/交付文件索引.json,9179,895ffcac82fa37698ea5ffe5f87198e2bb8f2169b66cdb75bc24e8fb9fb16168,True,
车老师专利/11_工程完善_20261003/07_交付/尾座总成_BOM.csv,18815,8bbba94e04a9f0c7a7a9ee50468a3ebaa104c026fc043a5632a53f22f90cc1dc,True,
车老师专利/11_工程完善_20261003/07_交付/工程阶段说明与验收目标.txt,9037,acd61a6217875c30939db3689726da67f75231bbc2d6044fb07b7721a7b52583,True,
车老师专利/11_工程完善_20261003/07_交付/试验台_BOM.csv,59647,7d5a2db57748494a207f349921ab4180c85bfd0a4b454e6e6bd9f32c5d91152c,True,
车老师专利/P2_液压卡盘锁闭保压复压_发明专利/00_设计基准/设计基准参数.json,9764,609ed3087b1d91bfbccea416c70bacc63fa2bed0e8a44b6941d5a98add2e7123,True,
车老师专利/P2_液压卡盘锁闭保压复压_发明专利/01_查新与创新点/gp_search.py,5962,5d6ef1096c65a69b0af9a5bbda9b6573e3bbfe7ebf5d1b7f42004da26298a8a1,True,
车老师专利/P2_液压卡盘锁闭保压复压_发明专利/01_查新与创新点/检索原始数据/gp_汇总.json,19773,dc21397f4bb6876a7a7bafef59c3e0f55d876b94cb99427c91be5956cc8fb625,True,
车老师专利/P2_液压卡盘锁闭保压复压_发明专利/03_仿真验证/数据/curves.json,1318561,1b3d742a065fc00afa2a4b5a4869a52ca793c9b493357d3089dbd46f5d62a204,True,
车老师专利/P2_液压卡盘锁闭保压复压_发明专利/03_仿真验证/数据/sens.json,11151,38307df2ee6497c0f616bc1ffac9d3a18ad96277effc0f2f4b4db3290791a2fb,True,
车老师专利/P2_液压卡盘锁闭保压复压_发明专利/03_仿真验证/数据/supply.json,14558,28830a7157e3806a98707917b9d92cce26f19737a5ee593eeb10ba0f9c9f5764,True,
车老师专利/P2_液压卡盘锁闭保压复压_发明专利/03_仿真验证/数据/validate.json,6320,64ca35797bf063e53e49d6fe509da480f42773bc27f6c41b8710425b963cb5ea,True,
车老师专利/P2_液压卡盘锁闭保压复压_发明专利/03_仿真验证/脚本/__pycache__/detect.cpython-314.pyc,11559,b4e386266fa864f3f920a8d4fde91c49ea95f3f92d98e16bafbf278d751422cb,False,运行缓存/审计临时目录
车老师专利/P2_液压卡盘锁闭保压复压_发明专利/03_仿真验证/脚本/__pycache__/event_model.cpython-314.pyc,27176,477ab5edd6e8bbe6446e4bb7c025cee0b7f59936b531fc43377327852b579b77,False,运行缓存/审计临时目录
车老师专利/P2_液压卡盘锁闭保压复压_发明专利/03_仿真验证/脚本/__pycache__/params.cpython-314.pyc,16724,0323770db1424c5405a9b56cce79b93507db076c1460f23513d70e5e7a7d4770,False,运行缓存/审计临时目录
车老师专利/P2_液压卡盘锁闭保压复压_发明专利/03_仿真验证/脚本/__pycache__/sim_lib.cpython-314.pyc,15363,db330c68ab13d7dc7c5ddae674d892a7a78e97f7b9b797efc2b854c5c9760845,False,运行缓存/审计临时目录
车老师专利/P2_液压卡盘锁闭保压复压_发明专利/03_仿真验证/脚本/detect.py,6830,01284aa01165de0b8db38fe11bc9da99959275c77666bb100378c13c1722b33a,True,
车老师专利/P2_液压卡盘锁闭保压复压_发明专利/03_仿真验证/脚本/event_model.py,14176,fa949ef098865bd9b3095cbe134c379b7bab279f47e28c41eee9075bc89620d8,True,
车老师专利/P2_液压卡盘锁闭保压复压_发明专利/03_仿真验证/脚本/params.py,9642,139b15ec8a278645f27e6dea04f71d0813f94153ca67f345b477be326cc64e8e,True,
车老师专利/P2_液压卡盘锁闭保压复压_发明专利/03_仿真验证/脚本/sim_all.py,31686,6a6faa0b67928ae9865a123c70ee8ea344db0150f6ee35d9db27300d22d7aad8,True,
车老师专利/P2_液压卡盘锁闭保压复压_发明专利/03_仿真验证/脚本/sim_lib.py,7738,d7dbc7ee71fda2506e3456b54587645870d95f44ce02139ecb6549163b8a28e2,True,
车老师专利/P2_液压卡盘锁闭保压复压_发明专利/10_审查与迭代/进度.md,1514,06eb5712b64548d3b1a5f8979a26401eb5390a88c7f5c34c7e67227d1dffb48a,True,
车老师专利/P3_尾座工件热伸长在线测量_发明专利/10_审查与迭代/进度.md,64,363279e51cc9ac187feb7056a4f30c10da01357280b992100631657a9092a161,True,
车老师专利/P4_卡盘尾座液压试验台_实用新型/00_设计基准/P4_设计基准.json,3178,22758fd7011efcd12409333242ce7282c45769e8be3fd1d82bf7de5d41771e67,True,
车老师专利/P4_卡盘尾座液压试验台_实用新型/01_查新与创新点/文献/CN112692317A.pdf,866762,30fb608484a587263481397df1436100e78d99f7ebd1456d9002fb66bf68b516,True,
车老师专利/P4_卡盘尾座液压试验台_实用新型/01_查新与创新点/文献/CN214720648U.pdf,511095,69fd797b504c079838781b9769fdd70fd8e7e4416c6b95bbb0a189057e783706,True,
车老师专利/P4_卡盘尾座液压试验台_实用新型/03_校核计算/p4_calc.py,12556,bad4d90fe2f281755d0be737869a6501d41920ffd962f9b3eb69b9cb41c86b82,True,
车老师专利/P4_卡盘尾座液压试验台_实用新型/03_校核计算/校核计算.json,3403,77f17458ddbbb6cdde27ae8efeb6ba0eda27416aed78a34ec59fd60d0f279549,True,
车老师专利/P4_卡盘尾座液压试验台_实用新型/03_校核计算/校核计算书.md,2776,aac87cb38cacff5d8a1c0d5746207308edfb8fed8ecb18a774baa0fd769ef99e,True,
车老师专利/P4_卡盘尾座液压试验台_实用新型/04_模型/试验台出图模型_P1副本.step,851053,b24a4b1d4eea0299379357e4af9487f1105351241dbd4b0d2f17f182e8585b05,True,
车老师专利/P4_卡盘尾座液压试验台_实用新型/04_模型/零件清单_P1副本.md,4849,5f70db5cee0148f0a8d99014cda1fc9f3ce21354354be613b8ae7434b0c78b41,True,
车老师专利/P4_卡盘尾座液压试验台_实用新型/05_附图/无标注版/图1.png,498044,b28acd9a28de8c3f95f9be44a6b4cac2c14b57bbf92607be2c1e1044be2b98a5,True,
车老师专利/P4_卡盘尾座液压试验台_实用新型/05_附图/无标注版/图1.svg,128854,7d728eee44c6d087b89d429cbd591b507c14d54a8b6ba7b1d37066a292a9f453,True,
车老师专利/P4_卡盘尾座液压试验台_实用新型/05_附图/无标注版/图2.png,53915,6abcd0cab693170dd2d5052e4031dc8aa44ad66ee8b67dad3db650d712aa2649,True,
车老师专利/P4_卡盘尾座液压试验台_实用新型/05_附图/无标注版/图2.svg,73348,99e24d66cac4e3fa48b9c66fa2c04abbf1a756c0a908b218b49e6f4638521916,True,
车老师专利/P4_卡盘尾座液压试验台_实用新型/05_附图/无标注版/图3.png,285902,d8180ceca753dc85282562bba151f20e08ad903e563398c466831b8d4edbfa33,True,
车老师专利/P4_卡盘尾座液压试验台_实用新型/05_附图/无标注版/图3.svg,39808,323aa7694746f90036e09ad781a4cc399bb231e8225698a8eca30da6b6104d21,True,
车老师专利/P4_卡盘尾座液压试验台_实用新型/05_附图/无标注版/图4.png,6355,951a834eb68b72b3d70e850108d2f7a6caee360b964bd24463f1b6912f6452af,True,
车老师专利/P4_卡盘尾座液压试验台_实用新型/05_附图/无标注版/图4.svg,9854,896df45ab1c1c9a71b96437960733da48411dda98580ae5d008b82447b02286f,True,
车老师专利/P4_卡盘尾座液压试验台_实用新型/05_附图/无标注版/图5.png,6417,426a810b774e78ebaf85ba0b1f6635bb5bc78173740d18fa946ab773dfc0fa31,True,
车老师专利/P4_卡盘尾座液压试验台_实用新型/05_附图/无标注版/图5.svg,10343,4d8917c9b277809a944305fb8f4f338d2725f914c29b17442800f6b79b3c764b,True,
车老师专利/P4_卡盘尾座液压试验台_实用新型/05_附图/无标注版/图6.png,11711,0a403f3de3bd4ac87ed91d930de4ec123d34043f48048e5db57126e54f2e49de,True,
车老师专利/P4_卡盘尾座液压试验台_实用新型/05_附图/无标注版/图6.svg,15974,f9490c22e2330f006405e1a54b11169a0080e60346fb3e69c23f7621da55895e,True,
车老师专利/P4_卡盘尾座液压试验台_实用新型/05_附图/标注版/图1.json,2587,029806ba1502896a23202dc60565ba8ad2807b8b8d22e509e3881ae64b6ff433,True,
车老师专利/P4_卡盘尾座液压试验台_实用新型/05_附图/标注版/图1.png,546106,1cdfce659cc16840b64ba6905798ef90cf1d0ed44a97fcddef44ffc4856f0aee,True,
车老师专利/P4_卡盘尾座液压试验台_实用新型/05_附图/标注版/图1.svg,144353,a230e306b4d28daa1b176c07a92722d5da3bd269de79709b77a287fe4e253a74,True,
车老师专利/P4_卡盘尾座液压试验台_实用新型/05_附图/标注版/图2.json,4096,d8b5f4ddb898559d664e5d58dd6385820075a4b8b81299f1fd5eba213b274fdd,True,
车老师专利/P4_卡盘尾座液压试验台_实用新型/05_附图/标注版/图2.png,208653,2d15d4aaf4ce454e9a5d79b441652575aedc658255ac8f31e18b2b4488b4a249,True,
车老师专利/P4_卡盘尾座液压试验台_实用新型/05_附图/标注版/图2.svg,98947,06f2ff2b3c7bc4f9200946edc714bf56c9c2550bd9a9d33e5c9438cdceb87e90,True,
车老师专利/P4_卡盘尾座液压试验台_实用新型/05_附图/标注版/图3.json,2014,7a3716edee90bb3ab989404be91a02a7ee6c310380c40a3e98edad315c5abf29,True,
车老师专利/P4_卡盘尾座液压试验台_实用新型/05_附图/标注版/图3.png,320647,7c839eed8226cb7cfaa1c64cb771de4e5991545b5cd888403c58de4446d25d25,True,
车老师专利/P4_卡盘尾座液压试验台_实用新型/05_附图/标注版/图3.svg,51241,3667865af9e3adfc776bdd04c89cfbc414e3f8cdac3cf01f840c95b0328a25d7,True,
车老师专利/P4_卡盘尾座液压试验台_实用新型/05_附图/标注版/图4.json,333,fbba770c17c83934a12b44127bc3f6f1b00b0ddccf47bf4a1187936422e3c08c,True,
车老师专利/P4_卡盘尾座液压试验台_实用新型/05_附图/标注版/图4.png,12959,38a08583ab522a1c0f8088595ca629518c9a3d9f8c3e0f48bf8d164d7a1666e6,True,
车老师专利/P4_卡盘尾座液压试验台_实用新型/05_附图/标注版/图4.svg,18212,bbb1c37dae8c281aa4b1d7180e6cfa6dd2ed728da1f7ab4998ec49f4e15bf12e,True,
车老师专利/P4_卡盘尾座液压试验台_实用新型/05_附图/标注版/图5.json,312,b56e81b51acec890e71df95bd410521fa2ad1942685146eafd979c140f6050cf,True,
车老师专利/P4_卡盘尾座液压试验台_实用新型/05_附图/标注版/图5.png,11063,fa8c1ae7ed796190ac3a4191f220994aee9f692c47d0edb129d8659885e04461,True,
车老师专利/P4_卡盘尾座液压试验台_实用新型/05_附图/标注版/图5.svg,17487,bb611510e798ae5bd23f4e6a174f29339fe977a2834e286041f3372e4113b1ec,True,
车老师专利/P4_卡盘尾座液压试验台_实用新型/05_附图/标注版/图6.json,297,12393b202aca181efaf42c86671eb85d8385109475c32151947bdb03d69a750e,True,
车老师专利/P4_卡盘尾座液压试验台_实用新型/05_附图/标注版/图6.png,14640,67565f6c505d71759dee1212ac7b37a5eb81e1a90ce0efb3418d84e1b59ab189,True,
车老师专利/P4_卡盘尾座液压试验台_实用新型/05_附图/标注版/图6.svg,21303,024e2e364ce47c5b61c9d400cad3cc3ecd4f57a7ba858fc12b47da3412c79287,True,
车老师专利/P4_卡盘尾座液压试验台_实用新型/07_脚本/blank.png,1588,d5cc2e4a46737489ea1656bd3e4e77e76dfaa3a83e5b68b8d8b7e90f948145e4,True,
车老师专利/P4_卡盘尾座液压试验台_实用新型/07_脚本/build_patent_docx.js,17749,7d47a589d94abcad53dba05ed10300fc11c690e3542c385168d8af4463a672ca,True,
车老师专利/P4_卡盘尾座液压试验台_实用新型/07_脚本/docx2pdf.ps1,999,ab7af7f39d5b8ebdb97cb27bedfc34a2833cca69b5d2920980333347ec4af03b,True,
车老师专利/P4_卡盘尾座液压试验台_实用新型/07_脚本/p4_figs.py,11367,72f494c37e511dcc5d1f8ddc6a26411c96c93751107dad57e32353db8494c129,True,
车老师专利/P4_卡盘尾座液压试验台_实用新型/10_审查与迭代/进度.md,714,53d0cfb1edbe1f0c96bfafb172c1f7063342218af14e5dd3dad07be2055d4a99,True,
车老师专利/P5_液压尾座集成锁闭阀块_实用新型/00_README.md,2889,330ef92377d9edf4df655957103da698776b1334ea19bd360930c9791032daad,True,
车老师专利/P5_液压尾座集成锁闭阀块_实用新型/00_设计基准/P5_设计基准.json,12159,a8fd157e246134fa80668f2de9488bde9a85bec1ad78f74fda2d30cf500815b9,True,
车老师专利/P5_液压尾座集成锁闭阀块_实用新型/01_查新与创新点/对比文献.json,13115,0205bd94f13132cfe15563806d69cd2cd08e223f5b7f21b88aff0857ea0f776b,True,
车老师专利/P5_液压尾座集成锁闭阀块_实用新型/01_查新与创新点/文献/EP1462681A2.pdf,422429,bb5e9849eeeda761fc77d4ac83f9b7ade31482c209f8fb2dbf903ae514f32513,True,
车老师专利/P5_液压尾座集成锁闭阀块_实用新型/01_查新与创新点/文献/EP2018458B1.pdf,210811,888b6e5a1fc5b9da684671d19b73a4e42b3f858ea034d5362b3305963b84fdad,True,
车老师专利/P5_液压尾座集成锁闭阀块_实用新型/01_查新与创新点/文献/EP2761189B1.pdf,434229,2a40f2825b0a371d3361b56018a2b362b2a0e3c197dde1cbeae1f6244ae952bd,True,
车老师专利/P5_液压尾座集成锁闭阀块_实用新型/01_查新与创新点/文献/EP2863068B1.pdf,551974,10b433787e7206026aa2585a44757cf7950ba6cef9353ac3be23237659d18edb,True,
车老师专利/P5_液压尾座集成锁闭阀块_实用新型/01_查新与创新点/权利要求1撰写建议.md,2994,2e98c7a481d8e04c4c084d6e33ac71e1a458d481fc7683417100146581c4bb8f,True,
车老师专利/P5_液压尾座集成锁闭阀块_实用新型/01_查新与创新点/查新与创新点分析报告.md,6974,c54192f69a2179ee067bb1ba83dfd3d98e265b615ef779aca19cf833da648628,True,
车老师专利/P5_液压尾座集成锁闭阀块_实用新型/01_查新与创新点/检索原始结果/epo_EP1462681A2.json,8415,9179b5598eddf7e6944e0b812cec6ef60f2ed8d1ec5b20620764f70b405d4665,True,
车老师专利/P5_液压尾座集成锁闭阀块_实用新型/01_查新与创新点/检索原始结果/epo_EP2018458B1.json,8194,4d3f75baa87cb13bc7a756d1b863e2aa29408aad6bc230a720032a5d3fbe4a34,True,
车老师专利/P5_液压尾座集成锁闭阀块_实用新型/01_查新与创新点/检索原始结果/epo_EP2761189B1.json,8157,67b4e6bf461893c96a6ae3a99c8b5be219fdf7b39622b83f881be2dd0f359b43,True,
车老师专利/P5_液压尾座集成锁闭阀块_实用新型/01_查新与创新点/检索原始结果/epo_EP2863068B1.json,7997,24b6073c3037477a5a330020128f1f19d531f92bd30f72139e394bf282428c7f,True,
车老师专利/P5_液压尾座集成锁闭阀块_实用新型/01_查新与创新点/检索记录.md,5672,2970e2ace4e194e41a8303e7029b6c0f99f0a03f98fe03fcc88dc84105a7de31,True,
车老师专利/P5_液压尾座集成锁闭阀块_实用新型/03_校核计算/p5_calc.py,35397,f5b5edc874a20cd836ebf667e1a92ae37d4eef7a5de08aa2781d15160f32ee38,True,
车老师专利/P5_液压尾座集成锁闭阀块_实用新型/03_校核计算/校核计算.json,20526,9f907e64d92c4046149d47e5eb9045239c1360340910249ff7e6c34fed16f7f6,True,
车老师专利/P5_液压尾座集成锁闭阀块_实用新型/03_校核计算/校核计算书.md,10785,8c92c8dc08655d9028a42d1d948e9ea0669afb389804e4c0f207a24b0f871bc8,True,
车老师专利/P5_液压尾座集成锁闭阀块_实用新型/04_模型/_build_report.json,5594,a5e480e60fa7ee195d4601f74f6380af7752440e5790284c86d4741aa14d786c,True,
车老师专利/P5_液压尾座集成锁闭阀块_实用新型/04_模型/_check_report.json,11019,16550501d854fb4faac930601d0f2b81d8401232b309ed2b2d3a5d58dc66e0d7,True,
车老师专利/P5_液压尾座集成锁闭阀块_实用新型/04_模型/P1来源_只读副本/锁闭阀块_详细.FCStd,184911,fe198b9e55da96f3eca106d4a8ea797976f69ed4bd86acc2e66ee56e20d44637,True,
车老师专利/P5_液压尾座集成锁闭阀块_实用新型/04_模型/P1来源_只读副本/锁闭阀块_详细.step,265545,cd4cd5cfdfb4b69c4dc0b0670167ceb2ee30fc93bed50229265d01523b3390cf,True,
车老师专利/P5_液压尾座集成锁闭阀块_实用新型/04_模型/P5_出图模型.20261001-161439.FCBak,347904,cd30befe4fb59fa017cbd36248bc7e9750dc38929305ea9c91cedaf44998cd1c,False,缓存/自动备份/安装包
车老师专利/P5_液压尾座集成锁闭阀块_实用新型/04_模型/P5_出图模型.FCStd,350172,cb43ccfec5ca256c8a6dfd1b017eb00e7dff6467062f9bc63e3a145e031c47ba,True,
车老师专利/P5_液压尾座集成锁闭阀块_实用新型/04_模型/尾座油缸与集成锁闭阀块_装配.step,1023048,acb75f5c7d5b9cb5b421d672202496e7e3401faede44ccba8d6f5342d16be27b,True,
车老师专利/P5_液压尾座集成锁闭阀块_实用新型/04_模型/集成锁闭阀块.step,915938,fff49ec2a3ec437088304d87b376b8b350afacd832661683a3a4d6111c573cca,True,
车老师专利/P5_液压尾座集成锁闭阀块_实用新型/05_附图/_附图检查.json,6320,3b1b5293d3d7ddf9e5afe9bef8b1b4c688d1bb99a40cd63f29928c7084482c25,True,
车老师专利/P5_液压尾座集成锁闭阀块_实用新型/05_附图/numerals.json,3396,635eacb201e35e6010ff47a1839532f156bcc905c80dcf5f221fedfd563e28bc,True,
车老师专利/P5_液压尾座集成锁闭阀块_实用新型/05_附图/无标注版/图1.png,135463,c6b6a70598b8553982a564061b6a4aa6e33654bdd833ba2c5006ded526521888,True,
车老师专利/P5_液压尾座集成锁闭阀块_实用新型/05_附图/无标注版/图1.svg,153949,862ef5827e16897d703f87ab662af4a534cad5115f612efd3dedfadd472c6bb9,True,
车老师专利/P5_液压尾座集成锁闭阀块_实用新型/05_附图/无标注版/图2.png,268172,c3b14db5d692ce4b0e8a8c251c009ce941665a33959d3697b3cfddfa8ce58828,True,
车老师专利/P5_液压尾座集成锁闭阀块_实用新型/05_附图/无标注版/图2.svg,84362,2f03a3fe272be6f4a27d10284524175543e6cca8cce4d6c28efe38c4a4f14ffe,True,
车老师专利/P5_液压尾座集成锁闭阀块_实用新型/05_附图/无标注版/图3.png,57637,b277d2e82c92ee81bf2449924524385dbbf52151e88fff34e375f321a0ced24f,True,
车老师专利/P5_液压尾座集成锁闭阀块_实用新型/05_附图/无标注版/图3.svg,33192,6cbe27a3fa379b9e2ff70275fa6a0c666bdb91ae814fbd2101527fcab617df1a,True,
车老师专利/P5_液压尾座集成锁闭阀块_实用新型/05_附图/无标注版/图4.png,68325,c5ea3d2adbc8ff9da60c573c7c408be070fcbd2172b838d3314074157013d73b,True,
车老师专利/P5_液压尾座集成锁闭阀块_实用新型/05_附图/无标注版/图4.svg,38486,85918b9818487c2431dc3c3b7046c8ec0d7fafe6e0cfdd7a055f6d000bde1650,True,
车老师专利/P5_液压尾座集成锁闭阀块_实用新型/05_附图/无标注版/图5.png,181698,857ffe30d0540c4ea2b7ace3cd3dbf6fad4be27fdae6967a924a2a350ff62038,True,
车老师专利/P5_液压尾座集成锁闭阀块_实用新型/05_附图/无标注版/图5.svg,56551,d1c69098c3e001a3a515f66cb5088229081a8f5f2d89663416a742a205e3fad4,True,
车老师专利/P5_液压尾座集成锁闭阀块_实用新型/05_附图/无标注版/图6.png,518998,f99c759b72287beb1c93418df5de8ff9761058475f82dab6ea990d79a21ec66f,True,
车老师专利/P5_液压尾座集成锁闭阀块_实用新型/05_附图/无标注版/图6.svg,215468,ea5d30f1ee38266419c3735e67256350ee98c596d14e40997e01dbc97e1711da,True,
车老师专利/P5_液压尾座集成锁闭阀块_实用新型/05_附图/无标注版/图7.png,258231,7be8ca2abae3edfb8ff50482c573729bf52fcb26a5be32f9607e257d397ef1e5,True,
车老师专利/P5_液压尾座集成锁闭阀块_实用新型/05_附图/无标注版/图7.svg,102542,cea8a4d132676726d3f41f082f0ee864df699d19b3a866a0d812a67253c5c5e7,True,
车老师专利/P5_液压尾座集成锁闭阀块_实用新型/05_附图/无标注版/图8.png,251139,208c352732169f5a80b561b01033dd015bd124efff853f6830483083b7f220fa,True,
车老师专利/P5_液压尾座集成锁闭阀块_实用新型/05_附图/无标注版/图8.svg,86929,ca910e34648f50c0944c1c1064312c50070e7dbb0478ba7d5fc2c1458b7e97d7,True,
车老师专利/P5_液压尾座集成锁闭阀块_实用新型/05_附图/标注版/_report_all.json,19642,364cbbcaf387e0983a9332c35721cac17f676462d824d8d787fda462ad1f2f45,True,
车老师专利/P5_液压尾座集成锁闭阀块_实用新型/05_附图/标注版/图1.json,3574,933fd3dd1d2978343ef4a5bb259d1787c23330a57049a6a0d48de0df98ca20b8,True,
车老师专利/P5_液压尾座集成锁闭阀块_实用新型/05_附图/标注版/图1.png,192245,3d2b82945dd0cf3f1347cf0ab1792dd3ee969bc8c8f6b7f2145ea62d213061b9,True,
车老师专利/P5_液压尾座集成锁闭阀块_实用新型/05_附图/标注版/图1.svg,171602,55ceb4d07081b8abafe8859f8450e385973262118c1cedae07ca5e9904647f7c,True,
车老师专利/P5_液压尾座集成锁闭阀块_实用新型/05_附图/标注版/图2.json,2049,18263ff9bd40a810ef2a7e6de6d20c5648786471bcff5610dfad8a9b7cd27e9a,True,
车老师专利/P5_液压尾座集成锁闭阀块_实用新型/05_附图/标注版/图2.png,292105,dad353a440843f6b2bd2a8aee9e5679bb9541081ca01a2e0f8082d79ef6602d6,True,
车老师专利/P5_液压尾座集成锁闭阀块_实用新型/05_附图/标注版/图2.svg,95740,1239f9c82ffd2cc164c7f9ee2ef526b4115f2d443ddbdf70a3e55871a410435f,True,
车老师专利/P5_液压尾座集成锁闭阀块_实用新型/05_附图/标注版/图3.json,2215,1ed1ef1da1099b42d4273375eb7eb96b0a19143a87f8cb3e4162bef4589e8451,True,
车老师专利/P5_液压尾座集成锁闭阀块_实用新型/05_附图/标注版/图3.png,81221,0d1133b66d355c8060a72149f69b0ffabb918717b8bb2ea32fa1755641485e1f,True,
车老师专利/P5_液压尾座集成锁闭阀块_实用新型/05_附图/标注版/图3.svg,44426,09c79bfb2c253139e581c583d99901f7f0348553764297502ef241e4877bd9d3,True,
车老师专利/P5_液压尾座集成锁闭阀块_实用新型/05_附图/标注版/图4.json,2219,8a74c7cdcf12e76607565d995a672d7c46c94afa0af401361ad4c7866ab6f9d1,True,
车老师专利/P5_液压尾座集成锁闭阀块_实用新型/05_附图/标注版/图4.png,89276,c96dab4635648ff6bdda46672426a9e8cffc46f75e1daaea08f8deb95137db6e,True,
车老师专利/P5_液压尾座集成锁闭阀块_实用新型/05_附图/标注版/图4.svg,48066,e7a59a224dd0dd337d3fd76cc780cf4f86ff46fca8fce6d9e51853e4acd2ff07,True,
车老师专利/P5_液压尾座集成锁闭阀块_实用新型/05_附图/标注版/图5.json,1906,160f7906c0bf4ed5e9395b1328bfc7c9b6869556dbbc3a4f3b6f6a1159eb615e,True,
车老师专利/P5_液压尾座集成锁闭阀块_实用新型/05_附图/标注版/图5.png,242443,40f4e3be8061c100d96f1f0183a8cf730163b9e4ea9a0b24e3fe427551ec24e7,True,
车老师专利/P5_液压尾座集成锁闭阀块_实用新型/05_附图/标注版/图5.svg,63737,a7b02ae19545b9f7fb35e7342f2c568c5a22fb8fd288499dfb0998a22065964c,True,
车老师专利/P5_液压尾座集成锁闭阀块_实用新型/05_附图/标注版/图6.json,1906,171bb26bfab044591777ef778663e8ce8d1f2188b1cdacf4ea7dd1a09a7a8cf6,True,
车老师专利/P5_液压尾座集成锁闭阀块_实用新型/05_附图/标注版/图6.png,560822,5261086392eff25ad94cca2dca62f4620ec6193d2afd2efb47ab68b48c5f45d4,True,
车老师专利/P5_液压尾座集成锁闭阀块_实用新型/05_附图/标注版/图6.svg,223310,eaddc92a3056f01c3a1e9e8401445e5754643efc5788fc085e85d7d49dfe1cae,True,
车老师专利/P5_液压尾座集成锁闭阀块_实用新型/05_附图/标注版/图7.json,2385,7d21de98182a7fe3a9fa683a36d7163f524d431d1a2b47596362b4a36835c9c2,True,
车老师专利/P5_液压尾座集成锁闭阀块_实用新型/05_附图/标注版/图7.png,313167,caeffb3c85b7844000c7dff24aeac379ddc707f67f61f90ea4ce16f8537199df,True,
车老师专利/P5_液压尾座集成锁闭阀块_实用新型/05_附图/标注版/图7.svg,111565,24de6df9313600f781f2c388c32841ae25ddffa009d904de8249c1e98b926628,True,
车老师专利/P5_液压尾座集成锁闭阀块_实用新型/05_附图/标注版/图8.json,2244,573c53251682a909061b472bc4b3c536a6a5b2423362166e0f526ac04fb0db68,True,
车老师专利/P5_液压尾座集成锁闭阀块_实用新型/05_附图/标注版/图8.png,300220,c2e56c6ba76cb5757bb8b2efd40864de36c18d5a35da5e4614575418a34eb7d3,True,
车老师专利/P5_液压尾座集成锁闭阀块_实用新型/05_附图/标注版/图8.svg,94917,da03f8027ada3363bdf0bfd625c0a1e2b6745661bd291ce07e4d3f4fa259df73,True,
车老师专利/P5_液压尾座集成锁闭阀块_实用新型/05_附图/附图_清单.md,4333,7e9cdc527266db75a7e19c9b37c344e32af6abe396518d1fcb0c255a5f5e57eb,True,
车老师专利/P5_液压尾座集成锁闭阀块_实用新型/06_申请文件/_expanded.json,59521,46739af47910aca15c3f8c0312246a57d3929ad856ec61ca5fbcd10cc0cf28d0,True,
车老师专利/P5_液压尾座集成锁闭阀块_实用新型/06_申请文件/_校验报告.txt,544,592178d587bf6c4547cf505c0eb37707d4f86a79c9ad91fa97c2e78399b9a74e,True,
车老师专利/P5_液压尾座集成锁闭阀块_实用新型/06_申请文件/实用新型专利申请文件_全文.docx,1660006,5ee5f8310b6d4f6697f82b3ab0a95f032600e2da111c41178759f52a55f0ca06,True,
车老师专利/P5_液压尾座集成锁闭阀块_实用新型/06_申请文件/实用新型专利申请文件_全文.pdf,1339683,184e9188c50a40ab0f86f668dae925d719791e4aee59572524edcecbb1ae6a53,True,
车老师专利/P5_液压尾座集成锁闭阀块_实用新型/06_申请文件/摘要附图.docx,164452,7c166c0134b0a3950619077cc4a22c1ff51f42eff7b6fbf15413ad008c2dec57,True,
车老师专利/P5_液压尾座集成锁闭阀块_实用新型/06_申请文件/摘要附图.pdf,124116,f428a7c8438275f0732c0707c5b841352623c44ef3c4c5bc903e9fcdc4010814,True,
车老师专利/P5_液压尾座集成锁闭阀块_实用新型/06_申请文件/权利要求书.docx,14367,35067de27a49c0a2eff5ae5fcf61b002c13517a073c5d3f81232c02d8d2183fa,True,
车老师专利/P5_液压尾座集成锁闭阀块_实用新型/06_申请文件/权利要求书.pdf,135557,bd79d72f52729b0be33a867da453f2382d15b455e2abdf2d9b3cee15ea6142cc,True,
车老师专利/P5_液压尾座集成锁闭阀块_实用新型/06_申请文件/说明书.docx,25286,d8d725864786a6741876d79cbefb6e999b8e690642d4633a4e455a7dd6f32131,True,
车老师专利/P5_液压尾座集成锁闭阀块_实用新型/06_申请文件/说明书.pdf,284254,4bc49e483dabc1af8155cbdb265f7511c1b1b109de3f96463edfbb611597c3de,True,
车老师专利/P5_液压尾座集成锁闭阀块_实用新型/06_申请文件/说明书摘要.docx,11386,bd2567841d33e2913d1a20687ceece6af9a467f23061d70905f6cbf3f167a3a8,True,
车老师专利/P5_液压尾座集成锁闭阀块_实用新型/06_申请文件/说明书摘要.pdf,91062,b6b1b1ba348e201967162bd8fc90fb6fbff4a6c629728388ea907a18fc37f694,True,
车老师专利/P5_液压尾座集成锁闭阀块_实用新型/06_申请文件/说明书附图.docx,1633479,c1bda698e4ad5905522ebe48178726cc2c4b905e8eb57e2dc8d2a90cc4ec5b6d,True,
车老师专利/P5_液压尾座集成锁闭阀块_实用新型/06_申请文件/说明书附图.pdf,1080411,8074c654cd454f520ba114620662175398a9dd5c2db40f13b5db49bd99d724fd,True,
车老师专利/P5_液压尾座集成锁闭阀块_实用新型/07_脚本/_P1原版_只读参考/blank.png,1588,d5cc2e4a46737489ea1656bd3e4e77e76dfaa3a83e5b68b8d8b7e90f948145e4,True,
车老师专利/P5_液压尾座集成锁闭阀块_实用新型/07_脚本/_P1原版_只读参考/build_patent_docx.js,18241,330701fe5b10145b46b56a7ebe224e45ee440da203b7f52fadbdeb318734069c,True,
车老师专利/P5_液压尾座集成锁闭阀块_实用新型/07_脚本/_P1原版_只读参考/calc.js,2857,ef86346ae3180dab0b0b6fe013cad35fcb210ebbd44f9928def60cd5d02fae1e,True,
车老师专利/P5_液压尾座集成锁闭阀块_实用新型/07_脚本/_P1原版_只读参考/check_patent.py,13952,0fd8aea6e0090bae75c3448c3c774f23798d991ee5952b4e90f79ac6ee4df13d,True,
车老师专利/P5_液压尾座集成锁闭阀块_实用新型/07_脚本/_P1原版_只读参考/d3_valve_block.py,7449,138596ab2587f26342da9cdb5c37129b1682a93f48843d5fe3550ef83ce0e1f1,True,
车老师专利/P5_液压尾座集成锁闭阀块_实用新型/07_脚本/_P1原版_只读参考/docx2pdf.ps1,999,ab7af7f39d5b8ebdb97cb27bedfc34a2833cca69b5d2920980333347ec4af03b,True,
车老师专利/P5_液压尾座集成锁闭阀块_实用新型/07_脚本/_P1原版_只读参考/patent_desc.js,49496,72aa8221d529622e41d3d2252d9a0620813d7c890d3699a52ca0d5cef785fe54,True,
车老师专利/P5_液压尾座集成锁闭阀块_实用新型/07_脚本/_P1原版_只读参考/patent_text.js,15468,2522a4061bc917604698250abc23a01979b8ac46c86360060f32fc7d39d0ffc7,True,
车老师专利/P5_液压尾座集成锁闭阀块_实用新型/07_脚本/_P1原版_只读参考/reports_to_docx.ps1,2985,78454726dd8786821b5e228369f1daefd94af96d5f4f170f2c5b8e27f23d43c5,True,
车老师专利/P5_液压尾座集成锁闭阀块_实用新型/07_脚本/_P1原版_只读参考/roles.js,3229,fa01b760903ac64576ba2fd266aa54cf339cf27a0dc0143c1cb054a492a1fca0,True,
车老师专利/P5_液压尾座集成锁闭阀块_实用新型/07_脚本/_P1原版_只读参考/tc_structure_figs.py,40055,0fcbb7c180b8484ab628b252ad7b10b6f9901b81e7e197caf2787ca86c1f1f94,True,
车老师专利/P5_液压尾座集成锁闭阀块_实用新型/07_脚本/blank.png,1588,d5cc2e4a46737489ea1656bd3e4e77e76dfaa3a83e5b68b8d8b7e90f948145e4,True,
车老师专利/P5_液压尾座集成锁闭阀块_实用新型/07_脚本/build_patent_docx.js,17749,7d47a589d94abcad53dba05ed10300fc11c690e3542c385168d8af4463a672ca,True,
车老师专利/P5_液压尾座集成锁闭阀块_实用新型/07_脚本/calc.js,4074,983fa73fde9fa091ede8421d388c79eb9a7bbb2db1af95f752ff203b195c153c,True,
车老师专利/P5_液压尾座集成锁闭阀块_实用新型/07_脚本/check_figs.py,5773,64b38a03dd7161c007a45759b9f0f1c26e4f2513b85b53daa35ca19ad35fcab6,True,
车老师专利/P5_液压尾座集成锁闭阀块_实用新型/07_脚本/check_patent.py,14123,3aa0c099d5cc7167e6776afdefb25f3331e256acc30a88811d8c2b5f41bc9899,True,
车老师专利/P5_液压尾座集成锁闭阀块_实用新型/07_脚本/docx2pdf.ps1,999,ab7af7f39d5b8ebdb97cb27bedfc34a2833cca69b5d2920980333347ec4af03b,True,
车老师专利/P5_液压尾座集成锁闭阀块_实用新型/07_脚本/epo_fetch.py,2569,d24b0544e0778b8edb82501c27c60ac128af892ab5ec540e1b81748029c158a5,True,
车老师专利/P5_液压尾座集成锁闭阀块_实用新型/07_脚本/fc_probe.py,274,80b4484ffa513f880fa55af648f0d095b2617289075b27c5d6d07de09cbcf34a,True,
车老师专利/P5_液压尾座集成锁闭阀块_实用新型/07_脚本/gp_detail.py,3867,2f77c9dc44bab21e132242ad41bb2ed370df17f3e6d120dd3ccc4dcd5770bb14,True,
车老师专利/P5_液压尾座集成锁闭阀块_实用新型/07_脚本/gp_search.py,4439,6298eb2a65b9ccc46d4d52a5d099c4ea0cf434548b3e3aa31d8768745e6e5296,True,
车老师专利/P5_液压尾座集成锁闭阀块_实用新型/07_脚本/p5_build_model.py,22609,ab1ade043e5290e566b0374680388c22a55571d8b3ff34f1ed6825be6e5b08e9,True,
车老师专利/P5_液压尾座集成锁闭阀块_实用新型/07_脚本/p5_check_model.py,6873,3b263c69a0c14716c88dd5c031dec627986ec28d9c1362ccd94fc747498da0ff,True,
车老师专利/P5_液压尾座集成锁闭阀块_实用新型/07_脚本/p5_figs.py,45844,ab7b74b1e9417a0950ff973857eea1cc9114f7321a6b9acfb25a4211825fdb9e,True,
车老师专利/P5_液压尾座集成锁闭阀块_实用新型/07_脚本/patent_desc.js,22506,33704a023882368d458b2b1aa49228cceb46cd5c3e6f032c8bcad2eddb7c154c,True,
车老师专利/P5_液压尾座集成锁闭阀块_实用新型/07_脚本/patent_text.js,8453,44683491e02ab345a2a7345f22cb67caf2e387490aa5c759c422b29e73746c32,True,
车老师专利/P5_液压尾座集成锁闭阀块_实用新型/07_脚本/run_fc.ps1,1482,920113951963e5f06d9ea53453c96b20c2fd1a9b08122a0286d7657be52a1034,True,
车老师专利/P5_液压尾座集成锁闭阀块_实用新型/08_技术交底书/技术交底书.docx,34565,ad2d4c680947eadabd98bd26b6a446c159af8e41844bd2444bc0e27cfa5d2216,True,
车老师专利/P5_液压尾座集成锁闭阀块_实用新型/08_技术交底书/技术交底书.md,35729,f365fe4fc2b6517ce1ddeb8603a7579430d23bcaa7bb88d565b655e4845d336d,True,
车老师专利/P5_液压尾座集成锁闭阀块_实用新型/08_技术交底书/技术交底书.pdf,358034,1a439b02d488b4741e0a41e334ac968ca51884aa82487d9ad51b3a1ee6a37c48,True,
车老师专利/P5_液压尾座集成锁闭阀块_实用新型/10_审查与迭代/未关闭问题清单.md,1368,3948d029bbb944472cf88508245d21621fabc729782143ab4fed10351e762904,True,
车老师专利/P5_液压尾座集成锁闭阀块_实用新型/10_审查与迭代/第1轮自审.md,4150,38c2d508dd11d0f2d0b5927e06aa7814a4e94d6120ca8a166f7cd55d0311e1c9,True,
车老师专利/P5_液压尾座集成锁闭阀块_实用新型/10_审查与迭代/第2轮自审.md,1587,1043420fb542522a32212343778a39409943780eb801aeed5b0b744e8fa7b662,True,
车老师专利/P5_液压尾座集成锁闭阀块_实用新型/10_审查与迭代/进度.md,3220,3fae38e603e369fdcde1614d299bd0ca15d5ac16fa1b8c1968148488310af012,True,
车老师专利/卡盘尾座节能保压液压系统_发明专利/00_README.md,4383,7e894aac9c69b8e1c20d4bd04f83e51c06fc197827851492a9b5e722cfe10f6f,True,
车老师专利/卡盘尾座节能保压液压系统_发明专利/00_设计基准/发明构思与任务分工.md,6290,bd562dbe5695bd54a8a84ccb387c27ba6285b2ec2a250cd7a101c4aab9a5f2d4,True,
车老师专利/卡盘尾座节能保压液压系统_发明专利/00_设计基准/设计基准参数.json,8471,50402924ba29eb2ca050c5b43b3a66cdc33f5c413451e980dc32796f1d81fec5,True,
车老师专利/卡盘尾座节能保压液压系统_发明专利/01_查新与创新点/对比文献.json,37855,77db0327c5aac6ac5e606a1b0e1e95cd395f92a405bfc84bf3ab9f843e15effa,True,
车老师专利/卡盘尾座节能保压液压系统_发明专利/01_查新与创新点/文献/CN101733422A.pdf,906697,1901c125ee44c08309f541f00df93e9c329f67325195f2064e0992fa024557d9,True,
车老师专利/卡盘尾座节能保压液压系统_发明专利/01_查新与创新点/文献/CN105522435A.pdf,929832,6a4200fe6b070d9d87ac910d8889ed62a8e278a477b8500930fb6af915142c51,True,
车老师专利/卡盘尾座节能保压液压系统_发明专利/01_查新与创新点/文献/CN105545833B.pdf,617699,938badf5c7acfdbddbc7502468607c0c1e790ecccfd53919298ed4e66c465712,True,
车老师专利/卡盘尾座节能保压液压系统_发明专利/01_查新与创新点/文献/CN107559250A.pdf,637911,ccb467b23ee5af342f33e73acdc784493fb477b05bfb15c245e48e86bdc35ca2,True,
车老师专利/卡盘尾座节能保压液压系统_发明专利/01_查新与创新点/文献/CN111379752A.pdf,361108,a3ea4a45702a097f96e4d02fc3c2ba54a3ea2ab8e3d8030293d81abffa3b77eb,True,
车老师专利/卡盘尾座节能保压液压系统_发明专利/01_查新与创新点/文献/CN112692317A.pdf,866762,30fb608484a587263481397df1436100e78d99f7ebd1456d9002fb66bf68b516,True,
车老师专利/卡盘尾座节能保压液压系统_发明专利/01_查新与创新点/文献/CN114402141A.pdf,1213137,3b9a630d211d5a774dd9d0799b32369602b4df6ef94a9f156dc8a9ae149455a0,True,
车老师专利/卡盘尾座节能保压液压系统_发明专利/01_查新与创新点/文献/CN115592145A.pdf,539519,755c3a0b4111c0d0861427ab956f4d48a9ae0ef415a44eaec7bddf352412e1c5,True,
车老师专利/卡盘尾座节能保压液压系统_发明专利/01_查新与创新点/文献/CN116181708A.pdf,2175063,cce08ad5a2a3b7d9980d72d2202df41def104f86c053d6cb6296de22502ef85f,True,
车老师专利/卡盘尾座节能保压液压系统_发明专利/01_查新与创新点/文献/CN116592020A.pdf,292023,b286ec4e78ccf22529dabe77d466fbe1840e47ed146b8406913f684520c5b414,True,
车老师专利/卡盘尾座节能保压液压系统_发明专利/01_查新与创新点/文献/CN118532359A.pdf,667929,45f71ab8dd01ea2af336ba8af7460388b724c907c99e2dfbf09807c0f70c7038,True,
车老师专利/卡盘尾座节能保压液压系统_发明专利/01_查新与创新点/文献/CN201989006U.pdf,192405,898f054b0919b3c3fc96ec4a4e1336952036561eff87d8caf21456290d5dcf44,True,
车老师专利/卡盘尾座节能保压液压系统_发明专利/01_查新与创新点/文献/CN203463384U.pdf,437087,5c88f176f08d6ff7edd2e134eb472e69a05fae65739f1980712f213ab52b1161,True,
车老师专利/卡盘尾座节能保压液压系统_发明专利/01_查新与创新点/文献/CN203906447U.pdf,1637448,641dc03d7f8b7a1996367717e0fac26e92faf6a34b505d3573d311a495cb2c84,True,
车老师专利/卡盘尾座节能保压液压系统_发明专利/01_查新与创新点/文献/CN204239359U.pdf,484043,ae12c7b791f67f1aaf91b5083e9be0b99d6ba5763f1b36c5df07fe131930ac6f,True,
车老师专利/卡盘尾座节能保压液压系统_发明专利/01_查新与创新点/文献/CN204308220U.pdf,322727,d5885f9358286f2dba912ef585cc8595c9505f1498a3f25c5b0b1df9bfedcdd0,True,
车老师专利/卡盘尾座节能保压液压系统_发明专利/01_查新与创新点/文献/CN207437477U.pdf,569772,34cc4391aa26c9687dcf534a1c193cadc3d1191df0c46a3ca94104d9f7c3503c,True,
车老师专利/卡盘尾座节能保压液压系统_发明专利/01_查新与创新点/文献/CN207554470U.pdf,514605,3aadf4299f7cef9885892ccb8e3922a046a5c3f381fc2b13004fb0b359ec1059,True,
车老师专利/卡盘尾座节能保压液压系统_发明专利/01_查新与创新点/文献/CN208203688U.pdf,244969,4cac48301d9afd2a7434721770bafb11c45ff2f9c8b4db28dc3a20bc7e6394e6,True,
车老师专利/卡盘尾座节能保压液压系统_发明专利/01_查新与创新点/文献/CN214720648U.pdf,511095,69fd797b504c079838781b9769fdd70fd8e7e4416c6b95bbb0a189057e783706,True,
车老师专利/卡盘尾座节能保压液压系统_发明专利/01_查新与创新点/文献/CZ278098B6.pdf,309981,9baeff088a48b56548e5fd98c61cef40ae546a265ca9a4074d75c87b439c1037,True,
车老师专利/卡盘尾座节能保压液压系统_发明专利/01_查新与创新点/文献/JP2006214510A.pdf,103986,3ce8be1200c624127d782b34a04f58ce9ede12b606fc430ffa82508dedb2deef,True,
车老师专利/卡盘尾座节能保压液压系统_发明专利/01_查新与创新点/文献/KR101438224B1.pdf,1033161,6d21a5d86f94d2b099d61e9a3a766e4a52abc0fd1a77bfc28317ffbf2a2fc225,True,
车老师专利/卡盘尾座节能保压液压系统_发明专利/01_查新与创新点/文献/KR20120066304A.pdf,457111,86b04b59ca54d0b07d0a37812a941084b742b1affa8a831d0b4edbfceb94f820,True,
车老师专利/卡盘尾座节能保压液压系统_发明专利/01_查新与创新点/文献/NPL_Daikin_EcoRich_GK247.pdf,269000,215dc5cd12a8b45e659b6469f98e7f23153c848a6ef7f4ab1daba9d798348b65,True,
车老师专利/卡盘尾座节能保压液压系统_发明专利/01_查新与创新点/文献/TWM410622U.pdf,565087,97583311d99a2789f113ae93215cf5c6f74a56f83fbfbc3261d791c7ea32c288,True,
车老师专利/卡盘尾座节能保压液压系统_发明专利/01_查新与创新点/文献/US11766723.pdf,464348,24630dae67654a1a1bc181ffcf46864f580657f5c7c09621ac4066063b879ff5,True,
车老师专利/卡盘尾座节能保压液压系统_发明专利/01_查新与创新点/文献/US4433615A.pdf,687553,1b4774aedb2f26871c3fc749f85b7d6020aaf7319c4250b8ba529035260d0fa4,True,
车老师专利/卡盘尾座节能保压液压系统_发明专利/01_查新与创新点/文献/US4747337.pdf,575522,ec589d52ecb60d6e862d28c7263233fff3dbe3868127027d4f470fd318f65815,True,
车老师专利/卡盘尾座节能保压液压系统_发明专利/01_查新与创新点/文献/US5575041.pdf,406371,4516dd101237e3ebd73bbaf1a8ef83c3c2b50d6aaad677d729b4537cbe1cfd34,True,
车老师专利/卡盘尾座节能保压液压系统_发明专利/01_查新与创新点/文献/US8156850.pdf,556576,8fa9b2fb6bd5d40a453ed3a07cb723032afdfc548c7e15cd17b90652723734fb,True,
车老师专利/卡盘尾座节能保压液压系统_发明专利/01_查新与创新点/文献/US8677869.pdf,633217,723f4abe12e6b911befd4bbf32f8c0298252011305f89beb188e3a7349001f91,True,
车老师专利/卡盘尾座节能保压液压系统_发明专利/01_查新与创新点/文献/US9610637.pdf,378168,4006e3493dff09e23c7d412f459779dc1c59f1e7fa08d8c7ef757f35c311add0,True,
车老师专利/卡盘尾座节能保压液压系统_发明专利/01_查新与创新点/文献/WO2018166984A1.pdf,1469535,562254a5df811e4878c4b8806933c272b7ab2977be230b85f28559a020916954,True,
车老师专利/卡盘尾座节能保压液压系统_发明专利/01_查新与创新点/权利要求1撰写建议.md,13644,cd7df500d448f1f8530cec4e1ed87f28dc3e615bc10003679f85721bf4efe8d0,True,
车老师专利/卡盘尾座节能保压液压系统_发明专利/01_查新与创新点/查新与创新点分析报告.md,25345,308bfbfcc296bd0b5a5d16a8f8d045216fcbdf18a3cccbee2fccd1f71a2aa6ee,True,
车老师专利/卡盘尾座节能保压液压系统_发明专利/01_查新与创新点/补充查新/文献/CN102189448A.pdf,343103,103a2443ab01695aea87cfb8cea60a86283568c23685fd249dcf1cf473354554,True,
车老师专利/卡盘尾座节能保压液压系统_发明专利/01_查新与创新点/补充查新/文献/CN110303173B.pdf,1188741,79c20ebdba0bc3bb4af89aab254a8eab0d01803fd74b165ea7ca668858e9a78f,True,
车老师专利/卡盘尾座节能保压液压系统_发明专利/01_查新与创新点/补充查新/文献/CN110605410B.pdf,335941,41150603369a2637d62a2d17a1d47ec16a111c9a7f558fd6a65a89e265e74927,True,
车老师专利/卡盘尾座节能保压液压系统_发明专利/01_查新与创新点/补充查新/文献/CN111288032A.pdf,814718,d825b0bd85e47ceb7d44b2d34bbe82997a6bf6b87e6cf50dc8ffb655e3271fb7,True,
车老师专利/卡盘尾座节能保压液压系统_发明专利/01_查新与创新点/补充查新/文献/CN112496359A.pdf,834771,8059fe88c296c20fccc30b295fae04a4718c2f73c880796b87c3791f2c9daaf0,True,
车老师专利/卡盘尾座节能保压液压系统_发明专利/01_查新与创新点/补充查新/文献/CN202317048U.pdf,185190,d3f031566282462c3c5f6e0f7fef73caea7f4ab0b6c407ccfa649b6b718739da,True,
车老师专利/卡盘尾座节能保压液压系统_发明专利/01_查新与创新点/补充查新/文献/CN216461772U.pdf,528210,f6ac8092c19c14d5bf6ce4e1414452f4fbb1046bbbf03f0ae198a001914e039c,True,
车老师专利/卡盘尾座节能保压液压系统_发明专利/01_查新与创新点/补充查新/文献/EP2597317A1.pdf,310550,18496e963af065792131ec6758d65f69fab1a7ddf31801e0cd1d0a8b7426e0fd,True,
车老师专利/卡盘尾座节能保压液压系统_发明专利/01_查新与创新点/补充查新/文献/JP2008185185A.pdf,121764,b46f04cde696cd305a7319477bb6390e91244c801341a3078818c03675fd17bc,True,
车老师专利/卡盘尾座节能保压液压系统_发明专利/01_查新与创新点/补充查新/文献/JP2012197823A.pdf,90247,1818dd02be205f592a3d62ea0ffcd33030faabf033be0f553fefafdc1fb20851,True,
车老师专利/卡盘尾座节能保压液压系统_发明专利/01_查新与创新点/补充查新/文献/WO2024154671A1.pdf,1048462,2fd3ede8a7463d60da834ff6aee87e5108f72aee31f0006bb1a8753f179373de,True,
车老师专利/卡盘尾座节能保压液压系统_发明专利/01_查新与创新点/补充查新/新增文献清单.json,8306,ef8ec4b86c6f907e5e18781b14ea2ecf4502a390675a5907c8155cc74196a8c9,True,
车老师专利/卡盘尾座节能保压液压系统_发明专利/01_查新与创新点/补充查新/检索记录_补充.md,11979,cc9d20c2b6072d5af00c8f287fc951e115e2a6498df60abf658bf0fa16d3723c,True,
车老师专利/卡盘尾座节能保压液压系统_发明专利/01_查新与创新点/补充查新/补充查新结论.md,5808,4c6c7b990c3d5ac67d1cba033557c6176e7d92455a20ef67021ba644709cfd15,True,
车老师专利/卡盘尾座节能保压液压系统_发明专利/02_详细设计/BOM.csv,7597,c0778a000058360d0436ffdbebf80ea19c29e592f5381002e6bc5da9f59595eb,True,
车老师专利/卡盘尾座节能保压液压系统_发明专利/02_详细设计/基准参数修订建议.md,2845,222e602648239806eb218e77788836f93823b46a90e240eff40299343d7a5939,True,
车老师专利/卡盘尾座节能保压液压系统_发明专利/02_详细设计/数据/c00_基准一致性校核.json,1676,9192ea192f0285783f2c799d45aac8dfb68e7025c07932e4094de1ff448916a4,True,
车老师专利/卡盘尾座节能保压液压系统_发明专利/02_详细设计/数据/c01_缸与压力校核.json,2970,bb340235e5fced91633555681aa3d008f09c0ec2cad4befc2db4dda22caf29b5,True,
车老师专利/卡盘尾座节能保压液压系统_发明专利/02_详细设计/数据/c02_刚度与热漂移.json,6667,ba64968bd11850bf619ee2b88f0294345d3f2356c99e4da6da1c73141bb37427,True,
车老师专利/卡盘尾座节能保压液压系统_发明专利/02_详细设计/数据/c03_蓄能器与能耗.json,3949,840b7a04c6f54b7693594540fd430e5c9de36964ede950289743b8fe65c95fb3,True,
车老师专利/卡盘尾座节能保压液压系统_发明专利/02_详细设计/数据/c04_动作供油与控制参数.json,4491,9ad41d67f71252878c03a3b4cd3e29c419a0811aac564d3fa534491df4e2950d,True,
车老师专利/卡盘尾座节能保压液压系统_发明专利/02_详细设计/数据/c05_BOM与预算.json,22695,2557a4239fe1bd07068ae4a49689394b958317509468450d65d423221d4db001,True,
车老师专利/卡盘尾座节能保压液压系统_发明专利/02_详细设计/计算脚本/c01_缸与压力校核.py,3625,f664de6884adc9bb4bffad0ca28dae6572e2b57283d95861340a5773d4178c35,True,
车老师专利/卡盘尾座节能保压液压系统_发明专利/02_详细设计/计算脚本/c02_刚度与热漂移.py,6724,49245d6f9a56c7fe4bd9f71f89bcd65066b26958a00dafdacec7c69749404850,True,
车老师专利/卡盘尾座节能保压液压系统_发明专利/02_详细设计/计算脚本/c03_蓄能器与能耗.py,7104,74dbe3c7ed64da18a9b53dff6ba14f464671abb4ef860370baa0b004e632c83e,True,
车老师专利/卡盘尾座节能保压液压系统_发明专利/02_详细设计/计算脚本/c04_动作供油与控制参数.py,6216,47bea40e18fcd9fe281e5ec670d51d1e3abc4f1b824c5c99895c364e4ee048aa,True,
车老师专利/卡盘尾座节能保压液压系统_发明专利/02_详细设计/计算脚本/c05_BOM与预算.py,10315,4bd8b38654147953ca697793e156c1551986d2284eca6e7233a6f09b04aa92ee,True,
车老师专利/卡盘尾座节能保压液压系统_发明专利/02_详细设计/计算脚本/common.py,2931,69da720b546b3f9076be510c25dc8b1136a9e5639e1d73925b8df9528b9f5b89,True,
车老师专利/卡盘尾座节能保压液压系统_发明专利/02_详细设计/计算脚本/reports_to_docx.ps1,2985,78454726dd8786821b5e228369f1daefd94af96d5f4f170f2c5b8e27f23d43c5,True,
车老师专利/卡盘尾座节能保压液压系统_发明专利/02_详细设计/计算脚本/run_all.py,1692,e17be6fe44bf7a222a3166ae2d0a6f090e98202951a6f0444277df80ea6f96e8,True,
车老师专利/卡盘尾座节能保压液压系统_发明专利/02_详细设计/详细设计说明书.docx,48506,251984a9247fdc53559c12354dc59fa0c2b0f01964f5d9cffa4829eca8f89209,True,
车老师专利/卡盘尾座节能保压液压系统_发明专利/02_详细设计/详细设计说明书.md,23797,9c98990ca61b6de8420fb5073ce608eeceda3f47728d3b78f07adf3f223fbea0,True,
车老师专利/卡盘尾座节能保压液压系统_发明专利/02_详细设计/详细设计说明书.pdf,517970,dc46633527a4248adb6518ae3b84779f3973c71571c76ebe9af91be05d9f483a,True,
车老师专利/卡盘尾座节能保压液压系统_发明专利/03_仿真验证/仿真验证报告.docx,1325892,67a151d8e04f1ce4dea1bcf4a09f44fc13bf8dd845d4228575d1ec8fa5cab892,True,
车老师专利/卡盘尾座节能保压液压系统_发明专利/03_仿真验证/仿真验证报告.md,28088,9c01b1fc5d00f313b4f6914aed84f6d396a14271b245fe5f9d69cc2b871b19a5,True,
车老师专利/卡盘尾座节能保压液压系统_发明专利/03_仿真验证/仿真验证报告.pdf,1415748,9ed0e3f8e9cf53c3c2da4b5698fe3b504bb3268db6055fe78522f303c482a6f0,True,
车老师专利/卡盘尾座节能保压液压系统_发明专利/03_仿真验证/图/专利附图/图16.json,405,8882d1728a6b406b592aff9edf7057d4efa5af1e51bd19a1cb5193d0d9054d19,True,
车老师专利/卡盘尾座节能保压液压系统_发明专利/03_仿真验证/图/专利附图/图16.png,194605,e8ffd8fd1b5d9e92f28b2e160ff85ec779844c6c60a990ad4ea02e164741e6fa,True,
车老师专利/卡盘尾座节能保压液压系统_发明专利/03_仿真验证/图/专利附图/图16.svg,30070,16b25a2c1a963c68c53ba950155bd396da5c4d5e2780637bebb41d0de156c823,True,
车老师专利/卡盘尾座节能保压液压系统_发明专利/03_仿真验证/图/专利附图/图17.json,382,f1083b9a0577ad5d8403761781a1b112db026f3f89e81eaa649c27000feb582c,True,
车老师专利/卡盘尾座节能保压液压系统_发明专利/03_仿真验证/图/专利附图/图17.png,161074,b1d756d0989f0051efc8890567ad6ef7a4702ca4f126fd9919df1b7aff7d636e,True,
车老师专利/卡盘尾座节能保压液压系统_发明专利/03_仿真验证/图/专利附图/图17.svg,11554,2ba154d4636d8b85f216f4ba3be7a248859c56fcc5a5ca6b94cbc632a0d95a7b,True,
车老师专利/卡盘尾座节能保压液压系统_发明专利/03_仿真验证/图/专利附图/图18.json,355,c598193bd3c64f276f6c223c9edddfbdc54fa3590dc3e937bc59767825a11efa,True,
车老师专利/卡盘尾座节能保压液压系统_发明专利/03_仿真验证/图/专利附图/图18.png,110864,6798cb9ad476acd9340339a2c18f74065a086a6a1a003ca429e65f0703e3fd3d,True,
车老师专利/卡盘尾座节能保压液压系统_发明专利/03_仿真验证/图/专利附图/图18.svg,16543,a7babb5f2a60108487b929f9aa4052d166f30033469af102bddabac9800496a7,True,
车老师专利/卡盘尾座节能保压液压系统_发明专利/03_仿真验证/图/报告/R10_复位动态.png,51503,0691e417c0af0e20631e860059cfd1d854bed513f4c59a95997174854fb0801b,True,
车老师专利/卡盘尾座节能保压液压系统_发明专利/03_仿真验证/图/报告/R11_敏感性.png,138829,0b37533197bd7f1f177c846756a1255eacad9f144ba9e12980ef35cffc1764aa,True,
车老师专利/卡盘尾座节能保压液压系统_发明专利/03_仿真验证/图/报告/R12_蒙特卡洛.png,59160,a06b2a3b3e3bc6985d42fe75560bb9aea10931c548e251b39d45ca1b0dfaf542,True,
车老师专利/卡盘尾座节能保压液压系统_发明专利/03_仿真验证/图/报告/R1_工况_C1.png,177262,df8f5ed0cba8b1906c36904f1d48632d38350bcfd996e490f2a5bb29d78be4c7,True,
车老师专利/卡盘尾座节能保压液压系统_发明专利/03_仿真验证/图/报告/R2_工况_C3.png,124544,43199a0f7c7d66965481025c95203086958c873291926808d75c43ef2fd728b4,True,
车老师专利/卡盘尾座节能保压液压系统_发明专利/03_仿真验证/图/报告/R3_工况_C4.png,134621,627a4b24f5d146393d04042f4aead2686b02bb9c32f2d8194da4fd581487d6c5,True,
车老师专利/卡盘尾座节能保压液压系统_发明专利/03_仿真验证/图/报告/R4_工况_C6.png,184694,ba0ce2fb9dd0b01c3874ea274907c7573d3a58769d727a635d0c749c659324ab,True,
车老师专利/卡盘尾座节能保压液压系统_发明专利/03_仿真验证/图/报告/R5_工况_C7.png,163250,358ff7d12e78ed677819d15cc54aa4068cec3a74309f63f341d60cbe2a1478af,True,
车老师专利/卡盘尾座节能保压液压系统_发明专利/03_仿真验证/图/报告/R6_刚度.png,172477,ec1ae342b5f8cb2013cd34470cb537f69d2e21ab07e9032220ead26ddf2e1aa3,True,
车老师专利/卡盘尾座节能保压液压系统_发明专利/03_仿真验证/图/报告/R7_切削力阶跃.png,70683,50b280cda485aa6a08155a351f9d623a7d6f31416308c08964e266b4091a3dd9,True,
车老师专利/卡盘尾座节能保压液压系统_发明专利/03_仿真验证/图/报告/R8_能耗.png,36935,4d56e05a5e86eb7864e393c4cf01a90eaddbe99534ad6bd060b9c346118d7fde,True,
车老师专利/卡盘尾座节能保压液压系统_发明专利/03_仿真验证/图/报告/R9_卡盘复压.png,92271,affdb131f3ca34a942aea8de089e779435a58c471e87aef5c70667dd848ff0e7,True,
车老师专利/卡盘尾座节能保压液压系统_发明专利/03_仿真验证/数据/chuck.json,13852,26cc12ad11cc8642d0863a4cfbfe405f46e95ce83b37c1d6fd46e553d38064b7,True,
车老师专利/卡盘尾座节能保压液压系统_发明专利/03_仿真验证/数据/energy.json,5826,19bd74bb4ef4e2dee321b4e3dbd60d172db168f6f86537358b6bc96397d9c119,True,
车老师专利/卡盘尾座节能保压液压系统_发明专利/03_仿真验证/数据/mc.json,1750688,ebc9dbe241159e58444e432640cd1810c4f0717c8fb00e9ec76b33e06d101ba7,True,
车老师专利/卡盘尾座节能保压液压系统_发明专利/03_仿真验证/数据/scen.json,3269021,092bbf17b68d03737c5f4fd0b6936cfb9cde56acde9dc32b903d9c80bc694dcf,True,
车老师专利/卡盘尾座节能保压液压系统_发明专利/03_仿真验证/数据/sens.json,19650,7d299f6cd3b168eab6d987b2205471b569708d9c4defc8ab43ea9f361a003ce0,True,
车老师专利/卡盘尾座节能保压液压系统_发明专利/03_仿真验证/数据/stiff.json,47766,cab3c77a93cce3f23c7673a4e9a02ae7ec9959996576ebf0d2f66a0d972a4942,True,
车老师专利/卡盘尾座节能保压液压系统_发明专利/03_仿真验证/数据/validate.json,17008,a4b932d2f129723c516b23db7d6c8c8d026fcaa59c12b39b2319f037ab12355c,True,
车老师专利/卡盘尾座节能保压液压系统_发明专利/03_仿真验证/独立复核/数据/v1_chuck.json,3010,d8b68924b77f8bc71c8f2537a6c38f28d7151c31e93b201399f9e69e96e00dfd,True,
车老师专利/卡盘尾座节能保压液压系统_发明专利/03_仿真验证/独立复核/数据/v1_compare.json,19577,dabf3974ebf070396f11d2b6478a3febd6c68657d43831e7c5aa1858d72770bb,True,
车老师专利/卡盘尾座节能保压液压系统_发明专利/03_仿真验证/独立复核/数据/v1_compare_table.md,8913,ec6db24ea9d819edc1b5daf87188af9509b9aa6facda6ed326d532a4c333c83d,True,
车老师专利/卡盘尾座节能保压液压系统_发明专利/03_仿真验证/独立复核/数据/v1_db.json,10182,edfaf790230f71a756f5a84cc7d41d1ae135353ca5d70e8f79962b01ae5cf907,True,
车老师专利/卡盘尾座节能保压液压系统_发明专利/03_仿真验证/独立复核/数据/v1_dL.json,3109,2dd1a8877856d25c236c3dd68b54332b9d5349e2cd0d299a6aaf3364a46a7cf0,True,
车老师专利/卡盘尾座节能保压液压系统_发明专利/03_仿真验证/独立复核/数据/v1_dyn.json,2190,984451b82243c4a44f7584652997cf27b248f15c4aa45e6f8b50dfb5886f67da,True,
车老师专利/卡盘尾座节能保压液压系统_发明专利/03_仿真验证/独立复核/数据/v1_energy.json,5557,ebad05e4eeedde5908c556b60daf451cb1e75da7514a9e571d1770a67dd6367b,True,
车老师专利/卡盘尾座节能保压液压系统_发明专利/03_仿真验证/独立复核/数据/v1_energy_v10.json,5494,11d9e8a3598b3968834fe77cc3d01d80ac8e46d88c06fac98d2b34d71df8e965,True,
车老师专利/卡盘尾座节能保压液压系统_发明专利/03_仿真验证/独立复核/数据/v1_figcheck.json,2566,e3d51854068d5b968edc838606d2fe8d0c2743f50b703befb6aded85d84fd7fd,True,
车老师专利/卡盘尾座节能保压液压系统_发明专利/03_仿真验证/独立复核/数据/v1_mc.json,603,1834706c20e5be891e6f64beb41845ac0de224e071f5e0ec98d5467f62450cbf,True,
车老师专利/卡盘尾座节能保压液压系统_发明专利/03_仿真验证/独立复核/数据/v1_ppre.json,879,b64e4f298b5585c6a41880bd904317a701feddadee6ef886221acd30a23413c4,True,
车老师专利/卡盘尾座节能保压液压系统_发明专利/03_仿真验证/独立复核/数据/v1_qs.json,11011,143d3363d461749a3cd61d43e326437dcbeca86c3cde6e0aea672a52dcaeac47,True,
车老师专利/卡盘尾座节能保压液压系统_发明专利/03_仿真验证/独立复核/数据/v1_static.json,4805,870bc9f9de4f0bd02369d4c49b32db00479dda90745a5c5e70adda32abf89b84,True,
车老师专利/卡盘尾座节能保压液压系统_发明专利/03_仿真验证/独立复核/独立复核报告.md,22395,eb7a4a7239a6a24d468ca28d0b9361175d78d6afda958d44201c7154e3475206,True,
车老师专利/卡盘尾座节能保压液压系统_发明专利/03_仿真验证/独立复核/脚本/__pycache__/v1_common.cpython-314.pyc,9118,13974f47249d587151da3fd1de2f57e748f73be2d05c243ccbc4dd6b99169623,False,运行缓存/审计临时目录
车老师专利/卡盘尾座节能保压液压系统_发明专利/03_仿真验证/独立复核/脚本/__pycache__/v1_qs.cpython-314.pyc,13918,6e508a8233811bb4654d5fec27d4000c7e8ded992d9d6cf2f6eac0a8ad44195a,False,运行缓存/审计临时目录
车老师专利/卡盘尾座节能保压液压系统_发明专利/03_仿真验证/独立复核/脚本/v1_chuck.py,2742,c663bd834d1df54cf5f756908d50278f3df5693fc5ed8490c85f67800c097340,True,
车老师专利/卡盘尾座节能保压液压系统_发明专利/03_仿真验证/独立复核/脚本/v1_common.py,4810,329809a4c1f88c97a90399f2e6106f346148755a2c963cb7dffcbf8359d3eda9,True,
车老师专利/卡盘尾座节能保压液压系统_发明专利/03_仿真验证/独立复核/脚本/v1_compare.py,12261,ea2e76a4c92d2d67660f63db6b420c8b64dfb1122164c50dd1cf7cfad8eaa294,True,
车老师专利/卡盘尾座节能保压液压系统_发明专利/03_仿真验证/独立复核/脚本/v1_db.py,1681,614c4fd885c6c80b82840e81ae7c317f8e97ba89ef55d941a1e4b05da6bb5d28,True,
车老师专利/卡盘尾座节能保压液压系统_发明专利/03_仿真验证/独立复核/脚本/v1_dL.py,2504,e5137af2f5078268d35960a9d60f12ba365c2be03a06be695eef7e05638c9fa2,True,
车老师专利/卡盘尾座节能保压液压系统_发明专利/03_仿真验证/独立复核/脚本/v1_dyn.py,3680,46e6af7051833c1c3ca84538068f8493da22bf168ee74823cefa105fcc5f8002,True,
车老师专利/卡盘尾座节能保压液压系统_发明专利/03_仿真验证/独立复核/脚本/v1_energy.py,5989,731da984c50f1917e30b13af8f0c10d085e7693ab8dac9f44928f81f2fc96b55,True,
车老师专利/卡盘尾座节能保压液压系统_发明专利/03_仿真验证/独立复核/脚本/v1_figcheck.py,3703,2dea591354bceff7f00423e5dbcc7601efc95394965812ec1637932d7f9b69dc,True,
车老师专利/卡盘尾座节能保压液压系统_发明专利/03_仿真验证/独立复核/脚本/v1_mc.py,1836,f6c60e00fc56646b279a4bce2b8693227f3531a967d0e08287be8cd52652c3d9,True,
车老师专利/卡盘尾座节能保压液压系统_发明专利/03_仿真验证/独立复核/脚本/v1_ppre.py,717,cbadf57ec649fc8cf81779dda48bc133a230e77482323a202c533792c15ffd9c,True,
车老师专利/卡盘尾座节能保压液压系统_发明专利/03_仿真验证/独立复核/脚本/v1_qs.py,9558,bbe76d808bc87f2e25da0085273f9b437285e60232d7e1214d62e48042e05d5b,True,
车老师专利/卡盘尾座节能保压液压系统_发明专利/03_仿真验证/独立复核/脚本/v1_static.py,3871,4fb755782ef7ddb7dccc4a7228ad982ea64eac4d3e08fa67afc7227a56015b66,True,
车老师专利/卡盘尾座节能保压液压系统_发明专利/03_仿真验证/脚本/__pycache__/energy.cpython-314.pyc,8081,8e787061abd835c961a8fa583f2b5aabbe93e5f0896ccb27f815a1e856559e9c,False,运行缓存/审计临时目录
车老师专利/卡盘尾座节能保压液压系统_发明专利/03_仿真验证/脚本/__pycache__/hydro.cpython-314.pyc,5415,d6573ef4f3c7597a15f4f3905d81c6ecf166636c477804d47380e296df343a18,False,运行缓存/审计临时目录
车老师专利/卡盘尾座节能保压液压系统_发明专利/03_仿真验证/脚本/__pycache__/params.cpython-314.pyc,10363,d75ab67e36cd1d9b5eba160cd88102adca3b51c925bb1865fff888b916a5e6fd,False,运行缓存/审计临时目录
车老师专利/卡盘尾座节能保压液压系统_发明专利/03_仿真验证/脚本/__pycache__/sim_all.cpython-314.pyc,34326,ec2ee68e8e5427929c07baedbea013af9099df8f28c53864f77a15755d970cf5,False,运行缓存/审计临时目录
车老师专利/卡盘尾座节能保压液压系统_发明专利/03_仿真验证/脚本/__pycache__/stiffness.cpython-314.pyc,9853,b3d69c1f814ce4fb2cb6d333999b332bb3a47678bfb991807f158a95c36908b3,False,运行缓存/审计临时目录
车老师专利/卡盘尾座节能保压液压系统_发明专利/03_仿真验证/脚本/__pycache__/tail_dyn.cpython-314.pyc,11329,f0c5d71824a13b18898057d88f09b93630e2c938a82d38c7e49799c67417d1ef,False,运行缓存/审计临时目录
车老师专利/卡盘尾座节能保压液压系统_发明专利/03_仿真验证/脚本/__pycache__/tail_qs.cpython-314.pyc,31424,66a50efd46fc3c6b60c1ddc188b0c811e30041c731292dfabcc341eec868c1f6,False,运行缓存/审计临时目录
车老师专利/卡盘尾座节能保压液压系统_发明专利/03_仿真验证/脚本/energy.py,5349,620d94a17d2c16f0b4b30700edf44c73f635b2dfa592dc877d2d25fce518eccd,True,
车老师专利/卡盘尾座节能保压液压系统_发明专利/03_仿真验证/脚本/hydro.py,2965,1899fc753a3fa29f5a5858e36e915f86c33efd1ee19f997e93741741f390fc9b,True,
车老师专利/卡盘尾座节能保压液压系统_发明专利/03_仿真验证/脚本/make_figs.py,9751,bf9dc9c346605ede3d6771b404fecda885aeb56651dadf341b1751d79d62c379,True,
车老师专利/卡盘尾座节能保压液压系统_发明专利/03_仿真验证/脚本/params.py,7316,35fff56f87dfc45c4934a490f2d4524d613db9822a5d0c9debf43c2fc123b60f,True,
车老师专利/卡盘尾座节能保压液压系统_发明专利/03_仿真验证/脚本/reports_to_docx.ps1,2985,78454726dd8786821b5e228369f1daefd94af96d5f4f170f2c5b8e27f23d43c5,True,
车老师专利/卡盘尾座节能保压液压系统_发明专利/03_仿真验证/脚本/sim_all.py,23037,6ecc52176b7af9ddc0da61022a2ac716c2212aba32d42bd5957ee3a0cb4ab763,True,
车老师专利/卡盘尾座节能保压液压系统_发明专利/03_仿真验证/脚本/stiffness.py,5436,a6f3514a05073014a1f54011d0910487e22d70f290ad11e18a2d9aca994213b2,True,
车老师专利/卡盘尾座节能保压液压系统_发明专利/03_仿真验证/脚本/tail_dyn.py,5589,3a47bf42eb97d3a5e091ed29e639d0a82981a45a027150a67469d17d3b4565b5,True,
车老师专利/卡盘尾座节能保压液压系统_发明专利/03_仿真验证/脚本/tail_qs.py,19438,568cad8b230322af52334d93693779ce4734ee78e4c7b8a57802311cd78292a1,True,
车老师专利/卡盘尾座节能保压液压系统_发明专利/03_仿真验证/自查与完善清单.docx,24705,c998d4821c3dfc55bd8c6e16470960c52e9e186b3feaa083a73ee73ac3760eef,True,
车老师专利/卡盘尾座节能保压液压系统_发明专利/03_仿真验证/自查与完善清单.md,5357,9c410edb4b9dfa3cc02aff5418697420314a678bb95227602198089a4c0deb6a,True,
车老师专利/卡盘尾座节能保压液压系统_发明专利/03_仿真验证/自查与完善清单.pdf,301102,6b20ef2d5598c1015078362a95ded194d68416144cd7de5a858f9776699be561,True,
车老师专利/卡盘尾座节能保压液压系统_发明专利/04_模型/工程图/_check_result.json,9289,7f0db483a803290ffd3202e257251560c77cc860858593c1f2c92f1c6827a5b0,True,
车老师专利/卡盘尾座节能保压液压系统_发明专利/04_模型/工程图/_drawings.log,2690,a9e7f9eb4690154a80e6a7c3e0da82e83f646e5ddf3dade11c364ee18c7c30c3,True,
车老师专利/卡盘尾座节能保压液压系统_发明专利/04_模型/工程图/DWG-00_试验台总装图.pdf,187197,687501daea262004bc95d0afb1af2b5ec37207767cb41b60fb491061b6aa5c19,True,
车老师专利/卡盘尾座节能保压液压系统_发明专利/04_模型/工程图/DWG-00_试验台总装图.svg,1042815,ad5c205057d650e37bf7f8eec4c18d27c2e2d8ca74f738422dcbe4f5a90f0bbd,True,
车老师专利/卡盘尾座节能保压液压系统_发明专利/04_模型/工程图/DWG-51_工件模拟滑块.pdf,41223,ca7398ed93634dadf5474743c15c6c253ba2959f9472cf4ccee9fe79b785a48a,True,
车老师专利/卡盘尾座节能保压液压系统_发明专利/04_模型/工程图/DWG-51_工件模拟滑块.svg,42065,cbfac9203d84af35eeb824eecc31f753d608e92d24c87ecc802a5f3f51edccb0,True,
车老师专利/卡盘尾座节能保压液压系统_发明专利/04_模型/工程图/DWG-55_锁闭阀块.pdf,1818654,7293a4459d52d04c457ed3cfd974f897752347e4642618dfe962ab0238e3dd28,True,
车老师专利/卡盘尾座节能保压液压系统_发明专利/04_模型/工程图/DWG-55_锁闭阀块.svg,684334,6293ea076dffb07068b79619a57516b64ae0996e47722475f74802ceaa5fb3ce,True,
车老师专利/卡盘尾座节能保压液压系统_发明专利/04_模型/工程图/DWG-63_楔块.pdf,41356,17c2f206679394ce5601be9b33085859385ebbdc9561452f4e9c6dab0a613154,True,
车老师专利/卡盘尾座节能保压液压系统_发明专利/04_模型/工程图/DWG-63_楔块.svg,39107,a2b57c3df8d52ba9793e4e398214e782086b03236632d73404c482bff8a35987,True,
车老师专利/卡盘尾座节能保压液压系统_发明专利/04_模型/工程图/DWG-64_从动楔座.pdf,43249,36fe8854bb1260ca65262e2ea18e6792104f27bfa42db54d943e669cc0c3c7d2,True,
车老师专利/卡盘尾座节能保压液压系统_发明专利/04_模型/工程图/DWG-64_从动楔座.svg,28197,91e186caf5baf03cf51a6200ce25578832009804927966799d7b6520109833a9,True,
车老师专利/卡盘尾座节能保压液压系统_发明专利/04_模型/工程图/工程图.20261001-123449.FCBak,230345,7e017d7aadbdb86e6dcb90a5e5111f9f9044fdead0436a798eee2eb290d43270,False,缓存/自动备份/安装包
车老师专利/卡盘尾座节能保压液压系统_发明专利/04_模型/工程图/工程图.FCStd,318238,c4902b331bbd279dd57f8dfd45667d26587d2b46cfebd4e45b88360b47b94112,True,
车老师专利/卡盘尾座节能保压液压系统_发明专利/04_模型/试验台三维简化模型.FCStd,78659,1589d05d23911cc190a38c8992e5d9f80955b3d0438f8f8f5667ee7d0d705e16,True,
车老师专利/卡盘尾座节能保压液压系统_发明专利/04_模型/试验台出图模型.FCStd,162057,305cd26e9e64b64af31dc7c4d9d88f068eda0fbf776b62fe1d041c846259289b,True,
车老师专利/卡盘尾座节能保压液压系统_发明专利/04_模型/试验台出图模型.step,851053,b24a4b1d4eea0299379357e4af9487f1105351241dbd4b0d2f17f182e8585b05,True,
车老师专利/卡盘尾座节能保压液压系统_发明专利/04_模型/锁闭阀块_详细.FCStd,184911,fe198b9e55da96f3eca106d4a8ea797976f69ed4bd86acc2e66ee56e20d44637,True,
车老师专利/卡盘尾座节能保压液压系统_发明专利/04_模型/锁闭阀块_详细.step,265545,cd4cd5cfdfb4b69c4dc0b0670167ceb2ee30fc93bed50229265d01523b3390cf,True,
车老师专利/卡盘尾座节能保压液压系统_发明专利/04_模型/零件清单.md,4849,5f70db5cee0148f0a8d99014cda1fc9f3ce21354354be613b8ae7434b0c78b41,True,
车老师专利/卡盘尾座节能保压液压系统_发明专利/05_附图/numerals.json,4177,f83cd12554d18b450632a77cb15d08e06d0cab138fc2d0eb10f1555bc9ddbdfa,True,
车老师专利/卡盘尾座节能保压液压系统_发明专利/05_附图/numerals_structure.json,4371,8f200f6d693c6dc55d02da7d725c7ab9ec1b7170f5122e82c17f928125935725,True,
车老师专利/卡盘尾座节能保压液压系统_发明专利/05_附图/无标注版/图1.json,1513,ca76b932ebb0a52316d2ab2cedd848517cbda2f52f8742fd226ac78b61eaaef7,True,
车老师专利/卡盘尾座节能保压液压系统_发明专利/05_附图/无标注版/图1.png,168920,b57d30ed09605aa7ceb930af6ff2c9934f9211c79b2cf2a321d07b18fc3d520a,True,
车老师专利/卡盘尾座节能保压液压系统_发明专利/05_附图/无标注版/图1.svg,84347,6b068d15cdb450aa549254ee50ba0cfb3df9737d2252dff55530e0ca93c7b7cc,True,
车老师专利/卡盘尾座节能保压液压系统_发明专利/05_附图/无标注版/图10.png,182296,eb678f742120666639cf463f73f27aaa1e318fdbbb2c8103d88dca68ec3328f9,True,
车老师专利/卡盘尾座节能保压液压系统_发明专利/05_附图/无标注版/图10.svg,159411,52f5b632c6d56371bbe5587754daef4d7565f8e0332041a4c7c2e91664a2b683,True,
车老师专利/卡盘尾座节能保压液压系统_发明专利/05_附图/无标注版/图2.json,884,9a5606dedbc4e5376dd9d1201b928d6a86cb021da8aaf8490b97326f14d3b93e,True,
车老师专利/卡盘尾座节能保压液压系统_发明专利/05_附图/无标注版/图2.png,88907,9d484cae6a9a3d2864266d9d7e2051c4aa81809cedc2b035b49fd1136da71073,True,
车老师专利/卡盘尾座节能保压液压系统_发明专利/05_附图/无标注版/图2.svg,44082,dd2b0bdc85f79e7cb92eaba16c38359d1ad3daaf294d6e7353c596f8b0a7df66,True,
车老师专利/卡盘尾座节能保压液压系统_发明专利/05_附图/无标注版/图3.json,590,397589186a39435a0afdaa26289499685e9f46bc135262e859168b353bba9de9,True,
车老师专利/卡盘尾座节能保压液压系统_发明专利/05_附图/无标注版/图3.png,54899,ced7f5a61d18e650ade312b706fac3a532c65a6e72c2d0924fb5c1986a973019,True,
车老师专利/卡盘尾座节能保压液压系统_发明专利/05_附图/无标注版/图3.svg,22790,d3f2071c019bb192e1c98b8fcd184520e92c978936f3c4b0c6ae4bcda998d7dd,True,
车老师专利/卡盘尾座节能保压液压系统_发明专利/05_附图/无标注版/图4.json,1059,acd381fce4c597c03fd76a170545adef001c177c5d22542dfc15ce91186887b2,True,
车老师专利/卡盘尾座节能保压液压系统_发明专利/05_附图/无标注版/图4.png,196157,a1f99f472a4fdda86bf933135567b33206773d33e361cf9342d1b767f271030f,True,
车老师专利/卡盘尾座节能保压液压系统_发明专利/05_附图/无标注版/图4.svg,110282,3b2a3f7142c94a4896f35000229463cfcb7da1633eeef7a5ac329de9b4b32cb3,True,
车老师专利/卡盘尾座节能保压液压系统_发明专利/05_附图/无标注版/图5.json,203,5ecc1b6538a71ee3ded61a9121d9755b3256b046ab375421ae9cf6d596443cfe,True,
车老师专利/卡盘尾座节能保压液压系统_发明专利/05_附图/无标注版/图5.png,267035,b1b7aa40823cdbcbfa8ec2f0016fc57bd61fded9fdd405914705326755cff52d,True,
车老师专利/卡盘尾座节能保压液压系统_发明专利/05_附图/无标注版/图5.svg,121926,24bd895a3cce600c7ab7fc8275dc3be9a65237c1856eb6cf9c91ef7020aa9d49,True,
车老师专利/卡盘尾座节能保压液压系统_发明专利/05_附图/无标注版/图6.json,304,d38cc5765c351fe7a55237d015284db7d600cf36a425ff0e66ad2300a88eb8b1,True,
车老师专利/卡盘尾座节能保压液压系统_发明专利/05_附图/无标注版/图6.png,48022,06bf595787933d785748e115467a63ce52afc3875fcef83f861d873da48dc257,True,
车老师专利/卡盘尾座节能保压液压系统_发明专利/05_附图/无标注版/图6.svg,8965,3658b4fb61566124d217420aa59c12e1906f26332cdf6bd9dd318b8ef3a16058,True,
车老师专利/卡盘尾座节能保压液压系统_发明专利/05_附图/无标注版/图7.png,498044,b28acd9a28de8c3f95f9be44a6b4cac2c14b57bbf92607be2c1e1044be2b98a5,True,
车老师专利/卡盘尾座节能保压液压系统_发明专利/05_附图/无标注版/图7.svg,128854,7d728eee44c6d087b89d429cbd591b507c14d54a8b6ba7b1d37066a292a9f453,True,
车老师专利/卡盘尾座节能保压液压系统_发明专利/05_附图/无标注版/图8.png,53915,6abcd0cab693170dd2d5052e4031dc8aa44ad66ee8b67dad3db650d712aa2649,True,
车老师专利/卡盘尾座节能保压液压系统_发明专利/05_附图/无标注版/图8.svg,73348,99e24d66cac4e3fa48b9c66fa2c04abbf1a756c0a908b218b49e6f4638521916,True,
车老师专利/卡盘尾座节能保压液压系统_发明专利/05_附图/无标注版/图9.png,285902,d8180ceca753dc85282562bba151f20e08ad903e563398c466831b8d4edbfa33,True,
车老师专利/卡盘尾座节能保压液压系统_发明专利/05_附图/无标注版/图9.svg,39808,323aa7694746f90036e09ad781a4cc399bb231e8225698a8eca30da6b6104d21,True,
车老师专利/卡盘尾座节能保压液压系统_发明专利/05_附图/标注版/_report_all.json,12874,df97a0ca9ef5270a109fe8b80acdc48e1e6e84ea8df7bb0842dc527161fce428,True,
车老师专利/卡盘尾座节能保压液压系统_发明专利/05_附图/标注版/图1.json,1766,598cad901625aed5643bd9ff5d53b8c1575ce1a68cdb40868b148c32f6224cff,True,
车老师专利/卡盘尾座节能保压液压系统_发明专利/05_附图/标注版/图1.png,237066,4bc53399f948476eb5caf110c61670f56d9789dffc50dfe8d3c27585311380e1,True,
车老师专利/卡盘尾座节能保压液压系统_发明专利/05_附图/标注版/图1.svg,123565,80be5c85d51335aefd9f44cdd360e16971ac611913000a55c487ae4220ebbdda,True,
车老师专利/卡盘尾座节能保压液压系统_发明专利/05_附图/标注版/图10.json,3419,583e302fcc9fb74ac993b8b8452c20ac7797675f103185c8d1640891af764667,True,
车老师专利/卡盘尾座节能保压液压系统_发明专利/05_附图/标注版/图10.png,277221,099ef7887a88d625fd8e17b30239c6a25ba3222449bf4110d8a3ff9e5dfe3e7f,True,
车老师专利/卡盘尾座节能保压液压系统_发明专利/05_附图/标注版/图10.svg,182282,a1990e1ba0e7b8201579d6ea486f96cddaa37d2d8073f2e03cd0e6325e6ab444,True,
车老师专利/卡盘尾座节能保压液压系统_发明专利/05_附图/标注版/图2.json,1011,e053d06740ab97f1d7b585718923cc896b4a72f2cffc7ed05e387814f289cba9,True,
车老师专利/卡盘尾座节能保压液压系统_发明专利/05_附图/标注版/图2.png,123622,d805b6c8797aa553ca059cf52aaab499c42b805f73276f8b4165b8a7371272e2,True,
车老师专利/卡盘尾座节能保压液压系统_发明专利/05_附图/标注版/图2.svg,66902,13b7503c39854641222098e8071fe17a2474a507c355bf5a403249625a2e6e97,True,
车老师专利/卡盘尾座节能保压液压系统_发明专利/05_附图/标注版/图3.json,654,4e2d245c4b7952630078ce16b98aa453b34b464a8e0cbb3d00fd5e47dd751637,True,
车老师专利/卡盘尾座节能保压液压系统_发明专利/05_附图/标注版/图3.png,68660,bd158a9dbe95ff2ae873d90337549b4e8dd448f9028c5f7d236d564e74220bea,True,
车老师专利/卡盘尾座节能保压液压系统_发明专利/05_附图/标注版/图3.svg,34406,75efe183dd66b461dbc16aa114762cc91e1937f41c293f5c91985cbbc1e66f78,True,
车老师专利/卡盘尾座节能保压液压系统_发明专利/05_附图/标注版/图4.json,1228,5f38614e0fc5ec3b27655998f2e1ae062c02211b4de9e8fd890abb1892ff5a7e,True,
车老师专利/卡盘尾座节能保压液压系统_发明专利/05_附图/标注版/图4.png,237485,28041bc39f8aa97fd8caeaa15306ad80d4922e7bc75d6730e06bba6515f25090,True,
车老师专利/卡盘尾座节能保压液压系统_发明专利/05_附图/标注版/图4.svg,137138,b130652a2eaafb9d874bba8aea3173c2294e22dea08a86685a5845f8e138a896,True,
车老师专利/卡盘尾座节能保压液压系统_发明专利/05_附图/标注版/图5.json,202,927441f11dbb096cc4a156e3e2af7732ddf7948e89829b1f1fe3ffb452ac15f1,True,
车老师专利/卡盘尾座节能保压液压系统_发明专利/05_附图/标注版/图5.png,275750,b13c08e43cbea14a503c62dce18690724a15d715e08a31fbb3c95d6be0bdb591,True,
车老师专利/卡盘尾座节能保压液压系统_发明专利/05_附图/标注版/图5.svg,127678,9211810cf68864fab4f6cc597cc94c48712b2ed9920e069c1e323764a7ecc38f,True,
车老师专利/卡盘尾座节能保压液压系统_发明专利/05_附图/标注版/图6.json,345,40b3af668b7f6985e1091de5db09992ffdf1f8bcfb0e6f6ebd026466fc465a00,True,
车老师专利/卡盘尾座节能保压液压系统_发明专利/05_附图/标注版/图6.png,77409,a78b5dbb3a2be5f64d5c10b014f564a63cad7fdffd89977f5ab2a0ea91684895,True,
车老师专利/卡盘尾座节能保压液压系统_发明专利/05_附图/标注版/图6.svg,24761,0d70242a06ecc0cfe06085fbd93be8ccb2b45c9f22e34a01d44ec646374b8534,True,
车老师专利/卡盘尾座节能保压液压系统_发明专利/05_附图/标注版/图7.json,2587,029806ba1502896a23202dc60565ba8ad2807b8b8d22e509e3881ae64b6ff433,True,
车老师专利/卡盘尾座节能保压液压系统_发明专利/05_附图/标注版/图7.png,546106,1cdfce659cc16840b64ba6905798ef90cf1d0ed44a97fcddef44ffc4856f0aee,True,
车老师专利/卡盘尾座节能保压液压系统_发明专利/05_附图/标注版/图7.svg,144353,a230e306b4d28daa1b176c07a92722d5da3bd269de79709b77a287fe4e253a74,True,
车老师专利/卡盘尾座节能保压液压系统_发明专利/05_附图/标注版/图8.json,4096,d8b5f4ddb898559d664e5d58dd6385820075a4b8b81299f1fd5eba213b274fdd,True,
车老师专利/卡盘尾座节能保压液压系统_发明专利/05_附图/标注版/图8.png,208653,2d15d4aaf4ce454e9a5d79b441652575aedc658255ac8f31e18b2b4488b4a249,True,
车老师专利/卡盘尾座节能保压液压系统_发明专利/05_附图/标注版/图8.svg,98947,06f2ff2b3c7bc4f9200946edc714bf56c9c2550bd9a9d33e5c9438cdceb87e90,True,
车老师专利/卡盘尾座节能保压液压系统_发明专利/05_附图/标注版/图9.json,2014,7a3716edee90bb3ab989404be91a02a7ee6c310380c40a3e98edad315c5abf29,True,
车老师专利/卡盘尾座节能保压液压系统_发明专利/05_附图/标注版/图9.png,320647,7c839eed8226cb7cfaa1c64cb771de4e5991545b5cd888403c58de4446d25d25,True,
车老师专利/卡盘尾座节能保压液压系统_发明专利/05_附图/标注版/图9.svg,51241,3667865af9e3adfc776bdd04c89cfbc414e3f8cdac3cf01f840c95b0328a25d7,True,
车老师专利/卡盘尾座节能保压液压系统_发明专利/05_附图/附图_清单.md,2156,b172a9ea601d7b392187e533ed3ae8192bfe36044c003b50854bc39f6b22f7e3,True,
车老师专利/卡盘尾座节能保压液压系统_发明专利/05_附图/附图_清单_结构部分.md,2233,560f6d3bc06e250456da64b175e989fabff7194d9e97b6e3aeb50ba3dd51ef68,True,
车老师专利/卡盘尾座节能保压液压系统_发明专利/06_申请文件/_expanded.json,110786,777c13f4d257b7b88f2d1140f5ba0166a64c054b42b48b9f8c22050ff4aa2198,True,
车老师专利/卡盘尾座节能保压液压系统_发明专利/06_申请文件/_校验报告.txt,792,e98c17b4c0d110789b0d8ce7877c0cea52830cba692b694efdf735eea25fee21,True,
车老师专利/卡盘尾座节能保压液压系统_发明专利/06_申请文件/修改说明.docx,25207,4cf8e5c18b0e82076e7ca5216ed2dcdfb2e905fbc6169c4c1ec8d9003ea1e6c4,True,
车老师专利/卡盘尾座节能保压液压系统_发明专利/06_申请文件/修改说明.md,6226,8e78638f2720c688ed4b015615541d4540223d8262295498674cb4b0da4b397a,True,
车老师专利/卡盘尾座节能保压液压系统_发明专利/06_申请文件/修改说明.pdf,277115,0584ce3e1c318d3160eabc0fe4d3181d297c319bea33750c24cd06ccd03af97b,True,
车老师专利/卡盘尾座节能保压液压系统_发明专利/06_申请文件/发明专利申请文件_全文.docx,2509350,def86fefc36ce4ab4f28672a65e1e5d210b0ddc228a59a8f0243442e2377640f,True,
车老师专利/卡盘尾座节能保压液压系统_发明专利/06_申请文件/发明专利申请文件_全文.pdf,1706175,057c2c248abf3be6ba88fa3d4800548a6002a5b9de36f6a3b09ca846c4ff2a66,True,
车老师专利/卡盘尾座节能保压液压系统_发明专利/06_申请文件/摘要附图.docx,215914,4002038de67b70e39a8cb1cb3cb268c8dabb4ecc2da6dbafc73775857b8282f3,True,
车老师专利/卡盘尾座节能保压液压系统_发明专利/06_申请文件/摘要附图.pdf,117194,c8f5cb5b7a3be9b963dc3dd4f41be67f362d221dbdba88e6f88819b24fe884f0,True,
车老师专利/卡盘尾座节能保压液压系统_发明专利/06_申请文件/权利要求书.docx,18358,195d54e015f707aa048d1279995546208b3650daf0f334cbb2c5a1466a3dc2b4,True,
车老师专利/卡盘尾座节能保压液压系统_发明专利/06_申请文件/权利要求书.pdf,205195,6f750de7e499f7616542821885ed87c82b0c5dc7739447cfac2ed1399bc312cd,True,
车老师专利/卡盘尾座节能保压液压系统_发明专利/06_申请文件/说明书.docx,46453,2c7820e1d369aacea4e500ca66397bbc7ec89047a1a67bf3081142306afea33d,True,
车老师专利/卡盘尾座节能保压液压系统_发明专利/06_申请文件/说明书.pdf,433995,4d2e324d2eefeaa0aa5a06b43ad44dae4923fb4ecfc7bc57007d3d1657d50ed2,True,
车老师专利/卡盘尾座节能保压液压系统_发明专利/06_申请文件/说明书摘要.docx,11493,94e59d64e0ea7871301fbb5cc9c5e887add277de8f737fd26724ed73780fc567,True,
车老师专利/卡盘尾座节能保压液压系统_发明专利/06_申请文件/说明书摘要.pdf,99851,3359f784ae0409139366bea5502f300bc07dc9bc5e524c27807a912bd8573f71,True,
车老师专利/卡盘尾座节能保压液压系统_发明专利/06_申请文件/说明书附图.docx,2457678,9475288228fc2685b0de936c346fbbd28216a8629422ee5e3c295f97fcb21004,True,
车老师专利/卡盘尾座节能保压液压系统_发明专利/06_申请文件/说明书附图.pdf,1278285,f118c8d60d338199596186f51e573d9211049a0ebaed6d971b73f112c7802091,True,
车老师专利/卡盘尾座节能保压液压系统_发明专利/07_脚本/__pycache__/d3_drawings.cpython-311.pyc,31284,c0fae63b6a56b9cc434346f421b49eb8d727d910c28bab63be8b5c14866379b1,False,运行缓存/审计临时目录
车老师专利/卡盘尾座节能保压液压系统_发明专利/07_脚本/__pycache__/d3_valve_block.cpython-311.pyc,13090,7aeb9a389cc30c41c35d20b0acba478e95d49a3c1d2e008d95e84dc7ab8dbc61,False,运行缓存/审计临时目录
车老师专利/卡盘尾座节能保压液压系统_发明专利/07_脚本/audit_numbers.py,25059,703abab49ce47286aaf89cbc5fda9b1d29dc6062fc44b263b99af157389b6e1c,True,
车老师专利/卡盘尾座节能保压液压系统_发明专利/07_脚本/blank.png,1588,d5cc2e4a46737489ea1656bd3e4e77e76dfaa3a83e5b68b8d8b7e90f948145e4,True,
车老师专利/卡盘尾座节能保压液压系统_发明专利/07_脚本/build_patent_docx.js,18241,330701fe5b10145b46b56a7ebe224e45ee440da203b7f52fadbdeb318734069c,True,
车老师专利/卡盘尾座节能保压液压系统_发明专利/07_脚本/calc.js,2857,ef86346ae3180dab0b0b6fe013cad35fcb210ebbd44f9928def60cd5d02fae1e,True,
车老师专利/卡盘尾座节能保压液压系统_发明专利/07_脚本/check_patent.py,13952,0fd8aea6e0090bae75c3448c3c774f23798d991ee5952b4e90f79ac6ee4df13d,True,
车老师专利/卡盘尾座节能保压液压系统_发明专利/07_脚本/d3_check_model.py,12804,a958ec40b7e5724c759c17ffcb3e71b75cf08e5a97ddfc8d39e312dbed5e1fab,True,
车老师专利/卡盘尾座节能保压液压系统_发明专利/07_脚本/d3_drawings.py,17381,b0fe6883db2a85bb90373bb5a10f507e7bbe830e02669f7f7d6d7ef73f0d5987,True,
车老师专利/卡盘尾座节能保压液压系统_发明专利/07_脚本/d3_valve_block.py,7449,138596ab2587f26342da9cdb5c37129b1682a93f48843d5fe3550ef83ce0e1f1,True,
车老师专利/卡盘尾座节能保压液压系统_发明专利/07_脚本/docx2pdf.ps1,999,ab7af7f39d5b8ebdb97cb27bedfc34a2833cca69b5d2920980333347ec4af03b,True,
车老师专利/卡盘尾座节能保压液压系统_发明专利/07_脚本/numerals_draft.json,1551,65a6480e0a9ecb5456ac4a4c97c5e0afd1eb82be43bd740a3b41a24c73b10d22,True,
车老师专利/卡盘尾座节能保压液压系统_发明专利/07_脚本/patent_desc.js,61190,02e7f1821bd12b78125265a480f3c1db82b738fea9852098eed8c53590b14c8d,True,
车老师专利/卡盘尾座节能保压液压系统_发明专利/07_脚本/patent_text.js,16096,4f081a74ba415c4369f3a6b9f7c67ffcbd82aeeb8eb0ec00679acd271a6c3515,True,
车老师专利/卡盘尾座节能保压液压系统_发明专利/07_脚本/reports_to_docx.ps1,2985,78454726dd8786821b5e228369f1daefd94af96d5f4f170f2c5b8e27f23d43c5,True,
车老师专利/卡盘尾座节能保压液压系统_发明专利/07_脚本/roles.js,3229,fa01b760903ac64576ba2fd266aa54cf339cf27a0dc0143c1cb054a492a1fca0,True,
车老师专利/卡盘尾座节能保压液压系统_发明专利/07_脚本/run_fc.sh,747,42d539e7b99b60d10abb152d7f1f3cf152b7c67867cf67f203eea3e4cc299f7c,True,
车老师专利/卡盘尾座节能保压液压系统_发明专利/07_脚本/schematic_figs.py,32501,12254e6d897fec0201baf06ac9d9dae3216e2e8330187f5013b14bba2620f51d,True,
车老师专利/卡盘尾座节能保压液压系统_发明专利/07_脚本/tc_build_model.py,15882,52638cd3b0add9898409f895f11a8efb38998141199b44413236208a3eb1efaf,True,
车老师专利/卡盘尾座节能保压液压系统_发明专利/07_脚本/tc_structure_figs.py,40055,0fcbb7c180b8484ab628b252ad7b10b6f9901b81e7e197caf2787ca86c1f1f94,True,
车老师专利/卡盘尾座节能保压液压系统_发明专利/08_技术交底书/技术交底书.docx,33199,cff1d78c5762f66b004e229407139ea0d261486901263997615a36c22df00dc8,True,
车老师专利/卡盘尾座节能保压液压系统_发明专利/08_技术交底书/技术交底书.md,15273,4dfd0180836aff8d52ac017040357857b3249d2018c42605c0c0df15e74f5637,True,
车老师专利/卡盘尾座节能保压液压系统_发明专利/08_技术交底书/技术交底书.pdf,402599,be3766600e61e502a92f86fe52f0fd19a34e5e6d2193bd26ef1e13fcc2460a66,True,
车老师专利/卡盘尾座节能保压液压系统_发明专利/09_方案初稿_20260926/合案申请方案_权利要求布局与附图说明.md,10329,f4b99dc11f18322bb6574237e3374be092b15209f9bfd6c8bb816154e85f626c,True,
车老师专利/卡盘尾座节能保压液压系统_发明专利/09_方案初稿_20260926/图1_液压原理图_专利附图.png,91783,21df1e97b7ff6ac8a1b816a133708dd816720c7f9cc2663057745d444478cec7,True,
车老师专利/卡盘尾座节能保压液压系统_发明专利/09_方案初稿_20260926/图1_液压原理图_专利附图.svg,29833,be22f18c584cc327068c7964500376dfe4af6633d123e9535b435a7a534676e4,True,
车老师专利/卡盘尾座节能保压液压系统_发明专利/09_方案初稿_20260926/图1_液压原理图_带图例.png,140263,2f168a0d311c2db914b23a4dcc6d487908cc9115c85a5526841fe75f7c2ea52c,True,
车老师专利/卡盘尾座节能保压液压系统_发明专利/09_方案初稿_20260926/图1_液压原理图_带图例.svg,32487,66c95fe491c0d80af423fb1b6bbcb41c38318faed1f2a3f9d8328a7244a740e8,True,
车老师专利/卡盘尾座节能保压液压系统_发明专利/09_方案初稿_20260926/图2_试验台轴测图_专利附图.png,285864,b34a51699e378b3bb9a0a00c10bc5858eb53308bc08457b1e6e29c739e4982d4,True,
车老师专利/卡盘尾座节能保压液压系统_发明专利/09_方案初稿_20260926/图2_试验台轴测图_专利附图.svg,29747,b4afe60f416ef121445a0af9d9c1f8770f4b168fb99fca351676cf2cfc09d6a3,True,
车老师专利/卡盘尾座节能保压液压系统_发明专利/09_方案初稿_20260926/图3_试验台主视图_专利附图.png,59178,b12c65c248ec961a6e5cd285ad40c0f866d4ddd1d41df5294ef559e24371b8a1,True,
车老师专利/卡盘尾座节能保压液压系统_发明专利/09_方案初稿_20260926/图3_试验台主视图_专利附图.svg,22327,b655074de1e976bbd78954fa5a9548cfbe8b9d3bb96d4dd8a1e21b0d310b24b2,True,
车老师专利/卡盘尾座节能保压液压系统_发明专利/09_方案初稿_20260926/图4_控制系统框图_专利附图.png,78959,cc69765570d206fc3c08686be6ead239646c028b43a835df9896c9b9dc024c06,True,
车老师专利/卡盘尾座节能保压液压系统_发明专利/09_方案初稿_20260926/图4_控制系统框图_专利附图.svg,7004,f5943a1d560eeede8e545c1438984a6ed07d615505efb074c0be7bd5ac7cd2ae,True,
车老师专利/卡盘尾座节能保压液压系统_发明专利/09_方案初稿_20260926/图5_控制方法流程图_专利附图.png,68780,f84b9901ddfe5fba2b08b1fe1aac8962746a11adea150349aff21756bb84f509,True,
车老师专利/卡盘尾座节能保压液压系统_发明专利/09_方案初稿_20260926/图5_控制方法流程图_专利附图.svg,6728,7fbcfab9f51e2065df7d15651fa6e8855ebd3a757767b93f2f853c3f8b97188f,True,
车老师专利/卡盘尾座节能保压液压系统_发明专利/09_方案初稿_20260926/试验台_俯视图_彩色.png,14508,1305ae31f2aa0e2849310b70aef73a10427c9de517b70ae9901bd343ae3cb899,True,
车老师专利/卡盘尾座节能保压液压系统_发明专利/09_方案初稿_20260926/试验台_前视图_彩色.png,19343,fc790d74e5a13491bafc3c773cdab4564e19413d1a984701bac3ed76060f061b,True,
车老师专利/卡盘尾座节能保压液压系统_发明专利/09_方案初稿_20260926/试验台_轴测图_彩色.png,71074,e547de12bf546efc67d8734a80218932b8e573a2c8e9586a0c55d91ded413b1f,True,
车老师专利/卡盘尾座节能保压液压系统_发明专利/09_方案初稿_20260926/试验台三维简化模型.20260926-230717.FCBak,80892,a346586577aa13b6fb11f1a3416af482da2a87013b2eec4896bfda638d7a6cea,False,缓存/自动备份/安装包
车老师专利/卡盘尾座节能保压液压系统_发明专利/09_方案初稿_20260926/试验台三维简化模型.FCStd,78659,1589d05d23911cc190a38c8992e5d9f80955b3d0438f8f8f5667ee7d0d705e16,True,
车老师专利/卡盘尾座节能保压液压系统_发明专利/09_方案初稿_20260926/试验台三维简化模型.step,397059,6e35a3e42c28b6c50793b385a27321df66da020e3dba5e093fccd0c91dc44de3,True,
车老师专利/卡盘尾座节能保压液压系统_发明专利/09_方案初稿_20260926/试验台三维简化模型_D备份_20261001.FCStd,78659,1589d05d23911cc190a38c8992e5d9f80955b3d0438f8f8f5667ee7d0d705e16,True,
车老师专利/卡盘尾座节能保压液压系统_发明专利/09_方案初稿_20260926/试验台三维简化模型_保存前备份_20260930.FCStd,80892,a346586577aa13b6fb11f1a3416af482da2a87013b2eec4896bfda638d7a6cea,True,
车老师专利/卡盘尾座节能保压液压系统_发明专利/10_审查与迭代/保护范围与答复预案.md,16384,a66c878a7d323cf0aa9eec343a64d47ef66383c7d3ed350765f9e1f8c10ca106,True,
车老师专利/卡盘尾座节能保压液压系统_发明专利/10_审查与迭代/形式审查_第1轮.md,3996,2449113d94a5d9c2161a4a12f94a9cbe1987f2e430ac32c77c288ac28efe5baf,True,
车老师专利/卡盘尾座节能保压液压系统_发明专利/10_审查与迭代/形式审查_第2轮.md,2567,b7d9a68ef1239f70eb7b48bf735ab820c759135a05e34014f98159f5000dcf3a,True,
车老师专利/卡盘尾座节能保压液压系统_发明专利/10_审查与迭代/数值一致性审计_第1轮.md,3667,cdf2f5a05c192105a31ba491c2f2161a0914c377028948e03770eba840b2595a,True,
车老师专利/卡盘尾座节能保压液压系统_发明专利/10_审查与迭代/数值一致性审计_第2轮.md,2966,cd366d0d446eae69c873f42d074adb854b88548eb0f706567ab9241c7a3a98ec,True,
车老师专利/卡盘尾座节能保压液压系统_发明专利/10_审查与迭代/数值一致性审计_第3轮.md,2966,278a11f27678c9a3284b887a14cd23a6c7af7f589d4e64603fa61b0cc9a64e33,True,
车老师专利/卡盘尾座节能保压液压系统_发明专利/10_审查与迭代/数值一致性审计_第4轮.md,2329,eb0018325a7030ce602507421b0e3b9adf7f106a27a8e50c36ec637e51337b4d,True,
车老师专利/卡盘尾座节能保压液压系统_发明专利/10_审查与迭代/数值一致性审计_第5轮.md,2965,389aa1b572865eb74d036e3b0e4efc3c72f614aade40d1aea9ee1e5078a9deda,True,
车老师专利/卡盘尾座节能保压液压系统_发明专利/10_审查与迭代/未关闭问题清单.md,2269,f2ec8dade9d676db8c81c06a138e82350fc72ea44d79619a0160ba475c060b36,True,
车老师专利/卡盘尾座节能保压液压系统_发明专利/10_审查与迭代/第1轮审查意见.md,10065,70db53e69e05f7419d25329a8bb6bfe21e81ea3992701befc97038ebf40e811b,True,
车老师专利/卡盘尾座节能保压液压系统_发明专利/10_审查与迭代/第3轮自审.md,10735,54bfd3450ae61e2f5b72bf61e0f63a5d3a13c383c3994479adb8346bbdcea3e1,True,
车老师专利/卡盘尾座节能保压液压系统_发明专利/10_审查与迭代/第4轮自审.md,4442,c4cdd074ec6d14ab1fe1129550b4aec5408581fac7f7e49617a402c97507f569,True,
车老师专利/卡盘尾座节能保压液压系统_发明专利/10_审查与迭代/进度.md,4768,3e8d544229a20dd5d16cd388d33713ba85a01d5aa06dfbf805cb33fafc75536e,True,
车老师专利/卡盘尾座节能保压液压系统_发明专利/10_审查与迭代/附图审查_第1轮.md,5511,30a80a9ac3811d14e88c31264ef97d70f8aa9741047d2bcf2e356ffd4b663e6f,True,
车老师专利/卡盘尾座节能保压液压系统_发明专利/10_审查与迭代/附图审查_第2轮.md,3215,98ee6daa946ef1ff14aac592f6a93cf09373261d1b2b4f4e8af30f3f725edfe4,True,
车老师专利/新建文件夹/shukongchechuangyeyaxitong33333gangdu.ame,36382720,f3f507f78c455f158ce0394d7d06c3b33d527311e767b7c3c6a5f02a3d0f79af,True,
车老师专利/新建文件夹/shukongchechuangyeyaxitongnenghao33333.ame,11499520,f9c89fd5d11bde7c58b1aa8eef0338630d4f1d9d61c88b53aa22471d759f02b2,True,
车老师专利/新建文件夹/数控车床液压系统优化设计.docx,352347,71d9275b0962c797b00682f7ef39f07b1245d9c6729e6930ff99e99d1697d0d9,True,
车老师专利/新建文件夹/数控车床液压系统设计.docx,689760,0a015b3f1edd4ef4bed074a4d05bb8e60e30402ca86c68a3ff747d64d857e05a,True,
车老师专利/新建文件夹/项目任务书－基于FluidSIM软件的车床液压系统优化设计 (7)ooooooooo.pdf,319359,8d36842e58faf9f34b0602f8837166ff39f56b36bc21dc929868adfbc15623a2,True,
车老师专利/新建文件夹/项目申报书－基于FluidSIM软件的车床液压系统优化设计 (1).pdf,388031,d085e0ead3d2424311d857a81e2a769b2d0473900de6355b5519c9e8322e0753,True,
车老师专利/新建文件夹.zip,23130810,394a695c2b080334e1ce357b89420f3257d9765d9cfd6968cfb2732b67460267,False,压缩归档，展开资料另行保留
