ISO-10303-21;
HEADER;
FILE_DESCRIPTION (( 'STEP AP214' ),
    '1' );
FILE_NAME ('VDE37_19x50.STEP',
    '2018-09-13T09:22:12',
    ( '' ),
    ( '' ),
    'SwSTEP 2.0',
    'SolidWorks 2016',
    '' );
FILE_SCHEMA (( 'AUTOMOTIVE_DESIGN' ));
ENDSEC;

DATA;
#1 = CARTESIAN_POINT ( 'NONE',  ( -17.83337930589000600, 26.66569734103999800, -1.837680333405000300 ) ) ;
#2 = EDGE_CURVE ( 'NONE', #7888, #9236, #5530, .T. ) ;
#3 = CARTESIAN_POINT ( 'NONE',  ( -17.44578769775303000, 24.82472387661206500, 1.123414615558702600 ) ) ;
#4 = AXIS2_PLACEMENT_3D ( 'NONE', #7385, #9976, #2156 ) ;
#5 = UNCERTAINTY_MEASURE_WITH_UNIT (LENGTH_MEASURE( 1.000000000000000100E-005 ), #546, 'distance_accuracy_value', 'NONE');
#6 =( GEOMETRIC_REPRESENTATION_CONTEXT ( 3 ) GLOBAL_UNCERTAINTY_ASSIGNED_CONTEXT ( ( #7472 ) ) GLOBAL_UNIT_ASSIGNED_CONTEXT ( ( #5291, #79, #6155 ) ) REPRESENTATION_CONTEXT ( 'NONE', 'WORKASPACE' ) );
#7 = VERTEX_POINT ( 'NONE', #10916 ) ;
#8 = CARTESIAN_POINT ( 'NONE',  ( -18.10743997898354300, 28.54572339295303600, -1.249999999999023000 ) ) ;
#9 = CARTESIAN_POINT ( 'NONE',  ( -1.499999999999999800, -16.30043030675197700, -1.996226979988831600E-015 ) ) ;
#10 = CARTESIAN_POINT ( 'NONE',  ( -18.55362154808365800, 27.12535809140196000, 1.123689004227411000 ) ) ;
#11 =( NAMED_UNIT ( * ) SI_UNIT ( $, .STERADIAN. ) SOLID_ANGLE_UNIT ( ) );
#12 = CARTESIAN_POINT ( 'NONE',  ( -33.00000000000000000, 20.67261628933499700, -12.00000000000000000 ) ) ;
#13 = CARTESIAN_POINT ( 'NONE',  ( -18.99973464976230600, 24.08874459971824000, 0.7680712201621335800 ) ) ;
#14 = CARTESIAN_POINT ( 'NONE',  ( -18.37083697740000300, 24.48809181152000000, -1.230329384282999900 ) ) ;
#15 = ORIENTED_EDGE ( 'NONE', *, *, #744, .F. ) ;
#16 = LINE ( 'NONE', #1971, #8991 ) ;
#17 = CYLINDRICAL_SURFACE ( 'NONE', #9843, 9.500000000000000000 ) ;
#18 = STYLED_ITEM ( 'NONE', ( #9046 ), #6665 ) ;
#19 = MECHANICAL_DESIGN_GEOMETRIC_PRESENTATION_REPRESENTATION (  '', ( #10147 ), #601 ) ;
#20 = DIRECTION ( 'NONE',  ( 0.0000000000000000000, 1.000000000000000000, 0.0000000000000000000 ) ) ;
#21 = EDGE_CURVE ( 'NONE', #9540, #4442, #7843, .T. ) ;
#22 = CARTESIAN_POINT ( 'NONE',  ( -18.92487502541000300, 25.06341960498999900, 1.144826148705000000 ) ) ;
#23 = CARTESIAN_POINT ( 'NONE',  ( -17.37126597864932300, 24.20379590246987800, 1.092600932039525100 ) ) ;
#24 = ORIENTED_EDGE ( 'NONE', *, *, #5679, .T. ) ;
#25 = COLOUR_RGB ( '',0.9803921568627450600, 0.6274509803921568500, 0.0000000000000000000 ) ;
#26 = CARTESIAN_POINT ( 'NONE',  ( -16.16202320010000200, 26.64504455675000800, 0.1647005025958000500 ) ) ;
#27 = SURFACE_SIDE_STYLE ('',( #183 ) ) ;
#28 = CARTESIAN_POINT ( 'NONE',  ( -16.57292325035999900, 22.57923409427000600, -0.4513952491913000900 ) ) ;
#29 = CARTESIAN_POINT ( 'NONE',  ( -17.19451465210999800, 24.43134535963000800, -1.001321584661999800 ) ) ;
#30 =( GEOMETRIC_REPRESENTATION_CONTEXT ( 3 ) GLOBAL_UNCERTAINTY_ASSIGNED_CONTEXT ( ( #6555 ) ) GLOBAL_UNIT_ASSIGNED_CONTEXT ( ( #9654, #4404, #10540 ) ) REPRESENTATION_CONTEXT ( 'NONE', 'WORKASPACE' ) );
#31 = UNCERTAINTY_MEASURE_WITH_UNIT (LENGTH_MEASURE( 1.000000000000000100E-005 ), #5503, 'distance_accuracy_value', 'NONE');
#32 = CARTESIAN_POINT ( 'NONE',  ( -16.35012757164000500, 28.13708269150000200, 0.1687440667860000100 ) ) ;
#33 = FILL_AREA_STYLE_COLOUR ( '', #2192 ) ;
#34 = EDGE_CURVE ( 'NONE', #8642, #3365, #908, .T. ) ;
#35 = ORIENTED_EDGE ( 'NONE', *, *, #4474, .T. ) ;
#36 = COLOUR_RGB ( '',1.000000000000000000, 1.000000000000000000, 0.9490196078431372100 ) ;
#37 = CARTESIAN_POINT ( 'NONE',  ( -17.36950683798948700, 24.99611655963508400, -1.091738935457771300 ) ) ;
#38 = DIRECTION ( 'NONE',  ( 0.0000000000000000000, 1.000000000000000000, 0.0000000000000000000 ) ) ;
#39 = TOROIDAL_SURFACE ( 'NONE', #881, 17.10000000000000100, 1.399999999999999900 ) ;
#40 = CARTESIAN_POINT ( 'NONE',  ( -9.400000000000005700, 32.23000000000000400, -0.3500000000000000300 ) ) ;
#41 = CARTESIAN_POINT ( 'NONE',  ( -17.67284187047517800, 25.80871584377903400, 1.217503474805929200 ) ) ;
#42 = CARTESIAN_POINT ( 'NONE',  ( -19.24506211622441400, 28.65246182011080800, -0.1534285096632571600 ) ) ;
#43 = DIRECTION ( 'NONE',  ( -1.000000000000000000, -0.0000000000000000000, -0.0000000000000000000 ) ) ;
#44 =( LENGTH_UNIT ( ) NAMED_UNIT ( * ) SI_UNIT ( .MILLI., .METRE. ) );
#45 =( NAMED_UNIT ( * ) SI_UNIT ( $, .STERADIAN. ) SOLID_ANGLE_UNIT ( ) );
#46 = VERTEX_POINT ( 'NONE', #8280 ) ;
#47 = PRESENTATION_STYLE_ASSIGNMENT (( #2846 ) ) ;
#48 = CARTESIAN_POINT ( 'NONE',  ( -3.000000000000002700, 12.84523257866612800, 13.99999999999938700 ) ) ;
#49 = SURFACE_STYLE_USAGE ( .BOTH. , #5259 ) ;
#50 = CIRCLE ( 'NONE', #7149, 15.05000000000000100 ) ;
#51 = CARTESIAN_POINT ( 'NONE',  ( -18.60004158040000300, 23.67613284128000100, 1.136301761579000100 ) ) ;
#52 = CARTESIAN_POINT ( 'NONE',  ( -19.14191874609000300, 25.15323012217999800, -0.9284631323162999500 ) ) ;
#53 = PRESENTATION_LAYER_ASSIGNMENT (  '', '', ( #10188 ) ) ;
#54 = AXIS2_PLACEMENT_3D ( 'NONE', #414, #5577, #10908 ) ;
#55 = ORIENTED_EDGE ( 'NONE', *, *, #2064, .T. ) ;
#56 = CARTESIAN_POINT ( 'NONE',  ( -18.99021463409000200, 26.53480495544999900, -0.8189667899335002500 ) ) ;
#57 = CARTESIAN_POINT ( 'NONE',  ( 0.0000000000000000000, 1.235171079313854300E-008, 1.136543937106432600E-011 ) ) ;
#58 = VECTOR ( 'NONE', #6741, 1000.000000000000000 ) ;
#59 = CARTESIAN_POINT ( 'NONE',  ( -17.37115303932536000, 24.37124481789835400, -1.092526795551784300 ) ) ;
#60 = LINE ( 'NONE', #2768, #2069 ) ;
#61 = DIRECTION ( 'NONE',  ( 0.0000000000000000000, 0.0000000000000000000, 1.000000000000000000 ) ) ;
#62 = EDGE_CURVE ( 'NONE', #2412, #6824, #9899, .T. ) ;
#63 = MECHANICAL_DESIGN_GEOMETRIC_PRESENTATION_REPRESENTATION (  '', ( #10201 ), #656 ) ;
#64 = FILL_AREA_STYLE ('',( #3501 ) ) ;
#65 = ORIENTED_EDGE ( 'NONE', *, *, #4401, .F. ) ;
#66 = PRESENTATION_STYLE_ASSIGNMENT (( #6715 ) ) ;
#67 = CARTESIAN_POINT ( 'NONE',  ( -18.86845782830000200, 23.98816106240999700, 1.628070143900000300 ) ) ;
#68 =( GEOMETRIC_REPRESENTATION_CONTEXT ( 3 ) GLOBAL_UNCERTAINTY_ASSIGNED_CONTEXT ( ( #5120 ) ) GLOBAL_UNIT_ASSIGNED_CONTEXT ( ( #4639, #10776, #5512 ) ) REPRESENTATION_CONTEXT ( 'NONE', 'WORKASPACE' ) );
#69 = DIRECTION ( 'NONE',  ( -0.0000000000000000000, -0.0000000000000000000, -1.000000000000000000 ) ) ;
#70 = CARTESIAN_POINT ( 'NONE',  ( -19.05603492990000100, 27.32512372125999900, -1.278806359707999900 ) ) ;
#71 = FACE_OUTER_BOUND ( 'NONE', #9622, .T. ) ;
#72 = CARTESIAN_POINT ( 'NONE',  ( -18.16516580081903200, 23.27786515222652900, 1.250000000000542000 ) ) ;
#73 = ORIENTED_EDGE ( 'NONE', *, *, #9398, .T. ) ;
#74 = DIRECTION ( 'NONE',  ( -1.000000000000000000, 0.0000000000000000000, -3.469446951953611000E-015 ) ) ;
#75 = ORIENTED_EDGE ( 'NONE', *, *, #784, .F. ) ;
#76 = DIRECTION ( 'NONE',  ( -1.000000000000000000, -0.0000000000000000000, 0.0000000000000000000 ) ) ;
#77 = CARTESIAN_POINT ( 'NONE',  ( -17.23195652641521700, 25.98511606975906900, -0.9998970135136465700 ) ) ;
#78 = FILL_AREA_STYLE ('',( #8744 ) ) ;
#79 =( NAMED_UNIT ( * ) PLANE_ANGLE_UNIT ( ) SI_UNIT ( $, .RADIAN. ) );
#80 = SURFACE_SIDE_STYLE ('',( #2234 ) ) ;
#81 = CARTESIAN_POINT ( 'NONE',  ( -11.97229076099636400, 15.13522304054250800, 7.751491112734726100 ) ) ;
#82 = EDGE_LOOP ( 'NONE', ( #2055, #2081, #509, #10941 ) ) ;
#83 = SURFACE_STYLE_USAGE ( .BOTH. , #5295 ) ;
#84 =( GEOMETRIC_REPRESENTATION_CONTEXT ( 3 ) GLOBAL_UNCERTAINTY_ASSIGNED_CONTEXT ( ( #4976 ) ) GLOBAL_UNIT_ASSIGNED_CONTEXT ( ( #2779, #8877, #3657 ) ) REPRESENTATION_CONTEXT ( 'NONE', 'WORKASPACE' ) );
#85 = EDGE_CURVE ( 'NONE', #3912, #7336, #5276, .T. ) ;
#86 = VERTEX_POINT ( 'NONE', #5699 ) ;
#87 = CARTESIAN_POINT ( 'NONE',  ( -16.98579219814000400, 22.88499333181999900, -0.6390257709462000600 ) ) ;
#88 = LINE ( 'NONE', #10175, #9061 ) ;
#89 = ORIENTED_EDGE ( 'NONE', *, *, #1900, .T. ) ;
#90 = CYLINDRICAL_SURFACE ( 'NONE', #10093, 1.250000000000000000 ) ;
#91 = CARTESIAN_POINT ( 'NONE',  ( -17.67439325300388100, 22.89144498095545500, -1.217799572137617100 ) ) ;
#92 = DIRECTION ( 'NONE',  ( 1.000000000000000000, 0.0000000000000000000, 0.0000000000000000000 ) ) ;
#93 = CARTESIAN_POINT ( 'NONE',  ( -17.87022089445000700, 25.72284598521000000, 1.278432233348999900 ) ) ;
#94 = EDGE_LOOP ( 'NONE', ( #10448, #10182 ) ) ;
#95 = DIRECTION ( 'NONE',  ( 0.0000000000000000000, 0.0000000000000000000, 1.000000000000000000 ) ) ;
#96 = PRESENTATION_STYLE_ASSIGNMENT (( #4152 ) ) ;
#97 = UNCERTAINTY_MEASURE_WITH_UNIT (LENGTH_MEASURE( 1.000000000000000100E-005 ), #9863, 'distance_accuracy_value', 'NONE');
#98 =( NAMED_UNIT ( * ) SI_UNIT ( $, .STERADIAN. ) SOLID_ANGLE_UNIT ( ) );
#99 = STYLED_ITEM ( 'NONE', ( #8307 ), #7555 ) ;
#100 = EDGE_CURVE ( 'NONE', #7336, #6931, #7306, .T. ) ;
#101 = VECTOR ( 'NONE', #10124, 1000.000000000000000 ) ;
#102 = CARTESIAN_POINT ( 'NONE',  ( -17.88335015148000200, 28.74327158452000600, 1.153823169648000100 ) ) ;
#103 =( NAMED_UNIT ( * ) PLANE_ANGLE_UNIT ( ) SI_UNIT ( $, .RADIAN. ) );
#104 = VERTEX_POINT ( 'NONE', #1363 ) ;
#105 = CARTESIAN_POINT ( 'NONE',  ( -16.23838073449999800, 23.17620209217000100, -0.5491165249792000500 ) ) ;
#106 =( NAMED_UNIT ( * ) SI_UNIT ( $, .STERADIAN. ) SOLID_ANGLE_UNIT ( ) );
#107 = CIRCLE ( 'NONE', #3891, 0.4999999999999987200 ) ;
#108 = CARTESIAN_POINT ( 'NONE',  ( -17.74196527960000200, 26.53398421180000000, 1.525472882326999800 ) ) ;
#109 = SURFACE_STYLE_FILL_AREA ( #1365 ) ;
#110 = CARTESIAN_POINT ( 'NONE',  ( -18.32736837223888300, 24.93310864173037100, -1.217480241042671300 ) ) ;
#111 = CARTESIAN_POINT ( 'NONE',  ( -18.00000000000000400, 28.99999999999999300, 14.49999999999999800 ) ) ;
#112 = ORIENTED_EDGE ( 'NONE', *, *, #5129, .F. ) ;
#113 = EDGE_LOOP ( 'NONE', ( #8218, #5917, #1275, #2920, #2245 ) ) ;
#114 = EDGE_LOOP ( 'NONE', ( #6992, #9771, #8859, #2637 ) ) ;
#115 =( NAMED_UNIT ( * ) SI_UNIT ( $, .STERADIAN. ) SOLID_ANGLE_UNIT ( ) );
#116 = FILL_AREA_STYLE ('',( #10523 ) ) ;
#117 = CARTESIAN_POINT ( 'NONE',  ( -32.50000000000000000, 28.49999999999999600, 14.00000000000000000 ) ) ;
#118 = DIRECTION ( 'NONE',  ( -1.000000000000000000, -0.0000000000000000000, -0.0000000000000000000 ) ) ;
#119 = CARTESIAN_POINT ( 'NONE',  ( -15.76383974200918600, 16.99933353483593700, 0.6732245017180509300 ) ) ;
#120 = CARTESIAN_POINT ( 'NONE',  ( -32.43450716694403700, 29.00000000000000700, 14.24985049102749600 ) ) ;
#121 = LINE ( 'NONE', #554, #2411 ) ;
#122 = CARTESIAN_POINT ( 'NONE',  ( -3.000000000000002700, 15.76954587281173500, -9.863134540565008400 ) ) ;
#123 = VERTEX_POINT ( 'NONE', #498 ) ;
#124 =( NAMED_UNIT ( * ) SI_UNIT ( $, .STERADIAN. ) SOLID_ANGLE_UNIT ( ) );
#125 = EDGE_LOOP ( 'NONE', ( #10681, #8057, #10104, #9578 ) ) ;
#126 = SURFACE_STYLE_FILL_AREA ( #7142 ) ;
#127 = DIRECTION ( 'NONE',  ( -0.0000000000000000000, -1.000000000000000000, -0.0000000000000000000 ) ) ;
#128 = EDGE_CURVE ( 'NONE', #676, #1068, #9642, .T. ) ;
#129 = CARTESIAN_POINT ( 'NONE',  ( -17.19451465210999800, 24.91088701497000100, -1.001321584661999800 ) ) ;
#130 = CARTESIAN_POINT ( 'NONE',  ( -16.65551433212230800, 27.15503800750779100, -1.112640067796071500 ) ) ;
#131 = FILL_AREA_STYLE ('',( #8800 ) ) ;
#132 = MECHANICAL_DESIGN_GEOMETRIC_PRESENTATION_REPRESENTATION (  '', ( #9688 ), #713 ) ;
#133 = ORIENTED_EDGE ( 'NONE', *, *, #4629, .F. ) ;
#134 =( GEOMETRIC_REPRESENTATION_CONTEXT ( 3 ) GLOBAL_UNCERTAINTY_ASSIGNED_CONTEXT ( ( #10062 ) ) GLOBAL_UNIT_ASSIGNED_CONTEXT ( ( #11286, #6034, #810 ) ) REPRESENTATION_CONTEXT ( 'NONE', 'WORKASPACE' ) );
#135 = CARTESIAN_POINT ( 'NONE',  ( -17.00078113199338100, 27.86082780645185900, 0.7685404667918620500 ) ) ;
#136 = MECHANICAL_DESIGN_GEOMETRIC_PRESENTATION_REPRESENTATION (  '', ( #10264 ), #718 ) ;
#137 = B_SPLINE_CURVE_WITH_KNOTS ( 'NONE', 3,
 ( #7715, #1622, #8595, #3362, #9475, #4228, #10346, #5130, #11257, #6000, #785, #6858, #1661, #7750, #2527, #8629, #3401, #9515, #4262, #10389 ),
 .UNSPECIFIED., .F., .F.,
 ( 4, 2, 2, 2, 2, 2, 2, 2, 2, 4 ),
 ( -0.01566114074207838500, -0.01517172498572167500, -0.01492701710754332000, -0.01468230922936496600, -0.01419289347300825600, -0.01370347771665154600, -0.01321406196029483600, -0.01272464620393812600, -0.01223523044758141800, -0.01174581469122470800 ),
 .UNSPECIFIED. ) ;
#138 = CARTESIAN_POINT ( 'NONE',  ( -32.00000000000000000, 29.00000000000000400, 14.50000000000000000 ) ) ;
#139 = CARTESIAN_POINT ( 'NONE',  ( -28.00000000000000400, 18.61545993133000100, 12.00000000000000000 ) ) ;
#140 = CARTESIAN_POINT ( 'NONE',  ( -18.93689102422000300, 28.67255995760999500, 0.9328801327299999200 ) ) ;
#141 = DIRECTION ( 'NONE',  ( 0.0000000000000000000, 0.0000000000000000000, 1.000000000000000000 ) ) ;
#142 = CARTESIAN_POINT ( 'NONE',  ( -32.00000000000000000, 11.66190378969041500, 15.00000000000007300 ) ) ;
#143 = CYLINDRICAL_SURFACE ( 'NONE', #7354, 1.250000000000000000 ) ;
#144 =( LENGTH_UNIT ( ) NAMED_UNIT ( * ) SI_UNIT ( .MILLI., .METRE. ) );
#145 = ORIENTED_EDGE ( 'NONE', *, *, #1688, .F. ) ;
#146 = CARTESIAN_POINT ( 'NONE',  ( -19.46441349763000200, 27.98455010148000000, -0.1466810360758000200 ) ) ;
#147 = FACE_OUTER_BOUND ( 'NONE', #6857, .T. ) ;
#148 = SURFACE_STYLE_FILL_AREA ( #5007 ) ;
#149 = MECHANICAL_DESIGN_GEOMETRIC_PRESENTATION_REPRESENTATION (  '', ( #10279 ), #732 ) ;
#150 = CIRCLE ( 'NONE', #4559, 0.2999999999999981600 ) ;
#151 = DIRECTION ( 'NONE',  ( -0.0000000000000000000, -0.0000000000000000000, -1.000000000000000000 ) ) ;
#152 = ORIENTED_EDGE ( 'NONE', *, *, #4089, .T. ) ;
#153 = CARTESIAN_POINT ( 'NONE',  ( -32.37656996413786500, 29.00000000000000400, -14.33074197974336500 ) ) ;
#154 = DIRECTION ( 'NONE',  ( 0.0000000000000000000, 0.0000000000000000000, 1.000000000000000000 ) ) ;
#155 = DIRECTION ( 'NONE',  ( 0.0000000000000000000, 0.0000000000000000000, -1.000000000000000000 ) ) ;
#156 = CARTESIAN_POINT ( 'NONE',  ( -13.32776687814799000, 15.72609394624636500, -6.462007196789579100 ) ) ;
#157 = FILL_AREA_STYLE ('',( #9745 ) ) ;
#158 = SURFACE_SIDE_STYLE ('',( #10567 ) ) ;
#159 = CARTESIAN_POINT ( 'NONE',  ( -1.517883041479706200E-015, -16.30043030675197700, -1.996226979988831600E-015 ) ) ;
#160 = AXIS2_PLACEMENT_3D ( 'NONE', #2181, #8277, #3052 ) ;
#161 = VERTEX_POINT ( 'NONE', #10085 ) ;
#162 = ORIENTED_EDGE ( 'NONE', *, *, #8954, .F. ) ;
#163 = FILL_AREA_STYLE_COLOUR ( '', #8953 ) ;
#164 = EDGE_CURVE ( 'NONE', #7174, #5608, #2663, .T. ) ;
#165 = DIRECTION ( 'NONE',  ( -1.000000000000000000, -0.0000000000000000000, -0.0000000000000000000 ) ) ;
#166 = SURFACE_SIDE_STYLE ('',( #1591 ) ) ;
#167 = CARTESIAN_POINT ( 'NONE',  ( -18.17574830244404200, 27.96699697774778700, 1.736295529917355500 ) ) ;
#168 = CARTESIAN_POINT ( 'NONE',  ( -9.300000000000002500, 33.00000000000000000, 0.4999999999999998900 ) ) ;
#169 =( LENGTH_UNIT ( ) NAMED_UNIT ( * ) SI_UNIT ( .MILLI., .METRE. ) );
#170 = EDGE_LOOP ( 'NONE', ( #7286, #2547 ) ) ;
#171 = CYLINDRICAL_SURFACE ( 'NONE', #1007, 1.250000000000000000 ) ;
#172 = CARTESIAN_POINT ( 'NONE',  ( -0.6470537030290185500, -15.05000000000000100, -1.898176190126221600E-015 ) ) ;
#173 = CARTESIAN_POINT ( 'NONE',  ( -18.63049428758700200, 25.24612559330801200, 1.091738331891218800 ) ) ;
#174 = CARTESIAN_POINT ( 'NONE',  ( -18.82576797007999800, 28.62843764307999500, -1.269913417339999700 ) ) ;
#175 =( NAMED_UNIT ( * ) PLANE_ANGLE_UNIT ( ) SI_UNIT ( $, .RADIAN. ) );
#176 = CARTESIAN_POINT ( 'NONE',  ( -19.00100379316504700, 25.48591698607458200, -0.7665898007745708400 ) ) ;
#177 = CARTESIAN_POINT ( 'NONE',  ( -32.46446609406772400, 29.00000000000107600, 14.79289321881379300 ) ) ;
#178 = PRESENTATION_LAYER_ASSIGNMENT (  '', '', ( #753 ) ) ;
#179 = CARTESIAN_POINT ( 'NONE',  ( -17.06049876794000400, 27.17259113123999400, 1.132854635668999900 ) ) ;
#180 = AXIS2_PLACEMENT_3D ( 'NONE', #6010, #794, #6868 ) ;
#181 = CARTESIAN_POINT ( 'NONE',  ( -16.78295187776315300, 28.39239765616503100, 0.3283127589157607300 ) ) ;
#182 = ORIENTED_EDGE ( 'NONE', *, *, #11314, .T. ) ;
#183 = SURFACE_STYLE_FILL_AREA ( #4255 ) ;
#184 = CIRCLE ( 'NONE', #160, 1.249999999999040100 ) ;
#185 = SURFACE_STYLE_USAGE ( .BOTH. , #5399 ) ;
#186 =( NAMED_UNIT ( * ) PLANE_ANGLE_UNIT ( ) SI_UNIT ( $, .RADIAN. ) );
#187 = CARTESIAN_POINT ( 'NONE',  ( -17.81630373666773800, 24.90027497359016100, -1.239811677296208000 ) ) ;
#188 = FILL_AREA_STYLE ('',( #10635 ) ) ;
#189 =( NAMED_UNIT ( * ) SI_UNIT ( $, .STERADIAN. ) SOLID_ANGLE_UNIT ( ) );
#190 = CARTESIAN_POINT ( 'NONE',  ( -6.662592293491561800, 13.91563060015608100, -9.765000000000002300 ) ) ;
#191 = ORIENTED_EDGE ( 'NONE', *, *, #8165, .T. ) ;
#192 = EDGE_CURVE ( 'NONE', #2730, #1701, #2937, .T. ) ;
#193 = CARTESIAN_POINT ( 'NONE',  ( -0.05597972129318764400, 16.78820545322528800, 33.57641090645059700 ) ) ;
#194 = AXIS2_PLACEMENT_3D ( 'NONE', #4305, #6774, #1700 ) ;
#195 =( GEOMETRIC_REPRESENTATION_CONTEXT ( 3 ) GLOBAL_UNCERTAINTY_ASSIGNED_CONTEXT ( ( #7690 ) ) GLOBAL_UNIT_ASSIGNED_CONTEXT ( ( #7097, #1889, #7971 ) ) REPRESENTATION_CONTEXT ( 'NONE', 'WORKASPACE' ) );
#196 = STYLED_ITEM ( 'NONE', ( #4850 ), #8904 ) ;
#197 =( BOUNDED_CURVE ( )  B_SPLINE_CURVE ( 3, ( #8408, #7527, #10174, #4954 ),
 .UNSPECIFIED., .F., .F. ) 
 B_SPLINE_CURVE_WITH_KNOTS ( ( 4, 4 ),
 ( 1.733196150964137100, 3.005719313013686600 ),
 .UNSPECIFIED. ) 
 CURVE ( )  GEOMETRIC_REPRESENTATION_ITEM ( )  RATIONAL_B_SPLINE_CURVE ( ( 1.000000000000000000, 0.8695484763366178000, 0.8695484763366178000, 1.000000000000000000 ) ) 
 REPRESENTATION_ITEM ( '' )  );
#198 = CARTESIAN_POINT ( 'NONE',  ( -15.89999999999999700, 28.89999999999999900, 9.399999999999998600 ) ) ;
#199 = FILL_AREA_STYLE ('',( #9756 ) ) ;
#200 = CARTESIAN_POINT ( 'NONE',  ( -0.8529462969709826800, 15.05000000000000100, -30.09999999999999800 ) ) ;
#201 = ORIENTED_EDGE ( 'NONE', *, *, #2, .F. ) ;
#202 = CARTESIAN_POINT ( 'NONE',  ( -18.87356578579625900, 28.42825149585890500, 1.310181582379960500 ) ) ;
#203 = PRESENTATION_STYLE_ASSIGNMENT (( #7177 ) ) ;
#204 = SURFACE_STYLE_FILL_AREA ( #4454 ) ;
#205 = B_SPLINE_CURVE_WITH_KNOTS ( 'NONE', 3,
 ( #202, #1905, #9795, #4560 ),
 .UNSPECIFIED., .F., .F.,
 ( 4, 4 ),
 ( 0.0000000000000000000, 1.000000000000000000 ),
 .UNSPECIFIED. ) ;
#206 = CARTESIAN_POINT ( 'NONE',  ( -0.8529462969710035500, -17.20000000223977600, -2.106392494807740200E-015 ) ) ;
#207 = DIRECTION ( 'NONE',  ( 0.7071067811865434600, 0.0000000000000000000, -0.7071067811865516800 ) ) ;
#208 = EDGE_CURVE ( 'NONE', #3912, #9306, #370, .T. ) ;
#209 = ORIENTED_EDGE ( 'NONE', *, *, #2624, .F. ) ;
#210 = CARTESIAN_POINT ( 'NONE',  ( -32.79289321881199700, 28.99999999999792200, -14.00000000000092200 ) ) ;
#211 =( GEOMETRIC_REPRESENTATION_CONTEXT ( 3 ) GLOBAL_UNCERTAINTY_ASSIGNED_CONTEXT ( ( #9679 ) ) GLOBAL_UNIT_ASSIGNED_CONTEXT ( ( #169, #6244, #1048 ) ) REPRESENTATION_CONTEXT ( 'NONE', 'WORKASPACE' ) );
#212 = ORIENTED_EDGE ( 'NONE', *, *, #4260, .T. ) ;
#213 = CARTESIAN_POINT ( 'NONE',  ( -16.40867411360000400, 28.58431532855000200, -0.6176401158491000600 ) ) ;
#214 = SURFACE_SIDE_STYLE ('',( #3842 ) ) ;
#215 = FILL_AREA_STYLE ('',( #3661 ) ) ;
#216 = AXIS2_PLACEMENT_3D ( 'NONE', #3332, #9443, #4199 ) ;
#217 = CARTESIAN_POINT ( 'NONE',  ( -18.55423132313128000, 26.57446140150743500, -1.123406579216766900 ) ) ;
#218 = FACE_OUTER_BOUND ( 'NONE', #6148, .T. ) ;
#219 = CARTESIAN_POINT ( 'NONE',  ( -18.99816953339000100, 28.64397648170000800, 0.8088937550125001600 ) ) ;
#220 = FACE_OUTER_BOUND ( 'NONE', #1539, .T. ) ;
#221 = LINE ( 'NONE', #3011, #11281 ) ;
#222 = CARTESIAN_POINT ( 'NONE',  ( -9.400000000000005700, 36.07500000000000300, 1.010333609296567400E-016 ) ) ;
#223 = ORIENTED_EDGE ( 'NONE', *, *, #8244, .T. ) ;
#224 = LINE ( 'NONE', #8999, #4837 ) ;
#225 = CARTESIAN_POINT ( 'NONE',  ( -4.000000000000003600, 28.49999999999999600, -14.50000000000000000 ) ) ;
#226 = CARTESIAN_POINT ( 'NONE',  ( -9.400000000000005700, 32.75999999999999800, 0.0000000000000000000 ) ) ;
#227 = CIRCLE ( 'NONE', #194, 19.00000000000000000 ) ;
#228 = DIRECTION ( 'NONE',  ( -0.0000000000000000000, 1.000000000000000000, -0.0000000000000000000 ) ) ;
#229 = FACE_OUTER_BOUND ( 'NONE', #8619, .T. ) ;
#230 = CARTESIAN_POINT ( 'NONE',  ( -19.39385417521625100, 28.89971374240003900, -0.3990192755190180000 ) ) ;
#231 = DIRECTION ( 'NONE',  ( 0.0000000000000000000, 0.0000000000000000000, 1.000000000000000000 ) ) ;
#232 = AXIS2_PLACEMENT_3D ( 'NONE', #1557, #7649, #2421 ) ;
#233 =( NAMED_UNIT ( * ) PLANE_ANGLE_UNIT ( ) SI_UNIT ( $, .RADIAN. ) );
#234 = STYLED_ITEM ( 'NONE', ( #10178 ), #10454 ) ;
#235 = EDGE_CURVE ( 'NONE', #3257, #2215, #7023, .T. ) ;
#236 = ORIENTED_EDGE ( 'NONE', *, *, #381, .T. ) ;
#237 = CARTESIAN_POINT ( 'NONE',  ( -19.22235299715000400, 28.85730344765000400, 1.130955984551000400 ) ) ;
#238 = UNCERTAINTY_MEASURE_WITH_UNIT (LENGTH_MEASURE( 1.000000000000000100E-005 ), #10395, 'distance_accuracy_value', 'NONE');
#239 = ORIENTED_EDGE ( 'NONE', *, *, #9824, .T. ) ;
#240 = DIRECTION ( 'NONE',  ( 0.0000000000000000000, 0.0000000000000000000, 1.000000000000000000 ) ) ;
#241 = CARTESIAN_POINT ( 'NONE',  ( -17.67286486772659500, 26.80920694960657600, 1.217514370121638900 ) ) ;
#242 = ORIENTED_EDGE ( 'NONE', *, *, #581, .F. ) ;
#243 = CARTESIAN_POINT ( 'NONE',  ( -3.500000000000003100, 29.00000000000000400, -13.99999999999999800 ) ) ;
#244 = PRESENTATION_LAYER_ASSIGNMENT (  '', '', ( #814 ) ) ;
#245 = LINE ( 'NONE', #40, #2247 ) ;
#246 = DIRECTION ( 'NONE',  ( -0.0000000000000000000, 1.000000000000000000, -0.0000000000000000000 ) ) ;
#247 = DIRECTION ( 'NONE',  ( 1.000000000000000000, -0.0000000000000000000, -0.0000000000000000000 ) ) ;
#248 = EDGE_CURVE ( 'NONE', #6341, #10971, #5039, .T. ) ;
#249 = FACE_OUTER_BOUND ( 'NONE', #3270, .T. ) ;
#250 = SURFACE_STYLE_FILL_AREA ( #5671 ) ;
#251 =( LENGTH_UNIT ( ) NAMED_UNIT ( * ) SI_UNIT ( .MILLI., .METRE. ) );
#252 = ORIENTED_EDGE ( 'NONE', *, *, #918, .F. ) ;
#253 = CARTESIAN_POINT ( 'NONE',  ( -17.69090924952000800, 28.54019301402999500, 1.873203784676000100 ) ) ;
#254 = FILL_AREA_STYLE_COLOUR ( '', #6378 ) ;
#255 = CARTESIAN_POINT ( 'NONE',  ( -18.63052137613218300, 26.74664012702621800, 1.091728226083809700 ) ) ;
#256 = DIRECTION ( 'NONE',  ( 0.0000000000000000000, 0.0000000000000000000, 1.000000000000000000 ) ) ;
#257 = VERTEX_POINT ( 'NONE', #3172 ) ;
#258 = CARTESIAN_POINT ( 'NONE',  ( -16.72113028021000900, 27.83201751146000900, 0.1253947019406000100 ) ) ;
#259 =( NAMED_UNIT ( * ) SI_UNIT ( $, .STERADIAN. ) SOLID_ANGLE_UNIT ( ) );
#260 = CARTESIAN_POINT ( 'NONE',  ( -15.74942128436964600, 18.49176130997784600, 0.6407825572526811800 ) ) ;
#261 = EDGE_LOOP ( 'NONE', ( #5266, #1457, #8424, #7677 ) ) ;
#262 = DIRECTION ( 'NONE',  ( -1.000000000000000000, 0.0000000000000000000, 0.0000000000000000000 ) ) ;
#263 = CYLINDRICAL_SURFACE ( 'NONE', #8016, 0.8250000000000062800 ) ;
#264 = AXIS2_PLACEMENT_3D ( 'NONE', #3449, #4322, #9611 ) ;
#265 = SURFACE_STYLE_USAGE ( .BOTH. , #5469 ) ;
#266 = CARTESIAN_POINT ( 'NONE',  ( -33.00000000000000000, 12.84523257866579400, -13.99999999999938700 ) ) ;
#267 = CARTESIAN_POINT ( 'NONE',  ( -18.00000000000000400, 28.41093935102359700, 1.250000000000000000 ) ) ;
#268 = FACE_OUTER_BOUND ( 'NONE', #8828, .T. ) ;
#269 = AXIS2_PLACEMENT_3D ( 'NONE', #1964, #8056, #270 ) ;
#270 = DIRECTION ( 'NONE',  ( 0.0000000000000000000, 0.0000000000000000000, 1.000000000000000000 ) ) ;
#271 = DIRECTION ( 'NONE',  ( 0.0000000000000000000, 0.0000000000000000000, 1.000000000000000000 ) ) ;
#272 = VERTEX_POINT ( 'NONE', #2293 ) ;
#273 = VECTOR ( 'NONE', #6847, 1000.000000000000000 ) ;
#274 = COLOUR_RGB ( '',0.1098039215686274500, 0.1098039215686274500, 0.1098039215686274500 ) ;
#275 = CARTESIAN_POINT ( 'NONE',  ( -28.00000000000000400, 16.73320053068134100, -9.000000000000312600 ) ) ;
#276 = CARTESIAN_POINT ( 'NONE',  ( -17.57010609282125200, 28.49686509412259700, 1.517305487743365400 ) ) ;
#277 = EDGE_CURVE ( 'NONE', #104, #7903, #4431, .T. ) ;
#278 = DIRECTION ( 'NONE',  ( -0.7071067811865454600, 8.659560562354957500E-017, -0.7071067811865495700 ) ) ;
#279 = CARTESIAN_POINT ( 'NONE',  ( -17.23192131833926800, 26.98584324067136500, -0.9998618971407288200 ) ) ;
#280 = MECHANICAL_DESIGN_GEOMETRIC_PRESENTATION_REPRESENTATION (  '', ( #9237 ), #846 ) ;
#281 =( GEOMETRIC_REPRESENTATION_CONTEXT ( 3 ) GLOBAL_UNCERTAINTY_ASSIGNED_CONTEXT ( ( #3129 ) ) GLOBAL_UNIT_ASSIGNED_CONTEXT ( ( #9945, #470, #6535 ) ) REPRESENTATION_CONTEXT ( 'NONE', 'WORKASPACE' ) );
#282 = CARTESIAN_POINT ( 'NONE',  ( -5.999999999999998200, 15.71288563568131600, -9.764999999999998800 ) ) ;
#283 = AXIS2_PLACEMENT_3D ( 'NONE', #8724, #3418, #3494 ) ;
#284 = VERTEX_POINT ( 'NONE', #4053 ) ;
#285 = B_SPLINE_CURVE_WITH_KNOTS ( 'NONE', 3,
 ( #4015, #4913, #11032, #5785 ),
 .UNSPECIFIED., .F., .F.,
 ( 4, 4 ),
 ( 0.0000000000000000000, 1.000000000000000000 ),
 .UNSPECIFIED. ) ;
#286 = CARTESIAN_POINT ( 'NONE',  ( -19.21776953563417600, 26.18364864523532300, 0.3260727563224606900 ) ) ;
#287 = COLOUR_RGB ( '',0.1098039215686274500, 0.1098039215686274500, 0.1098039215686274500 ) ;
#288 = CARTESIAN_POINT ( 'NONE',  ( -3.000000000000002700, 0.0000000000000000000, 0.0000000000000000000 ) ) ;
#289 = SURFACE_SIDE_STYLE ('',( #3597 ) ) ;
#290 = FILL_AREA_STYLE ('',( #2851 ) ) ;
#291 = CARTESIAN_POINT ( 'NONE',  ( -32.90584507669495200, 12.35138171769444100, 14.43848502140497400 ) ) ;
#292 = CARTESIAN_POINT ( 'NONE',  ( -18.82236369496000300, 27.02005854120999800, -0.9873968447782001100 ) ) ;
#293 = SURFACE_STYLE_FILL_AREA ( #3406 ) ;
#294 = EDGE_LOOP ( 'NONE', ( #5762, #5511, #787, #2739 ) ) ;
#295 = LINE ( 'NONE', #10055, #4635 ) ;
#296 = PRESENTATION_LAYER_ASSIGNMENT (  '', '', ( #11037 ) ) ;
#297 = FACE_OUTER_BOUND ( 'NONE', #6251, .T. ) ;
#298 = EDGE_CURVE ( 'NONE', #9869, #6351, #6745, .T. ) ;
#299 =( LENGTH_UNIT ( ) NAMED_UNIT ( * ) SI_UNIT ( .MILLI., .METRE. ) );
#300 = FACE_OUTER_BOUND ( 'NONE', #6707, .T. ) ;
#301 = PLANE ( 'NONE',  #4150 ) ;
#302 =( NAMED_UNIT ( * ) PLANE_ANGLE_UNIT ( ) SI_UNIT ( $, .RADIAN. ) );
#303 = CARTESIAN_POINT ( 'NONE',  ( -19.27435326848200600, 28.90009795209105900, 0.9252631208235532200 ) ) ;
#304 =( NAMED_UNIT ( * ) PLANE_ANGLE_UNIT ( ) SI_UNIT ( $, .RADIAN. ) );
#305 = ORIENTED_EDGE ( 'NONE', *, *, #689, .T. ) ;
#306 = VECTOR ( 'NONE', #6845, 1000.000000000000000 ) ;
#307 = DIRECTION ( 'NONE',  ( 1.000000000000000000, -0.0000000000000000000, -0.0000000000000000000 ) ) ;
#308 = CARTESIAN_POINT ( 'NONE',  ( -19.65167375164000400, 28.89327404107000100, -0.03957655562889000200 ) ) ;
#309 = CARTESIAN_POINT ( 'NONE',  ( -18.15713887146000600, 26.18740679634999700, -1.651020237608999700 ) ) ;
#310 = STYLED_ITEM ( 'NONE', ( #2049 ), #7438 ) ;
#311 = EDGE_CURVE ( 'NONE', #9266, #6756, #11157, .T. ) ;
#312 = ORIENTED_EDGE ( 'NONE', *, *, #6926, .F. ) ;
#313 = LINE ( 'NONE', #3837, #6965 ) ;
#314 = CARTESIAN_POINT ( 'NONE',  ( -16.61269143703497200, 28.63915871256272900, -0.7494903140937159100 ) ) ;
#315 =( NAMED_UNIT ( * ) SI_UNIT ( $, .STERADIAN. ) SOLID_ANGLE_UNIT ( ) );
#316 = CARTESIAN_POINT ( 'NONE',  ( -8.726604210767998600, 40.89999999999999900, 2.676913711167999900 ) ) ;
#317 = VECTOR ( 'NONE', #1011, 1000.000000000000000 ) ;
#318 = CARTESIAN_POINT ( 'NONE',  ( -4.000000000000003600, 29.00000000000000000, -14.49999999999999800 ) ) ;
#319 = CARTESIAN_POINT ( 'NONE',  ( -19.30000000000000400, 28.89999999999999500, 8.300000000000000700 ) ) ;
#320 = CARTESIAN_POINT ( 'NONE',  ( -18.00000000000001100, 25.28753321832670400, 1.250000000000000200 ) ) ;
#321 = SURFACE_SIDE_STYLE ('',( #1362 ) ) ;
#322 = ORIENTED_EDGE ( 'NONE', *, *, #8862, .T. ) ;
#323 = CARTESIAN_POINT ( 'NONE',  ( -3.499999999999976900, 29.00000000000001400, -14.29289321881339900 ) ) ;
#324 = DIRECTION ( 'NONE',  ( 0.0000000000000000000, 1.000000000000000000, 0.0000000000000000000 ) ) ;
#325 = CARTESIAN_POINT ( 'NONE',  ( -18.00000000000000400, 28.41093935102359700, 0.0000000000000000000 ) ) ;
#326 = FILL_AREA_STYLE ('',( #750 ) ) ;
#327 = VECTOR ( 'NONE', #1824, 1000.000000000000000 ) ;
#328 = STYLED_ITEM ( 'NONE', ( #2357 ), #1077 ) ;
#329 = SURFACE_SIDE_STYLE ('',( #1910 ) ) ;
#330 = VERTEX_POINT ( 'NONE', #2330 ) ;
#331 = LINE ( 'NONE', #1116, #2627 ) ;
#332 = DIRECTION ( 'NONE',  ( 0.0000000000000000000, 0.0000000000000000000, 1.000000000000000000 ) ) ;
#333 = LINE ( 'NONE', #368, #2631 ) ;
#334 = CARTESIAN_POINT ( 'NONE',  ( -16.77345017364847400, 24.39749462287592500, 0.2402314324731722700 ) ) ;
#335 =( NAMED_UNIT ( * ) SI_UNIT ( $, .STERADIAN. ) SOLID_ANGLE_UNIT ( ) );
#336 = CARTESIAN_POINT ( 'NONE',  ( -16.82891850600434900, 26.75699350702649300, 0.4602781496602356100 ) ) ;
#337 = CARTESIAN_POINT ( 'NONE',  ( -19.25005744049223800, 23.04747497982495500, 0.1625762756537569000 ) ) ;
#338 = SURFACE_SIDE_STYLE ('',( #530 ) ) ;
#339 = ORIENTED_EDGE ( 'NONE', *, *, #10166, .F. ) ;
#340 = ORIENTED_EDGE ( 'NONE', *, *, #7703, .F. ) ;
#341 = UNCERTAINTY_MEASURE_WITH_UNIT (LENGTH_MEASURE( 1.000000000000000100E-005 ), #2146, 'distance_accuracy_value', 'NONE');
#342 = EDGE_CURVE ( 'NONE', #3706, #284, #5748, .T. ) ;
#343 = CARTESIAN_POINT ( 'NONE',  ( -18.00772264522000700, 28.86791428862999700, -1.466317226703000200 ) ) ;
#344 = STYLED_ITEM ( 'NONE', ( #345 ), #3089 ) ;
#345 = PRESENTATION_STYLE_ASSIGNMENT (( #2482 ) ) ;
#346 =( GEOMETRIC_REPRESENTATION_CONTEXT ( 3 ) GLOBAL_UNCERTAINTY_ASSIGNED_CONTEXT ( ( #4816 ) ) GLOBAL_UNIT_ASSIGNED_CONTEXT ( ( #606, #6659, #1467 ) ) REPRESENTATION_CONTEXT ( 'NONE', 'WORKASPACE' ) );
#347 = STYLED_ITEM ( 'NONE', ( #635 ), #9073 ) ;
#348 = VECTOR ( 'NONE', #3278, 1000.000000000000000 ) ;
#349 = PRESENTATION_STYLE_ASSIGNMENT (( #10135 ) ) ;
#350 = CARTESIAN_POINT ( 'NONE',  ( -18.73950841880709100, 28.76147195566573000, -1.444476764431839000 ) ) ;
#351 = FILL_AREA_STYLE ('',( #2916 ) ) ;
#352 = ORIENTED_EDGE ( 'NONE', *, *, #8935, .T. ) ;
#353 = CARTESIAN_POINT ( 'NONE',  ( -18.55428780502874300, 22.57417302674691900, -1.123377172288389400 ) ) ;
#354 = FILL_AREA_STYLE ('',( #9021 ) ) ;
#355 = EDGE_LOOP ( 'NONE', ( #8858, #2121 ) ) ;
#356 = DIRECTION ( 'NONE',  ( -0.0000000000000000000, -0.0000000000000000000, 1.000000000000000000 ) ) ;
#357 = DIRECTION ( 'NONE',  ( 0.0000000000000000000, -1.000000000000000000, 0.0000000000000000000 ) ) ;
#358 = LINE ( 'NONE', #139, #2368 ) ;
#359 = CARTESIAN_POINT ( 'NONE',  ( 0.0000000000000000000, -16.30043030675197700, -2.051309737398286100E-015 ) ) ;
#360 = ORIENTED_EDGE ( 'NONE', *, *, #6515, .T. ) ;
#361 = EDGE_CURVE ( 'NONE', #4972, #330, #1002, .T. ) ;
#362 = CARTESIAN_POINT ( 'NONE',  ( -0.3040217494789030400, 17.13304714212789300, -34.26609428425577900 ) ) ;
#363 =( GEOMETRIC_REPRESENTATION_CONTEXT ( 3 ) GLOBAL_UNCERTAINTY_ASSIGNED_CONTEXT ( ( #7241 ) ) GLOBAL_UNIT_ASSIGNED_CONTEXT ( ( #1894, #7979, #2765 ) ) REPRESENTATION_CONTEXT ( 'NONE', 'WORKASPACE' ) );
#364 = DIRECTION ( 'NONE',  ( -0.0000000000000000000, -0.0000000000000000000, -1.000000000000000000 ) ) ;
#365 =( NAMED_UNIT ( * ) PLANE_ANGLE_UNIT ( ) SI_UNIT ( $, .RADIAN. ) );
#366 = ORIENTED_EDGE ( 'NONE', *, *, #7288, .T. ) ;
#367 = STYLED_ITEM ( 'NONE', ( #4068 ), #9931 ) ;
#368 = CARTESIAN_POINT ( 'NONE',  ( -19.60000000000000100, 33.89999999999999100, -7.599999999999998800 ) ) ;
#369 = CIRCLE ( 'NONE', #4281, 9.500000000000000000 ) ;
#370 = LINE ( 'NONE', #9204, #4707 ) ;
#371 = EDGE_LOOP ( 'NONE', ( #9466, #2210, #8906, #8351 ) ) ;
#372 = CARTESIAN_POINT ( 'NONE',  ( -18.00000000000001400, 24.53754738864920900, -1.250000000000000000 ) ) ;
#373 =( NAMED_UNIT ( * ) PLANE_ANGLE_UNIT ( ) SI_UNIT ( $, .RADIAN. ) );
#374 = UNCERTAINTY_MEASURE_WITH_UNIT (LENGTH_MEASURE( 1.000000000000000100E-005 ), #2057, 'distance_accuracy_value', 'NONE');
#375 = FILL_AREA_STYLE_COLOUR ( '', #3330 ) ;
#376 = DIRECTION ( 'NONE',  ( 0.0000000000000000000, -1.000000000000000000, 1.734723475976818900E-015 ) ) ;
#377 = PRESENTATION_LAYER_ASSIGNMENT (  '', '', ( #9925 ) ) ;
#378 = PRESENTATION_LAYER_ASSIGNMENT (  '', '', ( #11129 ) ) ;
#379 = LINE ( 'NONE', #5713, #2670 ) ;
#380 = ORIENTED_EDGE ( 'NONE', *, *, #4889, .F. ) ;
#381 = EDGE_CURVE ( 'NONE', #8253, #3039, #8803, .T. ) ;
#382 = ORIENTED_EDGE ( 'NONE', *, *, #8571, .F. ) ;
#383 = CARTESIAN_POINT ( 'NONE',  ( -16.72048543821000200, 28.84255453618999400, -0.04439586399459000100 ) ) ;
#384 = ORIENTED_EDGE ( 'NONE', *, *, #8571, .T. ) ;
#385 = LINE ( 'NONE', #6051, #7042 ) ;
#386 = CARTESIAN_POINT ( 'NONE',  ( -18.00000000000001100, 25.78752219936823700, 1.249999999999999300 ) ) ;
#387 = CARTESIAN_POINT ( 'NONE',  ( -18.63042113734493600, 22.74544411971775300, 1.091779549987099900 ) ) ;
#388 = CARTESIAN_POINT ( 'NONE',  ( -18.00000000000000400, 35.72500000000000900, 8.599999999999999600 ) ) ;
#389 = ORIENTED_EDGE ( 'NONE', *, *, #1900, .F. ) ;
#390 = CARTESIAN_POINT ( 'NONE',  ( -19.73530019695818200, 24.85849133427793900, 0.1853331179618620500 ) ) ;
#391 = DIRECTION ( 'NONE',  ( -1.000000000000000000, 0.0000000000000000000, 0.0000000000000000000 ) ) ;
#392 =( GEOMETRIC_REPRESENTATION_CONTEXT ( 3 ) GLOBAL_UNCERTAINTY_ASSIGNED_CONTEXT ( ( #10659 ) ) GLOBAL_UNIT_ASSIGNED_CONTEXT ( ( #7310, #2074, #8177 ) ) REPRESENTATION_CONTEXT ( 'NONE', 'WORKASPACE' ) );
#393 = ORIENTED_EDGE ( 'NONE', *, *, #3885, .T. ) ;
#394 = CYLINDRICAL_SURFACE ( 'NONE', #4230, 1.250000000000000000 ) ;
#395 = EDGE_CURVE ( 'NONE', #4769, #6510, #10179, .T. ) ;
#396 = CARTESIAN_POINT ( 'NONE',  ( -18.16516344732594500, 24.54770144499358200, -1.250001175040666300 ) ) ;
#397 = DIRECTION ( 'NONE',  ( 0.0000000000000000000, 0.0000000000000000000, 1.000000000000000000 ) ) ;
#398 = CARTESIAN_POINT ( 'NONE',  ( -27.89573601964000500, 22.50000000000000000, -5.104263980358000600 ) ) ;
#399 = ORIENTED_EDGE ( 'NONE', *, *, #11248, .F. ) ;
#400 = CARTESIAN_POINT ( 'NONE',  ( -16.89173910702414400, 22.66280945090202400, -1.117058796479821800 ) ) ;
#401 = LINE ( 'NONE', #1829, #5041 ) ;
#402 = ADVANCED_FACE ( 'NONE', ( #6472 ), #1554, .T. ) ;
#403 =( NAMED_UNIT ( * ) PLANE_ANGLE_UNIT ( ) SI_UNIT ( $, .RADIAN. ) );
#404 = CARTESIAN_POINT ( 'NONE',  ( 0.0000000000000000000, 1.235171079313854300E-008, 1.136543937106432600E-011 ) ) ;
#405 = EDGE_CURVE ( 'NONE', #5827, #8927, #7714, .T. ) ;
#406 =( GEOMETRIC_REPRESENTATION_CONTEXT ( 3 ) GLOBAL_UNCERTAINTY_ASSIGNED_CONTEXT ( ( #9320 ) ) GLOBAL_UNIT_ASSIGNED_CONTEXT ( ( #7685, #2460, #8566 ) ) REPRESENTATION_CONTEXT ( 'NONE', 'WORKASPACE' ) );
#407 = ORIENTED_EDGE ( 'NONE', *, *, #581, .T. ) ;
#408 = LINE ( 'NONE', #6149, #7071 ) ;
#409 = CARTESIAN_POINT ( 'NONE',  ( -18.16512465875783300, 26.15160938592247700, 1.249999999999967600 ) ) ;
#410 = PRESENTATION_LAYER_ASSIGNMENT (  '', '', ( #10566 ) ) ;
#411 = CARTESIAN_POINT ( 'NONE',  ( -19.09214956319025100, 26.57835627494704800, 0.6295298809980602900 ) ) ;
#412 =( NAMED_UNIT ( * ) SI_UNIT ( $, .STERADIAN. ) SOLID_ANGLE_UNIT ( ) );
#413 = AXIS2_PLACEMENT_3D ( 'NONE', #976, #7056, #1844 ) ;
#414 = CARTESIAN_POINT ( 'NONE',  ( -2.700000000000008200, 0.0000000000000000000, 0.0000000000000000000 ) ) ;
#415 = COLOUR_RGB ( '',0.1098039215686274500, 0.1098039215686274500, 0.1098039215686274500 ) ;
#416 =( NAMED_UNIT ( * ) SI_UNIT ( $, .STERADIAN. ) SOLID_ANGLE_UNIT ( ) );
#417 = FACE_OUTER_BOUND ( 'NONE', #7256, .T. ) ;
#418 = ORIENTED_EDGE ( 'NONE', *, *, #2884, .F. ) ;
#419 = ORIENTED_EDGE ( 'NONE', *, *, #7476, .T. ) ;
#420 = FACE_OUTER_BOUND ( 'NONE', #8885, .T. ) ;
#421 = CARTESIAN_POINT ( 'NONE',  ( -33.00000000000000000, 12.84523257866512800, 14.00000000000000000 ) ) ;
#422 = PRESENTATION_STYLE_ASSIGNMENT (( #9841 ) ) ;
#423 = DIRECTION ( 'NONE',  ( 0.0000000000000000000, 0.0000000000000000000, 1.000000000000000000 ) ) ;
#424 = EDGE_CURVE ( 'NONE', #2917, #10900, #1368, .T. ) ;
#425 = DIRECTION ( 'NONE',  ( -0.0000000000000000000, 1.000000000000000000, -0.0000000000000000000 ) ) ;
#426 = CARTESIAN_POINT ( 'NONE',  ( 0.0000000000000000000, 15.76954587281173500, -9.863134540565008400 ) ) ;
#427 =( NAMED_UNIT ( * ) SI_UNIT ( $, .STERADIAN. ) SOLID_ANGLE_UNIT ( ) );
#428 = AXIS2_PLACEMENT_3D ( 'NONE', #4685, #5623, #6032 ) ;
#429 = CARTESIAN_POINT ( 'NONE',  ( -16.89479956587800300, 25.67045030451800300, -1.350607875740669900 ) ) ;
#430 = STYLED_ITEM ( 'NONE', ( #6409 ), #9530 ) ;
#431 =( NAMED_UNIT ( * ) PLANE_ANGLE_UNIT ( ) SI_UNIT ( $, .RADIAN. ) );
#432 = ORIENTED_EDGE ( 'NONE', *, *, #7881, .T. ) ;
#433 = CARTESIAN_POINT ( 'NONE',  ( -18.76188393816233800, 24.59002510636259600, -0.9943362524861031300 ) ) ;
#434 = CARTESIAN_POINT ( 'NONE',  ( -16.78272006362276900, 27.30755154107739800, -0.3278326678674222100 ) ) ;
#435 = CARTESIAN_POINT ( 'NONE',  ( -16.90726348931945500, 22.95449272591682200, -0.6286573272410543900 ) ) ;
#436 = PRESENTATION_STYLE_ASSIGNMENT (( #265 ) ) ;
#437 = CARTESIAN_POINT ( 'NONE',  ( -23.38000000000000300, 0.0000000000000000000, 0.0000000000000000000 ) ) ;
#438 = UNCERTAINTY_MEASURE_WITH_UNIT (LENGTH_MEASURE( 1.000000000000000100E-005 ), #7018, 'distance_accuracy_value', 'NONE');
#439 = CARTESIAN_POINT ( 'NONE',  ( -17.18185443066602900, 23.68619554292226000, -1.541508177416623700 ) ) ;
#440 = DIRECTION ( 'NONE',  ( -0.0000000000000000000, 1.000000000000000000, -0.0000000000000000000 ) ) ;
#441 = DIRECTION ( 'NONE',  ( 0.0000000000000000000, 1.000000000000000000, 0.0000000000000000000 ) ) ;
#442 = AXIS2_PLACEMENT_3D ( 'NONE', #880, #8762, #963 ) ;
#443 = ORIENTED_EDGE ( 'NONE', *, *, #2614, .T. ) ;
#444 = CARTESIAN_POINT ( 'NONE',  ( -8.264594520263667500, 15.87208032194656000, 9.504357408111120600 ) ) ;
#445 = MECHANICAL_DESIGN_GEOMETRIC_PRESENTATION_REPRESENTATION (  '', ( #10602 ), #1030 ) ;
#446 = EDGE_CURVE ( 'NONE', #3403, #10798, #3342, .T. ) ;
#447 = SURFACE_STYLE_FILL_AREA ( #4233 ) ;
#448 = CARTESIAN_POINT ( 'NONE',  ( -19.24989497215508600, 26.04829182300254700, 0.1637793514527762800 ) ) ;
#449 = CARTESIAN_POINT ( 'NONE',  ( -17.99999999999996100, 26.41250210119237400, -1.250000000000000000 ) ) ;
#450 =( NAMED_UNIT ( * ) SI_UNIT ( $, .STERADIAN. ) SOLID_ANGLE_UNIT ( ) );
#451 = DIRECTION ( 'NONE',  ( -1.000000000000000000, -0.0000000000000000000, 0.0000000000000000000 ) ) ;
#452 = CARTESIAN_POINT ( 'NONE',  ( -18.00000000000001100, 25.28753321832670400, 1.250000000000000200 ) ) ;
#453 = ORIENTED_EDGE ( 'NONE', *, *, #9785, .F. ) ;
#454 = PRESENTATION_LAYER_ASSIGNMENT (  '', '', ( #10616 ) ) ;
#455 = ADVANCED_FACE ( 'NONE', ( #5405 ), #6591, .F. ) ;
#456 =( NAMED_UNIT ( * ) SI_UNIT ( $, .STERADIAN. ) SOLID_ANGLE_UNIT ( ) );
#457 = EDGE_CURVE ( 'NONE', #10798, #5078, #4564, .T. ) ;
#458 = CARTESIAN_POINT ( 'NONE',  ( 0.0000000000000000000, 25.00000000000000000, -9.765000000000000600 ) ) ;
#459 = FILL_AREA_STYLE ('',( #10008 ) ) ;
#460 =( NAMED_UNIT ( * ) PLANE_ANGLE_UNIT ( ) SI_UNIT ( $, .RADIAN. ) );
#461 = CARTESIAN_POINT ( 'NONE',  ( -18.00000000000000400, 28.89999999999952600, 0.0000000000000000000 ) ) ;
#462 = DIRECTION ( 'NONE',  ( -1.000000000000000000, -0.0000000000000000000, -0.0000000000000000000 ) ) ;
#463 = ORIENTED_EDGE ( 'NONE', *, *, #5313, .T. ) ;
#464 = VECTOR ( 'NONE', #4805, 1000.000000000000000 ) ;
#465 =( NAMED_UNIT ( * ) SI_UNIT ( $, .STERADIAN. ) SOLID_ANGLE_UNIT ( ) );
#466 = CARTESIAN_POINT ( 'NONE',  ( -18.09949059381693500, 26.46960710742391100, 1.656650061852777700 ) ) ;
#467 = SURFACE_STYLE_FILL_AREA ( #9783 ) ;
#468 =( LENGTH_UNIT ( ) NAMED_UNIT ( * ) SI_UNIT ( .MILLI., .METRE. ) );
#469 = CARTESIAN_POINT ( 'NONE',  ( -18.16518139677027200, 24.77738969406933500, 1.249998714161659500 ) ) ;
#470 =( NAMED_UNIT ( * ) PLANE_ANGLE_UNIT ( ) SI_UNIT ( $, .RADIAN. ) );
#471 = SURFACE_SIDE_STYLE ('',( #4316 ) ) ;
#472 =( NAMED_UNIT ( * ) SI_UNIT ( $, .STERADIAN. ) SOLID_ANGLE_UNIT ( ) );
#473 = ORIENTED_EDGE ( 'NONE', *, *, #2179, .F. ) ;
#474 = SURFACE_SIDE_STYLE ('',( #250 ) ) ;
#475 =( LENGTH_UNIT ( ) NAMED_UNIT ( * ) SI_UNIT ( .MILLI., .METRE. ) );
#476 = AXIS2_PLACEMENT_3D ( 'NONE', #9216, #3990, #10100 ) ;
#477 = SURFACE_SIDE_STYLE ('',( #7766 ) ) ;
#478 = EDGE_LOOP ( 'NONE', ( #8826, #8557 ) ) ;
#479 = ORIENTED_EDGE ( 'NONE', *, *, #4492, .F. ) ;
#480 = UNCERTAINTY_MEASURE_WITH_UNIT (LENGTH_MEASURE( 1.000000000000000100E-005 ), #251, 'distance_accuracy_value', 'NONE');
#481 = CARTESIAN_POINT ( 'NONE',  ( -19.09273867587053500, 24.20454286768092100, 0.6286531955359615500 ) ) ;
#482 = SURFACE_SIDE_STYLE ('',( #9570 ) ) ;
#483 = DIRECTION ( 'NONE',  ( 0.0000000000000000000, -1.000000000000000000, 0.0000000000000000000 ) ) ;
#484 = CARTESIAN_POINT ( 'NONE',  ( -50.00000000000000000, 0.0000000000000000000, 0.0000000000000000000 ) ) ;
#485 = FACE_BOUND ( 'NONE', #10452, .T. ) ;
#486 = CARTESIAN_POINT ( 'NONE',  ( -3.095229218364722500, 12.34846731761646400, 14.44099564766388300 ) ) ;
#487 = CARTESIAN_POINT ( 'NONE',  ( -16.74989368418260600, 25.42251134193108100, -0.1622040772704448100 ) ) ;
#488 = ADVANCED_FACE ( 'NONE', ( #4280 ), #7862, .T. ) ;
#489 = EDGE_CURVE ( 'NONE', #4196, #2258, #1175, .T. ) ;
#490 = ORIENTED_EDGE ( 'NONE', *, *, #9621, .T. ) ;
#491 = CARTESIAN_POINT ( 'NONE',  ( -16.90855148600896700, 26.32845114251851700, -0.6311543500362994900 ) ) ;
#492 = MECHANICAL_DESIGN_GEOMETRIC_PRESENTATION_REPRESENTATION (  '', ( #10650 ), #1080 ) ;
#493 =( GEOMETRIC_REPRESENTATION_CONTEXT ( 3 ) GLOBAL_UNCERTAINTY_ASSIGNED_CONTEXT ( ( #1958 ) ) GLOBAL_UNIT_ASSIGNED_CONTEXT ( ( #5392, #175, #6248 ) ) REPRESENTATION_CONTEXT ( 'NONE', 'WORKASPACE' ) );
#494 = DIRECTION ( 'NONE',  ( -0.0000000000000000000, -0.0000000000000000000, -1.000000000000000000 ) ) ;
#495 = SURFACE_STYLE_FILL_AREA ( #1438 ) ;
#496 = CARTESIAN_POINT ( 'NONE',  ( -17.67275832515721500, 28.18250767416259700, 1.217481018244786800 ) ) ;
#497 = CARTESIAN_POINT ( 'NONE',  ( -18.95870298850492100, 28.48073220942564600, -0.8453411203808042200 ) ) ;
#498 = CARTESIAN_POINT ( 'NONE',  ( -28.00000000000000700, 22.50000000000000400, -9.000000000000001800 ) ) ;
#499 = DIRECTION ( 'NONE',  ( 0.0000000000000000000, 0.0000000000000000000, -1.000000000000000000 ) ) ;
#500 = CARTESIAN_POINT ( 'NONE',  ( -16.67682942447006100, 24.54781072815368100, 1.001802093102849700 ) ) ;
#502 = ORIENTED_EDGE ( 'NONE', *, *, #5052, .T. ) ;
#501 = CARTESIAN_POINT ( 'NONE',  ( -0.8529462969710035500, 17.20000000223977600, 0.0000000000000000000 ) ) ;
#503 = DIRECTION ( 'NONE',  ( 1.000000000000000000, 0.0000000000000000000, 0.0000000000000000000 ) ) ;
#504 = CIRCLE ( 'NONE', #772, 16.75000000000000000 ) ;
#505 = B_SPLINE_CURVE_WITH_KNOTS ( 'NONE', 1,
 ( #1105, #3596 ),
 .UNSPECIFIED., .F., .F.,
 ( 2, 2 ),
 ( 0.0000000000000000000, 1.000000000000000000 ),
 .UNSPECIFIED. ) ;
#506 = DIRECTION ( 'NONE',  ( 0.0000000000000000000, 0.0000000000000000000, 1.000000000000000000 ) ) ;
#507 = FACE_OUTER_BOUND ( 'NONE', #9122, .T. ) ;
#508 = AXIS2_PLACEMENT_3D ( 'NONE', #9879, #4654, #10794 ) ;
#509 = ORIENTED_EDGE ( 'NONE', *, *, #9018, .T. ) ;
#510 = CARTESIAN_POINT ( 'NONE',  ( -17.26568810238469700, 26.33676081488067000, 1.021812941203028800 ) ) ;
#511 = DIRECTION ( 'NONE',  ( 0.0000000000000000000, 0.0000000000000000000, 1.000000000000000000 ) ) ;
#512 = DIRECTION ( 'NONE',  ( 1.000000000000000000, -0.0000000000000000000, -0.0000000000000000000 ) ) ;
#513 = AXIS2_PLACEMENT_3D ( 'NONE', #4609, #7202, #10746 ) ;
#514 = DIRECTION ( 'NONE',  ( 0.0000000000000000000, 0.0000000000000000000, -1.000000000000000000 ) ) ;
#515 = CARTESIAN_POINT ( 'NONE',  ( -19.28680859863000700, 25.25053106145999800, -1.046269138011999900 ) ) ;
#516 = ORIENTED_EDGE ( 'NONE', *, *, #11283, .T. ) ;
#517 = FILL_AREA_STYLE ('',( #10964 ) ) ;
#518 = SURFACE_STYLE_FILL_AREA ( #3551 ) ;
#519 = UNCERTAINTY_MEASURE_WITH_UNIT (LENGTH_MEASURE( 1.000000000000000100E-005 ), #3181, 'distance_accuracy_value', 'NONE');
#520 = DIRECTION ( 'NONE',  ( -0.0000000000000000000, 1.000000000000000000, -0.0000000000000000000 ) ) ;
#521 = VECTOR ( 'NONE', #5304, 1000.000000000000000 ) ;
#522 = LINE ( 'NONE', #1984, #2545 ) ;
#523 = DIRECTION ( 'NONE',  ( 0.0000000000000000000, 1.000000000000000000, 0.0000000000000000000 ) ) ;
#524 = VERTEX_POINT ( 'NONE', #4429 ) ;
#525 = CARTESIAN_POINT ( 'NONE',  ( -17.18801045991000400, 27.78968453240999600, 0.9959441720765003200 ) ) ;
#526 = EDGE_LOOP ( 'NONE', ( #1797, #8772, #2536, #3950 ) ) ;
#527 = DIRECTION ( 'NONE',  ( 0.0000000000000000000, 1.000000000000000000, 0.0000000000000000000 ) ) ;
#528 = CARTESIAN_POINT ( 'NONE',  ( -17.00078070487264600, 27.36080824031602200, 0.7685400153258991100 ) ) ;
#529 = AXIS2_PLACEMENT_3D ( 'NONE', #7644, #5895, #6792 ) ;
#530 = SURFACE_STYLE_FILL_AREA ( #5542 ) ;
#531 = CARTESIAN_POINT ( 'NONE',  ( -20.10000000000000500, 38.89999999999999100, 9.099999999999999600 ) ) ;
#532 = EDGE_CURVE ( 'NONE', #7924, #4156, #7834, .T. ) ;
#533 = CARTESIAN_POINT ( 'NONE',  ( -18.00000000000022700, 26.16249605661744600, 1.249999999999999800 ) ) ;
#534 = SURFACE_STYLE_FILL_AREA ( #6398 ) ;
#535 = ORIENTED_EDGE ( 'NONE', *, *, #10603, .T. ) ;
#536 = CARTESIAN_POINT ( 'NONE',  ( -17.88071879754000200, 26.24263844710000300, 1.279227704136000100 ) ) ;
#537 = CARTESIAN_POINT ( 'NONE',  ( -18.82645324019035400, 24.60472498095484500, 0.9413513645581457200 ) ) ;
#538 = CARTESIAN_POINT ( 'NONE',  ( -17.23196318405865300, 28.36009856305893700, -0.9999026407177618000 ) ) ;
#539 = SURFACE_STYLE_USAGE ( .BOTH. , #5743 ) ;
#540 = DIRECTION ( 'NONE',  ( 1.000000000000000000, -0.0000000000000000000, -0.0000000000000000000 ) ) ;
#541 = DIRECTION ( 'NONE',  ( -0.0000000000000000000, -0.0000000000000000000, 1.000000000000000000 ) ) ;
#542 = CARTESIAN_POINT ( 'NONE',  ( -1.195978250521102100, 17.13304714212788600, -34.26609428425575700 ) ) ;
#543 = PRESENTATION_STYLE_ASSIGNMENT (( #9274 ) ) ;
#544 = MECHANICAL_DESIGN_GEOMETRIC_PRESENTATION_REPRESENTATION (  '', ( #9519 ), #1123 ) ;
#545 = ORIENTED_EDGE ( 'NONE', *, *, #6550, .F. ) ;
#546 =( LENGTH_UNIT ( ) NAMED_UNIT ( * ) SI_UNIT ( .MILLI., .METRE. ) );
#547 = LINE ( 'NONE', #771, #8287 ) ;
#548 = ADVANCED_FACE ( 'NONE', ( #3194 ), #90, .F. ) ;
#549 = PRESENTATION_STYLE_ASSIGNMENT (( #3607 ) ) ;
#550 = CARTESIAN_POINT ( 'NONE',  ( -19.00103914418508600, 24.21532677291521600, 0.7665542264359642700 ) ) ;
#551 = UNCERTAINTY_MEASURE_WITH_UNIT (LENGTH_MEASURE( 1.000000000000000100E-005 ), #599, 'distance_accuracy_value', 'NONE');
#552 = CARTESIAN_POINT ( 'NONE',  ( -17.99999999999999600, 26.53753474946466900, -1.249999999999999300 ) ) ;
#553 = APPLICATION_PROTOCOL_DEFINITION ( 'draft international standard', 'automotive_design', 1998, #5754 ) ;
#554 = CARTESIAN_POINT ( 'NONE',  ( -1.500000000000001300, 0.0000000000000000000, 17.20000000223977600 ) ) ;
#555 = CARTESIAN_POINT ( 'NONE',  ( 0.0000000000000000000, 0.0000000000000000000, 0.0000000000000000000 ) ) ;
#556 = DIRECTION ( 'NONE',  ( 0.0000000000000000000, 1.000000000000000000, -0.0000000000000000000 ) ) ;
#557 = CARTESIAN_POINT ( 'NONE',  ( -18.52460296063107500, 22.74931980802786000, -1.664574146913441600 ) ) ;
#558 = PLANE ( 'NONE',  #2448 ) ;
#559 = ORIENTED_EDGE ( 'NONE', *, *, #9557, .T. ) ;
#560 = DIRECTION ( 'NONE',  ( 1.000000000000000000, -0.0000000000000000000, -0.0000000000000000000 ) ) ;
#561 = LINE ( 'NONE', #4687, #2578 ) ;
#562 = EDGE_CURVE ( 'NONE', #8374, #4156, #2370, .T. ) ;
#563 = MECHANICAL_DESIGN_GEOMETRIC_PRESENTATION_REPRESENTATION (  '', ( #9542 ), #1140 ) ;
#564 = CARTESIAN_POINT ( 'NONE',  ( -17.87861887225000100, 26.97772556217000400, -1.279256898876999900 ) ) ;
#565 = PRESENTATION_LAYER_ASSIGNMENT (  '', '', ( #10724 ) ) ;
#566 = CARTESIAN_POINT ( 'NONE',  ( -19.11874736186941300, 28.12307915750440700, -0.6176915370248790000 ) ) ;
#567 = DIRECTION ( 'NONE',  ( 2.891205793294679300E-016, 0.0000000000000000000, 1.000000000000000000 ) ) ;
#568 = PRESENTATION_LAYER_ASSIGNMENT (  '', '', ( #10727 ) ) ;
#569 = FACE_OUTER_BOUND ( 'NONE', #11273, .T. ) ;
#570 = CARTESIAN_POINT ( 'NONE',  ( -46.50000000000000000, 0.0000000000000000000, 16.75000000000000000 ) ) ;
#571 = CARTESIAN_POINT ( 'NONE',  ( -18.00000000000030200, 27.91252206888280800, -1.250000000000000200 ) ) ;
#572 = VERTEX_POINT ( 'NONE', #7974 ) ;
#573 = CARTESIAN_POINT ( 'NONE',  ( -9.400000000000005700, 32.75999999999999800, -0.5000000000000000000 ) ) ;
#574 = VECTOR ( 'NONE', #9075, 1000.000000000000000 ) ;
#575 = DIRECTION ( 'NONE',  ( 0.0000000000000000000, 0.0000000000000000000, 1.000000000000000000 ) ) ;
#576 = ADVANCED_FACE ( 'NONE', ( #6733 ), #3636, .T. ) ;
#577 = CARTESIAN_POINT ( 'NONE',  ( -16.39999999999999900, 28.89999999999999500, -8.300000000000000700 ) ) ;
#578 = VERTEX_POINT ( 'NONE', #1065 ) ;
#579 = LINE ( 'NONE', #3263, #7507 ) ;
#580 = DIRECTION ( 'NONE',  ( -1.000000000000000000, 0.0000000000000000000, 0.0000000000000000000 ) ) ;
#581 = EDGE_CURVE ( 'NONE', #7184, #4442, #3936, .T. ) ;
#582 = DIRECTION ( 'NONE',  ( -1.000000000000000000, 0.0000000000000000000, 0.0000000000000000000 ) ) ;
#583 =( LENGTH_UNIT ( ) NAMED_UNIT ( * ) SI_UNIT ( .MILLI., .METRE. ) );
#584 = CARTESIAN_POINT ( 'NONE',  ( -17.43621280470207000, 26.44444635879578000, 1.353626390892449100 ) ) ;
#585 =( LENGTH_UNIT ( ) NAMED_UNIT ( * ) SI_UNIT ( .MILLI., .METRE. ) );
#586 = MECHANICAL_DESIGN_GEOMETRIC_PRESENTATION_REPRESENTATION (  '', ( #10742 ), #1157 ) ;
#587 = PRESENTATION_LAYER_ASSIGNMENT (  '', '', ( #1163 ) ) ;
#588 =( NAMED_UNIT ( * ) SI_UNIT ( $, .STERADIAN. ) SOLID_ANGLE_UNIT ( ) );
#589 = UNCERTAINTY_MEASURE_WITH_UNIT (LENGTH_MEASURE( 1.000000000000000100E-005 ), #7166, 'distance_accuracy_value', 'NONE');
#590 = CARTESIAN_POINT ( 'NONE',  ( -16.37283912672000200, 24.00881384670000100, 0.8701602473744001200 ) ) ;
#591 = PRESENTATION_STYLE_ASSIGNMENT (( #8029 ) ) ;
#592 = DIRECTION ( 'NONE',  ( -0.0000000000000000000, 1.000000000000000000, -0.0000000000000000000 ) ) ;
#593 = VERTEX_POINT ( 'NONE', #1102 ) ;
#594 = SURFACE_STYLE_USAGE ( .BOTH. , #5793 ) ;
#595 = PRESENTATION_STYLE_ASSIGNMENT (( #10622 ) ) ;
#596 = SURFACE_STYLE_USAGE ( .BOTH. , #5795 ) ;
#597 = CARTESIAN_POINT ( 'NONE',  ( -19.83707796844000300, 26.40962450029000100, 0.1728868521394000300 ) ) ;
#598 = DIRECTION ( 'NONE',  ( 1.000000000000000000, -0.0000000000000000000, 0.0000000000000000000 ) ) ;
#599 =( LENGTH_UNIT ( ) NAMED_UNIT ( * ) SI_UNIT ( .MILLI., .METRE. ) );
#600 = AXIS2_PLACEMENT_3D ( 'NONE', #7864, #2649, #8749 ) ;
#601 =( GEOMETRIC_REPRESENTATION_CONTEXT ( 3 ) GLOBAL_UNCERTAINTY_ASSIGNED_CONTEXT ( ( #7340 ) ) GLOBAL_UNIT_ASSIGNED_CONTEXT ( ( #7408, #2182, #8278 ) ) REPRESENTATION_CONTEXT ( 'NONE', 'WORKASPACE' ) );
#602 = EDGE_CURVE ( 'NONE', #10543, #5867, #10588, .T. ) ;
#603 = ORIENTED_EDGE ( 'NONE', *, *, #9785, .T. ) ;
#604 = VECTOR ( 'NONE', #9500, 1000.000000000000000 ) ;
#605 = CARTESIAN_POINT ( 'NONE',  ( -18.10229787738999700, 26.22822497424999700, 1.155184071159000000 ) ) ;
#606 =( LENGTH_UNIT ( ) NAMED_UNIT ( * ) SI_UNIT ( .MILLI., .METRE. ) );
#607 = CARTESIAN_POINT ( 'NONE',  ( -16.86948833295000200, 24.32084206782999700, 0.6104055168055998500 ) ) ;
#608 = CIRCLE ( 'NONE', #2687, 19.00000000000000000 ) ;
#609 = CARTESIAN_POINT ( 'NONE',  ( -19.08539258019158800, 28.07889849713574300, 0.6253587002373520700 ) ) ;
#610 = CARTESIAN_POINT ( 'NONE',  ( -16.75001036008022100, 23.77630646826035500, 0.1628931659840870700 ) ) ;
#611 = CARTESIAN_POINT ( 'NONE',  ( -32.50000000000000000, 28.99999999999999600, -13.99999999999999800 ) ) ;
#612 = ORIENTED_EDGE ( 'NONE', *, *, #1031, .T. ) ;
#613 = VECTOR ( 'NONE', #256, 1000.000000000000000 ) ;
#614 = FACE_BOUND ( 'NONE', #8360, .T. ) ;
#615 = STYLED_ITEM ( 'NONE', ( #549 ), #8141 ) ;
#616 = CARTESIAN_POINT ( 'NONE',  ( -17.87022089445000700, 25.24330432988000400, 1.278432233348999900 ) ) ;
#617 = EDGE_CURVE ( 'NONE', #682, #9429, #8235, .T. ) ;
#618 =( LENGTH_UNIT ( ) NAMED_UNIT ( * ) SI_UNIT ( .MILLI., .METRE. ) );
#619 = PLANE ( 'NONE',  #8752 ) ;
#620 = VERTEX_POINT ( 'NONE', #4584 ) ;
#621 = DIRECTION ( 'NONE',  ( -1.000000000000000000, 0.0000000000000000000, 0.0000000000000000000 ) ) ;
#622 = DIRECTION ( 'NONE',  ( -0.1960574109151697100, 0.8492179453588119000, -0.4902962093528749900 ) ) ;
#623 =( NAMED_UNIT ( * ) PLANE_ANGLE_UNIT ( ) SI_UNIT ( $, .RADIAN. ) );
#624 = ORIENTED_EDGE ( 'NONE', *, *, #7867, .F. ) ;
#625 =( NAMED_UNIT ( * ) SI_UNIT ( $, .STERADIAN. ) SOLID_ANGLE_UNIT ( ) );
#626 =( LENGTH_UNIT ( ) NAMED_UNIT ( * ) SI_UNIT ( .MILLI., .METRE. ) );
#627 = CIRCLE ( 'NONE', #10497, 1.000000000000000000 ) ;
#628 = CARTESIAN_POINT ( 'NONE',  ( -18.54727358829000400, 23.19685487645999400, -1.762192675873000200 ) ) ;
#629 = SURFACE_STYLE_FILL_AREA ( #78 ) ;
#630 = VECTOR ( 'NONE', #2406, 1000.000000000000000 ) ;
#631 = VECTOR ( 'NONE', #1375, 1000.000000000000000 ) ;
#632 = ORIENTED_EDGE ( 'NONE', *, *, #8722, .T. ) ;
#633 = CARTESIAN_POINT ( 'NONE',  ( -0.05597972129318612400, -15.46179454901448100, 30.92358909802894500 ) ) ;
#634 = ORIENTED_EDGE ( 'NONE', *, *, #7620, .F. ) ;
#635 = PRESENTATION_STYLE_ASSIGNMENT (( #2122 ) ) ;
#636 = CARTESIAN_POINT ( 'NONE',  ( -16.16326662187000100, 26.05552699061999500, -0.1767550213430000300 ) ) ;
#637 =( LENGTH_UNIT ( ) NAMED_UNIT ( * ) SI_UNIT ( .MILLI., .METRE. ) );
#638 = CARTESIAN_POINT ( 'NONE',  ( -16.57073984617000300, 25.59766553004999800, 1.167067610709000100 ) ) ;
#639 = MECHANICAL_DESIGN_GEOMETRIC_PRESENTATION_REPRESENTATION (  '', ( #10188 ), #1208 ) ;
#640 = CARTESIAN_POINT ( 'NONE',  ( -1.195978250521093000, 15.11695286011186900, 30.23390572022374900 ) ) ;
#641 = STYLED_ITEM ( 'NONE', ( #4170 ), #8645 ) ;
#642 = PRESENTATION_STYLE_ASSIGNMENT (( #1516 ) ) ;
#643 = ORIENTED_EDGE ( 'NONE', *, *, #4003, .T. ) ;
#644 = ORIENTED_EDGE ( 'NONE', *, *, #3093, .T. ) ;
#645 = VERTEX_POINT ( 'NONE', #5471 ) ;
#646 = CARTESIAN_POINT ( 'NONE',  ( -18.93237322023000500, 27.63715194237999700, -1.138728408122000200 ) ) ;
#647 = DIRECTION ( 'NONE',  ( -1.000000000000000000, -0.0000000000000000000, -0.0000000000000000000 ) ) ;
#648 = CARTESIAN_POINT ( 'NONE',  ( -18.37598137637000300, 23.50888309757998900, -1.228767510998999900 ) ) ;
#649 = DIRECTION ( 'NONE',  ( 0.0000000000000000000, 0.0000000000000000000, 1.000000000000000000 ) ) ;
#650 = SURFACE_STYLE_USAGE ( .BOTH. , #5851 ) ;
#651 = VECTOR ( 'NONE', #6088, 1000.000000000000000 ) ;
#652 = VECTOR ( 'NONE', #7412, 1000.000000000000000 ) ;
#653 = EDGE_CURVE ( 'NONE', #578, #3693, #10296, .T. ) ;
#654 = CARTESIAN_POINT ( 'NONE',  ( -16.99923806548879000, 27.83984378377774500, -0.7669397671469133600 ) ) ;
#655 = ORIENTED_EDGE ( 'NONE', *, *, #5821, .T. ) ;
#656 =( GEOMETRIC_REPRESENTATION_CONTEXT ( 3 ) GLOBAL_UNCERTAINTY_ASSIGNED_CONTEXT ( ( #2830 ) ) GLOBAL_UNIT_ASSIGNED_CONTEXT ( ( #6451, #4302, #6934 ) ) REPRESENTATION_CONTEXT ( 'NONE', 'WORKASPACE' ) );
#657 = ORIENTED_EDGE ( 'NONE', *, *, #7151, .F. ) ;
#658 = FILL_AREA_STYLE ('',( #11067 ) ) ;
#659 = CARTESIAN_POINT ( 'NONE',  ( -17.67249050923206300, 26.68312280912360600, 1.217689059817128600 ) ) ;
#660 = COLOUR_RGB ( '',0.9803921568627450600, 0.6274509803921568500, 0.0000000000000000000 ) ;
#661 = CARTESIAN_POINT ( 'NONE',  ( -18.99924567488418600, 23.61071582072558400, -0.7685132482670903300 ) ) ;
#662 = SURFACE_SIDE_STYLE ('',( #8560 ) ) ;
#663 = ORIENTED_EDGE ( 'NONE', *, *, #9156, .T. ) ;
#664 = VERTEX_POINT ( 'NONE', #7217 ) ;
#665 = CARTESIAN_POINT ( 'NONE',  ( -3.667165304837567000, 11.72106908597132200, -14.95420746097959400 ) ) ;
#666 =( LENGTH_UNIT ( ) NAMED_UNIT ( * ) SI_UNIT ( .MILLI., .METRE. ) );
#667 =( NAMED_UNIT ( * ) PLANE_ANGLE_UNIT ( ) SI_UNIT ( $, .RADIAN. ) );
#668 = VERTEX_POINT ( 'NONE', #6338 ) ;
#669 = CARTESIAN_POINT ( 'NONE',  ( -16.45373740790000000, 24.64742076615000200, -0.05216730683207000700 ) ) ;
#670 = CARTESIAN_POINT ( 'NONE',  ( -9.190991420085918400, 16.02346631680124400, -9.250838431364226000 ) ) ;
#671 = PRESENTATION_LAYER_ASSIGNMENT (  '', '', ( #10215 ) ) ;
#672 = CARTESIAN_POINT ( 'NONE',  ( -3.000000000000002700, 0.0000000000000000000, 0.0000000000000000000 ) ) ;
#673 = AXIS2_PLACEMENT_3D ( 'NONE', #8955, #3733, #9833 ) ;
#674 = CARTESIAN_POINT ( 'NONE',  ( -19.09233611551578500, 27.62173532408246500, -0.6291370849204606100 ) ) ;
#675 = EDGE_CURVE ( 'NONE', #5608, #7174, #4703, .T. ) ;
#676 = VERTEX_POINT ( 'NONE', #1997 ) ;
#677 = CARTESIAN_POINT ( 'NONE',  ( -19.43169845116000300, 25.24356802038000000, -1.164075143729000200 ) ) ;
#678 = DIRECTION ( 'NONE',  ( -1.000000000000000000, 0.0000000000000000000, 0.0000000000000000000 ) ) ;
#679 = PRESENTATION_STYLE_ASSIGNMENT (( #6799 ) ) ;
#680 = CARTESIAN_POINT ( 'NONE',  ( -18.19789611028999600, 24.78570655981000200, -1.834552385546000200 ) ) ;
#681 = CARTESIAN_POINT ( 'NONE',  ( -17.99999999999998900, 23.41190929099948500, -1.249999999999999300 ) ) ;
#682 = VERTEX_POINT ( 'NONE', #7179 ) ;
#683 = CARTESIAN_POINT ( 'NONE',  ( -18.13595507445000300, 26.82519297214000200, 1.465448200385999900 ) ) ;
#684 = CARTESIAN_POINT ( 'NONE',  ( -18.59528171290000000, 22.69692412733999700, 1.138803871683000200 ) ) ;
#685 = CARTESIAN_POINT ( 'NONE',  ( -2.700000000000008200, 0.0000000000000000000, 11.60000000000000000 ) ) ;
#686 = AXIS2_PLACEMENT_3D ( 'NONE', #8091, #2862, #8970 ) ;
#688 = PRESENTATION_STYLE_ASSIGNMENT (( #1224 ) ) ;
#687 = CARTESIAN_POINT ( 'NONE',  ( -3.000000000000002700, 0.0000000000000000000, 0.0000000000000000000 ) ) ;
#689 = EDGE_CURVE ( 'NONE', #8093, #9699, #1036, .T. ) ;
#690 = EDGE_LOOP ( 'NONE', ( #11086, #9373 ) ) ;
#691 = SURFACE_SIDE_STYLE ('',( #2925 ) ) ;
#692 =( NAMED_UNIT ( * ) SI_UNIT ( $, .STERADIAN. ) SOLID_ANGLE_UNIT ( ) );
#693 = DIRECTION ( 'NONE',  ( -1.000000000000000000, -0.0000000000000000000, 0.0000000000000000000 ) ) ;
#694 = CARTESIAN_POINT ( 'NONE',  ( -2.700000000000008200, 0.0000000000000000000, 0.0000000000000000000 ) ) ;
#695 = UNCERTAINTY_MEASURE_WITH_UNIT (LENGTH_MEASURE( 1.000000000000000100E-005 ), #6159, 'distance_accuracy_value', 'NONE');
#696 =( NAMED_UNIT ( * ) PLANE_ANGLE_UNIT ( ) SI_UNIT ( $, .RADIAN. ) );
#697 = CARTESIAN_POINT ( 'NONE',  ( -19.46412285462000500, 23.85628125667999200, -0.7790377047274000800 ) ) ;
#698 = LINE ( 'NONE', #2678, #2983 ) ;
#699 = MECHANICAL_DESIGN_GEOMETRIC_PRESENTATION_REPRESENTATION (  '', ( #9070 ), #1265 ) ;
#700 = EDGE_LOOP ( 'NONE', ( #10447, #7041, #10221, #11146 ) ) ;
#701 = CARTESIAN_POINT ( 'NONE',  ( -10.36497441825813200, 16.29791545672790300, -8.758278155791774800 ) ) ;
#702 = DIRECTION ( 'NONE',  ( 1.000000000000000000, 0.0000000000000000000, 0.0000000000000000000 ) ) ;
#703 = CARTESIAN_POINT ( 'NONE',  ( -16.70133569972000100, 24.49406743247000100, 1.042439122353000100 ) ) ;
#704 = CARTESIAN_POINT ( 'NONE',  ( -0.3040217494789085300, 15.11695286011187600, 0.0000000000000000000 ) ) ;
#705 = DIRECTION ( 'NONE',  ( -4.871103520542836400E-012, 0.0000000000000000000, 1.000000000000000000 ) ) ;
#706 = DIRECTION ( 'NONE',  ( -0.0000000000000000000, 1.000000000000000000, -0.0000000000000000000 ) ) ;
#707 = CARTESIAN_POINT ( 'NONE',  ( -19.09226697808864200, 23.57885958339041800, 0.6292960486360620300 ) ) ;
#708 = DIRECTION ( 'NONE',  ( 0.0000000000000000000, 0.0000000000000000000, 1.000000000000000000 ) ) ;
#709 = ORIENTED_EDGE ( 'NONE', *, *, #9423, .T. ) ;
#710 = ORIENTED_EDGE ( 'NONE', *, *, #3078, .F. ) ;
#711 = PRESENTATION_STYLE_ASSIGNMENT (( #8144 ) ) ;
#712 = EDGE_CURVE ( 'NONE', #8668, #9564, #9330, .T. ) ;
#713 =( GEOMETRIC_REPRESENTATION_CONTEXT ( 3 ) GLOBAL_UNCERTAINTY_ASSIGNED_CONTEXT ( ( #7923 ) ) GLOBAL_UNIT_ASSIGNED_CONTEXT ( ( #5978, #8483, #11136 ) ) REPRESENTATION_CONTEXT ( 'NONE', 'WORKASPACE' ) );
#714 = CARTESIAN_POINT ( 'NONE',  ( -19.64962623865000100, 28.29657832259999900, -0.1722067616980000300 ) ) ;
#715 = STYLED_ITEM ( 'NONE', ( #2476 ), #11078 ) ;
#716 = CARTESIAN_POINT ( 'NONE',  ( -17.37394965468015300, 25.37073294861127300, -1.085003666867287600 ) ) ;
#717 = CARTESIAN_POINT ( 'NONE',  ( -19.29636485949000100, 24.16830947779999800, -0.6967526652950000200 ) ) ;
#718 =( GEOMETRIC_REPRESENTATION_CONTEXT ( 3 ) GLOBAL_UNCERTAINTY_ASSIGNED_CONTEXT ( ( #2727 ) ) GLOBAL_UNIT_ASSIGNED_CONTEXT ( ( #8379, #3146, #9264 ) ) REPRESENTATION_CONTEXT ( 'NONE', 'WORKASPACE' ) );
#719 = FILL_AREA_STYLE_COLOUR ( '', #4691 ) ;
#720 = DIRECTION ( 'NONE',  ( 0.0000000000000000000, -1.000000000000000000, 0.0000000000000000000 ) ) ;
#721 = VERTEX_POINT ( 'NONE', #5576 ) ;
#722 = CARTESIAN_POINT ( 'NONE',  ( -16.90726275948324500, 23.45451276639817800, -0.6286559116830388000 ) ) ;
#723 = UNCERTAINTY_MEASURE_WITH_UNIT (LENGTH_MEASURE( 1.000000000000000100E-005 ), #637, 'distance_accuracy_value', 'NONE');
#724 = FILL_AREA_STYLE_COLOUR ( '', #7961 ) ;
#725 = CARTESIAN_POINT ( 'NONE',  ( -16.78222293373648800, 25.76591123629669500, 0.3260584606852030000 ) ) ;
#726 = DIRECTION ( 'NONE',  ( -1.000000000000000000, -0.0000000000000000000, 0.0000000000000000000 ) ) ;
#727 = AXIS2_PLACEMENT_3D ( 'NONE', #7785, #2562, #8667 ) ;
#728 = ORIENTED_EDGE ( 'NONE', *, *, #2326, .T. ) ;
#729 = VECTOR ( 'NONE', #3130, 1000.000000000000000 ) ;
#730 = FILL_AREA_STYLE ('',( #9371 ) ) ;
#731 = SURFACE_SIDE_STYLE ('',( #5300 ) ) ;
#732 =( GEOMETRIC_REPRESENTATION_CONTEXT ( 3 ) GLOBAL_UNCERTAINTY_ASSIGNED_CONTEXT ( ( #4612 ) ) GLOBAL_UNIT_ASSIGNED_CONTEXT ( ( #4000, #10111, #4893 ) ) REPRESENTATION_CONTEXT ( 'NONE', 'WORKASPACE' ) );
#733 = B_SPLINE_CURVE_WITH_KNOTS ( 'NONE', 3,
 ( #4093, #659, #7608, #2373 ),
 .UNSPECIFIED., .F., .F.,
 ( 4, 4 ),
 ( -0.02790002960863909700, -0.02740837731445465400 ),
 .UNSPECIFIED. ) ;
#734 = CARTESIAN_POINT ( 'NONE',  ( -17.50479918244000300, 23.04432228644000000, 1.582823344603000200 ) ) ;
#735 = CARTESIAN_POINT ( 'NONE',  ( -10.91979755174443600, 16.45760836624708300, -8.458793826916501500 ) ) ;
#736 = CARTESIAN_POINT ( 'NONE',  ( -18.63000098753237000, 27.45385666499784000, -1.092033659919621200 ) ) ;
#737 = ORIENTED_EDGE ( 'NONE', *, *, #6913, .T. ) ;
#738 = LINE ( 'NONE', #5634, #5101 ) ;
#739 = CARTESIAN_POINT ( 'NONE',  ( -19.65051738476000400, 25.90299440060000100, 0.1623201756127999900 ) ) ;
#740 = ADVANCED_FACE ( 'NONE', ( #5931 ), #6864, .F. ) ;
#741 = CARTESIAN_POINT ( 'NONE',  ( -16.91517184435405200, 23.32877496560485800, -0.6263434916093816300 ) ) ;
#742 = FILL_AREA_STYLE_COLOUR ( '', #3668 ) ;
#743 = AXIS2_PLACEMENT_3D ( 'NONE', #2840, #423, #3900 ) ;
#744 = EDGE_CURVE ( 'NONE', #9074, #10798, #9192, .T. ) ;
#745 = CARTESIAN_POINT ( 'NONE',  ( -16.94664255541999900, 27.48461935235999900, 1.281012713682000000 ) ) ;
#746 = ORIENTED_EDGE ( 'NONE', *, *, #7767, .T. ) ;
#747 = CARTESIAN_POINT ( 'NONE',  ( -17.67263111970185800, 25.18310233439408200, 1.217480078994149600 ) ) ;
#748 = CARTESIAN_POINT ( 'NONE',  ( -17.56643729822000200, 23.35635050755999800, 1.406430088670999900 ) ) ;
#749 = DIRECTION ( 'NONE',  ( 0.0000000000000000000, 0.0000000000000000000, -1.000000000000000000 ) ) ;
#750 = FILL_AREA_STYLE_COLOUR ( '', #7157 ) ;
#751 = ORIENTED_EDGE ( 'NONE', *, *, #9283, .T. ) ;
#752 = EDGE_LOOP ( 'NONE', ( #8765, #9474, #1450, #1158, #7389 ) ) ;
#753 = STYLED_ITEM ( 'NONE', ( #10490 ), #8313 ) ;
#754 = PRESENTATION_LAYER_ASSIGNMENT (  '', '', ( #10922 ) ) ;
#755 = DIRECTION ( 'NONE',  ( 0.0000000000000000000, 0.0000000000000000000, 1.000000000000000000 ) ) ;
#756 = CARTESIAN_POINT ( 'NONE',  ( -0.05597972129318760900, 16.78820545322529500, 0.0000000000000000000 ) ) ;
#757 =( LENGTH_UNIT ( ) NAMED_UNIT ( * ) SI_UNIT ( .MILLI., .METRE. ) );
#758 = FILL_AREA_STYLE_COLOUR ( '', #10876 ) ;
#759 = CARTESIAN_POINT ( 'NONE',  ( -8.495736019642000900, 28.68000000000000000, -3.149999999999999900 ) ) ;
#760 = ORIENTED_EDGE ( 'NONE', *, *, #2654, .T. ) ;
#761 = CARTESIAN_POINT ( 'NONE',  ( -19.40956479605000600, 24.51570763690000000, 0.4232603688739001200 ) ) ;
#762 = COLOUR_RGB ( '',0.7764705882352941300, 0.7568627450980391900, 0.7372549019607843600 ) ;
#763 = CARTESIAN_POINT ( 'NONE',  ( -18.55435279384326800, 27.62530862122282100, 1.123348035441621900 ) ) ;
#764 = EDGE_CURVE ( 'NONE', #7857, #5827, #2515, .T. ) ;
#765 = CARTESIAN_POINT ( 'NONE',  ( -16.71100546853000800, 25.09103543036000200, 1.043574901933999900 ) ) ;
#766 = VERTEX_POINT ( 'NONE', #6480 ) ;
#767 =( NAMED_UNIT ( * ) SI_UNIT ( $, .STERADIAN. ) SOLID_ANGLE_UNIT ( ) );
#768 = AXIS2_PLACEMENT_3D ( 'NONE', #404, #391, #357 ) ;
#769 = STYLED_ITEM ( 'NONE', ( #203 ), #10840 ) ;
#770 = CARTESIAN_POINT ( 'NONE',  ( -33.00000000000000000, 20.67261628933499700, -2.000000000000000000 ) ) ;
#771 = CARTESIAN_POINT ( 'NONE',  ( -16.70000000000000600, 33.89999999999999900, -8.599999999999999600 ) ) ;
#772 = AXIS2_PLACEMENT_3D ( 'NONE', #10795, #5536, #332 ) ;
#773 = COLOUR_RGB ( '',1.000000000000000000, 1.000000000000000000, 0.9490196078431372100 ) ;
#774 = EDGE_LOOP ( 'NONE', ( #3574, #10019, #2958, #7517 ) ) ;
#775 = ORIENTED_EDGE ( 'NONE', *, *, #9437, .F. ) ;
#776 = CARTESIAN_POINT ( 'NONE',  ( -17.85024154931000200, 26.67266038212000400, -1.651704555966999800 ) ) ;
#777 =( NAMED_UNIT ( * ) SI_UNIT ( $, .STERADIAN. ) SOLID_ANGLE_UNIT ( ) );
#778 = UNCERTAINTY_MEASURE_WITH_UNIT (LENGTH_MEASURE( 1.000000000000000100E-005 ), #11252, 'distance_accuracy_value', 'NONE');
#779 = VERTEX_POINT ( 'NONE', #1273 ) ;
#780 = CARTESIAN_POINT ( 'NONE',  ( -17.32083007298000500, 22.54439153732000600, -1.305369492162999900 ) ) ;
#781 = CARTESIAN_POINT ( 'NONE',  ( -16.95960384410728500, 28.79166757983645300, -0.8970096499500515000 ) ) ;
#782 = CARTESIAN_POINT ( 'NONE',  ( -17.81034477199999700, 28.16469851686999700, -1.835446092365999900 ) ) ;
#783 = LINE ( 'NONE', #6134, #9782 ) ;
#784 = EDGE_CURVE ( 'NONE', #4611, #6987, #221, .T. ) ;
#785 = CARTESIAN_POINT ( 'NONE',  ( -19.24989442156208600, 27.15175466409159500, -0.1637841023975915900 ) ) ;
#786 = CARTESIAN_POINT ( 'NONE',  ( -17.52273300436152000, 28.69288987364985000, 1.159492079726865100 ) ) ;
#787 = ORIENTED_EDGE ( 'NONE', *, *, #7334, .F. ) ;
#788 = STYLED_ITEM ( 'NONE', ( #5723 ), #9644 ) ;
#789 = ORIENTED_EDGE ( 'NONE', *, *, #2908, .F. ) ;
#790 = CYLINDRICAL_SURFACE ( 'NONE', #10705, 0.5000000000000004400 ) ;
#791 =( NAMED_UNIT ( * ) SI_UNIT ( $, .STERADIAN. ) SOLID_ANGLE_UNIT ( ) );
#792 = SURFACE_STYLE_USAGE ( .BOTH. , #6008 ) ;
#793 = DIRECTION ( 'NONE',  ( 0.0000000000000000000, 0.0000000000000000000, -1.000000000000000000 ) ) ;
#794 = DIRECTION ( 'NONE',  ( -0.9743700647855125800, 0.2249510543426638300, 0.0000000000000000000 ) ) ;
#795 = FILL_AREA_STYLE ('',( #3372 ) ) ;
#796 = CARTESIAN_POINT ( 'NONE',  ( -3.500613641715296900, 29.00000000000000000, 14.06853438770961900 ) ) ;
#797 = FILL_AREA_STYLE ('',( #3374 ) ) ;
#798 = CARTESIAN_POINT ( 'NONE',  ( -15.42417786607193300, 18.32220247997412300, -2.577840569227066100 ) ) ;
#799 = ORIENTED_EDGE ( 'NONE', *, *, #1474, .T. ) ;
#800 = CARTESIAN_POINT ( 'NONE',  ( -16.69928856957000100, 23.70374866666000500, 0.6886014707250000000 ) ) ;
#801 = AXIS2_PLACEMENT_3D ( 'NONE', #3219, #9328, #2379 ) ;
#802 = AXIS2_PLACEMENT_3D ( 'NONE', #7228, #2008, #8100 ) ;
#803 = CARTESIAN_POINT ( 'NONE',  ( -8.830868191124704200, 40.90000000000070200, -2.572649730810694800 ) ) ;
#804 = EDGE_CURVE ( 'NONE', #6239, #964, #4833, .T. ) ;
#805 = CARTESIAN_POINT ( 'NONE',  ( -18.93923414361000100, 26.56242078081999800, 1.133203416215000000 ) ) ;
#806 =( NAMED_UNIT ( * ) SI_UNIT ( $, .STERADIAN. ) SOLID_ANGLE_UNIT ( ) );
#807 = CARTESIAN_POINT ( 'NONE',  ( -33.00000000000000000, 22.50000000000000400, -2.000000000000000000 ) ) ;
#808 = EDGE_LOOP ( 'NONE', ( #4292, #1242, #4008, #1440 ) ) ;
#809 = CARTESIAN_POINT ( 'NONE',  ( -16.16435808494000200, 28.14404573257999300, 0.1877440198290000200 ) ) ;
#810 =( NAMED_UNIT ( * ) SI_UNIT ( $, .STERADIAN. ) SOLID_ANGLE_UNIT ( ) );
#811 = CARTESIAN_POINT ( 'NONE',  ( -16.53751004523000400, 24.01577688778000300, 0.7820988334462999300 ) ) ;
#812 = LINE ( 'NONE', #9778, #3112 ) ;
#813 = CARTESIAN_POINT ( 'NONE',  ( -18.13781403459999800, 24.49380374196000100, -1.277574711111999700 ) ) ;
#814 = STYLED_ITEM ( 'NONE', ( #10225 ), #7986 ) ;
#815 = ORIENTED_EDGE ( 'NONE', *, *, #1550, .T. ) ;
#816 = PRESENTATION_STYLE_ASSIGNMENT (( #4746 ) ) ;
#817 = CARTESIAN_POINT ( 'NONE',  ( -19.42402335953000800, 27.35273954662999800, 1.173451689165000000 ) ) ;
#818 = PRESENTATION_STYLE_ASSIGNMENT (( #10860 ) ) ;
#819 = EDGE_CURVE ( 'NONE', #5187, #4870, #8924, .T. ) ;
#820 = DIRECTION ( 'NONE',  ( 0.0000000000000000000, 0.0000000000000000000, 1.000000000000000000 ) ) ;
#821 =( NAMED_UNIT ( * ) PLANE_ANGLE_UNIT ( ) SI_UNIT ( $, .RADIAN. ) );
#822 = UNCERTAINTY_MEASURE_WITH_UNIT (LENGTH_MEASURE( 1.000000000000000100E-005 ), #10924, 'distance_accuracy_value', 'NONE');
#823 = ORIENTED_EDGE ( 'NONE', *, *, #7545, .T. ) ;
#824 = ORIENTED_EDGE ( 'NONE', *, *, #2955, .F. ) ;
#825 =( LENGTH_UNIT ( ) NAMED_UNIT ( * ) SI_UNIT ( .MILLI., .METRE. ) );
#826 = CARTESIAN_POINT ( 'NONE',  ( -0.8529462969710034400, -17.20000000223977900, 34.40000000447954400 ) ) ;
#827 = CARTESIAN_POINT ( 'NONE',  ( -18.99895797130575700, 26.98507689077230900, -0.7688428867653130900 ) ) ;
#828 = PLANE ( 'NONE',  #1643 ) ;
#829 =( LENGTH_UNIT ( ) NAMED_UNIT ( * ) SI_UNIT ( .MILLI., .METRE. ) );
#830 = PRESENTATION_STYLE_ASSIGNMENT (( #6544 ) ) ;
#831 = CARTESIAN_POINT ( 'NONE',  ( -18.00000000000060800, 23.91191686777262500, -1.250000000000000200 ) ) ;
#832 = FILL_AREA_STYLE_COLOUR ( '', #5603 ) ;
#833 = CARTESIAN_POINT ( 'NONE',  ( -18.44241013885000800, 22.89178969641000100, -1.403774920733000100 ) ) ;
#834 = CARTESIAN_POINT ( 'NONE',  ( -19.65116315117000300, 26.31232356101000000, 0.1553904648996999900 ) ) ;
#835 = AXIS2_PLACEMENT_3D ( 'NONE', #4481, #10606, #5374 ) ;
#836 = MECHANICAL_DESIGN_GEOMETRIC_PRESENTATION_REPRESENTATION (  '', ( #11008 ), #1416 ) ;
#837 = EDGE_LOOP ( 'NONE', ( #1107, #4520, #728, #2634, #6348, #9503, #10288, #10608, #3632, #8795, #6964, #3965 ) ) ;
#838 = CARTESIAN_POINT ( 'NONE',  ( -19.47634732532290900, 28.90000000000001600, 0.3907305018406793700 ) ) ;
#839 = CARTESIAN_POINT ( 'NONE',  ( -16.53562925513000400, 25.75046181057999600, -0.1471072136289000000 ) ) ;
#840 = CARTESIAN_POINT ( 'NONE',  ( -33.00000000000000000, 22.50000000000000400, -5.000000000000000900 ) ) ;
#841 = FACE_OUTER_BOUND ( 'NONE', #5362, .T. ) ;
#842 = SURFACE_STYLE_USAGE ( .BOTH. , #6067 ) ;
#843 = VECTOR ( 'NONE', #961, 1000.000000000000000 ) ;
#844 = ORIENTED_EDGE ( 'NONE', *, *, #4750, .F. ) ;
#845 = EDGE_CURVE ( 'NONE', #5983, #7696, #10212, .T. ) ;
#846 =( GEOMETRIC_REPRESENTATION_CONTEXT ( 3 ) GLOBAL_UNCERTAINTY_ASSIGNED_CONTEXT ( ( #5434 ) ) GLOBAL_UNIT_ASSIGNED_CONTEXT ( ( #5026, #5777, #5818 ) ) REPRESENTATION_CONTEXT ( 'NONE', 'WORKASPACE' ) );
#847 = CARTESIAN_POINT ( 'NONE',  ( -19.17494052738999600, 27.33208676233999800, -1.422795189953999900 ) ) ;
#848 = AXIS2_PLACEMENT_3D ( 'NONE', #10855, #5597, #397 ) ;
#849 = CARTESIAN_POINT ( 'NONE',  ( -2.999999999999647400, 28.49999999999999600, 14.00000000000227900 ) ) ;
#850 = CARTESIAN_POINT ( 'NONE',  ( -18.49188874840000800, 23.20381791754000400, -1.583856353207000000 ) ) ;
#851 = CYLINDRICAL_SURFACE ( 'NONE', #4811, 1.500000000000001300 ) ;
#852 = MECHANICAL_DESIGN_GEOMETRIC_PRESENTATION_REPRESENTATION (  '', ( #11023 ), #1432 ) ;
#853 = CARTESIAN_POINT ( 'NONE',  ( -16.99896148136364400, 23.96532474170351900, -0.7665550111073088400 ) ) ;
#854 = CARTESIAN_POINT ( 'NONE',  ( -19.46467527838000700, 25.71535556311000200, 0.1440435287663999800 ) ) ;
#855 = UNCERTAINTY_MEASURE_WITH_UNIT (LENGTH_MEASURE( 1.000000000000000100E-005 ), #10314, 'distance_accuracy_value', 'NONE');
#856 = CARTESIAN_POINT ( 'NONE',  ( -16.16202320010000200, 26.54078057638999900, 0.1647005025958000500 ) ) ;
#857 = CARTESIAN_POINT ( 'NONE',  ( -17.23811618595208400, 24.84001820910372900, 0.9943363610465801900 ) ) ;
#858 =( LENGTH_UNIT ( ) NAMED_UNIT ( * ) SI_UNIT ( .MILLI., .METRE. ) );
#859 = ORIENTED_EDGE ( 'NONE', *, *, #7906, .F. ) ;
#860 = FACE_OUTER_BOUND ( 'NONE', #526, .T. ) ;
#861 = SURFACE_STYLE_USAGE ( .BOTH. , #6083 ) ;
#862 = CARTESIAN_POINT ( 'NONE',  ( -8.600000000000003200, 28.89999999999999900, 0.0000000000000000000 ) ) ;
#863 = CARTESIAN_POINT ( 'NONE',  ( -1.500000000000000000, 16.30043030675196600, 32.60086061350395400 ) ) ;
#864 = CARTESIAN_POINT ( 'NONE',  ( -18.16293597676692100, 27.15249422933771600, 1.249999999999940300 ) ) ;
#865 = CARTESIAN_POINT ( 'NONE',  ( -20.50426398036000500, 28.69999999999999600, -7.599999999999999600 ) ) ;
#866 = MECHANICAL_DESIGN_GEOMETRIC_PRESENTATION_REPRESENTATION (  '', ( #11037 ), #1449 ) ;
#867 = CARTESIAN_POINT ( 'NONE',  ( -18.76276855037915700, 24.11019529727758100, 0.9936556967065728300 ) ) ;
#868 = STYLED_ITEM ( 'NONE', ( #7599 ), #10132 ) ;
#869 = EDGE_CURVE ( 'NONE', #524, #7145, #9669, .T. ) ;
#870 = EDGE_LOOP ( 'NONE', ( #5425, #11313, #2000, #1859 ) ) ;
#871 = CIRCLE ( 'NONE', #4781, 9.549999999999995400 ) ;
#872 = CARTESIAN_POINT ( 'NONE',  ( -16.77005873989000100, 24.36317504687000100, -0.3721237533781000500 ) ) ;
#873 = CARTESIAN_POINT ( 'NONE',  ( -18.15784139316000500, 24.59110468123999700, -1.463233935923999900 ) ) ;
#874 = ORIENTED_EDGE ( 'NONE', *, *, #1651, .F. ) ;
#875 = FILL_AREA_STYLE ('',( #6096 ) ) ;
#876 = ORIENTED_EDGE ( 'NONE', *, *, #10258, .F. ) ;
#877 = CARTESIAN_POINT ( 'NONE',  ( -19.14578889909000400, 24.93850284033999600, -0.9236828746055997200 ) ) ;
#878 = SURFACE_STYLE_USAGE ( .BOTH. , #6099 ) ;
#879 = CARTESIAN_POINT ( 'NONE',  ( -17.00061503314009300, 24.23506508660656800, 0.7684450170562431300 ) ) ;
#880 = CARTESIAN_POINT ( 'NONE',  ( -46.50000000000000000, 0.0000000000000000000, 0.0000000000000000000 ) ) ;
#881 = AXIS2_PLACEMENT_3D ( 'NONE', #5212, #8711, #3475 ) ;
#882 = LINE ( 'NONE', #9352, #5507 ) ;
#883 = LINE ( 'NONE', #8329, #4984 ) ;
#884 = EDGE_CURVE ( 'NONE', #9940, #6712, #1972, .T. ) ;
#885 = ORIENTED_EDGE ( 'NONE', *, *, #4052, .T. ) ;
#886 = VERTEX_POINT ( 'NONE', #2278 ) ;
#887 = CARTESIAN_POINT ( 'NONE',  ( -17.71291153172999700, 26.54094725287000500, 1.697235443752000100 ) ) ;
#888 =( LENGTH_UNIT ( ) NAMED_UNIT ( * ) SI_UNIT ( .MILLI., .METRE. ) );
#889 = CARTESIAN_POINT ( 'NONE',  ( -16.27963400263000100, 24.65438380722000000, -0.05804115116447998400 ) ) ;
#890 = CARTESIAN_POINT ( 'NONE',  ( -32.59170111067815900, 11.89102728400800800, -14.81942521455274300 ) ) ;
#891 = CARTESIAN_POINT ( 'NONE',  ( -17.86487333218001100, 24.74363727127000700, 1.277878159588999900 ) ) ;
#892 = CARTESIAN_POINT ( 'NONE',  ( -18.16701836374000200, 28.01216592684999900, 1.650048588457000200 ) ) ;
#893 = VERTEX_POINT ( 'NONE', #7512 ) ;
#894 = CARTESIAN_POINT ( 'NONE',  ( -17.83482007609487500, 25.02737992099307700, -1.249998886653967100 ) ) ;
#895 = DIRECTION ( 'NONE',  ( -1.000000000000000000, -0.0000000000000000000, -0.0000000000000000000 ) ) ;
#896 = ORIENTED_EDGE ( 'NONE', *, *, #11106, .T. ) ;
#897 = STYLED_ITEM ( 'NONE', ( #6218 ), #8472 ) ;
#899 = ADVANCED_FACE ( 'NONE', ( #10999 ), #3179, .F. ) ;
#898 = CYLINDRICAL_SURFACE ( 'NONE', #8345, 0.2999999999999999300 ) ;
#900 = CARTESIAN_POINT ( 'NONE',  ( -15.60000000000000300, 28.89999999999999900, -7.599999999999999600 ) ) ;
#901 = PRESENTATION_LAYER_ASSIGNMENT (  '', '', ( #328 ) ) ;
#902 = CARTESIAN_POINT ( 'NONE',  ( -17.37399102507915700, 25.82987263685856800, 1.085027457879268200 ) ) ;
#903 = FACE_OUTER_BOUND ( 'NONE', #1609, .T. ) ;
#904 = CARTESIAN_POINT ( 'NONE',  ( -19.24342581134008900, 28.67398909434842800, 0.1662797514675665400 ) ) ;
#905 = FILL_AREA_STYLE_COLOUR ( '', #5056 ) ;
#906 =( NAMED_UNIT ( * ) SI_UNIT ( $, .STERADIAN. ) SOLID_ANGLE_UNIT ( ) );
#907 = DIRECTION ( 'NONE',  ( 0.0000000000000000000, 0.0000000000000000000, -1.000000000000000000 ) ) ;
#908 = LINE ( 'NONE', #7380, #7579 ) ;
#909 = DIRECTION ( 'NONE',  ( -1.000000000000000000, -0.0000000000000000000, -0.0000000000000000000 ) ) ;
#910 =( NAMED_UNIT ( * ) PLANE_ANGLE_UNIT ( ) SI_UNIT ( $, .RADIAN. ) );
#911 = EDGE_LOOP ( 'NONE', ( #5740, #7214, #2218, #4125 ) ) ;
#912 = ORIENTED_EDGE ( 'NONE', *, *, #7305, .F. ) ;
#913 = CARTESIAN_POINT ( 'NONE',  ( -19.13692876288000400, 23.55121607662999800, -0.5988527185513001800 ) ) ;
#914 = COLOUR_RGB ( '',1.000000000000000000, 1.000000000000000000, 0.9490196078431372100 ) ;
#915 = CARTESIAN_POINT ( 'NONE',  ( -20.00000000000000400, 38.89999999999999900, -7.599999999999999600 ) ) ;
#916 = ORIENTED_EDGE ( 'NONE', *, *, #11161, .T. ) ;
#917 = CARTESIAN_POINT ( 'NONE',  ( -18.00000000000000400, 29.00000000000000000, 10.50000000000000000 ) ) ;
#918 = EDGE_CURVE ( 'NONE', #7011, #4611, #7823, .T. ) ;
#919 = CARTESIAN_POINT ( 'NONE',  ( -17.18206493965999800, 26.40988819079000300, -0.9910664431384002000 ) ) ;
#920 = CARTESIAN_POINT ( 'NONE',  ( -17.83650915260350400, 24.40126445221610000, -1.249999999999999100 ) ) ;
#921 = PRESENTATION_LAYER_ASSIGNMENT (  '', '', ( #344 ) ) ;
#922 = UNCERTAINTY_MEASURE_WITH_UNIT (LENGTH_MEASURE( 1.000000000000000100E-005 ), #1334, 'distance_accuracy_value', 'NONE');
#923 = ORIENTED_EDGE ( 'NONE', *, *, #2409, .T. ) ;
#924 = CARTESIAN_POINT ( 'NONE',  ( -18.48065905033184500, 28.25732204179504200, 1.160392275365794700 ) ) ;
#925 = AXIS2_PLACEMENT_3D ( 'NONE', #10827, #1232, #4731 ) ;
#926 = VECTOR ( 'NONE', #1274, 1000.000000000000000 ) ;
#927 = B_SPLINE_CURVE_WITH_KNOTS ( 'NONE', 3,
 ( #4214, #2395, #4926, #5086 ),
 .UNSPECIFIED., .F., .F.,
 ( 4, 4 ),
 ( 0.0000000000000000000, 0.0003740377821824235600 ),
 .UNSPECIFIED. ) ;
#928 = DIRECTION ( 'NONE',  ( -1.000000000000000000, -0.0000000000000000000, -0.0000000000000000000 ) ) ;
#929 = LINE ( 'NONE', #5709, #5554 ) ;
#930 = ORIENTED_EDGE ( 'NONE', *, *, #10458, .F. ) ;
#931 = SURFACE_STYLE_USAGE ( .BOTH. , #6143 ) ;
#932 = DIRECTION ( 'NONE',  ( 1.000000000000000000, -0.0000000000000000000, -0.0000000000000000000 ) ) ;
#933 = CARTESIAN_POINT ( 'NONE',  ( -19.62897763155000100, 23.86324429774999700, -0.8667544469735001300 ) ) ;
#934 = DIRECTION ( 'NONE',  ( 1.000000000000000000, 0.0000000000000000000, 0.0000000000000000000 ) ) ;
#935 = VECTOR ( 'NONE', #6758, 1000.000000000000000 ) ;
#936 = CARTESIAN_POINT ( 'NONE',  ( -16.72229891728000000, 27.20020695661000300, -1.057371940251000000 ) ) ;
#937 = EDGE_CURVE ( 'NONE', #7034, #572, #1166, .T. ) ;
#938 = CARTESIAN_POINT ( 'NONE',  ( -23.38000000000000300, 0.0000000000000000000, 0.0000000000000000000 ) ) ;
#939 = STYLED_ITEM ( 'NONE', ( #6260 ), #4986 ) ;
#940 = DIRECTION ( 'NONE',  ( 0.0000000000000000000, 0.0000000000000000000, 1.000000000000000000 ) ) ;
#941 = PRESENTATION_LAYER_ASSIGNMENT (  '', '', ( #367 ) ) ;
#942 = VECTOR ( 'NONE', #4570, 1000.000000000000000 ) ;
#943 = ORIENTED_EDGE ( 'NONE', *, *, #4441, .T. ) ;
#944 = FILL_AREA_STYLE_COLOUR ( '', #6613 ) ;
#945 = CARTESIAN_POINT ( 'NONE',  ( -17.67258360070697200, 26.01752770318655200, -1.217462322267229200 ) ) ;
#946 = SURFACE_STYLE_USAGE ( .BOTH. , #6154 ) ;
#947 =( LENGTH_UNIT ( ) NAMED_UNIT ( * ) SI_UNIT ( .MILLI., .METRE. ) );
#948 = CARTESIAN_POINT ( 'NONE',  ( -13.11469778140259200, 15.62769004529695000, 6.695756660454529600 ) ) ;
#949 = CARTESIAN_POINT ( 'NONE',  ( -18.00000000000000400, 28.41093935102359700, 1.250000000000000000 ) ) ;
#950 =( NAMED_UNIT ( * ) PLANE_ANGLE_UNIT ( ) SI_UNIT ( $, .RADIAN. ) );
#951 = PLANE ( 'NONE',  #9908 ) ;
#952 = ORIENTED_EDGE ( 'NONE', *, *, #2389, .F. ) ;
#953 = VERTEX_POINT ( 'NONE', #4080 ) ;
#954 = MECHANICAL_DESIGN_GEOMETRIC_PRESENTATION_REPRESENTATION (  '', ( #9925 ), #1536 ) ;
#955 = FACE_OUTER_BOUND ( 'NONE', #5406, .T. ) ;
#956 = MECHANICAL_DESIGN_GEOMETRIC_PRESENTATION_REPRESENTATION (  '', ( #11129 ), #1537 ) ;
#957 = CARTESIAN_POINT ( 'NONE',  ( -9.400000000000005700, 33.00000000000000000, 0.0000000000000000000 ) ) ;
#958 = EDGE_CURVE ( 'NONE', #3375, #6177, #9878, .T. ) ;
#959 = CARTESIAN_POINT ( 'NONE',  ( -17.37306056413863300, 22.87139301387478300, -1.093618990027965800 ) ) ;
#960 = CARTESIAN_POINT ( 'NONE',  ( -19.27829578951000400, 25.59792922054999700, 0.1311162312837999800 ) ) ;
#961 = DIRECTION ( 'NONE',  ( -0.0000000000000000000, -0.0000000000000000000, 1.000000000000000000 ) ) ;
#962 = CARTESIAN_POINT ( 'NONE',  ( -15.90000000000000400, 38.89999999999999100, -9.400000000000000400 ) ) ;
#963 = DIRECTION ( 'NONE',  ( 0.0000000000000000000, 0.0000000000000000000, 1.000000000000000000 ) ) ;
#964 = VERTEX_POINT ( 'NONE', #2317 ) ;
#965 = DIRECTION ( 'NONE',  ( -1.000000000000000000, -0.0000000000000000000, 0.0000000000000000000 ) ) ;
#966 = SURFACE_STYLE_FILL_AREA ( #7917 ) ;
#967 = CARTESIAN_POINT ( 'NONE',  ( -46.50000000000000000, 0.0000000000000000000, 0.0000000000000000000 ) ) ;
#968 = CARTESIAN_POINT ( 'NONE',  ( -17.44904141590000200, 23.05128532751000100, 1.761043354350000100 ) ) ;
#969 = DIRECTION ( 'NONE',  ( 0.0000000000000000000, 1.000000000000000000, 0.0000000000000000000 ) ) ;
#970 = CARTESIAN_POINT ( 'NONE',  ( -18.13928850174999900, 28.60913392474000000, 1.320911314999999800 ) ) ;
#971 = FACE_OUTER_BOUND ( 'NONE', #3564, .T. ) ;
#972 = EDGE_CURVE ( 'NONE', #5489, #6355, #5251, .T. ) ;
#973 = ORIENTED_EDGE ( 'NONE', *, *, #937, .F. ) ;
#974 = LINE ( 'NONE', #1942, #9961 ) ;
#975 = CARTESIAN_POINT ( 'NONE',  ( -13.19000000000000000, 16.23490457940999900, -9.870555875805003200 ) ) ;
#976 = CARTESIAN_POINT ( 'NONE',  ( -8.495736019642000900, 40.99029525569000800, -2.520517740632001000 ) ) ;
#977 = COLOUR_RGB ( '',0.1098039215686274500, 0.1098039215686274500, 0.1098039215686274500 ) ;
#978 = DIRECTION ( 'NONE',  ( 0.7098956738543810200, 0.0000000000000000000, 0.7043068452335490300 ) ) ;
#979 = SURFACE_STYLE_USAGE ( .BOTH. , #6185 ) ;
#980 = FILL_AREA_STYLE ('',( #905 ) ) ;
#981 = LINE ( 'NONE', #7229, #5601 ) ;
#982 = DIRECTION ( 'NONE',  ( -0.0000000000000000000, -1.000000000000000000, -0.0000000000000000000 ) ) ;
#983 = CARTESIAN_POINT ( 'NONE',  ( -15.74930066298842800, 16.99096609961943500, -0.6430857796067799300 ) ) ;
#984 = ORIENTED_EDGE ( 'NONE', *, *, #4052, .F. ) ;
#985 = DIRECTION ( 'NONE',  ( -1.000000000000000000, -0.0000000000000000000, -0.0000000000000000000 ) ) ;
#986 = CARTESIAN_POINT ( 'NONE',  ( -32.37636480144155400, 29.00000000000000400, 14.33053681705027000 ) ) ;
#987 = CARTESIAN_POINT ( 'NONE',  ( -50.00000000000000000, 0.0000000000000000000, 0.0000000000000000000 ) ) ;
#988 = EDGE_CURVE ( 'NONE', #1507, #2970, #882, .T. ) ;
#989 = CARTESIAN_POINT ( 'NONE',  ( -16.59573601963999700, 28.69999999999999600, 8.599999999999999600 ) ) ;
#990 = AXIS2_PLACEMENT_3D ( 'NONE', #11195, #9411, #9447 ) ;
#991 = MECHANICAL_DESIGN_GEOMETRIC_PRESENTATION_REPRESENTATION (  '', ( #10566 ), #1568 ) ;
#992 = STYLED_ITEM ( 'NONE', ( #9905 ), #8836 ) ;
#993 = CARTESIAN_POINT ( 'NONE',  ( -18.00000000001201900, 28.53859345758587200, -1.250000000000000200 ) ) ;
#994 = EDGE_LOOP ( 'NONE', ( #2656, #4317, #2752, #2501 ) ) ;
#995 = SURFACE_STYLE_FILL_AREA ( #11024 ) ;
#996 = CARTESIAN_POINT ( 'NONE',  ( -16.90568874845000400, 24.80678971108999800, 0.4893406645822000500 ) ) ;
#997 = CARTESIAN_POINT ( 'NONE',  ( -19.11123317280399200, 27.27995477215779000, -1.345648716962002400 ) ) ;
#998 = COLOUR_RGB ( '',0.0000000000000000000, 0.0000000000000000000, 0.0000000000000000000 ) ;
#999 = DIRECTION ( 'NONE',  ( -0.0000000000000000000, 1.000000000000000000, -0.0000000000000000000 ) ) ;
#1000 = VECTOR ( 'NONE', #10877, 1000.000000000000000 ) ;
#1001 = CARTESIAN_POINT ( 'NONE',  ( -16.78294627944075800, 27.89189695839982600, 0.3283169141999965300 ) ) ;
#1002 = B_SPLINE_CURVE_WITH_KNOTS ( 'NONE', 3,
 ( #7567, #6752, #7647, #2418, #8522, #3290, #9409, #4161, #10275, #5071, #11192, #5934, #725, #6796, #1592, #7683, #2458, #8565, #3333, #9444 ),
 .UNSPECIFIED., .F., .F.,
 ( 4, 2, 2, 2, 2, 2, 2, 2, 2, 4 ),
 ( -0.01566113738637571500, -0.01517172228514228500, -0.01492701473452557100, -0.01468230718390885600, -0.01419289208267542800, -0.01370347698144199600, -0.01321406188020856800, -0.01272464677897513700, -0.01223523167774170900, -0.01174581657650828000 ),
 .UNSPECIFIED. ) ;
#1003 = CARTESIAN_POINT ( 'NONE',  ( 0.0000000000000000000, 15.71288563568130500, 9.765000000000000600 ) ) ;
#1004 = PLANE ( 'NONE',  #1946 ) ;
#1005 = EDGE_CURVE ( 'NONE', #9327, #5827, #7556, .T. ) ;
#1006 = CARTESIAN_POINT ( 'NONE',  ( -18.76804332952910700, 25.23511927112454200, 0.9998972657447031700 ) ) ;
#1007 = AXIS2_PLACEMENT_3D ( 'NONE', #5421, #38, #4290 ) ;
#1008 = CARTESIAN_POINT ( 'NONE',  ( -18.72099221451000500, 28.53113670380000100, -1.108783242017999900 ) ) ;
#1009 = VERTEX_POINT ( 'NONE', #7594 ) ;
#1010 = LINE ( 'NONE', #5103, #9992 ) ;
#1011 = DIRECTION ( 'NONE',  ( -0.0000000000000000000, 1.000000000000000000, -0.0000000000000000000 ) ) ;
#1012 = CARTESIAN_POINT ( 'NONE',  ( -18.55424056422892300, 25.62562195987151300, 1.123402051687575100 ) ) ;
#1013 = AXIS2_PLACEMENT_3D ( 'NONE', #10084, #3903, #8361 ) ;
#1014 =( NAMED_UNIT ( * ) SI_UNIT ( $, .STERADIAN. ) SOLID_ANGLE_UNIT ( ) );
#1015 = CARTESIAN_POINT ( 'NONE',  ( -17.85485077140000600, 27.85963333683000100, -1.464566117376999700 ) ) ;
#1016 = ORIENTED_EDGE ( 'NONE', *, *, #10492, .T. ) ;
#1017 = CARTESIAN_POINT ( 'NONE',  ( -17.99999999999910500, 28.28774195246128900, 1.250000000000001100 ) ) ;
#1018 = VERTEX_POINT ( 'NONE', #685 ) ;
#1019 = FACE_OUTER_BOUND ( 'NONE', #4139, .T. ) ;
#1020 = DIRECTION ( 'NONE',  ( 1.000000000000000000, 0.0000000000000000000, 0.0000000000000000000 ) ) ;
#1021 = PRESENTATION_STYLE_ASSIGNMENT (( #4414 ) ) ;
#1022 = CARTESIAN_POINT ( 'NONE',  ( -32.43323924076880600, 29.00000000000000000, -14.25174807664781600 ) ) ;
#1023 = SURFACE_STYLE_USAGE ( .BOTH. , #6221 ) ;
#1024 = CARTESIAN_POINT ( 'NONE',  ( -23.38000000000000300, 18.60000000000000100, 0.0000000000000000000 ) ) ;
#1025 = FILL_AREA_STYLE ('',( #7098 ) ) ;
#1026 = CARTESIAN_POINT ( 'NONE',  ( -12.67670860200570000, 15.43321744292061700, -7.132584487844431100 ) ) ;
#1027 = STYLED_ITEM ( 'NONE', ( #2699 ), #6307 ) ;
#1028 = ORIENTED_EDGE ( 'NONE', *, *, #277, .T. ) ;
#1029 =( LENGTH_UNIT ( ) NAMED_UNIT ( * ) SI_UNIT ( .MILLI., .METRE. ) );
#1030 =( GEOMETRIC_REPRESENTATION_CONTEXT ( 3 ) GLOBAL_UNCERTAINTY_ASSIGNED_CONTEXT ( ( #8167 ) ) GLOBAL_UNIT_ASSIGNED_CONTEXT ( ( #6646, #1456, #7538 ) ) REPRESENTATION_CONTEXT ( 'NONE', 'WORKASPACE' ) );
#1031 = EDGE_CURVE ( 'NONE', #2475, #9000, #9619, .T. ) ;
#1032 = EDGE_LOOP ( 'NONE', ( #3237, #9866, #393 ) ) ;
#1033 = LINE ( 'NONE', #3955, #3327 ) ;
#1034 = SURFACE_SIDE_STYLE ('',( #9418 ) ) ;
#1035 = CARTESIAN_POINT ( 'NONE',  ( -19.27801382072000200, 26.24986517868000400, -1.056993948803999900 ) ) ;
#1036 = LINE ( 'NONE', #2865, #10015 ) ;
#1037 = CARTESIAN_POINT ( 'NONE',  ( -48.60000000000000100, 2.094146026541974000E-015, 17.10000000000000100 ) ) ;
#1038 = UNCERTAINTY_MEASURE_WITH_UNIT (LENGTH_MEASURE( 1.000000000000000100E-005 ), #5068, 'distance_accuracy_value', 'NONE');
#1039 =( LENGTH_UNIT ( ) NAMED_UNIT ( * ) SI_UNIT ( .MILLI., .METRE. ) );
#1040 = ORIENTED_EDGE ( 'NONE', *, *, #7288, .F. ) ;
#1041 = CARTESIAN_POINT ( 'NONE',  ( -16.26388983794910800, 28.09191374239784300, 0.1775642068405377200 ) ) ;
#1042 = CARTESIAN_POINT ( 'NONE',  ( -1.500000000000000700, -15.94956969548780800, -31.89913939097561600 ) ) ;
#1043 = LINE ( 'NONE', #1578, #10022 ) ;
#1044 = CARTESIAN_POINT ( 'NONE',  ( -18.00000000000000400, 28.89999999999952600, 1.450008804531466700 ) ) ;
#1045 = MECHANICAL_DESIGN_GEOMETRIC_PRESENTATION_REPRESENTATION (  '', ( #10616 ), #1619 ) ;
#1046 = FACE_OUTER_BOUND ( 'NONE', #3725, .T. ) ;
#1047 = CARTESIAN_POINT ( 'NONE',  ( -19.60000000000000100, 28.89999999999999900, -7.599999999999998800 ) ) ;
#1048 =( NAMED_UNIT ( * ) SI_UNIT ( $, .STERADIAN. ) SOLID_ANGLE_UNIT ( ) );
#1049 = EDGE_CURVE ( 'NONE', #3997, #8967, #4982, .T. ) ;
#1050 = VECTOR ( 'NONE', #3407, 1000.000000000000000 ) ;
#1051 = CARTESIAN_POINT ( 'NONE',  ( -19.00104330482037800, 25.21483510724914400, 0.7665490199277487100 ) ) ;
#1052 = CARTESIAN_POINT ( 'NONE',  ( -16.58785147787000000, 28.48701438927000100, -0.5480961406476001500 ) ) ;
#1053 = VERTEX_POINT ( 'NONE', #10265 ) ;
#1054 = CARTESIAN_POINT ( 'NONE',  ( -18.63051851425824900, 25.45340748855511500, -1.091730022849017700 ) ) ;
#1055 = CARTESIAN_POINT ( 'NONE',  ( -32.49999999999999300, 29.00000000000001100, 14.00000000000189200 ) ) ;
#1056 = CARTESIAN_POINT ( 'NONE',  ( -19.13187146531000200, 27.04767436659000200, 0.9406856433383001800 ) ) ;
#1057 = CARTESIAN_POINT ( 'NONE',  ( -16.74989050896311900, 28.42371888383977900, -0.1621786597181472900 ) ) ;
#1058 = ORIENTED_EDGE ( 'NONE', *, *, #1238, .F. ) ;
#1059 = ORIENTED_EDGE ( 'NONE', *, *, #9182, .T. ) ;
#1060 = ORIENTED_EDGE ( 'NONE', *, *, #1621, .F. ) ;
#1061 =( NAMED_UNIT ( * ) PLANE_ANGLE_UNIT ( ) SI_UNIT ( $, .RADIAN. ) );
#1062 = AXIS2_PLACEMENT_3D ( 'NONE', #555, #6609, #1408 ) ;
#1063 = CARTESIAN_POINT ( 'NONE',  ( -17.54916054953141800, 24.88263052632770600, -1.169461029634253400 ) ) ;
#1064 = SURFACE_STYLE_USAGE ( .BOTH. , #6263 ) ;
#1065 = CARTESIAN_POINT ( 'NONE',  ( -9.300000000000002500, 33.37999999999999500, 0.02999999999999995000 ) ) ;
#1066 = PLANE ( 'NONE',  #8054 ) ;
#1067 = VECTOR ( 'NONE', #4359, 1000.000000000000000 ) ;
#1068 = VERTEX_POINT ( 'NONE', #4149 ) ;
#1069 = CARTESIAN_POINT ( 'NONE',  ( -0.3040217494789030400, -17.13304714212788900, -2.098193134224763200E-015 ) ) ;
#1070 = UNCERTAINTY_MEASURE_WITH_UNIT (LENGTH_MEASURE( 1.000000000000000100E-005 ), #5656, 'distance_accuracy_value', 'NONE');
#1071 = ORIENTED_EDGE ( 'NONE', *, *, #9846, .F. ) ;
#1072 = SURFACE_SIDE_STYLE ('',( #2250 ) ) ;
#1073 = CARTESIAN_POINT ( 'NONE',  ( -18.87356578579625900, 28.42825149585890500, 1.310181582379960500 ) ) ;
#1074 = EDGE_CURVE ( 'NONE', #6816, #9652, #2641, .T. ) ;
#1075 = CARTESIAN_POINT ( 'NONE',  ( -19.21703667829781600, 25.64246156271664400, -0.3283642931621243400 ) ) ;
#1076 = SURFACE_STYLE_USAGE ( .BOTH. , #6274 ) ;
#1077 = ADVANCED_FACE ( 'NONE', ( #9333 ), #10577, .F. ) ;
#1078 = PLANE ( 'NONE',  #1803 ) ;
#1079 = CARTESIAN_POINT ( 'NONE',  ( -0.8529462969709826800, -15.05000000000000100, -1.843093432716766700E-015 ) ) ;
#1080 =( GEOMETRIC_REPRESENTATION_CONTEXT ( 3 ) GLOBAL_UNCERTAINTY_ASSIGNED_CONTEXT ( ( #2189 ) ) GLOBAL_UNIT_ASSIGNED_CONTEXT ( ( #7586, #4029, #10899 ) ) REPRESENTATION_CONTEXT ( 'NONE', 'WORKASPACE' ) );
#1081 = VERTEX_POINT ( 'NONE', #1618 ) ;
#1082 = PRESENTATION_LAYER_ASSIGNMENT (  '', '', ( #1654 ) ) ;
#1083 = MECHANICAL_DESIGN_GEOMETRIC_PRESENTATION_REPRESENTATION (  '', ( #9470 ), #1657 ) ;
#1084 = CARTESIAN_POINT ( 'NONE',  ( 0.0000000000000000000, 2.265596578422603400E-015, -18.50000000000000000 ) ) ;
#1085 = SURFACE_STYLE_FILL_AREA ( #2184 ) ;
#1086 = CARTESIAN_POINT ( 'NONE',  ( -32.46446609406650900, 28.99999999999792500, -14.79289321881141600 ) ) ;
#1087 = CARTESIAN_POINT ( 'NONE',  ( -19.09277339684992500, 25.20497680502772700, 0.6285951464220584900 ) ) ;
#1088 = CARTESIAN_POINT ( 'NONE',  ( -17.72218965862000700, 28.44289207474000500, 1.683632985108000100 ) ) ;
#1089 =( LENGTH_UNIT ( ) NAMED_UNIT ( * ) SI_UNIT ( .MILLI., .METRE. ) );
#1090 = SURFACE_STYLE_USAGE ( .BOTH. , #6287 ) ;
#1091 = CARTESIAN_POINT ( 'NONE',  ( -18.76191699705454500, 26.58940511091510600, -0.9943111315928147000 ) ) ;
#1092 = DIRECTION ( 'NONE',  ( 0.0000000000000000000, 0.0000000000000000000, 1.000000000000000000 ) ) ;
#1093 = EDGE_LOOP ( 'NONE', ( #896, #9892, #366, #6736, #1572, #5937 ) ) ;
#1094 = CARTESIAN_POINT ( 'NONE',  ( -18.80988139252000500, 28.51905971703999800, -0.9976382012840002700 ) ) ;
#1095 = CARTESIAN_POINT ( 'NONE',  ( -9.300000000000002500, 32.75999999999999800, 0.0000000000000000000 ) ) ;
#1096 = AXIS2_PLACEMENT_3D ( 'NONE', #6365, #1167, #7247 ) ;
#1097 = MECHANICAL_DESIGN_GEOMETRIC_PRESENTATION_REPRESENTATION (  '', ( #11267 ), #1674 ) ;
#1098 = DIRECTION ( 'NONE',  ( 0.0000000000000000000, 0.0000000000000000000, -1.000000000000000000 ) ) ;
#1099 = ORIENTED_EDGE ( 'NONE', *, *, #2441, .T. ) ;
#1100 = SURFACE_SIDE_STYLE ('',( #2499 ) ) ;
#1101 = PLANE ( 'NONE',  #11115 ) ;
#1102 = CARTESIAN_POINT ( 'NONE',  ( -4.000000000000003600, 28.49999999999999600, 15.00000000000008700 ) ) ;
#1103 = CARTESIAN_POINT ( 'NONE',  ( -17.99999999999653600, 24.28807528334617800, 1.250000000000000200 ) ) ;
#1104 = CIRCLE ( 'NONE', #5750, 16.75000000000000000 ) ;
#1105 = CARTESIAN_POINT ( 'NONE',  ( -3.000000000000002700, 28.49999999999999600, -13.99999999949749900 ) ) ;
#1106 = MECHANICAL_DESIGN_GEOMETRIC_PRESENTATION_REPRESENTATION (  '', ( #11280 ), #1687 ) ;
#1107 = ORIENTED_EDGE ( 'NONE', *, *, #8193, .F. ) ;
#1108 = ORIENTED_EDGE ( 'NONE', *, *, #2654, .F. ) ;
#1109 = PRESENTATION_STYLE_ASSIGNMENT (( #5664 ) ) ;
#1110 = CARTESIAN_POINT ( 'NONE',  ( -8.600000000000003200, 36.90000000000000600, 0.0000000000000000000 ) ) ;
#1111 = EDGE_CURVE ( 'NONE', #10791, #7184, #3690, .T. ) ;
#1112 = FILL_AREA_STYLE ('',( #3688 ) ) ;
#1113 = FILL_AREA_STYLE_COLOUR ( '', #6418 ) ;
#1114 = CARTESIAN_POINT ( 'NONE',  ( -17.37395435699066600, 26.82935537529248600, 1.085006415404468500 ) ) ;
#1115 = CARTESIAN_POINT ( 'NONE',  ( -17.71398792227849100, 24.30541549503259100, 1.225416417627446700 ) ) ;
#1116 = CARTESIAN_POINT ( 'NONE',  ( -9.000000000000001800, 40.90000000000047500, -2.572649730810822300 ) ) ;
#1117 = CARTESIAN_POINT ( 'NONE',  ( -18.16516312472790400, 26.04769261162261900, -1.250001062670306600 ) ) ;
#1118 = ORIENTED_EDGE ( 'NONE', *, *, #5533, .F. ) ;
#1119 = DIRECTION ( 'NONE',  ( 0.0000000000000000000, 1.000000000000000000, 0.0000000000000000000 ) ) ;
#1120 = DIRECTION ( 'NONE',  ( -0.0000000000000000000, 1.000000000000000000, -0.0000000000000000000 ) ) ;
#1121 = CARTESIAN_POINT ( 'NONE',  ( -19.10402531238000600, 28.46948138711999500, 1.246730282878999700 ) ) ;
#1122 = CARTESIAN_POINT ( 'NONE',  ( -18.16512648659148300, 26.77666245163677800, 1.250000000000025300 ) ) ;
#1123 =( GEOMETRIC_REPRESENTATION_CONTEXT ( 3 ) GLOBAL_UNCERTAINTY_ASSIGNED_CONTEXT ( ( #2863 ) ) GLOBAL_UNIT_ASSIGNED_CONTEXT ( ( #3291, #9410, #4162 ) ) REPRESENTATION_CONTEXT ( 'NONE', 'WORKASPACE' ) );
#1124 = CARTESIAN_POINT ( 'NONE',  ( -18.12405697906000100, 27.70710074680000200, 1.279000178828000100 ) ) ;
#1125 = AXIS2_PLACEMENT_3D ( 'NONE', #8931, #3713, #9816 ) ;
#1126 = DIRECTION ( 'NONE',  ( 0.0000000000000000000, 0.7071046343821656400, -0.7071089279844117200 ) ) ;
#1127 = EDGE_LOOP ( 'NONE', ( #3282, #2465 ) ) ;
#1128 = COLOUR_RGB ( '',0.0000000000000000000, 0.0000000000000000000, 0.0000000000000000000 ) ;
#1129 = B_SPLINE_CURVE_WITH_KNOTS ( 'NONE', 3,
 ( #5492, #4610, #10748, #291, #6359, #1164, #7245, #2023, #8114, #2892 ),
 .UNSPECIFIED., .F., .F.,
 ( 4, 2, 2, 2, 4 ),
 ( 2.661256353505141400E-015, 0.0005001450513667639400, 0.001000290102730866600, 0.001500435154094969300, 0.002000580205459071700 ),
 .UNSPECIFIED. ) ;
#1130 = ADVANCED_BREP_SHAPE_REPRESENTATION ( 'VDE37_19x50', ( #6789, #6307, #7147, #5534, #5001, #10675, #6108 ), #281 ) ;
#1131 = CARTESIAN_POINT ( 'NONE',  ( -1.500000000000001300, 1.843093432716766700E-015, -15.05000000000000100 ) ) ;
#1132 =( NAMED_UNIT ( * ) PLANE_ANGLE_UNIT ( ) SI_UNIT ( $, .RADIAN. ) );
#1133 = CARTESIAN_POINT ( 'NONE',  ( -18.00000000000000400, 34.89999999999999900, -9.399999999999996800 ) ) ;
#1134 = DIRECTION ( 'NONE',  ( -1.000000000000000000, -0.0000000000000000000, 0.0000000000000000000 ) ) ;
#1135 = CARTESIAN_POINT ( 'NONE',  ( -30.50000000000000700, 22.50000000000000000, 5.000000000000000000 ) ) ;
#1136 = FILL_AREA_STYLE_COLOUR ( '', #3985 ) ;
#1137 = ORIENTED_EDGE ( 'NONE', *, *, #5298, .T. ) ;
#1138 = EDGE_CURVE ( 'NONE', #11307, #5078, #6183, .T. ) ;
#1139 = CARTESIAN_POINT ( 'NONE',  ( -19.83764606063000000, 28.79597310179000000, -0.04403272827613000800 ) ) ;
#1140 =( GEOMETRIC_REPRESENTATION_CONTEXT ( 3 ) GLOBAL_UNCERTAINTY_ASSIGNED_CONTEXT ( ( #10620 ) ) GLOBAL_UNIT_ASSIGNED_CONTEXT ( ( #9907, #9870, #8074 ) ) REPRESENTATION_CONTEXT ( 'NONE', 'WORKASPACE' ) );
#1141 = MECHANICAL_DESIGN_GEOMETRIC_PRESENTATION_REPRESENTATION (  '', ( #10724 ), #1722 ) ;
#1142 = MECHANICAL_DESIGN_GEOMETRIC_PRESENTATION_REPRESENTATION (  '', ( #10727 ), #1724 ) ;
#1143 = FILL_AREA_STYLE_COLOUR ( '', #6750 ) ;
#1144 = CARTESIAN_POINT ( 'NONE',  ( -17.29789510076701100, 28.51205781305520800, 1.410566787811402500 ) ) ;
#1145 = PLANE ( 'NONE',  #4888 ) ;
#1146 = CARTESIAN_POINT ( 'NONE',  ( -17.67261929320150700, 27.01699265874935200, -1.217476689563465400 ) ) ;
#1147 = VERTEX_POINT ( 'NONE', #3396 ) ;
#1148 = LINE ( 'NONE', #9482, #5496 ) ;
#1149 = CARTESIAN_POINT ( 'NONE',  ( -3.513526365292256600, 29.00000000000000000, -14.13135353576973000 ) ) ;
#1150 = VECTOR ( 'NONE', #6400, 1000.000000000000000 ) ;
#1151 = B_SPLINE_CURVE_WITH_KNOTS ( 'NONE', 3,
 ( #2710, #3582, #10589, #5361 ),
 .UNSPECIFIED., .F., .F.,
 ( 4, 4 ),
 ( 0.0000000000000000000, 0.0004913499438727881700 ),
 .UNSPECIFIED. ) ;
#1152 = CARTESIAN_POINT ( 'NONE',  ( -19.00104099685580600, 26.21477672140516500, 0.7665516619468120100 ) ) ;
#1153 = EDGE_CURVE ( 'NONE', #8845, #4620, #5923, .T. ) ;
#1154 = EDGE_LOOP ( 'NONE', ( #11128, #9917, #663, #4184 ) ) ;
#1155 = CARTESIAN_POINT ( 'NONE',  ( -23.38000000000000300, 17.38250210482000200, -9.870555875805001400 ) ) ;
#1156 = CARTESIAN_POINT ( 'NONE',  ( -19.21776869786234700, 25.18361885271071900, 0.3260750733725615900 ) ) ;
#1157 =( GEOMETRIC_REPRESENTATION_CONTEXT ( 3 ) GLOBAL_UNCERTAINTY_ASSIGNED_CONTEXT ( ( #5223 ) ) GLOBAL_UNIT_ASSIGNED_CONTEXT ( ( #468, #6530, #1326 ) ) REPRESENTATION_CONTEXT ( 'NONE', 'WORKASPACE' ) );
#1158 = ORIENTED_EDGE ( 'NONE', *, *, #10947, .T. ) ;
#1159 = SURFACE_STYLE_USAGE ( .BOTH. , #6356 ) ;
#1160 = COLOUR_RGB ( '',0.7764705882352941300, 0.7568627450980391900, 0.7372549019607843600 ) ;
#1161 = CARTESIAN_POINT ( 'NONE',  ( -3.414213562372277400, 28.49999999999999600, -15.00000000000162500 ) ) ;
#1162 = FILL_AREA_STYLE ('',( #5491 ) ) ;
#1163 = STYLED_ITEM ( 'NONE', ( #9416 ), #9772 ) ;
#1164 = CARTESIAN_POINT ( 'NONE',  ( -32.69249355177620200, 11.99985711927178800, 14.73178274731300000 ) ) ;
#1165 = CARTESIAN_POINT ( 'NONE',  ( -17.01348684733999800, 26.89514177656001000, -0.8233964113580999300 ) ) ;
#1166 = CIRCLE ( 'NONE', #9877, 0.3000000000000016500 ) ;
#1167 = DIRECTION ( 'NONE',  ( 0.0000000000000000000, 0.0000000000000000000, 1.000000000000000000 ) ) ;
#1168 = ORIENTED_EDGE ( 'NONE', *, *, #764, .T. ) ;
#1169 =( NAMED_UNIT ( * ) SI_UNIT ( $, .STERADIAN. ) SOLID_ANGLE_UNIT ( ) );
#1170 = SURFACE_SIDE_STYLE ('',( #3953 ) ) ;
#1171 = CONICAL_SURFACE ( 'NONE', #3681, 1.249999999998226500, 0.7854011994327122500 ) ;
#1172 = CARTESIAN_POINT ( 'NONE',  ( -0.8529462969709827900, 15.05000000000000100, 0.0000000000000000000 ) ) ;
#1173 = PRESENTATION_LAYER_ASSIGNMENT (  '', '', ( #18 ) ) ;
#1174 = ORIENTED_EDGE ( 'NONE', *, *, #6842, .F. ) ;
#1175 = LINE ( 'NONE', #5331, #5800 ) ;
#1176 = STYLED_ITEM ( 'NONE', ( #6877 ), #10647 ) ;
#1177 = EDGE_CURVE ( 'NONE', #284, #664, #8071, .T. ) ;
#1178 = UNCERTAINTY_MEASURE_WITH_UNIT (LENGTH_MEASURE( 1.000000000000000100E-005 ), #5400, 'distance_accuracy_value', 'NONE');
#1179 = EDGE_LOOP ( 'NONE', ( #8022, #2361, #7122, #10768 ) ) ;
#1180 = CARTESIAN_POINT ( 'NONE',  ( -18.00870251606000100, 28.77061334934999700, -1.652367668093000200 ) ) ;
#1181 = CARTESIAN_POINT ( 'NONE',  ( -18.15170152929999900, 25.09077173984999800, -1.463901928161999800 ) ) ;
#1182 = CYLINDRICAL_SURFACE ( 'NONE', #1384, 9.500000000000000000 ) ;
#1183 = ORIENTED_EDGE ( 'NONE', *, *, #34, .F. ) ;
#1184 = CARTESIAN_POINT ( 'NONE',  ( -16.77553520338369000, 28.65487430942194500, -0.9928421707568319000 ) ) ;
#1185 = DIRECTION ( 'NONE',  ( 0.0000000000000000000, 0.0000000000000000000, -1.000000000000000000 ) ) ;
#1186 = DIRECTION ( 'NONE',  ( -1.000000000000000000, 0.0000000000000000000, 0.0000000000000000000 ) ) ;
#1187 = VERTEX_POINT ( 'NONE', #9590 ) ;
#1188 = DIRECTION ( 'NONE',  ( 0.0000000000000000000, 1.000000000000000000, 0.0000000000000000000 ) ) ;
#1189 = ORIENTED_EDGE ( 'NONE', *, *, #1688, .T. ) ;
#1190 = CARTESIAN_POINT ( 'NONE',  ( -1.195978250521102100, -17.13304714212788600, -2.098193134224762400E-015 ) ) ;
#1191 = AXIS2_PLACEMENT_3D ( 'NONE', #3568, #9687, #4446 ) ;
#1192 = LINE ( 'NONE', #2713, #7851 ) ;
#1193 = DIRECTION ( 'NONE',  ( 0.0000000000000000000, 1.156482317317885200E-014, -1.000000000000000000 ) ) ;
#1194 = EDGE_CURVE ( 'NONE', #7966, #9050, #8514, .T. ) ;
#1195 = CIRCLE ( 'NONE', #5498, 0.8249999999999992900 ) ;
#1196 = SURFACE_STYLE_USAGE ( .BOTH. , #289 ) ;
#1197 = ORIENTED_EDGE ( 'NONE', *, *, #2926, .F. ) ;
#1198 =( LENGTH_UNIT ( ) NAMED_UNIT ( * ) SI_UNIT ( .MILLI., .METRE. ) );
#1199 = CARTESIAN_POINT ( 'NONE',  ( -3.999999999999949800, 29.00000000000001100, -14.49999999999999600 ) ) ;
#1200 = CARTESIAN_POINT ( 'NONE',  ( -18.00000000000000400, 28.90000000000000200, 0.0000000000000000000 ) ) ;
#1201 = ORIENTED_EDGE ( 'NONE', *, *, #2080, .F. ) ;
#1203 = SURFACE_STYLE_FILL_AREA ( #795 ) ;
#1202 = SURFACE_STYLE_USAGE ( .BOTH. , #6402 ) ;
#1204 =( LENGTH_UNIT ( ) NAMED_UNIT ( * ) SI_UNIT ( .MILLI., .METRE. ) );
#1205 = ORIENTED_EDGE ( 'NONE', *, *, #3695, .F. ) ;
#1206 = SURFACE_SIDE_STYLE ('',( #7434 ) ) ;
#1207 = VECTOR ( 'NONE', #7572, 1000.000000000000000 ) ;
#1208 =( GEOMETRIC_REPRESENTATION_CONTEXT ( 3 ) GLOBAL_UNCERTAINTY_ASSIGNED_CONTEXT ( ( #10077 ) ) GLOBAL_UNIT_ASSIGNED_CONTEXT ( ( #8318, #3100, #9206 ) ) REPRESENTATION_CONTEXT ( 'NONE', 'WORKASPACE' ) );
#1209 = CARTESIAN_POINT ( 'NONE',  ( -18.76803961979194900, 24.23574704336704900, 0.9998999413378746300 ) ) ;
#1210 = CARTESIAN_POINT ( 'NONE',  ( -16.74799412800331000, 24.40890342185471300, 0.05797854322447992800 ) ) ;
#1211 = CARTESIAN_POINT ( 'NONE',  ( -3.000000000000002700, 16.75000000000000000, 0.0000000000000000000 ) ) ;
#1212 = UNCERTAINTY_MEASURE_WITH_UNIT (LENGTH_MEASURE( 1.000000000000000100E-005 ), #6703, 'distance_accuracy_value', 'NONE');
#1213 = CARTESIAN_POINT ( 'NONE',  ( -16.74234350261855300, 26.78539241269353600, 0.03933654969922438500 ) ) ;
#1214 = PRESENTATION_LAYER_ASSIGNMENT (  '', '', ( #641 ) ) ;
#1215 = CARTESIAN_POINT ( 'NONE',  ( -19.09251658141690200, 23.07886253077530400, 0.6290589701124965600 ) ) ;
#1216 =( LENGTH_UNIT ( ) NAMED_UNIT ( * ) SI_UNIT ( .MILLI., .METRE. ) );
#1217 = CARTESIAN_POINT ( 'NONE',  ( -16.53454431116000500, 28.74525359691000000, -0.05084754281441999900 ) ) ;
#1218 = ORIENTED_EDGE ( 'NONE', *, *, #2986, .T. ) ;
#1219 = SURFACE_STYLE_FILL_AREA ( #3534 ) ;
#1220 = CARTESIAN_POINT ( 'NONE',  ( -19.17315456079205300, 28.79241049605730400, -1.053583986637178100 ) ) ;
#1221 = EDGE_CURVE ( 'NONE', #7317, #10851, #7965, .T. ) ;
#1222 = SURFACE_STYLE_USAGE ( .BOTH. , #6422 ) ;
#1223 = CARTESIAN_POINT ( 'NONE',  ( -18.76191406650984600, 22.59026560958623300, -0.9943119594713488700 ) ) ;
#1224 = SURFACE_STYLE_USAGE ( .BOTH. , #6424 ) ;
#1225 = CARTESIAN_POINT ( 'NONE',  ( -16.42490036136372900, 24.59262320298364900, 0.1467717094226335400 ) ) ;
#1226 = STYLED_ITEM ( 'NONE', ( #8875 ), #9451 ) ;
#1227 = VERTEX_POINT ( 'NONE', #4376 ) ;
#1228 = COLOUR_RGB ( '',1.000000000000000000, 1.000000000000000000, 0.9490196078431372100 ) ;
#1229 = VECTOR ( 'NONE', #8373, 1000.000000000000000 ) ;
#1230 = CARTESIAN_POINT ( 'NONE',  ( -1.500000000000001300, 0.0000000000000000000, 0.0000000000000000000 ) ) ;
#1231 = DIRECTION ( 'NONE',  ( -0.0000000000000000000, -0.0000000000000000000, 1.000000000000000000 ) ) ;
#1232 = DIRECTION ( 'NONE',  ( 0.0000000000000000000, 1.000000000000000000, 0.0000000000000000000 ) ) ;
#1233 = ORIENTED_EDGE ( 'NONE', *, *, #5444, .F. ) ;
#1234 = PRESENTATION_STYLE_ASSIGNMENT (( #4433 ) ) ;
#1235 = DIRECTION ( 'NONE',  ( 1.000000000000000000, 0.0000000000000000000, 0.0000000000000000000 ) ) ;
#1236 = PRESENTATION_STYLE_ASSIGNMENT (( #4573 ) ) ;
#1237 = MECHANICAL_DESIGN_GEOMETRIC_PRESENTATION_REPRESENTATION (  '', ( #10215 ), #1815 ) ;
#1238 = EDGE_CURVE ( 'NONE', #3492, #2730, #8223, .T. ) ;
#1239 = FILL_AREA_STYLE_COLOUR ( '', #8718 ) ;
#1240 = FILL_AREA_STYLE ('',( #375 ) ) ;
#1241 = FILL_AREA_STYLE ('',( #9924 ) ) ;
#1242 = ORIENTED_EDGE ( 'NONE', *, *, #2064, .F. ) ;
#1243 = ORIENTED_EDGE ( 'NONE', *, *, #10932, .T. ) ;
#1244 = VECTOR ( 'NONE', #5422, 1000.000000000000000 ) ;
#1245 = FACE_BOUND ( 'NONE', #8730, .T. ) ;
#1246 = CARTESIAN_POINT ( 'NONE',  ( -17.91824847206000000, 28.71989384446999700, 1.277483321629000000 ) ) ;
#1247 = PRESENTATION_LAYER_ASSIGNMENT (  '', '', ( #99 ) ) ;
#1248 = EDGE_CURVE ( 'NONE', #7238, #7, #1559, .T. ) ;
#1249 = ORIENTED_EDGE ( 'NONE', *, *, #4846, .F. ) ;
#1250 = SURFACE_STYLE_FILL_AREA ( #2525 ) ;
#1251 = FILL_AREA_STYLE_COLOUR ( '', #11118 ) ;
#1252 = DIRECTION ( 'NONE',  ( 0.0000000000000000000, -1.000000000000000000, -4.128737727286349000E-015 ) ) ;
#1253 = CARTESIAN_POINT ( 'NONE',  ( -18.16516504286713000, 22.77786367204449300, 1.250000000000558000 ) ) ;
#1254 = CARTESIAN_POINT ( 'NONE',  ( -17.51939286258878100, 26.69357237945353100, 1.153755711714606700 ) ) ;
#1255 = DIRECTION ( 'NONE',  ( -0.0000000000000000000, -0.0000000000000000000, 1.000000000000000000 ) ) ;
#1256 = CYLINDRICAL_SURFACE ( 'NONE', #529, 0.5000000000000004400 ) ;
#1257 = CARTESIAN_POINT ( 'NONE',  ( -17.81648389137827900, 24.98340809892878400, 1.735491823437355100 ) ) ;
#1258 = CARTESIAN_POINT ( 'NONE',  ( -17.99999999999976200, 24.91246908623338300, -1.250000000000000000 ) ) ;
#1259 = ADVANCED_FACE ( 'NONE', ( #7947 ), #9174, .F. ) ;
#1260 = ORIENTED_EDGE ( 'NONE', *, *, #6104, .T. ) ;
#1261 = CARTESIAN_POINT ( 'NONE',  ( -17.67275303836011700, 22.80801238231449800, 1.217478611659843900 ) ) ;
#1262 = DIRECTION ( 'NONE',  ( 0.0000000000000000000, 0.0000000000000000000, 1.000000000000000000 ) ) ;
#1263 = UNCERTAINTY_MEASURE_WITH_UNIT (LENGTH_MEASURE( 1.000000000000000100E-005 ), #7607, 'distance_accuracy_value', 'NONE');
#1264 = DIRECTION ( 'NONE',  ( -0.0000000000000000000, 1.000000000000000000, -0.0000000000000000000 ) ) ;
#1265 =( GEOMETRIC_REPRESENTATION_CONTEXT ( 3 ) GLOBAL_UNCERTAINTY_ASSIGNED_CONTEXT ( ( #8047 ) ) GLOBAL_UNIT_ASSIGNED_CONTEXT ( ( #9034, #3814, #9912 ) ) REPRESENTATION_CONTEXT ( 'NONE', 'WORKASPACE' ) );
#1266 = ORIENTED_EDGE ( 'NONE', *, *, #3078, .T. ) ;
#1267 = LINE ( 'NONE', #8482, #3575 ) ;
#1268 = PRESENTATION_STYLE_ASSIGNMENT (( #3044 ) ) ;
#1269 = DIRECTION ( 'NONE',  ( -1.000000000000000000, -0.0000000000000000000, -0.0000000000000000000 ) ) ;
#1270 = CARTESIAN_POINT ( 'NONE',  ( -19.24992032254084500, 26.54833380020408000, 0.1643586964732273700 ) ) ;
#1271 = CARTESIAN_POINT ( 'NONE',  ( -8.600000000000003200, 28.68000000000000000, 3.275999999999999800 ) ) ;
#1272 = CYLINDRICAL_SURFACE ( 'NONE', #4073, 0.2999999999999964400 ) ;
#1273 = CARTESIAN_POINT ( 'NONE',  ( -33.00000000000000000, 22.50000000000000400, -12.00000000000000200 ) ) ;
#1274 = DIRECTION ( 'NONE',  ( 0.0000000000000000000, 1.000000000000000000, 0.0000000000000000000 ) ) ;
#1275 = ORIENTED_EDGE ( 'NONE', *, *, #10166, .T. ) ;
#1276 = EDGE_CURVE ( 'NONE', #6816, #7300, #2500, .T. ) ;
#1277 = CARTESIAN_POINT ( 'NONE',  ( -15.23238353578355100, 18.22429370421847100, -3.197418443042085100 ) ) ;
#1278 = COLOUR_RGB ( '',1.000000000000000000, 1.000000000000000000, 0.9490196078431372100 ) ;
#1279 = FILL_AREA_STYLE_COLOUR ( '', #1128 ) ;
#1280 = VECTOR ( 'NONE', #11272, 1000.000000000000100 ) ;
#1281 = SURFACE_SIDE_STYLE ('',( #5612 ) ) ;
#1282 = DIRECTION ( 'NONE',  ( -1.000000000000000000, -0.0000000000000000000, -0.0000000000000000000 ) ) ;
#1283 = ADVANCED_FACE ( 'NONE', ( #7137 ), #4127, .F. ) ;
#1284 = ORIENTED_EDGE ( 'NONE', *, *, #6579, .T. ) ;
#1285 = DIRECTION ( 'NONE',  ( -0.0000000000000000000, 1.000000000000000000, -3.100554544781976400E-015 ) ) ;
#1286 = CARTESIAN_POINT ( 'NONE',  ( -9.298000000000000000, 33.37999999999999500, 0.9042639803576003600 ) ) ;
#1287 = CARTESIAN_POINT ( 'NONE',  ( -16.45471505683326200, 24.58463534188404900, 0.3026179700817572300 ) ) ;
#1288 = EDGE_LOOP ( 'NONE', ( #8683, #1716, #10273, #2236, #6131, #6779, #4451, #8335, #3523, #9966, #5792, #4011 ) ) ;
#1289 = CARTESIAN_POINT ( 'NONE',  ( -19.34945113497100200, 25.79536706916879000, -1.106612519352909300 ) ) ;
#1290 = FACE_OUTER_BOUND ( 'NONE', #9348, .T. ) ;
#1291 = B_SPLINE_CURVE_WITH_KNOTS ( 'NONE', 3,
 ( #2959, #1225, #9938, #4716, #10852, #5590, #390, #6462, #1257, #7347, #2113, #8213, #2992, #9096, #3873, #9973, #4756, #10884, #5617, #429, #6495, #1289, #7383, #2152, #8248, #3026, #9128, #3908, #10013, #4790, #10918, #5662, #466, #6528, #1323 ),
 .UNSPECIFIED., .F., .F.,
 ( 4, 1, 1, 1, 1, 1, 1, 1, 1, 1, 1, 1, 1, 1, 1, 1, 1, 1, 1, 1, 1, 1, 1, 1, 1, 1, 1, 1, 1, 1, 1, 1, 4 ),
 ( 0.0000000000000000000, 0.0004737632699418767800, 0.001704039621441892800, 0.002934315972941904800, 0.004164592324441908200, 0.005394868675941915900, 0.006625145027441927900, 0.007855421378941939900, 0.009085697730441948500, 0.01031597408194195400, 0.01154625043344196200, 0.01277652678494197400, 0.01400680313644198300, 0.01523707948794198900, 0.01646735583944200200, 0.01769763219094201000, 0.01892790854244201900, 0.02015818489394202400, 0.02138846124544203200, 0.02261873759694204400, 0.02384901394844204600, 0.02507929029994206500, 0.02630956665144207000, 0.02753984300294207800, 0.02877011935444208700, 0.03000039570594209200, 0.03123067205744210400, 0.03246094840894211300, 0.03369122476044212500, 0.03492150111194099200, 0.03615177746344100400, 0.03738205381494062700, 0.03785581663848200400 ),
 .UNSPECIFIED. ) ;
#1292 = SURFACE_STYLE_FILL_AREA ( #1589 ) ;
#1293 = AXIS2_PLACEMENT_3D ( 'NONE', #10160, #4941, #11059 ) ;
#1294 = CARTESIAN_POINT ( 'NONE',  ( -18.99924201516056900, 24.61007543782909200, -0.7685195102041251200 ) ) ;
#1295 = CARTESIAN_POINT ( 'NONE',  ( -17.00112493858075500, 27.34001741907442500, -0.7689719474395869700 ) ) ;
#1296 = ORIENTED_EDGE ( 'NONE', *, *, #1074, .F. ) ;
#1297 = CARTESIAN_POINT ( 'NONE',  ( -17.23196021025294300, 22.98578961285862800, -0.9998996301513274300 ) ) ;
#1298 = DIRECTION ( 'NONE',  ( 0.0000000000000000000, 1.000000000000000000, 0.0000000000000000000 ) ) ;
#1299 = LINE ( 'NONE', #6784, #5940 ) ;
#1300 = CARTESIAN_POINT ( 'NONE',  ( -17.47891536531172100, 22.99915333733779800, 1.665556467313813900 ) ) ;
#1301 = CARTESIAN_POINT ( 'NONE',  ( -4.000000000000003600, 20.08095189484499700, -14.99999999999999800 ) ) ;
#1302 = CIRCLE ( 'NONE', #6809, 15.94956969548780300 ) ;
#1303 = CARTESIAN_POINT ( 'NONE',  ( -9.400000000000005700, 31.50000000000000000, 0.0000000000000000000 ) ) ;
#1304 = LINE ( 'NONE', #2148, #10306 ) ;
#1305 = ORIENTED_EDGE ( 'NONE', *, *, #7501, .F. ) ;
#1306 = CARTESIAN_POINT ( 'NONE',  ( -19.21777714714261600, 26.01591139249942200, -0.3260580144331427000 ) ) ;
#1307 = PRESENTATION_STYLE_ASSIGNMENT (( #5497 ) ) ;
#1308 = DIRECTION ( 'NONE',  ( 0.0000000000000000000, 0.0000000000000000000, -1.000000000000000000 ) ) ;
#1309 = CARTESIAN_POINT ( 'NONE',  ( -18.00000000000000400, 34.07499999999999600, -9.399999999999998600 ) ) ;
#1310 = CARTESIAN_POINT ( 'NONE',  ( -16.40000000000000600, 33.89999999999999900, -8.300000000000000700 ) ) ;
#1311 = STYLED_ITEM ( 'NONE', ( #8623 ), #7315 ) ;
#1312 = FACE_OUTER_BOUND ( 'NONE', #7469, .T. ) ;
#1313 = EDGE_CURVE ( 'NONE', #8170, #4357, #8848, .T. ) ;
#1314 = ORIENTED_EDGE ( 'NONE', *, *, #3159, .F. ) ;
#1315 = ORIENTED_EDGE ( 'NONE', *, *, #10075, .F. ) ;
#1316 = CARTESIAN_POINT ( 'NONE',  ( -18.00000000000000400, 28.41093935102359700, 1.250000000000000000 ) ) ;
#1317 = SURFACE_STYLE_USAGE ( .BOTH. , #6523 ) ;
#1318 = FACE_OUTER_BOUND ( 'NONE', #7592, .T. ) ;
#1319 = DIRECTION ( 'NONE',  ( 0.0000000000000000000, 0.0000000000000000000, -1.000000000000000000 ) ) ;
#1320 = FILL_AREA_STYLE_COLOUR ( '', #3379 ) ;
#1321 = VERTEX_POINT ( 'NONE', #1989 ) ;
#1322 = CARTESIAN_POINT ( 'NONE',  ( -27.89573601964000500, 18.22603879947000000, -5.000000000000000000 ) ) ;
#1323 = CARTESIAN_POINT ( 'NONE',  ( -17.39453914038488600, 26.50643172115461600, 1.453581899612833100 ) ) ;
#1324 = AXIS2_PLACEMENT_3D ( 'NONE', #6559, #462, #10992 ) ;
#1325 = VERTEX_POINT ( 'NONE', #8810 ) ;
#1326 =( NAMED_UNIT ( * ) SI_UNIT ( $, .STERADIAN. ) SOLID_ANGLE_UNIT ( ) );
#1327 = MECHANICAL_DESIGN_GEOMETRIC_PRESENTATION_REPRESENTATION (  '', ( #10922 ), #1919 ) ;
#1328 = PRESENTATION_STYLE_ASSIGNMENT (( #10763 ) ) ;
#1329 = CARTESIAN_POINT ( 'NONE',  ( -18.00000000000000400, 28.41093935102359700, -1.250000000000000000 ) ) ;
#1330 =( LENGTH_UNIT ( ) NAMED_UNIT ( * ) SI_UNIT ( .MILLI., .METRE. ) );
#1331 = FACE_OUTER_BOUND ( 'NONE', #7289, .T. ) ;
#1332 = CARTESIAN_POINT ( 'NONE',  ( -27.89573601964000500, 22.50000000000000000, 8.895736019642004800 ) ) ;
#1333 = ORIENTED_EDGE ( 'NONE', *, *, #4737, .T. ) ;
#1334 =( LENGTH_UNIT ( ) NAMED_UNIT ( * ) SI_UNIT ( .MILLI., .METRE. ) );
#1335 =( NAMED_UNIT ( * ) SI_UNIT ( $, .STERADIAN. ) SOLID_ANGLE_UNIT ( ) );
#1336 = FACE_OUTER_BOUND ( 'NONE', #3064, .T. ) ;
#1337 = UNCERTAINTY_MEASURE_WITH_UNIT (LENGTH_MEASURE( 1.000000000000000100E-005 ), #1198, 'distance_accuracy_value', 'NONE');
#1338 = VECTOR ( 'NONE', #3023, 1000.000000000000000 ) ;
#1339 =( LENGTH_UNIT ( ) NAMED_UNIT ( * ) SI_UNIT ( .MILLI., .METRE. ) );
#1340 = CARTESIAN_POINT ( 'NONE',  ( -9.300000000000002500, 32.82000000000000000, 0.5000000000000000000 ) ) ;
#1341 = EDGE_CURVE ( 'NONE', #8112, #1507, #8354, .T. ) ;
#1342 = PRESENTATION_STYLE_ASSIGNMENT (( #9231 ) ) ;
#1343 = STYLED_ITEM ( 'NONE', ( #8929 ), #2784 ) ;
#1344 = ORIENTED_EDGE ( 'NONE', *, *, #5096, .T. ) ;
#1345 = SURFACE_STYLE_FILL_AREA ( #8965 ) ;
#1346 =( LENGTH_UNIT ( ) NAMED_UNIT ( * ) SI_UNIT ( .MILLI., .METRE. ) );
#1347 = AXIS2_PLACEMENT_3D ( 'NONE', #5366, #8853, #3634 ) ;
#1348 = DIRECTION ( 'NONE',  ( 0.0000000000000000000, 0.0000000000000000000, 1.000000000000000000 ) ) ;
#1349 = AXIS2_PLACEMENT_3D ( 'NONE', #9775, #7213, #2029 ) ;
#1350 = CARTESIAN_POINT ( 'NONE',  ( -2.999999999999865400, 12.72069534731533500, 14.11426497867081800 ) ) ;
#1351 = CARTESIAN_POINT ( 'NONE',  ( -16.90722666787276700, 25.45497595649179000, -0.6285953634724370500 ) ) ;
#1352 = FACE_OUTER_BOUND ( 'NONE', #2552, .T. ) ;
#1353 = COLOUR_RGB ( '',0.7764705882352941300, 0.7568627450980391900, 0.7372549019607843600 ) ;
#1354 = CARTESIAN_POINT ( 'NONE',  ( -16.75005193457883100, 26.29834903753023300, -0.1646085024166714900 ) ) ;
#1355 = FACE_OUTER_BOUND ( 'NONE', #994, .T. ) ;
#1356 = ORIENTED_EDGE ( 'NONE', *, *, #1397, .F. ) ;
#1357 = ORIENTED_EDGE ( 'NONE', *, *, #1153, .T. ) ;
#1358 = CARTESIAN_POINT ( 'NONE',  ( -18.32638171114562900, 24.43364537170474900, -1.217803235399749400 ) ) ;
#1359 = EDGE_CURVE ( 'NONE', #3628, #9991, #1129, .T. ) ;
#1360 = CARTESIAN_POINT ( 'NONE',  ( -17.37393141554378700, 28.20395676297101400, 1.084991652746996700 ) ) ;
#1361 = CARTESIAN_POINT ( 'NONE',  ( -19.27326012525447800, 28.53133226552127500, -0.1091171836741781200 ) ) ;
#1362 = SURFACE_STYLE_FILL_AREA ( #10743 ) ;
#1363 = CARTESIAN_POINT ( 'NONE',  ( -9.300000000000002500, 32.25999999999999800, 0.3500000000000000300 ) ) ;
#1364 = AXIS2_PLACEMENT_3D ( 'NONE', #319, #6392, #1193 ) ;
#1365 = FILL_AREA_STYLE ('',( #1143 ) ) ;
#1366 = DIRECTION ( 'NONE',  ( 0.0000000000000000000, 0.0000000000000000000, 1.000000000000000000 ) ) ;
#1367 = PRESENTATION_LAYER_ASSIGNMENT (  '', '', ( #788 ) ) ;
#1368 = B_SPLINE_CURVE_WITH_KNOTS ( 'NONE', 3,
 ( #4271, #1668, #6833, #10396, #5178, #11302, #6050, #827, #6908, #1708, #7792, #2571, #8676, #3439, #9567, #4312, #10435, #5216, #10, #6086, #864, #6946 ),
 .UNSPECIFIED., .F., .F.,
 ( 4, 2, 2, 2, 2, 2, 2, 2, 2, 2, 4 ),
 ( -0.02349560654808737600, -0.02325082637008029500, -0.02300604619207321000, -0.02251648583605904400, -0.02202692548004488200, -0.02153736512403071600, -0.02104780476801654900, -0.02055824441200238300, -0.02031346423399530200, -0.02006868405598821700, -0.01957912369997404100 ),
 .UNSPECIFIED. ) ;
#1369 = VECTOR ( 'NONE', #3289, 1000.000000000000000 ) ;
#1370 = ORIENTED_EDGE ( 'NONE', *, *, #2939, .F. ) ;
#1371 = UNCERTAINTY_MEASURE_WITH_UNIT (LENGTH_MEASURE( 1.000000000000000100E-005 ), #9208, 'distance_accuracy_value', 'NONE');
#1372 = CARTESIAN_POINT ( 'NONE',  ( -16.96453133916836000, 26.36514847744837600, 0.7149045136537105500 ) ) ;
#1373 = DIRECTION ( 'NONE',  ( 1.000000000000000000, 0.0000000000000000000, 0.0000000000000000000 ) ) ;
#1374 = FILL_AREA_STYLE ('',( #10059 ) ) ;
#1375 = DIRECTION ( 'NONE',  ( -0.0000000000000000000, -1.000000000000000000, -0.0000000000000000000 ) ) ;
#1376 = CARTESIAN_POINT ( 'NONE',  ( -50.00000000000000000, 0.0000000000000000000, 0.0000000000000000000 ) ) ;
#1377 = SURFACE_STYLE_USAGE ( .BOTH. , #6574 ) ;
#1378 = CIRCLE ( 'NONE', #7481, 19.00000000000000000 ) ;
#1379 = PLANE ( 'NONE',  #6683 ) ;
#1380 = PRESENTATION_STYLE_ASSIGNMENT (( #10915 ) ) ;
#1381 = PRESENTATION_LAYER_ASSIGNMENT (  '', '', ( #10967 ) ) ;
#1382 = ORIENTED_EDGE ( 'NONE', *, *, #532, .T. ) ;
#1383 = CYLINDRICAL_SURFACE ( 'NONE', #4495, 17.20000000223977600 ) ;
#1384 = AXIS2_PLACEMENT_3D ( 'NONE', #9791, #6311, #9825 ) ;
#1385 = EDGE_CURVE ( 'NONE', #8229, #7322, #6057, .T. ) ;
#1386 = CARTESIAN_POINT ( 'NONE',  ( -18.99509429308000500, 27.66476776776000400, 0.8130307030029001500 ) ) ;
#1387 = PLANE ( 'NONE',  #2068 ) ;
#1388 = CARTESIAN_POINT ( 'NONE',  ( -16.88859227496000800, 24.38330045015000300, -0.3311917310197999800 ) ) ;
#1389 = CARTESIAN_POINT ( 'NONE',  ( -16.78294685102465800, 27.39191488512895800, 0.3283187447577337000 ) ) ;
#1390 = SURFACE_SIDE_STYLE ('',( #8816 ) ) ;
#1391 = FILL_AREA_STYLE ('',( #5571 ) ) ;
#1392 = VERTEX_POINT ( 'NONE', #4653 ) ;
#1393 = CARTESIAN_POINT ( 'NONE',  ( -23.38000000000000300, 15.76490173463226300, -9.870555875805003200 ) ) ;
#1394 = FACE_OUTER_BOUND ( 'NONE', #2310, .T. ) ;
#1395 = AXIS2_PLACEMENT_3D ( 'NONE', #1230, #7318, #5596 ) ;
#1396 = FILL_AREA_STYLE_COLOUR ( '', #1808 ) ;
#1397 = EDGE_CURVE ( 'NONE', #9812, #2083, #3447, .T. ) ;
#1398 = CARTESIAN_POINT ( 'NONE',  ( -18.62646762883110400, 24.62101510387254100, 1.084753739365466500 ) ) ;
#1399 = CARTESIAN_POINT ( 'NONE',  ( -17.67265883719607800, 28.39134645731552800, -1.217482473861794400 ) ) ;
#1400 =( NAMED_UNIT ( * ) PLANE_ANGLE_UNIT ( ) SI_UNIT ( $, .RADIAN. ) );
#1401 = ORIENTED_EDGE ( 'NONE', *, *, #4303, .F. ) ;
#1402 = COLOUR_RGB ( '',0.9803921568627450600, 0.6274509803921568500, 0.0000000000000000000 ) ;
#1403 = CARTESIAN_POINT ( 'NONE',  ( -1.195978250521102100, -17.13304714212788600, -2.098193134224762000E-015 ) ) ;
#1404 = CARTESIAN_POINT ( 'NONE',  ( -19.60000000000000100, 33.89999999999999900, 7.600000000000000500 ) ) ;
#1405 = UNCERTAINTY_MEASURE_WITH_UNIT (LENGTH_MEASURE( 1.000000000000000100E-005 ), #2828, 'distance_accuracy_value', 'NONE');
#1406 =( NAMED_UNIT ( * ) SI_UNIT ( $, .STERADIAN. ) SOLID_ANGLE_UNIT ( ) );
#1407 = CARTESIAN_POINT ( 'NONE',  ( -9.400000000000005700, 32.25999999999999800, 0.3500000000000000300 ) ) ;
#1408 = DIRECTION ( 'NONE',  ( 0.0000000000000000000, 0.0000000000000000000, 1.000000000000000000 ) ) ;
#1409 = EDGE_LOOP ( 'NONE', ( #10779, #4236, #2102, #9317, #5172, #5947 ) ) ;
#1410 = FILL_AREA_STYLE ('',( #4884 ) ) ;
#1411 = PRESENTATION_STYLE_ASSIGNMENT (( #10760 ) ) ;
#1412 = AXIS2_PLACEMENT_3D ( 'NONE', #1037, #7106, #1899 ) ;
#1413 = PRESENTATION_STYLE_ASSIGNMENT (( #2932 ) ) ;
#1414 = ADVANCED_FACE ( 'NONE', ( #8090 ), #6990, .F. ) ;
#1415 = CARTESIAN_POINT ( 'NONE',  ( -18.00000000000000400, 38.89999999999999100, 8.599999999999999600 ) ) ;
#1416 =( GEOMETRIC_REPRESENTATION_CONTEXT ( 3 ) GLOBAL_UNCERTAINTY_ASSIGNED_CONTEXT ( ( #31 ) ) GLOBAL_UNIT_ASSIGNED_CONTEXT ( ( #5503, #304, #6373 ) ) REPRESENTATION_CONTEXT ( 'NONE', 'WORKASPACE' ) );
#1417 = ORIENTED_EDGE ( 'NONE', *, *, #4962, .F. ) ;
#1418 = ORIENTED_EDGE ( 'NONE', *, *, #3943, .T. ) ;
#1419 = VECTOR ( 'NONE', #10103, 1000.000000000000000 ) ;
#1420 = CARTESIAN_POINT ( 'NONE',  ( -16.72061683809000200, 26.85280879752000500, 0.1200430021293000200 ) ) ;
#1421 = COLOUR_RGB ( '',0.1098039215686274500, 0.1098039215686274500, 0.1098039215686274500 ) ;
#1422 = CARTESIAN_POINT ( 'NONE',  ( -19.26628963234696800, 28.17394028677532000, 0.1710073283507826700 ) ) ;
#1423 = CARTESIAN_POINT ( 'NONE',  ( -18.00000000000026600, 25.66248407259706700, 1.249999999999998900 ) ) ;
#1424 = PRESENTATION_STYLE_ASSIGNMENT (( #7790 ) ) ;
#1425 = FILL_AREA_STYLE_COLOUR ( '', #10322 ) ;
#1426 = CARTESIAN_POINT ( 'NONE',  ( -17.83584205507423400, 23.67260145670453400, 1.249999999999997300 ) ) ;
#1427 = EDGE_CURVE ( 'NONE', #3433, #721, #333, .T. ) ;
#1428 = ORIENTED_EDGE ( 'NONE', *, *, #11205, .T. ) ;
#1429 = SURFACE_SIDE_STYLE ('',( #6132 ) ) ;
#1430 = VECTOR ( 'NONE', #10792, 1000.000000000000000 ) ;
#1431 = AXIS2_PLACEMENT_3D ( 'NONE', #7319, #9911, #2084 ) ;
#1432 =( GEOMETRIC_REPRESENTATION_CONTEXT ( 3 ) GLOBAL_UNCERTAINTY_ASSIGNED_CONTEXT ( ( #11226 ) ) GLOBAL_UNIT_ASSIGNED_CONTEXT ( ( #2657, #8758, #3531 ) ) REPRESENTATION_CONTEXT ( 'NONE', 'WORKASPACE' ) );
#1433 = VECTOR ( 'NONE', #7211, 1000.000000000000000 ) ;
#1434 = FILL_AREA_STYLE ('',( #11159 ) ) ;
#1435 = SURFACE_STYLE_FILL_AREA ( #9247 ) ;
#1436 = ORIENTED_EDGE ( 'NONE', *, *, #1455, .F. ) ;
#1437 = CARTESIAN_POINT ( 'NONE',  ( -16.70000000000000600, 28.89999999999999500, -8.600000000000001400 ) ) ;
#1438 = FILL_AREA_STYLE ('',( #10123 ) ) ;
#1439 =( NAMED_UNIT ( * ) SI_UNIT ( $, .STERADIAN. ) SOLID_ANGLE_UNIT ( ) );
#1440 = ORIENTED_EDGE ( 'NONE', *, *, #3602, .T. ) ;
#1441 = CARTESIAN_POINT ( 'NONE',  ( -17.51945024048706000, 26.31929100186666300, 1.153779678391972900 ) ) ;
#1442 =( NAMED_UNIT ( * ) SI_UNIT ( $, .STERADIAN. ) SOLID_ANGLE_UNIT ( ) );
#1444 = ORIENTED_EDGE ( 'NONE', *, *, #2526, .F. ) ;
#1443 = CARTESIAN_POINT ( 'NONE',  ( -0.8529462969709827900, 1.843093432716766700E-015, -15.05000000000000100 ) ) ;
#1445 = CARTESIAN_POINT ( 'NONE',  ( -9.350000000000005000, 33.31999999999999300, -0.8000000000000000400 ) ) ;
#1446 = B_SPLINE_CURVE_WITH_KNOTS ( 'NONE', 3,
 ( #7199, #1117, #3691, #1981, #8072, #2848, #8952, #3730, #9831, #4604, #10739, #5486, #286, #6354, #1152, #7235, #2017, #8106, #2883, #8992 ),
 .UNSPECIFIED., .F., .F.,
 ( 4, 2, 2, 2, 2, 2, 2, 2, 2, 4 ),
 ( -0.003915228662961602000, -0.003425825080091395300, -0.003181123288656292600, -0.002936421497221189400, -0.002447017914350990900, -0.001957614331480792800, -0.001468210748610594300, -0.0009788071657403966100, -0.0004894035828701980900, 0.0000000000000000000 ),
 .UNSPECIFIED. ) ;
#1447 = CARTESIAN_POINT ( 'NONE',  ( -18.86845782830000200, 23.88389708205000500, 1.628070143900000300 ) ) ;
#1448 = ADVANCED_FACE ( 'NONE', ( #4680 ), #7321, .T. ) ;
#1449 =( GEOMETRIC_REPRESENTATION_CONTEXT ( 3 ) GLOBAL_UNCERTAINTY_ASSIGNED_CONTEXT ( ( #7079 ) ) GLOBAL_UNIT_ASSIGNED_CONTEXT ( ( #1339, #7427, #2200 ) ) REPRESENTATION_CONTEXT ( 'NONE', 'WORKASPACE' ) );
#1450 = ORIENTED_EDGE ( 'NONE', *, *, #1982, .T. ) ;
#1451 = CARTESIAN_POINT ( 'NONE',  ( -9.169131808875345500, 40.90000000000039600, -2.572649730810868500 ) ) ;
#1452 =( NAMED_UNIT ( * ) PLANE_ANGLE_UNIT ( ) SI_UNIT ( $, .RADIAN. ) );
#1453 = AXIS2_PLACEMENT_3D ( 'NONE', #3068, #9168, #3952 ) ;
#1454 = DIRECTION ( 'NONE',  ( 0.0000000000000000000, -0.0000000000000000000, 1.000000000000000000 ) ) ;
#1455 = EDGE_CURVE ( 'NONE', #4870, #1018, #3856, .T. ) ;
#1456 =( NAMED_UNIT ( * ) PLANE_ANGLE_UNIT ( ) SI_UNIT ( $, .RADIAN. ) );
#1457 = ORIENTED_EDGE ( 'NONE', *, *, #405, .T. ) ;
#1458 = CARTESIAN_POINT ( 'NONE',  ( -17.18831103100589500, 23.18652848431779700, -1.544917675137841700 ) ) ;
#1459 = PLANE ( 'NONE',  #6519 ) ;
#1460 = CARTESIAN_POINT ( 'NONE',  ( -18.17483212275999800, 26.28470773563000100, -1.836918963349000200 ) ) ;
#1461 =( NAMED_UNIT ( * ) SI_UNIT ( $, .STERADIAN. ) SOLID_ANGLE_UNIT ( ) );
#1462 = FILL_AREA_STYLE ('',( #6080 ) ) ;
#1463 = SURFACE_STYLE_FILL_AREA ( #3759 ) ;
#1464 = COLOUR_RGB ( '',0.7764705882352941300, 0.7568627450980391900, 0.7372549019607843600 ) ;
#1465 = EDGE_LOOP ( 'NONE', ( #8325, #2887, #7895, #6482 ) ) ;
#1466 = CARTESIAN_POINT ( 'NONE',  ( -18.48487200392000300, 28.30337468720000200, 1.284469952357999900 ) ) ;
#1467 =( NAMED_UNIT ( * ) SI_UNIT ( $, .STERADIAN. ) SOLID_ANGLE_UNIT ( ) );
#1468 = ORIENTED_EDGE ( 'NONE', *, *, #5925, .F. ) ;
#1469 = CARTESIAN_POINT ( 'NONE',  ( -18.60953527793000700, 24.19592530317000000, 1.131219074966000300 ) ) ;
#1470 = DIRECTION ( 'NONE',  ( -0.0000000000000000000, -1.000000000000000000, -0.0000000000000000000 ) ) ;
#1471 = CARTESIAN_POINT ( 'NONE',  ( -18.94220693269802800, 28.09493781940290400, 0.8254780750100427800 ) ) ;
#1472 = PRESENTATION_LAYER_ASSIGNMENT (  '', '', ( #310 ) ) ;
#1473 = CARTESIAN_POINT ( 'NONE',  ( -16.78258310935260800, 23.80869894887471700, -0.3271398832021381600 ) ) ;
#1474 = EDGE_CURVE ( 'NONE', #9788, #5121, #6174, .T. ) ;
#1475 = CARTESIAN_POINT ( 'NONE',  ( -17.99999999999617700, 23.28810859991802200, 1.250000000000000000 ) ) ;
#1476 = ORIENTED_EDGE ( 'NONE', *, *, #3885, .F. ) ;
#1477 = SURFACE_STYLE_USAGE ( .BOTH. , #10984 ) ;
#1478 = CYLINDRICAL_SURFACE ( 'NONE', #1324, 17.00000000000000000 ) ;
#1479 =( NAMED_UNIT ( * ) SI_UNIT ( $, .STERADIAN. ) SOLID_ANGLE_UNIT ( ) );
#1480 = SURFACE_SIDE_STYLE ('',( #1435 ) ) ;
#1481 = SURFACE_SIDE_STYLE ('',( #5592 ) ) ;
#1482 = CARTESIAN_POINT ( 'NONE',  ( -18.00000000000377300, 23.53810426649063100, -1.250000000000000700 ) ) ;
#1483 = CARTESIAN_POINT ( 'NONE',  ( -33.00000000000000000, 12.53213723024000200, -14.55999999999999900 ) ) ;
#1484 = ORIENTED_EDGE ( 'NONE', *, *, #804, .T. ) ;
#1485 = CARTESIAN_POINT ( 'NONE',  ( -16.23838073449999800, 23.07193811181000600, -0.5491165249792000500 ) ) ;
#1486 = CIRCLE ( 'NONE', #7063, 1.450008804531466100 ) ;
#1487 = MECHANICAL_DESIGN_GEOMETRIC_PRESENTATION_REPRESENTATION (  '', ( #328 ), #2052 ) ;
#1488 = CARTESIAN_POINT ( 'NONE',  ( -8.566504868968806400, 15.90876294547894400, -9.443702859265622300 ) ) ;
#1489 = CARTESIAN_POINT ( 'NONE',  ( -18.99702889356000300, 25.05592918290000200, -0.8106571266013999900 ) ) ;
#1490 = CARTESIAN_POINT ( 'NONE',  ( -0.05597972129318613100, 15.46179454901447800, 3.787047440704914600E-015 ) ) ;
#1491 = CARTESIAN_POINT ( 'NONE',  ( -18.00000000000020300, 27.53755804752040600, -1.249999999999999800 ) ) ;
#1492 = CARTESIAN_POINT ( 'NONE',  ( -17.82132403753000500, 25.93061022597000300, 1.836547375940000200 ) ) ;
#1493 =( NAMED_UNIT ( * ) SI_UNIT ( $, .STERADIAN. ) SOLID_ANGLE_UNIT ( ) );
#1494 = CARTESIAN_POINT ( 'NONE',  ( -19.16557201471000500, 25.47274876539000100, 1.430480085058000000 ) ) ;
#1495 = ORIENTED_EDGE ( 'NONE', *, *, #11088, .F. ) ;
#1496 = CARTESIAN_POINT ( 'NONE',  ( -0.8529462969709826800, -15.05000000000000100, -1.843093432716766700E-015 ) ) ;
#1497 = VECTOR ( 'NONE', #2190, 1000.000000000000000 ) ;
#1498 = EDGE_CURVE ( 'NONE', #3314, #3113, #8501, .T. ) ;
#1499 = MECHANICAL_DESIGN_GEOMETRIC_PRESENTATION_REPRESENTATION (  '', ( #344 ), #2067 ) ;
#1500 = CARTESIAN_POINT ( 'NONE',  ( -16.86224744538000000, 27.51223517773000200, -0.9335637821279002500 ) ) ;
#1501 = AXIS2_PLACEMENT_3D ( 'NONE', #5848, #647, #6699 ) ;
#1502 = CARTESIAN_POINT ( 'NONE',  ( -16.77162642490000300, 23.38396633292999400, -0.3772664197844000100 ) ) ;
#1503 = MECHANICAL_DESIGN_GEOMETRIC_PRESENTATION_REPRESENTATION (  '', ( #347 ), #2070 ) ;
#1504 = SURFACE_STYLE_FILL_AREA ( #9639 ) ;
#1505 =( NAMED_UNIT ( * ) PLANE_ANGLE_UNIT ( ) SI_UNIT ( $, .RADIAN. ) );
#1506 = ADVANCED_FACE ( 'NONE', ( #10565 ), #2120, .T. ) ;
#1507 = VERTEX_POINT ( 'NONE', #7393 ) ;
#1508 = COLOUR_RGB ( '',1.000000000000000000, 1.000000000000000000, 0.9490196078431372100 ) ;
#1509 = SURFACE_SIDE_STYLE ('',( #10176 ) ) ;
#1510 = CARTESIAN_POINT ( 'NONE',  ( -17.37017082515208000, 27.86998495563932800, -1.092118452147577300 ) ) ;
#1511 = COLOUR_RGB ( '',0.0000000000000000000, 0.0000000000000000000, 0.0000000000000000000 ) ;
#1512 = SURFACE_STYLE_USAGE ( .BOTH. , #5153 ) ;
#1513 = ORIENTED_EDGE ( 'NONE', *, *, #8386, .T. ) ;
#1514 = FILL_AREA_STYLE ('',( #8439 ) ) ;
#1515 = EDGE_CURVE ( 'NONE', #6824, #2412, #5256, .T. ) ;
#1516 = SURFACE_STYLE_USAGE ( .BOTH. , #6711 ) ;
#1517 = CARTESIAN_POINT ( 'NONE',  ( -15.60000000000000300, 33.89999999999999900, -9.099999999999997900 ) ) ;
#1518 = CARTESIAN_POINT ( 'NONE',  ( -19.21705617823069200, 23.64200934359124800, -0.3282881992147572700 ) ) ;
#1519 =( LENGTH_UNIT ( ) NAMED_UNIT ( * ) SI_UNIT ( .MILLI., .METRE. ) );
#1520 = CARTESIAN_POINT ( 'NONE',  ( -4.000000000000003600, 11.66190378969041300, -15.00000000000007300 ) ) ;
#1521 =( NAMED_UNIT ( * ) SI_UNIT ( $, .STERADIAN. ) SOLID_ANGLE_UNIT ( ) );
#1522 = MECHANICAL_DESIGN_GEOMETRIC_PRESENTATION_REPRESENTATION (  '', ( #367 ), #2086 ) ;
#1523 = CARTESIAN_POINT ( 'NONE',  ( -15.90000000000000400, 38.89999999999999100, -9.099999999999999600 ) ) ;
#1524 = B_SPLINE_CURVE_WITH_KNOTS ( 'NONE', 3,
 ( #7930, #8891, #4541, #10676 ),
 .UNSPECIFIED., .F., .F.,
 ( 4, 4 ),
 ( 0.0000000000000000000, 1.000000000000000000 ),
 .UNSPECIFIED. ) ;
#1525 = CARTESIAN_POINT ( 'NONE',  ( -17.52467291338999900, 24.54332346227000300, 1.589020470840000000 ) ) ;
#1526 = DIRECTION ( 'NONE',  ( 0.0000000000000000000, -1.000000000000000000, 1.776356839400250500E-015 ) ) ;
#1527 = VERTEX_POINT ( 'NONE', #8291 ) ;
#1528 = CYLINDRICAL_SURFACE ( 'NONE', #2212, 1.250000000000000000 ) ;
#1529 = CARTESIAN_POINT ( 'NONE',  ( -19.24989498201922100, 27.65175899407115900, -0.1637790920291929100 ) ) ;
#1530 = CARTESIAN_POINT ( 'NONE',  ( -16.83742299914000300, 25.11865125572999000, -1.432915253740999900 ) ) ;
#1531 = CARTESIAN_POINT ( 'NONE',  ( -9.300000000000002500, 33.37999999999999500, -0.8000000000000000400 ) ) ;
#1532 = CARTESIAN_POINT ( 'NONE',  ( -16.16591702957000000, 24.66078979514999900, -0.1994365993473000100 ) ) ;
#1533 = CARTESIAN_POINT ( 'NONE',  ( -5.999999999999998200, 25.00000000000000000, -9.764999999999998800 ) ) ;
#1534 = CARTESIAN_POINT ( 'NONE',  ( -18.16291226143141200, 23.42251144354920800, -1.250000000000000400 ) ) ;
#1535 = DIRECTION ( 'NONE',  ( 0.0000000000000000000, -1.000000000000000000, 0.0000000000000000000 ) ) ;
#1536 =( GEOMETRIC_REPRESENTATION_CONTEXT ( 3 ) GLOBAL_UNCERTAINTY_ASSIGNED_CONTEXT ( ( #3877 ) ) GLOBAL_UNIT_ASSIGNED_CONTEXT ( ( #9853, #4628, #10765 ) ) REPRESENTATION_CONTEXT ( 'NONE', 'WORKASPACE' ) );
#1537 =( GEOMETRIC_REPRESENTATION_CONTEXT ( 3 ) GLOBAL_UNCERTAINTY_ASSIGNED_CONTEXT ( ( #10574 ) ) GLOBAL_UNIT_ASSIGNED_CONTEXT ( ( #1551, #7645, #2416 ) ) REPRESENTATION_CONTEXT ( 'NONE', 'WORKASPACE' ) );
#1538 = EDGE_CURVE ( 'NONE', #9699, #572, #2914, .T. ) ;
#1539 = EDGE_LOOP ( 'NONE', ( #8526, #10257 ) ) ;
#1540 = CARTESIAN_POINT ( 'NONE',  ( -18.63042428909762500, 24.24545601298595100, 1.091777570189279600 ) ) ;
#1541 = CARTESIAN_POINT ( 'NONE',  ( -19.46558909665000700, 26.70027620748999900, -0.1344221826075000500 ) ) ;
#1542 = CARTESIAN_POINT ( 'NONE',  ( -19.13941740756000300, 22.57200736269000200, -0.5940688696985000300 ) ) ;
#1543 = CARTESIAN_POINT ( 'NONE',  ( -28.00000000000000400, 18.61545993133000100, -12.00000000000000000 ) ) ;
#1544 = CARTESIAN_POINT ( 'NONE',  ( -17.67275381831022300, 23.30801524971193200, 1.217478746643022800 ) ) ;
#1545 = ORIENTED_EDGE ( 'NONE', *, *, #10869, .F. ) ;
#1546 = LINE ( 'NONE', #4342, #5909 ) ;
#1547 = STYLED_ITEM ( 'NONE', ( #2145 ), #8207 ) ;
#1548 = SURFACE_STYLE_FILL_AREA ( #3918 ) ;
#1549 = UNCERTAINTY_MEASURE_WITH_UNIT (LENGTH_MEASURE( 1.000000000000000100E-005 ), #7280, 'distance_accuracy_value', 'NONE');
#1550 = EDGE_CURVE ( 'NONE', #8927, #2906, #9880, .T. ) ;
#1551 =( LENGTH_UNIT ( ) NAMED_UNIT ( * ) SI_UNIT ( .MILLI., .METRE. ) );
#1552 = ORIENTED_EDGE ( 'NONE', *, *, #8085, .T. ) ;
#1553 = CARTESIAN_POINT ( 'NONE',  ( -9.298000000000000000, 32.20000000000000300, -0.4542639803576000200 ) ) ;
#1554 = PLANE ( 'NONE',  #180 ) ;
#1555 = DIRECTION ( 'NONE',  ( 0.0000000000000000000, 0.0000000000000000000, -1.000000000000000000 ) ) ;
#1556 = ORIENTED_EDGE ( 'NONE', *, *, #7993, .F. ) ;
#1557 = CARTESIAN_POINT ( 'NONE',  ( -0.8529462969709827900, 0.0000000000000000000, 0.0000000000000000000 ) ) ;
#1558 = CARTESIAN_POINT ( 'NONE',  ( -17.22249414425000700, 23.73136449202999600, -1.464936900671999900 ) ) ;
#1559 = CIRCLE ( 'NONE', #3222, 15.94956969548780300 ) ;
#1560 = CARTESIAN_POINT ( 'NONE',  ( -13.32943615514387000, 17.33732245780472800, -6.460158851999859800 ) ) ;
#1561 = LINE ( 'NONE', #3381, #5924 ) ;
#1562 = VERTEX_POINT ( 'NONE', #2229 ) ;
#1563 = ORIENTED_EDGE ( 'NONE', *, *, #6039, .F. ) ;
#1564 = EDGE_CURVE ( 'NONE', #3335, #6815, #9620, .T. ) ;
#1565 = CARTESIAN_POINT ( 'NONE',  ( -17.09880902012000100, 26.56921714542000500, 1.257578724945000100 ) ) ;
#1566 = CARTESIAN_POINT ( 'NONE',  ( -0.3040217494789084800, -15.11695286011187500, -30.23390572022374900 ) ) ;
#1567 = STYLED_ITEM ( 'NONE', ( #7304 ), #2436 ) ;
#1568 =( GEOMETRIC_REPRESENTATION_CONTEXT ( 3 ) GLOBAL_UNCERTAINTY_ASSIGNED_CONTEXT ( ( #2445 ) ) GLOBAL_UNIT_ASSIGNED_CONTEXT ( ( #2568, #8673, #3437 ) ) REPRESENTATION_CONTEXT ( 'NONE', 'WORKASPACE' ) );
#1569 = DIRECTION ( 'NONE',  ( 0.0000000000000000000, -1.000000000000000000, 0.0000000000000000000 ) ) ;
#1570 = CARTESIAN_POINT ( 'NONE',  ( -18.76857776904064700, 23.61002706818631200, 0.9991575490048134600 ) ) ;
#1571 = PRESENTATION_LAYER_ASSIGNMENT (  '', '', ( #992 ) ) ;
#1572 = ORIENTED_EDGE ( 'NONE', *, *, #4516, .F. ) ;
#1573 = CARTESIAN_POINT ( 'NONE',  ( -17.82953814193999900, 28.17166155794999900, -1.649696423195000000 ) ) ;
#1574 = CARTESIAN_POINT ( 'NONE',  ( -17.17374039306183100, 25.35535549621613800, -0.9415111470801327300 ) ) ;
#1575 = CARTESIAN_POINT ( 'NONE',  ( -17.30460551484000600, 24.04339271315000600, -1.297092519283000300 ) ) ;
#1576 = CARTESIAN_POINT ( 'NONE',  ( -18.00000000000000400, 28.41093935102359700, 0.0000000000000000000 ) ) ;
#1577 = VECTOR ( 'NONE', #5219, 1000.000000000000000 ) ;
#1578 = CARTESIAN_POINT ( 'NONE',  ( -15.89999999999999700, 33.89999999999999900, 9.400000000000000400 ) ) ;
#1579 = VECTOR ( 'NONE', #10812, 1000.000000000000000 ) ;
#1580 = EDGE_CURVE ( 'NONE', #6170, #10337, #883, .T. ) ;
#1581 = CARTESIAN_POINT ( 'NONE',  ( -17.23196057974664800, 23.48577155009313000, -0.9998999928847989200 ) ) ;
#1582 = PRESENTATION_LAYER_ASSIGNMENT (  '', '', ( #11183 ) ) ;
#1583 = DIRECTION ( 'NONE',  ( -0.0000000000000000000, -0.0000000000000000000, -1.000000000000000000 ) ) ;
#1584 = ORIENTED_EDGE ( 'NONE', *, *, #4401, .T. ) ;
#1585 = MECHANICAL_DESIGN_GEOMETRIC_PRESENTATION_REPRESENTATION (  '', ( #430 ), #2153 ) ;
#1586 =( LENGTH_UNIT ( ) NAMED_UNIT ( * ) SI_UNIT ( .MILLI., .METRE. ) );
#1587 = CARTESIAN_POINT ( 'NONE',  ( -18.16517901336090200, 25.77735011208537200, 1.249998893006848200 ) ) ;
#1588 = FILL_AREA_STYLE_COLOUR ( '', #10547 ) ;
#1589 = FILL_AREA_STYLE ('',( #724 ) ) ;
#1590 = CARTESIAN_POINT ( 'NONE',  ( -18.05212348780133200, 28.90010653101801500, 1.448998301128827400 ) ) ;
#1591 = SURFACE_STYLE_FILL_AREA ( #5377 ) ;
#1592 = CARTESIAN_POINT ( 'NONE',  ( -16.99899599361966600, 25.73591933768721100, 0.7665895684746109100 ) ) ;
#1593 = VERTEX_POINT ( 'NONE', #8376 ) ;
#1594 = SURFACE_STYLE_USAGE ( .BOTH. , #6798 ) ;
#1595 =( LENGTH_UNIT ( ) NAMED_UNIT ( * ) SI_UNIT ( .MILLI., .METRE. ) );
#1596 = B_SPLINE_CURVE_WITH_KNOTS ( 'NONE', 1,
 ( #48, #10485 ),
 .UNSPECIFIED., .F., .F.,
 ( 2, 2 ),
 ( 0.0000000000000000000, 0.9999999680608477900 ),
 .UNSPECIFIED. ) ;
#1597 = ORIENTED_EDGE ( 'NONE', *, *, #7784, .T. ) ;
#1598 = COLOUR_RGB ( '',0.7764705882352941300, 0.7568627450980391900, 0.7372549019607843600 ) ;
#1599 = CARTESIAN_POINT ( 'NONE',  ( -19.58230745008000500, 22.91940552179000100, 0.4968487367076998600 ) ) ;
#1600 = CARTESIAN_POINT ( 'NONE',  ( -18.32735397270593600, 24.26709303882589800, 1.217477894504166000 ) ) ;
#1601 = ADVANCED_FACE ( 'NONE', ( #2645 ), #3069, .T. ) ;
#1602 = AXIS2_PLACEMENT_3D ( 'NONE', #9717, #4483, #10611 ) ;
#1603 = CARTESIAN_POINT ( 'NONE',  ( -19.00069389503333600, 27.48521129261673600, -0.7670000800191880700 ) ) ;
#1604 = EDGE_CURVE ( 'NONE', #6627, #11324, #10861, .T. ) ;
#1605 = ORIENTED_EDGE ( 'NONE', *, *, #7305, .T. ) ;
#1606 = CARTESIAN_POINT ( 'NONE',  ( -18.16404647250999800, 25.77807763595000200, -1.650346701045000400 ) ) ;
#1607 = FILL_AREA_STYLE_COLOUR ( '', #11236 ) ;
#1608 = CARTESIAN_POINT ( 'NONE',  ( -17.05862521483153300, 23.34411910399367000, -0.8264298189815206800 ) ) ;
#1609 = EDGE_LOOP ( 'NONE', ( #943, #6843, #4274, #1874 ) ) ;
#1610 = DIRECTION ( 'NONE',  ( 5.782411586589342300E-015, 1.000000000000000000, -0.0000000000000000000 ) ) ;
#1611 = VECTOR ( 'NONE', #6339, 1000.000000000000000 ) ;
#1612 = ORIENTED_EDGE ( 'NONE', *, *, #4031, .F. ) ;
#1613 = ORIENTED_EDGE ( 'NONE', *, *, #1276, .F. ) ;
#1614 = CARTESIAN_POINT ( 'NONE',  ( -19.27991023684000300, 27.35970258771000700, 1.054696764153000100 ) ) ;
#1615 = CARTESIAN_POINT ( 'NONE',  ( -18.00000000000031300, 25.16247183568331600, 1.250000000000000000 ) ) ;
#1616 = UNCERTAINTY_MEASURE_WITH_UNIT (LENGTH_MEASURE( 1.000000000000000100E-005 ), #10801, 'distance_accuracy_value', 'NONE');
#1617 = CARTESIAN_POINT ( 'NONE',  ( -19.40597582753000300, 23.23143374290999900, 0.4350335425328000200 ) ) ;
#1618 = CARTESIAN_POINT ( 'NONE',  ( -3.000000000000002700, 15.75136280581475400, 9.892146873131009600 ) ) ;
#1619 =( GEOMETRIC_REPRESENTATION_CONTEXT ( 3 ) GLOBAL_UNCERTAINTY_ASSIGNED_CONTEXT ( ( #10284 ) ) GLOBAL_UNIT_ASSIGNED_CONTEXT ( ( #3573, #9694, #4452 ) ) REPRESENTATION_CONTEXT ( 'NONE', 'WORKASPACE' ) );
#1620 = FILL_AREA_STYLE ('',( #5963 ) ) ;
#1621 = EDGE_CURVE ( 'NONE', #6355, #8962, #6452, .T. ) ;
#1622 = CARTESIAN_POINT ( 'NONE',  ( -18.16511720188294600, 27.04842773242154100, -1.250001108158488300 ) ) ;
#1623 = CARTESIAN_POINT ( 'NONE',  ( -17.84605052273000000, 26.43724032566000700, 1.651026585001999800 ) ) ;
#1624 = CARTESIAN_POINT ( 'NONE',  ( -9.400000000000005700, 32.75999999999999800, 0.5000000000000000000 ) ) ;
#1625 = ORIENTED_EDGE ( 'NONE', *, *, #6887, .F. ) ;
#1626 = ORIENTED_EDGE ( 'NONE', *, *, #8788, .F. ) ;
#1627 = ORIENTED_EDGE ( 'NONE', *, *, #10767, .F. ) ;
#1628 = LINE ( 'NONE', #975, #6253 ) ;
#1629 = LINE ( 'NONE', #10144, #3935 ) ;
#1630 = DIRECTION ( 'NONE',  ( 0.0000000000000000000, 0.0000000000000000000, -1.000000000000000000 ) ) ;
#1631 = CARTESIAN_POINT ( 'NONE',  ( -3.000000000000002700, 15.75136280581475400, 9.892146873131009600 ) ) ;
#1632 =( NAMED_UNIT ( * ) SI_UNIT ( $, .STERADIAN. ) SOLID_ANGLE_UNIT ( ) );
#1633 = CARTESIAN_POINT ( 'NONE',  ( -32.00000000000000000, 28.49999999999999600, -14.00000000000000000 ) ) ;
#1634 = DIRECTION ( 'NONE',  ( -1.000000000000000000, 0.0000000000000000000, 0.0000000000000000000 ) ) ;
#1635 = CARTESIAN_POINT ( 'NONE',  ( -3.933013468662821300, 29.00000000000001100, 14.49940021744727000 ) ) ;
#1636 = DIRECTION ( 'NONE',  ( -1.000000000000000000, -0.0000000000000000000, -0.0000000000000000000 ) ) ;
#1637 = CARTESIAN_POINT ( 'NONE',  ( -18.42472760717000200, 24.39079087223999700, -1.409122841731999900 ) ) ;
#1638 = SURFACE_STYLE_FILL_AREA ( #188 ) ;
#1639 = STYLED_ITEM ( 'NONE', ( #349 ), #1601 ) ;
#1640 = VERTEX_POINT ( 'NONE', #11081 ) ;
#1641 = ORIENTED_EDGE ( 'NONE', *, *, #9363, .T. ) ;
#1642 = SURFACE_STYLE_FILL_AREA ( #8937 ) ;
#1643 = AXIS2_PLACEMENT_3D ( 'NONE', #865, #6947, #1745 ) ;
#1644 = CARTESIAN_POINT ( 'NONE',  ( -18.16513264317133300, 27.65235764313795000, 1.250000000000000200 ) ) ;
#1645 = CARTESIAN_POINT ( 'NONE',  ( -19.04222576204000500, 24.96611866570999900, 1.290084900645000100 ) ) ;
#1646 = CARTESIAN_POINT ( 'NONE',  ( -46.50000000000000000, 9.549999999999995400, 0.0000000000000000000 ) ) ;
#1647 = CARTESIAN_POINT ( 'NONE',  ( -17.99999999999973400, 27.78756406089833000, 1.249999999999999800 ) ) ;
#1648 = CARTESIAN_POINT ( 'NONE',  ( -48.60000000000000100, 0.0000000000000000000, 18.50000000000000000 ) ) ;
#1649 = EDGE_LOOP ( 'NONE', ( #10553, #8034, #9693, #3369, #5996, #9323, #10268, #5965, #6389, #1197, #9227, #11246 ) ) ;
#1650 = ORIENTED_EDGE ( 'NONE', *, *, #7222, .T. ) ;
#1651 = EDGE_CURVE ( 'NONE', #645, #9788, #8516, .T. ) ;
#1652 = FACE_OUTER_BOUND ( 'NONE', #3450, .T. ) ;
#1653 = CARTESIAN_POINT ( 'NONE',  ( -16.34802898036000200, 26.54774361747000500, 0.1480325851933000100 ) ) ;
#1654 = STYLED_ITEM ( 'NONE', ( #8479 ), #11214 ) ;
#1655 = CARTESIAN_POINT ( 'NONE',  ( -3.000000000000002700, 1.235171079313854300E-008, 1.136543937106432600E-011 ) ) ;
#1656 = CARTESIAN_POINT ( 'NONE',  ( -16.73360677394000000, 22.48193315499000300, -0.4005698263930000900 ) ) ;
#1657 =( GEOMETRIC_REPRESENTATION_CONTEXT ( 3 ) GLOBAL_UNCERTAINTY_ASSIGNED_CONTEXT ( ( #5951 ) ) GLOBAL_UNIT_ASSIGNED_CONTEXT ( ( #11241, #5980, #767 ) ) REPRESENTATION_CONTEXT ( 'NONE', 'WORKASPACE' ) );
#1658 = CARTESIAN_POINT ( 'NONE',  ( -17.70420008817302800, 28.82398645342922800, -1.373994796400146900 ) ) ;
#1659 = CARTESIAN_POINT ( 'NONE',  ( -16.16435808494000200, 28.03978175221999800, 0.1877440198290000200 ) ) ;
#1660 = ORIENTED_EDGE ( 'NONE', *, *, #8862, .F. ) ;
#1661 = CARTESIAN_POINT ( 'NONE',  ( -19.21777815049445700, 27.18413703499003000, 0.3260542399348601000 ) ) ;
#1662 = SURFACE_STYLE_USAGE ( .BOTH. , #6081 ) ;
#1663 = UNCERTAINTY_MEASURE_WITH_UNIT (LENGTH_MEASURE( 1.000000000000000100E-005 ), #2298, 'distance_accuracy_value', 'NONE');
#1664 = CYLINDRICAL_SURFACE ( 'NONE', #6344, 9.549999999999998900 ) ;
#1665 = CARTESIAN_POINT ( 'NONE',  ( -18.16516698065695600, 24.27785051071412400, 1.250000000000490300 ) ) ;
#1666 = DIRECTION ( 'NONE',  ( 0.0000000000000000000, 0.0000000000000000000, 1.000000000000000000 ) ) ;
#1667 =( NAMED_UNIT ( * ) PLANE_ANGLE_UNIT ( ) SI_UNIT ( $, .RADIAN. ) );
#1668 = CARTESIAN_POINT ( 'NONE',  ( -18.08209166565705000, 26.91760637459865900, -1.249999999999977100 ) ) ;
#1669 = SURFACE_STYLE_USAGE ( .BOTH. , #6869 ) ;
#1670 = STYLED_ITEM ( 'NONE', ( #8593 ), #5585 ) ;
#1671 = ORIENTED_EDGE ( 'NONE', *, *, #5607, .T. ) ;
#1672 = PLANE ( 'NONE',  #5085 ) ;
#1673 = SURFACE_STYLE_USAGE ( .BOTH. , #6872 ) ;
#1674 =( GEOMETRIC_REPRESENTATION_CONTEXT ( 3 ) GLOBAL_UNCERTAINTY_ASSIGNED_CONTEXT ( ( #7822 ) ) GLOBAL_UNIT_ASSIGNED_CONTEXT ( ( #2890, #8997, #3778 ) ) REPRESENTATION_CONTEXT ( 'NONE', 'WORKASPACE' ) );
#1675 = VECTOR ( 'NONE', #5236, 1000.000000000000000 ) ;
#1676 = COLOUR_RGB ( '',1.000000000000000000, 1.000000000000000000, 0.9490196078431372100 ) ;
#1677 = CARTESIAN_POINT ( 'NONE',  ( -18.68724059404999600, 23.57883190199999400, 1.301430972706000100 ) ) ;
#1678 = CARTESIAN_POINT ( 'NONE',  ( -15.89999999999999700, 38.89999999999999100, 9.400000000000000400 ) ) ;
#1679 = ORIENTED_EDGE ( 'NONE', *, *, #2027, .T. ) ;
#1680 = VECTOR ( 'NONE', #706, 1000.000000000000000 ) ;
#1681 = CARTESIAN_POINT ( 'NONE',  ( -19.13411422740000500, 26.43750401617000300, -0.9379803693684002400 ) ) ;
#1682 = CARTESIAN_POINT ( 'NONE',  ( -3.000000000000002700, 0.0000000000000000000, 0.0000000000000000000 ) ) ;
#1683 = CIRCLE ( 'NONE', #9310, 0.5000000000000213200 ) ;
#1684 = CARTESIAN_POINT ( 'NONE',  ( -8.600000000000003200, 34.39999999999999900, -3.149999999999999900 ) ) ;
#1685 = CYLINDRICAL_SURFACE ( 'NONE', #11127, 0.2999999999999999300 ) ;
#1686 = CARTESIAN_POINT ( 'NONE',  ( -8.600000000000003200, 36.90000000000000600, 0.0000000000000000000 ) ) ;
#1687 =( GEOMETRIC_REPRESENTATION_CONTEXT ( 3 ) GLOBAL_UNCERTAINTY_ASSIGNED_CONTEXT ( ( #4360 ) ) GLOBAL_UNIT_ASSIGNED_CONTEXT ( ( #10311, #5105, #11229 ) ) REPRESENTATION_CONTEXT ( 'NONE', 'WORKASPACE' ) );
#1688 = EDGE_CURVE ( 'NONE', #7145, #4473, #4955, .T. ) ;
#1689 = CARTESIAN_POINT ( 'NONE',  ( -18.18582400905000500, 28.01912896792999400, 1.835837910123999900 ) ) ;
#1690 = VERTEX_POINT ( 'NONE', #5906 ) ;
#1691 = CARTESIAN_POINT ( 'NONE',  ( -3.499999999999336100, 29.00000000000000700, 14.29289321881178900 ) ) ;
#1692 = CARTESIAN_POINT ( 'NONE',  ( -18.78056870152000700, 23.89086012312999700, 1.463307205958999800 ) ) ;
#1693 = LINE ( 'NONE', #4582, #6056 ) ;
#1694 = CARTESIAN_POINT ( 'NONE',  ( -17.44571869729568200, 23.82422520991092800, 1.123380316313123700 ) ) ;
#1695 = CARTESIAN_POINT ( 'NONE',  ( -18.80752428876000700, 24.68117888894000300, 0.9995673967792999500 ) ) ;
#1696 = UNCERTAINTY_MEASURE_WITH_UNIT (LENGTH_MEASURE( 1.000000000000000100E-005 ), #9159, 'distance_accuracy_value', 'NONE');
#1697 = CARTESIAN_POINT ( 'NONE',  ( -19.17494052738999600, 27.22782278198000200, -1.422795189953999900 ) ) ;
#1698 = ORIENTED_EDGE ( 'NONE', *, *, #1248, .T. ) ;
#1699 = CARTESIAN_POINT ( 'NONE',  ( -28.00000000000000400, 18.61545993133000100, 2.000000000000001800 ) ) ;
#1700 = DIRECTION ( 'NONE',  ( 0.0000000000000000000, -1.000000000000000000, 0.0000000000000000000 ) ) ;
#1701 = VERTEX_POINT ( 'NONE', #3227 ) ;
#1702 = PRESENTATION_LAYER_ASSIGNMENT (  '', '', ( #2257 ) ) ;
#1703 = SURFACE_STYLE_FILL_AREA ( #6906 ) ;
#1704 = AXIS2_PLACEMENT_3D ( 'NONE', #7141, #1926, #8014 ) ;
#1705 =( NAMED_UNIT ( * ) SI_UNIT ( $, .STERADIAN. ) SOLID_ANGLE_UNIT ( ) );
#1706 = SURFACE_SIDE_STYLE ('',( #1703 ) ) ;
#1707 = CARTESIAN_POINT ( 'NONE',  ( -0.8529462969710035500, 17.20000000223977600, 4.212784989615481300E-015 ) ) ;
#1708 = CARTESIAN_POINT ( 'NONE',  ( -19.21709506656052800, 27.01623462387515700, -0.3282282516500219500 ) ) ;
#1709 = FILL_AREA_STYLE_COLOUR ( '', #1598 ) ;
#1711 = ORIENTED_EDGE ( 'NONE', *, *, #11088, .T. ) ;
#1710 =( NAMED_UNIT ( * ) SI_UNIT ( $, .STERADIAN. ) SOLID_ANGLE_UNIT ( ) );
#1712 = CARTESIAN_POINT ( 'NONE',  ( -18.62899869587245400, 23.95382387858887400, -1.092461702424298900 ) ) ;
#1713 = SURFACE_STYLE_FILL_AREA ( #7323 ) ;
#1714 = CARTESIAN_POINT ( 'NONE',  ( -16.83840587885000800, 22.78769239253999900, -0.7318900302625999100 ) ) ;
#1715 = COLOUR_RGB ( '',0.0000000000000000000, 0.0000000000000000000, 0.0000000000000000000 ) ;
#1716 = ORIENTED_EDGE ( 'NONE', *, *, #3234, .T. ) ;
#1717 = CARTESIAN_POINT ( 'NONE',  ( -19.47799518474699500, 28.89999999999999100, -0.1832648552206056800 ) ) ;
#1718 = EDGE_CURVE ( 'NONE', #6671, #4569, #1832, .T. ) ;
#1719 = CARTESIAN_POINT ( 'NONE',  ( -17.85136118478999700, 25.62554504592999600, 1.464216074680000100 ) ) ;
#1720 = ORIENTED_EDGE ( 'NONE', *, *, #8684, .T. ) ;
#1721 = AXIS2_PLACEMENT_3D ( 'NONE', #7787, #8556, #8598 ) ;
#1722 =( GEOMETRIC_REPRESENTATION_CONTEXT ( 3 ) GLOBAL_UNCERTAINTY_ASSIGNED_CONTEXT ( ( #10926 ) ) GLOBAL_UNIT_ASSIGNED_CONTEXT ( ( #5574, #373, #6444 ) ) REPRESENTATION_CONTEXT ( 'NONE', 'WORKASPACE' ) );
#1723 =( NAMED_UNIT ( * ) PLANE_ANGLE_UNIT ( ) SI_UNIT ( $, .RADIAN. ) );
#1724 =( GEOMETRIC_REPRESENTATION_CONTEXT ( 3 ) GLOBAL_UNCERTAINTY_ASSIGNED_CONTEXT ( ( #5591 ) ) GLOBAL_UNIT_ASSIGNED_CONTEXT ( ( #10266, #5061, #11179 ) ) REPRESENTATION_CONTEXT ( 'NONE', 'WORKASPACE' ) );
#1725 = FACE_OUTER_BOUND ( 'NONE', #4208, .T. ) ;
#1726 = ORIENTED_EDGE ( 'NONE', *, *, #446, .T. ) ;
#1727 = VERTEX_POINT ( 'NONE', #4880 ) ;
#1728 = CARTESIAN_POINT ( 'NONE',  ( -16.57843453711000600, 27.20716999768999900, -1.176428080123000000 ) ) ;
#1729 = CARTESIAN_POINT ( 'NONE',  ( -3.414213562373948000, 28.50000000000000400, 15.00000000000035200 ) ) ;
#1730 = ORIENTED_EDGE ( 'NONE', *, *, #2115, .F. ) ;
#1731 = CARTESIAN_POINT ( 'NONE',  ( -16.41665902725000200, 23.07890115288999800, -0.4935451773624001100 ) ) ;
#1732 = CARTESIAN_POINT ( 'NONE',  ( -17.36957686514663400, 23.99545213916102100, -1.091778231718762100 ) ) ;
#1733 = CARTESIAN_POINT ( 'NONE',  ( -17.19038617390999900, 24.93101241825000600, -0.9978762698556999900 ) ) ;
#1734 = CARTESIAN_POINT ( 'NONE',  ( -17.71291153172999700, 26.43668327250999900, 1.697235443752000100 ) ) ;
#1735 = EDGE_CURVE ( 'NONE', #8284, #1227, #9354, .T. ) ;
#1736 = CARTESIAN_POINT ( 'NONE',  ( -17.00075819323068100, 24.86007383121045700, 0.7685197459293002800 ) ) ;
#1737 = AXIS2_PLACEMENT_3D ( 'NONE', #9209, #3986, #10092 ) ;
#1738 = ORIENTED_EDGE ( 'NONE', *, *, #6142, .T. ) ;
#1739 = AXIS2_PLACEMENT_3D ( 'NONE', #6983, #4349, #7019 ) ;
#1740 = ORIENTED_EDGE ( 'NONE', *, *, #11018, .F. ) ;
#1741 =( NAMED_UNIT ( * ) PLANE_ANGLE_UNIT ( ) SI_UNIT ( $, .RADIAN. ) );
#1742 = COLOUR_RGB ( '',0.0000000000000000000, 0.0000000000000000000, 0.0000000000000000000 ) ;
#1743 = CARTESIAN_POINT ( 'NONE',  ( -18.41839306971896000, 28.56534315679594700, -1.182690555631710400 ) ) ;
#1744 = FILL_AREA_STYLE_COLOUR ( '', #762 ) ;
#1745 = DIRECTION ( 'NONE',  ( 1.000000000000000000, 0.0000000000000000000, 0.0000000000000000000 ) ) ;
#1746 = CARTESIAN_POINT ( 'NONE',  ( -18.00000000000386200, 23.03811285893121100, -1.249999999999999800 ) ) ;
#1747 = CARTESIAN_POINT ( 'NONE',  ( -18.55358545905780700, 24.12626210507046300, 1.123701030210196000 ) ) ;
#1748 = FACE_OUTER_BOUND ( 'NONE', #6217, .T. ) ;
#1749 = ORIENTED_EDGE ( 'NONE', *, *, #7084, .T. ) ;
#1750 = ORIENTED_EDGE ( 'NONE', *, *, #9595, .F. ) ;
#1751 = CARTESIAN_POINT ( 'NONE',  ( -17.62658994240000300, 24.23825828222000200, 1.229551351601999800 ) ) ;
#1752 = CARTESIAN_POINT ( 'NONE',  ( -17.09880902012000100, 26.47887924721000300, 1.257578724945000100 ) ) ;
#1753 = MECHANICAL_DESIGN_GEOMETRIC_PRESENTATION_REPRESENTATION (  '', ( #18 ), #2309 ) ;
#1754 = AXIS2_PLACEMENT_3D ( 'NONE', #5779, #582, #6634 ) ;
#1755 = SURFACE_STYLE_USAGE ( .BOTH. , #6955 ) ;
#1756 = EDGE_CURVE ( 'NONE', #964, #11271, #3867, .T. ) ;
#1757 = CARTESIAN_POINT ( 'NONE',  ( -17.07746021765000300, 24.81358607567999600, -1.146835258011999800 ) ) ;
#1758 =( NAMED_UNIT ( * ) PLANE_ANGLE_UNIT ( ) SI_UNIT ( $, .RADIAN. ) );
#1759 = FACE_OUTER_BOUND ( 'NONE', #5286, .T. ) ;
#1760 = CARTESIAN_POINT ( 'NONE',  ( -16.78210450639267400, 24.26641385920943300, 0.3261816142474198200 ) ) ;
#1761 = ORIENTED_EDGE ( 'NONE', *, *, #2039, .F. ) ;
#1762 = UNCERTAINTY_MEASURE_WITH_UNIT (LENGTH_MEASURE( 1.000000000000000100E-005 ), #1330, 'distance_accuracy_value', 'NONE');
#1763 = CARTESIAN_POINT ( 'NONE',  ( -18.69334169281018600, 28.61561271206475600, 1.039908723890249600 ) ) ;
#1764 = VECTOR ( 'NONE', #4556, 1000.000000000000000 ) ;
#1765 = PLANE ( 'NONE',  #11220 ) ;
#1766 =( NAMED_UNIT ( * ) SI_UNIT ( $, .STERADIAN. ) SOLID_ANGLE_UNIT ( ) );
#1767 = CARTESIAN_POINT ( 'NONE',  ( -17.47115285488000300, 24.55028650334000100, 1.767938253901999900 ) ) ;
#1768 = CARTESIAN_POINT ( 'NONE',  ( -32.84846034434676900, 12.22758296769430700, -14.54332233138750000 ) ) ;
#1769 = AXIS2_PLACEMENT_3D ( 'NONE', #7655, #7876, #95 ) ;
#1770 = ORIENTED_EDGE ( 'NONE', *, *, #8272, .F. ) ;
#1771 = CIRCLE ( 'NONE', #7922, 17.00000000000000000 ) ;
#1772 = CARTESIAN_POINT ( 'NONE',  ( -19.65022238854000100, 27.88724916220000700, -0.1652923372489000000 ) ) ;
#1773 =( NAMED_UNIT ( * ) SI_UNIT ( $, .STERADIAN. ) SOLID_ANGLE_UNIT ( ) );
#1774 = EDGE_CURVE ( 'NONE', #7485, #46, #1561, .T. ) ;
#1775 = LINE ( 'NONE', #1329, #1497 ) ;
#1776 = DIRECTION ( 'NONE',  ( -0.0000000000000000000, 1.000000000000000000, 0.0000000000000000000 ) ) ;
#1777 = CARTESIAN_POINT ( 'NONE',  ( -18.00000000000000400, 28.41093935102359700, 0.0000000000000000000 ) ) ;
#1778 = CARTESIAN_POINT ( 'NONE',  ( -18.00000000000000400, 34.07499999999999600, 9.399999999999998600 ) ) ;
#1779 = EDGE_LOOP ( 'NONE', ( #10720, #5966 ) ) ;
#1780 = CARTESIAN_POINT ( 'NONE',  ( -17.17376344983832200, 25.84499962057305900, 0.9415332083548568800 ) ) ;
#1781 = CARTESIAN_POINT ( 'NONE',  ( -19.16195072778742400, 28.69471133491376200, 0.4732047107074132100 ) ) ;
#1782 = DIRECTION ( 'NONE',  ( 0.0000000000000000000, 0.0000000000000000000, -1.000000000000000000 ) ) ;
#1783 = CARTESIAN_POINT ( 'NONE',  ( -5.999999999999998200, 13.91563060015608100, 9.764999999999998800 ) ) ;
#1784 = COLOUR_RGB ( '',0.0000000000000000000, 0.0000000000000000000, 0.0000000000000000000 ) ;
#1785 = CARTESIAN_POINT ( 'NONE',  ( -17.40233679476000400, 23.42629931197999200, -1.137554512648999900 ) ) ;
#1786 = STYLED_ITEM ( 'NONE', ( #8251 ), #2282 ) ;
#1787 = MECHANICAL_DESIGN_GEOMETRIC_PRESENTATION_REPRESENTATION (  '', ( #641 ), #2349 ) ;
#1788 = SURFACE_STYLE_FILL_AREA ( #10045 ) ;
#1789 = ORIENTED_EDGE ( 'NONE', *, *, #2080, .T. ) ;
#1790 = ORIENTED_EDGE ( 'NONE', *, *, #7605, .T. ) ;
#1791 = DIRECTION ( 'NONE',  ( 1.000000000000000000, -0.0000000000000000000, -0.0000000000000000000 ) ) ;
#1792 = CARTESIAN_POINT ( 'NONE',  ( -17.99999999999998900, 23.41190929099948500, -1.249999999999999300 ) ) ;
#1793 = CARTESIAN_POINT ( 'NONE',  ( -17.00807824727000700, 26.28497142614000700, 0.8168982969790999900 ) ) ;
#1794 = SURFACE_SIDE_STYLE ('',( #8460 ) ) ;
#1795 = CARTESIAN_POINT ( 'NONE',  ( -18.12348961381094600, 28.28028491260510100, 1.250000000000088600 ) ) ;
#1796 = PRESENTATION_STYLE_ASSIGNMENT (( #8065 ) ) ;
#1797 = ORIENTED_EDGE ( 'NONE', *, *, #2908, .T. ) ;
#1798 = EDGE_CURVE ( 'NONE', #4447, #8642, #8224, .T. ) ;
#1799 = AXIS2_PLACEMENT_3D ( 'NONE', #7616, #6803, #5869 ) ;
#1800 =( NAMED_UNIT ( * ) PLANE_ANGLE_UNIT ( ) SI_UNIT ( $, .RADIAN. ) );
#1801 = DIRECTION ( 'NONE',  ( -1.000000000000000000, -0.0000000000000000000, -0.0000000000000000000 ) ) ;
#1802 = CARTESIAN_POINT ( 'NONE',  ( -17.13494988248999500, 23.73832753309999800, -1.629883336162000000 ) ) ;
#1803 = AXIS2_PLACEMENT_3D ( 'NONE', #6384, #1186, #7264 ) ;
#1804 = CARTESIAN_POINT ( 'NONE',  ( -16.94129221720000400, 27.07529019196000400, 1.276594408468999700 ) ) ;
#1805 = CARTESIAN_POINT ( 'NONE',  ( -18.00000000000144200, 28.66260054601161800, 1.249999999999999800 ) ) ;
#1806 = DIRECTION ( 'NONE',  ( -1.000000000000000000, 0.0000000000000000000, -0.0000000000000000000 ) ) ;
#1807 = ORIENTED_EDGE ( 'NONE', *, *, #9824, .F. ) ;
#1808 = COLOUR_RGB ( '',0.7764705882352941300, 0.7568627450980391900, 0.7372549019607843600 ) ;
#1809 = FACE_OUTER_BOUND ( 'NONE', #2673, .T. ) ;
#1810 = PRESENTATION_STYLE_ASSIGNMENT (( #8205 ) ) ;
#1811 = CARTESIAN_POINT ( 'NONE',  ( -17.99999999999999600, 26.03751667663512100, -1.250000000000000200 ) ) ;
#1812 =( NAMED_UNIT ( * ) PLANE_ANGLE_UNIT ( ) SI_UNIT ( $, .RADIAN. ) );
#1813 =( NAMED_UNIT ( * ) SI_UNIT ( $, .STERADIAN. ) SOLID_ANGLE_UNIT ( ) );
#1814 = CARTESIAN_POINT ( 'NONE',  ( -13.72560202012194200, 15.91535952599210200, 5.980724072140377600 ) ) ;
#1815 =( GEOMETRIC_REPRESENTATION_CONTEXT ( 3 ) GLOBAL_UNCERTAINTY_ASSIGNED_CONTEXT ( ( #9822 ) ) GLOBAL_UNIT_ASSIGNED_CONTEXT ( ( #9461, #4215, #10334 ) ) REPRESENTATION_CONTEXT ( 'NONE', 'WORKASPACE' ) );
#1816 = CARTESIAN_POINT ( 'NONE',  ( -48.60000000000000100, 0.0000000000000000000, 0.0000000000000000000 ) ) ;
#1817 = AXIS2_PLACEMENT_3D ( 'NONE', #10023, #4801, #10925 ) ;
#1818 = EDGE_CURVE ( 'NONE', #6766, #1640, #3590, .T. ) ;
#1819 = VERTEX_POINT ( 'NONE', #1678 ) ;
#1820 = FILL_AREA_STYLE_COLOUR ( '', #1508 ) ;
#1821 = ORIENTED_EDGE ( 'NONE', *, *, #3360, .T. ) ;
#1822 = DIRECTION ( 'NONE',  ( 0.0000000000000000000, -1.000000000000000000, 0.0000000000000000000 ) ) ;
#1823 = ORIENTED_EDGE ( 'NONE', *, *, #9379, .F. ) ;
#1824 = DIRECTION ( 'NONE',  ( -0.0000000000000000000, 1.000000000000000000, -0.0000000000000000000 ) ) ;
#1825 = CARTESIAN_POINT ( 'NONE',  ( -18.13245321388000500, 25.47301245590000800, -1.278157946622000300 ) ) ;
#1826 = CARTESIAN_POINT ( 'NONE',  ( -16.26168155469752800, 26.59291256656784700, 0.1557701498899534400 ) ) ;
#1827 = CARTESIAN_POINT ( 'NONE',  ( -3.000000000000002700, 0.0000000000000000000, 9.550000000000002500 ) ) ;
#1828 = SURFACE_STYLE_FILL_AREA ( #4443 ) ;
#1829 = CARTESIAN_POINT ( 'NONE',  ( -9.350000000000005000, 32.82000000000000000, -0.5000000000000001100 ) ) ;
#1830 = CARTESIAN_POINT ( 'NONE',  ( -19.21774526382911900, 23.18294365203846400, 0.3261586965043791200 ) ) ;
#1831 = MECHANICAL_DESIGN_GEOMETRIC_PRESENTATION_REPRESENTATION (  '', ( #99 ), #2407 ) ;
#1832 = CIRCLE ( 'NONE', #5717, 0.4999999999999987200 ) ;
#1833 = EDGE_CURVE ( 'NONE', #1593, #4442, #10280, .T. ) ;
#1834 = ORIENTED_EDGE ( 'NONE', *, *, #1359, .F. ) ;
#1835 = ORIENTED_EDGE ( 'NONE', *, *, #10969, .T. ) ;
#1836 = FILL_AREA_STYLE_COLOUR ( '', #7638 ) ;
#1837 = PRESENTATION_STYLE_ASSIGNMENT (( #5673 ) ) ;
#1838 = DIRECTION ( 'NONE',  ( 0.0000000000000000000, 0.0000000000000000000, -1.000000000000000000 ) ) ;
#1839 = CARTESIAN_POINT ( 'NONE',  ( -19.76046937203000200, 22.92636856286000600, 0.5527920527994998300 ) ) ;
#1840 = DIRECTION ( 'NONE',  ( 1.000000000000000000, -0.0000000000000000000, -0.0000000000000000000 ) ) ;
#1841 = CARTESIAN_POINT ( 'NONE',  ( -19.14322514555000500, 28.54667554241999700, 0.9264435047094001800 ) ) ;
#1842 = CARTESIAN_POINT ( 'NONE',  ( -3.500000000000003100, 29.00000000000000400, -13.99999999999999800 ) ) ;
#1843 = EDGE_LOOP ( 'NONE', ( #7525, #603 ) ) ;
#1844 = DIRECTION ( 'NONE',  ( 0.0000000000000000000, -0.8660254037847459100, -0.4999999999994678700 ) ) ;
#1845 = PRESENTATION_LAYER_ASSIGNMENT (  '', '', ( #2425 ) ) ;
#1846 = FILL_AREA_STYLE_COLOUR ( '', #5883 ) ;
#1847 = CIRCLE ( 'NONE', #5637, 0.3000000000000016500 ) ;
#1848 =( NAMED_UNIT ( * ) PLANE_ANGLE_UNIT ( ) SI_UNIT ( $, .RADIAN. ) );
#1849 = SURFACE_STYLE_USAGE ( .BOTH. , #7060 ) ;
#1850 = DIRECTION ( 'NONE',  ( 0.0000000000000000000, 1.000000000000000000, 0.0000000000000000000 ) ) ;
#1851 = CARTESIAN_POINT ( 'NONE',  ( -15.63574775487994900, 16.92600398468258800, -1.616380787592041300 ) ) ;
#1852 = SURFACE_STYLE_FILL_AREA ( #8603 ) ;
#1853 = CARTESIAN_POINT ( 'NONE',  ( -17.85561943873623000, 24.67136245130432900, 1.249999999999996000 ) ) ;
#1854 = CARTESIAN_POINT ( 'NONE',  ( -32.30581863478499100, 29.00000000000000700, 14.39711044888128600 ) ) ;
#1855 = ORIENTED_EDGE ( 'NONE', *, *, #10217, .F. ) ;
#1856 = DIRECTION ( 'NONE',  ( -1.000000000000000000, 0.0000000000000000000, 0.0000000000000000000 ) ) ;
#1857 = CARTESIAN_POINT ( 'NONE',  ( 0.0000000000000000000, 0.0000000000000000000, 15.05000000000000100 ) ) ;
#1858 = VERTEX_POINT ( 'NONE', #8649 ) ;
#1859 = ORIENTED_EDGE ( 'NONE', *, *, #3832, .F. ) ;
#1860 = UNCERTAINTY_MEASURE_WITH_UNIT (LENGTH_MEASURE( 1.000000000000000100E-005 ), #10563, 'distance_accuracy_value', 'NONE');
#1861 = EDGE_CURVE ( 'NONE', #5752, #8813, #7949, .T. ) ;
#1862 = PLANE ( 'NONE',  #6267 ) ;
#1863 = CARTESIAN_POINT ( 'NONE',  ( -19.34681029301276600, 27.40487153680863100, 1.109825062023200200 ) ) ;
#1864 = CARTESIAN_POINT ( 'NONE',  ( -17.99999999999980800, 26.78754037980470700, 1.249999999999998700 ) ) ;
#1865 = AXIS2_PLACEMENT_3D ( 'NONE', #4114, #3687, #1630 ) ;
#1866 = PRESENTATION_LAYER_ASSIGNMENT (  '', '', ( #715 ) ) ;
#1867 = VERTEX_POINT ( 'NONE', #2579 ) ;
#1868 = CARTESIAN_POINT ( 'NONE',  ( -16.74989550716608400, 27.92326667423284200, -0.1621719907285127100 ) ) ;
#1869 = AXIS2_PLACEMENT_3D ( 'NONE', #9302, #4067, #10186 ) ;
#1870 = B_SPLINE_CURVE_WITH_KNOTS ( 'NONE', 3,
 ( #4095, #8407, #3218, #10210, #4998, #11113, #5864, #665, #6717, #1520 ),
 .UNSPECIFIED., .F., .F.,
 ( 4, 2, 2, 2, 4 ),
 ( 0.0000000000000000000, 0.0005001450513647341000, 0.001000290102729468200, 0.001500435154094202300, 0.002000580205458936400 ),
 .UNSPECIFIED. ) ;
#1871 = DIRECTION ( 'NONE',  ( 0.0000000000000000000, -1.000000000000000000, 0.0000000000000000000 ) ) ;
#1872 = CARTESIAN_POINT ( 'NONE',  ( -7.589415207398531000E-016, -15.94956969548781000, -1.953258947535676900E-015 ) ) ;
#1873 = CARTESIAN_POINT ( 'NONE',  ( -9.400000000000005700, 36.90000000000000600, 0.0000000000000000000 ) ) ;
#1874 = ORIENTED_EDGE ( 'NONE', *, *, #5802, .F. ) ;
#1875 = CARTESIAN_POINT ( 'NONE',  ( -16.76702884213000600, 28.38971344998999800, -0.4785521654103001000 ) ) ;
#1876 = CARTESIAN_POINT ( 'NONE',  ( -23.38000000000000300, 16.35549038165057900, 9.669432991428005100 ) ) ;
#1877 = CARTESIAN_POINT ( 'NONE',  ( -18.76192406188196300, 25.61066078414694000, 0.9943056566621228900 ) ) ;
#1878 = CARTESIAN_POINT ( 'NONE',  ( -33.00000000000184700, 28.49999999999999300, 14.58578643762710500 ) ) ;
#1879 = VECTOR ( 'NONE', #5142, 1000.000000000000000 ) ;
#1880 = ORIENTED_EDGE ( 'NONE', *, *, #8739, .F. ) ;
#1882 = PRESENTATION_STYLE_ASSIGNMENT (( #6714 ) ) ;
#1881 = CARTESIAN_POINT ( 'NONE',  ( -16.53528286263999900, 27.73471657217000800, 0.1436172629762000100 ) ) ;
#1883 = ADVANCED_FACE ( 'NONE', ( #5632 ), #5423, .F. ) ;
#1884 = CARTESIAN_POINT ( 'NONE',  ( -16.74666166620000900, 24.42454899503999500, 0.5604524419710998900 ) ) ;
#1885 = STYLED_ITEM ( 'NONE', ( #543 ), #9987 ) ;
#1886 = ORIENTED_EDGE ( 'NONE', *, *, #845, .T. ) ;
#1887 = CARTESIAN_POINT ( 'NONE',  ( -3.000000000000002700, 14.09108147143918500, -9.863134540565003100 ) ) ;
#1888 = CARTESIAN_POINT ( 'NONE',  ( -32.48669961370335800, 29.00000000000001100, -14.13231495977004000 ) ) ;
#1889 =( NAMED_UNIT ( * ) PLANE_ANGLE_UNIT ( ) SI_UNIT ( $, .RADIAN. ) );
#1890 = CARTESIAN_POINT ( 'NONE',  ( -1.500000000000001300, 0.0000000000000000000, 0.0000000000000000000 ) ) ;
#1891 = CARTESIAN_POINT ( 'NONE',  ( -11.96319273617669100, 15.13789394246038200, -7.739075246883117200 ) ) ;
#1892 = CARTESIAN_POINT ( 'NONE',  ( -9.400000000000005700, 33.37999999999999500, 0.02999999999999997800 ) ) ;
#1893 =( NAMED_UNIT ( * ) SI_UNIT ( $, .STERADIAN. ) SOLID_ANGLE_UNIT ( ) );
#1894 =( LENGTH_UNIT ( ) NAMED_UNIT ( * ) SI_UNIT ( .MILLI., .METRE. ) );
#1895 = EDGE_LOOP ( 'NONE', ( #11260, #8658, #1605, #6158 ) ) ;
#1896 = ORIENTED_EDGE ( 'NONE', *, *, #3047, .T. ) ;
#1897 = UNCERTAINTY_MEASURE_WITH_UNIT (LENGTH_MEASURE( 1.000000000000000100E-005 ), #6958, 'distance_accuracy_value', 'NONE');
#1898 = PRESENTATION_LAYER_ASSIGNMENT (  '', '', ( #1311 ) ) ;
#1899 = DIRECTION ( 'NONE',  ( 0.0000000000000000000, 1.224646799147353200E-016, 1.000000000000000000 ) ) ;
#1900 = EDGE_CURVE ( 'NONE', #123, #766, #10042, .T. ) ;
#1901 = DIRECTION ( 'NONE',  ( -1.000000000000000000, 0.0000000000000000000, 0.0000000000000000000 ) ) ;
#1902 =( NAMED_UNIT ( * ) SI_UNIT ( $, .STERADIAN. ) SOLID_ANGLE_UNIT ( ) );
#1903 = CARTESIAN_POINT ( 'NONE',  ( -17.82062821407769000, 28.21683050705224700, -1.735924957211533600 ) ) ;
#1904 = CARTESIAN_POINT ( 'NONE',  ( -1.444020278706815300, 15.46179454901447800, 0.0000000000000000000 ) ) ;
#1905 = CARTESIAN_POINT ( 'NONE',  ( -18.81346559257122000, 28.36628720675710700, 1.219983106206346000 ) ) ;
#1906 = CIRCLE ( 'NONE', #4057, 15.05000000000000100 ) ;
#1907 = ORIENTED_EDGE ( 'NONE', *, *, #6806, .F. ) ;
#1908 = VERTEX_POINT ( 'NONE', #6994 ) ;
#1909 = CARTESIAN_POINT ( 'NONE',  ( -9.400000000000005700, 33.37999999999999500, 0.7999999999999999300 ) ) ;
#1910 = SURFACE_STYLE_FILL_AREA ( #5529 ) ;
#1911 = SURFACE_SIDE_STYLE ('',( #10323 ) ) ;
#1912 = CARTESIAN_POINT ( 'NONE',  ( -19.25010634255619000, 25.17251269597753100, 0.1622040677921042200 ) ) ;
#1913 = CARTESIAN_POINT ( 'NONE',  ( -17.75347006771000500, 28.34559113545999400, 1.494062185542000000 ) ) ;
#1914 = CARTESIAN_POINT ( 'NONE',  ( -18.00000000000000400, 28.41093935102359700, 0.0000000000000000000 ) ) ;
#1915 = CARTESIAN_POINT ( 'NONE',  ( -18.16512478269912700, 25.42337600277959500, -1.250000000000028600 ) ) ;
#1916 = CARTESIAN_POINT ( 'NONE',  ( -32.29289321881206100, 29.00000000000001800, 14.50000000000055400 ) ) ;
#1917 = MECHANICAL_DESIGN_GEOMETRIC_PRESENTATION_REPRESENTATION (  '', ( #753 ), #2487 ) ;
#1918 = CARTESIAN_POINT ( 'NONE',  ( -18.94187091814000500, 26.92275760192999500, -1.130886952388999900 ) ) ;
#1919 =( GEOMETRIC_REPRESENTATION_CONTEXT ( 3 ) GLOBAL_UNCERTAINTY_ASSIGNED_CONTEXT ( ( #10373 ) ) GLOBAL_UNIT_ASSIGNED_CONTEXT ( ( #44, #6124, #906 ) ) REPRESENTATION_CONTEXT ( 'NONE', 'WORKASPACE' ) );
#1920 = ORIENTED_EDGE ( 'NONE', *, *, #3786, .T. ) ;
#1921 = FACE_OUTER_BOUND ( 'NONE', #6477, .T. ) ;
#1922 = CARTESIAN_POINT ( 'NONE',  ( -16.90727757322799700, 28.45419691211115800, -0.6286859440069646500 ) ) ;
#1923 = DIRECTION ( 'NONE',  ( 0.0000000000000000000, 0.0000000000000000000, 1.000000000000000000 ) ) ;
#1924 = CARTESIAN_POINT ( 'NONE',  ( -17.15165431224059500, 24.85409670428947100, -0.9360927451159886100 ) ) ;
#1925 =( NAMED_UNIT ( * ) PLANE_ANGLE_UNIT ( ) SI_UNIT ( $, .RADIAN. ) );
#1926 = DIRECTION ( 'NONE',  ( -1.000000000000000000, 0.0000000000000000000, 0.0000000000000000000 ) ) ;
#1927 = FILL_AREA_STYLE ('',( #2646 ) ) ;
#1928 = EDGE_LOOP ( 'NONE', ( #9219, #7752, #612, #4704 ) ) ;
#1929 = FILL_AREA_STYLE_COLOUR ( '', #7130 ) ;
#1930 = EDGE_CURVE ( 'NONE', #11153, #8876, #783, .T. ) ;
#1931 = CARTESIAN_POINT ( 'NONE',  ( -0.3040217494789030400, 17.13304714212788200, 34.26609428425578600 ) ) ;
#1932 = PRESENTATION_LAYER_ASSIGNMENT (  '', '', ( #1343 ) ) ;
#1933 = PRESENTATION_LAYER_ASSIGNMENT (  '', '', ( #769 ) ) ;
#1934 = PRESENTATION_LAYER_ASSIGNMENT (  '', '', ( #196 ) ) ;
#1935 =( LENGTH_UNIT ( ) NAMED_UNIT ( * ) SI_UNIT ( .MILLI., .METRE. ) );
#1936 = ORIENTED_EDGE ( 'NONE', *, *, #4116, .F. ) ;
#1937 = SURFACE_SIDE_STYLE ('',( #1828 ) ) ;
#1938 =( NAMED_UNIT ( * ) PLANE_ANGLE_UNIT ( ) SI_UNIT ( $, .RADIAN. ) );
#1939 = SURFACE_SIDE_STYLE ('',( #2876 ) ) ;
#1940 = VECTOR ( 'NONE', #9246, 1000.000000000000000 ) ;
#1941 = CARTESIAN_POINT ( 'NONE',  ( -33.00000000000000000, 16.73320053068134400, 9.000000000000314400 ) ) ;
#1942 = CARTESIAN_POINT ( 'NONE',  ( -3.000000000000002700, 16.35549038165080300, 9.669432991428125800 ) ) ;
#1943 = EDGE_CURVE ( 'NONE', #2391, #721, #3076, .T. ) ;
#1944 = CARTESIAN_POINT ( 'NONE',  ( -32.99999999999646900, 28.79289321881162100, -14.00000000000243000 ) ) ;
#1945 = CARTESIAN_POINT ( 'NONE',  ( -19.24989312286141500, 25.15245877318382000, -0.1638389719548991000 ) ) ;
#1946 = AXIS2_PLACEMENT_3D ( 'NONE', #7992, #2776, #8874 ) ;
#1947 = CARTESIAN_POINT ( 'NONE',  ( -18.99229643220000000, 28.37218044783999500, 1.120559463397000200 ) ) ;
#1948 = VERTEX_POINT ( 'NONE', #8753 ) ;
#1949 = LINE ( 'NONE', #770, #1680 ) ;
#1950 =( NAMED_UNIT ( * ) SI_UNIT ( $, .STERADIAN. ) SOLID_ANGLE_UNIT ( ) );
#1951 =( NAMED_UNIT ( * ) PLANE_ANGLE_UNIT ( ) SI_UNIT ( $, .RADIAN. ) );
#1952 = MECHANICAL_DESIGN_GEOMETRIC_PRESENTATION_REPRESENTATION (  '', ( #788 ), #2531 ) ;
#1953 = CARTESIAN_POINT ( 'NONE',  ( -18.99921671577919500, 26.61077771007752800, -0.7685436201851316700 ) ) ;
#1954 = CARTESIAN_POINT ( 'NONE',  ( -17.00320543431000400, 28.39414295238999500, -0.8109470819201002300 ) ) ;
#1955 = CARTESIAN_POINT ( 'NONE',  ( -18.76190938028156600, 24.09028952124059600, -0.9943156245218988100 ) ) ;
#1956 = CARTESIAN_POINT ( 'NONE',  ( -0.3040217494789084200, -15.11695286011187600, -1.851292793299743700E-015 ) ) ;
#1957 = VERTEX_POINT ( 'NONE', #3528 ) ;
#1958 = UNCERTAINTY_MEASURE_WITH_UNIT (LENGTH_MEASURE( 1.000000000000000100E-005 ), #5392, 'distance_accuracy_value', 'NONE');
#1959 = FILL_AREA_STYLE ('',( #5437 ) ) ;
#1960 = CARTESIAN_POINT ( 'NONE',  ( -0.6470537030290185500, 0.0000000000000000000, 0.0000000000000000000 ) ) ;
#1961 =( LENGTH_UNIT ( ) NAMED_UNIT ( * ) SI_UNIT ( .MILLI., .METRE. ) );
#1962 = SURFACE_SIDE_STYLE ('',( #9809 ) ) ;
#1963 = DIRECTION ( 'NONE',  ( -1.000000000000000000, -0.0000000000000000000, -0.0000000000000000000 ) ) ;
#1964 = CARTESIAN_POINT ( 'NONE',  ( -4.063212019597403700, 0.0000000000000000000, 0.0000000000000000000 ) ) ;
#1965 = MECHANICAL_DESIGN_GEOMETRIC_PRESENTATION_REPRESENTATION (  '', ( #10967 ), #2542 ) ;
#1966 = ORIENTED_EDGE ( 'NONE', *, *, #5890, .T. ) ;
#1967 = CARTESIAN_POINT ( 'NONE',  ( -3.000000000000002700, 0.0000000000000000000, -16.70000000000000600 ) ) ;
#1968 = PRESENTATION_LAYER_ASSIGNMENT (  '', '', ( #234 ) ) ;
#1969 = EDGE_CURVE ( 'NONE', #9794, #5680, #2811, .T. ) ;
#1970 = ORIENTED_EDGE ( 'NONE', *, *, #2803, .T. ) ;
#1971 = CARTESIAN_POINT ( 'NONE',  ( -9.400000000000005700, 34.00000000000000000, 0.0000000000000000000 ) ) ;
#1972 = LINE ( 'NONE', #570, #2224 ) ;
#1973 = DIRECTION ( 'NONE',  ( 0.0000000000000000000, 1.000000000000000000, 0.0000000000000000000 ) ) ;
#1974 = DIRECTION ( 'NONE',  ( 0.0000000000000000000, -1.000000000000000000, 0.0000000000000000000 ) ) ;
#1975 = SURFACE_STYLE_USAGE ( .BOTH. , #7193 ) ;
#1976 = ORIENTED_EDGE ( 'NONE', *, *, #4813, .F. ) ;
#1977 = SURFACE_SIDE_STYLE ('',( #4098 ) ) ;
#1978 = CARTESIAN_POINT ( 'NONE',  ( -17.17374204051234400, 26.84467252268998300, 0.9415126333277452600 ) ) ;
#1979 = CARTESIAN_POINT ( 'NONE',  ( -17.31684184604594600, 24.33391964645287300, 1.056742419129522000 ) ) ;
#1980 = MECHANICAL_DESIGN_GEOMETRIC_PRESENTATION_REPRESENTATION (  '', ( #814 ), #2559 ) ;
#1981 = CARTESIAN_POINT ( 'NONE',  ( -18.55421191079464900, 26.07473176936737900, -1.123414873248219200 ) ) ;
#1982 = EDGE_CURVE ( 'NONE', #7421, #9083, #5147, .T. ) ;
#1983 = PRESENTATION_STYLE_ASSIGNMENT (( #6156 ) ) ;
#1984 = CARTESIAN_POINT ( 'NONE',  ( -18.00000000000000400, 28.41093935102359700, -1.250000000000000000 ) ) ;
#1985 = CARTESIAN_POINT ( 'NONE',  ( -18.69334169281018600, 28.61561271206475600, 1.039908723890249600 ) ) ;
#1986 = CARTESIAN_POINT ( 'NONE',  ( -19.30000000000006500, 38.89999999999999100, -8.300000000000000700 ) ) ;
#1987 = ORIENTED_EDGE ( 'NONE', *, *, #8180, .F. ) ;
#1988 = SURFACE_SIDE_STYLE ('',( #7613 ) ) ;
#1989 = CARTESIAN_POINT ( 'NONE',  ( -16.40000000000000600, 38.89999999999999100, 7.599999999999998800 ) ) ;
#1990 = CARTESIAN_POINT ( 'NONE',  ( -19.27912923856000700, 27.58218398214999900, -0.1227191204549999800 ) ) ;
#1991 = ORIENTED_EDGE ( 'NONE', *, *, #11205, .F. ) ;
#1992 = ORIENTED_EDGE ( 'NONE', *, *, #3762, .F. ) ;
#1993 = AXIS2_PLACEMENT_3D ( 'NONE', #3646, #9754, #4518 ) ;
#1994 = DIRECTION ( 'NONE',  ( 0.0000000000000000000, 1.000000000000000000, 0.0000000000000000000 ) ) ;
#1995 = CARTESIAN_POINT ( 'NONE',  ( -8.600000000000260800, 39.89999999999981400, 3.150000000000011500 ) ) ;
#1996 = PRESENTATION_LAYER_ASSIGNMENT (  '', '', ( #2577 ) ) ;
#1997 = CARTESIAN_POINT ( 'NONE',  ( -0.8529462969710035500, 17.20000000223977600, 0.0000000000000000000 ) ) ;
#1998 = CARTESIAN_POINT ( 'NONE',  ( -18.00000000000005700, 24.16192077896768000, 1.250000000000000000 ) ) ;
#1999 = CARTESIAN_POINT ( 'NONE',  ( -18.00000000000000400, 11.66190378969022800, -15.00000000000029000 ) ) ;
#2000 = ORIENTED_EDGE ( 'NONE', *, *, #8475, .T. ) ;
#2001 = UNCERTAINTY_MEASURE_WITH_UNIT (LENGTH_MEASURE( 1.000000000000000100E-005 ), #4590, 'distance_accuracy_value', 'NONE');
#2002 = CARTESIAN_POINT ( 'NONE',  ( -18.00968238696000500, 28.67331241007001100, -1.838418109485000300 ) ) ;
#2003 = ORIENTED_EDGE ( 'NONE', *, *, #7803, .F. ) ;
#2004 = PRESENTATION_STYLE_ASSIGNMENT (( #4201 ) ) ;
#2005 = FILL_AREA_STYLE_COLOUR ( '', #8127 ) ;
#2006 = CARTESIAN_POINT ( 'NONE',  ( -17.05064260985132000, 28.52715793576921800, 1.257772993171934100 ) ) ;
#2007 = EDGE_CURVE ( 'NONE', #4418, #2824, #3361, .T. ) ;
#2008 = DIRECTION ( 'NONE',  ( -1.000000000000000000, 0.0000000000000000000, 0.0000000000000000000 ) ) ;
#2009 = DIRECTION ( 'NONE',  ( -1.000000000000000000, -0.0000000000000000000, -0.0000000000000000000 ) ) ;
#2010 = LINE ( 'NONE', #3917, #11041 ) ;
#2011 = CARTESIAN_POINT ( 'NONE',  ( -17.99999999999999300, 27.03754620448232200, -1.249999999999999800 ) ) ;
#2012 = AXIS2_PLACEMENT_3D ( 'NONE', #10164, #10236, #10985 ) ;
#2013 = VERTEX_POINT ( 'NONE', #2690 ) ;
#2014 = CARTESIAN_POINT ( 'NONE',  ( -3.565492833055311300, 29.00000000000000400, -14.24985049102638300 ) ) ;
#2015 = PRESENTATION_LAYER_ASSIGNMENT (  '', '', ( #2594 ) ) ;
#2016 = VECTOR ( 'NONE', #2296, 1000.000000000000000 ) ;
#2017 = CARTESIAN_POINT ( 'NONE',  ( -18.63049776274788600, 26.24618869451623800, 1.091736410531554100 ) ) ;
#2018 = FILL_AREA_STYLE ('',( #3697 ) ) ;
#2019 =( NAMED_UNIT ( * ) PLANE_ANGLE_UNIT ( ) SI_UNIT ( $, .RADIAN. ) );
#2020 = CARTESIAN_POINT ( 'NONE',  ( -2.999999999998431500, 28.79289321881425700, -14.00000000000010100 ) ) ;
#2021 = SURFACE_SIDE_STYLE ('',( #4460 ) ) ;
#2022 = COLOUR_RGB ( '',0.9803921568627450600, 0.6274509803921568500, 0.0000000000000000000 ) ;
#2023 = CARTESIAN_POINT ( 'NONE',  ( -32.33283469516203500, 11.72106908597117000, 14.95420746097971200 ) ) ;
#2024 = ORIENTED_EDGE ( 'NONE', *, *, #9906, .F. ) ;
#2025 = CARTESIAN_POINT ( 'NONE',  ( -17.17589235434999800, 26.77022501191000400, 0.9856460382281003700 ) ) ;
#2026 = PRESENTATION_LAYER_ASSIGNMENT (  '', '', ( #868 ) ) ;
#2027 = EDGE_CURVE ( 'NONE', #3605, #2801, #4863, .T. ) ;
#2028 = FACE_OUTER_BOUND ( 'NONE', #9336, .T. ) ;
#2029 = DIRECTION ( 'NONE',  ( 0.0000000000000000000, 0.0000000000000000000, -1.000000000000000000 ) ) ;
#2030 = ORIENTED_EDGE ( 'NONE', *, *, #7784, .F. ) ;
#2031 = VECTOR ( 'NONE', #3897, 1000.000000000000000 ) ;
#2032 =( LENGTH_UNIT ( ) NAMED_UNIT ( * ) SI_UNIT ( .MILLI., .METRE. ) );
#2033 = UNCERTAINTY_MEASURE_WITH_UNIT (LENGTH_MEASURE( 1.000000000000000100E-005 ), #9817, 'distance_accuracy_value', 'NONE');
#2034 = CARTESIAN_POINT ( 'NONE',  ( -18.00000000000000000, 22.91186035534262900, -1.249999999999999800 ) ) ;
#2035 = DIRECTION ( 'NONE',  ( -0.0000000000000000000, 1.000000000000000000, -0.0000000000000000000 ) ) ;
#2036 = CARTESIAN_POINT ( 'NONE',  ( -16.34860318411000100, 28.64795265763000000, -0.05729922160209000000 ) ) ;
#2037 = MECHANICAL_DESIGN_GEOMETRIC_PRESENTATION_REPRESENTATION (  '', ( #310 ), #2623 ) ;
#2038 = ORIENTED_EDGE ( 'NONE', *, *, #1221, .F. ) ;
#2039 = EDGE_CURVE ( 'NONE', #8112, #10755, #7181, .T. ) ;
#2040 = CARTESIAN_POINT ( 'NONE',  ( -16.97854833751807400, 28.66984338562145100, -1.200757705009561000 ) ) ;
#2041 = CARTESIAN_POINT ( 'NONE',  ( -28.00000000000000400, 14.73091986265698600, 11.99999999999908000 ) ) ;
#2042 = CARTESIAN_POINT ( 'NONE',  ( -2.700000000000008200, 1.420590287010929500E-015, -11.60000000000000000 ) ) ;
#2043 = CARTESIAN_POINT ( 'NONE',  ( -9.400000000000005700, 33.37999999999999500, 0.0000000000000000000 ) ) ;
#2044 = SURFACE_SIDE_STYLE ('',( #7643 ) ) ;
#2045 = VERTEX_POINT ( 'NONE', #1857 ) ;
#2046 = PRESENTATION_STYLE_ASSIGNMENT (( #5386 ) ) ;
#2047 =( NAMED_UNIT ( * ) SI_UNIT ( $, .STERADIAN. ) SOLID_ANGLE_UNIT ( ) );
#2048 = SURFACE_SIDE_STYLE ('',( #5974 ) ) ;
#2049 = PRESENTATION_STYLE_ASSIGNMENT (( #9673 ) ) ;
#2050 = FILL_AREA_STYLE ('',( #5525 ) ) ;
#2051 =( NAMED_UNIT ( * ) PLANE_ANGLE_UNIT ( ) SI_UNIT ( $, .RADIAN. ) );
#2052 =( GEOMETRIC_REPRESENTATION_CONTEXT ( 3 ) GLOBAL_UNCERTAINTY_ASSIGNED_CONTEXT ( ( #10749 ) ) GLOBAL_UNIT_ASSIGNED_CONTEXT ( ( #10303, #5094, #11219 ) ) REPRESENTATION_CONTEXT ( 'NONE', 'WORKASPACE' ) );
#2053 =( NAMED_UNIT ( * ) SI_UNIT ( $, .STERADIAN. ) SOLID_ANGLE_UNIT ( ) );
#2054 = FACE_OUTER_BOUND ( 'NONE', #170, .T. ) ;
#2055 = ORIENTED_EDGE ( 'NONE', *, *, #4183, .F. ) ;
#2056 = COLOUR_RGB ( '',1.000000000000000000, 1.000000000000000000, 0.9490196078431372100 ) ;
#2057 =( LENGTH_UNIT ( ) NAMED_UNIT ( * ) SI_UNIT ( .MILLI., .METRE. ) );
#2058 = CARTESIAN_POINT ( 'NONE',  ( -16.76570325157088000, 24.42635269926962500, -0.2177190312446554100 ) ) ;
#2059 = DIRECTION ( 'NONE',  ( -0.0000000000000000000, 0.0000000000000000000, 1.000000000000000000 ) ) ;
#2060 = CARTESIAN_POINT ( 'NONE',  ( -16.80250865369551100, 26.81159563891466700, -0.3863135391206565800 ) ) ;
#2061 = CARTESIAN_POINT ( 'NONE',  ( -18.76759665885671800, 23.11010282984891300, 1.000240307982243300 ) ) ;
#2062 =( NAMED_UNIT ( * ) SI_UNIT ( $, .STERADIAN. ) SOLID_ANGLE_UNIT ( ) );
#2063 = EDGE_LOOP ( 'NONE', ( #1545, #1296, #3228, #3142 ) ) ;
#2064 = EDGE_CURVE ( 'NONE', #2387, #9792, #7448, .T. ) ;
#2065 = CARTESIAN_POINT ( 'NONE',  ( -17.90636820770000200, 28.62259290518999300, 1.463129265572999700 ) ) ;
#2066 = VECTOR ( 'NONE', #2402, 1000.000000000000000 ) ;
#2067 =( GEOMETRIC_REPRESENTATION_CONTEXT ( 3 ) GLOBAL_UNCERTAINTY_ASSIGNED_CONTEXT ( ( #6734 ) ) GLOBAL_UNIT_ASSIGNED_CONTEXT ( ( #3364, #3402, #3472 ) ) REPRESENTATION_CONTEXT ( 'NONE', 'WORKASPACE' ) );
#2068 = AXIS2_PLACEMENT_3D ( 'NONE', #2315, #8426, #3199 ) ;
#2069 = VECTOR ( 'NONE', #1901, 1000.000000000000000 ) ;
#2070 =( GEOMETRIC_REPRESENTATION_CONTEXT ( 3 ) GLOBAL_UNCERTAINTY_ASSIGNED_CONTEXT ( ( #8811 ) ) GLOBAL_UNIT_ASSIGNED_CONTEXT ( ( #8222, #3000, #9108 ) ) REPRESENTATION_CONTEXT ( 'NONE', 'WORKASPACE' ) );
#2071 = CARTESIAN_POINT ( 'NONE',  ( -19.34657952280544500, 28.80707548642086400, -0.8183117686978972300 ) ) ;
#2072 =( NAMED_UNIT ( * ) PLANE_ANGLE_UNIT ( ) SI_UNIT ( $, .RADIAN. ) );
#2073 = CARTESIAN_POINT ( 'NONE',  ( -18.99924617249291000, 22.61074637963686800, -0.7685122281890567300 ) ) ;
#2074 =( NAMED_UNIT ( * ) PLANE_ANGLE_UNIT ( ) SI_UNIT ( $, .RADIAN. ) );
#2075 =( NAMED_UNIT ( * ) SI_UNIT ( $, .STERADIAN. ) SOLID_ANGLE_UNIT ( ) );
#2076 = ORIENTED_EDGE ( 'NONE', *, *, #9504, .T. ) ;
#2077 = DIRECTION ( 'NONE',  ( 0.0000000000000000000, 1.000000000000000000, 0.0000000000000000000 ) ) ;
#2078 = FACE_OUTER_BOUND ( 'NONE', #2164, .T. ) ;
#2079 = CARTESIAN_POINT ( 'NONE',  ( -3.000000000000002700, 0.0000000000000000000, 0.0000000000000000000 ) ) ;
#2080 = EDGE_CURVE ( 'NONE', #8140, #3848, #9225, .T. ) ;
#2081 = ORIENTED_EDGE ( 'NONE', *, *, #4553, .T. ) ;
#2082 = PRESENTATION_LAYER_ASSIGNMENT (  '', '', ( #939 ) ) ;
#2083 = VERTEX_POINT ( 'NONE', #993 ) ;
#2084 = DIRECTION ( 'NONE',  ( 0.0000000000000000000, 0.0000000000000000000, -1.000000000000000000 ) ) ;
#2085 = SURFACE_STYLE_USAGE ( .BOTH. , #7320 ) ;
#2086 =( GEOMETRIC_REPRESENTATION_CONTEXT ( 3 ) GLOBAL_UNCERTAINTY_ASSIGNED_CONTEXT ( ( #10725 ) ) GLOBAL_UNIT_ASSIGNED_CONTEXT ( ( #10867, #5605, #412 ) ) REPRESENTATION_CONTEXT ( 'NONE', 'WORKASPACE' ) );
#2087 = FILL_AREA_STYLE_COLOUR ( '', #9319 ) ;
#2088 = UNCERTAINTY_MEASURE_WITH_UNIT (LENGTH_MEASURE( 1.000000000000000100E-005 ), #8064, 'distance_accuracy_value', 'NONE');
#2089 = SURFACE_SIDE_STYLE ('',( #1713 ) ) ;
#2090 = ORIENTED_EDGE ( 'NONE', *, *, #7026, .F. ) ;
#2091 = ORIENTED_EDGE ( 'NONE', *, *, #4153, .T. ) ;
#2092 = VECTOR ( 'NONE', #440, 1000.000000000000000 ) ;
#2093 = COLOUR_RGB ( '',0.0000000000000000000, 0.0000000000000000000, 0.0000000000000000000 ) ;
#2094 = CARTESIAN_POINT ( 'NONE',  ( -18.16386608207601200, 26.65165206001787400, 1.249999999999924500 ) ) ;
#2095 = FILL_AREA_STYLE_COLOUR ( '', #3247 ) ;
#2096 = COLOUR_RGB ( '',1.000000000000000000, 1.000000000000000000, 0.9490196078431372100 ) ;
#2097 = SURFACE_STYLE_USAGE ( .BOTH. , #7332 ) ;
#2098 = SURFACE_STYLE_USAGE ( .BOTH. , #7333 ) ;
#2099 = AXIS2_PLACEMENT_3D ( 'NONE', #5305, #92, #6164 ) ;
#2100 = ORIENTED_EDGE ( 'NONE', *, *, #819, .T. ) ;
#2101 = EDGE_CURVE ( 'NONE', #10173, #7051, #6899, .T. ) ;
#2102 = ORIENTED_EDGE ( 'NONE', *, *, #9504, .F. ) ;
#2103 = CARTESIAN_POINT ( 'NONE',  ( -18.75296646733000100, 28.65856349860999700, 0.8820184765942000700 ) ) ;
#2104 = COLOUR_RGB ( '',0.0000000000000000000, 0.0000000000000000000, 0.0000000000000000000 ) ;
#2105 = CARTESIAN_POINT ( 'NONE',  ( -18.17786875173000300, 24.68840562052000100, -1.648893160734000100 ) ) ;
#2106 = LINE ( 'NONE', #10439, #4151 ) ;
#2107 = DIRECTION ( 'NONE',  ( 0.0000000000000000000, 1.000000000000000000, 0.0000000000000000000 ) ) ;
#2108 = VECTOR ( 'NONE', #6636, 1000.000000000000000 ) ;
#2109 = SURFACE_SIDE_STYLE ('',( #4112 ) ) ;
#2110 = DIRECTION ( 'NONE',  ( -0.0000000000000000000, 1.000000000000000000, -0.0000000000000000000 ) ) ;
#2111 = CARTESIAN_POINT ( 'NONE',  ( -16.84860520405000300, 26.49969870798999900, 0.9563449922611001500 ) ) ;
#2112 = ORIENTED_EDGE ( 'NONE', *, *, #6490, .F. ) ;
#2113 = CARTESIAN_POINT ( 'NONE',  ( -16.26431730661305500, 25.10832486358793900, -0.1817008343730664700 ) ) ;
#2114 = AXIS2_PLACEMENT_3D ( 'NONE', #9058, #3843, #9937 ) ;
#2115 = EDGE_CURVE ( 'NONE', #8719, #1507, #4586, .T. ) ;
#2116 = ORIENTED_EDGE ( 'NONE', *, *, #1194, .F. ) ;
#2117 = CARTESIAN_POINT ( 'NONE',  ( -28.00000000000000400, 18.61545993133000500, -5.000000000000000000 ) ) ;
#2118 = CARTESIAN_POINT ( 'NONE',  ( -17.37131608468419200, 27.20375365760823500, 1.092610872268298800 ) ) ;
#2119 = CARTESIAN_POINT ( 'NONE',  ( -17.37393596669388900, 22.82961456748519800, 1.084994546092327400 ) ) ;
#2120 = PLANE ( 'NONE',  #11235 ) ;
#2121 = ORIENTED_EDGE ( 'NONE', *, *, #164, .F. ) ;
#2122 = SURFACE_STYLE_USAGE ( .BOTH. , #7357 ) ;
#2123 = COLOUR_RGB ( '',0.0000000000000000000, 0.0000000000000000000, 0.0000000000000000000 ) ;
#2124 = DIRECTION ( 'NONE',  ( 0.0000000000000000000, 0.0000000000000000000, 1.000000000000000000 ) ) ;
#2125 = ADVANCED_FACE ( 'NONE', ( #249 ), #10192, .T. ) ;
#2126 = COLOUR_RGB ( '',0.1098039215686274500, 0.1098039215686274500, 0.1098039215686274500 ) ;
#2127 = CARTESIAN_POINT ( 'NONE',  ( -18.16516488034748300, 23.04836105077699300, -1.249999999999501300 ) ) ;
#2128 = ORIENTED_EDGE ( 'NONE', *, *, #7431, .T. ) ;
#2129 = EDGE_CURVE ( 'NONE', #9050, #9648, #1195, .T. ) ;
#2130 = COLOUR_RGB ( '',0.0000000000000000000, 0.0000000000000000000, 0.0000000000000000000 ) ;
#2131 = PRESENTATION_LAYER_ASSIGNMENT (  '', '', ( #1567 ) ) ;
#2132 = FILL_AREA_STYLE_COLOUR ( '', #7230 ) ;
#2133 = PRESENTATION_LAYER_ASSIGNMENT (  '', '', ( #2726 ) ) ;
#2134 = CARTESIAN_POINT ( 'NONE',  ( -19.21807424496029500, 26.51594221927256400, -0.3256073430461936500 ) ) ;
#2135 = ORIENTED_EDGE ( 'NONE', *, *, #10580, .T. ) ;
#2136 = DIRECTION ( 'NONE',  ( 0.0000000000000000000, 0.0000000000000000000, -1.000000000000000000 ) ) ;
#2137 = MECHANICAL_DESIGN_GEOMETRIC_PRESENTATION_REPRESENTATION (  '', ( #992 ), #2728 ) ;
#2138 = DIRECTION ( 'NONE',  ( -1.000000000000000000, -0.0000000000000000000, -0.0000000000000000000 ) ) ;
#2139 = FILL_AREA_STYLE ('',( #10868 ) ) ;
#2140 = DIRECTION ( 'NONE',  ( -0.0000000000000000000, -0.0000000000000000000, 1.000000000000000000 ) ) ;
#2141 = CYLINDRICAL_SURFACE ( 'NONE', #513, 1.250000000000000000 ) ;
#2142 = ORIENTED_EDGE ( 'NONE', *, *, #9647, .T. ) ;
#2143 = VECTOR ( 'NONE', #356, 1000.000000000000000 ) ;
#2144 = CARTESIAN_POINT ( 'NONE',  ( -16.69999999999997800, 38.89999999999999100, 8.599999999999999600 ) ) ;
#2145 = PRESENTATION_STYLE_ASSIGNMENT (( #4755 ) ) ;
#2146 =( LENGTH_UNIT ( ) NAMED_UNIT ( * ) SI_UNIT ( .MILLI., .METRE. ) );
#2147 = EDGE_CURVE ( 'NONE', #5187, #86, #3489, .T. ) ;
#2148 = CARTESIAN_POINT ( 'NONE',  ( -23.38000000000000300, 15.88905490028542300, 9.669432991427985500 ) ) ;
#2149 = CARTESIAN_POINT ( 'NONE',  ( -18.00000000000000400, 28.41251092988220600, -1.249999999999999300 ) ) ;
#2150 = DIRECTION ( 'NONE',  ( 0.0000000000000000000, 0.0000000000000000000, -1.000000000000000000 ) ) ;
#2151 = MECHANICAL_DESIGN_GEOMETRIC_PRESENTATION_REPRESENTATION (  '', ( #11183 ), #2743 ) ;
#2152 = CARTESIAN_POINT ( 'NONE',  ( -19.10802339620867200, 25.92028383382793400, 1.348292919914881200 ) ) ;
#2153 =( GEOMETRIC_REPRESENTATION_CONTEXT ( 3 ) GLOBAL_UNCERTAINTY_ASSIGNED_CONTEXT ( ( #8298 ) ) GLOBAL_UNIT_ASSIGNED_CONTEXT ( ( #583, #6635, #1439 ) ) REPRESENTATION_CONTEXT ( 'NONE', 'WORKASPACE' ) );
#2154 = COLOUR_RGB ( '',1.000000000000000000, 1.000000000000000000, 0.9490196078431372100 ) ;
#2155 = VERTEX_POINT ( 'NONE', #6309 ) ;
#2156 = DIRECTION ( 'NONE',  ( 0.0000000000000000000, 0.0000000000000000000, -1.000000000000000000 ) ) ;
#2157 = FACE_OUTER_BOUND ( 'NONE', #294, .T. ) ;
#2158 = CARTESIAN_POINT ( 'NONE',  ( -19.21703658705114000, 24.64246525164772100, -0.3283640878708541900 ) ) ;
#2159 = CARTESIAN_POINT ( 'NONE',  ( -17.37135878895645300, 27.37007130700162300, -1.092630172895003600 ) ) ;
#2160 = CARTESIAN_POINT ( 'NONE',  ( -17.67265072191820300, 23.01705175128243800, -1.217479302465235100 ) ) ;
#2161 = FILL_AREA_STYLE_COLOUR ( '', #8215 ) ;
#2162 = CARTESIAN_POINT ( 'NONE',  ( -18.00000000000000400, 28.41093935102359700, 0.0000000000000000000 ) ) ;
#2163 = SURFACE_STYLE_FILL_AREA ( #8960 ) ;
#2164 = EDGE_LOOP ( 'NONE', ( #10149, #2909, #7277, #340 ) ) ;
#2165 = DIRECTION ( 'NONE',  ( -0.0000000000000000000, -0.0000000000000000000, -1.000000000000000000 ) ) ;
#2166 = COLOUR_RGB ( '',0.0000000000000000000, 0.0000000000000000000, 0.0000000000000000000 ) ;
#2167 = CARTESIAN_POINT ( 'NONE',  ( -9.400000000000005700, 33.37999999999999500, 0.0000000000000000000 ) ) ;
#2168 = EDGE_CURVE ( 'NONE', #7903, #5287, #10470, .T. ) ;
#2169 = CARTESIAN_POINT ( 'NONE',  ( -19.00100422534157800, 25.98592148912235400, -0.7665893310381043400 ) ) ;
#2170 = FILL_AREA_STYLE ('',( #9077 ) ) ;
#2171 = CARTESIAN_POINT ( 'NONE',  ( -3.000000000000002700, 0.0000000000000000000, 16.75000000000000000 ) ) ;
#2172 = CARTESIAN_POINT ( 'NONE',  ( -17.67284064554800300, 25.30869784032590200, 1.217503053249935100 ) ) ;
#2173 = VERTEX_POINT ( 'NONE', #6234 ) ;
#2174 = VERTEX_POINT ( 'NONE', #275 ) ;
#2175 = CIRCLE ( 'NONE', #4869, 17.20000000223977600 ) ;
#2176 = STYLED_ITEM ( 'NONE', ( #6804 ), #7753 ) ;
#2177 = LINE ( 'NONE', #8573, #6821 ) ;
#2178 = SURFACE_STYLE_FILL_AREA ( #2989 ) ;
#2179 = EDGE_CURVE ( 'NONE', #6361, #7336, #5820, .T. ) ;
#2180 = ORIENTED_EDGE ( 'NONE', *, *, #10035, .T. ) ;
#2181 = CARTESIAN_POINT ( 'NONE',  ( -18.00000000000000400, 28.69999240993098200, 0.0000000000000000000 ) ) ;
#2182 =( NAMED_UNIT ( * ) PLANE_ANGLE_UNIT ( ) SI_UNIT ( $, .RADIAN. ) );
#2183 = DIRECTION ( 'NONE',  ( 0.0000000000000000000, 1.000000000000000000, 0.0000000000000000000 ) ) ;
#2184 = FILL_AREA_STYLE ('',( #1320 ) ) ;
#2185 = DIRECTION ( 'NONE',  ( 0.0000000000000000000, 1.000000000000000000, 0.0000000000000000000 ) ) ;
#2186 = CARTESIAN_POINT ( 'NONE',  ( 0.0000000000000000000, 15.94956969548781000, 0.0000000000000000000 ) ) ;
#2187 = CARTESIAN_POINT ( 'NONE',  ( -16.89173910702414400, 22.66280945090202400, -1.117058796479821800 ) ) ;
#2188 = DIRECTION ( 'NONE',  ( 0.0000000000000000000, 0.0000000000000000000, -1.000000000000000000 ) ) ;
#2189 = UNCERTAINTY_MEASURE_WITH_UNIT (LENGTH_MEASURE( 1.000000000000000100E-005 ), #7586, 'distance_accuracy_value', 'NONE');
#2190 = DIRECTION ( 'NONE',  ( 0.0000000000000000000, 1.000000000000000000, 0.0000000000000000000 ) ) ;
#2191 = CLOSED_SHELL ( 'NONE', ( #10910, #10336, #8605, #8472, #8088, #9279, #10931, #7409, #3126, #8904, #2338, #10647, #2125, #9210, #8504 ) ) ;
#2192 = COLOUR_RGB ( '',0.7764705882352941300, 0.7568627450980391900, 0.7372549019607843600 ) ;
#2193 =( NAMED_UNIT ( * ) SI_UNIT ( $, .STERADIAN. ) SOLID_ANGLE_UNIT ( ) );
#2194 = DIRECTION ( 'NONE',  ( 0.0000000000000000000, 0.0000000000000000000, 1.000000000000000000 ) ) ;
#2195 =( NAMED_UNIT ( * ) SI_UNIT ( $, .STERADIAN. ) SOLID_ANGLE_UNIT ( ) );
#2196 = CARTESIAN_POINT ( 'NONE',  ( 0.0000000000000000000, 25.00000000000000000, 9.765000000000000600 ) ) ;
#2197 = LINE ( 'NONE', #1316, #11254 ) ;
#2198 = PRESENTATION_LAYER_ASSIGNMENT (  '', '', ( #1639 ) ) ;
#2199 = ADVANCED_FACE ( 'NONE', ( #5543 ), #4593, .T. ) ;
#2200 =( NAMED_UNIT ( * ) SI_UNIT ( $, .STERADIAN. ) SOLID_ANGLE_UNIT ( ) );
#2201 = PRESENTATION_LAYER_ASSIGNMENT (  '', '', ( #897 ) ) ;
#2202 = ORIENTED_EDGE ( 'NONE', *, *, #5595, .F. ) ;
#2203 =( NAMED_UNIT ( * ) SI_UNIT ( $, .STERADIAN. ) SOLID_ANGLE_UNIT ( ) );
#2204 = FILL_AREA_STYLE ('',( #6513 ) ) ;
#2205 = FILL_AREA_STYLE_COLOUR ( '', #2154 ) ;
#2206 = CARTESIAN_POINT ( 'NONE',  ( -17.23195710242751100, 25.48511803903910400, -0.9998975662123678100 ) ) ;
#2207 = EDGE_CURVE ( 'NONE', #4014, #8813, #4721, .T. ) ;
#2208 = CARTESIAN_POINT ( 'NONE',  ( -16.75796018781781200, 26.27669373561879200, 0.1627518940890485300 ) ) ;
#2209 = AXIS2_PLACEMENT_3D ( 'NONE', #3264, #3310, #3350 ) ;
#2210 = ORIENTED_EDGE ( 'NONE', *, *, #2147, .T. ) ;
#2211 = COLOUR_RGB ( '',0.9803921568627450600, 0.6274509803921568500, 0.0000000000000000000 ) ;
#2212 = AXIS2_PLACEMENT_3D ( 'NONE', #7955, #3619, #7124 ) ;
#2213 = CARTESIAN_POINT ( 'NONE',  ( -18.76803189173420300, 24.46373663004510800, -0.9998281580432569800 ) ) ;
#2214 = CARTESIAN_POINT ( 'NONE',  ( -17.17375237465225600, 28.22000011403298100, 0.9415234400785292800 ) ) ;
#2215 = VERTEX_POINT ( 'NONE', #4826 ) ;
#2216 = CARTESIAN_POINT ( 'NONE',  ( -19.13250113854410400, 28.57265920838539600, 0.5454318782655627200 ) ) ;
#2217 = FILL_AREA_STYLE ('',( #6526 ) ) ;
#2218 = ORIENTED_EDGE ( 'NONE', *, *, #311, .T. ) ;
#2219 = LINE ( 'NONE', #3994, #6861 ) ;
#2220 = SURFACE_STYLE_USAGE ( .BOTH. , #7454 ) ;
#2221 = FILL_AREA_STYLE ('',( #7417 ) ) ;
#2222 = PRESENTATION_STYLE_ASSIGNMENT (( #1662 ) ) ;
#2223 = UNCERTAINTY_MEASURE_WITH_UNIT (LENGTH_MEASURE( 1.000000000000000100E-005 ), #757, 'distance_accuracy_value', 'NONE');
#2224 = VECTOR ( 'NONE', #3933, 1000.000000000000000 ) ;
#2225 = PRESENTATION_LAYER_ASSIGNMENT (  '', '', ( #1670 ) ) ;
#2226 = CARTESIAN_POINT ( 'NONE',  ( -16.78427191992873100, 26.39186402537309900, 0.3244362983239216800 ) ) ;
#2227 = ORIENTED_EDGE ( 'NONE', *, *, #1969, .T. ) ;
#2228 = SURFACE_STYLE_USAGE ( .BOTH. , #7461 ) ;
#2229 = CARTESIAN_POINT ( 'NONE',  ( -9.300000000000002500, 32.20000000000000300, 0.3500000000000000300 ) ) ;
#2230 = DIRECTION ( 'NONE',  ( 0.0000000000000000000, 0.0000000000000000000, -1.000000000000000000 ) ) ;
#2231 =( NAMED_UNIT ( * ) PLANE_ANGLE_UNIT ( ) SI_UNIT ( $, .RADIAN. ) );
#2232 = SURFACE_STYLE_FILL_AREA ( #1462 ) ;
#2233 = SURFACE_STYLE_USAGE ( .BOTH. , #7467 ) ;
#2234 = SURFACE_STYLE_FILL_AREA ( #5292 ) ;
#2235 = SURFACE_SIDE_STYLE ('',( #2764 ) ) ;
#2236 = ORIENTED_EDGE ( 'NONE', *, *, #9379, .T. ) ;
#2237 = CARTESIAN_POINT ( 'NONE',  ( -18.81407109160000600, 27.53985100310000100, -0.9942433546191002900 ) ) ;
#2238 = PLANE ( 'NONE',  #2463 ) ;
#2239 = CARTESIAN_POINT ( 'NONE',  ( -16.74989548758167500, 27.42324728883731000, -0.1621722387964117900 ) ) ;
#2240 =( LENGTH_UNIT ( ) NAMED_UNIT ( * ) SI_UNIT ( .MILLI., .METRE. ) );
#2241 = PRESENTATION_LAYER_ASSIGNMENT (  '', '', ( #2835 ) ) ;
#2242 = SURFACE_STYLE_USAGE ( .BOTH. , #7475 ) ;
#2243 = VECTOR ( 'NONE', #240, 1000.000000000000000 ) ;
#2244 = EDGE_CURVE ( 'NONE', #3861, #9266, #7030, .T. ) ;
#2245 = ORIENTED_EDGE ( 'NONE', *, *, #2709, .F. ) ;
#2246 = ORIENTED_EDGE ( 'NONE', *, *, #10969, .F. ) ;
#2248 = ADVANCED_FACE ( 'NONE', ( #2397 ), #9876, .F. ) ;
#2247 = VECTOR ( 'NONE', #2639, 1000.000000000000000 ) ;
#2249 = CARTESIAN_POINT ( 'NONE',  ( -18.32701156444738500, 24.64135231082694200, 1.217602182074890100 ) ) ;
#2250 = SURFACE_STYLE_FILL_AREA ( #6272 ) ;
#2251 = CARTESIAN_POINT ( 'NONE',  ( -18.00000000000000400, 28.41251092988220600, -1.249999999999999300 ) ) ;
#2252 = FACE_OUTER_BOUND ( 'NONE', #5584, .T. ) ;
#2253 = DIRECTION ( 'NONE',  ( -0.0000000000000000000, -0.0000000000000000000, -1.000000000000000000 ) ) ;
#2254 = ORIENTED_EDGE ( 'NONE', *, *, #6995, .F. ) ;
#2255 = CARTESIAN_POINT ( 'NONE',  ( -1.444020278706814200, 16.78820545322528800, -33.57641090645057600 ) ) ;
#2256 = CARTESIAN_POINT ( 'NONE',  ( -8.830868191124656300, 40.90000000000039600, 2.572649730810868500 ) ) ;
#2257 = STYLED_ITEM ( 'NONE', ( #2004 ), #8396 ) ;
#2258 = VERTEX_POINT ( 'NONE', #1443 ) ;
#2259 = FACE_OUTER_BOUND ( 'NONE', #8936, .T. ) ;
#2260 = CARTESIAN_POINT ( 'NONE',  ( -16.27963400263000100, 24.55011982685999800, -0.05804115116447998400 ) ) ;
#2261 = AXIS2_PLACEMENT_3D ( 'NONE', #9851, #4625, #10762 ) ;
#2262 = CARTESIAN_POINT ( 'NONE',  ( -16.40000000000000600, 28.89999999999999900, 7.599999999999998800 ) ) ;
#2263 = FILL_AREA_STYLE ('',( #3143 ) ) ;
#2264 = EDGE_LOOP ( 'NONE', ( #10080, #2683, #3323, #643 ) ) ;
#2265 = EDGE_LOOP ( 'NONE', ( #5149, #4784, #634, #5814 ) ) ;
#2266 = FILL_AREA_STYLE ('',( #4025 ) ) ;
#2267 = CARTESIAN_POINT ( 'NONE',  ( -16.33389884845827600, 23.12407010198780800, -0.5193424552750521800 ) ) ;
#2268 = SURFACE_STYLE_USAGE ( .BOTH. , #7503 ) ;
#2269 = VECTOR ( 'NONE', #6639, 1000.000000000000000 ) ;
#2270 = FILL_AREA_STYLE_COLOUR ( '', #415 ) ;
#2271 = EDGE_CURVE ( 'NONE', #3174, #1392, #5953, .T. ) ;
#2272 = ORIENTED_EDGE ( 'NONE', *, *, #62, .T. ) ;
#2273 = CARTESIAN_POINT ( 'NONE',  ( -18.11870471338000100, 26.72789203285999800, 1.279508023490000000 ) ) ;
#2274 = PRESENTATION_LAYER_ASSIGNMENT (  '', '', ( #2873 ) ) ;
#2275 = CARTESIAN_POINT ( 'NONE',  ( -19.06713716853399300, 28.20675518461323300, 0.6642633125891866900 ) ) ;
#2276 = CARTESIAN_POINT ( 'NONE',  ( -20.40000000000000600, 28.89999999999999900, 7.599999999999999600 ) ) ;
#2277 = PRESENTATION_LAYER_ASSIGNMENT (  '', '', ( #2874 ) ) ;
#2278 = CARTESIAN_POINT ( 'NONE',  ( -1.500000000000001300, -16.30043030675197700, -2.051309737398286100E-015 ) ) ;
#2279 = CARTESIAN_POINT ( 'NONE',  ( -18.62843378180350100, 27.95376203192232700, -1.092737115235130400 ) ) ;
#2280 = CARTESIAN_POINT ( 'NONE',  ( -19.04222576204000500, 24.87578076750000400, 1.290084900645000100 ) ) ;
#2281 = PRESENTATION_STYLE_ASSIGNMENT (( #842 ) ) ;
#2282 = ADVANCED_FACE ( 'NONE', ( #1312 ), #5702, .T. ) ;
#2283 = FILL_AREA_STYLE_COLOUR ( '', #5526 ) ;
#2284 =( LENGTH_UNIT ( ) NAMED_UNIT ( * ) SI_UNIT ( .MILLI., .METRE. ) );
#2285 = ORIENTED_EDGE ( 'NONE', *, *, #3303, .F. ) ;
#2286 = VECTOR ( 'NONE', #7404, 1000.000000000000000 ) ;
#2287 = PLANE ( 'NONE',  #6668 ) ;
#2288 = CIRCLE ( 'NONE', #10437, 0.2999999999999999300 ) ;
#2289 = CARTESIAN_POINT ( 'NONE',  ( -2.700000000000008200, 0.0000000000000000000, 17.00000000000000000 ) ) ;
#2290 = EDGE_CURVE ( 'NONE', #8538, #6467, #1870, .T. ) ;
#2291 = SURFACE_STYLE_USAGE ( .BOTH. , #7523 ) ;
#2292 = DIRECTION ( 'NONE',  ( 0.0000000000000000000, 0.0000000000000000000, -1.000000000000000000 ) ) ;
#2293 = CARTESIAN_POINT ( 'NONE',  ( -19.60000000000000100, 38.89999999999999100, -8.299999999999998900 ) ) ;
#2294 = DIRECTION ( 'NONE',  ( 0.0000000000000000000, 0.0000000000000000000, -1.000000000000000000 ) ) ;
#2295 = AXIS2_PLACEMENT_3D ( 'NONE', #10957, #5707, #506 ) ;
#2296 = DIRECTION ( 'NONE',  ( -0.0000000000000000000, -0.0000000000000000000, 1.000000000000000000 ) ) ;
#2297 = MECHANICAL_DESIGN_GEOMETRIC_PRESENTATION_REPRESENTATION (  '', ( #1163 ), #2891 ) ;
#2298 =( LENGTH_UNIT ( ) NAMED_UNIT ( * ) SI_UNIT ( .MILLI., .METRE. ) );
#2299 = B_SPLINE_CURVE_WITH_KNOTS ( 'NONE', 1,
 ( #2864, #8092 ),
 .UNSPECIFIED., .F., .F.,
 ( 2, 2 ),
 ( 0.0000000000000000000, 1.000000000000000000 ),
 .UNSPECIFIED. ) ;
#2300 = CARTESIAN_POINT ( 'NONE',  ( -19.62897763155000100, 23.75898031739999500, -0.8667544469735001300 ) ) ;
#2301 = EDGE_LOOP ( 'NONE', ( #1970, #10625, #4490, #89 ) ) ;
#2302 = SURFACE_STYLE_FILL_AREA ( #4875 ) ;
#2303 = SURFACE_SIDE_STYLE ('',( #7891 ) ) ;
#2304 = CARTESIAN_POINT ( 'NONE',  ( -18.16512443118588400, 27.54844808450598100, -1.249999999999972500 ) ) ;
#2305 = CARTESIAN_POINT ( 'NONE',  ( -16.45423411147207600, 23.06161171965863900, 0.8100727431584819900 ) ) ;
#2306 = CARTESIAN_POINT ( 'NONE',  ( -16.16326662187000100, 26.15979097098000100, -0.1767550213430000300 ) ) ;
#2307 = CARTESIAN_POINT ( 'NONE',  ( -0.6470537030290046700, 17.20000000223977600, 0.0000000000000000000 ) ) ;
#2308 = CARTESIAN_POINT ( 'NONE',  ( -1.500000000000000700, -15.94956969548781500, 31.89913939097561600 ) ) ;
#2309 =( GEOMETRIC_REPRESENTATION_CONTEXT ( 3 ) GLOBAL_UNCERTAINTY_ASSIGNED_CONTEXT ( ( #695 ) ) GLOBAL_UNIT_ASSIGNED_CONTEXT ( ( #6159, #950, #7025 ) ) REPRESENTATION_CONTEXT ( 'NONE', 'WORKASPACE' ) );
#2310 = EDGE_LOOP ( 'NONE', ( #1233, #823, #8948, #4477 ) ) ;
#2311 = LINE ( 'NONE', #5190, #9011 ) ;
#2312 = AXIS2_PLACEMENT_3D ( 'NONE', #7378, #3902, #9157 ) ;
#2313 = EDGE_CURVE ( 'NONE', #7174, #4218, #9502, .T. ) ;
#2314 = CARTESIAN_POINT ( 'NONE',  ( -19.46388447200000400, 28.19927738332000200, -0.1528169221096000200 ) ) ;
#2315 = CARTESIAN_POINT ( 'NONE',  ( -9.504263980358002700, 40.99029525569000800, 2.520517740632001000 ) ) ;
#2316 = CARTESIAN_POINT ( 'NONE',  ( -19.13187845101000700, 24.07100853852000500, -0.6083467333732001100 ) ) ;
#2317 = CARTESIAN_POINT ( 'NONE',  ( -18.00000000000000400, 34.07499999999999600, -8.600000000000001400 ) ) ;
#2318 = CARTESIAN_POINT ( 'NONE',  ( -18.62985890745556400, 28.11997973281791700, 1.091921035588758500 ) ) ;
#2319 = CARTESIAN_POINT ( 'NONE',  ( -16.91539495964659800, 23.82878874909476300, -0.6267382375531310700 ) ) ;
#2320 = ORIENTED_EDGE ( 'NONE', *, *, #1604, .F. ) ;
#2321 = VECTOR ( 'NONE', #8451, 1000.000000000000000 ) ;
#2322 = ADVANCED_FACE ( 'NONE', ( #507 ), #10752, .F. ) ;
#2323 = CARTESIAN_POINT ( 'NONE',  ( -17.36997618572207000, 27.70386911539042200, 1.091976806397513700 ) ) ;
#2324 = COLOUR_RGB ( '',0.0000000000000000000, 0.0000000000000000000, 0.0000000000000000000 ) ;
#2325 = PRESENTATION_LAYER_ASSIGNMENT (  '', '', ( #615 ) ) ;
#2326 = EDGE_CURVE ( 'NONE', #6485, #1053, #6242, .T. ) ;
#2327 = DIRECTION ( 'NONE',  ( 0.0000000000000000000, -1.000000000000000000, 0.0000000000000000000 ) ) ;
#2328 =( LENGTH_UNIT ( ) NAMED_UNIT ( * ) SI_UNIT ( .MILLI., .METRE. ) );
#2329 =( LENGTH_UNIT ( ) NAMED_UNIT ( * ) SI_UNIT ( .MILLI., .METRE. ) );
#2330 = CARTESIAN_POINT ( 'NONE',  ( -18.00000000000026600, 25.66248407259706700, 1.249999999999998900 ) ) ;
#2331 = DIRECTION ( 'NONE',  ( 0.0000000000000000000, 0.0000000000000000000, 1.000000000000000000 ) ) ;
#2332 = CARTESIAN_POINT ( 'NONE',  ( -17.49982788294368800, 24.49815451316780500, 1.672077513211902300 ) ) ;
#2333 = UNCERTAINTY_MEASURE_WITH_UNIT (LENGTH_MEASURE( 1.000000000000000100E-005 ), #825, 'distance_accuracy_value', 'NONE');
#2334 = ORIENTED_EDGE ( 'NONE', *, *, #1074, .T. ) ;
#2335 = DIRECTION ( 'NONE',  ( 0.0000000000000000000, 0.0000000000000000000, 1.000000000000000000 ) ) ;
#2336 = CIRCLE ( 'NONE', #5606, 0.2999999999999999300 ) ;
#2337 = CARTESIAN_POINT ( 'NONE',  ( -17.44904141590000200, 22.94702134715999600, 1.761043354350000100 ) ) ;
#2338 = ADVANCED_FACE ( 'NONE', ( #1725 ), #2934, .F. ) ;
#2339 = CARTESIAN_POINT ( 'NONE',  ( -5.999999999999998200, 15.71288563568131600, -9.764999999999998800 ) ) ;
#2340 = DIRECTION ( 'NONE',  ( -1.000000000000000000, -0.0000000000000000000, -0.0000000000000000000 ) ) ;
#2341 = EDGE_LOOP ( 'NONE', ( #10136, #2897 ) ) ;
#2342 = FACE_OUTER_BOUND ( 'NONE', #3928, .T. ) ;
#2343 = CARTESIAN_POINT ( 'NONE',  ( -19.83635949114000500, 25.80569346132000400, 0.1805968224488999900 ) ) ;
#2344 = CARTESIAN_POINT ( 'NONE',  ( -1.500000000000001300, 19.31356058705310000, 0.0000000000000000000 ) ) ;
#2345 = CARTESIAN_POINT ( 'NONE',  ( -19.43169845116000300, 25.34783200073999900, -1.164075143729000200 ) ) ;
#2346 = PRESENTATION_STYLE_ASSIGNMENT (( #3850 ) ) ;
#2347 = CARTESIAN_POINT ( 'NONE',  ( -9.400000000000005700, 33.37999999999999500, -0.8000000000000000400 ) ) ;
#2348 = CARTESIAN_POINT ( 'NONE',  ( -0.8529462969709826800, 15.04999999999999400, 30.09999999999999800 ) ) ;
#2349 =( GEOMETRIC_REPRESENTATION_CONTEXT ( 3 ) GLOBAL_UNCERTAINTY_ASSIGNED_CONTEXT ( ( #3211 ) ) GLOBAL_UNIT_ASSIGNED_CONTEXT ( ( #2240, #8347, #3123 ) ) REPRESENTATION_CONTEXT ( 'NONE', 'WORKASPACE' ) );
#2350 = ORIENTED_EDGE ( 'NONE', *, *, #3786, .F. ) ;
#2351 = CARTESIAN_POINT ( 'NONE',  ( 0.0000000000000000000, 0.0000000000000000000, 18.50000000000000000 ) ) ;
#2352 = CLOSED_SHELL ( 'NONE', ( #9361, #4062, #2731, #9451, #3526, #11060 ) ) ;
#2353 = CARTESIAN_POINT ( 'NONE',  ( -17.06524667801999900, 27.38731841308001000, 1.136775456183000400 ) ) ;
#2354 = SURFACE_SIDE_STYLE ('',( #7528 ) ) ;
#2355 = CARTESIAN_POINT ( 'NONE',  ( -17.62144894956000500, 23.25904956827999800, 1.227978295279999600 ) ) ;
#2356 = CARTESIAN_POINT ( 'NONE',  ( -33.00000000000000000, 0.0000000000000000000, 0.0000000000000000000 ) ) ;
#2357 = PRESENTATION_STYLE_ASSIGNMENT (( #4192 ) ) ;
#2358 = DIRECTION ( 'NONE',  ( 0.0000000000000000000, 0.0000000000000000000, 1.000000000000000000 ) ) ;
#2359 =( LENGTH_UNIT ( ) NAMED_UNIT ( * ) SI_UNIT ( .MILLI., .METRE. ) );
#2360 = EDGE_CURVE ( 'NONE', #1640, #7301, #5274, .T. ) ;
#2361 = ORIENTED_EDGE ( 'NONE', *, *, #381, .F. ) ;
#2362 = CARTESIAN_POINT ( 'NONE',  ( -17.67542635643179900, 27.89144226961360200, -1.209882344169709100 ) ) ;
#2363 = AXIS2_PLACEMENT_3D ( 'NONE', #6721, #5903, #2426 ) ;
#2364 = ORIENTED_EDGE ( 'NONE', *, *, #4864, .T. ) ;
#2365 = PLANE ( 'NONE',  #8210 ) ;
#2366 = PRESENTATION_LAYER_ASSIGNMENT (  '', '', ( #1226 ) ) ;
#2367 =( LENGTH_UNIT ( ) NAMED_UNIT ( * ) SI_UNIT ( .MILLI., .METRE. ) );
#2368 = VECTOR ( 'NONE', #1120, 1000.000000000000000 ) ;
#2369 = UNCERTAINTY_MEASURE_WITH_UNIT (LENGTH_MEASURE( 1.000000000000000100E-005 ), #299, 'distance_accuracy_value', 'NONE');
#2370 = LINE ( 'NONE', #6223, #7013 ) ;
#2371 = SURFACE_STYLE_USAGE ( .BOTH. , #7606 ) ;
#2372 =( NAMED_UNIT ( * ) PLANE_ANGLE_UNIT ( ) SI_UNIT ( $, .RADIAN. ) );
#2373 = CARTESIAN_POINT ( 'NONE',  ( -18.00000000000057200, 26.66248011597604500, 1.250000000000000000 ) ) ;
#2374 = CARTESIAN_POINT ( 'NONE',  ( -19.25010490692591600, 23.67315665974239600, 0.1622100421778205300 ) ) ;
#2375 =( NAMED_UNIT ( * ) SI_UNIT ( $, .STERADIAN. ) SOLID_ANGLE_UNIT ( ) );
#2376 = CARTESIAN_POINT ( 'NONE',  ( -18.82781248196162900, 24.43569613083780100, 1.536313489975193100 ) ) ;
#2378 = ORIENTED_EDGE ( 'NONE', *, *, #10233, .F. ) ;
#2377 = CARTESIAN_POINT ( 'NONE',  ( -18.00000000000000400, 28.41093935102359700, 0.0000000000000000000 ) ) ;
#2379 = DIRECTION ( 'NONE',  ( 0.0000000000000000000, 0.0000000000000000000, 1.000000000000000000 ) ) ;
#2380 = PRODUCT ( 'VDE37_19x50', 'VDE37_19x50', '', ( #11001 ) ) ;
#2381 = CARTESIAN_POINT ( 'NONE',  ( -19.58841432990000400, 24.41840669760999900, 0.4769648313331001400 ) ) ;
#2382 = CARTESIAN_POINT ( 'NONE',  ( -6.658701402671957800, 15.71288563568130100, -9.764999999999998800 ) ) ;
#2383 = PRESENTATION_STYLE_ASSIGNMENT (( #1222 ) ) ;
#2384 = AXIS2_PLACEMENT_3D ( 'NONE', #1686, #7773, #2551 ) ;
#2385 = VECTOR ( 'NONE', #6676, 1000.000000000000000 ) ;
#2386 = SURFACE_SIDE_STYLE ('',( #148 ) ) ;
#2387 = VERTEX_POINT ( 'NONE', #10318 ) ;
#2388 = CARTESIAN_POINT ( 'NONE',  ( -19.21777706946389200, 27.68413772864234100, 0.3260584208461096400 ) ) ;
#2389 = EDGE_CURVE ( 'NONE', #7682, #7694, #7091, .T. ) ;
#2390 = CARTESIAN_POINT ( 'NONE',  ( -16.56586948812000100, 24.99373449107999800, 1.161077546708000300 ) ) ;
#2391 = VERTEX_POINT ( 'NONE', #7761 ) ;
#2392 = SURFACE_SIDE_STYLE ('',( #3279 ) ) ;
#2393 = CARTESIAN_POINT ( 'NONE',  ( -16.70133569972000100, 24.59833141282999600, 1.042439122353000100 ) ) ;
#2394 = COLOUR_RGB ( '',1.000000000000000000, 1.000000000000000000, 0.9490196078431372100 ) ;
#2395 = CARTESIAN_POINT ( 'NONE',  ( -17.04379795863507100, 22.78757469464871500, -0.9637897133994018900 ) ) ;
#2396 = CARTESIAN_POINT ( 'NONE',  ( -18.32712414599958400, 23.43369822786221200, -1.217458555875342800 ) ) ;
#2397 = FACE_OUTER_BOUND ( 'NONE', #6914, .T. ) ;
#2398 = PRESENTATION_STYLE_ASSIGNMENT (( #596 ) ) ;
#2399 = ORIENTED_EDGE ( 'NONE', *, *, #2986, .F. ) ;
#2400 = ORIENTED_EDGE ( 'NONE', *, *, #8507, .T. ) ;
#2401 = CARTESIAN_POINT ( 'NONE',  ( -17.86710379275000100, 26.57535944284000000, -1.465728778531999700 ) ) ;
#2402 = DIRECTION ( 'NONE',  ( 0.0000000000000000000, 1.000000000000000000, -0.0000000000000000000 ) ) ;
#2403 = ORIENTED_EDGE ( 'NONE', *, *, #2504, .T. ) ;
#2404 = CARTESIAN_POINT ( 'NONE',  ( -17.40700505777000000, 22.44709059804000300, -1.139740550641000300 ) ) ;
#2405 = PRESENTATION_STYLE_ASSIGNMENT (( #4313 ) ) ;
#2406 = DIRECTION ( 'NONE',  ( 0.0000000000000000000, 1.000000000000000000, 0.0000000000000000000 ) ) ;
#2407 =( GEOMETRIC_REPRESENTATION_CONTEXT ( 3 ) GLOBAL_UNCERTAINTY_ASSIGNED_CONTEXT ( ( #8888 ) ) GLOBAL_UNIT_ASSIGNED_CONTEXT ( ( #2032, #8122, #2901 ) ) REPRESENTATION_CONTEXT ( 'NONE', 'WORKASPACE' ) );
#2408 = FILL_AREA_STYLE_COLOUR ( '', #2104 ) ;
#2409 = EDGE_CURVE ( 'NONE', #3314, #1908, #5528, .T. ) ;
#2410 = CARTESIAN_POINT ( 'NONE',  ( -17.37393720650257500, 23.32962775193272600, 1.084995285094521700 ) ) ;
#2411 = VECTOR ( 'NONE', #5755, 1000.000000000000000 ) ;
#2412 = VERTEX_POINT ( 'NONE', #3409 ) ;
#2413 = ORIENTED_EDGE ( 'NONE', *, *, #3832, .T. ) ;
#2414 = CARTESIAN_POINT ( 'NONE',  ( -0.6470537030290185500, 0.0000000000000000000, 0.0000000000000000000 ) ) ;
#2415 = PRESENTATION_STYLE_ASSIGNMENT (( #3714 ) ) ;
#2416 =( NAMED_UNIT ( * ) SI_UNIT ( $, .STERADIAN. ) SOLID_ANGLE_UNIT ( ) );
#2417 = DIRECTION ( 'NONE',  ( 0.0000000000000000000, 0.0000000000000000000, 1.000000000000000000 ) ) ;
#2418 = CARTESIAN_POINT ( 'NONE',  ( -17.44576009947987000, 25.87561517934472700, -1.123402370109410500 ) ) ;
#2419 = SURFACE_SIDE_STYLE ('',( #9789 ) ) ;
#2420 = CARTESIAN_POINT ( 'NONE',  ( -16.56100988551830300, 24.64657625224928600, 0.2817667477605675900 ) ) ;
#2421 = DIRECTION ( 'NONE',  ( 0.0000000000000000000, 0.0000000000000000000, 1.000000000000000000 ) ) ;
#2422 = VERTEX_POINT ( 'NONE', #9529 ) ;
#2423 = CARTESIAN_POINT ( 'NONE',  ( -16.53425065597000200, 23.60644772737000400, 0.7759731562014001700 ) ) ;
#2424 = VECTOR ( 'NONE', #8869, 1000.000000000000000 ) ;
#2425 = STYLED_ITEM ( 'NONE', ( #2346 ), #1448 ) ;
#2426 = DIRECTION ( 'NONE',  ( 0.0000000000000000000, -1.000000000000000000, -4.128737727286349000E-015 ) ) ;
#2427 = CARTESIAN_POINT ( 'NONE',  ( -17.83713657702783100, 24.17253509193476200, 1.250000000000048200 ) ) ;
#2428 = CARTESIAN_POINT ( 'NONE',  ( -17.99999999999998200, 27.41253292419750000, -1.250000000000000000 ) ) ;
#2429 = CARTESIAN_POINT ( 'NONE',  ( -19.05840680544000100, 26.46511984153999800, 1.276987443254000300 ) ) ;
#2430 = CARTESIAN_POINT ( 'NONE',  ( -0.05597972129318613100, 15.46179454901447800, 0.0000000000000000000 ) ) ;
#2431 = LINE ( 'NONE', #9114, #9110 ) ;
#2432 = CARTESIAN_POINT ( 'NONE',  ( -17.37133717608515200, 23.20383149971410600, 1.092621789559115000 ) ) ;
#2433 =( NAMED_UNIT ( * ) PLANE_ANGLE_UNIT ( ) SI_UNIT ( $, .RADIAN. ) );
#2434 = EDGE_LOOP ( 'NONE', ( #8851, #8589, #6611, #9805 ) ) ;
#2435 = COLOUR_RGB ( '',0.0000000000000000000, 0.0000000000000000000, 0.0000000000000000000 ) ;
#2436 = ADVANCED_FACE ( 'NONE', ( #903 ), #1672, .T. ) ;
#2437 = CARTESIAN_POINT ( 'NONE',  ( -18.40299676000095600, 23.63631419680198300, 1.186070008374956000 ) ) ;
#2438 = DIRECTION ( 'NONE',  ( -0.0000000000000000000, 1.000000000000000000, -0.0000000000000000000 ) ) ;
#2439 = VECTOR ( 'NONE', #9267, 1000.000000000000000 ) ;
#2440 = CIRCLE ( 'NONE', #3728, 17.00000000000000000 ) ;
#2441 = EDGE_CURVE ( 'NONE', #779, #5067, #8802, .T. ) ;
#2442 = AXIS2_PLACEMENT_3D ( 'NONE', #10790, #10237, #10230 ) ;
#2443 = CARTESIAN_POINT ( 'NONE',  ( -16.35012757164000500, 28.04674479329999700, 0.1687440667860000100 ) ) ;
#2444 = CARTESIAN_POINT ( 'NONE',  ( -16.90766339937905700, 25.32831377243525500, -0.6291364015290488200 ) ) ;
#2445 = UNCERTAINTY_MEASURE_WITH_UNIT (LENGTH_MEASURE( 1.000000000000000100E-005 ), #2568, 'distance_accuracy_value', 'NONE');
#2446 = CARTESIAN_POINT ( 'NONE',  ( -16.70218096374000200, 23.91847594849999200, 0.6940374195303001800 ) ) ;
#2447 = VECTOR ( 'NONE', #5460, 1000.000000000000000 ) ;
#2448 = AXIS2_PLACEMENT_3D ( 'NONE', #10140, #4922, #11046 ) ;
#2449 = DIRECTION ( 'NONE',  ( -5.782411586589358800E-015, 1.000000000000000000, 0.0000000000000000000 ) ) ;
#2450 = EDGE_LOOP ( 'NONE', ( #1305, #2665, #6880, #3347, #7717, #1444 ) ) ;
#2451 = PRESENTATION_STYLE_ASSIGNMENT (( #7105 ) ) ;
#2452 = SURFACE_SIDE_STYLE ('',( #1250 ) ) ;
#2453 = CARTESIAN_POINT ( 'NONE',  ( -17.67264897976138000, 23.51707173072455600, -1.217478756738916700 ) ) ;
#2454 =( NAMED_UNIT ( * ) SI_UNIT ( $, .STERADIAN. ) SOLID_ANGLE_UNIT ( ) );
#2455 = ORIENTED_EDGE ( 'NONE', *, *, #5298, .F. ) ;
#2456 = SURFACE_STYLE_USAGE ( .BOTH. , #7681 ) ;
#2457 = FILL_AREA_STYLE_COLOUR ( '', #8044 ) ;
#2458 = CARTESIAN_POINT ( 'NONE',  ( -17.36948113261297500, 25.70340747157154800, 1.091729781454856800 ) ) ;
#2459 = PLANE ( 'NONE',  #5787 ) ;
#2460 =( NAMED_UNIT ( * ) PLANE_ANGLE_UNIT ( ) SI_UNIT ( $, .RADIAN. ) );
#2461 = COLOUR_RGB ( '',0.0000000000000000000, 0.0000000000000000000, 0.0000000000000000000 ) ;
#2462 =( NAMED_UNIT ( * ) SI_UNIT ( $, .STERADIAN. ) SOLID_ANGLE_UNIT ( ) );
#2463 = AXIS2_PLACEMENT_3D ( 'NONE', #5765, #567, #6624 ) ;
#2464 = CARTESIAN_POINT ( 'NONE',  ( -18.49854437783000100, 22.79448875712999700, -1.581889818968000000 ) ) ;
#2465 = ORIENTED_EDGE ( 'NONE', *, *, #6956, .T. ) ;
#2466 = LINE ( 'NONE', #4619, #9142 ) ;
#2467 = CARTESIAN_POINT ( 'NONE',  ( -19.21764425117314800, 27.51636987577266800, -0.3265370416867411900 ) ) ;
#2468 = CARTESIAN_POINT ( 'NONE',  ( -16.34982578881000100, 25.65316087130000300, -0.1657725894076000400 ) ) ;
#2469 = CARTESIAN_POINT ( 'NONE',  ( -17.37129331660816300, 23.37125765927436300, -1.092601336564252600 ) ) ;
#2470 = CARTESIAN_POINT ( 'NONE',  ( -16.77345017364847400, 24.39749462287592500, 0.2402314324731722700 ) ) ;
#2471 = DIRECTION ( 'NONE',  ( -1.000000000000000000, -0.0000000000000000000, -0.0000000000000000000 ) ) ;
#2472 = MECHANICAL_DESIGN_GEOMETRIC_PRESENTATION_REPRESENTATION (  '', ( #1311 ), #3046 ) ;
#2473 = CARTESIAN_POINT ( 'NONE',  ( -2.700000000000008200, 0.0000000000000000000, 0.0000000000000000000 ) ) ;
#2474 = EDGE_CURVE ( 'NONE', #3743, #5489, #2106, .T. ) ;
#2475 = VERTEX_POINT ( 'NONE', #6949 ) ;
#2476 = PRESENTATION_STYLE_ASSIGNMENT (( #6109 ) ) ;
#2477 = CARTESIAN_POINT ( 'NONE',  ( -19.05603492990000100, 27.23478582306000800, -1.278806359707999900 ) ) ;
#2478 = CARTESIAN_POINT ( 'NONE',  ( -18.43650390847999900, 23.10651697825999700, -1.405520030550999800 ) ) ;
#2479 = CIRCLE ( 'NONE', #10909, 1.500000000000001300 ) ;
#2480 = CARTESIAN_POINT ( 'NONE',  ( -5.999999999999998200, 25.00000000000000000, 9.764999999999998800 ) ) ;
#2481 = SURFACE_STYLE_USAGE ( .BOTH. , #7713 ) ;
#2482 = SURFACE_STYLE_USAGE ( .BOTH. , #3432 ) ;
#2483 = UNCERTAINTY_MEASURE_WITH_UNIT (LENGTH_MEASURE( 1.000000000000000100E-005 ), #2284, 'distance_accuracy_value', 'NONE');
#2484 = VERTEX_POINT ( 'NONE', #7828 ) ;
#2485 = CARTESIAN_POINT ( 'NONE',  ( 0.0000000000000000000, -15.94956969548781000, -1.953258947535676900E-015 ) ) ;
#2486 = COLOUR_RGB ( '',0.7764705882352941300, 0.7568627450980391900, 0.7372549019607843600 ) ;
#2487 =( GEOMETRIC_REPRESENTATION_CONTEXT ( 3 ) GLOBAL_UNCERTAINTY_ASSIGNED_CONTEXT ( ( #8951 ) ) GLOBAL_UNIT_ASSIGNED_CONTEXT ( ( #585, #6637, #1442 ) ) REPRESENTATION_CONTEXT ( 'NONE', 'WORKASPACE' ) );
#2488 = PRESENTATION_LAYER_ASSIGNMENT (  '', '', ( #3062 ) ) ;
#2489 = DIRECTION ( 'NONE',  ( 0.0000000000000000000, 0.0000000000000000000, 1.000000000000000000 ) ) ;
#2490 = CARTESIAN_POINT ( 'NONE',  ( -46.50000000000000000, 0.0000000000000000000, 0.0000000000000000000 ) ) ;
#2491 = CARTESIAN_POINT ( 'NONE',  ( -0.6470537030290046700, 17.20000000223977600, 0.0000000000000000000 ) ) ;
#2492 = DIRECTION ( 'NONE',  ( 0.0000000000000000000, 0.0000000000000000000, -1.000000000000000000 ) ) ;
#2493 = DIRECTION ( 'NONE',  ( -1.000000000000000000, 0.0000000000000000000, 1.387778780781454000E-014 ) ) ;
#2494 = CARTESIAN_POINT ( 'NONE',  ( -17.23617293202336100, 22.48604262331138400, -1.003008461202453000 ) ) ;
#2495 = CARTESIAN_POINT ( 'NONE',  ( -3.778664193609611500, 28.99999999999999300, 14.44967283202887400 ) ) ;
#2496 = B_SPLINE_SURFACE_WITH_KNOTS ( 'NONE', 3, 3, ( 
 ( #6708, #4902, #536, #4859, #5775, #4990, #10120, #9242, #4006, #7603, #7484, #9197, #8353, #10162, #11104, #10079, #9285, #5856, #616, #3167, #3209, #1489, #2688, #1733, #4257, #2596, #891, #1695, #3463, #2557, #813, #29, #11329, #10466, #10508 ),
 ( #10382, #9630, #9591, #9554, #8735, #8701, #7814, #7780, #6971, #6895, #6075, #6037, #854, #10422, #9510, #5202, #4377, #3504, #4298, #8316, #2919, #52, #1181, #9573, #10126, #10087, #9176, #8790, #8609, #8364, #873, #7492, #11030, #1884, #8979 ),
 ( #2111, #1752, #1623, #3050, #834, #1035, #309, #7505, #6655, #7259, #6599, #5659, #6040, #4868, #4676, #4434, #3446, #3758, #3192, #3412, #8588, #515, #3795, #4040, #8348, #8625, #6374, #2280, #5126, #10764, #2105, #6486, #3148, #9265, #4027 ),
 ( #10141, #4923, #11048, #5797, #597, #6649, #1460, #7541, #2306, #8417, #3190, #9303, #4069, #10187, #4967, #11084, #5839, #638, #6693, #1494, #7583, #2345, #8459, #3232, #9341, #4103, #10220, #5011, #11125, #5875, #680, #6729, #1532, #7623, #2393 ) ),
 .UNSPECIFIED., .F., .F., .F.,
 ( 4, 4 ),
 ( 4, 1, 1, 1, 1, 1, 1, 1, 1, 1, 1, 1, 1, 1, 1, 1, 1, 1, 1, 1, 1, 1, 1, 1, 1, 1, 1, 1, 1, 1, 1, 1, 4 ),
 ( -0.2778315559672000500, 1.277831555966999700 ),
 ( -0.01999999999995999800, 0.01250000000004000000, 0.04500000000003000200, 0.07750000000003000300, 0.1100000000000000100, 0.1424999999999999900, 0.1750000000000000400, 0.2074999999999999900, 0.2399999999999999900, 0.2725000000000000200, 0.3049999999999999900, 0.3374999999999999700, 0.3700000000000000500, 0.4024999999999999700, 0.4350000000000000000, 0.4675000000000000300, 0.5000000000000000000, 0.5324999999999999700, 0.5649999999999999500, 0.5975000000000000300, 0.6300000000000000000, 0.6624999999999999800, 0.6950000000000000600, 0.7275000000000000400, 0.7600000000000000100, 0.7924999999999999800, 0.8250000000000000700, 0.8575000000000001500, 0.8900000000000001200, 0.9224999999999999900, 0.9550000000000000700, 0.9875000000000002700, 1.020000000000000000 ),
 .UNSPECIFIED. ) ;
#2497 = EDGE_LOOP ( 'NONE', ( #6696, #4537, #4589, #7165 ) ) ;
#2498 = CARTESIAN_POINT ( 'NONE',  ( -16.59132168527000700, 24.26587410758999800, -0.4262013795100000900 ) ) ;
#2499 = SURFACE_STYLE_FILL_AREA ( #6298 ) ;
#2500 = LINE ( 'NONE', #7920, #4818 ) ;
#2501 = ORIENTED_EDGE ( 'NONE', *, *, #9041, .F. ) ;
#2502 = CARTESIAN_POINT ( 'NONE',  ( -19.33333170147140800, 28.90000000000001600, 0.8257608389068487000 ) ) ;
#2503 = VERTEX_POINT ( 'NONE', #1746 ) ;
#2504 = EDGE_CURVE ( 'NONE', #9869, #8642, #10875, .T. ) ;
#2505 = CARTESIAN_POINT ( 'NONE',  ( -46.50000000000000000, 0.0000000000000000000, 0.0000000000000000000 ) ) ;
#2506 = CARTESIAN_POINT ( 'NONE',  ( -19.29116980749000400, 24.84120190106000300, -1.040882347805000000 ) ) ;
#2507 = DIRECTION ( 'NONE',  ( 0.0000000000000000000, 0.0000000000000000000, -1.000000000000000000 ) ) ;
#2508 = CARTESIAN_POINT ( 'NONE',  ( -46.50000000000000000, 0.0000000000000000000, 0.0000000000000000000 ) ) ;
#2509 = MECHANICAL_DESIGN_GEOMETRIC_PRESENTATION_REPRESENTATION (  '', ( #1343 ), #3079 ) ;
#2510 = COLOUR_RGB ( '',0.1098039215686274500, 0.1098039215686274500, 0.1098039215686274500 ) ;
#2511 = MECHANICAL_DESIGN_GEOMETRIC_PRESENTATION_REPRESENTATION (  '', ( #769 ), #3081 ) ;
#2512 = CARTESIAN_POINT ( 'NONE',  ( -48.60000000000000100, 2.265596578422603400E-015, -18.50000000000000000 ) ) ;
#2513 = MECHANICAL_DESIGN_GEOMETRIC_PRESENTATION_REPRESENTATION (  '', ( #196 ), #3086 ) ;
#2514 = FACE_BOUND ( 'NONE', #7783, .T. ) ;
#2515 = CIRCLE ( 'NONE', #5210, 19.00000000000000000 ) ;
#2516 = ORIENTED_EDGE ( 'NONE', *, *, #208, .F. ) ;
#2517 = CARTESIAN_POINT ( 'NONE',  ( -17.74196527960000200, 26.44364631359000100, 1.525472882326999800 ) ) ;
#2518 = FACE_OUTER_BOUND ( 'NONE', #5341, .T. ) ;
#2519 = DIRECTION ( 'NONE',  ( 0.0000000000000000000, 1.000000000000000000, 0.0000000000000000000 ) ) ;
#2520 = CARTESIAN_POINT ( 'NONE',  ( -16.45373740790000000, 24.55708286794000000, -0.05216730683207000700 ) ) ;
#2521 = CARTESIAN_POINT ( 'NONE',  ( -9.350000000000005000, 33.37999999999999500, 0.7999999999999999300 ) ) ;
#2522 = FACE_OUTER_BOUND ( 'NONE', #10315, .T. ) ;
#2523 = CARTESIAN_POINT ( 'NONE',  ( -18.18582400905000500, 27.91486498756999900, 1.835837910123999900 ) ) ;
#2524 = CYLINDRICAL_SURFACE ( 'NONE', #2312, 1.250000000000000000 ) ;
#2525 = FILL_AREA_STYLE ('',( #832 ) ) ;
#2526 = EDGE_CURVE ( 'NONE', #10193, #5495, #11156, .T. ) ;
#2527 = CARTESIAN_POINT ( 'NONE',  ( -19.00100595113582700, 27.21412513203698700, 0.7665871915112051300 ) ) ;
#2528 = CARTESIAN_POINT ( 'NONE',  ( -19.09275554251885500, 24.99566139118389100, -0.6286339995568422900 ) ) ;
#2529 = STYLED_ITEM ( 'NONE', ( #711 ), #4745 ) ;
#2530 = ORIENTED_EDGE ( 'NONE', *, *, #2504, .F. ) ;
#2531 =( GEOMETRIC_REPRESENTATION_CONTEXT ( 3 ) GLOBAL_UNCERTAINTY_ASSIGNED_CONTEXT ( ( #2223 ) ) GLOBAL_UNIT_ASSIGNED_CONTEXT ( ( #757, #6832, #1632 ) ) REPRESENTATION_CONTEXT ( 'NONE', 'WORKASPACE' ) );
#2532 = CARTESIAN_POINT ( 'NONE',  ( -18.00000000000030200, 27.91252206888280800, -1.250000000000000200 ) ) ;
#2533 = PRESENTATION_STYLE_ASSIGNMENT (( #11152 ) ) ;
#2534 = FILL_AREA_STYLE_COLOUR ( '', #6939 ) ;
#2535 =( NAMED_UNIT ( * ) PLANE_ANGLE_UNIT ( ) SI_UNIT ( $, .RADIAN. ) );
#2536 = ORIENTED_EDGE ( 'NONE', *, *, #9462, .F. ) ;
#2537 = DIRECTION ( 'NONE',  ( 0.0000000000000000000, 1.000000000000000000, 0.0000000000000000000 ) ) ;
#2538 =( NAMED_UNIT ( * ) PLANE_ANGLE_UNIT ( ) SI_UNIT ( $, .RADIAN. ) );
#2539 = ORIENTED_EDGE ( 'NONE', *, *, #10811, .F. ) ;
#2540 = CARTESIAN_POINT ( 'NONE',  ( -19.30214909085000500, 23.45391513735000200, -0.6858789648795999800 ) ) ;
#2541 = CYLINDRICAL_SURFACE ( 'NONE', #7628, 1.250000000000000000 ) ;
#2542 =( GEOMETRIC_REPRESENTATION_CONTEXT ( 3 ) GLOBAL_UNCERTAINTY_ASSIGNED_CONTEXT ( ( #6256 ) ) GLOBAL_UNIT_ASSIGNED_CONTEXT ( ( #1595, #7687, #2462 ) ) REPRESENTATION_CONTEXT ( 'NONE', 'WORKASPACE' ) );
#2543 = VECTOR ( 'NONE', #6192, 1000.000000000000000 ) ;
#2544 = MECHANICAL_DESIGN_GEOMETRIC_PRESENTATION_REPRESENTATION (  '', ( #234 ), #3117 ) ;
#2545 = VECTOR ( 'NONE', #2850, 1000.000000000000000 ) ;
#2546 = EDGE_CURVE ( 'NONE', #7696, #1147, #1596, .T. ) ;
#2547 = ORIENTED_EDGE ( 'NONE', *, *, #3273, .T. ) ;
#2548 = CARTESIAN_POINT ( 'NONE',  ( -17.06320129284000200, 26.31258725150999600, -1.135089822725000400 ) ) ;
#2549 = DIRECTION ( 'NONE',  ( 0.0000000000000000000, -1.000000000000000000, 0.0000000000000000000 ) ) ;
#2550 = ORIENTED_EDGE ( 'NONE', *, *, #1177, .F. ) ;
#2551 = DIRECTION ( 'NONE',  ( 0.0000000000000000000, 1.000000000000000000, 0.0000000000000000000 ) ) ;
#2552 = EDGE_LOOP ( 'NONE', ( #11101, #10829, #7376, #443 ) ) ;
#2553 = CARTESIAN_POINT ( 'NONE',  ( -19.83603127945000500, 27.89421220327000500, -0.1839036384068000200 ) ) ;
#2554 = CARTESIAN_POINT ( 'NONE',  ( -3.999999999997727200, 29.00000000000001100, 14.50000000000000400 ) ) ;
#2555 = CARTESIAN_POINT ( 'NONE',  ( -19.46412285462000500, 23.76594335846999700, -0.7790377047274000800 ) ) ;
#2556 = CARTESIAN_POINT ( 'NONE',  ( -17.23809015242365900, 23.84028838215743200, 0.9943152548615042900 ) ) ;
#2557 = CARTESIAN_POINT ( 'NONE',  ( -19.00040799069000400, 24.55626212428999700, -0.8064834013948004600 ) ) ;
#2558 = LINE ( 'NONE', #5747, #7198 ) ;
#2559 =( GEOMETRIC_REPRESENTATION_CONTEXT ( 3 ) GLOBAL_UNCERTAINTY_ASSIGNED_CONTEXT ( ( #519 ) ) GLOBAL_UNIT_ASSIGNED_CONTEXT ( ( #3181, #9295, #4063 ) ) REPRESENTATION_CONTEXT ( 'NONE', 'WORKASPACE' ) );
#2560 = CARTESIAN_POINT ( 'NONE',  ( -16.57843453711000600, 27.10290601733000300, -1.176428080123000000 ) ) ;
#2561 = EDGE_CURVE ( 'NONE', #4059, #7506, #1847, .T. ) ;
#2562 = DIRECTION ( 'NONE',  ( -3.343628375672257800E-029, -1.000000000000000000, 5.782411586589326500E-015 ) ) ;
#2563 =( LENGTH_UNIT ( ) NAMED_UNIT ( * ) SI_UNIT ( .MILLI., .METRE. ) );
#2564 = CARTESIAN_POINT ( 'NONE',  ( -4.000000000000003600, 28.49999999999999600, 14.00000000000000000 ) ) ;
#2565 = ORIENTED_EDGE ( 'NONE', *, *, #9347, .T. ) ;
#2566 = FACE_OUTER_BOUND ( 'NONE', #3041, .T. ) ;
#2567 = CARTESIAN_POINT ( 'NONE',  ( 0.0000000000000000000, 17.00000000000000000, 0.0000000000000000000 ) ) ;
#2568 =( LENGTH_UNIT ( ) NAMED_UNIT ( * ) SI_UNIT ( .MILLI., .METRE. ) );
#2569 = CARTESIAN_POINT ( 'NONE',  ( -1.195978250521102100, -17.13304714212788600, 34.26609428425575700 ) ) ;
#2570 = SURFACE_STYLE_FILL_AREA ( #131 ) ;
#2571 = CARTESIAN_POINT ( 'NONE',  ( -19.25008242761612500, 27.04758801737937900, 0.1629296241545538100 ) ) ;
#2572 = CARTESIAN_POINT ( 'NONE',  ( -18.99885590822746200, 23.98500787187371900, -0.7689645906334564600 ) ) ;
#2573 = COLOUR_RGB ( '',0.7921568627450980000, 0.8196078431372548800, 0.9333333333333333500 ) ;
#2574 = CARTESIAN_POINT ( 'NONE',  ( -16.88859227496000800, 24.86284210547999900, -0.3311917310197999800 ) ) ;
#2575 = STYLED_ITEM ( 'NONE', ( #6616 ), #2125 ) ;
#2576 = ORIENTED_EDGE ( 'NONE', *, *, #4492, .T. ) ;
#2577 = STYLED_ITEM ( 'NONE', ( #5156 ), #8546 ) ;
#2578 = VECTOR ( 'NONE', #364, 1000.000000000000000 ) ;
#2579 = CARTESIAN_POINT ( 'NONE',  ( -32.50000000000022700, 29.00000000000001100, 14.00000000000095000 ) ) ;
#2580 = CARTESIAN_POINT ( 'NONE',  ( -19.46405980260000100, 25.50062828127000000, 0.1501702542236000000 ) ) ;
#2581 = DIRECTION ( 'NONE',  ( 3.343628375672257800E-029, 1.000000000000000000, -5.782411586589326500E-015 ) ) ;
#2582 = UNCERTAINTY_MEASURE_WITH_UNIT (LENGTH_MEASURE( 1.000000000000000100E-005 ), #4036, 'distance_accuracy_value', 'NONE');
#2583 = CYLINDRICAL_SURFACE ( 'NONE', #4266, 1.250000000000000000 ) ;
#2584 = ORIENTED_EDGE ( 'NONE', *, *, #7675, .F. ) ;
#2585 = ORIENTED_EDGE ( 'NONE', *, *, #6062, .F. ) ;
#2586 = FACE_OUTER_BOUND ( 'NONE', #3091, .T. ) ;
#2587 = B_SPLINE_CURVE_WITH_KNOTS ( 'NONE', 3,
 ( #8289, #10959, #510, #6567, #1372, #7459, #2226, #8324, #3105, #9213, #3987, #10096, #4877, #11000, #5751, #552 ),
 .UNSPECIFIED., .F., .F.,
 ( 4, 2, 2, 2, 2, 2, 2, 4 ),
 ( -0.02691576387768113500, -0.02648777298715844500, -0.02605978209663575500, -0.02563179120611306500, -0.02520380031559037200, -0.02477580942506768200, -0.02434781853454499200, -0.02349183675349961200 ),
 .UNSPECIFIED. ) ;
#2588 = EDGE_CURVE ( 'NONE', #5505, #9648, #6470, .T. ) ;
#2589 = VECTOR ( 'NONE', #6478, 1000.000000000000000 ) ;
#2590 = AXIS2_PLACEMENT_3D ( 'NONE', #7522, #8355, #8399 ) ;
#2591 = CARTESIAN_POINT ( 'NONE',  ( -16.82208566644000700, 27.08225323302999500, 1.420334181248999800 ) ) ;
#2592 = STYLED_ITEM ( 'NONE', ( #8716 ), #1130 ) ;
#2593 = CARTESIAN_POINT ( 'NONE',  ( -17.50479918244000300, 22.95398438822999800, 1.582823344603000200 ) ) ;
#2594 = STYLED_ITEM ( 'NONE', ( #591 ), #9395 ) ;
#2595 = CARTESIAN_POINT ( 'NONE',  ( -17.83483329266503500, 24.02786603579841100, -1.250000000000521400 ) ) ;
#2596 = CARTESIAN_POINT ( 'NONE',  ( -17.00127742938999700, 24.80609565358999900, 0.8085696124056003200 ) ) ;
#2597 = CYLINDRICAL_SURFACE ( 'NONE', #6893, 17.00000000000000000 ) ;
#2598 = SURFACE_STYLE_USAGE ( .BOTH. , #6401 ) ;
#2599 = CARTESIAN_POINT ( 'NONE',  ( -18.15696181742999800, 28.51183298546000300, 1.488512246583999900 ) ) ;
#2600 = CARTESIAN_POINT ( 'NONE',  ( -20.40000000000000600, 28.69999999999999600, -9.204263980357996600 ) ) ;
#2601 = COLOUR_RGB ( '',0.0000000000000000000, 0.0000000000000000000, 0.0000000000000000000 ) ;
#2602 = EDGE_LOOP ( 'NONE', ( #1060, #6623, #4712, #6117 ) ) ;
#2603 = CIRCLE ( 'NONE', #8597, 17.20000000223977600 ) ;
#2604 = CARTESIAN_POINT ( 'NONE',  ( -16.78296342474812900, 24.89246407006397300, 0.3283643061464272500 ) ) ;
#2605 =( NAMED_UNIT ( * ) PLANE_ANGLE_UNIT ( ) SI_UNIT ( $, .RADIAN. ) );
#2606 = DIRECTION ( 'NONE',  ( -0.0000000000000000000, 1.000000000000000000, -0.0000000000000000000 ) ) ;
#2607 = CARTESIAN_POINT ( 'NONE',  ( -18.70366860427447600, 28.58465053974350000, -1.038545077882400600 ) ) ;
#2608 = STYLED_ITEM ( 'NONE', ( #7890 ), #5726 ) ;
#2609 = ORIENTED_EDGE ( 'NONE', *, *, #6176, .T. ) ;
#2610 = CARTESIAN_POINT ( 'NONE',  ( -18.16285773246197300, 24.15130683686873800, 1.249999999999999300 ) ) ;
#2611 = MECHANICAL_DESIGN_GEOMETRIC_PRESENTATION_REPRESENTATION (  '', ( #868 ), #3184 ) ;
#2612 = LINE ( 'NONE', #3576, #317 ) ;
#2613 = CARTESIAN_POINT ( 'NONE',  ( -15.50500557193151100, 18.36401049410469000, -2.261556476223721500 ) ) ;
#2614 = EDGE_CURVE ( 'NONE', #3848, #5867, #3883, .T. ) ;
#2615 = CARTESIAN_POINT ( 'NONE',  ( -19.22916010255000400, 24.11334151757000300, 0.3746959217866000500 ) ) ;
#2616 =( NAMED_UNIT ( * ) PLANE_ANGLE_UNIT ( ) SI_UNIT ( $, .RADIAN. ) );
#2617 = ORIENTED_EDGE ( 'NONE', *, *, #2546, .T. ) ;
#2618 = PRESENTATION_STYLE_ASSIGNMENT (( #11169 ) ) ;
#2619 = CARTESIAN_POINT ( 'NONE',  ( -16.74666166620000900, 24.70948877181000100, 0.5604524419710998900 ) ) ;
#2620 = CARTESIAN_POINT ( 'NONE',  ( -16.75003120339383100, 24.29230696531810800, -0.08258718887100279000 ) ) ;
#2621 = LINE ( 'NONE', #10570, #6979 ) ;
#2622 = CARTESIAN_POINT ( 'NONE',  ( -18.69337430841783000, 28.24099220578296300, 1.039883808625793300 ) ) ;
#2623 =( GEOMETRIC_REPRESENTATION_CONTEXT ( 3 ) GLOBAL_UNCERTAINTY_ASSIGNED_CONTEXT ( ( #8494 ) ) GLOBAL_UNIT_ASSIGNED_CONTEXT ( ( #4428, #10555, #5328 ) ) REPRESENTATION_CONTEXT ( 'NONE', 'WORKASPACE' ) );
#2624 = EDGE_CURVE ( 'NONE', #7238, #4418, #7561, .T. ) ;
#2625 = CARTESIAN_POINT ( 'NONE',  ( -3.500000000000003100, 29.00000000000000000, 14.00000000000000200 ) ) ;
#2626 = ORIENTED_EDGE ( 'NONE', *, *, #8694, .T. ) ;
#2627 = VECTOR ( 'NONE', #965, 1000.000000000000000 ) ;
#2628 = DIRECTION ( 'NONE',  ( 0.0000000000000000000, 0.0000000000000000000, -1.000000000000000000 ) ) ;
#2629 = CARTESIAN_POINT ( 'NONE',  ( -19.76726386375000300, 24.42536973868999800, 0.5306692937900000500 ) ) ;
#2630 = CARTESIAN_POINT ( 'NONE',  ( -32.98099088214311800, 12.59638212120827700, -14.22526477246007400 ) ) ;
#2631 = VECTOR ( 'NONE', #5565, 1000.000000000000000 ) ;
#2632 = CARTESIAN_POINT ( 'NONE',  ( -17.83643383024999800, 27.76233239754000000, -1.650394373106000000 ) ) ;
#2633 = SURFACE_SIDE_STYLE ('',( #995 ) ) ;
#2634 = ORIENTED_EDGE ( 'NONE', *, *, #10834, .F. ) ;
#2635 = DIRECTION ( 'NONE',  ( 1.000000000000000000, 0.0000000000000000000, 0.0000000000000000000 ) ) ;
#2636 = DIRECTION ( 'NONE',  ( 1.000000000000000000, 0.0000000000000000000, 0.0000000000000000000 ) ) ;
#2637 = ORIENTED_EDGE ( 'NONE', *, *, #6776, .F. ) ;
#2638 = COLOUR_RGB ( '',0.9803921568627450600, 0.6274509803921568500, 0.0000000000000000000 ) ;
#2639 = DIRECTION ( 'NONE',  ( -0.0000000000000000000, -1.000000000000000000, 0.0000000000000000000 ) ) ;
#2640 = STYLED_ITEM ( 'NONE', ( #1021 ), #1259 ) ;
#2641 = CIRCLE ( 'NONE', #11076, 0.3000000000000016500 ) ;
#2642 = CARTESIAN_POINT ( 'NONE',  ( -16.90766129902478100, 25.87124612070386900, 0.6291245111323254800 ) ) ;
#2643 = CARTESIAN_POINT ( 'NONE',  ( -9.300000000000002500, 33.00000000000000000, 0.0000000000000000000 ) ) ;
#2644 = CARTESIAN_POINT ( 'NONE',  ( -16.00000000000000000, 28.89999999999999900, 7.599999999999999600 ) ) ;
#2645 = FACE_OUTER_BOUND ( 'NONE', #10920, .T. ) ;
#2646 = FILL_AREA_STYLE_COLOUR ( '', #3074 ) ;
#2648 = ORIENTED_EDGE ( 'NONE', *, *, #3047, .F. ) ;
#2647 = CARTESIAN_POINT ( 'NONE',  ( -9.400000000000005700, 36.07500000000000300, 1.010333609296566500E-016 ) ) ;
#2649 = DIRECTION ( 'NONE',  ( 1.000000000000000000, -0.0000000000000000000, 0.0000000000000000000 ) ) ;
#2650 = ORIENTED_EDGE ( 'NONE', *, *, #1564, .F. ) ;
#2651 = CARTESIAN_POINT ( 'NONE',  ( -16.86182093047000700, 23.30138254733000000, 0.5964731450696999500 ) ) ;
#2652 = VECTOR ( 'NONE', #4575, 1000.000000000000000 ) ;
#2653 = ORIENTED_EDGE ( 'NONE', *, *, #6176, .F. ) ;
#2654 = EDGE_CURVE ( 'NONE', #10900, #524, #10593, .T. ) ;
#2655 = CARTESIAN_POINT ( 'NONE',  ( -18.81586031072000200, 26.16005466148999400, 0.9927756799646002600 ) ) ;
#2656 = ORIENTED_EDGE ( 'NONE', *, *, #3273, .F. ) ;
#2657 =( LENGTH_UNIT ( ) NAMED_UNIT ( * ) SI_UNIT ( .MILLI., .METRE. ) );
#2658 = FILL_AREA_STYLE ('',( #10286 ) ) ;
#2659 = PRESENTATION_LAYER_ASSIGNMENT (  '', '', ( #3236 ) ) ;
#2660 = STYLED_ITEM ( 'NONE', ( #5228 ), #10973 ) ;
#2661 = CARTESIAN_POINT ( 'NONE',  ( -4.000000000000003600, 28.49999999999999600, -14.00000000000000000 ) ) ;
#2662 = VECTOR ( 'NONE', #1252, 1000.000000000000000 ) ;
#2663 = CIRCLE ( 'NONE', #6791, 0.8250000000000062800 ) ;
#2664 = ORIENTED_EDGE ( 'NONE', *, *, #3345, .T. ) ;
#2665 = ORIENTED_EDGE ( 'NONE', *, *, #489, .T. ) ;
#2666 = CARTESIAN_POINT ( 'NONE',  ( -16.36921274238000000, 23.61341076845000200, 0.8633448417072999700 ) ) ;
#2667 = DIRECTION ( 'NONE',  ( -1.000000000000000000, -0.0000000000000000000, -0.0000000000000000000 ) ) ;
#2668 = CARTESIAN_POINT ( 'NONE',  ( -19.27548649070000400, 26.95037342730000400, 1.060042475505000200 ) ) ;
#2669 = EDGE_CURVE ( 'NONE', #6627, #1053, #8872, .T. ) ;
#2670 = VECTOR ( 'NONE', #8378, 1000.000000000000000 ) ;
#2671 = EDGE_LOOP ( 'NONE', ( #5514, #8394 ) ) ;
#2672 = FILL_AREA_STYLE_COLOUR ( '', #2638 ) ;
#2673 = EDGE_LOOP ( 'NONE', ( #4410, #6460, #9478, #10430 ) ) ;
#2674 = ORIENTED_EDGE ( 'NONE', *, *, #2669, .T. ) ;
#2675 = COLOUR_RGB ( '',1.000000000000000000, 1.000000000000000000, 0.9490196078431372100 ) ;
#2676 = PLANE ( 'NONE',  #413 ) ;
#2677 = PLANE ( 'NONE',  #4367 ) ;
#2678 = CARTESIAN_POINT ( 'NONE',  ( -16.00000000000000000, 38.89999999999999100, 7.599999999999999600 ) ) ;
#2679 = CARTESIAN_POINT ( 'NONE',  ( -9.298000000000000000, 32.26120000000000200, -0.3500000000000000300 ) ) ;
#2680 = CARTESIAN_POINT ( 'NONE',  ( -14.44479057223449000, 16.27471631494616500, 4.943426700667864700 ) ) ;
#2681 = DIRECTION ( 'NONE',  ( 0.0000000000000000000, 0.0000000000000000000, -1.000000000000000000 ) ) ;
#2682 = CARTESIAN_POINT ( 'NONE',  ( -32.49940021744733100, 29.00000000000000400, 14.06698653133695700 ) ) ;
#2683 = ORIENTED_EDGE ( 'NONE', *, *, #8228, .T. ) ;
#2684 = DIRECTION ( 'NONE',  ( 1.000000000000000000, -0.0000000000000000000, -0.0000000000000000000 ) ) ;
#2685 = ORIENTED_EDGE ( 'NONE', *, *, #602, .T. ) ;
#2686 = SURFACE_STYLE_FILL_AREA ( #10125 ) ;
#2687 = AXIS2_PLACEMENT_3D ( 'NONE', #8796, #3565, #9683 ) ;
#2688 = CARTESIAN_POINT ( 'NONE',  ( -18.13245321388000500, 24.99347080056999800, -1.278157946622000300 ) ) ;
#2689 = STYLED_ITEM ( 'NONE', ( #10294 ), #10726 ) ;
#2690 = CARTESIAN_POINT ( 'NONE',  ( -3.000000000000002700, 0.0000000000000000000, 11.89999999999999500 ) ) ;
#2691 = EDGE_CURVE ( 'NONE', #8719, #10755, #8240, .T. ) ;
#2692 = CARTESIAN_POINT ( 'NONE',  ( -18.00000000000000400, 34.89999999999999900, 9.399999999999998600 ) ) ;
#2693 = UNCERTAINTY_MEASURE_WITH_UNIT (LENGTH_MEASURE( 1.000000000000000100E-005 ), #1586, 'distance_accuracy_value', 'NONE');
#2694 = CARTESIAN_POINT ( 'NONE',  ( -16.72198129896000700, 25.34809569124999500, -0.1337900442290000100 ) ) ;
#2695 = CARTESIAN_POINT ( 'NONE',  ( -17.84241377477607700, 26.71782933122224100, -1.738038053747457100 ) ) ;
#2696 = ORIENTED_EDGE ( 'NONE', *, *, #4003, .F. ) ;
#2697 = CARTESIAN_POINT ( 'NONE',  ( -17.99999999999973400, 27.78756406089833000, 1.249999999999999800 ) ) ;
#2698 = CARTESIAN_POINT ( 'NONE',  ( -19.25010492795372100, 23.17317464120502600, 0.1622093114804165300 ) ) ;
#2699 = PRESENTATION_STYLE_ASSIGNMENT (( #3948 ) ) ;
#2700 = SURFACE_SIDE_STYLE ('',( #966 ) ) ;
#2701 = CARTESIAN_POINT ( 'NONE',  ( 0.0000000000000000000, 1.843093432716766700E-015, -15.05000000000000100 ) ) ;
#2702 = CARTESIAN_POINT ( 'NONE',  ( -18.55467861680000400, 22.80145179821000000, -1.760004717205000000 ) ) ;
#2703 = FILL_AREA_STYLE_COLOUR ( '', #6854 ) ;
#2704 = PRESENTATION_LAYER_ASSIGNMENT (  '', '', ( #1547 ) ) ;
#2705 = ORIENTED_EDGE ( 'NONE', *, *, #6806, .T. ) ;
#2706 = CIRCLE ( 'NONE', #3028, 0.5000000000000004400 ) ;
#2707 = CARTESIAN_POINT ( 'NONE',  ( -18.92757466730000700, 28.42175877776000100, -1.142616599401000200 ) ) ;
#2708 = VECTOR ( 'NONE', #560, 1000.000000000000000 ) ;
#2709 = EDGE_CURVE ( 'NONE', #5389, #6303, #1302, .T. ) ;
#2710 = CARTESIAN_POINT ( 'NONE',  ( -18.00000000000000700, 26.28753450841333400, 1.250000000000000200 ) ) ;
#2711 = B_SPLINE_CURVE_WITH_KNOTS ( 'NONE', 3,
 ( #7684, #2494, #9486, #4235, #10360, #5138 ),
 .UNSPECIFIED., .F., .F.,
 ( 4, 2, 4 ),
 ( -0.02838013346401445000, -0.02789360427998564100, -0.02740707509595682900 ),
 .UNSPECIFIED. ) ;
#2712 = VECTOR ( 'NONE', #9675, 1000.000000000000000 ) ;
#2713 = CARTESIAN_POINT ( 'NONE',  ( -19.60000000000000100, 38.89999999999999900, -7.949999999999998400 ) ) ;
#2714 = EDGE_LOOP ( 'NONE', ( #3065, #9133, #9612, #3083 ) ) ;
#2715 = LINE ( 'NONE', #7938, #7360 ) ;
#2716 = CARTESIAN_POINT ( 'NONE',  ( -32.00000000000121500, 28.99999999999999600, -14.49999999999955800 ) ) ;
#2717 =( NAMED_UNIT ( * ) PLANE_ANGLE_UNIT ( ) SI_UNIT ( $, .RADIAN. ) );
#2718 = FILL_AREA_STYLE ('',( #10557 ) ) ;
#2719 = CARTESIAN_POINT ( 'NONE',  ( -15.42748287620738900, 16.80820980927040500, -2.565728790379989000 ) ) ;
#2720 = COLOUR_RGB ( '',1.000000000000000000, 1.000000000000000000, 0.9490196078431372100 ) ;
#2721 = CARTESIAN_POINT ( 'NONE',  ( -17.71388112255656500, 24.68103446846014700, 1.225337008159635500 ) ) ;
#2722 = CARTESIAN_POINT ( 'NONE',  ( -32.22085509438800700, 28.99999999999999600, 14.44955984253207300 ) ) ;
#2723 = EDGE_CURVE ( 'NONE', #9074, #257, #7970, .T. ) ;
#2724 = CARTESIAN_POINT ( 'NONE',  ( -18.00000000000000400, 28.41093935102359700, -1.250000000000000000 ) ) ;
#2725 = MECHANICAL_DESIGN_GEOMETRIC_PRESENTATION_REPRESENTATION (  '', ( #1567 ), #3308 ) ;
#2726 = STYLED_ITEM ( 'NONE', ( #7552 ), #10817 ) ;
#2727 = UNCERTAINTY_MEASURE_WITH_UNIT (LENGTH_MEASURE( 1.000000000000000100E-005 ), #8379, 'distance_accuracy_value', 'NONE');
#2728 =( GEOMETRIC_REPRESENTATION_CONTEXT ( 3 ) GLOBAL_UNCERTAINTY_ASSIGNED_CONTEXT ( ( #6426 ) ) GLOBAL_UNIT_ASSIGNED_CONTEXT ( ( #6258, #1061, #7136 ) ) REPRESENTATION_CONTEXT ( 'NONE', 'WORKASPACE' ) );
#2729 = ORIENTED_EDGE ( 'NONE', *, *, #10035, .F. ) ;
#2730 = VERTEX_POINT ( 'NONE', #4914 ) ;
#2731 = ADVANCED_FACE ( 'NONE', ( #1046 ), #6876, .F. ) ;
#2732 = CARTESIAN_POINT ( 'NONE',  ( -9.400000000000005700, 32.20000000000000300, -0.3500000000000000300 ) ) ;
#2733 = CARTESIAN_POINT ( 'NONE',  ( -33.00000000000000000, 14.73091986265698600, 11.99999999999908200 ) ) ;
#2734 = CARTESIAN_POINT ( 'NONE',  ( -16.89158426289229100, 27.52978830146778900, 1.347970395590486500 ) ) ;
#2735 = FACE_OUTER_BOUND ( 'NONE', #9252, .T. ) ;
#2736 = SURFACE_SIDE_STYLE ('',( #3465 ) ) ;
#2737 = CARTESIAN_POINT ( 'NONE',  ( -16.90724350752141100, 27.95440669215644600, -0.6286321909638381600 ) ) ;
#2738 = DIRECTION ( 'NONE',  ( 0.7071067811865474600, 8.659560562354932900E-017, 0.7071067811865474600 ) ) ;
#2739 = ORIENTED_EDGE ( 'NONE', *, *, #8272, .T. ) ;
#2740 = EDGE_CURVE ( 'NONE', #4569, #7682, #9198, .T. ) ;
#2741 = CARTESIAN_POINT ( 'NONE',  ( -7.589415207398531000E-016, 15.94956969548780500, 31.89913939097562000 ) ) ;
#2742 = DIRECTION ( 'NONE',  ( 1.000000000000000000, 0.0000000000000000000, 0.0000000000000000000 ) ) ;
#2743 =( GEOMETRIC_REPRESENTATION_CONTEXT ( 3 ) GLOBAL_UNCERTAINTY_ASSIGNED_CONTEXT ( ( #6948 ) ) GLOBAL_UNIT_ASSIGNED_CONTEXT ( ( #5845, #2964, #7351 ) ) REPRESENTATION_CONTEXT ( 'NONE', 'WORKASPACE' ) );
#2744 = CARTESIAN_POINT ( 'NONE',  ( -17.78475047681000400, 28.24829019617999400, 1.304491385973999700 ) ) ;
#2745 = DIRECTION ( 'NONE',  ( 0.0000000000000000000, 1.000000000000000000, -3.100554544781976400E-015 ) ) ;
#2746 = CARTESIAN_POINT ( 'NONE',  ( -18.99921883798459600, 25.58921986493463400, 0.7685404990910661400 ) ) ;
#2747 = LINE ( 'NONE', #1631, #5083 ) ;
#2748 = AXIS2_PLACEMENT_3D ( 'NONE', #4010, #4908, #2292 ) ;
#2749 = CARTESIAN_POINT ( 'NONE',  ( -32.00000000000189000, 28.49999999999999300, 15.00000000000184700 ) ) ;
#2750 = CARTESIAN_POINT ( 'NONE',  ( -18.14208514004000200, 27.60979980752000500, 1.464866554916000000 ) ) ;
#2751 = CARTESIAN_POINT ( 'NONE',  ( -17.67280256340602000, 28.30852735682091700, 1.217489486526481600 ) ) ;
#2752 = ORIENTED_EDGE ( 'NONE', *, *, #1515, .T. ) ;
#2753 = CARTESIAN_POINT ( 'NONE',  ( -18.00000000000000400, 28.41093935102359700, 1.250000000000000000 ) ) ;
#2754 = CARTESIAN_POINT ( 'NONE',  ( -32.50000000000000000, 28.99999999999999600, -13.99999999999999800 ) ) ;
#2755 = DIRECTION ( 'NONE',  ( 0.0000000000000000000, 0.0000000000000000000, 1.000000000000000000 ) ) ;
#2756 = CARTESIAN_POINT ( 'NONE',  ( -18.61036319929798600, 28.85621906268242000, -1.303649707249354000 ) ) ;
#2757 = CARTESIAN_POINT ( 'NONE',  ( -10.92638291043426200, 14.75389938061917100, -8.454703103705515600 ) ) ;
#2758 = PRESENTATION_LAYER_ASSIGNMENT (  '', '', ( #1027 ) ) ;
#2759 = CARTESIAN_POINT ( 'NONE',  ( 0.0000000000000000000, 0.0000000000000000000, 0.0000000000000000000 ) ) ;
#2760 = DIRECTION ( 'NONE',  ( 0.0000000000000000000, -1.000000000000000000, 0.0000000000000000000 ) ) ;
#2761 = STYLED_ITEM ( 'NONE', ( #8543 ), #10392 ) ;
#2762 = EDGE_CURVE ( 'NONE', #6259, #10487, #227, .T. ) ;
#2763 = ORIENTED_EDGE ( 'NONE', *, *, #804, .F. ) ;
#2764 = SURFACE_STYLE_FILL_AREA ( #3040 ) ;
#2765 =( NAMED_UNIT ( * ) SI_UNIT ( $, .STERADIAN. ) SOLID_ANGLE_UNIT ( ) );
#2766 = LINE ( 'NONE', #4514, #5104 ) ;
#2767 = DIRECTION ( 'NONE',  ( -0.0000000000000000000, 1.000000000000000000, -0.0000000000000000000 ) ) ;
#2768 = CARTESIAN_POINT ( 'NONE',  ( 0.0000000000000000000, 15.76954587281173500, -9.863134540565008400 ) ) ;
#2769 = CARTESIAN_POINT ( 'NONE',  ( -19.60000000000000100, 28.69999999999999600, 8.404263980357997700 ) ) ;
#2770 = CARTESIAN_POINT ( 'NONE',  ( -19.73585110416570400, 28.34174727170779200, -0.1812078945123515900 ) ) ;
#2771 = CARTESIAN_POINT ( 'NONE',  ( -1.444020278706815300, -15.46179454901447600, -30.92358909802895200 ) ) ;
#2772 = VERTEX_POINT ( 'NONE', #6330 ) ;
#2773 = CARTESIAN_POINT ( 'NONE',  ( -17.11973399852039500, 22.85021841021688300, -0.8872750612916876500 ) ) ;
#2774 = CARTESIAN_POINT ( 'NONE',  ( -18.00000000000000400, 28.41093935102359700, 1.250000000000000000 ) ) ;
#2775 = CARTESIAN_POINT ( 'NONE',  ( -0.8529462969709827900, 0.0000000000000000000, 0.0000000000000000000 ) ) ;
#2776 = DIRECTION ( 'NONE',  ( 0.0000000000000000000, -1.000000000000000000, 0.0000000000000000000 ) ) ;
#2777 = EDGE_CURVE ( 'NONE', #8093, #2970, #4563, .T. ) ;
#2778 = ORIENTED_EDGE ( 'NONE', *, *, #9581, .F. ) ;
#2779 =( LENGTH_UNIT ( ) NAMED_UNIT ( * ) SI_UNIT ( .MILLI., .METRE. ) );
#2780 = CARTESIAN_POINT ( 'NONE',  ( -19.21703663273476100, 25.14246337095178100, -0.3283641881626946400 ) ) ;
#2781 = EDGE_LOOP ( 'NONE', ( #5535, #11295, #1987, #6082 ) ) ;
#2782 = CARTESIAN_POINT ( 'NONE',  ( -18.88056755202000400, 28.27487950856000200, 0.9943886439133001700 ) ) ;
#2783 = CARTESIAN_POINT ( 'NONE',  ( -16.87012515930000200, 26.79784083727999900, -0.9430537105506001700 ) ) ;
#2784 = ADVANCED_FACE ( 'NONE', ( #2522 ), #1171, .F. ) ;
#2785 = CARTESIAN_POINT ( 'NONE',  ( -17.23193535471873300, 28.48681835415480600, -0.9998785948036813500 ) ) ;
#2786 = ORIENTED_EDGE ( 'NONE', *, *, #3560, .T. ) ;
#2787 = UNCERTAINTY_MEASURE_WITH_UNIT (LENGTH_MEASURE( 1.000000000000000100E-005 ), #3240, 'distance_accuracy_value', 'NONE');
#2788 = DIRECTION ( 'NONE',  ( 0.0000000000000000000, 0.0000000000000000000, -1.000000000000000000 ) ) ;
#2789 = MECHANICAL_DESIGN_GEOMETRIC_PRESENTATION_REPRESENTATION (  '', ( #1639 ), #3378 ) ;
#2790 = CARTESIAN_POINT ( 'NONE',  ( -28.00000000000000700, 22.50000000000000400, 12.00000000000000200 ) ) ;
#2791 = CARTESIAN_POINT ( 'NONE',  ( -16.92600397882919300, 24.82984730104141500, -0.6460992396015222700 ) ) ;
#2792 = MECHANICAL_DESIGN_GEOMETRIC_PRESENTATION_REPRESENTATION (  '', ( #897 ), #3380 ) ;
#2793 = CARTESIAN_POINT ( 'NONE',  ( -9.350000000000005000, 33.37999999999999500, 0.03000000000000000200 ) ) ;
#2794 = SURFACE_STYLE_USAGE ( .BOTH. , #8015 ) ;
#2795 = DIRECTION ( 'NONE',  ( -1.000000000000000000, -0.0000000000000000000, -0.0000000000000000000 ) ) ;
#2796 = EDGE_LOOP ( 'NONE', ( #737, #2786, #9095, #4655 ) ) ;
#2797 = CARTESIAN_POINT ( 'NONE',  ( -0.6470537030290048900, -17.20000000223977600, -2.106392494807740600E-015 ) ) ;
#2798 = COLOUR_RGB ( '',0.7764705882352941300, 0.7568627450980391900, 0.7372549019607843600 ) ;
#2799 = SURFACE_STYLE_FILL_AREA ( #10245 ) ;
#2800 =( NAMED_UNIT ( * ) SI_UNIT ( $, .STERADIAN. ) SOLID_ANGLE_UNIT ( ) );
#2801 = VERTEX_POINT ( 'NONE', #8926 ) ;
#2802 = VERTEX_POINT ( 'NONE', #8118 ) ;
#2803 = EDGE_CURVE ( 'NONE', #766, #779, #5798, .T. ) ;
#2804 =( LENGTH_UNIT ( ) NAMED_UNIT ( * ) SI_UNIT ( .MILLI., .METRE. ) );
#2805 = AXIS2_PLACEMENT_3D ( 'NONE', #7430, #598, #10332 ) ;
#2806 = MECHANICAL_DESIGN_GEOMETRIC_PRESENTATION_REPRESENTATION (  '', ( #1654 ), #3392 ) ;
#2807 = ORIENTED_EDGE ( 'NONE', *, *, #1153, .F. ) ;
#2808 = DIRECTION ( 'NONE',  ( 0.0000000000000000000, 1.000000000000000000, 0.0000000000000000000 ) ) ;
#2809 = STYLED_ITEM ( 'NONE', ( #10384 ), #9279 ) ;
#2810 = B_SPLINE_CURVE_WITH_KNOTS ( 'NONE', 3,
 ( #9037, #3906, #8444, #8081, #4840, #1955, #3882, #4733, #10438, #4203, #10108, #10460, #10797, #481, #550, #1209, #1540, #1600, #1665, #2943 ),
 .UNSPECIFIED., .F., .F.,
 ( 4, 2, 2, 2, 2, 2, 2, 2, 2, 4 ),
 ( -0.003915213059066507600, -0.003425806175182876000, -0.003181102733241059800, -0.002936399291299243500, -0.002446992407415618900, -0.001957585523531993800, -0.001468178639648368200, -0.0009787717557647431300, -0.0004893648718811176000, 4.201200250707193300E-008 ),
 .UNSPECIFIED. ) ;
#2811 = CIRCLE ( 'NONE', #11005, 1.500000000000001300 ) ;
#2812 = CARTESIAN_POINT ( 'NONE',  ( -32.58578643762371000, 28.79289321881161400, -14.99999999999647400 ) ) ;
#2813 = EDGE_LOOP ( 'NONE', ( #9230, #10928, #4163, #1584 ) ) ;
#2814 = CARTESIAN_POINT ( 'NONE',  ( -18.32324739980000000, 29.01160386005999900, 1.706463885206000100 ) ) ;
#2815 = DIRECTION ( 'NONE',  ( 0.0000000000000000000, 0.0000000000000000000, -1.000000000000000000 ) ) ;
#2816 = CARTESIAN_POINT ( 'NONE',  ( -19.21705116455443400, 26.64194132728727000, -0.3283258152493241900 ) ) ;
#2817 = ORIENTED_EDGE ( 'NONE', *, *, #7867, .T. ) ;
#2818 = CARTESIAN_POINT ( 'NONE',  ( -17.18801045991000400, 28.26922618773999600, 0.9959441720765003200 ) ) ;
#2819 = VECTOR ( 'NONE', #4664, 1000.000000000000000 ) ;
#2820 = FILL_AREA_STYLE_COLOUR ( '', #8023 ) ;
#2821 = MECHANICAL_DESIGN_GEOMETRIC_PRESENTATION_REPRESENTATION (  '', ( #1670 ), #3408 ) ;
#2822 = STYLED_ITEM ( 'NONE', ( #8273 ), #10063 ) ;
#2823 = PRESENTATION_STYLE_ASSIGNMENT (( #2085 ) ) ;
#2824 = VERTEX_POINT ( 'NONE', #10996 ) ;
#2825 = SURFACE_STYLE_USAGE ( .BOTH. , #8048 ) ;
#2826 = DIRECTION ( 'NONE',  ( 0.0000000000000000000, 0.0000000000000000000, 1.000000000000000000 ) ) ;
#2827 =( NAMED_UNIT ( * ) SI_UNIT ( $, .STERADIAN. ) SOLID_ANGLE_UNIT ( ) );
#2828 =( LENGTH_UNIT ( ) NAMED_UNIT ( * ) SI_UNIT ( .MILLI., .METRE. ) );
#2829 = CARTESIAN_POINT ( 'NONE',  ( -17.11961644347169600, 22.47583507941661900, -0.8873695923309412600 ) ) ;
#2830 = UNCERTAINTY_MEASURE_WITH_UNIT (LENGTH_MEASURE( 1.000000000000000100E-005 ), #6451, 'distance_accuracy_value', 'NONE');
#2831 = FILL_AREA_STYLE ('',( #8203 ) ) ;
#2832 = FACE_OUTER_BOUND ( 'NONE', #5544, .T. ) ;
#2833 = ORIENTED_EDGE ( 'NONE', *, *, #7446, .F. ) ;
#2834 = CIRCLE ( 'NONE', #2975, 17.20000000223977600 ) ;
#2835 = STYLED_ITEM ( 'NONE', ( #4789 ), #7406 ) ;
#2836 = ADVANCED_FACE ( 'NONE', ( #10163 ), #9342, .F. ) ;
#2837 = LINE ( 'NONE', #6199, #9256 ) ;
#2838 = CARTESIAN_POINT ( 'NONE',  ( -9.400000000000005700, 32.25999999999999800, 0.0000000000000000000 ) ) ;
#2839 = EDGE_CURVE ( 'NONE', #4347, #6778, #7293, .T. ) ;
#2840 = CARTESIAN_POINT ( 'NONE',  ( -18.00000000000000400, 34.89999999999999900, 8.599999999999999600 ) ) ;
#2841 =( NAMED_UNIT ( * ) PLANE_ANGLE_UNIT ( ) SI_UNIT ( $, .RADIAN. ) );
#2842 =( LENGTH_UNIT ( ) NAMED_UNIT ( * ) SI_UNIT ( .MILLI., .METRE. ) );
#2843 = CARTESIAN_POINT ( 'NONE',  ( -16.90766597599168400, 26.87173433614500000, 0.6291403982414975900 ) ) ;
#2844 = CARTESIAN_POINT ( 'NONE',  ( -16.99995788321637500, 24.36066149658242000, 0.7637254512499467300 ) ) ;
#2845 = PRESENTATION_STYLE_ASSIGNMENT (( #8053 ) ) ;
#2846 = SURFACE_STYLE_USAGE ( .BOTH. , #7480 ) ;
#2847 = ORIENTED_EDGE ( 'NONE', *, *, #9018, .F. ) ;
#2848 = CARTESIAN_POINT ( 'NONE',  ( -18.76188527326315700, 26.08998487393168400, -0.9943352918946886100 ) ) ;
#2849 = VECTOR ( 'NONE', #5521, 1000.000000000000000 ) ;
#2850 = DIRECTION ( 'NONE',  ( 0.0000000000000000000, 1.000000000000000000, 0.0000000000000000000 ) ) ;
#2851 = FILL_AREA_STYLE_COLOUR ( '', #2166 ) ;
#2852 = DIRECTION ( 'NONE',  ( -1.000000000000000000, 0.0000000000000000000, 0.0000000000000000000 ) ) ;
#2853 =( LENGTH_UNIT ( ) NAMED_UNIT ( * ) SI_UNIT ( .MILLI., .METRE. ) );
#2854 = CARTESIAN_POINT ( 'NONE',  ( -16.00000000000000000, 38.89999999999999900, -7.599999999999999600 ) ) ;
#2855 = AXIS2_PLACEMENT_3D ( 'NONE', #5072, #4124, #11193 ) ;
#2856 = CARTESIAN_POINT ( 'NONE',  ( -17.87861887225000100, 27.45726721750000400, -1.279256898876999900 ) ) ;
#2857 = STYLED_ITEM ( 'NONE', ( #5647 ), #740 ) ;
#2858 = ORIENTED_EDGE ( 'NONE', *, *, #1359, .T. ) ;
#2859 = PLANE ( 'NONE',  #1096 ) ;
#2860 = LINE ( 'NONE', #10800, #574 ) ;
#2861 = CARTESIAN_POINT ( 'NONE',  ( 0.0000000000000000000, 0.0000000000000000000, 0.0000000000000000000 ) ) ;
#2862 = DIRECTION ( 'NONE',  ( 0.0000000000000000000, -0.0000000000000000000, 1.000000000000000000 ) ) ;
#2863 = UNCERTAINTY_MEASURE_WITH_UNIT (LENGTH_MEASURE( 1.000000000000000100E-005 ), #3291, 'distance_accuracy_value', 'NONE');
#2864 = CARTESIAN_POINT ( 'NONE',  ( -3.000000000000002700, 28.49999987499999700, 14.00000000000000000 ) ) ;
#2865 = CARTESIAN_POINT ( 'NONE',  ( -18.00000000000000400, 38.89999999999999900, -9.400000000000000400 ) ) ;
#2866 = FILL_AREA_STYLE_COLOUR ( '', #7190 ) ;
#2867 = ORIENTED_EDGE ( 'NONE', *, *, #4682, .T. ) ;
#2868 = CIRCLE ( 'NONE', #6246, 0.5000000000000038900 ) ;
#2869 = FILL_AREA_STYLE ('',( #1136 ) ) ;
#2870 = EDGE_CURVE ( 'NONE', #2174, #7857, #4991, .T. ) ;
#2871 = CARTESIAN_POINT ( 'NONE',  ( -16.16266205705000700, 28.55065171834999300, -0.06375090042495999700 ) ) ;
#2872 = STYLED_ITEM ( 'NONE', ( #2222 ), #3002 ) ;
#2873 = STYLED_ITEM ( 'NONE', ( #1268 ), #10929 ) ;
#2874 = STYLED_ITEM ( 'NONE', ( #7967 ), #9020 ) ;
#2875 = DIRECTION ( 'NONE',  ( 1.000000000000000000, -0.0000000000000000000, -0.0000000000000000000 ) ) ;
#2876 = SURFACE_STYLE_FILL_AREA ( #7156 ) ;
#2877 = VERTEX_POINT ( 'NONE', #8480 ) ;
#2878 = CARTESIAN_POINT ( 'NONE',  ( -16.83334374358246400, 28.54181364676982500, 1.061299947402391900 ) ) ;
#2879 = FILL_AREA_STYLE ('',( #10731 ) ) ;
#2880 = PLANE ( 'NONE',  #9360 ) ;
#2881 = CARTESIAN_POINT ( 'NONE',  ( -3.623635198557755700, 29.00000000000000400, -14.33053681704948800 ) ) ;
#2882 = B_SPLINE_CURVE_WITH_KNOTS ( 'NONE', 3,
 ( #681, #1534, #2396, #8503, #3265, #9386, #4145, #10256, #5049, #11170, #5916, #707, #6773, #1570, #7663, #2437, #8541, #3311, #9427, #4182 ),
 .UNSPECIFIED., .F., .F.,
 ( 4, 2, 2, 2, 2, 2, 2, 2, 2, 4 ),
 ( 0.008805701812656855900, 0.009295256060022766300, 0.009784810307388676700, 0.01027436455475458700, 0.01076391880212049800, 0.01125347304948640800, 0.01174302729685231800, 0.01223258154421822900, 0.01247735866790118300, 0.01272213579158413800 ),
 .UNSPECIFIED. ) ;
#2883 = CARTESIAN_POINT ( 'NONE',  ( -18.16518099059566900, 26.27738129072950800, 1.249998795439450200 ) ) ;
#2884 = EDGE_CURVE ( 'NONE', #3113, #953, #88, .T. ) ;
#2885 = DIRECTION ( 'NONE',  ( -1.000000000000000000, -0.0000000000000000000, -0.0000000000000000000 ) ) ;
#2886 = AXIS2_PLACEMENT_3D ( 'NONE', #9130, #10014, #2188 ) ;
#2887 = ORIENTED_EDGE ( 'NONE', *, *, #6142, .F. ) ;
#2888 = LINE ( 'NONE', #9459, #604 ) ;
#2889 = CARTESIAN_POINT ( 'NONE',  ( -3.414213562372278700, 28.79289321881425700, -15.00000000000162500 ) ) ;
#2890 =( LENGTH_UNIT ( ) NAMED_UNIT ( * ) SI_UNIT ( .MILLI., .METRE. ) );
#2891 =( GEOMETRIC_REPRESENTATION_CONTEXT ( 3 ) GLOBAL_UNCERTAINTY_ASSIGNED_CONTEXT ( ( #5464 ) ) GLOBAL_UNIT_ASSIGNED_CONTEXT ( ( #7932, #2717, #8818 ) ) REPRESENTATION_CONTEXT ( 'NONE', 'WORKASPACE' ) );
#2892 = CARTESIAN_POINT ( 'NONE',  ( -32.00000000000000000, 11.66190378969041500, 15.00000000000007300 ) ) ;
#2893 = CARTESIAN_POINT ( 'NONE',  ( -18.10229787738999700, 26.70776662958000000, 1.155184071159000000 ) ) ;
#2894 = CIRCLE ( 'NONE', #5050, 19.00000000000000000 ) ;
#2895 = PLANE ( 'NONE',  #5180 ) ;
#2896 = UNCERTAINTY_MEASURE_WITH_UNIT (LENGTH_MEASURE( 1.000000000000000100E-005 ), #10709, 'distance_accuracy_value', 'NONE');
#2897 = ORIENTED_EDGE ( 'NONE', *, *, #8063, .T. ) ;
#2898 = LINE ( 'NONE', #5058, #613 ) ;
#2899 = COLOUR_RGB ( '',0.0000000000000000000, 0.0000000000000000000, 0.0000000000000000000 ) ;
#2900 = DIRECTION ( 'NONE',  ( 0.0000000000000000000, -1.000000000000000000, 0.0000000000000000000 ) ) ;
#2901 =( NAMED_UNIT ( * ) SI_UNIT ( $, .STERADIAN. ) SOLID_ANGLE_UNIT ( ) );
#2902 = FILL_AREA_STYLE ('',( #8158 ) ) ;
#2903 = DIRECTION ( 'NONE',  ( 0.0000000000000000000, 1.000000000000000000, 0.0000000000000000000 ) ) ;
#2904 = CARTESIAN_POINT ( 'NONE',  ( -18.62614762826771700, 22.95378673666307600, -1.084948632834306100 ) ) ;
#2905 = PRESENTATION_LAYER_ASSIGNMENT (  '', '', ( #3488 ) ) ;
#2906 = VERTEX_POINT ( 'NONE', #9559 ) ;
#2907 = PRESENTATION_LAYER_ASSIGNMENT (  '', '', ( #1176 ) ) ;
#2908 = EDGE_CURVE ( 'NONE', #3375, #10478, #7009, .T. ) ;
#2909 = ORIENTED_EDGE ( 'NONE', *, *, #1930, .T. ) ;
#2910 = CARTESIAN_POINT ( 'NONE',  ( -17.89448794335000400, 28.52529196590999700, 1.648775209514000000 ) ) ;
#2911 = VECTOR ( 'NONE', #1583, 1000.000000000000000 ) ;
#2912 = FACE_OUTER_BOUND ( 'NONE', #4645, .T. ) ;
#2913 = VECTOR ( 'NONE', #4113, 1000.000000000000000 ) ;
#2914 = LINE ( 'NONE', #4836, #631 ) ;
#2915 = CARTESIAN_POINT ( 'NONE',  ( -17.21785754139920100, 28.68380225555067400, -1.368900876203471100 ) ) ;
#2916 = FILL_AREA_STYLE_COLOUR ( '', #7020 ) ;
#2917 = VERTEX_POINT ( 'NONE', #2936 ) ;
#2918 = PLANE ( 'NONE',  #2114 ) ;
#2919 = CARTESIAN_POINT ( 'NONE',  ( -19.46405980260000100, 25.21568850450000100, 0.1501702542236000000 ) ) ;
#2920 = ORIENTED_EDGE ( 'NONE', *, *, #5269, .T. ) ;
#2921 = FACE_OUTER_BOUND ( 'NONE', #2265, .T. ) ;
#2922 = CARTESIAN_POINT ( 'NONE',  ( -1.500000000000001300, -16.30043030675197700, -2.051309737398286100E-015 ) ) ;
#2923 = MECHANICAL_DESIGN_GEOMETRIC_PRESENTATION_REPRESENTATION (  '', ( #615 ), #3506 ) ;
#2924 =( LENGTH_UNIT ( ) NAMED_UNIT ( * ) SI_UNIT ( .MILLI., .METRE. ) );
#2925 = SURFACE_STYLE_FILL_AREA ( #5896 ) ;
#2926 = EDGE_CURVE ( 'NONE', #6921, #11210, #4792, .T. ) ;
#2927 = FILL_AREA_STYLE_COLOUR ( '', #2093 ) ;
#2928 = CARTESIAN_POINT ( 'NONE',  ( -46.50000000000000000, 16.99999999999999600, 0.0000000000000000000 ) ) ;
#2929 = FILL_AREA_STYLE ('',( #8917 ) ) ;
#2930 = ORIENTED_EDGE ( 'NONE', *, *, #1735, .T. ) ;
#2931 =( LENGTH_UNIT ( ) NAMED_UNIT ( * ) SI_UNIT ( .MILLI., .METRE. ) );
#2932 = SURFACE_STYLE_USAGE ( .BOTH. , #8150 ) ;
#2933 =( BOUNDED_SURFACE ( )  B_SPLINE_SURFACE ( 3, 3, ( 
 ( #7119, #4530, #10661, #5424 ),
 ( #210, #6283, #1086, #7161 ),
 ( #1944, #8039, #2812, #8911 ),
 ( #3696, #9801, #4565, #10696 ) ),
 .UNSPECIFIED., .F., .F., .T. ) 
 B_SPLINE_SURFACE_WITH_KNOTS ( ( 4, 4 ),
 ( 4, 4 ),
 ( 0.1181418218049357000, 0.8818581781988647000 ),
 ( 0.0000000000000000000, 1.000000000000000000 ),
 .UNSPECIFIED. ) 
 GEOMETRIC_REPRESENTATION_ITEM ( )  RATIONAL_B_SPLINE_SURFACE ( (
 ( 0.9052762928580462300, 0.7285101013047619000, 0.7285101013047619000, 0.9052762928580462300),
 ( 0.7285101013063777200, 0.5862596556336346900, 0.5862596556336346900, 0.7285101013063777200),
 ( 0.7285101013072573500, 0.5862596556343425700, 0.5862596556343425700, 0.7285101013072573500),
 ( 0.9052762928606848900, 0.7285101013068853200, 0.7285101013068853200, 0.9052762928606848900) ) ) 
 REPRESENTATION_ITEM ( '' )  SURFACE ( )  );
#2934 = CONICAL_SURFACE ( 'NONE', #990, 11.90000000000000000, 0.7853981633974482800 ) ;
#2935 = CARTESIAN_POINT ( 'NONE',  ( -9.298000000000000000, 32.19879999999999900, 0.3500000000000000300 ) ) ;
#2936 = CARTESIAN_POINT ( 'NONE',  ( -18.00000000000034800, 26.91254348891130400, -1.249999999999998900 ) ) ;
#2937 = LINE ( 'NONE', #3096, #9356 ) ;
#2938 = ORIENTED_EDGE ( 'NONE', *, *, #617, .T. ) ;
#2939 = EDGE_CURVE ( 'NONE', #10487, #7485, #358, .T. ) ;
#2940 = ORIENTED_EDGE ( 'NONE', *, *, #9262, .F. ) ;
#2941 =( NAMED_UNIT ( * ) SI_UNIT ( $, .STERADIAN. ) SOLID_ANGLE_UNIT ( ) );
#2942 = PRESENTATION_LAYER_ASSIGNMENT (  '', '', ( #1786 ) ) ;
#2943 = CARTESIAN_POINT ( 'NONE',  ( -17.99999999999653600, 24.28807528334617800, 1.250000000000000200 ) ) ;
#2944 = CARTESIAN_POINT ( 'NONE',  ( -16.91828042310669000, 24.45648582008220000, -0.6525829252896761000 ) ) ;
#2945 = CARTESIAN_POINT ( 'NONE',  ( -18.00000000000000000, 27.16253823967096900, 1.250000000000001100 ) ) ;
#2946 = CARTESIAN_POINT ( 'NONE',  ( -17.00237031477914600, 26.83987995821202000, -0.7667558243423765500 ) ) ;
#2947 = CARTESIAN_POINT ( 'NONE',  ( -18.40254432238118200, 23.13635975280937600, 1.186251253249009700 ) ) ;
#2948 = CARTESIAN_POINT ( 'NONE',  ( -16.40000000000000600, 28.69999999999999600, -8.404263980357997700 ) ) ;
#2949 = ORIENTED_EDGE ( 'NONE', *, *, #8337, .T. ) ;
#2950 = CARTESIAN_POINT ( 'NONE',  ( -18.86238877306000500, 28.56126255932999700, 1.010194829185000000 ) ) ;
#2951 = ORIENTED_EDGE ( 'NONE', *, *, #9621, .F. ) ;
#2953 = ADVANCED_FACE ( 'NONE', ( #11144 ), #5639, .F. ) ;
#2952 = PRESENTATION_STYLE_ASSIGNMENT (( #3012 ) ) ;
#2954 = CARTESIAN_POINT ( 'NONE',  ( -19.47437928179196500, 28.82130965396893900, -0.5570862632190133300 ) ) ;
#2955 = EDGE_CURVE ( 'NONE', #7966, #5505, #7958, .T. ) ;
#2956 = CARTESIAN_POINT ( 'NONE',  ( -19.21705753028211900, 22.64197194383249800, -0.3282835569102279800 ) ) ;
#2957 = AXIS2_PLACEMENT_3D ( 'NONE', #10737, #494, #3785 ) ;
#2958 = ORIENTED_EDGE ( 'NONE', *, *, #395, .F. ) ;
#2959 = CARTESIAN_POINT ( 'NONE',  ( -16.45471505683326200, 24.58463534188404900, 0.3026179700817572300 ) ) ;
#2960 = MECHANICAL_DESIGN_GEOMETRIC_PRESENTATION_REPRESENTATION (  '', ( #1226 ), #3543 ) ;
#2961 = COLOUR_RGB ( '',1.000000000000000000, 1.000000000000000000, 0.9490196078431372100 ) ;
#2962 = DIRECTION ( 'NONE',  ( 0.0000000000000000000, 0.0000000000000000000, 1.000000000000000000 ) ) ;
#2963 = ADVANCED_FACE ( 'NONE', ( #1290 ), #9270, .F. ) ;
#2964 =( NAMED_UNIT ( * ) PLANE_ANGLE_UNIT ( ) SI_UNIT ( $, .RADIAN. ) );
#2965 = SURFACE_SIDE_STYLE ('',( #7219 ) ) ;
#2966 = CARTESIAN_POINT ( 'NONE',  ( -5.999999999999998200, 15.71288563568131600, 9.764999999999998800 ) ) ;
#2967 =( NAMED_UNIT ( * ) PLANE_ANGLE_UNIT ( ) SI_UNIT ( $, .RADIAN. ) );
#2968 = PRESENTATION_STYLE_ASSIGNMENT (( #8079 ) ) ;
#2969 = FILL_AREA_STYLE ('',( #2087 ) ) ;
#2970 = VERTEX_POINT ( 'NONE', #6284 ) ;
#2971 = CARTESIAN_POINT ( 'NONE',  ( -18.82136850801418900, 23.93602907222779700, 1.539793299647109500 ) ) ;
#2972 =( LENGTH_UNIT ( ) NAMED_UNIT ( * ) SI_UNIT ( .MILLI., .METRE. ) );
#2973 = FACE_OUTER_BOUND ( 'NONE', #4858, .T. ) ;
#2974 = CARTESIAN_POINT ( 'NONE',  ( -3.000000000000002700, 0.0000000000000000000, 0.0000000000000000000 ) ) ;
#2975 = AXIS2_PLACEMENT_3D ( 'NONE', #5155, #11279, #6026 ) ;
#2976 = CARTESIAN_POINT ( 'NONE',  ( -15.42974015125868400, 18.32506853787454700, 2.557240983636767300 ) ) ;
#2977 = EDGE_CURVE ( 'NONE', #6101, #9540, #9186, .T. ) ;
#2978 = ORIENTED_EDGE ( 'NONE', *, *, #7516, .F. ) ;
#2979 = VECTOR ( 'NONE', #2635, 1000.000000000000000 ) ;
#2980 = DIRECTION ( 'NONE',  ( 3.343628375672422000E-029, -1.000000000000000000, -5.782411586589460600E-015 ) ) ;
#2981 =( NAMED_UNIT ( * ) PLANE_ANGLE_UNIT ( ) SI_UNIT ( $, .RADIAN. ) );
#2982 =( NAMED_UNIT ( * ) PLANE_ANGLE_UNIT ( ) SI_UNIT ( $, .RADIAN. ) );
#2983 = VECTOR ( 'NONE', #7897, 1000.000000000000000 ) ;
#2984 = EDGE_LOOP ( 'NONE', ( #3781, #4597, #3132, #9597, #7764, #6190, #7775, #6531, #8397 ) ) ;
#2985 = DIRECTION ( 'NONE',  ( 0.0000000000000000000, 1.000000000000000000, 0.0000000000000000000 ) ) ;
#2986 = EDGE_CURVE ( 'NONE', #4291, #1727, #4829, .T. ) ;
#2987 =( LENGTH_UNIT ( ) NAMED_UNIT ( * ) SI_UNIT ( .MILLI., .METRE. ) );
#2988 = CARTESIAN_POINT ( 'NONE',  ( -16.40000000000000600, 33.89999999999999100, 7.599999999999998800 ) ) ;
#2989 = FILL_AREA_STYLE ('',( #3806 ) ) ;
#2990 = PRESENTATION_STYLE_ASSIGNMENT (( #8806 ) ) ;
#2991 = FILL_AREA_STYLE_COLOUR ( '', #8837 ) ;
#2992 = CARTESIAN_POINT ( 'NONE',  ( -18.17988527933330200, 25.23324162823794500, -1.735871803409696300 ) ) ;
#2993 = CARTESIAN_POINT ( 'NONE',  ( -0.8529462969710035500, 0.0000000000000000000, 0.0000000000000000000 ) ) ;
#2994 = CONICAL_SURFACE ( 'NONE', #2748, 1.249999999998226500, 0.7854011994327122500 ) ;
#2995 = ORIENTED_EDGE ( 'NONE', *, *, #4221, .T. ) ;
#2996 = FACE_OUTER_BOUND ( 'NONE', #1895, .T. ) ;
#2997 = CARTESIAN_POINT ( 'NONE',  ( -18.00000000000000700, 26.28753450841333400, 1.250000000000000200 ) ) ;
#2998 = CARTESIAN_POINT ( 'NONE',  ( -17.05860124353537800, 27.23004910678329400, 0.8264055748249964400 ) ) ;
#2999 = CARTESIAN_POINT ( 'NONE',  ( -17.17375111850140000, 22.84555672914482100, 0.9415220886163357900 ) ) ;
#3000 =( NAMED_UNIT ( * ) PLANE_ANGLE_UNIT ( ) SI_UNIT ( $, .RADIAN. ) );
#3001 = AXIS2_PLACEMENT_3D ( 'NONE', #325, #8998, #10826 ) ;
#3002 = ADVANCED_FACE ( 'NONE', ( #218, #6862 ), #7893, .T. ) ;
#3003 = PRESENTATION_STYLE_ASSIGNMENT (( #9864 ) ) ;
#3004 = ORIENTED_EDGE ( 'NONE', *, *, #6593, .F. ) ;
#3005 = CARTESIAN_POINT ( 'NONE',  ( -15.24021357007067600, 18.22826608369698000, 3.174576184017853900 ) ) ;
#3006 = LINE ( 'NONE', #10701, #2447 ) ;
#3007 = CARTESIAN_POINT ( 'NONE',  ( -18.00000000000000400, 28.41093935102359700, -1.250000000000000000 ) ) ;
#3008 = CARTESIAN_POINT ( 'NONE',  ( -18.00000000000386200, 23.03811285893121100, -1.249999999999999800 ) ) ;
#3009 = CARTESIAN_POINT ( 'NONE',  ( -18.55423924089107500, 26.12560844304218600, 1.123402686339458400 ) ) ;
#3010 = CARTESIAN_POINT ( 'NONE',  ( -18.99977135892561400, 26.48580237348629000, -0.7680313896357369200 ) ) ;
#3011 = CARTESIAN_POINT ( 'NONE',  ( -9.350000000000005000, 32.20000000000000300, -0.3500000000000000300 ) ) ;
#3012 = SURFACE_STYLE_USAGE ( .BOTH. , #8234 ) ;
#3013 = ADVANCED_FACE ( 'NONE', ( #8369 ), #9616, .T. ) ;
#3014 = EDGE_LOOP ( 'NONE', ( #7440, #8366, #1966, #2116 ) ) ;
#3015 = LINE ( 'NONE', #9244, #729 ) ;
#3016 = EDGE_CURVE ( 'NONE', #104, #7011, #7548, .T. ) ;
#3017 = CARTESIAN_POINT ( 'NONE',  ( -23.38000000000000300, 16.12227264096999900, 9.669432991428005100 ) ) ;
#3018 = AXIS2_PLACEMENT_3D ( 'NONE', #2692, #2489, #2107 ) ;
#3019 = STYLED_ITEM ( 'NONE', ( #7821 ), #9210 ) ;
#3020 =( NAMED_UNIT ( * ) SI_UNIT ( $, .STERADIAN. ) SOLID_ANGLE_UNIT ( ) );
#3021 = DIRECTION ( 'NONE',  ( 0.0000000000000000000, 1.000000000000000000, 0.0000000000000000000 ) ) ;
#3022 = PLANE ( 'NONE',  #8809 ) ;
#3023 = DIRECTION ( 'NONE',  ( -0.0000000000000000000, -0.0000000000000000000, -1.000000000000000000 ) ) ;
#3024 = ORIENTED_EDGE ( 'NONE', *, *, #9084, .F. ) ;
#3025 = VECTOR ( 'NONE', #523, 1000.000000000000000 ) ;
#3026 = CARTESIAN_POINT ( 'NONE',  ( -16.65286680232885500, 26.04520059847794000, 1.109433089804387400 ) ) ;
#3027 = CARTESIAN_POINT ( 'NONE',  ( -19.60000000000000100, 28.89999999999999500, 7.599999999999999600 ) ) ;
#3028 = AXIS2_PLACEMENT_3D ( 'NONE', #10515, #5284, #74 ) ;
#3029 = UNCERTAINTY_MEASURE_WITH_UNIT (LENGTH_MEASURE( 1.000000000000000100E-005 ), #666, 'distance_accuracy_value', 'NONE');
#3030 = CARTESIAN_POINT ( 'NONE',  ( -19.25010640679811000, 24.67251595479478300, 0.1622041058648214800 ) ) ;
#3031 = CARTESIAN_POINT ( 'NONE',  ( -17.83668622461730300, 27.40247040526917700, -1.249999999999998000 ) ) ;
#3032 = CARTESIAN_POINT ( 'NONE',  ( -18.00000000000386200, 23.03811285893121100, -1.249999999999999800 ) ) ;
#3033 = PRESENTATION_LAYER_ASSIGNMENT (  '', '', ( #1885 ) ) ;
#3034 = DIRECTION ( 'NONE',  ( 0.0000000000000000000, 1.000000000000000000, 0.0000000000000000000 ) ) ;
#3035 = EDGE_LOOP ( 'NONE', ( #5038, #1679, #1428, #3641 ) ) ;
#3036 = PRESENTATION_STYLE_ASSIGNMENT (( #3109 ) ) ;
#3037 = FILL_AREA_STYLE_COLOUR ( '', #8993 ) ;
#3038 =( NAMED_UNIT ( * ) PLANE_ANGLE_UNIT ( ) SI_UNIT ( $, .RADIAN. ) );
#3039 = VERTEX_POINT ( 'NONE', #1624 ) ;
#3040 = FILL_AREA_STYLE ('',( #7508 ) ) ;
#3041 = EDGE_LOOP ( 'NONE', ( #916, #8076, #9882, #3760 ) ) ;
#3042 = FACE_OUTER_BOUND ( 'NONE', #5633, .T. ) ;
#3043 = CARTESIAN_POINT ( 'NONE',  ( -18.63051920682011100, 25.95340758217911800, -1.091729547305392100 ) ) ;
#3044 = SURFACE_STYLE_USAGE ( .BOTH. , #8266 ) ;
#3045 = CARTESIAN_POINT ( 'NONE',  ( -17.37399116607194900, 25.32987684854128200, 1.085027522586750900 ) ) ;
#3046 =( GEOMETRIC_REPRESENTATION_CONTEXT ( 3 ) GLOBAL_UNCERTAINTY_ASSIGNED_CONTEXT ( ( #7090 ) ) GLOBAL_UNIT_ASSIGNED_CONTEXT ( ( #618, #6673, #1479 ) ) REPRESENTATION_CONTEXT ( 'NONE', 'WORKASPACE' ) );
#3047 = EDGE_CURVE ( 'NONE', #593, #1147, #627, .T. ) ;
#3048 = ORIENTED_EDGE ( 'NONE', *, *, #10492, .F. ) ;
#3049 = CARTESIAN_POINT ( 'NONE',  ( -17.83720953821511300, 26.40177349348736900, -1.249999999999960300 ) ) ;
#3050 = CARTESIAN_POINT ( 'NONE',  ( -19.05840680544000100, 26.37478194332999200, 1.276987443254000300 ) ) ;
#3051 = SURFACE_STYLE_FILL_AREA ( #4350 ) ;
#3052 = DIRECTION ( 'NONE',  ( 1.000000000000000000, 0.0000000000000000000, 0.0000000000000000000 ) ) ;
#3053 = FILL_AREA_STYLE_COLOUR ( '', #2601 ) ;
#3054 = CARTESIAN_POINT ( 'NONE',  ( -33.00000000000000000, 20.67261628933499700, 1.999999999999999100 ) ) ;
#3055 = SURFACE_STYLE_USAGE ( .BOTH. , #8281 ) ;
#3057 = ORIENTED_EDGE ( 'NONE', *, *, #7109, .F. ) ;
#3056 = DIRECTION ( 'NONE',  ( -1.000000000000000000, -0.0000000000000000000, 0.0000000000000000000 ) ) ;
#3058 = FILL_AREA_STYLE ('',( #8283 ) ) ;
#3059 = PRESENTATION_LAYER_ASSIGNMENT (  '', '', ( #3664 ) ) ;
#3060 = UNCERTAINTY_MEASURE_WITH_UNIT (LENGTH_MEASURE( 1.000000000000000100E-005 ), #9969, 'distance_accuracy_value', 'NONE');
#3061 = CARTESIAN_POINT ( 'NONE',  ( -2.700000000000008200, 1.420590287010929500E-015, -11.60000000000000000 ) ) ;
#3062 = STYLED_ITEM ( 'NONE', ( #1983 ), #488 ) ;
#3063 = PRESENTATION_STYLE_ASSIGNMENT (( #1076 ) ) ;
#3064 = EDGE_LOOP ( 'NONE', ( #2763, #2995, #2664, #6321 ) ) ;
#3065 = ORIENTED_EDGE ( 'NONE', *, *, #6926, .T. ) ;
#3066 = CARTESIAN_POINT ( 'NONE',  ( -9.400000000000005700, 28.89999999999999900, -3.150000000000000400 ) ) ;
#3067 = FILL_AREA_STYLE ('',( #5667 ) ) ;
#3068 = CARTESIAN_POINT ( 'NONE',  ( -28.00000000000000400, 14.57553825991000100, 12.48000000000000200 ) ) ;
#3069 = PLANE ( 'NONE',  #5145 ) ;
#3070 = DIRECTION ( 'NONE',  ( 0.0000000000000000000, 0.0000000000000000000, 1.000000000000000000 ) ) ;
#3071 = CARTESIAN_POINT ( 'NONE',  ( -9.298000000000000000, 32.82000000000000000, 0.6042639803575999800 ) ) ;
#3072 = ORIENTED_EDGE ( 'NONE', *, *, #5510, .T. ) ;
#3074 = COLOUR_RGB ( '',1.000000000000000000, 1.000000000000000000, 0.9490196078431372100 ) ;
#3073 = DIRECTION ( 'NONE',  ( -1.000000000000000000, 0.0000000000000000000, -2.891205793294679300E-016 ) ) ;
#3075 = CARTESIAN_POINT ( 'NONE',  ( -9.298000000000000000, 32.25999999999999800, 0.4542639803576000200 ) ) ;
#3076 = LINE ( 'NONE', #915, #7732 ) ;
#3077 = ORIENTED_EDGE ( 'NONE', *, *, #972, .F. ) ;
#3078 = EDGE_CURVE ( 'NONE', #7635, #3448, #7279, .T. ) ;
#3079 =( GEOMETRIC_REPRESENTATION_CONTEXT ( 3 ) GLOBAL_UNCERTAINTY_ASSIGNED_CONTEXT ( ( #1663 ) ) GLOBAL_UNIT_ASSIGNED_CONTEXT ( ( #2298, #2433, #2075 ) ) REPRESENTATION_CONTEXT ( 'NONE', 'WORKASPACE' ) );
#3080 = CARTESIAN_POINT ( 'NONE',  ( -18.42335008444000300, 28.20607374792000100, 1.121492803050000000 ) ) ;
#3081 =( GEOMETRIC_REPRESENTATION_CONTEXT ( 3 ) GLOBAL_UNCERTAINTY_ASSIGNED_CONTEXT ( ( #5650 ) ) GLOBAL_UNIT_ASSIGNED_CONTEXT ( ( #1961, #8052, #2827 ) ) REPRESENTATION_CONTEXT ( 'NONE', 'WORKASPACE' ) );
#3082 = SURFACE_STYLE_USAGE ( .BOTH. , #8297 ) ;
#3083 = ORIENTED_EDGE ( 'NONE', *, *, #5579, .T. ) ;
#3084 = FILL_AREA_STYLE ('',( #2205 ) ) ;
#3085 = CIRCLE ( 'NONE', #10091, 11.60000000000000000 ) ;
#3086 =( GEOMETRIC_REPRESENTATION_CONTEXT ( 3 ) GLOBAL_UNCERTAINTY_ASSIGNED_CONTEXT ( ( #374 ) ) GLOBAL_UNIT_ASSIGNED_CONTEXT ( ( #2057, #8155, #2941 ) ) REPRESENTATION_CONTEXT ( 'NONE', 'WORKASPACE' ) );
#3087 = CARTESIAN_POINT ( 'NONE',  ( -17.99999999999976600, 27.28755209424728200, 1.249999999999999800 ) ) ;
#3088 = CARTESIAN_POINT ( 'NONE',  ( -17.67258414255735100, 25.51753025842055700, -1.217462370893793500 ) ) ;
#3089 = ADVANCED_FACE ( 'NONE', ( #5249 ), #8510, .F. ) ;
#3090 = CARTESIAN_POINT ( 'NONE',  ( -16.81373574799396000, 26.26078978353166300, 0.4024235585454290500 ) ) ;
#3091 = EDGE_LOOP ( 'NONE', ( #3352, #8980, #9505, #655, #6322, #5436, #1552, #5354, #2674, #8384, #4777, #1476 ) ) ;
#3092 = CARTESIAN_POINT ( 'NONE',  ( -19.09256272338927500, 24.49624268381771200, -0.6289019336314096700 ) ) ;
#3093 = EDGE_CURVE ( 'NONE', #5419, #10791, #10052, .T. ) ;
#3094 = CARTESIAN_POINT ( 'NONE',  ( -16.90761609157907600, 28.24503805025204900, 0.6290458487083899800 ) ) ;
#3095 = CARTESIAN_POINT ( 'NONE',  ( -18.90432356730506700, 28.59890775806114500, 0.8730540460937003000 ) ) ;
#3096 = CARTESIAN_POINT ( 'NONE',  ( -9.350000000000005000, 34.00000000000000000, -0.03000000000000000200 ) ) ;
#3097 = SURFACE_STYLE_USAGE ( .BOTH. , #8315 ) ;
#3098 = PRESENTATION_LAYER_ASSIGNMENT (  '', '', ( #2529 ) ) ;
#3099 = SURFACE_STYLE_USAGE ( .BOTH. , #3266 ) ;
#3100 =( NAMED_UNIT ( * ) PLANE_ANGLE_UNIT ( ) SI_UNIT ( $, .RADIAN. ) );
#3101 = SURFACE_STYLE_USAGE ( .BOTH. , #8320 ) ;
#3102 = STYLED_ITEM ( 'NONE', ( #9563 ), #9670 ) ;
#3103 = VERTEX_POINT ( 'NONE', #6150 ) ;
#3104 = CARTESIAN_POINT ( 'NONE',  ( -16.40405756661000700, 24.57093928763999800, -0.4755796862059000200 ) ) ;
#3105 = CARTESIAN_POINT ( 'NONE',  ( -16.74603736773312700, 26.41939911075493400, -0.1038708847565929000 ) ) ;
#3106 = APPLICATION_PROTOCOL_DEFINITION ( 'draft international standard', 'automotive_design', 1998, #8326 ) ;
#3107 =( NAMED_UNIT ( * ) PLANE_ANGLE_UNIT ( ) SI_UNIT ( $, .RADIAN. ) );
#3108 =( LENGTH_UNIT ( ) NAMED_UNIT ( * ) SI_UNIT ( .MILLI., .METRE. ) );
#3109 = SURFACE_STYLE_USAGE ( .BOTH. , #6594 ) ;
#3110 = SURFACE_SIDE_STYLE ('',( #3773 ) ) ;
#3111 = CARTESIAN_POINT ( 'NONE',  ( -18.51759944587415100, 23.24898686663785700, -1.666643470590067900 ) ) ;
#3112 = VECTOR ( 'NONE', #3675, 1000.000000000000000 ) ;
#3113 = VERTEX_POINT ( 'NONE', #6003 ) ;
#3114 = ORIENTED_EDGE ( 'NONE', *, *, #3186, .F. ) ;
#3115 =( NAMED_UNIT ( * ) PLANE_ANGLE_UNIT ( ) SI_UNIT ( $, .RADIAN. ) );
#3116 = FACE_OUTER_BOUND ( 'NONE', #3443, .T. ) ;
#3117 =( GEOMETRIC_REPRESENTATION_CONTEXT ( 3 ) GLOBAL_UNCERTAINTY_ASSIGNED_CONTEXT ( ( #97 ) ) GLOBAL_UNIT_ASSIGNED_CONTEXT ( ( #9863, #4638, #10774 ) ) REPRESENTATION_CONTEXT ( 'NONE', 'WORKASPACE' ) );
#3118 = EDGE_CURVE ( 'NONE', #10583, #7134, #3910, .T. ) ;
#3119 = CARTESIAN_POINT ( 'NONE',  ( -17.00660867986000100, 27.41493423844999800, -0.8151105916631000700 ) ) ;
#3120 = DIRECTION ( 'NONE',  ( 3.796500481380994100E-012, 7.205994102513828600E-015, -1.000000000000000000 ) ) ;
#3121 = SURFACE_SIDE_STYLE ('',( #10350 ) ) ;
#3122 = CARTESIAN_POINT ( 'NONE',  ( -16.90724253841008100, 27.45442496209200900, -0.6286303571627806000 ) ) ;
#3123 =( NAMED_UNIT ( * ) SI_UNIT ( $, .STERADIAN. ) SOLID_ANGLE_UNIT ( ) );
#3124 = ORIENTED_EDGE ( 'NONE', *, *, #6245, .T. ) ;
#3125 =( NAMED_UNIT ( * ) PLANE_ANGLE_UNIT ( ) SI_UNIT ( $, .RADIAN. ) );
#3126 = ADVANCED_FACE ( 'NONE', ( #4128 ), #5381, .F. ) ;
#3127 = VECTOR ( 'NONE', #6442, 1000.000000000000000 ) ;
#3128 = CARTESIAN_POINT ( 'NONE',  ( 0.0000000000000000000, 0.0000000000000000000, 0.0000000000000000000 ) ) ;
#3129 = UNCERTAINTY_MEASURE_WITH_UNIT (LENGTH_MEASURE( 1.000000000000000100E-005 ), #9945, 'distance_accuracy_value', 'NONE');
#3130 = DIRECTION ( 'NONE',  ( -0.0000000000000000000, -0.0000000000000000000, 1.000000000000000000 ) ) ;
#3131 = EDGE_CURVE ( 'NONE', #257, #9429, #7689, .T. ) ;
#3132 = ORIENTED_EDGE ( 'NONE', *, *, #4985, .F. ) ;
#3133 = CARTESIAN_POINT ( 'NONE',  ( -17.99999999999996800, 24.66194339311283600, 1.250000000000000000 ) ) ;
#3134 = CARTESIAN_POINT ( 'NONE',  ( -18.00000000000000400, 28.41093935102359700, -1.250000000000000000 ) ) ;
#3135 = CARTESIAN_POINT ( 'NONE',  ( -18.00000000000000400, 28.89999999999952600, -1.450008804531466700 ) ) ;
#3136 = CARTESIAN_POINT ( 'NONE',  ( -1.444020278706814200, -16.78820545322528800, -2.055962207172049200E-015 ) ) ;
#3137 = CARTESIAN_POINT ( 'NONE',  ( -9.400000000000005700, 32.82000000000000000, -0.5000000000000000000 ) ) ;
#3138 = CARTESIAN_POINT ( 'NONE',  ( -17.47115285488000300, 24.44602252298999900, 1.767938253901999900 ) ) ;
#3139 = ADVANCED_FACE ( 'NONE', ( #1019 ), #10002, .T. ) ;
#3140 = LINE ( 'NONE', #4362, #843 ) ;
#3141 = CARTESIAN_POINT ( 'NONE',  ( -9.400000000000005700, 37.72500000000000100, 0.0000000000000000000 ) ) ;
#3142 = ORIENTED_EDGE ( 'NONE', *, *, #11248, .T. ) ;
#3143 = FILL_AREA_STYLE_COLOUR ( '', #7995 ) ;
#3144 = CARTESIAN_POINT ( 'NONE',  ( -20.40000000000000200, 33.89999999999999900, 9.099999999999999600 ) ) ;
#3145 = CARTESIAN_POINT ( 'NONE',  ( -18.51062192398527600, 23.74865392524785100, -1.668794440409038500 ) ) ;
#3146 =( NAMED_UNIT ( * ) PLANE_ANGLE_UNIT ( ) SI_UNIT ( $, .RADIAN. ) );
#3147 = LINE ( 'NONE', #10205, #5483 ) ;
#3148 = CARTESIAN_POINT ( 'NONE',  ( -16.35152874893000400, 24.56348885586999500, -0.1792533411728000300 ) ) ;
#3149 = PRESENTATION_LAYER_ASSIGNMENT (  '', '', ( #2575 ) ) ;
#3150 = AXIS2_PLACEMENT_3D ( 'NONE', #8973, #3753, #7255 ) ;
#3151 = ORIENTED_EDGE ( 'NONE', *, *, #8771, .F. ) ;
#3152 = COLOUR_RGB ( '',0.0000000000000000000, 0.0000000000000000000, 0.0000000000000000000 ) ;
#3153 = CARTESIAN_POINT ( 'NONE',  ( -19.27963104244000200, 26.60297526821000600, -0.1173663191530000000 ) ) ;
#3154 = CARTESIAN_POINT ( 'NONE',  ( -18.80512277775927300, 28.23255162180894800, 0.9655493692643202200 ) ) ;
#3155 = SURFACE_SIDE_STYLE ('',( #9539 ) ) ;
#3156 = FILL_AREA_STYLE_COLOUR ( '', #6587 ) ;
#3157 = CARTESIAN_POINT ( 'NONE',  ( -18.99857563663701000, 27.98499883476703000, -0.7693517166576077100 ) ) ;
#3158 = FILL_AREA_STYLE ('',( #2283 ) ) ;
#3159 = EDGE_CURVE ( 'NONE', #9652, #3433, #6850, .T. ) ;
#3160 =( NAMED_UNIT ( * ) SI_UNIT ( $, .STERADIAN. ) SOLID_ANGLE_UNIT ( ) );
#3161 = STYLED_ITEM ( 'NONE', ( #7390 ), #4028 ) ;
#3162 = ORIENTED_EDGE ( 'NONE', *, *, #9363, .F. ) ;
#3163 = CIRCLE ( 'NONE', #3018, 0.8250000000000062800 ) ;
#3164 = PRESENTATION_LAYER_ASSIGNMENT (  '', '', ( #2592 ) ) ;
#3165 = PRODUCT_DEFINITION_CONTEXT ( 'detailed design', #5754, 'design' ) ;
#3166 = AXIS2_PLACEMENT_3D ( 'NONE', #57, #6136, #4403 ) ;
#3167 = CARTESIAN_POINT ( 'NONE',  ( -18.81169954138000100, 25.18084594754999700, 0.9961804284340002300 ) ) ;
#3168 = CARTESIAN_POINT ( 'NONE',  ( -3.999999999997727600, 28.50000000000000000, 14.50000000000034500 ) ) ;
#3169 =( NAMED_UNIT ( * ) PLANE_ANGLE_UNIT ( ) SI_UNIT ( $, .RADIAN. ) );
#3170 = ORIENTED_EDGE ( 'NONE', *, *, #489, .F. ) ;
#3171 = CARTESIAN_POINT ( 'NONE',  ( -17.99999999999964100, 23.16190584224041200, 1.250000000000000200 ) ) ;
#3172 = CARTESIAN_POINT ( 'NONE',  ( -46.50000000000000000, 0.0000000000000000000, 16.99999999999999600 ) ) ;
#3173 = FILL_AREA_STYLE_COLOUR ( '', #9667 ) ;
#3174 = VERTEX_POINT ( 'NONE', #4210 ) ;
#3175 = UNCERTAINTY_MEASURE_WITH_UNIT (LENGTH_MEASURE( 1.000000000000000100E-005 ), #858, 'distance_accuracy_value', 'NONE');
#3176 = CARTESIAN_POINT ( 'NONE',  ( -18.00000000000000400, 34.07499999999999600, 8.599999999999999600 ) ) ;
#3177 = CARTESIAN_POINT ( 'NONE',  ( -20.40000000000000600, 28.89999999999999900, 8.349999999999997900 ) ) ;
#3178 = CARTESIAN_POINT ( 'NONE',  ( -17.13494988248999500, 23.63406355273999900, -1.629883336162000000 ) ) ;
#3179 = CYLINDRICAL_SURFACE ( 'NONE', #10480, 1.250000000000000000 ) ;
#3180 = AXIS2_PLACEMENT_3D ( 'NONE', #3075, #9175, #3956 ) ;
#3181 =( LENGTH_UNIT ( ) NAMED_UNIT ( * ) SI_UNIT ( .MILLI., .METRE. ) );
#3182 = ORIENTED_EDGE ( 'NONE', *, *, #4329, .F. ) ;
#3183 = CARTESIAN_POINT ( 'NONE',  ( -0.6470537030290188800, 15.04999999999999400, 30.09999999999999800 ) ) ;
#3184 =( GEOMETRIC_REPRESENTATION_CONTEXT ( 3 ) GLOBAL_UNCERTAINTY_ASSIGNED_CONTEXT ( ( #11073 ) ) GLOBAL_UNIT_ASSIGNED_CONTEXT ( ( #8327, #3107, #9215 ) ) REPRESENTATION_CONTEXT ( 'NONE', 'WORKASPACE' ) );
#3185 = DIRECTION ( 'NONE',  ( -0.0000000000000000000, -1.000000000000000000, 0.0000000000000000000 ) ) ;
#3186 = EDGE_CURVE ( 'NONE', #6835, #3706, #8907, .T. ) ;
#3187 = ORIENTED_EDGE ( 'NONE', *, *, #4329, .T. ) ;
#3188 = CARTESIAN_POINT ( 'NONE',  ( -16.99733827434000200, 26.47191620613000400, 1.399177402635000100 ) ) ;
#3189 = FILL_AREA_STYLE_COLOUR ( '', #977 ) ;
#3190 = CARTESIAN_POINT ( 'NONE',  ( -17.82132403753000500, 26.03487420632999900, 1.836547375940000200 ) ) ;
#3191 = CARTESIAN_POINT ( 'NONE',  ( -1.500000000000000400, 15.94956969548781000, 3.906517895071353900E-015 ) ) ;
#3192 = CARTESIAN_POINT ( 'NONE',  ( -17.83250147510000300, 25.43790620844000100, 1.649999916008000100 ) ) ;
#3193 = EDGE_LOOP ( 'NONE', ( #4730, #4903, #4440, #5816 ) ) ;
#3194 = FACE_OUTER_BOUND ( 'NONE', #1154, .T. ) ;
#3195 = ORIENTED_EDGE ( 'NONE', *, *, #5487, .T. ) ;
#3196 = ORIENTED_EDGE ( 'NONE', *, *, #1515, .F. ) ;
#3197 = CARTESIAN_POINT ( 'NONE',  ( -17.84873151188000400, 28.07436061867000600, -1.463946754024999700 ) ) ;
#3198 = LINE ( 'NONE', #4898, #7574 ) ;
#3199 = DIRECTION ( 'NONE',  ( 0.0000000000000000000, -0.8660254037847459100, 0.4999999999994678700 ) ) ;
#3200 = CARTESIAN_POINT ( 'NONE',  ( -17.39283911706000700, 23.94609177386999800, -1.132513783289000000 ) ) ;
#3201 = CARTESIAN_POINT ( 'NONE',  ( -18.16516569377872200, 28.15235360034553100, 1.249999999998843400 ) ) ;
#3202 = ADVANCED_FACE ( 'NONE', ( #4254 ), #10005, .T. ) ;
#3203 = COLOUR_RGB ( '',0.0000000000000000000, 0.0000000000000000000, 0.0000000000000000000 ) ;
#3204 = CARTESIAN_POINT ( 'NONE',  ( -17.05778228975722400, 23.84404067398658000, -0.8254970005611912400 ) ) ;
#3205 = EDGE_CURVE ( 'NONE', #4156, #7055, #3444, .T. ) ;
#3206 = VECTOR ( 'NONE', #4754, 1000.000000000000000 ) ;
#3207 = CARTESIAN_POINT ( 'NONE',  ( -17.00065019063423600, 27.73508294083877600, 0.7683805659739840800 ) ) ;
#3208 = ORIENTED_EDGE ( 'NONE', *, *, #85, .T. ) ;
#3209 = CARTESIAN_POINT ( 'NONE',  ( -19.27829578951000400, 25.11838756522000100, 0.1311162312837999800 ) ) ;
#3210 = VECTOR ( 'NONE', #3633, 1000.000000000000000 ) ;
#3211 = UNCERTAINTY_MEASURE_WITH_UNIT (LENGTH_MEASURE( 1.000000000000000100E-005 ), #2240, 'distance_accuracy_value', 'NONE');
#3212 = PRESENTATION_STYLE_ASSIGNMENT (( #4636 ) ) ;
#3213 =( NAMED_UNIT ( * ) SI_UNIT ( $, .STERADIAN. ) SOLID_ANGLE_UNIT ( ) );
#3214 =( NAMED_UNIT ( * ) SI_UNIT ( $, .STERADIAN. ) SOLID_ANGLE_UNIT ( ) );
#3215 = CARTESIAN_POINT ( 'NONE',  ( -3.500000000000003100, 28.99999999999999600, 0.0000000000000000000 ) ) ;
#3216 = CARTESIAN_POINT ( 'NONE',  ( -16.48588796004997900, 24.57664748236901200, 0.4581980956368760200 ) ) ;
#3217 = ORIENTED_EDGE ( 'NONE', *, *, #8306, .F. ) ;
#3218 = CARTESIAN_POINT ( 'NONE',  ( -3.019039680499719500, 12.59687067865925900, -14.22481385307614800 ) ) ;
#3219 = CARTESIAN_POINT ( 'NONE',  ( -50.00000000000000000, 0.0000000000000000000, 0.0000000000000000000 ) ) ;
#3220 = ORIENTED_EDGE ( 'NONE', *, *, #1756, .F. ) ;
#3221 = CARTESIAN_POINT ( 'NONE',  ( -19.76046937203000200, 22.82210458250000300, 0.5527920527994998300 ) ) ;
#3222 = AXIS2_PLACEMENT_3D ( 'NONE', #7887, #2667, #8768 ) ;
#3223 = SURFACE_STYLE_FILL_AREA ( #2139 ) ;
#3224 = CARTESIAN_POINT ( 'NONE',  ( -12.67662142034553500, 17.07135274937358500, -7.132703745299863800 ) ) ;
#3225 = DIRECTION ( 'NONE',  ( 1.000000000000000000, 0.0000000000000000000, 0.0000000000000000000 ) ) ;
#3226 = SURFACE_STYLE_FILL_AREA ( #1374 ) ;
#3227 = CARTESIAN_POINT ( 'NONE',  ( -9.400000000000005700, 34.00000000000000000, -0.02999999999999998500 ) ) ;
#3228 = ORIENTED_EDGE ( 'NONE', *, *, #8130, .T. ) ;
#3229 = CARTESIAN_POINT ( 'NONE',  ( -18.18251749394000100, 25.68077669667000200, -1.836169589079000000 ) ) ;
#3230 = DIRECTION ( 'NONE',  ( 0.0000000000000000000, 0.0000000000000000000, -1.000000000000000000 ) ) ;
#3231 = LINE ( 'NONE', #4166, #935 ) ;
#3232 = CARTESIAN_POINT ( 'NONE',  ( -16.83742299914000300, 25.22291523608999600, -1.432915253740999900 ) ) ;
#3233 = DIRECTION ( 'NONE',  ( -0.0000000000000000000, 1.000000000000000000, -0.0000000000000000000 ) ) ;
#3234 = EDGE_CURVE ( 'NONE', #4242, #8374, #10415, .T. ) ;
#3235 = FACE_OUTER_BOUND ( 'NONE', #3193, .T. ) ;
#3236 = STYLED_ITEM ( 'NONE', ( #6182 ), #3126 ) ;
#3237 = ORIENTED_EDGE ( 'NONE', *, *, #4243, .T. ) ;
#3238 = CARTESIAN_POINT ( 'NONE',  ( -19.13579711412000300, 27.26240164842999300, 0.9359418391621002800 ) ) ;
#3239 = PRESENTATION_LAYER_ASSIGNMENT (  '', '', ( #2660 ) ) ;
#3240 =( LENGTH_UNIT ( ) NAMED_UNIT ( * ) SI_UNIT ( .MILLI., .METRE. ) );
#3241 = CARTESIAN_POINT ( 'NONE',  ( -19.22758167207000600, 23.13413280362999900, 0.3798352667956000900 ) ) ;
#3242 = STYLED_ITEM ( 'NONE', ( #1837 ), #9124 ) ;
#3243 = DIRECTION ( 'NONE',  ( 0.0000000000000000000, -1.000000000000000000, 0.0000000000000000000 ) ) ;
#3244 = DIRECTION ( 'NONE',  ( -0.0000000000000000000, -0.0000000000000000000, 1.000000000000000000 ) ) ;
#3245 =( NAMED_UNIT ( * ) SI_UNIT ( $, .STERADIAN. ) SOLID_ANGLE_UNIT ( ) );
#3246 = CARTESIAN_POINT ( 'NONE',  ( -17.91838736565012600, 27.90749811288649300, -1.250000000000009500 ) ) ;
#3247 = COLOUR_RGB ( '',0.9803921568627450600, 0.6274509803921568500, 0.0000000000000000000 ) ;
#3248 = EDGE_LOOP ( 'NONE', ( #824, #9632 ) ) ;
#3249 =( NAMED_UNIT ( * ) PLANE_ANGLE_UNIT ( ) SI_UNIT ( $, .RADIAN. ) );
#3250 = EDGE_CURVE ( 'NONE', #10459, #664, #1148, .T. ) ;
#3251 = VECTOR ( 'NONE', #592, 1000.000000000000000 ) ;
#3252 = CARTESIAN_POINT ( 'NONE',  ( -19.09273760680443400, 23.70452267328369800, 0.6286552053834755200 ) ) ;
#3253 = DIRECTION ( 'NONE',  ( 0.0000000000000000000, 1.000000000000000000, 0.0000000000000000000 ) ) ;
#3254 = STYLED_ITEM ( 'NONE', ( #7886 ), #9935 ) ;
#3255 = B_SPLINE_CURVE_WITH_KNOTS ( 'NONE', 3,
 ( #1423, #4453, #6207, #1012, #7087, #1877, #7956, #2746, #8843, #3621, #9731, #4498, #10623, #5393, #176, #6249, #1054, #7125, #1915, #8001 ),
 .UNSPECIFIED., .F., .F.,
 ( 4, 2, 2, 2, 2, 2, 2, 2, 2, 4 ),
 ( -0.01174581657650828000, -0.01125640423093412700, -0.01101169805814705200, -0.01076699188535997600, -0.01027757953978582400, -0.009788167194211671400, -0.009298754848637519000, -0.008809342503063366500, -0.008319930157489215800, -0.007830517811915063300 ),
 .UNSPECIFIED. ) ;
#3256 = CARTESIAN_POINT ( 'NONE',  ( -18.47861823693999700, 24.29348993295999300, -1.587916299178999700 ) ) ;
#3257 = VERTEX_POINT ( 'NONE', #7035 ) ;
#3258 =( LENGTH_UNIT ( ) NAMED_UNIT ( * ) SI_UNIT ( .MILLI., .METRE. ) );
#3259 = VECTOR ( 'NONE', #1269, 1000.000000000000000 ) ;
#3260 = CARTESIAN_POINT ( 'NONE',  ( -19.00100401925305600, 27.71412932884204500, 0.7665895530420511200 ) ) ;
#3261 = CARTESIAN_POINT ( 'NONE',  ( -19.15957649869000400, 24.86881772643000600, 1.435343652568999800 ) ) ;
#3262 =( LENGTH_UNIT ( ) NAMED_UNIT ( * ) SI_UNIT ( .MILLI., .METRE. ) );
#3263 = CARTESIAN_POINT ( 'NONE',  ( -33.00000000000000000, 20.67261628933499700, 9.000000000000000000 ) ) ;
#3264 = CARTESIAN_POINT ( 'NONE',  ( -46.50000000000000000, 0.0000000000000000000, 0.0000000000000000000 ) ) ;
#3265 = CARTESIAN_POINT ( 'NONE',  ( -18.76757409428452300, 23.46370500489659600, -1.000180894400902500 ) ) ;
#3266 = SURFACE_SIDE_STYLE ('',( #2232 ) ) ;
#3267 = PRESENTATION_STYLE_ASSIGNMENT (( #7566 ) ) ;
#3268 = AXIS2_PLACEMENT_3D ( 'NONE', #8829, #3601, #9716 ) ;
#3269 = EDGE_LOOP ( 'NONE', ( #3991, #9646, #10904, #1189 ) ) ;
#3270 = EDGE_LOOP ( 'NONE', ( #8631, #3980, #10699, #10128 ) ) ;
#3271 = COLOUR_RGB ( '',1.000000000000000000, 1.000000000000000000, 0.9490196078431372100 ) ;
#3272 = AXIS2_PLACEMENT_3D ( 'NONE', #3288, #9408, #4159 ) ;
#3273 = EDGE_CURVE ( 'NONE', #668, #1009, #7810, .T. ) ;
#3274 = CARTESIAN_POINT ( 'NONE',  ( -16.53403476061000900, 26.45044267819000100, 0.1313646677823999700 ) ) ;
#3275 = CARTESIAN_POINT ( 'NONE',  ( -33.00000000000000000, 20.67261628933499700, 12.00000000000000200 ) ) ;
#3276 = UNCERTAINTY_MEASURE_WITH_UNIT (LENGTH_MEASURE( 1.000000000000000100E-005 ), #2328, 'distance_accuracy_value', 'NONE');
#3277 = CARTESIAN_POINT ( 'NONE',  ( -16.89429029753000600, 22.38463221570999900, -0.3497444035904999600 ) ) ;
#3278 = DIRECTION ( 'NONE',  ( 0.0000000000000000000, 0.0000000000000000000, 1.000000000000000000 ) ) ;
#3279 = SURFACE_STYLE_FILL_AREA ( #7622 ) ;
#3280 = FILL_AREA_STYLE ('',( #2408 ) ) ;
#3281 = SURFACE_STYLE_FILL_AREA ( #8985 ) ;
#3282 = ORIENTED_EDGE ( 'NONE', *, *, #8901, .T. ) ;
#3283 = PRESENTATION_STYLE_ASSIGNMENT (( #11100 ) ) ;
#3284 = CARTESIAN_POINT ( 'NONE',  ( -17.17375135336473600, 23.34555291823538100, 0.9415223215115531300 ) ) ;
#3285 = MECHANICAL_DESIGN_GEOMETRIC_PRESENTATION_REPRESENTATION (  '', ( #1547 ), #3874 ) ;
#3286 = EDGE_CURVE ( 'NONE', #4347, #8668, #4491, .T. ) ;
#3287 = DIRECTION ( 'NONE',  ( 0.0000000000000000000, 0.0000000000000000000, 1.000000000000000000 ) ) ;
#3288 = CARTESIAN_POINT ( 'NONE',  ( -20.40000000000000600, 28.69999999999999600, 7.495736019642000000 ) ) ;
#3289 = DIRECTION ( 'NONE',  ( 0.0000000000000000000, 1.000000000000000000, -0.0000000000000000000 ) ) ;
#3290 = CARTESIAN_POINT ( 'NONE',  ( -17.23807635427684900, 25.86065771527265500, -0.9943059862031796700 ) ) ;
#3291 =( LENGTH_UNIT ( ) NAMED_UNIT ( * ) SI_UNIT ( .MILLI., .METRE. ) );
#3292 = CARTESIAN_POINT ( 'NONE',  ( -17.99999999999617700, 23.28810859991802200, 1.250000000000000000 ) ) ;
#3293 = EDGE_LOOP ( 'NONE', ( #4692, #2090, #10287, #4971 ) ) ;
#3294 = DIRECTION ( 'NONE',  ( 1.000000000000000000, -0.0000000000000000000, -0.0000000000000000000 ) ) ;
#3295 = SURFACE_STYLE_FILL_AREA ( #9468 ) ;
#3296 = LINE ( 'NONE', #6453, #1000 ) ;
#3297 = CARTESIAN_POINT ( 'NONE',  ( -18.77443960768000500, 23.48153096272000100, 1.466560183848000000 ) ) ;
#3298 = CARTESIAN_POINT ( 'NONE',  ( -13.92107523975344200, 17.59583840113029800, -5.719422955518856700 ) ) ;
#3299 = CARTESIAN_POINT ( 'NONE',  ( -3.000000000000002700, 0.0000000000000000000, 0.0000000000000000000 ) ) ;
#3300 = DIRECTION ( 'NONE',  ( -1.000000000000000000, 0.0000000000000000000, 0.0000000000000000000 ) ) ;
#3301 = ORIENTED_EDGE ( 'NONE', *, *, #10834, .T. ) ;
#3302 = VECTOR ( 'NONE', #3979, 1000.000000000000100 ) ;
#3303 = EDGE_CURVE ( 'NONE', #4693, #7485, #5774, .T. ) ;
#3304 = CARTESIAN_POINT ( 'NONE',  ( -19.27801382072000200, 26.34020307688000200, -1.056993948803999900 ) ) ;
#3305 = CARTESIAN_POINT ( 'NONE',  ( -0.05597972129318612400, -15.46179454901447600, -30.92358909802895200 ) ) ;
#3306 = CYLINDRICAL_SURFACE ( 'NONE', #3455, 15.05000000000000100 ) ;
#3307 = CARTESIAN_POINT ( 'NONE',  ( -17.00113954973904000, 23.23498001526141700, 0.7689867450100008600 ) ) ;
#3308 =( GEOMETRIC_REPRESENTATION_CONTEXT ( 3 ) GLOBAL_UNCERTAINTY_ASSIGNED_CONTEXT ( ( #5133 ) ) GLOBAL_UNIT_ASSIGNED_CONTEXT ( ( #829, #6910, #1710 ) ) REPRESENTATION_CONTEXT ( 'NONE', 'WORKASPACE' ) );
#3309 = AXIS2_PLACEMENT_3D ( 'NONE', #5175, #10356, #4310 ) ;
#3310 = DIRECTION ( 'NONE',  ( -1.000000000000000000, -0.0000000000000000000, -0.0000000000000000000 ) ) ;
#3311 = CARTESIAN_POINT ( 'NONE',  ( -18.16316991092780600, 23.65142775423872500, 1.241989295216831000 ) ) ;
#3312 = ORIENTED_EDGE ( 'NONE', *, *, #3845, .F. ) ;
#3313 = CARTESIAN_POINT ( 'NONE',  ( -18.16701836374000200, 27.92182802864000000, 1.650048588457000200 ) ) ;
#3314 = VERTEX_POINT ( 'NONE', #8703 ) ;
#3315 = SURFACE_STYLE_FILL_AREA ( #1434 ) ;
#3316 = CARTESIAN_POINT ( 'NONE',  ( -16.75010499940464500, 25.29828477491961200, -0.1637785420373573400 ) ) ;
#3317 = CARTESIAN_POINT ( 'NONE',  ( -18.69267957476000700, 23.79355918383999900, 1.298544268008999800 ) ) ;
#3318 = COLOUR_RGB ( '',0.7764705882352941300, 0.7568627450980391900, 0.7372549019607843600 ) ;
#3319 = FILL_AREA_STYLE ('',( #719 ) ) ;
#3320 = SURFACE_STYLE_FILL_AREA ( #3544 ) ;
#3321 = PRESENTATION_STYLE_ASSIGNMENT (( #1755 ) ) ;
#3322 = EDGE_CURVE ( 'NONE', #5297, #4218, #3163, .T. ) ;
#3323 = ORIENTED_EDGE ( 'NONE', *, *, #3468, .T. ) ;
#3324 = CARTESIAN_POINT ( 'NONE',  ( -18.00000000000377300, 23.53810426649063100, -1.250000000000000700 ) ) ;
#3325 = PRESENTATION_LAYER_ASSIGNMENT (  '', '', ( #3905 ) ) ;
#3326 = ORIENTED_EDGE ( 'NONE', *, *, #4778, .F. ) ;
#3327 = VECTOR ( 'NONE', #9173, 1000.000000000000000 ) ;
#3328 = AXIS2_PLACEMENT_3D ( 'NONE', #11068, #5822, #621 ) ;
#3329 = PRESENTATION_STYLE_ASSIGNMENT (( #1196 ) ) ;
#3330 = COLOUR_RGB ( '',0.9803921568627450600, 0.6274509803921568500, 0.0000000000000000000 ) ;
#3331 =( NAMED_UNIT ( * ) PLANE_ANGLE_UNIT ( ) SI_UNIT ( $, .RADIAN. ) );
#3332 = CARTESIAN_POINT ( 'NONE',  ( -0.6470537030290046700, 0.0000000000000000000, 0.0000000000000000000 ) ) ;
#3333 = CARTESIAN_POINT ( 'NONE',  ( -17.83487499035812400, 25.67337846208231200, 1.250000000000034600 ) ) ;
#3334 = FILL_AREA_STYLE ('',( #6797 ) ) ;
#3335 = VERTEX_POINT ( 'NONE', #5344 ) ;
#3336 = CARTESIAN_POINT ( 'NONE',  ( -19.60000000000000100, 28.69999999999999600, -7.495736019642000000 ) ) ;
#3337 = FACE_OUTER_BOUND ( 'NONE', #6570, .T. ) ;
#3338 = B_SPLINE_CURVE_WITH_KNOTS ( 'NONE', 3,
 ( #10849, #4713, #6458, #1254 ),
 .UNSPECIFIED., .F., .F.,
 ( 4, 4 ),
 ( 0.0000000000000000000, 1.000000000000000000 ),
 .UNSPECIFIED. ) ;
#3339 = CARTESIAN_POINT ( 'NONE',  ( -16.69101955955000300, 22.69039145325000100, -0.8247542895774000500 ) ) ;
#3340 = VECTOR ( 'NONE', #7102, 1000.000000000000000 ) ;
#3341 = MECHANICAL_DESIGN_GEOMETRIC_PRESENTATION_REPRESENTATION (  '', ( #1027 ), #3925 ) ;
#3342 = LINE ( 'NONE', #7826, #10027 ) ;
#3343 = PRESENTATION_LAYER_ASSIGNMENT (  '', '', ( #2761 ) ) ;
#3344 = CARTESIAN_POINT ( 'NONE',  ( -19.24994489720080900, 27.54759833164942500, 0.1634543829584428100 ) ) ;
#3345 = EDGE_CURVE ( 'NONE', #5413, #11271, #2898, .T. ) ;
#3346 = CARTESIAN_POINT ( 'NONE',  ( -17.83250147510000300, 25.52824410663999900, 1.649999916008000100 ) ) ;
#3347 = ORIENTED_EDGE ( 'NONE', *, *, #2007, .T. ) ;
#3348 = DIRECTION ( 'NONE',  ( -0.0000000000000000000, -1.000000000000000000, -0.0000000000000000000 ) ) ;
#3349 = CARTESIAN_POINT ( 'NONE',  ( -17.83707288125343700, 23.40130617155188000, -1.249999999999998700 ) ) ;
#3350 = DIRECTION ( 'NONE',  ( 0.0000000000000000000, 0.0000000000000000000, 1.000000000000000000 ) ) ;
#3351 = SURFACE_STYLE_USAGE ( .BOTH. , #8580 ) ;
#3352 = ORIENTED_EDGE ( 'NONE', *, *, #3286, .T. ) ;
#3353 = CARTESIAN_POINT ( 'NONE',  ( -16.72229891728000000, 27.10986905840000100, -1.057371940251000000 ) ) ;
#3354 = FILL_AREA_STYLE_COLOUR ( '', #4107 ) ;
#3355 = ORIENTED_EDGE ( 'NONE', *, *, #3943, .F. ) ;
#3356 = CARTESIAN_POINT ( 'NONE',  ( -16.59493731998000500, 22.98160021360000400, -0.4379738297122000600 ) ) ;
#3357 = PRESENTATION_LAYER_ASSIGNMENT (  '', '', ( #2176 ) ) ;
#3358 = UNCERTAINTY_MEASURE_WITH_UNIT (LENGTH_MEASURE( 1.000000000000000100E-005 ), #9720, 'distance_accuracy_value', 'NONE');
#3359 =( NAMED_UNIT ( * ) PLANE_ANGLE_UNIT ( ) SI_UNIT ( $, .RADIAN. ) );
#3360 = EDGE_CURVE ( 'NONE', #2824, #9871, #5235, .T. ) ;
#3361 = CIRCLE ( 'NONE', #10403, 15.05000000000000100 ) ;
#3362 = CARTESIAN_POINT ( 'NONE',  ( -18.55423218603436600, 27.07444771863008300, -1.123406173933322300 ) ) ;
#3363 = CARTESIAN_POINT ( 'NONE',  ( -18.16512462347816400, 24.92336896280879400, -1.250000000000030400 ) ) ;
#3364 =( LENGTH_UNIT ( ) NAMED_UNIT ( * ) SI_UNIT ( .MILLI., .METRE. ) );
#3365 = VERTEX_POINT ( 'NONE', #3464 ) ;
#3366 = CARTESIAN_POINT ( 'NONE',  ( -15.12229228395869600, 18.16864055490970400, -3.498603006147366300 ) ) ;
#3367 = PRODUCT_DEFINITION_SHAPE ( 'NONE', 'NONE',  #4944 ) ;
#3368 = COLOUR_RGB ( '',1.000000000000000000, 1.000000000000000000, 0.9490196078431372100 ) ;
#3369 = ORIENTED_EDGE ( 'NONE', *, *, #248, .F. ) ;
#3370 = FILL_AREA_STYLE ('',( #9565 ) ) ;
#3371 = SURFACE_SIDE_STYLE ('',( #1852 ) ) ;
#3372 = FILL_AREA_STYLE_COLOUR ( '', #3498 ) ;
#3373 = CARTESIAN_POINT ( 'NONE',  ( -3.696078950835660400, 28.99999999999999600, 14.39837837505643100 ) ) ;
#3374 = FILL_AREA_STYLE_COLOUR ( '', #2130 ) ;
#3375 = VERTEX_POINT ( 'NONE', #10658 ) ;
#3376 = CARTESIAN_POINT ( 'NONE',  ( -17.57232538846000100, 24.14095734293999800, 1.408231744082999900 ) ) ;
#3377 = PRESENTATION_STYLE_ASSIGNMENT (( #3101 ) ) ;
#3378 =( GEOMETRIC_REPRESENTATION_CONTEXT ( 3 ) GLOBAL_UNCERTAINTY_ASSIGNED_CONTEXT ( ( #10944 ) ) GLOBAL_UNIT_ASSIGNED_CONTEXT ( ( #4920, #11042, #5794 ) ) REPRESENTATION_CONTEXT ( 'NONE', 'WORKASPACE' ) );
#3379 = COLOUR_RGB ( '',0.0000000000000000000, 0.0000000000000000000, 0.0000000000000000000 ) ;
#3380 =( GEOMETRIC_REPRESENTATION_CONTEXT ( 3 ) GLOBAL_UNCERTAINTY_ASSIGNED_CONTEXT ( ( #6094 ) ) GLOBAL_UNIT_ASSIGNED_CONTEXT ( ( #10484, #5257, #45 ) ) REPRESENTATION_CONTEXT ( 'NONE', 'WORKASPACE' ) );
#3381 = CARTESIAN_POINT ( 'NONE',  ( -30.50000000000000700, 22.50000000000000000, 12.00000000000000000 ) ) ;
#3382 = CARTESIAN_POINT ( 'NONE',  ( -16.96040578320000200, 24.71628513639999300, -1.292348931368000300 ) ) ;
#3383 = DIRECTION ( 'NONE',  ( 0.0000000000000000000, 0.0000000000000000000, 1.000000000000000000 ) ) ;
#3384 = ORIENTED_EDGE ( 'NONE', *, *, #10122, .F. ) ;
#3385 = ORIENTED_EDGE ( 'NONE', *, *, #5551, .T. ) ;
#3386 = SURFACE_STYLE_FILL_AREA ( #3705 ) ;
#3387 = DIRECTION ( 'NONE',  ( -0.0000000000000000000, -0.0000000000000000000, -1.000000000000000000 ) ) ;
#3388 = UNCERTAINTY_MEASURE_WITH_UNIT (LENGTH_MEASURE( 1.000000000000000100E-005 ), #2924, 'distance_accuracy_value', 'NONE');
#3389 = EDGE_CURVE ( 'NONE', #8253, #3743, #7537, .T. ) ;
#3390 = AXIS2_PLACEMENT_3D ( 'NONE', #5914, #5985, #6025 ) ;
#3391 = CARTESIAN_POINT ( 'NONE',  ( -18.17463513311000500, 28.51879602653999500, 1.656113178169000200 ) ) ;
#3392 =( GEOMETRIC_REPRESENTATION_CONTEXT ( 3 ) GLOBAL_UNCERTAINTY_ASSIGNED_CONTEXT ( ( #11287 ) ) GLOBAL_UNIT_ASSIGNED_CONTEXT ( ( #1089, #7164, #1950 ) ) REPRESENTATION_CONTEXT ( 'NONE', 'WORKASPACE' ) );
#3393 = CARTESIAN_POINT ( 'NONE',  ( -18.00000000000000400, 28.41093935102359700, 0.0000000000000000000 ) ) ;
#3394 = CARTESIAN_POINT ( 'NONE',  ( -17.52467291338999900, 24.45298556406000000, 1.589020470840000000 ) ) ;
#3395 = AXIS2_PLACEMENT_3D ( 'NONE', #1646, #7737, #2507 ) ;
#3396 = CARTESIAN_POINT ( 'NONE',  ( -3.000000000000002700, 28.49999987499999700, 14.00000000000000000 ) ) ;
#3397 = VERTEX_POINT ( 'NONE', #7044 ) ;
#3398 = VERTEX_POINT ( 'NONE', #206 ) ;
#3399 = CARTESIAN_POINT ( 'NONE',  ( -19.83603127945000500, 27.78994822292000700, -0.1839036384068000200 ) ) ;
#3400 = SURFACE_STYLE_FILL_AREA ( #9002 ) ;
#3401 = CARTESIAN_POINT ( 'NONE',  ( -18.63052085041007200, 27.24664102169406000, 1.091728613841076000 ) ) ;
#3402 =( NAMED_UNIT ( * ) PLANE_ANGLE_UNIT ( ) SI_UNIT ( $, .RADIAN. ) );
#3403 = VERTEX_POINT ( 'NONE', #1003 ) ;
#3404 = FACE_OUTER_BOUND ( 'NONE', #752, .T. ) ;
#3405 = DIRECTION ( 'NONE',  ( -1.000000000000000000, 0.0000000000000000000, 0.0000000000000000000 ) ) ;
#3406 = FILL_AREA_STYLE ('',( #2534 ) ) ;
#3407 = DIRECTION ( 'NONE',  ( 1.000000000000000000, -0.0000000000000000000, -0.0000000000000000000 ) ) ;
#3408 =( GEOMETRIC_REPRESENTATION_CONTEXT ( 3 ) GLOBAL_UNCERTAINTY_ASSIGNED_CONTEXT ( ( #5771 ) ) GLOBAL_UNIT_ASSIGNED_CONTEXT ( ( #1204, #7283, #2053 ) ) REPRESENTATION_CONTEXT ( 'NONE', 'WORKASPACE' ) );
#3409 = CARTESIAN_POINT ( 'NONE',  ( -18.00000000000000400, 29.00000000000000000, -10.50000000000000000 ) ) ;
#3410 = AXIS2_PLACEMENT_3D ( 'NONE', #4651, #10788, #5524 ) ;
#3411 = CARTESIAN_POINT ( 'NONE',  ( -17.31548341043000100, 23.32899837269999200, -1.302865775589000100 ) ) ;
#3412 = CARTESIAN_POINT ( 'NONE',  ( -19.04761452358999900, 25.37544782611000500, 1.285713532856000100 ) ) ;
#3413 = FACE_OUTER_BOUND ( 'NONE', #5881, .T. ) ;
#3414 = FACE_OUTER_BOUND ( 'NONE', #3654, .T. ) ;
#3415 = ORIENTED_EDGE ( 'NONE', *, *, #1194, .T. ) ;
#3416 = CARTESIAN_POINT ( 'NONE',  ( -3.000000000000002700, 0.0000000000000000000, 0.0000000000000000000 ) ) ;
#3417 = CARTESIAN_POINT ( 'NONE',  ( -16.86393057270000600, 26.18767048686000700, 0.9356112796710001100 ) ) ;
#3418 = DIRECTION ( 'NONE',  ( -1.000000000000000000, -0.0000000000000000000, -0.0000000000000000000 ) ) ;
#3419 = CARTESIAN_POINT ( 'NONE',  ( -0.8529462969710035500, 0.0000000000000000000, 0.0000000000000000000 ) ) ;
#3420 = UNCERTAINTY_MEASURE_WITH_UNIT (LENGTH_MEASURE( 1.000000000000000100E-005 ), #7140, 'distance_accuracy_value', 'NONE');
#3421 = FILL_AREA_STYLE_COLOUR ( '', #4614 ) ;
#3422 = AXIS2_PLACEMENT_3D ( 'NONE', #7680, #8562, #755 ) ;
#3423 = EDGE_CURVE ( 'NONE', #1527, #1858, #9606, .T. ) ;
#3424 = ORIENTED_EDGE ( 'NONE', *, *, #8901, .F. ) ;
#3425 = CYLINDRICAL_SURFACE ( 'NONE', #10816, 18.50000000000000000 ) ;
#3426 = CARTESIAN_POINT ( 'NONE',  ( -17.81801688911999900, 27.76929543862000600, -1.836222628836000200 ) ) ;
#3427 = CARTESIAN_POINT ( 'NONE',  ( -3.207106781186907200, 29.00000000000020600, 14.46446609406737900 ) ) ;
#3428 = CARTESIAN_POINT ( 'NONE',  ( -17.22249414425000700, 23.64102659382000100, -1.464936900671999900 ) ) ;
#3429 = CARTESIAN_POINT ( 'NONE',  ( -17.00075412447817400, 23.86070678912935300, 0.7685130515226651400 ) ) ;
#3430 = CARTESIAN_POINT ( 'NONE',  ( -16.82208566644000700, 26.97798925267999700, 1.420334181248999800 ) ) ;
#3431 = CARTESIAN_POINT ( 'NONE',  ( -17.83483726354496600, 24.79769821373812300, 1.250001285768825200 ) ) ;
#3432 = SURFACE_SIDE_STYLE ('',( #4974 ) ) ;
#3433 = VERTEX_POINT ( 'NONE', #1047 ) ;
#3434 = MECHANICAL_DESIGN_GEOMETRIC_PRESENTATION_REPRESENTATION (  '', ( #2257 ), #4016 ) ;
#3435 = PRESENTATION_LAYER_ASSIGNMENT (  '', '', ( #2857 ) ) ;
#3436 = DIRECTION ( 'NONE',  ( -0.0000000000000000000, 0.0000000000000000000, 1.000000000000000000 ) ) ;
#3437 =( NAMED_UNIT ( * ) SI_UNIT ( $, .STERADIAN. ) SOLID_ANGLE_UNIT ( ) );
#3438 = CARTESIAN_POINT ( 'NONE',  ( -1.195978250521102100, 17.13304714212788600, 4.196386268449524100E-015 ) ) ;
#3439 = CARTESIAN_POINT ( 'NONE',  ( -19.09206365962062800, 27.07884582483798000, 0.6300709763434749800 ) ) ;
#3440 = FILL_AREA_STYLE ('',( #7793 ) ) ;
#3441 = DIRECTION ( 'NONE',  ( 0.0000000000000000000, -0.0000000000000000000, 1.000000000000000000 ) ) ;
#3442 = CARTESIAN_POINT ( 'NONE',  ( -19.21711773361261100, 24.01629018826992400, -0.3282240969328872300 ) ) ;
#3443 = EDGE_LOOP ( 'NONE', ( #10531, #8252, #10376, #2399 ) ) ;
#3444 = LINE ( 'NONE', #8601, #8087 ) ;
#3445 = CARTESIAN_POINT ( 'NONE',  ( -16.86948833295000200, 24.80038372316000300, 0.6104055168055998500 ) ) ;
#3446 = CARTESIAN_POINT ( 'NONE',  ( -16.34982578881000100, 25.56282297308999700, -0.1657725894076000400 ) ) ;
#3447 = LINE ( 'NONE', #9874, #1150 ) ;
#3448 = VERTEX_POINT ( 'NONE', #1084 ) ;
#3449 = CARTESIAN_POINT ( 'NONE',  ( -9.300000000000002500, 33.00000000000000000, 0.0000000000000000000 ) ) ;
#3450 = EDGE_LOOP ( 'NONE', ( #8004, #2285, #5277, #7311 ) ) ;
#3451 = FACE_OUTER_BOUND ( 'NONE', #9543, .T. ) ;
#3452 = EDGE_CURVE ( 'NONE', #6271, #9635, #9414, .T. ) ;
#3453 = CARTESIAN_POINT ( 'NONE',  ( -18.15170152929999900, 25.37571151662000400, -1.463901928161999800 ) ) ;
#3454 = FILL_AREA_STYLE_COLOUR ( '', #9284 ) ;
#3455 = AXIS2_PLACEMENT_3D ( 'NONE', #9044, #3826, #7329 ) ;
#3456 = DIRECTION ( 'NONE',  ( 0.0000000000000000000, 0.0000000000000000000, -1.000000000000000000 ) ) ;
#3457 = AXIS2_PLACEMENT_3D ( 'NONE', #687, #8515, #720 ) ;
#3458 = ORIENTED_EDGE ( 'NONE', *, *, #1798, .F. ) ;
#3459 = FILL_AREA_STYLE_COLOUR ( '', #6825 ) ;
#3460 = CARTESIAN_POINT ( 'NONE',  ( -19.41910151607000400, 26.95733646838000300, 1.179399307693999700 ) ) ;
#3461 = CARTESIAN_POINT ( 'NONE',  ( -19.58230745008000500, 22.82906762358000200, 0.4968487367076998600 ) ) ;
#3462 = CARTESIAN_POINT ( 'NONE',  ( -32.17091004127011200, 11.66190378969064100, -14.99999999999996400 ) ) ;
#3463 = CARTESIAN_POINT ( 'NONE',  ( -19.27773706109000100, 24.61872050661000000, 0.1364645689987000200 ) ) ;
#3464 = CARTESIAN_POINT ( 'NONE',  ( -9.399999999999748100, 39.89999999999981400, -3.150000000000011500 ) ) ;
#3465 = SURFACE_STYLE_FILL_AREA ( #6604 ) ;
#3466 = CARTESIAN_POINT ( 'NONE',  ( -19.28828075771000500, 28.44937460313000000, 1.043993254405999800 ) ) ;
#3467 = SURFACE_STYLE_FILL_AREA ( #2718 ) ;
#3468 = EDGE_CURVE ( 'NONE', #4447, #8045, #331, .T. ) ;
#3469 = CARTESIAN_POINT ( 'NONE',  ( -16.74989362362428100, 24.92251425514531200, -0.1622041634872445100 ) ) ;
#3470 = CARTESIAN_POINT ( 'NONE',  ( -19.21777684494874400, 25.01591119508982100, -0.3260597138733715700 ) ) ;
#3471 = STYLED_ITEM ( 'NONE', ( #9001 ), #4904 ) ;
#3472 =( NAMED_UNIT ( * ) SI_UNIT ( $, .STERADIAN. ) SOLID_ANGLE_UNIT ( ) );
#3473 = ORIENTED_EDGE ( 'NONE', *, *, #7605, .F. ) ;
#3474 = STYLED_ITEM ( 'NONE', ( #3939 ), #9800 ) ;
#3475 = DIRECTION ( 'NONE',  ( 0.0000000000000000000, 0.0000000000000000000, -1.000000000000000000 ) ) ;
#3476 = CARTESIAN_POINT ( 'NONE',  ( -18.94369563864797700, 28.60623876081929900, -0.8265736905989996600 ) ) ;
#3477 = CARTESIAN_POINT ( 'NONE',  ( -23.38000000000000300, 16.23490457941098000, -9.870555875805001400 ) ) ;
#3478 = COLOUR_RGB ( '',1.000000000000000000, 1.000000000000000000, 0.9490196078431372100 ) ;
#3479 = DIRECTION ( 'NONE',  ( 0.0000000000000000000, -1.000000000000000000, 0.0000000000000000000 ) ) ;
#3480 = FILL_AREA_STYLE ('',( #1709 ) ) ;
#3481 = EDGE_LOOP ( 'NONE', ( #4121, #6886, #10669, #1823 ) ) ;
#3482 = CARTESIAN_POINT ( 'NONE',  ( -8.600000000000003200, 39.89999999999999100, -2.168404344971008900E-016 ) ) ;
#3483 = PLANE ( 'NONE',  #600 ) ;
#3484 = VERTEX_POINT ( 'NONE', #8035 ) ;
#3485 = ORIENTED_EDGE ( 'NONE', *, *, #4667, .T. ) ;
#3486 = CARTESIAN_POINT ( 'NONE',  ( -18.37598137637000300, 23.98842475291999300, -1.228767510998999900 ) ) ;
#3487 = CIRCLE ( 'NONE', #11171, 17.00000000000000000 ) ;
#3488 = STYLED_ITEM ( 'NONE', ( #10271 ), #6681 ) ;
#3489 = CIRCLE ( 'NONE', #6093, 11.60000000000000000 ) ;
#3490 = MECHANICAL_DESIGN_GEOMETRIC_PRESENTATION_REPRESENTATION (  '', ( #1176 ), #4075 ) ;
#3491 = EDGE_CURVE ( 'NONE', #8845, #578, #6988, .T. ) ;
#3492 = VERTEX_POINT ( 'NONE', #7991 ) ;
#3493 = CARTESIAN_POINT ( 'NONE',  ( -17.10789073007000400, 26.78463848475000800, 0.7409832282084001200 ) ) ;
#3494 = DIRECTION ( 'NONE',  ( 0.0000000000000000000, 0.0000000000000000000, 1.000000000000000000 ) ) ;
#3495 = CARTESIAN_POINT ( 'NONE',  ( -16.78989080257485600, 24.30848826439085300, -0.3237197763162869000 ) ) ;
#3496 = CARTESIAN_POINT ( 'NONE',  ( -18.55428351211954700, 23.07420162482334200, -1.123379255258901900 ) ) ;
#3497 = ORIENTED_EDGE ( 'NONE', *, *, #6439, .T. ) ;
#3498 = COLOUR_RGB ( '',1.000000000000000000, 1.000000000000000000, 0.9490196078431372100 ) ;
#3499 = DIRECTION ( 'NONE',  ( -0.0000000000000000000, 1.000000000000000000, 0.0000000000000000000 ) ) ;
#3500 = EDGE_LOOP ( 'NONE', ( #5900, #1260, #5090, #453 ) ) ;
#3501 = FILL_AREA_STYLE_COLOUR ( '', #1784 ) ;
#3502 = CARTESIAN_POINT ( 'NONE',  ( -18.53250886671000700, 24.30045297403999500, -1.766709756628000300 ) ) ;
#3503 = CARTESIAN_POINT ( 'NONE',  ( -33.00000000000000000, 12.84523257866579400, -13.99999999999938700 ) ) ;
#3504 = CARTESIAN_POINT ( 'NONE',  ( -16.86002603315000300, 25.40306365148000400, 0.9308499157457002000 ) ) ;
#3505 = FACE_OUTER_BOUND ( 'NONE', #10895, .T. ) ;
#3506 =( GEOMETRIC_REPRESENTATION_CONTEXT ( 3 ) GLOBAL_UNCERTAINTY_ASSIGNED_CONTEXT ( ( #3358 ) ) GLOBAL_UNIT_ASSIGNED_CONTEXT ( ( #9720, #4485, #10613 ) ) REPRESENTATION_CONTEXT ( 'NONE', 'WORKASPACE' ) );
#3508 = FACE_OUTER_BOUND ( 'NONE', #3732, .T. ) ;
#3507 = CARTESIAN_POINT ( 'NONE',  ( -16.34943544508001200, 27.63741563289000800, 0.1618398240334000000 ) ) ;
#3509 = EDGE_CURVE ( 'NONE', #4668, #8910, #871, .T. ) ;
#3510 = DIRECTION ( 'NONE',  ( -1.000000000000000000, -0.0000000000000000000, -0.0000000000000000000 ) ) ;
#3511 = VERTEX_POINT ( 'NONE', #9658 ) ;
#3512 = CARTESIAN_POINT ( 'NONE',  ( -1.444020278706813900, 16.78820545322528800, 0.0000000000000000000 ) ) ;
#3513 = VECTOR ( 'NONE', #10501, 1000.000000000000000 ) ;
#3514 = CARTESIAN_POINT ( 'NONE',  ( -16.75010684197341200, 25.90242909235745800, 0.1638378909713269500 ) ) ;
#3515 = PLANE ( 'NONE',  #9752 ) ;
#3516 = DIRECTION ( 'NONE',  ( 0.0000000000000000000, -1.000000000000000000, 0.0000000000000000000 ) ) ;
#3517 = FILL_AREA_STYLE_COLOUR ( '', #8934 ) ;
#3518 = CARTESIAN_POINT ( 'NONE',  ( -7.308462344850285700, 13.96294035804778500, 9.698476499430773500 ) ) ;
#3519 = CARTESIAN_POINT ( 'NONE',  ( -1.195978250521093200, -15.11695286011187600, -1.851292793299743700E-015 ) ) ;
#3520 = FILL_AREA_STYLE_COLOUR ( '', #4397 ) ;
#3521 = EDGE_CURVE ( 'NONE', #3103, #6485, #4719, .T. ) ;
#3522 = CARTESIAN_POINT ( 'NONE',  ( -18.59528171290000000, 23.17646578267000000, 1.138803871683000200 ) ) ;
#3523 = ORIENTED_EDGE ( 'NONE', *, *, #10686, .T. ) ;
#3524 = STYLED_ITEM ( 'NONE', ( #5674 ), #8674 ) ;
#3525 = LINE ( 'NONE', #5719, #8161 ) ;
#3526 = ADVANCED_FACE ( 'NONE', ( #2342 ), #8172, .T. ) ;
#3527 = LINE ( 'NONE', #5708, #1229 ) ;
#3528 = CARTESIAN_POINT ( 'NONE',  ( -9.399999999999748100, 39.89999999999980700, 3.150000000000012300 ) ) ;
#3529 = UNCERTAINTY_MEASURE_WITH_UNIT (LENGTH_MEASURE( 1.000000000000000100E-005 ), #5620, 'distance_accuracy_value', 'NONE');
#3530 = CARTESIAN_POINT ( 'NONE',  ( -18.99362849742000100, 26.03513789684000600, -0.8148214532123999600 ) ) ;
#3531 =( NAMED_UNIT ( * ) SI_UNIT ( $, .STERADIAN. ) SOLID_ANGLE_UNIT ( ) );
#3532 = SURFACE_STYLE_USAGE ( .BOTH. , #8760 ) ;
#3533 = CARTESIAN_POINT ( 'NONE',  ( -18.32724658602095900, 23.05801371356772100, -1.217478674865443400 ) ) ;
#3534 = FILL_AREA_STYLE ('',( #6138 ) ) ;
#3535 = ORIENTED_EDGE ( 'NONE', *, *, #6705, .F. ) ;
#3536 = ORIENTED_EDGE ( 'NONE', *, *, #3389, .F. ) ;
#3537 = SURFACE_STYLE_FILL_AREA ( #3562 ) ;
#3538 = DIRECTION ( 'NONE',  ( 1.000000000000000000, 0.0000000000000000000, 0.0000000000000000000 ) ) ;
#3539 = EDGE_CURVE ( 'NONE', #5505, #7966, #3855, .T. ) ;
#3540 = DIRECTION ( 'NONE',  ( 0.0000000000000000000, 0.0000000000000000000, -1.000000000000000000 ) ) ;
#3541 = PLANE ( 'NONE',  #9467 ) ;
#3542 = CARTESIAN_POINT ( 'NONE',  ( -18.86163862134000300, 23.48849400379999300, 1.631689394973999900 ) ) ;
#3543 =( GEOMETRIC_REPRESENTATION_CONTEXT ( 3 ) GLOBAL_UNCERTAINTY_ASSIGNED_CONTEXT ( ( #3060 ) ) GLOBAL_UNIT_ASSIGNED_CONTEXT ( ( #9969, #4753, #10880 ) ) REPRESENTATION_CONTEXT ( 'NONE', 'WORKASPACE' ) );
#3544 = FILL_AREA_STYLE ('',( #7007 ) ) ;
#3545 = CARTESIAN_POINT ( 'NONE',  ( -19.06137814130000800, 26.82545666264999800, -1.274377060012000100 ) ) ;
#3546 = EDGE_LOOP ( 'NONE', ( #6542, #7003, #3919, #6941 ) ) ;
#3547 = CIRCLE ( 'NONE', #1364, 0.2999999999999964400 ) ;
#3548 = SURFACE_SIDE_STYLE ('',( #5047 ) ) ;
#3549 = CARTESIAN_POINT ( 'NONE',  ( -19.25010449174181900, 25.02676124765222800, -0.1621715801666420400 ) ) ;
#3550 = FACE_OUTER_BOUND ( 'NONE', #6976, .T. ) ;
#3551 = FILL_AREA_STYLE ('',( #944 ) ) ;
#3552 = SURFACE_SIDE_STYLE ('',( #4363 ) ) ;
#3553 = DIRECTION ( 'NONE',  ( -1.000000000000000000, 0.0000000000000000000, 0.0000000000000000000 ) ) ;
#3554 = DIRECTION ( 'NONE',  ( 0.0000000000000000000, -1.000000000000000000, 0.0000000000000000000 ) ) ;
#3555 = CARTESIAN_POINT ( 'NONE',  ( -15.11783821675069600, 16.63637253886611600, 3.510228833994058800 ) ) ;
#3556 = AXIS2_PLACEMENT_3D ( 'NONE', #11245, #2471, #5986 ) ;
#3557 = ORIENTED_EDGE ( 'NONE', *, *, #4846, .T. ) ;
#3558 = CARTESIAN_POINT ( 'NONE',  ( -0.8529462969709827900, -15.05000000000000100, -1.898176190126221600E-015 ) ) ;
#3559 = STYLED_ITEM ( 'NONE', ( #8956 ), #10305 ) ;
#3560 = EDGE_CURVE ( 'NONE', #6188, #2155, #10561, .T. ) ;
#3561 = SURFACE_STYLE_FILL_AREA ( #6710 ) ;
#3562 = FILL_AREA_STYLE ('',( #1820 ) ) ;
#3563 = UNCERTAINTY_MEASURE_WITH_UNIT (LENGTH_MEASURE( 1.000000000000000100E-005 ), #8592, 'distance_accuracy_value', 'NONE');
#3564 = EDGE_LOOP ( 'NONE', ( #6379, #7544, #502, #1357 ) ) ;
#3565 = DIRECTION ( 'NONE',  ( 1.000000000000000000, -0.0000000000000000000, -0.0000000000000000000 ) ) ;
#3566 = CARTESIAN_POINT ( 'NONE',  ( -17.86487333218001100, 25.22317892660000300, 1.277878159588999900 ) ) ;
#3567 = CARTESIAN_POINT ( 'NONE',  ( -19.73787242117108000, 26.84274609587778900, -0.1593957027244526900 ) ) ;
#3568 = CARTESIAN_POINT ( 'NONE',  ( -28.00000000000000400, 0.0000000000000000000, 0.0000000000000000000 ) ) ;
#3569 = CARTESIAN_POINT ( 'NONE',  ( -17.67286276634881400, 27.80920794049394100, 1.217513987801854400 ) ) ;
#3570 = CARTESIAN_POINT ( 'NONE',  ( -19.24989455159044000, 23.15294675814368100, -0.1638224695506661800 ) ) ;
#3571 = STYLED_ITEM ( 'NONE', ( #830 ), #7672 ) ;
#3572 = EDGE_CURVE ( 'NONE', #6510, #3511, #1546, .T. ) ;
#3573 =( LENGTH_UNIT ( ) NAMED_UNIT ( * ) SI_UNIT ( .MILLI., .METRE. ) );
#3574 = ORIENTED_EDGE ( 'NONE', *, *, #1221, .T. ) ;
#3575 = VECTOR ( 'NONE', #4195, 1000.000000000000000 ) ;
#3576 = CARTESIAN_POINT ( 'NONE',  ( -9.400000000000005700, 33.10000000000000100, -0.02999999999999997100 ) ) ;
#3577 = CARTESIAN_POINT ( 'NONE',  ( -16.54363324026000700, 22.69735449433000000, -0.9176185488939000400 ) ) ;
#3578 = CARTESIAN_POINT ( 'NONE',  ( -17.99999999999999600, 26.53753474946466900, -1.249999999999999300 ) ) ;
#3579 = CARTESIAN_POINT ( 'NONE',  ( -16.85834963468000300, 28.29684201311000200, -0.9287952244073999200 ) ) ;
#3580 = COLOUR_RGB ( '',0.0000000000000000000, 0.0000000000000000000, 0.0000000000000000000 ) ;
#3581 = ORIENTED_EDGE ( 'NONE', *, *, #4737, .F. ) ;
#3582 = CARTESIAN_POINT ( 'NONE',  ( -17.83418035128386200, 26.29772698264083900, 1.250001209284484800 ) ) ;
#3583 = B_SPLINE_CURVE_WITH_KNOTS ( 'NONE', 3,
 ( #2622, #4366, #924, #7000, #1795, #7878 ),
 .UNSPECIFIED., .F., .F.,
 ( 4, 2, 4 ),
 ( 1.119409209349538400E-017, 0.0003658740877437861700, 0.0007317481754875611700 ),
 .UNSPECIFIED. ) ;
#3584 = CARTESIAN_POINT ( 'NONE',  ( -9.400000000000005700, 32.20000000000000300, 0.3500000000000000300 ) ) ;
#3585 = MECHANICAL_DESIGN_GEOMETRIC_PRESENTATION_REPRESENTATION (  '', ( #2425 ), #4169 ) ;
#3586 = VECTOR ( 'NONE', #5167, 1000.000000000000000 ) ;
#3587 = CARTESIAN_POINT ( 'NONE',  ( -32.13135353577172300, 29.00000000000000400, -14.48647363470715800 ) ) ;
#3588 = DIRECTION ( 'NONE',  ( 0.0000000000000000000, -1.000000000000000000, 0.0000000000000000000 ) ) ;
#3589 = SURFACE_STYLE_USAGE ( .BOTH. , #8819 ) ;
#3590 = CIRCLE ( 'NONE', #6875, 16.70000000000000600 ) ;
#3591 = CARTESIAN_POINT ( 'NONE',  ( -15.12490339781698800, 16.64024351962889600, -3.492049780294983500 ) ) ;
#3593 = ORIENTED_EDGE ( 'NONE', *, *, #8037, .T. ) ;
#3592 = CARTESIAN_POINT ( 'NONE',  ( -17.31689510897989600, 24.70741765159828800, 1.056713073628468000 ) ) ;
#3594 = CARTESIAN_POINT ( 'NONE',  ( -32.06853438770964700, 29.00000000000000400, 14.49938635828470800 ) ) ;
#3595 = ORIENTED_EDGE ( 'NONE', *, *, #2709, .T. ) ;
#3596 = CARTESIAN_POINT ( 'NONE',  ( -3.000000000000002700, 12.84523257903024500, -13.99999999966499900 ) ) ;
#3597 = SURFACE_STYLE_FILL_AREA ( #2018 ) ;
#3598 = LINE ( 'NONE', #11107, #5930 ) ;
#3599 = VECTOR ( 'NONE', #1963, 1000.000000000000000 ) ;
#3600 = DIRECTION ( 'NONE',  ( -1.000000000000000000, -0.0000000000000000000, -0.0000000000000000000 ) ) ;
#3601 = DIRECTION ( 'NONE',  ( -1.000000000000000000, -0.0000000000000000000, -0.0000000000000000000 ) ) ;
#3602 = EDGE_CURVE ( 'NONE', #7301, #4035, #6171, .T. ) ;
#3603 = CARTESIAN_POINT ( 'NONE',  ( -19.09233924489673800, 25.62123720488540000, -0.6291234850206012300 ) ) ;
#3604 = FILL_AREA_STYLE_COLOUR ( '', #6213 ) ;
#3605 = VERTEX_POINT ( 'NONE', #5048 ) ;
#3606 = CARTESIAN_POINT ( 'NONE',  ( -16.65087097651202100, 27.65470506611778800, -1.107005199524997700 ) ) ;
#3607 = SURFACE_STYLE_USAGE ( .BOTH. , #8831 ) ;
#3608 = AXIS2_PLACEMENT_3D ( 'NONE', #2775, #928, #61 ) ;
#3609 = MECHANICAL_DESIGN_GEOMETRIC_PRESENTATION_REPRESENTATION (  '', ( #715 ), #4188 ) ;
#3610 = CARTESIAN_POINT ( 'NONE',  ( -17.23192632656316900, 27.98588355714571900, -0.9998656683595289500 ) ) ;
#3611 = PRESENTATION_LAYER_ASSIGNMENT (  '', '', ( #3019 ) ) ;
#3612 = COLOUR_RGB ( '',0.0000000000000000000, 0.0000000000000000000, 0.0000000000000000000 ) ;
#3613 = B_SPLINE_CURVE_WITH_KNOTS ( 'NONE', 3,
 ( #7364, #409, #8230, #3009, #9112, #3887, #9993, #4772, #10902, #5638, #448, #6512, #1306, #7398, #2169, #8265, #3043, #9145, #3930, #10030 ),
 .UNSPECIFIED., .F., .F.,
 ( 4, 2, 2, 2, 2, 2, 2, 2, 2, 4 ),
 ( -0.01957647973848607500, -0.01908706194447228100, -0.01884235304746538200, -0.01859764415045848600, -0.01810822635644469100, -0.01761880856243089300, -0.01712939076841709900, -0.01663997297440330400, -0.01615055518038950900, -0.01566113738637571500 ),
 .UNSPECIFIED. ) ;
#3614 = CARTESIAN_POINT ( 'NONE',  ( -9.300000000000002500, 32.20000000000000300, -0.3500000000000000300 ) ) ;
#3615 = VECTOR ( 'NONE', #425, 1000.000000000000000 ) ;
#3616 = ORIENTED_EDGE ( 'NONE', *, *, #9762, .F. ) ;
#3617 =( NAMED_UNIT ( * ) PLANE_ANGLE_UNIT ( ) SI_UNIT ( $, .RADIAN. ) );
#3618 = CARTESIAN_POINT ( 'NONE',  ( -18.76883867184000500, 28.17757856928000500, 0.8682178244311998800 ) ) ;
#3619 = DIRECTION ( 'NONE',  ( 0.0000000000000000000, 1.000000000000000000, 0.0000000000000000000 ) ) ;
#3620 = ORIENTED_EDGE ( 'NONE', *, *, #5872, .T. ) ;
#3621 = CARTESIAN_POINT ( 'NONE',  ( -19.21705376011323100, 25.55815335350850500, 0.3283167871731868500 ) ) ;
#3622 = CARTESIAN_POINT ( 'NONE',  ( -33.00000000000184700, 28.79289321881439200, 14.58578643762710800 ) ) ;
#3623 = SURFACE_STYLE_FILL_AREA ( #4618 ) ;
#3624 = CARTESIAN_POINT ( 'NONE',  ( -19.46501436982000400, 27.48488304287000300, -0.1405528616571999600 ) ) ;
#3625 = SURFACE_STYLE_FILL_AREA ( #4055 ) ;
#3626 = CARTESIAN_POINT ( 'NONE',  ( -17.37400001166840400, 28.33053342220132400, 1.085032143250438600 ) ) ;
#3627 = STYLED_ITEM ( 'NONE', ( #9405 ), #5433 ) ;
#3628 = VERTEX_POINT ( 'NONE', #421 ) ;
#3629 = ORIENTED_EDGE ( 'NONE', *, *, #6416, .F. ) ;
#3630 = MECHANICAL_DESIGN_GEOMETRIC_PRESENTATION_REPRESENTATION (  '', ( #1885 ), #4206 ) ;
#3631 = UNCERTAINTY_MEASURE_WITH_UNIT (LENGTH_MEASURE( 1.000000000000000100E-005 ), #5499, 'distance_accuracy_value', 'NONE');
#3632 = ORIENTED_EDGE ( 'NONE', *, *, #7658, .F. ) ;
#3633 = DIRECTION ( 'NONE',  ( 0.0000000000000000000, 1.000000000000000000, 0.0000000000000000000 ) ) ;
#3634 = DIRECTION ( 'NONE',  ( 0.0000000000000000000, 0.0000000000000000000, -1.000000000000000000 ) ) ;
#3635 = CARTESIAN_POINT ( 'NONE',  ( -18.00000000000000400, 28.41093935102359700, 0.0000000000000000000 ) ) ;
#3636 = PLANE ( 'NONE',  #1704 ) ;
#3637 = CARTESIAN_POINT ( 'NONE',  ( -9.501283647699967400, 14.34659337599418400, -9.121195570891581300 ) ) ;
#3638 = DIRECTION ( 'NONE',  ( 0.0000000000000000000, 0.0000000000000000000, 1.000000000000000000 ) ) ;
#3639 = DIRECTION ( 'NONE',  ( 1.000000000000000000, -0.0000000000000000000, 0.0000000000000000000 ) ) ;
#3640 = PRESENTATION_STYLE_ASSIGNMENT (( #7994 ) ) ;
#3641 = ORIENTED_EDGE ( 'NONE', *, *, #8684, .F. ) ;
#3642 = CARTESIAN_POINT ( 'NONE',  ( -1.517883041479706200E-015, -16.30043030675197700, 32.60086061350394000 ) ) ;
#3643 = VERTEX_POINT ( 'NONE', #6012 ) ;
#3644 = PRESENTATION_LAYER_ASSIGNMENT (  '', '', ( #4217 ) ) ;
#3645 = COLOUR_RGB ( '',0.1098039215686274500, 0.1098039215686274500, 0.1098039215686274500 ) ;
#3646 = CARTESIAN_POINT ( 'NONE',  ( -0.6470537030290046700, 0.0000000000000000000, 0.0000000000000000000 ) ) ;
#3647 = EDGE_CURVE ( 'NONE', #3484, #3375, #10269, .T. ) ;
#3648 = CARTESIAN_POINT ( 'NONE',  ( -0.6470537030290046700, 0.0000000000000000000, 17.20000000223977600 ) ) ;
#3649 = DIRECTION ( 'NONE',  ( 0.0000000000000000000, 0.0000000000000000000, -1.000000000000000000 ) ) ;
#3650 = CARTESIAN_POINT ( 'NONE',  ( -19.00516110455023600, 28.42024023927592300, 1.221528515318043700 ) ) ;
#3651 = COLOUR_RGB ( '',1.000000000000000000, 1.000000000000000000, 0.9490196078431372100 ) ;
#3652 = ORIENTED_EDGE ( 'NONE', *, *, #34, .T. ) ;
#3653 = CARTESIAN_POINT ( 'NONE',  ( -1.195978250521092700, 15.11695286011187600, 0.0000000000000000000 ) ) ;
#3654 = EDGE_LOOP ( 'NONE', ( #7453, #10028, #399, #7941, #1137, #1468, #4845, #8679, #6043, #305, #2778, #10388 ) ) ;
#3655 = SURFACE_STYLE_FILL_AREA ( #2221 ) ;
#3656 = CARTESIAN_POINT ( 'NONE',  ( -19.04211175038748400, 28.73349962217577400, 0.7812739270382912400 ) ) ;
#3657 =( NAMED_UNIT ( * ) SI_UNIT ( $, .STERADIAN. ) SOLID_ANGLE_UNIT ( ) );
#3658 = CARTESIAN_POINT ( 'NONE',  ( -19.09233977453827400, 25.12121919269613500, -0.6291224224646404500 ) ) ;
#3659 = CARTESIAN_POINT ( 'NONE',  ( -18.29053431834000400, 28.91430292077999600, 1.533767392808999700 ) ) ;
#3660 = CARTESIAN_POINT ( 'NONE',  ( -19.60000000000000100, 33.89999999999999900, 8.300000000000000700 ) ) ;
#3661 = FILL_AREA_STYLE_COLOUR ( '', #2022 ) ;
#3662 = FACE_OUTER_BOUND ( 'NONE', #8033, .T. ) ;
#3663 = ORIENTED_EDGE ( 'NONE', *, *, #8456, .F. ) ;
#3664 = STYLED_ITEM ( 'NONE', ( #9385 ), #8331 ) ;
#3665 = ORIENTED_EDGE ( 'NONE', *, *, #5654, .F. ) ;
#3666 = VECTOR ( 'NONE', #7173, 1000.000000000000000 ) ;
#3667 = CARTESIAN_POINT ( 'NONE',  ( -17.05613169744000500, 26.67292407263000000, 1.128881715800000000 ) ) ;
#3668 = COLOUR_RGB ( '',0.7764705882352941300, 0.7568627450980391900, 0.7372549019607843600 ) ;
#3669 = AXIS2_PLACEMENT_3D ( 'NONE', #8714, #3479, #1782 ) ;
#3670 = FACE_OUTER_BOUND ( 'NONE', #5880, .T. ) ;
#3671 = CARTESIAN_POINT ( 'NONE',  ( -17.67272277726989000, 28.51626391618242100, -1.217505165666814800 ) ) ;
#3672 = PLANE ( 'NONE',  #8581 ) ;
#3673 = ORIENTED_EDGE ( 'NONE', *, *, #6268, .F. ) ;
#3674 = CARTESIAN_POINT ( 'NONE',  ( -16.81105780864106700, 24.81277117005207700, -0.3967859320005963100 ) ) ;
#3675 = DIRECTION ( 'NONE',  ( 1.000000000000000000, 0.0000000000000000000, 0.0000000000000000000 ) ) ;
#3676 =( NAMED_UNIT ( * ) PLANE_ANGLE_UNIT ( ) SI_UNIT ( $, .RADIAN. ) );
#3677 = PRESENTATION_STYLE_ASSIGNMENT (( #6396 ) ) ;
#3678 = UNCERTAINTY_MEASURE_WITH_UNIT (LENGTH_MEASURE( 1.000000000000000100E-005 ), #2563, 'distance_accuracy_value', 'NONE');
#3679 = EDGE_CURVE ( 'NONE', #6259, #4693, #1267, .T. ) ;
#3680 = CARTESIAN_POINT ( 'NONE',  ( -0.6470537030290048900, 17.20000000223976900, 34.40000000447955100 ) ) ;
#3681 = AXIS2_PLACEMENT_3D ( 'NONE', #4677, #1776, #6937 ) ;
#3682 = STYLED_ITEM ( 'NONE', ( #1411 ), #10879 ) ;
#3683 = LINE ( 'NONE', #1517, #1369 ) ;
#3684 = ORIENTED_EDGE ( 'NONE', *, *, #1111, .F. ) ;
#3685 = ORIENTED_EDGE ( 'NONE', *, *, #5052, .F. ) ;
#3686 = DIRECTION ( 'NONE',  ( 0.0000000000000000000, 0.0000000000000000000, -1.000000000000000000 ) ) ;
#3687 = DIRECTION ( 'NONE',  ( 0.0000000000000000000, 1.000000000000000000, 0.0000000000000000000 ) ) ;
#3688 = FILL_AREA_STYLE_COLOUR ( '', #6606 ) ;
#3689 =( NAMED_UNIT ( * ) SI_UNIT ( $, .STERADIAN. ) SOLID_ANGLE_UNIT ( ) );
#3690 = B_SPLINE_CURVE_WITH_KNOTS ( 'NONE', 3,
 ( #8513, #8587, #9472, #4226, #10341, #5125, #11255, #5995, #781, #6852, #1658, #7747 ),
 .UNSPECIFIED., .F., .F.,
 ( 4, 2, 2, 2, 2, 4 ),
 ( 4.210279659405072900E-018, 0.0004386591843838696000, 0.0008773183687677349700, 0.001754636737535461000, 0.002631955106303186800, 0.003509273475070912500 ),
 .UNSPECIFIED. ) ;
#3691 = CARTESIAN_POINT ( 'NONE',  ( -18.32715757210362600, 26.05872509045352100, -1.217503675979319400 ) ) ;
#3692 = VECTOR ( 'NONE', #2110, 1000.000000000000000 ) ;
#3693 = VERTEX_POINT ( 'NONE', #1892 ) ;
#3694 = SURFACE_STYLE_FILL_AREA ( #4119 ) ;
#3695 = EDGE_CURVE ( 'NONE', #10913, #7034, #1010, .T. ) ;
#3696 = CARTESIAN_POINT ( 'NONE',  ( -32.99999999999647600, 28.49999999999999600, -14.00000000000242500 ) ) ;
#3697 = FILL_AREA_STYLE_COLOUR ( '', #10292 ) ;
#3698 = MECHANICAL_DESIGN_GEOMETRIC_PRESENTATION_REPRESENTATION (  '', ( #2529 ), #4263 ) ;
#3699 = CARTESIAN_POINT ( 'NONE',  ( -19.88885612673000500, 28.89375114854999900, -0.2002059432409999400 ) ) ;
#3700 = DIRECTION ( 'NONE',  ( 0.0000000000000000000, 0.0000000000000000000, -1.000000000000000000 ) ) ;
#3701 = AXIS2_PLACEMENT_3D ( 'NONE', #11264, #6009, #793 ) ;
#3702 =( NAMED_UNIT ( * ) PLANE_ANGLE_UNIT ( ) SI_UNIT ( $, .RADIAN. ) );
#3703 = CARTESIAN_POINT ( 'NONE',  ( -19.25010503903753200, 26.67321723648907600, 0.1621691448849897900 ) ) ;
#3704 = CARTESIAN_POINT ( 'NONE',  ( -18.99509429308000500, 28.14430942309000000, 0.8130307030029001500 ) ) ;
#3705 = FILL_AREA_STYLE ('',( #2820 ) ) ;
#3706 = VERTEX_POINT ( 'NONE', #4381 ) ;
#3707 = SURFACE_STYLE_FILL_AREA ( #9662 ) ;
#3708 =( NAMED_UNIT ( * ) PLANE_ANGLE_UNIT ( ) SI_UNIT ( $, .RADIAN. ) );
#3709 = DIRECTION ( 'NONE',  ( -0.0000000000000000000, -0.0000000000000000000, 1.000000000000000000 ) ) ;
#3710 = DIRECTION ( 'NONE',  ( 0.0000000000000000000, 1.000000000000000000, 0.0000000000000000000 ) ) ;
#3711 =( BOUNDED_SURFACE ( )  B_SPLINE_SURFACE ( 3, 3, ( 
 ( #7076, #6238, #1042, #7112 ),
 ( #1904, #7988, #2771, #8865 ),
 ( #3653, #9759, #4524, #10649 ),
 ( #5418, #200, #6277, #1079 ) ),
 .UNSPECIFIED., .F., .F., .T. ) 
 B_SPLINE_SURFACE_WITH_KNOTS ( ( 4, 4 ),
 ( 4, 4 ),
 ( 0.0000000000000000000, 1.000000000000000000 ),
 ( 0.0000000000000000000, 1.000000000000000000 ),
 .UNSPECIFIED. ) 
 GEOMETRIC_REPRESENTATION_ITEM ( )  RATIONAL_B_SPLINE_SURFACE ( (
 ( 1.000000000000000000, 0.3333333333333334300, 0.3333333333333334300, 1.000000000000000000),
 ( 0.8695484763366178000, 0.2898494921122060100, 0.2898494921122060100, 0.8695484763366178000),
 ( 0.8695484763366178000, 0.2898494921122060100, 0.2898494921122060100, 0.8695484763366178000),
 ( 1.000000000000000000, 0.3333333333333334300, 0.3333333333333334300, 1.000000000000000000) ) ) 
 REPRESENTATION_ITEM ( '' )  SURFACE ( )  );
#3712 =( NAMED_UNIT ( * ) SI_UNIT ( $, .STERADIAN. ) SOLID_ANGLE_UNIT ( ) );
#3713 = DIRECTION ( 'NONE',  ( 0.0000000000000000000, -1.000000000000000000, 0.0000000000000000000 ) ) ;
#3714 = SURFACE_STYLE_USAGE ( .BOTH. , #8932 ) ;
#3715 = AXIS2_PLACEMENT_3D ( 'NONE', #6836, #1636, #7726 ) ;
#3716 = EDGE_CURVE ( 'NONE', #10320, #1957, #5616, .T. ) ;
#3717 = ORIENTED_EDGE ( 'NONE', *, *, #298, .T. ) ;
#3718 = VECTOR ( 'NONE', #4144, 1000.000000000000000 ) ;
#3719 = SURFACE_SIDE_STYLE ('',( #1642 ) ) ;
#3720 = PRESENTATION_STYLE_ASSIGNMENT (( #3755 ) ) ;
#3721 = DIRECTION ( 'NONE',  ( 1.000000000000000000, -0.0000000000000000000, -0.0000000000000000000 ) ) ;
#3722 = CARTESIAN_POINT ( 'NONE',  ( -18.24388131341337900, 28.46301158849565700, 1.557376868221780100 ) ) ;
#3723 =( NAMED_UNIT ( * ) SI_UNIT ( $, .STERADIAN. ) SOLID_ANGLE_UNIT ( ) );
#3724 = CARTESIAN_POINT ( 'NONE',  ( -16.75010559147161600, 26.90175299217794000, 0.1637837549522016300 ) ) ;
#3725 = EDGE_LOOP ( 'NONE', ( #6333, #10159, #3182, #352 ) ) ;
#3726 = CARTESIAN_POINT ( 'NONE',  ( -16.80116122030248200, 24.38826275949271900, 0.3824665192108896400 ) ) ;
#3727 = COLOUR_RGB ( '',0.9803921568627450600, 0.6274509803921568500, 0.0000000000000000000 ) ;
#3728 = AXIS2_PLACEMENT_3D ( 'NONE', #8453, #3225, #9335 ) ;
#3729 = VECTOR ( 'NONE', #3738, 1000.000000000000000 ) ;
#3730 = CARTESIAN_POINT ( 'NONE',  ( -18.99924195074885000, 26.11006810534574300, -0.7685193080993251200 ) ) ;
#3731 = EDGE_CURVE ( 'NONE', #9010, #7804, #8212, .T. ) ;
#3732 = EDGE_LOOP ( 'NONE', ( #1108, #7155, #885, #10532 ) ) ;
#3733 = DIRECTION ( 'NONE',  ( 0.0000000000000000000, 1.000000000000000000, 0.0000000000000000000 ) ) ;
#3734 = EDGE_LOOP ( 'NONE', ( #1249, #10251 ) ) ;
#3735 = CARTESIAN_POINT ( 'NONE',  ( -18.24470407016086100, 28.64642281874737200, 1.231964030572448200 ) ) ;
#3736 = SURFACE_SIDE_STYLE ('',( #2163 ) ) ;
#3737 =( NAMED_UNIT ( * ) SI_UNIT ( $, .STERADIAN. ) SOLID_ANGLE_UNIT ( ) );
#3738 = DIRECTION ( 'NONE',  ( -0.0000000000000000000, -0.0000000000000000000, 1.000000000000000000 ) ) ;
#3739 = SURFACE_STYLE_FILL_AREA ( #10391 ) ;
#3740 = CARTESIAN_POINT ( 'NONE',  ( -16.72061683809000200, 27.33235045285000100, 0.1200430021293000200 ) ) ;
#3741 = COLOUR_RGB ( '',0.0000000000000000000, 0.0000000000000000000, 0.0000000000000000000 ) ;
#3742 = SURFACE_SIDE_STYLE ('',( #1345 ) ) ;
#3743 = VERTEX_POINT ( 'NONE', #1340 ) ;
#3744 = CYLINDRICAL_SURFACE ( 'NONE', #9313, 0.9999999999999991100 ) ;
#3745 = DIRECTION ( 'NONE',  ( 0.0000000000000000000, 0.0000000000000000000, 1.000000000000000000 ) ) ;
#3746 = MECHANICAL_DESIGN_GEOMETRIC_PRESENTATION_REPRESENTATION (  '', ( #2575 ), #4320 ) ;
#3747 = COLOUR_RGB ( '',1.000000000000000000, 1.000000000000000000, 0.9490196078431372100 ) ;
#3748 = DIRECTION ( 'NONE',  ( 0.0000000000000000000, 1.000000000000000000, 0.0000000000000000000 ) ) ;
#3749 = CARTESIAN_POINT ( 'NONE',  ( -18.49654411065453300, 28.90000000000000600, 1.407598762653820400 ) ) ;
#3750 = MECHANICAL_DESIGN_GEOMETRIC_PRESENTATION_REPRESENTATION (  '', ( #2577 ), #4321 ) ;
#3751 = PRESENTATION_STYLE_ASSIGNMENT (( #7565 ) ) ;
#3752 = DIRECTION ( 'NONE',  ( -1.000000000000000000, -0.0000000000000000000, 0.0000000000000000000 ) ) ;
#3753 = DIRECTION ( 'NONE',  ( -1.000000000000000000, -0.0000000000000000000, -0.0000000000000000000 ) ) ;
#3754 = VERTEX_POINT ( 'NONE', #2351 ) ;
#3755 = SURFACE_STYLE_USAGE ( .BOTH. , #8975 ) ;
#3756 = ORIENTED_EDGE ( 'NONE', *, *, #10645, .F. ) ;
#3757 = CARTESIAN_POINT ( 'NONE',  ( -17.88260767898000500, 28.42799102662999600, 1.834421153458999800 ) ) ;
#3758 = CARTESIAN_POINT ( 'NONE',  ( -16.71538293966000300, 25.50036459076000000, 1.048958763219000100 ) ) ;
#3759 = FILL_AREA_STYLE ('',( #2005 ) ) ;
#3760 = ORIENTED_EDGE ( 'NONE', *, *, #2271, .T. ) ;
#3761 = CARTESIAN_POINT ( 'NONE',  ( -16.55798038177330200, 28.56539379551732000, 0.6597754892825578000 ) ) ;
#3762 = EDGE_CURVE ( 'NONE', #161, #10583, #7678, .T. ) ;
#3763 = SURFACE_STYLE_USAGE ( .BOTH. , #8984 ) ;
#3764 = SURFACE_SIDE_STYLE ('',( #3281 ) ) ;
#3765 = ORIENTED_EDGE ( 'NONE', *, *, #8613, .T. ) ;
#3766 = SURFACE_SIDE_STYLE ('',( #10793 ) ) ;
#3767 = PRESENTATION_LAYER_ASSIGNMENT (  '', '', ( #3161 ) ) ;
#3768 = MECHANICAL_DESIGN_GEOMETRIC_PRESENTATION_REPRESENTATION (  '', ( #2592 ), #4332 ) ;
#3769 = ORIENTED_EDGE ( 'NONE', *, *, #6913, .F. ) ;
#3770 = CARTESIAN_POINT ( 'NONE',  ( -3.694181365214429700, 29.00000000000000400, -14.39711044888081300 ) ) ;
#3771 = MECHANICAL_DESIGN_GEOMETRIC_PRESENTATION_REPRESENTATION (  '', ( #2594 ), #4334 ) ;
#3772 = B_SPLINE_CURVE_WITH_KNOTS ( 'NONE', 3,
 ( #6770, #4143, #7661, #2432, #8540, #3307, #9426, #4178, #10291, #5084, #11209, #5948, #741, #6808, #1608, #7699, #2469, #8575, #3349, #9458 ),
 .UNSPECIFIED., .F., .F.,
 ( 4, 2, 2, 2, 2, 2, 2, 2, 2, 4 ),
 ( 0.004888910661756366500, 0.005378509555618925900, 0.005868108449481484500, 0.006357707343344043900, 0.006847306237206604200, 0.007336905131069163700, 0.007581704578000442500, 0.007826504024931721400, 0.008316102918794289500, 0.008805701812656855900 ),
 .UNSPECIFIED. ) ;
#3773 = SURFACE_STYLE_FILL_AREA ( #8330 ) ;
#3774 = CARTESIAN_POINT ( 'NONE',  ( -23.38000000000000300, 0.0000000000000000000, 0.0000000000000000000 ) ) ;
#3775 = ORIENTED_EDGE ( 'NONE', *, *, #9322, .F. ) ;
#3776 = FILL_AREA_STYLE_COLOUR ( '', #8296 ) ;
#3777 = CARTESIAN_POINT ( 'NONE',  ( -3.207106781185896400, 29.00000000000092700, -14.00000000000003700 ) ) ;
#3778 =( NAMED_UNIT ( * ) SI_UNIT ( $, .STERADIAN. ) SOLID_ANGLE_UNIT ( ) );
#3779 = CARTESIAN_POINT ( 'NONE',  ( -9.400000000000005700, 33.31999999999999300, 0.0000000000000000000 ) ) ;
#3780 = UNCERTAINTY_MEASURE_WITH_UNIT (LENGTH_MEASURE( 1.000000000000000100E-005 ), #8185, 'distance_accuracy_value', 'NONE');
#3781 = ORIENTED_EDGE ( 'NONE', *, *, #7545, .F. ) ;
#3782 = CARTESIAN_POINT ( 'NONE',  ( -4.000000000000003600, 28.49999999999999600, 14.00000000000000000 ) ) ;
#3783 = FILL_AREA_STYLE_COLOUR ( '', #6522 ) ;
#3784 = PRESENTATION_LAYER_ASSIGNMENT (  '', '', ( #2608 ) ) ;
#3785 = DIRECTION ( 'NONE',  ( 0.0000000000000000000, 1.000000000000000000, 0.0000000000000000000 ) ) ;
#3786 = EDGE_CURVE ( 'NONE', #2906, #9000, #738, .T. ) ;
#3787 = CLOSED_SHELL ( 'NONE', ( #9935, #10590, #2322, #8674, #8380, #9800, #11078, #4820, #11214, #10040, #9060, #8900, #3923, #3089, #1077, #9644, #4278, #9152, #899, #1414, #548, #8313, #740, #4841, #10879, #9972, #10840, #7315, #2836, #9530, #2784, #11282, #2953, #576, #8191, #10817, #4259, #10929, #4616, #9548, #8207, #1601, #8411, #5929, #10305, #8836, #7363, #9178, #5692, #488, #9575, #5585, #4379, #9987, #7438, #4904, #10378, #3202, #10757, #10454, #9020, #7672, #11200, #6329, #9463, #7160, #8168, #402, #1883, #10958, #10132, #1259, #8763, #4986, #7731, #10016, #5560, #5726, #10409, #8849, #7387, #4028, #8471, #6565, #9718, #8331, #3937, #8546, #3139, #10710, #8921, #7455, #6723, #6653, #10044, #8476, #4745, #4937, #6665, #10392, #9412, #8046, #9931, #8396, #9397, #1506, #7986, #1448, #10828, #9772, #10197, #8349, #10074, #1283, #10063, #6681, #8591, #7521, #10726, #8966, #2199, #3820, #10666, #5191, #10117, #10973, #2436, #7555, #6626, #2282, #10775, #9073, #7686, #11266, #9512, #9049, #8981, #11138, #10489, #5433, #11075, #8261, #7373, #8645 ) ) ;
#3788 = CARTESIAN_POINT ( 'NONE',  ( -46.50000000000000000, 0.0000000000000000000, 9.549999999999995400 ) ) ;
#3789 = CARTESIAN_POINT ( 'NONE',  ( -28.00000000000000400, 14.57553825991000100, 12.48000000000000200 ) ) ;
#3790 = CARTESIAN_POINT ( 'NONE',  ( -19.00103806522094300, 23.21532372204186200, 0.7665554516683570400 ) ) ;
#3791 = CARTESIAN_POINT ( 'NONE',  ( -17.51939286258878100, 26.69357237945353100, 1.153755711714606700 ) ) ;
#3792 = LINE ( 'NONE', #5745, #8419 ) ;
#3793 = CARTESIAN_POINT ( 'NONE',  ( -18.82638141375602800, 22.96912791002596400, -0.9414059839288807500 ) ) ;
#3794 = PLANE ( 'NONE',  #6095 ) ;
#3795 = CARTESIAN_POINT ( 'NONE',  ( -18.17094984473999700, 25.18807267913000200, -1.649645909700000500 ) ) ;
#3796 = CARTESIAN_POINT ( 'NONE',  ( -18.97181107879000100, 28.46396162005000000, 1.138371181778000200 ) ) ;
#3797 = ORIENTED_EDGE ( 'NONE', *, *, #3093, .F. ) ;
#3798 = ORIENTED_EDGE ( 'NONE', *, *, #9799, .T. ) ;
#3799 = CARTESIAN_POINT ( 'NONE',  ( -6.659253199351579300, 15.71288563568130800, 9.765000000000002300 ) ) ;
#3800 = COLOUR_RGB ( '',0.0000000000000000000, 0.0000000000000000000, 0.0000000000000000000 ) ;
#3801 = STYLED_ITEM ( 'NONE', ( #10246 ), #7455 ) ;
#3802 = PRESENTATION_STYLE_ASSIGNMENT (( #9865 ) ) ;
#3803 = EDGE_CURVE ( 'NONE', #3861, #1392, #7396, .T. ) ;
#3804 = CARTESIAN_POINT ( 'NONE',  ( -17.48271493300074700, 28.69790272455897600, -1.489969341330612500 ) ) ;
#3805 = CARTESIAN_POINT ( 'NONE',  ( -50.00000000000000000, 0.0000000000000000000, 0.0000000000000000000 ) ) ;
#3806 = FILL_AREA_STYLE_COLOUR ( '', #6823 ) ;
#3807 = ORIENTED_EDGE ( 'NONE', *, *, #3322, .T. ) ;
#3808 = PRESENTATION_STYLE_ASSIGNMENT (( #7518 ) ) ;
#3809 =( NAMED_UNIT ( * ) SI_UNIT ( $, .STERADIAN. ) SOLID_ANGLE_UNIT ( ) );
#3810 = VECTOR ( 'NONE', #10133, 1000.000000000000000 ) ;
#3811 = DIRECTION ( 'NONE',  ( 0.0000000000000000000, 1.000000000000000000, 0.0000000000000000000 ) ) ;
#3812 = DIRECTION ( 'NONE',  ( -0.0000000000000000000, 0.0000000000000000000, 1.000000000000000000 ) ) ;
#3813 =( NAMED_UNIT ( * ) SI_UNIT ( $, .STERADIAN. ) SOLID_ANGLE_UNIT ( ) );
#3814 =( NAMED_UNIT ( * ) PLANE_ANGLE_UNIT ( ) SI_UNIT ( $, .RADIAN. ) );
#3815 = CARTESIAN_POINT ( 'NONE',  ( -18.00000000000000400, 28.41093935102359700, 1.250000000000000000 ) ) ;
#3816 = COLOUR_RGB ( '',1.000000000000000000, 1.000000000000000000, 0.9490196078431372100 ) ;
#3817 = AXIS2_PLACEMENT_3D ( 'NONE', #1576, #5057, #749 ) ;
#3818 = ORIENTED_EDGE ( 'NONE', *, *, #8475, .F. ) ;
#3819 = FACE_OUTER_BOUND ( 'NONE', #9059, .T. ) ;
#3820 = ADVANCED_FACE ( 'NONE', ( #9454 ), #5843, .F. ) ;
#3821 = DIRECTION ( 'NONE',  ( 0.0000000000000000000, 1.000000000000000000, 0.0000000000000000000 ) ) ;
#3822 = CARTESIAN_POINT ( 'NONE',  ( -0.6470537030290185500, 1.843093432716766700E-015, -15.05000000000000100 ) ) ;
#3823 = CARTESIAN_POINT ( 'NONE',  ( -3.000000000000002700, 11.60000000000000000, 0.0000000000000000000 ) ) ;
#3824 = CYLINDRICAL_SURFACE ( 'NONE', #283, 16.75000000000000000 ) ;
#3825 = CARTESIAN_POINT ( 'NONE',  ( -17.15958350696722700, 24.47884763423990200, -0.9298443697944884800 ) ) ;
#3826 = DIRECTION ( 'NONE',  ( -1.000000000000000000, -0.0000000000000000000, -0.0000000000000000000 ) ) ;
#3827 = CARTESIAN_POINT ( 'NONE',  ( -17.31868816286023700, 26.86637966479555900, -1.057816901689074200 ) ) ;
#3828 = CARTESIAN_POINT ( 'NONE',  ( -18.16447085249339500, 23.15135089840230600, 1.241818562241626900 ) ) ;
#3829 = DIRECTION ( 'NONE',  ( 0.0000000000000000000, 0.0000000000000000000, 1.000000000000000000 ) ) ;
#3830 = EDGE_LOOP ( 'NONE', ( #7625, #10000, #6601, #8832, #5224 ) ) ;
#3831 = EDGE_LOOP ( 'NONE', ( #9370, #1790, #212, #2135 ) ) ;
#3832 = EDGE_CURVE ( 'NONE', #6226, #10581, #6304, .T. ) ;
#3833 = CARTESIAN_POINT ( 'NONE',  ( -19.05357420789000500, 29.12876281686999700, 0.5689091589496000400 ) ) ;
#3834 = AXIS2_PLACEMENT_3D ( 'NONE', #1777, #10348, #4194 ) ;
#3835 = MECHANICAL_DESIGN_GEOMETRIC_PRESENTATION_REPRESENTATION (  '', ( #2660 ), #4406 ) ;
#3836 = AXIS2_PLACEMENT_3D ( 'NONE', #9983, #4768, #10896 ) ;
#3837 = CARTESIAN_POINT ( 'NONE',  ( -46.50000000000000000, 2.051283388571816900E-015, -16.75000000000000000 ) ) ;
#3838 = ORIENTED_EDGE ( 'NONE', *, *, #4101, .T. ) ;
#3839 = CARTESIAN_POINT ( 'NONE',  ( -19.55343934383408600, 28.83586140163456000, -0.2750798988388419300 ) ) ;
#3840 = CARTESIAN_POINT ( 'NONE',  ( -23.78759999999999800, 16.45975436201000300, 9.669432991428005100 ) ) ;
#3841 = CARTESIAN_POINT ( 'NONE',  ( -19.25010477743309100, 22.67319259846473000, 0.1622098841346987200 ) ) ;
#3842 = SURFACE_STYLE_FILL_AREA ( #5427 ) ;
#3843 = DIRECTION ( 'NONE',  ( -1.000000000000000000, 0.0000000000000000000, 0.0000000000000000000 ) ) ;
#3844 = CARTESIAN_POINT ( 'NONE',  ( -18.00000000000000400, 34.89999999999999900, -9.399999999999998600 ) ) ;
#3845 = EDGE_CURVE ( 'NONE', #6361, #4511, #1949, .T. ) ;
#3846 = MECHANICAL_DESIGN_GEOMETRIC_PRESENTATION_REPRESENTATION (  '', ( #939 ), #4423 ) ;
#3847 =( LENGTH_UNIT ( ) NAMED_UNIT ( * ) SI_UNIT ( .MILLI., .METRE. ) );
#3848 = VERTEX_POINT ( 'NONE', #1648 ) ;
#3849 = AXIS2_PLACEMENT_3D ( 'NONE', #1271, #7366, #2136 ) ;
#3850 = SURFACE_STYLE_USAGE ( .BOTH. , #9067 ) ;
#3851 =( NAMED_UNIT ( * ) SI_UNIT ( $, .STERADIAN. ) SOLID_ANGLE_UNIT ( ) );
#3852 = DIRECTION ( 'NONE',  ( 0.0000000000000000000, 0.0000000000000000000, 1.000000000000000000 ) ) ;
#3853 = CARTESIAN_POINT ( 'NONE',  ( -18.16516372397748200, 25.04769674721303500, -1.250001113293629500 ) ) ;
#3854 = VERTEX_POINT ( 'NONE', #2307 ) ;
#3855 = CIRCLE ( 'NONE', #8274, 0.8249999999999992900 ) ;
#3856 = CIRCLE ( 'NONE', #5364, 11.60000000000000000 ) ;
#3857 = CARTESIAN_POINT ( 'NONE',  ( -18.00000000000000400, 28.49999999999999600, 15.00000000000000000 ) ) ;
#3858 = DIRECTION ( 'NONE',  ( -1.000000000000000000, -0.0000000000000000000, -0.0000000000000000000 ) ) ;
#3859 = FILL_AREA_STYLE ('',( #1239 ) ) ;
#3860 = AXIS2_PLACEMENT_3D ( 'NONE', #5375, #165, #6235 ) ;
#3861 = VERTEX_POINT ( 'NONE', #2347 ) ;
#3862 = PRESENTATION_LAYER_ASSIGNMENT (  '', '', ( #2689 ) ) ;
#3863 = EDGE_CURVE ( 'NONE', #8247, #4291, #8632, .T. ) ;
#3864 = ORIENTED_EDGE ( 'NONE', *, *, #2360, .T. ) ;
#3865 = CARTESIAN_POINT ( 'NONE',  ( 0.0000000000000000000, 1.457329690985350400E-015, 11.90000000000000000 ) ) ;
#3866 = VECTOR ( 'NONE', #7711, 1000.000000000000000 ) ;
#3867 = CIRCLE ( 'NONE', #6296, 0.8250000000000062800 ) ;
#3868 =( NAMED_UNIT ( * ) SI_UNIT ( $, .STERADIAN. ) SOLID_ANGLE_UNIT ( ) );
#3869 = VERTEX_POINT ( 'NONE', #2470 ) ;
#3870 = SURFACE_STYLE_USAGE ( .BOTH. , #9091 ) ;
#3871 = FILL_AREA_STYLE ('',( #2991 ) ) ;
#3872 = EDGE_LOOP ( 'NONE', ( #11009, #9680, #7369, #4951 ) ) ;
#3873 = CARTESIAN_POINT ( 'NONE',  ( -19.73605900842654000, 25.35815839288793700, 0.1780695175143603700 ) ) ;
#3874 =( GEOMETRIC_REPRESENTATION_CONTEXT ( 3 ) GLOBAL_UNCERTAINTY_ASSIGNED_CONTEXT ( ( #5738 ) ) GLOBAL_UNIT_ASSIGNED_CONTEXT ( ( #10882, #5614, #427 ) ) REPRESENTATION_CONTEXT ( 'NONE', 'WORKASPACE' ) );
#3875 = DIRECTION ( 'NONE',  ( 0.0000000000000000000, 0.0000000000000000000, 1.000000000000000000 ) ) ;
#3876 = EDGE_CURVE ( 'NONE', #8642, #2802, #6044, .T. ) ;
#3877 = UNCERTAINTY_MEASURE_WITH_UNIT (LENGTH_MEASURE( 1.000000000000000100E-005 ), #9853, 'distance_accuracy_value', 'NONE');
#3878 = CARTESIAN_POINT ( 'NONE',  ( -16.91516321189742600, 27.24515693177782400, 0.6263270711162025600 ) ) ;
#3879 = ORIENTED_EDGE ( 'NONE', *, *, #6129, .F. ) ;
#3880 = CARTESIAN_POINT ( 'NONE',  ( -16.90761417408990000, 22.87054350098646100, 0.6290407962383843800 ) ) ;
#3881 = CARTESIAN_POINT ( 'NONE',  ( -2.700000000000008200, 0.0000000000000000000, 0.0000000000000000000 ) ) ;
#3882 = CARTESIAN_POINT ( 'NONE',  ( -18.82624812566991700, 24.09554625986629600, -0.9415228162140642000 ) ) ;
#3883 = CIRCLE ( 'NONE', #6229, 18.50000000000000000 ) ;
#3884 = CIRCLE ( 'NONE', #9580, 10.50000000000000000 ) ;
#3885 = EDGE_CURVE ( 'NONE', #4347, #3103, #927, .T. ) ;
#3886 = ORIENTED_EDGE ( 'NONE', *, *, #1313, .F. ) ;
#3887 = CARTESIAN_POINT ( 'NONE',  ( -18.76192322389166700, 26.11065450721355700, 0.9943063197539340200 ) ) ;
#3888 = MECHANICAL_DESIGN_GEOMETRIC_PRESENTATION_REPRESENTATION (  '', ( #2726 ), #4478 ) ;
#3889 = CARTESIAN_POINT ( 'NONE',  ( -18.76276396909842600, 26.46416397758247300, -0.9936583452362175400 ) ) ;
#3890 = FILL_AREA_STYLE ('',( #2095 ) ) ;
#3891 = AXIS2_PLACEMENT_3D ( 'NONE', #225, #6295, #1098 ) ;
#3892 = CARTESIAN_POINT ( 'NONE',  ( -33.00000000000000000, 0.0000000000000000000, 0.0000000000000000000 ) ) ;
#3893 =( NAMED_UNIT ( * ) PLANE_ANGLE_UNIT ( ) SI_UNIT ( $, .RADIAN. ) );
#3894 = CIRCLE ( 'NONE', #1602, 18.59999998953394100 ) ;
#3895 = ORIENTED_EDGE ( 'NONE', *, *, #4647, .F. ) ;
#3896 = ORIENTED_EDGE ( 'NONE', *, *, #1718, .F. ) ;
#3897 = DIRECTION ( 'NONE',  ( -0.0000000000000000000, 1.000000000000000000, -0.0000000000000000000 ) ) ;
#3898 = VERTEX_POINT ( 'NONE', #4247 ) ;
#3899 = SURFACE_STYLE_FILL_AREA ( #3480 ) ;
#3900 = DIRECTION ( 'NONE',  ( 0.0000000000000000000, 1.000000000000000000, 0.0000000000000000000 ) ) ;
#3901 = EDGE_CURVE ( 'NONE', #3854, #8101, #8336, .T. ) ;
#3902 = DIRECTION ( 'NONE',  ( 0.0000000000000000000, 1.000000000000000000, 0.0000000000000000000 ) ) ;
#3903 = DIRECTION ( 'NONE',  ( 0.0000000000000000000, 1.000000000000000000, 0.0000000000000000000 ) ) ;
#3904 = CARTESIAN_POINT ( 'NONE',  ( -9.400000000000005700, 33.31999999999999300, -0.7999999999999999300 ) ) ;
#3905 = STYLED_ITEM ( 'NONE', ( #10682 ), #4379 ) ;
#3906 = CARTESIAN_POINT ( 'NONE',  ( -18.16516597198927100, 24.04832483128506800, -1.249999999999523500 ) ) ;
#3907 = ORIENTED_EDGE ( 'NONE', *, *, #784, .T. ) ;
#3908 = CARTESIAN_POINT ( 'NONE',  ( -16.88915887741790600, 26.17011736312794000, -1.345971598030473400 ) ) ;
#3909 = STYLED_ITEM ( 'NONE', ( #3267 ), #9548 ) ;
#3910 = B_SPLINE_CURVE_WITH_KNOTS ( 'NONE', 3,
 ( #10893, #6897, #10493, #4323, #3992, #10099, #10610, #4838, #3603, #1075, #8358, #7907, #10646, #10690, #10007, #9873, #10844, #4157, #1587, #8027 ),
 .UNSPECIFIED., .F., .F.,
 ( 4, 2, 2, 2, 2, 2, 2, 2, 2, 4 ),
 ( -0.01174563013874764700, -0.01125623122293845300, -0.01101153176503385500, -0.01076683230712926000, -0.01027743339132006600, -0.009788034475510871300, -0.009298635559701676900, -0.008809236643892482500, -0.008319837728083289900, -0.007830438812274095500 ),
 .UNSPECIFIED. ) ;
#3911 = UNCERTAINTY_MEASURE_WITH_UNIT (LENGTH_MEASURE( 1.000000000000000100E-005 ), #11276, 'distance_accuracy_value', 'NONE');
#3912 = VERTEX_POINT ( 'NONE', #5119 ) ;
#3913 = FACE_OUTER_BOUND ( 'NONE', #2813, .T. ) ;
#3914 = FACE_OUTER_BOUND ( 'NONE', #2450, .T. ) ;
#3915 = CARTESIAN_POINT ( 'NONE',  ( -19.09277325155946100, 24.70497785106095300, 0.6285952309325819600 ) ) ;
#3916 = CARTESIAN_POINT ( 'NONE',  ( 0.0000000000000000000, 0.0000000000000000000, 0.0000000000000000000 ) ) ;
#3917 = CARTESIAN_POINT ( 'NONE',  ( -9.300000000000002500, 32.20000000000000300, 0.0000000000000000000 ) ) ;
#3918 = FILL_AREA_STYLE ('',( #2161 ) ) ;
#3919 = ORIENTED_EDGE ( 'NONE', *, *, #3423, .F. ) ;
#3920 = VERTEX_POINT ( 'NONE', #5877 ) ;
#3921 = FILL_AREA_STYLE_COLOUR ( '', #11311 ) ;
#3922 = FILL_AREA_STYLE_COLOUR ( '', #10864 ) ;
#3923 = ADVANCED_FACE ( 'NONE', ( #10700 ), #7257, .F. ) ;
#3924 = CARTESIAN_POINT ( 'NONE',  ( -15.90000000000000400, 28.89999999999999500, -9.099999999999999600 ) ) ;
#3925 =( GEOMETRIC_REPRESENTATION_CONTEXT ( 3 ) GLOBAL_UNCERTAINTY_ASSIGNED_CONTEXT ( ( #4222 ) ) GLOBAL_UNIT_ASSIGNED_CONTEXT ( ( #10051, #4827, #10954 ) ) REPRESENTATION_CONTEXT ( 'NONE', 'WORKASPACE' ) );
#3926 = MECHANICAL_DESIGN_GEOMETRIC_PRESENTATION_REPRESENTATION (  '', ( #2761 ), #4515 ) ;
#3927 = EDGE_CURVE ( 'NONE', #6607, #7034, #2888, .T. ) ;
#3928 = EDGE_LOOP ( 'NONE', ( #6447, #1016, #3187, #2364 ) ) ;
#3929 = VECTOR ( 'NONE', #9700, 1000.000000000000000 ) ;
#3930 = CARTESIAN_POINT ( 'NONE',  ( -18.16512527347116900, 25.92338072469188100, -1.250000000000033500 ) ) ;
#3931 =( NAMED_UNIT ( * ) PLANE_ANGLE_UNIT ( ) SI_UNIT ( $, .RADIAN. ) );
#3932 = DIRECTION ( 'NONE',  ( -1.000000000000000000, -0.0000000000000000000, -0.0000000000000000000 ) ) ;
#3933 = DIRECTION ( 'NONE',  ( -1.000000000000000000, -0.0000000000000000000, -0.0000000000000000000 ) ) ;
#3934 = CARTESIAN_POINT ( 'NONE',  ( -17.17376398531260100, 25.34501501578341000, 0.9415337002747998800 ) ) ;
#3935 = VECTOR ( 'NONE', #10223, 1000.000000000000000 ) ;
#3936 = B_SPLINE_CURVE_WITH_KNOTS ( 'NONE', 3,
 ( #9779, #8894, #2756, #10679, #5441, #230 ),
 .UNSPECIFIED., .F., .F.,
 ( 4, 2, 4 ),
 ( 0.003509273475070912500, 0.004421976356362327900, 0.005334679237653742300 ),
 .UNSPECIFIED. ) ;
#3937 = ADVANCED_FACE ( 'NONE', ( #3981 ), #10842, .F. ) ;
#3938 = PLANE ( 'NONE',  #1293 ) ;
#3939 = PRESENTATION_STYLE_ASSIGNMENT (( #1064 ) ) ;
#3940 = MECHANICAL_DESIGN_GEOMETRIC_PRESENTATION_REPRESENTATION (  '', ( #2176 ), #4528 ) ;
#3941 = VERTEX_POINT ( 'NONE', #5043 ) ;
#3942 = FACE_OUTER_BOUND ( 'NONE', #11172, .T. ) ;
#3943 = EDGE_CURVE ( 'NONE', #593, #7682, #6430, .T. ) ;
#3944 = DIRECTION ( 'NONE',  ( 0.0000000000000000000, 1.000000000000000000, 0.0000000000000000000 ) ) ;
#3945 = CARTESIAN_POINT ( 'NONE',  ( -17.83482825521391000, 28.17267983872139000, 1.250000000001156400 ) ) ;
#3946 = CARTESIAN_POINT ( 'NONE',  ( -18.00000000000000400, 18.89444362769117100, 2.000000000000124300 ) ) ;
#3947 =( NAMED_UNIT ( * ) PLANE_ANGLE_UNIT ( ) SI_UNIT ( $, .RADIAN. ) );
#3948 = SURFACE_STYLE_USAGE ( .BOTH. , #9162 ) ;
#3949 = ADVANCED_FACE ( 'NONE', ( #4106, #8756 ), #6631, .F. ) ;
#3950 = ORIENTED_EDGE ( 'NONE', *, *, #3647, .T. ) ;
#3951 = SURFACE_STYLE_USAGE ( .BOTH. , #9167 ) ;
#3952 = DIRECTION ( 'NONE',  ( 0.0000000000000000000, 0.0000000000000000000, -1.000000000000000000 ) ) ;
#3953 = SURFACE_STYLE_FILL_AREA ( #6369 ) ;
#3954 = DIRECTION ( 'NONE',  ( 0.0000000000000000000, 0.0000000000000000000, -1.000000000000000000 ) ) ;
#3955 = CARTESIAN_POINT ( 'NONE',  ( -3.000000000000002700, 2.081899558550500300E-015, -17.00000000000000000 ) ) ;
#3956 = DIRECTION ( 'NONE',  ( 0.0000000000000000000, 0.0000000000000000000, -1.000000000000000000 ) ) ;
#3957 = AXIS2_PLACEMENT_3D ( 'NONE', #7827, #8677, #907 ) ;
#3958 = ORIENTED_EDGE ( 'NONE', *, *, #5579, .F. ) ;
#3959 = SURFACE_STYLE_FILL_AREA ( #5174 ) ;
#3960 = CARTESIAN_POINT ( 'NONE',  ( -19.27814270535000300, 28.10197644403999800, -0.1334270825220000300 ) ) ;
#3961 =( NAMED_UNIT ( * ) PLANE_ANGLE_UNIT ( ) SI_UNIT ( $, .RADIAN. ) );
#3962 = SURFACE_STYLE_USAGE ( .BOTH. , #9188 ) ;
#3963 = CARTESIAN_POINT ( 'NONE',  ( -17.67286348702192800, 27.30920772974932800, 1.217514113897411300 ) ) ;
#3964 = CARTESIAN_POINT ( 'NONE',  ( -18.00000000000000000, 25.53752767307791100, -1.250000000000001100 ) ) ;
#3965 = ORIENTED_EDGE ( 'NONE', *, *, #9557, .F. ) ;
#3966 = EDGE_CURVE ( 'NONE', #5014, #9767, #9979, .T. ) ;
#3967 = CARTESIAN_POINT ( 'NONE',  ( -17.00045311008503600, 26.23578701162699300, 0.7680606403228640300 ) ) ;
#3968 = LINE ( 'NONE', #6144, #10401 ) ;
#3969 = STYLED_ITEM ( 'NONE', ( #8077 ), #3923 ) ;
#3970 = STYLED_ITEM ( 'NONE', ( #11218 ), #11266 ) ;
#3971 = UNCERTAINTY_MEASURE_WITH_UNIT (LENGTH_MEASURE( 1.000000000000000100E-005 ), #5316, 'distance_accuracy_value', 'NONE');
#3972 = VECTOR ( 'NONE', #4819, 1000.000000000000000 ) ;
#3973 = PRESENTATION_LAYER_ASSIGNMENT (  '', '', ( #2809 ) ) ;
#3974 = DIRECTION ( 'NONE',  ( -1.000000000000000000, -4.618923077045950200E-015, -4.545363655517640800E-012 ) ) ;
#3975 = CARTESIAN_POINT ( 'NONE',  ( -19.25003590244957500, 24.52632027242927700, -0.1626117544588066600 ) ) ;
#3976 = CARTESIAN_POINT ( 'NONE',  ( -16.75010534360446000, 28.27743401804190900, 0.1638263297600761600 ) ) ;
#3977 = CARTESIAN_POINT ( 'NONE',  ( -18.69334169281018600, 28.61561271206475600, 1.039908723890249600 ) ) ;
#3978 =( NAMED_UNIT ( * ) PLANE_ANGLE_UNIT ( ) SI_UNIT ( $, .RADIAN. ) );
#3979 = DIRECTION ( 'NONE',  ( -0.1960574109151697100, -0.8492179453588119000, 0.4902962093528749900 ) ) ;
#3980 = ORIENTED_EDGE ( 'NONE', *, *, #1818, .F. ) ;
#3981 = FACE_OUTER_BOUND ( 'NONE', #10630, .T. ) ;
#3982 =( NAMED_UNIT ( * ) PLANE_ANGLE_UNIT ( ) SI_UNIT ( $, .RADIAN. ) );
#3983 = FACE_OUTER_BOUND ( 'NONE', #10745, .T. ) ;
#3984 = B_SPLINE_CURVE_WITH_KNOTS ( 'NONE', 3,
 ( #9101, #396, #4764, #10889, #5624, #433, #6499, #1294, #7388, #2158, #8254, #3030, #9134, #3915, #10017, #4795, #10923, #5666, #469, #6534 ),
 .UNSPECIFIED., .F., .F.,
 ( 4, 2, 2, 2, 2, 2, 2, 2, 2, 4 ),
 ( -0.02740622349384215900, -0.02691683330216881900, -0.02667213820633214400, -0.02642744311049546900, -0.02593805291882211900, -0.02544866272714876900, -0.02495927253547541900, -0.02446988234380206900, -0.02398049215212871800, -0.02349110196045536800 ),
 .UNSPECIFIED. ) ;
#3985 = COLOUR_RGB ( '',0.7921568627450980000, 0.8196078431372548800, 0.9333333333333333500 ) ;
#3986 = DIRECTION ( 'NONE',  ( 1.000000000000000000, 0.0000000000000000000, 0.0000000000000000000 ) ) ;
#3987 = CARTESIAN_POINT ( 'NONE',  ( -16.85424038448777400, 26.44691718457213600, -0.5200245574759482200 ) ) ;
#3988 = APPLICATION_CONTEXT ( 'automotive_design' ) ;
#3989 = PRESENTATION_LAYER_ASSIGNMENT (  '', '', ( #2822 ) ) ;
#3990 = DIRECTION ( 'NONE',  ( 1.000000000000000000, -0.0000000000000000000, -0.0000000000000000000 ) ) ;
#3991 = ORIENTED_EDGE ( 'NONE', *, *, #9347, .F. ) ;
#3992 = CARTESIAN_POINT ( 'NONE',  ( -18.62600948273906800, 25.57987483591783800, -1.085027154451875300 ) ) ;
#3993 =( LENGTH_UNIT ( ) NAMED_UNIT ( * ) SI_UNIT ( .MILLI., .METRE. ) );
#3994 = CARTESIAN_POINT ( 'NONE',  ( -18.00000000000000400, 28.41093935102359700, -1.250000000000000000 ) ) ;
#3995 = FACE_OUTER_BOUND ( 'NONE', #1409, .T. ) ;
#3996 = ORIENTED_EDGE ( 'NONE', *, *, #5376, .F. ) ;
#3997 = VERTEX_POINT ( 'NONE', #9362 ) ;
#3998 = CARTESIAN_POINT ( 'NONE',  ( -17.18385080063999800, 27.29001747380000600, 0.9925381986996999500 ) ) ;
#3999 = FILL_AREA_STYLE_COLOUR ( '', #3152 ) ;
#4000 =( LENGTH_UNIT ( ) NAMED_UNIT ( * ) SI_UNIT ( .MILLI., .METRE. ) );
#4001 = CARTESIAN_POINT ( 'NONE',  ( -17.23192648894270100, 27.48586361924073200, -0.9998658679557961300 ) ) ;
#4002 = MECHANICAL_DESIGN_GEOMETRIC_PRESENTATION_REPRESENTATION (  '', ( #2835 ), #4592 ) ;
#4003 = EDGE_CURVE ( 'NONE', #8045, #10320, #3015, .T. ) ;
#4004 = ORIENTED_EDGE ( 'NONE', *, *, #7844, .F. ) ;
#4005 = DIRECTION ( 'NONE',  ( 0.0000000000000000000, 0.0000000000000000000, 1.000000000000000000 ) ) ;
#4006 = CARTESIAN_POINT ( 'NONE',  ( -16.72090645466000300, 25.86788815314000100, -0.1230914674928999900 ) ) ;
#4007 = DIRECTION ( 'NONE',  ( 4.544975507059182900E-012, 0.0000000000000000000, -1.000000000000000000 ) ) ;
#4008 = ORIENTED_EDGE ( 'NONE', *, *, #10721, .T. ) ;
#4009 = CARTESIAN_POINT ( 'NONE',  ( -1.500000000000001300, 2.106392494807740600E-015, -17.20000000223977600 ) ) ;
#4010 = CARTESIAN_POINT ( 'NONE',  ( -18.00000000000000400, 28.69999240993016800, 0.0000000000000000000 ) ) ;
#4011 = ORIENTED_EDGE ( 'NONE', *, *, #10122, .T. ) ;
#4012 = FILL_AREA_STYLE_COLOUR ( '', #5840 ) ;
#4014 = VERTEX_POINT ( 'NONE', #9286 ) ;
#4013 = CARTESIAN_POINT ( 'NONE',  ( -1.500000000000000000, 16.30043030675197700, -32.60086061350394000 ) ) ;
#4015 = CARTESIAN_POINT ( 'NONE',  ( -16.77345017364847400, 24.39749462287592500, 0.2402314324731722700 ) ) ;
#4016 =( GEOMETRIC_REPRESENTATION_CONTEXT ( 3 ) GLOBAL_UNCERTAINTY_ASSIGNED_CONTEXT ( ( #855 ) ) GLOBAL_UNIT_ASSIGNED_CONTEXT ( ( #10314, #5108, #11232 ) ) REPRESENTATION_CONTEXT ( 'NONE', 'WORKASPACE' ) );
#4017 = COLOUR_RGB ( '',1.000000000000000000, 1.000000000000000000, 0.9490196078431372100 ) ;
#4018 = CARTESIAN_POINT ( 'NONE',  ( -19.76726386375000300, 24.32110575832999900, 0.5306692937900000500 ) ) ;
#4019 = MECHANICAL_DESIGN_GEOMETRIC_PRESENTATION_REPRESENTATION (  '', ( #2857 ), #4615 ) ;
#4020 = PRESENTATION_STYLE_ASSIGNMENT (( #1594 ) ) ;
#4021 = ORIENTED_EDGE ( 'NONE', *, *, #2179, .T. ) ;
#4022 = CARTESIAN_POINT ( 'NONE',  ( -32.00000000000000000, 20.08095189484500100, 15.00000000000000000 ) ) ;
#4023 = DIRECTION ( 'NONE',  ( -1.000000000000000000, -0.0000000000000000000, -0.0000000000000000000 ) ) ;
#4024 = SURFACE_SIDE_STYLE ('',( #7558 ) ) ;
#4025 = FILL_AREA_STYLE_COLOUR ( '', #660 ) ;
#4026 = VERTEX_POINT ( 'NONE', #577 ) ;
#4027 = CARTESIAN_POINT ( 'NONE',  ( -16.83276231320000300, 24.50103047354000200, 0.9369428493155002000 ) ) ;
#4028 = ADVANCED_FACE ( 'NONE', ( #7665 ), #2287, .T. ) ;
#4029 =( NAMED_UNIT ( * ) PLANE_ANGLE_UNIT ( ) SI_UNIT ( $, .RADIAN. ) );
#4030 = ORIENTED_EDGE ( 'NONE', *, *, #7942, .T. ) ;
#4031 = EDGE_CURVE ( 'NONE', #2045, #11153, #11247, .T. ) ;
#4032 = CARTESIAN_POINT ( 'NONE',  ( -17.88396603616999800, 26.47805850356000300, -1.279753001093999900 ) ) ;
#4033 = MECHANICAL_DESIGN_GEOMETRIC_PRESENTATION_REPRESENTATION (  '', ( #2873 ), #4632 ) ;
#4034 = FILL_AREA_STYLE_COLOUR ( '', #6306 ) ;
#4035 = VERTEX_POINT ( 'NONE', #5737 ) ;
#4036 =( LENGTH_UNIT ( ) NAMED_UNIT ( * ) SI_UNIT ( .MILLI., .METRE. ) );
#4037 = MECHANICAL_DESIGN_GEOMETRIC_PRESENTATION_REPRESENTATION (  '', ( #2874 ), #4633 ) ;
#4038 = SURFACE_SIDE_STYLE ('',( #8655 ) ) ;
#4039 = CARTESIAN_POINT ( 'NONE',  ( -19.21712968900882500, 28.01626031784226700, -0.3283858053589412400 ) ) ;
#4040 = CARTESIAN_POINT ( 'NONE',  ( -16.95507739073000400, 25.12561429680999900, -1.287902259118999700 ) ) ;
#4041 = SURFACE_STYLE_FILL_AREA ( #1241 ) ;
#4042 = CARTESIAN_POINT ( 'NONE',  ( -17.36909293812365400, 23.70396188895323100, 1.091610243375251000 ) ) ;
#4043 = ADVANCED_FACE ( 'NONE', ( #6552 ), #3425, .T. ) ;
#4044 = CARTESIAN_POINT ( 'NONE',  ( -17.83486450478259400, 27.67269759890751500, 1.249999999999999100 ) ) ;
#4045 = COLOUR_RGB ( '',0.0000000000000000000, 0.0000000000000000000, 0.0000000000000000000 ) ;
#4046 = EDGE_LOOP ( 'NONE', ( #10770, #10655, #6590, #4432 ) ) ;
#4047 = ORIENTED_EDGE ( 'NONE', *, *, #4354, .F. ) ;
#4048 = CARTESIAN_POINT ( 'NONE',  ( -16.96769699005489000, 22.60048459800638900, -1.040494559784675800 ) ) ;
#4049 = FILL_AREA_STYLE ('',( #1396 ) ) ;
#4050 = UNCERTAINTY_MEASURE_WITH_UNIT (LENGTH_MEASURE( 1.000000000000000100E-005 ), #8895, 'distance_accuracy_value', 'NONE');
#4051 = FILL_AREA_STYLE_COLOUR ( '', #1676 ) ;
#4052 = EDGE_CURVE ( 'NONE', #2917, #5803, #5753, .T. ) ;
#4053 = CARTESIAN_POINT ( 'NONE',  ( -17.99999999999627000, 23.78809985787781800, 1.250000000000000000 ) ) ;
#4054 = PRESENTATION_LAYER_ASSIGNMENT (  '', '', ( #3471 ) ) ;
#4055 = FILL_AREA_STYLE ('',( #7526 ) ) ;
#4056 = DIRECTION ( 'NONE',  ( -0.0000000000000000000, -0.0000000000000000000, -1.000000000000000000 ) ) ;
#4057 = AXIS2_PLACEMENT_3D ( 'NONE', #1890, #7972, #2755 ) ;
#4058 = FACE_OUTER_BOUND ( 'NONE', #2497, .T. ) ;
#4059 = VERTEX_POINT ( 'NONE', #2144 ) ;
#4060 = B_SPLINE_CURVE_WITH_KNOTS ( 'NONE', 3,
 ( #3791, #9885, #4662, #10802, #5540, #336, #6408, #1213, #7295, #2060, #8159, #2946, #9045, #3827, #9922, #4700, #10838, #5575 ),
 .UNSPECIFIED., .F., .F.,
 ( 4, 2, 2, 2, 2, 2, 2, 2, 4 ),
 ( -0.02691958157011240000, -0.02649158469235927300, -0.02606358781460614600, -0.02563559093685301500, -0.02520759405909988800, -0.02477959718134676100, -0.02435160030359363000, -0.02392360342584050300, -0.02349560654808737600 ),
 .UNSPECIFIED. ) ;
#4061 = CARTESIAN_POINT ( 'NONE',  ( -16.36921274238000000, 23.50914678809000000, 0.8633448417072999700 ) ) ;
#4062 = ADVANCED_FACE ( 'NONE', ( #10116 ), #5936, .F. ) ;
#4063 =( NAMED_UNIT ( * ) SI_UNIT ( $, .STERADIAN. ) SOLID_ANGLE_UNIT ( ) );
#4064 = CARTESIAN_POINT ( 'NONE',  ( -0.3040217494789085300, -15.11695286011187600, -1.851292793299744100E-015 ) ) ;
#4065 = DIRECTION ( 'NONE',  ( 0.0000000000000000000, 1.000000000000000000, 0.0000000000000000000 ) ) ;
#4066 = CARTESIAN_POINT ( 'NONE',  ( -19.17757946726000600, 26.36781890226000200, 1.420771470293000100 ) ) ;
#4067 = DIRECTION ( 'NONE',  ( -1.000000000000000000, -0.0000000000000000000, -0.0000000000000000000 ) ) ;
#4068 = PRESENTATION_STYLE_ASSIGNMENT (( #4742 ) ) ;
#4069 = CARTESIAN_POINT ( 'NONE',  ( -19.83635949114000500, 25.90995744168000000, 0.1805968224488999900 ) ) ;
#4070 = VERTEX_POINT ( 'NONE', #7578 ) ;
#4071 = VECTOR ( 'NONE', #10912, 1000.000000000000000 ) ;
#4072 = CARTESIAN_POINT ( 'NONE',  ( -1.444020278706815300, -15.46179454901448100, 30.92358909802894500 ) ) ;
#4073 = AXIS2_PLACEMENT_3D ( 'NONE', #9645, #4393, #7900 ) ;
#4074 = LINE ( 'NONE', #2117, #10806 ) ;
#4075 =( GEOMETRIC_REPRESENTATION_CONTEXT ( 3 ) GLOBAL_UNCERTAINTY_ASSIGNED_CONTEXT ( ( #5324 ) ) GLOBAL_UNIT_ASSIGNED_CONTEXT ( ( #8403, #3169, #9290 ) ) REPRESENTATION_CONTEXT ( 'NONE', 'WORKASPACE' ) );
#4076 = EDGE_CURVE ( 'NONE', #3920, #620, #313, .T. ) ;
#4077 = CARTESIAN_POINT ( 'NONE',  ( -16.53589705834000200, 27.94944385402000400, 0.1497441137361999700 ) ) ;
#4078 = CARTESIAN_POINT ( 'NONE',  ( -32.00000000000000000, 20.08095189484500100, -14.99999999999999600 ) ) ;
#4079 = CARTESIAN_POINT ( 'NONE',  ( -16.86685188224000600, 23.82117500922000300, 0.6059760056032000900 ) ) ;
#4080 = CARTESIAN_POINT ( 'NONE',  ( -18.00000000000445500, 22.53816584453016600, -1.250000000000000000 ) ) ;
#4081 = CARTESIAN_POINT ( 'NONE',  ( -18.00000000000000000, 22.91186035534262900, -1.249999999999999800 ) ) ;
#4082 = ORIENTED_EDGE ( 'NONE', *, *, #1385, .T. ) ;
#4083 = CARTESIAN_POINT ( 'NONE',  ( -17.36889431815086500, 23.87109410663057600, -1.091537537721059000 ) ) ;
#4084 = FACE_OUTER_BOUND ( 'NONE', #4180, .T. ) ;
#4085 = CARTESIAN_POINT ( 'NONE',  ( -16.78286387770949900, 27.76627608340720600, 0.3280107079619989900 ) ) ;
#4086 = STYLED_ITEM ( 'NONE', ( #3802 ), #8168 ) ;
#4087 = SURFACE_SIDE_STYLE ('',( #8489 ) ) ;
#4088 = FACE_OUTER_BOUND ( 'NONE', #11121, .T. ) ;
#4089 = EDGE_CURVE ( 'NONE', #4218, #5297, #8061, .T. ) ;
#4090 = EDGE_LOOP ( 'NONE', ( #2858, #10165, #5546, #1495 ) ) ;
#4091 = CARTESIAN_POINT ( 'NONE',  ( -9.400000000000005700, 33.31999999999999300, 0.8000000000000001600 ) ) ;
#4092 = CARTESIAN_POINT ( 'NONE',  ( -27.89573601964000500, 22.60426398036000600, -2.000000000000000000 ) ) ;
#4093 = CARTESIAN_POINT ( 'NONE',  ( -17.51939286258878100, 26.69357237945353100, 1.153755711714606700 ) ) ;
#4094 = CARTESIAN_POINT ( 'NONE',  ( -18.32724576206582200, 23.55801699345424200, -1.217478823647458700 ) ) ;
#4095 = CARTESIAN_POINT ( 'NONE',  ( -3.000000000000002700, 12.84523257903024500, -13.99999999966499900 ) ) ;
#4096 = CARTESIAN_POINT ( 'NONE',  ( -4.000000000000003600, 11.66190378969041300, -15.00000000000007300 ) ) ;
#4097 = CARTESIAN_POINT ( 'NONE',  ( -18.55467861680000400, 22.69718781785000400, -1.760004717205000000 ) ) ;
#4098 = SURFACE_STYLE_FILL_AREA ( #4523 ) ;
#4099 = ORIENTED_EDGE ( 'NONE', *, *, #5196, .T. ) ;
#4100 = CARTESIAN_POINT ( 'NONE',  ( -18.55423982415281600, 27.57443473762278800, -1.123402407140516400 ) ) ;
#4101 = EDGE_CURVE ( 'NONE', #8120, #8910, #4656, .T. ) ;
#4102 = CARTESIAN_POINT ( 'NONE',  ( -16.16402232248999800, 25.55585993200999400, -0.1844379651673999900 ) ) ;
#4103 = CARTESIAN_POINT ( 'NONE',  ( -16.56586948812000100, 25.09799847144000400, 1.161077546708000300 ) ) ;
#4104 = AXIS2_PLACEMENT_3D ( 'NONE', #10113, #4896, #11015 ) ;
#4105 = ORIENTED_EDGE ( 'NONE', *, *, #988, .F. ) ;
#4106 = FACE_OUTER_BOUND ( 'NONE', #9183, .T. ) ;
#4107 = COLOUR_RGB ( '',0.0000000000000000000, 0.0000000000000000000, 0.0000000000000000000 ) ;
#4108 = CARTESIAN_POINT ( 'NONE',  ( -18.93712933243000400, 27.13748488377999700, -1.134817529442000400 ) ) ;
#4109 =( NAMED_UNIT ( * ) SI_UNIT ( $, .STERADIAN. ) SOLID_ANGLE_UNIT ( ) );
#4110 = UNCERTAINTY_MEASURE_WITH_UNIT (LENGTH_MEASURE( 1.000000000000000100E-005 ), #7154, 'distance_accuracy_value', 'NONE');
#4111 = CARTESIAN_POINT ( 'NONE',  ( -18.38111906859000300, 23.00921603897000300, -1.227183707886000000 ) ) ;
#4112 = SURFACE_STYLE_FILL_AREA ( #7344 ) ;
#4113 = DIRECTION ( 'NONE',  ( -0.0000000000000000000, -0.0000000000000000000, -1.000000000000000000 ) ) ;
#4114 = CARTESIAN_POINT ( 'NONE',  ( -18.00000000000000400, 28.90000000000000200, 0.0000000000000000000 ) ) ;
#4115 = CARTESIAN_POINT ( 'NONE',  ( -28.00000000000000700, 22.50000000000000400, -12.00000000000000200 ) ) ;
#4116 = EDGE_CURVE ( 'NONE', #6226, #11307, #8776, .T. ) ;
#4117 = CARTESIAN_POINT ( 'NONE',  ( -50.00000000000000000, 2.265596578422603400E-015, -18.50000000000000000 ) ) ;
#4118 = ORIENTED_EDGE ( 'NONE', *, *, #6666, .F. ) ;
#4119 = FILL_AREA_STYLE ('',( #10390 ) ) ;
#4120 = PLANE ( 'NONE',  #6443 ) ;
#4121 = ORIENTED_EDGE ( 'NONE', *, *, #10551, .F. ) ;
#4122 = FILL_AREA_STYLE ('',( #8486 ) ) ;
#4123 = CARTESIAN_POINT ( 'NONE',  ( -18.76803923625144000, 23.73576248351981700, 0.9999001729264027600 ) ) ;
#4124 = DIRECTION ( 'NONE',  ( 0.0000000000000000000, 1.000000000000000000, 0.0000000000000000000 ) ) ;
#4125 = ORIENTED_EDGE ( 'NONE', *, *, #6416, .T. ) ;
#4126 = DIRECTION ( 'NONE',  ( 0.0000000000000000000, 1.000000000000000000, 0.0000000000000000000 ) ) ;
#4127 =( BOUNDED_SURFACE ( )  B_SPLINE_SURFACE ( 3, 3, ( 
 ( #9697, #1878, #7957, #2749 ),
 ( #8844, #3622, #9732, #4500 ),
 ( #10624, #5394, #177, #6250 ),
 ( #1055, #7127, #1916, #8003 ) ),
 .UNSPECIFIED., .F., .F., .F. ) 
 B_SPLINE_SURFACE_WITH_KNOTS ( ( 4, 4 ),
 ( 4, 4 ),
 ( 0.1181418218010799900, 0.8818581782008380100 ),
 ( 0.0000000000000000000, 1.000000000000000000 ),
 .UNSPECIFIED. ) 
 GEOMETRIC_REPRESENTATION_ITEM ( )  RATIONAL_B_SPLINE_SURFACE ( (
 ( 0.9052762928607275300, 0.7285101013068056000, 0.7285101013068056000, 0.9052762928607275300),
 ( 0.7285101013059330800, 0.5862596556331851600, 0.5862596556331851600, 0.7285101013059330800),
 ( 0.7285101013063772800, 0.5862596556335425400, 0.5862596556335425400, 0.7285101013063772800),
 ( 0.9052762928620594600, 0.7285101013078775200, 0.7285101013078775200, 0.9052762928620594600) ) ) 
 REPRESENTATION_ITEM ( '' )  SURFACE ( )  );
#4128 = FACE_OUTER_BOUND ( 'NONE', #371, .T. ) ;
#4129 = CARTESIAN_POINT ( 'NONE',  ( -16.41258463066000300, 24.16857316830999400, -0.4802790056510999300 ) ) ;
#4130 = COLOUR_RGB ( '',0.0000000000000000000, 0.0000000000000000000, 0.0000000000000000000 ) ;
#4131 = CARTESIAN_POINT ( 'NONE',  ( -7.303266511973308000, 15.75437383123284900, -9.699070436660992600 ) ) ;
#4132 = VECTOR ( 'NONE', #4065, 1000.000000000000000 ) ;
#4133 = STYLED_ITEM ( 'NONE', ( #2281 ), #5929 ) ;
#4134 =( NAMED_UNIT ( * ) SI_UNIT ( $, .STERADIAN. ) SOLID_ANGLE_UNIT ( ) );
#4135 = ORIENTED_EDGE ( 'NONE', *, *, #1833, .F. ) ;
#4136 = PRESENTATION_LAYER_ASSIGNMENT (  '', '', ( #3559 ) ) ;
#4137 = CARTESIAN_POINT ( 'NONE',  ( -18.63051892824284600, 27.74664149412630800, 1.091729743869027900 ) ) ;
#4138 = EDGE_CURVE ( 'NONE', #10193, #5389, #5701, .T. ) ;
#4139 = EDGE_LOOP ( 'NONE', ( #8690, #5454, #1907, #3485 ) ) ;
#4140 = VECTOR ( 'NONE', #1264, 1000.000000000000000 ) ;
#4141 = CARTESIAN_POINT ( 'NONE',  ( -19.43655071589000400, 24.74390096177000200, -1.158081821017000300 ) ) ;
#4142 =( NAMED_UNIT ( * ) SI_UNIT ( $, .STERADIAN. ) SOLID_ANGLE_UNIT ( ) );
#4143 = CARTESIAN_POINT ( 'NONE',  ( -17.83674425904147000, 23.17252506638147500, 1.249999999999954900 ) ) ;
#4144 = DIRECTION ( 'NONE',  ( -0.0000000000000000000, -1.000000000000000000, -0.0000000000000000000 ) ) ;
#4145 = CARTESIAN_POINT ( 'NONE',  ( -19.09207889061356100, 23.49616961453571000, -0.6300397450679171600 ) ) ;
#4146 = VERTEX_POINT ( 'NONE', #122 ) ;
#4147 = CARTESIAN_POINT ( 'NONE',  ( -17.77101902748000500, 26.34634537431000800, 1.353710320903000100 ) ) ;
#4148 = CARTESIAN_POINT ( 'NONE',  ( -16.62784081316000200, 24.45978192866000000, -0.04629346249965998700 ) ) ;
#4149 = CARTESIAN_POINT ( 'NONE',  ( -0.8529462969710035500, 2.106392494807740600E-015, -17.20000000223977600 ) ) ;
#4150 = AXIS2_PLACEMENT_3D ( 'NONE', #3789, #9883, #4659 ) ;
#4151 = VECTOR ( 'NONE', #4314, 1000.000000000000000 ) ;
#4152 = SURFACE_STYLE_USAGE ( .BOTH. , #9396 ) ;
#4153 = EDGE_CURVE ( 'NONE', #3174, #9266, #9297, .T. ) ;
#4154 = VECTOR ( 'NONE', #693, 1000.000000000000000 ) ;
#4155 = CARTESIAN_POINT ( 'NONE',  ( -16.90761458640658400, 23.37054643167054400, 0.6290413861999020200 ) ) ;
#4156 = VERTEX_POINT ( 'NONE', #4345 ) ;
#4157 = CARTESIAN_POINT ( 'NONE',  ( -18.32741644030618000, 25.76752916635974700, 1.217462257227365000 ) ) ;
#4158 = SURFACE_SIDE_STYLE ('',( #9024 ) ) ;
#4159 = DIRECTION ( 'NONE',  ( 0.0000000000000000000, 0.0000000000000000000, 1.000000000000000000 ) ) ;
#4160 = CARTESIAN_POINT ( 'NONE',  ( -1.500000000000001300, 16.30043030675197700, 0.0000000000000000000 ) ) ;
#4161 = CARTESIAN_POINT ( 'NONE',  ( -17.00078095071683000, 25.83922957698953500, -0.7685402750892821300 ) ) ;
#4162 =( NAMED_UNIT ( * ) SI_UNIT ( $, .STERADIAN. ) SOLID_ANGLE_UNIT ( ) );
#4163 = ORIENTED_EDGE ( 'NONE', *, *, #8771, .T. ) ;
#4164 = ORIENTED_EDGE ( 'NONE', *, *, #1538, .T. ) ;
#4165 = DIRECTION ( 'NONE',  ( 0.7071067811865434600, 8.659560562354983400E-017, 0.7071067811865516800 ) ) ;
#4166 = CARTESIAN_POINT ( 'NONE',  ( -50.00000000000000000, 1.163414459189985500E-015, -9.500000000000000000 ) ) ;
#4167 = ORIENTED_EDGE ( 'NONE', *, *, #10740, .F. ) ;
#4168 = CARTESIAN_POINT ( 'NONE',  ( -19.46736941884000400, 23.35661419806999500, -0.7729052111778000900 ) ) ;
#4169 =( GEOMETRIC_REPRESENTATION_CONTEXT ( 3 ) GLOBAL_UNCERTAINTY_ASSIGNED_CONTEXT ( ( #4486 ) ) GLOBAL_UNIT_ASSIGNED_CONTEXT ( ( #9947, #4729, #10857 ) ) REPRESENTATION_CONTEXT ( 'NONE', 'WORKASPACE' ) );
#4170 = PRESENTATION_STYLE_ASSIGNMENT (( #7474 ) ) ;
#4171 = CARTESIAN_POINT ( 'NONE',  ( -11.96132284391147100, 16.80421036484028400, -7.740544408974764100 ) ) ;
#4172 = DIRECTION ( 'NONE',  ( 0.0000000000000000000, 0.0000000000000000000, -1.000000000000000000 ) ) ;
#4173 = CARTESIAN_POINT ( 'NONE',  ( -18.08163842039223500, 27.41756304580573900, -1.249999999999999600 ) ) ;
#4174 = ORIENTED_EDGE ( 'NONE', *, *, #3205, .F. ) ;
#4175 = CARTESIAN_POINT ( 'NONE',  ( -16.94433764602000600, 26.21528631222999900, -1.279113202312999900 ) ) ;
#4176 = CARTESIAN_POINT ( 'NONE',  ( -7.589415207398531000E-016, 15.94956969548781000, 0.0000000000000000000 ) ) ;
#4177 = SURFACE_STYLE_FILL_AREA ( #797 ) ;
#4178 = CARTESIAN_POINT ( 'NONE',  ( -16.78269356472462400, 23.26635100129083600, 0.3277677156323385300 ) ) ;
#4179 = DIRECTION ( 'NONE',  ( 0.0000000000000000000, 1.000000000000000000, 0.0000000000000000000 ) ) ;
#4180 = EDGE_LOOP ( 'NONE', ( #5132, #4461, #3151, #7559 ) ) ;
#4181 = VECTOR ( 'NONE', #8405, 1000.000000000000000 ) ;
#4182 = CARTESIAN_POINT ( 'NONE',  ( -17.99999999999998900, 23.66191303871152100, 1.250000000000000200 ) ) ;
#4183 = EDGE_CURVE ( 'NONE', #4242, #7055, #9016, .T. ) ;
#4184 = ORIENTED_EDGE ( 'NONE', *, *, #1313, .T. ) ;
#4185 = AXIS2_PLACEMENT_3D ( 'NONE', #2661, #10542, #3538 ) ;
#4186 = VERTEX_POINT ( 'NONE', #5611 ) ;
#4187 = CARTESIAN_POINT ( 'NONE',  ( -19.65022238854000100, 27.79691126398999800, -0.1652923372489000000 ) ) ;
#4188 =( GEOMETRIC_REPRESENTATION_CONTEXT ( 3 ) GLOBAL_UNCERTAINTY_ASSIGNED_CONTEXT ( ( #6014 ) ) GLOBAL_UNIT_ASSIGNED_CONTEXT ( ( #888, #6968, #1766 ) ) REPRESENTATION_CONTEXT ( 'NONE', 'WORKASPACE' ) );
#4189 = CARTESIAN_POINT ( 'NONE',  ( -16.78222311198072300, 25.26591130773475400, 0.3260594040194885700 ) ) ;
#4190 = CARTESIAN_POINT ( 'NONE',  ( -19.29926807767000000, 23.66864241919000400, -0.6913209625029002000 ) ) ;
#4191 = MECHANICAL_DESIGN_GEOMETRIC_PRESENTATION_REPRESENTATION (  '', ( #3019 ), #4783 ) ;
#4192 = SURFACE_STYLE_USAGE ( .BOTH. , #9434 ) ;
#4193 = CARTESIAN_POINT ( 'NONE',  ( -3.000000000000002700, 1.457329690985349800E-015, -11.89999999999999500 ) ) ;
#4194 = DIRECTION ( 'NONE',  ( 0.0000000000000000000, 0.0000000000000000000, -1.000000000000000000 ) ) ;
#4195 = DIRECTION ( 'NONE',  ( 0.0000000000000000000, 1.000000000000000000, 0.0000000000000000000 ) ) ;
#4196 = VERTEX_POINT ( 'NONE', #3822 ) ;
#4197 = DIRECTION ( 'NONE',  ( 0.0000000000000000000, 1.000000000000000000, 0.0000000000000000000 ) ) ;
#4198 = SURFACE_STYLE_USAGE ( .BOTH. , #9441 ) ;
#4199 = DIRECTION ( 'NONE',  ( 0.0000000000000000000, 0.0000000000000000000, 1.000000000000000000 ) ) ;
#4200 = CARTESIAN_POINT ( 'NONE',  ( -9.350000000000005000, 32.75999999999999100, 0.5000000000000000000 ) ) ;
#4201 = SURFACE_STYLE_USAGE ( .BOTH. , #9445 ) ;
#4202 = PRESENTATION_LAYER_ASSIGNMENT (  '', '', ( #3627 ) ) ;
#4203 = CARTESIAN_POINT ( 'NONE',  ( -19.21705556611996000, 24.14202917080369200, -0.3282902290449443700 ) ) ;
#4204 = CARTESIAN_POINT ( 'NONE',  ( -3.000000000000002700, 2.045160154576080600E-015, 16.70000000000000600 ) ) ;
#4205 = DIRECTION ( 'NONE',  ( 0.0000000000000000000, 0.0000000000000000000, -1.000000000000000000 ) ) ;
#4206 =( GEOMETRIC_REPRESENTATION_CONTEXT ( 3 ) GLOBAL_UNCERTAINTY_ASSIGNED_CONTEXT ( ( #2582 ) ) GLOBAL_UNIT_ASSIGNED_CONTEXT ( ( #4036, #10154, #4934 ) ) REPRESENTATION_CONTEXT ( 'NONE', 'WORKASPACE' ) );
#4207 = CARTESIAN_POINT ( 'NONE',  ( -16.72708070551000100, 24.76554116619999800, -0.3793210494151000900 ) ) ;
#4208 = EDGE_LOOP ( 'NONE', ( #4678, #9042, #6438, #8211 ) ) ;
#4209 = CIRCLE ( 'NONE', #508, 19.00000000000000000 ) ;
#4210 = CARTESIAN_POINT ( 'NONE',  ( -9.300000000000002500, 33.37999999999999500, -0.02999999999999999900 ) ) ;
#4211 = CARTESIAN_POINT ( 'NONE',  ( -19.09248347798598600, 27.57878274587119800, 0.6288812281183234800 ) ) ;
#4212 = CARTESIAN_POINT ( 'NONE',  ( -19.64982381569000600, 25.40332734199000000, 0.1692242771866000500 ) ) ;
#4213 = FILL_AREA_STYLE ('',( #1607 ) ) ;
#4214 = CARTESIAN_POINT ( 'NONE',  ( -17.11973399852039500, 22.85021841021688300, -0.8872750612916876500 ) ) ;
#4215 =( NAMED_UNIT ( * ) PLANE_ANGLE_UNIT ( ) SI_UNIT ( $, .RADIAN. ) );
#4216 = CARTESIAN_POINT ( 'NONE',  ( -18.00000000000000400, 16.73320053068117400, -9.000000000000628800 ) ) ;
#4217 = STYLED_ITEM ( 'NONE', ( #10119 ), #7363 ) ;
#4218 = VERTEX_POINT ( 'NONE', #1778 ) ;
#4219 = ORIENTED_EDGE ( 'NONE', *, *, #8825, .T. ) ;
#4220 = COLOUR_RGB ( '',0.9803921568627450600, 0.6274509803921568500, 0.0000000000000000000 ) ;
#4221 = EDGE_CURVE ( 'NONE', #6239, #5413, #11102, .T. ) ;
#4222 = UNCERTAINTY_MEASURE_WITH_UNIT (LENGTH_MEASURE( 1.000000000000000100E-005 ), #10051, 'distance_accuracy_value', 'NONE');
#4223 = CARTESIAN_POINT ( 'NONE',  ( -16.94129221720000400, 26.98495229374999800, 1.276594408467999900 ) ) ;
#4224 = FILL_AREA_STYLE ('',( #3354 ) ) ;
#4225 = CARTESIAN_POINT ( 'NONE',  ( -17.56055694900000200, 22.85668344895000100, 1.404603334865000000 ) ) ;
#4226 = CARTESIAN_POINT ( 'NONE',  ( -16.96885816879399300, 28.72357989458840100, 0.7619866520421082500 ) ) ;
#4227 = ORIENTED_EDGE ( 'NONE', *, *, #446, .F. ) ;
#4228 = CARTESIAN_POINT ( 'NONE',  ( -18.76191749466132200, 27.08939787812932600, -0.9943107316343008400 ) ) ;
#4229 = CARTESIAN_POINT ( 'NONE',  ( -17.90256947263710100, 28.66894812845953000, 1.250000000000103000 ) ) ;
#4230 = AXIS2_PLACEMENT_3D ( 'NONE', #8363, #9249, #2294 ) ;
#4231 = MECHANICAL_DESIGN_GEOMETRIC_PRESENTATION_REPRESENTATION (  '', ( #3062 ), #4832 ) ;
#4232 = CARTESIAN_POINT ( 'NONE',  ( -28.00000000000000400, 22.50000000000000000, 0.0000000000000000000 ) ) ;
#4233 = FILL_AREA_STYLE ('',( #7719 ) ) ;
#4234 =( LENGTH_UNIT ( ) NAMED_UNIT ( * ) SI_UNIT ( .MILLI., .METRE. ) );
#4235 = CARTESIAN_POINT ( 'NONE',  ( -17.67440193139833600, 22.51721050309631500, -1.217796403322275700 ) ) ;
#4236 = ORIENTED_EDGE ( 'NONE', *, *, #7742, .F. ) ;
#4237 = PRESENTATION_STYLE_ASSIGNMENT (( #1512 ) ) ;
#4238 = CARTESIAN_POINT ( 'NONE',  ( -3.623430035862268600, 29.00000000000000000, 14.33074197974350700 ) ) ;
#4239 = PLANE ( 'NONE',  #8383 ) ;
#4240 = CARTESIAN_POINT ( 'NONE',  ( -19.40778363808000500, 24.01604057829000300, 0.4291473395923002300 ) ) ;
#4241 = CARTESIAN_POINT ( 'NONE',  ( -18.00000000000000400, 34.89999999999999900, -8.600000000000001400 ) ) ;
#4242 = VERTEX_POINT ( 'NONE', #10432 ) ;
#4243 = EDGE_CURVE ( 'NONE', #3103, #6778, #4383, .T. ) ;
#4244 = CARTESIAN_POINT ( 'NONE',  ( -16.58763458393999800, 24.61218783252000000, 0.6315642193618002900 ) ) ;
#4245 = STYLED_ITEM ( 'NONE', ( #8104 ), #2836 ) ;
#4246 = AXIS2_PLACEMENT_3D ( 'NONE', #1133, #7216, #1994 ) ;
#4247 = CARTESIAN_POINT ( 'NONE',  ( -33.00000000000000000, 22.50000000000000400, 9.000000000000001800 ) ) ;
#4248 = UNCERTAINTY_MEASURE_WITH_UNIT (LENGTH_MEASURE( 1.000000000000000100E-005 ), #11149, 'distance_accuracy_value', 'NONE');
#4249 = STYLED_ITEM ( 'NONE', ( #8669 ), #8921 ) ;
#4250 = B_SPLINE_CURVE_WITH_KNOTS ( 'NONE', 3,
 ( #2697, #7912, #3569, #9690, #4448, #10575, #5349, #135, #6200, #1001, #7077, #1868, #7945, #2737, #8833, #3610, #9722, #4488, #10615, #5384 ),
 .UNSPECIFIED., .F., .F.,
 ( 4, 2, 2, 2, 2, 2, 2, 2, 2, 4 ),
 ( -0.003915242589694886900, -0.003425835920417075800, -0.003181132585778170500, -0.002936429251139264700, -0.002447022581861454100, -0.001957615912583643000, -0.001468209243305831900, -0.0009788025740280212700, -0.0004893959047502101900, 1.076452760088997300E-008 ),
 .UNSPECIFIED. ) ;
#4251 = DIRECTION ( 'NONE',  ( 0.0000000000000000000, 0.0000000000000000000, -1.000000000000000000 ) ) ;
#4252 = CARTESIAN_POINT ( 'NONE',  ( -19.43333636987000200, 28.45633764421000200, 1.161543004103000200 ) ) ;
#4253 = ORIENTED_EDGE ( 'NONE', *, *, #6376, .F. ) ;
#4254 = FACE_OUTER_BOUND ( 'NONE', #5926, .T. ) ;
#4255 = FILL_AREA_STYLE ('',( #9588 ) ) ;
#4256 = CARTESIAN_POINT ( 'NONE',  ( -19.58841432990000400, 24.32806879940999400, 0.4769648313331001400 ) ) ;
#4257 = CARTESIAN_POINT ( 'NONE',  ( -16.72198129896000700, 24.86855403591999500, -0.1337900442290000100 ) ) ;
#4258 = CARTESIAN_POINT ( 'NONE',  ( -17.81801688911999900, 27.66503145826000300, -1.836222628836000200 ) ) ;
#4259 = ADVANCED_FACE ( 'NONE', ( #6420 ), #2365, .T. ) ;
#4260 = EDGE_CURVE ( 'NONE', #6724, #2422, #7916, .T. ) ;
#4261 = ORIENTED_EDGE ( 'NONE', *, *, #5679, .F. ) ;
#4262 = CARTESIAN_POINT ( 'NONE',  ( -18.16512593457128900, 27.27666589671872900, 1.250000000000031100 ) ) ;
#4263 =( GEOMETRIC_REPRESENTATION_CONTEXT ( 3 ) GLOBAL_UNCERTAINTY_ASSIGNED_CONTEXT ( ( #3388 ) ) GLOBAL_UNIT_ASSIGNED_CONTEXT ( ( #2924, #9027, #3809 ) ) REPRESENTATION_CONTEXT ( 'NONE', 'WORKASPACE' ) );
#4264 = CARTESIAN_POINT ( 'NONE',  ( -18.00000000000144200, 28.66260054601161800, 1.249999999999999800 ) ) ;
#4265 = ORIENTED_EDGE ( 'NONE', *, *, #11106, .F. ) ;
#4266 = AXIS2_PLACEMENT_3D ( 'NONE', #6794, #10274, #2492 ) ;
#4267 = UNCERTAINTY_MEASURE_WITH_UNIT (LENGTH_MEASURE( 1.000000000000000100E-005 ), #10548, 'distance_accuracy_value', 'NONE');
#4268 = VECTOR ( 'NONE', #10907, 1000.000000000000000 ) ;
#4269 = DIRECTION ( 'NONE',  ( 0.1960574109151710900, 0.8492179453588115700, 0.4902962093528748200 ) ) ;
#4270 = SURFACE_STYLE_USAGE ( .BOTH. , #9526 ) ;
#4271 = CARTESIAN_POINT ( 'NONE',  ( -18.00000000000034800, 26.91254348891130400, -1.249999999999998900 ) ) ;
#4272 = DIRECTION ( 'NONE',  ( 0.0000000000000000000, 1.000000000000000000, 0.0000000000000000000 ) ) ;
#4274 = ORIENTED_EDGE ( 'NONE', *, *, #3679, .T. ) ;
#4273 = FILL_AREA_STYLE_COLOUR ( '', #3203 ) ;
#4275 = DIRECTION ( 'NONE',  ( 0.0000000000000000000, 0.0000000000000000000, -1.000000000000000000 ) ) ;
#4276 = CARTESIAN_POINT ( 'NONE',  ( -15.69818044101115400, 18.46448972722953000, -1.310990314221654400 ) ) ;
#4277 = CARTESIAN_POINT ( 'NONE',  ( -16.69641890591000400, 23.20408160804999700, 0.6831535879271999300 ) ) ;
#4278 = ADVANCED_FACE ( 'NONE', ( #10252 ), #171, .F. ) ;
#4279 = AXIS2_PLACEMENT_3D ( 'NONE', #3336, #9448, #4205 ) ;
#4280 = FACE_OUTER_BOUND ( 'NONE', #5960, .T. ) ;
#4281 = AXIS2_PLACEMENT_3D ( 'NONE', #3805, #9901, #4673 ) ;
#4282 = DIRECTION ( 'NONE',  ( 0.0000000000000000000, 0.0000000000000000000, -1.000000000000000000 ) ) ;
#4283 = EDGE_CURVE ( 'NONE', #2503, #2772, #8474, .T. ) ;
#4284 = CARTESIAN_POINT ( 'NONE',  ( -18.93442245157000400, 26.06275372220999700, 1.137047448613000200 ) ) ;
#4285 = ORIENTED_EDGE ( 'NONE', *, *, #8994, .F. ) ;
#4286 = DIRECTION ( 'NONE',  ( 0.0000000000000000000, 1.000000000000000000, 0.0000000000000000000 ) ) ;
#4287 = DIRECTION ( 'NONE',  ( 0.0000000000000000000, 0.0000000000000000000, 1.000000000000000000 ) ) ;
#4288 = CARTESIAN_POINT ( 'NONE',  ( -4.000000000000003600, 11.66190378969041500, 15.00000000000014600 ) ) ;
#4289 = PRESENTATION_STYLE_ASSIGNMENT (( #1975 ) ) ;
#4290 = DIRECTION ( 'NONE',  ( 0.0000000000000000000, 0.0000000000000000000, -1.000000000000000000 ) ) ;
#4291 = VERTEX_POINT ( 'NONE', #6386 ) ;
#4292 = ORIENTED_EDGE ( 'NONE', *, *, #9143, .F. ) ;
#4293 = CARTESIAN_POINT ( 'NONE',  ( -16.16358802751000200, 27.64437867397001400, 0.1800623850668999800 ) ) ;
#4294 = CARTESIAN_POINT ( 'NONE',  ( -3.999999999999061200, 29.00000000000021000, 14.79289321881360100 ) ) ;
#4295 = EDGE_LOOP ( 'NONE', ( #2978, #2378, #3072, #236 ) ) ;
#4296 = CARTESIAN_POINT ( 'NONE',  ( -16.53425065597000200, 23.51610982916999900, 0.7759731562014001700 ) ) ;
#4297 = CARTESIAN_POINT ( 'NONE',  ( -16.78294407027383500, 23.89201914620736400, 0.3282890113627803300 ) ) ;
#4298 = CARTESIAN_POINT ( 'NONE',  ( -17.85136118478999700, 25.34060526916000100, 1.464216074680000100 ) ) ;
#4299 = AXIS2_PLACEMENT_3D ( 'NONE', #4959, #11079, #5834 ) ;
#4300 = PRESENTATION_STYLE_ASSIGNMENT (( #4427 ) ) ;
#4301 = CARTESIAN_POINT ( 'NONE',  ( -19.41910151607000400, 26.85307248802001100, 1.179399307693999700 ) ) ;
#4302 =( NAMED_UNIT ( * ) PLANE_ANGLE_UNIT ( ) SI_UNIT ( $, .RADIAN. ) );
#4303 = EDGE_CURVE ( 'NONE', #664, #8477, #2810, .T. ) ;
#4304 = CARTESIAN_POINT ( 'NONE',  ( -18.00000000000000400, 24.78754452749295800, 1.250000000000000000 ) ) ;
#4305 = CARTESIAN_POINT ( 'NONE',  ( -28.00000000000000400, 0.0000000000000000000, 0.0000000000000000000 ) ) ;
#4306 = ORIENTED_EDGE ( 'NONE', *, *, #2870, .F. ) ;
#4307 = ORIENTED_EDGE ( 'NONE', *, *, #10075, .T. ) ;
#4308 = COLOUR_RGB ( '',1.000000000000000000, 1.000000000000000000, 0.9490196078431372100 ) ;
#4309 = CARTESIAN_POINT ( 'NONE',  ( -18.00000000000001100, 25.78752219936823700, 1.249999999999999300 ) ) ;
#4310 = DIRECTION ( 'NONE',  ( 0.0000000000000000000, 0.0000000000000000000, -1.000000000000000000 ) ) ;
#4311 = CARTESIAN_POINT ( 'NONE',  ( -1.444020278706814200, -16.78820545322528800, 33.57641090645057600 ) ) ;
#4312 = CARTESIAN_POINT ( 'NONE',  ( -18.82569958551854600, 27.10511211945308600, 0.9420599634610350400 ) ) ;
#4313 = SURFACE_STYLE_USAGE ( .BOTH. , #9568 ) ;
#4314 = DIRECTION ( 'NONE',  ( -1.000000000000000000, -0.0000000000000000000, 0.0000000000000000000 ) ) ;
#4315 = CARTESIAN_POINT ( 'NONE',  ( -19.25007864006322600, 24.04755130904377200, 0.1631992497969672100 ) ) ;
#4316 = SURFACE_STYLE_FILL_AREA ( #5668 ) ;
#4317 = ORIENTED_EDGE ( 'NONE', *, *, #6268, .T. ) ;
#4318 = CARTESIAN_POINT ( 'NONE',  ( -18.60953527793000700, 24.67546695850000300, 1.131219074966000300 ) ) ;
#4319 = SURFACE_STYLE_FILL_AREA ( #5000 ) ;
#4320 =( GEOMETRIC_REPRESENTATION_CONTEXT ( 3 ) GLOBAL_UNCERTAINTY_ASSIGNED_CONTEXT ( ( #7355 ) ) GLOBAL_UNIT_ASSIGNED_CONTEXT ( ( #1935, #8024, #2800 ) ) REPRESENTATION_CONTEXT ( 'NONE', 'WORKASPACE' ) );
#4321 =( GEOMETRIC_REPRESENTATION_CONTEXT ( 3 ) GLOBAL_UNCERTAINTY_ASSIGNED_CONTEXT ( ( #9304 ) ) GLOBAL_UNIT_ASSIGNED_CONTEXT ( ( #1216, #7297, #2062 ) ) REPRESENTATION_CONTEXT ( 'NONE', 'WORKASPACE' ) );
#4322 = DIRECTION ( 'NONE',  ( -1.000000000000000000, 0.0000000000000000000, 0.0000000000000000000 ) ) ;
#4323 = CARTESIAN_POINT ( 'NONE',  ( -18.55421266053542300, 25.57472877527542800, -1.123414474940174000 ) ) ;
#4324 = CARTESIAN_POINT ( 'NONE',  ( -16.53625755281000300, 25.25079475197000200, -0.1532326299933000100 ) ) ;
#4325 = CARTESIAN_POINT ( 'NONE',  ( -33.00000000000000000, 0.0000000000000000000, 0.0000000000000000000 ) ) ;
#4326 = ORIENTED_EDGE ( 'NONE', *, *, #1276, .T. ) ;
#4327 = DIRECTION ( 'NONE',  ( -1.000000000000000000, -0.0000000000000000000, 0.0000000000000000000 ) ) ;
#4328 = B_SPLINE_CURVE_WITH_KNOTS ( 'NONE', 3,
 ( #6516, #3049, #10036, #4814, #10943, #5688, #491, #6553, #1354, #7442, #2208, #8308, #3090, #9194, #3967, #10076, #4857, #10980, #5731, #533 ),
 .UNSPECIFIED., .F., .F.,
 ( 4, 2, 2, 2, 2, 2, 2, 2, 2, 4 ),
 ( -0.02349166884758503700, -0.02300227020894766600, -0.02251287157031029600, -0.02202347293167292500, -0.02153407429303555400, -0.02128937497371687100, -0.02104467565439818400, -0.02055527701576081300, -0.02006587837712344600, -0.01957647973848607500 ),
 .UNSPECIFIED. ) ;
#4329 = EDGE_CURVE ( 'NONE', #9389, #4014, #9439, .T. ) ;
#4330 = MECHANICAL_DESIGN_GEOMETRIC_PRESENTATION_REPRESENTATION (  '', ( #3161 ), #4943 ) ;
#4331 = CARTESIAN_POINT ( 'NONE',  ( -19.18088536448000500, 26.83241970373000000, -1.417867167621999800 ) ) ;
#4332 =( GEOMETRIC_REPRESENTATION_CONTEXT ( 3 ) GLOBAL_UNCERTAINTY_ASSIGNED_CONTEXT ( ( #10418 ) ) GLOBAL_UNIT_ASSIGNED_CONTEXT ( ( #10058, #4834, #10961 ) ) REPRESENTATION_CONTEXT ( 'NONE', 'WORKASPACE' ) );
#4333 = CARTESIAN_POINT ( 'NONE',  ( -18.49854437783000100, 22.70415085892999600, -1.581889818968000000 ) ) ;
#4334 =( GEOMETRIC_REPRESENTATION_CONTEXT ( 3 ) GLOBAL_UNCERTAINTY_ASSIGNED_CONTEXT ( ( #9148 ) ) GLOBAL_UNIT_ASSIGNED_CONTEXT ( ( #2804, #8905, #3689 ) ) REPRESENTATION_CONTEXT ( 'NONE', 'WORKASPACE' ) );
#4335 = LINE ( 'NONE', #267, #8988 ) ;
#4336 = CARTESIAN_POINT ( 'NONE',  ( -32.33111616745529200, 11.72012613971024200, -14.95495024491975200 ) ) ;
#4337 = ORIENTED_EDGE ( 'NONE', *, *, #8206, .T. ) ;
#4338 = LINE ( 'NONE', #5649, #2286 ) ;
#4339 = CARTESIAN_POINT ( 'NONE',  ( -19.04526794206999800, 28.32445783847998700, -1.287594997518999500 ) ) ;
#4340 = FILL_AREA_STYLE ('',( #33 ) ) ;
#4341 = PRESENTATION_STYLE_ASSIGNMENT (( #6541 ) ) ;
#4342 = CARTESIAN_POINT ( 'NONE',  ( -33.00000000000000000, 28.49999999999999600, 0.0000000000000000000 ) ) ;
#4343 = CARTESIAN_POINT ( 'NONE',  ( -16.90722682591994900, 24.95497756668207500, -0.6285954783183203000 ) ) ;
#4344 = CARTESIAN_POINT ( 'NONE',  ( -19.24989499187103100, 25.04828206895040300, 0.1637784203810916900 ) ) ;
#4345 = CARTESIAN_POINT ( 'NONE',  ( -15.60000000000000300, 28.89999999999999500, 7.599999999999998800 ) ) ;
#4346 = CARTESIAN_POINT ( 'NONE',  ( -9.300000000000002500, 34.50000000000000000, 1.836970198721028200E-016 ) ) ;
#4347 = VERTEX_POINT ( 'NONE', #2773 ) ;
#4348 = CARTESIAN_POINT ( 'NONE',  ( -19.12235769203643400, 28.62690355283244200, -0.5606519044623731200 ) ) ;
#4349 = DIRECTION ( 'NONE',  ( -5.782411586589358800E-015, 1.000000000000000000, 0.0000000000000000000 ) ) ;
#4350 = FILL_AREA_STYLE ('',( #1744 ) ) ;
#4351 = SURFACE_STYLE_USAGE ( .BOTH. , #9603 ) ;
#4352 = MECHANICAL_DESIGN_GEOMETRIC_PRESENTATION_REPRESENTATION (  '', ( #2608 ), #4958 ) ;
#4353 = AXIS2_PLACEMENT_3D ( 'NONE', #9259, #4023, #10134 ) ;
#4354 = EDGE_CURVE ( 'NONE', #5287, #7011, #2466, .T. ) ;
#4355 = CARTESIAN_POINT ( 'NONE',  ( -16.77162642490000300, 23.86350798826000400, -0.3772664197844000100 ) ) ;
#4356 = ORIENTED_EDGE ( 'NONE', *, *, #8098, .T. ) ;
#4357 = VERTEX_POINT ( 'NONE', #8533 ) ;
#4358 = SURFACE_STYLE_FILL_AREA ( #8838 ) ;
#4359 = DIRECTION ( 'NONE',  ( -1.000000000000000000, -0.0000000000000000000, 0.0000000000000000000 ) ) ;
#4360 = UNCERTAINTY_MEASURE_WITH_UNIT (LENGTH_MEASURE( 1.000000000000000100E-005 ), #10311, 'distance_accuracy_value', 'NONE');
#4361 = CARTESIAN_POINT ( 'NONE',  ( -17.88071879754000200, 26.72218010242999500, 1.279227704136000100 ) ) ;
#4362 = CARTESIAN_POINT ( 'NONE',  ( -16.40000000000000600, 38.89999999999999900, 7.949999999999998400 ) ) ;
#4363 = SURFACE_STYLE_FILL_AREA ( #8778 ) ;
#4364 = CARTESIAN_POINT ( 'NONE',  ( -16.90793032169332800, 24.32885894255948900, -0.6297345652347878800 ) ) ;
#4365 = ADVANCED_FACE ( 'NONE', ( #4785 ), #1383, .T. ) ;
#4366 = CARTESIAN_POINT ( 'NONE',  ( -18.59075233757139900, 28.24918703925793300, 1.108489310437121400 ) ) ;
#4367 = AXIS2_PLACEMENT_3D ( 'NONE', #6184, #978, #7058 ) ;
#4368 = CARTESIAN_POINT ( 'NONE',  ( -19.11280886597287300, 28.70047611936753600, 0.5688450615112083900 ) ) ;
#4369 = FACE_BOUND ( 'NONE', #6903, .T. ) ;
#4370 = EDGE_CURVE ( 'NONE', #1948, #4796, #9026, .T. ) ;
#4371 = ORIENTED_EDGE ( 'NONE', *, *, #10345, .F. ) ;
#4372 = VECTOR ( 'NONE', #4844, 1000.000000000000000 ) ;
#4373 = DIRECTION ( 'NONE',  ( 0.0000000000000000000, 0.0000000000000000000, 1.000000000000000000 ) ) ;
#4374 = CARTESIAN_POINT ( 'NONE',  ( -16.23384757604000200, 24.17553620938999600, -0.5343566317821000200 ) ) ;
#4375 = PRESENTATION_STYLE_ASSIGNMENT (( #10272 ) ) ;
#4376 = CARTESIAN_POINT ( 'NONE',  ( -18.00000000000000000, 27.66252753319940900, 1.249999999999999300 ) ) ;
#4377 = CARTESIAN_POINT ( 'NONE',  ( -16.53562925513000400, 25.46552203380999700, -0.1471072136289000000 ) ) ;
#4378 = CARTESIAN_POINT ( 'NONE',  ( -18.16011330105000400, 27.51249886823999400, 1.650732931001000400 ) ) ;
#4379 = ADVANCED_FACE ( 'NONE', ( #6017 ), #2496, .F. ) ;
#4380 = CARTESIAN_POINT ( 'NONE',  ( -18.00000000000000400, 35.72500000000000900, -9.399999999999996800 ) ) ;
#4381 = CARTESIAN_POINT ( 'NONE',  ( -18.00000000000377300, 23.53810426649063100, -1.250000000000000700 ) ) ;
#4382 = ORIENTED_EDGE ( 'NONE', *, *, #405, .F. ) ;
#4383 = B_SPLINE_CURVE_WITH_KNOTS ( 'NONE', 3,
 ( #2187, #4048, #5435, #9808 ),
 .UNSPECIFIED., .F., .F.,
 ( 4, 4 ),
 ( 9.923594549784993500E-007, 0.0003746829086462284500 ),
 .UNSPECIFIED. ) ;
#4384 = SURFACE_STYLE_FILL_AREA ( #4224 ) ;
#4385 = CIRCLE ( 'NONE', #4436, 0.2999999999999999300 ) ;
#4386 = PRESENTATION_LAYER_ASSIGNMENT (  '', '', ( #2640 ) ) ;
#4387 = CARTESIAN_POINT ( 'NONE',  ( -16.78223055260044200, 25.93364589036303900, -0.3260727639278470600 ) ) ;
#4388 = DIRECTION ( 'NONE',  ( -0.0000000000000000000, -0.0000000000000000000, -1.000000000000000000 ) ) ;
#4389 = SURFACE_SIDE_STYLE ('',( #1504 ) ) ;
#4390 = DIRECTION ( 'NONE',  ( -1.000000000000000000, -0.0000000000000000000, -0.0000000000000000000 ) ) ;
#4391 = CARTESIAN_POINT ( 'NONE',  ( -9.199333830427161000, 14.26747864944911900, 9.247885403691583400 ) ) ;
#4392 = DIRECTION ( 'NONE',  ( 5.782411586589342300E-015, 1.000000000000000000, -0.0000000000000000000 ) ) ;
#4393 = DIRECTION ( 'NONE',  ( -3.343628375672422000E-029, 1.000000000000000000, 5.782411586589460600E-015 ) ) ;
#4394 = ORIENTED_EDGE ( 'NONE', *, *, #6689, .F. ) ;
#4395 = CARTESIAN_POINT ( 'NONE',  ( -19.13941740756000300, 23.05154901802000500, -0.5940688696985000300 ) ) ;
#4396 = UNCERTAINTY_MEASURE_WITH_UNIT (LENGTH_MEASURE( 1.000000000000000100E-005 ), #8928, 'distance_accuracy_value', 'NONE');
#4397 = COLOUR_RGB ( '',1.000000000000000000, 1.000000000000000000, 0.9490196078431372100 ) ;
#4398 = ORIENTED_EDGE ( 'NONE', *, *, #10106, .T. ) ;
#4399 = ORIENTED_EDGE ( 'NONE', *, *, #9462, .T. ) ;
#4400 = CARTESIAN_POINT ( 'NONE',  ( -46.50000000000000000, 1.169537693185722400E-015, -9.549999999999998900 ) ) ;
#4401 = EDGE_CURVE ( 'NONE', #4769, #4070, #2868, .T. ) ;
#4402 = CARTESIAN_POINT ( 'NONE',  ( -17.18621829405000400, 25.91022113218999200, -0.9944802293317002200 ) ) ;
#4403 = DIRECTION ( 'NONE',  ( 0.0000000000000000000, -1.000000000000000000, 0.0000000000000000000 ) ) ;
#4404 =( NAMED_UNIT ( * ) PLANE_ANGLE_UNIT ( ) SI_UNIT ( $, .RADIAN. ) );
#4405 = MECHANICAL_DESIGN_GEOMETRIC_PRESENTATION_REPRESENTATION (  '', ( #3236 ), #5016 ) ;
#4406 =( GEOMETRIC_REPRESENTATION_CONTEXT ( 3 ) GLOBAL_UNCERTAINTY_ASSIGNED_CONTEXT ( ( #2787 ) ) GLOBAL_UNIT_ASSIGNED_CONTEXT ( ( #3240, #9350, #4109 ) ) REPRESENTATION_CONTEXT ( 'NONE', 'WORKASPACE' ) );
#4407 = SURFACE_STYLE_USAGE ( .BOTH. , #9656 ) ;
#4408 = PRESENTATION_LAYER_ASSIGNMENT (  '', '', ( #3242 ) ) ;
#4409 = ORIENTED_EDGE ( 'NONE', *, *, #764, .F. ) ;
#4410 = ORIENTED_EDGE ( 'NONE', *, *, #10387, .F. ) ;
#4411 = CARTESIAN_POINT ( 'NONE',  ( -4.063212019597403700, 0.0000000000000000000, 15.05000000000000100 ) ) ;
#4412 = SURFACE_SIDE_STYLE ('',( #3707 ) ) ;
#4413 = CARTESIAN_POINT ( 'NONE',  ( -19.63258974681000900, 23.36357723914999700, -0.8599314575089002100 ) ) ;
#4414 = SURFACE_STYLE_USAGE ( .BOTH. , #9664 ) ;
#4415 = VECTOR ( 'NONE', #2438, 1000.000000000000000 ) ;
#4416 = CARTESIAN_POINT ( 'NONE',  ( -16.72676347125000300, 26.70053989799999500, -1.062711009733000100 ) ) ;
#4417 = VECTOR ( 'NONE', #10241, 1000.000000000000000 ) ;
#4418 = VERTEX_POINT ( 'NONE', #8500 ) ;
#4419 = PRESENTATION_STYLE_ASSIGNMENT (( #4508 ) ) ;
#4420 = EDGE_CURVE ( 'NONE', #9564, #6835, #3772, .T. ) ;
#4421 =( LENGTH_UNIT ( ) NAMED_UNIT ( * ) SI_UNIT ( .MILLI., .METRE. ) );
#4422 = CARTESIAN_POINT ( 'NONE',  ( -19.21705431033444400, 25.05817165520651500, 0.3283150236506439700 ) ) ;
#4423 =( GEOMETRIC_REPRESENTATION_CONTEXT ( 3 ) GLOBAL_UNCERTAINTY_ASSIGNED_CONTEXT ( ( #2001 ) ) GLOBAL_UNIT_ASSIGNED_CONTEXT ( ( #4590, #10722, #5477 ) ) REPRESENTATION_CONTEXT ( 'NONE', 'WORKASPACE' ) );
#4424 = EDGE_LOOP ( 'NONE', ( #624, #5567, #10619, #10053 ) ) ;
#4425 = PRESENTATION_LAYER_ASSIGNMENT (  '', '', ( #3254 ) ) ;
#4426 = VECTOR ( 'NONE', #7636, 1000.000000000000000 ) ;
#4427 = SURFACE_STYLE_USAGE ( .BOTH. , #9672 ) ;
#4428 =( LENGTH_UNIT ( ) NAMED_UNIT ( * ) SI_UNIT ( .MILLI., .METRE. ) );
#4429 = CARTESIAN_POINT ( 'NONE',  ( -17.99999999999976600, 27.28755209424728200, 1.249999999999999800 ) ) ;
#4430 = CARTESIAN_POINT ( 'NONE',  ( -15.42188878420168600, 16.80506825525355600, 2.586369315728361200 ) ) ;
#4431 = LINE ( 'NONE', #8404, #2108 ) ;
#4432 = ORIENTED_EDGE ( 'NONE', *, *, #1427, .T. ) ;
#4433 = SURFACE_STYLE_USAGE ( .BOTH. , #9678 ) ;
#4434 = CARTESIAN_POINT ( 'NONE',  ( -16.94969814478000800, 25.62528135542000000, -1.283519182379999800 ) ) ;
#4435 = PRESENTATION_STYLE_ASSIGNMENT (( #2825 ) ) ;
#4436 = AXIS2_PLACEMENT_3D ( 'NONE', #9755, #4521, #10644 ) ;
#4437 = PRESENTATION_STYLE_ASSIGNMENT (( #2220 ) ) ;
#4438 = MECHANICAL_DESIGN_GEOMETRIC_PRESENTATION_REPRESENTATION (  '', ( #2689 ), #5051 ) ;
#4439 = CARTESIAN_POINT ( 'NONE',  ( -0.8529462969709827900, 0.0000000000000000000, 0.0000000000000000000 ) ) ;
#4440 = ORIENTED_EDGE ( 'NONE', *, *, #532, .F. ) ;
#4441 = EDGE_CURVE ( 'NONE', #3898, #6177, #579, .T. ) ;
#4442 = VERTEX_POINT ( 'NONE', #10329 ) ;
#4443 = FILL_AREA_STYLE ('',( #10450 ) ) ;
#4444 = CARTESIAN_POINT ( 'NONE',  ( -19.27773706109000100, 25.09826216193999900, 0.1364645689987000200 ) ) ;
#4445 = CARTESIAN_POINT ( 'NONE',  ( -18.16121338168234400, 26.96766286052778800, 1.737705348609851300 ) ) ;
#4446 = DIRECTION ( 'NONE',  ( 0.0000000000000000000, -1.000000000000000000, 0.0000000000000000000 ) ) ;
#4447 = VERTEX_POINT ( 'NONE', #5982 ) ;
#4448 = CARTESIAN_POINT ( 'NONE',  ( -17.37395044239438100, 27.82932474074553800, 1.085004133340678600 ) ) ;
#4449 = LINE ( 'NONE', #1310, #11178 ) ;
#4450 = FACE_OUTER_BOUND ( 'NONE', #113, .T. ) ;
#4451 = ORIENTED_EDGE ( 'NONE', *, *, #9927, .T. ) ;
#4452 =( NAMED_UNIT ( * ) SI_UNIT ( $, .STERADIAN. ) SOLID_ANGLE_UNIT ( ) );
#4453 = CARTESIAN_POINT ( 'NONE',  ( -18.16512407990351700, 25.65158974445285600, 1.249999999999962700 ) ) ;
#4454 = FILL_AREA_STYLE ('',( #2703 ) ) ;
#4455 = CIRCLE ( 'NONE', #3715, 16.30043030675197700 ) ;
#4456 = ORIENTED_EDGE ( 'NONE', *, *, #6347, .T. ) ;
#4457 = CARTESIAN_POINT ( 'NONE',  ( -17.07001082570999600, 28.17192524845999900, 1.140676391126000100 ) ) ;
#4458 = EDGE_CURVE ( 'NONE', #9429, #257, #9579, .T. ) ;
#4459 = CARTESIAN_POINT ( 'NONE',  ( -9.400000000000005700, 32.82000000000000000, 0.5000000000000000000 ) ) ;
#4460 = SURFACE_STYLE_FILL_AREA ( #7244 ) ;
#4461 = ORIENTED_EDGE ( 'NONE', *, *, #10986, .T. ) ;
#4462 = UNCERTAINTY_MEASURE_WITH_UNIT (LENGTH_MEASURE( 1.000000000000000100E-005 ), #6867, 'distance_accuracy_value', 'NONE');
#4463 = LINE ( 'NONE', #2043, #2143 ) ;
#4464 = CARTESIAN_POINT ( 'NONE',  ( -32.24985049102777900, 29.00000000000000400, -14.43450716694392000 ) ) ;
#4465 = FILL_AREA_STYLE_COLOUR ( '', #3318 ) ;
#4466 = CARTESIAN_POINT ( 'NONE',  ( -1.500000000000001300, 2.081899558550500300E-015, -17.00000000000000000 ) ) ;
#4467 = VECTOR ( 'NONE', #5589, 1000.000000000000000 ) ;
#4468 =( NAMED_UNIT ( * ) PLANE_ANGLE_UNIT ( ) SI_UNIT ( $, .RADIAN. ) );
#4469 = CARTESIAN_POINT ( 'NONE',  ( -14.44906525048592100, 16.27691060933255300, -4.936525513357063100 ) ) ;
#4470 = CARTESIAN_POINT ( 'NONE',  ( -16.82895834299568300, 24.75363143405570600, 0.5244839658123079400 ) ) ;
#4471 = FILL_AREA_STYLE ('',( #9677 ) ) ;
#4472 = CARTESIAN_POINT ( 'NONE',  ( -13.73431346513402000, 17.51232769795505500, 5.969518124871728800 ) ) ;
#4473 = VERTEX_POINT ( 'NONE', #1647 ) ;
#4474 = EDGE_CURVE ( 'NONE', #8120, #6589, #7239, .T. ) ;
#4475 = VECTOR ( 'NONE', #10937, 1000.000000000000000 ) ;
#4476 = AXIS2_PLACEMENT_3D ( 'NONE', #6126, #909, #6985 ) ;
#4477 = ORIENTED_EDGE ( 'NONE', *, *, #10258, .T. ) ;
#4478 =( GEOMETRIC_REPRESENTATION_CONTEXT ( 3 ) GLOBAL_UNCERTAINTY_ASSIGNED_CONTEXT ( ( #438 ) ) GLOBAL_UNIT_ASSIGNED_CONTEXT ( ( #7018, #1812, #7896 ) ) REPRESENTATION_CONTEXT ( 'NONE', 'WORKASPACE' ) );
#4479 = AXIS2_PLACEMENT_3D ( 'NONE', #8008, #2788, #8890 ) ;
#4480 = COLOUR_RGB ( '',1.000000000000000000, 1.000000000000000000, 0.9490196078431372100 ) ;
#4481 = CARTESIAN_POINT ( 'NONE',  ( -1.500000000000001300, 0.0000000000000000000, 0.0000000000000000000 ) ) ;
#4482 = CARTESIAN_POINT ( 'NONE',  ( -9.300000000000002500, 32.25999999999999800, -0.3500000000000000900 ) ) ;
#4483 = DIRECTION ( 'NONE',  ( 1.000000000000000000, 0.0000000000000000000, 0.0000000000000000000 ) ) ;
#4484 = CARTESIAN_POINT ( 'NONE',  ( -19.10559345002080900, 27.77962183076778800, -1.350286175175733600 ) ) ;
#4485 =( NAMED_UNIT ( * ) PLANE_ANGLE_UNIT ( ) SI_UNIT ( $, .RADIAN. ) );
#4486 = UNCERTAINTY_MEASURE_WITH_UNIT (LENGTH_MEASURE( 1.000000000000000100E-005 ), #9947, 'distance_accuracy_value', 'NONE');
#4487 = COLOUR_RGB ( '',0.0000000000000000000, 0.0000000000000000000, 0.0000000000000000000 ) ;
#4488 = CARTESIAN_POINT ( 'NONE',  ( -17.67263010131402400, 28.01695704858378400, -1.217479766192459200 ) ) ;
#4489 = ORIENTED_EDGE ( 'NONE', *, *, #7185, .T. ) ;
#4490 = ORIENTED_EDGE ( 'NONE', *, *, #9659, .T. ) ;
#4491 = B_SPLINE_CURVE_WITH_KNOTS ( 'NONE', 3,
 ( #7343, #7755, #959, #91, #10167, #4519 ),
 .UNSPECIFIED., .F., .F.,
 ( 4, 2, 4 ),
 ( 1.893477691975264900E-018, 0.0004864858380400294500, 0.0009729716760800569500 ),
 .UNSPECIFIED. ) ;
#4492 = EDGE_CURVE ( 'NONE', #8668, #2503, #4931, .T. ) ;
#4493 = FACE_OUTER_BOUND ( 'NONE', #8545, .T. ) ;
#4494 = CARTESIAN_POINT ( 'NONE',  ( -18.99924211156439900, 25.11007232852998400, -0.7685192873909072500 ) ) ;
#4495 = AXIS2_PLACEMENT_3D ( 'NONE', #8075, #9211, #5160 ) ;
#4496 = CARTESIAN_POINT ( 'NONE',  ( -18.25782123682000000, 28.81700198150000200, 1.361070900424000300 ) ) ;
#4497 = SURFACE_SIDE_STYLE ('',( #7249 ) ) ;
#4498 = CARTESIAN_POINT ( 'NONE',  ( -19.25010449309708700, 25.52678078335748800, -0.1621719547394493400 ) ) ;
#4499 = PRESENTATION_LAYER_ASSIGNMENT (  '', '', ( #3909 ) ) ;
#4500 = CARTESIAN_POINT ( 'NONE',  ( -32.00000000000189000, 28.79289321881439500, 15.00000000000184700 ) ) ;
#4501 = CARTESIAN_POINT ( 'NONE',  ( -17.86097957031000800, 27.35996627822000700, -1.465160581936999900 ) ) ;
#4502 = SURFACE_STYLE_FILL_AREA ( #4122 ) ;
#4503 = ORIENTED_EDGE ( 'NONE', *, *, #4283, .F. ) ;
#4504 = CARTESIAN_POINT ( 'NONE',  ( -17.17378255776672400, 28.34602852129854600, 0.9415507181163597100 ) ) ;
#4505 = SURFACE_STYLE_FILL_AREA ( #4213 ) ;
#4506 = SURFACE_SIDE_STYLE ('',( #8186 ) ) ;
#4507 = LINE ( 'NONE', #2042, #9140 ) ;
#4508 = SURFACE_STYLE_USAGE ( .BOTH. , #9743 ) ;
#4509 = CARTESIAN_POINT ( 'NONE',  ( -8.585627317867913900, 14.15059083545465900, -9.421987963447159900 ) ) ;
#4510 = STYLED_ITEM ( 'NONE', ( #3377 ), #6329 ) ;
#4511 = VERTEX_POINT ( 'NONE', #807 ) ;
#4512 = PRESENTATION_STYLE_ASSIGNMENT (( #10310 ) ) ;
#4513 = CARTESIAN_POINT ( 'NONE',  ( -9.169131808875297600, 40.90000000000070200, 2.572649730810694800 ) ) ;
#4514 = CARTESIAN_POINT ( 'NONE',  ( -20.40000000000000600, 38.89999999999999900, -8.349999999999997900 ) ) ;
#4515 =( GEOMETRIC_REPRESENTATION_CONTEXT ( 3 ) GLOBAL_UNCERTAINTY_ASSIGNED_CONTEXT ( ( #6151 ) ) GLOBAL_UNIT_ASSIGNED_CONTEXT ( ( #1039, #7110, #1902 ) ) REPRESENTATION_CONTEXT ( 'NONE', 'WORKASPACE' ) );
#4516 = EDGE_CURVE ( 'NONE', #11227, #676, #2603, .T. ) ;
#4517 = CARTESIAN_POINT ( 'NONE',  ( -1.517883041479706200E-015, 16.30043030675197700, 3.992453959977663100E-015 ) ) ;
#4518 = DIRECTION ( 'NONE',  ( 0.0000000000000000000, 0.0000000000000000000, 1.000000000000000000 ) ) ;
#4519 = CARTESIAN_POINT ( 'NONE',  ( -18.00000000000000000, 22.91186035534262900, -1.249999999999999800 ) ) ;
#4520 = ORIENTED_EDGE ( 'NONE', *, *, #6281, .F. ) ;
#4521 = DIRECTION ( 'NONE',  ( 0.0000000000000000000, -1.000000000000000000, 0.0000000000000000000 ) ) ;
#4522 = CARTESIAN_POINT ( 'NONE',  ( -15.90000000000000400, 38.89999999999999100, -9.099999999999999600 ) ) ;
#4523 = FILL_AREA_STYLE ('',( #1113 ) ) ;
#4524 = CARTESIAN_POINT ( 'NONE',  ( -1.195978250521093000, -15.11695286011187500, -30.23390572022374900 ) ) ;
#4525 = CYLINDRICAL_SURFACE ( 'NONE', #743, 0.8250000000000062800 ) ;
#4526 = CARTESIAN_POINT ( 'NONE',  ( 0.0000000000000000000, 0.0000000000000000000, 0.0000000000000000000 ) ) ;
#4527 = CARTESIAN_POINT ( 'NONE',  ( -13.33287246252064900, 17.33877259713627300, 6.456294050655677600 ) ) ;
#4528 =( GEOMETRIC_REPRESENTATION_CONTEXT ( 3 ) GLOBAL_UNCERTAINTY_ASSIGNED_CONTEXT ( ( #5401 ) ) GLOBAL_UNIT_ASSIGNED_CONTEXT ( ( #7242, #2019, #8110 ) ) REPRESENTATION_CONTEXT ( 'NONE', 'WORKASPACE' ) );
#4529 = EDGE_CURVE ( 'NONE', #7888, #3365, #9288, .T. ) ;
#4530 = CARTESIAN_POINT ( 'NONE',  ( -32.50000000000071800, 28.99999999999999600, -14.29289321881168600 ) ) ;
#4531 = CARTESIAN_POINT ( 'NONE',  ( -18.82623607706110400, 25.09502274597002400, -0.9415336521423752800 ) ) ;
#4532 = CARTESIAN_POINT ( 'NONE',  ( -19.69770128862000300, 28.79645020926999200, -0.1799448264263000500 ) ) ;
#4533 = ORIENTED_EDGE ( 'NONE', *, *, #8754, .T. ) ;
#4534 = DIRECTION ( 'NONE',  ( -0.0000000000000000000, 1.000000000000000000, 0.0000000000000000000 ) ) ;
#4535 = CARTESIAN_POINT ( 'NONE',  ( -18.11716397049999800, 26.61046569029999600, 1.323057290079000100 ) ) ;
#4536 = CARTESIAN_POINT ( 'NONE',  ( -18.00000000001201900, 28.53859345758587200, -1.250000000000000200 ) ) ;
#4537 = ORIENTED_EDGE ( 'NONE', *, *, #10199, .F. ) ;
#4538 = PRESENTATION_STYLE_ASSIGNMENT (( #2598 ) ) ;
#4539 = AXIS2_PLACEMENT_3D ( 'NONE', #7580, #2340, #8455 ) ;
#4540 = PRESENTATION_STYLE_ASSIGNMENT (( #5359 ) ) ;
#4541 = CARTESIAN_POINT ( 'NONE',  ( -18.81342546766957800, 28.49021325609867000, 1.220040616719028500 ) ) ;
#4542 = CARTESIAN_POINT ( 'NONE',  ( -16.73766000129983700, 24.78364532134557800, 0.05819750071700140200 ) ) ;
#4543 = CARTESIAN_POINT ( 'NONE',  ( -18.00000000000000400, 28.41251092988220600, -1.249999999999999300 ) ) ;
#4544 = STYLED_ITEM ( 'NONE', ( #7729 ), #8476 ) ;
#4545 = CARTESIAN_POINT ( 'NONE',  ( -50.00000000000000000, 2.081899558550500300E-015, -17.00000000000000000 ) ) ;
#4546 = EDGE_LOOP ( 'NONE', ( #8747, #5997, #7985, #3114 ) ) ;
#4547 = SURFACE_SIDE_STYLE ('',( #467 ) ) ;
#4548 = ORIENTED_EDGE ( 'NONE', *, *, #5802, .T. ) ;
#4549 = SURFACE_STYLE_FILL_AREA ( #1410 ) ;
#4550 = SURFACE_STYLE_FILL_AREA ( #6828 ) ;
#4551 = VECTOR ( 'NONE', #5645, 1000.000000000000000 ) ;
#4552 = CARTESIAN_POINT ( 'NONE',  ( -23.38000000000000300, 0.0000000000000000000, 0.0000000000000000000 ) ) ;
#4553 = EDGE_CURVE ( 'NONE', #4242, #1819, #6954, .T. ) ;
#4554 = ORIENTED_EDGE ( 'NONE', *, *, #2101, .T. ) ;
#4555 = CARTESIAN_POINT ( 'NONE',  ( 0.0000000000000000000, 13.92283205544443100, 0.0000000000000000000 ) ) ;
#4556 = DIRECTION ( 'NONE',  ( -1.000000000000000000, -0.0000000000000000000, 0.0000000000000000000 ) ) ;
#4557 = PRESENTATION_LAYER_ASSIGNMENT (  '', '', ( #3969 ) ) ;
#4558 = CARTESIAN_POINT ( 'NONE',  ( -18.32716071093862500, 25.05868884033251800, -1.217502631164209000 ) ) ;
#4559 = AXIS2_PLACEMENT_3D ( 'NONE', #1986, #8078, #2852 ) ;
#4560 = CARTESIAN_POINT ( 'NONE',  ( -18.69337430841783000, 28.24099220578296300, 1.039883808625793300 ) ) ;
#4561 = MECHANICAL_DESIGN_GEOMETRIC_PRESENTATION_REPRESENTATION (  '', ( #2809 ), #5166 ) ;
#4562 = CARTESIAN_POINT ( 'NONE',  ( -0.6470537030290185500, -15.05000000000000100, -1.898176190126221600E-015 ) ) ;
#4563 = CIRCLE ( 'NONE', #10933, 0.2999999999999999300 ) ;
#4564 = LINE ( 'NONE', #9640, #11292 ) ;
#4565 = CARTESIAN_POINT ( 'NONE',  ( -32.58578643762371000, 28.49999999999999600, -14.99999999999648500 ) ) ;
#4566 = CARTESIAN_POINT ( 'NONE',  ( -18.76188456251107100, 25.09001164898577200, -0.9943357942969982500 ) ) ;
#4567 = CARTESIAN_POINT ( 'NONE',  ( -17.41700835081000400, 28.75232789473999500, -1.807502630681999900 ) ) ;
#4568 = CARTESIAN_POINT ( 'NONE',  ( -0.8529462969710035500, 0.0000000000000000000, 17.20000000223977600 ) ) ;
#4569 = VERTEX_POINT ( 'NONE', #138 ) ;
#4570 = DIRECTION ( 'NONE',  ( -1.000000000000000000, -0.0000000000000000000, 0.0000000000000000000 ) ) ;
#4571 = CARTESIAN_POINT ( 'NONE',  ( -19.09276022289585800, 26.70445175170970500, 0.6286253969825809100 ) ) ;
#4572 = CARTESIAN_POINT ( 'NONE',  ( -18.81407109160000600, 28.01939265843000400, -0.9942433546191002900 ) ) ;
#4573 = SURFACE_STYLE_USAGE ( .BOTH. , #9807 ) ;
#4574 = FACE_OUTER_BOUND ( 'NONE', #7571, .T. ) ;
#4575 = DIRECTION ( 'NONE',  ( 0.0000000000000000000, -1.000000000000000000, 0.0000000000000000000 ) ) ;
#4576 = AXIS2_PLACEMENT_3D ( 'NONE', #6436, #1235, #7326 ) ;
#4577 = ORIENTED_EDGE ( 'NONE', *, *, #7200, .T. ) ;
#4578 = UNCERTAINTY_MEASURE_WITH_UNIT (LENGTH_MEASURE( 1.000000000000000100E-005 ), #10541, 'distance_accuracy_value', 'NONE');
#4579 = MECHANICAL_DESIGN_GEOMETRIC_PRESENTATION_REPRESENTATION (  '', ( #2822 ), #5183 ) ;
#4580 = EDGE_LOOP ( 'NONE', ( #11184, #6685, #2350, #5140 ) ) ;
#4581 = PLANE ( 'NONE',  #686 ) ;
#4582 = CARTESIAN_POINT ( 'NONE',  ( -19.60000000000000100, 33.89999999999999900, -8.299999999999998900 ) ) ;
#4583 = CARTESIAN_POINT ( 'NONE',  ( 0.0000000000000000000, 18.50000000000000000, 0.0000000000000000000 ) ) ;
#4584 = CARTESIAN_POINT ( 'NONE',  ( -46.50000000000000000, 2.051283388571816900E-015, -16.75000000000000000 ) ) ;
#4585 =( NAMED_UNIT ( * ) PLANE_ANGLE_UNIT ( ) SI_UNIT ( $, .RADIAN. ) );
#4586 = LINE ( 'NONE', #7983, #11310 ) ;
#4587 = CARTESIAN_POINT ( 'NONE',  ( -9.300000000000002500, 33.31999999999999300, -0.8000000000000000400 ) ) ;
#4588 = VECTOR ( 'NONE', #1119, 1000.000000000000000 ) ;
#4589 = ORIENTED_EDGE ( 'NONE', *, *, #3452, .T. ) ;
#4590 =( LENGTH_UNIT ( ) NAMED_UNIT ( * ) SI_UNIT ( .MILLI., .METRE. ) );
#4591 = ORIENTED_EDGE ( 'NONE', *, *, #4778, .T. ) ;
#4592 =( GEOMETRIC_REPRESENTATION_CONTEXT ( 3 ) GLOBAL_UNCERTAINTY_ASSIGNED_CONTEXT ( ( #8422 ) ) GLOBAL_UNIT_ASSIGNED_CONTEXT ( ( #11262, #6007, #791 ) ) REPRESENTATION_CONTEXT ( 'NONE', 'WORKASPACE' ) );
#4593 = PLANE ( 'NONE',  #10796 ) ;
#4594 = EDGE_CURVE ( 'NONE', #86, #5014, #2311, .T. ) ;
#4595 = CARTESIAN_POINT ( 'NONE',  ( -17.95456669009812200, 28.47748615808174600, 1.577073146819687500 ) ) ;
#4596 = CARTESIAN_POINT ( 'NONE',  ( -7.066412102833000500, 28.89999999999999900, 10.92000000000000300 ) ) ;
#4597 = ORIENTED_EDGE ( 'NONE', *, *, #10443, .T. ) ;
#4598 = CARTESIAN_POINT ( 'NONE',  ( -16.78222149270426300, 26.93413651452861000, -0.3260524141696860000 ) ) ;
#4599 = ORIENTED_EDGE ( 'NONE', *, *, #1177, .T. ) ;
#4600 = CARTESIAN_POINT ( 'NONE',  ( -20.10000000000000500, 38.89999999999999100, 9.400000000000000400 ) ) ;
#4601 = CARTESIAN_POINT ( 'NONE',  ( -17.99999999999999600, 25.03753883226814000, -1.249999999999999800 ) ) ;
#4602 = LINE ( 'NONE', #6679, #2016 ) ;
#4603 = COLOUR_RGB ( '',0.7764705882352941300, 0.7568627450980391900, 0.7372549019607843600 ) ;
#4604 = CARTESIAN_POINT ( 'NONE',  ( -19.21703661798160900, 26.14246138102587800, -0.3283647946286392700 ) ) ;
#4605 = CARTESIAN_POINT ( 'NONE',  ( -17.51939286258878100, 26.69357237945353100, 1.153755711714606700 ) ) ;
#4606 = CARTESIAN_POINT ( 'NONE',  ( -18.62600927848182100, 25.07987883907116400, -1.085027253882414600 ) ) ;
#4607 = CARTESIAN_POINT ( 'NONE',  ( -18.00000000000144200, 28.66260054601161800, 1.249999999999999800 ) ) ;
#4608 =( LENGTH_UNIT ( ) NAMED_UNIT ( * ) SI_UNIT ( .MILLI., .METRE. ) );
#4609 = CARTESIAN_POINT ( 'NONE',  ( -18.00000000000000400, 28.41093935102359700, 0.0000000000000000000 ) ) ;
#4610 = CARTESIAN_POINT ( 'NONE',  ( -33.00000000000020600, 12.72060632452280500, 14.11434665856189100 ) ) ;
#4611 = VERTEX_POINT ( 'NONE', #3614 ) ;
#4612 = UNCERTAINTY_MEASURE_WITH_UNIT (LENGTH_MEASURE( 1.000000000000000100E-005 ), #4000, 'distance_accuracy_value', 'NONE');
#4613 = CARTESIAN_POINT ( 'NONE',  ( -18.11870471338000100, 27.20743368819000500, 1.279508023490000000 ) ) ;
#4614 = COLOUR_RGB ( '',1.000000000000000000, 1.000000000000000000, 0.9490196078431372100 ) ;
#4615 =( GEOMETRIC_REPRESENTATION_CONTEXT ( 3 ) GLOBAL_UNCERTAINTY_ASSIGNED_CONTEXT ( ( #8547 ) ) GLOBAL_UNIT_ASSIGNED_CONTEXT ( ( #8200, #2981, #9079 ) ) REPRESENTATION_CONTEXT ( 'NONE', 'WORKASPACE' ) );
#4616 = ADVANCED_FACE ( 'NONE', ( #5205 ), #1004, .T. ) ;
#4617 =( LENGTH_UNIT ( ) NAMED_UNIT ( * ) SI_UNIT ( .MILLI., .METRE. ) );
#4618 = FILL_AREA_STYLE ('',( #8089 ) ) ;
#4619 = CARTESIAN_POINT ( 'NONE',  ( -9.350000000000005000, 32.25999999999999800, -0.3500000000000001400 ) ) ;
#4620 = VERTEX_POINT ( 'NONE', #1909 ) ;
#4621 = LINE ( 'NONE', #9085, #6932 ) ;
#4622 = FILL_AREA_STYLE_COLOUR ( '', #10672 ) ;
#4623 = SURFACE_SIDE_STYLE ('',( #6319 ) ) ;
#4624 = CARTESIAN_POINT ( 'NONE',  ( -18.65713077519389900, 28.90000000000000600, 1.357029899265635100 ) ) ;
#4625 = DIRECTION ( 'NONE',  ( -0.0000000000000000000, -0.0000000000000000000, -1.000000000000000000 ) ) ;
#4626 = SURFACE_SIDE_STYLE ('',( #8270 ) ) ;
#4627 = CIRCLE ( 'NONE', #9257, 0.8250000000000062800 ) ;
#4628 =( NAMED_UNIT ( * ) PLANE_ANGLE_UNIT ( ) SI_UNIT ( $, .RADIAN. ) );
#4629 = EDGE_CURVE ( 'NONE', #9904, #9869, #5882, .T. ) ;
#4630 = CARTESIAN_POINT ( 'NONE',  ( -19.08123338452000100, 28.36666068076999600, 1.266547534369000200 ) ) ;
#4631 = PRESENTATION_LAYER_ASSIGNMENT (  '', '', ( #2872 ) ) ;
#4632 =( GEOMETRIC_REPRESENTATION_CONTEXT ( 3 ) GLOBAL_UNCERTAINTY_ASSIGNED_CONTEXT ( ( #8868 ) ) GLOBAL_UNIT_ASSIGNED_CONTEXT ( ( #9147, #3931, #10031 ) ) REPRESENTATION_CONTEXT ( 'NONE', 'WORKASPACE' ) );
#4633 =( GEOMETRIC_REPRESENTATION_CONTEXT ( 3 ) GLOBAL_UNCERTAINTY_ASSIGNED_CONTEXT ( ( #3563 ) ) GLOBAL_UNIT_ASSIGNED_CONTEXT ( ( #8592, #3359, #9473 ) ) REPRESENTATION_CONTEXT ( 'NONE', 'WORKASPACE' ) );
#4634 = ORIENTED_EDGE ( 'NONE', *, *, #617, .F. ) ;
#4635 = VECTOR ( 'NONE', #4830, 1000.000000000000000 ) ;
#4636 = SURFACE_STYLE_USAGE ( .BOTH. , #9860 ) ;
#4637 = CARTESIAN_POINT ( 'NONE',  ( -16.41748600286871400, 28.59637108839414700, 0.09279918387644607600 ) ) ;
#4638 =( NAMED_UNIT ( * ) PLANE_ANGLE_UNIT ( ) SI_UNIT ( $, .RADIAN. ) );
#4639 =( LENGTH_UNIT ( ) NAMED_UNIT ( * ) SI_UNIT ( .MILLI., .METRE. ) );
#4640 =( LENGTH_UNIT ( ) NAMED_UNIT ( * ) SI_UNIT ( .MILLI., .METRE. ) );
#4641 = CARTESIAN_POINT ( 'NONE',  ( -3.779144905611514300, 29.00000000000000400, -14.44955984253183300 ) ) ;
#4642 = PRESENTATION_STYLE_ASSIGNMENT (( #878 ) ) ;
#4643 = B_SPLINE_CURVE_WITH_KNOTS ( 'NONE', 3,
 ( #10043, #3945, #496, #6556, #1360, #7449, #2214, #8312, #3094, #9202, #3976, #10083, #4865, #10988, #5742, #538, #6595, #1399, #7488, #2251 ),
 .UNSPECIFIED., .F., .F.,
 ( 4, 2, 2, 2, 2, 2, 2, 2, 2, 4 ),
 ( -0.003915256269875908700, -0.003425850247097666400, -0.003181147235708545200, -0.002936444224319424000, -0.002447038201541180800, -0.001957632178762938400, -0.001468226155984696100, -0.0009788201332064532800, -0.0004894141104282109300, -8.087649969006072100E-009 ),
 .UNSPECIFIED. ) ;
#4644 = CARTESIAN_POINT ( 'NONE',  ( -16.70000000000000600, 28.89999999999999500, 8.300000000000000700 ) ) ;
#4645 = EDGE_LOOP ( 'NONE', ( #2940, #6849, #5593, #9999, #10308, #11002, #10414, #4082 ) ) ;
#4646 = VECTOR ( 'NONE', #8653, 1000.000000000000000 ) ;
#4647 = EDGE_CURVE ( 'NONE', #6766, #4035, #6672, .T. ) ;
#4648 = CARTESIAN_POINT ( 'NONE',  ( -18.16518021019060900, 25.27737001346801900, 1.249998804713272200 ) ) ;
#4649 = MECHANICAL_DESIGN_GEOMETRIC_PRESENTATION_REPRESENTATION (  '', ( #3471 ), #5246 ) ;
#4650 = CARTESIAN_POINT ( 'NONE',  ( -3.535533905932392700, 29.00000000000092700, -14.79289321881412900 ) ) ;
#4651 = CARTESIAN_POINT ( 'NONE',  ( -15.49573601964000100, 28.69999999999999600, 7.599999999999999600 ) ) ;
#4652 = AXIS2_PLACEMENT_3D ( 'NONE', #117, #5330, #9705 ) ;
#4653 = CARTESIAN_POINT ( 'NONE',  ( -9.400000000000005700, 33.37999999999999500, -0.02999999999999999200 ) ) ;
#4654 = DIRECTION ( 'NONE',  ( 1.000000000000000000, -0.0000000000000000000, -0.0000000000000000000 ) ) ;
#4655 = ORIENTED_EDGE ( 'NONE', *, *, #7012, .F. ) ;
#4656 = LINE ( 'NONE', #8493, #2321 ) ;
#4657 = COLOUR_RGB ( '',0.9803921568627450600, 0.6274509803921568500, 0.0000000000000000000 ) ;
#4658 = FILL_AREA_STYLE_COLOUR ( '', #2798 ) ;
#4659 = DIRECTION ( 'NONE',  ( 0.0000000000000000000, 0.0000000000000000000, -1.000000000000000000 ) ) ;
#4660 = SURFACE_STYLE_USAGE ( .BOTH. , #9884 ) ;
#4661 = CARTESIAN_POINT ( 'NONE',  ( -19.09273687422781800, 23.20450278419176400, 0.6286566205699998200 ) ) ;
#4662 = CARTESIAN_POINT ( 'NONE',  ( -17.26569738869353900, 26.71235220849584700, 1.021824716416417800 ) ) ;
#4663 = CARTESIAN_POINT ( 'NONE',  ( -19.09245699156159000, 22.99624079473849400, -0.6289355533277730700 ) ) ;
#4664 = DIRECTION ( 'NONE',  ( -0.0000000000000000000, -1.000000000000000000, 0.0000000000000000000 ) ) ;
#4665 = MECHANICAL_DESIGN_GEOMETRIC_PRESENTATION_REPRESENTATION (  '', ( #3488 ), #5265 ) ;
#4666 = AXIS2_PLACEMENT_3D ( 'NONE', #11026, #8359, #10170 ) ;
#4667 = EDGE_CURVE ( 'NONE', #10039, #8129, #10239, .T. ) ;
#4668 = VERTEX_POINT ( 'NONE', #8036 ) ;
#4669 = CARTESIAN_POINT ( 'NONE',  ( -19.20668131701000500, 29.03146187758999700, 0.6515839587365999100 ) ) ;
#4670 = CIRCLE ( 'NONE', #3860, 18.50000000000000000 ) ;
#4671 = DIRECTION ( 'NONE',  ( -1.000000000000000000, -0.0000000000000000000, -0.0000000000000000000 ) ) ;
#4672 = CARTESIAN_POINT ( 'NONE',  ( -17.76599953014785900, 28.71328131381832800, -1.559599406340336200 ) ) ;
#4673 = DIRECTION ( 'NONE',  ( 0.0000000000000000000, 0.0000000000000000000, 1.000000000000000000 ) ) ;
#4674 = CARTESIAN_POINT ( 'NONE',  ( -18.00000000000445500, 22.53816584453016600, -1.250000000000000000 ) ) ;
#4675 = CARTESIAN_POINT ( 'NONE',  ( 0.0000000000000000000, 1.235171079313854300E-008, 1.136543937106432600E-011 ) ) ;
#4676 = CARTESIAN_POINT ( 'NONE',  ( -18.16404647250999800, 25.68773973773999900, -1.650346701045000400 ) ) ;
#4677 = CARTESIAN_POINT ( 'NONE',  ( -18.00000000000000400, 28.69999240993016800, 0.0000000000000000000 ) ) ;
#4678 = ORIENTED_EDGE ( 'NONE', *, *, #4594, .F. ) ;
#4679 = VECTOR ( 'NONE', #10504, 1000.000000000000000 ) ;
#4680 = FACE_OUTER_BOUND ( 'NONE', #1928, .T. ) ;
#4681 = DIRECTION ( 'NONE',  ( -1.000000000000000000, 0.0000000000000000000, 0.0000000000000000000 ) ) ;
#4682 = EDGE_CURVE ( 'NONE', #2422, #5718, #974, .T. ) ;
#4683 = ORIENTED_EDGE ( 'NONE', *, *, #361, .T. ) ;
#4684 = CARTESIAN_POINT ( 'NONE',  ( -18.55421284043434900, 25.07472564788581000, -1.123414360072054800 ) ) ;
#4685 = CARTESIAN_POINT ( 'NONE',  ( 0.0000000000000000000, 1.235171079313854300E-008, 1.136543937106432600E-011 ) ) ;
#4686 = ORIENTED_EDGE ( 'NONE', *, *, #1031, .F. ) ;
#4687 = CARTESIAN_POINT ( 'NONE',  ( -9.300000000000002500, 32.82000000000000000, 0.0000000000000000000 ) ) ;
#4688 = SURFACE_SIDE_STYLE ('',( #10363 ) ) ;
#4689 = DIRECTION ( 'NONE',  ( 0.0000000000000000000, 0.0000000000000000000, -1.000000000000000000 ) ) ;
#4690 = FILL_AREA_STYLE_COLOUR ( '', #10444 ) ;
#4691 = COLOUR_RGB ( '',0.9803921568627450600, 0.6274509803921568500, 0.0000000000000000000 ) ;
#4692 = ORIENTED_EDGE ( 'NONE', *, *, #11180, .T. ) ;
#4693 = VERTEX_POINT ( 'NONE', #8909 ) ;
#4694 = EDGE_CURVE ( 'NONE', #11176, #5718, #7904, .T. ) ;
#4695 = DIRECTION ( 'NONE',  ( 0.0000000000000000000, 0.0000000000000000000, -1.000000000000000000 ) ) ;
#4696 = MECHANICAL_DESIGN_GEOMETRIC_PRESENTATION_REPRESENTATION (  '', ( #1786 ), #5301 ) ;
#4697 = CARTESIAN_POINT ( 'NONE',  ( -17.38212434748285400, 24.49673431315154600, -1.090526322804636500 ) ) ;
#4698 = VECTOR ( 'NONE', #9094, 1000.000000000000000 ) ;
#4699 = SURFACE_SIDE_STYLE ('',( #8767 ) ) ;
#4700 = CARTESIAN_POINT ( 'NONE',  ( -17.71444349480670900, 26.89413252507913300, -1.225389016190195500 ) ) ;
#4701 = PRESENTATION_LAYER_ASSIGNMENT (  '', '', ( #3524 ) ) ;
#4702 = CARTESIAN_POINT ( 'NONE',  ( -17.99999999999964100, 23.16190584224041200, 1.250000000000000200 ) ) ;
#4703 = CIRCLE ( 'NONE', #2261, 0.8250000000000062800 ) ;
#4704 = ORIENTED_EDGE ( 'NONE', *, *, #8145, .T. ) ;
#4705 = CARTESIAN_POINT ( 'NONE',  ( -18.89679125115000200, 29.02654557377000100, -0.9138541043729997400 ) ) ;
#4706 = SURFACE_STYLE_FILL_AREA ( #351 ) ;
#4707 = VECTOR ( 'NONE', #540, 1000.000000000000000 ) ;
#4708 = CARTESIAN_POINT ( 'NONE',  ( -19.50271225567042100, 28.88073907072265100, 0.6062363908803095600 ) ) ;
#4709 = EDGE_CURVE ( 'NONE', #10185, #7809, #1446, .T. ) ;
#4710 = DIRECTION ( 'NONE',  ( 0.0000000000000000000, -1.000000000000000000, 0.0000000000000000000 ) ) ;
#4711 = CARTESIAN_POINT ( 'NONE',  ( -19.09273561021884200, 22.70448301259453000, 0.6286589787195409100 ) ) ;
#4712 = ORIENTED_EDGE ( 'NONE', *, *, #1580, .T. ) ;
#4713 = CARTESIAN_POINT ( 'NONE',  ( -17.43615744166668000, 26.56837263152076600, 1.353575494436336700 ) ) ;
#4714 = STYLED_ITEM ( 'NONE', ( #47 ), #4259 ) ;
#4715 = ORIENTED_EDGE ( 'NONE', *, *, #10106, .F. ) ;
#4716 = CARTESIAN_POINT ( 'NONE',  ( -16.90606688543087100, 24.67111618729799000, -1.359899149831800500 ) ) ;
#4717 = STYLED_ITEM ( 'NONE', ( #1380 ), #9463 ) ;
#4718 = SURFACE_STYLE_FILL_AREA ( #1959 ) ;
#4719 = B_SPLINE_CURVE_WITH_KNOTS ( 'NONE', 3,
 ( #400, #9107, #11045, #557, #7356, #6647, #7426, #1300, #2305, #2267, #1458, #3111, #10024, #5760, #6505, #8259, #8187, #4883, #439, #3145, #5714, #7502, #2971, #11004, #10139, #10102, #10064, #6612, #6573, #9172, #2376, #2332, #500, #3216, #1287 ),
 .UNSPECIFIED., .F., .F.,
 ( 4, 1, 1, 1, 1, 1, 1, 1, 1, 1, 1, 1, 1, 1, 1, 1, 1, 1, 1, 1, 1, 1, 1, 1, 1, 1, 1, 1, 1, 1, 1, 1, 4 ),
 ( 0.0000000000000000000, 0.0004737621534542660800, 0.001704038505865991600, 0.002934314858277713200, 0.004164591210689425600, 0.005394867563101143200, 0.006625143915512864300, 0.007855420267924585400, 0.009085696620336302200, 0.01031597297274801900, 0.01154624932515973700, 0.01277652567757145800, 0.01400680202998317400, 0.01523707838239489300, 0.01646735473480661500, 0.01769763108721833200, 0.01892790743963004800, 0.02015818379204176500, 0.02138846014445348200, 0.02261873649686520600, 0.02384901284927691900, 0.02507928920168864300, 0.02630956555410035900, 0.02753984190651207600, 0.02877011825892379300, 0.03000039461133551300, 0.03123067096374723000, 0.03246094731615895000, 0.03369122366857067000, 0.03492150002098238400, 0.03615177637339410400, 0.03738205272580582400, 0.03785581554969320200 ),
 .UNSPECIFIED. ) ;
#4720 = CARTESIAN_POINT ( 'NONE',  ( -0.6470537030290046700, -17.20000000223977600, -2.106392494807740200E-015 ) ) ;
#4721 = LINE ( 'NONE', #8282, #9365 ) ;
#4722 = SURFACE_STYLE_FILL_AREA ( #2266 ) ;
#4723 = ORIENTED_EDGE ( 'NONE', *, *, #8594, .T. ) ;
#4724 = EDGE_LOOP ( 'NONE', ( #5143, #4577, #2609, #9610, #1855 ) ) ;
#4725 = UNCERTAINTY_MEASURE_WITH_UNIT (LENGTH_MEASURE( 1.000000000000000100E-005 ), #5443, 'distance_accuracy_value', 'NONE');
#4726 =( NAMED_UNIT ( * ) SI_UNIT ( $, .STERADIAN. ) SOLID_ANGLE_UNIT ( ) );
#4727 = CARTESIAN_POINT ( 'NONE',  ( -18.00000000000000000, 27.16253823967096900, 1.250000000000001100 ) ) ;
#4728 = CARTESIAN_POINT ( 'NONE',  ( -17.83483541378346300, 22.79836991986344000, 1.249999999999492200 ) ) ;
#4729 =( NAMED_UNIT ( * ) PLANE_ANGLE_UNIT ( ) SI_UNIT ( $, .RADIAN. ) );
#4730 = ORIENTED_EDGE ( 'NONE', *, *, #9749, .F. ) ;
#4732 = FACE_OUTER_BOUND ( 'NONE', #4046, .T. ) ;
#4731 = DIRECTION ( 'NONE',  ( 0.0000000000000000000, 0.0000000000000000000, -1.000000000000000000 ) ) ;
#4733 = CARTESIAN_POINT ( 'NONE',  ( -18.99924590880258900, 24.11069749513747600, -0.7685130631551482200 ) ) ;
#4734 = SURFACE_SIDE_STYLE ('',( #3400 ) ) ;
#4735 = PRESENTATION_LAYER_ASSIGNMENT (  '', '', ( #4133 ) ) ;
#4736 = MECHANICAL_DESIGN_GEOMETRIC_PRESENTATION_REPRESENTATION (  '', ( #3559 ), #5336 ) ;
#4737 = EDGE_CURVE ( 'NONE', #5846, #2215, #3547, .T. ) ;
#4738 = ORIENTED_EDGE ( 'NONE', *, *, #6454, .T. ) ;
#4739 = CARTESIAN_POINT ( 'NONE',  ( 0.0000000000000000000, 15.71288563568130500, -9.765000000000000600 ) ) ;
#4740 = CARTESIAN_POINT ( 'NONE',  ( -18.62902567186527100, 26.62054659750768000, 1.092448734537129200 ) ) ;
#4741 = ORIENTED_EDGE ( 'NONE', *, *, #7446, .T. ) ;
#4742 = SURFACE_STYLE_USAGE ( .BOTH. , #9954 ) ;
#4743 = FILL_AREA_STYLE_COLOUR ( '', #2123 ) ;
#4744 = FACE_OUTER_BOUND ( 'NONE', #3500, .T. ) ;
#4745 = ADVANCED_FACE ( 'NONE', ( #2996 ), #8860, .F. ) ;
#4746 = SURFACE_STYLE_USAGE ( .BOTH. , #9963 ) ;
#4747 = ORIENTED_EDGE ( 'NONE', *, *, #277, .F. ) ;
#4748 = CIRCLE ( 'NONE', #10599, 1.250000000000000000 ) ;
#4749 = PRESENTATION_LAYER_ASSIGNMENT (  '', '', ( #3571 ) ) ;
#4750 = EDGE_CURVE ( 'NONE', #6589, #8120, #11228, .T. ) ;
#4751 = FILL_AREA_STYLE_COLOUR ( '', #9984 ) ;
#4752 = DIRECTION ( 'NONE',  ( -1.000000000000000000, -0.0000000000000000000, -0.0000000000000000000 ) ) ;
#4753 =( NAMED_UNIT ( * ) PLANE_ANGLE_UNIT ( ) SI_UNIT ( $, .RADIAN. ) );
#4754 = DIRECTION ( 'NONE',  ( -0.0000000000000000000, -0.0000000000000000000, 1.000000000000000000 ) ) ;
#4755 = SURFACE_STYLE_USAGE ( .BOTH. , #9970 ) ;
#4756 = CARTESIAN_POINT ( 'NONE',  ( -17.82374643869676200, 25.48307515753878500, 1.736244313392443500 ) ) ;
#4757 = CIRCLE ( 'NONE', #6759, 9.500000000000000000 ) ;
#4758 = ORIENTED_EDGE ( 'NONE', *, *, #3131, .T. ) ;
#4759 = FACE_OUTER_BOUND ( 'NONE', #7107, .T. ) ;
#4760 = UNCERTAINTY_MEASURE_WITH_UNIT (LENGTH_MEASURE( 1.000000000000000100E-005 ), #7465, 'distance_accuracy_value', 'NONE');
#4761 = SURFACE_SIDE_STYLE ('',( #6817 ) ) ;
#4762 = LINE ( 'NONE', #1415, #2439 ) ;
#4763 = LINE ( 'NONE', #6684, #9117 ) ;
#4764 = CARTESIAN_POINT ( 'NONE',  ( -18.32716175165310400, 24.55867269361357000, -1.217502264302415100 ) ) ;
#4765 = CARTESIAN_POINT ( 'NONE',  ( -16.78230004598067300, 27.26635126140364200, 0.3266925393218331200 ) ) ;
#4766 = CARTESIAN_POINT ( 'NONE',  ( -16.75010545999709400, 22.90294617895265700, 0.1638222731444588200 ) ) ;
#4767 = DIRECTION ( 'NONE',  ( 0.0000000000000000000, 0.0000000000000000000, -1.000000000000000000 ) ) ;
#4768 = DIRECTION ( 'NONE',  ( 0.0000000000000000000, -0.0000000000000000000, 1.000000000000000000 ) ) ;
#4769 = VERTEX_POINT ( 'NONE', #5518 ) ;
#4770 = COLOUR_RGB ( '',0.1098039215686274500, 0.1098039215686274500, 0.1098039215686274500 ) ;
#4771 = DIRECTION ( 'NONE',  ( 0.0000000000000000000, 1.000000000000000000, 0.0000000000000000000 ) ) ;
#4772 = CARTESIAN_POINT ( 'NONE',  ( -18.99921926446555900, 26.08923936808549700, 0.7685400477440702500 ) ) ;
#4773 = CARTESIAN_POINT ( 'NONE',  ( -18.55359570543295800, 26.44824140122801400, -1.123696708693812100 ) ) ;
#4774 = SURFACE_STYLE_USAGE ( .BOTH. , #9996 ) ;
#4775 = DIRECTION ( 'NONE',  ( 0.0000000000000000000, -1.000000000000000000, 0.0000000000000000000 ) ) ;
#4776 = ORIENTED_EDGE ( 'NONE', *, *, #972, .T. ) ;
#4777 = ORIENTED_EDGE ( 'NONE', *, *, #3521, .F. ) ;
#4778 = EDGE_CURVE ( 'NONE', #3335, #10173, #10317, .T. ) ;
#4779 = VECTOR ( 'NONE', #3709, 1000.000000000000000 ) ;
#4780 = CARTESIAN_POINT ( 'NONE',  ( -5.999999999999998200, 13.91563060015608100, 9.764999999999998800 ) ) ;
#4781 = AXIS2_PLACEMENT_3D ( 'NONE', #9723, #8873, #10578 ) ;
#4782 = STYLED_ITEM ( 'NONE', ( #5757 ), #11138 ) ;
#4783 =( GEOMETRIC_REPRESENTATION_CONTEXT ( 3 ) GLOBAL_UNCERTAINTY_ASSIGNED_CONTEXT ( ( #723 ) ) GLOBAL_UNIT_ASSIGNED_CONTEXT ( ( #637, #6691, #1493 ) ) REPRESENTATION_CONTEXT ( 'NONE', 'WORKASPACE' ) );
#4784 = ORIENTED_EDGE ( 'NONE', *, *, #6995, .T. ) ;
#4785 = FACE_OUTER_BOUND ( 'NONE', #7175, .T. ) ;
#4786 = DIRECTION ( 'NONE',  ( 0.0000000000000000000, -1.000000000000000000, 0.0000000000000000000 ) ) ;
#4787 = CARTESIAN_POINT ( 'NONE',  ( -18.00000000000000000, 25.53752767307791100, -1.250000000000001100 ) ) ;
#4788 = SURFACE_SIDE_STYLE ('',( #8055 ) ) ;
#4789 = PRESENTATION_STYLE_ASSIGNMENT (( #5135 ) ) ;
#4790 = CARTESIAN_POINT ( 'NONE',  ( -19.34481475249497300, 26.29503412777878800, -1.112242318981386400 ) ) ;
#4791 = FILL_AREA_STYLE ('',( #9533 ) ) ;
#4792 = B_SPLINE_CURVE_WITH_KNOTS ( 'NONE', 3,
 ( #4601, #3853, #4558, #4684, #4606, #4566, #4531, #4494, #3658, #2780, #1945, #1912, #1156, #1087, #1051, #1006, #173, #10662, #4648, #320 ),
 .UNSPECIFIED., .F., .F.,
 ( 4, 2, 2, 2, 2, 2, 2, 2, 2, 4 ),
 ( -0.01957596143447244700, -0.01908656693983313400, -0.01884186969251348500, -0.01859717244519383200, -0.01810777795055452200, -0.01761838345591521300, -0.01712898896127590400, -0.01663959446663659100, -0.01615019997199728200, -0.01566080547735797200 ),
 .UNSPECIFIED. ) ;
#4793 = FILL_AREA_STYLE ('',( #8250 ) ) ;
#4794 = MECHANICAL_DESIGN_GEOMETRIC_PRESENTATION_REPRESENTATION (  '', ( #3627 ), #5397 ) ;
#4795 = CARTESIAN_POINT ( 'NONE',  ( -18.76804342280916100, 24.73512242491999700, 0.9998972783452833000 ) ) ;
#4796 = VERTEX_POINT ( 'NONE', #1258 ) ;
#4797 = FILL_AREA_STYLE_COLOUR ( '', #4045 ) ;
#4798 = STYLED_ITEM ( 'NONE', ( #8423 ), #10016 ) ;
#4799 = FACE_OUTER_BOUND ( 'NONE', #5271, .T. ) ;
#4800 = SURFACE_STYLE_USAGE ( .BOTH. , #10021 ) ;
#4801 = DIRECTION ( 'NONE',  ( 1.000000000000000000, -0.0000000000000000000, -0.0000000000000000000 ) ) ;
#4802 = FILL_AREA_STYLE ('',( #3922 ) ) ;
#4803 = DIRECTION ( 'NONE',  ( 0.0000000000000000000, 0.0000000000000000000, 1.000000000000000000 ) ) ;
#4804 = DIRECTION ( 'NONE',  ( 0.0000000000000000000, 0.0000000000000000000, 1.000000000000000000 ) ) ;
#4805 = DIRECTION ( 'NONE',  ( -0.0000000000000000000, -0.0000000000000000000, 1.000000000000000000 ) ) ;
#4806 = ORIENTED_EDGE ( 'NONE', *, *, #3234, .F. ) ;
#4807 = SURFACE_STYLE_FILL_AREA ( #2204 ) ;
#4808 = PRESENTATION_STYLE_ASSIGNMENT (( #10683 ) ) ;
#4809 = CARTESIAN_POINT ( 'NONE',  ( -3.408298889321787200, 11.89102728400805200, 14.81942521455271100 ) ) ;
#4810 = CARTESIAN_POINT ( 'NONE',  ( -16.90766064767172600, 25.37122819295877500, 0.6291232458661700800 ) ) ;
#4811 = AXIS2_PLACEMENT_3D ( 'NONE', #8402, #10169, #2327 ) ;
#4812 = B_SPLINE_CURVE_WITH_KNOTS ( 'NONE', 3,
 ( #1864, #10693, #241, #6313, #1114, #7194, #1978, #8067, #2843, #8947, #3724, #9827, #4598, #10734, #5482, #279, #6352, #1146, #7231, #2011 ),
 .UNSPECIFIED., .F., .F.,
 ( 4, 2, 2, 2, 2, 2, 2, 2, 2, 4 ),
 ( -0.01957647073768333700, -0.01908705448823271700, -0.01884234636350740800, -0.01859763823878209800, -0.01810822198933147900, -0.01761880573988085900, -0.01712938949043024300, -0.01663997324097962400, -0.01615055699152900500, -0.01566114074207838500 ),
 .UNSPECIFIED. ) ;
#4813 = EDGE_CURVE ( 'NONE', #3398, #11227, #2175, .T. ) ;
#4814 = CARTESIAN_POINT ( 'NONE',  ( -17.37153219807307300, 26.37062181802011200, -1.092740515634247100 ) ) ;
#4815 = VERTEX_POINT ( 'NONE', #9062 ) ;
#4816 = UNCERTAINTY_MEASURE_WITH_UNIT (LENGTH_MEASURE( 1.000000000000000100E-005 ), #606, 'distance_accuracy_value', 'NONE');
#4817 = COLOUR_RGB ( '',1.000000000000000000, 1.000000000000000000, 0.9490196078431372100 ) ;
#4818 = VECTOR ( 'NONE', #1840, 1000.000000000000000 ) ;
#4819 = DIRECTION ( 'NONE',  ( -0.0000000000000000000, 1.000000000000000000, -0.0000000000000000000 ) ) ;
#4820 = ADVANCED_FACE ( 'NONE', ( #1921 ), #10095, .F. ) ;
#4821 = EDGE_LOOP ( 'NONE', ( #9651, #5100, #6716, #7562 ) ) ;
#4822 = CARTESIAN_POINT ( 'NONE',  ( -18.26487939872009400, 28.42864668569022500, -1.228918241663904600 ) ) ;
#4823 = DIRECTION ( 'NONE',  ( 0.0000000000000000000, 1.000000000000000000, 0.0000000000000000000 ) ) ;
#4824 = FILL_AREA_STYLE ('',( #7118 ) ) ;
#4825 = VERTEX_POINT ( 'NONE', #3027 ) ;
#4826 = CARTESIAN_POINT ( 'NONE',  ( -19.30000000000000400, 28.89999999999999500, 8.599999999999999600 ) ) ;
#4827 =( NAMED_UNIT ( * ) PLANE_ANGLE_UNIT ( ) SI_UNIT ( $, .RADIAN. ) );
#4828 = MECHANICAL_DESIGN_GEOMETRIC_PRESENTATION_REPRESENTATION (  '', ( #3664 ), #5429 ) ;
#4829 = LINE ( 'NONE', #5355, #7148 ) ;
#4830 = DIRECTION ( 'NONE',  ( 0.0000000000000000000, 1.000000000000000000, -3.100554544781976400E-015 ) ) ;
#4831 = FACE_BOUND ( 'NONE', #8517, .T. ) ;
#4832 =( GEOMETRIC_REPRESENTATION_CONTEXT ( 3 ) GLOBAL_UNCERTAINTY_ASSIGNED_CONTEXT ( ( #7705 ) ) GLOBAL_UNIT_ASSIGNED_CONTEXT ( ( #947, #7021, #1813 ) ) REPRESENTATION_CONTEXT ( 'NONE', 'WORKASPACE' ) );
#4833 = LINE ( 'NONE', #1309, #4551 ) ;
#4834 =( NAMED_UNIT ( * ) PLANE_ANGLE_UNIT ( ) SI_UNIT ( $, .RADIAN. ) );
#4835 = ORIENTED_EDGE ( 'NONE', *, *, #8400, .F. ) ;
#4836 = CARTESIAN_POINT ( 'NONE',  ( -20.10000000000000500, 33.89999999999999900, -9.400000000000000400 ) ) ;
#4837 = VECTOR ( 'NONE', #6822, 1000.000000000000000 ) ;
#4838 = CARTESIAN_POINT ( 'NONE',  ( -18.99924218471160100, 25.61006986720994400, -0.7685190956235665700 ) ) ;
#4839 = DIRECTION ( 'NONE',  ( 0.0000000000000000000, 1.000000000000000000, 0.0000000000000000000 ) ) ;
#4840 = CARTESIAN_POINT ( 'NONE',  ( -18.62606078076267800, 24.07964704383329400, -1.084996480971363900 ) ) ;
#4841 = ADVANCED_FACE ( 'NONE', ( #3404 ), #6942, .F. ) ;
#4842 = FILL_AREA_STYLE_COLOUR ( '', #1228 ) ;
#4843 = CIRCLE ( 'NONE', #1754, 19.00000000000000000 ) ;
#4844 = DIRECTION ( 'NONE',  ( -0.0000000000000000000, -0.0000000000000000000, -1.000000000000000000 ) ) ;
#4845 = ORIENTED_EDGE ( 'NONE', *, *, #1341, .T. ) ;
#4846 = EDGE_CURVE ( 'NONE', #8910, #4668, #9281, .T. ) ;
#4847 = ORIENTED_EDGE ( 'NONE', *, *, #2441, .F. ) ;
#4848 = PRESENTATION_LAYER_ASSIGNMENT (  '', '', ( #4245 ) ) ;
#4849 = CARTESIAN_POINT ( 'NONE',  ( -17.86792488181999900, 27.97705967939000600, -1.278197084854000100 ) ) ;
#4850 = PRESENTATION_STYLE_ASSIGNMENT (( #7291 ) ) ;
#4851 = AXIS2_PLACEMENT_3D ( 'NONE', #10634, #154, #3710 ) ;
#4852 =( NAMED_UNIT ( * ) PLANE_ANGLE_UNIT ( ) SI_UNIT ( $, .RADIAN. ) );
#4853 = AXIS2_PLACEMENT_3D ( 'NONE', #3823, #9918, #4695 ) ;
#4854 = CARTESIAN_POINT ( 'NONE',  ( -17.37395180254414800, 27.32934009867672000, 1.085004937258417400 ) ) ;
#4855 = COLOUR_RGB ( '',0.9803921568627450600, 0.6274509803921568500, 0.0000000000000000000 ) ;
#4856 = ORIENTED_EDGE ( 'NONE', *, *, #5338, .T. ) ;
#4857 = CARTESIAN_POINT ( 'NONE',  ( -17.36996054772467000, 26.20337934237446800, 1.091825788624102100 ) ) ;
#4858 = EDGE_LOOP ( 'NONE', ( #1513, #4776, #5566, #10754 ) ) ;
#4859 = CARTESIAN_POINT ( 'NONE',  ( -18.82006148178000500, 26.18018006476999900, 0.9894193891750999700 ) ) ;
#4860 = LINE ( 'NONE', #6118, #8950 ) ;
#4861 =( LENGTH_UNIT ( ) NAMED_UNIT ( * ) SI_UNIT ( .MILLI., .METRE. ) );
#4862 = CARTESIAN_POINT ( 'NONE',  ( -19.21722424648172400, 24.55873424602394600, 0.3277180321671189800 ) ) ;
#4863 = LINE ( 'NONE', #9682, #2543 ) ;
#4864 = EDGE_CURVE ( 'NONE', #4014, #3941, #295, .T. ) ;
#4865 = CARTESIAN_POINT ( 'NONE',  ( -16.78225284944185700, 28.30743783718957800, -0.3261545652681744300 ) ) ;
#4866 = LINE ( 'NONE', #1155, #4588 ) ;
#4867 = CARTESIAN_POINT ( 'NONE',  ( -0.8529462969710035500, 0.0000000000000000000, 0.0000000000000000000 ) ) ;
#4868 = CARTESIAN_POINT ( 'NONE',  ( -19.28241990035000000, 25.75019812006999900, -1.051643797994999700 ) ) ;
#4869 = AXIS2_PLACEMENT_3D ( 'NONE', #2993, #9098, #3875 ) ;
#4870 = VERTEX_POINT ( 'NONE', #3061 ) ;
#4871 =( BOUNDED_SURFACE ( )  B_SPLINE_SURFACE ( 3, 3, ( 
 ( #159, #3642, #9750, #4517 ),
 ( #10638, #5407, #193, #6269 ),
 ( #1069, #7146, #1931, #8020 ),
 ( #2797, #8898, #3680, #9787 ) ),
 .UNSPECIFIED., .F., .F., .F. ) 
 B_SPLINE_SURFACE_WITH_KNOTS ( ( 4, 4 ),
 ( 4, 4 ),
 ( 0.0000000000000000000, 1.000000000000000000 ),
 ( 0.0000000000000000000, 1.000000000000000000 ),
 .UNSPECIFIED. ) 
 GEOMETRIC_REPRESENTATION_ITEM ( )  RATIONAL_B_SPLINE_SURFACE ( (
 ( 1.000000000000000000, 0.3333333333333334300, 0.3333333333333334300, 1.000000000000000000),
 ( 0.8695484763366226900, 0.2898494921122076200, 0.2898494921122076200, 0.8695484763366226900),
 ( 0.8695484763366226900, 0.2898494921122076200, 0.2898494921122076200, 0.8695484763366226900),
 ( 1.000000000000000000, 0.3333333333333334300, 0.3333333333333334300, 1.000000000000000000) ) ) 
 REPRESENTATION_ITEM ( '' )  SURFACE ( )  );
#4872 = CARTESIAN_POINT ( 'NONE',  ( -0.8529462969710034400, -17.20000000223977200, -34.40000000447954400 ) ) ;
#4873 = PRESENTATION_LAYER_ASSIGNMENT (  '', '', ( #3102 ) ) ;
#4874 = ORIENTED_EDGE ( 'NONE', *, *, #10326, .F. ) ;
#4875 = FILL_AREA_STYLE ('',( #8322 ) ) ;
#4876 = FACE_OUTER_BOUND ( 'NONE', #11031, .T. ) ;
#4877 = CARTESIAN_POINT ( 'NONE',  ( -17.09628279106804500, 26.47367125544916500, -0.8754664357626464900 ) ) ;
#4878 = APPLICATION_PROTOCOL_DEFINITION ( 'draft international standard', 'automotive_design', 1998, #7460 ) ;
#4879 = DIRECTION ( 'NONE',  ( 0.9743700647855125800, 0.2249510543426638300, 0.0000000000000000000 ) ) ;
#4880 = CARTESIAN_POINT ( 'NONE',  ( -50.00000000000000000, 0.0000000000000000000, 9.500000000000000000 ) ) ;
#4881 = ORIENTED_EDGE ( 'NONE', *, *, #6666, .T. ) ;
#4882 =( NAMED_UNIT ( * ) SI_UNIT ( $, .STERADIAN. ) SOLID_ANGLE_UNIT ( ) );
#4883 = CARTESIAN_POINT ( 'NONE',  ( -16.33174056563324000, 23.62373716059780500, -0.5123671469683901400 ) ) ;
#4884 = FILL_AREA_STYLE_COLOUR ( '', #8916 ) ;
#4885 = VECTOR ( 'NONE', #8368, 1000.000000000000000 ) ;
#4886 = CARTESIAN_POINT ( 'NONE',  ( -15.60000000000000300, 28.69999999999999600, -7.495736019642000000 ) ) ;
#4887 = STYLED_ITEM ( 'NONE', ( #6769 ), #6626 ) ;
#4888 = AXIS2_PLACEMENT_3D ( 'NONE', #316, #6383, #1185 ) ;
#4889 = EDGE_CURVE ( 'NONE', #2013, #9015, #4918, .T. ) ;
#4890 = ORIENTED_EDGE ( 'NONE', *, *, #10513, .F. ) ;
#4891 = CARTESIAN_POINT ( 'NONE',  ( -18.99168399142000000, 27.16510070915000000, 0.8171869141514998000 ) ) ;
#4892 = CARTESIAN_POINT ( 'NONE',  ( -18.51890007283866200, 28.07200984555431600, -1.145052499188024400 ) ) ;
#4893 =( NAMED_UNIT ( * ) SI_UNIT ( $, .STERADIAN. ) SOLID_ANGLE_UNIT ( ) );
#4894 = CARTESIAN_POINT ( 'NONE',  ( -17.67262834163182800, 27.51697508885358400, -1.217479223748374500 ) ) ;
#4895 = DIRECTION ( 'NONE',  ( -1.000000000000000000, -0.0000000000000000000, -0.0000000000000000000 ) ) ;
#4896 = DIRECTION ( 'NONE',  ( -1.000000000000000000, 0.0000000000000000000, 0.0000000000000000000 ) ) ;
#4897 = LINE ( 'NONE', #8654, #6923 ) ;
#4898 = CARTESIAN_POINT ( 'NONE',  ( 0.0000000000000000000, 14.07072955608109400, 9.892146873130997200 ) ) ;
#4899 = FILL_AREA_STYLE ('',( #10118 ) ) ;
#4900 = CYLINDRICAL_SURFACE ( 'NONE', #1431, 10.50000000000000000 ) ;
#4901 = AXIS2_PLACEMENT_3D ( 'NONE', #672, #6722, #1526 ) ;
#4902 = CARTESIAN_POINT ( 'NONE',  ( -17.30175051168000200, 26.28427736865000600, 0.9743813695649997700 ) ) ;
#4903 = ORIENTED_EDGE ( 'NONE', *, *, #562, .T. ) ;
#4904 = ADVANCED_FACE ( 'NONE', ( #2586 ), #6543, .F. ) ;
#4905 = SURFACE_STYLE_USAGE ( .BOTH. , #4087 ) ;
#4906 = UNCERTAINTY_MEASURE_WITH_UNIT (LENGTH_MEASURE( 1.000000000000000100E-005 ), #1519, 'distance_accuracy_value', 'NONE');
#4907 = EDGE_CURVE ( 'NONE', #779, #8967, #5868, .T. ) ;
#4908 = DIRECTION ( 'NONE',  ( -0.0000000000000000000, 1.000000000000000000, 0.0000000000000000000 ) ) ;
#4909 = FACE_OUTER_BOUND ( 'NONE', #8697, .T. ) ;
#4910 = CARTESIAN_POINT ( 'NONE',  ( -17.47785578807030000, 26.38185689797360200, 1.253643557381885800 ) ) ;
#4911 = FILL_AREA_STYLE ('',( #4012 ) ) ;
#4912 = CARTESIAN_POINT ( 'NONE',  ( -1.499999999999999800, -16.30043030675197700, -1.996226979988831600E-015 ) ) ;
#4913 = CARTESIAN_POINT ( 'NONE',  ( -16.66728716028766800, 24.46006051870400100, 0.2610234355054845700 ) ) ;
#4914 = CARTESIAN_POINT ( 'NONE',  ( -9.300000000000002500, 34.00000000000000000, -0.02999999999999999200 ) ) ;
#4915 = CARTESIAN_POINT ( 'NONE',  ( -18.53250886671000700, 24.19618899367998900, -1.766709756628000300 ) ) ;
#4916 = CIRCLE ( 'NONE', #3701, 17.10000000000000100 ) ;
#4917 = ORIENTED_EDGE ( 'NONE', *, *, #3876, .T. ) ;
#4918 = CIRCLE ( 'NONE', #1737, 11.89999999999999300 ) ;
#4919 = LINE ( 'NONE', #8196, #2589 ) ;
#4920 =( LENGTH_UNIT ( ) NAMED_UNIT ( * ) SI_UNIT ( .MILLI., .METRE. ) );
#4921 = CARTESIAN_POINT ( 'NONE',  ( -15.60000000000000300, 28.89999999999999500, -9.099999999999999600 ) ) ;
#4922 = DIRECTION ( 'NONE',  ( 0.0000000000000000000, -0.0000000000000000000, 1.000000000000000000 ) ) ;
#4923 = CARTESIAN_POINT ( 'NONE',  ( -16.99733827434000200, 26.57618018648999900, 1.399177402635000100 ) ) ;
#4924 = AXIS2_PLACEMENT_3D ( 'NONE', #10642, #5410, #3686 ) ;
#4925 = CIRCLE ( 'NONE', #6318, 16.30043030675197700 ) ;
#4926 = CARTESIAN_POINT ( 'NONE',  ( -16.96776765020338800, 22.72519202323281100, -1.040423338932469100 ) ) ;
#4927 = FILL_AREA_STYLE ('',( #2270 ) ) ;
#4928 = SURFACE_SIDE_STYLE ('',( #10025 ) ) ;
#4929 = SURFACE_STYLE_FILL_AREA ( #10990 ) ;
#4930 = ORIENTED_EDGE ( 'NONE', *, *, #5607, .F. ) ;
#4931 = LINE ( 'NONE', #11242, #306 ) ;
#4932 = CARTESIAN_POINT ( 'NONE',  ( -16.72004054086000100, 26.35314173890000000, 0.1146967503791000400 ) ) ;
#4933 = FILL_AREA_STYLE ('',( #4034 ) ) ;
#4934 =( NAMED_UNIT ( * ) SI_UNIT ( $, .STERADIAN. ) SOLID_ANGLE_UNIT ( ) );
#4935 =( LENGTH_UNIT ( ) NAMED_UNIT ( * ) SI_UNIT ( .MILLI., .METRE. ) );
#4936 = CARTESIAN_POINT ( 'NONE',  ( -19.25014865671192900, 28.04758648160446600, 0.1635428163142513000 ) ) ;
#4937 = ADVANCED_FACE ( 'NONE', ( #8171, #3819 ), #951, .T. ) ;
#4938 = CARTESIAN_POINT ( 'NONE',  ( -17.00009544137011000, 23.73510414787194700, 0.7677633056108774700 ) ) ;
#4939 = ORIENTED_EDGE ( 'NONE', *, *, #4101, .F. ) ;
#4940 = EDGE_CURVE ( 'NONE', #7857, #766, #2715, .T. ) ;
#4941 = DIRECTION ( 'NONE',  ( 0.0000000000000000000, -0.0000000000000000000, 1.000000000000000000 ) ) ;
#4942 = LINE ( 'NONE', #9695, #6966 ) ;
#4943 =( GEOMETRIC_REPRESENTATION_CONTEXT ( 3 ) GLOBAL_UNCERTAINTY_ASSIGNED_CONTEXT ( ( #10476 ) ) GLOBAL_UNIT_ASSIGNED_CONTEXT ( ( #10751, #3038, #1773 ) ) REPRESENTATION_CONTEXT ( 'NONE', 'WORKASPACE' ) );
#4944 = PRODUCT_DEFINITION ( 'UNKNOWN', '', #9023, #3165 ) ;
#4945 = CARTESIAN_POINT ( 'NONE',  ( -15.63656795969684800, 18.43245102031643900, 1.611251609323431500 ) ) ;
#4946 = FILL_AREA_STYLE ('',( #4051 ) ) ;
#4947 = FILL_AREA_STYLE_COLOUR ( '', #1715 ) ;
#4948 = FILL_AREA_STYLE_COLOUR ( '', #9956 ) ;
#4949 = CARTESIAN_POINT ( 'NONE',  ( -8.600000000000356700, 39.89999999999989200, 3.149999999999966200 ) ) ;
#4950 = SURFACE_SIDE_STYLE ('',( #2686 ) ) ;
#4951 = ORIENTED_EDGE ( 'NONE', *, *, #2115, .T. ) ;
#4952 = COLOUR_RGB ( '',1.000000000000000000, 1.000000000000000000, 0.9490196078431372100 ) ;
#4953 = SURFACE_STYLE_USAGE ( .BOTH. , #10172 ) ;
#4954 = CARTESIAN_POINT ( 'NONE',  ( -0.8529462969709827900, 15.05000000000000100, 0.0000000000000000000 ) ) ;
#4955 = B_SPLINE_CURVE_WITH_KNOTS ( 'NONE', 3,
 ( #1491, #2304, #9337, #4100, #10216, #5008, #11120, #5871, #674, #6725, #1529, #7619, #2388, #8496, #3260, #9377, #4137, #10253, #5042, #11160 ),
 .UNSPECIFIED., .F., .F.,
 ( 4, 2, 2, 2, 2, 2, 2, 2, 2, 4 ),
 ( -0.007830517901435192500, -0.007341108487467659800, -0.007096403780483893900, -0.006851699073500127100, -0.006362289659532587500, -0.005872880245565047100, -0.005383470831597507400, -0.004894061417629967000, -0.004404652003662426500, -0.003915242589694886900 ),
 .UNSPECIFIED. ) ;
#4956 = LINE ( 'NONE', #7037, #327 ) ;
#4957 = CARTESIAN_POINT ( 'NONE',  ( -18.86163862134000300, 23.38423002343999700, 1.631689394973999900 ) ) ;
#4958 =( GEOMETRIC_REPRESENTATION_CONTEXT ( 3 ) GLOBAL_UNCERTAINTY_ASSIGNED_CONTEXT ( ( #7781 ) ) GLOBAL_UNIT_ASSIGNED_CONTEXT ( ( #8333, #3115, #9223 ) ) REPRESENTATION_CONTEXT ( 'NONE', 'WORKASPACE' ) );
#4959 = CARTESIAN_POINT ( 'NONE',  ( -27.89573601964000500, 22.50000000000000000, 1.895736019643000000 ) ) ;
#4960 = CARTESIAN_POINT ( 'NONE',  ( -0.3040217494789084800, 15.11695286011186900, 30.23390572022374900 ) ) ;
#4961 = AXIS2_PLACEMENT_3D ( 'NONE', #10098, #4879, #11003 ) ;
#4962 = EDGE_CURVE ( 'NONE', #4796, #6921, #5060, .T. ) ;
#4963 = ORIENTED_EDGE ( 'NONE', *, *, #3803, .T. ) ;
#4964 = COLOUR_RGB ( '',0.0000000000000000000, 0.0000000000000000000, 0.0000000000000000000 ) ;
#4965 = CARTESIAN_POINT ( 'NONE',  ( -19.42191341404000200, 26.24290213760000200, -1.176007528239000600 ) ) ;
#4966 = FILL_AREA_STYLE ('',( #8416 ) ) ;
#4967 = CARTESIAN_POINT ( 'NONE',  ( -18.18251749394000100, 25.78504067702000700, -1.836169589079000000 ) ) ;
#4968 = SURFACE_STYLE_FILL_AREA ( #2969 ) ;
#4969 = ADVANCED_FACE ( 'NONE', ( #420 ), #4871, .F. ) ;
#4970 = CARTESIAN_POINT ( 'NONE',  ( -1.444020278706815300, 15.46179454901447800, 3.787047440704914600E-015 ) ) ;
#4971 = ORIENTED_EDGE ( 'NONE', *, *, #2207, .T. ) ;
#4972 = VERTEX_POINT ( 'NONE', #6305 ) ;
#4973 = CARTESIAN_POINT ( 'NONE',  ( -18.14821271842000200, 27.82452708936000400, 1.464259266791000200 ) ) ;
#4974 = SURFACE_STYLE_FILL_AREA ( #11294 ) ;
#4975 = CARTESIAN_POINT ( 'NONE',  ( -17.39453914038488600, 26.50643172115461600, 1.453581899612833100 ) ) ;
#4976 = UNCERTAINTY_MEASURE_WITH_UNIT (LENGTH_MEASURE( 1.000000000000000100E-005 ), #2779, 'distance_accuracy_value', 'NONE');
#4977 = CARTESIAN_POINT ( 'NONE',  ( -18.60479044798000500, 23.69625824455999600, 1.133781330066999900 ) ) ;
#4978 = COLOUR_RGB ( '',1.000000000000000000, 0.0000000000000000000, 0.0000000000000000000 ) ;
#4979 = DIRECTION ( 'NONE',  ( -0.0000000000000000000, -0.0000000000000000000, -1.000000000000000000 ) ) ;
#4980 = DIRECTION ( 'NONE',  ( 0.0000000000000000000, 1.000000000000000000, 0.0000000000000000000 ) ) ;
#4981 = PRESENTATION_LAYER_ASSIGNMENT (  '', '', ( #3801 ) ) ;
#4982 = LINE ( 'NONE', #1543, #630 ) ;
#4983 = CARTESIAN_POINT ( 'NONE',  ( -17.83620687202699900, 23.90124706062948300, -1.250000000000079900 ) ) ;
#4984 = VECTOR ( 'NONE', #5758, 1000.000000000000000 ) ;
#4985 = EDGE_CURVE ( 'NONE', #1527, #8538, #505, .T. ) ;
#4986 = ADVANCED_FACE ( 'NONE', ( #3942 ), #6576, .F. ) ;
#4987 = ORIENTED_EDGE ( 'NONE', *, *, #7587, .F. ) ;
#4988 = CARTESIAN_POINT ( 'NONE',  ( -16.74993993923369500, 27.79753804640596100, -0.1626128149655650900 ) ) ;
#4989 = ORIENTED_EDGE ( 'NONE', *, *, #4529, .T. ) ;
#4990 = CARTESIAN_POINT ( 'NONE',  ( -18.99021463409000200, 26.05526330012000400, -0.8189667899334001100 ) ) ;
#4991 = LINE ( 'NONE', #4216, #4698 ) ;
#4992 = ORIENTED_EDGE ( 'NONE', *, *, #3876, .F. ) ;
#4993 = PLANE ( 'NONE',  #7741 ) ;
#4994 = DIRECTION ( 'NONE',  ( 0.0000000000000000000, -1.000000000000000000, 0.0000000000000000000 ) ) ;
#4995 = DIRECTION ( 'NONE',  ( 0.0000000000000000000, -0.0000000000000000000, 1.000000000000000000 ) ) ;
#4996 = CARTESIAN_POINT ( 'NONE',  ( -18.62606216490991400, 23.57963430012961200, -1.084995659702428600 ) ) ;
#4997 = FILL_AREA_STYLE_COLOUR ( '', #6232 ) ;
#4999 = ORIENTED_EDGE ( 'NONE', *, *, #9595, .T. ) ;
#4998 = CARTESIAN_POINT ( 'NONE',  ( -3.151141231990225200, 12.22835664804343000, -14.54267126374033100 ) ) ;
#5000 = FILL_AREA_STYLE ('',( #8446 ) ) ;
#5001 = MANIFOLD_SOLID_BREP ( 'Körper-Verschieben/Kopieren1[5]', #2191 ) ;
#5002 = CARTESIAN_POINT ( 'NONE',  ( -16.54363324026000700, 22.59309051397000400, -0.9176185488939000400 ) ) ;
#5003 = MECHANICAL_DESIGN_GEOMETRIC_PRESENTATION_REPRESENTATION (  '', ( #2640 ), #5568 ) ;
#5004 = CARTESIAN_POINT ( 'NONE',  ( -13.11869752117130600, 17.24904824913128100, -6.691553026831741100 ) ) ;
#5005 = FACE_OUTER_BOUND ( 'NONE', #6367, .T. ) ;
#5006 = VECTOR ( 'NONE', #7451, 1000.000000000000000 ) ;
#5007 = FILL_AREA_STYLE ('',( #5870 ) ) ;
#5008 = CARTESIAN_POINT ( 'NONE',  ( -18.76192359191156500, 27.58939169923218100, -0.9943060283874942700 ) ) ;
#5009 = CARTESIAN_POINT ( 'NONE',  ( -17.81364176544000000, 25.43094316736000600, 1.835783757339999800 ) ) ;
#5010 = ORIENTED_EDGE ( 'NONE', *, *, #8722, .F. ) ;
#5011 = CARTESIAN_POINT ( 'NONE',  ( -19.15957649869000400, 24.97308170677999700, 1.435343652568999800 ) ) ;
#5012 = LINE ( 'NONE', #3144, #9650 ) ;
#5013 = ORIENTED_EDGE ( 'NONE', *, *, #3647, .F. ) ;
#5014 = VERTEX_POINT ( 'NONE', #3865 ) ;
#5015 = EDGE_CURVE ( 'NONE', #1701, #4815, #16, .T. ) ;
#5016 =( GEOMETRIC_REPRESENTATION_CONTEXT ( 3 ) GLOBAL_UNCERTAINTY_ASSIGNED_CONTEXT ( ( #5918 ) ) GLOBAL_UNIT_ASSIGNED_CONTEXT ( ( #4861, #10534, #315 ) ) REPRESENTATION_CONTEXT ( 'NONE', 'WORKASPACE' ) );
#5017 = CARTESIAN_POINT ( 'NONE',  ( -16.86616329748000400, 27.01256811912000400, -0.9383158004030001100 ) ) ;
#5018 = CARTESIAN_POINT ( 'NONE',  ( -27.89573601964000500, 22.60426398036000600, 5.000000000000000000 ) ) ;
#5019 = ORIENTED_EDGE ( 'NONE', *, *, #7501, .T. ) ;
#5020 = CARTESIAN_POINT ( 'NONE',  ( -16.77321561272999900, 22.88429927432000400, -0.3824024820926000800 ) ) ;
#5021 = LINE ( 'NONE', #11303, #7324 ) ;
#5022 = MECHANICAL_DESIGN_GEOMETRIC_PRESENTATION_REPRESENTATION (  '', ( #3242 ), #5583 ) ;
#5023 = DIRECTION ( 'NONE',  ( 0.0000000000000000000, 0.0000000000000000000, -1.000000000000000000 ) ) ;
#5024 = CARTESIAN_POINT ( 'NONE',  ( -17.83483483245218800, 23.29835200833409600, 1.249999999999505700 ) ) ;
#5025 = ORIENTED_EDGE ( 'NONE', *, *, #7262, .F. ) ;
#5026 =( LENGTH_UNIT ( ) NAMED_UNIT ( * ) SI_UNIT ( .MILLI., .METRE. ) );
#5027 = EDGE_LOOP ( 'NONE', ( #5780, #3896, #7642, #1418 ) ) ;
#5028 = FACE_OUTER_BOUND ( 'NONE', #8611, .T. ) ;
#5029 = DIRECTION ( 'NONE',  ( 0.0000000000000000000, -1.000000000000000000, 0.0000000000000000000 ) ) ;
#5030 = EDGE_CURVE ( 'NONE', #2730, #3174, #4621, .T. ) ;
#5031 = PLANE ( 'NONE',  #3272 ) ;
#5032 = SURFACE_STYLE_USAGE ( .BOTH. , #10242 ) ;
#5033 = CARTESIAN_POINT ( 'NONE',  ( -18.32735188750009700, 23.76708160737807100, 1.217478486680684300 ) ) ;
#5034 = STYLED_ITEM ( 'NONE', ( #816 ), #5001 ) ;
#5035 = SURFACE_SIDE_STYLE ('',( #2799 ) ) ;
#5036 = CARTESIAN_POINT ( 'NONE',  ( -18.00000000000000400, 14.73091986265773700, -11.99999999999815600 ) ) ;
#5037 = MECHANICAL_DESIGN_GEOMETRIC_PRESENTATION_REPRESENTATION (  '', ( #3254 ), #5598 ) ;
#5038 = ORIENTED_EDGE ( 'NONE', *, *, #6393, .F. ) ;
#5039 = B_SPLINE_CURVE_WITH_KNOTS ( 'NONE', 3,
 ( #1441, #4910, #584, #7524 ),
 .UNSPECIFIED., .F., .F.,
 ( 4, 4 ),
 ( 0.0000000000000000000, 1.000000000000000000 ),
 .UNSPECIFIED. ) ;
#5040 = CARTESIAN_POINT ( 'NONE',  ( -17.51806083451000600, 24.04365640366000200, 1.586912136560000300 ) ) ;
#5041 = VECTOR ( 'NONE', #7043, 1000.000000000000000 ) ;
#5042 = CARTESIAN_POINT ( 'NONE',  ( -18.16512504584941100, 27.77667018847662200, 1.250000000000034000 ) ) ;
#5043 = CARTESIAN_POINT ( 'NONE',  ( 0.0000000000000000000, 15.76954587281173500, -9.863134540565008400 ) ) ;
#5044 = CARTESIAN_POINT ( 'NONE',  ( -16.84335134874000100, 24.61898419711999600, -1.437862604716999800 ) ) ;
#5045 = CARTESIAN_POINT ( 'NONE',  ( -0.6470537030290188800, 15.05000000000000100, -30.09999999999999800 ) ) ;
#5046 = EDGE_LOOP ( 'NONE', ( #7877, #4806, #6871, #4174 ) ) ;
#5047 = SURFACE_STYLE_FILL_AREA ( #8773 ) ;
#5048 = CARTESIAN_POINT ( 'NONE',  ( -19.60000000000000100, 38.89999999999999900, 7.599999999999999600 ) ) ;
#5049 = CARTESIAN_POINT ( 'NONE',  ( -19.25008204339415500, 23.52630820806012200, -0.1628656840002253300 ) ) ;
#5050 = AXIS2_PLACEMENT_3D ( 'NONE', #4552, #10689, #5449 ) ;
#5051 =( GEOMETRIC_REPRESENTATION_CONTEXT ( 3 ) GLOBAL_UNCERTAINTY_ASSIGNED_CONTEXT ( ( #8528 ) ) GLOBAL_UNIT_ASSIGNED_CONTEXT ( ( #8563, #3331, #9442 ) ) REPRESENTATION_CONTEXT ( 'NONE', 'WORKASPACE' ) );
#5052 = EDGE_CURVE ( 'NONE', #7188, #8845, #6652, .T. ) ;
#5053 = CARTESIAN_POINT ( 'NONE',  ( -18.15696181742999800, 28.42149508725999900, 1.488512246583999900 ) ) ;
#5054 = DIRECTION ( 'NONE',  ( -0.0000000000000000000, 1.000000000000000000, -0.0000000000000000000 ) ) ;
#5055 = CARTESIAN_POINT ( 'NONE',  ( -17.57819297188999700, 24.35568462477999300, 1.410102687777999900 ) ) ;
#5056 = COLOUR_RGB ( '',0.0000000000000000000, 0.0000000000000000000, 0.0000000000000000000 ) ;
#5057 = DIRECTION ( 'NONE',  ( 0.0000000000000000000, 1.000000000000000000, 0.0000000000000000000 ) ) ;
#5058 = CARTESIAN_POINT ( 'NONE',  ( -18.00000000000000400, 35.72500000000000900, -9.399999999999998600 ) ) ;
#5059 = EDGE_LOOP ( 'NONE', ( #239, #1726, #6494, #7205 ) ) ;
#5060 = LINE ( 'NONE', #2724, #7081 ) ;
#5061 =( NAMED_UNIT ( * ) PLANE_ANGLE_UNIT ( ) SI_UNIT ( $, .RADIAN. ) );
#5062 = VECTOR ( 'NONE', #1126, 1000.000000000000000 ) ;
#5063 = CARTESIAN_POINT ( 'NONE',  ( -16.75010543775926300, 23.40294720267980500, 0.1638226709537173900 ) ) ;
#5064 =( NAMED_UNIT ( * ) PLANE_ANGLE_UNIT ( ) SI_UNIT ( $, .RADIAN. ) );
#5065 = STYLED_ITEM ( 'NONE', ( #5440 ), #8261 ) ;
#5066 = AXIS2_PLACEMENT_3D ( 'NONE', #461, #6525, #1319 ) ;
#5067 = VERTEX_POINT ( 'NONE', #9120 ) ;
#5068 =( LENGTH_UNIT ( ) NAMED_UNIT ( * ) SI_UNIT ( .MILLI., .METRE. ) );
#5069 = DIRECTION ( 'NONE',  ( -1.000000000000000000, -0.0000000000000000000, -0.0000000000000000000 ) ) ;
#5070 = CARTESIAN_POINT ( 'NONE',  ( -20.10000000000000500, 38.89999999999999100, -9.099999999999999600 ) ) ;
#5071 = CARTESIAN_POINT ( 'NONE',  ( -16.78294652577882600, 25.80814433834092700, -0.3283177038935280500 ) ) ;
#5072 = CARTESIAN_POINT ( 'NONE',  ( -18.00000000000000400, 28.41093935102359700, 0.0000000000000000000 ) ) ;
#5073 = CARTESIAN_POINT ( 'NONE',  ( -16.77343811628475500, 24.77177604976754900, 0.2401695640238010700 ) ) ;
#5074 = SURFACE_STYLE_FILL_AREA ( #10714 ) ;
#5075 = PLANE ( 'NONE',  #4279 ) ;
#5076 = CARTESIAN_POINT ( 'NONE',  ( -17.22863002613000200, 23.23169743342000300, -1.468177038544000100 ) ) ;
#5077 = CARTESIAN_POINT ( 'NONE',  ( -17.67256045251574600, 24.18371745647759100, 1.217319435908563700 ) ) ;
#5078 = VERTEX_POINT ( 'NONE', #4780 ) ;
#5079 = CARTESIAN_POINT ( 'NONE',  ( -18.16451186021133800, 27.42257248287831600, -1.241812214920696500 ) ) ;
#5080 = EDGE_CURVE ( 'NONE', #645, #11176, #6390, .T. ) ;
#5081 = CARTESIAN_POINT ( 'NONE',  ( -16.71978289814000400, 26.09036954758000000, 1.054324262358999700 ) ) ;
#5082 = CARTESIAN_POINT ( 'NONE',  ( -7.589415207398531000E-016, -15.94956969548780800, -31.89913939097561600 ) ) ;
#5083 = VECTOR ( 'NONE', #6831, 1000.000000000000000 ) ;
#5084 = CARTESIAN_POINT ( 'NONE',  ( -16.74996161034847500, 23.29760130354163600, -0.1643705476574632800 ) ) ;
#5085 = AXIS2_PLACEMENT_3D ( 'NONE', #8680, #3441, #9569 ) ;
#5086 = CARTESIAN_POINT ( 'NONE',  ( -16.89173910702414400, 22.66280945090202400, -1.117058796479821800 ) ) ;
#5087 = DIRECTION ( 'NONE',  ( -0.0000000000000000000, -1.000000000000000000, -0.0000000000000000000 ) ) ;
#5088 = STYLED_ITEM ( 'NONE', ( #4435 ), #8849 ) ;
#5089 = UNCERTAINTY_MEASURE_WITH_UNIT (LENGTH_MEASURE( 1.000000000000000100E-005 ), #1029, 'distance_accuracy_value', 'NONE');
#5090 = ORIENTED_EDGE ( 'NONE', *, *, #7703, .T. ) ;
#5091 = CARTESIAN_POINT ( 'NONE',  ( -17.83643383024999800, 27.67199449934000600, -1.650394373106000000 ) ) ;
#5092 = CARTESIAN_POINT ( 'NONE',  ( -16.99899642933867100, 25.23591443477999600, 0.7665900418599555000 ) ) ;
#5093 = CARTESIAN_POINT ( 'NONE',  ( -17.31003840598999900, 23.54372565453999800, -1.299990465167999900 ) ) ;
#5094 =( NAMED_UNIT ( * ) PLANE_ANGLE_UNIT ( ) SI_UNIT ( $, .RADIAN. ) );
#5095 = CARTESIAN_POINT ( 'NONE',  ( -18.17463513311000500, 28.41453204617999300, 1.656113178169000200 ) ) ;
#5096 = EDGE_CURVE ( 'NONE', #9904, #9236, #4338, .T. ) ;
#5097 = CARTESIAN_POINT ( 'NONE',  ( 0.0000000000000000000, 15.94956969548781000, 0.0000000000000000000 ) ) ;
#5098 = MECHANICAL_DESIGN_GEOMETRIC_PRESENTATION_REPRESENTATION (  '', ( #3905 ), #5660 ) ;
#5099 = CARTESIAN_POINT ( 'NONE',  ( -1.500000000000001300, 13.92283205544443100, 0.0000000000000000000 ) ) ;
#5100 = ORIENTED_EDGE ( 'NONE', *, *, #7658, .T. ) ;
#5101 = VECTOR ( 'NONE', #3233, 1000.000000000000000 ) ;
#5102 = MECHANICAL_DESIGN_GEOMETRIC_PRESENTATION_REPRESENTATION (  '', ( #3909 ), #5663 ) ;
#5103 = CARTESIAN_POINT ( 'NONE',  ( -20.40000000000000600, 28.89999999999999900, -8.349999999999997900 ) ) ;
#5104 = VECTOR ( 'NONE', #5370, 1000.000000000000000 ) ;
#5105 =( NAMED_UNIT ( * ) PLANE_ANGLE_UNIT ( ) SI_UNIT ( $, .RADIAN. ) );
#5106 = DIRECTION ( 'NONE',  ( 1.000000000000000000, -0.0000000000000000000, 0.0000000000000000000 ) ) ;
#5107 = FILL_AREA_STYLE ('',( #2457 ) ) ;
#5108 =( NAMED_UNIT ( * ) PLANE_ANGLE_UNIT ( ) SI_UNIT ( $, .RADIAN. ) );
#5109 = CARTESIAN_POINT ( 'NONE',  ( -3.999999999998865800, 29.00000000000000400, 14.50000000000004400 ) ) ;
#5110 = ORIENTED_EDGE ( 'NONE', *, *, #1111, .T. ) ;
#5111 = CARTESIAN_POINT ( 'NONE',  ( -16.70520054773000500, 24.70308278387999900, 0.6991106344671000900 ) ) ;
#5112 = PRESENTATION_LAYER_ASSIGNMENT (  '', '', ( #4510 ) ) ;
#5113 = ORIENTED_EDGE ( 'NONE', *, *, #11283, .F. ) ;
#5114 = CARTESIAN_POINT ( 'NONE',  ( -18.82638502045165300, 27.60503857622852300, 0.9414050775193069100 ) ) ;
#5115 = EDGE_CURVE ( 'NONE', #1325, #6069, #4328, .T. ) ;
#5116 = ORIENTED_EDGE ( 'NONE', *, *, #10740, .T. ) ;
#5117 = CARTESIAN_POINT ( 'NONE',  ( -18.17094984473999700, 25.27841057734000400, -1.649645909700000500 ) ) ;
#5118 = SURFACE_STYLE_USAGE ( .BOTH. , #10328 ) ;
#5119 = CARTESIAN_POINT ( 'NONE',  ( -33.00000000000000000, 22.50000000000000400, 1.999999999999999600 ) ) ;
#5120 = UNCERTAINTY_MEASURE_WITH_UNIT (LENGTH_MEASURE( 1.000000000000000100E-005 ), #4639, 'distance_accuracy_value', 'NONE');
#5121 = VERTEX_POINT ( 'NONE', #1393 ) ;
#5122 = CARTESIAN_POINT ( 'NONE',  ( -19.27548649070000400, 26.86003552910000300, 1.060042475505000200 ) ) ;
#5123 = SURFACE_STYLE_USAGE ( .BOTH. , #10339 ) ;
#5124 = CARTESIAN_POINT ( 'NONE',  ( -19.40414552814000300, 22.73176668430000500, 0.4409054205945000000 ) ) ;
#5125 = CARTESIAN_POINT ( 'NONE',  ( -16.69308391367907500, 28.74596580187578000, 0.2420495458178939200 ) ) ;
#5126 = CARTESIAN_POINT ( 'NONE',  ( -19.64910269663000600, 24.81332238518000100, 0.1761270730856000500 ) ) ;
#5127 = PRESENTATION_LAYER_ASSIGNMENT (  '', '', ( #5691 ) ) ;
#5128 = CARTESIAN_POINT ( 'NONE',  ( -19.43333636987000200, 28.35207366384999600, 1.161543004103000200 ) ) ;
#5129 = EDGE_CURVE ( 'NONE', #682, #9074, #1771, .T. ) ;
#5130 = CARTESIAN_POINT ( 'NONE',  ( -18.99921599891810000, 27.11079797133701800, -0.7685444422821482400 ) ) ;
#5131 = CARTESIAN_POINT ( 'NONE',  ( -14.75168524824511400, 17.98446001642807000, -4.378137543526023000 ) ) ;
#5132 = ORIENTED_EDGE ( 'NONE', *, *, #6826, .T. ) ;
#5133 = UNCERTAINTY_MEASURE_WITH_UNIT (LENGTH_MEASURE( 1.000000000000000100E-005 ), #829, 'distance_accuracy_value', 'NONE');
#5134 = FACE_BOUND ( 'NONE', #8267, .T. ) ;
#5135 = SURFACE_STYLE_USAGE ( .BOTH. , #10355 ) ;
#5136 = FILL_AREA_STYLE_COLOUR ( '', #9481 ) ;
#5137 =( NAMED_UNIT ( * ) SI_UNIT ( $, .STERADIAN. ) SOLID_ANGLE_UNIT ( ) );
#5138 = CARTESIAN_POINT ( 'NONE',  ( -18.00000000000445500, 22.53816584453016600, -1.250000000000000000 ) ) ;
#5139 = ORIENTED_EDGE ( 'NONE', *, *, #10721, .F. ) ;
#5140 = ORIENTED_EDGE ( 'NONE', *, *, #8994, .T. ) ;
#5141 = CARTESIAN_POINT ( 'NONE',  ( -3.566760759231361300, 29.00000000000000400, 14.25174807664800400 ) ) ;
#5142 = DIRECTION ( 'NONE',  ( -0.0000000000000000000, -1.000000000000000000, -0.0000000000000000000 ) ) ;
#5143 = ORIENTED_EDGE ( 'NONE', *, *, #8085, .F. ) ;
#5144 = CARTESIAN_POINT ( 'NONE',  ( -18.43061959852000700, 23.89112381362999600, -1.407333994496000200 ) ) ;
#5145 = AXIS2_PLACEMENT_3D ( 'NONE', #6645, #1454, #7535 ) ;
#5146 = PRESENTATION_LAYER_ASSIGNMENT (  '', '', ( #4544 ) ) ;
#5147 = LINE ( 'NONE', #5268, #521 ) ;
#5148 = DIRECTION ( 'NONE',  ( 0.0000000000000000000, 1.000000000000000000, 0.0000000000000000000 ) ) ;
#5149 = ORIENTED_EDGE ( 'NONE', *, *, #7637, .T. ) ;
#5150 = CARTESIAN_POINT ( 'NONE',  ( -16.97824796706000300, 26.68733754547000800, 0.8486641102349999900 ) ) ;
#5151 = SURFACE_STYLE_USAGE ( .BOTH. , #10372 ) ;
#5152 = CARTESIAN_POINT ( 'NONE',  ( -3.000000000000002700, 0.0000000000000000000, 0.0000000000000000000 ) ) ;
#5153 = SURFACE_SIDE_STYLE ('',( #8886 ) ) ;
#5154 = ORIENTED_EDGE ( 'NONE', *, *, #1474, .F. ) ;
#5155 = CARTESIAN_POINT ( 'NONE',  ( -0.8529462969710035500, 0.0000000000000000000, 0.0000000000000000000 ) ) ;
#5156 = PRESENTATION_STYLE_ASSIGNMENT (( #6411 ) ) ;
#5157 = EDGE_CURVE ( 'NONE', #6815, #3335, #8720, .T. ) ;
#5158 = FACE_OUTER_BOUND ( 'NONE', #5027, .T. ) ;
#5159 = MECHANICAL_DESIGN_GEOMETRIC_PRESENTATION_REPRESENTATION (  '', ( #3969 ), #5732 ) ;
#5160 = DIRECTION ( 'NONE',  ( 0.0000000000000000000, 0.0000000000000000000, 1.000000000000000000 ) ) ;
#5161 = EDGE_LOOP ( 'NONE', ( #11268, #3756, #10061, #10841, #1834, #3775, #1118, #5928, #8151, #8450, #5013, #8550, #7070, #473, #4285, #5975, #4382, #4409, #4306, #3958, #8786, #1625, #2038, #9889, #11034, #7348, #5380, #9497 ) ) ;
#5162 = CARTESIAN_POINT ( 'NONE',  ( -19.16296121685000700, 28.33142087956000000, -1.432573395635999800 ) ) ;
#5163 = AXIS2_PLACEMENT_3D ( 'NONE', #1914, #8880, #2815 ) ;
#5164 = SURFACE_STYLE_USAGE ( .BOTH. , #10380 ) ;
#5165 = CARTESIAN_POINT ( 'NONE',  ( -18.47861823693999700, 24.20315203476000200, -1.587916299178999700 ) ) ;
#5166 =( GEOMETRIC_REPRESENTATION_CONTEXT ( 3 ) GLOBAL_UNCERTAINTY_ASSIGNED_CONTEXT ( ( #3911 ) ) GLOBAL_UNIT_ASSIGNED_CONTEXT ( ( #11276, #6020, #806 ) ) REPRESENTATION_CONTEXT ( 'NONE', 'WORKASPACE' ) );
#5167 = DIRECTION ( 'NONE',  ( -1.000000000000000000, -0.0000000000000000000, 0.0000000000000000000 ) ) ;
#5168 = CARTESIAN_POINT ( 'NONE',  ( -16.16358802751000200, 27.54011469361000100, 0.1800623850668999800 ) ) ;
#5169 = CARTESIAN_POINT ( 'NONE',  ( -18.00000000000000400, 35.72500000000000900, 9.399999999999998600 ) ) ;
#5170 = CARTESIAN_POINT ( 'NONE',  ( -18.76807396838848200, 24.96414444322896000, -0.9998653662845783400 ) ) ;
#5171 = CARTESIAN_POINT ( 'NONE',  ( -17.80391207989822900, 28.67502042715103300, 1.238341418192965500 ) ) ;
#5172 = ORIENTED_EDGE ( 'NONE', *, *, #10784, .T. ) ;
#5173 = LINE ( 'NONE', #6883, #273 ) ;
#5174 = FILL_AREA_STYLE ('',( #7756 ) ) ;
#5175 = CARTESIAN_POINT ( 'NONE',  ( -32.00000000000000000, 11.56087521242814000, 14.00000000000000000 ) ) ;
#5176 =( NAMED_UNIT ( * ) PLANE_ANGLE_UNIT ( ) SI_UNIT ( $, .RADIAN. ) );
#5177 = CIRCLE ( 'NONE', #1191, 19.00000000000000000 ) ;
#5178 = CARTESIAN_POINT ( 'NONE',  ( -18.40301347915313500, 26.93785133752465600, -1.186062324630716300 ) ) ;
#5179 = DIRECTION ( 'NONE',  ( -1.000000000000000000, 0.0000000000000000000, 0.0000000000000000000 ) ) ;
#5180 = AXIS2_PLACEMENT_3D ( 'NONE', #2935, #9038, #3821 ) ;
#5181 = FILL_AREA_STYLE ('',( #4273 ) ) ;
#5182 = CARTESIAN_POINT ( 'NONE',  ( -18.32756278555965000, 23.93372619176067700, -1.217298053966020800 ) ) ;
#5183 =( GEOMETRIC_REPRESENTATION_CONTEXT ( 3 ) GLOBAL_UNCERTAINTY_ASSIGNED_CONTEXT ( ( #5808 ) ) GLOBAL_UNIT_ASSIGNED_CONTEXT ( ( #2931, #9032, #3813 ) ) REPRESENTATION_CONTEXT ( 'NONE', 'WORKASPACE' ) );
#5184 = UNCERTAINTY_MEASURE_WITH_UNIT (LENGTH_MEASURE( 1.000000000000000100E-005 ), #5563, 'distance_accuracy_value', 'NONE');
#5185 = CARTESIAN_POINT ( 'NONE',  ( -18.68178901490000100, 23.07916484338999700, 1.304296693499999800 ) ) ;
#5186 = COLOUR_RGB ( '',0.7764705882352941300, 0.7568627450980391900, 0.7372549019607843600 ) ;
#5187 = VERTEX_POINT ( 'NONE', #7477 ) ;
#5188 = CARTESIAN_POINT ( 'NONE',  ( -19.13802419888000400, 25.93783695756000200, -0.9332326256081002700 ) ) ;
#5189 = CARTESIAN_POINT ( 'NONE',  ( -1.500000000000001300, 0.0000000000000000000, 0.0000000000000000000 ) ) ;
#5190 = CARTESIAN_POINT ( 'NONE',  ( 0.0000000000000000000, 1.457329690985350400E-015, 11.90000000000000000 ) ) ;
#5191 = ADVANCED_FACE ( 'NONE', ( #11065 ), #3938, .T. ) ;
#5192 = CARTESIAN_POINT ( 'NONE',  ( -18.62606342117984300, 23.07962114857231100, -1.084994911075062100 ) ) ;
#5193 = PRESENTATION_LAYER_ASSIGNMENT (  '', '', ( #5768 ) ) ;
#5194 = ORIENTED_EDGE ( 'NONE', *, *, #8754, .F. ) ;
#5195 = ORIENTED_EDGE ( 'NONE', *, *, #712, .F. ) ;
#5196 = EDGE_CURVE ( 'NONE', #1227, #7421, #7117, .T. ) ;
#5197 = LINE ( 'NONE', #3857, #9826 ) ;
#5198 = CARTESIAN_POINT ( 'NONE',  ( -18.17814146202999800, 27.51946190931999700, 1.836599307087999800 ) ) ;
#5199 = CARTESIAN_POINT ( 'NONE',  ( -3.000000000000978300, 28.79289321881362800, 14.58578643762833600 ) ) ;
#5200 = CARTESIAN_POINT ( 'NONE',  ( -18.77443960768000500, 23.39119306452000300, 1.466560183848000000 ) ) ;
#5201 = CARTESIAN_POINT ( 'NONE',  ( -16.74989510380142500, 23.92314763572354200, -0.1622104058322268700 ) ) ;
#5202 = CARTESIAN_POINT ( 'NONE',  ( -17.06795821941000600, 25.52798041614000000, -1.138999705851000000 ) ) ;
#5203 = CARTESIAN_POINT ( 'NONE',  ( -19.18088536448000500, 26.72815572337000100, -1.417867167621999800 ) ) ;
#5204 = VERTEX_POINT ( 'NONE', #611 ) ;
#5205 = FACE_OUTER_BOUND ( 'NONE', #9655, .T. ) ;
#5206 = CARTESIAN_POINT ( 'NONE',  ( -17.67283948102070600, 24.80867969240309300, 1.217502645776349400 ) ) ;
#5207 = CARTESIAN_POINT ( 'NONE',  ( -17.61491693322337000, 28.68689667303141600, 1.193168459231097200 ) ) ;
#5208 = COLOUR_RGB ( '',0.7764705882352941300, 0.7568627450980391900, 0.7372549019607843600 ) ;
#5209 = STYLED_ITEM ( 'NONE', ( #8135 ), #8411 ) ;
#5210 = AXIS2_PLACEMENT_3D ( 'NONE', #3892, #9997, #4775 ) ;
#5211 = UNCERTAINTY_MEASURE_WITH_UNIT (LENGTH_MEASURE( 1.000000000000000100E-005 ), #6943, 'distance_accuracy_value', 'NONE');
#5212 = CARTESIAN_POINT ( 'NONE',  ( -48.60000000000000100, 0.0000000000000000000, 0.0000000000000000000 ) ) ;
#5213 = CARTESIAN_POINT ( 'NONE',  ( 0.0000000000000000000, 13.91563060015607100, 9.765000000000000600 ) ) ;
#5214 = CARTESIAN_POINT ( 'NONE',  ( -1.444020278706814200, 16.78820545322528800, 4.111924414344098400E-015 ) ) ;
#5215 = FACE_OUTER_BOUND ( 'NONE', #8304, .T. ) ;
#5216 = CARTESIAN_POINT ( 'NONE',  ( -18.62703533473741400, 27.12010694277128300, 1.084427104726217100 ) ) ;
#5217 =( NAMED_UNIT ( * ) PLANE_ANGLE_UNIT ( ) SI_UNIT ( $, .RADIAN. ) );
#5218 = ORIENTED_EDGE ( 'NONE', *, *, #3509, .T. ) ;
#5219 = DIRECTION ( 'NONE',  ( 1.000000000000000000, 0.0000000000000000000, 0.0000000000000000000 ) ) ;
#5220 = CARTESIAN_POINT ( 'NONE',  ( -19.09182580770124100, 24.07892567276018200, 0.6306059160208235000 ) ) ;
#5221 = CARTESIAN_POINT ( 'NONE',  ( -19.13187845101000700, 24.55055019384999300, -0.6083467333732001100 ) ) ;
#5222 = DIRECTION ( 'NONE',  ( -1.000000000000000000, 0.0000000000000000000, 0.0000000000000000000 ) ) ;
#5223 = UNCERTAINTY_MEASURE_WITH_UNIT (LENGTH_MEASURE( 1.000000000000000100E-005 ), #468, 'distance_accuracy_value', 'NONE');
#5224 = ORIENTED_EDGE ( 'NONE', *, *, #2977, .F. ) ;
#5225 = EDGE_CURVE ( 'NONE', #3448, #5867, #10799, .T. ) ;
#5226 = CARTESIAN_POINT ( 'NONE',  ( -17.84523650611000200, 25.12587798732000600, 1.463581482024999700 ) ) ;
#5227 = DIRECTION ( 'NONE',  ( 0.0000000000000000000, -1.000000000000000000, 0.0000000000000000000 ) ) ;
#5228 = PRESENTATION_STYLE_ASSIGNMENT (( #8466 ) ) ;
#5229 = MECHANICAL_DESIGN_GEOMETRIC_PRESENTATION_REPRESENTATION (  '', ( #2872 ), #5804 ) ;
#5230 = CIRCLE ( 'NONE', #2099, 18.50000000000000000 ) ;
#5231 = CARTESIAN_POINT ( 'NONE',  ( -0.6470537030290185500, 15.05000000000000100, 0.0000000000000000000 ) ) ;
#5232 = STYLED_ITEM ( 'NONE', ( #6873 ), #9049 ) ;
#5233 = CARTESIAN_POINT ( 'NONE',  ( -16.58340178320000300, 26.70750293907999800, -1.182368308926000200 ) ) ;
#5234 = ORIENTED_EDGE ( 'NONE', *, *, #21, .T. ) ;
#5235 = CIRCLE ( 'NONE', #3608, 15.05000000000000100 ) ;
#5236 = DIRECTION ( 'NONE',  ( 0.0000000000000000000, 1.000000000000000000, 0.0000000000000000000 ) ) ;
#5237 = CARTESIAN_POINT ( 'NONE',  ( -16.69101955955000300, 22.60005355505000300, -0.8247542895774000500 ) ) ;
#5238 = SURFACE_STYLE_FILL_AREA ( #8971 ) ;
#5239 = CARTESIAN_POINT ( 'NONE',  ( -9.300000000000002500, 34.00000000000000000, 0.0000000000000000000 ) ) ;
#5240 = CARTESIAN_POINT ( 'NONE',  ( -16.71349383504999900, 28.19954107382999500, -1.046643366891000200 ) ) ;
#5241 = PRESENTATION_STYLE_ASSIGNMENT (( #49 ) ) ;
#5242 = CARTESIAN_POINT ( 'NONE',  ( 0.0000000000000000000, 0.0000000000000000000, 0.0000000000000000000 ) ) ;
#5243 = EDGE_CURVE ( 'NONE', #2772, #3706, #8582, .T. ) ;
#5244 = ORIENTED_EDGE ( 'NONE', *, *, #7371, .F. ) ;
#5245 = CARTESIAN_POINT ( 'NONE',  ( -17.23195711029426400, 24.98512077358969900, -0.9998976691667912400 ) ) ;
#5246 =( GEOMETRIC_REPRESENTATION_CONTEXT ( 3 ) GLOBAL_UNCERTAINTY_ASSIGNED_CONTEXT ( ( #5 ) ) GLOBAL_UNIT_ASSIGNED_CONTEXT ( ( #546, #6605, #1406 ) ) REPRESENTATION_CONTEXT ( 'NONE', 'WORKASPACE' ) );
#5247 = ORIENTED_EDGE ( 'NONE', *, *, #5636, .F. ) ;
#5248 = PRESENTATION_LAYER_ASSIGNMENT (  '', '', ( #3474 ) ) ;
#5249 = FACE_OUTER_BOUND ( 'NONE', #10639, .T. ) ;
#5250 = LINE ( 'NONE', #862, #7281 ) ;
#5251 = LINE ( 'NONE', #6702, #2913 ) ;
#5252 = CARTESIAN_POINT ( 'NONE',  ( -32.06698653133727100, 29.00000000000000700, -14.49940021744725100 ) ) ;
#5253 = CARTESIAN_POINT ( 'NONE',  ( -19.22725792675340600, 28.64593083094497700, -0.2601250165262926600 ) ) ;
#5254 = CARTESIAN_POINT ( 'NONE',  ( -3.000000000000002700, 0.0000000000000000000, 0.0000000000000000000 ) ) ;
#5255 = SURFACE_STYLE_USAGE ( .BOTH. , #10483 ) ;
#5256 = CIRCLE ( 'NONE', #10632, 10.50000000000000000 ) ;
#5257 =( NAMED_UNIT ( * ) PLANE_ANGLE_UNIT ( ) SI_UNIT ( $, .RADIAN. ) );
#5258 = ORIENTED_EDGE ( 'NONE', *, *, #4516, .T. ) ;
#5259 = SURFACE_SIDE_STYLE ('',( #7542 ) ) ;
#5260 = ORIENTED_EDGE ( 'NONE', *, *, #10845, .T. ) ;
#5261 = COLOUR_RGB ( '',0.0000000000000000000, 0.0000000000000000000, 0.0000000000000000000 ) ;
#5262 = CARTESIAN_POINT ( 'NONE',  ( -17.62144894956000500, 23.73859122360999400, 1.227978295279999600 ) ) ;
#5263 = UNCERTAINTY_MEASURE_WITH_UNIT (LENGTH_MEASURE( 1.000000000000000100E-005 ), #9115, 'distance_accuracy_value', 'NONE');
#5264 = FACE_OUTER_BOUND ( 'NONE', #114, .T. ) ;
#5265 =( GEOMETRIC_REPRESENTATION_CONTEXT ( 3 ) GLOBAL_UNCERTAINTY_ASSIGNED_CONTEXT ( ( #5089 ) ) GLOBAL_UNIT_ASSIGNED_CONTEXT ( ( #1029, #7103, #1893 ) ) REPRESENTATION_CONTEXT ( 'NONE', 'WORKASPACE' ) );
#5266 = ORIENTED_EDGE ( 'NONE', *, *, #1005, .T. ) ;
#5267 = STYLED_ITEM ( 'NONE', ( #3751 ), #10666 ) ;
#5268 = CARTESIAN_POINT ( 'NONE',  ( -18.00000000000000400, 28.41093935102359700, -1.250000000000000000 ) ) ;
#5269 = EDGE_CURVE ( 'NONE', #5954, #6303, #10970, .T. ) ;
#5270 = CARTESIAN_POINT ( 'NONE',  ( -19.27933351662000300, 26.59726333776999900, 0.1203976904216000100 ) ) ;
#5271 = EDGE_LOOP ( 'NONE', ( #4683, #7724, #2128, #4004 ) ) ;
#5272 = CARTESIAN_POINT ( 'NONE',  ( -17.23160878310943600, 24.36006974536421400, -0.9993034521271518800 ) ) ;
#5273 = FACE_OUTER_BOUND ( 'NONE', #5161, .T. ) ;
#5274 = LINE ( 'NONE', #4204, #9898 ) ;
#5275 = CARTESIAN_POINT ( 'NONE',  ( -18.90901254389371300, 28.76681190729544800, 0.9822685463321291200 ) ) ;
#5276 = LINE ( 'NONE', #3054, #652 ) ;
#5277 = ORIENTED_EDGE ( 'NONE', *, *, #3679, .F. ) ;
#5278 = FILL_AREA_STYLE_COLOUR ( '', #8066 ) ;
#5279 = ORIENTED_EDGE ( 'NONE', *, *, #128, .T. ) ;
#5280 = CARTESIAN_POINT ( 'NONE',  ( -17.46379628057000100, 24.05061944473000000, 1.765592529041000600 ) ) ;
#5281 = PRESENTATION_LAYER_ASSIGNMENT (  '', '', ( #4086 ) ) ;
#5282 = CARTESIAN_POINT ( 'NONE',  ( -19.65089950107000400, 27.38758210358999900, -0.1583866028865000000 ) ) ;
#5283 = EDGE_CURVE ( 'NONE', #5803, #524, #137, .T. ) ;
#5284 = DIRECTION ( 'NONE',  ( 0.0000000000000000000, 0.0000000000000000000, -1.000000000000000000 ) ) ;
#5285 = EDGE_LOOP ( 'NONE', ( #952, #3355, #1896, #10711 ) ) ;
#5286 = EDGE_LOOP ( 'NONE', ( #8913, #760, #5504, #8060 ) ) ;
#5287 = VERTEX_POINT ( 'NONE', #6746 ) ;
#5288 = CARTESIAN_POINT ( 'NONE',  ( -16.99895765649493000, 25.96480537208166300, -0.7665500906395985600 ) ) ;
#5289 = COLOUR_RGB ( '',0.7764705882352941300, 0.7568627450980391900, 0.7372549019607843600 ) ;
#5290 = PLANE ( 'NONE',  #6230 ) ;
#5291 =( LENGTH_UNIT ( ) NAMED_UNIT ( * ) SI_UNIT ( .MILLI., .METRE. ) );
#5292 = FILL_AREA_STYLE ('',( #3517 ) ) ;
#5293 = CARTESIAN_POINT ( 'NONE',  ( -10.92434532102390500, 14.75316563974580400, 8.456044853475996000 ) ) ;
#5294 = CARTESIAN_POINT ( 'NONE',  ( -1.444020278706815300, -15.46179454901447800, -1.893523720352457300E-015 ) ) ;
#5295 = SURFACE_SIDE_STYLE ('',( #6709 ) ) ;
#5296 = CARTESIAN_POINT ( 'NONE',  ( -12.45852123234794800, 16.98361874715821100, 7.350744516488327400 ) ) ;
#5297 = VERTEX_POINT ( 'NONE', #5169 ) ;
#5298 = EDGE_CURVE ( 'NONE', #9009, #7600, #7349, .T. ) ;
#5299 = CARTESIAN_POINT ( 'NONE',  ( -17.40700505777000000, 22.92663225336999800, -1.139740550641000300 ) ) ;
#5300 = SURFACE_STYLE_FILL_AREA ( #5938 ) ;
#5301 =( GEOMETRIC_REPRESENTATION_CONTEXT ( 3 ) GLOBAL_UNCERTAINTY_ASSIGNED_CONTEXT ( ( #7494 ) ) GLOBAL_UNIT_ASSIGNED_CONTEXT ( ( #11071, #5828, #625 ) ) REPRESENTATION_CONTEXT ( 'NONE', 'WORKASPACE' ) );
#5302 = MECHANICAL_DESIGN_GEOMETRIC_PRESENTATION_REPRESENTATION (  '', ( #3524 ), #5879 ) ;
#5303 = CONICAL_SURFACE ( 'NONE', #3957, 11.90000000000000000, 0.7853981633974482800 ) ;
#5304 = DIRECTION ( 'NONE',  ( 0.0000000000000000000, 1.000000000000000000, 0.0000000000000000000 ) ) ;
#5305 = CARTESIAN_POINT ( 'NONE',  ( -48.60000000000000100, 0.0000000000000000000, 0.0000000000000000000 ) ) ;
#5306 = CARTESIAN_POINT ( 'NONE',  ( -17.00466912663999600, 25.78530436752999900, 0.8127410682572998600 ) ) ;
#5307 = CARTESIAN_POINT ( 'NONE',  ( -17.39453914038488600, 26.50643172115461600, 1.453581899612833100 ) ) ;
#5308 = CONICAL_SURFACE ( 'NONE', #7727, 1.249999999998226500, 0.7854011994327122500 ) ;
#5309 = ORIENTED_EDGE ( 'NONE', *, *, #9951, .T. ) ;
#5310 =( NAMED_UNIT ( * ) PLANE_ANGLE_UNIT ( ) SI_UNIT ( $, .RADIAN. ) );
#5311 = CARTESIAN_POINT ( 'NONE',  ( -18.54156160578322600, 28.83343647753479600, 1.295288154106861300 ) ) ;
#5312 = CIRCLE ( 'NONE', #8769, 18.59999998953394100 ) ;
#5313 = EDGE_CURVE ( 'NONE', #6931, #9306, #9941, .T. ) ;
#5314 = PRESENTATION_LAYER_ASSIGNMENT (  '', '', ( #4714 ) ) ;
#5315 = CARTESIAN_POINT ( 'NONE',  ( -3.000000000000002700, 12.84523257866612800, 13.99999999999938700 ) ) ;
#5316 =( LENGTH_UNIT ( ) NAMED_UNIT ( * ) SI_UNIT ( .MILLI., .METRE. ) );
#5317 = CARTESIAN_POINT ( 'NONE',  ( -17.14177664180000700, 23.23866047449000000, -1.633488301482000100 ) ) ;
#5318 = AXIS2_PLACEMENT_3D ( 'NONE', #426, #6493, #1285 ) ;
#5319 =( NAMED_UNIT ( * ) PLANE_ANGLE_UNIT ( ) SI_UNIT ( $, .RADIAN. ) );
#5320 = ORIENTED_EDGE ( 'NONE', *, *, #6165, .T. ) ;
#5321 = VECTOR ( 'NONE', #11293, 1000.000000000000000 ) ;
#5322 = CARTESIAN_POINT ( 'NONE',  ( -16.93637104054000600, 26.57562313334999600, 1.272117393373000100 ) ) ;
#5323 =( NAMED_UNIT ( * ) SI_UNIT ( $, .STERADIAN. ) SOLID_ANGLE_UNIT ( ) );
#5324 = UNCERTAINTY_MEASURE_WITH_UNIT (LENGTH_MEASURE( 1.000000000000000100E-005 ), #8403, 'distance_accuracy_value', 'NONE');
#5325 = LINE ( 'NONE', #8780, #2712 ) ;
#5326 =( NAMED_UNIT ( * ) PLANE_ANGLE_UNIT ( ) SI_UNIT ( $, .RADIAN. ) );
#5327 = ORIENTED_EDGE ( 'NONE', *, *, #7881, .F. ) ;
#5328 =( NAMED_UNIT ( * ) SI_UNIT ( $, .STERADIAN. ) SOLID_ANGLE_UNIT ( ) );
#5329 = FILL_AREA_STYLE ('',( #4465 ) ) ;
#5330 = DIRECTION ( 'NONE',  ( 0.0000000000000000000, -1.734723475976805700E-015, -1.000000000000000000 ) ) ;
#5331 = CARTESIAN_POINT ( 'NONE',  ( -1.500000000000001300, 1.843093432716766700E-015, -15.05000000000000100 ) ) ;
#5332 = CARTESIAN_POINT ( 'NONE',  ( -15.69725028794194400, 16.96083825756500500, 1.318453374525965400 ) ) ;
#5333 = MECHANICAL_DESIGN_GEOMETRIC_PRESENTATION_REPRESENTATION (  '', ( #4133 ), #5904 ) ;
#5334 = FACE_OUTER_BOUND ( 'NONE', #6429, .T. ) ;
#5335 = CARTESIAN_POINT ( 'NONE',  ( -32.44967283202896600, 28.99999999999999300, 14.22133580639016700 ) ) ;
#5336 =( GEOMETRIC_REPRESENTATION_CONTEXT ( 3 ) GLOBAL_UNCERTAINTY_ASSIGNED_CONTEXT ( ( #922 ) ) GLOBAL_UNIT_ASSIGNED_CONTEXT ( ( #1334, #7424, #2195 ) ) REPRESENTATION_CONTEXT ( 'NONE', 'WORKASPACE' ) );
#5337 = CARTESIAN_POINT ( 'NONE',  ( -0.05597972129318586800, -15.46179454901447800, -1.893523720352457300E-015 ) ) ;
#5338 = EDGE_CURVE ( 'NONE', #11324, #6921, #5830, .T. ) ;
#5339 =( NAMED_UNIT ( * ) PLANE_ANGLE_UNIT ( ) SI_UNIT ( $, .RADIAN. ) );
#5340 = CIRCLE ( 'NONE', #3328, 1.000000000000000900 ) ;
#5341 = EDGE_LOOP ( 'NONE', ( #1886, #2617, #2648, #2254 ) ) ;
#5342 = VECTOR ( 'NONE', #247, 1000.000000000000000 ) ;
#5343 = DIRECTION ( 'NONE',  ( 0.0000000000000000000, 0.0000000000000000000, 1.000000000000000000 ) ) ;
#5344 = CARTESIAN_POINT ( 'NONE',  ( 0.0000000000000000000, -16.30043030675197700, -2.051309737398286100E-015 ) ) ;
#5345 = CARTESIAN_POINT ( 'NONE',  ( -28.00000000000000400, 18.89444362769117800, 2.000000000000063500 ) ) ;
#5346 = CARTESIAN_POINT ( 'NONE',  ( -18.13781403459999800, 24.97334539729000000, -1.277574711111999700 ) ) ;
#5347 = CARTESIAN_POINT ( 'NONE',  ( -16.26246422643943700, 27.09257962517784800, 0.1630309173857743000 ) ) ;
#5348 = CARTESIAN_POINT ( 'NONE',  ( -20.40000000000000600, 38.89999999999999900, 7.599999999999999600 ) ) ;
#5349 = CARTESIAN_POINT ( 'NONE',  ( -17.17374042900338400, 27.84468857009424500, 0.9415111896072970700 ) ) ;
#5350 = MECHANICAL_DESIGN_GEOMETRIC_PRESENTATION_REPRESENTATION (  '', ( #3571 ), #5922 ) ;
#5351 = PRESENTATION_STYLE_ASSIGNMENT (( #8499 ) ) ;
#5352 = FACE_BOUND ( 'NONE', #3248, .T. ) ;
#5353 = EDGE_CURVE ( 'NONE', #5121, #10981, #9681, .T. ) ;
#5354 = ORIENTED_EDGE ( 'NONE', *, *, #7237, .T. ) ;
#5355 = CARTESIAN_POINT ( 'NONE',  ( -50.00000000000000000, 0.0000000000000000000, 9.500000000000000000 ) ) ;
#5356 = CARTESIAN_POINT ( 'NONE',  ( -18.22510815535000000, 28.71970104220999800, 1.188374408027000000 ) ) ;
#5357 = DIRECTION ( 'NONE',  ( -1.000000000000000000, -0.0000000000000000000, -0.0000000000000000000 ) ) ;
#5358 = DIRECTION ( 'NONE',  ( 0.7071067811865474600, 0.0000000000000000000, -0.7071067811865474600 ) ) ;
#5359 = SURFACE_STYLE_USAGE ( .BOTH. , #10586 ) ;
#5360 = CARTESIAN_POINT ( 'NONE',  ( -19.13970300634000300, 28.04700848380000600, 0.9311816406797000000 ) ) ;
#5361 = CARTESIAN_POINT ( 'NONE',  ( -17.51945024048706000, 26.31929100186666300, 1.153779678391972900 ) ) ;
#5362 = EDGE_LOOP ( 'NONE', ( #11131, #1789, #1174, #5411 ) ) ;
#5363 = VECTOR ( 'NONE', #2985, 1000.000000000000000 ) ;
#5364 = AXIS2_PLACEMENT_3D ( 'NONE', #3881, #9982, #4767 ) ;
#5365 = CARTESIAN_POINT ( 'NONE',  ( -32.33053681705040800, 29.00000000000000400, -14.37636480144147200 ) ) ;
#5366 = CARTESIAN_POINT ( 'NONE',  ( -48.60000000000000100, 0.0000000000000000000, 0.0000000000000000000 ) ) ;
#5367 = CARTESIAN_POINT ( 'NONE',  ( -13.72755273534456100, 15.91631033447183800, -5.978179752592907000 ) ) ;
#5368 = CARTESIAN_POINT ( 'NONE',  ( -20.10000000000000500, 38.89999999999999100, 9.099999999999999600 ) ) ;
#5369 = CARTESIAN_POINT ( 'NONE',  ( -16.00000000000000000, 28.89999999999999900, -7.599999999999999600 ) ) ;
#5370 = DIRECTION ( 'NONE',  ( -0.0000000000000000000, -0.0000000000000000000, 1.000000000000000000 ) ) ;
#5371 =( NAMED_UNIT ( * ) SI_UNIT ( $, .STERADIAN. ) SOLID_ANGLE_UNIT ( ) );
#5372 = ORIENTED_EDGE ( 'NONE', *, *, #5225, .T. ) ;
#5373 = VECTOR ( 'NONE', #4771, 1000.000000000000000 ) ;
#5374 = DIRECTION ( 'NONE',  ( 0.0000000000000000000, 0.0000000000000000000, -1.000000000000000000 ) ) ;
#5375 = CARTESIAN_POINT ( 'NONE',  ( 0.0000000000000000000, 0.0000000000000000000, 0.0000000000000000000 ) ) ;
#5376 = EDGE_CURVE ( 'NONE', #6510, #5204, #2706, .T. ) ;
#5377 = FILL_AREA_STYLE ('',( #3604 ) ) ;
#5378 = CARTESIAN_POINT ( 'NONE',  ( -19.35144183835642900, 27.90453859541784700, 1.104180493793351700 ) ) ;
#5379 = STYLED_ITEM ( 'NONE', ( #66 ), #3526 ) ;
#5380 = ORIENTED_EDGE ( 'NONE', *, *, #5444, .T. ) ;
#5381 = CYLINDRICAL_SURFACE ( 'NONE', #6737, 11.60000000000000000 ) ;
#5382 = AXIS2_PLACEMENT_3D ( 'NONE', #7005, #1801, #7883 ) ;
#5383 = CARTESIAN_POINT ( 'NONE',  ( -18.99924526455731700, 23.11073382012227000, -0.7685136513868686700 ) ) ;
#5384 = CARTESIAN_POINT ( 'NONE',  ( -18.00000000000024200, 28.03757036026202000, -1.250000000000000000 ) ) ;
#5385 = B_SPLINE_CURVE_WITH_KNOTS ( 'NONE', 3,
 ( #4309, #9601, #41, #6120, #902, #6981, #1780, #7859, #2642, #8743, #3514, #9637, #4387, #10522, #5288, #77, #6153, #945, #7017, #1811 ),
 .UNSPECIFIED., .F., .F.,
 ( 4, 2, 2, 2, 2, 2, 2, 2, 2, 4 ),
 ( -0.007830438812274095500, -0.007341037543610028400, -0.007096336909277994900, -0.006851636274945961300, -0.006362235006281901200, -0.005872833737617841000, -0.005383432468953780800, -0.004894031200289721500, -0.004404629931625661300, -0.003915228662961602000 ),
 .UNSPECIFIED. ) ;
#5386 = SURFACE_STYLE_USAGE ( .BOTH. , #10617 ) ;
#5387 = ORIENTED_EDGE ( 'NONE', *, *, #2389, .T. ) ;
#5388 = CARTESIAN_POINT ( 'NONE',  ( -17.99999999999999600, 26.03751667663512100, -1.250000000000000200 ) ) ;
#5389 = VERTEX_POINT ( 'NONE', #7854 ) ;
#5390 = CARTESIAN_POINT ( 'NONE',  ( -19.50654645051000500, 28.69914926998999900, -0.1596837095481999900 ) ) ;
#5391 = COLOUR_RGB ( '',0.9803921568627450600, 0.6274509803921568500, 0.0000000000000000000 ) ;
#5392 =( LENGTH_UNIT ( ) NAMED_UNIT ( * ) SI_UNIT ( .MILLI., .METRE. ) );
#5393 = CARTESIAN_POINT ( 'NONE',  ( -19.09275643814919100, 25.49564331955063100, -0.6286322958370489400 ) ) ;
#5394 = CARTESIAN_POINT ( 'NONE',  ( -32.79289321881375200, 29.00000000000107600, 14.46446609406779500 ) ) ;
#5395 = CARTESIAN_POINT ( 'NONE',  ( -16.53469480628000500, 27.23504951356000700, 0.1374878454848000300 ) ) ;
#5396 = CARTESIAN_POINT ( 'NONE',  ( -16.90761829696429100, 28.37050845463497200, 0.6290450018718124500 ) ) ;
#5397 =( GEOMETRIC_REPRESENTATION_CONTEXT ( 3 ) GLOBAL_UNCERTAINTY_ASSIGNED_CONTEXT ( ( #7735 ) ) GLOBAL_UNIT_ASSIGNED_CONTEXT ( ( #4421, #10552, #5323 ) ) REPRESENTATION_CONTEXT ( 'NONE', 'WORKASPACE' ) );
#5398 = ORIENTED_EDGE ( 'NONE', *, *, #8628, .T. ) ;
#5399 = SURFACE_SIDE_STYLE ('',( #5538 ) ) ;
#5400 =( LENGTH_UNIT ( ) NAMED_UNIT ( * ) SI_UNIT ( .MILLI., .METRE. ) );
#5401 = UNCERTAINTY_MEASURE_WITH_UNIT (LENGTH_MEASURE( 1.000000000000000100E-005 ), #7242, 'distance_accuracy_value', 'NONE');
#5402 = DIRECTION ( 'NONE',  ( 0.0000000000000000000, 1.000000000000000000, 0.0000000000000000000 ) ) ;
#5403 =( NAMED_UNIT ( * ) PLANE_ANGLE_UNIT ( ) SI_UNIT ( $, .RADIAN. ) );
#5404 = CARTESIAN_POINT ( 'NONE',  ( -7.312027928598932500, 13.96308724136065200, -9.698292235374587700 ) ) ;
#5405 = FACE_OUTER_BOUND ( 'NONE', #870, .T. ) ;
#5406 = EDGE_LOOP ( 'NONE', ( #11044, #9153, #9180, #2400 ) ) ;
#5407 = CARTESIAN_POINT ( 'NONE',  ( -0.05597972129318764400, -16.78820545322529900, 33.57641090645058300 ) ) ;
#5408 = MECHANICAL_DESIGN_GEOMETRIC_PRESENTATION_REPRESENTATION (  '', ( #4217 ), #5988 ) ;
#5409 = FACE_OUTER_BOUND ( 'NONE', #9087, .T. ) ;
#5410 = DIRECTION ( 'NONE',  ( 1.000000000000000000, 0.0000000000000000000, 0.0000000000000000000 ) ) ;
#5411 = ORIENTED_EDGE ( 'NONE', *, *, #602, .F. ) ;
#5412 = EDGE_CURVE ( 'NONE', #5204, #1867, #408, .T. ) ;
#5413 = VERTEX_POINT ( 'NONE', #4380 ) ;
#5414 = CARTESIAN_POINT ( 'NONE',  ( -18.00000000000000400, 28.69999240993016800, 1.249999999998226500 ) ) ;
#5415 = DIRECTION ( 'NONE',  ( -1.000000000000000000, 0.0000000000000000000, 0.0000000000000000000 ) ) ;
#5416 = DIRECTION ( 'NONE',  ( 0.0000000000000000000, -1.000000000000000000, 0.0000000000000000000 ) ) ;
#5417 = CARTESIAN_POINT ( 'NONE',  ( 0.0000000000000000000, 14.07072955608109400, 9.892146873130997200 ) ) ;
#5418 = CARTESIAN_POINT ( 'NONE',  ( -0.8529462969709826800, 15.05000000000000100, 0.0000000000000000000 ) ) ;
#5419 = VERTEX_POINT ( 'NONE', #1805 ) ;
#5420 = DIRECTION ( 'NONE',  ( 0.0000000000000000000, 0.0000000000000000000, 1.000000000000000000 ) ) ;
#5421 = CARTESIAN_POINT ( 'NONE',  ( -18.00000000000000400, 28.41093935102359700, 0.0000000000000000000 ) ) ;
#5422 = DIRECTION ( 'NONE',  ( -0.0000000000000000000, 1.000000000000000000, -0.0000000000000000000 ) ) ;
#5423 = CYLINDRICAL_SURFACE ( 'NONE', #264, 1.500000000000001300 ) ;
#5424 = CARTESIAN_POINT ( 'NONE',  ( -32.00000000000241600, 28.99999999999999600, -14.50000000000001100 ) ) ;
#5425 = ORIENTED_EDGE ( 'NONE', *, *, #4116, .T. ) ;
#5426 = CARTESIAN_POINT ( 'NONE',  ( -17.47600790758999900, 28.65502695545999500, -1.624580878263000200 ) ) ;
#5427 = FILL_AREA_STYLE ('',( #6205 ) ) ;
#5428 = CARTESIAN_POINT ( 'NONE',  ( -18.16511838261213500, 26.54840798868273300, -1.250001028312014000 ) ) ;
#5429 =( GEOMETRIC_REPRESENTATION_CONTEXT ( 3 ) GLOBAL_UNCERTAINTY_ASSIGNED_CONTEXT ( ( #6917 ) ) GLOBAL_UNIT_ASSIGNED_CONTEXT ( ( #5825, #623, #6677 ) ) REPRESENTATION_CONTEXT ( 'NONE', 'WORKASPACE' ) );
#5430 = ORIENTED_EDGE ( 'NONE', *, *, #10345, .T. ) ;
#5432 = VECTOR ( 'NONE', #10244, 1000.000000000000000 ) ;
#5431 = CARTESIAN_POINT ( 'NONE',  ( -18.42335008444000300, 28.68561540325000400, 1.121492803050000000 ) ) ;
#5433 = ADVANCED_FACE ( 'NONE', ( #4759 ), #10640, .F. ) ;
#5434 = UNCERTAINTY_MEASURE_WITH_UNIT (LENGTH_MEASURE( 1.000000000000000100E-005 ), #5026, 'distance_accuracy_value', 'NONE');
#5435 = CARTESIAN_POINT ( 'NONE',  ( -17.04365671676367500, 22.53815983871432500, -0.9639320760558937100 ) ) ;
#5436 = ORIENTED_EDGE ( 'NONE', *, *, #6632, .T. ) ;
#5437 = FILL_AREA_STYLE_COLOUR ( '', #2394 ) ;
#5438 = FILL_AREA_STYLE_COLOUR ( '', #4817 ) ;
#5439 = CARTESIAN_POINT ( 'NONE',  ( -18.05212348780133200, 28.90010653101801500, 1.448998301128827400 ) ) ;
#5440 = PRESENTATION_STYLE_ASSIGNMENT (( #3055 ) ) ;
#5441 = CARTESIAN_POINT ( 'NONE',  ( -19.29819650997069800, 28.88843131701143800, -0.6917507681091303900 ) ) ;
#5442 = DIRECTION ( 'NONE',  ( -1.000000000000000000, 0.0000000000000000000, 0.0000000000000000000 ) ) ;
#5443 =( LENGTH_UNIT ( ) NAMED_UNIT ( * ) SI_UNIT ( .MILLI., .METRE. ) );
#5444 = EDGE_CURVE ( 'NONE', #8933, #9708, #1628, .T. ) ;
#5445 = MECHANICAL_DESIGN_GEOMETRIC_PRESENTATION_REPRESENTATION (  '', ( #4245 ), #6023 ) ;
#5446 = VERTEX_POINT ( 'NONE', #1842 ) ;
#5447 = PRESENTATION_LAYER_ASSIGNMENT (  '', '', ( #3682 ) ) ;
#5448 = PRESENTATION_LAYER_ASSIGNMENT (  '', '', ( #4249 ) ) ;
#5449 = DIRECTION ( 'NONE',  ( 0.0000000000000000000, -1.000000000000000000, 1.776356839400250500E-015 ) ) ;
#5450 = CARTESIAN_POINT ( 'NONE',  ( -28.00000000000000400, 22.50000000000000400, 0.0000000000000000000 ) ) ;
#5451 = DIRECTION ( 'NONE',  ( -0.0000000000000000000, 0.0000000000000000000, 1.000000000000000000 ) ) ;
#5452 = FILL_AREA_STYLE_COLOUR ( '', #9549 ) ;
#5453 = FACE_OUTER_BOUND ( 'NONE', #9746, .T. ) ;
#5454 = ORIENTED_EDGE ( 'NONE', *, *, #6393, .T. ) ;
#5455 = DIRECTION ( 'NONE',  ( 5.782411586589342300E-015, 1.000000000000000000, -0.0000000000000000000 ) ) ;
#5456 = COLOUR_RGB ( '',0.7764705882352941300, 0.7568627450980391900, 0.7372549019607843600 ) ;
#5457 = EDGE_CURVE ( 'NONE', #7809, #6341, #1151, .T. ) ;
#5458 = AXIS2_PLACEMENT_3D ( 'NONE', #2079, #8179, #2962 ) ;
#5459 = CARTESIAN_POINT ( 'NONE',  ( -16.35013516542000600, 28.61090464092999500, 0.9411726275229002100 ) ) ;
#5460 = DIRECTION ( 'NONE',  ( -0.0000000000000000000, 1.000000000000000000, -0.0000000000000000000 ) ) ;
#5461 = FILL_AREA_STYLE ('',( #254 ) ) ;
#5462 = MECHANICAL_DESIGN_GEOMETRIC_PRESENTATION_REPRESENTATION (  '', ( #3102 ), #6045 ) ;
#5463 = CARTESIAN_POINT ( 'NONE',  ( -18.76807459636845400, 26.73583349255581300, 0.9998651969800058700 ) ) ;
#5464 = UNCERTAINTY_MEASURE_WITH_UNIT (LENGTH_MEASURE( 1.000000000000000100E-005 ), #7932, 'distance_accuracy_value', 'NONE');
#5465 = CARTESIAN_POINT ( 'NONE',  ( -17.00660867986000100, 27.89447589377999700, -0.8151105916631000700 ) ) ;
#5466 = ORIENTED_EDGE ( 'NONE', *, *, #5129, .T. ) ;
#5467 =( NAMED_UNIT ( * ) PLANE_ANGLE_UNIT ( ) SI_UNIT ( $, .RADIAN. ) );
#5468 = DIRECTION ( 'NONE',  ( 0.0000000000000000000, 0.0000000000000000000, -1.000000000000000000 ) ) ;
#5469 = SURFACE_SIDE_STYLE ('',( #5074 ) ) ;
#5470 = DIRECTION ( 'NONE',  ( -0.0000000000000000000, 0.0000000000000000000, 1.000000000000000000 ) ) ;
#5471 = CARTESIAN_POINT ( 'NONE',  ( -23.38000000000000300, 15.88905490028541600, 9.669432991427994400 ) ) ;
#5472 = PRESENTATION_LAYER_ASSIGNMENT (  '', '', ( #4887 ) ) ;
#5473 = ORIENTED_EDGE ( 'NONE', *, *, #6973, .F. ) ;
#5474 = DIRECTION ( 'NONE',  ( -1.000000000000000000, -0.0000000000000000000, -0.0000000000000000000 ) ) ;
#5475 = STYLED_ITEM ( 'NONE', ( #2383 ), #10489 ) ;
#5476 = EDGE_CURVE ( 'NONE', #6597, #4070, #8285, .T. ) ;
#5477 =( NAMED_UNIT ( * ) SI_UNIT ( $, .STERADIAN. ) SOLID_ANGLE_UNIT ( ) );
#5478 = FACE_BOUND ( 'NONE', #6353, .T. ) ;
#5479 = ORIENTED_EDGE ( 'NONE', *, *, #884, .F. ) ;
#5480 = CARTESIAN_POINT ( 'NONE',  ( -17.66375689779706400, 28.49194392337269500, 1.541423805483944400 ) ) ;
#5481 = DIRECTION ( 'NONE',  ( 0.0000000000000000000, 0.0000000000000000000, -1.000000000000000000 ) ) ;
#5482 = CARTESIAN_POINT ( 'NONE',  ( -16.99899177191251500, 26.96412319897418200, -0.7665841127212896800 ) ) ;
#5483 = VECTOR ( 'NONE', #11105, 1000.000000000000000 ) ;
#5484 = CARTESIAN_POINT ( 'NONE',  ( -3.500599782552442600, 29.00000000000000000, -14.06698653133513400 ) ) ;
#5485 = STYLED_ITEM ( 'NONE', ( #11213 ), #8046 ) ;
#5486 = CARTESIAN_POINT ( 'NONE',  ( -19.25010626453534700, 26.17250859521853500, 0.1622036551336897000 ) ) ;
#5487 = EDGE_CURVE ( 'NONE', #7804, #2083, #6529, .T. ) ;
#5488 = DIRECTION ( 'NONE',  ( -1.000000000000000000, -0.0000000000000000000, -0.0000000000000000000 ) ) ;
#5489 = VERTEX_POINT ( 'NONE', #4459 ) ;
#5490 =( NAMED_UNIT ( * ) SI_UNIT ( $, .STERADIAN. ) SOLID_ANGLE_UNIT ( ) );
#5491 = FILL_AREA_STYLE_COLOUR ( '', #3651 ) ;
#5492 = CARTESIAN_POINT ( 'NONE',  ( -33.00000000000000000, 12.84523257866512800, 14.00000000000000000 ) ) ;
#5493 = CARTESIAN_POINT ( 'NONE',  ( -19.27963104244000200, 27.08251692354000200, -0.1173663191530000000 ) ) ;
#5494 =( NAMED_UNIT ( * ) SI_UNIT ( $, .STERADIAN. ) SOLID_ANGLE_UNIT ( ) );
#5495 = VERTEX_POINT ( 'NONE', #10670 ) ;
#5496 = VECTOR ( 'NONE', #6830, 1000.000000000000000 ) ;
#5497 = SURFACE_STYLE_USAGE ( .BOTH. , #10758 ) ;
#5498 = AXIS2_PLACEMENT_3D ( 'NONE', #1110, #7191, #1973 ) ;
#5499 =( LENGTH_UNIT ( ) NAMED_UNIT ( * ) SI_UNIT ( .MILLI., .METRE. ) );
#5500 = CARTESIAN_POINT ( 'NONE',  ( -19.11685336835397900, 28.90000000000000200, 1.106345953263088400 ) ) ;
#5501 = STYLED_ITEM ( 'NONE', ( #10771 ), #8591 ) ;
#5502 = DIRECTION ( 'NONE',  ( 0.0000000000000000000, 1.000000000000000000, 0.0000000000000000000 ) ) ;
#5503 =( LENGTH_UNIT ( ) NAMED_UNIT ( * ) SI_UNIT ( .MILLI., .METRE. ) );
#5504 = ORIENTED_EDGE ( 'NONE', *, *, #869, .T. ) ;
#5505 = VERTEX_POINT ( 'NONE', #222 ) ;
#5506 = CARTESIAN_POINT ( 'NONE',  ( -19.35978842616000500, 28.93416093830999700, 0.7342587584752000600 ) ) ;
#5507 = VECTOR ( 'NONE', #4979, 1000.000000000000000 ) ;
#5508 =( NAMED_UNIT ( * ) PLANE_ANGLE_UNIT ( ) SI_UNIT ( $, .RADIAN. ) );
#5509 = CARTESIAN_POINT ( 'NONE',  ( -16.49009107822487900, 28.62410298831693100, -0.4862679297917968400 ) ) ;
#5510 = EDGE_CURVE ( 'NONE', #10337, #8253, #10352, .T. ) ;
#5511 = ORIENTED_EDGE ( 'NONE', *, *, #4629, .T. ) ;
#5512 =( NAMED_UNIT ( * ) SI_UNIT ( $, .STERADIAN. ) SOLID_ANGLE_UNIT ( ) );
#5513 =( NAMED_UNIT ( * ) SI_UNIT ( $, .STERADIAN. ) SOLID_ANGLE_UNIT ( ) );
#5514 = ORIENTED_EDGE ( 'NONE', *, *, #9234, .F. ) ;
#5515 = AXIS2_PLACEMENT_3D ( 'NONE', #3916, #7420, #1373 ) ;
#5516 = CARTESIAN_POINT ( 'NONE',  ( -3.931465612290204100, 28.99999999999999600, -14.49938635828470100 ) ) ;
#5517 = STYLED_ITEM ( 'NONE', ( #1796 ), #9397 ) ;
#5518 = CARTESIAN_POINT ( 'NONE',  ( -32.00000000000000000, 28.49999999999999600, -14.99999999999911000 ) ) ;
#5519 = VECTOR ( 'NONE', #7061, 1000.000000000000000 ) ;
#5520 = DIRECTION ( 'NONE',  ( -1.000000000000000000, -0.0000000000000000000, -0.0000000000000000000 ) ) ;
#5521 = DIRECTION ( 'NONE',  ( -0.0000000000000000000, -0.0000000000000000000, -1.000000000000000000 ) ) ;
#5522 = CARTESIAN_POINT ( 'NONE',  ( -3.500000000000007100, 29.00000000000001100, -13.99999999999994700 ) ) ;
#5523 = EDGE_LOOP ( 'NONE', ( #5836, #8990, #8007, #4738 ) ) ;
#5524 = DIRECTION ( 'NONE',  ( -1.000000000000000000, 0.0000000000000000000, 0.0000000000000000000 ) ) ;
#5525 = FILL_AREA_STYLE_COLOUR ( '', #10142 ) ;
#5526 = COLOUR_RGB ( '',0.0000000000000000000, 0.0000000000000000000, 0.0000000000000000000 ) ;
#5527 = DIRECTION ( 'NONE',  ( 0.0000000000000000000, -1.000000000000000000, -1.734723475976807100E-015 ) ) ;
#5528 = LINE ( 'NONE', #8640, #7577 ) ;
#5529 = FILL_AREA_STYLE ('',( #3783 ) ) ;
#5530 = LINE ( 'NONE', #9126, #3206 ) ;
#5531 = STYLED_ITEM ( 'NONE', ( #11182 ), #10180 ) ;
#5532 = ORIENTED_EDGE ( 'NONE', *, *, #2313, .F. ) ;
#5533 = EDGE_CURVE ( 'NONE', #10487, #10398, #5984, .T. ) ;
#5534 = MANIFOLD_SOLID_BREP ( 'Körper-Verschieben/Kopieren1[4]', #8574 ) ;
#5535 = ORIENTED_EDGE ( 'NONE', *, *, #10387, .T. ) ;
#5536 = DIRECTION ( 'NONE',  ( -1.000000000000000000, -0.0000000000000000000, -0.0000000000000000000 ) ) ;
#5537 = DIRECTION ( 'NONE',  ( 1.000000000000000000, -0.0000000000000000000, -0.0000000000000000000 ) ) ;
#5538 = SURFACE_STYLE_FILL_AREA ( #10631 ) ;
#5539 =( NAMED_UNIT ( * ) PLANE_ANGLE_UNIT ( ) SI_UNIT ( $, .RADIAN. ) );
#5540 = CARTESIAN_POINT ( 'NONE',  ( -16.96445649076446900, 26.73870166625303600, 0.7147989095640154800 ) ) ;
#5541 = CARTESIAN_POINT ( 'NONE',  ( -19.24994240389165200, 23.02627265723704000, -0.1634583643898706900 ) ) ;
#5542 = FILL_AREA_STYLE ('',( #2866 ) ) ;
#5543 = FACE_OUTER_BOUND ( 'NONE', #261, .T. ) ;
#5544 = EDGE_LOOP ( 'NONE', ( #4835, #11304, #6090, #4253, #2653, #1401, #2550, #9890, #8506, #4503, #1315, #775 ) ) ;
#5545 = CARTESIAN_POINT ( 'NONE',  ( -19.02711440726000400, 28.92924463448999400, -1.046656861911000400 ) ) ;
#5546 = ORIENTED_EDGE ( 'NONE', *, *, #9537, .F. ) ;
#5547 = PRODUCT_DEFINITION_CONTEXT ( 'detailed design', #3988, 'design' ) ;
#5548 = MECHANICAL_DESIGN_GEOMETRIC_PRESENTATION_REPRESENTATION (  '', ( #3801 ), #6140 ) ;
#5549 = LINE ( 'NONE', #6481, #926 ) ;
#5550 = DIRECTION ( 'NONE',  ( 1.000000000000000000, 0.0000000000000000000, 0.0000000000000000000 ) ) ;
#5551 = EDGE_CURVE ( 'NONE', #7184, #9540, #7362, .T. ) ;
#5552 = CARTESIAN_POINT ( 'NONE',  ( -18.35070637639944400, 28.74425461318200400, -1.582498276975286900 ) ) ;
#5553 = CARTESIAN_POINT ( 'NONE',  ( -18.32724986375281900, 22.55801266671299000, -1.217477923727044300 ) ) ;
#5554 = VECTOR ( 'NONE', #512, 1000.000000000000000 ) ;
#5555 = DIRECTION ( 'NONE',  ( 0.0000000000000000000, 1.000000000000000000, 0.0000000000000000000 ) ) ;
#5556 = ORIENTED_EDGE ( 'NONE', *, *, #9537, .T. ) ;
#5557 = CARTESIAN_POINT ( 'NONE',  ( -28.00000000000000400, 16.73320053068134400, 9.000000000000316200 ) ) ;
#5558 = CYLINDRICAL_SURFACE ( 'NONE', #801, 17.00000000000000000 ) ;
#5559 = CARTESIAN_POINT ( 'NONE',  ( -0.05597972129318760900, -16.78820545322529500, -2.055962207172049600E-015 ) ) ;
#5560 = ADVANCED_FACE ( 'NONE', ( #5706 ), #2859, .T. ) ;
#5561 = DIRECTION ( 'NONE',  ( 0.0000000000000000000, 1.000000000000000000, 0.0000000000000000000 ) ) ;
#5562 = FILL_AREA_STYLE_COLOUR ( '', #287 ) ;
#5563 =( LENGTH_UNIT ( ) NAMED_UNIT ( * ) SI_UNIT ( .MILLI., .METRE. ) );
#5564 = CARTESIAN_POINT ( 'NONE',  ( -4.000000000000003600, 28.49999999999999600, 14.50000000000000000 ) ) ;
#5565 = DIRECTION ( 'NONE',  ( -0.0000000000000000000, 1.000000000000000000, -0.0000000000000000000 ) ) ;
#5566 = ORIENTED_EDGE ( 'NONE', *, *, #1621, .T. ) ;
#5567 = ORIENTED_EDGE ( 'NONE', *, *, #5821, .F. ) ;
#5568 =( GEOMETRIC_REPRESENTATION_CONTEXT ( 3 ) GLOBAL_UNCERTAINTY_ASSIGNED_CONTEXT ( ( #4267 ) ) GLOBAL_UNIT_ASSIGNED_CONTEXT ( ( #10548, #5319, #106 ) ) REPRESENTATION_CONTEXT ( 'NONE', 'WORKASPACE' ) );
#5569 = PLANE ( 'NONE',  #3180 ) ;
#5570 = SURFACE_STYLE_FILL_AREA ( #3890 ) ;
#5571 = FILL_AREA_STYLE_COLOUR ( '', #4017 ) ;
#5572 = ORIENTED_EDGE ( 'NONE', *, *, #2723, .T. ) ;
#5573 = CARTESIAN_POINT ( 'NONE',  ( -17.81450430280959600, 24.52614332926721400, -1.249998680374507600 ) ) ;
#5574 =( LENGTH_UNIT ( ) NAMED_UNIT ( * ) SI_UNIT ( .MILLI., .METRE. ) );
#5575 = CARTESIAN_POINT ( 'NONE',  ( -18.00000000000034800, 26.91254348891130400, -1.249999999999998900 ) ) ;
#5576 = CARTESIAN_POINT ( 'NONE',  ( -19.60000000000000100, 38.89999999999999900, -7.599999999999998800 ) ) ;
#5577 = DIRECTION ( 'NONE',  ( -1.000000000000000000, 0.0000000000000000000, 0.0000000000000000000 ) ) ;
#5578 = LINE ( 'NONE', #4022, #3251 ) ;
#5579 = EDGE_CURVE ( 'NONE', #3997, #2174, #4209, .T. ) ;
#5580 = CARTESIAN_POINT ( 'NONE',  ( -17.11295446881000300, 28.90388488204999700, -0.9232103468759999000 ) ) ;
#5581 = STYLED_ITEM ( 'NONE', ( #3036 ), #3139 ) ;
#5582 = STYLED_ITEM ( 'NONE', ( #11116 ), #11060 ) ;
#5583 =( GEOMETRIC_REPRESENTATION_CONTEXT ( 3 ) GLOBAL_UNCERTAINTY_ASSIGNED_CONTEXT ( ( #6771 ) ) GLOBAL_UNIT_ASSIGNED_CONTEXT ( ( #475, #6539, #1335 ) ) REPRESENTATION_CONTEXT ( 'NONE', 'WORKASPACE' ) );
#5584 = EDGE_LOOP ( 'NONE', ( #3077, #9193, #1597, #9212 ) ) ;
#5585 = ADVANCED_FACE ( 'NONE', ( #10930 ), #2895, .T. ) ;
#5586 = CARTESIAN_POINT ( 'NONE',  ( -18.00000000000020300, 27.53755804752040600, -1.249999999999999800 ) ) ;
#5587 = CARTESIAN_POINT ( 'NONE',  ( -50.00000000000000000, 0.0000000000000000000, -17.10000000000000100 ) ) ;
#5588 = CARTESIAN_POINT ( 'NONE',  ( -18.76803928849034600, 22.73579905522537500, 0.9998999989922741100 ) ) ;
#5589 = DIRECTION ( 'NONE',  ( 0.0000000000000000000, 0.0000000000000000000, 1.000000000000000000 ) ) ;
#5590 = CARTESIAN_POINT ( 'NONE',  ( -19.35865839393658000, 24.79603295195240500, -1.095288575325286300 ) ) ;
#5591 = UNCERTAINTY_MEASURE_WITH_UNIT (LENGTH_MEASURE( 1.000000000000000100E-005 ), #10266, 'distance_accuracy_value', 'NONE');
#5592 = SURFACE_STYLE_FILL_AREA ( #9291 ) ;
#5593 = ORIENTED_EDGE ( 'NONE', *, *, #6310, .F. ) ;
#5594 = VECTOR ( 'NONE', #10660, 1000.000000000000000 ) ;
#5595 = EDGE_CURVE ( 'NONE', #9015, #2013, #10081, .T. ) ;
#5596 = DIRECTION ( 'NONE',  ( 0.0000000000000000000, 0.0000000000000000000, 1.000000000000000000 ) ) ;
#5597 = DIRECTION ( 'NONE',  ( -1.000000000000000000, -0.0000000000000000000, -0.0000000000000000000 ) ) ;
#5598 =( GEOMETRIC_REPRESENTATION_CONTEXT ( 3 ) GLOBAL_UNCERTAINTY_ASSIGNED_CONTEXT ( ( #8670 ) ) GLOBAL_UNIT_ASSIGNED_CONTEXT ( ( #10905, #5642, #450 ) ) REPRESENTATION_CONTEXT ( 'NONE', 'WORKASPACE' ) );
#5599 = CARTESIAN_POINT ( 'NONE',  ( 0.0000000000000000000, 0.0000000000000000000, 17.00000000000000000 ) ) ;
#5600 =( LENGTH_UNIT ( ) NAMED_UNIT ( * ) SI_UNIT ( .MILLI., .METRE. ) );
#5601 = VECTOR ( 'NONE', #2009, 1000.000000000000000 ) ;
#5602 = ORIENTED_EDGE ( 'NONE', *, *, #6618, .T. ) ;
#5603 = COLOUR_RGB ( '',0.9803921568627450600, 0.6274509803921568500, 0.0000000000000000000 ) ;
#5604 = CARTESIAN_POINT ( 'NONE',  ( -18.99886041087803800, 26.58931370735730600, 0.7689572209314967700 ) ) ;
#5605 =( NAMED_UNIT ( * ) PLANE_ANGLE_UNIT ( ) SI_UNIT ( $, .RADIAN. ) );
#5606 = AXIS2_PLACEMENT_3D ( 'NONE', #7192, #1974, #8062 ) ;
#5607 = EDGE_CURVE ( 'NONE', #9940, #3920, #1104, .T. ) ;
#5608 = VERTEX_POINT ( 'NONE', #8082 ) ;
#5609 =( NAMED_UNIT ( * ) PLANE_ANGLE_UNIT ( ) SI_UNIT ( $, .RADIAN. ) );
#5610 = PRESENTATION_STYLE_ASSIGNMENT (( #5164 ) ) ;
#5611 = CARTESIAN_POINT ( 'NONE',  ( -9.300000000000002500, 31.50000000000000000, 0.0000000000000000000 ) ) ;
#5612 = SURFACE_STYLE_FILL_AREA ( #6491 ) ;
#5613 = ADVANCED_FACE ( 'NONE', ( #3116 ), #17, .F. ) ;
#5614 =( NAMED_UNIT ( * ) PLANE_ANGLE_UNIT ( ) SI_UNIT ( $, .RADIAN. ) );
#5615 = ORIENTED_EDGE ( 'NONE', *, *, #8657, .T. ) ;
#5616 = LINE ( 'NONE', #4513, #3302 ) ;
#5617 = CARTESIAN_POINT ( 'NONE',  ( -16.26357228113271300, 25.60799192219239400, -0.1744374123142237700 ) ) ;
#5618 = COLOUR_RGB ( '',1.000000000000000000, 1.000000000000000000, 0.9490196078431372100 ) ;
#5619 = AXIS2_PLACEMENT_3D ( 'NONE', #1286, #7381, #2150 ) ;
#5620 =( LENGTH_UNIT ( ) NAMED_UNIT ( * ) SI_UNIT ( .MILLI., .METRE. ) );
#5621 = AXIS2_PLACEMENT_3D ( 'NONE', #10046, #4823, #10949 ) ;
#5622 = ORIENTED_EDGE ( 'NONE', *, *, #298, .F. ) ;
#5623 = DIRECTION ( 'NONE',  ( -1.000000000000000000, 0.0000000000000000000, 0.0000000000000000000 ) ) ;
#5624 = CARTESIAN_POINT ( 'NONE',  ( -18.62600902494243000, 24.57988340132322600, -1.085027381649189800 ) ) ;
#5625 = CARTESIAN_POINT ( 'NONE',  ( -16.75004130440413500, 27.29770115644380700, -0.1649566481148002600 ) ) ;
#5626 = CARTESIAN_POINT ( 'NONE',  ( -16.78225475822180700, 22.93294231031599400, -0.3261589229114044100 ) ) ;
#5627 = EDGE_LOOP ( 'NONE', ( #6270, #2539, #1344, #201 ) ) ;
#5628 = CARTESIAN_POINT ( 'NONE',  ( -9.400000000000005700, 32.23000000000000400, 0.3500000000000000300 ) ) ;
#5629 = SURFACE_STYLE_FILL_AREA ( #5329 ) ;
#5630 = VECTOR ( 'NONE', #69, 1000.000000000000000 ) ;
#5631 = DIRECTION ( 'NONE',  ( 0.0000000000000000000, 0.0000000000000000000, 1.000000000000000000 ) ) ;
#5632 = FACE_OUTER_BOUND ( 'NONE', #10520, .T. ) ;
#5633 = EDGE_LOOP ( 'NONE', ( #1071, #9786, #10325, #7614 ) ) ;
#5634 = CARTESIAN_POINT ( 'NONE',  ( -28.00000000000000400, 20.69722181384500800, -2.000000000000000000 ) ) ;
#5635 = ORIENTED_EDGE ( 'NONE', *, *, #4694, .F. ) ;
#5636 = EDGE_CURVE ( 'NONE', #11271, #964, #4627, .T. ) ;
#5637 = AXIS2_PLACEMENT_3D ( 'NONE', #9643, #4392, #10526 ) ;
#5638 = CARTESIAN_POINT ( 'NONE',  ( -19.21705318843752200, 26.05813534129800100, 0.3283186186564328600 ) ) ;
#5639 = CYLINDRICAL_SURFACE ( 'NONE', #10723, 18.60000000000000100 ) ;
#5640 = STYLED_ITEM ( 'NONE', ( #8777 ), #10828 ) ;
#5641 = CARTESIAN_POINT ( 'NONE',  ( -18.16285363547774500, 26.42323487232177100, -1.249999999999923200 ) ) ;
#5642 =( NAMED_UNIT ( * ) PLANE_ANGLE_UNIT ( ) SI_UNIT ( $, .RADIAN. ) );
#5643 = PRESENTATION_LAYER_ASSIGNMENT (  '', '', ( #5088 ) ) ;
#5644 = FACE_OUTER_BOUND ( 'NONE', #2714, .T. ) ;
#5645 = DIRECTION ( 'NONE',  ( 0.0000000000000000000, 0.0000000000000000000, 1.000000000000000000 ) ) ;
#5646 = CARTESIAN_POINT ( 'NONE',  ( -17.83483706329199200, 25.29769536038205400, 1.250001195227188100 ) ) ;
#5647 = PRESENTATION_STYLE_ASSIGNMENT (( #2097 ) ) ;
#5648 = ORIENTED_EDGE ( 'NONE', *, *, #1604, .T. ) ;
#5649 = CARTESIAN_POINT ( 'NONE',  ( -9.000000000000001800, 28.89999999999999900, 3.150000000000000400 ) ) ;
#5650 = UNCERTAINTY_MEASURE_WITH_UNIT (LENGTH_MEASURE( 1.000000000000000100E-005 ), #1961, 'distance_accuracy_value', 'NONE');
#5651 = VECTOR ( 'NONE', #5786, 1000.000000000000000 ) ;
#5652 = FACE_OUTER_BOUND ( 'NONE', #4546, .T. ) ;
#5653 = CARTESIAN_POINT ( 'NONE',  ( -18.00000000000001100, 28.83481904910013700, -1.384827457847554600 ) ) ;
#5654 = EDGE_CURVE ( 'NONE', #5446, #1527, #6935, .T. ) ;
#5655 = DIRECTION ( 'NONE',  ( 0.0000000000000000000, 1.000000000000000000, 0.0000000000000000000 ) ) ;
#5656 =( LENGTH_UNIT ( ) NAMED_UNIT ( * ) SI_UNIT ( .MILLI., .METRE. ) );
#5657 = DIRECTION ( 'NONE',  ( -1.000000000000000000, -0.0000000000000000000, 0.0000000000000000000 ) ) ;
#5658 = DIRECTION ( 'NONE',  ( -1.000000000000000000, 0.0000000000000000000, 0.0000000000000000000 ) ) ;
#5659 = CARTESIAN_POINT ( 'NONE',  ( -19.05298459242000300, 25.87511488472000600, 1.281319217264999900 ) ) ;
#5660 =( GEOMETRIC_REPRESENTATION_CONTEXT ( 3 ) GLOBAL_UNCERTAINTY_ASSIGNED_CONTEXT ( ( #2693 ) ) GLOBAL_UNIT_ASSIGNED_CONTEXT ( ( #1586, #7520, #6630 ) ) REPRESENTATION_CONTEXT ( 'NONE', 'WORKASPACE' ) );
#5661 = ORIENTED_EDGE ( 'NONE', *, *, #3286, .F. ) ;
#5662 = CARTESIAN_POINT ( 'NONE',  ( -19.11372902468937000, 26.41995089243794200, 1.343734726960319300 ) ) ;
#5663 =( GEOMETRIC_REPRESENTATION_CONTEXT ( 3 ) GLOBAL_UNCERTAINTY_ASSIGNED_CONTEXT ( ( #6290 ) ) GLOBAL_UNIT_ASSIGNED_CONTEXT ( ( #2329, #8441, #3214 ) ) REPRESENTATION_CONTEXT ( 'NONE', 'WORKASPACE' ) );
#5664 = SURFACE_STYLE_USAGE ( .BOTH. , #10921 ) ;
#5665 = ORIENTED_EDGE ( 'NONE', *, *, #5080, .T. ) ;
#5666 = CARTESIAN_POINT ( 'NONE',  ( -18.32741677557719800, 24.76753267138111500, 1.217461976339368800 ) ) ;
#5667 = FILL_AREA_STYLE_COLOUR ( '', #2573 ) ;
#5668 = FILL_AREA_STYLE ('',( #4797 ) ) ;
#5669 =( NAMED_UNIT ( * ) PLANE_ANGLE_UNIT ( ) SI_UNIT ( $, .RADIAN. ) );
#5670 = UNCERTAINTY_MEASURE_WITH_UNIT (LENGTH_MEASURE( 1.000000000000000100E-005 ), #7004, 'distance_accuracy_value', 'NONE');
#5671 = FILL_AREA_STYLE ('',( #3921 ) ) ;
#5672 = EDGE_LOOP ( 'NONE', ( #4118, #8236, #5556, #7795 ) ) ;
#5673 = SURFACE_STYLE_USAGE ( .BOTH. , #10927 ) ;
#5674 = PRESENTATION_STYLE_ASSIGNMENT (( #650 ) ) ;
#5675 = FILL_AREA_STYLE ('',( #3037 ) ) ;
#5676 = MECHANICAL_DESIGN_GEOMETRIC_PRESENTATION_REPRESENTATION (  '', ( #4510 ), #6265 ) ;
#5677 = CARTESIAN_POINT ( 'NONE',  ( -9.493953742166237200, 16.09416451414772500, 9.124010607844420300 ) ) ;
#5678 = STYLED_ITEM ( 'NONE', ( #3063 ), #10409 ) ;
#5679 = EDGE_CURVE ( 'NONE', #10009, #10377, #2288, .T. ) ;
#5680 = VERTEX_POINT ( 'NONE', #1303 ) ;
#5681 = FACE_OUTER_BOUND ( 'NONE', #5046, .T. ) ;
#5682 = FILL_AREA_STYLE ('',( #2132 ) ) ;
#5683 = DIRECTION ( 'NONE',  ( 0.0000000000000000000, 0.0000000000000000000, -1.000000000000000000 ) ) ;
#5684 = ORIENTED_EDGE ( 'NONE', *, *, #2614, .F. ) ;
#5685 = CARTESIAN_POINT ( 'NONE',  ( -3.151539655653171000, 12.22758296769440500, 14.54332233138742200 ) ) ;
#5686 = CARTESIAN_POINT ( 'NONE',  ( -16.75010685013164400, 25.40244894988525500, 0.1638385712885155600 ) ) ;
#5687 = B_SPLINE_CURVE_WITH_KNOTS ( 'NONE', 3,
 ( #6084, #8, #6944, #1743, #7825, #2607, #8712, #3476, #9602, #4348, #10482, #5253, #42, #6121, #904, #6982, #1781, #7860 ),
 .UNSPECIFIED., .F., .F.,
 ( 4, 2, 2, 2, 2, 2, 2, 2, 4 ),
 ( 0.004647031188028990200, 0.004965480643147782800, 0.005283930098266574600, 0.005602379553385367300, 0.005920829008504159900, 0.006239278463622951700, 0.006557727918741744300, 0.006876177373860537000, 0.007194626828979328700 ),
 .UNSPECIFIED. ) ;
#5688 = CARTESIAN_POINT ( 'NONE',  ( -17.00096554917760000, 26.33927466585013700, -0.7688752540232454100 ) ) ;
#5689 = ORIENTED_EDGE ( 'NONE', *, *, #10784, .F. ) ;
#5690 = COLOUR_RGB ( '',1.000000000000000000, 1.000000000000000000, 0.9490196078431372100 ) ;
#5691 = STYLED_ITEM ( 'NONE', ( #3677 ), #7758 ) ;
#5692 = ADVANCED_FACE ( 'NONE', ( #6657 ), #5569, .T. ) ;
#5693 = LINE ( 'NONE', #9127, #10065 ) ;
#5694 = FILL_AREA_STYLE_COLOUR ( '', #2211 ) ;
#5695 = EDGE_CURVE ( 'NONE', #10851, #6510, #3525, .T. ) ;
#5696 = CARTESIAN_POINT ( 'NONE',  ( -1.500000000000001300, -15.94956969548781000, -1.953258947535676900E-015 ) ) ;
#5697 = DIRECTION ( 'NONE',  ( 0.0000000000000000000, 0.0000000000000000000, 1.000000000000000000 ) ) ;
#5698 = CARTESIAN_POINT ( 'NONE',  ( -18.63711556647959400, 28.45469679283775800, -1.083691382471557900 ) ) ;
#5699 = CARTESIAN_POINT ( 'NONE',  ( -0.3000000000000016500, 0.0000000000000000000, 11.60000000000000000 ) ) ;
#5700 = DIRECTION ( 'NONE',  ( 0.0000000000000000000, 1.000000000000000000, 0.0000000000000000000 ) ) ;
#5701 =( BOUNDED_CURVE ( )  B_SPLINE_CURVE ( 3, ( #4562, #1956, #5337, #2485 ),
 .UNSPECIFIED., .F., .T. ) 
 B_SPLINE_CURVE_WITH_KNOTS ( ( 4, 4 ),
 ( 3.277465994165899700, 4.549989156215449500 ),
 .UNSPECIFIED. ) 
 CURVE ( )  GEOMETRIC_REPRESENTATION_ITEM ( )  RATIONAL_B_SPLINE_CURVE ( ( 1.000000000000000000, 0.8695484763366176900, 0.8695484763366176900, 1.000000000000000000 ) ) 
 REPRESENTATION_ITEM ( '' )  );
#5702 = PLANE ( 'NONE',  #7028 ) ;
#5703 = CARTESIAN_POINT ( 'NONE',  ( -15.76392931419898600, 18.49943485205466600, -0.6681451171605020700 ) ) ;
#5704 = EDGE_LOOP ( 'NONE', ( #8464, #4548, #6772, #9417 ) ) ;
#5705 = ORIENTED_EDGE ( 'NONE', *, *, #10603, .F. ) ;
#5706 = FACE_OUTER_BOUND ( 'NONE', #3872, .T. ) ;
#5707 = DIRECTION ( 'NONE',  ( -1.000000000000000000, -0.0000000000000000000, -0.0000000000000000000 ) ) ;
#5708 = CARTESIAN_POINT ( 'NONE',  ( -50.00000000000000000, 0.0000000000000000000, 18.50000000000000000 ) ) ;
#5709 = CARTESIAN_POINT ( 'NONE',  ( -18.00000000000000400, 38.89999999999999900, 9.400000000000000400 ) ) ;
#5710 = DIRECTION ( 'NONE',  ( 0.0000000000000000000, 1.000000000000000000, 0.0000000000000000000 ) ) ;
#5711 = DIRECTION ( 'NONE',  ( 0.0000000000000000000, 1.000000000000000000, 0.0000000000000000000 ) ) ;
#5712 = CARTESIAN_POINT ( 'NONE',  ( -18.00000000000000400, 28.41093935102359700, -1.250000000000000000 ) ) ;
#5713 = CARTESIAN_POINT ( 'NONE',  ( -50.00000000000000000, 15.71288563568131600, -9.764999999999986400 ) ) ;
#5714 = CARTESIAN_POINT ( 'NONE',  ( -19.54065158171483300, 23.81111230757779800, -0.8197574870380447400 ) ) ;
#5715 = DIRECTION ( 'NONE',  ( 0.0000000000000000000, 1.000000000000000000, 0.0000000000000000000 ) ) ;
#5716 = PRESENTATION_STYLE_ASSIGNMENT (( #10824 ) ) ;
#5717 = AXIS2_PLACEMENT_3D ( 'NONE', #8536, #3300, #9422 ) ;
#5718 = VERTEX_POINT ( 'NONE', #10966 ) ;
#5719 = CARTESIAN_POINT ( 'NONE',  ( -33.00000000000000000, 20.67261628933499700, -14.00000000000000000 ) ) ;
#5720 = MECHANICAL_DESIGN_GEOMETRIC_PRESENTATION_REPRESENTATION (  '', ( #4544 ), #6300 ) ;
#5721 = CARTESIAN_POINT ( 'NONE',  ( -16.72166654503000400, 27.85214291473000300, 0.1307441606926999800 ) ) ;
#5722 = CARTESIAN_POINT ( 'NONE',  ( -18.00000000000024200, 28.03757036026202000, -1.250000000000000000 ) ) ;
#5723 = PRESENTATION_STYLE_ASSIGNMENT (( #5969 ) ) ;
#5724 = CARTESIAN_POINT ( 'NONE',  ( -17.17374050277593900, 27.34468034113960400, 0.9415112755432069000 ) ) ;
#5725 = CARTESIAN_POINT ( 'NONE',  ( -18.00000000000000400, 28.41093935102359700, 0.0000000000000000000 ) ) ;
#5726 = ADVANCED_FACE ( 'NONE', ( #10224 ), #1379, .T. ) ;
#5727 = ORIENTED_EDGE ( 'NONE', *, *, #5770, .F. ) ;
#5728 = ORIENTED_EDGE ( 'NONE', *, *, #9927, .F. ) ;
#5729 = COLOUR_RGB ( '',0.9803921568627450600, 0.6274509803921568500, 0.0000000000000000000 ) ;
#5730 = EDGE_CURVE ( 'NONE', #7888, #2802, #10512, .T. ) ;
#5731 = CARTESIAN_POINT ( 'NONE',  ( -17.83488180407465900, 26.17338230121781700, 1.250000000000028900 ) ) ;
#5732 =( GEOMETRIC_REPRESENTATION_CONTEXT ( 3 ) GLOBAL_UNCERTAINTY_ASSIGNED_CONTEXT ( ( #9488 ) ) GLOBAL_UNIT_ASSIGNED_CONTEXT ( ( #7662, #7700, #7738 ) ) REPRESENTATION_CONTEXT ( 'NONE', 'WORKASPACE' ) );
#5733 = PRESENTATION_LAYER_ASSIGNMENT (  '', '', ( #3970 ) ) ;
#5734 = CARTESIAN_POINT ( 'NONE',  ( -10.92272661425332300, 16.45844886927147500, 8.457221914161769000 ) ) ;
#5735 = AXIS2_PLACEMENT_3D ( 'NONE', #7806, #2581, #8689 ) ;
#5736 = COLOUR_RGB ( '',0.7764705882352941300, 0.7568627450980391900, 0.7372549019607843600 ) ;
#5737 = CARTESIAN_POINT ( 'NONE',  ( -2.700000000000008200, 2.081899558550500300E-015, -17.00000000000000000 ) ) ;
#5738 = UNCERTAINTY_MEASURE_WITH_UNIT (LENGTH_MEASURE( 1.000000000000000100E-005 ), #10882, 'distance_accuracy_value', 'NONE');
#5739 = COLOUR_RGB ( '',1.000000000000000000, 1.000000000000000000, 0.9490196078431372100 ) ;
#5740 = ORIENTED_EDGE ( 'NONE', *, *, #8544, .F. ) ;
#5741 = CARTESIAN_POINT ( 'NONE',  ( -18.99961056599043700, 24.58874878679520700, 0.7680808000898642400 ) ) ;
#5742 = CARTESIAN_POINT ( 'NONE',  ( -16.99895887433784100, 28.33981162687041100, -0.7665523506510930600 ) ) ;
#5743 = SURFACE_SIDE_STYLE ('',( #4929 ) ) ;
#5744 = DIRECTION ( 'NONE',  ( 0.0000000000000000000, 0.0000000000000000000, 1.000000000000000000 ) ) ;
#5745 = CARTESIAN_POINT ( 'NONE',  ( -9.400000000000005700, 34.39999999999999900, 3.149999999999999900 ) ) ;
#5746 = CARTESIAN_POINT ( 'NONE',  ( -1.195978250521102100, 17.13304714212788600, 0.0000000000000000000 ) ) ;
#5747 = CARTESIAN_POINT ( 'NONE',  ( -50.00000000000000000, 13.91563060015608100, -9.764999999999986400 ) ) ;
#5748 = B_SPLINE_CURVE_WITH_KNOTS ( 'NONE', 3,
 ( #1482, #5824, #4094, #10208, #4996, #11109, #5862, #661, #6713, #1518, #7609, #2374, #8487, #3252, #9368, #4123, #10243, #5033, #11150, #5898 ),
 .UNSPECIFIED., .F., .F.,
 ( 4, 2, 2, 2, 2, 2, 2, 2, 2, 4 ),
 ( -0.01174577408107421000, -0.01125636301614806600, -0.01101165748368498700, -0.01076695195122191100, -0.01027754088629574900, -0.009788129821369586500, -0.009298718756443424500, -0.008809307691517262500, -0.008319896626591100400, -0.007830485561664938400 ),
 .UNSPECIFIED. ) ;
#5749 = SURFACE_STYLE_USAGE ( .BOTH. , #10998 ) ;
#5750 = AXIS2_PLACEMENT_3D ( 'NONE', #2974, #9071, #3852 ) ;
#5751 = CARTESIAN_POINT ( 'NONE',  ( -17.71119164867574000, 26.51851638068838600, -1.249998201447413800 ) ) ;
#5752 = VERTEX_POINT ( 'NONE', #7504 ) ;
#5753 = LINE ( 'NONE', #8292, #5363 ) ;
#5754 = APPLICATION_CONTEXT ( 'automotive_design' ) ;
#5755 = DIRECTION ( 'NONE',  ( -1.000000000000000000, -0.0000000000000000000, -0.0000000000000000000 ) ) ;
#5756 = PRESENTATION_LAYER_ASSIGNMENT (  '', '', ( #6334 ) ) ;
#5757 = PRESENTATION_STYLE_ASSIGNMENT (( #10545 ) ) ;
#5758 = DIRECTION ( 'NONE',  ( -0.0000000000000000000, -1.000000000000000000, -0.0000000000000000000 ) ) ;
#5759 = DIRECTION ( 'NONE',  ( 0.0000000000000000000, 0.0000000000000000000, -1.000000000000000000 ) ) ;
#5760 = CARTESIAN_POINT ( 'NONE',  ( -19.66718394745661800, 23.37390363129226100, 0.5158559091415813000 ) ) ;
#5761 = DIRECTION ( 'NONE',  ( 0.0000000000000000000, 0.0000000000000000000, -1.000000000000000000 ) ) ;
#5762 = ORIENTED_EDGE ( 'NONE', *, *, #5096, .F. ) ;
#5763 = CARTESIAN_POINT ( 'NONE',  ( -18.81822373495000300, 27.04018394448999600, -0.9908286991940000700 ) ) ;
#5764 = CARTESIAN_POINT ( 'NONE',  ( -18.95873083245266600, 28.10486389849983600, -0.8453193010900901200 ) ) ;
#5765 = CARTESIAN_POINT ( 'NONE',  ( -5.999999999999998200, 25.00000000000000000, -9.764999999999998800 ) ) ;
#5766 = CARTESIAN_POINT ( 'NONE',  ( -18.00000000000020300, 27.53755804752040600, -1.249999999999999800 ) ) ;
#5767 = CARTESIAN_POINT ( 'NONE',  ( -18.16318778464229700, 27.92256767341087800, -1.249999999999955100 ) ) ;
#5768 = STYLED_ITEM ( 'NONE', ( #6021 ), #7409 ) ;
#5769 = CARTESIAN_POINT ( 'NONE',  ( -3.000000000000002700, 16.23490457941162300, -9.870555875805557400 ) ) ;
#5770 = EDGE_CURVE ( 'NONE', #4059, #7820, #4762, .T. ) ;
#5771 = UNCERTAINTY_MEASURE_WITH_UNIT (LENGTH_MEASURE( 1.000000000000000100E-005 ), #1204, 'distance_accuracy_value', 'NONE');
#5772 = DIRECTION ( 'NONE',  ( -1.000000000000000000, -0.0000000000000000000, -0.0000000000000000000 ) ) ;
#5773 = ORIENTED_EDGE ( 'NONE', *, *, #5595, .T. ) ;
#5774 = LINE ( 'NONE', #4232, #9867 ) ;
#5775 = CARTESIAN_POINT ( 'NONE',  ( -19.27933351662000300, 26.11772168243999900, 0.1203976904216000100 ) ) ;
#5776 = SURFACE_STYLE_FILL_AREA ( #2050 ) ;
#5777 =( NAMED_UNIT ( * ) PLANE_ANGLE_UNIT ( ) SI_UNIT ( $, .RADIAN. ) );
#5778 = CARTESIAN_POINT ( 'NONE',  ( -9.300000000000002500, 33.00000000000000000, 0.0000000000000000000 ) ) ;
#5779 = CARTESIAN_POINT ( 'NONE',  ( -3.000000000000002700, 0.0000000000000000000, 0.0000000000000000000 ) ) ;
#5780 = ORIENTED_EDGE ( 'NONE', *, *, #2740, .F. ) ;
#5781 = SURFACE_STYLE_USAGE ( .BOTH. , #11027 ) ;
#5782 = SURFACE_STYLE_USAGE ( .BOTH. , #11029 ) ;
#5783 = ORIENTED_EDGE ( 'NONE', *, *, #8804, .F. ) ;
#5784 = FACE_BOUND ( 'NONE', #1843, .T. ) ;
#5785 = CARTESIAN_POINT ( 'NONE',  ( -16.45471505683326200, 24.58463534188404900, 0.3026179700817572300 ) ) ;
#5786 = DIRECTION ( 'NONE',  ( 1.000000000000000000, 0.0000000000000000000, -0.0000000000000000000 ) ) ;
#5787 = AXIS2_PLACEMENT_3D ( 'NONE', #759, #6834, #1634 ) ;
#5788 = CARTESIAN_POINT ( 'NONE',  ( -16.23384757604000200, 24.07127222903000400, -0.5343566317821000200 ) ) ;
#5789 = ADVANCED_FACE ( 'NONE', ( #147 ), #7794, .F. ) ;
#5790 = AXIS2_PLACEMENT_3D ( 'NONE', #7367, #2138, #8233 ) ;
#5791 = FILL_AREA_STYLE_COLOUR ( '', #10514 ) ;
#5792 = ORIENTED_EDGE ( 'NONE', *, *, #3560, .F. ) ;
#5793 = SURFACE_SIDE_STYLE ('',( #9092 ) ) ;
#5794 =( NAMED_UNIT ( * ) SI_UNIT ( $, .STERADIAN. ) SOLID_ANGLE_UNIT ( ) );
#5795 = SURFACE_SIDE_STYLE ('',( #4722 ) ) ;
#5796 = CARTESIAN_POINT ( 'NONE',  ( -9.300000000000002500, 33.00000000000000000, 0.02999999999999986000 ) ) ;
#5797 = CARTESIAN_POINT ( 'NONE',  ( -19.17757946726000600, 26.47208288261000300, 1.420771470293000100 ) ) ;
#5798 = LINE ( 'NONE', #8740, #1433 ) ;
#5799 = SURFACE_STYLE_USAGE ( .BOTH. , #11049 ) ;
#5800 = VECTOR ( 'NONE', #118, 1000.000000000000000 ) ;
#5801 = ORIENTED_EDGE ( 'NONE', *, *, #7012, .T. ) ;
#5802 = EDGE_CURVE ( 'NONE', #3898, #4693, #1629, .T. ) ;
#5803 = VERTEX_POINT ( 'NONE', #11126 ) ;
#5804 =( GEOMETRIC_REPRESENTATION_CONTEXT ( 3 ) GLOBAL_UNCERTAINTY_ASSIGNED_CONTEXT ( ( #3175 ) ) GLOBAL_UNIT_ASSIGNED_CONTEXT ( ( #858, #821, #2454 ) ) REPRESENTATION_CONTEXT ( 'NONE', 'WORKASPACE' ) );
#5805 = CARTESIAN_POINT ( 'NONE',  ( -17.80007277535000700, 26.24904443503000100, 1.181947759478000100 ) ) ;
#5806 = STYLED_ITEM ( 'NONE', ( #7126 ), #10931 ) ;
#5807 = SURFACE_STYLE_USAGE ( .BOTH. , #11053 ) ;
#5808 = UNCERTAINTY_MEASURE_WITH_UNIT (LENGTH_MEASURE( 1.000000000000000100E-005 ), #2931, 'distance_accuracy_value', 'NONE');
#5809 = CARTESIAN_POINT ( 'NONE',  ( -16.80194421843000200, 24.36248098937998900, -0.04041961816724999600 ) ) ;
#5810 =( NAMED_UNIT ( * ) SI_UNIT ( $, .STERADIAN. ) SOLID_ANGLE_UNIT ( ) );
#5811 = CARTESIAN_POINT ( 'NONE',  ( -19.12376317350416600, 28.07347978337953300, 0.5535327004247983000 ) ) ;
#5812 = CARTESIAN_POINT ( 'NONE',  ( -16.78269954102249200, 23.76634473941308900, 0.3274909108413240900 ) ) ;
#5813 = CIRCLE ( 'NONE', #802, 19.00000000000000000 ) ;
#5814 = ORIENTED_EDGE ( 'NONE', *, *, #7977, .F. ) ;
#5815 = ORIENTED_EDGE ( 'NONE', *, *, #9143, .T. ) ;
#5816 = ORIENTED_EDGE ( 'NONE', *, *, #10551, .T. ) ;
#5817 = LINE ( 'NONE', #7929, #10467 ) ;
#5818 =( NAMED_UNIT ( * ) SI_UNIT ( $, .STERADIAN. ) SOLID_ANGLE_UNIT ( ) );
#5819 = SURFACE_STYLE_USAGE ( .BOTH. , #11066 ) ;
#5820 = CIRCLE ( 'NONE', #6650, 19.00000000000000000 ) ;
#5821 = EDGE_CURVE ( 'NONE', #6835, #893, #2882, .T. ) ;
#5822 = DIRECTION ( 'NONE',  ( 0.0000000000000000000, 1.000000000000000000, 0.0000000000000000000 ) ) ;
#5823 = PRESENTATION_STYLE_ASSIGNMENT (( #9217 ) ) ;
#5824 = CARTESIAN_POINT ( 'NONE',  ( -18.16516545201300300, 23.54834294367213200, -1.249999999999512400 ) ) ;
#5825 =( LENGTH_UNIT ( ) NAMED_UNIT ( * ) SI_UNIT ( .MILLI., .METRE. ) );
#5826 = STYLED_ITEM ( 'NONE', ( #1234 ), #4937 ) ;
#5827 = VERTEX_POINT ( 'NONE', #5878 ) ;
#5828 =( NAMED_UNIT ( * ) PLANE_ANGLE_UNIT ( ) SI_UNIT ( $, .RADIAN. ) );
#5829 = MECHANICAL_DESIGN_GEOMETRIC_PRESENTATION_REPRESENTATION (  '', ( #3474 ), #6399 ) ;
#5830 = B_SPLINE_CURVE_WITH_KNOTS ( 'NONE', 3,
 ( #4304, #3431, #5206, #3, #6079, #857, #6936, #1736, #7818, #2604, #8706, #3469, #9596, #4343, #10471, #5245, #37, #6115, #894, #6974 ),
 .UNSPECIFIED., .F., .F.,
 ( 4, 2, 2, 2, 2, 2, 2, 2, 2, 4 ),
 ( -0.02349110196045536800, -0.02300170939470750500, -0.02275701311183357000, -0.02251231682895963800, -0.02202292426321177500, -0.02153353169746390800, -0.02104413913171604400, -0.02055474656596817700, -0.02006535400022031400, -0.01957596143447244700 ),
 .UNSPECIFIED. ) ;
#5831 = ORIENTED_EDGE ( 'NONE', *, *, #4138, .T. ) ;
#5832 = FACE_OUTER_BOUND ( 'NONE', #7950, .T. ) ;
#5833 = CARTESIAN_POINT ( 'NONE',  ( -19.63258974681000900, 23.25931325879000500, -0.8599314575089002100 ) ) ;
#5834 = DIRECTION ( 'NONE',  ( 0.0000000000000000000, 0.0000000000000000000, 1.000000000000000000 ) ) ;
#5835 = CARTESIAN_POINT ( 'NONE',  ( -0.05597972129318613100, -15.46179454901447800, -1.893523720352457300E-015 ) ) ;
#5836 = ORIENTED_EDGE ( 'NONE', *, *, #9084, .T. ) ;
#5837 = CARTESIAN_POINT ( 'NONE',  ( -16.82547399920000700, 26.11798537294999900, -1.423136581899999900 ) ) ;
#5838 = SURFACE_STYLE_USAGE ( .BOTH. , #11083 ) ;
#5839 = CARTESIAN_POINT ( 'NONE',  ( -16.16402232248999800, 25.66012391237000000, -0.1844379651673999900 ) ) ;
#5840 = COLOUR_RGB ( '',0.9803921568627450600, 0.6274509803921568500, 0.0000000000000000000 ) ;
#5841 = CARTESIAN_POINT ( 'NONE',  ( -1.195978250521093000, -15.11695286011188200, 30.23390572022374600 ) ) ;
#5842 = PRESENTATION_LAYER_ASSIGNMENT (  '', '', ( #5267 ) ) ;
#5843 = PLANE ( 'NONE',  #2805 ) ;
#5844 = EDGE_CURVE ( 'NONE', #3257, #6087, #10641, .T. ) ;
#5845 =( LENGTH_UNIT ( ) NAMED_UNIT ( * ) SI_UNIT ( .MILLI., .METRE. ) );
#5846 = VERTEX_POINT ( 'NONE', #5952 ) ;
#5847 = CARTESIAN_POINT ( 'NONE',  ( -19.46441349763000200, 27.69961032471000500, -0.1466810360758000200 ) ) ;
#5848 = CARTESIAN_POINT ( 'NONE',  ( 0.0000000000000000000, 0.0000000000000000000, 0.0000000000000000000 ) ) ;
#5849 = CARTESIAN_POINT ( 'NONE',  ( -19.13441330072000200, 23.57134147991000700, -0.6036042202587000900 ) ) ;
#5850 = DIRECTION ( 'NONE',  ( 0.0000000000000000000, -1.000000000000000000, 0.0000000000000000000 ) ) ;
#5851 = SURFACE_SIDE_STYLE ('',( #7990 ) ) ;
#5852 = LINE ( 'NONE', #6102, #3513 ) ;
#5853 = ADVANCED_FACE ( 'NONE', ( #1352 ), #9547, .T. ) ;
#5854 = CARTESIAN_POINT ( 'NONE',  ( -18.00000000000000400, 16.73320053068117400, 9.000000000000630600 ) ) ;
#5855 = CARTESIAN_POINT ( 'NONE',  ( -16.90752608679676800, 27.82880598496311800, -0.6291356845523300400 ) ) ;
#5856 = CARTESIAN_POINT ( 'NONE',  ( -17.00466912663999600, 25.30576271220000000, 0.8127410682572998600 ) ) ;
#5857 = ORIENTED_EDGE ( 'NONE', *, *, #9846, .T. ) ;
#5858 = SURFACE_STYLE_FILL_AREA ( #10066 ) ;
#5859 = EDGE_CURVE ( 'NONE', #9009, #7300, #547, .T. ) ;
#5860 = PLANE ( 'NONE',  #10955 ) ;
#5861 = VECTOR ( 'NONE', #10057, 1000.000000000000000 ) ;
#5862 = CARTESIAN_POINT ( 'NONE',  ( -18.82624852322689400, 23.59555089184658900, -0.9415224430408243300 ) ) ;
#5863 = FILL_AREA_STYLE ('',( #4997 ) ) ;
#5864 = CARTESIAN_POINT ( 'NONE',  ( -3.408383702557657100, 11.89115695334597500, -14.81931738019744500 ) ) ;
#5865 = SURFACE_STYLE_USAGE ( .BOTH. , #11114 ) ;
#5866 = CARTESIAN_POINT ( 'NONE',  ( -16.56556913606000600, 24.66824022692000200, -0.4274503678105999200 ) ) ;
#5867 = VERTEX_POINT ( 'NONE', #2512 ) ;
#5868 = LINE ( 'NONE', #7902, #10521 ) ;
#5869 = DIRECTION ( 'NONE',  ( 0.0000000000000000000, 1.000000000000000000, 0.0000000000000000000 ) ) ;
#5870 = FILL_AREA_STYLE_COLOUR ( '', #4480 ) ;
#5871 = CARTESIAN_POINT ( 'NONE',  ( -18.99921909362465700, 27.61081804299832900, -0.7685402264955038000 ) ) ;
#5872 = EDGE_CURVE ( 'NONE', #1068, #3398, #2834, .T. ) ;
#5873 = CARTESIAN_POINT ( 'NONE',  ( -19.83558782878000000, 25.30602640270999600, 0.1882783001242000200 ) ) ;
#5874 = CARTESIAN_POINT ( 'NONE',  ( -9.400000000000005700, 33.00000000000000000, 0.0000000000000000000 ) ) ;
#5875 = CARTESIAN_POINT ( 'NONE',  ( -19.43655071589000400, 24.84816494212999400, -1.158081821017000300 ) ) ;
#5876 = STYLED_ITEM ( 'NONE', ( #6863 ), #10757 ) ;
#5877 = CARTESIAN_POINT ( 'NONE',  ( -3.000000000000002700, 2.051283388571816900E-015, -16.75000000000000000 ) ) ;
#5878 = CARTESIAN_POINT ( 'NONE',  ( -33.00000000000000000, 18.33030277982324200, -5.000000000000428100 ) ) ;
#5879 =( GEOMETRIC_REPRESENTATION_CONTEXT ( 3 ) GLOBAL_UNCERTAINTY_ASSIGNED_CONTEXT ( ( #1212 ) ) GLOBAL_UNIT_ASSIGNED_CONTEXT ( ( #6703, #1505, #7595 ) ) REPRESENTATION_CONTEXT ( 'NONE', 'WORKASPACE' ) );
#5880 = EDGE_LOOP ( 'NONE', ( #10078, #2100, #6520, #9959 ) ) ;
#5881 = EDGE_LOOP ( 'NONE', ( #1626, #5815, #8463, #5139 ) ) ;
#5882 = LINE ( 'NONE', #6202, #1244 ) ;
#5883 = COLOUR_RGB ( '',1.000000000000000000, 1.000000000000000000, 0.9490196078431372100 ) ;
#5884 = CARTESIAN_POINT ( 'NONE',  ( -17.06049876794000400, 26.88765135447000200, 1.132854635668999900 ) ) ;
#5885 = DIRECTION ( 'NONE',  ( 0.0000000000000000000, -1.000000000000000000, 0.0000000000000000000 ) ) ;
#5886 = CARTESIAN_POINT ( 'NONE',  ( -17.61631471554000300, 22.75938250967000400, 1.226383325118999900 ) ) ;
#5887 = CARTESIAN_POINT ( 'NONE',  ( -33.00000000000000000, 20.67261628933499700, -5.000000000000000900 ) ) ;
#5888 = DIRECTION ( 'NONE',  ( -1.000000000000000000, -0.0000000000000000000, 0.0000000000000000000 ) ) ;
#5889 = ORIENTED_EDGE ( 'NONE', *, *, #5695, .F. ) ;
#5890 = EDGE_CURVE ( 'NONE', #9648, #9050, #7208, .T. ) ;
#5891 = CARTESIAN_POINT ( 'NONE',  ( -0.05597972129318586800, 15.46179454901447800, 0.0000000000000000000 ) ) ;
#5892 = MECHANICAL_DESIGN_GEOMETRIC_PRESENTATION_REPRESENTATION (  '', ( #4714 ), #6459 ) ;
#5893 = PRESENTATION_STYLE_ASSIGNMENT (( #4198 ) ) ;
#5894 = PRESENTATION_LAYER_ASSIGNMENT (  '', '', ( #4717 ) ) ;
#5895 = DIRECTION ( 'NONE',  ( 0.0000000000000000000, -1.734723475976805300E-015, 1.000000000000000000 ) ) ;
#5896 = FILL_AREA_STYLE ('',( #6674 ) ) ;
#5897 =( NAMED_UNIT ( * ) PLANE_ANGLE_UNIT ( ) SI_UNIT ( $, .RADIAN. ) );
#5898 = CARTESIAN_POINT ( 'NONE',  ( -17.99999999999627000, 23.78809985787781800, 1.250000000000000000 ) ) ;
#5899 = FILL_AREA_STYLE ('',( #11151 ) ) ;
#5900 = ORIENTED_EDGE ( 'NONE', *, *, #1930, .F. ) ;
#5901 =( LENGTH_UNIT ( ) NAMED_UNIT ( * ) SI_UNIT ( .MILLI., .METRE. ) );
#5902 = CARTESIAN_POINT ( 'NONE',  ( -19.58640717361000200, 23.91873963899999800, 0.4835987574166998900 ) ) ;
#5903 = DIRECTION ( 'NONE',  ( 0.0000000000000000000, 4.128737727286349000E-015, -1.000000000000000000 ) ) ;
#5904 =( GEOMETRIC_REPRESENTATION_CONTEXT ( 3 ) GLOBAL_UNCERTAINTY_ASSIGNED_CONTEXT ( ( #10687 ) ) GLOBAL_UNIT_ASSIGNED_CONTEXT ( ( #6922, #1723, #7807 ) ) REPRESENTATION_CONTEXT ( 'NONE', 'WORKASPACE' ) );
#5905 = DIRECTION ( 'NONE',  ( 0.0000000000000000000, 0.0000000000000000000, 1.000000000000000000 ) ) ;
#5906 = CARTESIAN_POINT ( 'NONE',  ( 0.0000000000000000000, 13.91563060015608100, -9.765000000000000600 ) ) ;
#5907 = EDGE_CURVE ( 'NONE', #7188, #7322, #5173, .T. ) ;
#5908 = ORIENTED_EDGE ( 'NONE', *, *, #248, .T. ) ;
#5909 = VECTOR ( 'NONE', #1255, 1000.000000000000000 ) ;
#5910 = CARTESIAN_POINT ( 'NONE',  ( -16.42860750168999900, 24.51488689323998900, 0.7026759967506000000 ) ) ;
#5911 = CARTESIAN_POINT ( 'NONE',  ( -0.6470537030290188800, -15.05000000000000100, -1.843093432716766700E-015 ) ) ;
#5912 = DIRECTION ( 'NONE',  ( 1.000000000000000000, 3.539525199139209400E-015, 4.866102393266908800E-012 ) ) ;
#5913 = PRESENTATION_STYLE_ASSIGNMENT (( #4800 ) ) ;
#5914 = CARTESIAN_POINT ( 'NONE',  ( -0.6470537030290046700, 0.0000000000000000000, 0.0000000000000000000 ) ) ;
#5915 = FACE_OUTER_BOUND ( 'NONE', #10509, .T. ) ;
#5916 = CARTESIAN_POINT ( 'NONE',  ( -19.21710503546152200, 23.55876893042394500, 0.3282011592088826500 ) ) ;
#5917 = ORIENTED_EDGE ( 'NONE', *, *, #2526, .T. ) ;
#5918 = UNCERTAINTY_MEASURE_WITH_UNIT (LENGTH_MEASURE( 1.000000000000000100E-005 ), #4861, 'distance_accuracy_value', 'NONE');
#5919 = CARTESIAN_POINT ( 'NONE',  ( -19.28828075771000500, 28.35903670492999900, 1.043993254405999800 ) ) ;
#5920 = CARTESIAN_POINT ( 'NONE',  ( -17.44575875233263300, 25.37562878353936200, -1.123401724010878000 ) ) ;
#5921 = CARTESIAN_POINT ( 'NONE',  ( -19.40956479605000600, 24.23076786013000100, 0.4232603688739001200 ) ) ;
#5922 =( GEOMETRIC_REPRESENTATION_CONTEXT ( 3 ) GLOBAL_UNCERTAINTY_ASSIGNED_CONTEXT ( ( #9238 ) ) GLOBAL_UNIT_ASSIGNED_CONTEXT ( ( #1346, #7433, #2203 ) ) REPRESENTATION_CONTEXT ( 'NONE', 'WORKASPACE' ) );
#5923 = LINE ( 'NONE', #2521, #3586 ) ;
#5924 = VECTOR ( 'NONE', #9495, 1000.000000000000000 ) ;
#5925 = EDGE_CURVE ( 'NONE', #8112, #7600, #4897, .T. ) ;
#5926 = EDGE_LOOP ( 'NONE', ( #1738, #8414 ) ) ;
#5927 = CARTESIAN_POINT ( 'NONE',  ( -16.78225470701405100, 23.43294520437780200, -0.3261584484828504700 ) ) ;
#5928 = ORIENTED_EDGE ( 'NONE', *, *, #2762, .F. ) ;
#5929 = ADVANCED_FACE ( 'NONE', ( #2566 ), #10410, .T. ) ;
#5930 = VECTOR ( 'NONE', #5069, 1000.000000000000000 ) ;
#5931 = FACE_OUTER_BOUND ( 'NONE', #3269, .T. ) ;
#5932 =( NAMED_UNIT ( * ) SI_UNIT ( $, .STERADIAN. ) SOLID_ANGLE_UNIT ( ) );
#5933 = DIRECTION ( 'NONE',  ( 0.0000000000000000000, 0.0000000000000000000, 1.000000000000000000 ) ) ;
#5934 = CARTESIAN_POINT ( 'NONE',  ( -16.74989549797884400, 25.77679051108572500, 0.1621720825866107000 ) ) ;
#5935 = CARTESIAN_POINT ( 'NONE',  ( -9.400000000000005700, 32.79000000000000600, 0.5000000000000000000 ) ) ;
#5936 = PLANE ( 'NONE',  #2363 ) ;
#5937 = ORIENTED_EDGE ( 'NONE', *, *, #10148, .F. ) ;
#5938 = FILL_AREA_STYLE ('',( #9413 ) ) ;
#5939 = CARTESIAN_POINT ( 'NONE',  ( -13.12190674333870700, 17.25037214731458600, 6.688149852764196300 ) ) ;
#5940 = VECTOR ( 'NONE', #5888, 1000.000000000000000 ) ;
#5941 = CARTESIAN_POINT ( 'NONE',  ( -16.53101688133999800, 23.10678066875999500, 0.7698340307584999900 ) ) ;
#5942 = AXIS2_PLACEMENT_3D ( 'NONE', #398, #6468, #1262 ) ;
#5943 = CARTESIAN_POINT ( 'NONE',  ( -11.70767334265744900, 16.71558352356077000, -7.929551311557628600 ) ) ;
#5944 = LINE ( 'NONE', #2988, #3615 ) ;
#5945 = CARTESIAN_POINT ( 'NONE',  ( -18.40254690448481500, 27.43782132711025700, -1.186250681501173500 ) ) ;
#5946 = CARTESIAN_POINT ( 'NONE',  ( -19.05298459242000300, 25.96545278292999700, 1.281319217264999900 ) ) ;
#5947 = ORIENTED_EDGE ( 'NONE', *, *, #10199, .T. ) ;
#5948 = CARTESIAN_POINT ( 'NONE',  ( -16.87670256317501200, 23.32387556104363200, -0.5544880644261241900 ) ) ;
#5949 = FACE_OUTER_BOUND ( 'NONE', #10870, .T. ) ;
#5950 = DIRECTION ( 'NONE',  ( 0.0000000000000000000, -1.156482317317865000E-014, -1.000000000000000000 ) ) ;
#5951 = UNCERTAINTY_MEASURE_WITH_UNIT (LENGTH_MEASURE( 1.000000000000000100E-005 ), #11241, 'distance_accuracy_value', 'NONE');
#5952 = CARTESIAN_POINT ( 'NONE',  ( -19.59999999999999800, 28.89999999999999500, 8.300000000000000700 ) ) ;
#5953 = LINE ( 'NONE', #6638, #10312 ) ;
#5954 = VERTEX_POINT ( 'NONE', #5231 ) ;
#5955 = EDGE_CURVE ( 'NONE', #3492, #4815, #6119, .T. ) ;
#5956 = PRESENTATION_LAYER_ASSIGNMENT (  '', '', ( #5379 ) ) ;
#5957 = CARTESIAN_POINT ( 'NONE',  ( -16.34943544508001200, 27.54707773469000300, 0.1618398240334000000 ) ) ;
#5958 = AXIS2_PLACEMENT_3D ( 'NONE', #3393, #10462, #2628 ) ;
#5959 = CARTESIAN_POINT ( 'NONE',  ( -17.36948183307376000, 25.20340764520408100, 1.091730263257010700 ) ) ;
#5960 = EDGE_LOOP ( 'NONE', ( #1880, #6252, #10211, #3907 ) ) ;
#5961 = CARTESIAN_POINT ( 'NONE',  ( -16.69928856957000100, 23.41880888988999800, 0.6886014707250000000 ) ) ;
#5962 = AXIS2_PLACEMENT_3D ( 'NONE', #5874, #678, #6728 ) ;
#5963 = FILL_AREA_STYLE_COLOUR ( '', #7707 ) ;
#5964 = CARTESIAN_POINT ( 'NONE',  ( -17.43496702015941200, 28.69969027896040700, 1.114809932000439000 ) ) ;
#5965 = ORIENTED_EDGE ( 'NONE', *, *, #3118, .F. ) ;
#5966 = ORIENTED_EDGE ( 'NONE', *, *, #4221, .F. ) ;
#5967 = CYLINDRICAL_SURFACE ( 'NONE', #269, 15.05000000000000100 ) ;
#5968 = CARTESIAN_POINT ( 'NONE',  ( -16.40000000000000600, 28.89999999999999500, -7.599999999999999600 ) ) ;
#5969 = SURFACE_STYLE_USAGE ( .BOTH. , #11231 ) ;
#5970 = PRESENTATION_LAYER_ASSIGNMENT (  '', '', ( #6533 ) ) ;
#5971 = SURFACE_STYLE_USAGE ( .BOTH. , #8204 ) ;
#5972 = CARTESIAN_POINT ( 'NONE',  ( -33.00000000000000000, 22.50000000000000000, 0.0000000000000000000 ) ) ;
#5973 = PRESENTATION_LAYER_ASSIGNMENT (  '', '', ( #4798 ) ) ;
#5974 = SURFACE_STYLE_FILL_AREA ( #1162 ) ;
#5975 = ORIENTED_EDGE ( 'NONE', *, *, #1550, .F. ) ;
#5976 = CARTESIAN_POINT ( 'NONE',  ( -18.69811393107000100, 24.57816601921999900, 1.295609661851999900 ) ) ;
#5977 = CARTESIAN_POINT ( 'NONE',  ( -18.62615952397333900, 27.62016575220795300, 1.084940582527878600 ) ) ;
#5978 =( LENGTH_UNIT ( ) NAMED_UNIT ( * ) SI_UNIT ( .MILLI., .METRE. ) );
#5979 = CARTESIAN_POINT ( 'NONE',  ( -16.35053380667000100, 25.15349381268999500, -0.1726752157822000200 ) ) ;
#5980 =( NAMED_UNIT ( * ) PLANE_ANGLE_UNIT ( ) SI_UNIT ( $, .RADIAN. ) );
#5981 = COLOUR_RGB ( '',0.7764705882352941300, 0.7568627450980391900, 0.7372549019607843600 ) ;
#5982 = CARTESIAN_POINT ( 'NONE',  ( -8.830868191124656300, 40.90000000000039600, -2.572649730810868900 ) ) ;
#5983 = VERTEX_POINT ( 'NONE', #4288 ) ;
#5984 = LINE ( 'NONE', #7964, #8578 ) ;
#5985 = DIRECTION ( 'NONE',  ( -1.000000000000000000, -0.0000000000000000000, -0.0000000000000000000 ) ) ;
#5986 = DIRECTION ( 'NONE',  ( 0.0000000000000000000, 0.0000000000000000000, 1.000000000000000000 ) ) ;
#5987 = SURFACE_STYLE_FILL_AREA ( #11212 ) ;
#5988 =( GEOMETRIC_REPRESENTATION_CONTEXT ( 3 ) GLOBAL_UNCERTAINTY_ASSIGNED_CONTEXT ( ( #9962 ) ) GLOBAL_UNIT_ASSIGNED_CONTEXT ( ( #8484, #3249, #9364 ) ) REPRESENTATION_CONTEXT ( 'NONE', 'WORKASPACE' ) );
#5989 = SURFACE_STYLE_FILL_AREA ( #2658 ) ;
#5990 = EDGE_CURVE ( 'NONE', #9635, #6101, #1486, .T. ) ;
#5991 = CARTESIAN_POINT ( 'NONE',  ( -19.06137814130000800, 26.73511876445000700, -1.274377060012000100 ) ) ;
#5992 =( NAMED_UNIT ( * ) PLANE_ANGLE_UNIT ( ) SI_UNIT ( $, .RADIAN. ) );
#5993 = CARTESIAN_POINT ( 'NONE',  ( -18.44241013885000800, 22.60684991965000300, -1.403774920733000100 ) ) ;
#5994 = COLOUR_RGB ( '',0.9803921568627450600, 0.6274509803921568500, 0.0000000000000000000 ) ;
#5995 = CARTESIAN_POINT ( 'NONE',  ( -16.79648704695391000, 28.77965103348991200, -0.6374682871185130000 ) ) ;
#5996 = ORIENTED_EDGE ( 'NONE', *, *, #5457, .F. ) ;
#5997 = ORIENTED_EDGE ( 'NONE', *, *, #6129, .T. ) ;
#5998 = CARTESIAN_POINT ( 'NONE',  ( -19.16296121685000700, 28.22715689919999700, -1.432573395635999800 ) ) ;
#5999 = FACE_OUTER_BOUND ( 'NONE', #9369, .T. ) ;
#6000 = CARTESIAN_POINT ( 'NONE',  ( -19.21705164588013300, 27.14192357142793500, -0.3283243432047664400 ) ) ;
#6001 = CARTESIAN_POINT ( 'NONE',  ( -19.09233679727666200, 25.07831431439432600, 0.6291361302402896900 ) ) ;
#6002 =( NAMED_UNIT ( * ) SI_UNIT ( $, .STERADIAN. ) SOLID_ANGLE_UNIT ( ) );
#6003 = CARTESIAN_POINT ( 'NONE',  ( -18.00000000000000400, 21.89999999999999900, -1.250000000000000000 ) ) ;
#6004 = CIRCLE ( 'NONE', #10349, 0.3000000000000016500 ) ;
#6005 = STYLED_ITEM ( 'NONE', ( #10168 ), #548 ) ;
#6006 = ORIENTED_EDGE ( 'NONE', *, *, #10536, .T. ) ;
#6007 =( NAMED_UNIT ( * ) PLANE_ANGLE_UNIT ( ) SI_UNIT ( $, .RADIAN. ) );
#6008 = SURFACE_SIDE_STYLE ('',( #9189 ) ) ;
#6009 = DIRECTION ( 'NONE',  ( -1.000000000000000000, -0.0000000000000000000, -0.0000000000000000000 ) ) ;
#6010 = CARTESIAN_POINT ( 'NONE',  ( -9.145677516563004900, 41.00159170129999400, -3.275999999999999800 ) ) ;
#6011 = PLANE ( 'NONE',  #9292 ) ;
#6012 = CARTESIAN_POINT ( 'NONE',  ( -18.00000000000000000, 24.41192469537690400, -1.249999999999998700 ) ) ;
#6013 = CARTESIAN_POINT ( 'NONE',  ( -3.513300386296676500, 29.00000000000000700, 14.13231495977028700 ) ) ;
#6014 = UNCERTAINTY_MEASURE_WITH_UNIT (LENGTH_MEASURE( 1.000000000000000100E-005 ), #888, 'distance_accuracy_value', 'NONE');
#6015 = CARTESIAN_POINT ( 'NONE',  ( -16.59311718880999800, 23.76620704897999300, -0.4320913865174999000 ) ) ;
#6016 = VERTEX_POINT ( 'NONE', #1763 ) ;
#6017 = FACE_OUTER_BOUND ( 'NONE', #1649, .T. ) ;
#6018 = EDGE_CURVE ( 'NONE', #10011, #9009, #5852, .T. ) ;
#6019 = CARTESIAN_POINT ( 'NONE',  ( -17.86338466013000200, 26.62487916314999800, 1.465127144569000000 ) ) ;
#6020 =( NAMED_UNIT ( * ) PLANE_ANGLE_UNIT ( ) SI_UNIT ( $, .RADIAN. ) );
#6021 = PRESENTATION_STYLE_ASSIGNMENT (( #6048 ) ) ;
#6022 = DIRECTION ( 'NONE',  ( 0.0000000000000000000, 0.0000000000000000000, 1.000000000000000000 ) ) ;
#6023 =( GEOMETRIC_REPRESENTATION_CONTEXT ( 3 ) GLOBAL_UNCERTAINTY_ASSIGNED_CONTEXT ( ( #3678 ) ) GLOBAL_UNIT_ASSIGNED_CONTEXT ( ( #2563, #2605, #6002 ) ) REPRESENTATION_CONTEXT ( 'NONE', 'WORKASPACE' ) );
#6024 = MECHANICAL_DESIGN_GEOMETRIC_PRESENTATION_REPRESENTATION (  '', ( #3682 ), #6582 ) ;
#6025 = DIRECTION ( 'NONE',  ( 0.0000000000000000000, 0.0000000000000000000, 1.000000000000000000 ) ) ;
#6026 = DIRECTION ( 'NONE',  ( 0.0000000000000000000, 0.0000000000000000000, 1.000000000000000000 ) ) ;
#6027 = MECHANICAL_DESIGN_GEOMETRIC_PRESENTATION_REPRESENTATION (  '', ( #4249 ), #6584 ) ;
#6028 = B_SPLINE_CURVE_WITH_KNOTS ( 'NONE', 3,
 ( #8393, #1426, #9282, #4042, #10158, #4938, #11057, #5812, #610, #6664, #1473, #7557, #2319, #8430, #3204, #9315, #4083, #10198, #4983, #11098 ),
 .UNSPECIFIED., .F., .F.,
 ( 4, 2, 2, 2, 2, 2, 2, 2, 2, 4 ),
 ( 0.01272213579158413800, 0.01321158368873876100, 0.01370103158589338500, 0.01419047948304800800, 0.01467992738020263200, 0.01516937527735725600, 0.01541409922593456700, 0.01565882317451187900, 0.01614827107166650100, 0.01663771896882112300 ),
 .UNSPECIFIED. ) ;
#6029 = ORIENTED_EDGE ( 'NONE', *, *, #4076, .T. ) ;
#6030 = CYLINDRICAL_SURFACE ( 'NONE', #5958, 1.250000000000000000 ) ;
#6031 = UNCERTAINTY_MEASURE_WITH_UNIT (LENGTH_MEASURE( 1.000000000000000100E-005 ), #144, 'distance_accuracy_value', 'NONE');
#6032 = DIRECTION ( 'NONE',  ( 0.0000000000000000000, 1.000000000000000000, 0.0000000000000000000 ) ) ;
#6033 = CARTESIAN_POINT ( 'NONE',  ( -16.56863803542000500, 28.20650411489999600, -1.164491509379000000 ) ) ;
#6034 =( NAMED_UNIT ( * ) PLANE_ANGLE_UNIT ( ) SI_UNIT ( $, .RADIAN. ) );
#6035 = CARTESIAN_POINT ( 'NONE',  ( -16.41258463066000300, 24.07823527010000200, -0.4802790056510999300 ) ) ;
#6036 = CARTESIAN_POINT ( 'NONE',  ( -9.400000000000005700, 37.72500000000000100, 0.0000000000000000000 ) ) ;
#6037 = CARTESIAN_POINT ( 'NONE',  ( -18.93442245157000400, 25.77781394544000500, 1.137047448613000200 ) ) ;
#6038 = CARTESIAN_POINT ( 'NONE',  ( -18.17814146202999800, 27.41519792896000500, 1.836599307087999800 ) ) ;
#6039 = EDGE_CURVE ( 'NONE', #2484, #7804, #3583, .T. ) ;
#6040 = CARTESIAN_POINT ( 'NONE',  ( -19.65051738476000400, 25.81265650239999600, 0.1623201756127999900 ) ) ;
#6041 = AXIS2_PLACEMENT_3D ( 'NONE', #4644, #5455, #4681 ) ;
#6042 = DIRECTION ( 'NONE',  ( -1.000000000000000000, -0.0000000000000000000, -0.0000000000000000000 ) ) ;
#6043 = ORIENTED_EDGE ( 'NONE', *, *, #2777, .F. ) ;
#6044 = LINE ( 'NONE', #1684, #3718 ) ;
#6045 =( GEOMETRIC_REPRESENTATION_CONTEXT ( 3 ) GLOBAL_UNCERTAINTY_ASSIGNED_CONTEXT ( ( #238 ) ) GLOBAL_UNIT_ASSIGNED_CONTEXT ( ( #10395, #5176, #11300 ) ) REPRESENTATION_CONTEXT ( 'NONE', 'WORKASPACE' ) );
#6046 = ADVANCED_FACE ( 'NONE', ( #10503 ), #9394, .T. ) ;
#6047 = VECTOR ( 'NONE', #10537, 1000.000000000000000 ) ;
#6048 = SURFACE_STYLE_USAGE ( .BOTH. , #11298 ) ;
#6049 = DIRECTION ( 'NONE',  ( -0.0000000000000000000, -0.0000000000000000000, 1.000000000000000000 ) ) ;
#6050 = CARTESIAN_POINT ( 'NONE',  ( -18.76854864735113200, 26.96498499047319800, -0.9991843621773111000 ) ) ;
#6051 = CARTESIAN_POINT ( 'NONE',  ( -18.00000000000149900, 28.90000000000000200, -9.400000000000002100 ) ) ;
#6052 = SURFACE_STYLE_USAGE ( .BOTH. , #11305 ) ;
#6053 = CARTESIAN_POINT ( 'NONE',  ( -18.16383529746068200, 23.92258942191922000, -1.249999999999921000 ) ) ;
#6054 = ORIENTED_EDGE ( 'NONE', *, *, #4889, .T. ) ;
#6055 = CARTESIAN_POINT ( 'NONE',  ( -19.30499938941000700, 22.95424807874000100, -0.6803999193643002200 ) ) ;
#6056 = VECTOR ( 'NONE', #228, 1000.000000000000000 ) ;
#6057 = LINE ( 'NONE', #3779, #3729 ) ;
#6058 = MECHANICAL_DESIGN_GEOMETRIC_PRESENTATION_REPRESENTATION (  '', ( #4887 ), #6615 ) ;
#6059 = ORIENTED_EDGE ( 'NONE', *, *, #9581, .T. ) ;
#6060 = PRESENTATION_LAYER_ASSIGNMENT (  '', '', ( #5475 ) ) ;
#6061 = CARTESIAN_POINT ( 'NONE',  ( -19.45200849962244400, 28.90000000000001600, 0.5048991926137238500 ) ) ;
#6062 = EDGE_CURVE ( 'NONE', #4473, #9083, #4250, .T. ) ;
#6063 = ORIENTED_EDGE ( 'NONE', *, *, #2101, .F. ) ;
#6064 = CARTESIAN_POINT ( 'NONE',  ( -17.06795821941000600, 25.81292019289999800, -1.138999705851000000 ) ) ;
#6065 = DIRECTION ( 'NONE',  ( 0.0000000000000000000, 0.0000000000000000000, 1.000000000000000000 ) ) ;
#6066 = PRESENTATION_STYLE_ASSIGNMENT (( #10474 ) ) ;
#6067 = SURFACE_SIDE_STYLE ('',( #9255 ) ) ;
#6068 = LINE ( 'NONE', #11299, #10728 ) ;
#6069 = VERTEX_POINT ( 'NONE', #6240 ) ;
#6070 = CARTESIAN_POINT ( 'NONE',  ( -19.83678463233000500, 27.39454514466000000, -0.1762203440861000400 ) ) ;
#6071 = FACE_OUTER_BOUND ( 'NONE', #7483, .T. ) ;
#6072 = CARTESIAN_POINT ( 'NONE',  ( -4.000000000000000000, 28.79289321881362800, 15.00000000000036200 ) ) ;
#6073 = CARTESIAN_POINT ( 'NONE',  ( -19.46736941884000400, 23.26627629985999600, -0.7729052111778000900 ) ) ;
#6074 = CARTESIAN_POINT ( 'NONE',  ( -16.90726202864192400, 23.95453250024449000, -0.6286545047778312500 ) ) ;
#6075 = CARTESIAN_POINT ( 'NONE',  ( -17.85748854387000200, 25.84027232777000500, 1.464825134774000000 ) ) ;
#6076 = PRESENTATION_LAYER_ASSIGNMENT (  '', '', ( #5485 ) ) ;
#6077 = CARTESIAN_POINT ( 'NONE',  ( -16.58340178320000300, 26.60323895872000600, -1.182368308926000200 ) ) ;
#6078 = EDGE_CURVE ( 'NONE', #6355, #6170, #401, .T. ) ;
#6079 = CARTESIAN_POINT ( 'NONE',  ( -17.37399139551665400, 24.82988064151400200, 1.085027636569856300 ) ) ;
#6080 = FILL_AREA_STYLE_COLOUR ( '', #11290 ) ;
#6081 = SURFACE_SIDE_STYLE ('',( #4550 ) ) ;
#6082 = ORIENTED_EDGE ( 'NONE', *, *, #7026, .T. ) ;
#6083 = SURFACE_SIDE_STYLE ('',( #7509 ) ) ;
#6084 = CARTESIAN_POINT ( 'NONE',  ( -18.00000000001201900, 28.53859345758587200, -1.250000000000000200 ) ) ;
#6085 = CARTESIAN_POINT ( 'NONE',  ( -1.500000000000000000, -16.30043030675197700, 32.60086061350394000 ) ) ;
#6086 = CARTESIAN_POINT ( 'NONE',  ( -18.32717990256127300, 27.14131176197606300, 1.217435213166006000 ) ) ;
#6087 = VERTEX_POINT ( 'NONE', #7115 ) ;
#6088 = DIRECTION ( 'NONE',  ( -0.0000000000000000000, -1.000000000000000000, -0.0000000000000000000 ) ) ;
#6089 = CARTESIAN_POINT ( 'NONE',  ( -18.82573528939470400, 24.10477790297595700, 0.9420121677252610800 ) ) ;
#6090 = ORIENTED_EDGE ( 'NONE', *, *, #3521, .T. ) ;
#6091 = ORIENTED_EDGE ( 'NONE', *, *, #1049, .T. ) ;
#6092 = CARTESIAN_POINT ( 'NONE',  ( -17.39283911706000700, 24.42563342920000100, -1.132513783289000000 ) ) ;
#6093 = AXIS2_PLACEMENT_3D ( 'NONE', #8942, #3721, #9821 ) ;
#6094 = UNCERTAINTY_MEASURE_WITH_UNIT (LENGTH_MEASURE( 1.000000000000000100E-005 ), #10484, 'distance_accuracy_value', 'NONE');
#6095 = AXIS2_PLACEMENT_3D ( 'NONE', #2948, #9048, #3829 ) ;
#6096 = FILL_AREA_STYLE_COLOUR ( '', #10579 ) ;
#6097 = ORIENTED_EDGE ( 'NONE', *, *, #3468, .F. ) ;
#6098 = CARTESIAN_POINT ( 'NONE',  ( -19.46341987886000500, 25.00096122266000300, 0.1562958210328999900 ) ) ;
#6099 = SURFACE_SIDE_STYLE ('',( #6952 ) ) ;
#6100 = CARTESIAN_POINT ( 'NONE',  ( -17.23210005716371600, 24.21373402129543700, 0.9998038477702394500 ) ) ;
#6101 = VERTEX_POINT ( 'NONE', #1044 ) ;
#6102 = CARTESIAN_POINT ( 'NONE',  ( -18.00000000000000400, 38.89999999999999100, -8.599999999999999600 ) ) ;
#6103 = CARTESIAN_POINT ( 'NONE',  ( -18.00000000000000400, 28.41093935102359700, 1.250000000000000000 ) ) ;
#6104 = EDGE_CURVE ( 'NONE', #11153, #2045, #7057, .T. ) ;
#6105 = AXIS2_PLACEMENT_3D ( 'NONE', #5242, #5520, #5697 ) ;
#6106 = ORIENTED_EDGE ( 'NONE', *, *, #5376, .T. ) ;
#6107 = CARTESIAN_POINT ( 'NONE',  ( -16.81661038363000000, 26.58258617441999800, 1.415353070946000000 ) ) ;
#6108 = AXIS2_PLACEMENT_3D ( 'NONE', #10018, #511, #6568 ) ;
#6109 = SURFACE_STYLE_USAGE ( .BOTH. , #27 ) ;
#6110 = CARTESIAN_POINT ( 'NONE',  ( -16.40405756661000700, 24.67520326800000400, -0.4755796862059000200 ) ) ;
#6111 = AXIS2_PLACEMENT_3D ( 'NONE', #4555, #10691, #5451 ) ;
#6112 = CARTESIAN_POINT ( 'NONE',  ( -32.00000000000000000, 11.66190378969041700, -15.00000000000014200 ) ) ;
#6114 = LINE ( 'NONE', #6598, #8143 ) ;
#6113 = CARTESIAN_POINT ( 'NONE',  ( -16.95201119152000400, 28.07462430917999200, 1.285408610181999700 ) ) ;
#6115 = CARTESIAN_POINT ( 'NONE',  ( -17.67258401184877000, 25.01753197737245700, -1.217462238116416600 ) ) ;
#6116 = CARTESIAN_POINT ( 'NONE',  ( 0.0000000000000000000, 0.0000000000000000000, 0.0000000000000000000 ) ) ;
#6117 = ORIENTED_EDGE ( 'NONE', *, *, #10233, .T. ) ;
#6118 = CARTESIAN_POINT ( 'NONE',  ( -2.700000000000008200, 0.0000000000000000000, 11.60000000000000000 ) ) ;
#6119 = LINE ( 'NONE', #10455, #8429 ) ;
#6120 = CARTESIAN_POINT ( 'NONE',  ( -17.44578807672675000, 25.82473013521145700, 1.123414853169320700 ) ) ;
#6121 = CARTESIAN_POINT ( 'NONE',  ( -19.25312607630767300, 28.66653481055056600, 0.05826678052229828500 ) ) ;
#6122 = DIRECTION ( 'NONE',  ( 0.0000000000000000000, 0.0000000000000000000, 1.000000000000000000 ) ) ;
#6123 = FACE_OUTER_BOUND ( 'NONE', #1288, .T. ) ;
#6124 =( NAMED_UNIT ( * ) PLANE_ANGLE_UNIT ( ) SI_UNIT ( $, .RADIAN. ) );
#6125 = STYLED_ITEM ( 'NONE', ( #9406 ), #5789 ) ;
#6126 = CARTESIAN_POINT ( 'NONE',  ( -0.6470537030290185500, 0.0000000000000000000, 0.0000000000000000000 ) ) ;
#6127 =( LENGTH_UNIT ( ) NAMED_UNIT ( * ) SI_UNIT ( .MILLI., .METRE. ) );
#6128 = PRESENTATION_LAYER_ASSIGNMENT (  '', '', ( #5531 ) ) ;
#6129 = EDGE_CURVE ( 'NONE', #9564, #2772, #7342, .T. ) ;
#6130 = CARTESIAN_POINT ( 'NONE',  ( -19.22758167207000600, 23.61367445896000200, 0.3798352667956000900 ) ) ;
#6131 = ORIENTED_EDGE ( 'NONE', *, *, #2561, .F. ) ;
#6132 = SURFACE_STYLE_FILL_AREA ( #4899 ) ;
#6133 = CYLINDRICAL_SURFACE ( 'NONE', #1395, 15.05000000000000100 ) ;
#6134 = CARTESIAN_POINT ( 'NONE',  ( -4.063212019597403700, 1.843093432716766700E-015, -15.05000000000000100 ) ) ;
#6135 = CARTESIAN_POINT ( 'NONE',  ( -18.12175236886000500, 26.47234657312001000, -1.279222786128999800 ) ) ;
#6136 = DIRECTION ( 'NONE',  ( -1.000000000000000000, 0.0000000000000000000, 0.0000000000000000000 ) ) ;
#6137 = CARTESIAN_POINT ( 'NONE',  ( -17.67231498900551000, 24.39130769193572600, -1.217245181759995600 ) ) ;
#6138 = FILL_AREA_STYLE_COLOUR ( '', #3800 ) ;
#6139 = CIRCLE ( 'NONE', #7789, 1.500000000000001300 ) ;
#6140 =( GEOMETRIC_REPRESENTATION_CONTEXT ( 3 ) GLOBAL_UNCERTAINTY_ASSIGNED_CONTEXT ( ( #1178 ) ) GLOBAL_UNIT_ASSIGNED_CONTEXT ( ( #5400, #186, #6261 ) ) REPRESENTATION_CONTEXT ( 'NONE', 'WORKASPACE' ) );
#6141 = ORIENTED_EDGE ( 'NONE', *, *, #6347, .F. ) ;
#6142 = EDGE_CURVE ( 'NONE', #3113, #3314, #4748, .T. ) ;
#6143 = SURFACE_SIDE_STYLE ('',( #8454 ) ) ;
#6144 = CARTESIAN_POINT ( 'NONE',  ( -30.50000000000000700, 22.50000000000000000, -5.000000000000000000 ) ) ;
#6145 = CARTESIAN_POINT ( 'NONE',  ( -19.76503070915000000, 23.92570268008000100, 0.5380501752205999500 ) ) ;
#6146 = LINE ( 'NONE', #9614, #7234 ) ;
#6147 = CARTESIAN_POINT ( 'NONE',  ( -17.84334026834000000, 27.26266533893999600, -1.651064264995000300 ) ) ;
#6148 = EDGE_LOOP ( 'NONE', ( #1284, #751 ) ) ;
#6149 = CARTESIAN_POINT ( 'NONE',  ( -32.50000000000000000, 28.99999999999999600, 0.0000000000000000000 ) ) ;
#6150 = CARTESIAN_POINT ( 'NONE',  ( -16.89173910702414400, 22.66280945090202400, -1.117058796479821800 ) ) ;
#6151 = UNCERTAINTY_MEASURE_WITH_UNIT (LENGTH_MEASURE( 1.000000000000000100E-005 ), #1039, 'distance_accuracy_value', 'NONE');
#6152 = PRESENTATION_LAYER_ASSIGNMENT (  '', '', ( #6720 ) ) ;
#6153 = CARTESIAN_POINT ( 'NONE',  ( -17.36950393772518100, 25.99615248614346500, -1.091737477657639600 ) ) ;
#6154 = SURFACE_SIDE_STYLE ('',( #629 ) ) ;
#6155 =( NAMED_UNIT ( * ) SI_UNIT ( $, .STERADIAN. ) SOLID_ANGLE_UNIT ( ) );
#6156 = SURFACE_STYLE_USAGE ( .BOTH. , #80 ) ;
#6157 = CARTESIAN_POINT ( 'NONE',  ( -12.45349214214018100, 15.33415541702177100, 7.354936524416754800 ) ) ;
#6158 = ORIENTED_EDGE ( 'NONE', *, *, #2561, .T. ) ;
#6159 =( LENGTH_UNIT ( ) NAMED_UNIT ( * ) SI_UNIT ( .MILLI., .METRE. ) );
#6160 = VECTOR ( 'NONE', #9766, 1000.000000000000000 ) ;
#6161 = CARTESIAN_POINT ( 'NONE',  ( -16.89429029753000600, 22.86417387104000200, -0.3497444035904999600 ) ) ;
#6162 = ORIENTED_EDGE ( 'NONE', *, *, #8788, .T. ) ;
#6163 = PRESENTATION_STYLE_ASSIGNMENT (( #4905 ) ) ;
#6164 = DIRECTION ( 'NONE',  ( 0.0000000000000000000, 0.0000000000000000000, -1.000000000000000000 ) ) ;
#6165 = EDGE_CURVE ( 'NONE', #8488, #2484, #205, .T. ) ;
#6166 = CARTESIAN_POINT ( 'NONE',  ( -18.81169954138000100, 25.66038760288000000, 0.9961804284340002300 ) ) ;
#6167 = CARTESIAN_POINT ( 'NONE',  ( -0.6470537030290046700, 2.106392494807740600E-015, -17.20000000223977600 ) ) ;
#6168 = AXIS2_PLACEMENT_3D ( 'NONE', #2505, #3600, #2358 ) ;
#6169 = AXIS2_PLACEMENT_3D ( 'NONE', #5018, #11133, #5885 ) ;
#6170 = VERTEX_POINT ( 'NONE', #7158 ) ;
#6171 = CIRCLE ( 'NONE', #10037, 17.00000000000000000 ) ;
#6172 =( NAMED_UNIT ( * ) SI_UNIT ( $, .STERADIAN. ) SOLID_ANGLE_UNIT ( ) );
#6173 = CARTESIAN_POINT ( 'NONE',  ( -16.36561485678000200, 23.11374370983999800, 0.8565144736185003000 ) ) ;
#6174 = CIRCLE ( 'NONE', #6508, 18.60000000000000100 ) ;
#6175 = CARTESIAN_POINT ( 'NONE',  ( -18.13203006360999900, 26.51316475102000300, 1.490930508998999900 ) ) ;
#6176 = EDGE_CURVE ( 'NONE', #8477, #3869, #7575, .T. ) ;
#6177 = VERTEX_POINT ( 'NONE', #1941 ) ;
#6178 = DIRECTION ( 'NONE',  ( 0.0000000000000000000, 1.000000000000000000, 0.0000000000000000000 ) ) ;
#6179 = PRESENTATION_LAYER_ASSIGNMENT (  '', '', ( #5034 ) ) ;
#6180 = ORIENTED_EDGE ( 'NONE', *, *, #5533, .T. ) ;
#6181 = STYLED_ITEM ( 'NONE', ( #7069 ), #9972 ) ;
#6182 = PRESENTATION_STYLE_ASSIGNMENT (( #8648 ) ) ;
#6183 = LINE ( 'NONE', #2480, #3866 ) ;
#6184 = CARTESIAN_POINT ( 'NONE',  ( -16.81728288368999800, 22.95474178881000400, -1.192102234930000300 ) ) ;
#6185 = SURFACE_SIDE_STYLE ('',( #6450 ) ) ;
#6186 = VECTOR ( 'NONE', #3185, 1000.000000000000000 ) ;
#6187 = CARTESIAN_POINT ( 'NONE',  ( -15.76555781446528900, 17.00032041485994900, -0.3110446216764935500 ) ) ;
#6188 = VERTEX_POINT ( 'NONE', #4600 ) ;
#6189 = CARTESIAN_POINT ( 'NONE',  ( -32.39837837505653800, 29.00000000000000400, 14.30392104916419200 ) ) ;
#6190 = ORIENTED_EDGE ( 'NONE', *, *, #10645, .T. ) ;
#6191 = STYLED_ITEM ( 'NONE', ( #1810 ), #7147 ) ;
#6192 = DIRECTION ( 'NONE',  ( -0.0000000000000000000, -0.0000000000000000000, 1.000000000000000000 ) ) ;
#6193 = EDGE_CURVE ( 'NONE', #5446, #6597, #6884, .T. ) ;
#6194 = DIRECTION ( 'NONE',  ( -0.0000000000000000000, 1.000000000000000000, -0.0000000000000000000 ) ) ;
#6195 = DIRECTION ( 'NONE',  ( -1.000000000000000000, -0.0000000000000000000, -0.0000000000000000000 ) ) ;
#6196 = CARTESIAN_POINT ( 'NONE',  ( -16.72275218764000100, 24.84842863263999400, -0.1388868248208000000 ) ) ;
#6197 = ORIENTED_EDGE ( 'NONE', *, *, #3927, .T. ) ;
#6198 = CARTESIAN_POINT ( 'NONE',  ( -17.83515176844846900, 27.21749638983224900, -1.737364295192628000 ) ) ;
#6199 = CARTESIAN_POINT ( 'NONE',  ( -19.30000000000000400, 33.89999999999999900, -8.599999999999999600 ) ) ;
#6200 = CARTESIAN_POINT ( 'NONE',  ( -16.90766366690340700, 27.87173541885507100, 0.6291367818479427500 ) ) ;
#6201 = VECTOR ( 'NONE', #7024, 1000.000000000000000 ) ;
#6202 = CARTESIAN_POINT ( 'NONE',  ( -8.600000000000003200, 34.39999999999999900, 3.149999999999999900 ) ) ;
#6203 = LINE ( 'NONE', #6455, #2662 ) ;
#6204 = CARTESIAN_POINT ( 'NONE',  ( -19.31539161239000500, 28.60184833070999800, -0.1394225927280000300 ) ) ;
#6205 = FILL_AREA_STYLE_COLOUR ( '', #10544 ) ;
#6206 = ORIENTED_EDGE ( 'NONE', *, *, #9200, .F. ) ;
#6207 = CARTESIAN_POINT ( 'NONE',  ( -18.32713728351777500, 25.64084102903049400, 1.217513978902590600 ) ) ;
#6208 =( NAMED_UNIT ( * ) PLANE_ANGLE_UNIT ( ) SI_UNIT ( $, .RADIAN. ) );
#6209 = PRESENTATION_LAYER_ASSIGNMENT (  '', '', ( #5065 ) ) ;
#6210 = CARTESIAN_POINT ( 'NONE',  ( -18.93237322023000500, 27.92209171914999600, -1.138728408122000200 ) ) ;
#6211 = AXIS2_PLACEMENT_3D ( 'NONE', #4867, #10991, #5744 ) ;
#6212 = CARTESIAN_POINT ( 'NONE',  ( -17.83481448830965700, 28.29771683946843600, 1.249999999999876800 ) ) ;
#6213 = COLOUR_RGB ( '',1.000000000000000000, 1.000000000000000000, 0.9490196078431372100 ) ;
#6214 = ORIENTED_EDGE ( 'NONE', *, *, #10297, .F. ) ;
#6215 = EDGE_LOOP ( 'NONE', ( #1920, #4686, #2003, #815 ) ) ;
#6216 = B_SPLINE_CURVE_WITH_KNOTS ( 'NONE', 3,
 ( #5722, #7471, #10110, #4892, #11013, #5764, #566, #6621, #1422, #7511, #2275, #8389, #3154, #9273 ),
 .UNSPECIFIED., .F., .F.,
 ( 4, 2, 2, 2, 2, 2, 4 ),
 ( 1.076452760122597000E-008, 0.0003977203501791919100, 0.0007954299358307826100, 0.001590849107133955700, 0.002386268278437128400, 0.002783977864088715500, 0.003181687449740302200 ),
 .UNSPECIFIED. ) ;
#6217 = EDGE_LOOP ( 'NONE', ( #4399, #7456, #9555, #4356 ) ) ;
#6218 = PRESENTATION_STYLE_ASSIGNMENT (( #4351 ) ) ;
#6219 = CARTESIAN_POINT ( 'NONE',  ( -1.500000000000001300, 0.0000000000000000000, 0.0000000000000000000 ) ) ;
#6220 = CARTESIAN_POINT ( 'NONE',  ( -32.39711044888156300, 29.00000000000001100, -14.30581863478463600 ) ) ;
#6221 = SURFACE_SIDE_STYLE ('',( #5629 ) ) ;
#6222 = CARTESIAN_POINT ( 'NONE',  ( -18.00000000000149900, 28.90000000000000200, 9.399999999999998600 ) ) ;
#6223 = CARTESIAN_POINT ( 'NONE',  ( -15.60000000000000300, 33.89999999999999900, 7.599999999999998800 ) ) ;
#6224 = CARTESIAN_POINT ( 'NONE',  ( -13.11759780008502900, 15.62901024787389700, -6.692682630198485900 ) ) ;
#6225 = SURFACE_STYLE_USAGE ( .BOTH. , #158 ) ;
#6226 = VERTEX_POINT ( 'NONE', #282 ) ;
#6227 = EDGE_CURVE ( 'NONE', #3398, #886, #6588, .T. ) ;
#6228 = FILL_AREA_STYLE ('',( #8789 ) ) ;
#6229 = AXIS2_PLACEMENT_3D ( 'NONE', #1816, #7899, #2681 ) ;
#6230 = AXIS2_PLACEMENT_3D ( 'NONE', #8779, #3553, #9674 ) ;
#6231 = ORIENTED_EDGE ( 'NONE', *, *, #7222, .F. ) ;
#6232 = COLOUR_RGB ( '',0.0000000000000000000, 0.0000000000000000000, 0.0000000000000000000 ) ;
#6233 = MECHANICAL_DESIGN_GEOMETRIC_PRESENTATION_REPRESENTATION (  '', ( #5088 ), #6813 ) ;
#6234 = CARTESIAN_POINT ( 'NONE',  ( -18.00000000000001400, 24.53754738864920900, -1.250000000000000000 ) ) ;
#6235 = DIRECTION ( 'NONE',  ( 0.0000000000000000000, 0.0000000000000000000, 1.000000000000000000 ) ) ;
#6236 = SURFACE_STYLE_USAGE ( .BOTH. , #166 ) ;
#6237 = CARTESIAN_POINT ( 'NONE',  ( -16.89723351403013000, 28.02945536007224400, 1.352596062677238200 ) ) ;
#6238 = CARTESIAN_POINT ( 'NONE',  ( -1.500000000000000700, 15.94956969548781000, -31.89913939097561600 ) ) ;
#6239 = VERTEX_POINT ( 'NONE', #6387 ) ;
#6240 = CARTESIAN_POINT ( 'NONE',  ( -18.00000000000022700, 26.16249605661744600, 1.249999999999999800 ) ) ;
#6241 = DIRECTION ( 'NONE',  ( 0.0000000000000000000, -1.000000000000000000, 0.0000000000000000000 ) ) ;
#6242 = B_SPLINE_CURVE_WITH_KNOTS ( 'NONE', 3,
 ( #8525, #2420, #10277, #5073 ),
 .UNSPECIFIED., .F., .F.,
 ( 4, 4 ),
 ( 0.0000000000000000000, 1.000000000000000000 ),
 .UNSPECIFIED. ) ;
#6243 = DIRECTION ( 'NONE',  ( 1.000000000000000000, -0.0000000000000000000, -0.0000000000000000000 ) ) ;
#6244 =( NAMED_UNIT ( * ) PLANE_ANGLE_UNIT ( ) SI_UNIT ( $, .RADIAN. ) );
#6245 = EDGE_CURVE ( 'NONE', #3693, #4620, #4463, .T. ) ;
#6246 = AXIS2_PLACEMENT_3D ( 'NONE', #11166, #5912, #705 ) ;
#6247 = CARTESIAN_POINT ( 'NONE',  ( -17.53500746441000000, 28.55772601617999800, -1.441659125863000000 ) ) ;
#6248 =( NAMED_UNIT ( * ) SI_UNIT ( $, .STERADIAN. ) SOLID_ANGLE_UNIT ( ) );
#6249 = CARTESIAN_POINT ( 'NONE',  ( -18.76807367749229300, 25.46416439434784000, -0.9998656622396179200 ) ) ;
#6250 = CARTESIAN_POINT ( 'NONE',  ( -32.00000000000071100, 29.00000000000108000, 14.79289321881421200 ) ) ;
#6251 = EDGE_LOOP ( 'NONE', ( #5327, #5908, #1641, #5320, #8709, #2585, #145, #9239, #9820, #10607, #3886 ) ) ;
#6252 = ORIENTED_EDGE ( 'NONE', *, *, #4354, .T. ) ;
#6253 = VECTOR ( 'NONE', #3510, 1000.000000000000000 ) ;
#6254 = CARTESIAN_POINT ( 'NONE',  ( -18.13595507445000300, 27.11013274891000100, 1.465448200385999900 ) ) ;
#6255 = CARTESIAN_POINT ( 'NONE',  ( -16.75011005783508400, 28.40355890442050000, 0.1638621058190135900 ) ) ;
#6256 = UNCERTAINTY_MEASURE_WITH_UNIT (LENGTH_MEASURE( 1.000000000000000100E-005 ), #1595, 'distance_accuracy_value', 'NONE');
#6257 = CYLINDRICAL_SURFACE ( 'NONE', #4652, 0.5000000000000004400 ) ;
#6258 =( LENGTH_UNIT ( ) NAMED_UNIT ( * ) SI_UNIT ( .MILLI., .METRE. ) );
#6259 = VERTEX_POINT ( 'NONE', #5557 ) ;
#6260 = PRESENTATION_STYLE_ASSIGNMENT (( #9819 ) ) ;
#6261 =( NAMED_UNIT ( * ) SI_UNIT ( $, .STERADIAN. ) SOLID_ANGLE_UNIT ( ) );
#6262 = CARTESIAN_POINT ( 'NONE',  ( -17.63766796018515500, 24.88844419253205600, -1.199830323523241500 ) ) ;
#6263 = SURFACE_SIDE_STYLE ('',( #1638 ) ) ;
#6264 = CARTESIAN_POINT ( 'NONE',  ( -5.999999999999998200, 13.91563060015608100, -9.764999999999986400 ) ) ;
#6265 =( GEOMETRIC_REPRESENTATION_CONTEXT ( 3 ) GLOBAL_UNCERTAINTY_ASSIGNED_CONTEXT ( ( #1371 ) ) GLOBAL_UNIT_ASSIGNED_CONTEXT ( ( #9208, #3982, #10090 ) ) REPRESENTATION_CONTEXT ( 'NONE', 'WORKASPACE' ) );
#6266 = CARTESIAN_POINT ( 'NONE',  ( -46.50000000000000000, 0.0000000000000000000, 16.75000000000000000 ) ) ;
#6267 = AXIS2_PLACEMENT_3D ( 'NONE', #2769, #8863, #3649 ) ;
#6268 = EDGE_CURVE ( 'NONE', #668, #6824, #6783, .T. ) ;
#6269 = CARTESIAN_POINT ( 'NONE',  ( -0.05597972129318764400, 16.78820545322529500, 4.111924414344099200E-015 ) ) ;
#6270 = ORIENTED_EDGE ( 'NONE', *, *, #5730, .T. ) ;
#6271 = VERTEX_POINT ( 'NONE', #7312 ) ;
#6272 = FILL_AREA_STYLE ('',( #163 ) ) ;
#6273 = CARTESIAN_POINT ( 'NONE',  ( -20.40000000000000600, 28.89999999999999500, -9.099999999999999600 ) ) ;
#6274 = SURFACE_SIDE_STYLE ('',( #7721 ) ) ;
#6275 = FILL_AREA_STYLE_COLOUR ( '', #9842 ) ;
#6276 = LINE ( 'NONE', #6297, #8606 ) ;
#6277 = CARTESIAN_POINT ( 'NONE',  ( -0.8529462969709826800, -15.04999999999999900, -30.09999999999999800 ) ) ;
#6278 = AXIS2_PLACEMENT_3D ( 'NONE', #967, #5488, #8995 ) ;
#6279 = CARTESIAN_POINT ( 'NONE',  ( -18.30750468706841600, 28.86674876265447100, 1.406611238767165200 ) ) ;
#6280 = CARTESIAN_POINT ( 'NONE',  ( -20.40000000000000600, 33.89999999999999900, 7.599999999999999600 ) ) ;
#6281 = EDGE_CURVE ( 'NONE', #6485, #10971, #1291, .T. ) ;
#6282 = ORIENTED_EDGE ( 'NONE', *, *, #8432, .F. ) ;
#6283 = CARTESIAN_POINT ( 'NONE',  ( -32.79289321881146400, 28.99999999999792500, -14.46446609406643600 ) ) ;
#6284 = CARTESIAN_POINT ( 'NONE',  ( -15.60000000000000300, 38.89999999999999100, -9.099999999999999600 ) ) ;
#6285 = CARTESIAN_POINT ( 'NONE',  ( -16.51710375604000100, 28.51360370165000200, 0.8459246630591001900 ) ) ;
#6286 = SURFACE_STYLE_USAGE ( .BOTH. , #214 ) ;
#6287 = SURFACE_SIDE_STYLE ('',( #10789 ) ) ;
#6288 = VECTOR ( 'NONE', #4269, 1000.000000000000100 ) ;
#6289 = CARTESIAN_POINT ( 'NONE',  ( -18.62604064266636800, 26.57936308259432700, -1.085009332005901800 ) ) ;
#6290 = UNCERTAINTY_MEASURE_WITH_UNIT (LENGTH_MEASURE( 1.000000000000000100E-005 ), #2329, 'distance_accuracy_value', 'NONE');
#6291 = CARTESIAN_POINT ( 'NONE',  ( -19.27814270535000300, 28.58151809937000100, -0.1334270825220000300 ) ) ;
#6292 = DIRECTION ( 'NONE',  ( -1.000000000000000000, -0.0000000000000000000, 0.0000000000000000000 ) ) ;
#6293 = EDGE_LOOP ( 'NONE', ( #8086, #3196 ) ) ;
#6294 = LINE ( 'NONE', #11025, #3972 ) ;
#6295 = DIRECTION ( 'NONE',  ( 1.000000000000000000, 0.0000000000000000000, 0.0000000000000000000 ) ) ;
#6296 = AXIS2_PLACEMENT_3D ( 'NONE', #4241, #10369, #5148 ) ;
#6297 = CARTESIAN_POINT ( 'NONE',  ( -3.000000000000002700, 15.76490173463226300, -9.870555875805004900 ) ) ;
#6298 = FILL_AREA_STYLE ('',( #5438 ) ) ;
#6299 = DIRECTION ( 'NONE',  ( 0.0000000000000000000, 1.000000000000000000, 0.0000000000000000000 ) ) ;
#6300 =( GEOMETRIC_REPRESENTATION_CONTEXT ( 3 ) GLOBAL_UNCERTAINTY_ASSIGNED_CONTEXT ( ( #4050 ) ) GLOBAL_UNIT_ASSIGNED_CONTEXT ( ( #8895, #3676, #9780 ) ) REPRESENTATION_CONTEXT ( 'NONE', 'WORKASPACE' ) );
#6301 = FILL_AREA_STYLE_COLOUR ( '', #9099 ) ;
#6302 =( NAMED_UNIT ( * ) SI_UNIT ( $, .STERADIAN. ) SOLID_ANGLE_UNIT ( ) );
#6303 = VERTEX_POINT ( 'NONE', #2186 ) ;
#6304 = LINE ( 'NONE', #1533, #10972 ) ;
#6305 = CARTESIAN_POINT ( 'NONE',  ( -17.99999999999974800, 25.91249009546049100, -1.250000000000000000 ) ) ;
#6306 = COLOUR_RGB ( '',1.000000000000000000, 1.000000000000000000, 0.9490196078431372100 ) ;
#6307 = MANIFOLD_SOLID_BREP ( 'Körper-Verschieben/Kopieren1[2]', #2352 ) ;
#6308 = LINE ( 'NONE', #4400, #6047 ) ;
#6309 = CARTESIAN_POINT ( 'NONE',  ( -20.40000000000000200, 38.89999999999999100, 9.099999999999999600 ) ) ;
#6310 = EDGE_CURVE ( 'NONE', #4815, #3693, #10342, .T. ) ;
#6311 = DIRECTION ( 'NONE',  ( -1.000000000000000000, -0.0000000000000000000, -0.0000000000000000000 ) ) ;
#6312 = PLANE ( 'NONE',  #9629 ) ;
#6313 = CARTESIAN_POINT ( 'NONE',  ( -17.44576324468592100, 26.82445470570260700, 1.123403880229181500 ) ) ;
#6314 = PRESENTATION_LAYER_ASSIGNMENT (  '', '', ( #6888 ) ) ;
#6315 = EDGE_LOOP ( 'NONE', ( #6575, #75, #4398, #2180 ) ) ;
#6316 = MECHANICAL_DESIGN_GEOMETRIC_PRESENTATION_REPRESENTATION (  '', ( #3970 ), #6890 ) ;
#6317 = CARTESIAN_POINT ( 'NONE',  ( -17.85507468258076400, 24.29704698224917100, 1.249999999999605900 ) ) ;
#6318 = AXIS2_PLACEMENT_3D ( 'NONE', #5189, #11316, #6065 ) ;
#6319 = SURFACE_STYLE_FILL_AREA ( #9849 ) ;
#6320 = B_SPLINE_CURVE_WITH_KNOTS ( 'NONE', 3,
 ( #8198, #2094, #9953, #4740, #10865, #5604, #411, #6479, #1270, #7365, #2134, #8231, #3010, #9113, #3889, #9994, #4773, #10903, #5641, #449 ),
 .UNSPECIFIED., .F., .F.,
 ( 4, 2, 2, 2, 2, 2, 2, 2, 2, 4 ),
 ( -0.02740837731445465400, -0.02691878875609594900, -0.02642920019773724300, -0.02593961163937853800, -0.02545002308101983500, -0.02496043452266113000, -0.02447084596430242400, -0.02422605168512307500, -0.02398125740594372500, -0.02349166884758503700 ),
 .UNSPECIFIED. ) ;
#6321 = ORIENTED_EDGE ( 'NONE', *, *, #5636, .T. ) ;
#6322 = ORIENTED_EDGE ( 'NONE', *, *, #8954, .T. ) ;
#6323 = CARTESIAN_POINT ( 'NONE',  ( -18.73474857739000000, 28.49305192941999800, 1.573738352146999600 ) ) ;
#6324 = CARTESIAN_POINT ( 'NONE',  ( -2.999999999998434600, 28.50000000000000000, -14.00000000000010100 ) ) ;
#6325 = FILL_AREA_STYLE_COLOUR ( '', #9105 ) ;
#6326 = CARTESIAN_POINT ( 'NONE',  ( -18.32737484720716000, 26.76700205585027000, 1.217478309787819700 ) ) ;
#6327 = CARTESIAN_POINT ( 'NONE',  ( -17.18385080063999800, 27.76955912912999500, 0.9925381986996999500 ) ) ;
#6328 = PRESENTATION_STYLE_ASSIGNMENT (( #10155 ) ) ;
#6329 = ADVANCED_FACE ( 'NONE', ( #1336 ), #263, .F. ) ;
#6330 = CARTESIAN_POINT ( 'NONE',  ( -17.99999999999617700, 23.28810859991802200, 1.250000000000000000 ) ) ;
#6331 = STYLED_ITEM ( 'NONE', ( #818 ), #5613 ) ;
#6332 = DIRECTION ( 'NONE',  ( 0.0000000000000000000, 0.0000000000000000000, -1.000000000000000000 ) ) ;
#6333 = ORIENTED_EDGE ( 'NONE', *, *, #1861, .T. ) ;
#6334 = STYLED_ITEM ( 'NONE', ( #2823 ), #10074 ) ;
#6335 =( LENGTH_UNIT ( ) NAMED_UNIT ( * ) SI_UNIT ( .MILLI., .METRE. ) );
#6336 = CARTESIAN_POINT ( 'NONE',  ( -18.00000000000000400, 28.41093935102359700, 0.0000000000000000000 ) ) ;
#6337 = CARTESIAN_POINT ( 'NONE',  ( -18.16551848882921400, 28.89999999999999900, 1.455374388879514100 ) ) ;
#6338 = CARTESIAN_POINT ( 'NONE',  ( -18.00000000000000400, 28.90000000000000200, 10.50000000000000000 ) ) ;
#6339 = DIRECTION ( 'NONE',  ( -1.000000000000000000, -0.0000000000000000000, 0.0000000000000000000 ) ) ;
#6340 = CARTESIAN_POINT ( 'NONE',  ( -20.40000000000000600, 38.89999999999999900, 8.349999999999997900 ) ) ;
#6341 = VERTEX_POINT ( 'NONE', #6602 ) ;
#6342 = CARTESIAN_POINT ( 'NONE',  ( -19.51289553528000600, 28.83685999902999300, 0.8169335582668001400 ) ) ;
#6343 = FACE_OUTER_BOUND ( 'NONE', #2796, .T. ) ;
#6344 = AXIS2_PLACEMENT_3D ( 'NONE', #2490, #9483, #1666 ) ;
#6345 = COLOUR_RGB ( '',0.7764705882352941300, 0.7568627450980391900, 0.7372549019607843600 ) ;
#6346 = DIRECTION ( 'NONE',  ( -1.000000000000000000, 0.0000000000000000000, 0.0000000000000000000 ) ) ;
#6347 = EDGE_CURVE ( 'NONE', #10581, #1690, #2558, .T. ) ;
#6348 = ORIENTED_EDGE ( 'NONE', *, *, #4370, .F. ) ;
#6349 = CARTESIAN_POINT ( 'NONE',  ( -17.38749906810111100, 28.50690255770084400, 1.452130886454088900 ) ) ;
#6350 = CARTESIAN_POINT ( 'NONE',  ( 0.0000000000000000000, 15.75136280581475400, 9.892146873131009600 ) ) ;
#6351 = VERTEX_POINT ( 'NONE', #2256 ) ;
#6352 = CARTESIAN_POINT ( 'NONE',  ( -17.36947394908714400, 26.99664027761472000, -1.091725476452087800 ) ) ;
#6353 = EDGE_LOOP ( 'NONE', ( #1835, #3595 ) ) ;
#6354 = CARTESIAN_POINT ( 'NONE',  ( -19.09277320377630400, 26.20495655805926900, 0.6285959031387913200 ) ) ;
#6355 = VERTEX_POINT ( 'NONE', #3137 ) ;
#6356 = SURFACE_SIDE_STYLE ('',( #11224 ) ) ;
#6357 = CARTESIAN_POINT ( 'NONE',  ( -2.999999999998492800, 28.49999999999999600, -14.58578643762792200 ) ) ;
#6358 = PLANE ( 'NONE',  #3410 ) ;
#6359 = CARTESIAN_POINT ( 'NONE',  ( -32.84885876800920100, 12.22835664804238400, 14.54267126374121200 ) ) ;
#6360 = PRESENTATION_LAYER_ASSIGNMENT (  '', '', ( #5209 ) ) ;
#6361 = VERTEX_POINT ( 'NONE', #9251 ) ;
#6362 = CARTESIAN_POINT ( 'NONE',  ( -17.88396603616999800, 26.95760015888999900, -1.279753001093999900 ) ) ;
#6363 = AXIS2_PLACEMENT_3D ( 'NONE', #6446, #5502, #9957 ) ;
#6364 = FACE_OUTER_BOUND ( 'NONE', #774, .T. ) ;
#6365 = CARTESIAN_POINT ( 'NONE',  ( -16.50426398036000100, 28.69999999999999600, -7.599999999999999600 ) ) ;
#6366 = CYLINDRICAL_SURFACE ( 'NONE', #9845, 0.4999999999999970000 ) ;
#6367 = EDGE_LOOP ( 'NONE', ( #7856, #2867, #5635, #7875 ) ) ;
#6368 =( NAMED_UNIT ( * ) PLANE_ANGLE_UNIT ( ) SI_UNIT ( $, .RADIAN. ) );
#6369 = FILL_AREA_STYLE ('',( #4622 ) ) ;
#6370 =( NAMED_UNIT ( * ) SI_UNIT ( $, .STERADIAN. ) SOLID_ANGLE_UNIT ( ) );
#6371 = CARTESIAN_POINT ( 'NONE',  ( -18.00000000000000400, 28.69999240993098200, 1.249999999999041900 ) ) ;
#6372 = CARTESIAN_POINT ( 'NONE',  ( -18.16516455577201200, 22.92261193670036700, -1.250000000000001300 ) ) ;
#6373 =( NAMED_UNIT ( * ) SI_UNIT ( $, .STERADIAN. ) SOLID_ANGLE_UNIT ( ) );
#6374 = CARTESIAN_POINT ( 'NONE',  ( -17.82559968002000200, 24.93823914982999700, 1.649284804458000200 ) ) ;
#6375 = CARTESIAN_POINT ( 'NONE',  ( -20.00000000000000000, 28.89999999999999900, 7.599999999999999600 ) ) ;
#6376 = EDGE_CURVE ( 'NONE', #3869, #6485, #285, .T. ) ;
#6377 = CARTESIAN_POINT ( 'NONE',  ( -19.15743756333000300, 28.83194369521000800, -1.179459619485000000 ) ) ;
#6378 = COLOUR_RGB ( '',0.9803921568627450600, 0.6274509803921568500, 0.0000000000000000000 ) ;
#6379 = ORIENTED_EDGE ( 'NONE', *, *, #9262, .T. ) ;
#6380 = AXIS2_PLACEMENT_3D ( 'NONE', #10936, #5683, #483 ) ;
#6381 = PRESENTATION_LAYER_ASSIGNMENT (  '', '', ( #5232 ) ) ;
#6382 = CARTESIAN_POINT ( 'NONE',  ( -16.66245867435016900, 28.64445255596378100, -0.8346637820276280300 ) ) ;
#6383 = DIRECTION ( 'NONE',  ( 0.0000000000000000000, 1.000000000000000000, 0.0000000000000000000 ) ) ;
#6384 = CARTESIAN_POINT ( 'NONE',  ( -9.400000000000005700, 28.68000000000000000, -3.275999999999999800 ) ) ;
#6385 = CARTESIAN_POINT ( 'NONE',  ( -15.49573601964000100, 38.89999999999999900, 9.775999999999999800 ) ) ;
#6386 = CARTESIAN_POINT ( 'NONE',  ( -46.50000000000000000, 0.0000000000000000000, 9.500000000000000000 ) ) ;
#6387 = CARTESIAN_POINT ( 'NONE',  ( -18.00000000000000400, 34.07499999999999600, -9.399999999999996800 ) ) ;
#6388 = SURFACE_STYLE_FILL_AREA ( #3859 ) ;
#6389 = ORIENTED_EDGE ( 'NONE', *, *, #8613, .F. ) ;
#6390 = LINE ( 'NONE', #3017, #4071 ) ;
#6391 = B_SPLINE_CURVE_WITH_KNOTS ( 'NONE', 3,
 ( #4674, #10813, #5553, #353, #6423, #1223, #7309, #2073, #8176, #2956, #9057, #3841, #9936, #4711, #10848, #5588, #387, #6457, #1253, #7345 ),
 .UNSPECIFIED., .F., .F.,
 ( 4, 2, 2, 2, 2, 2, 2, 2, 2, 4 ),
 ( -0.02740707509595682900, -0.02691765705108559900, -0.02667294802864998000, -0.02642823900621436500, -0.02593882096134313500, -0.02544940291647190100, -0.02495998487160067100, -0.02447056682672944100, -0.02398114878185820700, -0.02349173073698697700 ),
 .UNSPECIFIED. ) ;
#6392 = DIRECTION ( 'NONE',  ( -3.343628375672422000E-029, 1.000000000000000000, 5.782411586589460600E-015 ) ) ;
#6393 = EDGE_CURVE ( 'NONE', #3605, #4825, #9241, .T. ) ;
#6394 = CARTESIAN_POINT ( 'NONE',  ( -0.6470537030290048900, -17.20000000223977600, -2.106392494807740600E-015 ) ) ;
#6395 = UNCERTAINTY_MEASURE_WITH_UNIT (LENGTH_MEASURE( 1.000000000000000100E-005 ), #10517, 'distance_accuracy_value', 'NONE');
#6396 = SURFACE_STYLE_USAGE ( .BOTH. , #321 ) ;
#6397 = CARTESIAN_POINT ( 'NONE',  ( -3.707106781186499500, 29.00000000000001400, -14.49999999999996400 ) ) ;
#6398 = FILL_AREA_STYLE ('',( #10825 ) ) ;
#6399 =( GEOMETRIC_REPRESENTATION_CONTEXT ( 3 ) GLOBAL_UNCERTAINTY_ASSIGNED_CONTEXT ( ( #3420 ) ) GLOBAL_UNIT_ASSIGNED_CONTEXT ( ( #7140, #1925, #8012 ) ) REPRESENTATION_CONTEXT ( 'NONE', 'WORKASPACE' ) );
#6400 = DIRECTION ( 'NONE',  ( 0.0000000000000000000, 1.000000000000000000, 0.0000000000000000000 ) ) ;
#6401 = SURFACE_SIDE_STYLE ('',( #11269 ) ) ;
#6402 = SURFACE_SIDE_STYLE ('',( #9195 ) ) ;
#6403 = ORIENTED_EDGE ( 'NONE', *, *, #9799, .F. ) ;
#6404 = SURFACE_STYLE_USAGE ( .BOTH. , #329 ) ;
#6405 = PRESENTATION_STYLE_ASSIGNMENT (( #931 ) ) ;
#6406 = FILL_AREA_STYLE ('',( #4658 ) ) ;
#6407 = CARTESIAN_POINT ( 'NONE',  ( -9.000000000000001800, 40.90000000000047500, 2.572649730810822300 ) ) ;
#6408 = CARTESIAN_POINT ( 'NONE',  ( -16.78425152980355200, 26.76654934784128800, 0.3243499449098248800 ) ) ;
#6409 = PRESENTATION_STYLE_ASSIGNMENT (( #5781 ) ) ;
#6410 = CARTESIAN_POINT ( 'NONE',  ( -19.21767464212165400, 23.05865475148844000, 0.3264600044167132500 ) ) ;
#6411 = SURFACE_STYLE_USAGE ( .BOTH. , #338 ) ;
#6412 = AXIS2_PLACEMENT_3D ( 'NONE', #8017, #2795, #8896 ) ;
#6413 = ORIENTED_EDGE ( 'NONE', *, *, #3016, .F. ) ;
#6414 = ORIENTED_EDGE ( 'NONE', *, *, #4750, .T. ) ;
#6415 = MECHANICAL_DESIGN_GEOMETRIC_PRESENTATION_REPRESENTATION (  '', ( #5267 ), #6993 ) ;
#6416 = EDGE_CURVE ( 'NONE', #6756, #8229, #6916, .T. ) ;
#6417 = CARTESIAN_POINT ( 'NONE',  ( -16.98404757652000200, 28.80658394276999300, -1.057372768735000100 ) ) ;
#6418 = COLOUR_RGB ( '',1.000000000000000000, 1.000000000000000000, 0.9490196078431372100 ) ;
#6419 = ORIENTED_EDGE ( 'NONE', *, *, #4474, .F. ) ;
#6420 = FACE_OUTER_BOUND ( 'NONE', #9909, .T. ) ;
#6421 = CARTESIAN_POINT ( 'NONE',  ( -19.10668862170955500, 28.78738962426889400, -1.123906437059580600 ) ) ;
#6422 = SURFACE_SIDE_STYLE ('',( #4706 ) ) ;
#6423 = CARTESIAN_POINT ( 'NONE',  ( -18.62606746439115600, 22.57959329214538600, -1.084992556437206500 ) ) ;
#6424 = SURFACE_SIDE_STYLE ('',( #9932 ) ) ;
#6425 = CARTESIAN_POINT ( 'NONE',  ( -18.00000000000000400, 28.90000000000000200, 10.50000000000000000 ) ) ;
#6426 = UNCERTAINTY_MEASURE_WITH_UNIT (LENGTH_MEASURE( 1.000000000000000100E-005 ), #6258, 'distance_accuracy_value', 'NONE');
#6427 = EDGE_CURVE ( 'NONE', #7, #9871, #197, .T. ) ;
#6428 = CARTESIAN_POINT ( 'NONE',  ( -0.6470537030290048900, -17.20000000223977200, -34.40000000447954400 ) ) ;
#6429 = EDGE_LOOP ( 'NONE', ( #10777, #5689, #6663, #1563, #9338, #6503, #11238 ) ) ;
#6430 = CIRCLE ( 'NONE', #9828, 0.5000000000000056600 ) ;
#6431 =( NAMED_UNIT ( * ) SI_UNIT ( $, .STERADIAN. ) SOLID_ANGLE_UNIT ( ) );
#6432 = DIRECTION ( 'NONE',  ( -1.000000000000000000, 0.0000000000000000000, 0.0000000000000000000 ) ) ;
#6433 = VECTOR ( 'NONE', #5054, 1000.000000000000000 ) ;
#6434 = FILL_AREA_STYLE ('',( #10859 ) ) ;
#6435 = VECTOR ( 'NONE', #7152, 1000.000000000000000 ) ;
#6436 = CARTESIAN_POINT ( 'NONE',  ( -3.000000000000002700, 0.0000000000000000000, 0.0000000000000000000 ) ) ;
#6437 = CARTESIAN_POINT ( 'NONE',  ( -15.50901476409336000, 18.36608750818349400, 2.244596178972425400 ) ) ;
#6438 = ORIENTED_EDGE ( 'NONE', *, *, #10004, .T. ) ;
#6439 = EDGE_CURVE ( 'NONE', #2877, #10039, #11330, .T. ) ;
#6440 = COLOUR_RGB ( '',0.7764705882352941300, 0.7568627450980391900, 0.7372549019607843600 ) ;
#6441 = STYLED_ITEM ( 'NONE', ( #2533 ), #2322 ) ;
#6442 = DIRECTION ( 'NONE',  ( 1.000000000000000000, -0.0000000000000000000, -0.0000000000000000000 ) ) ;
#6443 = AXIS2_PLACEMENT_3D ( 'NONE', #10313, #5106, #11230 ) ;
#6444 =( NAMED_UNIT ( * ) SI_UNIT ( $, .STERADIAN. ) SOLID_ANGLE_UNIT ( ) );
#6445 = PLANE ( 'NONE',  #3849 ) ;
#6446 = CARTESIAN_POINT ( 'NONE',  ( -18.00000000000000400, 28.41093935102359700, 0.0000000000000000000 ) ) ;
#6447 = ORIENTED_EDGE ( 'NONE', *, *, #8180, .T. ) ;
#6448 = ORIENTED_EDGE ( 'NONE', *, *, #8063, .F. ) ;
#6449 = CARTESIAN_POINT ( 'NONE',  ( -17.05105763689999800, 28.78122419032999300, 0.8595767933902002100 ) ) ;
#6450 = SURFACE_STYLE_FILL_AREA ( #116 ) ;
#6451 =( LENGTH_UNIT ( ) NAMED_UNIT ( * ) SI_UNIT ( .MILLI., .METRE. ) );
#6452 = LINE ( 'NONE', #10183, #6186 ) ;
#6453 = CARTESIAN_POINT ( 'NONE',  ( -33.00000000000000000, 22.50000000000000000, 0.0000000000000000000 ) ) ;
#6454 = EDGE_CURVE ( 'NONE', #6987, #8774, #4602, .T. ) ;
#6455 = CARTESIAN_POINT ( 'NONE',  ( 0.0000000000000000000, 15.75136280581475400, 9.892146873131009600 ) ) ;
#6456 = ORIENTED_EDGE ( 'NONE', *, *, #5907, .T. ) ;
#6457 = CARTESIAN_POINT ( 'NONE',  ( -18.32734837913759700, 22.76704134155749800, 1.217479541863970600 ) ) ;
#6458 = CARTESIAN_POINT ( 'NONE',  ( -17.47780286014375800, 26.63096220102269000, 1.253593743177023900 ) ) ;
#6459 =( GEOMETRIC_REPRESENTATION_CONTEXT ( 3 ) GLOBAL_UNCERTAINTY_ASSIGNED_CONTEXT ( ( #8775 ) ) GLOBAL_UNIT_ASSIGNED_CONTEXT ( ( #10997, #7374, #7092 ) ) REPRESENTATION_CONTEXT ( 'NONE', 'WORKASPACE' ) );
#6460 = ORIENTED_EDGE ( 'NONE', *, *, #11180, .F. ) ;
#6461 = SURFACE_STYLE_FILL_AREA ( #4802 ) ;
#6462 = CARTESIAN_POINT ( 'NONE',  ( -19.09670220892962800, 24.92094971660794300, 1.357516779727595500 ) ) ;
#6463 = MECHANICAL_DESIGN_GEOMETRIC_PRESENTATION_REPRESENTATION (  '', ( #4717 ), #7050 ) ;
#6464 = SURFACE_STYLE_USAGE ( .BOTH. , #4928 ) ;
#6465 = CARTESIAN_POINT ( 'NONE',  ( -17.99999999999910500, 28.28774195246128900, 1.250000000000001100 ) ) ;
#6466 = CARTESIAN_POINT ( 'NONE',  ( -17.83704990413034600, 27.17258312036091900, 1.249999999999972700 ) ) ;
#6467 = VERTEX_POINT ( 'NONE', #4096 ) ;
#6468 = DIRECTION ( 'NONE',  ( 0.0000000000000000000, -1.000000000000000000, 0.0000000000000000000 ) ) ;
#6469 = PLANE ( 'NONE',  #3836 ) ;
#6470 = LINE ( 'NONE', #2647, #1577 ) ;
#6471 =( NAMED_UNIT ( * ) SI_UNIT ( $, .STERADIAN. ) SOLID_ANGLE_UNIT ( ) );
#6472 = FACE_OUTER_BOUND ( 'NONE', #9111, .T. ) ;
#6473 = ADVANCED_FACE ( 'NONE', ( #8969 ), #5558, .F. ) ;
#6474 = AXIS2_PLACEMENT_3D ( 'NONE', #1376, #7464, #2230 ) ;
#6475 = ORIENTED_EDGE ( 'NONE', *, *, #7816, .T. ) ;
#6476 = EDGE_CURVE ( 'NONE', #330, #7134, #7870, .T. ) ;
#6477 = EDGE_LOOP ( 'NONE', ( #7868, #4723, #6760, #432, #8602 ) ) ;
#6478 = DIRECTION ( 'NONE',  ( 1.000000000000000000, -0.0000000000000000000, -0.0000000000000000000 ) ) ;
#6479 = CARTESIAN_POINT ( 'NONE',  ( -19.21711149762821000, 26.55811603898370900, 0.3282348881324279000 ) ) ;
#6480 = CARTESIAN_POINT ( 'NONE',  ( -33.00000000000000000, 22.50000000000000400, -9.000000000000001800 ) ) ;
#6481 = CARTESIAN_POINT ( 'NONE',  ( -18.00000000000000400, 28.41093935102359700, 1.250000000000000000 ) ) ;
#6482 = ORIENTED_EDGE ( 'NONE', *, *, #9437, .T. ) ;
#6483 = EDGE_LOOP ( 'NONE', ( #1612, #9738 ) ) ;
#6484 =( BOUNDED_CURVE ( )  B_SPLINE_CURVE ( 3, ( #11190, #756, #7720, #2491 ),
 .UNSPECIFIED., .F., .F. ) 
 B_SPLINE_CURVE_WITH_KNOTS ( ( 4, 4 ),
 ( 4.874788804553936900, 6.147311966603460600 ),
 .UNSPECIFIED. ) 
 CURVE ( )  GEOMETRIC_REPRESENTATION_ITEM ( )  RATIONAL_B_SPLINE_CURVE ( ( 1.000000000000000000, 0.8695484763366228000, 0.8695484763366228000, 1.000000000000000000 ) ) 
 REPRESENTATION_ITEM ( '' )  );
#6485 = VERTEX_POINT ( 'NONE', #10247 ) ;
#6486 = CARTESIAN_POINT ( 'NONE',  ( -16.96040578320000200, 24.62594723820000200, -1.292348931368000300 ) ) ;
#6487 = AXIS2_PLACEMENT_3D ( 'NONE', #9625, #4373, #10505 ) ;
#6488 = CONICAL_SURFACE ( 'NONE', #54, 11.60000000000000000, 0.7853981633974511700 ) ;
#6489 = CARTESIAN_POINT ( 'NONE',  ( -9.400000000000005700, 36.90000000000000600, 0.0000000000000000000 ) ) ;
#6490 = EDGE_CURVE ( 'NONE', #2258, #4418, #10204, .T. ) ;
#6491 = FILL_AREA_STYLE ('',( #4751 ) ) ;
#6492 = CARTESIAN_POINT ( 'NONE',  ( -5.999999999999998200, 13.91563060015608100, -9.764999999999986400 ) ) ;
#6493 = DIRECTION ( 'NONE',  ( 0.0000000000000000000, 3.100554544781976400E-015, 1.000000000000000000 ) ) ;
#6494 = ORIENTED_EDGE ( 'NONE', *, *, #457, .T. ) ;
#6495 = CARTESIAN_POINT ( 'NONE',  ( -18.17262107243597300, 25.73290868684794200, -1.736609224651978600 ) ) ;
#6496 = VECTOR ( 'NONE', #8607, 1000.000000000000000 ) ;
#6497 = EDGE_LOOP ( 'NONE', ( #5019, #5831, #2246, #7728, #11022 ) ) ;
#6498 =( NAMED_UNIT ( * ) SI_UNIT ( $, .STERADIAN. ) SOLID_ANGLE_UNIT ( ) );
#6499 = CARTESIAN_POINT ( 'NONE',  ( -18.82623539879234500, 24.59503822098642800, -0.9415342672410257400 ) ) ;
#6500 = CARTESIAN_POINT ( 'NONE',  ( -16.90802762946250600, 27.32885195510723600, -0.6299532074768363600 ) ) ;
#6501 = CARTESIAN_POINT ( 'NONE',  ( -16.99896209300057100, 22.96532311981099600, -0.7665556064380798500 ) ) ;
#6502 = DIRECTION ( 'NONE',  ( -1.000000000000000000, -0.0000000000000000000, -0.0000000000000000000 ) ) ;
#6503 = ORIENTED_EDGE ( 'NONE', *, *, #7109, .T. ) ;
#6504 = ORIENTED_EDGE ( 'NONE', *, *, #7407, .T. ) ;
#6505 = CARTESIAN_POINT ( 'NONE',  ( -18.81491905052163800, 23.43636201361780300, 1.543216308523639000 ) ) ;
#6506 = CARTESIAN_POINT ( 'NONE',  ( -18.00000000000024200, 28.03757036026202000, -1.250000000000000000 ) ) ;
#6507 = COLOUR_RGB ( '',0.7921568627450980000, 0.8196078431372548800, 0.9333333333333333500 ) ;
#6508 = AXIS2_PLACEMENT_3D ( 'NONE', #437, #6502, #1298 ) ;
#6509 = FACE_OUTER_BOUND ( 'NONE', #7463, .T. ) ;
#6510 = VERTEX_POINT ( 'NONE', #11154 ) ;
#6511 = EDGE_LOOP ( 'NONE', ( #10881, #4747, #9660, #4047 ) ) ;
#6512 = CARTESIAN_POINT ( 'NONE',  ( -19.25010451126924600, 26.02680031695925700, -0.1621722179817757000 ) ) ;
#6513 = FILL_AREA_STYLE_COLOUR ( '', #2486 ) ;
#6514 = CARTESIAN_POINT ( 'NONE',  ( -3.000000000000002700, 1.420590287010929500E-015, -11.60000000000000000 ) ) ;
#6515 = EDGE_CURVE ( 'NONE', #5067, #3997, #9919, .T. ) ;
#6516 = CARTESIAN_POINT ( 'NONE',  ( -17.99999999999996100, 26.41250210119237400, -1.250000000000000000 ) ) ;
#6517 = MECHANICAL_DESIGN_GEOMETRIC_PRESENTATION_REPRESENTATION (  '', ( #5379 ), #7113 ) ;
#6518 = PRESENTATION_LAYER_ASSIGNMENT (  '', '', ( #4782 ) ) ;
#6519 = AXIS2_PLACEMENT_3D ( 'NONE', #2344, #8458, #3230 ) ;
#6520 = ORIENTED_EDGE ( 'NONE', *, *, #1455, .T. ) ;
#6521 = ORIENTED_EDGE ( 'NONE', *, *, #5196, .F. ) ;
#6522 = COLOUR_RGB ( '',1.000000000000000000, 1.000000000000000000, 0.9490196078431372100 ) ;
#6523 = SURFACE_SIDE_STYLE ('',( #10596 ) ) ;
#6524 =( NAMED_UNIT ( * ) SI_UNIT ( $, .STERADIAN. ) SOLID_ANGLE_UNIT ( ) );
#6525 = DIRECTION ( 'NONE',  ( -0.0000000000000000000, 1.000000000000000000, 0.0000000000000000000 ) ) ;
#6526 = FILL_AREA_STYLE_COLOUR ( '', #4603 ) ;
#6527 = UNCERTAINTY_MEASURE_WITH_UNIT (LENGTH_MEASURE( 1.000000000000000100E-005 ), #11261, 'distance_accuracy_value', 'NONE');
#6528 = CARTESIAN_POINT ( 'NONE',  ( -17.54127774136445700, 26.49844386163932300, 1.513953319558230200 ) ) ;
#6529 = B_SPLINE_CURVE_WITH_KNOTS ( 'NONE', 3,
 ( #1017, #6212, #2751, #8847, #3626, #9736, #4504, #10628, #5396, #181, #6255, #1057, #7131, #1922, #8006, #2785, #8883, #3671, #9770, #4536 ),
 .UNSPECIFIED., .F., .F.,
 ( 4, 2, 2, 2, 2, 2, 2, 2, 2, 4 ),
 ( 0.0007317481754875611700, 0.001221158552055231400, 0.001465863740339071300, 0.001710568928622911200, 0.002199979305190591000, 0.002689389681758270900, 0.003178800058325950700, 0.003668210434893630100, 0.004157620811461310400, 0.004647031188028990200 ),
 .UNSPECIFIED. ) ;
#6530 =( NAMED_UNIT ( * ) PLANE_ANGLE_UNIT ( ) SI_UNIT ( $, .RADIAN. ) );
#6531 = ORIENTED_EDGE ( 'NONE', *, *, #4260, .F. ) ;
#6532 = SURFACE_STYLE_FILL_AREA ( #4793 ) ;
#6533 = STYLED_ITEM ( 'NONE', ( #1236 ), #5534 ) ;
#6534 = CARTESIAN_POINT ( 'NONE',  ( -18.00000000000000400, 24.78754452749295800, 1.250000000000000000 ) ) ;
#6535 =( NAMED_UNIT ( * ) SI_UNIT ( $, .STERADIAN. ) SOLID_ANGLE_UNIT ( ) );
#6536 = SURFACE_STYLE_USAGE ( .BOTH. , #471 ) ;
#6537 = MECHANICAL_DESIGN_GEOMETRIC_PRESENTATION_REPRESENTATION (  '', ( #4798 ), #7133 ) ;
#6538 = SURFACE_STYLE_USAGE ( .BOTH. , #474 ) ;
#6539 =( NAMED_UNIT ( * ) PLANE_ANGLE_UNIT ( ) SI_UNIT ( $, .RADIAN. ) );
#6540 = PRESENTATION_STYLE_ASSIGNMENT (( #5118 ) ) ;
#6541 = SURFACE_STYLE_USAGE ( .BOTH. , #477 ) ;
#6542 = ORIENTED_EDGE ( 'NONE', *, *, #2290, .T. ) ;
#6543 = B_SPLINE_SURFACE_WITH_KNOTS ( 'NONE', 3, 3, ( 
 ( #3104, #2260, #8371, #3138, #9254, #4018, #10131, #4915, #11035, #5788, #590, #6642, #1447, #7531, #2300, #8410, #3178, #9293, #4061, #10177, #4957, #11074, #5833, #628, #6680, #1485, #7576, #2337, #8448, #3221, #9331, #4097, #10214, #5002, #11119 ),
 ( #5866, #669, #6719, #1525, #7615, #2381, #8491, #3256, #9375, #4129, #10248, #5040, #11155, #5902, #697, #6761, #1558, #7651, #2423, #8529, #3297, #9415, #4168, #10281, #5076, #11198, #5941, #734, #6801, #1599, #7691, #2464, #8568, #3339, #9449 ),
 ( #4207, #10321, #5111, #11234, #5976, #761, #6839, #1637, #7730, #2498, #8608, #3376, #9493, #4240, #10364, #5144, #11270, #6015, #800, #6874, #1677, #7763, #2540, #8643, #3411, #9535, #4277, #10402, #5185, #11308, #6055, #833, #6915, #1714, #7800 ),
 ( #2574, #8686, #3445, #9572, #4318, #10445, #5221, #14, #6092, #872, #6951, #1751, #7831, #2615, #8717, #3486, #9607, #4355, #10488, #5262, #51, #6130, #913, #6989, #1785, #7869, #2651, #8750, #3522, #9649, #4395, #10528, #5299, #87, #6161 ) ),
 .UNSPECIFIED., .F., .F., .F.,
 ( 4, 4 ),
 ( 4, 1, 1, 1, 1, 1, 1, 1, 1, 1, 1, 1, 1, 1, 1, 1, 1, 1, 1, 1, 1, 1, 1, 1, 1, 1, 1, 1, 1, 1, 1, 1, 4 ),
 ( -0.2778315559671000200, 1.277831555966999700 ),
 ( -0.02000000000000000000, 0.01250000000000000100, 0.04499999999999999800, 0.07749999999999999900, 0.1100000000000000100, 0.1424999999999999900, 0.1750000000000000400, 0.2074999999999999900, 0.2399999999999999900, 0.2725000000000000200, 0.3049999999999999900, 0.3374999999999999700, 0.3700000000000000500, 0.4024999999999999700, 0.4350000000000000000, 0.4675000000000000300, 0.5000000000000000000, 0.5324999999999999700, 0.5649999999999999500, 0.5975000000000000300, 0.6300000000000000000, 0.6624999999999999800, 0.6950000000000000600, 0.7275000000000000400, 0.7600000000000000100, 0.7924999999999999800, 0.8250000000000000700, 0.8575000000000001500, 0.8900000000000001200, 0.9224999999999999900, 0.9550000000000000700, 0.9875000000000002700, 1.020000000000000000 ),
 .UNSPECIFIED. ) ;
#6544 = SURFACE_STYLE_USAGE ( .BOTH. , #482 ) ;
#6545 = CARTESIAN_POINT ( 'NONE',  ( -3.000000000000002700, 0.0000000000000000000, 0.0000000000000000000 ) ) ;
#6546 = DIRECTION ( 'NONE',  ( -1.000000000000000000, -0.0000000000000000000, -0.0000000000000000000 ) ) ;
#6547 = CARTESIAN_POINT ( 'NONE',  ( -3.019009117856858100, 12.59638212120843000, 14.22526477245993900 ) ) ;
#6548 = CARTESIAN_POINT ( 'NONE',  ( -16.78223110286305800, 25.43362790304559000, -0.3260745306726263700 ) ) ;
#6549 = B_SPLINE_CURVE_WITH_KNOTS ( 'NONE', 3,
 ( #5307, #10539, #7039, #1826, #7909, #2695, #8799, #3567, #9686, #4445, #10572, #5347, #130, #6198, #997, #7075, #1863, #7943, #2734, #8830, #3606, #9719, #4484, #10612, #5378, #167, #6237, #1041, #7111, #1903, #7987, #2770, #8864, #3650, #9758 ),
 .UNSPECIFIED., .F., .F.,
 ( 4, 1, 1, 1, 1, 1, 1, 1, 1, 1, 1, 1, 1, 1, 1, 1, 1, 1, 1, 1, 1, 1, 1, 1, 1, 1, 1, 1, 1, 1, 1, 1, 4 ),
 ( 0.0000000000000000000, 0.0004737632699378415400, 0.001704039621444207800, 0.002934315972950569300, 0.004164592324456923100, 0.005394868675963280700, 0.006625145027469642700, 0.007855421378976004700, 0.009085697730482362300, 0.01031597408198872200, 0.01154625043349507800, 0.01277652678500144000, 0.01400680313650779800, 0.01523707948801415600, 0.01646735583952051900, 0.01769763219102687300, 0.01892790854253323400, 0.02015818489403959100, 0.02138846124554594900, 0.02261873759705231000, 0.02384901394855866400, 0.02507929030006502900, 0.02630956665157139000, 0.02753984300307774400, 0.02877011935458410200, 0.03000039570609046300, 0.03123067205759682100, 0.03246094840910318500, 0.03369122476060953900, 0.03492150111211590100, 0.03615177746362225500, 0.03738205381512861600, 0.03785581659041596000 ),
 .UNSPECIFIED. ) ;
#6550 = EDGE_CURVE ( 'NONE', #8247, #8119, #3231, .T. ) ;
#6551 = EDGE_LOOP ( 'NONE', ( #3208, #10498, #463, #2516 ) ) ;
#6552 = FACE_OUTER_BOUND ( 'NONE', #11087, .T. ) ;
#6553 = CARTESIAN_POINT ( 'NONE',  ( -16.78233407441223300, 26.30803350446355200, -0.3269638602742930300 ) ) ;
#6554 = LINE ( 'NONE', #4009, #1940 ) ;
#6555 = UNCERTAINTY_MEASURE_WITH_UNIT (LENGTH_MEASURE( 1.000000000000000100E-005 ), #9654, 'distance_accuracy_value', 'NONE');
#6556 = CARTESIAN_POINT ( 'NONE',  ( -17.44571102583472900, 28.19853927551969300, 1.123376837487706200 ) ) ;
#6557 = CARTESIAN_POINT ( 'NONE',  ( -19.11879246383978900, 28.49614944407472100, -0.6175769824008440200 ) ) ;
#6558 = DIRECTION ( 'NONE',  ( -1.000000000000000000, -0.0000000000000000000, 0.0000000000000000000 ) ) ;
#6559 = CARTESIAN_POINT ( 'NONE',  ( -50.00000000000000000, 0.0000000000000000000, 0.0000000000000000000 ) ) ;
#6560 = SURFACE_SIDE_STYLE ('',( #9318 ) ) ;
#6561 = ORIENTED_EDGE ( 'NONE', *, *, #9322, .T. ) ;
#6562 = DIRECTION ( 'NONE',  ( -0.0000000000000000000, -1.000000000000000000, -0.0000000000000000000 ) ) ;
#6563 = STYLED_ITEM ( 'NONE', ( #1882 ), #8349 ) ;
#6564 = DIRECTION ( 'NONE',  ( -0.0000000000000000000, 1.000000000000000000, -0.0000000000000000000 ) ) ;
#6565 = ADVANCED_FACE ( 'NONE', ( #3505 ), #5075, .T. ) ;
#6566 = AXIS2_PLACEMENT_3D ( 'NONE', #2679, #8781, #3554 ) ;
#6567 = CARTESIAN_POINT ( 'NONE',  ( -17.05221954408248700, 26.35557854310699000, 0.8276640968232127400 ) ) ;
#6568 = DIRECTION ( 'NONE',  ( 1.000000000000000000, 0.0000000000000000000, 0.0000000000000000000 ) ) ;
#6569 = PLANE ( 'NONE',  #4961 ) ;
#6570 = EDGE_LOOP ( 'NONE', ( #3162, #7989, #10067, #10202, #182, #2930, #4099, #5615, #535, #2076, #419 ) ) ;
#6571 = VECTOR ( 'NONE', #5711, 1000.000000000000000 ) ;
#6572 = FILL_AREA_STYLE_COLOUR ( '', #1464 ) ;
#6573 = CARTESIAN_POINT ( 'NONE',  ( -19.53720899141659800, 24.31077936618779800, -0.8261983144955589200 ) ) ;
#6574 = SURFACE_SIDE_STYLE ('',( #10012 ) ) ;
#6575 = ORIENTED_EDGE ( 'NONE', *, *, #6454, .F. ) ;
#6576 = B_SPLINE_SURFACE_WITH_KNOTS ( 'NONE', 3, 3, ( 
 ( #237, #6342, #1139, #7223, #2002, #8096, #2871, #8978, #3757, #9855, #4630 ),
 ( #10769, #5506, #308, #6377, #1180, #7258, #2036, #8131, #2910, #9013, #3796 ),
 ( #9893, #4669, #10807, #5545, #343, #6417, #1217, #7302, #2065, #8166, #2950 ),
 ( #9052, #3833, #9928, #4705, #10843, #5580, #383, #6449, #1246, #7335, #2103 ) ),
 .UNSPECIFIED., .F., .F., .F.,
 ( 4, 4 ),
 ( 4, 1, 1, 1, 1, 1, 1, 1, 4 ),
 ( -0.2778315559671000200, 1.277831555966999700 ),
 ( 0.7496054554782000100, 0.7815184856623997900, 0.8134315158464998600, 0.8453445460307001900, 0.8772575762148000500, 0.9091706063989999400, 0.9410836365831001200, 0.9729966667672999000, 1.004909696950999900 ),
 .UNSPECIFIED. ) ;
#6577 = ORIENTED_EDGE ( 'NONE', *, *, #7045, .T. ) ;
#6578 = PRESENTATION_STYLE_ASSIGNMENT (( #2268 ) ) ;
#6579 = EDGE_CURVE ( 'NONE', #9585, #886, #4455, .T. ) ;
#6580 = PRESENTATION_LAYER_ASSIGNMENT (  '', '', ( #7186 ) ) ;
#6581 = CARTESIAN_POINT ( 'NONE',  ( -18.12940707311000600, 27.72722615007999600, 1.278469945123999800 ) ) ;
#6582 =( GEOMETRIC_REPRESENTATION_CONTEXT ( 3 ) GLOBAL_UNCERTAINTY_ASSIGNED_CONTEXT ( ( #3631 ) ) GLOBAL_UNIT_ASSIGNED_CONTEXT ( ( #5499, #302, #6370 ) ) REPRESENTATION_CONTEXT ( 'NONE', 'WORKASPACE' ) );
#6583 = FILL_AREA_STYLE_COLOUR ( '', #5981 ) ;
#6584 =( GEOMETRIC_REPRESENTATION_CONTEXT ( 3 ) GLOBAL_UNCERTAINTY_ASSIGNED_CONTEXT ( ( #9665 ) ) GLOBAL_UNIT_ASSIGNED_CONTEXT ( ( #8350, #3125, #9233 ) ) REPRESENTATION_CONTEXT ( 'NONE', 'WORKASPACE' ) );
#6585 = CARTESIAN_POINT ( 'NONE',  ( -16.90766411300430900, 27.37173518032667700, 0.6291374059547301100 ) ) ;
#6586 = PLANE ( 'NONE',  #4104 ) ;
#6587 = COLOUR_RGB ( '',0.9803921568627450600, 0.6274509803921568500, 0.0000000000000000000 ) ;
#6588 =( BOUNDED_CURVE ( )  B_SPLINE_CURVE ( 3, ( #7270, #1190, #8142, #2922 ),
 .UNSPECIFIED., .F., .T. ) 
 B_SPLINE_CURVE_WITH_KNOTS ( ( 4, 4 ),
 ( 0.1358733405761344000, 1.408396502625649700 ),
 .UNSPECIFIED. ) 
 CURVE ( )  GEOMETRIC_REPRESENTATION_ITEM ( )  RATIONAL_B_SPLINE_CURVE ( ( 1.000000000000000000, 0.8695484763366244700, 0.8695484763366244700, 1.000000000000000000 ) ) 
 REPRESENTATION_ITEM ( '' )  );
#6589 = VERTEX_POINT ( 'NONE', #10319 ) ;
#6590 = ORIENTED_EDGE ( 'NONE', *, *, #9967, .F. ) ;
#6591 = CYLINDRICAL_SURFACE ( 'NONE', #3669, 9.764999999999998800 ) ;
#6592 = CARTESIAN_POINT ( 'NONE',  ( -18.76211526869931800, 24.61026365718639800, 0.9941492253459731600 ) ) ;
#6593 = EDGE_CURVE ( 'NONE', #4511, #9327, #8827, .T. ) ;
#6594 = SURFACE_SIDE_STYLE ('',( #3315 ) ) ;
#6595 = CARTESIAN_POINT ( 'NONE',  ( -17.36957243929707000, 28.36993913954398000, -1.091776946877250700 ) ) ;
#6596 =( LENGTH_UNIT ( ) NAMED_UNIT ( * ) SI_UNIT ( .MILLI., .METRE. ) );
#6597 = VERTEX_POINT ( 'NONE', #10278 ) ;
#6598 = CARTESIAN_POINT ( 'NONE',  ( -9.300000000000002500, 33.31999999999999300, 0.0000000000000000000 ) ) ;
#6599 = CARTESIAN_POINT ( 'NONE',  ( -17.83940629070000100, 25.93757326704999900, 1.650686255356999900 ) ) ;
#6601 = ORIENTED_EDGE ( 'NONE', *, *, #1833, .T. ) ;
#6600 = CARTESIAN_POINT ( 'NONE',  ( -1.195978250521102100, -17.13304714212787900, -34.26609428425575700 ) ) ;
#6602 = CARTESIAN_POINT ( 'NONE',  ( -17.51945024048706000, 26.31929100186666300, 1.153779678391972900 ) ) ;
#6603 = AXIS2_PLACEMENT_3D ( 'NONE', #5254, #43, #6122 ) ;
#6604 = FILL_AREA_STYLE ('',( #10048 ) ) ;
#6605 =( NAMED_UNIT ( * ) PLANE_ANGLE_UNIT ( ) SI_UNIT ( $, .RADIAN. ) );
#6606 = COLOUR_RGB ( '',0.7764705882352941300, 0.7568627450980391900, 0.7372549019607843600 ) ;
#6607 = VERTEX_POINT ( 'NONE', #11233 ) ;
#6608 = CARTESIAN_POINT ( 'NONE',  ( -0.6470537030290188800, -15.05000000000000100, -1.843093432716766700E-015 ) ) ;
#6609 = DIRECTION ( 'NONE',  ( -1.000000000000000000, -0.0000000000000000000, -0.0000000000000000000 ) ) ;
#6610 = CARTESIAN_POINT ( 'NONE',  ( -9.300000000000002500, 32.75999999999999800, -0.5000000000000000000 ) ) ;
#6611 = ORIENTED_EDGE ( 'NONE', *, *, #1538, .F. ) ;
#6612 = CARTESIAN_POINT ( 'NONE',  ( -18.50363529362186900, 24.24832098385779500, -1.670915627233750900 ) ) ;
#6613 = COLOUR_RGB ( '',1.000000000000000000, 1.000000000000000000, 0.9490196078431372100 ) ;
#6614 = CARTESIAN_POINT ( 'NONE',  ( -9.000000000000001800, 28.89999999999999900, -3.150000000000000400 ) ) ;
#6615 =( GEOMETRIC_REPRESENTATION_CONTEXT ( 3 ) GLOBAL_UNCERTAINTY_ASSIGNED_CONTEXT ( ( #8271 ) ) GLOBAL_UNIT_ASSIGNED_CONTEXT ( ( #7762, #2538, #8641 ) ) REPRESENTATION_CONTEXT ( 'NONE', 'WORKASPACE' ) );
#6616 = PRESENTATION_STYLE_ASSIGNMENT (( #7150 ) ) ;
#6617 = MECHANICAL_DESIGN_GEOMETRIC_PRESENTATION_REPRESENTATION (  '', ( #5475 ), #7221 ) ;
#6618 = EDGE_CURVE ( 'NONE', #7820, #2215, #11187, .T. ) ;
#6619 = ORIENTED_EDGE ( 'NONE', *, *, #9234, .T. ) ;
#6620 = CARTESIAN_POINT ( 'NONE',  ( -17.01002767766000200, 26.91526717984000400, -0.8192596605329003400 ) ) ;
#6621 = CARTESIAN_POINT ( 'NONE',  ( -19.27327827949465400, 28.15556593409760900, -0.1090913267361771500 ) ) ;
#6622 = UNCERTAINTY_MEASURE_WITH_UNIT (LENGTH_MEASURE( 1.000000000000000100E-005 ), #10070, 'distance_accuracy_value', 'NONE');
#6623 = ORIENTED_EDGE ( 'NONE', *, *, #6078, .T. ) ;
#6624 = DIRECTION ( 'NONE',  ( 1.000000000000000000, 0.0000000000000000000, -2.891205793294679300E-016 ) ) ;
#6625 = CYLINDRICAL_SURFACE ( 'NONE', #2855, 1.250000000000000000 ) ;
#6626 = ADVANCED_FACE ( 'NONE', ( #10901 ), #4239, .T. ) ;
#6627 = VERTEX_POINT ( 'NONE', #11306 ) ;
#6628 = VECTOR ( 'NONE', #4056, 1000.000000000000000 ) ;
#6629 = MECHANICAL_DESIGN_GEOMETRIC_PRESENTATION_REPRESENTATION (  '', ( #5485 ), #7233 ) ;
#6630 =( NAMED_UNIT ( * ) SI_UNIT ( $, .STERADIAN. ) SOLID_ANGLE_UNIT ( ) );
#6631 = PLANE ( 'NONE',  #2590 ) ;
#6632 = EDGE_CURVE ( 'NONE', #10459, #8519, #8370, .T. ) ;
#6633 = DIRECTION ( 'NONE',  ( 0.0000000000000000000, -1.000000000000000000, 0.0000000000000000000 ) ) ;
#6634 = DIRECTION ( 'NONE',  ( 0.0000000000000000000, -1.000000000000000000, 0.0000000000000000000 ) ) ;
#6635 =( NAMED_UNIT ( * ) PLANE_ANGLE_UNIT ( ) SI_UNIT ( $, .RADIAN. ) );
#6636 = DIRECTION ( 'NONE',  ( -1.000000000000000000, -0.0000000000000000000, 0.0000000000000000000 ) ) ;
#6637 =( NAMED_UNIT ( * ) PLANE_ANGLE_UNIT ( ) SI_UNIT ( $, .RADIAN. ) );
#6638 = CARTESIAN_POINT ( 'NONE',  ( -9.350000000000005000, 33.37999999999999500, -0.03000000000000000900 ) ) ;
#6639 = DIRECTION ( 'NONE',  ( -1.000000000000000000, -0.0000000000000000000, 0.0000000000000000000 ) ) ;
#6640 = UNCERTAINTY_MEASURE_WITH_UNIT (LENGTH_MEASURE( 1.000000000000000100E-005 ), #9706, 'distance_accuracy_value', 'NONE');
#6641 = ORIENTED_EDGE ( 'NONE', *, *, #5955, .T. ) ;
#6642 = CARTESIAN_POINT ( 'NONE',  ( -17.46379628057000100, 23.94635546437999800, 1.765592529041000600 ) ) ;
#6643 = PLANE ( 'NONE',  #4299 ) ;
#6644 =( LENGTH_UNIT ( ) NAMED_UNIT ( * ) SI_UNIT ( .MILLI., .METRE. ) );
#6645 = CARTESIAN_POINT ( 'NONE',  ( -9.298000000000000000, 33.27573601964000000, 0.03000000000000000200 ) ) ;
#6646 =( LENGTH_UNIT ( ) NAMED_UNIT ( * ) SI_UNIT ( .MILLI., .METRE. ) );
#6647 = CARTESIAN_POINT ( 'NONE',  ( -19.66501360732930700, 22.87423657268226400, 0.5228186894715728400 ) ) ;
#6648 = FACE_BOUND ( 'NONE', #690, .T. ) ;
#6649 = CARTESIAN_POINT ( 'NONE',  ( -19.42191341404000200, 26.34716611796000100, -1.176007528239000600 ) ) ;
#6650 = AXIS2_PLACEMENT_3D ( 'NONE', #8097, #2875, #8982 ) ;
#6651 = ORIENTED_EDGE ( 'NONE', *, *, #6618, .F. ) ;
#6652 = LINE ( 'NONE', #7372, #2031 ) ;
#6653 = ADVANCED_FACE ( 'NONE', ( #5681 ), #3483, .T. ) ;
#6654 =( NAMED_UNIT ( * ) PLANE_ANGLE_UNIT ( ) SI_UNIT ( $, .RADIAN. ) );
#6655 = CARTESIAN_POINT ( 'NONE',  ( -16.34914656614000400, 26.06249003169999400, -0.1588671700606000300 ) ) ;
#6656 = PRESENTATION_LAYER_ASSIGNMENT (  '', '', ( #5501 ) ) ;
#6657 = FACE_OUTER_BOUND ( 'NONE', #6511, .T. ) ;
#6658 = CARTESIAN_POINT ( 'NONE',  ( -18.13928850174999900, 28.32419414796999000, 1.320911314999999800 ) ) ;
#6659 =( NAMED_UNIT ( * ) PLANE_ANGLE_UNIT ( ) SI_UNIT ( $, .RADIAN. ) );
#6660 = CARTESIAN_POINT ( 'NONE',  ( -17.63171303040000400, 24.25838368550000400, 1.231184904715000100 ) ) ;
#6661 = DIRECTION ( 'NONE',  ( 0.0000000000000000000, 0.0000000000000000000, -1.000000000000000000 ) ) ;
#6662 = CARTESIAN_POINT ( 'NONE',  ( -18.99494019057741300, 28.08965219697135000, 0.7610811877002963100 ) ) ;
#6663 = ORIENTED_EDGE ( 'NONE', *, *, #5487, .F. ) ;
#6664 = CARTESIAN_POINT ( 'NONE',  ( -16.74998964497854800, 23.79751306008686400, -0.1627341260161039900 ) ) ;
#6665 = ADVANCED_FACE ( 'NONE', ( #71 ), #1272, .F. ) ;
#6666 = EDGE_CURVE ( 'NONE', #1867, #4569, #11117, .T. ) ;
#6667 = CARTESIAN_POINT ( 'NONE',  ( -18.00000000000000000, 27.66252753319940900, 1.249999999999999300 ) ) ;
#6668 = AXIS2_PLACEMENT_3D ( 'NONE', #2600, #10426, #10469 ) ;
#6669 = CARTESIAN_POINT ( 'NONE',  ( -13.92492461862615400, 17.59757270189561900, 5.714093722546531100 ) ) ;
#6670 = PRESENTATION_LAYER_ASSIGNMENT (  '', '', ( #5517 ) ) ;
#6671 = VERTEX_POINT ( 'NONE', #10527 ) ;
#6672 = LINE ( 'NONE', #9760, #8182 ) ;
#6673 =( NAMED_UNIT ( * ) PLANE_ANGLE_UNIT ( ) SI_UNIT ( $, .RADIAN. ) );
#6674 = FILL_AREA_STYLE_COLOUR ( '', #2096 ) ;
#6675 = PLANE ( 'NONE',  #7418 ) ;
#6676 = DIRECTION ( 'NONE',  ( -0.0000000000000000000, -1.000000000000000000, -0.0000000000000000000 ) ) ;
#6677 =( NAMED_UNIT ( * ) SI_UNIT ( $, .STERADIAN. ) SOLID_ANGLE_UNIT ( ) );
#6678 = COLOUR_RGB ( '',0.9803921568627450600, 0.6274509803921568500, 0.0000000000000000000 ) ;
#6679 = CARTESIAN_POINT ( 'NONE',  ( -9.400000000000005700, 32.20000000000000300, 0.0000000000000000000 ) ) ;
#6680 = CARTESIAN_POINT ( 'NONE',  ( -17.14177664180000700, 23.13439649413999900, -1.633488301482000100 ) ) ;
#6681 = ADVANCED_FACE ( 'NONE', ( #5915 ), #10601, .F. ) ;
#6682 = FACE_BOUND ( 'NONE', #5627, .T. ) ;
#6683 = AXIS2_PLACEMENT_3D ( 'NONE', #4886, #11007, #5761 ) ;
#6684 = CARTESIAN_POINT ( 'NONE',  ( -33.00000000000000000, 22.50000000000000000, 0.0000000000000000000 ) ) ;
#6685 = ORIENTED_EDGE ( 'NONE', *, *, #8145, .F. ) ;
#6686 = VECTOR ( 'NONE', #6241, 1000.000000000000000 ) ;
#6687 = CARTESIAN_POINT ( 'NONE',  ( -0.05597972129318612400, 15.46179454901447200, 30.92358909802895200 ) ) ;
#6688 = MECHANICAL_DESIGN_GEOMETRIC_PRESENTATION_REPRESENTATION (  '', ( #5531 ), #7287 ) ;
#6689 = EDGE_CURVE ( 'NONE', #6607, #2391, #2766, .T. ) ;
#6690 = CARTESIAN_POINT ( 'NONE',  ( -16.57563522358000800, 25.99306860830000300, 1.173037245051999900 ) ) ;
#6691 =( NAMED_UNIT ( * ) PLANE_ANGLE_UNIT ( ) SI_UNIT ( $, .RADIAN. ) );
#6692 = FACE_OUTER_BOUND ( 'NONE', #10115, .T. ) ;
#6693 = CARTESIAN_POINT ( 'NONE',  ( -17.81364176544000000, 25.53520714772000800, 1.835783757339999800 ) ) ;
#6694 = FILL_AREA_STYLE_COLOUR ( '', #1402 ) ;
#6695 = CARTESIAN_POINT ( 'NONE',  ( -1.195978250521092700, 15.11695286011187600, 3.702585586599486600E-015 ) ) ;
#6696 = ORIENTED_EDGE ( 'NONE', *, *, #7045, .F. ) ;
#6697 = LINE ( 'NONE', #4078, #2066 ) ;
#6698 = CARTESIAN_POINT ( 'NONE',  ( -17.85485077140000600, 27.57469356006000200, -1.464566117376999700 ) ) ;
#6699 = DIRECTION ( 'NONE',  ( 0.0000000000000000000, 0.0000000000000000000, 1.000000000000000000 ) ) ;
#6700 = CARTESIAN_POINT ( 'NONE',  ( -17.39758266775000500, 23.44642471525999400, -1.135044029676000300 ) ) ;
#6701 = VECTOR ( 'NONE', #7108, 1000.000000000000000 ) ;
#6702 = CARTESIAN_POINT ( 'NONE',  ( -9.400000000000005700, 32.82000000000000000, 0.0000000000000000000 ) ) ;
#6703 =( LENGTH_UNIT ( ) NAMED_UNIT ( * ) SI_UNIT ( .MILLI., .METRE. ) );
#6704 = PLANE ( 'NONE',  #11323 ) ;
#6705 = EDGE_CURVE ( 'NONE', #9767, #5014, #8216, .T. ) ;
#6706 = CARTESIAN_POINT ( 'NONE',  ( -17.23250120923144400, 27.86016010128310000, -1.000333275547111700 ) ) ;
#6707 = EDGE_LOOP ( 'NONE', ( #1671, #6029, #3424, #5479 ) ) ;
#6708 = CARTESIAN_POINT ( 'NONE',  ( -17.10789073007000400, 26.30509682942000200, 0.7409832282084001200 ) ) ;
#6709 = SURFACE_STYLE_FILL_AREA ( #6911 ) ;
#6710 = FILL_AREA_STYLE ('',( #1588 ) ) ;
#6711 = SURFACE_SIDE_STYLE ('',( #7563 ) ) ;
#6712 = VERTEX_POINT ( 'NONE', #6266 ) ;
#6713 = CARTESIAN_POINT ( 'NONE',  ( -19.09238519138514800, 23.62054820753865800, -0.6290417127310460300 ) ) ;
#6714 = SURFACE_STYLE_USAGE ( .BOTH. , #662 ) ;
#6715 = SURFACE_STYLE_USAGE ( .BOTH. , #6560 ) ;
#6716 = ORIENTED_EDGE ( 'NONE', *, *, #7844, .T. ) ;
#6717 = CARTESIAN_POINT ( 'NONE',  ( -3.829139783805250600, 11.66190378969060100, -15.00000000000000400 ) ) ;
#6718 =( NAMED_UNIT ( * ) PLANE_ANGLE_UNIT ( ) SI_UNIT ( $, .RADIAN. ) );
#6719 = CARTESIAN_POINT ( 'NONE',  ( -16.54091276250000000, 24.60578184458999500, 0.7878157521286999200 ) ) ;
#6720 = STYLED_ITEM ( 'NONE', ( #4540 ), #1283 ) ;
#6721 = CARTESIAN_POINT ( 'NONE',  ( 0.0000000000000000000, 15.75136280581475400, 9.892146873131009600 ) ) ;
#6722 = DIRECTION ( 'NONE',  ( 1.000000000000000000, -0.0000000000000000000, -0.0000000000000000000 ) ) ;
#6723 = ADVANCED_FACE ( 'NONE', ( #9460 ), #1685, .T. ) ;
#6724 = VERTEX_POINT ( 'NONE', #8058 ) ;
#6725 = CARTESIAN_POINT ( 'NONE',  ( -19.21705343878339200, 27.64190589109635700, -0.3283178155809709000 ) ) ;
#6726 = ORIENTED_EDGE ( 'NONE', *, *, #937, .T. ) ;
#6727 = CARTESIAN_POINT ( 'NONE',  ( -18.19019816015000000, 25.18110963806000100, -1.835389891240000000 ) ) ;
#6728 = DIRECTION ( 'NONE',  ( 0.0000000000000000000, -1.000000000000000000, 0.0000000000000000000 ) ) ;
#6729 = CARTESIAN_POINT ( 'NONE',  ( -16.84335134874000100, 24.72324817747999900, -1.437862604716999800 ) ) ;
#6730 = SURFACE_STYLE_FILL_AREA ( #7996 ) ;
#6731 = LINE ( 'NONE', #9366, #4417 ) ;
#6732 = EDGE_LOOP ( 'NONE', ( #5247, #3220 ) ) ;
#6733 = FACE_OUTER_BOUND ( 'NONE', #5523, .T. ) ;
#6734 = UNCERTAINTY_MEASURE_WITH_UNIT (LENGTH_MEASURE( 1.000000000000000100E-005 ), #3364, 'distance_accuracy_value', 'NONE');
#6735 = EDGE_CURVE ( 'NONE', #9773, #8876, #10977, .T. ) ;
#6736 = ORIENTED_EDGE ( 'NONE', *, *, #128, .F. ) ;
#6737 = AXIS2_PLACEMENT_3D ( 'NONE', #7031, #6195, #9790 ) ;
#6738 = CARTESIAN_POINT ( 'NONE',  ( -19.13187146531000200, 26.76273458981999900, 0.9406856433383001800 ) ) ;
#6739 = SURFACE_STYLE_FILL_AREA ( #3280 ) ;
#6740 = PRESENTATION_LAYER_ASSIGNMENT (  '', '', ( #5582 ) ) ;
#6741 = DIRECTION ( 'NONE',  ( -1.000000000000000000, 0.0000000000000000000, 0.0000000000000000000 ) ) ;
#6742 = CARTESIAN_POINT ( 'NONE',  ( -19.22598360620000300, 22.63446574502000200, 0.3849621045008000400 ) ) ;
#6743 = STYLED_ITEM ( 'NONE', ( #7697 ), #9152 ) ;
#6744 = DIRECTION ( 'NONE',  ( -0.0000000000000000000, -1.000000000000000000, -0.0000000000000000000 ) ) ;
#6745 = LINE ( 'NONE', #4949, #9072 ) ;
#6746 = CARTESIAN_POINT ( 'NONE',  ( -9.400000000000005700, 32.25999999999999800, -0.3500000000000000900 ) ) ;
#6747 = ORIENTED_EDGE ( 'NONE', *, *, #9041, .T. ) ;
#6748 = FACE_BOUND ( 'NONE', #1779, .T. ) ;
#6749 = FILL_AREA_STYLE_COLOUR ( '', #2324 ) ;
#6750 = COLOUR_RGB ( '',0.1098039215686274500, 0.1098039215686274500, 0.1098039215686274500 ) ;
#6751 = SURFACE_STYLE_USAGE ( .BOTH. , #691 ) ;
#6752 = CARTESIAN_POINT ( 'NONE',  ( -17.83487563504879600, 25.90159952614942500, -1.249999999999964300 ) ) ;
#6753 = DIRECTION ( 'NONE',  ( -1.000000000000000000, 0.0000000000000000000, 0.0000000000000000000 ) ) ;
#6754 = MECHANICAL_DESIGN_GEOMETRIC_PRESENTATION_REPRESENTATION (  '', ( #5034 ), #7350 ) ;
#6755 = ORIENTED_EDGE ( 'NONE', *, *, #10767, .T. ) ;
#6756 = VERTEX_POINT ( 'NONE', #4587 ) ;
#6757 =( NAMED_UNIT ( * ) SI_UNIT ( $, .STERADIAN. ) SOLID_ANGLE_UNIT ( ) );
#6758 = DIRECTION ( 'NONE',  ( -1.000000000000000000, -0.0000000000000000000, -0.0000000000000000000 ) ) ;
#6759 = AXIS2_PLACEMENT_3D ( 'NONE', #484, #6546, #1348 ) ;
#6760 = ORIENTED_EDGE ( 'NONE', *, *, #5457, .T. ) ;
#6761 = CARTESIAN_POINT ( 'NONE',  ( -18.48525782068999800, 23.79382287435000300, -1.585900477985000100 ) ) ;
#6762 = FACE_OUTER_BOUND ( 'NONE', #2984, .T. ) ;
#6763 = CARTESIAN_POINT ( 'NONE',  ( -14.45126576743102700, 17.83872059344999200, -4.932682791347205300 ) ) ;
#6764 = CARTESIAN_POINT ( 'NONE',  ( -18.00000000000005700, 24.16192077896768000, 1.250000000000000000 ) ) ;
#6765 = CIRCLE ( 'NONE', #4353, 15.05000000000000100 ) ;
#6766 = VERTEX_POINT ( 'NONE', #1967 ) ;
#6767 = CARTESIAN_POINT ( 'NONE',  ( -16.84860520405000300, 26.59003660618999700, 0.9563449922611001500 ) ) ;
#6768 = CARTESIAN_POINT ( 'NONE',  ( -0.3040217494789084800, 15.11695286011187800, -30.23390572022374900 ) ) ;
#6769 = PRESENTATION_STYLE_ASSIGNMENT (( #1673 ) ) ;
#6770 = CARTESIAN_POINT ( 'NONE',  ( -17.99999999999964100, 23.16190584224041200, 1.250000000000000200 ) ) ;
#6771 = UNCERTAINTY_MEASURE_WITH_UNIT (LENGTH_MEASURE( 1.000000000000000100E-005 ), #475, 'distance_accuracy_value', 'NONE');
#6772 = ORIENTED_EDGE ( 'NONE', *, *, #3303, .T. ) ;
#6773 = CARTESIAN_POINT ( 'NONE',  ( -18.99894650675088300, 23.58881946227799300, 0.7688520478264959700 ) ) ;
#6774 = DIRECTION ( 'NONE',  ( 1.000000000000000000, -0.0000000000000000000, -0.0000000000000000000 ) ) ;
#6775 = PRESENTATION_LAYER_ASSIGNMENT (  '', '', ( #6191 ) ) ;
#6776 = EDGE_CURVE ( 'NONE', #8129, #2155, #10707, .T. ) ;
#6777 = PRESENTATION_STYLE_ASSIGNMENT (( #8113 ) ) ;
#6778 = VERTEX_POINT ( 'NONE', #2829 ) ;
#6779 = ORIENTED_EDGE ( 'NONE', *, *, #5770, .T. ) ;
#6780 = CARTESIAN_POINT ( 'NONE',  ( -19.04526794206999800, 28.23411994027999600, -1.287594997518999500 ) ) ;
#6781 = CARTESIAN_POINT ( 'NONE',  ( -17.23807552433589400, 25.36066371132693200, -0.9943053280429131600 ) ) ;
#6782 = CARTESIAN_POINT ( 'NONE',  ( -18.42472760717000200, 24.10585109547999100, -1.409122841731999900 ) ) ;
#6783 = LINE ( 'NONE', #6425, #8834 ) ;
#6785 = SURFACE_STYLE_FILL_AREA ( #3871 ) ;
#6784 = CARTESIAN_POINT ( 'NONE',  ( -18.00000000000000400, 18.89444362769117100, -2.000000000000126100 ) ) ;
#6786 = CARTESIAN_POINT ( 'NONE',  ( -16.99896177883526600, 23.46532419328644200, -0.7665552991151241000 ) ) ;
#6787 = SURFACE_STYLE_FILL_AREA ( #3084 ) ;
#6788 = MECHANICAL_DESIGN_GEOMETRIC_PRESENTATION_REPRESENTATION (  '', ( #5065 ), #7384 ) ;
#6789 = MANIFOLD_SOLID_BREP ( 'Körper-Verschieben/Kopieren1[1]', #3787 ) ;
#6790 = ORIENTED_EDGE ( 'NONE', *, *, #1798, .T. ) ;
#6791 = AXIS2_PLACEMENT_3D ( 'NONE', #7490, #2253, #8362 ) ;
#6792 = DIRECTION ( 'NONE',  ( 0.0000000000000000000, 1.000000000000000000, 0.0000000000000000000 ) ) ;
#6793 = PLANE ( 'NONE',  #11168 ) ;
#6794 = CARTESIAN_POINT ( 'NONE',  ( -18.00000000000000400, 28.41093935102359700, 0.0000000000000000000 ) ) ;
#6795 = CIRCLE ( 'NONE', #8398, 16.70000000000000600 ) ;
#6796 = CARTESIAN_POINT ( 'NONE',  ( -16.90724308064152100, 25.74563428465928900, 0.6286313849116488300 ) ) ;
#6797 = FILL_AREA_STYLE_COLOUR ( '', #4308 ) ;
#6798 = SURFACE_SIDE_STYLE ('',( #8672 ) ) ;
#6799 = SURFACE_STYLE_USAGE ( .BOTH. , #731 ) ;
#6800 = FACE_OUTER_BOUND ( 'NONE', #700, .T. ) ;
#6801 = CARTESIAN_POINT ( 'NONE',  ( -18.76829631689000200, 22.98186390411000300, 1.469789515329999800 ) ) ;
#6802 = ORIENTED_EDGE ( 'NONE', *, *, #5551, .F. ) ;
#6803 = DIRECTION ( 'NONE',  ( 0.0000000000000000000, 0.0000000000000000000, 1.000000000000000000 ) ) ;
#6804 = PRESENTATION_STYLE_ASSIGNMENT (( #1159 ) ) ;
#6805 = CARTESIAN_POINT ( 'NONE',  ( -18.76762566340614000, 27.46490002647356500, -1.000214094675088600 ) ) ;
#6806 = EDGE_CURVE ( 'NONE', #10039, #4825, #9858, .T. ) ;
#6807 = CARTESIAN_POINT ( 'NONE',  ( -19.28241990035000000, 25.84053601827000100, -1.051643797994999700 ) ) ;
#6808 = CARTESIAN_POINT ( 'NONE',  ( -17.00580499619880100, 23.33886928532808000, -0.7620594407133640700 ) ) ;
#6809 = AXIS2_PLACEMENT_3D ( 'NONE', #2759, #8856, #3638 ) ;
#6810 = PRESENTATION_LAYER_ASSIGNMENT (  '', '', ( #5640 ) ) ;
#6811 = FILL_AREA_STYLE ('',( #6694 ) ) ;
#6812 = CARTESIAN_POINT ( 'NONE',  ( -16.70000000000000600, 28.89999999999999500, 8.300000000000000700 ) ) ;
#6813 =( GEOMETRIC_REPRESENTATION_CONTEXT ( 3 ) GLOBAL_UNCERTAINTY_ASSIGNED_CONTEXT ( ( #4396 ) ) GLOBAL_UNIT_ASSIGNED_CONTEXT ( ( #8928, #3708, #9810 ) ) REPRESENTATION_CONTEXT ( 'NONE', 'WORKASPACE' ) );
#6814 = COLOUR_RGB ( '',1.000000000000000000, 1.000000000000000000, 0.9490196078431372100 ) ;
#6815 = VERTEX_POINT ( 'NONE', #9818 ) ;
#6816 = VERTEX_POINT ( 'NONE', #11258 ) ;
#6817 = SURFACE_STYLE_FILL_AREA ( #7313 ) ;
#6818 = CARTESIAN_POINT ( 'NONE',  ( -18.16011330105000400, 27.42216097004000000, 1.650732931001000400 ) ) ;
#6819 = CARTESIAN_POINT ( 'NONE',  ( -17.83487549355586000, 25.17337335262641300, 1.250000000000041300 ) ) ;
#6820 = CARTESIAN_POINT ( 'NONE',  ( -18.68724059404999600, 23.29389212523000200, 1.301430972706000100 ) ) ;
#6821 = VECTOR ( 'NONE', #3348, 1000.000000000000000 ) ;
#6822 = DIRECTION ( 'NONE',  ( 0.0000000000000000000, 1.000000000000000000, 0.0000000000000000000 ) ) ;
#6823 = COLOUR_RGB ( '',0.0000000000000000000, 0.0000000000000000000, 0.0000000000000000000 ) ;
#6824 = VERTEX_POINT ( 'NONE', #917 ) ;
#6825 = COLOUR_RGB ( '',0.1098039215686274500, 0.1098039215686274500, 0.1098039215686274500 ) ;
#6826 = EDGE_CURVE ( 'NONE', #6467, #7317, #9599, .T. ) ;
#6827 = CARTESIAN_POINT ( 'NONE',  ( -18.99921839429555300, 25.08920086065326100, 0.7685409790811514900 ) ) ;
#6828 = FILL_AREA_STYLE ('',( #8630 ) ) ;
#6829 = STYLED_ITEM ( 'NONE', ( #9131 ), #9575 ) ;
#6830 = DIRECTION ( 'NONE',  ( 0.0000000000000000000, 1.000000000000000000, 0.0000000000000000000 ) ) ;
#6831 = DIRECTION ( 'NONE',  ( 0.0000000000000000000, -1.000000000000000000, -4.128737727286349000E-015 ) ) ;
#6832 =( NAMED_UNIT ( * ) PLANE_ANGLE_UNIT ( ) SI_UNIT ( $, .RADIAN. ) );
#6833 = CARTESIAN_POINT ( 'NONE',  ( -18.16317498417281900, 26.92250397016833900, -1.241989478283828600 ) ) ;
#6834 = DIRECTION ( 'NONE',  ( 0.0000000000000000000, 0.0000000000000000000, -1.000000000000000000 ) ) ;
#6835 = VERTEX_POINT ( 'NONE', #1792 ) ;
#6836 = CARTESIAN_POINT ( 'NONE',  ( -1.500000000000001300, 0.0000000000000000000, 0.0000000000000000000 ) ) ;
#6837 = UNCERTAINTY_MEASURE_WITH_UNIT (LENGTH_MEASURE( 1.000000000000000100E-005 ), #9187, 'distance_accuracy_value', 'NONE');
#6838 = VECTOR ( 'NONE', #4786, 1000.000000000000000 ) ;
#6839 = CARTESIAN_POINT ( 'NONE',  ( -19.29636485949000100, 24.45324925457000400, -0.6967526652950000200 ) ) ;
#6840 = PRESENTATION_LAYER_ASSIGNMENT (  '', '', ( #5678 ) ) ;
#6841 = CARTESIAN_POINT ( 'NONE',  ( -18.32720580166419600, 27.64132870409979900, 1.217500586630999600 ) ) ;
#6842 = EDGE_CURVE ( 'NONE', #5867, #3848, #5230, .T. ) ;
#6843 = ORIENTED_EDGE ( 'NONE', *, *, #8977, .T. ) ;
#6844 = CARTESIAN_POINT ( 'NONE',  ( -17.82559968002000200, 25.02857704802999800, 1.649284804458000200 ) ) ;
#6845 = DIRECTION ( 'NONE',  ( 0.0000000000000000000, 1.000000000000000000, 0.0000000000000000000 ) ) ;
#6846 = SURFACE_SIDE_STYLE ('',( #10407 ) ) ;
#6847 = DIRECTION ( 'NONE',  ( -1.000000000000000000, -0.0000000000000000000, 0.0000000000000000000 ) ) ;
#6848 = CARTESIAN_POINT ( 'NONE',  ( -16.72676347125000300, 26.61020199978999700, -1.062711009733000100 ) ) ;
#6849 = ORIENTED_EDGE ( 'NONE', *, *, #6245, .F. ) ;
#6850 = LINE ( 'NONE', #11162, #9170 ) ;
#6851 = CARTESIAN_POINT ( 'NONE',  ( -16.83840587885000800, 22.50275261577000300, -0.7318900302625999100 ) ) ;
#6852 = CARTESIAN_POINT ( 'NONE',  ( -17.41893634569200300, 28.81282721752008800, -1.267533955339250600 ) ) ;
#6853 = MECHANICAL_DESIGN_GEOMETRIC_PRESENTATION_REPRESENTATION (  '', ( #5691 ), #7445 ) ;
#6854 = COLOUR_RGB ( '',0.0000000000000000000, 0.0000000000000000000, 0.0000000000000000000 ) ;
#6855 = CARTESIAN_POINT ( 'NONE',  ( -16.56863803542000500, 28.10224013454999400, -1.164491509379000000 ) ) ;
#6856 = EDGE_CURVE ( 'NONE', #6589, #4668, #6308, .T. ) ;
#6857 = EDGE_LOOP ( 'NONE', ( #209, #1698, #10718, #10427, #10146 ) ) ;
#6858 = CARTESIAN_POINT ( 'NONE',  ( -19.25010505644884900, 27.17323713783239500, 0.1621685699858250500 ) ) ;
#6859 = DIRECTION ( 'NONE',  ( -0.0000000000000000000, -0.0000000000000000000, -1.000000000000000000 ) ) ;
#6860 = EDGE_LOOP ( 'NONE', ( #4881, #9978, #5387, #2949, #9287, #9748, #4741, #9948 ) ) ;
#6861 = VECTOR ( 'NONE', #5715, 1000.000000000000000 ) ;
#6862 = FACE_BOUND ( 'NONE', #9605, .T. ) ;
#6863 = PRESENTATION_STYLE_ASSIGNMENT (( #792 ) ) ;
#6864 = CYLINDRICAL_SURFACE ( 'NONE', #6363, 1.250000000000000000 ) ;
#6865 = UNCERTAINTY_MEASURE_WITH_UNIT (LENGTH_MEASURE( 1.000000000000000100E-005 ), #5901, 'distance_accuracy_value', 'NONE');
#6866 = DIRECTION ( 'NONE',  ( 1.000000000000000000, -0.0000000000000000000, -0.0000000000000000000 ) ) ;
#6867 =( LENGTH_UNIT ( ) NAMED_UNIT ( * ) SI_UNIT ( .MILLI., .METRE. ) );
#6868 = DIRECTION ( 'NONE',  ( -0.2249510543426638000, -0.9743700647855124700, 0.0000000000000000000 ) ) ;
#6869 = SURFACE_SIDE_STYLE ('',( #1203 ) ) ;
#6871 = ORIENTED_EDGE ( 'NONE', *, *, #4183, .T. ) ;
#6870 = CARTESIAN_POINT ( 'NONE',  ( -3.500000000000003100, 29.00000000000000000, 14.00000000000000200 ) ) ;
#6872 = SURFACE_SIDE_STYLE ('',( #4177 ) ) ;
#6873 = PRESENTATION_STYLE_ASSIGNMENT (( #1202 ) ) ;
#6874 = CARTESIAN_POINT ( 'NONE',  ( -17.56643729822000200, 23.64129028433000500, 1.406430088670999900 ) ) ;
#6875 = AXIS2_PLACEMENT_3D ( 'NONE', #3416, #9536, #4282 ) ;
#6876 = CYLINDRICAL_SURFACE ( 'NONE', #768, 17.19999998988806300 ) ;
#6877 = PRESENTATION_STYLE_ASSIGNMENT (( #2291 ) ) ;
#6878 = CARTESIAN_POINT ( 'NONE',  ( -19.27435326848200600, 28.90009795209105900, 0.9252631208235532200 ) ) ;
#6879 = CARTESIAN_POINT ( 'NONE',  ( -19.46524833390000400, 26.49996239848999800, 0.1378940776612000200 ) ) ;
#6880 = ORIENTED_EDGE ( 'NONE', *, *, #6490, .T. ) ;
#6881 = CARTESIAN_POINT ( 'NONE',  ( -18.32735015035504800, 23.26706177760701200, 1.217479028614334000 ) ) ;
#6882 = SURFACE_STYLE_USAGE ( .BOTH. , #6846 ) ;
#6883 = CARTESIAN_POINT ( 'NONE',  ( -9.350000000000005000, 33.31999999999999300, 0.8000000000000000400 ) ) ;
#6884 = B_SPLINE_CURVE_WITH_KNOTS ( 'NONE', 3,
 ( #243, #5484, #1149, #7232, #2014, #8103, #2881, #8987, #3770, #9868, #4641, #10780, #5516, #318 ),
 .UNSPECIFIED., .F., .F.,
 ( 4, 2, 2, 2, 2, 2, 4 ),
 ( 0.0000000000000000000, 0.2500000000000005000, 0.3750000000000003900, 0.5000000000000003300, 0.6250000000000002200, 0.7500000000000001100, 1.000000000000000000 ),
 .UNSPECIFIED. ) ;
#6885 = LINE ( 'NONE', #5450, #2243 ) ;
#6886 = ORIENTED_EDGE ( 'NONE', *, *, #7942, .F. ) ;
#6887 = EDGE_CURVE ( 'NONE', #10851, #5067, #608, .T. ) ;
#6888 = STYLED_ITEM ( 'NONE', ( #2618 ), #3937 ) ;
#6889 = CARTESIAN_POINT ( 'NONE',  ( -16.83401155732000400, 28.08158735024999700, 1.430140829231000300 ) ) ;
#6890 =( GEOMETRIC_REPRESENTATION_CONTEXT ( 3 ) GLOBAL_UNCERTAINTY_ASSIGNED_CONTEXT ( ( #9218 ) ) GLOBAL_UNIT_ASSIGNED_CONTEXT ( ( #4608, #10744, #5490 ) ) REPRESENTATION_CONTEXT ( 'NONE', 'WORKASPACE' ) );
#6891 = EDGE_LOOP ( 'NONE', ( #5622, #2403, #3458, #8275 ) ) ;
#6892 = CARTESIAN_POINT ( 'NONE',  ( -17.51806083451000600, 23.95331850545000300, 1.586912136560000300 ) ) ;
#6893 = AXIS2_PLACEMENT_3D ( 'NONE', #1682, #9498, #7769 ) ;
#6894 = CARTESIAN_POINT ( 'NONE',  ( -17.67275467227545600, 23.80801894155027700, 1.217478905735928800 ) ) ;
#6895 = CARTESIAN_POINT ( 'NONE',  ( -16.86393057270000600, 25.90273071009000100, 0.9356112796710001100 ) ) ;
#6896 = VECTOR ( 'NONE', #6980, 1000.000000000000000 ) ;
#6897 = CARTESIAN_POINT ( 'NONE',  ( -18.16516383628868800, 25.54769428287345100, -1.250001033062799500 ) ) ;
#6898 = CARTESIAN_POINT ( 'NONE',  ( -19.83678463233000500, 27.29028116430999900, -0.1762203440861000400 ) ) ;
#6899 = CIRCLE ( 'NONE', #1993, 17.20000000223977600 ) ;
#6900 = CARTESIAN_POINT ( 'NONE',  ( -18.32713802787068500, 25.14084127607620900, 1.217513842326352300 ) ) ;
#6901 = CIRCLE ( 'NONE', #1817, 11.60000000000000000 ) ;
#6902 = DIRECTION ( 'NONE',  ( -1.000000000000000000, -0.0000000000000000000, -0.0000000000000000000 ) ) ;
#6903 = EDGE_LOOP ( 'NONE', ( #746, #7432, #1613, #2334, #7002, #8958, #10945, #6726, #3663, #24, #6755, #8409 ) ) ;
#6904 = CLOSED_SHELL ( 'NONE', ( #7425, #5613, #6473, #4043, #5853, #9839, #8263, #10423, #3949, #7758, #455, #9124, #9985, #10830 ) ) ;
#6905 =( NAMED_UNIT ( * ) PLANE_ANGLE_UNIT ( ) SI_UNIT ( $, .RADIAN. ) );
#6906 = FILL_AREA_STYLE ('',( #10394 ) ) ;
#6907 = CARTESIAN_POINT ( 'NONE',  ( -0.8529462969710034400, 17.20000000223976900, 34.40000000447955100 ) ) ;
#6908 = CARTESIAN_POINT ( 'NONE',  ( -19.09227008601051500, 26.99502725776065400, -0.6292855039120059900 ) ) ;
#6909 = PRESENTATION_LAYER_ASSIGNMENT (  '', '', ( #6331 ) ) ;
#6910 =( NAMED_UNIT ( * ) PLANE_ANGLE_UNIT ( ) SI_UNIT ( $, .RADIAN. ) );
#6911 = FILL_AREA_STYLE ('',( #3520 ) ) ;
#6912 = AXIS2_PLACEMENT_3D ( 'NONE', #1200, #324, #4689 ) ;
#6913 = EDGE_CURVE ( 'NONE', #1187, #6188, #4956, .T. ) ;
#6914 = EDGE_LOOP ( 'NONE', ( #3620, #7847, #8807, #5010, #5279 ) ) ;
#6915 = CARTESIAN_POINT ( 'NONE',  ( -17.32083007298000500, 22.82933131408999800, -1.305369492162999900 ) ) ;
#6916 = LINE ( 'NONE', #1445, #2269 ) ;
#6917 = UNCERTAINTY_MEASURE_WITH_UNIT (LENGTH_MEASURE( 1.000000000000000100E-005 ), #5825, 'distance_accuracy_value', 'NONE');
#6918 = SURFACE_STYLE_FILL_AREA ( #2217 ) ;
#6919 = CARTESIAN_POINT ( 'NONE',  ( -19.50954657554707300, 28.90000000000001600, 0.04979613241307098000 ) ) ;
#6920 = CARTESIAN_POINT ( 'NONE',  ( -16.86002603315000300, 25.68800342825000300, 0.9308499157457002000 ) ) ;
#6921 = VERTEX_POINT ( 'NONE', #7905 ) ;
#6922 =( LENGTH_UNIT ( ) NAMED_UNIT ( * ) SI_UNIT ( .MILLI., .METRE. ) );
#6923 = VECTOR ( 'NONE', #3387, 1000.000000000000000 ) ;
#6924 = MECHANICAL_DESIGN_GEOMETRIC_PRESENTATION_REPRESENTATION (  '', ( #5768 ), #7514 ) ;
#6925 = FACE_OUTER_BOUND ( 'NONE', #9446, .T. ) ;
#6926 = EDGE_CURVE ( 'NONE', #2174, #123, #2621, .T. ) ;
#6927 = CARTESIAN_POINT ( 'NONE',  ( -17.82570096641000700, 27.26962838001000500, -1.836967948056000200 ) ) ;
#6928 = CARTESIAN_POINT ( 'NONE',  ( -3.000000000000982300, 28.50000000000000400, 14.58578643762833400 ) ) ;
#6929 = CARTESIAN_POINT ( 'NONE',  ( -17.22863002613000200, 23.14135953520999700, -1.468177038544000100 ) ) ;
#6930 = CARTESIAN_POINT ( 'NONE',  ( -17.23196095220342600, 23.98575338227911800, -0.9999003559891040900 ) ) ;
#6931 = VERTEX_POINT ( 'NONE', #5345 ) ;
#6932 = VECTOR ( 'NONE', #8237, 1000.000000000000000 ) ;
#6933 = CARTESIAN_POINT ( 'NONE',  ( -16.81661038363000000, 26.47832219406000200, 1.415353070946000000 ) ) ;
#6934 =( NAMED_UNIT ( * ) SI_UNIT ( $, .STERADIAN. ) SOLID_ANGLE_UNIT ( ) );
#6935 = CIRCLE ( 'NONE', #8678, 0.5000000000000000000 ) ;
#6936 = CARTESIAN_POINT ( 'NONE',  ( -17.17376465404878900, 24.84503041295538500, 0.9415343064225356600 ) ) ;
#6937 = DIRECTION ( 'NONE',  ( 0.0000000000000000000, 0.0000000000000000000, -1.000000000000000000 ) ) ;
#6938 = MECHANICAL_DESIGN_GEOMETRIC_PRESENTATION_REPRESENTATION (  '', ( #5209 ), #7529 ) ;
#6939 = COLOUR_RGB ( '',0.1098039215686274500, 0.1098039215686274500, 0.1098039215686274500 ) ;
#6940 = STYLED_ITEM ( 'NONE', ( #6328 ), #899 ) ;
#6941 = ORIENTED_EDGE ( 'NONE', *, *, #4985, .T. ) ;
#6942 = CYLINDRICAL_SURFACE ( 'NONE', #2886, 1.250000000000000000 ) ;
#6943 =( LENGTH_UNIT ( ) NAMED_UNIT ( * ) SI_UNIT ( .MILLI., .METRE. ) );
#6944 = CARTESIAN_POINT ( 'NONE',  ( -18.21258473053327300, 28.55240000637983000, -1.236372696040070700 ) ) ;
#6945 = CARTESIAN_POINT ( 'NONE',  ( -1.499999999999999800, 16.30043030675197700, 3.992453959977663100E-015 ) ) ;
#6946 = CARTESIAN_POINT ( 'NONE',  ( -18.00000000000000000, 27.16253823967096900, 1.250000000000001100 ) ) ;
#6947 = DIRECTION ( 'NONE',  ( 0.0000000000000000000, 0.0000000000000000000, 1.000000000000000000 ) ) ;
#6948 = UNCERTAINTY_MEASURE_WITH_UNIT (LENGTH_MEASURE( 1.000000000000000100E-005 ), #5845, 'distance_accuracy_value', 'NONE');
#6949 = CARTESIAN_POINT ( 'NONE',  ( -28.00000000000000700, 22.50000000000000400, -5.000000000000000000 ) ) ;
#6950 = CARTESIAN_POINT ( 'NONE',  ( -18.62701924475084100, 24.12096682221498900, 1.084441963295883700 ) ) ;
#6951 = CARTESIAN_POINT ( 'NONE',  ( -16.86685188224000600, 24.30071666454999900, 0.6059760056032000900 ) ) ;
#6952 = SURFACE_STYLE_FILL_AREA ( #9583 ) ;
#6953 = ORIENTED_EDGE ( 'NONE', *, *, #9684, .F. ) ;
#6954 = CIRCLE ( 'NONE', #9160, 0.2999999999999999300 ) ;
#6955 = SURFACE_SIDE_STYLE ('',( #10285 ) ) ;
#6956 = EDGE_CURVE ( 'NONE', #620, #6712, #9312, .T. ) ;
#6957 = CARTESIAN_POINT ( 'NONE',  ( -18.15784139316000500, 24.87604445801000400, -1.463233935923999900 ) ) ;
#6958 =( LENGTH_UNIT ( ) NAMED_UNIT ( * ) SI_UNIT ( .MILLI., .METRE. ) );
#6959 = CARTESIAN_POINT ( 'NONE',  ( -16.90827226425279800, 24.24612025669761900, 0.6307094654612247500 ) ) ;
#6960 = STYLED_ITEM ( 'NONE', ( #6066 ), #3013 ) ;
#6961 = PRESENTATION_LAYER_ASSIGNMENT (  '', '', ( #5806 ) ) ;
#6962 = MECHANICAL_DESIGN_GEOMETRIC_PRESENTATION_REPRESENTATION (  '', ( #5232 ), #7551 ) ;
#6963 = CARTESIAN_POINT ( 'NONE',  ( -18.05212348780133200, 28.90010653101801500, 1.448998301128827400 ) ) ;
#6964 = ORIENTED_EDGE ( 'NONE', *, *, #10911, .F. ) ;
#6965 = VECTOR ( 'NONE', #9334, 1000.000000000000000 ) ;
#6966 = VECTOR ( 'NONE', #2745, 1000.000000000000000 ) ;
#6967 = CARTESIAN_POINT ( 'NONE',  ( -18.14689615673000100, 26.52012779209999800, 1.658803727919000000 ) ) ;
#6968 =( NAMED_UNIT ( * ) PLANE_ANGLE_UNIT ( ) SI_UNIT ( $, .RADIAN. ) );
#6969 = CARTESIAN_POINT ( 'NONE',  ( -16.37662497727999900, 24.61274488567000100, 0.8765208697902000500 ) ) ;
#6970 = CARTESIAN_POINT ( 'NONE',  ( -32.69176849720798100, 11.99899041743288600, -14.73248922038757400 ) ) ;
#6971 = CARTESIAN_POINT ( 'NONE',  ( -16.53502651039000100, 25.96518909241999800, -0.1409793187754999600 ) ) ;
#6972 = CARTESIAN_POINT ( 'NONE',  ( -19.28431171960000200, 27.94970754452000600, 1.049332578348000100 ) ) ;
#6973 = EDGE_CURVE ( 'NONE', #3448, #3754, #4670, .T. ) ;
#6974 = CARTESIAN_POINT ( 'NONE',  ( -17.99999999999999600, 25.03753883226814000, -1.249999999999999800 ) ) ;
#6975 = PRESENTATION_LAYER_ASSIGNMENT (  '', '', ( #5826 ) ) ;
#6976 = EDGE_LOOP ( 'NONE', ( #2847, #3384, #3769, #3798 ) ) ;
#6977 = PRESENTATION_LAYER_ASSIGNMENT (  '', '', ( #7573 ) ) ;
#6978 =( BOUNDED_SURFACE ( )  B_SPLINE_SURFACE ( 3, 3, ( 
 ( #6608, #8413, #3183, #9298 ),
 ( #4064, #10181, #4960, #11080 ),
 ( #5835, #633, #6687, #1490 ),
 ( #1872, #7951, #2741, #8840 ) ),
 .UNSPECIFIED., .F., .F., .T. ) 
 B_SPLINE_SURFACE_WITH_KNOTS ( ( 4, 4 ),
 ( 4, 4 ),
 ( 0.0000000000000000000, 1.000000000000000000 ),
 ( 0.0000000000000000000, 1.000000000000000000 ),
 .UNSPECIFIED. ) 
 GEOMETRIC_REPRESENTATION_ITEM ( )  RATIONAL_B_SPLINE_SURFACE ( (
 ( 1.000000000000000000, 0.3333333333333334300, 0.3333333333333334300, 1.000000000000000000),
 ( 0.8695484763366178000, 0.2898494921122060100, 0.2898494921122060100, 0.8695484763366178000),
 ( 0.8695484763366178000, 0.2898494921122060100, 0.2898494921122060100, 0.8695484763366178000),
 ( 1.000000000000000000, 0.3333333333333334300, 0.3333333333333334300, 1.000000000000000000) ) ) 
 REPRESENTATION_ITEM ( '' )  SURFACE ( )  );
#6979 = VECTOR ( 'NONE', #6194, 1000.000000000000000 ) ;
#6980 = DIRECTION ( 'NONE',  ( -0.0000000000000000000, 1.000000000000000000, -0.0000000000000000000 ) ) ;
#6981 = CARTESIAN_POINT ( 'NONE',  ( -17.23811510467152500, 25.83999152210292000, 0.9943355707726214700 ) ) ;
#6982 = CARTESIAN_POINT ( 'NONE',  ( -19.19761284324971800, 28.68806073384299200, 0.3734704563124010000 ) ) ;
#6983 = CARTESIAN_POINT ( 'NONE',  ( -19.30000000000000400, 28.89999999999999500, -8.300000000000000700 ) ) ;
#6984 = CARTESIAN_POINT ( 'NONE',  ( -6.661760357565929000, 13.91563060015607100, 9.764999999999998800 ) ) ;
#6985 = DIRECTION ( 'NONE',  ( 0.0000000000000000000, 0.0000000000000000000, 1.000000000000000000 ) ) ;
#6986 =( NAMED_UNIT ( * ) SI_UNIT ( $, .STERADIAN. ) SOLID_ANGLE_UNIT ( ) );
#6987 = VERTEX_POINT ( 'NONE', #2732 ) ;
#6988 = LINE ( 'NONE', #7880, #4679 ) ;
#6989 = CARTESIAN_POINT ( 'NONE',  ( -18.38111906859000300, 23.48875769430999900, -1.227183707886000000 ) ) ;
#6990 = CYLINDRICAL_SURFACE ( 'NONE', #3001, 1.250000000000000000 ) ;
#6991 = AXIS2_PLACEMENT_3D ( 'NONE', #8857, #3639, #9747 ) ;
#6992 = ORIENTED_EDGE ( 'NONE', *, *, #4667, .F. ) ;
#6993 =( GEOMETRIC_REPRESENTATION_CONTEXT ( 3 ) GLOBAL_UNCERTAINTY_ASSIGNED_CONTEXT ( ( #3276 ) ) GLOBAL_UNIT_ASSIGNED_CONTEXT ( ( #2328, #8440, #3213 ) ) REPRESENTATION_CONTEXT ( 'NONE', 'WORKASPACE' ) );
#6994 = CARTESIAN_POINT ( 'NONE',  ( -17.99999999999607400, 22.78811681012819800, 1.249999999999999300 ) ) ;
#6995 = EDGE_CURVE ( 'NONE', #5983, #593, #9036, .T. ) ;
#6996 = ORIENTED_EDGE ( 'NONE', *, *, #3250, .T. ) ;
#6997 = CARTESIAN_POINT ( 'NONE',  ( -16.72090645466000300, 26.34742980846999700, -0.1230914674928999900 ) ) ;
#6998 = FILL_AREA_STYLE ('',( #10495 ) ) ;
#6999 = CARTESIAN_POINT ( 'NONE',  ( -18.00000000000000000, 24.41192469537690400, -1.249999999999998700 ) ) ;
#7000 = CARTESIAN_POINT ( 'NONE',  ( -18.24594558469076900, 28.27295062067712900, 1.231687511004973900 ) ) ;
#7001 = SURFACE_STYLE_FILL_AREA ( #3319 ) ;
#7002 = ORIENTED_EDGE ( 'NONE', *, *, #3159, .T. ) ;
#7003 = ORIENTED_EDGE ( 'NONE', *, *, #9118, .T. ) ;
#7004 =( LENGTH_UNIT ( ) NAMED_UNIT ( * ) SI_UNIT ( .MILLI., .METRE. ) );
#7005 = CARTESIAN_POINT ( 'NONE',  ( -0.6470537030290046700, 0.0000000000000000000, 0.0000000000000000000 ) ) ;
#7006 = CARTESIAN_POINT ( 'NONE',  ( -18.53989604283000500, 23.80078591542999800, -1.764466961482000300 ) ) ;
#7007 = FILL_AREA_STYLE_COLOUR ( '', #1278 ) ;
#7008 = MECHANICAL_DESIGN_GEOMETRIC_PRESENTATION_REPRESENTATION (  '', ( #4086 ), #7602 ) ;
#7009 = LINE ( 'NONE', #7629, #4415 ) ;
#7010 = CARTESIAN_POINT ( 'NONE',  ( -16.34877277447000000, 27.13774857428000700, 0.1549326888683999800 ) ) ;
#7011 = VERTEX_POINT ( 'NONE', #4482 ) ;
#7012 = EDGE_CURVE ( 'NONE', #1187, #2877, #4385, .T. ) ;
#7013 = VECTOR ( 'NONE', #982, 1000.000000000000000 ) ;
#7014 = DIRECTION ( 'NONE',  ( 1.000000000000000000, 0.0000000000000000000, 0.0000000000000000000 ) ) ;
#7015 = EDGE_LOOP ( 'NONE', ( #2320, #9207, #9960, #6475 ) ) ;
#7016 = DIRECTION ( 'NONE',  ( -0.7071067811865454600, 0.0000000000000000000, 0.7071067811865495700 ) ) ;
#7017 = CARTESIAN_POINT ( 'NONE',  ( -17.83482157153338600, 26.02733979876181500, -1.249998937282977200 ) ) ;
#7018 =( LENGTH_UNIT ( ) NAMED_UNIT ( * ) SI_UNIT ( .MILLI., .METRE. ) );
#7019 = DIRECTION ( 'NONE',  ( -1.000000000000000000, 0.0000000000000000000, 0.0000000000000000000 ) ) ;
#7020 = COLOUR_RGB ( '',1.000000000000000000, 1.000000000000000000, 0.9490196078431372100 ) ;
#7021 =( NAMED_UNIT ( * ) PLANE_ANGLE_UNIT ( ) SI_UNIT ( $, .RADIAN. ) );
#7022 = CARTESIAN_POINT ( 'NONE',  ( -13.32506175098298600, 15.72482978998467100, 6.465095308243929800 ) ) ;
#7023 = LINE ( 'NONE', #11028, #101 ) ;
#7024 = DIRECTION ( 'NONE',  ( 0.0000000000000000000, 1.000000000000000000, 0.0000000000000000000 ) ) ;
#7025 =( NAMED_UNIT ( * ) SI_UNIT ( $, .STERADIAN. ) SOLID_ANGLE_UNIT ( ) );
#7026 = EDGE_CURVE ( 'NONE', #3941, #4146, #60, .T. ) ;
#7027 = ORIENTED_EDGE ( 'NONE', *, *, #6310, .T. ) ;
#7028 = AXIS2_PLACEMENT_3D ( 'NONE', #1483, #7570, #2335 ) ;
#7029 = STYLED_ITEM ( 'NONE', ( #4300 ), #8763 ) ;
#7030 = LINE ( 'NONE', #10050, #9081 ) ;
#7031 = CARTESIAN_POINT ( 'NONE',  ( -3.000000000000002700, 0.0000000000000000000, 0.0000000000000000000 ) ) ;
#7032 = FACE_OUTER_BOUND ( 'NONE', #837, .T. ) ;
#7033 = DIRECTION ( 'NONE',  ( -1.000000000000000000, 0.0000000000000000000, 0.0000000000000000000 ) ) ;
#7034 = VERTEX_POINT ( 'NONE', #6273 ) ;
#7035 = CARTESIAN_POINT ( 'NONE',  ( -16.70000000000000600, 28.89999999999999500, 8.599999999999999600 ) ) ;
#7036 = EDGE_LOOP ( 'NONE', ( #1201, #4874, #2685, #5684 ) ) ;
#7037 = CARTESIAN_POINT ( 'NONE',  ( -20.10000000000000500, 33.89999999999999900, 9.400000000000000400 ) ) ;
#7038 = CARTESIAN_POINT ( 'NONE',  ( -18.99702889356000300, 25.53547083822999800, -0.8106571266013999900 ) ) ;
#7039 = CARTESIAN_POINT ( 'NONE',  ( -16.75387945660643000, 26.54325634402395600, 1.096162179628160400 ) ) ;
#7040 = CARTESIAN_POINT ( 'NONE',  ( -16.40000000000000600, 38.90000000000000600, -7.600000000000001400 ) ) ;
#7041 = ORIENTED_EDGE ( 'NONE', *, *, #5654, .T. ) ;
#7042 = VECTOR ( 'NONE', #726, 1000.000000000000000 ) ;
#7043 = DIRECTION ( 'NONE',  ( 1.000000000000000000, -0.0000000000000000000, -0.0000000000000000000 ) ) ;
#7044 = CARTESIAN_POINT ( 'NONE',  ( -28.00000000000000700, 22.50000000000000400, 5.000000000000000000 ) ) ;
#7045 = EDGE_CURVE ( 'NONE', #9913, #6101, #8761, .T. ) ;
#7046 = ORIENTED_EDGE ( 'NONE', *, *, #4458, .F. ) ;
#7047 = CARTESIAN_POINT ( 'NONE',  ( -18.59045057882034500, 28.62330190336310000, 1.108686668915787300 ) ) ;
#7048 = CARTESIAN_POINT ( 'NONE',  ( -23.78759999999999800, 15.66063775426999900, -9.870555875805003200 ) ) ;
#7049 = CARTESIAN_POINT ( 'NONE',  ( -18.85480361890000400, 22.98882694518999500, 1.635282337146000100 ) ) ;
#7050 =( GEOMETRIC_REPRESENTATION_CONTEXT ( 3 ) GLOBAL_UNCERTAINTY_ASSIGNED_CONTEXT ( ( #1070 ) ) GLOBAL_UNIT_ASSIGNED_CONTEXT ( ( #5656, #460, #6524 ) ) REPRESENTATION_CONTEXT ( 'NONE', 'WORKASPACE' ) );
#7051 = VERTEX_POINT ( 'NONE', #3648 ) ;
#7052 = CARTESIAN_POINT ( 'NONE',  ( -18.48487200392000300, 28.58831446397000100, 1.284469952357999900 ) ) ;
#7053 = CARTESIAN_POINT ( 'NONE',  ( -18.00000000000000400, 28.99999999999999300, -14.49999999999999800 ) ) ;
#7054 = CARTESIAN_POINT ( 'NONE',  ( -19.00100346723085200, 24.98591193413269500, -0.7665901318196290900 ) ) ;
#7055 = VERTEX_POINT ( 'NONE', #8026 ) ;
#7056 = DIRECTION ( 'NONE',  ( -0.0000000000000000000, 0.4999999999994678700, -0.8660254037847459100 ) ) ;
#7057 = CIRCLE ( 'NONE', #11202, 15.05000000000000100 ) ;
#7058 = DIRECTION ( 'NONE',  ( -0.7043068452335490300, 0.0000000000000000000, 0.7098956738543810200 ) ) ;
#7059 =( LENGTH_UNIT ( ) NAMED_UNIT ( * ) SI_UNIT ( .MILLI., .METRE. ) );
#7060 = SURFACE_SIDE_STYLE ('',( #9692 ) ) ;
#7061 = DIRECTION ( 'NONE',  ( 1.000000000000000000, -0.0000000000000000000, -0.0000000000000000000 ) ) ;
#7062 = CARTESIAN_POINT ( 'NONE',  ( -15.68432945733503700, 16.95376956960538500, -1.294675905032535800 ) ) ;
#7063 = AXIS2_PLACEMENT_3D ( 'NONE', #8728, #3499, #9617 ) ;
#7064 = CARTESIAN_POINT ( 'NONE',  ( -17.99999999999996800, 24.66194339311283600, 1.250000000000000000 ) ) ;
#7065 = CARTESIAN_POINT ( 'NONE',  ( -32.33074197974367800, 29.00000000000000700, 14.37656996413762300 ) ) ;
#7066 = AXIS2_PLACEMENT_3D ( 'NONE', #3071, #9171, #3954 ) ;
#7067 = EDGE_CURVE ( 'NONE', #9708, #11176, #2894, .T. ) ;
#7068 = DIRECTION ( 'NONE',  ( 0.0000000000000000000, 0.0000000000000000000, -1.000000000000000000 ) ) ;
#7069 = PRESENTATION_STYLE_ASSIGNMENT (( #3962 ) ) ;
#7070 = ORIENTED_EDGE ( 'NONE', *, *, #100, .F. ) ;
#7071 = VECTOR ( 'NONE', #820, 1000.000000000000000 ) ;
#7072 = SURFACE_STYLE_FILL_AREA ( #4927 ) ;
#7073 = CIRCLE ( 'NONE', #4901, 18.59999999999999800 ) ;
#7074 = CARTESIAN_POINT ( 'NONE',  ( -17.09561554016000100, 24.78597025031000500, 0.7259503032373001400 ) ) ;
#7075 = CARTESIAN_POINT ( 'NONE',  ( -19.73719091916888100, 27.34241315448778700, -0.1666653651909798800 ) ) ;
#7076 = CARTESIAN_POINT ( 'NONE',  ( -1.500000000000000400, 15.94956969548781000, 0.0000000000000000000 ) ) ;
#7077 = CARTESIAN_POINT ( 'NONE',  ( -16.75010500922922000, 27.90176134427887400, 0.1637788436474705800 ) ) ;
#7078 = ORIENTED_EDGE ( 'NONE', *, *, #4594, .T. ) ;
#7079 = UNCERTAINTY_MEASURE_WITH_UNIT (LENGTH_MEASURE( 1.000000000000000100E-005 ), #1339, 'distance_accuracy_value', 'NONE');
#7080 = VERTEX_POINT ( 'NONE', #198 ) ;
#7081 = VECTOR ( 'NONE', #9711, 1000.000000000000000 ) ;
#7082 = CARTESIAN_POINT ( 'NONE',  ( -15.90000000000000400, 38.89999999999999100, 9.099999999999999600 ) ) ;
#7083 = B_SPLINE_SURFACE_WITH_KNOTS ( 'NONE', 3, 3, ( 
 ( #1388, #5809, #607, #6660, #1469, #7550, #2316, #8427, #3200, #9311, #4079, #10196, #4977, #11094, #5849, #648, #6700, #1502, #7593, #2355, #8467, #3241, #9351, #4111, #10228, #5020, #11134, #5886, #684, #6742, #1542, #7633, #2404, #8511, #3277 ),
 ( #9393, #4148, #10263, #5055, #11177, #5921, #717, #6782, #1575, #7668, #2446, #8551, #3317, #9433, #4190, #10302, #5093, #11217, #5961, #748, #6820, #1617, #7709, #2478, #8585, #3356, #9469, #4225, #10340, #5124, #11253, #5993, #780, #6851, #1656 ),
 ( #7746, #2520, #8622, #3394, #9509, #4256, #10381, #5165, #11288, #6035, #811, #6892, #1692, #7778, #2555, #8663, #3428, #9552, #4296, #10419, #5200, #11327, #6073, #850, #6929, #1731, #7812, #2593, #8699, #3461, #9589, #4333, #10464, #5237, #28 ),
 ( #6110, #889, #6969, #1767, #7848, #2629, #8733, #3502, #9628, #4374, #10506, #5280, #67, #6145, #933, #7006, #1802, #7884, #2666, #8766, #3542, #9663, #4413, #10546, #5317, #105, #6173, #968, #7049, #1839, #7919, #2702, #8808, #3577, #9696 ) ),
 .UNSPECIFIED., .F., .F., .F.,
 ( 4, 4 ),
 ( 4, 1, 1, 1, 1, 1, 1, 1, 1, 1, 1, 1, 1, 1, 1, 1, 1, 1, 1, 1, 1, 1, 1, 1, 1, 1, 1, 1, 1, 1, 1, 1, 4 ),
 ( -0.2778315559672000500, 1.277831555966999700 ),
 ( -0.02000000000000000000, 0.01250000000000000100, 0.04499999999999999800, 0.07749999999999999900, 0.1100000000000000100, 0.1424999999999999900, 0.1750000000000000400, 0.2074999999999999900, 0.2399999999999999900, 0.2725000000000000200, 0.3049999999999999900, 0.3374999999999999700, 0.3700000000000000500, 0.4024999999999999700, 0.4350000000000000000, 0.4675000000000000300, 0.5000000000000000000, 0.5324999999999999700, 0.5649999999999999500, 0.5975000000000000300, 0.6300000000000000000, 0.6624999999999999800, 0.6950000000000000600, 0.7275000000000000400, 0.7600000000000000100, 0.7924999999999999800, 0.8250000000000000700, 0.8575000000000001500, 0.8900000000000001200, 0.9224999999999999900, 0.9550000000000000700, 0.9875000000000002700, 1.020000000000000000 ),
 .UNSPECIFIED. ) ;
#7084 = EDGE_CURVE ( 'NONE', #7055, #7080, #2336, .T. ) ;
#7085 = CARTESIAN_POINT ( 'NONE',  ( -0.6470537030290048900, 17.20000000223977600, -34.40000000447954400 ) ) ;
#7086 = CARTESIAN_POINT ( 'NONE',  ( -17.59400702119000200, 28.46042507689999500, -1.258737373446000100 ) ) ;
#7087 = CARTESIAN_POINT ( 'NONE',  ( -18.62604964940135600, 25.62072528887150100, 1.085004078992074700 ) ) ;
#7088 = CARTESIAN_POINT ( 'NONE',  ( -16.86224744538000000, 27.79717495450000100, -0.9335637821279002500 ) ) ;
#7089 = ORIENTED_EDGE ( 'NONE', *, *, #7067, .F. ) ;
#7090 = UNCERTAINTY_MEASURE_WITH_UNIT (LENGTH_MEASURE( 1.000000000000000100E-005 ), #618, 'distance_accuracy_value', 'NONE');
#7091 = B_SPLINE_CURVE_WITH_KNOTS ( 'NONE', 3,
 ( #5109, #1635, #7725, #2495, #8604, #3373, #9489, #4238, #10361, #5141, #11265, #6013, #796, #6870 ),
 .UNSPECIFIED., .F., .F.,
 ( 4, 2, 2, 2, 2, 2, 4 ),
 ( 0.0000000000000000000, 0.2500000000000030500, 0.3750000000000025000, 0.5000000000000020000, 0.6250000000000015500, 0.7500000000000010000, 1.000000000000000000 ),
 .UNSPECIFIED. ) ;
#7092 =( NAMED_UNIT ( * ) SI_UNIT ( $, .STERADIAN. ) SOLID_ANGLE_UNIT ( ) );
#7093 = LINE ( 'NONE', #226, #4779 ) ;
#7094 = DIRECTION ( 'NONE',  ( 0.0000000000000000000, 0.0000000000000000000, -1.000000000000000000 ) ) ;
#7095 = AXIS2_PLACEMENT_3D ( 'NONE', #8257, #3034, #9136 ) ;
#7096 = CARTESIAN_POINT ( 'NONE',  ( -32.44955984253216000, 29.00000000000000400, -14.22085509438795400 ) ) ;
#7097 =( LENGTH_UNIT ( ) NAMED_UNIT ( * ) SI_UNIT ( .MILLI., .METRE. ) );
#7098 = FILL_AREA_STYLE_COLOUR ( '', #9063 ) ;
#7099 = CARTESIAN_POINT ( 'NONE',  ( -12.44598990537957500, 15.33450198945644900, -7.341809547070404600 ) ) ;
#7100 = ORIENTED_EDGE ( 'NONE', *, *, #7200, .F. ) ;
#7101 = SURFACE_STYLE_FILL_AREA ( #9271 ) ;
#7102 = DIRECTION ( 'NONE',  ( -1.000000000000000000, -0.0000000000000000000, -0.0000000000000000000 ) ) ;
#7103 =( NAMED_UNIT ( * ) PLANE_ANGLE_UNIT ( ) SI_UNIT ( $, .RADIAN. ) );
#7104 = COLOUR_RGB ( '',0.0000000000000000000, 0.0000000000000000000, 0.0000000000000000000 ) ;
#7105 = SURFACE_STYLE_USAGE ( .BOTH. , #1034 ) ;
#7106 = DIRECTION ( 'NONE',  ( 0.0000000000000000000, 1.000000000000000000, -1.224646799147353200E-016 ) ) ;
#7107 = EDGE_LOOP ( 'NONE', ( #3473, #799, #8202, #3593 ) ) ;
#7108 = DIRECTION ( 'NONE',  ( 0.0000000000000000000, 1.000000000000000000, -0.0000000000000000000 ) ) ;
#7109 = EDGE_CURVE ( 'NONE', #8488, #1593, #9975, .T. ) ;
#7110 =( NAMED_UNIT ( * ) PLANE_ANGLE_UNIT ( ) SI_UNIT ( $, .RADIAN. ) );
#7111 = CARTESIAN_POINT ( 'NONE',  ( -16.64624901409488800, 28.15437212472778600, -1.101350719042548400 ) ) ;
#7112 = CARTESIAN_POINT ( 'NONE',  ( -1.500000000000000400, -15.94956969548781000, -1.953258947535676900E-015 ) ) ;
#7113 =( GEOMETRIC_REPRESENTATION_CONTEXT ( 3 ) GLOBAL_UNCERTAINTY_ASSIGNED_CONTEXT ( ( #9119 ) ) GLOBAL_UNIT_ASSIGNED_CONTEXT ( ( #8317, #9326, #10088 ) ) REPRESENTATION_CONTEXT ( 'NONE', 'WORKASPACE' ) );
#7114 = MECHANICAL_DESIGN_GEOMETRIC_PRESENTATION_REPRESENTATION (  '', ( #4782 ), #7708 ) ;
#7115 = CARTESIAN_POINT ( 'NONE',  ( -16.39999999999999900, 28.89999999999999500, 8.299999999999998900 ) ) ;
#7116 = STYLED_ITEM ( 'NONE', ( #5351 ), #9243 ) ;
#7117 = B_SPLINE_CURVE_WITH_KNOTS ( 'NONE', 3,
 ( #6667, #4044, #7560, #2323, #8433, #3207, #9316, #4085, #10200, #4988, #11103, #5855, #654, #6706, #1510, #7598, #2362, #8478, #3246, #9357 ),
 .UNSPECIFIED., .F., .F.,
 ( 4, 2, 2, 2, 2, 2, 2, 2, 2, 4 ),
 ( -0.01174636506142601900, -0.01125686455599526000, -0.01076736405056450200, -0.01027786354513374500, -0.009788363039702987000, -0.009298862534272228600, -0.008809362028841470300, -0.008319861523410711900, -0.008075111270695333600, -0.007830361017979953600 ),
 .UNSPECIFIED. ) ;
#7118 = FILL_AREA_STYLE_COLOUR ( '', #4964 ) ;
#7119 = CARTESIAN_POINT ( 'NONE',  ( -32.50000000000000700, 28.99999999999999600, -13.99999999999879200 ) ) ;
#7120 = CARTESIAN_POINT ( 'NONE',  ( -0.6470537030290048900, 17.20000000223977600, 0.0000000000000000000 ) ) ;
#7121 = CARTESIAN_POINT ( 'NONE',  ( -16.68407234665000900, 28.41630276237000200, 0.7506766985723003500 ) ) ;
#7122 = ORIENTED_EDGE ( 'NONE', *, *, #3389, .T. ) ;
#7123 = PRESENTATION_STYLE_ASSIGNMENT (( #9269 ) ) ;
#7124 = DIRECTION ( 'NONE',  ( 0.0000000000000000000, 0.0000000000000000000, -1.000000000000000000 ) ) ;
#7125 = CARTESIAN_POINT ( 'NONE',  ( -18.32736978509293400, 25.43309324680580400, -1.217479800005134300 ) ) ;
#7126 = PRESENTATION_STYLE_ASSIGNMENT (( #3082 ) ) ;
#7127 = CARTESIAN_POINT ( 'NONE',  ( -32.49999999999889200, 29.00000000000001800, 14.29289321881490700 ) ) ;
#7128 = UNCERTAINTY_MEASURE_WITH_UNIT (LENGTH_MEASURE( 1.000000000000000100E-005 ), #2842, 'distance_accuracy_value', 'NONE');
#7129 = CARTESIAN_POINT ( 'NONE',  ( -19.46558909665000700, 26.98521598426000900, -0.1344221826075000500 ) ) ;
#7130 = COLOUR_RGB ( '',1.000000000000000000, 1.000000000000000000, 0.9490196078431372100 ) ;
#7131 = CARTESIAN_POINT ( 'NONE',  ( -16.78225284743184900, 28.43298460430172300, -0.3261597623475112100 ) ) ;
#7132 = AXIS2_PLACEMENT_3D ( 'NONE', #938, #7014, #6178 ) ;
#7133 =( GEOMETRIC_REPRESENTATION_CONTEXT ( 3 ) GLOBAL_UNCERTAINTY_ASSIGNED_CONTEXT ( ( #589 ) ) GLOBAL_UNIT_ASSIGNED_CONTEXT ( ( #7166, #1951, #8041 ) ) REPRESENTATION_CONTEXT ( 'NONE', 'WORKASPACE' ) );
#7134 = VERTEX_POINT ( 'NONE', #386 ) ;
#7135 = FACE_OUTER_BOUND ( 'NONE', #7267, .T. ) ;
#7136 =( NAMED_UNIT ( * ) SI_UNIT ( $, .STERADIAN. ) SOLID_ANGLE_UNIT ( ) );
#7137 = FACE_OUTER_BOUND ( 'NONE', #5672, .T. ) ;
#7138 = CARTESIAN_POINT ( 'NONE',  ( -20.20426398036000400, 28.69999999999999600, 9.400000000000000400 ) ) ;
#7139 = CARTESIAN_POINT ( 'NONE',  ( -17.30059609128068800, 24.86577047254529700, -1.052100476283637900 ) ) ;
#7140 =( LENGTH_UNIT ( ) NAMED_UNIT ( * ) SI_UNIT ( .MILLI., .METRE. ) );
#7141 = CARTESIAN_POINT ( 'NONE',  ( -9.400000000000005700, 32.09573601964000000, -0.9042639803576003600 ) ) ;
#7142 = FILL_AREA_STYLE ('',( #6301 ) ) ;
#7143 = ORIENTED_EDGE ( 'NONE', *, *, #1248, .F. ) ;
#7144 = CARTESIAN_POINT ( 'NONE',  ( -15.90000000000000400, 38.89999999999999100, 9.099999999999999600 ) ) ;
#7145 = VERTEX_POINT ( 'NONE', #5586 ) ;
#7146 = CARTESIAN_POINT ( 'NONE',  ( -0.3040217494789030400, -17.13304714212789600, 34.26609428425577900 ) ) ;
#7147 = MANIFOLD_SOLID_BREP ( 'Körper-Verschieben/Kopieren1[3]', #6904 ) ;
#7148 = VECTOR ( 'NONE', #6902, 1000.000000000000000 ) ;
#7149 = AXIS2_PLACEMENT_3D ( 'NONE', #2414, #8521, #3287 ) ;
#7150 = SURFACE_STYLE_USAGE ( .BOTH. , #1072 ) ;
#7151 = EDGE_CURVE ( 'NONE', #46, #3898, #3296, .T. ) ;
#7152 = DIRECTION ( 'NONE',  ( -8.659586853046260700E-017, 0.7071046343821656400, 0.7071089279844117200 ) ) ;
#7153 = DIRECTION ( 'NONE',  ( -0.0000000000000000000, -0.0000000000000000000, 1.000000000000000000 ) ) ;
#7154 =( LENGTH_UNIT ( ) NAMED_UNIT ( * ) SI_UNIT ( .MILLI., .METRE. ) );
#7155 = ORIENTED_EDGE ( 'NONE', *, *, #424, .F. ) ;
#7156 = FILL_AREA_STYLE ('',( #6275 ) ) ;
#7157 = COLOUR_RGB ( '',0.0000000000000000000, 0.0000000000000000000, 0.0000000000000000000 ) ;
#7158 = CARTESIAN_POINT ( 'NONE',  ( -9.300000000000002500, 32.82000000000000000, -0.5000000000000000000 ) ) ;
#7159 = VECTOR ( 'NONE', #5655, 1000.000000000000000 ) ;
#7160 = ADVANCED_FACE ( 'NONE', ( #7928 ), #4525, .F. ) ;
#7161 = CARTESIAN_POINT ( 'NONE',  ( -32.00000000000099500, 28.99999999999792200, -14.79289321881200100 ) ) ;
#7162 = CARTESIAN_POINT ( 'NONE',  ( -0.3040217494789030400, -17.13304714212788900, -2.098193134224763200E-015 ) ) ;
#7163 = CARTESIAN_POINT ( 'NONE',  ( -18.66039101072000500, 28.39575099013999100, 1.414473866260000000 ) ) ;
#7164 =( NAMED_UNIT ( * ) PLANE_ANGLE_UNIT ( ) SI_UNIT ( $, .RADIAN. ) );
#7165 = ORIENTED_EDGE ( 'NONE', *, *, #5990, .T. ) ;
#7166 =( LENGTH_UNIT ( ) NAMED_UNIT ( * ) SI_UNIT ( .MILLI., .METRE. ) );
#7167 = CARTESIAN_POINT ( 'NONE',  ( -18.82625489259628900, 26.59466856285009600, -0.9415153677798437900 ) ) ;
#7168 = AXIS2_PLACEMENT_3D ( 'NONE', #7568, #2331, #8443 ) ;
#7169 = FACE_OUTER_BOUND ( 'NONE', #2341, .T. ) ;
#7170 = CARTESIAN_POINT ( 'NONE',  ( -17.86792488181999900, 28.45660133471999100, -1.278197084854000100 ) ) ;
#7171 = PRESENTATION_LAYER_ASSIGNMENT (  '', '', ( #6005 ) ) ;
#7172 = VECTOR ( 'NONE', #7611, 1000.000000000000000 ) ;
#7173 = DIRECTION ( 'NONE',  ( -0.0000000000000000000, -0.0000000000000000000, 1.000000000000000000 ) ) ;
#7174 = VERTEX_POINT ( 'NONE', #10914 ) ;
#7175 = EDGE_LOOP ( 'NONE', ( #1040, #490, #4554, #11284, #1976, #10732 ) ) ;
#7176 = LINE ( 'NONE', #9353, #9511 ) ;
#7177 = SURFACE_STYLE_USAGE ( .BOTH. , #1100 ) ;
#7178 = FILL_AREA_STYLE ('',( #10678 ) ) ;
#7179 = CARTESIAN_POINT ( 'NONE',  ( 0.0000000000000000000, 2.081899558550500300E-015, -17.00000000000000000 ) ) ;
#7180 = CARTESIAN_POINT ( 'NONE',  ( -18.87356578579625900, 28.42825149585890500, 1.310181582379960500 ) ) ;
#7181 = LINE ( 'NONE', #10535, #9514 ) ;
#7182 = DIRECTION ( 'NONE',  ( 0.0000000000000000000, 0.0000000000000000000, 1.000000000000000000 ) ) ;
#7183 = CIRCLE ( 'NONE', #673, 1.249999999999040100 ) ;
#7184 = VERTEX_POINT ( 'NONE', #5653 ) ;
#7185 = EDGE_CURVE ( 'NONE', #9913, #10791, #184, .T. ) ;
#7186 = STYLED_ITEM ( 'NONE', ( #8792 ), #2953 ) ;
#7187 = PRESENTATION_LAYER_ASSIGNMENT (  '', '', ( #7772 ) ) ;
#7188 = VERTEX_POINT ( 'NONE', #10006 ) ;
#7189 = PRESENTATION_LAYER_ASSIGNMENT (  '', '', ( #7774 ) ) ;
#7190 = COLOUR_RGB ( '',1.000000000000000000, 1.000000000000000000, 0.9490196078431372100 ) ;
#7191 = DIRECTION ( 'NONE',  ( 1.000000000000000000, 0.0000000000000000000, 0.0000000000000000000 ) ) ;
#7192 = CARTESIAN_POINT ( 'NONE',  ( -15.90000000000000400, 28.89999999999999500, 9.099999999999999600 ) ) ;
#7193 = SURFACE_SIDE_STYLE ('',( #11301 ) ) ;
#7194 = CARTESIAN_POINT ( 'NONE',  ( -17.23807908610527000, 26.83940167824760100, 0.9943080958986648700 ) ) ;
#7195 = ORIENTED_EDGE ( 'NONE', *, *, #11043, .T. ) ;
#7196 =( BOUNDED_SURFACE ( )  B_SPLINE_SURFACE ( 3, 3, ( 
 ( #6324, #6357, #1161, #7243 ),
 ( #2020, #8111, #2889, #8996 ),
 ( #3777, #9872, #4650, #10787 ),
 ( #5522, #323, #6397, #1199 ) ),
 .UNSPECIFIED., .F., .F., .F. ) 
 B_SPLINE_SURFACE_WITH_KNOTS ( ( 4, 4 ),
 ( 4, 4 ),
 ( 0.1181418218010832800, 0.8818581782005476800 ),
 ( 0.0000000000000000000, 1.000000000000000000 ),
 .UNSPECIFIED. ) 
 GEOMETRIC_REPRESENTATION_ITEM ( )  RATIONAL_B_SPLINE_SURFACE ( (
 ( 0.9052762928607254200, 0.7285101013064003700, 0.7285101013064003700, 0.9052762928607254200),
 ( 0.7285101013060003600, 0.5862596556329144900, 0.5862596556329144900, 0.7285101013060003600),
 ( 0.7285101013063778300, 0.5862596556332182500, 0.5862596556332182500, 0.7285101013063778300),
 ( 0.9052762928618579600, 0.7285101013073117500, 0.7285101013073117500, 0.9052762928618579600) ) ) 
 REPRESENTATION_ITEM ( '' )  SURFACE ( )  );
#7197 = CARTESIAN_POINT ( 'NONE',  ( -17.44153218485034900, 24.32433359568085200, 1.127635581486961400 ) ) ;
#7198 = VECTOR ( 'NONE', #503, 1000.000000000000000 ) ;
#7199 = CARTESIAN_POINT ( 'NONE',  ( -17.99999999999999600, 26.03751667663512100, -1.250000000000000200 ) ) ;
#7200 = EDGE_CURVE ( 'NONE', #8519, #8477, #2197, .T. ) ;
#7201 = FILL_AREA_STYLE_COLOUR ( '', #4487 ) ;
#7202 = DIRECTION ( 'NONE',  ( 0.0000000000000000000, 1.000000000000000000, 0.0000000000000000000 ) ) ;
#7203 = COLOUR_RGB ( '',0.9803921568627450600, 0.6274509803921568500, 0.0000000000000000000 ) ;
#7204 = CARTESIAN_POINT ( 'NONE',  ( -17.99999999999980800, 26.78754037980470700, 1.249999999999998700 ) ) ;
#7205 = ORIENTED_EDGE ( 'NONE', *, *, #1138, .F. ) ;
#7206 = ORIENTED_EDGE ( 'NONE', *, *, #3491, .T. ) ;
#7207 = CARTESIAN_POINT ( 'NONE',  ( -18.99168399142000000, 27.64464236447999900, 0.8171869141514998000 ) ) ;
#7208 = CIRCLE ( 'NONE', #2384, 0.8249999999999992900 ) ;
#7209 = CYLINDRICAL_SURFACE ( 'NONE', #1769, 11.60000000000000000 ) ;
#7210 = CARTESIAN_POINT ( 'NONE',  ( -18.00000000000000400, 28.69999240993016800, -1.249999999998226500 ) ) ;
#7211 = DIRECTION ( 'NONE',  ( -0.0000000000000000000, -0.0000000000000000000, -1.000000000000000000 ) ) ;
#7212 = CIRCLE ( 'NONE', #848, 15.94956969548780300 ) ;
#7213 = DIRECTION ( 'NONE',  ( 0.0000000000000000000, 1.000000000000000000, 0.0000000000000000000 ) ) ;
#7214 = ORIENTED_EDGE ( 'NONE', *, *, #2244, .T. ) ;
#7215 =( NAMED_UNIT ( * ) SI_UNIT ( $, .STERADIAN. ) SOLID_ANGLE_UNIT ( ) );
#7216 = DIRECTION ( 'NONE',  ( -0.0000000000000000000, -0.0000000000000000000, -1.000000000000000000 ) ) ;
#7217 = CARTESIAN_POINT ( 'NONE',  ( -18.00000000000367400, 24.03809545631337500, -1.249999999999998900 ) ) ;
#7218 = FILL_AREA_STYLE_COLOUR ( '', #3645 ) ;
#7219 = SURFACE_STYLE_FILL_AREA ( #8183 ) ;
#7220 = DIRECTION ( 'NONE',  ( -0.0000000000000000000, -0.0000000000000000000, 1.000000000000000000 ) ) ;
#7221 =( GEOMETRIC_REPRESENTATION_CONTEXT ( 3 ) GLOBAL_UNCERTAINTY_ASSIGNED_CONTEXT ( ( #9372 ) ) GLOBAL_UNIT_ASSIGNED_CONTEXT ( ( #7308, #2072, #8175 ) ) REPRESENTATION_CONTEXT ( 'NONE', 'WORKASPACE' ) );
#7222 = EDGE_CURVE ( 'NONE', #7635, #1690, #9155, .T. ) ;
#7223 = CARTESIAN_POINT ( 'NONE',  ( -19.28776071944000500, 28.73464275592999700, -1.312262377019999900 ) ) ;
#7224 = LINE ( 'NONE', #10357, #9275 ) ;
#7225 = ORIENTED_EDGE ( 'NONE', *, *, #653, .T. ) ;
#7226 = CARTESIAN_POINT ( 'NONE',  ( -19.49573601964000200, 28.69999999999999600, 7.599999999999999600 ) ) ;
#7227 = CARTESIAN_POINT ( 'NONE',  ( -17.12982244151637400, 28.52216840114244800, 1.313443638500691600 ) ) ;
#7228 = CARTESIAN_POINT ( 'NONE',  ( -3.000000000000002700, 0.0000000000000000000, 0.0000000000000000000 ) ) ;
#7229 = CARTESIAN_POINT ( 'NONE',  ( -1.500000000000001300, 0.0000000000000000000, 15.05000000000000100 ) ) ;
#7230 = COLOUR_RGB ( '',0.9803921568627450600, 0.6274509803921568500, 0.0000000000000000000 ) ;
#7231 = CARTESIAN_POINT ( 'NONE',  ( -17.83486585381450200, 27.02666355988167600, -1.249998891784097400 ) ) ;
#7232 = CARTESIAN_POINT ( 'NONE',  ( -3.550327167970419100, 29.00000000000000000, -14.22133580638895000 ) ) ;
#7233 =( GEOMETRIC_REPRESENTATION_CONTEXT ( 3 ) GLOBAL_UNCERTAINTY_ASSIGNED_CONTEXT ( ( #9797 ) ) GLOBAL_UNIT_ASSIGNED_CONTEXT ( ( #3258, #9376, #4134 ) ) REPRESENTATION_CONTEXT ( 'NONE', 'WORKASPACE' ) );
#7234 = VECTOR ( 'NONE', #4286, 1000.000000000000000 ) ;
#7235 = CARTESIAN_POINT ( 'NONE',  ( -18.76804313477709100, 26.23511614056201300, 0.9998971301795354100 ) ) ;
#7236 = FACE_OUTER_BOUND ( 'NONE', #3546, .T. ) ;
#7237 = EDGE_CURVE ( 'NONE', #3643, #6627, #7674, .T. ) ;
#7238 = VERTEX_POINT ( 'NONE', #5696 ) ;
#7239 = CIRCLE ( 'NONE', #7997, 9.550000000000002500 ) ;
#7240 = CARTESIAN_POINT ( 'NONE',  ( -0.3040217494789030400, -17.13304714212788900, -34.26609428425577900 ) ) ;
#7241 = UNCERTAINTY_MEASURE_WITH_UNIT (LENGTH_MEASURE( 1.000000000000000100E-005 ), #1894, 'distance_accuracy_value', 'NONE');
#7242 =( LENGTH_UNIT ( ) NAMED_UNIT ( * ) SI_UNIT ( .MILLI., .METRE. ) );
#7243 = CARTESIAN_POINT ( 'NONE',  ( -4.000000000000101300, 28.50000000000000000, -15.00000000000156900 ) ) ;
#7244 = FILL_AREA_STYLE ('',( #6325 ) ) ;
#7245 = CARTESIAN_POINT ( 'NONE',  ( -32.59161629744176700, 11.89115695334548800, 14.81931738019783400 ) ) ;
#7246 = CARTESIAN_POINT ( 'NONE',  ( -16.72004054086000100, 26.83268339423999600, 0.1146967503792000200 ) ) ;
#7247 = DIRECTION ( 'NONE',  ( 1.000000000000000000, 0.0000000000000000000, 0.0000000000000000000 ) ) ;
#7248 = ORIENTED_EDGE ( 'NONE', *, *, #5859, .T. ) ;
#7249 = SURFACE_STYLE_FILL_AREA ( #9730 ) ;
#7250 = STYLED_ITEM ( 'NONE', ( #3212 ), #2199 ) ;
#7251 = SURFACE_STYLE_USAGE ( .BOTH. , #1170 ) ;
#7252 = DIRECTION ( 'NONE',  ( 0.0000000000000000000, 0.0000000000000000000, -1.000000000000000000 ) ) ;
#7253 = MECHANICAL_DESIGN_GEOMETRIC_PRESENTATION_REPRESENTATION (  '', ( #5501 ), #7833 ) ;
#7254 = CARTESIAN_POINT ( 'NONE',  ( -18.32718686936921800, 22.93370041419951700, -1.217504958848210100 ) ) ;
#7255 = DIRECTION ( 'NONE',  ( 0.0000000000000000000, 0.0000000000000000000, 1.000000000000000000 ) ) ;
#7256 = EDGE_LOOP ( 'NONE', ( #10960, #3996, #8814, #1243 ) ) ;
#7257 = CYLINDRICAL_SURFACE ( 'NONE', #7478, 1.250000000000000000 ) ;
#7258 = CARTESIAN_POINT ( 'NONE',  ( -16.85514068419000100, 28.70928300348999700, -1.191535190563999900 ) ) ;
#7259 = CARTESIAN_POINT ( 'NONE',  ( -16.71978289814000400, 26.00003164937000100, 1.054324262358999700 ) ) ;
#7260 = VECTOR ( 'NONE', #7872, 1000.000000000000000 ) ;
#7261 = CARTESIAN_POINT ( 'NONE',  ( -16.83871258045296700, 28.66000474701310100, -1.066093015483917700 ) ) ;
#7262 = EDGE_CURVE ( 'NONE', #8685, #4186, #2479, .T. ) ;
#7263 = CARTESIAN_POINT ( 'NONE',  ( -33.00000000000000000, 22.50000000000000400, 5.000000000000000900 ) ) ;
#7264 = DIRECTION ( 'NONE',  ( 0.0000000000000000000, 0.0000000000000000000, 1.000000000000000000 ) ) ;
#7265 = DIRECTION ( 'NONE',  ( 0.0000000000000000000, 0.0000000000000000000, -1.000000000000000000 ) ) ;
#7266 = STYLED_ITEM ( 'NONE', ( #4237 ), #4043 ) ;
#7267 = EDGE_LOOP ( 'NONE', ( #9097, #8190, #152, #10854 ) ) ;
#7268 = VECTOR ( 'NONE', #246, 1000.000000000000000 ) ;
#7269 = PRODUCT_DEFINITION ( 'UNKNOWN', '', #7846, #5547 ) ;
#7270 = CARTESIAN_POINT ( 'NONE',  ( -0.8529462969710035500, -17.20000000223977600, -2.106392494807740200E-015 ) ) ;
#7271 = MECHANICAL_DESIGN_GEOMETRIC_PRESENTATION_REPRESENTATION (  '', ( #5517 ), #7849 ) ;
#7272 = PRESENTATION_STYLE_ASSIGNMENT (( #4660 ) ) ;
#7273 = B_SPLINE_CURVE_WITH_KNOTS ( 'NONE', 3,
 ( #2149, #9158, #4822, #10948, #5698, #497, #6557, #1361, #7450, #2216, #8314, #3095, #9203, #3977 ),
 .UNSPECIFIED., .F., .F.,
 ( 4, 2, 2, 2, 2, 2, 4 ),
 ( -8.087649968924757000E-009, 0.0003977059559878395000, 0.0007954199996256480000, 0.001590848086901273200, 0.002386276174176898700, 0.002783990217814713000, 0.003181704261452527600 ),
 .UNSPECIFIED. ) ;
#7274 = UNCERTAINTY_MEASURE_WITH_UNIT (LENGTH_MEASURE( 1.000000000000000100E-005 ), #8201, 'distance_accuracy_value', 'NONE');
#7275 = FILL_AREA_STYLE ('',( #10783 ) ) ;
#7276 = ORIENTED_EDGE ( 'NONE', *, *, #2870, .T. ) ;
#7277 = ORIENTED_EDGE ( 'NONE', *, *, #6735, .F. ) ;
#7278 =( NAMED_UNIT ( * ) PLANE_ANGLE_UNIT ( ) SI_UNIT ( $, .RADIAN. ) );
#7279 = CIRCLE ( 'NONE', #9894, 18.50000000000000000 ) ;
#7280 =( LENGTH_UNIT ( ) NAMED_UNIT ( * ) SI_UNIT ( .MILLI., .METRE. ) );
#7281 = VECTOR ( 'NONE', #4388, 1000.000000000000000 ) ;
#7282 = VECTOR ( 'NONE', #6744, 1000.000000000000000 ) ;
#7283 =( NAMED_UNIT ( * ) PLANE_ANGLE_UNIT ( ) SI_UNIT ( $, .RADIAN. ) );
#7284 = COLOUR_RGB ( '',1.000000000000000000, 1.000000000000000000, 0.9490196078431372100 ) ;
#7285 = PRESENTATION_LAYER_ASSIGNMENT (  '', '', ( #6125 ) ) ;
#7286 = ORIENTED_EDGE ( 'NONE', *, *, #10562, .T. ) ;
#7287 =( GEOMETRIC_REPRESENTATION_CONTEXT ( 3 ) GLOBAL_UNCERTAINTY_ASSIGNED_CONTEXT ( ( #9014 ) ) GLOBAL_UNIT_ASSIGNED_CONTEXT ( ( #6644, #1452, #7534 ) ) REPRESENTATION_CONTEXT ( 'NONE', 'WORKASPACE' ) );
#7288 = EDGE_CURVE ( 'NONE', #8101, #1068, #6554, .T. ) ;
#7289 = EDGE_LOOP ( 'NONE', ( #3673, #9358, #6747, #2272 ) ) ;
#7290 = CYLINDRICAL_SURFACE ( 'NONE', #925, 1.250000000000000000 ) ;
#7291 = SURFACE_STYLE_USAGE ( .BOTH. , #1206 ) ;
#7292 = CARTESIAN_POINT ( 'NONE',  ( -16.75290555135091700, 24.42027522346960200, -0.1250425972908886200 ) ) ;
#7293 = LINE ( 'NONE', #7346, #2652 ) ;
#7294 = DIRECTION ( 'NONE',  ( -1.000000000000000000, 0.0000000000000000000, -0.0000000000000000000 ) ) ;
#7295 = CARTESIAN_POINT ( 'NONE',  ( -16.74604240983536800, 26.79378643452680500, -0.1039905623149160000 ) ) ;
#7296 = CARTESIAN_POINT ( 'NONE',  ( -19.00070161499535400, 23.08865711870318900, 0.7669951643563766000 ) ) ;
#7297 =( NAMED_UNIT ( * ) PLANE_ANGLE_UNIT ( ) SI_UNIT ( $, .RADIAN. ) );
#7298 = B_SPLINE_SURFACE_WITH_KNOTS ( 'NONE', 3, 3, ( 
 ( #10138, #3188, #9301, #4066, #10184, #4965, #11082, #5837, #636, #6690, #1492, #7581, #2343, #8457, #3229, #9339, #4102, #10218, #5009, #11122, #5873, #677, #6727, #1530, #7621, #2390, #8498, #3261, #9380, #4141, #10254, #5044, #11163, #5910, #703 ),
 ( #6767, #1565, #7659, #2429, #8537, #3304, #9424, #4175, #10289, #5081, #11206, #5946, #739, #6807, #1606, #7698, #2468, #8572, #3346, #9455, #4212, #10327, #5117, #11240, #5979, #765, #6844, #1645, #7736, #2506, #8614, #3382, #9496, #4244, #10371 ),
 ( #5150, #11275, #6019, #805, #6879, #1681, #7768, #2548, #8651, #3417, #9538, #4284, #10408, #5188, #11315, #6064, #839, #6920, #1719, #7805, #2580, #8688, #3453, #9582, #4324, #10451, #5226, #22, #6098, #877, #6957, #1757, #7837, #2619, #8723 ),
 ( #3493, #9613, #4361, #10494, #5270, #56, #6135, #919, #6997, #1793, #7873, #2655, #8757, #3530, #9653, #4402, #10538, #5306, #93, #6166, #960, #7038, #1825, #7908, #2694, #8797, #3566, #9685, #4444, #10571, #5346, #129, #6196, #996, #7074 ) ),
 .UNSPECIFIED., .F., .F., .F.,
 ( 4, 4 ),
 ( 4, 1, 1, 1, 1, 1, 1, 1, 1, 1, 1, 1, 1, 1, 1, 1, 1, 1, 1, 1, 1, 1, 1, 1, 1, 1, 1, 1, 1, 1, 1, 1, 4 ),
 ( -0.2778315559671000200, 1.277831555966999700 ),
 ( -0.01999999999995999800, 0.01250000000004000000, 0.04500000000003000200, 0.07750000000003000300, 0.1100000000000000100, 0.1424999999999999900, 0.1750000000000000400, 0.2074999999999999900, 0.2399999999999999900, 0.2725000000000000200, 0.3049999999999999900, 0.3374999999999999700, 0.3700000000000000500, 0.4024999999999999700, 0.4350000000000000000, 0.4675000000000000300, 0.5000000000000000000, 0.5324999999999999700, 0.5649999999999999500, 0.5975000000000000300, 0.6300000000000000000, 0.6624999999999999800, 0.6950000000000000600, 0.7275000000000000400, 0.7600000000000000100, 0.7924999999999999800, 0.8250000000000000700, 0.8575000000000001500, 0.8900000000000001200, 0.9224999999999999900, 0.9550000000000000700, 0.9875000000000002700, 1.020000000000000000 ),
 .UNSPECIFIED. ) ;
#7299 = ORIENTED_EDGE ( 'NONE', *, *, #6887, .T. ) ;
#7300 = VERTEX_POINT ( 'NONE', #1437 ) ;
#7301 = VERTEX_POINT ( 'NONE', #2289 ) ;
#7302 = CARTESIAN_POINT ( 'NONE',  ( -16.91315579680000900, 28.68392325104999700, 0.9844918842522999400 ) ) ;
#7303 = AXIS2_PLACEMENT_3D ( 'NONE', #1960, #8051, #2826 ) ;
#7304 = PRESENTATION_STYLE_ASSIGNMENT (( #6052 ) ) ;
#7305 = EDGE_CURVE ( 'NONE', #3257, #4059, #6294, .T. ) ;
#7306 = LINE ( 'NONE', #3946, #5006 ) ;
#7307 = CARTESIAN_POINT ( 'NONE',  ( -19.29290642325359400, 28.80221814892273000, -0.9012045150238906500 ) ) ;
#7308 =( LENGTH_UNIT ( ) NAMED_UNIT ( * ) SI_UNIT ( .MILLI., .METRE. ) );
#7309 = CARTESIAN_POINT ( 'NONE',  ( -18.82625127700990600, 22.59554606878609900, -0.9415199502766614700 ) ) ;
#7310 =( LENGTH_UNIT ( ) NAMED_UNIT ( * ) SI_UNIT ( .MILLI., .METRE. ) );
#7311 = ORIENTED_EDGE ( 'NONE', *, *, #2762, .T. ) ;
#7312 = CARTESIAN_POINT ( 'NONE',  ( -19.11280886597287300, 28.70047611936753600, 0.5688450615112083900 ) ) ;
#7313 = FILL_AREA_STYLE ('',( #8217 ) ) ;
#7315 = ADVANCED_FACE ( 'NONE', ( #10965 ), #851, .F. ) ;
#7314 = FACE_OUTER_BOUND ( 'NONE', #3035, .T. ) ;
#7316 = ORIENTED_EDGE ( 'NONE', *, *, #9762, .T. ) ;
#7317 = VERTEX_POINT ( 'NONE', #9321 ) ;
#7318 = DIRECTION ( 'NONE',  ( -1.000000000000000000, -0.0000000000000000000, -0.0000000000000000000 ) ) ;
#7319 = CARTESIAN_POINT ( 'NONE',  ( -18.00000000000000400, 28.90000000000000200, 0.0000000000000000000 ) ) ;
#7320 = SURFACE_SIDE_STYLE ('',( #534 ) ) ;
#7321 = PLANE ( 'NONE',  #5942 ) ;
#7322 = VERTEX_POINT ( 'NONE', #4091 ) ;
#7324 = VECTOR ( 'NONE', #5179, 1000.000000000000000 ) ;
#7323 = FILL_AREA_STYLE ('',( #4690 ) ) ;
#7325 = AXIS2_PLACEMENT_3D ( 'NONE', #10507, #934, #969 ) ;
#7326 = DIRECTION ( 'NONE',  ( 0.0000000000000000000, 0.0000000000000000000, -1.000000000000000000 ) ) ;
#7327 = ORIENTED_EDGE ( 'NONE', *, *, #7767, .F. ) ;
#7328 = CARTESIAN_POINT ( 'NONE',  ( -16.40000000000000600, 38.89999999999999100, -8.300000000000027400 ) ) ;
#7329 = DIRECTION ( 'NONE',  ( 0.0000000000000000000, 0.0000000000000000000, 1.000000000000000000 ) ) ;
#7330 = ORIENTED_EDGE ( 'NONE', *, *, #4089, .F. ) ;
#7331 = FACE_BOUND ( 'NONE', #6732, .T. ) ;
#7332 = SURFACE_SIDE_STYLE ('',( #7702 ) ) ;
#7333 = SURFACE_SIDE_STYLE ('',( #4041 ) ) ;
#7334 = EDGE_CURVE ( 'NONE', #1957, #9869, #3147, .T. ) ;
#7335 = CARTESIAN_POINT ( 'NONE',  ( -18.52637596304000700, 28.67900694722999700, 1.075455525903000300 ) ) ;
#7336 = VERTEX_POINT ( 'NONE', #9289 ) ;
#7337 = PRESENTATION_LAYER_ASSIGNMENT (  '', '', ( #5581 ) ) ;
#7338 = ORIENTED_EDGE ( 'NONE', *, *, #10326, .T. ) ;
#7339 = MECHANICAL_DESIGN_GEOMETRIC_PRESENTATION_REPRESENTATION (  '', ( #5582 ), #7911 ) ;
#7340 = UNCERTAINTY_MEASURE_WITH_UNIT (LENGTH_MEASURE( 1.000000000000000100E-005 ), #7408, 'distance_accuracy_value', 'NONE');
#7341 = AXIS2_PLACEMENT_3D ( 'NONE', #2196, #8293, #3073 ) ;
#7342 = LINE ( 'NONE', #2774, #2424 ) ;
#7343 = CARTESIAN_POINT ( 'NONE',  ( -17.11973399852039500, 22.85021841021688300, -0.8872750612916876500 ) ) ;
#7344 = FILL_AREA_STYLE ('',( #1251 ) ) ;
#7345 = CARTESIAN_POINT ( 'NONE',  ( -17.99999999999607400, 22.78811681012819800, 1.249999999999999300 ) ) ;
#7346 = CARTESIAN_POINT ( 'NONE',  ( -17.11961644347098500, 22.66283897096500500, -0.8873695923296773800 ) ) ;
#7347 = CARTESIAN_POINT ( 'NONE',  ( -16.64363058232360600, 25.04586648125793900, 1.098121867467764600 ) ) ;
#7348 = ORIENTED_EDGE ( 'NONE', *, *, #10443, .F. ) ;
#7349 = CIRCLE ( 'NONE', #727, 0.3000000000000016500 ) ;
#7350 =( GEOMETRIC_REPRESENTATION_CONTEXT ( 3 ) GLOBAL_UNCERTAINTY_ASSIGNED_CONTEXT ( ( #10105 ) ) GLOBAL_UNIT_ASSIGNED_CONTEXT ( ( #10871, #5609, #416 ) ) REPRESENTATION_CONTEXT ( 'NONE', 'WORKASPACE' ) );
#7351 =( NAMED_UNIT ( * ) SI_UNIT ( $, .STERADIAN. ) SOLID_ANGLE_UNIT ( ) );
#7352 = CARTESIAN_POINT ( 'NONE',  ( -17.67236888614077700, 27.18254238672952300, 1.217250934198480500 ) ) ;
#7353 = CARTESIAN_POINT ( 'NONE',  ( -17.44571577254950200, 22.82419382214557800, 1.123378912539102000 ) ) ;
#7354 = AXIS2_PLACEMENT_3D ( 'NONE', #8232, #2903, #1308 ) ;
#7355 = UNCERTAINTY_MEASURE_WITH_UNIT (LENGTH_MEASURE( 1.000000000000000100E-005 ), #1935, 'distance_accuracy_value', 'NONE');
#7356 = CARTESIAN_POINT ( 'NONE',  ( -19.54744768073367200, 22.81177819035780300, -0.8068074864416439100 ) ) ;
#7357 = SURFACE_SIDE_STYLE ('',( #9626 ) ) ;
#7358 = CYLINDRICAL_SURFACE ( 'NONE', #1739, 0.3000000000000016500 ) ;
#7359 = ORIENTED_EDGE ( 'NONE', *, *, #8337, .F. ) ;
#7360 = VECTOR ( 'NONE', #6564, 1000.000000000000000 ) ;
#7361 = CARTESIAN_POINT ( 'NONE',  ( -50.00000000000000000, 0.0000000000000000000, 0.0000000000000000000 ) ) ;
#7362 = LINE ( 'NONE', #7210, #5062 ) ;
#7363 = ADVANCED_FACE ( 'NONE', ( #9847 ), #4993, .T. ) ;
#7364 = CARTESIAN_POINT ( 'NONE',  ( -18.00000000000022700, 26.16249605661744600, 1.249999999999999800 ) ) ;
#7365 = CARTESIAN_POINT ( 'NONE',  ( -19.25007938260915800, 26.52675335057560000, -0.1631445095076103900 ) ) ;
#7366 = DIRECTION ( 'NONE',  ( 1.000000000000000000, -0.0000000000000000000, 0.0000000000000000000 ) ) ;
#7367 = CARTESIAN_POINT ( 'NONE',  ( 0.0000000000000000000, 0.0000000000000000000, 0.0000000000000000000 ) ) ;
#7368 = MECHANICAL_DESIGN_GEOMETRIC_PRESENTATION_REPRESENTATION (  '', ( #6191 ), #7940 ) ;
#7369 = ORIENTED_EDGE ( 'NONE', *, *, #2691, .F. ) ;
#7370 = ORIENTED_EDGE ( 'NONE', *, *, #10869, .T. ) ;
#7371 = EDGE_CURVE ( 'NONE', #5954, #4196, #50, .T. ) ;
#7372 = CARTESIAN_POINT ( 'NONE',  ( -9.300000000000002500, 33.00000000000000000, 0.8000000000000001600 ) ) ;
#7373 = ADVANCED_FACE ( 'NONE', ( #6692 ), #1256, .T. ) ;
#7374 =( NAMED_UNIT ( * ) PLANE_ANGLE_UNIT ( ) SI_UNIT ( $, .RADIAN. ) );
#7375 = DIRECTION ( 'NONE',  ( 0.0000000000000000000, 1.000000000000000000, 0.0000000000000000000 ) ) ;
#7376 = ORIENTED_EDGE ( 'NONE', *, *, #7906, .T. ) ;
#7377 = SURFACE_STYLE_USAGE ( .BOTH. , #1281 ) ;
#7378 = CARTESIAN_POINT ( 'NONE',  ( -18.00000000000000400, 28.41093935102359700, 0.0000000000000000000 ) ) ;
#7379 = CARTESIAN_POINT ( 'NONE',  ( -28.00000000000000400, 20.41515138991500300, 5.000000000000000000 ) ) ;
#7380 = CARTESIAN_POINT ( 'NONE',  ( -9.000000000000001800, 39.89999999999999900, -3.149999999999999900 ) ) ;
#7381 = DIRECTION ( 'NONE',  ( 0.0000000000000000000, 1.000000000000000000, 0.0000000000000000000 ) ) ;
#7382 = FACE_OUTER_BOUND ( 'NONE', #7739, .T. ) ;
#7383 = CARTESIAN_POINT ( 'NONE',  ( -19.73678882988898300, 25.85782545149794500, 0.1708045431504612000 ) ) ;
#7384 =( GEOMETRIC_REPRESENTATION_CONTEXT ( 3 ) GLOBAL_UNCERTAINTY_ASSIGNED_CONTEXT ( ( #1696 ) ) GLOBAL_UNIT_ASSIGNED_CONTEXT ( ( #9159, #3947, #10047 ) ) REPRESENTATION_CONTEXT ( 'NONE', 'WORKASPACE' ) );
#7385 = CARTESIAN_POINT ( 'NONE',  ( -18.00000000000000400, 28.41093935102359700, 0.0000000000000000000 ) ) ;
#7386 = AXIS2_PLACEMENT_3D ( 'NONE', #1633, #7722, #2493 ) ;
#7387 = ADVANCED_FACE ( 'NONE', ( #8194 ), #9440, .T. ) ;
#7388 = CARTESIAN_POINT ( 'NONE',  ( -19.09234029435170000, 24.62120134827786100, -0.6291213791948222500 ) ) ;
#7389 = ORIENTED_EDGE ( 'NONE', *, *, #6039, .T. ) ;
#7390 = PRESENTATION_STYLE_ASSIGNMENT (( #9594 ) ) ;
#7391 = CARTESIAN_POINT ( 'NONE',  ( -17.23172295776957300, 27.36010467186073900, -0.9994096410661651400 ) ) ;
#7392 = CARTESIAN_POINT ( 'NONE',  ( -17.36957802656355200, 22.99544524508666000, -1.091779069775751500 ) ) ;
#7393 = CARTESIAN_POINT ( 'NONE',  ( -15.60000000000000300, 38.89999999999999900, -7.599999999999999600 ) ) ;
#7394 = CARTESIAN_POINT ( 'NONE',  ( -3.500000000000003100, 28.49999999999999600, -14.00000000000000000 ) ) ;
#7395 = ORIENTED_EDGE ( 'NONE', *, *, #3731, .T. ) ;
#7396 = LINE ( 'NONE', #2167, #464 ) ;
#7397 = EDGE_CURVE ( 'NONE', #1081, #5752, #2747, .T. ) ;
#7398 = CARTESIAN_POINT ( 'NONE',  ( -19.09275739640935000, 25.99562526712051600, -0.6286304808641951500 ) ) ;
#7399 = MECHANICAL_DESIGN_GEOMETRIC_PRESENTATION_REPRESENTATION (  '', ( #5640 ), #7980 ) ;
#7400 = PLANE ( 'NONE',  #6380 ) ;
#7401 = CARTESIAN_POINT ( 'NONE',  ( -20.00000000000000000, 28.89999999999999900, -7.599999999999999600 ) ) ;
#7402 = CARTESIAN_POINT ( 'NONE',  ( -3.829089958729871700, 11.66190378969063700, 14.99999999999996800 ) ) ;
#7403 = FILL_AREA_STYLE ('',( #4743 ) ) ;
#7404 = DIRECTION ( 'NONE',  ( -1.000000000000000000, -0.0000000000000000000, -0.0000000000000000000 ) ) ;
#7405 = EDGE_LOOP ( 'NONE', ( #6790, #3652, #6504, #6097 ) ) ;
#7406 = ADVANCED_FACE ( 'NONE', ( #7382 ), #1664, .F. ) ;
#7407 = EDGE_CURVE ( 'NONE', #3365, #8045, #10953, .T. ) ;
#7408 =( LENGTH_UNIT ( ) NAMED_UNIT ( * ) SI_UNIT ( .MILLI., .METRE. ) );
#7409 = ADVANCED_FACE ( 'NONE', ( #8319, #8616 ), #10393, .F. ) ;
#7410 = EDGE_LOOP ( 'NONE', ( #3797, #10888, #4489 ) ) ;
#7411 = CARTESIAN_POINT ( 'NONE',  ( -15.49573601964000100, 38.89999999999999900, 9.775999999999999800 ) ) ;
#7412 = DIRECTION ( 'NONE',  ( -0.0000000000000000000, -1.000000000000000000, -0.0000000000000000000 ) ) ;
#7413 = PLANE ( 'NONE',  #9129 ) ;
#7414 = AXIS2_PLACEMENT_3D ( 'NONE', #2508, #8617, #3383 ) ;
#7415 = ORIENTED_EDGE ( 'NONE', *, *, #1564, .T. ) ;
#7416 = DIRECTION ( 'NONE',  ( 0.0000000000000000000, -0.0000000000000000000, 1.000000000000000000 ) ) ;
#7417 = FILL_AREA_STYLE_COLOUR ( '', #5690 ) ;
#7418 = AXIS2_PLACEMENT_3D ( 'NONE', #10207, #4995, #11108 ) ;
#7419 = CARTESIAN_POINT ( 'NONE',  ( -19.30000000000000400, 38.89999999999999100, 8.599999999999999600 ) ) ;
#7420 = DIRECTION ( 'NONE',  ( 0.0000000000000000000, 0.0000000000000000000, 1.000000000000000000 ) ) ;
#7421 = VERTEX_POINT ( 'NONE', #2532 ) ;
#7422 =( NAMED_UNIT ( * ) PLANE_ANGLE_UNIT ( ) SI_UNIT ( $, .RADIAN. ) );
#7423 = DIRECTION ( 'NONE',  ( 0.0000000000000000000, -1.000000000000000000, 0.0000000000000000000 ) ) ;
#7424 =( NAMED_UNIT ( * ) PLANE_ANGLE_UNIT ( ) SI_UNIT ( $, .RADIAN. ) );
#7425 = ADVANCED_FACE ( 'NONE', ( #841 ), #39, .T. ) ;
#7426 = CARTESIAN_POINT ( 'NONE',  ( -18.80845465400926700, 22.93669495500780200, 1.546614435013041500 ) ) ;
#7427 =( NAMED_UNIT ( * ) PLANE_ANGLE_UNIT ( ) SI_UNIT ( $, .RADIAN. ) );
#7428 = STYLED_ITEM ( 'NONE', ( #8702 ), #6473 ) ;
#7429 = MECHANICAL_DESIGN_GEOMETRIC_PRESENTATION_REPRESENTATION (  '', ( #5678 ), #8018 ) ;
#7430 = CARTESIAN_POINT ( 'NONE',  ( -28.00000000000000400, 14.57553825991000100, 12.48000000000000200 ) ) ;
#7431 = EDGE_CURVE ( 'NONE', #7134, #10185, #5385, .T. ) ;
#7432 = ORIENTED_EDGE ( 'NONE', *, *, #9307, .T. ) ;
#7433 =( NAMED_UNIT ( * ) PLANE_ANGLE_UNIT ( ) SI_UNIT ( $, .RADIAN. ) );
#7434 = SURFACE_STYLE_FILL_AREA ( #6406 ) ;
#7435 = DIRECTION ( 'NONE',  ( 0.0000000000000000000, 0.0000000000000000000, 1.000000000000000000 ) ) ;
#7436 = CARTESIAN_POINT ( 'NONE',  ( -3.000000000000002700, 12.84523257866612800, 13.99999999999938700 ) ) ;
#7437 = CARTESIAN_POINT ( 'NONE',  ( -16.99895726348014300, 25.46482525197801300, -0.7665497212117445800 ) ) ;
#7438 = ADVANCED_FACE ( 'NONE', ( #9012 ), #2677, .F. ) ;
#7439 = ORIENTED_EDGE ( 'NONE', *, *, #6018, .F. ) ;
#7440 = ORIENTED_EDGE ( 'NONE', *, *, #2955, .T. ) ;
#7441 = UNCERTAINTY_MEASURE_WITH_UNIT (LENGTH_MEASURE( 1.000000000000000100E-005 ), #11211, 'distance_accuracy_value', 'NONE');
#7442 = CARTESIAN_POINT ( 'NONE',  ( -16.74997412625596700, 26.28211305438224000, 0.08171197158280445200 ) ) ;
#7443 = EDGE_LOOP ( 'NONE', ( #559, #4219, #191, #984, #2024 ) ) ;
#7444 = SURFACE_STYLE_FILL_AREA ( #1927 ) ;
#7445 =( GEOMETRIC_REPRESENTATION_CONTEXT ( 3 ) GLOBAL_UNCERTAINTY_ASSIGNED_CONTEXT ( ( #1337 ) ) GLOBAL_UNIT_ASSIGNED_CONTEXT ( ( #1198, #7278, #2047 ) ) REPRESENTATION_CONTEXT ( 'NONE', 'WORKASPACE' ) );
#7446 = EDGE_CURVE ( 'NONE', #4070, #5204, #8656, .T. ) ;
#7447 = CARTESIAN_POINT ( 'NONE',  ( -18.63038804441873700, 24.45389685286920000, -1.091870255558947900 ) ) ;
#7448 = CIRCLE ( 'NONE', #835, 17.00000000000000000 ) ;
#7449 = CARTESIAN_POINT ( 'NONE',  ( -17.23809035766765500, 28.21472175423248200, 0.9943150687255334400 ) ) ;
#7450 = CARTESIAN_POINT ( 'NONE',  ( -19.26626714666019800, 28.54703066083575200, 0.1711331756758900100 ) ) ;
#7451 = DIRECTION ( 'NONE',  ( 1.000000000000000000, -0.0000000000000000000, -0.0000000000000000000 ) ) ;
#7452 = DIRECTION ( 'NONE',  ( -0.0000000000000000000, -1.000000000000000000, -0.0000000000000000000 ) ) ;
#7453 = ORIENTED_EDGE ( 'NONE', *, *, #1943, .T. ) ;
#7454 = SURFACE_SIDE_STYLE ('',( #109 ) ) ;
#7455 = ADVANCED_FACE ( 'NONE', ( #1245, #3550 ), #8852, .T. ) ;
#7456 = ORIENTED_EDGE ( 'NONE', *, *, #10411, .F. ) ;
#7457 = PRESENTATION_STYLE_ASSIGNMENT (( #8523 ) ) ;
#7458 = LINE ( 'NONE', #9888, #2819 ) ;
#7459 = CARTESIAN_POINT ( 'NONE',  ( -16.82897750635348200, 26.38349324383688500, 0.4604238596997249400 ) ) ;
#7460 = APPLICATION_CONTEXT ( 'automotive_design' ) ;
#7461 = SURFACE_SIDE_STYLE ('',( #3226 ) ) ;
#7462 = COLOUR_RGB ( '',0.0000000000000000000, 0.0000000000000000000, 0.0000000000000000000 ) ;
#7463 = EDGE_LOOP ( 'NONE', ( #3124, #2807, #7206, #7225 ) ) ;
#7464 = DIRECTION ( 'NONE',  ( -1.000000000000000000, -0.0000000000000000000, -0.0000000000000000000 ) ) ;
#7465 =( LENGTH_UNIT ( ) NAMED_UNIT ( * ) SI_UNIT ( .MILLI., .METRE. ) );
#7466 = AXIS2_PLACEMENT_3D ( 'NONE', #10449, #5222, #20 ) ;
#7467 = SURFACE_SIDE_STYLE ('',( #5858 ) ) ;
#7468 = STYLED_ITEM ( 'NONE', ( #2415 ), #8504 ) ;
#7469 = EDGE_LOOP ( 'NONE', ( #7299, #4847, #9390, #10406, #1168, #7734, #3004, #3312, #4021, #10094, #9428, #789, #11064, #7835, #657, #9671, #6561, #1711, #8264, #5889 ) ) ;
#7470 = CARTESIAN_POINT ( 'NONE',  ( -19.27860460672999900, 27.60230938543000100, -0.1280697349166000100 ) ) ;
#7471 = CARTESIAN_POINT ( 'NONE',  ( -18.13418638373501000, 28.04642644638543200, -1.249999999999972500 ) ) ;
#7472 = UNCERTAINTY_MEASURE_WITH_UNIT (LENGTH_MEASURE( 1.000000000000000100E-005 ), #5291, 'distance_accuracy_value', 'NONE');
#7473 = CARTESIAN_POINT ( 'NONE',  ( -16.75010502900518400, 27.40175686983769400, 0.1637793896886226800 ) ) ;
#7474 = SURFACE_STYLE_USAGE ( .BOTH. , #1390 ) ;
#7475 = SURFACE_SIDE_STYLE ('',( #11012 ) ) ;
#7476 = EDGE_CURVE ( 'NONE', #6016, #8488, #1524, .T. ) ;
#7477 = CARTESIAN_POINT ( 'NONE',  ( -0.3000000000000016500, 1.420590287010929500E-015, -11.60000000000000000 ) ) ;
#7478 = AXIS2_PLACEMENT_3D ( 'NONE', #8502, #4179, #8579 ) ;
#7479 = STYLED_ITEM ( 'NONE', ( #5716 ), #11282 ) ;
#7480 = SURFACE_SIDE_STYLE ('',( #8748 ) ) ;
#7481 = AXIS2_PLACEMENT_3D ( 'NONE', #4325, #10453, #5227 ) ;
#7482 = CYLINDRICAL_SURFACE ( 'NONE', #8149, 1.250000000000000000 ) ;
#7483 = EDGE_LOOP ( 'NONE', ( #6521, #2565, #9082, #8258 ) ) ;
#7484 = CARTESIAN_POINT ( 'NONE',  ( -17.87557079704000500, 25.74297138848999800, 1.278964014190999900 ) ) ;
#7485 = VERTEX_POINT ( 'NONE', #2790 ) ;
#7486 = COLOUR_RGB ( '',0.7921568627450980000, 0.8196078431372548800, 0.9333333333333333500 ) ;
#7487 = CARTESIAN_POINT ( 'NONE',  ( -18.55465534430624100, 24.62618314915665600, 1.123212071828591000 ) ) ;
#7488 = CARTESIAN_POINT ( 'NONE',  ( -17.83482798061335100, 28.40235204223735400, -1.249999999999224400 ) ) ;
#7489 =( NAMED_UNIT ( * ) SI_UNIT ( $, .STERADIAN. ) SOLID_ANGLE_UNIT ( ) );
#7490 = CARTESIAN_POINT ( 'NONE',  ( -18.00000000000000400, 34.89999999999999900, 8.599999999999999600 ) ) ;
#7491 = CARTESIAN_POINT ( 'NONE',  ( -17.99999999999998200, 27.41253292419750000, -1.250000000000000000 ) ) ;
#7492 = CARTESIAN_POINT ( 'NONE',  ( -17.07746021765000300, 24.52864629891999500, -1.146835258011999800 ) ) ;
#7493 = CARTESIAN_POINT ( 'NONE',  ( -1.444020278706814200, 16.78820545322528800, 0.0000000000000000000 ) ) ;
#7494 = UNCERTAINTY_MEASURE_WITH_UNIT (LENGTH_MEASURE( 1.000000000000000100E-005 ), #11071, 'distance_accuracy_value', 'NONE');
#7495 = ORIENTED_EDGE ( 'NONE', *, *, #744, .T. ) ;
#7496 = MECHANICAL_DESIGN_GEOMETRIC_PRESENTATION_REPRESENTATION (  '', ( #6331 ), #8083 ) ;
#7497 = FILL_AREA_STYLE_COLOUR ( '', #2126 ) ;
#7498 = LINE ( 'NONE', #6407, #3127 ) ;
#7499 = MECHANICAL_DESIGN_GEOMETRIC_PRESENTATION_REPRESENTATION (  '', ( #6334 ), #8084 ) ;
#7500 = FILL_AREA_STYLE_COLOUR ( '', #7284 ) ;
#7501 = EDGE_CURVE ( 'NONE', #4196, #10193, #9430, .T. ) ;
#7502 = CARTESIAN_POINT ( 'NONE',  ( -19.66932762067918000, 23.87357068989864200, 0.5088761425823253900 ) ) ;
#7503 = SURFACE_SIDE_STYLE ('',( #4549 ) ) ;
#7504 = CARTESIAN_POINT ( 'NONE',  ( -3.000000000000002700, 14.07072955608109400, 9.892146873130997200 ) ) ;
#7505 = CARTESIAN_POINT ( 'NONE',  ( -16.94433764602000600, 26.12494841403000500, -1.279113202312999900 ) ) ;
#7506 = VERTEX_POINT ( 'NONE', #9776 ) ;
#7507 = VECTOR ( 'NONE', #10255, 1000.000000000000000 ) ;
#7508 = FILL_AREA_STYLE_COLOUR ( '', #9729 ) ;
#7509 = SURFACE_STYLE_FILL_AREA ( #3370 ) ;
#7510 = CARTESIAN_POINT ( 'NONE',  ( -17.17970531871000600, 26.79035041519000200, 0.9891148628871999600 ) ) ;
#7511 = CARTESIAN_POINT ( 'NONE',  ( -19.13254030420519700, 28.19882635047235600, 0.5453537330811841800 ) ) ;
#7512 = CARTESIAN_POINT ( 'NONE',  ( -17.99999999999998900, 23.66191303871152100, 1.250000000000000200 ) ) ;
#7513 = CARTESIAN_POINT ( 'NONE',  ( -18.32758371727663500, 27.93253629091855600, -1.217247850398376100 ) ) ;
#7514 =( GEOMETRIC_REPRESENTATION_CONTEXT ( 3 ) GLOBAL_UNCERTAINTY_ASSIGNED_CONTEXT ( ( #2333 ) ) GLOBAL_UNIT_ASSIGNED_CONTEXT ( ( #825, #6905, #1705 ) ) REPRESENTATION_CONTEXT ( 'NONE', 'WORKASPACE' ) );
#7515 = CYLINDRICAL_SURFACE ( 'NONE', #3166, 18.59999998953394100 ) ;
#7516 = EDGE_CURVE ( 'NONE', #8962, #3039, #7093, .T. ) ;
#7517 = ORIENTED_EDGE ( 'NONE', *, *, #10986, .F. ) ;
#7518 = SURFACE_STYLE_USAGE ( .BOTH. , #1429 ) ;
#7519 = COLOUR_RGB ( '',1.000000000000000000, 1.000000000000000000, 0.9490196078431372100 ) ;
#7520 =( NAMED_UNIT ( * ) PLANE_ANGLE_UNIT ( ) SI_UNIT ( $, .RADIAN. ) );
#7521 = ADVANCED_FACE ( 'NONE', ( #2735 ), #4581, .T. ) ;
#7522 = CARTESIAN_POINT ( 'NONE',  ( -50.00000000000000000, 9.500000000000000000, 0.0000000000000000000 ) ) ;
#7523 = SURFACE_SIDE_STYLE ('',( #495 ) ) ;
#7524 = CARTESIAN_POINT ( 'NONE',  ( -17.39453914038488600, 26.50643172115461600, 1.453581899612833100 ) ) ;
#7525 = ORIENTED_EDGE ( 'NONE', *, *, #6735, .T. ) ;
#7526 = FILL_AREA_STYLE_COLOUR ( '', #7982 ) ;
#7527 = CARTESIAN_POINT ( 'NONE',  ( -1.444020278706815300, 15.46179454901447800, 0.0000000000000000000 ) ) ;
#7528 = SURFACE_STYLE_FILL_AREA ( #7591 ) ;
#7529 =( GEOMETRIC_REPRESENTATION_CONTEXT ( 3 ) GLOBAL_UNCERTAINTY_ASSIGNED_CONTEXT ( ( #10143 ) ) GLOBAL_UNIT_ASSIGNED_CONTEXT ( ( #7760, #2535, #8638 ) ) REPRESENTATION_CONTEXT ( 'NONE', 'WORKASPACE' ) );
#7530 = VECTOR ( 'NONE', #307, 1000.000000000000000 ) ;
#7531 = CARTESIAN_POINT ( 'NONE',  ( -19.76503070915000000, 23.82143869971999800, 0.5380501752205999500 ) ) ;
#7532 = PRESENTATION_LAYER_ASSIGNMENT (  '', '', ( #6940 ) ) ;
#7533 = FILL_AREA_STYLE ('',( #5791 ) ) ;
#7534 =( NAMED_UNIT ( * ) SI_UNIT ( $, .STERADIAN. ) SOLID_ANGLE_UNIT ( ) );
#7535 = DIRECTION ( 'NONE',  ( 0.0000000000000000000, 1.000000000000000000, 0.0000000000000000000 ) ) ;
#7536 = EDGE_LOOP ( 'NONE', ( #5025, #10560, #2227, #1740 ) ) ;
#7537 = LINE ( 'NONE', #168, #7268 ) ;
#7538 =( NAMED_UNIT ( * ) SI_UNIT ( $, .STERADIAN. ) SOLID_ANGLE_UNIT ( ) );
#7539 = CARTESIAN_POINT ( 'NONE',  ( -9.400000000000005700, 28.89999999999999500, 3.149999999999999900 ) ) ;
#7540 = FACE_OUTER_BOUND ( 'NONE', #10591, .T. ) ;
#7541 = CARTESIAN_POINT ( 'NONE',  ( -16.82547399920000700, 26.22224935330999800, -1.423136581899999900 ) ) ;
#7542 = SURFACE_STYLE_FILL_AREA ( #10486 ) ;
#7543 = ORIENTED_EDGE ( 'NONE', *, *, #9307, .F. ) ;
#7544 = ORIENTED_EDGE ( 'NONE', *, *, #5907, .F. ) ;
#7545 = EDGE_CURVE ( 'NONE', #8933, #10981, #6276, .T. ) ;
#7546 = AXIS2_PLACEMENT_3D ( 'NONE', #5099, #1806, #9633 ) ;
#7547 = CARTESIAN_POINT ( 'NONE',  ( -19.14322514555000500, 28.26173576565000200, 0.9264435047094001800 ) ) ;
#7548 = LINE ( 'NONE', #7819, #2911 ) ;
#7549 = MECHANICAL_DESIGN_GEOMETRIC_PRESENTATION_REPRESENTATION (  '', ( #5806 ), #8133 ) ;
#7550 = CARTESIAN_POINT ( 'NONE',  ( -19.23071526220000400, 24.13346692085000100, 0.3695559064167999700 ) ) ;
#7551 =( GEOMETRIC_REPRESENTATION_CONTEXT ( 3 ) GLOBAL_UNCERTAINTY_ASSIGNED_CONTEXT ( ( #1549 ) ) GLOBAL_UNIT_ASSIGNED_CONTEXT ( ( #7280, #2051, #8153 ) ) REPRESENTATION_CONTEXT ( 'NONE', 'WORKASPACE' ) );
#7552 = PRESENTATION_STYLE_ASSIGNMENT (( #946 ) ) ;
#7553 = CARTESIAN_POINT ( 'NONE',  ( -9.300000000000002500, 33.00000000000000000, -0.3500000000000001400 ) ) ;
#7554 = CARTESIAN_POINT ( 'NONE',  ( -18.76910739991215500, 28.11001525029703200, 0.9988221226957549900 ) ) ;
#7555 = ADVANCED_FACE ( 'NONE', ( #1652 ), #301, .F. ) ;
#7556 = LINE ( 'NONE', #5887, #7282 ) ;
#7557 = CARTESIAN_POINT ( 'NONE',  ( -16.87616027783776200, 23.82378032241118500, -0.5532995355989828200 ) ) ;
#7558 = SURFACE_STYLE_FILL_AREA ( #9261 ) ;
#7559 = ORIENTED_EDGE ( 'NONE', *, *, #9118, .F. ) ;
#7560 = CARTESIAN_POINT ( 'NONE',  ( -17.67267729237786300, 27.68251503510231300, 1.217457677844425700 ) ) ;
#7561 =( BOUNDED_CURVE ( )  B_SPLINE_CURVE ( 3, ( #8783, #5294, #3519, #3558 ),
 .UNSPECIFIED., .F., .F. ) 
 B_SPLINE_CURVE_WITH_KNOTS ( ( 4, 4 ),
 ( 1.733196150964137100, 3.005719313013686600 ),
 .UNSPECIFIED. ) 
 CURVE ( )  GEOMETRIC_REPRESENTATION_ITEM ( )  RATIONAL_B_SPLINE_CURVE ( ( 1.000000000000000000, 0.8695484763366178000, 0.8695484763366178000, 1.000000000000000000 ) ) 
 REPRESENTATION_ITEM ( '' )  );
#7562 = ORIENTED_EDGE ( 'NONE', *, *, #4709, .T. ) ;
#7563 = SURFACE_STYLE_FILL_AREA ( #658 ) ;
#7564 = EDGE_CURVE ( 'NONE', #3869, #2173, #8447, .T. ) ;
#7565 = SURFACE_STYLE_USAGE ( .BOTH. , #1480 ) ;
#7566 = SURFACE_STYLE_USAGE ( .BOTH. , #1481 ) ;
#7567 = CARTESIAN_POINT ( 'NONE',  ( -17.99999999999974800, 25.91249009546049100, -1.250000000000000000 ) ) ;
#7568 = CARTESIAN_POINT ( 'NONE',  ( -19.40426398036000300, 28.69999999999999600, -8.599999999999999600 ) ) ;
#7569 = MECHANICAL_DESIGN_GEOMETRIC_PRESENTATION_REPRESENTATION (  '', ( #5826 ), #8147 ) ;
#7571 = EDGE_LOOP ( 'NONE', ( #545, #8152, #1218, #5309 ) ) ;
#7570 = DIRECTION ( 'NONE',  ( -1.000000000000000000, 0.0000000000000000000, 0.0000000000000000000 ) ) ;
#7572 = DIRECTION ( 'NONE',  ( 0.0000000000000000000, 1.000000000000000000, 0.0000000000000000000 ) ) ;
#7573 = STYLED_ITEM ( 'NONE', ( #2845 ), #9839 ) ;
#7574 = VECTOR ( 'NONE', #10835, 1000.000000000000000 ) ;
#7575 = B_SPLINE_CURVE_WITH_KNOTS ( 'NONE', 3,
 ( #10694, #6317, #1115, #7197, #1979, #8069, #2844, #8949, #3726, #9829 ),
 .UNSPECIFIED., .F., .F.,
 ( 4, 2, 2, 2, 4 ),
 ( 4.201200250671568300E-008, 0.0004294707495661494300, 0.0008588994871297922200, 0.001288328224693434900, 0.001717756962257077600 ),
 .UNSPECIFIED. ) ;
#7576 = CARTESIAN_POINT ( 'NONE',  ( -16.36561485678000200, 23.00947972947999900, 0.8565144736185003000 ) ) ;
#7577 = VECTOR ( 'NONE', #2537, 1000.000000000000000 ) ;
#7578 = CARTESIAN_POINT ( 'NONE',  ( -32.00000000000121500, 28.99999999999999600, -14.49999999999955800 ) ) ;
#7579 = VECTOR ( 'NONE', #5657, 1000.000000000000000 ) ;
#7580 = CARTESIAN_POINT ( 'NONE',  ( -23.38000000000000300, 0.0000000000000000000, 0.0000000000000000000 ) ) ;
#7581 = CARTESIAN_POINT ( 'NONE',  ( -19.17154673327000200, 25.86815184364999400, 1.425590985912999800 ) ) ;
#7582 = ORIENTED_EDGE ( 'NONE', *, *, #1756, .T. ) ;
#7583 = CARTESIAN_POINT ( 'NONE',  ( -19.83558782878000000, 25.41029038307000200, 0.1882783001242000200 ) ) ;
#7584 = CARTESIAN_POINT ( 'NONE',  ( -0.8529462969709826800, -15.05000000000000400, 30.09999999999999100 ) ) ;
#7585 = STYLED_ITEM ( 'NONE', ( #4808 ), #6723 ) ;
#7586 =( LENGTH_UNIT ( ) NAMED_UNIT ( * ) SI_UNIT ( .MILLI., .METRE. ) );
#7587 = EDGE_CURVE ( 'NONE', #10320, #6351, #7498, .T. ) ;
#7588 = ORIENTED_EDGE ( 'NONE', *, *, #9990, .T. ) ;
#7589 = UNCERTAINTY_MEASURE_WITH_UNIT (LENGTH_MEASURE( 1.000000000000000100E-005 ), #3108, 'distance_accuracy_value', 'NONE');
#7590 = CARTESIAN_POINT ( 'NONE',  ( -16.53528286263999900, 27.44977679541000300, 0.1436172629762000100 ) ) ;
#7591 = FILL_AREA_STYLE ('',( #3999 ) ) ;
#7592 = EDGE_LOOP ( 'NONE', ( #2833, #65, #8798, #6106 ) ) ;
#7593 = CARTESIAN_POINT ( 'NONE',  ( -16.86432648315000500, 23.32150795060999800, 0.6012297852217000100 ) ) ;
#7594 = CARTESIAN_POINT ( 'NONE',  ( -18.00000000000000400, 28.90000000000000200, -10.50000000000000000 ) ) ;
#7595 =( NAMED_UNIT ( * ) SI_UNIT ( $, .STERADIAN. ) SOLID_ANGLE_UNIT ( ) );
#7596 = CYLINDRICAL_SURFACE ( 'NONE', #9609, 0.9999999999999956700 ) ;
#7597 = SURFACE_STYLE_USAGE ( .BOTH. , #1509 ) ;
#7598 = CARTESIAN_POINT ( 'NONE',  ( -17.59750014455772800, 27.88602459169859700, -1.186263352768539800 ) ) ;
#7599 = PRESENTATION_STYLE_ASSIGNMENT (( #2228 ) ) ;
#7600 = VERTEX_POINT ( 'NONE', #7328 ) ;
#7601 = VECTOR ( 'NONE', #3294, 1000.000000000000000 ) ;
#7602 =( GEOMETRIC_REPRESENTATION_CONTEXT ( 3 ) GLOBAL_UNCERTAINTY_ASSIGNED_CONTEXT ( ( #7765 ) ) GLOBAL_UNIT_ASSIGNED_CONTEXT ( ( #4640, #10778, #5513 ) ) REPRESENTATION_CONTEXT ( 'NONE', 'WORKASPACE' ) );
#7603 = CARTESIAN_POINT ( 'NONE',  ( -17.00807824727000700, 25.80542977081000100, 0.8168982969790999900 ) ) ;
#7604 =( NAMED_UNIT ( * ) PLANE_ANGLE_UNIT ( ) SI_UNIT ( $, .RADIAN. ) );
#7605 = EDGE_CURVE ( 'NONE', #9788, #6724, #2860, .T. ) ;
#7606 = SURFACE_SIDE_STYLE ('',( #7799 ) ) ;
#7607 =( LENGTH_UNIT ( ) NAMED_UNIT ( * ) SI_UNIT ( .MILLI., .METRE. ) );
#7608 = CARTESIAN_POINT ( 'NONE',  ( -17.83544318220749900, 26.67335381484520700, 1.250000000000073700 ) ) ;
#7609 = CARTESIAN_POINT ( 'NONE',  ( -19.24989457283098200, 23.65294751961710800, -0.1638228705378016500 ) ) ;
#7610 =( NAMED_UNIT ( * ) PLANE_ANGLE_UNIT ( ) SI_UNIT ( $, .RADIAN. ) );
#7611 = DIRECTION ( 'NONE',  ( 0.0000000000000000000, 0.0000000000000000000, 1.000000000000000000 ) ) ;
#7612 = DIRECTION ( 'NONE',  ( 0.0000000000000000000, 1.000000000000000000, 0.0000000000000000000 ) ) ;
#7613 = SURFACE_STYLE_FILL_AREA ( #5461 ) ;
#7614 = ORIENTED_EDGE ( 'NONE', *, *, #2926, .T. ) ;
#7615 = CARTESIAN_POINT ( 'NONE',  ( -18.78669258420000100, 24.48086507994000300, 1.460000248737999900 ) ) ;
#7616 = CARTESIAN_POINT ( 'NONE',  ( -18.00000000000000400, 34.89999999999999900, 9.399999999999998600 ) ) ;
#7617 = COLOUR_RGB ( '',1.000000000000000000, 0.0000000000000000000, 0.0000000000000000000 ) ;
#7618 = PLANE ( 'NONE',  #8989 ) ;
#7619 = CARTESIAN_POINT ( 'NONE',  ( -19.25010450150075100, 27.67325710677356600, 0.1621721073128243000 ) ) ;
#7620 = EDGE_CURVE ( 'NONE', #6671, #593, #5197, .T. ) ;
#7621 = CARTESIAN_POINT ( 'NONE',  ( -16.16481006052000800, 25.05619287341000100, -0.1921178015442000000 ) ) ;
#7622 = FILL_AREA_STYLE ('',( #3189 ) ) ;
#7623 = CARTESIAN_POINT ( 'NONE',  ( -16.42860750168999900, 24.61915087360000200, 0.7026759967506000000 ) ) ;
#7624 = PRESENTATION_LAYER_ASSIGNMENT (  '', '', ( #6441 ) ) ;
#7625 = ORIENTED_EDGE ( 'NONE', *, *, #5990, .F. ) ;
#7626 = VECTOR ( 'NONE', #11140, 1000.000000000000000 ) ;
#7627 = UNCERTAINTY_MEASURE_WITH_UNIT (LENGTH_MEASURE( 1.000000000000000100E-005 ), #2359, 'distance_accuracy_value', 'NONE');
#7628 = AXIS2_PLACEMENT_3D ( 'NONE', #5725, #4980, #8469 ) ;
#7629 = CARTESIAN_POINT ( 'NONE',  ( -33.00000000000000000, 20.67261628933499700, 5.000000000000001800 ) ) ;
#7630 = CARTESIAN_POINT ( 'NONE',  ( -18.16512352500639300, 25.15157038353476100, 1.249999999999956000 ) ) ;
#7631 = CARTESIAN_POINT ( 'NONE',  ( -18.94187091814000500, 26.63781782517001100, -1.130886952388999900 ) ) ;
#7632 = CARTESIAN_POINT ( 'NONE',  ( -9.300000000000002500, 31.50000000000000000, 0.0000000000000000000 ) ) ;
#7633 = CARTESIAN_POINT ( 'NONE',  ( -18.38627589989000200, 22.50954898036000200, -1.225660022496999800 ) ) ;
#7634 = CARTESIAN_POINT ( 'NONE',  ( -28.00000000000000400, 22.50000000000000000, 0.0000000000000000000 ) ) ;
#7635 = VERTEX_POINT ( 'NONE', #4739 ) ;
#7636 = DIRECTION ( 'NONE',  ( 1.000000000000000000, -0.0000000000000000000, -0.0000000000000000000 ) ) ;
#7637 = EDGE_CURVE ( 'NONE', #9991, #5983, #4919, .T. ) ;
#7638 = COLOUR_RGB ( '',0.9803921568627450600, 0.6274509803921568500, 0.0000000000000000000 ) ;
#7639 = CARTESIAN_POINT ( 'NONE',  ( -17.44571722135967900, 23.32420949197497300, 1.123379607164140400 ) ) ;
#7640 = AXIS2_PLACEMENT_3D ( 'NONE', #8531, #6243, #9724 ) ;
#7641 = FACE_OUTER_BOUND ( 'NONE', #6315, .T. ) ;
#7642 = ORIENTED_EDGE ( 'NONE', *, *, #7620, .T. ) ;
#7643 = SURFACE_STYLE_FILL_AREA ( #7275 ) ;
#7644 = CARTESIAN_POINT ( 'NONE',  ( -3.500000000000003100, 28.49999999999999600, -14.00000000000000000 ) ) ;
#7645 =( NAMED_UNIT ( * ) PLANE_ANGLE_UNIT ( ) SI_UNIT ( $, .RADIAN. ) );
#7646 = DIRECTION ( 'NONE',  ( 0.0000000000000000000, -1.000000000000000000, 0.0000000000000000000 ) ) ;
#7647 = CARTESIAN_POINT ( 'NONE',  ( -17.67286308332438700, 25.89084105787540900, -1.217514044162117700 ) ) ;
#7648 = DIRECTION ( 'NONE',  ( 0.0000000000000000000, 0.0000000000000000000, -1.000000000000000000 ) ) ;
#7649 = DIRECTION ( 'NONE',  ( -1.000000000000000000, -0.0000000000000000000, -0.0000000000000000000 ) ) ;
#7650 = B_SPLINE_CURVE_WITH_KNOTS ( 'NONE', 3,
 ( #452, #5646, #2172, #8269, #3045, #9151, #3934, #10033, #4810, #10940, #5686, #487, #6548, #1351, #7437, #2206, #8302, #3088, #9191, #3964 ),
 .UNSPECIFIED., .F., .F.,
 ( 4, 2, 2, 2, 2, 2, 2, 2, 2, 4 ),
 ( -0.01566080547735797200, -0.01517140856003169000, -0.01492671010136854500, -0.01468201164270539900, -0.01419261472537910700, -0.01370321780805281600, -0.01321382089072652300, -0.01272442397340023100, -0.01223502705607394000, -0.01174563013874764700 ),
 .UNSPECIFIED. ) ;
#7651 = CARTESIAN_POINT ( 'NONE',  ( -16.41460795271999700, 23.66890610969999600, -0.4869163532775999700 ) ) ;
#7652 = FACE_OUTER_BOUND ( 'NONE', #6497, .T. ) ;
#7653 = COLOUR_RGB ( '',1.000000000000000000, 1.000000000000000000, 0.9490196078431372100 ) ;
#7654 = AXIS2_PLACEMENT_3D ( 'NONE', #8691, #3456, #9584 ) ;
#7655 = CARTESIAN_POINT ( 'NONE',  ( -3.000000000000002700, 0.0000000000000000000, 0.0000000000000000000 ) ) ;
#7656 = ORIENTED_EDGE ( 'NONE', *, *, #3716, .T. ) ;
#7657 = STYLED_ITEM ( 'NONE', ( #5823 ), #10336 ) ;
#7658 = EDGE_CURVE ( 'NONE', #6069, #4972, #3613, .T. ) ;
#7659 = CARTESIAN_POINT ( 'NONE',  ( -17.84605052273000000, 26.52757822386000400, 1.651026585001999800 ) ) ;
#7660 = CARTESIAN_POINT ( 'NONE',  ( -0.3040217494789085300, -15.11695286011187600, -1.851292793299743300E-015 ) ) ;
#7661 = CARTESIAN_POINT ( 'NONE',  ( -17.67237642276510500, 23.18373178459982900, 1.217251869101778800 ) ) ;
#7662 =( LENGTH_UNIT ( ) NAMED_UNIT ( * ) SI_UNIT ( .MILLI., .METRE. ) );
#7663 = CARTESIAN_POINT ( 'NONE',  ( -18.62932354729851200, 23.62121452064846500, 1.092302927839611700 ) ) ;
#7664 = ORIENTED_EDGE ( 'NONE', *, *, #1580, .F. ) ;
#7665 = FACE_OUTER_BOUND ( 'NONE', #11010, .T. ) ;
#7666 = CARTESIAN_POINT ( 'NONE',  ( -16.71349383504999900, 28.10920317562000300, -1.046643366891000200 ) ) ;
#7667 = CARTESIAN_POINT ( 'NONE',  ( -17.00078135525337000, 25.33921023046720900, -0.7685407032330283700 ) ) ;
#7668 = CARTESIAN_POINT ( 'NONE',  ( -16.59132168527000700, 23.98093433081999500, -0.4262013795100000900 ) ) ;
#7669 = PRESENTATION_STYLE_ASSIGNMENT (( #7377 ) ) ;
#7670 = CARTESIAN_POINT ( 'NONE',  ( -19.30000000000000400, 28.89999999999999500, -8.300000000000000700 ) ) ;
#7671 = STYLED_ITEM ( 'NONE', ( #6405 ), #7686 ) ;
#7672 = ADVANCED_FACE ( 'NONE', ( #297 ), #10405, .F. ) ;
#7673 = CARTESIAN_POINT ( 'NONE',  ( -28.00000000000000700, 22.50000000000000400, -2.000000000000000400 ) ) ;
#7674 = B_SPLINE_CURVE_WITH_KNOTS ( 'NONE', 3,
 ( #10946, #10041, #1358, #7447, #2213, #8311, #3092, #9201, #3975, #10082, #4862, #10987, #5741, #537, #6592, #1398, #7487, #2249, #8356, #3133 ),
 .UNSPECIFIED., .F., .F.,
 ( 4, 2, 2, 2, 2, 2, 2, 2, 2, 4 ),
 ( 0.02447103835427195300, 0.02496050275061843100, 0.02544996714696490900, 0.02593943154331138800, 0.02642889593965786600, 0.02691836033600434500, 0.02740782473235082300, 0.02765255693052406200, 0.02789728912869730200, 0.02838675352504378000 ),
 .UNSPECIFIED. ) ;
#7675 = EDGE_CURVE ( 'NONE', #1147, #7694, #10814, .T. ) ;
#7676 = CARTESIAN_POINT ( 'NONE',  ( -17.36957746940034000, 23.49544828339822900, -1.091778661851442900 ) ) ;
#7677 = ORIENTED_EDGE ( 'NONE', *, *, #11130, .F. ) ;
#7678 = LINE ( 'NONE', #3007, #5373 ) ;
#7679 = DIRECTION ( 'NONE',  ( 0.0000000000000000000, 1.000000000000000000, 0.0000000000000000000 ) ) ;
#7680 = CARTESIAN_POINT ( 'NONE',  ( -20.10000000000000500, 38.89999999999999100, -9.099999999999999600 ) ) ;
#7681 = SURFACE_SIDE_STYLE ('',( #1292 ) ) ;
#7682 = VERTEX_POINT ( 'NONE', #8731 ) ;
#7683 = CARTESIAN_POINT ( 'NONE',  ( -17.23192639360345900, 25.71417414870349900, 0.9998657522090537200 ) ) ;
#7684 = CARTESIAN_POINT ( 'NONE',  ( -17.11961644347169600, 22.47583507941661900, -0.8873695923309412600 ) ) ;
#7685 =( LENGTH_UNIT ( ) NAMED_UNIT ( * ) SI_UNIT ( .MILLI., .METRE. ) );
#7686 = ADVANCED_FACE ( 'NONE', ( #4084 ), #1765, .T. ) ;
#7687 =( NAMED_UNIT ( * ) PLANE_ANGLE_UNIT ( ) SI_UNIT ( $, .RADIAN. ) );
#7688 = ORIENTED_EDGE ( 'NONE', *, *, #2588, .F. ) ;
#7689 = CIRCLE ( 'NONE', #6168, 16.99999999999999600 ) ;
#7690 = UNCERTAINTY_MEASURE_WITH_UNIT (LENGTH_MEASURE( 1.000000000000000100E-005 ), #7097, 'distance_accuracy_value', 'NONE');
#7691 = CARTESIAN_POINT ( 'NONE',  ( -19.47058137127000400, 22.85694713946000400, -0.7667309690172000600 ) ) ;
#7692 = STYLED_ITEM ( 'NONE', ( #5913 ), #1506 ) ;
#7693 = CARTESIAN_POINT ( 'NONE',  ( -12.44528472922345600, 16.98192601494971800, -7.342458890309859300 ) ) ;
#7694 = VERTEX_POINT ( 'NONE', #2625 ) ;
#7695 = CARTESIAN_POINT ( 'NONE',  ( -19.09253902776023500, 27.49504594869131000, -0.6290011405627640200 ) ) ;
#7696 = VERTEX_POINT ( 'NONE', #5315 ) ;
#7697 = PRESENTATION_STYLE_ASSIGNMENT (( #1377 ) ) ;
#7698 = CARTESIAN_POINT ( 'NONE',  ( -16.94969814478000800, 25.71561925361999800, -1.283519182379999800 ) ) ;
#7699 = CARTESIAN_POINT ( 'NONE',  ( -17.23196567582298800, 23.36006663427123100, -0.9996570433389653200 ) ) ;
#7700 =( NAMED_UNIT ( * ) PLANE_ANGLE_UNIT ( ) SI_UNIT ( $, .RADIAN. ) );
#7701 = DIRECTION ( 'NONE',  ( -1.000000000000000000, 0.0000000000000000000, 0.0000000000000000000 ) ) ;
#7702 = SURFACE_STYLE_FILL_AREA ( #1240 ) ;
#7703 = EDGE_CURVE ( 'NONE', #2045, #9773, #9950, .T. ) ;
#7704 = ORIENTED_EDGE ( 'NONE', *, *, #8935, .F. ) ;
#7705 = UNCERTAINTY_MEASURE_WITH_UNIT (LENGTH_MEASURE( 1.000000000000000100E-005 ), #947, 'distance_accuracy_value', 'NONE');
#7706 = CARTESIAN_POINT ( 'NONE',  ( -19.65089950107000400, 27.29724420538000000, -0.1583866028864000000 ) ) ;
#7707 = COLOUR_RGB ( '',0.9803921568627450600, 0.6274509803921568500, 0.0000000000000000000 ) ;
#7708 =( GEOMETRIC_REPRESENTATION_CONTEXT ( 3 ) GLOBAL_UNCERTAINTY_ASSIGNED_CONTEXT ( ( #3971 ) ) GLOBAL_UNIT_ASSIGNED_CONTEXT ( ( #5316, #103, #6172 ) ) REPRESENTATION_CONTEXT ( 'NONE', 'WORKASPACE' ) );
#7709 = CARTESIAN_POINT ( 'NONE',  ( -19.30214909085000500, 23.16897536057999600, -0.6858789648795999800 ) ) ;
#7710 = PRESENTATION_LAYER_ASSIGNMENT (  '', '', ( #7116 ) ) ;
#7711 = DIRECTION ( 'NONE',  ( 0.0000000000000000000, -1.000000000000000000, 0.0000000000000000000 ) ) ;
#7712 = PRESENTATION_STYLE_ASSIGNMENT (( #6464 ) ) ;
#7713 = SURFACE_SIDE_STYLE ('',( #8238 ) ) ;
#7714 = LINE ( 'NONE', #8637, #1050 ) ;
#7715 = CARTESIAN_POINT ( 'NONE',  ( -17.99999999999999300, 27.03754620448232200, -1.249999999999999800 ) ) ;
#7716 = CARTESIAN_POINT ( 'NONE',  ( -18.76192483840694100, 25.11066647812003800, 0.9943050390249280600 ) ) ;
#7717 = ORIENTED_EDGE ( 'NONE', *, *, #9398, .F. ) ;
#7718 = DIRECTION ( 'NONE',  ( -1.000000000000000000, -0.0000000000000000000, 0.0000000000000000000 ) ) ;
#7719 = FILL_AREA_STYLE_COLOUR ( '', #7104 ) ;
#7720 = CARTESIAN_POINT ( 'NONE',  ( -0.3040217494789027000, 17.13304714212788600, 0.0000000000000000000 ) ) ;
#7721 = SURFACE_STYLE_FILL_AREA ( #199 ) ;
#7722 = DIRECTION ( 'NONE',  ( -0.0000000000000000000, 1.000000000000000000, -0.0000000000000000000 ) ) ;
#7723 = MECHANICAL_DESIGN_GEOMETRIC_PRESENTATION_REPRESENTATION (  '', ( #6533 ), #8288 ) ;
#7724 = ORIENTED_EDGE ( 'NONE', *, *, #6476, .T. ) ;
#7725 = CARTESIAN_POINT ( 'NONE',  ( -3.868646464228433500, 29.00000000000000700, 14.48647363470722600 ) ) ;
#7726 = DIRECTION ( 'NONE',  ( 0.0000000000000000000, 0.0000000000000000000, 1.000000000000000000 ) ) ;
#7727 = AXIS2_PLACEMENT_3D ( 'NONE', #8918, #4534, #3700 ) ;
#7728 = ORIENTED_EDGE ( 'NONE', *, *, #5269, .F. ) ;
#7729 = PRESENTATION_STYLE_ASSIGNMENT (( #2794 ) ) ;
#7730 = CARTESIAN_POINT ( 'NONE',  ( -17.30460551484000600, 24.32833248992000500, -1.297092519283000300 ) ) ;
#7731 = ADVANCED_FACE ( 'NONE', ( #5334 ), #10629, .F. ) ;
#7732 = VECTOR ( 'NONE', #1791, 1000.000000000000000 ) ;
#7733 = CARTESIAN_POINT ( 'NONE',  ( -18.00000000000000000, 27.66252753319940900, 1.249999999999999300 ) ) ;
#7734 = ORIENTED_EDGE ( 'NONE', *, *, #1005, .F. ) ;
#7735 = UNCERTAINTY_MEASURE_WITH_UNIT (LENGTH_MEASURE( 1.000000000000000100E-005 ), #4421, 'distance_accuracy_value', 'NONE');
#7736 = CARTESIAN_POINT ( 'NONE',  ( -19.64910269663000600, 24.90366028338000200, 0.1761270730856000500 ) ) ;
#7737 = DIRECTION ( 'NONE',  ( 1.000000000000000000, 0.0000000000000000000, 0.0000000000000000000 ) ) ;
#7738 =( NAMED_UNIT ( * ) SI_UNIT ( $, .STERADIAN. ) SOLID_ANGLE_UNIT ( ) );
#7739 = EDGE_LOOP ( 'NONE', ( #9296, #6419, #3838, #3557 ) ) ;
#7740 = COLOUR_RGB ( '',0.9803921568627450600, 0.6274509803921568500, 0.0000000000000000000 ) ;
#7741 = AXIS2_PLACEMENT_3D ( 'NONE', #10240, #5029, #11148 ) ;
#7742 = EDGE_CURVE ( 'NONE', #6016, #5419, #10820, .T. ) ;
#7743 = EDGE_LOOP ( 'NONE', ( #5532, #11320, #4337, #3807 ) ) ;
#7744 = CARTESIAN_POINT ( 'NONE',  ( -16.93637104054000600, 26.48528523513999700, 1.272117393373000100 ) ) ;
#7745 = DIRECTION ( 'NONE',  ( 1.000000000000000000, 0.0000000000000000000, 0.0000000000000000000 ) ) ;
#7746 = CARTESIAN_POINT ( 'NONE',  ( -16.56556913606000600, 24.57790232872000400, -0.4274503678105999200 ) ) ;
#7747 = CARTESIAN_POINT ( 'NONE',  ( -18.00000000000001100, 28.83481904910013700, -1.384827457847554600 ) ) ;
#7749 = FACE_BOUND ( 'NONE', #6293, .T. ) ;
#7748 = CARTESIAN_POINT ( 'NONE',  ( -16.83401155732000400, 27.97732336989000100, 1.430140829231000300 ) ) ;
#7750 = CARTESIAN_POINT ( 'NONE',  ( -19.09275939122374100, 27.20443378759603100, 0.6286269991763857600 ) ) ;
#7751 = PRESENTATION_LAYER_ASSIGNMENT (  '', '', ( #6563 ) ) ;
#7752 = ORIENTED_EDGE ( 'NONE', *, *, #11130, .T. ) ;
#7753 = ADVANCED_FACE ( 'NONE', ( #4493 ), #10367, .F. ) ;
#7754 = MECHANICAL_DESIGN_GEOMETRIC_PRESENTATION_REPRESENTATION (  '', ( #6005 ), #8323 ) ;
#7755 = CARTESIAN_POINT ( 'NONE',  ( -17.23618183995393900, 22.86046395621444200, -1.003008978459567300 ) ) ;
#7756 = FILL_AREA_STYLE_COLOUR ( '', #10684 ) ;
#7757 =( NAMED_UNIT ( * ) SI_UNIT ( $, .STERADIAN. ) SOLID_ANGLE_UNIT ( ) );
#7758 = ADVANCED_FACE ( 'NONE', ( #5999, #8038 ), #10786, .F. ) ;
#7759 = DIRECTION ( 'NONE',  ( 0.0000000000000000000, 0.0000000000000000000, 1.000000000000000000 ) ) ;
#7760 =( LENGTH_UNIT ( ) NAMED_UNIT ( * ) SI_UNIT ( .MILLI., .METRE. ) );
#7761 = CARTESIAN_POINT ( 'NONE',  ( -20.40000000000000600, 38.89999999999999900, -7.599999999999998800 ) ) ;
#7762 =( LENGTH_UNIT ( ) NAMED_UNIT ( * ) SI_UNIT ( .MILLI., .METRE. ) );
#7763 = CARTESIAN_POINT ( 'NONE',  ( -19.40597582753000300, 23.51637351968000200, 0.4350335425328000200 ) ) ;
#7764 = ORIENTED_EDGE ( 'NONE', *, *, #2546, .F. ) ;
#7765 = UNCERTAINTY_MEASURE_WITH_UNIT (LENGTH_MEASURE( 1.000000000000000100E-005 ), #4640, 'distance_accuracy_value', 'NONE');
#7766 = SURFACE_STYLE_FILL_AREA ( #5675 ) ;
#7767 = EDGE_CURVE ( 'NONE', #10755, #4026, #9558, .T. ) ;
#7768 = CARTESIAN_POINT ( 'NONE',  ( -18.13944562016000400, 26.37504563384000300, -1.465121511869000000 ) ) ;
#7769 = DIRECTION ( 'NONE',  ( 0.0000000000000000000, 0.0000000000000000000, 1.000000000000000000 ) ) ;
#7770 = CARTESIAN_POINT ( 'NONE',  ( -9.400000000000005700, 34.39999999999999900, -3.149999999999999900 ) ) ;
#7771 = AXIS2_PLACEMENT_3D ( 'NONE', #9546, #10898, #10850 ) ;
#7772 = STYLED_ITEM ( 'NONE', ( #7272 ), #10894 ) ;
#7773 = DIRECTION ( 'NONE',  ( 1.000000000000000000, 0.0000000000000000000, 0.0000000000000000000 ) ) ;
#7774 = STYLED_ITEM ( 'NONE', ( #7842 ), #8966 ) ;
#7775 = ORIENTED_EDGE ( 'NONE', *, *, #4682, .F. ) ;
#7776 = CARTESIAN_POINT ( 'NONE',  ( -19.42892043286000400, 27.95667058560000100, 1.167483516025000100 ) ) ;
#7777 = CARTESIAN_POINT ( 'NONE',  ( -3.707106781184803500, 29.00000000000000700, 14.49999999999866800 ) ) ;
#7778 = CARTESIAN_POINT ( 'NONE',  ( -19.58640717361000200, 23.82840174079999000, 0.4835987574166998900 ) ) ;
#7779 = CARTESIAN_POINT ( 'NONE',  ( -17.37393846392130200, 23.82964079320150900, 1.084996034521274800 ) ) ;
#7780 = CARTESIAN_POINT ( 'NONE',  ( -17.06320129284000200, 26.02764747475000500, -1.135089822725000400 ) ) ;
#7781 = UNCERTAINTY_MEASURE_WITH_UNIT (LENGTH_MEASURE( 1.000000000000000100E-005 ), #8333, 'distance_accuracy_value', 'NONE');
#7782 = CARTESIAN_POINT ( 'NONE',  ( -17.82570096641000700, 27.16536439964999500, -1.836967948056000200 ) ) ;
#7783 = EDGE_LOOP ( 'NONE', ( #382, #4715, #252, #6413 ) ) ;
#7784 = EDGE_CURVE ( 'NONE', #3743, #6170, #561, .T. ) ;
#7785 = CARTESIAN_POINT ( 'NONE',  ( -16.70000000000000600, 38.89999999999999100, -8.300000000000057600 ) ) ;
#7786 = STYLED_ITEM ( 'NONE', ( #10942 ), #4820 ) ;
#7787 = CARTESIAN_POINT ( 'NONE',  ( -18.00000000000000400, 28.89999999999952600, 0.0000000000000000000 ) ) ;
#7788 = CARTESIAN_POINT ( 'NONE',  ( -5.999999999999998200, 15.71288563568131600, 9.764999999999998800 ) ) ;
#7789 = AXIS2_PLACEMENT_3D ( 'NONE', #2643, #8745, #3516 ) ;
#7790 = SURFACE_STYLE_USAGE ( .BOTH. , #1706 ) ;
#7791 = CARTESIAN_POINT ( 'NONE',  ( -1.195978250521102100, -17.13304714212788600, -2.098193134224762000E-015 ) ) ;
#7792 = CARTESIAN_POINT ( 'NONE',  ( -19.24991725368940000, 27.02741579153728300, -0.1641919522732860100 ) ) ;
#7793 = FILL_AREA_STYLE_COLOUR ( '', #2675 ) ;
#7794 =( BOUNDED_SURFACE ( )  B_SPLINE_SURFACE ( 3, 3, ( 
 ( #8381, #2308, #8420, #3191 ),
 ( #9305, #4072, #10190, #4970 ),
 ( #11085, #5841, #640, #6695 ),
 ( #1496, #7584, #2348, #8462 ) ),
 .UNSPECIFIED., .F., .F., .F. ) 
 B_SPLINE_SURFACE_WITH_KNOTS ( ( 4, 4 ),
 ( 4, 4 ),
 ( 0.0000000000000000000, 1.000000000000000000 ),
 ( 0.0000000000000000000, 1.000000000000000000 ),
 .UNSPECIFIED. ) 
 GEOMETRIC_REPRESENTATION_ITEM ( )  RATIONAL_B_SPLINE_SURFACE ( (
 ( 1.000000000000000000, 0.3333333333333334300, 0.3333333333333334300, 1.000000000000000000),
 ( 0.8695484763366178000, 0.2898494921122060100, 0.2898494921122060100, 0.8695484763366178000),
 ( 0.8695484763366178000, 0.2898494921122060100, 0.2898494921122060100, 0.8695484763366178000),
 ( 1.000000000000000000, 0.3333333333333334300, 0.3333333333333334300, 1.000000000000000000) ) ) 
 REPRESENTATION_ITEM ( '' )  SURFACE ( )  );
#7795 = ORIENTED_EDGE ( 'NONE', *, *, #1718, .T. ) ;
#7796 = PRESENTATION_STYLE_ASSIGNMENT (( #5971 ) ) ;
#7797 = ADVANCED_FACE ( 'NONE', ( #4909 ), #6133, .F. ) ;
#7798 = CARTESIAN_POINT ( 'NONE',  ( -18.76849961968154200, 23.96378990230561400, -0.9992136916587507400 ) ) ;
#7799 = SURFACE_STYLE_FILL_AREA ( #1514 ) ;
#7800 = CARTESIAN_POINT ( 'NONE',  ( -16.73360677394000000, 22.76687293175999800, -0.4005698263930000900 ) ) ;
#7801 = STYLED_ITEM ( 'NONE', ( #5241 ), #6653 ) ;
#7802 = CARTESIAN_POINT ( 'NONE',  ( -19.39385417521625100, 28.89971374240003900, -0.3990192755190180000 ) ) ;
#7803 = EDGE_CURVE ( 'NONE', #8927, #2475, #4074, .T. ) ;
#7804 = VERTEX_POINT ( 'NONE', #6465 ) ;
#7805 = CARTESIAN_POINT ( 'NONE',  ( -18.92965703249000200, 25.56308666359999600, 1.140946980638000200 ) ) ;
#7806 = CARTESIAN_POINT ( 'NONE',  ( -16.70000000000000600, 28.89999999999999500, -8.300000000000000700 ) ) ;
#7807 =( NAMED_UNIT ( * ) SI_UNIT ( $, .STERADIAN. ) SOLID_ANGLE_UNIT ( ) );
#7808 = CARTESIAN_POINT ( 'NONE',  ( -16.16285074267000300, 27.14471161536000200, 0.1723775322212000000 ) ) ;
#7809 = VERTEX_POINT ( 'NONE', #2997 ) ;
#7810 = CIRCLE ( 'NONE', #1865, 10.50000000000000000 ) ;
#7811 = CARTESIAN_POINT ( 'NONE',  ( -4.000000000000000000, 28.49999999999999600, 15.00000000000035700 ) ) ;
#7812 = CARTESIAN_POINT ( 'NONE',  ( -16.53101688133999800, 23.01644277055999800, 0.7698340307584999900 ) ) ;
#7813 = CARTESIAN_POINT ( 'NONE',  ( -17.67264724988559600, 24.01709144802950400, -1.217478218780865700 ) ) ;
#7814 = CARTESIAN_POINT ( 'NONE',  ( -18.13944562016000400, 26.09010585707000400, -1.465121511869000000 ) ) ;
#7815 = CARTESIAN_POINT ( 'NONE',  ( -18.14689615673000100, 26.41586381174000300, 1.658803727919000000 ) ) ;
#7816 = EDGE_CURVE ( 'NONE', #2173, #11324, #3984, .T. ) ;
#7817 = ORIENTED_EDGE ( 'NONE', *, *, #1427, .F. ) ;
#7818 = CARTESIAN_POINT ( 'NONE',  ( -16.90766012143891600, 24.87121011569514600, 0.6291221922305659800 ) ) ;
#7819 = CARTESIAN_POINT ( 'NONE',  ( -9.300000000000002500, 32.25999999999999800, 0.0000000000000000000 ) ) ;
#7820 = VERTEX_POINT ( 'NONE', #7419 ) ;
#7821 = PRESENTATION_STYLE_ASSIGNMENT (( #5838 ) ) ;
#7822 = UNCERTAINTY_MEASURE_WITH_UNIT (LENGTH_MEASURE( 1.000000000000000100E-005 ), #2890, 'distance_accuracy_value', 'NONE');
#7823 = LINE ( 'NONE', #7553, #10157 ) ;
#7824 =( NAMED_UNIT ( * ) SI_UNIT ( $, .STERADIAN. ) SOLID_ANGLE_UNIT ( ) );
#7825 = CARTESIAN_POINT ( 'NONE',  ( -18.51883184891171300, 28.57161020743062400, -1.142164128306528200 ) ) ;
#7826 = CARTESIAN_POINT ( 'NONE',  ( 0.0000000000000000000, 25.00000000000000000, 9.765000000000000600 ) ) ;
#7827 = CARTESIAN_POINT ( 'NONE',  ( 0.0000000000000000000, 0.0000000000000000000, 0.0000000000000000000 ) ) ;
#7829 = ORIENTED_EDGE ( 'NONE', *, *, #4813, .T. ) ;
#7828 = CARTESIAN_POINT ( 'NONE',  ( -18.69337430841783000, 28.24099220578296300, 1.039883808625793300 ) ) ;
#7830 = CARTESIAN_POINT ( 'NONE',  ( -18.32736638295672900, 24.14133843382394000, 1.217363838140705900 ) ) ;
#7831 = CARTESIAN_POINT ( 'NONE',  ( -18.60479044798000500, 24.17579989988999900, 1.133781330066999900 ) ) ;
#7832 = PRESENTATION_LAYER_ASSIGNMENT (  '', '', ( #7250 ) ) ;
#7833 =( GEOMETRIC_REPRESENTATION_CONTEXT ( 3 ) GLOBAL_UNCERTAINTY_ASSIGNED_CONTEXT ( ( #7274 ) ) GLOBAL_UNIT_ASSIGNED_CONTEXT ( ( #8201, #2982, #9080 ) ) REPRESENTATION_CONTEXT ( 'NONE', 'WORKASPACE' ) );
#7834 = LINE ( 'NONE', #2644, #5519 ) ;
#7835 = ORIENTED_EDGE ( 'NONE', *, *, #4441, .F. ) ;
#7836 =( LENGTH_UNIT ( ) NAMED_UNIT ( * ) SI_UNIT ( .MILLI., .METRE. ) );
#7837 = CARTESIAN_POINT ( 'NONE',  ( -16.53714046828000400, 24.75112769336000100, -0.1590700829956000800 ) ) ;
#7838 = ORIENTED_EDGE ( 'NONE', *, *, #8306, .T. ) ;
#7839 =( NAMED_UNIT ( * ) SI_UNIT ( $, .STERADIAN. ) SOLID_ANGLE_UNIT ( ) );
#7840 = CARTESIAN_POINT ( 'NONE',  ( -16.74993786241156400, 24.27624700069333800, 0.1637534646553922800 ) ) ;
#7841 = UNCERTAINTY_MEASURE_WITH_UNIT (LENGTH_MEASURE( 1.000000000000000100E-005 ), #4935, 'distance_accuracy_value', 'NONE');
#7842 = PRESENTATION_STYLE_ASSIGNMENT (( #7597 ) ) ;
#7843 = CIRCLE ( 'NONE', #5066, 1.450008804531466100 ) ;
#7844 = EDGE_CURVE ( 'NONE', #4972, #10185, #1775, .T. ) ;
#7845 = PRESENTATION_LAYER_ASSIGNMENT (  '', '', ( #7266 ) ) ;
#7846 = PRODUCT_DEFINITION_FORMATION_WITH_SPECIFIED_SOURCE ( 'ANY', '', #10738, .NOT_KNOWN. ) ;
#7847 = ORIENTED_EDGE ( 'NONE', *, *, #6227, .T. ) ;
#7848 = CARTESIAN_POINT ( 'NONE',  ( -18.87527123734000500, 24.48782812102000200, 1.624390835623000100 ) ) ;
#7849 =( GEOMETRIC_REPRESENTATION_CONTEXT ( 3 ) GLOBAL_UNCERTAINTY_ASSIGNED_CONTEXT ( ( #7128 ) ) GLOBAL_UNIT_ASSIGNED_CONTEXT ( ( #2842, #8946, #3723 ) ) REPRESENTATION_CONTEXT ( 'NONE', 'WORKASPACE' ) );
#7850 = CARTESIAN_POINT ( 'NONE',  ( -32.90477078163523600, 12.34846731761634300, -14.44099564766398600 ) ) ;
#7851 = VECTOR ( 'NONE', #151, 1000.000000000000000 ) ;
#7852 = CARTESIAN_POINT ( 'NONE',  ( -19.05067534885000700, 27.82479077987000300, -1.283213461635000200 ) ) ;
#7853 = VECTOR ( 'NONE', #10729, 1000.000000000000000 ) ;
#7854 = CARTESIAN_POINT ( 'NONE',  ( 0.0000000000000000000, -15.94956969548781000, -1.953258947535676900E-015 ) ) ;
#7855 = CARTESIAN_POINT ( 'NONE',  ( -18.82625958626125100, 25.10535107840700400, 0.9415111550681507500 ) ) ;
#7856 = ORIENTED_EDGE ( 'NONE', *, *, #10580, .F. ) ;
#7857 = VERTEX_POINT ( 'NONE', #9166 ) ;
#7858 = CARTESIAN_POINT ( 'NONE',  ( -0.8529462969710035500, 17.20000000223977600, 0.0000000000000000000 ) ) ;
#7859 = CARTESIAN_POINT ( 'NONE',  ( -17.00075816023913000, 25.86006890240054200, 0.7685195005356614300 ) ) ;
#7860 = CARTESIAN_POINT ( 'NONE',  ( -19.11280886597287300, 28.70047611936753600, 0.5688450615112083900 ) ) ;
#7861 = FILL_AREA_STYLE_COLOUR ( '', #3816 ) ;
#7862 = PLANE ( 'NONE',  #6566 ) ;
#7863 = MECHANICAL_DESIGN_GEOMETRIC_PRESENTATION_REPRESENTATION (  '', ( #6125 ), #8452 ) ;
#7864 = CARTESIAN_POINT ( 'NONE',  ( -15.60000000000000300, 28.69999999999999600, 9.204263980357996600 ) ) ;
#7865 = STYLED_ITEM ( 'NONE', ( #3640 ), #10197 ) ;
#7866 = FACE_OUTER_BOUND ( 'NONE', #6891, .T. ) ;
#7867 = EDGE_CURVE ( 'NONE', #893, #284, #8163, .T. ) ;
#7868 = ORIENTED_EDGE ( 'NONE', *, *, #5115, .T. ) ;
#7869 = CARTESIAN_POINT ( 'NONE',  ( -16.77321561272999900, 23.36384092964999900, -0.3824024820926000800 ) ) ;
#7870 = LINE ( 'NONE', #8490, #1207 ) ;
#7871 = DIRECTION ( 'NONE',  ( -1.000000000000000000, -0.0000000000000000000, -0.0000000000000000000 ) ) ;
#7872 = DIRECTION ( 'NONE',  ( -1.000000000000000000, -0.0000000000000000000, 0.0000000000000000000 ) ) ;
#7873 = CARTESIAN_POINT ( 'NONE',  ( -17.87557079704000500, 26.22251304382000100, 1.278964014190999900 ) ) ;
#7874 = SURFACE_STYLE_USAGE ( .BOTH. , #1794 ) ;
#7875 = ORIENTED_EDGE ( 'NONE', *, *, #5080, .F. ) ;
#7876 = DIRECTION ( 'NONE',  ( -1.000000000000000000, -0.0000000000000000000, -0.0000000000000000000 ) ) ;
#7877 = ORIENTED_EDGE ( 'NONE', *, *, #562, .F. ) ;
#7878 = CARTESIAN_POINT ( 'NONE',  ( -17.99999999999910500, 28.28774195246128900, 1.250000000000001100 ) ) ;
#7879 = AXIS2_PLACEMENT_3D ( 'NONE', #7138, #1923, #8010 ) ;
#7880 = CARTESIAN_POINT ( 'NONE',  ( -9.300000000000002500, 33.37999999999999500, 0.0000000000000000000 ) ) ;
#7881 = EDGE_CURVE ( 'NONE', #6341, #8170, #2587, .T. ) ;
#7882 =( NAMED_UNIT ( * ) SI_UNIT ( $, .STERADIAN. ) SOLID_ANGLE_UNIT ( ) );
#7883 = DIRECTION ( 'NONE',  ( 0.0000000000000000000, 0.0000000000000000000, 1.000000000000000000 ) ) ;
#7884 = CARTESIAN_POINT ( 'NONE',  ( -16.23609871663000300, 23.67586915077999900, -0.5417413200080999400 ) ) ;
#7885 = SHAPE_DEFINITION_REPRESENTATION ( #3367, #1130 ) ;
#7886 = PRESENTATION_STYLE_ASSIGNMENT (( #4774 ) ) ;
#7887 = CARTESIAN_POINT ( 'NONE',  ( -1.500000000000001300, 0.0000000000000000000, 0.0000000000000000000 ) ) ;
#7888 = VERTEX_POINT ( 'NONE', #3066 ) ;
#7889 = CARTESIAN_POINT ( 'NONE',  ( -18.15320543555000300, 27.01283180962999700, 1.651388377278999900 ) ) ;
#7890 = PRESENTATION_STYLE_ASSIGNMENT (( #2233 ) ) ;
#7891 = SURFACE_STYLE_FILL_AREA ( #7533 ) ;
#7892 = FILL_AREA_STYLE_COLOUR ( '', #2435 ) ;
#7893 = PLANE ( 'NONE',  #7546 ) ;
#7894 = MECHANICAL_DESIGN_GEOMETRIC_PRESENTATION_REPRESENTATION (  '', ( #6720 ), #8492 ) ;
#7895 = ORIENTED_EDGE ( 'NONE', *, *, #2884, .T. ) ;
#7896 =( NAMED_UNIT ( * ) SI_UNIT ( $, .STERADIAN. ) SOLID_ANGLE_UNIT ( ) );
#7897 = DIRECTION ( 'NONE',  ( -1.000000000000000000, -0.0000000000000000000, 0.0000000000000000000 ) ) ;
#7898 = CARTESIAN_POINT ( 'NONE',  ( -13.91599429211452600, 16.00888886567579700, 5.726381226887918200 ) ) ;
#7899 = DIRECTION ( 'NONE',  ( 1.000000000000000000, 0.0000000000000000000, 0.0000000000000000000 ) ) ;
#7900 = DIRECTION ( 'NONE',  ( 0.0000000000000000000, 1.156482317317885200E-014, -1.000000000000000000 ) ) ;
#7901 = CARTESIAN_POINT ( 'NONE',  ( -9.300000000000002500, 33.37999999999999500, 0.0000000000000000000 ) ) ;
#7902 = CARTESIAN_POINT ( 'NONE',  ( -30.50000000000000700, 22.50000000000000000, -12.00000000000000000 ) ) ;
#7903 = VERTEX_POINT ( 'NONE', #1407 ) ;
#7904 = LINE ( 'NONE', #10695, #5342 ) ;
#7905 = CARTESIAN_POINT ( 'NONE',  ( -17.99999999999999600, 25.03753883226814000, -1.249999999999999800 ) ) ;
#7906 = EDGE_CURVE ( 'NONE', #3754, #3848, #3527, .T. ) ;
#7907 = CARTESIAN_POINT ( 'NONE',  ( -19.25010628192113100, 25.67251018206109900, 0.1622039712807011000 ) ) ;
#7908 = CARTESIAN_POINT ( 'NONE',  ( -17.19038617390999900, 25.41055407357999500, -0.9978762698556999900 ) ) ;
#7909 = CARTESIAN_POINT ( 'NONE',  ( -16.66021224534550200, 26.65537094889779000, -1.118258206882772900 ) ) ;
#7910 = MECHANICAL_DESIGN_GEOMETRIC_PRESENTATION_REPRESENTATION (  '', ( #5581 ), #8508 ) ;
#7911 =( GEOMETRIC_REPRESENTATION_CONTEXT ( 3 ) GLOBAL_UNCERTAINTY_ASSIGNED_CONTEXT ( ( #778 ) ) GLOBAL_UNIT_ASSIGNED_CONTEXT ( ( #11252, #5992, #777 ) ) REPRESENTATION_CONTEXT ( 'NONE', 'WORKASPACE' ) );
#7912 = CARTESIAN_POINT ( 'NONE',  ( -17.83487588019888300, 27.79845787222538400, 1.249999999999963600 ) ) ;
#7913 = PRESENTATION_LAYER_ASSIGNMENT (  '', '', ( #6743 ) ) ;
#7914 = FACE_BOUND ( 'NONE', #2671, .T. ) ;
#7915 = ORIENTED_EDGE ( 'NONE', *, *, #192, .T. ) ;
#7916 = CIRCLE ( 'NONE', #7640, 18.59999999999999800 ) ;
#7917 = FILL_AREA_STYLE ('',( #1836 ) ) ;
#7918 = DIRECTION ( 'NONE',  ( 0.0000000000000000000, 1.000000000000000000, 0.0000000000000000000 ) ) ;
#7919 = CARTESIAN_POINT ( 'NONE',  ( -19.63616335311000000, 22.86391018053000600, -0.8530620186841999500 ) ) ;
#7920 = CARTESIAN_POINT ( 'NONE',  ( -18.00000000000149900, 28.89999999999999500, -8.600000000000003200 ) ) ;
#7921 = CARTESIAN_POINT ( 'NONE',  ( -19.46388447200000400, 28.48421716009000400, -0.1528169221096000200 ) ) ;
#7922 = AXIS2_PLACEMENT_3D ( 'NONE', #3128, #9235, #4005 ) ;
#7923 = UNCERTAINTY_MEASURE_WITH_UNIT (LENGTH_MEASURE( 1.000000000000000100E-005 ), #5978, 'distance_accuracy_value', 'NONE');
#7924 = VERTEX_POINT ( 'NONE', #2262 ) ;
#7925 = CARTESIAN_POINT ( 'NONE',  ( -14.75646984956545900, 17.98677434598850100, 4.369468683006462400 ) ) ;
#7926 = PRESENTATION_LAYER_ASSIGNMENT (  '', '', ( #6181 ) ) ;
#7927 = FACE_OUTER_BOUND ( 'NONE', #5285, .T. ) ;
#7928 = FACE_OUTER_BOUND ( 'NONE', #7743, .T. ) ;
#7929 = CARTESIAN_POINT ( 'NONE',  ( -18.00000000000000400, 28.50000000000000000, -15.00000000000000000 ) ) ;
#7930 = CARTESIAN_POINT ( 'NONE',  ( -18.69334169281018600, 28.61561271206475600, 1.039908723890249600 ) ) ;
#7931 =( NAMED_UNIT ( * ) SI_UNIT ( $, .STERADIAN. ) SOLID_ANGLE_UNIT ( ) );
#7932 =( LENGTH_UNIT ( ) NAMED_UNIT ( * ) SI_UNIT ( .MILLI., .METRE. ) );
#7933 = CARTESIAN_POINT ( 'NONE',  ( -18.00000000000000400, 28.41093935102359700, 0.0000000000000000000 ) ) ;
#7934 = CARTESIAN_POINT ( 'NONE',  ( -15.50732528497579400, 16.85322551229161900, -2.251907540693173900 ) ) ;
#7935 = CARTESIAN_POINT ( 'NONE',  ( -32.25174807664815500, 28.99999999999999300, 14.43323924076857000 ) ) ;
#7936 = ORIENTED_EDGE ( 'NONE', *, *, #5925, .T. ) ;
#7937 = VECTOR ( 'NONE', #7718, 1000.000000000000000 ) ;
#7938 = CARTESIAN_POINT ( 'NONE',  ( -33.00000000000000000, 20.67261628933499700, -9.000000000000000000 ) ) ;
#7939 = FACE_OUTER_BOUND ( 'NONE', #911, .T. ) ;
#7940 =( GEOMETRIC_REPRESENTATION_CONTEXT ( 3 ) GLOBAL_UNCERTAINTY_ASSIGNED_CONTEXT ( ( #9634 ) ) GLOBAL_UNIT_ASSIGNED_CONTEXT ( ( #2987, #9090, #3868 ) ) REPRESENTATION_CONTEXT ( 'NONE', 'WORKASPACE' ) );
#7941 = ORIENTED_EDGE ( 'NONE', *, *, #6018, .T. ) ;
#7942 = EDGE_CURVE ( 'NONE', #6087, #7924, #8442, .T. ) ;
#7943 = CARTESIAN_POINT ( 'NONE',  ( -18.16848231671924200, 27.46732991913778900, 1.737015642590693100 ) ) ;
#7944 = CARTESIAN_POINT ( 'NONE',  ( -50.00000000000000000, 2.179871302482289100E-015, 17.10000000000000100 ) ) ;
#7945 = CARTESIAN_POINT ( 'NONE',  ( -16.78222301260425900, 27.93413749684228600, -0.3260588786392053500 ) ) ;
#7946 = PRESENTATION_STYLE_ASSIGNMENT (( #1023 ) ) ;
#7947 = FACE_OUTER_BOUND ( 'NONE', #8406, .T. ) ;
#7948 = DIRECTION ( 'NONE',  ( 0.0000000000000000000, 0.0000000000000000000, 1.000000000000000000 ) ) ;
#7949 = CIRCLE ( 'NONE', #7466, 17.19999998988806300 ) ;
#7950 = EDGE_LOOP ( 'NONE', ( #9714, #9030, #8437, #7915 ) ) ;
#7951 = CARTESIAN_POINT ( 'NONE',  ( -7.589415207398531000E-016, -15.94956969548781500, 31.89913939097561600 ) ) ;
#7952 = CARTESIAN_POINT ( 'NONE',  ( -0.3040217494789030400, 17.13304714212788900, 0.0000000000000000000 ) ) ;
#7953 = ORIENTED_EDGE ( 'NONE', *, *, #3250, .F. ) ;
#7954 = CARTESIAN_POINT ( 'NONE',  ( -16.85104093727000300, 28.31900182308999400, 0.6554287341064999300 ) ) ;
#7955 = CARTESIAN_POINT ( 'NONE',  ( -18.00000000000000400, 28.41093935102359700, 0.0000000000000000000 ) ) ;
#7956 = CARTESIAN_POINT ( 'NONE',  ( -18.82625957292844300, 25.60535981890921100, 0.9415111865377401300 ) ) ;
#7957 = CARTESIAN_POINT ( 'NONE',  ( -32.58578643762899700, 28.49999999999999300, 15.00000000000073500 ) ) ;
#7958 = CIRCLE ( 'NONE', #10107, 0.8249999999999992900 ) ;
#7959 =( BOUNDED_SURFACE ( )  B_SPLINE_SURFACE ( 3, 3, ( 
 ( #9340, #5045, #11165, #5911 ),
 ( #704, #6768, #1566, #7660 ),
 ( #2430, #8539, #3305, #9425 ),
 ( #4176, #10290, #5082, #11207 ) ),
 .UNSPECIFIED., .F., .F., .T. ) 
 B_SPLINE_SURFACE_WITH_KNOTS ( ( 4, 4 ),
 ( 4, 4 ),
 ( 0.0000000000000000000, 1.000000000000000000 ),
 ( 0.0000000000000000000, 1.000000000000000000 ),
 .UNSPECIFIED. ) 
 GEOMETRIC_REPRESENTATION_ITEM ( )  RATIONAL_B_SPLINE_SURFACE ( (
 ( 1.000000000000000000, 0.3333333333333334300, 0.3333333333333334300, 1.000000000000000000),
 ( 0.8695484763366178000, 0.2898494921122060100, 0.2898494921122060100, 0.8695484763366178000),
 ( 0.8695484763366178000, 0.2898494921122060100, 0.2898494921122060100, 0.8695484763366178000),
 ( 1.000000000000000000, 0.3333333333333334300, 0.3333333333333334300, 1.000000000000000000) ) ) 
 REPRESENTATION_ITEM ( '' )  SURFACE ( )  );
#7960 = CARTESIAN_POINT ( 'NONE',  ( -17.06524667801999900, 27.67225818985000500, 1.136775456183000400 ) ) ;
#7961 = COLOUR_RGB ( '',0.0000000000000000000, 0.0000000000000000000, 0.0000000000000000000 ) ;
#7962 = STYLED_ITEM ( 'NONE', ( #8535 ), #402 ) ;
#7963 = VECTOR ( 'NONE', #1134, 1000.000000000000000 ) ;
#7964 = CARTESIAN_POINT ( 'NONE',  ( -18.00000000000000400, 14.73091986265773700, 11.99999999999815800 ) ) ;
#7965 = B_SPLINE_CURVE_WITH_KNOTS ( 'NONE', 3,
 ( #6112, #3462, #4336, #890, #6970, #1768, #7850, #2630, #8734, #3503 ),
 .UNSPECIFIED., .F., .F.,
 ( 4, 2, 2, 2, 4 ),
 ( 5.661155180775285100E-017, 0.0005026766380390938600, 0.001005353276078131100, 0.001508029914117168400, 0.002010706552156205900 ),
 .UNSPECIFIED. ) ;
#7966 = VERTEX_POINT ( 'NONE', #3141 ) ;
#7967 = PRESENTATION_STYLE_ASSIGNMENT (( #2481 ) ) ;
#7968 = FILL_AREA_STYLE_COLOUR ( '', #914 ) ;
#7969 = CARTESIAN_POINT ( 'NONE',  ( -32.49938635828473100, 29.00000000000000000, -14.06853438770937700 ) ) ;
#7970 = LINE ( 'NONE', #7976, #3340 ) ;
#7971 =( NAMED_UNIT ( * ) SI_UNIT ( $, .STERADIAN. ) SOLID_ANGLE_UNIT ( ) );
#7972 = DIRECTION ( 'NONE',  ( -1.000000000000000000, -0.0000000000000000000, -0.0000000000000000000 ) ) ;
#7973 = COLOUR_RGB ( '',0.9803921568627450600, 0.6274509803921568500, 0.0000000000000000000 ) ;
#7974 = CARTESIAN_POINT ( 'NONE',  ( -20.10000000000000500, 28.89999999999999900, -9.400000000000002100 ) ) ;
#7975 = CARTESIAN_POINT ( 'NONE',  ( -11.70973714023224800, 15.03950644299378300, -7.927996835737197900 ) ) ;
#7976 = CARTESIAN_POINT ( 'NONE',  ( -50.00000000000000000, 0.0000000000000000000, 17.00000000000000000 ) ) ;
#7977 = EDGE_CURVE ( 'NONE', #9991, #6671, #5578, .T. ) ;
#7978 = ORIENTED_EDGE ( 'NONE', *, *, #4529, .F. ) ;
#7979 =( NAMED_UNIT ( * ) PLANE_ANGLE_UNIT ( ) SI_UNIT ( $, .RADIAN. ) );
#7980 =( GEOMETRIC_REPRESENTATION_CONTEXT ( 3 ) GLOBAL_UNCERTAINTY_ASSIGNED_CONTEXT ( ( #9721 ) ) GLOBAL_UNIT_ASSIGNED_CONTEXT ( ( #7059, #1848, #7931 ) ) REPRESENTATION_CONTEXT ( 'NONE', 'WORKASPACE' ) );
#7981 = AXIS2_PLACEMENT_3D ( 'NONE', #2861, #8968, #3745 ) ;
#7982 = COLOUR_RGB ( '',0.0000000000000000000, 0.0000000000000000000, 0.0000000000000000000 ) ;
#7983 = CARTESIAN_POINT ( 'NONE',  ( -15.60000000000000300, 33.89999999999999900, -7.599999999999999600 ) ) ;
#7984 = ORIENTED_EDGE ( 'NONE', *, *, #10004, .F. ) ;
#7985 = ORIENTED_EDGE ( 'NONE', *, *, #5243, .T. ) ;
#7986 = ADVANCED_FACE ( 'NONE', ( #955 ), #6643, .T. ) ;
#7987 = CARTESIAN_POINT ( 'NONE',  ( -19.09990340168252500, 28.27928888937778100, -1.354896731026572300 ) ) ;
#7988 = CARTESIAN_POINT ( 'NONE',  ( -1.444020278706815300, 15.46179454901447900, -30.92358909802895200 ) ) ;
#7989 = ORIENTED_EDGE ( 'NONE', *, *, #8193, .T. ) ;
#7990 = SURFACE_STYLE_FILL_AREA ( #11097 ) ;
#7991 = CARTESIAN_POINT ( 'NONE',  ( -9.300000000000002500, 34.00000000000000000, 0.02999999999999996400 ) ) ;
#7992 = CARTESIAN_POINT ( 'NONE',  ( -9.298000000000000000, 33.31999999999999300, -0.9042639803576003600 ) ) ;
#7993 = EDGE_CURVE ( 'NONE', #4035, #7301, #2440, .T. ) ;
#7994 = SURFACE_STYLE_USAGE ( .BOTH. , #1911 ) ;
#7995 = COLOUR_RGB ( '',0.0000000000000000000, 0.0000000000000000000, 0.0000000000000000000 ) ;
#7996 = FILL_AREA_STYLE ('',( #2927 ) ) ;
#7997 = AXIS2_PLACEMENT_3D ( 'NONE', #5152, #11277, #6022 ) ;
#7998 = ORIENTED_EDGE ( 'NONE', *, *, #8400, .T. ) ;
#7999 = CARTESIAN_POINT ( 'NONE',  ( -18.58603344406000700, 28.29845005085999400, 1.255209380375999800 ) ) ;
#8000 = CARTESIAN_POINT ( 'NONE',  ( -18.00000000000001100, 25.28753321832670400, 1.250000000000000200 ) ) ;
#8001 = CARTESIAN_POINT ( 'NONE',  ( -17.99999999999978700, 25.41247799111086200, -1.250000000000001300 ) ) ;
#8002 = PRESENTATION_LAYER_ASSIGNMENT (  '', '', ( #6829 ) ) ;
#8003 = CARTESIAN_POINT ( 'NONE',  ( -31.99999999999905100, 29.00000000000001100, 14.50000000000000000 ) ) ;
#8004 = ORIENTED_EDGE ( 'NONE', *, *, #2939, .T. ) ;
#8005 = CARTESIAN_POINT ( 'NONE',  ( -17.86710379275000100, 26.86029921961000300, -1.465728778531999700 ) ) ;
#8006 = CARTESIAN_POINT ( 'NONE',  ( -16.99895774606708400, 28.46566639345616400, -0.7665473954808764700 ) ) ;
#8007 = ORIENTED_EDGE ( 'NONE', *, *, #8739, .T. ) ;
#8008 = CARTESIAN_POINT ( 'NONE',  ( -9.298000000000000000, 32.82120000000001200, -0.5000000000000000000 ) ) ;
#8009 = VECTOR ( 'NONE', #6562, 1000.000000000000000 ) ;
#8010 = DIRECTION ( 'NONE',  ( 1.000000000000000000, 0.0000000000000000000, 0.0000000000000000000 ) ) ;
#8011 = CARTESIAN_POINT ( 'NONE',  ( -16.97716412217952400, 24.83591194680736400, -0.7243423054004772800 ) ) ;
#8012 =( NAMED_UNIT ( * ) SI_UNIT ( $, .STERADIAN. ) SOLID_ANGLE_UNIT ( ) );
#8013 = FACE_OUTER_BOUND ( 'NONE', #6860, .T. ) ;
#8014 = DIRECTION ( 'NONE',  ( 0.0000000000000000000, 0.0000000000000000000, 1.000000000000000000 ) ) ;
#8015 = SURFACE_SIDE_STYLE ('',( #7444 ) ) ;
#8016 = AXIS2_PLACEMENT_3D ( 'NONE', #3844, #1366, #10995 ) ;
#8017 = CARTESIAN_POINT ( 'NONE',  ( 0.0000000000000000000, 0.0000000000000000000, 0.0000000000000000000 ) ) ;
#8018 =( GEOMETRIC_REPRESENTATION_CONTEXT ( 3 ) GLOBAL_UNCERTAINTY_ASSIGNED_CONTEXT ( ( #4110 ) ) GLOBAL_UNIT_ASSIGNED_CONTEXT ( ( #7154, #1938, #8028 ) ) REPRESENTATION_CONTEXT ( 'NONE', 'WORKASPACE' ) );
#8019 = EDGE_CURVE ( 'NONE', #10478, #3912, #4763, .T. ) ;
#8020 = CARTESIAN_POINT ( 'NONE',  ( -0.3040217494789030400, 17.13304714212788900, 4.196386268449526400E-015 ) ) ;
#8021 = CYLINDRICAL_SURFACE ( 'NONE', #10892, 0.8250000000000062800 ) ;
#8022 = ORIENTED_EDGE ( 'NONE', *, *, #8386, .F. ) ;
#8023 = COLOUR_RGB ( '',0.7921568627450980000, 0.8196078431372548800, 0.9333333333333333500 ) ;
#8024 =( NAMED_UNIT ( * ) PLANE_ANGLE_UNIT ( ) SI_UNIT ( $, .RADIAN. ) );
#8025 = CARTESIAN_POINT ( 'NONE',  ( -15.60000000000000300, 38.89999999999999900, 8.349999999999997900 ) ) ;
#8026 = CARTESIAN_POINT ( 'NONE',  ( -15.60000000000000300, 28.89999999999999500, 9.099999999999999600 ) ) ;
#8027 = CARTESIAN_POINT ( 'NONE',  ( -18.00000000000001100, 25.78752219936823700, 1.249999999999999300 ) ) ;
#8028 =( NAMED_UNIT ( * ) SI_UNIT ( $, .STERADIAN. ) SOLID_ANGLE_UNIT ( ) );
#8029 = SURFACE_STYLE_USAGE ( .BOTH. , #1939 ) ;
#8030 =( BOUNDED_SURFACE ( )  B_SPLINE_SURFACE ( 3, 3, ( 
 ( #9507, #1691, #7777, #2554 ),
 ( #8662, #3427, #9551, #4294 ),
 ( #10417, #5199, #11326, #6072 ),
 ( #849, #6928, #1729, #7811 ) ),
 .UNSPECIFIED., .F., .F., .F. ) 
 B_SPLINE_SURFACE_WITH_KNOTS ( ( 4, 4 ),
 ( 4, 4 ),
 ( 0.1181418218007239400, 0.8818581781988665800 ),
 ( 0.0000000000000000000, 1.000000000000000000 ),
 .UNSPECIFIED. ) 
 GEOMETRIC_REPRESENTATION_ITEM ( )  RATIONAL_B_SPLINE_SURFACE ( (
 ( 0.9052762928609714400, 0.7285101013070853800, 0.7285101013070853800, 0.9052762928609714400),
 ( 0.7285101013063798300, 0.5862596556336117100, 0.5862596556336117100, 0.7285101013063798300),
 ( 0.7285101013062852400, 0.5862596556335356600, 0.5862596556335356600, 0.7285101013062852400),
 ( 0.9052762928606871200, 0.7285101013068565600, 0.7285101013068565600, 0.9052762928606871200) ) ) 
 REPRESENTATION_ITEM ( '' )  SURFACE ( )  );
#8031 = COLOUR_RGB ( '',1.000000000000000000, 1.000000000000000000, 0.9490196078431372100 ) ;
#8032 = CARTESIAN_POINT ( 'NONE',  ( -18.00000000000000400, 21.89999999999999900, 0.0000000000000000000 ) ) ;
#8033 = EDGE_LOOP ( 'NONE', ( #5430, #2413, #4456, #6231 ) ) ;
#8034 = ORIENTED_EDGE ( 'NONE', *, *, #6376, .T. ) ;
#8035 = CARTESIAN_POINT ( 'NONE',  ( -28.00000000000000400, 18.33030277982324200, 5.000000000000426300 ) ) ;
#8036 = CARTESIAN_POINT ( 'NONE',  ( -46.50000000000000000, 1.169537693185722200E-015, -9.549999999999995400 ) ) ;
#8037 = EDGE_CURVE ( 'NONE', #10981, #6724, #7073, .T. ) ;
#8038 = FACE_BOUND ( 'NONE', #478, .T. ) ;
#8039 = CARTESIAN_POINT ( 'NONE',  ( -32.99999999999504800, 28.79289321881161400, -14.58578643762613500 ) ) ;
#8040 = CARTESIAN_POINT ( 'NONE',  ( -17.83249491713000300, 29.03517440236000600, 1.656849521180000300 ) ) ;
#8041 =( NAMED_UNIT ( * ) SI_UNIT ( $, .STERADIAN. ) SOLID_ANGLE_UNIT ( ) );
#8042 = CARTESIAN_POINT ( 'NONE',  ( -19.09233272742085700, 26.62173335270487600, -0.6291427427124446400 ) ) ;
#8043 = CARTESIAN_POINT ( 'NONE',  ( -16.72166654503000400, 28.33168457006999900, 0.1307441606926999800 ) ) ;
#8044 = COLOUR_RGB ( '',0.9803921568627450600, 0.6274509803921568500, 0.0000000000000000000 ) ;
#8045 = VERTEX_POINT ( 'NONE', #1451 ) ;
#8046 = ADVANCED_FACE ( 'NONE', ( #2157 ), #7618, .T. ) ;
#8047 = UNCERTAINTY_MEASURE_WITH_UNIT (LENGTH_MEASURE( 1.000000000000000100E-005 ), #9034, 'distance_accuracy_value', 'NONE');
#8048 = SURFACE_SIDE_STYLE ('',( #4718 ) ) ;
#8049 = STYLED_ITEM ( 'NONE', ( #3321 ), #1883 ) ;
#8050 = SURFACE_STYLE_FILL_AREA ( #11123 ) ;
#8051 = DIRECTION ( 'NONE',  ( -1.000000000000000000, -0.0000000000000000000, -0.0000000000000000000 ) ) ;
#8052 =( NAMED_UNIT ( * ) PLANE_ANGLE_UNIT ( ) SI_UNIT ( $, .RADIAN. ) );
#8053 = SURFACE_STYLE_USAGE ( .BOTH. , #1962 ) ;
#8054 = AXIS2_PLACEMENT_3D ( 'NONE', #10680, #5442, #231 ) ;
#8055 = SURFACE_STYLE_FILL_AREA ( #10010 ) ;
#8056 = DIRECTION ( 'NONE',  ( -1.000000000000000000, -0.0000000000000000000, -0.0000000000000000000 ) ) ;
#8057 = ORIENTED_EDGE ( 'NONE', *, *, #9684, .T. ) ;
#8058 = CARTESIAN_POINT ( 'NONE',  ( -3.000000000000002700, 18.59999999999999800, 0.0000000000000000000 ) ) ;
#8059 = FILL_AREA_STYLE_COLOUR ( '', #10656 ) ;
#8060 = ORIENTED_EDGE ( 'NONE', *, *, #10618, .F. ) ;
#8061 = CIRCLE ( 'NONE', #1799, 0.8250000000000062800 ) ;
#8062 = DIRECTION ( 'NONE',  ( 0.0000000000000000000, 0.0000000000000000000, 1.000000000000000000 ) ) ;
#8063 = EDGE_CURVE ( 'NONE', #1640, #6766, #6795, .T. ) ;
#8064 =( LENGTH_UNIT ( ) NAMED_UNIT ( * ) SI_UNIT ( .MILLI., .METRE. ) );
#8065 = SURFACE_STYLE_USAGE ( .BOTH. , #1977 ) ;
#8066 = COLOUR_RGB ( '',1.000000000000000000, 1.000000000000000000, 0.9490196078431372100 ) ;
#8067 = CARTESIAN_POINT ( 'NONE',  ( -17.00078176954955100, 26.86078824789627000, 0.7685414401744253800 ) ) ;
#8068 = MECHANICAL_DESIGN_GEOMETRIC_PRESENTATION_REPRESENTATION (  '', ( #6888 ), #8659 ) ;
#8069 = CARTESIAN_POINT ( 'NONE',  ( -17.09362272171192700, 24.35227312588421000, 0.8728630093575661100 ) ) ;
#8070 = STYLED_ITEM ( 'NONE', ( #4642 ), #9332 ) ;
#8071 = B_SPLINE_CURVE_WITH_KNOTS ( 'NONE', 3,
 ( #11289, #8624, #6894, #1694, #7779, #2556, #8665, #3429, #9553, #4297, #10421, #5201, #11328, #6074, #853, #6930, #1732, #7813, #2595, #8700 ),
 .UNSPECIFIED., .F., .F.,
 ( 4, 2, 2, 2, 2, 2, 2, 2, 2, 4 ),
 ( -0.007830485561664938400, -0.007341076498840148200, -0.007096371967427748800, -0.006851667436015348500, -0.006362258373190541800, -0.005872849310365734300, -0.005383440247540928500, -0.004894031184716120900, -0.004404622121891315100, -0.003915213059066507600 ),
 .UNSPECIFIED. ) ;
#8072 = CARTESIAN_POINT ( 'NONE',  ( -18.62600916065660400, 26.07987066900055200, -1.085027360529029000 ) ) ;
#8073 = CARTESIAN_POINT ( 'NONE',  ( -9.350000000000005000, 32.75999999999999800, -0.5000000000000000000 ) ) ;
#8074 =( NAMED_UNIT ( * ) SI_UNIT ( $, .STERADIAN. ) SOLID_ANGLE_UNIT ( ) );
#8075 = CARTESIAN_POINT ( 'NONE',  ( -1.500000000000001300, 0.0000000000000000000, 0.0000000000000000000 ) ) ;
#8076 = ORIENTED_EDGE ( 'NONE', *, *, #192, .F. ) ;
#8077 = PRESENTATION_STYLE_ASSIGNMENT (( #6882 ) ) ;
#8078 = DIRECTION ( 'NONE',  ( -5.782411586589358800E-015, 1.000000000000000000, 0.0000000000000000000 ) ) ;
#8079 = SURFACE_STYLE_USAGE ( .BOTH. , #1988 ) ;
#8080 = CARTESIAN_POINT ( 'NONE',  ( -18.81822373495000300, 27.51972559982000300, -0.9908286991940000700 ) ) ;
#8081 = CARTESIAN_POINT ( 'NONE',  ( -18.55428044522033600, 24.07423292711125700, -1.123380729129965300 ) ) ;
#8082 = CARTESIAN_POINT ( 'NONE',  ( -18.00000000000000400, 35.72500000000000900, 8.599999999999999600 ) ) ;
#8083 =( GEOMETRIC_REPRESENTATION_CONTEXT ( 3 ) GLOBAL_UNCERTAINTY_ASSIGNED_CONTEXT ( ( #8639 ) ) GLOBAL_UNIT_ASSIGNED_CONTEXT ( ( #5600, #403, #6471 ) ) REPRESENTATION_CONTEXT ( 'NONE', 'WORKASPACE' ) );
#8084 =( GEOMETRIC_REPRESENTATION_CONTEXT ( 3 ) GLOBAL_UNCERTAINTY_ASSIGNED_CONTEXT ( ( #3780 ) ) GLOBAL_UNIT_ASSIGNED_CONTEXT ( ( #8185, #2967, #9066 ) ) REPRESENTATION_CONTEXT ( 'NONE', 'WORKASPACE' ) );
#8085 = EDGE_CURVE ( 'NONE', #8519, #3643, #11033, .T. ) ;
#8086 = ORIENTED_EDGE ( 'NONE', *, *, #62, .F. ) ;
#8087 = VECTOR ( 'NONE', #8401, 1000.000000000000000 ) ;
#8088 = ADVANCED_FACE ( 'NONE', ( #3670 ), #7209, .F. ) ;
#8089 = FILL_AREA_STYLE_COLOUR ( '', #10605 ) ;
#8090 = FACE_OUTER_BOUND ( 'NONE', #4821, .T. ) ;
#8091 = CARTESIAN_POINT ( 'NONE',  ( -27.89573601964000500, 14.57553825991000100, -12.00000000000000000 ) ) ;
#8092 = CARTESIAN_POINT ( 'NONE',  ( -3.000000000000002700, 28.49999999999999600, -13.99999999949749900 ) ) ;
#8093 = VERTEX_POINT ( 'NONE', #962 ) ;
#8094 = ORIENTED_EDGE ( 'NONE', *, *, #3491, .F. ) ;
#8095 = LINE ( 'NONE', #5796, #1419 ) ;
#8096 = CARTESIAN_POINT ( 'NONE',  ( -16.72623379190000400, 28.61198206421000400, -1.325697612424999900 ) ) ;
#8097 = CARTESIAN_POINT ( 'NONE',  ( -33.00000000000000000, 0.0000000000000000000, 0.0000000000000000000 ) ) ;
#8098 = EDGE_CURVE ( 'NONE', #6931, #3484, #5177, .T. ) ;
#8099 = CARTESIAN_POINT ( 'NONE',  ( -16.90228264993144000, 28.53699756752683200, 1.131793501794878100 ) ) ;
#8100 = DIRECTION ( 'NONE',  ( 0.0000000000000000000, -1.000000000000000000, 0.0000000000000000000 ) ) ;
#8101 = VERTEX_POINT ( 'NONE', #6167 ) ;
#8102 = FILL_AREA_STYLE_COLOUR ( '', #7653 ) ;
#8103 = CARTESIAN_POINT ( 'NONE',  ( -3.601621624942766600, 29.00000000000000000, -14.30392104916328400 ) ) ;
#8104 = PRESENTATION_STYLE_ASSIGNMENT (( #10735 ) ) ;
#8105 = UNCERTAINTY_MEASURE_WITH_UNIT (LENGTH_MEASURE( 1.000000000000000100E-005 ), #10436, 'distance_accuracy_value', 'NONE');
#8106 = CARTESIAN_POINT ( 'NONE',  ( -18.32741940163821700, 26.26758130767712300, 1.217461438543856900 ) ) ;
#8107 = COLOUR_RGB ( '',0.9803921568627450600, 0.6274509803921568500, 0.0000000000000000000 ) ;
#8108 = PLANE ( 'NONE',  #7066 ) ;
#8109 = CARTESIAN_POINT ( 'NONE',  ( -0.05597972129318764400, -16.78820545322529500, -2.055962207172049600E-015 ) ) ;
#8110 =( NAMED_UNIT ( * ) SI_UNIT ( $, .STERADIAN. ) SOLID_ANGLE_UNIT ( ) );
#8111 = CARTESIAN_POINT ( 'NONE',  ( -2.999999999998491400, 28.79289321881425700, -14.58578643762793100 ) ) ;
#8112 = VERTEX_POINT ( 'NONE', #7040 ) ;
#8113 = SURFACE_STYLE_USAGE ( .BOTH. , #2021 ) ;
#8114 = CARTESIAN_POINT ( 'NONE',  ( -32.17086021619453400, 11.66190378969060300, 14.99999999999999800 ) ) ;
#8115 = CARTESIAN_POINT ( 'NONE',  ( -17.80007277535000700, 26.72858609035999000, 1.181947759478000100 ) ) ;
#8116 = MECHANICAL_DESIGN_GEOMETRIC_PRESENTATION_REPRESENTATION (  '', ( #6940 ), #8710 ) ;
#8117 = FACE_OUTER_BOUND ( 'NONE', #2264, .T. ) ;
#8118 = CARTESIAN_POINT ( 'NONE',  ( -8.600000000000003200, 28.89999999999999500, -3.150000000000000400 ) ) ;
#8119 = VERTEX_POINT ( 'NONE', #10573 ) ;
#8120 = VERTEX_POINT ( 'NONE', #1827 ) ;
#8121 = PLANE ( 'NONE',  #4853 ) ;
#8122 =( NAMED_UNIT ( * ) PLANE_ANGLE_UNIT ( ) SI_UNIT ( $, .RADIAN. ) );
#8123 = LINE ( 'NONE', #2753, #3210 ) ;
#8124 = PLANE ( 'NONE',  #11318 ) ;
#8125 = CARTESIAN_POINT ( 'NONE',  ( -18.55432833917887700, 22.94888991961181500, -1.123359909138691000 ) ) ;
#8126 = CARTESIAN_POINT ( 'NONE',  ( -3.000000000000002700, 12.84523257903024500, -13.99999999966499900 ) ) ;
#8127 = COLOUR_RGB ( '',0.0000000000000000000, 0.0000000000000000000, 0.0000000000000000000 ) ;
#8128 = FACE_OUTER_BOUND ( 'NONE', #10989, .T. ) ;
#8129 = VERTEX_POINT ( 'NONE', #5348 ) ;
#8130 = EDGE_CURVE ( 'NONE', #6816, #10011, #2837, .T. ) ;
#8131 = CARTESIAN_POINT ( 'NONE',  ( -16.77525395672000000, 28.58662231176999700, 1.109406975128999900 ) ) ;
#8132 = PRESENTATION_LAYER_ASSIGNMENT (  '', '', ( #6960 ) ) ;
#8133 =( GEOMETRIC_REPRESENTATION_CONTEXT ( 3 ) GLOBAL_UNCERTAINTY_ASSIGNED_CONTEXT ( ( #6837 ) ) GLOBAL_UNIT_ASSIGNED_CONTEXT ( ( #9187, #3961, #10069 ) ) REPRESENTATION_CONTEXT ( 'NONE', 'WORKASPACE' ) );
#8134 = ORIENTED_EDGE ( 'NONE', *, *, #2, .T. ) ;
#8135 = PRESENTATION_STYLE_ASSIGNMENT (( #1669 ) ) ;
#8136 = PRESENTATION_LAYER_ASSIGNMENT (  '', '', ( #8729 ) ) ;
#8137 = CARTESIAN_POINT ( 'NONE',  ( -17.05583212744320000, 28.67457368431608300, -1.262380150151283900 ) ) ;
#8138 = CARTESIAN_POINT ( 'NONE',  ( -18.00000000000060800, 23.91191686777262500, -1.250000000000000200 ) ) ;
#8139 = CARTESIAN_POINT ( 'NONE',  ( -17.99999999999999600, 26.53753474946466900, -1.249999999999999300 ) ) ;
#8140 = VERTEX_POINT ( 'NONE', #7944 ) ;
#8141 = ADVANCED_FACE ( 'NONE', ( #6925 ), #3711, .F. ) ;
#8142 = CARTESIAN_POINT ( 'NONE',  ( -1.444020278706813900, -16.78820545322528800, -2.055962207172049200E-015 ) ) ;
#8143 = VECTOR ( 'NONE', #541, 1000.000000000000000 ) ;
#8144 = SURFACE_STYLE_USAGE ( .BOTH. , #2044 ) ;
#8145 = EDGE_CURVE ( 'NONE', #9000, #4511, #8431, .T. ) ;
#8146 = CARTESIAN_POINT ( 'NONE',  ( -0.05597972129318764400, -16.78820545322529200, -33.57641090645058300 ) ) ;
#8147 =( GEOMETRIC_REPRESENTATION_CONTEXT ( 3 ) GLOBAL_UNCERTAINTY_ASSIGNED_CONTEXT ( ( #1860 ) ) GLOBAL_UNIT_ASSIGNED_CONTEXT ( ( #10563, #5339, #124 ) ) REPRESENTATION_CONTEXT ( 'NONE', 'WORKASPACE' ) );
#8148 = SURFACE_STYLE_USAGE ( .BOTH. , #2048 ) ;
#8149 = AXIS2_PLACEMENT_3D ( 'NONE', #3635, #5402, #8893 ) ;
#8150 = SURFACE_SIDE_STYLE ('',( #5776 ) ) ;
#8151 = ORIENTED_EDGE ( 'NONE', *, *, #8977, .F. ) ;
#8152 = ORIENTED_EDGE ( 'NONE', *, *, #11147, .F. ) ;
#8153 =( NAMED_UNIT ( * ) SI_UNIT ( $, .STERADIAN. ) SOLID_ANGLE_UNIT ( ) );
#8154 = PRESENTATION_STYLE_ASSIGNMENT (( #4407 ) ) ;
#8155 =( NAMED_UNIT ( * ) PLANE_ANGLE_UNIT ( ) SI_UNIT ( $, .RADIAN. ) );
#8156 = ORIENTED_EDGE ( 'NONE', *, *, #10811, .T. ) ;
#8157 = CARTESIAN_POINT ( 'NONE',  ( -16.83308643073565100, 24.44460062481428900, -0.4841207296346779500 ) ) ;
#8158 = FILL_AREA_STYLE_COLOUR ( '', #6440 ) ;
#8159 = CARTESIAN_POINT ( 'NONE',  ( -16.85431714660819200, 26.82082444515790700, -0.5201829317084673000 ) ) ;
#8160 = CARTESIAN_POINT ( 'NONE',  ( -18.62998673485582300, 23.12117120826451400, 1.092040559306449700 ) ) ;
#8161 = VECTOR ( 'NONE', #520, 1000.000000000000000 ) ;
#8162 = PRESENTATION_LAYER_ASSIGNMENT (  '', '', ( #7585 ) ) ;
#8163 = LINE ( 'NONE', #9977, #5861 ) ;
#8164 = STYLED_ITEM ( 'NONE', ( #642 ), #10675 ) ;
#8165 = EDGE_CURVE ( 'NONE', #4357, #5803, #4812, .T. ) ;
#8166 = CARTESIAN_POINT ( 'NONE',  ( -18.60286976994000700, 28.58170600794999700, 1.231742463584000000 ) ) ;
#8167 = UNCERTAINTY_MEASURE_WITH_UNIT (LENGTH_MEASURE( 1.000000000000000100E-005 ), #6646, 'distance_accuracy_value', 'NONE');
#8168 = ADVANCED_FACE ( 'NONE', ( #6123 ), #2880, .T. ) ;
#8169 = EDGE_LOOP ( 'NONE', ( #5260, #1484, #7582, #8305 ) ) ;
#8170 = VERTEX_POINT ( 'NONE', #8139 ) ;
#8171 = FACE_BOUND ( 'NONE', #355, .T. ) ;
#8172 = PLANE ( 'NONE',  #8866 ) ;
#8173 = FILL_AREA_STYLE ('',( #5694 ) ) ;
#8174 = CARTESIAN_POINT ( 'NONE',  ( -19.43709854016653400, 28.81660886650089600, -0.6463929350335779800 ) ) ;
#8175 =( NAMED_UNIT ( * ) SI_UNIT ( $, .STERADIAN. ) SOLID_ANGLE_UNIT ( ) );
#8176 = CARTESIAN_POINT ( 'NONE',  ( -19.09238694849052500, 22.62054251852215700, -0.6290388545404773700 ) ) ;
#8177 =( NAMED_UNIT ( * ) SI_UNIT ( $, .STERADIAN. ) SOLID_ANGLE_UNIT ( ) );
#8178 = CARTESIAN_POINT ( 'NONE',  ( -9.400000000000005700, 33.10000000000000100, 0.02999999999999997100 ) ) ;
#8179 = DIRECTION ( 'NONE',  ( -1.000000000000000000, -0.0000000000000000000, -0.0000000000000000000 ) ) ;
#8180 = EDGE_CURVE ( 'NONE', #3941, #9404, #5312, .T. ) ;
#8181 = ORIENTED_EDGE ( 'NONE', *, *, #7185, .F. ) ;
#8182 = VECTOR ( 'NONE', #207, 1000.000000000000000 ) ;
#8183 = FILL_AREA_STYLE ('',( #5562 ) ) ;
#8184 = CARTESIAN_POINT ( 'NONE',  ( -18.00000000000000400, 24.78754452749295800, 1.250000000000000000 ) ) ;
#8185 =( LENGTH_UNIT ( ) NAMED_UNIT ( * ) SI_UNIT ( .MILLI., .METRE. ) );
#8186 = SURFACE_STYLE_FILL_AREA ( #9740 ) ;
#8187 = CARTESIAN_POINT ( 'NONE',  ( -16.45763691334875400, 23.56127877826864700, 0.8165327566023363700 ) ) ;
#8188 = SURFACE_STYLE_USAGE ( .BOTH. , #2089 ) ;
#8189 = FILL_AREA_STYLE_COLOUR ( '', #5456 ) ;
#8190 = ORIENTED_EDGE ( 'NONE', *, *, #2313, .T. ) ;
#8191 = ADVANCED_FACE ( 'NONE', ( #2973 ), #2918, .T. ) ;
#8192 = FACE_OUTER_BOUND ( 'NONE', #7443, .T. ) ;
#8193 = EDGE_CURVE ( 'NONE', #10971, #10238, #3338, .T. ) ;
#8194 = FACE_OUTER_BOUND ( 'NONE', #8309, .T. ) ;
#8195 = MECHANICAL_DESIGN_GEOMETRIC_PRESENTATION_REPRESENTATION (  '', ( #6441 ), #8791 ) ;
#8196 = CARTESIAN_POINT ( 'NONE',  ( -18.00000000000000400, 11.66190378969022800, 15.00000000000029000 ) ) ;
#8197 = PRESENTATION_LAYER_ASSIGNMENT (  '', '', ( #5876 ) ) ;
#8198 = CARTESIAN_POINT ( 'NONE',  ( -18.00000000000057200, 26.66248011597604500, 1.250000000000000000 ) ) ;
#8199 = CARTESIAN_POINT ( 'NONE',  ( -19.30000000000000400, 38.89999999999999100, 8.300000000000057600 ) ) ;
#8200 =( LENGTH_UNIT ( ) NAMED_UNIT ( * ) SI_UNIT ( .MILLI., .METRE. ) );
#8201 =( LENGTH_UNIT ( ) NAMED_UNIT ( * ) SI_UNIT ( .MILLI., .METRE. ) );
#8202 = ORIENTED_EDGE ( 'NONE', *, *, #5353, .T. ) ;
#8203 = FILL_AREA_STYLE_COLOUR ( '', #7486 ) ;
#8204 = SURFACE_SIDE_STYLE ('',( #10399 ) ) ;
#8205 = SURFACE_STYLE_USAGE ( .BOTH. , #2109 ) ;
#8206 = EDGE_CURVE ( 'NONE', #5608, #5297, #11201, .T. ) ;
#8207 = ADVANCED_FACE ( 'NONE', ( #6509 ), #8209, .T. ) ;
#8208 = PLANE ( 'NONE',  #5318 ) ;
#8209 = PLANE ( 'NONE',  #5619 ) ;
#8210 = AXIS2_PLACEMENT_3D ( 'NONE', #8334, #7679, #6332 ) ;
#8211 = ORIENTED_EDGE ( 'NONE', *, *, #3966, .F. ) ;
#8212 = LINE ( 'NONE', #6103, #3025 ) ;
#8213 = CARTESIAN_POINT ( 'NONE',  ( -16.90045998143505200, 25.17078324590799500, -1.355220052981413300 ) ) ;
#8214 = STYLED_ITEM ( 'NONE', ( #9576 ), #9512 ) ;
#8215 = COLOUR_RGB ( '',0.0000000000000000000, 0.0000000000000000000, 0.0000000000000000000 ) ;
#8216 = CIRCLE ( 'NONE', #6412, 11.90000000000000000 ) ;
#8217 = FILL_AREA_STYLE_COLOUR ( '', #4220 ) ;
#8218 = ORIENTED_EDGE ( 'NONE', *, *, #4138, .F. ) ;
#8219 = DIRECTION ( 'NONE',  ( 0.0000000000000000000, 1.000000000000000000, 0.0000000000000000000 ) ) ;
#8220 = CARTESIAN_POINT ( 'NONE',  ( -17.23200699418458700, 27.21493759209384700, 0.9996989117321450900 ) ) ;
#8221 = CARTESIAN_POINT ( 'NONE',  ( -17.23808886940254900, 22.84028182795635300, 0.9943142199130672300 ) ) ;
#8222 =( LENGTH_UNIT ( ) NAMED_UNIT ( * ) SI_UNIT ( .MILLI., .METRE. ) );
#8223 = LINE ( 'NONE', #5239, #5630 ) ;
#8224 = LINE ( 'NONE', #803, #1280 ) ;
#8225 = STYLED_ITEM ( 'NONE', ( #8154 ), #6046 ) ;
#8226 = ORIENTED_EDGE ( 'NONE', *, *, #4153, .F. ) ;
#8227 = PRESENTATION_LAYER_ASSIGNMENT (  '', '', ( #7657 ) ) ;
#8228 = EDGE_CURVE ( 'NONE', #6351, #4447, #10344, .T. ) ;
#8229 = VERTEX_POINT ( 'NONE', #3904 ) ;
#8230 = CARTESIAN_POINT ( 'NONE',  ( -18.32713656122869500, 26.14084121286810000, 1.217514105700781200 ) ) ;
#8231 = CARTESIAN_POINT ( 'NONE',  ( -19.09186549171944600, 26.49547922084602200, -0.6305194335414739900 ) ) ;
#8232 = CARTESIAN_POINT ( 'NONE',  ( -18.00000000000000400, 28.41093935102359700, 0.0000000000000000000 ) ) ;
#8233 = DIRECTION ( 'NONE',  ( 0.0000000000000000000, 0.0000000000000000000, 1.000000000000000000 ) ) ;
#8234 = SURFACE_SIDE_STYLE ('',( #3223 ) ) ;
#8235 = LINE ( 'NONE', #4545, #3599 ) ;
#8236 = ORIENTED_EDGE ( 'NONE', *, *, #10932, .F. ) ;
#8237 = DIRECTION ( 'NONE',  ( -0.0000000000000000000, -1.000000000000000000, -0.0000000000000000000 ) ) ;
#8238 = SURFACE_STYLE_FILL_AREA ( #1620 ) ;
#8239 = PRESENTATION_LAYER_ASSIGNMENT (  '', '', ( #7671 ) ) ;
#8240 = LINE ( 'NONE', #5369, #10304 ) ;
#8241 = FILL_AREA_STYLE ('',( #1279 ) ) ;
#8242 = PRESENTATION_STYLE_ASSIGNMENT (( #1317 ) ) ;
#8243 = CARTESIAN_POINT ( 'NONE',  ( 0.0000000000000000000, 1.235171079313854300E-008, 1.136543937106432600E-011 ) ) ;
#8244 = EDGE_CURVE ( 'NONE', #9404, #1081, #5693, .T. ) ;
#8245 =( NAMED_UNIT ( * ) PLANE_ANGLE_UNIT ( ) SI_UNIT ( $, .RADIAN. ) );
#8246 = CARTESIAN_POINT ( 'NONE',  ( -18.00000000000000400, 28.90000000000000200, 0.0000000000000000000 ) ) ;
#8247 = VERTEX_POINT ( 'NONE', #9093 ) ;
#8248 = CARTESIAN_POINT ( 'NONE',  ( -17.83101216440348900, 25.98274221614799700, 1.736966527241191800 ) ) ;
#8249 = CIRCLE ( 'NONE', #7981, 18.50000000000000000 ) ;
#8250 = FILL_AREA_STYLE_COLOUR ( '', #5729 ) ;
#8251 = PRESENTATION_STYLE_ASSIGNMENT (( #4953 ) ) ;
#8252 = ORIENTED_EDGE ( 'NONE', *, *, #6550, .T. ) ;
#8253 = VERTEX_POINT ( 'NONE', #10917 ) ;
#8254 = CARTESIAN_POINT ( 'NONE',  ( -19.24989305797526400, 24.65247866482236100, -0.1638399948191975900 ) ) ;
#8255 = CARTESIAN_POINT ( 'NONE',  ( -17.67234741502282700, 27.39128739240283000, -1.217240424279707200 ) ) ;
#8256 = CARTESIAN_POINT ( 'NONE',  ( -17.83483450940790500, 23.02786462922035300, -1.250000000000546500 ) ) ;
#8257 = CARTESIAN_POINT ( 'NONE',  ( -18.00000000000000400, 21.89999999999999900, 0.0000000000000000000 ) ) ;
#8258 = ORIENTED_EDGE ( 'NONE', *, *, #1982, .F. ) ;
#8259 = CARTESIAN_POINT ( 'NONE',  ( -17.48588819061365000, 23.49882039594780600, 1.667722603146207800 ) ) ;
#8260 = PRESENTATION_LAYER_ASSIGNMENT (  '', '', ( #7692 ) ) ;
#8261 = ADVANCED_FACE ( 'NONE', ( #7749, #8013 ), #7413, .T. ) ;
#8262 = DIRECTION ( 'NONE',  ( 1.000000000000000000, 0.0000000000000000000, 0.0000000000000000000 ) ) ;
#8263 = ADVANCED_FACE ( 'NONE', ( #268 ), #1478, .F. ) ;
#8264 = ORIENTED_EDGE ( 'NONE', *, *, #3572, .F. ) ;
#8265 = CARTESIAN_POINT ( 'NONE',  ( -18.76807352487529500, 25.96418398266403600, -0.9998658520015465400 ) ) ;
#8266 = SURFACE_SIDE_STYLE ('',( #10270 ) ) ;
#8267 = EDGE_LOOP ( 'NONE', ( #6054, #5773 ) ) ;
#8268 = CARTESIAN_POINT ( 'NONE',  ( -18.00000000000000400, 34.89999999999999900, -9.399999999999998600 ) ) ;
#8269 = CARTESIAN_POINT ( 'NONE',  ( -17.44578784889010600, 25.32472722055607100, 1.123414715735792300 ) ) ;
#8270 = SURFACE_STYLE_FILL_AREA ( #9852 ) ;
#8271 = UNCERTAINTY_MEASURE_WITH_UNIT (LENGTH_MEASURE( 1.000000000000000100E-005 ), #7762, 'distance_accuracy_value', 'NONE');
#8272 = EDGE_CURVE ( 'NONE', #1957, #9236, #3792, .T. ) ;
#8273 = PRESENTATION_STYLE_ASSIGNMENT (( #8148 ) ) ;
#8274 = AXIS2_PLACEMENT_3D ( 'NONE', #6489, #4671, #4197 ) ;
#8275 = ORIENTED_EDGE ( 'NONE', *, *, #8228, .F. ) ;
#8276 = MECHANICAL_DESIGN_GEOMETRIC_PRESENTATION_REPRESENTATION (  '', ( #7116 ), #8870 ) ;
#8277 = DIRECTION ( 'NONE',  ( 0.0000000000000000000, 1.000000000000000000, 0.0000000000000000000 ) ) ;
#8278 =( NAMED_UNIT ( * ) SI_UNIT ( $, .STERADIAN. ) SOLID_ANGLE_UNIT ( ) );
#8279 = DIRECTION ( 'NONE',  ( 0.0000000000000000000, 0.0000000000000000000, -1.000000000000000000 ) ) ;
#8280 = CARTESIAN_POINT ( 'NONE',  ( -33.00000000000000000, 22.50000000000000400, 12.00000000000000200 ) ) ;
#8281 = SURFACE_SIDE_STYLE ('',( #1085 ) ) ;
#8282 = CARTESIAN_POINT ( 'NONE',  ( 0.0000000000000000000, 14.09108147143918500, -9.863134540565003100 ) ) ;
#8283 = FILL_AREA_STYLE_COLOUR ( '', #6507 ) ;
#8284 = VERTEX_POINT ( 'NONE', #7491 ) ;
#8285 = LINE ( 'NONE', #7053, #3929 ) ;
#8286 = B_SPLINE_CURVE_WITH_KNOTS ( 'NONE', 3,
 ( #10594, #9741, #187, #6262, #1063, #7139, #1924, #8011, #2791, #8892, #3674, #9777, #4542, #10677 ),
 .UNSPECIFIED., .F., .F.,
 ( 4, 2, 2, 2, 2, 2, 4 ),
 ( 1.132189991198311400E-008, 0.0002748087156746881600, 0.0005496061094494642600, 0.001099200896999017000, 0.001373998290773793000, 0.001648795684548569500, 0.002198390472098118600 ),
 .UNSPECIFIED. ) ;
#8287 = VECTOR ( 'NONE', #5087, 1000.000000000000000 ) ;
#8288 =( GEOMETRIC_REPRESENTATION_CONTEXT ( 3 ) GLOBAL_UNCERTAINTY_ASSIGNED_CONTEXT ( ( #2896 ) ) GLOBAL_UNIT_ASSIGNED_CONTEXT ( ( #10709, #5467, #259 ) ) REPRESENTATION_CONTEXT ( 'NONE', 'WORKASPACE' ) );
#8289 = CARTESIAN_POINT ( 'NONE',  ( -17.51945024048706000, 26.31929100186666300, 1.153779678391972900 ) ) ;
#8290 = STYLED_ITEM ( 'NONE', ( #2968 ), #10040 ) ;
#8291 = CARTESIAN_POINT ( 'NONE',  ( -3.000000000000002700, 28.49999999999999600, -13.99999999949749900 ) ) ;
#8292 = CARTESIAN_POINT ( 'NONE',  ( -18.00000000000000400, 28.41093935102359700, -1.250000000000000000 ) ) ;
#8293 = DIRECTION ( 'NONE',  ( 2.891205793294679300E-016, 0.0000000000000000000, -1.000000000000000000 ) ) ;
#8294 = VECTOR ( 'NONE', #9742, 1000.000000000000000 ) ;
#8295 = EDGE_LOOP ( 'NONE', ( #7100, #8738, #6996, #10883 ) ) ;
#8296 = COLOUR_RGB ( '',0.7764705882352941300, 0.7568627450980391900, 0.7372549019607843600 ) ;
#8297 = SURFACE_SIDE_STYLE ('',( #4807 ) ) ;
#8298 = UNCERTAINTY_MEASURE_WITH_UNIT (LENGTH_MEASURE( 1.000000000000000100E-005 ), #583, 'distance_accuracy_value', 'NONE');
#8299 = FILL_AREA_STYLE ('',( #6583 ) ) ;
#8300 = CIRCLE ( 'NONE', #216, 17.20000000223977600 ) ;
#8301 = CARTESIAN_POINT ( 'NONE',  ( -17.83487529949163500, 27.29843821041822200, 1.249999999999967800 ) ) ;
#8302 = CARTESIAN_POINT ( 'NONE',  ( -17.36950568595850800, 25.49613468075424900, -1.091738379012381100 ) ) ;
#8303 = STYLED_ITEM ( 'NONE', ( #4375 ), #7373 ) ;
#8304 = EDGE_LOOP ( 'NONE', ( #9624, #2650 ) ) ;
#8305 = ORIENTED_EDGE ( 'NONE', *, *, #3345, .F. ) ;
#8306 = EDGE_CURVE ( 'NONE', #6756, #7188, #6114, .T. ) ;
#8307 = PRESENTATION_STYLE_ASSIGNMENT (( #7251 ) ) ;
#8308 = CARTESIAN_POINT ( 'NONE',  ( -16.78963624255271400, 26.26605516596447700, 0.3227547811159849300 ) ) ;
#8309 = EDGE_LOOP ( 'NONE', ( #10688, #6059, #4164, #973 ) ) ;
#8310 = COLOUR_RGB ( '',0.9803921568627450600, 0.6274509803921568500, 0.0000000000000000000 ) ;
#8311 = CARTESIAN_POINT ( 'NONE',  ( -19.00044382687441300, 24.48518087663231300, -0.7672297449955154400 ) ) ;
#8312 = CARTESIAN_POINT ( 'NONE',  ( -17.00075025127514300, 28.23505337497519500, 0.7685089759487332400 ) ) ;
#8313 = ADVANCED_FACE ( 'NONE', ( #3508 ), #394, .F. ) ;
#8314 = CARTESIAN_POINT ( 'NONE',  ( -19.06713229531356300, 28.58179382842789500, 0.6642688808628424100 ) ) ;
#8315 = SURFACE_SIDE_STYLE ('',( #6918 ) ) ;
#8316 = CARTESIAN_POINT ( 'NONE',  ( -18.92965703249000200, 25.27814688683000500, 1.140946980638000200 ) ) ;
#8317 =( LENGTH_UNIT ( ) NAMED_UNIT ( * ) SI_UNIT ( .MILLI., .METRE. ) );
#8318 =( LENGTH_UNIT ( ) NAMED_UNIT ( * ) SI_UNIT ( .MILLI., .METRE. ) );
#8319 = FACE_BOUND ( 'NONE', #94, .T. ) ;
#8320 = SURFACE_SIDE_STYLE ('',( #3655 ) ) ;
#8321 = MECHANICAL_DESIGN_GEOMETRIC_PRESENTATION_REPRESENTATION (  '', ( #6563 ), #8920 ) ;
#8322 = FILL_AREA_STYLE_COLOUR ( '', #25 ) ;
#8323 =( GEOMETRIC_REPRESENTATION_CONTEXT ( 3 ) GLOBAL_UNCERTAINTY_ASSIGNED_CONTEXT ( ( #6640 ) ) GLOBAL_UNIT_ASSIGNED_CONTEXT ( ( #9706, #4468, #10597 ) ) REPRESENTATION_CONTEXT ( 'NONE', 'WORKASPACE' ) );
#8324 = CARTESIAN_POINT ( 'NONE',  ( -16.74234232566659500, 26.40977414938763300, 0.03938083968361897500 ) ) ;
#8325 = ORIENTED_EDGE ( 'NONE', *, *, #2409, .F. ) ;
#8326 = APPLICATION_CONTEXT ( 'automotive_design' ) ;
#8327 =( LENGTH_UNIT ( ) NAMED_UNIT ( * ) SI_UNIT ( .MILLI., .METRE. ) );
#8328 = LINE ( 'NONE', #8732, #1675 ) ;
#8329 = CARTESIAN_POINT ( 'NONE',  ( -9.300000000000002500, 33.00000000000000000, -0.4999999999999998900 ) ) ;
#8330 = FILL_AREA_STYLE ('',( #6572 ) ) ;
#8331 = ADVANCED_FACE ( 'NONE', ( #7331, #5028 ), #10171, .T. ) ;
#8332 =( NAMED_UNIT ( * ) SI_UNIT ( $, .STERADIAN. ) SOLID_ANGLE_UNIT ( ) );
#8333 =( LENGTH_UNIT ( ) NAMED_UNIT ( * ) SI_UNIT ( .MILLI., .METRE. ) );
#8334 = CARTESIAN_POINT ( 'NONE',  ( -9.298000000000000000, 33.37999999999999500, 0.07426398035755001100 ) ) ;
#8335 = ORIENTED_EDGE ( 'NONE', *, *, #2027, .F. ) ;
#8336 = CIRCLE ( 'NONE', #3390, 17.20000000223977600 ) ;
#8337 = EDGE_CURVE ( 'NONE', #7694, #5446, #10906, .T. ) ;
#8338 = PRESENTATION_STYLE_ASSIGNMENT (( #5807 ) ) ;
#8339 = MECHANICAL_DESIGN_GEOMETRIC_PRESENTATION_REPRESENTATION (  '', ( #7186 ), #8938 ) ;
#8340 = CARTESIAN_POINT ( 'NONE',  ( -17.87326771252999800, 27.47739262078000900, -1.278737861647000400 ) ) ;
#8341 = AXIS2_PLACEMENT_3D ( 'NONE', #6336, #3748, #7252 ) ;
#8342 = CARTESIAN_POINT ( 'NONE',  ( -32.50000000000181900, 28.50000000000000000, 14.00000000000189700 ) ) ;
#8343 = FILL_AREA_STYLE_COLOUR ( '', #7203 ) ;
#8344 = VECTOR ( 'NONE', #7220, 1000.000000000000000 ) ;
#8345 = AXIS2_PLACEMENT_3D ( 'NONE', #531, #2900, #10114 ) ;
#8346 = CARTESIAN_POINT ( 'NONE',  ( -16.78222284220579000, 27.43413755178492500, -0.3260579546057867400 ) ) ;
#8347 =( NAMED_UNIT ( * ) PLANE_ANGLE_UNIT ( ) SI_UNIT ( $, .RADIAN. ) );
#8348 = CARTESIAN_POINT ( 'NONE',  ( -16.35053380667000100, 25.06315591447999900, -0.1726752157822000200 ) ) ;
#8349 = ADVANCED_FACE ( 'NONE', ( #3913 ), #790, .T. ) ;
#8350 =( LENGTH_UNIT ( ) NAMED_UNIT ( * ) SI_UNIT ( .MILLI., .METRE. ) );
#8351 = ORIENTED_EDGE ( 'NONE', *, *, #8357, .T. ) ;
#8352 = CYLINDRICAL_SURFACE ( 'NONE', #4851, 0.8250000000000062800 ) ;
#8353 = CARTESIAN_POINT ( 'NONE',  ( -19.27883317199000100, 25.61805462382999500, 0.1257668819293999700 ) ) ;
#8354 = LINE ( 'NONE', #2854, #10424 ) ;
#8355 = DIRECTION ( 'NONE',  ( 1.000000000000000000, 0.0000000000000000000, 0.0000000000000000000 ) ) ;
#8356 = CARTESIAN_POINT ( 'NONE',  ( -18.16465486878932700, 24.65120168538525300, 1.250000000000004700 ) ) ;
#8357 = EDGE_CURVE ( 'NONE', #1018, #4870, #3085, .T. ) ;
#8358 = CARTESIAN_POINT ( 'NONE',  ( -19.24989318410373700, 25.65243907755349500, -0.1638379465476448000 ) ) ;
#8359 = DIRECTION ( 'NONE',  ( -1.000000000000000000, 0.0000000000000000000, 0.0000000000000000000 ) ) ;
#8360 = EDGE_LOOP ( 'NONE', ( #35, #6414 ) ) ;
#8361 = DIRECTION ( 'NONE',  ( 0.0000000000000000000, 0.0000000000000000000, -1.000000000000000000 ) ) ;
#8362 = DIRECTION ( 'NONE',  ( 0.0000000000000000000, 1.000000000000000000, 0.0000000000000000000 ) ) ;
#8363 = CARTESIAN_POINT ( 'NONE',  ( -18.00000000000000400, 28.41093935102359700, 0.0000000000000000000 ) ) ;
#8364 = CARTESIAN_POINT ( 'NONE',  ( -19.14578889909000400, 24.65356306357000100, -0.9236828746055997200 ) ) ;
#8365 = PRESENTATION_LAYER_ASSIGNMENT (  '', '', ( #7786 ) ) ;
#8366 = ORIENTED_EDGE ( 'NONE', *, *, #2588, .T. ) ;
#8367 = CARTESIAN_POINT ( 'NONE',  ( -1.444020278706814200, -16.78820545322528800, -33.57641090645057600 ) ) ;
#8368 = DIRECTION ( 'NONE',  ( -0.0000000000000000000, -1.000000000000000000, -0.0000000000000000000 ) ) ;
#8369 = FACE_OUTER_BOUND ( 'NONE', #1093, .T. ) ;
#8370 = B_SPLINE_CURVE_WITH_KNOTS ( 'NONE', 3,
 ( #831, #6053, #5182, #1712, #7798, #2572, #8681, #3442, #9571, #4315, #10441, #5220, #13, #6089, #867, #6950, #1747, #7830, #2610, #8715 ),
 .UNSPECIFIED., .F., .F.,
 ( 4, 2, 2, 2, 2, 2, 2, 2, 2, 4 ),
 ( 0.01663771896882112300, 0.01712729287716271600, 0.01761686678550430900, 0.01810644069384590200, 0.01859601460218749500, 0.01908558851052908800, 0.01957516241887068100, 0.01981994937304148000, 0.02006473632721227800, 0.02055431023555387100 ),
 .UNSPECIFIED. ) ;
#8371 = CARTESIAN_POINT ( 'NONE',  ( -16.37662497727999900, 24.50848090530999500, 0.8765208697902000500 ) ) ;
#8372 = FACE_OUTER_BOUND ( 'NONE', #4090, .T. ) ;
#8373 = DIRECTION ( 'NONE',  ( -1.000000000000000000, -0.0000000000000000000, -0.0000000000000000000 ) ) ;
#8374 = VERTEX_POINT ( 'NONE', #11110 ) ;
#8375 = CARTESIAN_POINT ( 'NONE',  ( -0.6470537030290046700, -17.20000000223977600, -2.106392494807740200E-015 ) ) ;
#8376 = CARTESIAN_POINT ( 'NONE',  ( -19.27435326848200600, 28.90009795209105900, 0.9252631208235532200 ) ) ;
#8377 = LINE ( 'NONE', #3815, #1430 ) ;
#8378 = DIRECTION ( 'NONE',  ( -1.000000000000000000, -0.0000000000000000000, -0.0000000000000000000 ) ) ;
#8379 =( LENGTH_UNIT ( ) NAMED_UNIT ( * ) SI_UNIT ( .MILLI., .METRE. ) );
#8380 = ADVANCED_FACE ( 'NONE', ( #10054 ), #6625, .F. ) ;
#8381 = CARTESIAN_POINT ( 'NONE',  ( -1.500000000000000400, -15.94956969548781000, -1.953258947535676900E-015 ) ) ;
#8382 = FACE_OUTER_BOUND ( 'NONE', #4580, .T. ) ;
#8383 = AXIS2_PLACEMENT_3D ( 'NONE', #9531, #4275, #10400 ) ;
#8384 = ORIENTED_EDGE ( 'NONE', *, *, #2326, .F. ) ;
#8385 = AXIS2_PLACEMENT_3D ( 'NONE', #9968, #4752, #10878 ) ;
#8386 = EDGE_CURVE ( 'NONE', #3039, #5489, #8964, .T. ) ;
#8387 = ORIENTED_EDGE ( 'NONE', *, *, #7742, .T. ) ;
#8388 = CARTESIAN_POINT ( 'NONE',  ( -18.98825643994000200, 26.66543365053999900, 0.8213288111518999300 ) ) ;
#8389 = CARTESIAN_POINT ( 'NONE',  ( -18.90431383043184300, 28.22344132242709600, 0.8730658514730683700 ) ) ;
#8390 = FILL_AREA_STYLE ('',( #8343 ) ) ;
#8391 = CARTESIAN_POINT ( 'NONE',  ( -18.00000000000000400, 28.41093935102359700, 0.0000000000000000000 ) ) ;
#8392 = CARTESIAN_POINT ( 'NONE',  ( -18.76795720419513100, 27.96493515193493500, -0.9996484874863825800 ) ) ;
#8393 = CARTESIAN_POINT ( 'NONE',  ( -17.99999999999998900, 23.66191303871152100, 1.250000000000000200 ) ) ;
#8394 = ORIENTED_EDGE ( 'NONE', *, *, #1969, .F. ) ;
#8395 =( NAMED_UNIT ( * ) PLANE_ANGLE_UNIT ( ) SI_UNIT ( $, .RADIAN. ) );
#8396 = ADVANCED_FACE ( 'NONE', ( #2259 ), #2459, .T. ) ;
#8397 = ORIENTED_EDGE ( 'NONE', *, *, #8037, .F. ) ;
#8398 = AXIS2_PLACEMENT_3D ( 'NONE', #3299, #9420, #4172 ) ;
#8399 = DIRECTION ( 'NONE',  ( 0.0000000000000000000, 0.0000000000000000000, -1.000000000000000000 ) ) ;
#8400 = EDGE_CURVE ( 'NONE', #6778, #953, #2711, .T. ) ;
#8401 = DIRECTION ( 'NONE',  ( -0.0000000000000000000, -0.0000000000000000000, 1.000000000000000000 ) ) ;
#8402 = CARTESIAN_POINT ( 'NONE',  ( -9.300000000000002500, 33.00000000000000000, 0.0000000000000000000 ) ) ;
#8403 =( LENGTH_UNIT ( ) NAMED_UNIT ( * ) SI_UNIT ( .MILLI., .METRE. ) );
#8404 = CARTESIAN_POINT ( 'NONE',  ( -9.350000000000005000, 32.25999999999999800, 0.3500000000000000300 ) ) ;
#8405 = DIRECTION ( 'NONE',  ( 0.0000000000000000000, 0.0000000000000000000, -1.000000000000000000 ) ) ;
#8406 = EDGE_LOOP ( 'NONE', ( #7688, #11141, #3415, #10809 ) ) ;
#8407 = CARTESIAN_POINT ( 'NONE',  ( -2.999999999999805000, 12.72060632452254400, -14.11434665856212300 ) ) ;
#8408 = CARTESIAN_POINT ( 'NONE',  ( -1.500000000000001300, 15.94956969548781000, 0.0000000000000000000 ) ) ;
#8409 = ORIENTED_EDGE ( 'NONE', *, *, #2691, .T. ) ;
#8410 = CARTESIAN_POINT ( 'NONE',  ( -18.53989604283000500, 23.69652193506999200, -1.764466961482000300 ) ) ;
#8411 = ADVANCED_FACE ( 'NONE', ( #5832 ), #6011, .T. ) ;
#8412 = SURFACE_STYLE_USAGE ( .BOTH. , #2303 ) ;
#8413 = CARTESIAN_POINT ( 'NONE',  ( -0.6470537030290188800, -15.05000000000000400, 30.09999999999999100 ) ) ;
#8414 = ORIENTED_EDGE ( 'NONE', *, *, #1498, .T. ) ;
#8415 = EDGE_LOOP ( 'NONE', ( #6214, #7078, #3535, #7984 ) ) ;
#8416 = FILL_AREA_STYLE_COLOUR ( '', #1160 ) ;
#8417 = CARTESIAN_POINT ( 'NONE',  ( -16.57563522358000800, 26.09733258866000900, 1.173037245051999900 ) ) ;
#8418 = MECHANICAL_DESIGN_GEOMETRIC_PRESENTATION_REPRESENTATION (  '', ( #7250 ), #9003 ) ;
#8419 = VECTOR ( 'NONE', #7452, 1000.000000000000000 ) ;
#8420 = CARTESIAN_POINT ( 'NONE',  ( -1.500000000000000700, 15.94956969548780500, 31.89913939097562000 ) ) ;
#8421 = PRESENTATION_LAYER_ASSIGNMENT (  '', '', ( #9007 ) ) ;
#8422 = UNCERTAINTY_MEASURE_WITH_UNIT (LENGTH_MEASURE( 1.000000000000000100E-005 ), #11262, 'distance_accuracy_value', 'NONE');
#8423 = PRESENTATION_STYLE_ASSIGNMENT (( #1090 ) ) ;
#8424 = ORIENTED_EDGE ( 'NONE', *, *, #7803, .T. ) ;
#8425 = CARTESIAN_POINT ( 'NONE',  ( -18.92757466730000700, 28.13681900098999800, -1.142616599401000200 ) ) ;
#8426 = DIRECTION ( 'NONE',  ( 0.0000000000000000000, 0.4999999999994678700, 0.8660254037847459100 ) ) ;
#8427 = CARTESIAN_POINT ( 'NONE',  ( -18.37083697740000300, 24.00855015618999400, -1.230329384282999900 ) ) ;
#8428 = CARTESIAN_POINT ( 'NONE',  ( -18.32910935952228100, 28.14121388513454000, 1.216840507518210900 ) ) ;
#8429 = VECTOR ( 'NONE', #4327, 1000.000000000000000 ) ;
#8431 = LINE ( 'NONE', #9793, #1764 ) ;
#8430 = CARTESIAN_POINT ( 'NONE',  ( -17.00615652058559100, 23.83890090963572200, -0.7625247867424762600 ) ) ;
#8432 = EDGE_CURVE ( 'NONE', #8685, #9794, #5021, .T. ) ;
#8433 = CARTESIAN_POINT ( 'NONE',  ( -17.23130275491861600, 27.71499380145725400, 0.9991062411226194800 ) ) ;
#8434 = MECHANICAL_DESIGN_GEOMETRIC_PRESENTATION_REPRESENTATION (  '', ( #7266 ), #9022 ) ;
#8435 = PRODUCT_RELATED_PRODUCT_CATEGORY ( 'part', '', ( #10738 ) ) ;
#8436 = CARTESIAN_POINT ( 'NONE',  ( -14.45475043706659900, 17.84037609198463400, 4.926734128277342300 ) ) ;
#8437 = ORIENTED_EDGE ( 'NONE', *, *, #1238, .T. ) ;
#8438 = COLOUR_RGB ( '',0.0000000000000000000, 0.0000000000000000000, 0.0000000000000000000 ) ;
#8439 = FILL_AREA_STYLE_COLOUR ( '', #7519 ) ;
#8440 =( NAMED_UNIT ( * ) PLANE_ANGLE_UNIT ( ) SI_UNIT ( $, .RADIAN. ) );
#8441 =( NAMED_UNIT ( * ) PLANE_ANGLE_UNIT ( ) SI_UNIT ( $, .RADIAN. ) );
#8442 = LINE ( 'NONE', #9258, #3810 ) ;
#8443 = DIRECTION ( 'NONE',  ( 1.000000000000000000, 0.0000000000000000000, 0.0000000000000000000 ) ) ;
#8444 = CARTESIAN_POINT ( 'NONE',  ( -18.32724479959380700, 24.05802111633378000, -1.217479009788541100 ) ) ;
#8445 = FILL_AREA_STYLE_COLOUR ( '', #4855 ) ;
#8446 = FILL_AREA_STYLE_COLOUR ( '', #11047 ) ;
#8447 = B_SPLINE_CURVE_WITH_KNOTS ( 'NONE', 3,
 ( #334, #10759, #1210, #7292, #2058, #8157, #2944, #9043, #3825, #9920, #4697, #10836, #5573, #372 ),
 .UNSPECIFIED., .F., .F.,
 ( 4, 2, 2, 2, 2, 2, 4 ),
 ( -0.02960454368984535200, -0.02932975366534494900, -0.02905496364084455100, -0.02850538359184375000, -0.02823059356734335500, -0.02795580354284295900, -0.02740622349384215900 ),
 .UNSPECIFIED. ) ;
#8448 = CARTESIAN_POINT ( 'NONE',  ( -18.85480361890000400, 22.88456296483000000, 1.635282337146000100 ) ) ;
#8449 = CIRCLE ( 'NONE', #6603, 16.75000000000000000 ) ;
#8450 = ORIENTED_EDGE ( 'NONE', *, *, #958, .F. ) ;
#8451 = DIRECTION ( 'NONE',  ( -1.000000000000000000, -0.0000000000000000000, -0.0000000000000000000 ) ) ;
#8452 =( GEOMETRIC_REPRESENTATION_CONTEXT ( 3 ) GLOBAL_UNCERTAINTY_ASSIGNED_CONTEXT ( ( #551 ) ) GLOBAL_UNIT_ASSIGNED_CONTEXT ( ( #599, #6654, #1461 ) ) REPRESENTATION_CONTEXT ( 'NONE', 'WORKASPACE' ) );
#8453 = CARTESIAN_POINT ( 'NONE',  ( -2.700000000000008200, 0.0000000000000000000, 0.0000000000000000000 ) ) ;
#8454 = SURFACE_STYLE_FILL_AREA ( #64 ) ;
#8455 = DIRECTION ( 'NONE',  ( 0.0000000000000000000, 1.000000000000000000, 0.0000000000000000000 ) ) ;
#8456 = EDGE_CURVE ( 'NONE', #10009, #572, #385, .T. ) ;
#8457 = CARTESIAN_POINT ( 'NONE',  ( -19.42681560181000600, 25.74323507899000400, -1.170054970391000400 ) ) ;
#8458 = DIRECTION ( 'NONE',  ( 1.000000000000000000, 0.0000000000000000000, 0.0000000000000000000 ) ) ;
#8459 = CARTESIAN_POINT ( 'NONE',  ( -18.19019816015000000, 25.28537361842001000, -1.835389891240000000 ) ) ;
#8460 = SURFACE_STYLE_FILL_AREA ( #6998 ) ;
#8461 = UNCERTAINTY_MEASURE_WITH_UNIT (LENGTH_MEASURE( 1.000000000000000100E-005 ), #10554, 'distance_accuracy_value', 'NONE');
#8462 = CARTESIAN_POINT ( 'NONE',  ( -0.8529462969709826800, 15.05000000000000100, 3.686186865433533300E-015 ) ) ;
#8463 = ORIENTED_EDGE ( 'NONE', *, *, #7993, .T. ) ;
#8464 = ORIENTED_EDGE ( 'NONE', *, *, #7151, .T. ) ;
#8465 = CARTESIAN_POINT ( 'NONE',  ( -18.14208514004000200, 27.32486003074999600, 1.464866554916000000 ) ) ;
#8466 = SURFACE_STYLE_USAGE ( .BOTH. , #2354 ) ;
#8467 = CARTESIAN_POINT ( 'NONE',  ( -18.60004158040000300, 23.19659118594999100, 1.136301761579000100 ) ) ;
#8468 = DIRECTION ( 'NONE',  ( 1.000000000000000000, -0.0000000000000000000, -0.0000000000000000000 ) ) ;
#8469 = DIRECTION ( 'NONE',  ( 0.0000000000000000000, 0.0000000000000000000, -1.000000000000000000 ) ) ;
#8470 = STYLED_ITEM ( 'NONE', ( #436 ), #7521 ) ;
#8471 = ADVANCED_FACE ( 'NONE', ( #4732 ), #828, .T. ) ;
#8472 = ADVANCED_FACE ( 'NONE', ( #8552 ), #5303, .F. ) ;
#8473 =( NAMED_UNIT ( * ) PLANE_ANGLE_UNIT ( ) SI_UNIT ( $, .RADIAN. ) );
#8474 = B_SPLINE_CURVE_WITH_KNOTS ( 'NONE', 3,
 ( #3008, #2127, #3533, #3496, #5192, #10500, #11319, #5383, #8801, #10576, #3570, #2698, #1830, #4661, #3790, #9005, #10153, #6881, #72, #3292 ),
 .UNSPECIFIED., .F., .F.,
 ( 4, 2, 2, 2, 2, 2, 2, 2, 2, 4 ),
 ( -0.01957639720340620700, -0.01908698232000267900, -0.01884227487830091400, -0.01859756743659914800, -0.01810815255319561300, -0.01761873766979207800, -0.01712932278638854000, -0.01663990790298500500, -0.01615049301958146700, -0.01566107813617793200 ),
 .UNSPECIFIED. ) ;
#8475 = EDGE_CURVE ( 'NONE', #5078, #10581, #11197, .T. ) ;
#8476 = ADVANCED_FACE ( 'NONE', ( #9774 ), #1066, .T. ) ;
#8477 = VERTEX_POINT ( 'NONE', #1103 ) ;
#8478 = CARTESIAN_POINT ( 'NONE',  ( -17.83553078662746200, 27.90220799390464600, -1.241818511170351900 ) ) ;
#8479 = PRESENTATION_STYLE_ASSIGNMENT (( #6286 ) ) ;
#8480 = CARTESIAN_POINT ( 'NONE',  ( -20.40000000000000200, 28.89999999999999500, 9.099999999999999600 ) ) ;
#8481 = PRODUCT_DEFINITION_SHAPE ( 'NONE', 'NONE',  #7269 ) ;
#8482 = CARTESIAN_POINT ( 'NONE',  ( -28.00000000000000700, 18.61545993133000100, 9.000000000000001800 ) ) ;
#8483 =( NAMED_UNIT ( * ) PLANE_ANGLE_UNIT ( ) SI_UNIT ( $, .RADIAN. ) );
#8484 =( LENGTH_UNIT ( ) NAMED_UNIT ( * ) SI_UNIT ( .MILLI., .METRE. ) );
#8485 =( NAMED_UNIT ( * ) SI_UNIT ( $, .STERADIAN. ) SOLID_ANGLE_UNIT ( ) );
#8486 = FILL_AREA_STYLE_COLOUR ( '', #6814 ) ;
#8487 = CARTESIAN_POINT ( 'NONE',  ( -19.21774532790499600, 23.68294696405058600, 0.3261581839322194600 ) ) ;
#8488 = VERTEX_POINT ( 'NONE', #7180 ) ;
#8489 = SURFACE_STYLE_FILL_AREA ( #4049 ) ;
#8490 = CARTESIAN_POINT ( 'NONE',  ( -18.00000000000000400, 28.41093935102359700, 1.250000000000000000 ) ) ;
#8491 = CARTESIAN_POINT ( 'NONE',  ( -19.46085126797000300, 24.35594831529000000, -0.7851585972131999200 ) ) ;
#8492 =( GEOMETRIC_REPRESENTATION_CONTEXT ( 3 ) GLOBAL_UNCERTAINTY_ASSIGNED_CONTEXT ( ( #6031 ) ) GLOBAL_UNIT_ASSIGNED_CONTEXT ( ( #144, #6208, #1014 ) ) REPRESENTATION_CONTEXT ( 'NONE', 'WORKASPACE' ) );
#8493 = CARTESIAN_POINT ( 'NONE',  ( -46.50000000000000000, 0.0000000000000000000, 9.549999999999998900 ) ) ;
#8494 = UNCERTAINTY_MEASURE_WITH_UNIT (LENGTH_MEASURE( 1.000000000000000100E-005 ), #4428, 'distance_accuracy_value', 'NONE');
#8495 = SURFACE_STYLE_USAGE ( .BOTH. , #2386 ) ;
#8496 = CARTESIAN_POINT ( 'NONE',  ( -19.09275698763650200, 27.70441594772584500, 0.6286312517591832200 ) ) ;
#8497 = ORIENTED_EDGE ( 'NONE', *, *, #2723, .F. ) ;
#8498 = CARTESIAN_POINT ( 'NONE',  ( -17.80596285395000300, 24.93127610875000100, 1.834988126894000300 ) ) ;
#8499 = SURFACE_STYLE_USAGE ( .BOTH. , #2392 ) ;
#8500 = CARTESIAN_POINT ( 'NONE',  ( -0.8529462969709827900, -15.05000000000000100, -1.898176190126221600E-015 ) ) ;
#8501 = CIRCLE ( 'NONE', #7095, 1.250000000000000000 ) ;
#8502 = CARTESIAN_POINT ( 'NONE',  ( -18.00000000000000400, 28.41093935102359700, 0.0000000000000000000 ) ) ;
#8503 = CARTESIAN_POINT ( 'NONE',  ( -18.62916124349272500, 23.45385468645650900, -1.092415521611041200 ) ) ;
#8504 = ADVANCED_FACE ( 'NONE', ( #4744 ), #5967, .T. ) ;
#8505 = ORIENTED_EDGE ( 'NONE', *, *, #9200, .T. ) ;
#8506 = ORIENTED_EDGE ( 'NONE', *, *, #5243, .F. ) ;
#8507 = EDGE_CURVE ( 'NONE', #3397, #10478, #10627, .T. ) ;
#8508 =( GEOMETRIC_REPRESENTATION_CONTEXT ( 3 ) GLOBAL_UNCERTAINTY_ASSIGNED_CONTEXT ( ( #7589 ) ) GLOBAL_UNIT_ASSIGNED_CONTEXT ( ( #3108, #3702, #456 ) ) REPRESENTATION_CONTEXT ( 'NONE', 'WORKASPACE' ) );
#8509 = CARTESIAN_POINT ( 'NONE',  ( -16.87012515930000200, 26.51290106051000000, -0.9430537105506001700 ) ) ;
#8510 = CYLINDRICAL_SURFACE ( 'NONE', #3834, 1.250000000000000000 ) ;
#8511 = CARTESIAN_POINT ( 'NONE',  ( -16.98579219814000400, 22.40545167648999900, -0.6390257709462000600 ) ) ;
#8512 = MECHANICAL_DESIGN_GEOMETRIC_PRESENTATION_REPRESENTATION (  '', ( #6743 ), #9088 ) ;
#8513 = CARTESIAN_POINT ( 'NONE',  ( -17.43496702015941200, 28.69969027896040700, 1.114809932000439000 ) ) ;
#8514 = LINE ( 'NONE', #6036, #10283 ) ;
#8515 = DIRECTION ( 'NONE',  ( -1.000000000000000000, 0.0000000000000000000, 0.0000000000000000000 ) ) ;
#8516 = CIRCLE ( 'NONE', #4539, 18.60000000000000100 ) ;
#8517 = EDGE_LOOP ( 'NONE', ( #9169, #1058, #8755, #8094, #3685, #3217, #10475, #8226 ) ) ;
#8518 = CARTESIAN_POINT ( 'NONE',  ( -17.23808950565117500, 23.34028527457977400, 0.9943147332109020200 ) ) ;
#8519 = VERTEX_POINT ( 'NONE', #1998 ) ;
#8520 = FACE_OUTER_BOUND ( 'NONE', #5059, .T. ) ;
#8521 = DIRECTION ( 'NONE',  ( -1.000000000000000000, -0.0000000000000000000, -0.0000000000000000000 ) ) ;
#8522 = CARTESIAN_POINT ( 'NONE',  ( -17.37395103007454000, 25.87071762032139700, -1.085004480804944800 ) ) ;
#8523 = SURFACE_STYLE_USAGE ( .BOTH. , #2419 ) ;
#8524 = AXIS2_PLACEMENT_3D ( 'NONE', #11019, #5772, #575 ) ;
#8526 = ORIENTED_EDGE ( 'NONE', *, *, #9713, .T. ) ;
#8525 = CARTESIAN_POINT ( 'NONE',  ( -16.45471505683326200, 24.58463534188404900, 0.3026179700817572300 ) ) ;
#8527 = MECHANICAL_DESIGN_GEOMETRIC_PRESENTATION_REPRESENTATION (  '', ( #6181 ), #9104 ) ;
#8528 = UNCERTAINTY_MEASURE_WITH_UNIT (LENGTH_MEASURE( 1.000000000000000100E-005 ), #8563, 'distance_accuracy_value', 'NONE');
#8529 = CARTESIAN_POINT ( 'NONE',  ( -17.51142564685000000, 23.54398934504999400, 1.584881882053000200 ) ) ;
#8530 = VECTOR ( 'NONE', #9604, 1000.000000000000000 ) ;
#8531 = CARTESIAN_POINT ( 'NONE',  ( -3.000000000000002700, 0.0000000000000000000, 0.0000000000000000000 ) ) ;
#8532 = LINE ( 'NONE', #10847, #1579 ) ;
#8533 = CARTESIAN_POINT ( 'NONE',  ( -17.99999999999980800, 26.78754037980470700, 1.249999999999998700 ) ) ;
#8534 = ADVANCED_FACE ( 'NONE', ( #3914 ), #9524, .F. ) ;
#8535 = PRESENTATION_STYLE_ASSIGNMENT (( #9485 ) ) ;
#8536 = CARTESIAN_POINT ( 'NONE',  ( -32.00000000000000000, 28.49999999999999600, 14.50000000000000000 ) ) ;
#8537 = CARTESIAN_POINT ( 'NONE',  ( -19.65116315117000300, 26.40266145921000200, 0.1553904648997999900 ) ) ;
#8538 = VERTEX_POINT ( 'NONE', #8126 ) ;
#8539 = CARTESIAN_POINT ( 'NONE',  ( -0.05597972129318612400, 15.46179454901447900, -30.92358909802895200 ) ) ;
#8540 = CARTESIAN_POINT ( 'NONE',  ( -17.23170985528436100, 23.21377624741353400, 0.9993963511187252700 ) ) ;
#8541 = CARTESIAN_POINT ( 'NONE',  ( -18.32328978089365300, 23.64132357949984000, 1.210225411580474300 ) ) ;
#8542 = STYLED_ITEM ( 'NONE', ( #7669 ), #7160 ) ;
#8543 = PRESENTATION_STYLE_ASSIGNMENT (( #6236 ) ) ;
#8544 = EDGE_CURVE ( 'NONE', #3861, #8229, #7458, .T. ) ;
#8545 = EDGE_LOOP ( 'NONE', ( #844, #9844, #5218, #4939 ) ) ;
#8546 = ADVANCED_FACE ( 'NONE', ( #4876 ), #3794, .T. ) ;
#8547 = UNCERTAINTY_MEASURE_WITH_UNIT (LENGTH_MEASURE( 1.000000000000000100E-005 ), #8200, 'distance_accuracy_value', 'NONE');
#8548 = CARTESIAN_POINT ( 'NONE',  ( -16.95201119152000400, 27.98428641097000400, 1.285408610181999700 ) ) ;
#8549 = CARTESIAN_POINT ( 'NONE',  ( -16.78294595027996300, 25.30816238279740900, -0.3283158553056705300 ) ) ;
#8550 = ORIENTED_EDGE ( 'NONE', *, *, #8098, .F. ) ;
#8551 = CARTESIAN_POINT ( 'NONE',  ( -17.57232538846000100, 23.85601756617000300, 1.408231744082999900 ) ) ;
#8552 = FACE_OUTER_BOUND ( 'NONE', #8415, .T. ) ;
#8553 = DIRECTION ( 'NONE',  ( -1.000000000000000000, 0.0000000000000000000, 0.0000000000000000000 ) ) ;
#8554 = CARTESIAN_POINT ( 'NONE',  ( -16.70000000000000600, 38.89999999999999100, -8.599999999999999600 ) ) ;
#8555 = CARTESIAN_POINT ( 'NONE',  ( -17.83483389262540100, 23.52786554868252000, -1.250000000000532900 ) ) ;
#8556 = DIRECTION ( 'NONE',  ( -0.0000000000000000000, 1.000000000000000000, 0.0000000000000000000 ) ) ;
#8557 = ORIENTED_EDGE ( 'NONE', *, *, #3863, .T. ) ;
#8558 = STYLED_ITEM ( 'NONE', ( #9245 ), #8263 ) ;
#8559 = ORIENTED_EDGE ( 'NONE', *, *, #2977, .T. ) ;
#8560 = SURFACE_STYLE_FILL_AREA ( #5863 ) ;
#8561 = PRESENTATION_LAYER_ASSIGNMENT (  '', '', ( #7962 ) ) ;
#8562 = DIRECTION ( 'NONE',  ( 0.0000000000000000000, -1.000000000000000000, 0.0000000000000000000 ) ) ;
#8563 =( LENGTH_UNIT ( ) NAMED_UNIT ( * ) SI_UNIT ( .MILLI., .METRE. ) );
#8564 = CARTESIAN_POINT ( 'NONE',  ( -8.600000000000003200, 36.07500000000000300, 1.010333609296567400E-016 ) ) ;
#8565 = CARTESIAN_POINT ( 'NONE',  ( -17.67262933434738800, 25.68308418721447200, 1.217479529649944800 ) ) ;
#8566 =( NAMED_UNIT ( * ) SI_UNIT ( $, .STERADIAN. ) SOLID_ANGLE_UNIT ( ) );
#8567 = ORIENTED_EDGE ( 'NONE', *, *, #9951, .F. ) ;
#8568 = CARTESIAN_POINT ( 'NONE',  ( -17.23465508820000400, 22.73203037481000200, -1.470998433688000000 ) ) ;
#8569 = CARTESIAN_POINT ( 'NONE',  ( -19.25005496037423200, 27.52751412535501200, -0.1626105082411767600 ) ) ;
#8570 = UNCERTAINTY_MEASURE_WITH_UNIT (LENGTH_MEASURE( 1.000000000000000100E-005 ), #4617, 'distance_accuracy_value', 'NONE');
#8571 = EDGE_CURVE ( 'NONE', #1562, #104, #8693, .T. ) ;
#8572 = CARTESIAN_POINT ( 'NONE',  ( -16.71538293966000300, 25.59070248897000600, 1.048958763219000100 ) ) ;
#8573 = CARTESIAN_POINT ( 'NONE',  ( -9.400000000000005700, 33.10000000000000100, 0.8000000000000000400 ) ) ;
#8574 = CLOSED_SHELL ( 'NONE', ( #2963, #9243, #8141, #2248, #8534, #3013, #4365, #9670, #3002, #5789, #7797, #10180, #9395, #4969 ) ) ;
#8575 = CARTESIAN_POINT ( 'NONE',  ( -17.67239022127491300, 23.39135228249793000, -1.217259876643955700 ) ) ;
#8576 = STYLED_ITEM ( 'NONE', ( #7712 ), #2731 ) ;
#8577 = EDGE_LOOP ( 'NONE', ( #10568, #8943, #1370, #6180 ) ) ;
#8578 = VECTOR ( 'NONE', #6292, 1000.000000000000000 ) ;
#8579 = DIRECTION ( 'NONE',  ( 0.0000000000000000000, 0.0000000000000000000, -1.000000000000000000 ) ) ;
#8580 = SURFACE_SIDE_STYLE ('',( #5987 ) ) ;
#8581 = AXIS2_PLACEMENT_3D ( 'NONE', #10713, #5468, #262 ) ;
#8582 = B_SPLINE_CURVE_WITH_KNOTS ( 'NONE', 3,
 ( #1475, #5024, #1544, #7639, #2410, #8518, #3284, #9399, #4155, #10267, #5063, #11181, #5927, #722, #6786, #1581, #7676, #2453, #8555, #3324 ),
 .UNSPECIFIED., .F., .F.,
 ( 4, 2, 2, 2, 2, 2, 2, 2, 2, 4 ),
 ( -0.01566107813617793200, -0.01517166512928996500, -0.01492695862584598300, -0.01468225212240200000, -0.01419283911551403500, -0.01370342610862606900, -0.01321401310173810400, -0.01272460009485014100, -0.01223518708796217600, -0.01174577408107421000 ),
 .UNSPECIFIED. ) ;
#8583 = CARTESIAN_POINT ( 'NONE',  ( -17.84334026834000000, 27.17232744073000100, -1.651064264995000300 ) ) ;
#8584 = PLANE ( 'NONE',  #9689 ) ;
#8585 = CARTESIAN_POINT ( 'NONE',  ( -17.31548341043000100, 23.04405859592999700, -1.302865775589000100 ) ) ;
#8586 = FACE_OUTER_BOUND ( 'NONE', #11221, .T. ) ;
#8587 = CARTESIAN_POINT ( 'NONE',  ( -17.30030238745654400, 28.70548243613628600, 1.052903994720041600 ) ) ;
#8588 = CARTESIAN_POINT ( 'NONE',  ( -19.64982381569000600, 25.31298944378999500, 0.1692242771866000500 ) ) ;
#8589 = ORIENTED_EDGE ( 'NONE', *, *, #8456, .T. ) ;
#8590 = ORIENTED_EDGE ( 'NONE', *, *, #457, .F. ) ;
#8591 = ADVANCED_FACE ( 'NONE', ( #6364 ), #7596, .T. ) ;
#8592 =( LENGTH_UNIT ( ) NAMED_UNIT ( * ) SI_UNIT ( .MILLI., .METRE. ) );
#8593 = PRESENTATION_STYLE_ASSIGNMENT (( #6404 ) ) ;
#8594 = EDGE_CURVE ( 'NONE', #6069, #7809, #5549, .T. ) ;
#8595 = CARTESIAN_POINT ( 'NONE',  ( -18.32712863985084400, 27.05920693387009700, -1.217516260121858800 ) ) ;
#8596 = CARTESIAN_POINT ( 'NONE',  ( -18.63051804196950200, 24.95340588400933500, -1.091730363790713400 ) ) ;
#8597 = AXIS2_PLACEMENT_3D ( 'NONE', #3419, #9541, #4287 ) ;
#8598 = DIRECTION ( 'NONE',  ( 0.0000000000000000000, 0.0000000000000000000, -1.000000000000000000 ) ) ;
#8599 = MECHANICAL_DESIGN_GEOMETRIC_PRESENTATION_REPRESENTATION (  '', ( #6829 ), #9163 ) ;
#8600 = ORIENTED_EDGE ( 'NONE', *, *, #4458, .T. ) ;
#8601 = CARTESIAN_POINT ( 'NONE',  ( -15.60000000000000300, 28.89999999999999900, 8.349999999999997900 ) ) ;
#8602 = ORIENTED_EDGE ( 'NONE', *, *, #9156, .F. ) ;
#8603 = FILL_AREA_STYLE ('',( #758 ) ) ;
#8604 = CARTESIAN_POINT ( 'NONE',  ( -3.750149508972312300, 28.99999999999999600, 14.43450716694393800 ) ) ;
#8605 = ADVANCED_FACE ( 'NONE', ( #9915 ), #6488, .F. ) ;
#8606 = VECTOR ( 'NONE', #9848, 1000.000000000000000 ) ;
#8607 = DIRECTION ( 'NONE',  ( -0.0000000000000000000, -0.0000000000000000000, -1.000000000000000000 ) ) ;
#8608 = CARTESIAN_POINT ( 'NONE',  ( -16.70218096374000200, 24.20341572526000500, 0.6940374195303001800 ) ) ;
#8609 = CARTESIAN_POINT ( 'NONE',  ( -19.46341987886000500, 24.71602144589999400, 0.1562958210328999900 ) ) ;
#8610 = UNCERTAINTY_MEASURE_WITH_UNIT (LENGTH_MEASURE( 1.000000000000000100E-005 ), #3847, 'distance_accuracy_value', 'NONE');
#8611 = EDGE_LOOP ( 'NONE', ( #10365, #7439, #11164, #4326 ) ) ;
#8612 = PRESENTATION_LAYER_ASSIGNMENT (  '', '', ( #9181 ) ) ;
#8613 = EDGE_CURVE ( 'NONE', #11210, #10583, #7650, .T. ) ;
#8614 = CARTESIAN_POINT ( 'NONE',  ( -18.17786875173000300, 24.77874351873000000, -1.648893160734000100 ) ) ;
#8615 = FILL_AREA_STYLE_COLOUR ( '', #5736 ) ;
#8616 = FACE_OUTER_BOUND ( 'NONE', #6483, .T. ) ;
#8617 = DIRECTION ( 'NONE',  ( -1.000000000000000000, -0.0000000000000000000, -0.0000000000000000000 ) ) ;
#8618 = FILL_AREA_STYLE_COLOUR ( '', #4952 ) ;
#8619 = EDGE_LOOP ( 'NONE', ( #9728, #9161, #4533, #2202 ) ) ;
#8620 = CARTESIAN_POINT ( 'NONE',  ( -18.13203006360999900, 26.42282685281000100, 1.490930508998999900 ) ) ;
#8621 = FILL_AREA_STYLE_COLOUR ( '', #998 ) ;
#8622 = CARTESIAN_POINT ( 'NONE',  ( -16.54091276250000000, 24.51544394638999700, 0.7878157521286999200 ) ) ;
#8623 = PRESENTATION_STYLE_ASSIGNMENT (( #5819 ) ) ;
#8624 = CARTESIAN_POINT ( 'NONE',  ( -17.83483426612932700, 23.79833385748263900, 1.249999999999515500 ) ) ;
#8625 = CARTESIAN_POINT ( 'NONE',  ( -16.71100546853000800, 25.00069753216000400, 1.043574901933999900 ) ) ;
#8626 = STYLED_ITEM ( 'NONE', ( #9268 ), #7797 ) ;
#8627 = CARTESIAN_POINT ( 'NONE',  ( -19.42892043286000400, 27.85240660523999900, 1.167483516025000100 ) ) ;
#8628 = EDGE_CURVE ( 'NONE', #7600, #4026, #4449, .T. ) ;
#8629 = CARTESIAN_POINT ( 'NONE',  ( -18.76807491257709200, 27.23585357177908900, 0.9998648734044354200 ) ) ;
#8630 = FILL_AREA_STYLE_COLOUR ( '', #2510 ) ;
#8631 = ORIENTED_EDGE ( 'NONE', *, *, #2360, .F. ) ;
#8632 = CIRCLE ( 'NONE', #2209, 9.500000000000000000 ) ;
#8633 = SURFACE_STYLE_FILL_AREA ( #4933 ) ;
#8634 = SURFACE_STYLE_FILL_AREA ( #2869 ) ;
#8635 = CARTESIAN_POINT ( 'NONE',  ( -9.300000000000002500, 31.39573601963999700, -1.604263980358000100 ) ) ;
#8636 = CARTESIAN_POINT ( 'NONE',  ( -0.8529462969710035500, -17.20000000223977600, -2.106392494807740600E-015 ) ) ;
#8637 = CARTESIAN_POINT ( 'NONE',  ( -18.00000000000000400, 18.33030277982312500, -5.000000000000853500 ) ) ;
#8638 =( NAMED_UNIT ( * ) SI_UNIT ( $, .STERADIAN. ) SOLID_ANGLE_UNIT ( ) );
#8639 = UNCERTAINTY_MEASURE_WITH_UNIT (LENGTH_MEASURE( 1.000000000000000100E-005 ), #5600, 'distance_accuracy_value', 'NONE');
#8640 = CARTESIAN_POINT ( 'NONE',  ( -18.00000000000000400, 28.41093935102359700, 1.250000000000000000 ) ) ;
#8641 =( NAMED_UNIT ( * ) SI_UNIT ( $, .STERADIAN. ) SOLID_ANGLE_UNIT ( ) );
#8642 = VERTEX_POINT ( 'NONE', #10979 ) ;
#8643 = CARTESIAN_POINT ( 'NONE',  ( -18.43650390847999900, 23.39145675501999500, -1.405520030550999800 ) ) ;
#8644 = PRESENTATION_LAYER_ASSIGNMENT (  '', '', ( #8049 ) ) ;
#8645 = ADVANCED_FACE ( 'NONE', ( #6762 ), #6586, .F. ) ;
#8646 = PRESENTATION_LAYER_ASSIGNMENT (  '', '', ( #7468 ) ) ;
#8647 = EDGE_LOOP ( 'NONE', ( #9490, #7588, #9832, #9384 ) ) ;
#8648 = SURFACE_STYLE_USAGE ( .BOTH. , #1937 ) ;
#8649 = CARTESIAN_POINT ( 'NONE',  ( -4.000000000160500100, 28.49999999999999600, -15.00000000000000000 ) ) ;
#8650 = EDGE_LOOP ( 'NONE', ( #10614, #923, #4307, #479, #5661, #9881, #7998, #418 ) ) ;
#8651 = CARTESIAN_POINT ( 'NONE',  ( -16.53502651039000100, 26.25012886919000400, -0.1409793187754999600 ) ) ;
#8652 = CARTESIAN_POINT ( 'NONE',  ( -28.00000000000000700, 22.50000000000000400, 2.000000000000001300 ) ) ;
#8653 = DIRECTION ( 'NONE',  ( -0.0000000000000000000, 1.000000000000000000, -0.0000000000000000000 ) ) ;
#8654 = CARTESIAN_POINT ( 'NONE',  ( -16.40000000000000600, 38.89999999999999900, 0.0000000000000000000 ) ) ;
#8655 = SURFACE_STYLE_FILL_AREA ( #9276 ) ;
#8656 = B_SPLINE_CURVE_WITH_KNOTS ( 'NONE', 3,
 ( #2716, #5252, #3587, #9703, #4464, #10592, #5365, #153, #6220, #1022, #7096, #1888, #7969, #2754 ),
 .UNSPECIFIED., .F., .F.,
 ( 4, 2, 2, 2, 2, 2, 4 ),
 ( 0.0000000000000000000, 0.2499999999999973900, 0.3749999999999961100, 0.4999999999999947800, 0.6249999999999934500, 0.7499999999999922300, 1.000000000000000000 ),
 .UNSPECIFIED. ) ;
#8657 = EDGE_CURVE ( 'NONE', #7421, #9010, #9253, .T. ) ;
#8658 = ORIENTED_EDGE ( 'NONE', *, *, #5844, .F. ) ;
#8659 =( GEOMETRIC_REPRESENTATION_CONTEXT ( 3 ) GLOBAL_UNCERTAINTY_ASSIGNED_CONTEXT ( ( #7441 ) ) GLOBAL_UNIT_ASSIGNED_CONTEXT ( ( #11211, #11244, #11278 ) ) REPRESENTATION_CONTEXT ( 'NONE', 'WORKASPACE' ) );
#8660 = CARTESIAN_POINT ( 'NONE',  ( -19.16897747749000300, 27.83175382095000600, -1.427698515136999600 ) ) ;
#8661 = PRESENTATION_LAYER_ASSIGNMENT (  '', '', ( #7479 ) ) ;
#8662 = CARTESIAN_POINT ( 'NONE',  ( -3.207106781186398200, 29.00000000000021000, 14.00000000000086700 ) ) ;
#8663 = CARTESIAN_POINT ( 'NONE',  ( -18.48525782068999800, 23.70348497614999400, -1.585900477985000100 ) ) ;
#8664 = PRESENTATION_LAYER_ASSIGNMENT (  '', '', ( #8070 ) ) ;
#8665 = CARTESIAN_POINT ( 'NONE',  ( -17.17375159954759700, 23.84554876564869000, 0.9415225638702734400 ) ) ;
#8666 = CARTESIAN_POINT ( 'NONE',  ( -16.16285074267000300, 27.04044763500000300, 0.1723775322212000000 ) ) ;
#8667 = DIRECTION ( 'NONE',  ( 0.0000000000000000000, 0.0000000000000000000, -1.000000000000000000 ) ) ;
#8668 = VERTEX_POINT ( 'NONE', #4081 ) ;
#8669 = PRESENTATION_STYLE_ASSIGNMENT (( #2242 ) ) ;
#8670 = UNCERTAINTY_MEASURE_WITH_UNIT (LENGTH_MEASURE( 1.000000000000000100E-005 ), #10905, 'distance_accuracy_value', 'NONE');
#8671 = DIRECTION ( 'NONE',  ( -1.000000000000000000, 0.0000000000000000000, -0.0000000000000000000 ) ) ;
#8672 = SURFACE_STYLE_FILL_AREA ( #730 ) ;
#8673 =( NAMED_UNIT ( * ) PLANE_ANGLE_UNIT ( ) SI_UNIT ( $, .RADIAN. ) );
#8674 = ADVANCED_FACE ( 'NONE', ( #9089 ), #2541, .F. ) ;
#8675 = CARTESIAN_POINT ( 'NONE',  ( -1.195978250521102100, 17.13304714212787900, 34.26609428425577200 ) ) ;
#8676 = CARTESIAN_POINT ( 'NONE',  ( -19.21794341168285700, 27.05742164559265800, 0.3258931079859900800 ) ) ;
#8677 = DIRECTION ( 'NONE',  ( 1.000000000000000000, -0.0000000000000000000, -0.0000000000000000000 ) ) ;
#8678 = AXIS2_PLACEMENT_3D ( 'NONE', #7394, #2165, #8262 ) ;
#8679 = ORIENTED_EDGE ( 'NONE', *, *, #988, .T. ) ;
#8680 = CARTESIAN_POINT ( 'NONE',  ( -27.89573601964000500, 16.61786454130000100, 9.000000000000001800 ) ) ;
#8681 = CARTESIAN_POINT ( 'NONE',  ( -19.09213377914154500, 23.99619502990918500, -0.6295636931556131100 ) ) ;
#8682 = PRESENTATION_LAYER_ASSIGNMENT (  '', '', ( #9260 ) ) ;
#8683 = ORIENTED_EDGE ( 'NONE', *, *, #4553, .F. ) ;
#8684 = EDGE_CURVE ( 'NONE', #4825, #5846, #7176, .T. ) ;
#8685 = VERTEX_POINT ( 'NONE', #4346 ) ;
#8686 = CARTESIAN_POINT ( 'NONE',  ( -16.80194421843000200, 24.84202264470999900, -0.04041961816724999600 ) ) ;
#8687 = VERTEX_POINT ( 'NONE', #10479 ) ;
#8688 = CARTESIAN_POINT ( 'NONE',  ( -19.14191874609000300, 25.43816989894999700, -0.9284631323162999500 ) ) ;
#8689 = DIRECTION ( 'NONE',  ( 0.0000000000000000000, -1.156482317317865000E-014, -1.000000000000000000 ) ) ;
#8690 = ORIENTED_EDGE ( 'NONE', *, *, #10686, .F. ) ;
#8691 = CARTESIAN_POINT ( 'NONE',  ( -9.298000000000000000, 34.10426398036000300, -0.03000000000000000200 ) ) ;
#8692 = STYLED_ITEM ( 'NONE', ( #9837 ), #7425 ) ;
#8693 = LINE ( 'NONE', #10839, #11036 ) ;
#8694 = EDGE_CURVE ( 'NONE', #10009, #8093, #9222, .T. ) ;
#8695 = PRESENTATION_STYLE_ASSIGNMENT (( #6536 ) ) ;
#8696 = CARTESIAN_POINT ( 'NONE',  ( -18.00000000000031300, 25.16247183568331600, 1.250000000000000000 ) ) ;
#8697 = EDGE_LOOP ( 'NONE', ( #3170, #5244, #339, #73, #1821, #8505 ) ) ;
#8698 = CARTESIAN_POINT ( 'NONE',  ( -18.17045579661000300, 27.01979485070999900, 1.837328554175000000 ) ) ;
#8699 = CARTESIAN_POINT ( 'NONE',  ( -18.76829631689000200, 22.89152600591000600, 1.469789515329999800 ) ) ;
#8700 = CARTESIAN_POINT ( 'NONE',  ( -18.00000000000367400, 24.03809545631337500, -1.249999999999998900 ) ) ;
#8701 = CARTESIAN_POINT ( 'NONE',  ( -19.13411422740000500, 26.15256423939999300, -0.9379803693684002400 ) ) ;
#8702 = PRESENTATION_STYLE_ASSIGNMENT (( #5865 ) ) ;
#8703 = CARTESIAN_POINT ( 'NONE',  ( -18.00000000000000400, 21.89999999999999900, 1.250000000000000000 ) ) ;
#8704 = DIRECTION ( 'NONE',  ( 0.0000000000000000000, 0.0000000000000000000, -1.000000000000000000 ) ) ;
#8705 = CARTESIAN_POINT ( 'NONE',  ( -18.54639392340000400, 28.49101352469000400, 1.447447101667000100 ) ) ;
#8706 = CARTESIAN_POINT ( 'NONE',  ( -16.75010691129674400, 24.90246851682410100, 0.1638395853255673100 ) ) ;
#8707 = VECTOR ( 'NONE', #5358, 1000.000000000000100 ) ;
#8708 = STYLED_ITEM ( 'NONE', ( #2405 ), #8471 ) ;
#8709 = ORIENTED_EDGE ( 'NONE', *, *, #10947, .F. ) ;
#8710 =( GEOMETRIC_REPRESENTATION_CONTEXT ( 3 ) GLOBAL_UNCERTAINTY_ASSIGNED_CONTEXT ( ( #7841 ) ) GLOBAL_UNIT_ASSIGNED_CONTEXT ( ( #4935, #11054, #5810 ) ) REPRESENTATION_CONTEXT ( 'NONE', 'WORKASPACE' ) );
#8711 = DIRECTION ( 'NONE',  ( 1.000000000000000000, 0.0000000000000000000, 0.0000000000000000000 ) ) ;
#8712 = CARTESIAN_POINT ( 'NONE',  ( -18.79067324487947500, 28.59187750180158000, -0.9739719422167312200 ) ) ;
#8713 = CARTESIAN_POINT ( 'NONE',  ( -20.10000000000000500, 38.89999999999999100, -9.400000000000000400 ) ) ;
#8714 = CARTESIAN_POINT ( 'NONE',  ( -5.999999999999998200, 25.00000000000000000, 0.0000000000000000000 ) ) ;
#8715 = CARTESIAN_POINT ( 'NONE',  ( -18.00000000000005700, 24.16192077896768000, 1.250000000000000000 ) ) ;
#8716 = PRESENTATION_STYLE_ASSIGNMENT (( #3951 ) ) ;
#8717 = CARTESIAN_POINT ( 'NONE',  ( -19.13441330072000200, 24.05088313523999200, -0.6036042202587000900 ) ) ;
#8718 = COLOUR_RGB ( '',1.000000000000000000, 1.000000000000000000, 0.9490196078431372100 ) ;
#8719 = VERTEX_POINT ( 'NONE', #900 ) ;
#8720 = CIRCLE ( 'NONE', #8524, 16.30043030675197700 ) ;
#8721 =( NAMED_UNIT ( * ) SI_UNIT ( $, .STERADIAN. ) SOLID_ANGLE_UNIT ( ) );
#8722 = EDGE_CURVE ( 'NONE', #676, #9585, #10510, .T. ) ;
#8723 = CARTESIAN_POINT ( 'NONE',  ( -16.96418892668000200, 24.68866931102999400, 0.8314465762750998800 ) ) ;
#8724 = CARTESIAN_POINT ( 'NONE',  ( -46.50000000000000000, 0.0000000000000000000, 0.0000000000000000000 ) ) ;
#8725 = CARTESIAN_POINT ( 'NONE',  ( -16.75807491358790500, 24.29772717887206600, -0.1636485350117869200 ) ) ;
#8726 = MECHANICAL_DESIGN_GEOMETRIC_PRESENTATION_REPRESENTATION (  '', ( #6960 ), #9308 ) ;
#8727 = STYLED_ITEM ( 'NONE', ( #8338 ), #10958 ) ;
#8728 = CARTESIAN_POINT ( 'NONE',  ( -18.00000000000000400, 28.89999999999952600, 0.0000000000000000000 ) ) ;
#8729 = STYLED_ITEM ( 'NONE', ( #10736 ), #9060 ) ;
#8730 = EDGE_LOOP ( 'NONE', ( #9051, #7330 ) ) ;
#8731 = CARTESIAN_POINT ( 'NONE',  ( -3.999999999998865800, 29.00000000000000400, 14.50000000000004400 ) ) ;
#8732 = CARTESIAN_POINT ( 'NONE',  ( -33.00000000000000000, 20.08095189484500100, 14.00000000000000000 ) ) ;
#8733 = CARTESIAN_POINT ( 'NONE',  ( -19.62533767645000200, 24.36291135635999400, -0.8735645291354000600 ) ) ;
#8734 = CARTESIAN_POINT ( 'NONE',  ( -33.00000000000014900, 12.72069534731534400, -14.11426497867080500 ) ) ;
#8735 = CARTESIAN_POINT ( 'NONE',  ( -19.46524833390000400, 26.21502262172000600, 0.1378940776612000200 ) ) ;
#8736 = CARTESIAN_POINT ( 'NONE',  ( -16.71788621090000900, 27.69987401522000400, -1.052016972578000200 ) ) ;
#8737 = COLOUR_RGB ( '',0.9803921568627450600, 0.6274509803921568500, 0.0000000000000000000 ) ;
#8738 = ORIENTED_EDGE ( 'NONE', *, *, #6632, .F. ) ;
#8739 = EDGE_CURVE ( 'NONE', #5287, #6987, #245, .T. ) ;
#8740 = CARTESIAN_POINT ( 'NONE',  ( -33.00000000000000000, 22.50000000000000000, 0.0000000000000000000 ) ) ;
#8741 = MECHANICAL_DESIGN_GEOMETRIC_PRESENTATION_REPRESENTATION (  '', ( #7573 ), #9329 ) ;
#8742 = CARTESIAN_POINT ( 'NONE',  ( -1.195978250521102100, 17.13304714212788600, 0.0000000000000000000 ) ) ;
#8743 = CARTESIAN_POINT ( 'NONE',  ( -16.78296342153588600, 25.89246042614571400, 0.3283648197296546400 ) ) ;
#8744 = FILL_AREA_STYLE_COLOUR ( '', #4978 ) ;
#8745 = DIRECTION ( 'NONE',  ( -1.000000000000000000, 0.0000000000000000000, 0.0000000000000000000 ) ) ;
#8746 = FACE_BOUND ( 'NONE', #11196, .T. ) ;
#8747 = ORIENTED_EDGE ( 'NONE', *, *, #4420, .F. ) ;
#8748 = SURFACE_STYLE_FILL_AREA ( #4791 ) ;
#8749 = DIRECTION ( 'NONE',  ( 0.0000000000000000000, 0.0000000000000000000, -1.000000000000000000 ) ) ;
#8750 = CARTESIAN_POINT ( 'NONE',  ( -17.61631471554000300, 23.23892416499999700, 1.226383325118999900 ) ) ;
#8751 = MECHANICAL_DESIGN_GEOMETRIC_PRESENTATION_REPRESENTATION (  '', ( #7585 ), #9344 ) ;
#8752 = AXIS2_PLACEMENT_3D ( 'NONE', #4092, #10206, #4994 ) ;
#8753 = CARTESIAN_POINT ( 'NONE',  ( -18.00000000000031300, 25.16247183568331600, 1.250000000000000000 ) ) ;
#8754 = EDGE_CURVE ( 'NONE', #1018, #2013, #4860, .T. ) ;
#8755 = ORIENTED_EDGE ( 'NONE', *, *, #9182, .F. ) ;
#8756 = FACE_BOUND ( 'NONE', #10351, .T. ) ;
#8757 = CARTESIAN_POINT ( 'NONE',  ( -19.27883317199000100, 26.09759627916000100, 0.1257668819293999700 ) ) ;
#8758 =( NAMED_UNIT ( * ) PLANE_ANGLE_UNIT ( ) SI_UNIT ( $, .RADIAN. ) );
#8759 = LINE ( 'NONE', #3275, #6433 ) ;
#8760 = SURFACE_SIDE_STYLE ('',( #5989 ) ) ;
#8761 = LINE ( 'NONE', #5414, #6435 ) ;
#8762 = DIRECTION ( 'NONE',  ( -1.000000000000000000, -0.0000000000000000000, -0.0000000000000000000 ) ) ;
#8763 = ADVANCED_FACE ( 'NONE', ( #11309 ), #2676, .T. ) ;
#8764 = CARTESIAN_POINT ( 'NONE',  ( -3.440000000000005700, 28.83676192420999800, -15.00000000000000000 ) ) ;
#8765 = ORIENTED_EDGE ( 'NONE', *, *, #3731, .F. ) ;
#8766 = CARTESIAN_POINT ( 'NONE',  ( -17.45641399552000200, 23.55095238612000200, 1.763333675445000000 ) ) ;
#8767 = SURFACE_STYLE_FILL_AREA ( #2902 ) ;
#8768 = DIRECTION ( 'NONE',  ( 0.0000000000000000000, 0.0000000000000000000, 1.000000000000000000 ) ) ;
#8769 = AXIS2_PLACEMENT_3D ( 'NONE', #4675, #10815, #5555 ) ;
#8770 = CARTESIAN_POINT ( 'NONE',  ( -19.65154715085000300, 26.88791504498000500, -0.1514780460844000200 ) ) ;
#8771 = EDGE_CURVE ( 'NONE', #1858, #4769, #5817, .T. ) ;
#8772 = ORIENTED_EDGE ( 'NONE', *, *, #8507, .F. ) ;
#8773 = FILL_AREA_STYLE ('',( #7892 ) ) ;
#8774 = VERTEX_POINT ( 'NONE', #3584 ) ;
#8775 = UNCERTAINTY_MEASURE_WITH_UNIT (LENGTH_MEASURE( 1.000000000000000100E-005 ), #10997, 'distance_accuracy_value', 'NONE');
#8776 = B_SPLINE_CURVE_WITH_KNOTS ( 'NONE', 3,
 ( #2339, #2382, #4131, #1488, #670, #701, #735, #5943, #4171, #7693, #3224, #5004, #1560, #10250, #3298, #6763, #5131, #3366, #1277, #798, #2613, #4276, #5703, #9988, #260, #10235, #4945, #6437, #2976, #3005, #9109, #7925, #8436, #6669, #4472, #4527, #5939, #5296, #10982, #5734, #10831, #5677, #9479, #9179, #444, #11185, #3799, #7788 ),
 .UNSPECIFIED., .F., .F.,
 ( 4, 2, 2, 2, 2, 2, 2, 2, 2, 2, 2, 2, 2, 2, 2, 2, 2, 2, 2, 2, 2, 2, 2, 4 ),
 ( 8.673617379884035500E-019, 0.001944334651175682000, 0.003888669302351363100, 0.005833003953527044400, 0.006805171279114882700, 0.007777338604702721900, 0.008749505930290561000, 0.009721673255878398500, 0.01166600790705407300, 0.01263817523264191100, 0.01361034255822974800, 0.01555467720940542300, 0.01652684453499326000, 0.01749901186058109400, 0.01847117918616893200, 0.01944334651175676900, 0.02138768116293244400, 0.02235984848852028500, 0.02333201581410812200, 0.02527635046528379700, 0.02722068511645947200, 0.02819285244204731300, 0.02916501976763514700, 0.03110935441881081500 ),
 .UNSPECIFIED. ) ;
#8777 = PRESENTATION_STYLE_ASSIGNMENT (( #979 ) ) ;
#8778 = FILL_AREA_STYLE ('',( #10481 ) ) ;
#8779 = CARTESIAN_POINT ( 'NONE',  ( -9.400000000000005700, 32.09573601964000000, -0.9042639803576003600 ) ) ;
#8780 = CARTESIAN_POINT ( 'NONE',  ( -9.400000000000005700, 39.89999999999999100, 2.168404344971008900E-016 ) ) ;
#8781 = DIRECTION ( 'NONE',  ( 0.0000000000000000000, 0.0000000000000000000, -1.000000000000000000 ) ) ;
#8782 = CARTESIAN_POINT ( 'NONE',  ( -14.74563492766650300, 16.43433829846567900, 4.390320667941130000 ) ) ;
#8784 = ORIENTED_EDGE ( 'NONE', *, *, #5844, .T. ) ;
#8783 = CARTESIAN_POINT ( 'NONE',  ( -1.500000000000001300, -15.94956969548781000, -1.953258947535676900E-015 ) ) ;
#8785 = CARTESIAN_POINT ( 'NONE',  ( -32.50000000000022700, 29.00000000000001100, 14.00000000000095000 ) ) ;
#8786 = ORIENTED_EDGE ( 'NONE', *, *, #6515, .F. ) ;
#8787 = LINE ( 'NONE', #1301, #2092 ) ;
#8788 = EDGE_CURVE ( 'NONE', #9792, #2387, #3487, .T. ) ;
#8789 = FILL_AREA_STYLE_COLOUR ( '', #4770 ) ;
#8790 = CARTESIAN_POINT ( 'NONE',  ( -18.92487502541000300, 24.77847982822000400, 1.144826148705000000 ) ) ;
#8791 =( GEOMETRIC_REPRESENTATION_CONTEXT ( 3 ) GLOBAL_UNCERTAINTY_ASSIGNED_CONTEXT ( ( #6865 ) ) GLOBAL_UNIT_ASSIGNED_CONTEXT ( ( #5901, #696, #6757 ) ) REPRESENTATION_CONTEXT ( 'NONE', 'WORKASPACE' ) );
#8792 = PRESENTATION_STYLE_ASSIGNMENT (( #10823 ) ) ;
#8793 = MECHANICAL_DESIGN_GEOMETRIC_PRESENTATION_REPRESENTATION (  '', ( #5876 ), #9383 ) ;
#8794 = PRESENTATION_LAYER_ASSIGNMENT (  '', '', ( #7029 ) ) ;
#8795 = ORIENTED_EDGE ( 'NONE', *, *, #5115, .F. ) ;
#8796 = CARTESIAN_POINT ( 'NONE',  ( -33.00000000000000000, 0.0000000000000000000, 0.0000000000000000000 ) ) ;
#8797 = CARTESIAN_POINT ( 'NONE',  ( -17.00127742938999700, 25.28563730892000500, 0.8085696124056003200 ) ) ;
#8798 = ORIENTED_EDGE ( 'NONE', *, *, #395, .T. ) ;
#8799 = CARTESIAN_POINT ( 'NONE',  ( -19.11685567030714900, 26.78028771354778900, -1.340987900720835800 ) ) ;
#8800 = FILL_AREA_STYLE_COLOUR ( '', #274 ) ;
#8801 = CARTESIAN_POINT ( 'NONE',  ( -19.09238562671814800, 23.12054486215128400, -0.6290410777890331800 ) ) ;
#8802 = LINE ( 'NONE', #12, #651 ) ;
#8803 = LINE ( 'NONE', #4200, #4154 ) ;
#8804 = EDGE_CURVE ( 'NONE', #721, #272, #1192, .T. ) ;
#8805 = STYLED_ITEM ( 'NONE', ( #3283 ), #4278 ) ;
#8806 = SURFACE_STYLE_USAGE ( .BOTH. , #2700 ) ;
#8807 = ORIENTED_EDGE ( 'NONE', *, *, #6579, .F. ) ;
#8808 = CARTESIAN_POINT ( 'NONE',  ( -17.14848010341000500, 22.73899341588000300, -1.636627375210000000 ) ) ;
#8809 = AXIS2_PLACEMENT_3D ( 'NONE', #7411, #2183, #8279 ) ;
#8810 = CARTESIAN_POINT ( 'NONE',  ( -17.99999999999996100, 26.41250210119237400, -1.250000000000000000 ) ) ;
#8811 = UNCERTAINTY_MEASURE_WITH_UNIT (LENGTH_MEASURE( 1.000000000000000100E-005 ), #8222, 'distance_accuracy_value', 'NONE');
#8812 = CARTESIAN_POINT ( 'NONE',  ( -17.84873151188000400, 28.35930039543999500, -1.463946754024999700 ) ) ;
#8813 = VERTEX_POINT ( 'NONE', #1887 ) ;
#8814 = ORIENTED_EDGE ( 'NONE', *, *, #3572, .T. ) ;
#8815 = ORIENTED_EDGE ( 'NONE', *, *, #7476, .F. ) ;
#8816 = SURFACE_STYLE_FILL_AREA ( #7403 ) ;
#8817 = CARTESIAN_POINT ( 'NONE',  ( -27.89573601964000500, 22.50000000000000000, -12.10426398035999700 ) ) ;
#8818 =( NAMED_UNIT ( * ) SI_UNIT ( $, .STERADIAN. ) SOLID_ANGLE_UNIT ( ) );
#8819 = SURFACE_SIDE_STYLE ('',( #3467 ) ) ;
#8820 = CARTESIAN_POINT ( 'NONE',  ( -15.23647764372216800, 16.70182633349567800, -3.185573471761229000 ) ) ;
#8821 = PRESENTATION_LAYER_ASSIGNMENT (  '', '', ( #8225 ) ) ;
#8822 = CARTESIAN_POINT ( 'NONE',  ( -17.44226891048026200, 24.69898998657307800, 1.127940968037875600 ) ) ;
#8823 = CARTESIAN_POINT ( 'NONE',  ( -32.13231495977034100, 29.00000000000000400, 14.48669961370332100 ) ) ;
#8824 = MECHANICAL_DESIGN_GEOMETRIC_PRESENTATION_REPRESENTATION (  '', ( #7657 ), #9421 ) ;
#8825 = EDGE_CURVE ( 'NONE', #8687, #4357, #8123, .T. ) ;
#8826 = ORIENTED_EDGE ( 'NONE', *, *, #11147, .T. ) ;
#8827 = LINE ( 'NONE', #5972, #6496 ) ;
#8828 = EDGE_LOOP ( 'NONE', ( #4634, #11077, #6141, #3818, #8590, #15, #5572, #4758 ) ) ;
#8829 = CARTESIAN_POINT ( 'NONE',  ( -46.50000000000000000, 0.0000000000000000000, 0.0000000000000000000 ) ) ;
#8830 = CARTESIAN_POINT ( 'NONE',  ( -16.26316153439428900, 27.59224668378784500, 0.1702990839103268000 ) ) ;
#8831 = SURFACE_SIDE_STYLE ('',( #2570 ) ) ;
#8832 = ORIENTED_EDGE ( 'NONE', *, *, #21, .F. ) ;
#8833 = CARTESIAN_POINT ( 'NONE',  ( -16.99899618719234300, 27.96413161775379300, -0.7665897790443908500 ) ) ;
#8834 = VECTOR ( 'NONE', #2077, 1000.000000000000000 ) ;
#8835 = MECHANICAL_DESIGN_GEOMETRIC_PRESENTATION_REPRESENTATION (  '', ( #7671 ), #9435 ) ;
#8836 = ADVANCED_FACE ( 'NONE', ( #10189 ), #9739, .T. ) ;
#8837 = COLOUR_RGB ( '',1.000000000000000000, 1.000000000000000000, 0.9490196078431372100 ) ;
#8838 = FILL_AREA_STYLE ('',( #9725 ) ) ;
#8839 = EDGE_CURVE ( 'NONE', #1858, #6597, #107, .T. ) ;
#8840 = CARTESIAN_POINT ( 'NONE',  ( -7.589415207398531000E-016, 15.94956969548781000, 3.906517895071353900E-015 ) ) ;
#8841 = CARTESIAN_POINT ( 'NONE',  ( -18.51167587738999700, 28.20114911158000100, 1.095944894488999800 ) ) ;
#8842 = FILL_AREA_STYLE_COLOUR ( '', #4657 ) ;
#8843 = CARTESIAN_POINT ( 'NONE',  ( -19.09233636475671100, 25.57831364482585500, 0.6291367371053632200 ) ) ;
#8844 = CARTESIAN_POINT ( 'NONE',  ( -33.00000000000184700, 28.79289321881439500, 13.99999999999999800 ) ) ;
#8845 = VERTEX_POINT ( 'NONE', #10674 ) ;
#8846 = CARTESIAN_POINT ( 'NONE',  ( -19.13579711412000300, 27.54734142520000600, 0.9359418391621002800 ) ) ;
#8847 = CARTESIAN_POINT ( 'NONE',  ( -17.44578526189834400, 28.32514725653538800, 1.123412536493147800 ) ) ;
#8848 = B_SPLINE_CURVE_WITH_KNOTS ( 'NONE', 3,
 ( #3578, #5428, #10665, #217, #6289, #1091, #7167, #1953, #8042, #2816, #8919, #3703, #9804, #4571, #10704, #5463, #255, #6326, #1122, #7204 ),
 .UNSPECIFIED., .F., .F.,
 ( 4, 2, 2, 2, 2, 2, 2, 2, 2, 4 ),
 ( -0.02349183675349961200, -0.02300241600152257100, -0.02275770562553405100, -0.02251299524954553400, -0.02202357449756850100, -0.02153415374559146700, -0.02104473299361443400, -0.02055531224163740400, -0.02006589148966037000, -0.01957647073768333700 ),
 .UNSPECIFIED. ) ;
#8849 = ADVANCED_FACE ( 'NONE', ( #6748, #9076 ), #3672, .T. ) ;
#8850 = MECHANICAL_DESIGN_GEOMETRIC_PRESENTATION_REPRESENTATION (  '', ( #7692 ), #9450 ) ;
#8851 = ORIENTED_EDGE ( 'NONE', *, *, #8694, .F. ) ;
#8852 = PLANE ( 'NONE',  #7879 ) ;
#8853 = DIRECTION ( 'NONE',  ( 1.000000000000000000, 0.0000000000000000000, 0.0000000000000000000 ) ) ;
#8854 = CARTESIAN_POINT ( 'NONE',  ( -9.400000000000005700, 34.50000000000000000, 1.836970198721028200E-016 ) ) ;
#8855 = CARTESIAN_POINT ( 'NONE',  ( -10.37536250356237300, 14.57643609718972600, -8.752788770376801300 ) ) ;
#8856 = DIRECTION ( 'NONE',  ( -1.000000000000000000, -0.0000000000000000000, -0.0000000000000000000 ) ) ;
#8857 = CARTESIAN_POINT ( 'NONE',  ( -23.38000000000000300, 15.66063775426999900, 10.06023276877000000 ) ) ;
#8858 = ORIENTED_EDGE ( 'NONE', *, *, #675, .F. ) ;
#8859 = ORIENTED_EDGE ( 'NONE', *, *, #10370, .T. ) ;
#8860 = CYLINDRICAL_SURFACE ( 'NONE', #6041, 0.3000000000000016500 ) ;
#8861 = DIRECTION ( 'NONE',  ( -0.0000000000000000000, -0.0000000000000000000, -1.000000000000000000 ) ) ;
#8862 = EDGE_CURVE ( 'NONE', #3754, #3403, #8249, .T. ) ;
#8863 = DIRECTION ( 'NONE',  ( 1.000000000000000000, -0.0000000000000000000, 0.0000000000000000000 ) ) ;
#8864 = CARTESIAN_POINT ( 'NONE',  ( -19.43355509366849200, 28.39140348587713400, 0.8362461272727264000 ) ) ;
#8865 = CARTESIAN_POINT ( 'NONE',  ( -1.444020278706815300, -15.46179454901447800, -1.893523720352457300E-015 ) ) ;
#8866 = AXIS2_PLACEMENT_3D ( 'NONE', #8243, #5550, #7375 ) ;
#8867 = AXIS2_PLACEMENT_3D ( 'NONE', #10584, #5357, #141 ) ;
#8868 = UNCERTAINTY_MEASURE_WITH_UNIT (LENGTH_MEASURE( 1.000000000000000100E-005 ), #9147, 'distance_accuracy_value', 'NONE');
#8869 = DIRECTION ( 'NONE',  ( 0.0000000000000000000, 1.000000000000000000, 0.0000000000000000000 ) ) ;
#8870 =( GEOMETRIC_REPRESENTATION_CONTEXT ( 3 ) GLOBAL_UNCERTAINTY_ASSIGNED_CONTEXT ( ( #9995 ) ) GLOBAL_UNIT_ASSIGNED_CONTEXT ( ( #3262, #9381, #4142 ) ) REPRESENTATION_CONTEXT ( 'NONE', 'WORKASPACE' ) );
#8871 = FACE_BOUND ( 'NONE', #3734, .T. ) ;
#8872 = B_SPLINE_CURVE_WITH_KNOTS ( 'NONE', 3,
 ( #7064, #1853, #2721, #8822, #3592, #9709, #4470, #10600 ),
 .UNSPECIFIED., .F., .F.,
 ( 4, 2, 2, 4 ),
 ( 0.02838675352504378000, 0.02881594911933576400, 0.02924514471362775100, 0.03010353590221171200 ),
 .UNSPECIFIED. ) ;
#8873 = DIRECTION ( 'NONE',  ( -1.000000000000000000, -0.0000000000000000000, -0.0000000000000000000 ) ) ;
#8874 = DIRECTION ( 'NONE',  ( 0.0000000000000000000, 0.0000000000000000000, 1.000000000000000000 ) ) ;
#8875 = PRESENTATION_STYLE_ASSIGNMENT (( #3870 ) ) ;
#8876 = VERTEX_POINT ( 'NONE', #1131 ) ;
#8877 =( NAMED_UNIT ( * ) PLANE_ANGLE_UNIT ( ) SI_UNIT ( $, .RADIAN. ) );
#8878 = SURFACE_SIDE_STYLE ('',( #6730 ) ) ;
#8879 = CARTESIAN_POINT ( 'NONE',  ( -17.84944666193000300, 28.93787346308000300, 1.489174070670999900 ) ) ;
#8880 = DIRECTION ( 'NONE',  ( 0.0000000000000000000, 1.000000000000000000, 0.0000000000000000000 ) ) ;
#8881 = CARTESIAN_POINT ( 'NONE',  ( 0.0000000000000000000, 0.0000000000000000000, -11.90000000000000000 ) ) ;
#8882 = CARTESIAN_POINT ( 'NONE',  ( -16.53403476061000900, 26.73538245495000600, 0.1313646677823999700 ) ) ;
#8883 = CARTESIAN_POINT ( 'NONE',  ( -17.36955824631290900, 28.49619368797764800, -1.091774887122455100 ) ) ;
#8884 = STYLED_ITEM ( 'NONE', ( #422 ), #5560 ) ;
#8885 = EDGE_LOOP ( 'NONE', ( #3326, #7415, #5116, #4265, #6063 ) ) ;
#8886 = SURFACE_STYLE_FILL_AREA ( #4340 ) ;
#8887 = PRESENTATION_LAYER_ASSIGNMENT (  '', '', ( #8290 ) ) ;
#8888 = UNCERTAINTY_MEASURE_WITH_UNIT (LENGTH_MEASURE( 1.000000000000000100E-005 ), #2032, 'distance_accuracy_value', 'NONE');
#8889 = SURFACE_STYLE_FILL_AREA ( #4946 ) ;
#8890 = DIRECTION ( 'NONE',  ( 0.0000000000000000000, -1.000000000000000000, 0.0000000000000000000 ) ) ;
#8891 = CARTESIAN_POINT ( 'NONE',  ( -18.75334349239303600, 28.55280268432305800, 1.129924861702230400 ) ) ;
#8892 = CARTESIAN_POINT ( 'NONE',  ( -16.84320199400458100, 24.81829396336218000, -0.4824210341904812700 ) ) ;
#8893 = DIRECTION ( 'NONE',  ( 0.0000000000000000000, 0.0000000000000000000, -1.000000000000000000 ) ) ;
#8894 = CARTESIAN_POINT ( 'NONE',  ( -18.30773028517508300, 28.84608855129307200, -1.396097028469892800 ) ) ;
#8895 =( LENGTH_UNIT ( ) NAMED_UNIT ( * ) SI_UNIT ( .MILLI., .METRE. ) );
#8896 = DIRECTION ( 'NONE',  ( 0.0000000000000000000, 0.0000000000000000000, 1.000000000000000000 ) ) ;
#8897 = ORIENTED_EDGE ( 'NONE', *, *, #4283, .T. ) ;
#8898 = CARTESIAN_POINT ( 'NONE',  ( -0.6470537030290048900, -17.20000000223977900, 34.40000000447954400 ) ) ;
#8899 = PRESENTATION_LAYER_ASSIGNMENT (  '', '', ( #8303 ) ) ;
#8900 = ADVANCED_FACE ( 'NONE', ( #5949 ), #9499, .F. ) ;
#8901 = EDGE_CURVE ( 'NONE', #6712, #620, #504, .T. ) ;
#8902 = CARTESIAN_POINT ( 'NONE',  ( -18.70966048576350400, 28.43835517652139100, 1.418042384822525900 ) ) ;
#8903 = DIRECTION ( 'NONE',  ( 0.0000000000000000000, 0.0000000000000000000, 1.000000000000000000 ) ) ;
#8904 = ADVANCED_FACE ( 'NONE', ( #5134, #7169 ), #8121, .F. ) ;
#8905 =( NAMED_UNIT ( * ) PLANE_ANGLE_UNIT ( ) SI_UNIT ( $, .RADIAN. ) );
#8906 = ORIENTED_EDGE ( 'NONE', *, *, #9943, .T. ) ;
#8907 = LINE ( 'NONE', #5712, #6571 ) ;
#8908 = DIRECTION ( 'NONE',  ( 0.0000000000000000000, 0.0000000000000000000, -1.000000000000000000 ) ) ;
#8909 = CARTESIAN_POINT ( 'NONE',  ( -28.00000000000000700, 22.50000000000000400, 9.000000000000001800 ) ) ;
#8910 = VERTEX_POINT ( 'NONE', #3788 ) ;
#8911 = CARTESIAN_POINT ( 'NONE',  ( -31.99999999999999600, 28.79289321881162100, -14.99999999999646900 ) ) ;
#8912 = CARTESIAN_POINT ( 'NONE',  ( -0.05597972129318764400, 16.78820545322529900, -33.57641090645058300 ) ) ;
#8913 = ORIENTED_EDGE ( 'NONE', *, *, #11314, .F. ) ;
#8914 = UNCERTAINTY_MEASURE_WITH_UNIT (LENGTH_MEASURE( 1.000000000000000100E-005 ), #626, 'distance_accuracy_value', 'NONE');
#8915 = CARTESIAN_POINT ( 'NONE',  ( -19.34534258431000400, 28.96446277545999900, 1.339583085069999900 ) ) ;
#8916 = COLOUR_RGB ( '',1.000000000000000000, 1.000000000000000000, 0.9490196078431372100 ) ;
#8917 = FILL_AREA_STYLE_COLOUR ( '', #8031 ) ;
#8918 = CARTESIAN_POINT ( 'NONE',  ( -18.00000000000000400, 28.69999240993016800, 0.0000000000000000000 ) ) ;
#8919 = CARTESIAN_POINT ( 'NONE',  ( -19.24989443914969200, 26.65175145956048300, -0.1637844045153325500 ) ) ;
#8920 =( GEOMETRIC_REPRESENTATION_CONTEXT ( 3 ) GLOBAL_UNCERTAINTY_ASSIGNED_CONTEXT ( ( #4906 ) ) GLOBAL_UNIT_ASSIGNED_CONTEXT ( ( #1519, #7610, #2375 ) ) REPRESENTATION_CONTEXT ( 'NONE', 'WORKASPACE' ) );
#8921 = ADVANCED_FACE ( 'NONE', ( #6343 ), #898, .T. ) ;
#8922 = CARTESIAN_POINT ( 'NONE',  ( -18.12940707311000600, 28.20676780540999900, 1.278469945123999800 ) ) ;
#8923 = PRESENTATION_LAYER_ASSIGNMENT (  '', '', ( #9522 ) ) ;
#8924 = LINE ( 'NONE', #6514, #4268 ) ;
#8925 = FILL_AREA_STYLE_COLOUR ( '', #2720 ) ;
#8926 = CARTESIAN_POINT ( 'NONE',  ( -19.60000000000000100, 38.89999999999999100, 8.300000000000027400 ) ) ;
#8927 = VERTEX_POINT ( 'NONE', #11016 ) ;
#8928 =( LENGTH_UNIT ( ) NAMED_UNIT ( * ) SI_UNIT ( .MILLI., .METRE. ) );
#8929 = PRESENTATION_STYLE_ASSIGNMENT (( #3099 ) ) ;
#8930 =( NAMED_UNIT ( * ) PLANE_ANGLE_UNIT ( ) SI_UNIT ( $, .RADIAN. ) );
#8931 = CARTESIAN_POINT ( 'NONE',  ( -48.60000000000000100, 0.0000000000000000000, -17.10000000000000100 ) ) ;
#8932 = SURFACE_SIDE_STYLE ('',( #126 ) ) ;
#8933 = VERTEX_POINT ( 'NONE', #5769 ) ;
#8934 = COLOUR_RGB ( '',1.000000000000000000, 1.000000000000000000, 0.9490196078431372100 ) ;
#8935 = EDGE_CURVE ( 'NONE', #9389, #5752, #3198, .T. ) ;
#8936 = EDGE_LOOP ( 'NONE', ( #9141, #4989, #1183, #4917 ) ) ;
#8937 = FILL_AREA_STYLE ('',( #8059 ) ) ;
#8938 =( GEOMETRIC_REPRESENTATION_CONTEXT ( 3 ) GLOBAL_UNCERTAINTY_ASSIGNED_CONTEXT ( ( #480 ) ) GLOBAL_UNIT_ASSIGNED_CONTEXT ( ( #251, #3617, #10785 ) ) REPRESENTATION_CONTEXT ( 'NONE', 'WORKASPACE' ) );
#8939 = MECHANICAL_DESIGN_GEOMETRIC_PRESENTATION_REPRESENTATION (  '', ( #7772 ), #9544 ) ;
#8940 = MECHANICAL_DESIGN_GEOMETRIC_PRESENTATION_REPRESENTATION (  '', ( #7774 ), #9545 ) ;
#8941 = CYLINDRICAL_SURFACE ( 'NONE', #9784, 0.2999999999999999300 ) ;
#8942 = CARTESIAN_POINT ( 'NONE',  ( -0.3000000000000016500, 0.0000000000000000000, 0.0000000000000000000 ) ) ;
#8943 = ORIENTED_EDGE ( 'NONE', *, *, #1774, .F. ) ;
#8944 = CARTESIAN_POINT ( 'NONE',  ( -18.52971643902917600, 28.44819583392265400, 1.493480500115796300 ) ) ;
#8945 =( NAMED_UNIT ( * ) SI_UNIT ( $, .STERADIAN. ) SOLID_ANGLE_UNIT ( ) );
#8946 =( NAMED_UNIT ( * ) PLANE_ANGLE_UNIT ( ) SI_UNIT ( $, .RADIAN. ) );
#8947 = CARTESIAN_POINT ( 'NONE',  ( -16.78294836892716900, 26.89193260444604400, 0.3283239071536401300 ) ) ;
#8948 = ORIENTED_EDGE ( 'NONE', *, *, #5353, .F. ) ;
#8949 = CARTESIAN_POINT ( 'NONE',  ( -16.85214322570144700, 24.37868924900449100, 0.5155440096877504900 ) ) ;
#8950 = VECTOR ( 'NONE', #7016, 1000.000000000000000 ) ;
#8951 = UNCERTAINTY_MEASURE_WITH_UNIT (LENGTH_MEASURE( 1.000000000000000100E-005 ), #585, 'distance_accuracy_value', 'NONE');
#8952 = CARTESIAN_POINT ( 'NONE',  ( -18.82623696273680000, 26.09499197345359200, -0.9415328364809864000 ) ) ;
#8953 = COLOUR_RGB ( '',0.7764705882352941300, 0.7568627450980391900, 0.7372549019607843600 ) ;
#8954 = EDGE_CURVE ( 'NONE', #893, #10459, #6028, .T. ) ;
#8955 = CARTESIAN_POINT ( 'NONE',  ( -18.00000000000000400, 28.69999240993098200, 0.0000000000000000000 ) ) ;
#8956 = PRESENTATION_STYLE_ASSIGNMENT (( #6538 ) ) ;
#8957 = MECHANICAL_DESIGN_GEOMETRIC_PRESENTATION_REPRESENTATION (  '', ( #7786 ), #9560 ) ;
#8958 = ORIENTED_EDGE ( 'NONE', *, *, #9967, .T. ) ;
#8959 = CARTESIAN_POINT ( 'NONE',  ( -18.48003498409845200, 28.63067277732353600, 1.160681639649392200 ) ) ;
#8960 = FILL_AREA_STYLE ('',( #7201 ) ) ;
#8961 =( NAMED_UNIT ( * ) PLANE_ANGLE_UNIT ( ) SI_UNIT ( $, .RADIAN. ) );
#8962 = VERTEX_POINT ( 'NONE', #573 ) ;
#8964 = LINE ( 'NONE', #5935, #5432 ) ;
#8963 = CARTESIAN_POINT ( 'NONE',  ( -17.01002767766000200, 27.39480883517000400, -0.8192596605329003400 ) ) ;
#8965 = FILL_AREA_STYLE ('',( #8925 ) ) ;
#8966 = ADVANCED_FACE ( 'NONE', ( #9895 ), #6704, .T. ) ;
#8967 = VERTEX_POINT ( 'NONE', #4115 ) ;
#8968 = DIRECTION ( 'NONE',  ( -1.000000000000000000, -0.0000000000000000000, -0.0000000000000000000 ) ) ;
#8969 = FACE_OUTER_BOUND ( 'NONE', #10756, .T. ) ;
#8970 = DIRECTION ( 'NONE',  ( 0.0000000000000000000, 1.000000000000000000, 0.0000000000000000000 ) ) ;
#8971 = FILL_AREA_STYLE ('',( #9004 ) ) ;
#8972 = CARTESIAN_POINT ( 'NONE',  ( -18.33299299314349200, 28.90000000000000200, 1.445883409942585500 ) ) ;
#8973 = CARTESIAN_POINT ( 'NONE',  ( -1.500000000000001300, 0.0000000000000000000, 0.0000000000000000000 ) ) ;
#8974 = PRESENTATION_LAYER_ASSIGNMENT (  '', '', ( #7801 ) ) ;
#8975 = SURFACE_SIDE_STYLE ('',( #8634 ) ) ;
#8976 = AXIS2_PLACEMENT_3D ( 'NONE', #3840, #9934, #4710 ) ;
#8977 = EDGE_CURVE ( 'NONE', #6177, #6259, #9068, .T. ) ;
#8978 = CARTESIAN_POINT ( 'NONE',  ( -16.63735211661000000, 28.48932137249000000, 1.234322065990000100 ) ) ;
#8979 = CARTESIAN_POINT ( 'NONE',  ( -16.96418892668000200, 24.40372953425999800, 0.8314465762750998800 ) ) ;
#8980 = ORIENTED_EDGE ( 'NONE', *, *, #712, .T. ) ;
#8981 = ADVANCED_FACE ( 'NONE', ( #5273 ), #10300, .F. ) ;
#8982 = DIRECTION ( 'NONE',  ( 0.0000000000000000000, -1.000000000000000000, 7.105427357601001900E-015 ) ) ;
#8983 = CARTESIAN_POINT ( 'NONE',  ( -16.65114389556321900, 28.55570389736515900, 0.8355696904656784200 ) ) ;
#8984 = SURFACE_SIDE_STYLE ('',( #10457 ) ) ;
#8985 = FILL_AREA_STYLE ('',( #8102 ) ) ;
#8986 = FILL_AREA_STYLE ('',( #5452 ) ) ;
#8987 = CARTESIAN_POINT ( 'NONE',  ( -3.669258020255714100, 29.00000000000000400, -14.37656996413706000 ) ) ;
#8988 = VECTOR ( 'NONE', #6299, 1000.000000000000000 ) ;
#8989 = AXIS2_PLACEMENT_3D ( 'NONE', #11158, #5905, #702 ) ;
#8990 = ORIENTED_EDGE ( 'NONE', *, *, #2168, .T. ) ;
#8991 = VECTOR ( 'NONE', #2140, 1000.000000000000000 ) ;
#8992 = CARTESIAN_POINT ( 'NONE',  ( -18.00000000000000700, 26.28753450841333400, 1.250000000000000200 ) ) ;
#8993 = COLOUR_RGB ( '',1.000000000000000000, 1.000000000000000000, 0.9490196078431372100 ) ;
#8994 = EDGE_CURVE ( 'NONE', #2906, #6361, #1299, .T. ) ;
#8995 = DIRECTION ( 'NONE',  ( 0.0000000000000000000, 0.0000000000000000000, 1.000000000000000000 ) ) ;
#8996 = CARTESIAN_POINT ( 'NONE',  ( -4.000000000000103900, 28.79289321881425700, -15.00000000000157000 ) ) ;
#8997 =( NAMED_UNIT ( * ) PLANE_ANGLE_UNIT ( ) SI_UNIT ( $, .RADIAN. ) );
#8998 = DIRECTION ( 'NONE',  ( 0.0000000000000000000, 1.000000000000000000, 0.0000000000000000000 ) ) ;
#8999 = CARTESIAN_POINT ( 'NONE',  ( -18.00000000000000400, 28.90000000000000200, -10.50000000000000000 ) ) ;
#9000 = VERTEX_POINT ( 'NONE', #7673 ) ;
#9001 = PRESENTATION_STYLE_ASSIGNMENT (( #5749 ) ) ;
#9002 = FILL_AREA_STYLE ('',( #8189 ) ) ;
#9003 =( GEOMETRIC_REPRESENTATION_CONTEXT ( 3 ) GLOBAL_UNCERTAINTY_ASSIGNED_CONTEXT ( ( #10226 ) ) GLOBAL_UNIT_ASSIGNED_CONTEXT ( ( #10772, #5508, #465 ) ) REPRESENTATION_CONTEXT ( 'NONE', 'WORKASPACE' ) );
#9004 = FILL_AREA_STYLE_COLOUR ( '', #2899 ) ;
#9005 = CARTESIAN_POINT ( 'NONE',  ( -18.76803960361669600, 23.23578059461488700, 0.9998998128713128000 ) ) ;
#9006 = CARTESIAN_POINT ( 'NONE',  ( -8.600000000000003200, 28.89999999999999900, 3.149999999999999900 ) ) ;
#9007 = STYLED_ITEM ( 'NONE', ( #2952 ), #8605 ) ;
#9008 = CARTESIAN_POINT ( 'NONE',  ( -18.76203700199248900, 22.96388669843502900, -0.9942202954419155900 ) ) ;
#9009 = VERTEX_POINT ( 'NONE', #8554 ) ;
#9010 = VERTEX_POINT ( 'NONE', #9436 ) ;
#9011 = VECTOR ( 'NONE', #2738, 1000.000000000000100 ) ;
#9012 = FACE_OUTER_BOUND ( 'NONE', #1032, .T. ) ;
#9013 = CARTESIAN_POINT ( 'NONE',  ( -18.67936357683999700, 28.48440506867000000, 1.388029401263000100 ) ) ;
#9014 = UNCERTAINTY_MEASURE_WITH_UNIT (LENGTH_MEASURE( 1.000000000000000100E-005 ), #6644, 'distance_accuracy_value', 'NONE');
#9015 = VERTEX_POINT ( 'NONE', #4193 ) ;
#9016 = LINE ( 'NONE', #9401, #6686 ) ;
#9017 = CARTESIAN_POINT ( 'NONE',  ( -17.30318717477218000, 28.68834769861369300, -1.414513799299518700 ) ) ;
#9018 = EDGE_CURVE ( 'NONE', #1819, #7080, #1043, .T. ) ;
#9019 = PLANE ( 'NONE',  #8976 ) ;
#9020 = ADVANCED_FACE ( 'NONE', ( #3337 ), #10643, .F. ) ;
#9021 = FILL_AREA_STYLE_COLOUR ( '', #7617 ) ;
#9022 =( GEOMETRIC_REPRESENTATION_CONTEXT ( 3 ) GLOBAL_UNCERTAINTY_ASSIGNED_CONTEXT ( ( #9764 ) ) GLOBAL_UNIT_ASSIGNED_CONTEXT ( ( #2367, #7604, #5371 ) ) REPRESENTATION_CONTEXT ( 'NONE', 'WORKASPACE' ) );
#9023 = PRODUCT_DEFINITION_FORMATION_WITH_SPECIFIED_SOURCE ( 'ANY', '', #2380, .NOT_KNOWN. ) ;
#9024 = SURFACE_STYLE_FILL_AREA ( #9407 ) ;
#9025 = STYLED_ITEM ( 'NONE', ( #3003 ), #9412 ) ;
#9026 = B_SPLINE_CURVE_WITH_KNOTS ( 'NONE', 3,
 ( #8696, #7630, #6900, #10472, #9476, #7716, #7855, #6827, #6001, #4422, #4344, #3549, #3470, #2528, #7054, #5170, #8596, #110, #3363, #11063 ),
 .UNSPECIFIED., .F., .F.,
 ( 4, 2, 2, 2, 2, 2, 2, 2, 2, 4 ),
 ( -0.003915241609537892200, -0.003425834993108161700, -0.003181131684893296400, -0.002936428376678431100, -0.002447021760248707000, -0.001957615143818983000, -0.001468208527389258900, -0.0009788019109595353000, -0.0004893952945298108000, 1.132189991238929900E-008 ),
 .UNSPECIFIED. ) ;
#9027 =( NAMED_UNIT ( * ) PLANE_ANGLE_UNIT ( ) SI_UNIT ( $, .RADIAN. ) );
#9028 = CARTESIAN_POINT ( 'NONE',  ( -1.517883041479706200E-015, 16.30043030675197700, 0.0000000000000000000 ) ) ;
#9029 = DIRECTION ( 'NONE',  ( -1.000000000000000000, 0.0000000000000000000, -0.0000000000000000000 ) ) ;
#9030 = ORIENTED_EDGE ( 'NONE', *, *, #5955, .F. ) ;
#9031 = CARTESIAN_POINT ( 'NONE',  ( -18.00000000000000400, 35.72500000000000900, -8.600000000000001400 ) ) ;
#9032 =( NAMED_UNIT ( * ) PLANE_ANGLE_UNIT ( ) SI_UNIT ( $, .RADIAN. ) );
#9033 = LINE ( 'NONE', #7632, #58 ) ;
#9034 =( LENGTH_UNIT ( ) NAMED_UNIT ( * ) SI_UNIT ( .MILLI., .METRE. ) );
#9035 = DIRECTION ( 'NONE',  ( 0.0000000000000000000, 0.0000000000000000000, 1.000000000000000000 ) ) ;
#9036 = LINE ( 'NONE', #10609, #6701 ) ;
#9037 = CARTESIAN_POINT ( 'NONE',  ( -18.00000000000367400, 24.03809545631337500, -1.249999999999998900 ) ) ;
#9038 = DIRECTION ( 'NONE',  ( 0.0000000000000000000, -0.0000000000000000000, 1.000000000000000000 ) ) ;
#9039 = AXIS2_PLACEMENT_3D ( 'NONE', #6812, #1610, #7701 ) ;
#9040 = PRESENTATION_LAYER_ASSIGNMENT (  '', '', ( #7865 ) ) ;
#9041 = EDGE_CURVE ( 'NONE', #1009, #2412, #224, .T. ) ;
#9042 = ORIENTED_EDGE ( 'NONE', *, *, #2147, .F. ) ;
#9043 = CARTESIAN_POINT ( 'NONE',  ( -17.09260567313494800, 24.47323127530939100, -0.8645842728887552800 ) ) ;
#9044 = CARTESIAN_POINT ( 'NONE',  ( -4.063212019597403700, 0.0000000000000000000, 0.0000000000000000000 ) ) ;
#9045 = CARTESIAN_POINT ( 'NONE',  ( -17.09635929132645100, 26.84881907883341200, -0.8755546165453023100 ) ) ;
#9046 = PRESENTATION_STYLE_ASSIGNMENT (( #83 ) ) ;
#9047 = CARTESIAN_POINT ( 'NONE',  ( -18.32458313883534400, 23.14125610643817100, 1.209880072086304500 ) ) ;
#9048 = DIRECTION ( 'NONE',  ( -1.000000000000000000, 0.0000000000000000000, 0.0000000000000000000 ) ) ;
#9049 = ADVANCED_FACE ( 'NONE', ( #2518 ), #3744, .T. ) ;
#9050 = VERTEX_POINT ( 'NONE', #9914 ) ;
#9051 = ORIENTED_EDGE ( 'NONE', *, *, #3322, .F. ) ;
#9052 = CARTESIAN_POINT ( 'NONE',  ( -18.85124158322999900, 29.14920626548999700, 0.7875930808161999400 ) ) ;
#9053 = PRESENTATION_LAYER_ASSIGNMENT (  '', '', ( #8470 ) ) ;
#9054 = EDGE_CURVE ( 'NONE', #5419, #9913, #8377, .T. ) ;
#9055 = CARTESIAN_POINT ( 'NONE',  ( -19.53262731420692000, 28.83092452615857600, -0.3716477780833014100 ) ) ;
#9056 = ORIENTED_EDGE ( 'NONE', *, *, #9713, .F. ) ;
#9057 = CARTESIAN_POINT ( 'NONE',  ( -19.24989470360315400, 22.65294687398436200, -0.1638207281659735400 ) ) ;
#9058 = CARTESIAN_POINT ( 'NONE',  ( -9.400000000000005700, 32.09573601964000000, -0.9042639803576003600 ) ) ;
#9059 = EDGE_LOOP ( 'NONE', ( #6651, #5727, #912, #9930 ) ) ;
#9060 = ADVANCED_FACE ( 'NONE', ( #6071 ), #7290, .F. ) ;
#9061 = VECTOR ( 'NONE', #7612, 1000.000000000000000 ) ;
#9062 = CARTESIAN_POINT ( 'NONE',  ( -9.400000000000005700, 34.00000000000000000, 0.02999999999999998500 ) ) ;
#9063 = COLOUR_RGB ( '',1.000000000000000000, 0.0000000000000000000, 0.0000000000000000000 ) ;
#9064 = SURFACE_STYLE_USAGE ( .BOTH. , #2965 ) ;
#9065 = ORIENTED_EDGE ( 'NONE', *, *, #2777, .T. ) ;
#9066 =( NAMED_UNIT ( * ) SI_UNIT ( $, .STERADIAN. ) SOLID_ANGLE_UNIT ( ) );
#9067 = SURFACE_SIDE_STYLE ('',( #4968 ) ) ;
#9068 = LINE ( 'NONE', #5854, #4426 ) ;
#9069 =( NAMED_UNIT ( * ) PLANE_ANGLE_UNIT ( ) SI_UNIT ( $, .RADIAN. ) );
#9070 = STYLED_ITEM ( 'NONE', ( #1413 ), #1414 ) ;
#9071 = DIRECTION ( 'NONE',  ( -1.000000000000000000, -0.0000000000000000000, -0.0000000000000000000 ) ) ;
#9072 = VECTOR ( 'NONE', #622, 1000.000000000000100 ) ;
#9073 = ADVANCED_FACE ( 'NONE', ( #2921 ), #6469, .T. ) ;
#9074 = VERTEX_POINT ( 'NONE', #5599 ) ;
#9075 = DIRECTION ( 'NONE',  ( 1.000000000000000000, 0.0000000000000000000, 0.0000000000000000000 ) ) ;
#9076 = FACE_OUTER_BOUND ( 'NONE', #2434, .T. ) ;
#9077 = FILL_AREA_STYLE_COLOUR ( '', #5618 ) ;
#9078 = DIRECTION ( 'NONE',  ( 0.0000000000000000000, 0.0000000000000000000, -1.000000000000000000 ) ) ;
#9079 =( NAMED_UNIT ( * ) SI_UNIT ( $, .STERADIAN. ) SOLID_ANGLE_UNIT ( ) );
#9080 =( NAMED_UNIT ( * ) SI_UNIT ( $, .STERADIAN. ) SOLID_ANGLE_UNIT ( ) );
#9081 = VECTOR ( 'NONE', #10952, 1000.000000000000000 ) ;
#9082 = ORIENTED_EDGE ( 'NONE', *, *, #6062, .T. ) ;
#9083 = VERTEX_POINT ( 'NONE', #6506 ) ;
#9084 = EDGE_CURVE ( 'NONE', #8774, #7903, #11142, .T. ) ;
#9085 = CARTESIAN_POINT ( 'NONE',  ( -9.300000000000002500, 33.00000000000000000, -0.02999999999999997100 ) ) ;
#9086 = STYLED_ITEM ( 'NONE', ( #5610 ), #11075 ) ;
#9087 = EDGE_LOOP ( 'NONE', ( #2626, #9065, #1750, #4261 ) ) ;
#9088 =( GEOMETRIC_REPRESENTATION_CONTEXT ( 3 ) GLOBAL_UNCERTAINTY_ASSIGNED_CONTEXT ( ( #4760 ) ) GLOBAL_UNIT_ASSIGNED_CONTEXT ( ( #7465, #2231, #8332 ) ) REPRESENTATION_CONTEXT ( 'NONE', 'WORKASPACE' ) );
#9089 = FACE_OUTER_BOUND ( 'NONE', #4724, .T. ) ;
#9090 =( NAMED_UNIT ( * ) PLANE_ANGLE_UNIT ( ) SI_UNIT ( $, .RADIAN. ) );
#9091 = SURFACE_SIDE_STYLE ('',( #2178 ) ) ;
#9092 = SURFACE_STYLE_FILL_AREA ( #11039 ) ;
#9093 = CARTESIAN_POINT ( 'NONE',  ( -46.50000000000000000, 1.163414459189985500E-015, -9.500000000000000000 ) ) ;
#9094 = DIRECTION ( 'NONE',  ( -1.000000000000000000, -0.0000000000000000000, 0.0000000000000000000 ) ) ;
#9095 = ORIENTED_EDGE ( 'NONE', *, *, #10370, .F. ) ;
#9096 = CARTESIAN_POINT ( 'NONE',  ( -19.35406922758876300, 25.29570001056239900, -1.100956929473206900 ) ) ;
#9097 = ORIENTED_EDGE ( 'NONE', *, *, #675, .T. ) ;
#9098 = DIRECTION ( 'NONE',  ( -1.000000000000000000, -0.0000000000000000000, -0.0000000000000000000 ) ) ;
#9099 = COLOUR_RGB ( '',0.7764705882352941300, 0.7568627450980391900, 0.7372549019607843600 ) ;
#9100 = STYLED_ITEM ( 'NONE', ( #3808 ), #5191 ) ;
#9101 = CARTESIAN_POINT ( 'NONE',  ( -18.00000000000001400, 24.53754738864920900, -1.250000000000000000 ) ) ;
#9102 = CARTESIAN_POINT ( 'NONE',  ( -17.00578061338721600, 27.23505759686481700, 0.7620264221908741300 ) ) ;
#9103 = CARTESIAN_POINT ( 'NONE',  ( -17.00075495264122000, 22.86074281035895700, 0.7685138680918977000 ) ) ;
#9104 =( GEOMETRIC_REPRESENTATION_CONTEXT ( 3 ) GLOBAL_UNCERTAINTY_ASSIGNED_CONTEXT ( ( #6622 ) ) GLOBAL_UNIT_ASSIGNED_CONTEXT ( ( #10070, #4852, #10976 ) ) REPRESENTATION_CONTEXT ( 'NONE', 'WORKASPACE' ) );
#9105 = COLOUR_RGB ( '',1.000000000000000000, 1.000000000000000000, 0.9490196078431372100 ) ;
#9106 = EDGE_LOOP ( 'NONE', ( #9757, #389, #312, #7276 ) ) ;
#9107 = CARTESIAN_POINT ( 'NONE',  ( -17.00409974421589600, 22.67082686151312400, -1.229090469373931700 ) ) ;
#9108 =( NAMED_UNIT ( * ) SI_UNIT ( $, .STERADIAN. ) SOLID_ANGLE_UNIT ( ) );
#9109 = CARTESIAN_POINT ( 'NONE',  ( -15.12923186226119700, 18.17212225998150600, 3.480739799899689000 ) ) ;
#9110 = VECTOR ( 'NONE', #3932, 1000.000000000000000 ) ;
#9111 = EDGE_LOOP ( 'NONE', ( #11017, #2696, #9521, #7316 ) ) ;
#9112 = CARTESIAN_POINT ( 'NONE',  ( -18.62604829139274900, 26.12070994489645100, 1.085004881764267200 ) ) ;
#9113 = CARTESIAN_POINT ( 'NONE',  ( -18.82573484706851700, 26.46958467144892100, -0.9420141765043545900 ) ) ;
#9114 = CARTESIAN_POINT ( 'NONE',  ( -3.000000000000002700, 0.0000000000000000000, 11.60000000000000000 ) ) ;
#9115 =( LENGTH_UNIT ( ) NAMED_UNIT ( * ) SI_UNIT ( .MILLI., .METRE. ) );
#9116 = PRESENTATION_LAYER_ASSIGNMENT (  '', '', ( #8542 ) ) ;
#9117 = VECTOR ( 'NONE', #11038, 1000.000000000000000 ) ;
#9118 = EDGE_CURVE ( 'NONE', #6467, #1858, #8787, .T. ) ;
#9119 = UNCERTAINTY_MEASURE_WITH_UNIT (LENGTH_MEASURE( 1.000000000000000100E-005 ), #8317, 'distance_accuracy_value', 'NONE');
#9120 = CARTESIAN_POINT ( 'NONE',  ( -33.00000000000000000, 14.73091986265698600, -11.99999999999907800 ) ) ;
#9121 = CYLINDRICAL_SURFACE ( 'NONE', #5163, 1.250000000000000000 ) ;
#9122 = EDGE_LOOP ( 'NONE', ( #162, #2817, #4599, #7953 ) ) ;
#9123 = DIRECTION ( 'NONE',  ( 0.0000000000000000000, 0.0000000000000000000, -1.000000000000000000 ) ) ;
#9124 = ADVANCED_FACE ( 'NONE', ( #8520 ), #9138, .T. ) ;
#9125 = FILL_AREA_STYLE_COLOUR ( '', #5739 ) ;
#9126 = CARTESIAN_POINT ( 'NONE',  ( -9.400000000000005700, 28.89999999999999900, 0.0000000000000000000 ) ) ;
#9127 = CARTESIAN_POINT ( 'NONE',  ( 0.0000000000000000000, 15.75136280581475400, 9.892146873131009600 ) ) ;
#9128 = CARTESIAN_POINT ( 'NONE',  ( -16.26285755594013000, 26.10765898080239800, -0.1671710512982993400 ) ) ;
#9129 = AXIS2_PLACEMENT_3D ( 'NONE', #10950, #5700, #499 ) ;
#9130 = CARTESIAN_POINT ( 'NONE',  ( -18.00000000000000400, 28.41093935102359700, 0.0000000000000000000 ) ) ;
#9131 = PRESENTATION_STYLE_ASSIGNMENT (( #5032 ) ) ;
#9132 = MECHANICAL_DESIGN_GEOMETRIC_PRESENTATION_REPRESENTATION (  '', ( #7962 ), #9735 ) ;
#9133 = ORIENTED_EDGE ( 'NONE', *, *, #9659, .F. ) ;
#9134 = CARTESIAN_POINT ( 'NONE',  ( -19.21776824812345900, 24.68360042372222200, 0.3260764289815120100 ) ) ;
#9135 = CARTESIAN_POINT ( 'NONE',  ( -17.99999999999998200, 27.41253292419750000, -1.250000000000000000 ) ) ;
#9136 = DIRECTION ( 'NONE',  ( 0.0000000000000000000, 0.0000000000000000000, -1.000000000000000000 ) ) ;
#9137 = CARTESIAN_POINT ( 'NONE',  ( -9.169131808875345500, 40.90000000000039600, 2.572649730810868900 ) ) ;
#9138 = PLANE ( 'NONE',  #7341 ) ;
#9139 = FACE_OUTER_BOUND ( 'NONE', #1127, .T. ) ;
#9140 = VECTOR ( 'NONE', #278, 1000.000000000000000 ) ;
#9141 = ORIENTED_EDGE ( 'NONE', *, *, #5730, .F. ) ;
#9142 = VECTOR ( 'NONE', #6866, 1000.000000000000000 ) ;
#9143 = EDGE_CURVE ( 'NONE', #9792, #4035, #1033, .T. ) ;
#9144 = PRESENTATION_LAYER_ASSIGNMENT (  '', '', ( #8576 ) ) ;
#9145 = CARTESIAN_POINT ( 'NONE',  ( -18.32737153958316200, 25.93307514402753000, -1.217479260480293800 ) ) ;
#9146 = STYLED_ITEM ( 'NONE', ( #7946 ), #10830 ) ;
#9147 =( LENGTH_UNIT ( ) NAMED_UNIT ( * ) SI_UNIT ( .MILLI., .METRE. ) );
#9148 = UNCERTAINTY_MEASURE_WITH_UNIT (LENGTH_MEASURE( 1.000000000000000100E-005 ), #2804, 'distance_accuracy_value', 'NONE');
#9149 = STYLED_ITEM ( 'NONE', ( #1307 ), #8900 ) ;
#9150 = CARTESIAN_POINT ( 'NONE',  ( -3.668883832544671100, 11.72012613971025600, 14.95495024491974500 ) ) ;
#9151 = CARTESIAN_POINT ( 'NONE',  ( -17.23811558618220000, 25.34000496828607000, 0.9943359215618258200 ) ) ;
#9152 = ADVANCED_FACE ( 'NONE', ( #3042 ), #11274, .F. ) ;
#9153 = ORIENTED_EDGE ( 'NONE', *, *, #208, .T. ) ;
#9154 = COLOUR_RGB ( '',0.9803921568627450600, 0.6274509803921568500, 0.0000000000000000000 ) ;
#9155 = LINE ( 'NONE', #458, #6838 ) ;
#9156 = EDGE_CURVE ( 'NONE', #1325, #8170, #2219, .T. ) ;
#9157 = DIRECTION ( 'NONE',  ( 0.0000000000000000000, 0.0000000000000000000, -1.000000000000000000 ) ) ;
#9158 = CARTESIAN_POINT ( 'NONE',  ( -18.13422644729210700, 28.42076651337676900, -1.250000000000630400 ) ) ;
#9159 =( LENGTH_UNIT ( ) NAMED_UNIT ( * ) SI_UNIT ( .MILLI., .METRE. ) );
#9160 = AXIS2_PLACEMENT_3D ( 'NONE', #7082, #1871, #7948 ) ;
#9161 = ORIENTED_EDGE ( 'NONE', *, *, #8357, .F. ) ;
#9162 = SURFACE_SIDE_STYLE ('',( #11199 ) ) ;
#9163 =( GEOMETRIC_REPRESENTATION_CONTEXT ( 3 ) GLOBAL_UNCERTAINTY_ASSIGNED_CONTEXT ( ( #4248 ) ) GLOBAL_UNIT_ASSIGNED_CONTEXT ( ( #11149, #5897, #692 ) ) REPRESENTATION_CONTEXT ( 'NONE', 'WORKASPACE' ) );
#9164 = UNCERTAINTY_MEASURE_WITH_UNIT (LENGTH_MEASURE( 1.000000000000000100E-005 ), #6335, 'distance_accuracy_value', 'NONE');
#9165 = B_SPLINE_CURVE_WITH_KNOTS ( 'NONE', 3,
 ( #4727, #6466, #7352, #2118, #8220, #2998, #9102, #3878, #9980, #4765, #10890, #5625, #434, #6500, #1295, #7391, #2159, #8255, #3031, #9135 ),
 .UNSPECIFIED., .F., .F.,
 ( 4, 2, 2, 2, 2, 2, 2, 2, 2, 4 ),
 ( -0.01957912369997404100, -0.01908952092144997800, -0.01859991814292591100, -0.01835511675366387600, -0.01811031536440184000, -0.01762071258587777000, -0.01713110980735370300, -0.01664150702882963300, -0.01615190425030556600, -0.01566230147178149900 ),
 .UNSPECIFIED. ) ;
#9166 = CARTESIAN_POINT ( 'NONE',  ( -33.00000000000000000, 16.73320053068134400, -9.000000000000312600 ) ) ;
#9167 = SURFACE_SIDE_STYLE ('',( #11061 ) ) ;
#9168 = DIRECTION ( 'NONE',  ( 1.000000000000000000, -0.0000000000000000000, 0.0000000000000000000 ) ) ;
#9169 = ORIENTED_EDGE ( 'NONE', *, *, #5030, .F. ) ;
#9170 = VECTOR ( 'NONE', #7153, 1000.000000000000000 ) ;
#9171 = DIRECTION ( 'NONE',  ( 0.0000000000000000000, 1.000000000000000000, 0.0000000000000000000 ) ) ;
#9172 = CARTESIAN_POINT ( 'NONE',  ( -19.67143968968790100, 24.37323774850864300, 0.5018954656024879900 ) ) ;
#9173 = DIRECTION ( 'NONE',  ( -1.000000000000000000, -0.0000000000000000000, -0.0000000000000000000 ) ) ;
#9174 = CYLINDRICAL_SURFACE ( 'NONE', #7325, 0.8249999999999992900 ) ;
#9175 = DIRECTION ( 'NONE',  ( 0.0000000000000000000, 1.000000000000000000, 0.0000000000000000000 ) ) ;
#9176 = CARTESIAN_POINT ( 'NONE',  ( -17.84523650611000200, 24.84093821055000000, 1.463581482024999700 ) ) ;
#9177 = PRESENTATION_LAYER_ASSIGNMENT (  '', '', ( #7428 ) ) ;
#9178 = ADVANCED_FACE ( 'NONE', ( #9184 ), #558, .T. ) ;
#9179 = CARTESIAN_POINT ( 'NONE',  ( -8.581352161919081600, 15.92064950931758300, 9.423111059090844700 ) ) ;
#9180 = ORIENTED_EDGE ( 'NONE', *, *, #10411, .T. ) ;
#9181 = STYLED_ITEM ( 'NONE', ( #4289 ), #10423 ) ;
#9182 = EDGE_CURVE ( 'NONE', #578, #3492, #8095, .T. ) ;
#9183 = EDGE_LOOP ( 'NONE', ( #7338, #2142 ) ) ;
#9184 = FACE_OUTER_BOUND ( 'NONE', #1179, .T. ) ;
#9185 = CARTESIAN_POINT ( 'NONE',  ( -18.99816953339000100, 28.16443482636999100, 0.8088937550125001600 ) ) ;
#9186 = CIRCLE ( 'NONE', #1721, 1.450008804531466100 ) ;
#9187 =( LENGTH_UNIT ( ) NAMED_UNIT ( * ) SI_UNIT ( .MILLI., .METRE. ) );
#9188 = SURFACE_SIDE_STYLE ('',( #6787 ) ) ;
#9189 = SURFACE_STYLE_FILL_AREA ( #11263 ) ;
#9190 = DIRECTION ( 'NONE',  ( 0.0000000000000000000, 1.000000000000000000, 0.0000000000000000000 ) ) ;
#9191 = CARTESIAN_POINT ( 'NONE',  ( -17.83482120162741300, 25.52736014229519400, -1.249998966892517300 ) ) ;
#9192 = CIRCLE ( 'NONE', #5790, 17.00000000000000000 ) ;
#9193 = ORIENTED_EDGE ( 'NONE', *, *, #2474, .F. ) ;
#9194 = CARTESIAN_POINT ( 'NONE',  ( -16.90738650189533800, 26.24560517856372500, 0.6287814628301362500 ) ) ;
#9195 = SURFACE_STYLE_FILL_AREA ( #326 ) ;
#9196 = AXIS2_PLACEMENT_3D ( 'NONE', #2928, #9029, #3812 ) ;
#9197 = CARTESIAN_POINT ( 'NONE',  ( -18.81586031072000200, 25.68051300616000200, 0.9927756799646002600 ) ) ;
#9198 = LINE ( 'NONE', #111, #5651 ) ;
#9199 = COLOUR_RGB ( '',0.7764705882352941300, 0.7568627450980391900, 0.7372549019607843600 ) ;
#9200 = EDGE_CURVE ( 'NONE', #9871, #2258, #10431, .T. ) ;
#9201 = CARTESIAN_POINT ( 'NONE',  ( -19.21752690586234600, 24.51635503395136000, -0.3268626319516848600 ) ) ;
#9202 = CARTESIAN_POINT ( 'NONE',  ( -16.78294019459699300, 28.26627555649415100, 0.3282784081029676000 ) ) ;
#9203 = CARTESIAN_POINT ( 'NONE',  ( -18.80507989199736900, 28.60688987258508600, 0.9655887061092467400 ) ) ;
#9204 = CARTESIAN_POINT ( 'NONE',  ( -30.50000000000000700, 22.50000000000000000, 2.000000000000000000 ) ) ;
#9205 =( LENGTH_UNIT ( ) NAMED_UNIT ( * ) SI_UNIT ( .MILLI., .METRE. ) );
#9207 = ORIENTED_EDGE ( 'NONE', *, *, #7237, .F. ) ;
#9206 =( NAMED_UNIT ( * ) SI_UNIT ( $, .STERADIAN. ) SOLID_ANGLE_UNIT ( ) );
#9208 =( LENGTH_UNIT ( ) NAMED_UNIT ( * ) SI_UNIT ( .MILLI., .METRE. ) );
#9209 = CARTESIAN_POINT ( 'NONE',  ( -3.000000000000002700, 0.0000000000000000000, 0.0000000000000000000 ) ) ;
#9210 = ADVANCED_FACE ( 'NONE', ( #5784, #3451 ), #1459, .T. ) ;
#9211 = DIRECTION ( 'NONE',  ( -1.000000000000000000, -0.0000000000000000000, -0.0000000000000000000 ) ) ;
#9212 = ORIENTED_EDGE ( 'NONE', *, *, #6078, .F. ) ;
#9213 = CARTESIAN_POINT ( 'NONE',  ( -16.80245063096334900, 26.43819283915249600, -0.3861177961991520400 ) ) ;
#9214 = PRODUCT_CONTEXT ( 'NONE', #8326, 'mechanical' ) ;
#9215 =( NAMED_UNIT ( * ) SI_UNIT ( $, .STERADIAN. ) SOLID_ANGLE_UNIT ( ) );
#9216 = CARTESIAN_POINT ( 'NONE',  ( -28.00000000000000400, 0.0000000000000000000, 0.0000000000000000000 ) ) ;
#9217 = SURFACE_STYLE_USAGE ( .BOTH. , #3110 ) ;
#9218 = UNCERTAINTY_MEASURE_WITH_UNIT (LENGTH_MEASURE( 1.000000000000000100E-005 ), #4608, 'distance_accuracy_value', 'NONE');
#9219 = ORIENTED_EDGE ( 'NONE', *, *, #6593, .T. ) ;
#9220 = DIRECTION ( 'NONE',  ( 0.0000000000000000000, 0.0000000000000000000, -1.000000000000000000 ) ) ;
#9221 = MECHANICAL_DESIGN_GEOMETRIC_PRESENTATION_REPRESENTATION (  '', ( #8049 ), #9811 ) ;
#9222 = LINE ( 'NONE', #9600, #6896 ) ;
#9223 =( NAMED_UNIT ( * ) SI_UNIT ( $, .STERADIAN. ) SOLID_ANGLE_UNIT ( ) );
#9224 = MECHANICAL_DESIGN_GEOMETRIC_PRESENTATION_REPRESENTATION (  '', ( #7468 ), #9815 ) ;
#9225 = CIRCLE ( 'NONE', #1412, 1.399999999999998600 ) ;
#9226 = VECTOR ( 'NONE', #10741, 1000.000000000000000 ) ;
#9227 = ORIENTED_EDGE ( 'NONE', *, *, #5338, .F. ) ;
#9228 = CARTESIAN_POINT ( 'NONE',  ( -16.72113028021000900, 27.35247585612000200, 0.1253947019406000100 ) ) ;
#9229 = DIRECTION ( 'NONE',  ( 1.000000000000000000, 0.0000000000000000000, 3.795574965437092400E-012 ) ) ;
#9230 = ORIENTED_EDGE ( 'NONE', *, *, #5476, .F. ) ;
#9231 = SURFACE_STYLE_USAGE ( .BOTH. , #3121 ) ;
#9232 = CARTESIAN_POINT ( 'NONE',  ( -16.99899574481920100, 27.46412720381171700, -0.7665892990388161200 ) ) ;
#9233 =( NAMED_UNIT ( * ) SI_UNIT ( $, .STERADIAN. ) SOLID_ANGLE_UNIT ( ) );
#9234 = EDGE_CURVE ( 'NONE', #5680, #9794, #9964, .T. ) ;
#9235 = DIRECTION ( 'NONE',  ( -1.000000000000000000, -0.0000000000000000000, -0.0000000000000000000 ) ) ;
#9236 = VERTEX_POINT ( 'NONE', #7539 ) ;
#9237 = STYLED_ITEM ( 'NONE', ( #6163 ), #3949 ) ;
#9238 = UNCERTAINTY_MEASURE_WITH_UNIT (LENGTH_MEASURE( 1.000000000000000100E-005 ), #1346, 'distance_accuracy_value', 'NONE');
#9239 = ORIENTED_EDGE ( 'NONE', *, *, #869, .F. ) ;
#9240 = MECHANICAL_DESIGN_GEOMETRIC_PRESENTATION_REPRESENTATION (  '', ( #8070 ), #9830 ) ;
#9241 = LINE ( 'NONE', #1404, #4885 ) ;
#9242 = CARTESIAN_POINT ( 'NONE',  ( -17.18206493965999800, 25.93034653546000400, -0.9910664431384002000 ) ) ;
#9243 = ADVANCED_FACE ( 'NONE', ( #7652 ), #7959, .F. ) ;
#9244 = CARTESIAN_POINT ( 'NONE',  ( -9.169131808875297600, 40.90000000000029700, 0.0000000000000000000 ) ) ;
#9245 = PRESENTATION_STYLE_ASSIGNMENT (( #3097 ) ) ;
#9246 = DIRECTION ( 'NONE',  ( -1.000000000000000000, -0.0000000000000000000, -0.0000000000000000000 ) ) ;
#9247 = FILL_AREA_STYLE ('',( #4947 ) ) ;
#9248 = FILL_AREA_STYLE_COLOUR ( '', #8737 ) ;
#9249 = DIRECTION ( 'NONE',  ( 0.0000000000000000000, 1.000000000000000000, 0.0000000000000000000 ) ) ;
#9250 = CARTESIAN_POINT ( 'NONE',  ( -1.499999999999999800, 16.30043030675197700, 0.0000000000000000000 ) ) ;
#9251 = CARTESIAN_POINT ( 'NONE',  ( -33.00000000000000000, 18.89444362769117800, -2.000000000000063500 ) ) ;
#9252 = EDGE_LOOP ( 'NONE', ( #1099, #360, #6091, #11051 ) ) ;
#9253 = B_SPLINE_CURVE_WITH_KNOTS ( 'NONE', 3,
 ( #571, #5767, #7513, #2279, #8392, #3157, #9277, #4039, #10156, #4936, #11055, #5811, #609, #6662, #1471, #7554, #2318, #8428, #3201, #9314 ),
 .UNSPECIFIED., .F., .F.,
 ( 4, 2, 2, 2, 2, 2, 2, 2, 2, 4 ),
 ( -0.007830361017979953600, -0.007340972924466948600, -0.006851584830953943600, -0.006362196737440938700, -0.005872808643927933700, -0.005383420550414928800, -0.005138726503658425400, -0.004894032456901922100, -0.004404644363388915400, -0.003915256269875908700 ),
 .UNSPECIFIED. ) ;
#9254 = CARTESIAN_POINT ( 'NONE',  ( -18.87527123734000500, 24.38356414065999900, 1.624390835623000100 ) ) ;
#9255 = SURFACE_STYLE_FILL_AREA ( #11322 ) ;
#9256 = VECTOR ( 'NONE', #999, 1000.000000000000000 ) ;
#9257 = AXIS2_PLACEMENT_3D ( 'NONE', #10897, #5631, #441 ) ;
#9258 = CARTESIAN_POINT ( 'NONE',  ( -16.39999999999999900, 28.89999999999999900, 7.949999999999998400 ) ) ;
#9259 = CARTESIAN_POINT ( 'NONE',  ( -0.6470537030290185500, 0.0000000000000000000, 0.0000000000000000000 ) ) ;
#9260 = STYLED_ITEM ( 'NONE', ( #8695 ), #10117 ) ;
#9261 = FILL_AREA_STYLE ('',( #7500 ) ) ;
#9262 = EDGE_CURVE ( 'NONE', #4620, #7322, #2177, .T. ) ;
#9263 = ADVANCED_FACE ( 'NONE', ( #8871, #9139 ), #9456, .F. ) ;
#9264 =( NAMED_UNIT ( * ) SI_UNIT ( $, .STERADIAN. ) SOLID_ANGLE_UNIT ( ) );
#9265 = CARTESIAN_POINT ( 'NONE',  ( -16.58763458393999800, 24.52184993431999500, 0.6315642193618002900 ) ) ;
#9266 = VERTEX_POINT ( 'NONE', #1531 ) ;
#9267 = DIRECTION ( 'NONE',  ( -1.000000000000000000, -0.0000000000000000000, 0.0000000000000000000 ) ) ;
#9268 = PRESENTATION_STYLE_ASSIGNMENT (( #9064 ) ) ;
#9269 = SURFACE_STYLE_USAGE ( .BOTH. , #2235 ) ;
#9270 =( BOUNDED_SURFACE ( )  B_SPLINE_SURFACE ( 3, 3, ( 
 ( #9028, #10697, #9834, #9802 ),
 ( #9726, #8912, #8146, #8109 ),
 ( #7952, #362, #7240, #7162 ),
 ( #7120, #7085, #6428, #6394 ) ),
 .UNSPECIFIED., .F., .F., .F. ) 
 B_SPLINE_SURFACE_WITH_KNOTS ( ( 4, 4 ),
 ( 4, 4 ),
 ( 0.0000000000000000000, 1.000000000000000000 ),
 ( 0.0000000000000000000, 1.000000000000000000 ),
 .UNSPECIFIED. ) 
 GEOMETRIC_REPRESENTATION_ITEM ( )  RATIONAL_B_SPLINE_SURFACE ( (
 ( 1.000000000000000000, 0.3333333333333334300, 0.3333333333333334300, 1.000000000000000000),
 ( 0.8695484763366226900, 0.2898494921122076200, 0.2898494921122076200, 0.8695484763366226900),
 ( 0.8695484763366226900, 0.2898494921122076200, 0.2898494921122076200, 0.8695484763366226900),
 ( 1.000000000000000000, 0.3333333333333334300, 0.3333333333333334300, 1.000000000000000000) ) ) 
 REPRESENTATION_ITEM ( '' )  SURFACE ( )  );
#9271 = FILL_AREA_STYLE ('',( #3459 ) ) ;
#9272 = CARTESIAN_POINT ( 'NONE',  ( -18.82236369496000300, 26.54051688587999900, -0.9873968447782001100 ) ) ;
#9273 = CARTESIAN_POINT ( 'NONE',  ( -18.69337430841783000, 28.24099220578296300, 1.039883808625793300 ) ) ;
#9274 = SURFACE_STYLE_USAGE ( .BOTH. , #3155 ) ;
#9275 = VECTOR ( 'NONE', #7759, 1000.000000000000000 ) ;
#9276 = FILL_AREA_STYLE ('',( #3156 ) ) ;
#9277 = CARTESIAN_POINT ( 'NONE',  ( -19.09169332471932300, 27.99493973355830400, -0.6304344547938439700 ) ) ;
#9278 = AXIS2_PLACEMENT_3D ( 'NONE', #2567, #8671, #3436 ) ;
#9279 = ADVANCED_FACE ( 'NONE', ( #3413 ), #2597, .T. ) ;
#9280 = ORIENTED_EDGE ( 'NONE', *, *, #11018, .T. ) ;
#9281 = CIRCLE ( 'NONE', #2295, 9.549999999999995400 ) ;
#9282 = CARTESIAN_POINT ( 'NONE',  ( -17.67355505057477700, 23.68365162572910900, 1.217821965297876300 ) ) ;
#9283 = EDGE_CURVE ( 'NONE', #886, #9585, #4925, .T. ) ;
#9284 = COLOUR_RGB ( '',0.0000000000000000000, 0.0000000000000000000, 0.0000000000000000000 ) ;
#9285 = CARTESIAN_POINT ( 'NONE',  ( -16.72143272145000400, 25.36822109452999300, -0.1284418378675000200 ) ) ;
#9286 = CARTESIAN_POINT ( 'NONE',  ( 0.0000000000000000000, 14.09108147143918500, -9.863134540565003100 ) ) ;
#9287 = ORIENTED_EDGE ( 'NONE', *, *, #6193, .T. ) ;
#9288 = LINE ( 'NONE', #7770, #4646 ) ;
#9289 = CARTESIAN_POINT ( 'NONE',  ( -33.00000000000000000, 18.89444362769117800, 2.000000000000061700 ) ) ;
#9290 =( NAMED_UNIT ( * ) SI_UNIT ( $, .STERADIAN. ) SOLID_ANGLE_UNIT ( ) );
#9291 = FILL_AREA_STYLE ('',( #4948 ) ) ;
#9292 = AXIS2_PLACEMENT_3D ( 'NONE', #9528, #4272, #10397 ) ;
#9293 = CARTESIAN_POINT ( 'NONE',  ( -16.23609871663000300, 23.57160517042000300, -0.5417413200080999400 ) ) ;
#9294 = AXIS2_PLACEMENT_3D ( 'NONE', #2356, #8468, #3243 ) ;
#9295 =( NAMED_UNIT ( * ) PLANE_ANGLE_UNIT ( ) SI_UNIT ( $, .RADIAN. ) );
#9296 = ORIENTED_EDGE ( 'NONE', *, *, #6856, .F. ) ;
#9297 = LINE ( 'NONE', #7901, #4372 ) ;
#9298 = CARTESIAN_POINT ( 'NONE',  ( -0.6470537030290188800, 15.05000000000000100, 3.686186865433533300E-015 ) ) ;
#9299 = FACE_OUTER_BOUND ( 'NONE', #1465, .T. ) ;
#9300 = CARTESIAN_POINT ( 'NONE',  ( -18.00000000000000400, 28.41093935102359700, 1.250000000000000000 ) ) ;
#9301 = CARTESIAN_POINT ( 'NONE',  ( -17.82871638532999700, 26.43027728458000800, 1.836926025434999900 ) ) ;
#9302 = CARTESIAN_POINT ( 'NONE',  ( -0.8529462969709827900, 0.0000000000000000000, 0.0000000000000000000 ) ) ;
#9303 = CARTESIAN_POINT ( 'NONE',  ( -19.17154673327000200, 25.97241582400000200, 1.425590985912999800 ) ) ;
#9304 = UNCERTAINTY_MEASURE_WITH_UNIT (LENGTH_MEASURE( 1.000000000000000100E-005 ), #1216, 'distance_accuracy_value', 'NONE');
#9305 = CARTESIAN_POINT ( 'NONE',  ( -1.444020278706815300, -15.46179454901447800, -1.893523720352457300E-015 ) ) ;
#9306 = VERTEX_POINT ( 'NONE', #8652 ) ;
#9307 = EDGE_CURVE ( 'NONE', #4026, #7300, #9574, .T. ) ;
#9308 =( GEOMETRIC_REPRESENTATION_CONTEXT ( 3 ) GLOBAL_UNCERTAINTY_ASSIGNED_CONTEXT ( ( #6395 ) ) GLOBAL_UNIT_ASSIGNED_CONTEXT ( ( #10517, #11225, #11259 ) ) REPRESENTATION_CONTEXT ( 'NONE', 'WORKASPACE' ) );
#9309 = CARTESIAN_POINT ( 'NONE',  ( -16.85834963468000300, 28.01190223634000300, -0.9287952244073999200 ) ) ;
#9310 = AXIS2_PLACEMENT_3D ( 'NONE', #8342, #3120, #9229 ) ;
#9311 = CARTESIAN_POINT ( 'NONE',  ( -16.77005873989000100, 23.88363339153999500, -0.3721237533781000500 ) ) ;
#9312 = CIRCLE ( 'NONE', #3268, 16.75000000000000000 ) ;
#9313 = AXIS2_PLACEMENT_3D ( 'NONE', #3782, #5527, #9035 ) ;
#9314 = CARTESIAN_POINT ( 'NONE',  ( -18.00000000000000000, 28.16251653336892600, 1.249999999999998900 ) ) ;
#9315 = CARTESIAN_POINT ( 'NONE',  ( -17.23159437576873300, 23.86005666965220200, -0.9994652782225385000 ) ) ;
#9316 = CARTESIAN_POINT ( 'NONE',  ( -16.90750438789526200, 27.74505361025688900, 0.6288598430922409700 ) ) ;
#9317 = ORIENTED_EDGE ( 'NONE', *, *, #1397, .T. ) ;
#9318 = SURFACE_STYLE_FILL_AREA ( #4824 ) ;
#9319 = COLOUR_RGB ( '',0.0000000000000000000, 0.0000000000000000000, 0.0000000000000000000 ) ;
#9320 = UNCERTAINTY_MEASURE_WITH_UNIT (LENGTH_MEASURE( 1.000000000000000100E-005 ), #7685, 'distance_accuracy_value', 'NONE');
#9321 = CARTESIAN_POINT ( 'NONE',  ( -32.00000000000000000, 11.66190378969041700, -15.00000000000014200 ) ) ;
#9322 = EDGE_CURVE ( 'NONE', #10398, #3628, #1378, .T. ) ;
#9323 = ORIENTED_EDGE ( 'NONE', *, *, #4709, .F. ) ;
#9324 = CARTESIAN_POINT ( 'NONE',  ( -32.00000000000000000, 28.49999999999999600, -14.50000000000000000 ) ) ;
#9325 = STYLED_ITEM ( 'NONE', ( #2451 ), #4969 ) ;
#9326 =( NAMED_UNIT ( * ) PLANE_ANGLE_UNIT ( ) SI_UNIT ( $, .RADIAN. ) );
#9327 = VERTEX_POINT ( 'NONE', #840 ) ;
#9328 = DIRECTION ( 'NONE',  ( -1.000000000000000000, -0.0000000000000000000, -0.0000000000000000000 ) ) ;
#9329 =( GEOMETRIC_REPRESENTATION_CONTEXT ( 3 ) GLOBAL_UNCERTAINTY_ASSIGNED_CONTEXT ( ( #1405 ) ) GLOBAL_UNIT_ASSIGNED_CONTEXT ( ( #2828, #8930, #3712 ) ) REPRESENTATION_CONTEXT ( 'NONE', 'WORKASPACE' ) );
#9330 = B_SPLINE_CURVE_WITH_KNOTS ( 'NONE', 3,
 ( #2034, #6372, #7254, #8125, #2904, #9008, #3793, #9887, #4663, #10804, #5541, #337, #6410, #1215, #7296, #2061, #8160, #2947, #9047, #3828, #9923, #4702 ),
 .UNSPECIFIED., .F., .F.,
 ( 4, 2, 2, 2, 2, 2, 2, 2, 2, 2, 4 ),
 ( 0.0009729716760800569500, 0.001462464049289602500, 0.001707210235894370700, 0.001951956422499139100, 0.002441448795708675700, 0.002930941168918211700, 0.003420433542127748100, 0.003909925915337285000, 0.004399418288546820500, 0.004644164475151593500, 0.004888910661756366500 ),
 .UNSPECIFIED. ) ;
#9331 = CARTESIAN_POINT ( 'NONE',  ( -19.63616335311000000, 22.75964620018000100, -0.8530620186842998700 ) ) ;
#9332 = ADVANCED_FACE ( 'NONE', ( #300 ), #3824, .T. ) ;
#9333 = FACE_OUTER_BOUND ( 'NONE', #4424, .T. ) ;
#9334 = DIRECTION ( 'NONE',  ( -1.000000000000000000, -0.0000000000000000000, -0.0000000000000000000 ) ) ;
#9335 = DIRECTION ( 'NONE',  ( 0.0000000000000000000, 0.0000000000000000000, -1.000000000000000000 ) ) ;
#9336 = EDGE_LOOP ( 'NONE', ( #8156, #4992, #2530, #133 ) ) ;
#9337 = CARTESIAN_POINT ( 'NONE',  ( -18.32713685911527800, 27.55920790362225900, -1.217514057246325200 ) ) ;
#9338 = ORIENTED_EDGE ( 'NONE', *, *, #6165, .F. ) ;
#9339 = CARTESIAN_POINT ( 'NONE',  ( -16.83143807014000300, 25.61831831434000200, -1.428038658898999700 ) ) ;
#9340 = CARTESIAN_POINT ( 'NONE',  ( -0.6470537030290188800, 15.05000000000000100, 0.0000000000000000000 ) ) ;
#9341 = CARTESIAN_POINT ( 'NONE',  ( -16.16481006052000800, 25.16045685375999600, -0.1921178015442000000 ) ) ;
#9342 = CYLINDRICAL_SURFACE ( 'NONE', #7771, 0.8249999999999992900 ) ;
#9343 = CARTESIAN_POINT ( 'NONE',  ( -16.70000000000000600, 28.89999999999999500, -8.300000000000000700 ) ) ;
#9344 =( GEOMETRIC_REPRESENTATION_CONTEXT ( 3 ) GLOBAL_UNCERTAINTY_ASSIGNED_CONTEXT ( ( #4725 ) ) GLOBAL_UNIT_ASSIGNED_CONTEXT ( ( #5443, #233, #6302 ) ) REPRESENTATION_CONTEXT ( 'NONE', 'WORKASPACE' ) );
#9345 = SURFACE_STYLE_FILL_AREA ( #1025 ) ;
#9346 = PRESENTATION_LAYER_ASSIGNMENT (  '', '', ( #8164 ) ) ;
#9347 = EDGE_CURVE ( 'NONE', #1227, #4473, #6146, .T. ) ;
#9348 = EDGE_LOOP ( 'NONE', ( #10195, #4591, #2951, #10333, #4167 ) ) ;
#9349 = CARTESIAN_POINT ( 'NONE',  ( -19.46501436982000400, 27.19994326610000000, -0.1405528616571999600 ) ) ;
#9350 =( NAMED_UNIT ( * ) PLANE_ANGLE_UNIT ( ) SI_UNIT ( $, .RADIAN. ) );
#9351 = CARTESIAN_POINT ( 'NONE',  ( -19.13692876288000400, 23.07167442130000300, -0.5988527185513001800 ) ) ;
#9352 = CARTESIAN_POINT ( 'NONE',  ( -15.60000000000000300, 38.89999999999999900, -8.349999999999997900 ) ) ;
#9353 = CARTESIAN_POINT ( 'NONE',  ( -19.59999999999999800, 28.89999999999999500, 7.949999999999998400 ) ) ;
#9354 = B_SPLINE_CURVE_WITH_KNOTS ( 'NONE', 3,
 ( #2428, #4173, #5079, #11204, #5945, #736, #6805, #1603, #7695, #2467, #8569, #3344, #9452, #4211, #10324, #5114, #11239, #5977, #763, #6841, #1644, #7733 ),
 .UNSPECIFIED., .F., .F.,
 ( 4, 2, 2, 2, 2, 2, 2, 2, 2, 2, 4 ),
 ( -0.01566230147178149900, -0.01541755544613427800, -0.01517280942048705900, -0.01468331736919262600, -0.01419382531789819400, -0.01370433326660376200, -0.01321484121530932900, -0.01272534916401489800, -0.01248060313836767800, -0.01223585711272045700, -0.01174636506142601900 ),
 .UNSPECIFIED. ) ;
#9355 = CIRCLE ( 'NONE', #8385, 17.00000000000000000 ) ;
#9356 = VECTOR ( 'NONE', #6558, 1000.000000000000000 ) ;
#9357 = CARTESIAN_POINT ( 'NONE',  ( -18.00000000000030200, 27.91252206888280800, -1.250000000000000200 ) ) ;
#9358 = ORIENTED_EDGE ( 'NONE', *, *, #10562, .F. ) ;
#9359 = ORIENTED_EDGE ( 'NONE', *, *, #2624, .T. ) ;
#9360 = AXIS2_PLACEMENT_3D ( 'NONE', #6385, #1188, #7265 ) ;
#9361 = ADVANCED_FACE ( 'NONE', ( #10819 ), #7515, .T. ) ;
#9362 = CARTESIAN_POINT ( 'NONE',  ( -28.00000000000000400, 14.73091986265698600, -11.99999999999907800 ) ) ;
#9363 = EDGE_CURVE ( 'NONE', #10971, #8488, #6549, .T. ) ;
#9364 =( NAMED_UNIT ( * ) SI_UNIT ( $, .STERADIAN. ) SOLID_ANGLE_UNIT ( ) );
#9365 = VECTOR ( 'NONE', #6346, 1000.000000000000000 ) ;
#9366 = CARTESIAN_POINT ( 'NONE',  ( -20.00000000000000400, 38.89999999999999900, 7.599999999999999600 ) ) ;
#9367 = CONICAL_SURFACE ( 'NONE', #9989, 16.70000000000000600, 0.7853981633974541600 ) ;
#9368 = CARTESIAN_POINT ( 'NONE',  ( -19.00103837311855100, 23.71532453659607900, 0.7665551511692511000 ) ) ;
#9369 = EDGE_LOOP ( 'NONE', ( #9378, #7046 ) ) ;
#9370 = ORIENTED_EDGE ( 'NONE', *, *, #1651, .T. ) ;
#9371 = FILL_AREA_STYLE_COLOUR ( '', #6345 ) ;
#9372 = UNCERTAINTY_MEASURE_WITH_UNIT (LENGTH_MEASURE( 1.000000000000000100E-005 ), #7308, 'distance_accuracy_value', 'NONE');
#9373 = ORIENTED_EDGE ( 'NONE', *, *, #5890, .F. ) ;
#9374 = SURFACE_STYLE_FILL_AREA ( #3440 ) ;
#9375 = CARTESIAN_POINT ( 'NONE',  ( -17.21637191262999900, 24.23103155064000100, -1.461671255278999400 ) ) ;
#9376 =( NAMED_UNIT ( * ) PLANE_ANGLE_UNIT ( ) SI_UNIT ( $, .RADIAN. ) );
#9377 = CARTESIAN_POINT ( 'NONE',  ( -18.76807361276318500, 27.73587346076081800, 0.9998657483737071200 ) ) ;
#9378 = ORIENTED_EDGE ( 'NONE', *, *, #3131, .F. ) ;
#9379 = EDGE_CURVE ( 'NONE', #1321, #7506, #3140, .T. ) ;
#9380 = CARTESIAN_POINT ( 'NONE',  ( -19.83478551441000400, 24.80635934409999500, 0.1959583251179999900 ) ) ;
#9381 =( NAMED_UNIT ( * ) PLANE_ANGLE_UNIT ( ) SI_UNIT ( $, .RADIAN. ) );
#9382 = PRESENTATION_LAYER_ASSIGNMENT (  '', '', ( #9952 ) ) ;
#9383 =( GEOMETRIC_REPRESENTATION_CONTEXT ( 3 ) GLOBAL_UNCERTAINTY_ASSIGNED_CONTEXT ( ( #4462 ) ) GLOBAL_UNIT_ASSIGNED_CONTEXT ( ( #6867, #1667, #7757 ) ) REPRESENTATION_CONTEXT ( 'NONE', 'WORKASPACE' ) );
#9384 = ORIENTED_EDGE ( 'NONE', *, *, #3118, .T. ) ;
#9385 = PRESENTATION_STYLE_ASSIGNMENT (( #11070 ) ) ;
#9386 = CARTESIAN_POINT ( 'NONE',  ( -19.00010191232944500, 23.48510706661142700, -0.7676770002392243600 ) ) ;
#9387 = MECHANICAL_DESIGN_GEOMETRIC_PRESENTATION_REPRESENTATION (  '', ( #7029 ), #9955 ) ;
#9388 = DIRECTION ( 'NONE',  ( 1.000000000000000000, 0.0000000000000000000, 0.0000000000000000000 ) ) ;
#9389 = VERTEX_POINT ( 'NONE', #5417 ) ;
#9390 = ORIENTED_EDGE ( 'NONE', *, *, #2803, .F. ) ;
#9391 = CARTESIAN_POINT ( 'NONE',  ( -17.05613169744000500, 26.38798429586000100, 1.128881715800000000 ) ) ;
#9392 = CARTESIAN_POINT ( 'NONE',  ( -17.83487616884493900, 25.40158004224274200, -1.249999999999970000 ) ) ;
#9393 = CARTESIAN_POINT ( 'NONE',  ( -16.72708070551000100, 24.48060138942999600, -0.3793210494151000900 ) ) ;
#9394 = CYLINDRICAL_SURFACE ( 'NONE', #442, 16.75000000000000000 ) ;
#9395 = ADVANCED_FACE ( 'NONE', ( #5215, #5478 ), #10648, .F. ) ;
#9396 = SURFACE_SIDE_STYLE ('',( #6739 ) ) ;
#9397 = ADVANCED_FACE ( 'NONE', ( #6682, #8746, #4369, #11099, #2054 ), #6312, .T. ) ;
#9398 = EDGE_CURVE ( 'NONE', #5495, #2824, #981, .T. ) ;
#9399 = CARTESIAN_POINT ( 'NONE',  ( -17.00075452853644400, 23.36072483214405800, 0.7685134479265479700 ) ) ;
#9400 = PRESENTATION_LAYER_ASSIGNMENT (  '', '', ( #8805 ) ) ;
#9401 = CARTESIAN_POINT ( 'NONE',  ( -15.60000000000000300, 33.89999999999999900, 9.099999999999999600 ) ) ;
#9402 = PRESENTATION_LAYER_ASSIGNMENT (  '', '', ( #8214 ) ) ;
#9403 = LINE ( 'NONE', #7401, #4475 ) ;
#9404 = VERTEX_POINT ( 'NONE', #6350 ) ;
#9405 = PRESENTATION_STYLE_ASSIGNMENT (( #9668 ) ) ;
#9406 = PRESENTATION_STYLE_ASSIGNMENT (( #5799 ) ) ;
#9407 = FILL_AREA_STYLE ('',( #6749 ) ) ;
#9408 = DIRECTION ( 'NONE',  ( -1.000000000000000000, 0.0000000000000000000, 0.0000000000000000000 ) ) ;
#9409 = CARTESIAN_POINT ( 'NONE',  ( -17.17374045977572900, 25.85536401409751100, -0.9415112255886887200 ) ) ;
#9410 =( NAMED_UNIT ( * ) PLANE_ANGLE_UNIT ( ) SI_UNIT ( $, .RADIAN. ) );
#9411 = DIRECTION ( 'NONE',  ( 1.000000000000000000, -0.0000000000000000000, -0.0000000000000000000 ) ) ;
#9412 = ADVANCED_FACE ( 'NONE', ( #7914, #5352, #9965 ), #1078, .T. ) ;
#9413 = FILL_AREA_STYLE_COLOUR ( '', #2961 ) ;
#9414 = B_SPLINE_CURVE_WITH_KNOTS ( 'NONE', 3,
 ( #4368, #3656, #5275, #5311, #6279, #6963 ),
 .UNSPECIFIED., .F., .F.,
 ( 4, 2, 4 ),
 ( 0.0000000000000000000, 0.5000000000000000000, 1.000000000000000000 ),
 .UNSPECIFIED. ) ;
#9415 = CARTESIAN_POINT ( 'NONE',  ( -19.58436998298999800, 23.41907258040000500, 0.4902318183021001600 ) ) ;
#9416 = PRESENTATION_STYLE_ASSIGNMENT (( #1849 ) ) ;
#9417 = ORIENTED_EDGE ( 'NONE', *, *, #1774, .T. ) ;
#9418 = SURFACE_STYLE_FILL_AREA ( #6228 ) ;
#9419 = MECHANICAL_DESIGN_GEOMETRIC_PRESENTATION_REPRESENTATION (  '', ( #8225 ), #9986 ) ;
#9420 = DIRECTION ( 'NONE',  ( -1.000000000000000000, -0.0000000000000000000, -0.0000000000000000000 ) ) ;
#9421 =( GEOMETRIC_REPRESENTATION_CONTEXT ( 3 ) GLOBAL_UNCERTAINTY_ASSIGNED_CONTEXT ( ( #10213 ) ) GLOBAL_UNIT_ASSIGNED_CONTEXT ( ( #3993, #10101, #4882 ) ) REPRESENTATION_CONTEXT ( 'NONE', 'WORKASPACE' ) );
#9422 = DIRECTION ( 'NONE',  ( 0.0000000000000000000, 0.0000000000000000000, 1.000000000000000000 ) ) ;
#9423 = EDGE_CURVE ( 'NONE', #4870, #9015, #4507, .T. ) ;
#9424 = CARTESIAN_POINT ( 'NONE',  ( -18.15713887146000600, 26.27774469456000300, -1.651020237608999700 ) ) ;
#9425 = CARTESIAN_POINT ( 'NONE',  ( -0.05597972129318613100, -15.46179454901447800, -1.893523720352457300E-015 ) ) ;
#9426 = CARTESIAN_POINT ( 'NONE',  ( -16.90805174526028400, 23.24616644149537600, 0.6300124139606829700 ) ) ;
#9427 = CARTESIAN_POINT ( 'NONE',  ( -18.08209680708042200, 23.65656766849280500, 1.250000000000000700 ) ) ;
#9428 = ORIENTED_EDGE ( 'NONE', *, *, #8019, .F. ) ;
#9429 = VERTEX_POINT ( 'NONE', #9902 ) ;
#9430 = CIRCLE ( 'NONE', #7303, 15.05000000000000100 ) ;
#9431 = CARTESIAN_POINT ( 'NONE',  ( -19.28431171960000200, 27.85936964632000500, 1.049332578348000100 ) ) ;
#9432 = CARTESIAN_POINT ( 'NONE',  ( -16.74989551689574100, 25.27677113675738600, 0.1621718368514965500 ) ) ;
#9433 = CARTESIAN_POINT ( 'NONE',  ( -19.40778363808000500, 23.73110080152000000, 0.4291473395923002300 ) ) ;
#9434 = SURFACE_SIDE_STYLE ('',( #7001 ) ) ;
#9435 =( GEOMETRIC_REPRESENTATION_CONTEXT ( 3 ) GLOBAL_UNCERTAINTY_ASSIGNED_CONTEXT ( ( #5670 ) ) GLOBAL_UNIT_ASSIGNED_CONTEXT ( ( #7004, #1800, #7882 ) ) REPRESENTATION_CONTEXT ( 'NONE', 'WORKASPACE' ) );
#9436 = CARTESIAN_POINT ( 'NONE',  ( -18.00000000000000000, 28.16251653336892600, 1.249999999999998900 ) ) ;
#9437 = EDGE_CURVE ( 'NONE', #953, #1908, #6391, .T. ) ;
#9438 = ORIENTED_EDGE ( 'NONE', *, *, #653, .F. ) ;
#9439 = CIRCLE ( 'NONE', #428, 17.19999998988806300 ) ;
#9440 = CYLINDRICAL_SURFACE ( 'NONE', #3422, 0.3000000000000016500 ) ;
#9441 = SURFACE_SIDE_STYLE ('',( #3561 ) ) ;
#9442 =( NAMED_UNIT ( * ) SI_UNIT ( $, .STERADIAN. ) SOLID_ANGLE_UNIT ( ) );
#9443 = DIRECTION ( 'NONE',  ( -1.000000000000000000, -0.0000000000000000000, -0.0000000000000000000 ) ) ;
#9444 = CARTESIAN_POINT ( 'NONE',  ( -18.00000000000026600, 25.66248407259706700, 1.249999999999998900 ) ) ;
#9445 = SURFACE_SIDE_STYLE ('',( #11321 ) ) ;
#9446 = EDGE_LOOP ( 'NONE', ( #516, #9359, #2112, #6206, #10463 ) ) ;
#9447 = DIRECTION ( 'NONE',  ( 0.0000000000000000000, 0.0000000000000000000, -1.000000000000000000 ) ) ;
#9448 = DIRECTION ( 'NONE',  ( 1.000000000000000000, -0.0000000000000000000, 0.0000000000000000000 ) ) ;
#9449 = CARTESIAN_POINT ( 'NONE',  ( -16.57292325035999900, 22.66957199247999500, -0.4513952491913000900 ) ) ;
#9450 =( GEOMETRIC_REPRESENTATION_CONTEXT ( 3 ) GLOBAL_UNCERTAINTY_ASSIGNED_CONTEXT ( ( #822 ) ) GLOBAL_UNIT_ASSIGNED_CONTEXT ( ( #10924, #5669, #472 ) ) REPRESENTATION_CONTEXT ( 'NONE', 'WORKASPACE' ) );
#9451 = ADVANCED_FACE ( 'NONE', ( #11237 ), #8208, .F. ) ;
#9452 = CARTESIAN_POINT ( 'NONE',  ( -19.21713047990267500, 27.55756694613238600, 0.3280322295809638400 ) ) ;
#9453 = ORIENTED_EDGE ( 'NONE', *, *, #6842, .T. ) ;
#9454 = FACE_OUTER_BOUND ( 'NONE', #6215, .T. ) ;
#9455 = CARTESIAN_POINT ( 'NONE',  ( -19.04761452358999900, 25.46578572432000300, 1.285713532856000100 ) ) ;
#9456 = PLANE ( 'NONE',  #3395 ) ;
#9457 = FACE_OUTER_BOUND ( 'NONE', #808, .T. ) ;
#9458 = CARTESIAN_POINT ( 'NONE',  ( -17.99999999999998900, 23.41190929099948500, -1.249999999999999300 ) ) ;
#9459 = CARTESIAN_POINT ( 'NONE',  ( -20.40000000000000600, 33.89999999999999900, -9.099999999999999600 ) ) ;
#9460 = FACE_OUTER_BOUND ( 'NONE', #82, .T. ) ;
#9461 =( LENGTH_UNIT ( ) NAMED_UNIT ( * ) SI_UNIT ( .MILLI., .METRE. ) );
#9462 = EDGE_CURVE ( 'NONE', #3484, #3397, #10386, .T. ) ;
#9463 = ADVANCED_FACE ( 'NONE', ( #3414 ), #3022, .T. ) ;
#9464 = AXIS2_PLACEMENT_3D ( 'NONE', #5368, #2549, #4803 ) ;
#9465 = CARTESIAN_POINT ( 'NONE',  ( -16.34877277447000000, 27.04741067608000500, 0.1549326888683999800 ) ) ;
#9466 = ORIENTED_EDGE ( 'NONE', *, *, #819, .F. ) ;
#9467 = AXIS2_PLACEMENT_3D ( 'NONE', #7048, #1838, #7918 ) ;
#9468 = FILL_AREA_STYLE ('',( #8621 ) ) ;
#9469 = CARTESIAN_POINT ( 'NONE',  ( -16.69641890591000400, 22.91914183127999700, 0.6831535879271999300 ) ) ;
#9470 = STYLED_ITEM ( 'NONE', ( #6540 ), #9263 ) ;
#9471 = TOROIDAL_SURFACE ( 'NONE', #1347, 17.10000000000000100, 1.399999999999999900 ) ;
#9472 = CARTESIAN_POINT ( 'NONE',  ( -17.17949470711377900, 28.71168249443739700, 0.9697859562101851500 ) ) ;
#9473 =( NAMED_UNIT ( * ) SI_UNIT ( $, .STERADIAN. ) SOLID_ANGLE_UNIT ( ) );
#9474 = ORIENTED_EDGE ( 'NONE', *, *, #8657, .F. ) ;
#9475 = CARTESIAN_POINT ( 'NONE',  ( -18.62604158061517600, 27.07934736252703400, -1.085008773722576900 ) ) ;
#9476 = CARTESIAN_POINT ( 'NONE',  ( -18.62605097515583100, 25.12074053240868200, 1.085003293321378900 ) ) ;
#9477 = DIRECTION ( 'NONE',  ( 0.0000000000000000000, 0.0000000000000000000, 1.000000000000000000 ) ) ;
#9478 = ORIENTED_EDGE ( 'NONE', *, *, #1861, .F. ) ;
#9479 = CARTESIAN_POINT ( 'NONE',  ( -9.195030275228985400, 16.03159132071172600, 9.233102542275519300 ) ) ;
#9480 =( NAMED_UNIT ( * ) SI_UNIT ( $, .STERADIAN. ) SOLID_ANGLE_UNIT ( ) );
#9481 = COLOUR_RGB ( '',1.000000000000000000, 1.000000000000000000, 0.9490196078431372100 ) ;
#9482 = CARTESIAN_POINT ( 'NONE',  ( -18.00000000000000400, 28.41093935102359700, -1.250000000000000000 ) ) ;
#9483 = DIRECTION ( 'NONE',  ( -1.000000000000000000, -0.0000000000000000000, -0.0000000000000000000 ) ) ;
#9484 = CARTESIAN_POINT ( 'NONE',  ( -19.60000000000000100, 28.89999999999999500, -8.299999999999998900 ) ) ;
#9485 = SURFACE_STYLE_USAGE ( .BOTH. , #3371 ) ;
#9486 = CARTESIAN_POINT ( 'NONE',  ( -17.37314035344644100, 22.49569556717179700, -1.093658614808362200 ) ) ;
#9487 = PRESENTATION_LAYER_ASSIGNMENT (  '', '', ( #8884 ) ) ;
#9488 = UNCERTAINTY_MEASURE_WITH_UNIT (LENGTH_MEASURE( 1.000000000000000100E-005 ), #7662, 'distance_accuracy_value', 'NONE');
#9490 = ORIENTED_EDGE ( 'NONE', *, *, #6476, .F. ) ;
#9489 = CARTESIAN_POINT ( 'NONE',  ( -3.669463182949590500, 29.00000000000000400, 14.37636480144143500 ) ) ;
#9491 = CARTESIAN_POINT ( 'NONE',  ( -19.30000000000000400, 33.89999999999999900, 8.599999999999999600 ) ) ;
#9492 = MECHANICAL_DESIGN_GEOMETRIC_PRESENTATION_REPRESENTATION (  '', ( #8290 ), #10060 ) ;
#9493 = CARTESIAN_POINT ( 'NONE',  ( -18.69267957476000700, 24.07849896060999800, 1.298544268008999800 ) ) ;
#9494 = LINE ( 'NONE', #3134, #7159 ) ;
#9495 = DIRECTION ( 'NONE',  ( -1.000000000000000000, -0.0000000000000000000, 0.0000000000000000000 ) ) ;
#9496 = CARTESIAN_POINT ( 'NONE',  ( -16.35152874893000400, 24.65382675407999700, -0.1792533411728000300 ) ) ;
#9497 = ORIENTED_EDGE ( 'NONE', *, *, #7067, .T. ) ;
#9498 = DIRECTION ( 'NONE',  ( -1.000000000000000000, -0.0000000000000000000, -0.0000000000000000000 ) ) ;
#9499 = CYLINDRICAL_SURFACE ( 'NONE', #1349, 1.250000000000000000 ) ;
#9500 = DIRECTION ( 'NONE',  ( 0.0000000000000000000, -1.000000000000000000, 0.0000000000000000000 ) ) ;
#9501 = MECHANICAL_DESIGN_GEOMETRIC_PRESENTATION_REPRESENTATION (  '', ( #8303 ), #10073 ) ;
#9502 = LINE ( 'NONE', #3176, #7172 ) ;
#9503 = ORIENTED_EDGE ( 'NONE', *, *, #11043, .F. ) ;
#9504 = EDGE_CURVE ( 'NONE', #9812, #6016, #7273, .T. ) ;
#9505 = ORIENTED_EDGE ( 'NONE', *, *, #4420, .T. ) ;
#9506 = CARTESIAN_POINT ( 'NONE',  ( -18.60791584287000000, 28.49797656576000500, 1.610424250974999700 ) ) ;
#9507 = CARTESIAN_POINT ( 'NONE',  ( -3.500000000000001300, 29.00000000000001100, 13.99999999999886700 ) ) ;
#9508 = ORIENTED_EDGE ( 'NONE', *, *, #9891, .T. ) ;
#9509 = CARTESIAN_POINT ( 'NONE',  ( -18.78669258420000100, 24.39052718173999800, 1.460000248737999900 ) ) ;
#9510 = CARTESIAN_POINT ( 'NONE',  ( -18.14557545107000500, 25.59043879845999600, -1.464523813012999800 ) ) ;
#9511 = VECTOR ( 'NONE', #3244, 1000.000000000000000 ) ;
#9512 = ADVANCED_FACE ( 'NONE', ( #7236 ), #10821, .T. ) ;
#9513 = CARTESIAN_POINT ( 'NONE',  ( -19.16897747749000300, 27.72748984058999600, -1.427698515136999600 ) ) ;
#9514 = VECTOR ( 'NONE', #127, 1000.000000000000000 ) ;
#9515 = CARTESIAN_POINT ( 'NONE',  ( -18.32737316739095200, 27.26698407316632700, 1.217478836922271300 ) ) ;
#9516 = LINE ( 'NONE', #8073, #9226 ) ;
#9517 = FILL_AREA_STYLE_COLOUR ( '', #1421 ) ;
#9518 = ORIENTED_EDGE ( 'NONE', *, *, #2244, .F. ) ;
#9519 = STYLED_ITEM ( 'NONE', ( #7457 ), #8380 ) ;
#9520 =( BOUNDED_SURFACE ( )  B_SPLINE_SURFACE ( 3, 3, ( 
 ( #8636, #826, #6907, #1707 ),
 ( #7791, #2569, #8675, #3438 ),
 ( #9566, #4311, #10434, #5214 ),
 ( #9, #6085, #863, #6945 ) ),
 .UNSPECIFIED., .F., .F., .T. ) 
 B_SPLINE_SURFACE_WITH_KNOTS ( ( 4, 4 ),
 ( 4, 4 ),
 ( 0.0000000000000000000, 1.000000000000000000 ),
 ( 0.0000000000000000000, 1.000000000000000000 ),
 .UNSPECIFIED. ) 
 GEOMETRIC_REPRESENTATION_ITEM ( )  RATIONAL_B_SPLINE_SURFACE ( (
 ( 1.000000000000000000, 0.3333333333333334300, 0.3333333333333334300, 1.000000000000000000),
 ( 0.8695484763366245800, 0.2898494921122082800, 0.2898494921122082800, 0.8695484763366245800),
 ( 0.8695484763366245800, 0.2898494921122082800, 0.2898494921122082800, 0.8695484763366245800),
 ( 1.000000000000000000, 0.3333333333333334300, 0.3333333333333334300, 1.000000000000000000) ) ) 
 REPRESENTATION_ITEM ( '' )  SURFACE ( )  );
#9521 = ORIENTED_EDGE ( 'NONE', *, *, #7407, .F. ) ;
#9522 = STYLED_ITEM ( 'NONE', ( #4419 ), #576 ) ;
#9523 = CARTESIAN_POINT ( 'NONE',  ( -9.399999999999652200, 39.89999999999989200, -3.149999999999966200 ) ) ;
#9524 = CYLINDRICAL_SURFACE ( 'NONE', #3150, 15.05000000000000100 ) ;
#9525 = DIRECTION ( 'NONE',  ( 0.0000000000000000000, 0.0000000000000000000, 1.000000000000000000 ) ) ;
#9526 = SURFACE_SIDE_STYLE ('',( #293 ) ) ;
#9527 = DIRECTION ( 'NONE',  ( 0.0000000000000000000, -1.000000000000000000, 0.0000000000000000000 ) ) ;
#9528 = CARTESIAN_POINT ( 'NONE',  ( -9.298000000000000000, 34.00000000000000000, 0.03119999999999999900 ) ) ;
#9529 = CARTESIAN_POINT ( 'NONE',  ( -3.000000000000002700, 15.88905490028545700, 9.669432991427919800 ) ) ;
#9530 = ADVANCED_FACE ( 'NONE', ( #4088 ), #2994, .F. ) ;
#9531 = CARTESIAN_POINT ( 'NONE',  ( -27.89573601964000500, 22.65538160275000100, 12.00000000000000000 ) ) ;
#9532 = CYLINDRICAL_SURFACE ( 'NONE', #6912, 10.50000000000000000 ) ;
#9533 = FILL_AREA_STYLE_COLOUR ( '', #2056 ) ;
#9534 = ORIENTED_EDGE ( 'NONE', *, *, #1385, .F. ) ;
#9535 = CARTESIAN_POINT ( 'NONE',  ( -16.59493731998000500, 23.26653999036999200, -0.4379738297122000600 ) ) ;
#9536 = DIRECTION ( 'NONE',  ( -1.000000000000000000, -0.0000000000000000000, -0.0000000000000000000 ) ) ;
#9537 = EDGE_CURVE ( 'NONE', #3511, #6671, #5340, .T. ) ;
#9538 = CARTESIAN_POINT ( 'NONE',  ( -17.85748854387000200, 26.12521210453000000, 1.464825134774000000 ) ) ;
#9539 = SURFACE_STYLE_FILL_AREA ( #8390 ) ;
#9540 = VERTEX_POINT ( 'NONE', #3135 ) ;
#9541 = DIRECTION ( 'NONE',  ( -1.000000000000000000, -0.0000000000000000000, -0.0000000000000000000 ) ) ;
#9542 = STYLED_ITEM ( 'NONE', ( #3329 ), #2963 ) ;
#9543 = EDGE_LOOP ( 'NONE', ( #55, #6162 ) ) ;
#9544 =( GEOMETRIC_REPRESENTATION_CONTEXT ( 3 ) GLOBAL_UNCERTAINTY_ASSIGNED_CONTEXT ( ( #1616 ) ) GLOBAL_UNIT_ASSIGNED_CONTEXT ( ( #10801, #5539, #335 ) ) REPRESENTATION_CONTEXT ( 'NONE', 'WORKASPACE' ) );
#9545 =( GEOMETRIC_REPRESENTATION_CONTEXT ( 3 ) GLOBAL_UNCERTAINTY_ASSIGNED_CONTEXT ( ( #7627 ) ) GLOBAL_UNIT_ASSIGNED_CONTEXT ( ( #2359, #8473, #3245 ) ) REPRESENTATION_CONTEXT ( 'NONE', 'WORKASPACE' ) );
#9546 = CARTESIAN_POINT ( 'NONE',  ( -9.400000000000005700, 36.90000000000000600, 0.0000000000000000000 ) ) ;
#9547 = CYLINDRICAL_SURFACE ( 'NONE', #3556, 18.50000000000000000 ) ;
#9548 = ADVANCED_FACE ( 'NONE', ( #971 ), #6675, .T. ) ;
#9549 = COLOUR_RGB ( '',1.000000000000000000, 1.000000000000000000, 0.9490196078431372100 ) ;
#9550 = CARTESIAN_POINT ( 'NONE',  ( -16.57352497643000400, 27.70683705629000200, -1.170470163044000200 ) ) ;
#9551 = CARTESIAN_POINT ( 'NONE',  ( -3.535533905932551700, 29.00000000000020600, 14.79289321881305400 ) ) ;
#9552 = CARTESIAN_POINT ( 'NONE',  ( -16.41460795271999700, 23.57856821148999400, -0.4869163532775999700 ) ) ;
#9553 = CARTESIAN_POINT ( 'NONE',  ( -16.90761503902648100, 23.87055018697317300, 0.6290420559088747400 ) ) ;
#9554 = CARTESIAN_POINT ( 'NONE',  ( -18.93923414361000100, 26.27748100404999900, 1.133203416215000000 ) ) ;
#9555 = ORIENTED_EDGE ( 'NONE', *, *, #5313, .F. ) ;
#9556 = CARTESIAN_POINT ( 'NONE',  ( -18.17045579661000300, 26.91553087035000000, 1.837328554175000000 ) ) ;
#9557 = EDGE_CURVE ( 'NONE', #10238, #8687, #733, .T. ) ;
#9558 = LINE ( 'NONE', #9910, #2849 ) ;
#9559 = CARTESIAN_POINT ( 'NONE',  ( -28.00000000000000400, 18.89444362769117800, -2.000000000000063500 ) ) ;
#9560 =( GEOMETRIC_REPRESENTATION_CONTEXT ( 3 ) GLOBAL_UNCERTAINTY_ASSIGNED_CONTEXT ( ( #3529 ) ) GLOBAL_UNIT_ASSIGNED_CONTEXT ( ( #5620, #431, #6498 ) ) REPRESENTATION_CONTEXT ( 'NONE', 'WORKASPACE' ) );
#9561 = CARTESIAN_POINT ( 'NONE',  ( -1.500000000000001300, 0.0000000000000000000, 0.0000000000000000000 ) ) ;
#9562 = STYLED_ITEM ( 'NONE', ( #10519 ), #9718 ) ;
#9563 = PRESENTATION_STYLE_ASSIGNMENT (( #4270 ) ) ;
#9564 = VERTEX_POINT ( 'NONE', #3171 ) ;
#9565 = FILL_AREA_STYLE_COLOUR ( '', #5208 ) ;
#9566 = CARTESIAN_POINT ( 'NONE',  ( -1.444020278706814200, -16.78820545322528800, -2.055962207172049200E-015 ) ) ;
#9567 = CARTESIAN_POINT ( 'NONE',  ( -19.00008244744136500, 27.08990917479180600, 0.7676993027523541000 ) ) ;
#9568 = SURFACE_SIDE_STYLE ('',( #9374 ) ) ;
#9569 = DIRECTION ( 'NONE',  ( 0.0000000000000000000, 1.000000000000000000, 0.0000000000000000000 ) ) ;
#9570 = SURFACE_STYLE_FILL_AREA ( #5682 ) ;
#9571 = CARTESIAN_POINT ( 'NONE',  ( -19.24992107076034400, 24.02620797263877300, -0.1644016981236317600 ) ) ;
#9572 = CARTESIAN_POINT ( 'NONE',  ( -17.63171303040000400, 24.73792534082999600, 1.231184904715000100 ) ) ;
#9573 = CARTESIAN_POINT ( 'NONE',  ( -17.07273178231000100, 25.02831335752999600, -1.142889264479000100 ) ) ;
#9574 = CIRCLE ( 'NONE', #5735, 0.3000000000000016500 ) ;
#9575 = ADVANCED_FACE ( 'NONE', ( #7641 ), #5860, .T. ) ;
#9576 = PRESENTATION_STYLE_ASSIGNMENT (( #539 ) ) ;
#9577 = MECHANICAL_DESIGN_GEOMETRIC_PRESENTATION_REPRESENTATION (  '', ( #7801 ), #10145 ) ;
#9578 = ORIENTED_EDGE ( 'NONE', *, *, #6956, .F. ) ;
#9579 = CIRCLE ( 'NONE', #7414, 16.99999999999999600 ) ;
#9580 = AXIS2_PLACEMENT_3D ( 'NONE', #8246, #3021, #9123 ) ;
#9581 = EDGE_CURVE ( 'NONE', #6607, #9699, #6004, .T. ) ;
#9582 = CARTESIAN_POINT ( 'NONE',  ( -17.07273178231000100, 25.31325313428999400, -1.142889264479000100 ) ) ;
#9583 = FILL_AREA_STYLE ('',( #3454 ) ) ;
#9584 = DIRECTION ( 'NONE',  ( 0.0000000000000000000, -1.000000000000000000, 0.0000000000000000000 ) ) ;
#9585 = VERTEX_POINT ( 'NONE', #4160 ) ;
#9586 = CIRCLE ( 'NONE', #8867, 9.500000000000000000 ) ;
#9587 = CARTESIAN_POINT ( 'NONE',  ( -19.83750520506000800, 26.89487808605000700, -0.1685339095368000000 ) ) ;
#9588 = FILL_AREA_STYLE_COLOUR ( '', #9154 ) ;
#9589 = CARTESIAN_POINT ( 'NONE',  ( -19.47058137127000400, 22.76660924124999500, -0.7667309690172000600 ) ) ;
#9590 = CARTESIAN_POINT ( 'NONE',  ( -20.10000000000000500, 28.89999999999999900, 9.399999999999998600 ) ) ;
#9591 = CARTESIAN_POINT ( 'NONE',  ( -17.86338466013000200, 26.33993938637999900, 1.465127144569000000 ) ) ;
#9592 = STYLED_ITEM ( 'NONE', ( #10358 ), #8088 ) ;
#9593 = CARTESIAN_POINT ( 'NONE',  ( -19.64962623865000100, 28.38691622081000100, -0.1722067616980000300 ) ) ;
#9594 = SURFACE_STYLE_USAGE ( .BOTH. , #2633 ) ;
#9595 = EDGE_CURVE ( 'NONE', #10377, #2970, #3683, .T. ) ;
#9596 = CARTESIAN_POINT ( 'NONE',  ( -16.78223154104443200, 24.93360978991947600, -0.3260758588491309300 ) ) ;
#9597 = ORIENTED_EDGE ( 'NONE', *, *, #9891, .F. ) ;
#9598 = SURFACE_STYLE_FILL_AREA ( #10293 ) ;
#9599 = LINE ( 'NONE', #1999, #7260 ) ;
#9600 = CARTESIAN_POINT ( 'NONE',  ( -15.90000000000000400, 33.89999999999999900, -9.400000000000000400 ) ) ;
#9601 = CARTESIAN_POINT ( 'NONE',  ( -17.83483694742880800, 25.79769330374983100, 1.250001106942330700 ) ) ;
#9602 = CARTESIAN_POINT ( 'NONE',  ( -19.01036748189022400, 28.61329775262687400, -0.7437572845958752000 ) ) ;
#9603 = SURFACE_SIDE_STYLE ('',( #3899 ) ) ;
#9604 = DIRECTION ( 'NONE',  ( -0.0000000000000000000, -0.0000000000000000000, -1.000000000000000000 ) ) ;
#9605 = EDGE_LOOP ( 'NONE', ( #5113, #7143 ) ) ;
#9606 = CIRCLE ( 'NONE', #4185, 1.000000000000000000 ) ;
#9607 = CARTESIAN_POINT ( 'NONE',  ( -17.39758266775000500, 23.92596637058999700, -1.135044029676000300 ) ) ;
#9608 = CYLINDRICAL_SURFACE ( 'NONE', #8341, 1.250000000000000000 ) ;
#9609 = AXIS2_PLACEMENT_3D ( 'NONE', #10805, #376, #9958 ) ;
#9610 = ORIENTED_EDGE ( 'NONE', *, *, #7564, .T. ) ;
#9611 = DIRECTION ( 'NONE',  ( 0.0000000000000000000, -1.000000000000000000, 0.0000000000000000000 ) ) ;
#9612 = ORIENTED_EDGE ( 'NONE', *, *, #1049, .F. ) ;
#9613 = CARTESIAN_POINT ( 'NONE',  ( -17.30175051168000200, 26.76381902397999800, 0.9743813695649997700 ) ) ;
#9614 = CARTESIAN_POINT ( 'NONE',  ( -18.00000000000000400, 28.41093935102359700, 1.250000000000000000 ) ) ;
#9615 = CARTESIAN_POINT ( 'NONE',  ( -16.81406870011386800, 24.31377768781229400, -0.4034072423525093000 ) ) ;
#9616 = CYLINDRICAL_SURFACE ( 'NONE', #11089, 17.20000000223977600 ) ;
#9617 = DIRECTION ( 'NONE',  ( 0.0000000000000000000, 0.0000000000000000000, -1.000000000000000000 ) ) ;
#9618 = CYLINDRICAL_SURFACE ( 'NONE', #3309, 0.9999999999999974500 ) ;
#9619 = LINE ( 'NONE', #7634, #348 ) ;
#9620 = CIRCLE ( 'NONE', #1062, 16.30043030675197700 ) ;
#9621 = EDGE_CURVE ( 'NONE', #8101, #10173, #8300, .T. ) ;
#9622 = EDGE_LOOP ( 'NONE', ( #5602, #3581, #1991, #5728 ) ) ;
#9623 = PRESENTATION_LAYER_ASSIGNMENT (  '', '', ( #10201 ) ) ;
#9624 = ORIENTED_EDGE ( 'NONE', *, *, #5157, .F. ) ;
#9625 = CARTESIAN_POINT ( 'NONE',  ( -3.500000000000003100, 28.49999999999999600, 14.00000000000000200 ) ) ;
#9626 = SURFACE_STYLE_FILL_AREA ( #6434 ) ;
#9627 = PRODUCT_RELATED_PRODUCT_CATEGORY ( 'part', '', ( #2380 ) ) ;
#9628 = CARTESIAN_POINT ( 'NONE',  ( -17.12813831041000500, 24.23799459171000200, -1.626249991273000200 ) ) ;
#9629 = AXIS2_PLACEMENT_3D ( 'NONE', #4596, #10733, #5481 ) ;
#9630 = CARTESIAN_POINT ( 'NONE',  ( -17.20027976590000300, 26.38157830792999900, 1.115980047254999900 ) ) ;
#9631 = CARTESIAN_POINT ( 'NONE',  ( -16.94664255541999900, 27.57495725057000200, 1.281012713682000000 ) ) ;
#9632 = ORIENTED_EDGE ( 'NONE', *, *, #3539, .F. ) ;
#9633 = DIRECTION ( 'NONE',  ( -0.0000000000000000000, 0.0000000000000000000, 1.000000000000000000 ) ) ;
#9634 = UNCERTAINTY_MEASURE_WITH_UNIT (LENGTH_MEASURE( 1.000000000000000100E-005 ), #2987, 'distance_accuracy_value', 'NONE');
#9635 = VERTEX_POINT ( 'NONE', #1590 ) ;
#9636 = CARTESIAN_POINT ( 'NONE',  ( -1.500000000000001300, 16.30043030675197700, 0.0000000000000000000 ) ) ;
#9637 = CARTESIAN_POINT ( 'NONE',  ( -16.74989369226349800, 25.92250920280680800, -0.1622035152423786400 ) ) ;
#9638 = SURFACE_STYLE_FILL_AREA ( #5181 ) ;
#9639 = FILL_AREA_STYLE ('',( #7861 ) ) ;
#9640 = CARTESIAN_POINT ( 'NONE',  ( -50.00000000000000000, 13.91563060015608100, 9.764999999999986400 ) ) ;
#9641 = CARTESIAN_POINT ( 'NONE',  ( -8.574635287490140800, 14.13790566520012600, 9.441598024397812600 ) ) ;
#9642 = CIRCLE ( 'NONE', #6211, 17.20000000223977600 ) ;
#9643 = CARTESIAN_POINT ( 'NONE',  ( -16.69999999999995000, 38.89999999999999100, 8.300000000000000700 ) ) ;
#9644 = ADVANCED_FACE ( 'NONE', ( #10668 ), #2583, .F. ) ;
#9645 = CARTESIAN_POINT ( 'NONE',  ( -19.30000000000000400, 28.89999999999999500, 8.300000000000000700 ) ) ;
#9646 = ORIENTED_EDGE ( 'NONE', *, *, #1735, .F. ) ;
#9647 = EDGE_CURVE ( 'NONE', #8140, #10543, #4916, .T. ) ;
#9648 = VERTEX_POINT ( 'NONE', #8564 ) ;
#9649 = CARTESIAN_POINT ( 'NONE',  ( -19.22598360620000300, 23.11400740034999800, 0.3849621045008000400 ) ) ;
#9650 = VECTOR ( 'NONE', #556, 1000.000000000000000 ) ;
#9651 = ORIENTED_EDGE ( 'NONE', *, *, #8594, .F. ) ;
#9652 = VERTEX_POINT ( 'NONE', #9484 ) ;
#9653 = CARTESIAN_POINT ( 'NONE',  ( -18.12710442963000200, 25.97267951451000200, -1.278700924979000200 ) ) ;
#9654 =( LENGTH_UNIT ( ) NAMED_UNIT ( * ) SI_UNIT ( .MILLI., .METRE. ) );
#9655 = EDGE_LOOP ( 'NONE', ( #9534, #3629, #7838, #6456 ) ) ;
#9656 = SURFACE_SIDE_STYLE ('',( #1219 ) ) ;
#9657 = MECHANICAL_DESIGN_GEOMETRIC_PRESENTATION_REPRESENTATION (  '', ( #8470 ), #10229 ) ;
#9658 = CARTESIAN_POINT ( 'NONE',  ( -33.00000000000046200, 28.49999999999999600, 13.99999999999999800 ) ) ;
#9659 = EDGE_CURVE ( 'NONE', #8967, #123, #7224, .T. ) ;
#9660 = ORIENTED_EDGE ( 'NONE', *, *, #3016, .T. ) ;
#9661 = DIRECTION ( 'NONE',  ( 0.0000000000000000000, -1.000000000000000000, 0.0000000000000000000 ) ) ;
#9662 = FILL_AREA_STYLE ('',( #5278 ) ) ;
#9663 = CARTESIAN_POINT ( 'NONE',  ( -19.76276413845000600, 23.42603562147000300, 0.5454300940363000500 ) ) ;
#9664 = SURFACE_SIDE_STYLE ('',( #3320 ) ) ;
#9665 = UNCERTAINTY_MEASURE_WITH_UNIT (LENGTH_MEASURE( 1.000000000000000100E-005 ), #8350, 'distance_accuracy_value', 'NONE');
#9667 = COLOUR_RGB ( '',1.000000000000000000, 1.000000000000000000, 0.9490196078431372100 ) ;
#9666 = CARTESIAN_POINT ( 'NONE',  ( -17.85024154931000200, 26.76299828032999500, -1.651704555966999800 ) ) ;
#9668 = SURFACE_STYLE_USAGE ( .BOTH. , #3548 ) ;
#9669 = B_SPLINE_CURVE_WITH_KNOTS ( 'NONE', 3,
 ( #3087, #8301, #3963, #10071, #4854, #10978, #5724, #528, #6585, #1389, #7473, #2239, #8346, #3122, #9232, #4001, #10112, #4894, #11014, #5766 ),
 .UNSPECIFIED., .F., .F.,
 ( 4, 2, 2, 2, 2, 2, 2, 2, 2, 4 ),
 ( -0.01174581469122470800, -0.01125640259250101700, -0.01101169654313917400, -0.01076699049377732900, -0.01027757839505364000, -0.009788166296329951100, -0.009298754197606260600, -0.008809342098882571800, -0.008319930000158881300, -0.007830517901435192500 ),
 .UNSPECIFIED. ) ;
#9670 = ADVANCED_FACE ( 'NONE', ( #569 ), #9520, .F. ) ;
#9671 = ORIENTED_EDGE ( 'NONE', *, *, #11058, .F. ) ;
#9672 = SURFACE_SIDE_STYLE ('',( #518 ) ) ;
#9673 = SURFACE_STYLE_USAGE ( .BOTH. , #3552 ) ;
#9674 = DIRECTION ( 'NONE',  ( 0.0000000000000000000, 0.0000000000000000000, 1.000000000000000000 ) ) ;
#9675 = DIRECTION ( 'NONE',  ( -0.0000000000000000000, -0.0000000000000000000, 1.000000000000000000 ) ) ;
#9676 = CARTESIAN_POINT ( 'NONE',  ( -15.22862104406827700, 16.69747816818111400, 3.208402737217834800 ) ) ;
#9677 = FILL_AREA_STYLE_COLOUR ( '', #3580 ) ;
#9678 = SURFACE_SIDE_STYLE ('',( #3537 ) ) ;
#9679 = UNCERTAINTY_MEASURE_WITH_UNIT (LENGTH_MEASURE( 1.000000000000000100E-005 ), #169, 'distance_accuracy_value', 'NONE');
#9680 = ORIENTED_EDGE ( 'NONE', *, *, #2039, .T. ) ;
#9681 = LINE ( 'NONE', #10428, #2979 ) ;
#9682 = CARTESIAN_POINT ( 'NONE',  ( -19.60000000000000100, 38.89999999999999900, 0.0000000000000000000 ) ) ;
#9683 = DIRECTION ( 'NONE',  ( 0.0000000000000000000, -1.000000000000000000, 0.0000000000000000000 ) ) ;
#9684 = EDGE_CURVE ( 'NONE', #3920, #9940, #8449, .T. ) ;
#9685 = CARTESIAN_POINT ( 'NONE',  ( -18.80752428876000700, 25.16072054426999600, 0.9995673967792999500 ) ) ;
#9686 = CARTESIAN_POINT ( 'NONE',  ( -19.34215532061149600, 26.90520447819863700, 1.115450190150144300 ) ) ;
#9687 = DIRECTION ( 'NONE',  ( 1.000000000000000000, -0.0000000000000000000, -0.0000000000000000000 ) ) ;
#9688 = STYLED_ITEM ( 'NONE', ( #4538 ), #3202 ) ;
#9689 = AXIS2_PLACEMENT_3D ( 'NONE', #1655, #7745, #2519 ) ;
#9690 = CARTESIAN_POINT ( 'NONE',  ( -17.44575952571661800, 27.82442794889507100, 1.123402094843900300 ) ) ;
#9691 = PRESENTATION_LAYER_ASSIGNMENT (  '', '', ( #10264 ) ) ;
#9692 = SURFACE_STYLE_FILL_AREA ( #980 ) ;
#9693 = ORIENTED_EDGE ( 'NONE', *, *, #6281, .T. ) ;
#9694 =( NAMED_UNIT ( * ) PLANE_ANGLE_UNIT ( ) SI_UNIT ( $, .RADIAN. ) );
#9695 = CARTESIAN_POINT ( 'NONE',  ( -3.000000000000002700, 15.76954587281173500, -9.863134540565008400 ) ) ;
#9696 = CARTESIAN_POINT ( 'NONE',  ( -16.41223972677000000, 22.67653503356000000, -0.5022206719942000600 ) ) ;
#9697 = CARTESIAN_POINT ( 'NONE',  ( -33.00000000000184700, 28.49999999999999300, 13.99999999999999800 ) ) ;
#9698 = CARTESIAN_POINT ( 'NONE',  ( -16.53589705834000200, 28.23438363077999500, 0.1497441137361999700 ) ) ;
#9699 = VERTEX_POINT ( 'NONE', #8713 ) ;
#9700 = DIRECTION ( 'NONE',  ( -1.000000000000000000, 0.0000000000000000000, 0.0000000000000000000 ) ) ;
#9701 = PRESENTATION_LAYER_ASSIGNMENT (  '', '', ( #9100 ) ) ;
#9702 = PRESENTATION_LAYER_ASSIGNMENT (  '', '', ( #10279 ) ) ;
#9703 = CARTESIAN_POINT ( 'NONE',  ( -32.22133580639049200, 28.99999999999999600, -14.44967283202884900 ) ) ;
#9704 = DIRECTION ( 'NONE',  ( 0.0000000000000000000, 0.0000000000000000000, 1.000000000000000000 ) ) ;
#9705 = DIRECTION ( 'NONE',  ( 0.0000000000000000000, -1.000000000000000000, 3.469446951953611000E-015 ) ) ;
#9706 =( LENGTH_UNIT ( ) NAMED_UNIT ( * ) SI_UNIT ( .MILLI., .METRE. ) );
#9707 = CARTESIAN_POINT ( 'NONE',  ( -14.75133364225972200, 16.43736247122344100, -4.379677982689428500 ) ) ;
#9708 = VERTEX_POINT ( 'NONE', #3477 ) ;
#9709 = CARTESIAN_POINT ( 'NONE',  ( -16.98303979486525600, 24.73491258943261100, 0.7819150782687291900 ) ) ;
#9710 = CARTESIAN_POINT ( 'NONE',  ( -32.00000000000000000, 29.00000000000000400, 14.50000000000000000 ) ) ;
#9711 = DIRECTION ( 'NONE',  ( 0.0000000000000000000, 1.000000000000000000, 0.0000000000000000000 ) ) ;
#9712 = MECHANICAL_DESIGN_GEOMETRIC_PRESENTATION_REPRESENTATION (  '', ( #8542 ), #10295 ) ;
#9713 = EDGE_CURVE ( 'NONE', #4186, #8685, #6139, .T. ) ;
#9714 = ORIENTED_EDGE ( 'NONE', *, *, #5015, .T. ) ;
#9715 = COLOUR_RGB ( '',1.000000000000000000, 1.000000000000000000, 0.9490196078431372100 ) ;
#9716 = DIRECTION ( 'NONE',  ( 0.0000000000000000000, 0.0000000000000000000, 1.000000000000000000 ) ) ;
#9717 = CARTESIAN_POINT ( 'NONE',  ( -3.000000000000002700, 1.235171079313854300E-008, 1.136543937106432600E-011 ) ) ;
#9718 = ADVANCED_FACE ( 'NONE', ( #10808 ), #7358, .F. ) ;
#9719 = CARTESIAN_POINT ( 'NONE',  ( -17.82788433542999900, 27.71716344843863300, -1.736659388499896200 ) ) ;
#9720 =( LENGTH_UNIT ( ) NAMED_UNIT ( * ) SI_UNIT ( .MILLI., .METRE. ) );
#9721 = UNCERTAINTY_MEASURE_WITH_UNIT (LENGTH_MEASURE( 1.000000000000000100E-005 ), #7059, 'distance_accuracy_value', 'NONE');
#9722 = CARTESIAN_POINT ( 'NONE',  ( -17.36948142636587600, 27.99664184882781000, -1.091729984912064700 ) ) ;
#9723 = CARTESIAN_POINT ( 'NONE',  ( -46.50000000000000000, 0.0000000000000000000, 0.0000000000000000000 ) ) ;
#9724 = DIRECTION ( 'NONE',  ( 0.0000000000000000000, -1.000000000000000000, 0.0000000000000000000 ) ) ;
#9725 = FILL_AREA_STYLE_COLOUR ( '', #36 ) ;
#9726 = CARTESIAN_POINT ( 'NONE',  ( -0.05597972129318764400, 16.78820545322529500, 0.0000000000000000000 ) ) ;
#9727 = CARTESIAN_POINT ( 'NONE',  ( -17.86639840668000200, 28.84057252380000200, 1.321498620156999800 ) ) ;
#9728 = ORIENTED_EDGE ( 'NONE', *, *, #9423, .F. ) ;
#9729 = COLOUR_RGB ( '',0.0000000000000000000, 0.0000000000000000000, 0.0000000000000000000 ) ;
#9730 = FILL_AREA_STYLE ('',( #8842 ) ) ;
#9731 = CARTESIAN_POINT ( 'NONE',  ( -19.24989499050478200, 25.54828732207976600, 0.1637788120502141300 ) ) ;
#9732 = CARTESIAN_POINT ( 'NONE',  ( -32.58578643762899000, 28.79289321881439200, 15.00000000000074300 ) ) ;
#9733 = PRESENTATION_LAYER_ASSIGNMENT (  '', '', ( #8558 ) ) ;
#9734 = CARTESIAN_POINT ( 'NONE',  ( -18.93712933243000400, 27.42242466053999600, -1.134817529442000400 ) ) ;
#9735 =( GEOMETRIC_REPRESENTATION_CONTEXT ( 3 ) GLOBAL_UNCERTAINTY_ASSIGNED_CONTEXT ( ( #9737 ) ) GLOBAL_UNIT_ASSIGNED_CONTEXT ( ( #4234, #10359, #5137 ) ) REPRESENTATION_CONTEXT ( 'NONE', 'WORKASPACE' ) );
#9736 = CARTESIAN_POINT ( 'NONE',  ( -17.23813391513935000, 28.34096052070142900, 0.9943494385863050900 ) ) ;
#9737 = UNCERTAINTY_MEASURE_WITH_UNIT (LENGTH_MEASURE( 1.000000000000000100E-005 ), #4234, 'distance_accuracy_value', 'NONE');
#9738 = ORIENTED_EDGE ( 'NONE', *, *, #6104, .F. ) ;
#9739 = PLANE ( 'NONE',  #4479 ) ;
#9740 = FILL_AREA_STYLE ('',( #1846 ) ) ;
#9741 = CARTESIAN_POINT ( 'NONE',  ( -17.90728401566973100, 24.90634890400688300, -1.249999999999980500 ) ) ;
#9742 = DIRECTION ( 'NONE',  ( 1.000000000000000000, -0.0000000000000000000, -0.0000000000000000000 ) ) ;
#9743 = SURFACE_SIDE_STYLE ('',( #9345 ) ) ;
#9744 = CARTESIAN_POINT ( 'NONE',  ( -9.201935081560202800, 14.27606880874684400, -9.230760398998670600 ) ) ;
#9746 = EDGE_LOOP ( 'NONE', ( #4227, #1660, #5473, #710, #1650, #6006, #5466, #7495 ) ) ;
#9745 = FILL_AREA_STYLE_COLOUR ( '', #3612 ) ;
#9747 = DIRECTION ( 'NONE',  ( 0.0000000000000000000, 0.0000000000000000000, -1.000000000000000000 ) ) ;
#9748 = ORIENTED_EDGE ( 'NONE', *, *, #5476, .T. ) ;
#9749 = EDGE_CURVE ( 'NONE', #8374, #1321, #698, .T. ) ;
#9750 = CARTESIAN_POINT ( 'NONE',  ( -1.517883041479706200E-015, 16.30043030675196600, 32.60086061350395400 ) ) ;
#9751 = MECHANICAL_DESIGN_GEOMETRIC_PRESENTATION_REPRESENTATION (  '', ( #8576 ), #10330 ) ;
#9752 = AXIS2_PLACEMENT_3D ( 'NONE', #8817, #3588, #9704 ) ;
#9753 = PRESENTATION_LAYER_ASSIGNMENT (  '', '', ( #9149 ) ) ;
#9754 = DIRECTION ( 'NONE',  ( -1.000000000000000000, -0.0000000000000000000, -0.0000000000000000000 ) ) ;
#9755 = CARTESIAN_POINT ( 'NONE',  ( -20.10000000000000500, 28.89999999999999500, 9.099999999999999600 ) ) ;
#9756 = FILL_AREA_STYLE_COLOUR ( '', #773 ) ;
#9757 = ORIENTED_EDGE ( 'NONE', *, *, #4940, .T. ) ;
#9758 = CARTESIAN_POINT ( 'NONE',  ( -18.87356578579625900, 28.42825149585890500, 1.310181582379960500 ) ) ;
#9759 = CARTESIAN_POINT ( 'NONE',  ( -1.195978250521093000, 15.11695286011187800, -30.23390572022374900 ) ) ;
#9760 = CARTESIAN_POINT ( 'NONE',  ( -3.000000000000002700, 0.0000000000000000000, -16.70000000000000600 ) ) ;
#9761 = PRESENTATION_STYLE_ASSIGNMENT (( #5255 ) ) ;
#9762 = EDGE_CURVE ( 'NONE', #3365, #1957, #5325, .T. ) ;
#9763 = STYLED_ITEM ( 'NONE', ( #2046 ), #4616 ) ;
#9764 = UNCERTAINTY_MEASURE_WITH_UNIT (LENGTH_MEASURE( 1.000000000000000100E-005 ), #2367, 'distance_accuracy_value', 'NONE');
#9765 = CARTESIAN_POINT ( 'NONE',  ( -19.20919206430000200, 28.86716183616999800, 1.204015434273000300 ) ) ;
#9766 = DIRECTION ( 'NONE',  ( -0.0000000000000000000, -1.000000000000000000, -0.0000000000000000000 ) ) ;
#9767 = VERTEX_POINT ( 'NONE', #10556 ) ;
#9768 = CARTESIAN_POINT ( 'NONE',  ( -15.90000000000000400, 28.89999999999999900, -9.400000000000002100 ) ) ;
#9769 = CARTESIAN_POINT ( 'NONE',  ( -17.77101902748000500, 26.63128515108000000, 1.353710320903000100 ) ) ;
#9770 = CARTESIAN_POINT ( 'NONE',  ( -17.83488041911356000, 28.52763578660600200, -1.250000000001729100 ) ) ;
#9771 = ORIENTED_EDGE ( 'NONE', *, *, #6439, .F. ) ;
#9772 = ADVANCED_FACE ( 'NONE', ( #417 ), #6257, .T. ) ;
#9773 = VERTEX_POINT ( 'NONE', #10595 ) ;
#9774 = FACE_OUTER_BOUND ( 'NONE', #3481, .T. ) ;
#9775 = CARTESIAN_POINT ( 'NONE',  ( -18.00000000000000400, 28.41093935102359700, 0.0000000000000000000 ) ) ;
#9776 = CARTESIAN_POINT ( 'NONE',  ( -16.39999999999999900, 38.89999999999999100, 8.299999999999998900 ) ) ;
#9777 = CARTESIAN_POINT ( 'NONE',  ( -16.74297118971978900, 24.79586742673625500, -0.1283316447071737600 ) ) ;
#9778 = CARTESIAN_POINT ( 'NONE',  ( -50.00000000000000000, 15.71288563568131600, 9.764999999999986400 ) ) ;
#9779 = CARTESIAN_POINT ( 'NONE',  ( -18.00000000000001100, 28.83481904910013700, -1.384827457847554600 ) ) ;
#9780 =( NAMED_UNIT ( * ) SI_UNIT ( $, .STERADIAN. ) SOLID_ANGLE_UNIT ( ) );
#9781 = MECHANICAL_DESIGN_GEOMETRIC_PRESENTATION_REPRESENTATION (  '', ( #7428 ), #10366 ) ;
#9782 = VECTOR ( 'NONE', #7871, 1000.000000000000000 ) ;
#9783 = FILL_AREA_STYLE ('',( #1929 ) ) ;
#9784 = AXIS2_PLACEMENT_3D ( 'NONE', #4522, #5416, #8903 ) ;
#9785 = EDGE_CURVE ( 'NONE', #8876, #9773, #1906, .T. ) ;
#9786 = ORIENTED_EDGE ( 'NONE', *, *, #4370, .T. ) ;
#9787 = CARTESIAN_POINT ( 'NONE',  ( -0.6470537030290048900, 17.20000000223977600, 4.212784989615481300E-015 ) ) ;
#9788 = VERTEX_POINT ( 'NONE', #1024 ) ;
#9789 = SURFACE_STYLE_FILL_AREA ( #5899 ) ;
#9790 = DIRECTION ( 'NONE',  ( 0.0000000000000000000, 0.0000000000000000000, 1.000000000000000000 ) ) ;
#9791 = CARTESIAN_POINT ( 'NONE',  ( -50.00000000000000000, 0.0000000000000000000, 0.0000000000000000000 ) ) ;
#9792 = VERTEX_POINT ( 'NONE', #4466 ) ;
#9793 = CARTESIAN_POINT ( 'NONE',  ( -30.50000000000000700, 22.50000000000000000, -2.000000000000000000 ) ) ;
#9794 = VERTEX_POINT ( 'NONE', #8854 ) ;
#9795 = CARTESIAN_POINT ( 'NONE',  ( -18.75338173597846100, 28.30369763725679300, 1.129868614354863500 ) ) ;
#9796 = PRESENTATION_LAYER_ASSIGNMENT (  '', '', ( #8626 ) ) ;
#9797 = UNCERTAINTY_MEASURE_WITH_UNIT (LENGTH_MEASURE( 1.000000000000000100E-005 ), #3258, 'distance_accuracy_value', 'NONE');
#9798 = DIRECTION ( 'NONE',  ( 0.0000000000000000000, 1.000000000000000000, 4.425737361080988700E-013 ) ) ;
#9799 = EDGE_CURVE ( 'NONE', #1187, #7080, #10654, .T. ) ;
#9800 = ADVANCED_FACE ( 'NONE', ( #8586 ), #7482, .F. ) ;
#9801 = CARTESIAN_POINT ( 'NONE',  ( -32.99999999999506200, 28.49999999999999600, -14.58578643762614200 ) ) ;
#9802 = CARTESIAN_POINT ( 'NONE',  ( -1.517883041479706200E-015, -16.30043030675197700, -1.996226979988831600E-015 ) ) ;
#9803 = CARTESIAN_POINT ( 'NONE',  ( -19.03531948118000400, 28.82303952164999900, -1.592173768007000100 ) ) ;
#9804 = CARTESIAN_POINT ( 'NONE',  ( -19.21777823337421500, 26.68413614043545900, 0.3260536287099139500 ) ) ;
#9805 = ORIENTED_EDGE ( 'NONE', *, *, #689, .F. ) ;
#9806 = CARTESIAN_POINT ( 'NONE',  ( -19.27860460672999900, 28.08185104075999700, -0.1280697349166000100 ) ) ;
#9807 = SURFACE_SIDE_STYLE ('',( #3386 ) ) ;
#9808 = CARTESIAN_POINT ( 'NONE',  ( -17.11961644347169600, 22.47583507941661900, -0.8873695923309412600 ) ) ;
#9809 = SURFACE_STYLE_FILL_AREA ( #7178 ) ;
#9810 =( NAMED_UNIT ( * ) SI_UNIT ( $, .STERADIAN. ) SOLID_ANGLE_UNIT ( ) );
#9811 =( GEOMETRIC_REPRESENTATION_CONTEXT ( 3 ) GLOBAL_UNCERTAINTY_ASSIGNED_CONTEXT ( ( #11090 ) ) GLOBAL_UNIT_ASSIGNED_CONTEXT ( ( #7836, #2616, #8721 ) ) REPRESENTATION_CONTEXT ( 'NONE', 'WORKASPACE' ) );
#9812 = VERTEX_POINT ( 'NONE', #4543 ) ;
#9813 = SURFACE_STYLE_FILL_AREA ( #2831 ) ;
#9814 = FILL_AREA_STYLE_COLOUR ( '', #2461 ) ;
#9815 =( GEOMETRIC_REPRESENTATION_CONTEXT ( 3 ) GLOBAL_UNCERTAINTY_ASSIGNED_CONTEXT ( ( #2033 ) ) GLOBAL_UNIT_ASSIGNED_CONTEXT ( ( #9817, #4585, #10717 ) ) REPRESENTATION_CONTEXT ( 'NONE', 'WORKASPACE' ) );
#9816 = DIRECTION ( 'NONE',  ( 0.0000000000000000000, 0.0000000000000000000, -1.000000000000000000 ) ) ;
#9817 =( LENGTH_UNIT ( ) NAMED_UNIT ( * ) SI_UNIT ( .MILLI., .METRE. ) );
#9818 = CARTESIAN_POINT ( 'NONE',  ( 0.0000000000000000000, 16.30043030675197700, 0.0000000000000000000 ) ) ;
#9819 = SURFACE_STYLE_USAGE ( .BOTH. , #3719 ) ;
#9820 = ORIENTED_EDGE ( 'NONE', *, *, #5283, .F. ) ;
#9821 = DIRECTION ( 'NONE',  ( 0.0000000000000000000, 0.0000000000000000000, 1.000000000000000000 ) ) ;
#9822 = UNCERTAINTY_MEASURE_WITH_UNIT (LENGTH_MEASURE( 1.000000000000000100E-005 ), #9461, 'distance_accuracy_value', 'NONE');
#9823 = CARTESIAN_POINT ( 'NONE',  ( -18.14790869522673600, 28.46785435110305700, 1.569874521581871200 ) ) ;
#9824 = EDGE_CURVE ( 'NONE', #11307, #3403, #812, .T. ) ;
#9825 = DIRECTION ( 'NONE',  ( 0.0000000000000000000, 0.0000000000000000000, 1.000000000000000000 ) ) ;
#9826 = VECTOR ( 'NONE', #5537, 1000.000000000000000 ) ;
#9827 = CARTESIAN_POINT ( 'NONE',  ( -16.74989493064886000, 26.92322712237517000, -0.1621680191632788600 ) ) ;
#9828 = AXIS2_PLACEMENT_3D ( 'NONE', #3168, #3974, #4007 ) ;
#9829 = CARTESIAN_POINT ( 'NONE',  ( -16.77345017364847400, 24.39749462287592500, 0.2402314324731722700 ) ) ;
#9830 =( GEOMETRIC_REPRESENTATION_CONTEXT ( 3 ) GLOBAL_UNCERTAINTY_ASSIGNED_CONTEXT ( ( #1897 ) ) GLOBAL_UNIT_ASSIGNED_CONTEXT ( ( #6958, #1758, #7839 ) ) REPRESENTATION_CONTEXT ( 'NONE', 'WORKASPACE' ) );
#9831 = CARTESIAN_POINT ( 'NONE',  ( -19.09233850329622600, 26.12125546108716600, -0.6291249177040937300 ) ) ;
#9832 = ORIENTED_EDGE ( 'NONE', *, *, #3762, .T. ) ;
#9833 = DIRECTION ( 'NONE',  ( 1.000000000000000000, 0.0000000000000000000, 0.0000000000000000000 ) ) ;
#9834 = CARTESIAN_POINT ( 'NONE',  ( -1.517883041479706200E-015, -16.30043030675197000, -32.60086061350394000 ) ) ;
#9835 = CARTESIAN_POINT ( 'NONE',  ( -18.12238300259945900, 28.65462731400489800, 1.249999999999853200 ) ) ;
#9836 = SURFACE_STYLE_USAGE ( .BOTH. , #3736 ) ;
#9837 = PRESENTATION_STYLE_ASSIGNMENT (( #861 ) ) ;
#9838 = DIRECTION ( 'NONE',  ( 1.000000000000000000, -0.0000000000000000000, -0.0000000000000000000 ) ) ;
#9839 = ADVANCED_FACE ( 'NONE', ( #5453 ), #1101, .F. ) ;
#9840 = CARTESIAN_POINT ( 'NONE',  ( -17.17970531871000600, 27.26989207052000500, 0.9891148628871999600 ) ) ;
#9841 = SURFACE_STYLE_USAGE ( .BOTH. , #3742 ) ;
#9842 = COLOUR_RGB ( '',0.1098039215686274500, 0.1098039215686274500, 0.1098039215686274500 ) ;
#9843 = AXIS2_PLACEMENT_3D ( 'NONE', #7361, #9949, #2124 ) ;
#9844 = ORIENTED_EDGE ( 'NONE', *, *, #6856, .T. ) ;
#9845 = AXIS2_PLACEMENT_3D ( 'NONE', #5564, #6432, #9946 ) ;
#9846 = EDGE_CURVE ( 'NONE', #1948, #11210, #4335, .T. ) ;
#9847 = FACE_OUTER_BOUND ( 'NONE', #4295, .T. ) ;
#9848 = DIRECTION ( 'NONE',  ( 0.0000000000000000000, -1.000000000000000000, 1.177390296640393500E-012 ) ) ;
#9849 = FILL_AREA_STYLE ('',( #10715 ) ) ;
#9850 = CARTESIAN_POINT ( 'NONE',  ( -18.60470632526117300, 28.89999999999999900, 1.375677071494234300 ) ) ;
#9851 = CARTESIAN_POINT ( 'NONE',  ( -18.00000000000000400, 34.89999999999999900, 8.599999999999999600 ) ) ;
#9852 = FILL_AREA_STYLE ('',( #7218 ) ) ;
#9853 =( LENGTH_UNIT ( ) NAMED_UNIT ( * ) SI_UNIT ( .MILLI., .METRE. ) );
#9854 = EDGE_LOOP ( 'NONE', ( #8134, #1770, #3616, #7978 ) ) ;
#9855 = CARTESIAN_POINT ( 'NONE',  ( -18.75585738375000500, 28.38710412939000000, 1.544316338945000100 ) ) ;
#9856 = CIRCLE ( 'NONE', #1501, 15.94956969548780300 ) ;
#9857 = UNCERTAINTY_MEASURE_WITH_UNIT (LENGTH_MEASURE( 1.000000000000000100E-005 ), #2853, 'distance_accuracy_value', 'NONE');
#9858 = LINE ( 'NONE', #6375, #7530 ) ;
#9859 = PRESENTATION_LAYER_ASSIGNMENT (  '', '', ( #8692 ) ) ;
#9860 = SURFACE_SIDE_STYLE ('',( #1463 ) ) ;
#9861 = EDGE_CURVE ( 'NONE', #9635, #1593, #10657, .T. ) ;
#9862 = CARTESIAN_POINT ( 'NONE',  ( -16.44211368129872900, 28.58584898619709600, 0.2903060163153082200 ) ) ;
#9863 =( LENGTH_UNIT ( ) NAMED_UNIT ( * ) SI_UNIT ( .MILLI., .METRE. ) );
#9864 = SURFACE_STYLE_USAGE ( .BOTH. , #3764 ) ;
#9865 = SURFACE_STYLE_USAGE ( .BOTH. , #3766 ) ;
#9866 = ORIENTED_EDGE ( 'NONE', *, *, #2839, .F. ) ;
#9867 = VECTOR ( 'NONE', #1092, 1000.000000000000000 ) ;
#9868 = CARTESIAN_POINT ( 'NONE',  ( -3.748251923351340100, 29.00000000000001100, -14.43323924076826800 ) ) ;
#9869 = VERTEX_POINT ( 'NONE', #1995 ) ;
#9870 =( NAMED_UNIT ( * ) PLANE_ANGLE_UNIT ( ) SI_UNIT ( $, .RADIAN. ) );
#9871 = VERTEX_POINT ( 'NONE', #1172 ) ;
#9872 = CARTESIAN_POINT ( 'NONE',  ( -3.207106781185917700, 29.00000000000092700, -14.46446609406768100 ) ) ;
#9873 = CARTESIAN_POINT ( 'NONE',  ( -18.76804332347216000, 25.73511694118805000, 0.9998971718214052500 ) ) ;
#9874 = CARTESIAN_POINT ( 'NONE',  ( -18.00000000000000400, 28.41093935102359700, -1.250000000000000000 ) ) ;
#9875 = PRESENTATION_LAYER_ASSIGNMENT (  '', '', ( #8708 ) ) ;
#9876 =( BOUNDED_SURFACE ( )  B_SPLINE_SURFACE ( 3, 3, ( 
 ( #501, #10089, #4872, #10994 ),
 ( #5746, #542, #6600, #1403 ),
 ( #7493, #2255, #8367, #3136 ),
 ( #9250, #4013, #10129, #4912 ) ),
 .UNSPECIFIED., .F., .F., .T. ) 
 B_SPLINE_SURFACE_WITH_KNOTS ( ( 4, 4 ),
 ( 4, 4 ),
 ( 0.0000000000000000000, 1.000000000000000000 ),
 ( 0.0000000000000000000, 1.000000000000000000 ),
 .UNSPECIFIED. ) 
 GEOMETRIC_REPRESENTATION_ITEM ( )  RATIONAL_B_SPLINE_SURFACE ( (
 ( 1.000000000000000000, 0.3333333333333334300, 0.3333333333333334300, 1.000000000000000000),
 ( 0.8695484763366245800, 0.2898494921122082800, 0.2898494921122082800, 0.8695484763366245800),
 ( 0.8695484763366245800, 0.2898494921122082800, 0.2898494921122082800, 0.8695484763366245800),
 ( 1.000000000000000000, 0.3333333333333334300, 0.3333333333333334300, 1.000000000000000000) ) ) 
 REPRESENTATION_ITEM ( '' )  SURFACE ( )  );
#9877 = AXIS2_PLACEMENT_3D ( 'NONE', #11096, #5850, #649 ) ;
#9878 = CIRCLE ( 'NONE', #9294, 19.00000000000000000 ) ;
#9879 = CARTESIAN_POINT ( 'NONE',  ( -28.00000000000000400, 0.0000000000000000000, 0.0000000000000000000 ) ) ;
#9880 = CIRCLE ( 'NONE', #476, 19.00000000000000000 ) ;
#9881 = ORIENTED_EDGE ( 'NONE', *, *, #2839, .T. ) ;
#9882 = ORIENTED_EDGE ( 'NONE', *, *, #5030, .T. ) ;
#9883 = DIRECTION ( 'NONE',  ( 1.000000000000000000, -0.0000000000000000000, 0.0000000000000000000 ) ) ;
#9884 = SURFACE_SIDE_STYLE ('',( #5238 ) ) ;
#9885 = CARTESIAN_POINT ( 'NONE',  ( -17.38601519675313900, 26.70277282396266800, 1.098352461980668400 ) ) ;
#9886 = COLOUR_RGB ( '',0.7921568627450980000, 0.8196078431372548800, 0.9333333333333333500 ) ;
#9887 = CARTESIAN_POINT ( 'NONE',  ( -18.99935822832720300, 22.98503043291495700, -0.7683677516584810400 ) ) ;
#9888 = CARTESIAN_POINT ( 'NONE',  ( -9.400000000000005700, 33.34999999999999400, -0.8000000000000000400 ) ) ;
#9889 = ORIENTED_EDGE ( 'NONE', *, *, #6826, .F. ) ;
#9890 = ORIENTED_EDGE ( 'NONE', *, *, #342, .F. ) ;
#9891 = EDGE_CURVE ( 'NONE', #1147, #1527, #2299, .T. ) ;
#9892 = ORIENTED_EDGE ( 'NONE', *, *, #3901, .T. ) ;
#9893 = CARTESIAN_POINT ( 'NONE',  ( -18.97494538786000400, 29.05190532621000800, 0.9020473820729999500 ) ) ;
#9894 = AXIS2_PLACEMENT_3D ( 'NONE', #6116, #6042, #940 ) ;
#9895 = FACE_OUTER_BOUND ( 'NONE', #9106, .T. ) ;
#9896 = AXIS2_PLACEMENT_3D ( 'NONE', #6545, #3858, #10975 ) ;
#9897 = MECHANICAL_DESIGN_GEOMETRIC_PRESENTATION_REPRESENTATION (  '', ( #8729 ), #10502 ) ;
#9898 = VECTOR ( 'NONE', #4165, 1000.000000000000000 ) ;
#9899 = CIRCLE ( 'NONE', #5621, 10.50000000000000000 ) ;
#9900 = CARTESIAN_POINT ( 'NONE',  ( -17.57675673417481500, 28.70296585389950300, -1.519376893842896000 ) ) ;
#9901 = DIRECTION ( 'NONE',  ( -1.000000000000000000, -0.0000000000000000000, -0.0000000000000000000 ) ) ;
#9902 = CARTESIAN_POINT ( 'NONE',  ( -46.50000000000000000, 2.081899558550499900E-015, -16.99999999999999600 ) ) ;
#9903 = CARTESIAN_POINT ( 'NONE',  ( -8.830868191124704200, 40.90000000000029700, 0.0000000000000000000 ) ) ;
#9904 = VERTEX_POINT ( 'NONE', #9006 ) ;
#9905 = PRESENTATION_STYLE_ASSIGNMENT (( #185 ) ) ;
#9906 = EDGE_CURVE ( 'NONE', #10238, #2917, #4060, .T. ) ;
#9907 =( LENGTH_UNIT ( ) NAMED_UNIT ( * ) SI_UNIT ( .MILLI., .METRE. ) );
#9908 = AXIS2_PLACEMENT_3D ( 'NONE', #989, #7068, #1856 ) ;
#9909 = EDGE_LOOP ( 'NONE', ( #4963, #10604, #2091, #9518 ) ) ;
#9910 = CARTESIAN_POINT ( 'NONE',  ( -16.39999999999999900, 28.89999999999999500, -7.949999999999998400 ) ) ;
#9911 = DIRECTION ( 'NONE',  ( 0.0000000000000000000, 1.000000000000000000, 0.0000000000000000000 ) ) ;
#9912 =( NAMED_UNIT ( * ) SI_UNIT ( $, .STERADIAN. ) SOLID_ANGLE_UNIT ( ) );
#9913 = VERTEX_POINT ( 'NONE', #6371 ) ;
#9914 = CARTESIAN_POINT ( 'NONE',  ( -8.600000000000003200, 37.72500000000000100, 0.0000000000000000000 ) ) ;
#9915 = FACE_OUTER_BOUND ( 'NONE', #10993, .T. ) ;
#9916 = COLOUR_RGB ( '',1.000000000000000000, 1.000000000000000000, 0.9490196078431372100 ) ;
#9917 = ORIENTED_EDGE ( 'NONE', *, *, #10911, .T. ) ;
#9918 = DIRECTION ( 'NONE',  ( 1.000000000000000000, 0.0000000000000000000, 0.0000000000000000000 ) ) ;
#9919 = LINE ( 'NONE', #5036, #7601 ) ;
#9920 = CARTESIAN_POINT ( 'NONE',  ( -17.30429126263815200, 24.49062457340283300, -1.042544860693481300 ) ) ;
#9921 = CARTESIAN_POINT ( 'NONE',  ( -20.40000000000000600, 28.89999999999999500, -7.599999999999998800 ) ) ;
#9922 = CARTESIAN_POINT ( 'NONE',  ( -17.44400567554512100, 26.87525388236345600, -1.128712128858256400 ) ) ;
#9923 = CARTESIAN_POINT ( 'NONE',  ( -18.08161011093276100, 23.15659738536722800, 1.250000000000023100 ) ) ;
#9924 = FILL_AREA_STYLE_COLOUR ( '', #1742 ) ;
#9925 = STYLED_ITEM ( 'NONE', ( #3720 ), #6789 ) ;
#9926 = MECHANICAL_DESIGN_GEOMETRIC_PRESENTATION_REPRESENTATION (  '', ( #8164 ), #10533 ) ;
#9927 = EDGE_CURVE ( 'NONE', #7820, #2801, #11062, .T. ) ;
#9928 = CARTESIAN_POINT ( 'NONE',  ( -19.27972913367000300, 29.08787591963000500, -0.03066421026697000200 ) ) ;
#9929 = LINE ( 'NONE', #10702, #942 ) ;
#9930 = ORIENTED_EDGE ( 'NONE', *, *, #235, .T. ) ;
#9931 = ADVANCED_FACE ( 'NONE', ( #6648, #2028 ), #6445, .T. ) ;
#9932 = SURFACE_STYLE_FILL_AREA ( #354 ) ;
#9933 = CARTESIAN_POINT ( 'NONE',  ( -19.60934707236851800, 28.86084177360699600, 0.2053758306093811100 ) ) ;
#9934 = DIRECTION ( 'NONE',  ( 0.0000000000000000000, 0.0000000000000000000, 1.000000000000000000 ) ) ;
#9935 = ADVANCED_FACE ( 'NONE', ( #10219 ), #143, .F. ) ;
#9936 = CARTESIAN_POINT ( 'NONE',  ( -19.21774496688573600, 22.68294114490414200, 0.3261601155713363400 ) ) ;
#9937 = DIRECTION ( 'NONE',  ( 0.0000000000000000000, 0.0000000000000000000, 1.000000000000000000 ) ) ;
#9938 = CARTESIAN_POINT ( 'NONE',  ( -16.39668974061745400, 24.62145996475399200, -0.4287005305298700600 ) ) ;
#9939 = STYLED_ITEM ( 'NONE', ( #688 ), #8191 ) ;
#9940 = VERTEX_POINT ( 'NONE', #2171 ) ;
#9941 = LINE ( 'NONE', #1699, #5321 ) ;
#9942 = CARTESIAN_POINT ( 'NONE',  ( -0.3040217494789027000, -17.13304714212788600, -2.098193134224761600E-015 ) ) ;
#9943 = EDGE_CURVE ( 'NONE', #86, #1018, #2431, .T. ) ;
#9944 =( NAMED_UNIT ( * ) PLANE_ANGLE_UNIT ( ) SI_UNIT ( $, .RADIAN. ) );
#9945 =( LENGTH_UNIT ( ) NAMED_UNIT ( * ) SI_UNIT ( .MILLI., .METRE. ) );
#9946 = DIRECTION ( 'NONE',  ( 0.0000000000000000000, -1.000000000000000000, 0.0000000000000000000 ) ) ;
#9947 =( LENGTH_UNIT ( ) NAMED_UNIT ( * ) SI_UNIT ( .MILLI., .METRE. ) );
#9948 = ORIENTED_EDGE ( 'NONE', *, *, #5412, .T. ) ;
#9949 = DIRECTION ( 'NONE',  ( -1.000000000000000000, -0.0000000000000000000, -0.0000000000000000000 ) ) ;
#9950 = LINE ( 'NONE', #4411, #3259 ) ;
#9951 = EDGE_CURVE ( 'NONE', #1727, #8119, #4757, .T. ) ;
#9952 = STYLED_ITEM ( 'NONE', ( #4020 ), #2338 ) ;
#9953 = CARTESIAN_POINT ( 'NONE',  ( -18.32755930140637400, 26.64075304961354700, 1.217301292827499500 ) ) ;
#9954 = SURFACE_SIDE_STYLE ('',( #6388 ) ) ;
#9955 =( GEOMETRIC_REPRESENTATION_CONTEXT ( 3 ) GLOBAL_UNCERTAINTY_ASSIGNED_CONTEXT ( ( #8461 ) ) GLOBAL_UNIT_ASSIGNED_CONTEXT ( ( #10554, #5326, #115 ) ) REPRESENTATION_CONTEXT ( 'NONE', 'WORKASPACE' ) );
#9956 = COLOUR_RGB ( '',1.000000000000000000, 1.000000000000000000, 0.9490196078431372100 ) ;
#9957 = DIRECTION ( 'NONE',  ( 0.0000000000000000000, 0.0000000000000000000, -1.000000000000000000 ) ) ;
#9958 = DIRECTION ( 'NONE',  ( 0.0000000000000000000, 3.469446951953629200E-015, 1.000000000000000000 ) ) ;
#9959 = ORIENTED_EDGE ( 'NONE', *, *, #9943, .F. ) ;
#9960 = ORIENTED_EDGE ( 'NONE', *, *, #10217, .T. ) ;
#9961 = VECTOR ( 'NONE', #9798, 1000.000000000000000 ) ;
#9962 = UNCERTAINTY_MEASURE_WITH_UNIT (LENGTH_MEASURE( 1.000000000000000100E-005 ), #8484, 'distance_accuracy_value', 'NONE');
#9963 = SURFACE_SIDE_STYLE ('',( #9813 ) ) ;
#9964 = CIRCLE ( 'NONE', #5962, 1.500000000000001300 ) ;
#9965 = FACE_OUTER_BOUND ( 'NONE', #9854, .T. ) ;
#9966 = ORIENTED_EDGE ( 'NONE', *, *, #6776, .T. ) ;
#9967 = EDGE_CURVE ( 'NONE', #3433, #10913, #9403, .T. ) ;
#9968 = CARTESIAN_POINT ( 'NONE',  ( 0.0000000000000000000, 0.0000000000000000000, 0.0000000000000000000 ) ) ;
#9969 =( LENGTH_UNIT ( ) NAMED_UNIT ( * ) SI_UNIT ( .MILLI., .METRE. ) );
#9970 = SURFACE_SIDE_STYLE ('',( #6785 ) ) ;
#9971 = MECHANICAL_DESIGN_GEOMETRIC_PRESENTATION_REPRESENTATION (  '', ( #8805 ), #10582 ) ;
#9972 = ADVANCED_FACE ( 'NONE', ( #11208 ), #8021, .F. ) ;
#9973 = CARTESIAN_POINT ( 'NONE',  ( -19.10237263746024500, 25.42061677521793700, 1.352916923453738800 ) ) ;
#9974 = MECHANICAL_DESIGN_GEOMETRIC_PRESENTATION_REPRESENTATION (  '', ( #8214 ), #10585 ) ;
#9975 = B_SPLINE_CURVE_WITH_KNOTS ( 'NONE', 3,
 ( #1073, #8902, #8944, #3722, #9823, #4595, #10730, #5480, #276, #6349, #1144, #7227, #2006, #8099, #2878, #8983, #3761, #9862, #4637, #10773, #5509, #314, #6382, #1184, #7261, #2040, #8137, #2915, #9017, #3804, #9900, #4672, #10810, #5552, #350, #6421, #1220, #7307, #2071, #8174, #2954, #9055, #3839, #9933, #4708, #10846 ),
 .UNSPECIFIED., .F., .F.,
 ( 4, 2, 2, 2, 2, 2, 2, 2, 2, 2, 2, 2, 2, 2, 2, 2, 2, 2, 2, 2, 2, 2, 4 ),
 ( 0.0000000000000000000, 0.0005810662205651617100, 0.0008715993308477424600, 0.001162132441130323200, 0.001452665551412904200, 0.001743198661695484900, 0.002033731771978066100, 0.002324264882260646800, 0.002905331102825807900, 0.003486397323390969000, 0.004067463543956130500, 0.004357996654238710300, 0.004648529764521291100, 0.004939062874803871000, 0.005229595985086452600, 0.005520129095369033300, 0.005810662205651615000, 0.006972794646781945800, 0.007263327757064528200, 0.007553860867347111600, 0.007844393977629694100, 0.008134927087912276500, 0.009297059529042608200 ),
 .UNSPECIFIED. ) ;
#9976 = DIRECTION ( 'NONE',  ( 0.0000000000000000000, 1.000000000000000000, 0.0000000000000000000 ) ) ;
#9977 = CARTESIAN_POINT ( 'NONE',  ( -18.00000000000000400, 28.41093935102359700, 1.250000000000000000 ) ) ;
#9978 = ORIENTED_EDGE ( 'NONE', *, *, #2740, .T. ) ;
#9979 = CIRCLE ( 'NONE', #2012, 11.90000000000000000 ) ;
#9980 = CARTESIAN_POINT ( 'NONE',  ( -16.87669768308796800, 27.25029788778022100, 0.5544792179485745800 ) ) ;
#9981 = CARTESIAN_POINT ( 'NONE',  ( -16.78294307306553500, 22.89197946564934900, 0.3282857788304871500 ) ) ;
#9982 = DIRECTION ( 'NONE',  ( -1.000000000000000000, 0.0000000000000000000, 0.0000000000000000000 ) ) ;
#9983 = CARTESIAN_POINT ( 'NONE',  ( -3.440000000000005700, 11.32514186548000300, 15.00000000000000000 ) ) ;
#9984 = COLOUR_RGB ( '',1.000000000000000000, 1.000000000000000000, 0.9490196078431372100 ) ;
#9985 = ADVANCED_FACE ( 'NONE', ( #3662 ), #2238, .T. ) ;
#9986 =( GEOMETRIC_REPRESENTATION_CONTEXT ( 3 ) GLOBAL_UNCERTAINTY_ASSIGNED_CONTEXT ( ( #4578 ) ) GLOBAL_UNIT_ASSIGNED_CONTEXT ( ( #10541, #5310, #98 ) ) REPRESENTATION_CONTEXT ( 'NONE', 'WORKASPACE' ) );
#9987 = ADVANCED_FACE ( 'NONE', ( #2832 ), #7083, .F. ) ;
#9988 = CARTESIAN_POINT ( 'NONE',  ( -15.76551608229626700, 18.50027240750180400, 0.3103188424472347900 ) ) ;
#9989 = AXIS2_PLACEMENT_3D ( 'NONE', #288, #10963, #5759 ) ;
#9990 = EDGE_CURVE ( 'NONE', #330, #161, #3255, .T. ) ;
#9991 = VERTEX_POINT ( 'NONE', #142 ) ;
#9992 = VECTOR ( 'NONE', #6859, 1000.000000000000000 ) ;
#9993 = CARTESIAN_POINT ( 'NONE',  ( -18.82625950246985600, 26.10536807990182600, 0.9415112694198688500 ) ) ;
#9994 = CARTESIAN_POINT ( 'NONE',  ( -18.62703261320734100, 26.45351094188685400, -1.084433438061895600 ) ) ;
#9995 = UNCERTAINTY_MEASURE_WITH_UNIT (LENGTH_MEASURE( 1.000000000000000100E-005 ), #3262, 'distance_accuracy_value', 'NONE');
#9996 = SURFACE_SIDE_STYLE ('',( #5570 ) ) ;
#9997 = DIRECTION ( 'NONE',  ( 1.000000000000000000, -0.0000000000000000000, -0.0000000000000000000 ) ) ;
#9998 =( NAMED_UNIT ( * ) SI_UNIT ( $, .STERADIAN. ) SOLID_ANGLE_UNIT ( ) );
#9999 = ORIENTED_EDGE ( 'NONE', *, *, #5015, .F. ) ;
#10000 = ORIENTED_EDGE ( 'NONE', *, *, #9861, .T. ) ;
#10001 = COLOUR_RGB ( '',1.000000000000000000, 1.000000000000000000, 0.9490196078431372100 ) ;
#10002 = PLANE ( 'NONE',  #10259 ) ;
#10003 = CARTESIAN_POINT ( 'NONE',  ( -18.00000000000000400, 18.33030277982312500, 5.000000000000852700 ) ) ;
#10004 = EDGE_CURVE ( 'NONE', #5187, #9767, #11050, .T. ) ;
#10005 = PLANE ( 'NONE',  #2442 ) ;
#10006 = CARTESIAN_POINT ( 'NONE',  ( -9.300000000000002500, 33.31999999999999300, 0.8000000000000001600 ) ) ;
#10007 = CARTESIAN_POINT ( 'NONE',  ( -19.00104255395752200, 25.71481529290365100, 0.7665498719018926100 ) ) ;
#10008 = FILL_AREA_STYLE_COLOUR ( '', #7973 ) ;
#10009 = VERTEX_POINT ( 'NONE', #9768 ) ;
#10010 = FILL_AREA_STYLE ('',( #9125 ) ) ;
#10011 = VERTEX_POINT ( 'NONE', #10664 ) ;
#10012 = SURFACE_STYLE_FILL_AREA ( #517 ) ;
#10013 = CARTESIAN_POINT ( 'NONE',  ( -18.16535241567996200, 26.23257574545794000, -1.737317966523258300 ) ) ;
#10014 = DIRECTION ( 'NONE',  ( 0.0000000000000000000, 1.000000000000000000, 0.0000000000000000000 ) ) ;
#10015 = VECTOR ( 'NONE', #3752, 1000.000000000000000 ) ;
#10016 = ADVANCED_FACE ( 'NONE', ( #4058 ), #5308, .F. ) ;
#10017 = CARTESIAN_POINT ( 'NONE',  ( -19.00104401411019200, 24.71485447898574600, 0.7665482035572699400 ) ) ;
#10018 = CARTESIAN_POINT ( 'NONE',  ( 0.0000000000000000000, 0.0000000000000000000, 0.0000000000000000000 ) ) ;
#10019 = ORIENTED_EDGE ( 'NONE', *, *, #5695, .T. ) ;
#10020 = PLANE ( 'NONE',  #1453 ) ;
#10021 = SURFACE_SIDE_STYLE ('',( #1548 ) ) ;
#10022 = VECTOR ( 'NONE', #11222, 1000.000000000000000 ) ;
#10023 = CARTESIAN_POINT ( 'NONE',  ( -0.3000000000000016500, 0.0000000000000000000, 0.0000000000000000000 ) ) ;
#10024 = CARTESIAN_POINT ( 'NONE',  ( -19.54406784168960700, 23.31144524896779700, -0.8133044521352211800 ) ) ;
#10025 = SURFACE_STYLE_FILL_AREA ( #157 ) ;
#10026 = DIRECTION ( 'NONE',  ( 0.0000000000000000000, -1.000000000000000000, 0.0000000000000000000 ) ) ;
#10027 = VECTOR ( 'NONE', #9527, 1000.000000000000000 ) ;
#10028 = ORIENTED_EDGE ( 'NONE', *, *, #8804, .T. ) ;
#10029 = SURFACE_SIDE_STYLE ('',( #7101 ) ) ;
#10030 = CARTESIAN_POINT ( 'NONE',  ( -17.99999999999974800, 25.91249009546049100, -1.250000000000000000 ) ) ;
#10031 =( NAMED_UNIT ( * ) SI_UNIT ( $, .STERADIAN. ) SOLID_ANGLE_UNIT ( ) );
#10032 = CARTESIAN_POINT ( 'NONE',  ( -4.000000000000003600, 11.66190378969041500, 15.00000000000014600 ) ) ;
#10033 = CARTESIAN_POINT ( 'NONE',  ( -17.00075809114583700, 25.36007097169619200, 0.7685195185993932700 ) ) ;
#10034 = ORIENTED_EDGE ( 'NONE', *, *, #8628, .F. ) ;
#10035 = EDGE_CURVE ( 'NONE', #1562, #8774, #9929, .T. ) ;
#10036 = CARTESIAN_POINT ( 'NONE',  ( -17.67267935470692600, 26.39082834181591500, -1.217339232807516500 ) ) ;
#10037 = AXIS2_PLACEMENT_3D ( 'NONE', #2473, #9388, #4251 ) ;
#10038 = STYLED_ITEM ( 'NONE', ( #595 ), #11200 ) ;
#10039 = VERTEX_POINT ( 'NONE', #2276 ) ;
#10040 = ADVANCED_FACE ( 'NONE', ( #1759 ), #2141, .F. ) ;
#10041 = CARTESIAN_POINT ( 'NONE',  ( -18.16344856523824400, 24.42258218157551000, -1.250000000000001100 ) ) ;
#10042 = LINE ( 'NONE', #10491, #1067 ) ;
#10043 = CARTESIAN_POINT ( 'NONE',  ( -18.00000000000000000, 28.16251653336892600, 1.249999999999998900 ) ) ;
#10044 = ADVANCED_FACE ( 'NONE', ( #3235 ), #6358, .T. ) ;
#10045 = FILL_AREA_STYLE ('',( #9248 ) ) ;
#10046 = CARTESIAN_POINT ( 'NONE',  ( -18.00000000000000400, 29.00000000000000000, 0.0000000000000000000 ) ) ;
#10047 =( NAMED_UNIT ( * ) SI_UNIT ( $, .STERADIAN. ) SOLID_ANGLE_UNIT ( ) );
#10048 = FILL_AREA_STYLE_COLOUR ( '', #3747 ) ;
#10049 = ORIENTED_EDGE ( 'NONE', *, *, #7334, .T. ) ;
#10050 = CARTESIAN_POINT ( 'NONE',  ( -9.350000000000005000, 33.37999999999999500, -0.8000000000000001600 ) ) ;
#10051 =( LENGTH_UNIT ( ) NAMED_UNIT ( * ) SI_UNIT ( .MILLI., .METRE. ) );
#10052 = B_SPLINE_CURVE_WITH_KNOTS ( 'NONE', 3,
 ( #4264, #4229, #5171, #5207, #786, #5964 ),
 .UNSPECIFIED., .F., .F.,
 ( 4, 2, 4 ),
 ( 0.0007334426549452952100, 0.001025393755775506300, 0.001317344856605717600 ),
 .UNSPECIFIED. ) ;
#10053 = ORIENTED_EDGE ( 'NONE', *, *, #342, .T. ) ;
#10054 = FACE_OUTER_BOUND ( 'NONE', #10316, .T. ) ;
#10055 = CARTESIAN_POINT ( 'NONE',  ( 0.0000000000000000000, 15.76954587281173500, -9.863134540565008400 ) ) ;
#10056 = MECHANICAL_DESIGN_GEOMETRIC_PRESENTATION_REPRESENTATION (  '', ( #8884 ), #10671 ) ;
#10057 = DIRECTION ( 'NONE',  ( 0.0000000000000000000, 1.000000000000000000, 0.0000000000000000000 ) ) ;
#10058 =( LENGTH_UNIT ( ) NAMED_UNIT ( * ) SI_UNIT ( .MILLI., .METRE. ) );
#10059 = FILL_AREA_STYLE_COLOUR ( '', #9916 ) ;
#10060 =( GEOMETRIC_REPRESENTATION_CONTEXT ( 3 ) GLOBAL_UNCERTAINTY_ASSIGNED_CONTEXT ( ( #9857 ) ) GLOBAL_UNIT_ASSIGNED_CONTEXT ( ( #2853, #8961, #3737 ) ) REPRESENTATION_CONTEXT ( 'NONE', 'WORKASPACE' ) );
#10061 = ORIENTED_EDGE ( 'NONE', *, *, #845, .F. ) ;
#10062 = UNCERTAINTY_MEASURE_WITH_UNIT (LENGTH_MEASURE( 1.000000000000000100E-005 ), #11286, 'distance_accuracy_value', 'NONE');
#10063 = ADVANCED_FACE ( 'NONE', ( #1331 ), #9532, .F. ) ;
#10064 = CARTESIAN_POINT ( 'NONE',  ( -17.17541219407690900, 24.18586260153226400, -1.538071838915796400 ) ) ;
#10065 = VECTOR ( 'NONE', #5658, 1000.000000000000000 ) ;
#10066 = FILL_AREA_STYLE ('',( #4842 ) ) ;
#10067 = ORIENTED_EDGE ( 'NONE', *, *, #9906, .T. ) ;
#10068 = CARTESIAN_POINT ( 'NONE',  ( -18.80988139252000500, 28.03951806171000200, -0.9976382012840002700 ) ) ;
#10069 =( NAMED_UNIT ( * ) SI_UNIT ( $, .STERADIAN. ) SOLID_ANGLE_UNIT ( ) );
#10070 =( LENGTH_UNIT ( ) NAMED_UNIT ( * ) SI_UNIT ( .MILLI., .METRE. ) );
#10071 = CARTESIAN_POINT ( 'NONE',  ( -17.44576085018421800, 27.32444146549055800, 1.123402729980300900 ) ) ;
#10072 = DIRECTION ( 'NONE',  ( -0.0000000000000000000, -1.000000000000000000, -0.0000000000000000000 ) ) ;
#10073 =( GEOMETRIC_REPRESENTATION_CONTEXT ( 3 ) GLOBAL_UNCERTAINTY_ASSIGNED_CONTEXT ( ( #1038 ) ) GLOBAL_UNIT_ASSIGNED_CONTEXT ( ( #5068, #11189, #5932 ) ) REPRESENTATION_CONTEXT ( 'NONE', 'WORKASPACE' ) );
#10074 = ADVANCED_FACE ( 'NONE', ( #5158 ), #6366, .T. ) ;
#10075 = EDGE_CURVE ( 'NONE', #1908, #2503, #10885, .T. ) ;
#10076 = CARTESIAN_POINT ( 'NONE',  ( -17.23055969333654500, 26.21432186217179000, 0.9984852261468312200 ) ) ;
#10077 = UNCERTAINTY_MEASURE_WITH_UNIT (LENGTH_MEASURE( 1.000000000000000100E-005 ), #8318, 'distance_accuracy_value', 'NONE');
#10078 = ORIENTED_EDGE ( 'NONE', *, *, #10297, .T. ) ;
#10079 = CARTESIAN_POINT ( 'NONE',  ( -17.18621829405000400, 25.43067947685000300, -0.9944802293317002200 ) ) ;
#10080 = ORIENTED_EDGE ( 'NONE', *, *, #7587, .T. ) ;
#10081 = CIRCLE ( 'NONE', #4576, 11.89999999999999300 ) ;
#10082 = CARTESIAN_POINT ( 'NONE',  ( -19.24996403672041000, 24.54756840173460500, 0.1631632526236074000 ) ) ;
#10083 = CARTESIAN_POINT ( 'NONE',  ( -16.74989517579018600, 28.29749446237100900, -0.1622148171288105300 ) ) ;
#10084 = CARTESIAN_POINT ( 'NONE',  ( -4.000000000000003600, 11.56087521242814000, -14.00000000000000000 ) ) ;
#10085 = CARTESIAN_POINT ( 'NONE',  ( -17.99999999999978700, 25.41247799111086200, -1.250000000000001300 ) ) ;
#10086 =( NAMED_UNIT ( * ) SI_UNIT ( $, .STERADIAN. ) SOLID_ANGLE_UNIT ( ) );
#10087 = CARTESIAN_POINT ( 'NONE',  ( -16.85614144897000300, 24.90339659287000300, 0.9260722571788001500 ) ) ;
#10088 =( NAMED_UNIT ( * ) SI_UNIT ( $, .STERADIAN. ) SOLID_ANGLE_UNIT ( ) );
#10089 = CARTESIAN_POINT ( 'NONE',  ( -0.8529462969710034400, 17.20000000223977600, -34.40000000447954400 ) ) ;
#10090 =( NAMED_UNIT ( * ) SI_UNIT ( $, .STERADIAN. ) SOLID_ANGLE_UNIT ( ) );
#10091 = AXIS2_PLACEMENT_3D ( 'NONE', #694, #6753, #1555 ) ;
#10092 = DIRECTION ( 'NONE',  ( 0.0000000000000000000, 0.0000000000000000000, -1.000000000000000000 ) ) ;
#10093 = AXIS2_PLACEMENT_3D ( 'NONE', #7933, #1850, #155 ) ;
#10094 = ORIENTED_EDGE ( 'NONE', *, *, #85, .F. ) ;
#10095 = CYLINDRICAL_SURFACE ( 'NONE', #4, 1.250000000000000000 ) ;
#10096 = CARTESIAN_POINT ( 'NONE',  ( -17.00230653768448300, 26.46450545127104400, -0.7666801107174185900 ) ) ;
#10097 = APPLICATION_PROTOCOL_DEFINITION ( 'draft international standard', 'automotive_design', 1998, #3988 ) ;
#10098 = CARTESIAN_POINT ( 'NONE',  ( -8.854322483437004000, 41.00159170129999400, 3.275999999999999800 ) ) ;
#10099 = CARTESIAN_POINT ( 'NONE',  ( -18.76188513963783000, 25.58999830641620200, -0.9943353721839564000 ) ) ;
#10100 = DIRECTION ( 'NONE',  ( 0.0000000000000000000, -1.000000000000000000, 0.0000000000000000000 ) ) ;
#10101 =( NAMED_UNIT ( * ) PLANE_ANGLE_UNIT ( ) SI_UNIT ( $, .RADIAN. ) );
#10102 = CARTESIAN_POINT ( 'NONE',  ( -16.32961148587198600, 24.12340421920780600, -0.5053828696042151900 ) ) ;
#10103 = DIRECTION ( 'NONE',  ( -0.0000000000000000000, 1.000000000000000000, -0.0000000000000000000 ) ) ;
#10104 = ORIENTED_EDGE ( 'NONE', *, *, #884, .T. ) ;
#10105 = UNCERTAINTY_MEASURE_WITH_UNIT (LENGTH_MEASURE( 1.000000000000000100E-005 ), #10871, 'distance_accuracy_value', 'NONE');
#10106 = EDGE_CURVE ( 'NONE', #4611, #1562, #2010, .T. ) ;
#10107 = AXIS2_PLACEMENT_3D ( 'NONE', #1873, #2885, #3811 ) ;
#10108 = CARTESIAN_POINT ( 'NONE',  ( -19.24989452996640400, 24.15294809339086500, -0.1638237163210386200 ) ) ;
#10109 = CARTESIAN_POINT ( 'NONE',  ( -18.12405697906000100, 27.22755909146999900, 1.279000178828000100 ) ) ;
#10110 = CARTESIAN_POINT ( 'NONE',  ( -18.26478755920094300, 28.05514346968917400, -1.228938590809612200 ) ) ;
#10111 =( NAMED_UNIT ( * ) PLANE_ANGLE_UNIT ( ) SI_UNIT ( $, .RADIAN. ) );
#10112 = CARTESIAN_POINT ( 'NONE',  ( -17.36948074894459600, 27.49664136854357100, -1.091729516414301000 ) ) ;
#10113 = CARTESIAN_POINT ( 'NONE',  ( -3.000000000000002700, 22.59573601964000000, -6.878749708176000500 ) ) ;
#10114 = DIRECTION ( 'NONE',  ( 0.0000000000000000000, 0.0000000000000000000, 1.000000000000000000 ) ) ;
#10115 = EDGE_LOOP ( 'NONE', ( #7359, #2584, #9508, #3665 ) ) ;
#10116 = FACE_OUTER_BOUND ( 'NONE', #11188, .T. ) ;
#10117 = ADVANCED_FACE ( 'NONE', ( #1748 ), #10020, .F. ) ;
#10118 = FILL_AREA_STYLE_COLOUR ( '', #8438 ) ;
#10119 = PRESENTATION_STYLE_ASSIGNMENT (( #2371 ) ) ;
#10120 = CARTESIAN_POINT ( 'NONE',  ( -18.12175236886000500, 25.99280491778999600, -1.279222786128999800 ) ) ;
#10121 = FILL_AREA_STYLE_COLOUR ( '', #9715 ) ;
#10122 = EDGE_CURVE ( 'NONE', #6188, #1819, #929, .T. ) ;
#10123 = FILL_AREA_STYLE_COLOUR ( '', #9199 ) ;
#10124 = DIRECTION ( 'NONE',  ( -1.000000000000000000, -0.0000000000000000000, 0.0000000000000000000 ) ) ;
#10125 = FILL_AREA_STYLE ('',( #3173 ) ) ;
#10126 = CARTESIAN_POINT ( 'NONE',  ( -16.53625755281000300, 24.96585497519999600, -0.1532326299933000100 ) ) ;
#10127 = PRESENTATION_LAYER_ASSIGNMENT (  '', '', ( #10742 ) ) ;
#10128 = ORIENTED_EDGE ( 'NONE', *, *, #3602, .F. ) ;
#10129 = CARTESIAN_POINT ( 'NONE',  ( -1.500000000000000000, -16.30043030675197000, -32.60086061350394000 ) ) ;
#10130 = PRESENTATION_LAYER_ASSIGNMENT (  '', '', ( #9562 ) ) ;
#10131 = CARTESIAN_POINT ( 'NONE',  ( -19.62533767645000200, 24.25864737601000000, -0.8735645291354000600 ) ) ;
#10132 = ADVANCED_FACE ( 'NONE', ( #7866 ), #6569, .T. ) ;
#10133 = DIRECTION ( 'NONE',  ( -0.0000000000000000000, -0.0000000000000000000, -1.000000000000000000 ) ) ;
#10134 = DIRECTION ( 'NONE',  ( 0.0000000000000000000, 0.0000000000000000000, 1.000000000000000000 ) ) ;
#10135 = SURFACE_STYLE_USAGE ( .BOTH. , #4024 ) ;
#10136 = ORIENTED_EDGE ( 'NONE', *, *, #1818, .T. ) ;
#10137 = VECTOR ( 'NONE', #8861, 1000.000000000000000 ) ;
#10138 = CARTESIAN_POINT ( 'NONE',  ( -16.71896244103999900, 26.49273566691000800, 1.064025874288000200 ) ) ;
#10139 = CARTESIAN_POINT ( 'NONE',  ( -16.46106666871344600, 24.06094583687786300, 0.8229786189151669900 ) ) ;
#10140 = CARTESIAN_POINT ( 'NONE',  ( -9.298000000000000000, 32.75880000000000800, 0.5000000000000000000 ) ) ;
#10141 = CARTESIAN_POINT ( 'NONE',  ( -16.71896244103999900, 26.59699964727000000, 1.064025874288000200 ) ) ;
#10142 = COLOUR_RGB ( '',0.9803921568627450600, 0.6274509803921568500, 0.0000000000000000000 ) ;
#10143 = UNCERTAINTY_MEASURE_WITH_UNIT (LENGTH_MEASURE( 1.000000000000000100E-005 ), #7760, 'distance_accuracy_value', 'NONE');
#10144 = CARTESIAN_POINT ( 'NONE',  ( -30.50000000000000700, 22.50000000000000000, 9.000000000000001800 ) ) ;
#10145 =( GEOMETRIC_REPRESENTATION_CONTEXT ( 3 ) GLOBAL_UNCERTAINTY_ASSIGNED_CONTEXT ( ( #11194 ) ) GLOBAL_UNIT_ASSIGNED_CONTEXT ( ( #6127, #910, #6986 ) ) REPRESENTATION_CONTEXT ( 'NONE', 'WORKASPACE' ) );
#10146 = ORIENTED_EDGE ( 'NONE', *, *, #2007, .F. ) ;
#10147 = STYLED_ITEM ( 'NONE', ( #8242 ), #10590 ) ;
#10148 = EDGE_CURVE ( 'NONE', #7051, #11227, #121, .T. ) ;
#10149 = ORIENTED_EDGE ( 'NONE', *, *, #4031, .T. ) ;
#10150 = SURFACE_STYLE_FILL_AREA ( #4966 ) ;
#10151 = CARTESIAN_POINT ( 'NONE',  ( -17.01348684733999800, 26.41560012123000000, -0.8233964113580999300 ) ) ;
#10152 = PLANE ( 'NONE',  #6169 ) ;
#10153 = CARTESIAN_POINT ( 'NONE',  ( -18.63042224441974800, 23.24544665956640400, 1.091778869457525200 ) ) ;
#10154 =( NAMED_UNIT ( * ) PLANE_ANGLE_UNIT ( ) SI_UNIT ( $, .RADIAN. ) );
#10155 = SURFACE_STYLE_USAGE ( .BOTH. , #4038 ) ;
#10156 = CARTESIAN_POINT ( 'NONE',  ( -19.24985031760270400, 28.02731274914346600, -0.1658074191194682800 ) ) ;
#10157 = VECTOR ( 'NONE', #1470, 1000.000000000000000 ) ;
#10158 = CARTESIAN_POINT ( 'NONE',  ( -17.23138197148229300, 23.71379343439192400, 0.9992476900393282300 ) ) ;
#10159 = ORIENTED_EDGE ( 'NONE', *, *, #2207, .F. ) ;
#10160 = CARTESIAN_POINT ( 'NONE',  ( -27.89573601964000500, 18.79017964733000700, 2.000000000000000000 ) ) ;
#10161 = PRESENTATION_LAYER_ASSIGNMENT (  '', '', ( #9592 ) ) ;
#10162 = CARTESIAN_POINT ( 'NONE',  ( -18.99362849742000100, 25.55559624150999600, -0.8148214532123999600 ) ) ;
#10163 = FACE_OUTER_BOUND ( 'NONE', #3014, .T. ) ;
#10164 = CARTESIAN_POINT ( 'NONE',  ( 0.0000000000000000000, 0.0000000000000000000, 0.0000000000000000000 ) ) ;
#10165 = ORIENTED_EDGE ( 'NONE', *, *, #7977, .T. ) ;
#10166 = EDGE_CURVE ( 'NONE', #5495, #5954, #6765, .T. ) ;
#10167 = CARTESIAN_POINT ( 'NONE',  ( -17.83584990956567400, 22.90117481180132200, -1.249999999999999300 ) ) ;
#10168 = PRESENTATION_STYLE_ASSIGNMENT (( #3589 ) ) ;
#10169 = DIRECTION ( 'NONE',  ( -1.000000000000000000, 0.0000000000000000000, 0.0000000000000000000 ) ) ;
#10170 = DIRECTION ( 'NONE',  ( 0.0000000000000000000, 0.0000000000000000000, 1.000000000000000000 ) ) ;
#10171 = PLANE ( 'NONE',  #7168 ) ;
#10173 = VERTEX_POINT ( 'NONE', #8375 ) ;
#10172 = SURFACE_SIDE_STYLE ('',( #3625 ) ) ;
#10174 = CARTESIAN_POINT ( 'NONE',  ( -1.195978250521093200, 15.11695286011187600, 0.0000000000000000000 ) ) ;
#10175 = CARTESIAN_POINT ( 'NONE',  ( -18.00000000000000400, 28.41093935102359700, -1.250000000000000000 ) ) ;
#10176 = SURFACE_STYLE_FILL_AREA ( #3158 ) ;
#10177 = CARTESIAN_POINT ( 'NONE',  ( -17.45641399552000200, 23.44668840577000100, 1.763333675445000000 ) ) ;
#10178 = PRESENTATION_STYLE_ASSIGNMENT (( #3763 ) ) ;
#10179 = CIRCLE ( 'NONE', #7386, 0.9999999999999940000 ) ;
#10180 = ADVANCED_FACE ( 'NONE', ( #4450 ), #6978, .F. ) ;
#10181 = CARTESIAN_POINT ( 'NONE',  ( -0.3040217494789084800, -15.11695286011188200, 30.23390572022374600 ) ) ;
#10182 = ORIENTED_EDGE ( 'NONE', *, *, #3966, .T. ) ;
#10183 = CARTESIAN_POINT ( 'NONE',  ( -9.400000000000005700, 32.79000000000000600, -0.5000000000000000000 ) ) ;
#10184 = CARTESIAN_POINT ( 'NONE',  ( -19.83707796844000300, 26.30536051993000500, 0.1728868521394000300 ) ) ;
#10185 = VERTEX_POINT ( 'NONE', #5388 ) ;
#10186 = DIRECTION ( 'NONE',  ( 0.0000000000000000000, 0.0000000000000000000, 1.000000000000000000 ) ) ;
#10187 = CARTESIAN_POINT ( 'NONE',  ( -19.42681560181000600, 25.84749905935000000, -1.170054970391000400 ) ) ;
#10188 = STYLED_ITEM ( 'NONE', ( #4437 ), #2248 ) ;
#10189 = FACE_OUTER_BOUND ( 'NONE', #2602, .T. ) ;
#10190 = CARTESIAN_POINT ( 'NONE',  ( -1.444020278706815300, 15.46179454901447200, 30.92358909802895200 ) ) ;
#10191 = MECHANICAL_DESIGN_GEOMETRIC_PRESENTATION_REPRESENTATION (  '', ( #9007 ), #10803 ) ;
#10192 = CONICAL_SURFACE ( 'NONE', #4924, 16.70000000000000600, 0.7853981633974541600 ) ;
#10193 = VERTEX_POINT ( 'NONE', #172 ) ;
#10194 = CARTESIAN_POINT ( 'NONE',  ( -17.07001082570999600, 27.88698547169000400, 1.140676391126000100 ) ) ;
#10195 = ORIENTED_EDGE ( 'NONE', *, *, #5157, .T. ) ;
#10196 = CARTESIAN_POINT ( 'NONE',  ( -17.62658994240000300, 23.75871662688999900, 1.229551351601999800 ) ) ;
#10197 = ADVANCED_FACE ( 'NONE', ( #1318 ), #2933, .F. ) ;
#10198 = CARTESIAN_POINT ( 'NONE',  ( -17.67387815937450300, 23.89143385793285300, -1.217946272617741000 ) ) ;
#10199 = EDGE_CURVE ( 'NONE', #6271, #9913, #7183, .T. ) ;
#10200 = CARTESIAN_POINT ( 'NONE',  ( -16.75006023080656800, 27.77745479794600000, 0.1635348785512287800 ) ) ;
#10201 = STYLED_ITEM ( 'NONE', ( #7796 ), #4062 ) ;
#10202 = ORIENTED_EDGE ( 'NONE', *, *, #424, .T. ) ;
#10203 = PRESENTATION_LAYER_ASSIGNMENT (  '', '', ( #9025 ) ) ;
#10204 = CIRCLE ( 'NONE', #232, 15.05000000000000100 ) ;
#10205 = CARTESIAN_POINT ( 'NONE',  ( -9.000000000000001800, 39.89999999999999900, 3.149999999999999900 ) ) ;
#10206 = DIRECTION ( 'NONE',  ( 0.0000000000000000000, 0.0000000000000000000, -1.000000000000000000 ) ) ;
#10207 = CARTESIAN_POINT ( 'NONE',  ( -9.298000000000000000, 33.31879999999999600, 0.8000000000000000400 ) ) ;
#10208 = CARTESIAN_POINT ( 'NONE',  ( -18.55428204195279200, 23.57421735394165600, -1.123379960954291400 ) ) ;
#10209 = DIRECTION ( 'NONE',  ( 1.000000000000000000, 0.0000000000000000000, 0.0000000000000000000 ) ) ;
#10210 = CARTESIAN_POINT ( 'NONE',  ( -3.094154923304520000, 12.35138171769567400, -14.43848502140392000 ) ) ;
#10211 = ORIENTED_EDGE ( 'NONE', *, *, #918, .T. ) ;
#10212 = B_SPLINE_CURVE_WITH_KNOTS ( 'NONE', 3,
 ( #10032, #7402, #9150, #4809, #10939, #5685, #486, #6547, #1350, #7436 ),
 .UNSPECIFIED., .F., .F.,
 ( 4, 2, 2, 2, 4 ),
 ( 5.576130932149144500E-017, 0.0005026766380391563100, 0.001005353276078256900, 0.001508029914117357500, 0.002010706552156458300 ),
 .UNSPECIFIED. ) ;
#10213 = UNCERTAINTY_MEASURE_WITH_UNIT (LENGTH_MEASURE( 1.000000000000000100E-005 ), #3993, 'distance_accuracy_value', 'NONE');
#10214 = CARTESIAN_POINT ( 'NONE',  ( -17.14848010341000500, 22.63472943552000100, -1.636627375210000000 ) ) ;
#10215 = STYLED_ITEM ( 'NONE', ( #10354 ), #5853 ) ;
#10216 = CARTESIAN_POINT ( 'NONE',  ( -18.62604889110830400, 27.57933242432503100, -1.085004527152394900 ) ) ;
#10217 = EDGE_CURVE ( 'NONE', #3643, #2173, #522, .T. ) ;
#10218 = CARTESIAN_POINT ( 'NONE',  ( -16.57073984617000300, 25.49340154969000200, 1.167067610709000100 ) ) ;
#10219 = FACE_OUTER_BOUND ( 'NONE', #8650, .T. ) ;
#10220 = CARTESIAN_POINT ( 'NONE',  ( -17.80596285395000300, 25.03554008911001100, 1.834988126894000300 ) ) ;
#10221 = ORIENTED_EDGE ( 'NONE', *, *, #3423, .T. ) ;
#10222 = DIRECTION ( 'NONE',  ( 3.343628375672257800E-029, 1.000000000000000000, -5.782411586589326500E-015 ) ) ;
#10223 = DIRECTION ( 'NONE',  ( 1.000000000000000000, -0.0000000000000000000, -0.0000000000000000000 ) ) ;
#10224 = FACE_OUTER_BOUND ( 'NONE', #11139, .T. ) ;
#10225 = PRESENTATION_STYLE_ASSIGNMENT (( #8412 ) ) ;
#10226 = UNCERTAINTY_MEASURE_WITH_UNIT (LENGTH_MEASURE( 1.000000000000000100E-005 ), #10772, 'distance_accuracy_value', 'NONE');
#10227 = CARTESIAN_POINT ( 'NONE',  ( -17.86097957031000800, 27.07502650145000400, -1.465160581936999900 ) ) ;
#10228 = CARTESIAN_POINT ( 'NONE',  ( -17.40233679476000400, 22.94675765665000000, -1.137554512648999900 ) ) ;
#10229 =( GEOMETRIC_REPRESENTATION_CONTEXT ( 3 ) GLOBAL_UNCERTAINTY_ASSIGNED_CONTEXT ( ( #9164 ) ) GLOBAL_UNIT_ASSIGNED_CONTEXT ( ( #6335, #1132, #7215 ) ) REPRESENTATION_CONTEXT ( 'NONE', 'WORKASPACE' ) );
#10230 = DIRECTION ( 'NONE',  ( 0.0000000000000000000, 0.0000000000000000000, -1.000000000000000000 ) ) ;
#10231 = EDGE_LOOP ( 'NONE', ( #3024, #2729, #384, #1028 ) ) ;
#10232 = CARTESIAN_POINT ( 'NONE',  ( -27.89573601964000500, 22.61533598939000500, -9.000000000000001800 ) ) ;
#10233 = EDGE_CURVE ( 'NONE', #10337, #8962, #9516, .T. ) ;
#10234 = CARTESIAN_POINT ( 'NONE',  ( -0.3040217494789084200, 15.11695286011187600, 0.0000000000000000000 ) ) ;
#10235 = CARTESIAN_POINT ( 'NONE',  ( -15.68484856943329000, 18.45779815627876600, 1.290552537847736500 ) ) ;
#10236 = DIRECTION ( 'NONE',  ( -1.000000000000000000, -0.0000000000000000000, -0.0000000000000000000 ) ) ;
#10237 = DIRECTION ( 'NONE',  ( 0.0000000000000000000, 1.000000000000000000, 0.0000000000000000000 ) ) ;
#10238 = VERTEX_POINT ( 'NONE', #4605 ) ;
#10239 = LINE ( 'NONE', #6280, #5594 ) ;
#10240 = CARTESIAN_POINT ( 'NONE',  ( -9.298000000000000000, 32.75999999999999800, -0.6042639803575999800 ) ) ;
#10241 = DIRECTION ( 'NONE',  ( -1.000000000000000000, -0.0000000000000000000, 0.0000000000000000000 ) ) ;
#10242 = SURFACE_SIDE_STYLE ('',( #4502 ) ) ;
#10243 = CARTESIAN_POINT ( 'NONE',  ( -18.63042282889710700, 23.74545011389898300, 1.091778448489219700 ) ) ;
#10244 = DIRECTION ( 'NONE',  ( -0.0000000000000000000, 1.000000000000000000, -0.0000000000000000000 ) ) ;
#10245 = FILL_AREA_STYLE ('',( #8445 ) ) ;
#10246 = PRESENTATION_STYLE_ASSIGNMENT (( #10633 ) ) ;
#10247 = CARTESIAN_POINT ( 'NONE',  ( -16.45471505683326200, 24.58463534188404900, 0.3026179700817572300 ) ) ;
#10248 = CARTESIAN_POINT ( 'NONE',  ( -16.53751004523000400, 24.10611478597999700, 0.7820988334462999300 ) ) ;
#10249 = PRESENTATION_LAYER_ASSIGNMENT (  '', '', ( #9070 ) ) ;
#10250 = CARTESIAN_POINT ( 'NONE',  ( -13.73023254102312900, 17.51052856974520500, -5.974762891287780600 ) ) ;
#10251 = ORIENTED_EDGE ( 'NONE', *, *, #3509, .F. ) ;
#10252 = FACE_OUTER_BOUND ( 'NONE', #7015, .T. ) ;
#10253 = CARTESIAN_POINT ( 'NONE',  ( -18.32737076522194600, 27.76696604915403900, 1.217479500689364200 ) ) ;
#10254 = CARTESIAN_POINT ( 'NONE',  ( -18.19789611028999600, 24.68144257945000700, -1.834552385546000200 ) ) ;
#10255 = DIRECTION ( 'NONE',  ( -0.0000000000000000000, -1.000000000000000000, -0.0000000000000000000 ) ) ;
#10256 = CARTESIAN_POINT ( 'NONE',  ( -19.21794055959698300, 23.51646058541936000, -0.3258944261222842000 ) ) ;
#10257 = ORIENTED_EDGE ( 'NONE', *, *, #7262, .T. ) ;
#10258 = EDGE_CURVE ( 'NONE', #5121, #9708, #4866, .T. ) ;
#10259 = AXIS2_PLACEMENT_3D ( 'NONE', #7226, #8704, #5415 ) ;
#10260 = CARTESIAN_POINT ( 'NONE',  ( -18.11716397049999800, 26.32552591352999400, 1.323057290079000100 ) ) ;
#10261 = PRESENTATION_LAYER_ASSIGNMENT (  '', '', ( #9086 ) ) ;
#10262 = CARTESIAN_POINT ( 'NONE',  ( -17.99999999999978700, 25.41247799111086200, -1.250000000000001300 ) ) ;
#10263 = CARTESIAN_POINT ( 'NONE',  ( -16.70520054773000500, 24.41814300711000000, 0.6991106344671000900 ) ) ;
#10264 = STYLED_ITEM ( 'NONE', ( #6578 ), #9178 ) ;
#10265 = CARTESIAN_POINT ( 'NONE',  ( -16.77343811628475500, 24.77177604976754900, 0.2401695640238010700 ) ) ;
#10266 =( LENGTH_UNIT ( ) NAMED_UNIT ( * ) SI_UNIT ( .MILLI., .METRE. ) );
#10267 = CARTESIAN_POINT ( 'NONE',  ( -16.78294357213933800, 23.39199946310895200, 0.3282873874930196100 ) ) ;
#10268 = ORIENTED_EDGE ( 'NONE', *, *, #7431, .F. ) ;
#10269 = LINE ( 'NONE', #10003, #7937 ) ;
#10270 = SURFACE_STYLE_FILL_AREA ( #2170 ) ;
#10271 = PRESENTATION_STYLE_ASSIGNMENT (( #6225 ) ) ;
#10272 = SURFACE_STYLE_USAGE ( .BOTH. , #4158 ) ;
#10273 = ORIENTED_EDGE ( 'NONE', *, *, #9749, .T. ) ;
#10274 = DIRECTION ( 'NONE',  ( 0.0000000000000000000, 1.000000000000000000, 0.0000000000000000000 ) ) ;
#10275 = CARTESIAN_POINT ( 'NONE',  ( -16.90766386089306600, 25.82831364270958800, -0.6291370542296086400 ) ) ;
#10276 = MECHANICAL_DESIGN_GEOMETRIC_PRESENTATION_REPRESENTATION (  '', ( #9100 ), #10887 ) ;
#10277 = CARTESIAN_POINT ( 'NONE',  ( -16.66729924492114600, 24.70916582175123500, 0.2609517641598938500 ) ) ;
#10278 = CARTESIAN_POINT ( 'NONE',  ( -4.000000000000003600, 29.00000000000000000, -14.49999999999999800 ) ) ;
#10279 = STYLED_ITEM ( 'NONE', ( #1342 ), #9985 ) ;
#10280 = B_SPLINE_CURVE_WITH_KNOTS ( 'NONE', 3,
 ( #6878, #2502, #11312, #6061, #838, #6919, #1717, #7802 ),
 .UNSPECIFIED., .F., .F.,
 ( 4, 2, 2, 4 ),
 ( 7.087233142110985200E-018, 0.0003420719407353182000, 0.0006841438814706292500, 0.001368287762941252400 ),
 .UNSPECIFIED. ) ;
#10281 = CARTESIAN_POINT ( 'NONE',  ( -18.49188874840000800, 23.29415581574000200, -1.583856353207000000 ) ) ;
#10282 = FACE_OUTER_BOUND ( 'NONE', #7036, .T. ) ;
#10283 = VECTOR ( 'NONE', #10465, 1000.000000000000000 ) ;
#10284 = UNCERTAINTY_MEASURE_WITH_UNIT (LENGTH_MEASURE( 1.000000000000000100E-005 ), #3573, 'distance_accuracy_value', 'NONE');
#10285 = SURFACE_STYLE_FILL_AREA ( #875 ) ;
#10286 = FILL_AREA_STYLE_COLOUR ( '', #1353 ) ;
#10287 = ORIENTED_EDGE ( 'NONE', *, *, #4864, .F. ) ;
#10288 = ORIENTED_EDGE ( 'NONE', *, *, #9990, .F. ) ;
#10289 = CARTESIAN_POINT ( 'NONE',  ( -16.34914656614000400, 26.15282792991000000, -0.1588671700606000300 ) ) ;
#10290 = CARTESIAN_POINT ( 'NONE',  ( -7.589415207398531000E-016, 15.94956969548781000, -31.89913939097561600 ) ) ;
#10291 = CARTESIAN_POINT ( 'NONE',  ( -16.75003845771591700, 23.27617565509068200, 0.1649539188700455400 ) ) ;
#10292 = COLOUR_RGB ( '',0.1098039215686274500, 0.1098039215686274500, 0.1098039215686274500 ) ;
#10293 = FILL_AREA_STYLE ('',( #8618 ) ) ;
#10294 = PRESENTATION_STYLE_ASSIGNMENT (( #2456 ) ) ;
#10295 =( GEOMETRIC_REPRESENTATION_CONTEXT ( 3 ) GLOBAL_UNCERTAINTY_ASSIGNED_CONTEXT ( ( #341 ) ) GLOBAL_UNIT_ASSIGNED_CONTEXT ( ( #2146, #8245, #3020 ) ) REPRESENTATION_CONTEXT ( 'NONE', 'WORKASPACE' ) );
#10296 = LINE ( 'NONE', #2793, #7963 ) ;
#10297 = EDGE_CURVE ( 'NONE', #86, #5187, #6901, .T. ) ;
#10298 = ORIENTED_EDGE ( 'NONE', *, *, #7397, .T. ) ;
#10299 = CARTESIAN_POINT ( 'NONE',  ( -19.05067534885000700, 27.73445288167000600, -1.283213461635000200 ) ) ;
#10300 = CYLINDRICAL_SURFACE ( 'NONE', #3457, 19.00000000000000000 ) ;
#10301 = CARTESIAN_POINT ( 'NONE',  ( -16.90724404260645700, 25.24565237099415100, 0.6286332010993204200 ) ) ;
#10302 = CARTESIAN_POINT ( 'NONE',  ( -18.43061959852000700, 23.60618403686999400, -1.407333994496000200 ) ) ;
#10303 =( LENGTH_UNIT ( ) NAMED_UNIT ( * ) SI_UNIT ( .MILLI., .METRE. ) );
#10304 = VECTOR ( 'NONE', #985, 1000.000000000000000 ) ;
#10305 = ADVANCED_FACE ( 'NONE', ( #2252 ), #8108, .T. ) ;
#10306 = VECTOR ( 'NONE', #1282, 1000.000000000000000 ) ;
#10307 = CARTESIAN_POINT ( 'NONE',  ( -0.6470537030290185500, 15.05000000000000100, 0.0000000000000000000 ) ) ;
#10308 = ORIENTED_EDGE ( 'NONE', *, *, #11161, .F. ) ;
#10309 = MECHANICAL_DESIGN_GEOMETRIC_PRESENTATION_REPRESENTATION (  '', ( #8558 ), #10919 ) ;
#10310 = SURFACE_STYLE_USAGE ( .BOTH. , #10029 ) ;
#10311 =( LENGTH_UNIT ( ) NAMED_UNIT ( * ) SI_UNIT ( .MILLI., .METRE. ) );
#10312 = VECTOR ( 'NONE', #3056, 1000.000000000000000 ) ;
#10313 = CARTESIAN_POINT ( 'NONE',  ( -28.00000000000000400, 14.57553825991000100, 12.48000000000000200 ) ) ;
#10314 =( LENGTH_UNIT ( ) NAMED_UNIT ( * ) SI_UNIT ( .MILLI., .METRE. ) );
#10315 = EDGE_LOOP ( 'NONE', ( #242, #3385, #5234 ) ) ;
#10316 = EDGE_LOOP ( 'NONE', ( #10853, #5648, #4856, #1417, #3301 ) ) ;
#10317 =( BOUNDED_CURVE ( )  B_SPLINE_CURVE ( 3, ( #359, #5559, #9942, #4720 ),
 .UNSPECIFIED., .F., .F. ) 
 B_SPLINE_CURVE_WITH_KNOTS ( ( 4, 4 ),
 ( 4.874788804553936900, 6.147311966603460600 ),
 .UNSPECIFIED. ) 
 CURVE ( )  GEOMETRIC_REPRESENTATION_ITEM ( )  RATIONAL_B_SPLINE_CURVE ( ( 1.000000000000000000, 0.8695484763366228000, 0.8695484763366228000, 1.000000000000000000 ) ) 
 REPRESENTATION_ITEM ( '' )  );
#10318 = CARTESIAN_POINT ( 'NONE',  ( -1.500000000000001300, 0.0000000000000000000, 17.00000000000000000 ) ) ;
#10319 = CARTESIAN_POINT ( 'NONE',  ( -3.000000000000002700, 1.169537693185723000E-015, -9.550000000000002500 ) ) ;
#10320 = VERTEX_POINT ( 'NONE', #9137 ) ;
#10321 = CARTESIAN_POINT ( 'NONE',  ( -16.62784081316000200, 24.74472170542999200, -0.04629346249965998700 ) ) ;
#10322 = COLOUR_RGB ( '',0.9803921568627450600, 0.6274509803921568500, 0.0000000000000000000 ) ;
#10323 = SURFACE_STYLE_FILL_AREA ( #2263 ) ;
#10324 = CARTESIAN_POINT ( 'NONE',  ( -18.99941309297625800, 27.58996310384515000, 0.7683074629415430600 ) ) ;
#10325 = ORIENTED_EDGE ( 'NONE', *, *, #4962, .T. ) ;
#10326 = EDGE_CURVE ( 'NONE', #10543, #8140, #10473, .T. ) ;
#10327 = CARTESIAN_POINT ( 'NONE',  ( -19.28680859863000700, 25.34086895967000100, -1.046269138011999900 ) ) ;
#10328 = SURFACE_SIDE_STYLE ('',( #4505 ) ) ;
#10329 = CARTESIAN_POINT ( 'NONE',  ( -19.39385417521625100, 28.89971374240003900, -0.3990192755190180000 ) ) ;
#10330 =( GEOMETRIC_REPRESENTATION_CONTEXT ( 3 ) GLOBAL_UNCERTAINTY_ASSIGNED_CONTEXT ( ( #8914 ) ) GLOBAL_UNIT_ASSIGNED_CONTEXT ( ( #626, #667, #588 ) ) REPRESENTATION_CONTEXT ( 'NONE', 'WORKASPACE' ) );
#10331 = PRESENTATION_LAYER_ASSIGNMENT (  '', '', ( #9146 ) ) ;
#10332 = DIRECTION ( 'NONE',  ( 0.0000000000000000000, 0.0000000000000000000, -1.000000000000000000 ) ) ;
#10333 = ORIENTED_EDGE ( 'NONE', *, *, #3901, .F. ) ;
#10334 =( NAMED_UNIT ( * ) SI_UNIT ( $, .STERADIAN. ) SOLID_ANGLE_UNIT ( ) );
#10335 = MECHANICAL_DESIGN_GEOMETRIC_PRESENTATION_REPRESENTATION (  '', ( #9149 ), #10938 ) ;
#10336 = ADVANCED_FACE ( 'NONE', ( #8128 ), #9367, .T. ) ;
#10337 = VERTEX_POINT ( 'NONE', #6610 ) ;
#10338 = CARTESIAN_POINT ( 'NONE',  ( -18.15320543555000300, 26.92249391142999200, 1.651388377278999900 ) ) ;
#10339 = SURFACE_SIDE_STYLE ('',( #4384 ) ) ;
#10340 = CARTESIAN_POINT ( 'NONE',  ( -18.68178901490000100, 22.79422506662000100, 1.304296693499999800 ) ) ;
#10341 = CARTESIAN_POINT ( 'NONE',  ( -16.88398511595353600, 28.72888137025450600, 0.6417442410193046100 ) ) ;
#10342 = LINE ( 'NONE', #8178, #8009 ) ;
#10344 = LINE ( 'NONE', #9903, #1338 ) ;
#10343 = CARTESIAN_POINT ( 'NONE',  ( -18.60791584287000000, 28.39371258540000300, 1.610424250974999700 ) ) ;
#10345 = EDGE_CURVE ( 'NONE', #7635, #6226, #379, .T. ) ;
#10346 = CARTESIAN_POINT ( 'NONE',  ( -18.82625464630396200, 27.09467600953141500, -0.9415155614886333600 ) ) ;
#10347 = PRESENTATION_LAYER_ASSIGNMENT (  '', '', ( #9763 ) ) ;
#10348 = DIRECTION ( 'NONE',  ( 0.0000000000000000000, 1.000000000000000000, 0.0000000000000000000 ) ) ;
#10349 = AXIS2_PLACEMENT_3D ( 'NONE', #5070, #11191, #5933 ) ;
#10350 = SURFACE_STYLE_FILL_AREA ( #8299 ) ;
#10351 = EDGE_LOOP ( 'NONE', ( #8567, #930 ) ) ;
#10352 = LINE ( 'NONE', #1095, #3666 ) ;
#10353 = UNCERTAINTY_MEASURE_WITH_UNIT (LENGTH_MEASURE( 1.000000000000000100E-005 ), #6596, 'distance_accuracy_value', 'NONE');
#10354 = PRESENTATION_STYLE_ASSIGNMENT (( #3351 ) ) ;
#10355 = SURFACE_SIDE_STYLE ('',( #447 ) ) ;
#10356 = DIRECTION ( 'NONE',  ( 0.0000000000000000000, 1.000000000000000000, 0.0000000000000000000 ) ) ;
#10357 = CARTESIAN_POINT ( 'NONE',  ( -28.00000000000000400, 22.50000000000000000, 0.0000000000000000000 ) ) ;
#10358 = PRESENTATION_STYLE_ASSIGNMENT (( #3532 ) ) ;
#10359 =( NAMED_UNIT ( * ) PLANE_ANGLE_UNIT ( ) SI_UNIT ( $, .RADIAN. ) );
#10360 = CARTESIAN_POINT ( 'NONE',  ( -17.83580980783019500, 22.52798417149080000, -1.250000000000629900 ) ) ;
#10361 = CARTESIAN_POINT ( 'NONE',  ( -3.602889551118622500, 29.00000000000000400, 14.30581863478482400 ) ) ;
#10362 = FILL_AREA_STYLE_COLOUR ( '', #3368 ) ;
#10363 = SURFACE_STYLE_FILL_AREA ( #2929 ) ;
#10364 = CARTESIAN_POINT ( 'NONE',  ( -19.29926807767000000, 23.95358219595999600, -0.6913209625029002000 ) ) ;
#10365 = ORIENTED_EDGE ( 'NONE', *, *, #5859, .F. ) ;
#10366 =( GEOMETRIC_REPRESENTATION_CONTEXT ( 3 ) GLOBAL_UNCERTAINTY_ASSIGNED_CONTEXT ( ( #3029 ) ) GLOBAL_UNIT_ASSIGNED_CONTEXT ( ( #666, #6718, #1521 ) ) REPRESENTATION_CONTEXT ( 'NONE', 'WORKASPACE' ) );
#10367 = CYLINDRICAL_SURFACE ( 'NONE', #6278, 9.549999999999998900 ) ;
#10368 = MECHANICAL_DESIGN_GEOMETRIC_PRESENTATION_REPRESENTATION (  '', ( #9181 ), #10968 ) ;
#10369 = DIRECTION ( 'NONE',  ( 0.0000000000000000000, 0.0000000000000000000, 1.000000000000000000 ) ) ;
#10370 = EDGE_CURVE ( 'NONE', #2877, #2155, #5012, .T. ) ;
#10371 = CARTESIAN_POINT ( 'NONE',  ( -16.83276231320000300, 24.59136837175000100, 0.9369428493155002000 ) ) ;
#10372 = SURFACE_SIDE_STYLE ('',( #8050 ) ) ;
#10373 = UNCERTAINTY_MEASURE_WITH_UNIT (LENGTH_MEASURE( 1.000000000000000100E-005 ), #44, 'distance_accuracy_value', 'NONE');
#10374 = SURFACE_SIDE_STYLE ('',( #9598 ) ) ;
#10375 = SURFACE_STYLE_FILL_AREA ( #5107 ) ;
#10376 = ORIENTED_EDGE ( 'NONE', *, *, #10458, .T. ) ;
#10377 = VERTEX_POINT ( 'NONE', #4921 ) ;
#10378 = ADVANCED_FACE ( 'NONE', ( #7032 ), #7298, .F. ) ;
#10379 = CARTESIAN_POINT ( 'NONE',  ( -19.83536800530000100, 28.39387926187999900, -0.1915966012854999600 ) ) ;
#10380 = SURFACE_SIDE_STYLE ('',( #3295 ) ) ;
#10381 = CARTESIAN_POINT ( 'NONE',  ( -19.46085126797000300, 24.26561041708000100, -0.7851585972131999200 ) ) ;
#10382 = CARTESIAN_POINT ( 'NONE',  ( -16.97824796706000300, 26.40239776870000900, 0.8486641102349999900 ) ) ;
#10383 = MECHANICAL_DESIGN_GEOMETRIC_PRESENTATION_REPRESENTATION (  '', ( #8626 ), #10983 ) ;
#10384 = PRESENTATION_STYLE_ASSIGNMENT (( #5151 ) ) ;
#10385 = CARTESIAN_POINT ( 'NONE',  ( -16.57352497643000400, 27.60257307594000400, -1.170470163044000200 ) ) ;
#10386 = LINE ( 'NONE', #7379, #3692 ) ;
#10387 = EDGE_CURVE ( 'NONE', #4146, #1081, #3894, .T. ) ;
#10388 = ORIENTED_EDGE ( 'NONE', *, *, #6689, .T. ) ;
#10389 = CARTESIAN_POINT ( 'NONE',  ( -17.99999999999976600, 27.28755209424728200, 1.249999999999999800 ) ) ;
#10390 = FILL_AREA_STYLE_COLOUR ( '', #8310 ) ;
#10391 = FILL_AREA_STYLE ('',( #9517 ) ) ;
#10392 = ADVANCED_FACE ( 'NONE', ( #7314 ), #1862, .T. ) ;
#10393 = PLANE ( 'NONE',  #9278 ) ;
#10394 = FILL_AREA_STYLE_COLOUR ( '', #3741 ) ;
#10395 =( LENGTH_UNIT ( ) NAMED_UNIT ( * ) SI_UNIT ( .MILLI., .METRE. ) );
#10396 = CARTESIAN_POINT ( 'NONE',  ( -18.32331975972814000, 26.93260164827288200, -1.210218274773965200 ) ) ;
#10397 = DIRECTION ( 'NONE',  ( 0.0000000000000000000, 0.0000000000000000000, -1.000000000000000000 ) ) ;
#10398 = VERTEX_POINT ( 'NONE', #2733 ) ;
#10399 = SURFACE_STYLE_FILL_AREA ( #8241 ) ;
#10400 = DIRECTION ( 'NONE',  ( 0.0000000000000000000, -1.000000000000000000, 0.0000000000000000000 ) ) ;
#10401 = VECTOR ( 'NONE', #932, 1000.000000000000000 ) ;
#10402 = CARTESIAN_POINT ( 'NONE',  ( -17.56055694900000200, 23.14162322571999700, 1.404603334865000000 ) ) ;
#10403 = AXIS2_PLACEMENT_3D ( 'NONE', #4439, #10569, #5343 ) ;
#10404 = PRESENTATION_LAYER_ASSIGNMENT (  '', '', ( #11008 ) ) ;
#10405 = B_SPLINE_SURFACE_WITH_KNOTS ( 'NONE', 3, 3, ( 
 ( #10934, #3080, #9185, #3960, #10068, #4849, #10974, #5721, #525, #6581, #1386, #7470, #2237, #8340, #3119, #9228, #3998, #10109, #4891, #11011, #5763, #564, #6620, #1420, #7510, #2273, #8388, #3153, #9272, #4032, #10151, #4932, #11052, #5805, #605 ),
 ( #6658, #1466, #7547, #2314, #8425, #3197, #9309, #4077, #10194, #4973, #11091, #5847, #646, #6698, #1500, #7590, #2353, #8465, #3238, #9349, #4108, #10227, #5017, #11132, #5884, #683, #6738, #1541, #7631, #2401, #8509, #3274, #9391, #4147, #10260 ),
 ( #5053, #11174, #5919, #714, #6780, #1573, #7666, #2443, #8548, #3313, #9431, #4187, #10299, #5091, #11215, #5957, #745, #6818, #1614, #7706, #2477, #8583, #3353, #9465, #4223, #10338, #5122, #11250, #5991, #776, #6848, #1653, #7744, #2517, #8620 ),
 ( #3391, #9506, #4252, #10379, #5162, #11285, #6033, #809, #6889, #1689, #7776, #2553, #8660, #3426, #9550, #4293, #10413, #5198, #11325, #6070, #847, #6927, #1728, #7808, #2591, #8698, #3460, #9587, #4331, #10461, #5233, #26, #6107, #887, #6967 ) ),
 .UNSPECIFIED., .F., .F., .F.,
 ( 4, 4 ),
 ( 4, 1, 1, 1, 1, 1, 1, 1, 1, 1, 1, 1, 1, 1, 1, 1, 1, 1, 1, 1, 1, 1, 1, 1, 1, 1, 1, 1, 1, 1, 1, 1, 4 ),
 ( -0.2778315559672000500, 1.277831555966999700 ),
 ( -0.02000000000000000000, 0.01250000000000000100, 0.04499999999999999800, 0.07749999999999999900, 0.1100000000000000100, 0.1424999999999999900, 0.1750000000000000400, 0.2074999999999999900, 0.2399999999999999900, 0.2725000000000000200, 0.3049999999999999900, 0.3374999999999999700, 0.3700000000000000500, 0.4024999999999999700, 0.4350000000000000000, 0.4675000000000000300, 0.5000000000000000000, 0.5324999999999999700, 0.5649999999999999500, 0.5975000000000000300, 0.6300000000000000000, 0.6624999999999999800, 0.6950000000000000600, 0.7275000000000000400, 0.7600000000000000100, 0.7924999999999999800, 0.8250000000000000700, 0.8575000000000001500, 0.8900000000000001200, 0.9224999999999999900, 0.9550000000000000700, 0.9875000000000002700, 1.020000000000000000 ),
 .UNSPECIFIED. ) ;
#10406 = ORIENTED_EDGE ( 'NONE', *, *, #4940, .F. ) ;
#10407 = SURFACE_STYLE_FILL_AREA ( #6811 ) ;
#10408 = CARTESIAN_POINT ( 'NONE',  ( -19.46467527838000700, 26.00029533987999700, 0.1440435287663999800 ) ) ;
#10409 = ADVANCED_FACE ( 'NONE', ( #5409 ), #8941, .T. ) ;
#10410 = PLANE ( 'NONE',  #7654 ) ;
#10411 = EDGE_CURVE ( 'NONE', #9306, #3397, #6885, .T. ) ;
#10412 = AXIS2_PLACEMENT_3D ( 'NONE', #9343, #10222, #5950 ) ;
#10413 = CARTESIAN_POINT ( 'NONE',  ( -16.82803843280000000, 27.58192029163999900, 1.425249971163999900 ) ) ;
#10414 = ORIENTED_EDGE ( 'NONE', *, *, #8544, .T. ) ;
#10415 = LINE ( 'NONE', #8025, #10137 ) ;
#10416 = MECHANICAL_DESIGN_GEOMETRIC_PRESENTATION_REPRESENTATION (  '', ( #7479 ), #11021 ) ;
#10417 = CARTESIAN_POINT ( 'NONE',  ( -2.999999999999642500, 28.79289321881362800, 14.00000000000228100 ) ) ;
#10418 = UNCERTAINTY_MEASURE_WITH_UNIT (LENGTH_MEASURE( 1.000000000000000100E-005 ), #10058, 'distance_accuracy_value', 'NONE');
#10419 = CARTESIAN_POINT ( 'NONE',  ( -17.51142564685000000, 23.45365144683999500, 1.584881882053000200 ) ) ;
#10420 = PRESENTATION_LAYER_ASSIGNMENT (  '', '', ( #11023 ) ) ;
#10421 = CARTESIAN_POINT ( 'NONE',  ( -16.75010541633323800, 23.90294770705805000, 0.1638230660816821800 ) ) ;
#10422 = CARTESIAN_POINT ( 'NONE',  ( -19.13802419888000400, 25.65289718079000300, -0.9332326256081002700 ) ) ;
#10423 = ADVANCED_FACE ( 'NONE', ( #4574 ), #1182, .F. ) ;
#10424 = VECTOR ( 'NONE', #9838, 1000.000000000000000 ) ;
#10425 = CARTESIAN_POINT ( 'NONE',  ( -19.83750520506000800, 26.79061410569999800, -0.1685339095368000000 ) ) ;
#10426 = DIRECTION ( 'NONE',  ( -1.000000000000000000, 0.0000000000000000000, 0.0000000000000000000 ) ) ;
#10427 = ORIENTED_EDGE ( 'NONE', *, *, #3360, .F. ) ;
#10428 = CARTESIAN_POINT ( 'NONE',  ( -23.38000000000000300, 15.76490173463226300, -9.870555875805004900 ) ) ;
#10429 = SURFACE_SIDE_STYLE ('',( #3739 ) ) ;
#10430 = ORIENTED_EDGE ( 'NONE', *, *, #7397, .F. ) ;
#10431 = CIRCLE ( 'NONE', #1869, 15.05000000000000100 ) ;
#10432 = CARTESIAN_POINT ( 'NONE',  ( -15.60000000000000300, 38.89999999999999100, 9.099999999999999600 ) ) ;
#10433 = CARTESIAN_POINT ( 'NONE',  ( -17.43496702015941200, 28.69969027896040700, 1.114809932000439000 ) ) ;
#10434 = CARTESIAN_POINT ( 'NONE',  ( -1.444020278706814200, 16.78820545322528400, 33.57641090645057600 ) ) ;
#10435 = CARTESIAN_POINT ( 'NONE',  ( -18.76266571740710600, 27.11001197316660300, 0.9937285645316097400 ) ) ;
#10436 =( LENGTH_UNIT ( ) NAMED_UNIT ( * ) SI_UNIT ( .MILLI., .METRE. ) );
#10437 = AXIS2_PLACEMENT_3D ( 'NONE', #3924, #10026, #4804 ) ;
#10438 = CARTESIAN_POINT ( 'NONE',  ( -19.09238455770187300, 24.12055231145437900, -0.6290426882211103100 ) ) ;
#10440 = ORIENTED_EDGE ( 'NONE', *, *, #6227, .F. ) ;
#10439 = CARTESIAN_POINT ( 'NONE',  ( -9.350000000000005000, 32.82000000000000000, 0.5000000000000000000 ) ) ;
#10441 = CARTESIAN_POINT ( 'NONE',  ( -19.21809312533213900, 24.05859336019432600, 0.3255711192681313100 ) ) ;
#10442 = MECHANICAL_DESIGN_GEOMETRIC_PRESENTATION_REPRESENTATION (  '', ( #9260 ), #11040 ) ;
#10443 = EDGE_CURVE ( 'NONE', #8933, #8538, #5813, .T. ) ;
#10444 = COLOUR_RGB ( '',0.9803921568627450600, 0.6274509803921568500, 0.0000000000000000000 ) ;
#10445 = CARTESIAN_POINT ( 'NONE',  ( -19.23071526220000400, 24.61300857618000000, 0.3695559064167999700 ) ) ;
#10446 = CONICAL_SURFACE ( 'NONE', #4666, 11.60000000000000000, 0.7853981633974511700 ) ;
#10447 = ORIENTED_EDGE ( 'NONE', *, *, #6193, .F. ) ;
#10448 = ORIENTED_EDGE ( 'NONE', *, *, #6705, .T. ) ;
#10449 = CARTESIAN_POINT ( 'NONE',  ( -3.000000000000002700, 1.235171079313854300E-008, 1.136543937106432600E-011 ) ) ;
#10450 = FILL_AREA_STYLE_COLOUR ( '', #10858 ) ;
#10451 = CARTESIAN_POINT ( 'NONE',  ( -16.85614144897000300, 25.18833636963999800, 0.9260722571788001500 ) ) ;
#10452 = EDGE_LOOP ( 'NONE', ( #3536, #11173, #7664, #2030 ) ) ;
#10453 = DIRECTION ( 'NONE',  ( 1.000000000000000000, -0.0000000000000000000, -0.0000000000000000000 ) ) ;
#10454 = ADVANCED_FACE ( 'NONE', ( #8117 ), #1145, .T. ) ;
#10455 = CARTESIAN_POINT ( 'NONE',  ( -9.350000000000005000, 34.00000000000000000, 0.03000000000000000200 ) ) ;
#10456 = MECHANICAL_DESIGN_GEOMETRIC_PRESENTATION_REPRESENTATION (  '', ( #8692 ), #11056 ) ;
#10457 = SURFACE_STYLE_FILL_AREA ( #2879 ) ;
#10458 = EDGE_CURVE ( 'NONE', #8119, #1727, #369, .T. ) ;
#10459 = VERTEX_POINT ( 'NONE', #8138 ) ;
#10460 = CARTESIAN_POINT ( 'NONE',  ( -19.25010494937172100, 24.17313862275348800, 0.1622102389662524500 ) ) ;
#10461 = CARTESIAN_POINT ( 'NONE',  ( -17.83337930589000600, 26.76996132140000000, -1.837680333405000300 ) ) ;
#10462 = DIRECTION ( 'NONE',  ( 0.0000000000000000000, 1.000000000000000000, 0.0000000000000000000 ) ) ;
#10463 = ORIENTED_EDGE ( 'NONE', *, *, #6427, .F. ) ;
#10464 = CARTESIAN_POINT ( 'NONE',  ( -17.23465508820000400, 22.64169247660000700, -1.470998433688000000 ) ) ;
#10465 = DIRECTION ( 'NONE',  ( 1.000000000000000000, 0.0000000000000000000, 0.0000000000000000000 ) ) ;
#10466 = CARTESIAN_POINT ( 'NONE',  ( -16.90568874845000400, 24.32724805576000200, 0.4893406645822000500 ) ) ;
#10467 = VECTOR ( 'NONE', #76, 1000.000000000000000 ) ;
#10468 = CARTESIAN_POINT ( 'NONE',  ( -17.82953814193999900, 28.26199945616000200, -1.649696423195000000 ) ) ;
#10469 = DIRECTION ( 'NONE',  ( 0.0000000000000000000, 0.0000000000000000000, 1.000000000000000000 ) ) ;
#10470 = LINE ( 'NONE', #2838, #7853 ) ;
#10471 = CARTESIAN_POINT ( 'NONE',  ( -16.99895653588938800, 24.96484493944803500, -0.7665488974580438900 ) ) ;
#10472 = CARTESIAN_POINT ( 'NONE',  ( -18.55424187033873600, 25.12563557319960900, 1.123401424490493300 ) ) ;
#10473 = CIRCLE ( 'NONE', #6474, 17.10000000000000100 ) ;
#10474 = SURFACE_STYLE_USAGE ( .BOTH. , #10429 ) ;
#10475 = ORIENTED_EDGE ( 'NONE', *, *, #311, .F. ) ;
#10476 = UNCERTAINTY_MEASURE_WITH_UNIT (LENGTH_MEASURE( 1.000000000000000100E-005 ), #10751, 'distance_accuracy_value', 'NONE');
#10477 = MECHANICAL_DESIGN_GEOMETRIC_PRESENTATION_REPRESENTATION (  '', ( #8708 ), #11072 ) ;
#10478 = VERTEX_POINT ( 'NONE', #7263 ) ;
#10479 = CARTESIAN_POINT ( 'NONE',  ( -18.00000000000057200, 26.66248011597604500, 1.250000000000000000 ) ) ;
#10480 = AXIS2_PLACEMENT_3D ( 'NONE', #8391, #9190, #6661 ) ;
#10481 = FILL_AREA_STYLE_COLOUR ( '', #6678 ) ;
#10482 = CARTESIAN_POINT ( 'NONE',  ( -19.16561567166303000, 28.63319955306589300, -0.4638611311323684900 ) ) ;
#10483 = SURFACE_SIDE_STYLE ('',( #3051 ) ) ;
#10484 =( LENGTH_UNIT ( ) NAMED_UNIT ( * ) SI_UNIT ( .MILLI., .METRE. ) );
#10485 = CARTESIAN_POINT ( 'NONE',  ( -3.000000000000002700, 28.49999987499999700, 14.00000000000000000 ) ) ;
#10486 = FILL_AREA_STYLE ('',( #10362 ) ) ;
#10487 = VERTEX_POINT ( 'NONE', #2041 ) ;
#10488 = CARTESIAN_POINT ( 'NONE',  ( -16.86432648315000500, 23.80104960594000100, 0.6012297852217000100 ) ) ;
#10489 = ADVANCED_FACE ( 'NONE', ( #5005 ), #9019, .T. ) ;
#10490 = PRESENTATION_STYLE_ASSIGNMENT (( #5782 ) ) ;
#10491 = CARTESIAN_POINT ( 'NONE',  ( -30.50000000000000700, 22.50000000000000000, -9.000000000000001800 ) ) ;
#10492 = EDGE_CURVE ( 'NONE', #9404, #9389, #6203, .T. ) ;
#10493 = CARTESIAN_POINT ( 'NONE',  ( -18.32715949563579000, 25.55870691177093300, -1.217503054134470500 ) ) ;
#10494 = CARTESIAN_POINT ( 'NONE',  ( -18.82006148178000500, 26.65972172010000200, 0.9894193891750999700 ) ) ;
#10495 = FILL_AREA_STYLE_COLOUR ( '', #1511 ) ;
#10496 = CARTESIAN_POINT ( 'NONE',  ( -17.00117839089669000, 24.33882888587884700, -0.7690174541686715100 ) ) ;
#10497 = AXIS2_PLACEMENT_3D ( 'NONE', #2564, #2606, #2636 ) ;
#10498 = ORIENTED_EDGE ( 'NONE', *, *, #100, .T. ) ;
#10499 = PRESENTATION_LAYER_ASSIGNMENT (  '', '', ( #8727 ) ) ;
#10500 = CARTESIAN_POINT ( 'NONE',  ( -18.76191081895558500, 23.09028356585625400, -0.9943144715615066500 ) ) ;
#10501 = DIRECTION ( 'NONE',  ( 1.000000000000000000, -0.0000000000000000000, -0.0000000000000000000 ) ) ;
#10502 =( GEOMETRIC_REPRESENTATION_CONTEXT ( 3 ) GLOBAL_UNCERTAINTY_ASSIGNED_CONTEXT ( ( #10866 ) ) GLOBAL_UNIT_ASSIGNED_CONTEXT ( ( #2972, #9069, #3851 ) ) REPRESENTATION_CONTEXT ( 'NONE', 'WORKASPACE' ) );
#10503 = FACE_OUTER_BOUND ( 'NONE', #125, .T. ) ;
#10504 = DIRECTION ( 'NONE',  ( -0.0000000000000000000, -0.0000000000000000000, -1.000000000000000000 ) ) ;
#10505 = DIRECTION ( 'NONE',  ( 1.000000000000000000, 0.0000000000000000000, 3.469446951953614200E-015 ) ) ;
#10506 = CARTESIAN_POINT ( 'NONE',  ( -16.37283912672000200, 24.11307782706000300, 0.8701602473744001200 ) ) ;
#10507 = CARTESIAN_POINT ( 'NONE',  ( -9.400000000000005700, 36.90000000000000600, 0.0000000000000000000 ) ) ;
#10508 = CARTESIAN_POINT ( 'NONE',  ( -17.09561554016000100, 24.30642859497999100, 0.7259503032373001400 ) ) ;
#10509 = EDGE_LOOP ( 'NONE', ( #874, #5665, #7089, #876, #5154 ) ) ;
#10510 =( BOUNDED_CURVE ( )  B_SPLINE_CURVE ( 3, ( #7858, #8742, #3512, #9636 ),
 .UNSPECIFIED., .F., .T. ) 
 B_SPLINE_CURVE_WITH_KNOTS ( ( 4, 4 ),
 ( 0.1358733405761344000, 1.408396502625649700 ),
 .UNSPECIFIED. ) 
 CURVE ( )  GEOMETRIC_REPRESENTATION_ITEM ( )  RATIONAL_B_SPLINE_CURVE ( ( 1.000000000000000000, 0.8695484763366244700, 0.8695484763366244700, 1.000000000000000000 ) ) 
 REPRESENTATION_ITEM ( '' )  );
#10511 = CARTESIAN_POINT ( 'NONE',  ( -19.27991023684000300, 27.45004048591000900, 1.054696764153000100 ) ) ;
#10512 = LINE ( 'NONE', #6614, #2708 ) ;
#10513 = EDGE_CURVE ( 'NONE', #2391, #10913, #8532, .T. ) ;
#10514 = COLOUR_RGB ( '',0.0000000000000000000, 0.0000000000000000000, 0.0000000000000000000 ) ;
#10515 = CARTESIAN_POINT ( 'NONE',  ( -32.50000000000000000, 28.49999999999999600, -14.00000000000000200 ) ) ;
#10516 = PRESENTATION_LAYER_ASSIGNMENT (  '', '', ( #9325 ) ) ;
#10517 =( LENGTH_UNIT ( ) NAMED_UNIT ( * ) SI_UNIT ( .MILLI., .METRE. ) );
#10518 = AXIS2_PLACEMENT_3D ( 'NONE', #8199, #2980, #9078 ) ;
#10519 = PRESENTATION_STYLE_ASSIGNMENT (( #10524 ) ) ;
#10520 = EDGE_LOOP ( 'NONE', ( #6282, #9056, #9280, #6619 ) ) ;
#10521 = VECTOR ( 'NONE', #2684, 1000.000000000000000 ) ;
#10522 = CARTESIAN_POINT ( 'NONE',  ( -16.90722624925335200, 25.95497388668279700, -0.6285947852746436300 ) ) ;
#10523 = FILL_AREA_STYLE_COLOUR ( '', #4130 ) ;
#10524 = SURFACE_STYLE_USAGE ( .BOTH. , #4389 ) ;
#10525 = CARTESIAN_POINT ( 'NONE',  ( -10.37101497150898200, 14.57501224476763500, 8.755189861857470400 ) ) ;
#10526 = DIRECTION ( 'NONE',  ( -1.000000000000000000, 0.0000000000000000000, 0.0000000000000000000 ) ) ;
#10527 = CARTESIAN_POINT ( 'NONE',  ( -32.00000000000000000, 28.49999999999999600, 15.00000000000000000 ) ) ;
#10528 = CARTESIAN_POINT ( 'NONE',  ( -18.38627589989000200, 22.98909063570000200, -1.225660022496999800 ) ) ;
#10529 = PRESENTATION_STYLE_ASSIGNMENT (( #7874 ) ) ;
#10530 = AXIS2_PLACEMENT_3D ( 'NONE', #10719, #5474, #271 ) ;
#10531 = ORIENTED_EDGE ( 'NONE', *, *, #3863, .F. ) ;
#10532 = ORIENTED_EDGE ( 'NONE', *, *, #5283, .T. ) ;
#10533 =( GEOMETRIC_REPRESENTATION_CONTEXT ( 3 ) GLOBAL_UNCERTAINTY_ASSIGNED_CONTEXT ( ( #1263 ) ) GLOBAL_UNIT_ASSIGNED_CONTEXT ( ( #7607, #2372, #8485 ) ) REPRESENTATION_CONTEXT ( 'NONE', 'WORKASPACE' ) );
#10534 =( NAMED_UNIT ( * ) PLANE_ANGLE_UNIT ( ) SI_UNIT ( $, .RADIAN. ) );
#10535 = CARTESIAN_POINT ( 'NONE',  ( -16.40000000000000600, 33.89999999999999900, -7.600000000000000500 ) ) ;
#10536 = EDGE_CURVE ( 'NONE', #1690, #682, #9355, .T. ) ;
#10537 = DIRECTION ( 'NONE',  ( -1.000000000000000000, -0.0000000000000000000, -0.0000000000000000000 ) ) ;
#10538 = CARTESIAN_POINT ( 'NONE',  ( -16.72143272145000400, 25.84776274986000300, -0.1284418378675000200 ) ) ;
#10539 = CARTESIAN_POINT ( 'NONE',  ( -17.24833257388687700, 26.51441958225545600, 1.391932788187829000 ) ) ;
#10540 =( NAMED_UNIT ( * ) SI_UNIT ( $, .STERADIAN. ) SOLID_ANGLE_UNIT ( ) );
#10541 =( LENGTH_UNIT ( ) NAMED_UNIT ( * ) SI_UNIT ( .MILLI., .METRE. ) );
#10542 = DIRECTION ( 'NONE',  ( 0.0000000000000000000, 1.000000000000000000, 0.0000000000000000000 ) ) ;
#10543 = VERTEX_POINT ( 'NONE', #5587 ) ;
#10544 = COLOUR_RGB ( '',0.9803921568627450600, 0.6274509803921568500, 0.0000000000000000000 ) ;
#10545 = SURFACE_STYLE_USAGE ( .BOTH. , #4412 ) ;
#10546 = CARTESIAN_POINT ( 'NONE',  ( -18.54727358829000400, 23.30111885682000400, -1.762192675873000200 ) ) ;
#10547 = COLOUR_RGB ( '',1.000000000000000000, 1.000000000000000000, 0.9490196078431372100 ) ;
#10548 =( LENGTH_UNIT ( ) NAMED_UNIT ( * ) SI_UNIT ( .MILLI., .METRE. ) );
#10549 = PRESENTATION_LAYER_ASSIGNMENT (  '', '', ( #9939 ) ) ;
#10550 = CARTESIAN_POINT ( 'NONE',  ( -16.34802898036000200, 26.63808151567000600, 0.1480325851933000100 ) ) ;
#10551 = EDGE_CURVE ( 'NONE', #7924, #1321, #5944, .T. ) ;
#10552 =( NAMED_UNIT ( * ) PLANE_ANGLE_UNIT ( ) SI_UNIT ( $, .RADIAN. ) );
#10553 = ORIENTED_EDGE ( 'NONE', *, *, #7564, .F. ) ;
#10554 =( LENGTH_UNIT ( ) NAMED_UNIT ( * ) SI_UNIT ( .MILLI., .METRE. ) );
#10555 =( NAMED_UNIT ( * ) PLANE_ANGLE_UNIT ( ) SI_UNIT ( $, .RADIAN. ) );
#10556 = CARTESIAN_POINT ( 'NONE',  ( 0.0000000000000000000, 0.0000000000000000000, -11.90000000000000000 ) ) ;
#10557 = FILL_AREA_STYLE_COLOUR ( '', #8107 ) ;
#10558 = CARTESIAN_POINT ( 'NONE',  ( -15.50285963657055200, 16.85070518807549800, 2.270643761047831200 ) ) ;
#10559 = CARTESIAN_POINT ( 'NONE',  ( -32.48647363470738000, 29.00000000000001100, 14.13135353577124900 ) ) ;
#10560 = ORIENTED_EDGE ( 'NONE', *, *, #8432, .T. ) ;
#10561 = CIRCLE ( 'NONE', #9464, 0.2999999999999999300 ) ;
#10562 = EDGE_CURVE ( 'NONE', #1009, #668, #3884, .T. ) ;
#10563 =( LENGTH_UNIT ( ) NAMED_UNIT ( * ) SI_UNIT ( .MILLI., .METRE. ) );
#10564 = AXIS2_PLACEMENT_3D ( 'NONE', #2377, #4126, #7648 ) ;
#10565 = FACE_OUTER_BOUND ( 'NONE', #5704, .T. ) ;
#10566 = STYLED_ITEM ( 'NONE', ( #1424 ), #10775 ) ;
#10567 = SURFACE_STYLE_FILL_AREA ( #4471 ) ;
#10568 = ORIENTED_EDGE ( 'NONE', *, *, #11058, .T. ) ;
#10569 = DIRECTION ( 'NONE',  ( -1.000000000000000000, -0.0000000000000000000, -0.0000000000000000000 ) ) ;
#10570 = CARTESIAN_POINT ( 'NONE',  ( -28.00000000000000400, 19.61660026534499900, -9.000000000000001800 ) ) ;
#10571 = CARTESIAN_POINT ( 'NONE',  ( -19.00040799069000400, 25.03580377962000700, -0.8064834013948004600 ) ) ;
#10572 = CARTESIAN_POINT ( 'NONE',  ( -16.88595426605657200, 27.03012124285778800, 1.343321148504007100 ) ) ;
#10573 = CARTESIAN_POINT ( 'NONE',  ( -50.00000000000000000, 1.163414459189985500E-015, -9.500000000000000000 ) ) ;
#10574 = UNCERTAINTY_MEASURE_WITH_UNIT (LENGTH_MEASURE( 1.000000000000000100E-005 ), #1551, 'distance_accuracy_value', 'NONE');
#10575 = CARTESIAN_POINT ( 'NONE',  ( -17.23807599297427400, 27.83938860581439900, 0.9943057002061302900 ) ) ;
#10576 = CARTESIAN_POINT ( 'NONE',  ( -19.21705667803284400, 23.14198950779158500, -0.3282865782544917000 ) ) ;
#10577 = CYLINDRICAL_SURFACE ( 'NONE', #3817, 1.250000000000000000 ) ;
#10578 = DIRECTION ( 'NONE',  ( 0.0000000000000000000, 0.0000000000000000000, 1.000000000000000000 ) ) ;
#10579 = COLOUR_RGB ( '',1.000000000000000000, 1.000000000000000000, 0.9490196078431372100 ) ;
#10580 = EDGE_CURVE ( 'NONE', #2422, #645, #1304, .T. ) ;
#10581 = VERTEX_POINT ( 'NONE', #6492 ) ;
#10582 =( GEOMETRIC_REPRESENTATION_CONTEXT ( 3 ) GLOBAL_UNCERTAINTY_ASSIGNED_CONTEXT ( ( #6527 ) ) GLOBAL_UNIT_ASSIGNED_CONTEXT ( ( #11261, #5064, #9480 ) ) REPRESENTATION_CONTEXT ( 'NONE', 'WORKASPACE' ) );
#10583 = VERTEX_POINT ( 'NONE', #4787 ) ;
#10584 = CARTESIAN_POINT ( 'NONE',  ( -46.50000000000000000, 0.0000000000000000000, 0.0000000000000000000 ) ) ;
#10585 =( GEOMETRIC_REPRESENTATION_CONTEXT ( 3 ) GLOBAL_UNCERTAINTY_ASSIGNED_CONTEXT ( ( #10353 ) ) GLOBAL_UNIT_ASSIGNED_CONTEXT ( ( #6596, #1400, #7489 ) ) REPRESENTATION_CONTEXT ( 'NONE', 'WORKASPACE' ) );
#10586 = SURFACE_SIDE_STYLE ('',( #204 ) ) ;
#10587 = CARTESIAN_POINT ( 'NONE',  ( -18.14821271842000200, 28.10946686612999200, 1.464259266791000200 ) ) ;
#10588 = CIRCLE ( 'NONE', #1125, 1.399999999999998600 ) ;
#10589 = CARTESIAN_POINT ( 'NONE',  ( -17.67245216934492500, 26.30870010824227000, 1.217661143867115200 ) ) ;
#10590 = ADVANCED_FACE ( 'NONE', ( #5652 ), #2524, .F. ) ;
#10591 = EDGE_LOOP ( 'NONE', ( #4930, #6953 ) ) ;
#10592 = CARTESIAN_POINT ( 'NONE',  ( -32.30392104916440800, 28.99999999999999600, -14.39837837505641000 ) ) ;
#10593 = LINE ( 'NONE', #949, #6201 ) ;
#10594 = CARTESIAN_POINT ( 'NONE',  ( -17.99999999999976200, 24.91246908623338300, -1.250000000000000000 ) ) ;
#10595 = CARTESIAN_POINT ( 'NONE',  ( -1.500000000000001300, 0.0000000000000000000, 15.05000000000000100 ) ) ;
#10596 = SURFACE_STYLE_FILL_AREA ( #459 ) ;
#10597 =( NAMED_UNIT ( * ) SI_UNIT ( $, .STERADIAN. ) SOLID_ANGLE_UNIT ( ) );
#10598 = CARTESIAN_POINT ( 'NONE',  ( -13.91798484791006100, 16.00986708708232300, -5.723716592915399000 ) ) ;
#10599 = AXIS2_PLACEMENT_3D ( 'NONE', #8032, #2808, #8908 ) ;
#10600 = CARTESIAN_POINT ( 'NONE',  ( -16.77343811628475500, 24.77177604976754900, 0.2401695640238010700 ) ) ;
#10601 = PLANE ( 'NONE',  #6991 ) ;
#10602 = STYLED_ITEM ( 'NONE', ( #2398 ), #10378 ) ;
#10603 = EDGE_CURVE ( 'NONE', #9010, #9812, #4643, .T. ) ;
#10604 = ORIENTED_EDGE ( 'NONE', *, *, #2271, .F. ) ;
#10605 = COLOUR_RGB ( '',0.9803921568627450600, 0.6274509803921568500, 0.0000000000000000000 ) ;
#10606 = DIRECTION ( 'NONE',  ( 1.000000000000000000, 0.0000000000000000000, 0.0000000000000000000 ) ) ;
#10607 = ORIENTED_EDGE ( 'NONE', *, *, #8165, .F. ) ;
#10608 = ORIENTED_EDGE ( 'NONE', *, *, #361, .F. ) ;
#10609 = CARTESIAN_POINT ( 'NONE',  ( -4.000000000000003600, 20.08095189484500100, 15.00000000000000000 ) ) ;
#10610 = CARTESIAN_POINT ( 'NONE',  ( -18.82623672219914800, 25.59500735126718100, -0.9415330662812185800 ) ) ;
#10611 = DIRECTION ( 'NONE',  ( 0.0000000000000000000, 1.000000000000000000, 0.0000000000000000000 ) ) ;
#10612 = CARTESIAN_POINT ( 'NONE',  ( -19.73647841441562900, 27.84208021309779500, -0.1739320576958182900 ) ) ;
#10613 =( NAMED_UNIT ( * ) SI_UNIT ( $, .STERADIAN. ) SOLID_ANGLE_UNIT ( ) );
#10614 = ORIENTED_EDGE ( 'NONE', *, *, #1498, .F. ) ;
#10615 = CARTESIAN_POINT ( 'NONE',  ( -17.83487521172422100, 28.02667238905672100, -1.250000000000031100 ) ) ;
#10616 = STYLED_ITEM ( 'NONE', ( #2990 ), #7731 ) ;
#10617 = SURFACE_SIDE_STYLE ('',( #4358 ) ) ;
#10618 = EDGE_CURVE ( 'NONE', #8284, #7145, #9494, .T. ) ;
#10619 = ORIENTED_EDGE ( 'NONE', *, *, #3186, .T. ) ;
#10620 = UNCERTAINTY_MEASURE_WITH_UNIT (LENGTH_MEASURE( 1.000000000000000100E-005 ), #9907, 'distance_accuracy_value', 'NONE');
#10621 = CARTESIAN_POINT ( 'NONE',  ( -19.07304154424000200, 28.76986089688999500, 1.068447783524000300 ) ) ;
#10622 = SURFACE_STYLE_USAGE ( .BOTH. , #4497 ) ;
#10623 = CARTESIAN_POINT ( 'NONE',  ( -19.21777698245017900, 25.51591120782821100, -0.3260589172226058300 ) ) ;
#10624 = CARTESIAN_POINT ( 'NONE',  ( -32.79289321881420700, 29.00000000000108000, 14.00000000000078200 ) ) ;
#10625 = ORIENTED_EDGE ( 'NONE', *, *, #4907, .T. ) ;
#10626 = CARTESIAN_POINT ( 'NONE',  ( -16.86616329748000400, 27.29750789589000000, -0.9383158004030001100 ) ) ;
#10627 = LINE ( 'NONE', #1135, #1611 ) ;
#10628 = CARTESIAN_POINT ( 'NONE',  ( -17.00075669819851100, 28.36068415566024500, 0.7685212361077616800 ) ) ;
#10629 = B_SPLINE_SURFACE_WITH_KNOTS ( 'NONE', 3, 3, ( 
 ( #102, #5356, #140, #6204, #1008, #7086, #1875, #7954, #2744, #8841, #3618 ),
 ( #9727, #4496, #10621, #5390, #174, #6247, #1052, #7121, #1913, #7999, #2782 ),
 ( #8879, #3659, #9765, #4532, #10663, #5426, #213, #6285, #1088, #7163, #1947 ),
 ( #8040, #2814, #8915, #3699, #9803, #4567, #10698, #5459, #253, #6323, #1121 ) ),
 .UNSPECIFIED., .F., .F., .F.,
 ( 4, 4 ),
 ( 4, 1, 1, 1, 1, 1, 1, 1, 4 ),
 ( -0.2778315559671000200, 1.277831555966999700 ),
 ( 0.7113043247490999900, 0.7480988715948000400, 0.7848934184404999800, 0.8216879652862000300, 0.8584825121318998600, 0.8952770589776002400, 0.9320716058233001800, 0.9688661526689998900, 1.005660699514999700 ),
 .UNSPECIFIED. ) ;
#10630 = EDGE_LOOP ( 'NONE', ( #7248, #7543, #10034, #2455 ) ) ;
#10631 = FILL_AREA_STYLE ('',( #7968 ) ) ;
#10632 = AXIS2_PLACEMENT_3D ( 'NONE', #10962, #5710, #514 ) ;
#10633 = SURFACE_STYLE_USAGE ( .BOTH. , #4506 ) ;
#10634 = CARTESIAN_POINT ( 'NONE',  ( -18.00000000000000400, 34.89999999999999900, 8.599999999999999600 ) ) ;
#10635 = FILL_AREA_STYLE_COLOUR ( '', #5994 ) ;
#10636 =( LENGTH_UNIT ( ) NAMED_UNIT ( * ) SI_UNIT ( .MILLI., .METRE. ) );
#10637 = CARTESIAN_POINT ( 'NONE',  ( -8.268040940824535700, 14.09571523426046500, -9.503524684704162300 ) ) ;
#10638 = CARTESIAN_POINT ( 'NONE',  ( -0.05597972129318764400, -16.78820545322529500, -2.055962207172049600E-015 ) ) ;
#10639 = EDGE_LOOP ( 'NONE', ( #3879, #5195, #2576, #8897 ) ) ;
#10640 = CYLINDRICAL_SURFACE ( 'NONE', #7132, 18.60000000000000100 ) ;
#10641 = CIRCLE ( 'NONE', #9039, 0.3000000000000016500 ) ;
#10642 = CARTESIAN_POINT ( 'NONE',  ( -3.000000000000002700, 0.0000000000000000000, 0.0000000000000000000 ) ) ;
#10643 = B_SPLINE_SURFACE_WITH_KNOTS ( 'NONE', 3, 3, ( 
 ( #5095, #10343, #5128, #11256, #5998, #782, #6855, #1659, #7748, #2523, #8627, #3399, #9513, #4258, #10385, #5168, #11291, #6038, #817, #6898, #1697, #7782, #2560, #8666, #3430, #9556, #4301, #10425, #5203, #1, #6077, #856, #6933, #1734, #7815 ),
 ( #2599, #8705, #3466, #9593, #4339, #10468, #5240, #32, #6113, #892, #6972, #1772, #7852, #2632, #8736, #3507, #9631, #4378, #10511, #5282, #70, #6147, #936, #7010, #1804, #7889, #2668, #8770, #3545, #9666, #4416, #10550, #5322, #108, #6175 ),
 ( #970, #7052, #1841, #7921, #2707, #8812, #3579, #9698, #4457, #10587, #5360, #146, #6210, #1015, #7088, #1881, #7960, #2750, #8846, #3624, #9734, #4501, #10626, #5395, #179, #6254, #1056, #7129, #1918, #8005, #2783, #8882, #3667, #9769, #4535 ),
 ( #10667, #5431, #219, #6291, #1094, #7170, #1954, #8043, #2818, #8922, #3704, #9806, #4572, #10706, #5465, #258, #6327, #1124, #7207, #1990, #8080, #2856, #8963, #3740, #9840, #4613, #10750, #5493, #292, #6362, #1165, #7246, #2025, #8115, #2893 ) ),
 .UNSPECIFIED., .F., .F., .F.,
 ( 4, 4 ),
 ( 4, 1, 1, 1, 1, 1, 1, 1, 1, 1, 1, 1, 1, 1, 1, 1, 1, 1, 1, 1, 1, 1, 1, 1, 1, 1, 1, 1, 1, 1, 1, 1, 4 ),
 ( -0.2778315559671000200, 1.277831555966999700 ),
 ( -0.02000000000000000000, 0.01250000000000000100, 0.04499999999999999800, 0.07749999999999999900, 0.1100000000000000100, 0.1424999999999999900, 0.1750000000000000400, 0.2074999999999999900, 0.2399999999999999900, 0.2725000000000000200, 0.3049999999999999900, 0.3374999999999999700, 0.3700000000000000500, 0.4024999999999999700, 0.4350000000000000000, 0.4675000000000000300, 0.5000000000000000000, 0.5324999999999999700, 0.5649999999999999500, 0.5975000000000000300, 0.6300000000000000000, 0.6624999999999999800, 0.6950000000000000600, 0.7275000000000000400, 0.7600000000000000100, 0.7924999999999999800, 0.8250000000000000700, 0.8575000000000001500, 0.8900000000000001200, 0.9224999999999999900, 0.9550000000000000700, 0.9875000000000002700, 1.020000000000000000 ),
 .UNSPECIFIED. ) ;
#10644 = DIRECTION ( 'NONE',  ( 0.0000000000000000000, 0.0000000000000000000, 1.000000000000000000 ) ) ;
#10645 = EDGE_CURVE ( 'NONE', #7696, #5718, #4843, .T. ) ;
#10646 = CARTESIAN_POINT ( 'NONE',  ( -19.21776913140542900, 25.68363690612226700, 0.3260737667849534200 ) ) ;
#10647 = ADVANCED_FACE ( 'NONE', ( #229 ), #10446, .F. ) ;
#10648 = PLANE ( 'NONE',  #6111 ) ;
#10649 = CARTESIAN_POINT ( 'NONE',  ( -1.195978250521092700, -15.11695286011187600, -1.851292793299743300E-015 ) ) ;
#10650 = STYLED_ITEM ( 'NONE', ( #7123 ), #3820 ) ;
#10651 = PRESENTATION_LAYER_ASSIGNMENT (  '', '', ( #10038 ) ) ;
#10652 = DIRECTION ( 'NONE',  ( -1.000000000000000000, -0.0000000000000000000, -0.0000000000000000000 ) ) ;
#10653 = PRESENTATION_LAYER_ASSIGNMENT (  '', '', ( #9470 ) ) ;
#10654 = LINE ( 'NONE', #6222, #8294 ) ;
#10655 = ORIENTED_EDGE ( 'NONE', *, *, #10513, .T. ) ;
#10656 = COLOUR_RGB ( '',0.9803921568627450600, 0.6274509803921568500, 0.0000000000000000000 ) ;
#10657 = B_SPLINE_CURVE_WITH_KNOTS ( 'NONE', 3,
 ( #5439, #6337, #8972, #3749, #9850, #4624, #10761, #5500, #303 ),
 .UNSPECIFIED., .F., .F.,
 ( 4, 1, 2, 2, 4 ),
 ( 0.0000000000000000000, 0.2500000000000000000, 0.3750000000000000000, 0.5000000000000000000, 1.000000000000000000 ),
 .UNSPECIFIED. ) ;
#10658 = CARTESIAN_POINT ( 'NONE',  ( -33.00000000000000000, 18.33030277982324200, 5.000000000000428100 ) ) ;
#10659 = UNCERTAINTY_MEASURE_WITH_UNIT (LENGTH_MEASURE( 1.000000000000000100E-005 ), #7310, 'distance_accuracy_value', 'NONE');
#10660 = DIRECTION ( 'NONE',  ( -0.0000000000000000000, 1.000000000000000000, -0.0000000000000000000 ) ) ;
#10661 = CARTESIAN_POINT ( 'NONE',  ( -32.29289321881530800, 28.99999999999999600, -14.49999999999859700 ) ) ;
#10662 = CARTESIAN_POINT ( 'NONE',  ( -18.32741663919803400, 25.26753113519629300, 1.217462104698430200 ) ) ;
#10663 = CARTESIAN_POINT ( 'NONE',  ( -18.93054372560000000, 28.72573858236000200, -1.431043592687999900 ) ) ;
#10664 = CARTESIAN_POINT ( 'NONE',  ( -19.30000000000003300, 38.89999999999999100, -8.599999999999999600 ) ) ;
#10665 = CARTESIAN_POINT ( 'NONE',  ( -18.32712850255299500, 26.55920655583849700, -1.217516221611394400 ) ) ;
#10666 = ADVANCED_FACE ( 'NONE', ( #8382 ), #619, .T. ) ;
#10667 = CARTESIAN_POINT ( 'NONE',  ( -18.12161518606999900, 28.70643486401999300, 1.153310383415000000 ) ) ;
#10668 = FACE_OUTER_BOUND ( 'NONE', #8295, .T. ) ;
#10669 = ORIENTED_EDGE ( 'NONE', *, *, #11223, .T. ) ;
#10670 = CARTESIAN_POINT ( 'NONE',  ( -0.6470537030290185500, 0.0000000000000000000, 15.05000000000000100 ) ) ;
#10671 =( GEOMETRIC_REPRESENTATION_CONTEXT ( 3 ) GLOBAL_UNCERTAINTY_ASSIGNED_CONTEXT ( ( #8570 ) ) GLOBAL_UNIT_ASSIGNED_CONTEXT ( ( #4617, #10753, #5494 ) ) REPRESENTATION_CONTEXT ( 'NONE', 'WORKASPACE' ) );
#10672 = COLOUR_RGB ( '',0.0000000000000000000, 0.0000000000000000000, 0.0000000000000000000 ) ;
#10673 = PRESENTATION_LAYER_ASSIGNMENT (  '', '', ( #11267 ) ) ;
#10674 = CARTESIAN_POINT ( 'NONE',  ( -9.300000000000002500, 33.37999999999999500, 0.8000000000000000400 ) ) ;
#10675 = MANIFOLD_SOLID_BREP ( 'Körper-Verschieben/Kopieren1[6]', #10822 ) ;
#10676 = CARTESIAN_POINT ( 'NONE',  ( -18.87356578579625900, 28.42825149585890500, 1.310181582379960500 ) ) ;
#10677 = CARTESIAN_POINT ( 'NONE',  ( -16.77343811628475500, 24.77177604976754900, 0.2401695640238010700 ) ) ;
#10678 = FILL_AREA_STYLE_COLOUR ( '', #5186 ) ;
#10679 = CARTESIAN_POINT ( 'NONE',  ( -19.11265415855820000, 28.87900935116881800, -0.9479783625668976000 ) ) ;
#10680 = CARTESIAN_POINT ( 'NONE',  ( -16.40000000000000600, 28.69999999999999600, 7.495736019642000000 ) ) ;
#10681 = ORIENTED_EDGE ( 'NONE', *, *, #4076, .F. ) ;
#10682 = PRESENTATION_STYLE_ASSIGNMENT (( #1477 ) ) ;
#10683 = SURFACE_STYLE_USAGE ( .BOTH. , #4547 ) ;
#10684 = COLOUR_RGB ( '',0.7764705882352941300, 0.7568627450980391900, 0.7372549019607843600 ) ;
#10685 = PRESENTATION_LAYER_ASSIGNMENT (  '', '', ( #11280 ) ) ;
#10686 = EDGE_CURVE ( 'NONE', #3605, #8129, #6731, .T. ) ;
#10687 = UNCERTAINTY_MEASURE_WITH_UNIT (LENGTH_MEASURE( 1.000000000000000100E-005 ), #6922, 'distance_accuracy_value', 'NONE');
#10688 = ORIENTED_EDGE ( 'NONE', *, *, #3927, .F. ) ;
#10689 = DIRECTION ( 'NONE',  ( 1.000000000000000000, -0.0000000000000000000, -0.0000000000000000000 ) ) ;
#10690 = CARTESIAN_POINT ( 'NONE',  ( -19.09277353644647900, 25.70497494294688000, 0.6285950658663576100 ) ) ;
#10691 = DIRECTION ( 'NONE',  ( -1.000000000000000000, 0.0000000000000000000, -0.0000000000000000000 ) ) ;
#10692 = CIRCLE ( 'NONE', #5382, 17.20000000223977600 ) ;
#10693 = CARTESIAN_POINT ( 'NONE',  ( -17.83487503252306200, 26.79841820789894800, 1.249999999999973100 ) ) ;
#10694 = CARTESIAN_POINT ( 'NONE',  ( -17.99999999999653600, 24.28807528334617800, 1.250000000000000200 ) ) ;
#10695 = CARTESIAN_POINT ( 'NONE',  ( -13.19000000000000000, 16.35549038165000000, 9.669432991428005100 ) ) ;
#10696 = CARTESIAN_POINT ( 'NONE',  ( -31.99999999999999300, 28.49999999999999600, -14.99999999999647700 ) ) ;
#10697 = CARTESIAN_POINT ( 'NONE',  ( -1.517883041479706200E-015, 16.30043030675197700, -32.60086061350394000 ) ) ;
#10698 = CARTESIAN_POINT ( 'NONE',  ( -16.22949674934000400, 28.68161626783999900, -0.6871840910897000200 ) ) ;
#10699 = ORIENTED_EDGE ( 'NONE', *, *, #4647, .T. ) ;
#10700 = FACE_OUTER_BOUND ( 'NONE', #7410, .T. ) ;
#10701 = CARTESIAN_POINT ( 'NONE',  ( -16.39999999999999900, 33.89999999999999900, 8.299999999999998900 ) ) ;
#10702 = CARTESIAN_POINT ( 'NONE',  ( -9.350000000000005000, 32.20000000000000300, 0.3500000000000000300 ) ) ;
#10703 = CYLINDRICAL_SURFACE ( 'NONE', #9896, 17.00000000000000000 ) ;
#10704 = CARTESIAN_POINT ( 'NONE',  ( -19.00100631956550100, 26.71412192639855500, 0.7665868156369164400 ) ) ;
#10705 = AXIS2_PLACEMENT_3D ( 'NONE', #9324, #10209, #3253 ) ;
#10706 = CARTESIAN_POINT ( 'NONE',  ( -17.87326771252999800, 27.95693427610999700, -1.278737861647000400 ) ) ;
#10707 = LINE ( 'NONE', #6340, #8344 ) ;
#10708 = MECHANICAL_DESIGN_GEOMETRIC_PRESENTATION_REPRESENTATION (  '', ( #9522 ), #11297 ) ;
#10709 =( LENGTH_UNIT ( ) NAMED_UNIT ( * ) SI_UNIT ( .MILLI., .METRE. ) );
#10710 = ADVANCED_FACE ( 'NONE', ( #5264 ), #5031, .T. ) ;
#10711 = ORIENTED_EDGE ( 'NONE', *, *, #7675, .T. ) ;
#10712 = CIRCLE ( 'NONE', #4246, 0.8250000000000062800 ) ;
#10713 = CARTESIAN_POINT ( 'NONE',  ( -15.79573601964000300, 28.69999999999999600, -9.400000000000000400 ) ) ;
#10714 = FILL_AREA_STYLE ('',( #9814 ) ) ;
#10715 = FILL_AREA_STYLE_COLOUR ( '', #3727 ) ;
#10716 = DIRECTION ( 'NONE',  ( -1.000000000000000000, 0.0000000000000000000, -0.0000000000000000000 ) ) ;
#10717 =( NAMED_UNIT ( * ) SI_UNIT ( $, .STERADIAN. ) SOLID_ANGLE_UNIT ( ) );
#10718 = ORIENTED_EDGE ( 'NONE', *, *, #6427, .T. ) ;
#10719 = CARTESIAN_POINT ( 'NONE',  ( -1.500000000000001300, 0.0000000000000000000, 0.0000000000000000000 ) ) ;
#10720 = ORIENTED_EDGE ( 'NONE', *, *, #10845, .F. ) ;
#10721 = EDGE_CURVE ( 'NONE', #2387, #7301, #3598, .T. ) ;
#10722 =( NAMED_UNIT ( * ) PLANE_ANGLE_UNIT ( ) SI_UNIT ( $, .RADIAN. ) );
#10723 = AXIS2_PLACEMENT_3D ( 'NONE', #3774, #2742, #5561 ) ;
#10724 = STYLED_ITEM ( 'NONE', ( #11124 ), #10910 ) ;
#10725 = UNCERTAINTY_MEASURE_WITH_UNIT (LENGTH_MEASURE( 1.000000000000000100E-005 ), #10867, 'distance_accuracy_value', 'NONE');
#10726 = ADVANCED_FACE ( 'NONE', ( #5644 ), #4120, .F. ) ;
#10727 = STYLED_ITEM ( 'NONE', ( #96 ), #8981 ) ;
#10728 = VECTOR ( 'NONE', #6049, 1000.000000000000000 ) ;
#10729 = DIRECTION ( 'NONE',  ( -0.0000000000000000000, -0.0000000000000000000, -1.000000000000000000 ) ) ;
#10730 = CARTESIAN_POINT ( 'NONE',  ( -17.85609522635299800, 28.48228399326384200, 1.571482894438818400 ) ) ;
#10731 = FILL_AREA_STYLE_COLOUR ( '', #3478 ) ;
#10732 = ORIENTED_EDGE ( 'NONE', *, *, #5872, .F. ) ;
#10733 = DIRECTION ( 'NONE',  ( 0.0000000000000000000, 1.000000000000000000, 0.0000000000000000000 ) ) ;
#10734 = CARTESIAN_POINT ( 'NONE',  ( -16.90723882256057600, 26.95444259244638400, -0.6286236383548768900 ) ) ;
#10735 = SURFACE_STYLE_USAGE ( .BOTH. , #2736 ) ;
#10736 = PRESENTATION_STYLE_ASSIGNMENT (( #8188 ) ) ;
#10737 = CARTESIAN_POINT ( 'NONE',  ( -18.00000000000000400, 34.89999999999999900, -9.399999999999996800 ) ) ;
#10738 = PRODUCT ( 'VDE37_19x50', 'VDE37_19x50', '', ( #9214 ) ) ;
#10739 = CARTESIAN_POINT ( 'NONE',  ( -19.24989320166172400, 26.15242243085418700, -0.1638373669498060000 ) ) ;
#10740 = EDGE_CURVE ( 'NONE', #6815, #3854, #6484, .T. ) ;
#10741 = DIRECTION ( 'NONE',  ( -1.000000000000000000, -0.0000000000000000000, 0.0000000000000000000 ) ) ;
#10742 = STYLED_ITEM ( 'NONE', ( #1109 ), #4841 ) ;
#10743 = FILL_AREA_STYLE ('',( #3776 ) ) ;
#10744 =( NAMED_UNIT ( * ) PLANE_ANGLE_UNIT ( ) SI_UNIT ( $, .RADIAN. ) );
#10745 = EDGE_LOOP ( 'NONE', ( #7656, #10049, #3717, #4987 ) ) ;
#10746 = DIRECTION ( 'NONE',  ( 0.0000000000000000000, 0.0000000000000000000, -1.000000000000000000 ) ) ;
#10747 = MECHANICAL_DESIGN_GEOMETRIC_PRESENTATION_REPRESENTATION (  '', ( #9562 ), #6 ) ;
#10748 = CARTESIAN_POINT ( 'NONE',  ( -32.98096031949995700, 12.59687067865770200, 14.22481385307752100 ) ) ;
#10749 = UNCERTAINTY_MEASURE_WITH_UNIT (LENGTH_MEASURE( 1.000000000000000100E-005 ), #10303, 'distance_accuracy_value', 'NONE');
#10750 = CARTESIAN_POINT ( 'NONE',  ( -18.98825643994000200, 27.14497530587000200, 0.8213288111518999300 ) ) ;
#10751 =( LENGTH_UNIT ( ) NAMED_UNIT ( * ) SI_UNIT ( .MILLI., .METRE. ) );
#10752 = CYLINDRICAL_SURFACE ( 'NONE', #10564, 1.250000000000000000 ) ;
#10753 =( NAMED_UNIT ( * ) PLANE_ANGLE_UNIT ( ) SI_UNIT ( $, .RADIAN. ) );
#10754 = ORIENTED_EDGE ( 'NONE', *, *, #7516, .T. ) ;
#10755 = VERTEX_POINT ( 'NONE', #5968 ) ;
#10756 = EDGE_LOOP ( 'NONE', ( #112, #2938, #8600, #8497 ) ) ;
#10757 = ADVANCED_FACE ( 'NONE', ( #2514, #485, #4831, #220 ), #6793, .T. ) ;
#10758 = SURFACE_SIDE_STYLE ('',( #3623 ) ) ;
#10759 = CARTESIAN_POINT ( 'NONE',  ( -16.75548287274699200, 24.40339459314715100, 0.1492573473428672200 ) ) ;
#10760 = SURFACE_STYLE_USAGE ( .BOTH. , #4623 ) ;
#10761 = CARTESIAN_POINT ( 'NONE',  ( -18.92928062055817100, 28.89999999999999900, 1.242667857357638400 ) ) ;
#10762 = DIRECTION ( 'NONE',  ( 0.0000000000000000000, 1.000000000000000000, 0.0000000000000000000 ) ) ;
#10763 = SURFACE_STYLE_USAGE ( .BOTH. , #4626 ) ;
#10764 = CARTESIAN_POINT ( 'NONE',  ( -19.29116980749000400, 24.75086400284999400, -1.040882347805000000 ) ) ;
#10765 =( NAMED_UNIT ( * ) SI_UNIT ( $, .STERADIAN. ) SOLID_ANGLE_UNIT ( ) );
#10766 = PRESENTATION_LAYER_ASSIGNMENT (  '', '', ( #10147 ) ) ;
#10767 = EDGE_CURVE ( 'NONE', #10377, #8719, #6068, .T. ) ;
#10768 = ORIENTED_EDGE ( 'NONE', *, *, #2474, .T. ) ;
#10769 = CARTESIAN_POINT ( 'NONE',  ( -19.09864919252000300, 28.95460438692999400, 1.016501683289999800 ) ) ;
#10770 = ORIENTED_EDGE ( 'NONE', *, *, #1943, .F. ) ;
#10771 = PRESENTATION_STYLE_ASSIGNMENT (( #2098 ) ) ;
#10772 =( LENGTH_UNIT ( ) NAMED_UNIT ( * ) SI_UNIT ( .MILLI., .METRE. ) );
#10773 = CARTESIAN_POINT ( 'NONE',  ( -16.44136062377653200, 28.61520724312476500, -0.2931942056790872200 ) ) ;
#10774 =( NAMED_UNIT ( * ) SI_UNIT ( $, .STERADIAN. ) SOLID_ANGLE_UNIT ( ) );
#10775 = ADVANCED_FACE ( 'NONE', ( #8372 ), #9618, .T. ) ;
#10776 =( NAMED_UNIT ( * ) PLANE_ANGLE_UNIT ( ) SI_UNIT ( $, .RADIAN. ) );
#10777 = ORIENTED_EDGE ( 'NONE', *, *, #3452, .F. ) ;
#10778 =( NAMED_UNIT ( * ) PLANE_ANGLE_UNIT ( ) SI_UNIT ( $, .RADIAN. ) );
#10779 = ORIENTED_EDGE ( 'NONE', *, *, #9054, .F. ) ;
#10780 = CARTESIAN_POINT ( 'NONE',  ( -3.867685040229357400, 29.00000000000000400, -14.48669961370325000 ) ) ;
#10781 = MECHANICAL_DESIGN_GEOMETRIC_PRESENTATION_REPRESENTATION (  '', ( #9592 ), #30 ) ;
#10782 = SURFACE_STYLE_FILL_AREA ( #4911 ) ;
#10783 = FILL_AREA_STYLE_COLOUR ( '', #3271 ) ;
#10784 = EDGE_CURVE ( 'NONE', #2083, #6271, #5687, .T. ) ;
#10785 =( NAMED_UNIT ( * ) SI_UNIT ( $, .STERADIAN. ) SOLID_ANGLE_UNIT ( ) );
#10786 = PLANE ( 'NONE',  #9196 ) ;
#10787 = CARTESIAN_POINT ( 'NONE',  ( -4.000000000000038200, 29.00000000000092700, -14.79289321881410800 ) ) ;
#10788 = DIRECTION ( 'NONE',  ( 0.0000000000000000000, 0.0000000000000000000, -1.000000000000000000 ) ) ;
#10789 = SURFACE_STYLE_FILL_AREA ( #215 ) ;
#10790 = CARTESIAN_POINT ( 'NONE',  ( -16.64573601964000500, 21.89999999999999900, 1.354263980358000100 ) ) ;
#10791 = VERTEX_POINT ( 'NONE', #10433 ) ;
#10792 = DIRECTION ( 'NONE',  ( 0.0000000000000000000, 1.000000000000000000, 0.0000000000000000000 ) ) ;
#10793 = SURFACE_STYLE_FILL_AREA ( #8986 ) ;
#10794 = DIRECTION ( 'NONE',  ( 0.0000000000000000000, -1.000000000000000000, 0.0000000000000000000 ) ) ;
#10795 = CARTESIAN_POINT ( 'NONE',  ( -46.50000000000000000, 0.0000000000000000000, 0.0000000000000000000 ) ) ;
#10796 = AXIS2_PLACEMENT_3D ( 'NONE', #1322, #7416, #2185 ) ;
#10797 = CARTESIAN_POINT ( 'NONE',  ( -19.21774554480104400, 24.18295083032215600, 0.3261570819682783600 ) ) ;
#10798 = VERTEX_POINT ( 'NONE', #5213 ) ;
#10799 = LINE ( 'NONE', #4117, #7626 ) ;
#10800 = CARTESIAN_POINT ( 'NONE',  ( -23.38000000000000300, 18.60000000000000100, 0.0000000000000000000 ) ) ;
#10801 =( LENGTH_UNIT ( ) NAMED_UNIT ( * ) SI_UNIT ( .MILLI., .METRE. ) );
#10802 = CARTESIAN_POINT ( 'NONE',  ( -17.05217869011057600, 26.73036773198779100, 0.8276236104476970600 ) ) ;
#10803 =( GEOMETRIC_REPRESENTATION_CONTEXT ( 3 ) GLOBAL_UNCERTAINTY_ASSIGNED_CONTEXT ( ( #5263 ) ) GLOBAL_UNIT_ASSIGNED_CONTEXT ( ( #9115, #3893, #9998 ) ) REPRESENTATION_CONTEXT ( 'NONE', 'WORKASPACE' ) );
#10804 = CARTESIAN_POINT ( 'NONE',  ( -19.21713537073371100, 23.01633802052681000, -0.3280300260043370100 ) ) ;
#10805 = CARTESIAN_POINT ( 'NONE',  ( -32.00000000000000000, 28.49999999999999600, -14.00000000000000000 ) ) ;
#10806 = VECTOR ( 'NONE', #8219, 1000.000000000000000 ) ;
#10807 = CARTESIAN_POINT ( 'NONE',  ( -19.46570144266000600, 28.99057498034999400, -0.03512038291959000000 ) ) ;
#10808 = FACE_OUTER_BOUND ( 'NONE', #2063, .T. ) ;
#10809 = ORIENTED_EDGE ( 'NONE', *, *, #2129, .T. ) ;
#10810 = CARTESIAN_POINT ( 'NONE',  ( -17.86213807700750400, 28.71853308820170600, -1.570945888466087600 ) ) ;
#10811 = EDGE_CURVE ( 'NONE', #9904, #2802, #5250, .T. ) ;
#10812 = DIRECTION ( 'NONE',  ( -0.0000000000000000000, -1.000000000000000000, -0.0000000000000000000 ) ) ;
#10813 = CARTESIAN_POINT ( 'NONE',  ( -18.16516510310404100, 22.54840797321645200, -1.249999999999426000 ) ) ;
#10814 = CIRCLE ( 'NONE', #6487, 0.5000000000000000000 ) ;
#10815 = DIRECTION ( 'NONE',  ( 1.000000000000000000, 0.0000000000000000000, 0.0000000000000000000 ) ) ;
#10816 = AXIS2_PLACEMENT_3D ( 'NONE', #987, #4895, #3070 ) ;
#10817 = ADVANCED_FACE ( 'NONE', ( #2912 ), #5290, .T. ) ;
#10818 = MECHANICAL_DESIGN_GEOMETRIC_PRESENTATION_REPRESENTATION (  '', ( #9025 ), #68 ) ;
#10819 = FACE_OUTER_BOUND ( 'NONE', #2781, .T. ) ;
#10820 = B_SPLINE_CURVE_WITH_KNOTS ( 'NONE', 3,
 ( #1985, #7047, #8959, #3735, #9835, #4607 ),
 .UNSPECIFIED., .F., .F.,
 ( 4, 2, 4 ),
 ( 3.786955383950529800E-018, 0.0003667213274726495000, 0.0007334426549452952100 ),
 .UNSPECIFIED. ) ;
#10821 = CYLINDRICAL_SURFACE ( 'NONE', #1013, 0.9999999999999991100 ) ;
#10822 = CLOSED_SHELL ( 'NONE', ( #9332, #7753, #7406, #9263, #6046, #10894 ) ) ;
#10823 = SURFACE_STYLE_USAGE ( .BOTH. , #8878 ) ;
#10824 = SURFACE_STYLE_USAGE ( .BOTH. , #4688 ) ;
#10825 = FILL_AREA_STYLE_COLOUR ( '', #7462 ) ;
#10826 = DIRECTION ( 'NONE',  ( 0.0000000000000000000, 0.0000000000000000000, -1.000000000000000000 ) ) ;
#10827 = CARTESIAN_POINT ( 'NONE',  ( -18.00000000000000400, 28.41093935102359700, 0.0000000000000000000 ) ) ;
#10828 = ADVANCED_FACE ( 'NONE', ( #11135 ), #3515, .T. ) ;
#10829 = ORIENTED_EDGE ( 'NONE', *, *, #6973, .T. ) ;
#10830 = ADVANCED_FACE ( 'NONE', ( #10282 ), #9471, .T. ) ;
#10831 = CARTESIAN_POINT ( 'NONE',  ( -10.36870144079990300, 16.29904604273099300, 8.756135107396005400 ) ) ;
#10832 = MECHANICAL_DESIGN_GEOMETRIC_PRESENTATION_REPRESENTATION (  '', ( #7865 ), #84 ) ;
#10833 = LINE ( 'NONE', #3660, #6160 ) ;
#10834 = EDGE_CURVE ( 'NONE', #4796, #1053, #8286, .T. ) ;
#10835 = DIRECTION ( 'NONE',  ( -1.000000000000000000, 0.0000000000000000000, 0.0000000000000000000 ) ) ;
#10836 = CARTESIAN_POINT ( 'NONE',  ( -17.63241977904763400, 24.51498117850705700, -1.208907238781291800 ) ) ;
#10837 = SURFACE_STYLE_USAGE ( .BOTH. , #4699 ) ;
#10838 = CARTESIAN_POINT ( 'NONE',  ( -17.85646314633568500, 26.90369105942032100, -1.250000000000040900 ) ) ;
#10839 = CARTESIAN_POINT ( 'NONE',  ( -9.300000000000002500, 33.00000000000000000, 0.3499999999999999200 ) ) ;
#10840 = ADVANCED_FACE ( 'NONE', ( #7135 ), #8352, .F. ) ;
#10841 = ORIENTED_EDGE ( 'NONE', *, *, #7637, .F. ) ;
#10842 = CYLINDRICAL_SURFACE ( 'NONE', #10412, 0.3000000000000016500 ) ;
#10843 = CARTESIAN_POINT ( 'NONE',  ( -18.00674277433000400, 28.96521522791000100, -1.280266785311999800 ) ) ;
#10844 = CARTESIAN_POINT ( 'NONE',  ( -18.63049539686548400, 25.74614365438110400, 1.091737801712187300 ) ) ;
#10845 = EDGE_CURVE ( 'NONE', #5413, #6239, #10712, .T. ) ;
#10846 = CARTESIAN_POINT ( 'NONE',  ( -19.27435326848200600, 28.90009795209105900, 0.9252631208235532200 ) ) ;
#10847 = CARTESIAN_POINT ( 'NONE',  ( -20.40000000000000600, 33.89999999999999900, -7.599999999999998800 ) ) ;
#10848 = CARTESIAN_POINT ( 'NONE',  ( -19.00103740021455000, 22.71532300766953200, 0.7665562471346750700 ) ) ;
#10849 = CARTESIAN_POINT ( 'NONE',  ( -17.39453914038488600, 26.50643172115461600, 1.453581899612833100 ) ) ;
#10850 = DIRECTION ( 'NONE',  ( 0.0000000000000000000, 1.000000000000000000, 0.0000000000000000000 ) ) ;
#10851 = VERTEX_POINT ( 'NONE', #266 ) ;
#10852 = CARTESIAN_POINT ( 'NONE',  ( -18.18716583299209000, 24.73357456962794400, -1.735079708756373900 ) ) ;
#10853 = ORIENTED_EDGE ( 'NONE', *, *, #2669, .F. ) ;
#10854 = ORIENTED_EDGE ( 'NONE', *, *, #8206, .F. ) ;
#10855 = CARTESIAN_POINT ( 'NONE',  ( -1.500000000000001300, 0.0000000000000000000, 0.0000000000000000000 ) ) ;
#10856 = CARTESIAN_POINT ( 'NONE',  ( -17.99999999999607400, 22.78811681012819800, 1.249999999999999300 ) ) ;
#10857 =( NAMED_UNIT ( * ) SI_UNIT ( $, .STERADIAN. ) SOLID_ANGLE_UNIT ( ) );
#10858 = COLOUR_RGB ( '',0.7764705882352941300, 0.7568627450980391900, 0.7372549019607843600 ) ;
#10859 = FILL_AREA_STYLE_COLOUR ( '', #5261 ) ;
#10860 = SURFACE_STYLE_USAGE ( .BOTH. , #4734 ) ;
#10861 = LINE ( 'NONE', #9300, #4132 ) ;
#10862 = ORIENTED_EDGE ( 'NONE', *, *, #9283, .F. ) ;
#10863 = ORIENTED_EDGE ( 'NONE', *, *, #3205, .T. ) ;
#10864 = COLOUR_RGB ( '',0.7764705882352941300, 0.7568627450980391900, 0.7372549019607843600 ) ;
#10865 = CARTESIAN_POINT ( 'NONE',  ( -18.76851715017317800, 26.61075263436421800, 0.9991990381960053100 ) ) ;
#10866 = UNCERTAINTY_MEASURE_WITH_UNIT (LENGTH_MEASURE( 1.000000000000000100E-005 ), #2972, 'distance_accuracy_value', 'NONE');
#10867 =( LENGTH_UNIT ( ) NAMED_UNIT ( * ) SI_UNIT ( .MILLI., .METRE. ) );
#10868 = FILL_AREA_STYLE_COLOUR ( '', #5289 ) ;
#10869 = EDGE_CURVE ( 'NONE', #9652, #272, #1693, .T. ) ;
#10870 = EDGE_LOOP ( 'NONE', ( #5705, #7395, #3195, #1356 ) ) ;
#10871 =( LENGTH_UNIT ( ) NAMED_UNIT ( * ) SI_UNIT ( .MILLI., .METRE. ) );
#10872 = PRESENTATION_LAYER_ASSIGNMENT (  '', '', ( #9688 ) ) ;
#10873 = MECHANICAL_DESIGN_GEOMETRIC_PRESENTATION_REPRESENTATION (  '', ( #9086 ), #134 ) ;
#10874 = AXIS2_PLACEMENT_3D ( 'NONE', #2162, #4839, #9220 ) ;
#10875 = LINE ( 'NONE', #3482, #8530 ) ;
#10876 = COLOUR_RGB ( '',1.000000000000000000, 1.000000000000000000, 0.9490196078431372100 ) ;
#10877 = DIRECTION ( 'NONE',  ( -0.0000000000000000000, -0.0000000000000000000, -1.000000000000000000 ) ) ;
#10878 = DIRECTION ( 'NONE',  ( 0.0000000000000000000, 0.0000000000000000000, 1.000000000000000000 ) ) ;
#10879 = ADVANCED_FACE ( 'NONE', ( #3995 ), #9608, .F. ) ;
#10880 =( NAMED_UNIT ( * ) SI_UNIT ( $, .STERADIAN. ) SOLID_ANGLE_UNIT ( ) );
#10881 = ORIENTED_EDGE ( 'NONE', *, *, #2168, .F. ) ;
#10882 =( LENGTH_UNIT ( ) NAMED_UNIT ( * ) SI_UNIT ( .MILLI., .METRE. ) );
#10883 = ORIENTED_EDGE ( 'NONE', *, *, #4303, .T. ) ;
#10884 = CARTESIAN_POINT ( 'NONE',  ( -16.64823686094627700, 25.54553353986794300, 1.103787139598439300 ) ) ;
#10885 = B_SPLINE_CURVE_WITH_KNOTS ( 'NONE', 3,
 ( #10856, #4728, #1261, #7353, #2119, #8221, #2999, #9103, #3880, #9981, #4766, #10891, #5626, #435, #6501, #1297, #7392, #2160, #8256, #3032 ),
 .UNSPECIFIED., .F., .F.,
 ( 4, 2, 2, 2, 2, 2, 2, 2, 2, 4 ),
 ( -0.02349173073698697700, -0.02300231404528937900, -0.02275760569944058200, -0.02251289735359178500, -0.02202348066189418700, -0.02153406397019659200, -0.02104464727849899400, -0.02055523058680140000, -0.02006581389510380200, -0.01957639720340620700 ),
 .UNSPECIFIED. ) ;
#10886 = SURFACE_STYLE_USAGE ( .BOTH. , #4761 ) ;
#10887 =( GEOMETRIC_REPRESENTATION_CONTEXT ( 3 ) GLOBAL_UNCERTAINTY_ASSIGNED_CONTEXT ( ( #2483 ) ) GLOBAL_UNIT_ASSIGNED_CONTEXT ( ( #2284, #8395, #3160 ) ) REPRESENTATION_CONTEXT ( 'NONE', 'WORKASPACE' ) );
#10888 = ORIENTED_EDGE ( 'NONE', *, *, #9054, .T. ) ;
#10889 = CARTESIAN_POINT ( 'NONE',  ( -18.55421294903717200, 24.57472348037063600, -1.123414282867676800 ) ) ;
#10890 = CARTESIAN_POINT ( 'NONE',  ( -16.74995877411728900, 27.27740864183165900, 0.1643300643419952400 ) ) ;
#10891 = CARTESIAN_POINT ( 'NONE',  ( -16.74989506057468700, 22.92318359475976000, -0.1622089354251231600 ) ) ;
#10892 = AXIS2_PLACEMENT_3D ( 'NONE', #8268, #7435, #527 ) ;
#10893 = CARTESIAN_POINT ( 'NONE',  ( -18.00000000000000000, 25.53752767307791100, -1.250000000000001100 ) ) ;
#10894 = ADVANCED_FACE ( 'NONE', ( #7540, #614 ), #8124, .F. ) ;
#10895 = EDGE_LOOP ( 'NONE', ( #7817, #1314, #7370, #5783 ) ) ;
#10896 = DIRECTION ( 'NONE',  ( 0.0000000000000000000, 1.000000000000000000, 0.0000000000000000000 ) ) ;
#10897 = CARTESIAN_POINT ( 'NONE',  ( -18.00000000000000400, 34.89999999999999900, -8.600000000000001400 ) ) ;
#10898 = DIRECTION ( 'NONE',  ( 1.000000000000000000, 0.0000000000000000000, 0.0000000000000000000 ) ) ;
#10899 =( NAMED_UNIT ( * ) SI_UNIT ( $, .STERADIAN. ) SOLID_ANGLE_UNIT ( ) );
#10900 = VERTEX_POINT ( 'NONE', #2945 ) ;
#10901 = FACE_OUTER_BOUND ( 'NONE', #8577, .T. ) ;
#10902 = CARTESIAN_POINT ( 'NONE',  ( -19.09233591716332200, 26.07831376862876000, 0.6291373641084898600 ) ) ;
#10903 = CARTESIAN_POINT ( 'NONE',  ( -18.32734899436816200, 26.43305938920491400, -1.217371195937632100 ) ) ;
#10904 = ORIENTED_EDGE ( 'NONE', *, *, #10618, .T. ) ;
#10905 =( LENGTH_UNIT ( ) NAMED_UNIT ( * ) SI_UNIT ( .MILLI., .METRE. ) );
#10906 = LINE ( 'NONE', #3215, #4181 ) ;
#10907 = DIRECTION ( 'NONE',  ( -1.000000000000000000, -0.0000000000000000000, -0.0000000000000000000 ) ) ;
#10908 = DIRECTION ( 'NONE',  ( 0.0000000000000000000, 0.0000000000000000000, 1.000000000000000000 ) ) ;
#10909 = AXIS2_PLACEMENT_3D ( 'NONE', #5778, #580, #6633 ) ;
#10910 = ADVANCED_FACE ( 'NONE', ( #2078 ), #3306, .T. ) ;
#10911 = EDGE_CURVE ( 'NONE', #8687, #1325, #6320, .T. ) ;
#10912 = DIRECTION ( 'NONE',  ( -0.0000000000000000000, 1.000000000000000000, -0.0000000000000000000 ) ) ;
#10913 = VERTEX_POINT ( 'NONE', #9921 ) ;
#10914 = CARTESIAN_POINT ( 'NONE',  ( -18.00000000000000400, 34.07499999999999600, 8.599999999999999600 ) ) ;
#10915 = SURFACE_STYLE_USAGE ( .BOTH. , #4788 ) ;
#10916 = CARTESIAN_POINT ( 'NONE',  ( -1.500000000000001300, 15.94956969548781000, 0.0000000000000000000 ) ) ;
#10917 = CARTESIAN_POINT ( 'NONE',  ( -9.300000000000002500, 32.75999999999999800, 0.5000000000000000000 ) ) ;
#10918 = CARTESIAN_POINT ( 'NONE',  ( -19.73746835007889200, 26.35749251010794600, 0.1635126210737445100 ) ) ;
#10919 =( GEOMETRIC_REPRESENTATION_CONTEXT ( 3 ) GLOBAL_UNCERTAINTY_ASSIGNED_CONTEXT ( ( #11006 ) ) GLOBAL_UNIT_ASSIGNED_CONTEXT ( ( #9205, #3978, #10086 ) ) REPRESENTATION_CONTEXT ( 'NONE', 'WORKASPACE' ) );
#10920 = EDGE_LOOP ( 'NONE', ( #7027, #9438, #1059, #6641 ) ) ;
#10921 = SURFACE_SIDE_STYLE ('',( #6532 ) ) ;
#10922 = STYLED_ITEM ( 'NONE', ( #9761 ), #455 ) ;
#10923 = CARTESIAN_POINT ( 'NONE',  ( -18.63049321790964500, 24.74610748356214500, 1.091738847404208700 ) ) ;
#10924 =( LENGTH_UNIT ( ) NAMED_UNIT ( * ) SI_UNIT ( .MILLI., .METRE. ) );
#10925 = DIRECTION ( 'NONE',  ( 0.0000000000000000000, 0.0000000000000000000, 1.000000000000000000 ) ) ;
#10926 = UNCERTAINTY_MEASURE_WITH_UNIT (LENGTH_MEASURE( 1.000000000000000100E-005 ), #5574, 'distance_accuracy_value', 'NONE');
#10927 = SURFACE_SIDE_STYLE ('',( #6461 ) ) ;
#10928 = ORIENTED_EDGE ( 'NONE', *, *, #8839, .F. ) ;
#10929 = ADVANCED_FACE ( 'NONE', ( #7939 ), #7400, .T. ) ;
#10930 = FACE_OUTER_BOUND ( 'NONE', #10231, .T. ) ;
#10931 = ADVANCED_FACE ( 'NONE', ( #9457 ), #10703, .T. ) ;
#10932 = EDGE_CURVE ( 'NONE', #3511, #1867, #1683, .T. ) ;
#10933 = AXIS2_PLACEMENT_3D ( 'NONE', #1523, #1535, #708 ) ;
#10934 = CARTESIAN_POINT ( 'NONE',  ( -18.12161518606999900, 28.22689320868999400, 1.153310383415000000 ) ) ;
#10935 = MECHANICAL_DESIGN_GEOMETRIC_PRESENTATION_REPRESENTATION (  '', ( #9146 ), #195 ) ;
#10936 = CARTESIAN_POINT ( 'NONE',  ( -9.298000000000000000, 33.38120000000000000, -0.8000000000000000400 ) ) ;
#10937 = DIRECTION ( 'NONE',  ( -1.000000000000000000, -0.0000000000000000000, -0.0000000000000000000 ) ) ;
#10938 =( GEOMETRIC_REPRESENTATION_CONTEXT ( 3 ) GLOBAL_UNCERTAINTY_ASSIGNED_CONTEXT ( ( #2369 ) ) GLOBAL_UNIT_ASSIGNED_CONTEXT ( ( #299, #6368, #1169 ) ) REPRESENTATION_CONTEXT ( 'NONE', 'WORKASPACE' ) );
#10939 = CARTESIAN_POINT ( 'NONE',  ( -3.308231502791960700, 11.99899041743294600, 14.73248922038752400 ) ) ;
#10940 = CARTESIAN_POINT ( 'NONE',  ( -16.78296338416883400, 25.39246251893608900, 0.3283644238652413400 ) ) ;
#10941 = ORIENTED_EDGE ( 'NONE', *, *, #7084, .F. ) ;
#10942 = PRESENTATION_STYLE_ASSIGNMENT (( #10886 ) ) ;
#10943 = CARTESIAN_POINT ( 'NONE',  ( -17.23236166081532200, 26.36082817133991100, -0.9999851850868168900 ) ) ;
#10944 = UNCERTAINTY_MEASURE_WITH_UNIT (LENGTH_MEASURE( 1.000000000000000100E-005 ), #4920, 'distance_accuracy_value', 'NONE');
#10945 = ORIENTED_EDGE ( 'NONE', *, *, #3695, .T. ) ;
#10946 = CARTESIAN_POINT ( 'NONE',  ( -18.00000000000000000, 24.41192469537690400, -1.249999999999998700 ) ) ;
#10947 = EDGE_CURVE ( 'NONE', #9083, #2484, #6216, .T. ) ;
#10948 = CARTESIAN_POINT ( 'NONE',  ( -18.51897624527178700, 28.44578559033137900, -1.145017378647249300 ) ) ;
#10949 = DIRECTION ( 'NONE',  ( 0.0000000000000000000, 0.0000000000000000000, -1.000000000000000000 ) ) ;
#10950 = CARTESIAN_POINT ( 'NONE',  ( -2.920000000000006100, 29.00000000000000000, 15.08000000000000000 ) ) ;
#10951 = MECHANICAL_DESIGN_GEOMETRIC_PRESENTATION_REPRESENTATION (  '', ( #9763 ), #211 ) ;
#10952 = DIRECTION ( 'NONE',  ( 1.000000000000000000, -0.0000000000000000000, -0.0000000000000000000 ) ) ;
#10953 = LINE ( 'NONE', #9523, #6288 ) ;
#10954 =( NAMED_UNIT ( * ) SI_UNIT ( $, .STERADIAN. ) SOLID_ANGLE_UNIT ( ) );
#10955 = AXIS2_PLACEMENT_3D ( 'NONE', #1553, #7646, #2417 ) ;
#10956 = B_SPLINE_CURVE_WITH_KNOTS ( 'NONE', 3,
 ( #10262, #9392, #11175, #5920, #716, #6781, #1574, #7667, #2444, #8549, #3316, #9432, #4189, #10301, #5092, #11216, #5959, #747, #6819, #1615 ),
 .UNSPECIFIED., .F., .F.,
 ( 4, 2, 2, 2, 2, 2, 2, 2, 2, 4 ),
 ( -0.007830517811915063300, -0.007341108286617919300, -0.007096403523969343000, -0.006851698761320765800, -0.006362289236023620100, -0.005872879710726475200, -0.005383470185429329500, -0.004894060660132183700, -0.004404651134835038000, -0.003915241609537892200 ),
 .UNSPECIFIED. ) ;
#10957 = CARTESIAN_POINT ( 'NONE',  ( -46.50000000000000000, 0.0000000000000000000, 0.0000000000000000000 ) ) ;
#10958 = ADVANCED_FACE ( 'NONE', ( #3983 ), #1387, .T. ) ;
#10959 = CARTESIAN_POINT ( 'NONE',  ( -17.38606985623184900, 26.32840483003978000, 1.098385632176296800 ) ) ;
#10960 = ORIENTED_EDGE ( 'NONE', *, *, #5412, .F. ) ;
#10961 =( NAMED_UNIT ( * ) SI_UNIT ( $, .STERADIAN. ) SOLID_ANGLE_UNIT ( ) );
#10962 = CARTESIAN_POINT ( 'NONE',  ( -18.00000000000000400, 29.00000000000000000, 0.0000000000000000000 ) ) ;
#10963 = DIRECTION ( 'NONE',  ( 1.000000000000000000, 0.0000000000000000000, 0.0000000000000000000 ) ) ;
#10964 = FILL_AREA_STYLE_COLOUR ( '', #5391 ) ;
#10965 = FACE_OUTER_BOUND ( 'NONE', #7536, .T. ) ;
#10966 = CARTESIAN_POINT ( 'NONE',  ( -3.000000000000002700, 16.35549038165080300, 9.669432991428125800 ) ) ;
#10967 = STYLED_ITEM ( 'NONE', ( #679 ), #6565 ) ;
#10968 =( GEOMETRIC_REPRESENTATION_CONTEXT ( 3 ) GLOBAL_UNCERTAINTY_ASSIGNED_CONTEXT ( ( #2088 ) ) GLOBAL_UNIT_ASSIGNED_CONTEXT ( ( #8064, #2841, #8945 ) ) REPRESENTATION_CONTEXT ( 'NONE', 'WORKASPACE' ) );
#10969 = EDGE_CURVE ( 'NONE', #6303, #5389, #9856, .T. ) ;
#10970 =( BOUNDED_CURVE ( )  B_SPLINE_CURVE ( 3, ( #10307, #10234, #5891, #5097 ),
 .UNSPECIFIED., .F., .F. ) 
 B_SPLINE_CURVE_WITH_KNOTS ( ( 4, 4 ),
 ( 3.277465994165899700, 4.549989156215449500 ),
 .UNSPECIFIED. ) 
 CURVE ( )  GEOMETRIC_REPRESENTATION_ITEM ( )  RATIONAL_B_SPLINE_CURVE ( ( 1.000000000000000000, 0.8695484763366176900, 0.8695484763366176900, 1.000000000000000000 ) ) 
 REPRESENTATION_ITEM ( '' )  );
#10971 = VERTEX_POINT ( 'NONE', #4975 ) ;
#10972 = VECTOR ( 'NONE', #1569, 1000.000000000000000 ) ;
#10973 = ADVANCED_FACE ( 'NONE', ( #860 ), #10152, .T. ) ;
#10974 = CARTESIAN_POINT ( 'NONE',  ( -17.00320543431000400, 27.91460129705999500, -0.8109470819201002300 ) ) ;
#10975 = DIRECTION ( 'NONE',  ( 0.0000000000000000000, 0.0000000000000000000, 1.000000000000000000 ) ) ;
#10976 =( NAMED_UNIT ( * ) SI_UNIT ( $, .STERADIAN. ) SOLID_ANGLE_UNIT ( ) );
#10977 = CIRCLE ( 'NONE', #10530, 15.05000000000000100 ) ;
#10978 = CARTESIAN_POINT ( 'NONE',  ( -17.23807683482664600, 27.33939492597710300, 0.9943063661593877200 ) ) ;
#10979 = CARTESIAN_POINT ( 'NONE',  ( -8.600000000000260800, 39.89999999999980700, -3.150000000000012300 ) ) ;
#10980 = CARTESIAN_POINT ( 'NONE',  ( -17.67080617040148400, 26.18318462515136200, 1.216825659937489100 ) ) ;
#10981 = VERTEX_POINT ( 'NONE', #11093 ) ;
#10982 = CARTESIAN_POINT ( 'NONE',  ( -11.97579285787521100, 16.80349374814589000, 7.749047653991015100 ) ) ;
#10983 =( GEOMETRIC_REPRESENTATION_CONTEXT ( 3 ) GLOBAL_UNCERTAINTY_ASSIGNED_CONTEXT ( ( #8610 ) ) GLOBAL_UNIT_ASSIGNED_CONTEXT ( ( #3847, #9944, #4726 ) ) REPRESENTATION_CONTEXT ( 'NONE', 'WORKASPACE' ) );
#10984 = SURFACE_SIDE_STYLE ('',( #3694 ) ) ;
#10985 = DIRECTION ( 'NONE',  ( 0.0000000000000000000, 0.0000000000000000000, 1.000000000000000000 ) ) ;
#10986 = EDGE_CURVE ( 'NONE', #7317, #4769, #6697, .T. ) ;
#10987 = CARTESIAN_POINT ( 'NONE',  ( -19.09258711293346500, 24.57878011352520200, 0.6287188365893055000 ) ) ;
#10988 = CARTESIAN_POINT ( 'NONE',  ( -16.90726598023497100, 28.32878852082874800, -0.6286630935452721700 ) ) ;
#10989 = EDGE_LOOP ( 'NONE', ( #6448, #3864, #1556, #3895 ) ) ;
#10990 = FILL_AREA_STYLE ('',( #3053 ) ) ;
#10991 = DIRECTION ( 'NONE',  ( -1.000000000000000000, -0.0000000000000000000, -0.0000000000000000000 ) ) ;
#10992 = DIRECTION ( 'NONE',  ( 0.0000000000000000000, 0.0000000000000000000, 1.000000000000000000 ) ) ;
#10993 = EDGE_LOOP ( 'NONE', ( #1436, #709, #380, #5194 ) ) ;
#10994 = CARTESIAN_POINT ( 'NONE',  ( -0.8529462969710035500, -17.20000000223977600, -2.106392494807740600E-015 ) ) ;
#10995 = DIRECTION ( 'NONE',  ( 0.0000000000000000000, 1.000000000000000000, 0.0000000000000000000 ) ) ;
#10996 = CARTESIAN_POINT ( 'NONE',  ( -0.8529462969709827900, 0.0000000000000000000, 15.05000000000000100 ) ) ;
#10997 =( LENGTH_UNIT ( ) NAMED_UNIT ( * ) SI_UNIT ( .MILLI., .METRE. ) );
#10998 = SURFACE_SIDE_STYLE ('',( #2302 ) ) ;
#10999 = FACE_OUTER_BOUND ( 'NONE', #8647, .T. ) ;
#11000 = CARTESIAN_POINT ( 'NONE',  ( -17.42960835852518300, 26.50222523300488200, -1.148798707695371600 ) ) ;
#11001 = PRODUCT_CONTEXT ( 'NONE', #7460, 'mechanical' ) ;
#11002 = ORIENTED_EDGE ( 'NONE', *, *, #3803, .F. ) ;
#11003 = DIRECTION ( 'NONE',  ( 0.2249510543426638000, -0.9743700647855124700, 0.0000000000000000000 ) ) ;
#11004 = CARTESIAN_POINT ( 'NONE',  ( -17.49287019510791200, 23.99848745455780700, 1.669858977703461400 ) ) ;
#11005 = AXIS2_PLACEMENT_3D ( 'NONE', #957, #7033, #1822 ) ;
#11006 = UNCERTAINTY_MEASURE_WITH_UNIT (LENGTH_MEASURE( 1.000000000000000100E-005 ), #9205, 'distance_accuracy_value', 'NONE');
#11007 = DIRECTION ( 'NONE',  ( 1.000000000000000000, -0.0000000000000000000, 0.0000000000000000000 ) ) ;
#11008 = STYLED_ITEM ( 'NONE', ( #1328 ), #8534 ) ;
#11009 = ORIENTED_EDGE ( 'NONE', *, *, #1341, .F. ) ;
#11010 = EDGE_LOOP ( 'NONE', ( #4890, #4394, #6197, #1205 ) ) ;
#11011 = CARTESIAN_POINT ( 'NONE',  ( -19.27912923856000700, 27.10264232682000300, -0.1227191204549999800 ) ) ;
#11012 = SURFACE_STYLE_FILL_AREA ( #1391 ) ;
#11013 = CARTESIAN_POINT ( 'NONE',  ( -18.63710700534804200, 28.07982549065758700, -1.083698318818082200 ) ) ;
#11014 = CARTESIAN_POINT ( 'NONE',  ( -17.83487466299044800, 27.52666795079528200, -1.250000000000026900 ) ) ;
#11015 = DIRECTION ( 'NONE',  ( 0.0000000000000000000, 0.0000000000000000000, 1.000000000000000000 ) ) ;
#11016 = CARTESIAN_POINT ( 'NONE',  ( -28.00000000000000400, 18.33030277982324200, -5.000000000000427200 ) ) ;
#11017 = ORIENTED_EDGE ( 'NONE', *, *, #3716, .F. ) ;
#11018 = EDGE_CURVE ( 'NONE', #4186, #5680, #9033, .T. ) ;
#11019 = CARTESIAN_POINT ( 'NONE',  ( 0.0000000000000000000, 0.0000000000000000000, 0.0000000000000000000 ) ) ;
#11020 = PRESENTATION_LAYER_ASSIGNMENT (  '', '', ( #9237 ) ) ;
#11021 =( GEOMETRIC_REPRESENTATION_CONTEXT ( 3 ) GLOBAL_UNCERTAINTY_ASSIGNED_CONTEXT ( ( #5184 ) ) GLOBAL_UNIT_ASSIGNED_CONTEXT ( ( #5563, #365, #6431 ) ) REPRESENTATION_CONTEXT ( 'NONE', 'WORKASPACE' ) );
#11022 = ORIENTED_EDGE ( 'NONE', *, *, #7371, .T. ) ;
#11023 = STYLED_ITEM ( 'NONE', ( #10529 ), #9361 ) ;
#11024 = FILL_AREA_STYLE ('',( #10121 ) ) ;
#11025 = CARTESIAN_POINT ( 'NONE',  ( -16.70000000000000600, 33.89999999999999900, 8.599999999999999600 ) ) ;
#11026 = CARTESIAN_POINT ( 'NONE',  ( -2.700000000000008200, 0.0000000000000000000, 0.0000000000000000000 ) ) ;
#11027 = SURFACE_SIDE_STYLE ('',( #1788 ) ) ;
#11028 = CARTESIAN_POINT ( 'NONE',  ( -18.00000000000149900, 28.89999999999999500, 8.599999999999999600 ) ) ;
#11029 = SURFACE_SIDE_STYLE ('',( #10782 ) ) ;
#11030 = CARTESIAN_POINT ( 'NONE',  ( -16.53714046828000400, 24.46618791658999500, -0.1590700829956000800 ) ) ;
#11031 = EDGE_LOOP ( 'NONE', ( #1761, #7936, #5398, #7327 ) ) ;
#11032 = CARTESIAN_POINT ( 'NONE',  ( -16.56099825130438300, 24.52264997952417100, 0.2818410455350557900 ) ) ;
#11033 = B_SPLINE_CURVE_WITH_KNOTS ( 'NONE', 3,
 ( #6764, #2427, #5077, #23, #6100, #879, #6959, #1760, #7840, #2620, #8725, #3495, #9615, #4364, #10496, #5272, #59, #6137, #920, #6999 ),
 .UNSPECIFIED., .F., .F.,
 ( 4, 2, 2, 2, 2, 2, 2, 2, 2, 4 ),
 ( 0.02055431023555387100, 0.02104390125039363000, 0.02153349226523339200, 0.02202308328007315100, 0.02251267429491291300, 0.02275746980233279300, 0.02300226530975267200, 0.02349185632459243500, 0.02398144733943219400, 0.02447103835427195300 ),
 .UNSPECIFIED. ) ;
#11034 = ORIENTED_EDGE ( 'NONE', *, *, #2290, .F. ) ;
#11035 = CARTESIAN_POINT ( 'NONE',  ( -17.12813831041000500, 24.13373061135000300, -1.626249991273000200 ) ) ;
#11036 = VECTOR ( 'NONE', #2035, 1000.000000000000000 ) ;
#11037 = STYLED_ITEM ( 'NONE', ( #4341 ), #5692 ) ;
#11038 = DIRECTION ( 'NONE',  ( -0.0000000000000000000, -0.0000000000000000000, -1.000000000000000000 ) ) ;
#11039 = FILL_AREA_STYLE ('',( #7497 ) ) ;
#11040 =( GEOMETRIC_REPRESENTATION_CONTEXT ( 3 ) GLOBAL_UNCERTAINTY_ASSIGNED_CONTEXT ( ( #1762 ) ) GLOBAL_UNIT_ASSIGNED_CONTEXT ( ( #1330, #7422, #2193 ) ) REPRESENTATION_CONTEXT ( 'NONE', 'WORKASPACE' ) );
#11041 = VECTOR ( 'NONE', #1231, 1000.000000000000000 ) ;
#11042 =( NAMED_UNIT ( * ) PLANE_ANGLE_UNIT ( ) SI_UNIT ( $, .RADIAN. ) );
#11043 = EDGE_CURVE ( 'NONE', #161, #1948, #10956, .T. ) ;
#11044 = ORIENTED_EDGE ( 'NONE', *, *, #8019, .T. ) ;
#11045 = CARTESIAN_POINT ( 'NONE',  ( -17.46725305836856600, 22.69966360438366200, -1.571804157998469800 ) ) ;
#11046 = DIRECTION ( 'NONE',  ( 0.0000000000000000000, 1.000000000000000000, 0.0000000000000000000 ) ) ;
#11047 = COLOUR_RGB ( '',0.7764705882352941300, 0.7568627450980391900, 0.7372549019607843600 ) ;
#11048 = CARTESIAN_POINT ( 'NONE',  ( -17.82871638532999700, 26.53454126493999600, 1.836926025434999900 ) ) ;
#11049 = SURFACE_SIDE_STYLE ('',( #7072 ) ) ;
#11050 = LINE ( 'NONE', #8881, #8707 ) ;
#11051 = ORIENTED_EDGE ( 'NONE', *, *, #4907, .F. ) ;
#11052 = CARTESIAN_POINT ( 'NONE',  ( -17.17589235434999800, 26.29068335657999400, 0.9856460382281003700 ) ) ;
#11053 = SURFACE_SIDE_STYLE ('',( #8633 ) ) ;
#11054 =( NAMED_UNIT ( * ) PLANE_ANGLE_UNIT ( ) SI_UNIT ( $, .RADIAN. ) );
#11055 = CARTESIAN_POINT ( 'NONE',  ( -19.21789196386955100, 28.05741873917979100, 0.3258951466297577100 ) ) ;
#11056 =( GEOMETRIC_REPRESENTATION_CONTEXT ( 3 ) GLOBAL_UNCERTAINTY_ASSIGNED_CONTEXT ( ( #5211 ) ) GLOBAL_UNIT_ASSIGNED_CONTEXT ( ( #6943, #1741, #7824 ) ) REPRESENTATION_CONTEXT ( 'NONE', 'WORKASPACE' ) );
#11057 = CARTESIAN_POINT ( 'NONE',  ( -16.90739247379458000, 23.74625687566071300, 0.6287125716810556500 ) ) ;
#11058 = EDGE_CURVE ( 'NONE', #10398, #46, #8759, .T. ) ;
#11059 = DIRECTION ( 'NONE',  ( 0.0000000000000000000, 1.000000000000000000, 0.0000000000000000000 ) ) ;
#11060 = ADVANCED_FACE ( 'NONE', ( #1809 ), #8584, .F. ) ;
#11061 = SURFACE_STYLE_FILL_AREA ( #3067 ) ;
#11062 = CIRCLE ( 'NONE', #10518, 0.2999999999999964400 ) ;
#11063 = CARTESIAN_POINT ( 'NONE',  ( -17.99999999999976200, 24.91246908623338300, -1.250000000000000000 ) ) ;
#11064 = ORIENTED_EDGE ( 'NONE', *, *, #958, .T. ) ;
#11065 = FACE_OUTER_BOUND ( 'NONE', #6551, .T. ) ;
#11066 = SURFACE_SIDE_STYLE ('',( #8889 ) ) ;
#11067 = FILL_AREA_STYLE_COLOUR ( '', #9886 ) ;
#11068 = CARTESIAN_POINT ( 'NONE',  ( -32.00000000000000000, 28.49999999999999600, 14.00000000000000000 ) ) ;
#11069 = CARTESIAN_POINT ( 'NONE',  ( -9.300000000000002500, 33.00000000000000000, -0.8000000000000001600 ) ) ;
#11070 = SURFACE_STYLE_USAGE ( .BOTH. , #4950 ) ;
#11071 =( LENGTH_UNIT ( ) NAMED_UNIT ( * ) SI_UNIT ( .MILLI., .METRE. ) );
#11072 =( GEOMETRIC_REPRESENTATION_CONTEXT ( 3 ) GLOBAL_UNCERTAINTY_ASSIGNED_CONTEXT ( ( #8105 ) ) GLOBAL_UNIT_ASSIGNED_CONTEXT ( ( #10436, #5217, #11 ) ) REPRESENTATION_CONTEXT ( 'NONE', 'WORKASPACE' ) );
#11073 = UNCERTAINTY_MEASURE_WITH_UNIT (LENGTH_MEASURE( 1.000000000000000100E-005 ), #8327, 'distance_accuracy_value', 'NONE');
#11074 = CARTESIAN_POINT ( 'NONE',  ( -19.76276413845000600, 23.32177164110999700, 0.5454300940363000500 ) ) ;
#11075 = ADVANCED_FACE ( 'NONE', ( #7927 ), #8030, .F. ) ;
#11076 = AXIS2_PLACEMENT_3D ( 'NONE', #7670, #2449, #8553 ) ;
#11077 = ORIENTED_EDGE ( 'NONE', *, *, #10536, .F. ) ;
#11078 = ADVANCED_FACE ( 'NONE', ( #4799 ), #6030, .F. ) ;
#11079 = DIRECTION ( 'NONE',  ( 0.0000000000000000000, -1.000000000000000000, 0.0000000000000000000 ) ) ;
#11080 = CARTESIAN_POINT ( 'NONE',  ( -0.3040217494789085300, 15.11695286011187600, 3.702585586599486600E-015 ) ) ;
#11081 = CARTESIAN_POINT ( 'NONE',  ( -3.000000000000002700, 2.063529856563290200E-015, 16.70000000000000600 ) ) ;
#11082 = CARTESIAN_POINT ( 'NONE',  ( -18.17483212275999800, 26.18044375527999500, -1.836918963349000200 ) ) ;
#11083 = SURFACE_SIDE_STYLE ('',( #10150 ) ) ;
#11084 = CARTESIAN_POINT ( 'NONE',  ( -16.83143807014000300, 25.72258229469999000, -1.428038658898999700 ) ) ;
#11085 = CARTESIAN_POINT ( 'NONE',  ( -1.195978250521092700, -15.11695286011187600, -1.851292793299744100E-015 ) ) ;
#11086 = ORIENTED_EDGE ( 'NONE', *, *, #2129, .F. ) ;
#11087 = EDGE_LOOP ( 'NONE', ( #1266, #5372, #9453, #859, #322, #1807, #1936, #4371 ) ) ;
#11088 = EDGE_CURVE ( 'NONE', #3628, #3511, #8328, .T. ) ;
#11089 = AXIS2_PLACEMENT_3D ( 'NONE', #9561, #895, #9477 ) ;
#11090 = UNCERTAINTY_MEASURE_WITH_UNIT (LENGTH_MEASURE( 1.000000000000000100E-005 ), #7836, 'distance_accuracy_value', 'NONE');
#11091 = CARTESIAN_POINT ( 'NONE',  ( -19.13970300634000300, 27.76206870703999700, 0.9311816406797000000 ) ) ;
#11092 = MECHANICAL_DESIGN_GEOMETRIC_PRESENTATION_REPRESENTATION (  '', ( #8727 ), #346 ) ;
#11093 = CARTESIAN_POINT ( 'NONE',  ( -3.000000000000002700, 15.76490173463226300, -9.870555875805004900 ) ) ;
#11094 = CARTESIAN_POINT ( 'NONE',  ( -19.22916010255000400, 23.63379986224000400, 0.3746959217866000500 ) ) ;
#11095 = PRESENTATION_LAYER_ASSIGNMENT (  '', '', ( #347 ) ) ;
#11096 = CARTESIAN_POINT ( 'NONE',  ( -20.10000000000000500, 28.89999999999999500, -9.099999999999999600 ) ) ;
#11097 = FILL_AREA_STYLE ('',( #1425 ) ) ;
#11098 = CARTESIAN_POINT ( 'NONE',  ( -18.00000000000060800, 23.91191686777262500, -1.250000000000000200 ) ) ;
#11099 = FACE_BOUND ( 'NONE', #3830, .T. ) ;
#11100 = SURFACE_STYLE_USAGE ( .BOTH. , #2452 ) ;
#11101 = ORIENTED_EDGE ( 'NONE', *, *, #5225, .F. ) ;
#11102 = CIRCLE ( 'NONE', #2957, 0.8250000000000062800 ) ;
#11103 = CARTESIAN_POINT ( 'NONE',  ( -16.78234166522891300, 27.80746325617960600, -0.3265258647783166900 ) ) ;
#11104 = CARTESIAN_POINT ( 'NONE',  ( -18.12710442963000200, 25.49313785918000300, -1.278700924979000200 ) ) ;
#11105 = DIRECTION ( 'NONE',  ( 1.000000000000000000, -0.0000000000000000000, -0.0000000000000000000 ) ) ;
#11106 = EDGE_CURVE ( 'NONE', #7051, #3854, #10692, .T. ) ;
#11107 = CARTESIAN_POINT ( 'NONE',  ( -3.000000000000002700, 0.0000000000000000000, 17.00000000000000000 ) ) ;
#11108 = DIRECTION ( 'NONE',  ( 0.0000000000000000000, 1.000000000000000000, 0.0000000000000000000 ) ) ;
#11109 = CARTESIAN_POINT ( 'NONE',  ( -18.76191017032474700, 23.59028687951258300, -0.9943149944864203600 ) ) ;
#11110 = CARTESIAN_POINT ( 'NONE',  ( -15.60000000000000300, 38.89999999999999100, 7.599999999999998800 ) ) ;
#11111 = MECHANICAL_DESIGN_GEOMETRIC_PRESENTATION_REPRESENTATION (  '', ( #9325 ), #363 ) ;
#11112 = ORIENTED_EDGE ( 'NONE', *, *, #235, .F. ) ;
#11113 = CARTESIAN_POINT ( 'NONE',  ( -3.307506448223203900, 11.99985711927246300, -14.73178274731245600 ) ) ;
#11114 = SURFACE_SIDE_STYLE ('',( #4319 ) ) ;
#11115 = AXIS2_PLACEMENT_3D ( 'NONE', #4583, #10716, #5470 ) ;
#11116 = PRESENTATION_STYLE_ASSIGNMENT (( #5123 ) ) ;
#11117 = B_SPLINE_CURVE_WITH_KNOTS ( 'NONE', 3,
 ( #8785, #2682, #10559, #5335, #120, #6189, #986, #7065, #1854, #7935, #2722, #8823, #3594, #9710 ),
 .UNSPECIFIED., .F., .F.,
 ( 4, 2, 2, 2, 2, 2, 4 ),
 ( 0.0000000000000000000, 0.2499999999999877900, 0.3749999999999898400, 0.4999999999999919000, 0.6249999999999938900, 0.7499999999999960000, 1.000000000000000000 ),
 .UNSPECIFIED. ) ;
#11118 = COLOUR_RGB ( '',0.7921568627450980000, 0.8196078431372548800, 0.9333333333333333500 ) ;
#11119 = CARTESIAN_POINT ( 'NONE',  ( -16.41223972677000000, 22.57227105320000100, -0.5022206719942000600 ) ) ;
#11120 = CARTESIAN_POINT ( 'NONE',  ( -18.82625954248127400, 27.59468438914334200, -0.9415112254562277800 ) ) ;
#11121 = EDGE_LOOP ( 'NONE', ( #8181, #6577, #8559, #6802, #3684 ) ) ;
#11122 = CARTESIAN_POINT ( 'NONE',  ( -19.16557201471000500, 25.36848478503998900, 1.430480085058000000 ) ) ;
#11123 = FILL_AREA_STYLE ('',( #8615 ) ) ;
#11124 = PRESENTATION_STYLE_ASSIGNMENT (( #10837 ) ) ;
#11125 = CARTESIAN_POINT ( 'NONE',  ( -19.83478551441000400, 24.91062332445999400, 0.1959583251179999900 ) ) ;
#11126 = CARTESIAN_POINT ( 'NONE',  ( -17.99999999999999300, 27.03754620448232200, -1.249999999999999800 ) ) ;
#11127 = AXIS2_PLACEMENT_3D ( 'NONE', #7144, #2760, #7182 ) ;
#11128 = ORIENTED_EDGE ( 'NONE', *, *, #8825, .F. ) ;
#11129 = STYLED_ITEM ( 'NONE', ( #11145 ), #10710 ) ;
#11130 = EDGE_CURVE ( 'NONE', #9327, #2475, #3968, .T. ) ;
#11131 = ORIENTED_EDGE ( 'NONE', *, *, #9647, .F. ) ;
#11132 = CARTESIAN_POINT ( 'NONE',  ( -16.53469480628000500, 26.95010973679999500, 0.1374878454848000300 ) ) ;
#11133 = DIRECTION ( 'NONE',  ( 0.0000000000000000000, 0.0000000000000000000, -1.000000000000000000 ) ) ;
#11134 = CARTESIAN_POINT ( 'NONE',  ( -16.86182093047000700, 22.82184089200000400, 0.5964731450696999500 ) ) ;
#11135 = FACE_OUTER_BOUND ( 'NONE', #2301, .T. ) ;
#11136 =( NAMED_UNIT ( * ) SI_UNIT ( $, .STERADIAN. ) SOLID_ANGLE_UNIT ( ) );
#11137 = DIRECTION ( 'NONE',  ( 0.0000000000000000000, -1.000000000000000000, 0.0000000000000000000 ) ) ;
#11138 = ADVANCED_FACE ( 'NONE', ( #1394 ), #3541, .T. ) ;
#11139 = EDGE_LOOP ( 'NONE', ( #1730, #1627, #4999, #4105 ) ) ;
#11140 = DIRECTION ( 'NONE',  ( -1.000000000000000000, -0.0000000000000000000, -0.0000000000000000000 ) ) ;
#11141 = ORIENTED_EDGE ( 'NONE', *, *, #3539, .T. ) ;
#11142 = LINE ( 'NONE', #5628, #4140 ) ;
#11143 = MECHANICAL_DESIGN_GEOMETRIC_PRESENTATION_REPRESENTATION (  '', ( #9939 ), #392 ) ;
#11144 = FACE_OUTER_BOUND ( 'NONE', #3831, .T. ) ;
#11145 = PRESENTATION_STYLE_ASSIGNMENT (( #6751 ) ) ;
#11146 = ORIENTED_EDGE ( 'NONE', *, *, #8839, .T. ) ;
#11147 = EDGE_CURVE ( 'NONE', #4291, #8247, #9586, .T. ) ;
#11148 = DIRECTION ( 'NONE',  ( 0.0000000000000000000, 0.0000000000000000000, 1.000000000000000000 ) ) ;
#11149 =( LENGTH_UNIT ( ) NAMED_UNIT ( * ) SI_UNIT ( .MILLI., .METRE. ) );
#11150 = CARTESIAN_POINT ( 'NONE',  ( -18.16516640953200900, 23.77786581640721800, 1.250000000000528700 ) ) ;
#11151 = FILL_AREA_STYLE_COLOUR ( '', #7740 ) ;
#11153 = VERTEX_POINT ( 'NONE', #2701 ) ;
#11152 = SURFACE_STYLE_USAGE ( .BOTH. , #5035 ) ;
#11154 = CARTESIAN_POINT ( 'NONE',  ( -33.00000000000000000, 28.49999999999999600, -14.00000000000000000 ) ) ;
#11155 = CARTESIAN_POINT ( 'NONE',  ( -18.78056870152000700, 23.98119802132999800, 1.463307205958999800 ) ) ;
#11156 = CIRCLE ( 'NONE', #4476, 15.05000000000000100 ) ;
#11157 = LINE ( 'NONE', #11069, #2385 ) ;
#11158 = CARTESIAN_POINT ( 'NONE',  ( -9.504263980358002700, 28.68000000000000000, 3.149999999999999900 ) ) ;
#11159 = FILL_AREA_STYLE_COLOUR ( '', #10001 ) ;
#11160 = CARTESIAN_POINT ( 'NONE',  ( -17.99999999999973400, 27.78756406089833000, 1.249999999999999800 ) ) ;
#11161 = EDGE_CURVE ( 'NONE', #1392, #1701, #2612, .T. ) ;
#11162 = CARTESIAN_POINT ( 'NONE',  ( -19.60000000000000100, 28.89999999999999900, -7.949999999999998400 ) ) ;
#11163 = CARTESIAN_POINT ( 'NONE',  ( -16.16591702957000000, 24.55652581478999300, -0.1994365993473000100 ) ) ;
#11164 = ORIENTED_EDGE ( 'NONE', *, *, #8130, .F. ) ;
#11165 = CARTESIAN_POINT ( 'NONE',  ( -0.6470537030290188800, -15.04999999999999900, -30.09999999999999800 ) ) ;
#11166 = CARTESIAN_POINT ( 'NONE',  ( -32.00000000000242300, 28.50000000000000000, -14.49999999999645100 ) ) ;
#11167 = MECHANICAL_DESIGN_GEOMETRIC_PRESENTATION_REPRESENTATION (  '', ( #9952 ), #406 ) ;
#11168 = AXIS2_PLACEMENT_3D ( 'NONE', #8635, #3405, #9525 ) ;
#11169 = SURFACE_STYLE_USAGE ( .BOTH. , #10374 ) ;
#11170 = CARTESIAN_POINT ( 'NONE',  ( -19.24991764062281900, 23.54759592741490000, 0.1641226306797199400 ) ) ;
#11171 = AXIS2_PLACEMENT_3D ( 'NONE', #6219, #1020, #7094 ) ;
#11172 = EDGE_LOOP ( 'NONE', ( #8815, #8387, #644, #5110, #407, #4135, #3057 ) ) ;
#11173 = ORIENTED_EDGE ( 'NONE', *, *, #5510, .F. ) ;
#11174 = CARTESIAN_POINT ( 'NONE',  ( -18.54639392340000400, 28.40067562648000200, 1.447447101667000100 ) ) ;
#11175 = CARTESIAN_POINT ( 'NONE',  ( -17.67286234698177300, 25.39084112907965400, -1.217513914698196800 ) ) ;
#11176 = VERTEX_POINT ( 'NONE', #1876 ) ;
#11177 = CARTESIAN_POINT ( 'NONE',  ( -18.69811393107000100, 24.29322624245000000, 1.295609661851999900 ) ) ;
#11178 = VECTOR ( 'NONE', #10072, 1000.000000000000000 ) ;
#11179 =( NAMED_UNIT ( * ) SI_UNIT ( $, .STERADIAN. ) SOLID_ANGLE_UNIT ( ) );
#11180 = EDGE_CURVE ( 'NONE', #8813, #4146, #4942, .T. ) ;
#11181 = CARTESIAN_POINT ( 'NONE',  ( -16.74989508258992300, 23.42316566212638700, -0.1622096782084462300 ) ) ;
#11182 = PRESENTATION_STYLE_ASSIGNMENT (( #594 ) ) ;
#11183 = STYLED_ITEM ( 'NONE', ( #4512 ), #4365 ) ;
#11184 = ORIENTED_EDGE ( 'NONE', *, *, #3845, .T. ) ;
#11185 = CARTESIAN_POINT ( 'NONE',  ( -7.307569690250728600, 15.75447857326040700, 9.698936995075149200 ) ) ;
#11186 = PRESENTATION_LAYER_ASSIGNMENT (  '', '', ( #430 ) ) ;
#11187 = LINE ( 'NONE', #9491, #1879 ) ;
#11188 = EDGE_LOOP ( 'NONE', ( #10298, #7704, #3048, #223 ) ) ;
#11189 =( NAMED_UNIT ( * ) PLANE_ANGLE_UNIT ( ) SI_UNIT ( $, .RADIAN. ) );
#11190 = CARTESIAN_POINT ( 'NONE',  ( 0.0000000000000000000, 16.30043030675197700, 0.0000000000000000000 ) ) ;
#11191 = DIRECTION ( 'NONE',  ( 0.0000000000000000000, -1.000000000000000000, 0.0000000000000000000 ) ) ;
#11192 = CARTESIAN_POINT ( 'NONE',  ( -16.75010501850645600, 25.79828967200689900, -0.1637790755295149600 ) ) ;
#11193 = DIRECTION ( 'NONE',  ( 0.0000000000000000000, 0.0000000000000000000, -1.000000000000000000 ) ) ;
#11194 = UNCERTAINTY_MEASURE_WITH_UNIT (LENGTH_MEASURE( 1.000000000000000100E-005 ), #6127, 'distance_accuracy_value', 'NONE');
#11195 = CARTESIAN_POINT ( 'NONE',  ( 0.0000000000000000000, 0.0000000000000000000, 0.0000000000000000000 ) ) ;
#11196 = EDGE_LOOP ( 'NONE', ( #1720, #1333, #11112, #8784, #4030, #1382, #10863, #1749, #6403, #5801, #3497, #2705 ) ) ;
#11197 = B_SPLINE_CURVE_WITH_KNOTS ( 'NONE', 3,
 ( #1783, #6984, #3518, #9641, #4391, #10525, #5293, #81, #6157, #948, #7022, #1814, #7898, #2680, #8782, #3555, #9676, #4430, #10558, #5332, #119, #6187, #983, #7062, #1851, #7934, #2719, #8820, #3591, #9707, #4469, #10598, #5367, #156, #6224, #1026, #7099, #1891, #7975, #2757, #8855, #3637, #9744, #4509, #10637, #5404, #190, #6264 ),
 .UNSPECIFIED., .F., .F.,
 ( 4, 2, 2, 2, 2, 2, 2, 2, 2, 2, 2, 2, 2, 2, 2, 2, 2, 2, 2, 2, 2, 2, 2, 4 ),
 ( 8.673617379884034500E-019, 0.001952325246333351700, 0.003904650492666705100, 0.005856975739000058600, 0.007809300985333411100, 0.008785463608500089200, 0.009761626231666768000, 0.01171395147800012900, 0.01269011410116681200, 0.01366627672433349400, 0.01561860197066686200, 0.01659476459383354300, 0.01757092721700022700, 0.01854708984016690800, 0.01952325246333359200, 0.02147557770966695600, 0.02245174033283364000, 0.02342790295600032800, 0.02440406557916701600, 0.02538022820233370000, 0.02733255344866706800, 0.02830871607183375200, 0.02928487869500043300, 0.03123720394133378700 ),
 .UNSPECIFIED. ) ;
#11198 = CARTESIAN_POINT ( 'NONE',  ( -16.41665902725000200, 23.16923905108999500, -0.4935451773624001100 ) ) ;
#11199 = SURFACE_STYLE_FILL_AREA ( #3058 ) ;
#11200 = ADVANCED_FACE ( 'NONE', ( #9299 ), #1528, .F. ) ;
#11201 = LINE ( 'NONE', #388, #4467 ) ;
#11202 = AXIS2_PLACEMENT_3D ( 'NONE', #4526, #10652, #5420 ) ;
#11203 = PRESENTATION_LAYER_ASSIGNMENT (  '', '', ( #10602 ) ) ;
#11204 = CARTESIAN_POINT ( 'NONE',  ( -18.32459612796514700, 27.43267981329148600, -1.209875647736773800 ) ) ;
#11205 = EDGE_CURVE ( 'NONE', #2801, #5846, #10833, .T. ) ;
#11206 = CARTESIAN_POINT ( 'NONE',  ( -17.83940629070000100, 26.02791116525000700, 1.650686255356999900 ) ) ;
#11207 = CARTESIAN_POINT ( 'NONE',  ( -7.589415207398531000E-016, -15.94956969548781000, -1.953258947535676900E-015 ) ) ;
#11208 = FACE_OUTER_BOUND ( 'NONE', #8169, .T. ) ;
#11209 = CARTESIAN_POINT ( 'NONE',  ( -16.78230987551685200, 23.30867085991594200, -0.3267221165007553900 ) ) ;
#11210 = VERTEX_POINT ( 'NONE', #8000 ) ;
#11211 =( LENGTH_UNIT ( ) NAMED_UNIT ( * ) SI_UNIT ( .MILLI., .METRE. ) );
#11212 = FILL_AREA_STYLE ('',( #742 ) ) ;
#11213 = PRESENTATION_STYLE_ASSIGNMENT (( #8495 ) ) ;
#11214 = ADVANCED_FACE ( 'NONE', ( #8192 ), #9121, .F. ) ;
#11215 = CARTESIAN_POINT ( 'NONE',  ( -16.71788621090000900, 27.60953611701000200, -1.052016972578000200 ) ) ;
#11216 = CARTESIAN_POINT ( 'NONE',  ( -17.23192623821079300, 25.21415472675993300, 0.9998655595661525300 ) ) ;
#11217 = CARTESIAN_POINT ( 'NONE',  ( -16.59311718880999800, 23.48126727221000500, -0.4320913865174999000 ) ) ;
#11218 = PRESENTATION_STYLE_ASSIGNMENT (( #9836 ) ) ;
#11219 =( NAMED_UNIT ( * ) SI_UNIT ( $, .STERADIAN. ) SOLID_ANGLE_UNIT ( ) );
#11220 = AXIS2_PLACEMENT_3D ( 'NONE', #8764, #3540, #9661 ) ;
#11221 = EDGE_LOOP ( 'NONE', ( #7195, #5857, #3765, #1992 ) ) ;
#11222 = DIRECTION ( 'NONE',  ( -0.0000000000000000000, -1.000000000000000000, -0.0000000000000000000 ) ) ;
#11223 = EDGE_CURVE ( 'NONE', #6087, #7506, #3006, .T. ) ;
#11224 = SURFACE_STYLE_FILL_AREA ( #290 ) ;
#11225 =( NAMED_UNIT ( * ) PLANE_ANGLE_UNIT ( ) SI_UNIT ( $, .RADIAN. ) );
#11226 = UNCERTAINTY_MEASURE_WITH_UNIT (LENGTH_MEASURE( 1.000000000000000100E-005 ), #2657, 'distance_accuracy_value', 'NONE');
#11227 = VERTEX_POINT ( 'NONE', #4568 ) ;
#11228 = CIRCLE ( 'NONE', #5458, 9.550000000000002500 ) ;
#11229 =( NAMED_UNIT ( * ) SI_UNIT ( $, .STERADIAN. ) SOLID_ANGLE_UNIT ( ) );
#11230 = DIRECTION ( 'NONE',  ( 0.0000000000000000000, 0.0000000000000000000, -1.000000000000000000 ) ) ;
#11231 = SURFACE_SIDE_STYLE ('',( #10375 ) ) ;
#11232 =( NAMED_UNIT ( * ) SI_UNIT ( $, .STERADIAN. ) SOLID_ANGLE_UNIT ( ) );
#11233 = CARTESIAN_POINT ( 'NONE',  ( -20.40000000000000600, 38.89999999999999100, -9.099999999999999600 ) ) ;
#11234 = CARTESIAN_POINT ( 'NONE',  ( -17.57819297188999700, 24.64062440155000300, 1.410102687777999900 ) ) ;
#11235 = AXIS2_PLACEMENT_3D ( 'NONE', #1332, #7423, #2194 ) ;
#11236 = COLOUR_RGB ( '',0.0000000000000000000, 0.0000000000000000000, 0.0000000000000000000 ) ;
#11237 = FACE_OUTER_BOUND ( 'NONE', #3293, .T. ) ;
#11238 = ORIENTED_EDGE ( 'NONE', *, *, #9861, .F. ) ;
#11239 = CARTESIAN_POINT ( 'NONE',  ( -18.76202282035940200, 27.61004780977527100, 0.9942298719762664400 ) ) ;
#11240 = CARTESIAN_POINT ( 'NONE',  ( -16.95507739073000400, 25.21595219501000100, -1.287902259118999700 ) ) ;
#11241 =( LENGTH_UNIT ( ) NAMED_UNIT ( * ) SI_UNIT ( .MILLI., .METRE. ) );
#11242 = CARTESIAN_POINT ( 'NONE',  ( -18.00000000000000400, 28.41093935102359700, -1.250000000000000000 ) ) ;
#11243 = UNCERTAINTY_MEASURE_WITH_UNIT (LENGTH_MEASURE( 1.000000000000000100E-005 ), #10636, 'distance_accuracy_value', 'NONE');
#11244 =( NAMED_UNIT ( * ) PLANE_ANGLE_UNIT ( ) SI_UNIT ( $, .RADIAN. ) );
#11245 = CARTESIAN_POINT ( 'NONE',  ( -50.00000000000000000, 0.0000000000000000000, 0.0000000000000000000 ) ) ;
#11246 = ORIENTED_EDGE ( 'NONE', *, *, #7816, .F. ) ;
#11247 = CIRCLE ( 'NONE', #6105, 15.05000000000000100 ) ;
#11248 = EDGE_CURVE ( 'NONE', #10011, #272, #150, .T. ) ;
#11249 = PRESENTATION_LAYER_ASSIGNMENT (  '', '', ( #10650 ) ) ;
#11250 = CARTESIAN_POINT ( 'NONE',  ( -19.65154715085000300, 26.79757714677000300, -0.1514780460844000200 ) ) ;
#11251 = MECHANICAL_DESIGN_GEOMETRIC_PRESENTATION_REPRESENTATION (  '', ( #10038 ), #493 ) ;
#11252 =( LENGTH_UNIT ( ) NAMED_UNIT ( * ) SI_UNIT ( .MILLI., .METRE. ) );
#11253 = CARTESIAN_POINT ( 'NONE',  ( -19.30499938941000700, 22.66930830197000500, -0.6803999193643002200 ) ) ;
#11254 = VECTOR ( 'NONE', #3944, 1000.000000000000000 ) ;
#11255 = CARTESIAN_POINT ( 'NONE',  ( -16.66079509804407300, 28.75792898640554900, -0.06360143584413241500 ) ) ;
#11256 = CARTESIAN_POINT ( 'NONE',  ( -19.83536800530000100, 28.28961528153000100, -0.1915966012854999600 ) ) ;
#11257 = CARTESIAN_POINT ( 'NONE',  ( -19.09233294673153800, 27.12173455984147800, -0.6291425248424826800 ) ) ;
#11258 = CARTESIAN_POINT ( 'NONE',  ( -19.30000000000000400, 28.89999999999999500, -8.600000000000001400 ) ) ;
#11259 =( NAMED_UNIT ( * ) SI_UNIT ( $, .STERADIAN. ) SOLID_ANGLE_UNIT ( ) );
#11260 = ORIENTED_EDGE ( 'NONE', *, *, #11223, .F. ) ;
#11261 =( LENGTH_UNIT ( ) NAMED_UNIT ( * ) SI_UNIT ( .MILLI., .METRE. ) );
#11262 =( LENGTH_UNIT ( ) NAMED_UNIT ( * ) SI_UNIT ( .MILLI., .METRE. ) );
#11263 = FILL_AREA_STYLE ('',( #5136 ) ) ;
#11264 = CARTESIAN_POINT ( 'NONE',  ( -50.00000000000000000, 0.0000000000000000000, 0.0000000000000000000 ) ) ;
#11265 = CARTESIAN_POINT ( 'NONE',  ( -3.550440157467880600, 29.00000000000000000, 14.22085509438789300 ) ) ;
#11266 = ADVANCED_FACE ( 'NONE', ( #6800 ), #7196, .F. ) ;
#11267 = STYLED_ITEM ( 'NONE', ( #6777 ), #10044 ) ;
#11268 = ORIENTED_EDGE ( 'NONE', *, *, #4694, .T. ) ;
#11269 = SURFACE_STYLE_FILL_AREA ( #8173 ) ;
#11270 = CARTESIAN_POINT ( 'NONE',  ( -17.31003840598999900, 23.82866543130999700, -1.299990465167999900 ) ) ;
#11271 = VERTEX_POINT ( 'NONE', #9031 ) ;
#11272 = DIRECTION ( 'NONE',  ( 0.1960574109151697100, -0.8492179453588119000, -0.4902962093528749900 ) ) ;
#11273 = EDGE_LOOP ( 'NONE', ( #10440, #7829, #5258, #632, #10862 ) ) ;
#11274 = CYLINDRICAL_SURFACE ( 'NONE', #10874, 1.250000000000000000 ) ;
#11275 = CARTESIAN_POINT ( 'NONE',  ( -17.20027976590000300, 26.66651808470000200, 1.115980047254999900 ) ) ;
#11276 =( LENGTH_UNIT ( ) NAMED_UNIT ( * ) SI_UNIT ( .MILLI., .METRE. ) );
#11277 = DIRECTION ( 'NONE',  ( -1.000000000000000000, -0.0000000000000000000, -0.0000000000000000000 ) ) ;
#11278 =( NAMED_UNIT ( * ) SI_UNIT ( $, .STERADIAN. ) SOLID_ANGLE_UNIT ( ) );
#11279 = DIRECTION ( 'NONE',  ( -1.000000000000000000, -0.0000000000000000000, -0.0000000000000000000 ) ) ;
#11280 = STYLED_ITEM ( 'NONE', ( #5893 ), #7387 ) ;
#11281 = VECTOR ( 'NONE', #451, 1000.000000000000000 ) ;
#11282 = ADVANCED_FACE ( 'NONE', ( #1355 ), #4900, .F. ) ;
#11283 = EDGE_CURVE ( 'NONE', #7, #7238, #7212, .T. ) ;
#11284 = ORIENTED_EDGE ( 'NONE', *, *, #10148, .T. ) ;
#11285 = CARTESIAN_POINT ( 'NONE',  ( -17.81034477199999700, 28.26896249722999600, -1.835446092365999900 ) ) ;
#11286 =( LENGTH_UNIT ( ) NAMED_UNIT ( * ) SI_UNIT ( .MILLI., .METRE. ) );
#11287 = UNCERTAINTY_MEASURE_WITH_UNIT (LENGTH_MEASURE( 1.000000000000000100E-005 ), #1089, 'distance_accuracy_value', 'NONE');
#11288 = CARTESIAN_POINT ( 'NONE',  ( -17.21637191262999900, 24.14069365242999500, -1.461671255278999400 ) ) ;
#11289 = CARTESIAN_POINT ( 'NONE',  ( -17.99999999999627000, 23.78809985787781800, 1.250000000000000000 ) ) ;
#11290 = COLOUR_RGB ( '',0.9803921568627450600, 0.6274509803921568500, 0.0000000000000000000 ) ;
#11291 = CARTESIAN_POINT ( 'NONE',  ( -16.82803843280000000, 27.47765631128999800, 1.425249971163999900 ) ) ;
#11292 = VECTOR ( 'NONE', #4390, 1000.000000000000000 ) ;
#11293 = DIRECTION ( 'NONE',  ( 0.0000000000000000000, 1.000000000000000000, 0.0000000000000000000 ) ) ;
#11294 = FILL_AREA_STYLE ('',( #2672 ) ) ;
#11295 = ORIENTED_EDGE ( 'NONE', *, *, #8244, .F. ) ;
#11296 = PRESENTATION_LAYER_ASSIGNMENT (  '', '', ( #9519 ) ) ;
#11297 =( GEOMETRIC_REPRESENTATION_CONTEXT ( 3 ) GLOBAL_UNCERTAINTY_ASSIGNED_CONTEXT ( ( #11243 ) ) GLOBAL_UNIT_ASSIGNED_CONTEXT ( ( #10636, #5403, #189 ) ) REPRESENTATION_CONTEXT ( 'NONE', 'WORKASPACE' ) );
#11298 = SURFACE_SIDE_STYLE ('',( #3959 ) ) ;
#11299 = CARTESIAN_POINT ( 'NONE',  ( -15.60000000000000300, 28.89999999999999900, -8.349999999999997900 ) ) ;
#11300 =( NAMED_UNIT ( * ) SI_UNIT ( $, .STERADIAN. ) SOLID_ANGLE_UNIT ( ) );
#11301 = SURFACE_STYLE_FILL_AREA ( #1112 ) ;
#11302 = CARTESIAN_POINT ( 'NONE',  ( -18.62926042993068200, 26.95378669105322800, -1.092330591201037900 ) ) ;
#11303 = CARTESIAN_POINT ( 'NONE',  ( -9.300000000000002500, 34.50000000000000000, 1.836970198721029900E-016 ) ) ;
#11304 = ORIENTED_EDGE ( 'NONE', *, *, #4243, .F. ) ;
#11305 = SURFACE_SIDE_STYLE ('',( #9638 ) ) ;
#11306 = CARTESIAN_POINT ( 'NONE',  ( -17.99999999999996800, 24.66194339311283600, 1.250000000000000000 ) ) ;
#11307 = VERTEX_POINT ( 'NONE', #2966 ) ;
#11308 = CARTESIAN_POINT ( 'NONE',  ( -19.40414552814000300, 23.01670646107000500, 0.4409054205945000000 ) ) ;
#11309 = FACE_OUTER_BOUND ( 'NONE', #7405, .T. ) ;
#11310 = VECTOR ( 'NONE', #2767, 1000.000000000000000 ) ;
#11311 = COLOUR_RGB ( '',1.000000000000000000, 1.000000000000000000, 0.9490196078431372100 ) ;
#11312 = CARTESIAN_POINT ( 'NONE',  ( -19.38047720996327800, 28.90000000000002000, 0.7217349807613355800 ) ) ;
#11313 = ORIENTED_EDGE ( 'NONE', *, *, #1138, .T. ) ;
#11314 = EDGE_CURVE ( 'NONE', #10900, #8284, #9165, .T. ) ;
#11315 = CARTESIAN_POINT ( 'NONE',  ( -18.14557545107000500, 25.87537857523000900, -1.464523813012999800 ) ) ;
#11316 = DIRECTION ( 'NONE',  ( -1.000000000000000000, -0.0000000000000000000, -0.0000000000000000000 ) ) ;
#11317 = PRESENTATION_LAYER_ASSIGNMENT (  '', '', ( #9542 ) ) ;
#11318 = AXIS2_PLACEMENT_3D ( 'NONE', #1211, #7294, #2059 ) ;
#11319 = CARTESIAN_POINT ( 'NONE',  ( -18.82624876997600800, 23.09555484269674600, -0.9415221998923899400 ) ) ;
#11320 = ORIENTED_EDGE ( 'NONE', *, *, #164, .T. ) ;
#11321 = SURFACE_STYLE_FILL_AREA ( #3334 ) ;
#11322 = FILL_AREA_STYLE ('',( #3421 ) ) ;
#11323 = AXIS2_PLACEMENT_3D ( 'NONE', #10232, #5023, #11137 ) ;
#11324 = VERTEX_POINT ( 'NONE', #8184 ) ;
#11325 = CARTESIAN_POINT ( 'NONE',  ( -19.42402335953000800, 27.45700352699000400, 1.173451689165000000 ) ) ;
#11326 = CARTESIAN_POINT ( 'NONE',  ( -3.414213562373944500, 28.79289321881362800, 15.00000000000035900 ) ) ;
#11327 = CARTESIAN_POINT ( 'NONE',  ( -19.58436998298999800, 23.32873468218999200, 0.4902318183021001600 ) ) ;
#11328 = CARTESIAN_POINT ( 'NONE',  ( -16.78225463210213400, 23.93294892933369400, -0.3261579056048356000 ) ) ;
#11329 = CARTESIAN_POINT ( 'NONE',  ( -16.72275218764000100, 24.36888697730999500, -0.1388868248208000000 ) ) ;
#11330 = LINE ( 'NONE', #3177, #6628 ) ;
ENDSEC;
END-ISO-10303-21;
