ISO-10303-21;
HEADER;
FILE_DESCRIPTION (( 'STEP AP214' ),
    '1' );
FILE_NAME ('VGE37_19x50.STEP',
    '2018-09-13T09:21:42',
    ( '' ),
    ( '' ),
    'SwSTEP 2.0',
    'SolidWorks 2016',
    '' );
FILE_SCHEMA (( 'AUTOMOTIVE_DESIGN' ));
ENDSEC;

DATA;
#1 = CARTESIAN_POINT ( 'NONE',  ( -36.60000000000000100, 33.68039618838993500, -5.100000000004046200 ) ) ;
#2 = AXIS2_PLACEMENT_3D ( 'NONE', #4208, #2019, #4614 ) ;
#3 = FILL_AREA_STYLE ('',( #4034 ) ) ;
#4 = CYLINDRICAL_SURFACE ( 'NONE', #3328, 1.500000000000001300 ) ;
#5 = CARTESIAN_POINT ( 'NONE',  ( -36.79999999999999000, 34.98999999559993800, -4.046615916591203000E-012 ) ) ;
#6 = COLOUR_RGB ( '',0.0000000000000000000, 0.0000000000000000000, 0.0000000000000000000 ) ;
#7 = EDGE_CURVE ( 'NONE', #2789, #4285, #3980, .T. ) ;
#8 = AXIS2_PLACEMENT_3D ( 'NONE', #2152, #4735, #2512 ) ;
#9 = LINE ( 'NONE', #534, #1852 ) ;
#10 =( NAMED_UNIT ( * ) SI_UNIT ( $, .STERADIAN. ) SOLID_ANGLE_UNIT ( ) );
#11 = CARTESIAN_POINT ( 'NONE',  ( -4.500000000093845800, 30.45001235349483400, -11.50000000000403900 ) ) ;
#12 = ADVANCED_FACE ( 'NONE', ( #1158 ), #1319, .F. ) ;
#13 = DIRECTION ( 'NONE',  ( 0.0000000000000000000, 0.0000000000000000000, 1.000000000000000000 ) ) ;
#14 = CARTESIAN_POINT ( 'NONE',  ( -36.79999999999999000, 33.68039618831993900, 4.049999999995952400 ) ) ;
#15 = SURFACE_SIDE_STYLE ('',( #698 ) ) ;
#16 = FILL_AREA_STYLE ('',( #1836 ) ) ;
#17 = AXIS2_PLACEMENT_3D ( 'NONE', #2962, #740, #1115 ) ;
#18 = CIRCLE ( 'NONE', #471, 16.99999999999999600 ) ;
#19 = CIRCLE ( 'NONE', #3708, 0.1999999999999918500 ) ;
#20 = CARTESIAN_POINT ( 'NONE',  ( -32.89999999999999100, 32.38205338121209600, -5.100000000003921800 ) ) ;
#21 = CARTESIAN_POINT ( 'NONE',  ( -0.6470537028910733300, -15.04999999999999900, -30.09999999999999800 ) ) ;
#22 = ORIENTED_EDGE ( 'NONE', *, *, #3724, .F. ) ;
#23 = EDGE_CURVE ( 'NONE', #3122, #2615, #1672, .T. ) ;
#24 = CARTESIAN_POINT ( 'NONE',  ( -15.99999999999999300, 33.44999999559993900, 4.299999999995953300 ) ) ;
#25 = MECHANICAL_DESIGN_GEOMETRIC_PRESENTATION_REPRESENTATION (  '', ( #4053 ), #272 ) ;
#26 =( NAMED_UNIT ( * ) PLANE_ANGLE_UNIT ( ) SI_UNIT ( $, .RADIAN. ) );
#27 = CARTESIAN_POINT ( 'NONE',  ( 0.0000000000000000000, 0.0000000000000000000, 0.0000000000000000000 ) ) ;
#28 = EDGE_LOOP ( 'NONE', ( #2279, #1182, #4120, #721 ) ) ;
#29 =( NAMED_UNIT ( * ) PLANE_ANGLE_UNIT ( ) SI_UNIT ( $, .RADIAN. ) );
#30 = FACE_OUTER_BOUND ( 'NONE', #699, .T. ) ;
#31 = DIRECTION ( 'NONE',  ( 0.0000000000000000000, -1.000000000000000000, 0.0000000000000000000 ) ) ;
#32 = EDGE_CURVE ( 'NONE', #3827, #3378, #2657, .T. ) ;
#33 = MECHANICAL_DESIGN_GEOMETRIC_PRESENTATION_REPRESENTATION (  '', ( #4317 ), #281 ) ;
#34 = ORIENTED_EDGE ( 'NONE', *, *, #3609, .T. ) ;
#35 =( LENGTH_UNIT ( ) NAMED_UNIT ( * ) SI_UNIT ( .MILLI., .METRE. ) );
#36 = EDGE_LOOP ( 'NONE', ( #2619, #3727, #4226, #3299 ) ) ;
#37 = LINE ( 'NONE', #2169, #3309 ) ;
#38 = CARTESIAN_POINT ( 'NONE',  ( -46.50000000000000000, 1.169537693185722400E-015, -9.549999999999998900 ) ) ;
#39 = CARTESIAN_POINT ( 'NONE',  ( -16.00000000000000000, 15.12448345785202800, -11.50000000000404700 ) ) ;
#40 = VERTEX_POINT ( 'NONE', #2162 ) ;
#41 = AXIS2_PLACEMENT_3D ( 'NONE', #3264, #1046, #3632 ) ;
#42 = LINE ( 'NONE', #2800, #993 ) ;
#43 = OPEN_SHELL ( 'NONE', ( #2565, #442, #297, #1120, #926 ) ) ;
#44 =( NAMED_UNIT ( * ) PLANE_ANGLE_UNIT ( ) SI_UNIT ( $, .RADIAN. ) );
#45 = ORIENTED_EDGE ( 'NONE', *, *, #4409, .F. ) ;
#46 = PRESENTATION_STYLE_ASSIGNMENT (( #172 ) ) ;
#47 = DIRECTION ( 'NONE',  ( -1.000000000000000000, -0.0000000000000000000, -0.0000000000000000000 ) ) ;
#48 = DIRECTION ( 'NONE',  ( 1.000000000000000000, 0.0000000000000000000, 0.0000000000000000000 ) ) ;
#49 = DIRECTION ( 'NONE',  ( 1.000000000000000000, 0.0000000000000000000, 0.0000000000000000000 ) ) ;
#50 = PRODUCT_DEFINITION ( 'UNKNOWN', '', #1763, #340 ) ;
#51 = ORIENTED_EDGE ( 'NONE', *, *, #181, .T. ) ;
#52 = EDGE_CURVE ( 'NONE', #3983, #4539, #693, .T. ) ;
#53 = DIRECTION ( 'NONE',  ( 0.0000000000000000000, 0.0000000000000000000, 1.000000000000000000 ) ) ;
#54 =( NAMED_UNIT ( * ) PLANE_ANGLE_UNIT ( ) SI_UNIT ( $, .RADIAN. ) );
#55 = ORIENTED_EDGE ( 'NONE', *, *, #3045, .F. ) ;
#56 =( LENGTH_UNIT ( ) NAMED_UNIT ( * ) SI_UNIT ( .MILLI., .METRE. ) );
#57 = UNCERTAINTY_MEASURE_WITH_UNIT (LENGTH_MEASURE( 1.000000000000000100E-005 ), #3504, 'distance_accuracy_value', 'NONE');
#58 = MECHANICAL_DESIGN_GEOMETRIC_PRESENTATION_REPRESENTATION (  '', ( #4082 ), #296 ) ;
#59 = VECTOR ( 'NONE', #89, 1000.000000000000000 ) ;
#60 = DIRECTION ( 'NONE',  ( 1.000000000000000000, -0.0000000000000000000, -0.0000000000000000000 ) ) ;
#61 = EDGE_CURVE ( 'NONE', #1047, #3304, #3522, .T. ) ;
#62 = MECHANICAL_DESIGN_GEOMETRIC_PRESENTATION_REPRESENTATION (  '', ( #4347 ), #302 ) ;
#63 = PRESENTATION_STYLE_ASSIGNMENT (( #3959 ) ) ;
#64 =( NAMED_UNIT ( * ) PLANE_ANGLE_UNIT ( ) SI_UNIT ( $, .RADIAN. ) );
#65 = ORIENTED_EDGE ( 'NONE', *, *, #4632, .F. ) ;
#66 = LINE ( 'NONE', #2258, #2874 ) ;
#67 =( LENGTH_UNIT ( ) NAMED_UNIT ( * ) SI_UNIT ( .MILLI., .METRE. ) );
#68 = CARTESIAN_POINT ( 'NONE',  ( -36.79999999999999000, 35.30999999559993800, -4.900000000004045100 ) ) ;
#69 = VECTOR ( 'NONE', #1961, 1000.000000000000000 ) ;
#70 = PRESENTATION_STYLE_ASSIGNMENT (( #347 ) ) ;
#71 = AXIS2_PLACEMENT_3D ( 'NONE', #2986, #4071, #760 ) ;
#72 = CIRCLE ( 'NONE', #2517, 11.90000000000000000 ) ;
#73 = LINE ( 'NONE', #679, #3854 ) ;
#74 = DIRECTION ( 'NONE',  ( -1.000000000000000000, 0.0000000000000000000, 0.0000000000000000000 ) ) ;
#75 =( GEOMETRIC_REPRESENTATION_CONTEXT ( 3 ) GLOBAL_UNCERTAINTY_ASSIGNED_CONTEXT ( ( #532 ) ) GLOBAL_UNIT_ASSIGNED_CONTEXT ( ( #2190, #4762, #2547 ) ) REPRESENTATION_CONTEXT ( 'NONE', 'WORKASPACE' ) );
#76 = CIRCLE ( 'NONE', #3684, 18.60000000000000100 ) ;
#77 = DIRECTION ( 'NONE',  ( 0.0000000000000000000, 0.0000000000000000000, 1.000000000000000000 ) ) ;
#78 = DIRECTION ( 'NONE',  ( -1.000000000000000000, 4.565061778886334800E-017, -0.0000000000000000000 ) ) ;
#79 =( NAMED_UNIT ( * ) SI_UNIT ( $, .STERADIAN. ) SOLID_ANGLE_UNIT ( ) );
#80 = AXIS2_PLACEMENT_3D ( 'NONE', #4513, #2290, #1505 ) ;
#81 = DIRECTION ( 'NONE',  ( 0.0000000000000000000, 0.0000000000000000000, -1.000000000000000000 ) ) ;
#82 = EDGE_LOOP ( 'NONE', ( #1863, #4222 ) ) ;
#83 = VECTOR ( 'NONE', #1434, 1000.000000000000000 ) ;
#84 = EDGE_CURVE ( 'NONE', #2982, #2964, #2539, .T. ) ;
#85 = FILL_AREA_STYLE_COLOUR ( '', #1472 ) ;
#86 = VERTEX_POINT ( 'NONE', #3520 ) ;
#87 = AXIS2_PLACEMENT_3D ( 'NONE', #508, #3091, #867 ) ;
#88 = CYLINDRICAL_SURFACE ( 'NONE', #4644, 1.500000000000001300 ) ;
#89 = DIRECTION ( 'NONE',  ( 0.0000000000000000000, 1.000000000000000000, 0.0000000000000000000 ) ) ;
#90 = ORIENTED_EDGE ( 'NONE', *, *, #3327, .T. ) ;
#91 = DIRECTION ( 'NONE',  ( 0.0000000000000000000, -1.000000000000000000, 0.0000000000000000000 ) ) ;
#92 = EDGE_LOOP ( 'NONE', ( #4660, #2054, #154, #2173 ) ) ;
#93 = VECTOR ( 'NONE', #2942, 1000.000000000000000 ) ;
#94 = CARTESIAN_POINT ( 'NONE',  ( -32.89999999999999900, 19.67358787517993700, -8.944000000004045600 ) ) ;
#95 = AXIS2_PLACEMENT_3D ( 'NONE', #1147, #47, #2626 ) ;
#96 =( LENGTH_UNIT ( ) NAMED_UNIT ( * ) SI_UNIT ( .MILLI., .METRE. ) );
#97 = DIRECTION ( 'NONE',  ( 0.0000000000000000000, 0.0000000000000000000, 1.000000000000000000 ) ) ;
#98 =( NAMED_UNIT ( * ) SI_UNIT ( $, .STERADIAN. ) SOLID_ANGLE_UNIT ( ) );
#99 = ORIENTED_EDGE ( 'NONE', *, *, #3301, .F. ) ;
#100 = PRESENTATION_STYLE_ASSIGNMENT (( #2770 ) ) ;
#101 = DIRECTION ( 'NONE',  ( -1.000000000000000000, -0.0000000000000000000, -0.0000000000000000000 ) ) ;
#102 = LINE ( 'NONE', #3094, #4760 ) ;
#103 = VERTEX_POINT ( 'NONE', #3650 ) ;
#104 = MECHANICAL_DESIGN_GEOMETRIC_PRESENTATION_REPRESENTATION (  '', ( #4386 ), #335 ) ;
#105 = SURFACE_STYLE_USAGE ( .BOTH. , #2296 ) ;
#106 = VECTOR ( 'NONE', #355, 1000.000000000000000 ) ;
#107 = ORIENTED_EDGE ( 'NONE', *, *, #1024, .T. ) ;
#108 = ORIENTED_EDGE ( 'NONE', *, *, #2329, .T. ) ;
#109 = CARTESIAN_POINT ( 'NONE',  ( -36.79999999999999700, 36.07152236451467800, -4.900000000004156100 ) ) ;
#110 =( NAMED_UNIT ( * ) SI_UNIT ( $, .STERADIAN. ) SOLID_ANGLE_UNIT ( ) );
#111 = DIRECTION ( 'NONE',  ( -0.0000000000000000000, -1.000000000000000000, -0.0000000000000000000 ) ) ;
#112 = ORIENTED_EDGE ( 'NONE', *, *, #1257, .T. ) ;
#113 = CIRCLE ( 'NONE', #2, 17.00000000000000000 ) ;
#114 = DIRECTION ( 'NONE',  ( -0.0000000000000000000, 1.000000000000000000, -0.0000000000000000000 ) ) ;
#115 = DIRECTION ( 'NONE',  ( 0.0000000000000000000, 0.0000000000000000000, 1.000000000000000000 ) ) ;
#116 = DIRECTION ( 'NONE',  ( 1.000000000000000000, -0.0000000000000000000, -0.0000000000000000000 ) ) ;
#117 =( BOUNDED_SURFACE ( )  B_SPLINE_SURFACE ( 3, 3, ( 
 ( #3252, #4744, #2526, #324 ),
 ( #2899, #685, #3272, #1056 ),
 ( #3641, #1430, #4008, #1807 ),
 ( #4389, #2182, #4757, #2541 ) ),
 .UNSPECIFIED., .F., .F., .F. ) 
 B_SPLINE_SURFACE_WITH_KNOTS ( ( 4, 4 ),
 ( 4, 4 ),
 ( 0.2202340512137973000, 0.7797659497276844300 ),
 ( 0.0000000000000000000, 1.000000000000000000 ),
 .UNSPECIFIED. ) 
 GEOMETRIC_REPRESENTATION_ITEM ( )  RATIONAL_B_SPLINE_SURFACE ( (
 ( 0.7568186901350305600, 0.6525559872545073600, 0.6525559872545073600, 0.7568186901350305600),
 ( 0.6090406492600358700, 0.5251365053961595300, 0.5251365053961595300, 0.6090406492600358700),
 ( 0.6090406495086906300, 0.5251365056105584700, 0.5251365056105584700, 0.6090406495086906300),
 ( 0.7568186908809948500, 0.6525559878977043000, 0.6525559878977043000, 0.7568186908809948500) ) ) 
 REPRESENTATION_ITEM ( '' )  SURFACE ( )  );
#118 = CARTESIAN_POINT ( 'NONE',  ( -36.60000000000000100, 36.60999999559994900, -3.600000000004047100 ) ) ;
#119 = CARTESIAN_POINT ( 'NONE',  ( -5.999999999999998200, 15.71288563568131600, -9.764999999999998800 ) ) ;
#120 = PRESENTATION_STYLE_ASSIGNMENT (( #1843 ) ) ;
#121 = LINE ( 'NONE', #793, #4782 ) ;
#122 = CARTESIAN_POINT ( 'NONE',  ( -36.79999999999999700, 35.30999999559995200, 4.899999999995343600 ) ) ;
#123 = SURFACE_STYLE_FILL_AREA ( #3951 ) ;
#124 = EDGE_CURVE ( 'NONE', #3304, #2500, #3011, .T. ) ;
#125 = CARTESIAN_POINT ( 'NONE',  ( -36.60000000000000900, 36.80999999560008700, -4.478679656444057000 ) ) ;
#126 = AXIS2_PLACEMENT_3D ( 'NONE', #3807, #1612, #4187 ) ;
#127 = CYLINDRICAL_SURFACE ( 'NONE', #924, 17.00000000000000000 ) ;
#128 = CARTESIAN_POINT ( 'NONE',  ( -1.517883041479706200E-015, -16.30043030335877300, 32.60086060671753200 ) ) ;
#129 = DIRECTION ( 'NONE',  ( -0.0000000000000000000, -1.000000000000000000, -0.0000000000000000000 ) ) ;
#130 = SURFACE_STYLE_FILL_AREA ( #2839 ) ;
#131 = CARTESIAN_POINT ( 'NONE',  ( -11.96132284391147100, 16.80421036484028400, -7.740544408974764100 ) ) ;
#132 =( GEOMETRIC_REPRESENTATION_CONTEXT ( 3 ) GLOBAL_UNCERTAINTY_ASSIGNED_CONTEXT ( ( #4691 ) ) GLOBAL_UNIT_ASSIGNED_CONTEXT ( ( #561, #3154, #923 ) ) REPRESENTATION_CONTEXT ( 'NONE', 'WORKASPACE' ) );
#133 =( LENGTH_UNIT ( ) NAMED_UNIT ( * ) SI_UNIT ( .MILLI., .METRE. ) );
#134 = STYLED_ITEM ( 'NONE', ( #3662 ), #4713 ) ;
#135 = EDGE_CURVE ( 'NONE', #601, #2863, #3404, .T. ) ;
#136 =( NAMED_UNIT ( * ) SI_UNIT ( $, .STERADIAN. ) SOLID_ANGLE_UNIT ( ) );
#137 = ORIENTED_EDGE ( 'NONE', *, *, #965, .F. ) ;
#138 = PRESENTATION_STYLE_ASSIGNMENT (( #712 ) ) ;
#139 = ORIENTED_EDGE ( 'NONE', *, *, #2838, .F. ) ;
#140 = UNCERTAINTY_MEASURE_WITH_UNIT (LENGTH_MEASURE( 1.000000000000000100E-005 ), #848, 'distance_accuracy_value', 'NONE');
#141 = CARTESIAN_POINT ( 'NONE',  ( -16.00000000000000000, 24.24999999559993900, 4.299999999995954200 ) ) ;
#142 = DIRECTION ( 'NONE',  ( 0.0000000000000000000, -1.000000000000000000, 0.0000000000000000000 ) ) ;
#143 = DIRECTION ( 'NONE',  ( -4.435861082032105800E-015, -1.000000000000000000, -2.926654758013996200E-012 ) ) ;
#144 = EDGE_LOOP ( 'NONE', ( #4086, #3076, #3428, #4645 ) ) ;
#145 = MECHANICAL_DESIGN_GEOMETRIC_PRESENTATION_REPRESENTATION (  '', ( #4170 ), #382 ) ;
#146 = CARTESIAN_POINT ( 'NONE',  ( -15.69818044101115400, 18.46448972722953000, -1.310990314221654400 ) ) ;
#147 = UNCERTAINTY_MEASURE_WITH_UNIT (LENGTH_MEASURE( 1.000000000000000100E-005 ), #2160, 'distance_accuracy_value', 'NONE');
#148 = ORIENTED_EDGE ( 'NONE', *, *, #1107, .F. ) ;
#149 = VECTOR ( 'NONE', #1526, 1000.000000000000100 ) ;
#150 = ADVANCED_FACE ( 'NONE', ( #2491 ), #200, .T. ) ;
#151 =( LENGTH_UNIT ( ) NAMED_UNIT ( * ) SI_UNIT ( .MILLI., .METRE. ) );
#152 = EDGE_CURVE ( 'NONE', #3385, #3754, #2186, .T. ) ;
#153 = AXIS2_PLACEMENT_3D ( 'NONE', #3554, #1335, #3914 ) ;
#154 = ORIENTED_EDGE ( 'NONE', *, *, #2369, .F. ) ;
#155 = FACE_OUTER_BOUND ( 'NONE', #1222, .T. ) ;
#156 = FILL_AREA_STYLE ('',( #506 ) ) ;
#157 = EDGE_LOOP ( 'NONE', ( #1470, #1997, #2739, #2490 ) ) ;
#158 = ORIENTED_EDGE ( 'NONE', *, *, #1243, .F. ) ;
#159 = PLANE ( 'NONE',  #2654 ) ;
#160 = VERTEX_POINT ( 'NONE', #777 ) ;
#161 = SURFACE_STYLE_FILL_AREA ( #4587 ) ;
#162 = FILL_AREA_STYLE_COLOUR ( '', #305 ) ;
#163 = MECHANICAL_DESIGN_GEOMETRIC_PRESENTATION_REPRESENTATION (  '', ( #4458 ), #397 ) ;
#164 = CARTESIAN_POINT ( 'NONE',  ( -32.89999999999999900, 20.94999999559993500, -4.300000000004049000 ) ) ;
#165 = SURFACE_STYLE_FILL_AREA ( #1927 ) ;
#166 = CARTESIAN_POINT ( 'NONE',  ( -13.73431346513402000, 17.51232769795505500, 5.969518124871728800 ) ) ;
#167 = ORIENTED_EDGE ( 'NONE', *, *, #1496, .F. ) ;
#168 = EDGE_CURVE ( 'NONE', #1700, #1339, #4103, .T. ) ;
#169 = MECHANICAL_DESIGN_GEOMETRIC_PRESENTATION_REPRESENTATION (  '', ( #3944 ), #402 ) ;
#170 = CARTESIAN_POINT ( 'NONE',  ( -36.19999999999998900, 33.68039618838994200, 4.049999999995951500 ) ) ;
#171 = EDGE_LOOP ( 'NONE', ( #1403, #4525, #4488, #4421 ) ) ;
#172 = SURFACE_STYLE_USAGE ( .BOTH. , #2358 ) ;
#173 = CARTESIAN_POINT ( 'NONE',  ( -5.999999999999998200, 31.94999999559994200, -10.00000000000404700 ) ) ;
#174 = VECTOR ( 'NONE', #3731, 1000.000000000000000 ) ;
#175 = CARTESIAN_POINT ( 'NONE',  ( -15.66199999999999500, 32.17499814511995000, 5.843612229801953700 ) ) ;
#176 = DIRECTION ( 'NONE',  ( 0.0000000000000000000, 1.000000000000000000, 5.950571241785491900E-014 ) ) ;
#177 = CIRCLE ( 'NONE', #1507, 18.59999999627167000 ) ;
#178 =( NAMED_UNIT ( * ) PLANE_ANGLE_UNIT ( ) SI_UNIT ( $, .RADIAN. ) );
#179 = CARTESIAN_POINT ( 'NONE',  ( -5.999999999999998200, 15.71288563568131600, 9.764999999999998800 ) ) ;
#180 = CARTESIAN_POINT ( 'NONE',  ( -36.79999999999999000, 35.14519809199494200, -2.650000000004046500 ) ) ;
#181 = EDGE_CURVE ( 'NONE', #4563, #3605, #3124, .T. ) ;
#182 = STYLED_ITEM ( 'NONE', ( #1208 ), #1502 ) ;
#183 = LINE ( 'NONE', #1230, #2754 ) ;
#184 = SURFACE_STYLE_FILL_AREA ( #492 ) ;
#185 = FILL_AREA_STYLE_COLOUR ( '', #1533 ) ;
#186 = LINE ( 'NONE', #1796, #3971 ) ;
#187 = EDGE_CURVE ( 'NONE', #2909, #4699, #1163, .T. ) ;
#188 = FILL_AREA_STYLE ('',( #2456 ) ) ;
#189 = AXIS2_PLACEMENT_3D ( 'NONE', #3303, #1090, #3672 ) ;
#190 = CARTESIAN_POINT ( 'NONE',  ( -36.30352761803937500, 33.29402585787531900, 5.099999999995954000 ) ) ;
#191 = CARTESIAN_POINT ( 'NONE',  ( -46.50000000000000000, 0.0000000000000000000, 0.0000000000000000000 ) ) ;
#192 =( NAMED_UNIT ( * ) PLANE_ANGLE_UNIT ( ) SI_UNIT ( $, .RADIAN. ) );
#193 = DIRECTION ( 'NONE',  ( -1.000000000000000000, 2.628368902995163000E-016, -2.763329236092798100E-031 ) ) ;
#194 =( GEOMETRIC_REPRESENTATION_CONTEXT ( 3 ) GLOBAL_UNCERTAINTY_ASSIGNED_CONTEXT ( ( #399 ) ) GLOBAL_UNIT_ASSIGNED_CONTEXT ( ( #2251, #54, #2618 ) ) REPRESENTATION_CONTEXT ( 'NONE', 'WORKASPACE' ) );
#195 = SURFACE_STYLE_FILL_AREA ( #1407 ) ;
#196 = CARTESIAN_POINT ( 'NONE',  ( -16.00000000000000000, 29.14999999559993400, 4.299999999995954200 ) ) ;
#197 = LINE ( 'NONE', #604, #2038 ) ;
#198 = DIRECTION ( 'NONE',  ( -1.000000000000000000, 0.0000000000000000000, 0.0000000000000000000 ) ) ;
#199 = VERTEX_POINT ( 'NONE', #632 ) ;
#200 = CYLINDRICAL_SURFACE ( 'NONE', #1172, 4.300000000000001600 ) ;
#201 =( BOUNDED_SURFACE ( )  B_SPLINE_SURFACE ( 3, 3, ( 
 ( #3465, #3143, #2383, #211 ),
 ( #2762, #2430, #4656, #3503 ),
 ( #4273, #2076, #1331, #4289 ),
 ( #950, #242, #4673, #2779 ) ),
 .UNSPECIFIED., .F., .F., .F. ) 
 B_SPLINE_SURFACE_WITH_KNOTS ( ( 4, 4 ),
 ( 4, 4 ),
 ( 0.04276272747094142500, 0.9572372725290426700 ),
 ( 0.0000000000000000000, 1.000000000000000000 ),
 .UNSPECIFIED. ) 
 GEOMETRIC_REPRESENTATION_ITEM ( )  RATIONAL_B_SPLINE_SURFACE ( (
 ( 0.9721257297573934200, 0.7823063736049125100, 0.7823063736049125100, 0.9721257297573934200),
 ( 0.7823063737040629700, 0.6295515523626438200, 0.6295515523626438200, 0.7823063737040629700),
 ( 0.7823063737040597500, 0.6295515523626412600, 0.6295515523626412600, 0.7823063737040597500),
 ( 0.9721257297573834300, 0.7823063736049045100, 0.7823063736049045100, 0.9721257297573834300) ) ) 
 REPRESENTATION_ITEM ( '' )  SURFACE ( )  );
#202 = MECHANICAL_DESIGN_GEOMETRIC_PRESENTATION_REPRESENTATION (  '', ( #4500 ), #435 ) ;
#203 = CARTESIAN_POINT ( 'NONE',  ( -36.80000000000147500, 33.68039618828493800, 4.899999999995953800 ) ) ;
#204 = ORIENTED_EDGE ( 'NONE', *, *, #3101, .T. ) ;
#205 = FACE_OUTER_BOUND ( 'NONE', #3036, .T. ) ;
#206 = DIRECTION ( 'NONE',  ( -0.0000000000000000000, 1.000000000000000000, -2.428767726745700500E-013 ) ) ;
#207 = CARTESIAN_POINT ( 'NONE',  ( -3.458415181785692700, 15.43244030141490300, -11.08365112119513500 ) ) ;
#208 = ORIENTED_EDGE ( 'NONE', *, *, #187, .F. ) ;
#209 = PRESENTATION_LAYER_ASSIGNMENT (  '', '', ( #3986 ) ) ;
#210 = LINE ( 'NONE', #1454, #2501 ) ;
#211 = CARTESIAN_POINT ( 'NONE',  ( -3.000000000000252700, 30.44999999499914300, -10.00000000000404300 ) ) ;
#212 = DIRECTION ( 'NONE',  ( 1.000000000000000000, -0.0000000000000000000, -0.0000000000000000000 ) ) ;
#213 = ORIENTED_EDGE ( 'NONE', *, *, #2064, .F. ) ;
#214 = CARTESIAN_POINT ( 'NONE',  ( -0.05597972128390961400, 15.46179454795979600, -30.92358909591958500 ) ) ;
#215 = LINE ( 'NONE', #549, #3139 ) ;
#216 = EDGE_CURVE ( 'NONE', #2982, #2406, #2040, .T. ) ;
#217 = SURFACE_SIDE_STYLE ('',( #1060 ) ) ;
#218 =( GEOMETRIC_REPRESENTATION_CONTEXT ( 3 ) GLOBAL_UNCERTAINTY_ASSIGNED_CONTEXT ( ( #1073 ) ) GLOBAL_UNIT_ASSIGNED_CONTEXT ( ( #1885, #4467, #2250 ) ) REPRESENTATION_CONTEXT ( 'NONE', 'WORKASPACE' ) );
#219 = ORIENTED_EDGE ( 'NONE', *, *, #3045, .T. ) ;
#220 = CARTESIAN_POINT ( 'NONE',  ( -2.999999999999995600, 15.47119976491994300, -10.40000000000404900 ) ) ;
#221 =( NAMED_UNIT ( * ) SI_UNIT ( $, .STERADIAN. ) SOLID_ANGLE_UNIT ( ) );
#222 = ORIENTED_EDGE ( 'NONE', *, *, #2465, .T. ) ;
#223 = MECHANICAL_DESIGN_GEOMETRIC_PRESENTATION_REPRESENTATION (  '', ( #4518 ), #458 ) ;
#224 = CARTESIAN_POINT ( 'NONE',  ( -50.00000000000000000, 0.0000000000000000000, 0.0000000000000000000 ) ) ;
#225 = FILL_AREA_STYLE ('',( #2060 ) ) ;
#226 = FILL_AREA_STYLE ('',( #4291 ) ) ;
#227 = VECTOR ( 'NONE', #1609, 1000.000000000000000 ) ;
#228 = CARTESIAN_POINT ( 'NONE',  ( -46.50000000000000000, 0.0000000000000000000, 0.0000000000000000000 ) ) ;
#229 = PRESENTATION_STYLE_ASSIGNMENT (( #1330 ) ) ;
#230 = AXIS2_PLACEMENT_3D ( 'NONE', #2276, #78, #2645 ) ;
#231 = DIRECTION ( 'NONE',  ( 0.7071067811865474600, 0.0000000000000000000, -0.7071067811865474600 ) ) ;
#232 = DIRECTION ( 'NONE',  ( 0.0000000000000000000, 0.0000000000000000000, 1.000000000000000000 ) ) ;
#233 = LINE ( 'NONE', #1449, #2189 ) ;
#234 = DIRECTION ( 'NONE',  ( -1.000000000000000000, 0.0000000000000000000, 0.0000000000000000000 ) ) ;
#235 = VERTEX_POINT ( 'NONE', #2943 ) ;
#236 = AXIS2_PLACEMENT_3D ( 'NONE', #957, #4298, #973 ) ;
#237 = CIRCLE ( 'NONE', #524, 18.50000000000000000 ) ;
#238 = ADVANCED_FACE ( 'NONE', ( #3020 ), #159, .F. ) ;
#239 = CARTESIAN_POINT ( 'NONE',  ( -22.44999999999999900, 33.44999999559993900, -4.050000000004046400 ) ) ;
#240 = CARTESIAN_POINT ( 'NONE',  ( -0.3040217494064015900, 15.11695286001025300, -30.23390572002049800 ) ) ;
#241 = CARTESIAN_POINT ( 'NONE',  ( -32.89999999999999100, 33.77060601645994400, 5.099999999995953100 ) ) ;
#242 = CARTESIAN_POINT ( 'NONE',  ( -5.121320343604487800, 31.94999999580264200, -11.50000000000402700 ) ) ;
#243 = SURFACE_SIDE_STYLE ('',( #584 ) ) ;
#244 = EDGE_CURVE ( 'NONE', #2797, #3701, #3530, .T. ) ;
#245 = AXIS2_PLACEMENT_3D ( 'NONE', #3456, #1238, #3814 ) ;
#246 = CARTESIAN_POINT ( 'NONE',  ( -15.99999999999999300, 32.17499814511995000, -4.046615916591203000E-012 ) ) ;
#247 = CARTESIAN_POINT ( 'NONE',  ( -16.00000000000000000, 18.99999999559993900, -4.046615916591203000E-012 ) ) ;
#248 = AXIS2_PLACEMENT_3D ( 'NONE', #173, #1245, #2728 ) ;
#249 = CARTESIAN_POINT ( 'NONE',  ( -15.99999999999999300, 29.14999999559993400, 8.599999999995953100 ) ) ;
#250 = ORIENTED_EDGE ( 'NONE', *, *, #1909, .T. ) ;
#251 = FACE_OUTER_BOUND ( 'NONE', #3722, .T. ) ;
#252 = EDGE_CURVE ( 'NONE', #1217, #3834, #4527, .T. ) ;
#253 = SURFACE_SIDE_STYLE ('',( #4049 ) ) ;
#254 = DIRECTION ( 'NONE',  ( -0.2588190450958392500, -0.9659258262908586600, 0.0000000000000000000 ) ) ;
#255 = CARTESIAN_POINT ( 'NONE',  ( -13.32776687814799000, 15.72609394624636500, -6.462007196789579100 ) ) ;
#256 = VERTEX_POINT ( 'NONE', #1989 ) ;
#257 = PRESENTATION_STYLE_ASSIGNMENT (( #2816 ) ) ;
#258 = UNCERTAINTY_MEASURE_WITH_UNIT (LENGTH_MEASURE( 1.000000000000000100E-005 ), #3376, 'distance_accuracy_value', 'NONE');
#259 =( NAMED_UNIT ( * ) SI_UNIT ( $, .STERADIAN. ) SOLID_ANGLE_UNIT ( ) );
#260 = DIRECTION ( 'NONE',  ( 0.0000000000000000000, 0.0000000000000000000, 1.000000000000000000 ) ) ;
#261 =( BOUNDED_CURVE ( )  B_SPLINE_CURVE ( 3, ( #4580, #2317, #3450, #438 ),
 .UNSPECIFIED., .F., .T. ) 
 B_SPLINE_CURVE_WITH_KNOTS ( ( 4, 4 ),
 ( 3.277465994349095400, 4.549989156215448600 ),
 .UNSPECIFIED. ) 
 CURVE ( )  GEOMETRIC_REPRESENTATION_ITEM ( )  RATIONAL_B_SPLINE_CURVE ( ( 1.000000000000000000, 0.8695484763729022200, 0.8695484763729022200, 1.000000000000000000 ) ) 
 REPRESENTATION_ITEM ( '' )  );
#262 = ORIENTED_EDGE ( 'NONE', *, *, #2149, .F. ) ;
#263 = VECTOR ( 'NONE', #1901, 1000.000000000000000 ) ;
#264 = CARTESIAN_POINT ( 'NONE',  ( -4.606601717773669300, 32.82867965225520400, 11.49999999999556800 ) ) ;
#265 = STYLED_ITEM ( 'NONE', ( #915 ), #361 ) ;
#266 =( LENGTH_UNIT ( ) NAMED_UNIT ( * ) SI_UNIT ( .MILLI., .METRE. ) );
#267 = CARTESIAN_POINT ( 'NONE',  ( -5.999999999999991100, 30.44999999559994200, 9.999999999995955200 ) ) ;
#268 = FILL_AREA_STYLE_COLOUR ( '', #3412 ) ;
#269 = ORIENTED_EDGE ( 'NONE', *, *, #1125, .T. ) ;
#270 = CIRCLE ( 'NONE', #2828, 17.19999999639791700 ) ;
#271 = DIRECTION ( 'NONE',  ( 1.000000000000000000, 0.0000000000000000000, 0.0000000000000000000 ) ) ;
#272 =( GEOMETRIC_REPRESENTATION_CONTEXT ( 3 ) GLOBAL_UNCERTAINTY_ASSIGNED_CONTEXT ( ( #1907 ) ) GLOBAL_UNIT_ASSIGNED_CONTEXT ( ( #3549, #3275, #2172 ) ) REPRESENTATION_CONTEXT ( 'NONE', 'WORKASPACE' ) );
#273 = ORIENTED_EDGE ( 'NONE', *, *, #1405, .T. ) ;
#274 = FILL_AREA_STYLE_COLOUR ( '', #3585 ) ;
#275 = EDGE_LOOP ( 'NONE', ( #1344, #3331, #1391, #1053 ) ) ;
#276 = PLANE ( 'NONE',  #3593 ) ;
#277 = VERTEX_POINT ( 'NONE', #249 ) ;
#278 = FACE_OUTER_BOUND ( 'NONE', #855, .T. ) ;
#279 = EDGE_CURVE ( 'NONE', #379, #423, #579, .T. ) ;
#280 = CARTESIAN_POINT ( 'NONE',  ( -46.50000000000000000, 1.169537693185722200E-015, -9.549999999999995400 ) ) ;
#281 =( GEOMETRIC_REPRESENTATION_CONTEXT ( 3 ) GLOBAL_UNCERTAINTY_ASSIGNED_CONTEXT ( ( #2178 ) ) GLOBAL_UNIT_ASSIGNED_CONTEXT ( ( #3908, #1708, #4287 ) ) REPRESENTATION_CONTEXT ( 'NONE', 'WORKASPACE' ) );
#282 = FILL_AREA_STYLE ('',( #4697 ) ) ;
#283 = ORIENTED_EDGE ( 'NONE', *, *, #979, .F. ) ;
#284 = PRESENTATION_STYLE_ASSIGNMENT (( #3870 ) ) ;
#285 = CARTESIAN_POINT ( 'NONE',  ( -46.50000000000000000, 0.0000000000000000000, 0.0000000000000000000 ) ) ;
#286 = AXIS2_PLACEMENT_3D ( 'NONE', #1799, #4382, #2177 ) ;
#287 = ADVANCED_FACE ( 'NONE', ( #2548 ), #2812, .F. ) ;
#288 = CIRCLE ( 'NONE', #4383, 3.300000000000000700 ) ;
#289 = CARTESIAN_POINT ( 'NONE',  ( -46.50000000000000000, 0.0000000000000000000, 0.0000000000000000000 ) ) ;
#290 = CARTESIAN_POINT ( 'NONE',  ( -36.48538616139821800, 33.34275470770254700, 5.099999999995952200 ) ) ;
#291 = VECTOR ( 'NONE', #1426, 1000.000000000000000 ) ;
#292 = AXIS2_PLACEMENT_3D ( 'NONE', #1707, #2811, #271 ) ;
#293 = EDGE_CURVE ( 'NONE', #543, #4107, #2097, .T. ) ;
#294 =( LENGTH_UNIT ( ) NAMED_UNIT ( * ) SI_UNIT ( .MILLI., .METRE. ) );
#295 = CIRCLE ( 'NONE', #3901, 1.499999999999994400 ) ;
#296 =( GEOMETRIC_REPRESENTATION_CONTEXT ( 3 ) GLOBAL_UNCERTAINTY_ASSIGNED_CONTEXT ( ( #369 ) ) GLOBAL_UNIT_ASSIGNED_CONTEXT ( ( #3685, #3390, #4423 ) ) REPRESENTATION_CONTEXT ( 'NONE', 'WORKASPACE' ) );
#297 = ADVANCED_FACE ( 'NONE', ( #251 ), #3581, .F. ) ;
#298 = CARTESIAN_POINT ( 'NONE',  ( -36.79999999997476600, 33.39798546112290000, 4.899999999995952900 ) ) ;
#299 = CARTESIAN_POINT ( 'NONE',  ( -15.42188878420168600, 16.80506825525355600, 2.586369315728361200 ) ) ;
#300 = DIRECTION ( 'NONE',  ( -1.000000000000000000, 0.0000000000000000000, 0.0000000000000000000 ) ) ;
#301 = EDGE_CURVE ( 'NONE', #256, #2914, #4584, .T. ) ;
#302 =( GEOMETRIC_REPRESENTATION_CONTEXT ( 3 ) GLOBAL_UNCERTAINTY_ASSIGNED_CONTEXT ( ( #147 ) ) GLOBAL_UNIT_ASSIGNED_CONTEXT ( ( #2160, #4737, #2519 ) ) REPRESENTATION_CONTEXT ( 'NONE', 'WORKASPACE' ) );
#303 = DIRECTION ( 'NONE',  ( 1.000000000000000000, 0.0000000000000000000, 0.0000000000000000000 ) ) ;
#304 = CARTESIAN_POINT ( 'NONE',  ( -29.62500000000000000, 34.98999999559993800, -2.650000000004046500 ) ) ;
#305 = COLOUR_RGB ( '',0.7764705882352941300, 0.7568627450980391900, 0.7372549019607843600 ) ;
#306 = ADVANCED_FACE ( 'NONE', ( #1739 ), #2673, .F. ) ;
#307 = VERTEX_POINT ( 'NONE', #4754 ) ;
#308 = PRESENTATION_LAYER_ASSIGNMENT (  '', '', ( #4353 ) ) ;
#309 = VERTEX_POINT ( 'NONE', #1841 ) ;
#310 = VERTEX_POINT ( 'NONE', #1099 ) ;
#311 = SURFACE_STYLE_FILL_AREA ( #3949 ) ;
#312 = STYLED_ITEM ( 'NONE', ( #3266 ), #4341 ) ;
#313 = CARTESIAN_POINT ( 'NONE',  ( 0.0000000000000000000, 15.75136280141470000, 9.892146873126952400 ) ) ;
#314 = VERTEX_POINT ( 'NONE', #3311 ) ;
#315 = FILL_AREA_STYLE ('',( #2535 ) ) ;
#316 = PLANE ( 'NONE',  #1731 ) ;
#317 = ORIENTED_EDGE ( 'NONE', *, *, #3067, .T. ) ;
#318 = AXIS2_PLACEMENT_3D ( 'NONE', #94, #3395, #77 ) ;
#319 = OPEN_SHELL ( 'NONE', ( #287, #1183, #1487, #1066, #1718 ) ) ;
#320 = ORIENTED_EDGE ( 'NONE', *, *, #4176, .F. ) ;
#321 = CYLINDRICAL_SURFACE ( 'NONE', #1544, 9.500000000000000000 ) ;
#322 = ADVANCED_FACE ( 'NONE', ( #1268 ), #1425, .F. ) ;
#323 = EDGE_CURVE ( 'NONE', #3429, #3712, #1919, .T. ) ;
#324 = CARTESIAN_POINT ( 'NONE',  ( -36.80000000000041600, 33.68039618838541600, -4.900000000479546500 ) ) ;
#325 = STYLED_ITEM ( 'NONE', ( #4094 ), #1645 ) ;
#326 = CARTESIAN_POINT ( 'NONE',  ( -15.69725028794194400, 16.96083825756500500, 1.318453374525965400 ) ) ;
#327 = VERTEX_POINT ( 'NONE', #20 ) ;
#328 = FACE_OUTER_BOUND ( 'NONE', #1169, .T. ) ;
#329 = DIRECTION ( 'NONE',  ( 1.000000000000000000, -0.0000000000000000000, -0.0000000000000000000 ) ) ;
#330 = CARTESIAN_POINT ( 'NONE',  ( -32.89999999999999100, 24.24999999559993900, -4.300000000004046400 ) ) ;
#331 = STYLED_ITEM ( 'NONE', ( #889 ), #2824 ) ;
#332 = LINE ( 'NONE', #3569, #2184 ) ;
#333 = VERTEX_POINT ( 'NONE', #2591 ) ;
#334 =( BOUNDED_CURVE ( )  B_SPLINE_CURVE ( 3, ( #2356, #1635, #4204, #2015 ),
 .UNSPECIFIED., .F., .T. ) 
 B_SPLINE_CURVE_WITH_KNOTS ( ( 4, 4 ),
 ( 4.874788804553936900, 6.147311966420284400 ),
 .UNSPECIFIED. ) 
 CURVE ( )  GEOMETRIC_REPRESENTATION_ITEM ( )  RATIONAL_B_SPLINE_CURVE ( ( 1.000000000000000000, 0.8695484763729034400, 0.8695484763729034400, 1.000000000000000000 ) ) 
 REPRESENTATION_ITEM ( '' )  );
#335 =( GEOMETRIC_REPRESENTATION_CONTEXT ( 3 ) GLOBAL_UNCERTAINTY_ASSIGNED_CONTEXT ( ( #1757 ) ) GLOBAL_UNIT_ASSIGNED_CONTEXT ( ( #920, #3515, #1302 ) ) REPRESENTATION_CONTEXT ( 'NONE', 'WORKASPACE' ) );
#336 = CARTESIAN_POINT ( 'NONE',  ( -0.3040217494064015900, -15.11695286001025500, 30.23390572002049800 ) ) ;
#337 = DIRECTION ( 'NONE',  ( 0.0000000000000000000, 1.000000000000000000, 0.0000000000000000000 ) ) ;
#338 = VECTOR ( 'NONE', #2507, 1000.000000000000000 ) ;
#339 = DIRECTION ( 'NONE',  ( -1.000000000000000000, -0.0000000000000000000, -0.0000000000000000000 ) ) ;
#340 = PRODUCT_DEFINITION_CONTEXT ( 'detailed design', #2120, 'design' ) ;
#341 = LINE ( 'NONE', #1861, #4143 ) ;
#342 = DIRECTION ( 'NONE',  ( -1.000000000000000000, -0.0000000000000000000, -0.0000000000000000000 ) ) ;
#343 = CARTESIAN_POINT ( 'NONE',  ( -16.00000000000000000, 33.44999999559993900, -10.00000000000404700 ) ) ;
#344 = AXIS2_PLACEMENT_3D ( 'NONE', #4157, #4192, #260 ) ;
#345 = DIRECTION ( 'NONE',  ( 0.9659258262886332200, -0.2588190451041449400, 0.0000000000000000000 ) ) ;
#346 = SURFACE_STYLE_FILL_AREA ( #1981 ) ;
#347 = SURFACE_STYLE_USAGE ( .BOTH. , #2147 ) ;
#348 = COLOUR_RGB ( '',0.0000000000000000000, 0.0000000000000000000, 0.0000000000000000000 ) ;
#349 = DIRECTION ( 'NONE',  ( -0.0000000000000000000, -1.000000000000000000, -0.0000000000000000000 ) ) ;
#350 = DIRECTION ( 'NONE',  ( 0.0000000000000000000, 0.0000000000000000000, 1.000000000000000000 ) ) ;
#351 = VECTOR ( 'NONE', #1683, 1000.000000000000000 ) ;
#352 = EDGE_CURVE ( 'NONE', #2664, #4402, #3745, .T. ) ;
#353 = VERTEX_POINT ( 'NONE', #2523 ) ;
#354 = AXIS2_PLACEMENT_3D ( 'NONE', #1250, #3829, #1627 ) ;
#355 = DIRECTION ( 'NONE',  ( 1.000000000000000000, -0.0000000000000000000, -0.0000000000000000000 ) ) ;
#356 = EDGE_LOOP ( 'NONE', ( #4428, #3876, #1110, #1648 ) ) ;
#357 = DIRECTION ( 'NONE',  ( 1.000000000000000000, 0.0000000000000000000, 0.0000000000000000000 ) ) ;
#358 = DIRECTION ( 'NONE',  ( 0.0000000000000000000, 1.000000000000000000, 0.0000000000000000000 ) ) ;
#359 = FILL_AREA_STYLE_COLOUR ( '', #1054 ) ;
#360 = ORIENTED_EDGE ( 'NONE', *, *, #780, .F. ) ;
#361 = ADVANCED_FACE ( 'NONE', ( #1800 ), #316, .T. ) ;
#362 = PRESENTATION_STYLE_ASSIGNMENT (( #675 ) ) ;
#363 = PRESENTATION_LAYER_ASSIGNMENT (  '', '', ( #602 ) ) ;
#364 = CARTESIAN_POINT ( 'NONE',  ( -16.00000000000000000, 32.17499814511995000, -5.618857913277612000 ) ) ;
#365 = ORIENTED_EDGE ( 'NONE', *, *, #3660, .T. ) ;
#366 = COLOUR_RGB ( '',0.0000000000000000000, 0.0000000000000000000, 0.0000000000000000000 ) ;
#367 = CARTESIAN_POINT ( 'NONE',  ( 0.0000000000000000000, 25.00000000000000000, 9.765000000000000600 ) ) ;
#368 = CARTESIAN_POINT ( 'NONE',  ( -5.999999999999991100, 30.44999999559994200, 9.999999999995955200 ) ) ;
#369 = UNCERTAINTY_MEASURE_WITH_UNIT (LENGTH_MEASURE( 1.000000000000000100E-005 ), #3685, 'distance_accuracy_value', 'NONE');
#370 = SURFACE_SIDE_STYLE ('',( #2616 ) ) ;
#371 = EDGE_LOOP ( 'NONE', ( #4083, #1333, #2976, #4419 ) ) ;
#372 = PRESENTATION_LAYER_ASSIGNMENT (  '', '', ( #134 ) ) ;
#373 = CIRCLE ( 'NONE', #2593, 1.500000000000000400 ) ;
#374 = EDGE_CURVE ( 'NONE', #4416, #656, #261, .T. ) ;
#375 = COLOUR_RGB ( '',0.7764705882352941300, 0.7568627450980391900, 0.7372549019607843600 ) ;
#376 = CARTESIAN_POINT ( 'NONE',  ( -50.00000000000000000, 0.0000000000000000000, 18.50000000000000000 ) ) ;
#377 = CARTESIAN_POINT ( 'NONE',  ( -0.3040217494064015300, 15.11695286001025500, 3.702585586574595600E-015 ) ) ;
#378 = SURFACE_STYLE_USAGE ( .BOTH. , #2589 ) ;
#379 = VERTEX_POINT ( 'NONE', #3367 ) ;
#380 = DIRECTION ( 'NONE',  ( 0.0000000000000000000, 0.0000000000000000000, -1.000000000000000000 ) ) ;
#381 = ORIENTED_EDGE ( 'NONE', *, *, #4098, .F. ) ;
#382 =( GEOMETRIC_REPRESENTATION_CONTEXT ( 3 ) GLOBAL_UNCERTAINTY_ASSIGNED_CONTEXT ( ( #427 ) ) GLOBAL_UNIT_ASSIGNED_CONTEXT ( ( #1850, #4045, #4553 ) ) REPRESENTATION_CONTEXT ( 'NONE', 'WORKASPACE' ) );
#383 = ORIENTED_EDGE ( 'NONE', *, *, #401, .F. ) ;
#384 = CIRCLE ( 'NONE', #3108, 4.300000000000001600 ) ;
#385 = DIRECTION ( 'NONE',  ( -0.0000000000000000000, -0.0000000000000000000, -1.000000000000000000 ) ) ;
#386 = VERTEX_POINT ( 'NONE', #39 ) ;
#387 = EDGE_CURVE ( 'NONE', #2664, #3122, #3406, .T. ) ;
#388 = DIRECTION ( 'NONE',  ( 0.0000000000000000000, 0.0000000000000000000, 1.000000000000000000 ) ) ;
#389 = AXIS2_PLACEMENT_3D ( 'NONE', #2419, #1696, #4280 ) ;
#390 = CARTESIAN_POINT ( 'NONE',  ( -36.79999999999999000, 36.60999999559993500, -3.600000000004175900 ) ) ;
#391 = CARTESIAN_POINT ( 'NONE',  ( 0.0000000000000000000, 0.0000000000000000000, 0.0000000000000000000 ) ) ;
#392 = CARTESIAN_POINT ( 'NONE',  ( -0.6470537028910734500, 17.19999999639791000, 34.39999999279583400 ) ) ;
#393 =( NAMED_UNIT ( * ) SI_UNIT ( $, .STERADIAN. ) SOLID_ANGLE_UNIT ( ) );
#394 = VECTOR ( 'NONE', #3911, 1000.000000000000000 ) ;
#395 = DIRECTION ( 'NONE',  ( 1.000000000000000000, 0.0000000000000000000, 0.0000000000000000000 ) ) ;
#396 = DIRECTION ( 'NONE',  ( -1.000000000000000000, -0.0000000000000000000, -0.0000000000000000000 ) ) ;
#397 =( GEOMETRIC_REPRESENTATION_CONTEXT ( 3 ) GLOBAL_UNCERTAINTY_ASSIGNED_CONTEXT ( ( #3675 ) ) GLOBAL_UNIT_ASSIGNED_CONTEXT ( ( #4302, #2099, #4681 ) ) REPRESENTATION_CONTEXT ( 'NONE', 'WORKASPACE' ) );
#398 = FILL_AREA_STYLE_COLOUR ( '', #4743 ) ;
#399 = UNCERTAINTY_MEASURE_WITH_UNIT (LENGTH_MEASURE( 1.000000000000000100E-005 ), #2251, 'distance_accuracy_value', 'NONE');
#400 = SURFACE_STYLE_FILL_AREA ( #1984 ) ;
#401 = EDGE_CURVE ( 'NONE', #4761, #3557, #4400, .T. ) ;
#402 =( GEOMETRIC_REPRESENTATION_CONTEXT ( 3 ) GLOBAL_UNCERTAINTY_ASSIGNED_CONTEXT ( ( #4774 ) ) GLOBAL_UNIT_ASSIGNED_CONTEXT ( ( #2128, #4710, #2482 ) ) REPRESENTATION_CONTEXT ( 'NONE', 'WORKASPACE' ) );
#403 = DIRECTION ( 'NONE',  ( -1.000000000000000000, -0.0000000000000000000, -0.0000000000000000000 ) ) ;
#404 =( NAMED_UNIT ( * ) SI_UNIT ( $, .STERADIAN. ) SOLID_ANGLE_UNIT ( ) );
#405 =( NAMED_UNIT ( * ) PLANE_ANGLE_UNIT ( ) SI_UNIT ( $, .RADIAN. ) );
#406 = CARTESIAN_POINT ( 'NONE',  ( -36.48538616141348700, 33.34275470770769800, -5.100000000004048000 ) ) ;
#407 = CARTESIAN_POINT ( 'NONE',  ( -36.79999999999999000, 33.68039618838994200, -4.050000000004045500 ) ) ;
#408 = PRESENTATION_STYLE_ASSIGNMENT (( #4240 ) ) ;
#409 = FACE_OUTER_BOUND ( 'NONE', #434, .T. ) ;
#410 = LINE ( 'NONE', #494, #3237 ) ;
#411 = EDGE_LOOP ( 'NONE', ( #1942, #4102, #1821, #3671 ) ) ;
#412 = EDGE_CURVE ( 'NONE', #1770, #2050, #2425, .T. ) ;
#413 = DIRECTION ( 'NONE',  ( -1.000000000000000000, 0.0000000000000000000, 0.0000000000000000000 ) ) ;
#414 = CARTESIAN_POINT ( 'NONE',  ( -32.89999999999999900, 29.14999999559993400, 7.599999999995954900 ) ) ;
#415 = ORIENTED_EDGE ( 'NONE', *, *, #4509, .F. ) ;
#416 = CARTESIAN_POINT ( 'NONE',  ( 0.0000000000000000000, -15.94956969303915400, -1.953258947235803700E-015 ) ) ;
#417 = EDGE_CURVE ( 'NONE', #4051, #3267, #4278, .T. ) ;
#418 =( NAMED_UNIT ( * ) SI_UNIT ( $, .STERADIAN. ) SOLID_ANGLE_UNIT ( ) );
#419 = DIRECTION ( 'NONE',  ( -1.000000000000000000, 0.0000000000000000000, 0.0000000000000000000 ) ) ;
#420 = ORIENTED_EDGE ( 'NONE', *, *, #3256, .F. ) ;
#421 = FILL_AREA_STYLE_COLOUR ( '', #4455 ) ;
#422 = DIRECTION ( 'NONE',  ( 1.000000000000000000, -2.628368902995161500E-016, -0.0000000000000000000 ) ) ;
#423 = VERTEX_POINT ( 'NONE', #68 ) ;
#424 = ORIENTED_EDGE ( 'NONE', *, *, #216, .T. ) ;
#425 = AXIS2_PLACEMENT_3D ( 'NONE', #4504, #2280, #81 ) ;
#426 = FILL_AREA_STYLE ('',( #4496 ) ) ;
#427 = UNCERTAINTY_MEASURE_WITH_UNIT (LENGTH_MEASURE( 1.000000000000000100E-005 ), #1850, 'distance_accuracy_value', 'NONE');
#428 = DIRECTION ( 'NONE',  ( 0.0000000000000000000, 1.000000000000000000, 0.0000000000000000000 ) ) ;
#429 = VERTEX_POINT ( 'NONE', #4106 ) ;
#430 = CARTESIAN_POINT ( 'NONE',  ( -32.90000000099036000, 32.17499814538358300, 4.049999999995953300 ) ) ;
#431 = SURFACE_STYLE_FILL_AREA ( #2699 ) ;
#432 = ORIENTED_EDGE ( 'NONE', *, *, #3818, .F. ) ;
#433 = DIRECTION ( 'NONE',  ( -1.000000000000000000, -0.0000000000000000000, -0.0000000000000000000 ) ) ;
#434 = EDGE_LOOP ( 'NONE', ( #34, #1765, #4641, #3317 ) ) ;
#435 =( GEOMETRIC_REPRESENTATION_CONTEXT ( 3 ) GLOBAL_UNCERTAINTY_ASSIGNED_CONTEXT ( ( #2008 ) ) GLOBAL_UNIT_ASSIGNED_CONTEXT ( ( #2809, #2886, #3611 ) ) REPRESENTATION_CONTEXT ( 'NONE', 'WORKASPACE' ) );
#436 = FILL_AREA_STYLE ('',( #4712 ) ) ;
#437 = DIRECTION ( 'NONE',  ( -0.0000000000000000000, -0.0000000000000000000, -1.000000000000000000 ) ) ;
#438 = CARTESIAN_POINT ( 'NONE',  ( 0.0000000000000000000, -15.94956969303915400, -1.953258947235803700E-015 ) ) ;
#439 = FACE_OUTER_BOUND ( 'NONE', #3017, .T. ) ;
#440 = ORIENTED_EDGE ( 'NONE', *, *, #323, .F. ) ;
#441 = CARTESIAN_POINT ( 'NONE',  ( -22.16699999999999100, 36.80999999559994500, -3.744000000004047200 ) ) ;
#442 = ADVANCED_FACE ( 'NONE', ( #3297 ), #2827, .F. ) ;
#443 = CARTESIAN_POINT ( 'NONE',  ( -14.22499999999999400, 33.44999999559993900, 4.299999999995952400 ) ) ;
#444 = ORIENTED_EDGE ( 'NONE', *, *, #3849, .F. ) ;
#445 = LINE ( 'NONE', #2085, #1299 ) ;
#446 = MECHANICAL_DESIGN_GEOMETRIC_PRESENTATION_REPRESENTATION (  '', ( #3986 ), #684 ) ;
#447 = EDGE_CURVE ( 'NONE', #3872, #4610, #3799, .T. ) ;
#448 = CARTESIAN_POINT ( 'NONE',  ( -29.52499999999999500, 36.80999999559994500, 3.599999999995953500 ) ) ;
#449 = PRESENTATION_STYLE_ASSIGNMENT (( #4731 ) ) ;
#450 = SURFACE_STYLE_USAGE ( .BOTH. , #4501 ) ;
#451 =( NAMED_UNIT ( * ) SI_UNIT ( $, .STERADIAN. ) SOLID_ANGLE_UNIT ( ) );
#452 = CARTESIAN_POINT ( 'NONE',  ( -32.90000000099078600, 32.17499814537851700, 4.899999999995953800 ) ) ;
#453 = COLOUR_RGB ( '',0.0000000000000000000, 0.0000000000000000000, 0.0000000000000000000 ) ;
#454 = DIRECTION ( 'NONE',  ( 0.0000000000000000000, -1.000000000000000000, 0.0000000000000000000 ) ) ;
#455 =( BOUNDED_CURVE ( )  B_SPLINE_CURVE ( 3, ( #4356, #1018, #3608, #2150 ),
 .UNSPECIFIED., .F., .T. ) 
 B_SPLINE_CURVE_WITH_KNOTS ( ( 4, 4 ),
 ( 3.277465994349095400, 4.549989156215448600 ),
 .UNSPECIFIED. ) 
 CURVE ( )  GEOMETRIC_REPRESENTATION_ITEM ( )  RATIONAL_B_SPLINE_CURVE ( ( 1.000000000000000000, 0.8695484763729022200, 0.8695484763729022200, 1.000000000000000000 ) ) 
 REPRESENTATION_ITEM ( '' )  );
#456 = CARTESIAN_POINT ( 'NONE',  ( -22.44999999999999900, 35.30999999559993800, 5.099999999995953100 ) ) ;
#457 = CARTESIAN_POINT ( 'NONE',  ( -32.89999999999999100, 24.24999999559993900, -4.300000000004046400 ) ) ;
#458 =( GEOMETRIC_REPRESENTATION_CONTEXT ( 3 ) GLOBAL_UNCERTAINTY_ASSIGNED_CONTEXT ( ( #2460 ) ) GLOBAL_UNIT_ASSIGNED_CONTEXT ( ( #1221, #3798, #1604 ) ) REPRESENTATION_CONTEXT ( 'NONE', 'WORKASPACE' ) );
#459 = VECTOR ( 'NONE', #2940, 1000.000000000000000 ) ;
#460 =( NAMED_UNIT ( * ) PLANE_ANGLE_UNIT ( ) SI_UNIT ( $, .RADIAN. ) );
#461 = AXIS2_PLACEMENT_3D ( 'NONE', #784, #3366, #1159 ) ;
#462 = LINE ( 'NONE', #3038, #2421 ) ;
#463 = CARTESIAN_POINT ( 'NONE',  ( -36.79999999999999000, 36.60999999559992800, -3.600000000004308200 ) ) ;
#464 = FILL_AREA_STYLE_COLOUR ( '', #3686 ) ;
#465 = VECTOR ( 'NONE', #2264, 1000.000000000000000 ) ;
#466 = CARTESIAN_POINT ( 'NONE',  ( -22.44999999999999900, 35.04964644244493900, 2.649999999995952500 ) ) ;
#467 =( LENGTH_UNIT ( ) NAMED_UNIT ( * ) SI_UNIT ( .MILLI., .METRE. ) );
#468 = ORIENTED_EDGE ( 'NONE', *, *, #1777, .T. ) ;
#469 = EDGE_CURVE ( 'NONE', #423, #3644, #19, .T. ) ;
#470 = ORIENTED_EDGE ( 'NONE', *, *, #4142, .F. ) ;
#471 = AXIS2_PLACEMENT_3D ( 'NONE', #3470, #1254, #3833 ) ;
#472 = ORIENTED_EDGE ( 'NONE', *, *, #2540, .T. ) ;
#473 = UNCERTAINTY_MEASURE_WITH_UNIT (LENGTH_MEASURE( 1.000000000000000100E-005 ), #4324, 'distance_accuracy_value', 'NONE');
#474 = SURFACE_STYLE_USAGE ( .BOTH. , #4164 ) ;
#475 = STYLED_ITEM ( 'NONE', ( #4438 ), #2906 ) ;
#476 = CARTESIAN_POINT ( 'NONE',  ( -2.999999999999995600, 15.75136280141470000, 9.892146873126952400 ) ) ;
#477 = CARTESIAN_POINT ( 'NONE',  ( -32.89999999999999900, 32.26076323207176000, 5.099999999993668700 ) ) ;
#478 = EDGE_LOOP ( 'NONE', ( #2070, #3321, #2314, #706, #1065, #4695, #1950 ) ) ;
#479 = CARTESIAN_POINT ( 'NONE',  ( -12.67662142034553500, 17.07135274937358500, -7.132703745299863800 ) ) ;
#480 = LINE ( 'NONE', #2759, #2333 ) ;
#481 = ORIENTED_EDGE ( 'NONE', *, *, #3195, .F. ) ;
#482 = VERTEX_POINT ( 'NONE', #3432 ) ;
#483 = EDGE_CURVE ( 'NONE', #1432, #2852, #849, .T. ) ;
#484 = ORIENTED_EDGE ( 'NONE', *, *, #2781, .T. ) ;
#485 = STYLED_ITEM ( 'NONE', ( #3194 ), #4055 ) ;
#486 = SURFACE_STYLE_FILL_AREA ( #3070 ) ;
#487 = VECTOR ( 'NONE', #4061, 1000.000000000000000 ) ;
#488 = ORIENTED_EDGE ( 'NONE', *, *, #3683, .T. ) ;
#489 = ORIENTED_EDGE ( 'NONE', *, *, #4607, .T. ) ;
#490 = CYLINDRICAL_SURFACE ( 'NONE', #2363, 0.6000000000059500000 ) ;
#491 = DIRECTION ( 'NONE',  ( 0.0000000000000000000, -1.000000000000000000, 0.0000000000000000000 ) ) ;
#492 = FILL_AREA_STYLE ('',( #2743 ) ) ;
#493 = PRESENTATION_LAYER_ASSIGNMENT (  '', '', ( #265 ) ) ;
#494 = CARTESIAN_POINT ( 'NONE',  ( -50.00000000000000000, 15.71288563568131600, -9.764999999999986400 ) ) ;
#495 = ORIENTED_EDGE ( 'NONE', *, *, #1357, .F. ) ;
#496 = SURFACE_SIDE_STYLE ('',( #431 ) ) ;
#497 = DIRECTION ( 'NONE',  ( -1.000000000000000000, 2.628368902995161500E-016, 0.0000000000000000000 ) ) ;
#498 = CARTESIAN_POINT ( 'NONE',  ( -15.76551608229626700, 18.50027240750180400, 0.3103188424472347900 ) ) ;
#499 = PRESENTATION_LAYER_ASSIGNMENT (  '', '', ( #744 ) ) ;
#500 = LINE ( 'NONE', #671, #2351 ) ;
#501 = DIRECTION ( 'NONE',  ( 0.0000000000000000000, -1.000000000000000000, 0.0000000000000000000 ) ) ;
#502 =( NAMED_UNIT ( * ) SI_UNIT ( $, .STERADIAN. ) SOLID_ANGLE_UNIT ( ) );
#503 = CARTESIAN_POINT ( 'NONE',  ( -3.000000000000016400, 30.44999999429270300, -10.00000000000404500 ) ) ;
#504 = OPEN_SHELL ( 'NONE', ( #2144, #1140, #1869, #2719, #12, #4464, #3223, #938, #2464, #3123, #2630, #4752 ) ) ;
#505 = EDGE_CURVE ( 'NONE', #4539, #3983, #1975, .T. ) ;
#506 = FILL_AREA_STYLE_COLOUR ( '', #3898 ) ;
#507 = AXIS2_PLACEMENT_3D ( 'NONE', #3562, #1349, #3922 ) ;
#508 = CARTESIAN_POINT ( 'NONE',  ( -0.6470537028910733300, 0.0000000000000000000, 0.0000000000000000000 ) ) ;
#509 = FACE_BOUND ( 'NONE', #3119, .T. ) ;
#510 = CARTESIAN_POINT ( 'NONE',  ( -36.30352761803937500, 33.29402585787531900, 5.099999999995954000 ) ) ;
#511 = CARTESIAN_POINT ( 'NONE',  ( -46.50000000000000000, 0.0000000000000000000, 16.99999999999999600 ) ) ;
#512 = CARTESIAN_POINT ( 'NONE',  ( -13.12190674333870700, 17.25037214731458600, 6.688149852764196300 ) ) ;
#513 = AXIS2_PLACEMENT_3D ( 'NONE', #330, #2907, #692 ) ;
#514 = FACE_OUTER_BOUND ( 'NONE', #1622, .T. ) ;
#515 = SURFACE_STYLE_FILL_AREA ( #3866 ) ;
#516 = DIRECTION ( 'NONE',  ( 0.0000000000000000000, -1.000000000000000000, 0.0000000000000000000 ) ) ;
#517 =( NAMED_UNIT ( * ) PLANE_ANGLE_UNIT ( ) SI_UNIT ( $, .RADIAN. ) );
#518 = AXIS2_PLACEMENT_3D ( 'NONE', #3173, #4684, #2461 ) ;
#519 = EDGE_CURVE ( 'NONE', #3534, #925, #1857, .T. ) ;
#520 = ORIENTED_EDGE ( 'NONE', *, *, #802, .T. ) ;
#521 = CYLINDRICAL_SURFACE ( 'NONE', #982, 3.300000000000000700 ) ;
#522 = ORIENTED_EDGE ( 'NONE', *, *, #1303, .T. ) ;
#523 = CYLINDRICAL_SURFACE ( 'NONE', #790, 0.6000000000059500000 ) ;
#524 = AXIS2_PLACEMENT_3D ( 'NONE', #3117, #2968, #115 ) ;
#525 = DIRECTION ( 'NONE',  ( 1.000000000000000000, 0.0000000000000000000, 0.0000000000000000000 ) ) ;
#526 = CARTESIAN_POINT ( 'NONE',  ( -24.44999999999999900, 32.17499814511995000, -5.618857913279045500 ) ) ;
#527 = EDGE_LOOP ( 'NONE', ( #829, #1593, #971, #2266 ) ) ;
#528 = CYLINDRICAL_SURFACE ( 'NONE', #2898, 4.300000000000001600 ) ;
#529 = CARTESIAN_POINT ( 'NONE',  ( -3.000000000000002700, 0.0000000000000000000, 0.0000000000000000000 ) ) ;
#530 = EDGE_CURVE ( 'NONE', #3324, #1711, #4776, .T. ) ;
#531 = ORIENTED_EDGE ( 'NONE', *, *, #718, .T. ) ;
#532 = UNCERTAINTY_MEASURE_WITH_UNIT (LENGTH_MEASURE( 1.000000000000000100E-005 ), #2190, 'distance_accuracy_value', 'NONE');
#533 = FACE_OUTER_BOUND ( 'NONE', #1740, .T. ) ;
#534 = CARTESIAN_POINT ( 'NONE',  ( -16.00000000000000000, 24.28724172672493600, -8.600000000004048000 ) ) ;
#535 = DIRECTION ( 'NONE',  ( -1.000000000000000000, -0.0000000000000000000, -0.0000000000000000000 ) ) ;
#536 = DIRECTION ( 'NONE',  ( 1.000000000000000000, -0.0000000000000000000, -0.0000000000000000000 ) ) ;
#537 = EDGE_LOOP ( 'NONE', ( #3989, #2790, #2822, #3184 ) ) ;
#538 = PRESENTATION_STYLE_ASSIGNMENT (( #3852 ) ) ;
#539 = CARTESIAN_POINT ( 'NONE',  ( -36.46238162987031500, 33.36581732433790400, 5.099999999995953100 ) ) ;
#540 = MECHANICAL_DESIGN_GEOMETRIC_PRESENTATION_REPRESENTATION (  '', ( #4353 ), #787 ) ;
#541 = DIRECTION ( 'NONE',  ( 0.0000000000000000000, 0.0000000000000000000, 1.000000000000000000 ) ) ;
#542 = FACE_OUTER_BOUND ( 'NONE', #1693, .T. ) ;
#543 = VERTEX_POINT ( 'NONE', #3680 ) ;
#544 =( LENGTH_UNIT ( ) NAMED_UNIT ( * ) SI_UNIT ( .MILLI., .METRE. ) );
#545 = FILL_AREA_STYLE ('',( #4621 ) ) ;
#546 = ORIENTED_EDGE ( 'NONE', *, *, #4706, .T. ) ;
#547 = AXIS2_PLACEMENT_3D ( 'NONE', #1833, #4411, #2199 ) ;
#548 = ORIENTED_EDGE ( 'NONE', *, *, #857, .F. ) ;
#549 = CARTESIAN_POINT ( 'NONE',  ( -24.44999999999999900, 32.17499814511995000, 5.618857913270952400 ) ) ;
#550 = CARTESIAN_POINT ( 'NONE',  ( 0.0000000000000000000, 2.265596578422603400E-015, -18.50000000000000000 ) ) ;
#551 = SURFACE_STYLE_FILL_AREA ( #805 ) ;
#552 = STYLED_ITEM ( 'NONE', ( #3174 ), #741 ) ;
#553 = CARTESIAN_POINT ( 'NONE',  ( -3.693288484372378100, 15.29789246706577000, -11.26853271891626000 ) ) ;
#554 = SURFACE_SIDE_STYLE ('',( #1049 ) ) ;
#555 = VECTOR ( 'NONE', #2373, 1000.000000000000000 ) ;
#556 = EDGE_CURVE ( 'NONE', #3605, #2353, #4688, .T. ) ;
#557 = PLANE ( 'NONE',  #4633 ) ;
#558 = PRESENTATION_LAYER_ASSIGNMENT (  '', '', ( #325 ) ) ;
#559 = VECTOR ( 'NONE', #3625, 1000.000000000000100 ) ;
#560 = DIRECTION ( 'NONE',  ( -0.0000000000000000000, 1.000000000000000000, -0.0000000000000000000 ) ) ;
#561 =( LENGTH_UNIT ( ) NAMED_UNIT ( * ) SI_UNIT ( .MILLI., .METRE. ) );
#562 = SURFACE_STYLE_FILL_AREA ( #3707 ) ;
#563 = UNCERTAINTY_MEASURE_WITH_UNIT (LENGTH_MEASURE( 1.000000000000000100E-005 ), #2958, 'distance_accuracy_value', 'NONE');
#564 = LINE ( 'NONE', #376, #459 ) ;
#565 = DIRECTION ( 'NONE',  ( 0.0000000000000000000, 0.0000000000000000000, 1.000000000000000000 ) ) ;
#566 = PRESENTATION_LAYER_ASSIGNMENT (  '', '', ( #331 ) ) ;
#567 = FILL_AREA_STYLE ('',( #3003 ) ) ;
#568 = UNCERTAINTY_MEASURE_WITH_UNIT (LENGTH_MEASURE( 1.000000000000000100E-005 ), #3345, 'distance_accuracy_value', 'NONE');
#569 = FACE_OUTER_BOUND ( 'NONE', #759, .T. ) ;
#570 = CARTESIAN_POINT ( 'NONE',  ( -36.30352761804015000, 33.29402585787141100, 4.899999999995954700 ) ) ;
#571 = SURFACE_STYLE_USAGE ( .BOTH. , #2777 ) ;
#572 = PLANE ( 'NONE',  #2563 ) ;
#573 = AXIS2_PLACEMENT_3D ( 'NONE', #4631, #212, #1671 ) ;
#574 = VECTOR ( 'NONE', #232, 1000.000000000000000 ) ;
#575 = SURFACE_SIDE_STYLE ('',( #2030 ) ) ;
#576 = PLANE ( 'NONE',  #2103 ) ;
#577 = CARTESIAN_POINT ( 'NONE',  ( -22.44999999999999900, 32.17499814511995000, -4.046615916591203000E-012 ) ) ;
#578 = VERTEX_POINT ( 'NONE', #456 ) ;
#579 = LINE ( 'NONE', #1234, #4403 ) ;
#580 = MECHANICAL_DESIGN_GEOMETRIC_PRESENTATION_REPRESENTATION (  '', ( #4133 ), #822 ) ;
#581 = DIRECTION ( 'NONE',  ( 0.0000000000000000000, 0.0000000000000000000, 1.000000000000000000 ) ) ;
#582 = SURFACE_SIDE_STYLE ('',( #4618 ) ) ;
#583 = ORIENTED_EDGE ( 'NONE', *, *, #2727, .T. ) ;
#584 = SURFACE_STYLE_FILL_AREA ( #2431 ) ;
#585 = ADVANCED_FACE ( 'NONE', ( #3693 ), #4136, .F. ) ;
#586 =( LENGTH_UNIT ( ) NAMED_UNIT ( * ) SI_UNIT ( .MILLI., .METRE. ) );
#587 = ORIENTED_EDGE ( 'NONE', *, *, #1617, .F. ) ;
#588 = VECTOR ( 'NONE', #1135, 1000.000000000000000 ) ;
#589 =( LENGTH_UNIT ( ) NAMED_UNIT ( * ) SI_UNIT ( .MILLI., .METRE. ) );
#590 = ORIENTED_EDGE ( 'NONE', *, *, #2187, .F. ) ;
#591 = UNCERTAINTY_MEASURE_WITH_UNIT (LENGTH_MEASURE( 1.000000000000000100E-005 ), #1668, 'distance_accuracy_value', 'NONE');
#592 = PLANE ( 'NONE',  #2127 ) ;
#593 = EDGE_CURVE ( 'NONE', #429, #199, #1387, .T. ) ;
#594 = CARTESIAN_POINT ( 'NONE',  ( 0.0000000000000000000, 15.76954586841167600, -9.863134540569054900 ) ) ;
#595 = STYLED_ITEM ( 'NONE', ( #2647 ), #2399 ) ;
#596 = ORIENTED_EDGE ( 'NONE', *, *, #216, .F. ) ;
#597 = ORIENTED_EDGE ( 'NONE', *, *, #181, .F. ) ;
#598 = PLANE ( 'NONE',  #4310 ) ;
#599 = DIRECTION ( 'NONE',  ( 0.7071067811865474600, 8.659560562354932900E-017, 0.7071067811865474600 ) ) ;
#600 = SURFACE_STYLE_FILL_AREA ( #1899 ) ;
#601 = VERTEX_POINT ( 'NONE', #1923 ) ;
#602 = STYLED_ITEM ( 'NONE', ( #3034 ), #3362 ) ;
#603 = ADVANCED_FACE ( 'NONE', ( #409 ), #910, .T. ) ;
#604 = CARTESIAN_POINT ( 'NONE',  ( -24.44999999999999900, 20.94999999559994200, -4.300000000004051700 ) ) ;
#605 =( LENGTH_UNIT ( ) NAMED_UNIT ( * ) SI_UNIT ( .MILLI., .METRE. ) );
#606 = CARTESIAN_POINT ( 'NONE',  ( -15.23647764372216800, 16.70182633349567800, -3.185573471761229000 ) ) ;
#607 = DIRECTION ( 'NONE',  ( -1.000000000000000000, -0.0000000000000000000, -0.0000000000000000000 ) ) ;
#608 = VERTEX_POINT ( 'NONE', #2990 ) ;
#609 = FACE_OUTER_BOUND ( 'NONE', #4648, .T. ) ;
#610 = MECHANICAL_DESIGN_GEOMETRIC_PRESENTATION_REPRESENTATION (  '', ( #134 ), #840 ) ;
#611 = CARTESIAN_POINT ( 'NONE',  ( -22.16299999999999700, 35.90782237340994200, -2.650000000004046900 ) ) ;
#612 = EDGE_CURVE ( 'NONE', #608, #309, #1915, .T. ) ;
#613 = COLOUR_RGB ( '',0.7764705882352941300, 0.7568627450980391900, 0.7372549019607843600 ) ;
#614 = CARTESIAN_POINT ( 'NONE',  ( -3.621320343280084700, 31.84339827771590900, 11.49999999999556800 ) ) ;
#615 = DIRECTION ( 'NONE',  ( -1.000000000000000000, 0.0000000000000000000, 0.0000000000000000000 ) ) ;
#616 = CARTESIAN_POINT ( 'NONE',  ( 0.0000000000000000000, 1.457329690985350400E-015, 11.90000000000000000 ) ) ;
#617 = LINE ( 'NONE', #2075, #954 ) ;
#618 = FILL_AREA_STYLE ('',( #2642 ) ) ;
#619 = CARTESIAN_POINT ( 'NONE',  ( -3.000000000000002700, 0.0000000000000000000, 0.0000000000000000000 ) ) ;
#620 = UNCERTAINTY_MEASURE_WITH_UNIT (LENGTH_MEASURE( 1.000000000000000100E-005 ), #2410, 'distance_accuracy_value', 'NONE');
#621 = SURFACE_STYLE_FILL_AREA ( #1555 ) ;
#622 = CARTESIAN_POINT ( 'NONE',  ( -9.499999999999994700, 15.12448345785258800, 11.49999999999796300 ) ) ;
#623 = EDGE_CURVE ( 'NONE', #2067, #3150, #2889, .T. ) ;
#624 = STYLED_ITEM ( 'NONE', ( #1444 ), #1897 ) ;
#625 = CIRCLE ( 'NONE', #4089, 4.299999999999994500 ) ;
#626 = SURFACE_SIDE_STYLE ('',( #130 ) ) ;
#627 = DIRECTION ( 'NONE',  ( 1.254439408410689500E-013, -1.000000000000000000, -4.616936059622550900E-015 ) ) ;
#628 = UNCERTAINTY_MEASURE_WITH_UNIT (LENGTH_MEASURE( 1.000000000000000100E-005 ), #2245, 'distance_accuracy_value', 'NONE');
#629 = CARTESIAN_POINT ( 'NONE',  ( -50.00000000000000000, 9.500000000000000000, 0.0000000000000000000 ) ) ;
#630 = SURFACE_STYLE_USAGE ( .BOTH. , #2848 ) ;
#631 = PRESENTATION_LAYER_ASSIGNMENT (  '', '', ( #868 ) ) ;
#632 = CARTESIAN_POINT ( 'NONE',  ( -16.00000000000000000, 24.24999999559993900, 7.599999999995954900 ) ) ;
#633 = EDGE_LOOP ( 'NONE', ( #1002, #4117, #112, #250 ) ) ;
#634 = CARTESIAN_POINT ( 'NONE',  ( -15.99999999999999300, 24.24999999559993900, 4.299999999995954200 ) ) ;
#635 = ORIENTED_EDGE ( 'NONE', *, *, #244, .T. ) ;
#636 = EDGE_CURVE ( 'NONE', #2789, #3434, #3860, .T. ) ;
#637 = CARTESIAN_POINT ( 'NONE',  ( -36.59999999999998000, 33.68039618835453600, 5.099999999995953100 ) ) ;
#638 = STYLED_ITEM ( 'NONE', ( #4532 ), #4282 ) ;
#639 = CARTESIAN_POINT ( 'NONE',  ( -10.37101497150898200, 14.57501224476763500, 8.755189861857470400 ) ) ;
#640 = SURFACE_SIDE_STYLE ('',( #2897 ) ) ;
#641 = ORIENTED_EDGE ( 'NONE', *, *, #1011, .T. ) ;
#642 = DIRECTION ( 'NONE',  ( 0.0000000000000000000, 1.000000000000000000, 0.0000000000000000000 ) ) ;
#643 = CARTESIAN_POINT ( 'NONE',  ( -3.000000000000002700, 1.457329690985349800E-015, -11.89999999999999500 ) ) ;
#644 =( NAMED_UNIT ( * ) SI_UNIT ( $, .STERADIAN. ) SOLID_ANGLE_UNIT ( ) );
#645 = VERTEX_POINT ( 'NONE', #3105 ) ;
#646 = FACE_OUTER_BOUND ( 'NONE', #4230, .T. ) ;
#647 = STYLED_ITEM ( 'NONE', ( #4579 ), #585 ) ;
#648 = DIRECTION ( 'NONE',  ( 0.0000000000000000000, 0.0000000000000000000, 1.000000000000000000 ) ) ;
#649 = DIRECTION ( 'NONE',  ( -1.000000000000000000, 0.0000000000000000000, -0.0000000000000000000 ) ) ;
#650 = ORIENTED_EDGE ( 'NONE', *, *, #1481, .T. ) ;
#651 = LINE ( 'NONE', #664, #4482 ) ;
#652 = ADVANCED_FACE ( 'NONE', ( #1794 ), #3636, .T. ) ;
#653 = EDGE_CURVE ( 'NONE', #2982, #4766, #462, .T. ) ;
#654 = FILL_AREA_STYLE_COLOUR ( '', #1548 ) ;
#655 = PRESENTATION_LAYER_ASSIGNMENT (  '', '', ( #182 ) ) ;
#656 = VERTEX_POINT ( 'NONE', #416 ) ;
#657 = LINE ( 'NONE', #1636, #2625 ) ;
#658 = CARTESIAN_POINT ( 'NONE',  ( -15.74930066298842800, 16.99096609961943500, -0.6430857796067799300 ) ) ;
#659 = LINE ( 'NONE', #4135, #3492 ) ;
#660 = SURFACE_SIDE_STYLE ('',( #4646 ) ) ;
#661 = DIRECTION ( 'NONE',  ( -1.000000000000000000, -0.0000000000000000000, -0.0000000000000000000 ) ) ;
#662 = EDGE_LOOP ( 'NONE', ( #22, #4362, #1884, #213, #2334 ) ) ;
#663 = EDGE_CURVE ( 'NONE', #3872, #3304, #3401, .T. ) ;
#664 = CARTESIAN_POINT ( 'NONE',  ( -32.89999999999999900, 26.86030300602993700, 8.599999999995951300 ) ) ;
#665 = DIRECTION ( 'NONE',  ( 1.000000000000000000, -0.0000000000000000000, -0.0000000000000000000 ) ) ;
#666 = STYLED_ITEM ( 'NONE', ( #120 ), #2630 ) ;
#667 = CARTESIAN_POINT ( 'NONE',  ( -36.59999999999999400, 36.80999999559509200, 3.599999999995974400 ) ) ;
#668 = CARTESIAN_POINT ( 'NONE',  ( -5.121320343544053500, 31.94999999573531500, 11.49999999999595200 ) ) ;
#669 = ORIENTED_EDGE ( 'NONE', *, *, #3566, .F. ) ;
#670 = AXIS2_PLACEMENT_3D ( 'NONE', #2634, #422, #3010 ) ;
#671 = CARTESIAN_POINT ( 'NONE',  ( -16.00000000000000000, 26.56249907035993700, -7.600000000004047100 ) ) ;
#672 = SURFACE_SIDE_STYLE ('',( #4163 ) ) ;
#673 = CARTESIAN_POINT ( 'NONE',  ( -8.268040940824535700, 14.09571523426046500, -9.503524684704162300 ) ) ;
#674 = CIRCLE ( 'NONE', #3233, 18.59999999627167000 ) ;
#675 = SURFACE_STYLE_USAGE ( .BOTH. , #2890 ) ;
#676 = ORIENTED_EDGE ( 'NONE', *, *, #1381, .F. ) ;
#677 = DIRECTION ( 'NONE',  ( 0.0000000000000000000, 0.0000000000000000000, 1.000000000000000000 ) ) ;
#678 = STYLED_ITEM ( 'NONE', ( #1924 ), #238 ) ;
#679 = CARTESIAN_POINT ( 'NONE',  ( -15.99999999999999300, 33.44999999559993900, -4.046615916591203000E-012 ) ) ;
#680 = CARTESIAN_POINT ( 'NONE',  ( -36.79999999999861900, 36.72715728312189000, 4.430151519010454600 ) ) ;
#681 = LINE ( 'NONE', #4620, #2649 ) ;
#682 = FILL_AREA_STYLE ('',( #4004 ) ) ;
#683 = UNCERTAINTY_MEASURE_WITH_UNIT (LENGTH_MEASURE( 1.000000000000000100E-005 ), #4598, 'distance_accuracy_value', 'NONE');
#684 =( GEOMETRIC_REPRESENTATION_CONTEXT ( 3 ) GLOBAL_UNCERTAINTY_ASSIGNED_CONTEXT ( ( #620 ) ) GLOBAL_UNIT_ASSIGNED_CONTEXT ( ( #2410, #3241, #2299 ) ) REPRESENTATION_CONTEXT ( 'NONE', 'WORKASPACE' ) );
#685 = CARTESIAN_POINT ( 'NONE',  ( -36.62807924191884700, 33.17393396759929700, -5.017157287808186300 ) ) ;
#686 = CARTESIAN_POINT ( 'NONE',  ( -15.76383974200918600, 16.99933353483593700, 0.6732245017180509300 ) ) ;
#687 =( NAMED_UNIT ( * ) SI_UNIT ( $, .STERADIAN. ) SOLID_ANGLE_UNIT ( ) );
#688 = EDGE_CURVE ( 'NONE', #4616, #2919, #1446, .T. ) ;
#689 = STYLED_ITEM ( 'NONE', ( #2939 ), #2193 ) ;
#690 = DIRECTION ( 'NONE',  ( -0.0000000000000000000, 0.0000000000000000000, -1.000000000000000000 ) ) ;
#691 = CARTESIAN_POINT ( 'NONE',  ( -5.999999999999998200, 13.91563060015608100, -9.764999999999986400 ) ) ;
#692 = DIRECTION ( 'NONE',  ( 0.0000000000000000000, 1.000000000000000000, 0.0000000000000000000 ) ) ;
#693 = CIRCLE ( 'NONE', #3979, 17.10000000000000100 ) ;
#694 = DIRECTION ( 'NONE',  ( 0.0000000000000000000, 0.0000000000000000000, -1.000000000000000000 ) ) ;
#695 = CARTESIAN_POINT ( 'NONE',  ( -36.71715728752414500, 36.80999999559507100, 4.478679656433495600 ) ) ;
#696 = CARTESIAN_POINT ( 'NONE',  ( -46.50000000000000000, 2.051283388571816900E-015, -16.75000000000000000 ) ) ;
#697 = STYLED_ITEM ( 'NONE', ( #46 ), #3312 ) ;
#698 = SURFACE_STYLE_FILL_AREA ( #2572 ) ;
#699 = EDGE_LOOP ( 'NONE', ( #2773, #597, #3936, #4178 ) ) ;
#700 = ORIENTED_EDGE ( 'NONE', *, *, #2985, .T. ) ;
#701 = CIRCLE ( 'NONE', #816, 11.89999999999999300 ) ;
#702 = CARTESIAN_POINT ( 'NONE',  ( -32.89999999999999900, 32.17499814510993900, -5.618857913300558100 ) ) ;
#703 = COLOUR_RGB ( '',0.0000000000000000000, 0.0000000000000000000, 0.0000000000000000000 ) ;
#704 = STYLED_ITEM ( 'NONE', ( #1001 ), #4464 ) ;
#705 = DIRECTION ( 'NONE',  ( -1.000000000000000000, 2.628368902995163000E-016, -2.763329236092798100E-031 ) ) ;
#706 = ORIENTED_EDGE ( 'NONE', *, *, #2270, .F. ) ;
#707 = CIRCLE ( 'NONE', #670, 3.300000000000000700 ) ;
#708 = DIRECTION ( 'NONE',  ( -1.000000000000000000, -0.0000000000000000000, -0.0000000000000000000 ) ) ;
#709 = DIRECTION ( 'NONE',  ( 0.0000000000000000000, 1.000000000000000000, 0.0000000000000000000 ) ) ;
#710 = CARTESIAN_POINT ( 'NONE',  ( -5.999999999999408500, 31.94999999559991400, -11.50000000000403900 ) ) ;
#711 = CARTESIAN_POINT ( 'NONE',  ( -36.79999999999999000, 36.60999999559994900, -4.046615916591203000E-012 ) ) ;
#712 = SURFACE_STYLE_USAGE ( .BOTH. , #2441 ) ;
#713 = VERTEX_POINT ( 'NONE', #2952 ) ;
#714 = STYLED_ITEM ( 'NONE', ( #1910 ), #782 ) ;
#715 = LINE ( 'NONE', #3867, #3546 ) ;
#716 = ORIENTED_EDGE ( 'NONE', *, *, #2322, .F. ) ;
#717 = UNCERTAINTY_MEASURE_WITH_UNIT (LENGTH_MEASURE( 1.000000000000000100E-005 ), #4676, 'distance_accuracy_value', 'NONE');
#718 = EDGE_CURVE ( 'NONE', #4588, #1815, #341, .T. ) ;
#719 = FILL_AREA_STYLE_COLOUR ( '', #3160 ) ;
#720 = STYLED_ITEM ( 'NONE', ( #3796 ), #1798 ) ;
#721 = ORIENTED_EDGE ( 'NONE', *, *, #556, .T. ) ;
#722 = UNCERTAINTY_MEASURE_WITH_UNIT (LENGTH_MEASURE( 1.000000000000000100E-005 ), #4248, 'distance_accuracy_value', 'NONE');
#723 = VERTEX_POINT ( 'NONE', #2973 ) ;
#724 = SURFACE_SIDE_STYLE ('',( #4236 ) ) ;
#725 = CARTESIAN_POINT ( 'NONE',  ( -0.6470537028910733300, -15.05000000000000400, 30.09999999999999100 ) ) ;
#726 = ORIENTED_EDGE ( 'NONE', *, *, #1156, .T. ) ;
#727 = PRESENTATION_LAYER_ASSIGNMENT (  '', '', ( #475 ) ) ;
#728 = SURFACE_SIDE_STYLE ('',( #4097 ) ) ;
#729 = LINE ( 'NONE', #3319, #2693 ) ;
#730 = EDGE_CURVE ( 'NONE', #1292, #4552, #1318, .T. ) ;
#731 = CARTESIAN_POINT ( 'NONE',  ( -32.89999999999999900, 32.17499814571515800, -5.017157288034941800 ) ) ;
#732 = DIRECTION ( 'NONE',  ( -1.000000000000000000, 0.0000000000000000000, -2.891205793294679300E-016 ) ) ;
#733 =( LENGTH_UNIT ( ) NAMED_UNIT ( * ) SI_UNIT ( .MILLI., .METRE. ) );
#734 = PRESENTATION_STYLE_ASSIGNMENT (( #1921 ) ) ;
#735 =( LENGTH_UNIT ( ) NAMED_UNIT ( * ) SI_UNIT ( .MILLI., .METRE. ) );
#736 =( NAMED_UNIT ( * ) PLANE_ANGLE_UNIT ( ) SI_UNIT ( $, .RADIAN. ) );
#737 = MECHANICAL_DESIGN_GEOMETRIC_PRESENTATION_REPRESENTATION (  '', ( #265 ), #974 ) ;
#738 = CARTESIAN_POINT ( 'NONE',  ( -2.700000000000008200, 0.0000000000000000000, 11.60000000000000000 ) ) ;
#739 = CARTESIAN_POINT ( 'NONE',  ( -36.35529142705999600, 33.10084069260994300, -4.046615916591203000E-012 ) ) ;
#740 = DIRECTION ( 'NONE',  ( 0.0000000000000000000, 0.0000000000000000000, 1.000000000000000000 ) ) ;
#741 = ADVANCED_FACE ( 'NONE', ( #3291 ), #4452, .F. ) ;
#742 = UNCERTAINTY_MEASURE_WITH_UNIT (LENGTH_MEASURE( 1.000000000000000100E-005 ), #1655, 'distance_accuracy_value', 'NONE');
#743 = EDGE_CURVE ( 'NONE', #235, #1951, #842, .T. ) ;
#744 = STYLED_ITEM ( 'NONE', ( #4470 ), #1437 ) ;
#745 = SURFACE_STYLE_FILL_AREA ( #682 ) ;
#746 = DIRECTION ( 'NONE',  ( -0.7071067811865454600, 0.0000000000000000000, 0.7071067811865495700 ) ) ;
#747 =( LENGTH_UNIT ( ) NAMED_UNIT ( * ) SI_UNIT ( .MILLI., .METRE. ) );
#748 = PRESENTATION_STYLE_ASSIGNMENT (( #4528 ) ) ;
#749 = EDGE_CURVE ( 'NONE', #327, #2505, #4586, .T. ) ;
#750 = ORIENTED_EDGE ( 'NONE', *, *, #4165, .T. ) ;
#751 = AXIS2_PLACEMENT_3D ( 'NONE', #2801, #4672, #2445 ) ;
#752 = ADVANCED_FACE ( 'NONE', ( #2703 ), #3073, .T. ) ;
#753 = DIRECTION ( 'NONE',  ( 0.0000000000000000000, 1.000000000000000000, 0.0000000000000000000 ) ) ;
#754 = COLOUR_RGB ( '',0.0000000000000000000, 0.0000000000000000000, 0.0000000000000000000 ) ;
#755 = FILL_AREA_STYLE_COLOUR ( '', #4413 ) ;
#756 = OPEN_SHELL ( 'NONE', ( #972, #2950, #1072, #2399, #4713 ) ) ;
#757 = SURFACE_STYLE_FILL_AREA ( #1368 ) ;
#758 = STYLED_ITEM ( 'NONE', ( #4355 ), #3599 ) ;
#759 = EDGE_LOOP ( 'NONE', ( #4412, #4601, #1626, #2252 ) ) ;
#760 = DIRECTION ( 'NONE',  ( 0.0000000000000000000, 0.0000000000000000000, 1.000000000000000000 ) ) ;
#761 = ORIENTED_EDGE ( 'NONE', *, *, #2840, .T. ) ;
#762 = LINE ( 'NONE', #1810, #4597 ) ;
#763 = FILL_AREA_STYLE_COLOUR ( '', #613 ) ;
#764 = ADVANCED_FACE ( 'NONE', ( #514 ), #3087, .F. ) ;
#765 = ORIENTED_EDGE ( 'NONE', *, *, #2516, .T. ) ;
#766 = CIRCLE ( 'NONE', #41, 0.6000000000059500000 ) ;
#767 = DIRECTION ( 'NONE',  ( -1.000000000000000000, 0.0000000000000000000, -0.0000000000000000000 ) ) ;
#768 = EDGE_CURVE ( 'NONE', #1459, #713, #2027, .T. ) ;
#769 = ORIENTED_EDGE ( 'NONE', *, *, #1632, .T. ) ;
#770 = CARTESIAN_POINT ( 'NONE',  ( -5.999987642317669200, 31.94999999550595500, 11.49999999999595700 ) ) ;
#771 = ORIENTED_EDGE ( 'NONE', *, *, #3315, .F. ) ;
#772 = DIRECTION ( 'NONE',  ( 0.2588190450999234300, 0.9659258262897642000, 0.0000000000000000000 ) ) ;
#773 = AXIS2_PLACEMENT_3D ( 'NONE', #368, #3427, #2669 ) ;
#774 = EDGE_LOOP ( 'NONE', ( #3921, #1929, #2447, #3438 ) ) ;
#775 = VECTOR ( 'NONE', #413, 1000.000000000000000 ) ;
#776 = DIRECTION ( 'NONE',  ( -1.000000000000000000, -0.0000000000000000000, -0.0000000000000000000 ) ) ;
#777 = CARTESIAN_POINT ( 'NONE',  ( -5.999999999999408500, 31.94999999559991400, -11.50000000000403900 ) ) ;
#778 = VERTEX_POINT ( 'NONE', #4666 ) ;
#779 = VECTOR ( 'NONE', #3157, 1000.000000000000000 ) ;
#780 = EDGE_CURVE ( 'NONE', #4285, #1211, #73, .T. ) ;
#781 = AXIS2_PLACEMENT_3D ( 'NONE', #4381, #2175, #4751 ) ;
#782 = ADVANCED_FACE ( 'NONE', ( #3973, #1029 ), #3646, .F. ) ;
#783 = ORIENTED_EDGE ( 'NONE', *, *, #1998, .T. ) ;
#784 = CARTESIAN_POINT ( 'NONE',  ( -16.22999999999999300, 32.28651032634994800, 11.49999999999595500 ) ) ;
#785 = LINE ( 'NONE', #2084, #4623 ) ;
#786 = DIRECTION ( 'NONE',  ( -1.000000000000000000, 0.0000000000000000000, 0.0000000000000000000 ) ) ;
#787 =( GEOMETRIC_REPRESENTATION_CONTEXT ( 3 ) GLOBAL_UNCERTAINTY_ASSIGNED_CONTEXT ( ( #258 ) ) GLOBAL_UNIT_ASSIGNED_CONTEXT ( ( #3376, #1165, #3738 ) ) REPRESENTATION_CONTEXT ( 'NONE', 'WORKASPACE' ) );
#788 = SURFACE_STYLE_USAGE ( .BOTH. , #3014 ) ;
#789 = COLOUR_RGB ( '',0.0000000000000000000, 0.0000000000000000000, 0.0000000000000000000 ) ;
#790 = AXIS2_PLACEMENT_3D ( 'NONE', #2532, #690, #2925 ) ;
#791 =( NAMED_UNIT ( * ) SI_UNIT ( $, .STERADIAN. ) SOLID_ANGLE_UNIT ( ) );
#792 = CARTESIAN_POINT ( 'NONE',  ( -32.89999999999999900, 29.14999999559993800, 4.299999999995954200 ) ) ;
#793 = CARTESIAN_POINT ( 'NONE',  ( -29.52499999999999500, 33.77060601645994400, -5.100000000004046200 ) ) ;
#794 = CARTESIAN_POINT ( 'NONE',  ( -36.79999999999999700, 35.30999999559995200, 4.899999999995343600 ) ) ;
#795 = DIRECTION ( 'NONE',  ( -1.000000000000000000, -0.0000000000000000000, -0.0000000000000000000 ) ) ;
#796 = DIRECTION ( 'NONE',  ( -1.000000000000000000, 0.0000000000000000000, 0.0000000000000000000 ) ) ;
#797 = UNCERTAINTY_MEASURE_WITH_UNIT (LENGTH_MEASURE( 1.000000000000000100E-005 ), #4516, 'distance_accuracy_value', 'NONE');
#798 = PRESENTATION_LAYER_ASSIGNMENT (  '', '', ( #552 ) ) ;
#799 = DIRECTION ( 'NONE',  ( 1.000000000000000000, 0.0000000000000000000, 0.0000000000000000000 ) ) ;
#800 = PRESENTATION_STYLE_ASSIGNMENT (( #450 ) ) ;
#801 = VECTOR ( 'NONE', #2036, 1000.000000000000000 ) ;
#802 = EDGE_CURVE ( 'NONE', #307, #2919, #2536, .T. ) ;
#803 = DIRECTION ( 'NONE',  ( -0.0000000000000000000, -1.000000000000000000, -0.0000000000000000000 ) ) ;
#804 = MECHANICAL_DESIGN_GEOMETRIC_PRESENTATION_REPRESENTATION (  '', ( #325 ), #1057 ) ;
#805 = FILL_AREA_STYLE ('',( #2640 ) ) ;
#806 = ORIENTED_EDGE ( 'NONE', *, *, #244, .F. ) ;
#807 = MECHANICAL_DESIGN_GEOMETRIC_PRESENTATION_REPRESENTATION (  '', ( #331 ), #1068 ) ;
#808 = CARTESIAN_POINT ( 'NONE',  ( -5.999999999999998200, 25.00000000000000000, -9.764999999999998800 ) ) ;
#809 = CARTESIAN_POINT ( 'NONE',  ( -6.000000001858997400, 33.44999999559993900, -4.046615916591203000E-012 ) ) ;
#810 = ORIENTED_EDGE ( 'NONE', *, *, #4277, .F. ) ;
#811 = FACE_OUTER_BOUND ( 'NONE', #1538, .T. ) ;
#812 = DIRECTION ( 'NONE',  ( 1.000000000000000000, -0.0000000000000000000, -0.0000000000000000000 ) ) ;
#813 = FILL_AREA_STYLE ('',( #2659 ) ) ;
#814 = ORIENTED_EDGE ( 'NONE', *, *, #2668, .T. ) ;
#815 = EDGE_LOOP ( 'NONE', ( #51, #929, #4174, #976 ) ) ;
#816 = AXIS2_PLACEMENT_3D ( 'NONE', #4274, #2077, #4657 ) ;
#817 = ORIENTED_EDGE ( 'NONE', *, *, #32, .F. ) ;
#818 = CARTESIAN_POINT ( 'NONE',  ( -36.79999999999997600, 36.14015151461652700, -5.017157287529342600 ) ) ;
#819 = FACE_OUTER_BOUND ( 'NONE', #4494, .T. ) ;
#820 = UNCERTAINTY_MEASURE_WITH_UNIT (LENGTH_MEASURE( 1.000000000000000100E-005 ), #1026, 'distance_accuracy_value', 'NONE');
#821 = ORIENTED_EDGE ( 'NONE', *, *, #1144, .T. ) ;
#822 =( GEOMETRIC_REPRESENTATION_CONTEXT ( 3 ) GLOBAL_UNCERTAINTY_ASSIGNED_CONTEXT ( ( #3529 ) ) GLOBAL_UNIT_ASSIGNED_CONTEXT ( ( #56, #2522, #4439 ) ) REPRESENTATION_CONTEXT ( 'NONE', 'WORKASPACE' ) );
#823 = COLOUR_RGB ( '',0.0000000000000000000, 0.0000000000000000000, 0.0000000000000000000 ) ;
#824 = CARTESIAN_POINT ( 'NONE',  ( -50.00000000000000000, 0.0000000000000000000, -17.10000000000000100 ) ) ;
#825 = ORIENTED_EDGE ( 'NONE', *, *, #4374, .F. ) ;
#826 = CARTESIAN_POINT ( 'NONE',  ( -16.00000000000000000, -4.400059018208271400E-009, -4.046615916591203000E-012 ) ) ;
#827 = DIRECTION ( 'NONE',  ( -0.0000000000000000000, -0.0000000000000000000, -1.000000000000000000 ) ) ;
#828 = ORIENTED_EDGE ( 'NONE', *, *, #874, .T. ) ;
#829 = ORIENTED_EDGE ( 'NONE', *, *, #23, .T. ) ;
#830 = SURFACE_SIDE_STYLE ('',( #4659 ) ) ;
#831 = EDGE_CURVE ( 'NONE', #1815, #3774, #3516, .T. ) ;
#832 = PRESENTATION_LAYER_ASSIGNMENT (  '', '', ( #595 ) ) ;
#833 =( NAMED_UNIT ( * ) PLANE_ANGLE_UNIT ( ) SI_UNIT ( $, .RADIAN. ) );
#834 = DIRECTION ( 'NONE',  ( -1.000000000000000000, -0.0000000000000000000, -0.0000000000000000000 ) ) ;
#835 = DIRECTION ( 'NONE',  ( 1.000000000000000000, 0.0000000000000000000, 0.0000000000000000000 ) ) ;
#836 = CARTESIAN_POINT ( 'NONE',  ( -13.32943615514387000, 17.33732245780472800, -6.460158851999859800 ) ) ;
#837 = AXIS2_PLACEMENT_3D ( 'NONE', #1306, #2049, #3883 ) ;
#838 = FACE_BOUND ( 'NONE', #2000, .T. ) ;
#839 = SURFACE_SIDE_STYLE ('',( #486 ) ) ;
#840 =( GEOMETRIC_REPRESENTATION_CONTEXT ( 3 ) GLOBAL_UNCERTAINTY_ASSIGNED_CONTEXT ( ( #3234 ) ) GLOBAL_UNIT_ASSIGNED_CONTEXT ( ( #3859, #1661, #4228 ) ) REPRESENTATION_CONTEXT ( 'NONE', 'WORKASPACE' ) );
#841 = EDGE_CURVE ( 'NONE', #543, #4402, #1559, .T. ) ;
#842 = LINE ( 'NONE', #1293, #2821 ) ;
#843 = CARTESIAN_POINT ( 'NONE',  ( -46.50000000000000000, 2.081899558550499900E-015, -16.99999999999999600 ) ) ;
#844 = CARTESIAN_POINT ( 'NONE',  ( -0.05597972128391171000, -16.78820544843812700, -2.055962206585790300E-015 ) ) ;
#845 = CARTESIAN_POINT ( 'NONE',  ( -15.66199999999999500, 24.15199999559993300, 8.599999999995953100 ) ) ;
#846 = FACE_OUTER_BOUND ( 'NONE', #36, .T. ) ;
#847 = CARTESIAN_POINT ( 'NONE',  ( -1.517883041479706200E-015, 16.30043030335876300, 32.60086060671753200 ) ) ;
#848 =( LENGTH_UNIT ( ) NAMED_UNIT ( * ) SI_UNIT ( .MILLI., .METRE. ) );
#849 = CIRCLE ( 'NONE', #3462, 16.75000000000000000 ) ;
#850 = CARTESIAN_POINT ( 'NONE',  ( -10.99999999982249900, 31.94999999559993500, -11.50000000000403900 ) ) ;
#851 = STYLED_ITEM ( 'NONE', ( #3344 ), #938 ) ;
#852 = CARTESIAN_POINT ( 'NONE',  ( -15.68484856943329000, 18.45779815627876600, 1.290552537847736500 ) ) ;
#853 = CIRCLE ( 'NONE', #2884, 9.549999999999995400 ) ;
#854 = ORIENTED_EDGE ( 'NONE', *, *, #1656, .T. ) ;
#855 = EDGE_LOOP ( 'NONE', ( #1589, #2854, #4214, #1936 ) ) ;
#856 = PLANE ( 'NONE',  #245 ) ;
#857 = EDGE_CURVE ( 'NONE', #3337, #4716, #564, .T. ) ;
#858 = CARTESIAN_POINT ( 'NONE',  ( -2.999999999999995600, -4.400059581860646800E-009, -4.046615916591203000E-012 ) ) ;
#859 = CARTESIAN_POINT ( 'NONE',  ( -3.460593462510489300, 15.43088640626647900, 11.08581987156549100 ) ) ;
#860 = ORIENTED_EDGE ( 'NONE', *, *, #3475, .F. ) ;
#861 = PRESENTATION_LAYER_ASSIGNMENT (  '', '', ( #624 ) ) ;
#862 = DIRECTION ( 'NONE',  ( 1.000000000000000000, 0.0000000000000000000, 0.0000000000000000000 ) ) ;
#863 = DIRECTION ( 'NONE',  ( 0.0000000000000000000, 0.0000000000000000000, 1.000000000000000000 ) ) ;
#864 = ORIENTED_EDGE ( 'NONE', *, *, #4591, .T. ) ;
#865 = VECTOR ( 'NONE', #101, 1000.000000000000000 ) ;
#866 = VECTOR ( 'NONE', #1431, 1000.000000000000000 ) ;
#867 = DIRECTION ( 'NONE',  ( 0.0000000000000000000, 0.0000000000000000000, 1.000000000000000000 ) ) ;
#868 = STYLED_ITEM ( 'NONE', ( #1831 ), #3009 ) ;
#869 = CARTESIAN_POINT ( 'NONE',  ( -4.499999999999997300, 15.12448345785203000, -11.50000000000404700 ) ) ;
#870 = CARTESIAN_POINT ( 'NONE',  ( 0.0000000000000000000, 0.0000000000000000000, 0.0000000000000000000 ) ) ;
#871 = ORIENTED_EDGE ( 'NONE', *, *, #1243, .T. ) ;
#872 = CARTESIAN_POINT ( 'NONE',  ( -11.97579285787521100, 16.80349374814589000, 7.749047653991015100 ) ) ;
#873 = ORIENTED_EDGE ( 'NONE', *, *, #2226, .F. ) ;
#874 = EDGE_CURVE ( 'NONE', #3145, #1042, #1442, .T. ) ;
#875 = EDGE_LOOP ( 'NONE', ( #828, #761, #2211, #2961 ) ) ;
#876 = AXIS2_PLACEMENT_3D ( 'NONE', #1762, #4348, #2141 ) ;
#877 = UNCERTAINTY_MEASURE_WITH_UNIT (LENGTH_MEASURE( 1.000000000000000100E-005 ), #589, 'distance_accuracy_value', 'NONE');
#878 = ORIENTED_EDGE ( 'NONE', *, *, #4207, .F. ) ;
#879 = VECTOR ( 'NONE', #1890, 1000.000000000000000 ) ;
#880 = SURFACE_STYLE_USAGE ( .BOTH. , #3474 ) ;
#881 = FILL_AREA_STYLE ('',( #2394 ) ) ;
#882 = SURFACE_SIDE_STYLE ('',( #2255 ) ) ;
#883 = PRESENTATION_LAYER_ASSIGNMENT (  '', '', ( #647 ) ) ;
#884 = SURFACE_STYLE_USAGE ( .BOTH. , #2698 ) ;
#885 = ORIENTED_EDGE ( 'NONE', *, *, #1979, .F. ) ;
#886 = UNCERTAINTY_MEASURE_WITH_UNIT (LENGTH_MEASURE( 1.000000000000000100E-005 ), #4001, 'distance_accuracy_value', 'NONE');
#887 = DIRECTION ( 'NONE',  ( -1.000000000000000000, -0.0000000000000000000, -0.0000000000000000000 ) ) ;
#888 = FILL_AREA_STYLE_COLOUR ( '', #453 ) ;
#889 = PRESENTATION_STYLE_ASSIGNMENT (( #1564 ) ) ;
#890 = EDGE_CURVE ( 'NONE', #1432, #3429, #4263, .T. ) ;
#891 = FILL_AREA_STYLE_COLOUR ( '', #1500 ) ;
#892 = VECTOR ( 'NONE', #2131, 1000.000000000000000 ) ;
#893 = FILL_AREA_STYLE ('',( #3100 ) ) ;
#894 = PLANE ( 'NONE',  #4154 ) ;
#895 = CYLINDRICAL_SURFACE ( 'NONE', #1427, 1.499999999999999600 ) ;
#896 = DIRECTION ( 'NONE',  ( 0.0000000000000000000, 0.0000000000000000000, -1.000000000000000000 ) ) ;
#897 = EDGE_CURVE ( 'NONE', #3834, #3267, #3284, .T. ) ;
#898 = CARTESIAN_POINT ( 'NONE',  ( -0.6470537028910733300, 15.05000000000000100, 0.0000000000000000000 ) ) ;
#899 =( NAMED_UNIT ( * ) SI_UNIT ( $, .STERADIAN. ) SOLID_ANGLE_UNIT ( ) );
#900 = FILL_AREA_STYLE ('',( #1259 ) ) ;
#901 = CIRCLE ( 'NONE', #4665, 3.300000000000000700 ) ;
#902 = FILL_AREA_STYLE ('',( #2022 ) ) ;
#903 = CARTESIAN_POINT ( 'NONE',  ( -3.033552091334195600, 15.92482366938588900, -10.36546319326287400 ) ) ;
#904 = PRESENTATION_STYLE_ASSIGNMENT (( #378 ) ) ;
#905 = SURFACE_STYLE_USAGE ( .BOTH. , #3126 ) ;
#906 = AXIS2_PLACEMENT_3D ( 'NONE', #2998, #3343, #772 ) ;
#907 = DIRECTION ( 'NONE',  ( 0.0000000000000000000, -1.000000000000000000, 0.0000000000000000000 ) ) ;
#908 = PRESENTATION_STYLE_ASSIGNMENT (( #3163 ) ) ;
#909 = DIRECTION ( 'NONE',  ( -1.000000000000000000, 0.0000000000000000000, 0.0000000000000000000 ) ) ;
#910 = CYLINDRICAL_SURFACE ( 'NONE', #3621, 0.1999999999999987900 ) ;
#911 = AXIS2_PLACEMENT_3D ( 'NONE', #1409, #3211, #254 ) ;
#912 = LINE ( 'NONE', #3858, #801 ) ;
#913 =( NAMED_UNIT ( * ) PLANE_ANGLE_UNIT ( ) SI_UNIT ( $, .RADIAN. ) );
#914 = PLANE ( 'NONE',  #3202 ) ;
#915 = PRESENTATION_STYLE_ASSIGNMENT (( #1085 ) ) ;
#916 = ADVANCED_FACE ( 'NONE', ( #3396 ), #2726, .F. ) ;
#917 = VERTEX_POINT ( 'NONE', #2525 ) ;
#918 = CARTESIAN_POINT ( 'NONE',  ( -3.971303411204936100, 15.19435754319699000, -11.40764928518600700 ) ) ;
#919 = PRESENTATION_LAYER_ASSIGNMENT (  '', '', ( #1180 ) ) ;
#920 =( LENGTH_UNIT ( ) NAMED_UNIT ( * ) SI_UNIT ( .MILLI., .METRE. ) );
#921 = ORIENTED_EDGE ( 'NONE', *, *, #653, .F. ) ;
#922 = EDGE_CURVE ( 'NONE', #86, #2436, #9, .T. ) ;
#923 =( NAMED_UNIT ( * ) SI_UNIT ( $, .STERADIAN. ) SOLID_ANGLE_UNIT ( ) );
#924 = AXIS2_PLACEMENT_3D ( 'NONE', #1492, #1134, #2617 ) ;
#925 = VERTEX_POINT ( 'NONE', #4364 ) ;
#926 = ADVANCED_FACE ( 'NONE', ( #959, #838 ), #1113, .F. ) ;
#927 = CARTESIAN_POINT ( 'NONE',  ( -4.063212019597403700, 1.843093432716766700E-015, -15.05000000000000100 ) ) ;
#928 = ORIENTED_EDGE ( 'NONE', *, *, #2149, .T. ) ;
#929 = ORIENTED_EDGE ( 'NONE', *, *, #2449, .F. ) ;
#930 = AXIS2_PLACEMENT_3D ( 'NONE', #858, #3457, #1241 ) ;
#931 = DIRECTION ( 'NONE',  ( 6.904199434387734200E-012, 2.574329638349597200E-011, 1.000000000000000000 ) ) ;
#932 = CONICAL_SURFACE ( 'NONE', #3912, 11.60000000000000000, 0.7853981633974511700 ) ;
#933 =( NAMED_UNIT ( * ) PLANE_ANGLE_UNIT ( ) SI_UNIT ( $, .RADIAN. ) );
#934 = ORIENTED_EDGE ( 'NONE', *, *, #2600, .T. ) ;
#935 = VECTOR ( 'NONE', #3753, 1000.000000000000000 ) ;
#936 = SURFACE_STYLE_FILL_AREA ( #1864 ) ;
#937 = ORIENTED_EDGE ( 'NONE', *, *, #2819, .F. ) ;
#938 = ADVANCED_FACE ( 'NONE', ( #4326, #509 ), #2080, .F. ) ;
#939 = UNCERTAINTY_MEASURE_WITH_UNIT (LENGTH_MEASURE( 1.000000000000000100E-005 ), #1896, 'distance_accuracy_value', 'NONE');
#940 =( LENGTH_UNIT ( ) NAMED_UNIT ( * ) SI_UNIT ( .MILLI., .METRE. ) );
#941 = VERTEX_POINT ( 'NONE', #1521 ) ;
#942 = SURFACE_STYLE_FILL_AREA ( #282 ) ;
#943 = SURFACE_SIDE_STYLE ('',( #2678 ) ) ;
#944 = CARTESIAN_POINT ( 'NONE',  ( -4.242640687088512100, 33.44999999587088300, 9.999999999995951700 ) ) ;
#945 =( LENGTH_UNIT ( ) NAMED_UNIT ( * ) SI_UNIT ( .MILLI., .METRE. ) );
#946 = ORIENTED_EDGE ( 'NONE', *, *, #743, .T. ) ;
#947 = PRODUCT_DEFINITION_CONTEXT ( 'detailed design', #1366, 'design' ) ;
#948 = DIRECTION ( 'NONE',  ( 1.000000000000000000, 0.0000000000000000000, 0.0000000000000000000 ) ) ;
#949 = FILL_AREA_STYLE ('',( #2429 ) ) ;
#950 = CARTESIAN_POINT ( 'NONE',  ( -6.000000000346209300, 31.94999999559982800, -11.50000000000402900 ) ) ;
#951 =( NAMED_UNIT ( * ) SI_UNIT ( $, .STERADIAN. ) SOLID_ANGLE_UNIT ( ) );
#952 = COLOUR_RGB ( '',0.1098039215686274500, 0.1098039215686274500, 0.1098039215686274500 ) ;
#953 = EDGE_CURVE ( 'NONE', #3268, #3654, #3002, .T. ) ;
#954 = VECTOR ( 'NONE', #4271, 1000.000000000000200 ) ;
#955 = CARTESIAN_POINT ( 'NONE',  ( 0.0000000000000000000, 14.09108146703900200, -9.863134540568648100 ) ) ;
#956 = VECTOR ( 'NONE', #3368, 1000.000000000000000 ) ;
#957 = CARTESIAN_POINT ( 'NONE',  ( -36.59999999999999400, 36.60999999559509600, 3.599999999995954000 ) ) ;
#958 = SURFACE_SIDE_STYLE ('',( #3620 ) ) ;
#959 = FACE_OUTER_BOUND ( 'NONE', #4113, .T. ) ;
#960 = CARTESIAN_POINT ( 'NONE',  ( -22.44999999999999900, 32.17499814511995000, -4.050000000004046400 ) ) ;
#961 = MECHANICAL_DESIGN_GEOMETRIC_PRESENTATION_REPRESENTATION (  '', ( #475 ), #1213 ) ;
#962 = CARTESIAN_POINT ( 'NONE',  ( -2.700000000000008200, 0.0000000000000000000, 0.0000000000000000000 ) ) ;
#963 = FILL_AREA_STYLE ('',( #2088 ) ) ;
#964 = SURFACE_STYLE_USAGE ( .BOTH. , #4254 ) ;
#965 = EDGE_CURVE ( 'NONE', #1571, #1951, #3970, .T. ) ;
#966 =( NAMED_UNIT ( * ) SI_UNIT ( $, .STERADIAN. ) SOLID_ANGLE_UNIT ( ) );
#967 = CARTESIAN_POINT ( 'NONE',  ( -13.11759780008502900, 15.62901024787389700, -6.692682630198485900 ) ) ;
#968 = VECTOR ( 'NONE', #2646, 1000.000000000000000 ) ;
#969 = DIRECTION ( 'NONE',  ( 0.0000000000000000000, -1.000000000000000000, 0.0000000000000000000 ) ) ;
#970 = CARTESIAN_POINT ( 'NONE',  ( 0.0000000000000000000, 0.0000000000000000000, 0.0000000000000000000 ) ) ;
#971 = ORIENTED_EDGE ( 'NONE', *, *, #3074, .T. ) ;
#972 = ADVANCED_FACE ( 'NONE', ( #1154 ), #4526, .T. ) ;
#973 = DIRECTION ( 'NONE',  ( 0.0000000000000000000, -1.000000000000000000, -2.471980953266879400E-013 ) ) ;
#974 =( GEOMETRIC_REPRESENTATION_CONTEXT ( 3 ) GLOBAL_UNCERTAINTY_ASSIGNED_CONTEXT ( ( #4335 ) ) GLOBAL_UNIT_ASSIGNED_CONTEXT ( ( #4415, #3667, #2559 ) ) REPRESENTATION_CONTEXT ( 'NONE', 'WORKASPACE' ) );
#975 = DIRECTION ( 'NONE',  ( -0.0000000000000000000, 0.0000000000000000000, -1.000000000000000000 ) ) ;
#976 = ORIENTED_EDGE ( 'NONE', *, *, #4087, .T. ) ;
#977 = DIRECTION ( 'NONE',  ( 0.0000000000000000000, 1.000000000000000000, 0.0000000000000000000 ) ) ;
#978 = APPLICATION_PROTOCOL_DEFINITION ( 'draft international standard', 'automotive_design', 1998, #3205 ) ;
#979 = EDGE_CURVE ( 'NONE', #2988, #1339, #681, .T. ) ;
#980 = DIRECTION ( 'NONE',  ( 0.0000000000000000000, 0.0000000000000000000, 1.000000000000000000 ) ) ;
#981 = ORIENTED_EDGE ( 'NONE', *, *, #3660, .F. ) ;
#982 = AXIS2_PLACEMENT_3D ( 'NONE', #3878, #705, #985 ) ;
#983 = FACE_OUTER_BOUND ( 'NONE', #3085, .T. ) ;
#984 = VECTOR ( 'NONE', #4390, 1000.000000000000000 ) ;
#985 = DIRECTION ( 'NONE',  ( 0.0000000000000000000, -1.000000000000000000, 0.0000000000000000000 ) ) ;
#986 = CARTESIAN_POINT ( 'NONE',  ( 0.0000000000000000000, 0.0000000000000000000, 0.0000000000000000000 ) ) ;
#987 = CARTESIAN_POINT ( 'NONE',  ( -6.809999999999996900, 15.76490173023220200, -9.870555875809051500 ) ) ;
#988 = ORIENTED_EDGE ( 'NONE', *, *, #2018, .F. ) ;
#989 =( LENGTH_UNIT ( ) NAMED_UNIT ( * ) SI_UNIT ( .MILLI., .METRE. ) );
#990 = EDGE_CURVE ( 'NONE', #2009, #1700, #1664, .T. ) ;
#991 = FILL_AREA_STYLE ('',( #3928 ) ) ;
#992 = AXIS2_PLACEMENT_3D ( 'NONE', #2104, #4686, #2463 ) ;
#993 = VECTOR ( 'NONE', #948, 1000.000000000000000 ) ;
#994 = EDGE_LOOP ( 'NONE', ( #806, #269, #2238, #2442 ) ) ;
#995 = EDGE_LOOP ( 'NONE', ( #4156, #2216, #1882, #3940 ) ) ;
#996 = ORIENTED_EDGE ( 'NONE', *, *, #1966, .F. ) ;
#997 = DIRECTION ( 'NONE',  ( 0.0000000000000000000, 0.0000000000000000000, -1.000000000000000000 ) ) ;
#998 = COLOUR_RGB ( '',0.0000000000000000000, 0.0000000000000000000, 0.0000000000000000000 ) ;
#999 =( NAMED_UNIT ( * ) PLANE_ANGLE_UNIT ( ) SI_UNIT ( $, .RADIAN. ) );
#1000 = CARTESIAN_POINT ( 'NONE',  ( -22.16299999999999700, 34.98999999559993800, -2.552177622196047000 ) ) ;
#1001 = PRESENTATION_STYLE_ASSIGNMENT (( #2291 ) ) ;
#1002 = ORIENTED_EDGE ( 'NONE', *, *, #2580, .T. ) ;
#1003 = ORIENTED_EDGE ( 'NONE', *, *, #505, .F. ) ;
#1004 = PRESENTATION_LAYER_ASSIGNMENT (  '', '', ( #758 ) ) ;
#1005 = DIRECTION ( 'NONE',  ( 0.0000000000000000000, 1.000000000000000000, 0.0000000000000000000 ) ) ;
#1006 = CARTESIAN_POINT ( 'NONE',  ( -36.56897383281533100, 33.24386180761986500, 5.099999999995475300 ) ) ;
#1007 = CARTESIAN_POINT ( 'NONE',  ( -8.574635287490140800, 14.13790566520012600, 9.441598024397812600 ) ) ;
#1008 = ORIENTED_EDGE ( 'NONE', *, *, #1932, .T. ) ;
#1009 = PRODUCT_DEFINITION ( 'UNKNOWN', '', #1256, #947 ) ;
#1010 = DIRECTION ( 'NONE',  ( -1.000000000000000000, -0.0000000000000000000, -0.0000000000000000000 ) ) ;
#1011 = EDGE_CURVE ( 'NONE', #4652, #1711, #3510, .T. ) ;
#1012 = CARTESIAN_POINT ( 'NONE',  ( -36.79999999999999000, 34.98999999559993800, 2.649999999995952500 ) ) ;
#1013 = LINE ( 'NONE', #2652, #2868 ) ;
#1014 = COLOUR_RGB ( '',0.0000000000000000000, 0.0000000000000000000, 0.0000000000000000000 ) ;
#1015 = ADVANCED_FACE ( 'NONE', ( #1557 ), #2079, .T. ) ;
#1016 = CARTESIAN_POINT ( 'NONE',  ( -3.000000000000110100, 16.04030869986605600, 10.18608822105978400 ) ) ;
#1017 = AXIS2_PLACEMENT_3D ( 'NONE', #1187, #2841, #3648 ) ;
#1018 = CARTESIAN_POINT ( 'NONE',  ( -0.3040217494064013100, 15.11695286001025300, 0.0000000000000000000 ) ) ;
#1019 = LINE ( 'NONE', #4550, #1904 ) ;
#1020 =( NAMED_UNIT ( * ) SI_UNIT ( $, .STERADIAN. ) SOLID_ANGLE_UNIT ( ) );
#1021 = CARTESIAN_POINT ( 'NONE',  ( -32.89999999999999900, 26.69999999559993500, -7.600000000004046200 ) ) ;
#1022 = CARTESIAN_POINT ( 'NONE',  ( -0.05597972128391171000, 16.78820544843811600, -33.57641089687623300 ) ) ;
#1023 = COLOUR_RGB ( '',0.0000000000000000000, 0.0000000000000000000, 0.0000000000000000000 ) ;
#1024 = EDGE_CURVE ( 'NONE', #2500, #4610, #3055, .T. ) ;
#1025 = AXIS2_PLACEMENT_3D ( 'NONE', #2891, #677, #3261 ) ;
#1026 =( LENGTH_UNIT ( ) NAMED_UNIT ( * ) SI_UNIT ( .MILLI., .METRE. ) );
#1027 = CIRCLE ( 'NONE', #1536, 4.300000000000001600 ) ;
#1028 = CARTESIAN_POINT ( 'NONE',  ( -0.3000000000000016500, 0.0000000000000000000, 0.0000000000000000000 ) ) ;
#1029 = FACE_OUTER_BOUND ( 'NONE', #3588, .T. ) ;
#1030 = CARTESIAN_POINT ( 'NONE',  ( -36.79999999999860400, 35.30999999559993100, 5.017157287517915300 ) ) ;
#1031 = FACE_OUTER_BOUND ( 'NONE', #3414, .T. ) ;
#1032 = AXIS2_PLACEMENT_3D ( 'NONE', #1561, #4130, #1935 ) ;
#1033 = UNCERTAINTY_MEASURE_WITH_UNIT (LENGTH_MEASURE( 1.000000000000000100E-005 ), #544, 'distance_accuracy_value', 'NONE');
#1034 = PRESENTATION_STYLE_ASSIGNMENT (( #2876 ) ) ;
#1035 = DIRECTION ( 'NONE',  ( 0.0000000000000000000, 0.0000000000000000000, 1.000000000000000000 ) ) ;
#1036 = FILL_AREA_STYLE ('',( #654 ) ) ;
#1037 =( LENGTH_UNIT ( ) NAMED_UNIT ( * ) SI_UNIT ( .MILLI., .METRE. ) );
#1038 = CARTESIAN_POINT ( 'NONE',  ( 0.0000000000000000000, 18.50000000000000000, 0.0000000000000000000 ) ) ;
#1039 = PRESENTATION_LAYER_ASSIGNMENT (  '', '', ( #312 ) ) ;
#1040 = CARTESIAN_POINT ( 'NONE',  ( -9.501283647699967400, 14.34659337599418400, -9.121195570891581300 ) ) ;
#1041 = COLOUR_RGB ( '',0.7764705882352941300, 0.7568627450980391900, 0.7372549019607843600 ) ;
#1042 = VERTEX_POINT ( 'NONE', #3207 ) ;
#1043 =( NAMED_UNIT ( * ) PLANE_ANGLE_UNIT ( ) SI_UNIT ( $, .RADIAN. ) );
#1044 = COLOUR_RGB ( '',0.0000000000000000000, 0.0000000000000000000, 0.0000000000000000000 ) ;
#1045 = CARTESIAN_POINT ( 'NONE',  ( -22.44999999999999900, 34.98999999559993800, -4.050000000004046400 ) ) ;
#1046 = DIRECTION ( 'NONE',  ( -0.0000000000000000000, 0.0000000000000000000, -1.000000000000000000 ) ) ;
#1047 = VERTEX_POINT ( 'NONE', #11 ) ;
#1048 = DIRECTION ( 'NONE',  ( 0.0000000000000000000, 0.0000000000000000000, 1.000000000000000000 ) ) ;
#1049 = SURFACE_STYLE_FILL_AREA ( #3418 ) ;
#1050 = MECHANICAL_DESIGN_GEOMETRIC_PRESENTATION_REPRESENTATION (  '', ( #552 ), #1297 ) ;
#1051 = FILL_AREA_STYLE_COLOUR ( '', #4205 ) ;
#1052 = SURFACE_SIDE_STYLE ('',( #1568 ) ) ;
#1053 = ORIENTED_EDGE ( 'NONE', *, *, #802, .F. ) ;
#1054 = COLOUR_RGB ( '',0.0000000000000000000, 0.0000000000000000000, 0.0000000000000000000 ) ;
#1055 = EDGE_CURVE ( 'NONE', #2914, #3337, #237, .T. ) ;
#1056 = CARTESIAN_POINT ( 'NONE',  ( -36.79999999972187700, 33.68039618838541600, -5.017157287808188000 ) ) ;
#1057 =( GEOMETRIC_REPRESENTATION_CONTEXT ( 3 ) GLOBAL_UNCERTAINTY_ASSIGNED_CONTEXT ( ( #683 ) ) GLOBAL_UNIT_ASSIGNED_CONTEXT ( ( #4598, #3826, #2675 ) ) REPRESENTATION_CONTEXT ( 'NONE', 'WORKASPACE' ) );
#1058 = CARTESIAN_POINT ( 'NONE',  ( -36.79999999999999000, 35.80999999559994500, -4.046615916591203000E-012 ) ) ;
#1059 = ORIENTED_EDGE ( 'NONE', *, *, #3506, .T. ) ;
#1060 = SURFACE_STYLE_FILL_AREA ( #3133 ) ;
#1061 = CIRCLE ( 'NONE', #4675, 9.549999999999995400 ) ;
#1062 = ORIENTED_EDGE ( 'NONE', *, *, #2622, .F. ) ;
#1063 = DIRECTION ( 'NONE',  ( -1.000000000000000000, -0.0000000000000000000, -0.0000000000000000000 ) ) ;
#1064 = DIRECTION ( 'NONE',  ( -0.0000000000000000000, -0.0000000000000000000, -1.000000000000000000 ) ) ;
#1065 = ORIENTED_EDGE ( 'NONE', *, *, #3285, .T. ) ;
#1066 = ADVANCED_FACE ( 'NONE', ( #1086, #1199 ), #3192, .F. ) ;
#1067 = SURFACE_SIDE_STYLE ('',( #1638 ) ) ;
#1068 =( GEOMETRIC_REPRESENTATION_CONTEXT ( 3 ) GLOBAL_UNCERTAINTY_ASSIGNED_CONTEXT ( ( #2311 ) ) GLOBAL_UNIT_ASSIGNED_CONTEXT ( ( #4132, #1939, #4524 ) ) REPRESENTATION_CONTEXT ( 'NONE', 'WORKASPACE' ) );
#1069 = DIRECTION ( 'NONE',  ( 0.0000000000000000000, 0.0000000000000000000, -1.000000000000000000 ) ) ;
#1070 = FACE_OUTER_BOUND ( 'NONE', #2558, .T. ) ;
#1071 = ORIENTED_EDGE ( 'NONE', *, *, #3113, .T. ) ;
#1072 = ADVANCED_FACE ( 'NONE', ( #1723 ), #1715, .F. ) ;
#1073 = UNCERTAINTY_MEASURE_WITH_UNIT (LENGTH_MEASURE( 1.000000000000000100E-005 ), #1885, 'distance_accuracy_value', 'NONE');
#1074 = STYLED_ITEM ( 'NONE', ( #3416 ), #3977 ) ;
#1075 = ORIENTED_EDGE ( 'NONE', *, *, #2838, .T. ) ;
#1076 = VECTOR ( 'NONE', #1986, 1000.000000000000000 ) ;
#1077 = CARTESIAN_POINT ( 'NONE',  ( -32.89999999999999900, 32.17499814509994100, -4.046615916591203000E-012 ) ) ;
#1078 = FILL_AREA_STYLE ('',( #1401 ) ) ;
#1079 = FACE_OUTER_BOUND ( 'NONE', #2606, .T. ) ;
#1080 = CARTESIAN_POINT ( 'NONE',  ( -36.79999999999999000, 33.68039618824993700, -4.046615916591203000E-012 ) ) ;
#1081 = VECTOR ( 'NONE', #1925, 1000.000000000000000 ) ;
#1082 = CARTESIAN_POINT ( 'NONE',  ( -8.673617379884035500E-016, -15.94956969303915900, 31.89913938607830000 ) ) ;
#1083 = STYLED_ITEM ( 'NONE', ( #2608 ), #306 ) ;
#1084 = CARTESIAN_POINT ( 'NONE',  ( -1.500000000000001300, 0.0000000000000000000, 0.0000000000000000000 ) ) ;
#1085 = SURFACE_STYLE_USAGE ( .BOTH. , #2578 ) ;
#1086 = FACE_OUTER_BOUND ( 'NONE', #3197, .T. ) ;
#1087 = CARTESIAN_POINT ( 'NONE',  ( -0.6470537028910733300, 17.19999999639791700, 0.0000000000000000000 ) ) ;
#1088 = AXIS2_PLACEMENT_3D ( 'NONE', #986, #4453, #2586 ) ;
#1089 = SURFACE_STYLE_FILL_AREA ( #1542 ) ;
#1090 = DIRECTION ( 'NONE',  ( -1.000000000000000000, 0.0000000000000000000, 0.0000000000000000000 ) ) ;
#1091 = CARTESIAN_POINT ( 'NONE',  ( -36.60000000000000900, 35.30999999559993800, 3.599999999995953500 ) ) ;
#1092 = LINE ( 'NONE', #1730, #3060 ) ;
#1093 = EDGE_CURVE ( 'NONE', #423, #778, #2879, .T. ) ;
#1094 = MECHANICAL_DESIGN_GEOMETRIC_PRESENTATION_REPRESENTATION (  '', ( #595 ), #1338 ) ;
#1095 =( LENGTH_UNIT ( ) NAMED_UNIT ( * ) SI_UNIT ( .MILLI., .METRE. ) );
#1096 = FILL_AREA_STYLE_COLOUR ( '', #4140 ) ;
#1097 = CARTESIAN_POINT ( 'NONE',  ( -0.6470537028910733300, 15.04999999999999400, 30.09999999999999800 ) ) ;
#1098 = DIRECTION ( 'NONE',  ( 0.0000000000000000000, 1.000000000000000000, -1.224646799147353200E-016 ) ) ;
#1099 = CARTESIAN_POINT ( 'NONE',  ( -16.00000000000000000, 20.94999999559993500, -4.300000000004049000 ) ) ;
#1100 = UNCERTAINTY_MEASURE_WITH_UNIT (LENGTH_MEASURE( 1.000000000000000100E-005 ), #2241, 'distance_accuracy_value', 'NONE');
#1101 = MECHANICAL_DESIGN_GEOMETRIC_PRESENTATION_REPRESENTATION (  '', ( #602 ), #1345 ) ;
#1102 = ORIENTED_EDGE ( 'NONE', *, *, #1903, .T. ) ;
#1103 = COLOUR_RGB ( '',0.0000000000000000000, 0.0000000000000000000, 0.0000000000000000000 ) ;
#1104 = ORIENTED_EDGE ( 'NONE', *, *, #2393, .F. ) ;
#1105 = ADVANCED_FACE ( 'NONE', ( #1376 ), #895, .T. ) ;
#1106 =( NAMED_UNIT ( * ) SI_UNIT ( $, .STERADIAN. ) SOLID_ANGLE_UNIT ( ) );
#1107 = EDGE_CURVE ( 'NONE', #1452, #4366, #66, .T. ) ;
#1108 = CARTESIAN_POINT ( 'NONE',  ( -22.44999999999999900, 32.07717576730995300, -4.212000000004046300 ) ) ;
#1109 = DIRECTION ( 'NONE',  ( 1.000000000000000000, -4.565061778886334800E-017, 0.0000000000000000000 ) ) ;
#1110 = ORIENTED_EDGE ( 'NONE', *, *, #3683, .F. ) ;
#1111 = CIRCLE ( 'NONE', #425, 11.89999999999999300 ) ;
#1112 = DIRECTION ( 'NONE',  ( -1.000000000000000000, 0.0000000000000000000, 0.0000000000000000000 ) ) ;
#1113 = PLANE ( 'NONE',  #1117 ) ;
#1114 = CARTESIAN_POINT ( 'NONE',  ( -16.00000000000000000, 15.12448345785335100, 11.49999999999695900 ) ) ;
#1115 = DIRECTION ( 'NONE',  ( 1.000000000000000000, 0.0000000000000000000, 0.0000000000000000000 ) ) ;
#1116 = VERTEX_POINT ( 'NONE', #4272 ) ;
#1117 = AXIS2_PLACEMENT_3D ( 'NONE', #1150, #767, #3721 ) ;
#1118 = VECTOR ( 'NONE', #4350, 1000.000000000000000 ) ;
#1119 = ORIENTED_EDGE ( 'NONE', *, *, #1093, .F. ) ;
#1120 = ADVANCED_FACE ( 'NONE', ( #4732 ), #2407, .T. ) ;
#1121 = CARTESIAN_POINT ( 'NONE',  ( -32.89999999999999100, 29.14999999559993400, -4.300000000004046400 ) ) ;
#1122 = ORIENTED_EDGE ( 'NONE', *, *, #279, .T. ) ;
#1123 = ORIENTED_EDGE ( 'NONE', *, *, #1766, .T. ) ;
#1124 = LINE ( 'NONE', #3086, #2001 ) ;
#1125 = EDGE_CURVE ( 'NONE', #2797, #1232, #4380, .T. ) ;
#1126 = CARTESIAN_POINT ( 'NONE',  ( -32.89999999999999100, 24.24999999559993900, -8.600000000004048000 ) ) ;
#1127 = MECHANICAL_DESIGN_GEOMETRIC_PRESENTATION_REPRESENTATION (  '', ( #624 ), #1374 ) ;
#1128 =( LENGTH_UNIT ( ) NAMED_UNIT ( * ) SI_UNIT ( .MILLI., .METRE. ) );
#1129 = FACE_OUTER_BOUND ( 'NONE', #144, .T. ) ;
#1130 = ORIENTED_EDGE ( 'NONE', *, *, #922, .F. ) ;
#1131 = ORIENTED_EDGE ( 'NONE', *, *, #2869, .F. ) ;
#1132 = SURFACE_SIDE_STYLE ('',( #4270 ) ) ;
#1133 = CARTESIAN_POINT ( 'NONE',  ( -22.44999999999999200, 35.80999999559994500, -2.650000000004046500 ) ) ;
#1134 = DIRECTION ( 'NONE',  ( -1.000000000000000000, -0.0000000000000000000, -0.0000000000000000000 ) ) ;
#1135 = DIRECTION ( 'NONE',  ( 0.0000000000000000000, -1.000000000000000000, 3.313312026148125800E-013 ) ) ;
#1136 = EDGE_LOOP ( 'NONE', ( #1699, #700, #2677, #3969 ) ) ;
#1137 = AXIS2_PLACEMENT_3D ( 'NONE', #267, #4667, #2826 ) ;
#1138 = FACE_OUTER_BOUND ( 'NONE', #2227, .T. ) ;
#1139 = FILL_AREA_STYLE ('',( #398 ) ) ;
#1140 = ADVANCED_FACE ( 'NONE', ( #1428 ), #3903, .T. ) ;
#1141 = CYLINDRICAL_SURFACE ( 'NONE', #95, 9.500000000000000000 ) ;
#1142 = CARTESIAN_POINT ( 'NONE',  ( -14.22499999999999400, 33.44999999559993900, -10.00000000000404700 ) ) ;
#1143 = UNCERTAINTY_MEASURE_WITH_UNIT (LENGTH_MEASURE( 1.000000000000000100E-005 ), #2458, 'distance_accuracy_value', 'NONE');
#1144 = EDGE_CURVE ( 'NONE', #4054, #3717, #3049, .T. ) ;
#1145 = AXIS2_PLACEMENT_3D ( 'NONE', #2231, #1375, #2861 ) ;
#1146 = SURFACE_SIDE_STYLE ('',( #1550 ) ) ;
#1147 = CARTESIAN_POINT ( 'NONE',  ( -50.00000000000000000, 0.0000000000000000000, 0.0000000000000000000 ) ) ;
#1148 = DIRECTION ( 'NONE',  ( 0.0000000000000000000, -1.000000000000000000, 0.0000000000000000000 ) ) ;
#1149 = CIRCLE ( 'NONE', #1246, 9.550000000000002500 ) ;
#1150 = CARTESIAN_POINT ( 'NONE',  ( -3.000000000000002700, 16.75000000000000000, 0.0000000000000000000 ) ) ;
#1151 = LINE ( 'NONE', #4152, #2020 ) ;
#1152 = DIRECTION ( 'NONE',  ( -1.000000000000000000, -0.0000000000000000000, -0.0000000000000000000 ) ) ;
#1153 = MECHANICAL_DESIGN_GEOMETRIC_PRESENTATION_REPRESENTATION (  '', ( #647 ), #1392 ) ;
#1154 = FACE_OUTER_BOUND ( 'NONE', #633, .T. ) ;
#1155 = CIRCLE ( 'NONE', #2273, 1.399999999999998600 ) ;
#1156 = EDGE_CURVE ( 'NONE', #4654, #713, #2078, .T. ) ;
#1157 = EDGE_CURVE ( 'NONE', #314, #4072, #121, .T. ) ;
#1158 = FACE_OUTER_BOUND ( 'NONE', #2318, .T. ) ;
#1159 = DIRECTION ( 'NONE',  ( 0.0000000000000000000, -1.000000000000000000, 0.0000000000000000000 ) ) ;
#1160 = FILL_AREA_STYLE_COLOUR ( '', #348 ) ;
#1161 = FILL_AREA_STYLE_COLOUR ( '', #6 ) ;
#1162 = ORIENTED_EDGE ( 'NONE', *, *, #1024, .F. ) ;
#1163 = CIRCLE ( 'NONE', #911, 0.6000000000059470000 ) ;
#1164 = AXIS2_PLACEMENT_3D ( 'NONE', #1556, #4126, #1931 ) ;
#1165 =( NAMED_UNIT ( * ) PLANE_ANGLE_UNIT ( ) SI_UNIT ( $, .RADIAN. ) );
#1166 = ORIENTED_EDGE ( 'NONE', *, *, #4098, .T. ) ;
#1167 = VECTOR ( 'NONE', #4056, 1000.000000000000000 ) ;
#1168 = DIRECTION ( 'NONE',  ( 0.0000000000000000000, -1.000000000000000000, -1.839858232096613000E-015 ) ) ;
#1169 = EDGE_LOOP ( 'NONE', ( #4006, #1162, #2139, #3579 ) ) ;
#1170 = LINE ( 'NONE', #2202, #93 ) ;
#1171 = DIRECTION ( 'NONE',  ( 1.000000000000000000, 0.0000000000000000000, 0.0000000000000000000 ) ) ;
#1172 = AXIS2_PLACEMENT_3D ( 'NONE', #4701, #2153, #2787 ) ;
#1173 = CARTESIAN_POINT ( 'NONE',  ( -16.00000000000000000, 19.94999999559994200, -4.046615916591203000E-012 ) ) ;
#1174 = SURFACE_SIDE_STYLE ('',( #1325 ) ) ;
#1175 = CARTESIAN_POINT ( 'NONE',  ( 0.0000000000000000000, 0.0000000000000000000, 0.0000000000000000000 ) ) ;
#1176 = ORIENTED_EDGE ( 'NONE', *, *, #152, .T. ) ;
#1177 = LINE ( 'NONE', #3116, #4003 ) ;
#1178 = CARTESIAN_POINT ( 'NONE',  ( -2.999999999999995600, 15.88905489588534800, 9.669432991423958500 ) ) ;
#1179 = ORIENTED_EDGE ( 'NONE', *, *, #2357, .F. ) ;
#1180 = STYLED_ITEM ( 'NONE', ( #3733 ), #1120 ) ;
#1181 = ORIENTED_EDGE ( 'NONE', *, *, #2819, .T. ) ;
#1182 = ORIENTED_EDGE ( 'NONE', *, *, #749, .T. ) ;
#1183 = ADVANCED_FACE ( 'NONE', ( #3784 ), #4493, .F. ) ;
#1184 = ORIENTED_EDGE ( 'NONE', *, *, #4332, .T. ) ;
#1185 = EDGE_CURVE ( 'NONE', #2684, #333, #2467, .T. ) ;
#1186 = FILL_AREA_STYLE ('',( #4498 ) ) ;
#1187 = CARTESIAN_POINT ( 'NONE',  ( -32.82750444235119100, 32.36262825509333400, -4.900000000004046900 ) ) ;
#1188 = UNCERTAINTY_MEASURE_WITH_UNIT (LENGTH_MEASURE( 1.000000000000000100E-005 ), #151, 'distance_accuracy_value', 'NONE');
#1189 = CARTESIAN_POINT ( 'NONE',  ( -0.05597972128391171000, -16.78820544843812700, 33.57641089687623300 ) ) ;
#1190 = SURFACE_STYLE_FILL_AREA ( #156 ) ;
#1191 = DIRECTION ( 'NONE',  ( 1.000000000000000000, 0.0000000000000000000, -2.891205793294679300E-016 ) ) ;
#1192 = DIRECTION ( 'NONE',  ( 1.000000000000000000, -0.0000000000000000000, -0.0000000000000000000 ) ) ;
#1193 = FACE_OUTER_BOUND ( 'NONE', #2282, .T. ) ;
#1194 = SURFACE_STYLE_USAGE ( .BOTH. , #3400 ) ;
#1195 = SHELL_BASED_SURFACE_MODEL ( 'NONE', ( #2955, #504, #756, #319, #4241, #43 ) );
#1196 = AXIS2_PLACEMENT_3D ( 'NONE', #2325, #2695, #1982 ) ;
#1197 = CIRCLE ( 'NONE', #189, 0.4999999999973706000 ) ;
#1198 = DIRECTION ( 'NONE',  ( -0.2588190451041449400, -0.9659258262886332200, 0.0000000000000000000 ) ) ;
#1199 = FACE_BOUND ( 'NONE', #4108, .T. ) ;
#1200 = CARTESIAN_POINT ( 'NONE',  ( -36.79999999999998300, 36.72715728312531500, -3.600000000003975100 ) ) ;
#1201 =( NAMED_UNIT ( * ) PLANE_ANGLE_UNIT ( ) SI_UNIT ( $, .RADIAN. ) );
#1202 = CARTESIAN_POINT ( 'NONE',  ( -32.89999999999999100, 19.94999999559994200, -4.300000000004046400 ) ) ;
#1203 = DIRECTION ( 'NONE',  ( 0.0000000000000000000, 1.000000000000000000, 1.776356839400262300E-015 ) ) ;
#1204 = COLOUR_RGB ( '',0.0000000000000000000, 0.0000000000000000000, 0.0000000000000000000 ) ;
#1205 = EDGE_CURVE ( 'NONE', #2067, #4054, #1490, .T. ) ;
#1206 =( LENGTH_UNIT ( ) NAMED_UNIT ( * ) SI_UNIT ( .MILLI., .METRE. ) );
#1207 = CARTESIAN_POINT ( 'NONE',  ( -29.62500000000000000, 32.17499814511995000, -4.050000000004046400 ) ) ;
#1208 = PRESENTATION_STYLE_ASSIGNMENT (( #2774 ) ) ;
#1209 = CARTESIAN_POINT ( 'NONE',  ( -16.00000000000000000, 24.24999999559993900, 4.299999999995954200 ) ) ;
#1210 = ORIENTED_EDGE ( 'NONE', *, *, #1381, .T. ) ;
#1211 = VERTEX_POINT ( 'NONE', #343 ) ;
#1212 = DIRECTION ( 'NONE',  ( 1.000000000000000000, -2.628368902995161500E-016, 4.144993854139194100E-031 ) ) ;
#1213 =( GEOMETRIC_REPRESENTATION_CONTEXT ( 3 ) GLOBAL_UNCERTAINTY_ASSIGNED_CONTEXT ( ( #1456 ) ) GLOBAL_UNIT_ASSIGNED_CONTEXT ( ( #3855, #1657, #4224 ) ) REPRESENTATION_CONTEXT ( 'NONE', 'WORKASPACE' ) );
#1214 = ORIENTED_EDGE ( 'NONE', *, *, #4556, .F. ) ;
#1215 = VECTOR ( 'NONE', #2446, 1000.000000000000000 ) ;
#1216 = CARTESIAN_POINT ( 'NONE',  ( -13.92107523975344200, 17.59583840113029800, -5.719422955518856700 ) ) ;
#1217 = VERTEX_POINT ( 'NONE', #1965 ) ;
#1218 = LINE ( 'NONE', #4092, #263 ) ;
#1219 = EDGE_CURVE ( 'NONE', #2009, #2988, #500, .T. ) ;
#1220 = PRESENTATION_LAYER_ASSIGNMENT (  '', '', ( #485 ) ) ;
#1221 =( LENGTH_UNIT ( ) NAMED_UNIT ( * ) SI_UNIT ( .MILLI., .METRE. ) );
#1222 = EDGE_LOOP ( 'NONE', ( #2039, #3135, #1351, #4549, #3713, #420, #1689, #864, #3600, #1933, #590, #4758, #2834, #750, #3929, #981, #2579, #1978 ) ) ;
#1223 = VECTOR ( 'NONE', #1677, 1000.000000000000000 ) ;
#1224 = CARTESIAN_POINT ( 'NONE',  ( -32.89999999999999900, 32.26076323253681700, -5.099999999999218000 ) ) ;
#1225 = ORIENTED_EDGE ( 'NONE', *, *, #1749, .F. ) ;
#1226 = ORIENTED_EDGE ( 'NONE', *, *, #2869, .T. ) ;
#1227 =( NAMED_UNIT ( * ) SI_UNIT ( $, .STERADIAN. ) SOLID_ANGLE_UNIT ( ) );
#1228 =( NAMED_UNIT ( * ) SI_UNIT ( $, .STERADIAN. ) SOLID_ANGLE_UNIT ( ) );
#1229 = ORIENTED_EDGE ( 'NONE', *, *, #2966, .F. ) ;
#1230 = CARTESIAN_POINT ( 'NONE',  ( -36.60000000000000100, 34.49519809185994700, 5.099999999995953100 ) ) ;
#1231 = CARTESIAN_POINT ( 'NONE',  ( -15.50901476409336000, 18.36608750818349400, 2.244596178972425400 ) ) ;
#1232 = VERTEX_POINT ( 'NONE', #643 ) ;
#1233 = COLOUR_RGB ( '',0.7764705882352941300, 0.7568627450980391900, 0.7372549019607843600 ) ;
#1234 = CARTESIAN_POINT ( 'NONE',  ( -36.79999999999999000, 35.14519809199494200, -4.900000000004046000 ) ) ;
#1235 = EDGE_CURVE ( 'NONE', #2852, #3712, #4318, .T. ) ;
#1236 = MECHANICAL_DESIGN_GEOMETRIC_PRESENTATION_REPRESENTATION (  '', ( #744 ), #1498 ) ;
#1237 = CARTESIAN_POINT ( 'NONE',  ( -8.673617379884035500E-016, 15.94956969303915400, 0.0000000000000000000 ) ) ;
#1238 = DIRECTION ( 'NONE',  ( 0.0000000000000000000, 0.0000000000000000000, -1.000000000000000000 ) ) ;
#1239 = ORIENTED_EDGE ( 'NONE', *, *, #623, .T. ) ;
#1240 = FACE_OUTER_BOUND ( 'NONE', #2628, .T. ) ;
#1241 = DIRECTION ( 'NONE',  ( 0.0000000000000000000, -1.000000000000000000, 0.0000000000000000000 ) ) ;
#1242 = UNCERTAINTY_MEASURE_WITH_UNIT (LENGTH_MEASURE( 1.000000000000000100E-005 ), #1317, 'distance_accuracy_value', 'NONE');
#1243 = EDGE_CURVE ( 'NONE', #4437, #656, #3335, .T. ) ;
#1244 =( NAMED_UNIT ( * ) PLANE_ANGLE_UNIT ( ) SI_UNIT ( $, .RADIAN. ) );
#1245 = DIRECTION ( 'NONE',  ( -1.000000000000000000, 0.0000000000000000000, 0.0000000000000000000 ) ) ;
#1246 = AXIS2_PLACEMENT_3D ( 'NONE', #619, #3206, #980 ) ;
#1247 = SURFACE_STYLE_FILL_AREA ( #4669 ) ;
#1248 = CARTESIAN_POINT ( 'NONE',  ( -36.59931384375028100, 33.58843565587854100, 5.099999999995953100 ) ) ;
#1249 = CARTESIAN_POINT ( 'NONE',  ( -2.999999999999995600, 16.35549037725101200, 9.669432991423986900 ) ) ;
#1250 = CARTESIAN_POINT ( 'NONE',  ( -46.50000000000000000, 0.0000000000000000000, 0.0000000000000000000 ) ) ;
#1251 = CARTESIAN_POINT ( 'NONE',  ( -10.36870144079990300, 16.29904604273099300, 8.756135107396005400 ) ) ;
#1252 = MECHANICAL_DESIGN_GEOMETRIC_PRESENTATION_REPRESENTATION (  '', ( #758 ), #1513 ) ;
#1253 = VECTOR ( 'NONE', #3747, 1000.000000000000000 ) ;
#1254 = DIRECTION ( 'NONE',  ( -1.000000000000000000, -0.0000000000000000000, -0.0000000000000000000 ) ) ;
#1255 = DIRECTION ( 'NONE',  ( 0.0000000000000000000, -0.0000000000000000000, 1.000000000000000000 ) ) ;
#1256 = PRODUCT_DEFINITION_FORMATION_WITH_SPECIFIED_SOURCE ( 'ANY', '', #4408, .NOT_KNOWN. ) ;
#1257 = EDGE_CURVE ( 'NONE', #1354, #4761, #3447, .T. ) ;
#1258 =( LENGTH_UNIT ( ) NAMED_UNIT ( * ) SI_UNIT ( .MILLI., .METRE. ) );
#1259 = FILL_AREA_STYLE_COLOUR ( '', #2583 ) ;
#1260 =( NAMED_UNIT ( * ) SI_UNIT ( $, .STERADIAN. ) SOLID_ANGLE_UNIT ( ) );
#1261 = CARTESIAN_POINT ( 'NONE',  ( -0.3040217494064032000, -17.13304713638766300, -2.098193133521788000E-015 ) ) ;
#1262 = PLANE ( 'NONE',  #1607 ) ;
#1263 = PRESENTATION_STYLE_ASSIGNMENT (( #4331 ) ) ;
#1264 = CARTESIAN_POINT ( 'NONE',  ( -5.999999999999998200, 31.94999999559994200, 9.999999999995953500 ) ) ;
#1265 = STYLED_ITEM ( 'NONE', ( #3906 ), #1066 ) ;
#1266 = SURFACE_STYLE_FILL_AREA ( #1660 ) ;
#1267 = EDGE_LOOP ( 'NONE', ( #2105, #1539, #817, #3250 ) ) ;
#1268 = FACE_OUTER_BOUND ( 'NONE', #3670, .T. ) ;
#1269 = DIRECTION ( 'NONE',  ( -1.000000000000000000, 0.0000000000000000000, 0.0000000000000000000 ) ) ;
#1270 = FILL_AREA_STYLE ('',( #891 ) ) ;
#1271 = SURFACE_STYLE_USAGE ( .BOTH. , #3490 ) ;
#1272 = EDGE_CURVE ( 'NONE', #3544, #4535, #4190, .T. ) ;
#1273 = SURFACE_SIDE_STYLE ('',( #4489 ) ) ;
#1274 = ORIENTED_EDGE ( 'NONE', *, *, #4059, .T. ) ;
#1275 = AXIS2_PLACEMENT_3D ( 'NONE', #4397, #2192, #4765 ) ;
#1276 = SURFACE_STYLE_USAGE ( .BOTH. , #3498 ) ;
#1277 = ORIENTED_EDGE ( 'NONE', *, *, #2585, .F. ) ;
#1278 = UNCERTAINTY_MEASURE_WITH_UNIT (LENGTH_MEASURE( 1.000000000000000100E-005 ), #4499, 'distance_accuracy_value', 'NONE');
#1279 = ORIENTED_EDGE ( 'NONE', *, *, #890, .T. ) ;
#1280 = LINE ( 'NONE', #1858, #1167 ) ;
#1281 = CARTESIAN_POINT ( 'NONE',  ( -32.89999999999999100, 32.38205338120628300, 5.099999999995950400 ) ) ;
#1282 = AXIS2_PLACEMENT_3D ( 'NONE', #3031, #803, #3388 ) ;
#1283 = SURFACE_STYLE_USAGE ( .BOTH. , #3500 ) ;
#1284 = EDGE_LOOP ( 'NONE', ( #1527, #2368, #1631, #1071, #1922, #1937 ) ) ;
#1285 =( NAMED_UNIT ( * ) PLANE_ANGLE_UNIT ( ) SI_UNIT ( $, .RADIAN. ) );
#1286 = ORIENTED_EDGE ( 'NONE', *, *, #3993, .F. ) ;
#1287 = ORIENTED_EDGE ( 'NONE', *, *, #2420, .F. ) ;
#1288 = MECHANICAL_DESIGN_GEOMETRIC_PRESENTATION_REPRESENTATION (  '', ( #312 ), #1546 ) ;
#1289 = DIRECTION ( 'NONE',  ( -1.000000000000000000, 2.628368902995161500E-016, 0.0000000000000000000 ) ) ;
#1290 = DIRECTION ( 'NONE',  ( -0.0000000000000000000, 1.000000000000000000, -0.0000000000000000000 ) ) ;
#1291 = CARTESIAN_POINT ( 'NONE',  ( -3.533212568849402500, 15.38361829923713800, 11.15121653232581900 ) ) ;
#1292 = VERTEX_POINT ( 'NONE', #4372 ) ;
#1293 = CARTESIAN_POINT ( 'NONE',  ( -2.999999999999995600, 15.76490173023220200, -9.870555875809051500 ) ) ;
#1294 = ORIENTED_EDGE ( 'NONE', *, *, #4176, .T. ) ;
#1295 = CIRCLE ( 'NONE', #1282, 0.1999999999999987900 ) ;
#1296 = SURFACE_SIDE_STYLE ('',( #4073 ) ) ;
#1297 =( GEOMETRIC_REPRESENTATION_CONTEXT ( 3 ) GLOBAL_UNCERTAINTY_ASSIGNED_CONTEXT ( ( #628 ) ) GLOBAL_UNIT_ASSIGNED_CONTEXT ( ( #2245, #3340, #110 ) ) REPRESENTATION_CONTEXT ( 'NONE', 'WORKASPACE' ) );
#1298 = ORIENTED_EDGE ( 'NONE', *, *, #1272, .F. ) ;
#1299 = VECTOR ( 'NONE', #2808, 1000.000000000000000 ) ;
#1300 = SURFACE_STYLE_USAGE ( .BOTH. , #3512 ) ;
#1301 = CARTESIAN_POINT ( 'NONE',  ( -4.279979608512262800, 15.13392737426833900, -11.48760540001469000 ) ) ;
#1302 =( NAMED_UNIT ( * ) SI_UNIT ( $, .STERADIAN. ) SOLID_ANGLE_UNIT ( ) );
#1303 = EDGE_CURVE ( 'NONE', #2964, #2509, #1369, .T. ) ;
#1304 = STYLED_ITEM ( 'NONE', ( #2656 ), #1718 ) ;
#1305 = LINE ( 'NONE', #1680, #3273 ) ;
#1306 = CARTESIAN_POINT ( 'NONE',  ( -4.063212019597403700, 0.0000000000000000000, 0.0000000000000000000 ) ) ;
#1307 = FILL_AREA_STYLE_COLOUR ( '', #3728 ) ;
#1308 = STYLED_ITEM ( 'NONE', ( #2521 ), #2835 ) ;
#1309 = DIRECTION ( 'NONE',  ( -0.0000000000000000000, 1.000000000000000000, -0.0000000000000000000 ) ) ;
#1310 = CYLINDRICAL_SURFACE ( 'NONE', #2096, 18.59999999627167000 ) ;
#1311 = SURFACE_SIDE_STYLE ('',( #1466 ) ) ;
#1312 = CARTESIAN_POINT ( 'NONE',  ( -36.79999999999999700, 36.60999999559872700, 3.599999999995954400 ) ) ;
#1313 = CARTESIAN_POINT ( 'NONE',  ( -50.00000000000000000, 2.179871302482289100E-015, 17.10000000000000100 ) ) ;
#1314 = PRESENTATION_LAYER_ASSIGNMENT (  '', '', ( #1074 ) ) ;
#1315 = SURFACE_STYLE_FILL_AREA ( #3819 ) ;
#1316 =( NAMED_UNIT ( * ) SI_UNIT ( $, .STERADIAN. ) SOLID_ANGLE_UNIT ( ) );
#1317 =( LENGTH_UNIT ( ) NAMED_UNIT ( * ) SI_UNIT ( .MILLI., .METRE. ) );
#1318 = LINE ( 'NONE', #1173, #2198 ) ;
#1319 = PLANE ( 'NONE',  #3734 ) ;
#1320 = ADVANCED_FACE ( 'NONE', ( #3099 ), #2361, .T. ) ;
#1321 = CARTESIAN_POINT ( 'NONE',  ( -3.000000000001300300, 30.44999999499618300, 9.999999999995951700 ) ) ;
#1322 = AXIS2_PLACEMENT_3D ( 'NONE', #3265, #1801, #1048 ) ;
#1323 = LINE ( 'NONE', #1504, #3294 ) ;
#1324 =( NAMED_UNIT ( * ) SI_UNIT ( $, .STERADIAN. ) SOLID_ANGLE_UNIT ( ) );
#1325 = SURFACE_STYLE_FILL_AREA ( #3746 ) ;
#1326 = FACE_OUTER_BOUND ( 'NONE', #2844, .T. ) ;
#1327 = ORIENTED_EDGE ( 'NONE', *, *, #3164, .T. ) ;
#1328 = SURFACE_STYLE_USAGE ( .BOTH. , #3548 ) ;
#1329 = STYLED_ITEM ( 'NONE', ( #3216 ), #1320 ) ;
#1330 = SURFACE_STYLE_USAGE ( .BOTH. , #4253 ) ;
#1331 = CARTESIAN_POINT ( 'NONE',  ( -3.621320343280197500, 31.84339827780228300, -11.50000000000395200 ) ) ;
#1332 = CARTESIAN_POINT ( 'NONE',  ( -16.22999999999999300, 14.78797312709994000, -11.50000000000404800 ) ) ;
#1333 = ORIENTED_EDGE ( 'NONE', *, *, #4748, .F. ) ;
#1334 = COLOUR_RGB ( '',0.0000000000000000000, 0.0000000000000000000, 0.0000000000000000000 ) ;
#1335 = DIRECTION ( 'NONE',  ( 1.000000000000000000, -9.396418828329589400E-016, 3.339780724025581100E-015 ) ) ;
#1336 = CARTESIAN_POINT ( 'NONE',  ( 0.0000000000000000000, 14.07072955168146100, 9.892146873127508400 ) ) ;
#1337 = EDGE_CURVE ( 'NONE', #353, #2768, #4730, .T. ) ;
#1338 =( GEOMETRIC_REPRESENTATION_CONTEXT ( 3 ) GLOBAL_UNCERTAINTY_ASSIGNED_CONTEXT ( ( #4746 ) ) GLOBAL_UNIT_ASSIGNED_CONTEXT ( ( #2365, #178, #2733 ) ) REPRESENTATION_CONTEXT ( 'NONE', 'WORKASPACE' ) );
#1339 = VERTEX_POINT ( 'NONE', #1732 ) ;
#1340 = LINE ( 'NONE', #4745, #2846 ) ;
#1341 = CARTESIAN_POINT ( 'NONE',  ( -3.000000000001293600, 30.44999999499619000, 10.87867965643597400 ) ) ;
#1342 = DIRECTION ( 'NONE',  ( -1.000000000000000000, 0.0000000000000000000, 0.0000000000000000000 ) ) ;
#1343 = FILL_AREA_STYLE ('',( #3187 ) ) ;
#1344 = ORIENTED_EDGE ( 'NONE', *, *, #1676, .T. ) ;
#1345 =( GEOMETRIC_REPRESENTATION_CONTEXT ( 3 ) GLOBAL_UNCERTAINTY_ASSIGNED_CONTEXT ( ( #1242 ) ) GLOBAL_UNIT_ASSIGNED_CONTEXT ( ( #1317, #3900, #1698 ) ) REPRESENTATION_CONTEXT ( 'NONE', 'WORKASPACE' ) );
#1346 = SURFACE_STYLE_USAGE ( .BOTH. , #3560 ) ;
#1347 = CIRCLE ( 'NONE', #1859, 0.1999999999999987900 ) ;
#1348 = EDGE_LOOP ( 'NONE', ( #2221, #4184, #495, #3750 ) ) ;
#1349 = DIRECTION ( 'NONE',  ( 1.000000000000000000, 0.0000000000000000000, 0.0000000000000000000 ) ) ;
#1350 = CARTESIAN_POINT ( 'NONE',  ( -16.00000000000000000, -4.400059018208271400E-009, -4.046615916591203000E-012 ) ) ;
#1351 = ORIENTED_EDGE ( 'NONE', *, *, #1860, .F. ) ;
#1352 = CARTESIAN_POINT ( 'NONE',  ( -13.91798484791006100, 16.00986708708232300, -5.723716592915399000 ) ) ;
#1353 =( NAMED_UNIT ( * ) SI_UNIT ( $, .STERADIAN. ) SOLID_ANGLE_UNIT ( ) );
#1354 = VERTEX_POINT ( 'NONE', #2974 ) ;
#1355 = AXIS2_PLACEMENT_3D ( 'NONE', #2057, #4640, #2412 ) ;
#1356 = ORIENTED_EDGE ( 'NONE', *, *, #3442, .T. ) ;
#1357 = EDGE_CURVE ( 'NONE', #3356, #3434, #785, .T. ) ;
#1358 = CIRCLE ( 'NONE', #2132, 17.00000000000000000 ) ;
#1359 = DIRECTION ( 'NONE',  ( 0.0000000000000000000, 0.0000000000000000000, 1.000000000000000000 ) ) ;
#1360 = CARTESIAN_POINT ( 'NONE',  ( -4.500000000000628800, 30.44999999529788000, 11.49999999999595200 ) ) ;
#1361 = CARTESIAN_POINT ( 'NONE',  ( -16.00000000000000000, 29.14999999559993400, -7.600000000004047100 ) ) ;
#1362 = EDGE_LOOP ( 'NONE', ( #1867, #1532, #1640, #283 ) ) ;
#1363 =( NAMED_UNIT ( * ) PLANE_ANGLE_UNIT ( ) SI_UNIT ( $, .RADIAN. ) );
#1364 = DIRECTION ( 'NONE',  ( 0.0000000000000000000, 0.0000000000000000000, -1.000000000000000000 ) ) ;
#1365 = PRESENTATION_LAYER_ASSIGNMENT (  '', '', ( #851 ) ) ;
#1366 = APPLICATION_CONTEXT ( 'automotive_design' ) ;
#1367 = CARTESIAN_POINT ( 'NONE',  ( -22.44999999999999900, 33.44999999559994600, 4.049999999995953300 ) ) ;
#1368 = FILL_AREA_STYLE ('',( #274 ) ) ;
#1369 = LINE ( 'NONE', #1530, #291 ) ;
#1370 = UNCERTAINTY_MEASURE_WITH_UNIT (LENGTH_MEASURE( 1.000000000000000100E-005 ), #96, 'distance_accuracy_value', 'NONE');
#1371 = CARTESIAN_POINT ( 'NONE',  ( -15.50732528497579400, 16.85322551229161900, -2.251907540693173900 ) ) ;
#1372 = EDGE_CURVE ( 'NONE', #3488, #3122, #3730, .T. ) ;
#1373 = DIRECTION ( 'NONE',  ( 0.0000000000000000000, 0.0000000000000000000, 1.000000000000000000 ) ) ;
#1374 =( GEOMETRIC_REPRESENTATION_CONTEXT ( 3 ) GLOBAL_UNCERTAINTY_ASSIGNED_CONTEXT ( ( #717 ) ) GLOBAL_UNIT_ASSIGNED_CONTEXT ( ( #4676, #2452, #259 ) ) REPRESENTATION_CONTEXT ( 'NONE', 'WORKASPACE' ) );
#1375 = DIRECTION ( 'NONE',  ( -1.000000000000000000, -0.0000000000000000000, -0.0000000000000000000 ) ) ;
#1376 = FACE_OUTER_BOUND ( 'NONE', #3467, .T. ) ;
#1377 =( NAMED_UNIT ( * ) SI_UNIT ( $, .STERADIAN. ) SOLID_ANGLE_UNIT ( ) );
#1378 = MECHANICAL_DESIGN_GEOMETRIC_PRESENTATION_REPRESENTATION (  '', ( #868 ), #1624 ) ;
#1379 = ADVANCED_FACE ( 'NONE', ( #1659 ), #598, .T. ) ;
#1380 = SURFACE_SIDE_STYLE ('',( #2016 ) ) ;
#1381 = EDGE_CURVE ( 'NONE', #277, #2372, #1305, .T. ) ;
#1382 = CARTESIAN_POINT ( 'NONE',  ( -36.71715728752503300, 33.68039618834487900, 5.099999999995475300 ) ) ;
#1383 = PRESENTATION_LAYER_ASSIGNMENT (  '', '', ( #638 ) ) ;
#1384 = FACE_OUTER_BOUND ( 'NONE', #2582, .T. ) ;
#1385 = CARTESIAN_POINT ( 'NONE',  ( -9.199333830427161000, 14.26747864944911900, 9.247885403691583400 ) ) ;
#1386 = CARTESIAN_POINT ( 'NONE',  ( -0.6470537028910734500, -17.19999999639791400, -34.39999999279582700 ) ) ;
#1387 = LINE ( 'NONE', #3249, #2364 ) ;
#1388 = CARTESIAN_POINT ( 'NONE',  ( -2.999999999999995600, 15.76490173023220200, -9.870555875809051500 ) ) ;
#1389 = CIRCLE ( 'NONE', #4376, 4.299999999999994500 ) ;
#1390 = DIRECTION ( 'NONE',  ( 1.000000000000000000, 0.0000000000000000000, 0.0000000000000000000 ) ) ;
#1391 = ORIENTED_EDGE ( 'NONE', *, *, #688, .T. ) ;
#1392 =( GEOMETRIC_REPRESENTATION_CONTEXT ( 3 ) GLOBAL_UNCERTAINTY_ASSIGNED_CONTEXT ( ( #1143 ) ) GLOBAL_UNIT_ASSIGNED_CONTEXT ( ( #2458, #1363, #1260 ) ) REPRESENTATION_CONTEXT ( 'NONE', 'WORKASPACE' ) );
#1393 = ORIENTED_EDGE ( 'NONE', *, *, #3468, .T. ) ;
#1394 = FILL_AREA_STYLE ('',( #3458 ) ) ;
#1395 = UNCERTAINTY_MEASURE_WITH_UNIT (LENGTH_MEASURE( 1.000000000000000100E-005 ), #605, 'distance_accuracy_value', 'NONE');
#1396 = EDGE_CURVE ( 'NONE', #2970, #40, #4249, .T. ) ;
#1397 = CARTESIAN_POINT ( 'NONE',  ( 0.0000000000000000000, 0.0000000000000000000, 0.0000000000000000000 ) ) ;
#1398 = ORIENTED_EDGE ( 'NONE', *, *, #3407, .F. ) ;
#1399 = MECHANICAL_DESIGN_GEOMETRIC_PRESENTATION_REPRESENTATION (  '', ( #182 ), #1652 ) ;
#1400 = PRESENTATION_STYLE_ASSIGNMENT (( #905 ) ) ;
#1401 = FILL_AREA_STYLE_COLOUR ( '', #1515 ) ;
#1402 =( NAMED_UNIT ( * ) SI_UNIT ( $, .STERADIAN. ) SOLID_ANGLE_UNIT ( ) );
#1403 = ORIENTED_EDGE ( 'NONE', *, *, #387, .T. ) ;
#1404 = PLANE ( 'NONE',  #1025 ) ;
#1405 = EDGE_CURVE ( 'NONE', #2004, #3138, #332, .T. ) ;
#1406 = DIRECTION ( 'NONE',  ( 0.0000000000000000000, 0.0000000000000000000, 1.000000000000000000 ) ) ;
#1407 = FILL_AREA_STYLE ('',( #2435 ) ) ;
#1408 = PRESENTATION_LAYER_ASSIGNMENT (  '', '', ( #666 ) ) ;
#1409 = CARTESIAN_POINT ( 'NONE',  ( -36.19999999999998900, 33.68039618838994200, 4.899999999995955600 ) ) ;
#1410 =( LENGTH_UNIT ( ) NAMED_UNIT ( * ) SI_UNIT ( .MILLI., .METRE. ) );
#1411 = DIRECTION ( 'NONE',  ( -0.0000000000000000000, -0.0000000000000000000, -1.000000000000000000 ) ) ;
#1412 = ORIENTED_EDGE ( 'NONE', *, *, #2357, .T. ) ;
#1413 = ORIENTED_EDGE ( 'NONE', *, *, #124, .T. ) ;
#1414 = VECTOR ( 'NONE', #834, 1000.000000000000000 ) ;
#1415 = VERTEX_POINT ( 'NONE', #2042 ) ;
#1416 = EDGE_LOOP ( 'NONE', ( #1894, #2432, #1123, #2223 ) ) ;
#1417 = STYLED_ITEM ( 'NONE', ( #3812 ), #3838 ) ;
#1418 = SURFACE_STYLE_USAGE ( .BOTH. , #3626 ) ;
#1419 = COLOUR_RGB ( '',0.0000000000000000000, 0.0000000000000000000, 0.0000000000000000000 ) ;
#1420 =( NAMED_UNIT ( * ) SI_UNIT ( $, .STERADIAN. ) SOLID_ANGLE_UNIT ( ) );
#1421 = CARTESIAN_POINT ( 'NONE',  ( -10.37536250356237300, 14.57643609718972600, -8.752788770376801300 ) ) ;
#1422 = ORIENTED_EDGE ( 'NONE', *, *, #3724, .T. ) ;
#1423 = COLOUR_RGB ( '',0.0000000000000000000, 0.0000000000000000000, 0.0000000000000000000 ) ;
#1424 = PRESENTATION_LAYER_ASSIGNMENT (  '', '', ( #678 ) ) ;
#1425 = PLANE ( 'NONE',  #17 ) ;
#1426 = DIRECTION ( 'NONE',  ( 0.0000000000000000000, 1.000000000000000000, 0.0000000000000000000 ) ) ;
#1427 = AXIS2_PLACEMENT_3D ( 'NONE', #4007, #1906, #4166 ) ;
#1428 = FACE_OUTER_BOUND ( 'NONE', #4425, .T. ) ;
#1429 = ADVANCED_FACE ( 'NONE', ( #1193 ), #521, .F. ) ;
#1430 = CARTESIAN_POINT ( 'NONE',  ( -36.56897383265816600, 33.24386180783085400, -5.100000000004296700 ) ) ;
#1431 = DIRECTION ( 'NONE',  ( 0.0000000000000000000, 0.0000000000000000000, 1.000000000000000000 ) ) ;
#1432 = VERTEX_POINT ( 'NONE', #3575 ) ;
#1433 = CARTESIAN_POINT ( 'NONE',  ( -7.312027928598932500, 13.96308724136065200, -9.698292235374587700 ) ) ;
#1434 = DIRECTION ( 'NONE',  ( -1.000000000000000000, 0.0000000000000000000, 0.0000000000000000000 ) ) ;
#1435 = EDGE_CURVE ( 'NONE', #3774, #2050, #1813, .T. ) ;
#1436 = PRESENTATION_LAYER_ASSIGNMENT (  '', '', ( #689 ) ) ;
#1437 = ADVANCED_FACE ( 'NONE', ( #3471 ), #201, .F. ) ;
#1438 = FILL_AREA_STYLE_COLOUR ( '', #1334 ) ;
#1439 = PRESENTATION_STYLE_ASSIGNMENT (( #4080 ) ) ;
#1440 =( NAMED_UNIT ( * ) SI_UNIT ( $, .STERADIAN. ) SOLID_ANGLE_UNIT ( ) );
#1441 =( LENGTH_UNIT ( ) NAMED_UNIT ( * ) SI_UNIT ( .MILLI., .METRE. ) );
#1442 = CIRCLE ( 'NONE', #2443, 1.500000000000001300 ) ;
#1443 =( NAMED_UNIT ( * ) SI_UNIT ( $, .STERADIAN. ) SOLID_ANGLE_UNIT ( ) );
#1444 = PRESENTATION_STYLE_ASSIGNMENT (( #2092 ) ) ;
#1445 = PRESENTATION_LAYER_ASSIGNMENT (  '', '', ( #697 ) ) ;
#1446 = LINE ( 'NONE', #4594, #2306 ) ;
#1447 = SURFACE_SIDE_STYLE ('',( #3795 ) ) ;
#1448 = VECTOR ( 'NONE', #419, 1000.000000000000000 ) ;
#1449 = CARTESIAN_POINT ( 'NONE',  ( -2.999999999999995600, 14.07072955168146100, 9.892146873127508400 ) ) ;
#1450 = DIRECTION ( 'NONE',  ( 0.0000000000000000000, -1.000000000000000000, 3.313312026148125800E-013 ) ) ;
#1451 = PRESENTATION_LAYER_ASSIGNMENT (  '', '', ( #704 ) ) ;
#1452 = VERTEX_POINT ( 'NONE', #2448 ) ;
#1453 = SURFACE_SIDE_STYLE ('',( #2829 ) ) ;
#1454 = CARTESIAN_POINT ( 'NONE',  ( -2.999999999999995600, 14.09108146703900200, -9.863134540568648100 ) ) ;
#1455 = ORIENTED_EDGE ( 'NONE', *, *, #3835, .F. ) ;
#1456 = UNCERTAINTY_MEASURE_WITH_UNIT (LENGTH_MEASURE( 1.000000000000000100E-005 ), #3855, 'distance_accuracy_value', 'NONE');
#1457 = PRESENTATION_LAYER_ASSIGNMENT (  '', '', ( #714 ) ) ;
#1458 = VERTEX_POINT ( 'NONE', #2815 ) ;
#1459 = VERTEX_POINT ( 'NONE', #1312 ) ;
#1460 = SURFACE_STYLE_USAGE ( .BOTH. , #1447 ) ;
#1461 = EDGE_CURVE ( 'NONE', #310, #4616, #197, .T. ) ;
#1462 = FILL_AREA_STYLE ('',( #719 ) ) ;
#1463 = PRESENTATION_LAYER_ASSIGNMENT (  '', '', ( #720 ) ) ;
#1464 = DIRECTION ( 'NONE',  ( 0.0000000000000000000, 0.0000000000000000000, 1.000000000000000000 ) ) ;
#1465 = ORIENTED_EDGE ( 'NONE', *, *, #4483, .F. ) ;
#1466 = SURFACE_STYLE_FILL_AREA ( #3527 ) ;
#1467 =( NAMED_UNIT ( * ) SI_UNIT ( $, .STERADIAN. ) SOLID_ANGLE_UNIT ( ) );
#1468 = CARTESIAN_POINT ( 'NONE',  ( -32.89999999999999900, 26.86030300602993700, -8.600000000004048000 ) ) ;
#1469 = CARTESIAN_POINT ( 'NONE',  ( -0.6470537028910733300, 15.05000000000000100, 3.686186865433533300E-015 ) ) ;
#1470 = ORIENTED_EDGE ( 'NONE', *, *, #61, .F. ) ;
#1471 = DIRECTION ( 'NONE',  ( 0.0000000000000000000, 0.0000000000000000000, 1.000000000000000000 ) ) ;
#1472 = COLOUR_RGB ( '',0.0000000000000000000, 0.0000000000000000000, 0.0000000000000000000 ) ;
#1473 = SURFACE_SIDE_STYLE ('',( #2051 ) ) ;
#1474 = PRESENTATION_LAYER_ASSIGNMENT (  '', '', ( #1721 ) ) ;
#1475 = SURFACE_STYLE_USAGE ( .BOTH. , #1853 ) ;
#1476 = CYLINDRICAL_SURFACE ( 'NONE', #3517, 19.00000000000000000 ) ;
#1477 = ADVANCED_FACE ( 'NONE', ( #3015 ), #3526, .F. ) ;
#1478 = ORIENTED_EDGE ( 'NONE', *, *, #3624, .T. ) ;
#1479 = LINE ( 'NONE', #2477, #2343 ) ;
#1480 = CARTESIAN_POINT ( 'NONE',  ( -22.44999999999999900, 34.98999999559993800, 2.649999999995952900 ) ) ;
#1481 = EDGE_CURVE ( 'NONE', #3553, #3557, #4523, .T. ) ;
#1482 = MECHANICAL_DESIGN_GEOMETRIC_PRESENTATION_REPRESENTATION (  '', ( #485 ), #1727 ) ;
#1483 = ORIENTED_EDGE ( 'NONE', *, *, #612, .F. ) ;
#1484 = CARTESIAN_POINT ( 'NONE',  ( -22.44999999999999900, 35.80999999559993800, 2.649999999995952500 ) ) ;
#1485 = DIRECTION ( 'NONE',  ( 0.0000000000000000000, -1.000000000000000000, 0.0000000000000000000 ) ) ;
#1486 = CARTESIAN_POINT ( 'NONE',  ( -32.89999999999999100, 19.94999999559994200, -4.046615916591203000E-012 ) ) ;
#1487 = ADVANCED_FACE ( 'NONE', ( #4639 ), #2402, .F. ) ;
#1488 = FILL_AREA_STYLE_COLOUR ( '', #2796 ) ;
#1489 = UNCERTAINTY_MEASURE_WITH_UNIT (LENGTH_MEASURE( 1.000000000000000100E-005 ), #1128, 'distance_accuracy_value', 'NONE');
#1490 = CIRCLE ( 'NONE', #4655, 1.500000000000001300 ) ;
#1491 = FILL_AREA_STYLE_COLOUR ( '', #2206 ) ;
#1492 = CARTESIAN_POINT ( 'NONE',  ( -50.00000000000000000, 0.0000000000000000000, 0.0000000000000000000 ) ) ;
#1493 = AXIS2_PLACEMENT_3D ( 'NONE', #2277, #795, #3023 ) ;
#1494 = CARTESIAN_POINT ( 'NONE',  ( -46.50000000000000000, 2.051283388571816900E-015, -16.75000000000000000 ) ) ;
#1495 = PRESENTATION_STYLE_ASSIGNMENT (( #1328 ) ) ;
#1496 = EDGE_CURVE ( 'NONE', #4766, #2509, #3182, .T. ) ;
#1497 = DIRECTION ( 'NONE',  ( 0.0000000000000000000, 1.000000000000000000, 0.0000000000000000000 ) ) ;
#1498 =( GEOMETRIC_REPRESENTATION_CONTEXT ( 3 ) GLOBAL_UNCERTAINTY_ASSIGNED_CONTEXT ( ( #1033 ) ) GLOBAL_UNIT_ASSIGNED_CONTEXT ( ( #544, #3844, #3112 ) ) REPRESENTATION_CONTEXT ( 'NONE', 'WORKASPACE' ) );
#1499 = UNCERTAINTY_MEASURE_WITH_UNIT (LENGTH_MEASURE( 1.000000000000000100E-005 ), #735, 'distance_accuracy_value', 'NONE');
#1500 = COLOUR_RGB ( '',0.7764705882352941300, 0.7568627450980391900, 0.7372549019607843600 ) ;
#1501 = DIRECTION ( 'NONE',  ( 0.0000000000000000000, -1.000000000000000000, 0.0000000000000000000 ) ) ;
#1502 = ADVANCED_FACE ( 'NONE', ( #1326 ), #4266, .F. ) ;
#1503 = PRESENTATION_STYLE_ASSIGNMENT (( #4365 ) ) ;
#1504 = CARTESIAN_POINT ( 'NONE',  ( -24.44999999999999900, 29.14999999559993400, -8.600000000004048000 ) ) ;
#1505 = DIRECTION ( 'NONE',  ( 0.0000000000000000000, 1.000000000000000000, -5.782411586589378300E-016 ) ) ;
#1506 = EDGE_CURVE ( 'NONE', #2919, #482, #1862, .T. ) ;
#1507 = AXIS2_PLACEMENT_3D ( 'NONE', #2121, #4703, #2480 ) ;
#1508 = CARTESIAN_POINT ( 'NONE',  ( -36.59999999999999400, 33.49212237023238700, -5.100000000004048000 ) ) ;
#1509 = SURFACE_SIDE_STYLE ('',( #562 ) ) ;
#1510 = LINE ( 'NONE', #3132, #4337 ) ;
#1511 =( NAMED_UNIT ( * ) SI_UNIT ( $, .STERADIAN. ) SOLID_ANGLE_UNIT ( ) );
#1512 =( NAMED_UNIT ( * ) PLANE_ANGLE_UNIT ( ) SI_UNIT ( $, .RADIAN. ) );
#1513 =( GEOMETRIC_REPRESENTATION_CONTEXT ( 3 ) GLOBAL_UNCERTAINTY_ASSIGNED_CONTEXT ( ( #2117 ) ) GLOBAL_UNIT_ASSIGNED_CONTEXT ( ( #1441, #4014, #1818 ) ) REPRESENTATION_CONTEXT ( 'NONE', 'WORKASPACE' ) );
#1514 = EDGE_LOOP ( 'NONE', ( #1104, #1760, #3212, #4095 ) ) ;
#1515 = COLOUR_RGB ( '',0.0000000000000000000, 0.0000000000000000000, 0.0000000000000000000 ) ;
#1516 = SURFACE_SIDE_STYLE ('',( #4562 ) ) ;
#1517 = ORIENTED_EDGE ( 'NONE', *, *, #2137, .F. ) ;
#1518 = PRESENTATION_STYLE_ASSIGNMENT (( #3134 ) ) ;
#1519 = CIRCLE ( 'NONE', #547, 18.99999999999992500 ) ;
#1520 = PRODUCT_RELATED_PRODUCT_CATEGORY ( 'part', '', ( #4408 ) ) ;
#1521 = CARTESIAN_POINT ( 'NONE',  ( -46.50000000000000000, 0.0000000000000000000, 9.549999999999995400 ) ) ;
#1522 = EDGE_CURVE ( 'NONE', #3605, #379, #3800, .T. ) ;
#1523 = ORIENTED_EDGE ( 'NONE', *, *, #780, .T. ) ;
#1524 = CIRCLE ( 'NONE', #2650, 15.05000000000000100 ) ;
#1525 = CARTESIAN_POINT ( 'NONE',  ( -4.500000000000323300, 30.44999999559984300, 11.49999999999595200 ) ) ;
#1526 = DIRECTION ( 'NONE',  ( -0.9659258262889276500, 0.2588190451030458200, 0.0000000000000000000 ) ) ;
#1527 = ORIENTED_EDGE ( 'NONE', *, *, #7, .T. ) ;
#1528 = PRESENTATION_LAYER_ASSIGNMENT (  '', '', ( #1265 ) ) ;
#1529 = COLOUR_RGB ( '',0.0000000000000000000, 0.0000000000000000000, 0.0000000000000000000 ) ;
#1530 = CARTESIAN_POINT ( 'NONE',  ( -22.44999999999999900, 33.58249907035995100, 4.049999999995953300 ) ) ;
#1531 = ORIENTED_EDGE ( 'NONE', *, *, #279, .F. ) ;
#1532 = ORIENTED_EDGE ( 'NONE', *, *, #1560, .T. ) ;
#1533 = COLOUR_RGB ( '',0.0000000000000000000, 0.0000000000000000000, 0.0000000000000000000 ) ;
#1534 = EDGE_CURVE ( 'NONE', #3483, #941, #853, .T. ) ;
#1535 = CARTESIAN_POINT ( 'NONE',  ( -48.60000000000000100, 0.0000000000000000000, 0.0000000000000000000 ) ) ;
#1536 = AXIS2_PLACEMENT_3D ( 'NONE', #4784, #2573, #358 ) ;
#1537 = COLOUR_RGB ( '',0.7764705882352941300, 0.7568627450980391900, 0.7372549019607843600 ) ;
#1538 = EDGE_LOOP ( 'NONE', ( #676, #587, #1916, #996, #1483, #222 ) ) ;
#1539 = ORIENTED_EDGE ( 'NONE', *, *, #2923, .T. ) ;
#1540 = ORIENTED_EDGE ( 'NONE', *, *, #1205, .F. ) ;
#1541 = PLANE ( 'NONE',  #2685 ) ;
#1542 = FILL_AREA_STYLE ('',( #1161 ) ) ;
#1543 = ORIENTED_EDGE ( 'NONE', *, *, #1738, .F. ) ;
#1544 = AXIS2_PLACEMENT_3D ( 'NONE', #4096, #776, #4116 ) ;
#1545 = FACE_OUTER_BOUND ( 'NONE', #1990, .T. ) ;
#1546 =( GEOMETRIC_REPRESENTATION_CONTEXT ( 3 ) GLOBAL_UNCERTAINTY_ASSIGNED_CONTEXT ( ( #2344 ) ) GLOBAL_UNIT_ASSIGNED_CONTEXT ( ( #1095, #3677, #1467 ) ) REPRESENTATION_CONTEXT ( 'NONE', 'WORKASPACE' ) );
#1547 = CARTESIAN_POINT ( 'NONE',  ( -22.44999999999999200, 33.44999999559993900, -4.300000000004047300 ) ) ;
#1548 = COLOUR_RGB ( '',0.0000000000000000000, 0.0000000000000000000, 0.0000000000000000000 ) ;
#1549 = UNCERTAINTY_MEASURE_WITH_UNIT (LENGTH_MEASURE( 1.000000000000000100E-005 ), #2849, 'distance_accuracy_value', 'NONE');
#1550 = SURFACE_STYLE_FILL_AREA ( #618 ) ;
#1551 = DIRECTION ( 'NONE',  ( -0.0000000000000000000, -0.0000000000000000000, 1.000000000000000000 ) ) ;
#1552 = FILL_AREA_STYLE_COLOUR ( '', #2003 ) ;
#1553 = DIRECTION ( 'NONE',  ( -1.000000000000000000, -0.0000000000000000000, -0.0000000000000000000 ) ) ;
#1554 = EDGE_LOOP ( 'NONE', ( #2118, #2900, #3066, #472 ) ) ;
#1555 = FILL_AREA_STYLE ('',( #421 ) ) ;
#1556 = CARTESIAN_POINT ( 'NONE',  ( -46.50000000000000000, 0.0000000000000000000, 0.0000000000000000000 ) ) ;
#1557 = FACE_OUTER_BOUND ( 'NONE', #28, .T. ) ;
#1558 = VECTOR ( 'NONE', #4456, 1000.000000000000000 ) ;
#1559 = LINE ( 'NONE', #1834, #2416 ) ;
#1560 = EDGE_CURVE ( 'NONE', #3081, #4168, #4693, .T. ) ;
#1561 = CARTESIAN_POINT ( 'NONE',  ( -50.00000000000000000, 0.0000000000000000000, 0.0000000000000000000 ) ) ;
#1562 = AXIS2_PLACEMENT_3D ( 'NONE', #141, #1212, #3790 ) ;
#1563 = LINE ( 'NONE', #2081, #4392 ) ;
#1564 = SURFACE_STYLE_USAGE ( .BOTH. , #3755 ) ;
#1565 = DIRECTION ( 'NONE',  ( 0.0000000000000000000, -1.000000000000000000, 0.0000000000000000000 ) ) ;
#1566 = DIRECTION ( 'NONE',  ( -0.0000000000000000000, 0.0000000000000000000, 1.000000000000000000 ) ) ;
#1567 = CARTESIAN_POINT ( 'NONE',  ( -0.05597972128391171000, 16.78820544843811600, 33.57641089687623300 ) ) ;
#1568 = SURFACE_STYLE_FILL_AREA ( #1394 ) ;
#1569 = CARTESIAN_POINT ( 'NONE',  ( -16.00000000000000000, 24.28724172672493600, -11.50000000000404700 ) ) ;
#1570 =( NAMED_UNIT ( * ) PLANE_ANGLE_UNIT ( ) SI_UNIT ( $, .RADIAN. ) );
#1571 = VERTEX_POINT ( 'NONE', #987 ) ;
#1572 = PRESENTATION_STYLE_ASSIGNMENT (( #2903 ) ) ;
#1573 = MECHANICAL_DESIGN_GEOMETRIC_PRESENTATION_REPRESENTATION (  '', ( #1074 ), #1827 ) ;
#1574 = CARTESIAN_POINT ( 'NONE',  ( -0.6470537028910733300, 15.05000000000000100, 0.0000000000000000000 ) ) ;
#1575 = EDGE_LOOP ( 'NONE', ( #1886, #4308, #1579, #2392 ) ) ;
#1576 = CONICAL_SURFACE ( 'NONE', #573, 11.90000000000000000, 0.7853981633974482800 ) ;
#1577 = CARTESIAN_POINT ( 'NONE',  ( -36.71715728752536700, 36.18867965204061200, -5.100000000003808200 ) ) ;
#1578 = CARTESIAN_POINT ( 'NONE',  ( -46.50000000000000000, 0.0000000000000000000, 0.0000000000000000000 ) ) ;
#1579 = ORIENTED_EDGE ( 'NONE', *, *, #61, .T. ) ;
#1580 = LINE ( 'NONE', #2237, #588 ) ;
#1581 = AXIS2_PLACEMENT_3D ( 'NONE', #2528, #607, #1782 ) ;
#1582 = CARTESIAN_POINT ( 'NONE',  ( -3.000000000000079000, 30.44999986924149800, 9.999999999995951700 ) ) ;
#1583 = PRODUCT_DEFINITION_SHAPE ( 'NONE', 'NONE',  #50 ) ;
#1584 = CARTESIAN_POINT ( 'NONE',  ( -6.809999999999996900, 16.35549037725095500, 9.669432991424209000 ) ) ;
#1585 = ORIENTED_EDGE ( 'NONE', *, *, #3301, .T. ) ;
#1586 = CARTESIAN_POINT ( 'NONE',  ( -8.566504868968806400, 15.90876294547894400, -9.443702859265622300 ) ) ;
#1587 = PRESENTATION_LAYER_ASSIGNMENT (  '', '', ( #1329 ) ) ;
#1588 = ADVANCED_FACE ( 'NONE', ( #1735 ), #557, .F. ) ;
#1589 = ORIENTED_EDGE ( 'NONE', *, *, #3127, .F. ) ;
#1590 =( NAMED_UNIT ( * ) SI_UNIT ( $, .STERADIAN. ) SOLID_ANGLE_UNIT ( ) );
#1591 = ORIENTED_EDGE ( 'NONE', *, *, #4290, .F. ) ;
#1592 = FILL_AREA_STYLE ('',( #464 ) ) ;
#1593 = ORIENTED_EDGE ( 'NONE', *, *, #4207, .T. ) ;
#1594 = EDGE_CURVE ( 'NONE', #3145, #1415, #2367, .T. ) ;
#1595 = DIRECTION ( 'NONE',  ( -1.000000000000000000, 2.628368902995161500E-016, -4.144993854139194100E-031 ) ) ;
#1596 = PRESENTATION_LAYER_ASSIGNMENT (  '', '', ( #1847 ) ) ;
#1597 = FILL_AREA_STYLE ('',( #4148 ) ) ;
#1598 = ORIENTED_EDGE ( 'NONE', *, *, #2813, .T. ) ;
#1599 = CYLINDRICAL_SURFACE ( 'NONE', #248, 1.499999999999994400 ) ;
#1600 = FILL_AREA_STYLE_COLOUR ( '', #1537 ) ;
#1601 = DIRECTION ( 'NONE',  ( 0.0000000000000000000, -1.000000000000000000, 0.0000000000000000000 ) ) ;
#1602 = CARTESIAN_POINT ( 'NONE',  ( -14.75168524824511400, 17.98446001642807000, -4.378137543526023000 ) ) ;
#1603 = LINE ( 'NONE', #4447, #4442 ) ;
#1604 =( NAMED_UNIT ( * ) SI_UNIT ( $, .STERADIAN. ) SOLID_ANGLE_UNIT ( ) );
#1605 = SURFACE_STYLE_FILL_AREA ( #949 ) ;
#1606 = UNCERTAINTY_MEASURE_WITH_UNIT (LENGTH_MEASURE( 1.000000000000000100E-005 ), #2663, 'distance_accuracy_value', 'NONE');
#1607 = AXIS2_PLACEMENT_3D ( 'NONE', #4629, #2400, #206 ) ;
#1608 = EDGE_CURVE ( 'NONE', #256, #1770, #410, .T. ) ;
#1609 = DIRECTION ( 'NONE',  ( 0.0000000000000000000, 1.000000000000000000, 0.0000000000000000000 ) ) ;
#1610 = PRESENTATION_STYLE_ASSIGNMENT (( #1930 ) ) ;
#1611 = DIRECTION ( 'NONE',  ( 0.0000000000000000000, 0.0000000000000000000, 1.000000000000000000 ) ) ;
#1612 = DIRECTION ( 'NONE',  ( -1.000000000000000000, -0.0000000000000000000, -0.0000000000000000000 ) ) ;
#1613 = MECHANICAL_DESIGN_GEOMETRIC_PRESENTATION_REPRESENTATION (  '', ( #851 ), #1871 ) ;
#1614 = CIRCLE ( 'NONE', #3837, 4.300000000000001600 ) ;
#1615 = CARTESIAN_POINT ( 'NONE',  ( -15.24021357007067600, 18.22826608369698000, 3.174576184017853900 ) ) ;
#1616 = CARTESIAN_POINT ( 'NONE',  ( -5.999999999999998200, 15.71288563568131600, -9.764999999999998800 ) ) ;
#1617 = EDGE_CURVE ( 'NONE', #3150, #277, #1389, .T. ) ;
#1618 = DIRECTION ( 'NONE',  ( -0.0000000000000000000, -1.000000000000000000, -0.0000000000000000000 ) ) ;
#1619 = CARTESIAN_POINT ( 'NONE',  ( -22.44999999999999200, 34.98999999559993800, -4.046182235722208800E-012 ) ) ;
#1620 = DIRECTION ( 'NONE',  ( 0.0000000000000000000, 1.000000000000000000, 0.0000000000000000000 ) ) ;
#1621 = SURFACE_STYLE_USAGE ( .BOTH. , #3821 ) ;
#1622 = EDGE_LOOP ( 'NONE', ( #488, #928, #2574, #107 ) ) ;
#1623 = EDGE_LOOP ( 'NONE', ( #2323, #1131, #716, #2095, #1654, #65, #3024, #4658 ) ) ;
#1624 =( GEOMETRIC_REPRESENTATION_CONTEXT ( 3 ) GLOBAL_UNCERTAINTY_ASSIGNED_CONTEXT ( ( #2810 ) ) GLOBAL_UNIT_ASSIGNED_CONTEXT ( ( #3220, #999, #3583 ) ) REPRESENTATION_CONTEXT ( 'NONE', 'WORKASPACE' ) );
#1625 = DIRECTION ( 'NONE',  ( -1.000000000000000000, -0.0000000000000000000, -0.0000000000000000000 ) ) ;
#1626 = ORIENTED_EDGE ( 'NONE', *, *, #293, .T. ) ;
#1627 = DIRECTION ( 'NONE',  ( 0.0000000000000000000, 0.0000000000000000000, 1.000000000000000000 ) ) ;
#1628 = CARTESIAN_POINT ( 'NONE',  ( -9.195030275228985400, 16.03159132071172600, 9.233102542275519300 ) ) ;
#1629 = DIRECTION ( 'NONE',  ( -1.000000000000000000, -0.0000000000000000000, -0.0000000000000000000 ) ) ;
#1630 = CARTESIAN_POINT ( 'NONE',  ( -0.6470537028910734500, 17.19999999639791700, 0.0000000000000000000 ) ) ;
#1631 = ORIENTED_EDGE ( 'NONE', *, *, #1725, .F. ) ;
#1632 = EDGE_CURVE ( 'NONE', #3254, #4416, #4206, .T. ) ;
#1633 = CIRCLE ( 'NONE', #2705, 11.90000000000000000 ) ;
#1634 = MECHANICAL_DESIGN_GEOMETRIC_PRESENTATION_REPRESENTATION (  '', ( #638 ), #1893 ) ;
#1635 = CARTESIAN_POINT ( 'NONE',  ( -0.05597972128391171700, -16.78820544843812400, -2.055962206585790300E-015 ) ) ;
#1636 = CARTESIAN_POINT ( 'NONE',  ( -36.79999999999999000, 35.14519809199494200, -4.050000000004046400 ) ) ;
#1637 = ORIENTED_EDGE ( 'NONE', *, *, #3550, .T. ) ;
#1638 = SURFACE_STYLE_FILL_AREA ( #315 ) ;
#1639 =( NAMED_UNIT ( * ) PLANE_ANGLE_UNIT ( ) SI_UNIT ( $, .RADIAN. ) );
#1640 = ORIENTED_EDGE ( 'NONE', *, *, #1998, .F. ) ;
#1641 = LINE ( 'NONE', #4608, #2506 ) ;
#1642 = DIRECTION ( 'NONE',  ( -1.000000000000000000, -0.0000000000000000000, -0.0000000000000000000 ) ) ;
#1643 = LINE ( 'NONE', #3052, #4491 ) ;
#1644 = DIRECTION ( 'NONE',  ( -1.000000000000000000, 0.0000000000000000000, 0.0000000000000000000 ) ) ;
#1645 = ADVANCED_FACE ( 'NONE', ( #2261 ), #2764, .F. ) ;
#1646 = DIRECTION ( 'NONE',  ( -1.000000000000000000, -0.0000000000000000000, -0.0000000000000000000 ) ) ;
#1647 = CARTESIAN_POINT ( 'NONE',  ( -4.282941571811709200, 15.13357090734539600, 11.48807477331947700 ) ) ;
#1648 = ORIENTED_EDGE ( 'NONE', *, *, #1876, .T. ) ;
#1649 = PRESENTATION_STYLE_ASSIGNMENT (( #788 ) ) ;
#1650 =( NAMED_UNIT ( * ) PLANE_ANGLE_UNIT ( ) SI_UNIT ( $, .RADIAN. ) );
#1651 = EDGE_CURVE ( 'NONE', #3185, #4652, #2545, .T. ) ;
#1652 =( GEOMETRIC_REPRESENTATION_CONTEXT ( 3 ) GLOBAL_UNCERTAINTY_ASSIGNED_CONTEXT ( ( #1549 ) ) GLOBAL_UNIT_ASSIGNED_CONTEXT ( ( #2849, #2053, #221 ) ) REPRESENTATION_CONTEXT ( 'NONE', 'WORKASPACE' ) );
#1653 =( NAMED_UNIT ( * ) PLANE_ANGLE_UNIT ( ) SI_UNIT ( $, .RADIAN. ) );
#1654 = ORIENTED_EDGE ( 'NONE', *, *, #831, .F. ) ;
#1655 =( LENGTH_UNIT ( ) NAMED_UNIT ( * ) SI_UNIT ( .MILLI., .METRE. ) );
#1656 = EDGE_CURVE ( 'NONE', #2453, #1711, #3744, .T. ) ;
#1657 =( NAMED_UNIT ( * ) PLANE_ANGLE_UNIT ( ) SI_UNIT ( $, .RADIAN. ) );
#1658 = MECHANICAL_DESIGN_GEOMETRIC_PRESENTATION_REPRESENTATION (  '', ( #666 ), #1911 ) ;
#1659 = FACE_OUTER_BOUND ( 'NONE', #1879, .T. ) ;
#1660 = FILL_AREA_STYLE ('',( #162 ) ) ;
#1661 =( NAMED_UNIT ( * ) PLANE_ANGLE_UNIT ( ) SI_UNIT ( $, .RADIAN. ) );
#1662 = FACE_OUTER_BOUND ( 'NONE', #995, .T. ) ;
#1663 = PRESENTATION_LAYER_ASSIGNMENT (  '', '', ( #1417 ) ) ;
#1664 = LINE ( 'NONE', #2496, #2531 ) ;
#1665 = SURFACE_SIDE_STYLE ('',( #515 ) ) ;
#1666 = FILL_AREA_STYLE_COLOUR ( '', #2171 ) ;
#1667 = MECHANICAL_DESIGN_GEOMETRIC_PRESENTATION_REPRESENTATION (  '', ( #678 ), #1926 ) ;
#1668 =( LENGTH_UNIT ( ) NAMED_UNIT ( * ) SI_UNIT ( .MILLI., .METRE. ) );
#1669 = CARTESIAN_POINT ( 'NONE',  ( -4.499999999999997300, 15.12448345785203000, -11.50000000000404700 ) ) ;
#1670 = MECHANICAL_DESIGN_GEOMETRIC_PRESENTATION_REPRESENTATION (  '', ( #1180 ), #1934 ) ;
#1671 = DIRECTION ( 'NONE',  ( 0.0000000000000000000, 0.0000000000000000000, -1.000000000000000000 ) ) ;
#1672 = LINE ( 'NONE', #1619, #3640 ) ;
#1673 = SURFACE_SIDE_STYLE ('',( #2934 ) ) ;
#1674 = CARTESIAN_POINT ( 'NONE',  ( -2.999999999999995600, -4.400059018208271400E-009, -4.046615916591203000E-012 ) ) ;
#1675 = COLOUR_RGB ( '',0.1098039215686274500, 0.1098039215686274500, 0.1098039215686274500 ) ;
#1676 = EDGE_CURVE ( 'NONE', #307, #310, #912, .T. ) ;
#1677 = DIRECTION ( 'NONE',  ( 0.0000000000000000000, 0.0000000000000000000, -1.000000000000000000 ) ) ;
#1678 = ORIENTED_EDGE ( 'NONE', *, *, #593, .T. ) ;
#1679 = MECHANICAL_DESIGN_GEOMETRIC_PRESENTATION_REPRESENTATION (  '', ( #689 ), #1940 ) ;
#1680 = CARTESIAN_POINT ( 'NONE',  ( -24.44999999999999900, 29.14999999559993400, 8.599999999995949600 ) ) ;
#1681 = DIRECTION ( 'NONE',  ( -0.0000000000000000000, -1.000000000000000000, -0.0000000000000000000 ) ) ;
#1682 = VERTEX_POINT ( 'NONE', #4628 ) ;
#1683 = DIRECTION ( 'NONE',  ( 0.0000000000000000000, 0.0000000000000000000, 1.000000000000000000 ) ) ;
#1684 = VECTOR ( 'NONE', #2780, 1000.000000000000000 ) ;
#1685 = VECTOR ( 'NONE', #642, 1000.000000000000000 ) ;
#1686 = MECHANICAL_DESIGN_GEOMETRIC_PRESENTATION_REPRESENTATION (  '', ( #697 ), #1949 ) ;
#1687 =( LENGTH_UNIT ( ) NAMED_UNIT ( * ) SI_UNIT ( .MILLI., .METRE. ) );
#1688 = DIRECTION ( 'NONE',  ( 0.0000000000000000000, 0.0000000000000000000, 1.000000000000000000 ) ) ;
#1689 = ORIENTED_EDGE ( 'NONE', *, *, #636, .T. ) ;
#1690 = UNCERTAINTY_MEASURE_WITH_UNIT (LENGTH_MEASURE( 1.000000000000000100E-005 ), #67, 'distance_accuracy_value', 'NONE');
#1691 = SURFACE_STYLE_FILL_AREA ( #3709 ) ;
#1692 = FILL_AREA_STYLE_COLOUR ( '', #4407 ) ;
#1693 = EDGE_LOOP ( 'NONE', ( #1756, #2124, #2163, #2157 ) ) ;
#1694 = MECHANICAL_DESIGN_GEOMETRIC_PRESENTATION_REPRESENTATION (  '', ( #704 ), #1954 ) ;
#1695 = FACE_OUTER_BOUND ( 'NONE', #2567, .T. ) ;
#1696 = DIRECTION ( 'NONE',  ( 1.000000000000000000, 0.0000000000000000000, 0.0000000000000000000 ) ) ;
#1697 = SURFACE_STYLE_USAGE ( .BOTH. , #2332 ) ;
#1698 =( NAMED_UNIT ( * ) SI_UNIT ( $, .STERADIAN. ) SOLID_ANGLE_UNIT ( ) );
#1699 = ORIENTED_EDGE ( 'NONE', *, *, #3532, .F. ) ;
#1700 = VERTEX_POINT ( 'NONE', #4212 ) ;
#1701 =( NAMED_UNIT ( * ) SI_UNIT ( $, .STERADIAN. ) SOLID_ANGLE_UNIT ( ) );
#1702 = DIRECTION ( 'NONE',  ( 0.0000000000000000000, -1.000000000000000000, 0.0000000000000000000 ) ) ;
#1703 = ORIENTED_EDGE ( 'NONE', *, *, #953, .T. ) ;
#1704 =( NAMED_UNIT ( * ) PLANE_ANGLE_UNIT ( ) SI_UNIT ( $, .RADIAN. ) );
#1705 = MECHANICAL_DESIGN_GEOMETRIC_PRESENTATION_REPRESENTATION (  '', ( #714 ), #1962 ) ;
#1706 = EDGE_LOOP ( 'NONE', ( #4558, #2710, #635, #2735 ) ) ;
#1707 = CARTESIAN_POINT ( 'NONE',  ( 0.0000000000000000000, 0.0000000000000000000, 0.0000000000000000000 ) ) ;
#1708 =( NAMED_UNIT ( * ) PLANE_ANGLE_UNIT ( ) SI_UNIT ( $, .RADIAN. ) );
#1709 = FILL_AREA_STYLE ('',( #2455 ) ) ;
#1710 = DIRECTION ( 'NONE',  ( 0.0000000000000000000, 1.000000000000000000, 0.0000000000000000000 ) ) ;
#1711 = VERTEX_POINT ( 'NONE', #1281 ) ;
#1712 = EDGE_CURVE ( 'NONE', #199, #307, #1797, .T. ) ;
#1713 = MECHANICAL_DESIGN_GEOMETRIC_PRESENTATION_REPRESENTATION (  '', ( #720 ), #1968 ) ;
#1714 = FILL_AREA_STYLE ('',( #3181 ) ) ;
#1715 = PLANE ( 'NONE',  #4232 ) ;
#1716 = CARTESIAN_POINT ( 'NONE',  ( -22.44999999999999900, 33.28929288928813400, -5.464583333337114500 ) ) ;
#1717 = CIRCLE ( 'NONE', #2395, 15.05000000000000100 ) ;
#1718 = ADVANCED_FACE ( 'NONE', ( #4742 ), #2061, .F. ) ;
#1719 =( NAMED_UNIT ( * ) PLANE_ANGLE_UNIT ( ) SI_UNIT ( $, .RADIAN. ) );
#1720 = SURFACE_STYLE_USAGE ( .BOTH. , #3919 ) ;
#1721 = STYLED_ITEM ( 'NONE', ( #284 ), #2915 ) ;
#1722 = FILL_AREA_STYLE ('',( #3229 ) ) ;
#1723 = FACE_OUTER_BOUND ( 'NONE', #4175, .T. ) ;
#1724 =( NAMED_UNIT ( * ) PLANE_ANGLE_UNIT ( ) SI_UNIT ( $, .RADIAN. ) );
#1725 = EDGE_CURVE ( 'NONE', #333, #86, #1323, .T. ) ;
#1726 = CARTESIAN_POINT ( 'NONE',  ( -36.60000000000000100, 36.80999999559994500, -4.046615916591203000E-012 ) ) ;
#1727 =( GEOMETRIC_REPRESENTATION_CONTEXT ( 3 ) GLOBAL_UNCERTAINTY_ASSIGNED_CONTEXT ( ( #3110 ) ) GLOBAL_UNIT_ASSIGNED_CONTEXT ( ( #1037, #3629, #1420 ) ) REPRESENTATION_CONTEXT ( 'NONE', 'WORKASPACE' ) );
#1728 = FILL_AREA_STYLE ('',( #268 ) ) ;
#1729 = UNCERTAINTY_MEASURE_WITH_UNIT (LENGTH_MEASURE( 1.000000000000000100E-005 ), #467, 'distance_accuracy_value', 'NONE');
#1730 = CARTESIAN_POINT ( 'NONE',  ( -36.60000000000000100, 33.84602668839995200, -5.100000000004046200 ) ) ;
#1731 = AXIS2_PLACEMENT_3D ( 'NONE', #4401, #1069, #1601 ) ;
#1732 = CARTESIAN_POINT ( 'NONE',  ( -32.89999999999999900, 29.14999999559993400, -7.600000000004046200 ) ) ;
#1733 = CARTESIAN_POINT ( 'NONE',  ( -3.000000000000016400, 30.44999999429270300, -10.00000000000404500 ) ) ;
#1734 = SURFACE_SIDE_STYLE ('',( #4155 ) ) ;
#1735 = FACE_OUTER_BOUND ( 'NONE', #3203, .T. ) ;
#1736 = APPLICATION_PROTOCOL_DEFINITION ( 'draft international standard', 'automotive_design', 1998, #2830 ) ;
#1737 = VERTEX_POINT ( 'NONE', #2335 ) ;
#1738 = EDGE_CURVE ( 'NONE', #103, #235, #2308, .T. ) ;
#1739 = FACE_OUTER_BOUND ( 'NONE', #4221, .T. ) ;
#1740 = EDGE_LOOP ( 'NONE', ( #1678, #2686, #3956, #3815 ) ) ;
#1741 = STYLED_ITEM ( 'NONE', ( #2156 ), #1477 ) ;
#1742 = SURFACE_STYLE_USAGE ( .BOTH. , #3942 ) ;
#1743 = EDGE_LOOP ( 'NONE', ( #4775, #3306 ) ) ;
#1744 = CYLINDRICAL_SURFACE ( 'NONE', #4038, 19.00000000000000000 ) ;
#1745 = SURFACE_SIDE_STYLE ('',( #311 ) ) ;
#1746 = CARTESIAN_POINT ( 'NONE',  ( -16.00000000000000000, 14.75797312709994100, 11.95999999999595400 ) ) ;
#1747 =( LENGTH_UNIT ( ) NAMED_UNIT ( * ) SI_UNIT ( .MILLI., .METRE. ) );
#1748 = ADVANCED_FACE ( 'NONE', ( #4147 ), #856, .F. ) ;
#1749 = EDGE_CURVE ( 'NONE', #4366, #353, #2825, .T. ) ;
#1750 = DIRECTION ( 'NONE',  ( -1.000000000000000000, -0.0000000000000000000, -0.0000000000000000000 ) ) ;
#1751 = AXIS2_PLACEMENT_3D ( 'NONE', #634, #3225, #1005 ) ;
#1752 = ORIENTED_EDGE ( 'NONE', *, *, #168, .T. ) ;
#1753 = LINE ( 'NONE', #1077, #984 ) ;
#1754 = CARTESIAN_POINT ( 'NONE',  ( -2.999999999647625000, 32.20735930837243200, 10.87867965643597400 ) ) ;
#1755 = CARTESIAN_POINT ( 'NONE',  ( -0.05597972128391171700, 16.78820544843812400, 0.0000000000000000000 ) ) ;
#1756 = ORIENTED_EDGE ( 'NONE', *, *, #1125, .F. ) ;
#1757 = UNCERTAINTY_MEASURE_WITH_UNIT (LENGTH_MEASURE( 1.000000000000000100E-005 ), #920, 'distance_accuracy_value', 'NONE');
#1758 =( LENGTH_UNIT ( ) NAMED_UNIT ( * ) SI_UNIT ( .MILLI., .METRE. ) );
#1759 = CARTESIAN_POINT ( 'NONE',  ( -36.62807924209779000, 33.17393396736039100, 5.017157287520910300 ) ) ;
#1760 = ORIENTED_EDGE ( 'NONE', *, *, #897, .T. ) ;
#1761 = CARTESIAN_POINT ( 'NONE',  ( -14.75133364225972200, 16.43736247122344100, -4.379677982689428500 ) ) ;
#1762 = CARTESIAN_POINT ( 'NONE',  ( -16.00000000000000000, -4.400059018208271400E-009, -4.046615916591203000E-012 ) ) ;
#1763 = PRODUCT_DEFINITION_FORMATION_WITH_SPECIFIED_SOURCE ( 'ANY', '', #2300, .NOT_KNOWN. ) ;
#1764 = CARTESIAN_POINT ( 'NONE',  ( -15.99999999999999300, 24.24999999559993900, -4.300000000004046400 ) ) ;
#1765 = ORIENTED_EDGE ( 'NONE', *, *, #768, .T. ) ;
#1766 = EDGE_CURVE ( 'NONE', #2863, #2428, #18, .T. ) ;
#1767 = LINE ( 'NONE', #1142, #3204 ) ;
#1768 =( NAMED_UNIT ( * ) SI_UNIT ( $, .STERADIAN. ) SOLID_ANGLE_UNIT ( ) );
#1769 = ORIENTED_EDGE ( 'NONE', *, *, #1938, .F. ) ;
#1770 = VERTEX_POINT ( 'NONE', #1616 ) ;
#1771 = LINE ( 'NONE', #927, #779 ) ;
#1772 = MECHANICAL_DESIGN_GEOMETRIC_PRESENTATION_REPRESENTATION (  '', ( #1265 ), #2024 ) ;
#1773 = DIRECTION ( 'NONE',  ( 0.0000000000000000000, 1.000000000000000000, 0.0000000000000000000 ) ) ;
#1774 = FILL_AREA_STYLE_COLOUR ( '', #366 ) ;
#1775 = VECTOR ( 'NONE', #3186, 1000.000000000000000 ) ;
#1776 = CARTESIAN_POINT ( 'NONE',  ( -5.999999999999998200, 13.91563060015608100, 9.764999999999998800 ) ) ;
#1777 = EDGE_CURVE ( 'NONE', #3373, #3201, #334, .T. ) ;
#1778 = DIRECTION ( 'NONE',  ( 0.0000000000000000000, 1.000000000000000000, 0.0000000000000000000 ) ) ;
#1779 = SURFACE_SIDE_STYLE ('',( #4460 ) ) ;
#1780 = CARTESIAN_POINT ( 'NONE',  ( -2.999999999999995600, 14.07072955168146000, 9.892146873127510200 ) ) ;
#1781 = DIRECTION ( 'NONE',  ( -0.0000000000000000000, -0.0000000000000000000, 1.000000000000000000 ) ) ;
#1782 = DIRECTION ( 'NONE',  ( 0.0000000000000000000, 0.0000000000000000000, 1.000000000000000000 ) ) ;
#1783 = CIRCLE ( 'NONE', #354, 9.500000000000000000 ) ;
#1784 =( NAMED_UNIT ( * ) SI_UNIT ( $, .STERADIAN. ) SOLID_ANGLE_UNIT ( ) );
#1785 = DIRECTION ( 'NONE',  ( -1.000000000000000000, 0.0000000000000000000, 0.0000000000000000000 ) ) ;
#1786 = STYLED_ITEM ( 'NONE', ( #3147 ), #3235 ) ;
#1787 =( LENGTH_UNIT ( ) NAMED_UNIT ( * ) SI_UNIT ( .MILLI., .METRE. ) );
#1788 =( NAMED_UNIT ( * ) PLANE_ANGLE_UNIT ( ) SI_UNIT ( $, .RADIAN. ) );
#1789 = CARTESIAN_POINT ( 'NONE',  ( -32.89999999999999100, 29.14999999559993400, -4.300000000004046400 ) ) ;
#1790 = CARTESIAN_POINT ( 'NONE',  ( -4.390108875940555300, 15.12448345785411300, 11.49999999999595300 ) ) ;
#1791 = PRESENTATION_LAYER_ASSIGNMENT (  '', '', ( #2047 ) ) ;
#1792 = ORIENTED_EDGE ( 'NONE', *, *, #3315, .T. ) ;
#1793 = CARTESIAN_POINT ( 'NONE',  ( -11.70973714023224800, 15.03950644299378300, -7.927996835737197900 ) ) ;
#1794 = FACE_OUTER_BOUND ( 'NONE', #3950, .T. ) ;
#1795 = CARTESIAN_POINT ( 'NONE',  ( -22.16299999999999700, 35.80999999559994500, 2.755999999995953200 ) ) ;
#1796 = CARTESIAN_POINT ( 'NONE',  ( -24.44999999999999900, 24.24999999559993900, -8.600000000004048000 ) ) ;
#1797 = CIRCLE ( 'NONE', #1562, 3.300000000000000700 ) ;
#1798 = ADVANCED_FACE ( 'NONE', ( #846 ), #2362, .F. ) ;
#1799 = CARTESIAN_POINT ( 'NONE',  ( -0.6470537028910733300, 0.0000000000000000000, 0.0000000000000000000 ) ) ;
#1800 = FACE_OUTER_BOUND ( 'NONE', #3092, .T. ) ;
#1801 = DIRECTION ( 'NONE',  ( -1.000000000000000000, -0.0000000000000000000, -0.0000000000000000000 ) ) ;
#1802 = DIRECTION ( 'NONE',  ( 0.0000000000000000000, -0.0000000000000000000, 1.000000000000000000 ) ) ;
#1803 = STYLED_ITEM ( 'NONE', ( #4685 ), #752 ) ;
#1804 = FILL_AREA_STYLE ('',( #1051 ) ) ;
#1805 = EDGE_LOOP ( 'NONE', ( #4530, #4057, #3817, #1119, #1531, #1465, #771, #988, #2515, #3477, #583, #3452, #3528, #1808 ) ) ;
#1806 = EDGE_CURVE ( 'NONE', #3374, #2866, #1510, .T. ) ;
#1807 = CARTESIAN_POINT ( 'NONE',  ( -36.71715728728079900, 33.68039618838665200, -5.100000000004295800 ) ) ;
#1808 = ORIENTED_EDGE ( 'NONE', *, *, #4332, .F. ) ;
#1809 = AXIS2_PLACEMENT_3D ( 'NONE', #4183, #2301, #4615 ) ;
#1810 = CARTESIAN_POINT ( 'NONE',  ( -3.000000000000002700, 1.420590287010929500E-015, -11.60000000000000000 ) ) ;
#1811 = LINE ( 'NONE', #3230, #1685 ) ;
#1812 = CARTESIAN_POINT ( 'NONE',  ( -13.32506175098298600, 15.72482978998467100, 6.465095308243929800 ) ) ;
#1813 = B_SPLINE_CURVE_WITH_KNOTS ( 'NONE', 3,
 ( #1776, #3976, #3591, #1007, #1385, #639, #2544, #4393, #2185, #4759, #1812, #4736, #2498, #2481, #3962, #2154, #3242, #299, #3643, #326, #686, #2902, #658, #4011, #2920, #1371, #2833, #606, #2091, #1761, #4325, #1352, #2469, #255, #967, #3992, #2530, #4747, #1793, #3630, #1421, #1040, #3255, #2888, #673, #1433, #4723, #4360 ),
 .UNSPECIFIED., .F., .F.,
 ( 4, 2, 2, 2, 2, 2, 2, 2, 2, 2, 2, 2, 2, 2, 2, 2, 2, 2, 2, 2, 2, 2, 2, 4 ),
 ( 8.673617379884034500E-019, 0.001952325246333351700, 0.003904650492666705100, 0.005856975739000058600, 0.007809300985333411100, 0.008785463608500089200, 0.009761626231666768000, 0.01171395147800012900, 0.01269011410116681200, 0.01366627672433349400, 0.01561860197066686200, 0.01659476459383354300, 0.01757092721700022700, 0.01854708984016690800, 0.01952325246333359200, 0.02147557770966695600, 0.02245174033283364000, 0.02342790295600032800, 0.02440406557916701600, 0.02538022820233370000, 0.02733255344866706800, 0.02830871607183375200, 0.02928487869500043300, 0.03123720394133378700 ),
 .UNSPECIFIED. ) ;
#1814 = SURFACE_SIDE_STYLE ('',( #2836 ) ) ;
#1815 = VERTEX_POINT ( 'NONE', #3505 ) ;
#1816 = CARTESIAN_POINT ( 'NONE',  ( -0.05597972128390961400, 15.46179454795978900, 30.92358909591958500 ) ) ;
#1817 = CARTESIAN_POINT ( 'NONE',  ( -4.500000000093845800, 30.45001235349483400, -11.50000000000403900 ) ) ;
#1818 =( NAMED_UNIT ( * ) SI_UNIT ( $, .STERADIAN. ) SOLID_ANGLE_UNIT ( ) );
#1819 = PRESENTATION_LAYER_ASSIGNMENT (  '', '', ( #1308 ) ) ;
#1820 = CARTESIAN_POINT ( 'NONE',  ( -36.80000000000001100, 36.07152236451350500, 4.899999999993508700 ) ) ;
#1821 = ORIENTED_EDGE ( 'NONE', *, *, #4574, .T. ) ;
#1822 = UNCERTAINTY_MEASURE_WITH_UNIT (LENGTH_MEASURE( 1.000000000000000100E-005 ), #4422, 'distance_accuracy_value', 'NONE');
#1823 = SURFACE_STYLE_FILL_AREA ( #902 ) ;
#1824 = EDGE_LOOP ( 'NONE', ( #208, #1184, #4406, #2114 ) ) ;
#1825 = UNCERTAINTY_MEASURE_WITH_UNIT (LENGTH_MEASURE( 1.000000000000000100E-005 ), #1410, 'distance_accuracy_value', 'NONE');
#1826 = ORIENTED_EDGE ( 'NONE', *, *, #743, .F. ) ;
#1827 =( GEOMETRIC_REPRESENTATION_CONTEXT ( 3 ) GLOBAL_UNCERTAINTY_ASSIGNED_CONTEXT ( ( #877 ) ) GLOBAL_UNIT_ASSIGNED_CONTEXT ( ( #589, #3176, #951 ) ) REPRESENTATION_CONTEXT ( 'NONE', 'WORKASPACE' ) );
#1828 = FACE_OUTER_BOUND ( 'NONE', #1362, .T. ) ;
#1829 = DIRECTION ( 'NONE',  ( -1.000000000000000000, 0.0000000000000000000, 0.0000000000000000000 ) ) ;
#1830 = ORIENTED_EDGE ( 'NONE', *, *, #1608, .F. ) ;
#1831 = PRESENTATION_STYLE_ASSIGNMENT (( #630 ) ) ;
#1832 = SURFACE_SIDE_STYLE ('',( #2476 ) ) ;
#1833 = CARTESIAN_POINT ( 'NONE',  ( -2.999999999999995600, -4.400059581860646800E-009, -4.046615916591203000E-012 ) ) ;
#1834 = CARTESIAN_POINT ( 'NONE',  ( -29.62500000000000000, 35.80999999559993800, -2.650000000004046500 ) ) ;
#1835 = CARTESIAN_POINT ( 'NONE',  ( -8.673617379884035500E-016, 15.94956969303915400, 3.906517894471606600E-015 ) ) ;
#1836 = FILL_AREA_STYLE_COLOUR ( '', #3853 ) ;
#1837 = PRESENTATION_LAYER_ASSIGNMENT (  '', '', ( #1083 ) ) ;
#1838 = CARTESIAN_POINT ( 'NONE',  ( -36.60000000000000100, 35.30999999559993800, 5.099999999995953100 ) ) ;
#1839 = ORIENTED_EDGE ( 'NONE', *, *, #7, .F. ) ;
#1840 = DIRECTION ( 'NONE',  ( 0.0000000000000000000, 1.000000000000000000, 0.0000000000000000000 ) ) ;
#1841 = CARTESIAN_POINT ( 'NONE',  ( -22.44999999999999200, 33.28929288928813400, 5.464583333329037500 ) ) ;
#1842 = MECHANICAL_DESIGN_GEOMETRIC_PRESENTATION_REPRESENTATION (  '', ( #1329 ), #2090 ) ;
#1843 = SURFACE_STYLE_USAGE ( .BOTH. , #4039 ) ;
#1844 = ADVANCED_FACE ( 'NONE', ( #1384 ), #3857, .F. ) ;
#1845 = CARTESIAN_POINT ( 'NONE',  ( -22.44999999999999900, 35.30999999559993800, 3.599999999995953500 ) ) ;
#1846 = EDGE_CURVE ( 'NONE', #1951, #3831, #76, .T. ) ;
#1847 = STYLED_ITEM ( 'NONE', ( #2298 ), #2415 ) ;
#1848 = DIRECTION ( 'NONE',  ( 0.0000000000000000000, 0.0000000000000000000, 1.000000000000000000 ) ) ;
#1849 = CARTESIAN_POINT ( 'NONE',  ( 0.0000000000000000000, 0.0000000000000000000, 0.0000000000000000000 ) ) ;
#1850 =( LENGTH_UNIT ( ) NAMED_UNIT ( * ) SI_UNIT ( .MILLI., .METRE. ) );
#1851 =( LENGTH_UNIT ( ) NAMED_UNIT ( * ) SI_UNIT ( .MILLI., .METRE. ) );
#1852 = VECTOR ( 'NONE', #4613, 1000.000000000000000 ) ;
#1853 = SURFACE_SIDE_STYLE ('',( #2711 ) ) ;
#1854 = AXIS2_PLACEMENT_3D ( 'NONE', #970, #3567, #1359 ) ;
#1855 = DIRECTION ( 'NONE',  ( -1.000000000000000000, -0.0000000000000000000, -0.0000000000000000000 ) ) ;
#1856 = SURFACE_STYLE_FILL_AREA ( #893 ) ;
#1857 = CIRCLE ( 'NONE', #4468, 11.60000000000000000 ) ;
#1858 = CARTESIAN_POINT ( 'NONE',  ( -29.62500000000000000, 34.98999999559993800, 4.049999999995953300 ) ) ;
#1859 = AXIS2_PLACEMENT_3D ( 'NONE', #570, #3159, #931 ) ;
#1860 = EDGE_CURVE ( 'NONE', #3595, #4402, #3008, .T. ) ;
#1861 = CARTESIAN_POINT ( 'NONE',  ( 0.0000000000000000000, 25.00000000000000000, 9.765000000000000600 ) ) ;
#1862 = CIRCLE ( 'NONE', #2151, 3.300000000000000700 ) ;
#1863 = ORIENTED_EDGE ( 'NONE', *, *, #505, .T. ) ;
#1864 = FILL_AREA_STYLE ('',( #1488 ) ) ;
#1865 =( NAMED_UNIT ( * ) PLANE_ANGLE_UNIT ( ) SI_UNIT ( $, .RADIAN. ) );
#1866 = DIRECTION ( 'NONE',  ( 1.000000000000000000, -0.0000000000000000000, -0.0000000000000000000 ) ) ;
#1867 = ORIENTED_EDGE ( 'NONE', *, *, #2349, .F. ) ;
#1868 = CARTESIAN_POINT ( 'NONE',  ( -46.50000000000000000, 0.0000000000000000000, 0.0000000000000000000 ) ) ;
#1869 = ADVANCED_FACE ( 'NONE', ( #1031 ), #3518, .T. ) ;
#1870 = PRESENTATION_STYLE_ASSIGNMENT (( #4394 ) ) ;
#1871 =( GEOMETRIC_REPRESENTATION_CONTEXT ( 3 ) GLOBAL_UNCERTAINTY_ASSIGNED_CONTEXT ( ( #4369 ) ) GLOBAL_UNIT_ASSIGNED_CONTEXT ( ( #3582, #2164, #1784 ) ) REPRESENTATION_CONTEXT ( 'NONE', 'WORKASPACE' ) );
#1872 = SURFACE_SIDE_STYLE ('',( #2233 ) ) ;
#1873 = ORIENTED_EDGE ( 'NONE', *, *, #3941, .T. ) ;
#1874 = LINE ( 'NONE', #443, #865 ) ;
#1875 = LINE ( 'NONE', #1058, #866 ) ;
#1876 = EDGE_CURVE ( 'NONE', #4610, #2067, #1563, .T. ) ;
#1877 = STYLED_ITEM ( 'NONE', ( #1970 ), #1920 ) ;
#1878 = ORIENTED_EDGE ( 'NONE', *, *, #52, .F. ) ;
#1879 = EDGE_LOOP ( 'NONE', ( #1455, #3029, #4012, #2328, #481, #360, #1839, #4354, #3499, #365 ) ) ;
#1880 = ORIENTED_EDGE ( 'NONE', *, *, #483, .F. ) ;
#1881 = ORIENTED_EDGE ( 'NONE', *, *, #2580, .F. ) ;
#1882 = ORIENTED_EDGE ( 'NONE', *, *, #4430, .T. ) ;
#1883 = CARTESIAN_POINT ( 'NONE',  ( -0.6470537028910733300, -15.05000000000000100, -1.898176189976284800E-015 ) ) ;
#1884 = ORIENTED_EDGE ( 'NONE', *, *, #2385, .T. ) ;
#1885 =( LENGTH_UNIT ( ) NAMED_UNIT ( * ) SI_UNIT ( .MILLI., .METRE. ) );
#1886 = ORIENTED_EDGE ( 'NONE', *, *, #2420, .T. ) ;
#1887 = SURFACE_SIDE_STYLE ('',( #1691 ) ) ;
#1888 = ORIENTED_EDGE ( 'NONE', *, *, #1235, .T. ) ;
#1889 = LINE ( 'NONE', #4084, #879 ) ;
#1890 = DIRECTION ( 'NONE',  ( -1.000000000000000000, -0.0000000000000000000, -0.0000000000000000000 ) ) ;
#1891 = EDGE_CURVE ( 'NONE', #608, #2453, #2538, .T. ) ;
#1892 = CARTESIAN_POINT ( 'NONE',  ( -32.89999999999999100, 32.38205338121209600, -5.100000000003921800 ) ) ;
#1893 =( GEOMETRIC_REPRESENTATION_CONTEXT ( 3 ) GLOBAL_UNCERTAINTY_ASSIGNED_CONTEXT ( ( #820 ) ) GLOBAL_UNIT_ASSIGNED_CONTEXT ( ( #1026, #3615, #1402 ) ) REPRESENTATION_CONTEXT ( 'NONE', 'WORKASPACE' ) );
#1894 = ORIENTED_EDGE ( 'NONE', *, *, #3089, .F. ) ;
#1895 = ORIENTED_EDGE ( 'NONE', *, *, #3164, .F. ) ;
#1896 =( LENGTH_UNIT ( ) NAMED_UNIT ( * ) SI_UNIT ( .MILLI., .METRE. ) );
#1897 = ADVANCED_FACE ( 'NONE', ( #569 ), #592, .F. ) ;
#1898 = COLOUR_RGB ( '',0.0000000000000000000, 0.0000000000000000000, 0.0000000000000000000 ) ;
#1899 = FILL_AREA_STYLE ('',( #3725 ) ) ;
#1900 = STYLED_ITEM ( 'NONE', ( #1263 ), #603 ) ;
#1901 = DIRECTION ( 'NONE',  ( 1.000000000000000000, -0.0000000000000000000, -0.0000000000000000000 ) ) ;
#1902 = SURFACE_STYLE_FILL_AREA ( #1972 ) ;
#1903 = EDGE_CURVE ( 'NONE', #3644, #3655, #1092, .T. ) ;
#1904 = VECTOR ( 'NONE', #835, 1000.000000000000000 ) ;
#1905 = DIRECTION ( 'NONE',  ( 0.0000000000000000000, 0.0000000000000000000, -1.000000000000000000 ) ) ;
#1906 = DIRECTION ( 'NONE',  ( 0.0000000000000000000, -1.000000000000000000, 0.0000000000000000000 ) ) ;
#1907 = UNCERTAINTY_MEASURE_WITH_UNIT (LENGTH_MEASURE( 1.000000000000000100E-005 ), #3549, 'distance_accuracy_value', 'NONE');
#1908 = FACE_OUTER_BOUND ( 'NONE', #1136, .T. ) ;
#1909 = EDGE_CURVE ( 'NONE', #4761, #3374, #2087, .T. ) ;
#1910 = PRESENTATION_STYLE_ASSIGNMENT (( #3887 ) ) ;
#1911 =( GEOMETRIC_REPRESENTATION_CONTEXT ( 3 ) GLOBAL_UNCERTAINTY_ASSIGNED_CONTEXT ( ( #1822 ) ) GLOBAL_UNIT_ASSIGNED_CONTEXT ( ( #4422, #2210, #10 ) ) REPRESENTATION_CONTEXT ( 'NONE', 'WORKASPACE' ) );
#1912 = CARTESIAN_POINT ( 'NONE',  ( -46.50000000000000000, 0.0000000000000000000, 0.0000000000000000000 ) ) ;
#1913 = SURFACE_STYLE_USAGE ( .BOTH. , #4110 ) ;
#1914 = COLOUR_RGB ( '',0.7764705882352941300, 0.7568627450980391900, 0.7372549019607843600 ) ;
#1915 = LINE ( 'NONE', #2895, #4741 ) ;
#1916 = ORIENTED_EDGE ( 'NONE', *, *, #3835, .T. ) ;
#1917 = MECHANICAL_DESIGN_GEOMETRIC_PRESENTATION_REPRESENTATION (  '', ( #1417 ), #2168 ) ;
#1918 = VECTOR ( 'NONE', #111, 1000.000000000000000 ) ;
#1919 = CIRCLE ( 'NONE', #4564, 16.75000000000000000 ) ;
#1920 = ADVANCED_FACE ( 'NONE', ( #4036 ), #276, .F. ) ;
#1921 = SURFACE_STYLE_USAGE ( .BOTH. , #4181 ) ;
#1922 = ORIENTED_EDGE ( 'NONE', *, *, #1357, .T. ) ;
#1923 = CARTESIAN_POINT ( 'NONE',  ( 0.0000000000000000000, 2.081899558550500300E-015, -17.00000000000000000 ) ) ;
#1924 = PRESENTATION_STYLE_ASSIGNMENT (( #2730 ) ) ;
#1925 = DIRECTION ( 'NONE',  ( 0.0000000000000000000, -1.000000000000000000, 0.0000000000000000000 ) ) ;
#1926 =( GEOMETRIC_REPRESENTATION_CONTEXT ( 3 ) GLOBAL_UNCERTAINTY_ASSIGNED_CONTEXT ( ( #2783 ) ) GLOBAL_UNIT_ASSIGNED_CONTEXT ( ( #2102, #1704, #4595 ) ) REPRESENTATION_CONTEXT ( 'NONE', 'WORKASPACE' ) );
#1927 = FILL_AREA_STYLE ('',( #1552 ) ) ;
#1928 = CARTESIAN_POINT ( 'NONE',  ( -32.89999999999999100, 32.38205338120628300, 5.099999999995950400 ) ) ;
#1929 = ORIENTED_EDGE ( 'NONE', *, *, #2137, .T. ) ;
#1930 = SURFACE_STYLE_USAGE ( .BOTH. , #4124 ) ;
#1931 = DIRECTION ( 'NONE',  ( 0.0000000000000000000, 0.0000000000000000000, 1.000000000000000000 ) ) ;
#1932 = EDGE_CURVE ( 'NONE', #656, #4437, #3570, .T. ) ;
#1933 = ORIENTED_EDGE ( 'NONE', *, *, #874, .F. ) ;
#1934 =( GEOMETRIC_REPRESENTATION_CONTEXT ( 3 ) GLOBAL_UNCERTAINTY_ASSIGNED_CONTEXT ( ( #1489 ) ) GLOBAL_UNIT_ASSIGNED_CONTEXT ( ( #1128, #29, #1020 ) ) REPRESENTATION_CONTEXT ( 'NONE', 'WORKASPACE' ) );
#1935 = DIRECTION ( 'NONE',  ( 0.0000000000000000000, 0.0000000000000000000, 1.000000000000000000 ) ) ;
#1936 = ORIENTED_EDGE ( 'NONE', *, *, #2859, .T. ) ;
#1937 = ORIENTED_EDGE ( 'NONE', *, *, #636, .F. ) ;
#1938 = EDGE_CURVE ( 'NONE', #2436, #1292, #1614, .T. ) ;
#1939 =( NAMED_UNIT ( * ) PLANE_ANGLE_UNIT ( ) SI_UNIT ( $, .RADIAN. ) );
#1940 =( GEOMETRIC_REPRESENTATION_CONTEXT ( 3 ) GLOBAL_UNCERTAINTY_ASSIGNED_CONTEXT ( ( #3873 ) ) GLOBAL_UNIT_ASSIGNED_CONTEXT ( ( #4503, #2278, #79 ) ) REPRESENTATION_CONTEXT ( 'NONE', 'WORKASPACE' ) );
#1941 = LINE ( 'NONE', #4186, #3885 ) ;
#1942 = ORIENTED_EDGE ( 'NONE', *, *, #897, .F. ) ;
#1943 = CARTESIAN_POINT ( 'NONE',  ( -1.517883041479706200E-015, -16.30043030335877000, -1.996226979573283700E-015 ) ) ;
#1944 = ORIENTED_EDGE ( 'NONE', *, *, #890, .F. ) ;
#1945 =( LENGTH_UNIT ( ) NAMED_UNIT ( * ) SI_UNIT ( .MILLI., .METRE. ) );
#1946 = DIRECTION ( 'NONE',  ( 0.0000000000000000000, 0.0000000000000000000, -1.000000000000000000 ) ) ;
#1947 = CYLINDRICAL_SURFACE ( 'NONE', #2285, 0.4999999999973749300 ) ;
#1948 = ORIENTED_EDGE ( 'NONE', *, *, #1594, .T. ) ;
#1949 =( GEOMETRIC_REPRESENTATION_CONTEXT ( 3 ) GLOBAL_UNCERTAINTY_ASSIGNED_CONTEXT ( ( #3808 ) ) GLOBAL_UNIT_ASSIGNED_CONTEXT ( ( #2724, #517, #3102 ) ) REPRESENTATION_CONTEXT ( 'NONE', 'WORKASPACE' ) );
#1950 = ORIENTED_EDGE ( 'NONE', *, *, #4019, .F. ) ;
#1951 = VERTEX_POINT ( 'NONE', #1388 ) ;
#1952 = PRESENTATION_STYLE_ASSIGNMENT (( #1621 ) ) ;
#1953 = CARTESIAN_POINT ( 'NONE',  ( -22.44999999999999200, 33.44999999559993900, -4.046182235722208800E-012 ) ) ;
#1954 =( GEOMETRIC_REPRESENTATION_CONTEXT ( 3 ) GLOBAL_UNCERTAINTY_ASSIGNED_CONTEXT ( ( #1370 ) ) GLOBAL_UNIT_ASSIGNED_CONTEXT ( ( #96, #2658, #451 ) ) REPRESENTATION_CONTEXT ( 'NONE', 'WORKASPACE' ) );
#1955 = CARTESIAN_POINT ( 'NONE',  ( -36.71715728752536000, 36.80999999559991700, -3.600000000003753100 ) ) ;
#1956 = VECTOR ( 'NONE', #3732, 1000.000000000000000 ) ;
#1957 = DIRECTION ( 'NONE',  ( 0.0000000000000000000, -0.0000000000000000000, 1.000000000000000000 ) ) ;
#1958 = CARTESIAN_POINT ( 'NONE',  ( -22.44999999999999900, 33.84602668839994500, 5.099999999995953100 ) ) ;
#1959 = DIRECTION ( 'NONE',  ( -1.000000000000000000, -0.0000000000000000000, -0.0000000000000000000 ) ) ;
#1960 = SURFACE_STYLE_FILL_AREA ( #225 ) ;
#1961 = DIRECTION ( 'NONE',  ( -0.0000000000000000000, -1.000000000000000000, -0.0000000000000000000 ) ) ;
#1962 =( GEOMETRIC_REPRESENTATION_CONTEXT ( 3 ) GLOBAL_UNCERTAINTY_ASSIGNED_CONTEXT ( ( #3208 ) ) GLOBAL_UNIT_ASSIGNED_CONTEXT ( ( #2438, #4433, #1440 ) ) REPRESENTATION_CONTEXT ( 'NONE', 'WORKASPACE' ) );
#1963 = CARTESIAN_POINT ( 'NONE',  ( -10.36497441825813200, 16.29791545672790300, -8.758278155791774800 ) ) ;
#1964 = LINE ( 'NONE', #3007, #956 ) ;
#1965 = CARTESIAN_POINT ( 'NONE',  ( -46.50000000000000000, 0.0000000000000000000, 9.500000000000000000 ) ) ;
#1966 = EDGE_CURVE ( 'NONE', #309, #2661, #625, .T. ) ;
#1967 = CARTESIAN_POINT ( 'NONE',  ( -4.499999999999997300, 15.03253035862343600, -10.00000000000404700 ) ) ;
#1968 =( GEOMETRIC_REPRESENTATION_CONTEXT ( 3 ) GLOBAL_UNCERTAINTY_ASSIGNED_CONTEXT ( ( #4261 ) ) GLOBAL_UNIT_ASSIGNED_CONTEXT ( ( #3851, #1653, #4219 ) ) REPRESENTATION_CONTEXT ( 'NONE', 'WORKASPACE' ) );
#1969 = UNCERTAINTY_MEASURE_WITH_UNIT (LENGTH_MEASURE( 1.000000000000000100E-005 ), #945, 'distance_accuracy_value', 'NONE');
#1970 = PRESENTATION_STYLE_ASSIGNMENT (( #3214 ) ) ;
#1971 = SURFACE_STYLE_USAGE ( .BOTH. , #4161 ) ;
#1972 = FILL_AREA_STYLE ('',( #3288 ) ) ;
#1973 = AXIS2_PLACEMENT_3D ( 'NONE', #3840, #2374, #4626 ) ;
#1974 = DIRECTION ( 'NONE',  ( -0.0000000000000000000, -0.0000000000000000000, 1.000000000000000000 ) ) ;
#1975 = CIRCLE ( 'NONE', #4196, 17.10000000000000100 ) ;
#1976 = DIRECTION ( 'NONE',  ( 1.000000000000000000, -2.628368902995163000E-016, 2.763329236092798100E-031 ) ) ;
#1977 = CARTESIAN_POINT ( 'NONE',  ( -15.23238353578355100, 18.22429370421847100, -3.197418443042085100 ) ) ;
#1978 = ORIENTED_EDGE ( 'NONE', *, *, #23, .F. ) ;
#1979 = EDGE_CURVE ( 'NONE', #4107, #3595, #2599, .T. ) ;
#1980 = AXIS2_PLACEMENT_3D ( 'NONE', #1091, #3674, #1464 ) ;
#1981 = FILL_AREA_STYLE ('',( #4451 ) ) ;
#1982 = DIRECTION ( 'NONE',  ( 0.0000000000000000000, -1.000000000000000000, 0.0000000000000000000 ) ) ;
#1983 = ORIENTED_EDGE ( 'NONE', *, *, #4374, .T. ) ;
#1984 = FILL_AREA_STYLE ('',( #2271 ) ) ;
#1985 = SURFACE_SIDE_STYLE ('',( #3982 ) ) ;
#1986 = DIRECTION ( 'NONE',  ( -1.000000000000000000, 0.0000000000000000000, 0.0000000000000000000 ) ) ;
#1987 = ADVANCED_FACE ( 'NONE', ( #4573 ), #1404, .T. ) ;
#1988 =( NAMED_UNIT ( * ) SI_UNIT ( $, .STERADIAN. ) SOLID_ANGLE_UNIT ( ) );
#1989 = CARTESIAN_POINT ( 'NONE',  ( 0.0000000000000000000, 15.71288563568130500, -9.765000000000000600 ) ) ;
#1990 = EDGE_LOOP ( 'NONE', ( #2388, #520, #3247, #2635 ) ) ;
#1991 = VECTOR ( 'NONE', #3737, 1000.000000000000000 ) ;
#1992 = CARTESIAN_POINT ( 'NONE',  ( -15.99999999999999300, 29.14999999559993400, 4.299999999995954200 ) ) ;
#1993 =( NAMED_UNIT ( * ) PLANE_ANGLE_UNIT ( ) SI_UNIT ( $, .RADIAN. ) );
#1994 = DIRECTION ( 'NONE',  ( 1.000000000000000000, -0.0000000000000000000, -0.0000000000000000000 ) ) ;
#1995 = ORIENTED_EDGE ( 'NONE', *, *, #483, .T. ) ;
#1996 = CARTESIAN_POINT ( 'NONE',  ( -14.75646984956545900, 17.98677434598850100, 4.369468683006462400 ) ) ;
#1997 = ORIENTED_EDGE ( 'NONE', *, *, #2064, .T. ) ;
#1998 = EDGE_CURVE ( 'NONE', #1339, #4168, #3111, .T. ) ;
#1999 = ORIENTED_EDGE ( 'NONE', *, *, #4202, .T. ) ;
#2000 = EDGE_LOOP ( 'NONE', ( #4596, #3493 ) ) ;
#2001 = VECTOR ( 'NONE', #2347, 1000.000000000000000 ) ;
#2002 = PLANE ( 'NONE',  #2679 ) ;
#2003 = COLOUR_RGB ( '',0.7764705882352941300, 0.7568627450980391900, 0.7372549019607843600 ) ;
#2004 = VERTEX_POINT ( 'NONE', #1045 ) ;
#2005 = EDGE_CURVE ( 'NONE', #2684, #2436, #186, .T. ) ;
#2006 =( NAMED_UNIT ( * ) PLANE_ANGLE_UNIT ( ) SI_UNIT ( $, .RADIAN. ) );
#2007 = STYLED_ITEM ( 'NONE', ( #63 ), #2565 ) ;
#2008 = UNCERTAINTY_MEASURE_WITH_UNIT (LENGTH_MEASURE( 1.000000000000000100E-005 ), #2809, 'distance_accuracy_value', 'NONE');
#2009 = VERTEX_POINT ( 'NONE', #2534 ) ;
#2010 = CARTESIAN_POINT ( 'NONE',  ( -22.44999999999999900, 36.80999999559993800, 3.599999999995953500 ) ) ;
#2011 = SURFACE_SIDE_STYLE ('',( #3735 ) ) ;
#2012 = CARTESIAN_POINT ( 'NONE',  ( -8.264594520263667500, 15.87208032194656000, 9.504357408111120600 ) ) ;
#2013 = STYLED_ITEM ( 'NONE', ( #3030 ), #3673 ) ;
#2014 = VECTOR ( 'NONE', #2272, 1000.000000000000000 ) ;
#2015 = CARTESIAN_POINT ( 'NONE',  ( -0.6470537028910733300, -17.19999999639791700, -2.106392494092319100E-015 ) ) ;
#2016 = SURFACE_STYLE_FILL_AREA ( #3587 ) ;
#2017 = PRODUCT_RELATED_PRODUCT_CATEGORY ( 'part', '', ( #2300 ) ) ;
#2018 = EDGE_CURVE ( 'NONE', #4107, #3138, #2142, .T. ) ;
#2019 = DIRECTION ( 'NONE',  ( -1.000000000000000000, -0.0000000000000000000, -0.0000000000000000000 ) ) ;
#2020 = VECTOR ( 'NONE', #3781, 1000.000000000000000 ) ;
#2021 = VECTOR ( 'NONE', #3601, 1000.000000000000000 ) ;
#2022 = FILL_AREA_STYLE_COLOUR ( '', #4653 ) ;
#2023 = SURFACE_SIDE_STYLE ('',( #4256 ) ) ;
#2024 =( GEOMETRIC_REPRESENTATION_CONTEXT ( 3 ) GLOBAL_UNCERTAINTY_ASSIGNED_CONTEXT ( ( #1729 ) ) GLOBAL_UNIT_ASSIGNED_CONTEXT ( ( #467, #913, #3622 ) ) REPRESENTATION_CONTEXT ( 'NONE', 'WORKASPACE' ) );
#2025 = VECTOR ( 'NONE', #1064, 1000.000000000000000 ) ;
#2026 = CARTESIAN_POINT ( 'NONE',  ( -36.60000000000000100, 35.30999999559993800, -3.600000000004047100 ) ) ;
#2027 = CIRCLE ( 'NONE', #236, 0.2000000000000057300 ) ;
#2028 = SURFACE_STYLE_USAGE ( .BOTH. , #1673 ) ;
#2029 = DIRECTION ( 'NONE',  ( -0.2588190450974460200, -0.9659258262904280000, 0.0000000000000000000 ) ) ;
#2030 = SURFACE_STYLE_FILL_AREA ( #2785 ) ;
#2031 = EDGE_CURVE ( 'NONE', #2428, #2863, #4090, .T. ) ;
#2032 =( NAMED_UNIT ( * ) SI_UNIT ( $, .STERADIAN. ) SOLID_ANGLE_UNIT ( ) );
#2033 = COLOUR_RGB ( '',0.7764705882352941300, 0.7568627450980391900, 0.7372549019607843600 ) ;
#2034 = CARTESIAN_POINT ( 'NONE',  ( -15.99999999999999300, 33.44999999559993900, -4.046615916591203000E-012 ) ) ;
#2035 = SURFACE_SIDE_STYLE ('',( #123 ) ) ;
#2036 = DIRECTION ( 'NONE',  ( 0.0000000000000000000, 0.0000000000000000000, -1.000000000000000000 ) ) ;
#2037 = PRESENTATION_LAYER_ASSIGNMENT (  '', '', ( #1786 ) ) ;
#2038 = VECTOR ( 'NONE', #535, 1000.000000000000000 ) ;
#2039 = ORIENTED_EDGE ( 'NONE', *, *, #387, .F. ) ;
#2040 = LINE ( 'NONE', #1207, #83 ) ;
#2041 = CARTESIAN_POINT ( 'NONE',  ( -3.174445100197730500, 15.69531493422996200, -10.70823918436600600 ) ) ;
#2042 = CARTESIAN_POINT ( 'NONE',  ( -36.60000000000000100, 36.80999999559993800, -3.600000000004046200 ) ) ;
#2043 = FILL_AREA_STYLE_COLOUR ( '', #3990 ) ;
#2044 = CARTESIAN_POINT ( 'NONE',  ( -32.89999999999999900, 24.24999999559994300, 4.299999999995954200 ) ) ;
#2045 = ORIENTED_EDGE ( 'NONE', *, *, #2385, .F. ) ;
#2046 = PRESENTATION_STYLE_ASSIGNMENT (( #3144 ) ) ;
#2047 = STYLED_ITEM ( 'NONE', ( #3891 ), #4387 ) ;
#2048 =( LENGTH_UNIT ( ) NAMED_UNIT ( * ) SI_UNIT ( .MILLI., .METRE. ) );
#2049 = DIRECTION ( 'NONE',  ( -1.000000000000000000, -0.0000000000000000000, -0.0000000000000000000 ) ) ;
#2050 = VERTEX_POINT ( 'NONE', #691 ) ;
#2051 = SURFACE_STYLE_FILL_AREA ( #3681 ) ;
#2052 =( NAMED_UNIT ( * ) SI_UNIT ( $, .STERADIAN. ) SOLID_ANGLE_UNIT ( ) );
#2053 =( NAMED_UNIT ( * ) PLANE_ANGLE_UNIT ( ) SI_UNIT ( $, .RADIAN. ) );
#2054 = ORIENTED_EDGE ( 'NONE', *, *, #3454, .F. ) ;
#2055 = AXIS2_PLACEMENT_3D ( 'NONE', #1108, #2817, #428 ) ;
#2056 = FACE_OUTER_BOUND ( 'NONE', #1267, .T. ) ;
#2057 = CARTESIAN_POINT ( 'NONE',  ( -1.500000000000001300, 0.0000000000000000000, 0.0000000000000000000 ) ) ;
#2058 = LINE ( 'NONE', #1249, #2788 ) ;
#2059 = EDGE_LOOP ( 'NONE', ( #4555, #2451, #937, #1398 ) ) ;
#2060 = FILL_AREA_STYLE_COLOUR ( '', #3788 ) ;
#2061 =( BOUNDED_SURFACE ( )  B_SPLINE_SURFACE ( 3, 3, ( 
 ( #4197, #128, #847, #3078 ),
 ( #3758, #1189, #1567, #4134 ),
 ( #1261, #3107, #2732, #2197 ),
 ( #4780, #4276, #392, #3720 ) ),
 .UNSPECIFIED., .F., .F., .T. ) 
 B_SPLINE_SURFACE_WITH_KNOTS ( ( 4, 4 ),
 ( 4, 4 ),
 ( 0.0000000000000000000, 1.000000000000000000 ),
 ( 0.0000000000000000000, 1.000000000000000000 ),
 .UNSPECIFIED. ) 
 GEOMETRIC_REPRESENTATION_ITEM ( )  RATIONAL_B_SPLINE_SURFACE ( (
 ( 1.000000000000000000, 0.3333333333333334300, 0.3333333333333334300, 1.000000000000000000),
 ( 0.8695484763729034400, 0.2898494921243012200, 0.2898494921243012200, 0.8695484763729034400),
 ( 0.8695484763729034400, 0.2898494921243012200, 0.2898494921243012200, 0.8695484763729034400),
 ( 1.000000000000000000, 0.3333333333333334300, 0.3333333333333334300, 1.000000000000000000) ) ) 
 REPRESENTATION_ITEM ( '' )  SURFACE ( )  );
#2062 = CARTESIAN_POINT ( 'NONE',  ( -4.499999999999997300, 14.78797312709994000, -11.50000000000404800 ) ) ;
#2063 = ORIENTED_EDGE ( 'NONE', *, *, #374, .F. ) ;
#2064 = EDGE_CURVE ( 'NONE', #1047, #160, #3932, .T. ) ;
#2065 = PRESENTATION_LAYER_ASSIGNMENT (  '', '', ( #1304 ) ) ;
#2066 = DIRECTION ( 'NONE',  ( 0.0000000000000000000, -1.000000000000000000, 1.776356839400266600E-015 ) ) ;
#2067 = VERTEX_POINT ( 'NONE', #2553 ) ;
#2068 = CARTESIAN_POINT ( 'NONE',  ( 0.0000000000000000000, -16.30043030335877000, -2.051309736832801800E-015 ) ) ;
#2069 = DIRECTION ( 'NONE',  ( -0.0000000000000000000, -0.0000000000000000000, -1.000000000000000000 ) ) ;
#2070 = ORIENTED_EDGE ( 'NONE', *, *, #2240, .T. ) ;
#2071 = CIRCLE ( 'NONE', #3296, 18.50000000000000000 ) ;
#2072 = FILL_AREA_STYLE_COLOUR ( '', #2360 ) ;
#2073 =( NAMED_UNIT ( * ) SI_UNIT ( $, .STERADIAN. ) SOLID_ANGLE_UNIT ( ) );
#2074 = VECTOR ( 'NONE', #2196, 1000.000000000000000 ) ;
#2075 = CARTESIAN_POINT ( 'NONE',  ( -34.62764571353498900, 32.63791941886493900, -4.900000001906047200 ) ) ;
#2076 = CARTESIAN_POINT ( 'NONE',  ( -4.606601717872107900, 32.82867965236334800, -11.50000000000395200 ) ) ;
#2077 = DIRECTION ( 'NONE',  ( 1.000000000000000000, 0.0000000000000000000, 0.0000000000000000000 ) ) ;
#2078 = LINE ( 'NONE', #448, #1956 ) ;
#2079 = CYLINDRICAL_SURFACE ( 'NONE', #1017, 0.1999999999997447200 ) ;
#2080 = PLANE ( 'NONE',  #2605 ) ;
#2081 = CARTESIAN_POINT ( 'NONE',  ( -14.22499999999999400, 33.44999999559993900, 9.999999999995949900 ) ) ;
#2082 = CARTESIAN_POINT ( 'NONE',  ( -6.907822377807994100, 15.66707935241994100, -9.870555875809049700 ) ) ;
#2083 = MECHANICAL_DESIGN_GEOMETRIC_PRESENTATION_REPRESENTATION (  '', ( #1083 ), #2315 ) ;
#2084 = CARTESIAN_POINT ( 'NONE',  ( -27.67499999999999700, 33.28929288928993900, -5.464583333337046200 ) ) ;
#2085 = CARTESIAN_POINT ( 'NONE',  ( -29.52499999999999500, 33.77060601645994400, 5.099999999995953100 ) ) ;
#2086 = CARTESIAN_POINT ( 'NONE',  ( -1.517883041479706200E-015, 16.30043030335876600, -32.60086060671753200 ) ) ;
#2087 = LINE ( 'NONE', #955, #3913 ) ;
#2088 = FILL_AREA_STYLE_COLOUR ( '', #3822 ) ;
#2089 = EDGE_CURVE ( 'NONE', #4285, #86, #1027, .T. ) ;
#2090 =( GEOMETRIC_REPRESENTATION_CONTEXT ( 3 ) GLOBAL_UNCERTAINTY_ASSIGNED_CONTEXT ( ( #3616 ) ) GLOBAL_UNIT_ASSIGNED_CONTEXT ( ( #2418, #4295, #1511 ) ) REPRESENTATION_CONTEXT ( 'NONE', 'WORKASPACE' ) );
#2091 = CARTESIAN_POINT ( 'NONE',  ( -15.12490339781698800, 16.64024351962889600, -3.492049780294983500 ) ) ;
#2092 = SURFACE_STYLE_USAGE ( .BOTH. , #4296 ) ;
#2093 = EDGE_CURVE ( 'NONE', #3983, #4716, #1155, .T. ) ;
#2094 = DIRECTION ( 'NONE',  ( 0.9659258262886332200, -0.2588190451041449400, -0.0000000000000000000 ) ) ;
#2095 = ORIENTED_EDGE ( 'NONE', *, *, #1435, .F. ) ;
#2096 = AXIS2_PLACEMENT_3D ( 'NONE', #870, #3095, #3109 ) ;
#2097 = LINE ( 'NONE', #180, #4041 ) ;
#2098 = ORIENTED_EDGE ( 'NONE', *, *, #3924, .F. ) ;
#2099 =( NAMED_UNIT ( * ) PLANE_ANGLE_UNIT ( ) SI_UNIT ( $, .RADIAN. ) );
#2100 = ORIENTED_EDGE ( 'NONE', *, *, #168, .F. ) ;
#2101 = FACE_OUTER_BOUND ( 'NONE', #478, .T. ) ;
#2102 =( LENGTH_UNIT ( ) NAMED_UNIT ( * ) SI_UNIT ( .MILLI., .METRE. ) );
#2103 = AXIS2_PLACEMENT_3D ( 'NONE', #2082, #4664, #2434 ) ;
#2104 = CARTESIAN_POINT ( 'NONE',  ( -22.44999999999999900, 35.30999999559993800, 3.599999999995953500 ) ) ;
#2105 = ORIENTED_EDGE ( 'NONE', *, *, #3899, .T. ) ;
#2106 = LINE ( 'NONE', #4490, #149 ) ;
#2107 = CARTESIAN_POINT ( 'NONE',  ( 0.0000000000000000000, 0.0000000000000000000, -11.90000000000000000 ) ) ;
#2108 = ORIENTED_EDGE ( 'NONE', *, *, #4243, .F. ) ;
#2109 = STYLED_ITEM ( 'NONE', ( #4173 ), #4752 ) ;
#2110 = COLOUR_RGB ( '',0.0000000000000000000, 0.0000000000000000000, 0.0000000000000000000 ) ;
#2111 = EDGE_CURVE ( 'NONE', #1116, #3995, #72, .T. ) ;
#2112 = DIRECTION ( 'NONE',  ( 0.0000000000000000000, -1.000000000000000000, 0.0000000000000000000 ) ) ;
#2113 = CARTESIAN_POINT ( 'NONE',  ( -4.499999999823683300, 31.32867965198600800, 11.49999999999595200 ) ) ;
#2114 = ORIENTED_EDGE ( 'NONE', *, *, #2610, .T. ) ;
#2115 = FACE_OUTER_BOUND ( 'NONE', #171, .T. ) ;
#2116 = CARTESIAN_POINT ( 'NONE',  ( -2.999999999999995600, 16.15549441700338900, -10.00000000000405200 ) ) ;
#2117 = UNCERTAINTY_MEASURE_WITH_UNIT (LENGTH_MEASURE( 1.000000000000000100E-005 ), #1441, 'distance_accuracy_value', 'NONE');
#2118 = ORIENTED_EDGE ( 'NONE', *, *, #3067, .F. ) ;
#2119 = ADVANCED_FACE ( 'NONE', ( #1908 ), #2414, .F. ) ;
#2120 = APPLICATION_CONTEXT ( 'automotive_design' ) ;
#2121 = CARTESIAN_POINT ( 'NONE',  ( -2.999999999999995600, 0.0000000000000000000, 0.0000000000000000000 ) ) ;
#2122 =( NAMED_UNIT ( * ) PLANE_ANGLE_UNIT ( ) SI_UNIT ( $, .RADIAN. ) );
#2123 = ORIENTED_EDGE ( 'NONE', *, *, #2813, .F. ) ;
#2124 = ORIENTED_EDGE ( 'NONE', *, *, #3209, .F. ) ;
#2125 = VECTOR ( 'NONE', #1681, 1000.000000000000000 ) ;
#2126 = EDGE_CURVE ( 'NONE', #2609, #3544, #4385, .T. ) ;
#2127 = AXIS2_PLACEMENT_3D ( 'NONE', #611, #3199, #969 ) ;
#2128 =( LENGTH_UNIT ( ) NAMED_UNIT ( * ) SI_UNIT ( .MILLI., .METRE. ) );
#2129 = DIRECTION ( 'NONE',  ( 0.0000000000000000000, 0.0000000000000000000, -1.000000000000000000 ) ) ;
#2130 = CIRCLE ( 'NONE', #4638, 18.50000000000000000 ) ;
#2131 = DIRECTION ( 'NONE',  ( 0.9659258262894118200, -0.2588190451012388200, 0.0000000000000000000 ) ) ;
#2132 = AXIS2_PLACEMENT_3D ( 'NONE', #4050, #1855, #4443 ) ;
#2133 = CIRCLE ( 'NONE', #507, 4.299999999999994500 ) ;
#2134 =( NAMED_UNIT ( * ) SI_UNIT ( $, .STERADIAN. ) SOLID_ANGLE_UNIT ( ) );
#2135 = CARTESIAN_POINT ( 'NONE',  ( -36.30352761804116600, 33.29402585787391200, -4.900000000004037100 ) ) ;
#2136 = CIRCLE ( 'NONE', #3661, 19.00000000000000000 ) ;
#2137 = EDGE_CURVE ( 'NONE', #1737, #3483, #3514, .T. ) ;
#2138 = CARTESIAN_POINT ( 'NONE',  ( -36.79999999999918000, 33.68039618833805100, 5.017157287520910300 ) ) ;
#2139 = ORIENTED_EDGE ( 'NONE', *, *, #124, .F. ) ;
#2140 = PRESENTATION_LAYER_ASSIGNMENT (  '', '', ( #2370 ) ) ;
#2141 = DIRECTION ( 'NONE',  ( 0.0000000000000000000, 1.000000000000000000, 0.0000000000000000000 ) ) ;
#2142 = LINE ( 'NONE', #3997, #2025 ) ;
#2143 = DIRECTION ( 'NONE',  ( 0.0000000000000000000, 1.000000000000000000, 0.0000000000000000000 ) ) ;
#2144 = ADVANCED_FACE ( 'NONE', ( #3393 ), #127, .F. ) ;
#2145 = CARTESIAN_POINT ( 'NONE',  ( -32.90000000000171800, 32.17499814511348400, -4.046615916591203000E-012 ) ) ;
#2146 = AXIS2_PLACEMENT_3D ( 'NONE', #2488, #1148, #648 ) ;
#2147 = SURFACE_SIDE_STYLE ('',( #184 ) ) ;
#2148 = ORIENTED_EDGE ( 'NONE', *, *, #2240, .F. ) ;
#2149 = EDGE_CURVE ( 'NONE', #723, #3663, #4519, .T. ) ;
#2150 = CARTESIAN_POINT ( 'NONE',  ( 0.0000000000000000000, 15.94956969303915400, 0.0000000000000000000 ) ) ;
#2151 = AXIS2_PLACEMENT_3D ( 'NONE', #2044, #2766, #907 ) ;
#2152 = CARTESIAN_POINT ( 'NONE',  ( -6.809999999999996900, -4.400059437737448200E-009, -4.046615916591203000E-012 ) ) ;
#2153 = DIRECTION ( 'NONE',  ( 1.000000000000000000, 0.0000000000000000000, 0.0000000000000000000 ) ) ;
#2154 = CARTESIAN_POINT ( 'NONE',  ( -15.11783821675069600, 16.63637253886611600, 3.510228833994058800 ) ) ;
#2155 = CARTESIAN_POINT ( 'NONE',  ( -0.6470537028910734500, -17.19999999639791700, -2.106392494092319100E-015 ) ) ;
#2156 = PRESENTATION_STYLE_ASSIGNMENT (( #3497 ) ) ;
#2157 = ORIENTED_EDGE ( 'NONE', *, *, #3966, .F. ) ;
#2158 = CARTESIAN_POINT ( 'NONE',  ( -15.99999999999999300, 33.44999999559993900, -4.300000000004047300 ) ) ;
#2159 = VECTOR ( 'NONE', #694, 1000.000000000000000 ) ;
#2160 =( LENGTH_UNIT ( ) NAMED_UNIT ( * ) SI_UNIT ( .MILLI., .METRE. ) );
#2161 = EDGE_CURVE ( 'NONE', #3888, #941, #4028, .T. ) ;
#2162 = CARTESIAN_POINT ( 'NONE',  ( -6.809999999999996100, 18.99999999559993900, -4.046615916591203000E-012 ) ) ;
#2163 = ORIENTED_EDGE ( 'NONE', *, *, #2704, .T. ) ;
#2164 =( NAMED_UNIT ( * ) PLANE_ANGLE_UNIT ( ) SI_UNIT ( $, .RADIAN. ) );
#2165 = CYLINDRICAL_SURFACE ( 'NONE', #4463, 1.500000000000001300 ) ;
#2166 = EDGE_LOOP ( 'NONE', ( #3664, #3243, #873, #2045 ) ) ;
#2167 = LINE ( 'NONE', #711, #3996 ) ;
#2168 =( GEOMETRIC_REPRESENTATION_CONTEXT ( 3 ) GLOBAL_UNCERTAINTY_ASSIGNED_CONTEXT ( ( #4328 ) ) GLOBAL_UNIT_ASSIGNED_CONTEXT ( ( #3765, #1570, #4137 ) ) REPRESENTATION_CONTEXT ( 'NONE', 'WORKASPACE' ) );
#2169 = CARTESIAN_POINT ( 'NONE',  ( -24.44999999999999900, 32.17499814511995000, 4.049999999995953300 ) ) ;
#2170 = ORIENTED_EDGE ( 'NONE', *, *, #1185, .T. ) ;
#2171 = COLOUR_RGB ( '',0.7764705882352941300, 0.7568627450980391900, 0.7372549019607843600 ) ;
#2172 =( NAMED_UNIT ( * ) SI_UNIT ( $, .STERADIAN. ) SOLID_ANGLE_UNIT ( ) );
#2173 = ORIENTED_EDGE ( 'NONE', *, *, #953, .F. ) ;
#2174 = DIRECTION ( 'NONE',  ( 0.0000000000000000000, 0.0000000000000000000, -1.000000000000000000 ) ) ;
#2175 = DIRECTION ( 'NONE',  ( 1.000000000000000000, -2.628368902995161500E-016, -0.0000000000000000000 ) ) ;
#2176 = VERTEX_POINT ( 'NONE', #407 ) ;
#2177 = DIRECTION ( 'NONE',  ( 0.0000000000000000000, 0.0000000000000000000, 1.000000000000000000 ) ) ;
#2178 = UNCERTAINTY_MEASURE_WITH_UNIT (LENGTH_MEASURE( 1.000000000000000100E-005 ), #3908, 'distance_accuracy_value', 'NONE');
#2179 = EDGE_LOOP ( 'NONE', ( #821, #4281, #99, #262, #484 ) ) ;
#2180 = PRESENTATION_LAYER_ASSIGNMENT (  '', '', ( #2413 ) ) ;
#2181 = LINE ( 'NONE', #3802, #227 ) ;
#2182 = CARTESIAN_POINT ( 'NONE',  ( -36.48538616141274800, 33.34275470770737800, -5.100000000004051500 ) ) ;
#2183 = DIRECTION ( 'NONE',  ( -1.000000000000000000, 0.0000000000000000000, 0.0000000000000000000 ) ) ;
#2184 = VECTOR ( 'NONE', #1342, 1000.000000000000000 ) ;
#2185 = CARTESIAN_POINT ( 'NONE',  ( -12.45349214214018100, 15.33415541702177100, 7.354936524416754800 ) ) ;
#2186 = B_SPLINE_CURVE_WITH_KNOTS ( 'NONE', 3,
 ( #3935, #1790, #1647, #4307, #2326, #3423, #3787, #1291, #859, #4682, #4378, #2513, #1016, #4245 ),
 .UNSPECIFIED., .F., .F.,
 ( 4, 2, 2, 2, 2, 2, 4 ),
 ( 1.544318027670048900E-016, 0.0003243640217540768400, 0.0006487280435079991800, 0.0009730920652619215700, 0.001297456087015844000, 0.001946184130523688800, 0.002594912174031533500 ),
 .UNSPECIFIED. ) ;
#2187 = EDGE_CURVE ( 'NONE', #4654, #3145, #1964, .T. ) ;
#2188 = ORIENTED_EDGE ( 'NONE', *, *, #3224, .F. ) ;
#2189 = VECTOR ( 'NONE', #4020, 1000.000000000000000 ) ;
#2190 =( LENGTH_UNIT ( ) NAMED_UNIT ( * ) SI_UNIT ( .MILLI., .METRE. ) );
#2191 = CARTESIAN_POINT ( 'NONE',  ( -24.44999999999999900, 20.94999999559993500, 4.299999999995954200 ) ) ;
#2192 = DIRECTION ( 'NONE',  ( -1.000000000000000000, -0.0000000000000000000, -0.0000000000000000000 ) ) ;
#2193 = ADVANCED_FACE ( 'NONE', ( #3057 ), #3736, .T. ) ;
#2194 = DIRECTION ( 'NONE',  ( -0.0000000000000000000, 1.000000000000000000, -2.428767726745700500E-013 ) ) ;
#2195 = CARTESIAN_POINT ( 'NONE',  ( -36.79999999999860400, 36.72715728312189800, 3.599999999995960700 ) ) ;
#2196 = DIRECTION ( 'NONE',  ( -0.0000000000000000000, -0.0000000000000000000, 1.000000000000000000 ) ) ;
#2197 = CARTESIAN_POINT ( 'NONE',  ( -0.3040217494064032000, 17.13304713638766300, 4.196386267043575900E-015 ) ) ;
#2198 = VECTOR ( 'NONE', #53, 1000.000000000000000 ) ;
#2199 = DIRECTION ( 'NONE',  ( 0.0000000000000000000, -1.000000000000000000, 1.438849039914202900E-013 ) ) ;
#2200 = DIRECTION ( 'NONE',  ( -1.000000000000000000, 0.0000000000000000000, 0.0000000000000000000 ) ) ;
#2201 = COLOUR_RGB ( '',0.0000000000000000000, 0.0000000000000000000, 0.0000000000000000000 ) ;
#2202 = CARTESIAN_POINT ( 'NONE',  ( -22.44999999999999200, 33.44999999559993900, -4.046182235722208800E-012 ) ) ;
#2203 =( NAMED_UNIT ( * ) SI_UNIT ( $, .STERADIAN. ) SOLID_ANGLE_UNIT ( ) );
#2204 = ADVANCED_FACE ( 'NONE', ( #2595 ), #3106, .F. ) ;
#2205 = UNCERTAINTY_MEASURE_WITH_UNIT (LENGTH_MEASURE( 1.000000000000000100E-005 ), #940, 'distance_accuracy_value', 'NONE');
#2206 = COLOUR_RGB ( '',0.0000000000000000000, 0.0000000000000000000, 0.0000000000000000000 ) ;
#2207 = ORIENTED_EDGE ( 'NONE', *, *, #1396, .F. ) ;
#2208 = DIRECTION ( 'NONE',  ( -0.0000000000000000000, 0.0000000000000000000, 1.000000000000000000 ) ) ;
#2209 = EDGE_CURVE ( 'NONE', #4062, #2664, #4085, .T. ) ;
#2210 =( NAMED_UNIT ( * ) PLANE_ANGLE_UNIT ( ) SI_UNIT ( $, .RADIAN. ) );
#2211 = ORIENTED_EDGE ( 'NONE', *, *, #4687, .F. ) ;
#2212 = PRESENTATION_LAYER_ASSIGNMENT (  '', '', ( #2450 ) ) ;
#2213 = DIRECTION ( 'NONE',  ( -1.000000000000000000, -0.0000000000000000000, -0.0000000000000000000 ) ) ;
#2214 = FACE_OUTER_BOUND ( 'NONE', #2375, .T. ) ;
#2215 = CARTESIAN_POINT ( 'NONE',  ( -16.00000000000000000, -4.400059018208271400E-009, -4.046615916591203000E-012 ) ) ;
#2216 = ORIENTED_EDGE ( 'NONE', *, *, #3224, .T. ) ;
#2217 = DIRECTION ( 'NONE',  ( -1.000000000000000000, 0.0000000000000000000, -0.0000000000000000000 ) ) ;
#2218 = DIRECTION ( 'NONE',  ( 0.0000000000000000000, 0.0000000000000000000, 1.000000000000000000 ) ) ;
#2219 =( NAMED_UNIT ( * ) SI_UNIT ( $, .STERADIAN. ) SOLID_ANGLE_UNIT ( ) );
#2220 = MECHANICAL_DESIGN_GEOMETRIC_PRESENTATION_REPRESENTATION (  '', ( #1721 ), #2459 ) ;
#2221 = ORIENTED_EDGE ( 'NONE', *, *, #1157, .T. ) ;
#2222 = LINE ( 'NONE', #2805, #4058 ) ;
#2223 = ORIENTED_EDGE ( 'NONE', *, *, #3016, .F. ) ;
#2224 = FILL_AREA_STYLE ('',( #3334 ) ) ;
#2225 = ORIENTED_EDGE ( 'NONE', *, *, #1257, .F. ) ;
#2226 = EDGE_CURVE ( 'NONE', #160, #3872, #295, .T. ) ;
#2227 = EDGE_LOOP ( 'NONE', ( #1413, #4429, #4068, #2283, #3584, #1826, #4237, #4471 ) ) ;
#2228 = AXIS2_PLACEMENT_3D ( 'NONE', #4779, #2566, #350 ) ;
#2229 = SURFACE_SIDE_STYLE ('',( #1902 ) ) ;
#2230 = ORIENTED_EDGE ( 'NONE', *, *, #2668, .F. ) ;
#2231 = CARTESIAN_POINT ( 'NONE',  ( -4.063212019597403700, 0.0000000000000000000, 0.0000000000000000000 ) ) ;
#2232 = ORIENTED_EDGE ( 'NONE', *, *, #2643, .F. ) ;
#2233 = SURFACE_STYLE_FILL_AREA ( #2224 ) ;
#2234 =( NAMED_UNIT ( * ) SI_UNIT ( $, .STERADIAN. ) SOLID_ANGLE_UNIT ( ) );
#2235 = SURFACE_STYLE_USAGE ( .BOTH. , #4454 ) ;
#2236 = FILL_AREA_STYLE_COLOUR ( '', #2533 ) ;
#2237 = CARTESIAN_POINT ( 'NONE',  ( 0.0000000000000000000, 14.07072955168146100, 9.892146873127508400 ) ) ;
#2238 = ORIENTED_EDGE ( 'NONE', *, *, #3783, .F. ) ;
#2239 = COLOUR_RGB ( '',0.0000000000000000000, 0.0000000000000000000, 0.0000000000000000000 ) ;
#2240 = EDGE_CURVE ( 'NONE', #3717, #2970, #2136, .T. ) ;
#2241 =( LENGTH_UNIT ( ) NAMED_UNIT ( * ) SI_UNIT ( .MILLI., .METRE. ) );
#2242 = PRESENTATION_LAYER_ASSIGNMENT (  '', '', ( #1741 ) ) ;
#2243 = VECTOR ( 'NONE', #1411, 1000.000000000000000 ) ;
#2244 = PRESENTATION_STYLE_ASSIGNMENT (( #3019 ) ) ;
#2245 =( LENGTH_UNIT ( ) NAMED_UNIT ( * ) SI_UNIT ( .MILLI., .METRE. ) );
#2246 = EDGE_CURVE ( 'NONE', #3544, #4552, #2249, .T. ) ;
#2247 = PRESENTATION_LAYER_ASSIGNMENT (  '', '', ( #2007 ) ) ;
#2248 = CARTESIAN_POINT ( 'NONE',  ( -36.60000000000000100, 33.68039618838993500, -5.100000000004046200 ) ) ;
#2249 = LINE ( 'NONE', #3398, #3968 ) ;
#2250 =( NAMED_UNIT ( * ) SI_UNIT ( $, .STERADIAN. ) SOLID_ANGLE_UNIT ( ) );
#2251 =( LENGTH_UNIT ( ) NAMED_UNIT ( * ) SI_UNIT ( .MILLI., .METRE. ) );
#2252 = ORIENTED_EDGE ( 'NONE', *, *, #1979, .T. ) ;
#2253 = AXIS2_PLACEMENT_3D ( 'NONE', #4768, #2554, #337 ) ;
#2254 = CARTESIAN_POINT ( 'NONE',  ( 0.0000000000000000000, 15.75136280141470000, 9.892146873126952400 ) ) ;
#2255 = SURFACE_STYLE_FILL_AREA ( #1804 ) ;
#2256 =( NAMED_UNIT ( * ) SI_UNIT ( $, .STERADIAN. ) SOLID_ANGLE_UNIT ( ) );
#2257 = DIRECTION ( 'NONE',  ( -1.000000000000000000, -0.0000000000000000000, -0.0000000000000000000 ) ) ;
#2258 = CARTESIAN_POINT ( 'NONE',  ( -36.79999999999999000, 33.58249907035995100, 4.049999999995953300 ) ) ;
#2259 = SURFACE_STYLE_USAGE ( .BOTH. , #2268 ) ;
#2260 = STYLED_ITEM ( 'NONE', ( #1034 ), #12 ) ;
#2261 = FACE_OUTER_BOUND ( 'NONE', #1706, .T. ) ;
#2262 = ORIENTED_EDGE ( 'NONE', *, *, #990, .F. ) ;
#2263 = SURFACE_STYLE_USAGE ( .BOTH. , #4486 ) ;
#2264 = DIRECTION ( 'NONE',  ( -0.0000000000000000000, -1.000000000000000000, -0.0000000000000000000 ) ) ;
#2265 = CARTESIAN_POINT ( 'NONE',  ( -5.999999999999998200, 13.91563060015608100, 9.764999999999998800 ) ) ;
#2266 = ORIENTED_EDGE ( 'NONE', *, *, #1372, .T. ) ;
#2267 = CARTESIAN_POINT ( 'NONE',  ( -2.700000000000008200, 0.0000000000000000000, 0.0000000000000000000 ) ) ;
#2268 = SURFACE_SIDE_STYLE ('',( #1247 ) ) ;
#2269 = ORIENTED_EDGE ( 'NONE', *, *, #4777, .F. ) ;
#2270 = EDGE_CURVE ( 'NONE', #3071, #2313, #1151, .T. ) ;
#2271 = FILL_AREA_STYLE_COLOUR ( '', #3222 ) ;
#2272 = DIRECTION ( 'NONE',  ( -1.000000000000000000, 0.0000000000000000000, 0.0000000000000000000 ) ) ;
#2273 = AXIS2_PLACEMENT_3D ( 'NONE', #3310, #1098, #3679 ) ;
#2274 = ORIENTED_EDGE ( 'NONE', *, *, #530, .F. ) ;
#2275 = EDGE_LOOP ( 'NONE', ( #1412, #468, #2725, #55 ) ) ;
#2276 = CARTESIAN_POINT ( 'NONE',  ( -6.809999999999996900, -4.400059437737448200E-009, -4.046615916591203000E-012 ) ) ;
#2277 = CARTESIAN_POINT ( 'NONE',  ( -50.00000000000000000, 0.0000000000000000000, 0.0000000000000000000 ) ) ;
#2278 =( NAMED_UNIT ( * ) PLANE_ANGLE_UNIT ( ) SI_UNIT ( $, .RADIAN. ) );
#2279 = ORIENTED_EDGE ( 'NONE', *, *, #3771, .F. ) ;
#2280 = DIRECTION ( 'NONE',  ( 1.000000000000000000, 0.0000000000000000000, 0.0000000000000000000 ) ) ;
#2281 = MECHANICAL_DESIGN_GEOMETRIC_PRESENTATION_REPRESENTATION (  '', ( #1786 ), #2524 ) ;
#2282 = EDGE_LOOP ( 'NONE', ( #108, #4475, #4158, #3825 ) ) ;
#2283 = ORIENTED_EDGE ( 'NONE', *, *, #4677, .F. ) ;
#2284 = SURFACE_STYLE_FILL_AREA ( #4521 ) ;
#2285 = AXIS2_PLACEMENT_3D ( 'NONE', #4027, #4781, #1848 ) ;
#2286 = ORIENTED_EDGE ( 'NONE', *, *, #4345, .F. ) ;
#2287 = CYLINDRICAL_SURFACE ( 'NONE', #4698, 17.19999999639791700 ) ;
#2288 = DIRECTION ( 'NONE',  ( 0.0000000000000000000, 0.0000000000000000000, 1.000000000000000000 ) ) ;
#2289 = FILL_AREA_STYLE ('',( #3021 ) ) ;
#2290 = DIRECTION ( 'NONE',  ( 0.0000000000000000000, 0.0000000000000000000, -1.000000000000000000 ) ) ;
#2291 = SURFACE_STYLE_USAGE ( .BOTH. , #4515 ) ;
#2292 = UNCERTAINTY_MEASURE_WITH_UNIT (LENGTH_MEASURE( 1.000000000000000100E-005 ), #2714, 'distance_accuracy_value', 'NONE');
#2293 = SURFACE_STYLE_FILL_AREA ( #1709 ) ;
#2294 =( NAMED_UNIT ( * ) PLANE_ANGLE_UNIT ( ) SI_UNIT ( $, .RADIAN. ) );
#2295 = EDGE_CURVE ( 'NONE', #103, #1571, #3001, .T. ) ;
#2296 = SURFACE_SIDE_STYLE ('',( #2284 ) ) ;
#2297 = MECHANICAL_DESIGN_GEOMETRIC_PRESENTATION_REPRESENTATION (  '', ( #1304 ), #2542 ) ;
#2298 = PRESENTATION_STYLE_ASSIGNMENT (( #4619 ) ) ;
#2299 =( NAMED_UNIT ( * ) SI_UNIT ( $, .STERADIAN. ) SOLID_ANGLE_UNIT ( ) );
#2300 = PRODUCT ( 'VGE37_19x50', 'VGE37_19x50', '', ( #4321 ) ) ;
#2301 = DIRECTION ( 'NONE',  ( -1.000000000000000000, -0.0000000000000000000, -0.0000000000000000000 ) ) ;
#2302 = VECTOR ( 'NONE', #708, 1000.000000000000000 ) ;
#2303 = CARTESIAN_POINT ( 'NONE',  ( -3.000000000000002700, 0.0000000000000000000, 11.89999999999999500 ) ) ;
#2304 = CARTESIAN_POINT ( 'NONE',  ( -5.999999999999998200, 31.94999999559994200, -10.00000000000404700 ) ) ;
#2305 = CARTESIAN_POINT ( 'NONE',  ( -6.658701402671957800, 15.71288563568130100, -9.764999999999998800 ) ) ;
#2306 = VECTOR ( 'NONE', #1551, 1000.000000000000000 ) ;
#2307 = STYLED_ITEM ( 'NONE', ( #257 ), #3987 ) ;
#2308 = LINE ( 'NONE', #4227, #3177 ) ;
#2309 = FILL_AREA_STYLE_COLOUR ( '', #823 ) ;
#2310 = VECTOR ( 'NONE', #3006, 1000.000000000000000 ) ;
#2311 = UNCERTAINTY_MEASURE_WITH_UNIT (LENGTH_MEASURE( 1.000000000000000100E-005 ), #4132, 'distance_accuracy_value', 'NONE');
#2312 = CARTESIAN_POINT ( 'NONE',  ( -36.60000000000000900, 36.18867965204061900, -5.100000000003803700 ) ) ;
#2313 = VERTEX_POINT ( 'NONE', #1584 ) ;
#2314 = ORIENTED_EDGE ( 'NONE', *, *, #4037, .F. ) ;
#2315 =( GEOMETRIC_REPRESENTATION_CONTEXT ( 3 ) GLOBAL_UNCERTAINTY_ASSIGNED_CONTEXT ( ( #1825 ) ) GLOBAL_UNIT_ASSIGNED_CONTEXT ( ( #1410, #3652, #1443 ) ) REPRESENTATION_CONTEXT ( 'NONE', 'WORKASPACE' ) );
#2316 = CARTESIAN_POINT ( 'NONE',  ( -36.35529142706113200, 33.10084069261024800, -4.050000000004045500 ) ) ;
#2317 = CARTESIAN_POINT ( 'NONE',  ( -0.3040217494064013100, -15.11695286001025300, -1.851292793287298600E-015 ) ) ;
#2318 = EDGE_LOOP ( 'NONE', ( #2904, #4749, #3441, #2485, #1873, #1226, #3768, #3545 ) ) ;
#2319 = COLOUR_RGB ( '',0.0000000000000000000, 0.0000000000000000000, 0.0000000000000000000 ) ;
#2320 = CARTESIAN_POINT ( 'NONE',  ( -6.809999999999996900, 15.99990315261993600, -9.870555875809049700 ) ) ;
#2321 = CARTESIAN_POINT ( 'NONE',  ( -11.70767334265744900, 16.71558352356077000, -7.929551311557628600 ) ) ;
#2322 = EDGE_CURVE ( 'NONE', #2050, #645, #1019, .T. ) ;
#2323 = ORIENTED_EDGE ( 'NONE', *, *, #135, .F. ) ;
#2324 = CIRCLE ( 'NONE', #8, 19.00000000000000000 ) ;
#2325 = CARTESIAN_POINT ( 'NONE',  ( -16.00000000000000000, 29.14999999559993400, -4.300000000004046400 ) ) ;
#2326 = CARTESIAN_POINT ( 'NONE',  ( -3.971686977418868600, 15.19431941045483600, 11.40769623743602400 ) ) ;
#2327 = ORIENTED_EDGE ( 'NONE', *, *, #2126, .F. ) ;
#2328 = ORIENTED_EDGE ( 'NONE', *, *, #447, .F. ) ;
#2329 = EDGE_CURVE ( 'NONE', #310, #2009, #3848, .T. ) ;
#2330 =( NAMED_UNIT ( * ) PLANE_ANGLE_UNIT ( ) SI_UNIT ( $, .RADIAN. ) );
#2331 = MECHANICAL_DESIGN_GEOMETRIC_PRESENTATION_REPRESENTATION (  '', ( #1847 ), #2587 ) ;
#2332 = SURFACE_SIDE_STYLE ('',( #4508 ) ) ;
#2333 = VECTOR ( 'NONE', #887, 1000.000000000000000 ) ;
#2334 = ORIENTED_EDGE ( 'NONE', *, *, #3958, .F. ) ;
#2335 = CARTESIAN_POINT ( 'NONE',  ( -3.000000000000002700, 1.169537693185723000E-015, -9.550000000000002500 ) ) ;
#2336 = DIRECTION ( 'NONE',  ( -1.000000000000000000, 0.0000000000000000000, 0.0000000000000000000 ) ) ;
#2337 = CARTESIAN_POINT ( 'NONE',  ( -36.59999999999999400, 35.30999999559994500, -4.900000000004040700 ) ) ;
#2338 = ORIENTED_EDGE ( 'NONE', *, *, #4243, .T. ) ;
#2339 = DIRECTION ( 'NONE',  ( 0.0000000000000000000, -1.000000000000000000, 0.0000000000000000000 ) ) ;
#2340 = CARTESIAN_POINT ( 'NONE',  ( -15.50500557193151100, 18.36401049410469000, -2.261556476223721500 ) ) ;
#2341 = ORIENTED_EDGE ( 'NONE', *, *, #4315, .T. ) ;
#2342 = AXIS2_PLACEMENT_3D ( 'NONE', #4316, #2112, #4694 ) ;
#2343 = VECTOR ( 'NONE', #2933, 1000.000000000000000 ) ;
#2344 = UNCERTAINTY_MEASURE_WITH_UNIT (LENGTH_MEASURE( 1.000000000000000100E-005 ), #1095, 'distance_accuracy_value', 'NONE');
#2345 = SURFACE_STYLE_USAGE ( .BOTH. , #4572 ) ;
#2346 = EDGE_LOOP ( 'NONE', ( #4022, #1999, #219, #860 ) ) ;
#2347 = DIRECTION ( 'NONE',  ( -0.0000000000000000000, -1.000000000000000000, -0.0000000000000000000 ) ) ;
#2348 = PRESENTATION_LAYER_ASSIGNMENT (  '', '', ( #2109 ) ) ;
#2349 = EDGE_CURVE ( 'NONE', #3081, #2988, #901, .T. ) ;
#2350 = UNCERTAINTY_MEASURE_WITH_UNIT (LENGTH_MEASURE( 1.000000000000000100E-005 ), #1747, 'distance_accuracy_value', 'NONE');
#2351 = VECTOR ( 'NONE', #2912, 1000.000000000000000 ) ;
#2352 = DIRECTION ( 'NONE',  ( 0.0000000000000000000, 1.000000000000000000, 0.0000000000000000000 ) ) ;
#2353 = VERTEX_POINT ( 'NONE', #3793 ) ;
#2354 = AXIS2_PLACEMENT_3D ( 'NONE', #3634, #2557, #1035 ) ;
#2355 = CARTESIAN_POINT ( 'NONE',  ( -13.92492461862615400, 17.59757270189561900, 5.714093722546531100 ) ) ;
#2356 = CARTESIAN_POINT ( 'NONE',  ( 0.0000000000000000000, -16.30043030335877000, -2.051309736832801800E-015 ) ) ;
#2357 = EDGE_CURVE ( 'NONE', #3803, #3373, #2878, .T. ) ;
#2358 = SURFACE_SIDE_STYLE ('',( #161 ) ) ;
#2359 = PRESENTATION_LAYER_ASSIGNMENT (  '', '', ( #1877 ) ) ;
#2360 = COLOUR_RGB ( '',0.0000000000000000000, 0.0000000000000000000, 0.0000000000000000000 ) ;
#2361 = PLANE ( 'NONE',  #2814 ) ;
#2362 = CYLINDRICAL_SURFACE ( 'NONE', #2696, 11.60000000000000000 ) ;
#2363 = AXIS2_PLACEMENT_3D ( 'NONE', #4319, #975, #3955 ) ;
#2364 = VECTOR ( 'NONE', #1565, 1000.000000000000000 ) ;
#2365 =( LENGTH_UNIT ( ) NAMED_UNIT ( * ) SI_UNIT ( .MILLI., .METRE. ) );
#2366 = CARTESIAN_POINT ( 'NONE',  ( -6.659253199351579300, 15.71288563568130800, 9.765000000000002300 ) ) ;
#2367 = LINE ( 'NONE', #2470, #3352 ) ;
#2368 = ORIENTED_EDGE ( 'NONE', *, *, #2089, .T. ) ;
#2369 = EDGE_CURVE ( 'NONE', #3654, #3185, #183, .T. ) ;
#2370 = STYLED_ITEM ( 'NONE', ( #362 ), #4286 ) ;
#2371 = CARTESIAN_POINT ( 'NONE',  ( -32.90000000099078600, 32.17499814537851700, 4.899999999995953800 ) ) ;
#2372 = VERTEX_POINT ( 'NONE', #3435 ) ;
#2373 = DIRECTION ( 'NONE',  ( -0.7071067811865454600, 8.659560562354957500E-017, -0.7071067811865495700 ) ) ;
#2374 = DIRECTION ( 'NONE',  ( 0.0000000000000000000, 1.000000000000000000, 0.0000000000000000000 ) ) ;
#2375 = EDGE_LOOP ( 'NONE', ( #3509, #4069, #4040, #3613 ) ) ;
#2376 = COLOUR_RGB ( '',0.0000000000000000000, 0.0000000000000000000, 0.0000000000000000000 ) ;
#2377 = PRESENTATION_LAYER_ASSIGNMENT (  '', '', ( #1900 ) ) ;
#2378 = CARTESIAN_POINT ( 'NONE',  ( -36.57230104236138100, 33.50796590923333400, 5.099999999995954000 ) ) ;
#2379 = CARTESIAN_POINT ( 'NONE',  ( -48.60000000000000100, 2.265596578422603800E-015, 18.50000000000000000 ) ) ;
#2380 = CARTESIAN_POINT ( 'NONE',  ( -0.05597972128390961400, 15.46179454795979800, 0.0000000000000000000 ) ) ;
#2381 =( LENGTH_UNIT ( ) NAMED_UNIT ( * ) SI_UNIT ( .MILLI., .METRE. ) );
#2382 = ORIENTED_EDGE ( 'NONE', *, *, #2923, .F. ) ;
#2383 = CARTESIAN_POINT ( 'NONE',  ( -2.999999999648313300, 32.20735930848256600, -10.00000000000404100 ) ) ;
#2384 = CARTESIAN_POINT ( 'NONE',  ( -32.89999999999999900, 24.24999999559994300, -4.300000000004046400 ) ) ;
#2385 = EDGE_CURVE ( 'NONE', #2682, #160, #4734, .T. ) ;
#2386 = DIRECTION ( 'NONE',  ( 0.0000000000000000000, 0.0000000000000000000, -1.000000000000000000 ) ) ;
#2387 = AXIS2_PLACEMENT_3D ( 'NONE', #1000, #977, #1364 ) ;
#2388 = ORIENTED_EDGE ( 'NONE', *, *, #1712, .T. ) ;
#2389 = FILL_AREA_STYLE_COLOUR ( '', #3349 ) ;
#2390 = CARTESIAN_POINT ( 'NONE',  ( -36.79999999999999000, 36.70782237340994700, -5.096000000004045700 ) ) ;
#2391 = CIRCLE ( 'NONE', #2433, 0.4999999999973706000 ) ;
#2392 = ORIENTED_EDGE ( 'NONE', *, *, #2993, .T. ) ;
#2393 = EDGE_CURVE ( 'NONE', #3834, #1217, #1783, .T. ) ;
#2394 = FILL_AREA_STYLE_COLOUR ( '', #2239 ) ;
#2395 = AXIS2_PLACEMENT_3D ( 'NONE', #27, #2596, #388 ) ;
#2396 = CARTESIAN_POINT ( 'NONE',  ( -6.000000000232184000, 31.94999999559930300, 11.49999999999595200 ) ) ;
#2397 = VECTOR ( 'NONE', #3292, 1000.000000000000000 ) ;
#2398 = ORIENTED_EDGE ( 'NONE', *, *, #4087, .F. ) ;
#2399 = ADVANCED_FACE ( 'NONE', ( #3628 ), #1310, .T. ) ;
#2400 = DIRECTION ( 'NONE',  ( 0.0000000000000000000, 2.428767726745700500E-013, 1.000000000000000000 ) ) ;
#2401 = CARTESIAN_POINT ( 'NONE',  ( -3.328884387555608900, 15.53307507657629400, -10.94217137946864700 ) ) ;
#2402 =( BOUNDED_SURFACE ( )  B_SPLINE_SURFACE ( 3, 3, ( 
 ( #3688, #725, #1097, #1469 ),
 ( #4042, #336, #4030, #377 ),
 ( #2552, #3293, #1816, #4396 ),
 ( #2927, #1082, #2957, #1835 ) ),
 .UNSPECIFIED., .F., .F., .F. ) 
 B_SPLINE_SURFACE_WITH_KNOTS ( ( 4, 4 ),
 ( 4, 4 ),
 ( 0.0000000000000000000, 1.000000000000000000 ),
 ( 0.0000000000000000000, 1.000000000000000000 ),
 .UNSPECIFIED. ) 
 GEOMETRIC_REPRESENTATION_ITEM ( )  RATIONAL_B_SPLINE_SURFACE ( (
 ( 1.000000000000000000, 0.3333333333333334300, 0.3333333333333334300, 1.000000000000000000),
 ( 0.8695484763729025600, 0.2898494921243009400, 0.2898494921243009400, 0.8695484763729025600),
 ( 0.8695484763729025600, 0.2898494921243009400, 0.2898494921243009400, 0.8695484763729025600),
 ( 1.000000000000000000, 0.3333333333333334300, 0.3333333333333334300, 1.000000000000000000) ) ) 
 REPRESENTATION_ITEM ( '' )  SURFACE ( )  );
#2403 = AXIS2_PLACEMENT_3D ( 'NONE', #2384, #193, #2753 ) ;
#2404 =( NAMED_UNIT ( * ) SI_UNIT ( $, .STERADIAN. ) SOLID_ANGLE_UNIT ( ) );
#2405 = CARTESIAN_POINT ( 'NONE',  ( -3.000000000000079000, 30.44999986924149800, 9.999999999995951700 ) ) ;
#2406 = VERTEX_POINT ( 'NONE', #3482 ) ;
#2407 = CYLINDRICAL_SURFACE ( 'NONE', #2662, 16.75000000000000000 ) ;
#2408 = AXIS2_PLACEMENT_3D ( 'NONE', #962, #300, #4622 ) ;
#2409 = CARTESIAN_POINT ( 'NONE',  ( -32.89999999999999900, 20.94999999559993500, 4.299999999995954200 ) ) ;
#2410 =( LENGTH_UNIT ( ) NAMED_UNIT ( * ) SI_UNIT ( .MILLI., .METRE. ) );
#2411 = ORIENTED_EDGE ( 'NONE', *, *, #3350, .T. ) ;
#2412 = DIRECTION ( 'NONE',  ( 0.0000000000000000000, 0.0000000000000000000, 1.000000000000000000 ) ) ;
#2413 = STYLED_ITEM ( 'NONE', ( #449 ), #1140 ) ;
#2414 = CONICAL_SURFACE ( 'NONE', #3743, 11.90000000000000000, 0.7853981633974482800 ) ;
#2415 = ADVANCED_FACE ( 'NONE', ( #3281 ), #4, .T. ) ;
#2416 = VECTOR ( 'NONE', #357, 1000.000000000000000 ) ;
#2417 = COLOUR_RGB ( '',0.0000000000000000000, 0.0000000000000000000, 0.0000000000000000000 ) ;
#2418 =( LENGTH_UNIT ( ) NAMED_UNIT ( * ) SI_UNIT ( .MILLI., .METRE. ) );
#2419 = CARTESIAN_POINT ( 'NONE',  ( -48.60000000000000100, 0.0000000000000000000, 0.0000000000000000000 ) ) ;
#2420 = EDGE_CURVE ( 'NONE', #2910, #4711, #2922, .T. ) ;
#2421 = VECTOR ( 'NONE', #2655, 1000.000000000000000 ) ;
#2422 = STYLED_ITEM ( 'NONE', ( #1610 ), #2204 ) ;
#2423 = SURFACE_STYLE_USAGE ( .BOTH. , #2035 ) ;
#2424 = CARTESIAN_POINT ( 'NONE',  ( 0.0000000000000000000, 0.0000000000000000000, 17.00000000000000000 ) ) ;
#2425 = LINE ( 'NONE', #2604, #2310 ) ;
#2426 = STYLED_ITEM ( 'NONE', ( #538 ), #3336 ) ;
#2427 = DIRECTION ( 'NONE',  ( 0.0000000000000000000, 0.0000000000000000000, 1.000000000000000000 ) ) ;
#2428 = VERTEX_POINT ( 'NONE', #511 ) ;
#2429 = FILL_AREA_STYLE_COLOUR ( '', #4449 ) ;
#2430 = CARTESIAN_POINT ( 'NONE',  ( -4.242640687213722100, 33.44999999600808800, -10.87867965644432600 ) ) ;
#2431 = FILL_AREA_STYLE ('',( #1692 ) ) ;
#2432 = ORIENTED_EDGE ( 'NONE', *, *, #135, .T. ) ;
#2433 = AXIS2_PLACEMENT_3D ( 'NONE', #4565, #2336, #142 ) ;
#2434 = DIRECTION ( 'NONE',  ( 0.0000000000000000000, 1.000000000000000000, 0.0000000000000000000 ) ) ;
#2435 = FILL_AREA_STYLE_COLOUR ( '', #2033 ) ;
#2436 = VERTEX_POINT ( 'NONE', #4642 ) ;
#2437 = ADVANCED_FACE ( 'NONE', ( #2935 ), #3451, .T. ) ;
#2438 =( LENGTH_UNIT ( ) NAMED_UNIT ( * ) SI_UNIT ( .MILLI., .METRE. ) );
#2439 = DIRECTION ( 'NONE',  ( 1.000000000000000000, -0.0000000000000000000, -0.0000000000000000000 ) ) ;
#2440 = CARTESIAN_POINT ( 'NONE',  ( -22.44999999999999900, 32.17499814511995000, 4.049999999995953300 ) ) ;
#2441 = SURFACE_SIDE_STYLE ('',( #3068 ) ) ;
#2442 = ORIENTED_EDGE ( 'NONE', *, *, #2704, .F. ) ;
#2443 = AXIS2_PLACEMENT_3D ( 'NONE', #2571, #2926, #4029 ) ;
#2444 =( NAMED_UNIT ( * ) SI_UNIT ( $, .STERADIAN. ) SOLID_ANGLE_UNIT ( ) );
#2445 = DIRECTION ( 'NONE',  ( 0.0000000000000000000, 0.0000000000000000000, -1.000000000000000000 ) ) ;
#2446 = DIRECTION ( 'NONE',  ( -0.0000000000000000000, -0.0000000000000000000, -1.000000000000000000 ) ) ;
#2447 = ORIENTED_EDGE ( 'NONE', *, *, #1534, .T. ) ;
#2448 = CARTESIAN_POINT ( 'NONE',  ( -36.79999999999999000, 34.98999999559993800, 4.049999999995952400 ) ) ;
#2449 = EDGE_CURVE ( 'NONE', #2505, #3605, #617, .T. ) ;
#2450 = STYLED_ITEM ( 'NONE', ( #408 ), #1844 ) ;
#2451 = ORIENTED_EDGE ( 'NONE', *, *, #1337, .T. ) ;
#2452 =( NAMED_UNIT ( * ) PLANE_ANGLE_UNIT ( ) SI_UNIT ( $, .RADIAN. ) );
#2453 = VERTEX_POINT ( 'NONE', #241 ) ;
#2454 = VECTOR ( 'NONE', #342, 1000.000000000000000 ) ;
#2455 = FILL_AREA_STYLE_COLOUR ( '', #3158 ) ;
#2456 = FILL_AREA_STYLE_COLOUR ( '', #1041 ) ;
#2457 = ORIENTED_EDGE ( 'NONE', *, *, #1651, .F. ) ;
#2458 =( LENGTH_UNIT ( ) NAMED_UNIT ( * ) SI_UNIT ( .MILLI., .METRE. ) );
#2459 =( GEOMETRIC_REPRESENTATION_CONTEXT ( 3 ) GLOBAL_UNCERTAINTY_ASSIGNED_CONTEXT ( ( #591 ) ) GLOBAL_UNIT_ASSIGNED_CONTEXT ( ( #1668, #4247, #2052 ) ) REPRESENTATION_CONTEXT ( 'NONE', 'WORKASPACE' ) );
#2460 = UNCERTAINTY_MEASURE_WITH_UNIT (LENGTH_MEASURE( 1.000000000000000100E-005 ), #1221, 'distance_accuracy_value', 'NONE');
#2461 = DIRECTION ( 'NONE',  ( 1.000000000000000000, 0.0000000000000000000, 0.0000000000000000000 ) ) ;
#2462 = PRESENTATION_STYLE_ASSIGNMENT (( #4088 ) ) ;
#2463 = DIRECTION ( 'NONE',  ( 0.0000000000000000000, -1.000000000000000000, 0.0000000000000000000 ) ) ;
#2464 = ADVANCED_FACE ( 'NONE', ( #2471 ), #4081, .T. ) ;
#2465 = EDGE_CURVE ( 'NONE', #608, #2372, #2133, .T. ) ;
#2466 = DIRECTION ( 'NONE',  ( 1.000000000000000000, -0.0000000000000000000, -0.0000000000000000000 ) ) ;
#2467 = LINE ( 'NONE', #1468, #4444 ) ;
#2468 = AXIS2_PLACEMENT_3D ( 'NONE', #1789, #4357, #4377 ) ;
#2469 = CARTESIAN_POINT ( 'NONE',  ( -13.72755273534456100, 15.91631033447183800, -5.978179752592907000 ) ) ;
#2470 = CARTESIAN_POINT ( 'NONE',  ( -29.52499999999999500, 36.80999999559993100, -3.600000000004045700 ) ) ;
#2471 = FACE_OUTER_BOUND ( 'NONE', #3696, .T. ) ;
#2472 = ORIENTED_EDGE ( 'NONE', *, *, #2966, .T. ) ;
#2473 = PLANE ( 'NONE',  #4582 ) ;
#2474 = CARTESIAN_POINT ( 'NONE',  ( -6.000000000464757100, 33.44999999559864500, 10.87867965643597400 ) ) ;
#2475 = STYLED_ITEM ( 'NONE', ( #4150 ), #442 ) ;
#2476 = SURFACE_STYLE_FILL_AREA ( #1270 ) ;
#2477 = CARTESIAN_POINT ( 'NONE',  ( -24.44999999999999900, 24.24999999559993900, 8.599999999995953100 ) ) ;
#2478 = COLOUR_RGB ( '',0.0000000000000000000, 0.0000000000000000000, 0.0000000000000000000 ) ;
#2479 = EDGE_CURVE ( 'NONE', #578, #4654, #3103, .T. ) ;
#2480 = DIRECTION ( 'NONE',  ( 0.0000000000000000000, 1.000000000000000000, 0.0000000000000000000 ) ) ;
#2481 = CARTESIAN_POINT ( 'NONE',  ( -14.44479057223449000, 16.27471631494616500, 4.943426700667864700 ) ) ;
#2482 =( NAMED_UNIT ( * ) SI_UNIT ( $, .STERADIAN. ) SOLID_ANGLE_UNIT ( ) );
#2483 = EDGE_CURVE ( 'NONE', #1737, #3888, #1149, .T. ) ;
#2484 = SURFACE_STYLE_USAGE ( .BOTH. , #4714 ) ;
#2485 = ORIENTED_EDGE ( 'NONE', *, *, #301, .F. ) ;
#2486 = MECHANICAL_DESIGN_GEOMETRIC_PRESENTATION_REPRESENTATION (  '', ( #2007 ), #2729 ) ;
#2487 = CARTESIAN_POINT ( 'NONE',  ( -50.00000000000000000, 0.0000000000000000000, 17.00000000000000000 ) ) ;
#2488 = CARTESIAN_POINT ( 'NONE',  ( -15.66199999999999500, 20.94999999559993500, -4.472000000004047000 ) ) ;
#2489 = SURFACE_STYLE_FILL_AREA ( #1078 ) ;
#2490 = ORIENTED_EDGE ( 'NONE', *, *, #663, .T. ) ;
#2491 = FACE_OUTER_BOUND ( 'NONE', #1554, .T. ) ;
#2492 = PRESENTATION_LAYER_ASSIGNMENT (  '', '', ( #2013 ) ) ;
#2493 = DIRECTION ( 'NONE',  ( 0.0000000000000000000, 0.0000000000000000000, 1.000000000000000000 ) ) ;
#2494 = ORIENTED_EDGE ( 'NONE', *, *, #1656, .F. ) ;
#2495 = VECTOR ( 'NONE', #827, 1000.000000000000000 ) ;
#2496 = CARTESIAN_POINT ( 'NONE',  ( -24.44999999999999900, 24.24999999559993900, -7.600000000004046200 ) ) ;
#2497 = CARTESIAN_POINT ( 'NONE',  ( -36.62807924209780500, 33.17393396736039800, 4.899999999995952900 ) ) ;
#2498 = CARTESIAN_POINT ( 'NONE',  ( -13.91599429211452600, 16.00888886567579700, 5.726381226887918200 ) ) ;
#2499 = FILL_AREA_STYLE ('',( #4363 ) ) ;
#2500 = VERTEX_POINT ( 'NONE', #2832 ) ;
#2501 = VECTOR ( 'NONE', #2194, 1000.000000000000000 ) ;
#2502 = PRESENTATION_LAYER_ASSIGNMENT (  '', '', ( #2260 ) ) ;
#2503 = CARTESIAN_POINT ( 'NONE',  ( -32.89999999999999100, 19.94999999559994200, 4.299999999995954200 ) ) ;
#2504 =( NAMED_UNIT ( * ) PLANE_ANGLE_UNIT ( ) SI_UNIT ( $, .RADIAN. ) );
#2505 = VERTEX_POINT ( 'NONE', #3573 ) ;
#2506 = VECTOR ( 'NONE', #4193, 1000.000000000000000 ) ;
#2507 = DIRECTION ( 'NONE',  ( -1.000000000000000000, -0.0000000000000000000, -0.0000000000000000000 ) ) ;
#2508 = LINE ( 'NONE', #4547, #1414 ) ;
#2509 = VERTEX_POINT ( 'NONE', #1367 ) ;
#2510 = STYLED_ITEM ( 'NONE', ( #734 ), #1072 ) ;
#2511 = ORIENTED_EDGE ( 'NONE', *, *, #3698, .F. ) ;
#2512 = DIRECTION ( 'NONE',  ( 4.565061778886334200E-017, 1.000000000000000000, -8.881784197001311500E-016 ) ) ;
#2513 = CARTESIAN_POINT ( 'NONE',  ( -3.033442504927734700, 15.92496489850496400, 10.36525634732612000 ) ) ;
#2514 = EDGE_LOOP ( 'NONE', ( #3704, #2784, #1279, #432 ) ) ;
#2515 = ORIENTED_EDGE ( 'NONE', *, *, #293, .F. ) ;
#2516 = EDGE_CURVE ( 'NONE', #2866, #4583, #177, .T. ) ;
#2517 = AXIS2_PLACEMENT_3D ( 'NONE', #1849, #4435, #2218 ) ;
#2518 = PLANE ( 'NONE',  #3850 ) ;
#2519 =( NAMED_UNIT ( * ) SI_UNIT ( $, .STERADIAN. ) SOLID_ANGLE_UNIT ( ) );
#2520 = CARTESIAN_POINT ( 'NONE',  ( -36.60000000000000100, 35.30999999560008000, -5.100000000004043500 ) ) ;
#2521 = PRESENTATION_STYLE_ASSIGNMENT (( #1971 ) ) ;
#2522 =( NAMED_UNIT ( * ) PLANE_ANGLE_UNIT ( ) SI_UNIT ( $, .RADIAN. ) );
#2523 = CARTESIAN_POINT ( 'NONE',  ( -36.35529142706060700, 33.10084069261221600, 4.049999999995951500 ) ) ;
#2524 =( GEOMETRIC_REPRESENTATION_CONTEXT ( 3 ) GLOBAL_UNCERTAINTY_ASSIGNED_CONTEXT ( ( #1606 ) ) GLOBAL_UNIT_ASSIGNED_CONTEXT ( ( #2663, #460, #3046 ) ) REPRESENTATION_CONTEXT ( 'NONE', 'WORKASPACE' ) );
#2525 = CARTESIAN_POINT ( 'NONE',  ( -48.60000000000000100, 0.0000000000000000000, -18.50000000000000000 ) ) ;
#2526 = CARTESIAN_POINT ( 'NONE',  ( -36.79999999999828500, 33.39798546114970200, -4.900000000479545600 ) ) ;
#2527 = CARTESIAN_POINT ( 'NONE',  ( -22.44999999999999900, 33.77060601645994400, -5.100000000004046200 ) ) ;
#2528 = CARTESIAN_POINT ( 'NONE',  ( -46.50000000000000000, 0.0000000000000000000, 0.0000000000000000000 ) ) ;
#2529 = MECHANICAL_DESIGN_GEOMETRIC_PRESENTATION_REPRESENTATION (  '', ( #2047 ), #2767 ) ;
#2530 = CARTESIAN_POINT ( 'NONE',  ( -12.44598990537957500, 15.33450198945644900, -7.341809547070404600 ) ) ;
#2531 = VECTOR ( 'NONE', #3756, 1000.000000000000000 ) ;
#2532 = CARTESIAN_POINT ( 'NONE',  ( -36.19999999999998900, 33.68039618838994200, -4.050000000004044600 ) ) ;
#2533 = COLOUR_RGB ( '',0.7764705882352941300, 0.7568627450980391900, 0.7372549019607843600 ) ;
#2534 = CARTESIAN_POINT ( 'NONE',  ( -16.00000000000000000, 24.24999999559993900, -7.600000000004047100 ) ) ;
#2535 = FILL_AREA_STYLE_COLOUR ( '', #1529 ) ;
#2536 = LINE ( 'NONE', #2191, #4514 ) ;
#2537 = CARTESIAN_POINT ( 'NONE',  ( -36.59999999999999400, 36.18867965203744300, 5.099999999991118700 ) ) ;
#2538 = CIRCLE ( 'NONE', #153, 0.4999999999973749300 ) ;
#2539 = LINE ( 'NONE', #577, #574 ) ;
#2540 = EDGE_CURVE ( 'NONE', #4552, #4358, #2999, .T. ) ;
#2541 = CARTESIAN_POINT ( 'NONE',  ( -36.59999999999999400, 33.68039618838839300, -5.100000000004050600 ) ) ;
#2542 =( GEOMETRIC_REPRESENTATION_CONTEXT ( 3 ) GLOBAL_UNCERTAINTY_ASSIGNED_CONTEXT ( ( #4636 ) ) GLOBAL_UNIT_ASSIGNED_CONTEXT ( ( #3062, #833, #3430 ) ) REPRESENTATION_CONTEXT ( 'NONE', 'WORKASPACE' ) );
#2543 = CARTESIAN_POINT ( 'NONE',  ( -36.79999999999999000, 34.98999999559993800, -2.650000000004046500 ) ) ;
#2544 = CARTESIAN_POINT ( 'NONE',  ( -10.92434532102390500, 14.75316563974580400, 8.456044853475996000 ) ) ;
#2545 = B_SPLINE_CURVE_WITH_KNOTS ( 'NONE', 3,
 ( #3121, #1248, #2378, #539, #2748, #190 ),
 .UNSPECIFIED., .F., .F.,
 ( 4, 2, 4 ),
 ( 0.0000000000000000000, 0.5000000000000000000, 1.000000000000000000 ),
 .UNSPECIFIED. ) ;
#2546 = EDGE_LOOP ( 'NONE', ( #3823, #273, #1792, #669, #2398, #596, #2561 ) ) ;
#2547 =( NAMED_UNIT ( * ) SI_UNIT ( $, .STERADIAN. ) SOLID_ANGLE_UNIT ( ) );
#2548 = FACE_OUTER_BOUND ( 'NONE', #2275, .T. ) ;
#2549 = UNCERTAINTY_MEASURE_WITH_UNIT (LENGTH_MEASURE( 1.000000000000000100E-005 ), #35, 'distance_accuracy_value', 'NONE');
#2550 = CARTESIAN_POINT ( 'NONE',  ( -0.3040217494064015300, -15.11695286001025500, -1.851292793287297800E-015 ) ) ;
#2551 = DIRECTION ( 'NONE',  ( -0.0000000000000000000, 0.0000000000000000000, 1.000000000000000000 ) ) ;
#2552 = CARTESIAN_POINT ( 'NONE',  ( -0.05597972128390961400, -15.46179454795979800, -1.893523720223295900E-015 ) ) ;
#2553 = CARTESIAN_POINT ( 'NONE',  ( -16.00000000000000000, 33.44999999559993900, 9.999999999995951700 ) ) ;
#2554 = DIRECTION ( 'NONE',  ( 0.0000000000000000000, -0.0000000000000000000, 1.000000000000000000 ) ) ;
#2555 = MECHANICAL_DESIGN_GEOMETRIC_PRESENTATION_REPRESENTATION (  '', ( #1308 ), #2794 ) ;
#2556 = FILL_AREA_STYLE ('',( #2072 ) ) ;
#2557 = DIRECTION ( 'NONE',  ( -0.0000000000000000000, 1.000000000000000000, -0.0000000000000000000 ) ) ;
#2558 = EDGE_LOOP ( 'NONE', ( #2207, #2338, #1422, #1287, #2341, #1543, #4162 ) ) ;
#2559 =( NAMED_UNIT ( * ) SI_UNIT ( $, .STERADIAN. ) SOLID_ANGLE_UNIT ( ) );
#2560 = LINE ( 'NONE', #4255, #4531 ) ;
#2561 = ORIENTED_EDGE ( 'NONE', *, *, #653, .T. ) ;
#2562 = FACE_OUTER_BOUND ( 'NONE', #371, .T. ) ;
#2563 = AXIS2_PLACEMENT_3D ( 'NONE', #1332, #3910, #1710 ) ;
#2564 = PLANE ( 'NONE',  #2644 ) ;
#2565 = ADVANCED_FACE ( 'NONE', ( #3963 ), #3508, .T. ) ;
#2566 = DIRECTION ( 'NONE',  ( -1.000000000000000000, 9.396418828329589400E-016, -3.339780724025581100E-015 ) ) ;
#2567 = EDGE_LOOP ( 'NONE', ( #3420, #946, #137, #3651 ) ) ;
#2568 = COLOUR_RGB ( '',0.0000000000000000000, 0.0000000000000000000, 0.0000000000000000000 ) ;
#2569 = FILL_AREA_STYLE_COLOUR ( '', #1419 ) ;
#2570 = EDGE_LOOP ( 'NONE', ( #1995, #1888, #440, #1944 ) ) ;
#2571 = CARTESIAN_POINT ( 'NONE',  ( -22.44999999999999200, 35.30999999559993800, -3.600000000004047100 ) ) ;
#2572 = FILL_AREA_STYLE ('',( #3308 ) ) ;
#2573 = DIRECTION ( 'NONE',  ( -1.000000000000000000, -0.0000000000000000000, -0.0000000000000000000 ) ) ;
#2574 = ORIENTED_EDGE ( 'NONE', *, *, #3468, .F. ) ;
#2575 = STYLED_ITEM ( 'NONE', ( #4211 ), #322 ) ;
#2576 = PLANE ( 'NONE',  #3729 ) ;
#2577 = DIRECTION ( 'NONE',  ( 0.0000000000000000000, 1.000000000000000000, 0.0000000000000000000 ) ) ;
#2578 = SURFACE_SIDE_STYLE ('',( #2893 ) ) ;
#2579 = ORIENTED_EDGE ( 'NONE', *, *, #4277, .T. ) ;
#2580 = EDGE_CURVE ( 'NONE', #3374, #4299, #674, .T. ) ;
#2581 = STYLED_ITEM ( 'NONE', ( #2747 ), #1379 ) ;
#2582 = EDGE_LOOP ( 'NONE', ( #4770, #2286, #3824, #2411 ) ) ;
#2583 = COLOUR_RGB ( '',0.0000000000000000000, 0.0000000000000000000, 0.0000000000000000000 ) ;
#2584 = FILL_AREA_STYLE ('',( #2936 ) ) ;
#2585 = EDGE_CURVE ( 'NONE', #3254, #4437, #455, .T. ) ;
#2586 = DIRECTION ( 'NONE',  ( 0.0000000000000000000, 1.000000000000000000, 0.0000000000000000000 ) ) ;
#2587 =( GEOMETRIC_REPRESENTATION_CONTEXT ( 3 ) GLOBAL_UNCERTAINTY_ASSIGNED_CONTEXT ( ( #2667 ) ) GLOBAL_UNIT_ASSIGNED_CONTEXT ( ( #2381, #192, #2750 ) ) REPRESENTATION_CONTEXT ( 'NONE', 'WORKASPACE' ) );
#2588 = CIRCLE ( 'NONE', #2892, 1.399999999999998600 ) ;
#2589 = SURFACE_SIDE_STYLE ('',( #2881 ) ) ;
#2590 = CARTESIAN_POINT ( 'NONE',  ( -15.66199999999999500, 29.24799999559994000, -7.600000000004046200 ) ) ;
#2591 = CARTESIAN_POINT ( 'NONE',  ( -32.89999999999999100, 29.14999999559993400, -8.600000000004048000 ) ) ;
#2592 = ADVANCED_FACE ( 'NONE', ( #1662 ), #117, .F. ) ;
#2593 = AXIS2_PLACEMENT_3D ( 'NONE', #2842, #627, #3215 ) ;
#2594 = CARTESIAN_POINT ( 'NONE',  ( -36.60000000000000100, 36.60999999559994900, -3.600000000004047100 ) ) ;
#2595 = FACE_OUTER_BOUND ( 'NONE', #1348, .T. ) ;
#2596 = DIRECTION ( 'NONE',  ( -1.000000000000000000, -0.0000000000000000000, -0.0000000000000000000 ) ) ;
#2597 = FILL_AREA_STYLE_COLOUR ( '', #4109 ) ;
#2598 = MECHANICAL_DESIGN_GEOMETRIC_PRESENTATION_REPRESENTATION (  '', ( #2109 ), #2837 ) ;
#2599 = LINE ( 'NONE', #304, #3459 ) ;
#2600 = EDGE_CURVE ( 'NONE', #4583, #3553, #233, .T. ) ;
#2601 =( NAMED_UNIT ( * ) PLANE_ANGLE_UNIT ( ) SI_UNIT ( $, .RADIAN. ) );
#2602 = CARTESIAN_POINT ( 'NONE',  ( -32.89999999999999100, 24.24999999559993900, 4.299999999995954200 ) ) ;
#2603 = CARTESIAN_POINT ( 'NONE',  ( -3.000000000000002700, 0.0000000000000000000, 0.0000000000000000000 ) ) ;
#2604 = CARTESIAN_POINT ( 'NONE',  ( -5.999999999999998200, 25.00000000000000000, -9.764999999999998800 ) ) ;
#2605 = AXIS2_PLACEMENT_3D ( 'NONE', #629, #3218, #997 ) ;
#2606 = EDGE_LOOP ( 'NONE', ( #2804, #531, #4497, #4417 ) ) ;
#2607 =( NAMED_UNIT ( * ) SI_UNIT ( $, .STERADIAN. ) SOLID_ANGLE_UNIT ( ) );
#2608 = PRESENTATION_STYLE_ASSIGNMENT (( #1475 ) ) ;
#2609 = VERTEX_POINT ( 'NONE', #3657 ) ;
#2610 = EDGE_CURVE ( 'NONE', #353, #4699, #3048, .T. ) ;
#2611 = CARTESIAN_POINT ( 'NONE',  ( -0.6470537028910733300, 0.0000000000000000000, 0.0000000000000000000 ) ) ;
#2612 = ORIENTED_EDGE ( 'NONE', *, *, #3375, .F. ) ;
#2613 = MECHANICAL_DESIGN_GEOMETRIC_PRESENTATION_REPRESENTATION (  '', ( #1877 ), #2860 ) ;
#2614 = PRESENTATION_STYLE_ASSIGNMENT (( #1742 ) ) ;
#2615 = VERTEX_POINT ( 'NONE', #4405 ) ;
#2616 = SURFACE_STYLE_FILL_AREA ( #2584 ) ;
#2617 = DIRECTION ( 'NONE',  ( 0.0000000000000000000, 0.0000000000000000000, 1.000000000000000000 ) ) ;
#2618 =( NAMED_UNIT ( * ) SI_UNIT ( $, .STERADIAN. ) SOLID_ANGLE_UNIT ( ) );
#2619 = ORIENTED_EDGE ( 'NONE', *, *, #4115, .F. ) ;
#2620 = CIRCLE ( 'NONE', #513, 4.300000000000001600 ) ;
#2621 = CARTESIAN_POINT ( 'NONE',  ( -36.59999999999999400, 33.68039618838994200, 5.099999999995953100 ) ) ;
#2622 = EDGE_CURVE ( 'NONE', #3356, #314, #1197, .T. ) ;
#2623 = ORIENTED_EDGE ( 'NONE', *, *, #612, .T. ) ;
#2624 = AXIS2_PLACEMENT_3D ( 'NONE', #3594, #303, #1778 ) ;
#2625 = VECTOR ( 'NONE', #1618, 1000.000000000000000 ) ;
#2626 = DIRECTION ( 'NONE',  ( 0.0000000000000000000, 0.0000000000000000000, 1.000000000000000000 ) ) ;
#2627 = LINE ( 'NONE', #1569, #3603 ) ;
#2628 = EDGE_LOOP ( 'NONE', ( #650, #383, #2225, #1166 ) ) ;
#2629 = COLOUR_RGB ( '',0.7764705882352941300, 0.7568627450980391900, 0.7372549019607843600 ) ;
#2630 = ADVANCED_FACE ( 'NONE', ( #1079 ), #2564, .T. ) ;
#2631 =( NAMED_UNIT ( * ) PLANE_ANGLE_UNIT ( ) SI_UNIT ( $, .RADIAN. ) );
#2632 = CARTESIAN_POINT ( 'NONE',  ( 0.0000000000000000000, 14.09108146703900200, -9.863134540568648100 ) ) ;
#2633 = MECHANICAL_DESIGN_GEOMETRIC_PRESENTATION_REPRESENTATION (  '', ( #1900 ), #2880 ) ;
#2634 = CARTESIAN_POINT ( 'NONE',  ( -16.00000000000000000, 29.14999999559993400, 4.299999999995954200 ) ) ;
#2635 = ORIENTED_EDGE ( 'NONE', *, *, #3801, .F. ) ;
#2636 = EDGE_CURVE ( 'NONE', #1042, #4072, #729, .T. ) ;
#2637 = DIRECTION ( 'NONE',  ( 0.0000000000000000000, 0.0000000000000000000, -1.000000000000000000 ) ) ;
#2638 = AXIS2_PLACEMENT_3D ( 'NONE', #3128, #2386, #2029 ) ;
#2639 = COLOUR_RGB ( '',0.0000000000000000000, 0.0000000000000000000, 0.0000000000000000000 ) ;
#2640 = FILL_AREA_STYLE_COLOUR ( '', #4373 ) ;
#2641 = SURFACE_STYLE_FILL_AREA ( #1036 ) ;
#2642 = FILL_AREA_STYLE_COLOUR ( '', #3386 ) ;
#2643 = EDGE_CURVE ( 'NONE', #3359, #3805, #1717, .T. ) ;
#2644 = AXIS2_PLACEMENT_3D ( 'NONE', #367, #2948, #732 ) ;
#2645 = DIRECTION ( 'NONE',  ( 4.565061778886334200E-017, 1.000000000000000000, 0.0000000000000000000 ) ) ;
#2646 = DIRECTION ( 'NONE',  ( -0.0000000000000000000, -0.0000000000000000000, 1.000000000000000000 ) ) ;
#2647 = PRESENTATION_STYLE_ASSIGNMENT (( #4600 ) ) ;
#2648 = ORIENTED_EDGE ( 'NONE', *, *, #1806, .F. ) ;
#2649 = VECTOR ( 'NONE', #4146, 1000.000000000000000 ) ;
#2650 = AXIS2_PLACEMENT_3D ( 'NONE', #3845, #1646, #4216 ) ;
#2651 = FILL_AREA_STYLE_COLOUR ( '', #4122 ) ;
#2652 = CARTESIAN_POINT ( 'NONE',  ( -32.90000000198159600, 32.17499814564399000, -4.046615916591203000E-012 ) ) ;
#2653 = DIRECTION ( 'NONE',  ( 0.0000000000000000000, 1.000000000000000000, 0.0000000000000000000 ) ) ;
#2654 = AXIS2_PLACEMENT_3D ( 'NONE', #175, #2577, #3692 ) ;
#2655 = DIRECTION ( 'NONE',  ( 0.0000000000000000000, 1.000000000000000000, 0.0000000000000000000 ) ) ;
#2656 = PRESENTATION_STYLE_ASSIGNMENT (( #474 ) ) ;
#2657 = CIRCLE ( 'NONE', #3495, 15.05000000000000100 ) ;
#2658 =( NAMED_UNIT ( * ) PLANE_ANGLE_UNIT ( ) SI_UNIT ( $, .RADIAN. ) );
#2659 = FILL_AREA_STYLE_COLOUR ( '', #4705 ) ;
#2660 = PRESENTATION_STYLE_ASSIGNMENT (( #4434 ) ) ;
#2661 = VERTEX_POINT ( 'NONE', #3240 ) ;
#2662 = AXIS2_PLACEMENT_3D ( 'NONE', #1578, #3141, #3175 ) ;
#2663 =( LENGTH_UNIT ( ) NAMED_UNIT ( * ) SI_UNIT ( .MILLI., .METRE. ) );
#2664 = VERTEX_POINT ( 'NONE', #1484 ) ;
#2665 = FACE_OUTER_BOUND ( 'NONE', #662, .T. ) ;
#2666 = CYLINDRICAL_SURFACE ( 'NONE', #1145, 15.05000000000000100 ) ;
#2667 = UNCERTAINTY_MEASURE_WITH_UNIT (LENGTH_MEASURE( 1.000000000000000100E-005 ), #2381, 'distance_accuracy_value', 'NONE');
#2668 = EDGE_CURVE ( 'NONE', #4539, #917, #2588, .T. ) ;
#2669 = DIRECTION ( 'NONE',  ( 0.0000000000000000000, 1.000000000000000000, 0.0000000000000000000 ) ) ;
#2670 = CARTESIAN_POINT ( 'NONE',  ( -36.79999999999999700, 36.60999999559978600, -4.361522368919252400 ) ) ;
#2671 = AXIS2_PLACEMENT_3D ( 'NONE', #441, #3026, #796 ) ;
#2672 = CARTESIAN_POINT ( 'NONE',  ( -6.809999999999996900, 15.76490173023220200, -9.870555875809051500 ) ) ;
#2673 =( BOUNDED_SURFACE ( )  B_SPLINE_SURFACE ( 3, 3, ( 
 ( #2894, #2537, #3619, #667 ),
 ( #2908, #4048, #695, #4740 ),
 ( #1030, #2877, #680, #2195 ),
 ( #3332, #1820, #4016, #3298 ) ),
 .UNSPECIFIED., .F., .F., .F. ) 
 B_SPLINE_SURFACE_WITH_KNOTS ( ( 4, 4 ),
 ( 4, 4 ),
 ( 0.2202340502730618900, 0.7797659497217945800 ),
 ( 0.0000000000000000000, 1.000000000000000000 ),
 .UNSPECIFIED. ) 
 GEOMETRIC_REPRESENTATION_ITEM ( )  RATIONAL_B_SPLINE_SURFACE ( (
 ( 0.7568186908802893000, 0.6090406492602160600, 0.6090406492602160600, 0.7568186908802893000),
 ( 0.6090406492614074400, 0.4901180651611358200, 0.4901180651611358200, 0.6090406492614074400),
 ( 0.6090406492600489700, 0.4901180651600426400, 0.4901180651600426400, 0.6090406492600489700),
 ( 0.7568186908762140100, 0.6090406492569365700, 0.6090406492569365700, 0.7568186908762140100) ) ) 
 REPRESENTATION_ITEM ( '' )  SURFACE ( )  );
#2674 = ORIENTED_EDGE ( 'NONE', *, *, #374, .T. ) ;
#2675 =( NAMED_UNIT ( * ) SI_UNIT ( $, .STERADIAN. ) SOLID_ANGLE_UNIT ( ) );
#2676 = DIRECTION ( 'NONE',  ( 0.0000000000000000000, 1.000000000000000000, -1.156482317317875700E-015 ) ) ;
#2677 = ORIENTED_EDGE ( 'NONE', *, *, #4189, .F. ) ;
#2678 = SURFACE_STYLE_FILL_AREA ( #3165 ) ;
#2679 = AXIS2_PLACEMENT_3D ( 'NONE', #3472, #1255, #3836 ) ;
#2680 = CARTESIAN_POINT ( 'NONE',  ( -0.6470537028910733300, 15.05000000000000100, -30.09999999999999800 ) ) ;
#2681 =( NAMED_UNIT ( * ) PLANE_ANGLE_UNIT ( ) SI_UNIT ( $, .RADIAN. ) );
#2682 = VERTEX_POINT ( 'NONE', #2969 ) ;
#2683 = CARTESIAN_POINT ( 'NONE',  ( -50.00000000000000000, 1.163414459189985500E-015, -9.500000000000000000 ) ) ;
#2684 = VERTEX_POINT ( 'NONE', #1126 ) ;
#2685 = AXIS2_PLACEMENT_3D ( 'NONE', #808, #3397, #1191 ) ;
#2686 = ORIENTED_EDGE ( 'NONE', *, *, #3801, .T. ) ;
#2687 = CARTESIAN_POINT ( 'NONE',  ( -36.60000000000000900, 36.80999999559992400, -3.600000000003746000 ) ) ;
#2688 = SURFACE_SIDE_STYLE ('',( #3869 ) ) ;
#2689 = ORIENTED_EDGE ( 'NONE', *, *, #1891, .T. ) ;
#2690 = CARTESIAN_POINT ( 'NONE',  ( -32.89999999999999900, 32.17499814512844100, 5.017157287519526500 ) ) ;
#2691 = AXIS2_PLACEMENT_3D ( 'NONE', #3307, #2217, #2551 ) ;
#2692 = CARTESIAN_POINT ( 'NONE',  ( -12.44528472922345600, 16.98192601494971800, -7.342458890309859300 ) ) ;
#2693 = VECTOR ( 'NONE', #349, 1000.000000000000000 ) ;
#2694 = EDGE_CURVE ( 'NONE', #1682, #3201, #3561, .T. ) ;
#2695 = DIRECTION ( 'NONE',  ( -1.000000000000000000, 2.628368902995161500E-016, 0.0000000000000000000 ) ) ;
#2696 = AXIS2_PLACEMENT_3D ( 'NONE', #529, #2738, #4625 ) ;
#2697 = UNCERTAINTY_MEASURE_WITH_UNIT (LENGTH_MEASURE( 1.000000000000000100E-005 ), #989, 'distance_accuracy_value', 'NONE');
#2698 = SURFACE_SIDE_STYLE ('',( #1266 ) ) ;
#2699 = FILL_AREA_STYLE ('',( #1600 ) ) ;
#2700 = DIRECTION ( 'NONE',  ( 0.0000000000000000000, -2.914335439641154700E-012, 1.000000000000000000 ) ) ;
#2701 = CARTESIAN_POINT ( 'NONE',  ( -16.00000000000000000, 29.14999999559993400, -4.300000000004046400 ) ) ;
#2702 = CARTESIAN_POINT ( 'NONE',  ( -15.76392931419898600, 18.49943485205466600, -0.6681451171605020700 ) ) ;
#2703 = FACE_OUTER_BOUND ( 'NONE', #815, .T. ) ;
#2704 = EDGE_CURVE ( 'NONE', #3701, #4487, #1603, .T. ) ;
#2705 = AXIS2_PLACEMENT_3D ( 'NONE', #4426, #2213, #13 ) ;
#2706 =( NAMED_UNIT ( * ) PLANE_ANGLE_UNIT ( ) SI_UNIT ( $, .RADIAN. ) );
#2707 = FILL_AREA_STYLE_COLOUR ( '', #998 ) ;
#2708 = COLOUR_RGB ( '',0.0000000000000000000, 0.0000000000000000000, 0.0000000000000000000 ) ;
#2709 = VECTOR ( 'NONE', #4689, 1000.000000000000000 ) ;
#2710 = ORIENTED_EDGE ( 'NONE', *, *, #4115, .T. ) ;
#2711 = SURFACE_STYLE_FILL_AREA ( #2931 ) ;
#2712 = PRESENTATION_LAYER_ASSIGNMENT (  '', '', ( #2475 ) ) ;
#2713 = CARTESIAN_POINT ( 'NONE',  ( -32.89999999999999100, 33.84602668839994500, 5.099999999995953100 ) ) ;
#2714 =( LENGTH_UNIT ( ) NAMED_UNIT ( * ) SI_UNIT ( .MILLI., .METRE. ) );
#2715 = ORIENTED_EDGE ( 'NONE', *, *, #2585, .T. ) ;
#2716 = LINE ( 'NONE', #1726, #1215 ) ;
#2717 = DIRECTION ( 'NONE',  ( 1.000000000000000000, 0.0000000000000000000, 0.0000000000000000000 ) ) ;
#2718 = CARTESIAN_POINT ( 'NONE',  ( -13.33287246252064900, 17.33877259713627300, 6.456294050655677600 ) ) ;
#2719 = ADVANCED_FACE ( 'NONE', ( #3446 ), #1141, .F. ) ;
#2720 = EDGE_CURVE ( 'NONE', #917, #4716, #2130, .T. ) ;
#2721 = ORIENTED_EDGE ( 'NONE', *, *, #2540, .F. ) ;
#2722 = VECTOR ( 'NONE', #2183, 1000.000000000000000 ) ;
#2723 = DIRECTION ( 'NONE',  ( 0.0000000000000000000, -0.0000000000000000000, 1.000000000000000000 ) ) ;
#2724 =( LENGTH_UNIT ( ) NAMED_UNIT ( * ) SI_UNIT ( .MILLI., .METRE. ) );
#2725 = ORIENTED_EDGE ( 'NONE', *, *, #2694, .F. ) ;
#2726 = PLANE ( 'NONE',  #4441 ) ;
#2727 = EDGE_CURVE ( 'NONE', #4062, #3488, #4078, .T. ) ;
#2728 = DIRECTION ( 'NONE',  ( 0.0000000000000000000, -1.000000000000000000, 0.0000000000000000000 ) ) ;
#2729 =( GEOMETRIC_REPRESENTATION_CONTEXT ( 3 ) GLOBAL_UNCERTAINTY_ASSIGNED_CONTEXT ( ( #3525 ) ) GLOBAL_UNIT_ASSIGNED_CONTEXT ( ( #1758, #4343, #2134 ) ) REPRESENTATION_CONTEXT ( 'NONE', 'WORKASPACE' ) );
#2730 = SURFACE_STYLE_USAGE ( .BOTH. , #640 ) ;
#2731 = VERTEX_POINT ( 'NONE', #414 ) ;
#2732 = CARTESIAN_POINT ( 'NONE',  ( -0.3040217494064032000, 17.13304713638766000, 34.26609427277531900 ) ) ;
#2733 =( NAMED_UNIT ( * ) SI_UNIT ( $, .STERADIAN. ) SOLID_ANGLE_UNIT ( ) );
#2734 = CARTESIAN_POINT ( 'NONE',  ( -6.000000001394250900, 33.44999999559993900, -10.00000000000404700 ) ) ;
#2735 = ORIENTED_EDGE ( 'NONE', *, *, #4720, .F. ) ;
#2736 = MECHANICAL_DESIGN_GEOMETRIC_PRESENTATION_REPRESENTATION (  '', ( #2013 ), #3000 ) ;
#2737 = LINE ( 'NONE', #2254, #775 ) ;
#2738 = DIRECTION ( 'NONE',  ( -1.000000000000000000, -0.0000000000000000000, -0.0000000000000000000 ) ) ;
#2739 = ORIENTED_EDGE ( 'NONE', *, *, #2226, .T. ) ;
#2740 = LINE ( 'NONE', #4264, #2125 ) ;
#2741 = CARTESIAN_POINT ( 'NONE',  ( 0.0000000000000000000, 0.0000000000000000000, 18.50000000000000000 ) ) ;
#2742 = CARTESIAN_POINT ( 'NONE',  ( -3.000000000000016400, 30.44999999429270300, -10.00000000000404500 ) ) ;
#2743 = FILL_AREA_STYLE_COLOUR ( '', #1023 ) ;
#2744 = MECHANICAL_DESIGN_GEOMETRIC_PRESENTATION_REPRESENTATION (  '', ( #2260 ), #3004 ) ;
#2745 = DIRECTION ( 'NONE',  ( 0.0000000000000000000, 0.0000000000000000000, 1.000000000000000000 ) ) ;
#2746 = CARTESIAN_POINT ( 'NONE',  ( -16.00000000000000000, 31.94999999559994200, -10.00000000000404700 ) ) ;
#2747 = PRESENTATION_STYLE_ASSIGNMENT (( #3556 ) ) ;
#2748 = CARTESIAN_POINT ( 'NONE',  ( -36.39111039051137200, 33.31819540470063100, 5.099999999995953100 ) ) ;
#2749 = DIRECTION ( 'NONE',  ( -1.000000000000000000, -0.0000000000000000000, -0.0000000000000000000 ) ) ;
#2750 =( NAMED_UNIT ( * ) SI_UNIT ( $, .STERADIAN. ) SOLID_ANGLE_UNIT ( ) );
#2751 = UNCERTAINTY_MEASURE_WITH_UNIT (LENGTH_MEASURE( 1.000000000000000100E-005 ), #266, 'distance_accuracy_value', 'NONE');
#2752 = AXIS2_PLACEMENT_3D ( 'NONE', #3408, #4512, #1566 ) ;
#2753 = DIRECTION ( 'NONE',  ( 0.0000000000000000000, -1.000000000000000000, 0.0000000000000000000 ) ) ;
#2754 = VECTOR ( 'NONE', #2339, 1000.000000000000000 ) ;
#2755 = EDGE_CURVE ( 'NONE', #2921, #2731, #288, .T. ) ;
#2756 = DIRECTION ( 'NONE',  ( 0.0000000000000000000, -1.000000000000000000, 0.0000000000000000000 ) ) ;
#2757 = STYLED_ITEM ( 'NONE', ( #904 ), #2119 ) ;
#2758 = CARTESIAN_POINT ( 'NONE',  ( -2.999999999999995600, 16.15549441700338900, -10.00000000000405200 ) ) ;
#2759 = CARTESIAN_POINT ( 'NONE',  ( -3.000000000000002700, 0.0000000000000000000, 11.60000000000000000 ) ) ;
#2760 = SURFACE_STYLE_FILL_AREA ( #436 ) ;
#2761 = CARTESIAN_POINT ( 'NONE',  ( -3.532353666558648400, 15.38414746640807400, -11.15048655002301100 ) ) ;
#2762 = CARTESIAN_POINT ( 'NONE',  ( -6.000000000697149000, 33.44999999559969700, -10.87867965644432600 ) ) ;
#2763 = DIRECTION ( 'NONE',  ( 0.0000000000000000000, -1.000000000000000000, 0.0000000000000000000 ) ) ;
#2764 = CYLINDRICAL_SURFACE ( 'NONE', #1809, 11.60000000000000000 ) ;
#2765 = VECTOR ( 'NONE', #4067, 1000.000000000000000 ) ;
#2766 = DIRECTION ( 'NONE',  ( -1.000000000000000000, 2.628368902995161500E-016, -4.144993854139194100E-031 ) ) ;
#2767 =( GEOMETRIC_REPRESENTATION_CONTEXT ( 3 ) GLOBAL_UNCERTAINTY_ASSIGNED_CONTEXT ( ( #2549 ) ) GLOBAL_UNIT_ASSIGNED_CONTEXT ( ( #35, #2601, #393 ) ) REPRESENTATION_CONTEXT ( 'NONE', 'WORKASPACE' ) );
#2768 = VERTEX_POINT ( 'NONE', #430 ) ;
#2769 = DIRECTION ( 'NONE',  ( 0.0000000000000000000, -1.000000000000000000, 0.0000000000000000000 ) ) ;
#2770 = SURFACE_STYLE_USAGE ( .BOTH. , #217 ) ;
#2771 = ORIENTED_EDGE ( 'NONE', *, *, #2161, .T. ) ;
#2772 = DIRECTION ( 'NONE',  ( -1.000000000000000000, 0.0000000000000000000, 0.0000000000000000000 ) ) ;
#2773 = ORIENTED_EDGE ( 'NONE', *, *, #1522, .F. ) ;
#2774 = SURFACE_STYLE_USAGE ( .BOTH. , #1734 ) ;
#2775 = PRESENTATION_LAYER_ASSIGNMENT (  '', '', ( #1803 ) ) ;
#2776 = FILL_AREA_STYLE_COLOUR ( '', #375 ) ;
#2777 = SURFACE_SIDE_STYLE ('',( #1960 ) ) ;
#2778 = ORIENTED_EDGE ( 'NONE', *, *, #1219, .T. ) ;
#2779 = CARTESIAN_POINT ( 'NONE',  ( -4.500000000000101300, 30.44999999529718000, -11.50000000000402900 ) ) ;
#2780 = DIRECTION ( 'NONE',  ( 0.0000000000000000000, 1.000000000000000000, 0.0000000000000000000 ) ) ;
#2781 = EDGE_CURVE ( 'NONE', #723, #4054, #2995, .T. ) ;
#2782 = STYLED_ITEM ( 'NONE', ( #4275 ), #1748 ) ;
#2783 = UNCERTAINTY_MEASURE_WITH_UNIT (LENGTH_MEASURE( 1.000000000000000100E-005 ), #2102, 'distance_accuracy_value', 'NONE');
#2784 = ORIENTED_EDGE ( 'NONE', *, *, #3698, .T. ) ;
#2785 = FILL_AREA_STYLE ('',( #3519 ) ) ;
#2786 = FILL_AREA_STYLE_COLOUR ( '', #2568 ) ;
#2787 = DIRECTION ( 'NONE',  ( 0.0000000000000000000, 1.000000000000000000, 0.0000000000000000000 ) ) ;
#2788 = VECTOR ( 'NONE', #176, 1000.000000000000000 ) ;
#2789 = VERTEX_POINT ( 'NONE', #1547 ) ;
#2790 = ORIENTED_EDGE ( 'NONE', *, *, #519, .F. ) ;
#2791 = FACE_OUTER_BOUND ( 'NONE', #1575, .T. ) ;
#2792 = DIRECTION ( 'NONE',  ( 0.0000000000000000000, 1.000000000000000000, 0.0000000000000000000 ) ) ;
#2793 = FILL_AREA_STYLE ('',( #1307 ) ) ;
#2794 =( GEOMETRIC_REPRESENTATION_CONTEXT ( 3 ) GLOBAL_UNCERTAINTY_ASSIGNED_CONTEXT ( ( #3171 ) ) GLOBAL_UNIT_ASSIGNED_CONTEXT ( ( #4561, #2330, #136 ) ) REPRESENTATION_CONTEXT ( 'NONE', 'WORKASPACE' ) );
#2795 =( NAMED_UNIT ( * ) PLANE_ANGLE_UNIT ( ) SI_UNIT ( $, .RADIAN. ) );
#2796 = COLOUR_RGB ( '',0.0000000000000000000, 0.0000000000000000000, 0.0000000000000000000 ) ;
#2797 = VERTEX_POINT ( 'NONE', #4119 ) ;
#2798 = ORIENTED_EDGE ( 'NONE', *, *, #979, .T. ) ;
#2799 = FACE_OUTER_BOUND ( 'NONE', #1824, .T. ) ;
#2800 = CARTESIAN_POINT ( 'NONE',  ( -50.00000000000000000, 15.71288563568131600, 9.764999999999986400 ) ) ;
#2801 = CARTESIAN_POINT ( 'NONE',  ( -48.60000000000000100, 0.0000000000000000000, 0.0000000000000000000 ) ) ;
#2802 = SURFACE_STYLE_USAGE ( .BOTH. , #243 ) ;
#2803 = PRESENTATION_LAYER_ASSIGNMENT (  '', '', ( #2307 ) ) ;
#2804 = ORIENTED_EDGE ( 'NONE', *, *, #4777, .T. ) ;
#2805 = CARTESIAN_POINT ( 'NONE',  ( -34.62764571353499600, 32.63791941886493900, 4.899999999995953800 ) ) ;
#2806 = PRESENTATION_STYLE_ASSIGNMENT (( #2028 ) ) ;
#2807 = CARTESIAN_POINT ( 'NONE',  ( -29.62500000000000000, 34.98999999559993800, 2.649999999995952900 ) ) ;
#2808 = DIRECTION ( 'NONE',  ( -1.000000000000000000, -0.0000000000000000000, -0.0000000000000000000 ) ) ;
#2809 =( LENGTH_UNIT ( ) NAMED_UNIT ( * ) SI_UNIT ( .MILLI., .METRE. ) );
#2810 = UNCERTAINTY_MEASURE_WITH_UNIT (LENGTH_MEASURE( 1.000000000000000100E-005 ), #3220, 'distance_accuracy_value', 'NONE');
#2811 = DIRECTION ( 'NONE',  ( 0.0000000000000000000, 0.0000000000000000000, 1.000000000000000000 ) ) ;
#2812 =( BOUNDED_SURFACE ( )  B_SPLINE_SURFACE ( 3, 3, ( 
 ( #3221, #2086, #4033, #1943 ),
 ( #3580, #1022, #3984, #844 ),
 ( #3766, #4651, #2872, #3440 ),
 ( #1630, #3056, #1386, #2155 ) ),
 .UNSPECIFIED., .F., .F., .T. ) 
 B_SPLINE_SURFACE_WITH_KNOTS ( ( 4, 4 ),
 ( 4, 4 ),
 ( 0.0000000000000000000, 1.000000000000000000 ),
 ( 0.0000000000000000000, 1.000000000000000000 ),
 .UNSPECIFIED. ) 
 GEOMETRIC_REPRESENTATION_ITEM ( )  RATIONAL_B_SPLINE_SURFACE ( (
 ( 1.000000000000000000, 0.3333333333333334300, 0.3333333333333334300, 1.000000000000000000),
 ( 0.8695484763729034400, 0.2898494921243012200, 0.2898494921243012200, 0.8695484763729034400),
 ( 0.8695484763729034400, 0.2898494921243012200, 0.2898494921243012200, 0.8695484763729034400),
 ( 1.000000000000000000, 0.3333333333333334300, 0.3333333333333334300, 1.000000000000000000) ) ) 
 REPRESENTATION_ITEM ( '' )  SURFACE ( )  );
#2813 = EDGE_CURVE ( 'NONE', #327, #314, #3957, .T. ) ;
#2814 = AXIS2_PLACEMENT_3D ( 'NONE', #845, #1802, #3904 ) ;
#2815 = CARTESIAN_POINT ( 'NONE',  ( -16.00000000000000000, 32.17499814511995000, 5.618857913269519800 ) ) ;
#2816 = SURFACE_STYLE_USAGE ( .BOTH. , #253 ) ;
#2817 = DIRECTION ( 'NONE',  ( 1.000000000000000000, 0.0000000000000000000, 0.0000000000000000000 ) ) ;
#2818 = COLOUR_RGB ( '',0.0000000000000000000, 0.0000000000000000000, 0.0000000000000000000 ) ;
#2819 = EDGE_CURVE ( 'NONE', #3324, #2768, #1013, .T. ) ;
#2820 = CARTESIAN_POINT ( 'NONE',  ( -22.44999999999999200, 33.77060601645994400, 5.099999999995953100 ) ) ;
#2821 = VECTOR ( 'NONE', #3716, 1000.000000000000000 ) ;
#2822 = ORIENTED_EDGE ( 'NONE', *, *, #3361, .T. ) ;
#2823 = PRESENTATION_LAYER_ASSIGNMENT (  '', '', ( #3075 ) ) ;
#2824 = ADVANCED_FACE ( 'NONE', ( #3098 ), #4023, .F. ) ;
#2825 = CIRCLE ( 'NONE', #4778, 0.6000000000059500000 ) ;
#2826 = DIRECTION ( 'NONE',  ( 0.0000000000000000000, -1.000000000000000000, 0.0000000000000000000 ) ) ;
#2827 = CYLINDRICAL_SURFACE ( 'NONE', #3953, 9.549999999999998900 ) ;
#2828 = AXIS2_PLACEMENT_3D ( 'NONE', #3952, #1750, #4333 ) ;
#2829 = SURFACE_STYLE_FILL_AREA ( #3148 ) ;
#2830 = APPLICATION_CONTEXT ( 'automotive_design' ) ;
#2831 = ORIENTED_EDGE ( 'NONE', *, *, #84, .F. ) ;
#2832 = CARTESIAN_POINT ( 'NONE',  ( -3.000000000000079000, 30.44999986924149800, 9.999999999995951700 ) ) ;
#2833 = CARTESIAN_POINT ( 'NONE',  ( -15.42748287620738900, 16.80820980927040500, -2.565728790379989000 ) ) ;
#2834 = ORIENTED_EDGE ( 'NONE', *, *, #4556, .T. ) ;
#2835 = ADVANCED_FACE ( 'NONE', ( #1545 ), #3044, .F. ) ;
#2836 = SURFACE_STYLE_FILL_AREA ( #4013 ) ;
#2837 =( GEOMETRIC_REPRESENTATION_CONTEXT ( 3 ) GLOBAL_UNCERTAINTY_ASSIGNED_CONTEXT ( ( #3623 ) ) GLOBAL_UNIT_ASSIGNED_CONTEXT ( ( #1687, #4269, #2073 ) ) REPRESENTATION_CONTEXT ( 'NONE', 'WORKASPACE' ) );
#2838 = EDGE_CURVE ( 'NONE', #4358, #277, #2181, .T. ) ;
#2839 = FILL_AREA_STYLE ('',( #3565 ) ) ;
#2840 = EDGE_CURVE ( 'NONE', #1042, #3644, #4015, .T. ) ;
#2841 = DIRECTION ( 'NONE',  ( -0.9659258262890138000, 0.2588190451027244700, -1.428700421462633000E-013 ) ) ;
#2842 = CARTESIAN_POINT ( 'NONE',  ( -4.500000000001295000, 30.44999999559975000, 9.999999999995939200 ) ) ;
#2843 = CARTESIAN_POINT ( 'NONE',  ( -14.22499999999999400, 33.44999999559993900, -4.300000000004048100 ) ) ;
#2844 = EDGE_LOOP ( 'NONE', ( #489, #885, #2953, #3032 ) ) ;
#2845 = SURFACE_STYLE_FILL_AREA ( #813 ) ;
#2846 = VECTOR ( 'NONE', #4009, 1000.000000000000000 ) ;
#2847 = SURFACE_SIDE_STYLE ('',( #3005 ) ) ;
#2848 = SURFACE_SIDE_STYLE ('',( #942 ) ) ;
#2849 =( LENGTH_UNIT ( ) NAMED_UNIT ( * ) SI_UNIT ( .MILLI., .METRE. ) );
#2850 = ORIENTED_EDGE ( 'NONE', *, *, #3350, .F. ) ;
#2851 = STYLED_ITEM ( 'NONE', ( #70 ), #972 ) ;
#2852 = VERTEX_POINT ( 'NONE', #4182 ) ;
#2853 = CYLINDRICAL_SURFACE ( 'NONE', #3576, 17.00000000000000000 ) ;
#2854 = ORIENTED_EDGE ( 'NONE', *, *, #1055, .T. ) ;
#2855 = FILL_AREA_STYLE_COLOUR ( '', #1014 ) ;
#2856 = UNCERTAINTY_MEASURE_WITH_UNIT (LENGTH_MEASURE( 1.000000000000000100E-005 ), #3637, 'distance_accuracy_value', 'NONE');
#2857 = CARTESIAN_POINT ( 'NONE',  ( -36.59999999998332500, 33.49212237021085100, 5.099999999995952200 ) ) ;
#2858 = EDGE_LOOP ( 'NONE', ( #769, #2674, #158, #1277 ) ) ;
#2859 = EDGE_CURVE ( 'NONE', #4716, #917, #2071, .T. ) ;
#2860 =( GEOMETRIC_REPRESENTATION_CONTEXT ( 3 ) GLOBAL_UNCERTAINTY_ASSIGNED_CONTEXT ( ( #2697 ) ) GLOBAL_UNIT_ASSIGNED_CONTEXT ( ( #989, #3577, #1377 ) ) REPRESENTATION_CONTEXT ( 'NONE', 'WORKASPACE' ) );
#2861 = DIRECTION ( 'NONE',  ( 0.0000000000000000000, 0.0000000000000000000, 1.000000000000000000 ) ) ;
#2862 = FILL_AREA_STYLE_COLOUR ( '', #2478 ) ;
#2863 = VERTEX_POINT ( 'NONE', #843 ) ;
#2864 = ADVANCED_FACE ( 'NONE', ( #2930 ), #1599, .T. ) ;
#2865 =( NAMED_UNIT ( * ) PLANE_ANGLE_UNIT ( ) SI_UNIT ( $, .RADIAN. ) );
#2866 = VERTEX_POINT ( 'NONE', #3104 ) ;
#2867 = AXIS2_PLACEMENT_3D ( 'NONE', #2594, #385, #2963 ) ;
#2868 = VECTOR ( 'NONE', #3035, 1000.000000000000000 ) ;
#2869 = EDGE_CURVE ( 'NONE', #645, #601, #113, .T. ) ;
#2870 = CARTESIAN_POINT ( 'NONE',  ( -36.79999999999918000, 33.68039618833806500, 4.899999999995952000 ) ) ;
#2871 = MECHANICAL_DESIGN_GEOMETRIC_PRESENTATION_REPRESENTATION (  '', ( #2370 ), #3114 ) ;
#2872 = CARTESIAN_POINT ( 'NONE',  ( -0.3040217494064032000, -17.13304713638766000, -34.26609427277531900 ) ) ;
#2873 = FILL_AREA_STYLE ('',( #3964 ) ) ;
#2874 = VECTOR ( 'NONE', #91, 1000.000000000000000 ) ;
#2875 = CARTESIAN_POINT ( 'NONE',  ( -22.44999999999999200, 29.14999999559993400, 4.299999999995954200 ) ) ;
#2876 = SURFACE_STYLE_USAGE ( .BOTH. , #4368 ) ;
#2877 = CARTESIAN_POINT ( 'NONE',  ( -36.79999999999861900, 36.14015151461443100, 5.017157287517915300 ) ) ;
#2878 = CIRCLE ( 'NONE', #126, 16.30043030335877000 ) ;
#2879 =( BOUNDED_CURVE ( )  B_SPLINE_CURVE ( 3, ( #4225, #4450, #4100, #390 ),
 .UNSPECIFIED., .F., .T. ) 
 B_SPLINE_CURVE_WITH_KNOTS ( ( 4, 4 ),
 ( 0.0000000000000000000, 1.000000000000000000 ),
 .UNSPECIFIED. ) 
 CURVE ( )  GEOMETRIC_REPRESENTATION_ITEM ( )  RATIONAL_B_SPLINE_CURVE ( ( 1.000000000000000000, 0.8047378541244578600, 0.8047378541244578600, 1.000000000000000000 ) ) 
 REPRESENTATION_ITEM ( '' )  );
#2880 =( GEOMETRIC_REPRESENTATION_CONTEXT ( 3 ) GLOBAL_UNCERTAINTY_ASSIGNED_CONTEXT ( ( #2350 ) ) GLOBAL_UNIT_ASSIGNED_CONTEXT ( ( #1747, #4339, #404 ) ) REPRESENTATION_CONTEXT ( 'NONE', 'WORKASPACE' ) );
#2881 = SURFACE_STYLE_FILL_AREA ( #16 ) ;
#2882 = COLOUR_RGB ( '',0.7764705882352941300, 0.7568627450980391900, 0.7372549019607843600 ) ;
#2883 = EDGE_CURVE ( 'NONE', #2682, #1211, #3559, .T. ) ;
#2884 = AXIS2_PLACEMENT_3D ( 'NONE', #228, #3533, #1373 ) ;
#2885 = FILL_AREA_STYLE ('',( #1774 ) ) ;
#2886 =( NAMED_UNIT ( * ) PLANE_ANGLE_UNIT ( ) SI_UNIT ( $, .RADIAN. ) );
#2887 = VECTOR ( 'NONE', #560, 1000.000000000000000 ) ;
#2888 = CARTESIAN_POINT ( 'NONE',  ( -8.585627317867913900, 14.15059083545465900, -9.421987963447159900 ) ) ;
#2889 = LINE ( 'NONE', #2034, #3236 ) ;
#2890 = SURFACE_SIDE_STYLE ('',( #4159 ) ) ;
#2891 = CARTESIAN_POINT ( 'NONE',  ( -36.88299999999999600, 32.28423100338994800, 5.099999999995953100 ) ) ;
#2892 = AXIS2_PLACEMENT_3D ( 'NONE', #3700, #1501, #4074 ) ;
#2893 = SURFACE_STYLE_FILL_AREA ( #1139 ) ;
#2894 = CARTESIAN_POINT ( 'NONE',  ( -36.59999999999999400, 35.30999999559992400, 5.099999999991109900 ) ) ;
#2895 = CARTESIAN_POINT ( 'NONE',  ( -24.44999999999999900, 33.28929288928662800, 5.464583333328023200 ) ) ;
#2896 = ORIENTED_EDGE ( 'NONE', *, *, #187, .T. ) ;
#2897 = SURFACE_STYLE_FILL_AREA ( #1722 ) ;
#2898 = AXIS2_PLACEMENT_3D ( 'NONE', #457, #799, #4534 ) ;
#2899 = CARTESIAN_POINT ( 'NONE',  ( -36.35529142698712200, 33.10084069288450300, -5.017157287808188000 ) ) ;
#2900 = ORIENTED_EDGE ( 'NONE', *, *, #2126, .T. ) ;
#2901 = CARTESIAN_POINT ( 'NONE',  ( -36.79999999999999000, 35.80999999559993800, 2.649999999995953800 ) ) ;
#2902 = CARTESIAN_POINT ( 'NONE',  ( -15.76555781446528900, 17.00032041485994900, -0.3110446216764935500 ) ) ;
#2903 = SURFACE_STYLE_USAGE ( .BOTH. , #2688 ) ;
#2904 = ORIENTED_EDGE ( 'NONE', *, *, #718, .F. ) ;
#2905 = AXIS2_PLACEMENT_3D ( 'NONE', #285, #3461, #863 ) ;
#2906 = ADVANCED_FACE ( 'NONE', ( #609 ), #3093, .T. ) ;
#2907 = DIRECTION ( 'NONE',  ( 1.000000000000000000, 0.0000000000000000000, 0.0000000000000000000 ) ) ;
#2908 = CARTESIAN_POINT ( 'NONE',  ( -36.71715728752413800, 35.30999999559991000, 5.099999999991111600 ) ) ;
#2909 = VERTEX_POINT ( 'NONE', #203 ) ;
#2910 = VERTEX_POINT ( 'NONE', #2758 ) ;
#2911 = UNCERTAINTY_MEASURE_WITH_UNIT (LENGTH_MEASURE( 1.000000000000000100E-005 ), #586, 'distance_accuracy_value', 'NONE');
#2912 = DIRECTION ( 'NONE',  ( 0.0000000000000000000, 1.000000000000000000, 0.0000000000000000000 ) ) ;
#2913 = CIRCLE ( 'NONE', #4160, 17.00000000000000000 ) ;
#2914 = VERTEX_POINT ( 'NONE', #550 ) ;
#2915 = ADVANCED_FACE ( 'NONE', ( #1138 ), #914, .F. ) ;
#2916 = MECHANICAL_DESIGN_GEOMETRIC_PRESENTATION_REPRESENTATION (  '', ( #2413 ), #3162 ) ;
#2917 = ORIENTED_EDGE ( 'NONE', *, *, #401, .T. ) ;
#2918 = LINE ( 'NONE', #4432, #106 ) ;
#2919 = VERTEX_POINT ( 'NONE', #2409 ) ;
#2920 = CARTESIAN_POINT ( 'NONE',  ( -15.63574775487994900, 16.92600398468258800, -1.616380787592041300 ) ) ;
#2921 = VERTEX_POINT ( 'NONE', #3521 ) ;
#2922 = B_SPLINE_CURVE_WITH_KNOTS ( 'NONE', 3,
 ( #3861, #3501, #903, #4231, #2041, #4630, #2401, #207, #2761, #553, #3142, #918, #3513, #1301, #3875, #1669 ),
 .UNSPECIFIED., .F., .F.,
 ( 4, 2, 2, 2, 2, 2, 2, 4 ),
 ( 1.787492237255005200E-015, 0.0006465667018099450100, 0.0009698500527140217000, 0.001293133403618098300, 0.001616416754522175100, 0.001939700105426251600, 0.002262983456330328700, 0.002586266807234405400 ),
 .UNSPECIFIED. ) ;
#2923 = EDGE_CURVE ( 'NONE', #3359, #3378, #1771, .T. ) ;
#2924 = PRESENTATION_LAYER_ASSIGNMENT (  '', '', ( #2422 ) ) ;
#2925 = DIRECTION ( 'NONE',  ( 0.0000000000000000000, -1.000000000000000000, 0.0000000000000000000 ) ) ;
#2926 = DIRECTION ( 'NONE',  ( -1.000000000000000000, -0.0000000000000000000, -0.0000000000000000000 ) ) ;
#2927 = CARTESIAN_POINT ( 'NONE',  ( -8.673617379884035500E-016, -15.94956969303915400, -1.953258947235803300E-015 ) ) ;
#2928 = CARTESIAN_POINT ( 'NONE',  ( -5.121331363979121100, 31.94999999559845000, -11.50000000000402500 ) ) ;
#2929 = ORIENTED_EDGE ( 'NONE', *, *, #4537, .T. ) ;
#2930 = FACE_OUTER_BOUND ( 'NONE', #2166, .T. ) ;
#2931 = FILL_AREA_STYLE ('',( #3635 ) ) ;
#2932 = PRESENTATION_LAYER_ASSIGNMENT (  '', '', ( #2426 ) ) ;
#2933 = DIRECTION ( 'NONE',  ( 1.000000000000000000, 0.0000000000000000000, 0.0000000000000000000 ) ) ;
#2934 = SURFACE_STYLE_FILL_AREA ( #2289 ) ;
#2935 = FACE_OUTER_BOUND ( 'NONE', #92, .T. ) ;
#2936 = FILL_AREA_STYLE_COLOUR ( '', #4478 ) ;
#2937 = STYLED_ITEM ( 'NONE', ( #4229 ), #4605 ) ;
#2938 = FILL_AREA_STYLE ('',( #2569 ) ) ;
#2939 = PRESENTATION_STYLE_ASSIGNMENT (( #1913 ) ) ;
#2940 = DIRECTION ( 'NONE',  ( -1.000000000000000000, -0.0000000000000000000, -0.0000000000000000000 ) ) ;
#2941 = CARTESIAN_POINT ( 'NONE',  ( 0.0000000000000000000, 0.0000000000000000000, 0.0000000000000000000 ) ) ;
#2942 = DIRECTION ( 'NONE',  ( -0.0000000000000000000, -0.0000000000000000000, 1.000000000000000000 ) ) ;
#2943 = CARTESIAN_POINT ( 'NONE',  ( -2.999999999999995600, 16.23490457501174300, -9.870555875809161600 ) ) ;
#2944 = STYLED_ITEM ( 'NONE', ( #3169 ), #916 ) ;
#2945 = COLOUR_RGB ( '',0.0000000000000000000, 0.0000000000000000000, 0.0000000000000000000 ) ;
#2946 = DIRECTION ( 'NONE',  ( -0.0000000000000000000, -0.0000000000000000000, -1.000000000000000000 ) ) ;
#2947 = EDGE_CURVE ( 'NONE', #3268, #2909, #2740, .T. ) ;
#2948 = DIRECTION ( 'NONE',  ( 2.891205793294679300E-016, 0.0000000000000000000, -1.000000000000000000 ) ) ;
#2949 = MECHANICAL_DESIGN_GEOMETRIC_PRESENTATION_REPRESENTATION (  '', ( #2450 ), #3196 ) ;
#2950 = ADVANCED_FACE ( 'NONE', ( #1240 ), #2287, .F. ) ;
#2951 = SURFACE_STYLE_USAGE ( .BOTH. , #370 ) ;
#2952 = CARTESIAN_POINT ( 'NONE',  ( -36.60000000000000100, 36.80999999559873000, 3.599999999995966400 ) ) ;
#2953 = ORIENTED_EDGE ( 'NONE', *, *, #2018, .T. ) ;
#2954 = CARTESIAN_POINT ( 'NONE',  ( -15.99999999999999300, 24.24999999559993900, 8.599999999995953100 ) ) ;
#2955 = OPEN_SHELL ( 'NONE', ( #3987, #2835, #3599, #1844, #3235, #4341, #3977, #3362, #1105, #4440, #2415, #764, #2983, #2915, #4387, #3271, #1437, #2864, #2204, #4055, #3838, #361, #1920, #1379, #741, #4286, #1897, #1502, #1748, #2824, #2906, #2592, #4311, #752, #1015, #322, #3931, #2193, #603, #306, #2437, #3336, #916, #3312, #3485, #4200, #1987, #3719, #4035, #3009, #1588, #238, #3276, #3673, #1429, #585, #652, #150, #1320, #4282 ) ) ;
#2956 = CARTESIAN_POINT ( 'NONE',  ( -50.00000000000000000, 1.163414459189985500E-015, -9.500000000000000000 ) ) ;
#2957 = CARTESIAN_POINT ( 'NONE',  ( -8.673617379884035500E-016, 15.94956969303914800, 31.89913938607830700 ) ) ;
#2958 =( LENGTH_UNIT ( ) NAMED_UNIT ( * ) SI_UNIT ( .MILLI., .METRE. ) );
#2959 = DIRECTION ( 'NONE',  ( 0.0000000000000000000, -1.000000000000000000, 0.0000000000000000000 ) ) ;
#2960 = STYLED_ITEM ( 'NONE', ( #3614 ), #2950 ) ;
#2961 = ORIENTED_EDGE ( 'NONE', *, *, #1594, .F. ) ;
#2962 = CARTESIAN_POINT ( 'NONE',  ( -36.88299999999999600, 32.28423100338994800, -5.100000000004046200 ) ) ;
#2963 = DIRECTION ( 'NONE',  ( 0.0000000000000000000, 1.000000000000000000, 0.0000000000000000000 ) ) ;
#2964 = VERTEX_POINT ( 'NONE', #2440 ) ;
#2965 = CIRCLE ( 'NONE', #1164, 16.75000000000000000 ) ;
#2966 = EDGE_CURVE ( 'NONE', #3473, #2453, #445, .T. ) ;
#2967 = STYLED_ITEM ( 'NONE', ( #3480 ), #4200 ) ;
#2968 = DIRECTION ( 'NONE',  ( -1.000000000000000000, -0.0000000000000000000, -0.0000000000000000000 ) ) ;
#2969 = CARTESIAN_POINT ( 'NONE',  ( -16.00000000000000000, 31.94999999559993500, -11.50000000000404300 ) ) ;
#2970 = VERTEX_POINT ( 'NONE', #247 ) ;
#2971 = UNCERTAINTY_MEASURE_WITH_UNIT (LENGTH_MEASURE( 1.000000000000000100E-005 ), #294, 'distance_accuracy_value', 'NONE');
#2972 = PRESENTATION_STYLE_ASSIGNMENT (( #2484 ) ) ;
#2973 = CARTESIAN_POINT ( 'NONE',  ( -5.999987642317669200, 31.94999999550595500, 11.49999999999595700 ) ) ;
#2974 = CARTESIAN_POINT ( 'NONE',  ( 0.0000000000000000000, 14.07072955168146000, 9.892146873127510200 ) ) ;
#2975 = DIRECTION ( 'NONE',  ( 0.0000000000000000000, 1.000000000000000000, 0.0000000000000000000 ) ) ;
#2976 = ORIENTED_EDGE ( 'NONE', *, *, #3407, .T. ) ;
#2977 = MECHANICAL_DESIGN_GEOMETRIC_PRESENTATION_REPRESENTATION (  '', ( #2475 ), #3219 ) ;
#2978 = CYLINDRICAL_SURFACE ( 'NONE', #1196, 3.300000000000000700 ) ;
#2979 = VERTEX_POINT ( 'NONE', #2424 ) ;
#2980 = DIRECTION ( 'NONE',  ( 0.0000000000000000000, 0.0000000000000000000, 1.000000000000000000 ) ) ;
#2981 = DIRECTION ( 'NONE',  ( 0.0000000000000000000, 0.0000000000000000000, 1.000000000000000000 ) ) ;
#2982 = VERTEX_POINT ( 'NONE', #960 ) ;
#2983 = ADVANCED_FACE ( 'NONE', ( #328 ), #3775, .T. ) ;
#2984 = ORIENTED_EDGE ( 'NONE', *, *, #2643, .T. ) ;
#2985 = EDGE_CURVE ( 'NONE', #925, #1116, #4773, .T. ) ;
#2986 = CARTESIAN_POINT ( 'NONE',  ( -50.00000000000000000, 0.0000000000000000000, 0.0000000000000000000 ) ) ;
#2987 = MECHANICAL_DESIGN_GEOMETRIC_PRESENTATION_REPRESENTATION (  '', ( #1741 ), #3226 ) ;
#2988 = VERTEX_POINT ( 'NONE', #1361 ) ;
#2989 = DIRECTION ( 'NONE',  ( 0.0000000000000000000, 0.0000000000000000000, 1.000000000000000000 ) ) ;
#2990 = CARTESIAN_POINT ( 'NONE',  ( -32.89999999999999100, 33.28929288928813400, 5.464583333329021500 ) ) ;
#2991 = SURFACE_SIDE_STYLE ('',( #400 ) ) ;
#2992 = SURFACE_STYLE_USAGE ( .BOTH. , #1132 ) ;
#2993 = EDGE_CURVE ( 'NONE', #3304, #2910, #3290, .T. ) ;
#2994 = STYLED_ITEM ( 'NONE', ( #4505 ), #2592 ) ;
#2995 = LINE ( 'NONE', #3741, #2014 ) ;
#2996 = CARTESIAN_POINT ( 'NONE',  ( -36.30352761804088100, 33.29402585787492100, -5.100000000004045300 ) ) ;
#2997 = CARTESIAN_POINT ( 'NONE',  ( -5.121307637151020700, 31.94998609677754300, 11.49999999999595500 ) ) ;
#2998 = CARTESIAN_POINT ( 'NONE',  ( -36.30352761804015000, 33.29402585787141100, 4.899999999995954700 ) ) ;
#2999 = CIRCLE ( 'NONE', #1751, 4.300000000000001600 ) ;
#3000 =( GEOMETRIC_REPRESENTATION_CONTEXT ( 3 ) GLOBAL_UNCERTAINTY_ASSIGNED_CONTEXT ( ( #3464 ) ) GLOBAL_UNIT_ASSIGNED_CONTEXT ( ( #1851, #4436, #2219 ) ) REPRESENTATION_CONTEXT ( 'NONE', 'WORKASPACE' ) );
#3001 = LINE ( 'NONE', #2320, #69 ) ;
#3002 = CIRCLE ( 'NONE', #2354, 0.1999999999999987900 ) ;
#3003 = FILL_AREA_STYLE_COLOUR ( '', #3564 ) ;
#3004 =( GEOMETRIC_REPRESENTATION_CONTEXT ( 3 ) GLOBAL_UNCERTAINTY_ASSIGNED_CONTEXT ( ( #4729 ) ) GLOBAL_UNIT_ASSIGNED_CONTEXT ( ( #3246, #2504, #1768 ) ) REPRESENTATION_CONTEXT ( 'NONE', 'WORKASPACE' ) );
#3005 = SURFACE_STYLE_FILL_AREA ( #3916 ) ;
#3006 = DIRECTION ( 'NONE',  ( 0.0000000000000000000, -1.000000000000000000, 0.0000000000000000000 ) ) ;
#3007 = CARTESIAN_POINT ( 'NONE',  ( -22.44999999999999200, 36.80999999559993800, -4.046182235722208800E-012 ) ) ;
#3008 = LINE ( 'NONE', #3151, #2887 ) ;
#3009 = ADVANCED_FACE ( 'NONE', ( #2799 ), #490, .T. ) ;
#3010 = DIRECTION ( 'NONE',  ( 0.0000000000000000000, -1.000000000000000000, 0.0000000000000000000 ) ) ;
#3011 = B_SPLINE_CURVE_WITH_KNOTS ( 'NONE', 1,
 ( #2742, #2405 ),
 .UNSPECIFIED., .F., .F.,
 ( 2, 2 ),
 ( 0.0000000000000000000, 1.000000000000000000 ),
 .UNSPECIFIED. ) ;
#3012 = PRESENTATION_LAYER_ASSIGNMENT (  '', '', ( #2510 ) ) ;
#3013 = VECTOR ( 'NONE', #665, 1000.000000000000000 ) ;
#3014 = SURFACE_SIDE_STYLE ('',( #3606 ) ) ;
#3015 = FACE_OUTER_BOUND ( 'NONE', #994, .T. ) ;
#3016 = EDGE_CURVE ( 'NONE', #2979, #2428, #4431, .T. ) ;
#3017 = EDGE_LOOP ( 'NONE', ( #2472, #3757, #2623, #4313 ) ) ;
#3018 = PRESENTATION_LAYER_ASSIGNMENT (  '', '', ( #2757 ) ) ;
#3019 = SURFACE_STYLE_USAGE ( .BOTH. , #2991 ) ;
#3020 = FACE_OUTER_BOUND ( 'NONE', #3364, .T. ) ;
#3021 = FILL_AREA_STYLE_COLOUR ( '', #952 ) ;
#3022 = CARTESIAN_POINT ( 'NONE',  ( -36.80000000000001100, 36.07152236451352700, 4.899999999993486500 ) ) ;
#3023 = DIRECTION ( 'NONE',  ( 0.0000000000000000000, 0.0000000000000000000, 1.000000000000000000 ) ) ;
#3024 = ORIENTED_EDGE ( 'NONE', *, *, #3016, .T. ) ;
#3025 = FACE_OUTER_BOUND ( 'NONE', #537, .T. ) ;
#3026 = DIRECTION ( 'NONE',  ( 0.0000000000000000000, 1.000000000000000000, 0.0000000000000000000 ) ) ;
#3027 = CARTESIAN_POINT ( 'NONE',  ( 0.0000000000000000000, 0.0000000000000000000, 15.05000000000000100 ) ) ;
#3028 = STYLED_ITEM ( 'NONE', ( #3665 ), #3271 ) ;
#3029 = ORIENTED_EDGE ( 'NONE', *, *, #623, .F. ) ;
#3030 = PRESENTATION_STYLE_ASSIGNMENT (( #4046 ) ) ;
#3031 = CARTESIAN_POINT ( 'NONE',  ( -36.60000000000000100, 33.68039618838994200, -4.900000000004046900 ) ) ;
#3032 = ORIENTED_EDGE ( 'NONE', *, *, #1405, .F. ) ;
#3033 = UNCERTAINTY_MEASURE_WITH_UNIT (LENGTH_MEASURE( 1.000000000000000100E-005 ), #3161, 'distance_accuracy_value', 'NONE');
#3034 = PRESENTATION_STYLE_ASSIGNMENT (( #3537 ) ) ;
#3035 = DIRECTION ( 'NONE',  ( -0.0000000000000000000, -0.0000000000000000000, -1.000000000000000000 ) ) ;
#3036 = EDGE_LOOP ( 'NONE', ( #2382, #2984, #90, #3551 ) ) ;
#3037 = ORIENTED_EDGE ( 'NONE', *, *, #3863, .F. ) ;
#3038 = CARTESIAN_POINT ( 'NONE',  ( -22.44999999999999900, 32.81249907035995500, -4.050000000004046400 ) ) ;
#3039 = DIRECTION ( 'NONE',  ( 0.0000000000000000000, 0.0000000000000000000, 1.000000000000000000 ) ) ;
#3040 = CARTESIAN_POINT ( 'NONE',  ( -29.62500000000000000, 35.80999999559993800, 2.649999999995953800 ) ) ;
#3041 = MECHANICAL_DESIGN_GEOMETRIC_PRESENTATION_REPRESENTATION (  '', ( #1803 ), #3282 ) ;
#3042 = CARTESIAN_POINT ( 'NONE',  ( -3.000000000000002700, 0.0000000000000000000, 9.550000000000002500 ) ) ;
#3043 = ORIENTED_EDGE ( 'NONE', *, *, #688, .F. ) ;
#3044 = CYLINDRICAL_SURFACE ( 'NONE', #3543, 3.300000000000000700 ) ;
#3045 = EDGE_CURVE ( 'NONE', #3803, #1682, #4169, .T. ) ;
#3046 =( NAMED_UNIT ( * ) SI_UNIT ( $, .STERADIAN. ) SOLID_ANGLE_UNIT ( ) );
#3047 = CARTESIAN_POINT ( 'NONE',  ( -36.79999999999998300, 35.30999999560007300, -5.017157287529426100 ) ) ;
#3048 = LINE ( 'NONE', #3286, #2074 ) ;
#3049 = LINE ( 'NONE', #3380, #1081 ) ;
#3050 = CARTESIAN_POINT ( 'NONE',  ( -22.16299999999999700, 32.07717576730995300, 4.049999999995953300 ) ) ;
#3051 = STYLED_ITEM ( 'NONE', ( #1952 ), #2864 ) ;
#3052 = CARTESIAN_POINT ( 'NONE',  ( -32.89999999999999900, 26.86030300602993700, 7.599999999995955800 ) ) ;
#3053 = EDGE_LOOP ( 'NONE', ( #2896, #4294, #2457, #3353 ) ) ;
#3054 = CARTESIAN_POINT ( 'NONE',  ( -32.89999999999999900, 32.17499814511995700, -4.046615916591203000E-012 ) ) ;
#3055 = CIRCLE ( 'NONE', #773, 3.000000000000002700 ) ;
#3056 = CARTESIAN_POINT ( 'NONE',  ( -0.6470537028910734500, 17.19999999639791700, -34.39999999279582700 ) ) ;
#3057 = FACE_OUTER_BOUND ( 'NONE', #3555, .T. ) ;
#3058 = MECHANICAL_DESIGN_GEOMETRIC_PRESENTATION_REPRESENTATION (  '', ( #2307 ), #3302 ) ;
#3059 = FILL_AREA_STYLE ('',( #2309 ) ) ;
#3060 = VECTOR ( 'NONE', #4314, 1000.000000000000000 ) ;
#3061 = PRESENTATION_LAYER_ASSIGNMENT (  '', '', ( #2575 ) ) ;
#3062 =( LENGTH_UNIT ( ) NAMED_UNIT ( * ) SI_UNIT ( .MILLI., .METRE. ) );
#3063 = CARTESIAN_POINT ( 'NONE',  ( 0.0000000000000000000, 15.71288563568130500, 9.765000000000000600 ) ) ;
#3064 = CARTESIAN_POINT ( 'NONE',  ( -50.00000000000000000, 0.0000000000000000000, 0.0000000000000000000 ) ) ;
#3065 = CARTESIAN_POINT ( 'NONE',  ( -13.11869752117130600, 17.24904824913128100, -6.691553026831741100 ) ) ;
#3066 = ORIENTED_EDGE ( 'NONE', *, *, #2246, .T. ) ;
#3067 = EDGE_CURVE ( 'NONE', #2609, #4358, #1479, .T. ) ;
#3068 = SURFACE_STYLE_FILL_AREA ( #4306 ) ;
#3069 = PRESENTATION_LAYER_ASSIGNMENT (  '', '', ( #2581 ) ) ;
#3070 = FILL_AREA_STYLE ('',( #85 ) ) ;
#3071 = VERTEX_POINT ( 'NONE', #4420 ) ;
#3072 = COLOUR_RGB ( '',0.0000000000000000000, 0.0000000000000000000, 0.0000000000000000000 ) ;
#3073 = PLANE ( 'NONE',  #4017 ) ;
#3074 = EDGE_CURVE ( 'NONE', #1452, #3488, #3439, .T. ) ;
#3075 = STYLED_ITEM ( 'NONE', ( #3905 ), #2437 ) ;
#3076 = ORIENTED_EDGE ( 'NONE', *, *, #412, .T. ) ;
#3077 = CYLINDRICAL_SURFACE ( 'NONE', #906, 0.2000000000000059500 ) ;
#3078 = CARTESIAN_POINT ( 'NONE',  ( -1.517883041479706200E-015, 16.30043030335877000, 3.992453959146567400E-015 ) ) ;
#3079 = SURFACE_STYLE_USAGE ( .BOTH. , #496 ) ;
#3080 = DIRECTION ( 'NONE',  ( 0.0000000000000000000, -1.000000000000000000, 0.0000000000000000000 ) ) ;
#3081 = VERTEX_POINT ( 'NONE', #364 ) ;
#3082 = CIRCLE ( 'NONE', #1854, 18.50000000000000000 ) ;
#3083 = CARTESIAN_POINT ( 'NONE',  ( -15.74942128436964600, 18.49176130997784600, 0.6407825572526811800 ) ) ;
#3084 = STYLED_ITEM ( 'NONE', ( #2972 ), #3485 ) ;
#3085 = EDGE_LOOP ( 'NONE', ( #45, #3238, #4179, #3769 ) ) ;
#3086 = CARTESIAN_POINT ( 'NONE',  ( -4.499999999999997300, 23.53724172672493600, 11.49999999999595500 ) ) ;
#3087 =( BOUNDED_SURFACE ( )  B_SPLINE_SURFACE ( 3, 3, ( 
 ( #2396, #668, #2113, #1360 ),
 ( #4679, #264, #614, #4696 ),
 ( #2474, #3217, #1754, #1341 ),
 ( #3168, #944, #3540, #1321 ) ),
 .UNSPECIFIED., .F., .F., .T. ) 
 B_SPLINE_SURFACE_WITH_KNOTS ( ( 4, 4 ),
 ( 4, 4 ),
 ( 0.04276272747122023700, 0.9572372725290949600 ),
 ( 0.0000000000000000000, 1.000000000000000000 ),
 .UNSPECIFIED. ) 
 GEOMETRIC_REPRESENTATION_ITEM ( )  RATIONAL_B_SPLINE_SURFACE ( (
 ( 0.9721257297572200000, 0.7823063736222972700, 0.7823063736222972700, 0.9721257297572200000),
 ( 0.7823063737040534300, 0.6295515523767386500, 0.6295515523767386500, 0.7823063737040534300),
 ( 0.7823063737041187100, 0.6295515523767911700, 0.6295515523767911700, 0.7823063737041187100),
 ( 0.9721257297574164000, 0.7823063736224553600, 0.7823063736224553600, 0.9721257297574164000) ) ) 
 REPRESENTATION_ITEM ( '' )  SURFACE ( )  );
#3088 = ORIENTED_EDGE ( 'NONE', *, *, #3899, .F. ) ;
#3089 = EDGE_CURVE ( 'NONE', #601, #2979, #1358, .T. ) ;
#3090 = CARTESIAN_POINT ( 'NONE',  ( -48.60000000000000100, 0.0000000000000000000, 0.0000000000000000000 ) ) ;
#3091 = DIRECTION ( 'NONE',  ( -1.000000000000000000, -0.0000000000000000000, -0.0000000000000000000 ) ) ;
#3092 = EDGE_LOOP ( 'NONE', ( #3897, #2170, #3258, #4047 ) ) ;
#3093 = CYLINDRICAL_SURFACE ( 'NONE', #1973, 0.1999999999999987900 ) ;
#3094 = CARTESIAN_POINT ( 'NONE',  ( -5.999999999999998200, 25.00000000000000000, 9.764999999999998800 ) ) ;
#3095 = DIRECTION ( 'NONE',  ( -1.000000000000000000, 0.0000000000000000000, 0.0000000000000000000 ) ) ;
#3096 = PRESENTATION_LAYER_ASSIGNMENT (  '', '', ( #2851 ) ) ;
#3097 = CARTESIAN_POINT ( 'NONE',  ( -12.45852123234794800, 16.98361874715821100, 7.350744516488327400 ) ) ;
#3098 = FACE_OUTER_BOUND ( 'NONE', #3188, .T. ) ;
#3099 = FACE_OUTER_BOUND ( 'NONE', #3892, .T. ) ;
#3100 = FILL_AREA_STYLE_COLOUR ( '', #3690 ) ;
#3101 = EDGE_CURVE ( 'NONE', #778, #1415, #3325, .T. ) ;
#3102 =( NAMED_UNIT ( * ) SI_UNIT ( $, .STERADIAN. ) SOLID_ANGLE_UNIT ( ) );
#3103 = CIRCLE ( 'NONE', #992, 1.500000000000001300 ) ;
#3104 = CARTESIAN_POINT ( 'NONE',  ( -2.999999999999995600, 15.76954586841167600, -9.863134540569054900 ) ) ;
#3105 = CARTESIAN_POINT ( 'NONE',  ( 0.0000000000000000000, 13.91563060015608100, -9.765000000000000600 ) ) ;
#3106 = CYLINDRICAL_SURFACE ( 'NONE', #4145, 0.4999999999973706000 ) ;
#3107 = CARTESIAN_POINT ( 'NONE',  ( -0.3040217494064032000, -17.13304713638766300, 34.26609427277531900 ) ) ;
#3108 = AXIS2_PLACEMENT_3D ( 'NONE', #1121, #3697, #1497 ) ;
#3109 = DIRECTION ( 'NONE',  ( 0.0000000000000000000, -1.000000000000000000, 0.0000000000000000000 ) ) ;
#3110 = UNCERTAINTY_MEASURE_WITH_UNIT (LENGTH_MEASURE( 1.000000000000000100E-005 ), #1037, 'distance_accuracy_value', 'NONE');
#3111 = CIRCLE ( 'NONE', #781, 3.300000000000000700 ) ;
#3112 =( NAMED_UNIT ( * ) SI_UNIT ( $, .STERADIAN. ) SOLID_ANGLE_UNIT ( ) );
#3113 = EDGE_CURVE ( 'NONE', #333, #3356, #384, .T. ) ;
#3114 =( GEOMETRIC_REPRESENTATION_CONTEXT ( 3 ) GLOBAL_UNCERTAINTY_ASSIGNED_CONTEXT ( ( #3751 ) ) GLOBAL_UNIT_ASSIGNED_CONTEXT ( ( #3259, #1043, #3631 ) ) REPRESENTATION_CONTEXT ( 'NONE', 'WORKASPACE' ) );
#3115 = FILL_AREA_STYLE_COLOUR ( '', #4384 ) ;
#3116 = CARTESIAN_POINT ( 'NONE',  ( -22.44999999999999900, 35.04964644244493900, -4.050000000004046400 ) ) ;
#3117 = CARTESIAN_POINT ( 'NONE',  ( 0.0000000000000000000, 0.0000000000000000000, 0.0000000000000000000 ) ) ;
#3118 = DIRECTION ( 'NONE',  ( 0.0000000000000000000, -1.000000000000000000, 0.0000000000000000000 ) ) ;
#3119 = EDGE_LOOP ( 'NONE', ( #4371, #3479 ) ) ;
#3120 = STYLED_ITEM ( 'NONE', ( #800 ), #652 ) ;
#3121 = CARTESIAN_POINT ( 'NONE',  ( -36.59999999999999400, 33.68039618838994200, 5.099999999995953100 ) ) ;
#3122 = VERTEX_POINT ( 'NONE', #1480 ) ;
#3123 = ADVANCED_FACE ( 'NONE', ( #278 ), #3723, .T. ) ;
#3124 = LINE ( 'NONE', #739, #2159 ) ;
#3125 = DIRECTION ( 'NONE',  ( 0.0000000000000000000, -1.000000000000000000, 0.0000000000000000000 ) ) ;
#3126 = SURFACE_SIDE_STYLE ('',( #4352 ) ) ;
#3127 = EDGE_CURVE ( 'NONE', #2914, #917, #1889, .T. ) ;
#3128 = CARTESIAN_POINT ( 'NONE',  ( -36.19999999999998900, 33.68039618838994200, -4.900000000004047800 ) ) ;
#3129 = ORIENTED_EDGE ( 'NONE', *, *, #1909, .F. ) ;
#3130 = STYLED_ITEM ( 'NONE', ( #748 ), #1588 ) ;
#3131 = CIRCLE ( 'NONE', #4191, 16.30043030335877000 ) ;
#3132 = CARTESIAN_POINT ( 'NONE',  ( 0.0000000000000000000, 15.76954586841167600, -9.863134540569054900 ) ) ;
#3133 = FILL_AREA_STYLE ('',( #1666 ) ) ;
#3134 = SURFACE_STYLE_USAGE ( .BOTH. , #1052 ) ;
#3135 = ORIENTED_EDGE ( 'NONE', *, *, #352, .T. ) ;
#3136 = AXIS2_PLACEMENT_3D ( 'NONE', #2611, #403, #2989 ) ;
#3137 = SHAPE_DEFINITION_REPRESENTATION ( #1583, #4118 ) ;
#3138 = VERTEX_POINT ( 'NONE', #4474 ) ;
#3139 = VECTOR ( 'NONE', #4244, 1000.000000000000000 ) ;
#3140 = ORIENTED_EDGE ( 'NONE', *, *, #1651, .T. ) ;
#3141 = DIRECTION ( 'NONE',  ( -1.000000000000000000, -0.0000000000000000000, -0.0000000000000000000 ) ) ;
#3142 = CARTESIAN_POINT ( 'NONE',  ( -3.780586542116149300, 15.25947699938567000, -11.32039420996272800 ) ) ;
#3143 = CARTESIAN_POINT ( 'NONE',  ( -4.242640687213730100, 33.44999999600806700, -10.00000000000404100 ) ) ;
#3144 = SURFACE_STYLE_USAGE ( .BOTH. , #554 ) ;
#3145 = VERTEX_POINT ( 'NONE', #3348 ) ;
#3146 = STYLED_ITEM ( 'NONE', ( #1400 ), #3931 ) ;
#3147 = PRESENTATION_STYLE_ASSIGNMENT (( #105 ) ) ;
#3148 = FILL_AREA_STYLE ('',( #3179 ) ) ;
#3149 = UNCERTAINTY_MEASURE_WITH_UNIT (LENGTH_MEASURE( 1.000000000000000100E-005 ), #747, 'distance_accuracy_value', 'NONE');
#3150 = VERTEX_POINT ( 'NONE', #24 ) ;
#3151 = CARTESIAN_POINT ( 'NONE',  ( -22.44999999999999900, 35.04964644244493900, -2.650000000004046500 ) ) ;
#3152 = ORIENTED_EDGE ( 'NONE', *, *, #3127, .T. ) ;
#3153 = PRESENTATION_STYLE_ASSIGNMENT (( #1720 ) ) ;
#3154 =( NAMED_UNIT ( * ) PLANE_ANGLE_UNIT ( ) SI_UNIT ( $, .RADIAN. ) );
#3155 = CARTESIAN_POINT ( 'NONE',  ( -50.00000000000000000, 2.081899558550500300E-015, -17.00000000000000000 ) ) ;
#3156 = STYLED_ITEM ( 'NONE', ( #1572 ), #287 ) ;
#3157 = DIRECTION ( 'NONE',  ( -1.000000000000000000, -0.0000000000000000000, -0.0000000000000000000 ) ) ;
#3158 = COLOUR_RGB ( '',0.0000000000000000000, 0.0000000000000000000, 0.0000000000000000000 ) ;
#3159 = DIRECTION ( 'NONE',  ( -0.9659258262897608700, 0.2588190450999361400, -0.0000000000000000000 ) ) ;
#3160 = COLOUR_RGB ( '',0.7764705882352941300, 0.7568627450980391900, 0.7372549019607843600 ) ;
#3161 =( LENGTH_UNIT ( ) NAMED_UNIT ( * ) SI_UNIT ( .MILLI., .METRE. ) );
#3162 =( GEOMETRIC_REPRESENTATION_CONTEXT ( 3 ) GLOBAL_UNCERTAINTY_ASSIGNED_CONTEXT ( ( #4031 ) ) GLOBAL_UNIT_ASSIGNED_CONTEXT ( ( #1787, #64, #3365 ) ) REPRESENTATION_CONTEXT ( 'NONE', 'WORKASPACE' ) );
#3163 = SURFACE_STYLE_USAGE ( .BOTH. , #575 ) ;
#3164 = EDGE_CURVE ( 'NONE', #4299, #4583, #2737, .T. ) ;
#3165 = FILL_AREA_STYLE ('',( #2786 ) ) ;
#3166 = DIRECTION ( 'NONE',  ( 0.0000000000000000000, 0.0000000000000000000, -1.000000000000000000 ) ) ;
#3167 = MECHANICAL_DESIGN_GEOMETRIC_PRESENTATION_REPRESENTATION (  '', ( #2422 ), #3411 ) ;
#3168 = CARTESIAN_POINT ( 'NONE',  ( -6.000000000464749100, 33.44999999559863100, 9.999999999995951700 ) ) ;
#3169 = PRESENTATION_STYLE_ASSIGNMENT (( #880 ) ) ;
#3170 = SURFACE_STYLE_USAGE ( .BOTH. , #582 ) ;
#3171 = UNCERTAINTY_MEASURE_WITH_UNIT (LENGTH_MEASURE( 1.000000000000000100E-005 ), #4561, 'distance_accuracy_value', 'NONE');
#3172 = MECHANICAL_DESIGN_GEOMETRIC_PRESENTATION_REPRESENTATION (  '', ( #2426 ), #3419 ) ;
#3173 = CARTESIAN_POINT ( 'NONE',  ( 0.0000000000000000000, 0.0000000000000000000, 0.0000000000000000000 ) ) ;
#3174 = PRESENTATION_STYLE_ASSIGNMENT (( #2992 ) ) ;
#3175 = DIRECTION ( 'NONE',  ( 0.0000000000000000000, 0.0000000000000000000, 1.000000000000000000 ) ) ;
#3176 =( NAMED_UNIT ( * ) PLANE_ANGLE_UNIT ( ) SI_UNIT ( $, .RADIAN. ) );
#3177 = VECTOR ( 'NONE', #3797, 1000.000000000000000 ) ;
#3178 = DIRECTION ( 'NONE',  ( -0.2588190451041449400, -0.9659258262886332200, 0.0000000000000000000 ) ) ;
#3179 = FILL_AREA_STYLE_COLOUR ( '', #3695 ) ;
#3180 = PRESENTATION_LAYER_ASSIGNMENT (  '', '', ( #2937 ) ) ;
#3181 = FILL_AREA_STYLE_COLOUR ( '', #2417 ) ;
#3182 = LINE ( 'NONE', #3524, #351 ) ;
#3183 = CARTESIAN_POINT ( 'NONE',  ( -1.500000000000001300, 1.843093432716766700E-015, -15.05000000000000100 ) ) ;
#3184 = ORIENTED_EDGE ( 'NONE', *, *, #2111, .F. ) ;
#3185 = VERTEX_POINT ( 'NONE', #2621 ) ;
#3186 = DIRECTION ( 'NONE',  ( 1.000000000000000000, 0.0000000000000000000, 0.0000000000000000000 ) ) ;
#3187 = FILL_AREA_STYLE_COLOUR ( '', #4242 ) ;
#3188 = EDGE_LOOP ( 'NONE', ( #3668, #204, #4506, #4480 ) ) ;
#3189 = CYLINDRICAL_SURFACE ( 'NONE', #2624, 4.299999999999994500 ) ;
#3190 = PRESENTATION_LAYER_ASSIGNMENT (  '', '', ( #2944 ) ) ;
#3191 = ORIENTED_EDGE ( 'NONE', *, *, #2093, .F. ) ;
#3192 = PLANE ( 'NONE',  #2752 ) ;
#3193 =( NAMED_UNIT ( * ) PLANE_ANGLE_UNIT ( ) SI_UNIT ( $, .RADIAN. ) );
#3194 = PRESENTATION_STYLE_ASSIGNMENT (( #3253 ) ) ;
#3195 = EDGE_CURVE ( 'NONE', #1211, #3872, #1767, .T. ) ;
#3196 =( GEOMETRIC_REPRESENTATION_CONTEXT ( 3 ) GLOBAL_UNCERTAINTY_ASSIGNED_CONTEXT ( ( #4052 ) ) GLOBAL_UNIT_ASSIGNED_CONTEXT ( ( #2048, #4634, #2404 ) ) REPRESENTATION_CONTEXT ( 'NONE', 'WORKASPACE' ) );
#3197 = EDGE_LOOP ( 'NONE', ( #1179, #3410 ) ) ;
#3198 = CIRCLE ( 'NONE', #2342, 0.1999999999999987900 ) ;
#3199 = DIRECTION ( 'NONE',  ( 0.0000000000000000000, 0.0000000000000000000, -1.000000000000000000 ) ) ;
#3200 = UNCERTAINTY_MEASURE_WITH_UNIT (LENGTH_MEASURE( 1.000000000000000100E-005 ), #733, 'distance_accuracy_value', 'NONE');
#3201 = VERTEX_POINT ( 'NONE', #3358 ) ;
#3202 = AXIS2_PLACEMENT_3D ( 'NONE', #220, #2772, #565 ) ;
#3203 = EDGE_LOOP ( 'NONE', ( #1225, #148, #878, #810, #3604, #1274, #3763 ) ) ;
#3204 = VECTOR ( 'NONE', #60, 1000.000000000000000 ) ;
#3205 = APPLICATION_CONTEXT ( 'automotive_design' ) ;
#3206 = DIRECTION ( 'NONE',  ( -1.000000000000000000, -0.0000000000000000000, -0.0000000000000000000 ) ) ;
#3207 = CARTESIAN_POINT ( 'NONE',  ( -22.44999999999999200, 35.30999999559993800, -5.100000000004046200 ) ) ;
#3208 = UNCERTAINTY_MEASURE_WITH_UNIT (LENGTH_MEASURE( 1.000000000000000100E-005 ), #2438, 'distance_accuracy_value', 'NONE');
#3209 = EDGE_CURVE ( 'NONE', #3701, #2797, #4719, .T. ) ;
#3210 = PRESENTATION_LAYER_ASSIGNMENT (  '', '', ( #2967 ) ) ;
#3211 = DIRECTION ( 'NONE',  ( -0.0000000000000000000, -0.0000000000000000000, 1.000000000000000000 ) ) ;
#3212 = ORIENTED_EDGE ( 'NONE', *, *, #3232, .T. ) ;
#3213 = DIRECTION ( 'NONE',  ( 0.0000000000000000000, 0.0000000000000000000, 1.000000000000000000 ) ) ;
#3214 = SURFACE_STYLE_USAGE ( .BOTH. , #626 ) ;
#3215 = DIRECTION ( 'NONE',  ( 1.000000000000000000, 1.249000902703300900E-013, 0.0000000000000000000 ) ) ;
#3216 = PRESENTATION_STYLE_ASSIGNMENT (( #2259 ) ) ;
#3217 = CARTESIAN_POINT ( 'NONE',  ( -4.242640687088515600, 33.44999999587089000, 10.87867965643597400 ) ) ;
#3218 = DIRECTION ( 'NONE',  ( 1.000000000000000000, 0.0000000000000000000, 0.0000000000000000000 ) ) ;
#3219 =( GEOMETRIC_REPRESENTATION_CONTEXT ( 3 ) GLOBAL_UNCERTAINTY_ASSIGNED_CONTEXT ( ( #2292 ) ) GLOBAL_UNIT_ASSIGNED_CONTEXT ( ( #2714, #1993, #1228 ) ) REPRESENTATION_CONTEXT ( 'NONE', 'WORKASPACE' ) );
#3220 =( LENGTH_UNIT ( ) NAMED_UNIT ( * ) SI_UNIT ( .MILLI., .METRE. ) );
#3221 = CARTESIAN_POINT ( 'NONE',  ( -1.517883041479706200E-015, 16.30043030335877000, 0.0000000000000000000 ) ) ;
#3222 = COLOUR_RGB ( '',0.0000000000000000000, 0.0000000000000000000, 0.0000000000000000000 ) ;
#3223 = ADVANCED_FACE ( 'NONE', ( #4612 ), #321, .F. ) ;
#3224 = EDGE_CURVE ( 'NONE', #379, #3655, #1295, .T. ) ;
#3225 = DIRECTION ( 'NONE',  ( -1.000000000000000000, -0.0000000000000000000, -0.0000000000000000000 ) ) ;
#3226 =( GEOMETRIC_REPRESENTATION_CONTEXT ( 3 ) GLOBAL_UNCERTAINTY_ASSIGNED_CONTEXT ( ( #4114 ) ) GLOBAL_UNIT_ASSIGNED_CONTEXT ( ( #4575, #3981, #899 ) ) REPRESENTATION_CONTEXT ( 'NONE', 'WORKASPACE' ) );
#3227 = CARTESIAN_POINT ( 'NONE',  ( -36.33385015532302700, 33.18086060811537400, 5.099999999995475300 ) ) ;
#3228 = ORIENTED_EDGE ( 'NONE', *, *, #2755, .T. ) ;
#3229 = FILL_AREA_STYLE_COLOUR ( '', #1044 ) ;
#3230 = CARTESIAN_POINT ( 'NONE',  ( -22.44999999999999900, 33.58249907035995100, 4.049999999995953300 ) ) ;
#3231 = CARTESIAN_POINT ( 'NONE',  ( 0.0000000000000000000, 0.0000000000000000000, 0.0000000000000000000 ) ) ;
#3232 = EDGE_CURVE ( 'NONE', #3267, #4051, #3263, .T. ) ;
#3233 = AXIS2_PLACEMENT_3D ( 'NONE', #1397, #3974, #1773 ) ;
#3234 = UNCERTAINTY_MEASURE_WITH_UNIT (LENGTH_MEASURE( 1.000000000000000100E-005 ), #3859, 'distance_accuracy_value', 'NONE');
#3235 = ADVANCED_FACE ( 'NONE', ( #4235 ), #4507, .T. ) ;
#3236 = VECTOR ( 'NONE', #4567, 1000.000000000000000 ) ;
#3237 = VECTOR ( 'NONE', #3413, 1000.000000000000000 ) ;
#3238 = ORIENTED_EDGE ( 'NONE', *, *, #3592, .T. ) ;
#3239 = COLOUR_RGB ( '',0.0000000000000000000, 0.0000000000000000000, 0.0000000000000000000 ) ;
#3240 = CARTESIAN_POINT ( 'NONE',  ( -22.44999999999999200, 33.44999999559993900, 4.299999999995953300 ) ) ;
#3241 =( NAMED_UNIT ( * ) PLANE_ANGLE_UNIT ( ) SI_UNIT ( $, .RADIAN. ) );
#3242 = CARTESIAN_POINT ( 'NONE',  ( -15.22862104406827700, 16.69747816818111400, 3.208402737217834800 ) ) ;
#3243 = ORIENTED_EDGE ( 'NONE', *, *, #3195, .T. ) ;
#3244 = SURFACE_STYLE_USAGE ( .BOTH. , #660 ) ;
#3245 = DIRECTION ( 'NONE',  ( 0.0000000000000000000, 1.000000000000000000, -1.815408288812939800E-015 ) ) ;
#3246 =( LENGTH_UNIT ( ) NAMED_UNIT ( * ) SI_UNIT ( .MILLI., .METRE. ) );
#3247 = ORIENTED_EDGE ( 'NONE', *, *, #1506, .T. ) ;
#3248 =( NAMED_UNIT ( * ) SI_UNIT ( $, .STERADIAN. ) SOLID_ANGLE_UNIT ( ) );
#3249 = CARTESIAN_POINT ( 'NONE',  ( -16.00000000000000000, 26.56249907035993700, 7.599999999995954900 ) ) ;
#3250 = ORIENTED_EDGE ( 'NONE', *, *, #3327, .F. ) ;
#3251 = MECHANICAL_DESIGN_GEOMETRIC_PRESENTATION_REPRESENTATION (  '', ( #2510 ), #3502 ) ;
#3252 = CARTESIAN_POINT ( 'NONE',  ( -36.35529142705921400, 33.10084069261544900, -4.900000000479546500 ) ) ;
#3253 = SURFACE_STYLE_USAGE ( .BOTH. , #672 ) ;
#3254 = VERTEX_POINT ( 'NONE', #1574 ) ;
#3255 = CARTESIAN_POINT ( 'NONE',  ( -9.201935081560202800, 14.27606880874684400, -9.230760398998670600 ) ) ;
#3256 = EDGE_CURVE ( 'NONE', #2789, #4766, #4767, .T. ) ;
#3257 = MECHANICAL_DESIGN_GEOMETRIC_PRESENTATION_REPRESENTATION (  '', ( #2757 ), #3507 ) ;
#3258 = ORIENTED_EDGE ( 'NONE', *, *, #1725, .T. ) ;
#3259 =( LENGTH_UNIT ( ) NAMED_UNIT ( * ) SI_UNIT ( .MILLI., .METRE. ) );
#3260 = UNCERTAINTY_MEASURE_WITH_UNIT (LENGTH_MEASURE( 1.000000000000000100E-005 ), #3678, 'distance_accuracy_value', 'NONE');
#3261 = DIRECTION ( 'NONE',  ( 1.000000000000000000, 0.0000000000000000000, 0.0000000000000000000 ) ) ;
#3262 = ORIENTED_EDGE ( 'NONE', *, *, #2720, .F. ) ;
#3263 = CIRCLE ( 'NONE', #1032, 9.500000000000000000 ) ;
#3264 = CARTESIAN_POINT ( 'NONE',  ( -36.19999999999998900, 33.68039618838994200, -4.050000000004044600 ) ) ;
#3265 = CARTESIAN_POINT ( 'NONE',  ( 0.0000000000000000000, 0.0000000000000000000, 0.0000000000000000000 ) ) ;
#3266 = PRESENTATION_STYLE_ASSIGNMENT (( #3305 ) ) ;
#3267 = VERTEX_POINT ( 'NONE', #2683 ) ;
#3268 = VERTEX_POINT ( 'NONE', #122 ) ;
#3269 = AXIS2_PLACEMENT_3D ( 'NONE', #3405, #1198, #3772 ) ;
#3270 = VECTOR ( 'NONE', #599, 1000.000000000000100 ) ;
#3271 = ADVANCED_FACE ( 'NONE', ( #2791 ), #4300, .T. ) ;
#3272 = CARTESIAN_POINT ( 'NONE',  ( -36.79999999971975200, 33.39798546128081100, -5.017157287808186300 ) ) ;
#3273 = VECTOR ( 'NONE', #615, 1000.000000000000000 ) ;
#3274 = STYLED_ITEM ( 'NONE', ( #3320 ), #4440 ) ;
#3275 =( NAMED_UNIT ( * ) PLANE_ANGLE_UNIT ( ) SI_UNIT ( $, .RADIAN. ) );
#3276 = ADVANCED_FACE ( 'NONE', ( #1828 ), #2978, .F. ) ;
#3277 = CARTESIAN_POINT ( 'NONE',  ( -3.000000000000002700, 0.0000000000000000000, 0.0000000000000000000 ) ) ;
#3278 = CARTESIAN_POINT ( 'NONE',  ( -4.500013899060746800, 31.32869235866644400, -11.50000000000402500 ) ) ;
#3279 = PLANE ( 'NONE',  #2253 ) ;
#3280 = CARTESIAN_POINT ( 'NONE',  ( -50.00000000000000000, 0.0000000000000000000, 0.0000000000000000000 ) ) ;
#3281 = FACE_OUTER_BOUND ( 'NONE', #356, .T. ) ;
#3282 =( GEOMETRIC_REPRESENTATION_CONTEXT ( 3 ) GLOBAL_UNCERTAINTY_ASSIGNED_CONTEXT ( ( #3705 ) ) GLOBAL_UNIT_ASSIGNED_CONTEXT ( ( #133, #26, #1988 ) ) REPRESENTATION_CONTEXT ( 'NONE', 'WORKASPACE' ) );
#3283 = DIRECTION ( 'NONE',  ( 0.2588190450920225800, 0.9659258262918812800, 0.0000000000000000000 ) ) ;
#3284 = LINE ( 'NONE', #2956, #338 ) ;
#3285 = EDGE_CURVE ( 'NONE', #3071, #3754, #3945, .T. ) ;
#3286 = CARTESIAN_POINT ( 'NONE',  ( -36.35529142705894400, 33.10084069261387900, -4.046615916591203000E-012 ) ) ;
#3287 = PRESENTATION_LAYER_ASSIGNMENT (  '', '', ( #2782 ) ) ;
#3288 = FILL_AREA_STYLE_COLOUR ( '', #3846 ) ;
#3289 = DIRECTION ( 'NONE',  ( -1.000000000000000000, -0.0000000000000000000, -0.0000000000000000000 ) ) ;
#3290 = B_SPLINE_CURVE_WITH_KNOTS ( 'NONE', 1,
 ( #1733, #2116 ),
 .UNSPECIFIED., .F., .F.,
 ( 2, 2 ),
 ( 0.0000000000000000000, 1.000000000000000000 ),
 .UNSPECIFIED. ) ;
#3291 = FACE_OUTER_BOUND ( 'NONE', #3925, .T. ) ;
#3292 = DIRECTION ( 'NONE',  ( -0.0000000000000000000, -0.0000000000000000000, -1.000000000000000000 ) ) ;
#3293 = CARTESIAN_POINT ( 'NONE',  ( -0.05597972128390961400, -15.46179454795979800, 30.92358909591957800 ) ) ;
#3294 = VECTOR ( 'NONE', #1171, 1000.000000000000000 ) ;
#3295 = CARTESIAN_POINT ( 'NONE',  ( -36.35529142705962600, 33.10084069261233000, -4.900000000479546500 ) ) ;
#3296 = AXIS2_PLACEMENT_3D ( 'NONE', #3090, #862, #3460 ) ;
#3297 = FACE_OUTER_BOUND ( 'NONE', #774, .T. ) ;
#3298 = CARTESIAN_POINT ( 'NONE',  ( -36.80000000000001100, 36.60999999559749100, 3.599999999995939300 ) ) ;
#3299 = ORIENTED_EDGE ( 'NONE', *, *, #3209, .T. ) ;
#3300 = CARTESIAN_POINT ( 'NONE',  ( -0.3040217494064031400, 17.13304713638766300, 0.0000000000000000000 ) ) ;
#3301 = EDGE_CURVE ( 'NONE', #3663, #3385, #1124, .T. ) ;
#3302 =( GEOMETRIC_REPRESENTATION_CONTEXT ( 3 ) GLOBAL_UNCERTAINTY_ASSIGNED_CONTEXT ( ( #1395 ) ) GLOBAL_UNIT_ASSIGNED_CONTEXT ( ( #605, #3193, #966 ) ) REPRESENTATION_CONTEXT ( 'NONE', 'WORKASPACE' ) );
#3303 = CARTESIAN_POINT ( 'NONE',  ( -32.89999999999999900, 33.77060601645994400, -5.600000000004046200 ) ) ;
#3304 = VERTEX_POINT ( 'NONE', #503 ) ;
#3305 = SURFACE_STYLE_USAGE ( .BOTH. , #724 ) ;
#3306 = ORIENTED_EDGE ( 'NONE', *, *, #2111, .T. ) ;
#3307 = CARTESIAN_POINT ( 'NONE',  ( 0.0000000000000000000, 17.00000000000000000, 0.0000000000000000000 ) ) ;
#3308 = FILL_AREA_STYLE_COLOUR ( '', #1675 ) ;
#3309 = VECTOR ( 'NONE', #3975, 1000.000000000000000 ) ;
#3310 = CARTESIAN_POINT ( 'NONE',  ( -48.60000000000000100, 2.094146026541974000E-015, 17.10000000000000100 ) ) ;
#3311 = CARTESIAN_POINT ( 'NONE',  ( -32.89999999999999900, 33.77060601645994400, -5.100000000004046200 ) ) ;
#3312 = ADVANCED_FACE ( 'NONE', ( #2115 ), #2002, .F. ) ;
#3313 = ORIENTED_EDGE ( 'NONE', *, *, #2479, .T. ) ;
#3314 = CIRCLE ( 'NONE', #1355, 15.05000000000000100 ) ;
#3315 = EDGE_CURVE ( 'NONE', #3138, #2176, #657, .T. ) ;
#3316 = MECHANICAL_DESIGN_GEOMETRIC_PRESENTATION_REPRESENTATION (  '', ( #2581 ), #3563 ) ;
#3317 = ORIENTED_EDGE ( 'NONE', *, *, #3101, .F. ) ;
#3318 = ORIENTED_EDGE ( 'NONE', *, *, #1185, .F. ) ;
#3319 = CARTESIAN_POINT ( 'NONE',  ( -22.44999999999999900, 35.04964644244493900, -5.100000000004046200 ) ) ;
#3320 = PRESENTATION_STYLE_ASSIGNMENT (( #2263 ) ) ;
#3321 = ORIENTED_EDGE ( 'NONE', *, *, #1396, .T. ) ;
#3322 =( NAMED_UNIT ( * ) PLANE_ANGLE_UNIT ( ) SI_UNIT ( $, .RADIAN. ) );
#3323 = UNCERTAINTY_MEASURE_WITH_UNIT (LENGTH_MEASURE( 1.000000000000000100E-005 ), #1206, 'distance_accuracy_value', 'NONE');
#3324 = VERTEX_POINT ( 'NONE', #2371 ) ;
#3325 = CIRCLE ( 'NONE', #2867, 0.1999999999999987900 ) ;
#3326 = FILL_AREA_STYLE ('',( #4077 ) ) ;
#3327 = EDGE_CURVE ( 'NONE', #3805, #3827, #1641, .T. ) ;
#3328 = AXIS2_PLACEMENT_3D ( 'NONE', #1264, #1644, #3125 ) ;
#3329 = CARTESIAN_POINT ( 'NONE',  ( -29.52499999999999500, 35.30999999559993800, 5.099999999995953100 ) ) ;
#3330 =( NAMED_UNIT ( * ) SI_UNIT ( $, .STERADIAN. ) SOLID_ANGLE_UNIT ( ) );
#3331 = ORIENTED_EDGE ( 'NONE', *, *, #1461, .T. ) ;
#3332 = CARTESIAN_POINT ( 'NONE',  ( -36.80000000000001100, 35.30999999559995900, 4.899999999993521100 ) ) ;
#3333 = PRESENTATION_LAYER_ASSIGNMENT (  '', '', ( #3084 ) ) ;
#3334 = FILL_AREA_STYLE_COLOUR ( '', #1233 ) ;
#3335 = CIRCLE ( 'NONE', #344, 15.94956969303914600 ) ;
#3336 = ADVANCED_FACE ( 'NONE', ( #3489 ), #894, .T. ) ;
#3337 = VERTEX_POINT ( 'NONE', #2741 ) ;
#3338 =( GEOMETRIC_REPRESENTATION_CONTEXT ( 3 ) GLOBAL_UNCERTAINTY_ASSIGNED_CONTEXT ( ( #2911 ) ) GLOBAL_UNIT_ASSIGNED_CONTEXT ( ( #586, #4671, #2444 ) ) REPRESENTATION_CONTEXT ( 'NONE', 'WORKASPACE' ) );
#3339 = EDGE_CURVE ( 'NONE', #4766, #2004, #1177, .T. ) ;
#3340 =( NAMED_UNIT ( * ) PLANE_ANGLE_UNIT ( ) SI_UNIT ( $, .RADIAN. ) );
#3341 = CARTESIAN_POINT ( 'NONE',  ( -24.44999999999999900, 19.94999999559993900, -4.300000000004046400 ) ) ;
#3342 = CARTESIAN_POINT ( 'NONE',  ( -46.50000000000000000, 0.0000000000000000000, 9.549999999999998900 ) ) ;
#3343 = DIRECTION ( 'NONE',  ( 0.9659258262897619800, -0.2588190450999321400, -3.683082082477625400E-015 ) ) ;
#3344 = PRESENTATION_STYLE_ASSIGNMENT (( #3847 ) ) ;
#3345 =( LENGTH_UNIT ( ) NAMED_UNIT ( * ) SI_UNIT ( .MILLI., .METRE. ) );
#3346 = MECHANICAL_DESIGN_GEOMETRIC_PRESENTATION_REPRESENTATION (  '', ( #2851 ), #3586 ) ;
#3347 = SURFACE_STYLE_FILL_AREA ( #2556 ) ;
#3348 = CARTESIAN_POINT ( 'NONE',  ( -22.44999999999999200, 36.80999999559993800, -3.600000000004046600 ) ) ;
#3349 = COLOUR_RGB ( '',0.0000000000000000000, 0.0000000000000000000, 0.0000000000000000000 ) ;
#3350 = EDGE_CURVE ( 'NONE', #2921, #1458, #215, .T. ) ;
#3351 = AXIS2_PLACEMENT_3D ( 'NONE', #3231, #1010, #3597 ) ;
#3352 = VECTOR ( 'NONE', #1269, 1000.000000000000000 ) ;
#3353 = ORIENTED_EDGE ( 'NONE', *, *, #3454, .T. ) ;
#3354 = CARTESIAN_POINT ( 'NONE',  ( -2.999999999999995600, 16.15549441700340000, 9.999999999995914400 ) ) ;
#3355 = STYLED_ITEM ( 'NONE', ( #4070 ), #3123 ) ;
#3356 = VERTEX_POINT ( 'NONE', #4635 ) ;
#3357 = ADVANCED_FACE ( 'NONE', ( #2056 ), #4540, .T. ) ;
#3358 = CARTESIAN_POINT ( 'NONE',  ( -0.6470537028910733300, -17.19999999639791700, -2.106392494092319100E-015 ) ) ;
#3359 = VERTEX_POINT ( 'NONE', #4259 ) ;
#3360 = CIRCLE ( 'NONE', #2403, 3.300000000000000700 ) ;
#3361 = EDGE_CURVE ( 'NONE', #3534, #3995, #715, .T. ) ;
#3362 = ADVANCED_FACE ( 'NONE', ( #1695 ), #576, .T. ) ;
#3363 = CARTESIAN_POINT ( 'NONE',  ( -36.79999999999999000, 35.39999999559994100, 2.649999999995953400 ) ) ;
#3364 = EDGE_LOOP ( 'NONE', ( #4668, #2831, #424, #1059, #3778, #4002, #2612, #2850, #4218, #1181 ) ) ;
#3365 =( NAMED_UNIT ( * ) SI_UNIT ( $, .STERADIAN. ) SOLID_ANGLE_UNIT ( ) );
#3366 = DIRECTION ( 'NONE',  ( 0.0000000000000000000, 0.0000000000000000000, 1.000000000000000000 ) ) ;
#3367 = CARTESIAN_POINT ( 'NONE',  ( -36.80000000000147500, 33.68039618838092500, -4.900000000004045100 ) ) ;
#3368 = DIRECTION ( 'NONE',  ( -0.0000000000000000000, -0.0000000000000000000, -1.000000000000000000 ) ) ;
#3369 = ORIENTED_EDGE ( 'NONE', *, *, #1932, .F. ) ;
#3370 = AXIS2_PLACEMENT_3D ( 'NONE', #3558, #2257, #3381 ) ;
#3371 = CARTESIAN_POINT ( 'NONE',  ( -24.44999999999999900, 24.24999999559993900, 7.599999999995954000 ) ) ;
#3372 = VECTOR ( 'NONE', #129, 1000.000000000000000 ) ;
#3373 = VERTEX_POINT ( 'NONE', #2068 ) ;
#3374 = VERTEX_POINT ( 'NONE', #594 ) ;
#3375 = EDGE_CURVE ( 'NONE', #1458, #3081, #4171, .T. ) ;
#3376 =( LENGTH_UNIT ( ) NAMED_UNIT ( * ) SI_UNIT ( .MILLI., .METRE. ) );
#3377 = PRESENTATION_LAYER_ASSIGNMENT (  '', '', ( #3130 ) ) ;
#3378 = VERTEX_POINT ( 'NONE', #3183 ) ;
#3379 = DIRECTION ( 'NONE',  ( 1.000000000000000000, -2.628368902995161500E-016, -0.0000000000000000000 ) ) ;
#3380 = CARTESIAN_POINT ( 'NONE',  ( -16.00000000000000000, 24.28724172672493600, 11.49999999999595300 ) ) ;
#3381 = DIRECTION ( 'NONE',  ( 0.0000000000000000000, 1.000000000000000000, 0.0000000000000000000 ) ) ;
#3382 = STYLED_ITEM ( 'NONE', ( #2462 ), #2719 ) ;
#3383 = SURFACE_STYLE_USAGE ( .BOTH. , #1174 ) ;
#3384 = CARTESIAN_POINT ( 'NONE',  ( -22.44999999999999900, 33.77060601645994400, -5.600000000004046200 ) ) ;
#3385 = VERTEX_POINT ( 'NONE', #3915 ) ;
#3386 = COLOUR_RGB ( '',0.7764705882352941300, 0.7568627450980391900, 0.7372549019607843600 ) ;
#3387 = PRESENTATION_LAYER_ASSIGNMENT (  '', '', ( #3146 ) ) ;
#3388 = DIRECTION ( 'NONE',  ( 0.0000000000000000000, 0.0000000000000000000, -1.000000000000000000 ) ) ;
#3389 = PRESENTATION_STYLE_ASSIGNMENT (( #1697 ) ) ;
#3390 =( NAMED_UNIT ( * ) PLANE_ANGLE_UNIT ( ) SI_UNIT ( $, .RADIAN. ) );
#3391 = CARTESIAN_POINT ( 'NONE',  ( -36.79999999999999000, 35.30999999559973900, -4.900000000004042500 ) ) ;
#3392 = DIRECTION ( 'NONE',  ( 0.0000000000000000000, 1.000000000000000000, 0.0000000000000000000 ) ) ;
#3393 = FACE_OUTER_BOUND ( 'NONE', #1416, .T. ) ;
#3394 = PRESENTATION_LAYER_ASSIGNMENT (  '', '', ( #3156 ) ) ;
#3395 = DIRECTION ( 'NONE',  ( -1.000000000000000000, 0.0000000000000000000, 0.0000000000000000000 ) ) ;
#3396 = FACE_OUTER_BOUND ( 'NONE', #527, .T. ) ;
#3397 = DIRECTION ( 'NONE',  ( 2.891205793294679300E-016, 0.0000000000000000000, 1.000000000000000000 ) ) ;
#3398 = CARTESIAN_POINT ( 'NONE',  ( -24.44999999999999900, 19.94999999559993900, 4.299999999995954200 ) ) ;
#3399 = SURFACE_STYLE_FILL_AREA ( #1714 ) ;
#3400 = SURFACE_SIDE_STYLE ('',( #2845 ) ) ;
#3401 = CIRCLE ( 'NONE', #80, 2.999999999999988900 ) ;
#3402 =( BOUNDED_CURVE ( )  B_SPLINE_CURVE ( 3, ( #2248, #1508, #406, #2996 ),
 .UNSPECIFIED., .F., .T. ) 
 B_SPLINE_CURVE_WITH_KNOTS ( ( 4, 4 ),
 ( 0.0000000000000000000, 1.000000000000000000 ),
 .UNSPECIFIED. ) 
 CURVE ( )  GEOMETRIC_REPRESENTATION_ITEM ( )  RATIONAL_B_SPLINE_CURVE ( ( 1.000000000000000000, 0.8622355601942013300, 0.8622355601942013300, 1.000000000000000000 ) ) 
 REPRESENTATION_ITEM ( '' )  );
#3403 = PRESENTATION_LAYER_ASSIGNMENT (  '', '', ( #3656 ) ) ;
#3404 = LINE ( 'NONE', #3155, #4520 ) ;
#3405 = CARTESIAN_POINT ( 'NONE',  ( -36.44978058817999100, 33.12615898702993200, -5.096000000004045700 ) ) ;
#3406 = LINE ( 'NONE', #466, #465 ) ;
#3407 = EDGE_CURVE ( 'NONE', #4699, #3324, #2222, .T. ) ;
#3408 = CARTESIAN_POINT ( 'NONE',  ( 0.0000000000000000000, 13.92283205624520000, 0.0000000000000000000 ) ) ;
#3409 = CARTESIAN_POINT ( 'NONE',  ( -36.79999999999997600, 36.72715728312535800, -4.430151519020441200 ) ) ;
#3410 = ORIENTED_EDGE ( 'NONE', *, *, #4202, .F. ) ;
#3411 =( GEOMETRIC_REPRESENTATION_CONTEXT ( 3 ) GLOBAL_UNCERTAINTY_ASSIGNED_CONTEXT ( ( #797 ) ) GLOBAL_UNIT_ASSIGNED_CONTEXT ( ( #4516, #2294, #98 ) ) REPRESENTATION_CONTEXT ( 'NONE', 'WORKASPACE' ) );
#3412 = COLOUR_RGB ( '',0.1098039215686274500, 0.1098039215686274500, 0.1098039215686274500 ) ;
#3413 = DIRECTION ( 'NONE',  ( -1.000000000000000000, -0.0000000000000000000, -0.0000000000000000000 ) ) ;
#3414 = EDGE_LOOP ( 'NONE', ( #1878, #4351, #3262, #2230 ) ) ;
#3415 = CARTESIAN_POINT ( 'NONE',  ( -0.6470537028910733300, -15.05000000000000100, -1.843093432716766700E-015 ) ) ;
#3416 = PRESENTATION_STYLE_ASSIGNMENT (( #2802 ) ) ;
#3417 = DIRECTION ( 'NONE',  ( -1.000000000000000000, 4.565061778886334800E-017, -0.0000000000000000000 ) ) ;
#3418 = FILL_AREA_STYLE ('',( #2043 ) ) ;
#3419 =( GEOMETRIC_REPRESENTATION_CONTEXT ( 3 ) GLOBAL_UNCERTAINTY_ASSIGNED_CONTEXT ( ( #742 ) ) GLOBAL_UNIT_ASSIGNED_CONTEXT ( ( #1655, #4220, #2032 ) ) REPRESENTATION_CONTEXT ( 'NONE', 'WORKASPACE' ) );
#3420 = ORIENTED_EDGE ( 'NONE', *, *, #1738, .T. ) ;
#3421 = PRESENTATION_STYLE_ASSIGNMENT (( #4469 ) ) ;
#3422 = SURFACE_STYLE_USAGE ( .BOTH. , #830 ) ;
#3423 = CARTESIAN_POINT ( 'NONE',  ( -3.783258152149641300, 15.25847344873969800, 11.32174296679085900 ) ) ;
#3424 = ORIENTED_EDGE ( 'NONE', *, *, #749, .F. ) ;
#3425 = MECHANICAL_DESIGN_GEOMETRIC_PRESENTATION_REPRESENTATION (  '', ( #2937 ), #3676 ) ;
#3426 = CARTESIAN_POINT ( 'NONE',  ( -29.52499999999999500, 35.30999999559993800, -5.100000000004046200 ) ) ;
#3427 = DIRECTION ( 'NONE',  ( -0.0000000000000000000, -0.0000000000000000000, 1.000000000000000000 ) ) ;
#3428 = ORIENTED_EDGE ( 'NONE', *, *, #2322, .T. ) ;
#3429 = VERTEX_POINT ( 'NONE', #4678 ) ;
#3430 =( NAMED_UNIT ( * ) SI_UNIT ( $, .STERADIAN. ) SOLID_ANGLE_UNIT ( ) );
#3431 = CARTESIAN_POINT ( 'NONE',  ( -2.700000000000008200, 0.0000000000000000000, 0.0000000000000000000 ) ) ;
#3432 = CARTESIAN_POINT ( 'NONE',  ( -32.89999999999999900, 24.24999999559993900, 7.599999999995954900 ) ) ;
#3433 = LINE ( 'NONE', #3341, #487 ) ;
#3434 = VERTEX_POINT ( 'NONE', #1716 ) ;
#3435 = CARTESIAN_POINT ( 'NONE',  ( -32.89999999999999100, 29.14999999559993400, 8.599999999995949600 ) ) ;
#3436 = MECHANICAL_DESIGN_GEOMETRIC_PRESENTATION_REPRESENTATION (  '', ( #2944 ), #3682 ) ;
#3437 = CARTESIAN_POINT ( 'NONE',  ( -13.73023254102312900, 17.51052856974520500, -5.974762891287780600 ) ) ;
#3438 = ORIENTED_EDGE ( 'NONE', *, *, #2161, .F. ) ;
#3439 = LINE ( 'NONE', #5, #4180 ) ;
#3440 = CARTESIAN_POINT ( 'NONE',  ( -0.3040217494064032000, -17.13304713638766300, -2.098193133521788000E-015 ) ) ;
#3441 = ORIENTED_EDGE ( 'NONE', *, *, #1055, .F. ) ;
#3442 = EDGE_CURVE ( 'NONE', #3337, #4588, #3082, .T. ) ;
#3443 = SURFACE_STYLE_USAGE ( .BOTH. , #839 ) ;
#3444 = STYLED_ITEM ( 'NONE', ( #908 ), #1869 ) ;
#3445 = UNCERTAINTY_MEASURE_WITH_UNIT (LENGTH_MEASURE( 1.000000000000000100E-005 ), #1258, 'distance_accuracy_value', 'NONE');
#3446 = FACE_OUTER_BOUND ( 'NONE', #1514, .T. ) ;
#3447 = CIRCLE ( 'NONE', #1088, 17.19999999639791700 ) ;
#3448 = PRESENTATION_LAYER_ASSIGNMENT (  '', '', ( #2960 ) ) ;
#3449 =( NAMED_UNIT ( * ) PLANE_ANGLE_UNIT ( ) SI_UNIT ( $, .RADIAN. ) );
#3450 = CARTESIAN_POINT ( 'NONE',  ( -0.05597972128390924600, -15.46179454795979600, -1.893523720223296300E-015 ) ) ;
#3451 = CYLINDRICAL_SURFACE ( 'NONE', #4576, 0.1999999999999987900 ) ;
#3452 = ORIENTED_EDGE ( 'NONE', *, *, #3074, .F. ) ;
#3453 = CARTESIAN_POINT ( 'NONE',  ( -15.63656795969684800, 18.43245102031643900, 1.611251609323431500 ) ) ;
#3454 = EDGE_CURVE ( 'NONE', #3185, #2909, #3198, .T. ) ;
#3455 = MECHANICAL_DESIGN_GEOMETRIC_PRESENTATION_REPRESENTATION (  '', ( #2967 ), #3699 ) ;
#3456 = CARTESIAN_POINT ( 'NONE',  ( -22.16299999999999700, 35.08782237340994900, -4.050000000004046400 ) ) ;
#3457 = DIRECTION ( 'NONE',  ( 1.000000000000000000, -0.0000000000000000000, -0.0000000000000000000 ) ) ;
#3458 = FILL_AREA_STYLE_COLOUR ( '', #4399 ) ;
#3459 = VECTOR ( 'NONE', #4725, 1000.000000000000000 ) ;
#3460 = DIRECTION ( 'NONE',  ( 0.0000000000000000000, 0.0000000000000000000, -1.000000000000000000 ) ) ;
#3461 = DIRECTION ( 'NONE',  ( -1.000000000000000000, -0.0000000000000000000, -0.0000000000000000000 ) ) ;
#3462 = AXIS2_PLACEMENT_3D ( 'NONE', #4151, #1959, #4548 ) ;
#3463 = FILL_AREA_STYLE_COLOUR ( '', #789 ) ;
#3464 = UNCERTAINTY_MEASURE_WITH_UNIT (LENGTH_MEASURE( 1.000000000000000100E-005 ), #1851, 'distance_accuracy_value', 'NONE');
#3465 = CARTESIAN_POINT ( 'NONE',  ( -6.000000000697149000, 33.44999999559967600, -10.00000000000404300 ) ) ;
#3466 = CARTESIAN_POINT ( 'NONE',  ( -10.92272661425332300, 16.45844886927147500, 8.457221914161769000 ) ) ;
#3467 = EDGE_LOOP ( 'NONE', ( #1176, #2929, #1393, #1585 ) ) ;
#3468 = EDGE_CURVE ( 'NONE', #2500, #3663, #373, .T. ) ;
#3469 = AXIS2_PLACEMENT_3D ( 'NONE', #3946, #1785, #2745 ) ;
#3470 = CARTESIAN_POINT ( 'NONE',  ( -46.50000000000000000, 0.0000000000000000000, 0.0000000000000000000 ) ) ;
#3471 = FACE_OUTER_BOUND ( 'NONE', #157, .T. ) ;
#3472 = CARTESIAN_POINT ( 'NONE',  ( -22.16299999999999700, 34.89217761778994700, 2.649999999995953400 ) ) ;
#3473 = VERTEX_POINT ( 'NONE', #2820 ) ;
#3474 = SURFACE_SIDE_STYLE ('',( #1315 ) ) ;
#3475 = EDGE_CURVE ( 'NONE', #3201, #1682, #270, .T. ) ;
#3476 = AXIS2_PLACEMENT_3D ( 'NONE', #289, #4322, #2493 ) ;
#3477 = ORIENTED_EDGE ( 'NONE', *, *, #4076, .T. ) ;
#3478 = FACE_OUTER_BOUND ( 'NONE', #875, .T. ) ;
#3479 = ORIENTED_EDGE ( 'NONE', *, *, #3232, .F. ) ;
#3480 = PRESENTATION_STYLE_ASSIGNMENT (( #2951 ) ) ;
#3481 = CARTESIAN_POINT ( 'NONE',  ( -36.35529142705950500, 33.10084069261279200, 4.899999999995953800 ) ) ;
#3482 = CARTESIAN_POINT ( 'NONE',  ( -32.90000000000085800, 32.17499814511833000, -4.050000000004046400 ) ) ;
#3483 = VERTEX_POINT ( 'NONE', #280 ) ;
#3484 = CIRCLE ( 'NONE', #286, 15.05000000000000100 ) ;
#3485 = ADVANCED_FACE ( 'NONE', ( #155 ), #2473, .T. ) ;
#3486 = AXIS2_PLACEMENT_3D ( 'NONE', #4066, #1866, #4457 ) ;
#3487 = PRESENTATION_STYLE_ASSIGNMENT (( #1346 ) ) ;
#3488 = VERTEX_POINT ( 'NONE', #1012 ) ;
#3489 = FACE_OUTER_BOUND ( 'NONE', #1805, .T. ) ;
#3490 = SURFACE_SIDE_STYLE ('',( #1856 ) ) ;
#3491 = FILL_AREA_STYLE ('',( #185 ) ) ;
#3492 = VECTOR ( 'NONE', #437, 1000.000000000000000 ) ;
#3493 = ORIENTED_EDGE ( 'NONE', *, *, #2483, .T. ) ;
#3494 = ORIENTED_EDGE ( 'NONE', *, *, #730, .F. ) ;
#3495 = AXIS2_PLACEMENT_3D ( 'NONE', #1084, #339, #4398 ) ;
#3496 = FILL_AREA_STYLE_COLOUR ( '', #2818 ) ;
#3497 = SURFACE_STYLE_USAGE ( .BOTH. , #1985 ) ;
#3498 = SURFACE_SIDE_STYLE ('',( #4559 ) ) ;
#3499 = ORIENTED_EDGE ( 'NONE', *, *, #1496, .T. ) ;
#3500 = SURFACE_SIDE_STYLE ('',( #1823 ) ) ;
#3501 = CARTESIAN_POINT ( 'NONE',  ( -3.000000000000191400, 16.04011710940551100, -10.18639774492951800 ) ) ;
#3502 =( GEOMETRIC_REPRESENTATION_CONTEXT ( 3 ) GLOBAL_UNCERTAINTY_ASSIGNED_CONTEXT ( ( #3149 ) ) GLOBAL_UNIT_ASSIGNED_CONTEXT ( ( #747, #1244, #791 ) ) REPRESENTATION_CONTEXT ( 'NONE', 'WORKASPACE' ) );
#3503 = CARTESIAN_POINT ( 'NONE',  ( -3.000000000000238500, 30.44999999499914600, -10.87867965644432600 ) ) ;
#3504 =( LENGTH_UNIT ( ) NAMED_UNIT ( * ) SI_UNIT ( .MILLI., .METRE. ) );
#3505 = CARTESIAN_POINT ( 'NONE',  ( 0.0000000000000000000, 13.91563060015607100, 9.765000000000000600 ) ) ;
#3506 = EDGE_CURVE ( 'NONE', #2406, #2505, #4603, .T. ) ;
#3507 =( GEOMETRIC_REPRESENTATION_CONTEXT ( 3 ) GLOBAL_UNCERTAINTY_ASSIGNED_CONTEXT ( ( #563 ) ) GLOBAL_UNIT_ASSIGNED_CONTEXT ( ( #2958, #736, #3330 ) ) REPRESENTATION_CONTEXT ( 'NONE', 'WORKASPACE' ) );
#3508 = CYLINDRICAL_SURFACE ( 'NONE', #3476, 16.75000000000000000 ) ;
#3509 = ORIENTED_EDGE ( 'NONE', *, *, #352, .F. ) ;
#3510 = LINE ( 'NONE', #3547, #559 ) ;
#3511 = PRESENTATION_LAYER_ASSIGNMENT (  '', '', ( #3028 ) ) ;
#3512 = SURFACE_SIDE_STYLE ('',( #3791 ) ) ;
#3513 = CARTESIAN_POINT ( 'NONE',  ( -4.071678393477835600, 15.16881458668363100, -11.44149901151863000 ) ) ;
#3514 = LINE ( 'NONE', #38, #1558 ) ;
#3515 =( NAMED_UNIT ( * ) PLANE_ANGLE_UNIT ( ) SI_UNIT ( $, .RADIAN. ) );
#3516 = LINE ( 'NONE', #4063, #4388 ) ;
#3517 = AXIS2_PLACEMENT_3D ( 'NONE', #2215, #1109, #753 ) ;
#3518 = TOROIDAL_SURFACE ( 'NONE', #389, 17.10000000000000100, 1.399999999999999900 ) ;
#3519 = FILL_AREA_STYLE_COLOUR ( '', #1914 ) ;
#3520 = CARTESIAN_POINT ( 'NONE',  ( -15.99999999999999300, 29.14999999559993400, -8.600000000004048000 ) ) ;
#3521 = CARTESIAN_POINT ( 'NONE',  ( -32.89999999999999900, 32.17499814511995000, 5.618857913269516200 ) ) ;
#3522 = CIRCLE ( 'NONE', #4223, 1.499999999999975400 ) ;
#3523 = SURFACE_STYLE_USAGE ( .BOTH. , #4284 ) ;
#3524 = CARTESIAN_POINT ( 'NONE',  ( -22.44999999999999900, 33.44999999559993900, -4.046615916591203000E-012 ) ) ;
#3525 = UNCERTAINTY_MEASURE_WITH_UNIT (LENGTH_MEASURE( 1.000000000000000100E-005 ), #1758, 'distance_accuracy_value', 'NONE');
#3526 = CONICAL_SURFACE ( 'NONE', #3469, 11.60000000000000000, 0.7853981633974511700 ) ;
#3527 = FILL_AREA_STYLE ('',( #2776 ) ) ;
#3528 = ORIENTED_EDGE ( 'NONE', *, *, #1107, .T. ) ;
#3529 = UNCERTAINTY_MEASURE_WITH_UNIT (LENGTH_MEASURE( 1.000000000000000100E-005 ), #56, 'distance_accuracy_value', 'NONE');
#3530 = CIRCLE ( 'NONE', #2408, 11.60000000000000000 ) ;
#3531 =( NAMED_UNIT ( * ) SI_UNIT ( $, .STERADIAN. ) SOLID_ANGLE_UNIT ( ) );
#3532 = EDGE_CURVE ( 'NONE', #925, #3534, #3596, .T. ) ;
#3533 = DIRECTION ( 'NONE',  ( -1.000000000000000000, -0.0000000000000000000, -0.0000000000000000000 ) ) ;
#3534 = VERTEX_POINT ( 'NONE', #4727 ) ;
#3535 = LINE ( 'NONE', #2062, #1684 ) ;
#3536 =( NAMED_UNIT ( * ) PLANE_ANGLE_UNIT ( ) SI_UNIT ( $, .RADIAN. ) );
#3537 = SURFACE_STYLE_USAGE ( .BOTH. , #943 ) ;
#3538 = ORIENTED_EDGE ( 'NONE', *, *, #1806, .T. ) ;
#3539 = CIRCLE ( 'NONE', #3972, 16.75000000000000000 ) ;
#3540 = CARTESIAN_POINT ( 'NONE',  ( -2.999999999647627600, 32.20735930837242500, 9.999999999995951700 ) ) ;
#3541 = CARTESIAN_POINT ( 'NONE',  ( -36.35529142705999600, 33.10084069260994300, 4.049999999995953300 ) ) ;
#3542 =( NAMED_UNIT ( * ) PLANE_ANGLE_UNIT ( ) SI_UNIT ( $, .RADIAN. ) );
#3543 = AXIS2_PLACEMENT_3D ( 'NONE', #1209, #1595, #491 ) ;
#3544 = VERTEX_POINT ( 'NONE', #2503 ) ;
#3545 = ORIENTED_EDGE ( 'NONE', *, *, #4632, .T. ) ;
#3546 = VECTOR ( 'NONE', #231, 1000.000000000000100 ) ;
#3547 = CARTESIAN_POINT ( 'NONE',  ( -34.57588190847499000, 32.83110458518994800, 5.099999999995953100 ) ) ;
#3548 = SURFACE_SIDE_STYLE ('',( #1605 ) ) ;
#3549 =( LENGTH_UNIT ( ) NAMED_UNIT ( * ) SI_UNIT ( .MILLI., .METRE. ) );
#3550 = EDGE_CURVE ( 'NONE', #2372, #2609, #651, .T. ) ;
#3551 = ORIENTED_EDGE ( 'NONE', *, *, #4726, .F. ) ;
#3552 = PRESENTATION_LAYER_ASSIGNMENT (  '', '', ( #3785 ) ) ;
#3553 = VERTEX_POINT ( 'NONE', #1780 ) ;
#3554 = CARTESIAN_POINT ( 'NONE',  ( -32.89999999999999100, 33.77060601645994400, 5.599999999995954000 ) ) ;
#3555 = EDGE_LOOP ( 'NONE', ( #4492, #1948, #1286, #4346 ) ) ;
#3556 = SURFACE_STYLE_USAGE ( .BOTH. , #958 ) ;
#3557 = VERTEX_POINT ( 'NONE', #4739 ) ;
#3558 = CARTESIAN_POINT ( 'NONE',  ( -22.44999999999999200, 29.14999999559993400, -4.300000000004046400 ) ) ;
#3559 = CIRCLE ( 'NONE', #4546, 1.499999999999994400 ) ;
#3560 = SURFACE_SIDE_STYLE ('',( #4485 ) ) ;
#3561 = CIRCLE ( 'NONE', #3136, 17.19999999639791700 ) ;
#3562 = CARTESIAN_POINT ( 'NONE',  ( -32.89999999999999100, 29.14999999559993400, 4.299999999995954200 ) ) ;
#3563 =( GEOMETRIC_REPRESENTATION_CONTEXT ( 3 ) GLOBAL_UNCERTAINTY_ASSIGNED_CONTEXT ( ( #2751 ) ) GLOBAL_UNIT_ASSIGNED_CONTEXT ( ( #266, #1719, #1701 ) ) REPRESENTATION_CONTEXT ( 'NONE', 'WORKASPACE' ) );
#3564 = COLOUR_RGB ( '',0.0000000000000000000, 0.0000000000000000000, 0.0000000000000000000 ) ;
#3565 = FILL_AREA_STYLE_COLOUR ( '', #2945 ) ;
#3566 = EDGE_CURVE ( 'NONE', #4563, #2176, #766, .T. ) ;
#3567 = DIRECTION ( 'NONE',  ( -1.000000000000000000, -0.0000000000000000000, -0.0000000000000000000 ) ) ;
#3568 = MECHANICAL_DESIGN_GEOMETRIC_PRESENTATION_REPRESENTATION (  '', ( #3075 ), #3804 ) ;
#3569 = CARTESIAN_POINT ( 'NONE',  ( -29.62500000000000000, 34.98999999559993800, -4.050000000004046400 ) ) ;
#3570 = CIRCLE ( 'NONE', #3351, 15.94956969303914600 ) ;
#3571 = MECHANICAL_DESIGN_GEOMETRIC_PRESENTATION_REPRESENTATION (  '', ( #3084 ), #3810 ) ;
#3572 = PRODUCT_CONTEXT ( 'NONE', #3205, 'mechanical' ) ;
#3573 = CARTESIAN_POINT ( 'NONE',  ( -32.89999999999999100, 32.17499814511918300, -4.900000000955048000 ) ) ;
#3574 = CARTESIAN_POINT ( 'NONE',  ( -36.30352761803892700, 33.29402585787377700, 5.099999999995953100 ) ) ;
#3575 = CARTESIAN_POINT ( 'NONE',  ( -3.000000000000002700, 0.0000000000000000000, 16.75000000000000000 ) ) ;
#3576 = AXIS2_PLACEMENT_3D ( 'NONE', #224, #4251, #2427 ) ;
#3577 =( NAMED_UNIT ( * ) PLANE_ANGLE_UNIT ( ) SI_UNIT ( $, .RADIAN. ) );
#3578 = EDGE_CURVE ( 'NONE', #4416, #3254, #3484, .T. ) ;
#3579 = ORIENTED_EDGE ( 'NONE', *, *, #663, .F. ) ;
#3580 = CARTESIAN_POINT ( 'NONE',  ( -0.05597972128391171000, 16.78820544843812700, 0.0000000000000000000 ) ) ;
#3581 = CYLINDRICAL_SURFACE ( 'NONE', #1581, 9.549999999999998900 ) ;
#3582 =( LENGTH_UNIT ( ) NAMED_UNIT ( * ) SI_UNIT ( .MILLI., .METRE. ) );
#3583 =( NAMED_UNIT ( * ) SI_UNIT ( $, .STERADIAN. ) SOLID_ANGLE_UNIT ( ) );
#3584 = ORIENTED_EDGE ( 'NONE', *, *, #1846, .F. ) ;
#3585 = COLOUR_RGB ( '',0.0000000000000000000, 0.0000000000000000000, 0.0000000000000000000 ) ;
#3586 =( GEOMETRIC_REPRESENTATION_CONTEXT ( 3 ) GLOBAL_UNCERTAINTY_ASSIGNED_CONTEXT ( ( #1278 ) ) GLOBAL_UNIT_ASSIGNED_CONTEXT ( ( #4499, #4592, #4323 ) ) REPRESENTATION_CONTEXT ( 'NONE', 'WORKASPACE' ) );
#3587 = FILL_AREA_STYLE ('',( #2855 ) ) ;
#3588 = EDGE_LOOP ( 'NONE', ( #3088, #2232 ) ) ;
#3589 = CARTESIAN_POINT ( 'NONE',  ( -36.71715728750382400, 33.43697824558693600, 5.099999999995475300 ) ) ;
#3590 = CIRCLE ( 'NONE', #2228, 0.4999999999973749300 ) ;
#3591 = CARTESIAN_POINT ( 'NONE',  ( -7.308462344850285700, 13.96294035804778500, 9.698476499430773500 ) ) ;
#3592 = EDGE_CURVE ( 'NONE', #4535, #2684, #2620, .T. ) ;
#3593 = AXIS2_PLACEMENT_3D ( 'NONE', #1746, #4330, #2129 ) ;
#3594 = CARTESIAN_POINT ( 'NONE',  ( -32.89999999999999100, 29.14999999559993400, 4.299999999995954200 ) ) ;
#3595 = VERTEX_POINT ( 'NONE', #3998 ) ;
#3596 = CIRCLE ( 'NONE', #4320, 11.60000000000000000 ) ;
#3597 = DIRECTION ( 'NONE',  ( 0.0000000000000000000, 0.0000000000000000000, 1.000000000000000000 ) ) ;
#3598 = CARTESIAN_POINT ( 'NONE',  ( -22.44999999999999900, 33.19147051147994200, -5.683166666671045400 ) ) ;
#3599 = ADVANCED_FACE ( 'NONE', ( #533 ), #3279, .F. ) ;
#3600 = ORIENTED_EDGE ( 'NONE', *, *, #2636, .F. ) ;
#3601 = DIRECTION ( 'NONE',  ( 1.000000000000000000, 0.0000000000000000000, 0.0000000000000000000 ) ) ;
#3602 = PRESENTATION_LAYER_ASSIGNMENT (  '', '', ( #3355 ) ) ;
#3603 = VECTOR ( 'NONE', #3759, 1000.000000000000000 ) ;
#3604 = ORIENTED_EDGE ( 'NONE', *, *, #1303, .F. ) ;
#3605 = VERTEX_POINT ( 'NONE', #3295 ) ;
#3606 = SURFACE_STYLE_FILL_AREA ( #426 ) ;
#3607 = CARTESIAN_POINT ( 'NONE',  ( -8.673617379884035500E-016, -15.94956969303915400, -1.953258947235803300E-015 ) ) ;
#3608 = CARTESIAN_POINT ( 'NONE',  ( -0.05597972128390924600, 15.46179454795979600, 0.0000000000000000000 ) ) ;
#3609 = EDGE_CURVE ( 'NONE', #778, #1459, #2167, .T. ) ;
#3610 = CARTESIAN_POINT ( 'NONE',  ( -50.00000000000000000, 0.0000000000000000000, 9.500000000000000000 ) ) ;
#3611 =( NAMED_UNIT ( * ) SI_UNIT ( $, .STERADIAN. ) SOLID_ANGLE_UNIT ( ) );
#3612 = AXIS2_PLACEMENT_3D ( 'NONE', #3277, #1063, #3645 ) ;
#3613 = ORIENTED_EDGE ( 'NONE', *, *, #841, .T. ) ;
#3614 = PRESENTATION_STYLE_ASSIGNMENT (( #3170 ) ) ;
#3615 =( NAMED_UNIT ( * ) PLANE_ANGLE_UNIT ( ) SI_UNIT ( $, .RADIAN. ) );
#3616 = UNCERTAINTY_MEASURE_WITH_UNIT (LENGTH_MEASURE( 1.000000000000000100E-005 ), #2418, 'distance_accuracy_value', 'NONE');
#3617 = CARTESIAN_POINT ( 'NONE',  ( -0.05597972128390961400, -15.46179454795979800, -1.893523720223295900E-015 ) ) ;
#3618 = DIRECTION ( 'NONE',  ( 1.000000000000000000, -0.0000000000000000000, -0.0000000000000000000 ) ) ;
#3619 = CARTESIAN_POINT ( 'NONE',  ( -36.59999999999999400, 36.80999999559506400, 4.478679656433487600 ) ) ;
#3620 = SURFACE_STYLE_FILL_AREA ( #4301 ) ;
#3621 = AXIS2_PLACEMENT_3D ( 'NONE', #118, #1471, #3392 ) ;
#3622 =( NAMED_UNIT ( * ) SI_UNIT ( $, .STERADIAN. ) SOLID_ANGLE_UNIT ( ) );
#3623 = UNCERTAINTY_MEASURE_WITH_UNIT (LENGTH_MEASURE( 1.000000000000000100E-005 ), #1687, 'distance_accuracy_value', 'NONE');
#3624 = EDGE_CURVE ( 'NONE', #3557, #2866, #210, .T. ) ;
#3625 = DIRECTION ( 'NONE',  ( 0.9659258262887975300, -0.2588190451035310400, 0.0000000000000000000 ) ) ;
#3626 = SURFACE_SIDE_STYLE ('',( #2641 ) ) ;
#3627 = MECHANICAL_DESIGN_GEOMETRIC_PRESENTATION_REPRESENTATION (  '', ( #3130 ), #3864 ) ;
#3628 = FACE_OUTER_BOUND ( 'NONE', #4715, .T. ) ;
#3629 =( NAMED_UNIT ( * ) PLANE_ANGLE_UNIT ( ) SI_UNIT ( $, .RADIAN. ) );
#3630 = CARTESIAN_POINT ( 'NONE',  ( -10.92638291043426200, 14.75389938061917100, -8.454703103705515600 ) ) ;
#3631 =( NAMED_UNIT ( * ) SI_UNIT ( $, .STERADIAN. ) SOLID_ANGLE_UNIT ( ) );
#3632 = DIRECTION ( 'NONE',  ( 0.0000000000000000000, -1.000000000000000000, 0.0000000000000000000 ) ) ;
#3633 = PRESENTATION_LAYER_ASSIGNMENT (  '', '', ( #3382 ) ) ;
#3634 = CARTESIAN_POINT ( 'NONE',  ( -36.60000000000000100, 35.30999999559993800, 4.899999999995954700 ) ) ;
#3635 = FILL_AREA_STYLE_COLOUR ( '', #754 ) ;
#3636 = PLANE ( 'NONE',  #318 ) ;
#3637 =( LENGTH_UNIT ( ) NAMED_UNIT ( * ) SI_UNIT ( .MILLI., .METRE. ) );
#3638 = MECHANICAL_DESIGN_GEOMETRIC_PRESENTATION_REPRESENTATION (  '', ( #3146 ), #3879 ) ;
#3639 = COLOUR_RGB ( '',0.1098039215686274500, 0.1098039215686274500, 0.1098039215686274500 ) ;
#3640 = VECTOR ( 'NONE', #1781, 1000.000000000000000 ) ;
#3641 = CARTESIAN_POINT ( 'NONE',  ( -36.33385015526033600, 33.18086060835141600, -5.100000000004295800 ) ) ;
#3642 = CARTESIAN_POINT ( 'NONE',  ( 0.0000000000000000000, 14.07072955168146000, 9.892146873127510200 ) ) ;
#3643 = CARTESIAN_POINT ( 'NONE',  ( -15.50285963657055200, 16.85070518807549800, 2.270643761047831200 ) ) ;
#3644 = VERTEX_POINT ( 'NONE', #2520 ) ;
#3645 = DIRECTION ( 'NONE',  ( 0.0000000000000000000, 0.0000000000000000000, 1.000000000000000000 ) ) ;
#3646 = PLANE ( 'NONE',  #2691 ) ;
#3647 = MECHANICAL_DESIGN_GEOMETRIC_PRESENTATION_REPRESENTATION (  '', ( #3156 ), #3889 ) ;
#3648 = DIRECTION ( 'NONE',  ( -0.2588190451027248000, -0.9659258262890135800, 0.0000000000000000000 ) ) ;
#3649 = SURFACE_STYLE_USAGE ( .BOTH. , #1067 ) ;
#3650 = CARTESIAN_POINT ( 'NONE',  ( -6.809999999999996900, 16.23490457501163300, -9.870555875809484900 ) ) ;
#3651 = ORIENTED_EDGE ( 'NONE', *, *, #2295, .F. ) ;
#3652 =( NAMED_UNIT ( * ) PLANE_ANGLE_UNIT ( ) SI_UNIT ( $, .RADIAN. ) );
#3653 = CIRCLE ( 'NONE', #876, 19.00000000000000000 ) ;
#3654 = VERTEX_POINT ( 'NONE', #1838 ) ;
#3655 = VERTEX_POINT ( 'NONE', #1 ) ;
#3656 = STYLED_ITEM ( 'NONE', ( #2806 ), #1183 ) ;
#3657 = CARTESIAN_POINT ( 'NONE',  ( -32.89999999999999100, 24.24999999559993900, 8.599999999995953100 ) ) ;
#3658 = ORIENTED_EDGE ( 'NONE', *, *, #2465, .F. ) ;
#3659 = B_SPLINE_CURVE_WITH_KNOTS ( 'NONE', 3,
 ( #119, #2305, #3782, #1586, #4153, #1963, #4554, #2321, #131, #2692, #479, #3065, #836, #3437, #1216, #3794, #1602, #4172, #1977, #4568, #2340, #146, #2702, #498, #3083, #852, #3453, #1231, #3809, #1615, #4188, #1996, #4581, #2355, #166, #2718, #512, #3097, #872, #3466, #1251, #3830, #1628, #4201, #2012, #4604, #2366, #179 ),
 .UNSPECIFIED., .F., .F.,
 ( 4, 2, 2, 2, 2, 2, 2, 2, 2, 2, 2, 2, 2, 2, 2, 2, 2, 2, 2, 2, 2, 2, 2, 4 ),
 ( 8.673617379884035500E-019, 0.001944334651175682000, 0.003888669302351363100, 0.005833003953527044400, 0.006805171279114882700, 0.007777338604702721900, 0.008749505930290561000, 0.009721673255878398500, 0.01166600790705407300, 0.01263817523264191100, 0.01361034255822974800, 0.01555467720940542300, 0.01652684453499326000, 0.01749901186058109400, 0.01847117918616893200, 0.01944334651175676900, 0.02138768116293244400, 0.02235984848852028500, 0.02333201581410812200, 0.02527635046528379700, 0.02722068511645947200, 0.02819285244204731300, 0.02916501976763514700, 0.03110935441881081500 ),
 .UNSPECIFIED. ) ;
#3660 = EDGE_CURVE ( 'NONE', #2509, #2661, #1170, .T. ) ;
#3661 = AXIS2_PLACEMENT_3D ( 'NONE', #826, #3417, #1203 ) ;
#3662 = PRESENTATION_STYLE_ASSIGNMENT (( #1283 ) ) ;
#3663 = VERTEX_POINT ( 'NONE', #4414 ) ;
#3664 = ORIENTED_EDGE ( 'NONE', *, *, #2883, .T. ) ;
#3665 = PRESENTATION_STYLE_ASSIGNMENT (( #3422 ) ) ;
#3666 = DIRECTION ( 'NONE',  ( -0.0000000000000000000, -0.0000000000000000000, 1.000000000000000000 ) ) ;
#3667 =( NAMED_UNIT ( * ) PLANE_ANGLE_UNIT ( ) SI_UNIT ( $, .RADIAN. ) );
#3668 = ORIENTED_EDGE ( 'NONE', *, *, #1093, .T. ) ;
#3669 = PRODUCT_DEFINITION_SHAPE ( 'NONE', 'NONE',  #1009 ) ;
#3670 = EDGE_LOOP ( 'NONE', ( #4121, #4127, #4585, #3868, #4065, #4342, #2123 ) ) ;
#3671 = ORIENTED_EDGE ( 'NONE', *, *, #417, .T. ) ;
#3672 = DIRECTION ( 'NONE',  ( 0.0000000000000000000, -1.000000000000000000, 0.0000000000000000000 ) ) ;
#3673 = ADVANCED_FACE ( 'NONE', ( #3877 ), #2576, .F. ) ;
#3674 = DIRECTION ( 'NONE',  ( -1.000000000000000000, 0.0000000000000000000, 0.0000000000000000000 ) ) ;
#3675 = UNCERTAINTY_MEASURE_WITH_UNIT (LENGTH_MEASURE( 1.000000000000000100E-005 ), #4302, 'distance_accuracy_value', 'NONE');
#3676 =( GEOMETRIC_REPRESENTATION_CONTEXT ( 3 ) GLOBAL_UNCERTAINTY_ASSIGNED_CONTEXT ( ( #140 ) ) GLOBAL_UNIT_ASSIGNED_CONTEXT ( ( #848, #3449, #1227 ) ) REPRESENTATION_CONTEXT ( 'NONE', 'WORKASPACE' ) );
#3677 =( NAMED_UNIT ( * ) PLANE_ANGLE_UNIT ( ) SI_UNIT ( $, .RADIAN. ) );
#3678 =( LENGTH_UNIT ( ) NAMED_UNIT ( * ) SI_UNIT ( .MILLI., .METRE. ) );
#3679 = DIRECTION ( 'NONE',  ( 0.0000000000000000000, 1.224646799147353200E-016, 1.000000000000000000 ) ) ;
#3680 = CARTESIAN_POINT ( 'NONE',  ( -36.79999999999999000, 35.80999999559993800, -2.650000000004046500 ) ) ;
#3681 = FILL_AREA_STYLE ('',( #359 ) ) ;
#3682 =( GEOMETRIC_REPRESENTATION_CONTEXT ( 3 ) GLOBAL_UNCERTAINTY_ASSIGNED_CONTEXT ( ( #3445 ) ) GLOBAL_UNIT_ASSIGNED_CONTEXT ( ( #1258, #1639, #3839 ) ) REPRESENTATION_CONTEXT ( 'NONE', 'WORKASPACE' ) );
#3683 = EDGE_CURVE ( 'NONE', #4610, #723, #4536, .T. ) ;
#3684 = AXIS2_PLACEMENT_3D ( 'NONE', #1674, #4258, #2066 ) ;
#3685 =( LENGTH_UNIT ( ) NAMED_UNIT ( * ) SI_UNIT ( .MILLI., .METRE. ) );
#3686 = COLOUR_RGB ( '',0.0000000000000000000, 0.0000000000000000000, 0.0000000000000000000 ) ;
#3687 = DIRECTION ( 'NONE',  ( -1.000000000000000000, 0.0000000000000000000, 0.0000000000000000000 ) ) ;
#3688 = CARTESIAN_POINT ( 'NONE',  ( -0.6470537028910733300, -15.05000000000000100, -1.843093432716766700E-015 ) ) ;
#3689 = DIRECTION ( 'NONE',  ( 0.0000000000000000000, 0.0000000000000000000, -1.000000000000000000 ) ) ;
#3690 = COLOUR_RGB ( '',0.7764705882352941300, 0.7568627450980391900, 0.7372549019607843600 ) ;
#3691 = MECHANICAL_DESIGN_GEOMETRIC_PRESENTATION_REPRESENTATION (  '', ( #2960 ), #3933 ) ;
#3692 = DIRECTION ( 'NONE',  ( 0.0000000000000000000, 0.0000000000000000000, -1.000000000000000000 ) ) ;
#3693 = FACE_OUTER_BOUND ( 'NONE', #275, .T. ) ;
#3694 = CARTESIAN_POINT ( 'NONE',  ( -22.44999999999999200, 35.80999999559993800, -4.046615916591203000E-012 ) ) ;
#3695 = COLOUR_RGB ( '',0.0000000000000000000, 0.0000000000000000000, 0.0000000000000000000 ) ;
#3696 = EDGE_LOOP ( 'NONE', ( #3191, #1003, #814, #4753 ) ) ;
#3697 = DIRECTION ( 'NONE',  ( 1.000000000000000000, 0.0000000000000000000, 0.0000000000000000000 ) ) ;
#3698 = EDGE_CURVE ( 'NONE', #2852, #1432, #3539, .T. ) ;
#3699 =( GEOMETRIC_REPRESENTATION_CONTEXT ( 3 ) GLOBAL_UNCERTAINTY_ASSIGNED_CONTEXT ( ( #3200 ) ) GLOBAL_UNIT_ASSIGNED_CONTEXT ( ( #733, #3322, #1106 ) ) REPRESENTATION_CONTEXT ( 'NONE', 'WORKASPACE' ) );
#3700 = CARTESIAN_POINT ( 'NONE',  ( -48.60000000000000100, 0.0000000000000000000, -17.10000000000000100 ) ) ;
#3701 = VERTEX_POINT ( 'NONE', #738 ) ;
#3702 = VECTOR ( 'NONE', #2466, 1000.000000000000000 ) ;
#3703 = PLANE ( 'NONE',  #461 ) ;
#3704 = ORIENTED_EDGE ( 'NONE', *, *, #1235, .F. ) ;
#3705 = UNCERTAINTY_MEASURE_WITH_UNIT (LENGTH_MEASURE( 1.000000000000000100E-005 ), #133, 'distance_accuracy_value', 'NONE');
#3706 = CIRCLE ( 'NONE', #1980, 1.499999999999999600 ) ;
#3707 = FILL_AREA_STYLE ('',( #2236 ) ) ;
#3708 = AXIS2_PLACEMENT_3D ( 'NONE', #2337, #143, #2700 ) ;
#3709 = FILL_AREA_STYLE ('',( #755 ) ) ;
#3710 = DIRECTION ( 'NONE',  ( -1.000000000000000000, -0.0000000000000000000, -0.0000000000000000000 ) ) ;
#3711 = SURFACE_STYLE_USAGE ( .BOTH. , #728 ) ;
#3712 = VERTEX_POINT ( 'NONE', #1494 ) ;
#3713 = ORIENTED_EDGE ( 'NONE', *, *, #3339, .F. ) ;
#3714 = EDGE_CURVE ( 'NONE', #4299, #1354, #1580, .T. ) ;
#3715 = AXIS2_PLACEMENT_3D ( 'NONE', #4783, #2200, #709 ) ;
#3716 = DIRECTION ( 'NONE',  ( 0.0000000000000000000, -1.000000000000000000, 1.550169042598248400E-013 ) ) ;
#3717 = VERTEX_POINT ( 'NONE', #1114 ) ;
#3718 = FILL_AREA_STYLE ('',( #763 ) ) ;
#3719 = ADVANCED_FACE ( 'NONE', ( #2562 ), #3077, .T. ) ;
#3720 = CARTESIAN_POINT ( 'NONE',  ( -0.6470537028910734500, 17.19999999639791700, 4.212784988184639100E-015 ) ) ;
#3721 = DIRECTION ( 'NONE',  ( -0.0000000000000000000, 0.0000000000000000000, 1.000000000000000000 ) ) ;
#3722 = EDGE_LOOP ( 'NONE', ( #1517, #1591, #2771, #546 ) ) ;
#3723 = CYLINDRICAL_SURFACE ( 'NONE', #71, 18.50000000000000000 ) ;
#3724 = EDGE_CURVE ( 'NONE', #386, #4711, #1218, .T. ) ;
#3725 = FILL_AREA_STYLE_COLOUR ( '', #4424 ) ;
#3726 = CARTESIAN_POINT ( 'NONE',  ( -4.500000000000526700, 31.32866863180854700, 11.49999999999595500 ) ) ;
#3727 = ORIENTED_EDGE ( 'NONE', *, *, #519, .T. ) ;
#3728 = COLOUR_RGB ( '',0.0000000000000000000, 0.0000000000000000000, 0.0000000000000000000 ) ;
#3729 = AXIS2_PLACEMENT_3D ( 'NONE', #2590, #380, #2959 ) ;
#3730 = LINE ( 'NONE', #2807, #1775 ) ;
#3731 = DIRECTION ( 'NONE',  ( 0.0000000000000000000, -1.000000000000000000, 0.0000000000000000000 ) ) ;
#3732 = DIRECTION ( 'NONE',  ( -1.000000000000000000, -0.0000000000000000000, -0.0000000000000000000 ) ) ;
#3733 = PRESENTATION_STYLE_ASSIGNMENT (( #3752 ) ) ;
#3734 = AXIS2_PLACEMENT_3D ( 'NONE', #1038, #649, #2208 ) ;
#3735 = SURFACE_STYLE_FILL_AREA ( #4199 ) ;
#3736 = PLANE ( 'NONE',  #2671 ) ;
#3737 = DIRECTION ( 'NONE',  ( -1.000000000000000000, -0.0000000000000000000, -0.0000000000000000000 ) ) ;
#3738 =( NAMED_UNIT ( * ) SI_UNIT ( $, .STERADIAN. ) SOLID_ANGLE_UNIT ( ) );
#3739 = EDGE_CURVE ( 'NONE', #1458, #429, #707, .T. ) ;
#3740 = COLOUR_RGB ( '',0.0000000000000000000, 0.0000000000000000000, 0.0000000000000000000 ) ;
#3741 = CARTESIAN_POINT ( 'NONE',  ( -5.999999999999998200, 31.94999999559994200, 11.49999999999595700 ) ) ;
#3742 = DIRECTION ( 'NONE',  ( 0.9659258262918801700, -0.2588190450920266900, -4.055269268654758600E-014 ) ) ;
#3743 = AXIS2_PLACEMENT_3D ( 'NONE', #2941, #4043, #3689 ) ;
#3744 = LINE ( 'NONE', #2713, #1918 ) ;
#3745 = LINE ( 'NONE', #3694, #2765 ) ;
#3746 = FILL_AREA_STYLE ('',( #1160 ) ) ;
#3747 = DIRECTION ( 'NONE',  ( 1.000000000000000000, 0.0000000000000000000, 0.0000000000000000000 ) ) ;
#3748 = CARTESIAN_POINT ( 'NONE',  ( -1.500000000000001300, 0.0000000000000000000, 15.05000000000000100 ) ) ;
#3749 = MECHANICAL_DESIGN_GEOMETRIC_PRESENTATION_REPRESENTATION (  '', ( #3028 ), #4005 ) ;
#3750 = ORIENTED_EDGE ( 'NONE', *, *, #2622, .T. ) ;
#3751 = UNCERTAINTY_MEASURE_WITH_UNIT (LENGTH_MEASURE( 1.000000000000000100E-005 ), #3259, 'distance_accuracy_value', 'NONE');
#3752 = SURFACE_STYLE_USAGE ( .BOTH. , #2229 ) ;
#3753 = DIRECTION ( 'NONE',  ( -0.0000000000000000000, -0.0000000000000000000, 1.000000000000000000 ) ) ;
#3754 = VERTEX_POINT ( 'NONE', #3354 ) ;
#3755 = SURFACE_SIDE_STYLE ('',( #3841 ) ) ;
#3756 = DIRECTION ( 'NONE',  ( -1.000000000000000000, 0.0000000000000000000, 0.0000000000000000000 ) ) ;
#3757 = ORIENTED_EDGE ( 'NONE', *, *, #1891, .F. ) ;
#3758 = CARTESIAN_POINT ( 'NONE',  ( -0.05597972128391171000, -16.78820544843812700, -2.055962206585790300E-015 ) ) ;
#3759 = DIRECTION ( 'NONE',  ( 0.0000000000000000000, 1.000000000000000000, 0.0000000000000000000 ) ) ;
#3760 = CARTESIAN_POINT ( 'NONE',  ( -0.3000000000000016500, 0.0000000000000000000, 0.0000000000000000000 ) ) ;
#3761 = FILL_AREA_STYLE ('',( #3115 ) ) ;
#3762 = FILL_AREA_STYLE ('',( #3496 ) ) ;
#3763 = ORIENTED_EDGE ( 'NONE', *, *, #1337, .F. ) ;
#3764 = STYLED_ITEM ( 'NONE', ( #4334 ), #764 ) ;
#3765 =( LENGTH_UNIT ( ) NAMED_UNIT ( * ) SI_UNIT ( .MILLI., .METRE. ) );
#3766 = CARTESIAN_POINT ( 'NONE',  ( -0.3040217494064032000, 17.13304713638766300, 0.0000000000000000000 ) ) ;
#3767 = CIRCLE ( 'NONE', #4427, 1.499999999999998700 ) ;
#3768 = ORIENTED_EDGE ( 'NONE', *, *, #3089, .T. ) ;
#3769 = ORIENTED_EDGE ( 'NONE', *, *, #1938, .T. ) ;
#3770 = PRESENTATION_STYLE_ASSIGNMENT (( #3443 ) ) ;
#3771 = EDGE_CURVE ( 'NONE', #327, #2353, #2106, .T. ) ;
#3772 = DIRECTION ( 'NONE',  ( 0.9659258262886332200, -0.2588190451041449400, 0.0000000000000000000 ) ) ;
#3773 = VECTOR ( 'NONE', #3687, 1000.000000000000000 ) ;
#3774 = VERTEX_POINT ( 'NONE', #2265 ) ;
#3775 = CYLINDRICAL_SURFACE ( 'NONE', #1137, 2.999999999999995600 ) ;
#3776 = CARTESIAN_POINT ( 'NONE',  ( -36.71715728752536000, 35.30999999560030000, -5.100000000004023100 ) ) ;
#3777 =( NAMED_UNIT ( * ) SI_UNIT ( $, .STERADIAN. ) SOLID_ANGLE_UNIT ( ) );
#3778 = ORIENTED_EDGE ( 'NONE', *, *, #4142, .T. ) ;
#3779 = PRESENTATION_LAYER_ASSIGNMENT (  '', '', ( #3051 ) ) ;
#3780 = CARTESIAN_POINT ( 'NONE',  ( -2.999999999999995600, 16.15549441700340000, 9.999999999995914400 ) ) ;
#3781 = DIRECTION ( 'NONE',  ( -1.000000000000000000, -0.0000000000000000000, -0.0000000000000000000 ) ) ;
#3782 = CARTESIAN_POINT ( 'NONE',  ( -7.303266511973308000, 15.75437383123284900, -9.699070436660992600 ) ) ;
#3783 = EDGE_CURVE ( 'NONE', #4487, #1232, #1111, .T. ) ;
#3784 = FACE_OUTER_BOUND ( 'NONE', #2858, .T. ) ;
#3785 = STYLED_ITEM ( 'NONE', ( #2614 ), #4035 ) ;
#3786 =( NAMED_UNIT ( * ) PLANE_ANGLE_UNIT ( ) SI_UNIT ( $, .RADIAN. ) );
#3787 = CARTESIAN_POINT ( 'NONE',  ( -3.694394408248446600, 15.29736940582602000, 11.26924271590138800 ) ) ;
#3788 = COLOUR_RGB ( '',0.0000000000000000000, 0.0000000000000000000, 0.0000000000000000000 ) ;
#3789 = MECHANICAL_DESIGN_GEOMETRIC_PRESENTATION_REPRESENTATION (  '', ( #2575 ), #4044 ) ;
#3790 = DIRECTION ( 'NONE',  ( 0.0000000000000000000, -1.000000000000000000, 0.0000000000000000000 ) ) ;
#3791 = SURFACE_STYLE_FILL_AREA ( #3762 ) ;
#3792 = DIRECTION ( 'NONE',  ( -1.000000000000000000, 0.0000000000000000000, 0.0000000000000000000 ) ) ;
#3793 = CARTESIAN_POINT ( 'NONE',  ( -36.30352761804088100, 33.29402585787492100, -5.100000000004045300 ) ) ;
#3794 = CARTESIAN_POINT ( 'NONE',  ( -14.45126576743102700, 17.83872059344999200, -4.932682791347205300 ) ) ;
#3795 = SURFACE_STYLE_FILL_AREA ( #1592 ) ;
#3796 = PRESENTATION_STYLE_ASSIGNMENT (( #1271 ) ) ;
#3797 = DIRECTION ( 'NONE',  ( 1.000000000000000000, -0.0000000000000000000, -0.0000000000000000000 ) ) ;
#3798 =( NAMED_UNIT ( * ) PLANE_ANGLE_UNIT ( ) SI_UNIT ( $, .RADIAN. ) );
#3799 = LINE ( 'NONE', #809, #968 ) ;
#3800 = CIRCLE ( 'NONE', #2638, 0.6000000000059487700 ) ;
#3801 = EDGE_CURVE ( 'NONE', #199, #482, #3930, .T. ) ;
#3802 = CARTESIAN_POINT ( 'NONE',  ( -16.00000000000000000, 24.28724172672493600, 8.599999999995953100 ) ) ;
#3803 = VERTEX_POINT ( 'NONE', #4112 ) ;
#3804 =( GEOMETRIC_REPRESENTATION_CONTEXT ( 3 ) GLOBAL_UNCERTAINTY_ASSIGNED_CONTEXT ( ( #3033 ) ) GLOBAL_UNIT_ASSIGNED_CONTEXT ( ( #3161, #933, #3531 ) ) REPRESENTATION_CONTEXT ( 'NONE', 'WORKASPACE' ) );
#3805 = VERTEX_POINT ( 'NONE', #3027 ) ;
#3806 = CIRCLE ( 'NONE', #3612, 9.550000000000002500 ) ;
#3807 = CARTESIAN_POINT ( 'NONE',  ( 0.0000000000000000000, 0.0000000000000000000, 0.0000000000000000000 ) ) ;
#3808 = UNCERTAINTY_MEASURE_WITH_UNIT (LENGTH_MEASURE( 1.000000000000000100E-005 ), #2724, 'distance_accuracy_value', 'NONE');
#3809 = CARTESIAN_POINT ( 'NONE',  ( -15.42974015125868400, 18.32506853787454700, 2.557240983636767300 ) ) ;
#3810 =( GEOMETRIC_REPRESENTATION_CONTEXT ( 3 ) GLOBAL_UNCERTAINTY_ASSIGNED_CONTEXT ( ( #2971 ) ) GLOBAL_UNIT_ASSIGNED_CONTEXT ( ( #294, #2865, #644 ) ) REPRESENTATION_CONTEXT ( 'NONE', 'WORKASPACE' ) );
#3811 = ORIENTED_EDGE ( 'NONE', *, *, #2720, .T. ) ;
#3812 = PRESENTATION_STYLE_ASSIGNMENT (( #1194 ) ) ;
#3813 = CYLINDRICAL_SURFACE ( 'NONE', #2468, 4.300000000000001600 ) ;
#3814 = DIRECTION ( 'NONE',  ( 0.0000000000000000000, -1.000000000000000000, 0.0000000000000000000 ) ) ;
#3815 = ORIENTED_EDGE ( 'NONE', *, *, #4345, .T. ) ;
#3816 = STYLED_ITEM ( 'NONE', ( #3487 ), #4118 ) ;
#3817 = ORIENTED_EDGE ( 'NONE', *, *, #3609, .F. ) ;
#3818 = EDGE_CURVE ( 'NONE', #3712, #3429, #2965, .T. ) ;
#3819 = FILL_AREA_STYLE ('',( #1096 ) ) ;
#3820 = ORIENTED_EDGE ( 'NONE', *, *, #1617, .T. ) ;
#3821 = SURFACE_SIDE_STYLE ('',( #1190 ) ) ;
#3822 = COLOUR_RGB ( '',0.7921568627450980000, 0.8196078431372548800, 0.9333333333333333500 ) ;
#3823 = ORIENTED_EDGE ( 'NONE', *, *, #3339, .T. ) ;
#3824 = ORIENTED_EDGE ( 'NONE', *, *, #2755, .F. ) ;
#3825 = ORIENTED_EDGE ( 'NONE', *, *, #1461, .F. ) ;
#3826 =( NAMED_UNIT ( * ) PLANE_ANGLE_UNIT ( ) SI_UNIT ( $, .RADIAN. ) );
#3827 = VERTEX_POINT ( 'NONE', #3748 ) ;
#3828 = CARTESIAN_POINT ( 'NONE',  ( 0.0000000000000000000, 0.0000000000000000000, 0.0000000000000000000 ) ) ;
#3829 = DIRECTION ( 'NONE',  ( -1.000000000000000000, -0.0000000000000000000, -0.0000000000000000000 ) ) ;
#3830 = CARTESIAN_POINT ( 'NONE',  ( -9.493953742166237200, 16.09416451414772500, 9.124010607844420300 ) ) ;
#3831 = VERTEX_POINT ( 'NONE', #1178 ) ;
#3832 = CARTESIAN_POINT ( 'NONE',  ( -0.05597972128390961400, -15.46179454795979200, -30.92358909591958500 ) ) ;
#3833 = DIRECTION ( 'NONE',  ( 0.0000000000000000000, 0.0000000000000000000, 1.000000000000000000 ) ) ;
#3834 = VERTEX_POINT ( 'NONE', #4517 ) ;
#3835 = EDGE_CURVE ( 'NONE', #3150, #2661, #1874, .T. ) ;
#3836 = DIRECTION ( 'NONE',  ( 0.0000000000000000000, 1.000000000000000000, 0.0000000000000000000 ) ) ;
#3837 = AXIS2_PLACEMENT_3D ( 'NONE', #1764, #4349, #2143 ) ;
#3838 = ADVANCED_FACE ( 'NONE', ( #983 ), #528, .T. ) ;
#3839 =( NAMED_UNIT ( * ) SI_UNIT ( $, .STERADIAN. ) SOLID_ANGLE_UNIT ( ) );
#3840 = CARTESIAN_POINT ( 'NONE',  ( -36.60000000000000100, 33.68039618838994200, -4.900000000004046900 ) ) ;
#3841 = SURFACE_STYLE_FILL_AREA ( #1186 ) ;
#3842 = MECHANICAL_DESIGN_GEOMETRIC_PRESENTATION_REPRESENTATION (  '', ( #3355 ), #4093 ) ;
#3843 = CARTESIAN_POINT ( 'NONE',  ( -36.60000000000000100, 35.30999999559993800, -3.600000000004047100 ) ) ;
#3844 =( NAMED_UNIT ( * ) PLANE_ANGLE_UNIT ( ) SI_UNIT ( $, .RADIAN. ) );
#3845 = CARTESIAN_POINT ( 'NONE',  ( 0.0000000000000000000, 0.0000000000000000000, 0.0000000000000000000 ) ) ;
#3846 = COLOUR_RGB ( '',0.0000000000000000000, 0.0000000000000000000, 0.0000000000000000000 ) ;
#3847 = SURFACE_STYLE_USAGE ( .BOTH. , #1832 ) ;
#3848 = CIRCLE ( 'NONE', #4410, 3.300000000000000700 ) ;
#3849 = EDGE_CURVE ( 'NONE', #2921, #3324, #4477, .T. ) ;
#3850 = AXIS2_PLACEMENT_3D ( 'NONE', #1795, #4379, #2174 ) ;
#3851 =( LENGTH_UNIT ( ) NAMED_UNIT ( * ) SI_UNIT ( .MILLI., .METRE. ) );
#3852 = SURFACE_STYLE_USAGE ( .BOTH. , #1273 ) ;
#3853 = COLOUR_RGB ( '',0.7764705882352941300, 0.7568627450980391900, 0.7372549019607843600 ) ;
#3854 = VECTOR ( 'NONE', #2069, 1000.000000000000000 ) ;
#3855 =( LENGTH_UNIT ( ) NAMED_UNIT ( * ) SI_UNIT ( .MILLI., .METRE. ) );
#3856 = PRESENTATION_LAYER_ASSIGNMENT (  '', '', ( #3120 ) ) ;
#3857 = CYLINDRICAL_SURFACE ( 'NONE', #3926, 3.300000000000000700 ) ;
#3858 = CARTESIAN_POINT ( 'NONE',  ( -16.00000000000000000, 20.94999999559993100, -4.046615916591203000E-012 ) ) ;
#3859 =( LENGTH_UNIT ( ) NAMED_UNIT ( * ) SI_UNIT ( .MILLI., .METRE. ) );
#3860 = CIRCLE ( 'NONE', #3370, 4.300000000000001600 ) ;
#3861 = CARTESIAN_POINT ( 'NONE',  ( -2.999999999999995600, 16.15549441700338900, -10.00000000000405200 ) ) ;
#3862 =( NAMED_UNIT ( * ) SI_UNIT ( $, .STERADIAN. ) SOLID_ANGLE_UNIT ( ) );
#3863 = EDGE_CURVE ( 'NONE', #1770, #3943, #3659, .T. ) ;
#3864 =( GEOMETRIC_REPRESENTATION_CONTEXT ( 3 ) GLOBAL_UNCERTAINTY_ASSIGNED_CONTEXT ( ( #3902 ) ) GLOBAL_UNIT_ASSIGNED_CONTEXT ( ( #1945, #1201, #3777 ) ) REPRESENTATION_CONTEXT ( 'NONE', 'WORKASPACE' ) );
#3865 = DIRECTION ( 'NONE',  ( -0.0000000000000000000, 1.000000000000000000, -0.0000000000000000000 ) ) ;
#3866 = FILL_AREA_STYLE ('',( #2389 ) ) ;
#3867 = CARTESIAN_POINT ( 'NONE',  ( 0.0000000000000000000, 0.0000000000000000000, -11.90000000000000000 ) ) ;
#3868 = ORIENTED_EDGE ( 'NONE', *, *, #2840, .F. ) ;
#3869 = SURFACE_STYLE_FILL_AREA ( #1728 ) ;
#3870 = SURFACE_STYLE_USAGE ( .BOTH. , #1296 ) ;
#3871 = MECHANICAL_DESIGN_GEOMETRIC_PRESENTATION_REPRESENTATION (  '', ( #3382 ), #4123 ) ;
#3872 = VERTEX_POINT ( 'NONE', #2734 ) ;
#3873 = UNCERTAINTY_MEASURE_WITH_UNIT (LENGTH_MEASURE( 1.000000000000000100E-005 ), #4503, 'distance_accuracy_value', 'NONE');
#3874 = CARTESIAN_POINT ( 'NONE',  ( 0.0000000000000000000, 14.09108146703900200, -9.863134540568648100 ) ) ;
#3875 = CARTESIAN_POINT ( 'NONE',  ( -4.389722594956364100, 15.12448345785412800, -11.50000000000404500 ) ) ;
#3876 = ORIENTED_EDGE ( 'NONE', *, *, #2781, .F. ) ;
#3877 = FACE_OUTER_BOUND ( 'NONE', #4209, .T. ) ;
#3878 = CARTESIAN_POINT ( 'NONE',  ( -16.00000000000000000, 24.24999999559993900, -4.300000000004046400 ) ) ;
#3879 =( GEOMETRIC_REPRESENTATION_CONTEXT ( 3 ) GLOBAL_UNCERTAINTY_ASSIGNED_CONTEXT ( ( #57 ) ) GLOBAL_UNIT_ASSIGNED_CONTEXT ( ( #3504, #1285, #3862 ) ) REPRESENTATION_CONTEXT ( 'NONE', 'WORKASPACE' ) );
#3880 = CARTESIAN_POINT ( 'NONE',  ( -32.89999999999999100, 32.17499814511918300, -4.900000000955048000 ) ) ;
#3881 = ORIENTED_EDGE ( 'NONE', *, *, #1506, .F. ) ;
#3882 = DIRECTION ( 'NONE',  ( -1.000000000000000000, -0.0000000000000000000, -0.0000000000000000000 ) ) ;
#3883 = DIRECTION ( 'NONE',  ( 0.0000000000000000000, 0.0000000000000000000, 1.000000000000000000 ) ) ;
#3884 = DIRECTION ( 'NONE',  ( 1.000000000000000000, 3.145631903104661800E-012, 0.0000000000000000000 ) ) ;
#3885 = VECTOR ( 'NONE', #1974, 1000.000000000000000 ) ;
#3886 = ORIENTED_EDGE ( 'NONE', *, *, #3592, .F. ) ;
#3887 = SURFACE_STYLE_USAGE ( .BOTH. , #2847 ) ;
#3888 = VERTEX_POINT ( 'NONE', #3042 ) ;
#3889 =( GEOMETRIC_REPRESENTATION_CONTEXT ( 3 ) GLOBAL_UNCERTAINTY_ASSIGNED_CONTEXT ( ( #722 ) ) GLOBAL_UNIT_ASSIGNED_CONTEXT ( ( #4248, #1650, #687 ) ) REPRESENTATION_CONTEXT ( 'NONE', 'WORKASPACE' ) );
#3890 = CARTESIAN_POINT ( 'NONE',  ( 0.0000000000000000000, 0.0000000000000000000, 0.0000000000000000000 ) ) ;
#3891 = PRESENTATION_STYLE_ASSIGNMENT (( #2235 ) ) ;
#3892 = EDGE_LOOP ( 'NONE', ( #317, #1075, #1210, #1637 ) ) ;
#3893 = SURFACE_STYLE_USAGE ( .BOTH. , #1311 ) ;
#3894 = CARTESIAN_POINT ( 'NONE',  ( -0.3040217494064015900, -15.11695286001024900, -30.23390572002050500 ) ) ;
#3895 = CARTESIAN_POINT ( 'NONE',  ( -36.60000000000000100, 35.30999999559993800, 4.899999999995954700 ) ) ;
#3896 = AXIS2_PLACEMENT_3D ( 'NONE', #4104, #433, #2288 ) ;
#3897 = ORIENTED_EDGE ( 'NONE', *, *, #2005, .F. ) ;
#3898 = COLOUR_RGB ( '',0.0000000000000000000, 0.0000000000000000000, 0.0000000000000000000 ) ;
#3899 = EDGE_CURVE ( 'NONE', #3805, #3359, #1524, .T. ) ;
#3900 =( NAMED_UNIT ( * ) PLANE_ANGLE_UNIT ( ) SI_UNIT ( $, .RADIAN. ) );
#3901 = AXIS2_PLACEMENT_3D ( 'NONE', #2304, #116, #2676 ) ;
#3902 = UNCERTAINTY_MEASURE_WITH_UNIT (LENGTH_MEASURE( 1.000000000000000100E-005 ), #1945, 'distance_accuracy_value', 'NONE');
#3903 = CYLINDRICAL_SURFACE ( 'NONE', #3896, 18.50000000000000000 ) ;
#3904 = DIRECTION ( 'NONE',  ( 0.0000000000000000000, 1.000000000000000000, 0.0000000000000000000 ) ) ;
#3905 = PRESENTATION_STYLE_ASSIGNMENT (( #571 ) ) ;
#3906 = PRESENTATION_STYLE_ASSIGNMENT (( #2423 ) ) ;
#3907 = STYLED_ITEM ( 'NONE', ( #100 ), #3357 ) ;
#3908 =( LENGTH_UNIT ( ) NAMED_UNIT ( * ) SI_UNIT ( .MILLI., .METRE. ) );
#3909 = VECTOR ( 'NONE', #1152, 1000.000000000000000 ) ;
#3910 = DIRECTION ( 'NONE',  ( 0.0000000000000000000, 0.0000000000000000000, -1.000000000000000000 ) ) ;
#3911 = DIRECTION ( 'NONE',  ( -1.000000000000000000, -0.0000000000000000000, -0.0000000000000000000 ) ) ;
#3912 = AXIS2_PLACEMENT_3D ( 'NONE', #3431, #3792, #1611 ) ;
#3913 = VECTOR ( 'NONE', #4692, 1000.000000000000000 ) ;
#3914 = DIRECTION ( 'NONE',  ( 0.0000000000000000000, 0.0000000000000000000, 1.000000000000000000 ) ) ;
#3915 = CARTESIAN_POINT ( 'NONE',  ( -4.499999999999997300, 15.12448345785335100, 11.49999999999645600 ) ) ;
#3916 = FILL_AREA_STYLE ('',( #4262 ) ) ;
#3917 = FILL_AREA_STYLE_COLOUR ( '', #2639 ) ;
#3918 = DIRECTION ( 'NONE',  ( 0.0000000000000000000, -3.313312026148125800E-013, -1.000000000000000000 ) ) ;
#3919 = SURFACE_SIDE_STYLE ('',( #4128 ) ) ;
#3920 =( LENGTH_UNIT ( ) NAMED_UNIT ( * ) SI_UNIT ( .MILLI., .METRE. ) );
#3921 = ORIENTED_EDGE ( 'NONE', *, *, #2483, .F. ) ;
#3922 = DIRECTION ( 'NONE',  ( 0.0000000000000000000, 1.000000000000000000, 0.0000000000000000000 ) ) ;
#3923 = DIRECTION ( 'NONE',  ( 0.0000000000000000000, 1.000000000000000000, 0.0000000000000000000 ) ) ;
#3924 = EDGE_CURVE ( 'NONE', #1700, #4616, #3360, .T. ) ;
#3925 = EDGE_LOOP ( 'NONE', ( #167, #921, #4544, #522 ) ) ;
#3926 = AXIS2_PLACEMENT_3D ( 'NONE', #196, #1289, #2769 ) ;
#3927 = SURFACE_SIDE_STYLE ('',( #745 ) ) ;
#3928 = FILL_AREA_STYLE_COLOUR ( '', #2110 ) ;
#3929 = ORIENTED_EDGE ( 'NONE', *, *, #1966, .T. ) ;
#3930 = LINE ( 'NONE', #3371, #1991 ) ;
#3931 = ADVANCED_FACE ( 'NONE', ( #3478 ), #88, .T. ) ;
#3932 =( BOUNDED_CURVE ( )  B_SPLINE_CURVE ( 3, ( #1817, #3278, #2928, #710 ),
 .UNSPECIFIED., .F., .T. ) 
 B_SPLINE_CURVE_WITH_KNOTS ( ( 4, 4 ),
 ( 0.0000000000000000000, 1.000000000000000000 ),
 .UNSPECIFIED. ) 
 CURVE ( )  GEOMETRIC_REPRESENTATION_ITEM ( )  RATIONAL_B_SPLINE_CURVE ( ( 1.000000000000000000, 0.8047415824731608500, 0.8047415824731608500, 1.000000000000000000 ) ) 
 REPRESENTATION_ITEM ( '' )  );
#3933 =( GEOMETRIC_REPRESENTATION_CONTEXT ( 3 ) GLOBAL_UNCERTAINTY_ASSIGNED_CONTEXT ( ( #1969 ) ) GLOBAL_UNIT_ASSIGNED_CONTEXT ( ( #945, #3542, #1324 ) ) REPRESENTATION_CONTEXT ( 'NONE', 'WORKASPACE' ) );
#3934 = FILL_AREA_STYLE ('',( #1491 ) ) ;
#3935 = CARTESIAN_POINT ( 'NONE',  ( -4.499999999999997300, 15.12448345785335100, 11.49999999999645600 ) ) ;
#3936 = ORIENTED_EDGE ( 'NONE', *, *, #3566, .T. ) ;
#3937 = SURFACE_STYLE_FILL_AREA ( #991 ) ;
#3938 = ADVANCED_FACE ( 'NONE', ( #3025 ), #1576, .F. ) ;
#3939 = APPLICATION_PROTOCOL_DEFINITION ( 'draft international standard', 'automotive_design', 1998, #1366 ) ;
#3940 = ORIENTED_EDGE ( 'NONE', *, *, #556, .F. ) ;
#3941 = EDGE_CURVE ( 'NONE', #256, #645, #2560, .T. ) ;
#3942 = SURFACE_SIDE_STYLE ('',( #757 ) ) ;
#3943 = VERTEX_POINT ( 'NONE', #4643 ) ;
#3944 = STYLED_ITEM ( 'NONE', ( #3991 ), #4238 ) ;
#3945 = CIRCLE ( 'NONE', #930, 18.99999999999993600 ) ;
#3946 = CARTESIAN_POINT ( 'NONE',  ( -2.700000000000008200, 0.0000000000000000000, 0.0000000000000000000 ) ) ;
#3947 = CIRCLE ( 'NONE', #230, 19.00000000000000000 ) ;
#3948 = EDGE_LOOP ( 'NONE', ( #1983, #4606, #3140, #641, #2494, #1229, #1214 ) ) ;
#3949 = FILL_AREA_STYLE ('',( #2597 ) ) ;
#3950 = EDGE_LOOP ( 'NONE', ( #3043, #2098, #1752, #783, #470, #3424, #1598, #1062, #4611, #3318, #3886, #1298, #2327, #4718, #3658, #2689, #854, #2274, #444, #3228, #415, #3881 ) ) ;
#3951 = FILL_AREA_STYLE ('',( #4542 ) ) ;
#3952 = CARTESIAN_POINT ( 'NONE',  ( -0.6470537028910733300, 0.0000000000000000000, 0.0000000000000000000 ) ) ;
#3953 = AXIS2_PLACEMENT_3D ( 'NONE', #1912, #1553, #97 ) ;
#3954 = CARTESIAN_POINT ( 'NONE',  ( -16.00000000000000000, 18.99999999559993900, -4.046615916591203000E-012 ) ) ;
#3955 = DIRECTION ( 'NONE',  ( 0.0000000000000000000, -1.000000000000000000, 0.0000000000000000000 ) ) ;
#3956 = ORIENTED_EDGE ( 'NONE', *, *, #4509, .T. ) ;
#3957 = LINE ( 'NONE', #4510, #59 ) ;
#3958 = EDGE_CURVE ( 'NONE', #4711, #1047, #3535, .T. ) ;
#3959 = SURFACE_STYLE_USAGE ( .BOTH. , #1380 ) ;
#3960 = STYLED_ITEM ( 'NONE', ( #2660 ), #1487 ) ;
#3961 = CARTESIAN_POINT ( 'NONE',  ( -36.35529142705934900, 33.10084069261677100, 5.017157287520910300 ) ) ;
#3962 = CARTESIAN_POINT ( 'NONE',  ( -14.74563492766650300, 16.43433829846567900, 4.390320667941130000 ) ) ;
#3963 = FACE_OUTER_BOUND ( 'NONE', #2570, .T. ) ;
#3964 = FILL_AREA_STYLE_COLOUR ( '', #703 ) ;
#3965 =( BOUNDED_SURFACE ( )  B_SPLINE_SURFACE ( 3, 3, ( 
 ( #3574, #290, #2857, #637 ),
 ( #3227, #1006, #3589, #1382 ),
 ( #3961, #1759, #4344, #2138 ),
 ( #4722, #2497, #298, #2870 ) ),
 .UNSPECIFIED., .F., .F., .F. ) 
 B_SPLINE_SURFACE_WITH_KNOTS ( ( 4, 4 ),
 ( 4, 4 ),
 ( 0.2202340502748101600, 0.7797659497269328100 ),
 ( 0.0000000000000000000, 1.000000000000000000 ),
 .UNSPECIFIED. ) 
 GEOMETRIC_REPRESENTATION_ITEM ( )  RATIONAL_B_SPLINE_SURFACE ( (
 ( 0.7568186908790296400, 0.6525559879082550900, 0.6525559879082550900, 0.7568186908790296400),
 ( 0.6090406492602522500, 0.5251365054062002700, 0.5251365054062002700, 0.6090406492602522500),
 ( 0.6090406492607126600, 0.5251365054065972900, 0.5251365054065972900, 0.6090406492607126600),
 ( 0.7568186908804106500, 0.6525559879094458000, 0.6525559879094458000, 0.7568186908804106500) ) ) 
 REPRESENTATION_ITEM ( '' )  SURFACE ( )  );
#3966 = EDGE_CURVE ( 'NONE', #1232, #4487, #701, .T. ) ;
#3967 = DIRECTION ( 'NONE',  ( 0.0000000000000000000, 1.000000000000000000, 0.0000000000000000000 ) ) ;
#3968 = VECTOR ( 'NONE', #812, 1000.000000000000000 ) ;
#3969 = ORIENTED_EDGE ( 'NONE', *, *, #3361, .F. ) ;
#3970 = LINE ( 'NONE', #2672, #2021 ) ;
#3971 = VECTOR ( 'NONE', #329, 1000.000000000000000 ) ;
#3972 = AXIS2_PLACEMENT_3D ( 'NONE', #2603, #396, #2980 ) ;
#3973 = FACE_BOUND ( 'NONE', #1743, .T. ) ;
#3974 = DIRECTION ( 'NONE',  ( 1.000000000000000000, 0.0000000000000000000, 0.0000000000000000000 ) ) ;
#3975 = DIRECTION ( 'NONE',  ( -1.000000000000000000, 0.0000000000000000000, 0.0000000000000000000 ) ) ;
#3976 = CARTESIAN_POINT ( 'NONE',  ( -6.661760357565929000, 13.91563060015607100, 9.764999999999998800 ) ) ;
#3977 = ADVANCED_FACE ( 'NONE', ( #2665 ), #572, .T. ) ;
#3978 = FILL_AREA_STYLE ('',( #2862 ) ) ;
#3979 = AXIS2_PLACEMENT_3D ( 'NONE', #3280, #3999, #3166 ) ;
#3980 = LINE ( 'NONE', #2843, #3013 ) ;
#3981 =( NAMED_UNIT ( * ) PLANE_ANGLE_UNIT ( ) SI_UNIT ( $, .RADIAN. ) );
#3982 = SURFACE_STYLE_FILL_AREA ( #188 ) ;
#3983 = VERTEX_POINT ( 'NONE', #1313 ) ;
#3984 = CARTESIAN_POINT ( 'NONE',  ( -0.05597972128391171000, -16.78820544843811600, -33.57641089687623300 ) ) ;
#3985 = VECTOR ( 'NONE', #1840, 1000.000000000000000 ) ;
#3986 = STYLED_ITEM ( 'NONE', ( #2244 ), #1105 ) ;
#3987 = ADVANCED_FACE ( 'NONE', ( #2101 ), #1744, .F. ) ;
#3988 =( LENGTH_UNIT ( ) NAMED_UNIT ( * ) SI_UNIT ( .MILLI., .METRE. ) );
#3989 = ORIENTED_EDGE ( 'NONE', *, *, #2985, .F. ) ;
#3990 = COLOUR_RGB ( '',0.7764705882352941300, 0.7568627450980391900, 0.7372549019607843600 ) ;
#3991 = PRESENTATION_STYLE_ASSIGNMENT (( #4327 ) ) ;
#3992 = CARTESIAN_POINT ( 'NONE',  ( -12.67670860200570000, 15.43321744292061700, -7.132584487844431100 ) ) ;
#3993 = EDGE_CURVE ( 'NONE', #713, #1415, #2716, .T. ) ;
#3994 = AXIS2_PLACEMENT_3D ( 'NONE', #2602, #395, #2975 ) ;
#3995 = VERTEX_POINT ( 'NONE', #2107 ) ;
#3996 = VECTOR ( 'NONE', #3666, 1000.000000000000000 ) ;
#3997 = CARTESIAN_POINT ( 'NONE',  ( -36.79999999999999000, 34.98999999559993800, -4.046615916591203000E-012 ) ) ;
#3998 = CARTESIAN_POINT ( 'NONE',  ( -22.44999999999999900, 34.98999999559993800, -2.650000000004046500 ) ) ;
#3999 = DIRECTION ( 'NONE',  ( -1.000000000000000000, -0.0000000000000000000, -0.0000000000000000000 ) ) ;
#4000 = ORIENTED_EDGE ( 'NONE', *, *, #2883, .F. ) ;
#4001 =( LENGTH_UNIT ( ) NAMED_UNIT ( * ) SI_UNIT ( .MILLI., .METRE. ) );
#4002 = ORIENTED_EDGE ( 'NONE', *, *, #1560, .F. ) ;
#4003 = VECTOR ( 'NONE', #1290, 1000.000000000000000 ) ;
#4004 = FILL_AREA_STYLE_COLOUR ( '', #2708 ) ;
#4005 =( GEOMETRIC_REPRESENTATION_CONTEXT ( 3 ) GLOBAL_UNCERTAINTY_ASSIGNED_CONTEXT ( ( #3323 ) ) GLOBAL_UNIT_ASSIGNED_CONTEXT ( ( #1206, #3786, #1590 ) ) REPRESENTATION_CONTEXT ( 'NONE', 'WORKASPACE' ) );
#4006 = ORIENTED_EDGE ( 'NONE', *, *, #447, .T. ) ;
#4007 = CARTESIAN_POINT ( 'NONE',  ( -4.499999999999997300, 30.44999999559994600, 9.999999999995953500 ) ) ;
#4008 = CARTESIAN_POINT ( 'NONE',  ( -36.71715728727924200, 33.43697824572645100, -5.100000000004296700 ) ) ;
#4009 = DIRECTION ( 'NONE',  ( -0.9659258262894118200, 0.2588190451012388200, 0.0000000000000000000 ) ) ;
#4010 = PRESENTATION_LAYER_ASSIGNMENT (  '', '', ( #3274 ) ) ;
#4011 = CARTESIAN_POINT ( 'NONE',  ( -15.68432945733503700, 16.95376956960538500, -1.294675905032535800 ) ) ;
#4012 = ORIENTED_EDGE ( 'NONE', *, *, #1876, .F. ) ;
#4013 = FILL_AREA_STYLE ('',( #1438 ) ) ;
#4014 =( NAMED_UNIT ( * ) PLANE_ANGLE_UNIT ( ) SI_UNIT ( $, .RADIAN. ) );
#4015 = LINE ( 'NONE', #3426, #1076 ) ;
#4016 = CARTESIAN_POINT ( 'NONE',  ( -36.80000000000001100, 36.60999999559750500, 4.361522368909483300 ) ) ;
#4017 = AXIS2_PLACEMENT_3D ( 'NONE', #4265, #3178, #345 ) ;
#4018 = SURFACE_STYLE_FILL_AREA ( #1462 ) ;
#4019 = EDGE_CURVE ( 'NONE', #3717, #3385, #4700, .T. ) ;
#4020 = DIRECTION ( 'NONE',  ( 0.0000000000000000000, -1.000000000000000000, 3.313312026148125800E-013 ) ) ;
#4021 = MECHANICAL_DESIGN_GEOMETRIC_PRESENTATION_REPRESENTATION (  '', ( #2782 ), #4279 ) ;
#4022 = ORIENTED_EDGE ( 'NONE', *, *, #1777, .F. ) ;
#4023 =( BOUNDED_SURFACE ( )  B_SPLINE_SURFACE ( 3, 3, ( 
 ( #3391, #109, #2670, #463 ),
 ( #3047, #818, #3409, #1200 ),
 ( #3776, #1577, #4144, #1955 ),
 ( #4541, #2312, #125, #2687 ) ),
 .UNSPECIFIED., .F., .F., .F. ) 
 B_SPLINE_SURFACE_WITH_KNOTS ( ( 4, 4 ),
 ( 4, 4 ),
 ( 0.2202340502735100300, 0.7797659497269909800 ),
 ( 0.0000000000000000000, 1.000000000000000000 ),
 .UNSPECIFIED. ) 
 GEOMETRIC_REPRESENTATION_ITEM ( )  RATIONAL_B_SPLINE_SURFACE ( (
 ( 0.7568186908799342500, 0.6090406492599383900, 0.6090406492599383900, 0.7568186908799342500),
 ( 0.6090406492600350900, 0.4901180651600378600, 0.4901180651600378600, 0.6090406492600350900),
 ( 0.6090406492601673200, 0.4901180651601442800, 0.4901180651601442800, 0.6090406492601673200),
 ( 0.7568186908803311600, 0.6090406492602578000, 0.6090406492602578000, 0.7568186908803311600) ) ) 
 REPRESENTATION_ITEM ( '' )  SURFACE ( )  );
#4024 = FILL_AREA_STYLE_COLOUR ( '', #1103 ) ;
#4025 = COLOUR_RGB ( '',0.1098039215686274500, 0.1098039215686274500, 0.1098039215686274500 ) ;
#4026 = B_SPLINE_CURVE_WITH_KNOTS ( 'NONE', 1,
 ( #3780, #1582 ),
 .UNSPECIFIED., .F., .F.,
 ( 2, 2 ),
 ( 0.0000000000000000000, 1.000000000000000000 ),
 .UNSPECIFIED. ) ;
#4027 = CARTESIAN_POINT ( 'NONE',  ( -32.89999999999999900, 33.77060601645994400, 5.599999999995954000 ) ) ;
#4028 = LINE ( 'NONE', #3342, #3909 ) ;
#4029 = DIRECTION ( 'NONE',  ( 0.0000000000000000000, 1.000000000000000000, 0.0000000000000000000 ) ) ;
#4030 = CARTESIAN_POINT ( 'NONE',  ( -0.3040217494064015900, 15.11695286001024600, 30.23390572002050500 ) ) ;
#4031 = UNCERTAINTY_MEASURE_WITH_UNIT (LENGTH_MEASURE( 1.000000000000000100E-005 ), #1787, 'distance_accuracy_value', 'NONE');
#4032 = MECHANICAL_DESIGN_GEOMETRIC_PRESENTATION_REPRESENTATION (  '', ( #3051 ), #4283 ) ;
#4033 = CARTESIAN_POINT ( 'NONE',  ( -1.517883041479706200E-015, -16.30043030335876600, -32.60086060671753200 ) ) ;
#4034 = FILL_AREA_STYLE_COLOUR ( '', #3239 ) ;
#4035 = ADVANCED_FACE ( 'NONE', ( #4589 ), #3965, .F. ) ;
#4036 = FACE_OUTER_BOUND ( 'NONE', #4704, .T. ) ;
#4037 = EDGE_CURVE ( 'NONE', #2313, #40, #2324, .T. ) ;
#4038 = AXIS2_PLACEMENT_3D ( 'NONE', #1350, #4674, #3923 ) ;
#4039 = SURFACE_SIDE_STYLE ('',( #4018 ) ) ;
#4040 = ORIENTED_EDGE ( 'NONE', *, *, #4076, .F. ) ;
#4041 = VECTOR ( 'NONE', #4543, 1000.000000000000000 ) ;
#4042 = CARTESIAN_POINT ( 'NONE',  ( -0.3040217494064015300, -15.11695286001025500, -1.851292793287297800E-015 ) ) ;
#4043 = DIRECTION ( 'NONE',  ( 1.000000000000000000, -0.0000000000000000000, -0.0000000000000000000 ) ) ;
#4044 =( GEOMETRIC_REPRESENTATION_CONTEXT ( 3 ) GLOBAL_UNCERTAINTY_ASSIGNED_CONTEXT ( ( #568 ) ) GLOBAL_UNIT_ASSIGNED_CONTEXT ( ( #3345, #1512, #2203 ) ) REPRESENTATION_CONTEXT ( 'NONE', 'WORKASPACE' ) );
#4045 =( NAMED_UNIT ( * ) PLANE_ANGLE_UNIT ( ) SI_UNIT ( $, .RADIAN. ) );
#4046 = SURFACE_STYLE_USAGE ( .BOTH. , #1473 ) ;
#4047 = ORIENTED_EDGE ( 'NONE', *, *, #922, .T. ) ;
#4048 = CARTESIAN_POINT ( 'NONE',  ( -36.71715728752414500, 36.18867965203743600, 5.099999999991124100 ) ) ;
#4049 = SURFACE_STYLE_FILL_AREA ( #226 ) ;
#4050 = CARTESIAN_POINT ( 'NONE',  ( 0.0000000000000000000, 0.0000000000000000000, 0.0000000000000000000 ) ) ;
#4051 = VERTEX_POINT ( 'NONE', #3610 ) ;
#4052 = UNCERTAINTY_MEASURE_WITH_UNIT (LENGTH_MEASURE( 1.000000000000000100E-005 ), #2048, 'distance_accuracy_value', 'NONE');
#4053 = STYLED_ITEM ( 'NONE', ( #229 ), #1429 ) ;
#4054 = VERTEX_POINT ( 'NONE', #4312 ) ;
#4055 = ADVANCED_FACE ( 'NONE', ( #4292 ), #3813, .T. ) ;
#4056 = DIRECTION ( 'NONE',  ( -1.000000000000000000, 0.0000000000000000000, 0.0000000000000000000 ) ) ;
#4057 = ORIENTED_EDGE ( 'NONE', *, *, #4462, .F. ) ;
#4058 = VECTOR ( 'NONE', #2094, 999.9999999999998900 ) ;
#4059 = EDGE_CURVE ( 'NONE', #2964, #2768, #37, .T. ) ;
#4060 = PRESENTATION_LAYER_ASSIGNMENT (  '', '', ( #4317 ) ) ;
#4061 = DIRECTION ( 'NONE',  ( 1.000000000000000000, 0.0000000000000000000, 0.0000000000000000000 ) ) ;
#4062 = VERTEX_POINT ( 'NONE', #2901 ) ;
#4063 = CARTESIAN_POINT ( 'NONE',  ( -50.00000000000000000, 13.91563060015608100, 9.764999999999986400 ) ) ;
#4064 =( NAMED_UNIT ( * ) SI_UNIT ( $, .STERADIAN. ) SOLID_ANGLE_UNIT ( ) );
#4065 = ORIENTED_EDGE ( 'NONE', *, *, #2636, .T. ) ;
#4066 = CARTESIAN_POINT ( 'NONE',  ( -5.999999999999998200, 31.94999999559994200, 9.999999999995953500 ) ) ;
#4067 = DIRECTION ( 'NONE',  ( 0.0000000000000000000, 0.0000000000000000000, -1.000000000000000000 ) ) ;
#4068 = ORIENTED_EDGE ( 'NONE', *, *, #3285, .F. ) ;
#4069 = ORIENTED_EDGE ( 'NONE', *, *, #2209, .F. ) ;
#4070 = PRESENTATION_STYLE_ASSIGNMENT (( #4461 ) ) ;
#4071 = DIRECTION ( 'NONE',  ( -1.000000000000000000, -0.0000000000000000000, -0.0000000000000000000 ) ) ;
#4072 = VERTEX_POINT ( 'NONE', #2527 ) ;
#4073 = SURFACE_STYLE_FILL_AREA ( #881 ) ;
#4074 = DIRECTION ( 'NONE',  ( 0.0000000000000000000, 0.0000000000000000000, -1.000000000000000000 ) ) ;
#4075 = PRESENTATION_LAYER_ASSIGNMENT (  '', '', ( #3816 ) ) ;
#4076 = EDGE_CURVE ( 'NONE', #543, #4062, #1875, .T. ) ;
#4077 = FILL_AREA_STYLE_COLOUR ( '', #1204 ) ;
#4078 = LINE ( 'NONE', #3363, #174 ) ;
#4079 = COLOUR_RGB ( '',0.0000000000000000000, 0.0000000000000000000, 0.0000000000000000000 ) ;
#4080 = SURFACE_STYLE_USAGE ( .BOTH. , #1509 ) ;
#4081 = TOROIDAL_SURFACE ( 'NONE', #751, 17.10000000000000100, 1.399999999999999900 ) ;
#4082 = STYLED_ITEM ( 'NONE', ( #3389 ), #1015 ) ;
#4083 = ORIENTED_EDGE ( 'NONE', *, *, #1011, .F. ) ;
#4084 = CARTESIAN_POINT ( 'NONE',  ( -50.00000000000000000, 2.265596578422603400E-015, -18.50000000000000000 ) ) ;
#4085 = LINE ( 'NONE', #3040, #1253 ) ;
#4086 = ORIENTED_EDGE ( 'NONE', *, *, #1608, .T. ) ;
#4087 = EDGE_CURVE ( 'NONE', #2406, #4563, #1340, .T. ) ;
#4088 = SURFACE_STYLE_USAGE ( .BOTH. , #1516 ) ;
#4089 = AXIS2_PLACEMENT_3D ( 'NONE', #2875, #661, #3245 ) ;
#4090 = CIRCLE ( 'NONE', #1275, 16.99999999999999600 ) ;
#4091 = FILL_AREA_STYLE_COLOUR ( '', #4079 ) ;
#4092 = CARTESIAN_POINT ( 'NONE',  ( -10.24999999999999500, 15.12448345784994100, -11.50000000000404800 ) ) ;
#4093 =( GEOMETRIC_REPRESENTATION_CONTEXT ( 3 ) GLOBAL_UNCERTAINTY_ASSIGNED_CONTEXT ( ( #1100 ) ) GLOBAL_UNIT_ASSIGNED_CONTEXT ( ( #2241, #44, #2607 ) ) REPRESENTATION_CONTEXT ( 'NONE', 'WORKASPACE' ) );
#4094 = PRESENTATION_STYLE_ASSIGNMENT (( #884 ) ) ;
#4095 = ORIENTED_EDGE ( 'NONE', *, *, #4574, .F. ) ;
#4096 = CARTESIAN_POINT ( 'NONE',  ( -50.00000000000000000, 0.0000000000000000000, 0.0000000000000000000 ) ) ;
#4097 = SURFACE_STYLE_FILL_AREA ( #3 ) ;
#4098 = EDGE_CURVE ( 'NONE', #1354, #3553, #4708, .T. ) ;
#4099 = STYLED_ITEM ( 'NONE', ( #1870 ), #4311 ) ;
#4100 = CARTESIAN_POINT ( 'NONE',  ( -36.79999999999999000, 36.60999999559964400, -4.361522368919274600 ) ) ;
#4101 = DIRECTION ( 'NONE',  ( 1.000000000000000000, 0.0000000000000000000, 0.0000000000000000000 ) ) ;
#4102 = ORIENTED_EDGE ( 'NONE', *, *, #252, .F. ) ;
#4103 = LINE ( 'NONE', #1021, #3985 ) ;
#4104 = CARTESIAN_POINT ( 'NONE',  ( -50.00000000000000000, 0.0000000000000000000, 0.0000000000000000000 ) ) ;
#4105 = CARTESIAN_POINT ( 'NONE',  ( -36.79999999999999700, 36.60999999559872700, 3.599999999995954400 ) ) ;
#4106 = CARTESIAN_POINT ( 'NONE',  ( -16.00000000000000000, 29.14999999559993400, 7.599999999995954900 ) ) ;
#4107 = VERTEX_POINT ( 'NONE', #2543 ) ;
#4108 = EDGE_LOOP ( 'NONE', ( #871, #1008 ) ) ;
#4109 = COLOUR_RGB ( '',0.7764705882352941300, 0.7568627450980391900, 0.7372549019607843600 ) ;
#4110 = SURFACE_SIDE_STYLE ('',( #1089 ) ) ;
#4111 = MECHANICAL_DESIGN_GEOMETRIC_PRESENTATION_REPRESENTATION (  '', ( #3120 ), #4370 ) ;
#4112 = CARTESIAN_POINT ( 'NONE',  ( 0.0000000000000000000, 16.30043030335877000, 0.0000000000000000000 ) ) ;
#4113 = EDGE_LOOP ( 'NONE', ( #1880, #2511 ) ) ;
#4114 = UNCERTAINTY_MEASURE_WITH_UNIT (LENGTH_MEASURE( 1.000000000000000100E-005 ), #4575, 'distance_accuracy_value', 'NONE');
#4115 = EDGE_CURVE ( 'NONE', #3534, #2797, #762, .T. ) ;
#4116 = DIRECTION ( 'NONE',  ( 0.0000000000000000000, 0.0000000000000000000, 1.000000000000000000 ) ) ;
#4117 = ORIENTED_EDGE ( 'NONE', *, *, #3714, .T. ) ;
#4118 = MANIFOLD_SURFACE_SHAPE_REPRESENTATION ( 'VGE37_19x50', ( #1195, #518 ), #3338 ) ;
#4119 = CARTESIAN_POINT ( 'NONE',  ( -2.700000000000008200, 1.420590287010929500E-015, -11.60000000000000000 ) ) ;
#4120 = ORIENTED_EDGE ( 'NONE', *, *, #2449, .T. ) ;
#4121 = ORIENTED_EDGE ( 'NONE', *, *, #3771, .T. ) ;
#4122 = COLOUR_RGB ( '',0.0000000000000000000, 0.0000000000000000000, 0.0000000000000000000 ) ;
#4123 =( GEOMETRIC_REPRESENTATION_CONTEXT ( 3 ) GLOBAL_UNCERTAINTY_ASSIGNED_CONTEXT ( ( #939 ) ) GLOBAL_UNIT_ASSIGNED_CONTEXT ( ( #1896, #4479, #2256 ) ) REPRESENTATION_CONTEXT ( 'NONE', 'WORKASPACE' ) );
#4124 = SURFACE_SIDE_STYLE ('',( #621 ) ) ;
#4125 = ORIENTED_EDGE ( 'NONE', *, *, #4462, .T. ) ;
#4126 = DIRECTION ( 'NONE',  ( -1.000000000000000000, -0.0000000000000000000, -0.0000000000000000000 ) ) ;
#4127 = ORIENTED_EDGE ( 'NONE', *, *, #4430, .F. ) ;
#4128 = SURFACE_STYLE_FILL_AREA ( #1343 ) ;
#4129 = PRESENTATION_LAYER_ASSIGNMENT (  '', '', ( #4386 ) ) ;
#4130 = DIRECTION ( 'NONE',  ( -1.000000000000000000, -0.0000000000000000000, -0.0000000000000000000 ) ) ;
#4131 = VECTOR ( 'NONE', #4336, 1000.000000000000000 ) ;
#4132 =( LENGTH_UNIT ( ) NAMED_UNIT ( * ) SI_UNIT ( .MILLI., .METRE. ) );
#4133 = STYLED_ITEM ( 'NONE', ( #138 ), #297 ) ;
#4134 = CARTESIAN_POINT ( 'NONE',  ( -0.05597972128391171000, 16.78820544843812700, 4.111924413171580500E-015 ) ) ;
#4135 = CARTESIAN_POINT ( 'NONE',  ( -36.79999999999999000, 33.68039618838994200, -4.046615916591203000E-012 ) ) ;
#4136 = PLANE ( 'NONE',  #2146 ) ;
#4137 =( NAMED_UNIT ( * ) SI_UNIT ( $, .STERADIAN. ) SOLID_ANGLE_UNIT ( ) );
#4138 = ORIENTED_EDGE ( 'NONE', *, *, #3714, .F. ) ;
#4139 = MECHANICAL_DESIGN_GEOMETRIC_PRESENTATION_REPRESENTATION (  '', ( #3656 ), #4404 ) ;
#4140 = COLOUR_RGB ( '',0.0000000000000000000, 0.0000000000000000000, 0.0000000000000000000 ) ;
#4141 = UNCERTAINTY_MEASURE_WITH_UNIT (LENGTH_MEASURE( 1.000000000000000100E-005 ), #3920, 'distance_accuracy_value', 'NONE');
#4142 = EDGE_CURVE ( 'NONE', #2505, #4168, #1753, .T. ) ;
#4143 = VECTOR ( 'NONE', #31, 1000.000000000000000 ) ;
#4144 = CARTESIAN_POINT ( 'NONE',  ( -36.71715728752536700, 36.80999999560008700, -4.478679656444065000 ) ) ;
#4145 = AXIS2_PLACEMENT_3D ( 'NONE', #3384, #786, #454 ) ;
#4146 = DIRECTION ( 'NONE',  ( -1.000000000000000000, -0.0000000000000000000, -0.0000000000000000000 ) ) ;
#4147 = FACE_OUTER_BOUND ( 'NONE', #2546, .T. ) ;
#4148 = FILL_AREA_STYLE_COLOUR ( '', #3639 ) ;
#4149 = CARTESIAN_POINT ( 'NONE',  ( -15.99999999999999300, 19.94999999559994200, 4.299999999995954200 ) ) ;
#4150 = PRESENTATION_STYLE_ASSIGNMENT (( #3383 ) ) ;
#4151 = CARTESIAN_POINT ( 'NONE',  ( -3.000000000000002700, 0.0000000000000000000, 0.0000000000000000000 ) ) ;
#4152 = CARTESIAN_POINT ( 'NONE',  ( -9.499999999999994700, 16.35549037725080300, 9.669432991424463000 ) ) ;
#4153 = CARTESIAN_POINT ( 'NONE',  ( -9.190991420085918400, 16.02346631680124400, -9.250838431364226000 ) ) ;
#4154 = AXIS2_PLACEMENT_3D ( 'NONE', #2390, #198, #2756 ) ;
#4155 = SURFACE_STYLE_FILL_AREA ( #3934 ) ;
#4156 = ORIENTED_EDGE ( 'NONE', *, *, #1522, .T. ) ;
#4157 = CARTESIAN_POINT ( 'NONE',  ( 0.0000000000000000000, 0.0000000000000000000, 0.0000000000000000000 ) ) ;
#4158 = ORIENTED_EDGE ( 'NONE', *, *, #3924, .T. ) ;
#4159 = SURFACE_STYLE_FILL_AREA ( #2499 ) ;
#4160 = AXIS2_PLACEMENT_3D ( 'NONE', #3828, #1625, #4198 ) ;
#4161 = SURFACE_SIDE_STYLE ('',( #551 ) ) ;
#4162 = ORIENTED_EDGE ( 'NONE', *, *, #4445, .F. ) ;
#4163 = SURFACE_STYLE_FILL_AREA ( #2885 ) ;
#4164 = SURFACE_SIDE_STYLE ('',( #4637 ) ) ;
#4165 = EDGE_CURVE ( 'NONE', #3473, #309, #3590, .T. ) ;
#4166 = DIRECTION ( 'NONE',  ( 0.0000000000000000000, 0.0000000000000000000, 1.000000000000000000 ) ) ;
#4167 = CARTESIAN_POINT ( 'NONE',  ( -16.00000000000000000, 24.24999999559993900, -4.300000000004046400 ) ) ;
#4168 = VERTEX_POINT ( 'NONE', #702 ) ;
#4169 =( BOUNDED_CURVE ( )  B_SPLINE_CURVE ( 3, ( #4338, #1755, #3300, #1087 ),
 .UNSPECIFIED., .F., .T. ) 
 B_SPLINE_CURVE_WITH_KNOTS ( ( 4, 4 ),
 ( 4.874788804553936900, 6.147311966420284400 ),
 .UNSPECIFIED. ) 
 CURVE ( )  GEOMETRIC_REPRESENTATION_ITEM ( )  RATIONAL_B_SPLINE_CURVE ( ( 1.000000000000000000, 0.8695484763729034400, 0.8695484763729034400, 1.000000000000000000 ) ) 
 REPRESENTATION_ITEM ( '' )  );
#4170 = STYLED_ITEM ( 'NONE', ( #4680 ), #926 ) ;
#4171 = LINE ( 'NONE', #246, #1223 ) ;
#4172 = CARTESIAN_POINT ( 'NONE',  ( -15.12229228395869600, 18.16864055490970400, -3.498603006147366300 ) ) ;
#4173 = PRESENTATION_STYLE_ASSIGNMENT (( #3893 ) ) ;
#4174 = ORIENTED_EDGE ( 'NONE', *, *, #3506, .F. ) ;
#4175 = EDGE_LOOP ( 'NONE', ( #934, #381, #4138, #1327 ) ) ;
#4176 = EDGE_CURVE ( 'NONE', #3654, #713, #3706, .T. ) ;
#4177 = PRESENTATION_LAYER_ASSIGNMENT (  '', '', ( #3444 ) ) ;
#4178 = ORIENTED_EDGE ( 'NONE', *, *, #4483, .T. ) ;
#4179 = ORIENTED_EDGE ( 'NONE', *, *, #2005, .T. ) ;
#4180 = VECTOR ( 'NONE', #2946, 1000.000000000000000 ) ;
#4181 = SURFACE_SIDE_STYLE ('',( #4569 ) ) ;
#4182 = CARTESIAN_POINT ( 'NONE',  ( -3.000000000000002700, 2.051283388571816900E-015, -16.75000000000000000 ) ) ;
#4183 = CARTESIAN_POINT ( 'NONE',  ( -3.000000000000002700, 0.0000000000000000000, 0.0000000000000000000 ) ) ;
#4184 = ORIENTED_EDGE ( 'NONE', *, *, #4591, .F. ) ;
#4185 = PRESENTATION_LAYER_ASSIGNMENT (  '', '', ( #4458 ) ) ;
#4186 = CARTESIAN_POINT ( 'NONE',  ( -22.44999999999999200, 34.98999999559993800, -4.046182235722208800E-012 ) ) ;
#4187 = DIRECTION ( 'NONE',  ( 0.0000000000000000000, 0.0000000000000000000, 1.000000000000000000 ) ) ;
#4188 = CARTESIAN_POINT ( 'NONE',  ( -15.12923186226119700, 18.17212225998150600, 3.480739799899689000 ) ) ;
#4189 = EDGE_CURVE ( 'NONE', #3995, #1116, #1633, .T. ) ;
#4190 = LINE ( 'NONE', #1486, #2243 ) ;
#4191 = AXIS2_PLACEMENT_3D ( 'NONE', #391, #1629, #3213 ) ;
#4192 = DIRECTION ( 'NONE',  ( -1.000000000000000000, -0.0000000000000000000, -0.0000000000000000000 ) ) ;
#4193 = DIRECTION ( 'NONE',  ( -1.000000000000000000, -0.0000000000000000000, -0.0000000000000000000 ) ) ;
#4194 = CARTESIAN_POINT ( 'NONE',  ( -22.16299999999999700, 34.98999999559993800, 4.147822377803953100 ) ) ;
#4195 =( LENGTH_UNIT ( ) NAMED_UNIT ( * ) SI_UNIT ( .MILLI., .METRE. ) );
#4196 = AXIS2_PLACEMENT_3D ( 'NONE', #3064, #4529, #1946 ) ;
#4197 = CARTESIAN_POINT ( 'NONE',  ( -1.517883041479706200E-015, -16.30043030335877000, -1.996226979573283700E-015 ) ) ;
#4198 = DIRECTION ( 'NONE',  ( 0.0000000000000000000, 0.0000000000000000000, 1.000000000000000000 ) ) ;
#4199 = FILL_AREA_STYLE ('',( #3463 ) ) ;
#4200 = ADVANCED_FACE ( 'NONE', ( #646 ), #2165, .T. ) ;
#4201 = CARTESIAN_POINT ( 'NONE',  ( -8.581352161919081600, 15.92064950931758300, 9.423111059090844700 ) ) ;
#4202 = EDGE_CURVE ( 'NONE', #3373, #3803, #3131, .T. ) ;
#4203 = PRESENTATION_LAYER_ASSIGNMENT (  '', '', ( #3960 ) ) ;
#4204 = CARTESIAN_POINT ( 'NONE',  ( -0.3040217494064031400, -17.13304713638766300, -2.098193133521788000E-015 ) ) ;
#4205 = COLOUR_RGB ( '',0.0000000000000000000, 0.0000000000000000000, 0.0000000000000000000 ) ;
#4206 = CIRCLE ( 'NONE', #87, 15.05000000000000100 ) ;
#4207 = EDGE_CURVE ( 'NONE', #2615, #1452, #1280, .T. ) ;
#4208 = CARTESIAN_POINT ( 'NONE',  ( 0.0000000000000000000, 0.0000000000000000000, 0.0000000000000000000 ) ) ;
#4209 = EDGE_LOOP ( 'NONE', ( #2778, #2798, #2100, #2262 ) ) ;
#4210 = PRESENTATION_LAYER_ASSIGNMENT (  '', '', ( #2994 ) ) ;
#4211 = PRESENTATION_STYLE_ASSIGNMENT (( #3711 ) ) ;
#4212 = CARTESIAN_POINT ( 'NONE',  ( -32.89999999999999900, 24.24999999559993900, -7.600000000004046200 ) ) ;
#4213 = DIRECTION ( 'NONE',  ( 0.0000000000000000000, -2.914335439641038400E-013, -1.000000000000000000 ) ) ;
#4214 = ORIENTED_EDGE ( 'NONE', *, *, #857, .T. ) ;
#4215 = FILL_AREA_STYLE ('',( #888 ) ) ;
#4216 = DIRECTION ( 'NONE',  ( 0.0000000000000000000, 0.0000000000000000000, 1.000000000000000000 ) ) ;
#4217 = STYLED_ITEM ( 'NONE', ( #3421 ), #3719 ) ;
#4218 = ORIENTED_EDGE ( 'NONE', *, *, #3849, .T. ) ;
#4219 =( NAMED_UNIT ( * ) SI_UNIT ( $, .STERADIAN. ) SOLID_ANGLE_UNIT ( ) );
#4220 =( NAMED_UNIT ( * ) PLANE_ANGLE_UNIT ( ) SI_UNIT ( $, .RADIAN. ) );
#4221 = EDGE_LOOP ( 'NONE', ( #4125, #1703, #1294, #4662 ) ) ;
#4222 = ORIENTED_EDGE ( 'NONE', *, *, #52, .T. ) ;
#4223 = AXIS2_PLACEMENT_3D ( 'NONE', #4647, #4260, #3884 ) ;
#4224 =( NAMED_UNIT ( * ) SI_UNIT ( $, .STERADIAN. ) SOLID_ANGLE_UNIT ( ) );
#4225 = CARTESIAN_POINT ( 'NONE',  ( -36.79999999999999000, 35.30999999559993800, -4.900000000004045100 ) ) ;
#4226 = ORIENTED_EDGE ( 'NONE', *, *, #4720, .T. ) ;
#4227 = CARTESIAN_POINT ( 'NONE',  ( -9.499999999999994700, 16.23490457501137000, -9.870555875809918300 ) ) ;
#4228 =( NAMED_UNIT ( * ) SI_UNIT ( $, .STERADIAN. ) SOLID_ANGLE_UNIT ( ) );
#4229 = PRESENTATION_STYLE_ASSIGNMENT (( #3079 ) ) ;
#4230 = EDGE_LOOP ( 'NONE', ( #3313, #726, #320, #825 ) ) ;
#4231 = CARTESIAN_POINT ( 'NONE',  ( -3.132743907023032700, 15.75264135113278000, -10.62379402035999100 ) ) ;
#4232 = AXIS2_PLACEMENT_3D ( 'NONE', #1336, #3918, #1450 ) ;
#4233 = DIRECTION ( 'NONE',  ( 0.0000000000000000000, 1.000000000000000000, 0.0000000000000000000 ) ) ;
#4234 = ORIENTED_EDGE ( 'NONE', *, *, #2089, .F. ) ;
#4235 = FACE_OUTER_BOUND ( 'NONE', #2059, .T. ) ;
#4236 = SURFACE_STYLE_FILL_AREA ( #2938 ) ;
#4237 = ORIENTED_EDGE ( 'NONE', *, *, #4315, .F. ) ;
#4238 = ADVANCED_FACE ( 'NONE', ( #205 ), #2666, .T. ) ;
#4239 = CARTESIAN_POINT ( 'NONE',  ( -8.673617379884035500E-016, 15.94956969303915400, -31.89913938607830000 ) ) ;
#4240 = SURFACE_STYLE_USAGE ( .BOTH. , #1665 ) ;
#4241 = OPEN_SHELL ( 'NONE', ( #1477, #1645, #2119, #3357, #4238, #782, #3938, #1798, #4605 ) ) ;
#4242 = COLOUR_RGB ( '',0.0000000000000000000, 0.0000000000000000000, 0.0000000000000000000 ) ;
#4243 = EDGE_CURVE ( 'NONE', #2970, #386, #3653, .T. ) ;
#4244 = DIRECTION ( 'NONE',  ( 1.000000000000000000, 0.0000000000000000000, 0.0000000000000000000 ) ) ;
#4245 = CARTESIAN_POINT ( 'NONE',  ( -2.999999999999995600, 16.15549441700340000, 9.999999999995914400 ) ) ;
#4246 = STYLED_ITEM ( 'NONE', ( #1439 ), #2144 ) ;
#4247 =( NAMED_UNIT ( * ) PLANE_ANGLE_UNIT ( ) SI_UNIT ( $, .RADIAN. ) );
#4248 =( LENGTH_UNIT ( ) NAMED_UNIT ( * ) SI_UNIT ( .MILLI., .METRE. ) );
#4249 = LINE ( 'NONE', #3954, #4131 ) ;
#4250 = PRESENTATION_LAYER_ASSIGNMENT (  '', '', ( #4518 ) ) ;
#4251 = DIRECTION ( 'NONE',  ( -1.000000000000000000, -0.0000000000000000000, -0.0000000000000000000 ) ) ;
#4252 = DIRECTION ( 'NONE',  ( 0.0000000000000000000, -1.000000000000000000, 0.0000000000000000000 ) ) ;
#4253 = SURFACE_SIDE_STYLE ('',( #2293 ) ) ;
#4254 = SURFACE_SIDE_STYLE ('',( #2489 ) ) ;
#4255 = CARTESIAN_POINT ( 'NONE',  ( 0.0000000000000000000, 25.00000000000000000, -9.765000000000000600 ) ) ;
#4256 = SURFACE_STYLE_FILL_AREA ( #4215 ) ;
#4257 = MECHANICAL_DESIGN_GEOMETRIC_PRESENTATION_REPRESENTATION (  '', ( #3274 ), #4522 ) ;
#4258 = DIRECTION ( 'NONE',  ( 1.000000000000000000, -0.0000000000000000000, -0.0000000000000000000 ) ) ;
#4259 = CARTESIAN_POINT ( 'NONE',  ( 0.0000000000000000000, 1.843093432716766700E-015, -15.05000000000000100 ) ) ;
#4260 = DIRECTION ( 'NONE',  ( 3.146782864602489200E-012, -1.000000000000000000, 5.280740285084326700E-015 ) ) ;
#4261 = UNCERTAINTY_MEASURE_WITH_UNIT (LENGTH_MEASURE( 1.000000000000000100E-005 ), #3851, 'distance_accuracy_value', 'NONE');
#4262 = FILL_AREA_STYLE_COLOUR ( '', #2882 ) ;
#4263 = LINE ( 'NONE', #4395, #2302 ) ;
#4264 = CARTESIAN_POINT ( 'NONE',  ( -36.79999999999999000, 35.14519809199494200, 4.899999999995953800 ) ) ;
#4265 = CARTESIAN_POINT ( 'NONE',  ( -36.44978058817999100, 33.12615898702993200, -5.096000000004045700 ) ) ;
#4266 = PLANE ( 'NONE',  #2387 ) ;
#4267 = PRESENTATION_LAYER_ASSIGNMENT (  '', '', ( #3764 ) ) ;
#4268 =( BOUNDED_CURVE ( )  B_SPLINE_CURVE ( 3, ( #4105, #4502, #3022, #794 ),
 .UNSPECIFIED., .F., .T. ) 
 B_SPLINE_CURVE_WITH_KNOTS ( ( 4, 4 ),
 ( 0.0000000000000000000, 1.000000000000000000 ),
 .UNSPECIFIED. ) 
 CURVE ( )  GEOMETRIC_REPRESENTATION_ITEM ( )  RATIONAL_B_SPLINE_CURVE ( ( 1.000000000000000000, 0.8047378541243764800, 0.8047378541243764800, 1.000000000000000000 ) ) 
 REPRESENTATION_ITEM ( '' )  );
#4269 =( NAMED_UNIT ( * ) PLANE_ANGLE_UNIT ( ) SI_UNIT ( $, .RADIAN. ) );
#4270 = SURFACE_STYLE_FILL_AREA ( #3326 ) ;
#4271 = DIRECTION ( 'NONE',  ( -0.9659258262886334400, 0.2588190451041433900, -0.0000000000000000000 ) ) ;
#4272 = CARTESIAN_POINT ( 'NONE',  ( 0.0000000000000000000, 1.457329690985350400E-015, 11.90000000000000000 ) ) ;
#4273 = CARTESIAN_POINT ( 'NONE',  ( -6.000000000551789700, 32.82867965204011500, -11.50000000000395200 ) ) ;
#4274 = CARTESIAN_POINT ( 'NONE',  ( -3.000000000000002700, 0.0000000000000000000, 0.0000000000000000000 ) ) ;
#4275 = PRESENTATION_STYLE_ASSIGNMENT (( #2345 ) ) ;
#4276 = CARTESIAN_POINT ( 'NONE',  ( -0.6470537028910734500, -17.19999999639792100, 34.39999999279582700 ) ) ;
#4277 = EDGE_CURVE ( 'NONE', #2509, #2615, #1811, .T. ) ;
#4278 = CIRCLE ( 'NONE', #1493, 9.500000000000000000 ) ;
#4279 =( GEOMETRIC_REPRESENTATION_CONTEXT ( 3 ) GLOBAL_UNCERTAINTY_ASSIGNED_CONTEXT ( ( #1188 ) ) GLOBAL_UNIT_ASSIGNED_CONTEXT ( ( #151, #2706, #502 ) ) REPRESENTATION_CONTEXT ( 'NONE', 'WORKASPACE' ) );
#4280 = DIRECTION ( 'NONE',  ( 0.0000000000000000000, 0.0000000000000000000, -1.000000000000000000 ) ) ;
#4281 = ORIENTED_EDGE ( 'NONE', *, *, #4019, .T. ) ;
#4282 = ADVANCED_FACE ( 'NONE', ( #811 ), #3189, .T. ) ;
#4283 =( GEOMETRIC_REPRESENTATION_CONTEXT ( 3 ) GLOBAL_UNCERTAINTY_ASSIGNED_CONTEXT ( ( #4551 ) ) GLOBAL_UNIT_ASSIGNED_CONTEXT ( ( #4195, #2006, #4593 ) ) REPRESENTATION_CONTEXT ( 'NONE', 'WORKASPACE' ) );
#4284 = SURFACE_SIDE_STYLE ('',( #3347 ) ) ;
#4285 = VERTEX_POINT ( 'NONE', #2158 ) ;
#4286 = ADVANCED_FACE ( 'NONE', ( #2214 ), #2518, .F. ) ;
#4287 =( NAMED_UNIT ( * ) SI_UNIT ( $, .STERADIAN. ) SOLID_ANGLE_UNIT ( ) );
#4288 = ORIENTED_EDGE ( 'NONE', *, *, #469, .T. ) ;
#4289 = CARTESIAN_POINT ( 'NONE',  ( -3.621320343559816900, 30.44999999512259900, -11.50000000000395200 ) ) ;
#4290 = EDGE_CURVE ( 'NONE', #3888, #1737, #3806, .T. ) ;
#4291 = FILL_AREA_STYLE_COLOUR ( '', #3072 ) ;
#4292 = FACE_OUTER_BOUND ( 'NONE', #1284, .T. ) ;
#4293 = MECHANICAL_DESIGN_GEOMETRIC_PRESENTATION_REPRESENTATION (  '', ( #3785 ), #4557 ) ;
#4294 = ORIENTED_EDGE ( 'NONE', *, *, #4748, .T. ) ;
#4295 =( NAMED_UNIT ( * ) PLANE_ANGLE_UNIT ( ) SI_UNIT ( $, .RADIAN. ) );
#4296 = SURFACE_SIDE_STYLE ('',( #3399 ) ) ;
#4297 = FACE_OUTER_BOUND ( 'NONE', #1623, .T. ) ;
#4298 = DIRECTION ( 'NONE',  ( -1.866151176857302800E-016, 2.480533965538923900E-013, -1.000000000000000000 ) ) ;
#4299 = VERTEX_POINT ( 'NONE', #313 ) ;
#4300 = CYLINDRICAL_SURFACE ( 'NONE', #4755, 1.499999999999999600 ) ;
#4301 = FILL_AREA_STYLE ('',( #3917 ) ) ;
#4302 =( LENGTH_UNIT ( ) NAMED_UNIT ( * ) SI_UNIT ( .MILLI., .METRE. ) );
#4303 = SURFACE_STYLE_USAGE ( .BOTH. , #3927 ) ;
#4304 = FACE_OUTER_BOUND ( 'NONE', #2179, .T. ) ;
#4305 = ORIENTED_EDGE ( 'NONE', *, *, #3578, .T. ) ;
#4306 = FILL_AREA_STYLE ('',( #4024 ) ) ;
#4307 = CARTESIAN_POINT ( 'NONE',  ( -4.073630587964735200, 15.16835124895643700, 11.44211303881438000 ) ) ;
#4308 = ORIENTED_EDGE ( 'NONE', *, *, #3958, .T. ) ;
#4309 =( NAMED_UNIT ( * ) SI_UNIT ( $, .STERADIAN. ) SOLID_ANGLE_UNIT ( ) );
#4310 = AXIS2_PLACEMENT_3D ( 'NONE', #4650, #2792, #581 ) ;
#4311 = ADVANCED_FACE ( 'NONE', ( #30 ), #523, .T. ) ;
#4312 = CARTESIAN_POINT ( 'NONE',  ( -16.00000000000000000, 31.94999999559994200, 11.49999999999595700 ) ) ;
#4313 = ORIENTED_EDGE ( 'NONE', *, *, #4165, .F. ) ;
#4314 = DIRECTION ( 'NONE',  ( 0.0000000000000000000, -1.000000000000000000, 0.0000000000000000000 ) ) ;
#4315 = EDGE_CURVE ( 'NONE', #2910, #235, #1519, .T. ) ;
#4316 = CARTESIAN_POINT ( 'NONE',  ( -36.60000000000000100, 33.68039618838994200, 4.899999999995954700 ) ) ;
#4317 = STYLED_ITEM ( 'NONE', ( #1495 ), #2464 ) ;
#4318 = LINE ( 'NONE', #696, #394 ) ;
#4319 = CARTESIAN_POINT ( 'NONE',  ( -36.19999999999998900, 33.68039618838994200, 4.899999999995955600 ) ) ;
#4320 = AXIS2_PLACEMENT_3D ( 'NONE', #1028, #3618, #1406 ) ;
#4321 = PRODUCT_CONTEXT ( 'NONE', #2830, 'mechanical' ) ;
#4322 = DIRECTION ( 'NONE',  ( -1.000000000000000000, -0.0000000000000000000, -0.0000000000000000000 ) ) ;
#4323 =( NAMED_UNIT ( * ) SI_UNIT ( $, .STERADIAN. ) SOLID_ANGLE_UNIT ( ) );
#4324 =( LENGTH_UNIT ( ) NAMED_UNIT ( * ) SI_UNIT ( .MILLI., .METRE. ) );
#4325 = CARTESIAN_POINT ( 'NONE',  ( -14.44906525048592100, 16.27691060933255300, -4.936525513357063100 ) ) ;
#4326 = FACE_OUTER_BOUND ( 'NONE', #82, .T. ) ;
#4327 = SURFACE_STYLE_USAGE ( .BOTH. , #1745 ) ;
#4328 = UNCERTAINTY_MEASURE_WITH_UNIT (LENGTH_MEASURE( 1.000000000000000100E-005 ), #3765, 'distance_accuracy_value', 'NONE');
#4329 = MECHANICAL_DESIGN_GEOMETRIC_PRESENTATION_REPRESENTATION (  '', ( #3816 ), #4590 ) ;
#4330 = DIRECTION ( 'NONE',  ( 1.000000000000000000, 0.0000000000000000000, 0.0000000000000000000 ) ) ;
#4331 = SURFACE_STYLE_USAGE ( .BOTH. , #882 ) ;
#4332 = EDGE_CURVE ( 'NONE', #2909, #4366, #4472, .T. ) ;
#4333 = DIRECTION ( 'NONE',  ( 0.0000000000000000000, 0.0000000000000000000, 1.000000000000000000 ) ) ;
#4334 = PRESENTATION_STYLE_ASSIGNMENT (( #3523 ) ) ;
#4335 = UNCERTAINTY_MEASURE_WITH_UNIT (LENGTH_MEASURE( 1.000000000000000100E-005 ), #4415, 'distance_accuracy_value', 'NONE');
#4336 = DIRECTION ( 'NONE',  ( 1.000000000000000000, -4.565061778886334800E-017, 0.0000000000000000000 ) ) ;
#4337 = VECTOR ( 'NONE', #909, 1000.000000000000000 ) ;
#4338 = CARTESIAN_POINT ( 'NONE',  ( 0.0000000000000000000, 16.30043030335877000, 0.0000000000000000000 ) ) ;
#4339 =( NAMED_UNIT ( * ) PLANE_ANGLE_UNIT ( ) SI_UNIT ( $, .RADIAN. ) );
#4340 = AXIS2_PLACEMENT_3D ( 'NONE', #1175, #49, #2653 ) ;
#4341 = ADVANCED_FACE ( 'NONE', ( #439 ), #1947, .F. ) ;
#4342 = ORIENTED_EDGE ( 'NONE', *, *, #1157, .F. ) ;
#4343 =( NAMED_UNIT ( * ) PLANE_ANGLE_UNIT ( ) SI_UNIT ( $, .RADIAN. ) );
#4344 = CARTESIAN_POINT ( 'NONE',  ( -36.79999999997475200, 33.39798546112288600, 5.017157287520910300 ) ) ;
#4345 = EDGE_CURVE ( 'NONE', #2731, #429, #2918, .T. ) ;
#4346 = ORIENTED_EDGE ( 'NONE', *, *, #1156, .F. ) ;
#4347 = STYLED_ITEM ( 'NONE', ( #1503 ), #1987 ) ;
#4348 = DIRECTION ( 'NONE',  ( -1.000000000000000000, 4.565061778886334800E-017, -0.0000000000000000000 ) ) ;
#4349 = DIRECTION ( 'NONE',  ( -1.000000000000000000, -0.0000000000000000000, -0.0000000000000000000 ) ) ;
#4350 = DIRECTION ( 'NONE',  ( -0.0000000000000000000, -0.0000000000000000000, -1.000000000000000000 ) ) ;
#4351 = ORIENTED_EDGE ( 'NONE', *, *, #2093, .T. ) ;
#4352 = SURFACE_STYLE_FILL_AREA ( #545 ) ;
#4353 = STYLED_ITEM ( 'NONE', ( #1649 ), #3223 ) ;
#4354 = ORIENTED_EDGE ( 'NONE', *, *, #3256, .T. ) ;
#4355 = PRESENTATION_STYLE_ASSIGNMENT (( #3649 ) ) ;
#4356 = CARTESIAN_POINT ( 'NONE',  ( -0.6470537028910733300, 15.05000000000000100, 0.0000000000000000000 ) ) ;
#4357 = DIRECTION ( 'NONE',  ( 1.000000000000000000, 0.0000000000000000000, 0.0000000000000000000 ) ) ;
#4358 = VERTEX_POINT ( 'NONE', #2954 ) ;
#4359 = PRESENTATION_LAYER_ASSIGNMENT (  '', '', ( #4099 ) ) ;
#4360 = CARTESIAN_POINT ( 'NONE',  ( -5.999999999999998200, 13.91563060015608100, -9.764999999999986400 ) ) ;
#4361 = LINE ( 'NONE', #1958, #3372 ) ;
#4362 = ORIENTED_EDGE ( 'NONE', *, *, #4473, .T. ) ;
#4363 = FILL_AREA_STYLE_COLOUR ( '', #2319 ) ;
#4364 = CARTESIAN_POINT ( 'NONE',  ( -0.3000000000000016500, 1.438959988998140000E-015, 11.60000000000000000 ) ) ;
#4365 = SURFACE_STYLE_USAGE ( .BOTH. , #1779 ) ;
#4366 = VERTEX_POINT ( 'NONE', #14 ) ;
#4367 = DIRECTION ( 'NONE',  ( -0.0000000000000000000, -1.000000000000000000, -0.0000000000000000000 ) ) ;
#4368 = SURFACE_SIDE_STYLE ('',( #195 ) ) ;
#4369 = UNCERTAINTY_MEASURE_WITH_UNIT (LENGTH_MEASURE( 1.000000000000000100E-005 ), #3582, 'distance_accuracy_value', 'NONE');
#4370 =( GEOMETRIC_REPRESENTATION_CONTEXT ( 3 ) GLOBAL_UNCERTAINTY_ASSIGNED_CONTEXT ( ( #1499 ) ) GLOBAL_UNIT_ASSIGNED_CONTEXT ( ( #735, #405, #2234 ) ) REPRESENTATION_CONTEXT ( 'NONE', 'WORKASPACE' ) );
#4371 = ORIENTED_EDGE ( 'NONE', *, *, #417, .F. ) ;
#4372 = CARTESIAN_POINT ( 'NONE',  ( -15.99999999999999300, 19.94999999559994200, -4.300000000004046400 ) ) ;
#4373 = COLOUR_RGB ( '',0.0000000000000000000, 0.0000000000000000000, 0.0000000000000000000 ) ;
#4374 = EDGE_CURVE ( 'NONE', #578, #3654, #4769, .T. ) ;
#4375 =( NAMED_UNIT ( * ) SI_UNIT ( $, .STERADIAN. ) SOLID_ANGLE_UNIT ( ) );
#4376 = AXIS2_PLACEMENT_3D ( 'NONE', #1992, #4577, #2352 ) ;
#4377 = DIRECTION ( 'NONE',  ( 0.0000000000000000000, 1.000000000000000000, 0.0000000000000000000 ) ) ;
#4378 = CARTESIAN_POINT ( 'NONE',  ( -3.166081300113025700, 15.69482162569587500, 10.71053781581539400 ) ) ;
#4379 = DIRECTION ( 'NONE',  ( 0.0000000000000000000, 1.000000000000000000, 0.0000000000000000000 ) ) ;
#4380 = LINE ( 'NONE', #4446, #555 ) ;
#4381 = CARTESIAN_POINT ( 'NONE',  ( -32.89999999999999900, 29.14999999559993800, -4.300000000004046400 ) ) ;
#4382 = DIRECTION ( 'NONE',  ( -1.000000000000000000, -0.0000000000000000000, -0.0000000000000000000 ) ) ;
#4383 = AXIS2_PLACEMENT_3D ( 'NONE', #792, #3379, #1168 ) ;
#4384 = COLOUR_RGB ( '',0.0000000000000000000, 0.0000000000000000000, 0.0000000000000000000 ) ;
#4385 = CIRCLE ( 'NONE', #3994, 4.300000000000001600 ) ;
#4386 = STYLED_ITEM ( 'NONE', ( #2046 ), #3938 ) ;
#4387 = ADVANCED_FACE ( 'NONE', ( #1070 ), #1476, .F. ) ;
#4388 = VECTOR ( 'NONE', #4764, 1000.000000000000000 ) ;
#4389 = CARTESIAN_POINT ( 'NONE',  ( -36.30352761804081000, 33.29402585787426700, -5.100000000004050600 ) ) ;
#4390 = DIRECTION ( 'NONE',  ( -0.0000000000000000000, -0.0000000000000000000, -1.000000000000000000 ) ) ;
#4391 = UNCERTAINTY_MEASURE_WITH_UNIT (LENGTH_MEASURE( 1.000000000000000100E-005 ), #3988, 'distance_accuracy_value', 'NONE');
#4392 = VECTOR ( 'NONE', #3882, 1000.000000000000000 ) ;
#4393 = CARTESIAN_POINT ( 'NONE',  ( -11.97229076099636400, 15.13522304054250800, 7.751491112734726100 ) ) ;
#4394 = SURFACE_STYLE_USAGE ( .BOTH. , #1814 ) ;
#4395 = CARTESIAN_POINT ( 'NONE',  ( -46.50000000000000000, 0.0000000000000000000, 16.75000000000000000 ) ) ;
#4396 = CARTESIAN_POINT ( 'NONE',  ( -0.05597972128390961400, 15.46179454795979800, 3.787047440446591900E-015 ) ) ;
#4397 = CARTESIAN_POINT ( 'NONE',  ( -46.50000000000000000, 0.0000000000000000000, 0.0000000000000000000 ) ) ;
#4398 = DIRECTION ( 'NONE',  ( 0.0000000000000000000, 0.0000000000000000000, 1.000000000000000000 ) ) ;
#4399 = COLOUR_RGB ( '',0.0000000000000000000, 0.0000000000000000000, 0.0000000000000000000 ) ;
#4400 = LINE ( 'NONE', #2632, #1448 ) ;
#4401 = CARTESIAN_POINT ( 'NONE',  ( -15.66199999999999500, 29.24799999559994000, -8.600000000004048000 ) ) ;
#4402 = VERTEX_POINT ( 'NONE', #1133 ) ;
#4403 = VECTOR ( 'NONE', #1309, 1000.000000000000000 ) ;
#4404 =( GEOMETRIC_REPRESENTATION_CONTEXT ( 3 ) GLOBAL_UNCERTAINTY_ASSIGNED_CONTEXT ( ( #886 ) ) GLOBAL_UNIT_ASSIGNED_CONTEXT ( ( #4001, #2681, #3248 ) ) REPRESENTATION_CONTEXT ( 'NONE', 'WORKASPACE' ) );
#4405 = CARTESIAN_POINT ( 'NONE',  ( -22.44999999999999900, 34.98999999559993800, 4.049999999995953300 ) ) ;
#4406 = ORIENTED_EDGE ( 'NONE', *, *, #1749, .T. ) ;
#4407 = COLOUR_RGB ( '',0.0000000000000000000, 0.0000000000000000000, 0.0000000000000000000 ) ;
#4408 = PRODUCT ( 'VGE37_19x50', 'VGE37_19x50', '', ( #3572 ) ) ;
#4409 = EDGE_CURVE ( 'NONE', #4535, #1292, #3433, .T. ) ;
#4410 = AXIS2_PLACEMENT_3D ( 'NONE', #4167, #1976, #4566 ) ;
#4411 = DIRECTION ( 'NONE',  ( 1.000000000000000000, -0.0000000000000000000, -0.0000000000000000000 ) ) ;
#4412 = ORIENTED_EDGE ( 'NONE', *, *, #1860, .T. ) ;
#4413 = COLOUR_RGB ( '',0.0000000000000000000, 0.0000000000000000000, 0.0000000000000000000 ) ;
#4414 = CARTESIAN_POINT ( 'NONE',  ( -4.500000000000323300, 30.44999999559984300, 11.49999999999595200 ) ) ;
#4415 =( LENGTH_UNIT ( ) NAMED_UNIT ( * ) SI_UNIT ( .MILLI., .METRE. ) );
#4416 = VERTEX_POINT ( 'NONE', #1883 ) ;
#4417 = ORIENTED_EDGE ( 'NONE', *, *, #4663, .F. ) ;
#4418 = PRESENTATION_LAYER_ASSIGNMENT (  '', '', ( #3907 ) ) ;
#4419 = ORIENTED_EDGE ( 'NONE', *, *, #530, .T. ) ;
#4420 = CARTESIAN_POINT ( 'NONE',  ( -2.999999999999995600, 16.35549037725101200, 9.669432991423986900 ) ) ;
#4421 = ORIENTED_EDGE ( 'NONE', *, *, #2209, .T. ) ;
#4422 =( LENGTH_UNIT ( ) NAMED_UNIT ( * ) SI_UNIT ( .MILLI., .METRE. ) );
#4423 =( NAMED_UNIT ( * ) SI_UNIT ( $, .STERADIAN. ) SOLID_ANGLE_UNIT ( ) );
#4424 = COLOUR_RGB ( '',0.0000000000000000000, 0.0000000000000000000, 0.0000000000000000000 ) ;
#4425 = EDGE_LOOP ( 'NONE', ( #4465, #3152, #3811, #548, #1356, #2269, #3037, #1830 ) ) ;
#4426 = CARTESIAN_POINT ( 'NONE',  ( 0.0000000000000000000, 0.0000000000000000000, 0.0000000000000000000 ) ) ;
#4427 = AXIS2_PLACEMENT_3D ( 'NONE', #3843, #1642, #4213 ) ;
#4428 = ORIENTED_EDGE ( 'NONE', *, *, #1205, .T. ) ;
#4429 = ORIENTED_EDGE ( 'NONE', *, *, #4537, .F. ) ;
#4430 = EDGE_CURVE ( 'NONE', #3655, #2353, #3402, .T. ) ;
#4431 = LINE ( 'NONE', #2487, #2454 ) ;
#4432 = CARTESIAN_POINT ( 'NONE',  ( -24.44999999999999900, 29.14999999559993400, 7.599999999995954000 ) ) ;
#4433 =( NAMED_UNIT ( * ) PLANE_ANGLE_UNIT ( ) SI_UNIT ( $, .RADIAN. ) );
#4434 = SURFACE_STYLE_USAGE ( .BOTH. , #15 ) ;
#4435 = DIRECTION ( 'NONE',  ( -1.000000000000000000, -0.0000000000000000000, -0.0000000000000000000 ) ) ;
#4436 =( NAMED_UNIT ( * ) PLANE_ANGLE_UNIT ( ) SI_UNIT ( $, .RADIAN. ) );
#4437 = VERTEX_POINT ( 'NONE', #4466 ) ;
#4438 = PRESENTATION_STYLE_ASSIGNMENT (( #1276 ) ) ;
#4439 =( NAMED_UNIT ( * ) SI_UNIT ( $, .STERADIAN. ) SOLID_ANGLE_UNIT ( ) );
#4440 = ADVANCED_FACE ( 'NONE', ( #4304 ), #3703, .T. ) ;
#4441 = AXIS2_PLACEMENT_3D ( 'NONE', #4194, #1620, #896 ) ;
#4442 = VECTOR ( 'NONE', #746, 1000.000000000000000 ) ;
#4443 = DIRECTION ( 'NONE',  ( 0.0000000000000000000, 0.0000000000000000000, 1.000000000000000000 ) ) ;
#4444 = VECTOR ( 'NONE', #3865, 1000.000000000000000 ) ;
#4445 = EDGE_CURVE ( 'NONE', #40, #103, #3947, .T. ) ;
#4446 = CARTESIAN_POINT ( 'NONE',  ( -2.700000000000008200, 1.420590287010929500E-015, -11.60000000000000000 ) ) ;
#4447 = CARTESIAN_POINT ( 'NONE',  ( -2.700000000000008200, 0.0000000000000000000, 11.60000000000000000 ) ) ;
#4448 = MECHANICAL_DESIGN_GEOMETRIC_PRESENTATION_REPRESENTATION (  '', ( #3444 ), #4690 ) ;
#4449 = COLOUR_RGB ( '',0.7764705882352941300, 0.7568627450980391900, 0.7372549019607843600 ) ;
#4450 = CARTESIAN_POINT ( 'NONE',  ( -36.79999999999999000, 36.07152236451469200, -4.900000000004030000 ) ) ;
#4451 = FILL_AREA_STYLE_COLOUR ( '', #2201 ) ;
#4452 = PLANE ( 'NONE',  #2055 ) ;
#4453 = DIRECTION ( 'NONE',  ( -1.000000000000000000, 0.0000000000000000000, 0.0000000000000000000 ) ) ;
#4454 = SURFACE_SIDE_STYLE ('',( #936 ) ) ;
#4455 = COLOUR_RGB ( '',0.0000000000000000000, 0.0000000000000000000, 0.0000000000000000000 ) ;
#4456 = DIRECTION ( 'NONE',  ( -1.000000000000000000, -0.0000000000000000000, -0.0000000000000000000 ) ) ;
#4457 = DIRECTION ( 'NONE',  ( 0.0000000000000000000, 0.0000000000000000000, 1.000000000000000000 ) ) ;
#4458 = STYLED_ITEM ( 'NONE', ( #3153 ), #2983 ) ;
#4459 = DIRECTION ( 'NONE',  ( -1.000000000000000000, -0.0000000000000000000, -0.0000000000000000000 ) ) ;
#4460 = SURFACE_STYLE_FILL_AREA ( #3978 ) ;
#4461 = SURFACE_STYLE_USAGE ( .BOTH. , #1872 ) ;
#4462 = EDGE_CURVE ( 'NONE', #1459, #3268, #4268, .T. ) ;
#4463 = AXIS2_PLACEMENT_3D ( 'NONE', #1845, #1829, #1485 ) ;
#4464 = ADVANCED_FACE ( 'NONE', ( #1129 ), #1541, .T. ) ;
#4465 = ORIENTED_EDGE ( 'NONE', *, *, #301, .T. ) ;
#4466 = CARTESIAN_POINT ( 'NONE',  ( 0.0000000000000000000, 15.94956969303915400, 0.0000000000000000000 ) ) ;
#4467 =( NAMED_UNIT ( * ) PLANE_ANGLE_UNIT ( ) SI_UNIT ( $, .RADIAN. ) );
#4468 = AXIS2_PLACEMENT_3D ( 'NONE', #3760, #1192, #3039 ) ;
#4469 = SURFACE_STYLE_USAGE ( .BOTH. , #1887 ) ;
#4470 = PRESENTATION_STYLE_ASSIGNMENT (( #964 ) ) ;
#4471 = ORIENTED_EDGE ( 'NONE', *, *, #2993, .F. ) ;
#4472 = LINE ( 'NONE', #1080, #2397 ) ;
#4473 = EDGE_CURVE ( 'NONE', #386, #2682, #2627, .T. ) ;
#4474 = CARTESIAN_POINT ( 'NONE',  ( -36.79999999999999000, 34.98999999559993800, -4.050000000004045500 ) ) ;
#4475 = ORIENTED_EDGE ( 'NONE', *, *, #990, .T. ) ;
#4476 = MECHANICAL_DESIGN_GEOMETRIC_PRESENTATION_REPRESENTATION (  '', ( #3960 ), #4721 ) ;
#4477 = LINE ( 'NONE', #3054, #2495 ) ;
#4478 = COLOUR_RGB ( '',0.0000000000000000000, 0.0000000000000000000, 0.0000000000000000000 ) ;
#4479 =( NAMED_UNIT ( * ) PLANE_ANGLE_UNIT ( ) SI_UNIT ( $, .RADIAN. ) );
#4480 = ORIENTED_EDGE ( 'NONE', *, *, #469, .F. ) ;
#4481 = DIRECTION ( 'NONE',  ( 1.000000000000000000, 0.0000000000000000000, 0.0000000000000000000 ) ) ;
#4482 = VECTOR ( 'NONE', #4367, 1000.000000000000000 ) ;
#4483 = EDGE_CURVE ( 'NONE', #2176, #379, #659, .T. ) ;
#4484 = MECHANICAL_DESIGN_GEOMETRIC_PRESENTATION_REPRESENTATION (  '', ( #2994 ), #4728 ) ;
#4485 = SURFACE_STYLE_FILL_AREA ( #963 ) ;
#4486 = SURFACE_SIDE_STYLE ('',( #600 ) ) ;
#4487 = VERTEX_POINT ( 'NONE', #2303 ) ;
#4488 = ORIENTED_EDGE ( 'NONE', *, *, #2727, .F. ) ;
#4489 = SURFACE_STYLE_FILL_AREA ( #3491 ) ;
#4490 = CARTESIAN_POINT ( 'NONE',  ( -34.57588190807999200, 32.83110458508494400, -5.100000000004046200 ) ) ;
#4491 = VECTOR ( 'NONE', #114, 1000.000000000000000 ) ;
#4492 = ORIENTED_EDGE ( 'NONE', *, *, #2187, .T. ) ;
#4493 =( BOUNDED_SURFACE ( )  B_SPLINE_SURFACE ( 3, 3, ( 
 ( #898, #2680, #21, #3415 ),
 ( #4661, #240, #3894, #2550 ),
 ( #2380, #214, #3832, #3617 ),
 ( #1237, #4239, #4763, #3607 ) ),
 .UNSPECIFIED., .F., .F., .T. ) 
 B_SPLINE_SURFACE_WITH_KNOTS ( ( 4, 4 ),
 ( 4, 4 ),
 ( 0.0000000000000000000, 1.000000000000000000 ),
 ( 0.0000000000000000000, 1.000000000000000000 ),
 .UNSPECIFIED. ) 
 GEOMETRIC_REPRESENTATION_ITEM ( )  RATIONAL_B_SPLINE_SURFACE ( (
 ( 1.000000000000000000, 0.3333333333333334300, 0.3333333333333334300, 1.000000000000000000),
 ( 0.8695484763729025600, 0.2898494921243009400, 0.2898494921243009400, 0.8695484763729025600),
 ( 0.8695484763729025600, 0.2898494921243009400, 0.2898494921243009400, 0.8695484763729025600),
 ( 1.000000000000000000, 0.3333333333333334300, 0.3333333333333334300, 1.000000000000000000) ) ) 
 REPRESENTATION_ITEM ( '' )  SURFACE ( )  );
#4494 = EDGE_LOOP ( 'NONE', ( #1478, #2648, #3129, #2917 ) ) ;
#4495 = PRESENTATION_LAYER_ASSIGNMENT (  '', '', ( #4217 ) ) ;
#4496 = FILL_AREA_STYLE_COLOUR ( '', #2629 ) ;
#4497 = ORIENTED_EDGE ( 'NONE', *, *, #831, .T. ) ;
#4498 = FILL_AREA_STYLE_COLOUR ( '', #1898 ) ;
#4499 =( LENGTH_UNIT ( ) NAMED_UNIT ( * ) SI_UNIT ( .MILLI., .METRE. ) );
#4500 = STYLED_ITEM ( 'NONE', ( #1518 ), #150 ) ;
#4501 = SURFACE_SIDE_STYLE ('',( #2760 ) ) ;
#4502 = CARTESIAN_POINT ( 'NONE',  ( -36.80000000000001100, 36.60999999559750500, 4.361522368909478900 ) ) ;
#4503 =( LENGTH_UNIT ( ) NAMED_UNIT ( * ) SI_UNIT ( .MILLI., .METRE. ) );
#4504 = CARTESIAN_POINT ( 'NONE',  ( -3.000000000000002700, 0.0000000000000000000, 0.0000000000000000000 ) ) ;
#4505 = PRESENTATION_STYLE_ASSIGNMENT (( #1418 ) ) ;
#4506 = ORIENTED_EDGE ( 'NONE', *, *, #4687, .T. ) ;
#4507 = PLANE ( 'NONE',  #3269 ) ;
#4508 = SURFACE_STYLE_FILL_AREA ( #3761 ) ;
#4509 = EDGE_CURVE ( 'NONE', #482, #2731, #1643, .T. ) ;
#4510 = CARTESIAN_POINT ( 'NONE',  ( -32.89999999999999100, 33.84602668839994500, -5.100000000004046200 ) ) ;
#4511 = PRESENTATION_LAYER_ASSIGNMENT (  '', '', ( #4246 ) ) ;
#4512 = DIRECTION ( 'NONE',  ( -1.000000000000000000, 0.0000000000000000000, -0.0000000000000000000 ) ) ;
#4513 = CARTESIAN_POINT ( 'NONE',  ( -5.999999999999991100, 30.44999999559994200, -10.00000000000404300 ) ) ;
#4514 = VECTOR ( 'NONE', #1112, 1000.000000000000000 ) ;
#4515 = SURFACE_SIDE_STYLE ('',( #165 ) ) ;
#4516 =( LENGTH_UNIT ( ) NAMED_UNIT ( * ) SI_UNIT ( .MILLI., .METRE. ) );
#4517 = CARTESIAN_POINT ( 'NONE',  ( -46.50000000000000000, 1.163414459189985500E-015, -9.500000000000000000 ) ) ;
#4518 = STYLED_ITEM ( 'NONE', ( #3770 ), #3276 ) ;
#4519 =( BOUNDED_CURVE ( )  B_SPLINE_CURVE ( 3, ( #770, #2997, #3726, #1525 ),
 .UNSPECIFIED., .F., .T. ) 
 B_SPLINE_CURVE_WITH_KNOTS ( ( 4, 4 ),
 ( 0.0000000000000000000, 1.000000000000000000 ),
 .UNSPECIFIED. ) 
 CURVE ( )  GEOMETRIC_REPRESENTATION_ITEM ( )  RATIONAL_B_SPLINE_CURVE ( ( 1.000000000000000000, 0.8047415824086778800, 0.8047415824086778800, 1.000000000000000000 ) ) 
 REPRESENTATION_ITEM ( '' )  );
#4520 = VECTOR ( 'NONE', #3710, 1000.000000000000000 ) ;
#4521 = FILL_AREA_STYLE ('',( #2651 ) ) ;
#4522 =( GEOMETRIC_REPRESENTATION_CONTEXT ( 3 ) GLOBAL_UNCERTAINTY_ASSIGNED_CONTEXT ( ( #1690 ) ) GLOBAL_UNIT_ASSIGNED_CONTEXT ( ( #67, #2631, #418 ) ) REPRESENTATION_CONTEXT ( 'NONE', 'WORKASPACE' ) );
#4523 = CIRCLE ( 'NONE', #3715, 17.19999999639791700 ) ;
#4524 =( NAMED_UNIT ( * ) SI_UNIT ( $, .STERADIAN. ) SOLID_ANGLE_UNIT ( ) );
#4525 = ORIENTED_EDGE ( 'NONE', *, *, #1372, .F. ) ;
#4526 = PLANE ( 'NONE',  #4340 ) ;
#4527 = CIRCLE ( 'NONE', #2905, 9.500000000000000000 ) ;
#4528 = SURFACE_STYLE_USAGE ( .BOTH. , #1453 ) ;
#4529 = DIRECTION ( 'NONE',  ( -1.000000000000000000, -0.0000000000000000000, -0.0000000000000000000 ) ) ;
#4530 = ORIENTED_EDGE ( 'NONE', *, *, #2947, .F. ) ;
#4531 = VECTOR ( 'NONE', #2763, 1000.000000000000000 ) ;
#4532 = PRESENTATION_STYLE_ASSIGNMENT (( #3244 ) ) ;
#4533 = MECHANICAL_DESIGN_GEOMETRIC_PRESENTATION_REPRESENTATION (  '', ( #3764 ), #4771 ) ;
#4534 = DIRECTION ( 'NONE',  ( 0.0000000000000000000, 1.000000000000000000, 0.0000000000000000000 ) ) ;
#4535 = VERTEX_POINT ( 'NONE', #1202 ) ;
#4536 = CIRCLE ( 'NONE', #3486, 1.500000000000003100 ) ;
#4537 = EDGE_CURVE ( 'NONE', #3754, #2500, #4026, .T. ) ;
#4538 = DIRECTION ( 'NONE',  ( -0.0000000000000000000, 1.000000000000000000, -5.782411586589357600E-016 ) ) ;
#4539 = VERTEX_POINT ( 'NONE', #824 ) ;
#4540 = CYLINDRICAL_SURFACE ( 'NONE', #837, 15.05000000000000100 ) ;
#4541 = CARTESIAN_POINT ( 'NONE',  ( -36.60000000000000900, 35.30999999560031500, -5.100000000004024000 ) ) ;
#4542 = FILL_AREA_STYLE_COLOUR ( '', #4025 ) ;
#4543 = DIRECTION ( 'NONE',  ( -0.0000000000000000000, -1.000000000000000000, -0.0000000000000000000 ) ) ;
#4544 = ORIENTED_EDGE ( 'NONE', *, *, #84, .T. ) ;
#4545 = DIRECTION ( 'NONE',  ( 0.0000000000000000000, 1.000000000000000000, 0.0000000000000000000 ) ) ;
#4546 = AXIS2_PLACEMENT_3D ( 'NONE', #2746, #536, #3118 ) ;
#4547 = CARTESIAN_POINT ( 'NONE',  ( -50.00000000000000000, 0.0000000000000000000, 9.500000000000000000 ) ) ;
#4548 = DIRECTION ( 'NONE',  ( 0.0000000000000000000, 0.0000000000000000000, 1.000000000000000000 ) ) ;
#4549 = ORIENTED_EDGE ( 'NONE', *, *, #4607, .F. ) ;
#4550 = CARTESIAN_POINT ( 'NONE',  ( -50.00000000000000000, 13.91563060015608100, -9.764999999999986400 ) ) ;
#4551 = UNCERTAINTY_MEASURE_WITH_UNIT (LENGTH_MEASURE( 1.000000000000000100E-005 ), #4195, 'distance_accuracy_value', 'NONE');
#4552 = VERTEX_POINT ( 'NONE', #4149 ) ;
#4553 =( NAMED_UNIT ( * ) SI_UNIT ( $, .STERADIAN. ) SOLID_ANGLE_UNIT ( ) );
#4554 = CARTESIAN_POINT ( 'NONE',  ( -10.91979755174443600, 16.45760836624708300, -8.458793826916501500 ) ) ;
#4555 = ORIENTED_EDGE ( 'NONE', *, *, #2610, .F. ) ;
#4556 = EDGE_CURVE ( 'NONE', #578, #3473, #4361, .T. ) ;
#4557 =( GEOMETRIC_REPRESENTATION_CONTEXT ( 3 ) GLOBAL_UNCERTAINTY_ASSIGNED_CONTEXT ( ( #473 ) ) GLOBAL_UNIT_ASSIGNED_CONTEXT ( ( #4324, #2122, #4707 ) ) REPRESENTATION_CONTEXT ( 'NONE', 'WORKASPACE' ) );
#4558 = ORIENTED_EDGE ( 'NONE', *, *, #3532, .T. ) ;
#4559 = SURFACE_STYLE_FILL_AREA ( #900 ) ;
#4560 = DIRECTION ( 'NONE',  ( 0.0000000000000000000, -1.156482317317871700E-015, -1.000000000000000000 ) ) ;
#4561 =( LENGTH_UNIT ( ) NAMED_UNIT ( * ) SI_UNIT ( .MILLI., .METRE. ) );
#4562 = SURFACE_STYLE_FILL_AREA ( #3718 ) ;
#4563 = VERTEX_POINT ( 'NONE', #2316 ) ;
#4564 = AXIS2_PLACEMENT_3D ( 'NONE', #1868, #4459, #2981 ) ;
#4565 = CARTESIAN_POINT ( 'NONE',  ( -22.44999999999999900, 33.77060601645994400, -5.600000000004046200 ) ) ;
#4566 = DIRECTION ( 'NONE',  ( 0.0000000000000000000, -1.000000000000000000, -7.885106708985485100E-016 ) ) ;
#4567 = DIRECTION ( 'NONE',  ( -0.0000000000000000000, -0.0000000000000000000, -1.000000000000000000 ) ) ;
#4568 = CARTESIAN_POINT ( 'NONE',  ( -15.42417786607193300, 18.32220247997412300, -2.577840569227066100 ) ) ;
#4569 = SURFACE_STYLE_FILL_AREA ( #567 ) ;
#4570 = PRESENTATION_LAYER_ASSIGNMENT (  '', '', ( #4053 ) ) ;
#4571 = CARTESIAN_POINT ( 'NONE',  ( -16.00000000000000000, 31.94999999559994200, 9.999999999995953500 ) ) ;
#4572 = SURFACE_SIDE_STYLE ('',( #346 ) ) ;
#4573 = FACE_OUTER_BOUND ( 'NONE', #3948, .T. ) ;
#4574 = EDGE_CURVE ( 'NONE', #1217, #4051, #2508, .T. ) ;
#4575 =( LENGTH_UNIT ( ) NAMED_UNIT ( * ) SI_UNIT ( .MILLI., .METRE. ) );
#4576 = AXIS2_PLACEMENT_3D ( 'NONE', #3895, #4252, #1688 ) ;
#4577 = DIRECTION ( 'NONE',  ( 1.000000000000000000, 0.0000000000000000000, 0.0000000000000000000 ) ) ;
#4578 = CARTESIAN_POINT ( 'NONE',  ( -6.000000000929498300, 33.44999999559993900, 9.999999999995949900 ) ) ;
#4579 = PRESENTATION_STYLE_ASSIGNMENT (( #4303 ) ) ;
#4580 = CARTESIAN_POINT ( 'NONE',  ( -0.6470537028910733300, -15.05000000000000100, -1.898176189976284800E-015 ) ) ;
#4581 = CARTESIAN_POINT ( 'NONE',  ( -14.45475043706659900, 17.84037609198463400, 4.926734128277342300 ) ) ;
#4582 = AXIS2_PLACEMENT_3D ( 'NONE', #3598, #1390, #3967 ) ;
#4583 = VERTEX_POINT ( 'NONE', #476 ) ;
#4584 = CIRCLE ( 'NONE', #1322, 18.50000000000000000 ) ;
#4585 = ORIENTED_EDGE ( 'NONE', *, *, #1903, .F. ) ;
#4586 =( BOUNDED_CURVE ( )  B_SPLINE_CURVE ( 3, ( #1892, #1224, #731, #3880 ),
 .UNSPECIFIED., .F., .F. ) 
 B_SPLINE_CURVE_WITH_KNOTS ( ( 4, 4 ),
 ( 1.570796326833438800, 3.141592648834266500 ),
 .UNSPECIFIED. ) 
 CURVE ( )  GEOMETRIC_REPRESENTATION_ITEM ( )  RATIONAL_B_SPLINE_CURVE ( ( 1.000000000000000000, 0.8047378552543378300, 0.8047378552543378300, 1.000000000000000000 ) ) 
 REPRESENTATION_ITEM ( '' )  );
#4587 = FILL_AREA_STYLE ('',( #2707 ) ) ;
#4588 = VERTEX_POINT ( 'NONE', #3063 ) ;
#4589 = FACE_OUTER_BOUND ( 'NONE', #3053, .T. ) ;
#4590 =( GEOMETRIC_REPRESENTATION_CONTEXT ( 3 ) GLOBAL_UNCERTAINTY_ASSIGNED_CONTEXT ( ( #4141 ) ) GLOBAL_UNIT_ASSIGNED_CONTEXT ( ( #3920, #1724, #4309 ) ) REPRESENTATION_CONTEXT ( 'NONE', 'WORKASPACE' ) );
#4591 = EDGE_CURVE ( 'NONE', #3434, #4072, #2391, .T. ) ;
#4592 =( NAMED_UNIT ( * ) PLANE_ANGLE_UNIT ( ) SI_UNIT ( $, .RADIAN. ) );
#4593 =( NAMED_UNIT ( * ) SI_UNIT ( $, .STERADIAN. ) SOLID_ANGLE_UNIT ( ) );
#4594 = CARTESIAN_POINT ( 'NONE',  ( -32.89999999999999100, 20.94999999559993100, -4.046615916591203000E-012 ) ) ;
#4595 =( NAMED_UNIT ( * ) SI_UNIT ( $, .STERADIAN. ) SOLID_ANGLE_UNIT ( ) );
#4596 = ORIENTED_EDGE ( 'NONE', *, *, #4290, .T. ) ;
#4597 = VECTOR ( 'NONE', #3289, 1000.000000000000000 ) ;
#4598 =( LENGTH_UNIT ( ) NAMED_UNIT ( * ) SI_UNIT ( .MILLI., .METRE. ) );
#4599 = DIRECTION ( 'NONE',  ( 0.0000000000000000000, -1.000000000000000000, 0.0000000000000000000 ) ) ;
#4600 = SURFACE_STYLE_USAGE ( .BOTH. , #2011 ) ;
#4601 = ORIENTED_EDGE ( 'NONE', *, *, #841, .F. ) ;
#4602 = PRESENTATION_LAYER_ASSIGNMENT (  '', '', ( #4082 ) ) ;
#4603 = LINE ( 'NONE', #2145, #1118 ) ;
#4604 = CARTESIAN_POINT ( 'NONE',  ( -7.307569690250728600, 15.75447857326040700, 9.698936995075149200 ) ) ;
#4605 = ADVANCED_FACE ( 'NONE', ( #542 ), #932, .F. ) ;
#4606 = ORIENTED_EDGE ( 'NONE', *, *, #2369, .T. ) ;
#4607 = EDGE_CURVE ( 'NONE', #2004, #3595, #1941, .T. ) ;
#4608 = CARTESIAN_POINT ( 'NONE',  ( -4.063212019597403700, 0.0000000000000000000, 15.05000000000000100 ) ) ;
#4609 = PRESENTATION_LAYER_ASSIGNMENT (  '', '', ( #4347 ) ) ;
#4610 = VERTEX_POINT ( 'NONE', #4578 ) ;
#4611 = ORIENTED_EDGE ( 'NONE', *, *, #3113, .F. ) ;
#4612 = FACE_OUTER_BOUND ( 'NONE', #411, .T. ) ;
#4613 = DIRECTION ( 'NONE',  ( 0.0000000000000000000, -1.000000000000000000, 0.0000000000000000000 ) ) ;
#4614 = DIRECTION ( 'NONE',  ( 0.0000000000000000000, 0.0000000000000000000, 1.000000000000000000 ) ) ;
#4615 = DIRECTION ( 'NONE',  ( 0.0000000000000000000, 0.0000000000000000000, 1.000000000000000000 ) ) ;
#4616 = VERTEX_POINT ( 'NONE', #164 ) ;
#4617 = AXIS2_PLACEMENT_3D ( 'NONE', #2267, #74, #2637 ) ;
#4618 = SURFACE_STYLE_FILL_AREA ( #2793 ) ;
#4619 = SURFACE_STYLE_USAGE ( .BOTH. , #2023 ) ;
#4620 = CARTESIAN_POINT ( 'NONE',  ( -24.44999999999999900, 29.14999999559993400, -7.600000000004046200 ) ) ;
#4621 = FILL_AREA_STYLE_COLOUR ( '', #2376 ) ;
#4622 = DIRECTION ( 'NONE',  ( 0.0000000000000000000, 0.0000000000000000000, -1.000000000000000000 ) ) ;
#4623 = VECTOR ( 'NONE', #2439, 1000.000000000000000 ) ;
#4624 = MECHANICAL_DESIGN_GEOMETRIC_PRESENTATION_REPRESENTATION (  '', ( #4099 ), #75 ) ;
#4625 = DIRECTION ( 'NONE',  ( 0.0000000000000000000, 0.0000000000000000000, 1.000000000000000000 ) ) ;
#4626 = DIRECTION ( 'NONE',  ( 0.0000000000000000000, 0.0000000000000000000, -1.000000000000000000 ) ) ;
#4627 = VECTOR ( 'NONE', #2717, 1000.000000000000000 ) ;
#4628 = CARTESIAN_POINT ( 'NONE',  ( -0.6470537028910733300, 17.19999999639791700, 0.0000000000000000000 ) ) ;
#4629 = CARTESIAN_POINT ( 'NONE',  ( 0.0000000000000000000, 14.09108146703900200, -9.863134540568648100 ) ) ;
#4630 = CARTESIAN_POINT ( 'NONE',  ( -3.272388467383164500, 15.58582258881839700, -10.86698815427239900 ) ) ;
#4631 = CARTESIAN_POINT ( 'NONE',  ( 0.0000000000000000000, 0.0000000000000000000, 0.0000000000000000000 ) ) ;
#4632 = EDGE_CURVE ( 'NONE', #2979, #1815, #2913, .T. ) ;
#4633 = AXIS2_PLACEMENT_3D ( 'NONE', #3050, #1957, #4545 ) ;
#4634 =( NAMED_UNIT ( * ) PLANE_ANGLE_UNIT ( ) SI_UNIT ( $, .RADIAN. ) );
#4635 = CARTESIAN_POINT ( 'NONE',  ( -32.89999999999999900, 33.28929288928978300, -5.464583333337579100 ) ) ;
#4636 = UNCERTAINTY_MEASURE_WITH_UNIT (LENGTH_MEASURE( 1.000000000000000100E-005 ), #3062, 'distance_accuracy_value', 'NONE');
#4637 = SURFACE_STYLE_FILL_AREA ( #1597 ) ;
#4638 = AXIS2_PLACEMENT_3D ( 'NONE', #1535, #4101, #1905 ) ;
#4639 = FACE_OUTER_BOUND ( 'NONE', #4724, .T. ) ;
#4640 = DIRECTION ( 'NONE',  ( -1.000000000000000000, -0.0000000000000000000, -0.0000000000000000000 ) ) ;
#4641 = ORIENTED_EDGE ( 'NONE', *, *, #3993, .T. ) ;
#4642 = CARTESIAN_POINT ( 'NONE',  ( -15.99999999999999300, 24.24999999559993900, -8.600000000004048000 ) ) ;
#4643 = CARTESIAN_POINT ( 'NONE',  ( -5.999999999999998200, 15.71288563568131600, 9.764999999999998800 ) ) ;
#4644 = AXIS2_PLACEMENT_3D ( 'NONE', #2026, #525, #4233 ) ;
#4645 = ORIENTED_EDGE ( 'NONE', *, *, #3941, .F. ) ;
#4646 = SURFACE_STYLE_FILL_AREA ( #2873 ) ;
#4647 = CARTESIAN_POINT ( 'NONE',  ( -4.500000000000219400, 30.44999999559994600, -10.00000000000404700 ) ) ;
#4648 = EDGE_LOOP ( 'NONE', ( #1122, #4288, #1102, #2188 ) ) ;
#4649 = PRESENTATION_LAYER_ASSIGNMENT (  '', '', ( #4133 ) ) ;
#4650 = CARTESIAN_POINT ( 'NONE',  ( -22.77899999999999300, 33.44999999559993900, -10.40000000000404900 ) ) ;
#4651 = CARTESIAN_POINT ( 'NONE',  ( -0.3040217494064032000, 17.13304713638766000, -34.26609427277531900 ) ) ;
#4652 = VERTEX_POINT ( 'NONE', #510 ) ;
#4653 = COLOUR_RGB ( '',0.0000000000000000000, 0.0000000000000000000, 0.0000000000000000000 ) ;
#4654 = VERTEX_POINT ( 'NONE', #2010 ) ;
#4655 = AXIS2_PLACEMENT_3D ( 'NONE', #4571, #1994, #501 ) ;
#4656 = CARTESIAN_POINT ( 'NONE',  ( -2.999999999648300400, 32.20735930848256600, -10.87867965644432600 ) ) ;
#4657 = DIRECTION ( 'NONE',  ( 0.0000000000000000000, 0.0000000000000000000, -1.000000000000000000 ) ) ;
#4658 = ORIENTED_EDGE ( 'NONE', *, *, #2031, .T. ) ;
#4659 = SURFACE_STYLE_FILL_AREA ( #3059 ) ;
#4660 = ORIENTED_EDGE ( 'NONE', *, *, #2947, .T. ) ;
#4661 = CARTESIAN_POINT ( 'NONE',  ( -0.3040217494064015300, 15.11695286001025500, 0.0000000000000000000 ) ) ;
#4662 = ORIENTED_EDGE ( 'NONE', *, *, #768, .F. ) ;
#4663 = EDGE_CURVE ( 'NONE', #3943, #3774, #102, .T. ) ;
#4664 = DIRECTION ( 'NONE',  ( 0.0000000000000000000, 0.0000000000000000000, -1.000000000000000000 ) ) ;
#4665 = AXIS2_PLACEMENT_3D ( 'NONE', #2701, #497, #3080 ) ;
#4666 = CARTESIAN_POINT ( 'NONE',  ( -36.79999999999999000, 36.60999999559993500, -3.600000000004175900 ) ) ;
#4667 = DIRECTION ( 'NONE',  ( 0.0000000000000000000, 0.0000000000000000000, -1.000000000000000000 ) ) ;
#4668 = ORIENTED_EDGE ( 'NONE', *, *, #4059, .F. ) ;
#4669 = FILL_AREA_STYLE ('',( #4091 ) ) ;
#4670 = MECHANICAL_DESIGN_GEOMETRIC_PRESENTATION_REPRESENTATION (  '', ( #3907 ), #132 ) ;
#4671 =( NAMED_UNIT ( * ) PLANE_ANGLE_UNIT ( ) SI_UNIT ( $, .RADIAN. ) );
#4672 = DIRECTION ( 'NONE',  ( 1.000000000000000000, 0.0000000000000000000, 0.0000000000000000000 ) ) ;
#4673 = CARTESIAN_POINT ( 'NONE',  ( -4.499999999822749800, 31.32867965203890700, -11.50000000000402700 ) ) ;
#4674 = DIRECTION ( 'NONE',  ( 1.000000000000000000, -4.565061778886334800E-017, 0.0000000000000000000 ) ) ;
#4675 = AXIS2_PLACEMENT_3D ( 'NONE', #191, #2749, #541 ) ;
#4676 =( LENGTH_UNIT ( ) NAMED_UNIT ( * ) SI_UNIT ( .MILLI., .METRE. ) );
#4677 = EDGE_CURVE ( 'NONE', #3831, #3071, #2058, .T. ) ;
#4678 = CARTESIAN_POINT ( 'NONE',  ( -46.50000000000000000, 0.0000000000000000000, 16.75000000000000000 ) ) ;
#4679 = CARTESIAN_POINT ( 'NONE',  ( -6.000000000368422600, 32.82867965203938400, 11.49999999999557000 ) ) ;
#4680 = PRESENTATION_STYLE_ASSIGNMENT (( #1300 ) ) ;
#4681 =( NAMED_UNIT ( * ) SI_UNIT ( $, .STERADIAN. ) SOLID_ANGLE_UNIT ( ) );
#4682 = CARTESIAN_POINT ( 'NONE',  ( -3.264177795725403500, 15.58307449755763600, 10.87190965936826200 ) ) ;
#4683 = PRESENTATION_LAYER_ASSIGNMENT (  '', '', ( #4170 ) ) ;
#4684 = DIRECTION ( 'NONE',  ( 0.0000000000000000000, 0.0000000000000000000, 1.000000000000000000 ) ) ;
#4685 = PRESENTATION_STYLE_ASSIGNMENT (( #1460 ) ) ;
#4686 = DIRECTION ( 'NONE',  ( -1.000000000000000000, 0.0000000000000000000, 0.0000000000000000000 ) ) ;
#4687 = EDGE_CURVE ( 'NONE', #1415, #3644, #3767, .T. ) ;
#4688 = CIRCLE ( 'NONE', #4717, 0.1999999999999986200 ) ;
#4689 = DIRECTION ( 'NONE',  ( -1.000000000000000000, 0.0000000000000000000, 0.0000000000000000000 ) ) ;
#4690 =( GEOMETRIC_REPRESENTATION_CONTEXT ( 3 ) GLOBAL_UNCERTAINTY_ASSIGNED_CONTEXT ( ( #2205 ) ) GLOBAL_UNIT_ASSIGNED_CONTEXT ( ( #940, #3536, #1316 ) ) REPRESENTATION_CONTEXT ( 'NONE', 'WORKASPACE' ) );
#4691 = UNCERTAINTY_MEASURE_WITH_UNIT (LENGTH_MEASURE( 1.000000000000000100E-005 ), #561, 'distance_accuracy_value', 'NONE');
#4692 = DIRECTION ( 'NONE',  ( -0.0000000000000000000, 1.000000000000000000, -2.428767726745700500E-013 ) ) ;
#4693 = LINE ( 'NONE', #526, #2709 ) ;
#4694 = DIRECTION ( 'NONE',  ( 0.0000000000000000000, 0.0000000000000000000, 1.000000000000000000 ) ) ;
#4695 = ORIENTED_EDGE ( 'NONE', *, *, #152, .F. ) ;
#4696 = CARTESIAN_POINT ( 'NONE',  ( -3.621320343560552300, 30.44999999512115400, 11.49999999999557000 ) ) ;
#4697 = FILL_AREA_STYLE_COLOUR ( '', #1423 ) ;
#4698 = AXIS2_PLACEMENT_3D ( 'NONE', #3890, #234, #1702 ) ;
#4699 = VERTEX_POINT ( 'NONE', #3481 ) ;
#4700 = LINE ( 'NONE', #622, #3702 ) ;
#4701 = CARTESIAN_POINT ( 'NONE',  ( -32.89999999999999100, 24.24999999559993900, 4.299999999995954200 ) ) ;
#4702 = APPLICATION_PROTOCOL_DEFINITION ( 'draft international standard', 'automotive_design', 1998, #2120 ) ;
#4703 = DIRECTION ( 'NONE',  ( 1.000000000000000000, 0.0000000000000000000, 0.0000000000000000000 ) ) ;
#4704 = EDGE_LOOP ( 'NONE', ( #1130, #4234, #1523, #4000, #4772, #2108, #2148, #4756, #1540, #1239, #3820, #139, #2721, #3494, #1769 ) ) ;
#4705 = COLOUR_RGB ( '',0.0000000000000000000, 0.0000000000000000000, 0.0000000000000000000 ) ;
#4706 = EDGE_CURVE ( 'NONE', #941, #3483, #1061, .T. ) ;
#4707 =( NAMED_UNIT ( * ) SI_UNIT ( $, .STERADIAN. ) SOLID_ANGLE_UNIT ( ) );
#4708 = LINE ( 'NONE', #3642, #2722 ) ;
#4709 = PRESENTATION_LAYER_ASSIGNMENT (  '', '', ( #3944 ) ) ;
#4710 =( NAMED_UNIT ( * ) PLANE_ANGLE_UNIT ( ) SI_UNIT ( $, .RADIAN. ) );
#4711 = VERTEX_POINT ( 'NONE', #869 ) ;
#4712 = FILL_AREA_STYLE_COLOUR ( '', #3740 ) ;
#4713 = ADVANCED_FACE ( 'NONE', ( #819 ), #1262, .F. ) ;
#4714 = SURFACE_SIDE_STYLE ('',( #3937 ) ) ;
#4715 = EDGE_LOOP ( 'NONE', ( #765, #1895, #1881, #3538 ) ) ;
#4716 = VERTEX_POINT ( 'NONE', #2379 ) ;
#4717 = AXIS2_PLACEMENT_3D ( 'NONE', #2135, #3742, #3283 ) ;
#4718 = ORIENTED_EDGE ( 'NONE', *, *, #3550, .F. ) ;
#4719 = CIRCLE ( 'NONE', #4617, 11.60000000000000000 ) ;
#4720 = EDGE_CURVE ( 'NONE', #925, #3701, #480, .T. ) ;
#4721 =( GEOMETRIC_REPRESENTATION_CONTEXT ( 3 ) GLOBAL_UNCERTAINTY_ASSIGNED_CONTEXT ( ( #3260 ) ) GLOBAL_UNIT_ASSIGNED_CONTEXT ( ( #3678, #1865, #4064 ) ) REPRESENTATION_CONTEXT ( 'NONE', 'WORKASPACE' ) );
#4722 = CARTESIAN_POINT ( 'NONE',  ( -36.35529142705935600, 33.10084069261677100, 4.899999999995952000 ) ) ;
#4723 = CARTESIAN_POINT ( 'NONE',  ( -6.662592293491561800, 13.91563060015608100, -9.765000000000002300 ) ) ;
#4724 = EDGE_LOOP ( 'NONE', ( #2063, #4305, #2715, #3369 ) ) ;
#4725 = DIRECTION ( 'NONE',  ( 1.000000000000000000, 0.0000000000000000000, 0.0000000000000000000 ) ) ;
#4726 = EDGE_CURVE ( 'NONE', #3378, #3827, #3314, .T. ) ;
#4727 = CARTESIAN_POINT ( 'NONE',  ( -0.3000000000000016500, 0.0000000000000000000, -11.60000000000000000 ) ) ;
#4728 =( GEOMETRIC_REPRESENTATION_CONTEXT ( 3 ) GLOBAL_UNCERTAINTY_ASSIGNED_CONTEXT ( ( #4391 ) ) GLOBAL_UNIT_ASSIGNED_CONTEXT ( ( #3988, #1788, #4375 ) ) REPRESENTATION_CONTEXT ( 'NONE', 'WORKASPACE' ) );
#4729 = UNCERTAINTY_MEASURE_WITH_UNIT (LENGTH_MEASURE( 1.000000000000000100E-005 ), #3246, 'distance_accuracy_value', 'NONE');
#4730 = LINE ( 'NONE', #3541, #892 ) ;
#4731 = SURFACE_STYLE_USAGE ( .BOTH. , #1146 ) ;
#4732 = FACE_OUTER_BOUND ( 'NONE', #2514, .T. ) ;
#4733 = MECHANICAL_DESIGN_GEOMETRIC_PRESENTATION_REPRESENTATION (  '', ( #4217 ), #194 ) ;
#4734 = LINE ( 'NONE', #850, #4627 ) ;
#4735 = DIRECTION ( 'NONE',  ( -1.000000000000000000, 4.565061778886334800E-017, -0.0000000000000000000 ) ) ;
#4736 = CARTESIAN_POINT ( 'NONE',  ( -13.72560202012194200, 15.91535952599210200, 5.980724072140377600 ) ) ;
#4737 =( NAMED_UNIT ( * ) PLANE_ANGLE_UNIT ( ) SI_UNIT ( $, .RADIAN. ) );
#4738 = PRESENTATION_LAYER_ASSIGNMENT (  '', '', ( #4500 ) ) ;
#4739 = CARTESIAN_POINT ( 'NONE',  ( -2.999999999999995600, 14.09108146703900200, -9.863134540568648100 ) ) ;
#4740 = CARTESIAN_POINT ( 'NONE',  ( -36.71715728752413800, 36.80999999559508500, 3.599999999995981500 ) ) ;
#4741 = VECTOR ( 'NONE', #48, 1000.000000000000000 ) ;
#4742 = FACE_OUTER_BOUND ( 'NONE', #2346, .T. ) ;
#4743 = COLOUR_RGB ( '',0.0000000000000000000, 0.0000000000000000000, 0.0000000000000000000 ) ;
#4744 = CARTESIAN_POINT ( 'NONE',  ( -36.62807924211756500, 33.17393396736418500, -4.900000000479545600 ) ) ;
#4745 = CARTESIAN_POINT ( 'NONE',  ( -32.89999999999999900, 32.17499814511995000, -4.050000000004046400 ) ) ;
#4746 = UNCERTAINTY_MEASURE_WITH_UNIT (LENGTH_MEASURE( 1.000000000000000100E-005 ), #2365, 'distance_accuracy_value', 'NONE');
#4747 = CARTESIAN_POINT ( 'NONE',  ( -11.96319273617669100, 15.13789394246038200, -7.739075246883117200 ) ) ;
#4748 = EDGE_CURVE ( 'NONE', #4699, #4652, #1347, .T. ) ;
#4749 = ORIENTED_EDGE ( 'NONE', *, *, #3442, .F. ) ;
#4750 = MECHANICAL_DESIGN_GEOMETRIC_PRESENTATION_REPRESENTATION (  '', ( #4246 ), #218 ) ;
#4751 = DIRECTION ( 'NONE',  ( 0.0000000000000000000, -1.000000000000000000, -7.885106708985485100E-016 ) ) ;
#4752 = ADVANCED_FACE ( 'NONE', ( #4297 ), #2853, .F. ) ;
#4753 = ORIENTED_EDGE ( 'NONE', *, *, #2859, .F. ) ;
#4754 = CARTESIAN_POINT ( 'NONE',  ( -16.00000000000000000, 20.94999999559993500, 4.299999999995954200 ) ) ;
#4755 = AXIS2_PLACEMENT_3D ( 'NONE', #1967, #4538, #4560 ) ;
#4756 = ORIENTED_EDGE ( 'NONE', *, *, #1144, .F. ) ;
#4757 = CARTESIAN_POINT ( 'NONE',  ( -36.59999999999926200, 33.49212237023137800, -5.100000000004051500 ) ) ;
#4758 = ORIENTED_EDGE ( 'NONE', *, *, #2479, .F. ) ;
#4759 = CARTESIAN_POINT ( 'NONE',  ( -13.11469778140259200, 15.62769004529695000, 6.695756660454529600 ) ) ;
#4760 = VECTOR ( 'NONE', #4599, 1000.000000000000000 ) ;
#4761 = VERTEX_POINT ( 'NONE', #3874 ) ;
#4762 =( NAMED_UNIT ( * ) PLANE_ANGLE_UNIT ( ) SI_UNIT ( $, .RADIAN. ) );
#4763 = CARTESIAN_POINT ( 'NONE',  ( -8.673617379884035500E-016, -15.94956969303915000, -31.89913938607830000 ) ) ;
#4764 = DIRECTION ( 'NONE',  ( -1.000000000000000000, -0.0000000000000000000, -0.0000000000000000000 ) ) ;
#4765 = DIRECTION ( 'NONE',  ( 0.0000000000000000000, 0.0000000000000000000, 1.000000000000000000 ) ) ;
#4766 = VERTEX_POINT ( 'NONE', #239 ) ;
#4767 = LINE ( 'NONE', #1953, #935 ) ;
#4768 = CARTESIAN_POINT ( 'NONE',  ( -15.66199999999999500, 24.15199999559993300, 7.599999999995954000 ) ) ;
#4769 = LINE ( 'NONE', #3329, #3773 ) ;
#4770 = ORIENTED_EDGE ( 'NONE', *, *, #3739, .T. ) ;
#4771 =( GEOMETRIC_REPRESENTATION_CONTEXT ( 3 ) GLOBAL_UNCERTAINTY_ASSIGNED_CONTEXT ( ( #2856 ) ) GLOBAL_UNIT_ASSIGNED_CONTEXT ( ( #3637, #2795, #1353 ) ) REPRESENTATION_CONTEXT ( 'NONE', 'WORKASPACE' ) );
#4772 = ORIENTED_EDGE ( 'NONE', *, *, #4473, .F. ) ;
#4773 = LINE ( 'NONE', #616, #3270 ) ;
#4774 = UNCERTAINTY_MEASURE_WITH_UNIT (LENGTH_MEASURE( 1.000000000000000100E-005 ), #2128, 'distance_accuracy_value', 'NONE');
#4775 = ORIENTED_EDGE ( 'NONE', *, *, #4189, .T. ) ;
#4776 =( BOUNDED_CURVE ( )  B_SPLINE_CURVE ( 3, ( #452, #2690, #477, #1928 ),
 .UNSPECIFIED., .F., .T. ) 
 B_SPLINE_CURVE_WITH_KNOTS ( ( 4, 4 ),
 ( 7.544765006910930500E-014, 1.570796326775473200 ),
 .UNSPECIFIED. ) 
 CURVE ( )  GEOMETRIC_REPRESENTATION_ITEM ( )  RATIONAL_B_SPLINE_CURVE ( ( 1.000000000000000000, 0.8047378541289609300, 0.8047378541289609300, 1.000000000000000000 ) ) 
 REPRESENTATION_ITEM ( '' )  );
#4777 = EDGE_CURVE ( 'NONE', #3943, #4588, #42, .T. ) ;
#4778 = AXIS2_PLACEMENT_3D ( 'NONE', #170, #2723, #516 ) ;
#4779 = CARTESIAN_POINT ( 'NONE',  ( -22.44999999999999200, 33.77060601645993600, 5.599999999995988600 ) ) ;
#4780 = CARTESIAN_POINT ( 'NONE',  ( -0.6470537028910734500, -17.19999999639791700, -2.106392494092319500E-015 ) ) ;
#4781 = DIRECTION ( 'NONE',  ( 1.000000000000000000, -9.396418828329589400E-016, 3.339780724025581100E-015 ) ) ;
#4782 = VECTOR ( 'NONE', #4481, 1000.000000000000000 ) ;
#4783 = CARTESIAN_POINT ( 'NONE',  ( -2.999999999999995600, 0.0000000000000000000, 0.0000000000000000000 ) ) ;
#4784 = CARTESIAN_POINT ( 'NONE',  ( -15.99999999999999300, 29.14999999559993400, -4.300000000004046400 ) ) ;
ENDSEC;
END-ISO-10303-21;
