ISO-10303-21;
HEADER;
FILE_DESCRIPTION (( 'STEP AP214' ),
    '1' );
FILE_NAME ('VJE37_19x50.STEP',
    '2018-09-13T09:22:36',
    ( '' ),
    ( '' ),
    'SwSTEP 2.0',
    'SolidWorks 2016',
    '' );
FILE_SCHEMA (( 'AUTOMOTIVE_DESIGN' ));
ENDSEC;

DATA;
#1 = DIRECTION ( 'NONE',  ( 0.0000000000000000000, 0.0000000000000000000, 1.000000000000000000 ) ) ;
#2 =( NAMED_UNIT ( * ) SI_UNIT ( $, .STERADIAN. ) SOLID_ANGLE_UNIT ( ) );
#3 =( NAMED_UNIT ( * ) SI_UNIT ( $, .STERADIAN. ) SOLID_ANGLE_UNIT ( ) );
#4 = EDGE_CURVE ( 'NONE', #2983, #4426, #4991, .T. ) ;
#5 = MECHANICAL_DESIGN_GEOMETRIC_PRESENTATION_REPRESENTATION (  '', ( #4231 ), #311 ) ;
#6 = CARTESIAN_POINT ( 'NONE',  ( -18.50434724460000500, 32.34000000000000300, 4.049999999999999800 ) ) ;
#7 = EDGE_LOOP ( 'NONE', ( #3254, #1375, #626, #3371 ) ) ;
#8 = SURFACE_STYLE_USAGE ( .BOTH. , #13 ) ;
#9 = LINE ( 'NONE', #5430, #5508 ) ;
#10 = SURFACE_STYLE_FILL_AREA ( #672 ) ;
#11 = PRESENTATION_STYLE_ASSIGNMENT (( #3443 ) ) ;
#12 = MECHANICAL_DESIGN_GEOMETRIC_PRESENTATION_REPRESENTATION (  '', ( #4789 ), #321 ) ;
#13 = SURFACE_SIDE_STYLE ('',( #3457 ) ) ;
#14 = EDGE_CURVE ( 'NONE', #3885, #4407, #1743, .T. ) ;
#15 = CARTESIAN_POINT ( 'NONE',  ( 0.0000000000000000000, 5.048709793414475600E-026, 1.656607900964124800E-026 ) ) ;
#16 = VECTOR ( 'NONE', #3100, 1000.000000000000000 ) ;
#17 =( NAMED_UNIT ( * ) PLANE_ANGLE_UNIT ( ) SI_UNIT ( $, .RADIAN. ) );
#18 = CIRCLE ( 'NONE', #1895, 19.00000000000000000 ) ;
#19 = VECTOR ( 'NONE', #2306, 1000.000000000000000 ) ;
#20 = DIRECTION ( 'NONE',  ( 0.0000000000000000000, 0.0000000000000000000, -1.000000000000000000 ) ) ;
#21 = CARTESIAN_POINT ( 'NONE',  ( 4.228388472693467300E-014, -15.94956969468667700, -1.953258947437705500E-015 ) ) ;
#22 = PRODUCT_DEFINITION ( 'UNKNOWN', '', #2156, #3103 ) ;
#23 = UNCERTAINTY_MEASURE_WITH_UNIT (LENGTH_MEASURE( 1.000000000000000100E-005 ), #5302, 'distance_accuracy_value', 'NONE');
#24 = PRESENTATION_STYLE_ASSIGNMENT (( #2067 ) ) ;
#25 = PLANE ( 'NONE',  #4006 ) ;
#26 = DIRECTION ( 'NONE',  ( 0.0000000000000000000, 0.0000000000000000000, 1.000000000000000000 ) ) ;
#27 =( LENGTH_UNIT ( ) NAMED_UNIT ( * ) SI_UNIT ( .MILLI., .METRE. ) );
#28 = STYLED_ITEM ( 'NONE', ( #4196 ), #1588 ) ;
#29 =( LENGTH_UNIT ( ) NAMED_UNIT ( * ) SI_UNIT ( .MILLI., .METRE. ) );
#30 = LINE ( 'NONE', #4965, #4405 ) ;
#31 = ORIENTED_EDGE ( 'NONE', *, *, #166, .T. ) ;
#32 = EDGE_LOOP ( 'NONE', ( #1071, #4730, #4274, #2394 ) ) ;
#33 = VECTOR ( 'NONE', #2872, 1000.000000000000200 ) ;
#34 = PLANE ( 'NONE',  #5264 ) ;
#35 = CARTESIAN_POINT ( 'NONE',  ( -3.000000000000968600, 28.50000000000000700, 14.58578643762833800 ) ) ;
#36 = AXIS2_PLACEMENT_3D ( 'NONE', #583, #559, #535 ) ;
#37 = CYLINDRICAL_SURFACE ( 'NONE', #4113, 0.9999999999999991100 ) ;
#38 = ORIENTED_EDGE ( 'NONE', *, *, #5501, .T. ) ;
#39 = ORIENTED_EDGE ( 'NONE', *, *, #3249, .F. ) ;
#40 =( NAMED_UNIT ( * ) SI_UNIT ( $, .STERADIAN. ) SOLID_ANGLE_UNIT ( ) );
#41 = SURFACE_SIDE_STYLE ('',( #1783 ) ) ;
#42 = VERTEX_POINT ( 'NONE', #5110 ) ;
#43 = EDGE_CURVE ( 'NONE', #845, #1719, #4871, .T. ) ;
#44 = FILL_AREA_STYLE_COLOUR ( '', #2305 ) ;
#45 = FILL_AREA_STYLE_COLOUR ( '', #1031 ) ;
#46 = ORIENTED_EDGE ( 'NONE', *, *, #3307, .T. ) ;
#47 = ORIENTED_EDGE ( 'NONE', *, *, #4544, .T. ) ;
#48 = ORIENTED_EDGE ( 'NONE', *, *, #3402, .F. ) ;
#49 = FILL_AREA_STYLE ('',( #87 ) ) ;
#50 = PRESENTATION_LAYER_ASSIGNMENT (  '', '', ( #5103 ) ) ;
#52 = EDGE_LOOP ( 'NONE', ( #2988, #5127, #692, #1887 ) ) ;
#51 = CARTESIAN_POINT ( 'NONE',  ( -23.98000000000000000, 28.77999999999999800, 8.300000000000000700 ) ) ;
#53 = VERTEX_POINT ( 'NONE', #4895 ) ;
#54 = EDGE_CURVE ( 'NONE', #416, #4168, #2730, .T. ) ;
#55 = VERTEX_POINT ( 'NONE', #4857 ) ;
#56 = CARTESIAN_POINT ( 'NONE',  ( -18.00000000000000400, 42.00000000000000000, 6.692723018862999100 ) ) ;
#57 = DIRECTION ( 'NONE',  ( 0.0000000000000000000, 1.000000000000000000, 0.0000000000000000000 ) ) ;
#58 = ORIENTED_EDGE ( 'NONE', *, *, #3634, .F. ) ;
#59 = DIRECTION ( 'NONE',  ( 0.0000000000000000000, 0.0000000000000000000, 1.000000000000000000 ) ) ;
#60 = UNCERTAINTY_MEASURE_WITH_UNIT (LENGTH_MEASURE( 1.000000000000000100E-005 ), #3556, 'distance_accuracy_value', 'NONE');
#61 = ORIENTED_EDGE ( 'NONE', *, *, #3436, .F. ) ;
#62 = AXIS2_PLACEMENT_3D ( 'NONE', #4845, #2366, #5261 ) ;
#63 = CARTESIAN_POINT ( 'NONE',  ( -32.00000000000000000, 11.66190378969041500, 15.00000000000007300 ) ) ;
#64 = LINE ( 'NONE', #4282, #1269 ) ;
#65 = STYLED_ITEM ( 'NONE', ( #612 ), #1453 ) ;
#66 = ORIENTED_EDGE ( 'NONE', *, *, #3081, .T. ) ;
#67 = DIRECTION ( 'NONE',  ( 0.0000000000000000000, 0.0000000000000000000, 1.000000000000000000 ) ) ;
#68 = CARTESIAN_POINT ( 'NONE',  ( -5.999999999999998200, 25.00000000000000000, -9.764999999999998800 ) ) ;
#69 = CARTESIAN_POINT ( 'NONE',  ( -25.35434724460000300, 28.76480460475999800, 1.500000000000000000 ) ) ;
#70 = DIRECTION ( 'NONE',  ( -0.9063077870379463400, 0.4226182617379195000, 0.0000000000000000000 ) ) ;
#71 = VERTEX_POINT ( 'NONE', #4958 ) ;
#72 =( LENGTH_UNIT ( ) NAMED_UNIT ( * ) SI_UNIT ( .MILLI., .METRE. ) );
#73 = PRESENTATION_LAYER_ASSIGNMENT (  '', '', ( #5410 ) ) ;
#74 = CARTESIAN_POINT ( 'NONE',  ( -3.742752481128905000, 28.99999999999999600, -14.44900082123904600 ) ) ;
#75 = DIRECTION ( 'NONE',  ( -1.000000000000000000, 0.0000000000000000000, 0.0000000000000000000 ) ) ;
#76 = DIRECTION ( 'NONE',  ( 1.000000000000000000, 0.0000000000000000000, 0.0000000000000000000 ) ) ;
#77 = SURFACE_STYLE_FILL_AREA ( #2459 ) ;
#78 = SURFACE_STYLE_USAGE ( .BOTH. , #151 ) ;
#79 = EDGE_LOOP ( 'NONE', ( #4836, #4238, #4506, #4825 ) ) ;
#80 = CARTESIAN_POINT ( 'NONE',  ( -33.00000000000000000, 12.53213723024000200, -14.55999999999999900 ) ) ;
#81 = DIRECTION ( 'NONE',  ( 0.0000000000000000000, 0.0000000000000000000, 1.000000000000000000 ) ) ;
#82 = FACE_OUTER_BOUND ( 'NONE', #219, .T. ) ;
#83 = FILL_AREA_STYLE_COLOUR ( '', #4716 ) ;
#84 = ORIENTED_EDGE ( 'NONE', *, *, #5534, .F. ) ;
#85 = STYLED_ITEM ( 'NONE', ( #142 ), #2013 ) ;
#86 = CARTESIAN_POINT ( 'NONE',  ( -33.00000000000000000, 20.67261628933499700, -5.000000000000000900 ) ) ;
#87 = FILL_AREA_STYLE_COLOUR ( '', #3091 ) ;
#88 = PRESENTATION_LAYER_ASSIGNMENT (  '', '', ( #5136 ) ) ;
#89 = ORIENTED_EDGE ( 'NONE', *, *, #4142, .F. ) ;
#90 = VECTOR ( 'NONE', #2321, 1000.000000000000000 ) ;
#91 =( LENGTH_UNIT ( ) NAMED_UNIT ( * ) SI_UNIT ( .MILLI., .METRE. ) );
#92 = FILL_AREA_STYLE ('',( #1159 ) ) ;
#93 = COLOUR_RGB ( '',0.7764705882352941300, 0.7568627450980391900, 0.7372549019607843600 ) ;
#94 = SURFACE_SIDE_STYLE ('',( #5202 ) ) ;
#95 =( LENGTH_UNIT ( ) NAMED_UNIT ( * ) SI_UNIT ( .MILLI., .METRE. ) );
#96 = VECTOR ( 'NONE', #1973, 1000.000000000000000 ) ;
#97 = AXIS2_PLACEMENT_3D ( 'NONE', #1074, #4558, #756 ) ;
#98 = FILL_AREA_STYLE ('',( #44 ) ) ;
#99 = EDGE_CURVE ( 'NONE', #5278, #3522, #2863, .T. ) ;
#100 = SURFACE_STYLE_FILL_AREA ( #4408 ) ;
#101 = FILL_AREA_STYLE ('',( #3105 ) ) ;
#102 = DIRECTION ( 'NONE',  ( -1.000000000000000000, -2.297646988048755200E-015, -0.0000000000000000000 ) ) ;
#103 = FILL_AREA_STYLE_COLOUR ( '', #3279 ) ;
#104 = LINE ( 'NONE', #4264, #5590 ) ;
#105 = FILL_AREA_STYLE ('',( #2819 ) ) ;
#106 = LINE ( 'NONE', #3776, #1149 ) ;
#107 = SURFACE_SIDE_STYLE ('',( #4711 ) ) ;
#108 = CARTESIAN_POINT ( 'NONE',  ( -3.000000000000002700, 15.89838432353797900, 9.666390793545867100 ) ) ;
#109 = VERTEX_POINT ( 'NONE', #3253 ) ;
#110 = AXIS2_PLACEMENT_3D ( 'NONE', #3618, #1024, #1015 ) ;
#111 = VECTOR ( 'NONE', #5500, 1000.000000000000000 ) ;
#112 = FACE_OUTER_BOUND ( 'NONE', #3236, .T. ) ;
#113 = CARTESIAN_POINT ( 'NONE',  ( -46.50000000000000000, 0.0000000000000000000, 0.0000000000000000000 ) ) ;
#114 = CARTESIAN_POINT ( 'NONE',  ( -50.00000000000000000, 0.0000000000000000000, 0.0000000000000000000 ) ) ;
#115 = ORIENTED_EDGE ( 'NONE', *, *, #4999, .F. ) ;
#116 = FILL_AREA_STYLE ('',( #795 ) ) ;
#117 = EDGE_CURVE ( 'NONE', #4501, #2357, #4732, .T. ) ;
#118 = MECHANICAL_DESIGN_GEOMETRIC_PRESENTATION_REPRESENTATION (  '', ( #4888 ), #428 ) ;
#119 = DIRECTION ( 'NONE',  ( -1.000000000000000000, 0.0000000000000000000, 0.0000000000000000000 ) ) ;
#120 = ORIENTED_EDGE ( 'NONE', *, *, #680, .T. ) ;
#121 = ORIENTED_EDGE ( 'NONE', *, *, #3446, .F. ) ;
#122 = CARTESIAN_POINT ( 'NONE',  ( -3.500000000000003100, 29.00000000000000000, 13.99999999999999800 ) ) ;
#123 = PLANE ( 'NONE',  #2755 ) ;
#124 =( NAMED_UNIT ( * ) PLANE_ANGLE_UNIT ( ) SI_UNIT ( $, .RADIAN. ) );
#125 = EDGE_CURVE ( 'NONE', #1533, #4484, #252, .T. ) ;
#126 = ORIENTED_EDGE ( 'NONE', *, *, #3641, .F. ) ;
#127 = SURFACE_STYLE_USAGE ( .BOTH. , #4079 ) ;
#128 = PRESENTATION_LAYER_ASSIGNMENT (  '', '', ( #5454 ) ) ;
#129 = ORIENTED_EDGE ( 'NONE', *, *, #4328, .T. ) ;
#130 =( LENGTH_UNIT ( ) NAMED_UNIT ( * ) SI_UNIT ( .MILLI., .METRE. ) );
#131 = CARTESIAN_POINT ( 'NONE',  ( -3.408298889291884400, 11.89102728403840300, -14.81942521452834400 ) ) ;
#132 = ORIENTED_EDGE ( 'NONE', *, *, #4, .F. ) ;
#133 = EDGE_LOOP ( 'NONE', ( #152, #4770 ) ) ;
#134 = DIRECTION ( 'NONE',  ( -1.000000000000000000, -2.297646988048755200E-015, -0.0000000000000000000 ) ) ;
#135 =( LENGTH_UNIT ( ) NAMED_UNIT ( * ) SI_UNIT ( .MILLI., .METRE. ) );
#136 = MECHANICAL_DESIGN_GEOMETRIC_PRESENTATION_REPRESENTATION (  '', ( #5170 ), #441 ) ;
#137 = EDGE_CURVE ( 'NONE', #3120, #2658, #2578, .T. ) ;
#138 = VERTEX_POINT ( 'NONE', #5527 ) ;
#139 = UNCERTAINTY_MEASURE_WITH_UNIT (LENGTH_MEASURE( 1.000000000000000100E-005 ), #2075, 'distance_accuracy_value', 'NONE');
#140 = ORIENTED_EDGE ( 'NONE', *, *, #4510, .T. ) ;
#141 = PRESENTATION_STYLE_ASSIGNMENT (( #1512 ) ) ;
#142 = PRESENTATION_STYLE_ASSIGNMENT (( #4223 ) ) ;
#143 =( NAMED_UNIT ( * ) SI_UNIT ( $, .STERADIAN. ) SOLID_ANGLE_UNIT ( ) );
#144 =( LENGTH_UNIT ( ) NAMED_UNIT ( * ) SI_UNIT ( .MILLI., .METRE. ) );
#145 = EDGE_LOOP ( 'NONE', ( #1742, #1671, #4269, #3722 ) ) ;
#146 = AXIS2_PLACEMENT_3D ( 'NONE', #1796, #4768, #2281 ) ;
#147 = PLANE ( 'NONE',  #5299 ) ;
#148 = SURFACE_STYLE_USAGE ( .BOTH. , #240 ) ;
#149 = DIRECTION ( 'NONE',  ( 1.000000000000000000, -0.0000000000000000000, -0.0000000000000000000 ) ) ;
#150 = ORIENTED_EDGE ( 'NONE', *, *, #4263, .T. ) ;
#151 = SURFACE_SIDE_STYLE ('',( #3720 ) ) ;
#152 = ORIENTED_EDGE ( 'NONE', *, *, #3648, .T. ) ;
#153 = FILL_AREA_STYLE_COLOUR ( '', #93 ) ;
#154 = CARTESIAN_POINT ( 'NONE',  ( -33.00000000000000000, 22.50000000000000400, 12.00000000000000200 ) ) ;
#155 = SURFACE_SIDE_STYLE ('',( #231 ) ) ;
#156 = SURFACE_STYLE_FILL_AREA ( #4696 ) ;
#157 = CARTESIAN_POINT ( 'NONE',  ( -0.05597972129013813900, -16.78820545165966000, -33.57641090331954800 ) ) ;
#158 = EDGE_CURVE ( 'NONE', #3277, #3359, #398, .T. ) ;
#159 = LINE ( 'NONE', #4574, #1205 ) ;
#160 = SURFACE_STYLE_USAGE ( .BOTH. , #155 ) ;
#161 = DIRECTION ( 'NONE',  ( 0.0000000000000000000, 0.0000000000000000000, 1.000000000000000000 ) ) ;
#162 = FILL_AREA_STYLE_COLOUR ( '', #408 ) ;
#163 = LINE ( 'NONE', #817, #4529 ) ;
#164 = CARTESIAN_POINT ( 'NONE',  ( -0.05597972129013814600, -16.78820545165966400, -2.055962206980453800E-015 ) ) ;
#165 =( GEOMETRIC_REPRESENTATION_CONTEXT ( 3 ) GLOBAL_UNCERTAINTY_ASSIGNED_CONTEXT ( ( #3296 ) ) GLOBAL_UNIT_ASSIGNED_CONTEXT ( ( #1948, #1826, #1434 ) ) REPRESENTATION_CONTEXT ( 'NONE', 'WORKASPACE' ) );
#166 = EDGE_CURVE ( 'NONE', #2950, #3918, #4608, .T. ) ;
#167 = LINE ( 'NONE', #5217, #19 ) ;
#168 = DIRECTION ( 'NONE',  ( 0.0000000000000000000, 0.0000000000000000000, 1.000000000000000000 ) ) ;
#169 = VERTEX_POINT ( 'NONE', #1855 ) ;
#170 = CARTESIAN_POINT ( 'NONE',  ( -2.999999999999636300, 28.50000000000000700, 14.00000000000227600 ) ) ;
#171 = LINE ( 'NONE', #643, #2498 ) ;
#172 = ORIENTED_EDGE ( 'NONE', *, *, #724, .F. ) ;
#173 = AXIS2_PLACEMENT_3D ( 'NONE', #3577, #906, #3963 ) ;
#174 = VECTOR ( 'NONE', #2869, 1000.000000000000000 ) ;
#175 =( GEOMETRIC_REPRESENTATION_CONTEXT ( 3 ) GLOBAL_UNCERTAINTY_ASSIGNED_CONTEXT ( ( #4177 ) ) GLOBAL_UNIT_ASSIGNED_CONTEXT ( ( #2574, #1944, #2029 ) ) REPRESENTATION_CONTEXT ( 'NONE', 'WORKASPACE' ) );
#176 = DIRECTION ( 'NONE',  ( -0.0000000000000000000, -1.000000000000000000, -0.0000000000000000000 ) ) ;
#177 = CARTESIAN_POINT ( 'NONE',  ( -4.000000000401252400, 11.66190378969041500, -15.00000000000007300 ) ) ;
#178 =( NAMED_UNIT ( * ) PLANE_ANGLE_UNIT ( ) SI_UNIT ( $, .RADIAN. ) );
#179 = EDGE_LOOP ( 'NONE', ( #2838, #4304, #5371, #3405 ) ) ;
#180 = CYLINDRICAL_SURFACE ( 'NONE', #2709, 11.60000000000000000 ) ;
#181 = CARTESIAN_POINT ( 'NONE',  ( -46.50000000000000000, 0.0000000000000000000, 0.0000000000000000000 ) ) ;
#182 = VERTEX_POINT ( 'NONE', #1860 ) ;
#183 = VERTEX_POINT ( 'NONE', #1879 ) ;
#184 = DIRECTION ( 'NONE',  ( 0.0000000000000000000, -1.000000000000000000, 0.0000000000000000000 ) ) ;
#185 = FACE_OUTER_BOUND ( 'NONE', #1395, .T. ) ;
#186 = CARTESIAN_POINT ( 'NONE',  ( -0.3040217494552474000, 17.13304714025076300, -1.249941288410261100E-028 ) ) ;
#187 = STYLED_ITEM ( 'NONE', ( #1837 ), #1714 ) ;
#188 = ORIENTED_EDGE ( 'NONE', *, *, #1424, .F. ) ;
#189 = PRESENTATION_STYLE_ASSIGNMENT (( #2358 ) ) ;
#190 = DIRECTION ( 'NONE',  ( 0.8910065241885315500, 0.4539904997392255100, 0.0000000000000000000 ) ) ;
#191 = CARTESIAN_POINT ( 'NONE',  ( -0.3040217494552473500, 17.13304714025076700, -34.26609428050129200 ) ) ;
#192 = ORIENTED_EDGE ( 'NONE', *, *, #1544, .T. ) ;
#193 = ORIENTED_EDGE ( 'NONE', *, *, #2938, .F. ) ;
#194 = VERTEX_POINT ( 'NONE', #1869 ) ;
#195 =( GEOMETRIC_REPRESENTATION_CONTEXT ( 3 ) GLOBAL_UNCERTAINTY_ASSIGNED_CONTEXT ( ( #1291 ) ) GLOBAL_UNIT_ASSIGNED_CONTEXT ( ( #2714, #2699, #2680 ) ) REPRESENTATION_CONTEXT ( 'NONE', 'WORKASPACE' ) );
#196 = SURFACE_STYLE_FILL_AREA ( #2616 ) ;
#197 = EDGE_LOOP ( 'NONE', ( #552, #5060, #4959, #4542, #3784, #3141, #3848, #4603 ) ) ;
#198 = DIRECTION ( 'NONE',  ( -1.000000000000000000, -0.0000000000000000000, 0.0000000000000000000 ) ) ;
#199 = ORIENTED_EDGE ( 'NONE', *, *, #851, .T. ) ;
#200 = CARTESIAN_POINT ( 'NONE',  ( -2.700000000000008200, 5.048709793414475600E-026, 1.656607900964124800E-026 ) ) ;
#201 = ORIENTED_EDGE ( 'NONE', *, *, #1682, .T. ) ;
#202 = CARTESIAN_POINT ( 'NONE',  ( -13.86317793001000400, 42.09457072034000200, -6.960431939617999200 ) ) ;
#203 = DIRECTION ( 'NONE',  ( -1.000000000000000000, -0.0000000000000000000, -0.0000000000000000000 ) ) ;
#204 = EDGE_CURVE ( 'NONE', #1462, #249, #5599, .T. ) ;
#205 = DIRECTION ( 'NONE',  ( 0.0000000000000000000, 0.0000000000000000000, -1.000000000000000000 ) ) ;
#206 = STYLED_ITEM ( 'NONE', ( #3732 ), #2224 ) ;
#207 = EDGE_LOOP ( 'NONE', ( #5334, #66, #596, #4498 ) ) ;
#208 = CARTESIAN_POINT ( 'NONE',  ( -0.3040217494551686900, -17.13304714025053200, -34.26609428050129200 ) ) ;
#209 = EDGE_LOOP ( 'NONE', ( #2115, #4360, #2278, #4496 ) ) ;
#210 = VERTEX_POINT ( 'NONE', #5510 ) ;
#211 = CARTESIAN_POINT ( 'NONE',  ( -21.30000000000118000, 40.29999999999945700, 0.0000000000000000000 ) ) ;
#212 = CARTESIAN_POINT ( 'NONE',  ( -0.6470537029839214000, 17.20000000032940700, -1.249941288410261100E-028 ) ) ;
#213 = FACE_OUTER_BOUND ( 'NONE', #3508, .T. ) ;
#214 = EDGE_CURVE ( 'NONE', #4320, #71, #2255, .T. ) ;
#215 = ORIENTED_EDGE ( 'NONE', *, *, #2735, .F. ) ;
#216 = COLOUR_RGB ( '',1.000000000000000000, 1.000000000000000000, 0.9490196078431372100 ) ;
#217 = DIRECTION ( 'NONE',  ( 0.0000000000000000000, 1.000000000000000000, 0.0000000000000000000 ) ) ;
#218 = CARTESIAN_POINT ( 'NONE',  ( -27.89565275540000400, 16.61786454130000100, 9.000000000000001800 ) ) ;
#219 = EDGE_LOOP ( 'NONE', ( #3552, #115, #4736, #255, #2733, #1610, #1748, #836, #5398, #4421, #1101, #2510, #188, #4813, #481, #1681, #3062, #2110, #4357, #3424, #4617, #4739, #3804, #1616, #2998, #700, #5271, #1251 ) ) ;
#220 = MECHANICAL_DESIGN_GEOMETRIC_PRESENTATION_REPRESENTATION (  '', ( #4975 ), #539 ) ;
#221 = FACE_OUTER_BOUND ( 'NONE', #5018, .T. ) ;
#222 = CARTESIAN_POINT ( 'NONE',  ( -0.3040217494551686300, -17.13304714025053600, -2.098193133994991700E-015 ) ) ;
#223 = VERTEX_POINT ( 'NONE', #1958 ) ;
#224 = CARTESIAN_POINT ( 'NONE',  ( -32.00000000000000000, 28.49999999999999600, -14.00000000000000000 ) ) ;
#225 = CARTESIAN_POINT ( 'NONE',  ( -18.00000000000000400, 16.73320053068117400, 9.000000000000630600 ) ) ;
#226 = FILL_AREA_STYLE_COLOUR ( '', #2858 ) ;
#227 = VECTOR ( 'NONE', #736, 1000.000000000000000 ) ;
#228 = PRESENTATION_LAYER_ASSIGNMENT (  '', '', ( #5559 ) ) ;
#229 = DIRECTION ( 'NONE',  ( 1.000000000000000000, -0.0000000000000000000, -0.0000000000000000000 ) ) ;
#230 = LINE ( 'NONE', #1406, #2399 ) ;
#231 = SURFACE_STYLE_FILL_AREA ( #5540 ) ;
#232 = UNCERTAINTY_MEASURE_WITH_UNIT (LENGTH_MEASURE( 1.000000000000000100E-005 ), #1183, 'distance_accuracy_value', 'NONE');
#233 = EDGE_CURVE ( 'NONE', #4039, #638, #2420, .T. ) ;
#234 = DIRECTION ( 'NONE',  ( -0.0000000000000000000, -1.000000000000000000, -0.0000000000000000000 ) ) ;
#235 = PLANE ( 'NONE',  #866 ) ;
#236 = AXIS2_PLACEMENT_3D ( 'NONE', #3463, #3444, #3426 ) ;
#237 = LINE ( 'NONE', #5326, #4722 ) ;
#238 = FILL_AREA_STYLE_COLOUR ( '', #5349 ) ;
#239 = COLOUR_RGB ( '',0.0000000000000000000, 0.0000000000000000000, 0.0000000000000000000 ) ;
#240 = SURFACE_SIDE_STYLE ('',( #10 ) ) ;
#241 = UNCERTAINTY_MEASURE_WITH_UNIT (LENGTH_MEASURE( 1.000000000000000100E-005 ), #27, 'distance_accuracy_value', 'NONE');
#242 = DIRECTION ( 'NONE',  ( 0.0000000000000000000, 0.0000000000000000000, 1.000000000000000000 ) ) ;
#243 = DIRECTION ( 'NONE',  ( 0.0000000000000000000, 0.0000000000000000000, 1.000000000000000000 ) ) ;
#244 = LINE ( 'NONE', #2114, #4725 ) ;
#245 = LINE ( 'NONE', #4440, #2855 ) ;
#246 = STYLED_ITEM ( 'NONE', ( #5593 ), #2407 ) ;
#247 = FILL_AREA_STYLE ('',( #1597 ) ) ;
#248 = EDGE_CURVE ( 'NONE', #3625, #3885, #5457, .T. ) ;
#249 = VERTEX_POINT ( 'NONE', #1995 ) ;
#250 = ORIENTED_EDGE ( 'NONE', *, *, #966, .F. ) ;
#251 = CARTESIAN_POINT ( 'NONE',  ( -0.6470537029838423500, -17.20000000032918000, -2.106392494573899000E-015 ) ) ;
#252 = LINE ( 'NONE', #2533, #554 ) ;
#253 = AXIS2_PLACEMENT_3D ( 'NONE', #1933, #4889, #2424 ) ;
#254 = PRESENTATION_STYLE_ASSIGNMENT (( #835 ) ) ;
#255 = ORIENTED_EDGE ( 'NONE', *, *, #5376, .F. ) ;
#256 = FILL_AREA_STYLE_COLOUR ( '', #1397 ) ;
#257 = CARTESIAN_POINT ( 'NONE',  ( 0.0000000000000000000, 2.265596578422603400E-015, -18.50000000000000000 ) ) ;
#258 = CARTESIAN_POINT ( 'NONE',  ( -0.6470537029838423500, -17.20000000032917600, -34.40000000065858600 ) ) ;
#259 = ORIENTED_EDGE ( 'NONE', *, *, #2588, .T. ) ;
#260 = CARTESIAN_POINT ( 'NONE',  ( -0.6470537029839212900, 17.20000000032940700, -34.40000000065857900 ) ) ;
#261 = CARTESIAN_POINT ( 'NONE',  ( -46.50000000000000000, 0.0000000000000000000, 0.0000000000000000000 ) ) ;
#262 = MECHANICAL_DESIGN_GEOMETRIC_PRESENTATION_REPRESENTATION (  '', ( #5016 ), #592 ) ;
#263 = EDGE_LOOP ( 'NONE', ( #4747, #5497, #201, #637 ) ) ;
#264 = ORIENTED_EDGE ( 'NONE', *, *, #4062, .F. ) ;
#265 = EDGE_LOOP ( 'NONE', ( #360, #4946, #5149, #1328 ) ) ;
#266 = DIRECTION ( 'NONE',  ( 0.0000000000000000000, 0.0000000000000000000, -1.000000000000000000 ) ) ;
#267 = CARTESIAN_POINT ( 'NONE',  ( -3.000000000000002700, 1.457329691035836900E-015, -11.89999999999999500 ) ) ;
#268 = FACE_OUTER_BOUND ( 'NONE', #3929, .T. ) ;
#269 = EDGE_CURVE ( 'NONE', #3918, #5128, #3300, .T. ) ;
#270 = EDGE_LOOP ( 'NONE', ( #974, #3361, #2346, #4551 ) ) ;
#271 = EDGE_LOOP ( 'NONE', ( #1809, #4098, #5193, #1966 ) ) ;
#272 =( GEOMETRIC_REPRESENTATION_CONTEXT ( 3 ) GLOBAL_UNCERTAINTY_ASSIGNED_CONTEXT ( ( #2840 ) ) GLOBAL_UNIT_ASSIGNED_CONTEXT ( ( #3143, #3124, #3104 ) ) REPRESENTATION_CONTEXT ( 'NONE', 'WORKASPACE' ) );
#273 = DIRECTION ( 'NONE',  ( 0.0000000000000000000, 1.000000000000000000, 0.0000000000000000000 ) ) ;
#274 = FACE_BOUND ( 'NONE', #3813, .T. ) ;
#275 = DIRECTION ( 'NONE',  ( 1.000000000000000000, -0.0000000000000000000, -0.0000000000000000000 ) ) ;
#276 = CARTESIAN_POINT ( 'NONE',  ( -13.32776687814799000, 15.72609394624636500, -6.462007196789579100 ) ) ;
#278 = ORIENTED_EDGE ( 'NONE', *, *, #3402, .T. ) ;
#277 = FILL_AREA_STYLE_COLOUR ( '', #4526 ) ;
#279 = VECTOR ( 'NONE', #1432, 1000.000000000000000 ) ;
#280 =( GEOMETRIC_REPRESENTATION_CONTEXT ( 3 ) GLOBAL_UNCERTAINTY_ASSIGNED_CONTEXT ( ( #4765 ) ) GLOBAL_UNIT_ASSIGNED_CONTEXT ( ( #1872, #1830, #1777 ) ) REPRESENTATION_CONTEXT ( 'NONE', 'WORKASPACE' ) );
#281 = CARTESIAN_POINT ( 'NONE',  ( -15.76383974200918600, 16.99933353483593700, 0.6732245017180509300 ) ) ;
#282 = VERTEX_POINT ( 'NONE', #2036 ) ;
#283 = CARTESIAN_POINT ( 'NONE',  ( -3.000000000000002700, 0.0000000000000000000, 0.0000000000000000000 ) ) ;
#284 = EDGE_LOOP ( 'NONE', ( #4159, #829, #4277, #973 ) ) ;
#285 = STYLED_ITEM ( 'NONE', ( #2260 ), #2629 ) ;
#286 =( NAMED_UNIT ( * ) SI_UNIT ( $, .STERADIAN. ) SOLID_ANGLE_UNIT ( ) );
#287 = CARTESIAN_POINT ( 'NONE',  ( -32.00000000000000000, 28.49999999999999600, 14.50000000000000000 ) ) ;
#288 = AXIS2_PLACEMENT_3D ( 'NONE', #2625, #2632, #2633 ) ;
#289 = COLOUR_RGB ( '',0.0000000000000000000, 0.0000000000000000000, 0.0000000000000000000 ) ;
#290 = CARTESIAN_POINT ( 'NONE',  ( -13.32506175098298600, 15.72482978998467100, 6.465095308243929800 ) ) ;
#291 = CARTESIAN_POINT ( 'NONE',  ( -12.25000000000000400, 28.77999999999999800, 8.631999999999999700 ) ) ;
#292 =( NAMED_UNIT ( * ) SI_UNIT ( $, .STERADIAN. ) SOLID_ANGLE_UNIT ( ) );
#293 = DIRECTION ( 'NONE',  ( 1.000000000000000000, -0.0000000000000000000, -0.0000000000000000000 ) ) ;
#294 = VERTEX_POINT ( 'NONE', #2060 ) ;
#295 =( GEOMETRIC_REPRESENTATION_CONTEXT ( 3 ) GLOBAL_UNCERTAINTY_ASSIGNED_CONTEXT ( ( #4266 ) ) GLOBAL_UNIT_ASSIGNED_CONTEXT ( ( #5227, #5585, #5245 ) ) REPRESENTATION_CONTEXT ( 'NONE', 'WORKASPACE' ) );
#296 = CARTESIAN_POINT ( 'NONE',  ( -14.56800000000000500, 32.34400000000000100, -5.900000000000000400 ) ) ;
#297 = VERTEX_POINT ( 'NONE', #2073 ) ;
#298 = VECTOR ( 'NONE', #1565, 1000.000000000000000 ) ;
#299 = DIRECTION ( 'NONE',  ( -1.000000000000000000, 0.0000000000000000000, 0.0000000000000000000 ) ) ;
#300 = DIRECTION ( 'NONE',  ( -1.000000000000000000, -0.0000000000000000000, -0.0000000000000000000 ) ) ;
#301 = VECTOR ( 'NONE', #1212, 1000.000000000000000 ) ;
#302 = MECHANICAL_DESIGN_GEOMETRIC_PRESENTATION_REPRESENTATION (  '', ( #5056 ), #632 ) ;
#303 =( LENGTH_UNIT ( ) NAMED_UNIT ( * ) SI_UNIT ( .MILLI., .METRE. ) );
#304 = SURFACE_STYLE_FILL_AREA ( #4847 ) ;
#305 = LINE ( 'NONE', #4771, #4787 ) ;
#306 = CARTESIAN_POINT ( 'NONE',  ( -21.30000000000000100, 32.50000000000000000, -5.900000000000000400 ) ) ;
#307 = CARTESIAN_POINT ( 'NONE',  ( 0.0000000000000000000, 18.50000000000000000, 0.0000000000000000000 ) ) ;
#308 = PLANE ( 'NONE',  #1641 ) ;
#309 = EDGE_CURVE ( 'NONE', #223, #5132, #1961, .T. ) ;
#310 = CARTESIAN_POINT ( 'NONE',  ( -0.8529462970165435600, 1.129225799121304100E-013, -1.249941288410261100E-028 ) ) ;
#311 =( GEOMETRIC_REPRESENTATION_CONTEXT ( 3 ) GLOBAL_UNCERTAINTY_ASSIGNED_CONTEXT ( ( #3985 ) ) GLOBAL_UNIT_ASSIGNED_CONTEXT ( ( #5424, #5397, #5325 ) ) REPRESENTATION_CONTEXT ( 'NONE', 'WORKASPACE' ) );
#312 = COLOUR_RGB ( '',0.0000000000000000000, 0.0000000000000000000, 0.0000000000000000000 ) ;
#313 =( NAMED_UNIT ( * ) SI_UNIT ( $, .STERADIAN. ) SOLID_ANGLE_UNIT ( ) );
#314 = UNCERTAINTY_MEASURE_WITH_UNIT (LENGTH_MEASURE( 1.000000000000000100E-005 ), #3025, 'distance_accuracy_value', 'NONE');
#315 = LINE ( 'NONE', #2936, #4663 ) ;
#316 = ORIENTED_EDGE ( 'NONE', *, *, #125, .T. ) ;
#317 = VECTOR ( 'NONE', #2778, 1000.000000000000000 ) ;
#318 = PRESENTATION_STYLE_ASSIGNMENT (( #4620 ) ) ;
#319 = FILL_AREA_STYLE_COLOUR ( '', #5280 ) ;
#320 = ORIENTED_EDGE ( 'NONE', *, *, #1063, .F. ) ;
#321 =( GEOMETRIC_REPRESENTATION_CONTEXT ( 3 ) GLOBAL_UNCERTAINTY_ASSIGNED_CONTEXT ( ( #2062 ) ) GLOBAL_UNIT_ASSIGNED_CONTEXT ( ( #72, #3251, #543 ) ) REPRESENTATION_CONTEXT ( 'NONE', 'WORKASPACE' ) );
#322 = VERTEX_POINT ( 'NONE', #2099 ) ;
#323 = EDGE_CURVE ( 'NONE', #3674, #5207, #2100, .T. ) ;
#324 = COLOUR_RGB ( '',0.7764705882352941300, 0.7568627450980391900, 0.7372549019607843600 ) ;
#325 =( LENGTH_UNIT ( ) NAMED_UNIT ( * ) SI_UNIT ( .MILLI., .METRE. ) );
#326 = CARTESIAN_POINT ( 'NONE',  ( -32.00000000000000000, 28.49999999999999600, -14.50000000000000000 ) ) ;
#327 = SURFACE_STYLE_USAGE ( .BOTH. , #3077 ) ;
#328 = ORIENTED_EDGE ( 'NONE', *, *, #5163, .F. ) ;
#329 = VECTOR ( 'NONE', #670, 1000.000000000000000 ) ;
#330 = AXIS2_PLACEMENT_3D ( 'NONE', #3448, #4653, #1699 ) ;
#331 = CARTESIAN_POINT ( 'NONE',  ( -13.11469778140259200, 15.62769004529695000, 6.695756660454529600 ) ) ;
#332 =( NAMED_UNIT ( * ) SI_UNIT ( $, .STERADIAN. ) SOLID_ANGLE_UNIT ( ) );
#333 = AXIS2_PLACEMENT_3D ( 'NONE', #527, #526, #518 ) ;
#334 = VERTEX_POINT ( 'NONE', #2136 ) ;
#335 = VERTEX_POINT ( 'NONE', #1988 ) ;
#336 = DIRECTION ( 'NONE',  ( 2.290872364454421500E-015, -1.000000000000000000, 0.0000000000000000000 ) ) ;
#337 = EDGE_LOOP ( 'NONE', ( #4561, #4903, #4370, #1403 ) ) ;
#338 =( NAMED_UNIT ( * ) PLANE_ANGLE_UNIT ( ) SI_UNIT ( $, .RADIAN. ) );
#339 = EDGE_LOOP ( 'NONE', ( #5263, #3242, #5392, #2172 ) ) ;
#340 = ORIENTED_EDGE ( 'NONE', *, *, #434, .T. ) ;
#341 = ORIENTED_EDGE ( 'NONE', *, *, #5574, .F. ) ;
#342 = EDGE_CURVE ( 'NONE', #1401, #775, #5323, .T. ) ;
#343 = CARTESIAN_POINT ( 'NONE',  ( -32.90477078163784300, 12.34846731762344700, -14.44099564765786600 ) ) ;
#344 = PRESENTATION_LAYER_ASSIGNMENT (  '', '', ( #5370 ) ) ;
#345 = EDGE_LOOP ( 'NONE', ( #320, #2931, #3056, #760 ) ) ;
#346 = ORIENTED_EDGE ( 'NONE', *, *, #1365, .F. ) ;
#347 = APPLICATION_PROTOCOL_DEFINITION ( 'draft international standard', 'automotive_design', 1998, #3093 ) ;
#348 = CARTESIAN_POINT ( 'NONE',  ( -0.6470537029834783100, 15.05000000000011600, -30.09999999999998700 ) ) ;
#349 = DIRECTION ( 'NONE',  ( 1.000000000000000000, 0.0000000000000000000, 0.0000000000000000000 ) ) ;
#350 = LINE ( 'NONE', #907, #4240 ) ;
#351 = SURFACE_STYLE_USAGE ( .BOTH. , #3094 ) ;
#352 = CARTESIAN_POINT ( 'NONE',  ( -3.440000000000005700, 28.83676192420999800, -15.00000000000000000 ) ) ;
#353 = EDGE_CURVE ( 'NONE', #1489, #509, #3184, .T. ) ;
#354 = STYLED_ITEM ( 'NONE', ( #1481 ), #2104 ) ;
#355 = VERTEX_POINT ( 'NONE', #2130 ) ;
#356 = CARTESIAN_POINT ( 'NONE',  ( -0.3040217494552470700, 17.13304714025075600, 34.26609428050129900 ) ) ;
#357 = CARTESIAN_POINT ( 'NONE',  ( -17.60000000000000500, 32.50000000000000000, -1.250000000000000200 ) ) ;
#358 = PRESENTATION_STYLE_ASSIGNMENT (( #1766 ) ) ;
#359 = CARTESIAN_POINT ( 'NONE',  ( -0.6470537029834090300, -15.04999999999987800, -30.09999999999999800 ) ) ;
#360 = ORIENTED_EDGE ( 'NONE', *, *, #3710, .T. ) ;
#361 =( NAMED_UNIT ( * ) SI_UNIT ( $, .STERADIAN. ) SOLID_ANGLE_UNIT ( ) );
#362 =( LENGTH_UNIT ( ) NAMED_UNIT ( * ) SI_UNIT ( .MILLI., .METRE. ) );
#363 = EDGE_LOOP ( 'NONE', ( #4219, #4352, #1038, #5603 ) ) ;
#364 = FILL_AREA_STYLE ('',( #1246 ) ) ;
#365 = MECHANICAL_DESIGN_GEOMETRIC_PRESENTATION_REPRESENTATION (  '', ( #5103 ), #678 ) ;
#366 = SURFACE_STYLE_FILL_AREA ( #1402 ) ;
#367 = EDGE_CURVE ( 'NONE', #945, #3413, #3415, .T. ) ;
#368 = CARTESIAN_POINT ( 'NONE',  ( -30.50000000000000400, 22.50000000000000000, 2.000000000000000000 ) ) ;
#369 = UNCERTAINTY_MEASURE_WITH_UNIT (LENGTH_MEASURE( 1.000000000000000100E-005 ), #5631, 'distance_accuracy_value', 'NONE');
#370 =( NAMED_UNIT ( * ) PLANE_ANGLE_UNIT ( ) SI_UNIT ( $, .RADIAN. ) );
#371 = AXIS2_PLACEMENT_3D ( 'NONE', #4861, #2388, #5281 ) ;
#372 = FILL_AREA_STYLE ('',( #1718 ) ) ;
#373 = AXIS2_PLACEMENT_3D ( 'NONE', #1018, #1009, #1035 ) ;
#374 = SURFACE_STYLE_FILL_AREA ( #4875 ) ;
#375 = DIRECTION ( 'NONE',  ( 2.300777865986237300E-015, -1.000000000000000000, 0.0000000000000000000 ) ) ;
#376 =( LENGTH_UNIT ( ) NAMED_UNIT ( * ) SI_UNIT ( .MILLI., .METRE. ) );
#377 = SURFACE_STYLE_USAGE ( .BOTH. , #4974 ) ;
#378 = SURFACE_STYLE_USAGE ( .BOTH. , #400 ) ;
#379 = CIRCLE ( 'NONE', #453, 1.000000000000000000 ) ;
#380 = MECHANICAL_DESIGN_GEOMETRIC_PRESENTATION_REPRESENTATION (  '', ( #5410 ), #696 ) ;
#381 = DIRECTION ( 'NONE',  ( 0.0000000000000000000, 0.0000000000000000000, 1.000000000000000000 ) ) ;
#382 = CARTESIAN_POINT ( 'NONE',  ( -2.665827251571020800E-014, 16.30043030564248200, 32.60086061128474500 ) ) ;
#383 = DIRECTION ( 'NONE',  ( -1.000000000000000000, -0.0000000000000000000, -0.0000000000000000000 ) ) ;
#384 = VECTOR ( 'NONE', #2894, 1000.000000000000000 ) ;
#385 = DIRECTION ( 'NONE',  ( 0.0000000000000000000, -1.734723475976805700E-015, -1.000000000000000000 ) ) ;
#386 = SURFACE_STYLE_FILL_AREA ( #1510 ) ;
#387 = SURFACE_STYLE_USAGE ( .BOTH. , #1288 ) ;
#388 = ORIENTED_EDGE ( 'NONE', *, *, #3285, .T. ) ;
#389 = AXIS2_PLACEMENT_3D ( 'NONE', #326, #1892, #1438 ) ;
#390 = LINE ( 'NONE', #3843, #1592 ) ;
#391 = ORIENTED_EDGE ( 'NONE', *, *, #4679, .F. ) ;
#392 = LINE ( 'NONE', #56, #4865 ) ;
#393 = DIRECTION ( 'NONE',  ( -0.0000000000000000000, -0.0000000000000000000, 1.000000000000000000 ) ) ;
#394 = DIRECTION ( 'NONE',  ( 0.0000000000000000000, 0.0000000000000000000, -1.000000000000000000 ) ) ;
#395 = FACE_OUTER_BOUND ( 'NONE', #4667, .T. ) ;
#396 = UNCERTAINTY_MEASURE_WITH_UNIT (LENGTH_MEASURE( 1.000000000000000100E-005 ), #3322, 'distance_accuracy_value', 'NONE');
#397 = ORIENTED_EDGE ( 'NONE', *, *, #1764, .T. ) ;
#398 = LINE ( 'NONE', #1835, #3548 ) ;
#399 = DIRECTION ( 'NONE',  ( -1.000000000000000000, -0.0000000000000000000, -0.0000000000000000000 ) ) ;
#400 = SURFACE_SIDE_STYLE ('',( #4135 ) ) ;
#401 = MECHANICAL_DESIGN_GEOMETRIC_PRESENTATION_REPRESENTATION (  '', ( #5136 ), #712 ) ;
#402 = CARTESIAN_POINT ( 'NONE',  ( -0.3040217494551676300, -17.13304714025053600, -2.098193133994991300E-015 ) ) ;
#403 = DIRECTION ( 'NONE',  ( -1.000000000000000000, -0.0000000000000000000, -0.0000000000000000000 ) ) ;
#404 = FACE_OUTER_BOUND ( 'NONE', #32, .T. ) ;
#405 = ORIENTED_EDGE ( 'NONE', *, *, #5096, .F. ) ;
#406 = CARTESIAN_POINT ( 'NONE',  ( -0.6470537029834783100, 15.05000000000011300, 1.857265274437176500E-015 ) ) ;
#407 = DIRECTION ( 'NONE',  ( -1.000000000000000000, -0.0000000000000000000, -0.0000000000000000000 ) ) ;
#408 = COLOUR_RGB ( '',0.0000000000000000000, 0.0000000000000000000, 0.0000000000000000000 ) ;
#409 = MECHANICAL_DESIGN_GEOMETRIC_PRESENTATION_REPRESENTATION (  '', ( #5432 ), #721 ) ;
#410 = ORIENTED_EDGE ( 'NONE', *, *, #3832, .F. ) ;
#411 = EDGE_CURVE ( 'NONE', #1032, #1581, #3764, .T. ) ;
#412 = COLOUR_RGB ( '',0.0000000000000000000, 0.0000000000000000000, 0.0000000000000000000 ) ;
#413 = FILL_AREA_STYLE_COLOUR ( '', #3267 ) ;
#414 = ORIENTED_EDGE ( 'NONE', *, *, #3485, .T. ) ;
#415 = FILL_AREA_STYLE ('',( #909 ) ) ;
#416 = VERTEX_POINT ( 'NONE', #2550 ) ;
#417 = CARTESIAN_POINT ( 'NONE',  ( -23.75000000000000000, 28.77999999999999800, -8.631999999999999700 ) ) ;
#418 = PRESENTATION_LAYER_ASSIGNMENT (  '', '', ( #5442 ) ) ;
#419 = DIRECTION ( 'NONE',  ( 1.000000000000000000, 0.0000000000000000000, 0.0000000000000000000 ) ) ;
#421 = ORIENTED_EDGE ( 'NONE', *, *, #4142, .T. ) ;
#420 = CARTESIAN_POINT ( 'NONE',  ( -19.50000000000000400, 34.50000000000000000, 9.500000000000000000 ) ) ;
#422 = ORIENTED_EDGE ( 'NONE', *, *, #4442, .T. ) ;
#423 = UNCERTAINTY_MEASURE_WITH_UNIT (LENGTH_MEASURE( 1.000000000000000100E-005 ), #303, 'distance_accuracy_value', 'NONE');
#424 = CARTESIAN_POINT ( 'NONE',  ( -46.50000000000000000, 0.0000000000000000000, 16.99999999999999600 ) ) ;
#425 = CARTESIAN_POINT ( 'NONE',  ( -0.05597972129021535500, 16.78820545165988400, 33.57641090331955500 ) ) ;
#426 = EDGE_LOOP ( 'NONE', ( #2507, #4672, #1386, #3731 ) ) ;
#427 = DIRECTION ( 'NONE',  ( -1.000000000000000000, -0.0000000000000000000, 0.0000000000000000000 ) ) ;
#428 =( GEOMETRIC_REPRESENTATION_CONTEXT ( 3 ) GLOBAL_UNCERTAINTY_ASSIGNED_CONTEXT ( ( #4505 ) ) GLOBAL_UNIT_ASSIGNED_CONTEXT ( ( #2850, #2003, #1658 ) ) REPRESENTATION_CONTEXT ( 'NONE', 'WORKASPACE' ) );
#429 = CARTESIAN_POINT ( 'NONE',  ( -0.6470537029838414600, -17.20000000032918000, -2.106392494573899400E-015 ) ) ;
#430 = FILL_AREA_STYLE_COLOUR ( '', #2365 ) ;
#431 = ORIENTED_EDGE ( 'NONE', *, *, #2991, .F. ) ;
#432 = DIRECTION ( 'NONE',  ( 0.0000000000000000000, 0.0000000000000000000, 1.000000000000000000 ) ) ;
#433 = SURFACE_STYLE_USAGE ( .BOTH. , #797 ) ;
#434 = EDGE_CURVE ( 'NONE', #4501, #3511, #3051, .T. ) ;
#435 = MECHANICAL_DESIGN_GEOMETRIC_PRESENTATION_REPRESENTATION (  '', ( #5454 ), #742 ) ;
#436 = CARTESIAN_POINT ( 'NONE',  ( -2.700000000000008200, 5.048709793414475600E-026, 1.656607900964124800E-026 ) ) ;
#437 = DIRECTION ( 'NONE',  ( -0.4133841097045781700, 0.8113119965140623800, 0.4133841097044240700 ) ) ;
#438 =( NAMED_UNIT ( * ) SI_UNIT ( $, .STERADIAN. ) SOLID_ANGLE_UNIT ( ) );
#439 = PRESENTATION_STYLE_ASSIGNMENT (( #874 ) ) ;
#440 = ORIENTED_EDGE ( 'NONE', *, *, #927, .T. ) ;
#441 =( GEOMETRIC_REPRESENTATION_CONTEXT ( 3 ) GLOBAL_UNCERTAINTY_ASSIGNED_CONTEXT ( ( #3698 ) ) GLOBAL_UNIT_ASSIGNED_CONTEXT ( ( #2293, #1620, #1400 ) ) REPRESENTATION_CONTEXT ( 'NONE', 'WORKASPACE' ) );
#442 =( LENGTH_UNIT ( ) NAMED_UNIT ( * ) SI_UNIT ( .MILLI., .METRE. ) );
#443 = EDGE_CURVE ( 'NONE', #53, #5484, #627, .T. ) ;
#444 = FACE_OUTER_BOUND ( 'NONE', #1247, .T. ) ;
#445 = CARTESIAN_POINT ( 'NONE',  ( -3.000000000000002700, 16.35549038165106900, 9.669432991428031700 ) ) ;
#446 = CARTESIAN_POINT ( 'NONE',  ( -33.00000000000000000, 22.50000000000000000, 0.0000000000000000000 ) ) ;
#447 = VECTOR ( 'NONE', #4124, 1000.000000000000000 ) ;
#448 = CARTESIAN_POINT ( 'NONE',  ( -10.92638291043426200, 14.75389938061917100, -8.454703103705515600 ) ) ;
#449 = COLOUR_RGB ( '',0.1098039215686274500, 0.1098039215686274500, 0.1098039215686274500 ) ;
#450 = SURFACE_STYLE_FILL_AREA ( #1642 ) ;
#451 =( LENGTH_UNIT ( ) NAMED_UNIT ( * ) SI_UNIT ( .MILLI., .METRE. ) );
#452 = CARTESIAN_POINT ( 'NONE',  ( -0.05597972129020040800, 15.46179454866978100, 3.787047440620335300E-015 ) ) ;
#453 = AXIS2_PLACEMENT_3D ( 'NONE', #480, #3596, #931 ) ;
#454 = PRESENTATION_LAYER_ASSIGNMENT (  '', '', ( #5471 ) ) ;
#455 = PLANE ( 'NONE',  #4016 ) ;
#456 = VECTOR ( 'NONE', #5042, 1000.000000000000000 ) ;
#457 = FACE_OUTER_BOUND ( 'NONE', #1131, .T. ) ;
#458 = CARTESIAN_POINT ( 'NONE',  ( -8.585627317867913900, 14.15059083545465900, -9.421987963447159900 ) ) ;
#459 =( NAMED_UNIT ( * ) PLANE_ANGLE_UNIT ( ) SI_UNIT ( $, .RADIAN. ) );
#460 = SURFACE_SIDE_STYLE ('',( #2079 ) ) ;
#461 = CARTESIAN_POINT ( 'NONE',  ( -32.50000000000000000, 29.00000000000000000, -14.00000000000000200 ) ) ;
#462 = LINE ( 'NONE', #1782, #1516 ) ;
#463 = CARTESIAN_POINT ( 'NONE',  ( -4.000000000000001800, 28.79289321881363500, 15.00000000000036800 ) ) ;
#464 = STYLED_ITEM ( 'NONE', ( #5240 ), #1787 ) ;
#465 = SURFACE_STYLE_USAGE ( .BOTH. , #460 ) ;
#466 =( BOUNDED_SURFACE ( )  B_SPLINE_SURFACE ( 3, 3, ( 
 ( #2623, #1181, #2503, #4008 ),
 ( #5237, #3624, #1844, #3213 ),
 ( #923, #943, #4382, #5630 ),
 ( #2272, #4275, #3934, #2737 ) ),
 .UNSPECIFIED., .F., .F., .F. ) 
 B_SPLINE_SURFACE_WITH_KNOTS ( ( 4, 4 ),
 ( 4, 4 ),
 ( 0.1182176778004374000, 0.8817823222034245600 ),
 ( 0.0000000000000000000, 1.000000000000000000 ),
 .UNSPECIFIED. ) 
 GEOMETRIC_REPRESENTATION_ITEM ( )  RATIONAL_B_SPLINE_SURFACE ( (
 ( 0.9051945244696566500, 0.7284442991361420600, 0.7284442991361420600, 0.9051945244696566500),
 ( 0.7284442991889804600, 0.5862067021376713400, 0.5862067021376713400, 0.7284442991889804600),
 ( 0.7284442991898744100, 0.5862067021383906600, 0.5862067021383906600, 0.7284442991898744100),
 ( 0.9051945244723381700, 0.7284442991383000000, 0.7284442991383000000, 0.9051945244723381700) ) ) 
 REPRESENTATION_ITEM ( '' )  SURFACE ( )  );
#467 = CARTESIAN_POINT ( 'NONE',  ( -18.39999999999999900, 36.50000000000000000, -4.049999999999999800 ) ) ;
#468 = VECTOR ( 'NONE', #2884, 1000.000000000000000 ) ;
#469 = VERTEX_POINT ( 'NONE', #2581 ) ;
#470 = LINE ( 'NONE', #2769, #317 ) ;
#471 = EDGE_CURVE ( 'NONE', #4566, #4333, #1806, .T. ) ;
#472 = STYLED_ITEM ( 'NONE', ( #499 ), #2076 ) ;
#473 = ORIENTED_EDGE ( 'NONE', *, *, #5066, .T. ) ;
#474 = FILL_AREA_STYLE ('',( #796 ) ) ;
#475 = CARTESIAN_POINT ( 'NONE',  ( -0.05597972129020040200, 15.46179454866977400, 30.92358909733932700 ) ) ;
#476 =( BOUNDED_SURFACE ( )  B_SPLINE_SURFACE ( 3, 3, ( 
 ( #406, #348, #359, #824 ),
 ( #633, #668, #631, #623 ),
 ( #610, #615, #597, #604 ),
 ( #1040, #594, #587, #578 ) ),
 .UNSPECIFIED., .F., .F., .F. ) 
 B_SPLINE_SURFACE_WITH_KNOTS ( ( 4, 4 ),
 ( 4, 4 ),
 ( 0.0000000000000000000, 1.000000000000000000 ),
 ( 0.0000000000000000000, 1.000000000000000000 ),
 .UNSPECIFIED. ) 
 GEOMETRIC_REPRESENTATION_ITEM ( )  RATIONAL_B_SPLINE_SURFACE ( (
 ( 1.000000000000000000, 0.3333333333333334300, 0.3333333333333334300, 1.000000000000000000),
 ( 0.8695484763486353000, 0.2898494921162118600, 0.2898494921162118600, 0.8695484763486353000),
 ( 0.8695484763486353000, 0.2898494921162118600, 0.2898494921162118600, 0.8695484763486353000),
 ( 1.000000000000000000, 0.3333333333333334300, 0.3333333333333334300, 1.000000000000000000) ) ) 
 REPRESENTATION_ITEM ( '' )  SURFACE ( )  );
#477 = SURFACE_SIDE_STYLE ('',( #3118 ) ) ;
#478 = VERTEX_POINT ( 'NONE', #2595 ) ;
#479 = ORIENTED_EDGE ( 'NONE', *, *, #4520, .T. ) ;
#480 = CARTESIAN_POINT ( 'NONE',  ( -4.000000000000003600, 28.49999999999999600, -14.00000000000000000 ) ) ;
#481 = ORIENTED_EDGE ( 'NONE', *, *, #233, .F. ) ;
#482 = DIRECTION ( 'NONE',  ( -1.000000000000000000, -0.0000000000000000000, -0.0000000000000000000 ) ) ;
#483 = PRESENTATION_LAYER_ASSIGNMENT (  '', '', ( #783 ) ) ;
#484 = PLANE ( 'NONE',  #4354 ) ;
#485 = EDGE_CURVE ( 'NONE', #4930, #509, #5061, .T. ) ;
#486 = CARTESIAN_POINT ( 'NONE',  ( -3.414213562373937800, 28.79289321881363500, 15.00000000000036400 ) ) ;
#487 = EDGE_LOOP ( 'NONE', ( #1344, #1555, #5014, #4632 ) ) ;
#488 = VERTEX_POINT ( 'NONE', #2613 ) ;
#489 = EDGE_LOOP ( 'NONE', ( #4243, #4897, #4123, #3346 ) ) ;
#490 = DIRECTION ( 'NONE',  ( 0.0000000000000000000, 0.0000000000000000000, 1.000000000000000000 ) ) ;
#491 = SURFACE_STYLE_USAGE ( .BOTH. , #512 ) ;
#492 = STYLED_ITEM ( 'NONE', ( #1885 ), #2672 ) ;
#493 = PRESENTATION_LAYER_ASSIGNMENT (  '', '', ( #791 ) ) ;
#494 = VERTEX_POINT ( 'NONE', #2662 ) ;
#495 = ORIENTED_EDGE ( 'NONE', *, *, #4416, .F. ) ;
#496 = ORIENTED_EDGE ( 'NONE', *, *, #3115, .F. ) ;
#497 = CARTESIAN_POINT ( 'NONE',  ( -3.000000000000002700, 15.76490173463199300, -9.870555875805219900 ) ) ;
#498 = CARTESIAN_POINT ( 'NONE',  ( -0.05597972129012935400, -15.46179454866955500, 30.92358909733932000 ) ) ;
#499 = PRESENTATION_STYLE_ASSIGNMENT (( #2641 ) ) ;
#500 = SURFACE_SIDE_STYLE ('',( #2728 ) ) ;
#501 = FILL_AREA_STYLE_COLOUR ( '', #1425 ) ;
#502 = EDGE_LOOP ( 'NONE', ( #2673, #3859, #1688, #1047, #3428, #5612, #4622, #126, #2591, #1231 ) ) ;
#503 = ORIENTED_EDGE ( 'NONE', *, *, #3946, .F. ) ;
#504 = AXIS2_PLACEMENT_3D ( 'NONE', #3933, #2809, #2297 ) ;
#505 = PRESENTATION_STYLE_ASSIGNMENT (( #5571 ) ) ;
#506 = DIRECTION ( 'NONE',  ( 0.0000000000000000000, -1.000000000000000000, 8.341385800645747600E-013 ) ) ;
#507 = CARTESIAN_POINT ( 'NONE',  ( -4.063212019597403700, 5.048709793414475600E-026, 1.656607900964124800E-026 ) ) ;
#508 = ORIENTED_EDGE ( 'NONE', *, *, #1057, .T. ) ;
#509 = VERTEX_POINT ( 'NONE', #2687 ) ;
#510 = COLOUR_RGB ( '',0.0000000000000000000, 0.0000000000000000000, 0.0000000000000000000 ) ;
#511 = CARTESIAN_POINT ( 'NONE',  ( -5.999999999999998200, 15.71288563568131600, 9.764999999999998800 ) ) ;
#512 = SURFACE_SIDE_STYLE ('',( #4324 ) ) ;
#513 = PRESENTATION_LAYER_ASSIGNMENT (  '', '', ( #808 ) ) ;
#514 = UNCERTAINTY_MEASURE_WITH_UNIT (LENGTH_MEASURE( 1.000000000000000100E-005 ), #891, 'distance_accuracy_value', 'NONE');
#515 = DIRECTION ( 'NONE',  ( 0.0000000000000000000, 0.0000000000000000000, 1.000000000000000000 ) ) ;
#516 = CARTESIAN_POINT ( 'NONE',  ( -14.70000000000000500, 39.99999999999999300, 0.6000000000000003100 ) ) ;
#517 = COLOUR_RGB ( '',0.0000000000000000000, 0.0000000000000000000, 0.0000000000000000000 ) ;
#518 = DIRECTION ( 'NONE',  ( -0.4539904997382566100, -0.8910065241890251500, 0.0000000000000000000 ) ) ;
#519 = PLANE ( 'NONE',  #62 ) ;
#520 = EDGE_CURVE ( 'NONE', #1421, #4989, #3969, .T. ) ;
#521 = AXIS2_PLACEMENT_3D ( 'NONE', #2599, #2235, #855 ) ;
#522 = DIRECTION ( 'NONE',  ( 2.297646988048755200E-015, -1.000000000000000000, 0.0000000000000000000 ) ) ;
#523 = CIRCLE ( 'NONE', #4979, 15.04999999999999900 ) ;
#524 = DIRECTION ( 'NONE',  ( 0.0000000000000000000, 0.0000000000000000000, -1.000000000000000000 ) ) ;
#525 = CARTESIAN_POINT ( 'NONE',  ( -28.00000000000000400, 0.0000000000000000000, 0.0000000000000000000 ) ) ;
#526 = DIRECTION ( 'NONE',  ( -0.8910065241890252600, 0.4539904997382566700, 0.0000000000000000000 ) ) ;
#527 = CARTESIAN_POINT ( 'NONE',  ( -22.68357644329000100, 42.09297407572002200, -8.631999999999999700 ) ) ;
#528 = ORIENTED_EDGE ( 'NONE', *, *, #5277, .T. ) ;
#529 = STYLED_ITEM ( 'NONE', ( #4592 ), #2545 ) ;
#530 = EDGE_CURVE ( 'NONE', #5607, #1401, #4931, .T. ) ;
#531 = DIRECTION ( 'NONE',  ( -1.000000000000000000, 0.0000000000000000000, 0.0000000000000000000 ) ) ;
#532 = DIRECTION ( 'NONE',  ( 1.000000000000000000, -0.0000000000000000000, -0.0000000000000000000 ) ) ;
#533 = LINE ( 'NONE', #911, #4976 ) ;
#534 = FILL_AREA_STYLE ('',( #103 ) ) ;
#535 = DIRECTION ( 'NONE',  ( -1.000000000000000000, 0.0000000000000000000, 0.0000000000000000000 ) ) ;
#536 = CIRCLE ( 'NONE', #253, 18.59999999999994500 ) ;
#537 =( NAMED_UNIT ( * ) SI_UNIT ( $, .STERADIAN. ) SOLID_ANGLE_UNIT ( ) );
#538 = CARTESIAN_POINT ( 'NONE',  ( -3.000000000000002700, 14.22676663990985100, 9.666390793545867100 ) ) ;
#539 =( GEOMETRIC_REPRESENTATION_CONTEXT ( 3 ) GLOBAL_UNCERTAINTY_ASSIGNED_CONTEXT ( ( #5074 ) ) GLOBAL_UNIT_ASSIGNED_CONTEXT ( ( #376, #370, #361 ) ) REPRESENTATION_CONTEXT ( 'NONE', 'WORKASPACE' ) );
#540 = COLOUR_RGB ( '',0.1098039215686274500, 0.1098039215686274500, 0.1098039215686274500 ) ;
#541 = CIRCLE ( 'NONE', #3655, 17.20000000032938600 ) ;
#542 = ORIENTED_EDGE ( 'NONE', *, *, #2194, .F. ) ;
#543 =( NAMED_UNIT ( * ) SI_UNIT ( $, .STERADIAN. ) SOLID_ANGLE_UNIT ( ) );
#544 = CIRCLE ( 'NONE', #2786, 19.00000000000000000 ) ;
#545 = CARTESIAN_POINT ( 'NONE',  ( -4.000000000000003600, 29.00000000000000400, -14.50000000000019700 ) ) ;
#546 =( NAMED_UNIT ( * ) PLANE_ANGLE_UNIT ( ) SI_UNIT ( $, .RADIAN. ) );
#547 =( LENGTH_UNIT ( ) NAMED_UNIT ( * ) SI_UNIT ( .MILLI., .METRE. ) );
#548 = SURFACE_STYLE_FILL_AREA ( #5113 ) ;
#549 = EDGE_CURVE ( 'NONE', #2813, #138, #2795, .T. ) ;
#550 = COLOUR_RGB ( '',0.0000000000000000000, 0.0000000000000000000, 0.0000000000000000000 ) ;
#551 = MECHANICAL_DESIGN_GEOMETRIC_PRESENTATION_REPRESENTATION (  '', ( #5559 ), #848 ) ;
#552 = ORIENTED_EDGE ( 'NONE', *, *, #2368, .F. ) ;
#553 = ORIENTED_EDGE ( 'NONE', *, *, #4985, .T. ) ;
#554 = VECTOR ( 'NONE', #1625, 1000.000000000000000 ) ;
#555 = SURFACE_STYLE_FILL_AREA ( #3675 ) ;
#556 = DIRECTION ( 'NONE',  ( -0.0000000000000000000, 1.000000000000000000, -0.0000000000000000000 ) ) ;
#557 = VECTOR ( 'NONE', #149, 1000.000000000000000 ) ;
#558 = UNCERTAINTY_MEASURE_WITH_UNIT (LENGTH_MEASURE( 1.000000000000000100E-005 ), #325, 'distance_accuracy_value', 'NONE');
#559 = DIRECTION ( 'NONE',  ( 0.0000000000000000000, 0.0000000000000000000, -1.000000000000000000 ) ) ;
#560 = ORIENTED_EDGE ( 'NONE', *, *, #1969, .F. ) ;
#561 = EDGE_CURVE ( 'NONE', #3939, #3625, #1525, .T. ) ;
#562 = CARTESIAN_POINT ( 'NONE',  ( -27.89565275540000400, 22.60434724460000700, -2.000000000000000000 ) ) ;
#563 = PRESENTATION_LAYER_ASSIGNMENT (  '', '', ( #5565 ) ) ;
#564 = CARTESIAN_POINT ( 'NONE',  ( 0.0000000000000000000, 0.0000000000000000000, 0.0000000000000000000 ) ) ;
#565 = EDGE_LOOP ( 'NONE', ( #1875, #1090, #172, #2655 ) ) ;
#566 = VERTEX_POINT ( 'NONE', #2743 ) ;
#567 = ORIENTED_EDGE ( 'NONE', *, *, #471, .T. ) ;
#568 = FACE_OUTER_BOUND ( 'NONE', #713, .T. ) ;
#569 =( NAMED_UNIT ( * ) SI_UNIT ( $, .STERADIAN. ) SOLID_ANGLE_UNIT ( ) );
#570 = DIRECTION ( 'NONE',  ( -1.000000000000000000, 0.0000000000000000000, 0.0000000000000000000 ) ) ;
#571 = PRESENTATION_LAYER_ASSIGNMENT (  '', '', ( #246 ) ) ;
#573 = ORIENTED_EDGE ( 'NONE', *, *, #1424, .T. ) ;
#572 =( NAMED_UNIT ( * ) SI_UNIT ( $, .STERADIAN. ) SOLID_ANGLE_UNIT ( ) );
#574 = ORIENTED_EDGE ( 'NONE', *, *, #3485, .F. ) ;
#575 = EDGE_CURVE ( 'NONE', #5101, #3918, #470, .T. ) ;
#576 = EDGE_LOOP ( 'NONE', ( #3321, #2696, #4587, #4637 ) ) ;
#577 = CARTESIAN_POINT ( 'NONE',  ( -3.000000000000966300, 28.79289321881363500, 14.58578643762833200 ) ) ;
#578 = CARTESIAN_POINT ( 'NONE',  ( 4.228477940625672300E-014, -15.94956969468667700, -3.921536816949953700E-015 ) ) ;
#579 = FILL_AREA_STYLE_COLOUR ( '', #1618 ) ;
#580 = ORIENTED_EDGE ( 'NONE', *, *, #3864, .T. ) ;
#581 = FILL_AREA_STYLE_COLOUR ( '', #449 ) ;
#582 = AXIS2_PLACEMENT_3D ( 'NONE', #3696, #1051, #4094 ) ;
#583 = CARTESIAN_POINT ( 'NONE',  ( -17.49565275539999800, 32.34000000000000300, 1.250000000000000000 ) ) ;
#584 = STYLED_ITEM ( 'NONE', ( #1445 ), #1528 ) ;
#585 = CARTESIAN_POINT ( 'NONE',  ( -11.96319273617669100, 15.13789394246038200, -7.739075246883117200 ) ) ;
#586 = ORIENTED_EDGE ( 'NONE', *, *, #3573, .F. ) ;
#587 = CARTESIAN_POINT ( 'NONE',  ( 4.228477940625671000E-014, -15.94956969468666900, -31.89913938937358400 ) ) ;
#588 = VERTEX_POINT ( 'NONE', #2798 ) ;
#589 = COLOUR_RGB ( '',0.0000000000000000000, 0.0000000000000000000, 0.0000000000000000000 ) ;
#590 = ORIENTED_EDGE ( 'NONE', *, *, #4237, .T. ) ;
#591 = DIRECTION ( 'NONE',  ( -0.0000000000000000000, 1.000000000000000000, -0.0000000000000000000 ) ) ;
#592 =( GEOMETRIC_REPRESENTATION_CONTEXT ( 3 ) GLOBAL_UNCERTAINTY_ASSIGNED_CONTEXT ( ( #1632 ) ) GLOBAL_UNIT_ASSIGNED_CONTEXT ( ( #1371, #1082, #1559 ) ) REPRESENTATION_CONTEXT ( 'NONE', 'WORKASPACE' ) );
#593 = DIRECTION ( 'NONE',  ( 0.0000000000000000000, 0.0000000000000000000, -1.000000000000000000 ) ) ;
#594 = CARTESIAN_POINT ( 'NONE',  ( -3.100818213308543300E-014, 15.94956969468690900, -31.89913938937358000 ) ) ;
#595 = UNCERTAINTY_MEASURE_WITH_UNIT (LENGTH_MEASURE( 1.000000000000000100E-005 ), #2783, 'distance_accuracy_value', 'NONE');
#596 = ORIENTED_EDGE ( 'NONE', *, *, #575, .T. ) ;
#597 = CARTESIAN_POINT ( 'NONE',  ( -0.05597972129012935400, -15.46179454866954300, -30.92358909733932700 ) ) ;
#598 = EDGE_CURVE ( 'NONE', #2658, #1981, #3723, .T. ) ;
#599 = FACE_OUTER_BOUND ( 'NONE', #487, .T. ) ;
#600 = CARTESIAN_POINT ( 'NONE',  ( -50.00000000000000000, 0.0000000000000000000, -17.10000000000000100 ) ) ;
#601 = AXIS2_PLACEMENT_3D ( 'NONE', #3868, #2210, #2190 ) ;
#602 =( NAMED_UNIT ( * ) SI_UNIT ( $, .STERADIAN. ) SOLID_ANGLE_UNIT ( ) );
#603 = COLOUR_RGB ( '',0.0000000000000000000, 0.0000000000000000000, 0.0000000000000000000 ) ;
#604 = CARTESIAN_POINT ( 'NONE',  ( -0.05597972129012935400, -15.46179454866955000, -3.801607048930164600E-015 ) ) ;
#605 = CARTESIAN_POINT ( 'NONE',  ( -3.151539655642048300, 12.22758296771711500, -14.54332233136825900 ) ) ;
#606 = ORIENTED_EDGE ( 'NONE', *, *, #2943, .T. ) ;
#607 = VECTOR ( 'NONE', #4109, 1000.000000000000000 ) ;
#608 = FILL_AREA_STYLE ('',( #3726 ) ) ;
#609 = CARTESIAN_POINT ( 'NONE',  ( -21.30000000000015000, 40.29999999999989800, 5.900000000000075000 ) ) ;
#610 = CARTESIAN_POINT ( 'NONE',  ( -0.05597972129020040800, 15.46179454866977900, 1.908083328619684900E-015 ) ) ;
#611 = VECTOR ( 'NONE', #4613, 1000.000000000000000 ) ;
#612 = PRESENTATION_STYLE_ASSIGNMENT (( #5300 ) ) ;
#613 = AXIS2_PLACEMENT_3D ( 'NONE', #3113, #4707, #2200 ) ;
#614 = OPEN_SHELL ( 'NONE', ( #1546, #1622, #1662, #1962, #2484, #1714, #2186 ) ) ;
#615 = CARTESIAN_POINT ( 'NONE',  ( -0.05597972129020040200, 15.46179454866978300, -30.92358909733932000 ) ) ;
#616 = AXIS2_PLACEMENT_3D ( 'NONE', #2759, #2761, #2763 ) ;
#617 = CARTESIAN_POINT ( 'NONE',  ( -17.60000000000000500, 32.50000000000000000, 0.0000000000000000000 ) ) ;
#618 = CARTESIAN_POINT ( 'NONE',  ( -13.74356806038000500, 42.09457072034000200, 6.736822069995000100 ) ) ;
#619 = VECTOR ( 'NONE', #1287, 1000.000000000000000 ) ;
#620 =( NAMED_UNIT ( * ) SI_UNIT ( $, .STERADIAN. ) SOLID_ANGLE_UNIT ( ) );
#621 = SURFACE_STYLE_FILL_AREA ( #2512 ) ;
#622 =( NAMED_UNIT ( * ) PLANE_ANGLE_UNIT ( ) SI_UNIT ( $, .RADIAN. ) );
#623 = CARTESIAN_POINT ( 'NONE',  ( -0.3040217494549561400, -15.11695286007877900, -3.716820474513781100E-015 ) ) ;
#624 = DIRECTION ( 'NONE',  ( -1.000000000000000000, -2.297646988048755200E-015, -0.0000000000000000000 ) ) ;
#625 = CIRCLE ( 'NONE', #371, 1.399999999999998600 ) ;
#626 = ORIENTED_EDGE ( 'NONE', *, *, #5358, .T. ) ;
#627 = CIRCLE ( 'NONE', #5615, 18.50000000000000000 ) ;
#628 = VERTEX_POINT ( 'NONE', #2789 ) ;
#629 = CARTESIAN_POINT ( 'NONE',  ( -3.000000000000002700, 15.89838432353797900, 9.666390793545867100 ) ) ;
#630 = VERTEX_POINT ( 'NONE', #2775 ) ;
#631 = CARTESIAN_POINT ( 'NONE',  ( -0.3040217494549561400, -15.11695286007877400, -30.23390572015778600 ) ) ;
#632 =( GEOMETRIC_REPRESENTATION_CONTEXT ( 3 ) GLOBAL_UNCERTAINTY_ASSIGNED_CONTEXT ( ( #3921 ) ) GLOBAL_UNIT_ASSIGNED_CONTEXT ( ( #3496, #4353, #1114 ) ) REPRESENTATION_CONTEXT ( 'NONE', 'WORKASPACE' ) );
#633 = CARTESIAN_POINT ( 'NONE',  ( -0.3040217494550255800, 15.11695286007900500, 1.865527681217827100E-015 ) ) ;
#634 = EDGE_LOOP ( 'NONE', ( #5629, #4455, #3216, #3269 ) ) ;
#635 = DIRECTION ( 'NONE',  ( -0.0000000000000000000, 0.4226182617402839400, -0.9063077870368436700 ) ) ;
#636 = EDGE_CURVE ( 'NONE', #3030, #2244, #3606, .T. ) ;
#637 = ORIENTED_EDGE ( 'NONE', *, *, #2217, .T. ) ;
#638 = VERTEX_POINT ( 'NONE', #2859 ) ;
#639 = SURFACE_STYLE_USAGE ( .BOTH. , #658 ) ;
#640 = ORIENTED_EDGE ( 'NONE', *, *, #1953, .T. ) ;
#641 = DIRECTION ( 'NONE',  ( -0.0000000000000000000, -0.0000000000000000000, 1.000000000000000000 ) ) ;
#642 = FACE_OUTER_BOUND ( 'NONE', #426, .T. ) ;
#643 = CARTESIAN_POINT ( 'NONE',  ( -16.50000000000000000, 34.50000000000000000, -8.900000000000000400 ) ) ;
#644 = ORIENTED_EDGE ( 'NONE', *, *, #5564, .T. ) ;
#645 = ORIENTED_EDGE ( 'NONE', *, *, #3010, .T. ) ;
#646 = DIRECTION ( 'NONE',  ( -0.0000000000000000000, 1.000000000000000000, -0.0000000000000000000 ) ) ;
#647 = DIRECTION ( 'NONE',  ( -1.000000000000000000, -5.572024918017397500E-017, 3.990858611796196200E-013 ) ) ;
#648 = FILL_AREA_STYLE ('',( #1527 ) ) ;
#649 = EDGE_CURVE ( 'NONE', #5474, #2577, #2648, .T. ) ;
#650 = ORIENTED_EDGE ( 'NONE', *, *, #4132, .T. ) ;
#651 = CARTESIAN_POINT ( 'NONE',  ( -2.999999999999637200, 28.79289321881363500, 14.00000000000227000 ) ) ;
#652 = DIRECTION ( 'NONE',  ( 0.0000000000000000000, -1.734723475976805300E-015, 1.000000000000000000 ) ) ;
#653 = FILL_AREA_STYLE_COLOUR ( '', #3551 ) ;
#654 = ORIENTED_EDGE ( 'NONE', *, *, #2383, .T. ) ;
#655 = AXIS2_PLACEMENT_3D ( 'NONE', #4625, #1228, #4252 ) ;
#656 = FILL_AREA_STYLE_COLOUR ( '', #4831 ) ;
#657 = PRESENTATION_LAYER_ASSIGNMENT (  '', '', ( #28 ) ) ;
#658 = SURFACE_SIDE_STYLE ('',( #3248 ) ) ;
#659 = UNCERTAINTY_MEASURE_WITH_UNIT (LENGTH_MEASURE( 1.000000000000000100E-005 ), #1666, 'distance_accuracy_value', 'NONE');
#660 = PLANE ( 'NONE',  #373 ) ;
#661 = ORIENTED_EDGE ( 'NONE', *, *, #3347, .T. ) ;
#662 = CARTESIAN_POINT ( 'NONE',  ( 0.0000000000000000000, 0.0000000000000000000, 0.0000000000000000000 ) ) ;
#663 = FACE_BOUND ( 'NONE', #4193, .T. ) ;
#664 = CARTESIAN_POINT ( 'NONE',  ( -33.00000000000000000, 20.67261628933499700, 5.000000000000001800 ) ) ;
#665 = MECHANICAL_DESIGN_GEOMETRIC_PRESENTATION_REPRESENTATION (  '', ( #5370 ), #958 ) ;
#666 = UNCERTAINTY_MEASURE_WITH_UNIT (LENGTH_MEASURE( 1.000000000000000100E-005 ), #1851, 'distance_accuracy_value', 'NONE');
#667 = CARTESIAN_POINT ( 'NONE',  ( -48.60000000000000100, 2.094146026541974000E-015, 17.10000000000000100 ) ) ;
#668 = CARTESIAN_POINT ( 'NONE',  ( -0.3040217494550255800, 15.11695286007901000, -30.23390572015777500 ) ) ;
#669 = B_SPLINE_CURVE_WITH_KNOTS ( 'NONE', 3,
 ( #3177, #5478, #3744, #3755, #3715, #3738, #3654, #3697, #3687, #3642, #3651, #1908 ),
 .UNSPECIFIED., .F., .F.,
 ( 4, 2, 2, 2, 2, 4 ),
 ( 0.0000000000000000000, 0.1250000000000022800, 0.2500000000000045500, 0.3750000000000068300, 0.5000000000000091000, 1.000000000000000000 ),
 .UNSPECIFIED. ) ;
#670 = DIRECTION ( 'NONE',  ( 0.0000000000000000000, 0.0000000000000000000, -1.000000000000000000 ) ) ;
#671 = EDGE_CURVE ( 'NONE', #3392, #1719, #1233, .T. ) ;
#672 = FILL_AREA_STYLE ('',( #277 ) ) ;
#673 = AXIS2_PLACEMENT_3D ( 'NONE', #3454, #3099, #3065 ) ;
#674 = SURFACE_STYLE_FILL_AREA ( #1154 ) ;
#675 = VECTOR ( 'NONE', #3937, 1000.000000000000000 ) ;
#676 = COLOUR_RGB ( '',0.0000000000000000000, 0.0000000000000000000, 0.0000000000000000000 ) ;
#677 = DIRECTION ( 'NONE',  ( -0.0000000000000000000, -0.0000000000000000000, 1.000000000000000000 ) ) ;
#678 =( GEOMETRIC_REPRESENTATION_CONTEXT ( 3 ) GLOBAL_UNCERTAINTY_ASSIGNED_CONTEXT ( ( #3518 ) ) GLOBAL_UNIT_ASSIGNED_CONTEXT ( ( #4522, #4433, #4339 ) ) REPRESENTATION_CONTEXT ( 'NONE', 'WORKASPACE' ) );
#679 = COLOUR_RGB ( '',0.0000000000000000000, 0.0000000000000000000, 0.0000000000000000000 ) ;
#680 = EDGE_CURVE ( 'NONE', #3129, #959, #1376, .T. ) ;
#681 = CIRCLE ( 'NONE', #1473, 11.60000000000000000 ) ;
#682 = CARTESIAN_POINT ( 'NONE',  ( -33.00000000000000000, 0.0000000000000000000, 0.0000000000000000000 ) ) ;
#683 = FILL_AREA_STYLE ('',( #5079 ) ) ;
#684 = VECTOR ( 'NONE', #1141, 1000.000000000000000 ) ;
#685 = ORIENTED_EDGE ( 'NONE', *, *, #3987, .F. ) ;
#686 = AXIS2_PLACEMENT_3D ( 'NONE', #564, #3660, #1005 ) ;
#687 = VECTOR ( 'NONE', #5153, 1000.000000000000000 ) ;
#688 = PRESENTATION_LAYER_ASSIGNMENT (  '', '', ( #65 ) ) ;
#689 = SURFACE_STYLE_USAGE ( .BOTH. , #762 ) ;
#690 = ORIENTED_EDGE ( 'NONE', *, *, #3179, .T. ) ;
#691 = VERTEX_POINT ( 'NONE', #4431 ) ;
#692 = ORIENTED_EDGE ( 'NONE', *, *, #4490, .T. ) ;
#693 = ORIENTED_EDGE ( 'NONE', *, *, #4679, .T. ) ;
#694 = SURFACE_SIDE_STYLE ('',( #792 ) ) ;
#695 = UNCERTAINTY_MEASURE_WITH_UNIT (LENGTH_MEASURE( 1.000000000000000100E-005 ), #3063, 'distance_accuracy_value', 'NONE');
#696 =( GEOMETRIC_REPRESENTATION_CONTEXT ( 3 ) GLOBAL_UNCERTAINTY_ASSIGNED_CONTEXT ( ( #2976 ) ) GLOBAL_UNIT_ASSIGNED_CONTEXT ( ( #2576, #2517, #2471 ) ) REPRESENTATION_CONTEXT ( 'NONE', 'WORKASPACE' ) );
#697 = ORIENTED_EDGE ( 'NONE', *, *, #530, .F. ) ;
#698 = PLANE ( 'NONE',  #1750 ) ;
#699 = EDGE_LOOP ( 'NONE', ( #3288, #2821, #3435, #3505 ) ) ;
#700 = ORIENTED_EDGE ( 'NONE', *, *, #4106, .F. ) ;
#701 = MECHANICAL_DESIGN_GEOMETRIC_PRESENTATION_REPRESENTATION (  '', ( #85 ), #1002 ) ;
#702 = CARTESIAN_POINT ( 'NONE',  ( -32.49880043489514500, 29.00000000000000400, -14.13397306266979400 ) ) ;
#703 = DIRECTION ( 'NONE',  ( 0.0000000000000000000, 0.0000000000000000000, -1.000000000000000000 ) ) ;
#704 = DIRECTION ( 'NONE',  ( 0.0000000000000000000, 0.0000000000000000000, 1.000000000000000000 ) ) ;
#705 = ORIENTED_EDGE ( 'NONE', *, *, #3166, .T. ) ;
#706 = EDGE_LOOP ( 'NONE', ( #5015, #3008, #4051, #1912 ) ) ;
#707 = DIRECTION ( 'NONE',  ( -0.0000000000000000000, 1.000000000000000000, -0.0000000000000000000 ) ) ;
#708 = CARTESIAN_POINT ( 'NONE',  ( -13.72755273534456100, 15.91631033447183800, -5.978179752592907000 ) ) ;
#709 = EDGE_LOOP ( 'NONE', ( #4411, #1095, #3490, #38 ) ) ;
#710 = DIRECTION ( 'NONE',  ( 0.0000000000000000000, 0.0000000000000000000, -1.000000000000000000 ) ) ;
#711 = CYLINDRICAL_SURFACE ( 'NONE', #4824, 0.5000000000000004400 ) ;
#712 =( GEOMETRIC_REPRESENTATION_CONTEXT ( 3 ) GLOBAL_UNCERTAINTY_ASSIGNED_CONTEXT ( ( #2914 ) ) GLOBAL_UNIT_ASSIGNED_CONTEXT ( ( #1954, #1938, #1918 ) ) REPRESENTATION_CONTEXT ( 'NONE', 'WORKASPACE' ) );
#713 = EDGE_LOOP ( 'NONE', ( #4444, #1542, #3789, #3762 ) ) ;
#714 =( NAMED_UNIT ( * ) PLANE_ANGLE_UNIT ( ) SI_UNIT ( $, .RADIAN. ) );
#715 = VERTEX_POINT ( 'NONE', #2921 ) ;
#716 = CARTESIAN_POINT ( 'NONE',  ( -18.39999999999999900, 32.34000000000000300, -4.154347244601999600 ) ) ;
#717 = DIRECTION ( 'NONE',  ( -1.000000000000000000, -0.0000000000000000000, -0.0000000000000000000 ) ) ;
#718 = COLOUR_RGB ( '',0.0000000000000000000, 0.0000000000000000000, 0.0000000000000000000 ) ;
#719 = EDGE_LOOP ( 'NONE', ( #1947, #3712, #3224, #508 ) ) ;
#720 = PLANE ( 'NONE',  #333 ) ;
#721 =( GEOMETRIC_REPRESENTATION_CONTEXT ( 3 ) GLOBAL_UNCERTAINTY_ASSIGNED_CONTEXT ( ( #4112 ) ) GLOBAL_UNIT_ASSIGNED_CONTEXT ( ( #2626, #5488, #3061 ) ) REPRESENTATION_CONTEXT ( 'NONE', 'WORKASPACE' ) );
#722 = LINE ( 'NONE', #5190, #3149 ) ;
#723 = EDGE_LOOP ( 'NONE', ( #5543, #1105, #3499, #47 ) ) ;
#724 = EDGE_CURVE ( 'NONE', #5120, #3630, #1092, .T. ) ;
#725 = ORIENTED_EDGE ( 'NONE', *, *, #1628, .F. ) ;
#726 =( NAMED_UNIT ( * ) PLANE_ANGLE_UNIT ( ) SI_UNIT ( $, .RADIAN. ) );
#727 = DIRECTION ( 'NONE',  ( 0.0000000000000000000, 0.0000000000000000000, 1.000000000000000000 ) ) ;
#728 = MECHANICAL_DESIGN_GEOMETRIC_PRESENTATION_REPRESENTATION (  '', ( #5442 ), #1026 ) ;
#729 = CYLINDRICAL_SURFACE ( 'NONE', #3802, 19.00000000000000000 ) ;
#730 = SURFACE_SIDE_STYLE ('',( #3922 ) ) ;
#731 = DIRECTION ( 'NONE',  ( 0.0000000000000000000, 0.0000000000000000000, 1.000000000000000000 ) ) ;
#732 = UNCERTAINTY_MEASURE_WITH_UNIT (LENGTH_MEASURE( 1.000000000000000100E-005 ), #2444, 'distance_accuracy_value', 'NONE');
#733 = DIRECTION ( 'NONE',  ( -1.000000000000000000, 0.0000000000000000000, 0.0000000000000000000 ) ) ;
#734 = AXIS2_PLACEMENT_3D ( 'NONE', #5198, #5035, #515 ) ;
#735 = CARTESIAN_POINT ( 'NONE',  ( -1.500000000000077500, 15.05000000000011100, 1.843093432716641200E-015 ) ) ;
#736 = DIRECTION ( 'NONE',  ( -0.0000000000000000000, 1.000000000000000000, -0.0000000000000000000 ) ) ;
#737 = LINE ( 'NONE', #4503, #4074 ) ;
#738 = VERTEX_POINT ( 'NONE', #2947 ) ;
#739 = EDGE_CURVE ( 'NONE', #3117, #1230, #4666, .T. ) ;
#740 = CARTESIAN_POINT ( 'NONE',  ( -33.00000000000000000, 22.50000000000000400, -9.000000000000001800 ) ) ;
#741 =( NAMED_UNIT ( * ) PLANE_ANGLE_UNIT ( ) SI_UNIT ( $, .RADIAN. ) );
#742 =( GEOMETRIC_REPRESENTATION_CONTEXT ( 3 ) GLOBAL_UNCERTAINTY_ASSIGNED_CONTEXT ( ( #5514 ) ) GLOBAL_UNIT_ASSIGNED_CONTEXT ( ( #5140, #3517, #846 ) ) REPRESENTATION_CONTEXT ( 'NONE', 'WORKASPACE' ) );
#743 =( NAMED_UNIT ( * ) SI_UNIT ( $, .STERADIAN. ) SOLID_ANGLE_UNIT ( ) );
#744 = VECTOR ( 'NONE', #3390, 1000.000000000000000 ) ;
#745 = COLOUR_RGB ( '',0.0000000000000000000, 0.0000000000000000000, 0.0000000000000000000 ) ;
#746 = CARTESIAN_POINT ( 'NONE',  ( -25.25000000000000000, 34.00000000000000000, -1.499999999999999800 ) ) ;
#747 = CARTESIAN_POINT ( 'NONE',  ( 0.0000000000000000000, -3.999077135827517800E-010, 2.485098529175216300E-012 ) ) ;
#748 = LINE ( 'NONE', #2214, #3045 ) ;
#749 = VECTOR ( 'NONE', #2926, 1000.000000000000000 ) ;
#750 = EDGE_CURVE ( 'NONE', #2530, #334, #4409, .T. ) ;
#751 = CIRCLE ( 'NONE', #1763, 9.549999999999995400 ) ;
#752 = PRESENTATION_STYLE_ASSIGNMENT (( #351 ) ) ;
#753 = ORIENTED_EDGE ( 'NONE', *, *, #1459, .T. ) ;
#754 = SURFACE_SIDE_STYLE ('',( #3828 ) ) ;
#755 = VECTOR ( 'NONE', #2088, 1000.000000000000000 ) ;
#756 = DIRECTION ( 'NONE',  ( 0.0000000000000000000, 0.0000000000000000000, 1.000000000000000000 ) ) ;
#757 = PRESENTATION_STYLE_ASSIGNMENT (( #4554 ) ) ;
#758 = AXIS2_PLACEMENT_3D ( 'NONE', #525, #3633, #979 ) ;
#759 =( NAMED_UNIT ( * ) SI_UNIT ( $, .STERADIAN. ) SOLID_ANGLE_UNIT ( ) );
#760 = ORIENTED_EDGE ( 'NONE', *, *, #1945, .F. ) ;
#761 = CARTESIAN_POINT ( 'NONE',  ( -3.000000000000002700, 0.0000000000000000000, 0.0000000000000000000 ) ) ;
#762 = SURFACE_SIDE_STYLE ('',( #4334 ) ) ;
#763 = SURFACE_STYLE_FILL_AREA ( #1910 ) ;
#764 = UNCERTAINTY_MEASURE_WITH_UNIT (LENGTH_MEASURE( 1.000000000000000100E-005 ), #5345, 'distance_accuracy_value', 'NONE');
#765 = VERTEX_POINT ( 'NONE', #2934 ) ;
#766 =( NAMED_UNIT ( * ) SI_UNIT ( $, .STERADIAN. ) SOLID_ANGLE_UNIT ( ) );
#767 = PRESENTATION_STYLE_ASSIGNMENT (( #1203 ) ) ;
#768 = AXIS2_PLACEMENT_3D ( 'NONE', #3871, #3557, #3542 ) ;
#769 = VERTEX_POINT ( 'NONE', #3040 ) ;
#770 = FILL_AREA_STYLE_COLOUR ( '', #4137 ) ;
#771 =( LENGTH_UNIT ( ) NAMED_UNIT ( * ) SI_UNIT ( .MILLI., .METRE. ) );
#772 = CARTESIAN_POINT ( 'NONE',  ( -12.02000000000000300, 42.09297407572002200, -7.233576443288000300 ) ) ;
#773 = EDGE_CURVE ( 'NONE', #138, #4029, #4541, .T. ) ;
#774 = OPEN_SHELL ( 'NONE', ( #2323, #2443, #2534, #1768, #2223 ) ) ;
#775 = VERTEX_POINT ( 'NONE', #4833 ) ;
#776 = AXIS2_PLACEMENT_3D ( 'NONE', #3164, #3148, #3128 ) ;
#777 = DIRECTION ( 'NONE',  ( 1.000000000000000000, -0.0000000000000000000, 0.0000000000000000000 ) ) ;
#778 = FILL_AREA_STYLE_COLOUR ( '', #324 ) ;
#779 = DIRECTION ( 'NONE',  ( 2.298076365600504500E-015, -1.000000000000000000, 0.0000000000000000000 ) ) ;
#780 = PLANE ( 'NONE',  #3628 ) ;
#781 =( LENGTH_UNIT ( ) NAMED_UNIT ( * ) SI_UNIT ( .MILLI., .METRE. ) );
#782 = FACE_OUTER_BOUND ( 'NONE', #145, .T. ) ;
#783 = STYLED_ITEM ( 'NONE', ( #1747 ), #2332 ) ;
#784 = SURFACE_STYLE_USAGE ( .BOTH. , #754 ) ;
#785 = EDGE_CURVE ( 'NONE', #478, #775, #3351, .T. ) ;
#786 = PLANE ( 'NONE',  #1487 ) ;
#787 = FACE_BOUND ( 'NONE', #3306, .T. ) ;
#788 =( NAMED_UNIT ( * ) SI_UNIT ( $, .STERADIAN. ) SOLID_ANGLE_UNIT ( ) );
#789 = PRESENTATION_LAYER_ASSIGNMENT (  '', '', ( #492 ) ) ;
#790 =( NAMED_UNIT ( * ) PLANE_ANGLE_UNIT ( ) SI_UNIT ( $, .RADIAN. ) );
#791 = STYLED_ITEM ( 'NONE', ( #1224 ), #1426 ) ;
#792 = SURFACE_STYLE_FILL_AREA ( #683 ) ;
#793 = CARTESIAN_POINT ( 'NONE',  ( -12.45349214214018100, 15.33415541702177100, 7.354936524416754800 ) ) ;
#794 = DIRECTION ( 'NONE',  ( -1.000000000000000000, -0.0000000000000000000, 0.0000000000000000000 ) ) ;
#795 = FILL_AREA_STYLE_COLOUR ( '', #1643 ) ;
#796 = FILL_AREA_STYLE_COLOUR ( '', #5301 ) ;
#797 = SURFACE_SIDE_STYLE ('',( #4002 ) ) ;
#798 = PRESENTATION_LAYER_ASSIGNMENT (  '', '', ( #187 ) ) ;
#799 = CARTESIAN_POINT ( 'NONE',  ( 0.0000000000000000000, 5.048709793414475600E-026, 1.656607900964124800E-026 ) ) ;
#800 = FILL_AREA_STYLE_COLOUR ( '', #3319 ) ;
#801 = LINE ( 'NONE', #5464, #4255 ) ;
#802 = SURFACE_STYLE_USAGE ( .BOTH. , #107 ) ;
#803 = LINE ( 'NONE', #1140, #1856 ) ;
#804 = CARTESIAN_POINT ( 'NONE',  ( -33.00000000000014900, 12.72069534731501500, -14.11426497867111300 ) ) ;
#805 = FACE_OUTER_BOUND ( 'NONE', #265, .T. ) ;
#806 = VERTEX_POINT ( 'NONE', #4449 ) ;
#807 = LINE ( 'NONE', #2226, #4143 ) ;
#808 = STYLED_ITEM ( 'NONE', ( #358 ), #1982 ) ;
#809 = PRODUCT_CONTEXT ( 'NONE', #4674, 'mechanical' ) ;
#810 = CARTESIAN_POINT ( 'NONE',  ( -33.00000000000000000, 28.49999999999999600, -14.00000000000000000 ) ) ;
#811 = ORIENTED_EDGE ( 'NONE', *, *, #3373, .F. ) ;
#812 =( NAMED_UNIT ( * ) PLANE_ANGLE_UNIT ( ) SI_UNIT ( $, .RADIAN. ) );
#813 = FILL_AREA_STYLE ('',( #1627 ) ) ;
#814 = LINE ( 'NONE', #1436, #5251 ) ;
#815 = LINE ( 'NONE', #2125, #4150 ) ;
#816 = EDGE_CURVE ( 'NONE', #3014, #42, #4543, .T. ) ;
#817 = CARTESIAN_POINT ( 'NONE',  ( -16.50000000000000000, 36.14342122601499300, 9.500000000000000000 ) ) ;
#818 = FILL_AREA_STYLE_COLOUR ( '', #5628 ) ;
#819 = MECHANICAL_DESIGN_GEOMETRIC_PRESENTATION_REPRESENTATION (  '', ( #206 ), #1106 ) ;
#820 = FILL_AREA_STYLE ('',( #1456 ) ) ;
#821 = CIRCLE ( 'NONE', #2854, 9.500000000000000000 ) ;
#822 = EDGE_LOOP ( 'NONE', ( #1886, #528, #1303, #1603 ) ) ;
#823 = CIRCLE ( 'NONE', #2463, 15.05000000000000100 ) ;
#824 = CARTESIAN_POINT ( 'NONE',  ( -0.6470537029834091400, -15.04999999999988700, -3.700358707154193200E-015 ) ) ;
#825 = DIRECTION ( 'NONE',  ( 1.000000000000000000, -0.0000000000000000000, -0.0000000000000000000 ) ) ;
#826 = CARTESIAN_POINT ( 'NONE',  ( -23.38000000000000300, 16.23490457941163700, -9.870555875805642600 ) ) ;
#827 = FACE_OUTER_BOUND ( 'NONE', #5144, .T. ) ;
#828 = SURFACE_STYLE_USAGE ( .BOTH. , #3205 ) ;
#829 = ORIENTED_EDGE ( 'NONE', *, *, #3554, .T. ) ;
#830 = AXIS2_PLACEMENT_3D ( 'NONE', #2455, #5333, #2918 ) ;
#831 = VERTEX_POINT ( 'NONE', #4399 ) ;
#832 = EDGE_CURVE ( 'NONE', #4047, #897, #2338, .T. ) ;
#833 =( NAMED_UNIT ( * ) SI_UNIT ( $, .STERADIAN. ) SOLID_ANGLE_UNIT ( ) );
#834 = CARTESIAN_POINT ( 'NONE',  ( -28.00000000000000400, 14.57553825991000100, 12.48000000000000200 ) ) ;
#835 = SURFACE_STYLE_USAGE ( .BOTH. , #3510 ) ;
#836 = ORIENTED_EDGE ( 'NONE', *, *, #2401, .F. ) ;
#837 = UNCERTAINTY_MEASURE_WITH_UNIT (LENGTH_MEASURE( 1.000000000000000100E-005 ), #362, 'distance_accuracy_value', 'NONE');
#838 = STYLED_ITEM ( 'NONE', ( #3645 ), #1631 ) ;
#839 =( NAMED_UNIT ( * ) SI_UNIT ( $, .STERADIAN. ) SOLID_ANGLE_UNIT ( ) );
#840 = DIRECTION ( 'NONE',  ( -1.000000000000000000, -0.0000000000000000000, 0.0000000000000000000 ) ) ;
#841 = ORIENTED_EDGE ( 'NONE', *, *, #5288, .F. ) ;
#842 = CARTESIAN_POINT ( 'NONE',  ( -0.05597972129013778500, -16.78820545165966400, -2.055962206980453400E-015 ) ) ;
#843 = SURFACE_SIDE_STYLE ('',( #1490 ) ) ;
#844 = SURFACE_SIDE_STYLE ('',( #3232 ) ) ;
#845 = VERTEX_POINT ( 'NONE', #4337 ) ;
#846 =( NAMED_UNIT ( * ) SI_UNIT ( $, .STERADIAN. ) SOLID_ANGLE_UNIT ( ) );
#847 = CARTESIAN_POINT ( 'NONE',  ( -32.50000000000000000, 29.00000000000000000, -14.00000000000000200 ) ) ;
#848 =( GEOMETRIC_REPRESENTATION_CONTEXT ( 3 ) GLOBAL_UNCERTAINTY_ASSIGNED_CONTEXT ( ( #2589 ) ) GLOBAL_UNIT_ASSIGNED_CONTEXT ( ( #2561, #2134, #1715 ) ) REPRESENTATION_CONTEXT ( 'NONE', 'WORKASPACE' ) );
#849 = ORIENTED_EDGE ( 'NONE', *, *, #2938, .T. ) ;
#850 = FILL_AREA_STYLE ('',( #2679 ) ) ;
#851 = EDGE_CURVE ( 'NONE', #3511, #3897, #2166, .T. ) ;
#852 = MECHANICAL_DESIGN_GEOMETRIC_PRESENTATION_REPRESENTATION (  '', ( #5565 ), #1136 ) ;
#853 = DIRECTION ( 'NONE',  ( -1.000000000000000000, -2.297646988048755200E-015, 0.0000000000000000000 ) ) ;
#854 = CARTESIAN_POINT ( 'NONE',  ( -11.97229076099636400, 15.13522304054250800, 7.751491112734726100 ) ) ;
#855 = DIRECTION ( 'NONE',  ( 0.0000000000000000000, 0.0000000000000000000, 1.000000000000000000 ) ) ;
#856 = DIRECTION ( 'NONE',  ( -1.000000000000000000, -0.0000000000000000000, -0.0000000000000000000 ) ) ;
#857 = MECHANICAL_DESIGN_GEOMETRIC_PRESENTATION_REPRESENTATION (  '', ( #246 ), #1142 ) ;
#858 =( NAMED_UNIT ( * ) PLANE_ANGLE_UNIT ( ) SI_UNIT ( $, .RADIAN. ) );
#859 = LINE ( 'NONE', #4205, #2066 ) ;
#860 =( NAMED_UNIT ( * ) SI_UNIT ( $, .STERADIAN. ) SOLID_ANGLE_UNIT ( ) );
#861 = EDGE_CURVE ( 'NONE', #845, #5063, #3239, .T. ) ;
#862 = CARTESIAN_POINT ( 'NONE',  ( -18.00000000000000400, 40.50000000000000000, 1.249999999999999600 ) ) ;
#863 = DIRECTION ( 'NONE',  ( -0.0000000000000000000, -0.0000000000000000000, -1.000000000000000000 ) ) ;
#864 = VERTEX_POINT ( 'NONE', #4312 ) ;
#865 = FILL_AREA_STYLE ('',( #3523 ) ) ;
#866 = AXIS2_PLACEMENT_3D ( 'NONE', #51, #59, #76 ) ;
#867 = CARTESIAN_POINT ( 'NONE',  ( -3.999999999999061600, 29.00000000000021300, 14.79289321881360700 ) ) ;
#868 = CARTESIAN_POINT ( 'NONE',  ( -2.081668171172168500E-014, 13.92283205570629100, -1.249941288410261100E-028 ) ) ;
#869 = LINE ( 'NONE', #497, #3275 ) ;
#870 = ORIENTED_EDGE ( 'NONE', *, *, #4720, .T. ) ;
#871 = CARTESIAN_POINT ( 'NONE',  ( -1.500000000000001300, 1.843093432767253800E-015, -15.05000000000000100 ) ) ;
#872 =( NAMED_UNIT ( * ) PLANE_ANGLE_UNIT ( ) SI_UNIT ( $, .RADIAN. ) );
#873 = EDGE_LOOP ( 'NONE', ( #3994, #2815, #2785, #3751 ) ) ;
#874 = SURFACE_STYLE_USAGE ( .BOTH. , #913 ) ;
#875 = LINE ( 'NONE', #629, #607 ) ;
#876 = PRESENTATION_STYLE_ASSIGNMENT (( #491 ) ) ;
#877 = COLOUR_RGB ( '',0.0000000000000000000, 0.0000000000000000000, 0.0000000000000000000 ) ;
#878 =( LENGTH_UNIT ( ) NAMED_UNIT ( * ) SI_UNIT ( .MILLI., .METRE. ) );
#879 = CARTESIAN_POINT ( 'NONE',  ( -0.6470537029838414600, -17.20000000032918000, -2.106392494573899400E-015 ) ) ;
#880 = CARTESIAN_POINT ( 'NONE',  ( -0.3040217494551683600, -17.13304714025054000, 34.26609428050129200 ) ) ;
#881 = CARTESIAN_POINT ( 'NONE',  ( -18.00000000000000400, 29.00000000000000000, -14.50000000000000200 ) ) ;
#882 = LINE ( 'NONE', #2049, #744 ) ;
#883 = PLANE ( 'NONE',  #2640 ) ;
#884 = EDGE_CURVE ( 'NONE', #628, #1411, #1877, .T. ) ;
#885 = AXIS2_PLACEMENT_3D ( 'NONE', #799, #403, #381 ) ;
#886 = LINE ( 'NONE', #1712, #3175 ) ;
#887 = VECTOR ( 'NONE', #4291, 1000.000000000000000 ) ;
#888 = PLANE ( 'NONE',  #173 ) ;
#889 = CARTESIAN_POINT ( 'NONE',  ( -3.000000000000002700, 16.75000000000000000, 0.0000000000000000000 ) ) ;
#890 = ORIENTED_EDGE ( 'NONE', *, *, #4374, .T. ) ;
#891 =( LENGTH_UNIT ( ) NAMED_UNIT ( * ) SI_UNIT ( .MILLI., .METRE. ) );
#892 = VECTOR ( 'NONE', #2023, 1000.000000000000000 ) ;
#893 = CARTESIAN_POINT ( 'NONE',  ( -13.90727698114029000, 42.00000000000007800, 6.692723018863111900 ) ) ;
#894 =( LENGTH_UNIT ( ) NAMED_UNIT ( * ) SI_UNIT ( .MILLI., .METRE. ) );
#895 = STYLED_ITEM ( 'NONE', ( #4103 ), #2298 ) ;
#896 = PLANE ( 'NONE',  #110 ) ;
#897 = VERTEX_POINT ( 'NONE', #4043 ) ;
#898 = SURFACE_SIDE_STYLE ('',( #1435 ) ) ;
#899 = PRODUCT_DEFINITION_SHAPE ( 'NONE', 'NONE',  #1235 ) ;
#900 = DIRECTION ( 'NONE',  ( 0.0000000000000000000, 1.000000000000000000, 6.072020950718202500E-014 ) ) ;
#901 = CARTESIAN_POINT ( 'NONE',  ( -0.6470537029839206200, 17.20000000032940700, -1.249941288410261100E-028 ) ) ;
#902 = PRESENTATION_LAYER_ASSIGNMENT (  '', '', ( #285 ) ) ;
#903 = EDGE_LOOP ( 'NONE', ( #5598, #3977, #4955, #503 ) ) ;
#904 = AXIS2_PLACEMENT_3D ( 'NONE', #2826, #2827, #3478 ) ;
#905 = CARTESIAN_POINT ( 'NONE',  ( -0.05597972129012935400, -15.46179454866955200, -1.893523720310355000E-015 ) ) ;
#906 = DIRECTION ( 'NONE',  ( 0.0000000000000000000, 0.0000000000000000000, -1.000000000000000000 ) ) ;
#907 = CARTESIAN_POINT ( 'NONE',  ( -22.73094910101190900, 42.00000000000098100, 0.0000000000000000000 ) ) ;
#908 = ORIENTED_EDGE ( 'NONE', *, *, #3272, .F. ) ;
#909 = FILL_AREA_STYLE_COLOUR ( '', #4126 ) ;
#910 = STYLED_ITEM ( 'NONE', ( #2064 ), #1686 ) ;
#911 = CARTESIAN_POINT ( 'NONE',  ( -33.00000000000000000, 20.67261628933499700, 9.000000000000000000 ) ) ;
#912 = PLANE ( 'NONE',  #4050 ) ;
#913 = SURFACE_SIDE_STYLE ('',( #3947 ) ) ;
#914 = ORIENTED_EDGE ( 'NONE', *, *, #1731, .F. ) ;
#915 = ORIENTED_EDGE ( 'NONE', *, *, #4470, .F. ) ;
#916 = SURFACE_STYLE_FILL_AREA ( #3927 ) ;
#917 =( NAMED_UNIT ( * ) PLANE_ANGLE_UNIT ( ) SI_UNIT ( $, .RADIAN. ) );
#918 = CARTESIAN_POINT ( 'NONE',  ( -3.000000000000002700, 15.89838432353797900, 9.669432991428005100 ) ) ;
#919 = FILL_AREA_STYLE ('',( #1802 ) ) ;
#920 = EDGE_LOOP ( 'NONE', ( #3393, #3029, #3399, #2468 ) ) ;
#921 = PRESENTATION_STYLE_ASSIGNMENT (( #4162 ) ) ;
#922 = VERTEX_POINT ( 'NONE', #5218 ) ;
#923 = CARTESIAN_POINT ( 'NONE',  ( -32.99999999999646900, 28.79289321881163500, -14.00000000000242700 ) ) ;
#924 = DIRECTION ( 'NONE',  ( 0.0000000000000000000, 0.0000000000000000000, -1.000000000000000000 ) ) ;
#925 = CARTESIAN_POINT ( 'NONE',  ( -0.3040217494550257500, 15.11695286007900500, 3.702585586591283200E-015 ) ) ;
#926 =( LENGTH_UNIT ( ) NAMED_UNIT ( * ) SI_UNIT ( .MILLI., .METRE. ) );
#927 = EDGE_CURVE ( 'NONE', #5423, #4538, #5123, .T. ) ;
#928 = COLOUR_RGB ( '',0.1098039215686274500, 0.1098039215686274500, 0.1098039215686274500 ) ;
#929 = STYLED_ITEM ( 'NONE', ( #3916 ), #2203 ) ;
#930 = FILL_AREA_STYLE ('',( #2348 ) ) ;
#931 = DIRECTION ( 'NONE',  ( 1.000000000000000000, 0.0000000000000000000, 0.0000000000000000000 ) ) ;
#932 = FILL_AREA_STYLE ('',( #1398 ) ) ;
#933 = EDGE_LOOP ( 'NONE', ( #1549, #3862, #4950, #495 ) ) ;
#934 = CARTESIAN_POINT ( 'NONE',  ( -3.535533905932545500, 29.00000000000022000, 14.79289321881305800 ) ) ;
#935 = STYLED_ITEM ( 'NONE', ( #1515 ), #2521 ) ;
#936 =( NAMED_UNIT ( * ) SI_UNIT ( $, .STERADIAN. ) SOLID_ANGLE_UNIT ( ) );
#937 = EDGE_CURVE ( 'NONE', #182, #5128, #4156, .T. ) ;
#938 = SURFACE_STYLE_FILL_AREA ( #5470 ) ;
#939 =( NAMED_UNIT ( * ) PLANE_ANGLE_UNIT ( ) SI_UNIT ( $, .RADIAN. ) );
#940 = UNCERTAINTY_MEASURE_WITH_UNIT (LENGTH_MEASURE( 1.000000000000000100E-005 ), #878, 'distance_accuracy_value', 'NONE');
#941 = CARTESIAN_POINT ( 'NONE',  ( -32.90584507669522200, 12.35138171769508600, 14.43848502140442000 ) ) ;
#942 = VECTOR ( 'NONE', #1624, 1000.000000000000000 ) ;
#943 = CARTESIAN_POINT ( 'NONE',  ( -32.99999999999505500, 28.79289321881163100, -14.58578643773762600 ) ) ;
#944 = SURFACE_STYLE_USAGE ( .BOTH. , #898 ) ;
#945 = VERTEX_POINT ( 'NONE', #810 ) ;
#946 =( LENGTH_UNIT ( ) NAMED_UNIT ( * ) SI_UNIT ( .MILLI., .METRE. ) );
#947 = CARTESIAN_POINT ( 'NONE',  ( -18.50434724460000500, 32.34000000000000300, -1.250000000000000000 ) ) ;
#948 = MECHANICAL_DESIGN_GEOMETRIC_PRESENTATION_REPRESENTATION (  '', ( #28 ), #1240 ) ;
#949 =( NAMED_UNIT ( * ) SI_UNIT ( $, .STERADIAN. ) SOLID_ANGLE_UNIT ( ) );
#950 = CARTESIAN_POINT ( 'NONE',  ( -32.44900082123922400, 29.00000000000000000, -14.25724751887049500 ) ) ;
#951 = CIRCLE ( 'NONE', #4909, 16.75000000000000000 ) ;
#952 = CARTESIAN_POINT ( 'NONE',  ( -19.50000000000000400, 36.14342122601499300, 9.500000000000000000 ) ) ;
#953 = CARTESIAN_POINT ( 'NONE',  ( -4.000000000481549000, 28.49999999999999600, -15.00000000000039300 ) ) ;
#954 =( LENGTH_UNIT ( ) NAMED_UNIT ( * ) SI_UNIT ( .MILLI., .METRE. ) );
#955 =( LENGTH_UNIT ( ) NAMED_UNIT ( * ) SI_UNIT ( .MILLI., .METRE. ) );
#956 = EDGE_CURVE ( 'NONE', #4538, #5423, #3112, .T. ) ;
#957 = LINE ( 'NONE', #3638, #3230 ) ;
#958 =( GEOMETRIC_REPRESENTATION_CONTEXT ( 3 ) GLOBAL_UNCERTAINTY_ASSIGNED_CONTEXT ( ( #3147 ) ) GLOBAL_UNIT_ASSIGNED_CONTEXT ( ( #4259, #2657, #332 ) ) REPRESENTATION_CONTEXT ( 'NONE', 'WORKASPACE' ) );
#959 = VERTEX_POINT ( 'NONE', #4513 ) ;
#960 = CYLINDRICAL_SURFACE ( 'NONE', #5462, 0.9999999999999991100 ) ;
#961 = CARTESIAN_POINT ( 'NONE',  ( -18.00000000000000400, 29.00000000000000000, 8.299999999999998900 ) ) ;
#962 = CARTESIAN_POINT ( 'NONE',  ( -4.063212019597403700, 5.048709793414475600E-026, 1.656607900964124800E-026 ) ) ;
#963 = CIRCLE ( 'NONE', #2546, 16.75000000000000000 ) ;
#964 = VERTEX_POINT ( 'NONE', #4973 ) ;
#965 = VECTOR ( 'NONE', #4447, 1000.000000000000000 ) ;
#966 = EDGE_CURVE ( 'NONE', #2941, #945, #4984, .T. ) ;
#967 = PRESENTATION_LAYER_ASSIGNMENT (  '', '', ( #354 ) ) ;
#968 = COLOUR_RGB ( '',0.0000000000000000000, 0.0000000000000000000, 0.0000000000000000000 ) ;
#969 = ORIENTED_EDGE ( 'NONE', *, *, #4623, .T. ) ;
#970 =( NAMED_UNIT ( * ) SI_UNIT ( $, .STERADIAN. ) SOLID_ANGLE_UNIT ( ) );
#971 = LINE ( 'NONE', #664, #3356 ) ;
#972 = SURFACE_STYLE_USAGE ( .BOTH. , #3626 ) ;
#973 = ORIENTED_EDGE ( 'NONE', *, *, #5255, .F. ) ;
#974 = ORIENTED_EDGE ( 'NONE', *, *, #816, .T. ) ;
#975 =( NAMED_UNIT ( * ) PLANE_ANGLE_UNIT ( ) SI_UNIT ( $, .RADIAN. ) );
#976 = SURFACE_STYLE_FILL_AREA ( #4859 ) ;
#977 = SURFACE_STYLE_FILL_AREA ( #2422 ) ;
#978 = DIRECTION ( 'NONE',  ( 0.0000000000000000000, 1.000000000000000000, 0.0000000000000000000 ) ) ;
#979 = DIRECTION ( 'NONE',  ( 0.0000000000000000000, -1.000000000000000000, 0.0000000000000000000 ) ) ;
#980 = ORIENTED_EDGE ( 'NONE', *, *, #4557, .T. ) ;
#981 = FILL_AREA_STYLE ('',( #1010 ) ) ;
#982 = DIRECTION ( 'NONE',  ( -0.0000000000000000000, 1.000000000000000000, -0.0000000000000000000 ) ) ;
#983 = EDGE_CURVE ( 'NONE', #566, #2777, #823, .T. ) ;
#984 = PRESENTATION_STYLE_ASSIGNMENT (( #5555 ) ) ;
#985 = CARTESIAN_POINT ( 'NONE',  ( -50.00000000000000000, 9.500000000000000000, 0.0000000000000000000 ) ) ;
#986 = ORIENTED_EDGE ( 'NONE', *, *, #1532, .F. ) ;
#987 = PRESENTATION_STYLE_ASSIGNMENT (( #4451 ) ) ;
#988 = CARTESIAN_POINT ( 'NONE',  ( -2.700000000000008200, 5.048709793414475600E-026, 11.60000000000000000 ) ) ;
#989 = AXIS2_PLACEMENT_3D ( 'NONE', #1919, #4881, #2406 ) ;
#990 = MECHANICAL_DESIGN_GEOMETRIC_PRESENTATION_REPRESENTATION (  '', ( #65 ), #1278 ) ;
#991 = OPEN_SHELL ( 'NONE', ( #1678, #1749, #1795, #2258, #1606 ) ) ;
#992 = DIRECTION ( 'NONE',  ( 1.000000000000000000, 0.0000000000000000000, 0.0000000000000000000 ) ) ;
#993 = CARTESIAN_POINT ( 'NONE',  ( -33.00000000000000000, 0.0000000000000000000, 0.0000000000000000000 ) ) ;
#994 = VERTEX_POINT ( 'NONE', #4792 ) ;
#995 = CARTESIAN_POINT ( 'NONE',  ( -14.70000000000000500, 32.34400000000000100, 6.136000000000000100 ) ) ;
#996 = CARTESIAN_POINT ( 'NONE',  ( -18.39999999999999900, 40.50000000000000000, -4.049999999999999800 ) ) ;
#997 = PLANE ( 'NONE',  #1940 ) ;
#998 = CARTESIAN_POINT ( 'NONE',  ( -17.60000000000000500, 36.50000000000000000, 4.049999999999999800 ) ) ;
#999 = FILL_AREA_STYLE ('',( #2345 ) ) ;
#1000 = COLOUR_RGB ( '',0.7764705882352941300, 0.7568627450980391900, 0.7372549019607843600 ) ;
#1001 = DIRECTION ( 'NONE',  ( -1.000000000000000000, -0.0000000000000000000, -0.0000000000000000000 ) ) ;
#1002 =( GEOMETRIC_REPRESENTATION_CONTEXT ( 3 ) GLOBAL_UNCERTAINTY_ASSIGNED_CONTEXT ( ( #4297 ) ) GLOBAL_UNIT_ASSIGNED_CONTEXT ( ( #4576, #2971, #2719 ) ) REPRESENTATION_CONTEXT ( 'NONE', 'WORKASPACE' ) );
#1003 = FACE_OUTER_BOUND ( 'NONE', #3534, .T. ) ;
#1004 = FILL_AREA_STYLE ('',( #2402 ) ) ;
#1005 = DIRECTION ( 'NONE',  ( 0.0000000000000000000, 0.0000000000000000000, 1.000000000000000000 ) ) ;
#1006 = CARTESIAN_POINT ( 'NONE',  ( -3.207106781186896500, 29.00000000000022000, 14.46446609406737900 ) ) ;
#1007 = FACE_OUTER_BOUND ( 'NONE', #3398, .T. ) ;
#1008 = CARTESIAN_POINT ( 'NONE',  ( 0.0000000000000000000, 14.22676663990985100, 9.666390793545867100 ) ) ;
#1009 = DIRECTION ( 'NONE',  ( 1.000000000000000000, -0.0000000000000000000, 0.0000000000000000000 ) ) ;
#1010 = FILL_AREA_STYLE_COLOUR ( '', #1637 ) ;
#1011 = EDGE_LOOP ( 'NONE', ( #4624, #573, #640, #811 ) ) ;
#1012 = PRESENTATION_STYLE_ASSIGNMENT (( #1866 ) ) ;
#1013 = ORIENTED_EDGE ( 'NONE', *, *, #3222, .T. ) ;
#1014 = UNCERTAINTY_MEASURE_WITH_UNIT (LENGTH_MEASURE( 1.000000000000000100E-005 ), #3270, 'distance_accuracy_value', 'NONE');
#1015 = DIRECTION ( 'NONE',  ( 0.0000000000000000000, 1.000000000000000000, 0.0000000000000000000 ) ) ;
#1016 = EDGE_CURVE ( 'NONE', #4407, #691, #2984, .T. ) ;
#1017 = CIRCLE ( 'NONE', #1347, 17.10000000000000100 ) ;
#1018 = CARTESIAN_POINT ( 'NONE',  ( -17.60000000000000500, 32.34000000000000300, -1.145652755398000000 ) ) ;
#1019 = LINE ( 'NONE', #4056, #3954 ) ;
#1020 = ORIENTED_EDGE ( 'NONE', *, *, #5489, .T. ) ;
#1021 =( NAMED_UNIT ( * ) SI_UNIT ( $, .STERADIAN. ) SOLID_ANGLE_UNIT ( ) );
#1022 = DIRECTION ( 'NONE',  ( 0.0000000000000000000, 0.0000000000000000000, 1.000000000000000000 ) ) ;
#1023 = VECTOR ( 'NONE', #2028, 1000.000000000000000 ) ;
#1024 = DIRECTION ( 'NONE',  ( 0.0000000000000000000, -0.0000000000000000000, 1.000000000000000000 ) ) ;
#1025 = DIRECTION ( 'NONE',  ( 0.0000000000000000000, -1.000000000000000000, 0.0000000000000000000 ) ) ;
#1026 =( GEOMETRIC_REPRESENTATION_CONTEXT ( 3 ) GLOBAL_UNCERTAINTY_ASSIGNED_CONTEXT ( ( #5483 ) ) GLOBAL_UNIT_ASSIGNED_CONTEXT ( ( #894, #872, #860 ) ) REPRESENTATION_CONTEXT ( 'NONE', 'WORKASPACE' ) );
#1027 = VECTOR ( 'NONE', #825, 1000.000000000000000 ) ;
#1028 = FILL_AREA_STYLE ('',( #2410 ) ) ;
#1029 = VECTOR ( 'NONE', #3952, 1000.000000000000000 ) ;
#1030 = CARTESIAN_POINT ( 'NONE',  ( -14.69999999999883200, 40.29999999999945700, -5.900000000000000400 ) ) ;
#1031 = COLOUR_RGB ( '',0.0000000000000000000, 0.0000000000000000000, 0.0000000000000000000 ) ;
#1032 = VERTEX_POINT ( 'NONE', #4682 ) ;
#1033 = VECTOR ( 'NONE', #1931, 1000.000000000000000 ) ;
#1034 =( LENGTH_UNIT ( ) NAMED_UNIT ( * ) SI_UNIT ( .MILLI., .METRE. ) );
#1035 = DIRECTION ( 'NONE',  ( 0.0000000000000000000, 0.0000000000000000000, -1.000000000000000000 ) ) ;
#1036 = SURFACE_STYLE_FILL_AREA ( #850 ) ;
#1037 = ORIENTED_EDGE ( 'NONE', *, *, #3382, .T. ) ;
#1038 = ORIENTED_EDGE ( 'NONE', *, *, #4254, .T. ) ;
#1039 = EDGE_CURVE ( 'NONE', #5004, #4039, #544, .T. ) ;
#1040 = CARTESIAN_POINT ( 'NONE',  ( -3.100818213308542700E-014, 15.94956969468690600, 1.968277869512123200E-015 ) ) ;
#1041 = CARTESIAN_POINT ( 'NONE',  ( -3.019009117855211000, 12.59638212122069400, -14.22526477244896300 ) ) ;
#1042 = ORIENTED_EDGE ( 'NONE', *, *, #3974, .T. ) ;
#1043 = CARTESIAN_POINT ( 'NONE',  ( -32.32969153293285600, 29.00000000000000000, -14.37762985852289400 ) ) ;
#1044 = SURFACE_SIDE_STYLE ('',( #2972 ) ) ;
#1045 = CARTESIAN_POINT ( 'NONE',  ( -28.00000000000000000, 22.50000000000000400, 12.00000000000000200 ) ) ;
#1046 = STYLED_ITEM ( 'NONE', ( #2979 ), #2484 ) ;
#1047 = ORIENTED_EDGE ( 'NONE', *, *, #4893, .F. ) ;
#1048 = EDGE_CURVE ( 'NONE', #3250, #4766, #392, .T. ) ;
#1049 = SURFACE_STYLE_FILL_AREA ( #5019 ) ;
#1050 = SURFACE_STYLE_USAGE ( .BOTH. , #1267 ) ;
#1051 = DIRECTION ( 'NONE',  ( 1.000000000000000000, 0.0000000000000000000, 0.0000000000000000000 ) ) ;
#1052 = ORIENTED_EDGE ( 'NONE', *, *, #2308, .T. ) ;
#1053 = SURFACE_STYLE_USAGE ( .BOTH. , #844 ) ;
#1054 = AXIS2_PLACEMENT_3D ( 'NONE', #3262, #570, #3665 ) ;
#1055 = FILL_AREA_STYLE ('',( #818 ) ) ;
#1056 = CARTESIAN_POINT ( 'NONE',  ( -33.00000000000000000, 12.84523257866579400, -13.99999999999938900 ) ) ;
#1057 = EDGE_CURVE ( 'NONE', #3906, #1805, #1736, .T. ) ;
#1058 = DIRECTION ( 'NONE',  ( -0.0000000000000000000, -0.0000000000000000000, 1.000000000000000000 ) ) ;
#1059 = PRESENTATION_LAYER_ASSIGNMENT (  '', '', ( #464 ) ) ;
#1060 = FILL_AREA_STYLE ('',( #413 ) ) ;
#1061 = CIRCLE ( 'NONE', #4673, 15.05000000000000100 ) ;
#1062 =( NAMED_UNIT ( * ) SI_UNIT ( $, .STERADIAN. ) SOLID_ANGLE_UNIT ( ) );
#1063 = EDGE_CURVE ( 'NONE', #4435, #4267, #1100, .T. ) ;
#1064 = COLOUR_RGB ( '',0.7764705882352941300, 0.7568627450980391900, 0.7372549019607843600 ) ;
#1065 = VERTEX_POINT ( 'NONE', #4582 ) ;
#1066 = PRESENTATION_LAYER_ASSIGNMENT (  '', '', ( #472 ) ) ;
#1067 = DIRECTION ( 'NONE',  ( 1.000000000000000000, -0.0000000000000000000, 0.0000000000000000000 ) ) ;
#1068 =( NAMED_UNIT ( * ) SI_UNIT ( $, .STERADIAN. ) SOLID_ANGLE_UNIT ( ) );
#1069 = DIRECTION ( 'NONE',  ( 0.0000000000000000000, 0.0000000000000000000, -1.000000000000000000 ) ) ;
#1070 = AXIS2_PLACEMENT_3D ( 'NONE', #3033, #3160, #1316 ) ;
#1071 = ORIENTED_EDGE ( 'NONE', *, *, #5277, .F. ) ;
#1072 = LINE ( 'NONE', #2080, #4392 ) ;
#1073 = EDGE_CURVE ( 'NONE', #4439, #5548, #3790, .T. ) ;
#1074 = CARTESIAN_POINT ( 'NONE',  ( -50.00000000000000000, 0.0000000000000000000, 0.0000000000000000000 ) ) ;
#1075 = UNCERTAINTY_MEASURE_WITH_UNIT (LENGTH_MEASURE( 1.000000000000000100E-005 ), #135, 'distance_accuracy_value', 'NONE');
#1076 = CARTESIAN_POINT ( 'NONE',  ( -15.75000000000000000, 40.00000000000000000, -0.6000000000000000900 ) ) ;
#1077 =( NAMED_UNIT ( * ) PLANE_ANGLE_UNIT ( ) SI_UNIT ( $, .RADIAN. ) );
#1078 = LINE ( 'NONE', #3566, #5108 ) ;
#1079 = MECHANICAL_DESIGN_GEOMETRIC_PRESENTATION_REPRESENTATION (  '', ( #492 ), #1393 ) ;
#1080 = AXIS2_PLACEMENT_3D ( 'NONE', #1974, #3000, #1913 ) ;
#1081 = CIRCLE ( 'NONE', #2814, 0.9999999999999940000 ) ;
#1082 =( NAMED_UNIT ( * ) PLANE_ANGLE_UNIT ( ) SI_UNIT ( $, .RADIAN. ) );
#1083 = SURFACE_STYLE_USAGE ( .BOTH. , #4531 ) ;
#1084 = LINE ( 'NONE', #4393, #4398 ) ;
#1085 =( NAMED_UNIT ( * ) SI_UNIT ( $, .STERADIAN. ) SOLID_ANGLE_UNIT ( ) );
#1086 = ORIENTED_EDGE ( 'NONE', *, *, #1433, .T. ) ;
#1087 = DIRECTION ( 'NONE',  ( 0.0000000000000000000, 0.0000000000000000000, -1.000000000000000000 ) ) ;
#1088 = DIRECTION ( 'NONE',  ( 0.0000000000000000000, 0.0000000000000000000, 1.000000000000000000 ) ) ;
#1089 = LINE ( 'NONE', #1108, #4268 ) ;
#1090 = ORIENTED_EDGE ( 'NONE', *, *, #3368, .T. ) ;
#1091 = MECHANICAL_DESIGN_GEOMETRIC_PRESENTATION_REPRESENTATION (  '', ( #187 ), #1405 ) ;
#1092 = LINE ( 'NONE', #4373, #5528 ) ;
#1093 = VERTEX_POINT ( 'NONE', #2356 ) ;
#1094 = DIRECTION ( 'NONE',  ( 0.0000000000000000000, 1.224646799147353200E-016, 1.000000000000000000 ) ) ;
#1095 = ORIENTED_EDGE ( 'NONE', *, *, #1104, .F. ) ;
#1096 = CARTESIAN_POINT ( 'NONE',  ( -30.50000000000000400, 22.50000000000000000, -12.00000000000000000 ) ) ;
#1097 = VERTEX_POINT ( 'NONE', #4026 ) ;
#1098 = PLANE ( 'NONE',  #5336 ) ;
#1099 = AXIS2_PLACEMENT_3D ( 'NONE', #3153, #5287, #2650 ) ;
#1100 = B_SPLINE_CURVE_WITH_KNOTS ( 'NONE', 3,
 ( #4472, #4525, #4546, #4492, #4454, #4465, #4452, #4376, #3600, #3672 ),
 .UNSPECIFIED., .F., .F.,
 ( 4, 2, 2, 2, 4 ),
 ( 8.838932128457032700E-016, 0.0005001450513705011900, 0.001000290102740118500, 0.001500435154109735900, 0.002000580205479353200 ),
 .UNSPECIFIED. ) ;
#1101 = ORIENTED_EDGE ( 'NONE', *, *, #4328, .F. ) ;
#1102 = CARTESIAN_POINT ( 'NONE',  ( -15.22500000000000300, 40.00000000000000000, -0.6000000000000000900 ) ) ;
#1103 = CARTESIAN_POINT ( 'NONE',  ( -17.60000000000000500, 32.34000000000000300, 4.154347244601999600 ) ) ;
#1104 = EDGE_CURVE ( 'NONE', #3885, #5139, #4727, .T. ) ;
#1105 = ORIENTED_EDGE ( 'NONE', *, *, #1226, .F. ) ;
#1106 =( GEOMETRIC_REPRESENTATION_CONTEXT ( 3 ) GLOBAL_UNCERTAINTY_ASSIGNED_CONTEXT ( ( #5337 ) ) GLOBAL_UNIT_ASSIGNED_CONTEXT ( ( #2933, #2880, #4457 ) ) REPRESENTATION_CONTEXT ( 'NONE', 'WORKASPACE' ) );
#1107 = UNCERTAINTY_MEASURE_WITH_UNIT (LENGTH_MEASURE( 1.000000000000000100E-005 ), #95, 'distance_accuracy_value', 'NONE');
#1108 = CARTESIAN_POINT ( 'NONE',  ( -23.36287797061458700, 40.75976976178232300, 0.0000000000000000000 ) ) ;
#1109 = ORIENTED_EDGE ( 'NONE', *, *, #5433, .F. ) ;
#1110 = DIRECTION ( 'NONE',  ( 0.0000000000000000000, -1.000000000000000000, 0.0000000000000000000 ) ) ;
#1111 = FACE_OUTER_BOUND ( 'NONE', #4031, .T. ) ;
#1112 = CARTESIAN_POINT ( 'NONE',  ( -33.00000000000184000, 28.49999999999998600, 13.99999999999810100 ) ) ;
#1113 = PRESENTATION_LAYER_ASSIGNMENT (  '', '', ( #529 ) ) ;
#1114 =( NAMED_UNIT ( * ) SI_UNIT ( $, .STERADIAN. ) SOLID_ANGLE_UNIT ( ) );
#1115 = EDGE_CURVE ( 'NONE', #806, #355, #245, .T. ) ;
#1116 = ORIENTED_EDGE ( 'NONE', *, *, #4229, .T. ) ;
#1117 =( LENGTH_UNIT ( ) NAMED_UNIT ( * ) SI_UNIT ( .MILLI., .METRE. ) );
#1118 = FILL_AREA_STYLE ('',( #800 ) ) ;
#1119 = PRESENTATION_STYLE_ASSIGNMENT (( #3502 ) ) ;
#1120 = CARTESIAN_POINT ( 'NONE',  ( -4.000000000000003600, 28.49999999999999600, 14.50000000000000000 ) ) ;
#1121 = CARTESIAN_POINT ( 'NONE',  ( -46.50000000000000000, 0.0000000000000000000, 9.549999999999995400 ) ) ;
#1122 =( LENGTH_UNIT ( ) NAMED_UNIT ( * ) SI_UNIT ( .MILLI., .METRE. ) );
#1123 = CARTESIAN_POINT ( 'NONE',  ( -3.207106781186393400, 29.00000000000021300, 14.00000000000086200 ) ) ;
#1124 = COLOUR_RGB ( '',0.0000000000000000000, 0.0000000000000000000, 0.0000000000000000000 ) ;
#1125 = ORIENTED_EDGE ( 'NONE', *, *, #4822, .T. ) ;
#1126 = SURFACE_SIDE_STYLE ('',( #1920 ) ) ;
#1127 = EDGE_CURVE ( 'NONE', #1230, #3117, #1302, .T. ) ;
#1128 = CARTESIAN_POINT ( 'NONE',  ( -3.000000000000002700, 16.23490457941158400, -9.870555875805612400 ) ) ;
#1129 = DIRECTION ( 'NONE',  ( -1.000000000000000000, -0.0000000000000000000, 0.0000000000000000000 ) ) ;
#1130 = DIRECTION ( 'NONE',  ( -1.000000000000000000, 0.0000000000000000000, 0.0000000000000000000 ) ) ;
#1131 = EDGE_LOOP ( 'NONE', ( #4560, #1337, #3050, #3295 ) ) ;
#1132 = DIRECTION ( 'NONE',  ( 0.0000000000000000000, 1.000000000000000000, 0.0000000000000000000 ) ) ;
#1133 = FILL_AREA_STYLE_COLOUR ( '', #1282 ) ;
#1134 = EDGE_CURVE ( 'NONE', #3117, #416, #3664, .T. ) ;
#1135 = CARTESIAN_POINT ( 'NONE',  ( -3.707106781192625700, 29.00000000000001400, -14.50000000007049500 ) ) ;
#1136 =( GEOMETRIC_REPRESENTATION_CONTEXT ( 3 ) GLOBAL_UNCERTAINTY_ASSIGNED_CONTEXT ( ( #2674 ) ) GLOBAL_UNIT_ASSIGNED_CONTEXT ( ( #1575, #1220, #1197 ) ) REPRESENTATION_CONTEXT ( 'NONE', 'WORKASPACE' ) );
#1137 = ORIENTED_EDGE ( 'NONE', *, *, #4069, .F. ) ;
#1138 = ORIENTED_EDGE ( 'NONE', *, *, #1433, .F. ) ;
#1139 = LINE ( 'NONE', #1030, #5305 ) ;
#1140 = CARTESIAN_POINT ( 'NONE',  ( -18.00000000000000400, 29.00000000000000400, 14.50000000000000200 ) ) ;
#1141 = DIRECTION ( 'NONE',  ( 0.0000000000000000000, -1.000000000000000000, 0.0000000000000000000 ) ) ;
#1142 =( GEOMETRIC_REPRESENTATION_CONTEXT ( 3 ) GLOBAL_UNCERTAINTY_ASSIGNED_CONTEXT ( ( #1014 ) ) GLOBAL_UNIT_ASSIGNED_CONTEXT ( ( #3270, #3140, #3044 ) ) REPRESENTATION_CONTEXT ( 'NONE', 'WORKASPACE' ) );
#1143 = EDGE_CURVE ( 'NONE', #2367, #4010, #106, .T. ) ;
#1144 = VECTOR ( 'NONE', #2511, 1000.000000000000000 ) ;
#1145 = CARTESIAN_POINT ( 'NONE',  ( -1.500000000000001300, 5.048709793414475600E-026, 15.05000000000000100 ) ) ;
#1146 = CARTESIAN_POINT ( 'NONE',  ( -4.000000000120341100, 29.00000000000001400, -14.50000000000000000 ) ) ;
#1147 = DIRECTION ( 'NONE',  ( 0.0000000000000000000, 0.0000000000000000000, 1.000000000000000000 ) ) ;
#1148 = LINE ( 'NONE', #3106, #3409 ) ;
#1149 = VECTOR ( 'NONE', #4166, 1000.000000000000000 ) ;
#1150 = PRESENTATION_LAYER_ASSIGNMENT (  '', '', ( #584 ) ) ;
#1151 = DIRECTION ( 'NONE',  ( -1.000000000000000000, -2.297646988048755200E-015, -0.0000000000000000000 ) ) ;
#1152 = CARTESIAN_POINT ( 'NONE',  ( -3.535533905942107600, 29.00000000000093400, -14.79289321892596500 ) ) ;
#1153 = SURFACE_STYLE_FILL_AREA ( #2250 ) ;
#1154 = FILL_AREA_STYLE ('',( #4064 ) ) ;
#1155 = CARTESIAN_POINT ( 'NONE',  ( -32.30581863478669600, 29.00000000000000700, -14.39711044887993200 ) ) ;
#1156 = FACE_OUTER_BOUND ( 'NONE', #4846, .T. ) ;
#1157 = ORIENTED_EDGE ( 'NONE', *, *, #1016, .T. ) ;
#1158 = VECTOR ( 'NONE', #1846, 1000.000000000000000 ) ;
#1159 = FILL_AREA_STYLE_COLOUR ( '', #2552 ) ;
#1160 = STYLED_ITEM ( 'NONE', ( #3280 ), #1768 ) ;
#1161 = PLANE ( 'NONE',  #5386 ) ;
#1162 = ORIENTED_EDGE ( 'NONE', *, *, #99, .F. ) ;
#1163 = COLOUR_RGB ( '',0.0000000000000000000, 0.0000000000000000000, 0.0000000000000000000 ) ;
#1164 = PRESENTATION_STYLE_ASSIGNMENT (( #2316 ) ) ;
#1165 = DIRECTION ( 'NONE',  ( -1.000000000000000000, -2.297646988048755200E-015, -0.0000000000000000000 ) ) ;
#1166 = CARTESIAN_POINT ( 'NONE',  ( -3.499999999926383800, 29.00000000000001400, -14.29289321880204300 ) ) ;
#1167 = EDGE_LOOP ( 'NONE', ( #2363, #5535, #2990, #4279 ) ) ;
#1168 = EDGE_CURVE ( 'NONE', #334, #1093, #2411, .T. ) ;
#1169 = STYLED_ITEM ( 'NONE', ( #3144 ), #2048 ) ;
#1170 = CIRCLE ( 'NONE', #4894, 18.50000000000000000 ) ;
#1171 = OPEN_SHELL ( 'NONE', ( #2469, #1898, #2138, #1686, #2096, #1640, #1528, #2501, #2303, #1654, #2269, #2695, #1829, #2629, #2362, #2234, #2126, #1596, #2608, #2332, #1634, #2636, #1776, #1845, #1923, #2167, #1439, #1994, #1859, #2081, #1568, #2580, #1740, #1483, #1982, #2196, #2024, #1787, #1853, #2112, #2400, #2151, #2509, #1761, #1537, #2048, #2562, #1800, #2076, #2372, #1408, #1720, #2203, #1506, #2537, #1574, #2289, #2672, #1691, #2158, #1987, #1765, #1814, #2593, #2277, #2104, #2661, #1891, #2381 ) ) ;
#1172 = CARTESIAN_POINT ( 'NONE',  ( -4.000000000190951300, 29.00000000000093100, -14.79289321881410900 ) ) ;
#1173 = VERTEX_POINT ( 'NONE', #4075 ) ;
#1174 = SURFACE_STYLE_USAGE ( .BOTH. , #1201 ) ;
#1175 = UNCERTAINTY_MEASURE_WITH_UNIT (LENGTH_MEASURE( 1.000000000000000100E-005 ), #2377, 'distance_accuracy_value', 'NONE');
#1176 = AXIS2_PLACEMENT_3D ( 'NONE', #69, #1022, #4800 ) ;
#1177 =( NAMED_UNIT ( * ) PLANE_ANGLE_UNIT ( ) SI_UNIT ( $, .RADIAN. ) );
#1178 = VERTEX_POINT ( 'NONE', #4004 ) ;
#1179 = DIRECTION ( 'NONE',  ( 0.0000000000000000000, 1.000000000000000000, 0.0000000000000000000 ) ) ;
#1180 = DIRECTION ( 'NONE',  ( 0.0000000000000000000, 1.000000000000000000, 0.0000000000000000000 ) ) ;
#1181 = CARTESIAN_POINT ( 'NONE',  ( -32.50000000000071100, 29.00000000000001100, -14.29289321886742300 ) ) ;
#1182 = CARTESIAN_POINT ( 'NONE',  ( -25.24999999999908300, 38.99999999999901200, -1.500000000000000000 ) ) ;
#1183 =( LENGTH_UNIT ( ) NAMED_UNIT ( * ) SI_UNIT ( .MILLI., .METRE. ) );
#1184 = MECHANICAL_DESIGN_GEOMETRIC_PRESENTATION_REPRESENTATION (  '', ( #285 ), #1505 ) ;
#1185 = CARTESIAN_POINT ( 'NONE',  ( -0.8529462970165089300, -15.04999999999988700, -1.249941288410261100E-028 ) ) ;
#1186 = AXIS2_PLACEMENT_3D ( 'NONE', #3032, #3021, #3027 ) ;
#1187 = SURFACE_SIDE_STYLE ('',( #1263 ) ) ;
#1188 = CARTESIAN_POINT ( 'NONE',  ( -33.00000000000000000, 22.50000000000000000, 0.0000000000000000000 ) ) ;
#1189 =( NAMED_UNIT ( * ) SI_UNIT ( $, .STERADIAN. ) SOLID_ANGLE_UNIT ( ) );
#1190 = SURFACE_STYLE_FILL_AREA ( #3629 ) ;
#1191 = DIRECTION ( 'NONE',  ( 0.0000000000000000000, 0.0000000000000000000, 1.000000000000000000 ) ) ;
#1192 =( NAMED_UNIT ( * ) SI_UNIT ( $, .STERADIAN. ) SOLID_ANGLE_UNIT ( ) );
#1193 = AXIS2_PLACEMENT_3D ( 'NONE', #1832, #1778, #2222 ) ;
#1194 = SURFACE_STYLE_FILL_AREA ( #1055 ) ;
#1195 =( NAMED_UNIT ( * ) PLANE_ANGLE_UNIT ( ) SI_UNIT ( $, .RADIAN. ) );
#1196 = ORIENTED_EDGE ( 'NONE', *, *, #3210, .T. ) ;
#1197 =( NAMED_UNIT ( * ) SI_UNIT ( $, .STERADIAN. ) SOLID_ANGLE_UNIT ( ) );
#1198 = CARTESIAN_POINT ( 'NONE',  ( -22.09272301885941700, 42.00000000000025600, 6.692723018863056000 ) ) ;
#1199 = STYLED_ITEM ( 'NONE', ( #1928 ), #1923 ) ;
#1200 =( NAMED_UNIT ( * ) PLANE_ANGLE_UNIT ( ) SI_UNIT ( $, .RADIAN. ) );
#1201 = SURFACE_SIDE_STYLE ('',( #674 ) ) ;
#1202 = CARTESIAN_POINT ( 'NONE',  ( -15.69725028794194400, 16.96083825756500500, 1.318453374525965400 ) ) ;
#1203 = SURFACE_STYLE_USAGE ( .BOTH. , #94 ) ;
#1204 = DIRECTION ( 'NONE',  ( 0.0000000000000000000, -0.8910065241882018100, -0.4539904997398727100 ) ) ;
#1205 = VECTOR ( 'NONE', #3383, 1000.000000000000000 ) ;
#1206 =( BOUNDED_SURFACE ( )  B_SPLINE_SURFACE ( 3, 3, ( 
 ( #2342, #2291, #2274, #1847 ),
 ( #1825, #1368, #1346, #925 ),
 ( #905, #498, #475, #452 ),
 ( #21, #5224, #4811, #2320 ) ),
 .UNSPECIFIED., .F., .F., .F. ) 
 B_SPLINE_SURFACE_WITH_KNOTS ( ( 4, 4 ),
 ( 4, 4 ),
 ( 0.0000000000000000000, 1.000000000000000000 ),
 ( 0.0000000000000000000, 1.000000000000000000 ),
 .UNSPECIFIED. ) 
 GEOMETRIC_REPRESENTATION_ITEM ( )  RATIONAL_B_SPLINE_SURFACE ( (
 ( 1.000000000000000000, 0.3333333333333334300, 0.3333333333333334300, 1.000000000000000000),
 ( 0.8695484763486353000, 0.2898494921162118600, 0.2898494921162118600, 0.8695484763486353000),
 ( 0.8695484763486353000, 0.2898494921162118600, 0.2898494921162118600, 0.8695484763486353000),
 ( 1.000000000000000000, 0.3333333333333334300, 0.3333333333333334300, 1.000000000000000000) ) ) 
 REPRESENTATION_ITEM ( '' )  SURFACE ( )  );
#1207 = PRESENTATION_STYLE_ASSIGNMENT (( #148 ) ) ;
#1208 = FACE_OUTER_BOUND ( 'NONE', #363, .T. ) ;
#1209 =( LENGTH_UNIT ( ) NAMED_UNIT ( * ) SI_UNIT ( .MILLI., .METRE. ) );
#1210 =( NAMED_UNIT ( * ) PLANE_ANGLE_UNIT ( ) SI_UNIT ( $, .RADIAN. ) );
#1211 = EDGE_CURVE ( 'NONE', #3250, #5120, #5592, .T. ) ;
#1212 = DIRECTION ( 'NONE',  ( 0.0000000000000000000, -1.000000000000000000, 1.313442742274377600E-013 ) ) ;
#1213 = CARTESIAN_POINT ( 'NONE',  ( -32.58578643762987100, 28.49999999999998900, 15.00000000000072700 ) ) ;
#1214 = AXIS2_PLACEMENT_3D ( 'NONE', #5290, #5254, #5232 ) ;
#1215 = CARTESIAN_POINT ( 'NONE',  ( -3.207106781069220400, 29.00000000000093400, -14.46446609404967100 ) ) ;
#1216 = VECTOR ( 'NONE', #3512, 1000.000000000000100 ) ;
#1217 = DIRECTION ( 'NONE',  ( -0.4226182617379194400, -0.9063077870379462300, 0.0000000000000000000 ) ) ;
#1218 = SURFACE_STYLE_FILL_AREA ( #5455 ) ;
#1219 = CARTESIAN_POINT ( 'NONE',  ( -33.00000000000294900, 28.49999999999998900, 14.58578643762608500 ) ) ;
#1220 =( NAMED_UNIT ( * ) PLANE_ANGLE_UNIT ( ) SI_UNIT ( $, .RADIAN. ) );
#1221 = CARTESIAN_POINT ( 'NONE',  ( -21.30000000000000400, 36.39999999999999900, -5.900000000000001200 ) ) ;
#1222 = LINE ( 'NONE', #467, #2328 ) ;
#1223 = CARTESIAN_POINT ( 'NONE',  ( -32.50000000000000000, 28.49999999999999600, 14.00000000000000000 ) ) ;
#1224 = PRESENTATION_STYLE_ASSIGNMENT (( #1053 ) ) ;
#1225 = AXIS2_PLACEMENT_3D ( 'NONE', #995, #4037, #1446 ) ;
#1226 = EDGE_CURVE ( 'NONE', #2744, #845, #3410, .T. ) ;
#1227 = EDGE_LOOP ( 'NONE', ( #3948, #1345, #5570, #2000 ) ) ;
#1228 = DIRECTION ( 'NONE',  ( 0.0000000000000000000, 0.0000000000000000000, 1.000000000000000000 ) ) ;
#1229 = CIRCLE ( 'NONE', #2199, 18.50000000000000000 ) ;
#1230 = VERTEX_POINT ( 'NONE', #4001 ) ;
#1231 = ORIENTED_EDGE ( 'NONE', *, *, #3892, .F. ) ;
#1232 = CARTESIAN_POINT ( 'NONE',  ( -33.00000000000184000, 28.79289321881440200, 13.99999999999810300 ) ) ;
#1233 = LINE ( 'NONE', #2888, #33 ) ;
#1234 = EDGE_LOOP ( 'NONE', ( #440, #5578 ) ) ;
#1235 = PRODUCT_DEFINITION ( 'UNKNOWN', '', #1553, #1739 ) ;
#1236 = SURFACE_STYLE_USAGE ( .BOTH. , #1187 ) ;
#1237 = FILL_AREA_STYLE_COLOUR ( '', #4107 ) ;
#1238 = CIRCLE ( 'NONE', #3849, 19.00000000000000000 ) ;
#1239 = ORIENTED_EDGE ( 'NONE', *, *, #1945, .T. ) ;
#1240 =( GEOMETRIC_REPRESENTATION_CONTEXT ( 3 ) GLOBAL_UNCERTAINTY_ASSIGNED_CONTEXT ( ( #1261 ) ) GLOBAL_UNIT_ASSIGNED_CONTEXT ( ( #442, #459, #438 ) ) REPRESENTATION_CONTEXT ( 'NONE', 'WORKASPACE' ) );
#1241 = ORIENTED_EDGE ( 'NONE', *, *, #549, .T. ) ;
#1242 = CARTESIAN_POINT ( 'NONE',  ( -33.00000000000000000, 18.33030277982231800, -5.000000000000426300 ) ) ;
#1243 = CARTESIAN_POINT ( 'NONE',  ( -32.00000000000189700, 28.49999999999998600, 15.00000000000183700 ) ) ;
#1244 = CARTESIAN_POINT ( 'NONE',  ( -13.91798484791006100, 16.00986708708232300, -5.723716592915399000 ) ) ;
#1245 = CARTESIAN_POINT ( 'NONE',  ( -32.58578643762987800, 28.79289321881440200, 15.00000000000072800 ) ) ;
#1246 = FILL_AREA_STYLE_COLOUR ( '', #718 ) ;
#1247 = EDGE_LOOP ( 'NONE', ( #5279, #2050, #4293, #5412 ) ) ;
#1248 = CARTESIAN_POINT ( 'NONE',  ( -33.00000000000294900, 28.79289321881440200, 14.58578643762608900 ) ) ;
#1249 = EDGE_CURVE ( 'NONE', #183, #1529, #669, .T. ) ;
#1250 = CARTESIAN_POINT ( 'NONE',  ( -2.357484678784340300E-014, 16.30043030564249000, -1.249941288410261100E-028 ) ) ;
#1251 = ORIENTED_EDGE ( 'NONE', *, *, #2651, .F. ) ;
#1252 = DIRECTION ( 'NONE',  ( 0.0000000000000000000, -0.0000000000000000000, 1.000000000000000000 ) ) ;
#1253 = APPLICATION_PROTOCOL_DEFINITION ( 'draft international standard', 'automotive_design', 1998, #3876 ) ;
#1254 = CARTESIAN_POINT ( 'NONE',  ( -32.79289321881423500, 29.00000000000109100, 13.99999999999928200 ) ) ;
#1255 =( NAMED_UNIT ( * ) SI_UNIT ( $, .STERADIAN. ) SOLID_ANGLE_UNIT ( ) );
#1256 =( NAMED_UNIT ( * ) PLANE_ANGLE_UNIT ( ) SI_UNIT ( $, .RADIAN. ) );
#1257 = EDGE_CURVE ( 'NONE', #1470, #223, #3292, .T. ) ;
#1258 = ORIENTED_EDGE ( 'NONE', *, *, #3683, .F. ) ;
#1259 = MECHANICAL_DESIGN_GEOMETRIC_PRESENTATION_REPRESENTATION (  '', ( #354 ), #1571 ) ;
#1260 = CARTESIAN_POINT ( 'NONE',  ( -32.25174807665006000, 29.00000000000000400, -14.43323924076744400 ) ) ;
#1261 = UNCERTAINTY_MEASURE_WITH_UNIT (LENGTH_MEASURE( 1.000000000000000100E-005 ), #442, 'distance_accuracy_value', 'NONE');
#1262 = CARTESIAN_POINT ( 'NONE',  ( -50.00000000000000000, 0.0000000000000000000, 0.0000000000000000000 ) ) ;
#1263 = SURFACE_STYLE_FILL_AREA ( #1665 ) ;
#1264 = DIRECTION ( 'NONE',  ( -0.0000000000000000000, 1.000000000000000000, -0.0000000000000000000 ) ) ;
#1265 = CARTESIAN_POINT ( 'NONE',  ( -32.00000000000189700, 28.79289321881440200, 15.00000000000183900 ) ) ;
#1266 = CARTESIAN_POINT ( 'NONE',  ( -14.44906525048592100, 16.27691060933255300, -4.936525513357063100 ) ) ;
#1267 = SURFACE_SIDE_STYLE ('',( #4313 ) ) ;
#1268 = EDGE_LOOP ( 'NONE', ( #574, #3003, #1905, #4171 ) ) ;
#1269 = VECTOR ( 'NONE', #4298, 1000.000000000000000 ) ;
#1270 = STYLED_ITEM ( 'NONE', ( #3354 ), #2381 ) ;
#1271 = CARTESIAN_POINT ( 'NONE',  ( -32.00000000000071100, 29.00000000000109100, 14.79289321881422800 ) ) ;
#1272 = EDGE_CURVE ( 'NONE', #765, #2357, #4341, .T. ) ;
#1273 = CARTESIAN_POINT ( 'NONE',  ( -32.00000000000000000, 11.66190378969041500, 15.00000000000007300 ) ) ;
#1274 = CARTESIAN_POINT ( 'NONE',  ( -0.05597972129021489700, 16.78820545165989500, -1.249941288410261100E-028 ) ) ;
#1275 = CARTESIAN_POINT ( 'NONE',  ( -32.46446609406842800, 29.00000000000108400, 14.79289321881380900 ) ) ;
#1276 = AXIS2_PLACEMENT_3D ( 'NONE', #3311, #624, #3703 ) ;
#1277 =( NAMED_UNIT ( * ) PLANE_ANGLE_UNIT ( ) SI_UNIT ( $, .RADIAN. ) );
#1278 =( GEOMETRIC_REPRESENTATION_CONTEXT ( 3 ) GLOBAL_UNCERTAINTY_ASSIGNED_CONTEXT ( ( #23 ) ) GLOBAL_UNIT_ASSIGNED_CONTEXT ( ( #5302, #5312, #5320 ) ) REPRESENTATION_CONTEXT ( 'NONE', 'WORKASPACE' ) );
#1279 = PRESENTATION_STYLE_ASSIGNMENT (( #4743 ) ) ;
#1280 = CARTESIAN_POINT ( 'NONE',  ( -32.49999999999944600, 29.00000000000001100, 14.29289321881440400 ) ) ;
#1281 = CARTESIAN_POINT ( 'NONE',  ( -32.50000000000000000, 29.00000000000000700, 14.00000000000095000 ) ) ;
#1282 = COLOUR_RGB ( '',0.0000000000000000000, 0.0000000000000000000, 0.0000000000000000000 ) ;
#1283 = STYLED_ITEM ( 'NONE', ( #141 ), #1749 ) ;
#1284 = PLANE ( 'NONE',  #3043 ) ;
#1285 = VERTEX_POINT ( 'NONE', #3549 ) ;
#1286 = FACE_OUTER_BOUND ( 'NONE', #4626, .T. ) ;
#1287 = DIRECTION ( 'NONE',  ( 1.000000000000000000, -0.0000000000000000000, -0.0000000000000000000 ) ) ;
#1288 = SURFACE_SIDE_STYLE ('',( #1986 ) ) ;
#1289 = CIRCLE ( 'NONE', #758, 19.00000000000000000 ) ;
#1290 = PRESENTATION_LAYER_ASSIGNMENT (  '', '', ( #1607 ) ) ;
#1291 = UNCERTAINTY_MEASURE_WITH_UNIT (LENGTH_MEASURE( 1.000000000000000100E-005 ), #2714, 'distance_accuracy_value', 'NONE');
#1292 = FACE_OUTER_BOUND ( 'NONE', #1762, .T. ) ;
#1293 = SURFACE_STYLE_USAGE ( .BOTH. , #3911 ) ;
#1294 =( LENGTH_UNIT ( ) NAMED_UNIT ( * ) SI_UNIT ( .MILLI., .METRE. ) );
#1295 = LINE ( 'NONE', #3707, #3657 ) ;
#1296 = SURFACE_STYLE_USAGE ( .BOTH. , #1314 ) ;
#1297 = CIRCLE ( 'NONE', #2085, 0.5000000000000004400 ) ;
#1298 = STYLED_ITEM ( 'NONE', ( #4285 ), #2269 ) ;
#1299 = VECTOR ( 'NONE', #3999, 1000.000000000000000 ) ;
#1300 = DIRECTION ( 'NONE',  ( 1.000000000000000000, -0.0000000000000000000, 0.0000000000000000000 ) ) ;
#1301 = VECTOR ( 'NONE', #3073, 1000.000000000000000 ) ;
#1302 = CIRCLE ( 'NONE', #3064, 9.550000000000002500 ) ;
#1303 = ORIENTED_EDGE ( 'NONE', *, *, #443, .F. ) ;
#1304 = PLANE ( 'NONE',  #4289 ) ;
#1305 = CARTESIAN_POINT ( 'NONE',  ( -0.3040217494552467900, 17.13304714025076300, -1.249941288410261100E-028 ) ) ;
#1306 = ORIENTED_EDGE ( 'NONE', *, *, #4206, .F. ) ;
#1307 = STYLED_ITEM ( 'NONE', ( #4477 ), #2593 ) ;
#1308 = VECTOR ( 'NONE', #1927, 1000.000000000000000 ) ;
#1309 = FILL_AREA_STYLE ('',( #2047 ) ) ;
#1310 = EDGE_CURVE ( 'NONE', #3381, #169, #2095, .T. ) ;
#1311 = CARTESIAN_POINT ( 'NONE',  ( -31.99999999999905100, 29.00000000000000700, 14.49999999999999800 ) ) ;
#1312 = SURFACE_STYLE_USAGE ( .BOTH. , #3931 ) ;
#1313 = ORIENTED_EDGE ( 'NONE', *, *, #43, .T. ) ;
#1314 = SURFACE_SIDE_STYLE ('',( #5225 ) ) ;
#1315 = CARTESIAN_POINT ( 'NONE',  ( -32.22260086347201000, 29.00000000000000000, -14.44882754791119700 ) ) ;
#1316 = DIRECTION ( 'NONE',  ( 0.0000000000000000000, 0.0000000000000000000, 1.000000000000000000 ) ) ;
#1317 = ORIENTED_EDGE ( 'NONE', *, *, #5288, .T. ) ;
#1318 =( NAMED_UNIT ( * ) PLANE_ANGLE_UNIT ( ) SI_UNIT ( $, .RADIAN. ) );
#1319 = CARTESIAN_POINT ( 'NONE',  ( -32.79289321881464800, 29.00000000000108400, 14.46446609406699900 ) ) ;
#1320 = DIRECTION ( 'NONE',  ( 0.0000000000000000000, 0.0000000000000000000, 1.000000000000000000 ) ) ;
#1321 = CARTESIAN_POINT ( 'NONE',  ( -32.29289321881250200, 29.00000000000001100, 14.50000000000055400 ) ) ;
#1322 = ORIENTED_EDGE ( 'NONE', *, *, #4872, .F. ) ;
#1323 = VERTEX_POINT ( 'NONE', #3421 ) ;
#1324 =( NAMED_UNIT ( * ) PLANE_ANGLE_UNIT ( ) SI_UNIT ( $, .RADIAN. ) );
#1325 = DIRECTION ( 'NONE',  ( 1.000000000000000000, -0.0000000000000000000, -0.0000000000000000000 ) ) ;
#1326 = STYLED_ITEM ( 'NONE', ( #3328 ), #1880 ) ;
#1327 = FILL_AREA_STYLE ('',( #653 ) ) ;
#1328 = ORIENTED_EDGE ( 'NONE', *, *, #2217, .F. ) ;
#1329 = VERTEX_POINT ( 'NONE', #3622 ) ;
#1330 =( BOUNDED_SURFACE ( )  B_SPLINE_SURFACE ( 3, 3, ( 
 ( #1587, #1414, #1391, #1380 ),
 ( #4391, #1378, #1357, #1341 ),
 ( #1339, #1215, #1152, #1172 ),
 ( #2107, #1166, #1135, #1146 ) ),
 .UNSPECIFIED., .F., .F., .T. ) 
 B_SPLINE_SURFACE_WITH_KNOTS ( ( 4, 4 ),
 ( 4, 4 ),
 ( 0.1182176777965718600, 0.8817823222050693600 ),
 ( 0.0000000000000000000, 1.000000000000000000 ),
 .UNSPECIFIED. ) 
 GEOMETRIC_REPRESENTATION_ITEM ( )  RATIONAL_B_SPLINE_SURFACE ( (
 ( 0.9051945244723420500, 0.7284442990840217500, 0.7284442990840217500, 0.9051945244723420500),
 ( 0.7284442991886035400, 0.5862067020936857500, 0.5862067020936857500, 0.7284442991886035400),
 ( 0.7284442991889834600, 0.5862067020939915100, 0.5862067020939915100, 0.7284442991889834600),
 ( 0.9051945244734819200, 0.7284442990849390200, 0.7284442990849390200, 0.9051945244734819200) ) ) 
 REPRESENTATION_ITEM ( '' )  SURFACE ( )  );
#1331 = PRESENTATION_STYLE_ASSIGNMENT (( #5560 ) ) ;
#1332 = DIRECTION ( 'NONE',  ( -1.000000000000000000, 0.0000000000000000000, 0.0000000000000000000 ) ) ;
#1333 = SURFACE_STYLE_USAGE ( .BOTH. , #5530 ) ;
#1334 = EDGE_CURVE ( 'NONE', #1329, #3277, #3176, .T. ) ;
#1335 = STYLED_ITEM ( 'NONE', ( #767 ), #2167 ) ;
#1336 = CARTESIAN_POINT ( 'NONE',  ( 0.0000000000000000000, 14.22676663990985600, 9.666390793545861700 ) ) ;
#1337 = ORIENTED_EDGE ( 'NONE', *, *, #5534, .T. ) ;
#1338 = COLOUR_RGB ( '',0.7764705882352941300, 0.7568627450980391900, 0.7372549019607843600 ) ;
#1339 = CARTESIAN_POINT ( 'NONE',  ( -3.207106781185894200, 29.00000000000093100, -13.99999999980082600 ) ) ;
#1340 = AXIS2_PLACEMENT_3D ( 'NONE', #947, #26, #4776 ) ;
#1341 = CARTESIAN_POINT ( 'NONE',  ( -4.000000000240878400, 28.79289321881425700, -15.00000000000157400 ) ) ;
#1342 = EDGE_CURVE ( 'NONE', #1758, #922, #5318, .T. ) ;
#1343 = DIRECTION ( 'NONE',  ( 1.000000000000000000, 0.0000000000000000000, 0.0000000000000000000 ) ) ;
#1344 = ORIENTED_EDGE ( 'NONE', *, *, #937, .T. ) ;
#1345 = ORIENTED_EDGE ( 'NONE', *, *, #3993, .F. ) ;
#1346 = CARTESIAN_POINT ( 'NONE',  ( -0.3040217494550257500, 15.11695286007899800, 30.23390572015778200 ) ) ;
#1347 = AXIS2_PLACEMENT_3D ( 'NONE', #4464, #1925, #4886 ) ;
#1348 = FILL_AREA_STYLE ('',( #5223 ) ) ;
#1349 = CARTESIAN_POINT ( 'NONE',  ( -23.74999999999999600, 28.99999999999999600, -8.299999999999998900 ) ) ;
#1350 = MECHANICAL_DESIGN_GEOMETRIC_PRESENTATION_REPRESENTATION (  '', ( #5471 ), #1668 ) ;
#1351 = FILL_AREA_STYLE ('',( #501 ) ) ;
#1352 = VERTEX_POINT ( 'NONE', #4905 ) ;
#1353 = FACE_OUTER_BOUND ( 'NONE', #3753, .T. ) ;
#1354 = DIRECTION ( 'NONE',  ( -0.0000000000000000000, -1.000000000000000000, -0.0000000000000000000 ) ) ;
#1355 = CARTESIAN_POINT ( 'NONE',  ( -0.05597972129021529200, 16.78820545165989500, -33.57641090331954800 ) ) ;
#1356 = EDGE_LOOP ( 'NONE', ( #1524, #4090, #1428, #3588 ) ) ;
#1357 = CARTESIAN_POINT ( 'NONE',  ( -3.414213562384525300, 28.79289321881425300, -15.00000000014267500 ) ) ;
#1358 = VECTOR ( 'NONE', #3370, 1000.000000000000000 ) ;
#1359 = EDGE_CURVE ( 'NONE', #3630, #897, #3047, .T. ) ;
#1360 = MECHANICAL_DESIGN_GEOMETRIC_PRESENTATION_REPRESENTATION (  '', ( #464 ), #1675 ) ;
#1361 = DIRECTION ( 'NONE',  ( -1.000000000000000000, -2.297646988048755200E-015, -0.0000000000000000000 ) ) ;
#1362 = VECTOR ( 'NONE', #3477, 1000.000000000000000 ) ;
#1363 =( LENGTH_UNIT ( ) NAMED_UNIT ( * ) SI_UNIT ( .MILLI., .METRE. ) );
#1364 = UNCERTAINTY_MEASURE_WITH_UNIT (LENGTH_MEASURE( 1.000000000000000100E-005 ), #1646, 'distance_accuracy_value', 'NONE');
#1365 = EDGE_CURVE ( 'NONE', #1581, #3678, #5180, .T. ) ;
#1366 = MECHANICAL_DESIGN_GEOMETRIC_PRESENTATION_REPRESENTATION (  '', ( #472 ), #1683 ) ;
#1367 = LINE ( 'NONE', #918, #3597 ) ;
#1368 = CARTESIAN_POINT ( 'NONE',  ( -0.3040217494549563000, -15.11695286007878300, 30.23390572015777500 ) ) ;
#1369 =( NAMED_UNIT ( * ) SI_UNIT ( $, .STERADIAN. ) SOLID_ANGLE_UNIT ( ) );
#1370 = SURFACE_STYLE_USAGE ( .BOTH. , #5243 ) ;
#1371 =( LENGTH_UNIT ( ) NAMED_UNIT ( * ) SI_UNIT ( .MILLI., .METRE. ) );
#1372 = PLANE ( 'NONE',  #2350 ) ;
#1373 = ORIENTED_EDGE ( 'NONE', *, *, #5574, .T. ) ;
#1374 = VECTOR ( 'NONE', #5347, 1000.000000000000000 ) ;
#1375 = ORIENTED_EDGE ( 'NONE', *, *, #3337, .F. ) ;
#1376 = LINE ( 'NONE', #2883, #3482 ) ;
#1377 = CARTESIAN_POINT ( 'NONE',  ( -18.39999999999999900, 36.49999999999999300, 1.250000000000000000 ) ) ;
#1378 = CARTESIAN_POINT ( 'NONE',  ( -2.999999999851311800, 28.79289321881425300, -14.58578643760520800 ) ) ;
#1379 = MECHANICAL_DESIGN_GEOMETRIC_PRESENTATION_REPRESENTATION (  '', ( #783 ), #1690 ) ;
#1380 = CARTESIAN_POINT ( 'NONE',  ( -4.000000000240874900, 28.49999999999999600, -15.00000000000157000 ) ) ;
#1381 = CARTESIAN_POINT ( 'NONE',  ( -32.16008256889644900, 29.00000000000000400, -14.47505198459869800 ) ) ;
#1382 = EDGE_CURVE ( 'NONE', #3939, #5139, #1952, .T. ) ;
#1383 = COLOUR_RGB ( '',0.0000000000000000000, 0.0000000000000000000, 0.0000000000000000000 ) ;
#1384 = COLOUR_RGB ( '',0.0000000000000000000, 0.0000000000000000000, 0.0000000000000000000 ) ;
#1385 = ORIENTED_EDGE ( 'NONE', *, *, #137, .F. ) ;
#1386 = ORIENTED_EDGE ( 'NONE', *, *, #2508, .T. ) ;
#1387 = DIRECTION ( 'NONE',  ( 1.000000000000000000, 0.0000000000000000000, 0.0000000000000000000 ) ) ;
#1388 = FILL_AREA_STYLE_COLOUR ( '', #412 ) ;
#1389 = CYLINDRICAL_SURFACE ( 'NONE', #521, 9.549999999999998900 ) ;
#1390 = DIRECTION ( 'NONE',  ( -1.000000000000000000, -0.0000000000000000000, 0.0000000000000000000 ) ) ;
#1391 = CARTESIAN_POINT ( 'NONE',  ( -3.414213562384522200, 28.49999999999998900, -15.00000000014267300 ) ) ;
#1392 = COLOUR_RGB ( '',0.0000000000000000000, 0.0000000000000000000, 0.0000000000000000000 ) ;
#1393 =( GEOMETRIC_REPRESENTATION_CONTEXT ( 3 ) GLOBAL_UNCERTAINTY_ASSIGNED_CONTEXT ( ( #2386 ) ) GLOBAL_UNIT_ASSIGNED_CONTEXT ( ( #926, #3980, #1369 ) ) REPRESENTATION_CONTEXT ( 'NONE', 'WORKASPACE' ) );
#1394 = CARTESIAN_POINT ( 'NONE',  ( -32.59161629744208000, 11.89115695334575100, 14.81931738019762600 ) ) ;
#1395 = EDGE_LOOP ( 'NONE', ( #3825, #4908 ) ) ;
#1396 = MECHANICAL_DESIGN_GEOMETRIC_PRESENTATION_REPRESENTATION (  '', ( #791 ), #1703 ) ;
#1397 = COLOUR_RGB ( '',0.1098039215686274500, 0.1098039215686274500, 0.1098039215686274500 ) ;
#1398 = FILL_AREA_STYLE_COLOUR ( '', #4704 ) ;
#1399 =( NAMED_UNIT ( * ) SI_UNIT ( $, .STERADIAN. ) SOLID_ANGLE_UNIT ( ) );
#1400 =( NAMED_UNIT ( * ) SI_UNIT ( $, .STERADIAN. ) SOLID_ANGLE_UNIT ( ) );
#1401 = VERTEX_POINT ( 'NONE', #2668 ) ;
#1402 = FILL_AREA_STYLE ('',( #1689 ) ) ;
#1403 = ORIENTED_EDGE ( 'NONE', *, *, #773, .T. ) ;
#1404 = PRESENTATION_STYLE_ASSIGNMENT (( #1649 ) ) ;
#1405 =( GEOMETRIC_REPRESENTATION_CONTEXT ( 3 ) GLOBAL_UNCERTAINTY_ASSIGNED_CONTEXT ( ( #3741 ) ) GLOBAL_UNIT_ASSIGNED_CONTEXT ( ( #1873, #975, #949 ) ) REPRESENTATION_CONTEXT ( 'NONE', 'WORKASPACE' ) );
#1406 = CARTESIAN_POINT ( 'NONE',  ( -18.00000000000000400, 18.33030277982312500, -5.000000000000853500 ) ) ;
#1407 = CARTESIAN_POINT ( 'NONE',  ( 0.0000000000000000000, 5.048709793414475600E-026, 1.656607900964124800E-026 ) ) ;
#1408 = ADVANCED_FACE ( 'NONE', ( #2919 ), #2780, .T. ) ;
#1409 =( LENGTH_UNIT ( ) NAMED_UNIT ( * ) SI_UNIT ( .MILLI., .METRE. ) );
#1411 = VERTEX_POINT ( 'NONE', #2490 ) ;
#1410 = CARTESIAN_POINT ( 'NONE',  ( -15.75000000000000000, 32.50000000000000000, 0.0000000000000000000 ) ) ;
#1412 = ORIENTED_EDGE ( 'NONE', *, *, #2910, .T. ) ;
#1413 = ORIENTED_EDGE ( 'NONE', *, *, #4344, .T. ) ;
#1414 = CARTESIAN_POINT ( 'NONE',  ( -2.999999999851309600, 28.49999999999998900, -14.58578643760520200 ) ) ;
#1415 = ORIENTED_EDGE ( 'NONE', *, *, #2567, .T. ) ;
#1416 = CARTESIAN_POINT ( 'NONE',  ( -3.000000000000002700, 5.048709793414475600E-026, 1.656607900964124800E-026 ) ) ;
#1417 = VERTEX_POINT ( 'NONE', #2288 ) ;
#1418 = ADVANCED_FACE ( 'NONE', ( #2492 ), #5252, .F. ) ;
#1419 = MECHANICAL_DESIGN_GEOMETRIC_PRESENTATION_REPRESENTATION (  '', ( #808 ), #1717 ) ;
#1420 =( NAMED_UNIT ( * ) PLANE_ANGLE_UNIT ( ) SI_UNIT ( $, .RADIAN. ) );
#1421 = VERTEX_POINT ( 'NONE', #1935 ) ;
#1422 =( NAMED_UNIT ( * ) PLANE_ANGLE_UNIT ( ) SI_UNIT ( $, .RADIAN. ) );
#1423 =( NAMED_UNIT ( * ) SI_UNIT ( $, .STERADIAN. ) SOLID_ANGLE_UNIT ( ) );
#1424 = EDGE_CURVE ( 'NONE', #4258, #3197, #815, .T. ) ;
#1425 = COLOUR_RGB ( '',0.0000000000000000000, 0.0000000000000000000, 0.0000000000000000000 ) ;
#1426 = ADVANCED_FACE ( 'NONE', ( #2021 ), #1452, .F. ) ;
#1427 = PLANE ( 'NONE',  #1193 ) ;
#1428 = ORIENTED_EDGE ( 'NONE', *, *, #4893, .T. ) ;
#1429 = CARTESIAN_POINT ( 'NONE',  ( -3.503631917431838400, 29.00000000000000000, -14.06734593379756100 ) ) ;
#1430 = CYLINDRICAL_SURFACE ( 'NONE', #5331, 15.04999999999999900 ) ;
#1431 = MECHANICAL_DESIGN_GEOMETRIC_PRESENTATION_REPRESENTATION (  '', ( #529 ), #1729 ) ;
#1432 = DIRECTION ( 'NONE',  ( -0.7071067811865454600, 0.0000000000000000000, 0.7071067811865495700 ) ) ;
#1433 = EDGE_CURVE ( 'NONE', #322, #1032, #2717, .T. ) ;
#1434 =( NAMED_UNIT ( * ) SI_UNIT ( $, .STERADIAN. ) SOLID_ANGLE_UNIT ( ) );
#1435 = SURFACE_STYLE_FILL_AREA ( #932 ) ;
#1436 = CARTESIAN_POINT ( 'NONE',  ( -13.90727698113999900, 42.00000000000000000, 0.0000000000000000000 ) ) ;
#1437 =( NAMED_UNIT ( * ) SI_UNIT ( $, .STERADIAN. ) SOLID_ANGLE_UNIT ( ) );
#1438 = DIRECTION ( 'NONE',  ( 0.0000000000000000000, 1.000000000000000000, 0.0000000000000000000 ) ) ;
#1439 = ADVANCED_FACE ( 'NONE', ( #4724 ), #1330, .F. ) ;
#1440 = PRESENTATION_STYLE_ASSIGNMENT (( #802 ) ) ;
#1441 = DIRECTION ( 'NONE',  ( 0.0000000000000000000, -1.000000000000000000, 0.0000000000000000000 ) ) ;
#1442 = UNCERTAINTY_MEASURE_WITH_UNIT (LENGTH_MEASURE( 1.000000000000000100E-005 ), #5389, 'distance_accuracy_value', 'NONE');
#1443 = VECTOR ( 'NONE', #3208, 1000.000000000000000 ) ;
#1444 = ADVANCED_FACE ( 'NONE', ( #2091 ), #660, .T. ) ;
#1445 = PRESENTATION_STYLE_ASSIGNMENT (( #160 ) ) ;
#1446 = DIRECTION ( 'NONE',  ( 0.0000000000000000000, 0.0000000000000000000, -1.000000000000000000 ) ) ;
#1447 = DIRECTION ( 'NONE',  ( -1.000000000000000000, -0.0000000000000000000, 0.0000000000000000000 ) ) ;
#1448 = EDGE_CURVE ( 'NONE', #4039, #249, #2915, .T. ) ;
#1449 = LINE ( 'NONE', #2927, #2847 ) ;
#1450 = AXIS2_PLACEMENT_3D ( 'NONE', #1760, #704, #5009 ) ;
#1451 = UNCERTAINTY_MEASURE_WITH_UNIT (LENGTH_MEASURE( 1.000000000000000100E-005 ), #5175, 'distance_accuracy_value', 'NONE');
#1452 = CYLINDRICAL_SURFACE ( 'NONE', #2681, 17.20000000032938600 ) ;
#1453 = ADVANCED_FACE ( 'NONE', ( #457 ), #4530, .T. ) ;
#1454 = DIRECTION ( 'NONE',  ( -0.0000000000000000000, -0.0000000000000000000, 1.000000000000000000 ) ) ;
#1455 =( NAMED_UNIT ( * ) PLANE_ANGLE_UNIT ( ) SI_UNIT ( $, .RADIAN. ) );
#1456 = FILL_AREA_STYLE_COLOUR ( '', #877 ) ;
#1457 = LINE ( 'NONE', #4234, #2720 ) ;
#1458 = VECTOR ( 'NONE', #4437, 1000.000000000000100 ) ;
#1459 = EDGE_CURVE ( 'NONE', #494, #4671, #18, .T. ) ;
#1460 = DIRECTION ( 'NONE',  ( 1.000000000000000000, 0.0000000000000000000, -2.891205793294679300E-016 ) ) ;
#1461 = COLOUR_RGB ( '',0.7764705882352941300, 0.7568627450980391900, 0.7372549019607843600 ) ;
#1462 = VERTEX_POINT ( 'NONE', #5381 ) ;
#1463 = ORIENTED_EDGE ( 'NONE', *, *, #1788, .T. ) ;
#1464 = VECTOR ( 'NONE', #5589, 1000.000000000000100 ) ;
#1465 = DIRECTION ( 'NONE',  ( 0.0000000000000000000, -1.000000000000000000, 1.313442742274377400E-013 ) ) ;
#1466 = CARTESIAN_POINT ( 'NONE',  ( -30.50000000000000000, 22.50000000000000000, -9.000000000000001800 ) ) ;
#1467 = COLOUR_RGB ( '',0.7764705882352941300, 0.7568627450980391900, 0.7372549019607843600 ) ;
#1468 = ORIENTED_EDGE ( 'NONE', *, *, #3019, .F. ) ;
#1469 = EDGE_CURVE ( 'NONE', #3491, #2344, #3594, .T. ) ;
#1470 = VERTEX_POINT ( 'NONE', #5453 ) ;
#1471 = CARTESIAN_POINT ( 'NONE',  ( -18.39999999999999900, 40.50000000000000000, -1.250000000000000200 ) ) ;
#1472 = SURFACE_SIDE_STYLE ('',( #386 ) ) ;
#1473 = AXIS2_PLACEMENT_3D ( 'NONE', #1526, #4523, #1990 ) ;
#1474 =( LENGTH_UNIT ( ) NAMED_UNIT ( * ) SI_UNIT ( .MILLI., .METRE. ) );
#1475 = MECHANICAL_DESIGN_GEOMETRIC_PRESENTATION_REPRESENTATION (  '', ( #584 ), #1775 ) ;
#1476 = UNCERTAINTY_MEASURE_WITH_UNIT (LENGTH_MEASURE( 1.000000000000000100E-005 ), #3494, 'distance_accuracy_value', 'NONE');
#1477 = EDGE_LOOP ( 'NONE', ( #46, #3982, #3162, #150 ) ) ;
#1478 = ORIENTED_EDGE ( 'NONE', *, *, #1638, .F. ) ;
#1479 = DIRECTION ( 'NONE',  ( 2.891205793294679300E-016, 0.0000000000000000000, 1.000000000000000000 ) ) ;
#1480 = CARTESIAN_POINT ( 'NONE',  ( -7.303266511973308000, 15.75437383123284900, -9.699070436660992600 ) ) ;
#1481 = PRESENTATION_STYLE_ASSIGNMENT (( #4100 ) ) ;
#1482 = SURFACE_SIDE_STYLE ('',( #2163 ) ) ;
#1483 = ADVANCED_FACE ( 'NONE', ( #3470 ), #5346, .T. ) ;
#1484 = ORIENTED_EDGE ( 'NONE', *, *, #485, .F. ) ;
#1485 = ORIENTED_EDGE ( 'NONE', *, *, #1693, .F. ) ;
#1486 = SURFACE_STYLE_USAGE ( .BOTH. , #4065 ) ;
#1487 = AXIS2_PLACEMENT_3D ( 'NONE', #2470, #2454, #2296 ) ;
#1488 =( LENGTH_UNIT ( ) NAMED_UNIT ( * ) SI_UNIT ( .MILLI., .METRE. ) );
#1489 = VERTEX_POINT ( 'NONE', #5552 ) ;
#1490 = SURFACE_STYLE_FILL_AREA ( #2833 ) ;
#1491 = EDGE_CURVE ( 'NONE', #715, #469, #5038, .T. ) ;
#1492 = CARTESIAN_POINT ( 'NONE',  ( -3.707106781185328400, 29.00000000000000700, 14.49999999999867100 ) ) ;
#1493 = SURFACE_STYLE_USAGE ( .BOTH. , #1472 ) ;
#1494 = PRESENTATION_LAYER_ASSIGNMENT (  '', '', ( #1169 ) ) ;
#1495 = ORIENTED_EDGE ( 'NONE', *, *, #4902, .F. ) ;
#1496 =( NAMED_UNIT ( * ) PLANE_ANGLE_UNIT ( ) SI_UNIT ( $, .RADIAN. ) );
#1497 = COLOUR_RGB ( '',0.7764705882352941300, 0.7568627450980391900, 0.7372549019607843600 ) ;
#1498 = PLANE ( 'NONE',  #2035 ) ;
#1499 = VERTEX_POINT ( 'NONE', #5611 ) ;
#1500 = CARTESIAN_POINT ( 'NONE',  ( -3.000000000000002700, 12.84523257903024500, -13.99999999966499900 ) ) ;
#1501 = PRESENTATION_LAYER_ASSIGNMENT (  '', '', ( #895 ) ) ;
#1502 = SURFACE_STYLE_FILL_AREA ( #3039 ) ;
#1503 =( LENGTH_UNIT ( ) NAMED_UNIT ( * ) SI_UNIT ( .MILLI., .METRE. ) );
#1504 = FACE_OUTER_BOUND ( 'NONE', #2187, .T. ) ;
#1505 =( GEOMETRIC_REPRESENTATION_CONTEXT ( 3 ) GLOBAL_UNCERTAINTY_ASSIGNED_CONTEXT ( ( #2583 ) ) GLOBAL_UNIT_ASSIGNED_CONTEXT ( ( #4307, #1754, #4728 ) ) REPRESENTATION_CONTEXT ( 'NONE', 'WORKASPACE' ) );
#1506 = ADVANCED_FACE ( 'NONE', ( #5247, #1865 ), #235, .T. ) ;
#1507 = AXIS2_PLACEMENT_3D ( 'NONE', #3048, #3111, #3647 ) ;
#1508 = CARTESIAN_POINT ( 'NONE',  ( -33.00000000000000000, 28.49999999999999600, 14.00000000000000000 ) ) ;
#1509 = LINE ( 'NONE', #2953, #298 ) ;
#1510 = FILL_AREA_STYLE ('',( #1550 ) ) ;
#1511 = CARTESIAN_POINT ( 'NONE',  ( -32.13112650586037200, 28.99999999999999600, -14.48368133798617500 ) ) ;
#1512 = SURFACE_STYLE_USAGE ( .BOTH. , #1572 ) ;
#1513 = LINE ( 'NONE', #3067, #301 ) ;
#1514 = PRESENTATION_LAYER_ASSIGNMENT (  '', '', ( #910 ) ) ;
#1515 = PRESENTATION_STYLE_ASSIGNMENT (( #2866 ) ) ;
#1516 = VECTOR ( 'NONE', #3181, 1000.000000000000000 ) ;
#1517 = FILL_AREA_STYLE ('',( #153 ) ) ;
#1518 =( BOUNDED_CURVE ( )  B_SPLINE_CURVE ( 3, ( #5161, #842, #402, #879 ),
 .UNSPECIFIED., .F., .F. ) 
 B_SPLINE_CURVE_WITH_KNOTS ( ( 4, 4 ),
 ( 4.874788804554055900, 6.147311966543553800 ),
 .UNSPECIFIED. ) 
 CURVE ( )  GEOMETRIC_REPRESENTATION_ITEM ( )  RATIONAL_B_SPLINE_CURVE ( ( 1.000000000000000000, 0.8695484763485118500, 0.8695484763485118500, 1.000000000000000000 ) ) 
 REPRESENTATION_ITEM ( '' )  );
#1519 = DIRECTION ( 'NONE',  ( 0.0000000000000000000, 0.0000000000000000000, 1.000000000000000000 ) ) ;
#1520 = DIRECTION ( 'NONE',  ( -1.000000000000000000, -0.0000000000000000000, -0.0000000000000000000 ) ) ;
#1521 = PRESENTATION_STYLE_ASSIGNMENT (( #78 ) ) ;
#1522 = AXIS2_PLACEMENT_3D ( 'NONE', #352, #394, #5157 ) ;
#1523 = VECTOR ( 'NONE', #1939, 1000.000000000000000 ) ;
#1524 = ORIENTED_EDGE ( 'NONE', *, *, #5451, .F. ) ;
#1525 = LINE ( 'NONE', #2706, #4795 ) ;
#1526 = CARTESIAN_POINT ( 'NONE',  ( -0.3000000000000016500, 5.048709793414475600E-026, 1.656607900964124800E-026 ) ) ;
#1527 = FILL_AREA_STYLE_COLOUR ( '', #3287 ) ;
#1528 = ADVANCED_FACE ( 'NONE', ( #2712 ), #123, .T. ) ;
#1529 = VERTEX_POINT ( 'NONE', #4040 ) ;
#1530 =( LENGTH_UNIT ( ) NAMED_UNIT ( * ) SI_UNIT ( .MILLI., .METRE. ) );
#1531 = ORIENTED_EDGE ( 'NONE', *, *, #4520, .F. ) ;
#1532 = EDGE_CURVE ( 'NONE', #2879, #1329, #5445, .T. ) ;
#1533 = VERTEX_POINT ( 'NONE', #420 ) ;
#1534 = CARTESIAN_POINT ( 'NONE',  ( -5.999999999999998200, 25.00000000000000000, -9.764999999999998800 ) ) ;
#1535 = PRESENTATION_LAYER_ASSIGNMENT (  '', '', ( #929 ) ) ;
#1536 =( NAMED_UNIT ( * ) SI_UNIT ( $, .STERADIAN. ) SOLID_ANGLE_UNIT ( ) );
#1537 = ADVANCED_FACE ( 'NONE', ( #2083 ), #484, .T. ) ;
#1538 = EDGE_LOOP ( 'NONE', ( #2818, #3546, #3298, #890 ) ) ;
#1539 = SURFACE_STYLE_FILL_AREA ( #2764 ) ;
#1540 = SURFACE_SIDE_STYLE ('',( #2656 ) ) ;
#1541 = PRESENTATION_LAYER_ASSIGNMENT (  '', '', ( #935 ) ) ;
#1542 = ORIENTED_EDGE ( 'NONE', *, *, #3126, .F. ) ;
#1543 = ORIENTED_EDGE ( 'NONE', *, *, #1969, .T. ) ;
#1544 = EDGE_CURVE ( 'NONE', #1581, #1285, #1019, .T. ) ;
#1545 = ORIENTED_EDGE ( 'NONE', *, *, #3875, .F. ) ;
#1546 = ADVANCED_FACE ( 'NONE', ( #1648 ), #2140, .F. ) ;
#1547 = EDGE_LOOP ( 'NONE', ( #3617, #3736, #328, #3858 ) ) ;
#1548 = CARTESIAN_POINT ( 'NONE',  ( -2.700000000000008200, 5.048709793414475600E-026, 1.656607900964124800E-026 ) ) ;
#1549 = ORIENTED_EDGE ( 'NONE', *, *, #5463, .F. ) ;
#1550 = FILL_AREA_STYLE_COLOUR ( '', #239 ) ;
#1551 = CARTESIAN_POINT ( 'NONE',  ( -3.999999999997732000, 29.00000000000001400, 14.50000000000000700 ) ) ;
#1552 = ORIENTED_EDGE ( 'NONE', *, *, #4263, .F. ) ;
#1553 = PRODUCT_DEFINITION_FORMATION_WITH_SPECIFIED_SOURCE ( 'ANY', '', #2007, .NOT_KNOWN. ) ;
#1554 = PRESENTATION_LAYER_ASSIGNMENT (  '', '', ( #1850 ) ) ;
#1555 = ORIENTED_EDGE ( 'NONE', *, *, #269, .F. ) ;
#1556 = UNCERTAINTY_MEASURE_WITH_UNIT (LENGTH_MEASURE( 1.000000000000000100E-005 ), #3879, 'distance_accuracy_value', 'NONE');
#1557 = DIRECTION ( 'NONE',  ( -0.0000000000000000000, 1.000000000000000000, -0.0000000000000000000 ) ) ;
#1558 = SURFACE_STYLE_FILL_AREA ( #2642 ) ;
#1559 =( NAMED_UNIT ( * ) SI_UNIT ( $, .STERADIAN. ) SOLID_ANGLE_UNIT ( ) );
#1560 = ADVANCED_FACE ( 'NONE', ( #3462 ), #5106, .F. ) ;
#1561 = EDGE_CURVE ( 'NONE', #1981, #1529, #803, .T. ) ;
#1562 = FILL_AREA_STYLE ('',( #3830 ) ) ;
#1563 = STYLED_ITEM ( 'NONE', ( #2622 ), #1814 ) ;
#1564 = SURFACE_SIDE_STYLE ('',( #1049 ) ) ;
#1565 = DIRECTION ( 'NONE',  ( -1.000000000000000000, 0.0000000000000000000, 0.0000000000000000000 ) ) ;
#1566 = SURFACE_STYLE_FILL_AREA ( #2314 ) ;
#1567 = B_SPLINE_CURVE_WITH_KNOTS ( 'NONE', 3,
 ( #3623, #3688, #3992, #941, #2429, #1843, #1394, #4892, #5309, #63 ),
 .UNSPECIFIED., .F., .F.,
 ( 4, 2, 2, 2, 4 ),
 ( 1.330062389394735700E-015, 0.0005001450513657655000, 0.001000290102730200900, 0.001500435154094636400, 0.002000580205459071700 ),
 .UNSPECIFIED. ) ;
#1568 = ADVANCED_FACE ( 'NONE', ( #5239 ), #2355, .F. ) ;
#1569 = EDGE_CURVE ( 'NONE', #478, #5607, #3650, .T. ) ;
#1570 = DIRECTION ( 'NONE',  ( -0.0000000000000000000, -0.0000000000000000000, 1.000000000000000000 ) ) ;
#1571 =( GEOMETRIC_REPRESENTATION_CONTEXT ( 3 ) GLOBAL_UNCERTAINTY_ASSIGNED_CONTEXT ( ( #5102 ) ) GLOBAL_UNIT_ASSIGNED_CONTEXT ( ( #3890, #3774, #3565 ) ) REPRESENTATION_CONTEXT ( 'NONE', 'WORKASPACE' ) );
#1572 = SURFACE_SIDE_STYLE ('',( #4633 ) ) ;
#1573 = PLANE ( 'NONE',  #4167 ) ;
#1574 = ADVANCED_FACE ( 'NONE', ( #1286 ), #720, .T. ) ;
#1575 =( LENGTH_UNIT ( ) NAMED_UNIT ( * ) SI_UNIT ( .MILLI., .METRE. ) );
#1576 = CARTESIAN_POINT ( 'NONE',  ( -3.000000000000002700, 14.09108147143905800, -9.863134540564601600 ) ) ;
#1577 =( NAMED_UNIT ( * ) SI_UNIT ( $, .STERADIAN. ) SOLID_ANGLE_UNIT ( ) );
#1578 = AXIS2_PLACEMENT_3D ( 'NONE', #4212, #3845, #3838 ) ;
#1579 = CARTESIAN_POINT ( 'NONE',  ( -32.06734593379979300, 29.00000000000000400, -14.49636808256786000 ) ) ;
#1580 = EDGE_CURVE ( 'NONE', #5404, #282, #869, .T. ) ;
#1581 = VERTEX_POINT ( 'NONE', #511 ) ;
#1582 = LINE ( 'NONE', #1834, #2557 ) ;
#1583 = AXIS2_PLACEMENT_3D ( 'NONE', #4515, #1980, #4928 ) ;
#1584 = CARTESIAN_POINT ( 'NONE',  ( -17.49565275539999800, 40.50000000000000000, 4.211999999999999700 ) ) ;
#1585 = AXIS2_PLACEMENT_3D ( 'NONE', #200, #119, #20 ) ;
#1586 =( NAMED_UNIT ( * ) PLANE_ANGLE_UNIT ( ) SI_UNIT ( $, .RADIAN. ) );
#1587 = CARTESIAN_POINT ( 'NONE',  ( -2.999999999998429300, 28.49999999999999600, -13.99999999974885000 ) ) ;
#1588 = ADVANCED_FACE ( 'NONE', ( #4317 ), #2774, .T. ) ;
#1589 = LINE ( 'NONE', #2398, #384 ) ;
#1590 = CARTESIAN_POINT ( 'NONE',  ( -28.00000000000000000, 22.50000000000000400, 5.000000000000000000 ) ) ;
#1591 = CARTESIAN_POINT ( 'NONE',  ( -46.50000000000000000, 0.0000000000000000000, 0.0000000000000000000 ) ) ;
#1592 = VECTOR ( 'NONE', #300, 1000.000000000000000 ) ;
#1593 = VERTEX_POINT ( 'NONE', #424 ) ;
#1594 = AXIS2_PLACEMENT_3D ( 'NONE', #2072, #2031, #1991 ) ;
#1595 = VECTOR ( 'NONE', #4686, 1000.000000000000000 ) ;
#1596 = ADVANCED_FACE ( 'NONE', ( #1504 ), #780, .T. ) ;
#1597 = FILL_AREA_STYLE_COLOUR ( '', #312 ) ;
#1598 = CARTESIAN_POINT ( 'NONE',  ( -27.89565275540000400, 18.22595553521999900, -5.000000000000000000 ) ) ;
#1599 = FILL_AREA_STYLE ('',( #4937 ) ) ;
#1600 = PRESENTATION_STYLE_ASSIGNMENT (( #4916 ) ) ;
#1601 = CYLINDRICAL_SURFACE ( 'NONE', #97, 18.50000000000000000 ) ;
#1602 = CARTESIAN_POINT ( 'NONE',  ( -1.500000000000001300, 5.048709793414475600E-026, -17.00000000000000000 ) ) ;
#1603 = ORIENTED_EDGE ( 'NONE', *, *, #2710, .F. ) ;
#1604 = ORIENTED_EDGE ( 'NONE', *, *, #4172, .T. ) ;
#1605 = VECTOR ( 'NONE', #3101, 1000.000000000000000 ) ;
#1606 = ADVANCED_FACE ( 'NONE', ( #444 ), #34, .T. ) ;
#1607 = STYLED_ITEM ( 'NONE', ( #921 ), #2017 ) ;
#1608 = FACE_OUTER_BOUND ( 'NONE', #339, .T. ) ;
#1609 = LINE ( 'NONE', #2698, #4876 ) ;
#1610 = ORIENTED_EDGE ( 'NONE', *, *, #5344, .F. ) ;
#1611 = CARTESIAN_POINT ( 'NONE',  ( -33.00000000000000000, 18.89444362769068800, 2.000000000000323300 ) ) ;
#1612 = DIRECTION ( 'NONE',  ( -1.000000000000000000, -0.0000000000000000000, -0.0000000000000000000 ) ) ;
#1613 = COLOUR_RGB ( '',0.0000000000000000000, 0.0000000000000000000, 0.0000000000000000000 ) ;
#1614 = LINE ( 'NONE', #86, #3917 ) ;
#1615 = FILL_AREA_STYLE ('',( #238 ) ) ;
#1616 = ORIENTED_EDGE ( 'NONE', *, *, #3520, .F. ) ;
#1617 = AXIS2_PLACEMENT_3D ( 'NONE', #1534, #1479, #1460 ) ;
#1618 = COLOUR_RGB ( '',0.0000000000000000000, 0.0000000000000000000, 0.0000000000000000000 ) ;
#1619 = DIRECTION ( 'NONE',  ( -0.0000000000000000000, 1.000000000000000000, -0.0000000000000000000 ) ) ;
#1620 =( NAMED_UNIT ( * ) PLANE_ANGLE_UNIT ( ) SI_UNIT ( $, .RADIAN. ) );
#1621 = ORIENTED_EDGE ( 'NONE', *, *, #3042, .T. ) ;
#1622 = ADVANCED_FACE ( 'NONE', ( #1852 ), #476, .F. ) ;
#1623 = ORIENTED_EDGE ( 'NONE', *, *, #269, .T. ) ;
#1624 = DIRECTION ( 'NONE',  ( -1.000000000000000000, -0.0000000000000000000, 0.0000000000000000000 ) ) ;
#1625 = DIRECTION ( 'NONE',  ( 1.000000000000000000, -0.0000000000000000000, -0.0000000000000000000 ) ) ;
#1626 = AXIS2_PLACEMENT_3D ( 'NONE', #772, #3851, #1204 ) ;
#1627 = FILL_AREA_STYLE_COLOUR ( '', #517 ) ;
#1628 = EDGE_CURVE ( 'NONE', #4566, #2352, #1518, .T. ) ;
#1629 = CARTESIAN_POINT ( 'NONE',  ( -3.707106781184804400, 29.00000000000000700, 14.49999999999867100 ) ) ;
#1630 = EDGE_LOOP ( 'NONE', ( #2038, #3246, #4283, #980 ) ) ;
#1631 = ADVANCED_FACE ( 'NONE', ( #221, #2705 ), #912, .F. ) ;
#1632 = UNCERTAINTY_MEASURE_WITH_UNIT (LENGTH_MEASURE( 1.000000000000000100E-005 ), #1371, 'distance_accuracy_value', 'NONE');
#1633 = STYLED_ITEM ( 'NONE', ( #2465 ), #1654 ) ;
#1634 = ADVANCED_FACE ( 'NONE', ( #1007 ), #896, .T. ) ;
#1635 = COLOUR_RGB ( '',0.0000000000000000000, 0.0000000000000000000, 0.0000000000000000000 ) ;
#1636 = CARTESIAN_POINT ( 'NONE',  ( -0.8529462970165782000, 15.05000000000011300, 1.843093432716641200E-015 ) ) ;
#1637 = COLOUR_RGB ( '',0.0000000000000000000, 0.0000000000000000000, 0.0000000000000000000 ) ;
#1638 = EDGE_CURVE ( 'NONE', #3310, #210, #2901, .T. ) ;
#1639 = DIRECTION ( 'NONE',  ( -1.000000000000000000, -0.0000000000000000000, -0.0000000000000000000 ) ) ;
#1640 = ADVANCED_FACE ( 'NONE', ( #599 ), #997, .F. ) ;
#1641 = AXIS2_PLACEMENT_3D ( 'NONE', #5594, #3225, #1387 ) ;
#1642 = FILL_AREA_STYLE ('',( #1786 ) ) ;
#1643 = COLOUR_RGB ( '',0.0000000000000000000, 0.0000000000000000000, 0.0000000000000000000 ) ;
#1644 = ORIENTED_EDGE ( 'NONE', *, *, #411, .F. ) ;
#1645 = LINE ( 'NONE', #4517, #447 ) ;
#1646 =( LENGTH_UNIT ( ) NAMED_UNIT ( * ) SI_UNIT ( .MILLI., .METRE. ) );
#1647 = SURFACE_STYLE_USAGE ( .BOTH. , #1907 ) ;
#1648 = FACE_OUTER_BOUND ( 'NONE', #1813, .T. ) ;
#1649 = SURFACE_STYLE_USAGE ( .BOTH. , #1674 ) ;
#1650 = CARTESIAN_POINT ( 'NONE',  ( -15.75000000000000000, 32.50000000000000000, -0.6000000000000000900 ) ) ;
#1651 = PRESENTATION_STYLE_ASSIGNMENT (( #4774 ) ) ;
#1652 = OPEN_SHELL ( 'NONE', ( #1774, #2571, #1709, #2013, #1820, #2264, #2347, #1631, #2619, #1880, #2682, #1930 ) ) ;
#1653 = DIRECTION ( 'NONE',  ( -1.000000000000000000, -0.0000000000000000000, -0.0000000000000000000 ) ) ;
#1654 = ADVANCED_FACE ( 'NONE', ( #3583 ), #5171, .T. ) ;
#1655 = PRESENTATION_LAYER_ASSIGNMENT (  '', '', ( #1046 ) ) ;
#1656 = EDGE_CURVE ( 'NONE', #3310, #5207, #5231, .T. ) ;
#1657 = LINE ( 'NONE', #3026, #456 ) ;
#1658 =( NAMED_UNIT ( * ) SI_UNIT ( $, .STERADIAN. ) SOLID_ANGLE_UNIT ( ) );
#1659 = COLOUR_RGB ( '',0.7764705882352941300, 0.7568627450980391900, 0.7372549019607843600 ) ;
#1660 = DIRECTION ( 'NONE',  ( -1.000000000000000000, -0.0000000000000000000, -0.0000000000000000000 ) ) ;
#1661 = PLANE ( 'NONE',  #1626 ) ;
#1662 = ADVANCED_FACE ( 'NONE', ( #3085 ), #1430, .F. ) ;
#1663 = LINE ( 'NONE', #3943, #4925 ) ;
#1664 = AXIS2_PLACEMENT_3D ( 'NONE', #114, #3282, #593 ) ;
#1665 = FILL_AREA_STYLE ('',( #430 ) ) ;
#1666 =( LENGTH_UNIT ( ) NAMED_UNIT ( * ) SI_UNIT ( .MILLI., .METRE. ) );
#1667 = PRESENTATION_STYLE_ASSIGNMENT (( #2447 ) ) ;
#1668 =( GEOMETRIC_REPRESENTATION_CONTEXT ( 3 ) GLOBAL_UNCERTAINTY_ASSIGNED_CONTEXT ( ( #1075 ) ) GLOBAL_UNIT_ASSIGNED_CONTEXT ( ( #135, #1077, #1068 ) ) REPRESENTATION_CONTEXT ( 'NONE', 'WORKASPACE' ) );
#1669 = EDGE_LOOP ( 'NONE', ( #4287, #5405, #986, #2184 ) ) ;
#1670 = LINE ( 'NONE', #4459, #468 ) ;
#1671 = ORIENTED_EDGE ( 'NONE', *, *, #3368, .F. ) ;
#1672 = VECTOR ( 'NONE', #2647, 1000.000000000000000 ) ;
#1673 = EDGE_CURVE ( 'NONE', #3223, #3381, #2700, .T. ) ;
#1674 = SURFACE_SIDE_STYLE ('',( #196 ) ) ;
#1675 =( GEOMETRIC_REPRESENTATION_CONTEXT ( 3 ) GLOBAL_UNCERTAINTY_ASSIGNED_CONTEXT ( ( #396 ) ) GLOBAL_UNIT_ASSIGNED_CONTEXT ( ( #3322, #3069, #3377 ) ) REPRESENTATION_CONTEXT ( 'NONE', 'WORKASPACE' ) );
#1676 = COLOUR_RGB ( '',0.0000000000000000000, 0.0000000000000000000, 0.0000000000000000000 ) ;
#1677 = ORIENTED_EDGE ( 'NONE', *, *, #14, .F. ) ;
#1678 = ADVANCED_FACE ( 'NONE', ( #3760 ), #1427, .T. ) ;
#1679 = SURFACE_STYLE_USAGE ( .BOTH. , #1564 ) ;
#1680 = CARTESIAN_POINT ( 'NONE',  ( -18.00000000000000400, 36.50000000000160600, -9.500000000001730200 ) ) ;
#1681 = ORIENTED_EDGE ( 'NONE', *, *, #1039, .F. ) ;
#1682 = EDGE_CURVE ( 'NONE', #3800, #4890, #5427, .T. ) ;
#1683 =( GEOMETRIC_REPRESENTATION_CONTEXT ( 3 ) GLOBAL_UNCERTAINTY_ASSIGNED_CONTEXT ( ( #4144 ) ) GLOBAL_UNIT_ASSIGNED_CONTEXT ( ( #2268, #2242, #2215 ) ) REPRESENTATION_CONTEXT ( 'NONE', 'WORKASPACE' ) );
#1684 = CARTESIAN_POINT ( 'NONE',  ( -10.92434532102390500, 14.75316563974580400, 8.456044853475996000 ) ) ;
#1685 = SURFACE_STYLE_USAGE ( .BOTH. , #2103 ) ;
#1686 = ADVANCED_FACE ( 'NONE', ( #1003 ), #2791, .T. ) ;
#1687 = CARTESIAN_POINT ( 'NONE',  ( -17.60000000000000500, 36.50000000000000000, -4.049999999999998900 ) ) ;
#1688 = ORIENTED_EDGE ( 'NONE', *, *, #773, .F. ) ;
#1689 = FILL_AREA_STYLE_COLOUR ( '', #216 ) ;
#1690 =( GEOMETRIC_REPRESENTATION_CONTEXT ( 3 ) GLOBAL_UNCERTAINTY_ASSIGNED_CONTEXT ( ( #139 ) ) GLOBAL_UNIT_ASSIGNED_CONTEXT ( ( #2075, #2240, #1423 ) ) REPRESENTATION_CONTEXT ( 'NONE', 'WORKASPACE' ) );
#1691 = ADVANCED_FACE ( 'NONE', ( #5026 ), #4013, .T. ) ;
#1692 = ORIENTED_EDGE ( 'NONE', *, *, #4069, .T. ) ;
#1693 = EDGE_CURVE ( 'NONE', #2760, #109, #2458, .T. ) ;
#1694 = CARTESIAN_POINT ( 'NONE',  ( -31.99999999968000000, 11.66190378969022800, -15.00000000000021800 ) ) ;
#1695 = FILL_AREA_STYLE_COLOUR ( '', #2602 ) ;
#1696 = FACE_OUTER_BOUND ( 'NONE', #709, .T. ) ;
#1697 = CARTESIAN_POINT ( 'NONE',  ( -3.499999999999332100, 29.00000000000000700, 14.29289321881178800 ) ) ;
#1698 = UNCERTAINTY_MEASURE_WITH_UNIT (LENGTH_MEASURE( 1.000000000000000100E-005 ), #5375, 'distance_accuracy_value', 'NONE');
#1699 = DIRECTION ( 'NONE',  ( 1.000000000000000000, 0.0000000000000000000, 0.0000000000000000000 ) ) ;
#1700 =( NAMED_UNIT ( * ) SI_UNIT ( $, .STERADIAN. ) SOLID_ANGLE_UNIT ( ) );
#1701 = FACE_OUTER_BOUND ( 'NONE', #1941, .T. ) ;
#1702 = DIRECTION ( 'NONE',  ( 0.0000000000000000000, 0.0000000000000000000, 1.000000000000000000 ) ) ;
#1703 =( GEOMETRIC_REPRESENTATION_CONTEXT ( 3 ) GLOBAL_UNCERTAINTY_ASSIGNED_CONTEXT ( ( #4201 ) ) GLOBAL_UNIT_ASSIGNED_CONTEXT ( ( #1122, #1195, #1700 ) ) REPRESENTATION_CONTEXT ( 'NONE', 'WORKASPACE' ) );
#1704 = CARTESIAN_POINT ( 'NONE',  ( -10.37101497150898200, 14.57501224476763500, 8.755189861857470400 ) ) ;
#1705 = UNCERTAINTY_MEASURE_WITH_UNIT (LENGTH_MEASURE( 1.000000000000000100E-005 ), #3592, 'distance_accuracy_value', 'NONE');
#1706 = PLANE ( 'NONE',  #3052 ) ;
#1707 = CARTESIAN_POINT ( 'NONE',  ( -12.25000000000000400, 40.00000000000000000, 0.0000000000000000000 ) ) ;
#1708 = VECTOR ( 'NONE', #3114, 1000.000000000000000 ) ;
#1709 = ADVANCED_FACE ( 'NONE', ( #3578 ), #1992, .T. ) ;
#1710 = CARTESIAN_POINT ( 'NONE',  ( -14.75133364225972200, 16.43736247122344100, -4.379677982689428500 ) ) ;
#1711 = CYLINDRICAL_SURFACE ( 'NONE', #3695, 18.50000000000000000 ) ;
#1712 = CARTESIAN_POINT ( 'NONE',  ( -50.00000000000000000, 2.265596578422603400E-015, -18.50000000000000000 ) ) ;
#1713 = DIRECTION ( 'NONE',  ( 0.0000000000000000000, 0.0000000000000000000, -1.000000000000000000 ) ) ;
#1714 = ADVANCED_FACE ( 'NONE', ( #3082, #787 ), #1372, .F. ) ;
#1715 =( NAMED_UNIT ( * ) SI_UNIT ( $, .STERADIAN. ) SOLID_ANGLE_UNIT ( ) );
#1716 = FACE_OUTER_BOUND ( 'NONE', #4794, .T. ) ;
#1717 =( GEOMETRIC_REPRESENTATION_CONTEXT ( 3 ) GLOBAL_UNCERTAINTY_ASSIGNED_CONTEXT ( ( #2390 ) ) GLOBAL_UNIT_ASSIGNED_CONTEXT ( ( #1488, #1256, #3458 ) ) REPRESENTATION_CONTEXT ( 'NONE', 'WORKASPACE' ) );
#1718 = FILL_AREA_STYLE_COLOUR ( '', #1467 ) ;
#1719 = VERTEX_POINT ( 'NONE', #3984 ) ;
#1720 = ADVANCED_FACE ( 'NONE', ( #213 ), #455, .T. ) ;
#1721 = EDGE_CURVE ( 'NONE', #4435, #3983, #3735, .T. ) ;
#1722 = STYLED_ITEM ( 'NONE', ( #2174 ), #2234 ) ;
#1723 = VECTOR ( 'NONE', #4750, 1000.000000000000000 ) ;
#1724 = CARTESIAN_POINT ( 'NONE',  ( -14.59565275540000000, 32.35000000000000100, -0.6000000000000000900 ) ) ;
#1725 = CYLINDRICAL_SURFACE ( 'NONE', #4969, 16.75000000000000000 ) ;
#1726 = CARTESIAN_POINT ( 'NONE',  ( -15.75000000000000000, 32.50000000000000000, 0.6000000000000000900 ) ) ;
#1727 = CIRCLE ( 'NONE', #582, 11.89999999999999300 ) ;
#1728 = DIRECTION ( 'NONE',  ( 0.0000000000000000000, 0.0000000000000000000, -1.000000000000000000 ) ) ;
#1729 =( GEOMETRIC_REPRESENTATION_CONTEXT ( 3 ) GLOBAL_UNCERTAINTY_ASSIGNED_CONTEXT ( ( #4597 ) ) GLOBAL_UNIT_ASSIGNED_CONTEXT ( ( #4934, #2479, #5353 ) ) REPRESENTATION_CONTEXT ( 'NONE', 'WORKASPACE' ) );
#1730 = ADVANCED_FACE ( 'NONE', ( #3384 ), #2890, .F. ) ;
#1731 = EDGE_CURVE ( 'NONE', #630, #2244, #4058, .T. ) ;
#1732 = SURFACE_STYLE_FILL_AREA ( #3978 ) ;
#1733 = UNCERTAINTY_MEASURE_WITH_UNIT (LENGTH_MEASURE( 1.000000000000000100E-005 ), #5554, 'distance_accuracy_value', 'NONE');
#1734 = VECTOR ( 'NONE', #717, 1000.000000000000000 ) ;
#1735 = ORIENTED_EDGE ( 'NONE', *, *, #1382, .T. ) ;
#1736 = LINE ( 'NONE', #4772, #2723 ) ;
#1737 = VECTOR ( 'NONE', #293, 1000.000000000000000 ) ;
#1738 = EDGE_LOOP ( 'NONE', ( #586, #654, #661, #650 ) ) ;
#1739 = PRODUCT_DEFINITION_CONTEXT ( 'detailed design', #3093, 'design' ) ;
#1740 = ADVANCED_FACE ( 'NONE', ( #3936 ), #4509, .T. ) ;
#1741 = ORIENTED_EDGE ( 'NONE', *, *, #2669, .F. ) ;
#1742 = ORIENTED_EDGE ( 'NONE', *, *, #3670, .F. ) ;
#1743 = LINE ( 'NONE', #2752, #1605 ) ;
#1744 = CARTESIAN_POINT ( 'NONE',  ( 5.133042240347230700E-014, -16.30043030564225900, -2.051309737213484400E-015 ) ) ;
#1745 = CARTESIAN_POINT ( 'NONE',  ( -3.414213562373941400, 28.50000000000000700, 15.00000000000036800 ) ) ;
#1746 = LINE ( 'NONE', #4133, #3908 ) ;
#1747 = PRESENTATION_STYLE_ASSIGNMENT (( #1083 ) ) ;
#1748 = ORIENTED_EDGE ( 'NONE', *, *, #4450, .F. ) ;
#1749 = ADVANCED_FACE ( 'NONE', ( #2453 ), #1951, .T. ) ;
#1750 = AXIS2_PLACEMENT_3D ( 'NONE', #1598, #1252, #1180 ) ;
#1751 = DIRECTION ( 'NONE',  ( 1.000000000000000000, -0.0000000000000000000, 0.0000000000000000000 ) ) ;
#1752 = ORIENTED_EDGE ( 'NONE', *, *, #158, .T. ) ;
#1753 = LINE ( 'NONE', #1096, #5006 ) ;
#1754 =( NAMED_UNIT ( * ) PLANE_ANGLE_UNIT ( ) SI_UNIT ( $, .RADIAN. ) );
#1755 = CARTESIAN_POINT ( 'NONE',  ( -15.75000000000000000, 32.35000000000000100, -0.7043472446019000100 ) ) ;
#1756 = EDGE_CURVE ( 'NONE', #334, #2530, #3207, .T. ) ;
#1757 = SURFACE_STYLE_USAGE ( .BOTH. , #2146 ) ;
#1758 = VERTEX_POINT ( 'NONE', #1590 ) ;
#1759 = STYLED_ITEM ( 'NONE', ( #987 ), #2138 ) ;
#1760 = CARTESIAN_POINT ( 'NONE',  ( -3.500000000000003100, 28.49999999999999600, 14.00000000000000200 ) ) ;
#1761 = ADVANCED_FACE ( 'NONE', ( #782 ), #147, .T. ) ;
#1762 = EDGE_LOOP ( 'NONE', ( #2937, #5071, #4105, #1972 ) ) ;
#1763 = AXIS2_PLACEMENT_3D ( 'NONE', #2828, #2757, #2654 ) ;
#1764 = EDGE_CURVE ( 'NONE', #5063, #5278, #350, .T. ) ;
#1765 = ADVANCED_FACE ( 'NONE', ( #1292 ), #786, .F. ) ;
#1766 = SURFACE_STYLE_USAGE ( .BOTH. , #1870 ) ;
#1767 = CARTESIAN_POINT ( 'NONE',  ( -19.50000000000000400, 34.39565275539999300, 9.604347244601999700 ) ) ;
#1768 = ADVANCED_FACE ( 'NONE', ( #4325, #5307 ), #2037, .F. ) ;
#1769 = SURFACE_STYLE_FILL_AREA ( #2946 ) ;
#1770 = ORIENTED_EDGE ( 'NONE', *, *, #4093, .F. ) ;
#1771 = DIRECTION ( 'NONE',  ( -1.000000000000000000, 0.0000000000000000000, 0.0000000000000000000 ) ) ;
#1772 = AXIS2_PLACEMENT_3D ( 'NONE', #1548, #4545, #2011 ) ;
#1773 =( NAMED_UNIT ( * ) PLANE_ANGLE_UNIT ( ) SI_UNIT ( $, .RADIAN. ) );
#1774 = ADVANCED_FACE ( 'NONE', ( #2908 ), #3465, .F. ) ;
#1775 =( GEOMETRIC_REPRESENTATION_CONTEXT ( 3 ) GLOBAL_UNCERTAINTY_ASSIGNED_CONTEXT ( ( #4340 ) ) GLOBAL_UNIT_ASSIGNED_CONTEXT ( ( #144, #178, #2542 ) ) REPRESENTATION_CONTEXT ( 'NONE', 'WORKASPACE' ) );
#1776 = ADVANCED_FACE ( 'NONE', ( #1208 ), #3769, .T. ) ;
#1777 =( NAMED_UNIT ( * ) SI_UNIT ( $, .STERADIAN. ) SOLID_ANGLE_UNIT ( ) );
#1778 = DIRECTION ( 'NONE',  ( -1.000000000000000000, 0.0000000000000000000, 0.0000000000000000000 ) ) ;
#1779 = FILL_AREA_STYLE_COLOUR ( '', #5521 ) ;
#1780 = CARTESIAN_POINT ( 'NONE',  ( -46.50000000000000000, 0.0000000000000000000, 9.549999999999998900 ) ) ;
#1781 = PRESENTATION_LAYER_ASSIGNMENT (  '', '', ( #1160 ) ) ;
#1782 = CARTESIAN_POINT ( 'NONE',  ( -15.75000000000000000, 40.00000000000000000, 0.0000000000000000000 ) ) ;
#1783 = SURFACE_STYLE_FILL_AREA ( #105 ) ;
#1784 = ORIENTED_EDGE ( 'NONE', *, *, #367, .F. ) ;
#1785 = CARTESIAN_POINT ( 'NONE',  ( -13.07981293495000200, 42.00000000000000000, 7.572187065051999800 ) ) ;
#1786 = FILL_AREA_STYLE_COLOUR ( '', #4919 ) ;
#1787 = ADVANCED_FACE ( 'NONE', ( #805 ), #883, .T. ) ;
#1788 = EDGE_CURVE ( 'NONE', #2683, #3379, #1567, .T. ) ;
#1789 = VECTOR ( 'NONE', #1519, 1000.000000000000000 ) ;
#1790 = MECHANICAL_DESIGN_GEOMETRIC_PRESENTATION_REPRESENTATION (  '', ( #1169 ), #2102 ) ;
#1791 = FILL_AREA_STYLE_COLOUR ( '', #2504 ) ;
#1792 = DIRECTION ( 'NONE',  ( -1.000000000000000000, -0.0000000000000000000, 0.0000000000000000000 ) ) ;
#1793 = LINE ( 'NONE', #2996, #611 ) ;
#1794 = ADVANCED_FACE ( 'NONE', ( #2708 ), #4319, .F. ) ;
#1795 = ADVANCED_FACE ( 'NONE', ( #4458 ), #2834, .T. ) ;
#1796 = CARTESIAN_POINT ( 'NONE',  ( -1.500000000000001300, 5.048709793414475600E-026, 1.656607900964124800E-026 ) ) ;
#1797 = MECHANICAL_DESIGN_GEOMETRIC_PRESENTATION_REPRESENTATION (  '', ( #895 ), #2111 ) ;
#1798 = LINE ( 'NONE', #881, #5053 ) ;
#1799 = VECTOR ( 'NONE', #2845, 1000.000000000000000 ) ;
#1800 = ADVANCED_FACE ( 'NONE', ( #4070 ), #3605, .T. ) ;
#1801 = CARTESIAN_POINT ( 'NONE',  ( -16.50000000000000000, 37.78684245202919800, 8.299999999999133800 ) ) ;
#1802 = FILL_AREA_STYLE_COLOUR ( '', #3108 ) ;
#1803 = UNCERTAINTY_MEASURE_WITH_UNIT (LENGTH_MEASURE( 1.000000000000000100E-005 ), #3190, 'distance_accuracy_value', 'NONE');
#1804 = CIRCLE ( 'NONE', #5396, 19.00000000000000000 ) ;
#1805 = VERTEX_POINT ( 'NONE', #516 ) ;
#1806 = CIRCLE ( 'NONE', #288, 16.30043030564237200 ) ;
#1807 = AXIS2_PLACEMENT_3D ( 'NONE', #4343, #5086, #5095 ) ;
#1808 = ORIENTED_EDGE ( 'NONE', *, *, #2805, .T. ) ;
#1809 = ORIENTED_EDGE ( 'NONE', *, *, #3901, .F. ) ;
#1810 = COLOUR_RGB ( '',0.0000000000000000000, 0.0000000000000000000, 0.0000000000000000000 ) ;
#1811 = MECHANICAL_DESIGN_GEOMETRIC_PRESENTATION_REPRESENTATION (  '', ( #910 ), #2128 ) ;
#1812 = DIRECTION ( 'NONE',  ( -0.0000000000000000000, 1.000000000000000000, -0.0000000000000000000 ) ) ;
#1813 = EDGE_LOOP ( 'NONE', ( #849, #3258, #5415, #2197 ) ) ;
#1814 = ADVANCED_FACE ( 'NONE', ( #1353 ), #3079, .T. ) ;
#1815 = ORIENTED_EDGE ( 'NONE', *, *, #4612, .F. ) ;
#1816 = PLANE ( 'NONE',  #5572 ) ;
#1817 =( NAMED_UNIT ( * ) SI_UNIT ( $, .STERADIAN. ) SOLID_ANGLE_UNIT ( ) );
#1818 = ORIENTED_EDGE ( 'NONE', *, *, #1249, .T. ) ;
#1819 = DIRECTION ( 'NONE',  ( -1.000000000000000000, -0.0000000000000000000, -0.0000000000000000000 ) ) ;
#1820 = ADVANCED_FACE ( 'NONE', ( #2145 ), #2121, .F. ) ;
#1821 = PRESENTATION_LAYER_ASSIGNMENT (  '', '', ( #1199 ) ) ;
#1822 = PRESENTATION_STYLE_ASSIGNMENT (( #4583 ) ) ;
#1823 = ORIENTED_EDGE ( 'NONE', *, *, #851, .F. ) ;
#1824 = DIRECTION ( 'NONE',  ( -1.000000000000000000, -0.0000000000000000000, 0.0000000000000000000 ) ) ;
#1825 = CARTESIAN_POINT ( 'NONE',  ( -0.3040217494549562500, -15.11695286007877900, -1.851292793295829000E-015 ) ) ;
#1826 =( NAMED_UNIT ( * ) PLANE_ANGLE_UNIT ( ) SI_UNIT ( $, .RADIAN. ) );
#1827 = CARTESIAN_POINT ( 'NONE',  ( -25.25000000000000000, 39.20000000000000300, -1.604347244602000200 ) ) ;
#1828 = EDGE_CURVE ( 'NONE', #5547, #2577, #523, .T. ) ;
#1829 = ADVANCED_FACE ( 'NONE', ( #1716 ), #698, .T. ) ;
#1830 =( NAMED_UNIT ( * ) PLANE_ANGLE_UNIT ( ) SI_UNIT ( $, .RADIAN. ) );
#1831 = MECHANICAL_DESIGN_GEOMETRIC_PRESENTATION_REPRESENTATION (  '', ( #929 ), #2144 ) ;
#1832 = CARTESIAN_POINT ( 'NONE',  ( -18.39999999999999900, 32.34000000000000300, 1.145652755398000000 ) ) ;
#1833 = ORIENTED_EDGE ( 'NONE', *, *, #739, .T. ) ;
#1834 = CARTESIAN_POINT ( 'NONE',  ( -28.00000000000000000, 20.41515138991000500, 5.000000000000000000 ) ) ;
#1835 = CARTESIAN_POINT ( 'NONE',  ( -18.00000000000000400, 34.50000000000000000, -8.300000000000000700 ) ) ;
#1836 = MECHANICAL_DESIGN_GEOMETRIC_PRESENTATION_REPRESENTATION (  '', ( #935 ), #2150 ) ;
#1837 = PRESENTATION_STYLE_ASSIGNMENT (( #1296 ) ) ;
#1838 = EDGE_CURVE ( 'NONE', #3983, #2149, #4581, .T. ) ;
#1839 =( LENGTH_UNIT ( ) NAMED_UNIT ( * ) SI_UNIT ( .MILLI., .METRE. ) );
#1840 = DIRECTION ( 'NONE',  ( -0.0000000000000000000, 1.000000000000000000, -0.0000000000000000000 ) ) ;
#1841 = DIRECTION ( 'NONE',  ( 1.000000000000000000, -0.0000000000000000000, -0.0000000000000000000 ) ) ;
#1842 =( NAMED_UNIT ( * ) SI_UNIT ( $, .STERADIAN. ) SOLID_ANGLE_UNIT ( ) );
#1843 = CARTESIAN_POINT ( 'NONE',  ( -32.69249355177652200, 11.99985711927214300, 14.73178274731271000 ) ) ;
#1844 = CARTESIAN_POINT ( 'NONE',  ( -32.46446609396461000, 28.99999999999794300, -14.79289321892290200 ) ) ;
#1845 = ADVANCED_FACE ( 'NONE', ( #82 ), #729, .F. ) ;
#1846 = DIRECTION ( 'NONE',  ( 1.000000000000000000, -0.0000000000000000000, -0.0000000000000000000 ) ) ;
#1847 = CARTESIAN_POINT ( 'NONE',  ( -0.6470537029834784200, 15.05000000000011300, 3.686186865433407900E-015 ) ) ;
#1848 = PRODUCT_RELATED_PRODUCT_CATEGORY ( 'part', '', ( #2007 ) ) ;
#1849 = CARTESIAN_POINT ( 'NONE',  ( 0.0000000000000000000, 25.00000000000000000, 9.765000000000000600 ) ) ;
#1850 = STYLED_ITEM ( 'NONE', ( #4913 ), #1596 ) ;
#1851 =( LENGTH_UNIT ( ) NAMED_UNIT ( * ) SI_UNIT ( .MILLI., .METRE. ) );
#1852 = FACE_OUTER_BOUND ( 'NONE', #5199, .T. ) ;
#1853 = ADVANCED_FACE ( 'NONE', ( #4192 ), #3779, .T. ) ;
#1854 = SURFACE_SIDE_STYLE ('',( #100 ) ) ;
#1855 = CARTESIAN_POINT ( 'NONE',  ( -15.75000000000000000, 40.00000000000000000, 0.5999999999999999800 ) ) ;
#1856 = VECTOR ( 'NONE', #1129, 1000.000000000000000 ) ;
#1857 = AXIS2_PLACEMENT_3D ( 'NONE', #291, #777, #5492 ) ;
#1858 = ORIENTED_EDGE ( 'NONE', *, *, #2531, .T. ) ;
#1859 = ADVANCED_FACE ( 'NONE', ( #3824 ), #466, .F. ) ;
#1860 = CARTESIAN_POINT ( 'NONE',  ( -28.00000000000000400, 14.73091986265712800, 11.99999999999897900 ) ) ;
#1861 = CARTESIAN_POINT ( 'NONE',  ( -0.6470537029839208400, 17.20000000032940000, 34.40000000065858600 ) ) ;
#1862 = DIRECTION ( 'NONE',  ( 0.0000000000000000000, 0.0000000000000000000, -1.000000000000000000 ) ) ;
#1863 = LINE ( 'NONE', #5566, #675 ) ;
#1864 =( NAMED_UNIT ( * ) PLANE_ANGLE_UNIT ( ) SI_UNIT ( $, .RADIAN. ) );
#1865 = FACE_OUTER_BOUND ( 'NONE', #271, .T. ) ;
#1866 = SURFACE_STYLE_USAGE ( .BOTH. , #1937 ) ;
#1867 = EDGE_CURVE ( 'NONE', #5472, #4702, #5499, .T. ) ;
#1868 = VECTOR ( 'NONE', #2384, 1000.000000000000200 ) ;
#1869 = CARTESIAN_POINT ( 'NONE',  ( -12.25000000000000400, 29.00000000000000400, 8.299999999999998900 ) ) ;
#1870 = SURFACE_SIDE_STYLE ('',( #1566 ) ) ;
#1871 =( NAMED_UNIT ( * ) PLANE_ANGLE_UNIT ( ) SI_UNIT ( $, .RADIAN. ) );
#1872 =( LENGTH_UNIT ( ) NAMED_UNIT ( * ) SI_UNIT ( .MILLI., .METRE. ) );
#1873 =( LENGTH_UNIT ( ) NAMED_UNIT ( * ) SI_UNIT ( .MILLI., .METRE. ) );
#1874 = VECTOR ( 'NONE', #1619, 1000.000000000000000 ) ;
#1875 = ORIENTED_EDGE ( 'NONE', *, *, #1048, .T. ) ;
#1876 = FILL_AREA_STYLE_COLOUR ( '', #745 ) ;
#1877 = LINE ( 'NONE', #2913, #687 ) ;
#1878 = CARTESIAN_POINT ( 'NONE',  ( -3.524948015400689400, 29.00000000000000400, -14.16008256889461200 ) ) ;
#1879 = CARTESIAN_POINT ( 'NONE',  ( -32.50000000000000000, 29.00000000000000400, 14.00000000000047800 ) ) ;
#1880 = ADVANCED_FACE ( 'NONE', ( #4380 ), #1711, .T. ) ;
#1881 = PRESENTATION_LAYER_ASSIGNMENT (  '', '', ( #1270 ) ) ;
#1882 = CARTESIAN_POINT ( 'NONE',  ( -13.26905089898799900, 42.00000000000102300, 0.0000000000000000000 ) ) ;
#1883 = EDGE_CURVE ( 'NONE', #3120, #1529, #2960, .T. ) ;
#1884 = UNCERTAINTY_MEASURE_WITH_UNIT (LENGTH_MEASURE( 1.000000000000000100E-005 ), #1530, 'distance_accuracy_value', 'NONE');
#1885 = PRESENTATION_STYLE_ASSIGNMENT (( #3589 ) ) ;
#1886 = ORIENTED_EDGE ( 'NONE', *, *, #5066, .F. ) ;
#1887 = ORIENTED_EDGE ( 'NONE', *, *, #4740, .T. ) ;
#1888 = VERTEX_POINT ( 'NONE', #1349 ) ;
#1889 = DIRECTION ( 'NONE',  ( -0.0000000000000000000, -0.0000000000000000000, -1.000000000000000000 ) ) ;
#1890 = CARTESIAN_POINT ( 'NONE',  ( 0.0000000000000000000, -3.999077135827517800E-010, 2.485098529175216300E-012 ) ) ;
#1891 = ADVANCED_FACE ( 'NONE', ( #663, #5097 ), #1098, .T. ) ;
#1892 = DIRECTION ( 'NONE',  ( 1.000000000000000000, 0.0000000000000000000, 0.0000000000000000000 ) ) ;
#1893 = AXIS2_PLACEMENT_3D ( 'NONE', #4948, #2497, #5367 ) ;
#1894 = ORIENTED_EDGE ( 'NONE', *, *, #1569, .F. ) ;
#1895 = AXIS2_PLACEMENT_3D ( 'NONE', #5431, #5438, #5444 ) ;
#1896 = CARTESIAN_POINT ( 'NONE',  ( -28.00000000000000400, 22.50000000000000000, 0.0000000000000000000 ) ) ;
#1897 = CARTESIAN_POINT ( 'NONE',  ( 0.0000000000000000000, 14.22676663990985600, 9.666390793545861700 ) ) ;
#1898 = ADVANCED_FACE ( 'NONE', ( #2539 ), #4424, .T. ) ;
#1899 = ORIENTED_EDGE ( 'NONE', *, *, #5242, .T. ) ;
#1900 = CARTESIAN_POINT ( 'NONE',  ( -4.000000000000003600, 29.00000000000000400, -14.50000000000019700 ) ) ;
#1901 = PRESENTATION_LAYER_ASSIGNMENT (  '', '', ( #1283 ) ) ;
#1902 = CARTESIAN_POINT ( 'NONE',  ( -10.37536250356237300, 14.57643609718972600, -8.752788770376801300 ) ) ;
#1903 = CARTESIAN_POINT ( 'NONE',  ( -33.00000000000000000, 22.50000000000000000, 0.0000000000000000000 ) ) ;
#1904 = DIRECTION ( 'NONE',  ( 0.0000000000000000000, 0.0000000000000000000, 1.000000000000000000 ) ) ;
#1905 = ORIENTED_EDGE ( 'NONE', *, *, #4649, .T. ) ;
#1906 = SURFACE_STYLE_FILL_AREA ( #4642 ) ;
#1907 = SURFACE_SIDE_STYLE ('',( #763 ) ) ;
#1908 = CARTESIAN_POINT ( 'NONE',  ( -32.00000000000000000, 29.00000000000000400, 14.49999999999999800 ) ) ;
#1909 = EDGE_CURVE ( 'NONE', #5138, #1462, #859, .T. ) ;
#1910 = FILL_AREA_STYLE ('',( #3437 ) ) ;
#1911 = CARTESIAN_POINT ( 'NONE',  ( -19.50000000000000400, 37.78684245202919800, 8.299999999999133800 ) ) ;
#1912 = ORIENTED_EDGE ( 'NONE', *, *, #1731, .T. ) ;
#1913 = DIRECTION ( 'NONE',  ( 0.0000000000000000000, 0.0000000000000000000, 1.000000000000000000 ) ) ;
#1914 = AXIS2_PLACEMENT_3D ( 'NONE', #1262, #5568, #5417 ) ;
#1915 = SURFACE_STYLE_FILL_AREA ( #364 ) ;
#1916 = UNCERTAINTY_MEASURE_WITH_UNIT (LENGTH_MEASURE( 1.000000000000000100E-005 ), #1503, 'distance_accuracy_value', 'NONE');
#1917 = ORIENTED_EDGE ( 'NONE', *, *, #214, .T. ) ;
#1918 =( NAMED_UNIT ( * ) SI_UNIT ( $, .STERADIAN. ) SOLID_ANGLE_UNIT ( ) );
#1919 = CARTESIAN_POINT ( 'NONE',  ( -4.000000000000003600, 28.49999999999999600, 14.00000000000000000 ) ) ;
#1920 = SURFACE_STYLE_FILL_AREA ( #1599 ) ;
#1921 = PRESENTATION_LAYER_ASSIGNMENT (  '', '', ( #1298 ) ) ;
#1922 = ORIENTED_EDGE ( 'NONE', *, *, #1226, .T. ) ;
#1923 = ADVANCED_FACE ( 'NONE', ( #3154 ), #5148, .F. ) ;
#1924 = FILL_AREA_STYLE_COLOUR ( '', #679 ) ;
#1925 = DIRECTION ( 'NONE',  ( -1.000000000000000000, -0.0000000000000000000, -0.0000000000000000000 ) ) ;
#1926 = CARTESIAN_POINT ( 'NONE',  ( -18.00000000000000400, 18.89444362769117100, -2.000000000000126100 ) ) ;
#1927 = DIRECTION ( 'NONE',  ( -1.000000000000000000, -0.0000000000000000000, -0.0000000000000000000 ) ) ;
#1928 = PRESENTATION_STYLE_ASSIGNMENT (( #2942 ) ) ;
#1929 = PRESENTATION_LAYER_ASSIGNMENT (  '', '', ( #1307 ) ) ;
#1930 = ADVANCED_FACE ( 'NONE', ( #4901 ), #5494, .F. ) ;
#1931 = DIRECTION ( 'NONE',  ( -0.0000000000000000000, -0.0000000000000000000, -1.000000000000000000 ) ) ;
#1932 = EDGE_CURVE ( 'NONE', #2777, #566, #1061, .T. ) ;
#1933 = CARTESIAN_POINT ( 'NONE',  ( -3.000000000000002700, 0.0000000000000000000, 0.0000000000000000000 ) ) ;
#1934 = SURFACE_STYLE_FILL_AREA ( #2315 ) ;
#1935 = CARTESIAN_POINT ( 'NONE',  ( -17.60000000000000500, 40.50000000000000700, -4.049999999999999800 ) ) ;
#1936 = ORIENTED_EDGE ( 'NONE', *, *, #1932, .T. ) ;
#1937 = SURFACE_SIDE_STYLE ('',( #5439 ) ) ;
#1938 =( NAMED_UNIT ( * ) PLANE_ANGLE_UNIT ( ) SI_UNIT ( $, .RADIAN. ) );
#1939 = DIRECTION ( 'NONE',  ( 0.0000000000000000000, -1.000000000000000000, 1.313442742274377600E-013 ) ) ;
#1940 = AXIS2_PLACEMENT_3D ( 'NONE', #834, #1300, #5203 ) ;
#1941 = EDGE_LOOP ( 'NONE', ( #5160, #644, #1020, #5133 ) ) ;
#1942 = VECTOR ( 'NONE', #3694, 1000.000000000000200 ) ;
#1943 =( NAMED_UNIT ( * ) PLANE_ANGLE_UNIT ( ) SI_UNIT ( $, .RADIAN. ) );
#1944 =( NAMED_UNIT ( * ) PLANE_ANGLE_UNIT ( ) SI_UNIT ( $, .RADIAN. ) );
#1945 = EDGE_CURVE ( 'NONE', #4267, #2658, #3445, .T. ) ;
#1946 = CIRCLE ( 'NONE', #2754, 15.04999999999999900 ) ;
#1947 = ORIENTED_EDGE ( 'NONE', *, *, #2383, .F. ) ;
#1948 =( LENGTH_UNIT ( ) NAMED_UNIT ( * ) SI_UNIT ( .MILLI., .METRE. ) );
#1949 = PRESENTATION_STYLE_ASSIGNMENT (( #2841 ) ) ;
#1950 = LINE ( 'NONE', #862, #619 ) ;
#1951 = PLANE ( 'NONE',  #3396 ) ;
#1952 = LINE ( 'NONE', #2801, #3962 ) ;
#1953 = EDGE_CURVE ( 'NONE', #3197, #4954, #2295, .T. ) ;
#1954 =( LENGTH_UNIT ( ) NAMED_UNIT ( * ) SI_UNIT ( .MILLI., .METRE. ) );
#1955 = PRESENTATION_LAYER_ASSIGNMENT (  '', '', ( #1335 ) ) ;
#1956 = FACE_OUTER_BOUND ( 'NONE', #920, .T. ) ;
#1957 = FILL_AREA_STYLE ('',( #778 ) ) ;
#1958 = CARTESIAN_POINT ( 'NONE',  ( -13.26905089898949800, 42.00000000000017800, 7.280949101010845600 ) ) ;
#1959 = FACE_OUTER_BOUND ( 'NONE', #4797, .T. ) ;
#1960 = EDGE_LOOP ( 'NONE', ( #3686, #1485, #2751, #422 ) ) ;
#1961 = LINE ( 'NONE', #1882, #755 ) ;
#1962 = ADVANCED_FACE ( 'NONE', ( #5357 ), #3873, .F. ) ;
#1963 = LINE ( 'NONE', #2056, #2653 ) ;
#1964 =( NAMED_UNIT ( * ) SI_UNIT ( $, .STERADIAN. ) SOLID_ANGLE_UNIT ( ) );
#1965 = CARTESIAN_POINT ( 'NONE',  ( -23.75000000000000000, 34.49999999999998600, -1.499999999999999600 ) ) ;
#1966 = ORIENTED_EDGE ( 'NONE', *, *, #4779, .F. ) ;
#1967 = MECHANICAL_DESIGN_GEOMETRIC_PRESENTATION_REPRESENTATION (  '', ( #1046 ), #2285 ) ;
#1968 = FILL_AREA_STYLE_COLOUR ( '', #510 ) ;
#1969 = EDGE_CURVE ( 'NONE', #806, #775, #4961, .T. ) ;
#1970 = VECTOR ( 'NONE', #2113, 999.9999999999998900 ) ;
#1971 = DIRECTION ( 'NONE',  ( -1.000000000000000000, -0.0000000000000000000, 0.0000000000000000000 ) ) ;
#1972 = ORIENTED_EDGE ( 'NONE', *, *, #1532, .T. ) ;
#1973 = DIRECTION ( 'NONE',  ( -1.000000000000000000, 0.0000000000000000000, 0.0000000000000000000 ) ) ;
#1974 = CARTESIAN_POINT ( 'NONE',  ( -3.000000000000002700, 5.048709793414475600E-026, 1.656607900964124800E-026 ) ) ;
#1975 = FACE_OUTER_BOUND ( 'NONE', #1356, .T. ) ;
#1976 = AXIS2_PLACEMENT_3D ( 'NONE', #2903, #134, #3303 ) ;
#1977 = AXIS2_PLACEMENT_3D ( 'NONE', #1407, #275, #1087 ) ;
#1978 = ORIENTED_EDGE ( 'NONE', *, *, #4970, .T. ) ;
#1979 = CARTESIAN_POINT ( 'NONE',  ( -18.00000000000000400, 37.78684245203000100, 8.300000000000000700 ) ) ;
#1980 = DIRECTION ( 'NONE',  ( 1.000000000000000000, -0.0000000000000000000, -0.0000000000000000000 ) ) ;
#1981 = VERTEX_POINT ( 'NONE', #2804 ) ;
#1982 = ADVANCED_FACE ( 'NONE', ( #2955 ), #2483, .T. ) ;
#1983 = SURFACE_STYLE_USAGE ( .BOTH. , #4516 ) ;
#1984 = CARTESIAN_POINT ( 'NONE',  ( -18.39999999999999900, 32.50000000000000000, 4.049999999999999800 ) ) ;
#1985 =( NAMED_UNIT ( * ) PLANE_ANGLE_UNIT ( ) SI_UNIT ( $, .RADIAN. ) );
#1986 = SURFACE_STYLE_FILL_AREA ( #1615 ) ;
#1987 = ADVANCED_FACE ( 'NONE', ( #3513 ), #1304, .T. ) ;
#1988 = CARTESIAN_POINT ( 'NONE',  ( 0.0000000000000000000, 1.457329691035837500E-015, 11.90000000000000000 ) ) ;
#1989 = EDGE_CURVE ( 'NONE', #806, #769, #722, .T. ) ;
#1990 = DIRECTION ( 'NONE',  ( 0.0000000000000000000, 0.0000000000000000000, 1.000000000000000000 ) ) ;
#1991 = DIRECTION ( 'NONE',  ( 0.0000000000000000000, -0.8910065241882018100, 0.4539904997398727100 ) ) ;
#1992 = TOROIDAL_SURFACE ( 'NONE', #504, 17.10000000000000100, 1.399999999999999900 ) ;
#1993 = SURFACE_STYLE_USAGE ( .BOTH. , #2014 ) ;
#1994 = ADVANCED_FACE ( 'NONE', ( #4186 ), #2607, .T. ) ;
#1995 = CARTESIAN_POINT ( 'NONE',  ( -28.00000000000000000, 22.49999999999999600, -2.000000000000000400 ) ) ;
#1996 = UNCERTAINTY_MEASURE_WITH_UNIT (LENGTH_MEASURE( 1.000000000000000100E-005 ), #4801, 'distance_accuracy_value', 'NONE');
#1997 = CARTESIAN_POINT ( 'NONE',  ( -5.999999999999998200, 13.91563060015608100, -9.764999999999986400 ) ) ;
#1998 = PRESENTATION_LAYER_ASSIGNMENT (  '', '', ( #2324 ) ) ;
#1999 = VECTOR ( 'NONE', #5155, 1000.000000000000000 ) ;
#2000 = ORIENTED_EDGE ( 'NONE', *, *, #2046, .F. ) ;
#2001 = EDGE_CURVE ( 'NONE', #2344, #5429, #3692, .T. ) ;
#2002 =( LENGTH_UNIT ( ) NAMED_UNIT ( * ) SI_UNIT ( .MILLI., .METRE. ) );
#2003 =( NAMED_UNIT ( * ) PLANE_ANGLE_UNIT ( ) SI_UNIT ( $, .RADIAN. ) );
#2004 = DIRECTION ( 'NONE',  ( -0.0000000000000000000, 1.000000000000000000, -0.0000000000000000000 ) ) ;
#2005 = CARTESIAN_POINT ( 'NONE',  ( -28.00000000000000400, 22.50000000000000000, 0.0000000000000000000 ) ) ;
#2006 = CARTESIAN_POINT ( 'NONE',  ( -15.50285963657055200, 16.85070518807549800, 2.270643761047831200 ) ) ;
#2007 = PRODUCT ( 'VJE37_19x50', 'VJE37_19x50', '', ( #5523 ) ) ;
#2008 = CARTESIAN_POINT ( 'NONE',  ( -32.00000000000061100, 29.00000000000000000, -14.49999999999999800 ) ) ;
#2009 = STYLED_ITEM ( 'NONE', ( #3794 ), #2682 ) ;
#2010 = PRESENTATION_LAYER_ASSIGNMENT (  '', '', ( #2339 ) ) ;
#2011 = DIRECTION ( 'NONE',  ( 0.0000000000000000000, 0.0000000000000000000, -1.000000000000000000 ) ) ;
#2012 = VECTOR ( 'NONE', #1165, 1000.000000000000000 ) ;
#2013 = ADVANCED_FACE ( 'NONE', ( #4758 ), #4241, .F. ) ;
#2014 = SURFACE_SIDE_STYLE ('',( #3550 ) ) ;
#2015 = VECTOR ( 'NONE', #399, 1000.000000000000000 ) ;
#2016 = STYLED_ITEM ( 'NONE', ( #3757 ), #1720 ) ;
#2017 = ADVANCED_FACE ( 'NONE', ( #2129 ), #4983, .T. ) ;
#2018 = CARTESIAN_POINT ( 'NONE',  ( -32.03426719385723900, 28.99999999999999600, -14.49969317914218600 ) ) ;
#2019 = VECTOR ( 'NONE', #532, 1000.000000000000000 ) ;
#2020 = FILL_AREA_STYLE ('',( #3749 ) ) ;
#2021 = FACE_OUTER_BOUND ( 'NONE', #3329, .T. ) ;
#2022 = CARTESIAN_POINT ( 'NONE',  ( -33.00000000000000000, 14.73091986265781400, -11.99999999999933900 ) ) ;
#2023 = DIRECTION ( 'NONE',  ( 0.0000000000000000000, 0.0000000000000000000, 1.000000000000000000 ) ) ;
#2024 = ADVANCED_FACE ( 'NONE', ( #1701 ), #4698, .T. ) ;
#2025 = VECTOR ( 'NONE', #5409, 1000.000000000000000 ) ;
#2026 = EDGE_LOOP ( 'NONE', ( #5216, #3480, #3527, #3096, #606, #2556, #1644, #1138 ) ) ;
#2027 = VECTOR ( 'NONE', #4383, 1000.000000000000000 ) ;
#2028 = DIRECTION ( 'NONE',  ( -1.000000000000000000, -0.0000000000000000000, 0.0000000000000000000 ) ) ;
#2029 =( NAMED_UNIT ( * ) SI_UNIT ( $, .STERADIAN. ) SOLID_ANGLE_UNIT ( ) );
#2030 = ORIENTED_EDGE ( 'NONE', *, *, #5369, .T. ) ;
#2031 = DIRECTION ( 'NONE',  ( 0.0000000000000000000, 0.4539904997398727100, 0.8910065241882018100 ) ) ;
#2032 = ORIENTED_EDGE ( 'NONE', *, *, #2078, .T. ) ;
#2033 = EDGE_CURVE ( 'NONE', #1888, #845, #64, .T. ) ;
#2034 = ORIENTED_EDGE ( 'NONE', *, *, #1469, .F. ) ;
#2035 = AXIS2_PLACEMENT_3D ( 'NONE', #5380, #5364, #5329 ) ;
#2036 = CARTESIAN_POINT ( 'NONE',  ( -3.000000000000002700, 15.76490173463203700, -9.870555875805253600 ) ) ;
#2037 = PLANE ( 'NONE',  #3302 ) ;
#2038 = ORIENTED_EDGE ( 'NONE', *, *, #530, .T. ) ;
#2039 = ADVANCED_FACE ( 'NONE', ( #2375 ), #3009, .F. ) ;
#2040 = FACE_OUTER_BOUND ( 'NONE', #1738, .T. ) ;
#2041 = COLOUR_RGB ( '',0.0000000000000000000, 0.0000000000000000000, 0.0000000000000000000 ) ;
#2042 = CARTESIAN_POINT ( 'NONE',  ( -8.581352161919081600, 15.92064950931758300, 9.423111059090844700 ) ) ;
#2043 = PRESENTATION_LAYER_ASSIGNMENT (  '', '', ( #2379 ) ) ;
#2044 = B_SPLINE_CURVE_WITH_KNOTS ( 'NONE', 3,
 ( #5249, #3240, #1429, #4429, #1878, #4849, #2374, #5267, #2842, #74, #3252, #545 ),
 .UNSPECIFIED., .F., .F.,
 ( 4, 2, 2, 2, 2, 4 ),
 ( 0.0000000000000000000, 0.1250000000000007200, 0.2500000000000014400, 0.3750000000000021600, 0.5000000000000028900, 1.000000000000000000 ),
 .UNSPECIFIED. ) ;
#2045 = ORIENTED_EDGE ( 'NONE', *, *, #2846, .T. ) ;
#2046 = EDGE_CURVE ( 'NONE', #335, #5548, #4053, .T. ) ;
#2047 = FILL_AREA_STYLE_COLOUR ( '', #3869 ) ;
#2048 = ADVANCED_FACE ( 'NONE', ( #5146, #4179 ), #1284, .T. ) ;
#2049 = CARTESIAN_POINT ( 'NONE',  ( -33.00000000000000000, 28.49999999999999600, 0.0000000000000000000 ) ) ;
#2050 = ORIENTED_EDGE ( 'NONE', *, *, #3473, .T. ) ;
#2051 = ADVANCED_FACE ( 'NONE', ( #274, #4753 ), #5613, .T. ) ;
#2052 = CARTESIAN_POINT ( 'NONE',  ( -18.39999999999999900, 32.50000000000000000, 0.0000000000000000000 ) ) ;
#2053 = EDGE_LOOP ( 'NONE', ( #4232, #2378, #2204, #2837 ) ) ;
#2054 = DIRECTION ( 'NONE',  ( 0.0000000000000000000, 0.0000000000000000000, 1.000000000000000000 ) ) ;
#2055 = DIRECTION ( 'NONE',  ( 0.0000000000000000000, 0.0000000000000000000, 1.000000000000000000 ) ) ;
#2056 = CARTESIAN_POINT ( 'NONE',  ( -14.70000000000000500, 32.50000000000000000, -4.336808689942017700E-016 ) ) ;
#2057 = DIRECTION ( 'NONE',  ( 0.0000000000000000000, 1.000000000000000000, 0.0000000000000000000 ) ) ;
#2058 = STYLED_ITEM ( 'NONE', ( #2389 ), #1845 ) ;
#2059 = CARTESIAN_POINT ( 'NONE',  ( -3.000000000000002700, 2.051283388571816900E-015, -16.75000000000000000 ) ) ;
#2060 = CARTESIAN_POINT ( 'NONE',  ( 0.0000000000000000000, 2.081899558550500300E-015, -17.00000000000000000 ) ) ;
#2061 = ORIENTED_EDGE ( 'NONE', *, *, #4779, .T. ) ;
#2062 = UNCERTAINTY_MEASURE_WITH_UNIT (LENGTH_MEASURE( 1.000000000000000100E-005 ), #72, 'distance_accuracy_value', 'NONE');
#2063 = EDGE_CURVE ( 'NONE', #5167, #2950, #2122, .T. ) ;
#2064 = PRESENTATION_STYLE_ASSIGNMENT (( #3206 ) ) ;
#2065 = CARTESIAN_POINT ( 'NONE',  ( 4.363936111237192200E-014, -15.94956969468667700, -1.953258947437705900E-015 ) ) ;
#2066 = VECTOR ( 'NONE', #4687, 1000.000000000000000 ) ;
#2067 = SURFACE_STYLE_USAGE ( .BOTH. , #2089 ) ;
#2068 = ADVANCED_FACE ( 'NONE', ( #4235 ), #4322, .T. ) ;
#2069 = AXIS2_PLACEMENT_3D ( 'NONE', #716, #299, #242 ) ;
#2070 = DIRECTION ( 'NONE',  ( 0.0000000000000000000, -1.000000000000000000, 0.0000000000000000000 ) ) ;
#2071 = UNCERTAINTY_MEASURE_WITH_UNIT (LENGTH_MEASURE( 1.000000000000000100E-005 ), #3575, 'distance_accuracy_value', 'NONE');
#2072 = CARTESIAN_POINT ( 'NONE',  ( -23.98000000000000000, 42.09297407572002200, 7.233576443288000300 ) ) ;
#2073 = CARTESIAN_POINT ( 'NONE',  ( -18.39999999999999900, 40.50000000000000700, 1.249999999999999800 ) ) ;
#2074 = CARTESIAN_POINT ( 'NONE',  ( -50.00000000000000000, 0.0000000000000000000, 18.50000000000000000 ) ) ;
#2075 =( LENGTH_UNIT ( ) NAMED_UNIT ( * ) SI_UNIT ( .MILLI., .METRE. ) );
#2076 = ADVANCED_FACE ( 'NONE', ( #1696 ), #4345, .F. ) ;
#2077 = AXIS2_PLACEMENT_3D ( 'NONE', #3417, #4579, #2057 ) ;
#2078 = EDGE_CURVE ( 'NONE', #4333, #2173, #2175, .T. ) ;
#2079 = SURFACE_STYLE_FILL_AREA ( #474 ) ;
#2080 = CARTESIAN_POINT ( 'NONE',  ( -19.50000000000000400, 34.50000000000000000, 8.900000000000000400 ) ) ;
#2081 = ADVANCED_FACE ( 'NONE', ( #1111 ), #711, .T. ) ;
#2082 = CIRCLE ( 'NONE', #1976, 17.20000000032929300 ) ;
#2083 = FACE_OUTER_BOUND ( 'NONE', #565, .T. ) ;
#2084 = SURFACE_STYLE_FILL_AREA ( #820 ) ;
#2085 = AXIS2_PLACEMENT_3D ( 'NONE', #4147, #1570, #4563 ) ;
#2086 = SURFACE_STYLE_USAGE ( .BOTH. , #5575 ) ;
#2087 = CARTESIAN_POINT ( 'NONE',  ( -31.99999999936000000, 20.08095189484500100, -15.00000000000000000 ) ) ;
#2088 = DIRECTION ( 'NONE',  ( -0.0000000000000000000, -0.0000000000000000000, -1.000000000000000000 ) ) ;
#2089 = SURFACE_SIDE_STYLE ('',( #3598 ) ) ;
#2090 = VECTOR ( 'NONE', #217, 1000.000000000000000 ) ;
#2091 = FACE_OUTER_BOUND ( 'NONE', #933, .T. ) ;
#2092 = FILL_AREA_STYLE_COLOUR ( '', #4660 ) ;
#2093 = LINE ( 'NONE', #3127, #5316 ) ;
#2094 = MECHANICAL_DESIGN_GEOMETRIC_PRESENTATION_REPRESENTATION (  '', ( #1160 ), #2439 ) ;
#2095 = LINE ( 'NONE', #3449, #4209 ) ;
#2096 = ADVANCED_FACE ( 'NONE', ( #4174 ), #5041, .T. ) ;
#2097 = CARTESIAN_POINT ( 'NONE',  ( 0.0000000000000000000, 5.048709793414475600E-026, -11.90000000000000000 ) ) ;
#2098 = ORIENTED_EDGE ( 'NONE', *, *, #3786, .F. ) ;
#2099 = CARTESIAN_POINT ( 'NONE',  ( 0.0000000000000000000, 15.71288563568130500, -9.765000000000000600 ) ) ;
#2100 = LINE ( 'NONE', #2052, #4216 ) ;
#2101 = EDGE_CURVE ( 'NONE', #3678, #2983, #2935, .T. ) ;
#2102 =( GEOMETRIC_REPRESENTATION_CONTEXT ( 3 ) GLOBAL_UNCERTAINTY_ASSIGNED_CONTEXT ( ( #1107 ) ) GLOBAL_UNIT_ASSIGNED_CONTEXT ( ( #95, #4723, #4701 ) ) REPRESENTATION_CONTEXT ( 'NONE', 'WORKASPACE' ) );
#2103 = SURFACE_SIDE_STYLE ('',( #938 ) ) ;
#2104 = ADVANCED_FACE ( 'NONE', ( #268 ), #4634, .F. ) ;
#2105 = FACE_OUTER_BOUND ( 'NONE', #3656, .T. ) ;
#2106 = ORIENTED_EDGE ( 'NONE', *, *, #2620, .F. ) ;
#2107 = CARTESIAN_POINT ( 'NONE',  ( -3.500000000000002200, 29.00000000000001400, -13.99999999987432500 ) ) ;
#2108 = CARTESIAN_POINT ( 'NONE',  ( -15.12490339781698800, 16.64024351962889600, -3.492049780294983500 ) ) ;
#2109 =( LENGTH_UNIT ( ) NAMED_UNIT ( * ) SI_UNIT ( .MILLI., .METRE. ) );
#2110 = ORIENTED_EDGE ( 'NONE', *, *, #2702, .F. ) ;
#2111 =( GEOMETRIC_REPRESENTATION_CONTEXT ( 3 ) GLOBAL_UNCERTAINTY_ASSIGNED_CONTEXT ( ( #2266 ) ) GLOBAL_UNIT_ASSIGNED_CONTEXT ( ( #3080, #1586, #839 ) ) REPRESENTATION_CONTEXT ( 'NONE', 'WORKASPACE' ) );
#2112 = ADVANCED_FACE ( 'NONE', ( #2280 ), #1573, .F. ) ;
#2113 = DIRECTION ( 'NONE',  ( 0.3892816206324521400, -0.8348171294801629600, 0.3892816206350776000 ) ) ;
#2114 = CARTESIAN_POINT ( 'NONE',  ( -16.50000000000000000, 34.49999999999998600, 8.299999999999998900 ) ) ;
#2115 = ORIENTED_EDGE ( 'NONE', *, *, #3928, .T. ) ;
#2116 = STYLED_ITEM ( 'NONE', ( #3971 ), #2636 ) ;
#2117 = SURFACE_SIDE_STYLE ('',( #2860 ) ) ;
#2118 = AXIS2_PLACEMENT_3D ( 'NONE', #4923, #4873, #4891 ) ;
#2119 = VERTEX_POINT ( 'NONE', #306 ) ;
#2120 = CARTESIAN_POINT ( 'NONE',  ( -9.199333830427161000, 14.26747864944911900, 9.247885403691583400 ) ) ;
#2121 = PLANE ( 'NONE',  #5269 ) ;
#2122 = LINE ( 'NONE', #446, #4366 ) ;
#2123 = CARTESIAN_POINT ( 'NONE',  ( -0.3000000000000016500, 5.048709793414475600E-026, 1.656607900964124800E-026 ) ) ;
#2124 = ORIENTED_EDGE ( 'NONE', *, *, #4172, .F. ) ;
#2125 = CARTESIAN_POINT ( 'NONE',  ( -18.00000000000000400, 18.89444362769117100, 2.000000000000124300 ) ) ;
#2126 = ADVANCED_FACE ( 'NONE', ( #642 ), #3777, .T. ) ;
#2127 = DIRECTION ( 'NONE',  ( -0.0000000000000000000, -0.0000000000000000000, 1.000000000000000000 ) ) ;
#2128 =( GEOMETRIC_REPRESENTATION_CONTEXT ( 3 ) GLOBAL_UNCERTAINTY_ASSIGNED_CONTEXT ( ( #5241 ) ) GLOBAL_UNIT_ASSIGNED_CONTEXT ( ( #3155, #3233, #3192 ) ) REPRESENTATION_CONTEXT ( 'NONE', 'WORKASPACE' ) );
#2129 = FACE_OUTER_BOUND ( 'NONE', #2666, .T. ) ;
#2130 = CARTESIAN_POINT ( 'NONE',  ( -23.74999999999952700, 39.99999999999975800, 1.499999999999999800 ) ) ;
#2131 = DIRECTION ( 'NONE',  ( -0.0000000000000000000, 1.000000000000000000, -0.0000000000000000000 ) ) ;
#2132 = ADVANCED_FACE ( 'NONE', ( #2676 ), #5051, .T. ) ;
#2133 = VECTOR ( 'NONE', #3932, 1000.000000000000000 ) ;
#2134 =( NAMED_UNIT ( * ) PLANE_ANGLE_UNIT ( ) SI_UNIT ( $, .RADIAN. ) );
#2135 = MECHANICAL_DESIGN_GEOMETRIC_PRESENTATION_REPRESENTATION (  '', ( #1199 ), #2486 ) ;
#2136 = CARTESIAN_POINT ( 'NONE',  ( -46.50000000000000000, 1.163414459189985500E-015, -9.500000000000000000 ) ) ;
#2137 = CARTESIAN_POINT ( 'NONE',  ( -15.42188878420168600, 16.80506825525355600, 2.586369315728361200 ) ) ;
#2138 = ADVANCED_FACE ( 'NONE', ( #2189 ), #2878, .T. ) ;
#2139 = DIRECTION ( 'NONE',  ( 0.0000000000000000000, 0.0000000000000000000, 1.000000000000000000 ) ) ;
#2140 =( BOUNDED_SURFACE ( )  B_SPLINE_SURFACE ( 3, 3, ( 
 ( #3401, #5068, #5070, #5036 ),
 ( #5168, #1355, #157, #164 ),
 ( #186, #191, #208, #222 ),
 ( #212, #260, #258, #251 ) ),
 .UNSPECIFIED., .F., .F., .F. ) 
 B_SPLINE_SURFACE_WITH_KNOTS ( ( 4, 4 ),
 ( 4, 4 ),
 ( 0.0000000000000000000, 1.000000000000000000 ),
 ( 0.0000000000000000000, 1.000000000000000000 ),
 .UNSPECIFIED. ) 
 GEOMETRIC_REPRESENTATION_ITEM ( )  RATIONAL_B_SPLINE_SURFACE ( (
 ( 1.000000000000000000, 0.3333333333333334300, 0.3333333333333334300, 1.000000000000000000),
 ( 0.8695484763485117300, 0.2898494921161706700, 0.2898494921161706700, 0.8695484763485117300),
 ( 0.8695484763485117300, 0.2898494921161706700, 0.2898494921161706700, 0.8695484763485117300),
 ( 1.000000000000000000, 0.3333333333333334300, 0.3333333333333334300, 1.000000000000000000) ) ) 
 REPRESENTATION_ITEM ( '' )  SURFACE ( )  );
#2141 = EDGE_CURVE ( 'NONE', #71, #3558, #1753, .T. ) ;
#2142 = DIRECTION ( 'NONE',  ( -0.0000000000000000000, -1.000000000000000000, -0.0000000000000000000 ) ) ;
#2143 = CARTESIAN_POINT ( 'NONE',  ( -25.25000000000000000, 34.00000000000000000, 1.499999999999999800 ) ) ;
#2144 =( GEOMETRIC_REPRESENTATION_CONTEXT ( 3 ) GLOBAL_UNCERTAINTY_ASSIGNED_CONTEXT ( ( #2474 ) ) GLOBAL_UNIT_ASSIGNED_CONTEXT ( ( #4386, #4359, #143 ) ) REPRESENTATION_CONTEXT ( 'NONE', 'WORKASPACE' ) );
#2145 = FACE_OUTER_BOUND ( 'NONE', #4155, .T. ) ;
#2146 = SURFACE_SIDE_STYLE ('',( #4139 ) ) ;
#2147 = LINE ( 'NONE', #3400, #942 ) ;
#2148 = DIRECTION ( 'NONE',  ( -0.0000000000000000000, -1.000000000000000000, 0.0000000000000000000 ) ) ;
#2149 = VERTEX_POINT ( 'NONE', #3765 ) ;
#2150 =( GEOMETRIC_REPRESENTATION_CONTEXT ( 3 ) GLOBAL_UNCERTAINTY_ASSIGNED_CONTEXT ( ( #3138 ) ) GLOBAL_UNIT_ASSIGNED_CONTEXT ( ( #91, #3261, #569 ) ) REPRESENTATION_CONTEXT ( 'NONE', 'WORKASPACE' ) );
#2151 = ADVANCED_FACE ( 'NONE', ( #568 ), #4504, .F. ) ;
#2152 = EDGE_CURVE ( 'NONE', #5484, #53, #1170, .T. ) ;
#2153 = LINE ( 'NONE', #4713, #5373 ) ;
#2154 = CARTESIAN_POINT ( 'NONE',  ( -32.00000000000000000, 11.56087521242814000, 14.00000000000000000 ) ) ;
#2155 = LINE ( 'NONE', #4839, #5379 ) ;
#2156 = PRODUCT_DEFINITION_FORMATION_WITH_SPECIFIED_SOURCE ( 'ANY', '', #4485, .NOT_KNOWN. ) ;
#2157 = FILL_AREA_STYLE_COLOUR ( '', #5365 ) ;
#2158 = ADVANCED_FACE ( 'NONE', ( #2438 ), #308, .F. ) ;
#2159 = AXIS2_PLACEMENT_3D ( 'NONE', #507, #482, #432 ) ;
#2160 = DIRECTION ( 'NONE',  ( -1.000000000000000000, -0.0000000000000000000, -0.0000000000000000000 ) ) ;
#2161 = CARTESIAN_POINT ( 'NONE',  ( -6.658701402671957800, 15.71288563568130100, -9.764999999999998800 ) ) ;
#2162 = CARTESIAN_POINT ( 'NONE',  ( -15.76555781446528900, 17.00032041485994900, -0.3110446216764935500 ) ) ;
#2163 = SURFACE_STYLE_FILL_AREA ( #2803 ) ;
#2164 = VECTOR ( 'NONE', #677, 1000.000000000000000 ) ;
#2165 = EDGE_LOOP ( 'NONE', ( #2230, #3119, #3905, #3666 ) ) ;
#2166 = LINE ( 'NONE', #4415, #5259 ) ;
#2167 = ADVANCED_FACE ( 'NONE', ( #1975 ), #2670, .T. ) ;
#2168 = SURFACE_STYLE_FILL_AREA ( #3011 ) ;
#2169 = DIRECTION ( 'NONE',  ( 0.0000000000000000000, 0.0000000000000000000, -1.000000000000000000 ) ) ;
#2170 = FACE_OUTER_BOUND ( 'NONE', #2026, .T. ) ;
#2171 = PRESENTATION_LAYER_ASSIGNMENT (  '', '', ( #1563 ) ) ;
#2172 = ORIENTED_EDGE ( 'NONE', *, *, #598, .T. ) ;
#2173 = VERTEX_POINT ( 'NONE', #4249 ) ;
#2174 = PRESENTATION_STYLE_ASSIGNMENT (( #4912 ) ) ;
#2175 =( BOUNDED_CURVE ( )  B_SPLINE_CURVE ( 3, ( #1250, #1274, #1305, #901 ),
 .UNSPECIFIED., .F., .F. ) 
 B_SPLINE_CURVE_WITH_KNOTS ( ( 4, 4 ),
 ( 4.874788804554055900, 6.147311966543554700 ),
 .UNSPECIFIED. ) 
 CURVE ( )  GEOMETRIC_REPRESENTATION_ITEM ( )  RATIONAL_B_SPLINE_CURVE ( ( 1.000000000000000000, 0.8695484763485117300, 0.8695484763485117300, 1.000000000000000000 ) ) 
 REPRESENTATION_ITEM ( '' )  );
#2176 = CIRCLE ( 'NONE', #4372, 17.20000000032938600 ) ;
#2177 = CARTESIAN_POINT ( 'NONE',  ( -32.00000000000000000, 28.49999999999999600, -14.50000000000000000 ) ) ;
#2178 = SURFACE_STYLE_USAGE ( .BOTH. , #2254 ) ;
#2179 = ORIENTED_EDGE ( 'NONE', *, *, #4557, .F. ) ;
#2180 = EDGE_CURVE ( 'NONE', #1323, #3562, #4816, .T. ) ;
#2181 = STYLED_ITEM ( 'NONE', ( #3431 ), #2112 ) ;
#2182 = VECTOR ( 'NONE', #3161, 1000.000000000000000 ) ;
#2183 = CARTESIAN_POINT ( 'NONE',  ( -8.574635287490140800, 14.13790566520012600, 9.441598024397812600 ) ) ;
#2184 = ORIENTED_EDGE ( 'NONE', *, *, #3974, .F. ) ;
#2185 = DIRECTION ( 'NONE',  ( -1.000000000000000000, -0.0000000000000000000, -0.0000000000000000000 ) ) ;
#2186 = ADVANCED_FACE ( 'NONE', ( #3740 ), #3075, .F. ) ;
#2187 = EDGE_LOOP ( 'NONE', ( #4806, #2721, #4863, #391, #2853, #4982, #542, #685, #3604, #2646, #2793, #2924, #753, #3183, #4214, #2098, #4346, #4479, #1306, #250 ) ) ;
#2188 = DIRECTION ( 'NONE',  ( 0.0000000000000000000, 0.0000000000000000000, -1.000000000000000000 ) ) ;
#2189 = FACE_OUTER_BOUND ( 'NONE', #1477, .T. ) ;
#2190 = DIRECTION ( 'NONE',  ( 0.0000000000000000000, 0.0000000000000000000, 1.000000000000000000 ) ) ;
#2191 = MECHANICAL_DESIGN_GEOMETRIC_PRESENTATION_REPRESENTATION (  '', ( #1270 ), #2538 ) ;
#2192 = CARTESIAN_POINT ( 'NONE',  ( -32.50000000000000000, 28.49999999999999600, -14.00000000000000200 ) ) ;
#2193 = ORIENTED_EDGE ( 'NONE', *, *, #3337, .T. ) ;
#2194 = EDGE_CURVE ( 'NONE', #2868, #5138, #5402, .T. ) ;
#2195 = DIRECTION ( 'NONE',  ( -1.000000000000000000, -0.0000000000000000000, -0.0000000000000000000 ) ) ;
#2196 = ADVANCED_FACE ( 'NONE', ( #2040 ), #3289, .T. ) ;
#2197 = ORIENTED_EDGE ( 'NONE', *, *, #2078, .F. ) ;
#2198 = DIRECTION ( 'NONE',  ( 0.0000000000000000000, 0.0000000000000000000, -1.000000000000000000 ) ) ;
#2199 = AXIS2_PLACEMENT_3D ( 'NONE', #662, #3745, #1088 ) ;
#2200 = DIRECTION ( 'NONE',  ( 0.0000000000000000000, 0.0000000000000000000, -1.000000000000000000 ) ) ;
#2201 = DIRECTION ( 'NONE',  ( -1.000000000000000000, 0.0000000000000000000, 0.0000000000000000000 ) ) ;
#2202 = AXIS2_PLACEMENT_3D ( 'NONE', #962, #1001, #5359 ) ;
#2203 = ADVANCED_FACE ( 'NONE', ( #5000 ), #5011, .T. ) ;
#2204 = ORIENTED_EDGE ( 'NONE', *, *, #4709, .T. ) ;
#2205 = CARTESIAN_POINT ( 'NONE',  ( -22.09272301885883400, 42.00000000000055400, -6.692723018863008000 ) ) ;
#2206 = PRESENTATION_STYLE_ASSIGNMENT (( #3793 ) ) ;
#2207 = DIRECTION ( 'NONE',  ( -1.000000000000000000, 0.0000000000000000000, -3.469446951953611000E-015 ) ) ;
#2208 = CARTESIAN_POINT ( 'NONE',  ( -5.999999999999998200, 15.71288563568131600, -9.764999999999998800 ) ) ;
#2209 = MECHANICAL_DESIGN_GEOMETRIC_PRESENTATION_REPRESENTATION (  '', ( #1283 ), #2559 ) ;
#2210 = DIRECTION ( 'NONE',  ( -1.000000000000000000, 0.0000000000000000000, 0.0000000000000000000 ) ) ;
#2211 = VECTOR ( 'NONE', #1792, 1000.000000000000000 ) ;
#2212 = CARTESIAN_POINT ( 'NONE',  ( -9.190991420085918400, 16.02346631680124400, -9.250838431364226000 ) ) ;
#2213 = DIRECTION ( 'NONE',  ( 1.000000000000000000, 0.0000000000000000000, 0.0000000000000000000 ) ) ;
#2214 = CARTESIAN_POINT ( 'NONE',  ( -18.39999999999999900, 36.50000000000000000, 4.049999999999998900 ) ) ;
#2215 =( NAMED_UNIT ( * ) SI_UNIT ( $, .STERADIAN. ) SOLID_ANGLE_UNIT ( ) );
#2216 = ADVANCED_FACE ( 'NONE', ( #4616 ), #5195, .T. ) ;
#2217 = EDGE_CURVE ( 'NONE', #4890, #4010, #4221, .T. ) ;
#2218 = MECHANICAL_DESIGN_GEOMETRIC_PRESENTATION_REPRESENTATION (  '', ( #1607 ), #2568 ) ;
#2219 = CARTESIAN_POINT ( 'NONE',  ( -10.36497441825813200, 16.29791545672790300, -8.758278155791774800 ) ) ;
#2220 = UNCERTAINTY_MEASURE_WITH_UNIT (LENGTH_MEASURE( 1.000000000000000100E-005 ), #1034, 'distance_accuracy_value', 'NONE');
#2221 = DIRECTION ( 'NONE',  ( -1.000000000000000000, 0.0000000000000000000, 0.0000000000000000000 ) ) ;
#2222 = DIRECTION ( 'NONE',  ( 0.0000000000000000000, 0.0000000000000000000, 1.000000000000000000 ) ) ;
#2223 = ADVANCED_FACE ( 'NONE', ( #3057 ), #1389, .F. ) ;
#2224 = ADVANCED_FACE ( 'NONE', ( #4809, #185 ), #1498, .F. ) ;
#2225 = DIRECTION ( 'NONE',  ( 0.0000000000000000000, -1.000000000000000000, 0.0000000000000000000 ) ) ;
#2226 = CARTESIAN_POINT ( 'NONE',  ( -18.00000000000000400, 40.50000000000000000, 4.049999999999999800 ) ) ;
#2227 = CARTESIAN_POINT ( 'NONE',  ( -10.91979755174443600, 16.45760836624708300, -8.458793826916501500 ) ) ;
#2228 = MECHANICAL_DESIGN_GEOMETRIC_PRESENTATION_REPRESENTATION (  '', ( #1298 ), #2579 ) ;
#2229 = DIRECTION ( 'NONE',  ( 0.0000000000000000000, 0.0000000000000000000, -1.000000000000000000 ) ) ;
#2230 = ORIENTED_EDGE ( 'NONE', *, *, #1756, .F. ) ;
#2231 = CARTESIAN_POINT ( 'NONE',  ( -11.70767334265744900, 16.71558352356077000, -7.929551311557628600 ) ) ;
#2232 = CIRCLE ( 'NONE', #1664, 17.10000000000000100 ) ;
#2233 = VECTOR ( 'NONE', #4518, 1000.000000000000000 ) ;
#2234 = ADVANCED_FACE ( 'NONE', ( #3363 ), #4552, .F. ) ;
#2235 = DIRECTION ( 'NONE',  ( -1.000000000000000000, -0.0000000000000000000, -0.0000000000000000000 ) ) ;
#2236 = CARTESIAN_POINT ( 'NONE',  ( -11.96132284391147100, 16.80421036484028400, -7.740544408974764100 ) ) ;
#2237 = CARTESIAN_POINT ( 'NONE',  ( -18.00000000000000400, 11.66190378969022800, -15.00000000000029000 ) ) ;
#2238 = LINE ( 'NONE', #3352, #4332 ) ;
#2239 = DIRECTION ( 'NONE',  ( 0.0000000000000000000, 0.0000000000000000000, 1.000000000000000000 ) ) ;
#2240 =( NAMED_UNIT ( * ) PLANE_ANGLE_UNIT ( ) SI_UNIT ( $, .RADIAN. ) );
#2241 = ORIENTED_EDGE ( 'NONE', *, *, #3382, .F. ) ;
#2242 =( NAMED_UNIT ( * ) PLANE_ANGLE_UNIT ( ) SI_UNIT ( $, .RADIAN. ) );
#2243 = MECHANICAL_DESIGN_GEOMETRIC_PRESENTATION_REPRESENTATION (  '', ( #1307 ), #2585 ) ;
#2244 = VERTEX_POINT ( 'NONE', #4962 ) ;
#2245 = EDGE_CURVE ( 'NONE', #71, #5321, #1746, .T. ) ;
#2246 = LINE ( 'NONE', #5558, #5449 ) ;
#2247 = CARTESIAN_POINT ( 'NONE',  ( -12.44528472922345600, 16.98192601494971800, -7.342458890309859300 ) ) ;
#2248 = VECTOR ( 'NONE', #3976, 1000.000000000000000 ) ;
#2249 = CARTESIAN_POINT ( 'NONE',  ( -18.00000000000000400, 42.00000000000000000, -6.692723018862999100 ) ) ;
#2250 = FILL_AREA_STYLE ('',( #4020 ) ) ;
#2251 = SURFACE_STYLE_FILL_AREA ( #3217 ) ;
#2252 = ORIENTED_EDGE ( 'NONE', *, *, #2835, .T. ) ;
#2253 = PRESENTATION_LAYER_ASSIGNMENT (  '', '', ( #1633 ) ) ;
#2254 = SURFACE_SIDE_STYLE ('',( #977 ) ) ;
#2255 = LINE ( 'NONE', #1903, #1033 ) ;
#2256 = CARTESIAN_POINT ( 'NONE',  ( 0.0000000000000000000, 0.0000000000000000000, 0.0000000000000000000 ) ) ;
#2257 = CARTESIAN_POINT ( 'NONE',  ( -12.67662142034553500, 17.07135274937358500, -7.132703745299863800 ) ) ;
#2258 = ADVANCED_FACE ( 'NONE', ( #4993 ), #4119, .T. ) ;
#2259 = CARTESIAN_POINT ( 'NONE',  ( -13.11869752117130600, 17.24904824913128100, -6.691553026831741100 ) ) ;
#2260 = PRESENTATION_STYLE_ASSIGNMENT (( #1293 ) ) ;
#2261 = ORIENTED_EDGE ( 'NONE', *, *, #5105, .F. ) ;
#2262 = CARTESIAN_POINT ( 'NONE',  ( -13.32943615514387000, 17.33732245780472800, -6.460158851999859800 ) ) ;
#2263 = CARTESIAN_POINT ( 'NONE',  ( 0.0000000000000000000, 13.91563060015607100, 9.765000000000000600 ) ) ;
#2264 = ADVANCED_FACE ( 'NONE', ( #112 ), #2432, .T. ) ;
#2265 = PRESENTATION_LAYER_ASSIGNMENT (  '', '', ( #1326 ) ) ;
#2266 = UNCERTAINTY_MEASURE_WITH_UNIT (LENGTH_MEASURE( 1.000000000000000100E-005 ), #3080, 'distance_accuracy_value', 'NONE');
#2267 = FACE_OUTER_BOUND ( 'NONE', #2598, .T. ) ;
#2268 =( LENGTH_UNIT ( ) NAMED_UNIT ( * ) SI_UNIT ( .MILLI., .METRE. ) );
#2269 = ADVANCED_FACE ( 'NONE', ( #5403 ), #2450, .T. ) ;
#2270 = FILL_AREA_STYLE_COLOUR ( '', #289 ) ;
#2271 = EDGE_LOOP ( 'NONE', ( #2034, #2252, #4044, #3260 ) ) ;
#2272 = CARTESIAN_POINT ( 'NONE',  ( -32.99999999999647600, 28.50000000000000400, -14.00000000000242700 ) ) ;
#2273 = FILL_AREA_STYLE ('',( #2092 ) ) ;
#2274 = CARTESIAN_POINT ( 'NONE',  ( -0.6470537029834783100, 15.05000000000010600, 30.09999999999999800 ) ) ;
#2275 = SURFACE_SIDE_STYLE ('',( #4549 ) ) ;
#2276 = EDGE_CURVE ( 'NONE', #5138, #4460, #1614, .T. ) ;
#2277 = ADVANCED_FACE ( 'NONE', ( #5002 ), #4780, .F. ) ;
#2278 = ORIENTED_EDGE ( 'NONE', *, *, #2745, .T. ) ;
#2279 = MECHANICAL_DESIGN_GEOMETRIC_PRESENTATION_REPRESENTATION (  '', ( #1335 ), #2615 ) ;
#2280 = FACE_OUTER_BOUND ( 'NONE', #2340, .T. ) ;
#2281 = DIRECTION ( 'NONE',  ( 0.0000000000000000000, 0.0000000000000000000, 1.000000000000000000 ) ) ;
#2282 = CARTESIAN_POINT ( 'NONE',  ( -13.73023254102312900, 17.51052856974520500, -5.974762891287780600 ) ) ;
#2283 = CARTESIAN_POINT ( 'NONE',  ( -13.92107523975344200, 17.59583840113029800, -5.719422955518856700 ) ) ;
#2284 = EDGE_LOOP ( 'NONE', ( #2505, #3611, #3110, #3730 ) ) ;
#2285 =( GEOMETRIC_REPRESENTATION_CONTEXT ( 3 ) GLOBAL_UNCERTAINTY_ASSIGNED_CONTEXT ( ( #2071 ) ) GLOBAL_UNIT_ASSIGNED_CONTEXT ( ( #3575, #3201, #3186 ) ) REPRESENTATION_CONTEXT ( 'NONE', 'WORKASPACE' ) );
#2286 = CARTESIAN_POINT ( 'NONE',  ( -14.45126576743102700, 17.83872059344999200, -4.932682791347205300 ) ) ;
#2287 = EDGE_CURVE ( 'NONE', #5260, #3223, #5605, .T. ) ;
#2288 = CARTESIAN_POINT ( 'NONE',  ( -3.000000000000002700, 16.35549038165106900, 9.669432991428031700 ) ) ;
#2289 = ADVANCED_FACE ( 'NONE', ( #2267 ), #3644, .T. ) ;
#2290 = CARTESIAN_POINT ( 'NONE',  ( -14.75168524824511400, 17.98446001642807000, -4.378137543526023000 ) ) ;
#2291 = CARTESIAN_POINT ( 'NONE',  ( -0.6470537029834092500, -15.04999999999988900, 30.09999999999998700 ) ) ;
#2292 = AXIS2_PLACEMENT_3D ( 'NONE', #3331, #647, #3729 ) ;
#2293 =( LENGTH_UNIT ( ) NAMED_UNIT ( * ) SI_UNIT ( .MILLI., .METRE. ) );
#2294 = STYLED_ITEM ( 'NONE', ( #4138 ), #1568 ) ;
#2295 = LINE ( 'NONE', #4778, #2133 ) ;
#2296 = DIRECTION ( 'NONE',  ( 0.0000000000000000000, -0.7313537016174400700, -0.6819983600643541000 ) ) ;
#2297 = DIRECTION ( 'NONE',  ( 0.0000000000000000000, 0.0000000000000000000, -1.000000000000000000 ) ) ;
#2298 = ADVANCED_FACE ( 'NONE', ( #5197 ), #1706, .T. ) ;
#2299 = CARTESIAN_POINT ( 'NONE',  ( -15.12229228395869600, 18.16864055490970400, -3.498603006147366300 ) ) ;
#2300 = CARTESIAN_POINT ( 'NONE',  ( -15.23238353578355100, 18.22429370421847100, -3.197418443042085100 ) ) ;
#2301 = SURFACE_STYLE_FILL_AREA ( #5627 ) ;
#2302 = STYLED_ITEM ( 'NONE', ( #3771 ), #1794 ) ;
#2303 = ADVANCED_FACE ( 'NONE', ( #4810 ), #4676, .T. ) ;
#2304 = CARTESIAN_POINT ( 'NONE',  ( -15.50500557193151100, 18.36401049410469000, -2.261556476223721500 ) ) ;
#2305 = COLOUR_RGB ( '',1.000000000000000000, 1.000000000000000000, 0.9490196078431372100 ) ;
#2306 = DIRECTION ( 'NONE',  ( -0.0000000000000000000, -0.0000000000000000000, -1.000000000000000000 ) ) ;
#2307 = DIRECTION ( 'NONE',  ( 0.0000000000000000000, 0.0000000000000000000, -1.000000000000000000 ) ) ;
#2308 = EDGE_CURVE ( 'NONE', #109, #3030, #2176, .T. ) ;
#2309 = VECTOR ( 'NONE', #229, 1000.000000000000000 ) ;
#2310 = STYLED_ITEM ( 'NONE', ( #4568 ), #2081 ) ;
#2311 = CARTESIAN_POINT ( 'NONE',  ( -15.69818044101115400, 18.46448972722953000, -1.310990314221654400 ) ) ;
#2312 = DIRECTION ( 'NONE',  ( 0.0000000000000000000, -1.000000000000000000, 0.0000000000000000000 ) ) ;
#2313 = SURFACE_STYLE_USAGE ( .BOTH. , #1482 ) ;
#2314 = FILL_AREA_STYLE ('',( #1968 ) ) ;
#2315 = FILL_AREA_STYLE ('',( #5428 ) ) ;
#2316 = SURFACE_STYLE_USAGE ( .BOTH. , #2369 ) ;
#2317 =( NAMED_UNIT ( * ) SI_UNIT ( $, .STERADIAN. ) SOLID_ANGLE_UNIT ( ) );
#2318 = CIRCLE ( 'NONE', #4627, 17.20000000032929300 ) ;
#2319 = PRESENTATION_STYLE_ASSIGNMENT (( #5465 ) ) ;
#2320 = CARTESIAN_POINT ( 'NONE',  ( -3.100907681240641600E-014, 15.94956969468690600, 3.906517894875036400E-015 ) ) ;
#2321 = DIRECTION ( 'NONE',  ( 0.0000000000000000000, 1.000000000000000000, 0.0000000000000000000 ) ) ;
#2322 = CARTESIAN_POINT ( 'NONE',  ( -15.76392931419898600, 18.49943485205466600, -0.6681451171605020700 ) ) ;
#2323 = ADVANCED_FACE ( 'NONE', ( #4420 ), #3909, .F. ) ;
#2324 = STYLED_ITEM ( 'NONE', ( #4610 ), #2347 ) ;
#2325 = SURFACE_STYLE_FILL_AREA ( #1028 ) ;
#2326 = CARTESIAN_POINT ( 'NONE',  ( -12.24999999999962200, 40.00000000000019200, 8.300000000000000700 ) ) ;
#2327 = EDGE_CURVE ( 'NONE', #2334, #5404, #2993, .T. ) ;
#2328 = VECTOR ( 'NONE', #1840, 1000.000000000000000 ) ;
#2329 = CARTESIAN_POINT ( 'NONE',  ( -3.500000000000003100, 28.49999999999999600, -14.00000000000000000 ) ) ;
#2330 = CARTESIAN_POINT ( 'NONE',  ( -15.76551608229626700, 18.50027240750180400, 0.3103188424472347900 ) ) ;
#2331 = DIRECTION ( 'NONE',  ( 1.000000000000000000, -0.0000000000000000000, 0.0000000000000000000 ) ) ;
#2332 = ADVANCED_FACE ( 'NONE', ( #1608 ), #5602, .T. ) ;
#2333 = VECTOR ( 'NONE', #1557, 1000.000000000000000 ) ;
#2334 = VERTEX_POINT ( 'NONE', #826 ) ;
#2335 = EDGE_LOOP ( 'NONE', ( #5531, #496 ) ) ;
#2336 = AXIS2_PLACEMENT_3D ( 'NONE', #1827, #4802, #2312 ) ;
#2337 = FILL_AREA_STYLE ('',( #5276 ) ) ;
#2338 = LINE ( 'NONE', #4430, #2027 ) ;
#2339 = STYLED_ITEM ( 'NONE', ( #3781 ), #1439 ) ;
#2340 = EDGE_LOOP ( 'NONE', ( #4514, #4413, #3135, #2193 ) ) ;
#2341 = CARTESIAN_POINT ( 'NONE',  ( -15.74942128436964600, 18.49176130997784600, 0.6407825572526811800 ) ) ;
#2342 = CARTESIAN_POINT ( 'NONE',  ( -0.6470537029834091400, -15.04999999999988700, -1.843093432716891300E-015 ) ) ;
#2343 = DIRECTION ( 'NONE',  ( -1.000000000000000000, 0.0000000000000000000, -2.891205793294679300E-016 ) ) ;
#2344 = VERTEX_POINT ( 'NONE', #3299 ) ;
#2345 = FILL_AREA_STYLE_COLOUR ( '', #1124 ) ;
#2346 = ORIENTED_EDGE ( 'NONE', *, *, #2508, .F. ) ;
#2347 = ADVANCED_FACE ( 'NONE', ( #2426 ), #4096, .F. ) ;
#2348 = FILL_AREA_STYLE_COLOUR ( '', #3263 ) ;
#2349 =( LENGTH_UNIT ( ) NAMED_UNIT ( * ) SI_UNIT ( .MILLI., .METRE. ) );
#2350 = AXIS2_PLACEMENT_3D ( 'NONE', #868, #853, #522 ) ;
#2351 = CARTESIAN_POINT ( 'NONE',  ( -28.00000000000000700, 22.50000000000000400, 2.000000000000001300 ) ) ;
#2352 = VERTEX_POINT ( 'NONE', #429 ) ;
#2353 = CARTESIAN_POINT ( 'NONE',  ( -15.68484856943329000, 18.45779815627876600, 1.290552537847736500 ) ) ;
#2354 = CARTESIAN_POINT ( 'NONE',  ( -15.63656795969684800, 18.43245102031643900, 1.611251609323431500 ) ) ;
#2355 =( BOUNDED_SURFACE ( )  B_SPLINE_SURFACE ( 3, 3, ( 
 ( #1112, #1219, #1213, #1243 ),
 ( #1232, #1248, #1245, #1265 ),
 ( #1254, #1319, #1275, #1271 ),
 ( #1281, #1280, #1321, #1311 ) ),
 .UNSPECIFIED., .F., .F., .F. ) 
 B_SPLINE_SURFACE_WITH_KNOTS ( ( 4, 4 ),
 ( 4, 4 ),
 ( 0.1182176777965756500, 0.8817823222053644500 ),
 ( 0.0000000000000000000, 1.000000000000000000 ),
 .UNSPECIFIED. ) 
 GEOMETRIC_REPRESENTATION_ITEM ( )  RATIONAL_B_SPLINE_SURFACE ( (
 ( 0.9051945244723395000, 0.7284442991889953400, 0.7284442991889953400, 0.9051945244723395000),
 ( 0.7284442991885352600, 0.5862067021781086600, 0.5862067021781086600, 0.7284442991885352600),
 ( 0.7284442991889843500, 0.5862067021784700400, 0.5862067021784700400, 0.7284442991889843500),
 ( 0.9051945244736868700, 0.7284442991900795800, 0.7284442991900795800, 0.9051945244736868700) ) ) 
 REPRESENTATION_ITEM ( '' )  SURFACE ( )  );
#2356 = CARTESIAN_POINT ( 'NONE',  ( -50.00000000000000000, 1.163414459189985500E-015, -9.500000000000000000 ) ) ;
#2357 = VERTEX_POINT ( 'NONE', #2974 ) ;
#2358 = SURFACE_STYLE_USAGE ( .BOTH. , #4906 ) ;
#2359 = DIRECTION ( 'NONE',  ( -1.000000000000000000, -0.0000000000000000000, -0.0000000000000000000 ) ) ;
#2360 = CARTESIAN_POINT ( 'NONE',  ( -16.50000000000000000, 34.39565275539999300, 9.604347244601999700 ) ) ;
#2361 = STYLED_ITEM ( 'NONE', ( #2824 ), #1987 ) ;
#2362 = ADVANCED_FACE ( 'NONE', ( #3053 ), #1161, .T. ) ;
#2363 = ORIENTED_EDGE ( 'NONE', *, *, #4363, .F. ) ;
#2364 = CARTESIAN_POINT ( 'NONE',  ( -15.50901476409336000, 18.36608750818349400, 2.244596178972425400 ) ) ;
#2365 = COLOUR_RGB ( '',0.0000000000000000000, 0.0000000000000000000, 0.0000000000000000000 ) ;
#2366 = DIRECTION ( 'NONE',  ( 0.0000000000000000000, -1.000000000000000000, 0.0000000000000000000 ) ) ;
#2367 = VERTEX_POINT ( 'NONE', #2601 ) ;
#2368 = EDGE_CURVE ( 'NONE', #897, #3906, #1963, .T. ) ;
#2369 = SURFACE_SIDE_STYLE ('',( #4486 ) ) ;
#2370 = PRESENTATION_LAYER_ASSIGNMENT (  '', '', ( #1722 ) ) ;
#2371 = ORIENTED_EDGE ( 'NONE', *, *, #2846, .F. ) ;
#2372 = ADVANCED_FACE ( 'NONE', ( #4796 ), #5069, .T. ) ;
#2373 = FILL_AREA_STYLE ('',( #1876 ) ) ;
#2374 = CARTESIAN_POINT ( 'NONE',  ( -3.566760759231735200, 29.00000000000000400, -14.25174807664866700 ) ) ;
#2375 = FACE_OUTER_BOUND ( 'NONE', #903, .T. ) ;
#2376 = CARTESIAN_POINT ( 'NONE',  ( -15.42974015125868400, 18.32506853787454700, 2.557240983636767300 ) ) ;
#2377 =( LENGTH_UNIT ( ) NAMED_UNIT ( * ) SI_UNIT ( .MILLI., .METRE. ) );
#2378 = ORIENTED_EDGE ( 'NONE', *, *, #1127, .F. ) ;
#2379 = STYLED_ITEM ( 'NONE', ( #3727 ), #2562 ) ;
#2380 = SURFACE_STYLE_FILL_AREA ( #999 ) ;
#2381 = ADVANCED_FACE ( 'NONE', ( #4410 ), #2554, .F. ) ;
#2382 = CARTESIAN_POINT ( 'NONE',  ( -15.24021357007067600, 18.22826608369698000, 3.174576184017853900 ) ) ;
#2383 = EDGE_CURVE ( 'NONE', #169, #1805, #4987, .T. ) ;
#2384 = DIRECTION ( 'NONE',  ( 0.0000000000000000000, -0.7313537016192749300, -0.6819983600623864600 ) ) ;
#2385 =( NAMED_UNIT ( * ) SI_UNIT ( $, .STERADIAN. ) SOLID_ANGLE_UNIT ( ) );
#2386 = UNCERTAINTY_MEASURE_WITH_UNIT (LENGTH_MEASURE( 1.000000000000000100E-005 ), #926, 'distance_accuracy_value', 'NONE');
#2387 = CARTESIAN_POINT ( 'NONE',  ( -15.12923186226119700, 18.17212225998150600, 3.480739799899689000 ) ) ;
#2388 = DIRECTION ( 'NONE',  ( 0.0000000000000000000, -1.000000000000000000, 0.0000000000000000000 ) ) ;
#2389 = PRESENTATION_STYLE_ASSIGNMENT (( #3791 ) ) ;
#2390 = UNCERTAINTY_MEASURE_WITH_UNIT (LENGTH_MEASURE( 1.000000000000000100E-005 ), #1488, 'distance_accuracy_value', 'NONE');
#2391 = CARTESIAN_POINT ( 'NONE',  ( -14.75646984956545900, 17.98677434598850100, 4.369468683006462400 ) ) ;
#2392 = CARTESIAN_POINT ( 'NONE',  ( -14.45475043706659900, 17.84037609198463400, 4.926734128277342300 ) ) ;
#2393 =( NAMED_UNIT ( * ) PLANE_ANGLE_UNIT ( ) SI_UNIT ( $, .RADIAN. ) );
#2394 = ORIENTED_EDGE ( 'NONE', *, *, #2152, .F. ) ;
#2395 = EDGE_CURVE ( 'NONE', #2244, #4361, #2985, .T. ) ;
#2396 = PRESENTATION_LAYER_ASSIGNMENT (  '', '', ( #2058 ) ) ;
#2397 = CARTESIAN_POINT ( 'NONE',  ( -13.92492461862615400, 17.59757270189561900, 5.714093722546531100 ) ) ;
#2398 = CARTESIAN_POINT ( 'NONE',  ( -23.75000000000000000, 34.49999999999998600, 8.299999999999998900 ) ) ;
#2399 = VECTOR ( 'NONE', #4832, 1000.000000000000000 ) ;
#2400 = ADVANCED_FACE ( 'NONE', ( #3902 ), #1816, .F. ) ;
#2401 = EDGE_CURVE ( 'NONE', #5101, #182, #2417, .T. ) ;
#2402 = FILL_AREA_STYLE_COLOUR ( '', #2041 ) ;
#2403 = PRESENTATION_LAYER_ASSIGNMENT (  '', '', ( #1759 ) ) ;
#2404 = LINE ( 'NONE', #4129, #1144 ) ;
#2405 = CARTESIAN_POINT ( 'NONE',  ( -13.73431346513402000, 17.51232769795505500, 5.969518124871728800 ) ) ;
#2406 = DIRECTION ( 'NONE',  ( 1.000000000000000000, 0.0000000000000000000, 1.734723475976807100E-015 ) ) ;
#2407 = ADVANCED_FACE ( 'NONE', ( #4602 ), #3915, .F. ) ;
#2408 = FACE_OUTER_BOUND ( 'NONE', #2551, .T. ) ;
#2409 = LINE ( 'NONE', #2724, #5177 ) ;
#2410 = FILL_AREA_STYLE_COLOUR ( '', #5516 ) ;
#2411 = LINE ( 'NONE', #4095, #4475 ) ;
#2412 = CARTESIAN_POINT ( 'NONE',  ( 0.0000000000000000000, 14.09108147143905800, -9.863134540564601600 ) ) ;
#2413 = CARTESIAN_POINT ( 'NONE',  ( -13.33287246252064900, 17.33877259713627300, 6.456294050655677600 ) ) ;
#2414 = STYLED_ITEM ( 'NONE', ( #4087 ), #2443 ) ;
#2415 = CARTESIAN_POINT ( 'NONE',  ( -13.12190674333870700, 17.25037214731458600, 6.688149852764196300 ) ) ;
#2416 = EDGE_CURVE ( 'NONE', #4168, #416, #751, .T. ) ;
#2417 = CIRCLE ( 'NONE', #5285, 19.00000000000000000 ) ;
#2418 = SURFACE_STYLE_FILL_AREA ( #5506 ) ;
#2419 = EDGE_LOOP ( 'NONE', ( #414, #1621, #3925, #5012 ) ) ;
#2420 = LINE ( 'NONE', #1926, #4347 ) ;
#2421 = CARTESIAN_POINT ( 'NONE',  ( -12.45852123234794800, 16.98361874715821100, 7.350744516488327400 ) ) ;
#2422 = FILL_AREA_STYLE ('',( #3547 ) ) ;
#2423 = COLOUR_RGB ( '',0.7764705882352941300, 0.7568627450980391900, 0.7372549019607843600 ) ;
#2424 = DIRECTION ( 'NONE',  ( 0.0000000000000000000, -1.000000000000000000, 1.776356839400250500E-015 ) ) ;
#2425 =( NAMED_UNIT ( * ) PLANE_ANGLE_UNIT ( ) SI_UNIT ( $, .RADIAN. ) );
#2426 = FACE_OUTER_BOUND ( 'NONE', #2499, .T. ) ;
#2427 =( LENGTH_UNIT ( ) NAMED_UNIT ( * ) SI_UNIT ( .MILLI., .METRE. ) );
#2428 = AXIS2_PLACEMENT_3D ( 'NONE', #2532, #5400, #2973 ) ;
#2429 = CARTESIAN_POINT ( 'NONE',  ( -32.84885876800949900, 12.22835664804294000, 14.54267126374074500 ) ) ;
#2430 = ORIENTED_EDGE ( 'NONE', *, *, #1764, .F. ) ;
#2431 = STYLED_ITEM ( 'NONE', ( #876 ), #1537 ) ;
#2432 = PLANE ( 'NONE',  #1617 ) ;
#2433 = SURFACE_STYLE_FILL_AREA ( #5008 ) ;
#2434 = FILL_AREA_STYLE_COLOUR ( '', #5055 ) ;
#2435 = VECTOR ( 'NONE', #3579, 1000.000000000000000 ) ;
#2436 = CARTESIAN_POINT ( 'NONE',  ( -3.829089958896500600, 11.66190378965531600, -15.00000000002742700 ) ) ;
#2437 = ORIENTED_EDGE ( 'NONE', *, *, #3841, .F. ) ;
#2438 = FACE_OUTER_BOUND ( 'NONE', #3276, .T. ) ;
#2439 =( GEOMETRIC_REPRESENTATION_CONTEXT ( 3 ) GLOBAL_UNCERTAINTY_ASSIGNED_CONTEXT ( ( #5413 ) ) GLOBAL_UNIT_ASSIGNED_CONTEXT ( ( #3312, #2635, #5341 ) ) REPRESENTATION_CONTEXT ( 'NONE', 'WORKASPACE' ) );
#2440 = CARTESIAN_POINT ( 'NONE',  ( -28.00000000000000400, 16.73320053068081500, 9.000000000000072800 ) ) ;
#2441 = CARTESIAN_POINT ( 'NONE',  ( -11.97579285787521100, 16.80349374814589000, 7.749047653991015100 ) ) ;
#2442 = ORIENTED_EDGE ( 'NONE', *, *, #2540, .F. ) ;
#2443 = ADVANCED_FACE ( 'NONE', ( #1956 ), #2643, .T. ) ;
#2444 =( LENGTH_UNIT ( ) NAMED_UNIT ( * ) SI_UNIT ( .MILLI., .METRE. ) );
#2445 = EDGE_CURVE ( 'NONE', #1489, #3413, #4519, .T. ) ;
#2446 = EDGE_LOOP ( 'NONE', ( #2739, #4883, #410, #2873 ) ) ;
#2447 = SURFACE_STYLE_USAGE ( .BOTH. , #2467 ) ;
#2448 = SURFACE_SIDE_STYLE ('',( #2084 ) ) ;
#2449 = SURFACE_STYLE_USAGE ( .BOTH. , #2575 ) ;
#2450 = PLANE ( 'NONE',  #3407 ) ;
#2451 = CARTESIAN_POINT ( 'NONE',  ( -10.92272661425332300, 16.45844886927147500, 8.457221914161769000 ) ) ;
#2452 = CARTESIAN_POINT ( 'NONE',  ( -33.00000000000000000, 22.50000000000000400, -2.000000000000000000 ) ) ;
#2453 = FACE_OUTER_BOUND ( 'NONE', #4569, .T. ) ;
#2454 = DIRECTION ( 'NONE',  ( 0.0000000000000000000, -0.6819983600643542100, 0.7313537016174401800 ) ) ;
#2455 = CARTESIAN_POINT ( 'NONE',  ( -23.75000000000000000, 28.77999999999999800, -8.631999999999999700 ) ) ;
#2456 = DIRECTION ( 'NONE',  ( 0.0000000000000000000, 0.0000000000000000000, 1.000000000000000000 ) ) ;
#2457 = CARTESIAN_POINT ( 'NONE',  ( -10.36870144079990300, 16.29904604273099300, 8.756135107396005400 ) ) ;
#2458 = LINE ( 'NONE', #1336, #4636 ) ;
#2459 = FILL_AREA_STYLE ('',( #5089 ) ) ;
#2460 = PRODUCT_DEFINITION_SHAPE ( 'NONE', 'NONE',  #22 ) ;
#2461 = AXIS2_PLACEMENT_3D ( 'NONE', #5147, #2731, #5583 ) ;
#2462 = CARTESIAN_POINT ( 'NONE',  ( -9.493953742166237200, 16.09416451414772500, 9.124010607844420300 ) ) ;
#2463 = AXIS2_PLACEMENT_3D ( 'NONE', #4826, #4814, #4761 ) ;
#2464 = UNCERTAINTY_MEASURE_WITH_UNIT (LENGTH_MEASURE( 1.000000000000000100E-005 ), #3472, 'distance_accuracy_value', 'NONE');
#2465 = PRESENTATION_STYLE_ASSIGNMENT (( #5090 ) ) ;
#2466 = DIRECTION ( 'NONE',  ( -0.0000000000000000000, 1.000000000000000000, -0.0000000000000000000 ) ) ;
#2467 = SURFACE_SIDE_STYLE ('',( #621 ) ) ;
#2468 = ORIENTED_EDGE ( 'NONE', *, *, #4510, .F. ) ;
#2469 = ADVANCED_FACE ( 'NONE', ( #4791 ), #960, .T. ) ;
#2470 = CARTESIAN_POINT ( 'NONE',  ( -19.60434724460000300, 37.86315719562000500, -8.228835350303999300 ) ) ;
#2471 =( NAMED_UNIT ( * ) SI_UNIT ( $, .STERADIAN. ) SOLID_ANGLE_UNIT ( ) );
#2472 = FILL_AREA_STYLE_COLOUR ( '', #2423 ) ;
#2473 = CARTESIAN_POINT ( 'NONE',  ( -9.195030275228985400, 16.03159132071172600, 9.233102542275519300 ) ) ;
#2474 = UNCERTAINTY_MEASURE_WITH_UNIT (LENGTH_MEASURE( 1.000000000000000100E-005 ), #4386, 'distance_accuracy_value', 'NONE');
#2475 = ADVANCED_FACE ( 'NONE', ( #4404 ), #4803, .T. ) ;
#2476 = EDGE_LOOP ( 'NONE', ( #5562, #1552, #1484, #1196 ) ) ;
#2477 = LINE ( 'NONE', #3006, #4524 ) ;
#2478 = COLOUR_RGB ( '',1.000000000000000000, 1.000000000000000000, 0.9490196078431372100 ) ;
#2479 =( NAMED_UNIT ( * ) PLANE_ANGLE_UNIT ( ) SI_UNIT ( $, .RADIAN. ) );
#2480 = FILL_AREA_STYLE_COLOUR ( '', #5477 ) ;
#2481 = CARTESIAN_POINT ( 'NONE',  ( -12.24999999999999600, 34.49999999999998600, 8.299999999999998900 ) ) ;
#2482 = CARTESIAN_POINT ( 'NONE',  ( -8.264594520263667500, 15.87208032194656000, 9.504357408111120600 ) ) ;
#2483 = PLANE ( 'NONE',  #2697 ) ;
#2484 = ADVANCED_FACE ( 'NONE', ( #4023 ), #1206, .F. ) ;
#2485 = VECTOR ( 'NONE', #2160, 1000.000000000000000 ) ;
#2486 =( GEOMETRIC_REPRESENTATION_CONTEXT ( 3 ) GLOBAL_UNCERTAINTY_ASSIGNED_CONTEXT ( ( #4874 ) ) GLOBAL_UNIT_ASSIGNED_CONTEXT ( ( #2799, #2734, #3432 ) ) REPRESENTATION_CONTEXT ( 'NONE', 'WORKASPACE' ) );
#2487 = COLOUR_RGB ( '',0.0000000000000000000, 0.0000000000000000000, 0.0000000000000000000 ) ;
#2488 = CARTESIAN_POINT ( 'NONE',  ( -7.307569690250728600, 15.75447857326040700, 9.698936995075149200 ) ) ;
#2489 = CARTESIAN_POINT ( 'NONE',  ( -21.30000000000000100, 32.50000000000000000, 5.900000000000000400 ) ) ;
#2490 = CARTESIAN_POINT ( 'NONE',  ( -23.38000000000000300, 15.89838432353797900, 9.669432991428005100 ) ) ;
#2491 = CIRCLE ( 'NONE', #5007, 11.89999999999999300 ) ;
#2492 = FACE_OUTER_BOUND ( 'NONE', #4315, .T. ) ;
#2493 = EDGE_CURVE ( 'NONE', #5139, #1533, #4598, .T. ) ;
#2494 = DIRECTION ( 'NONE',  ( 0.0000000000000000000, 0.0000000000000000000, -1.000000000000000000 ) ) ;
#2495 = SURFACE_STYLE_USAGE ( .BOTH. , #730 ) ;
#2496 = CARTESIAN_POINT ( 'NONE',  ( -6.659253199351579300, 15.71288563568130800, 9.765000000000002300 ) ) ;
#2497 = DIRECTION ( 'NONE',  ( -1.000000000000000000, -2.297646988048755200E-015, -0.0000000000000000000 ) ) ;
#2498 = VECTOR ( 'NONE', #1069, 1000.000000000000000 ) ;
#2499 = EDGE_LOOP ( 'NONE', ( #3130, #3607, #969, #2030 ) ) ;
#2500 = VECTOR ( 'NONE', #2797, 1000.000000000000000 ) ;
#2501 = ADVANCED_FACE ( 'NONE', ( #2408 ), #3616, .T. ) ;
#2502 =( NAMED_UNIT ( * ) SI_UNIT ( $, .STERADIAN. ) SOLID_ANGLE_UNIT ( ) );
#2503 = CARTESIAN_POINT ( 'NONE',  ( -32.29289321875103300, 29.00000000000001100, -14.50000000006888200 ) ) ;
#2504 = COLOUR_RGB ( '',0.0000000000000000000, 0.0000000000000000000, 0.0000000000000000000 ) ;
#2505 = ORIENTED_EDGE ( 'NONE', *, *, #1382, .F. ) ;
#2506 = CARTESIAN_POINT ( 'NONE',  ( -5.999999999999998200, 15.71288563568131600, 9.764999999999998800 ) ) ;
#2507 = ORIENTED_EDGE ( 'NONE', *, *, #2245, .T. ) ;
#2508 = EDGE_CURVE ( 'NONE', #588, #3558, #4207, .T. ) ;
#2509 = ADVANCED_FACE ( 'NONE', ( #5176 ), #4428, .F. ) ;
#2510 = ORIENTED_EDGE ( 'NONE', *, *, #4960, .F. ) ;
#2511 = DIRECTION ( 'NONE',  ( -0.0000000000000000000, -0.0000000000000000000, -1.000000000000000000 ) ) ;
#2512 = FILL_AREA_STYLE ('',( #2434 ) ) ;
#2513 = SURFACE_STYLE_USAGE ( .BOTH. , #2614 ) ;
#2514 = SURFACE_STYLE_USAGE ( .BOTH. , #2448 ) ;
#2515 = FILL_AREA_STYLE ('',( #5017 ) ) ;
#2516 = PRODUCT_RELATED_PRODUCT_CATEGORY ( 'part', '', ( #4485 ) ) ;
#2517 =( NAMED_UNIT ( * ) PLANE_ANGLE_UNIT ( ) SI_UNIT ( $, .RADIAN. ) );
#2518 = MECHANICAL_DESIGN_GEOMETRIC_PRESENTATION_REPRESENTATION (  '', ( #1850 ), #2823 ) ;
#2519 = EDGE_LOOP ( 'NONE', ( #693, #4160, #5265, #3243 ) ) ;
#2520 = DIRECTION ( 'NONE',  ( 0.0000000000000000000, 1.000000000000000000, 0.0000000000000000000 ) ) ;
#2521 = ADVANCED_FACE ( 'NONE', ( #2787 ), #4864, .F. ) ;
#2522 = SURFACE_STYLE_USAGE ( .BOTH. , #694 ) ;
#2523 = CARTESIAN_POINT ( 'NONE',  ( -28.00000000000000400, 16.73320053068120600, -9.000000000000236300 ) ) ;
#2524 = VERTEX_POINT ( 'NONE', #1900 ) ;
#2525 = ORIENTED_EDGE ( 'NONE', *, *, #1272, .T. ) ;
#2526 = SURFACE_STYLE_USAGE ( .BOTH. , #4967 ) ;
#2527 = MECHANICAL_DESIGN_GEOMETRIC_PRESENTATION_REPRESENTATION (  '', ( #1563 ), #2830 ) ;
#2528 = CARTESIAN_POINT ( 'NONE',  ( -17.60000000000000500, 36.49999999999999300, -1.250000000000000000 ) ) ;
#2529 = UNCERTAINTY_MEASURE_WITH_UNIT (LENGTH_MEASURE( 1.000000000000000100E-005 ), #5473, 'distance_accuracy_value', 'NONE');
#2530 = VERTEX_POINT ( 'NONE', #4885 ) ;
#2531 = EDGE_CURVE ( 'NONE', #509, #945, #1081, .T. ) ;
#2532 = CARTESIAN_POINT ( 'NONE',  ( -3.000000000000002700, 0.0000000000000000000, 0.0000000000000000000 ) ) ;
#2533 = CARTESIAN_POINT ( 'NONE',  ( -18.00000000000000400, 34.50000000000000000, 9.500000000000000000 ) ) ;
#2534 = ADVANCED_FACE ( 'NONE', ( #4397 ), #1725, .T. ) ;
#2535 = AXIS2_PLACEMENT_3D ( 'NONE', #3092, #2999, #2768 ) ;
#2536 = CARTESIAN_POINT ( 'NONE',  ( -27.89565275540000400, 22.61533598939000500, -9.000000000000001800 ) ) ;
#2537 = ADVANCED_FACE ( 'NONE', ( #5112 ), #3301, .T. ) ;
#2538 =( GEOMETRIC_REPRESENTATION_CONTEXT ( 3 ) GLOBAL_UNCERTAINTY_ASSIGNED_CONTEXT ( ( #1175 ) ) GLOBAL_UNIT_ASSIGNED_CONTEXT ( ( #2377, #1985, #1817 ) ) REPRESENTATION_CONTEXT ( 'NONE', 'WORKASPACE' ) );
#2539 = FACE_OUTER_BOUND ( 'NONE', #2476, .T. ) ;
#2540 = EDGE_CURVE ( 'NONE', #297, #2729, #1295, .T. ) ;
#2541 = CARTESIAN_POINT ( 'NONE',  ( -50.00000000000000000, 0.0000000000000000000, 0.0000000000000000000 ) ) ;
#2542 =( NAMED_UNIT ( * ) SI_UNIT ( $, .STERADIAN. ) SOLID_ANGLE_UNIT ( ) );
#2543 = SURFACE_SIDE_STYLE ('',( #4512 ) ) ;
#2544 = UNCERTAINTY_MEASURE_WITH_UNIT (LENGTH_MEASURE( 1.000000000000000100E-005 ), #4482, 'distance_accuracy_value', 'NONE');
#2545 = ADVANCED_FACE ( 'NONE', ( #4719 ), #180, .F. ) ;
#2546 = AXIS2_PLACEMENT_3D ( 'NONE', #1591, #4584, #2054 ) ;
#2547 = STYLED_ITEM ( 'NONE', ( #2319 ), #1483 ) ;
#2548 = ORIENTED_EDGE ( 'NONE', *, *, #4305, .T. ) ;
#2549 = DIRECTION ( 'NONE',  ( 1.000000000000000000, -0.0000000000000000000, -0.0000000000000000000 ) ) ;
#2550 = CARTESIAN_POINT ( 'NONE',  ( -46.50000000000000000, 1.169537693185722200E-015, -9.549999999999995400 ) ) ;
#2551 = EDGE_LOOP ( 'NONE', ( #1415, #5338, #1495, #129 ) ) ;
#2552 = COLOUR_RGB ( '',0.0000000000000000000, 0.0000000000000000000, 0.0000000000000000000 ) ;
#2553 = ORIENTED_EDGE ( 'NONE', *, *, #4720, .F. ) ;
#2554 =( BOUNDED_SURFACE ( )  B_SPLINE_SURFACE ( 3, 3, ( 
 ( #3441, #1697, #1629, #1551 ),
 ( #1123, #1006, #934, #867 ),
 ( #651, #577, #486, #463 ),
 ( #170, #35, #1745, #4783 ) ),
 .UNSPECIFIED., .F., .F., .F. ) 
 B_SPLINE_SURFACE_WITH_KNOTS ( ( 4, 4 ),
 ( 4, 4 ),
 ( 0.1182176777962312000, 0.8817823222034203400 ),
 ( 0.0000000000000000000, 1.000000000000000000 ),
 .UNSPECIFIED. ) 
 GEOMETRIC_REPRESENTATION_ITEM ( )  RATIONAL_B_SPLINE_SURFACE ( (
 ( 0.9051945244725776400, 0.7284442991896722400, 0.7284442991896722400, 0.9051945244725776400),
 ( 0.7284442991889821300, 0.5862067021788588400, 0.5862067021788588400, 0.7284442991889821300),
 ( 0.7284442991889016300, 0.5862067021787940000, 0.5862067021787940000, 0.7284442991889016300),
 ( 0.9051945244723356200, 0.7284442991894775100, 0.7284442991894775100, 0.9051945244723356200) ) ) 
 REPRESENTATION_ITEM ( '' )  SURFACE ( )  );
#2555 = SURFACE_STYLE_USAGE ( .BOTH. , #2909 ) ;
#2556 = ORIENTED_EDGE ( 'NONE', *, *, #1544, .F. ) ;
#2557 = VECTOR ( 'NONE', #1812, 1000.000000000000000 ) ;
#2558 = DIRECTION ( 'NONE',  ( -0.0000000000000000000, 1.000000000000000000, -0.0000000000000000000 ) ) ;
#2559 =( GEOMETRIC_REPRESENTATION_CONTEXT ( 3 ) GLOBAL_UNCERTAINTY_ASSIGNED_CONTEXT ( ( #1884 ) ) GLOBAL_UNIT_ASSIGNED_CONTEXT ( ( #1530, #1496, #1085 ) ) REPRESENTATION_CONTEXT ( 'NONE', 'WORKASPACE' ) );
#2560 = SURFACE_STYLE_FILL_AREA ( #1517 ) ;
#2561 =( LENGTH_UNIT ( ) NAMED_UNIT ( * ) SI_UNIT ( .MILLI., .METRE. ) );
#2562 = ADVANCED_FACE ( 'NONE', ( #4798 ), #3330, .T. ) ;
#2563 = CIRCLE ( 'NONE', #1772, 11.60000000000000000 ) ;
#2564 = DIRECTION ( 'NONE',  ( 0.0000000000000000000, 0.0000000000000000000, -1.000000000000000000 ) ) ;
#2565 = ORIENTED_EDGE ( 'NONE', *, *, #4740, .F. ) ;
#2566 = PRESENTATION_STYLE_ASSIGNMENT (( #4830 ) ) ;
#2567 = EDGE_CURVE ( 'NONE', #494, #922, #971, .T. ) ;
#2568 =( GEOMETRIC_REPRESENTATION_CONTEXT ( 3 ) GLOBAL_UNCERTAINTY_ASSIGNED_CONTEXT ( ( #3763 ) ) GLOBAL_UNIT_ASSIGNED_CONTEXT ( ( #3372, #3158, #3139 ) ) REPRESENTATION_CONTEXT ( 'NONE', 'WORKASPACE' ) );
#2569 = LINE ( 'NONE', #1221, #3788 ) ;
#2570 = VECTOR ( 'NONE', #4395, 1000.000000000000200 ) ;
#2571 = ADVANCED_FACE ( 'NONE', ( #2170 ), #1601, .T. ) ;
#2572 = FILL_AREA_STYLE ('',( #5215 ) ) ;
#2573 = SURFACE_SIDE_STYLE ('',( #3058 ) ) ;
#2574 =( LENGTH_UNIT ( ) NAMED_UNIT ( * ) SI_UNIT ( .MILLI., .METRE. ) );
#2575 = SURFACE_SIDE_STYLE ('',( #3178 ) ) ;
#2576 =( LENGTH_UNIT ( ) NAMED_UNIT ( * ) SI_UNIT ( .MILLI., .METRE. ) );
#2577 = VERTEX_POINT ( 'NONE', #1185 ) ;
#2578 = LINE ( 'NONE', #5511, #111 ) ;
#2579 =( GEOMETRIC_REPRESENTATION_CONTEXT ( 3 ) GLOBAL_UNCERTAINTY_ASSIGNED_CONTEXT ( ( #764 ) ) GLOBAL_UNIT_ASSIGNED_CONTEXT ( ( #5345, #622, #602 ) ) REPRESENTATION_CONTEXT ( 'NONE', 'WORKASPACE' ) );
#2580 = ADVANCED_FACE ( 'NONE', ( #395 ), #1661, .T. ) ;
#2581 = CARTESIAN_POINT ( 'NONE',  ( -2.970736319593319000E-014, 15.94956969468690600, -1.249941288410261100E-028 ) ) ;
#2582 = ORIENTED_EDGE ( 'NONE', *, *, #671, .F. ) ;
#2583 = UNCERTAINTY_MEASURE_WITH_UNIT (LENGTH_MEASURE( 1.000000000000000100E-005 ), #4307, 'distance_accuracy_value', 'NONE');
#2584 = SURFACE_STYLE_USAGE ( .BOTH. , #3004 ) ;
#2585 =( GEOMETRIC_REPRESENTATION_CONTEXT ( 3 ) GLOBAL_UNCERTAINTY_ASSIGNED_CONTEXT ( ( #2464 ) ) GLOBAL_UNIT_ASSIGNED_CONTEXT ( ( #3472, #790, #3861 ) ) REPRESENTATION_CONTEXT ( 'NONE', 'WORKASPACE' ) );
#2586 = ORIENTED_EDGE ( 'NONE', *, *, #3841, .T. ) ;
#2587 = CARTESIAN_POINT ( 'NONE',  ( -24.30643898530500400, 29.00000000000000400, 1.500000000000000000 ) ) ;
#2588 = EDGE_CURVE ( 'NONE', #1097, #3129, #4988, .T. ) ;
#2589 = UNCERTAINTY_MEASURE_WITH_UNIT (LENGTH_MEASURE( 1.000000000000000100E-005 ), #2561, 'distance_accuracy_value', 'NONE');
#2590 = CARTESIAN_POINT ( 'NONE',  ( -23.75000000000000000, 29.00000000000000400, -1.499999999999999600 ) ) ;
#2591 = ORIENTED_EDGE ( 'NONE', *, *, #5172, .F. ) ;
#2592 = CARTESIAN_POINT ( 'NONE',  ( -18.00000000000000400, 40.50000000000000000, -4.049999999999999800 ) ) ;
#2593 = ADVANCED_FACE ( 'NONE', ( #1156 ), #2649, .F. ) ;
#2594 = CARTESIAN_POINT ( 'NONE',  ( -15.23647764372216800, 16.70182633349567800, -3.185573471761229000 ) ) ;
#2595 = CARTESIAN_POINT ( 'NONE',  ( -25.25000000000000000, 29.00000000000000400, -1.499999999999999600 ) ) ;
#2596 = MECHANICAL_DESIGN_GEOMETRIC_PRESENTATION_REPRESENTATION (  '', ( #1633 ), #2900 ) ;
#2597 = DIRECTION ( 'NONE',  ( 1.000000000000000000, 0.0000000000000000000, 0.0000000000000000000 ) ) ;
#2598 = EDGE_LOOP ( 'NONE', ( #4877, #3912, #4997, #560, #2995 ) ) ;
#2599 = CARTESIAN_POINT ( 'NONE',  ( -46.50000000000000000, 0.0000000000000000000, 0.0000000000000000000 ) ) ;
#2600 = DIRECTION ( 'NONE',  ( 1.000000000000000000, -0.0000000000000000000, -0.0000000000000000000 ) ) ;
#2601 = CARTESIAN_POINT ( 'NONE',  ( -14.69999999999985900, 40.29999999999990500, -5.900000000000075000 ) ) ;
#2602 = COLOUR_RGB ( '',0.7764705882352941300, 0.7568627450980391900, 0.7372549019607843600 ) ;
#2603 = FILL_AREA_STYLE ('',( #3018 ) ) ;
#2604 = MECHANICAL_DESIGN_GEOMETRIC_PRESENTATION_REPRESENTATION (  '', ( #1326 ), #2905 ) ;
#2605 = DIRECTION ( 'NONE',  ( 0.0000000000000000000, -1.000000000000000000, 0.0000000000000000000 ) ) ;
#2606 = DIRECTION ( 'NONE',  ( 0.0000000000000000000, 0.0000000000000000000, -1.000000000000000000 ) ) ;
#2607 = CYLINDRICAL_SURFACE ( 'NONE', #389, 0.5000000000000004400 ) ;
#2608 = ADVANCED_FACE ( 'NONE', ( #1959 ), #2732, .T. ) ;
#2609 = CARTESIAN_POINT ( 'NONE',  ( -5.999999999999998200, 13.91563060015608100, 9.764999999999998800 ) ) ;
#2610 = DIRECTION ( 'NONE',  ( 0.0000000000000000000, -1.000000000000000000, 0.0000000000000000000 ) ) ;
#2611 = EDGE_CURVE ( 'NONE', #3674, #5268, #1609, .T. ) ;
#2612 = CARTESIAN_POINT ( 'NONE',  ( -19.50000000000000400, 34.50000000000000000, 8.299999999999998900 ) ) ;
#2613 = CARTESIAN_POINT ( 'NONE',  ( -50.00000000000000000, 2.179871302482289100E-015, 17.10000000000000100 ) ) ;
#2614 = SURFACE_SIDE_STYLE ('',( #2168 ) ) ;
#2615 =( GEOMETRIC_REPRESENTATION_CONTEXT ( 3 ) GLOBAL_UNCERTAINTY_ASSIGNED_CONTEXT ( ( #940 ) ) GLOBAL_UNIT_ASSIGNED_CONTEXT ( ( #878, #5374, #4818 ) ) REPRESENTATION_CONTEXT ( 'NONE', 'WORKASPACE' ) );
#2616 = FILL_AREA_STYLE ('',( #4619 ) ) ;
#2617 = CARTESIAN_POINT ( 'NONE',  ( 0.0000000000000000000, 0.0000000000000000000, 0.0000000000000000000 ) ) ;
#2618 = STYLED_ITEM ( 'NONE', ( #2566 ), #2501 ) ;
#2619 = ADVANCED_FACE ( 'NONE', ( #404 ), #3418, .T. ) ;
#2620 = EDGE_CURVE ( 'NONE', #355, #3522, #5460, .T. ) ;
#2621 = UNCERTAINTY_MEASURE_WITH_UNIT (LENGTH_MEASURE( 1.000000000000000100E-005 ), #1409, 'distance_accuracy_value', 'NONE');
#2622 = PRESENTATION_STYLE_ASSIGNMENT (( #4643 ) ) ;
#2623 = CARTESIAN_POINT ( 'NONE',  ( -32.50000000000000000, 29.00000000000000700, -13.99999999999879200 ) ) ;
#2624 = CARTESIAN_POINT ( 'NONE',  ( -32.00000000000000000, 28.49999999999999600, 14.00000000000000000 ) ) ;
#2625 = CARTESIAN_POINT ( 'NONE',  ( 1.387778780781445700E-014, 1.148823494024378200E-013, -1.249941288410261100E-028 ) ) ;
#2626 =( LENGTH_UNIT ( ) NAMED_UNIT ( * ) SI_UNIT ( .MILLI., .METRE. ) );
#2627 = LINE ( 'NONE', #4980, #3587 ) ;
#2628 = AXIS2_PLACEMENT_3D ( 'NONE', #667, #3750, #1094 ) ;
#2629 = ADVANCED_FACE ( 'NONE', ( #2105 ), #5563, .T. ) ;
#2630 = PRESENTATION_LAYER_ASSIGNMENT (  '', '', ( #2294 ) ) ;
#2631 = DIRECTION ( 'NONE',  ( 0.0000000000000000000, 0.0000000000000000000, 1.000000000000000000 ) ) ;
#2632 = DIRECTION ( 'NONE',  ( -1.000000000000000000, -2.297646988048755200E-015, -0.0000000000000000000 ) ) ;
#2633 = DIRECTION ( 'NONE',  ( 2.297646988048755200E-015, -1.000000000000000000, 0.0000000000000000000 ) ) ;
#2634 = LINE ( 'NONE', #2660, #1362 ) ;
#2635 =( NAMED_UNIT ( * ) PLANE_ANGLE_UNIT ( ) SI_UNIT ( $, .RADIAN. ) );
#2636 = ADVANCED_FACE ( 'NONE', ( #5064 ), #37, .T. ) ;
#2637 = CARTESIAN_POINT ( 'NONE',  ( -18.00000000000000400, 28.50000000000000000, -15.00000000000000000 ) ) ;
#2638 = CARTESIAN_POINT ( 'NONE',  ( -32.50000000000000000, 29.00000000000000000, 0.0000000000000000000 ) ) ;
#2639 = CIRCLE ( 'NONE', #4456, 15.04999999999999900 ) ;
#2640 = AXIS2_PLACEMENT_3D ( 'NONE', #3468, #5292, #3228 ) ;
#2641 = SURFACE_STYLE_USAGE ( .BOTH. , #2727 ) ;
#2642 = FILL_AREA_STYLE ('',( #656 ) ) ;
#2643 = CYLINDRICAL_SURFACE ( 'NONE', #4067, 16.75000000000000000 ) ;
#2644 = FILL_AREA_STYLE ('',( #770 ) ) ;
#2645 = CIRCLE ( 'NONE', #1893, 16.30043030564237200 ) ;
#2646 = ORIENTED_EDGE ( 'NONE', *, *, #4191, .F. ) ;
#2647 = DIRECTION ( 'NONE',  ( -1.000000000000000000, -0.0000000000000000000, 0.0000000000000000000 ) ) ;
#2648 = LINE ( 'NONE', #2843, #174 ) ;
#2649 = PLANE ( 'NONE',  #3414 ) ;
#2650 = DIRECTION ( 'NONE',  ( 2.290872364454421500E-015, -1.000000000000000000, 0.0000000000000000000 ) ) ;
#2651 = EDGE_CURVE ( 'NONE', #4754, #2334, #1238, .T. ) ;
#2652 = AXIS2_PLACEMENT_3D ( 'NONE', #1767, #1751, #1728 ) ;
#2653 = VECTOR ( 'NONE', #5137, 1000.000000000000000 ) ;
#2655 = ORIENTED_EDGE ( 'NONE', *, *, #1211, .F. ) ;
#2654 = DIRECTION ( 'NONE',  ( 0.0000000000000000000, 0.0000000000000000000, 1.000000000000000000 ) ) ;
#2656 = SURFACE_STYLE_FILL_AREA ( #608 ) ;
#2657 =( NAMED_UNIT ( * ) PLANE_ANGLE_UNIT ( ) SI_UNIT ( $, .RADIAN. ) );
#2658 = VERTEX_POINT ( 'NONE', #3539 ) ;
#2659 = ORIENTED_EDGE ( 'NONE', *, *, #4363, .T. ) ;
#2660 = CARTESIAN_POINT ( 'NONE',  ( 0.0000000000000000000, 15.89090585921521300, 9.666390793545648600 ) ) ;
#2661 = ADVANCED_FACE ( 'NONE', ( #3610, #4670 ), #888, .T. ) ;
#2662 = CARTESIAN_POINT ( 'NONE',  ( -33.00000000000000000, 18.33030277982221200, 5.000000000000226500 ) ) ;
#2663 = SURFACE_STYLE_FILL_AREA ( #1957 ) ;
#2664 = CARTESIAN_POINT ( 'NONE',  ( 0.0000000000000000000, 5.048709793414475600E-026, 1.656607900964124800E-026 ) ) ;
#2665 = SURFACE_STYLE_FILL_AREA ( #4749 ) ;
#2666 = EDGE_LOOP ( 'NONE', ( #2945, #3986, #645, #1823 ) ) ;
#2667 = AXIS2_PLACEMENT_3D ( 'NONE', #1120, #531, #4996 ) ;
#2668 = CARTESIAN_POINT ( 'NONE',  ( -25.24999999999816300, 38.99999999999803200, 1.500000000000000000 ) ) ;
#2669 = EDGE_CURVE ( 'NONE', #4247, #5228, #4158, .T. ) ;
#2670 = CYLINDRICAL_SURFACE ( 'NONE', #3442, 0.5000000000000004400 ) ;
#2671 = CARTESIAN_POINT ( 'NONE',  ( -32.59170111067468400, 11.89102728400596800, -14.81942521455435500 ) ) ;
#2672 = ADVANCED_FACE ( 'NONE', ( #827 ), #4777, .T. ) ;
#2673 = ORIENTED_EDGE ( 'NONE', *, *, #1580, .F. ) ;
#2674 = UNCERTAINTY_MEASURE_WITH_UNIT (LENGTH_MEASURE( 1.000000000000000100E-005 ), #1575, 'distance_accuracy_value', 'NONE');
#2675 = APPLICATION_PROTOCOL_DEFINITION ( 'draft international standard', 'automotive_design', 1998, #5094 ) ;
#2676 = FACE_OUTER_BOUND ( 'NONE', #2885, .T. ) ;
#2677 = DIRECTION ( 'NONE',  ( -0.0000000000000000000, 0.7313537016192749300, -0.6819983600623864600 ) ) ;
#2678 = PRESENTATION_LAYER_ASSIGNMENT (  '', '', ( #2009 ) ) ;
#2679 = FILL_AREA_STYLE_COLOUR ( '', #3304 ) ;
#2680 =( NAMED_UNIT ( * ) SI_UNIT ( $, .STERADIAN. ) SOLID_ANGLE_UNIT ( ) );
#2681 = AXIS2_PLACEMENT_3D ( 'NONE', #1890, #1771, #4125 ) ;
#2682 = ADVANCED_FACE ( 'NONE', ( #4867 ), #25, .T. ) ;
#2683 = VERTEX_POINT ( 'NONE', #2822 ) ;
#2684 = CARTESIAN_POINT ( 'NONE',  ( -7.308462344850285700, 13.96294035804778500, 9.698476499430773500 ) ) ;
#2685 = ORIENTED_EDGE ( 'NONE', *, *, #2141, .T. ) ;
#2686 = CARTESIAN_POINT ( 'NONE',  ( -23.36287797061000400, 40.75976976177998500, -1.500000000000000000 ) ) ;
#2687 = CARTESIAN_POINT ( 'NONE',  ( -31.99999999951999600, 28.49999999999999600, -14.99999999999999800 ) ) ;
#2688 = CARTESIAN_POINT ( 'NONE',  ( -25.25000000000000400, 39.00000000000000000, 0.0000000000000000000 ) ) ;
#2689 = ORIENTED_EDGE ( 'NONE', *, *, #1828, .T. ) ;
#2690 = PRESENTATION_LAYER_ASSIGNMENT (  '', '', ( #2016 ) ) ;
#2691 = DIRECTION ( 'NONE',  ( -0.0000000000000000000, -0.0000000000000000000, 1.000000000000000000 ) ) ;
#2692 = CARTESIAN_POINT ( 'NONE',  ( -19.50000000000000400, 34.50000000000000000, -8.299999999999998900 ) ) ;
#2693 = SURFACE_STYLE_FILL_AREA ( #1351 ) ;
#2694 = DIRECTION ( 'NONE',  ( 0.0000000000000000000, 0.4226182617402839400, 0.9063077870368436700 ) ) ;
#2695 = ADVANCED_FACE ( 'NONE', ( #3412 ), #519, .T. ) ;
#2696 = ORIENTED_EDGE ( 'NONE', *, *, #2287, .T. ) ;
#2697 = AXIS2_PLACEMENT_3D ( 'NONE', #1755, #2201, #2055 ) ;
#2698 = CARTESIAN_POINT ( 'NONE',  ( -18.00000000000000400, 32.50000000000000700, 1.250000000000000000 ) ) ;
#2699 =( NAMED_UNIT ( * ) PLANE_ANGLE_UNIT ( ) SI_UNIT ( $, .RADIAN. ) );
#2700 = LINE ( 'NONE', #1410, #4843 ) ;
#2701 = DIRECTION ( 'NONE',  ( 0.0000000000000000000, 0.0000000000000000000, 1.000000000000000000 ) ) ;
#2702 = EDGE_CURVE ( 'NONE', #5411, #4460, #1804, .T. ) ;
#2703 = CARTESIAN_POINT ( 'NONE',  ( -18.00000000000000400, 29.00000000000000000, -8.300000000000002500 ) ) ;
#2704 = MECHANICAL_DESIGN_GEOMETRIC_PRESENTATION_REPRESENTATION (  '', ( #1722 ), #2978 ) ;
#2705 = FACE_BOUND ( 'NONE', #2335, .T. ) ;
#2706 = CARTESIAN_POINT ( 'NONE',  ( -16.50000000000000000, 36.50000000000000000, 9.500000000000000000 ) ) ;
#2707 = DIRECTION ( 'NONE',  ( 0.0000000000000000000, 1.000000000000000000, 0.0000000000000000000 ) ) ;
#2708 = FACE_OUTER_BOUND ( 'NONE', #1227, .T. ) ;
#2709 = AXIS2_PLACEMENT_3D ( 'NONE', #3316, #4108, #168 ) ;
#2710 = EDGE_CURVE ( 'NONE', #3920, #53, #625, .T. ) ;
#2711 = LINE ( 'NONE', #1377, #4715 ) ;
#2712 = FACE_OUTER_BOUND ( 'NONE', #207, .T. ) ;
#2713 = DIRECTION ( 'NONE',  ( -1.000000000000000000, 0.0000000000000000000, 0.0000000000000000000 ) ) ;
#2714 =( LENGTH_UNIT ( ) NAMED_UNIT ( * ) SI_UNIT ( .MILLI., .METRE. ) );
#2715 = DIRECTION ( 'NONE',  ( -1.000000000000000000, 0.0000000000000000000, 0.0000000000000000000 ) ) ;
#2716 = VECTOR ( 'NONE', #3290, 1000.000000000000000 ) ;
#2717 = LINE ( 'NONE', #4120, #4860 ) ;
#2718 = PRESENTATION_LAYER_ASSIGNMENT (  '', '', ( #838 ) ) ;
#2719 =( NAMED_UNIT ( * ) SI_UNIT ( $, .STERADIAN. ) SOLID_ANGLE_UNIT ( ) );
#2720 = VECTOR ( 'NONE', #4650, 1000.000000000000200 ) ;
#2721 = ORIENTED_EDGE ( 'NONE', *, *, #2245, .F. ) ;
#2722 = SURFACE_SIDE_STYLE ('',( #4957 ) ) ;
#2723 = VECTOR ( 'NONE', #4706, 1000.000000000000000 ) ;
#2724 = CARTESIAN_POINT ( 'NONE',  ( -17.60000000000000500, 32.50000000000000000, 0.0000000000000000000 ) ) ;
#2725 = CARTESIAN_POINT ( 'NONE',  ( -50.00000000000000000, 0.0000000000000000000, 0.0000000000000000000 ) ) ;
#2726 = MECHANICAL_DESIGN_GEOMETRIC_PRESENTATION_REPRESENTATION (  '', ( #2058 ), #3005 ) ;
#2727 = SURFACE_SIDE_STYLE ('',( #4953 ) ) ;
#2728 = SURFACE_STYLE_FILL_AREA ( #1348 ) ;
#2729 = VERTEX_POINT ( 'NONE', #3643 ) ;
#2730 = CIRCLE ( 'NONE', #4760, 9.549999999999995400 ) ;
#2731 = DIRECTION ( 'NONE',  ( 0.0000000000000000000, -1.000000000000000000, 0.0000000000000000000 ) ) ;
#2732 = CYLINDRICAL_SURFACE ( 'NONE', #5037, 0.9999999999999974500 ) ;
#2733 = ORIENTED_EDGE ( 'NONE', *, *, #1788, .F. ) ;
#2734 =( NAMED_UNIT ( * ) PLANE_ANGLE_UNIT ( ) SI_UNIT ( $, .RADIAN. ) );
#2735 = EDGE_CURVE ( 'NONE', #4378, #3613, #3049, .T. ) ;
#2736 = MECHANICAL_DESIGN_GEOMETRIC_PRESENTATION_REPRESENTATION (  '', ( #1759 ), #3012 ) ;
#2737 = CARTESIAN_POINT ( 'NONE',  ( -31.99999999975997200, 28.50000000000000400, -14.99999999999647600 ) ) ;
#2738 = DIRECTION ( 'NONE',  ( 1.000000000000000000, -0.0000000000000000000, -0.0000000000000000000 ) ) ;
#2739 = ORIENTED_EDGE ( 'NONE', *, *, #2922, .T. ) ;
#2740 = CARTESIAN_POINT ( 'NONE',  ( -18.00000000000000400, 32.50000000000000700, -1.250000000000000000 ) ) ;
#2741 =( BOUNDED_CURVE ( )  B_SPLINE_CURVE ( 3, ( #4183, #3792, #4593, #2065 ),
 .UNSPECIFIED., .F., .T. ) 
 B_SPLINE_CURVE_WITH_KNOTS ( ( 4, 4 ),
 ( 3.277465994226412200, 4.549989156215287000 ),
 .UNSPECIFIED. ) 
 CURVE ( )  GEOMETRIC_REPRESENTATION_ITEM ( )  RATIONAL_B_SPLINE_CURVE ( ( 1.000000000000000000, 0.8695484763486351900, 0.8695484763486351900, 1.000000000000000000 ) ) 
 REPRESENTATION_ITEM ( '' )  );
#2742 = PRESENTATION_LAYER_ASSIGNMENT (  '', '', ( #2414 ) ) ;
#2743 = CARTESIAN_POINT ( 'NONE',  ( 0.0000000000000000000, 5.048709793414475600E-026, 15.05000000000000100 ) ) ;
#2744 = VERTEX_POINT ( 'NONE', #2861 ) ;
#2745 = EDGE_CURVE ( 'NONE', #2658, #3983, #4089, .T. ) ;
#2746 = CARTESIAN_POINT ( 'NONE',  ( -2.700000000000008200, 1.438959989048626700E-015, -11.60000000000000000 ) ) ;
#2747 = UNCERTAINTY_MEASURE_WITH_UNIT (LENGTH_MEASURE( 1.000000000000000100E-005 ), #955, 'distance_accuracy_value', 'NONE');
#2748 = FILL_AREA_STYLE_COLOUR ( '', #1064 ) ;
#2749 = FILL_AREA_STYLE ('',( #3944 ) ) ;
#2750 = SURFACE_STYLE_FILL_AREA ( #4381 ) ;
#2751 = ORIENTED_EDGE ( 'NONE', *, *, #4400, .F. ) ;
#2752 = CARTESIAN_POINT ( 'NONE',  ( -19.50000000000000400, 34.49999999999998600, 8.299999999999998900 ) ) ;
#2753 = CARTESIAN_POINT ( 'NONE',  ( -15.22862104406827700, 16.69747816818111400, 3.208402737217834800 ) ) ;
#2754 = AXIS2_PLACEMENT_3D ( 'NONE', #3809, #1151, #4195 ) ;
#2755 = AXIS2_PLACEMENT_3D ( 'NONE', #218, #5043, #4964 ) ;
#2756 =( NAMED_UNIT ( * ) PLANE_ANGLE_UNIT ( ) SI_UNIT ( $, .RADIAN. ) );
#2757 = DIRECTION ( 'NONE',  ( -1.000000000000000000, -0.0000000000000000000, -0.0000000000000000000 ) ) ;
#2758 = DIRECTION ( 'NONE',  ( 0.0000000000000000000, 0.0000000000000000000, 1.000000000000000000 ) ) ;
#2759 = CARTESIAN_POINT ( 'NONE',  ( -3.500000000000003100, 28.49999999999999600, -14.00000000000000000 ) ) ;
#2760 = VERTEX_POINT ( 'NONE', #1897 ) ;
#2761 = DIRECTION ( 'NONE',  ( -0.0000000000000000000, -0.0000000000000000000, -1.000000000000000000 ) ) ;
#2762 = SURFACE_STYLE_FILL_AREA ( #4141 ) ;
#2763 = DIRECTION ( 'NONE',  ( 1.000000000000000000, 0.0000000000000000000, 0.0000000000000000000 ) ) ;
#2764 = FILL_AREA_STYLE ('',( #256 ) ) ;
#2765 = EDGE_CURVE ( 'NONE', #4439, #3491, #1670, .T. ) ;
#2766 = PRESENTATION_STYLE_ASSIGNMENT (( #4536 ) ) ;
#2767 = STYLED_ITEM ( 'NONE', ( #1331 ), #2051 ) ;
#2768 = DIRECTION ( 'NONE',  ( 0.0000000000000000000, 0.0000000000000000000, 1.000000000000000000 ) ) ;
#2769 = CARTESIAN_POINT ( 'NONE',  ( -28.00000000000000700, 18.61545993133000100, 9.000000000000001800 ) ) ;
#2770 =( LENGTH_UNIT ( ) NAMED_UNIT ( * ) SI_UNIT ( .MILLI., .METRE. ) );
#2771 = SURFACE_STYLE_USAGE ( .BOTH. , #2543 ) ;
#2772 = FILL_AREA_STYLE ('',( #3541 ) ) ;
#2773 = FILL_AREA_STYLE ('',( #3966 ) ) ;
#2774 = CYLINDRICAL_SURFACE ( 'NONE', #2159, 15.05000000000000100 ) ;
#2775 = CARTESIAN_POINT ( 'NONE',  ( 0.0000000000000000000, 15.76954587281149300, -9.863134540564601600 ) ) ;
#2776 = STYLED_ITEM ( 'NONE', ( #3734 ), #2303 ) ;
#2777 = VERTEX_POINT ( 'NONE', #5297 ) ;
#2778 = DIRECTION ( 'NONE',  ( 0.0000000000000000000, 1.000000000000000000, 0.0000000000000000000 ) ) ;
#2779 = VECTOR ( 'NONE', #4968, 1000.000000000000100 ) ;
#2780 = PLANE ( 'NONE',  #4941 ) ;
#2781 = CARTESIAN_POINT ( 'NONE',  ( -14.69999999999985900, 40.29999999999986200, 5.900000000000149600 ) ) ;
#2782 = LINE ( 'NONE', #3083, #3711 ) ;
#2783 =( LENGTH_UNIT ( ) NAMED_UNIT ( * ) SI_UNIT ( .MILLI., .METRE. ) );
#2784 = PRESENTATION_LAYER_ASSIGNMENT (  '', '', ( #2116 ) ) ;
#2785 = ORIENTED_EDGE ( 'NONE', *, *, #5600, .T. ) ;
#2786 = AXIS2_PLACEMENT_3D ( 'NONE', #4618, #4645, #4615 ) ;
#2787 = FACE_OUTER_BOUND ( 'NONE', #1960, .T. ) ;
#2788 = VECTOR ( 'NONE', #900, 1000.000000000000000 ) ;
#2789 = CARTESIAN_POINT ( 'NONE',  ( -3.000000000000002700, 15.89838432353797900, 9.669432991428005100 ) ) ;
#2790 = DIRECTION ( 'NONE',  ( -1.000000000000000000, -0.0000000000000000000, -0.0000000000000000000 ) ) ;
#2791 = PLANE ( 'NONE',  #3071 ) ;
#2792 = LINE ( 'NONE', #5313, #5059 ) ;
#2793 = ORIENTED_EDGE ( 'NONE', *, *, #2977, .F. ) ;
#2794 = STYLED_ITEM ( 'NONE', ( #3940 ), #1691 ) ;
#2795 = CIRCLE ( 'NONE', #616, 0.5000000000000000000 ) ;
#2796 = CARTESIAN_POINT ( 'NONE',  ( -18.00000000000000400, 16.73320053068117400, -9.000000000000628800 ) ) ;
#2797 = DIRECTION ( 'NONE',  ( 0.0000000000000000000, 1.000000000000000000, 0.0000000000000000000 ) ) ;
#2798 = CARTESIAN_POINT ( 'NONE',  ( -28.00000000000000400, 14.73091986265775500, -11.99999999999916000 ) ) ;
#2799 =( LENGTH_UNIT ( ) NAMED_UNIT ( * ) SI_UNIT ( .MILLI., .METRE. ) );
#2800 = ORIENTED_EDGE ( 'NONE', *, *, #3864, .F. ) ;
#2801 = CARTESIAN_POINT ( 'NONE',  ( -18.00000000000000400, 36.50000000000160600, 9.500000000001730200 ) ) ;
#2802 = VERTEX_POINT ( 'NONE', #108 ) ;
#2803 = FILL_AREA_STYLE ('',( #1779 ) ) ;
#2804 = CARTESIAN_POINT ( 'NONE',  ( -3.999999999998865800, 29.00000000000000400, 14.50000000000004400 ) ) ;
#2805 = EDGE_CURVE ( 'NONE', #1032, #2983, #2923, .T. ) ;
#2806 = ORIENTED_EDGE ( 'NONE', *, *, #785, .F. ) ;
#2807 = STYLED_ITEM ( 'NONE', ( #3555 ), #2216 ) ;
#2808 = UNCERTAINTY_MEASURE_WITH_UNIT (LENGTH_MEASURE( 1.000000000000000100E-005 ), #4244, 'distance_accuracy_value', 'NONE');
#2809 = DIRECTION ( 'NONE',  ( 1.000000000000000000, 0.0000000000000000000, 0.0000000000000000000 ) ) ;
#2810 = CARTESIAN_POINT ( 'NONE',  ( -3.000000000000002700, 28.49999999999999600, -13.99999987443468700 ) ) ;
#2811 = CARTESIAN_POINT ( 'NONE',  ( -3.000000000000002700, 14.09108147143905800, -9.863134540564601600 ) ) ;
#2812 = DIRECTION ( 'NONE',  ( 0.0000000000000000000, 0.0000000000000000000, 1.000000000000000000 ) ) ;
#2813 = VERTEX_POINT ( 'NONE', #3677 ) ;
#2814 = AXIS2_PLACEMENT_3D ( 'NONE', #3281, #591, #3680 ) ;
#2815 = ORIENTED_EDGE ( 'NONE', *, *, #4093, .T. ) ;
#2816 = EDGE_CURVE ( 'NONE', #4361, #109, #4929, .T. ) ;
#2817 = DIRECTION ( 'NONE',  ( -0.0000000000000000000, -0.0000000000000000000, 1.000000000000000000 ) ) ;
#2818 = ORIENTED_EDGE ( 'NONE', *, *, #5544, .F. ) ;
#2819 = FILL_AREA_STYLE_COLOUR ( '', #603 ) ;
#2820 = PRESENTATION_STYLE_ASSIGNMENT (( #828 ) ) ;
#2821 = ORIENTED_EDGE ( 'NONE', *, *, #1909, .T. ) ;
#2822 = CARTESIAN_POINT ( 'NONE',  ( -33.00000000000000000, 12.84523257866612400, 13.99999999999908700 ) ) ;
#2823 =( GEOMETRIC_REPRESENTATION_CONTEXT ( 3 ) GLOBAL_UNCERTAINTY_ASSIGNED_CONTEXT ( ( #4735 ) ) GLOBAL_UNIT_ASSIGNED_CONTEXT ( ( #130, #714, #766 ) ) REPRESENTATION_CONTEXT ( 'NONE', 'WORKASPACE' ) );
#2824 = PRESENTATION_STYLE_ASSIGNMENT (( #1333 ) ) ;
#2825 =( NAMED_UNIT ( * ) SI_UNIT ( $, .STERADIAN. ) SOLID_ANGLE_UNIT ( ) );
#2826 = CARTESIAN_POINT ( 'NONE',  ( -3.999999999997727600, 28.49999999999999600, 14.50000000000035300 ) ) ;
#2827 = DIRECTION ( 'NONE',  ( -1.000000000000000000, -2.006318080297497400E-015, -4.558243269969693000E-012 ) ) ;
#2828 = CARTESIAN_POINT ( 'NONE',  ( -46.50000000000000000, 0.0000000000000000000, 0.0000000000000000000 ) ) ;
#2829 = EDGE_CURVE ( 'NONE', #4033, #4029, #2889, .T. ) ;
#2830 =( GEOMETRIC_REPRESENTATION_CONTEXT ( 3 ) GLOBAL_UNCERTAINTY_ASSIGNED_CONTEXT ( ( #2808 ) ) GLOBAL_UNIT_ASSIGNED_CONTEXT ( ( #4244, #4228, #3855 ) ) REPRESENTATION_CONTEXT ( 'NONE', 'WORKASPACE' ) );
#2831 = DIRECTION ( 'NONE',  ( 1.000000000000000000, 0.0000000000000000000, 0.0000000000000000000 ) ) ;
#2832 = CARTESIAN_POINT ( 'NONE',  ( -5.999999999999998200, 25.00000000000000000, 9.764999999999998800 ) ) ;
#2833 = FILL_AREA_STYLE ('',( #3880 ) ) ;
#2834 = PLANE ( 'NONE',  #36 ) ;
#2835 = EDGE_CURVE ( 'NONE', #3491, #5525, #2792, .T. ) ;
#2836 = PRESENTATION_LAYER_ASSIGNMENT (  '', '', ( #2181 ) ) ;
#2837 = ORIENTED_EDGE ( 'NONE', *, *, #2416, .T. ) ;
#2838 = ORIENTED_EDGE ( 'NONE', *, *, #3540, .T. ) ;
#2839 = VECTOR ( 'NONE', #3581, 1000.000000000000000 ) ;
#2840 = UNCERTAINTY_MEASURE_WITH_UNIT (LENGTH_MEASURE( 1.000000000000000100E-005 ), #3143, 'distance_accuracy_value', 'NONE');
#2841 = SURFACE_STYLE_USAGE ( .BOTH. , #5266 ) ;
#2842 = CARTESIAN_POINT ( 'NONE',  ( -3.622370141476188600, 29.00000000000000400, -14.32969153293183200 ) ) ;
#2843 = CARTESIAN_POINT ( 'NONE',  ( -1.500000000000008400, -15.04999999999988900, -1.249941288410261100E-028 ) ) ;
#2844 = AXIS2_PLACEMENT_3D ( 'NONE', #5387, #5342, #5208 ) ;
#2845 = DIRECTION ( 'NONE',  ( 0.0000000000000000000, -1.000000000000000000, 0.0000000000000000000 ) ) ;
#2846 = EDGE_CURVE ( 'NONE', #469, #4011, #3967, .T. ) ;
#2847 = VECTOR ( 'NONE', #4508, 1000.000000000000000 ) ;
#2848 =( NAMED_UNIT ( * ) PLANE_ANGLE_UNIT ( ) SI_UNIT ( $, .RADIAN. ) );
#2849 = CARTESIAN_POINT ( 'NONE',  ( -3.000000000000002700, -3.999077135827517800E-010, 2.485098529175216300E-012 ) ) ;
#2850 =( LENGTH_UNIT ( ) NAMED_UNIT ( * ) SI_UNIT ( .MILLI., .METRE. ) );
#2851 = DIRECTION ( 'NONE',  ( 0.0000000000000000000, -1.000000000000000000, 0.0000000000000000000 ) ) ;
#2852 = VECTOR ( 'NONE', #3427, 1000.000000000000000 ) ;
#2853 = ORIENTED_EDGE ( 'NONE', *, *, #2702, .T. ) ;
#2854 = AXIS2_PLACEMENT_3D ( 'NONE', #5425, #3001, #243 ) ;
#2855 = VECTOR ( 'NONE', #3991, 1000.000000000000000 ) ;
#2856 = PRESENTATION_LAYER_ASSIGNMENT (  '', '', ( #2547 ) ) ;
#2857 = CARTESIAN_POINT ( 'NONE',  ( -17.49565275539999800, 40.50000000000000000, 4.211999999999999700 ) ) ;
#2858 = COLOUR_RGB ( '',0.0000000000000000000, 0.0000000000000000000, 0.0000000000000000000 ) ;
#2859 = CARTESIAN_POINT ( 'NONE',  ( -33.00000000000000000, 18.89444362769073400, -1.999999999999889900 ) ) ;
#2860 = SURFACE_STYLE_FILL_AREA ( #1562 ) ;
#2861 = CARTESIAN_POINT ( 'NONE',  ( -12.24999999999981000, 40.00000000000012100, -8.300000000000039800 ) ) ;
#2862 = ORIENTED_EDGE ( 'NONE', *, *, #309, .T. ) ;
#2863 = LINE ( 'NONE', #4211, #1464 ) ;
#2864 = COLOUR_RGB ( '',1.000000000000000000, 1.000000000000000000, 0.9490196078431372100 ) ;
#2865 = COLOUR_RGB ( '',0.0000000000000000000, 0.0000000000000000000, 0.0000000000000000000 ) ;
#2866 = SURFACE_STYLE_USAGE ( .BOTH. , #5283 ) ;
#2867 = CARTESIAN_POINT ( 'NONE',  ( -28.00000000000000400, 18.33030277982231800, -5.000000000000108400 ) ) ;
#2868 = VERTEX_POINT ( 'NONE', #2452 ) ;
#2869 = DIRECTION ( 'NONE',  ( -1.000000000000000000, -2.297646988048755200E-015, -0.0000000000000000000 ) ) ;
#2870 = SURFACE_STYLE_FILL_AREA ( #2572 ) ;
#2871 = SURFACE_STYLE_FILL_AREA ( #4807 ) ;
#2872 = DIRECTION ( 'NONE',  ( -0.4539904997382567300, -0.8910065241890252600, 0.0000000000000000000 ) ) ;
#2873 = ORIENTED_EDGE ( 'NONE', *, *, #1334, .T. ) ;
#2874 = EDGE_CURVE ( 'NONE', #638, #4258, #4793, .T. ) ;
#2875 = CARTESIAN_POINT ( 'NONE',  ( -0.3040217494551684100, -17.13304714025053600, -2.098193133994991300E-015 ) ) ;
#2876 = CARTESIAN_POINT ( 'NONE',  ( 6.938893903907228400E-015, 1.148823494024378200E-013, -1.249941288410261100E-028 ) ) ;
#2877 = SURFACE_STYLE_USAGE ( .BOTH. , #5235 ) ;
#2878 = CYLINDRICAL_SURFACE ( 'NONE', #3811, 0.9999999999999956700 ) ;
#2879 = VERTEX_POINT ( 'NONE', #5330 ) ;
#2880 =( NAMED_UNIT ( * ) PLANE_ANGLE_UNIT ( ) SI_UNIT ( $, .RADIAN. ) );
#2881 = UNCERTAINTY_MEASURE_WITH_UNIT (LENGTH_MEASURE( 1.000000000000000100E-005 ), #946, 'distance_accuracy_value', 'NONE');
#2882 = ORIENTED_EDGE ( 'NONE', *, *, #4344, .F. ) ;
#2883 = CARTESIAN_POINT ( 'NONE',  ( -16.50000000000000000, 36.14342122601499300, -9.500000000000000000 ) ) ;
#2884 = DIRECTION ( 'NONE',  ( -1.000000000000000000, -0.0000000000000000000, -0.0000000000000000000 ) ) ;
#2885 = EDGE_LOOP ( 'NONE', ( #4564, #1258, #2525, #4690 ) ) ;
#2886 = UNCERTAINTY_MEASURE_WITH_UNIT (LENGTH_MEASURE( 1.000000000000000100E-005 ), #2109, 'distance_accuracy_value', 'NONE');
#2887 = DIRECTION ( 'NONE',  ( -1.000000000000000000, -0.0000000000000000000, 0.0000000000000000000 ) ) ;
#2888 = CARTESIAN_POINT ( 'NONE',  ( -23.24047455050500600, 41.00000000000000700, -1.500000000000000000 ) ) ;
#2889 = B_SPLINE_CURVE_WITH_KNOTS ( 'NONE', 3,
 ( #4896, #2436, #2899, #131, #3297, #605, #3690, #1041, #4081, #1500 ),
 .UNSPECIFIED., .F., .F.,
 ( 4, 2, 2, 2, 4 ),
 ( 2.360685898918511200E-013, 0.0005026766382584942000, 0.001005353276280919900, 0.001508029914303345400, 0.002010706552325771200 ),
 .UNSPECIFIED. ) ;
#2890 = CONICAL_SURFACE ( 'NONE', #5121, 11.60000000000000000, 0.7853981633974511700 ) ;
#2891 = ORIENTED_EDGE ( 'NONE', *, *, #4206, .T. ) ;
#2892 = EDGE_CURVE ( 'NONE', #2683, #3968, #3721, .T. ) ;
#2893 =( NAMED_UNIT ( * ) SI_UNIT ( $, .STERADIAN. ) SOLID_ANGLE_UNIT ( ) );
#2894 = DIRECTION ( 'NONE',  ( -0.0000000000000000000, 1.000000000000000000, -0.0000000000000000000 ) ) ;
#2895 = DIRECTION ( 'NONE',  ( -1.000000000000000000, -0.0000000000000000000, -0.0000000000000000000 ) ) ;
#2896 = CARTESIAN_POINT ( 'NONE',  ( -4.000000000000003600, 11.56087521242814000, -14.00000000000000000 ) ) ;
#2897 = FILL_AREA_STYLE_COLOUR ( '', #4852 ) ;
#2898 = SURFACE_STYLE_FILL_AREA ( #2773 ) ;
#2899 = CARTESIAN_POINT ( 'NONE',  ( -3.668883832479807900, 11.72012613974197000, -14.95495024489488000 ) ) ;
#2900 =( GEOMETRIC_REPRESENTATION_CONTEXT ( 3 ) GLOBAL_UNCERTAINTY_ASSIGNED_CONTEXT ( ( #3333 ) ) GLOBAL_UNIT_ASSIGNED_CONTEXT ( ( #5099, #5100, #5104 ) ) REPRESENTATION_CONTEXT ( 'NONE', 'WORKASPACE' ) );
#2901 = LINE ( 'NONE', #998, #5031 ) ;
#2902 = DIRECTION ( 'NONE',  ( -1.000000000000000000, -0.0000000000000000000, -0.0000000000000000000 ) ) ;
#2903 = CARTESIAN_POINT ( 'NONE',  ( -0.6470537029838809900, 1.133956484106710800E-013, -1.249941288410261100E-028 ) ) ;
#2904 = DIRECTION ( 'NONE',  ( 0.0000000000000000000, -1.000000000000000000, 0.0000000000000000000 ) ) ;
#2905 =( GEOMETRIC_REPRESENTATION_CONTEXT ( 3 ) GLOBAL_UNCERTAINTY_ASSIGNED_CONTEXT ( ( #595 ) ) GLOBAL_UNIT_ASSIGNED_CONTEXT ( ( #2783, #1864, #1842 ) ) REPRESENTATION_CONTEXT ( 'NONE', 'WORKASPACE' ) );
#2906 = VECTOR ( 'NONE', #2004, 1000.000000000000000 ) ;
#2907 = SURFACE_STYLE_FILL_AREA ( #4733 ) ;
#2908 = FACE_OUTER_BOUND ( 'NONE', #5526, .T. ) ;
#2909 = SURFACE_SIDE_STYLE ('',( #1769 ) ) ;
#2910 = EDGE_CURVE ( 'NONE', #3897, #2357, #315, .T. ) ;
#2911 = PRESENTATION_LAYER_ASSIGNMENT (  '', '', ( #3191 ) ) ;
#2912 = LINE ( 'NONE', #1687, #3839 ) ;
#2913 = CARTESIAN_POINT ( 'NONE',  ( -23.78759999999999800, 15.89838432353797900, 9.669432991428005100 ) ) ;
#2914 = UNCERTAINTY_MEASURE_WITH_UNIT (LENGTH_MEASURE( 1.000000000000000100E-005 ), #1954, 'distance_accuracy_value', 'NONE');
#2915 = LINE ( 'NONE', #5286, #5048 ) ;
#2916 = CARTESIAN_POINT ( 'NONE',  ( -33.00000000000000000, 20.08095189484500100, 14.00000000000000000 ) ) ;
#2917 = VECTOR ( 'NONE', #427, 1000.000000000000000 ) ;
#2918 = DIRECTION ( 'NONE',  ( 0.0000000000000000000, 0.0000000000000000000, 1.000000000000000000 ) ) ;
#2919 = FACE_OUTER_BOUND ( 'NONE', #3459, .T. ) ;
#2920 = DIRECTION ( 'NONE',  ( -0.0000000000000000000, -1.000000000000000000, -0.0000000000000000000 ) ) ;
#2921 = CARTESIAN_POINT ( 'NONE',  ( -0.6470537029834785300, 15.05000000000011300, 1.843093432716641200E-015 ) ) ;
#2922 = EDGE_CURVE ( 'NONE', #3277, #959, #171, .T. ) ;
#2923 = LINE ( 'NONE', #68, #3847 ) ;
#2924 = ORIENTED_EDGE ( 'NONE', *, *, #2567, .F. ) ;
#2925 = VECTOR ( 'NONE', #2691, 1000.000000000000000 ) ;
#2926 = DIRECTION ( 'NONE',  ( -0.0000000000000000000, -1.000000000000000000, -0.0000000000000000000 ) ) ;
#2927 = CARTESIAN_POINT ( 'NONE',  ( -33.00000000000000000, 20.67261628933499700, -2.000000000000000000 ) ) ;
#2928 = EDGE_LOOP ( 'NONE', ( #3627, #3439, #1858, #2968 ) ) ;
#2929 = AXIS2_PLACEMENT_3D ( 'NONE', #682, #3761, #1110 ) ;
#2930 = SURFACE_STYLE_FILL_AREA ( #865 ) ;
#2931 = ORIENTED_EDGE ( 'NONE', *, *, #1721, .T. ) ;
#2932 = MECHANICAL_DESIGN_GEOMETRIC_PRESENTATION_REPRESENTATION (  '', ( #2294 ), #3204 ) ;
#2933 =( LENGTH_UNIT ( ) NAMED_UNIT ( * ) SI_UNIT ( .MILLI., .METRE. ) );
#2934 = CARTESIAN_POINT ( 'NONE',  ( -18.39999999999999900, 32.50000000000000000, -4.049999999999999800 ) ) ;
#2935 = B_SPLINE_CURVE_WITH_KNOTS ( 'NONE', 3,
 ( #2609, #5083, #2684, #2183, #2120, #1704, #1684, #854, #793, #331, #290, #5355, #4348, #4326, #4225, #3332, #2753, #2137, #2006, #1202, #281, #2162, #5045, #4684, #4213, #3501, #3420, #2594, #2108, #1710, #1266, #1244, #708, #276, #5617, #4306, #5485, #585, #3492, #448, #1902, #4573, #4605, #458, #5372, #5221, #5150, #5057 ),
 .UNSPECIFIED., .F., .F.,
 ( 4, 2, 2, 2, 2, 2, 2, 2, 2, 2, 2, 2, 2, 2, 2, 2, 2, 2, 2, 2, 2, 2, 2, 4 ),
 ( 8.673617379884034500E-019, 0.001952325246333351700, 0.003904650492666705100, 0.005856975739000058600, 0.007809300985333411100, 0.008785463608500089200, 0.009761626231666768000, 0.01171395147800012900, 0.01269011410116681200, 0.01366627672433349400, 0.01561860197066686200, 0.01659476459383354300, 0.01757092721700022700, 0.01854708984016690800, 0.01952325246333359200, 0.02147557770966695600, 0.02245174033283364000, 0.02342790295600032800, 0.02440406557916701600, 0.02538022820233370000, 0.02733255344866706800, 0.02830871607183375200, 0.02928487869500043300, 0.03123720394133378700 ),
 .UNSPECIFIED. ) ;
#2936 = CARTESIAN_POINT ( 'NONE',  ( -18.39999999999999900, 36.50000000000000000, -1.250000000000000200 ) ) ;
#2937 = ORIENTED_EDGE ( 'NONE', *, *, #3832, .T. ) ;
#2938 = EDGE_CURVE ( 'NONE', #4333, #4566, #2645, .T. ) ;
#2939 = PRESENTATION_LAYER_ASSIGNMENT (  '', '', ( #2302 ) ) ;
#2940 = DIRECTION ( 'NONE',  ( 1.000000000000000000, -0.0000000000000000000, -0.0000000000000000000 ) ) ;
#2941 = VERTEX_POINT ( 'NONE', #1056 ) ;
#2942 = SURFACE_STYLE_USAGE ( .BOTH. , #3022 ) ;
#2943 = EDGE_CURVE ( 'NONE', #5228, #1285, #1229, .T. ) ;
#2944 = CARTESIAN_POINT ( 'NONE',  ( -3.000000000000002700, 12.84523257903024500, -13.99999999966499900 ) ) ;
#2945 = ORIENTED_EDGE ( 'NONE', *, *, #5463, .T. ) ;
#2946 = FILL_AREA_STYLE ('',( #3358 ) ) ;
#2947 = CARTESIAN_POINT ( 'NONE',  ( 0.0000000000000000000, 15.89090585921521300, 9.666390793545648600 ) ) ;
#2948 = DIRECTION ( 'NONE',  ( -0.0000000000000000000, -0.0000000000000000000, -1.000000000000000000 ) ) ;
#2949 = MECHANICAL_DESIGN_GEOMETRIC_PRESENTATION_REPRESENTATION (  '', ( #2324 ), #3220 ) ;
#2950 = VERTEX_POINT ( 'NONE', #4121 ) ;
#2951 = EDGE_CURVE ( 'NONE', #1411, #4754, #3479, .T. ) ;
#2952 = CARTESIAN_POINT ( 'NONE',  ( -13.31642355671000500, 42.09297407572002200, 8.631999999999999700 ) ) ;
#2953 = CARTESIAN_POINT ( 'NONE',  ( -18.00000000000000400, 34.50000000000000000, -9.500000000000000000 ) ) ;
#2954 = CARTESIAN_POINT ( 'NONE',  ( -25.25000000000000000, 29.00000000000000000, 0.0000000000000000000 ) ) ;
#2955 = FACE_OUTER_BOUND ( 'NONE', #576, .T. ) ;
#2956 = MECHANICAL_DESIGN_GEOMETRIC_PRESENTATION_REPRESENTATION (  '', ( #2009 ), #3227 ) ;
#2957 = CARTESIAN_POINT ( 'NONE',  ( -0.3040217494552470100, 17.13304714025076300, 4.196386267989609500E-015 ) ) ;
#2958 =( NAMED_UNIT ( * ) SI_UNIT ( $, .STERADIAN. ) SOLID_ANGLE_UNIT ( ) );
#2959 = MECHANICAL_DESIGN_GEOMETRIC_PRESENTATION_REPRESENTATION (  '', ( #2339 ), #3229 ) ;
#2960 = CIRCLE ( 'NONE', #3429, 0.4999999999999987200 ) ;
#2961 = CARTESIAN_POINT ( 'NONE',  ( -14.70000000000000500, 36.39999999999999900, 5.900000000000001200 ) ) ;
#2962 = DIRECTION ( 'NONE',  ( -1.000000000000000000, 0.0000000000000000000, 0.0000000000000000000 ) ) ;
#2963 =( NAMED_UNIT ( * ) SI_UNIT ( $, .STERADIAN. ) SOLID_ANGLE_UNIT ( ) );
#2964 = COLOUR_RGB ( '',0.0000000000000000000, 0.0000000000000000000, 0.0000000000000000000 ) ;
#2965 = DIRECTION ( 'NONE',  ( 1.000000000000000000, -0.0000000000000000000, -0.0000000000000000000 ) ) ;
#2966 = MECHANICAL_DESIGN_GEOMETRIC_PRESENTATION_REPRESENTATION (  '', ( #2016 ), #3238 ) ;
#2967 =( NAMED_UNIT ( * ) PLANE_ANGLE_UNIT ( ) SI_UNIT ( $, .RADIAN. ) );
#2968 = ORIENTED_EDGE ( 'NONE', *, *, #367, .T. ) ;
#2969 = LINE ( 'NONE', #1780, #1723 ) ;
#2970 = PRESENTATION_LAYER_ASSIGNMENT (  '', '', ( #2361 ) ) ;
#2971 =( NAMED_UNIT ( * ) PLANE_ANGLE_UNIT ( ) SI_UNIT ( $, .RADIAN. ) );
#2972 = SURFACE_STYLE_FILL_AREA ( #3693 ) ;
#2973 = DIRECTION ( 'NONE',  ( 0.0000000000000000000, -1.000000000000000000, 0.0000000000000000000 ) ) ;
#2974 = CARTESIAN_POINT ( 'NONE',  ( -18.39999999999999900, 32.50000000000000000, -1.250000000000000200 ) ) ;
#2975 = VECTOR ( 'NONE', #1454, 1000.000000000000000 ) ;
#2976 = UNCERTAINTY_MEASURE_WITH_UNIT (LENGTH_MEASURE( 1.000000000000000100E-005 ), #2576, 'distance_accuracy_value', 'NONE');
#2977 = EDGE_CURVE ( 'NONE', #922, #1178, #4540, .T. ) ;
#2978 =( GEOMETRIC_REPRESENTATION_CONTEXT ( 3 ) GLOBAL_UNCERTAINTY_ASSIGNED_CONTEXT ( ( #3447 ) ) GLOBAL_UNIT_ASSIGNED_CONTEXT ( ( #4878, #3325, #3273 ) ) REPRESENTATION_CONTEXT ( 'NONE', 'WORKASPACE' ) );
#2979 = PRESENTATION_STYLE_ASSIGNMENT (( #3608 ) ) ;
#2980 = CARTESIAN_POINT ( 'NONE',  ( -8.566504868968806400, 15.90876294547894400, -9.443702859265622300 ) ) ;
#2981 = CARTESIAN_POINT ( 'NONE',  ( -32.00000000000000000, 28.49999999999999600, 15.00000000000000000 ) ) ;
#2982 = LINE ( 'NONE', #3036, #2852 ) ;
#2983 = VERTEX_POINT ( 'NONE', #1997 ) ;
#2984 = LINE ( 'NONE', #4850, #1595 ) ;
#2985 = CIRCLE ( 'NONE', #2844, 18.60000000033995300 ) ;
#2986 = DIRECTION ( 'NONE',  ( 0.0000000000000000000, 0.0000000000000000000, 1.000000000000000000 ) ) ;
#2987 = ORIENTED_EDGE ( 'NONE', *, *, #3748, .F. ) ;
#2988 = ORIENTED_EDGE ( 'NONE', *, *, #309, .F. ) ;
#2989 = MECHANICAL_DESIGN_GEOMETRIC_PRESENTATION_REPRESENTATION (  '', ( #2379 ), #3255 ) ;
#2990 = ORIENTED_EDGE ( 'NONE', *, *, #3648, .F. ) ;
#2991 = EDGE_CURVE ( 'NONE', #294, #864, #30, .T. ) ;
#2992 = PRESENTATION_STYLE_ASSIGNMENT (( #3362 ) ) ;
#2993 = LINE ( 'NONE', #5399, #557 ) ;
#2994 = CARTESIAN_POINT ( 'NONE',  ( -46.50000000000000000, 0.0000000000000000000, 0.0000000000000000000 ) ) ;
#2995 = ORIENTED_EDGE ( 'NONE', *, *, #1115, .T. ) ;
#2996 = CARTESIAN_POINT ( 'NONE',  ( -18.00000000000000400, 16.35549038165086000, 9.669432991428513100 ) ) ;
#2997 = MECHANICAL_DESIGN_GEOMETRIC_PRESENTATION_REPRESENTATION (  '', ( #838 ), #3259 ) ;
#2998 = ORIENTED_EDGE ( 'NONE', *, *, #2829, .T. ) ;
#2999 = DIRECTION ( 'NONE',  ( 0.0000000000000000000, 1.000000000000000000, 0.0000000000000000000 ) ) ;
#3000 = DIRECTION ( 'NONE',  ( -1.000000000000000000, -0.0000000000000000000, -0.0000000000000000000 ) ) ;
#3001 = DIRECTION ( 'NONE',  ( -1.000000000000000000, -0.0000000000000000000, -0.0000000000000000000 ) ) ;
#3002 = UNCERTAINTY_MEASURE_WITH_UNIT (LENGTH_MEASURE( 1.000000000000000100E-005 ), #5028, 'distance_accuracy_value', 'NONE');
#3003 = ORIENTED_EDGE ( 'NONE', *, *, #2540, .T. ) ;
#3004 = SURFACE_SIDE_STYLE ('',( #4971 ) ) ;
#3005 =( GEOMETRIC_REPRESENTATION_CONTEXT ( 3 ) GLOBAL_UNCERTAINTY_ASSIGNED_CONTEXT ( ( #1698 ) ) GLOBAL_UNIT_ASSIGNED_CONTEXT ( ( #5375, #3388, #2958 ) ) REPRESENTATION_CONTEXT ( 'NONE', 'WORKASPACE' ) );
#3006 = CARTESIAN_POINT ( 'NONE',  ( -17.60000000000000500, 40.50000000000000700, -2.649999999999999500 ) ) ;
#3007 = DIRECTION ( 'NONE',  ( 1.000000000000000000, 0.0000000000000000000, 0.0000000000000000000 ) ) ;
#3008 = ORIENTED_EDGE ( 'NONE', *, *, #4442, .F. ) ;
#3009 = CONICAL_SURFACE ( 'NONE', #601, 11.60000000000000000, 0.7853981633974511700 ) ;
#3010 = EDGE_CURVE ( 'NONE', #4989, #3897, #5524, .T. ) ;
#3011 = FILL_AREA_STYLE ('',( #3733 ) ) ;
#3012 =( GEOMETRIC_REPRESENTATION_CONTEXT ( 3 ) GLOBAL_UNCERTAINTY_ASSIGNED_CONTEXT ( ( #3615 ) ) GLOBAL_UNIT_ASSIGNED_CONTEXT ( ( #1839, #2848, #292 ) ) REPRESENTATION_CONTEXT ( 'NONE', 'WORKASPACE' ) );
#3013 = PRESENTATION_STYLE_ASSIGNMENT (( #2555 ) ) ;
#3014 = VERTEX_POINT ( 'NONE', #2523 ) ;
#3015 = CARTESIAN_POINT ( 'NONE',  ( -50.00000000000000000, 13.91563060015608100, -9.764999999999986400 ) ) ;
#3016 = CARTESIAN_POINT ( 'NONE',  ( -28.00000000000000400, 18.89444362769064500, 2.000000000000017800 ) ) ;
#3017 = MECHANICAL_DESIGN_GEOMETRIC_PRESENTATION_REPRESENTATION (  '', ( #2414 ), #3284 ) ;
#3018 = FILL_AREA_STYLE_COLOUR ( '', #5186 ) ;
#3019 = EDGE_CURVE ( 'NONE', #4821, #3392, #1089, .T. ) ;
#3020 = DIRECTION ( 'NONE',  ( -0.0000000000000000000, -0.0000000000000000000, 1.000000000000000000 ) ) ;
#3021 = DIRECTION ( 'NONE',  ( -1.000000000000000000, -0.0000000000000000000, -0.0000000000000000000 ) ) ;
#3022 = SURFACE_SIDE_STYLE ('',( #4189 ) ) ;
#3023 =( NAMED_UNIT ( * ) PLANE_ANGLE_UNIT ( ) SI_UNIT ( $, .RADIAN. ) );
#3024 = PRESENTATION_LAYER_ASSIGNMENT (  '', '', ( #2431 ) ) ;
#3025 =( LENGTH_UNIT ( ) NAMED_UNIT ( * ) SI_UNIT ( .MILLI., .METRE. ) );
#3026 = CARTESIAN_POINT ( 'NONE',  ( -18.00000000000000400, 18.33030277982312500, 5.000000000000852700 ) ) ;
#3027 = DIRECTION ( 'NONE',  ( 0.0000000000000000000, 0.0000000000000000000, 1.000000000000000000 ) ) ;
#3028 = PRESENTATION_STYLE_ASSIGNMENT (( #4629 ) ) ;
#3029 = ORIENTED_EDGE ( 'NONE', *, *, #4470, .T. ) ;
#3030 = VERTEX_POINT ( 'NONE', #1576 ) ;
#3031 = LINE ( 'NONE', #3708, #1789 ) ;
#3032 = CARTESIAN_POINT ( 'NONE',  ( -3.000000000000002700, 0.0000000000000000000, 0.0000000000000000000 ) ) ;
#3033 = CARTESIAN_POINT ( 'NONE',  ( -46.50000000000000000, 0.0000000000000000000, 0.0000000000000000000 ) ) ;
#3034 = SURFACE_STYLE_USAGE ( .BOTH. , #3257 ) ;
#3035 = FILL_AREA_STYLE_COLOUR ( '', #4290 ) ;
#3036 = CARTESIAN_POINT ( 'NONE',  ( -4.000000000642003800, 20.08095189484500100, -15.00000000000000200 ) ) ;
#3037 = STYLED_ITEM ( 'NONE', ( #1651 ), #1774 ) ;
#3038 = CIRCLE ( 'NONE', #3559, 16.99999999999999600 ) ;
#3039 = FILL_AREA_STYLE ('',( #2270 ) ) ;
#3040 = CARTESIAN_POINT ( 'NONE',  ( -23.75000000000000000, 29.00000000000000400, 8.299999999999998900 ) ) ;
#3041 = ORIENTED_EDGE ( 'NONE', *, *, #99, .T. ) ;
#3042 = EDGE_CURVE ( 'NONE', #994, #5268, #5383, .T. ) ;
#3043 = AXIS2_PLACEMENT_3D ( 'NONE', #1785, #3087, #1713 ) ;
#3044 =( NAMED_UNIT ( * ) SI_UNIT ( $, .STERADIAN. ) SOLID_ANGLE_UNIT ( ) );
#3045 = VECTOR ( 'NONE', #3926, 1000.000000000000000 ) ;
#3046 = DIRECTION ( 'NONE',  ( -1.000000000000000000, 0.0000000000000000000, 0.0000000000000000000 ) ) ;
#3047 = LINE ( 'NONE', #2961, #1799 ) ;
#3048 = CARTESIAN_POINT ( 'NONE',  ( -46.50000000000000000, 0.0000000000000000000, 0.0000000000000000000 ) ) ;
#3049 = CIRCLE ( 'NONE', #686, 17.00000000000000000 ) ;
#3050 = ORIENTED_EDGE ( 'NONE', *, *, #1867, .F. ) ;
#3051 = LINE ( 'NONE', #2528, #4091 ) ;
#3052 = AXIS2_PLACEMENT_3D ( 'NONE', #5545, #5366, #5116 ) ;
#3053 = FACE_OUTER_BOUND ( 'NONE', #2519, .T. ) ;
#3054 = EDGE_LOOP ( 'NONE', ( #4607, #3667, #4731, #3795 ) ) ;
#3055 = DIRECTION ( 'NONE',  ( 0.0000000000000000000, 0.0000000000000000000, 1.000000000000000000 ) ) ;
#3056 = ORIENTED_EDGE ( 'NONE', *, *, #2745, .F. ) ;
#3057 = FACE_OUTER_BOUND ( 'NONE', #2053, .T. ) ;
#3058 = SURFACE_STYLE_FILL_AREA ( #3652 ) ;
#3059 = DIRECTION ( 'NONE',  ( -1.000000000000000000, 0.0000000000000000000, 0.0000000000000000000 ) ) ;
#3060 = MECHANICAL_DESIGN_GEOMETRIC_PRESENTATION_REPRESENTATION (  '', ( #2116 ), #3318 ) ;
#3061 =( NAMED_UNIT ( * ) SI_UNIT ( $, .STERADIAN. ) SOLID_ANGLE_UNIT ( ) );
#3062 = ORIENTED_EDGE ( 'NONE', *, *, #4933, .F. ) ;
#3063 =( LENGTH_UNIT ( ) NAMED_UNIT ( * ) SI_UNIT ( .MILLI., .METRE. ) );
#3064 = AXIS2_PLACEMENT_3D ( 'NONE', #4148, #4130, #4117 ) ;
#3065 = DIRECTION ( 'NONE',  ( 0.0000000000000000000, -1.000000000000000000, 0.0000000000000000000 ) ) ;
#3066 = CARTESIAN_POINT ( 'NONE',  ( -19.50000000000000400, 34.39565275539999300, -9.604347244601999700 ) ) ;
#3067 = CARTESIAN_POINT ( 'NONE',  ( 0.0000000000000000000, 14.22676663990985100, 9.666390793545867100 ) ) ;
#3068 = ORIENTED_EDGE ( 'NONE', *, *, #1561, .F. ) ;
#3069 =( NAMED_UNIT ( * ) PLANE_ANGLE_UNIT ( ) SI_UNIT ( $, .RADIAN. ) );
#3070 = SURFACE_STYLE_FILL_AREA ( #5480 ) ;
#3071 = AXIS2_PLACEMENT_3D ( 'NONE', #3218, #3563, #3580 ) ;
#3072 = OPEN_SHELL ( 'NONE', ( #2068, #2132, #2475, #1444, #2017 ) ) ;
#3073 = DIRECTION ( 'NONE',  ( -0.0000000000000000000, -0.0000000000000000000, -1.000000000000000000 ) ) ;
#3074 = STYLED_ITEM ( 'NONE', ( #3823 ), #1930 ) ;
#3075 =( BOUNDED_SURFACE ( )  B_SPLINE_SURFACE ( 3, 3, ( 
 ( #3569, #5360, #382, #4417 ),
 ( #3942, #3941, #425, #4182 ),
 ( #2875, #880, #356, #2957 ),
 ( #5436, #4468, #1861, #4414 ) ),
 .UNSPECIFIED., .F., .F., .F. ) 
 B_SPLINE_SURFACE_WITH_KNOTS ( ( 4, 4 ),
 ( 4, 4 ),
 ( 0.0000000000000000000, 1.000000000000000000 ),
 ( 0.0000000000000000000, 1.000000000000000000 ),
 .UNSPECIFIED. ) 
 GEOMETRIC_REPRESENTATION_ITEM ( )  RATIONAL_B_SPLINE_SURFACE ( (
 ( 1.000000000000000000, 0.3333333333333334300, 0.3333333333333334300, 1.000000000000000000),
 ( 0.8695484763485118500, 0.2898494921161706700, 0.2898494921161706700, 0.8695484763485118500),
 ( 0.8695484763485118500, 0.2898494921161706700, 0.2898494921161706700, 0.8695484763485118500),
 ( 1.000000000000000000, 0.3333333333333334300, 0.3333333333333334300, 1.000000000000000000) ) ) 
 REPRESENTATION_ITEM ( '' )  SURFACE ( )  );
#3076 = SURFACE_STYLE_USAGE ( .BOTH. , #5503 ) ;
#3077 = SURFACE_SIDE_STYLE ('',( #2418 ) ) ;
#3078 = EDGE_LOOP ( 'NONE', ( #5340, #914, #3315, #4364 ) ) ;
#3079 = PLANE ( 'NONE',  #3635 ) ;
#3080 =( LENGTH_UNIT ( ) NAMED_UNIT ( * ) SI_UNIT ( .MILLI., .METRE. ) );
#3081 = EDGE_CURVE ( 'NONE', #4671, #5101, #3235, .T. ) ;
#3082 = FACE_OUTER_BOUND ( 'NONE', #5466, .T. ) ;
#3083 = CARTESIAN_POINT ( 'NONE',  ( -18.00000000000000400, 14.73091986265773700, 11.99999999999815800 ) ) ;
#3084 = AXIS2_PLACEMENT_3D ( 'NONE', #4072, #4024, #3713 ) ;
#3085 = FACE_OUTER_BOUND ( 'NONE', #3195, .T. ) ;
#3086 = CARTESIAN_POINT ( 'NONE',  ( -32.84846034434563200, 12.22758296769269200, -14.54332233138883100 ) ) ;
#3087 = DIRECTION ( 'NONE',  ( 0.0000000000000000000, 1.000000000000000000, 0.0000000000000000000 ) ) ;
#3088 = AXIS2_PLACEMENT_3D ( 'NONE', #1008, #4052, #1465 ) ;
#3089 = FILL_AREA_STYLE ('',( #4651 ) ) ;
#3090 = EDGE_CURVE ( 'NONE', #1352, #3122, #963, .T. ) ;
#3091 = COLOUR_RGB ( '',0.1098039215686274500, 0.1098039215686274500, 0.1098039215686274500 ) ;
#3092 = CARTESIAN_POINT ( 'NONE',  ( -19.60434724460000300, 34.50000000000000000, -9.604347244601999700 ) ) ;
#3093 = APPLICATION_CONTEXT ( 'automotive_design' ) ;
#3094 = SURFACE_SIDE_STYLE ('',( #5187 ) ) ;
#3095 = FILL_AREA_STYLE ('',( #3168 ) ) ;
#3096 = ORIENTED_EDGE ( 'NONE', *, *, #3179, .F. ) ;
#3097 = COLOUR_RGB ( '',0.0000000000000000000, 0.0000000000000000000, 0.0000000000000000000 ) ;
#3098 = COLOUR_RGB ( '',0.0000000000000000000, 0.0000000000000000000, 0.0000000000000000000 ) ;
#3099 = DIRECTION ( 'NONE',  ( 0.0000000000000000000, 0.0000000000000000000, -1.000000000000000000 ) ) ;
#3100 = DIRECTION ( 'NONE',  ( -0.0000000000000000000, -0.0000000000000000000, -1.000000000000000000 ) ) ;
#3101 = DIRECTION ( 'NONE',  ( -0.0000000000000000000, -1.000000000000000000, -0.0000000000000000000 ) ) ;
#3102 = CIRCLE ( 'NONE', #5468, 18.50000000000000000 ) ;
#3103 = PRODUCT_DEFINITION_CONTEXT ( 'detailed design', #3876, 'design' ) ;
#3104 =( NAMED_UNIT ( * ) SI_UNIT ( $, .STERADIAN. ) SOLID_ANGLE_UNIT ( ) );
#3105 = FILL_AREA_STYLE_COLOUR ( '', #3247 ) ;
#3106 = CARTESIAN_POINT ( 'NONE',  ( -13.90727698114117100, 42.00000000000055400, 6.692723018862995600 ) ) ;
#3107 = LINE ( 'NONE', #5273, #5114 ) ;
#3108 = COLOUR_RGB ( '',0.0000000000000000000, 0.0000000000000000000, 0.0000000000000000000 ) ;
#3109 = CIRCLE ( 'NONE', #3387, 19.00000000000000000 ) ;
#3110 = ORIENTED_EDGE ( 'NONE', *, *, #248, .T. ) ;
#3111 = DIRECTION ( 'NONE',  ( -1.000000000000000000, -0.0000000000000000000, -0.0000000000000000000 ) ) ;
#3112 = CIRCLE ( 'NONE', #2118, 17.00000000000000000 ) ;
#3113 = CARTESIAN_POINT ( 'NONE',  ( -48.60000000000000100, 0.0000000000000000000, 0.0000000000000000000 ) ) ;
#3114 = DIRECTION ( 'NONE',  ( -1.000000000000000000, -0.0000000000000000000, -0.0000000000000000000 ) ) ;
#3115 = EDGE_CURVE ( 'NONE', #1093, #964, #821, .T. ) ;
#3116 = MECHANICAL_DESIGN_GEOMETRIC_PRESENTATION_REPRESENTATION (  '', ( #2181 ), #3376 ) ;
#3117 = VERTEX_POINT ( 'NONE', #3778 ) ;
#3118 = SURFACE_STYLE_FILL_AREA ( #3203 ) ;
#3119 = ORIENTED_EDGE ( 'NONE', *, *, #1168, .T. ) ;
#3120 = VERTEX_POINT ( 'NONE', #2981 ) ;
#3121 = SURFACE_STYLE_USAGE ( .BOTH. , #2573 ) ;
#3122 = VERTEX_POINT ( 'NONE', #3395 ) ;
#3123 = DIRECTION ( 'NONE',  ( -1.000000000000000000, -2.297646988048755200E-015, -0.0000000000000000000 ) ) ;
#3124 =( NAMED_UNIT ( * ) PLANE_ANGLE_UNIT ( ) SI_UNIT ( $, .RADIAN. ) );
#3125 = ORIENTED_EDGE ( 'NONE', *, *, #785, .T. ) ;
#3126 = EDGE_CURVE ( 'NONE', #5120, #4047, #5257, .T. ) ;
#3127 = CARTESIAN_POINT ( 'NONE',  ( -15.22500000000000300, 32.50000000000000000, 0.6000000000000000900 ) ) ;
#3128 = DIRECTION ( 'NONE',  ( -1.000000000000000000, 0.0000000000000000000, 0.0000000000000000000 ) ) ;
#3129 = VERTEX_POINT ( 'NONE', #3798 ) ;
#3130 = ORIENTED_EDGE ( 'NONE', *, *, #1168, .F. ) ;
#3131 = AXIS2_PLACEMENT_3D ( 'NONE', #261, #3408, #731 ) ;
#3132 = CARTESIAN_POINT ( 'NONE',  ( -23.75000000000000000, 40.00000000000000000, 0.0000000000000000000 ) ) ;
#3133 =( NAMED_UNIT ( * ) PLANE_ANGLE_UNIT ( ) SI_UNIT ( $, .RADIAN. ) );
#3134 = MECHANICAL_DESIGN_GEOMETRIC_PRESENTATION_REPRESENTATION (  '', ( #2547 ), #3389 ) ;
#3135 = ORIENTED_EDGE ( 'NONE', *, *, #1143, .T. ) ;
#3136 = PRESENTATION_STYLE_ASSIGNMENT (( #4227 ) ) ;
#3137 = CARTESIAN_POINT ( 'NONE',  ( -50.00000000000000000, 0.0000000000000000000, 9.500000000000000000 ) ) ;
#3138 = UNCERTAINTY_MEASURE_WITH_UNIT (LENGTH_MEASURE( 1.000000000000000100E-005 ), #91, 'distance_accuracy_value', 'NONE');
#3139 =( NAMED_UNIT ( * ) SI_UNIT ( $, .STERADIAN. ) SOLID_ANGLE_UNIT ( ) );
#3140 =( NAMED_UNIT ( * ) PLANE_ANGLE_UNIT ( ) SI_UNIT ( $, .RADIAN. ) );
#3141 = ORIENTED_EDGE ( 'NONE', *, *, #5564, .F. ) ;
#3142 = AXIS2_PLACEMENT_3D ( 'NONE', #181, #203, #161 ) ;
#3143 =( LENGTH_UNIT ( ) NAMED_UNIT ( * ) SI_UNIT ( .MILLI., .METRE. ) );
#3144 = PRESENTATION_STYLE_ASSIGNMENT (( #4972 ) ) ;
#3145 = CARTESIAN_POINT ( 'NONE',  ( -46.50000000000000000, 0.0000000000000000000, 0.0000000000000000000 ) ) ;
#3146 = CARTESIAN_POINT ( 'NONE',  ( -3.000000000000002700, 12.53213723024000200, -14.55999999999999900 ) ) ;
#3147 = UNCERTAINTY_MEASURE_WITH_UNIT (LENGTH_MEASURE( 1.000000000000000100E-005 ), #4259, 'distance_accuracy_value', 'NONE');
#3148 = DIRECTION ( 'NONE',  ( 0.0000000000000000000, 0.0000000000000000000, -1.000000000000000000 ) ) ;
#3149 = VECTOR ( 'NONE', #4586, 1000.000000000000000 ) ;
#3150 = EDGE_CURVE ( 'NONE', #3379, #3120, #4154, .T. ) ;
#3151 = STYLED_ITEM ( 'NONE', ( #505 ), #2024 ) ;
#3152 = CARTESIAN_POINT ( 'NONE',  ( -4.000000000000003600, 28.49999999999999600, 14.00000000000000000 ) ) ;
#3153 = CARTESIAN_POINT ( 'NONE',  ( -1.500000000000043100, 1.114358789203645600E-013, -1.249941288410261100E-028 ) ) ;
#3154 = FACE_OUTER_BOUND ( 'NONE', #502, .T. ) ;
#3155 =( LENGTH_UNIT ( ) NAMED_UNIT ( * ) SI_UNIT ( .MILLI., .METRE. ) );
#3156 = CARTESIAN_POINT ( 'NONE',  ( -33.00000000000000000, 16.73320053068085000, 9.000000000000024900 ) ) ;
#3157 = STYLED_ITEM ( 'NONE', ( #4880 ), #2277 ) ;
#3158 =( NAMED_UNIT ( * ) PLANE_ANGLE_UNIT ( ) SI_UNIT ( $, .RADIAN. ) );
#3159 = PRESENTATION_STYLE_ASSIGNMENT (( #377 ) ) ;
#3160 = DIRECTION ( 'NONE',  ( -1.000000000000000000, -0.0000000000000000000, -0.0000000000000000000 ) ) ;
#3161 = DIRECTION ( 'NONE',  ( -0.0000000000000000000, -0.0000000000000000000, -1.000000000000000000 ) ) ;
#3162 = ORIENTED_EDGE ( 'NONE', *, *, #2531, .F. ) ;
#3163 = FILL_AREA_STYLE_COLOUR ( '', #3098 ) ;
#3164 = CARTESIAN_POINT ( 'NONE',  ( -17.49565275539999800, 32.34000000000000300, -4.049999999999999800 ) ) ;
#3165 = STYLED_ITEM ( 'NONE', ( #752 ), #2608 ) ;
#3166 = EDGE_CURVE ( 'NONE', #1593, #864, #5119, .T. ) ;
#3167 = LINE ( 'NONE', #4066, #1942 ) ;
#3168 = FILL_AREA_STYLE_COLOUR ( '', #928 ) ;
#3169 = SHELL_BASED_SURFACE_MODEL ( 'NONE', ( #1652, #1171, #991, #3072, #4175, #614, #3884, #774 ) );
#3170 = FILL_AREA_STYLE_COLOUR ( '', #1810 ) ;
#3171 = DIRECTION ( 'NONE',  ( -0.0000000000000000000, -0.0000000000000000000, 1.000000000000000000 ) ) ;
#3172 = SURFACE_SIDE_STYLE ('',( #4308 ) ) ;
#3173 = CIRCLE ( 'NONE', #3821, 16.75000000000000000 ) ;
#3174 = SURFACE_STYLE_FILL_AREA ( #2373 ) ;
#3175 = VECTOR ( 'NONE', #4301, 1000.000000000000000 ) ;
#3176 = LINE ( 'NONE', #3353, #749 ) ;
#3177 = CARTESIAN_POINT ( 'NONE',  ( -32.50000000000000000, 29.00000000000000400, 14.00000000000047800 ) ) ;
#3178 = SURFACE_STYLE_FILL_AREA ( #2603 ) ;
#3179 = EDGE_CURVE ( 'NONE', #5228, #5484, #4028, .T. ) ;
#3180 = DIRECTION ( 'NONE',  ( 0.0000000000000000000, 0.0000000000000000000, -1.000000000000000000 ) ) ;
#3181 = DIRECTION ( 'NONE',  ( -0.0000000000000000000, -0.0000000000000000000, -1.000000000000000000 ) ) ;
#3182 = STYLED_ITEM ( 'NONE', ( #4966 ), #1891 ) ;
#3183 = ORIENTED_EDGE ( 'NONE', *, *, #4790, .F. ) ;
#3184 = CIRCLE ( 'NONE', #5039, 0.4999999999999987200 ) ;
#3185 = COLOUR_RGB ( '',0.0000000000000000000, 0.0000000000000000000, 0.0000000000000000000 ) ;
#3186 =( NAMED_UNIT ( * ) SI_UNIT ( $, .STERADIAN. ) SOLID_ANGLE_UNIT ( ) );
#3187 =( NAMED_UNIT ( * ) SI_UNIT ( $, .STERADIAN. ) SOLID_ANGLE_UNIT ( ) );
#3188 = VERTEX_POINT ( 'NONE', #3814 ) ;
#3189 = EDGE_CURVE ( 'NONE', #2941, #5321, #3109, .T. ) ;
#3190 =( LENGTH_UNIT ( ) NAMED_UNIT ( * ) SI_UNIT ( .MILLI., .METRE. ) );
#3191 = STYLED_ITEM ( 'NONE', ( #189 ), #2186 ) ;
#3192 =( NAMED_UNIT ( * ) SI_UNIT ( $, .STERADIAN. ) SOLID_ANGLE_UNIT ( ) );
#3193 = PRESENTATION_STYLE_ASSIGNMENT (( #1647 ) ) ;
#3194 = CARTESIAN_POINT ( 'NONE',  ( -18.00000000000000400, 40.00000000000000000, 8.300000000000000700 ) ) ;
#3195 = EDGE_LOOP ( 'NONE', ( #58, #4695, #2689, #4829 ) ) ;
#3196 = PRESENTATION_LAYER_ASSIGNMENT (  '', '', ( #2618 ) ) ;
#3197 = VERTEX_POINT ( 'NONE', #3016 ) ;
#3198 = EDGE_CURVE ( 'NONE', #2760, #5081, #541, .T. ) ;
#3199 = ORIENTED_EDGE ( 'NONE', *, *, #3198, .T. ) ;
#3200 = EDGE_LOOP ( 'NONE', ( #3434, #1833 ) ) ;
#3201 =( NAMED_UNIT ( * ) PLANE_ANGLE_UNIT ( ) SI_UNIT ( $, .RADIAN. ) );
#3202 = AXIS2_PLACEMENT_3D ( 'NONE', #2541, #5414, #2986 ) ;
#3203 = FILL_AREA_STYLE ('',( #4367 ) ) ;
#3204 =( GEOMETRIC_REPRESENTATION_CONTEXT ( 3 ) GLOBAL_UNCERTAINTY_ASSIGNED_CONTEXT ( ( #232 ) ) GLOBAL_UNIT_ASSIGNED_CONTEXT ( ( #1183, #1177, #1192 ) ) REPRESENTATION_CONTEXT ( 'NONE', 'WORKASPACE' ) );
#3205 = SURFACE_SIDE_STYLE ('',( #1558 ) ) ;
#3206 = SURFACE_STYLE_USAGE ( .BOTH. , #3172 ) ;
#3207 = CIRCLE ( 'NONE', #3142, 9.500000000000000000 ) ;
#3208 = DIRECTION ( 'NONE',  ( -1.000000000000000000, -0.0000000000000000000, 0.0000000000000000000 ) ) ;
#3209 = EDGE_LOOP ( 'NONE', ( #3758, #1137, #3452, #3867 ) ) ;
#3210 = EDGE_CURVE ( 'NONE', #4930, #4033, #2982, .T. ) ;
#3211 = MECHANICAL_DESIGN_GEOMETRIC_PRESENTATION_REPRESENTATION (  '', ( #2302 ), #3466 ) ;
#3212 = DIRECTION ( 'NONE',  ( -1.000000000000000000, -0.0000000000000000000, -0.0000000000000000000 ) ) ;
#3213 = CARTESIAN_POINT ( 'NONE',  ( -31.99999999981068300, 28.99999999999794700, -14.79289321881200300 ) ) ;
#3214 = EDGE_CURVE ( 'NONE', #294, #4378, #3896, .T. ) ;
#3215 = PRESENTATION_STYLE_ASSIGNMENT (( #2522 ) ) ;
#3216 = ORIENTED_EDGE ( 'NONE', *, *, #3249, .T. ) ;
#3217 = FILL_AREA_STYLE ('',( #45 ) ) ;
#3218 = CARTESIAN_POINT ( 'NONE',  ( -27.89565275540000400, 22.50000000000000000, 8.895652755398002000 ) ) ;
#3219 = CARTESIAN_POINT ( 'NONE',  ( 0.0000000000000000000, 14.09108147143905800, -9.863134540564601600 ) ) ;
#3220 =( GEOMETRIC_REPRESENTATION_CONTEXT ( 3 ) GLOBAL_UNCERTAINTY_ASSIGNED_CONTEXT ( ( #2747 ) ) GLOBAL_UNIT_ASSIGNED_CONTEXT ( ( #955, #1871, #1577 ) ) REPRESENTATION_CONTEXT ( 'NONE', 'WORKASPACE' ) );
#3221 = CIRCLE ( 'NONE', #3717, 1.000000000000000900 ) ;
#3222 = EDGE_CURVE ( 'NONE', #566, #5472, #4981, .T. ) ;
#3223 = VERTEX_POINT ( 'NONE', #1650 ) ;
#3224 = ORIENTED_EDGE ( 'NONE', *, *, #3416, .F. ) ;
#3225 = DIRECTION ( 'NONE',  ( 0.0000000000000000000, 0.0000000000000000000, 1.000000000000000000 ) ) ;
#3226 = CIRCLE ( 'NONE', #5179, 19.00000000000000000 ) ;
#3227 =( GEOMETRIC_REPRESENTATION_CONTEXT ( 3 ) GLOBAL_UNCERTAINTY_ASSIGNED_CONTEXT ( ( #2881 ) ) GLOBAL_UNIT_ASSIGNED_CONTEXT ( ( #946, #3996, #1399 ) ) REPRESENTATION_CONTEXT ( 'NONE', 'WORKASPACE' ) );
#3228 = DIRECTION ( 'NONE',  ( 0.4226182617379173900, -0.9063077870379472300, 0.0000000000000000000 ) ) ;
#3229 =( GEOMETRIC_REPRESENTATION_CONTEXT ( 3 ) GLOBAL_UNCERTAINTY_ASSIGNED_CONTEXT ( ( #4669 ) ) GLOBAL_UNIT_ASSIGNED_CONTEXT ( ( #1363, #1455, #1437 ) ) REPRESENTATION_CONTEXT ( 'NONE', 'WORKASPACE' ) );
#3230 = VECTOR ( 'NONE', #3244, 1000.000000000000000 ) ;
#3231 = DIRECTION ( 'NONE',  ( -0.0000000000000000000, 1.000000000000000000, -0.0000000000000000000 ) ) ;
#3232 = SURFACE_STYLE_FILL_AREA ( #919 ) ;
#3233 =( NAMED_UNIT ( * ) PLANE_ANGLE_UNIT ( ) SI_UNIT ( $, .RADIAN. ) );
#3234 = UNCERTAINTY_MEASURE_WITH_UNIT (LENGTH_MEASURE( 1.000000000000000100E-005 ), #1209, 'distance_accuracy_value', 'NONE');
#3235 = LINE ( 'NONE', #225, #3349 ) ;
#3236 = EDGE_LOOP ( 'NONE', ( #1086, #1808, #3649, #2241 ) ) ;
#3237 = CARTESIAN_POINT ( 'NONE',  ( -27.89565275540000400, 22.60434724460000700, 5.000000000000000000 ) ) ;
#3238 =( GEOMETRIC_REPRESENTATION_CONTEXT ( 3 ) GLOBAL_UNCERTAINTY_ASSIGNED_CONTEXT ( ( #4844 ) ) GLOBAL_UNIT_ASSIGNED_CONTEXT ( ( #5420, #5363, #5327 ) ) REPRESENTATION_CONTEXT ( 'NONE', 'WORKASPACE' ) );
#3239 = LINE ( 'NONE', #4314, #5385 ) ;
#3240 = CARTESIAN_POINT ( 'NONE',  ( -3.500306820857652700, 29.00000000000000400, -14.03426719385490400 ) ) ;
#3241 = PRESENTATION_STYLE_ASSIGNMENT (( #2526 ) ) ;
#3242 = ORIENTED_EDGE ( 'NONE', *, *, #1883, .F. ) ;
#3243 = ORIENTED_EDGE ( 'NONE', *, *, #4835, .T. ) ;
#3244 = DIRECTION ( 'NONE',  ( -0.0000000000000000000, 1.000000000000000000, -0.0000000000000000000 ) ) ;
#3245 = MECHANICAL_DESIGN_GEOMETRIC_PRESENTATION_REPRESENTATION (  '', ( #2361 ), #3507 ) ;
#3246 = ORIENTED_EDGE ( 'NONE', *, *, #4815, .T. ) ;
#3247 = COLOUR_RGB ( '',0.0000000000000000000, 0.0000000000000000000, 0.0000000000000000000 ) ;
#3248 = SURFACE_STYLE_FILL_AREA ( #1004 ) ;
#3249 = EDGE_CURVE ( 'NONE', #4705, #2344, #390, .T. ) ;
#3250 = VERTEX_POINT ( 'NONE', #1198 ) ;
#3251 =( NAMED_UNIT ( * ) PLANE_ANGLE_UNIT ( ) SI_UNIT ( $, .RADIAN. ) );
#3252 = CARTESIAN_POINT ( 'NONE',  ( -3.866026937329989800, 28.99999999999999600, -14.49880043489513800 ) ) ;
#3253 = CARTESIAN_POINT ( 'NONE',  ( -3.000000000000002700, 14.22676663990985600, 9.666390793545861700 ) ) ;
#3254 = ORIENTED_EDGE ( 'NONE', *, *, #4977, .F. ) ;
#3255 =( GEOMETRIC_REPRESENTATION_CONTEXT ( 3 ) GLOBAL_UNCERTAINTY_ASSIGNED_CONTEXT ( ( #4992 ) ) GLOBAL_UNIT_ASSIGNED_CONTEXT ( ( #2002, #4951, #2502 ) ) REPRESENTATION_CONTEXT ( 'NONE', 'WORKASPACE' ) );
#3256 = EDGE_CURVE ( 'NONE', #691, #3625, #244, .T. ) ;
#3257 = SURFACE_SIDE_STYLE ('',( #2433 ) ) ;
#3258 = ORIENTED_EDGE ( 'NONE', *, *, #1628, .T. ) ;
#3259 =( GEOMETRIC_REPRESENTATION_CONTEXT ( 3 ) GLOBAL_UNCERTAINTY_ASSIGNED_CONTEXT ( ( #3806 ) ) GLOBAL_UNIT_ASSIGNED_CONTEXT ( ( #954, #917, #936 ) ) REPRESENTATION_CONTEXT ( 'NONE', 'WORKASPACE' ) );
#3260 = ORIENTED_EDGE ( 'NONE', *, *, #2001, .F. ) ;
#3261 =( NAMED_UNIT ( * ) PLANE_ANGLE_UNIT ( ) SI_UNIT ( $, .RADIAN. ) );
#3262 = CARTESIAN_POINT ( 'NONE',  ( -3.000000000000002700, 0.0000000000000000000, 0.0000000000000000000 ) ) ;
#3263 = COLOUR_RGB ( '',0.0000000000000000000, 0.0000000000000000000, 0.0000000000000000000 ) ;
#3264 = EDGE_CURVE ( 'NONE', #1097, #2879, #1457, .T. ) ;
#3265 = PRESENTATION_LAYER_ASSIGNMENT (  '', '', ( #3532 ) ) ;
#3266 = FILL_AREA_STYLE ('',( #579 ) ) ;
#3267 = COLOUR_RGB ( '',0.0000000000000000000, 0.0000000000000000000, 0.0000000000000000000 ) ;
#3268 = DIRECTION ( 'NONE',  ( 2.297646988048755200E-015, -1.000000000000000000, 0.0000000000000000000 ) ) ;
#3269 = ORIENTED_EDGE ( 'NONE', *, *, #4045, .T. ) ;
#3270 =( LENGTH_UNIT ( ) NAMED_UNIT ( * ) SI_UNIT ( .MILLI., .METRE. ) );
#3271 =( NAMED_UNIT ( * ) PLANE_ANGLE_UNIT ( ) SI_UNIT ( $, .RADIAN. ) );
#3272 = EDGE_CURVE ( 'NONE', #183, #3413, #3662, .T. ) ;
#3273 =( NAMED_UNIT ( * ) SI_UNIT ( $, .STERADIAN. ) SOLID_ANGLE_UNIT ( ) );
#3274 = PRESENTATION_LAYER_ASSIGNMENT (  '', '', ( #3543 ) ) ;
#3275 = VECTOR ( 'NONE', #506, 1000.000000000000000 ) ;
#3276 = EDGE_LOOP ( 'NONE', ( #2179, #3366, #5539, #3495, #4555 ) ) ;
#3277 = VERTEX_POINT ( 'NONE', #3464 ) ;
#3278 = VECTOR ( 'NONE', #2887, 1000.000000000000000 ) ;
#3279 = COLOUR_RGB ( '',0.0000000000000000000, 0.0000000000000000000, 0.0000000000000000000 ) ;
#3280 = PRESENTATION_STYLE_ASSIGNMENT (( #2514 ) ) ;
#3281 = CARTESIAN_POINT ( 'NONE',  ( -32.00000000000000000, 28.49999999999999600, -14.00000000000000000 ) ) ;
#3282 = DIRECTION ( 'NONE',  ( -1.000000000000000000, -0.0000000000000000000, -0.0000000000000000000 ) ) ;
#3283 = FILL_AREA_STYLE ('',( #5624 ) ) ;
#3284 =( GEOMETRIC_REPRESENTATION_CONTEXT ( 3 ) GLOBAL_UNCERTAINTY_ASSIGNED_CONTEXT ( ( #4604 ) ) GLOBAL_UNIT_ASSIGNED_CONTEXT ( ( #2427, #2393, #2317 ) ) REPRESENTATION_CONTEXT ( 'NONE', 'WORKASPACE' ) );
#3285 = EDGE_CURVE ( 'NONE', #5004, #1462, #4600, .T. ) ;
#3286 = LINE ( 'NONE', #4165, #4200 ) ;
#3287 = COLOUR_RGB ( '',1.000000000000000000, 1.000000000000000000, 0.9490196078431372100 ) ;
#3288 = ORIENTED_EDGE ( 'NONE', *, *, #2194, .T. ) ;
#3289 = PLANE ( 'NONE',  #1214 ) ;
#3290 = DIRECTION ( 'NONE',  ( -0.0000000000000000000, -0.0000000000000000000, -1.000000000000000000 ) ) ;
#3291 = VECTOR ( 'NONE', #5125, 1000.000000000000000 ) ;
#3292 = LINE ( 'NONE', #2326, #4601 ) ;
#3293 = MECHANICAL_DESIGN_GEOMETRIC_PRESENTATION_REPRESENTATION (  '', ( #2431 ), #3561 ) ;
#3294 =( NAMED_UNIT ( * ) PLANE_ANGLE_UNIT ( ) SI_UNIT ( $, .RADIAN. ) );
#3295 = ORIENTED_EDGE ( 'NONE', *, *, #3222, .F. ) ;
#3296 = UNCERTAINTY_MEASURE_WITH_UNIT (LENGTH_MEASURE( 1.000000000000000100E-005 ), #1948, 'distance_accuracy_value', 'NONE');
#3297 = CARTESIAN_POINT ( 'NONE',  ( -3.308231502764908100, 11.99899041746586200, -14.73248922036065300 ) ) ;
#3298 = ORIENTED_EDGE ( 'NONE', *, *, #649, .T. ) ;
#3299 = CARTESIAN_POINT ( 'NONE',  ( -2.700000000000008200, 5.048709793414475600E-026, 11.60000000000000000 ) ) ;
#3300 = LINE ( 'NONE', #2005, #892 ) ;
#3301 = PLANE ( 'NONE',  #830 ) ;
#3302 = AXIS2_PLACEMENT_3D ( 'NONE', #889, #5401, #5426 ) ;
#3303 = DIRECTION ( 'NONE',  ( 2.300777865986237300E-015, -1.000000000000000000, 0.0000000000000000000 ) ) ;
#3304 = COLOUR_RGB ( '',0.0000000000000000000, 0.0000000000000000000, 0.0000000000000000000 ) ;
#3305 = ORIENTED_EDGE ( 'NONE', *, *, #1115, .F. ) ;
#3306 = EDGE_LOOP ( 'NONE', ( #2045, #4868 ) ) ;
#3307 = EDGE_CURVE ( 'NONE', #3188, #2941, #3709, .T. ) ;
#3308 = PRESENTATION_LAYER_ASSIGNMENT (  '', '', ( #2767 ) ) ;
#3309 = CARTESIAN_POINT ( 'NONE',  ( 0.0000000000000000000, 15.76954587281149300, -9.863134540564601600 ) ) ;
#3310 = VERTEX_POINT ( 'NONE', #4668 ) ;
#3311 = CARTESIAN_POINT ( 'NONE',  ( 6.938893903907228400E-015, 1.148823494024378200E-013, -1.249941288410261100E-028 ) ) ;
#3312 =( LENGTH_UNIT ( ) NAMED_UNIT ( * ) SI_UNIT ( .MILLI., .METRE. ) );
#3313 = PRESENTATION_LAYER_ASSIGNMENT (  '', '', ( #2776 ) ) ;
#3314 = SURFACE_STYLE_USAGE ( .BOTH. , #3367 ) ;
#3315 = ORIENTED_EDGE ( 'NONE', *, *, #4922, .F. ) ;
#3316 = CARTESIAN_POINT ( 'NONE',  ( -3.000000000000002700, 5.048709793414475600E-026, 1.656607900964124800E-026 ) ) ;
#3317 = PRESENTATION_STYLE_ASSIGNMENT (( #3571 ) ) ;
#3318 =( GEOMETRIC_REPRESENTATION_CONTEXT ( 3 ) GLOBAL_UNCERTAINTY_ASSIGNED_CONTEXT ( ( #5437 ) ) GLOBAL_UNIT_ASSIGNED_CONTEXT ( ( #4327, #1773, #4742 ) ) REPRESENTATION_CONTEXT ( 'NONE', 'WORKASPACE' ) );
#3319 = COLOUR_RGB ( '',1.000000000000000000, 1.000000000000000000, 0.9490196078431372100 ) ;
#3320 = STYLED_ITEM ( 'NONE', ( #1667 ), #1408 ) ;
#3321 = ORIENTED_EDGE ( 'NONE', *, *, #3573, .T. ) ;
#3322 =( LENGTH_UNIT ( ) NAMED_UNIT ( * ) SI_UNIT ( .MILLI., .METRE. ) );
#3323 = FILL_AREA_STYLE_COLOUR ( '', #3572 ) ;
#3324 = PRESENTATION_STYLE_ASSIGNMENT (( #2771 ) ) ;
#3325 =( NAMED_UNIT ( * ) PLANE_ANGLE_UNIT ( ) SI_UNIT ( $, .RADIAN. ) );
#3326 = DIRECTION ( 'NONE',  ( -0.0000000000000000000, -1.000000000000000000, -0.0000000000000000000 ) ) ;
#3327 = PRESENTATION_LAYER_ASSIGNMENT (  '', '', ( #2794 ) ) ;
#3328 = PRESENTATION_STYLE_ASSIGNMENT (( #2877 ) ) ;
#3329 = EDGE_LOOP ( 'NONE', ( #1052, #3433, #5616, #3567 ) ) ;
#3330 = PLANE ( 'NONE',  #4042 ) ;
#3331 = CARTESIAN_POINT ( 'NONE',  ( -4.000000000000003600, 28.50000000000000000, -14.50000000000155400 ) ) ;
#3332 = CARTESIAN_POINT ( 'NONE',  ( -15.11783821675069600, 16.63637253886611600, 3.510228833994058800 ) ) ;
#3333 = UNCERTAINTY_MEASURE_WITH_UNIT (LENGTH_MEASURE( 1.000000000000000100E-005 ), #5099, 'distance_accuracy_value', 'NONE');
#3334 = PRESENTATION_STYLE_ASSIGNMENT (( #1685 ) ) ;
#3335 = AXIS2_PLACEMENT_3D ( 'NONE', #3146, #2221, #2239 ) ;
#3336 = LINE ( 'NONE', #735, #2012 ) ;
#3337 = EDGE_CURVE ( 'NONE', #4010, #2119, #2569, .T. ) ;
#3338 =( LENGTH_UNIT ( ) NAMED_UNIT ( * ) SI_UNIT ( .MILLI., .METRE. ) );
#3339 = PRESENTATION_LAYER_ASSIGNMENT (  '', '', ( #2807 ) ) ;
#3340 = VECTOR ( 'NONE', #840, 1000.000000000000000 ) ;
#3341 = CARTESIAN_POINT ( 'NONE',  ( -23.38000000000000300, 16.12227264096500400, 9.669432991428005100 ) ) ;
#3342 = PRESENTATION_STYLE_ASSIGNMENT (( #1486 ) ) ;
#3343 = CIRCLE ( 'NONE', #5291, 18.60000000033995300 ) ;
#3344 = DIRECTION ( 'NONE',  ( 0.4539904997392255100, -0.8910065241885315500, 0.0000000000000000000 ) ) ;
#3345 = STYLED_ITEM ( 'NONE', ( #3342 ), #2534 ) ;
#3346 = ORIENTED_EDGE ( 'NONE', *, *, #233, .T. ) ;
#3347 = EDGE_CURVE ( 'NONE', #1805, #831, #104, .T. ) ;
#3348 = PRESENTATION_STYLE_ASSIGNMENT (( #2313 ) ) ;
#3349 = VECTOR ( 'NONE', #2965, 1000.000000000000000 ) ;
#3350 = ORIENTED_EDGE ( 'NONE', *, *, #5501, .F. ) ;
#3351 = LINE ( 'NONE', #2954, #965 ) ;
#3352 = CARTESIAN_POINT ( 'NONE',  ( 0.0000000000000000000, 25.00000000000000000, 9.765000000000000600 ) ) ;
#3353 = CARTESIAN_POINT ( 'NONE',  ( -16.50000000000000000, 34.49999999999999300, -8.299999999999998900 ) ) ;
#3354 = PRESENTATION_STYLE_ASSIGNMENT (( #2513 ) ) ;
#3355 = EDGE_LOOP ( 'NONE', ( #5188, #1241, #1125, #3515 ) ) ;
#3356 = VECTOR ( 'NONE', #646, 1000.000000000000000 ) ;
#3357 = UNCERTAINTY_MEASURE_WITH_UNIT (LENGTH_MEASURE( 1.000000000000000100E-005 ), #547, 'distance_accuracy_value', 'NONE');
#3358 = FILL_AREA_STYLE_COLOUR ( '', #589 ) ;
#3359 = VERTEX_POINT ( 'NONE', #2692 ) ;
#3360 = STYLED_ITEM ( 'NONE', ( #4521 ), #1606 ) ;
#3361 = ORIENTED_EDGE ( 'NONE', *, *, #5200, .F. ) ;
#3362 = SURFACE_STYLE_USAGE ( .BOTH. , #3658 ) ;
#3363 = FACE_OUTER_BOUND ( 'NONE', #270, .T. ) ;
#3364 = COLOUR_RGB ( '',0.0000000000000000000, 0.0000000000000000000, 0.0000000000000000000 ) ;
#3365 = CARTESIAN_POINT ( 'NONE',  ( -18.39999999999999900, 40.50000000000000000, -2.649999999999999500 ) ) ;
#3366 = ORIENTED_EDGE ( 'NONE', *, *, #671, .T. ) ;
#3367 = SURFACE_SIDE_STYLE ('',( #1153 ) ) ;
#3368 = EDGE_CURVE ( 'NONE', #4766, #3630, #1148, .T. ) ;
#3369 = STYLED_ITEM ( 'NONE', ( #3334 ), #1820 ) ;
#3370 = DIRECTION ( 'NONE',  ( -0.0000000000000000000, -0.0000000000000000000, 1.000000000000000000 ) ) ;
#3371 = ORIENTED_EDGE ( 'NONE', *, *, #3126, .T. ) ;
#3372 =( LENGTH_UNIT ( ) NAMED_UNIT ( * ) SI_UNIT ( .MILLI., .METRE. ) );
#3373 = EDGE_CURVE ( 'NONE', #1178, #4954, #4473, .T. ) ;
#3374 = DIRECTION ( 'NONE',  ( 0.0000000000000000000, -1.000000000000000000, 0.0000000000000000000 ) ) ;
#3375 = ORIENTED_EDGE ( 'NONE', *, *, #520, .F. ) ;
#3376 =( GEOMETRIC_REPRESENTATION_CONTEXT ( 3 ) GLOBAL_UNCERTAINTY_ASSIGNED_CONTEXT ( ( #514 ) ) GLOBAL_UNIT_ASSIGNED_CONTEXT ( ( #891, #858, #833 ) ) REPRESENTATION_CONTEXT ( 'NONE', 'WORKASPACE' ) );
#3377 =( NAMED_UNIT ( * ) SI_UNIT ( $, .STERADIAN. ) SOLID_ANGLE_UNIT ( ) );
#3378 = FILL_AREA_STYLE ('',( #3323 ) ) ;
#3379 = VERTEX_POINT ( 'NONE', #1273 ) ;
#3380 = STYLED_ITEM ( 'NONE', ( #1600 ), #2400 ) ;
#3381 = VERTEX_POINT ( 'NONE', #1726 ) ;
#3382 = EDGE_CURVE ( 'NONE', #322, #4426, #4338, .T. ) ;
#3383 = DIRECTION ( 'NONE',  ( -1.000000000000000000, 0.0000000000000000000, 0.0000000000000000000 ) ) ;
#3384 = FACE_OUTER_BOUND ( 'NONE', #2271, .T. ) ;
#3385 = UNCERTAINTY_MEASURE_WITH_UNIT (LENGTH_MEASURE( 1.000000000000000100E-005 ), #1117, 'distance_accuracy_value', 'NONE');
#3386 = SURFACE_STYLE_USAGE ( .BOTH. , #1126 ) ;
#3387 = AXIS2_PLACEMENT_3D ( 'NONE', #5034, #2600, #5459 ) ;
#3388 =( NAMED_UNIT ( * ) PLANE_ANGLE_UNIT ( ) SI_UNIT ( $, .RADIAN. ) );
#3389 =( GEOMETRIC_REPRESENTATION_CONTEXT ( 3 ) GLOBAL_UNCERTAINTY_ASSIGNED_CONTEXT ( ( #2529 ) ) GLOBAL_UNIT_ASSIGNED_CONTEXT ( ( #5473, #5475, #5487 ) ) REPRESENTATION_CONTEXT ( 'NONE', 'WORKASPACE' ) );
#3390 = DIRECTION ( 'NONE',  ( -0.0000000000000000000, -0.0000000000000000000, 1.000000000000000000 ) ) ;
#3391 = DIRECTION ( 'NONE',  ( 0.0000000000000000000, 0.0000000000000000000, 1.000000000000000000 ) ) ;
#3392 = VERTEX_POINT ( 'NONE', #4700 ) ;
#3393 = ORIENTED_EDGE ( 'NONE', *, *, #4612, .T. ) ;
#3394 = DIRECTION ( 'NONE',  ( 0.0000000000000000000, -1.000000000000000000, 1.734723475976818900E-015 ) ) ;
#3395 = CARTESIAN_POINT ( 'NONE',  ( -46.50000000000000000, 2.051283388571816900E-015, -16.75000000000000000 ) ) ;
#3396 = AXIS2_PLACEMENT_3D ( 'NONE', #1103, #1067, #710 ) ;
#3397 = SHAPE_DEFINITION_REPRESENTATION ( #2460, #4068 ) ;
#3398 = EDGE_LOOP ( 'NONE', ( #4550, #1239, #1385, #4804 ) ) ;
#3399 = ORIENTED_EDGE ( 'NONE', *, *, #3090, .F. ) ;
#3400 = CARTESIAN_POINT ( 'NONE',  ( -18.00000000000000400, 32.50000000000000000, -0.5999999999999998700 ) ) ;
#3401 = CARTESIAN_POINT ( 'NONE',  ( -2.656295322589485900E-014, 16.30043030564249000, -1.249941288410261100E-028 ) ) ;
#3402 = EDGE_CURVE ( 'NONE', #3613, #3678, #2246, .T. ) ;
#3403 = VECTOR ( 'NONE', #1447, 1000.000000000000000 ) ;
#3404 = AXIS2_PLACEMENT_3D ( 'NONE', #1584, #1132, #703 ) ;
#3405 = ORIENTED_EDGE ( 'NONE', *, *, #353, .F. ) ;
#3406 = LINE ( 'NONE', #1102, #1023 ) ;
#3407 = AXIS2_PLACEMENT_3D ( 'NONE', #562, #205, #184 ) ;
#3408 = DIRECTION ( 'NONE',  ( -1.000000000000000000, -0.0000000000000000000, -0.0000000000000000000 ) ) ;
#3409 = VECTOR ( 'NONE', #3504, 1000.000000000000100 ) ;
#3410 = LINE ( 'NONE', #4022, #2248 ) ;
#3411 = ORIENTED_EDGE ( 'NONE', *, *, #4694, .F. ) ;
#3412 = FACE_OUTER_BOUND ( 'NONE', #699, .T. ) ;
#3413 = VERTEX_POINT ( 'NONE', #847 ) ;
#3414 = AXIS2_PLACEMENT_3D ( 'NONE', #4253, #1702, #4677 ) ;
#3415 = CIRCLE ( 'NONE', #5324, 0.5000000000000004400 ) ;
#3416 = EDGE_CURVE ( 'NONE', #3906, #3381, #2093, .T. ) ;
#3417 = CARTESIAN_POINT ( 'NONE',  ( 0.0000000000000000000, 14.09108147143905800, -9.863134540564601600 ) ) ;
#3418 = TOROIDAL_SURFACE ( 'NONE', #613, 17.10000000000000100, 1.399999999999999900 ) ;
#3419 = ORIENTED_EDGE ( 'NONE', *, *, #2620, .T. ) ;
#3420 = CARTESIAN_POINT ( 'NONE',  ( -15.42748287620738900, 16.80820980927040500, -2.565728790379989000 ) ) ;
#3421 = CARTESIAN_POINT ( 'NONE',  ( -14.70000000000000500, 32.50000000000000000, -0.5999999999999999800 ) ) ;
#3422 = COLOUR_RGB ( '',0.0000000000000000000, 0.0000000000000000000, 0.0000000000000000000 ) ;
#3423 = STYLED_ITEM ( 'NONE', ( #3215 ), #1662 ) ;
#3424 = ORIENTED_EDGE ( 'NONE', *, *, #4639, .F. ) ;
#3425 = DIRECTION ( 'NONE',  ( -0.0000000000000000000, 1.000000000000000000, -0.0000000000000000000 ) ) ;
#3426 = DIRECTION ( 'NONE',  ( 0.0000000000000000000, 1.000000000000000000, 0.0000000000000000000 ) ) ;
#3427 = DIRECTION ( 'NONE',  ( 0.0000000000000000000, -1.000000000000000000, 0.0000000000000000000 ) ) ;
#3428 = ORIENTED_EDGE ( 'NONE', *, *, #1721, .F. ) ;
#3429 = AXIS2_PLACEMENT_3D ( 'NONE', #287, #1130, #1147 ) ;
#3430 = CARTESIAN_POINT ( 'NONE',  ( -33.00000000000000000, 14.73091986265769300, 11.99999999999897900 ) ) ;
#3431 = PRESENTATION_STYLE_ASSIGNMENT (( #1679 ) ) ;
#3432 =( NAMED_UNIT ( * ) SI_UNIT ( $, .STERADIAN. ) SOLID_ANGLE_UNIT ( ) );
#3433 = ORIENTED_EDGE ( 'NONE', *, *, #5388, .F. ) ;
#3434 = ORIENTED_EDGE ( 'NONE', *, *, #1127, .T. ) ;
#3435 = ORIENTED_EDGE ( 'NONE', *, *, #204, .T. ) ;
#3436 = EDGE_CURVE ( 'NONE', #4247, #53, #886, .T. ) ;
#3437 = FILL_AREA_STYLE_COLOUR ( '', #4101 ) ;
#3438 = CARTESIAN_POINT ( 'NONE',  ( -3.000000000000002700, 15.89090585921521300, 9.666390793545648600 ) ) ;
#3439 = ORIENTED_EDGE ( 'NONE', *, *, #353, .T. ) ;
#3440 = DIRECTION ( 'NONE',  ( -1.000000000000000000, -0.0000000000000000000, -0.0000000000000000000 ) ) ;
#3441 = CARTESIAN_POINT ( 'NONE',  ( -3.499999999999998200, 29.00000000000001400, 13.99999999999886300 ) ) ;
#3442 = AXIS2_PLACEMENT_3D ( 'NONE', #2329, #652, #4300 ) ;
#3443 = SURFACE_STYLE_USAGE ( .BOTH. , #3519 ) ;
#3444 = DIRECTION ( 'NONE',  ( 0.0000000000000000000, -0.0000000000000000000, 1.000000000000000000 ) ) ;
#3445 = LINE ( 'NONE', #4273, #4375 ) ;
#3446 = EDGE_CURVE ( 'NONE', #3122, #1352, #4208, .T. ) ;
#3447 = UNCERTAINTY_MEASURE_WITH_UNIT (LENGTH_MEASURE( 1.000000000000000100E-005 ), #4878, 'distance_accuracy_value', 'NONE');
#3448 = CARTESIAN_POINT ( 'NONE',  ( 0.0000000000000000000, 0.0000000000000000000, 0.0000000000000000000 ) ) ;
#3449 = CARTESIAN_POINT ( 'NONE',  ( -15.75000000000000000, 36.24999999999999300, 0.6000000000000000900 ) ) ;
#3450 = FILL_AREA_STYLE_COLOUR ( '', #5596 ) ;
#3451 = DIRECTION ( 'NONE',  ( 0.0000000000000000000, 0.0000000000000000000, 1.000000000000000000 ) ) ;
#3452 = ORIENTED_EDGE ( 'NONE', *, *, #937, .F. ) ;
#3453 = AXIS2_PLACEMENT_3D ( 'NONE', #4224, #1660, #4638 ) ;
#3454 = CARTESIAN_POINT ( 'NONE',  ( -27.89565275540000400, 22.65538160275000100, 12.00000000000000000 ) ) ;
#3455 = STYLED_ITEM ( 'NONE', ( #1440 ), #1574 ) ;
#3456 = DIRECTION ( 'NONE',  ( -1.000000000000000000, -2.297646988048755200E-015, -0.0000000000000000000 ) ) ;
#3457 = SURFACE_STYLE_FILL_AREA ( #98 ) ;
#3458 =( NAMED_UNIT ( * ) SI_UNIT ( $, .STERADIAN. ) SOLID_ANGLE_UNIT ( ) );
#3459 = EDGE_LOOP ( 'NONE', ( #1531, #2800, #3856, #4935 ) ) ;
#3460 = LINE ( 'NONE', #4173, #2309 ) ;
#3461 = EDGE_CURVE ( 'NONE', #4501, #1173, #2409, .T. ) ;
#3462 = FACE_OUTER_BOUND ( 'NONE', #1167, .T. ) ;
#3463 = CARTESIAN_POINT ( 'NONE',  ( -27.89565275540000400, 14.57553825991000100, -12.00000000000000000 ) ) ;
#3464 = CARTESIAN_POINT ( 'NONE',  ( -16.50000000000000000, 34.50000000000000000, -8.299999999999998900 ) ) ;
#3465 = CYLINDRICAL_SURFACE ( 'NONE', #4920, 17.00000000000000000 ) ;
#3466 =( GEOMETRIC_REPRESENTATION_CONTEXT ( 3 ) GLOBAL_UNCERTAINTY_ASSIGNED_CONTEXT ( ( #5001 ) ) GLOBAL_UNIT_ASSIGNED_CONTEXT ( ( #4077, #4061, #4007 ) ) REPRESENTATION_CONTEXT ( 'NONE', 'WORKASPACE' ) );
#3467 =( NAMED_UNIT ( * ) PLANE_ANGLE_UNIT ( ) SI_UNIT ( $, .RADIAN. ) );
#3468 = CARTESIAN_POINT ( 'NONE',  ( -22.13682206999000000, 42.09457072034000200, 6.960431939617999200 ) ) ;
#3469 = VECTOR ( 'NONE', #3882, 1000.000000000000000 ) ;
#3470 = FACE_OUTER_BOUND ( 'NONE', #719, .T. ) ;
#3471 =( NAMED_UNIT ( * ) PLANE_ANGLE_UNIT ( ) SI_UNIT ( $, .RADIAN. ) );
#3472 =( LENGTH_UNIT ( ) NAMED_UNIT ( * ) SI_UNIT ( .MILLI., .METRE. ) );
#3473 = EDGE_CURVE ( 'NONE', #2729, #5207, #748, .T. ) ;
#3474 = PRESENTATION_LAYER_ASSIGNMENT (  '', '', ( #2310 ) ) ;
#3475 = DIRECTION ( 'NONE',  ( 0.0000000000000000000, -1.000000000000000000, 0.0000000000000000000 ) ) ;
#3476 = VECTOR ( 'NONE', #1390, 1000.000000000000000 ) ;
#3477 = DIRECTION ( 'NONE',  ( -1.000000000000000000, 0.0000000000000000000, 0.0000000000000000000 ) ) ;
#3478 = DIRECTION ( 'NONE',  ( 4.558853294866949700E-012, 0.0000000000000000000, -1.000000000000000000 ) ) ;
#3479 = LINE ( 'NONE', #3341, #2333 ) ;
#3480 = ORIENTED_EDGE ( 'NONE', *, *, #3436, .T. ) ;
#3481 = ORIENTED_EDGE ( 'NONE', *, *, #125, .F. ) ;
#3482 = VECTOR ( 'NONE', #2904, 1000.000000000000000 ) ;
#3483 = PRESENTATION_LAYER_ASSIGNMENT (  '', '', ( #3746 ) ) ;
#3484 = CARTESIAN_POINT ( 'NONE',  ( -30.50000000000000700, 22.50000000000000000, 5.000000000000000000 ) ) ;
#3485 = EDGE_CURVE ( 'NONE', #297, #994, #1950, .T. ) ;
#3486 = ORIENTED_EDGE ( 'NONE', *, *, #2943, .F. ) ;
#3487 = CARTESIAN_POINT ( 'NONE',  ( -32.98099088214299000, 12.59638212120931100, -14.22526477245911300 ) ) ;
#3488 =( NAMED_UNIT ( * ) SI_UNIT ( $, .STERADIAN. ) SOLID_ANGLE_UNIT ( ) );
#3489 = PRESENTATION_STYLE_ASSIGNMENT (( #5181 ) ) ;
#3490 = ORIENTED_EDGE ( 'NONE', *, *, #14, .T. ) ;
#3491 = VERTEX_POINT ( 'NONE', #2746 ) ;
#3492 = CARTESIAN_POINT ( 'NONE',  ( -11.70973714023224800, 15.03950644299378300, -7.927996835737197900 ) ) ;
#3493 = APPLICATION_PROTOCOL_DEFINITION ( 'draft international standard', 'automotive_design', 1998, #4674 ) ;
#3494 =( LENGTH_UNIT ( ) NAMED_UNIT ( * ) SI_UNIT ( .MILLI., .METRE. ) );
#3495 = ORIENTED_EDGE ( 'NONE', *, *, #3612, .F. ) ;
#3496 =( LENGTH_UNIT ( ) NAMED_UNIT ( * ) SI_UNIT ( .MILLI., .METRE. ) );
#3497 = STYLED_ITEM ( 'NONE', ( #5448 ), #1444 ) ;
#3498 = CARTESIAN_POINT ( 'NONE',  ( -46.50000000000000000, 0.0000000000000000000, 16.75000000000000000 ) ) ;
#3499 = ORIENTED_EDGE ( 'NONE', *, *, #3554, .F. ) ;
#3500 = UNCERTAINTY_MEASURE_WITH_UNIT (LENGTH_MEASURE( 1.000000000000000100E-005 ), #451, 'distance_accuracy_value', 'NONE');
#3501 = CARTESIAN_POINT ( 'NONE',  ( -15.50732528497579400, 16.85322551229161900, -2.251907540693173900 ) ) ;
#3502 = SURFACE_STYLE_USAGE ( .BOTH. , #3516 ) ;
#3503 = ORIENTED_EDGE ( 'NONE', *, *, #3683, .T. ) ;
#3504 = DIRECTION ( 'NONE',  ( -0.3892816206324551400, -0.8348171294801620700, -0.3892816206350763200 ) ) ;
#3505 = ORIENTED_EDGE ( 'NONE', *, *, #3699, .T. ) ;
#3506 = ORIENTED_EDGE ( 'NONE', *, *, #1491, .F. ) ;
#3507 =( GEOMETRIC_REPRESENTATION_CONTEXT ( 3 ) GLOBAL_UNCERTAINTY_ASSIGNED_CONTEXT ( ( #5274 ) ) GLOBAL_UNIT_ASSIGNED_CONTEXT ( ( #1294, #3271, #1021 ) ) REPRESENTATION_CONTEXT ( 'NONE', 'WORKASPACE' ) );
#3508 = EDGE_LOOP ( 'NONE', ( #479, #1735, #5384, #316 ) ) ;
#3509 = SURFACE_STYLE_FILL_AREA ( #3529 ) ;
#3510 = SURFACE_SIDE_STYLE ('',( #3799 ) ) ;
#3511 = VERTEX_POINT ( 'NONE', #5595 ) ;
#3512 = DIRECTION ( 'NONE',  ( -0.7313537016208920800, -0.6819983600606524000, 0.0000000000000000000 ) ) ;
#3513 = FACE_OUTER_BOUND ( 'NONE', #1547, .T. ) ;
#3514 = STYLED_ITEM ( 'NONE', ( #2992 ), #2258 ) ;
#3515 = ORIENTED_EDGE ( 'NONE', *, *, #5212, .F. ) ;
#3516 = SURFACE_SIDE_STYLE ('',( #3509 ) ) ;
#3517 =( NAMED_UNIT ( * ) PLANE_ANGLE_UNIT ( ) SI_UNIT ( $, .RADIAN. ) );
#3518 = UNCERTAINTY_MEASURE_WITH_UNIT (LENGTH_MEASURE( 1.000000000000000100E-005 ), #4522, 'distance_accuracy_value', 'NONE');
#3519 = SURFACE_SIDE_STYLE ('',( #4527 ) ) ;
#3520 = EDGE_CURVE ( 'NONE', #4033, #3188, #3960, .T. ) ;
#3521 = SURFACE_STYLE_FILL_AREA ( #4180 ) ;
#3522 = VERTEX_POINT ( 'NONE', #5156 ) ;
#3523 = FILL_AREA_STYLE_COLOUR ( '', #1676 ) ;
#3524 =( NAMED_UNIT ( * ) SI_UNIT ( $, .STERADIAN. ) SOLID_ANGLE_UNIT ( ) );
#3525 = ORIENTED_EDGE ( 'NONE', *, *, #1867, .T. ) ;
#3526 = CARTESIAN_POINT ( 'NONE',  ( -3.000000000000002700, 0.0000000000000000000, 0.0000000000000000000 ) ) ;
#3527 = ORIENTED_EDGE ( 'NONE', *, *, #443, .T. ) ;
#3528 = LINE ( 'NONE', #3646, #5581 ) ;
#3529 = FILL_AREA_STYLE ('',( #3924 ) ) ;
#3530 = DIRECTION ( 'NONE',  ( 0.0000000000000000000, 0.0000000000000000000, 1.000000000000000000 ) ) ;
#3531 = VECTOR ( 'NONE', #198, 1000.000000000000000 ) ;
#3532 = STYLED_ITEM ( 'NONE', ( #3159 ), #1853 ) ;
#3533 =( NAMED_UNIT ( * ) PLANE_ANGLE_UNIT ( ) SI_UNIT ( $, .RADIAN. ) );
#3534 = EDGE_LOOP ( 'NONE', ( #3631, #31, #1623, #1692 ) ) ;
#3535 = COLOUR_RGB ( '',0.0000000000000000000, 0.0000000000000000000, 0.0000000000000000000 ) ;
#3536 = VECTOR ( 'NONE', #4250, 1000.000000000000000 ) ;
#3537 =( NAMED_UNIT ( * ) PLANE_ANGLE_UNIT ( ) SI_UNIT ( $, .RADIAN. ) );
#3538 = VECTOR ( 'NONE', #3440, 1000.000000000000000 ) ;
#3539 = CARTESIAN_POINT ( 'NONE',  ( -4.000000000000003600, 28.49999999999999600, 15.00000000000008900 ) ) ;
#3540 = EDGE_CURVE ( 'NONE', #1489, #2524, #1798, .T. ) ;
#3541 = FILL_AREA_STYLE_COLOUR ( '', #3422 ) ;
#3542 = DIRECTION ( 'NONE',  ( 0.0000000000000000000, -1.000000000000000000, 0.0000000000000000000 ) ) ;
#3543 = STYLED_ITEM ( 'NONE', ( #4884 ), #2151 ) ;
#3544 = COLOUR_RGB ( '',0.0000000000000000000, 0.0000000000000000000, 0.0000000000000000000 ) ;
#3545 = VECTOR ( 'NONE', #4242, 1000.000000000000000 ) ;
#3546 = ORIENTED_EDGE ( 'NONE', *, *, #4237, .F. ) ;
#3547 = FILL_AREA_STYLE_COLOUR ( '', #3364 ) ;
#3548 = VECTOR ( 'NONE', #1824, 1000.000000000000000 ) ;
#3549 = CARTESIAN_POINT ( 'NONE',  ( 0.0000000000000000000, 15.71288563568130500, 9.765000000000000600 ) ) ;
#3550 = SURFACE_STYLE_FILL_AREA ( #3719 ) ;
#3551 = COLOUR_RGB ( '',0.7764705882352941300, 0.7568627450980391900, 0.7372549019607843600 ) ;
#3552 = ORIENTED_EDGE ( 'NONE', *, *, #4254, .F. ) ;
#3553 = PRESENTATION_LAYER_ASSIGNMENT (  '', '', ( #3815 ) ) ;
#3554 = EDGE_CURVE ( 'NONE', #1065, #2744, #1663, .T. ) ;
#3555 = PRESENTATION_STYLE_ASSIGNMENT (( #3034 ) ) ;
#3556 =( LENGTH_UNIT ( ) NAMED_UNIT ( * ) SI_UNIT ( .MILLI., .METRE. ) );
#3557 = DIRECTION ( 'NONE',  ( 0.0000000000000000000, 0.0000000000000000000, 1.000000000000000000 ) ) ;
#3558 = VERTEX_POINT ( 'NONE', #4755 ) ;
#3559 = AXIS2_PLACEMENT_3D ( 'NONE', #4210, #1639, #4631 ) ;
#3560 = DIRECTION ( 'NONE',  ( -1.000000000000000000, -0.0000000000000000000, -0.0000000000000000000 ) ) ;
#3561 =( GEOMETRIC_REPRESENTATION_CONTEXT ( 3 ) GLOBAL_UNCERTAINTY_ASSIGNED_CONTEXT ( ( #3500 ) ) GLOBAL_UNIT_ASSIGNED_CONTEXT ( ( #451, #4041, #572 ) ) REPRESENTATION_CONTEXT ( 'NONE', 'WORKASPACE' ) );
#3562 = VERTEX_POINT ( 'NONE', #5173 ) ;
#3563 = DIRECTION ( 'NONE',  ( 0.0000000000000000000, -1.000000000000000000, 0.0000000000000000000 ) ) ;
#3564 = EDGE_LOOP ( 'NONE', ( #915, #1413, #140, #121 ) ) ;
#3565 =( NAMED_UNIT ( * ) SI_UNIT ( $, .STERADIAN. ) SOLID_ANGLE_UNIT ( ) );
#3566 = CARTESIAN_POINT ( 'NONE',  ( -12.25000000000000400, 40.00000000000016300, -8.300000000000311600 ) ) ;
#3567 = ORIENTED_EDGE ( 'NONE', *, *, #1693, .T. ) ;
#3568 = PRESENTATION_LAYER_ASSIGNMENT (  '', '', ( #3037 ) ) ;
#3569 = CARTESIAN_POINT ( 'NONE',  ( 4.824699667560494700E-014, -16.30043030564225900, -1.996226979853069800E-015 ) ) ;
#3570 =( NAMED_UNIT ( * ) SI_UNIT ( $, .STERADIAN. ) SOLID_ANGLE_UNIT ( ) );
#3571 = SURFACE_STYLE_USAGE ( .BOTH. , #3904 ) ;
#3572 = COLOUR_RGB ( '',1.000000000000000000, 1.000000000000000000, 0.9490196078431372100 ) ;
#3573 = EDGE_CURVE ( 'NONE', #169, #5260, #462, .T. ) ;
#3574 = MECHANICAL_DESIGN_GEOMETRIC_PRESENTATION_REPRESENTATION (  '', ( #2767 ), #3834 ) ;
#3575 =( LENGTH_UNIT ( ) NAMED_UNIT ( * ) SI_UNIT ( .MILLI., .METRE. ) );
#3576 = DIRECTION ( 'NONE',  ( -1.000000000000000000, 0.0000000000000000000, 0.0000000000000000000 ) ) ;
#3577 = CARTESIAN_POINT ( 'NONE',  ( -12.02000000000000300, 28.77999999999999800, -8.300000000000000700 ) ) ;
#3578 = FACE_OUTER_BOUND ( 'NONE', #822, .T. ) ;
#3579 = DIRECTION ( 'NONE',  ( -0.0000000000000000000, -1.000000000000000000, -0.0000000000000000000 ) ) ;
#3580 = DIRECTION ( 'NONE',  ( 0.0000000000000000000, 0.0000000000000000000, 1.000000000000000000 ) ) ;
#3581 = DIRECTION ( 'NONE',  ( 1.000000000000000000, -0.0000000000000000000, -0.0000000000000000000 ) ) ;
#3582 = MECHANICAL_DESIGN_GEOMETRIC_PRESENTATION_REPRESENTATION (  '', ( #2776 ), #3840 ) ;
#3583 = FACE_OUTER_BOUND ( 'NONE', #1011, .T. ) ;
#3584 = EDGE_CURVE ( 'NONE', #628, #1417, #4082, .T. ) ;
#3585 = STYLED_ITEM ( 'NONE', ( #3489 ), #2661 ) ;
#3586 = PRESENTATION_LAYER_ASSIGNMENT (  '', '', ( #3320 ) ) ;
#3587 = VECTOR ( 'NONE', #5391, 1000.000000000000000 ) ;
#3588 = ORIENTED_EDGE ( 'NONE', *, *, #549, .F. ) ;
#3589 = SURFACE_STYLE_USAGE ( .BOTH. , #477 ) ;
#3590 = FILL_AREA_STYLE_COLOUR ( '', #540 ) ;
#3591 = FILL_AREA_STYLE ('',( #5088 ) ) ;
#3592 =( LENGTH_UNIT ( ) NAMED_UNIT ( * ) SI_UNIT ( .MILLI., .METRE. ) );
#3593 = LINE ( 'NONE', #4661, #2485 ) ;
#3594 = CIRCLE ( 'NONE', #1585, 11.60000000000000000 ) ;
#3595 = MECHANICAL_DESIGN_GEOMETRIC_PRESENTATION_REPRESENTATION (  '', ( #2794 ), #3857 ) ;
#3596 = DIRECTION ( 'NONE',  ( 0.0000000000000000000, 1.000000000000000000, 0.0000000000000000000 ) ) ;
#3597 = VECTOR ( 'NONE', #4362, 1000.000000000000000 ) ;
#3598 = SURFACE_STYLE_FILL_AREA ( #2273 ) ;
#3599 = CARTESIAN_POINT ( 'NONE',  ( -30.50000000000000400, 22.49999999999999600, -2.000000000000000000 ) ) ;
#3600 = CARTESIAN_POINT ( 'NONE',  ( -3.829139783843644700, 11.66190378968181700, 15.00000000000682700 ) ) ;
#3601 = PRESENTATION_LAYER_ASSIGNMENT (  '', '', ( #3074 ) ) ;
#3602 = VECTOR ( 'NONE', #2948, 1000.000000000000000 ) ;
#3603 = ORIENTED_EDGE ( 'NONE', *, *, #2991, .T. ) ;
#3604 = ORIENTED_EDGE ( 'NONE', *, *, #2874, .T. ) ;
#3605 = PLANE ( 'NONE',  #1857 ) ;
#3606 = LINE ( 'NONE', #2811, #2500 ) ;
#3607 = ORIENTED_EDGE ( 'NONE', *, *, #750, .F. ) ;
#3608 = SURFACE_STYLE_USAGE ( .BOTH. , #3961 ) ;
#3609 = SURFACE_STYLE_USAGE ( .BOTH. , #500 ) ;
#3610 = FACE_BOUND ( 'NONE', #1669, .T. ) ;
#3611 = ORIENTED_EDGE ( 'NONE', *, *, #561, .T. ) ;
#3612 = EDGE_CURVE ( 'NONE', #478, #4288, #3844, .T. ) ;
#3613 = VERTEX_POINT ( 'NONE', #2263 ) ;
#3614 = MECHANICAL_DESIGN_GEOMETRIC_PRESENTATION_REPRESENTATION (  '', ( #2807 ), #3865 ) ;
#3615 = UNCERTAINTY_MEASURE_WITH_UNIT (LENGTH_MEASURE( 1.000000000000000100E-005 ), #1839, 'distance_accuracy_value', 'NONE');
#3616 = PLANE ( 'NONE',  #5075 ) ;
#3617 = ORIENTED_EDGE ( 'NONE', *, *, #2033, .F. ) ;
#3618 = CARTESIAN_POINT ( 'NONE',  ( -3.440000000000005700, 11.32514186548000300, 15.00000000000000000 ) ) ;
#3619 = PRESENTATION_LAYER_ASSIGNMENT (  '', '', ( #3345 ) ) ;
#3620 = ORIENTED_EDGE ( 'NONE', *, *, #4544, .F. ) ;
#3621 = EDGE_CURVE ( 'NONE', #1888, #4288, #305, .T. ) ;
#3622 = CARTESIAN_POINT ( 'NONE',  ( -16.50000000000000000, 37.78684245202919800, -8.299999999999133800 ) ) ;
#3623 = CARTESIAN_POINT ( 'NONE',  ( -33.00000000000000000, 12.84523257866612400, 13.99999999999908700 ) ) ;
#3624 = CARTESIAN_POINT ( 'NONE',  ( -32.79289321881146400, 28.99999999999794300, -14.46446609415483800 ) ) ;
#3625 = VERTEX_POINT ( 'NONE', #1801 ) ;
#3626 = SURFACE_SIDE_STYLE ('',( #2251 ) ) ;
#3627 = ORIENTED_EDGE ( 'NONE', *, *, #2445, .F. ) ;
#3628 = AXIS2_PLACEMENT_3D ( 'NONE', #80, #75, #67 ) ;
#3629 = FILL_AREA_STYLE ('',( #4403 ) ) ;
#3630 = VERTEX_POINT ( 'NONE', #2781 ) ;
#3631 = ORIENTED_EDGE ( 'NONE', *, *, #2063, .T. ) ;
#3632 = DIRECTION ( 'NONE',  ( 0.0000000000000000000, -1.000000000000000000, 0.0000000000000000000 ) ) ;
#3633 = DIRECTION ( 'NONE',  ( 1.000000000000000000, -0.0000000000000000000, -0.0000000000000000000 ) ) ;
#3634 = EDGE_CURVE ( 'NONE', #715, #5474, #2639, .T. ) ;
#3635 = AXIS2_PLACEMENT_3D ( 'NONE', #3066, #3046, #2701 ) ;
#3636 = CARTESIAN_POINT ( 'NONE',  ( 0.0000000000000000000, -3.999077135827517800E-010, 2.485098529175216300E-012 ) ) ;
#3637 = FILL_AREA_STYLE_COLOUR ( '', #2865 ) ;
#3638 = CARTESIAN_POINT ( 'NONE',  ( -33.00000000000000000, 20.67261628933499700, 12.00000000000000200 ) ) ;
#3639 = CARTESIAN_POINT ( 'NONE',  ( -18.39999999999999900, 32.50000000000000000, 0.0000000000000000000 ) ) ;
#3640 = DIRECTION ( 'NONE',  ( 0.0000000000000000000, 0.0000000000000000000, -1.000000000000000000 ) ) ;
#3641 = EDGE_CURVE ( 'NONE', #2802, #628, #1367, .T. ) ;
#3642 = CARTESIAN_POINT ( 'NONE',  ( -32.25724751887082000, 29.00000000000000400, 14.44900082123906200 ) ) ;
#3643 = CARTESIAN_POINT ( 'NONE',  ( -18.39999999999999900, 40.50000000000000000, 4.049999999999999800 ) ) ;
#3644 = PLANE ( 'NONE',  #1176 ) ;
#3645 = PRESENTATION_STYLE_ASSIGNMENT (( #944 ) ) ;
#3646 = CARTESIAN_POINT ( 'NONE',  ( -21.30000000000000100, 32.50000000000000000, 4.336808689942017700E-016 ) ) ;
#3647 = DIRECTION ( 'NONE',  ( 0.0000000000000000000, 0.0000000000000000000, 1.000000000000000000 ) ) ;
#3648 = EDGE_CURVE ( 'NONE', #5548, #335, #4657, .T. ) ;
#3649 = ORIENTED_EDGE ( 'NONE', *, *, #4, .T. ) ;
#3650 = LINE ( 'NONE', #746, #227 ) ;
#3651 = CARTESIAN_POINT ( 'NONE',  ( -32.13397306266996600, 29.00000000000000700, 14.49880043489513600 ) ) ;
#3652 = FILL_AREA_STYLE ('',( #3170 ) ) ;
#3653 = LINE ( 'NONE', #3219, #90 ) ;
#3654 = CARTESIAN_POINT ( 'NONE',  ( -32.43323924076766200, 28.99999999999999600, 14.25174807664968500 ) ) ;
#3655 = AXIS2_PLACEMENT_3D ( 'NONE', #747, #3826, #1179 ) ;
#3656 = EDGE_LOOP ( 'NONE', ( #1917, #2685, #5213, #4035 ) ) ;
#3657 = VECTOR ( 'NONE', #1058, 1000.000000000000000 ) ;
#3658 = SURFACE_SIDE_STYLE ('',( #555 ) ) ;
#3659 = LINE ( 'NONE', #4115, #96 ) ;
#3660 = DIRECTION ( 'NONE',  ( -1.000000000000000000, -0.0000000000000000000, -0.0000000000000000000 ) ) ;
#3661 = DIRECTION ( 'NONE',  ( 1.000000000000000000, -0.0000000000000000000, -0.0000000000000000000 ) ) ;
#3662 = LINE ( 'NONE', #2638, #1301 ) ;
#3663 = STYLED_ITEM ( 'NONE', ( #5219 ), #1761 ) ;
#3664 = LINE ( 'NONE', #4184, #3538 ) ;
#3665 = DIRECTION ( 'NONE',  ( 0.0000000000000000000, -1.000000000000000000, 0.0000000000000000000 ) ) ;
#3666 = ORIENTED_EDGE ( 'NONE', *, *, #4623, .F. ) ;
#3667 = ORIENTED_EDGE ( 'NONE', *, *, #3710, .F. ) ;
#3668 = VECTOR ( 'NONE', #1612, 1000.000000000000000 ) ;
#3669 = DIRECTION ( 'NONE',  ( 1.000000000000000000, -0.0000000000000000000, -0.0000000000000000000 ) ) ;
#3670 = EDGE_CURVE ( 'NONE', #3630, #2367, #167, .T. ) ;
#3671 = DIRECTION ( 'NONE',  ( 1.000000000000000000, -0.0000000000000000000, -0.0000000000000000000 ) ) ;
#3672 = CARTESIAN_POINT ( 'NONE',  ( -4.000000000020064000, 11.66190378969043300, 15.00000000000005900 ) ) ;
#3673 = PRESENTATION_LAYER_ASSIGNMENT (  '', '', ( #3151 ) ) ;
#3674 = VERTEX_POINT ( 'NONE', #5625 ) ;
#3675 = FILL_AREA_STYLE ('',( #4099 ) ) ;
#3676 = UNCERTAINTY_MEASURE_WITH_UNIT (LENGTH_MEASURE( 1.000000000000000100E-005 ), #4260, 'distance_accuracy_value', 'NONE');
#3677 = CARTESIAN_POINT ( 'NONE',  ( -3.500000000000003100, 29.00000000000000400, -13.99999999999999800 ) ) ;
#3678 = VERTEX_POINT ( 'NONE', #3990 ) ;
#3679 = PRESENTATION_LAYER_ASSIGNMENT (  '', '', ( #3157 ) ) ;
#3680 = DIRECTION ( 'NONE',  ( -1.000000000000000000, 0.0000000000000000000, 1.734723475976817500E-015 ) ) ;
#3681 = ORIENTED_EDGE ( 'NONE', *, *, #323, .T. ) ;
#3682 = PRESENTATION_LAYER_ASSIGNMENT (  '', '', ( #3165 ) ) ;
#3683 = EDGE_CURVE ( 'NONE', #765, #4989, #1222, .T. ) ;
#3684 = FILL_AREA_STYLE_COLOUR ( '', #1163 ) ;
#3685 = CARTESIAN_POINT ( 'NONE',  ( -3.499999999999995100, 29.00000000000000700, 14.29289321881239500 ) ) ;
#3686 = ORIENTED_EDGE ( 'NONE', *, *, #2816, .T. ) ;
#3687 = CARTESIAN_POINT ( 'NONE',  ( -32.37762985852306500, 29.00000000000000000, 14.32969153293266400 ) ) ;
#3688 = CARTESIAN_POINT ( 'NONE',  ( -33.00000000000021300, 12.72060632452272300, 14.11434665856196200 ) ) ;
#3689 = SURFACE_STYLE_FILL_AREA ( #5597 ) ;
#3690 = CARTESIAN_POINT ( 'NONE',  ( -3.095229218354074600, 12.34846731764413100, -14.44099564764011000 ) ) ;
#3691 = AXIS2_PLACEMENT_3D ( 'NONE', #5118, #5124, #5130 ) ;
#3692 = LINE ( 'NONE', #988, #279 ) ;
#3693 = FILL_AREA_STYLE ('',( #1924 ) ) ;
#3694 = DIRECTION ( 'NONE',  ( 0.4539904997382567300, 0.8910065241890252600, -0.0000000000000000000 ) ) ;
#3695 = AXIS2_PLACEMENT_3D ( 'NONE', #5054, #1520, #1320 ) ;
#3696 = CARTESIAN_POINT ( 'NONE',  ( -3.000000000000002700, 5.048709793414475600E-026, 1.656607900964124800E-026 ) ) ;
#3697 = CARTESIAN_POINT ( 'NONE',  ( -32.39711044888017000, 29.00000000000000000, 14.30581863478638200 ) ) ;
#3698 = UNCERTAINTY_MEASURE_WITH_UNIT (LENGTH_MEASURE( 1.000000000000000100E-005 ), #2293, 'distance_accuracy_value', 'NONE');
#3699 = EDGE_CURVE ( 'NONE', #249, #2868, #4533, .T. ) ;
#3700 = MECHANICAL_DESIGN_GEOMETRIC_PRESENTATION_REPRESENTATION (  '', ( #3191 ), #3965 ) ;
#3701 = COLOUR_RGB ( '',0.0000000000000000000, 0.0000000000000000000, 0.0000000000000000000 ) ;
#3702 = ORIENTED_EDGE ( 'NONE', *, *, #4709, .F. ) ;
#3703 = DIRECTION ( 'NONE',  ( 2.297646988048755200E-015, -1.000000000000000000, 0.0000000000000000000 ) ) ;
#3704 = FILL_AREA_STYLE ('',( #3163 ) ) ;
#3705 = EDGE_LOOP ( 'NONE', ( #397, #1604, #2862, #553 ) ) ;
#3706 = CIRCLE ( 'NONE', #3202, 9.500000000000000000 ) ;
#3707 = CARTESIAN_POINT ( 'NONE',  ( -18.39999999999999900, 40.50000000000000700, 2.649999999999999500 ) ) ;
#3708 = CARTESIAN_POINT ( 'NONE',  ( -28.00000000000000400, 22.50000000000000000, 0.0000000000000000000 ) ) ;
#3709 = B_SPLINE_CURVE_WITH_KNOTS ( 'NONE', 3,
 ( #1694, #5502, #5092, #2671, #5518, #3086, #343, #3487, #804, #3870 ),
 .UNSPECIFIED., .F., .F.,
 ( 4, 2, 2, 2, 4 ),
 ( 1.569614626311127500E-013, 0.0005026766381983453800, 0.001005353276239729300, 0.001508029914281113200, 0.002010706552322496900 ),
 .UNSPECIFIED. ) ;
#3710 = EDGE_CURVE ( 'NONE', #4890, #3250, #1084, .T. ) ;
#3711 = VECTOR ( 'NONE', #794, 1000.000000000000000 ) ;
#3712 = ORIENTED_EDGE ( 'NONE', *, *, #1310, .F. ) ;
#3713 = DIRECTION ( 'NONE',  ( 0.0000000000000000000, 0.0000000000000000000, -1.000000000000000000 ) ) ;
#3714 = CARTESIAN_POINT ( 'NONE',  ( -28.00000000000000400, 18.89444362769103200, -1.999999999999886100 ) ) ;
#3715 = CARTESIAN_POINT ( 'NONE',  ( -32.47505198459880700, 28.99999999999999600, 14.16008256889608900 ) ) ;
#3716 = VECTOR ( 'NONE', #1343, 1000.000000000000000 ) ;
#3717 = AXIS2_PLACEMENT_3D ( 'NONE', #2624, #5486, #3059 ) ;
#3718 =( NAMED_UNIT ( * ) SI_UNIT ( $, .STERADIAN. ) SOLID_ANGLE_UNIT ( ) );
#3719 = FILL_AREA_STYLE ('',( #2472 ) ) ;
#3720 = SURFACE_STYLE_FILL_AREA ( #247 ) ;
#3721 = LINE ( 'NONE', #2916, #1374 ) ;
#3722 = ORIENTED_EDGE ( 'NONE', *, *, #5091, .F. ) ;
#3723 = CIRCLE ( 'NONE', #904, 0.5000000000000108800 ) ;
#3724 = SURFACE_STYLE_FILL_AREA ( #5044 ) ;
#3725 = EDGE_CURVE ( 'NONE', #5429, #5525, #2491, .T. ) ;
#3726 = FILL_AREA_STYLE_COLOUR ( '', #1384 ) ;
#3727 = PRESENTATION_STYLE_ASSIGNMENT (( #4534 ) ) ;
#3728 = AXIS2_PLACEMENT_3D ( 'NONE', #2664, #5236, #3640 ) ;
#3729 = DIRECTION ( 'NONE',  ( -3.989863994746514400E-013, 0.0000000000000000000, -1.000000000000000000 ) ) ;
#3730 = ORIENTED_EDGE ( 'NONE', *, *, #1104, .T. ) ;
#3731 = ORIENTED_EDGE ( 'NONE', *, *, #2141, .F. ) ;
#3732 = PRESENTATION_STYLE_ASSIGNMENT (( #127 ) ) ;
#3733 = FILL_AREA_STYLE_COLOUR ( '', #968 ) ;
#3734 = PRESENTATION_STYLE_ASSIGNMENT (( #4385 ) ) ;
#3735 = B_SPLINE_CURVE_WITH_KNOTS ( 'NONE', 1,
 ( #4495, #4567 ),
 .UNSPECIFIED., .F., .F.,
 ( 2, 2 ),
 ( 0.0000000000000000000, 0.9999999680608477900 ),
 .UNSPECIFIED. ) ;
#3736 = ORIENTED_EDGE ( 'NONE', *, *, #3621, .T. ) ;
#3737 = EDGE_CURVE ( 'NONE', #630, #738, #3343, .T. ) ;
#3738 = CARTESIAN_POINT ( 'NONE',  ( -32.44882754791139900, 29.00000000000000000, 14.22260086347162800 ) ) ;
#3739 = MECHANICAL_DESIGN_GEOMETRIC_PRESENTATION_REPRESENTATION (  '', ( #2310 ), #3995 ) ;
#3740 = FACE_OUTER_BOUND ( 'NONE', #4226, .T. ) ;
#3741 = UNCERTAINTY_MEASURE_WITH_UNIT (LENGTH_MEASURE( 1.000000000000000100E-005 ), #1873, 'distance_accuracy_value', 'NONE');
#3742 =( LENGTH_UNIT ( ) NAMED_UNIT ( * ) SI_UNIT ( .MILLI., .METRE. ) );
#3743 = ORIENTED_EDGE ( 'NONE', *, *, #3817, .F. ) ;
#3744 = CARTESIAN_POINT ( 'NONE',  ( -32.49636808256794000, 29.00000000000000400, 14.06734593379926000 ) ) ;
#3745 = DIRECTION ( 'NONE',  ( -1.000000000000000000, -0.0000000000000000000, -0.0000000000000000000 ) ) ;
#3746 = STYLED_ITEM ( 'NONE', ( #757 ), #2362 ) ;
#3747 = ORIENTED_EDGE ( 'NONE', *, *, #117, .F. ) ;
#3748 = EDGE_CURVE ( 'NONE', #4378, #1593, #2155, .T. ) ;
#3749 = FILL_AREA_STYLE_COLOUR ( '', #4276 ) ;
#3750 = DIRECTION ( 'NONE',  ( 0.0000000000000000000, 1.000000000000000000, -1.224646799147353200E-016 ) ) ;
#3751 = ORIENTED_EDGE ( 'NONE', *, *, #1883, .T. ) ;
#3752 = FILL_AREA_STYLE ('',( #1388 ) ) ;
#3753 = EDGE_LOOP ( 'NONE', ( #5332, #1042, #4489, #2437 ) ) ;
#3754 = STYLED_ITEM ( 'NONE', ( #4478 ), #2695 ) ;
#3755 = CARTESIAN_POINT ( 'NONE',  ( -32.48368133798630500, 28.99999999999999600, 14.13112650585991400 ) ) ;
#3756 =( NAMED_UNIT ( * ) PLANE_ANGLE_UNIT ( ) SI_UNIT ( $, .RADIAN. ) );
#3757 = PRESENTATION_STYLE_ASSIGNMENT (( #5441 ) ) ;
#3758 = ORIENTED_EDGE ( 'NONE', *, *, #3786, .T. ) ;
#3759 = STYLED_ITEM ( 'NONE', ( #2206 ), #1730 ) ;
#3760 = FACE_OUTER_BOUND ( 'NONE', #4640, .T. ) ;
#3761 = DIRECTION ( 'NONE',  ( 1.000000000000000000, -0.0000000000000000000, -0.0000000000000000000 ) ) ;
#3762 = ORIENTED_EDGE ( 'NONE', *, *, #1359, .T. ) ;
#3763 = UNCERTAINTY_MEASURE_WITH_UNIT (LENGTH_MEASURE( 1.000000000000000100E-005 ), #3372, 'distance_accuracy_value', 'NONE');
#3764 = B_SPLINE_CURVE_WITH_KNOTS ( 'NONE', 3,
 ( #2208, #2161, #1480, #2980, #2212, #2219, #2227, #2231, #2236, #2247, #2257, #2259, #2262, #2282, #2283, #2286, #2290, #2299, #2300, #4488, #2304, #2311, #2322, #2330, #2341, #2353, #2354, #2364, #2376, #2382, #2387, #2391, #2392, #2397, #2405, #2413, #2415, #2421, #2441, #2451, #2457, #2462, #2473, #2042, #2482, #2488, #2496, #2506 ),
 .UNSPECIFIED., .F., .F.,
 ( 4, 2, 2, 2, 2, 2, 2, 2, 2, 2, 2, 2, 2, 2, 2, 2, 2, 2, 2, 2, 2, 2, 2, 4 ),
 ( 8.673617379884035500E-019, 0.001944334651175682000, 0.003888669302351363100, 0.005833003953527044400, 0.006805171279114882700, 0.007777338604702721900, 0.008749505930290561000, 0.009721673255878398500, 0.01166600790705407300, 0.01263817523264191100, 0.01361034255822974800, 0.01555467720940542300, 0.01652684453499326000, 0.01749901186058109400, 0.01847117918616893200, 0.01944334651175676900, 0.02138768116293244400, 0.02235984848852028500, 0.02333201581410812200, 0.02527635046528379700, 0.02722068511645947200, 0.02819285244204731300, 0.02916501976763514700, 0.03110935441881081500 ),
 .UNSPECIFIED. ) ;
#3765 = CARTESIAN_POINT ( 'NONE',  ( -3.500000000000003100, 29.00000000000000000, 13.99999999999999800 ) ) ;
#3766 = DIRECTION ( 'NONE',  ( 0.0000000000000000000, 0.0000000000000000000, 1.000000000000000000 ) ) ;
#3767 = CARTESIAN_POINT ( 'NONE',  ( -14.70000000000000500, 36.39999999999999900, -5.900000000000001200 ) ) ;
#3768 = PRESENTATION_STYLE_ASSIGNMENT (( #3076 ) ) ;
#3769 = PLANE ( 'NONE',  #768 ) ;
#3770 = DIRECTION ( 'NONE',  ( 0.0000000000000000000, 0.0000000000000000000, 1.000000000000000000 ) ) ;
#3771 = PRESENTATION_STYLE_ASSIGNMENT (( #4474 ) ) ;
#3772 = SURFACE_SIDE_STYLE ('',( #2693 ) ) ;
#3773 = AXIS2_PLACEMENT_3D ( 'NONE', #5295, #4497, #4476 ) ;
#3774 =( NAMED_UNIT ( * ) PLANE_ANGLE_UNIT ( ) SI_UNIT ( $, .RADIAN. ) );
#3775 = LINE ( 'NONE', #2796, #1443 ) ;
#3776 = CARTESIAN_POINT ( 'NONE',  ( -18.00000000000000400, 40.29999999999972700, -5.900000000000598100 ) ) ;
#3777 = PLANE ( 'NONE',  #236 ) ;
#3778 = CARTESIAN_POINT ( 'NONE',  ( -3.000000000000002700, 1.169537693185723000E-015, -9.550000000000002500 ) ) ;
#3779 = PLANE ( 'NONE',  #5158 ) ;
#3780 = LINE ( 'NONE', #617, #2716 ) ;
#3781 = PRESENTATION_STYLE_ASSIGNMENT (( #1493 ) ) ;
#3782 = CARTESIAN_POINT ( 'NONE',  ( -33.00000000000000000, 16.73320053068091100, -9.000000000000239800 ) ) ;
#3783 = STYLED_ITEM ( 'NONE', ( #3241 ), #2571 ) ;
#3784 = ORIENTED_EDGE ( 'NONE', *, *, #2180, .F. ) ;
#3785 = CARTESIAN_POINT ( 'NONE',  ( 0.0000000000000000000, 5.048709793414475600E-026, 1.656607900964124800E-026 ) ) ;
#3786 = EDGE_CURVE ( 'NONE', #5610, #5167, #957, .T. ) ;
#3787 = CARTESIAN_POINT ( 'NONE',  ( -28.00000000000000400, 0.0000000000000000000, 0.0000000000000000000 ) ) ;
#3788 = VECTOR ( 'NONE', #4691, 1000.000000000000000 ) ;
#3789 = ORIENTED_EDGE ( 'NONE', *, *, #724, .T. ) ;
#3790 = LINE ( 'NONE', #4565, #1458 ) ;
#3791 = SURFACE_STYLE_USAGE ( .BOTH. , #4146 ) ;
#3792 = CARTESIAN_POINT ( 'NONE',  ( -0.3040217494549564700, -15.11695286007878300, -1.851292793295829000E-015 ) ) ;
#3793 = SURFACE_STYLE_USAGE ( .BOTH. , #4097 ) ;
#3794 = PRESENTATION_STYLE_ASSIGNMENT (( #3609 ) ) ;
#3795 = ORIENTED_EDGE ( 'NONE', *, *, #3807, .F. ) ;
#3796 = STYLED_ITEM ( 'NONE', ( #5435 ), #1634 ) ;
#3797 = VECTOR ( 'NONE', #4907, 1000.000000000000000 ) ;
#3798 = CARTESIAN_POINT ( 'NONE',  ( -16.50000000000000000, 36.50000000000080300, -9.500000000000865100 ) ) ;
#3799 = SURFACE_STYLE_FILL_AREA ( #372 ) ;
#3800 = VERTEX_POINT ( 'NONE', #4025 ) ;
#3801 = DIRECTION ( 'NONE',  ( -0.0000000000000000000, 0.0000000000000000000, 1.000000000000000000 ) ) ;
#3802 = AXIS2_PLACEMENT_3D ( 'NONE', #283, #733, #2225 ) ;
#3803 = DIRECTION ( 'NONE',  ( -0.0000000000000000000, -0.0000000000000000000, -1.000000000000000000 ) ) ;
#3804 = ORIENTED_EDGE ( 'NONE', *, *, #3307, .F. ) ;
#3805 = FILL_AREA_STYLE ('',( #4111 ) ) ;
#3806 = UNCERTAINTY_MEASURE_WITH_UNIT (LENGTH_MEASURE( 1.000000000000000100E-005 ), #954, 'distance_accuracy_value', 'NONE');
#3807 = EDGE_CURVE ( 'NONE', #4766, #3800, #814, .T. ) ;
#3808 = ORIENTED_EDGE ( 'NONE', *, *, #2101, .F. ) ;
#3809 = CARTESIAN_POINT ( 'NONE',  ( -0.6470537029834438900, 1.133956484106720900E-013, -1.249941288410261100E-028 ) ) ;
#3810 = ORIENTED_EDGE ( 'NONE', *, *, #3964, .T. ) ;
#3811 = AXIS2_PLACEMENT_3D ( 'NONE', #224, #3394, #5270 ) ;
#3812 = COLOUR_RGB ( '',0.0000000000000000000, 0.0000000000000000000, 0.0000000000000000000 ) ;
#3813 = EDGE_LOOP ( 'NONE', ( #3525, #870 ) ) ;
#3814 = CARTESIAN_POINT ( 'NONE',  ( -31.99999999968000000, 11.66190378969022800, -15.00000000000021800 ) ) ;
#3815 = STYLED_ITEM ( 'NONE', ( #1521 ), #2469 ) ;
#3816 = DIRECTION ( 'NONE',  ( 2.298076365600504500E-015, -1.000000000000000000, 0.0000000000000000000 ) ) ;
#3817 = EDGE_CURVE ( 'NONE', #769, #194, #5519, .T. ) ;
#3818 = CARTESIAN_POINT ( 'NONE',  ( -4.063212019597403700, 1.843093432767253800E-015, -15.05000000000000100 ) ) ;
#3819 = EDGE_LOOP ( 'NONE', ( #61, #5406, #690, #4390 ) ) ;
#3820 = SURFACE_STYLE_USAGE ( .BOTH. , #3913 ) ;
#3821 = AXIS2_PLACEMENT_3D ( 'NONE', #761, #3837, #1191 ) ;
#3822 = CARTESIAN_POINT ( 'NONE',  ( -2.357484678784340300E-014, 16.30043030564249000, -1.249941288410261100E-028 ) ) ;
#3823 = PRESENTATION_STYLE_ASSIGNMENT (( #3820 ) ) ;
#3824 = FACE_OUTER_BOUND ( 'NONE', #2928, .T. ) ;
#3825 = ORIENTED_EDGE ( 'NONE', *, *, #983, .F. ) ;
#3826 = DIRECTION ( 'NONE',  ( -1.000000000000000000, 0.0000000000000000000, 0.0000000000000000000 ) ) ;
#3827 = MECHANICAL_DESIGN_GEOMETRIC_PRESENTATION_REPRESENTATION (  '', ( #3037 ), #4084 ) ;
#3828 = SURFACE_STYLE_FILL_AREA ( #116 ) ;
#3829 = UNCERTAINTY_MEASURE_WITH_UNIT (LENGTH_MEASURE( 1.000000000000000100E-005 ), #4335, 'distance_accuracy_value', 'NONE');
#3830 = FILL_AREA_STYLE_COLOUR ( '', #550 ) ;
#3831 = DIRECTION ( 'NONE',  ( -1.000000000000000000, -0.0000000000000000000, -0.0000000000000000000 ) ) ;
#3832 = EDGE_CURVE ( 'NONE', #1329, #3129, #4149, .T. ) ;
#3833 = LINE ( 'NONE', #4559, #2779 ) ;
#3834 =( GEOMETRIC_REPRESENTATION_CONTEXT ( 3 ) GLOBAL_UNCERTAINTY_ASSIGNED_CONTEXT ( ( #4697 ) ) GLOBAL_UNIT_ASSIGNED_CONTEXT ( ( #5174, #5159, #5141 ) ) REPRESENTATION_CONTEXT ( 'NONE', 'WORKASPACE' ) );
#3835 = ORIENTED_EDGE ( 'NONE', *, *, #1257, .T. ) ;
#3836 =( NAMED_UNIT ( * ) SI_UNIT ( $, .STERADIAN. ) SOLID_ANGLE_UNIT ( ) );
#3837 = DIRECTION ( 'NONE',  ( -1.000000000000000000, -0.0000000000000000000, -0.0000000000000000000 ) ) ;
#3838 = DIRECTION ( 'NONE',  ( 0.0000000000000000000, -0.7313537016174400700, 0.6819983600643541000 ) ) ;
#3839 = VECTOR ( 'NONE', #2142, 1000.000000000000000 ) ;
#3840 =( GEOMETRIC_REPRESENTATION_CONTEXT ( 3 ) GLOBAL_UNCERTAINTY_ASSIGNED_CONTEXT ( ( #3829 ) ) GLOBAL_UNIT_ASSIGNED_CONTEXT ( ( #4335, #4278, #4246 ) ) REPRESENTATION_CONTEXT ( 'NONE', 'WORKASPACE' ) );
#3841 = EDGE_CURVE ( 'NONE', #5440, #1097, #3107, .T. ) ;
#3842 =( NAMED_UNIT ( * ) SI_UNIT ( $, .STERADIAN. ) SOLID_ANGLE_UNIT ( ) );
#3843 = CARTESIAN_POINT ( 'NONE',  ( -3.000000000000002700, 5.048709793414475600E-026, 11.60000000000000000 ) ) ;
#3844 = LINE ( 'NONE', #3956, #3716 ) ;
#3845 = DIRECTION ( 'NONE',  ( 0.0000000000000000000, 0.6819983600643542100, 0.7313537016174401800 ) ) ;
#3846 = DIRECTION ( 'NONE',  ( -1.000000000000000000, -2.297646988048755200E-015, -0.0000000000000000000 ) ) ;
#3847 = VECTOR ( 'NONE', #1025, 1000.000000000000000 ) ;
#3848 = ORIENTED_EDGE ( 'NONE', *, *, #3347, .F. ) ;
#3849 = AXIS2_PLACEMENT_3D ( 'NONE', #3949, #1332, #4350 ) ;
#3850 = VECTOR ( 'NONE', #5178, 1000.000000000000000 ) ;
#3851 = DIRECTION ( 'NONE',  ( -0.0000000000000000000, 0.4539904997398727100, -0.8910065241882018100 ) ) ;
#3852 = MECHANICAL_DESIGN_GEOMETRIC_PRESENTATION_REPRESENTATION (  '', ( #3320 ), #4114 ) ;
#3853 = EDGE_LOOP ( 'NONE', ( #192, #421, #278, #346 ) ) ;
#3854 =( NAMED_UNIT ( * ) PLANE_ANGLE_UNIT ( ) SI_UNIT ( $, .RADIAN. ) );
#3855 =( NAMED_UNIT ( * ) SI_UNIT ( $, .STERADIAN. ) SOLID_ANGLE_UNIT ( ) );
#3856 = ORIENTED_EDGE ( 'NONE', *, *, #3256, .T. ) ;
#3857 =( GEOMETRIC_REPRESENTATION_CONTEXT ( 3 ) GLOBAL_UNCERTAINTY_ASSIGNED_CONTEXT ( ( #666 ) ) GLOBAL_UNIT_ASSIGNED_CONTEXT ( ( #1851, #4746, #4764 ) ) REPRESENTATION_CONTEXT ( 'NONE', 'WORKASPACE' ) );
#3858 = ORIENTED_EDGE ( 'NONE', *, *, #43, .F. ) ;
#3859 = ORIENTED_EDGE ( 'NONE', *, *, #4106, .T. ) ;
#3860 = MECHANICAL_DESIGN_GEOMETRIC_PRESENTATION_REPRESENTATION (  '', ( #3074 ), #4127 ) ;
#3861 =( NAMED_UNIT ( * ) SI_UNIT ( $, .STERADIAN. ) SOLID_ANGLE_UNIT ( ) );
#3862 = ORIENTED_EDGE ( 'NONE', *, *, #434, .F. ) ;
#3863 = COLOUR_RGB ( '',0.0000000000000000000, 0.0000000000000000000, 0.0000000000000000000 ) ;
#3864 = EDGE_CURVE ( 'NONE', #691, #4484, #4265, .T. ) ;
#3865 =( GEOMETRIC_REPRESENTATION_CONTEXT ( 3 ) GLOBAL_UNCERTAINTY_ASSIGNED_CONTEXT ( ( #314 ) ) GLOBAL_UNIT_ASSIGNED_CONTEXT ( ( #3025, #3023, #2893 ) ) REPRESENTATION_CONTEXT ( 'NONE', 'WORKASPACE' ) );
#3866 = SURFACE_STYLE_USAGE ( .BOTH. , #4493 ) ;
#3867 = ORIENTED_EDGE ( 'NONE', *, *, #4450, .T. ) ;
#3868 = CARTESIAN_POINT ( 'NONE',  ( -2.700000000000008200, 5.048709793414475600E-026, 1.656607900964124800E-026 ) ) ;
#3869 = COLOUR_RGB ( '',0.0000000000000000000, 0.0000000000000000000, 0.0000000000000000000 ) ;
#3870 = CARTESIAN_POINT ( 'NONE',  ( -33.00000000000000000, 12.84523257866579400, -13.99999999999938900 ) ) ;
#3871 = CARTESIAN_POINT ( 'NONE',  ( -23.78759999999999800, 16.45983762625000000, 9.669432991428005100 ) ) ;
#3872 = MECHANICAL_DESIGN_GEOMETRIC_PRESENTATION_REPRESENTATION (  '', ( #3345 ), #4140 ) ;
#3873 = CYLINDRICAL_SURFACE ( 'NONE', #1099, 15.04999999999999900 ) ;
#3874 = CARTESIAN_POINT ( 'NONE',  ( -0.8529462970165435600, 1.129225799121304100E-013, -1.249941288410261100E-028 ) ) ;
#3875 = EDGE_CURVE ( 'NONE', #4011, #469, #4021, .T. ) ;
#3876 = APPLICATION_CONTEXT ( 'automotive_design' ) ;
#3877 =( NAMED_UNIT ( * ) SI_UNIT ( $, .STERADIAN. ) SOLID_ANGLE_UNIT ( ) );
#3878 = DIRECTION ( 'NONE',  ( 0.0000000000000000000, 1.000000000000000000, -0.0000000000000000000 ) ) ;
#3879 =( LENGTH_UNIT ( ) NAMED_UNIT ( * ) SI_UNIT ( .MILLI., .METRE. ) );
#3880 = FILL_AREA_STYLE_COLOUR ( '', #1338 ) ;
#3881 = PRESENTATION_LAYER_ASSIGNMENT (  '', '', ( #3360 ) ) ;
#3882 = DIRECTION ( 'NONE',  ( -1.000000000000000000, -0.0000000000000000000, -0.0000000000000000000 ) ) ;
#3883 = PRESENTATION_STYLE_ASSIGNMENT (( #2584 ) ) ;
#3884 = OPEN_SHELL ( 'NONE', ( #1453, #1560, #1418, #1730, #2039, #2545, #1794, #2224, #1588, #2051 ) ) ;
#3885 = VERTEX_POINT ( 'NONE', #1911 ) ;
#3886 = EDGE_CURVE ( 'NONE', #5321, #588, #4978, .T. ) ;
#3887 = PRESENTATION_LAYER_ASSIGNMENT (  '', '', ( #3369 ) ) ;
#3888 = UNCERTAINTY_MEASURE_WITH_UNIT (LENGTH_MEASURE( 1.000000000000000100E-005 ), #3742, 'distance_accuracy_value', 'NONE');
#3889 = LINE ( 'NONE', #3194, #2839 ) ;
#3890 =( LENGTH_UNIT ( ) NAMED_UNIT ( * ) SI_UNIT ( .MILLI., .METRE. ) );
#3891 =( LENGTH_UNIT ( ) NAMED_UNIT ( * ) SI_UNIT ( .MILLI., .METRE. ) );
#3892 = EDGE_CURVE ( 'NONE', #282, #1499, #536, .T. ) ;
#3893 = STYLED_ITEM ( 'NONE', ( #1822 ), #2126 ) ;
#3894 = VECTOR ( 'NONE', #3671, 1000.000000000000000 ) ;
#3895 = CARTESIAN_POINT ( 'NONE',  ( -50.00000000000000000, 0.0000000000000000000, 0.0000000000000000000 ) ) ;
#3896 = CIRCLE ( 'NONE', #3910, 17.00000000000000000 ) ;
#3897 = VERTEX_POINT ( 'NONE', #1471 ) ;
#3898 = SURFACE_SIDE_STYLE ('',( #1915 ) ) ;
#3899 = VECTOR ( 'NONE', #3425, 1000.000000000000000 ) ;
#3900 = DIRECTION ( 'NONE',  ( -0.4133841097039186500, 0.8113119965145265700, -0.4133841097041726600 ) ) ;
#3901 = EDGE_CURVE ( 'NONE', #769, #3522, #1589, .T. ) ;
#3902 = FACE_OUTER_BOUND ( 'NONE', #7, .T. ) ;
#3903 = PRESENTATION_STYLE_ASSIGNMENT (( #5062 ) ) ;
#3904 = SURFACE_SIDE_STYLE ('',( #916 ) ) ;
#3905 = ORIENTED_EDGE ( 'NONE', *, *, #3115, .T. ) ;
#3906 = VERTEX_POINT ( 'NONE', #5304 ) ;
#3907 = VECTOR ( 'NONE', #3007, 1000.000000000000000 ) ;
#3908 = VECTOR ( 'NONE', #4945, 1000.000000000000000 ) ;
#3909 = CYLINDRICAL_SURFACE ( 'NONE', #1070, 9.549999999999998900 ) ;
#3910 = AXIS2_PLACEMENT_3D ( 'NONE', #2617, #5481, #3055 ) ;
#3911 = SURFACE_SIDE_STYLE ('',( #1036 ) ) ;
#3912 = ORIENTED_EDGE ( 'NONE', *, *, #4815, .F. ) ;
#3913 = SURFACE_SIDE_STYLE ('',( #2762 ) ) ;
#3914 = STYLED_ITEM ( 'NONE', ( #5109 ), #1506 ) ;
#3915 = PLANE ( 'NONE',  #2077 ) ;
#3916 = PRESENTATION_STYLE_ASSIGNMENT (( #4904 ) ) ;
#3917 = VECTOR ( 'NONE', #176, 1000.000000000000000 ) ;
#3918 = VERTEX_POINT ( 'NONE', #4471 ) ;
#3919 = DIRECTION ( 'NONE',  ( 0.0000000000000000000, 0.0000000000000000000, 1.000000000000000000 ) ) ;
#3920 = VERTEX_POINT ( 'NONE', #600 ) ;
#3921 = UNCERTAINTY_MEASURE_WITH_UNIT (LENGTH_MEASURE( 1.000000000000000100E-005 ), #3496, 'distance_accuracy_value', 'NONE');
#3922 = SURFACE_STYLE_FILL_AREA ( #3266 ) ;
#3923 = PRESENTATION_LAYER_ASSIGNMENT (  '', '', ( #3663 ) ) ;
#3924 = FILL_AREA_STYLE_COLOUR ( '', #4572 ) ;
#3925 = ORIENTED_EDGE ( 'NONE', *, *, #2611, .F. ) ;
#3926 = DIRECTION ( 'NONE',  ( -0.0000000000000000000, -1.000000000000000000, -0.0000000000000000000 ) ) ;
#3927 = FILL_AREA_STYLE ('',( #4286 ) ) ;
#3928 = EDGE_CURVE ( 'NONE', #2149, #1981, #4466, .T. ) ;
#3929 = EDGE_LOOP ( 'NONE', ( #5005, #1752, #1899, #841 ) ) ;
#3930 = MECHANICAL_DESIGN_GEOMETRIC_PRESENTATION_REPRESENTATION (  '', ( #3151 ), #4194 ) ;
#3931 = SURFACE_SIDE_STYLE ('',( #2930 ) ) ;
#3932 = DIRECTION ( 'NONE',  ( 0.0000000000000000000, 1.000000000000000000, 0.0000000000000000000 ) ) ;
#3933 = CARTESIAN_POINT ( 'NONE',  ( -48.60000000000000100, 0.0000000000000000000, 0.0000000000000000000 ) ) ;
#3934 = CARTESIAN_POINT ( 'NONE',  ( -32.58578643749515900, 28.49999999999999600, -15.00000000013707800 ) ) ;
#3935 = FILL_AREA_STYLE_COLOUR ( '', #1392 ) ;
#3936 = FACE_OUTER_BOUND ( 'NONE', #4915, .T. ) ;
#3937 = DIRECTION ( 'NONE',  ( -0.0000000000000000000, 1.000000000000000000, -0.0000000000000000000 ) ) ;
#3938 = MECHANICAL_DESIGN_GEOMETRIC_PRESENTATION_REPRESENTATION (  '', ( #3157 ), #4197 ) ;
#3939 = VERTEX_POINT ( 'NONE', #4073 ) ;
#3940 = PRESENTATION_STYLE_ASSIGNMENT (( #4355 ) ) ;
#3941 = CARTESIAN_POINT ( 'NONE',  ( -0.05597972129013820800, -16.78820545165966700, 33.57641090331954800 ) ) ;
#3942 = CARTESIAN_POINT ( 'NONE',  ( -0.05597972129013821500, -16.78820545165966700, -2.055962206980453800E-015 ) ) ;
#3943 = CARTESIAN_POINT ( 'NONE',  ( -12.24999999999999600, 34.49999999999998600, -8.299999999999998900 ) ) ;
#3944 = FILL_AREA_STYLE_COLOUR ( '', #3863 ) ;
#3945 = MECHANICAL_DESIGN_GEOMETRIC_PRESENTATION_REPRESENTATION (  '', ( #3165 ), #4204 ) ;
#3946 = EDGE_CURVE ( 'NONE', #5525, #5429, #1727, .T. ) ;
#3947 = SURFACE_STYLE_FILL_AREA ( #981 ) ;
#3948 = ORIENTED_EDGE ( 'NONE', *, *, #5303, .F. ) ;
#3949 = CARTESIAN_POINT ( 'NONE',  ( -23.38000000000000300, 0.0000000000000000000, 0.0000000000000000000 ) ) ;
#3950 = PRESENTATION_LAYER_ASSIGNMENT (  '', '', ( #3423 ) ) ;
#3951 = DIRECTION ( 'NONE',  ( 0.0000000000000000000, -1.000000000000000000, 0.0000000000000000000 ) ) ;
#3952 = DIRECTION ( 'NONE',  ( 0.3892816206336042200, -0.8348171294797104300, -0.3892816206348960800 ) ) ;
#3953 = LINE ( 'NONE', #2481, #2906 ) ;
#3954 = VECTOR ( 'NONE', #4054, 1000.000000000000000 ) ;
#3955 = UNCERTAINTY_MEASURE_WITH_UNIT (LENGTH_MEASURE( 1.000000000000000100E-005 ), #3891, 'distance_accuracy_value', 'NONE');
#3956 = CARTESIAN_POINT ( 'NONE',  ( -24.30643898530500400, 29.00000000000000400, -1.500000000000000000 ) ) ;
#3957 = VECTOR ( 'NONE', #5452, 1000.000000000000000 ) ;
#3958 = PRESENTATION_LAYER_ASSIGNMENT (  '', '', ( #3182 ) ) ;
#3959 = SURFACE_STYLE_FILL_AREA ( #5289 ) ;
#3960 = LINE ( 'NONE', #2237, #2917 ) ;
#3961 = SURFACE_SIDE_STYLE ('',( #1732 ) ) ;
#3962 = VECTOR ( 'NONE', #2895, 1000.000000000000000 ) ;
#3963 = DIRECTION ( 'NONE',  ( -1.000000000000000000, 0.0000000000000000000, 0.0000000000000000000 ) ) ;
#3964 = EDGE_CURVE ( 'NONE', #3310, #5268, #3780, .T. ) ;
#3965 =( GEOMETRIC_REPRESENTATION_CONTEXT ( 3 ) GLOBAL_UNCERTAINTY_ASSIGNED_CONTEXT ( ( #4938 ) ) GLOBAL_UNIT_ASSIGNED_CONTEXT ( ( #5272, #3537, #4879 ) ) REPRESENTATION_CONTEXT ( 'NONE', 'WORKASPACE' ) );
#3966 = FILL_AREA_STYLE_COLOUR ( '', #1635 ) ;
#3967 = CIRCLE ( 'NONE', #1276, 15.94956969468678100 ) ;
#3968 = VERTEX_POINT ( 'NONE', #1508 ) ;
#3969 = LINE ( 'NONE', #2592, #3850 ) ;
#3970 = CARTESIAN_POINT ( 'NONE',  ( -25.25000000000000000, 39.00000000000000000, 1.500000000000000000 ) ) ;
#3971 = PRESENTATION_STYLE_ASSIGNMENT (( #1312 ) ) ;
#3972 = ORIENTED_EDGE ( 'NONE', *, *, #248, .F. ) ;
#3973 = MECHANICAL_DESIGN_GEOMETRIC_PRESENTATION_REPRESENTATION (  '', ( #2618 ), #4236 ) ;
#3974 = EDGE_CURVE ( 'NONE', #3359, #2879, #237, .T. ) ;
#3975 = CARTESIAN_POINT ( 'NONE',  ( -0.6470537029834438900, 1.133956484106720900E-013, -1.249941288410261100E-028 ) ) ;
#3976 = DIRECTION ( 'NONE',  ( -1.000000000000000000, -0.0000000000000000000, 0.0000000000000000000 ) ) ;
#3977 = ORIENTED_EDGE ( 'NONE', *, *, #4045, .F. ) ;
#3978 = FILL_AREA_STYLE ('',( #3590 ) ) ;
#3979 =( GEOMETRIC_REPRESENTATION_CONTEXT ( 3 ) GLOBAL_UNCERTAINTY_ASSIGNED_CONTEXT ( ( #423 ) ) GLOBAL_UNIT_ASSIGNED_CONTEXT ( ( #303, #1200, #4239 ) ) REPRESENTATION_CONTEXT ( 'NONE', 'WORKASPACE' ) );
#3980 =( NAMED_UNIT ( * ) PLANE_ANGLE_UNIT ( ) SI_UNIT ( $, .RADIAN. ) );
#3981 = PRESENTATION_LAYER_ASSIGNMENT (  '', '', ( #3455 ) ) ;
#3982 = ORIENTED_EDGE ( 'NONE', *, *, #966, .T. ) ;
#3983 = VERTEX_POINT ( 'NONE', #5339 ) ;
#3984 = CARTESIAN_POINT ( 'NONE',  ( -23.74999999999952700, 39.99999999999975800, -1.500000000000000000 ) ) ;
#3985 = UNCERTAINTY_MEASURE_WITH_UNIT (LENGTH_MEASURE( 1.000000000000000100E-005 ), #5424, 'distance_accuracy_value', 'NONE');
#3986 = ORIENTED_EDGE ( 'NONE', *, *, #520, .T. ) ;
#3987 = EDGE_CURVE ( 'NONE', #638, #2868, #1449, .T. ) ;
#3988 = STYLED_ITEM ( 'NONE', ( #1012 ), #1795 ) ;
#3989 = CARTESIAN_POINT ( 'NONE',  ( -14.70000000000000500, 32.50000000000000000, -4.336808689942017700E-016 ) ) ;
#3990 = CARTESIAN_POINT ( 'NONE',  ( -5.999999999999998200, 13.91563060015608100, 9.764999999999998800 ) ) ;
#3991 = DIRECTION ( 'NONE',  ( -0.0000000000000000000, 1.000000000000000000, -0.0000000000000000000 ) ) ;
#3992 = CARTESIAN_POINT ( 'NONE',  ( -32.98096031950013400, 12.59687067865852200, 14.22481385307680000 ) ) ;
#3993 = EDGE_CURVE ( 'NONE', #4439, #4705, #681, .T. ) ;
#3994 = ORIENTED_EDGE ( 'NONE', *, *, #1249, .F. ) ;
#3995 =( GEOMETRIC_REPRESENTATION_CONTEXT ( 3 ) GLOBAL_UNCERTAINTY_ASSIGNED_CONTEXT ( ( #3234 ) ) GLOBAL_UNIT_ASSIGNED_CONTEXT ( ( #1209, #5491, #5532 ) ) REPRESENTATION_CONTEXT ( 'NONE', 'WORKASPACE' ) );
#3996 =( NAMED_UNIT ( * ) PLANE_ANGLE_UNIT ( ) SI_UNIT ( $, .RADIAN. ) );
#3997 = FILL_AREA_STYLE ('',( #3637 ) ) ;
#3998 = DIRECTION ( 'NONE',  ( -0.7313537016180404700, -0.6819983600637102800, 0.0000000000000000000 ) ) ;
#3999 = DIRECTION ( 'NONE',  ( 0.0000000000000000000, -1.000000000000000000, 0.0000000000000000000 ) ) ;
#4000 = AXIS2_PLACEMENT_3D ( 'NONE', #3895, #1653, #3770 ) ;
#4001 = CARTESIAN_POINT ( 'NONE',  ( -3.000000000000002700, 0.0000000000000000000, 9.550000000000002500 ) ) ;
#4002 = SURFACE_STYLE_FILL_AREA ( #813 ) ;
#4003 = EDGE_CURVE ( 'NONE', #3562, #2119, #3659, .T. ) ;
#4004 = CARTESIAN_POINT ( 'NONE',  ( -33.00000000000000000, 22.50000000000000400, 1.999999999999999600 ) ) ;
#4005 = ORIENTED_EDGE ( 'NONE', *, *, #54, .T. ) ;
#4006 = AXIS2_PLACEMENT_3D ( 'NONE', #1849, #4827, #2343 ) ;
#4007 =( NAMED_UNIT ( * ) SI_UNIT ( $, .STERADIAN. ) SOLID_ANGLE_UNIT ( ) );
#4008 = CARTESIAN_POINT ( 'NONE',  ( -31.99999999988240900, 29.00000000000000700, -14.50000000000000000 ) ) ;
#4009 = PRESENTATION_LAYER_ASSIGNMENT (  '', '', ( #3497 ) ) ;
#4010 = VERTEX_POINT ( 'NONE', #4942 ) ;
#4011 = VERTEX_POINT ( 'NONE', #5361 ) ;
#4012 =( LENGTH_UNIT ( ) NAMED_UNIT ( * ) SI_UNIT ( .MILLI., .METRE. ) );
#4013 = PLANE ( 'NONE',  #4665 ) ;
#4014 = LINE ( 'NONE', #3970, #4856 ) ;
#4015 = CARTESIAN_POINT ( 'NONE',  ( -28.00000000000000400, 18.61545993133000100, -12.00000000000000000 ) ) ;
#4016 = AXIS2_PLACEMENT_3D ( 'NONE', #4926, #4910, #4595 ) ;
#4017 = CARTESIAN_POINT ( 'NONE',  ( -18.00000000000000400, 41.99999999999984400, -7.280949101010691900 ) ) ;
#4018 = CARTESIAN_POINT ( 'NONE',  ( -48.60000000000000100, 0.0000000000000000000, 0.0000000000000000000 ) ) ;
#4019 = PRESENTATION_STYLE_ASSIGNMENT (( #4083 ) ) ;
#4020 = FILL_AREA_STYLE_COLOUR ( '', #3544 ) ;
#4021 = CIRCLE ( 'NONE', #5582, 15.94956969468678100 ) ;
#4022 = CARTESIAN_POINT ( 'NONE',  ( -18.00000000000000400, 40.00000000000000000, -8.300000000000000700 ) ) ;
#4023 = FACE_OUTER_BOUND ( 'NONE', #4940, .T. ) ;
#4024 = DIRECTION ( 'NONE',  ( 0.0000000000000000000, -1.000000000000000000, 0.0000000000000000000 ) ) ;
#4025 = CARTESIAN_POINT ( 'NONE',  ( -13.90727698114029000, 42.00000000000008500, -6.692723018863113700 ) ) ;
#4026 = CARTESIAN_POINT ( 'NONE',  ( -19.50000000000000400, 36.50000000000080300, -9.500000000000865100 ) ) ;
#4027 = STYLED_ITEM ( 'NONE', ( #4059 ), #1994 ) ;
#4028 = LINE ( 'NONE', #2074, #1734 ) ;
#4029 = VERTEX_POINT ( 'NONE', #2944 ) ;
#4030 = VECTOR ( 'NONE', #5194, 1000.000000000000000 ) ;
#4031 = EDGE_LOOP ( 'NONE', ( #4853, #1784, #2891, #1770 ) ) ;
#4032 = DIRECTION ( 'NONE',  ( 1.000000000000000000, -0.0000000000000000000, -0.0000000000000000000 ) ) ;
#4033 = VERTEX_POINT ( 'NONE', #177 ) ;
#4034 = ORIENTED_EDGE ( 'NONE', *, *, #2892, .F. ) ;
#4035 = ORIENTED_EDGE ( 'NONE', *, *, #5077, .T. ) ;
#4036 = PRESENTATION_LAYER_ASSIGNMENT (  '', '', ( #3514 ) ) ;
#4037 = DIRECTION ( 'NONE',  ( 1.000000000000000000, -0.0000000000000000000, 0.0000000000000000000 ) ) ;
#4038 = DIRECTION ( 'NONE',  ( 0.0000000000000000000, 0.0000000000000000000, 1.000000000000000000 ) ) ;
#4039 = VERTEX_POINT ( 'NONE', #3714 ) ;
#4040 = CARTESIAN_POINT ( 'NONE',  ( -32.00000000000000000, 29.00000000000000400, 14.49999999999999800 ) ) ;
#4041 =( NAMED_UNIT ( * ) PLANE_ANGLE_UNIT ( ) SI_UNIT ( $, .RADIAN. ) );
#4042 = AXIS2_PLACEMENT_3D ( 'NONE', #2952, #190, #3344 ) ;
#4043 = CARTESIAN_POINT ( 'NONE',  ( -14.70000000000000500, 32.50000000000000000, 5.900000000000000400 ) ) ;
#4044 = ORIENTED_EDGE ( 'NONE', *, *, #3725, .F. ) ;
#4045 = EDGE_CURVE ( 'NONE', #2344, #3491, #2563, .T. ) ;
#4046 = CARTESIAN_POINT ( 'NONE',  ( -16.50000000000000000, 34.50000000000000000, 8.900000000000000400 ) ) ;
#4047 = VERTEX_POINT ( 'NONE', #2489 ) ;
#4048 = DIRECTION ( 'NONE',  ( 0.0000000000000000000, -0.9063077870368436700, -0.4226182617402839400 ) ) ;
#4049 = UNCERTAINTY_MEASURE_WITH_UNIT (LENGTH_MEASURE( 1.000000000000000100E-005 ), #1474, 'distance_accuracy_value', 'NONE');
#4050 = AXIS2_PLACEMENT_3D ( 'NONE', #985, #992, #924 ) ;
#4051 = ORIENTED_EDGE ( 'NONE', *, *, #3737, .F. ) ;
#4052 = DIRECTION ( 'NONE',  ( 0.0000000000000000000, -1.313442742274377400E-013, -1.000000000000000000 ) ) ;
#4053 = CIRCLE ( 'NONE', #885, 11.90000000000000000 ) ;
#4054 = DIRECTION ( 'NONE',  ( 1.000000000000000000, 0.0000000000000000000, 0.0000000000000000000 ) ) ;
#4055 =( NAMED_UNIT ( * ) PLANE_ANGLE_UNIT ( ) SI_UNIT ( $, .RADIAN. ) );
#4056 = CARTESIAN_POINT ( 'NONE',  ( -50.00000000000000000, 15.71288563568131600, 9.764999999999986400 ) ) ;
#4057 = MECHANICAL_DESIGN_GEOMETRIC_PRESENTATION_REPRESENTATION (  '', ( #3532 ), #4321 ) ;
#4058 = LINE ( 'NONE', #3309, #5021 ) ;
#4059 = PRESENTATION_STYLE_ASSIGNMENT (( #3386 ) ) ;
#4060 = CARTESIAN_POINT ( 'NONE',  ( -18.00000000000000400, 37.78684245203000100, -8.300000000000000700 ) ) ;
#4061 =( NAMED_UNIT ( * ) PLANE_ANGLE_UNIT ( ) SI_UNIT ( $, .RADIAN. ) );
#4062 = EDGE_CURVE ( 'NONE', #210, #994, #2404, .T. ) ;
#4063 = MECHANICAL_DESIGN_GEOMETRIC_PRESENTATION_REPRESENTATION (  '', ( #3543 ), #4330 ) ;
#4064 = FILL_AREA_STYLE_COLOUR ( '', #3097 ) ;
#4065 = SURFACE_SIDE_STYLE ('',( #2325 ) ) ;
#4066 = CARTESIAN_POINT ( 'NONE',  ( -23.24047455050500600, 41.00000000000000700, 1.499999999999999600 ) ) ;
#4067 = AXIS2_PLACEMENT_3D ( 'NONE', #2994, #2902, #2139 ) ;
#4068 = MANIFOLD_SURFACE_SHAPE_REPRESENTATION ( 'VJE37_19x50', ( #3169, #655 ), #3979 ) ;
#4069 = EDGE_CURVE ( 'NONE', #5128, #5167, #4594, .T. ) ;
#4070 = FACE_OUTER_BOUND ( 'NONE', #284, .T. ) ;
#4071 = CARTESIAN_POINT ( 'NONE',  ( -27.89565275540000400, 22.50000000000000000, 1.895652755398000000 ) ) ;
#4072 = CARTESIAN_POINT ( 'NONE',  ( -19.60434724460000300, 34.50000000000000000, 9.604347244601999700 ) ) ;
#4073 = CARTESIAN_POINT ( 'NONE',  ( -16.50000000000000000, 36.50000000000039800, 9.500000000000431700 ) ) ;
#4074 = VECTOR ( 'NONE', #2456, 1000.000000000000000 ) ;
#4075 = CARTESIAN_POINT ( 'NONE',  ( -17.60000000000000500, 32.50000000000000000, -4.049999999999999800 ) ) ;
#4076 = AXIS2_PLACEMENT_3D ( 'NONE', #2123, #5067, #2631 ) ;
#4077 =( LENGTH_UNIT ( ) NAMED_UNIT ( * ) SI_UNIT ( .MILLI., .METRE. ) );
#4078 = STYLED_ITEM ( 'NONE', ( #4918 ), #1546 ) ;
#4079 = SURFACE_SIDE_STYLE ('',( #2663 ) ) ;
#4080 = LINE ( 'NONE', #2087, #3957 ) ;
#4081 = CARTESIAN_POINT ( 'NONE',  ( -2.999999999999725600, 12.72069534732103900, -14.11426497866560400 ) ) ;
#4082 = LINE ( 'NONE', #445, #2788 ) ;
#4083 = SURFACE_STYLE_USAGE ( .BOTH. , #1044 ) ;
#4084 =( GEOMETRIC_REPRESENTATION_CONTEXT ( 3 ) GLOBAL_UNCERTAINTY_ASSIGNED_CONTEXT ( ( #4445 ) ) GLOBAL_UNIT_ASSIGNED_CONTEXT ( ( #4578, #4500, #4401 ) ) REPRESENTATION_CONTEXT ( 'NONE', 'WORKASPACE' ) );
#4085 = VECTOR ( 'NONE', #2851, 1000.000000000000000 ) ;
#4086 = CARTESIAN_POINT ( 'NONE',  ( -19.50000000000000400, 36.50000000000080300, 9.500000000000865100 ) ) ;
#4087 = PRESENTATION_STYLE_ASSIGNMENT (( #2449 ) ) ;
#4088 = COLOUR_RGB ( '',0.0000000000000000000, 0.0000000000000000000, 0.0000000000000000000 ) ;
#4089 = CIRCLE ( 'NONE', #989, 1.000000000000000000 ) ;
#4090 = ORIENTED_EDGE ( 'NONE', *, *, #1838, .F. ) ;
#4091 = VECTOR ( 'NONE', #2558, 1000.000000000000000 ) ;
#4092 = CARTESIAN_POINT ( 'NONE',  ( -22.09272301886000300, 41.99999999999990100, 6.692723018863229200 ) ) ;
#4093 = EDGE_CURVE ( 'NONE', #183, #3968, #1297, .T. ) ;
#4094 = DIRECTION ( 'NONE',  ( 0.0000000000000000000, 0.0000000000000000000, -1.000000000000000000 ) ) ;
#4095 = CARTESIAN_POINT ( 'NONE',  ( -50.00000000000000000, 1.163414459189985500E-015, -9.500000000000000000 ) ) ;
#4096 = CYLINDRICAL_SURFACE ( 'NONE', #4000, 9.500000000000000000 ) ;
#4097 = SURFACE_SIDE_STYLE ('',( #4837 ) ) ;
#4098 = ORIENTED_EDGE ( 'NONE', *, *, #3817, .T. ) ;
#4099 = FILL_AREA_STYLE_COLOUR ( '', #2864 ) ;
#4100 = SURFACE_STYLE_USAGE ( .BOTH. , #4299 ) ;
#4101 = COLOUR_RGB ( '',0.0000000000000000000, 0.0000000000000000000, 0.0000000000000000000 ) ;
#4102 = DIRECTION ( 'NONE',  ( -1.000000000000000000, -0.0000000000000000000, -0.0000000000000000000 ) ) ;
#4103 = PRESENTATION_STYLE_ASSIGNMENT (( #3121 ) ) ;
#4104 =( NAMED_UNIT ( * ) PLANE_ANGLE_UNIT ( ) SI_UNIT ( $, .RADIAN. ) );
#4105 = ORIENTED_EDGE ( 'NONE', *, *, #3264, .T. ) ;
#4106 = EDGE_CURVE ( 'NONE', #5404, #4029, #5586, .T. ) ;
#4107 = COLOUR_RGB ( '',0.0000000000000000000, 0.0000000000000000000, 0.0000000000000000000 ) ;
#4108 = DIRECTION ( 'NONE',  ( -1.000000000000000000, -0.0000000000000000000, -0.0000000000000000000 ) ) ;
#4109 = DIRECTION ( 'NONE',  ( 0.0000000000000000000, 1.000000000000000000, 9.278501046159707300E-013 ) ) ;
#4110 = ORIENTED_EDGE ( 'NONE', *, *, #3928, .F. ) ;
#4111 = FILL_AREA_STYLE_COLOUR ( '', #5294 ) ;
#4112 = UNCERTAINTY_MEASURE_WITH_UNIT (LENGTH_MEASURE( 1.000000000000000100E-005 ), #2626, 'distance_accuracy_value', 'NONE');
#4113 = AXIS2_PLACEMENT_3D ( 'NONE', #3152, #5131, #5162 ) ;
#4114 =( GEOMETRIC_REPRESENTATION_CONTEXT ( 3 ) GLOBAL_UNCERTAINTY_ASSIGNED_CONTEXT ( ( #732 ) ) GLOBAL_UNIT_ASSIGNED_CONTEXT ( ( #2444, #2425, #2385 ) ) REPRESENTATION_CONTEXT ( 'NONE', 'WORKASPACE' ) );
#4115 = CARTESIAN_POINT ( 'NONE',  ( -18.00000000000000400, 32.50000000000000700, -5.900000000000000400 ) ) ;
#4116 = ORIENTED_EDGE ( 'NONE', *, *, #3737, .T. ) ;
#4117 = DIRECTION ( 'NONE',  ( 0.0000000000000000000, 0.0000000000000000000, 1.000000000000000000 ) ) ;
#4118 = FILL_AREA_STYLE ('',( #4185 ) ) ;
#4119 = PLANE ( 'NONE',  #5422 ) ;
#4120 = CARTESIAN_POINT ( 'NONE',  ( -50.00000000000000000, 15.71288563568131600, -9.764999999999986400 ) ) ;
#4121 = CARTESIAN_POINT ( 'NONE',  ( -33.00000000000000000, 22.50000000000000400, 9.000000000000001800 ) ) ;
#4122 = DIRECTION ( 'NONE',  ( 0.0000000000000000000, 0.0000000000000000000, 1.000000000000000000 ) ) ;
#4123 = ORIENTED_EDGE ( 'NONE', *, *, #1448, .F. ) ;
#4124 = DIRECTION ( 'NONE',  ( -0.0000000000000000000, -0.0000000000000000000, -1.000000000000000000 ) ) ;
#4125 = DIRECTION ( 'NONE',  ( 0.0000000000000000000, -1.000000000000000000, 0.0000000000000000000 ) ) ;
#4126 = COLOUR_RGB ( '',0.1098039215686274500, 0.1098039215686274500, 0.1098039215686274500 ) ;
#4127 =( GEOMETRIC_REPRESENTATION_CONTEXT ( 3 ) GLOBAL_UNCERTAINTY_ASSIGNED_CONTEXT ( ( #695 ) ) GLOBAL_UNIT_ASSIGNED_CONTEXT ( ( #3063, #3133, #3524 ) ) REPRESENTATION_CONTEXT ( 'NONE', 'WORKASPACE' ) );
#4128 = COLOUR_RGB ( '',0.1098039215686274500, 0.1098039215686274500, 0.1098039215686274500 ) ;
#4129 = CARTESIAN_POINT ( 'NONE',  ( -17.60000000000000500, 40.50000000000000000, 2.649999999999999500 ) ) ;
#4130 = DIRECTION ( 'NONE',  ( -1.000000000000000000, -0.0000000000000000000, -0.0000000000000000000 ) ) ;
#4131 = DIRECTION ( 'NONE',  ( -1.000000000000000000, 0.0000000000000000000, 0.0000000000000000000 ) ) ;
#4132 = EDGE_CURVE ( 'NONE', #831, #5260, #3406, .T. ) ;
#4133 = CARTESIAN_POINT ( 'NONE',  ( -33.00000000000000000, 20.67261628933499700, -12.00000000000000000 ) ) ;
#4134 = PRESENTATION_LAYER_ASSIGNMENT (  '', '', ( #4402 ) ) ;
#4135 = SURFACE_STYLE_FILL_AREA ( #49 ) ;
#4136 = ORIENTED_EDGE ( 'NONE', *, *, #1134, .T. ) ;
#4137 = COLOUR_RGB ( '',0.7921568627450980000, 0.8196078431372548800, 0.9333333333333333500 ) ;
#4138 = PRESENTATION_STYLE_ASSIGNMENT (( #1174 ) ) ;
#4139 = SURFACE_STYLE_FILL_AREA ( #3704 ) ;
#4140 =( GEOMETRIC_REPRESENTATION_CONTEXT ( 3 ) GLOBAL_UNCERTAINTY_ASSIGNED_CONTEXT ( ( #2544 ) ) GLOBAL_UNIT_ASSIGNED_CONTEXT ( ( #4482, #1943, #4898 ) ) REPRESENTATION_CONTEXT ( 'NONE', 'WORKASPACE' ) );
#4141 = FILL_AREA_STYLE ('',( #4302 ) ) ;
#4142 = EDGE_CURVE ( 'NONE', #1285, #3613, #2238, .T. ) ;
#4143 = VECTOR ( 'NONE', #4311, 1000.000000000000000 ) ;
#4144 = UNCERTAINTY_MEASURE_WITH_UNIT (LENGTH_MEASURE( 1.000000000000000100E-005 ), #2268, 'distance_accuracy_value', 'NONE');
#4145 = SURFACE_STYLE_FILL_AREA ( #3283 ) ;
#4146 = SURFACE_SIDE_STYLE ('',( #3521 ) ) ;
#4147 = CARTESIAN_POINT ( 'NONE',  ( -32.50000000000000000, 28.49999999999999600, 14.00000000000000000 ) ) ;
#4148 = CARTESIAN_POINT ( 'NONE',  ( -3.000000000000002700, 0.0000000000000000000, 0.0000000000000000000 ) ) ;
#4149 = LINE ( 'NONE', #4855, #1868 ) ;
#4150 = VECTOR ( 'NONE', #1841, 1000.000000000000000 ) ;
#4151 = MECHANICAL_DESIGN_GEOMETRIC_PRESENTATION_REPRESENTATION (  '', ( #3360 ), #4425 ) ;
#4152 =( NAMED_UNIT ( * ) PLANE_ANGLE_UNIT ( ) SI_UNIT ( $, .RADIAN. ) );
#4153 = CARTESIAN_POINT ( 'NONE',  ( -17.60000000000000500, 36.50000000000000000, 1.250000000000000200 ) ) ;
#4154 = LINE ( 'NONE', #4599, #1874 ) ;
#4155 = EDGE_LOOP ( 'NONE', ( #89, #3486, #1741, #3411, #1037, #1373, #4198, #4647 ) ) ;
#4156 = LINE ( 'NONE', #4675, #4030 ) ;
#4157 = MECHANICAL_DESIGN_GEOMETRIC_PRESENTATION_REPRESENTATION (  '', ( #3369 ), #4434 ) ;
#4158 = CIRCLE ( 'NONE', #5505, 18.50000000000000000 ) ;
#4159 = ORIENTED_EDGE ( 'NONE', *, *, #4590, .T. ) ;
#4160 = ORIENTED_EDGE ( 'NONE', *, *, #5077, .F. ) ;
#4161 = CARTESIAN_POINT ( 'NONE',  ( -15.22500000000000300, 40.00000000000000000, 0.6000000000000000900 ) ) ;
#4162 = SURFACE_STYLE_USAGE ( .BOTH. , #4178 ) ;
#4163 = ORIENTED_EDGE ( 'NONE', *, *, #342, .F. ) ;
#4164 = EDGE_CURVE ( 'NONE', #3562, #2367, #4467, .T. ) ;
#4165 = CARTESIAN_POINT ( 'NONE',  ( -18.00000000000000400, 41.99999999999984400, 7.280949101010692800 ) ) ;
#4166 = DIRECTION ( 'NONE',  ( -1.000000000000000000, -0.0000000000000000000, -0.0000000000000000000 ) ) ;
#4167 = AXIS2_PLACEMENT_3D ( 'NONE', #296, #266, #5033 ) ;
#4168 = VERTEX_POINT ( 'NONE', #1121 ) ;
#4169 = DIRECTION ( 'NONE',  ( -1.000000000000000000, -0.0000000000000000000, -0.0000000000000000000 ) ) ;
#4170 = PRESENTATION_LAYER_ASSIGNMENT (  '', '', ( #3380 ) ) ;
#4171 = ORIENTED_EDGE ( 'NONE', *, *, #4062, .T. ) ;
#4172 = EDGE_CURVE ( 'NONE', #5278, #223, #3286, .T. ) ;
#4173 = CARTESIAN_POINT ( 'NONE',  ( -18.00000000000000400, 32.50000000000000700, -4.049999999999999800 ) ) ;
#4174 = FACE_OUTER_BOUND ( 'NONE', #3209, .T. ) ;
#4175 = OPEN_SHELL ( 'NONE', ( #2298, #2407, #1426, #2521, #2216 ) ) ;
#4176 = AXIS2_PLACEMENT_3D ( 'NONE', #3145, #407, #3530 ) ;
#4177 = UNCERTAINTY_MEASURE_WITH_UNIT (LENGTH_MEASURE( 1.000000000000000100E-005 ), #2574, 'distance_accuracy_value', 'NONE');
#4178 = SURFACE_SIDE_STYLE ('',( #5350 ) ) ;
#4179 = FACE_OUTER_BOUND ( 'NONE', #3705, .T. ) ;
#4180 = FILL_AREA_STYLE ('',( #1133 ) ) ;
#4181 = AXIS2_PLACEMENT_3D ( 'NONE', #5504, #5517, #5536 ) ;
#4182 = CARTESIAN_POINT ( 'NONE',  ( -0.05597972129021535500, 16.78820545165989100, 4.111924413960534500E-015 ) ) ;
#4183 = CARTESIAN_POINT ( 'NONE',  ( -0.6470537029834092500, -15.04999999999988700, -1.249941288410261100E-028 ) ) ;
#4184 = CARTESIAN_POINT ( 'NONE',  ( -46.50000000000000000, 1.169537693185722400E-015, -9.549999999999998900 ) ) ;
#4185 = FILL_AREA_STYLE_COLOUR ( '', #1000 ) ;
#4186 = FACE_OUTER_BOUND ( 'NONE', #179, .T. ) ;
#4187 =( LENGTH_UNIT ( ) NAMED_UNIT ( * ) SI_UNIT ( .MILLI., .METRE. ) );
#4188 = MECHANICAL_DESIGN_GEOMETRIC_PRESENTATION_REPRESENTATION (  '', ( #3663 ), #4463 ) ;
#4189 = SURFACE_STYLE_FILL_AREA ( #3805 ) ;
#4190 = CARTESIAN_POINT ( 'NONE',  ( -48.60000000000000100, 2.265596578422603800E-015, 18.50000000000000000 ) ) ;
#4191 = EDGE_CURVE ( 'NONE', #1178, #4258, #5446, .T. ) ;
#4192 = FACE_OUTER_BOUND ( 'NONE', #263, .T. ) ;
#4193 = EDGE_LOOP ( 'NONE', ( #3620, #4681, #3743, #4820, #1543, #2806, #4944, #5076 ) ) ;
#4194 =( GEOMETRIC_REPRESENTATION_CONTEXT ( 3 ) GLOBAL_UNCERTAINTY_ASSIGNED_CONTEXT ( ( #1733 ) ) GLOBAL_UNIT_ASSIGNED_CONTEXT ( ( #5554, #4717, #5538 ) ) REPRESENTATION_CONTEXT ( 'NONE', 'WORKASPACE' ) );
#4195 = DIRECTION ( 'NONE',  ( 2.298076365600504500E-015, -1.000000000000000000, 0.0000000000000000000 ) ) ;
#4196 = PRESENTATION_STYLE_ASSIGNMENT (( #465 ) ) ;
#4197 =( GEOMETRIC_REPRESENTATION_CONTEXT ( 3 ) GLOBAL_UNCERTAINTY_ASSIGNED_CONTEXT ( ( #1803 ) ) GLOBAL_UNIT_ASSIGNED_CONTEXT ( ( #3190, #4387, #4368 ) ) REPRESENTATION_CONTEXT ( 'NONE', 'WORKASPACE' ) );
#4198 = ORIENTED_EDGE ( 'NONE', *, *, #3214, .T. ) ;
#4199 = VECTOR ( 'NONE', #2920, 1000.000000000000000 ) ;
#4200 = VECTOR ( 'NONE', #2549, 1000.000000000000000 ) ;
#4201 = UNCERTAINTY_MEASURE_WITH_UNIT (LENGTH_MEASURE( 1.000000000000000100E-005 ), #1122, 'distance_accuracy_value', 'NONE');
#4202 = DIRECTION ( 'NONE',  ( -1.000000000000000000, -0.0000000000000000000, -0.0000000000000000000 ) ) ;
#4203 = DIRECTION ( 'NONE',  ( -1.000000000000000000, -0.0000000000000000000, 0.0000000000000000000 ) ) ;
#4204 =( GEOMETRIC_REPRESENTATION_CONTEXT ( 3 ) GLOBAL_UNCERTAINTY_ASSIGNED_CONTEXT ( ( #1476 ) ) GLOBAL_UNIT_ASSIGNED_CONTEXT ( ( #3494, #812, #3877 ) ) REPRESENTATION_CONTEXT ( 'NONE', 'WORKASPACE' ) );
#4205 = CARTESIAN_POINT ( 'NONE',  ( -30.50000000000000400, 22.50000000000000000, -5.000000000000000000 ) ) ;
#4206 = EDGE_CURVE ( 'NONE', #945, #3968, #882, .T. ) ;
#4207 = LINE ( 'NONE', #4015, #5315 ) ;
#4208 = CIRCLE ( 'NONE', #4176, 16.75000000000000000 ) ;
#4209 = VECTOR ( 'NONE', #3231, 1000.000000000000000 ) ;
#4210 = CARTESIAN_POINT ( 'NONE',  ( -46.50000000000000000, 0.0000000000000000000, 0.0000000000000000000 ) ) ;
#4211 = CARTESIAN_POINT ( 'NONE',  ( -22.73094910101190900, 42.00000000000097300, 7.280949101011001900 ) ) ;
#4212 = CARTESIAN_POINT ( 'NONE',  ( -19.60434724460000300, 37.86315719562000500, 8.228835350303999300 ) ) ;
#4213 = CARTESIAN_POINT ( 'NONE',  ( -15.63574775487994900, 16.92600398468258800, -1.616380787592041300 ) ) ;
#4214 = ORIENTED_EDGE ( 'NONE', *, *, #2063, .F. ) ;
#4215 = MECHANICAL_DESIGN_GEOMETRIC_PRESENTATION_REPRESENTATION (  '', ( #3423 ), #4499 ) ;
#4216 = VECTOR ( 'NONE', #2127, 1000.000000000000000 ) ;
#4217 = FILL_AREA_STYLE_COLOUR ( '', #5078 ) ;
#4218 = DIRECTION ( 'NONE',  ( -1.000000000000000000, -0.0000000000000000000, -0.0000000000000000000 ) ) ;
#4219 = ORIENTED_EDGE ( 'NONE', *, *, #884, .F. ) ;
#4220 = DIRECTION ( 'NONE',  ( 0.0000000000000000000, 0.0000000000000000000, 1.000000000000000000 ) ) ;
#4221 = LINE ( 'NONE', #2205, #1970 ) ;
#4222 = MECHANICAL_DESIGN_GEOMETRIC_PRESENTATION_REPRESENTATION (  '', ( #3182 ), #4507 ) ;
#4223 = SURFACE_STYLE_USAGE ( .BOTH. , #843 ) ;
#4224 = CARTESIAN_POINT ( 'NONE',  ( 0.0000000000000000000, 0.0000000000000000000, 0.0000000000000000000 ) ) ;
#4225 = CARTESIAN_POINT ( 'NONE',  ( -14.74563492766650300, 16.43433829846567900, 4.390320667941130000 ) ) ;
#4226 = EDGE_LOOP ( 'NONE', ( #725, #567, #2032, #405 ) ) ;
#4227 = SURFACE_STYLE_USAGE ( .BOTH. , #4628 ) ;
#4228 =( NAMED_UNIT ( * ) PLANE_ANGLE_UNIT ( ) SI_UNIT ( $, .RADIAN. ) );
#4229 = EDGE_CURVE ( 'NONE', #5474, #4011, #2741, .T. ) ;
#4230 = ORIENTED_EDGE ( 'NONE', *, *, #3540, .F. ) ;
#4231 = STYLED_ITEM ( 'NONE', ( #984 ), #2196 ) ;
#4232 = ORIENTED_EDGE ( 'NONE', *, *, #1134, .F. ) ;
#4233 = ORIENTED_EDGE ( 'NONE', *, *, #4922, .T. ) ;
#4234 = CARTESIAN_POINT ( 'NONE',  ( -19.50000000000000400, 36.50000000000000000, -9.500000000000000000 ) ) ;
#4235 = FACE_OUTER_BOUND ( 'NONE', #4678, .T. ) ;
#4236 =( GEOMETRIC_REPRESENTATION_CONTEXT ( 3 ) GLOBAL_UNCERTAINTY_ASSIGNED_CONTEXT ( ( #5580 ) ) GLOBAL_UNIT_ASSIGNED_CONTEXT ( ( #2349, #5248, #2825 ) ) REPRESENTATION_CONTEXT ( 'NONE', 'WORKASPACE' ) );
#4237 = EDGE_CURVE ( 'NONE', #5474, #715, #1946, .T. ) ;
#4238 = ORIENTED_EDGE ( 'NONE', *, *, #3373, .T. ) ;
#4239 =( NAMED_UNIT ( * ) SI_UNIT ( $, .STERADIAN. ) SOLID_ANGLE_UNIT ( ) );
#4240 = VECTOR ( 'NONE', #3171, 1000.000000000000000 ) ;
#4241 = CYLINDRICAL_SURFACE ( 'NONE', #1914, 9.500000000000000000 ) ;
#4242 = DIRECTION ( 'NONE',  ( 1.000000000000000000, 0.0000000000000000000, 0.0000000000000000000 ) ) ;
#4243 = ORIENTED_EDGE ( 'NONE', *, *, #3987, .T. ) ;
#4244 =( LENGTH_UNIT ( ) NAMED_UNIT ( * ) SI_UNIT ( .MILLI., .METRE. ) );
#4245 = SURFACE_SIDE_STYLE ('',( #5408 ) ) ;
#4246 =( NAMED_UNIT ( * ) SI_UNIT ( $, .STERADIAN. ) SOLID_ANGLE_UNIT ( ) );
#4247 = VERTEX_POINT ( 'NONE', #257 ) ;
#4248 = ORIENTED_EDGE ( 'NONE', *, *, #739, .F. ) ;
#4249 = CARTESIAN_POINT ( 'NONE',  ( -0.6470537029839206200, 17.20000000032940700, -1.249941288410261100E-028 ) ) ;
#4250 = DIRECTION ( 'NONE',  ( 0.0000000000000000000, 1.000000000000000000, 0.0000000000000000000 ) ) ;
#4251 = PRESENTATION_LAYER_ASSIGNMENT (  '', '', ( #3988 ) ) ;
#4252 = DIRECTION ( 'NONE',  ( 1.000000000000000000, 0.0000000000000000000, 0.0000000000000000000 ) ) ;
#4253 = CARTESIAN_POINT ( 'NONE',  ( -19.60434724460000300, 36.60434724460000700, -9.500000000000000000 ) ) ;
#4254 = EDGE_CURVE ( 'NONE', #1417, #4754, #1793, .T. ) ;
#4255 = VECTOR ( 'NONE', #2605, 1000.000000000000000 ) ;
#4256 = PRESENTATION_LAYER_ASSIGNMENT (  '', '', ( #4547 ) ) ;
#4258 = VERTEX_POINT ( 'NONE', #1611 ) ;
#4257 = DIRECTION ( 'NONE',  ( -1.000000000000000000, 0.0000000000000000000, 0.0000000000000000000 ) ) ;
#4259 =( LENGTH_UNIT ( ) NAMED_UNIT ( * ) SI_UNIT ( .MILLI., .METRE. ) );
#4260 =( LENGTH_UNIT ( ) NAMED_UNIT ( * ) SI_UNIT ( .MILLI., .METRE. ) );
#4261 = LINE ( 'NONE', #3137, #2015 ) ;
#4262 = MECHANICAL_DESIGN_GEOMETRIC_PRESENTATION_REPRESENTATION (  '', ( #3746 ), #4556 ) ;
#4263 = EDGE_CURVE ( 'NONE', #509, #3188, #4080, .T. ) ;
#4264 = CARTESIAN_POINT ( 'NONE',  ( -14.70000000000000500, 39.99999999999999300, -4.336808689942017700E-016 ) ) ;
#4265 = LINE ( 'NONE', #4046, #2975 ) ;
#4266 = UNCERTAINTY_MEASURE_WITH_UNIT (LENGTH_MEASURE( 1.000000000000000100E-005 ), #5227, 'distance_accuracy_value', 'NONE');
#4267 = VERTEX_POINT ( 'NONE', #5027 ) ;
#4268 = VECTOR ( 'NONE', #4570, 1000.000000000000000 ) ;
#4269 = ORIENTED_EDGE ( 'NONE', *, *, #3807, .T. ) ;
#4270 = PRESENTATION_LAYER_ASSIGNMENT (  '', '', ( #3754 ) ) ;
#4271 = VECTOR ( 'NONE', #4422, 1000.000000000000000 ) ;
#4272 = DIRECTION ( 'NONE',  ( 0.0000000000000000000, 0.0000000000000000000, -1.000000000000000000 ) ) ;
#4273 = CARTESIAN_POINT ( 'NONE',  ( -4.000000000000003600, 20.08095189484500100, 15.00000000000000000 ) ) ;
#4274 = ORIENTED_EDGE ( 'NONE', *, *, #2710, .T. ) ;
#4275 = CARTESIAN_POINT ( 'NONE',  ( -32.99999999999504800, 28.49999999999999600, -14.58578643773762800 ) ) ;
#4276 = COLOUR_RGB ( '',0.7764705882352941300, 0.7568627450980391900, 0.7372549019607843600 ) ;
#4277 = ORIENTED_EDGE ( 'NONE', *, *, #4490, .F. ) ;
#4278 =( NAMED_UNIT ( * ) PLANE_ANGLE_UNIT ( ) SI_UNIT ( $, .RADIAN. ) );
#4279 = ORIENTED_EDGE ( 'NONE', *, *, #1073, .F. ) ;
#4280 = CARTESIAN_POINT ( 'NONE',  ( -46.50000000000000000, 0.0000000000000000000, 0.0000000000000000000 ) ) ;
#4281 = PRESENTATION_LAYER_ASSIGNMENT (  '', '', ( #3759 ) ) ;
#4282 = CARTESIAN_POINT ( 'NONE',  ( -23.75000000000000000, 34.49999999999998600, -8.299999999999998900 ) ) ;
#4283 = ORIENTED_EDGE ( 'NONE', *, *, #3019, .T. ) ;
#4284 = SURFACE_STYLE_FILL_AREA ( #101 ) ;
#4285 = PRESENTATION_STYLE_ASSIGNMENT (( #639 ) ) ;
#4286 = FILL_AREA_STYLE_COLOUR ( '', #5343 ) ;
#4287 = ORIENTED_EDGE ( 'NONE', *, *, #158, .F. ) ;
#4288 = VERTEX_POINT ( 'NONE', #2590 ) ;
#4289 = AXIS2_PLACEMENT_3D ( 'NONE', #417, #2715, #5604 ) ;
#4290 = COLOUR_RGB ( '',0.0000000000000000000, 0.0000000000000000000, 0.0000000000000000000 ) ;
#4291 = DIRECTION ( 'NONE',  ( -0.0000000000000000000, -0.0000000000000000000, 1.000000000000000000 ) ) ;
#4292 =( NAMED_UNIT ( * ) SI_UNIT ( $, .STERADIAN. ) SOLID_ANGLE_UNIT ( ) );
#4293 = ORIENTED_EDGE ( 'NONE', *, *, #1656, .F. ) ;
#4294 = DIRECTION ( 'NONE',  ( -0.0000000000000000000, -0.0000000000000000000, -1.000000000000000000 ) ) ;
#4295 = MECHANICAL_DESIGN_GEOMETRIC_PRESENTATION_REPRESENTATION (  '', ( #3514 ), #4580 ) ;
#4296 = ORIENTED_EDGE ( 'NONE', *, *, #1491, .T. ) ;
#4297 = UNCERTAINTY_MEASURE_WITH_UNIT (LENGTH_MEASURE( 1.000000000000000100E-005 ), #4576, 'distance_accuracy_value', 'NONE');
#4298 = DIRECTION ( 'NONE',  ( -0.0000000000000000000, 1.000000000000000000, -0.0000000000000000000 ) ) ;
#4299 = SURFACE_SIDE_STYLE ('',( #2750 ) ) ;
#4300 = DIRECTION ( 'NONE',  ( 0.0000000000000000000, 1.000000000000000000, 0.0000000000000000000 ) ) ;
#4301 = DIRECTION ( 'NONE',  ( -1.000000000000000000, -0.0000000000000000000, -0.0000000000000000000 ) ) ;
#4302 = FILL_AREA_STYLE_COLOUR ( '', #1497 ) ;
#4303 = PRESENTATION_LAYER_ASSIGNMENT (  '', '', ( #3783 ) ) ;
#4304 = ORIENTED_EDGE ( 'NONE', *, *, #5212, .T. ) ;
#4305 = EDGE_CURVE ( 'NONE', #864, #1593, #3038, .T. ) ;
#4306 = CARTESIAN_POINT ( 'NONE',  ( -12.67670860200570000, 15.43321744292061700, -7.132584487844431100 ) ) ;
#4307 =( LENGTH_UNIT ( ) NAMED_UNIT ( * ) SI_UNIT ( .MILLI., .METRE. ) );
#4308 = SURFACE_STYLE_FILL_AREA ( #930 ) ;
#4309 = DIRECTION ( 'NONE',  ( -1.000000000000000000, 0.0000000000000000000, 0.0000000000000000000 ) ) ;
#4310 = PRESENTATION_LAYER_ASSIGNMENT (  '', '', ( #3796 ) ) ;
#4311 = DIRECTION ( 'NONE',  ( 1.000000000000000000, -0.0000000000000000000, -0.0000000000000000000 ) ) ;
#4312 = CARTESIAN_POINT ( 'NONE',  ( -46.50000000000000000, 2.081899558550499900E-015, -16.99999999999999600 ) ) ;
#4313 = SURFACE_STYLE_FILL_AREA ( #1060 ) ;
#4314 = CARTESIAN_POINT ( 'NONE',  ( -23.74999999999811000, 39.99999999999902700, -8.300000000000000700 ) ) ;
#4315 = EDGE_LOOP ( 'NONE', ( #2659, #5533, #5393, #39 ) ) ;
#4316 = DIRECTION ( 'NONE',  ( -1.000000000000000000, -0.0000000000000000000, 0.0000000000000000000 ) ) ;
#4317 = FACE_OUTER_BOUND ( 'NONE', #4548, .T. ) ;
#4318 = DIRECTION ( 'NONE',  ( -0.0000000000000000000, 1.000000000000000000, -0.0000000000000000000 ) ) ;
#4319 = CONICAL_SURFACE ( 'NONE', #3728, 11.90000000000000000, 0.7853981633974482800 ) ;
#4320 = VERTEX_POINT ( 'NONE', #740 ) ;
#4321 =( GEOMETRIC_REPRESENTATION_CONTEXT ( 3 ) GLOBAL_UNCERTAINTY_ASSIGNED_CONTEXT ( ( #2621 ) ) GLOBAL_UNIT_ASSIGNED_CONTEXT ( ( #1409, #4055, #1536 ) ) REPRESENTATION_CONTEXT ( 'NONE', 'WORKASPACE' ) );
#4322 = PLANE ( 'NONE',  #776 ) ;
#4323 = CIRCLE ( 'NONE', #2292, 0.5000000000000177600 ) ;
#4324 = SURFACE_STYLE_FILL_AREA ( #534 ) ;
#4325 = FACE_OUTER_BOUND ( 'NONE', #5421, .T. ) ;
#4326 = CARTESIAN_POINT ( 'NONE',  ( -14.44479057223449000, 16.27471631494616500, 4.943426700667864700 ) ) ;
#4327 =( LENGTH_UNIT ( ) NAMED_UNIT ( * ) SI_UNIT ( .MILLI., .METRE. ) );
#4328 = EDGE_CURVE ( 'NONE', #55, #494, #1657, .T. ) ;
#4329 = CARTESIAN_POINT ( 'NONE',  ( -15.75000000000000000, 36.25000000000000000, -0.6000000000000000900 ) ) ;
#4330 =( GEOMETRIC_REPRESENTATION_CONTEXT ( 3 ) GLOBAL_UNCERTAINTY_ASSIGNED_CONTEXT ( ( #1996 ) ) GLOBAL_UNIT_ASSIGNED_CONTEXT ( ( #4801, #5418, #1189 ) ) REPRESENTATION_CONTEXT ( 'NONE', 'WORKASPACE' ) );
#4331 = SURFACE_SIDE_STYLE ('',( #2898 ) ) ;
#4332 = VECTOR ( 'NONE', #3374, 1000.000000000000000 ) ;
#4333 = VERTEX_POINT ( 'NONE', #3822 ) ;
#4334 = SURFACE_STYLE_FILL_AREA ( #648 ) ;
#4335 =( LENGTH_UNIT ( ) NAMED_UNIT ( * ) SI_UNIT ( .MILLI., .METRE. ) );
#4336 = CARTESIAN_POINT ( 'NONE',  ( -0.3000000000000016500, 5.048709793414475600E-026, 11.60000000000000000 ) ) ;
#4337 = CARTESIAN_POINT ( 'NONE',  ( -23.74999999999976200, 39.99999999999995700, -8.300000000000155300 ) ) ;
#4338 = LINE ( 'NONE', #5541, #3291 ) ;
#4339 =( NAMED_UNIT ( * ) SI_UNIT ( $, .STERADIAN. ) SOLID_ANGLE_UNIT ( ) );
#4340 = UNCERTAINTY_MEASURE_WITH_UNIT (LENGTH_MEASURE( 1.000000000000000100E-005 ), #144, 'distance_accuracy_value', 'NONE');
#4341 = LINE ( 'NONE', #3639, #887 ) ;
#4342 = MECHANICAL_DESIGN_GEOMETRIC_PRESENTATION_REPRESENTATION (  '', ( #3815 ), #4621 ) ;
#4343 = CARTESIAN_POINT ( 'NONE',  ( -1.500000000000001300, 5.048709793414475600E-026, 1.656607900964124800E-026 ) ) ;
#4344 = EDGE_CURVE ( 'NONE', #5434, #4714, #3173, .T. ) ;
#4345 = PLANE ( 'NONE',  #2652 ) ;
#4346 = ORIENTED_EDGE ( 'NONE', *, *, #5344, .T. ) ;
#4347 = VECTOR ( 'NONE', #1971, 1000.000000000000000 ) ;
#4348 = CARTESIAN_POINT ( 'NONE',  ( -13.91599429211452600, 16.00888886567579700, 5.726381226887918200 ) ) ;
#4349 = AXIS2_PLACEMENT_3D ( 'NONE', #310, #3456, #779 ) ;
#4350 = DIRECTION ( 'NONE',  ( 0.0000000000000000000, -1.000000000000000000, 0.0000000000000000000 ) ) ;
#4351 = VECTOR ( 'NONE', #393, 1000.000000000000000 ) ;
#4352 = ORIENTED_EDGE ( 'NONE', *, *, #3584, .T. ) ;
#4353 =( NAMED_UNIT ( * ) PLANE_ANGLE_UNIT ( ) SI_UNIT ( $, .RADIAN. ) );
#4354 = AXIS2_PLACEMENT_3D ( 'NONE', #618, #635, #4048 ) ;
#4355 = SURFACE_STYLE_USAGE ( .BOTH. , #4331 ) ;
#4356 = DIRECTION ( 'NONE',  ( 0.7313537016208920800, 0.6819983600606524000, 0.0000000000000000000 ) ) ;
#4357 = ORIENTED_EDGE ( 'NONE', *, *, #4835, .F. ) ;
#4358 = PRESENTATION_LAYER_ASSIGNMENT (  '', '', ( #4635 ) ) ;
#4359 =( NAMED_UNIT ( * ) PLANE_ANGLE_UNIT ( ) SI_UNIT ( $, .RADIAN. ) );
#4360 = ORIENTED_EDGE ( 'NONE', *, *, #598, .F. ) ;
#4361 = VERTEX_POINT ( 'NONE', #3438 ) ;
#4362 = DIRECTION ( 'NONE',  ( 0.0000000000000000000, 0.0000000000000000000, 1.000000000000000000 ) ) ;
#4363 = EDGE_CURVE ( 'NONE', #4705, #4439, #5047, .T. ) ;
#4364 = ORIENTED_EDGE ( 'NONE', *, *, #5388, .T. ) ;
#4365 = STYLED_ITEM ( 'NONE', ( #3317 ), #2068 ) ;
#4366 = VECTOR ( 'NONE', #863, 1000.000000000000000 ) ;
#4367 = FILL_AREA_STYLE_COLOUR ( '', #5262 ) ;
#4368 =( NAMED_UNIT ( * ) SI_UNIT ( $, .STERADIAN. ) SOLID_ANGLE_UNIT ( ) );
#4369 = SURFACE_STYLE_USAGE ( .BOTH. , #4427 ) ;
#4370 = ORIENTED_EDGE ( 'NONE', *, *, #4822, .F. ) ;
#4371 = UNCERTAINTY_MEASURE_WITH_UNIT (LENGTH_MEASURE( 1.000000000000000100E-005 ), #3338, 'distance_accuracy_value', 'NONE');
#4372 = AXIS2_PLACEMENT_3D ( 'NONE', #2849, #2713, #2707 ) ;
#4373 = CARTESIAN_POINT ( 'NONE',  ( -18.00000000000000400, 40.29999999999972700, 5.900000000000598100 ) ) ;
#4374 = EDGE_CURVE ( 'NONE', #2577, #5547, #4921, .T. ) ;
#4375 = VECTOR ( 'NONE', #3878, 1000.000000000000000 ) ;
#4376 = CARTESIAN_POINT ( 'NONE',  ( -3.667165304852937800, 11.72106908596400600, 14.95420746098532100 ) ) ;
#4377 = DIRECTION ( 'NONE',  ( 2.298076365600504500E-015, -1.000000000000000000, 0.0000000000000000000 ) ) ;
#4378 = VERTEX_POINT ( 'NONE', #4644 ) ;
#4379 = PRESENTATION_LAYER_ASSIGNMENT (  '', '', ( #3585 ) ) ;
#4380 = FACE_OUTER_BOUND ( 'NONE', #3819, .T. ) ;
#4381 = FILL_AREA_STYLE ('',( #4658 ) ) ;
#4382 = CARTESIAN_POINT ( 'NONE',  ( -32.58578643749516600, 28.79289321881163100, -15.00000000013708300 ) ) ;
#4383 = DIRECTION ( 'NONE',  ( 1.000000000000000000, 0.0000000000000000000, 0.0000000000000000000 ) ) ;
#4384 = FILL_AREA_STYLE_COLOUR ( '', #3535 ) ;
#4385 = SURFACE_STYLE_USAGE ( .BOTH. , #4469 ) ;
#4386 =( LENGTH_UNIT ( ) NAMED_UNIT ( * ) SI_UNIT ( .MILLI., .METRE. ) );
#4387 =( NAMED_UNIT ( * ) PLANE_ANGLE_UNIT ( ) SI_UNIT ( $, .RADIAN. ) );
#4388 = STYLED_ITEM ( 'NONE', ( #4511 ), #1709 ) ;
#4389 = DIRECTION ( 'NONE',  ( -0.0000000000000000000, 1.000000000000000000, -0.0000000000000000000 ) ) ;
#4390 = ORIENTED_EDGE ( 'NONE', *, *, #2152, .T. ) ;
#4391 = CARTESIAN_POINT ( 'NONE',  ( -2.999999999998429300, 28.79289321881425700, -13.99999999974885900 ) ) ;
#4392 = VECTOR ( 'NONE', #3020, 1000.000000000000000 ) ;
#4393 = CARTESIAN_POINT ( 'NONE',  ( -22.09272301886000300, 42.00000000000000000, 0.0000000000000000000 ) ) ;
#4394 = LINE ( 'NONE', #2703, #3340 ) ;
#4395 = DIRECTION ( 'NONE',  ( 0.0000000000000000000, -0.7313537016192749300, 0.6819983600623864600 ) ) ;
#4396 = STYLED_ITEM ( 'NONE', ( #3324 ), #1962 ) ;
#4397 = FACE_OUTER_BOUND ( 'NONE', #3564, .T. ) ;
#4398 = VECTOR ( 'NONE', #2817, 1000.000000000000000 ) ;
#4399 = CARTESIAN_POINT ( 'NONE',  ( -14.70000000000000500, 39.99999999999999300, -0.6000000000000000900 ) ) ;
#4400 = EDGE_CURVE ( 'NONE', #738, #2760, #1513, .T. ) ;
#4401 =( NAMED_UNIT ( * ) SI_UNIT ( $, .STERADIAN. ) SOLID_ANGLE_UNIT ( ) );
#4402 = STYLED_ITEM ( 'NONE', ( #3193 ), #2223 ) ;
#4403 = FILL_AREA_STYLE_COLOUR ( '', #5623 ) ;
#4404 = FACE_OUTER_BOUND ( 'NONE', #4773, .T. ) ;
#4405 = VECTOR ( 'NONE', #5382, 1000.000000000000000 ) ;
#4406 = ORIENTED_EDGE ( 'NONE', *, *, #3214, .F. ) ;
#4407 = VERTEX_POINT ( 'NONE', #2612 ) ;
#4408 = FILL_AREA_STYLE ('',( #4384 ) ) ;
#4409 = CIRCLE ( 'NONE', #1507, 9.500000000000000000 ) ;
#4410 = FACE_OUTER_BOUND ( 'NONE', #209, .T. ) ;
#4411 = ORIENTED_EDGE ( 'NONE', *, *, #2493, .F. ) ;
#4412 = PRESENTATION_LAYER_ASSIGNMENT (  '', '', ( #4693 ) ) ;
#4413 = ORIENTED_EDGE ( 'NONE', *, *, #4164, .T. ) ;
#4414 = CARTESIAN_POINT ( 'NONE',  ( -0.6470537029839208400, 17.20000000032940700, 4.212784989147424100E-015 ) ) ;
#4415 = CARTESIAN_POINT ( 'NONE',  ( -18.00000000000000400, 40.50000000000000000, -1.250000000000000200 ) ) ;
#4416 = EDGE_CURVE ( 'NONE', #1421, #1173, #2912, .T. ) ;
#4417 = CARTESIAN_POINT ( 'NONE',  ( -2.665827251571022700E-014, 16.30043030564249000, 3.992453959705764800E-015 ) ) ;
#4418 = DIRECTION ( 'NONE',  ( 1.000000000000000000, 0.0000000000000000000, 0.0000000000000000000 ) ) ;
#4419 = CARTESIAN_POINT ( 'NONE',  ( -19.50000000000000400, 37.78684245203001500, 8.300000000000000700 ) ) ;
#4420 = FACE_OUTER_BOUND ( 'NONE', #5134, .T. ) ;
#4421 = ORIENTED_EDGE ( 'NONE', *, *, #1459, .F. ) ;
#4422 = DIRECTION ( 'NONE',  ( -0.0000000000000000000, 1.000000000000000000, -0.0000000000000000000 ) ) ;
#4423 =( NAMED_UNIT ( * ) SI_UNIT ( $, .STERADIAN. ) SOLID_ANGLE_UNIT ( ) );
#4424 = PLANE ( 'NONE',  #1522 ) ;
#4425 =( GEOMETRIC_REPRESENTATION_CONTEXT ( 3 ) GLOBAL_UNCERTAINTY_ASSIGNED_CONTEXT ( ( #4866 ) ) GLOBAL_UNIT_ASSIGNED_CONTEXT ( ( #781, #726, #743 ) ) REPRESENTATION_CONTEXT ( 'NONE', 'WORKASPACE' ) );
#4426 = VERTEX_POINT ( 'NONE', #5493 ) ;
#4427 = SURFACE_SIDE_STYLE ('',( #1190 ) ) ;
#4428 = PLANE ( 'NONE',  #1225 ) ;
#4429 = CARTESIAN_POINT ( 'NONE',  ( -3.516318662013291800, 28.99999999999999600, -14.13112650585841100 ) ) ;
#4430 = CARTESIAN_POINT ( 'NONE',  ( -18.00000000000000400, 32.50000000000000700, 5.900000000000000400 ) ) ;
#4431 = CARTESIAN_POINT ( 'NONE',  ( -16.50000000000000000, 34.50000000000000000, 8.299999999999998900 ) ) ;
#4432 = ORIENTED_EDGE ( 'NONE', *, *, #4416, .T. ) ;
#4433 =( NAMED_UNIT ( * ) PLANE_ANGLE_UNIT ( ) SI_UNIT ( $, .RADIAN. ) );
#4434 =( GEOMETRIC_REPRESENTATION_CONTEXT ( 3 ) GLOBAL_UNCERTAINTY_ASSIGNED_CONTEXT ( ( #659 ) ) GLOBAL_UNIT_ASSIGNED_CONTEXT ( ( #1666, #1210, #759 ) ) REPRESENTATION_CONTEXT ( 'NONE', 'WORKASPACE' ) );
#4435 = VERTEX_POINT ( 'NONE', #5509 ) ;
#4436 = FILL_AREA_STYLE ('',( #1237 ) ) ;
#4437 = DIRECTION ( 'NONE',  ( 0.7071067811865474600, 0.0000000000000000000, -0.7071067811865474600 ) ) ;
#4438 = UNCERTAINTY_MEASURE_WITH_UNIT (LENGTH_MEASURE( 1.000000000000000100E-005 ), #29, 'distance_accuracy_value', 'NONE');
#4439 = VERTEX_POINT ( 'NONE', #5085 ) ;
#4440 = CARTESIAN_POINT ( 'NONE',  ( -23.75000000000000000, 34.49999999999998600, 1.499999999999999600 ) ) ;
#4441 = ORIENTED_EDGE ( 'NONE', *, *, #5023, .T. ) ;
#4442 = EDGE_CURVE ( 'NONE', #738, #4361, #2634, .T. ) ;
#4443 = PRESENTATION_LAYER_ASSIGNMENT (  '', '', ( #3893 ) ) ;
#4444 = ORIENTED_EDGE ( 'NONE', *, *, #832, .F. ) ;
#4445 = UNCERTAINTY_MEASURE_WITH_UNIT (LENGTH_MEASURE( 1.000000000000000100E-005 ), #4578, 'distance_accuracy_value', 'NONE');
#4446 = FILL_AREA_STYLE_COLOUR ( '', #4786 ) ;
#4447 = DIRECTION ( 'NONE',  ( -0.0000000000000000000, -0.0000000000000000000, 1.000000000000000000 ) ) ;
#4448 = MECHANICAL_DESIGN_GEOMETRIC_PRESENTATION_REPRESENTATION (  '', ( #3380 ), #4718 ) ;
#4449 = CARTESIAN_POINT ( 'NONE',  ( -23.75000000000000000, 29.00000000000000400, 1.499999999999999600 ) ) ;
#4450 = EDGE_CURVE ( 'NONE', #182, #5610, #2782, .T. ) ;
#4451 = SURFACE_STYLE_USAGE ( .BOTH. , #4245 ) ;
#4452 = CARTESIAN_POINT ( 'NONE',  ( -3.408383702566600600, 11.89115695333738100, 14.81931738020433400 ) ) ;
#4453 = CARTESIAN_POINT ( 'NONE',  ( -18.00000000000000400, 14.73091986265773700, -11.99999999999815600 ) ) ;
#4454 = CARTESIAN_POINT ( 'NONE',  ( -3.151141231993564300, 12.22835664803686300, 14.54267126374586800 ) ) ;
#4455 = ORIENTED_EDGE ( 'NONE', *, *, #3993, .T. ) ;
#4456 = AXIS2_PLACEMENT_3D ( 'NONE', #3975, #1361, #4377 ) ;
#4457 =( NAMED_UNIT ( * ) SI_UNIT ( $, .STERADIAN. ) SOLID_ANGLE_UNIT ( ) );
#4458 = FACE_OUTER_BOUND ( 'NONE', #2419, .T. ) ;
#4459 = CARTESIAN_POINT ( 'NONE',  ( -3.000000000000002700, 1.420590287061416600E-015, -11.60000000000000000 ) ) ;
#4460 = VERTEX_POINT ( 'NONE', #1242 ) ;
#4461 = CIRCLE ( 'NONE', #1054, 19.00000000000000000 ) ;
#4462 = DIRECTION ( 'NONE',  ( -1.000000000000000000, -0.0000000000000000000, -0.0000000000000000000 ) ) ;
#4463 =( GEOMETRIC_REPRESENTATION_CONTEXT ( 3 ) GLOBAL_UNCERTAINTY_ASSIGNED_CONTEXT ( ( #837 ) ) GLOBAL_UNIT_ASSIGNED_CONTEXT ( ( #362, #338, #313 ) ) REPRESENTATION_CONTEXT ( 'NONE', 'WORKASPACE' ) );
#4464 = CARTESIAN_POINT ( 'NONE',  ( -50.00000000000000000, 0.0000000000000000000, 0.0000000000000000000 ) ) ;
#4465 = CARTESIAN_POINT ( 'NONE',  ( -3.307506448229975900, 11.99985711926433200, 14.73178274731908700 ) ) ;
#4466 =( BOUNDED_CURVE ( )  B_SPLINE_CURVE ( 3, ( #122, #3685, #1492, #4491 ),
 .UNSPECIFIED., .F., .T. ) 
 B_SPLINE_CURVE_WITH_KNOTS ( ( 4, 4 ),
 ( 0.0000000000000000000, 1.000000000000000000 ),
 .UNSPECIFIED. ) 
 CURVE ( )  GEOMETRIC_REPRESENTATION_ITEM ( )  RATIONAL_B_SPLINE_CURVE ( ( 1.000000000000000000, 0.8047378541254346400, 0.8047378541254346400, 1.000000000000000000 ) ) 
 REPRESENTATION_ITEM ( '' )  );
#4467 = LINE ( 'NONE', #3767, #2090 ) ;
#4468 = CARTESIAN_POINT ( 'NONE',  ( -0.6470537029838417900, -17.20000000032918700, 34.40000000065858600 ) ) ;
#4469 = SURFACE_SIDE_STYLE ('',( #2665 ) ) ;
#4470 = EDGE_CURVE ( 'NONE', #5434, #3122, #3593, .T. ) ;
#4471 = CARTESIAN_POINT ( 'NONE',  ( -28.00000000000000000, 22.50000000000000400, 9.000000000000001800 ) ) ;
#4472 = CARTESIAN_POINT ( 'NONE',  ( -3.000000000000002700, 12.84523257866649900, 13.99999999999916200 ) ) ;
#4473 = LINE ( 'NONE', #368, #1027 ) ;
#4474 = SURFACE_STYLE_USAGE ( .BOTH. , #4841 ) ;
#4475 = VECTOR ( 'NONE', #4102, 1000.000000000000000 ) ;
#4476 = DIRECTION ( 'NONE',  ( 0.0000000000000000000, 0.0000000000000000000, -1.000000000000000000 ) ) ;
#4477 = PRESENTATION_STYLE_ASSIGNMENT (( #327 ) ) ;
#4478 = PRESENTATION_STYLE_ASSIGNMENT (( #972 ) ) ;
#4479 = ORIENTED_EDGE ( 'NONE', *, *, #2892, .T. ) ;
#4480 = VECTOR ( 'NONE', #1904, 1000.000000000000000 ) ;
#4481 = SURFACE_STYLE_FILL_AREA ( #1327 ) ;
#4482 =( LENGTH_UNIT ( ) NAMED_UNIT ( * ) SI_UNIT ( .MILLI., .METRE. ) );
#4483 = DIRECTION ( 'NONE',  ( 0.3892816206324550800, 0.8348171294801618500, -0.3892816206350767100 ) ) ;
#4484 = VERTEX_POINT ( 'NONE', #4680 ) ;
#4485 = PRODUCT ( 'VJE37_19x50', 'VJE37_19x50', '', ( #809 ) ) ;
#4486 = SURFACE_STYLE_FILL_AREA ( #2772 ) ;
#4487 = PRESENTATION_LAYER_ASSIGNMENT (  '', '', ( #4757 ) ) ;
#4488 = CARTESIAN_POINT ( 'NONE',  ( -15.42417786607193300, 18.32220247997412300, -2.577840569227066100 ) ) ;
#4489 = ORIENTED_EDGE ( 'NONE', *, *, #3264, .F. ) ;
#4490 = EDGE_CURVE ( 'NONE', #1470, #2744, #4784, .T. ) ;
#4491 = CARTESIAN_POINT ( 'NONE',  ( -3.999999999998865800, 29.00000000000000400, 14.50000000000004400 ) ) ;
#4492 = CARTESIAN_POINT ( 'NONE',  ( -3.094154923306663600, 12.35138171769018800, 14.43848502140862600 ) ) ;
#4493 = SURFACE_SIDE_STYLE ('',( #4481 ) ) ;
#4494 = PRESENTATION_STYLE_ASSIGNMENT (( #2086 ) ) ;
#4495 = CARTESIAN_POINT ( 'NONE',  ( -3.000000000000002700, 12.84523257866649900, 13.99999999999916200 ) ) ;
#4496 = ORIENTED_EDGE ( 'NONE', *, *, #1838, .T. ) ;
#4497 = DIRECTION ( 'NONE',  ( 1.000000000000000000, -0.0000000000000000000, 0.0000000000000000000 ) ) ;
#4498 = ORIENTED_EDGE ( 'NONE', *, *, #166, .F. ) ;
#4499 =( GEOMETRIC_REPRESENTATION_CONTEXT ( 3 ) GLOBAL_UNCERTAINTY_ASSIGNED_CONTEXT ( ( #2886 ) ) GLOBAL_UNIT_ASSIGNED_CONTEXT ( ( #2109, #741, #5222 ) ) REPRESENTATION_CONTEXT ( 'NONE', 'WORKASPACE' ) );
#4500 =( NAMED_UNIT ( * ) PLANE_ANGLE_UNIT ( ) SI_UNIT ( $, .RADIAN. ) );
#4501 = VERTEX_POINT ( 'NONE', #357 ) ;
#4502 =( NAMED_UNIT ( * ) PLANE_ANGLE_UNIT ( ) SI_UNIT ( $, .RADIAN. ) );
#4503 = CARTESIAN_POINT ( 'NONE',  ( -28.00000000000000400, 22.50000000000000400, 0.0000000000000000000 ) ) ;
#4504 = PLANE ( 'NONE',  #5164 ) ;
#4505 = UNCERTAINTY_MEASURE_WITH_UNIT (LENGTH_MEASURE( 1.000000000000000100E-005 ), #2850, 'distance_accuracy_value', 'NONE');
#4506 = ORIENTED_EDGE ( 'NONE', *, *, #5143, .T. ) ;
#4507 =( GEOMETRIC_REPRESENTATION_CONTEXT ( 3 ) GLOBAL_UNCERTAINTY_ASSIGNED_CONTEXT ( ( #241 ) ) GLOBAL_UNIT_ASSIGNED_CONTEXT ( ( #27, #4763, #3 ) ) REPRESENTATION_CONTEXT ( 'NONE', 'WORKASPACE' ) );
#4508 = DIRECTION ( 'NONE',  ( -0.0000000000000000000, 1.000000000000000000, -0.0000000000000000000 ) ) ;
#4509 = PLANE ( 'NONE',  #1594 ) ;
#4510 = EDGE_CURVE ( 'NONE', #4714, #1352, #4652, .T. ) ;
#4511 = PRESENTATION_STYLE_ASSIGNMENT (( #4369 ) ) ;
#4512 = SURFACE_STYLE_FILL_AREA ( #3095 ) ;
#4513 = CARTESIAN_POINT ( 'NONE',  ( -16.50000000000000000, 34.50000000000000000, -9.500000000000000000 ) ) ;
#4514 = ORIENTED_EDGE ( 'NONE', *, *, #4003, .F. ) ;
#4515 = CARTESIAN_POINT ( 'NONE',  ( -33.00000000000000000, 0.0000000000000000000, 0.0000000000000000000 ) ) ;
#4516 = SURFACE_SIDE_STYLE ('',( #2560 ) ) ;
#4517 = CARTESIAN_POINT ( 'NONE',  ( -19.50000000000000400, 34.50000000000000000, -8.900000000000000400 ) ) ;
#4518 = DIRECTION ( 'NONE',  ( 1.000000000000000000, -0.0000000000000000000, -0.0000000000000000000 ) ) ;
#4519 = B_SPLINE_CURVE_WITH_KNOTS ( 'NONE', 3,
 ( #2008, #2018, #1579, #1511, #1381, #1315, #1260, #1155, #1043, #950, #702, #461 ),
 .UNSPECIFIED., .F., .F.,
 ( 4, 2, 2, 2, 2, 4 ),
 ( 0.0000000000000000000, 0.1250000000000045000, 0.2500000000000089900, 0.3750000000000134900, 0.5000000000000179900, 1.000000000000000000 ),
 .UNSPECIFIED. ) ;
#4520 = EDGE_CURVE ( 'NONE', #4484, #3939, #163, .T. ) ;
#4521 = PRESENTATION_STYLE_ASSIGNMENT (( #8 ) ) ;
#4522 =( LENGTH_UNIT ( ) NAMED_UNIT ( * ) SI_UNIT ( .MILLI., .METRE. ) );
#4523 = DIRECTION ( 'NONE',  ( 1.000000000000000000, -0.0000000000000000000, -0.0000000000000000000 ) ) ;
#4524 = VECTOR ( 'NONE', #3803, 1000.000000000000000 ) ;
#4525 = CARTESIAN_POINT ( 'NONE',  ( -2.999999999999813500, 12.72060632452126500, 14.11434665856329800 ) ) ;
#4526 = COLOUR_RGB ( '',0.7764705882352941300, 0.7568627450980391900, 0.7372549019607843600 ) ;
#4527 = SURFACE_STYLE_FILL_AREA ( #3591 ) ;
#4528 = STYLED_ITEM ( 'NONE', ( #3768 ), #4068 ) ;
#4529 = VECTOR ( 'NONE', #1264, 1000.000000000000000 ) ;
#4530 = CYLINDRICAL_SURFACE ( 'NONE', #2202, 15.05000000000000100 ) ;
#4531 = SURFACE_SIDE_STYLE ('',( #4994 ) ) ;
#4532 = EDGE_CURVE ( 'NONE', #2173, #2352, #2318, .T. ) ;
#4533 = LINE ( 'NONE', #3599, #3476 ) ;
#4534 = SURFACE_STYLE_USAGE ( .BOTH. , #1540 ) ;
#4535 = MECHANICAL_DESIGN_GEOMETRIC_PRESENTATION_REPRESENTATION (  '', ( #3988 ), #4817 ) ;
#4536 = SURFACE_STYLE_USAGE ( .BOTH. , #5058 ) ;
#4537 = CARTESIAN_POINT ( 'NONE',  ( -22.73094910101047700, 42.00000000000020600, 7.280949101010923700 ) ) ;
#4538 = VERTEX_POINT ( 'NONE', #5117 ) ;
#4539 = UNCERTAINTY_MEASURE_WITH_UNIT (LENGTH_MEASURE( 1.000000000000000100E-005 ), #4187, 'distance_accuracy_value', 'NONE');
#4540 = LINE ( 'NONE', #4553, #3602 ) ;
#4542 = ORIENTED_EDGE ( 'NONE', *, *, #4164, .F. ) ;
#4541 = B_SPLINE_CURVE_WITH_KNOTS ( 'NONE', 1,
 ( #4854, #4834 ),
 .UNSPECIFIED., .F., .F.,
 ( 2, 2 ),
 ( 0.0000000000000000000, 1.000000000000000000 ),
 .UNSPECIFIED. ) ;
#4543 = LINE ( 'NONE', #4819, #4271 ) ;
#4544 = EDGE_CURVE ( 'NONE', #1065, #1888, #4394, .T. ) ;
#4545 = DIRECTION ( 'NONE',  ( -1.000000000000000000, 0.0000000000000000000, 0.0000000000000000000 ) ) ;
#4546 = CARTESIAN_POINT ( 'NONE',  ( -3.019039680500229700, 12.59687067865612600, 14.22481385307893800 ) ) ;
#4547 = STYLED_ITEM ( 'NONE', ( #3136 ), #2096 ) ;
#4548 = EDGE_LOOP ( 'NONE', ( #84, #1936, #1013, #2553 ) ) ;
#4549 = SURFACE_STYLE_FILL_AREA ( #4762 ) ;
#4550 = ORIENTED_EDGE ( 'NONE', *, *, #5376, .T. ) ;
#4551 = ORIENTED_EDGE ( 'NONE', *, *, #4639, .T. ) ;
#4552 = PLANE ( 'NONE',  #3773 ) ;
#4553 = CARTESIAN_POINT ( 'NONE',  ( -33.00000000000000000, 22.50000000000000000, 0.0000000000000000000 ) ) ;
#4554 = SURFACE_STYLE_USAGE ( .BOTH. , #5210 ) ;
#4555 = ORIENTED_EDGE ( 'NONE', *, *, #1569, .T. ) ;
#4556 =( GEOMETRIC_REPRESENTATION_CONTEXT ( 3 ) GLOBAL_UNCERTAINTY_ASSIGNED_CONTEXT ( ( #3676 ) ) GLOBAL_UNIT_ASSIGNED_CONTEXT ( ( #4260, #4104, #3570 ) ) REPRESENTATION_CONTEXT ( 'NONE', 'WORKASPACE' ) );
#4557 = EDGE_CURVE ( 'NONE', #3392, #5607, #5512, .T. ) ;
#4558 = DIRECTION ( 'NONE',  ( -1.000000000000000000, -0.0000000000000000000, -0.0000000000000000000 ) ) ;
#4559 = CARTESIAN_POINT ( 'NONE',  ( 0.0000000000000000000, 1.457329691035837500E-015, 11.90000000000000000 ) ) ;
#4560 = ORIENTED_EDGE ( 'NONE', *, *, #983, .T. ) ;
#4561 = ORIENTED_EDGE ( 'NONE', *, *, #2829, .F. ) ;
#4562 = MECHANICAL_DESIGN_GEOMETRIC_PRESENTATION_REPRESENTATION (  '', ( #3754 ), #4840 ) ;
#4563 = DIRECTION ( 'NONE',  ( -1.000000000000000000, 2.775557561562888800E-014, 0.0000000000000000000 ) ) ;
#4564 = ORIENTED_EDGE ( 'NONE', *, *, #3010, .F. ) ;
#4565 = CARTESIAN_POINT ( 'NONE',  ( 0.0000000000000000000, 5.048709793414475600E-026, -11.90000000000000000 ) ) ;
#4566 = VERTEX_POINT ( 'NONE', #1744 ) ;
#4567 = CARTESIAN_POINT ( 'NONE',  ( -3.000000000000002700, 28.49999987499999700, 14.00000000000000000 ) ) ;
#4568 = PRESENTATION_STYLE_ASSIGNMENT (( #1236 ) ) ;
#4569 = EDGE_LOOP ( 'NONE', ( #264, #1478, #3810, #4887 ) ) ;
#4570 = DIRECTION ( 'NONE',  ( -0.0000000000000000000, -0.0000000000000000000, -1.000000000000000000 ) ) ;
#4571 = MECHANICAL_DESIGN_GEOMETRIC_PRESENTATION_REPRESENTATION (  '', ( #3759 ), #4848 ) ;
#4572 = COLOUR_RGB ( '',0.7764705882352941300, 0.7568627450980391900, 0.7372549019607843600 ) ;
#4573 = CARTESIAN_POINT ( 'NONE',  ( -9.501283647699967400, 14.34659337599418400, -9.121195570891581300 ) ) ;
#4574 = CARTESIAN_POINT ( 'NONE',  ( 0.0000000000000000000, 14.09108147143905800, -9.863134540564601600 ) ) ;
#4575 = PRESENTATION_LAYER_ASSIGNMENT (  '', '', ( #4027 ) ) ;
#4576 =( LENGTH_UNIT ( ) NAMED_UNIT ( * ) SI_UNIT ( .MILLI., .METRE. ) );
#4577 = COLOUR_RGB ( '',0.0000000000000000000, 0.0000000000000000000, 0.0000000000000000000 ) ;
#4578 =( LENGTH_UNIT ( ) NAMED_UNIT ( * ) SI_UNIT ( .MILLI., .METRE. ) );
#4579 = DIRECTION ( 'NONE',  ( 0.0000000000000000000, -0.0000000000000000000, 1.000000000000000000 ) ) ;
#4580 =( GEOMETRIC_REPRESENTATION_CONTEXT ( 3 ) GLOBAL_UNCERTAINTY_ASSIGNED_CONTEXT ( ( #4371 ) ) GLOBAL_UNIT_ASSIGNED_CONTEXT ( ( #3338, #3294, #2963 ) ) REPRESENTATION_CONTEXT ( 'NONE', 'WORKASPACE' ) );
#4581 = CIRCLE ( 'NONE', #1450, 0.5000000000000000000 ) ;
#4582 = CARTESIAN_POINT ( 'NONE',  ( -12.24999999999999600, 29.00000000000000000, -8.299999999999998900 ) ) ;
#4583 = SURFACE_STYLE_USAGE ( .BOTH. , #5072 ) ;
#4584 = DIRECTION ( 'NONE',  ( -1.000000000000000000, -0.0000000000000000000, -0.0000000000000000000 ) ) ;
#4585 = CARTESIAN_POINT ( 'NONE',  ( -21.30000000000000400, 32.34400000000000100, -6.136000000000000100 ) ) ;
#4586 = DIRECTION ( 'NONE',  ( -0.0000000000000000000, -0.0000000000000000000, 1.000000000000000000 ) ) ;
#4587 = ORIENTED_EDGE ( 'NONE', *, *, #1673, .T. ) ;
#4588 = CARTESIAN_POINT ( 'NONE',  ( -3.000000000000002700, 5.048709793414475600E-026, 11.89999999999999500 ) ) ;
#4589 = MECHANICAL_DESIGN_GEOMETRIC_PRESENTATION_REPRESENTATION (  '', ( #3783 ), #4870 ) ;
#4590 = EDGE_CURVE ( 'NONE', #194, #1065, #2153, .T. ) ;
#4591 = LINE ( 'NONE', #4017, #3403 ) ;
#4592 = PRESENTATION_STYLE_ASSIGNMENT (( #1983 ) ) ;
#4593 = CARTESIAN_POINT ( 'NONE',  ( -0.05597972129012936800, -15.46179454866955000, -1.893523720310354600E-015 ) ) ;
#4594 = LINE ( 'NONE', #5377, #3531 ) ;
#4595 = DIRECTION ( 'NONE',  ( 0.0000000000000000000, -1.000000000000000000, 0.0000000000000000000 ) ) ;
#4596 = MECHANICAL_DESIGN_GEOMETRIC_PRESENTATION_REPRESENTATION (  '', ( #3796 ), #4882 ) ;
#4597 = UNCERTAINTY_MEASURE_WITH_UNIT (LENGTH_MEASURE( 1.000000000000000100E-005 ), #4934, 'distance_accuracy_value', 'NONE');
#4598 = LINE ( 'NONE', #952, #1299 ) ;
#4599 = CARTESIAN_POINT ( 'NONE',  ( -32.00000000000000000, 20.08095189484500100, 15.00000000000000000 ) ) ;
#4600 = LINE ( 'NONE', #5073, #3536 ) ;
#4601 = VECTOR ( 'NONE', #3900, 1000.000000000000000 ) ;
#4602 = FACE_OUTER_BOUND ( 'NONE', #3078, .T. ) ;
#4603 = ORIENTED_EDGE ( 'NONE', *, *, #1057, .F. ) ;
#4604 = UNCERTAINTY_MEASURE_WITH_UNIT (LENGTH_MEASURE( 1.000000000000000100E-005 ), #2427, 'distance_accuracy_value', 'NONE');
#4605 = CARTESIAN_POINT ( 'NONE',  ( -9.201935081560202800, 14.27606880874684400, -9.230760398998670600 ) ) ;
#4606 = CARTESIAN_POINT ( 'NONE',  ( -0.6470537029834092500, -15.04999999999988700, -1.249941288410261100E-028 ) ) ;
#4607 = ORIENTED_EDGE ( 'NONE', *, *, #1048, .F. ) ;
#4608 = LINE ( 'NONE', #5551, #1158 ) ;
#4609 = PRESENTATION_STYLE_ASSIGNMENT (( #1993 ) ) ;
#4610 = PRESENTATION_STYLE_ASSIGNMENT (( #3866 ) ) ;
#4611 = ORIENTED_EDGE ( 'NONE', *, *, #861, .F. ) ;
#4612 = EDGE_CURVE ( 'NONE', #4714, #5434, #951, .T. ) ;
#4613 = DIRECTION ( 'NONE',  ( -1.000000000000000000, -0.0000000000000000000, 0.0000000000000000000 ) ) ;
#4614 = FILL_AREA_STYLE_COLOUR ( '', #1659 ) ;
#4615 = DIRECTION ( 'NONE',  ( 0.0000000000000000000, -1.000000000000000000, 8.881784197001252300E-016 ) ) ;
#4616 = FACE_OUTER_BOUND ( 'NONE', #706, .T. ) ;
#4617 = ORIENTED_EDGE ( 'NONE', *, *, #3886, .F. ) ;
#4618 = CARTESIAN_POINT ( 'NONE',  ( -28.00000000000000400, 0.0000000000000000000, 0.0000000000000000000 ) ) ;
#4619 = FILL_AREA_STYLE_COLOUR ( '', #4688 ) ;
#4620 = SURFACE_STYLE_USAGE ( .BOTH. , #4788 ) ;
#4621 =( GEOMETRIC_REPRESENTATION_CONTEXT ( 3 ) GLOBAL_UNCERTAINTY_ASSIGNED_CONTEXT ( ( #4438 ) ) GLOBAL_UNIT_ASSIGNED_CONTEXT ( ( #29, #3467, #2 ) ) REPRESENTATION_CONTEXT ( 'NONE', 'WORKASPACE' ) );
#4622 = ORIENTED_EDGE ( 'NONE', *, *, #3584, .F. ) ;
#4623 = EDGE_CURVE ( 'NONE', #2530, #964, #4261, .T. ) ;
#4624 = ORIENTED_EDGE ( 'NONE', *, *, #4191, .T. ) ;
#4625 = CARTESIAN_POINT ( 'NONE',  ( 0.0000000000000000000, 0.0000000000000000000, 0.0000000000000000000 ) ) ;
#4626 = EDGE_LOOP ( 'NONE', ( #2261, #3419, #1162, #2430, #4611, #1313, #2582, #1468 ) ) ;
#4627 = AXIS2_PLACEMENT_3D ( 'NONE', #5550, #3123, #375 ) ;
#4628 = SURFACE_SIDE_STYLE ('',( #1906 ) ) ;
#4629 = SURFACE_STYLE_USAGE ( .BOTH. , #41 ) ;
#4630 = PRESENTATION_LAYER_ASSIGNMENT (  '', '', ( #4078 ) ) ;
#4631 = DIRECTION ( 'NONE',  ( 0.0000000000000000000, 0.0000000000000000000, 1.000000000000000000 ) ) ;
#4632 = ORIENTED_EDGE ( 'NONE', *, *, #2401, .T. ) ;
#4633 = SURFACE_STYLE_FILL_AREA ( #3378 ) ;
#4634 = PLANE ( 'NONE',  #2535 ) ;
#4635 = STYLED_ITEM ( 'NONE', ( #11 ), #1776 ) ;
#4636 = VECTOR ( 'NONE', #4309, 1000.000000000000000 ) ;
#4637 = ORIENTED_EDGE ( 'NONE', *, *, #1310, .T. ) ;
#4638 = DIRECTION ( 'NONE',  ( 0.0000000000000000000, 0.0000000000000000000, 1.000000000000000000 ) ) ;
#4639 = EDGE_CURVE ( 'NONE', #588, #3014, #3226, .T. ) ;
#4640 = EDGE_LOOP ( 'NONE', ( #2442, #1322, #3681, #4745 ) ) ;
#4641 = AXIS2_PLACEMENT_3D ( 'NONE', #4756, #4738, #4692 ) ;
#4642 = FILL_AREA_STYLE ('',( #319 ) ) ;
#4643 = SURFACE_STYLE_USAGE ( .BOTH. , #4659 ) ;
#4644 = CARTESIAN_POINT ( 'NONE',  ( 0.0000000000000000000, 0.0000000000000000000, 17.00000000000000000 ) ) ;
#4645 = DIRECTION ( 'NONE',  ( 1.000000000000000000, -0.0000000000000000000, -0.0000000000000000000 ) ) ;
#4646 = AXIS2_PLACEMENT_3D ( 'NONE', #4071, #3951, #3766 ) ;
#4647 = ORIENTED_EDGE ( 'NONE', *, *, #2735, .T. ) ;
#4648 = LINE ( 'NONE', #3818, #5368 ) ;
#4649 = EDGE_CURVE ( 'NONE', #2729, #210, #807, .T. ) ;
#4650 = DIRECTION ( 'NONE',  ( 0.0000000000000000000, 0.7313537016192749300, 0.6819983600623864600 ) ) ;
#4651 = FILL_AREA_STYLE_COLOUR ( '', #2964 ) ;
#4652 = LINE ( 'NONE', #3498, #3469 ) ;
#4653 = DIRECTION ( 'NONE',  ( 0.0000000000000000000, 0.0000000000000000000, 1.000000000000000000 ) ) ;
#4654 = MECHANICAL_DESIGN_GEOMETRIC_PRESENTATION_REPRESENTATION (  '', ( #3585 ), #4939 ) ;
#4655 = DIRECTION ( 'NONE',  ( 0.0000000000000000000, 1.000000000000000000, 0.0000000000000000000 ) ) ;
#4656 = STYLED_ITEM ( 'NONE', ( #24 ), #1418 ) ;
#4657 = CIRCLE ( 'NONE', #4726, 11.90000000000000000 ) ;
#4658 = FILL_AREA_STYLE_COLOUR ( '', #3812 ) ;
#4659 = SURFACE_SIDE_STYLE ('',( #156 ) ) ;
#4660 = COLOUR_RGB ( '',0.7764705882352941300, 0.7568627450980391900, 0.7372549019607843600 ) ;
#4661 = CARTESIAN_POINT ( 'NONE',  ( -46.50000000000000000, 2.051283388571816900E-015, -16.75000000000000000 ) ) ;
#4662 = DIRECTION ( 'NONE',  ( 1.000000000000000000, -0.0000000000000000000, -0.0000000000000000000 ) ) ;
#4663 = VECTOR ( 'NONE', #3326, 1000.000000000000000 ) ;
#4664 = ORIENTED_EDGE ( 'NONE', *, *, #471, .F. ) ;
#4665 = AXIS2_PLACEMENT_3D ( 'NONE', #4828, #5165, #3998 ) ;
#4666 = CIRCLE ( 'NONE', #1186, 9.550000000000002500 ) ;
#4667 = EDGE_LOOP ( 'NONE', ( #5561, #2565, #1922, #5351 ) ) ;
#4668 = CARTESIAN_POINT ( 'NONE',  ( -17.60000000000000500, 32.50000000000000000, 4.049999999999999800 ) ) ;
#4669 = UNCERTAINTY_MEASURE_WITH_UNIT (LENGTH_MEASURE( 1.000000000000000100E-005 ), #1363, 'distance_accuracy_value', 'NONE');
#4670 = FACE_OUTER_BOUND ( 'NONE', #723, .T. ) ;
#4671 = VERTEX_POINT ( 'NONE', #3156 ) ;
#4672 = ORIENTED_EDGE ( 'NONE', *, *, #3886, .T. ) ;
#4673 = AXIS2_PLACEMENT_3D ( 'NONE', #3785, #3560, #3451 ) ;
#4674 = APPLICATION_CONTEXT ( 'automotive_design' ) ;
#4675 = CARTESIAN_POINT ( 'NONE',  ( -28.00000000000000000, 18.61545993133000100, 12.00000000000000000 ) ) ;
#4676 = PLANE ( 'NONE',  #4646 ) ;
#4677 = DIRECTION ( 'NONE',  ( 0.0000000000000000000, -1.000000000000000000, 0.0000000000000000000 ) ) ;
#4678 = EDGE_LOOP ( 'NONE', ( #3375, #4432, #1109, #3503 ) ) ;
#4679 = EDGE_CURVE ( 'NONE', #5411, #4320, #1863, .T. ) ;
#4680 = CARTESIAN_POINT ( 'NONE',  ( -16.50000000000000000, 34.50000000000000000, 9.500000000000000000 ) ) ;
#4681 = ORIENTED_EDGE ( 'NONE', *, *, #4590, .F. ) ;
#4682 = CARTESIAN_POINT ( 'NONE',  ( -5.999999999999998200, 15.71288563568131600, -9.764999999999998800 ) ) ;
#4683 = AXIS2_PLACEMENT_3D ( 'NONE', #3636, #3576, #2610 ) ;
#4684 = CARTESIAN_POINT ( 'NONE',  ( -15.68432945733503700, 16.95376956960538500, -1.294675905032535800 ) ) ;
#4685 = EDGE_LOOP ( 'NONE', ( #4116, #5211, #3199, #4233 ) ) ;
#4686 = DIRECTION ( 'NONE',  ( 1.000000000000000000, -0.0000000000000000000, -0.0000000000000000000 ) ) ;
#4687 = DIRECTION ( 'NONE',  ( 1.000000000000000000, -0.0000000000000000000, -0.0000000000000000000 ) ) ;
#4688 = COLOUR_RGB ( '',1.000000000000000000, 1.000000000000000000, 0.9490196078431372100 ) ;
#4689 = DIRECTION ( 'NONE',  ( -1.000000000000000000, 0.0000000000000000000, 0.0000000000000000000 ) ) ;
#4690 = ORIENTED_EDGE ( 'NONE', *, *, #2910, .F. ) ;
#4691 = DIRECTION ( 'NONE',  ( 0.0000000000000000000, -1.000000000000000000, 0.0000000000000000000 ) ) ;
#4692 = DIRECTION ( 'NONE',  ( 0.0000000000000000000, 0.0000000000000000000, -1.000000000000000000 ) ) ;
#4693 = STYLED_ITEM ( 'NONE', ( #4019 ), #2537 ) ;
#4694 = EDGE_CURVE ( 'NONE', #322, #4247, #3102, .T. ) ;
#4695 = ORIENTED_EDGE ( 'NONE', *, *, #5544, .T. ) ;
#4696 = FILL_AREA_STYLE ('',( #5115 ) ) ;
#4697 = UNCERTAINTY_MEASURE_WITH_UNIT (LENGTH_MEASURE( 1.000000000000000100E-005 ), #5174, 'distance_accuracy_value', 'NONE');
#4698 = PLANE ( 'NONE',  #5024 ) ;
#4699 = PRESENTATION_STYLE_ASSIGNMENT (( #5185 ) ) ;
#4700 = CARTESIAN_POINT ( 'NONE',  ( -23.36287797094391300, 40.75976976113027900, -1.500000000000000000 ) ) ;
#4701 =( NAMED_UNIT ( * ) SI_UNIT ( $, .STERADIAN. ) SOLID_ANGLE_UNIT ( ) );
#4702 = VERTEX_POINT ( 'NONE', #871 ) ;
#4703 = DIRECTION ( 'NONE',  ( 0.0000000000000000000, -0.9063077870368436700, 0.4226182617402839400 ) ) ;
#4704 = COLOUR_RGB ( '',0.7764705882352941300, 0.7568627450980391900, 0.7372549019607843600 ) ;
#4705 = VERTEX_POINT ( 'NONE', #4336 ) ;
#4706 = DIRECTION ( 'NONE',  ( 0.0000000000000000000, 1.000000000000000000, 0.0000000000000000000 ) ) ;
#4707 = DIRECTION ( 'NONE',  ( 1.000000000000000000, 0.0000000000000000000, 0.0000000000000000000 ) ) ;
#4708 = DIRECTION ( 'NONE',  ( 0.0000000000000000000, 0.0000000000000000000, 1.000000000000000000 ) ) ;
#4709 = EDGE_CURVE ( 'NONE', #1230, #4168, #2969, .T. ) ;
#4710 = MECHANICAL_DESIGN_GEOMETRIC_PRESENTATION_REPRESENTATION (  '', ( #3893 ), #4986 ) ;
#4711 = SURFACE_STYLE_FILL_AREA ( #92 ) ;
#4712 =( NAMED_UNIT ( * ) SI_UNIT ( $, .STERADIAN. ) SOLID_ANGLE_UNIT ( ) );
#4713 = CARTESIAN_POINT ( 'NONE',  ( -12.25000000000000400, 29.00000000000000400, 0.0000000000000000000 ) ) ;
#4714 = VERTEX_POINT ( 'NONE', #5606 ) ;
#4715 = VECTOR ( 'NONE', #4389, 1000.000000000000000 ) ;
#4716 = COLOUR_RGB ( '',0.0000000000000000000, 0.0000000000000000000, 0.0000000000000000000 ) ;
#4717 =( NAMED_UNIT ( * ) PLANE_ANGLE_UNIT ( ) SI_UNIT ( $, .RADIAN. ) );
#4718 =( GEOMETRIC_REPRESENTATION_CONTEXT ( 3 ) GLOBAL_UNCERTAINTY_ASSIGNED_CONTEXT ( ( #5587 ) ) GLOBAL_UNIT_ASSIGNED_CONTEXT ( ( #4769, #4748, #4712 ) ) REPRESENTATION_CONTEXT ( 'NONE', 'WORKASPACE' ) );
#4719 = FACE_OUTER_BOUND ( 'NONE', #634, .T. ) ;
#4720 = EDGE_CURVE ( 'NONE', #4702, #5472, #5246, .T. ) ;
#4721 = FILL_AREA_STYLE ('',( #3035 ) ) ;
#4722 = VECTOR ( 'NONE', #2466, 1000.000000000000000 ) ;
#4723 =( NAMED_UNIT ( * ) PLANE_ANGLE_UNIT ( ) SI_UNIT ( $, .RADIAN. ) );
#4724 = FACE_OUTER_BOUND ( 'NONE', #3355, .T. ) ;
#4725 = VECTOR ( 'NONE', #2131, 1000.000000000000000 ) ;
#4726 = AXIS2_PLACEMENT_3D ( 'NONE', #15, #3212, #490 ) ;
#4727 = LINE ( 'NONE', #4419, #2570 ) ;
#4728 =( NAMED_UNIT ( * ) SI_UNIT ( $, .STERADIAN. ) SOLID_ANGLE_UNIT ( ) );
#4729 =( NAMED_UNIT ( * ) PLANE_ANGLE_UNIT ( ) SI_UNIT ( $, .RADIAN. ) );
#4730 = ORIENTED_EDGE ( 'NONE', *, *, #5023, .F. ) ;
#4731 = ORIENTED_EDGE ( 'NONE', *, *, #1682, .F. ) ;
#4732 = LINE ( 'NONE', #2740, #3668 ) ;
#4733 = FILL_AREA_STYLE ('',( #581 ) ) ;
#4734 =( NAMED_UNIT ( * ) SI_UNIT ( $, .STERADIAN. ) SOLID_ANGLE_UNIT ( ) );
#4735 = UNCERTAINTY_MEASURE_WITH_UNIT (LENGTH_MEASURE( 1.000000000000000100E-005 ), #130, 'distance_accuracy_value', 'NONE');
#4736 = ORIENTED_EDGE ( 'NONE', *, *, #1063, .T. ) ;
#4737 = CARTESIAN_POINT ( 'NONE',  ( -48.60000000000000100, 0.0000000000000000000, 0.0000000000000000000 ) ) ;
#4738 = DIRECTION ( 'NONE',  ( 1.000000000000000000, 0.0000000000000000000, 0.0000000000000000000 ) ) ;
#4739 = ORIENTED_EDGE ( 'NONE', *, *, #3189, .F. ) ;
#4740 = EDGE_CURVE ( 'NONE', #2744, #5132, #1078, .T. ) ;
#4741 = STYLED_ITEM ( 'NONE', ( #1119 ), #2039 ) ;
#4742 =( NAMED_UNIT ( * ) SI_UNIT ( $, .STERADIAN. ) SOLID_ANGLE_UNIT ( ) );
#4743 = SURFACE_STYLE_USAGE ( .BOTH. , #5022 ) ;
#4744 = DIRECTION ( 'NONE',  ( 0.0000000000000000000, 0.0000000000000000000, 1.000000000000000000 ) ) ;
#4745 = ORIENTED_EDGE ( 'NONE', *, *, #3473, .F. ) ;
#4746 =( NAMED_UNIT ( * ) PLANE_ANGLE_UNIT ( ) SI_UNIT ( $, .RADIAN. ) );
#4747 = ORIENTED_EDGE ( 'NONE', *, *, #1143, .F. ) ;
#4748 =( NAMED_UNIT ( * ) PLANE_ANGLE_UNIT ( ) SI_UNIT ( $, .RADIAN. ) );
#4749 = FILL_AREA_STYLE ('',( #3935 ) ) ;
#4750 = DIRECTION ( 'NONE',  ( -1.000000000000000000, -0.0000000000000000000, -0.0000000000000000000 ) ) ;
#4751 = STYLED_ITEM ( 'NONE', ( #1164 ), #2289 ) ;
#4752 = EDGE_LOOP ( 'NONE', ( #5126, #1677, #3972, #5065 ) ) ;
#4753 = FACE_OUTER_BOUND ( 'NONE', #1234, .T. ) ;
#4754 = VERTEX_POINT ( 'NONE', #5620 ) ;
#4755 = CARTESIAN_POINT ( 'NONE',  ( -28.00000000000000700, 22.50000000000000400, -12.00000000000000200 ) ) ;
#4756 = CARTESIAN_POINT ( 'NONE',  ( -1.500000000000001300, 19.31356058705310000, 1.656607900964124800E-026 ) ) ;
#4757 = STYLED_ITEM ( 'NONE', ( #254 ), #2619 ) ;
#4758 = FACE_OUTER_BOUND ( 'NONE', #2165, .T. ) ;
#4759 = ORIENTED_EDGE ( 'NONE', *, *, #2276, .T. ) ;
#4760 = AXIS2_PLACEMENT_3D ( 'NONE', #4280, #4169, #2812 ) ;
#4761 = DIRECTION ( 'NONE',  ( 0.0000000000000000000, 0.0000000000000000000, 1.000000000000000000 ) ) ;
#4762 = FILL_AREA_STYLE ('',( #1791 ) ) ;
#4763 =( NAMED_UNIT ( * ) PLANE_ANGLE_UNIT ( ) SI_UNIT ( $, .RADIAN. ) );
#4764 =( NAMED_UNIT ( * ) SI_UNIT ( $, .STERADIAN. ) SOLID_ANGLE_UNIT ( ) );
#4765 = UNCERTAINTY_MEASURE_WITH_UNIT (LENGTH_MEASURE( 1.000000000000000100E-005 ), #1872, 'distance_accuracy_value', 'NONE');
#4766 = VERTEX_POINT ( 'NONE', #893 ) ;
#4767 = PRESENTATION_LAYER_ASSIGNMENT (  '', '', ( #5049 ) ) ;
#4768 = DIRECTION ( 'NONE',  ( -1.000000000000000000, -0.0000000000000000000, -0.0000000000000000000 ) ) ;
#4769 =( LENGTH_UNIT ( ) NAMED_UNIT ( * ) SI_UNIT ( .MILLI., .METRE. ) );
#4770 = ORIENTED_EDGE ( 'NONE', *, *, #2046, .T. ) ;
#4771 = CARTESIAN_POINT ( 'NONE',  ( -23.75000000000000000, 29.00000000000000400, 0.0000000000000000000 ) ) ;
#4772 = CARTESIAN_POINT ( 'NONE',  ( -14.70000000000000500, 36.39999999999999900, 0.6000000000000007500 ) ) ;
#4773 = EDGE_LOOP ( 'NONE', ( #199, #1412, #3747, #340 ) ) ;
#4774 = SURFACE_STYLE_USAGE ( .BOTH. , #5029 ) ;
#4775 = CIRCLE ( 'NONE', #2929, 19.00000000000000000 ) ;
#4776 = DIRECTION ( 'NONE',  ( 1.000000000000000000, 0.0000000000000000000, 0.0000000000000000000 ) ) ;
#4777 = PLANE ( 'NONE',  #2336 ) ;
#4778 = CARTESIAN_POINT ( 'NONE',  ( -28.00000000000000400, 18.61545993133000100, 2.000000000000001800 ) ) ;
#4779 = EDGE_CURVE ( 'NONE', #3522, #1470, #3889, .T. ) ;
#4780 = PLANE ( 'NONE',  #5030 ) ;
#4781 = DIRECTION ( 'NONE',  ( -1.000000000000000000, -0.0000000000000000000, -0.0000000000000000000 ) ) ;
#4782 = PRESENTATION_LAYER_ASSIGNMENT (  '', '', ( #4231 ) ) ;
#4783 = CARTESIAN_POINT ( 'NONE',  ( -4.000000000000005300, 28.50000000000000700, 15.00000000000036900 ) ) ;
#4784 = LINE ( 'NONE', #1707, #16 ) ;
#4785 = CARTESIAN_POINT ( 'NONE',  ( -23.36287797094391600, 40.75976976113028600, 1.500000000000000000 ) ) ;
#4786 = COLOUR_RGB ( '',0.0000000000000000000, 0.0000000000000000000, 0.0000000000000000000 ) ;
#4787 = VECTOR ( 'NONE', #5196, 1000.000000000000000 ) ;
#4788 = SURFACE_SIDE_STYLE ('',( #3724 ) ) ;
#4789 = STYLED_ITEM ( 'NONE', ( #1949 ), #2509 ) ;
#4790 = EDGE_CURVE ( 'NONE', #2950, #4671, #533, .T. ) ;
#4791 = FACE_OUTER_BOUND ( 'NONE', #337, .T. ) ;
#4792 = CARTESIAN_POINT ( 'NONE',  ( -17.60000000000000500, 40.50000000000000000, 1.249999999999999800 ) ) ;
#4793 = CIRCLE ( 'NONE', #1583, 19.00000000000000000 ) ;
#4794 = EDGE_LOOP ( 'NONE', ( #4759, #5107, #388, #5214 ) ) ;
#4795 = VECTOR ( 'NONE', #2677, 1000.000000000000200 ) ;
#4796 = FACE_OUTER_BOUND ( 'NONE', #2284, .T. ) ;
#4797 = EDGE_LOOP ( 'NONE', ( #1463, #4869, #4990, #4034 ) ) ;
#4798 = FACE_OUTER_BOUND ( 'NONE', #52, .T. ) ;
#4799 = PRESENTATION_LAYER_ASSIGNMENT (  '', '', ( #4528 ) ) ;
#4800 = DIRECTION ( 'NONE',  ( 1.000000000000000000, 0.0000000000000000000, 0.0000000000000000000 ) ) ;
#4801 =( LENGTH_UNIT ( ) NAMED_UNIT ( * ) SI_UNIT ( .MILLI., .METRE. ) );
#4802 = DIRECTION ( 'NONE',  ( -1.000000000000000000, 0.0000000000000000000, 0.0000000000000000000 ) ) ;
#4803 = PLANE ( 'NONE',  #1340 ) ;
#4804 = ORIENTED_EDGE ( 'NONE', *, *, #3150, .F. ) ;
#4805 = MECHANICAL_DESIGN_GEOMETRIC_PRESENTATION_REPRESENTATION (  '', ( #3455 ), #5084 ) ;
#4806 = ORIENTED_EDGE ( 'NONE', *, *, #3189, .T. ) ;
#4807 = FILL_AREA_STYLE ('',( #162 ) ) ;
#4808 =( NAMED_UNIT ( * ) SI_UNIT ( $, .STERADIAN. ) SOLID_ANGLE_UNIT ( ) );
#4809 = FACE_BOUND ( 'NONE', #133, .T. ) ;
#4810 = FACE_OUTER_BOUND ( 'NONE', #79, .T. ) ;
#4811 = CARTESIAN_POINT ( 'NONE',  ( -3.100907681240640400E-014, 15.94956969468689900, 31.89913938937358400 ) ) ;
#4812 = CARTESIAN_POINT ( 'NONE',  ( -22.09272301885970800, 42.00000000000008500, -6.692723018863113700 ) ) ;
#4813 = ORIENTED_EDGE ( 'NONE', *, *, #2874, .F. ) ;
#4814 = DIRECTION ( 'NONE',  ( -1.000000000000000000, -0.0000000000000000000, -0.0000000000000000000 ) ) ;
#4815 = EDGE_CURVE ( 'NONE', #1401, #4821, #4014, .T. ) ;
#4816 = LINE ( 'NONE', #3989, #329 ) ;
#4817 =( GEOMETRIC_REPRESENTATION_CONTEXT ( 3 ) GLOBAL_UNCERTAINTY_ASSIGNED_CONTEXT ( ( #4049 ) ) GLOBAL_UNIT_ASSIGNED_CONTEXT ( ( #1474, #1420, #620 ) ) REPRESENTATION_CONTEXT ( 'NONE', 'WORKASPACE' ) );
#4818 =( NAMED_UNIT ( * ) SI_UNIT ( $, .STERADIAN. ) SOLID_ANGLE_UNIT ( ) );
#4819 = CARTESIAN_POINT ( 'NONE',  ( -27.99999999999999600, 19.61660026534499900, -9.000000000000001800 ) ) ;
#4820 = ORIENTED_EDGE ( 'NONE', *, *, #1989, .F. ) ;
#4821 = VERTEX_POINT ( 'NONE', #4785 ) ;
#4822 = EDGE_CURVE ( 'NONE', #138, #4930, #379, .T. ) ;
#4823 = EDGE_LOOP ( 'NONE', ( #1818, #3068, #4110, #5205, #1978, #4230, #5335, #908 ) ) ;
#4824 = AXIS2_PLACEMENT_3D ( 'NONE', #1223, #385, #5469 ) ;
#4825 = ORIENTED_EDGE ( 'NONE', *, *, #1342, .T. ) ;
#4826 = CARTESIAN_POINT ( 'NONE',  ( 0.0000000000000000000, 5.048709793414475600E-026, 1.656607900964124800E-026 ) ) ;
#4827 = DIRECTION ( 'NONE',  ( 2.891205793294679300E-016, 0.0000000000000000000, -1.000000000000000000 ) ) ;
#4828 = CARTESIAN_POINT ( 'NONE',  ( -23.28656322702000400, 40.83093441148000800, -1.604347244602000200 ) ) ;
#4829 = ORIENTED_EDGE ( 'NONE', *, *, #649, .F. ) ;
#4830 = SURFACE_STYLE_USAGE ( .BOTH. , #1854 ) ;
#4831 = COLOUR_RGB ( '',0.0000000000000000000, 0.0000000000000000000, 0.0000000000000000000 ) ;
#4832 = DIRECTION ( 'NONE',  ( 1.000000000000000000, -0.0000000000000000000, -0.0000000000000000000 ) ) ;
#4833 = CARTESIAN_POINT ( 'NONE',  ( -25.25000000000000000, 29.00000000000000400, 1.499999999999999600 ) ) ;
#4834 = CARTESIAN_POINT ( 'NONE',  ( -3.000000000000002700, 12.84523257903024500, -13.99999999966499900 ) ) ;
#4835 = EDGE_CURVE ( 'NONE', #3014, #5411, #3775, .T. ) ;
#4836 = ORIENTED_EDGE ( 'NONE', *, *, #2977, .T. ) ;
#4837 = SURFACE_STYLE_FILL_AREA ( #4118 ) ;
#4838 = CARTESIAN_POINT ( 'NONE',  ( -21.43200000000000200, 32.34400000000000100, 5.900000000000000400 ) ) ;
#4839 = CARTESIAN_POINT ( 'NONE',  ( -50.00000000000000000, 0.0000000000000000000, 17.00000000000000000 ) ) ;
#4840 =( GEOMETRIC_REPRESENTATION_CONTEXT ( 3 ) GLOBAL_UNCERTAINTY_ASSIGNED_CONTEXT ( ( #5025 ) ) GLOBAL_UNIT_ASSIGNED_CONTEXT ( ( #4012, #1422, #4423 ) ) REPRESENTATION_CONTEXT ( 'NONE', 'WORKASPACE' ) );
#4841 = SURFACE_SIDE_STYLE ('',( #374 ) ) ;
#4842 = MECHANICAL_DESIGN_GEOMETRIC_PRESENTATION_REPRESENTATION (  '', ( #3497 ), #5111 ) ;
#4843 = VECTOR ( 'NONE', #641, 1000.000000000000000 ) ;
#4844 = UNCERTAINTY_MEASURE_WITH_UNIT (LENGTH_MEASURE( 1.000000000000000100E-005 ), #5420, 'distance_accuracy_value', 'NONE');
#4845 = CARTESIAN_POINT ( 'NONE',  ( -27.89565275540000400, 22.50000000000000000, -5.104347244601999700 ) ) ;
#4846 = EDGE_LOOP ( 'NONE', ( #120, #1317, #2586, #259 ) ) ;
#4847 = FILL_AREA_STYLE ('',( #4446 ) ) ;
#4848 =( GEOMETRIC_REPRESENTATION_CONTEXT ( 3 ) GLOBAL_UNCERTAINTY_ASSIGNED_CONTEXT ( ( #3888 ) ) GLOBAL_UNIT_ASSIGNED_CONTEXT ( ( #3742, #3756, #3718 ) ) REPRESENTATION_CONTEXT ( 'NONE', 'WORKASPACE' ) );
#4849 = CARTESIAN_POINT ( 'NONE',  ( -3.551172452088035700, 29.00000000000000400, -14.22260086347047700 ) ) ;
#4850 = CARTESIAN_POINT ( 'NONE',  ( -18.00000000000000400, 34.50000000000000000, 8.300000000000000700 ) ) ;
#4851 = SURFACE_STYLE_FILL_AREA ( #2644 ) ;
#4852 = COLOUR_RGB ( '',0.7764705882352941300, 0.7568627450980391900, 0.7372549019607843600 ) ;
#4853 = ORIENTED_EDGE ( 'NONE', *, *, #3272, .T. ) ;
#4854 = CARTESIAN_POINT ( 'NONE',  ( -3.000000000000002700, 28.49999999999999600, -13.99999987443468700 ) ) ;
#4855 = CARTESIAN_POINT ( 'NONE',  ( -16.50000000000000000, 37.78684245203001500, -8.300000000000000700 ) ) ;
#4856 = VECTOR ( 'NONE', #4356, 1000.000000000000100 ) ;
#4857 = CARTESIAN_POINT ( 'NONE',  ( -28.00000000000000400, 18.33030277982299300, 5.000000000000226500 ) ) ;
#4858 = MECHANICAL_DESIGN_GEOMETRIC_PRESENTATION_REPRESENTATION (  '', ( #4027 ), #5129 ) ;
#4859 = FILL_AREA_STYLE ('',( #5310 ) ) ;
#4860 = VECTOR ( 'NONE', #1819, 1000.000000000000000 ) ;
#4861 = CARTESIAN_POINT ( 'NONE',  ( -48.60000000000000100, 0.0000000000000000000, -17.10000000000000100 ) ) ;
#4862 = VECTOR ( 'NONE', #4218, 1000.000000000000000 ) ;
#4863 = ORIENTED_EDGE ( 'NONE', *, *, #214, .F. ) ;
#4864 = PLANE ( 'NONE',  #3088 ) ;
#4865 = VECTOR ( 'NONE', #4662, 1000.000000000000000 ) ;
#4866 = UNCERTAINTY_MEASURE_WITH_UNIT (LENGTH_MEASURE( 1.000000000000000100E-005 ), #781, 'distance_accuracy_value', 'NONE');
#4867 = FACE_OUTER_BOUND ( 'NONE', #3853, .T. ) ;
#4868 = ORIENTED_EDGE ( 'NONE', *, *, #3875, .T. ) ;
#4869 = ORIENTED_EDGE ( 'NONE', *, *, #3150, .T. ) ;
#4870 =( GEOMETRIC_REPRESENTATION_CONTEXT ( 3 ) GLOBAL_UNCERTAINTY_ASSIGNED_CONTEXT ( ( #1442 ) ) GLOBAL_UNIT_ASSIGNED_CONTEXT ( ( #5389, #2967, #286 ) ) REPRESENTATION_CONTEXT ( 'NONE', 'WORKASPACE' ) );
#4871 = LINE ( 'NONE', #5013, #3797 ) ;
#4872 = EDGE_CURVE ( 'NONE', #3674, #297, #2711, .T. ) ;
#4873 = DIRECTION ( 'NONE',  ( 1.000000000000000000, 0.0000000000000000000, 0.0000000000000000000 ) ) ;
#4874 = UNCERTAINTY_MEASURE_WITH_UNIT (LENGTH_MEASURE( 1.000000000000000100E-005 ), #2799, 'distance_accuracy_value', 'NONE');
#4875 = FILL_AREA_STYLE ('',( #2897 ) ) ;
#4876 = VECTOR ( 'NONE', #5546, 1000.000000000000000 ) ;
#4877 = ORIENTED_EDGE ( 'NONE', *, *, #5105, .T. ) ;
#4878 =( LENGTH_UNIT ( ) NAMED_UNIT ( * ) SI_UNIT ( .MILLI., .METRE. ) );
#4879 =( NAMED_UNIT ( * ) SI_UNIT ( $, .STERADIAN. ) SOLID_ANGLE_UNIT ( ) );
#4880 = PRESENTATION_STYLE_ASSIGNMENT (( #1370 ) ) ;
#4881 = DIRECTION ( 'NONE',  ( -0.0000000000000000000, 1.000000000000000000, -0.0000000000000000000 ) ) ;
#4882 =( GEOMETRIC_REPRESENTATION_CONTEXT ( 3 ) GLOBAL_UNCERTAINTY_ASSIGNED_CONTEXT ( ( #2220 ) ) GLOBAL_UNIT_ASSIGNED_CONTEXT ( ( #1034, #1318, #1062 ) ) REPRESENTATION_CONTEXT ( 'NONE', 'WORKASPACE' ) );
#4883 = ORIENTED_EDGE ( 'NONE', *, *, #680, .F. ) ;
#4884 = PRESENTATION_STYLE_ASSIGNMENT (( #2495 ) ) ;
#4885 = CARTESIAN_POINT ( 'NONE',  ( -46.50000000000000000, 0.0000000000000000000, 9.500000000000000000 ) ) ;
#4886 = DIRECTION ( 'NONE',  ( 0.0000000000000000000, 0.0000000000000000000, -1.000000000000000000 ) ) ;
#4887 = ORIENTED_EDGE ( 'NONE', *, *, #3042, .F. ) ;
#4888 = STYLED_ITEM ( 'NONE', ( #2766 ), #1859 ) ;
#4889 = DIRECTION ( 'NONE',  ( 1.000000000000000000, -0.0000000000000000000, -0.0000000000000000000 ) ) ;
#4890 = VERTEX_POINT ( 'NONE', #4812 ) ;
#4891 = DIRECTION ( 'NONE',  ( 0.0000000000000000000, 0.0000000000000000000, -1.000000000000000000 ) ) ;
#4892 = CARTESIAN_POINT ( 'NONE',  ( -32.33283469516224800, 11.72106908597125300, 14.95420746097964600 ) ) ;
#4893 = EDGE_CURVE ( 'NONE', #3983, #138, #4936, .T. ) ;
#4894 = AXIS2_PLACEMENT_3D ( 'NONE', #4737, #2213, #3180 ) ;
#4895 = CARTESIAN_POINT ( 'NONE',  ( -48.60000000000000100, 0.0000000000000000000, -18.50000000000000000 ) ) ;
#4896 = CARTESIAN_POINT ( 'NONE',  ( -4.000000000401252400, 11.66190378969041500, -15.00000000000007300 ) ) ;
#4897 = ORIENTED_EDGE ( 'NONE', *, *, #3699, .F. ) ;
#4898 =( NAMED_UNIT ( * ) SI_UNIT ( $, .STERADIAN. ) SOLID_ANGLE_UNIT ( ) );
#4899 = CARTESIAN_POINT ( 'NONE',  ( -33.00000000000000000, 22.50000000000000400, -5.000000000000000900 ) ) ;
#4900 = PRESENTATION_LAYER_ASSIGNMENT (  '', '', ( #5170 ) ) ;
#4901 = FACE_OUTER_BOUND ( 'NONE', #5258, .T. ) ;
#4902 = EDGE_CURVE ( 'NONE', #55, #1758, #1582, .T. ) ;
#4903 = ORIENTED_EDGE ( 'NONE', *, *, #3210, .F. ) ;
#4904 = SURFACE_STYLE_USAGE ( .BOTH. , #4947 ) ;
#4905 = CARTESIAN_POINT ( 'NONE',  ( -46.50000000000000000, 0.0000000000000000000, 16.75000000000000000 ) ) ;
#4906 = SURFACE_SIDE_STYLE ('',( #1539 ) ) ;
#4907 = DIRECTION ( 'NONE',  ( -0.0000000000000000000, -0.0000000000000000000, 1.000000000000000000 ) ) ;
#4908 = ORIENTED_EDGE ( 'NONE', *, *, #1932, .F. ) ;
#4909 = AXIS2_PLACEMENT_3D ( 'NONE', #3526, #856, #3919 ) ;
#4910 = DIRECTION ( 'NONE',  ( 0.0000000000000000000, 0.0000000000000000000, 1.000000000000000000 ) ) ;
#4911 = MECHANICAL_DESIGN_GEOMETRIC_PRESENTATION_REPRESENTATION (  '', ( #4078 ), #5183 ) ;
#4912 = SURFACE_STYLE_USAGE ( .BOTH. , #4927 ) ;
#4913 = PRESENTATION_STYLE_ASSIGNMENT (( #784 ) ) ;
#4914 = DIRECTION ( 'NONE',  ( -0.7071067811865454600, 8.659560562354957500E-017, -0.7071067811865495700 ) ) ;
#4915 = EDGE_LOOP ( 'NONE', ( #2124, #3041, #2061, #3835 ) ) ;
#4916 = SURFACE_STYLE_USAGE ( .BOTH. , #4998 ) ;
#4917 = CIRCLE ( 'NONE', #2628, 1.399999999999998600 ) ;
#4918 = PRESENTATION_STYLE_ASSIGNMENT (( #5020 ) ) ;
#4919 = COLOUR_RGB ( '',0.7764705882352941300, 0.7568627450980391900, 0.7372549019607843600 ) ;
#4920 = AXIS2_PLACEMENT_3D ( 'NONE', #5476, #4781, #4122 ) ;
#4921 = CIRCLE ( 'NONE', #4349, 15.04999999999999900 ) ;
#4922 = EDGE_CURVE ( 'NONE', #5081, #630, #3653, .T. ) ;
#4923 = CARTESIAN_POINT ( 'NONE',  ( -1.500000000000001300, 5.048709793414475600E-026, 1.656607900964124800E-026 ) ) ;
#4924 = PRESENTATION_LAYER_ASSIGNMENT (  '', '', ( #4365 ) ) ;
#4925 = VECTOR ( 'NONE', #4318, 1000.000000000000000 ) ;
#4926 = CARTESIAN_POINT ( 'NONE',  ( -19.60434724460000300, 36.60434724460000700, 9.500000000000000000 ) ) ;
#4927 = SURFACE_SIDE_STYLE ('',( #976 ) ) ;
#4928 = DIRECTION ( 'NONE',  ( 0.0000000000000000000, -1.000000000000000000, 7.105427357601001900E-015 ) ) ;
#4929 = LINE ( 'NONE', #538, #1523 ) ;
#4930 = VERTEX_POINT ( 'NONE', #953 ) ;
#4931 = LINE ( 'NONE', #2688, #2925 ) ;
#4932 = STYLED_ITEM ( 'NONE', ( #5395 ), #2323 ) ;
#4933 = EDGE_CURVE ( 'NONE', #4460, #5004, #230, .T. ) ;
#4934 =( LENGTH_UNIT ( ) NAMED_UNIT ( * ) SI_UNIT ( .MILLI., .METRE. ) );
#4935 = ORIENTED_EDGE ( 'NONE', *, *, #561, .F. ) ;
#4936 = B_SPLINE_CURVE_WITH_KNOTS ( 'NONE', 1,
 ( #5230, #2810 ),
 .UNSPECIFIED., .F., .F.,
 ( 2, 2 ),
 ( 0.0000000000000000000, 0.9999999821398660700 ),
 .UNSPECIFIED. ) ;
#4937 = FILL_AREA_STYLE_COLOUR ( '', #5152 ) ;
#4938 = UNCERTAINTY_MEASURE_WITH_UNIT (LENGTH_MEASURE( 1.000000000000000100E-005 ), #5272, 'distance_accuracy_value', 'NONE');
#4939 =( GEOMETRIC_REPRESENTATION_CONTEXT ( 3 ) GLOBAL_UNCERTAINTY_ASSIGNED_CONTEXT ( ( #5032 ) ) GLOBAL_UNIT_ASSIGNED_CONTEXT ( ( #2770, #5618, #3187 ) ) REPRESENTATION_CONTEXT ( 'NONE', 'WORKASPACE' ) );
#4940 = EDGE_LOOP ( 'NONE', ( #5456, #590, #4296, #1545 ) ) ;
#4941 = AXIS2_PLACEMENT_3D ( 'NONE', #2360, #2331, #2307 ) ;
#4942 = CARTESIAN_POINT ( 'NONE',  ( -21.30000000000014600, 40.29999999999990500, -5.900000000000075000 ) ) ;
#4943 = CARTESIAN_POINT ( 'NONE',  ( -33.00000000000000000, 20.67261628933499700, -14.00000000000000000 ) ) ;
#4944 = ORIENTED_EDGE ( 'NONE', *, *, #3612, .T. ) ;
#4945 = DIRECTION ( 'NONE',  ( -0.0000000000000000000, -1.000000000000000000, -0.0000000000000000000 ) ) ;
#4946 = ORIENTED_EDGE ( 'NONE', *, *, #1211, .T. ) ;
#4947 = SURFACE_SIDE_STYLE ('',( #2870 ) ) ;
#4948 = CARTESIAN_POINT ( 'NONE',  ( 1.387778780781445700E-014, 1.148823494024378200E-013, -1.249941288410261100E-028 ) ) ;
#4949 = PRESENTATION_LAYER_ASSIGNMENT (  '', '', ( #4388 ) ) ;
#4950 = ORIENTED_EDGE ( 'NONE', *, *, #3461, .T. ) ;
#4951 =( NAMED_UNIT ( * ) PLANE_ANGLE_UNIT ( ) SI_UNIT ( $, .RADIAN. ) );
#4952 = CARTESIAN_POINT ( 'NONE',  ( -17.60000000000000500, 32.50000000000000000, 1.250000000000000200 ) ) ;
#4953 = SURFACE_STYLE_FILL_AREA ( #2749 ) ;
#4954 = VERTEX_POINT ( 'NONE', #2351 ) ;
#4955 = ORIENTED_EDGE ( 'NONE', *, *, #2001, .T. ) ;
#4956 = AXIS2_PLACEMENT_3D ( 'NONE', #2725, #3831, #4708 ) ;
#4957 = SURFACE_STYLE_FILL_AREA ( #1309 ) ;
#4958 = CARTESIAN_POINT ( 'NONE',  ( -33.00000000000000000, 22.50000000000000400, -12.00000000000000200 ) ) ;
#4959 = ORIENTED_EDGE ( 'NONE', *, *, #3670, .T. ) ;
#4960 = EDGE_CURVE ( 'NONE', #3197, #55, #1289, .T. ) ;
#4961 = LINE ( 'NONE', #2587, #1708 ) ;
#4962 = CARTESIAN_POINT ( 'NONE',  ( -3.000000000000002700, 15.76954587281149300, -9.863134540564601600 ) ) ;
#4963 = MECHANICAL_DESIGN_GEOMETRIC_PRESENTATION_REPRESENTATION (  '', ( #4402 ), #5244 ) ;
#4964 = DIRECTION ( 'NONE',  ( 0.0000000000000000000, 1.000000000000000000, 0.0000000000000000000 ) ) ;
#4965 = CARTESIAN_POINT ( 'NONE',  ( -50.00000000000000000, 2.081899558550500300E-015, -17.00000000000000000 ) ) ;
#4966 = PRESENTATION_STYLE_ASSIGNMENT (( #433 ) ) ;
#4967 = SURFACE_SIDE_STYLE ('',( #5390 ) ) ;
#4968 = DIRECTION ( 'NONE',  ( 0.7071067811865474600, 8.659560562354932900E-017, 0.7071067811865474600 ) ) ;
#4969 = AXIS2_PLACEMENT_3D ( 'NONE', #113, #4462, #5317 ) ;
#4970 = EDGE_CURVE ( 'NONE', #2813, #2524, #2044, .T. ) ;
#4971 = SURFACE_STYLE_FILL_AREA ( #3089 ) ;
#4972 = SURFACE_STYLE_USAGE ( .BOTH. , #3898 ) ;
#4973 = CARTESIAN_POINT ( 'NONE',  ( -50.00000000000000000, 0.0000000000000000000, 9.500000000000000000 ) ) ;
#4974 = SURFACE_SIDE_STYLE ('',( #1934 ) ) ;
#4975 = STYLED_ITEM ( 'NONE', ( #5233 ), #1622 ) ;
#4976 = VECTOR ( 'NONE', #1354, 1000.000000000000000 ) ;
#4977 = EDGE_CURVE ( 'NONE', #2119, #4047, #3528, .T. ) ;
#4978 = LINE ( 'NONE', #4453, #3894 ) ;
#4979 = AXIS2_PLACEMENT_3D ( 'NONE', #3874, #3846, #3816 ) ;
#4980 = CARTESIAN_POINT ( 'NONE',  ( -18.00000000000000400, 11.66190378969022800, 15.00000000000029000 ) ) ;
#4981 = LINE ( 'NONE', #5052, #4862 ) ;
#4982 = ORIENTED_EDGE ( 'NONE', *, *, #2276, .F. ) ;
#4983 = PLANE ( 'NONE',  #3404 ) ;
#4984 = LINE ( 'NONE', #4943, #3899 ) ;
#4985 = EDGE_CURVE ( 'NONE', #5132, #5063, #4591, .T. ) ;
#4986 =( GEOMETRIC_REPRESENTATION_CONTEXT ( 3 ) GLOBAL_UNCERTAINTY_ASSIGNED_CONTEXT ( ( #4539 ) ) GLOBAL_UNIT_ASSIGNED_CONTEXT ( ( #4187, #4152, #3842 ) ) REPRESENTATION_CONTEXT ( 'NONE', 'WORKASPACE' ) );
#4987 = LINE ( 'NONE', #4161, #1737 ) ;
#4988 = LINE ( 'NONE', #1680, #3545 ) ;
#4989 = VERTEX_POINT ( 'NONE', #996 ) ;
#4990 = ORIENTED_EDGE ( 'NONE', *, *, #5600, .F. ) ;
#4991 = LINE ( 'NONE', #3015, #3907 ) ;
#4992 = UNCERTAINTY_MEASURE_WITH_UNIT (LENGTH_MEASURE( 1.000000000000000100E-005 ), #2002, 'distance_accuracy_value', 'NONE');
#4993 = FACE_OUTER_BOUND ( 'NONE', #1268, .T. ) ;
#4994 = SURFACE_STYLE_FILL_AREA ( #3997 ) ;
#4995 = CARTESIAN_POINT ( 'NONE',  ( -21.30000000000000400, 36.39999999999999900, 5.900000000000000400 ) ) ;
#4996 = DIRECTION ( 'NONE',  ( 0.0000000000000000000, -1.000000000000000000, 0.0000000000000000000 ) ) ;
#4997 = ORIENTED_EDGE ( 'NONE', *, *, #342, .T. ) ;
#4998 = SURFACE_SIDE_STYLE ('',( #548 ) ) ;
#4999 = EDGE_CURVE ( 'NONE', #4435, #1417, #4461, .T. ) ;
#5000 = FACE_OUTER_BOUND ( 'NONE', #5282, .T. ) ;
#5001 = UNCERTAINTY_MEASURE_WITH_UNIT (LENGTH_MEASURE( 1.000000000000000100E-005 ), #4077, 'distance_accuracy_value', 'NONE');
#5002 = FACE_OUTER_BOUND ( 'NONE', #2446, .T. ) ;
#5003 = CARTESIAN_POINT ( 'NONE',  ( -19.50000000000000400, 34.50000000000000000, -9.500000000000000000 ) ) ;
#5004 = VERTEX_POINT ( 'NONE', #2867 ) ;
#5005 = ORIENTED_EDGE ( 'NONE', *, *, #2922, .F. ) ;
#5006 = VECTOR ( 'NONE', #3669, 1000.000000000000000 ) ;
#5007 = AXIS2_PLACEMENT_3D ( 'NONE', #1416, #4418, #1862 ) ;
#5008 = FILL_AREA_STYLE ('',( #3684 ) ) ;
#5009 = DIRECTION ( 'NONE',  ( 1.000000000000000000, 0.0000000000000000000, 3.469446951953614200E-015 ) ) ;
#5010 = PRESENTATION_LAYER_ASSIGNMENT (  '', '', ( #3914 ) ) ;
#5011 = PLANE ( 'NONE',  #3084 ) ;
#5012 = ORIENTED_EDGE ( 'NONE', *, *, #4872, .T. ) ;
#5013 = CARTESIAN_POINT ( 'NONE',  ( -23.75000000000000000, 40.00000000000000000, 0.0000000000000000000 ) ) ;
#5014 = ORIENTED_EDGE ( 'NONE', *, *, #575, .F. ) ;
#5015 = ORIENTED_EDGE ( 'NONE', *, *, #2395, .T. ) ;
#5016 = STYLED_ITEM ( 'NONE', ( #2820 ), #1765 ) ;
#5017 = FILL_AREA_STYLE_COLOUR ( '', #3185 ) ;
#5018 = EDGE_LOOP ( 'NONE', ( #4441, #473 ) ) ;
#5019 = FILL_AREA_STYLE ('',( #2480 ) ) ;
#5020 = SURFACE_STYLE_USAGE ( .BOTH. , #5496 ) ;
#5021 = VECTOR ( 'NONE', #2962, 1000.000000000000000 ) ;
#5022 = SURFACE_SIDE_STYLE ('',( #77 ) ) ;
#5023 = EDGE_CURVE ( 'NONE', #3920, #488, #1017, .T. ) ;
#5024 = AXIS2_PLACEMENT_3D ( 'NONE', #1724, #5122, #4689 ) ;
#5025 = UNCERTAINTY_MEASURE_WITH_UNIT (LENGTH_MEASURE( 1.000000000000000100E-005 ), #4012, 'distance_accuracy_value', 'NONE');
#5026 = FACE_OUTER_BOUND ( 'NONE', #1630, .T. ) ;
#5027 = CARTESIAN_POINT ( 'NONE',  ( -4.000000000020064000, 11.66190378969043300, 15.00000000000005900 ) ) ;
#5028 =( LENGTH_UNIT ( ) NAMED_UNIT ( * ) SI_UNIT ( .MILLI., .METRE. ) );
#5029 = SURFACE_SIDE_STYLE ('',( #450 ) ) ;
#5030 = AXIS2_PLACEMENT_3D ( 'NONE', #5226, #5184, #4744 ) ;
#5031 = VECTOR ( 'NONE', #982, 1000.000000000000000 ) ;
#5032 = UNCERTAINTY_MEASURE_WITH_UNIT (LENGTH_MEASURE( 1.000000000000000100E-005 ), #2770, 'distance_accuracy_value', 'NONE');
#5033 = DIRECTION ( 'NONE',  ( -1.000000000000000000, 0.0000000000000000000, 0.0000000000000000000 ) ) ;
#5034 = CARTESIAN_POINT ( 'NONE',  ( -33.00000000000000000, 0.0000000000000000000, 0.0000000000000000000 ) ) ;
#5035 = DIRECTION ( 'NONE',  ( -1.000000000000000000, -0.0000000000000000000, -0.0000000000000000000 ) ) ;
#5036 = CARTESIAN_POINT ( 'NONE',  ( 4.834231596542136600E-014, -16.30043030564225900, -1.996226979853069400E-015 ) ) ;
#5037 = AXIS2_PLACEMENT_3D ( 'NONE', #2154, #4655, #4272 ) ;
#5038 =( BOUNDED_CURVE ( )  B_SPLINE_CURVE ( 3, ( #5556, #5567, #5569, #5573 ),
 .UNSPECIFIED., .F., .F. ) 
 B_SPLINE_CURVE_WITH_KNOTS ( ( 4, 4 ),
 ( 3.277465994226412200, 4.549989156215287000 ),
 .UNSPECIFIED. ) 
 CURVE ( )  GEOMETRIC_REPRESENTATION_ITEM ( )  RATIONAL_B_SPLINE_CURVE ( ( 1.000000000000000000, 0.8695484763486351900, 0.8695484763486351900, 1.000000000000000000 ) ) 
 REPRESENTATION_ITEM ( '' )  );
#5039 = AXIS2_PLACEMENT_3D ( 'NONE', #2177, #2185, #2188 ) ;
#5040 = LINE ( 'NONE', #211, #1358 ) ;
#5041 = PLANE ( 'NONE',  #673 ) ;
#5042 = DIRECTION ( 'NONE',  ( -1.000000000000000000, -0.0000000000000000000, 0.0000000000000000000 ) ) ;
#5043 = DIRECTION ( 'NONE',  ( 0.0000000000000000000, -0.0000000000000000000, 1.000000000000000000 ) ) ;
#5044 = FILL_AREA_STYLE ('',( #5495 ) ) ;
#5045 = CARTESIAN_POINT ( 'NONE',  ( -15.74930066298842800, 16.99096609961943500, -0.6430857796067799300 ) ) ;
#5046 =( NAMED_UNIT ( * ) PLANE_ANGLE_UNIT ( ) SI_UNIT ( $, .RADIAN. ) );
#5047 = CIRCLE ( 'NONE', #4076, 11.60000000000000000 ) ;
#5048 = VECTOR ( 'NONE', #707, 1000.000000000000000 ) ;
#5049 = STYLED_ITEM ( 'NONE', ( #4699 ), #1678 ) ;
#5050 =( NAMED_UNIT ( * ) SI_UNIT ( $, .STERADIAN. ) SOLID_ANGLE_UNIT ( ) );
#5051 = PLANE ( 'NONE',  #2069 ) ;
#5052 = CARTESIAN_POINT ( 'NONE',  ( -4.063212019597403700, 5.048709793414475600E-026, 15.05000000000000100 ) ) ;
#5053 = VECTOR ( 'NONE', #1325, 1000.000000000000000 ) ;
#5054 = CARTESIAN_POINT ( 'NONE',  ( -50.00000000000000000, 0.0000000000000000000, 0.0000000000000000000 ) ) ;
#5055 = COLOUR_RGB ( '',0.0000000000000000000, 0.0000000000000000000, 0.0000000000000000000 ) ;
#5056 = STYLED_ITEM ( 'NONE', ( #1279 ), #1898 ) ;
#5057 = CARTESIAN_POINT ( 'NONE',  ( -5.999999999999998200, 13.91563060015608100, -9.764999999999986400 ) ) ;
#5058 = SURFACE_SIDE_STYLE ('',( #1502 ) ) ;
#5059 = VECTOR ( 'NONE', #4914, 1000.000000000000000 ) ;
#5060 = ORIENTED_EDGE ( 'NONE', *, *, #1359, .F. ) ;
#5061 = LINE ( 'NONE', #2637, #1672 ) ;
#5062 = SURFACE_STYLE_USAGE ( .BOTH. , #2117 ) ;
#5063 = VERTEX_POINT ( 'NONE', #5284 ) ;
#5064 = FACE_OUTER_BOUND ( 'NONE', #345, .T. ) ;
#5065 = ORIENTED_EDGE ( 'NONE', *, *, #3256, .F. ) ;
#5066 = EDGE_CURVE ( 'NONE', #488, #3920, #2232, .T. ) ;
#5067 = DIRECTION ( 'NONE',  ( 1.000000000000000000, -0.0000000000000000000, -0.0000000000000000000 ) ) ;
#5068 = CARTESIAN_POINT ( 'NONE',  ( -2.656295322589485900E-014, 16.30043030564248600, -32.60086061128473700 ) ) ;
#5069 = PLANE ( 'NONE',  #1578 ) ;
#5070 = CARTESIAN_POINT ( 'NONE',  ( 4.834231596542136000E-014, -16.30043030564225500, -32.60086061128473700 ) ) ;
#5071 = ORIENTED_EDGE ( 'NONE', *, *, #2588, .F. ) ;
#5072 = SURFACE_SIDE_STYLE ('',( #3070 ) ) ;
#5073 = CARTESIAN_POINT ( 'NONE',  ( -28.00000000000000400, 18.61545993133000500, -5.000000000000000000 ) ) ;
#5074 = UNCERTAINTY_MEASURE_WITH_UNIT (LENGTH_MEASURE( 1.000000000000000100E-005 ), #376, 'distance_accuracy_value', 'NONE');
#5075 = AXIS2_PLACEMENT_3D ( 'NONE', #3237, #524, #3632 ) ;
#5076 = ORIENTED_EDGE ( 'NONE', *, *, #3621, .F. ) ;
#5077 = EDGE_CURVE ( 'NONE', #42, #4320, #5443, .T. ) ;
#5078 = COLOUR_RGB ( '',0.0000000000000000000, 0.0000000000000000000, 0.0000000000000000000 ) ;
#5079 = FILL_AREA_STYLE_COLOUR ( '', #4128 ) ;
#5080 = FILL_AREA_STYLE_COLOUR ( '', #4088 ) ;
#5081 = VERTEX_POINT ( 'NONE', #2412 ) ;
#5082 = MECHANICAL_DESIGN_GEOMETRIC_PRESENTATION_REPRESENTATION (  '', ( #4528 ), #5362 ) ;
#5083 = CARTESIAN_POINT ( 'NONE',  ( -6.661760357565929000, 13.91563060015607100, 9.764999999999998800 ) ) ;
#5084 =( GEOMETRIC_REPRESENTATION_CONTEXT ( 3 ) GLOBAL_UNCERTAINTY_ASSIGNED_CONTEXT ( ( #3357 ) ) GLOBAL_UNIT_ASSIGNED_CONTEXT ( ( #547, #546, #537 ) ) REPRESENTATION_CONTEXT ( 'NONE', 'WORKASPACE' ) );
#5085 = CARTESIAN_POINT ( 'NONE',  ( -0.3000000000000016500, 1.420590287061416600E-015, -11.60000000000000000 ) ) ;
#5086 = DIRECTION ( 'NONE',  ( 1.000000000000000000, 0.0000000000000000000, 0.0000000000000000000 ) ) ;
#5087 = SURFACE_SIDE_STYLE ('',( #1194 ) ) ;
#5088 = FILL_AREA_STYLE_COLOUR ( '', #2478 ) ;
#5089 = FILL_AREA_STYLE_COLOUR ( '', #4577 ) ;
#5090 = SURFACE_STYLE_USAGE ( .BOTH. , #5087 ) ;
#5091 = EDGE_CURVE ( 'NONE', #2367, #3800, #1139, .T. ) ;
#5092 = CARTESIAN_POINT ( 'NONE',  ( -32.33111616746086300, 11.72012613971365400, -14.95495024491705200 ) ) ;
#5093 = CARTESIAN_POINT ( 'NONE',  ( -22.25643193962000100, 42.09457072034000200, -6.736822069995000100 ) ) ;
#5094 = APPLICATION_CONTEXT ( 'automotive_design' ) ;
#5095 = DIRECTION ( 'NONE',  ( 0.0000000000000000000, 0.0000000000000000000, -1.000000000000000000 ) ) ;
#5096 = EDGE_CURVE ( 'NONE', #2352, #2173, #2082, .T. ) ;
#5097 = FACE_OUTER_BOUND ( 'NONE', #4823, .T. ) ;
#5098 = MECHANICAL_DESIGN_GEOMETRIC_PRESENTATION_REPRESENTATION (  '', ( #4547 ), #5378 ) ;
#5099 =( LENGTH_UNIT ( ) NAMED_UNIT ( * ) SI_UNIT ( .MILLI., .METRE. ) );
#5100 =( NAMED_UNIT ( * ) PLANE_ANGLE_UNIT ( ) SI_UNIT ( $, .RADIAN. ) );
#5101 = VERTEX_POINT ( 'NONE', #2440 ) ;
#5102 = UNCERTAINTY_MEASURE_WITH_UNIT (LENGTH_MEASURE( 1.000000000000000100E-005 ), #3890, 'distance_accuracy_value', 'NONE');
#5103 = STYLED_ITEM ( 'NONE', ( #318 ), #2372 ) ;
#5104 =( NAMED_UNIT ( * ) SI_UNIT ( $, .STERADIAN. ) SOLID_ANGLE_UNIT ( ) );
#5105 = EDGE_CURVE ( 'NONE', #355, #4821, #3167, .T. ) ;
#5106 = CONICAL_SURFACE ( 'NONE', #1977, 11.90000000000000000, 0.7853981633974482800 ) ;
#5107 = ORIENTED_EDGE ( 'NONE', *, *, #4933, .T. ) ;
#5108 = VECTOR ( 'NONE', #437, 999.9999999999998900 ) ;
#5109 = PRESENTATION_STYLE_ASSIGNMENT (( #5622 ) ) ;
#5110 = CARTESIAN_POINT ( 'NONE',  ( -27.99999999999999600, 22.50000000000000400, -9.000000000000001800 ) ) ;
#5111 =( GEOMETRIC_REPRESENTATION_CONTEXT ( 3 ) GLOBAL_UNCERTAINTY_ASSIGNED_CONTEXT ( ( #5308 ) ) GLOBAL_UNIT_ASSIGNED_CONTEXT ( ( #771, #939, #970 ) ) REPRESENTATION_CONTEXT ( 'NONE', 'WORKASPACE' ) );
#5112 = FACE_OUTER_BOUND ( 'NONE', #5479, .T. ) ;
#5113 = FILL_AREA_STYLE ('',( #226 ) ) ;
#5114 = VECTOR ( 'NONE', #556, 1000.000000000000000 ) ;
#5115 = FILL_AREA_STYLE_COLOUR ( '', #3701 ) ;
#5116 = DIRECTION ( 'NONE',  ( 0.0000000000000000000, 1.000000000000000000, 0.0000000000000000000 ) ) ;
#5117 = CARTESIAN_POINT ( 'NONE',  ( -1.500000000000001300, 2.081899558600987400E-015, 17.00000000000000000 ) ) ;
#5118 = CARTESIAN_POINT ( 'NONE',  ( -27.89565275540000400, 18.79009638308999900, 2.000000000000000000 ) ) ;
#5119 = CIRCLE ( 'NONE', #3131, 16.99999999999999600 ) ;
#5120 = VERTEX_POINT ( 'NONE', #609 ) ;
#5121 = AXIS2_PLACEMENT_3D ( 'NONE', #436, #4131, #3391 ) ;
#5122 = DIRECTION ( 'NONE',  ( 0.0000000000000000000, 0.0000000000000000000, -1.000000000000000000 ) ) ;
#5123 = CIRCLE ( 'NONE', #1807, 17.00000000000000000 ) ;
#5124 = DIRECTION ( 'NONE',  ( 0.0000000000000000000, -0.0000000000000000000, 1.000000000000000000 ) ) ;
#5125 = DIRECTION ( 'NONE',  ( 0.0000000000000000000, -1.000000000000000000, 0.0000000000000000000 ) ) ;
#5126 = ORIENTED_EDGE ( 'NONE', *, *, #1016, .F. ) ;
#5127 = ORIENTED_EDGE ( 'NONE', *, *, #1257, .F. ) ;
#5128 = VERTEX_POINT ( 'NONE', #1045 ) ;
#5129 =( GEOMETRIC_REPRESENTATION_CONTEXT ( 3 ) GLOBAL_UNCERTAINTY_ASSIGNED_CONTEXT ( ( #3385 ) ) GLOBAL_UNIT_ASSIGNED_CONTEXT ( ( #1117, #124, #5275 ) ) REPRESENTATION_CONTEXT ( 'NONE', 'WORKASPACE' ) );
#5130 = DIRECTION ( 'NONE',  ( 0.0000000000000000000, 1.000000000000000000, 0.0000000000000000000 ) ) ;
#5131 = DIRECTION ( 'NONE',  ( 0.0000000000000000000, -1.000000000000000000, -1.734723475976807100E-015 ) ) ;
#5132 = VERTEX_POINT ( 'NONE', #5319 ) ;
#5133 = ORIENTED_EDGE ( 'NONE', *, *, #2287, .F. ) ;
#5134 = EDGE_LOOP ( 'NONE', ( #4248, #4136, #4005, #3702 ) ) ;
#5135 = CARTESIAN_POINT ( 'NONE',  ( -1.500000000000043100, 1.114358789203645600E-013, -1.249941288410261100E-028 ) ) ;
#5136 = STYLED_ITEM ( 'NONE', ( #4609 ), #2264 ) ;
#5137 = DIRECTION ( 'NONE',  ( 0.0000000000000000000, 0.0000000000000000000, -1.000000000000000000 ) ) ;
#5138 = VERTEX_POINT ( 'NONE', #4899 ) ;
#5139 = VERTEX_POINT ( 'NONE', #4086 ) ;
#5140 =( LENGTH_UNIT ( ) NAMED_UNIT ( * ) SI_UNIT ( .MILLI., .METRE. ) );
#5141 =( NAMED_UNIT ( * ) SI_UNIT ( $, .STERADIAN. ) SOLID_ANGLE_UNIT ( ) );
#5142 = PRESENTATION_LAYER_ASSIGNMENT (  '', '', ( #5432 ) ) ;
#5143 = EDGE_CURVE ( 'NONE', #4954, #1758, #737, .T. ) ;
#5144 = EDGE_LOOP ( 'NONE', ( #697, #1894, #3125, #4163 ) ) ;
#5145 = DIRECTION ( 'NONE',  ( -1.000000000000000000, -2.297646988048755200E-015, -0.0000000000000000000 ) ) ;
#5146 = FACE_BOUND ( 'NONE', #3054, .T. ) ;
#5147 = CARTESIAN_POINT ( 'NONE',  ( -27.89565275540000400, 22.50000000000000000, -12.10434724460000000 ) ) ;
#5148 = PLANE ( 'NONE',  #3335 ) ;
#5149 = ORIENTED_EDGE ( 'NONE', *, *, #5358, .F. ) ;
#5150 = CARTESIAN_POINT ( 'NONE',  ( -6.662592293491561800, 13.91563060015608100, -9.765000000000002300 ) ) ;
#5151 = CARTESIAN_POINT ( 'NONE',  ( -28.00000000000000400, 0.0000000000000000000, 0.0000000000000000000 ) ) ;
#5152 = COLOUR_RGB ( '',0.0000000000000000000, 0.0000000000000000000, 0.0000000000000000000 ) ;
#5153 = DIRECTION ( 'NONE',  ( -1.000000000000000000, 0.0000000000000000000, 0.0000000000000000000 ) ) ;
#5154 = CARTESIAN_POINT ( 'NONE',  ( -18.00000000000000400, 32.50000000000000700, 4.049999999999999800 ) ) ;
#5155 = DIRECTION ( 'NONE',  ( -1.000000000000000000, -0.0000000000000000000, -0.0000000000000000000 ) ) ;
#5156 = CARTESIAN_POINT ( 'NONE',  ( -23.74999999999905100, 39.99999999999953800, 8.300000000000039800 ) ) ;
#5157 = DIRECTION ( 'NONE',  ( 0.0000000000000000000, -1.000000000000000000, 0.0000000000000000000 ) ) ;
#5158 = AXIS2_PLACEMENT_3D ( 'NONE', #5093, #2694, #4703 ) ;
#5159 =( NAMED_UNIT ( * ) PLANE_ANGLE_UNIT ( ) SI_UNIT ( $, .RADIAN. ) );
#5160 = ORIENTED_EDGE ( 'NONE', *, *, #4132, .F. ) ;
#5161 = CARTESIAN_POINT ( 'NONE',  ( 5.133042240347230700E-014, -16.30043030564225900, -2.051309737213484400E-015 ) ) ;
#5162 = DIRECTION ( 'NONE',  ( 0.0000000000000000000, 0.0000000000000000000, 1.000000000000000000 ) ) ;
#5163 = EDGE_CURVE ( 'NONE', #1719, #4288, #5169, .T. ) ;
#5164 = AXIS2_PLACEMENT_3D ( 'NONE', #4838, #81, #349 ) ;
#5165 = DIRECTION ( 'NONE',  ( -0.6819983600637102800, 0.7313537016180404700, 0.0000000000000000000 ) ) ;
#5166 = DIRECTION ( 'NONE',  ( -1.000000000000000000, -0.0000000000000000000, -0.0000000000000000000 ) ) ;
#5167 = VERTEX_POINT ( 'NONE', #154 ) ;
#5168 = CARTESIAN_POINT ( 'NONE',  ( -0.05597972129021529900, 16.78820545165989500, -1.249941288410261100E-028 ) ) ;
#5169 = LINE ( 'NONE', #1965, #4199 ) ;
#5170 = STYLED_ITEM ( 'NONE', ( #3348 ), #2475 ) ;
#5171 = PLANE ( 'NONE',  #3691 ) ;
#5172 = EDGE_CURVE ( 'NONE', #1499, #2802, #875, .T. ) ;
#5173 = CARTESIAN_POINT ( 'NONE',  ( -14.70000000000000500, 32.50000000000000000, -5.900000000000000400 ) ) ;
#5174 =( LENGTH_UNIT ( ) NAMED_UNIT ( * ) SI_UNIT ( .MILLI., .METRE. ) );
#5175 =( LENGTH_UNIT ( ) NAMED_UNIT ( * ) SI_UNIT ( .MILLI., .METRE. ) );
#5176 = FACE_OUTER_BOUND ( 'NONE', #197, .T. ) ;
#5177 = VECTOR ( 'NONE', #5576, 1000.000000000000000 ) ;
#5178 = DIRECTION ( 'NONE',  ( -1.000000000000000000, -0.0000000000000000000, 0.0000000000000000000 ) ) ;
#5179 = AXIS2_PLACEMENT_3D ( 'NONE', #5151, #2738, #5588 ) ;
#5180 = LINE ( 'NONE', #2832, #4085 ) ;
#5181 = SURFACE_STYLE_USAGE ( .BOTH. , #2275 ) ;
#5182 = DIRECTION ( 'NONE',  ( 0.0000000000000000000, 0.0000000000000000000, -1.000000000000000000 ) ) ;
#5183 =( GEOMETRIC_REPRESENTATION_CONTEXT ( 3 ) GLOBAL_UNCERTAINTY_ASSIGNED_CONTEXT ( ( #3002 ) ) GLOBAL_UNIT_ASSIGNED_CONTEXT ( ( #5028, #5046, #5050 ) ) REPRESENTATION_CONTEXT ( 'NONE', 'WORKASPACE' ) );
#5184 = DIRECTION ( 'NONE',  ( -1.000000000000000000, 0.0000000000000000000, 0.0000000000000000000 ) ) ;
#5185 = SURFACE_STYLE_USAGE ( .BOTH. , #5206 ) ;
#5186 = COLOUR_RGB ( '',0.0000000000000000000, 0.0000000000000000000, 0.0000000000000000000 ) ;
#5187 = SURFACE_STYLE_FILL_AREA ( #5529 ) ;
#5188 = ORIENTED_EDGE ( 'NONE', *, *, #4970, .F. ) ;
#5189 = VECTOR ( 'NONE', #2148, 1000.000000000000000 ) ;
#5190 = CARTESIAN_POINT ( 'NONE',  ( -23.75000000000000400, 29.00000000000000400, 0.0000000000000000000 ) ) ;
#5191 = SURFACE_STYLE_FILL_AREA ( #2515 ) ;
#5192 = MECHANICAL_DESIGN_GEOMETRIC_PRESENTATION_REPRESENTATION (  '', ( #4635 ), #5482 ) ;
#5193 = ORIENTED_EDGE ( 'NONE', *, *, #5255, .T. ) ;
#5194 = DIRECTION ( 'NONE',  ( -0.0000000000000000000, 1.000000000000000000, -0.0000000000000000000 ) ) ;
#5195 = CYLINDRICAL_SURFACE ( 'NONE', #4683, 18.60000000033995300 ) ;
#5196 = DIRECTION ( 'NONE',  ( -0.0000000000000000000, -0.0000000000000000000, 1.000000000000000000 ) ) ;
#5197 = FACE_OUTER_BOUND ( 'NONE', #4685, .T. ) ;
#5198 = CARTESIAN_POINT ( 'NONE',  ( -1.500000000000001300, 5.048709793414475600E-026, 1.656607900964124800E-026 ) ) ;
#5199 = EDGE_LOOP ( 'NONE', ( #5553, #1116, #2371, #3506 ) ) ;
#5200 = EDGE_CURVE ( 'NONE', #3558, #42, #3031, .T. ) ;
#5201 = MECHANICAL_DESIGN_GEOMETRIC_PRESENTATION_REPRESENTATION (  '', ( #4365 ), #5490 ) ;
#5202 = SURFACE_STYLE_FILL_AREA ( #4436 ) ;
#5203 = DIRECTION ( 'NONE',  ( 0.0000000000000000000, 0.0000000000000000000, -1.000000000000000000 ) ) ;
#5204 = CARTESIAN_POINT ( 'NONE',  ( 0.0000000000000000000, 0.0000000000000000000, 0.0000000000000000000 ) ) ;
#5205 = ORIENTED_EDGE ( 'NONE', *, *, #5451, .T. ) ;
#5206 = SURFACE_SIDE_STYLE ('',( #366 ) ) ;
#5207 = VERTEX_POINT ( 'NONE', #1984 ) ;
#5208 = DIRECTION ( 'NONE',  ( 0.0000000000000000000, 1.000000000000000000, 0.0000000000000000000 ) ) ;
#5209 = PRESENTATION_LAYER_ASSIGNMENT (  '', '', ( #4932 ) ) ;
#5210 = SURFACE_SIDE_STYLE ('',( #5191 ) ) ;
#5211 = ORIENTED_EDGE ( 'NONE', *, *, #4400, .T. ) ;
#5212 = EDGE_CURVE ( 'NONE', #2524, #4930, #4323, .T. ) ;
#5213 = ORIENTED_EDGE ( 'NONE', *, *, #5200, .T. ) ;
#5214 = ORIENTED_EDGE ( 'NONE', *, *, #1909, .F. ) ;
#5215 = FILL_AREA_STYLE_COLOUR ( '', #1613 ) ;
#5216 = ORIENTED_EDGE ( 'NONE', *, *, #4694, .T. ) ;
#5217 = CARTESIAN_POINT ( 'NONE',  ( -14.69999999999883200, 40.29999999999945700, 0.0000000000000000000 ) ) ;
#5218 = CARTESIAN_POINT ( 'NONE',  ( -33.00000000000000000, 22.50000000000000400, 5.000000000000000900 ) ) ;
#5219 = PRESENTATION_STYLE_ASSIGNMENT (( #387 ) ) ;
#5220 = PRESENTATION_LAYER_ASSIGNMENT (  '', '', ( #4656 ) ) ;
#5221 = CARTESIAN_POINT ( 'NONE',  ( -7.312027928598932500, 13.96308724136065200, -9.698292235374587700 ) ) ;
#5222 =( NAMED_UNIT ( * ) SI_UNIT ( $, .STERADIAN. ) SOLID_ANGLE_UNIT ( ) );
#5223 = FILL_AREA_STYLE_COLOUR ( '', #1461 ) ;
#5224 = CARTESIAN_POINT ( 'NONE',  ( 4.228388472693467900E-014, -15.94956969468668000, 31.89913938937358000 ) ) ;
#5225 = SURFACE_STYLE_FILL_AREA ( #415 ) ;
#5226 = CARTESIAN_POINT ( 'NONE',  ( -16.50000000000000000, 34.39565275539999300, -9.604347244601999700 ) ) ;
#5227 =( LENGTH_UNIT ( ) NAMED_UNIT ( * ) SI_UNIT ( .MILLI., .METRE. ) );
#5228 = VERTEX_POINT ( 'NONE', #5354 ) ;
#5229 = MECHANICAL_DESIGN_GEOMETRIC_PRESENTATION_REPRESENTATION (  '', ( #4388 ), #5515 ) ;
#5230 = CARTESIAN_POINT ( 'NONE',  ( -3.000000000000002700, 28.49999987499999700, 14.00000000000000000 ) ) ;
#5231 = LINE ( 'NONE', #5154, #1999 ) ;
#5232 = DIRECTION ( 'NONE',  ( 0.0000000000000000000, 0.0000000000000000000, -1.000000000000000000 ) ) ;
#5233 = PRESENTATION_STYLE_ASSIGNMENT (( #378 ) ) ;
#5234 = PRESENTATION_LAYER_ASSIGNMENT (  '', '', ( #4396 ) ) ;
#5235 = SURFACE_SIDE_STYLE ('',( #2301 ) ) ;
#5236 = DIRECTION ( 'NONE',  ( 1.000000000000000000, -0.0000000000000000000, -0.0000000000000000000 ) ) ;
#5237 = CARTESIAN_POINT ( 'NONE',  ( -32.79289321881201100, 28.99999999999794700, -14.00000000000092400 ) ) ;
#5238 = CIRCLE ( 'NONE', #3453, 17.00000000000000000 ) ;
#5239 = FACE_OUTER_BOUND ( 'NONE', #873, .T. ) ;
#5240 = PRESENTATION_STYLE_ASSIGNMENT (( #1757 ) ) ;
#5241 = UNCERTAINTY_MEASURE_WITH_UNIT (LENGTH_MEASURE( 1.000000000000000100E-005 ), #3155, 'distance_accuracy_value', 'NONE');
#5242 = EDGE_CURVE ( 'NONE', #3359, #5440, #1645, .T. ) ;
#5243 = SURFACE_SIDE_STYLE ('',( #2871 ) ) ;
#5244 =( GEOMETRIC_REPRESENTATION_CONTEXT ( 3 ) GLOBAL_UNCERTAINTY_ASSIGNED_CONTEXT ( ( #1364 ) ) GLOBAL_UNIT_ASSIGNED_CONTEXT ( ( #1646, #1324, #1255 ) ) REPRESENTATION_CONTEXT ( 'NONE', 'WORKASPACE' ) );
#5245 =( NAMED_UNIT ( * ) SI_UNIT ( $, .STERADIAN. ) SOLID_ANGLE_UNIT ( ) );
#5246 = CIRCLE ( 'NONE', #146, 15.05000000000000100 ) ;
#5247 = FACE_BOUND ( 'NONE', #4752, .T. ) ;
#5248 =( NAMED_UNIT ( * ) PLANE_ANGLE_UNIT ( ) SI_UNIT ( $, .RADIAN. ) );
#5249 = CARTESIAN_POINT ( 'NONE',  ( -3.500000000000003100, 29.00000000000000400, -13.99999999999999800 ) ) ;
#5250 = DIRECTION ( 'NONE',  ( 0.4133841097030370200, 0.8113119965149771000, 0.4133841097041698900 ) ) ;
#5251 = VECTOR ( 'NONE', #1889, 1000.000000000000000 ) ;
#5252 = CYLINDRICAL_SURFACE ( 'NONE', #1080, 11.60000000000000000 ) ;
#5253 = MECHANICAL_DESIGN_GEOMETRIC_PRESENTATION_REPRESENTATION (  '', ( #4693 ), #5542 ) ;
#5254 = DIRECTION ( 'NONE',  ( 0.0000000000000000000, 1.000000000000000000, 0.0000000000000000000 ) ) ;
#5255 = EDGE_CURVE ( 'NONE', #194, #1470, #3953, .T. ) ;
#5256 = CARTESIAN_POINT ( 'NONE',  ( 0.0000000000000000000, -3.999077135827517800E-010, 2.485098529175216300E-012 ) ) ;
#5257 = LINE ( 'NONE', #4995, #684 ) ;
#5258 = EDGE_LOOP ( 'NONE', ( #431, #341, #132, #3808, #48, #215, #5352, #705 ) ) ;
#5259 = VECTOR ( 'NONE', #4316, 1000.000000000000000 ) ;
#5260 = VERTEX_POINT ( 'NONE', #1076 ) ;
#5261 = DIRECTION ( 'NONE',  ( 0.0000000000000000000, 0.0000000000000000000, 1.000000000000000000 ) ) ;
#5262 = COLOUR_RGB ( '',0.0000000000000000000, 0.0000000000000000000, 0.0000000000000000000 ) ;
#5263 = ORIENTED_EDGE ( 'NONE', *, *, #1561, .T. ) ;
#5264 = AXIS2_PLACEMENT_3D ( 'NONE', #6, #727, #419 ) ;
#5265 = ORIENTED_EDGE ( 'NONE', *, *, #816, .F. ) ;
#5266 = SURFACE_SIDE_STYLE ('',( #3174 ) ) ;
#5267 = CARTESIAN_POINT ( 'NONE',  ( -3.602889551119192300, 29.00000000000000700, -14.30581863478558300 ) ) ;
#5268 = VERTEX_POINT ( 'NONE', #4952 ) ;
#5269 = AXIS2_PLACEMENT_3D ( 'NONE', #307, #5520, #3801 ) ;
#5270 = DIRECTION ( 'NONE',  ( 0.0000000000000000000, 3.469446951953629200E-015, 1.000000000000000000 ) ) ;
#5271 = ORIENTED_EDGE ( 'NONE', *, *, #2327, .F. ) ;
#5272 =( LENGTH_UNIT ( ) NAMED_UNIT ( * ) SI_UNIT ( .MILLI., .METRE. ) );
#5273 = CARTESIAN_POINT ( 'NONE',  ( -19.50000000000000400, 36.14342122601499300, -9.500000000000000000 ) ) ;
#5274 = UNCERTAINTY_MEASURE_WITH_UNIT (LENGTH_MEASURE( 1.000000000000000100E-005 ), #1294, 'distance_accuracy_value', 'NONE');
#5275 =( NAMED_UNIT ( * ) SI_UNIT ( $, .STERADIAN. ) SOLID_ANGLE_UNIT ( ) );
#5276 = FILL_AREA_STYLE_COLOUR ( '', #5577 ) ;
#5277 = EDGE_CURVE ( 'NONE', #488, #5484, #4917, .T. ) ;
#5278 = VERTEX_POINT ( 'NONE', #4537 ) ;
#5279 = ORIENTED_EDGE ( 'NONE', *, *, #4649, .F. ) ;
#5280 = COLOUR_RGB ( '',0.0000000000000000000, 0.0000000000000000000, 0.0000000000000000000 ) ;
#5281 = DIRECTION ( 'NONE',  ( 0.0000000000000000000, 0.0000000000000000000, -1.000000000000000000 ) ) ;
#5282 = EDGE_LOOP ( 'NONE', ( #3481, #3350, #1157, #580 ) ) ;
#5283 = SURFACE_SIDE_STYLE ('',( #304 ) ) ;
#5284 = CARTESIAN_POINT ( 'NONE',  ( -22.73094910101047700, 42.00000000000017100, -7.280949101010847400 ) ) ;
#5285 = AXIS2_PLACEMENT_3D ( 'NONE', #3787, #3661, #3475 ) ;
#5286 = CARTESIAN_POINT ( 'NONE',  ( -28.00000000000000000, 20.69722181384500800, -2.000000000000000000 ) ) ;
#5287 = DIRECTION ( 'NONE',  ( -1.000000000000000000, -2.297646988048755200E-015, -0.0000000000000000000 ) ) ;
#5288 = EDGE_CURVE ( 'NONE', #959, #5440, #1509, .T. ) ;
#5289 = FILL_AREA_STYLE ('',( #4614 ) ) ;
#5290 = CARTESIAN_POINT ( 'NONE',  ( -14.59565275540000000, 40.00000000000000000, 0.7043472446019000100 ) ) ;
#5291 = AXIS2_PLACEMENT_3D ( 'NONE', #5256, #2831, #57 ) ;
#5292 = DIRECTION ( 'NONE',  ( 0.9063077870379473400, 0.4226182617379174400, 0.0000000000000000000 ) ) ;
#5293 = MECHANICAL_DESIGN_GEOMETRIC_PRESENTATION_REPRESENTATION (  '', ( #3914 ), #5584 ) ;
#5294 = COLOUR_RGB ( '',0.0000000000000000000, 0.0000000000000000000, 0.0000000000000000000 ) ;
#5295 = CARTESIAN_POINT ( 'NONE',  ( -28.00000000000000400, 14.57553825991000100, 12.48000000000000200 ) ) ;
#5296 = SURFACE_SIDE_STYLE ('',( #3959 ) ) ;
#5297 = CARTESIAN_POINT ( 'NONE',  ( 0.0000000000000000000, 1.843093432767253800E-015, -15.05000000000000100 ) ) ;
#5298 = COLOUR_RGB ( '',0.0000000000000000000, 0.0000000000000000000, 0.0000000000000000000 ) ;
#5299 = AXIS2_PLACEMENT_3D ( 'NONE', #202, #70, #1217 ) ;
#5300 = SURFACE_STYLE_USAGE ( .BOTH. , #5296 ) ;
#5301 = COLOUR_RGB ( '',0.7764705882352941300, 0.7568627450980391900, 0.7372549019607843600 ) ;
#5302 =( LENGTH_UNIT ( ) NAMED_UNIT ( * ) SI_UNIT ( .MILLI., .METRE. ) );
#5303 = EDGE_CURVE ( 'NONE', #4705, #335, #3833, .T. ) ;
#5304 = CARTESIAN_POINT ( 'NONE',  ( -14.70000000000000500, 32.50000000000000000, 0.6000000000000003100 ) ) ;
#5305 = VECTOR ( 'NONE', #4483, 1000.000000000000100 ) ;
#5306 = PRESENTATION_LAYER_ASSIGNMENT (  '', '', ( #4741 ) ) ;
#5307 = FACE_BOUND ( 'NONE', #3200, .T. ) ;
#5308 = UNCERTAINTY_MEASURE_WITH_UNIT (LENGTH_MEASURE( 1.000000000000000100E-005 ), #771, 'distance_accuracy_value', 'NONE');
#5309 = CARTESIAN_POINT ( 'NONE',  ( -32.17086021619465400, 11.66190378969060500, 15.00000000000000000 ) ) ;
#5310 = FILL_AREA_STYLE_COLOUR ( '', #5394 ) ;
#5311 = VECTOR ( 'NONE', #234, 1000.000000000000000 ) ;
#5312 =( NAMED_UNIT ( * ) PLANE_ANGLE_UNIT ( ) SI_UNIT ( $, .RADIAN. ) );
#5313 = CARTESIAN_POINT ( 'NONE',  ( -2.700000000000008200, 1.420590287061416600E-015, -11.60000000000000000 ) ) ;
#5314 = PRESENTATION_LAYER_ASSIGNMENT (  '', '', ( #4751 ) ) ;
#5315 = VECTOR ( 'NONE', #978, 1000.000000000000000 ) ;
#5316 = VECTOR ( 'NONE', #2195, 1000.000000000000000 ) ;
#5317 = DIRECTION ( 'NONE',  ( 0.0000000000000000000, 0.0000000000000000000, 1.000000000000000000 ) ) ;
#5318 = LINE ( 'NONE', #3484, #5450 ) ;
#5319 = CARTESIAN_POINT ( 'NONE',  ( -13.26905089898899900, 42.00000000000047600, -7.280949101010924600 ) ) ;
#5320 =( NAMED_UNIT ( * ) SI_UNIT ( $, .STERADIAN. ) SOLID_ANGLE_UNIT ( ) );
#5321 = VERTEX_POINT ( 'NONE', #2022 ) ;
#5322 = MECHANICAL_DESIGN_GEOMETRIC_PRESENTATION_REPRESENTATION (  '', ( #4757 ), #5614 ) ;
#5323 = LINE ( 'NONE', #2143, #5189 ) ;
#5324 = AXIS2_PLACEMENT_3D ( 'NONE', #2192, #2198, #2207 ) ;
#5325 =( NAMED_UNIT ( * ) SI_UNIT ( $, .STERADIAN. ) SOLID_ANGLE_UNIT ( ) );
#5326 = CARTESIAN_POINT ( 'NONE',  ( -19.50000000000000400, 34.49999999999998600, -8.299999999999998900 ) ) ;
#5327 =( NAMED_UNIT ( * ) SI_UNIT ( $, .STERADIAN. ) SOLID_ANGLE_UNIT ( ) );
#5328 = ORIENTED_EDGE ( 'NONE', *, *, #3901, .T. ) ;
#5329 = DIRECTION ( 'NONE',  ( -0.0000000000000000000, 0.0000000000000000000, 1.000000000000000000 ) ) ;
#5330 = CARTESIAN_POINT ( 'NONE',  ( -19.50000000000000400, 37.78684245202919800, -8.299999999999133800 ) ) ;
#5331 = AXIS2_PLACEMENT_3D ( 'NONE', #5135, #5145, #336 ) ;
#5332 = ORIENTED_EDGE ( 'NONE', *, *, #5242, .F. ) ;
#5333 = DIRECTION ( 'NONE',  ( -1.000000000000000000, 0.0000000000000000000, 0.0000000000000000000 ) ) ;
#5334 = ORIENTED_EDGE ( 'NONE', *, *, #4790, .T. ) ;
#5335 = ORIENTED_EDGE ( 'NONE', *, *, #2445, .T. ) ;
#5336 = AXIS2_PLACEMENT_3D ( 'NONE', #5513, #5467, #5182 ) ;
#5337 = UNCERTAINTY_MEASURE_WITH_UNIT (LENGTH_MEASURE( 1.000000000000000100E-005 ), #2933, 'distance_accuracy_value', 'NONE');
#5338 = ORIENTED_EDGE ( 'NONE', *, *, #1342, .F. ) ;
#5339 = CARTESIAN_POINT ( 'NONE',  ( -3.000000000000002700, 28.49999987499999700, 14.00000000000000000 ) ) ;
#5340 = ORIENTED_EDGE ( 'NONE', *, *, #636, .T. ) ;
#5341 =( NAMED_UNIT ( * ) SI_UNIT ( $, .STERADIAN. ) SOLID_ANGLE_UNIT ( ) );
#5342 = DIRECTION ( 'NONE',  ( 1.000000000000000000, 0.0000000000000000000, 0.0000000000000000000 ) ) ;
#5343 = COLOUR_RGB ( '',1.000000000000000000, 1.000000000000000000, 0.9490196078431372100 ) ;
#5344 = EDGE_CURVE ( 'NONE', #5610, #2683, #4775, .T. ) ;
#5345 =( LENGTH_UNIT ( ) NAMED_UNIT ( * ) SI_UNIT ( .MILLI., .METRE. ) );
#5346 = PLANE ( 'NONE',  #4181 ) ;
#5347 = DIRECTION ( 'NONE',  ( 0.0000000000000000000, 1.000000000000000000, 0.0000000000000000000 ) ) ;
#5348 = DIRECTION ( 'NONE',  ( 0.0000000000000000000, 0.0000000000000000000, -1.000000000000000000 ) ) ;
#5349 = COLOUR_RGB ( '',0.0000000000000000000, 0.0000000000000000000, 0.0000000000000000000 ) ;
#5350 = SURFACE_STYLE_FILL_AREA ( #1118 ) ;
#5351 = ORIENTED_EDGE ( 'NONE', *, *, #861, .T. ) ;
#5352 = ORIENTED_EDGE ( 'NONE', *, *, #3748, .T. ) ;
#5353 =( NAMED_UNIT ( * ) SI_UNIT ( $, .STERADIAN. ) SOLID_ANGLE_UNIT ( ) );
#5354 = CARTESIAN_POINT ( 'NONE',  ( 0.0000000000000000000, 0.0000000000000000000, 18.50000000000000000 ) ) ;
#5355 = CARTESIAN_POINT ( 'NONE',  ( -13.72560202012194200, 15.91535952599210200, 5.980724072140377600 ) ) ;
#5356 = PRESENTATION_LAYER_ASSIGNMENT (  '', '', ( #4789 ) ) ;
#5357 = FACE_OUTER_BOUND ( 'NONE', #1538, .T. ) ;
#5358 = EDGE_CURVE ( 'NONE', #4010, #5120, #5040, .T. ) ;
#5359 = DIRECTION ( 'NONE',  ( 0.0000000000000000000, 0.0000000000000000000, 1.000000000000000000 ) ) ;
#5360 = CARTESIAN_POINT ( 'NONE',  ( 4.824699667560495400E-014, -16.30043030564226200, 32.60086061128473700 ) ) ;
#5361 = CARTESIAN_POINT ( 'NONE',  ( 4.363936111237192200E-014, -15.94956969468667700, -1.953258947437705900E-015 ) ) ;
#5362 =( GEOMETRIC_REPRESENTATION_CONTEXT ( 3 ) GLOBAL_UNCERTAINTY_ASSIGNED_CONTEXT ( ( #558 ) ) GLOBAL_UNIT_ASSIGNED_CONTEXT ( ( #325, #3471, #788 ) ) REPRESENTATION_CONTEXT ( 'NONE', 'WORKASPACE' ) );
#5363 =( NAMED_UNIT ( * ) PLANE_ANGLE_UNIT ( ) SI_UNIT ( $, .RADIAN. ) );
#5364 = DIRECTION ( 'NONE',  ( -1.000000000000000000, 0.0000000000000000000, -0.0000000000000000000 ) ) ;
#5365 = COLOUR_RGB ( '',0.7764705882352941300, 0.7568627450980391900, 0.7372549019607843600 ) ;
#5366 = DIRECTION ( 'NONE',  ( 1.000000000000000000, 0.0000000000000000000, 0.0000000000000000000 ) ) ;
#5367 = DIRECTION ( 'NONE',  ( 2.297646988048755200E-015, -1.000000000000000000, 0.0000000000000000000 ) ) ;
#5368 = VECTOR ( 'NONE', #4202, 1000.000000000000000 ) ;
#5369 = EDGE_CURVE ( 'NONE', #964, #1093, #3706, .T. ) ;
#5370 = STYLED_ITEM ( 'NONE', ( #3028 ), #1800 ) ;
#5371 = ORIENTED_EDGE ( 'NONE', *, *, #485, .T. ) ;
#5372 = CARTESIAN_POINT ( 'NONE',  ( -8.268040940824535700, 14.09571523426046500, -9.503524684704162300 ) ) ;
#5373 = VECTOR ( 'NONE', #4294, 1000.000000000000000 ) ;
#5374 =( NAMED_UNIT ( * ) PLANE_ANGLE_UNIT ( ) SI_UNIT ( $, .RADIAN. ) );
#5375 =( LENGTH_UNIT ( ) NAMED_UNIT ( * ) SI_UNIT ( .MILLI., .METRE. ) );
#5376 = EDGE_CURVE ( 'NONE', #3379, #4267, #2627, .T. ) ;
#5377 = CARTESIAN_POINT ( 'NONE',  ( -30.50000000000000700, 22.50000000000000000, 12.00000000000000000 ) ) ;
#5378 =( GEOMETRIC_REPRESENTATION_CONTEXT ( 3 ) GLOBAL_UNCERTAINTY_ASSIGNED_CONTEXT ( ( #1556 ) ) GLOBAL_UNIT_ASSIGNED_CONTEXT ( ( #3879, #3854, #3836 ) ) REPRESENTATION_CONTEXT ( 'NONE', 'WORKASPACE' ) );
#5379 = VECTOR ( 'NONE', #2359, 1000.000000000000000 ) ;
#5380 = CARTESIAN_POINT ( 'NONE',  ( 0.0000000000000000000, 17.00000000000000000, 1.656607900964124800E-026 ) ) ;
#5381 = CARTESIAN_POINT ( 'NONE',  ( -28.00000000000000700, 22.50000000000000400, -5.000000000000000000 ) ) ;
#5382 = DIRECTION ( 'NONE',  ( -1.000000000000000000, -0.0000000000000000000, -0.0000000000000000000 ) ) ;
#5383 = LINE ( 'NONE', #4153, #2025 ) ;
#5384 = ORIENTED_EDGE ( 'NONE', *, *, #2493, .T. ) ;
#5385 = VECTOR ( 'NONE', #5250, 1000.000000000000200 ) ;
#5386 = AXIS2_PLACEMENT_3D ( 'NONE', #2536, #2229, #2070 ) ;
#5387 = CARTESIAN_POINT ( 'NONE',  ( -3.000000000000002700, -3.999077135827517800E-010, 2.485098529175216300E-012 ) ) ;
#5388 = EDGE_CURVE ( 'NONE', #5081, #3030, #159, .T. ) ;
#5389 =( LENGTH_UNIT ( ) NAMED_UNIT ( * ) SI_UNIT ( .MILLI., .METRE. ) );
#5390 = SURFACE_STYLE_FILL_AREA ( #2020 ) ;
#5391 = DIRECTION ( 'NONE',  ( 1.000000000000000000, -0.0000000000000000000, -0.0000000000000000000 ) ) ;
#5392 = ORIENTED_EDGE ( 'NONE', *, *, #137, .T. ) ;
#5393 = ORIENTED_EDGE ( 'NONE', *, *, #1469, .T. ) ;
#5394 = COLOUR_RGB ( '',0.0000000000000000000, 0.0000000000000000000, 0.0000000000000000000 ) ;
#5395 = PRESENTATION_STYLE_ASSIGNMENT (( #2178 ) ) ;
#5396 = AXIS2_PLACEMENT_3D ( 'NONE', #993, #4032, #1441 ) ;
#5397 =( NAMED_UNIT ( * ) PLANE_ANGLE_UNIT ( ) SI_UNIT ( $, .RADIAN. ) );
#5398 = ORIENTED_EDGE ( 'NONE', *, *, #3081, .F. ) ;
#5399 = CARTESIAN_POINT ( 'NONE',  ( -18.00000000000000400, 16.23490457941143100, -9.870555875805868200 ) ) ;
#5400 = DIRECTION ( 'NONE',  ( -1.000000000000000000, 0.0000000000000000000, 0.0000000000000000000 ) ) ;
#5401 = DIRECTION ( 'NONE',  ( -1.000000000000000000, 0.0000000000000000000, -0.0000000000000000000 ) ) ;
#5402 = LINE ( 'NONE', #1188, #2182 ) ;
#5403 = FACE_OUTER_BOUND ( 'NONE', #489, .T. ) ;
#5404 = VERTEX_POINT ( 'NONE', #1128 ) ;
#5405 = ORIENTED_EDGE ( 'NONE', *, *, #1334, .F. ) ;
#5406 = ORIENTED_EDGE ( 'NONE', *, *, #2669, .T. ) ;
#5407 = FILL_AREA_STYLE_COLOUR ( '', #2487 ) ;
#5408 = SURFACE_STYLE_FILL_AREA ( #4721 ) ;
#5409 = DIRECTION ( 'NONE',  ( -0.0000000000000000000, -1.000000000000000000, -0.0000000000000000000 ) ) ;
#5410 = STYLED_ITEM ( 'NONE', ( #3013 ), #1740 ) ;
#5411 = VERTEX_POINT ( 'NONE', #3782 ) ;
#5412 = ORIENTED_EDGE ( 'NONE', *, *, #1638, .T. ) ;
#5413 = UNCERTAINTY_MEASURE_WITH_UNIT (LENGTH_MEASURE( 1.000000000000000100E-005 ), #3312, 'distance_accuracy_value', 'NONE');
#5414 = DIRECTION ( 'NONE',  ( -1.000000000000000000, -0.0000000000000000000, -0.0000000000000000000 ) ) ;
#5415 = ORIENTED_EDGE ( 'NONE', *, *, #4532, .F. ) ;
#5416 = PRESENTATION_LAYER_ASSIGNMENT (  '', '', ( #85 ) ) ;
#5417 = DIRECTION ( 'NONE',  ( 0.0000000000000000000, 0.0000000000000000000, 1.000000000000000000 ) ) ;
#5418 =( NAMED_UNIT ( * ) PLANE_ANGLE_UNIT ( ) SI_UNIT ( $, .RADIAN. ) );
#5419 = CARTESIAN_POINT ( 'NONE',  ( -33.00000000000000000, 20.67261628933499700, 1.999999999999999100 ) ) ;
#5420 =( LENGTH_UNIT ( ) NAMED_UNIT ( * ) SI_UNIT ( .MILLI., .METRE. ) );
#5421 = EDGE_LOOP ( 'NONE', ( #1815, #2882 ) ) ;
#5422 = AXIS2_PLACEMENT_3D ( 'NONE', #2857, #2520, #2494 ) ;
#5423 = VERTEX_POINT ( 'NONE', #1602 ) ;
#5424 =( LENGTH_UNIT ( ) NAMED_UNIT ( * ) SI_UNIT ( .MILLI., .METRE. ) );
#5425 = CARTESIAN_POINT ( 'NONE',  ( -50.00000000000000000, 0.0000000000000000000, 0.0000000000000000000 ) ) ;
#5426 = DIRECTION ( 'NONE',  ( -0.0000000000000000000, 0.0000000000000000000, 1.000000000000000000 ) ) ;
#5427 = LINE ( 'NONE', #2249, #2211 ) ;
#5428 = FILL_AREA_STYLE_COLOUR ( '', #5298 ) ;
#5429 = VERTEX_POINT ( 'NONE', #4588 ) ;
#5430 = CARTESIAN_POINT ( 'NONE',  ( -3.500000000000003100, 28.99999999999999600, 0.0000000000000000000 ) ) ;
#5431 = CARTESIAN_POINT ( 'NONE',  ( -33.00000000000000000, 0.0000000000000000000, 0.0000000000000000000 ) ) ;
#5432 = STYLED_ITEM ( 'NONE', ( #3903 ), #2580 ) ;
#5433 = EDGE_CURVE ( 'NONE', #765, #1173, #3460, .T. ) ;
#5434 = VERTEX_POINT ( 'NONE', #2059 ) ;
#5435 = PRESENTATION_STYLE_ASSIGNMENT (( #1050 ) ) ;
#5436 = CARTESIAN_POINT ( 'NONE',  ( -0.6470537029838417900, -17.20000000032918000, -2.106392494573899400E-015 ) ) ;
#5437 = UNCERTAINTY_MEASURE_WITH_UNIT (LENGTH_MEASURE( 1.000000000000000100E-005 ), #4327, 'distance_accuracy_value', 'NONE');
#5438 = DIRECTION ( 'NONE',  ( 1.000000000000000000, -0.0000000000000000000, -0.0000000000000000000 ) ) ;
#5439 = SURFACE_STYLE_FILL_AREA ( #2337 ) ;
#5440 = VERTEX_POINT ( 'NONE', #5003 ) ;
#5441 = SURFACE_STYLE_USAGE ( .BOTH. , #3772 ) ;
#5442 = STYLED_ITEM ( 'NONE', ( #439 ), #1640 ) ;
#5443 = LINE ( 'NONE', #1466, #3278 ) ;
#5444 = DIRECTION ( 'NONE',  ( 0.0000000000000000000, -1.000000000000000000, 0.0000000000000000000 ) ) ;
#5445 = LINE ( 'NONE', #4060, #2233 ) ;
#5446 = LINE ( 'NONE', #5419, #5311 ) ;
#5447 = PRESENTATION_LAYER_ASSIGNMENT (  '', '', ( #4888 ) ) ;
#5448 = PRESENTATION_STYLE_ASSIGNMENT (( #689 ) ) ;
#5449 = VECTOR ( 'NONE', #383, 1000.000000000000000 ) ;
#5450 = VECTOR ( 'NONE', #4203, 1000.000000000000000 ) ;
#5451 = EDGE_CURVE ( 'NONE', #2149, #2813, #9, .T. ) ;
#5452 = DIRECTION ( 'NONE',  ( -0.0000000000000000000, -1.000000000000000000, 0.0000000000000000000 ) ) ;
#5453 = CARTESIAN_POINT ( 'NONE',  ( -12.24999999999990800, 40.00000000000013500, 8.300000000000155300 ) ) ;
#5454 = STYLED_ITEM ( 'NONE', ( #4494 ), #2158 ) ;
#5455 = FILL_AREA_STYLE ('',( #5407 ) ) ;
#5456 = ORIENTED_EDGE ( 'NONE', *, *, #4229, .F. ) ;
#5457 = LINE ( 'NONE', #1979, #1308 ) ;
#5458 = SURFACE_SIDE_STYLE ('',( #1218 ) ) ;
#5459 = DIRECTION ( 'NONE',  ( 0.0000000000000000000, -1.000000000000000000, 0.0000000000000000000 ) ) ;
#5460 = LINE ( 'NONE', #3132, #4351 ) ;
#5461 = ORIENTED_EDGE ( 'NONE', *, *, #1989, .T. ) ;
#5462 = AXIS2_PLACEMENT_3D ( 'NONE', #2896, #273, #5348 ) ;
#5463 = EDGE_CURVE ( 'NONE', #3511, #1421, #2477, .T. ) ;
#5464 = CARTESIAN_POINT ( 'NONE',  ( -14.70000000000000500, 36.39999999999999900, -0.5999999999999998700 ) ) ;
#5465 = SURFACE_STYLE_USAGE ( .BOTH. , #5458 ) ;
#5466 = EDGE_LOOP ( 'NONE', ( #193, #4664 ) ) ;
#5467 = DIRECTION ( 'NONE',  ( 0.0000000000000000000, 1.000000000000000000, 0.0000000000000000000 ) ) ;
#5468 = AXIS2_PLACEMENT_3D ( 'NONE', #2256, #5166, #2758 ) ;
#5469 = DIRECTION ( 'NONE',  ( 0.0000000000000000000, -1.000000000000000000, 3.469446951953611000E-015 ) ) ;
#5470 = FILL_AREA_STYLE ('',( #2157 ) ) ;
#5471 = STYLED_ITEM ( 'NONE', ( #1207 ), #1560 ) ;
#5472 = VERTEX_POINT ( 'NONE', #1145 ) ;
#5473 =( LENGTH_UNIT ( ) NAMED_UNIT ( * ) SI_UNIT ( .MILLI., .METRE. ) );
#5474 = VERTEX_POINT ( 'NONE', #4606 ) ;
#5475 =( NAMED_UNIT ( * ) PLANE_ANGLE_UNIT ( ) SI_UNIT ( $, .RADIAN. ) );
#5476 = CARTESIAN_POINT ( 'NONE',  ( -50.00000000000000000, 0.0000000000000000000, 0.0000000000000000000 ) ) ;
#5477 = COLOUR_RGB ( '',0.0000000000000000000, 0.0000000000000000000, 0.0000000000000000000 ) ;
#5478 = CARTESIAN_POINT ( 'NONE',  ( -32.49969317914224800, 29.00000000000000700, 14.03426719385669800 ) ) ;
#5479 = EDGE_LOOP ( 'NONE', ( #5328, #2106, #3305, #5461 ) ) ;
#5480 = FILL_AREA_STYLE ('',( #4217 ) ) ;
#5481 = DIRECTION ( 'NONE',  ( -1.000000000000000000, -0.0000000000000000000, -0.0000000000000000000 ) ) ;
#5482 =( GEOMETRIC_REPRESENTATION_CONTEXT ( 3 ) GLOBAL_UNCERTAINTY_ASSIGNED_CONTEXT ( ( #1451 ) ) GLOBAL_UNIT_ASSIGNED_CONTEXT ( ( #5175, #4729, #4734 ) ) REPRESENTATION_CONTEXT ( 'NONE', 'WORKASPACE' ) );
#5483 = UNCERTAINTY_MEASURE_WITH_UNIT (LENGTH_MEASURE( 1.000000000000000100E-005 ), #894, 'distance_accuracy_value', 'NONE');
#5484 = VERTEX_POINT ( 'NONE', #4190 ) ;
#5485 = CARTESIAN_POINT ( 'NONE',  ( -12.44598990537957500, 15.33450198945644900, -7.341809547070404600 ) ) ;
#5486 = DIRECTION ( 'NONE',  ( 0.0000000000000000000, 1.000000000000000000, 0.0000000000000000000 ) ) ;
#5487 =( NAMED_UNIT ( * ) SI_UNIT ( $, .STERADIAN. ) SOLID_ANGLE_UNIT ( ) );
#5488 =( NAMED_UNIT ( * ) PLANE_ANGLE_UNIT ( ) SI_UNIT ( $, .RADIAN. ) );
#5489 = EDGE_CURVE ( 'NONE', #1323, #3223, #2147, .T. ) ;
#5490 =( GEOMETRIC_REPRESENTATION_CONTEXT ( 3 ) GLOBAL_UNCERTAINTY_ASSIGNED_CONTEXT ( ( #60 ) ) GLOBAL_UNIT_ASSIGNED_CONTEXT ( ( #3556, #3533, #3488 ) ) REPRESENTATION_CONTEXT ( 'NONE', 'WORKASPACE' ) );
#5491 =( NAMED_UNIT ( * ) PLANE_ANGLE_UNIT ( ) SI_UNIT ( $, .RADIAN. ) );
#5492 = DIRECTION ( 'NONE',  ( 0.0000000000000000000, 0.0000000000000000000, -1.000000000000000000 ) ) ;
#5493 = CARTESIAN_POINT ( 'NONE',  ( 0.0000000000000000000, 13.91563060015608100, -9.765000000000000600 ) ) ;
#5494 = CYLINDRICAL_SURFACE ( 'NONE', #4956, 17.00000000000000000 ) ;
#5495 = FILL_AREA_STYLE_COLOUR ( '', #1383 ) ;
#5496 = SURFACE_SIDE_STYLE ('',( #2907 ) ) ;
#5497 = ORIENTED_EDGE ( 'NONE', *, *, #5091, .T. ) ;
#5498 = MECHANICAL_DESIGN_GEOMETRIC_PRESENTATION_REPRESENTATION (  '', ( #4932 ), #165 ) ;
#5499 = CIRCLE ( 'NONE', #734, 15.05000000000000100 ) ;
#5500 = DIRECTION ( 'NONE',  ( 1.000000000000000000, -0.0000000000000000000, -0.0000000000000000000 ) ) ;
#5501 = EDGE_CURVE ( 'NONE', #4407, #1533, #1072, .T. ) ;
#5502 = CARTESIAN_POINT ( 'NONE',  ( -32.17091004111044600, 11.66190378965547200, -15.00000000002730800 ) ) ;
#5503 = SURFACE_SIDE_STYLE ('',( #4851 ) ) ;
#5504 = CARTESIAN_POINT ( 'NONE',  ( -15.85434724460000500, 32.35000000000000100, 0.6000000000000000900 ) ) ;
#5505 = AXIS2_PLACEMENT_3D ( 'NONE', #5204, #2790, #1 ) ;
#5506 = FILL_AREA_STYLE ('',( #3450 ) ) ;
#5507 = MECHANICAL_DESIGN_GEOMETRIC_PRESENTATION_REPRESENTATION (  '', ( #4656 ), #175 ) ;
#5508 = VECTOR ( 'NONE', #2564, 1000.000000000000000 ) ;
#5509 = CARTESIAN_POINT ( 'NONE',  ( -3.000000000000002700, 12.84523257866649900, 13.99999999999916200 ) ) ;
#5510 = CARTESIAN_POINT ( 'NONE',  ( -17.60000000000000500, 40.49999999999999300, 4.049999999999999800 ) ) ;
#5511 = CARTESIAN_POINT ( 'NONE',  ( -18.00000000000000400, 28.49999999999999600, 15.00000000000000000 ) ) ;
#5512 = LINE ( 'NONE', #2686, #1216 ) ;
#5513 = CARTESIAN_POINT ( 'NONE',  ( -2.920000000000006100, 29.00000000000000000, 15.08000000000000000 ) ) ;
#5514 = UNCERTAINTY_MEASURE_WITH_UNIT (LENGTH_MEASURE( 1.000000000000000100E-005 ), #5140, 'distance_accuracy_value', 'NONE');
#5515 =( GEOMETRIC_REPRESENTATION_CONTEXT ( 3 ) GLOBAL_UNCERTAINTY_ASSIGNED_CONTEXT ( ( #1705 ) ) GLOBAL_UNIT_ASSIGNED_CONTEXT ( ( #3592, #2756, #4808 ) ) REPRESENTATION_CONTEXT ( 'NONE', 'WORKASPACE' ) );
#5516 = COLOUR_RGB ( '',0.0000000000000000000, 0.0000000000000000000, 0.0000000000000000000 ) ;
#5517 = DIRECTION ( 'NONE',  ( 0.0000000000000000000, 0.0000000000000000000, 1.000000000000000000 ) ) ;
#5518 = CARTESIAN_POINT ( 'NONE',  ( -32.69176849720936000, 11.99899041743486300, -14.73248922038594300 ) ) ;
#5519 = LINE ( 'NONE', #961, #2019 ) ;
#5520 = DIRECTION ( 'NONE',  ( -1.000000000000000000, 0.0000000000000000000, -0.0000000000000000000 ) ) ;
#5521 = COLOUR_RGB ( '',1.000000000000000000, 1.000000000000000000, 0.9490196078431372100 ) ;
#5522 = MECHANICAL_DESIGN_GEOMETRIC_PRESENTATION_REPRESENTATION (  '', ( #4396 ), #195 ) ;
#5523 = PRODUCT_CONTEXT ( 'NONE', #5094, 'mechanical' ) ;
#5524 = LINE ( 'NONE', #3365, #2164 ) ;
#5525 = VERTEX_POINT ( 'NONE', #267 ) ;
#5526 = EDGE_LOOP ( 'NONE', ( #4406, #3603, #2548, #2987 ) ) ;
#5527 = CARTESIAN_POINT ( 'NONE',  ( -3.000000000000002700, 28.49999999999999600, -13.99999987443468700 ) ) ;
#5528 = VECTOR ( 'NONE', #2940, 1000.000000000000000 ) ;
#5529 = FILL_AREA_STYLE ('',( #5080 ) ) ;
#5530 = SURFACE_SIDE_STYLE ('',( #2380 ) ) ;
#5531 = ORIENTED_EDGE ( 'NONE', *, *, #5369, .F. ) ;
#5532 =( NAMED_UNIT ( * ) SI_UNIT ( $, .STERADIAN. ) SOLID_ANGLE_UNIT ( ) );
#5533 = ORIENTED_EDGE ( 'NONE', *, *, #2765, .T. ) ;
#5534 = EDGE_CURVE ( 'NONE', #2777, #4702, #4648, .T. ) ;
#5535 = ORIENTED_EDGE ( 'NONE', *, *, #5303, .T. ) ;
#5536 = DIRECTION ( 'NONE',  ( 1.000000000000000000, 0.0000000000000000000, 0.0000000000000000000 ) ) ;
#5537 = PRESENTATION_LAYER_ASSIGNMENT (  '', '', ( #206 ) ) ;
#5538 =( NAMED_UNIT ( * ) SI_UNIT ( $, .STERADIAN. ) SOLID_ANGLE_UNIT ( ) );
#5539 = ORIENTED_EDGE ( 'NONE', *, *, #5163, .T. ) ;
#5540 = FILL_AREA_STYLE ('',( #83 ) ) ;
#5541 = CARTESIAN_POINT ( 'NONE',  ( 0.0000000000000000000, 25.00000000000000000, -9.765000000000000600 ) ) ;
#5542 =( GEOMETRIC_REPRESENTATION_CONTEXT ( 3 ) GLOBAL_UNCERTAINTY_ASSIGNED_CONTEXT ( ( #1916 ) ) GLOBAL_UNIT_ASSIGNED_CONTEXT ( ( #1503, #4502, #1964 ) ) REPRESENTATION_CONTEXT ( 'NONE', 'WORKASPACE' ) );
#5543 = ORIENTED_EDGE ( 'NONE', *, *, #2033, .T. ) ;
#5544 = EDGE_CURVE ( 'NONE', #715, #5547, #3336, .T. ) ;
#5545 = CARTESIAN_POINT ( 'NONE',  ( 0.0000000000000000000, -3.999077135827517800E-010, 2.485098529175216300E-012 ) ) ;
#5546 = DIRECTION ( 'NONE',  ( 1.000000000000000000, -0.0000000000000000000, -0.0000000000000000000 ) ) ;
#5547 = VERTEX_POINT ( 'NONE', #1636 ) ;
#5548 = VERTEX_POINT ( 'NONE', #2097 ) ;
#5549 = PRESENTATION_LAYER_ASSIGNMENT (  '', '', ( #4975 ) ) ;
#5550 = CARTESIAN_POINT ( 'NONE',  ( -0.6470537029838809900, 1.133956484106710800E-013, -1.249941288410261100E-028 ) ) ;
#5551 = CARTESIAN_POINT ( 'NONE',  ( -30.50000000000000400, 22.50000000000000000, 9.000000000000001800 ) ) ;
#5552 = CARTESIAN_POINT ( 'NONE',  ( -32.00000000000061100, 29.00000000000000000, -14.49999999999999800 ) ) ;
#5553 = ORIENTED_EDGE ( 'NONE', *, *, #3634, .T. ) ;
#5554 =( LENGTH_UNIT ( ) NAMED_UNIT ( * ) SI_UNIT ( .MILLI., .METRE. ) );
#5555 = SURFACE_STYLE_USAGE ( .BOTH. , #5557 ) ;
#5556 = CARTESIAN_POINT ( 'NONE',  ( -0.6470537029834785300, 15.05000000000011300, 1.843093432716641200E-015 ) ) ;
#5557 = SURFACE_SIDE_STYLE ('',( #4284 ) ) ;
#5558 = CARTESIAN_POINT ( 'NONE',  ( -50.00000000000000000, 13.91563060015608100, 9.764999999999986400 ) ) ;
#5559 = STYLED_ITEM ( 'NONE', ( #3883 ), #1829 ) ;
#5560 = SURFACE_STYLE_USAGE ( .BOTH. , #5579 ) ;
#5561 = ORIENTED_EDGE ( 'NONE', *, *, #4985, .F. ) ;
#5562 = ORIENTED_EDGE ( 'NONE', *, *, #3520, .T. ) ;
#5563 = PLANE ( 'NONE',  #2461 ) ;
#5564 = EDGE_CURVE ( 'NONE', #831, #1323, #801, .T. ) ;
#5565 = STYLED_ITEM ( 'NONE', ( #1404 ), #2132 ) ;
#5566 = CARTESIAN_POINT ( 'NONE',  ( -33.00000000000000000, 20.67261628933499700, -9.000000000000000000 ) ) ;
#5567 = CARTESIAN_POINT ( 'NONE',  ( -0.3040217494550258000, 15.11695286007900800, -1.249941288410261500E-028 ) ) ;
#5568 = DIRECTION ( 'NONE',  ( -1.000000000000000000, -0.0000000000000000000, -0.0000000000000000000 ) ) ;
#5569 = CARTESIAN_POINT ( 'NONE',  ( -0.05597972129020043600, 15.46179454866978100, -1.249941288410261500E-028 ) ) ;
#5570 = ORIENTED_EDGE ( 'NONE', *, *, #1073, .T. ) ;
#5571 = SURFACE_STYLE_USAGE ( .BOTH. , #2722 ) ;
#5572 = AXIS2_PLACEMENT_3D ( 'NONE', #4585, #4257, #4220 ) ;
#5573 = CARTESIAN_POINT ( 'NONE',  ( -2.970736319593319000E-014, 15.94956969468690600, -1.249941288410261100E-028 ) ) ;
#5574 = EDGE_CURVE ( 'NONE', #4426, #294, #5238, .T. ) ;
#5575 = SURFACE_SIDE_STYLE ('',( #5609 ) ) ;
#5576 = DIRECTION ( 'NONE',  ( -0.0000000000000000000, -0.0000000000000000000, -1.000000000000000000 ) ) ;
#5577 = COLOUR_RGB ( '',1.000000000000000000, 1.000000000000000000, 0.9490196078431372100 ) ;
#5578 = ORIENTED_EDGE ( 'NONE', *, *, #956, .T. ) ;
#5579 = SURFACE_SIDE_STYLE ('',( #3689 ) ) ;
#5580 = UNCERTAINTY_MEASURE_WITH_UNIT (LENGTH_MEASURE( 1.000000000000000100E-005 ), #2349, 'distance_accuracy_value', 'NONE');
#5581 = VECTOR ( 'NONE', #4038, 1000.000000000000000 ) ;
#5582 = AXIS2_PLACEMENT_3D ( 'NONE', #2876, #102, #3268 ) ;
#5583 = DIRECTION ( 'NONE',  ( 0.0000000000000000000, 0.0000000000000000000, 1.000000000000000000 ) ) ;
#5584 =( GEOMETRIC_REPRESENTATION_CONTEXT ( 3 ) GLOBAL_UNCERTAINTY_ASSIGNED_CONTEXT ( ( #369 ) ) GLOBAL_UNIT_ASSIGNED_CONTEXT ( ( #5631, #17, #40 ) ) REPRESENTATION_CONTEXT ( 'NONE', 'WORKASPACE' ) );
#5585 =( NAMED_UNIT ( * ) PLANE_ANGLE_UNIT ( ) SI_UNIT ( $, .RADIAN. ) );
#5586 = CIRCLE ( 'NONE', #2428, 19.00000000000000000 ) ;
#5587 = UNCERTAINTY_MEASURE_WITH_UNIT (LENGTH_MEASURE( 1.000000000000000100E-005 ), #4769, 'distance_accuracy_value', 'NONE');
#5588 = DIRECTION ( 'NONE',  ( 0.0000000000000000000, -1.000000000000000000, 0.0000000000000000000 ) ) ;
#5589 = DIRECTION ( 'NONE',  ( -0.4133841097030364600, -0.8113119965149762100, 0.4133841097041722200 ) ) ;
#5590 = VECTOR ( 'NONE', #2169, 1000.000000000000000 ) ;
#5591 = PRESENTATION_LAYER_ASSIGNMENT (  '', '', ( #5016 ) ) ;
#5592 = LINE ( 'NONE', #4092, #1029 ) ;
#5593 = PRESENTATION_STYLE_ASSIGNMENT (( #3314 ) ) ;
#5594 = CARTESIAN_POINT ( 'NONE',  ( -25.35434724460000300, 28.76480460475999800, -1.500000000000000000 ) ) ;
#5595 = CARTESIAN_POINT ( 'NONE',  ( -17.60000000000000500, 40.50000000000000700, -1.250000000000000200 ) ) ;
#5596 = COLOUR_RGB ( '',0.0000000000000000000, 0.0000000000000000000, 0.0000000000000000000 ) ;
#5597 = FILL_AREA_STYLE ('',( #1695 ) ) ;
#5598 = ORIENTED_EDGE ( 'NONE', *, *, #2835, .F. ) ;
#5599 = LINE ( 'NONE', #1896, #4480 ) ;
#5600 = EDGE_CURVE ( 'NONE', #3968, #3120, #3221, .T. ) ;
#5601 = MECHANICAL_DESIGN_GEOMETRIC_PRESENTATION_REPRESENTATION (  '', ( #4741 ), #272 ) ;
#5602 = CYLINDRICAL_SURFACE ( 'NONE', #2667, 0.4999999999999970000 ) ;
#5603 = ORIENTED_EDGE ( 'NONE', *, *, #2951, .F. ) ;
#5604 = DIRECTION ( 'NONE',  ( 0.0000000000000000000, 0.0000000000000000000, 1.000000000000000000 ) ) ;
#5605 = LINE ( 'NONE', #4329, #2435 ) ;
#5606 = CARTESIAN_POINT ( 'NONE',  ( -3.000000000000002700, 0.0000000000000000000, 16.75000000000000000 ) ) ;
#5607 = VERTEX_POINT ( 'NONE', #1182 ) ;
#5608 = MECHANICAL_DESIGN_GEOMETRIC_PRESENTATION_REPRESENTATION (  '', ( #4751 ), #280 ) ;
#5609 = SURFACE_STYLE_FILL_AREA ( #3752 ) ;
#5610 = VERTEX_POINT ( 'NONE', #3430 ) ;
#5611 = CARTESIAN_POINT ( 'NONE',  ( -3.000000000000002700, 15.89090585921552500, 9.666390793545828000 ) ) ;
#5612 = ORIENTED_EDGE ( 'NONE', *, *, #4999, .T. ) ;
#5613 = PLANE ( 'NONE',  #4641 ) ;
#5614 =( GEOMETRIC_REPRESENTATION_CONTEXT ( 3 ) GLOBAL_UNCERTAINTY_ASSIGNED_CONTEXT ( ( #3955 ) ) GLOBAL_UNIT_ASSIGNED_CONTEXT ( ( #3891, #1277, #4292 ) ) REPRESENTATION_CONTEXT ( 'NONE', 'WORKASPACE' ) );
#5615 = AXIS2_PLACEMENT_3D ( 'NONE', #4018, #2597, #2606 ) ;
#5616 = ORIENTED_EDGE ( 'NONE', *, *, #3198, .F. ) ;
#5617 = CARTESIAN_POINT ( 'NONE',  ( -13.11759780008502900, 15.62901024787389700, -6.692682630198485900 ) ) ;
#5618 =( NAMED_UNIT ( * ) PLANE_ANGLE_UNIT ( ) SI_UNIT ( $, .RADIAN. ) );
#5619 = MECHANICAL_DESIGN_GEOMETRIC_PRESENTATION_REPRESENTATION (  '', ( #5049 ), #295 ) ;
#5620 = CARTESIAN_POINT ( 'NONE',  ( -23.37999999999999900, 16.35549038165094900, 9.669432991428584100 ) ) ;
#5621 = SURFACE_SIDE_STYLE ('',( #4145 ) ) ;
#5622 = SURFACE_STYLE_USAGE ( .BOTH. , #5621 ) ;
#5623 = COLOUR_RGB ( '',0.7764705882352941300, 0.7568627450980391900, 0.7372549019607843600 ) ;
#5624 = FILL_AREA_STYLE_COLOUR ( '', #676 ) ;
#5625 = CARTESIAN_POINT ( 'NONE',  ( -18.39999999999999900, 32.50000000000000000, 1.250000000000000200 ) ) ;
#5626 = PRESENTATION_LAYER_ASSIGNMENT (  '', '', ( #5056 ) ) ;
#5627 = FILL_AREA_STYLE ('',( #2748 ) ) ;
#5628 = COLOUR_RGB ( '',0.0000000000000000000, 0.0000000000000000000, 0.0000000000000000000 ) ;
#5629 = ORIENTED_EDGE ( 'NONE', *, *, #2765, .F. ) ;
#5630 = CARTESIAN_POINT ( 'NONE',  ( -31.99999999975997200, 28.79289321881163500, -14.99999999999647200 ) ) ;
#5631 =( LENGTH_UNIT ( ) NAMED_UNIT ( * ) SI_UNIT ( .MILLI., .METRE. ) );
ENDSEC;
END-ISO-10303-21;
