ISO-10303-21;
HEADER;
FILE_DESCRIPTION(('FreeCAD Model'),'2;1');
FILE_NAME('Open CASCADE Shape Model','2026-10-01T12:31:22',('FreeCAD'),(
    'FreeCAD'),'Open CASCADE STEP processor 7.8','FreeCAD','Unknown');
FILE_SCHEMA(('AUTOMOTIVE_DESIGN { 1 0 10303 214 1 1 1 1 }'));
ENDSEC;
DATA;
#1 = APPLICATION_PROTOCOL_DEFINITION('international standard',
  'automotive_design',2000,#2);
#2 = APPLICATION_CONTEXT(
  'core data for automotive mechanical design processes');
#3 = SHAPE_DEFINITION_REPRESENTATION(#4,#10);
#4 = PRODUCT_DEFINITION_SHAPE('','',#5);
#5 = PRODUCT_DEFINITION('design','',#6,#9);
#6 = PRODUCT_DEFINITION_FORMATION('','',#7);
#7 = PRODUCT('Open CASCADE STEP translator 7.8 1',
  'Open CASCADE STEP translator 7.8 1','',(#8));
#8 = PRODUCT_CONTEXT('',#2,'mechanical');
#9 = PRODUCT_DEFINITION_CONTEXT('part definition',#2,'design');
#10 = ADVANCED_BREP_SHAPE_REPRESENTATION('',(#11,#15),#4765);
#11 = AXIS2_PLACEMENT_3D('',#12,#13,#14);
#12 = CARTESIAN_POINT('',(0.,0.,0.));
#13 = DIRECTION('',(0.,0.,1.));
#14 = DIRECTION('',(1.,0.,-0.));
#15 = MANIFOLD_SOLID_BREP('',#16);
#16 = CLOSED_SHELL('',(#17,#68,#99,#130,#161,#192,#217,#233,#249,#313,
    #432,#448,#589,#605,#680,#700,#717,#734,#765,#790,#815,#840,#857,
    #886,#911,#936,#961,#986,#1011,#1036,#1061,#1086,#1103,#1132,#1157,
    #1182,#1207,#1232,#1257,#1282,#1307,#1332,#1357,#1382,#1409,#1434,
    #1459,#1484,#1509,#2090,#2101,#2112,#2135,#2155,#2175,#2195,#2206,
    #2215,#2227,#2239,#2259,#2271,#2291,#2303,#2312,#2323,#2343,#2363,
    #2383,#2403,#2423,#2443,#2463,#2483,#2503,#2523,#2560,#2611,#2630,
    #2667,#2676,#2692,#2727,#2737,#2762,#2875,#3052,#3077,#3102,#3251,
    #3400,#3549,#3751,#3900,#3917,#3934,#3951,#3986,#4021,#4033,#4053,
    #4069,#4361,#4371,#4391,#4411,#4431,#4451,#4471,#4489,#4507,#4544,
    #4553,#4590,#4606,#4633,#4643,#4677,#4711,#4730,#4749));
#17 = ADVANCED_FACE('',(#18,#52),#63,.F.);
#18 = FACE_BOUND('',#19,.F.);
#19 = EDGE_LOOP('',(#20,#30,#38,#46));
#20 = ORIENTED_EDGE('',*,*,#21,.F.);
#21 = EDGE_CURVE('',#22,#24,#26,.T.);
#22 = VERTEX_POINT('',#23);
#23 = CARTESIAN_POINT('',(-1.110223024625E-16,1.,1.));
#24 = VERTEX_POINT('',#25);
#25 = CARTESIAN_POINT('',(-2.109423746788E-15,1.,74.));
#26 = LINE('',#27,#28);
#27 = CARTESIAN_POINT('',(0.,1.,0.));
#28 = VECTOR('',#29,1.);
#29 = DIRECTION('',(0.,0.,1.));
#30 = ORIENTED_EDGE('',*,*,#31,.T.);
#31 = EDGE_CURVE('',#22,#32,#34,.T.);
#32 = VERTEX_POINT('',#33);
#33 = CARTESIAN_POINT('',(-2.109423746788E-15,89.,1.));
#34 = LINE('',#35,#36);
#35 = CARTESIAN_POINT('',(0.,0.,1.));
#36 = VECTOR('',#37,1.);
#37 = DIRECTION('',(0.,1.,0.));
#38 = ORIENTED_EDGE('',*,*,#39,.T.);
#39 = EDGE_CURVE('',#32,#40,#42,.T.);
#40 = VERTEX_POINT('',#41);
#41 = CARTESIAN_POINT('',(-4.107825191113E-15,89.,74.));
#42 = LINE('',#43,#44);
#43 = CARTESIAN_POINT('',(0.,89.,0.));
#44 = VECTOR('',#45,1.);
#45 = DIRECTION('',(0.,0.,1.));
#46 = ORIENTED_EDGE('',*,*,#47,.F.);
#47 = EDGE_CURVE('',#24,#40,#48,.T.);
#48 = LINE('',#49,#50);
#49 = CARTESIAN_POINT('',(0.,0.,74.));
#50 = VECTOR('',#51,1.);
#51 = DIRECTION('',(0.,1.,0.));
#52 = FACE_BOUND('',#53,.F.);
#53 = EDGE_LOOP('',(#54));
#54 = ORIENTED_EDGE('',*,*,#55,.F.);
#55 = EDGE_CURVE('',#56,#56,#58,.T.);
#56 = VERTEX_POINT('',#57);
#57 = CARTESIAN_POINT('',(0.,45.,26.5785));
#58 = CIRCLE('',#59,6.5785);
#59 = AXIS2_PLACEMENT_3D('',#60,#61,#62);
#60 = CARTESIAN_POINT('',(0.,45.,20.));
#61 = DIRECTION('',(1.,0.,-0.));
#62 = DIRECTION('',(0.,0.,1.));
#63 = PLANE('',#64);
#64 = AXIS2_PLACEMENT_3D('',#65,#66,#67);
#65 = CARTESIAN_POINT('',(0.,0.,0.));
#66 = DIRECTION('',(1.,0.,0.));
#67 = DIRECTION('',(0.,0.,1.));
#68 = ADVANCED_FACE('',(#69),#94,.T.);
#69 = FACE_BOUND('',#70,.F.);
#70 = EDGE_LOOP('',(#71,#72,#80,#88));
#71 = ORIENTED_EDGE('',*,*,#21,.T.);
#72 = ORIENTED_EDGE('',*,*,#73,.T.);
#73 = EDGE_CURVE('',#24,#74,#76,.T.);
#74 = VERTEX_POINT('',#75);
#75 = CARTESIAN_POINT('',(1.,-2.109423746788E-15,74.));
#76 = LINE('',#77,#78);
#77 = CARTESIAN_POINT('',(0.5,0.5,74.));
#78 = VECTOR('',#79,1.);
#79 = DIRECTION('',(0.707106781187,-0.707106781187,0.));
#80 = ORIENTED_EDGE('',*,*,#81,.F.);
#81 = EDGE_CURVE('',#82,#74,#84,.T.);
#82 = VERTEX_POINT('',#83);
#83 = CARTESIAN_POINT('',(1.,-1.110223024625E-16,1.));
#84 = LINE('',#85,#86);
#85 = CARTESIAN_POINT('',(1.,0.,0.));
#86 = VECTOR('',#87,1.);
#87 = DIRECTION('',(0.,0.,1.));
#88 = ORIENTED_EDGE('',*,*,#89,.F.);
#89 = EDGE_CURVE('',#22,#82,#90,.T.);
#90 = LINE('',#91,#92);
#91 = CARTESIAN_POINT('',(0.5,0.5,1.));
#92 = VECTOR('',#93,1.);
#93 = DIRECTION('',(0.707106781187,-0.707106781187,0.));
#94 = PLANE('',#95);
#95 = AXIS2_PLACEMENT_3D('',#96,#97,#98);
#96 = CARTESIAN_POINT('',(0.5,0.5,0.));
#97 = DIRECTION('',(-0.707106781187,-0.707106781187,0.));
#98 = DIRECTION('',(-0.,-0.,-1.));
#99 = ADVANCED_FACE('',(#100),#125,.T.);
#100 = FACE_BOUND('',#101,.T.);
#101 = EDGE_LOOP('',(#102,#110,#111,#119));
#102 = ORIENTED_EDGE('',*,*,#103,.T.);
#103 = EDGE_CURVE('',#104,#22,#106,.T.);
#104 = VERTEX_POINT('',#105);
#105 = CARTESIAN_POINT('',(1.,1.,-1.110223024625E-16));
#106 = LINE('',#107,#108);
#107 = CARTESIAN_POINT('',(0.75,1.,0.25));
#108 = VECTOR('',#109,1.);
#109 = DIRECTION('',(-0.707106781187,0.,0.707106781187));
#110 = ORIENTED_EDGE('',*,*,#31,.T.);
#111 = ORIENTED_EDGE('',*,*,#112,.T.);
#112 = EDGE_CURVE('',#32,#113,#115,.T.);
#113 = VERTEX_POINT('',#114);
#114 = CARTESIAN_POINT('',(1.,89.,-2.109423746788E-15));
#115 = LINE('',#116,#117);
#116 = CARTESIAN_POINT('',(0.5,89.,0.5));
#117 = VECTOR('',#118,1.);
#118 = DIRECTION('',(0.707106781187,0.,-0.707106781187));
#119 = ORIENTED_EDGE('',*,*,#120,.F.);
#120 = EDGE_CURVE('',#104,#113,#121,.T.);
#121 = LINE('',#122,#123);
#122 = CARTESIAN_POINT('',(1.,0.,0.));
#123 = VECTOR('',#124,1.);
#124 = DIRECTION('',(0.,1.,0.));
#125 = PLANE('',#126);
#126 = AXIS2_PLACEMENT_3D('',#127,#128,#129);
#127 = CARTESIAN_POINT('',(0.5,0.,0.5));
#128 = DIRECTION('',(-0.707106781187,0.,-0.707106781187));
#129 = DIRECTION('',(0.,1.,0.));
#130 = ADVANCED_FACE('',(#131),#156,.F.);
#131 = FACE_BOUND('',#132,.F.);
#132 = EDGE_LOOP('',(#133,#141,#142,#150));
#133 = ORIENTED_EDGE('',*,*,#134,.T.);
#134 = EDGE_CURVE('',#135,#24,#137,.T.);
#135 = VERTEX_POINT('',#136);
#136 = CARTESIAN_POINT('',(1.,1.,75.));
#137 = LINE('',#138,#139);
#138 = CARTESIAN_POINT('',(0.75,1.,74.75));
#139 = VECTOR('',#140,1.);
#140 = DIRECTION('',(-0.707106781187,6.922665670981E-15,-0.707106781187)
  );
#141 = ORIENTED_EDGE('',*,*,#47,.T.);
#142 = ORIENTED_EDGE('',*,*,#143,.T.);
#143 = EDGE_CURVE('',#40,#144,#146,.T.);
#144 = VERTEX_POINT('',#145);
#145 = CARTESIAN_POINT('',(1.,89.,75.));
#146 = LINE('',#147,#148);
#147 = CARTESIAN_POINT('',(0.5,89.,74.5));
#148 = VECTOR('',#149,1.);
#149 = DIRECTION('',(0.707106781187,1.442222014788E-15,0.707106781187));
#150 = ORIENTED_EDGE('',*,*,#151,.F.);
#151 = EDGE_CURVE('',#135,#144,#152,.T.);
#152 = LINE('',#153,#154);
#153 = CARTESIAN_POINT('',(1.,0.,75.));
#154 = VECTOR('',#155,1.);
#155 = DIRECTION('',(0.,1.,0.));
#156 = PLANE('',#157);
#157 = AXIS2_PLACEMENT_3D('',#158,#159,#160);
#158 = CARTESIAN_POINT('',(0.5,0.,74.5));
#159 = DIRECTION('',(0.707106781187,0.,-0.707106781187));
#160 = DIRECTION('',(0.,1.,0.));
#161 = ADVANCED_FACE('',(#162),#187,.F.);
#162 = FACE_BOUND('',#163,.T.);
#163 = EDGE_LOOP('',(#164,#172,#173,#181));
#164 = ORIENTED_EDGE('',*,*,#165,.T.);
#165 = EDGE_CURVE('',#166,#32,#168,.T.);
#166 = VERTEX_POINT('',#167);
#167 = CARTESIAN_POINT('',(1.,90.,1.));
#168 = LINE('',#169,#170);
#169 = CARTESIAN_POINT('',(0.75,89.75,1.));
#170 = VECTOR('',#171,1.);
#171 = DIRECTION('',(-0.707106781187,-0.707106781187,-4.807406715959E-16
    ));
#172 = ORIENTED_EDGE('',*,*,#39,.T.);
#173 = ORIENTED_EDGE('',*,*,#174,.F.);
#174 = EDGE_CURVE('',#175,#40,#177,.T.);
#175 = VERTEX_POINT('',#176);
#176 = CARTESIAN_POINT('',(1.,90.,74.));
#177 = LINE('',#178,#179);
#178 = CARTESIAN_POINT('',(0.75,89.75,74.));
#179 = VECTOR('',#180,1.);
#180 = DIRECTION('',(-0.707106781187,-0.707106781187,2.211407089341E-15)
  );
#181 = ORIENTED_EDGE('',*,*,#182,.F.);
#182 = EDGE_CURVE('',#166,#175,#183,.T.);
#183 = LINE('',#184,#185);
#184 = CARTESIAN_POINT('',(1.,90.,0.));
#185 = VECTOR('',#186,1.);
#186 = DIRECTION('',(0.,0.,1.));
#187 = PLANE('',#188);
#188 = AXIS2_PLACEMENT_3D('',#189,#190,#191);
#189 = CARTESIAN_POINT('',(0.5,89.5,0.));
#190 = DIRECTION('',(0.707106781187,-0.707106781187,0.));
#191 = DIRECTION('',(-0.,-0.,-1.));
#192 = ADVANCED_FACE('',(#193),#212,.F.);
#193 = FACE_BOUND('',#194,.F.);
#194 = EDGE_LOOP('',(#195,#203,#210,#211));
#195 = ORIENTED_EDGE('',*,*,#196,.T.);
#196 = EDGE_CURVE('',#56,#197,#199,.T.);
#197 = VERTEX_POINT('',#198);
#198 = CARTESIAN_POINT('',(14.,45.,26.5785));
#199 = LINE('',#200,#201);
#200 = CARTESIAN_POINT('',(-1.E-02,45.,26.5785));
#201 = VECTOR('',#202,1.);
#202 = DIRECTION('',(1.,0.,0.));
#203 = ORIENTED_EDGE('',*,*,#204,.F.);
#204 = EDGE_CURVE('',#197,#197,#205,.T.);
#205 = CIRCLE('',#206,6.5785);
#206 = AXIS2_PLACEMENT_3D('',#207,#208,#209);
#207 = CARTESIAN_POINT('',(14.,45.,20.));
#208 = DIRECTION('',(1.,0.,-0.));
#209 = DIRECTION('',(0.,0.,1.));
#210 = ORIENTED_EDGE('',*,*,#196,.F.);
#211 = ORIENTED_EDGE('',*,*,#55,.T.);
#212 = CYLINDRICAL_SURFACE('',#213,6.5785);
#213 = AXIS2_PLACEMENT_3D('',#214,#215,#216);
#214 = CARTESIAN_POINT('',(-1.E-02,45.,20.));
#215 = DIRECTION('',(1.,0.,0.));
#216 = DIRECTION('',(0.,0.,1.));
#217 = ADVANCED_FACE('',(#218),#228,.T.);
#218 = FACE_BOUND('',#219,.T.);
#219 = EDGE_LOOP('',(#220,#221,#227));
#220 = ORIENTED_EDGE('',*,*,#103,.F.);
#221 = ORIENTED_EDGE('',*,*,#222,.T.);
#222 = EDGE_CURVE('',#104,#82,#223,.T.);
#223 = LINE('',#224,#225);
#224 = CARTESIAN_POINT('',(1.,0.75,0.25));
#225 = VECTOR('',#226,1.);
#226 = DIRECTION('',(0.,-0.707106781187,0.707106781187));
#227 = ORIENTED_EDGE('',*,*,#89,.F.);
#228 = PLANE('',#229);
#229 = AXIS2_PLACEMENT_3D('',#230,#231,#232);
#230 = CARTESIAN_POINT('',(1.,1.,-1.110223024625E-16));
#231 = DIRECTION('',(-0.57735026919,-0.57735026919,-0.57735026919));
#232 = DIRECTION('',(0.707106781187,-0.707106781187,0.));
#233 = ADVANCED_FACE('',(#234),#244,.F.);
#234 = FACE_BOUND('',#235,.F.);
#235 = EDGE_LOOP('',(#236,#237,#243));
#236 = ORIENTED_EDGE('',*,*,#134,.F.);
#237 = ORIENTED_EDGE('',*,*,#238,.T.);
#238 = EDGE_CURVE('',#135,#74,#239,.T.);
#239 = LINE('',#240,#241);
#240 = CARTESIAN_POINT('',(1.,0.75,74.75));
#241 = VECTOR('',#242,1.);
#242 = DIRECTION('',(6.922665670981E-15,-0.707106781187,-0.707106781187)
  );
#243 = ORIENTED_EDGE('',*,*,#73,.F.);
#244 = PLANE('',#245);
#245 = AXIS2_PLACEMENT_3D('',#246,#247,#248);
#246 = CARTESIAN_POINT('',(1.,1.,75.));
#247 = DIRECTION('',(0.57735026919,0.57735026919,-0.57735026919));
#248 = DIRECTION('',(0.707106781187,-0.707106781187,0.));
#249 = ADVANCED_FACE('',(#250,#275,#286,#297),#308,.F.);
#250 = FACE_BOUND('',#251,.F.);
#251 = EDGE_LOOP('',(#252,#253,#261,#269));
#252 = ORIENTED_EDGE('',*,*,#81,.T.);
#253 = ORIENTED_EDGE('',*,*,#254,.T.);
#254 = EDGE_CURVE('',#74,#255,#257,.T.);
#255 = VERTEX_POINT('',#256);
#256 = CARTESIAN_POINT('',(239.,-4.107825191113E-15,74.));
#257 = LINE('',#258,#259);
#258 = CARTESIAN_POINT('',(0.,0.,74.));
#259 = VECTOR('',#260,1.);
#260 = DIRECTION('',(1.,0.,0.));
#261 = ORIENTED_EDGE('',*,*,#262,.F.);
#262 = EDGE_CURVE('',#263,#255,#265,.T.);
#263 = VERTEX_POINT('',#264);
#264 = CARTESIAN_POINT('',(239.,-2.109423746788E-15,1.));
#265 = LINE('',#266,#267);
#266 = CARTESIAN_POINT('',(239.,0.,0.));
#267 = VECTOR('',#268,1.);
#268 = DIRECTION('',(0.,0.,1.));
#269 = ORIENTED_EDGE('',*,*,#270,.F.);
#270 = EDGE_CURVE('',#82,#263,#271,.T.);
#271 = LINE('',#272,#273);
#272 = CARTESIAN_POINT('',(0.,0.,1.));
#273 = VECTOR('',#274,1.);
#274 = DIRECTION('',(1.,0.,0.));
#275 = FACE_BOUND('',#276,.F.);
#276 = EDGE_LOOP('',(#277));
#277 = ORIENTED_EDGE('',*,*,#278,.F.);
#278 = EDGE_CURVE('',#279,#279,#281,.T.);
#279 = VERTEX_POINT('',#280);
#280 = CARTESIAN_POINT('',(75.,0.,25.));
#281 = CIRCLE('',#282,5.);
#282 = AXIS2_PLACEMENT_3D('',#283,#284,#285);
#283 = CARTESIAN_POINT('',(75.,0.,20.));
#284 = DIRECTION('',(0.,1.,0.));
#285 = DIRECTION('',(0.,0.,1.));
#286 = FACE_BOUND('',#287,.F.);
#287 = EDGE_LOOP('',(#288));
#288 = ORIENTED_EDGE('',*,*,#289,.F.);
#289 = EDGE_CURVE('',#290,#290,#292,.T.);
#290 = VERTEX_POINT('',#291);
#291 = CARTESIAN_POINT('',(125.,0.,25.));
#292 = CIRCLE('',#293,5.);
#293 = AXIS2_PLACEMENT_3D('',#294,#295,#296);
#294 = CARTESIAN_POINT('',(125.,0.,20.));
#295 = DIRECTION('',(0.,1.,0.));
#296 = DIRECTION('',(0.,0.,1.));
#297 = FACE_BOUND('',#298,.F.);
#298 = EDGE_LOOP('',(#299));
#299 = ORIENTED_EDGE('',*,*,#300,.F.);
#300 = EDGE_CURVE('',#301,#301,#303,.T.);
#301 = VERTEX_POINT('',#302);
#302 = CARTESIAN_POINT('',(165.,0.,25.));
#303 = CIRCLE('',#304,5.);
#304 = AXIS2_PLACEMENT_3D('',#305,#306,#307);
#305 = CARTESIAN_POINT('',(165.,0.,20.));
#306 = DIRECTION('',(0.,1.,0.));
#307 = DIRECTION('',(0.,0.,1.));
#308 = PLANE('',#309);
#309 = AXIS2_PLACEMENT_3D('',#310,#311,#312);
#310 = CARTESIAN_POINT('',(0.,0.,0.));
#311 = DIRECTION('',(0.,1.,0.));
#312 = DIRECTION('',(0.,0.,1.));
#313 = ADVANCED_FACE('',(#314,#339,#350,#361,#372,#383,#394,#405,#416),
  #427,.F.);
#314 = FACE_BOUND('',#315,.F.);
#315 = EDGE_LOOP('',(#316,#317,#325,#333));
#316 = ORIENTED_EDGE('',*,*,#120,.F.);
#317 = ORIENTED_EDGE('',*,*,#318,.T.);
#318 = EDGE_CURVE('',#104,#319,#321,.T.);
#319 = VERTEX_POINT('',#320);
#320 = CARTESIAN_POINT('',(239.,1.,-2.109423746788E-15));
#321 = LINE('',#322,#323);
#322 = CARTESIAN_POINT('',(0.,1.,0.));
#323 = VECTOR('',#324,1.);
#324 = DIRECTION('',(1.,0.,0.));
#325 = ORIENTED_EDGE('',*,*,#326,.T.);
#326 = EDGE_CURVE('',#319,#327,#329,.T.);
#327 = VERTEX_POINT('',#328);
#328 = CARTESIAN_POINT('',(239.,89.,-4.107825191113E-15));
#329 = LINE('',#330,#331);
#330 = CARTESIAN_POINT('',(239.,0.,0.));
#331 = VECTOR('',#332,1.);
#332 = DIRECTION('',(0.,1.,0.));
#333 = ORIENTED_EDGE('',*,*,#334,.F.);
#334 = EDGE_CURVE('',#113,#327,#335,.T.);
#335 = LINE('',#336,#337);
#336 = CARTESIAN_POINT('',(0.,89.,0.));
#337 = VECTOR('',#338,1.);
#338 = DIRECTION('',(1.,0.,0.));
#339 = FACE_BOUND('',#340,.F.);
#340 = EDGE_LOOP('',(#341));
#341 = ORIENTED_EDGE('',*,*,#342,.F.);
#342 = EDGE_CURVE('',#343,#343,#345,.T.);
#343 = VERTEX_POINT('',#344);
#344 = CARTESIAN_POINT('',(11.,8.,0.));
#345 = CIRCLE('',#346,3.);
#346 = AXIS2_PLACEMENT_3D('',#347,#348,#349);
#347 = CARTESIAN_POINT('',(8.,8.,0.));
#348 = DIRECTION('',(0.,0.,1.));
#349 = DIRECTION('',(1.,0.,0.));
#350 = FACE_BOUND('',#351,.F.);
#351 = EDGE_LOOP('',(#352));
#352 = ORIENTED_EDGE('',*,*,#353,.F.);
#353 = EDGE_CURVE('',#354,#354,#356,.T.);
#354 = VERTEX_POINT('',#355);
#355 = CARTESIAN_POINT('',(34.5,12.,0.));
#356 = CIRCLE('',#357,4.5);
#357 = AXIS2_PLACEMENT_3D('',#358,#359,#360);
#358 = CARTESIAN_POINT('',(30.,12.,0.));
#359 = DIRECTION('',(0.,0.,1.));
#360 = DIRECTION('',(1.,0.,0.));
#361 = FACE_BOUND('',#362,.F.);
#362 = EDGE_LOOP('',(#363));
#363 = ORIENTED_EDGE('',*,*,#364,.F.);
#364 = EDGE_CURVE('',#365,#365,#367,.T.);
#365 = VERTEX_POINT('',#366);
#366 = CARTESIAN_POINT('',(214.5,12.,0.));
#367 = CIRCLE('',#368,4.5);
#368 = AXIS2_PLACEMENT_3D('',#369,#370,#371);
#369 = CARTESIAN_POINT('',(210.,12.,0.));
#370 = DIRECTION('',(0.,0.,1.));
#371 = DIRECTION('',(1.,0.,0.));
#372 = FACE_BOUND('',#373,.F.);
#373 = EDGE_LOOP('',(#374));
#374 = ORIENTED_EDGE('',*,*,#375,.F.);
#375 = EDGE_CURVE('',#376,#376,#378,.T.);
#376 = VERTEX_POINT('',#377);
#377 = CARTESIAN_POINT('',(30.6,45.,0.));
#378 = CIRCLE('',#379,10.6);
#379 = AXIS2_PLACEMENT_3D('',#380,#381,#382);
#380 = CARTESIAN_POINT('',(20.,45.,0.));
#381 = DIRECTION('',(0.,0.,1.));
#382 = DIRECTION('',(1.,0.,0.));
#383 = FACE_BOUND('',#384,.F.);
#384 = EDGE_LOOP('',(#385));
#385 = ORIENTED_EDGE('',*,*,#386,.F.);
#386 = EDGE_CURVE('',#387,#387,#389,.T.);
#387 = VERTEX_POINT('',#388);
#388 = CARTESIAN_POINT('',(34.5,78.,0.));
#389 = CIRCLE('',#390,4.5);
#390 = AXIS2_PLACEMENT_3D('',#391,#392,#393);
#391 = CARTESIAN_POINT('',(30.,78.,0.));
#392 = DIRECTION('',(0.,0.,1.));
#393 = DIRECTION('',(1.,0.,0.));
#394 = FACE_BOUND('',#395,.F.);
#395 = EDGE_LOOP('',(#396));
#396 = ORIENTED_EDGE('',*,*,#397,.F.);
#397 = EDGE_CURVE('',#398,#398,#400,.T.);
#398 = VERTEX_POINT('',#399);
#399 = CARTESIAN_POINT('',(230.6,45.,0.));
#400 = CIRCLE('',#401,10.6);
#401 = AXIS2_PLACEMENT_3D('',#402,#403,#404);
#402 = CARTESIAN_POINT('',(220.,45.,0.));
#403 = DIRECTION('',(0.,0.,1.));
#404 = DIRECTION('',(1.,0.,0.));
#405 = FACE_BOUND('',#406,.F.);
#406 = EDGE_LOOP('',(#407));
#407 = ORIENTED_EDGE('',*,*,#408,.F.);
#408 = EDGE_CURVE('',#409,#409,#411,.T.);
#409 = VERTEX_POINT('',#410);
#410 = CARTESIAN_POINT('',(214.5,78.,0.));
#411 = CIRCLE('',#412,4.5);
#412 = AXIS2_PLACEMENT_3D('',#413,#414,#415);
#413 = CARTESIAN_POINT('',(210.,78.,0.));
#414 = DIRECTION('',(0.,0.,1.));
#415 = DIRECTION('',(1.,0.,0.));
#416 = FACE_BOUND('',#417,.F.);
#417 = EDGE_LOOP('',(#418));
#418 = ORIENTED_EDGE('',*,*,#419,.F.);
#419 = EDGE_CURVE('',#420,#420,#422,.T.);
#420 = VERTEX_POINT('',#421);
#421 = CARTESIAN_POINT('',(235.,82.,0.));
#422 = CIRCLE('',#423,3.);
#423 = AXIS2_PLACEMENT_3D('',#424,#425,#426);
#424 = CARTESIAN_POINT('',(232.,82.,0.));
#425 = DIRECTION('',(0.,0.,1.));
#426 = DIRECTION('',(1.,0.,0.));
#427 = PLANE('',#428);
#428 = AXIS2_PLACEMENT_3D('',#429,#430,#431);
#429 = CARTESIAN_POINT('',(0.,0.,0.));
#430 = DIRECTION('',(0.,0.,1.));
#431 = DIRECTION('',(1.,0.,0.));
#432 = ADVANCED_FACE('',(#433),#443,.T.);
#433 = FACE_BOUND('',#434,.T.);
#434 = EDGE_LOOP('',(#435,#436,#442));
#435 = ORIENTED_EDGE('',*,*,#165,.F.);
#436 = ORIENTED_EDGE('',*,*,#437,.T.);
#437 = EDGE_CURVE('',#166,#113,#438,.T.);
#438 = LINE('',#439,#440);
#439 = CARTESIAN_POINT('',(1.,89.75,0.75));
#440 = VECTOR('',#441,1.);
#441 = DIRECTION('',(-4.807406715959E-16,-0.707106781187,-0.707106781187
    ));
#442 = ORIENTED_EDGE('',*,*,#112,.F.);
#443 = PLANE('',#444);
#444 = AXIS2_PLACEMENT_3D('',#445,#446,#447);
#445 = CARTESIAN_POINT('',(1.,90.,1.));
#446 = DIRECTION('',(-0.57735026919,0.57735026919,-0.57735026919));
#447 = DIRECTION('',(0.707106781187,0.,-0.707106781187));
#448 = ADVANCED_FACE('',(#449,#474,#485,#496,#507,#518,#529,#540,#551,
    #562,#573),#584,.T.);
#449 = FACE_BOUND('',#450,.T.);
#450 = EDGE_LOOP('',(#451,#452,#460,#468));
#451 = ORIENTED_EDGE('',*,*,#151,.F.);
#452 = ORIENTED_EDGE('',*,*,#453,.T.);
#453 = EDGE_CURVE('',#135,#454,#456,.T.);
#454 = VERTEX_POINT('',#455);
#455 = CARTESIAN_POINT('',(239.,1.,75.));
#456 = LINE('',#457,#458);
#457 = CARTESIAN_POINT('',(0.,1.,75.));
#458 = VECTOR('',#459,1.);
#459 = DIRECTION('',(1.,0.,0.));
#460 = ORIENTED_EDGE('',*,*,#461,.T.);
#461 = EDGE_CURVE('',#454,#462,#464,.T.);
#462 = VERTEX_POINT('',#463);
#463 = CARTESIAN_POINT('',(239.,89.,75.));
#464 = LINE('',#465,#466);
#465 = CARTESIAN_POINT('',(239.,0.,75.));
#466 = VECTOR('',#467,1.);
#467 = DIRECTION('',(0.,1.,0.));
#468 = ORIENTED_EDGE('',*,*,#469,.F.);
#469 = EDGE_CURVE('',#144,#462,#470,.T.);
#470 = LINE('',#471,#472);
#471 = CARTESIAN_POINT('',(0.,89.,75.));
#472 = VECTOR('',#473,1.);
#473 = DIRECTION('',(1.,0.,0.));
#474 = FACE_BOUND('',#475,.T.);
#475 = EDGE_LOOP('',(#476));
#476 = ORIENTED_EDGE('',*,*,#477,.F.);
#477 = EDGE_CURVE('',#478,#478,#480,.T.);
#478 = VERTEX_POINT('',#479);
#479 = CARTESIAN_POINT('',(37.,12.,75.));
#480 = CIRCLE('',#481,7.);
#481 = AXIS2_PLACEMENT_3D('',#482,#483,#484);
#482 = CARTESIAN_POINT('',(30.,12.,75.));
#483 = DIRECTION('',(0.,0.,1.));
#484 = DIRECTION('',(1.,0.,0.));
#485 = FACE_BOUND('',#486,.T.);
#486 = EDGE_LOOP('',(#487));
#487 = ORIENTED_EDGE('',*,*,#488,.F.);
#488 = EDGE_CURVE('',#489,#489,#491,.T.);
#489 = VERTEX_POINT('',#490);
#490 = CARTESIAN_POINT('',(217.,12.,75.));
#491 = CIRCLE('',#492,7.);
#492 = AXIS2_PLACEMENT_3D('',#493,#494,#495);
#493 = CARTESIAN_POINT('',(210.,12.,75.));
#494 = DIRECTION('',(0.,0.,1.));
#495 = DIRECTION('',(1.,0.,0.));
#496 = FACE_BOUND('',#497,.T.);
#497 = EDGE_LOOP('',(#498));
#498 = ORIENTED_EDGE('',*,*,#499,.F.);
#499 = EDGE_CURVE('',#500,#500,#502,.T.);
#500 = VERTEX_POINT('',#501);
#501 = CARTESIAN_POINT('',(64.525,45.,75.));
#502 = CIRCLE('',#503,9.525);
#503 = AXIS2_PLACEMENT_3D('',#504,#505,#506);
#504 = CARTESIAN_POINT('',(55.,45.,75.));
#505 = DIRECTION('',(0.,0.,1.));
#506 = DIRECTION('',(1.,0.,0.));
#507 = FACE_BOUND('',#508,.T.);
#508 = EDGE_LOOP('',(#509));
#509 = ORIENTED_EDGE('',*,*,#510,.T.);
#510 = EDGE_CURVE('',#511,#511,#513,.T.);
#511 = VERTEX_POINT('',#512);
#512 = CARTESIAN_POINT('',(71.,45.,75.));
#513 = CIRCLE('',#514,4.);
#514 = AXIS2_PLACEMENT_3D('',#515,#516,#517);
#515 = CARTESIAN_POINT('',(75.,45.,75.));
#516 = DIRECTION('',(0.,0.,-1.));
#517 = DIRECTION('',(-1.,0.,0.));
#518 = FACE_BOUND('',#519,.T.);
#519 = EDGE_LOOP('',(#520));
#520 = ORIENTED_EDGE('',*,*,#521,.F.);
#521 = EDGE_CURVE('',#522,#522,#524,.T.);
#522 = VERTEX_POINT('',#523);
#523 = CARTESIAN_POINT('',(104.525,45.,75.));
#524 = CIRCLE('',#525,9.525);
#525 = AXIS2_PLACEMENT_3D('',#526,#527,#528);
#526 = CARTESIAN_POINT('',(95.,45.,75.));
#527 = DIRECTION('',(0.,0.,1.));
#528 = DIRECTION('',(1.,0.,0.));
#529 = FACE_BOUND('',#530,.T.);
#530 = EDGE_LOOP('',(#531));
#531 = ORIENTED_EDGE('',*,*,#532,.F.);
#532 = EDGE_CURVE('',#533,#533,#535,.T.);
#533 = VERTEX_POINT('',#534);
#534 = CARTESIAN_POINT('',(37.,78.,75.));
#535 = CIRCLE('',#536,7.);
#536 = AXIS2_PLACEMENT_3D('',#537,#538,#539);
#537 = CARTESIAN_POINT('',(30.,78.,75.));
#538 = DIRECTION('',(0.,0.,1.));
#539 = DIRECTION('',(1.,0.,0.));
#540 = FACE_BOUND('',#541,.T.);
#541 = EDGE_LOOP('',(#542));
#542 = ORIENTED_EDGE('',*,*,#543,.F.);
#543 = EDGE_CURVE('',#544,#544,#546,.T.);
#544 = VERTEX_POINT('',#545);
#545 = CARTESIAN_POINT('',(154.525,45.,75.));
#546 = CIRCLE('',#547,9.525);
#547 = AXIS2_PLACEMENT_3D('',#548,#549,#550);
#548 = CARTESIAN_POINT('',(145.,45.,75.));
#549 = DIRECTION('',(0.,0.,1.));
#550 = DIRECTION('',(1.,0.,0.));
#551 = FACE_BOUND('',#552,.T.);
#552 = EDGE_LOOP('',(#553));
#553 = ORIENTED_EDGE('',*,*,#554,.T.);
#554 = EDGE_CURVE('',#555,#555,#557,.T.);
#555 = VERTEX_POINT('',#556);
#556 = CARTESIAN_POINT('',(161.,45.,75.));
#557 = CIRCLE('',#558,4.);
#558 = AXIS2_PLACEMENT_3D('',#559,#560,#561);
#559 = CARTESIAN_POINT('',(165.,45.,75.));
#560 = DIRECTION('',(0.,0.,-1.));
#561 = DIRECTION('',(-1.,0.,0.));
#562 = FACE_BOUND('',#563,.T.);
#563 = EDGE_LOOP('',(#564));
#564 = ORIENTED_EDGE('',*,*,#565,.F.);
#565 = EDGE_CURVE('',#566,#566,#568,.T.);
#566 = VERTEX_POINT('',#567);
#567 = CARTESIAN_POINT('',(194.525,45.,75.));
#568 = CIRCLE('',#569,9.525);
#569 = AXIS2_PLACEMENT_3D('',#570,#571,#572);
#570 = CARTESIAN_POINT('',(185.,45.,75.));
#571 = DIRECTION('',(0.,0.,1.));
#572 = DIRECTION('',(1.,0.,0.));
#573 = FACE_BOUND('',#574,.T.);
#574 = EDGE_LOOP('',(#575));
#575 = ORIENTED_EDGE('',*,*,#576,.F.);
#576 = EDGE_CURVE('',#577,#577,#579,.T.);
#577 = VERTEX_POINT('',#578);
#578 = CARTESIAN_POINT('',(217.,78.,75.));
#579 = CIRCLE('',#580,7.);
#580 = AXIS2_PLACEMENT_3D('',#581,#582,#583);
#581 = CARTESIAN_POINT('',(210.,78.,75.));
#582 = DIRECTION('',(0.,0.,1.));
#583 = DIRECTION('',(1.,0.,0.));
#584 = PLANE('',#585);
#585 = AXIS2_PLACEMENT_3D('',#586,#587,#588);
#586 = CARTESIAN_POINT('',(0.,0.,75.));
#587 = DIRECTION('',(0.,0.,1.));
#588 = DIRECTION('',(1.,0.,0.));
#589 = ADVANCED_FACE('',(#590),#600,.F.);
#590 = FACE_BOUND('',#591,.F.);
#591 = EDGE_LOOP('',(#592,#593,#599));
#592 = ORIENTED_EDGE('',*,*,#174,.F.);
#593 = ORIENTED_EDGE('',*,*,#594,.T.);
#594 = EDGE_CURVE('',#175,#144,#595,.T.);
#595 = LINE('',#596,#597);
#596 = CARTESIAN_POINT('',(1.,89.75,74.25));
#597 = VECTOR('',#598,1.);
#598 = DIRECTION('',(-3.653629104129E-15,-0.707106781187,0.707106781187)
  );
#599 = ORIENTED_EDGE('',*,*,#143,.F.);
#600 = PLANE('',#601);
#601 = AXIS2_PLACEMENT_3D('',#602,#603,#604);
#602 = CARTESIAN_POINT('',(1.,90.,74.));
#603 = DIRECTION('',(0.57735026919,-0.57735026919,-0.57735026919));
#604 = DIRECTION('',(0.707106781187,5.551115123126E-17,0.707106781187));
#605 = ADVANCED_FACE('',(#606,#631,#642,#653,#664),#675,.T.);
#606 = FACE_BOUND('',#607,.T.);
#607 = EDGE_LOOP('',(#608,#609,#617,#625));
#608 = ORIENTED_EDGE('',*,*,#182,.T.);
#609 = ORIENTED_EDGE('',*,*,#610,.T.);
#610 = EDGE_CURVE('',#175,#611,#613,.T.);
#611 = VERTEX_POINT('',#612);
#612 = CARTESIAN_POINT('',(239.,90.,74.));
#613 = LINE('',#614,#615);
#614 = CARTESIAN_POINT('',(0.,90.,74.));
#615 = VECTOR('',#616,1.);
#616 = DIRECTION('',(1.,0.,0.));
#617 = ORIENTED_EDGE('',*,*,#618,.F.);
#618 = EDGE_CURVE('',#619,#611,#621,.T.);
#619 = VERTEX_POINT('',#620);
#620 = CARTESIAN_POINT('',(239.,90.,1.));
#621 = LINE('',#622,#623);
#622 = CARTESIAN_POINT('',(239.,90.,0.));
#623 = VECTOR('',#624,1.);
#624 = DIRECTION('',(0.,0.,1.));
#625 = ORIENTED_EDGE('',*,*,#626,.F.);
#626 = EDGE_CURVE('',#166,#619,#627,.T.);
#627 = LINE('',#628,#629);
#628 = CARTESIAN_POINT('',(0.,90.,1.));
#629 = VECTOR('',#630,1.);
#630 = DIRECTION('',(1.,0.,0.));
#631 = FACE_BOUND('',#632,.T.);
#632 = EDGE_LOOP('',(#633));
#633 = ORIENTED_EDGE('',*,*,#634,.T.);
#634 = EDGE_CURVE('',#635,#635,#637,.T.);
#635 = VERTEX_POINT('',#636);
#636 = CARTESIAN_POINT('',(55.,90.,49.4215));
#637 = CIRCLE('',#638,6.5785);
#638 = AXIS2_PLACEMENT_3D('',#639,#640,#641);
#639 = CARTESIAN_POINT('',(55.,90.,56.));
#640 = DIRECTION('',(0.,-1.,0.));
#641 = DIRECTION('',(0.,0.,-1.));
#642 = FACE_BOUND('',#643,.T.);
#643 = EDGE_LOOP('',(#644));
#644 = ORIENTED_EDGE('',*,*,#645,.T.);
#645 = EDGE_CURVE('',#646,#646,#648,.T.);
#646 = VERTEX_POINT('',#647);
#647 = CARTESIAN_POINT('',(95.,90.,49.4215));
#648 = CIRCLE('',#649,6.5785);
#649 = AXIS2_PLACEMENT_3D('',#650,#651,#652);
#650 = CARTESIAN_POINT('',(95.,90.,56.));
#651 = DIRECTION('',(0.,-1.,0.));
#652 = DIRECTION('',(0.,0.,-1.));
#653 = FACE_BOUND('',#654,.T.);
#654 = EDGE_LOOP('',(#655));
#655 = ORIENTED_EDGE('',*,*,#656,.T.);
#656 = EDGE_CURVE('',#657,#657,#659,.T.);
#657 = VERTEX_POINT('',#658);
#658 = CARTESIAN_POINT('',(145.,90.,49.4215));
#659 = CIRCLE('',#660,6.5785);
#660 = AXIS2_PLACEMENT_3D('',#661,#662,#663);
#661 = CARTESIAN_POINT('',(145.,90.,56.));
#662 = DIRECTION('',(0.,-1.,0.));
#663 = DIRECTION('',(0.,0.,-1.));
#664 = FACE_BOUND('',#665,.T.);
#665 = EDGE_LOOP('',(#666));
#666 = ORIENTED_EDGE('',*,*,#667,.T.);
#667 = EDGE_CURVE('',#668,#668,#670,.T.);
#668 = VERTEX_POINT('',#669);
#669 = CARTESIAN_POINT('',(185.,90.,49.4215));
#670 = CIRCLE('',#671,6.5785);
#671 = AXIS2_PLACEMENT_3D('',#672,#673,#674);
#672 = CARTESIAN_POINT('',(185.,90.,56.));
#673 = DIRECTION('',(0.,-1.,0.));
#674 = DIRECTION('',(0.,0.,-1.));
#675 = PLANE('',#676);
#676 = AXIS2_PLACEMENT_3D('',#677,#678,#679);
#677 = CARTESIAN_POINT('',(0.,90.,0.));
#678 = DIRECTION('',(0.,1.,0.));
#679 = DIRECTION('',(0.,0.,1.));
#680 = ADVANCED_FACE('',(#681,#684),#695,.F.);
#681 = FACE_BOUND('',#682,.F.);
#682 = EDGE_LOOP('',(#683));
#683 = ORIENTED_EDGE('',*,*,#204,.T.);
#684 = FACE_BOUND('',#685,.F.);
#685 = EDGE_LOOP('',(#686));
#686 = ORIENTED_EDGE('',*,*,#687,.F.);
#687 = EDGE_CURVE('',#688,#688,#690,.T.);
#688 = VERTEX_POINT('',#689);
#689 = CARTESIAN_POINT('',(14.,45.,23.));
#690 = CIRCLE('',#691,3.);
#691 = AXIS2_PLACEMENT_3D('',#692,#693,#694);
#692 = CARTESIAN_POINT('',(14.,45.,20.));
#693 = DIRECTION('',(1.,0.,-0.));
#694 = DIRECTION('',(0.,0.,1.));
#695 = PLANE('',#696);
#696 = AXIS2_PLACEMENT_3D('',#697,#698,#699);
#697 = CARTESIAN_POINT('',(14.,45.,20.));
#698 = DIRECTION('',(1.,0.,0.));
#699 = DIRECTION('',(0.,0.,1.));
#700 = ADVANCED_FACE('',(#701),#712,.T.);
#701 = FACE_BOUND('',#702,.F.);
#702 = EDGE_LOOP('',(#703,#704,#705,#711));
#703 = ORIENTED_EDGE('',*,*,#222,.T.);
#704 = ORIENTED_EDGE('',*,*,#270,.T.);
#705 = ORIENTED_EDGE('',*,*,#706,.T.);
#706 = EDGE_CURVE('',#263,#319,#707,.T.);
#707 = LINE('',#708,#709);
#708 = CARTESIAN_POINT('',(239.,0.5,0.5));
#709 = VECTOR('',#710,1.);
#710 = DIRECTION('',(0.,0.707106781187,-0.707106781187));
#711 = ORIENTED_EDGE('',*,*,#318,.F.);
#712 = PLANE('',#713);
#713 = AXIS2_PLACEMENT_3D('',#714,#715,#716);
#714 = CARTESIAN_POINT('',(0.,0.5,0.5));
#715 = DIRECTION('',(0.,-0.707106781187,-0.707106781187));
#716 = DIRECTION('',(-1.,-0.,-0.));
#717 = ADVANCED_FACE('',(#718),#729,.F.);
#718 = FACE_BOUND('',#719,.T.);
#719 = EDGE_LOOP('',(#720,#721,#722,#728));
#720 = ORIENTED_EDGE('',*,*,#238,.T.);
#721 = ORIENTED_EDGE('',*,*,#254,.T.);
#722 = ORIENTED_EDGE('',*,*,#723,.F.);
#723 = EDGE_CURVE('',#454,#255,#724,.T.);
#724 = LINE('',#725,#726);
#725 = CARTESIAN_POINT('',(239.,0.75,74.75));
#726 = VECTOR('',#727,1.);
#727 = DIRECTION('',(-1.346073880468E-15,-0.707106781187,-0.707106781187
    ));
#728 = ORIENTED_EDGE('',*,*,#453,.F.);
#729 = PLANE('',#730);
#730 = AXIS2_PLACEMENT_3D('',#731,#732,#733);
#731 = CARTESIAN_POINT('',(0.,0.5,74.5));
#732 = DIRECTION('',(0.,0.707106781187,-0.707106781187));
#733 = DIRECTION('',(-1.,0.,0.));
#734 = ADVANCED_FACE('',(#735),#760,.F.);
#735 = FACE_BOUND('',#736,.F.);
#736 = EDGE_LOOP('',(#737,#745,#746,#754));
#737 = ORIENTED_EDGE('',*,*,#738,.T.);
#738 = EDGE_CURVE('',#739,#263,#741,.T.);
#739 = VERTEX_POINT('',#740);
#740 = CARTESIAN_POINT('',(240.,1.,1.));
#741 = LINE('',#742,#743);
#742 = CARTESIAN_POINT('',(239.75,0.75,1.));
#743 = VECTOR('',#744,1.);
#744 = DIRECTION('',(-0.707106781187,-0.707106781187,-7.211110073938E-15
    ));
#745 = ORIENTED_EDGE('',*,*,#262,.T.);
#746 = ORIENTED_EDGE('',*,*,#747,.T.);
#747 = EDGE_CURVE('',#255,#748,#750,.T.);
#748 = VERTEX_POINT('',#749);
#749 = CARTESIAN_POINT('',(240.,1.,74.));
#750 = LINE('',#751,#752);
#751 = CARTESIAN_POINT('',(239.5,0.5,74.));
#752 = VECTOR('',#753,1.);
#753 = DIRECTION('',(0.707106781187,0.707106781187,-5.768888059151E-15)
  );
#754 = ORIENTED_EDGE('',*,*,#755,.F.);
#755 = EDGE_CURVE('',#739,#748,#756,.T.);
#756 = LINE('',#757,#758);
#757 = CARTESIAN_POINT('',(240.,1.,0.));
#758 = VECTOR('',#759,1.);
#759 = DIRECTION('',(0.,0.,1.));
#760 = PLANE('',#761);
#761 = AXIS2_PLACEMENT_3D('',#762,#763,#764);
#762 = CARTESIAN_POINT('',(239.5,0.5,0.));
#763 = DIRECTION('',(-0.707106781187,0.707106781187,0.));
#764 = DIRECTION('',(0.,0.,1.));
#765 = ADVANCED_FACE('',(#766),#785,.F.);
#766 = FACE_BOUND('',#767,.F.);
#767 = EDGE_LOOP('',(#768,#776,#783,#784));
#768 = ORIENTED_EDGE('',*,*,#769,.T.);
#769 = EDGE_CURVE('',#279,#770,#772,.T.);
#770 = VERTEX_POINT('',#771);
#771 = CARTESIAN_POINT('',(75.,12.,25.));
#772 = LINE('',#773,#774);
#773 = CARTESIAN_POINT('',(75.,-1.E-02,25.));
#774 = VECTOR('',#775,1.);
#775 = DIRECTION('',(0.,1.,0.));
#776 = ORIENTED_EDGE('',*,*,#777,.F.);
#777 = EDGE_CURVE('',#770,#770,#778,.T.);
#778 = CIRCLE('',#779,5.);
#779 = AXIS2_PLACEMENT_3D('',#780,#781,#782);
#780 = CARTESIAN_POINT('',(75.,12.,20.));
#781 = DIRECTION('',(0.,1.,0.));
#782 = DIRECTION('',(0.,0.,1.));
#783 = ORIENTED_EDGE('',*,*,#769,.F.);
#784 = ORIENTED_EDGE('',*,*,#278,.T.);
#785 = CYLINDRICAL_SURFACE('',#786,5.);
#786 = AXIS2_PLACEMENT_3D('',#787,#788,#789);
#787 = CARTESIAN_POINT('',(75.,-1.E-02,20.));
#788 = DIRECTION('',(0.,1.,0.));
#789 = DIRECTION('',(0.,0.,1.));
#790 = ADVANCED_FACE('',(#791),#810,.F.);
#791 = FACE_BOUND('',#792,.F.);
#792 = EDGE_LOOP('',(#793,#801,#808,#809));
#793 = ORIENTED_EDGE('',*,*,#794,.T.);
#794 = EDGE_CURVE('',#290,#795,#797,.T.);
#795 = VERTEX_POINT('',#796);
#796 = CARTESIAN_POINT('',(125.,14.,25.));
#797 = LINE('',#798,#799);
#798 = CARTESIAN_POINT('',(125.,-1.E-02,25.));
#799 = VECTOR('',#800,1.);
#800 = DIRECTION('',(0.,1.,0.));
#801 = ORIENTED_EDGE('',*,*,#802,.F.);
#802 = EDGE_CURVE('',#795,#795,#803,.T.);
#803 = CIRCLE('',#804,5.);
#804 = AXIS2_PLACEMENT_3D('',#805,#806,#807);
#805 = CARTESIAN_POINT('',(125.,14.,20.));
#806 = DIRECTION('',(0.,1.,0.));
#807 = DIRECTION('',(0.,0.,1.));
#808 = ORIENTED_EDGE('',*,*,#794,.F.);
#809 = ORIENTED_EDGE('',*,*,#289,.T.);
#810 = CYLINDRICAL_SURFACE('',#811,5.);
#811 = AXIS2_PLACEMENT_3D('',#812,#813,#814);
#812 = CARTESIAN_POINT('',(125.,-1.E-02,20.));
#813 = DIRECTION('',(0.,1.,0.));
#814 = DIRECTION('',(0.,0.,1.));
#815 = ADVANCED_FACE('',(#816),#835,.F.);
#816 = FACE_BOUND('',#817,.F.);
#817 = EDGE_LOOP('',(#818,#826,#833,#834));
#818 = ORIENTED_EDGE('',*,*,#819,.T.);
#819 = EDGE_CURVE('',#301,#820,#822,.T.);
#820 = VERTEX_POINT('',#821);
#821 = CARTESIAN_POINT('',(165.,12.,25.));
#822 = LINE('',#823,#824);
#823 = CARTESIAN_POINT('',(165.,-1.E-02,25.));
#824 = VECTOR('',#825,1.);
#825 = DIRECTION('',(0.,1.,0.));
#826 = ORIENTED_EDGE('',*,*,#827,.F.);
#827 = EDGE_CURVE('',#820,#820,#828,.T.);
#828 = CIRCLE('',#829,5.);
#829 = AXIS2_PLACEMENT_3D('',#830,#831,#832);
#830 = CARTESIAN_POINT('',(165.,12.,20.));
#831 = DIRECTION('',(0.,1.,0.));
#832 = DIRECTION('',(0.,0.,1.));
#833 = ORIENTED_EDGE('',*,*,#819,.F.);
#834 = ORIENTED_EDGE('',*,*,#300,.T.);
#835 = CYLINDRICAL_SURFACE('',#836,5.);
#836 = AXIS2_PLACEMENT_3D('',#837,#838,#839);
#837 = CARTESIAN_POINT('',(165.,-1.E-02,20.));
#838 = DIRECTION('',(0.,1.,0.));
#839 = DIRECTION('',(0.,0.,1.));
#840 = ADVANCED_FACE('',(#841),#852,.F.);
#841 = FACE_BOUND('',#842,.F.);
#842 = EDGE_LOOP('',(#843,#844,#845,#851));
#843 = ORIENTED_EDGE('',*,*,#437,.T.);
#844 = ORIENTED_EDGE('',*,*,#334,.T.);
#845 = ORIENTED_EDGE('',*,*,#846,.T.);
#846 = EDGE_CURVE('',#327,#619,#847,.T.);
#847 = LINE('',#848,#849);
#848 = CARTESIAN_POINT('',(239.,89.5,0.5));
#849 = VECTOR('',#850,1.);
#850 = DIRECTION('',(-2.211407089341E-15,0.707106781187,0.707106781187)
  );
#851 = ORIENTED_EDGE('',*,*,#626,.F.);
#852 = PLANE('',#853);
#853 = AXIS2_PLACEMENT_3D('',#854,#855,#856);
#854 = CARTESIAN_POINT('',(0.,89.5,0.5));
#855 = DIRECTION('',(0.,-0.707106781187,0.707106781187));
#856 = DIRECTION('',(1.,0.,0.));
#857 = ADVANCED_FACE('',(#858),#881,.F.);
#858 = FACE_BOUND('',#859,.T.);
#859 = EDGE_LOOP('',(#860,#866,#867,#875));
#860 = ORIENTED_EDGE('',*,*,#861,.T.);
#861 = EDGE_CURVE('',#739,#319,#862,.T.);
#862 = LINE('',#863,#864);
#863 = CARTESIAN_POINT('',(239.75,1.,0.75));
#864 = VECTOR('',#865,1.);
#865 = DIRECTION('',(-0.707106781187,-7.211110073938E-15,-0.707106781187
    ));
#866 = ORIENTED_EDGE('',*,*,#326,.T.);
#867 = ORIENTED_EDGE('',*,*,#868,.F.);
#868 = EDGE_CURVE('',#869,#327,#871,.T.);
#869 = VERTEX_POINT('',#870);
#870 = CARTESIAN_POINT('',(240.,89.,1.));
#871 = LINE('',#872,#873);
#872 = CARTESIAN_POINT('',(239.75,89.,0.75));
#873 = VECTOR('',#874,1.);
#874 = DIRECTION('',(-0.707106781187,5.672739924832E-15,-0.707106781187)
  );
#875 = ORIENTED_EDGE('',*,*,#876,.F.);
#876 = EDGE_CURVE('',#739,#869,#877,.T.);
#877 = LINE('',#878,#879);
#878 = CARTESIAN_POINT('',(240.,0.,1.));
#879 = VECTOR('',#880,1.);
#880 = DIRECTION('',(0.,1.,0.));
#881 = PLANE('',#882);
#882 = AXIS2_PLACEMENT_3D('',#883,#884,#885);
#883 = CARTESIAN_POINT('',(239.5,0.,0.5));
#884 = DIRECTION('',(-0.707106781187,0.,0.707106781187));
#885 = DIRECTION('',(0.,-1.,0.));
#886 = ADVANCED_FACE('',(#887),#906,.F.);
#887 = FACE_BOUND('',#888,.F.);
#888 = EDGE_LOOP('',(#889,#897,#904,#905));
#889 = ORIENTED_EDGE('',*,*,#890,.T.);
#890 = EDGE_CURVE('',#343,#891,#893,.T.);
#891 = VERTEX_POINT('',#892);
#892 = CARTESIAN_POINT('',(11.,8.,10.));
#893 = LINE('',#894,#895);
#894 = CARTESIAN_POINT('',(11.,8.,-1.E-02));
#895 = VECTOR('',#896,1.);
#896 = DIRECTION('',(0.,0.,1.));
#897 = ORIENTED_EDGE('',*,*,#898,.F.);
#898 = EDGE_CURVE('',#891,#891,#899,.T.);
#899 = CIRCLE('',#900,3.);
#900 = AXIS2_PLACEMENT_3D('',#901,#902,#903);
#901 = CARTESIAN_POINT('',(8.,8.,10.));
#902 = DIRECTION('',(0.,0.,1.));
#903 = DIRECTION('',(1.,0.,0.));
#904 = ORIENTED_EDGE('',*,*,#890,.F.);
#905 = ORIENTED_EDGE('',*,*,#342,.T.);
#906 = CYLINDRICAL_SURFACE('',#907,3.);
#907 = AXIS2_PLACEMENT_3D('',#908,#909,#910);
#908 = CARTESIAN_POINT('',(8.,8.,-1.E-02));
#909 = DIRECTION('',(0.,0.,1.));
#910 = DIRECTION('',(1.,0.,0.));
#911 = ADVANCED_FACE('',(#912),#931,.F.);
#912 = FACE_BOUND('',#913,.F.);
#913 = EDGE_LOOP('',(#914,#923,#929,#930));
#914 = ORIENTED_EDGE('',*,*,#915,.F.);
#915 = EDGE_CURVE('',#916,#916,#918,.T.);
#916 = VERTEX_POINT('',#917);
#917 = CARTESIAN_POINT('',(34.5,12.,66.));
#918 = CIRCLE('',#919,4.5);
#919 = AXIS2_PLACEMENT_3D('',#920,#921,#922);
#920 = CARTESIAN_POINT('',(30.,12.,66.));
#921 = DIRECTION('',(0.,0.,1.));
#922 = DIRECTION('',(1.,0.,0.));
#923 = ORIENTED_EDGE('',*,*,#924,.F.);
#924 = EDGE_CURVE('',#354,#916,#925,.T.);
#925 = LINE('',#926,#927);
#926 = CARTESIAN_POINT('',(34.5,12.,-1.E-02));
#927 = VECTOR('',#928,1.);
#928 = DIRECTION('',(0.,0.,1.));
#929 = ORIENTED_EDGE('',*,*,#353,.T.);
#930 = ORIENTED_EDGE('',*,*,#924,.T.);
#931 = CYLINDRICAL_SURFACE('',#932,4.5);
#932 = AXIS2_PLACEMENT_3D('',#933,#934,#935);
#933 = CARTESIAN_POINT('',(30.,12.,-1.E-02));
#934 = DIRECTION('',(0.,0.,1.));
#935 = DIRECTION('',(1.,0.,0.));
#936 = ADVANCED_FACE('',(#937),#956,.F.);
#937 = FACE_BOUND('',#938,.F.);
#938 = EDGE_LOOP('',(#939,#948,#954,#955));
#939 = ORIENTED_EDGE('',*,*,#940,.F.);
#940 = EDGE_CURVE('',#941,#941,#943,.T.);
#941 = VERTEX_POINT('',#942);
#942 = CARTESIAN_POINT('',(214.5,12.,66.));
#943 = CIRCLE('',#944,4.5);
#944 = AXIS2_PLACEMENT_3D('',#945,#946,#947);
#945 = CARTESIAN_POINT('',(210.,12.,66.));
#946 = DIRECTION('',(0.,0.,1.));
#947 = DIRECTION('',(1.,0.,0.));
#948 = ORIENTED_EDGE('',*,*,#949,.F.);
#949 = EDGE_CURVE('',#365,#941,#950,.T.);
#950 = LINE('',#951,#952);
#951 = CARTESIAN_POINT('',(214.5,12.,-1.E-02));
#952 = VECTOR('',#953,1.);
#953 = DIRECTION('',(0.,0.,1.));
#954 = ORIENTED_EDGE('',*,*,#364,.T.);
#955 = ORIENTED_EDGE('',*,*,#949,.T.);
#956 = CYLINDRICAL_SURFACE('',#957,4.5);
#957 = AXIS2_PLACEMENT_3D('',#958,#959,#960);
#958 = CARTESIAN_POINT('',(210.,12.,-1.E-02));
#959 = DIRECTION('',(0.,0.,1.));
#960 = DIRECTION('',(1.,0.,0.));
#961 = ADVANCED_FACE('',(#962),#981,.F.);
#962 = FACE_BOUND('',#963,.F.);
#963 = EDGE_LOOP('',(#964,#972,#979,#980));
#964 = ORIENTED_EDGE('',*,*,#965,.T.);
#965 = EDGE_CURVE('',#376,#966,#968,.T.);
#966 = VERTEX_POINT('',#967);
#967 = CARTESIAN_POINT('',(30.6,45.,2.));
#968 = LINE('',#969,#970);
#969 = CARTESIAN_POINT('',(30.6,45.,-1.E-02));
#970 = VECTOR('',#971,1.);
#971 = DIRECTION('',(0.,0.,1.));
#972 = ORIENTED_EDGE('',*,*,#973,.F.);
#973 = EDGE_CURVE('',#966,#966,#974,.T.);
#974 = CIRCLE('',#975,10.6);
#975 = AXIS2_PLACEMENT_3D('',#976,#977,#978);
#976 = CARTESIAN_POINT('',(20.,45.,2.));
#977 = DIRECTION('',(0.,0.,1.));
#978 = DIRECTION('',(1.,0.,0.));
#979 = ORIENTED_EDGE('',*,*,#965,.F.);
#980 = ORIENTED_EDGE('',*,*,#375,.T.);
#981 = CYLINDRICAL_SURFACE('',#982,10.6);
#982 = AXIS2_PLACEMENT_3D('',#983,#984,#985);
#983 = CARTESIAN_POINT('',(20.,45.,-1.E-02));
#984 = DIRECTION('',(0.,0.,1.));
#985 = DIRECTION('',(1.,0.,0.));
#986 = ADVANCED_FACE('',(#987),#1006,.F.);
#987 = FACE_BOUND('',#988,.F.);
#988 = EDGE_LOOP('',(#989,#998,#1004,#1005));
#989 = ORIENTED_EDGE('',*,*,#990,.F.);
#990 = EDGE_CURVE('',#991,#991,#993,.T.);
#991 = VERTEX_POINT('',#992);
#992 = CARTESIAN_POINT('',(34.5,78.,66.));
#993 = CIRCLE('',#994,4.5);
#994 = AXIS2_PLACEMENT_3D('',#995,#996,#997);
#995 = CARTESIAN_POINT('',(30.,78.,66.));
#996 = DIRECTION('',(0.,0.,1.));
#997 = DIRECTION('',(1.,0.,0.));
#998 = ORIENTED_EDGE('',*,*,#999,.F.);
#999 = EDGE_CURVE('',#387,#991,#1000,.T.);
#1000 = LINE('',#1001,#1002);
#1001 = CARTESIAN_POINT('',(34.5,78.,-1.E-02));
#1002 = VECTOR('',#1003,1.);
#1003 = DIRECTION('',(0.,0.,1.));
#1004 = ORIENTED_EDGE('',*,*,#386,.T.);
#1005 = ORIENTED_EDGE('',*,*,#999,.T.);
#1006 = CYLINDRICAL_SURFACE('',#1007,4.5);
#1007 = AXIS2_PLACEMENT_3D('',#1008,#1009,#1010);
#1008 = CARTESIAN_POINT('',(30.,78.,-1.E-02));
#1009 = DIRECTION('',(0.,0.,1.));
#1010 = DIRECTION('',(1.,0.,0.));
#1011 = ADVANCED_FACE('',(#1012),#1031,.F.);
#1012 = FACE_BOUND('',#1013,.F.);
#1013 = EDGE_LOOP('',(#1014,#1022,#1029,#1030));
#1014 = ORIENTED_EDGE('',*,*,#1015,.T.);
#1015 = EDGE_CURVE('',#398,#1016,#1018,.T.);
#1016 = VERTEX_POINT('',#1017);
#1017 = CARTESIAN_POINT('',(230.6,45.,2.));
#1018 = LINE('',#1019,#1020);
#1019 = CARTESIAN_POINT('',(230.6,45.,-1.E-02));
#1020 = VECTOR('',#1021,1.);
#1021 = DIRECTION('',(0.,0.,1.));
#1022 = ORIENTED_EDGE('',*,*,#1023,.F.);
#1023 = EDGE_CURVE('',#1016,#1016,#1024,.T.);
#1024 = CIRCLE('',#1025,10.6);
#1025 = AXIS2_PLACEMENT_3D('',#1026,#1027,#1028);
#1026 = CARTESIAN_POINT('',(220.,45.,2.));
#1027 = DIRECTION('',(0.,0.,1.));
#1028 = DIRECTION('',(1.,0.,0.));
#1029 = ORIENTED_EDGE('',*,*,#1015,.F.);
#1030 = ORIENTED_EDGE('',*,*,#397,.T.);
#1031 = CYLINDRICAL_SURFACE('',#1032,10.6);
#1032 = AXIS2_PLACEMENT_3D('',#1033,#1034,#1035);
#1033 = CARTESIAN_POINT('',(220.,45.,-1.E-02));
#1034 = DIRECTION('',(0.,0.,1.));
#1035 = DIRECTION('',(1.,0.,0.));
#1036 = ADVANCED_FACE('',(#1037),#1056,.F.);
#1037 = FACE_BOUND('',#1038,.F.);
#1038 = EDGE_LOOP('',(#1039,#1048,#1054,#1055));
#1039 = ORIENTED_EDGE('',*,*,#1040,.F.);
#1040 = EDGE_CURVE('',#1041,#1041,#1043,.T.);
#1041 = VERTEX_POINT('',#1042);
#1042 = CARTESIAN_POINT('',(214.5,78.,66.));
#1043 = CIRCLE('',#1044,4.5);
#1044 = AXIS2_PLACEMENT_3D('',#1045,#1046,#1047);
#1045 = CARTESIAN_POINT('',(210.,78.,66.));
#1046 = DIRECTION('',(0.,0.,1.));
#1047 = DIRECTION('',(1.,0.,0.));
#1048 = ORIENTED_EDGE('',*,*,#1049,.F.);
#1049 = EDGE_CURVE('',#409,#1041,#1050,.T.);
#1050 = LINE('',#1051,#1052);
#1051 = CARTESIAN_POINT('',(214.5,78.,-1.E-02));
#1052 = VECTOR('',#1053,1.);
#1053 = DIRECTION('',(0.,0.,1.));
#1054 = ORIENTED_EDGE('',*,*,#408,.T.);
#1055 = ORIENTED_EDGE('',*,*,#1049,.T.);
#1056 = CYLINDRICAL_SURFACE('',#1057,4.5);
#1057 = AXIS2_PLACEMENT_3D('',#1058,#1059,#1060);
#1058 = CARTESIAN_POINT('',(210.,78.,-1.E-02));
#1059 = DIRECTION('',(0.,0.,1.));
#1060 = DIRECTION('',(1.,0.,0.));
#1061 = ADVANCED_FACE('',(#1062),#1081,.F.);
#1062 = FACE_BOUND('',#1063,.F.);
#1063 = EDGE_LOOP('',(#1064,#1072,#1079,#1080));
#1064 = ORIENTED_EDGE('',*,*,#1065,.T.);
#1065 = EDGE_CURVE('',#420,#1066,#1068,.T.);
#1066 = VERTEX_POINT('',#1067);
#1067 = CARTESIAN_POINT('',(235.,82.,10.));
#1068 = LINE('',#1069,#1070);
#1069 = CARTESIAN_POINT('',(235.,82.,-1.E-02));
#1070 = VECTOR('',#1071,1.);
#1071 = DIRECTION('',(0.,0.,1.));
#1072 = ORIENTED_EDGE('',*,*,#1073,.F.);
#1073 = EDGE_CURVE('',#1066,#1066,#1074,.T.);
#1074 = CIRCLE('',#1075,3.);
#1075 = AXIS2_PLACEMENT_3D('',#1076,#1077,#1078);
#1076 = CARTESIAN_POINT('',(232.,82.,10.));
#1077 = DIRECTION('',(0.,0.,1.));
#1078 = DIRECTION('',(1.,0.,0.));
#1079 = ORIENTED_EDGE('',*,*,#1065,.F.);
#1080 = ORIENTED_EDGE('',*,*,#419,.T.);
#1081 = CYLINDRICAL_SURFACE('',#1082,3.);
#1082 = AXIS2_PLACEMENT_3D('',#1083,#1084,#1085);
#1083 = CARTESIAN_POINT('',(232.,82.,-1.E-02));
#1084 = DIRECTION('',(0.,0.,1.));
#1085 = DIRECTION('',(1.,0.,0.));
#1086 = ADVANCED_FACE('',(#1087),#1098,.T.);
#1087 = FACE_BOUND('',#1088,.T.);
#1088 = EDGE_LOOP('',(#1089,#1090,#1091,#1097));
#1089 = ORIENTED_EDGE('',*,*,#594,.T.);
#1090 = ORIENTED_EDGE('',*,*,#469,.T.);
#1091 = ORIENTED_EDGE('',*,*,#1092,.T.);
#1092 = EDGE_CURVE('',#462,#611,#1093,.T.);
#1093 = LINE('',#1094,#1095);
#1094 = CARTESIAN_POINT('',(239.,89.5,74.5));
#1095 = VECTOR('',#1096,1.);
#1096 = DIRECTION('',(0.,0.707106781187,-0.707106781187));
#1097 = ORIENTED_EDGE('',*,*,#610,.F.);
#1098 = PLANE('',#1099);
#1099 = AXIS2_PLACEMENT_3D('',#1100,#1101,#1102);
#1100 = CARTESIAN_POINT('',(0.,89.5,74.5));
#1101 = DIRECTION('',(0.,0.707106781187,0.707106781187));
#1102 = DIRECTION('',(1.,0.,0.));
#1103 = ADVANCED_FACE('',(#1104),#1127,.T.);
#1104 = FACE_BOUND('',#1105,.F.);
#1105 = EDGE_LOOP('',(#1106,#1112,#1113,#1121));
#1106 = ORIENTED_EDGE('',*,*,#1107,.F.);
#1107 = EDGE_CURVE('',#454,#748,#1108,.T.);
#1108 = LINE('',#1109,#1110);
#1109 = CARTESIAN_POINT('',(239.25,1.,74.75));
#1110 = VECTOR('',#1111,1.);
#1111 = DIRECTION('',(0.707106781187,7.114961939619E-15,-0.707106781187)
  );
#1112 = ORIENTED_EDGE('',*,*,#461,.T.);
#1113 = ORIENTED_EDGE('',*,*,#1114,.F.);
#1114 = EDGE_CURVE('',#1115,#462,#1117,.T.);
#1115 = VERTEX_POINT('',#1116);
#1116 = CARTESIAN_POINT('',(240.,89.,74.));
#1117 = LINE('',#1118,#1119);
#1118 = CARTESIAN_POINT('',(239.75,89.,74.25));
#1119 = VECTOR('',#1120,1.);
#1120 = DIRECTION('',(-0.707106781187,0.,0.707106781187));
#1121 = ORIENTED_EDGE('',*,*,#1122,.F.);
#1122 = EDGE_CURVE('',#748,#1115,#1123,.T.);
#1123 = LINE('',#1124,#1125);
#1124 = CARTESIAN_POINT('',(240.,0.,74.));
#1125 = VECTOR('',#1126,1.);
#1126 = DIRECTION('',(0.,1.,0.));
#1127 = PLANE('',#1128);
#1128 = AXIS2_PLACEMENT_3D('',#1129,#1130,#1131);
#1129 = CARTESIAN_POINT('',(239.5,0.,74.5));
#1130 = DIRECTION('',(0.707106781187,0.,0.707106781187));
#1131 = DIRECTION('',(0.,-1.,0.));
#1132 = ADVANCED_FACE('',(#1133),#1152,.F.);
#1133 = FACE_BOUND('',#1134,.F.);
#1134 = EDGE_LOOP('',(#1135,#1136,#1144,#1151));
#1135 = ORIENTED_EDGE('',*,*,#477,.F.);
#1136 = ORIENTED_EDGE('',*,*,#1137,.F.);
#1137 = EDGE_CURVE('',#1138,#478,#1140,.T.);
#1138 = VERTEX_POINT('',#1139);
#1139 = CARTESIAN_POINT('',(37.,12.,66.));
#1140 = LINE('',#1141,#1142);
#1141 = CARTESIAN_POINT('',(37.,12.,66.));
#1142 = VECTOR('',#1143,1.);
#1143 = DIRECTION('',(0.,0.,1.));
#1144 = ORIENTED_EDGE('',*,*,#1145,.T.);
#1145 = EDGE_CURVE('',#1138,#1138,#1146,.T.);
#1146 = CIRCLE('',#1147,7.);
#1147 = AXIS2_PLACEMENT_3D('',#1148,#1149,#1150);
#1148 = CARTESIAN_POINT('',(30.,12.,66.));
#1149 = DIRECTION('',(0.,0.,1.));
#1150 = DIRECTION('',(1.,0.,0.));
#1151 = ORIENTED_EDGE('',*,*,#1137,.T.);
#1152 = CYLINDRICAL_SURFACE('',#1153,7.);
#1153 = AXIS2_PLACEMENT_3D('',#1154,#1155,#1156);
#1154 = CARTESIAN_POINT('',(30.,12.,66.));
#1155 = DIRECTION('',(0.,0.,1.));
#1156 = DIRECTION('',(1.,0.,0.));
#1157 = ADVANCED_FACE('',(#1158),#1177,.F.);
#1158 = FACE_BOUND('',#1159,.F.);
#1159 = EDGE_LOOP('',(#1160,#1161,#1169,#1176));
#1160 = ORIENTED_EDGE('',*,*,#488,.F.);
#1161 = ORIENTED_EDGE('',*,*,#1162,.F.);
#1162 = EDGE_CURVE('',#1163,#489,#1165,.T.);
#1163 = VERTEX_POINT('',#1164);
#1164 = CARTESIAN_POINT('',(217.,12.,66.));
#1165 = LINE('',#1166,#1167);
#1166 = CARTESIAN_POINT('',(217.,12.,66.));
#1167 = VECTOR('',#1168,1.);
#1168 = DIRECTION('',(0.,0.,1.));
#1169 = ORIENTED_EDGE('',*,*,#1170,.T.);
#1170 = EDGE_CURVE('',#1163,#1163,#1171,.T.);
#1171 = CIRCLE('',#1172,7.);
#1172 = AXIS2_PLACEMENT_3D('',#1173,#1174,#1175);
#1173 = CARTESIAN_POINT('',(210.,12.,66.));
#1174 = DIRECTION('',(0.,0.,1.));
#1175 = DIRECTION('',(1.,0.,0.));
#1176 = ORIENTED_EDGE('',*,*,#1162,.T.);
#1177 = CYLINDRICAL_SURFACE('',#1178,7.);
#1178 = AXIS2_PLACEMENT_3D('',#1179,#1180,#1181);
#1179 = CARTESIAN_POINT('',(210.,12.,66.));
#1180 = DIRECTION('',(0.,0.,1.));
#1181 = DIRECTION('',(1.,0.,0.));
#1182 = ADVANCED_FACE('',(#1183),#1202,.F.);
#1183 = FACE_BOUND('',#1184,.F.);
#1184 = EDGE_LOOP('',(#1185,#1186,#1194,#1201));
#1185 = ORIENTED_EDGE('',*,*,#499,.F.);
#1186 = ORIENTED_EDGE('',*,*,#1187,.F.);
#1187 = EDGE_CURVE('',#1188,#500,#1190,.T.);
#1188 = VERTEX_POINT('',#1189);
#1189 = CARTESIAN_POINT('',(64.525,45.,61.));
#1190 = LINE('',#1191,#1192);
#1191 = CARTESIAN_POINT('',(64.525,45.,61.));
#1192 = VECTOR('',#1193,1.);
#1193 = DIRECTION('',(0.,0.,1.));
#1194 = ORIENTED_EDGE('',*,*,#1195,.T.);
#1195 = EDGE_CURVE('',#1188,#1188,#1196,.T.);
#1196 = CIRCLE('',#1197,9.525);
#1197 = AXIS2_PLACEMENT_3D('',#1198,#1199,#1200);
#1198 = CARTESIAN_POINT('',(55.,45.,61.));
#1199 = DIRECTION('',(0.,0.,1.));
#1200 = DIRECTION('',(1.,0.,0.));
#1201 = ORIENTED_EDGE('',*,*,#1187,.T.);
#1202 = CYLINDRICAL_SURFACE('',#1203,9.525);
#1203 = AXIS2_PLACEMENT_3D('',#1204,#1205,#1206);
#1204 = CARTESIAN_POINT('',(55.,45.,61.));
#1205 = DIRECTION('',(0.,0.,1.));
#1206 = DIRECTION('',(1.,0.,0.));
#1207 = ADVANCED_FACE('',(#1208),#1227,.F.);
#1208 = FACE_BOUND('',#1209,.F.);
#1209 = EDGE_LOOP('',(#1210,#1218,#1225,#1226));
#1210 = ORIENTED_EDGE('',*,*,#1211,.T.);
#1211 = EDGE_CURVE('',#511,#1212,#1214,.T.);
#1212 = VERTEX_POINT('',#1213);
#1213 = CARTESIAN_POINT('',(71.,45.,65.));
#1214 = LINE('',#1215,#1216);
#1215 = CARTESIAN_POINT('',(71.,45.,75.01));
#1216 = VECTOR('',#1217,1.);
#1217 = DIRECTION('',(0.,0.,-1.));
#1218 = ORIENTED_EDGE('',*,*,#1219,.F.);
#1219 = EDGE_CURVE('',#1212,#1212,#1220,.T.);
#1220 = CIRCLE('',#1221,4.);
#1221 = AXIS2_PLACEMENT_3D('',#1222,#1223,#1224);
#1222 = CARTESIAN_POINT('',(75.,45.,65.));
#1223 = DIRECTION('',(0.,0.,-1.));
#1224 = DIRECTION('',(-1.,0.,0.));
#1225 = ORIENTED_EDGE('',*,*,#1211,.F.);
#1226 = ORIENTED_EDGE('',*,*,#510,.T.);
#1227 = CYLINDRICAL_SURFACE('',#1228,4.);
#1228 = AXIS2_PLACEMENT_3D('',#1229,#1230,#1231);
#1229 = CARTESIAN_POINT('',(75.,45.,75.01));
#1230 = DIRECTION('',(0.,0.,-1.));
#1231 = DIRECTION('',(-1.,0.,0.));
#1232 = ADVANCED_FACE('',(#1233),#1252,.F.);
#1233 = FACE_BOUND('',#1234,.F.);
#1234 = EDGE_LOOP('',(#1235,#1236,#1244,#1251));
#1235 = ORIENTED_EDGE('',*,*,#521,.F.);
#1236 = ORIENTED_EDGE('',*,*,#1237,.F.);
#1237 = EDGE_CURVE('',#1238,#522,#1240,.T.);
#1238 = VERTEX_POINT('',#1239);
#1239 = CARTESIAN_POINT('',(104.525,45.,61.));
#1240 = LINE('',#1241,#1242);
#1241 = CARTESIAN_POINT('',(104.525,45.,61.));
#1242 = VECTOR('',#1243,1.);
#1243 = DIRECTION('',(0.,0.,1.));
#1244 = ORIENTED_EDGE('',*,*,#1245,.T.);
#1245 = EDGE_CURVE('',#1238,#1238,#1246,.T.);
#1246 = CIRCLE('',#1247,9.525);
#1247 = AXIS2_PLACEMENT_3D('',#1248,#1249,#1250);
#1248 = CARTESIAN_POINT('',(95.,45.,61.));
#1249 = DIRECTION('',(0.,0.,1.));
#1250 = DIRECTION('',(1.,0.,0.));
#1251 = ORIENTED_EDGE('',*,*,#1237,.T.);
#1252 = CYLINDRICAL_SURFACE('',#1253,9.525);
#1253 = AXIS2_PLACEMENT_3D('',#1254,#1255,#1256);
#1254 = CARTESIAN_POINT('',(95.,45.,61.));
#1255 = DIRECTION('',(0.,0.,1.));
#1256 = DIRECTION('',(1.,0.,0.));
#1257 = ADVANCED_FACE('',(#1258),#1277,.F.);
#1258 = FACE_BOUND('',#1259,.F.);
#1259 = EDGE_LOOP('',(#1260,#1261,#1269,#1276));
#1260 = ORIENTED_EDGE('',*,*,#532,.F.);
#1261 = ORIENTED_EDGE('',*,*,#1262,.F.);
#1262 = EDGE_CURVE('',#1263,#533,#1265,.T.);
#1263 = VERTEX_POINT('',#1264);
#1264 = CARTESIAN_POINT('',(37.,78.,66.));
#1265 = LINE('',#1266,#1267);
#1266 = CARTESIAN_POINT('',(37.,78.,66.));
#1267 = VECTOR('',#1268,1.);
#1268 = DIRECTION('',(0.,0.,1.));
#1269 = ORIENTED_EDGE('',*,*,#1270,.T.);
#1270 = EDGE_CURVE('',#1263,#1263,#1271,.T.);
#1271 = CIRCLE('',#1272,7.);
#1272 = AXIS2_PLACEMENT_3D('',#1273,#1274,#1275);
#1273 = CARTESIAN_POINT('',(30.,78.,66.));
#1274 = DIRECTION('',(0.,0.,1.));
#1275 = DIRECTION('',(1.,0.,0.));
#1276 = ORIENTED_EDGE('',*,*,#1262,.T.);
#1277 = CYLINDRICAL_SURFACE('',#1278,7.);
#1278 = AXIS2_PLACEMENT_3D('',#1279,#1280,#1281);
#1279 = CARTESIAN_POINT('',(30.,78.,66.));
#1280 = DIRECTION('',(0.,0.,1.));
#1281 = DIRECTION('',(1.,0.,0.));
#1282 = ADVANCED_FACE('',(#1283),#1302,.F.);
#1283 = FACE_BOUND('',#1284,.F.);
#1284 = EDGE_LOOP('',(#1285,#1286,#1294,#1301));
#1285 = ORIENTED_EDGE('',*,*,#543,.F.);
#1286 = ORIENTED_EDGE('',*,*,#1287,.F.);
#1287 = EDGE_CURVE('',#1288,#544,#1290,.T.);
#1288 = VERTEX_POINT('',#1289);
#1289 = CARTESIAN_POINT('',(154.525,45.,61.));
#1290 = LINE('',#1291,#1292);
#1291 = CARTESIAN_POINT('',(154.525,45.,61.));
#1292 = VECTOR('',#1293,1.);
#1293 = DIRECTION('',(0.,0.,1.));
#1294 = ORIENTED_EDGE('',*,*,#1295,.T.);
#1295 = EDGE_CURVE('',#1288,#1288,#1296,.T.);
#1296 = CIRCLE('',#1297,9.525);
#1297 = AXIS2_PLACEMENT_3D('',#1298,#1299,#1300);
#1298 = CARTESIAN_POINT('',(145.,45.,61.));
#1299 = DIRECTION('',(0.,0.,1.));
#1300 = DIRECTION('',(1.,0.,0.));
#1301 = ORIENTED_EDGE('',*,*,#1287,.T.);
#1302 = CYLINDRICAL_SURFACE('',#1303,9.525);
#1303 = AXIS2_PLACEMENT_3D('',#1304,#1305,#1306);
#1304 = CARTESIAN_POINT('',(145.,45.,61.));
#1305 = DIRECTION('',(0.,0.,1.));
#1306 = DIRECTION('',(1.,0.,0.));
#1307 = ADVANCED_FACE('',(#1308),#1327,.F.);
#1308 = FACE_BOUND('',#1309,.F.);
#1309 = EDGE_LOOP('',(#1310,#1318,#1325,#1326));
#1310 = ORIENTED_EDGE('',*,*,#1311,.T.);
#1311 = EDGE_CURVE('',#555,#1312,#1314,.T.);
#1312 = VERTEX_POINT('',#1313);
#1313 = CARTESIAN_POINT('',(161.,45.,65.));
#1314 = LINE('',#1315,#1316);
#1315 = CARTESIAN_POINT('',(161.,45.,75.01));
#1316 = VECTOR('',#1317,1.);
#1317 = DIRECTION('',(0.,0.,-1.));
#1318 = ORIENTED_EDGE('',*,*,#1319,.F.);
#1319 = EDGE_CURVE('',#1312,#1312,#1320,.T.);
#1320 = CIRCLE('',#1321,4.);
#1321 = AXIS2_PLACEMENT_3D('',#1322,#1323,#1324);
#1322 = CARTESIAN_POINT('',(165.,45.,65.));
#1323 = DIRECTION('',(0.,0.,-1.));
#1324 = DIRECTION('',(-1.,0.,0.));
#1325 = ORIENTED_EDGE('',*,*,#1311,.F.);
#1326 = ORIENTED_EDGE('',*,*,#554,.T.);
#1327 = CYLINDRICAL_SURFACE('',#1328,4.);
#1328 = AXIS2_PLACEMENT_3D('',#1329,#1330,#1331);
#1329 = CARTESIAN_POINT('',(165.,45.,75.01));
#1330 = DIRECTION('',(0.,0.,-1.));
#1331 = DIRECTION('',(-1.,0.,0.));
#1332 = ADVANCED_FACE('',(#1333),#1352,.F.);
#1333 = FACE_BOUND('',#1334,.F.);
#1334 = EDGE_LOOP('',(#1335,#1336,#1344,#1351));
#1335 = ORIENTED_EDGE('',*,*,#565,.F.);
#1336 = ORIENTED_EDGE('',*,*,#1337,.F.);
#1337 = EDGE_CURVE('',#1338,#566,#1340,.T.);
#1338 = VERTEX_POINT('',#1339);
#1339 = CARTESIAN_POINT('',(194.525,45.,61.));
#1340 = LINE('',#1341,#1342);
#1341 = CARTESIAN_POINT('',(194.525,45.,61.));
#1342 = VECTOR('',#1343,1.);
#1343 = DIRECTION('',(0.,0.,1.));
#1344 = ORIENTED_EDGE('',*,*,#1345,.T.);
#1345 = EDGE_CURVE('',#1338,#1338,#1346,.T.);
#1346 = CIRCLE('',#1347,9.525);
#1347 = AXIS2_PLACEMENT_3D('',#1348,#1349,#1350);
#1348 = CARTESIAN_POINT('',(185.,45.,61.));
#1349 = DIRECTION('',(0.,0.,1.));
#1350 = DIRECTION('',(1.,0.,0.));
#1351 = ORIENTED_EDGE('',*,*,#1337,.T.);
#1352 = CYLINDRICAL_SURFACE('',#1353,9.525);
#1353 = AXIS2_PLACEMENT_3D('',#1354,#1355,#1356);
#1354 = CARTESIAN_POINT('',(185.,45.,61.));
#1355 = DIRECTION('',(0.,0.,1.));
#1356 = DIRECTION('',(1.,0.,0.));
#1357 = ADVANCED_FACE('',(#1358),#1377,.F.);
#1358 = FACE_BOUND('',#1359,.F.);
#1359 = EDGE_LOOP('',(#1360,#1361,#1369,#1376));
#1360 = ORIENTED_EDGE('',*,*,#576,.F.);
#1361 = ORIENTED_EDGE('',*,*,#1362,.F.);
#1362 = EDGE_CURVE('',#1363,#577,#1365,.T.);
#1363 = VERTEX_POINT('',#1364);
#1364 = CARTESIAN_POINT('',(217.,78.,66.));
#1365 = LINE('',#1366,#1367);
#1366 = CARTESIAN_POINT('',(217.,78.,66.));
#1367 = VECTOR('',#1368,1.);
#1368 = DIRECTION('',(0.,0.,1.));
#1369 = ORIENTED_EDGE('',*,*,#1370,.T.);
#1370 = EDGE_CURVE('',#1363,#1363,#1371,.T.);
#1371 = CIRCLE('',#1372,7.);
#1372 = AXIS2_PLACEMENT_3D('',#1373,#1374,#1375);
#1373 = CARTESIAN_POINT('',(210.,78.,66.));
#1374 = DIRECTION('',(0.,0.,1.));
#1375 = DIRECTION('',(1.,0.,0.));
#1376 = ORIENTED_EDGE('',*,*,#1362,.T.);
#1377 = CYLINDRICAL_SURFACE('',#1378,7.);
#1378 = AXIS2_PLACEMENT_3D('',#1379,#1380,#1381);
#1379 = CARTESIAN_POINT('',(210.,78.,66.));
#1380 = DIRECTION('',(0.,0.,1.));
#1381 = DIRECTION('',(1.,0.,0.));
#1382 = ADVANCED_FACE('',(#1383),#1404,.T.);
#1383 = FACE_BOUND('',#1384,.T.);
#1384 = EDGE_LOOP('',(#1385,#1391,#1392,#1398));
#1385 = ORIENTED_EDGE('',*,*,#1386,.T.);
#1386 = EDGE_CURVE('',#869,#619,#1387,.T.);
#1387 = LINE('',#1388,#1389);
#1388 = CARTESIAN_POINT('',(239.75,89.25,1.));
#1389 = VECTOR('',#1390,1.);
#1390 = DIRECTION('',(-0.707106781187,0.707106781187,-3.46133283549E-15)
  );
#1391 = ORIENTED_EDGE('',*,*,#618,.T.);
#1392 = ORIENTED_EDGE('',*,*,#1393,.F.);
#1393 = EDGE_CURVE('',#1115,#611,#1394,.T.);
#1394 = LINE('',#1395,#1396);
#1395 = CARTESIAN_POINT('',(239.75,89.25,74.));
#1396 = VECTOR('',#1397,1.);
#1397 = DIRECTION('',(-0.707106781187,0.707106781187,0.));
#1398 = ORIENTED_EDGE('',*,*,#1399,.F.);
#1399 = EDGE_CURVE('',#869,#1115,#1400,.T.);
#1400 = LINE('',#1401,#1402);
#1401 = CARTESIAN_POINT('',(240.,89.,0.));
#1402 = VECTOR('',#1403,1.);
#1403 = DIRECTION('',(0.,0.,1.));
#1404 = PLANE('',#1405);
#1405 = AXIS2_PLACEMENT_3D('',#1406,#1407,#1408);
#1406 = CARTESIAN_POINT('',(239.5,89.5,0.));
#1407 = DIRECTION('',(0.707106781187,0.707106781187,0.));
#1408 = DIRECTION('',(0.,0.,1.));
#1409 = ADVANCED_FACE('',(#1410),#1429,.F.);
#1410 = FACE_BOUND('',#1411,.F.);
#1411 = EDGE_LOOP('',(#1412,#1420,#1427,#1428));
#1412 = ORIENTED_EDGE('',*,*,#1413,.T.);
#1413 = EDGE_CURVE('',#635,#1414,#1416,.T.);
#1414 = VERTEX_POINT('',#1415);
#1415 = CARTESIAN_POINT('',(55.,76.,49.4215));
#1416 = LINE('',#1417,#1418);
#1417 = CARTESIAN_POINT('',(55.,90.01,49.4215));
#1418 = VECTOR('',#1419,1.);
#1419 = DIRECTION('',(0.,-1.,0.));
#1420 = ORIENTED_EDGE('',*,*,#1421,.F.);
#1421 = EDGE_CURVE('',#1414,#1414,#1422,.T.);
#1422 = CIRCLE('',#1423,6.5785);
#1423 = AXIS2_PLACEMENT_3D('',#1424,#1425,#1426);
#1424 = CARTESIAN_POINT('',(55.,76.,56.));
#1425 = DIRECTION('',(0.,-1.,0.));
#1426 = DIRECTION('',(0.,0.,-1.));
#1427 = ORIENTED_EDGE('',*,*,#1413,.F.);
#1428 = ORIENTED_EDGE('',*,*,#634,.T.);
#1429 = CYLINDRICAL_SURFACE('',#1430,6.5785);
#1430 = AXIS2_PLACEMENT_3D('',#1431,#1432,#1433);
#1431 = CARTESIAN_POINT('',(55.,90.01,56.));
#1432 = DIRECTION('',(0.,-1.,0.));
#1433 = DIRECTION('',(0.,0.,-1.));
#1434 = ADVANCED_FACE('',(#1435),#1454,.F.);
#1435 = FACE_BOUND('',#1436,.F.);
#1436 = EDGE_LOOP('',(#1437,#1445,#1452,#1453));
#1437 = ORIENTED_EDGE('',*,*,#1438,.T.);
#1438 = EDGE_CURVE('',#646,#1439,#1441,.T.);
#1439 = VERTEX_POINT('',#1440);
#1440 = CARTESIAN_POINT('',(95.,76.,49.4215));
#1441 = LINE('',#1442,#1443);
#1442 = CARTESIAN_POINT('',(95.,90.01,49.4215));
#1443 = VECTOR('',#1444,1.);
#1444 = DIRECTION('',(0.,-1.,0.));
#1445 = ORIENTED_EDGE('',*,*,#1446,.F.);
#1446 = EDGE_CURVE('',#1439,#1439,#1447,.T.);
#1447 = CIRCLE('',#1448,6.5785);
#1448 = AXIS2_PLACEMENT_3D('',#1449,#1450,#1451);
#1449 = CARTESIAN_POINT('',(95.,76.,56.));
#1450 = DIRECTION('',(0.,-1.,0.));
#1451 = DIRECTION('',(0.,0.,-1.));
#1452 = ORIENTED_EDGE('',*,*,#1438,.F.);
#1453 = ORIENTED_EDGE('',*,*,#645,.T.);
#1454 = CYLINDRICAL_SURFACE('',#1455,6.5785);
#1455 = AXIS2_PLACEMENT_3D('',#1456,#1457,#1458);
#1456 = CARTESIAN_POINT('',(95.,90.01,56.));
#1457 = DIRECTION('',(0.,-1.,0.));
#1458 = DIRECTION('',(0.,0.,-1.));
#1459 = ADVANCED_FACE('',(#1460),#1479,.F.);
#1460 = FACE_BOUND('',#1461,.F.);
#1461 = EDGE_LOOP('',(#1462,#1470,#1477,#1478));
#1462 = ORIENTED_EDGE('',*,*,#1463,.T.);
#1463 = EDGE_CURVE('',#657,#1464,#1466,.T.);
#1464 = VERTEX_POINT('',#1465);
#1465 = CARTESIAN_POINT('',(145.,76.,49.4215));
#1466 = LINE('',#1467,#1468);
#1467 = CARTESIAN_POINT('',(145.,90.01,49.4215));
#1468 = VECTOR('',#1469,1.);
#1469 = DIRECTION('',(0.,-1.,0.));
#1470 = ORIENTED_EDGE('',*,*,#1471,.F.);
#1471 = EDGE_CURVE('',#1464,#1464,#1472,.T.);
#1472 = CIRCLE('',#1473,6.5785);
#1473 = AXIS2_PLACEMENT_3D('',#1474,#1475,#1476);
#1474 = CARTESIAN_POINT('',(145.,76.,56.));
#1475 = DIRECTION('',(0.,-1.,0.));
#1476 = DIRECTION('',(0.,0.,-1.));
#1477 = ORIENTED_EDGE('',*,*,#1463,.F.);
#1478 = ORIENTED_EDGE('',*,*,#656,.T.);
#1479 = CYLINDRICAL_SURFACE('',#1480,6.5785);
#1480 = AXIS2_PLACEMENT_3D('',#1481,#1482,#1483);
#1481 = CARTESIAN_POINT('',(145.,90.01,56.));
#1482 = DIRECTION('',(0.,-1.,0.));
#1483 = DIRECTION('',(0.,0.,-1.));
#1484 = ADVANCED_FACE('',(#1485),#1504,.F.);
#1485 = FACE_BOUND('',#1486,.F.);
#1486 = EDGE_LOOP('',(#1487,#1495,#1502,#1503));
#1487 = ORIENTED_EDGE('',*,*,#1488,.T.);
#1488 = EDGE_CURVE('',#668,#1489,#1491,.T.);
#1489 = VERTEX_POINT('',#1490);
#1490 = CARTESIAN_POINT('',(185.,76.,49.4215));
#1491 = LINE('',#1492,#1493);
#1492 = CARTESIAN_POINT('',(185.,90.01,49.4215));
#1493 = VECTOR('',#1494,1.);
#1494 = DIRECTION('',(0.,-1.,0.));
#1495 = ORIENTED_EDGE('',*,*,#1496,.F.);
#1496 = EDGE_CURVE('',#1489,#1489,#1497,.T.);
#1497 = CIRCLE('',#1498,6.5785);
#1498 = AXIS2_PLACEMENT_3D('',#1499,#1500,#1501);
#1499 = CARTESIAN_POINT('',(185.,76.,56.));
#1500 = DIRECTION('',(0.,-1.,0.));
#1501 = DIRECTION('',(0.,0.,-1.));
#1502 = ORIENTED_EDGE('',*,*,#1488,.F.);
#1503 = ORIENTED_EDGE('',*,*,#667,.T.);
#1504 = CYLINDRICAL_SURFACE('',#1505,6.5785);
#1505 = AXIS2_PLACEMENT_3D('',#1506,#1507,#1508);
#1506 = CARTESIAN_POINT('',(185.,90.01,56.));
#1507 = DIRECTION('',(0.,-1.,0.));
#1508 = DIRECTION('',(0.,0.,-1.));
#1509 = ADVANCED_FACE('',(#1510,#1926),#2085,.F.);
#1510 = FACE_BOUND('',#1511,.F.);
#1511 = EDGE_LOOP('',(#1512,#1523,#1532,#1540,#1602,#1610,#1619,#1628,
    #1635,#1644,#1651,#1652,#1714,#1841,#1901,#1902,#1911,#1918,#1924,
    #1925));
#1512 = ORIENTED_EDGE('',*,*,#1513,.F.);
#1513 = EDGE_CURVE('',#1514,#1516,#1518,.T.);
#1514 = VERTEX_POINT('',#1515);
#1515 = CARTESIAN_POINT('',(55.,48.,20.));
#1516 = VERTEX_POINT('',#1517);
#1517 = CARTESIAN_POINT('',(52.,45.,23.));
#1518 = ELLIPSE('',#1519,4.242640687119,3.);
#1519 = AXIS2_PLACEMENT_3D('',#1520,#1521,#1522);
#1520 = CARTESIAN_POINT('',(55.,45.,20.));
#1521 = DIRECTION('',(0.707106781187,-0.,0.707106781187));
#1522 = DIRECTION('',(0.707106781187,0.,-0.707106781187));
#1523 = ORIENTED_EDGE('',*,*,#1524,.T.);
#1524 = EDGE_CURVE('',#1514,#1525,#1527,.T.);
#1525 = VERTEX_POINT('',#1526);
#1526 = CARTESIAN_POINT('',(58.,45.,23.));
#1527 = ELLIPSE('',#1528,4.242640687119,3.);
#1528 = AXIS2_PLACEMENT_3D('',#1529,#1530,#1531);
#1529 = CARTESIAN_POINT('',(55.,45.,20.));
#1530 = DIRECTION('',(0.707106781187,0.,-0.707106781187));
#1531 = DIRECTION('',(0.707106781187,0.,0.707106781187));
#1532 = ORIENTED_EDGE('',*,*,#1533,.T.);
#1533 = EDGE_CURVE('',#1525,#1534,#1536,.T.);
#1534 = VERTEX_POINT('',#1535);
#1535 = CARTESIAN_POINT('',(73.,45.,23.));
#1536 = LINE('',#1537,#1538);
#1537 = CARTESIAN_POINT('',(0.,45.,23.));
#1538 = VECTOR('',#1539,1.);
#1539 = DIRECTION('',(1.,0.,0.));
#1540 = ORIENTED_EDGE('',*,*,#1541,.F.);
#1541 = EDGE_CURVE('',#1542,#1534,#1544,.T.);
#1542 = VERTEX_POINT('',#1543);
#1543 = CARTESIAN_POINT('',(77.,45.,23.));
#1544 = B_SPLINE_CURVE_WITH_KNOTS('',6,(#1545,#1546,#1547,#1548,#1549,
    #1550,#1551,#1552,#1553,#1554,#1555,#1556,#1557,#1558,#1559,#1560,
    #1561,#1562,#1563,#1564,#1565,#1566,#1567,#1568,#1569,#1570,#1571,
    #1572,#1573,#1574,#1575,#1576,#1577,#1578,#1579,#1580,#1581,#1582,
    #1583,#1584,#1585,#1586,#1587,#1588,#1589,#1590,#1591,#1592,#1593,
    #1594,#1595,#1596,#1597,#1598,#1599,#1600,#1601),.UNSPECIFIED.,.F.,
  .F.,(7,5,5,5,5,5,5,5,5,5,5,7),(0.,0.115973566947,0.167587075969,
    0.289109292226,0.399679058453,0.50030152994,0.567580246101,
    0.601347877741,0.711185590926,0.836862199976,0.885583148755,1.),
  .UNSPECIFIED.);
#1545 = CARTESIAN_POINT('',(77.,45.,23.));
#1546 = CARTESIAN_POINT('',(77.,45.14595432287,23.));
#1547 = CARTESIAN_POINT('',(76.987218335826,45.290800206107,
    22.991478676123));
#1548 = CARTESIAN_POINT('',(76.962019438767,45.432379918942,
    22.974680435309));
#1549 = CARTESIAN_POINT('',(76.925408499389,45.568596589844,
    22.950497457942));
#1550 = CARTESIAN_POINT('',(76.879027254714,45.697530612492,
    22.920446780191));
#1551 = CARTESIAN_POINT('',(76.801350801193,45.870953680786,
    22.871327438294));
#1552 = CARTESIAN_POINT('',(76.775870156615,45.922815409554,
    22.855357214369));
#1553 = CARTESIAN_POINT('',(76.748947104257,45.973120264696,
    22.838656132454));
#1554 = CARTESIAN_POINT('',(76.720689336472,46.021865457083,
    22.821331715044));
#1555 = CARTESIAN_POINT('',(76.691196814495,46.069053131472,
    22.803487428236));
#1556 = CARTESIAN_POINT('',(76.588432615393,46.22214165302,
    22.74221896977));
#1557 = CARTESIAN_POINT('',(76.509941433623,46.321040343512,
    22.696866858623));
#1558 = CARTESIAN_POINT('',(76.426129359097,46.411692612807,
    22.65036587736));
#1559 = CARTESIAN_POINT('',(76.337698694581,46.494449270209,
    22.603737651681));
#1560 = CARTESIAN_POINT('',(76.245086233979,46.56960912908,
    22.557901813736));
#1561 = CARTESIAN_POINT('',(76.060662097383,46.698974301504,
    22.473640239797));
#1562 = CARTESIAN_POINT('',(75.96945980882,46.754507287997,
    22.434886582036));
#1563 = CARTESIAN_POINT('',(75.875249377288,46.803934764769,
    22.398299837447));
#1564 = CARTESIAN_POINT('',(75.778298893099,46.847219309012,
    22.364661063056));
#1565 = CARTESIAN_POINT('',(75.678810557635,46.884287489218,
    22.334748544532));
#1566 = CARTESIAN_POINT('',(75.484203137756,46.942916553963,
    22.286130385003));
#1567 = CARTESIAN_POINT('',(75.38941934679,46.965595608166,
    22.266639498925));
#1568 = CARTESIAN_POINT('',(75.293145279154,46.982743202365,
    22.251502984939));
#1569 = CARTESIAN_POINT('',(75.195867335115,46.994235872308,
    22.241223553676));
#1570 = CARTESIAN_POINT('',(75.098015131805,47.,22.2360679775));
#1571 = CARTESIAN_POINT('',(74.934464616752,47.,22.2360679775));
#1572 = CARTESIAN_POINT('',(74.868955905211,46.997423028515,
    22.238372655237));
#1573 = CARTESIAN_POINT('',(74.803617206113,46.992273203192,
    22.242979462785));
#1574 = CARTESIAN_POINT('',(74.738600605922,46.984566791957,
    22.249831523269));
#1575 = CARTESIAN_POINT('',(74.674066855699,46.974337759561,
    22.258820914502));
#1576 = CARTESIAN_POINT('',(74.57812271057,46.955271888186,
    22.275298389043));
#1577 = CARTESIAN_POINT('',(74.546215732008,46.948277613626,
    22.281305690211));
#1578 = CARTESIAN_POINT('',(74.514479974455,46.940666146155,
    22.287795433262));
#1579 = CARTESIAN_POINT('',(74.482929516907,46.932443097238,
    22.29474793823));
#1580 = CARTESIAN_POINT('',(74.451576897199,46.923614034095,
    22.302142268043));
#1581 = CARTESIAN_POINT('',(74.319130119189,46.883512482875,
    22.335373099869));
#1582 = CARTESIAN_POINT('',(74.220204625386,46.846537141855,
    22.365189030798));
#1583 = CARTESIAN_POINT('',(74.123794015396,46.803411740555,
    22.398682493446));
#1584 = CARTESIAN_POINT('',(74.030097087407,46.754208276451,
    22.43508752414));
#1585 = CARTESIAN_POINT('',(73.939377149318,46.698963149249,
    22.473635675806));
#1586 = CARTESIAN_POINT('',(73.751940802883,46.567567761084,
    22.559244915483));
#1587 = CARTESIAN_POINT('',(73.656159752036,46.48949114337,
    22.606771581052));
#1588 = CARTESIAN_POINT('',(73.564869568346,46.403261244558,
    22.655116348686));
#1589 = CARTESIAN_POINT('',(73.478562885826,46.308539902806,
    22.703259090445));
#1590 = CARTESIAN_POINT('',(73.398041642219,46.204933941422,
    22.750055860315));
#1591 = CARTESIAN_POINT('',(73.295994944765,46.048376097392,
    22.811247539995));
#1592 = CARTESIAN_POINT('',(73.268532312571,46.003248593667,
    22.827938963496));
#1593 = CARTESIAN_POINT('',(73.242196504005,45.956727138498,
    22.844141156477));
#1594 = CARTESIAN_POINT('',(73.217074292648,45.908812303577,
    22.859765396746));
#1595 = CARTESIAN_POINT('',(73.193258264922,45.859508798781,
    22.874719948756));
#1596 = CARTESIAN_POINT('',(73.118215518491,45.689800149652,
    22.922234296811));
#1597 = CARTESIAN_POINT('',(73.072851052843,45.56208062142,
    22.951646990746));
#1598 = CARTESIAN_POINT('',(73.037074136515,45.427283384937,
    22.975284630518));
#1599 = CARTESIAN_POINT('',(73.012469683197,45.287292900528,
    22.991686689253));
#1600 = CARTESIAN_POINT('',(73.,45.144162044934,23.));
#1601 = CARTESIAN_POINT('',(73.,45.,23.));
#1602 = ORIENTED_EDGE('',*,*,#1603,.T.);
#1603 = EDGE_CURVE('',#1542,#1604,#1606,.T.);
#1604 = VERTEX_POINT('',#1605);
#1605 = CARTESIAN_POINT('',(92.,45.,23.));
#1606 = LINE('',#1607,#1608);
#1607 = CARTESIAN_POINT('',(0.,45.,23.));
#1608 = VECTOR('',#1609,1.);
#1609 = DIRECTION('',(1.,0.,0.));
#1610 = ORIENTED_EDGE('',*,*,#1611,.F.);
#1611 = EDGE_CURVE('',#1612,#1604,#1614,.T.);
#1612 = VERTEX_POINT('',#1613);
#1613 = CARTESIAN_POINT('',(95.,48.,20.));
#1614 = ELLIPSE('',#1615,4.242640687119,3.);
#1615 = AXIS2_PLACEMENT_3D('',#1616,#1617,#1618);
#1616 = CARTESIAN_POINT('',(95.,45.,20.));
#1617 = DIRECTION('',(0.707106781187,-0.,0.707106781187));
#1618 = DIRECTION('',(0.707106781187,0.,-0.707106781187));
#1619 = ORIENTED_EDGE('',*,*,#1620,.T.);
#1620 = EDGE_CURVE('',#1612,#1621,#1623,.T.);
#1621 = VERTEX_POINT('',#1622);
#1622 = CARTESIAN_POINT('',(98.,45.,23.));
#1623 = ELLIPSE('',#1624,4.242640687119,3.);
#1624 = AXIS2_PLACEMENT_3D('',#1625,#1626,#1627);
#1625 = CARTESIAN_POINT('',(95.,45.,20.));
#1626 = DIRECTION('',(0.707106781187,0.,-0.707106781187));
#1627 = DIRECTION('',(0.707106781187,0.,0.707106781187));
#1628 = ORIENTED_EDGE('',*,*,#1629,.F.);
#1629 = EDGE_CURVE('',#1621,#1621,#1630,.T.);
#1630 = CIRCLE('',#1631,3.);
#1631 = AXIS2_PLACEMENT_3D('',#1632,#1633,#1634);
#1632 = CARTESIAN_POINT('',(98.,45.,20.));
#1633 = DIRECTION('',(1.,0.,-0.));
#1634 = DIRECTION('',(0.,0.,1.));
#1635 = ORIENTED_EDGE('',*,*,#1636,.T.);
#1636 = EDGE_CURVE('',#1621,#1637,#1639,.T.);
#1637 = VERTEX_POINT('',#1638);
#1638 = CARTESIAN_POINT('',(95.,42.,20.));
#1639 = ELLIPSE('',#1640,4.242640687119,3.);
#1640 = AXIS2_PLACEMENT_3D('',#1641,#1642,#1643);
#1641 = CARTESIAN_POINT('',(95.,45.,20.));
#1642 = DIRECTION('',(0.707106781187,0.,-0.707106781187));
#1643 = DIRECTION('',(0.707106781187,0.,0.707106781187));
#1644 = ORIENTED_EDGE('',*,*,#1645,.F.);
#1645 = EDGE_CURVE('',#1604,#1637,#1646,.T.);
#1646 = ELLIPSE('',#1647,4.242640687119,3.);
#1647 = AXIS2_PLACEMENT_3D('',#1648,#1649,#1650);
#1648 = CARTESIAN_POINT('',(95.,45.,20.));
#1649 = DIRECTION('',(0.707106781187,-0.,0.707106781187));
#1650 = DIRECTION('',(0.707106781187,0.,-0.707106781187));
#1651 = ORIENTED_EDGE('',*,*,#1603,.F.);
#1652 = ORIENTED_EDGE('',*,*,#1653,.F.);
#1653 = EDGE_CURVE('',#1654,#1542,#1656,.T.);
#1654 = VERTEX_POINT('',#1655);
#1655 = CARTESIAN_POINT('',(75.790569414678,43.162882692756,
    22.3717082453));
#1656 = B_SPLINE_CURVE_WITH_KNOTS('',6,(#1657,#1658,#1659,#1660,#1661,
    #1662,#1663,#1664,#1665,#1666,#1667,#1668,#1669,#1670,#1671,#1672,
    #1673,#1674,#1675,#1676,#1677,#1678,#1679,#1680,#1681,#1682,#1683,
    #1684,#1685,#1686,#1687,#1688,#1689,#1690,#1691,#1692,#1693,#1694,
    #1695,#1696,#1697,#1698,#1699,#1700,#1701,#1702,#1703,#1704,#1705,
    #1706,#1707,#1708,#1709,#1710,#1711,#1712,#1713),.UNSPECIFIED.,.F.,
  .F.,(7,5,5,5,5,5,5,5,5,5,5,7),(0.,0.115973605202,0.167587122717,
    0.289109340973,0.39967910902,0.500301582162,0.567580299431,
    0.601347931627,0.711185646618,0.836862257736,0.885583197031,1.),
  .UNSPECIFIED.);
#1657 = CARTESIAN_POINT('',(73.,45.,23.));
#1658 = CARTESIAN_POINT('',(73.,44.85404567707,23.));
#1659 = CARTESIAN_POINT('',(73.012781664184,44.709199793907,
    22.991478676116));
#1660 = CARTESIAN_POINT('',(73.03798056122,44.567620081117,
    22.974680435318));
#1661 = CARTESIAN_POINT('',(73.074591500593,44.431403410173,
    22.950497457953));
#1662 = CARTESIAN_POINT('',(73.12097274531,44.302469387453,
    22.920446780175));
#1663 = CARTESIAN_POINT('',(73.198649194841,44.129046328068,
    22.871327440802));
#1664 = CARTESIAN_POINT('',(73.22412984483,44.077184589109,
    22.855357213545));
#1665 = CARTESIAN_POINT('',(73.251052900118,44.026879727357,
    22.838656129773));
#1666 = CARTESIAN_POINT('',(73.279310664515,43.978134539904,
    22.821331714378));
#1667 = CARTESIAN_POINT('',(73.308803180968,43.930946875287,
    22.803487430941));
#1668 = CARTESIAN_POINT('',(73.411567384607,43.77785834698,
    22.74221896977));
#1669 = CARTESIAN_POINT('',(73.490058566377,43.678959656488,
    22.696866858623));
#1670 = CARTESIAN_POINT('',(73.573870640902,43.588307387193,
    22.65036587736));
#1671 = CARTESIAN_POINT('',(73.662301305419,43.505550729791,
    22.603737651681));
#1672 = CARTESIAN_POINT('',(73.754913766021,43.43039087092,
    22.557901813736));
#1673 = CARTESIAN_POINT('',(73.939337902617,43.301025698496,
    22.473640239797));
#1674 = CARTESIAN_POINT('',(74.030540191179,43.245492712003,
    22.434886582036));
#1675 = CARTESIAN_POINT('',(74.124750622712,43.196065235231,
    22.398299837447));
#1676 = CARTESIAN_POINT('',(74.221701106901,43.152780690988,
    22.364661063056));
#1677 = CARTESIAN_POINT('',(74.321189442365,43.115712510782,
    22.334748544532));
#1678 = CARTESIAN_POINT('',(74.515796862244,43.057083446037,
    22.286130385003));
#1679 = CARTESIAN_POINT('',(74.61058065321,43.034404391833,
    22.266639498925));
#1680 = CARTESIAN_POINT('',(74.706854720846,43.017256797635,
    22.251502984939));
#1681 = CARTESIAN_POINT('',(74.804132664885,43.005764127692,
    22.241223553676));
#1682 = CARTESIAN_POINT('',(74.901984868195,43.,22.2360679775));
#1683 = CARTESIAN_POINT('',(75.065535383248,43.,22.2360679775));
#1684 = CARTESIAN_POINT('',(75.131044094789,43.002576971485,
    22.238372655237));
#1685 = CARTESIAN_POINT('',(75.196382793887,43.007726796808,
    22.242979462785));
#1686 = CARTESIAN_POINT('',(75.261399394078,43.015433208043,
    22.249831523269));
#1687 = CARTESIAN_POINT('',(75.325933144301,43.025662240439,
    22.258820914502));
#1688 = CARTESIAN_POINT('',(75.42187728943,43.044728111814,
    22.275298389043));
#1689 = CARTESIAN_POINT('',(75.453784267992,43.051722386374,
    22.281305690211));
#1690 = CARTESIAN_POINT('',(75.485520025545,43.059333853845,
    22.287795433262));
#1691 = CARTESIAN_POINT('',(75.517070483093,43.067556902762,
    22.29474793823));
#1692 = CARTESIAN_POINT('',(75.548423102801,43.076385965905,
    22.302142268043));
#1693 = CARTESIAN_POINT('',(75.680869880811,43.116487517125,
    22.335373099869));
#1694 = CARTESIAN_POINT('',(75.779795374614,43.153462858145,
    22.365189030798));
#1695 = CARTESIAN_POINT('',(75.876205984603,43.196588259444,
    22.398682493445));
#1696 = CARTESIAN_POINT('',(75.969902912593,43.245791723549,
    22.43508752414));
#1697 = CARTESIAN_POINT('',(76.060622850682,43.301036850751,
    22.473635675806));
#1698 = CARTESIAN_POINT('',(76.248059197117,43.432432238916,
    22.559244915483));
#1699 = CARTESIAN_POINT('',(76.343840247964,43.51050885663,
    22.606771581052));
#1700 = CARTESIAN_POINT('',(76.435130431654,43.596738755442,
    22.655116348686));
#1701 = CARTESIAN_POINT('',(76.521437114174,43.691460097194,
    22.703259090445));
#1702 = CARTESIAN_POINT('',(76.601958357781,43.795066058578,
    22.750055860315));
#1703 = CARTESIAN_POINT('',(76.704005049216,43.951623893373,
    22.811247536385));
#1704 = CARTESIAN_POINT('',(76.731467688566,43.996751409959,
    22.827938964266));
#1705 = CARTESIAN_POINT('',(76.757803501589,44.043272871798,
    22.844141159914));
#1706 = CARTESIAN_POINT('',(76.78292570923,44.091187698224,
    22.859765397825));
#1707 = CARTESIAN_POINT('',(76.806741729986,44.140491189702,
    22.874719945531));
#1708 = CARTESIAN_POINT('',(76.881784481509,44.310199850348,
    22.922234296811));
#1709 = CARTESIAN_POINT('',(76.927148947157,44.437919378579,
    22.951646990746));
#1710 = CARTESIAN_POINT('',(76.962925863486,44.572716615063,
    22.975284630518));
#1711 = CARTESIAN_POINT('',(76.987530316803,44.712707099472,
    22.991686689253));
#1712 = CARTESIAN_POINT('',(77.,44.855837955065,23.));
#1713 = CARTESIAN_POINT('',(77.,45.,23.));
#1714 = ORIENTED_EDGE('',*,*,#1715,.T.);
#1715 = EDGE_CURVE('',#1654,#1716,#1718,.T.);
#1716 = VERTEX_POINT('',#1717);
#1717 = CARTESIAN_POINT('',(74.209430585443,43.162882692704,
    22.371708245073));
#1718 = B_SPLINE_CURVE_WITH_KNOTS('',7,(#1719,#1720,#1721,#1722,#1723,
    #1724,#1725,#1726,#1727,#1728,#1729,#1730,#1731,#1732,#1733,#1734,
    #1735,#1736,#1737,#1738,#1739,#1740,#1741,#1742,#1743,#1744,#1745,
    #1746,#1747,#1748,#1749,#1750,#1751,#1752,#1753,#1754,#1755,#1756,
    #1757,#1758,#1759,#1760,#1761,#1762,#1763,#1764,#1765,#1766,#1767,
    #1768,#1769,#1770,#1771,#1772,#1773,#1774,#1775,#1776,#1777,#1778,
    #1779,#1780,#1781,#1782,#1783,#1784,#1785,#1786,#1787,#1788,#1789,
    #1790,#1791,#1792,#1793,#1794,#1795,#1796,#1797,#1798,#1799,#1800,
    #1801,#1802,#1803,#1804,#1805,#1806,#1807,#1808,#1809,#1810,#1811,
    #1812,#1813,#1814,#1815,#1816,#1817,#1818,#1819,#1820,#1821,#1822,
    #1823,#1824,#1825,#1826,#1827,#1828,#1829,#1830,#1831,#1832,#1833,
    #1834,#1835,#1836,#1837,#1838,#1839,#1840),.UNSPECIFIED.,.T.,.F.,(8,
    6,6,6,6,6,6,6,6,6,6,6,6,6,6,6,6,6,6,6,8),(0.,4.257127603017E-02,
    0.104856970168,0.171515934961,0.216685530484,0.273192238578,
    0.305208709703,0.330888792528,0.395640802335,0.459675243259,
    0.501107378336,0.543490501045,0.60550090956,0.671865260078,
    0.716835218423,0.773092182421,0.804967149557,0.830533733485,
    0.894999557233,0.958750983555,1.),.UNSPECIFIED.);
#1719 = CARTESIAN_POINT('',(75.,43.341687604822,22.5));
#1720 = CARTESIAN_POINT('',(75.091904050601,43.341687604822,22.5));
#1721 = CARTESIAN_POINT('',(75.183350631845,43.335745587377,
    22.496058399556));
#1722 = CARTESIAN_POINT('',(75.274146853122,43.323966873207,
    22.488245652898));
#1723 = CARTESIAN_POINT('',(75.364058926077,43.306668665251,
    22.476642777545));
#1724 = CARTESIAN_POINT('',(75.4527664261,43.284382717657,
    22.461360013192));
#1725 = CARTESIAN_POINT('',(75.539820047104,43.257843115521,
    22.442593089162));
#1726 = CARTESIAN_POINT('',(75.748647891101,43.18423619638,
    22.388710515933));
#1727 = CARTESIAN_POINT('',(75.86880586622,43.133011429508,
    22.34979734643));
#1728 = CARTESIAN_POINT('',(75.985283002477,43.07613226055,
    22.304377103864));
#1729 = CARTESIAN_POINT('',(76.098161632679,43.015217014213,
    22.25268239813));
#1730 = CARTESIAN_POINT('',(76.207532346242,42.951511341267,
    22.194837825498));
#1731 = CARTESIAN_POINT('',(76.313535340113,42.885935047732,
    22.130767809648));
#1732 = CARTESIAN_POINT('',(76.526244899245,42.747794036077,
    21.984535925767));
#1733 = CARTESIAN_POINT('',(76.63227888404,42.675191942533,
    21.901557154751));
#1734 = CARTESIAN_POINT('',(76.734506962239,42.602314205378,
    21.81085144634));
#1735 = CARTESIAN_POINT('',(76.832779023812,42.529967340481,
    21.711923707068));
#1736 = CARTESIAN_POINT('',(76.926661193661,42.459025591092,
    21.604178992275));
#1737 = CARTESIAN_POINT('',(77.015396684494,42.390553699203,
    21.486993534565));
#1738 = CARTESIAN_POINT('',(77.153704003402,42.282052106599,
    21.273619991111));
#1739 = CARTESIAN_POINT('',(77.206824184706,42.239855999172,
    21.182618318521));
#1740 = CARTESIAN_POINT('',(77.256710048303,42.199802006433,
    21.086747527923));
#1741 = CARTESIAN_POINT('',(77.302835157038,42.16243330883,
    20.985985720924));
#1742 = CARTESIAN_POINT('',(77.34463135158,42.128323768302,
    20.880351135788));
#1743 = CARTESIAN_POINT('',(77.381483815543,42.098077878861,
    20.769911270439));
#1744 = CARTESIAN_POINT('',(77.451809973931,42.040121277784,
    20.510778966908));
#1745 = CARTESIAN_POINT('',(77.482299698607,42.014798923679,
    20.358759891533));
#1746 = CARTESIAN_POINT('',(77.502089202674,41.998263643949,
    20.201244613184));
#1747 = CARTESIAN_POINT('',(77.509967753851,41.991668677759,
    20.040899414912));
#1748 = CARTESIAN_POINT('',(77.505574094469,41.995361639916,
    19.88046788958));
#1749 = CARTESIAN_POINT('',(77.489390002027,42.008872858729,
    19.722683987244));
#1750 = CARTESIAN_POINT('',(77.447692408924,42.043460269397,
    19.483767551471));
#1751 = CARTESIAN_POINT('',(77.429286004435,42.058700133451,
    19.399187699405));
#1752 = CARTESIAN_POINT('',(77.407770653306,42.076468415526,
    19.316623120212));
#1753 = CARTESIAN_POINT('',(77.383378342113,42.096544006633,
    19.236245572318));
#1754 = CARTESIAN_POINT('',(77.356357567423,42.118688223924,
    19.158212722819));
#1755 = CARTESIAN_POINT('',(77.3269744106,42.142646243035,
    19.082667724844));
#1756 = CARTESIAN_POINT('',(77.270279229507,42.188603653361,
    18.951243248857));
#1757 = CARTESIAN_POINT('',(77.243679902341,42.210075257672,
    18.894365060673));
#1758 = CARTESIAN_POINT('',(77.215819856278,42.232458566976,
    18.839090917655));
#1759 = CARTESIAN_POINT('',(77.186795303839,42.255654758032,
    18.785403737978));
#1760 = CARTESIAN_POINT('',(77.156694453019,42.279570901384,
    18.733282885621));
#1761 = CARTESIAN_POINT('',(77.125597515407,42.304119901998,
    18.682704385307));
#1762 = CARTESIAN_POINT('',(77.012836662126,42.39251113437,
    18.509928767436));
#1763 = CARTESIAN_POINT('',(76.926142159414,42.459371198492,
    18.395727532295));
#1764 = CARTESIAN_POINT('',(76.834548391427,42.528574697884,
    18.290512331965));
#1765 = CARTESIAN_POINT('',(76.738758039435,42.599131865158,
    18.193703855487));
#1766 = CARTESIAN_POINT('',(76.639179685088,42.670225565743,
    18.104748545272));
#1767 = CARTESIAN_POINT('',(76.535962321196,42.741103052918,
    18.023181615805));
#1768 = CARTESIAN_POINT('',(76.323234885662,42.879969240268,
    17.874990326009));
#1769 = CARTESIAN_POINT('',(76.213994028998,42.947858864221,
    17.808340878106));
#1770 = CARTESIAN_POINT('',(76.101164461481,43.01381240369,
    17.748332592868));
#1771 = CARTESIAN_POINT('',(75.984592037059,43.076828933765,
    17.694877837539));
#1772 = CARTESIAN_POINT('',(75.864181590802,43.135537216836,
    17.648117296536));
#1773 = CARTESIAN_POINT('',(75.739847391183,43.188139284808,
    17.608308897435));
#1774 = CARTESIAN_POINT('',(75.528216275548,43.261343206588,
    17.554935746545));
#1775 = CARTESIAN_POINT('',(75.442932178221,43.286826369365,
    17.536965393551));
#1776 = CARTESIAN_POINT('',(75.356082624571,43.308187594835,
    17.522338535823));
#1777 = CARTESIAN_POINT('',(75.268092936143,43.324745636528,
    17.511237810845));
#1778 = CARTESIAN_POINT('',(75.179270042068,43.336009225179,
    17.503766706965));
#1779 = CARTESIAN_POINT('',(75.089841918085,43.341687604822,17.5));
#1780 = CARTESIAN_POINT('',(74.908095949399,43.341687604822,17.5));
#1781 = CARTESIAN_POINT('',(74.816649368155,43.335745587377,
    17.503941600444));
#1782 = CARTESIAN_POINT('',(74.725853146878,43.323966873207,
    17.511754347102));
#1783 = CARTESIAN_POINT('',(74.635941073923,43.306668665251,
    17.523357222455));
#1784 = CARTESIAN_POINT('',(74.5472335739,43.284382717657,
    17.538639986808));
#1785 = CARTESIAN_POINT('',(74.460179952896,43.257843115521,
    17.557406910838));
#1786 = CARTESIAN_POINT('',(74.251352108899,43.18423619638,
    17.611289484067));
#1787 = CARTESIAN_POINT('',(74.131194133779,43.133011429507,
    17.65020265357));
#1788 = CARTESIAN_POINT('',(74.014716997525,43.076132260551,
    17.695622896135));
#1789 = CARTESIAN_POINT('',(73.901838367319,43.015217014212,
    17.74731760187));
#1790 = CARTESIAN_POINT('',(73.792467653758,42.951511341267,
    17.805162174501));
#1791 = CARTESIAN_POINT('',(73.686464659887,42.885935047732,
    17.869232190352));
#1792 = CARTESIAN_POINT('',(73.473755100755,42.747794036077,
    18.015464074233));
#1793 = CARTESIAN_POINT('',(73.36772111596,42.675191942533,
    18.098442845249));
#1794 = CARTESIAN_POINT('',(73.265493037761,42.602314205378,
    18.18914855366));
#1795 = CARTESIAN_POINT('',(73.167220976188,42.529967340481,
    18.288076292932));
#1796 = CARTESIAN_POINT('',(73.073338806339,42.459025591092,
    18.395821007725));
#1797 = CARTESIAN_POINT('',(72.984603315506,42.390553699203,
    18.513006465435));
#1798 = CARTESIAN_POINT('',(72.846295996598,42.282052106599,
    18.726380008889));
#1799 = CARTESIAN_POINT('',(72.793175815294,42.239855999172,
    18.817381681479));
#1800 = CARTESIAN_POINT('',(72.743289951697,42.199802006432,
    18.913252472077));
#1801 = CARTESIAN_POINT('',(72.697164842962,42.16243330883,
    19.014014279076));
#1802 = CARTESIAN_POINT('',(72.65536864842,42.128323768302,
    19.119648864212));
#1803 = CARTESIAN_POINT('',(72.618516184457,42.098077878861,
    19.230088729561));
#1804 = CARTESIAN_POINT('',(72.548190026069,42.040121277784,
    19.489221033091));
#1805 = CARTESIAN_POINT('',(72.517700301393,42.014798923679,
    19.641240108467));
#1806 = CARTESIAN_POINT('',(72.497910797326,41.998263643949,
    19.798755386816));
#1807 = CARTESIAN_POINT('',(72.490032246149,41.991668677759,
    19.959100585089));
#1808 = CARTESIAN_POINT('',(72.494425905531,41.995361639916,
    20.11953211042));
#1809 = CARTESIAN_POINT('',(72.510609997973,42.008872858729,
    20.277316012756));
#1810 = CARTESIAN_POINT('',(72.552307591076,42.043460269397,
    20.516232448529));
#1811 = CARTESIAN_POINT('',(72.570713995565,42.058700133451,
    20.600812300595));
#1812 = CARTESIAN_POINT('',(72.592229346694,42.076468415526,
    20.683376879788));
#1813 = CARTESIAN_POINT('',(72.616621657887,42.096544006633,
    20.763754427682));
#1814 = CARTESIAN_POINT('',(72.643642432577,42.118688223924,
    20.841787277181));
#1815 = CARTESIAN_POINT('',(72.6730255894,42.142646243035,
    20.917332275156));
#1816 = CARTESIAN_POINT('',(72.729720770493,42.188603653361,
    21.048756751143));
#1817 = CARTESIAN_POINT('',(72.756320097659,42.210075257672,
    21.105634939327));
#1818 = CARTESIAN_POINT('',(72.784180143722,42.232458566976,
    21.160909082345));
#1819 = CARTESIAN_POINT('',(72.813204696161,42.255654758032,
    21.214596262022));
#1820 = CARTESIAN_POINT('',(72.843305546981,42.279570901384,
    21.266717114379));
#1821 = CARTESIAN_POINT('',(72.874402484593,42.304119901998,
    21.317295614693));
#1822 = CARTESIAN_POINT('',(72.987163337874,42.39251113437,
    21.490071232564));
#1823 = CARTESIAN_POINT('',(73.073857840587,42.459371198492,
    21.604272467705));
#1824 = CARTESIAN_POINT('',(73.165451608573,42.528574697884,
    21.709487668035));
#1825 = CARTESIAN_POINT('',(73.261241960565,42.599131865158,
    21.806296144513));
#1826 = CARTESIAN_POINT('',(73.360820314912,42.670225565744,
    21.895251454728));
#1827 = CARTESIAN_POINT('',(73.464037678804,42.741103052918,
    21.976818384195));
#1828 = CARTESIAN_POINT('',(73.676765114339,42.879969240268,
    22.125009673991));
#1829 = CARTESIAN_POINT('',(73.786005971,42.94785886422,22.191659121894)
  );
#1830 = CARTESIAN_POINT('',(73.89883553852,43.013812403691,
    22.251667407133));
#1831 = CARTESIAN_POINT('',(74.01540796294,43.076828933764,
    22.30512216246));
#1832 = CARTESIAN_POINT('',(74.135818409199,43.135537216837,
    22.351882703464));
#1833 = CARTESIAN_POINT('',(74.260152608816,43.188139284808,
    22.391691102565));
#1834 = CARTESIAN_POINT('',(74.471783724452,43.261343206588,
    22.445064253455));
#1835 = CARTESIAN_POINT('',(74.557067821779,43.286826369365,
    22.463034606449));
#1836 = CARTESIAN_POINT('',(74.643917375429,43.308187594835,
    22.477661464177));
#1837 = CARTESIAN_POINT('',(74.731907063857,43.324745636528,
    22.488762189155));
#1838 = CARTESIAN_POINT('',(74.820729957932,43.336009225179,
    22.496233293035));
#1839 = CARTESIAN_POINT('',(74.910158081915,43.341687604822,22.5));
#1840 = CARTESIAN_POINT('',(75.,43.341687604822,22.5));
#1841 = ORIENTED_EDGE('',*,*,#1842,.F.);
#1842 = EDGE_CURVE('',#1534,#1716,#1843,.T.);
#1843 = B_SPLINE_CURVE_WITH_KNOTS('',6,(#1844,#1845,#1846,#1847,#1848,
    #1849,#1850,#1851,#1852,#1853,#1854,#1855,#1856,#1857,#1858,#1859,
    #1860,#1861,#1862,#1863,#1864,#1865,#1866,#1867,#1868,#1869,#1870,
    #1871,#1872,#1873,#1874,#1875,#1876,#1877,#1878,#1879,#1880,#1881,
    #1882,#1883,#1884,#1885,#1886,#1887,#1888,#1889,#1890,#1891,#1892,
    #1893,#1894,#1895,#1896,#1897,#1898,#1899,#1900),.UNSPECIFIED.,.F.,
  .F.,(7,5,5,5,5,5,5,5,5,5,5,7),(0.,0.115973605202,0.167587122717,
    0.289109340973,0.39967910902,0.500301582162,0.567580299431,
    0.601347931627,0.711185646618,0.836862257736,0.885583197031,1.),
  .UNSPECIFIED.);
#1844 = CARTESIAN_POINT('',(73.,45.,23.));
#1845 = CARTESIAN_POINT('',(73.,44.85404567707,23.));
#1846 = CARTESIAN_POINT('',(73.012781664184,44.709199793907,
    22.991478676116));
#1847 = CARTESIAN_POINT('',(73.03798056122,44.567620081117,
    22.974680435318));
#1848 = CARTESIAN_POINT('',(73.074591500593,44.431403410173,
    22.950497457953));
#1849 = CARTESIAN_POINT('',(73.12097274531,44.302469387453,
    22.920446780175));
#1850 = CARTESIAN_POINT('',(73.198649194841,44.129046328068,
    22.871327440802));
#1851 = CARTESIAN_POINT('',(73.22412984483,44.077184589109,
    22.855357213545));
#1852 = CARTESIAN_POINT('',(73.251052900118,44.026879727357,
    22.838656129773));
#1853 = CARTESIAN_POINT('',(73.279310664515,43.978134539904,
    22.821331714378));
#1854 = CARTESIAN_POINT('',(73.308803180968,43.930946875287,
    22.803487430941));
#1855 = CARTESIAN_POINT('',(73.411567384607,43.77785834698,
    22.74221896977));
#1856 = CARTESIAN_POINT('',(73.490058566377,43.678959656488,
    22.696866858623));
#1857 = CARTESIAN_POINT('',(73.573870640902,43.588307387193,
    22.65036587736));
#1858 = CARTESIAN_POINT('',(73.662301305419,43.505550729791,
    22.603737651681));
#1859 = CARTESIAN_POINT('',(73.754913766021,43.43039087092,
    22.557901813736));
#1860 = CARTESIAN_POINT('',(73.939337902617,43.301025698496,
    22.473640239797));
#1861 = CARTESIAN_POINT('',(74.030540191179,43.245492712003,
    22.434886582036));
#1862 = CARTESIAN_POINT('',(74.124750622712,43.196065235231,
    22.398299837447));
#1863 = CARTESIAN_POINT('',(74.221701106901,43.152780690988,
    22.364661063056));
#1864 = CARTESIAN_POINT('',(74.321189442365,43.115712510782,
    22.334748544532));
#1865 = CARTESIAN_POINT('',(74.515796862244,43.057083446037,
    22.286130385003));
#1866 = CARTESIAN_POINT('',(74.61058065321,43.034404391833,
    22.266639498925));
#1867 = CARTESIAN_POINT('',(74.706854720846,43.017256797635,
    22.251502984939));
#1868 = CARTESIAN_POINT('',(74.804132664885,43.005764127692,
    22.241223553676));
#1869 = CARTESIAN_POINT('',(74.901984868195,43.,22.2360679775));
#1870 = CARTESIAN_POINT('',(75.065535383248,43.,22.2360679775));
#1871 = CARTESIAN_POINT('',(75.131044094789,43.002576971485,
    22.238372655237));
#1872 = CARTESIAN_POINT('',(75.196382793887,43.007726796808,
    22.242979462785));
#1873 = CARTESIAN_POINT('',(75.261399394078,43.015433208043,
    22.249831523269));
#1874 = CARTESIAN_POINT('',(75.325933144301,43.025662240439,
    22.258820914502));
#1875 = CARTESIAN_POINT('',(75.42187728943,43.044728111814,
    22.275298389043));
#1876 = CARTESIAN_POINT('',(75.453784267992,43.051722386374,
    22.281305690211));
#1877 = CARTESIAN_POINT('',(75.485520025545,43.059333853845,
    22.287795433262));
#1878 = CARTESIAN_POINT('',(75.517070483093,43.067556902762,
    22.29474793823));
#1879 = CARTESIAN_POINT('',(75.548423102801,43.076385965905,
    22.302142268043));
#1880 = CARTESIAN_POINT('',(75.680869880811,43.116487517125,
    22.335373099869));
#1881 = CARTESIAN_POINT('',(75.779795374614,43.153462858145,
    22.365189030798));
#1882 = CARTESIAN_POINT('',(75.876205984603,43.196588259444,
    22.398682493445));
#1883 = CARTESIAN_POINT('',(75.969902912593,43.245791723549,
    22.43508752414));
#1884 = CARTESIAN_POINT('',(76.060622850682,43.301036850751,
    22.473635675806));
#1885 = CARTESIAN_POINT('',(76.248059197117,43.432432238916,
    22.559244915483));
#1886 = CARTESIAN_POINT('',(76.343840247964,43.51050885663,
    22.606771581052));
#1887 = CARTESIAN_POINT('',(76.435130431654,43.596738755442,
    22.655116348686));
#1888 = CARTESIAN_POINT('',(76.521437114174,43.691460097194,
    22.703259090445));
#1889 = CARTESIAN_POINT('',(76.601958357781,43.795066058578,
    22.750055860315));
#1890 = CARTESIAN_POINT('',(76.704005049216,43.951623893373,
    22.811247536385));
#1891 = CARTESIAN_POINT('',(76.731467688566,43.996751409959,
    22.827938964266));
#1892 = CARTESIAN_POINT('',(76.757803501589,44.043272871798,
    22.844141159914));
#1893 = CARTESIAN_POINT('',(76.78292570923,44.091187698224,
    22.859765397825));
#1894 = CARTESIAN_POINT('',(76.806741729986,44.140491189702,
    22.874719945531));
#1895 = CARTESIAN_POINT('',(76.881784481509,44.310199850348,
    22.922234296811));
#1896 = CARTESIAN_POINT('',(76.927148947157,44.437919378579,
    22.951646990746));
#1897 = CARTESIAN_POINT('',(76.962925863486,44.572716615063,
    22.975284630518));
#1898 = CARTESIAN_POINT('',(76.987530316803,44.712707099472,
    22.991686689253));
#1899 = CARTESIAN_POINT('',(77.,44.855837955065,23.));
#1900 = CARTESIAN_POINT('',(77.,45.,23.));
#1901 = ORIENTED_EDGE('',*,*,#1533,.F.);
#1902 = ORIENTED_EDGE('',*,*,#1903,.T.);
#1903 = EDGE_CURVE('',#1525,#1904,#1906,.T.);
#1904 = VERTEX_POINT('',#1905);
#1905 = CARTESIAN_POINT('',(55.,42.,20.));
#1906 = ELLIPSE('',#1907,4.242640687119,3.);
#1907 = AXIS2_PLACEMENT_3D('',#1908,#1909,#1910);
#1908 = CARTESIAN_POINT('',(55.,45.,20.));
#1909 = DIRECTION('',(0.707106781187,0.,-0.707106781187));
#1910 = DIRECTION('',(0.707106781187,0.,0.707106781187));
#1911 = ORIENTED_EDGE('',*,*,#1912,.F.);
#1912 = EDGE_CURVE('',#1516,#1904,#1913,.T.);
#1913 = ELLIPSE('',#1914,4.242640687119,3.);
#1914 = AXIS2_PLACEMENT_3D('',#1915,#1916,#1917);
#1915 = CARTESIAN_POINT('',(55.,45.,20.));
#1916 = DIRECTION('',(0.707106781187,-0.,0.707106781187));
#1917 = DIRECTION('',(0.707106781187,0.,-0.707106781187));
#1918 = ORIENTED_EDGE('',*,*,#1919,.F.);
#1919 = EDGE_CURVE('',#688,#1516,#1920,.T.);
#1920 = LINE('',#1921,#1922);
#1921 = CARTESIAN_POINT('',(0.,45.,23.));
#1922 = VECTOR('',#1923,1.);
#1923 = DIRECTION('',(1.,0.,0.));
#1924 = ORIENTED_EDGE('',*,*,#687,.T.);
#1925 = ORIENTED_EDGE('',*,*,#1919,.T.);
#1926 = FACE_BOUND('',#1927,.F.);
#1927 = EDGE_LOOP('',(#1928,#1938,#1975,#2012,#2020));
#1928 = ORIENTED_EDGE('',*,*,#1929,.T.);
#1929 = EDGE_CURVE('',#1930,#1932,#1934,.T.);
#1930 = VERTEX_POINT('',#1931);
#1931 = CARTESIAN_POINT('',(17.354248688935,42.,20.));
#1932 = VERTEX_POINT('',#1933);
#1933 = CARTESIAN_POINT('',(22.645751311065,42.,20.));
#1934 = LINE('',#1935,#1936);
#1935 = CARTESIAN_POINT('',(0.,42.,20.));
#1936 = VECTOR('',#1937,1.);
#1937 = DIRECTION('',(1.,0.,0.));
#1938 = ORIENTED_EDGE('',*,*,#1939,.T.);
#1939 = EDGE_CURVE('',#1932,#1940,#1942,.T.);
#1940 = VERTEX_POINT('',#1941);
#1941 = CARTESIAN_POINT('',(24.,45.,17.));
#1942 = B_SPLINE_CURVE_WITH_KNOTS('',6,(#1943,#1944,#1945,#1946,#1947,
    #1948,#1949,#1950,#1951,#1952,#1953,#1954,#1955,#1956,#1957,#1958,
    #1959,#1960,#1961,#1962,#1963,#1964,#1965,#1966,#1967,#1968,#1969,
    #1970,#1971,#1972,#1973,#1974),.UNSPECIFIED.,.F.,.F.,(7,5,5,5,5,5,7)
  ,(0.,0.191558161724,0.430954819877,0.684745410299,0.785933813729,
    0.865473459284,1.),.UNSPECIFIED.);
#1943 = CARTESIAN_POINT('',(22.645751311065,42.,20.0000006));
#1944 = CARTESIAN_POINT('',(22.645751279163,41.999999971866,
    19.859328863278));
#1945 = CARTESIAN_POINT('',(22.654726279973,42.007915251033,
    19.71910340459));
#1946 = CARTESIAN_POINT('',(22.672570901901,42.023652394848,
    19.579880710143));
#1947 = CARTESIAN_POINT('',(22.698709478908,42.047063223853,
    19.442275420892));
#1948 = CARTESIAN_POINT('',(22.732092430636,42.077906868211,
    19.307067226954));
#1949 = CARTESIAN_POINT('',(22.820314700384,42.162669593784,
    19.010609375266));
#1950 = CARTESIAN_POINT('',(22.878576987444,42.220568571902,
    18.850796289578));
#1951 = CARTESIAN_POINT('',(22.944064429638,42.28883400321,
    18.695812836608));
#1952 = CARTESIAN_POINT('',(23.014855093423,42.367308723833,
    18.545762956398));
#1953 = CARTESIAN_POINT('',(23.089272379762,42.455973395978,
    18.400885265876));
#1954 = CARTESIAN_POINT('',(23.24692742954,42.660111305378,
    18.113791641606));
#1955 = CARTESIAN_POINT('',(23.330439637919,42.776892551024,
    17.972236320473));
#1956 = CARTESIAN_POINT('',(23.41475420686,42.905984749175,
    17.836878618589));
#1957 = CARTESIAN_POINT('',(23.498386300502,43.048303874961,
    17.708275416546));
#1958 = CARTESIAN_POINT('',(23.579534023635,43.204922130415,
    17.58764247586));
#1959 = CARTESIAN_POINT('',(23.686278420662,43.445338025067,
    17.432965371076));
#1960 = CARTESIAN_POINT('',(23.715950401168,43.516323526428,
    17.390453689616));
#1961 = CARTESIAN_POINT('',(23.74470775956,43.589808194793,
    17.349668512873));
#1962 = CARTESIAN_POINT('',(23.772378731826,43.66582933007,
    17.31077580023));
#1963 = CARTESIAN_POINT('',(23.798778514883,43.744415641637,
    17.27396090926));
#1964 = CARTESIAN_POINT('',(23.843306397104,43.889391587118,
    17.212284658922));
#1965 = CARTESIAN_POINT('',(23.861998621579,43.954802330656,
    17.18654738777));
#1966 = CARTESIAN_POINT('',(23.879672667779,44.021775768926,
    17.162339857678));
#1967 = CARTESIAN_POINT('',(23.896217912599,44.090263262705,
    17.139782421657));
#1968 = CARTESIAN_POINT('',(23.911526488269,44.160210681107,
    17.118992911448));
#1969 = CARTESIAN_POINT('',(23.949115521057,44.352229822189,
    17.068110185913));
#1970 = CARTESIAN_POINT('',(23.968952344171,44.477173858759,
    17.041450766114));
#1971 = CARTESIAN_POINT('',(23.98432663486,44.605431579389,
    17.02089667115));
#1972 = CARTESIAN_POINT('',(23.994763158575,44.736007066572,
    17.006983093949));
#1973 = CARTESIAN_POINT('',(24.,44.867876960108,17.));
#1974 = CARTESIAN_POINT('',(24.,45.,17.));
#1975 = ORIENTED_EDGE('',*,*,#1976,.T.);
#1976 = EDGE_CURVE('',#1940,#1977,#1979,.T.);
#1977 = VERTEX_POINT('',#1978);
#1978 = CARTESIAN_POINT('',(22.645751311065,48.,20.));
#1979 = B_SPLINE_CURVE_WITH_KNOTS('',7,(#1980,#1981,#1982,#1983,#1984,
    #1985,#1986,#1987,#1988,#1989,#1990,#1991,#1992,#1993,#1994,#1995,
    #1996,#1997,#1998,#1999,#2000,#2001,#2002,#2003,#2004,#2005,#2006,
    #2007,#2008,#2009,#2010,#2011),.UNSPECIFIED.,.F.,.F.,(8,6,6,6,6,8),(
    0.,0.135076922501,0.2140508814,0.570717839283,0.912702158498,1.),
  .UNSPECIFIED.);
#1980 = CARTESIAN_POINT('',(24.,45.,17.));
#1981 = CARTESIAN_POINT('',(24.,45.113587051251,17.));
#1982 = CARTESIAN_POINT('',(23.996236993522,45.226980444028,
    17.005017812475));
#1983 = CARTESIAN_POINT('',(23.988733794484,45.339584514271,
    17.015021235212));
#1984 = CARTESIAN_POINT('',(23.977609780373,45.450811265315,
    17.029876338961));
#1985 = CARTESIAN_POINT('',(23.963077571855,45.560083220757,
    17.049345197308));
#1986 = CARTESIAN_POINT('',(23.945439712395,45.666836277324,
    17.073083616545));
#1987 = CARTESIAN_POINT('',(23.913184982366,45.831143690474,
    17.116749294039));
#1988 = CARTESIAN_POINT('',(23.90034344748,45.890780012704,
    17.134181122177));
#1989 = CARTESIAN_POINT('',(23.886619358872,45.949398398896,
    17.152870052724));
#1990 = CARTESIAN_POINT('',(23.87207246723,46.006967999999,
    17.172750752397));
#1991 = CARTESIAN_POINT('',(23.856763658255,46.063460243451,
    17.193756851863));
#1992 = CARTESIAN_POINT('',(23.840754952668,46.118848833174,
    17.215820945739));
#1993 = CARTESIAN_POINT('',(23.748934336623,46.418166173949,
    17.342990863388));
#1994 = CARTESIAN_POINT('',(23.660833754518,46.640014126063,
    17.467200601756));
#1995 = CARTESIAN_POINT('',(23.564702791649,46.839577841327,
    17.606432180822));
#1996 = CARTESIAN_POINT('',(23.464337158962,47.018430547697,
    17.757252693965));
#1997 = CARTESIAN_POINT('',(23.362599537037,47.178332411065,
    17.917595195919));
#1998 = CARTESIAN_POINT('',(23.261758701893,47.320853364372,
    18.086577360933));
#1999 = CARTESIAN_POINT('',(23.07066501012,47.567955593544,
    18.434970749478));
#2000 = CARTESIAN_POINT('',(22.979732579297,47.674392655091,
    18.614421620233));
#2001 = CARTESIAN_POINT('',(22.894330885245,47.765965441617,
    18.801732309095));
#2002 = CARTESIAN_POINT('',(22.817657076268,47.842309316861,
    18.995961825393));
#2003 = CARTESIAN_POINT('',(22.753111730289,47.903099645987,
    19.196469432033));
#2004 = CARTESIAN_POINT('',(22.704068962803,47.947829970599,
    19.403033994484));
#2005 = CARTESIAN_POINT('',(22.665679202837,47.982325358408,
    19.670246352532));
#2006 = CARTESIAN_POINT('',(22.659096070171,47.988197434205,
    19.724851868584));
#2007 = CARTESIAN_POINT('',(22.653782483355,47.992910501263,
    19.779667944726));
#2008 = CARTESIAN_POINT('',(22.649773293624,47.996452987748,
    19.834641268498));
#2009 = CARTESIAN_POINT('',(22.647092154708,47.9988174366,
    19.889720464792));
#2010 = CARTESIAN_POINT('',(22.645751298559,48.000000011029,
    19.944856085641));
#2011 = CARTESIAN_POINT('',(22.645751311065,48.,20.0000006));
#2012 = ORIENTED_EDGE('',*,*,#2013,.F.);
#2013 = EDGE_CURVE('',#2014,#1977,#2016,.T.);
#2014 = VERTEX_POINT('',#2015);
#2015 = CARTESIAN_POINT('',(17.354248688935,48.,20.));
#2016 = LINE('',#2017,#2018);
#2017 = CARTESIAN_POINT('',(0.,48.,20.));
#2018 = VECTOR('',#2019,1.);
#2019 = DIRECTION('',(1.,0.,0.));
#2020 = ORIENTED_EDGE('',*,*,#2021,.F.);
#2021 = EDGE_CURVE('',#1930,#2014,#2022,.T.);
#2022 = B_SPLINE_CURVE_WITH_KNOTS('',7,(#2023,#2024,#2025,#2026,#2027,
    #2028,#2029,#2030,#2031,#2032,#2033,#2034,#2035,#2036,#2037,#2038,
    #2039,#2040,#2041,#2042,#2043,#2044,#2045,#2046,#2047,#2048,#2049,
    #2050,#2051,#2052,#2053,#2054,#2055,#2056,#2057,#2058,#2059,#2060,
    #2061,#2062,#2063,#2064,#2065,#2066,#2067,#2068,#2069,#2070,#2071,
    #2072,#2073,#2074,#2075,#2076,#2077,#2078,#2079,#2080,#2081,#2082,
    #2083,#2084),.UNSPECIFIED.,.F.,.F.,(8,6,6,6,6,6,6,6,6,6,8),(0.,
    9.584515809309E-02,0.215626066106,0.342608905388,0.393238011647,
    0.456730249306,0.544698250375,0.607224132848,0.785467444472,
    0.956373148611,1.),.UNSPECIFIED.);
#2023 = CARTESIAN_POINT('',(17.354248688935,42.,20.0000006));
#2024 = CARTESIAN_POINT('',(17.354248716279,41.999999975885,
    19.879424825667));
#2025 = CARTESIAN_POINT('',(17.347838005972,42.005653742699,
    19.759167821358));
#2026 = CARTESIAN_POINT('',(17.335076793211,42.016907904641,
    19.639547579191));
#2027 = CARTESIAN_POINT('',(17.31622685081,42.033685607279,
    19.520907014749));
#2028 = CARTESIAN_POINT('',(17.291752534884,42.05587569367,
    19.403644508338));
#2029 = CARTESIAN_POINT('',(17.262305491958,42.083289266002,
    19.288242276774));
#2030 = CARTESIAN_POINT('',(17.186686403601,42.155943030781,
    19.034135546751));
#2031 = CARTESIAN_POINT('',(17.138069380286,42.204026006727,
    18.896457171202));
#2032 = CARTESIAN_POINT('',(17.084001617018,42.259577389791,
    18.762234316456));
#2033 = CARTESIAN_POINT('',(17.025596714456,42.322466026332,
    18.631505745094));
#2034 = CARTESIAN_POINT('',(16.963882824766,42.392641487303,
    18.504369330534));
#2035 = CARTESIAN_POINT('',(16.899795205717,42.470129112831,
    18.380977077008));
#2036 = CARTESIAN_POINT('',(16.764662305909,42.645104463742,
    18.134896827638));
#2037 = CARTESIAN_POINT('',(16.693420993047,42.74352648084,
    18.01268069794));
#2038 = CARTESIAN_POINT('',(16.6213806084,42.850659521396,
    17.894889062254));
#2039 = CARTESIAN_POINT('',(16.549403467293,42.966978660226,
    17.781762960571));
#2040 = CARTESIAN_POINT('',(16.478428635746,43.093051947948,
    17.673808862064));
#2041 = CARTESIAN_POINT('',(16.409563631633,43.229477020747,
    17.571844521443));
#2042 = CARTESIAN_POINT('',(16.318068434181,43.435547787592,
    17.439264145913));
#2043 = CARTESIAN_POINT('',(16.292527307548,43.496041954611,
    17.402599884319));
#2044 = CARTESIAN_POINT('',(16.267616822608,43.558314765494,
    17.367147874335));
#2045 = CARTESIAN_POINT('',(16.243433252326,43.62238868134,
    17.333000207455));
#2046 = CARTESIAN_POINT('',(16.220078473015,43.688282561946,
    17.300257259952));
#2047 = CARTESIAN_POINT('',(16.197659933987,43.7560115051,
    17.269027750346));
#2048 = CARTESIAN_POINT('',(16.149492107439,43.91283855025,
    17.202309757479));
#2049 = CARTESIAN_POINT('',(16.124308655613,44.003107969303,
    17.167706649627));
#2050 = CARTESIAN_POINT('',(16.101030888071,44.096236064892,
    17.135945411249));
#2051 = CARTESIAN_POINT('',(16.079933550617,44.192048131037,
    17.107328407054));
#2052 = CARTESIAN_POINT('',(16.061273119681,44.290354002861,
    17.082136058298));
#2053 = CARTESIAN_POINT('',(16.04528540348,44.390948425518,
    17.060628472565));
#2054 = CARTESIAN_POINT('',(16.014030063531,44.635850207241,
    17.01868818207));
#2055 = CARTESIAN_POINT('',(16.00143203509,44.781933434547,
    17.001887489923));
#2056 = CARTESIAN_POINT('',(15.995055973127,44.930335971147,
    16.993421576526));
#2057 = CARTESIAN_POINT('',(15.995241533767,45.079491747397,
    16.993667979249));
#2058 = CARTESIAN_POINT('',(16.001982263483,45.227821561701,
    17.002619533565));
#2059 = CARTESIAN_POINT('',(16.01492591963,45.373760832837,
    17.019884434807));
#2060 = CARTESIAN_POINT('',(16.046520674445,45.616736852246,
    17.062290538675));
#2061 = CARTESIAN_POINT('',(16.062431792788,45.715659299495,
    17.083700844848));
#2062 = CARTESIAN_POINT('',(16.08092251252,45.812347553201,
    17.108670782792));
#2063 = CARTESIAN_POINT('',(16.101766852915,45.906608411869,
    17.136951121283));
#2064 = CARTESIAN_POINT('',(16.124719864005,45.998262887065,
    17.168274053907));
#2065 = CARTESIAN_POINT('',(16.149519833515,46.087146528576,
    17.202351697834));
#2066 = CARTESIAN_POINT('',(16.251065663377,46.418166173949,
    17.342990863389));
#2067 = CARTESIAN_POINT('',(16.339166245482,46.640014126063,
    17.467200601756));
#2068 = CARTESIAN_POINT('',(16.435297208351,46.839577841327,
    17.606432180823));
#2069 = CARTESIAN_POINT('',(16.535662841038,47.018430547696,
    17.757252693964));
#2070 = CARTESIAN_POINT('',(16.637400462964,47.178332411066,
    17.91759519592));
#2071 = CARTESIAN_POINT('',(16.738241298107,47.320853364372,
    18.086577360933));
#2072 = CARTESIAN_POINT('',(16.92933498988,47.567955593545,
    18.434970749479));
#2073 = CARTESIAN_POINT('',(17.020267420703,47.674392655091,
    18.614421620233));
#2074 = CARTESIAN_POINT('',(17.105669114755,47.765965441617,
    18.801732309095));
#2075 = CARTESIAN_POINT('',(17.182342923732,47.842309316861,
    18.995961825393));
#2076 = CARTESIAN_POINT('',(17.246888269711,47.903099645987,
    19.196469432032));
#2077 = CARTESIAN_POINT('',(17.295931037197,47.947829970599,
    19.403033994485));
#2078 = CARTESIAN_POINT('',(17.334320797163,47.982325358408,
    19.670246352532));
#2079 = CARTESIAN_POINT('',(17.340903929829,47.988197434205,
    19.724851868584));
#2080 = CARTESIAN_POINT('',(17.346217516645,47.992910501263,
    19.779667944726));
#2081 = CARTESIAN_POINT('',(17.350226706376,47.996452987748,
    19.834641268498));
#2082 = CARTESIAN_POINT('',(17.352907845292,47.9988174366,
    19.889720464792));
#2083 = CARTESIAN_POINT('',(17.354248701441,48.000000011029,
    19.944856085641));
#2084 = CARTESIAN_POINT('',(17.354248688935,48.,20.0000006));
#2085 = CYLINDRICAL_SURFACE('',#2086,3.);
#2086 = AXIS2_PLACEMENT_3D('',#2087,#2088,#2089);
#2087 = CARTESIAN_POINT('',(0.,45.,20.));
#2088 = DIRECTION('',(1.,0.,0.));
#2089 = DIRECTION('',(0.,0.,1.));
#2090 = ADVANCED_FACE('',(#2091),#2096,.F.);
#2091 = FACE_BOUND('',#2092,.F.);
#2092 = EDGE_LOOP('',(#2093,#2094,#2095));
#2093 = ORIENTED_EDGE('',*,*,#738,.F.);
#2094 = ORIENTED_EDGE('',*,*,#861,.T.);
#2095 = ORIENTED_EDGE('',*,*,#706,.F.);
#2096 = PLANE('',#2097);
#2097 = AXIS2_PLACEMENT_3D('',#2098,#2099,#2100);
#2098 = CARTESIAN_POINT('',(240.,1.,1.));
#2099 = DIRECTION('',(-0.57735026919,0.57735026919,0.57735026919));
#2100 = DIRECTION('',(0.,0.707106781187,-0.707106781187));
#2101 = ADVANCED_FACE('',(#2102),#2107,.F.);
#2102 = FACE_BOUND('',#2103,.F.);
#2103 = EDGE_LOOP('',(#2104,#2105,#2106));
#2104 = ORIENTED_EDGE('',*,*,#723,.F.);
#2105 = ORIENTED_EDGE('',*,*,#1107,.T.);
#2106 = ORIENTED_EDGE('',*,*,#747,.F.);
#2107 = PLANE('',#2108);
#2108 = AXIS2_PLACEMENT_3D('',#2109,#2110,#2111);
#2109 = CARTESIAN_POINT('',(239.,1.,75.));
#2110 = DIRECTION('',(-0.57735026919,0.57735026919,-0.57735026919));
#2111 = DIRECTION('',(0.707106781187,0.707106781187,-2.775557561563E-17)
  );
#2112 = ADVANCED_FACE('',(#2113,#2119),#2130,.T.);
#2113 = FACE_BOUND('',#2114,.T.);
#2114 = EDGE_LOOP('',(#2115,#2116,#2117,#2118));
#2115 = ORIENTED_EDGE('',*,*,#755,.F.);
#2116 = ORIENTED_EDGE('',*,*,#876,.T.);
#2117 = ORIENTED_EDGE('',*,*,#1399,.T.);
#2118 = ORIENTED_EDGE('',*,*,#1122,.F.);
#2119 = FACE_BOUND('',#2120,.T.);
#2120 = EDGE_LOOP('',(#2121));
#2121 = ORIENTED_EDGE('',*,*,#2122,.T.);
#2122 = EDGE_CURVE('',#2123,#2123,#2125,.T.);
#2123 = VERTEX_POINT('',#2124);
#2124 = CARTESIAN_POINT('',(240.,45.,13.4215));
#2125 = CIRCLE('',#2126,6.5785);
#2126 = AXIS2_PLACEMENT_3D('',#2127,#2128,#2129);
#2127 = CARTESIAN_POINT('',(240.,45.,20.));
#2128 = DIRECTION('',(-1.,0.,0.));
#2129 = DIRECTION('',(0.,0.,-1.));
#2130 = PLANE('',#2131);
#2131 = AXIS2_PLACEMENT_3D('',#2132,#2133,#2134);
#2132 = CARTESIAN_POINT('',(240.,0.,0.));
#2133 = DIRECTION('',(1.,0.,0.));
#2134 = DIRECTION('',(0.,0.,1.));
#2135 = ADVANCED_FACE('',(#2136,#2139),#2150,.F.);
#2136 = FACE_BOUND('',#2137,.F.);
#2137 = EDGE_LOOP('',(#2138));
#2138 = ORIENTED_EDGE('',*,*,#777,.T.);
#2139 = FACE_BOUND('',#2140,.F.);
#2140 = EDGE_LOOP('',(#2141));
#2141 = ORIENTED_EDGE('',*,*,#2142,.F.);
#2142 = EDGE_CURVE('',#2143,#2143,#2145,.T.);
#2143 = VERTEX_POINT('',#2144);
#2144 = CARTESIAN_POINT('',(75.,12.,22.5));
#2145 = CIRCLE('',#2146,2.5);
#2146 = AXIS2_PLACEMENT_3D('',#2147,#2148,#2149);
#2147 = CARTESIAN_POINT('',(75.,12.,20.));
#2148 = DIRECTION('',(0.,1.,0.));
#2149 = DIRECTION('',(0.,0.,1.));
#2150 = PLANE('',#2151);
#2151 = AXIS2_PLACEMENT_3D('',#2152,#2153,#2154);
#2152 = CARTESIAN_POINT('',(75.,12.,20.));
#2153 = DIRECTION('',(0.,1.,0.));
#2154 = DIRECTION('',(0.,0.,1.));
#2155 = ADVANCED_FACE('',(#2156,#2159),#2170,.F.);
#2156 = FACE_BOUND('',#2157,.F.);
#2157 = EDGE_LOOP('',(#2158));
#2158 = ORIENTED_EDGE('',*,*,#802,.T.);
#2159 = FACE_BOUND('',#2160,.F.);
#2160 = EDGE_LOOP('',(#2161));
#2161 = ORIENTED_EDGE('',*,*,#2162,.F.);
#2162 = EDGE_CURVE('',#2163,#2163,#2165,.T.);
#2163 = VERTEX_POINT('',#2164);
#2164 = CARTESIAN_POINT('',(125.,14.,24.25));
#2165 = CIRCLE('',#2166,4.25);
#2166 = AXIS2_PLACEMENT_3D('',#2167,#2168,#2169);
#2167 = CARTESIAN_POINT('',(125.,14.,20.));
#2168 = DIRECTION('',(0.,1.,0.));
#2169 = DIRECTION('',(0.,0.,1.));
#2170 = PLANE('',#2171);
#2171 = AXIS2_PLACEMENT_3D('',#2172,#2173,#2174);
#2172 = CARTESIAN_POINT('',(125.,14.,20.));
#2173 = DIRECTION('',(0.,1.,0.));
#2174 = DIRECTION('',(0.,0.,1.));
#2175 = ADVANCED_FACE('',(#2176,#2179),#2190,.F.);
#2176 = FACE_BOUND('',#2177,.F.);
#2177 = EDGE_LOOP('',(#2178));
#2178 = ORIENTED_EDGE('',*,*,#827,.T.);
#2179 = FACE_BOUND('',#2180,.F.);
#2180 = EDGE_LOOP('',(#2181));
#2181 = ORIENTED_EDGE('',*,*,#2182,.F.);
#2182 = EDGE_CURVE('',#2183,#2183,#2185,.T.);
#2183 = VERTEX_POINT('',#2184);
#2184 = CARTESIAN_POINT('',(165.,12.,22.5));
#2185 = CIRCLE('',#2186,2.5);
#2186 = AXIS2_PLACEMENT_3D('',#2187,#2188,#2189);
#2187 = CARTESIAN_POINT('',(165.,12.,20.));
#2188 = DIRECTION('',(0.,1.,0.));
#2189 = DIRECTION('',(0.,0.,1.));
#2190 = PLANE('',#2191);
#2191 = AXIS2_PLACEMENT_3D('',#2192,#2193,#2194);
#2192 = CARTESIAN_POINT('',(165.,12.,20.));
#2193 = DIRECTION('',(0.,1.,0.));
#2194 = DIRECTION('',(0.,0.,1.));
#2195 = ADVANCED_FACE('',(#2196),#2201,.F.);
#2196 = FACE_BOUND('',#2197,.F.);
#2197 = EDGE_LOOP('',(#2198,#2199,#2200));
#2198 = ORIENTED_EDGE('',*,*,#868,.F.);
#2199 = ORIENTED_EDGE('',*,*,#1386,.T.);
#2200 = ORIENTED_EDGE('',*,*,#846,.F.);
#2201 = PLANE('',#2202);
#2202 = AXIS2_PLACEMENT_3D('',#2203,#2204,#2205);
#2203 = CARTESIAN_POINT('',(240.,89.,1.));
#2204 = DIRECTION('',(-0.57735026919,-0.57735026919,0.57735026919));
#2205 = DIRECTION('',(0.,0.707106781187,0.707106781187));
#2206 = ADVANCED_FACE('',(#2207),#2210,.F.);
#2207 = FACE_BOUND('',#2208,.F.);
#2208 = EDGE_LOOP('',(#2209));
#2209 = ORIENTED_EDGE('',*,*,#898,.T.);
#2210 = PLANE('',#2211);
#2211 = AXIS2_PLACEMENT_3D('',#2212,#2213,#2214);
#2212 = CARTESIAN_POINT('',(8.,8.,10.));
#2213 = DIRECTION('',(0.,0.,1.));
#2214 = DIRECTION('',(1.,0.,0.));
#2215 = ADVANCED_FACE('',(#2216,#2219),#2222,.T.);
#2216 = FACE_BOUND('',#2217,.T.);
#2217 = EDGE_LOOP('',(#2218));
#2218 = ORIENTED_EDGE('',*,*,#1145,.T.);
#2219 = FACE_BOUND('',#2220,.T.);
#2220 = EDGE_LOOP('',(#2221));
#2221 = ORIENTED_EDGE('',*,*,#915,.F.);
#2222 = PLANE('',#2223);
#2223 = AXIS2_PLACEMENT_3D('',#2224,#2225,#2226);
#2224 = CARTESIAN_POINT('',(30.,12.,66.));
#2225 = DIRECTION('',(0.,0.,1.));
#2226 = DIRECTION('',(1.,0.,0.));
#2227 = ADVANCED_FACE('',(#2228,#2231),#2234,.T.);
#2228 = FACE_BOUND('',#2229,.T.);
#2229 = EDGE_LOOP('',(#2230));
#2230 = ORIENTED_EDGE('',*,*,#1170,.T.);
#2231 = FACE_BOUND('',#2232,.T.);
#2232 = EDGE_LOOP('',(#2233));
#2233 = ORIENTED_EDGE('',*,*,#940,.F.);
#2234 = PLANE('',#2235);
#2235 = AXIS2_PLACEMENT_3D('',#2236,#2237,#2238);
#2236 = CARTESIAN_POINT('',(210.,12.,66.));
#2237 = DIRECTION('',(0.,0.,1.));
#2238 = DIRECTION('',(1.,0.,0.));
#2239 = ADVANCED_FACE('',(#2240,#2243),#2254,.F.);
#2240 = FACE_BOUND('',#2241,.F.);
#2241 = EDGE_LOOP('',(#2242));
#2242 = ORIENTED_EDGE('',*,*,#973,.T.);
#2243 = FACE_BOUND('',#2244,.F.);
#2244 = EDGE_LOOP('',(#2245));
#2245 = ORIENTED_EDGE('',*,*,#2246,.F.);
#2246 = EDGE_CURVE('',#2247,#2247,#2249,.T.);
#2247 = VERTEX_POINT('',#2248);
#2248 = CARTESIAN_POINT('',(27.,45.,2.));
#2249 = CIRCLE('',#2250,7.);
#2250 = AXIS2_PLACEMENT_3D('',#2251,#2252,#2253);
#2251 = CARTESIAN_POINT('',(20.,45.,2.));
#2252 = DIRECTION('',(0.,0.,1.));
#2253 = DIRECTION('',(1.,0.,0.));
#2254 = PLANE('',#2255);
#2255 = AXIS2_PLACEMENT_3D('',#2256,#2257,#2258);
#2256 = CARTESIAN_POINT('',(20.,45.,2.));
#2257 = DIRECTION('',(0.,0.,1.));
#2258 = DIRECTION('',(1.,0.,0.));
#2259 = ADVANCED_FACE('',(#2260,#2263),#2266,.T.);
#2260 = FACE_BOUND('',#2261,.T.);
#2261 = EDGE_LOOP('',(#2262));
#2262 = ORIENTED_EDGE('',*,*,#1270,.T.);
#2263 = FACE_BOUND('',#2264,.T.);
#2264 = EDGE_LOOP('',(#2265));
#2265 = ORIENTED_EDGE('',*,*,#990,.F.);
#2266 = PLANE('',#2267);
#2267 = AXIS2_PLACEMENT_3D('',#2268,#2269,#2270);
#2268 = CARTESIAN_POINT('',(30.,78.,66.));
#2269 = DIRECTION('',(0.,0.,1.));
#2270 = DIRECTION('',(1.,0.,0.));
#2271 = ADVANCED_FACE('',(#2272,#2275),#2286,.F.);
#2272 = FACE_BOUND('',#2273,.F.);
#2273 = EDGE_LOOP('',(#2274));
#2274 = ORIENTED_EDGE('',*,*,#1023,.T.);
#2275 = FACE_BOUND('',#2276,.F.);
#2276 = EDGE_LOOP('',(#2277));
#2277 = ORIENTED_EDGE('',*,*,#2278,.F.);
#2278 = EDGE_CURVE('',#2279,#2279,#2281,.T.);
#2279 = VERTEX_POINT('',#2280);
#2280 = CARTESIAN_POINT('',(227.,45.,2.));
#2281 = CIRCLE('',#2282,7.);
#2282 = AXIS2_PLACEMENT_3D('',#2283,#2284,#2285);
#2283 = CARTESIAN_POINT('',(220.,45.,2.));
#2284 = DIRECTION('',(0.,0.,1.));
#2285 = DIRECTION('',(1.,0.,0.));
#2286 = PLANE('',#2287);
#2287 = AXIS2_PLACEMENT_3D('',#2288,#2289,#2290);
#2288 = CARTESIAN_POINT('',(220.,45.,2.));
#2289 = DIRECTION('',(0.,0.,1.));
#2290 = DIRECTION('',(1.,0.,0.));
#2291 = ADVANCED_FACE('',(#2292,#2295),#2298,.T.);
#2292 = FACE_BOUND('',#2293,.T.);
#2293 = EDGE_LOOP('',(#2294));
#2294 = ORIENTED_EDGE('',*,*,#1370,.T.);
#2295 = FACE_BOUND('',#2296,.T.);
#2296 = EDGE_LOOP('',(#2297));
#2297 = ORIENTED_EDGE('',*,*,#1040,.F.);
#2298 = PLANE('',#2299);
#2299 = AXIS2_PLACEMENT_3D('',#2300,#2301,#2302);
#2300 = CARTESIAN_POINT('',(210.,78.,66.));
#2301 = DIRECTION('',(0.,0.,1.));
#2302 = DIRECTION('',(1.,0.,0.));
#2303 = ADVANCED_FACE('',(#2304),#2307,.F.);
#2304 = FACE_BOUND('',#2305,.F.);
#2305 = EDGE_LOOP('',(#2306));
#2306 = ORIENTED_EDGE('',*,*,#1073,.T.);
#2307 = PLANE('',#2308);
#2308 = AXIS2_PLACEMENT_3D('',#2309,#2310,#2311);
#2309 = CARTESIAN_POINT('',(232.,82.,10.));
#2310 = DIRECTION('',(0.,0.,1.));
#2311 = DIRECTION('',(1.,0.,0.));
#2312 = ADVANCED_FACE('',(#2313),#2318,.T.);
#2313 = FACE_BOUND('',#2314,.T.);
#2314 = EDGE_LOOP('',(#2315,#2316,#2317));
#2315 = ORIENTED_EDGE('',*,*,#1114,.F.);
#2316 = ORIENTED_EDGE('',*,*,#1393,.T.);
#2317 = ORIENTED_EDGE('',*,*,#1092,.F.);
#2318 = PLANE('',#2319);
#2319 = AXIS2_PLACEMENT_3D('',#2320,#2321,#2322);
#2320 = CARTESIAN_POINT('',(240.,89.,74.));
#2321 = DIRECTION('',(0.57735026919,0.57735026919,0.57735026919));
#2322 = DIRECTION('',(0.,0.707106781187,-0.707106781187));
#2323 = ADVANCED_FACE('',(#2324,#2327),#2338,.T.);
#2324 = FACE_BOUND('',#2325,.T.);
#2325 = EDGE_LOOP('',(#2326));
#2326 = ORIENTED_EDGE('',*,*,#1195,.T.);
#2327 = FACE_BOUND('',#2328,.T.);
#2328 = EDGE_LOOP('',(#2329));
#2329 = ORIENTED_EDGE('',*,*,#2330,.F.);
#2330 = EDGE_CURVE('',#2331,#2331,#2333,.T.);
#2331 = VERTEX_POINT('',#2332);
#2332 = CARTESIAN_POINT('',(63.74,45.,61.));
#2333 = CIRCLE('',#2334,8.74);
#2334 = AXIS2_PLACEMENT_3D('',#2335,#2336,#2337);
#2335 = CARTESIAN_POINT('',(55.,45.,61.));
#2336 = DIRECTION('',(0.,0.,1.));
#2337 = DIRECTION('',(1.,0.,0.));
#2338 = PLANE('',#2339);
#2339 = AXIS2_PLACEMENT_3D('',#2340,#2341,#2342);
#2340 = CARTESIAN_POINT('',(55.,45.,61.));
#2341 = DIRECTION('',(0.,0.,1.));
#2342 = DIRECTION('',(1.,0.,0.));
#2343 = ADVANCED_FACE('',(#2344,#2347),#2358,.F.);
#2344 = FACE_BOUND('',#2345,.F.);
#2345 = EDGE_LOOP('',(#2346));
#2346 = ORIENTED_EDGE('',*,*,#1219,.T.);
#2347 = FACE_BOUND('',#2348,.F.);
#2348 = EDGE_LOOP('',(#2349));
#2349 = ORIENTED_EDGE('',*,*,#2350,.T.);
#2350 = EDGE_CURVE('',#2351,#2351,#2353,.T.);
#2351 = VERTEX_POINT('',#2352);
#2352 = CARTESIAN_POINT('',(77.,45.,65.));
#2353 = CIRCLE('',#2354,2.);
#2354 = AXIS2_PLACEMENT_3D('',#2355,#2356,#2357);
#2355 = CARTESIAN_POINT('',(75.,45.,65.));
#2356 = DIRECTION('',(0.,0.,1.));
#2357 = DIRECTION('',(1.,0.,0.));
#2358 = PLANE('',#2359);
#2359 = AXIS2_PLACEMENT_3D('',#2360,#2361,#2362);
#2360 = CARTESIAN_POINT('',(75.,45.,65.));
#2361 = DIRECTION('',(0.,0.,-1.));
#2362 = DIRECTION('',(-1.,0.,0.));
#2363 = ADVANCED_FACE('',(#2364,#2367),#2378,.T.);
#2364 = FACE_BOUND('',#2365,.T.);
#2365 = EDGE_LOOP('',(#2366));
#2366 = ORIENTED_EDGE('',*,*,#1245,.T.);
#2367 = FACE_BOUND('',#2368,.T.);
#2368 = EDGE_LOOP('',(#2369));
#2369 = ORIENTED_EDGE('',*,*,#2370,.F.);
#2370 = EDGE_CURVE('',#2371,#2371,#2373,.T.);
#2371 = VERTEX_POINT('',#2372);
#2372 = CARTESIAN_POINT('',(103.74,45.,61.));
#2373 = CIRCLE('',#2374,8.74);
#2374 = AXIS2_PLACEMENT_3D('',#2375,#2376,#2377);
#2375 = CARTESIAN_POINT('',(95.,45.,61.));
#2376 = DIRECTION('',(0.,0.,1.));
#2377 = DIRECTION('',(1.,0.,0.));
#2378 = PLANE('',#2379);
#2379 = AXIS2_PLACEMENT_3D('',#2380,#2381,#2382);
#2380 = CARTESIAN_POINT('',(95.,45.,61.));
#2381 = DIRECTION('',(0.,0.,1.));
#2382 = DIRECTION('',(1.,0.,0.));
#2383 = ADVANCED_FACE('',(#2384,#2387),#2398,.T.);
#2384 = FACE_BOUND('',#2385,.T.);
#2385 = EDGE_LOOP('',(#2386));
#2386 = ORIENTED_EDGE('',*,*,#1295,.T.);
#2387 = FACE_BOUND('',#2388,.T.);
#2388 = EDGE_LOOP('',(#2389));
#2389 = ORIENTED_EDGE('',*,*,#2390,.F.);
#2390 = EDGE_CURVE('',#2391,#2391,#2393,.T.);
#2391 = VERTEX_POINT('',#2392);
#2392 = CARTESIAN_POINT('',(153.74,45.,61.));
#2393 = CIRCLE('',#2394,8.74);
#2394 = AXIS2_PLACEMENT_3D('',#2395,#2396,#2397);
#2395 = CARTESIAN_POINT('',(145.,45.,61.));
#2396 = DIRECTION('',(0.,0.,1.));
#2397 = DIRECTION('',(1.,0.,0.));
#2398 = PLANE('',#2399);
#2399 = AXIS2_PLACEMENT_3D('',#2400,#2401,#2402);
#2400 = CARTESIAN_POINT('',(145.,45.,61.));
#2401 = DIRECTION('',(0.,0.,1.));
#2402 = DIRECTION('',(1.,0.,0.));
#2403 = ADVANCED_FACE('',(#2404,#2407),#2418,.F.);
#2404 = FACE_BOUND('',#2405,.F.);
#2405 = EDGE_LOOP('',(#2406));
#2406 = ORIENTED_EDGE('',*,*,#1319,.T.);
#2407 = FACE_BOUND('',#2408,.F.);
#2408 = EDGE_LOOP('',(#2409));
#2409 = ORIENTED_EDGE('',*,*,#2410,.T.);
#2410 = EDGE_CURVE('',#2411,#2411,#2413,.T.);
#2411 = VERTEX_POINT('',#2412);
#2412 = CARTESIAN_POINT('',(167.,45.,65.));
#2413 = CIRCLE('',#2414,2.);
#2414 = AXIS2_PLACEMENT_3D('',#2415,#2416,#2417);
#2415 = CARTESIAN_POINT('',(165.,45.,65.));
#2416 = DIRECTION('',(0.,0.,1.));
#2417 = DIRECTION('',(1.,0.,0.));
#2418 = PLANE('',#2419);
#2419 = AXIS2_PLACEMENT_3D('',#2420,#2421,#2422);
#2420 = CARTESIAN_POINT('',(165.,45.,65.));
#2421 = DIRECTION('',(0.,0.,-1.));
#2422 = DIRECTION('',(-1.,0.,0.));
#2423 = ADVANCED_FACE('',(#2424,#2427),#2438,.T.);
#2424 = FACE_BOUND('',#2425,.T.);
#2425 = EDGE_LOOP('',(#2426));
#2426 = ORIENTED_EDGE('',*,*,#1345,.T.);
#2427 = FACE_BOUND('',#2428,.T.);
#2428 = EDGE_LOOP('',(#2429));
#2429 = ORIENTED_EDGE('',*,*,#2430,.F.);
#2430 = EDGE_CURVE('',#2431,#2431,#2433,.T.);
#2431 = VERTEX_POINT('',#2432);
#2432 = CARTESIAN_POINT('',(193.74,45.,61.));
#2433 = CIRCLE('',#2434,8.74);
#2434 = AXIS2_PLACEMENT_3D('',#2435,#2436,#2437);
#2435 = CARTESIAN_POINT('',(185.,45.,61.));
#2436 = DIRECTION('',(0.,0.,1.));
#2437 = DIRECTION('',(1.,0.,0.));
#2438 = PLANE('',#2439);
#2439 = AXIS2_PLACEMENT_3D('',#2440,#2441,#2442);
#2440 = CARTESIAN_POINT('',(185.,45.,61.));
#2441 = DIRECTION('',(0.,0.,1.));
#2442 = DIRECTION('',(1.,0.,0.));
#2443 = ADVANCED_FACE('',(#2444,#2447),#2458,.F.);
#2444 = FACE_BOUND('',#2445,.F.);
#2445 = EDGE_LOOP('',(#2446));
#2446 = ORIENTED_EDGE('',*,*,#1421,.T.);
#2447 = FACE_BOUND('',#2448,.F.);
#2448 = EDGE_LOOP('',(#2449));
#2449 = ORIENTED_EDGE('',*,*,#2450,.T.);
#2450 = EDGE_CURVE('',#2451,#2451,#2453,.T.);
#2451 = VERTEX_POINT('',#2452);
#2452 = CARTESIAN_POINT('',(55.,76.,59.));
#2453 = CIRCLE('',#2454,3.);
#2454 = AXIS2_PLACEMENT_3D('',#2455,#2456,#2457);
#2455 = CARTESIAN_POINT('',(55.,76.,56.));
#2456 = DIRECTION('',(0.,1.,0.));
#2457 = DIRECTION('',(0.,0.,1.));
#2458 = PLANE('',#2459);
#2459 = AXIS2_PLACEMENT_3D('',#2460,#2461,#2462);
#2460 = CARTESIAN_POINT('',(55.,76.,56.));
#2461 = DIRECTION('',(0.,-1.,0.));
#2462 = DIRECTION('',(0.,0.,-1.));
#2463 = ADVANCED_FACE('',(#2464,#2467),#2478,.F.);
#2464 = FACE_BOUND('',#2465,.F.);
#2465 = EDGE_LOOP('',(#2466));
#2466 = ORIENTED_EDGE('',*,*,#1446,.T.);
#2467 = FACE_BOUND('',#2468,.F.);
#2468 = EDGE_LOOP('',(#2469));
#2469 = ORIENTED_EDGE('',*,*,#2470,.T.);
#2470 = EDGE_CURVE('',#2471,#2471,#2473,.T.);
#2471 = VERTEX_POINT('',#2472);
#2472 = CARTESIAN_POINT('',(95.,76.,59.));
#2473 = CIRCLE('',#2474,3.);
#2474 = AXIS2_PLACEMENT_3D('',#2475,#2476,#2477);
#2475 = CARTESIAN_POINT('',(95.,76.,56.));
#2476 = DIRECTION('',(0.,1.,0.));
#2477 = DIRECTION('',(0.,0.,1.));
#2478 = PLANE('',#2479);
#2479 = AXIS2_PLACEMENT_3D('',#2480,#2481,#2482);
#2480 = CARTESIAN_POINT('',(95.,76.,56.));
#2481 = DIRECTION('',(0.,-1.,0.));
#2482 = DIRECTION('',(0.,0.,-1.));
#2483 = ADVANCED_FACE('',(#2484,#2487),#2498,.F.);
#2484 = FACE_BOUND('',#2485,.F.);
#2485 = EDGE_LOOP('',(#2486));
#2486 = ORIENTED_EDGE('',*,*,#1471,.T.);
#2487 = FACE_BOUND('',#2488,.F.);
#2488 = EDGE_LOOP('',(#2489));
#2489 = ORIENTED_EDGE('',*,*,#2490,.T.);
#2490 = EDGE_CURVE('',#2491,#2491,#2493,.T.);
#2491 = VERTEX_POINT('',#2492);
#2492 = CARTESIAN_POINT('',(145.,76.,59.));
#2493 = CIRCLE('',#2494,3.);
#2494 = AXIS2_PLACEMENT_3D('',#2495,#2496,#2497);
#2495 = CARTESIAN_POINT('',(145.,76.,56.));
#2496 = DIRECTION('',(0.,1.,0.));
#2497 = DIRECTION('',(0.,0.,1.));
#2498 = PLANE('',#2499);
#2499 = AXIS2_PLACEMENT_3D('',#2500,#2501,#2502);
#2500 = CARTESIAN_POINT('',(145.,76.,56.));
#2501 = DIRECTION('',(0.,-1.,0.));
#2502 = DIRECTION('',(0.,0.,-1.));
#2503 = ADVANCED_FACE('',(#2504,#2507),#2518,.F.);
#2504 = FACE_BOUND('',#2505,.F.);
#2505 = EDGE_LOOP('',(#2506));
#2506 = ORIENTED_EDGE('',*,*,#1496,.T.);
#2507 = FACE_BOUND('',#2508,.F.);
#2508 = EDGE_LOOP('',(#2509));
#2509 = ORIENTED_EDGE('',*,*,#2510,.T.);
#2510 = EDGE_CURVE('',#2511,#2511,#2513,.T.);
#2511 = VERTEX_POINT('',#2512);
#2512 = CARTESIAN_POINT('',(185.,76.,59.));
#2513 = CIRCLE('',#2514,3.);
#2514 = AXIS2_PLACEMENT_3D('',#2515,#2516,#2517);
#2515 = CARTESIAN_POINT('',(185.,76.,56.));
#2516 = DIRECTION('',(0.,1.,0.));
#2517 = DIRECTION('',(0.,0.,1.));
#2518 = PLANE('',#2519);
#2519 = AXIS2_PLACEMENT_3D('',#2520,#2521,#2522);
#2520 = CARTESIAN_POINT('',(185.,76.,56.));
#2521 = DIRECTION('',(0.,-1.,0.));
#2522 = DIRECTION('',(0.,0.,-1.));
#2523 = ADVANCED_FACE('',(#2524),#2555,.F.);
#2524 = FACE_BOUND('',#2525,.F.);
#2525 = EDGE_LOOP('',(#2526,#2527,#2535,#2544,#2551,#2552,#2553,#2554));
#2526 = ORIENTED_EDGE('',*,*,#1903,.F.);
#2527 = ORIENTED_EDGE('',*,*,#2528,.T.);
#2528 = EDGE_CURVE('',#1525,#2529,#2531,.T.);
#2529 = VERTEX_POINT('',#2530);
#2530 = CARTESIAN_POINT('',(58.,45.,39.7361228));
#2531 = LINE('',#2532,#2533);
#2532 = CARTESIAN_POINT('',(58.,45.,20.));
#2533 = VECTOR('',#2534,1.);
#2534 = DIRECTION('',(0.,0.,1.));
#2535 = ORIENTED_EDGE('',*,*,#2536,.F.);
#2536 = EDGE_CURVE('',#2537,#2529,#2539,.T.);
#2537 = VERTEX_POINT('',#2538);
#2538 = CARTESIAN_POINT('',(52.,45.,39.7361228));
#2539 = CIRCLE('',#2540,3.);
#2540 = AXIS2_PLACEMENT_3D('',#2541,#2542,#2543);
#2541 = CARTESIAN_POINT('',(55.,45.,39.7361228));
#2542 = DIRECTION('',(-0.,0.,1.));
#2543 = DIRECTION('',(0.,-1.,0.));
#2544 = ORIENTED_EDGE('',*,*,#2545,.F.);
#2545 = EDGE_CURVE('',#2529,#2537,#2546,.T.);
#2546 = CIRCLE('',#2547,3.);
#2547 = AXIS2_PLACEMENT_3D('',#2548,#2549,#2550);
#2548 = CARTESIAN_POINT('',(55.,45.,39.7361228));
#2549 = DIRECTION('',(-0.,0.,1.));
#2550 = DIRECTION('',(0.,-1.,0.));
#2551 = ORIENTED_EDGE('',*,*,#2528,.F.);
#2552 = ORIENTED_EDGE('',*,*,#1524,.F.);
#2553 = ORIENTED_EDGE('',*,*,#1513,.T.);
#2554 = ORIENTED_EDGE('',*,*,#1912,.T.);
#2555 = CYLINDRICAL_SURFACE('',#2556,3.);
#2556 = AXIS2_PLACEMENT_3D('',#2557,#2558,#2559);
#2557 = CARTESIAN_POINT('',(55.,45.,20.));
#2558 = DIRECTION('',(0.,0.,1.));
#2559 = DIRECTION('',(1.,0.,0.));
#2560 = ADVANCED_FACE('',(#2561),#2606,.F.);
#2561 = FACE_BOUND('',#2562,.F.);
#2562 = EDGE_LOOP('',(#2563,#2564,#2570,#2571,#2572,#2573,#2574,#2591));
#2563 = ORIENTED_EDGE('',*,*,#1653,.T.);
#2564 = ORIENTED_EDGE('',*,*,#2565,.T.);
#2565 = EDGE_CURVE('',#1542,#2351,#2566,.T.);
#2566 = LINE('',#2567,#2568);
#2567 = CARTESIAN_POINT('',(77.,45.,20.));
#2568 = VECTOR('',#2569,1.);
#2569 = DIRECTION('',(0.,0.,1.));
#2570 = ORIENTED_EDGE('',*,*,#2350,.F.);
#2571 = ORIENTED_EDGE('',*,*,#2565,.F.);
#2572 = ORIENTED_EDGE('',*,*,#1541,.T.);
#2573 = ORIENTED_EDGE('',*,*,#1842,.T.);
#2574 = ORIENTED_EDGE('',*,*,#2575,.T.);
#2575 = EDGE_CURVE('',#1716,#2576,#2578,.T.);
#2576 = VERTEX_POINT('',#2577);
#2577 = CARTESIAN_POINT('',(75.,43.,22.5));
#2578 = B_SPLINE_CURVE_WITH_KNOTS('',6,(#2579,#2580,#2581,#2582,#2583,
    #2584,#2585,#2586,#2587,#2588,#2589,#2590),.UNSPECIFIED.,.F.,.F.,(7,
    5,7),(0.,0.447042951414,1.),.UNSPECIFIED.);
#2579 = CARTESIAN_POINT('',(73.881965121307,43.341688204822,
    22.236067532528));
#2580 = CARTESIAN_POINT('',(73.947383077619,43.297583376609,
    22.268776543229));
#2581 = CARTESIAN_POINT('',(74.016204392195,43.255688244085,
    22.300316507211));
#2582 = CARTESIAN_POINT('',(74.088475065017,43.216312211826,
    22.330339060049));
#2583 = CARTESIAN_POINT('',(74.164215536351,43.17980304948,
    22.35847035843));
#2584 = CARTESIAN_POINT('',(74.243417073462,43.146548360161,
    22.384311955855));
#2585 = CARTESIAN_POINT('',(74.428233954254,43.080399657374,
    22.43605132992));
#2586 = CARTESIAN_POINT('',(74.53610014379,43.049300956284,
    22.460634678603));
#2587 = CARTESIAN_POINT('',(74.648501005845,43.024993918691,
    22.480005088743));
#2588 = CARTESIAN_POINT('',(74.764178506618,43.008383143669,
    22.493293419092));
#2589 = CARTESIAN_POINT('',(74.881797620244,43.,22.5));
#2590 = CARTESIAN_POINT('',(75.,43.,22.5));
#2591 = ORIENTED_EDGE('',*,*,#2592,.T.);
#2592 = EDGE_CURVE('',#2576,#1654,#2593,.T.);
#2593 = B_SPLINE_CURVE_WITH_KNOTS('',6,(#2594,#2595,#2596,#2597,#2598,
    #2599,#2600,#2601,#2602,#2603,#2604,#2605),.UNSPECIFIED.,.F.,.F.,(7,
    5,7),(0.,0.550625389709,1.),.UNSPECIFIED.);
#2594 = CARTESIAN_POINT('',(75.,43.,22.5));
#2595 = CARTESIAN_POINT('',(75.117722301023,43.,22.5));
#2596 = CARTESIAN_POINT('',(75.234837646315,43.008315181965,
    22.493347784482));
#2597 = CARTESIAN_POINT('',(75.350018001102,43.024784427018,
    22.480172683838));
#2598 = CARTESIAN_POINT('',(75.461957880334,43.048883299669,
    22.460967586289));
#2599 = CARTESIAN_POINT('',(75.569427283242,43.079726129323,
    22.436583745533));
#2600 = CARTESIAN_POINT('',(75.754466961986,43.145661359175,
    22.385001296791));
#2601 = CARTESIAN_POINT('',(75.834165255475,43.179023358623,
    22.359071191116));
#2602 = CARTESIAN_POINT('',(75.910366379806,43.215681321953,
    22.330820120093));
#2603 = CARTESIAN_POINT('',(75.983060579714,43.25524086512,
    22.300653315854));
#2604 = CARTESIAN_POINT('',(76.052267977828,43.297348117967,
    22.268951015679));
#2605 = CARTESIAN_POINT('',(76.118034878693,43.341688204822,
    22.236067532528));
#2606 = CYLINDRICAL_SURFACE('',#2607,2.);
#2607 = AXIS2_PLACEMENT_3D('',#2608,#2609,#2610);
#2608 = CARTESIAN_POINT('',(75.,45.,20.));
#2609 = DIRECTION('',(0.,0.,1.));
#2610 = DIRECTION('',(1.,0.,0.));
#2611 = ADVANCED_FACE('',(#2612),#2625,.F.);
#2612 = FACE_BOUND('',#2613,.F.);
#2613 = EDGE_LOOP('',(#2614,#2615,#2616,#2622,#2623,#2624));
#2614 = ORIENTED_EDGE('',*,*,#1715,.F.);
#2615 = ORIENTED_EDGE('',*,*,#2592,.F.);
#2616 = ORIENTED_EDGE('',*,*,#2617,.F.);
#2617 = EDGE_CURVE('',#2143,#2576,#2618,.T.);
#2618 = LINE('',#2619,#2620);
#2619 = CARTESIAN_POINT('',(75.,0.,22.5));
#2620 = VECTOR('',#2621,1.);
#2621 = DIRECTION('',(0.,1.,0.));
#2622 = ORIENTED_EDGE('',*,*,#2142,.T.);
#2623 = ORIENTED_EDGE('',*,*,#2617,.T.);
#2624 = ORIENTED_EDGE('',*,*,#2575,.F.);
#2625 = CYLINDRICAL_SURFACE('',#2626,2.5);
#2626 = AXIS2_PLACEMENT_3D('',#2627,#2628,#2629);
#2627 = CARTESIAN_POINT('',(75.,0.,20.));
#2628 = DIRECTION('',(0.,1.,0.));
#2629 = DIRECTION('',(0.,0.,1.));
#2630 = ADVANCED_FACE('',(#2631),#2662,.F.);
#2631 = FACE_BOUND('',#2632,.F.);
#2632 = EDGE_LOOP('',(#2633,#2634,#2642,#2651,#2658,#2659,#2660,#2661));
#2633 = ORIENTED_EDGE('',*,*,#1636,.F.);
#2634 = ORIENTED_EDGE('',*,*,#2635,.T.);
#2635 = EDGE_CURVE('',#1621,#2636,#2638,.T.);
#2636 = VERTEX_POINT('',#2637);
#2637 = CARTESIAN_POINT('',(98.,45.,39.7361228));
#2638 = LINE('',#2639,#2640);
#2639 = CARTESIAN_POINT('',(98.,45.,20.));
#2640 = VECTOR('',#2641,1.);
#2641 = DIRECTION('',(0.,0.,1.));
#2642 = ORIENTED_EDGE('',*,*,#2643,.F.);
#2643 = EDGE_CURVE('',#2644,#2636,#2646,.T.);
#2644 = VERTEX_POINT('',#2645);
#2645 = CARTESIAN_POINT('',(92.,45.,39.7361228));
#2646 = CIRCLE('',#2647,3.);
#2647 = AXIS2_PLACEMENT_3D('',#2648,#2649,#2650);
#2648 = CARTESIAN_POINT('',(95.,45.,39.7361228));
#2649 = DIRECTION('',(-0.,0.,1.));
#2650 = DIRECTION('',(0.,-1.,0.));
#2651 = ORIENTED_EDGE('',*,*,#2652,.F.);
#2652 = EDGE_CURVE('',#2636,#2644,#2653,.T.);
#2653 = CIRCLE('',#2654,3.);
#2654 = AXIS2_PLACEMENT_3D('',#2655,#2656,#2657);
#2655 = CARTESIAN_POINT('',(95.,45.,39.7361228));
#2656 = DIRECTION('',(-0.,0.,1.));
#2657 = DIRECTION('',(0.,-1.,0.));
#2658 = ORIENTED_EDGE('',*,*,#2635,.F.);
#2659 = ORIENTED_EDGE('',*,*,#1620,.F.);
#2660 = ORIENTED_EDGE('',*,*,#1611,.T.);
#2661 = ORIENTED_EDGE('',*,*,#1645,.T.);
#2662 = CYLINDRICAL_SURFACE('',#2663,3.);
#2663 = AXIS2_PLACEMENT_3D('',#2664,#2665,#2666);
#2664 = CARTESIAN_POINT('',(95.,45.,20.));
#2665 = DIRECTION('',(0.,0.,1.));
#2666 = DIRECTION('',(1.,0.,0.));
#2667 = ADVANCED_FACE('',(#2668),#2671,.F.);
#2668 = FACE_BOUND('',#2669,.F.);
#2669 = EDGE_LOOP('',(#2670));
#2670 = ORIENTED_EDGE('',*,*,#1629,.T.);
#2671 = PLANE('',#2672);
#2672 = AXIS2_PLACEMENT_3D('',#2673,#2674,#2675);
#2673 = CARTESIAN_POINT('',(98.,45.,20.));
#2674 = DIRECTION('',(1.,0.,0.));
#2675 = DIRECTION('',(0.,0.,1.));
#2676 = ADVANCED_FACE('',(#2677),#2687,.F.);
#2677 = FACE_BOUND('',#2678,.F.);
#2678 = EDGE_LOOP('',(#2679,#2686));
#2679 = ORIENTED_EDGE('',*,*,#2680,.T.);
#2680 = EDGE_CURVE('',#1930,#1932,#2681,.T.);
#2681 = CIRCLE('',#2682,4.);
#2682 = AXIS2_PLACEMENT_3D('',#2683,#2684,#2685);
#2683 = CARTESIAN_POINT('',(20.,45.,20.));
#2684 = DIRECTION('',(0.,0.,1.));
#2685 = DIRECTION('',(1.,0.,0.));
#2686 = ORIENTED_EDGE('',*,*,#1929,.F.);
#2687 = PLANE('',#2688);
#2688 = AXIS2_PLACEMENT_3D('',#2689,#2690,#2691);
#2689 = CARTESIAN_POINT('',(20.,45.,20.));
#2690 = DIRECTION('',(0.,0.,1.));
#2691 = DIRECTION('',(1.,0.,0.));
#2692 = ADVANCED_FACE('',(#2693),#2722,.F.);
#2693 = FACE_BOUND('',#2694,.F.);
#2694 = EDGE_LOOP('',(#2695,#2704,#2710,#2711,#2712,#2713,#2720,#2721));
#2695 = ORIENTED_EDGE('',*,*,#2696,.T.);
#2696 = EDGE_CURVE('',#2697,#2697,#2699,.T.);
#2697 = VERTEX_POINT('',#2698);
#2698 = CARTESIAN_POINT('',(24.,45.,0.));
#2699 = CIRCLE('',#2700,4.);
#2700 = AXIS2_PLACEMENT_3D('',#2701,#2702,#2703);
#2701 = CARTESIAN_POINT('',(20.,45.,0.));
#2702 = DIRECTION('',(0.,0.,1.));
#2703 = DIRECTION('',(1.,0.,0.));
#2704 = ORIENTED_EDGE('',*,*,#2705,.T.);
#2705 = EDGE_CURVE('',#2697,#1940,#2706,.T.);
#2706 = LINE('',#2707,#2708);
#2707 = CARTESIAN_POINT('',(24.,45.,-1.E-02));
#2708 = VECTOR('',#2709,1.);
#2709 = DIRECTION('',(0.,0.,1.));
#2710 = ORIENTED_EDGE('',*,*,#1939,.F.);
#2711 = ORIENTED_EDGE('',*,*,#2680,.F.);
#2712 = ORIENTED_EDGE('',*,*,#2021,.T.);
#2713 = ORIENTED_EDGE('',*,*,#2714,.F.);
#2714 = EDGE_CURVE('',#1977,#2014,#2715,.T.);
#2715 = CIRCLE('',#2716,4.);
#2716 = AXIS2_PLACEMENT_3D('',#2717,#2718,#2719);
#2717 = CARTESIAN_POINT('',(20.,45.,20.));
#2718 = DIRECTION('',(0.,0.,1.));
#2719 = DIRECTION('',(1.,0.,0.));
#2720 = ORIENTED_EDGE('',*,*,#1976,.F.);
#2721 = ORIENTED_EDGE('',*,*,#2705,.F.);
#2722 = CYLINDRICAL_SURFACE('',#2723,4.);
#2723 = AXIS2_PLACEMENT_3D('',#2724,#2725,#2726);
#2724 = CARTESIAN_POINT('',(20.,45.,-1.E-02));
#2725 = DIRECTION('',(0.,0.,1.));
#2726 = DIRECTION('',(1.,0.,0.));
#2727 = ADVANCED_FACE('',(#2728),#2732,.F.);
#2728 = FACE_BOUND('',#2729,.F.);
#2729 = EDGE_LOOP('',(#2730,#2731));
#2730 = ORIENTED_EDGE('',*,*,#2013,.T.);
#2731 = ORIENTED_EDGE('',*,*,#2714,.T.);
#2732 = PLANE('',#2733);
#2733 = AXIS2_PLACEMENT_3D('',#2734,#2735,#2736);
#2734 = CARTESIAN_POINT('',(20.,45.,20.));
#2735 = DIRECTION('',(0.,0.,1.));
#2736 = DIRECTION('',(1.,0.,0.));
#2737 = ADVANCED_FACE('',(#2738),#2757,.F.);
#2738 = FACE_BOUND('',#2739,.F.);
#2739 = EDGE_LOOP('',(#2740,#2748,#2755,#2756));
#2740 = ORIENTED_EDGE('',*,*,#2741,.T.);
#2741 = EDGE_CURVE('',#2123,#2742,#2744,.T.);
#2742 = VERTEX_POINT('',#2743);
#2743 = CARTESIAN_POINT('',(226.,45.,13.4215));
#2744 = LINE('',#2745,#2746);
#2745 = CARTESIAN_POINT('',(240.01,45.,13.4215));
#2746 = VECTOR('',#2747,1.);
#2747 = DIRECTION('',(-1.,0.,0.));
#2748 = ORIENTED_EDGE('',*,*,#2749,.F.);
#2749 = EDGE_CURVE('',#2742,#2742,#2750,.T.);
#2750 = CIRCLE('',#2751,6.5785);
#2751 = AXIS2_PLACEMENT_3D('',#2752,#2753,#2754);
#2752 = CARTESIAN_POINT('',(226.,45.,20.));
#2753 = DIRECTION('',(-1.,0.,0.));
#2754 = DIRECTION('',(0.,0.,-1.));
#2755 = ORIENTED_EDGE('',*,*,#2741,.F.);
#2756 = ORIENTED_EDGE('',*,*,#2122,.T.);
#2757 = CYLINDRICAL_SURFACE('',#2758,6.5785);
#2758 = AXIS2_PLACEMENT_3D('',#2759,#2760,#2761);
#2759 = CARTESIAN_POINT('',(240.01,45.,20.));
#2760 = DIRECTION('',(-1.,0.,0.));
#2761 = DIRECTION('',(0.,0.,-1.));
#2762 = ADVANCED_FACE('',(#2763),#2870,.F.);
#2763 = FACE_BOUND('',#2764,.F.);
#2764 = EDGE_LOOP('',(#2765,#2773,#2782,#2817,#2826,#2861,#2868,#2869));
#2765 = ORIENTED_EDGE('',*,*,#2766,.T.);
#2766 = EDGE_CURVE('',#2163,#2767,#2769,.T.);
#2767 = VERTEX_POINT('',#2768);
#2768 = CARTESIAN_POINT('',(125.,42.5,24.25));
#2769 = LINE('',#2770,#2771);
#2770 = CARTESIAN_POINT('',(125.,0.,24.25));
#2771 = VECTOR('',#2772,1.);
#2772 = DIRECTION('',(0.,1.,0.));
#2773 = ORIENTED_EDGE('',*,*,#2774,.F.);
#2774 = EDGE_CURVE('',#2775,#2767,#2777,.T.);
#2775 = VERTEX_POINT('',#2776);
#2776 = CARTESIAN_POINT('',(121.08688103937,42.5,21.658312395178));
#2777 = CIRCLE('',#2778,4.25);
#2778 = AXIS2_PLACEMENT_3D('',#2779,#2780,#2781);
#2779 = CARTESIAN_POINT('',(125.,42.5,20.));
#2780 = DIRECTION('',(0.,1.,0.));
#2781 = DIRECTION('',(0.,0.,1.));
#2782 = ORIENTED_EDGE('',*,*,#2783,.T.);
#2783 = EDGE_CURVE('',#2775,#2784,#2786,.T.);
#2784 = VERTEX_POINT('',#2785);
#2785 = CARTESIAN_POINT('',(121.08688103937,42.5,18.341687604822));
#2786 = B_SPLINE_CURVE_WITH_KNOTS('',5,(#2787,#2788,#2789,#2790,#2791,
    #2792,#2793,#2794,#2795,#2796,#2797,#2798,#2799,#2800,#2801,#2802,
    #2803,#2804,#2805,#2806,#2807,#2808,#2809,#2810,#2811,#2812,#2813,
    #2814,#2815,#2816),.UNSPECIFIED.,.F.,.F.,(6,4,4,4,4,4,4,6),(0.,
    0.22658917706,0.322687652513,0.380721087945,0.495250426916,
    0.675989733929,0.773380145801,1.),.UNSPECIFIED.);
#2787 = CARTESIAN_POINT('',(121.0868814227,42.5000006,21.658313299711));
#2788 = CARTESIAN_POINT('',(121.03677178817,42.421566604471,
    21.540069695324));
#2789 = CARTESIAN_POINT('',(120.98865746782,42.348075956154,
    21.414103036154));
#2790 = CARTESIAN_POINT('',(120.94350577091,42.280468958758,
    21.280242023304));
#2791 = CARTESIAN_POINT('',(120.90242036431,42.219872833626,
    21.138431633755));
#2792 = CARTESIAN_POINT('',(120.85143057059,42.145461719615,
    20.925273987757));
#2793 = CARTESIAN_POINT('',(120.837202621,42.124813529844,
    20.860409927078));
#2794 = CARTESIAN_POINT('',(120.82404002598,42.105800980866,
    20.794241669043));
#2795 = CARTESIAN_POINT('',(120.81204217738,42.088537685873,
    20.726855302716));
#2796 = CARTESIAN_POINT('',(120.7948122798,42.063820801726,
    20.616968524663));
#2797 = CARTESIAN_POINT('',(120.78878385842,42.055191851076,
    20.575191453028));
#2798 = CARTESIAN_POINT('',(120.78323544458,42.047264776457,
    20.5330402177));
#2799 = CARTESIAN_POINT('',(120.77818604641,42.040061786981,
    20.490549208269));
#2800 = CARTESIAN_POINT('',(120.76470586799,42.020856025435,
    20.363311202664));
#2801 = CARTESIAN_POINT('',(120.75776505567,42.01100193636,
    20.277665689042));
#2802 = CARTESIAN_POINT('',(120.75296778833,42.004204495184,
    20.191191078553));
#2803 = CARTESIAN_POINT('',(120.75038834352,42.000550157686,
    20.104262485383));
#2804 = CARTESIAN_POINT('',(120.74947749044,41.999259771778,
    19.879955925397));
#2805 = CARTESIAN_POINT('',(120.75446494141,42.006326075647,
    19.742732040618));
#2806 = CARTESIAN_POINT('',(120.7649874492,42.021225889057,
    19.606969538226));
#2807 = CARTESIAN_POINT('',(120.78065763456,42.043519566062,
    19.474028170106));
#2808 = CARTESIAN_POINT('',(120.81156648181,42.087853164878,
    19.275804157408));
#2809 = CARTESIAN_POINT('',(120.82367923989,42.105279597672,
    19.20754436112));
#2810 = CARTESIAN_POINT('',(120.83698785947,42.124501317093,
    19.140531240316));
#2811 = CARTESIAN_POINT('',(120.85138923037,42.145400442606,
    19.074854472474));
#2812 = CARTESIAN_POINT('',(120.90256294013,42.220083120838,
    18.861076309833));
#2813 = CARTESIAN_POINT('',(120.94362334078,42.280644999269,
    18.719409416878));
#2814 = CARTESIAN_POINT('',(120.98874103887,42.348203603549,
    18.585678160707));
#2815 = CARTESIAN_POINT('',(121.03681534733,42.421634785342,
    18.459827518227));
#2816 = CARTESIAN_POINT('',(121.0868814227,42.5000006,18.341686700289));
#2817 = ORIENTED_EDGE('',*,*,#2818,.F.);
#2818 = EDGE_CURVE('',#2819,#2784,#2821,.T.);
#2819 = VERTEX_POINT('',#2820);
#2820 = CARTESIAN_POINT('',(128.91311896062,42.5,18.341687604822));
#2821 = CIRCLE('',#2822,4.25);
#2822 = AXIS2_PLACEMENT_3D('',#2823,#2824,#2825);
#2823 = CARTESIAN_POINT('',(125.,42.5,20.));
#2824 = DIRECTION('',(0.,1.,0.));
#2825 = DIRECTION('',(0.,0.,1.));
#2826 = ORIENTED_EDGE('',*,*,#2827,.F.);
#2827 = EDGE_CURVE('',#2828,#2819,#2830,.T.);
#2828 = VERTEX_POINT('',#2829);
#2829 = CARTESIAN_POINT('',(128.91311896062,42.5,21.658312395178));
#2830 = B_SPLINE_CURVE_WITH_KNOTS('',5,(#2831,#2832,#2833,#2834,#2835,
    #2836,#2837,#2838,#2839,#2840,#2841,#2842,#2843,#2844,#2845,#2846,
    #2847,#2848,#2849,#2850,#2851,#2852,#2853,#2854,#2855,#2856,#2857,
    #2858,#2859,#2860),.UNSPECIFIED.,.F.,.F.,(6,4,4,4,4,4,4,6),(0.,
    0.226589096774,0.3226875542,0.380720989397,0.495250327924,
    0.675989634284,0.773380064358,1.),.UNSPECIFIED.);
#2831 = CARTESIAN_POINT('',(128.91311857729,42.5000006,21.658313299711)
  );
#2832 = CARTESIAN_POINT('',(128.96322821182,42.421566604471,
    21.540069695324));
#2833 = CARTESIAN_POINT('',(129.01134253217,42.348075956154,
    21.414103036154));
#2834 = CARTESIAN_POINT('',(129.05649422909,42.280468958759,
    21.280242023304));
#2835 = CARTESIAN_POINT('',(129.09757963568,42.219872833626,
    21.138431633755));
#2836 = CARTESIAN_POINT('',(129.14856943193,42.14546171592,
    20.925273977172));
#2837 = CARTESIAN_POINT('',(129.16279737723,42.124813532374,
    20.860409937183));
#2838 = CARTESIAN_POINT('',(129.17595997197,42.10580098383,
    20.794241678153));
#2839 = CARTESIAN_POINT('',(129.18795782459,42.088537683045,
    20.726855290142));
#2840 = CARTESIAN_POINT('',(129.2051877202,42.063820801726,
    20.616968524663));
#2841 = CARTESIAN_POINT('',(129.21121614157,42.055191851076,
    20.575191453028));
#2842 = CARTESIAN_POINT('',(129.21676455541,42.047264776457,
    20.5330402177));
#2843 = CARTESIAN_POINT('',(129.22181395358,42.040061786981,
    20.490549208269));
#2844 = CARTESIAN_POINT('',(129.235294132,42.020856025433,
    20.363311202648));
#2845 = CARTESIAN_POINT('',(129.24223494432,42.011001936364,
    20.277665689059));
#2846 = CARTESIAN_POINT('',(129.24703221166,42.004204495182,
    20.191191078567));
#2847 = CARTESIAN_POINT('',(129.24961165647,42.000550157685,
    20.10426248536));
#2848 = CARTESIAN_POINT('',(129.25052250955,41.999259771778,
    19.879955925397));
#2849 = CARTESIAN_POINT('',(129.24553505858,42.006326075647,
    19.742732040618));
#2850 = CARTESIAN_POINT('',(129.23501255079,42.021225889057,
    19.606969538226));
#2851 = CARTESIAN_POINT('',(129.21934236543,42.043519566062,
    19.474028170106));
#2852 = CARTESIAN_POINT('',(129.18843351612,42.087853167835,
    19.275804144185));
#2853 = CARTESIAN_POINT('',(129.17632076223,42.105279594567,
    19.207544370664));
#2854 = CARTESIAN_POINT('',(129.16301214236,42.124501314445,
    19.14053125093));
#2855 = CARTESIAN_POINT('',(129.14861076697,42.145400446478,
    19.074854461391));
#2856 = CARTESIAN_POINT('',(129.09743705986,42.220083120838,
    18.861076309833));
#2857 = CARTESIAN_POINT('',(129.05637665921,42.280644999269,
    18.719409416878));
#2858 = CARTESIAN_POINT('',(129.01125896112,42.348203603549,
    18.585678160707));
#2859 = CARTESIAN_POINT('',(128.96318465266,42.421634785342,
    18.459827518227));
#2860 = CARTESIAN_POINT('',(128.91311857729,42.5000006,18.341686700289)
  );
#2861 = ORIENTED_EDGE('',*,*,#2862,.F.);
#2862 = EDGE_CURVE('',#2767,#2828,#2863,.T.);
#2863 = CIRCLE('',#2864,4.25);
#2864 = AXIS2_PLACEMENT_3D('',#2865,#2866,#2867);
#2865 = CARTESIAN_POINT('',(125.,42.5,20.));
#2866 = DIRECTION('',(0.,1.,0.));
#2867 = DIRECTION('',(0.,0.,1.));
#2868 = ORIENTED_EDGE('',*,*,#2766,.F.);
#2869 = ORIENTED_EDGE('',*,*,#2162,.T.);
#2870 = CYLINDRICAL_SURFACE('',#2871,4.25);
#2871 = AXIS2_PLACEMENT_3D('',#2872,#2873,#2874);
#2872 = CARTESIAN_POINT('',(125.,0.,20.));
#2873 = DIRECTION('',(0.,1.,0.));
#2874 = DIRECTION('',(0.,0.,1.));
#2875 = ADVANCED_FACE('',(#2876),#3047,.F.);
#2876 = FACE_BOUND('',#2877,.F.);
#2877 = EDGE_LOOP('',(#2878,#3007,#3024,#3030,#3031,#3032));
#2878 = ORIENTED_EDGE('',*,*,#2879,.F.);
#2879 = EDGE_CURVE('',#2880,#2882,#2884,.T.);
#2880 = VERTEX_POINT('',#2881);
#2881 = CARTESIAN_POINT('',(165.79056941467,43.162882692756,
    22.3717082453));
#2882 = VERTEX_POINT('',#2883);
#2883 = CARTESIAN_POINT('',(164.20943058544,43.162882692704,
    22.371708245073));
#2884 = B_SPLINE_CURVE_WITH_KNOTS('',7,(#2885,#2886,#2887,#2888,#2889,
    #2890,#2891,#2892,#2893,#2894,#2895,#2896,#2897,#2898,#2899,#2900,
    #2901,#2902,#2903,#2904,#2905,#2906,#2907,#2908,#2909,#2910,#2911,
    #2912,#2913,#2914,#2915,#2916,#2917,#2918,#2919,#2920,#2921,#2922,
    #2923,#2924,#2925,#2926,#2927,#2928,#2929,#2930,#2931,#2932,#2933,
    #2934,#2935,#2936,#2937,#2938,#2939,#2940,#2941,#2942,#2943,#2944,
    #2945,#2946,#2947,#2948,#2949,#2950,#2951,#2952,#2953,#2954,#2955,
    #2956,#2957,#2958,#2959,#2960,#2961,#2962,#2963,#2964,#2965,#2966,
    #2967,#2968,#2969,#2970,#2971,#2972,#2973,#2974,#2975,#2976,#2977,
    #2978,#2979,#2980,#2981,#2982,#2983,#2984,#2985,#2986,#2987,#2988,
    #2989,#2990,#2991,#2992,#2993,#2994,#2995,#2996,#2997,#2998,#2999,
    #3000,#3001,#3002,#3003,#3004,#3005,#3006),.UNSPECIFIED.,.T.,.F.,(8,
    6,6,6,6,6,6,6,6,6,6,6,6,6,6,6,6,6,6,6,8),(0.,4.25712761917E-02,
    0.104856970566,0.171515935611,0.216685529916,0.273192238184,
    0.30520870938,0.330888792238,0.395640802113,0.459675243105,
    0.501107378226,0.54349050098,0.605500909561,0.671865260149,
    0.716835218542,0.7730921826,0.804967149742,0.830533733651,
    0.894999557336,0.958750983596,1.),.UNSPECIFIED.);
#2885 = CARTESIAN_POINT('',(165.,43.341687604822,22.5));
#2886 = CARTESIAN_POINT('',(165.0919040506,43.341687604822,22.5));
#2887 = CARTESIAN_POINT('',(165.18335063184,43.335745587377,
    22.496058399556));
#2888 = CARTESIAN_POINT('',(165.27414685312,43.323966873207,
    22.488245652898));
#2889 = CARTESIAN_POINT('',(165.36405892607,43.306668665251,
    22.476642777545));
#2890 = CARTESIAN_POINT('',(165.4527664261,43.284382717657,
    22.461360013192));
#2891 = CARTESIAN_POINT('',(165.5398200471,43.257843115521,
    22.442593089162));
#2892 = CARTESIAN_POINT('',(165.7486478911,43.18423619638,
    22.388710515933));
#2893 = CARTESIAN_POINT('',(165.86880586622,43.133011429507,
    22.34979734643));
#2894 = CARTESIAN_POINT('',(165.98528300247,43.076132260551,
    22.304377103865));
#2895 = CARTESIAN_POINT('',(166.09816163268,43.015217014212,
    22.252682398129));
#2896 = CARTESIAN_POINT('',(166.20753234624,42.951511341267,
    22.194837825499));
#2897 = CARTESIAN_POINT('',(166.31353534011,42.885935047732,
    22.130767809648));
#2898 = CARTESIAN_POINT('',(166.52624489924,42.747794036077,
    21.984535925767));
#2899 = CARTESIAN_POINT('',(166.63227888404,42.675191942533,
    21.901557154751));
#2900 = CARTESIAN_POINT('',(166.73450696223,42.602314205377,
    21.81085144634));
#2901 = CARTESIAN_POINT('',(166.83277902381,42.529967340481,
    21.711923707067));
#2902 = CARTESIAN_POINT('',(166.92666119366,42.459025591091,
    21.604178992275));
#2903 = CARTESIAN_POINT('',(167.01539668449,42.390553699202,
    21.486993534564));
#2904 = CARTESIAN_POINT('',(167.15370400168,42.282052107948,
    21.273619993763));
#2905 = CARTESIAN_POINT('',(167.20682418586,42.23985599824,
    21.182618315555));
#2906 = CARTESIAN_POINT('',(167.25671004955,42.199802005446,
    21.08674752587));
#2907 = CARTESIAN_POINT('',(167.30283515627,42.162433309457,
    20.985985723587));
#2908 = CARTESIAN_POINT('',(167.34463135026,42.128323769353,
    20.880351138642));
#2909 = CARTESIAN_POINT('',(167.38148381648,42.098077878087,
    20.769911266976));
#2910 = CARTESIAN_POINT('',(167.45180997393,42.040121277784,
    20.510778966908));
#2911 = CARTESIAN_POINT('',(167.4822996986,42.014798923679,
    20.358759891533));
#2912 = CARTESIAN_POINT('',(167.50208920267,41.998263643949,
    20.201244613184));
#2913 = CARTESIAN_POINT('',(167.50996775385,41.991668677759,
    20.040899414912));
#2914 = CARTESIAN_POINT('',(167.50557409446,41.995361639916,
    19.88046788958));
#2915 = CARTESIAN_POINT('',(167.48939000202,42.008872858729,
    19.722683987244));
#2916 = CARTESIAN_POINT('',(167.44769240893,42.043460269386,
    19.483767551546));
#2917 = CARTESIAN_POINT('',(167.42928600444,42.058700133446,
    19.399187699414));
#2918 = CARTESIAN_POINT('',(167.40777065329,42.076468415535,
    19.316623120158));
#2919 = CARTESIAN_POINT('',(167.38337834209,42.096544006649,
    19.236245572265));
#2920 = CARTESIAN_POINT('',(167.35635756741,42.118688223928,
    19.158212722823));
#2921 = CARTESIAN_POINT('',(167.32697441062,42.142646243016,
    19.082667724898));
#2922 = CARTESIAN_POINT('',(167.27027922951,42.188603653357,
    18.951243248869));
#2923 = CARTESIAN_POINT('',(167.24367990234,42.210075257671,
    18.894365060674));
#2924 = CARTESIAN_POINT('',(167.21581985627,42.23245856698,
    18.839090917646));
#2925 = CARTESIAN_POINT('',(167.18679530383,42.255654758036,
    18.78540373797));
#2926 = CARTESIAN_POINT('',(167.15669445302,42.279570901384,
    18.733282885624));
#2927 = CARTESIAN_POINT('',(167.12559751541,42.304119901992,
    18.682704385318));
#2928 = CARTESIAN_POINT('',(167.01283666212,42.392511134371,
    18.509928767436));
#2929 = CARTESIAN_POINT('',(166.92614215941,42.459371198492,
    18.395727532295));
#2930 = CARTESIAN_POINT('',(166.83454839142,42.528574697884,
    18.290512331965));
#2931 = CARTESIAN_POINT('',(166.73875803943,42.599131865158,
    18.193703855487));
#2932 = CARTESIAN_POINT('',(166.63917968508,42.670225565743,
    18.104748545272));
#2933 = CARTESIAN_POINT('',(166.53596232119,42.741103052918,
    18.023181615805));
#2934 = CARTESIAN_POINT('',(166.32323488566,42.879969240268,
    17.874990326009));
#2935 = CARTESIAN_POINT('',(166.213994029,42.94785886422,17.808340878106
    ));
#2936 = CARTESIAN_POINT('',(166.10116446148,43.01381240369,
    17.748332592867));
#2937 = CARTESIAN_POINT('',(165.98459203706,43.076828933764,
    17.69487783754));
#2938 = CARTESIAN_POINT('',(165.8641815908,43.135537216837,
    17.648117296536));
#2939 = CARTESIAN_POINT('',(165.73984739118,43.188139284808,
    17.608308897435));
#2940 = CARTESIAN_POINT('',(165.52821627554,43.261343206588,
    17.554935746545));
#2941 = CARTESIAN_POINT('',(165.44293217822,43.286826369365,
    17.536965393551));
#2942 = CARTESIAN_POINT('',(165.35608262457,43.308187594835,
    17.522338535823));
#2943 = CARTESIAN_POINT('',(165.26809293614,43.324745636528,
    17.511237810845));
#2944 = CARTESIAN_POINT('',(165.17927004206,43.336009225179,
    17.503766706965));
#2945 = CARTESIAN_POINT('',(165.08984191808,43.341687604822,17.5));
#2946 = CARTESIAN_POINT('',(164.90809594939,43.341687604822,17.5));
#2947 = CARTESIAN_POINT('',(164.81664936815,43.335745587377,
    17.503941600444));
#2948 = CARTESIAN_POINT('',(164.72585314687,43.323966873207,
    17.511754347102));
#2949 = CARTESIAN_POINT('',(164.63594107392,43.306668665251,
    17.523357222455));
#2950 = CARTESIAN_POINT('',(164.5472335739,43.284382717657,
    17.538639986808));
#2951 = CARTESIAN_POINT('',(164.46017995289,43.257843115521,
    17.557406910838));
#2952 = CARTESIAN_POINT('',(164.25135210889,43.18423619638,
    17.611289484067));
#2953 = CARTESIAN_POINT('',(164.13119413377,43.133011429507,
    17.65020265357));
#2954 = CARTESIAN_POINT('',(164.01471699752,43.076132260551,
    17.695622896135));
#2955 = CARTESIAN_POINT('',(163.90183836731,43.015217014212,
    17.74731760187));
#2956 = CARTESIAN_POINT('',(163.79246765375,42.951511341267,
    17.805162174502));
#2957 = CARTESIAN_POINT('',(163.68646465988,42.885935047732,
    17.869232190352));
#2958 = CARTESIAN_POINT('',(163.47375510075,42.747794036077,
    18.015464074233));
#2959 = CARTESIAN_POINT('',(163.36772111595,42.675191942532,
    18.098442845249));
#2960 = CARTESIAN_POINT('',(163.26549303776,42.602314205377,
    18.18914855366));
#2961 = CARTESIAN_POINT('',(163.16722097618,42.529967340481,
    18.288076292933));
#2962 = CARTESIAN_POINT('',(163.07333880633,42.459025591091,
    18.395821007725));
#2963 = CARTESIAN_POINT('',(162.9846033155,42.390553699202,
    18.513006465436));
#2964 = CARTESIAN_POINT('',(162.84629599659,42.282052106599,
    18.726380008889));
#2965 = CARTESIAN_POINT('',(162.79317581529,42.239855999171,
    18.81738168148));
#2966 = CARTESIAN_POINT('',(162.74328995169,42.199802006432,
    18.913252472078));
#2967 = CARTESIAN_POINT('',(162.69716484296,42.16243330883,
    19.014014279076));
#2968 = CARTESIAN_POINT('',(162.65536864842,42.128323768302,
    19.119648864212));
#2969 = CARTESIAN_POINT('',(162.61851618445,42.098077878861,
    19.230088729561));
#2970 = CARTESIAN_POINT('',(162.54819002606,42.040121277784,
    19.489221033091));
#2971 = CARTESIAN_POINT('',(162.51770030139,42.014798923679,
    19.641240108467));
#2972 = CARTESIAN_POINT('',(162.49791079732,41.998263643949,
    19.798755386816));
#2973 = CARTESIAN_POINT('',(162.49003224614,41.991668677759,
    19.959100585088));
#2974 = CARTESIAN_POINT('',(162.49442590553,41.995361639916,
    20.119532110421));
#2975 = CARTESIAN_POINT('',(162.51060999797,42.008872858729,
    20.277316012756));
#2976 = CARTESIAN_POINT('',(162.55230759106,42.043460269386,
    20.516232448454));
#2977 = CARTESIAN_POINT('',(162.57071399555,42.058700133446,
    20.600812300586));
#2978 = CARTESIAN_POINT('',(162.5922293467,42.076468415535,
    20.683376879842));
#2979 = CARTESIAN_POINT('',(162.6166216579,42.096544006649,
    20.763754427735));
#2980 = CARTESIAN_POINT('',(162.64364243258,42.118688223928,
    20.841787277177));
#2981 = CARTESIAN_POINT('',(162.67302558937,42.142646243016,
    20.917332275102));
#2982 = CARTESIAN_POINT('',(162.72972077048,42.188603653357,
    21.048756751131));
#2983 = CARTESIAN_POINT('',(162.75632009765,42.210075257671,
    21.105634939327));
#2984 = CARTESIAN_POINT('',(162.78418014372,42.23245856698,
    21.160909082354));
#2985 = CARTESIAN_POINT('',(162.81320469616,42.255654758036,
    21.21459626203));
#2986 = CARTESIAN_POINT('',(162.84330554698,42.279570901384,
    21.266717114376));
#2987 = CARTESIAN_POINT('',(162.87440248458,42.304119901992,
    21.317295614682));
#2988 = CARTESIAN_POINT('',(162.98716333787,42.39251113437,
    21.490071232564));
#2989 = CARTESIAN_POINT('',(163.07385784058,42.459371198492,
    21.604272467705));
#2990 = CARTESIAN_POINT('',(163.16545160857,42.528574697884,
    21.709487668035));
#2991 = CARTESIAN_POINT('',(163.26124196056,42.599131865158,
    21.806296144513));
#2992 = CARTESIAN_POINT('',(163.36082031491,42.670225565744,
    21.895251454729));
#2993 = CARTESIAN_POINT('',(163.4640376788,42.741103052918,
    21.976818384195));
#2994 = CARTESIAN_POINT('',(163.67676511433,42.879969240268,
    22.125009673991));
#2995 = CARTESIAN_POINT('',(163.786005971,42.947858864221,
    22.191659121894));
#2996 = CARTESIAN_POINT('',(163.89883553852,43.01381240369,
    22.251667407133));
#2997 = CARTESIAN_POINT('',(164.01540796294,43.076828933764,
    22.30512216246));
#2998 = CARTESIAN_POINT('',(164.13581840919,43.135537216837,
    22.351882703464));
#2999 = CARTESIAN_POINT('',(164.26015260881,43.188139284809,
    22.391691102565));
#3000 = CARTESIAN_POINT('',(164.47178372445,43.261343206588,
    22.445064253455));
#3001 = CARTESIAN_POINT('',(164.55706782177,43.286826369365,
    22.463034606449));
#3002 = CARTESIAN_POINT('',(164.64391737542,43.308187594835,
    22.477661464177));
#3003 = CARTESIAN_POINT('',(164.73190706385,43.324745636528,
    22.488762189155));
#3004 = CARTESIAN_POINT('',(164.82072995793,43.336009225179,
    22.496233293035));
#3005 = CARTESIAN_POINT('',(164.91015808191,43.341687604822,22.5));
#3006 = CARTESIAN_POINT('',(165.,43.341687604822,22.5));
#3007 = ORIENTED_EDGE('',*,*,#3008,.F.);
#3008 = EDGE_CURVE('',#3009,#2880,#3011,.T.);
#3009 = VERTEX_POINT('',#3010);
#3010 = CARTESIAN_POINT('',(165.,43.,22.5));
#3011 = B_SPLINE_CURVE_WITH_KNOTS('',6,(#3012,#3013,#3014,#3015,#3016,
    #3017,#3018,#3019,#3020,#3021,#3022,#3023),.UNSPECIFIED.,.F.,.F.,(7,
    5,7),(0.,0.550625389737,1.),.UNSPECIFIED.);
#3012 = CARTESIAN_POINT('',(165.,43.,22.5));
#3013 = CARTESIAN_POINT('',(165.11772230102,43.,22.5));
#3014 = CARTESIAN_POINT('',(165.23483764631,43.008315181965,
    22.493347784482));
#3015 = CARTESIAN_POINT('',(165.3500180011,43.024784427018,
    22.480172683838));
#3016 = CARTESIAN_POINT('',(165.46195788033,43.048883299669,
    22.460967586289));
#3017 = CARTESIAN_POINT('',(165.56942728324,43.079726129322,
    22.436583745533));
#3018 = CARTESIAN_POINT('',(165.75446696197,43.145661359172,
    22.385001296793));
#3019 = CARTESIAN_POINT('',(165.83416525547,43.179023358623,
    22.359071191116));
#3020 = CARTESIAN_POINT('',(165.91036637981,43.215681321957,
    22.33082012009));
#3021 = CARTESIAN_POINT('',(165.98306057971,43.255240865122,
    22.300653315853));
#3022 = CARTESIAN_POINT('',(166.05226797782,43.297348117963,
    22.268951015682));
#3023 = CARTESIAN_POINT('',(166.11803487869,43.341688204822,
    22.236067532528));
#3024 = ORIENTED_EDGE('',*,*,#3025,.F.);
#3025 = EDGE_CURVE('',#2183,#3009,#3026,.T.);
#3026 = LINE('',#3027,#3028);
#3027 = CARTESIAN_POINT('',(165.,0.,22.5));
#3028 = VECTOR('',#3029,1.);
#3029 = DIRECTION('',(0.,1.,0.));
#3030 = ORIENTED_EDGE('',*,*,#2182,.T.);
#3031 = ORIENTED_EDGE('',*,*,#3025,.T.);
#3032 = ORIENTED_EDGE('',*,*,#3033,.F.);
#3033 = EDGE_CURVE('',#2882,#3009,#3034,.T.);
#3034 = B_SPLINE_CURVE_WITH_KNOTS('',6,(#3035,#3036,#3037,#3038,#3039,
    #3040,#3041,#3042,#3043,#3044,#3045,#3046),.UNSPECIFIED.,.F.,.F.,(7,
    5,7),(0.,0.447042951419,1.),.UNSPECIFIED.);
#3035 = CARTESIAN_POINT('',(163.8819651213,43.341688204822,
    22.236067532528));
#3036 = CARTESIAN_POINT('',(163.94738307761,43.29758337661,
    22.268776543229));
#3037 = CARTESIAN_POINT('',(164.01620439219,43.255688244085,
    22.300316507211));
#3038 = CARTESIAN_POINT('',(164.08847506501,43.216312211825,
    22.330339060049));
#3039 = CARTESIAN_POINT('',(164.16421553635,43.17980304948,
    22.35847035843));
#3040 = CARTESIAN_POINT('',(164.24341707346,43.146548360161,
    22.384311955854));
#3041 = CARTESIAN_POINT('',(164.42823395425,43.080399657374,
    22.43605132992));
#3042 = CARTESIAN_POINT('',(164.53610014379,43.049300956284,
    22.460634678603));
#3043 = CARTESIAN_POINT('',(164.64850100584,43.024993918691,
    22.480005088743));
#3044 = CARTESIAN_POINT('',(164.76417850661,43.008383143669,
    22.493293419092));
#3045 = CARTESIAN_POINT('',(164.88179762024,43.,22.5));
#3046 = CARTESIAN_POINT('',(165.,43.,22.5));
#3047 = CYLINDRICAL_SURFACE('',#3048,2.5);
#3048 = AXIS2_PLACEMENT_3D('',#3049,#3050,#3051);
#3049 = CARTESIAN_POINT('',(165.,0.,20.));
#3050 = DIRECTION('',(0.,1.,0.));
#3051 = DIRECTION('',(0.,0.,1.));
#3052 = ADVANCED_FACE('',(#3053),#3072,.T.);
#3053 = FACE_BOUND('',#3054,.T.);
#3054 = EDGE_LOOP('',(#3055,#3063,#3064,#3065));
#3055 = ORIENTED_EDGE('',*,*,#3056,.T.);
#3056 = EDGE_CURVE('',#3057,#2247,#3059,.T.);
#3057 = VERTEX_POINT('',#3058);
#3058 = CARTESIAN_POINT('',(27.,45.,0.));
#3059 = LINE('',#3060,#3061);
#3060 = CARTESIAN_POINT('',(27.,45.,-0.1));
#3061 = VECTOR('',#3062,1.);
#3062 = DIRECTION('',(0.,0.,1.));
#3063 = ORIENTED_EDGE('',*,*,#2246,.F.);
#3064 = ORIENTED_EDGE('',*,*,#3056,.F.);
#3065 = ORIENTED_EDGE('',*,*,#3066,.T.);
#3066 = EDGE_CURVE('',#3057,#3057,#3067,.T.);
#3067 = CIRCLE('',#3068,7.);
#3068 = AXIS2_PLACEMENT_3D('',#3069,#3070,#3071);
#3069 = CARTESIAN_POINT('',(20.,45.,0.));
#3070 = DIRECTION('',(0.,0.,1.));
#3071 = DIRECTION('',(1.,0.,0.));
#3072 = CYLINDRICAL_SURFACE('',#3073,7.);
#3073 = AXIS2_PLACEMENT_3D('',#3074,#3075,#3076);
#3074 = CARTESIAN_POINT('',(20.,45.,-0.1));
#3075 = DIRECTION('',(0.,0.,1.));
#3076 = DIRECTION('',(1.,0.,0.));
#3077 = ADVANCED_FACE('',(#3078),#3097,.T.);
#3078 = FACE_BOUND('',#3079,.T.);
#3079 = EDGE_LOOP('',(#3080,#3088,#3089,#3090));
#3080 = ORIENTED_EDGE('',*,*,#3081,.T.);
#3081 = EDGE_CURVE('',#3082,#2279,#3084,.T.);
#3082 = VERTEX_POINT('',#3083);
#3083 = CARTESIAN_POINT('',(227.,45.,0.));
#3084 = LINE('',#3085,#3086);
#3085 = CARTESIAN_POINT('',(227.,45.,-0.1));
#3086 = VECTOR('',#3087,1.);
#3087 = DIRECTION('',(0.,0.,1.));
#3088 = ORIENTED_EDGE('',*,*,#2278,.F.);
#3089 = ORIENTED_EDGE('',*,*,#3081,.F.);
#3090 = ORIENTED_EDGE('',*,*,#3091,.T.);
#3091 = EDGE_CURVE('',#3082,#3082,#3092,.T.);
#3092 = CIRCLE('',#3093,7.);
#3093 = AXIS2_PLACEMENT_3D('',#3094,#3095,#3096);
#3094 = CARTESIAN_POINT('',(220.,45.,0.));
#3095 = DIRECTION('',(0.,0.,1.));
#3096 = DIRECTION('',(1.,0.,0.));
#3097 = CYLINDRICAL_SURFACE('',#3098,7.);
#3098 = AXIS2_PLACEMENT_3D('',#3099,#3100,#3101);
#3099 = CARTESIAN_POINT('',(220.,45.,-0.1));
#3100 = DIRECTION('',(0.,0.,1.));
#3101 = DIRECTION('',(1.,0.,0.));
#3102 = ADVANCED_FACE('',(#3103,#3122),#3246,.F.);
#3103 = FACE_BOUND('',#3104,.F.);
#3104 = EDGE_LOOP('',(#3105,#3113,#3114,#3115));
#3105 = ORIENTED_EDGE('',*,*,#3106,.T.);
#3106 = EDGE_CURVE('',#3107,#2331,#3109,.T.);
#3107 = VERTEX_POINT('',#3108);
#3108 = CARTESIAN_POINT('',(63.74,45.,51.));
#3109 = LINE('',#3110,#3111);
#3110 = CARTESIAN_POINT('',(63.74,45.,51.));
#3111 = VECTOR('',#3112,1.);
#3112 = DIRECTION('',(0.,0.,1.));
#3113 = ORIENTED_EDGE('',*,*,#2330,.F.);
#3114 = ORIENTED_EDGE('',*,*,#3106,.F.);
#3115 = ORIENTED_EDGE('',*,*,#3116,.T.);
#3116 = EDGE_CURVE('',#3107,#3107,#3117,.T.);
#3117 = CIRCLE('',#3118,8.74);
#3118 = AXIS2_PLACEMENT_3D('',#3119,#3120,#3121);
#3119 = CARTESIAN_POINT('',(55.,45.,51.));
#3120 = DIRECTION('',(0.,0.,1.));
#3121 = DIRECTION('',(1.,0.,0.));
#3122 = FACE_BOUND('',#3123,.F.);
#3123 = EDGE_LOOP('',(#3124));
#3124 = ORIENTED_EDGE('',*,*,#3125,.F.);
#3125 = EDGE_CURVE('',#3126,#3126,#3128,.T.);
#3126 = VERTEX_POINT('',#3127);
#3127 = CARTESIAN_POINT('',(55.,53.74,59.));
#3128 = B_SPLINE_CURVE_WITH_KNOTS('',6,(#3129,#3130,#3131,#3132,#3133,
    #3134,#3135,#3136,#3137,#3138,#3139,#3140,#3141,#3142,#3143,#3144,
    #3145,#3146,#3147,#3148,#3149,#3150,#3151,#3152,#3153,#3154,#3155,
    #3156,#3157,#3158,#3159,#3160,#3161,#3162,#3163,#3164,#3165,#3166,
    #3167,#3168,#3169,#3170,#3171,#3172,#3173,#3174,#3175,#3176,#3177,
    #3178,#3179,#3180,#3181,#3182,#3183,#3184,#3185,#3186,#3187,#3188,
    #3189,#3190,#3191,#3192,#3193,#3194,#3195,#3196,#3197,#3198,#3199,
    #3200,#3201,#3202,#3203,#3204,#3205,#3206,#3207,#3208,#3209,#3210,
    #3211,#3212,#3213,#3214,#3215,#3216,#3217,#3218,#3219,#3220,#3221,
    #3222,#3223,#3224,#3225,#3226,#3227,#3228,#3229,#3230,#3231,#3232,
    #3233,#3234,#3235,#3236,#3237,#3238,#3239,#3240,#3241,#3242,#3243,
    #3244,#3245),.UNSPECIFIED.,.T.,.F.,(7,5,5,5,5,5,5,5,5,5,5,5,5,5,5,5,
    5,5,5,5,5,5,5,7),(0.,4.209727690973E-02,0.102591518982,0.13093950176
    ,0.154767880954,0.175396908384,0.192512205686,0.249242994875,
    0.323796430239,0.367844213344,0.431786741034,0.470855497542,
    0.527251790342,0.568490041841,0.60280918922,0.654971858271,
    0.691764249087,0.750158923047,0.824895824381,0.845406357483,
    0.869027319253,0.896956193251,0.93189329555,1.),.UNSPECIFIED.);
#3129 = CARTESIAN_POINT('',(55.,53.74,59.));
#3130 = CARTESIAN_POINT('',(55.159910187087,53.74,59.));
#3131 = CARTESIAN_POINT('',(55.319533636227,53.736489080353,
    58.989771471091));
#3132 = CARTESIAN_POINT('',(55.477437017628,53.729490785,58.969383336751
    ));
#3133 = CARTESIAN_POINT('',(55.63220285261,53.719228083335,
    58.939253350417));
#3134 = CARTESIAN_POINT('',(55.782482962645,53.706116134225,
    58.900142546185));
#3135 = CARTESIAN_POINT('',(56.134796791614,53.668534227573,
    58.785668843898));
#3136 = CARTESIAN_POINT('',(56.330654502812,53.641614673919,
    58.701962953403));
#3137 = CARTESIAN_POINT('',(56.513787711144,53.611249770008,
    58.604492149094));
#3138 = CARTESIAN_POINT('',(56.683701520972,53.578761024137,
    58.495479948799));
#3139 = CARTESIAN_POINT('',(56.840170736117,53.545345958771,
    58.376994975311));
#3140 = CARTESIAN_POINT('',(57.050214837835,53.496408347846,
    58.191939243867));
#3141 = CARTESIAN_POINT('',(57.114371260048,53.480793128503,
    58.131161929782));
#3142 = CARTESIAN_POINT('',(57.175698102523,53.465270973743,
    58.068803950735));
#3143 = CARTESIAN_POINT('',(57.234231930411,53.449926865052,
    58.004998582454));
#3144 = CARTESIAN_POINT('',(57.290010517723,53.434837607667,
    57.939863738472));
#3145 = CARTESIAN_POINT('',(57.387675291216,53.407660205441,
    57.817720456767));
#3146 = CARTESIAN_POINT('',(57.430357601697,53.395477469252,
    57.761073248585));
#3147 = CARTESIAN_POINT('',(57.471141906442,53.383564622139,
    57.703621953868));
#3148 = CARTESIAN_POINT('',(57.510048677096,53.371959568715,
    57.64542379204));
#3149 = CARTESIAN_POINT('',(57.547096729282,53.360697118083,
    57.586531593659));
#3150 = CARTESIAN_POINT('',(57.61278266523,53.340382760664,
    57.475449935022));
#3151 = CARTESIAN_POINT('',(57.641881748235,53.331237167784,
    57.423422584796));
#3152 = CARTESIAN_POINT('',(57.669611462156,53.322392861196,
    57.370943433994));
#3153 = CARTESIAN_POINT('',(57.695981712985,53.313868994397,
    57.318042796318));
#3154 = CARTESIAN_POINT('',(57.72100132217,53.305683218378,
    57.264749614912));
#3155 = CARTESIAN_POINT('',(57.764321891897,53.291354085924,
    57.166572871432));
#3156 = CARTESIAN_POINT('',(57.783041361195,53.285100345459,
    57.121803160878));
#3157 = CARTESIAN_POINT('',(57.800840842327,53.279099699716,
    57.076798157408));
#3158 = CARTESIAN_POINT('',(57.81772428655,53.273360704087,
    57.03157332892));
#3159 = CARTESIAN_POINT('',(57.833695188562,53.267891229863,
    56.986143784509));
#3160 = CARTESIAN_POINT('',(57.898679469894,53.245486394413,
    56.78931271434));
#3161 = CARTESIAN_POINT('',(57.938617683867,53.231311797602,
    56.635990898154));
#3162 = CARTESIAN_POINT('',(57.968666618296,53.220441676489,
    56.481127844818));
#3163 = CARTESIAN_POINT('',(57.988892741002,53.213054147859,
    56.325242174354));
#3164 = CARTESIAN_POINT('',(57.999329716386,53.209240021081,
    56.168825105786));
#3165 = CARTESIAN_POINT('',(58.000821905655,53.208694701625,
    55.806747532272));
#3166 = CARTESIAN_POINT('',(57.984757607409,53.214565390308,
    55.601150571977));
#3167 = CARTESIAN_POINT('',(57.951804641271,53.226616338073,
    55.39665269434));
#3168 = CARTESIAN_POINT('',(57.901862484506,53.244598235387,
    55.194344829537));
#3169 = CARTESIAN_POINT('',(57.834726764136,53.268002853031,
    54.995424570298));
#3170 = CARTESIAN_POINT('',(57.700114900393,53.312626154677,
    54.686594315007));
#3171 = CARTESIAN_POINT('',(57.644015004712,53.330821823851,
    54.573559449546));
#3172 = CARTESIAN_POINT('',(57.581724891411,53.350487968796,
    54.462427520804));
#3173 = CARTESIAN_POINT('',(57.513144807968,53.371440074565,
    54.353487612108));
#3174 = CARTESIAN_POINT('',(57.438159738355,53.393458386193,
    54.247078964443));
#3175 = CARTESIAN_POINT('',(57.238299674755,53.449421098527,
    53.993364176225));
#3176 = CARTESIAN_POINT('',(57.106099150257,53.484285283625,
    53.849181846623));
#3177 = CARTESIAN_POINT('',(56.959643150504,53.520079701886,
    53.712316902239));
#3178 = CARTESIAN_POINT('',(56.798542000256,53.5558147101,53.58435574291
    ));
#3179 = CARTESIAN_POINT('',(56.622518288877,53.590256684344,
    53.467282624842));
#3180 = CARTESIAN_POINT('',(56.314863608679,53.641338090269,
    53.300229106859));
#3181 = CARTESIAN_POINT('',(56.192507696186,53.659706276943,
    53.241815411984));
#3182 = CARTESIAN_POINT('',(56.064829606071,53.67667567184,
    53.189130270219));
#3183 = CARTESIAN_POINT('',(55.932251314465,53.691857028889,
    53.142886166635));
#3184 = CARTESIAN_POINT('',(55.795264652403,53.704889456021,
    53.103730050356));
#3185 = CARTESIAN_POINT('',(55.451132548698,53.730729762902,
    53.026807411563));
#3186 = CARTESIAN_POINT('',(55.239870708493,53.740870424688,
    52.997370988244));
#3187 = CARTESIAN_POINT('',(55.024331428581,53.744814119526,
    52.986135912581));
#3188 = CARTESIAN_POINT('',(54.808495653809,53.742091606552,
    52.993858271451));
#3189 = CARTESIAN_POINT('',(54.596356725733,53.733085701042,
    53.019936381721));
#3190 = CARTESIAN_POINT('',(54.241943210578,53.708356192074,
    53.093331892321));
#3191 = CARTESIAN_POINT('',(54.096350724049,53.695098187114,
    53.133029125219));
#3192 = CARTESIAN_POINT('',(53.95555284546,53.679377243091,
    53.180750757941));
#3193 = CARTESIAN_POINT('',(53.820157470815,53.661614974585,
    53.235743070674));
#3194 = CARTESIAN_POINT('',(53.690685403605,53.642272368577,
    53.29716267231));
#3195 = CARTESIAN_POINT('',(53.465106872128,53.604794655067,
    53.419747781391));
#3196 = CARTESIAN_POINT('',(53.366907173514,53.586978207469,
    53.479302511415));
#3197 = CARTESIAN_POINT('',(53.272987464071,53.568592236783,
    53.542345534249));
#3198 = CARTESIAN_POINT('',(53.183346790039,53.549846232446,
    53.608522204032));
#3199 = CARTESIAN_POINT('',(53.097965502819,53.530932487293,
    53.677509023896));
#3200 = CARTESIAN_POINT('',(52.893450625402,53.483283115482,
    53.857693327677));
#3201 = CARTESIAN_POINT('',(52.779798325173,53.454541768192,
    53.9722333962));
#3202 = CARTESIAN_POINT('',(52.675630426867,53.426381909843,
    54.091706414597));
#3203 = CARTESIAN_POINT('',(52.580705523845,53.399285860257,
    54.215370365063));
#3204 = CARTESIAN_POINT('',(52.494791457217,53.373651665809,
    54.342631184242));
#3205 = CARTESIAN_POINT('',(52.363318854612,53.332991798494,
    54.564964847481));
#3206 = CARTESIAN_POINT('',(52.313331199922,53.317066772434,
    54.658468203536));
#3207 = CARTESIAN_POINT('',(52.26767588305,53.302152686111,
    54.753330128827));
#3208 = CARTESIAN_POINT('',(52.226302949655,53.288351812105,
    54.849381738753));
#3209 = CARTESIAN_POINT('',(52.189170374934,53.275750680697,
    54.946471029054));
#3210 = CARTESIAN_POINT('',(52.103985278899,53.246438811054,
    55.199988684783));
#3211 = CARTESIAN_POINT('',(52.062320756942,53.231658729027,
    55.357791944051));
#3212 = CARTESIAN_POINT('',(52.031144541578,53.220376899943,
    55.517248284376));
#3213 = CARTESIAN_POINT('',(52.01038314224,53.212789627753,
    55.67779131865));
#3214 = CARTESIAN_POINT('',(52.,53.208995066389,55.83888560769));
#3215 = CARTESIAN_POINT('',(52.,53.208995066389,56.206203573461));
#3216 = CARTESIAN_POINT('',(52.017007966193,53.215210805779,
    56.412339674664));
#3217 = CARTESIAN_POINT('',(52.051002938836,53.227633980408,
    56.617321483869));
#3218 = CARTESIAN_POINT('',(52.102090135038,53.246004816994,
    56.820049084277));
#3219 = CARTESIAN_POINT('',(52.170480470611,53.269801792424,
    57.01931172284));
#3220 = CARTESIAN_POINT('',(52.280068769285,53.306033461956,
    57.267034583272));
#3221 = CARTESIAN_POINT('',(52.304995685951,53.314185356413,
    57.320017292801));
#3222 = CARTESIAN_POINT('',(52.331258465457,53.322671121567,
    57.372611059434));
#3223 = CARTESIAN_POINT('',(52.358865802212,53.331473372656,
    57.424787398598));
#3224 = CARTESIAN_POINT('',(52.387827451497,53.340573254998,
    57.476516481369));
#3225 = CARTESIAN_POINT('',(52.453080072655,53.360749686592,
    57.586789964906));
#3226 = CARTESIAN_POINT('',(52.48981632877,53.37191661525,
    57.645177761286));
#3227 = CARTESIAN_POINT('',(52.528379729877,53.383420300179,
    57.702883277465));
#3228 = CARTESIAN_POINT('',(52.56878861022,53.395226821833,
    57.759855031836));
#3229 = CARTESIAN_POINT('',(52.611062906218,53.407299270903,
    57.816037307328));
#3230 = CARTESIAN_POINT('',(52.707439388249,53.434139181039,
    57.936794415045));
#3231 = CARTESIAN_POINT('',(52.762291363272,53.448996165415,
    58.001029586311));
#3232 = CARTESIAN_POINT('',(52.819817255392,53.464103120985,
    58.063977646713));
#3233 = CARTESIAN_POINT('',(52.88005320508,53.479386789199,
    58.125526189174));
#3234 = CARTESIAN_POINT('',(52.943034319427,53.494766233427,
    58.185548418033));
#3235 = CARTESIAN_POINT('',(53.091056354801,53.529400425204,
    58.316900907824));
#3236 = CARTESIAN_POINT('',(53.177689097766,53.548664292951,
    58.387309081927));
#3237 = CARTESIAN_POINT('',(53.268733283447,53.567763692817,
    58.454820806243));
#3238 = CARTESIAN_POINT('',(53.364210825729,53.586496555983,
    58.519096557807));
#3239 = CARTESIAN_POINT('',(53.464123820479,53.604642296015,
    58.579763203176));
#3240 = CARTESIAN_POINT('',(53.771833828097,53.655732888222,
    58.746846763412));
#3241 = CARTESIAN_POINT('',(53.994166882516,53.686731905892,
    58.84319359743));
#3242 = CARTESIAN_POINT('',(54.232428083436,53.712499076219,
    58.919884523666));
#3243 = CARTESIAN_POINT('',(54.482604684191,53.730724238708,
    58.97297553344));
#3244 = CARTESIAN_POINT('',(54.74007581207,53.74,59.));
#3245 = CARTESIAN_POINT('',(55.,53.74,59.));
#3246 = CYLINDRICAL_SURFACE('',#3247,8.74);
#3247 = AXIS2_PLACEMENT_3D('',#3248,#3249,#3250);
#3248 = CARTESIAN_POINT('',(55.,45.,51.));
#3249 = DIRECTION('',(0.,0.,1.));
#3250 = DIRECTION('',(1.,0.,0.));
#3251 = ADVANCED_FACE('',(#3252,#3271),#3395,.F.);
#3252 = FACE_BOUND('',#3253,.F.);
#3253 = EDGE_LOOP('',(#3254,#3262,#3263,#3264));
#3254 = ORIENTED_EDGE('',*,*,#3255,.T.);
#3255 = EDGE_CURVE('',#3256,#2371,#3258,.T.);
#3256 = VERTEX_POINT('',#3257);
#3257 = CARTESIAN_POINT('',(103.74,45.,51.));
#3258 = LINE('',#3259,#3260);
#3259 = CARTESIAN_POINT('',(103.74,45.,51.));
#3260 = VECTOR('',#3261,1.);
#3261 = DIRECTION('',(0.,0.,1.));
#3262 = ORIENTED_EDGE('',*,*,#2370,.F.);
#3263 = ORIENTED_EDGE('',*,*,#3255,.F.);
#3264 = ORIENTED_EDGE('',*,*,#3265,.T.);
#3265 = EDGE_CURVE('',#3256,#3256,#3266,.T.);
#3266 = CIRCLE('',#3267,8.74);
#3267 = AXIS2_PLACEMENT_3D('',#3268,#3269,#3270);
#3268 = CARTESIAN_POINT('',(95.,45.,51.));
#3269 = DIRECTION('',(0.,0.,1.));
#3270 = DIRECTION('',(1.,0.,0.));
#3271 = FACE_BOUND('',#3272,.F.);
#3272 = EDGE_LOOP('',(#3273));
#3273 = ORIENTED_EDGE('',*,*,#3274,.F.);
#3274 = EDGE_CURVE('',#3275,#3275,#3277,.T.);
#3275 = VERTEX_POINT('',#3276);
#3276 = CARTESIAN_POINT('',(95.,53.74,59.));
#3277 = B_SPLINE_CURVE_WITH_KNOTS('',6,(#3278,#3279,#3280,#3281,#3282,
    #3283,#3284,#3285,#3286,#3287,#3288,#3289,#3290,#3291,#3292,#3293,
    #3294,#3295,#3296,#3297,#3298,#3299,#3300,#3301,#3302,#3303,#3304,
    #3305,#3306,#3307,#3308,#3309,#3310,#3311,#3312,#3313,#3314,#3315,
    #3316,#3317,#3318,#3319,#3320,#3321,#3322,#3323,#3324,#3325,#3326,
    #3327,#3328,#3329,#3330,#3331,#3332,#3333,#3334,#3335,#3336,#3337,
    #3338,#3339,#3340,#3341,#3342,#3343,#3344,#3345,#3346,#3347,#3348,
    #3349,#3350,#3351,#3352,#3353,#3354,#3355,#3356,#3357,#3358,#3359,
    #3360,#3361,#3362,#3363,#3364,#3365,#3366,#3367,#3368,#3369,#3370,
    #3371,#3372,#3373,#3374,#3375,#3376,#3377,#3378,#3379,#3380,#3381,
    #3382,#3383,#3384,#3385,#3386,#3387,#3388,#3389,#3390,#3391,#3392,
    #3393,#3394),.UNSPECIFIED.,.T.,.F.,(7,5,5,5,5,5,5,5,5,5,5,5,5,5,5,5,
    5,5,5,5,5,5,5,7),(0.,4.209727518515E-02,0.10259151479,0.130939496412
    ,0.154767874634,0.175396901222,0.192512197826,0.249242984701,
    0.323796417024,0.367844198332,0.431786723414,0.470855478329,
    0.527251768831,0.568490018651,0.602809164631,0.654971829064,
    0.691764220698,0.750158901184,0.824895809052,0.845406343947,
    0.869027307782,0.896956184222,0.93189328958,1.),.UNSPECIFIED.);
#3278 = CARTESIAN_POINT('',(95.,53.74,59.));
#3279 = CARTESIAN_POINT('',(95.159910187114,53.74,59.));
#3280 = CARTESIAN_POINT('',(95.31953363622,53.736489080352,
    58.989771471087));
#3281 = CARTESIAN_POINT('',(95.4774370176,53.729490785001,
    58.969383336756));
#3282 = CARTESIAN_POINT('',(95.632202852603,53.719228083336,
    58.939253350423));
#3283 = CARTESIAN_POINT('',(95.782482962671,53.706116134222,
    58.900142546176));
#3284 = CARTESIAN_POINT('',(96.134796791614,53.668534227573,
    58.785668843898));
#3285 = CARTESIAN_POINT('',(96.330654502812,53.641614673919,
    58.701962953403));
#3286 = CARTESIAN_POINT('',(96.513787711144,53.611249770008,
    58.604492149094));
#3287 = CARTESIAN_POINT('',(96.683701520972,53.578761024137,
    58.495479948799));
#3288 = CARTESIAN_POINT('',(96.840170736117,53.545345958771,
    58.376994975311));
#3289 = CARTESIAN_POINT('',(97.050214837835,53.496408347846,
    58.191939243867));
#3290 = CARTESIAN_POINT('',(97.114371260048,53.480793128503,
    58.131161929782));
#3291 = CARTESIAN_POINT('',(97.175698102523,53.465270973743,
    58.068803950735));
#3292 = CARTESIAN_POINT('',(97.234231930411,53.449926865052,
    58.004998582454));
#3293 = CARTESIAN_POINT('',(97.290010517723,53.434837607667,
    57.939863738472));
#3294 = CARTESIAN_POINT('',(97.387675291216,53.407660205441,
    57.817720456767));
#3295 = CARTESIAN_POINT('',(97.430357601697,53.395477469252,
    57.761073248585));
#3296 = CARTESIAN_POINT('',(97.471141906442,53.383564622139,
    57.703621953868));
#3297 = CARTESIAN_POINT('',(97.510048677096,53.371959568715,
    57.64542379204));
#3298 = CARTESIAN_POINT('',(97.547096729282,53.360697118083,
    57.586531593659));
#3299 = CARTESIAN_POINT('',(97.61278266523,53.340382760664,
    57.475449935022));
#3300 = CARTESIAN_POINT('',(97.641881748235,53.331237167784,
    57.423422584796));
#3301 = CARTESIAN_POINT('',(97.669611462156,53.322392861196,
    57.370943433994));
#3302 = CARTESIAN_POINT('',(97.695981712985,53.313868994397,
    57.318042796318));
#3303 = CARTESIAN_POINT('',(97.72100132217,53.305683218378,
    57.264749614912));
#3304 = CARTESIAN_POINT('',(97.764321891897,53.291354085924,
    57.166572871432));
#3305 = CARTESIAN_POINT('',(97.783041361195,53.285100345459,
    57.121803160878));
#3306 = CARTESIAN_POINT('',(97.800840842327,53.279099699716,
    57.076798157408));
#3307 = CARTESIAN_POINT('',(97.81772428655,53.273360704087,
    57.03157332892));
#3308 = CARTESIAN_POINT('',(97.833695188562,53.267891229863,
    56.986143784509));
#3309 = CARTESIAN_POINT('',(97.898679469894,53.245486394413,
    56.78931271434));
#3310 = CARTESIAN_POINT('',(97.938617683867,53.231311797602,
    56.635990898154));
#3311 = CARTESIAN_POINT('',(97.968666618296,53.220441676489,
    56.481127844818));
#3312 = CARTESIAN_POINT('',(97.988892741002,53.213054147859,
    56.325242174354));
#3313 = CARTESIAN_POINT('',(97.999329716386,53.209240021081,
    56.168825105786));
#3314 = CARTESIAN_POINT('',(98.000821905655,53.208694701625,
    55.806747532272));
#3315 = CARTESIAN_POINT('',(97.984757607409,53.214565390308,
    55.601150571977));
#3316 = CARTESIAN_POINT('',(97.951804641271,53.226616338073,
    55.39665269434));
#3317 = CARTESIAN_POINT('',(97.901862484506,53.244598235387,
    55.194344829537));
#3318 = CARTESIAN_POINT('',(97.834726764136,53.268002853031,
    54.995424570299));
#3319 = CARTESIAN_POINT('',(97.700114900393,53.312626154677,
    54.686594315007));
#3320 = CARTESIAN_POINT('',(97.644015004713,53.330821823851,
    54.573559449546));
#3321 = CARTESIAN_POINT('',(97.581724891411,53.350487968796,
    54.462427520804));
#3322 = CARTESIAN_POINT('',(97.513144807968,53.371440074565,
    54.353487612108));
#3323 = CARTESIAN_POINT('',(97.438159738355,53.393458386193,
    54.247078964443));
#3324 = CARTESIAN_POINT('',(97.238299674755,53.449421098527,
    53.993364176225));
#3325 = CARTESIAN_POINT('',(97.106099150257,53.484285283625,
    53.849181846623));
#3326 = CARTESIAN_POINT('',(96.959643150504,53.520079701886,
    53.712316902239));
#3327 = CARTESIAN_POINT('',(96.798542000255,53.5558147101,53.58435574291
    ));
#3328 = CARTESIAN_POINT('',(96.622518288877,53.590256684344,
    53.467282624842));
#3329 = CARTESIAN_POINT('',(96.314863608676,53.64133809027,
    53.300229106858));
#3330 = CARTESIAN_POINT('',(96.192507696187,53.659706276943,
    53.241815411985));
#3331 = CARTESIAN_POINT('',(96.064829606074,53.67667567184,
    53.18913027022));
#3332 = CARTESIAN_POINT('',(95.932251314466,53.691857028889,
    53.142886166635));
#3333 = CARTESIAN_POINT('',(95.795264652399,53.704889456021,
    53.103730050355));
#3334 = CARTESIAN_POINT('',(95.451132548698,53.730729762902,
    53.026807411563));
#3335 = CARTESIAN_POINT('',(95.239870708494,53.740870424688,
    52.997370988244));
#3336 = CARTESIAN_POINT('',(95.024331428581,53.744814119526,
    52.986135912581));
#3337 = CARTESIAN_POINT('',(94.808495653809,53.742091606552,
    52.993858271451));
#3338 = CARTESIAN_POINT('',(94.596356725733,53.733085701042,
    53.019936381721));
#3339 = CARTESIAN_POINT('',(94.241943210578,53.708356192074,
    53.093331892321));
#3340 = CARTESIAN_POINT('',(94.096350724049,53.695098187114,
    53.133029125219));
#3341 = CARTESIAN_POINT('',(93.95555284546,53.679377243091,
    53.180750757941));
#3342 = CARTESIAN_POINT('',(93.820157470815,53.661614974585,
    53.235743070674));
#3343 = CARTESIAN_POINT('',(93.690685403605,53.642272368577,
    53.29716267231));
#3344 = CARTESIAN_POINT('',(93.465106872128,53.604794655067,
    53.419747781391));
#3345 = CARTESIAN_POINT('',(93.366907173514,53.586978207469,
    53.479302511415));
#3346 = CARTESIAN_POINT('',(93.272987464071,53.568592236783,
    53.542345534249));
#3347 = CARTESIAN_POINT('',(93.183346790039,53.549846232446,
    53.608522204032));
#3348 = CARTESIAN_POINT('',(93.097965502819,53.530932487293,
    53.677509023896));
#3349 = CARTESIAN_POINT('',(92.893450631298,53.483283116856,
    53.857693322483));
#3350 = CARTESIAN_POINT('',(92.779798317511,53.454541766205,
    53.972233404959));
#3351 = CARTESIAN_POINT('',(92.675630425697,53.426381909689,
    54.091706414359));
#3352 = CARTESIAN_POINT('',(92.580705530945,53.399285862168,
    54.215370356206));
#3353 = CARTESIAN_POINT('',(92.494791453819,53.373651664758,
    54.342631189987));
#3354 = CARTESIAN_POINT('',(92.363318850985,53.332991797372,
    54.564964853614));
#3355 = CARTESIAN_POINT('',(92.313331201402,53.317066772863,
    54.658468202162));
#3356 = CARTESIAN_POINT('',(92.267675885922,53.302152687039,
    54.753330122586));
#3357 = CARTESIAN_POINT('',(92.226302949701,53.288351812172,
    54.849381736798));
#3358 = CARTESIAN_POINT('',(92.189170372799,53.275750679962,
    54.946471035407));
#3359 = CARTESIAN_POINT('',(92.103985277608,53.24643881061,
    55.199988688625));
#3360 = CARTESIAN_POINT('',(92.062320758112,53.231658729432,
    55.357791937819));
#3361 = CARTESIAN_POINT('',(92.031144542177,53.220376900149,
    55.517248284411));
#3362 = CARTESIAN_POINT('',(92.010383141353,53.212789627445,
    55.677791324897));
#3363 = CARTESIAN_POINT('',(92.,53.208995066389,55.838885603769));
#3364 = CARTESIAN_POINT('',(92.,53.208995066389,56.20620357346));
#3365 = CARTESIAN_POINT('',(92.017007966193,53.215210805779,
    56.412339674664));
#3366 = CARTESIAN_POINT('',(92.051002938836,53.227633980408,
    56.617321483869));
#3367 = CARTESIAN_POINT('',(92.102090135038,53.246004816994,
    56.820049084277));
#3368 = CARTESIAN_POINT('',(92.170480470611,53.269801792424,
    57.01931172284));
#3369 = CARTESIAN_POINT('',(92.280068769285,53.306033461956,
    57.267034583272));
#3370 = CARTESIAN_POINT('',(92.304995685951,53.314185356413,
    57.320017292801));
#3371 = CARTESIAN_POINT('',(92.331258465457,53.322671121567,
    57.372611059434));
#3372 = CARTESIAN_POINT('',(92.358865802212,53.331473372656,
    57.424787398598));
#3373 = CARTESIAN_POINT('',(92.387827451497,53.340573254998,
    57.476516481369));
#3374 = CARTESIAN_POINT('',(92.453080072655,53.360749686592,
    57.586789964906));
#3375 = CARTESIAN_POINT('',(92.48981632877,53.37191661525,
    57.645177761286));
#3376 = CARTESIAN_POINT('',(92.528379729877,53.383420300179,
    57.702883277465));
#3377 = CARTESIAN_POINT('',(92.56878861022,53.395226821833,
    57.759855031836));
#3378 = CARTESIAN_POINT('',(92.611062906218,53.407299270903,
    57.816037307328));
#3379 = CARTESIAN_POINT('',(92.707439388249,53.434139181039,
    57.936794415045));
#3380 = CARTESIAN_POINT('',(92.762291363272,53.448996165415,
    58.001029586311));
#3381 = CARTESIAN_POINT('',(92.819817255392,53.464103120985,
    58.063977646713));
#3382 = CARTESIAN_POINT('',(92.88005320508,53.479386789199,
    58.125526189174));
#3383 = CARTESIAN_POINT('',(92.943034319427,53.494766233427,
    58.185548418033));
#3384 = CARTESIAN_POINT('',(93.09105635481,53.529400425206,
    58.316900907832));
#3385 = CARTESIAN_POINT('',(93.177689097764,53.54866429295,
    58.387309081923));
#3386 = CARTESIAN_POINT('',(93.268733283435,53.567763692814,
    58.454820806235));
#3387 = CARTESIAN_POINT('',(93.364210825725,53.586496555982,
    58.519096557806));
#3388 = CARTESIAN_POINT('',(93.464123820492,53.604642296017,
    58.579763203183));
#3389 = CARTESIAN_POINT('',(93.771833828097,53.655732888222,
    58.746846763412));
#3390 = CARTESIAN_POINT('',(93.994166882516,53.686731905892,
    58.84319359743));
#3391 = CARTESIAN_POINT('',(94.232428083436,53.712499076219,
    58.919884523666));
#3392 = CARTESIAN_POINT('',(94.482604684191,53.730724238708,
    58.97297553344));
#3393 = CARTESIAN_POINT('',(94.740075812071,53.74,59.));
#3394 = CARTESIAN_POINT('',(95.,53.74,59.));
#3395 = CYLINDRICAL_SURFACE('',#3396,8.74);
#3396 = AXIS2_PLACEMENT_3D('',#3397,#3398,#3399);
#3397 = CARTESIAN_POINT('',(95.,45.,51.));
#3398 = DIRECTION('',(0.,0.,1.));
#3399 = DIRECTION('',(1.,0.,0.));
#3400 = ADVANCED_FACE('',(#3401,#3420),#3544,.F.);
#3401 = FACE_BOUND('',#3402,.F.);
#3402 = EDGE_LOOP('',(#3403,#3411,#3412,#3413));
#3403 = ORIENTED_EDGE('',*,*,#3404,.T.);
#3404 = EDGE_CURVE('',#3405,#2391,#3407,.T.);
#3405 = VERTEX_POINT('',#3406);
#3406 = CARTESIAN_POINT('',(153.74,45.,51.));
#3407 = LINE('',#3408,#3409);
#3408 = CARTESIAN_POINT('',(153.74,45.,51.));
#3409 = VECTOR('',#3410,1.);
#3410 = DIRECTION('',(0.,0.,1.));
#3411 = ORIENTED_EDGE('',*,*,#2390,.F.);
#3412 = ORIENTED_EDGE('',*,*,#3404,.F.);
#3413 = ORIENTED_EDGE('',*,*,#3414,.T.);
#3414 = EDGE_CURVE('',#3405,#3405,#3415,.T.);
#3415 = CIRCLE('',#3416,8.74);
#3416 = AXIS2_PLACEMENT_3D('',#3417,#3418,#3419);
#3417 = CARTESIAN_POINT('',(145.,45.,51.));
#3418 = DIRECTION('',(0.,0.,1.));
#3419 = DIRECTION('',(1.,0.,0.));
#3420 = FACE_BOUND('',#3421,.F.);
#3421 = EDGE_LOOP('',(#3422));
#3422 = ORIENTED_EDGE('',*,*,#3423,.F.);
#3423 = EDGE_CURVE('',#3424,#3424,#3426,.T.);
#3424 = VERTEX_POINT('',#3425);
#3425 = CARTESIAN_POINT('',(145.,53.74,59.));
#3426 = B_SPLINE_CURVE_WITH_KNOTS('',6,(#3427,#3428,#3429,#3430,#3431,
    #3432,#3433,#3434,#3435,#3436,#3437,#3438,#3439,#3440,#3441,#3442,
    #3443,#3444,#3445,#3446,#3447,#3448,#3449,#3450,#3451,#3452,#3453,
    #3454,#3455,#3456,#3457,#3458,#3459,#3460,#3461,#3462,#3463,#3464,
    #3465,#3466,#3467,#3468,#3469,#3470,#3471,#3472,#3473,#3474,#3475,
    #3476,#3477,#3478,#3479,#3480,#3481,#3482,#3483,#3484,#3485,#3486,
    #3487,#3488,#3489,#3490,#3491,#3492,#3493,#3494,#3495,#3496,#3497,
    #3498,#3499,#3500,#3501,#3502,#3503,#3504,#3505,#3506,#3507,#3508,
    #3509,#3510,#3511,#3512,#3513,#3514,#3515,#3516,#3517,#3518,#3519,
    #3520,#3521,#3522,#3523,#3524,#3525,#3526,#3527,#3528,#3529,#3530,
    #3531,#3532,#3533,#3534,#3535,#3536,#3537,#3538,#3539,#3540,#3541,
    #3542,#3543),.UNSPECIFIED.,.T.,.F.,(7,5,5,5,5,5,5,5,5,5,5,5,5,5,5,5,
    5,5,5,5,5,5,5,7),(0.,4.209727687888E-02,0.102591518906,
    0.130939501664,0.15476788084,0.175396908255,0.192512205545,
    0.249242995939,0.323796436249,0.367844219267,0.431786746831,
    0.470855503261,0.527251795948,0.568490047364,0.602809194679,
    0.654971863641,0.691764254394,0.750158928254,0.824895824378,
    0.845406357478,0.869027319245,0.89695619324,0.93189329554,1.),
  .UNSPECIFIED.);
#3427 = CARTESIAN_POINT('',(145.,53.74,59.));
#3428 = CARTESIAN_POINT('',(145.15991018708,53.74,59.));
#3429 = CARTESIAN_POINT('',(145.31953363622,53.736489080353,
    58.989771471091));
#3430 = CARTESIAN_POINT('',(145.47743701762,53.729490785,58.969383336751
    ));
#3431 = CARTESIAN_POINT('',(145.63220285261,53.719228083335,
    58.939253350417));
#3432 = CARTESIAN_POINT('',(145.78248296264,53.706116134225,
    58.900142546185));
#3433 = CARTESIAN_POINT('',(146.13479679161,53.668534227573,
    58.785668843898));
#3434 = CARTESIAN_POINT('',(146.33065450281,53.641614673919,
    58.701962953402));
#3435 = CARTESIAN_POINT('',(146.51378771114,53.611249770008,
    58.604492149095));
#3436 = CARTESIAN_POINT('',(146.68370152097,53.578761024137,
    58.495479948799));
#3437 = CARTESIAN_POINT('',(146.84017073611,53.545345958771,
    58.376994975311));
#3438 = CARTESIAN_POINT('',(147.05021483783,53.496408347846,
    58.191939243867));
#3439 = CARTESIAN_POINT('',(147.11437126004,53.480793128503,
    58.131161929782));
#3440 = CARTESIAN_POINT('',(147.17569810252,53.465270973743,
    58.068803950735));
#3441 = CARTESIAN_POINT('',(147.23423193041,53.449926865052,
    58.004998582454));
#3442 = CARTESIAN_POINT('',(147.29001051772,53.434837607667,
    57.939863738472));
#3443 = CARTESIAN_POINT('',(147.38767529121,53.407660205441,
    57.817720456767));
#3444 = CARTESIAN_POINT('',(147.43035760169,53.395477469252,
    57.761073248585));
#3445 = CARTESIAN_POINT('',(147.47114190644,53.383564622139,
    57.703621953868));
#3446 = CARTESIAN_POINT('',(147.51004867709,53.371959568715,
    57.64542379204));
#3447 = CARTESIAN_POINT('',(147.54709672928,53.360697118083,
    57.586531593659));
#3448 = CARTESIAN_POINT('',(147.61278266523,53.340382760664,
    57.475449935022));
#3449 = CARTESIAN_POINT('',(147.64188174823,53.331237167784,
    57.423422584796));
#3450 = CARTESIAN_POINT('',(147.66961146215,53.322392861196,
    57.370943433994));
#3451 = CARTESIAN_POINT('',(147.69598171298,53.313868994397,
    57.318042796318));
#3452 = CARTESIAN_POINT('',(147.72100132217,53.305683218378,
    57.264749614912));
#3453 = CARTESIAN_POINT('',(147.76432189189,53.291354085924,
    57.166572871432));
#3454 = CARTESIAN_POINT('',(147.78304136119,53.285100345459,
    57.121803160878));
#3455 = CARTESIAN_POINT('',(147.80084084232,53.279099699716,
    57.076798157408));
#3456 = CARTESIAN_POINT('',(147.81772428655,53.273360704087,
    57.03157332892));
#3457 = CARTESIAN_POINT('',(147.83369518856,53.267891229863,
    56.986143784509));
#3458 = CARTESIAN_POINT('',(147.89867947099,53.245486394035,
    56.789312711015));
#3459 = CARTESIAN_POINT('',(147.93861768286,53.23131179795,
    56.635990903545));
#3460 = CARTESIAN_POINT('',(147.96866661779,53.220441676663,
    56.481127844788));
#3461 = CARTESIAN_POINT('',(147.98889274177,53.213054147593,
    56.32524216895));
#3462 = CARTESIAN_POINT('',(147.99932971637,53.209240021086,
    56.168825109179));
#3463 = CARTESIAN_POINT('',(148.00082190571,53.208694701605,
    55.806747518542));
#3464 = CARTESIAN_POINT('',(147.98475761132,53.214565388995,
    55.601150593773));
#3465 = CARTESIAN_POINT('',(147.95180463856,53.226616338973,
    55.396652694546));
#3466 = CARTESIAN_POINT('',(147.90186247931,53.244598237126,
    55.194344807827));
#3467 = CARTESIAN_POINT('',(147.83472676991,53.268002851115,
    54.995424583559));
#3468 = CARTESIAN_POINT('',(147.70011490039,53.312626154677,
    54.686594315007));
#3469 = CARTESIAN_POINT('',(147.64401500471,53.330821823851,
    54.573559449546));
#3470 = CARTESIAN_POINT('',(147.58172489141,53.350487968796,
    54.462427520804));
#3471 = CARTESIAN_POINT('',(147.51314480796,53.371440074565,
    54.353487612108));
#3472 = CARTESIAN_POINT('',(147.43815973835,53.393458386193,
    54.247078964443));
#3473 = CARTESIAN_POINT('',(147.23829967475,53.449421098527,
    53.993364176225));
#3474 = CARTESIAN_POINT('',(147.10609915025,53.484285283625,
    53.849181846623));
#3475 = CARTESIAN_POINT('',(146.9596431505,53.520079701886,
    53.712316902239));
#3476 = CARTESIAN_POINT('',(146.79854200025,53.5558147101,53.58435574291
    ));
#3477 = CARTESIAN_POINT('',(146.62251828887,53.590256684344,
    53.467282624842));
#3478 = CARTESIAN_POINT('',(146.31486360868,53.641338090269,
    53.300229106861));
#3479 = CARTESIAN_POINT('',(146.19250769618,53.659706276943,
    53.241815411983));
#3480 = CARTESIAN_POINT('',(146.06482960606,53.67667567184,
    53.189130270218));
#3481 = CARTESIAN_POINT('',(145.93225131446,53.691857028889,
    53.142886166636));
#3482 = CARTESIAN_POINT('',(145.7952646524,53.704889456021,
    53.103730050357));
#3483 = CARTESIAN_POINT('',(145.45113254869,53.730729762902,
    53.026807411563));
#3484 = CARTESIAN_POINT('',(145.23987070849,53.740870424688,
    52.997370988243));
#3485 = CARTESIAN_POINT('',(145.02433142858,53.744814119526,
    52.986135912581));
#3486 = CARTESIAN_POINT('',(144.8084956538,53.742091606552,
    52.993858271451));
#3487 = CARTESIAN_POINT('',(144.59635672573,53.733085701042,
    53.019936381721));
#3488 = CARTESIAN_POINT('',(144.24194321057,53.708356192074,
    53.093331892321));
#3489 = CARTESIAN_POINT('',(144.09635072404,53.695098187114,
    53.133029125219));
#3490 = CARTESIAN_POINT('',(143.95555284546,53.679377243091,
    53.180750757941));
#3491 = CARTESIAN_POINT('',(143.82015747081,53.661614974585,
    53.235743070674));
#3492 = CARTESIAN_POINT('',(143.6906854036,53.642272368577,
    53.29716267231));
#3493 = CARTESIAN_POINT('',(143.46510687211,53.604794655065,
    53.419747781399));
#3494 = CARTESIAN_POINT('',(143.36690717351,53.586978207469,
    53.479302511414));
#3495 = CARTESIAN_POINT('',(143.27298746408,53.568592236785,
    53.54234553424));
#3496 = CARTESIAN_POINT('',(143.18334679004,53.549846232447,
    53.608522204029));
#3497 = CARTESIAN_POINT('',(143.0979655028,53.53093248729,
    53.677509023907));
#3498 = CARTESIAN_POINT('',(142.8934506254,53.483283115482,
    53.857693327677));
#3499 = CARTESIAN_POINT('',(142.77979832517,53.454541768192,
    53.9722333962));
#3500 = CARTESIAN_POINT('',(142.67563042686,53.426381909843,
    54.091706414597));
#3501 = CARTESIAN_POINT('',(142.58070552384,53.399285860257,
    54.215370365063));
#3502 = CARTESIAN_POINT('',(142.49479145721,53.373651665809,
    54.342631184242));
#3503 = CARTESIAN_POINT('',(142.36331885461,53.332991798494,
    54.564964847481));
#3504 = CARTESIAN_POINT('',(142.31333119992,53.317066772434,
    54.658468203536));
#3505 = CARTESIAN_POINT('',(142.26767588305,53.302152686111,
    54.753330128827));
#3506 = CARTESIAN_POINT('',(142.22630294965,53.288351812105,
    54.849381738753));
#3507 = CARTESIAN_POINT('',(142.18917037493,53.275750680697,
    54.946471029054));
#3508 = CARTESIAN_POINT('',(142.10398527889,53.246438811054,
    55.199988684782));
#3509 = CARTESIAN_POINT('',(142.06232075694,53.231658729027,
    55.357791944052));
#3510 = CARTESIAN_POINT('',(142.03114454157,53.220376899943,
    55.517248284376));
#3511 = CARTESIAN_POINT('',(142.01038314224,53.212789627753,
    55.67779131865));
#3512 = CARTESIAN_POINT('',(142.,53.208995066389,55.83888560769));
#3513 = CARTESIAN_POINT('',(142.,53.208995066389,56.206203559439));
#3514 = CARTESIAN_POINT('',(142.01700797029,53.215210807155,
    56.412339696919));
#3515 = CARTESIAN_POINT('',(142.05100293605,53.227633979488,
    56.617321484085));
#3516 = CARTESIAN_POINT('',(142.10209012962,53.246004815184,
    56.820049062113));
#3517 = CARTESIAN_POINT('',(142.17048047659,53.269801794403,
    57.019311736371));
#3518 = CARTESIAN_POINT('',(142.28006876928,53.306033461956,
    57.267034583272));
#3519 = CARTESIAN_POINT('',(142.30499568595,53.314185356413,
    57.320017292801));
#3520 = CARTESIAN_POINT('',(142.33125846545,53.322671121567,
    57.372611059434));
#3521 = CARTESIAN_POINT('',(142.35886580221,53.331473372656,
    57.424787398598));
#3522 = CARTESIAN_POINT('',(142.38782745149,53.340573254998,
    57.476516481369));
#3523 = CARTESIAN_POINT('',(142.45308007265,53.360749686592,
    57.586789964906));
#3524 = CARTESIAN_POINT('',(142.48981632877,53.37191661525,
    57.645177761286));
#3525 = CARTESIAN_POINT('',(142.52837972987,53.383420300179,
    57.702883277465));
#3526 = CARTESIAN_POINT('',(142.56878861022,53.395226821833,
    57.759855031836));
#3527 = CARTESIAN_POINT('',(142.61106290621,53.407299270903,
    57.816037307328));
#3528 = CARTESIAN_POINT('',(142.70743938824,53.434139181039,
    57.936794415045));
#3529 = CARTESIAN_POINT('',(142.76229136327,53.448996165415,
    58.001029586311));
#3530 = CARTESIAN_POINT('',(142.81981725539,53.464103120985,
    58.063977646713));
#3531 = CARTESIAN_POINT('',(142.88005320508,53.479386789199,
    58.125526189174));
#3532 = CARTESIAN_POINT('',(142.94303431942,53.494766233427,
    58.185548418033));
#3533 = CARTESIAN_POINT('',(143.09105635481,53.529400425206,
    58.316900907832));
#3534 = CARTESIAN_POINT('',(143.17768909776,53.54866429295,
    58.387309081923));
#3535 = CARTESIAN_POINT('',(143.26873328343,53.567763692814,
    58.454820806235));
#3536 = CARTESIAN_POINT('',(143.36421082572,53.586496555982,
    58.519096557806));
#3537 = CARTESIAN_POINT('',(143.46412382049,53.604642296017,
    58.579763203183));
#3538 = CARTESIAN_POINT('',(143.77183382809,53.655732888222,
    58.746846763412));
#3539 = CARTESIAN_POINT('',(143.99416688251,53.686731905892,
    58.843193597429));
#3540 = CARTESIAN_POINT('',(144.23242808343,53.712499076219,
    58.919884523666));
#3541 = CARTESIAN_POINT('',(144.48260468419,53.730724238708,
    58.972975533439));
#3542 = CARTESIAN_POINT('',(144.74007581207,53.74,59.));
#3543 = CARTESIAN_POINT('',(145.,53.74,59.));
#3544 = CYLINDRICAL_SURFACE('',#3545,8.74);
#3545 = AXIS2_PLACEMENT_3D('',#3546,#3547,#3548);
#3546 = CARTESIAN_POINT('',(145.,45.,51.));
#3547 = DIRECTION('',(0.,0.,1.));
#3548 = DIRECTION('',(1.,0.,0.));
#3549 = ADVANCED_FACE('',(#3550),#3746,.F.);
#3550 = FACE_BOUND('',#3551,.F.);
#3551 = EDGE_LOOP('',(#3552,#3614,#3620,#3621,#3622,#3684,#3744,#3745));
#3552 = ORIENTED_EDGE('',*,*,#3553,.T.);
#3553 = EDGE_CURVE('',#2880,#3554,#3556,.T.);
#3554 = VERTEX_POINT('',#3555);
#3555 = CARTESIAN_POINT('',(167.,45.,23.));
#3556 = B_SPLINE_CURVE_WITH_KNOTS('',6,(#3557,#3558,#3559,#3560,#3561,
    #3562,#3563,#3564,#3565,#3566,#3567,#3568,#3569,#3570,#3571,#3572,
    #3573,#3574,#3575,#3576,#3577,#3578,#3579,#3580,#3581,#3582,#3583,
    #3584,#3585,#3586,#3587,#3588,#3589,#3590,#3591,#3592,#3593,#3594,
    #3595,#3596,#3597,#3598,#3599,#3600,#3601,#3602,#3603,#3604,#3605,
    #3606,#3607,#3608,#3609,#3610,#3611,#3612,#3613),.UNSPECIFIED.,.F.,
  .F.,(7,5,5,5,5,5,5,5,5,5,5,7),(0.,0.115973605202,0.167587122716,
    0.289109340972,0.399679109019,0.500301582161,0.567580299429,
    0.601347931625,0.711185646617,0.836862257736,0.88558319703,1.),
  .UNSPECIFIED.);
#3557 = CARTESIAN_POINT('',(163.,45.,23.));
#3558 = CARTESIAN_POINT('',(163.,44.85404567707,23.));
#3559 = CARTESIAN_POINT('',(163.01278166418,44.709199793907,
    22.991478676116));
#3560 = CARTESIAN_POINT('',(163.03798056122,44.567620081117,
    22.974680435318));
#3561 = CARTESIAN_POINT('',(163.07459150059,44.431403410173,
    22.950497457953));
#3562 = CARTESIAN_POINT('',(163.12097274531,44.302469387453,
    22.920446780175));
#3563 = CARTESIAN_POINT('',(163.19864919484,44.129046328068,
    22.871327440802));
#3564 = CARTESIAN_POINT('',(163.22412984483,44.077184589109,
    22.855357213546));
#3565 = CARTESIAN_POINT('',(163.25105290011,44.026879727357,
    22.838656129773));
#3566 = CARTESIAN_POINT('',(163.27931066451,43.978134539904,
    22.821331714378));
#3567 = CARTESIAN_POINT('',(163.30880318096,43.930946875287,
    22.803487430941));
#3568 = CARTESIAN_POINT('',(163.4115673846,43.77785834698,22.74221896977
    ));
#3569 = CARTESIAN_POINT('',(163.49005856637,43.678959656488,
    22.696866858623));
#3570 = CARTESIAN_POINT('',(163.5738706409,43.588307387193,
    22.65036587736));
#3571 = CARTESIAN_POINT('',(163.66230130541,43.505550729791,
    22.603737651681));
#3572 = CARTESIAN_POINT('',(163.75491376602,43.43039087092,
    22.557901813736));
#3573 = CARTESIAN_POINT('',(163.93933790261,43.301025698496,
    22.473640239797));
#3574 = CARTESIAN_POINT('',(164.03054019118,43.245492712003,
    22.434886582036));
#3575 = CARTESIAN_POINT('',(164.12475062271,43.196065235231,
    22.398299837447));
#3576 = CARTESIAN_POINT('',(164.2217011069,43.152780690988,
    22.364661063056));
#3577 = CARTESIAN_POINT('',(164.32118944236,43.115712510782,
    22.334748544532));
#3578 = CARTESIAN_POINT('',(164.51579686224,43.057083446037,
    22.286130385003));
#3579 = CARTESIAN_POINT('',(164.61058065321,43.034404391834,
    22.266639498925));
#3580 = CARTESIAN_POINT('',(164.70685472084,43.017256797635,
    22.251502984939));
#3581 = CARTESIAN_POINT('',(164.80413266488,43.005764127692,
    22.241223553676));
#3582 = CARTESIAN_POINT('',(164.90198486819,43.,22.2360679775));
#3583 = CARTESIAN_POINT('',(165.06553538324,43.,22.2360679775));
#3584 = CARTESIAN_POINT('',(165.13104409478,43.002576971485,
    22.238372655237));
#3585 = CARTESIAN_POINT('',(165.19638279388,43.007726796808,
    22.242979462785));
#3586 = CARTESIAN_POINT('',(165.26139939407,43.015433208043,
    22.249831523269));
#3587 = CARTESIAN_POINT('',(165.3259331443,43.025662240439,
    22.258820914502));
#3588 = CARTESIAN_POINT('',(165.42187728943,43.044728111814,
    22.275298389043));
#3589 = CARTESIAN_POINT('',(165.45378426799,43.051722386374,
    22.281305690211));
#3590 = CARTESIAN_POINT('',(165.48552002554,43.059333853845,
    22.287795433262));
#3591 = CARTESIAN_POINT('',(165.51707048309,43.067556902762,
    22.29474793823));
#3592 = CARTESIAN_POINT('',(165.5484231028,43.076385965905,
    22.302142268043));
#3593 = CARTESIAN_POINT('',(165.68086988081,43.116487517125,
    22.335373099869));
#3594 = CARTESIAN_POINT('',(165.77979537461,43.153462858145,
    22.365189030798));
#3595 = CARTESIAN_POINT('',(165.8762059846,43.196588259444,
    22.398682493445));
#3596 = CARTESIAN_POINT('',(165.96990291259,43.245791723549,
    22.43508752414));
#3597 = CARTESIAN_POINT('',(166.06062285068,43.301036850751,
    22.473635675806));
#3598 = CARTESIAN_POINT('',(166.24805919711,43.432432238916,
    22.559244915483));
#3599 = CARTESIAN_POINT('',(166.34384024796,43.51050885663,
    22.606771581052));
#3600 = CARTESIAN_POINT('',(166.43513043165,43.596738755443,
    22.655116348686));
#3601 = CARTESIAN_POINT('',(166.52143711417,43.691460097194,
    22.703259090445));
#3602 = CARTESIAN_POINT('',(166.60195835778,43.795066058578,
    22.750055860315));
#3603 = CARTESIAN_POINT('',(166.70400504921,43.951623893373,
    22.811247536385));
#3604 = CARTESIAN_POINT('',(166.73146768856,43.996751409959,
    22.827938964266));
#3605 = CARTESIAN_POINT('',(166.75780350158,44.043272871798,
    22.844141159914));
#3606 = CARTESIAN_POINT('',(166.78292570923,44.091187698224,
    22.859765397825));
#3607 = CARTESIAN_POINT('',(166.80674172998,44.140491189702,
    22.874719945531));
#3608 = CARTESIAN_POINT('',(166.8817844815,44.310199850348,
    22.922234296811));
#3609 = CARTESIAN_POINT('',(166.92714894715,44.43791937858,
    22.951646990746));
#3610 = CARTESIAN_POINT('',(166.96292586348,44.572716615062,
    22.975284630518));
#3611 = CARTESIAN_POINT('',(166.9875303168,44.712707099472,
    22.991686689253));
#3612 = CARTESIAN_POINT('',(167.,44.855837955066,23.));
#3613 = CARTESIAN_POINT('',(167.,45.,23.));
#3614 = ORIENTED_EDGE('',*,*,#3615,.T.);
#3615 = EDGE_CURVE('',#3554,#2411,#3616,.T.);
#3616 = LINE('',#3617,#3618);
#3617 = CARTESIAN_POINT('',(167.,45.,20.));
#3618 = VECTOR('',#3619,1.);
#3619 = DIRECTION('',(0.,0.,1.));
#3620 = ORIENTED_EDGE('',*,*,#2410,.F.);
#3621 = ORIENTED_EDGE('',*,*,#3615,.F.);
#3622 = ORIENTED_EDGE('',*,*,#3623,.T.);
#3623 = EDGE_CURVE('',#3554,#3624,#3626,.T.);
#3624 = VERTEX_POINT('',#3625);
#3625 = CARTESIAN_POINT('',(163.,45.,23.));
#3626 = B_SPLINE_CURVE_WITH_KNOTS('',6,(#3627,#3628,#3629,#3630,#3631,
    #3632,#3633,#3634,#3635,#3636,#3637,#3638,#3639,#3640,#3641,#3642,
    #3643,#3644,#3645,#3646,#3647,#3648,#3649,#3650,#3651,#3652,#3653,
    #3654,#3655,#3656,#3657,#3658,#3659,#3660,#3661,#3662,#3663,#3664,
    #3665,#3666,#3667,#3668,#3669,#3670,#3671,#3672,#3673,#3674,#3675,
    #3676,#3677,#3678,#3679,#3680,#3681,#3682,#3683),.UNSPECIFIED.,.F.,
  .F.,(7,5,5,5,5,5,5,5,5,5,5,7),(0.,0.115973598269,0.167587112674,
    0.289109323578,0.399679084959,0.500301552037,0.56758026525,
    0.601347895411,0.711185603782,0.836862207324,0.885583153969,1.),
  .UNSPECIFIED.);
#3627 = CARTESIAN_POINT('',(167.,45.,23.));
#3628 = CARTESIAN_POINT('',(167.,45.14595432287,23.));
#3629 = CARTESIAN_POINT('',(166.98721833582,45.290800206107,
    22.991478676123));
#3630 = CARTESIAN_POINT('',(166.96201943876,45.432379918942,
    22.974680435309));
#3631 = CARTESIAN_POINT('',(166.92540849938,45.568596589844,
    22.950497457942));
#3632 = CARTESIAN_POINT('',(166.87902725471,45.697530612492,
    22.920446780191));
#3633 = CARTESIAN_POINT('',(166.80135080515,45.870953671932,
    22.871327440802));
#3634 = CARTESIAN_POINT('',(166.77587015517,45.922815410891,
    22.855357213545));
#3635 = CARTESIAN_POINT('',(166.74894709988,45.973120272643,
    22.838656129773));
#3636 = CARTESIAN_POINT('',(166.72068933548,46.021865460096,
    22.821331714378));
#3637 = CARTESIAN_POINT('',(166.69119681903,46.069053124713,
    22.803487430941));
#3638 = CARTESIAN_POINT('',(166.58843261541,46.222141652992,
    22.742218969781));
#3639 = CARTESIAN_POINT('',(166.50994143359,46.321040343557,
    22.696866858607));
#3640 = CARTESIAN_POINT('',(166.42612935908,46.411692612794,
    22.650365877359));
#3641 = CARTESIAN_POINT('',(166.33769869462,46.494449270187,
    22.603737651698));
#3642 = CARTESIAN_POINT('',(166.24508623395,46.569609129095,
    22.557901813726));
#3643 = CARTESIAN_POINT('',(166.06066209738,46.698974301504,
    22.473640239797));
#3644 = CARTESIAN_POINT('',(165.96945980882,46.754507287997,
    22.434886582036));
#3645 = CARTESIAN_POINT('',(165.87524937728,46.803934764769,
    22.398299837447));
#3646 = CARTESIAN_POINT('',(165.77829889309,46.847219309012,
    22.364661063056));
#3647 = CARTESIAN_POINT('',(165.67881055763,46.884287489218,
    22.334748544532));
#3648 = CARTESIAN_POINT('',(165.48420313775,46.942916553963,
    22.286130385003));
#3649 = CARTESIAN_POINT('',(165.38941934679,46.965595608167,
    22.266639498925));
#3650 = CARTESIAN_POINT('',(165.29314527915,46.982743202365,
    22.251502984939));
#3651 = CARTESIAN_POINT('',(165.19586733511,46.994235872308,
    22.241223553676));
#3652 = CARTESIAN_POINT('',(165.0980151318,47.,22.2360679775));
#3653 = CARTESIAN_POINT('',(164.93446461675,47.,22.2360679775));
#3654 = CARTESIAN_POINT('',(164.86895590521,46.997423028515,
    22.238372655237));
#3655 = CARTESIAN_POINT('',(164.80361720611,46.992273203192,
    22.242979462785));
#3656 = CARTESIAN_POINT('',(164.73860060592,46.984566791957,
    22.249831523269));
#3657 = CARTESIAN_POINT('',(164.67406685569,46.974337759561,
    22.258820914502));
#3658 = CARTESIAN_POINT('',(164.57812271057,46.955271888186,
    22.275298389043));
#3659 = CARTESIAN_POINT('',(164.546215732,46.948277613626,
    22.281305690211));
#3660 = CARTESIAN_POINT('',(164.51447997445,46.940666146155,
    22.287795433262));
#3661 = CARTESIAN_POINT('',(164.4829295169,46.932443097238,
    22.29474793823));
#3662 = CARTESIAN_POINT('',(164.45157689719,46.923614034095,
    22.302142268043));
#3663 = CARTESIAN_POINT('',(164.31913011918,46.883512482875,
    22.335373099869));
#3664 = CARTESIAN_POINT('',(164.22020462538,46.846537141855,
    22.365189030798));
#3665 = CARTESIAN_POINT('',(164.12379401539,46.803411740556,
    22.398682493446));
#3666 = CARTESIAN_POINT('',(164.0300970874,46.754208276451,
    22.43508752414));
#3667 = CARTESIAN_POINT('',(163.93937714931,46.698963149249,
    22.473635675806));
#3668 = CARTESIAN_POINT('',(163.75194080288,46.567567761084,
    22.559244915483));
#3669 = CARTESIAN_POINT('',(163.65615975203,46.48949114337,
    22.606771581052));
#3670 = CARTESIAN_POINT('',(163.56486956834,46.403261244558,
    22.655116348686));
#3671 = CARTESIAN_POINT('',(163.47856288582,46.308539902806,
    22.703259090445));
#3672 = CARTESIAN_POINT('',(163.39804164221,46.204933941422,
    22.750055860315));
#3673 = CARTESIAN_POINT('',(163.29599494476,46.048376097392,
    22.811247539995));
#3674 = CARTESIAN_POINT('',(163.26853231257,46.003248593667,
    22.827938963496));
#3675 = CARTESIAN_POINT('',(163.242196504,45.956727138498,
    22.844141156477));
#3676 = CARTESIAN_POINT('',(163.21707429264,45.908812303577,
    22.859765396746));
#3677 = CARTESIAN_POINT('',(163.19325826492,45.859508798781,
    22.874719948756));
#3678 = CARTESIAN_POINT('',(163.11821551858,45.689800149859,
    22.922234296753));
#3679 = CARTESIAN_POINT('',(163.07285105278,45.562080621368,
    22.951646990783));
#3680 = CARTESIAN_POINT('',(163.03707413647,45.427283384727,
    22.97528463055));
#3681 = CARTESIAN_POINT('',(163.01246968323,45.287292900474,
    22.991686689228));
#3682 = CARTESIAN_POINT('',(163.,45.144162045146,23.));
#3683 = CARTESIAN_POINT('',(163.,45.,23.));
#3684 = ORIENTED_EDGE('',*,*,#3685,.T.);
#3685 = EDGE_CURVE('',#3624,#2882,#3686,.T.);
#3686 = B_SPLINE_CURVE_WITH_KNOTS('',6,(#3687,#3688,#3689,#3690,#3691,
    #3692,#3693,#3694,#3695,#3696,#3697,#3698,#3699,#3700,#3701,#3702,
    #3703,#3704,#3705,#3706,#3707,#3708,#3709,#3710,#3711,#3712,#3713,
    #3714,#3715,#3716,#3717,#3718,#3719,#3720,#3721,#3722,#3723,#3724,
    #3725,#3726,#3727,#3728,#3729,#3730,#3731,#3732,#3733,#3734,#3735,
    #3736,#3737,#3738,#3739,#3740,#3741,#3742,#3743),.UNSPECIFIED.,.F.,
  .F.,(7,5,5,5,5,5,5,5,5,5,5,7),(0.,0.115973605202,0.167587122716,
    0.289109340972,0.399679109019,0.500301582161,0.567580299429,
    0.601347931625,0.711185646617,0.836862257736,0.88558319703,1.),
  .UNSPECIFIED.);
#3687 = CARTESIAN_POINT('',(163.,45.,23.));
#3688 = CARTESIAN_POINT('',(163.,44.85404567707,23.));
#3689 = CARTESIAN_POINT('',(163.01278166418,44.709199793907,
    22.991478676116));
#3690 = CARTESIAN_POINT('',(163.03798056122,44.567620081117,
    22.974680435318));
#3691 = CARTESIAN_POINT('',(163.07459150059,44.431403410173,
    22.950497457953));
#3692 = CARTESIAN_POINT('',(163.12097274531,44.302469387453,
    22.920446780175));
#3693 = CARTESIAN_POINT('',(163.19864919484,44.129046328068,
    22.871327440802));
#3694 = CARTESIAN_POINT('',(163.22412984483,44.077184589109,
    22.855357213546));
#3695 = CARTESIAN_POINT('',(163.25105290011,44.026879727357,
    22.838656129773));
#3696 = CARTESIAN_POINT('',(163.27931066451,43.978134539904,
    22.821331714378));
#3697 = CARTESIAN_POINT('',(163.30880318096,43.930946875287,
    22.803487430941));
#3698 = CARTESIAN_POINT('',(163.4115673846,43.77785834698,22.74221896977
    ));
#3699 = CARTESIAN_POINT('',(163.49005856637,43.678959656488,
    22.696866858623));
#3700 = CARTESIAN_POINT('',(163.5738706409,43.588307387193,
    22.65036587736));
#3701 = CARTESIAN_POINT('',(163.66230130541,43.505550729791,
    22.603737651681));
#3702 = CARTESIAN_POINT('',(163.75491376602,43.43039087092,
    22.557901813736));
#3703 = CARTESIAN_POINT('',(163.93933790261,43.301025698496,
    22.473640239797));
#3704 = CARTESIAN_POINT('',(164.03054019118,43.245492712003,
    22.434886582036));
#3705 = CARTESIAN_POINT('',(164.12475062271,43.196065235231,
    22.398299837447));
#3706 = CARTESIAN_POINT('',(164.2217011069,43.152780690988,
    22.364661063056));
#3707 = CARTESIAN_POINT('',(164.32118944236,43.115712510782,
    22.334748544532));
#3708 = CARTESIAN_POINT('',(164.51579686224,43.057083446037,
    22.286130385003));
#3709 = CARTESIAN_POINT('',(164.61058065321,43.034404391834,
    22.266639498925));
#3710 = CARTESIAN_POINT('',(164.70685472084,43.017256797635,
    22.251502984939));
#3711 = CARTESIAN_POINT('',(164.80413266488,43.005764127692,
    22.241223553676));
#3712 = CARTESIAN_POINT('',(164.90198486819,43.,22.2360679775));
#3713 = CARTESIAN_POINT('',(165.06553538324,43.,22.2360679775));
#3714 = CARTESIAN_POINT('',(165.13104409478,43.002576971485,
    22.238372655237));
#3715 = CARTESIAN_POINT('',(165.19638279388,43.007726796808,
    22.242979462785));
#3716 = CARTESIAN_POINT('',(165.26139939407,43.015433208043,
    22.249831523269));
#3717 = CARTESIAN_POINT('',(165.3259331443,43.025662240439,
    22.258820914502));
#3718 = CARTESIAN_POINT('',(165.42187728943,43.044728111814,
    22.275298389043));
#3719 = CARTESIAN_POINT('',(165.45378426799,43.051722386374,
    22.281305690211));
#3720 = CARTESIAN_POINT('',(165.48552002554,43.059333853845,
    22.287795433262));
#3721 = CARTESIAN_POINT('',(165.51707048309,43.067556902762,
    22.29474793823));
#3722 = CARTESIAN_POINT('',(165.5484231028,43.076385965905,
    22.302142268043));
#3723 = CARTESIAN_POINT('',(165.68086988081,43.116487517125,
    22.335373099869));
#3724 = CARTESIAN_POINT('',(165.77979537461,43.153462858145,
    22.365189030798));
#3725 = CARTESIAN_POINT('',(165.8762059846,43.196588259444,
    22.398682493445));
#3726 = CARTESIAN_POINT('',(165.96990291259,43.245791723549,
    22.43508752414));
#3727 = CARTESIAN_POINT('',(166.06062285068,43.301036850751,
    22.473635675806));
#3728 = CARTESIAN_POINT('',(166.24805919711,43.432432238916,
    22.559244915483));
#3729 = CARTESIAN_POINT('',(166.34384024796,43.51050885663,
    22.606771581052));
#3730 = CARTESIAN_POINT('',(166.43513043165,43.596738755443,
    22.655116348686));
#3731 = CARTESIAN_POINT('',(166.52143711417,43.691460097194,
    22.703259090445));
#3732 = CARTESIAN_POINT('',(166.60195835778,43.795066058578,
    22.750055860315));
#3733 = CARTESIAN_POINT('',(166.70400504921,43.951623893373,
    22.811247536385));
#3734 = CARTESIAN_POINT('',(166.73146768856,43.996751409959,
    22.827938964266));
#3735 = CARTESIAN_POINT('',(166.75780350158,44.043272871798,
    22.844141159914));
#3736 = CARTESIAN_POINT('',(166.78292570923,44.091187698224,
    22.859765397825));
#3737 = CARTESIAN_POINT('',(166.80674172998,44.140491189702,
    22.874719945531));
#3738 = CARTESIAN_POINT('',(166.8817844815,44.310199850348,
    22.922234296811));
#3739 = CARTESIAN_POINT('',(166.92714894715,44.43791937858,
    22.951646990746));
#3740 = CARTESIAN_POINT('',(166.96292586348,44.572716615062,
    22.975284630518));
#3741 = CARTESIAN_POINT('',(166.9875303168,44.712707099472,
    22.991686689253));
#3742 = CARTESIAN_POINT('',(167.,44.855837955066,23.));
#3743 = CARTESIAN_POINT('',(167.,45.,23.));
#3744 = ORIENTED_EDGE('',*,*,#3033,.T.);
#3745 = ORIENTED_EDGE('',*,*,#3008,.T.);
#3746 = CYLINDRICAL_SURFACE('',#3747,2.);
#3747 = AXIS2_PLACEMENT_3D('',#3748,#3749,#3750);
#3748 = CARTESIAN_POINT('',(165.,45.,20.));
#3749 = DIRECTION('',(0.,0.,1.));
#3750 = DIRECTION('',(1.,0.,0.));
#3751 = ADVANCED_FACE('',(#3752,#3771),#3895,.F.);
#3752 = FACE_BOUND('',#3753,.F.);
#3753 = EDGE_LOOP('',(#3754,#3762,#3763,#3764));
#3754 = ORIENTED_EDGE('',*,*,#3755,.T.);
#3755 = EDGE_CURVE('',#3756,#2431,#3758,.T.);
#3756 = VERTEX_POINT('',#3757);
#3757 = CARTESIAN_POINT('',(193.74,45.,51.));
#3758 = LINE('',#3759,#3760);
#3759 = CARTESIAN_POINT('',(193.74,45.,51.));
#3760 = VECTOR('',#3761,1.);
#3761 = DIRECTION('',(0.,0.,1.));
#3762 = ORIENTED_EDGE('',*,*,#2430,.F.);
#3763 = ORIENTED_EDGE('',*,*,#3755,.F.);
#3764 = ORIENTED_EDGE('',*,*,#3765,.T.);
#3765 = EDGE_CURVE('',#3756,#3756,#3766,.T.);
#3766 = CIRCLE('',#3767,8.74);
#3767 = AXIS2_PLACEMENT_3D('',#3768,#3769,#3770);
#3768 = CARTESIAN_POINT('',(185.,45.,51.));
#3769 = DIRECTION('',(0.,0.,1.));
#3770 = DIRECTION('',(1.,0.,0.));
#3771 = FACE_BOUND('',#3772,.F.);
#3772 = EDGE_LOOP('',(#3773));
#3773 = ORIENTED_EDGE('',*,*,#3774,.F.);
#3774 = EDGE_CURVE('',#3775,#3775,#3777,.T.);
#3775 = VERTEX_POINT('',#3776);
#3776 = CARTESIAN_POINT('',(185.,53.74,59.));
#3777 = B_SPLINE_CURVE_WITH_KNOTS('',6,(#3778,#3779,#3780,#3781,#3782,
    #3783,#3784,#3785,#3786,#3787,#3788,#3789,#3790,#3791,#3792,#3793,
    #3794,#3795,#3796,#3797,#3798,#3799,#3800,#3801,#3802,#3803,#3804,
    #3805,#3806,#3807,#3808,#3809,#3810,#3811,#3812,#3813,#3814,#3815,
    #3816,#3817,#3818,#3819,#3820,#3821,#3822,#3823,#3824,#3825,#3826,
    #3827,#3828,#3829,#3830,#3831,#3832,#3833,#3834,#3835,#3836,#3837,
    #3838,#3839,#3840,#3841,#3842,#3843,#3844,#3845,#3846,#3847,#3848,
    #3849,#3850,#3851,#3852,#3853,#3854,#3855,#3856,#3857,#3858,#3859,
    #3860,#3861,#3862,#3863,#3864,#3865,#3866,#3867,#3868,#3869,#3870,
    #3871,#3872,#3873,#3874,#3875,#3876,#3877,#3878,#3879,#3880,#3881,
    #3882,#3883,#3884,#3885,#3886,#3887,#3888,#3889,#3890,#3891,#3892,
    #3893,#3894),.UNSPECIFIED.,.T.,.F.,(7,5,5,5,5,5,5,5,5,5,5,5,5,5,5,5,
    5,5,5,5,5,5,5,7),(0.,4.20972768789E-02,0.102591518906,0.130939501664
    ,0.15476788084,0.175396908255,0.192512205545,0.249242995939,
    0.323796436249,0.367844219267,0.431786746831,0.470855503261,
    0.527251795948,0.568490047364,0.602809194679,0.654971863641,
    0.691764254394,0.750158928254,0.824895824378,0.845406357478,
    0.869027319245,0.89695619324,0.93189329554,1.),.UNSPECIFIED.);
#3778 = CARTESIAN_POINT('',(185.,53.74,59.));
#3779 = CARTESIAN_POINT('',(185.15991018708,53.74,59.));
#3780 = CARTESIAN_POINT('',(185.31953363622,53.736489080353,
    58.989771471091));
#3781 = CARTESIAN_POINT('',(185.47743701762,53.729490785,58.969383336751
    ));
#3782 = CARTESIAN_POINT('',(185.63220285261,53.719228083335,
    58.939253350417));
#3783 = CARTESIAN_POINT('',(185.78248296264,53.706116134225,
    58.900142546185));
#3784 = CARTESIAN_POINT('',(186.13479679161,53.668534227573,
    58.785668843898));
#3785 = CARTESIAN_POINT('',(186.33065450281,53.641614673919,
    58.701962953402));
#3786 = CARTESIAN_POINT('',(186.51378771114,53.611249770008,
    58.604492149095));
#3787 = CARTESIAN_POINT('',(186.68370152097,53.578761024137,
    58.495479948799));
#3788 = CARTESIAN_POINT('',(186.84017073611,53.545345958771,
    58.376994975311));
#3789 = CARTESIAN_POINT('',(187.05021483783,53.496408347846,
    58.191939243867));
#3790 = CARTESIAN_POINT('',(187.11437126004,53.480793128503,
    58.131161929782));
#3791 = CARTESIAN_POINT('',(187.17569810252,53.465270973743,
    58.068803950735));
#3792 = CARTESIAN_POINT('',(187.23423193041,53.449926865052,
    58.004998582454));
#3793 = CARTESIAN_POINT('',(187.29001051772,53.434837607667,
    57.939863738472));
#3794 = CARTESIAN_POINT('',(187.38767529121,53.407660205441,
    57.817720456767));
#3795 = CARTESIAN_POINT('',(187.43035760169,53.395477469252,
    57.761073248585));
#3796 = CARTESIAN_POINT('',(187.47114190644,53.383564622139,
    57.703621953868));
#3797 = CARTESIAN_POINT('',(187.51004867709,53.371959568715,
    57.64542379204));
#3798 = CARTESIAN_POINT('',(187.54709672928,53.360697118083,
    57.586531593659));
#3799 = CARTESIAN_POINT('',(187.61278266523,53.340382760664,
    57.475449935022));
#3800 = CARTESIAN_POINT('',(187.64188174823,53.331237167784,
    57.423422584796));
#3801 = CARTESIAN_POINT('',(187.66961146215,53.322392861196,
    57.370943433994));
#3802 = CARTESIAN_POINT('',(187.69598171298,53.313868994397,
    57.318042796318));
#3803 = CARTESIAN_POINT('',(187.72100132217,53.305683218378,
    57.264749614912));
#3804 = CARTESIAN_POINT('',(187.76432189189,53.291354085924,
    57.166572871432));
#3805 = CARTESIAN_POINT('',(187.78304136119,53.285100345459,
    57.121803160878));
#3806 = CARTESIAN_POINT('',(187.80084084232,53.279099699716,
    57.076798157408));
#3807 = CARTESIAN_POINT('',(187.81772428655,53.273360704087,
    57.03157332892));
#3808 = CARTESIAN_POINT('',(187.83369518856,53.267891229863,
    56.986143784509));
#3809 = CARTESIAN_POINT('',(187.89867947099,53.245486394035,
    56.789312711015));
#3810 = CARTESIAN_POINT('',(187.93861768286,53.23131179795,
    56.635990903545));
#3811 = CARTESIAN_POINT('',(187.96866661779,53.220441676663,
    56.481127844788));
#3812 = CARTESIAN_POINT('',(187.98889274177,53.213054147593,
    56.32524216895));
#3813 = CARTESIAN_POINT('',(187.99932971637,53.209240021086,
    56.168825109179));
#3814 = CARTESIAN_POINT('',(188.00082190571,53.208694701605,
    55.806747518542));
#3815 = CARTESIAN_POINT('',(187.98475761132,53.214565388995,
    55.601150593773));
#3816 = CARTESIAN_POINT('',(187.95180463856,53.226616338973,
    55.396652694546));
#3817 = CARTESIAN_POINT('',(187.90186247931,53.244598237126,
    55.194344807827));
#3818 = CARTESIAN_POINT('',(187.83472676991,53.268002851115,
    54.995424583559));
#3819 = CARTESIAN_POINT('',(187.70011490039,53.312626154677,
    54.686594315007));
#3820 = CARTESIAN_POINT('',(187.64401500471,53.330821823851,
    54.573559449546));
#3821 = CARTESIAN_POINT('',(187.58172489141,53.350487968796,
    54.462427520804));
#3822 = CARTESIAN_POINT('',(187.51314480796,53.371440074565,
    54.353487612108));
#3823 = CARTESIAN_POINT('',(187.43815973835,53.393458386193,
    54.247078964443));
#3824 = CARTESIAN_POINT('',(187.23829967475,53.449421098527,
    53.993364176225));
#3825 = CARTESIAN_POINT('',(187.10609915025,53.484285283625,
    53.849181846623));
#3826 = CARTESIAN_POINT('',(186.9596431505,53.520079701886,
    53.712316902239));
#3827 = CARTESIAN_POINT('',(186.79854200025,53.5558147101,53.58435574291
    ));
#3828 = CARTESIAN_POINT('',(186.62251828887,53.590256684344,
    53.467282624842));
#3829 = CARTESIAN_POINT('',(186.31486360868,53.641338090269,
    53.300229106861));
#3830 = CARTESIAN_POINT('',(186.19250769618,53.659706276943,
    53.241815411983));
#3831 = CARTESIAN_POINT('',(186.06482960606,53.67667567184,
    53.189130270218));
#3832 = CARTESIAN_POINT('',(185.93225131446,53.691857028889,
    53.142886166636));
#3833 = CARTESIAN_POINT('',(185.7952646524,53.704889456021,
    53.103730050357));
#3834 = CARTESIAN_POINT('',(185.45113254869,53.730729762902,
    53.026807411563));
#3835 = CARTESIAN_POINT('',(185.23987070849,53.740870424688,
    52.997370988243));
#3836 = CARTESIAN_POINT('',(185.02433142858,53.744814119526,
    52.986135912581));
#3837 = CARTESIAN_POINT('',(184.8084956538,53.742091606552,
    52.993858271451));
#3838 = CARTESIAN_POINT('',(184.59635672573,53.733085701042,
    53.019936381721));
#3839 = CARTESIAN_POINT('',(184.24194321057,53.708356192074,
    53.093331892321));
#3840 = CARTESIAN_POINT('',(184.09635072404,53.695098187114,
    53.133029125219));
#3841 = CARTESIAN_POINT('',(183.95555284546,53.679377243091,
    53.180750757941));
#3842 = CARTESIAN_POINT('',(183.82015747081,53.661614974585,
    53.235743070674));
#3843 = CARTESIAN_POINT('',(183.6906854036,53.642272368577,
    53.29716267231));
#3844 = CARTESIAN_POINT('',(183.46510687211,53.604794655065,
    53.419747781399));
#3845 = CARTESIAN_POINT('',(183.36690717351,53.586978207469,
    53.479302511414));
#3846 = CARTESIAN_POINT('',(183.27298746408,53.568592236785,
    53.54234553424));
#3847 = CARTESIAN_POINT('',(183.18334679004,53.549846232447,
    53.608522204029));
#3848 = CARTESIAN_POINT('',(183.0979655028,53.53093248729,
    53.677509023907));
#3849 = CARTESIAN_POINT('',(182.8934506254,53.483283115482,
    53.857693327677));
#3850 = CARTESIAN_POINT('',(182.77979832517,53.454541768192,
    53.9722333962));
#3851 = CARTESIAN_POINT('',(182.67563042686,53.426381909843,
    54.091706414597));
#3852 = CARTESIAN_POINT('',(182.58070552384,53.399285860257,
    54.215370365063));
#3853 = CARTESIAN_POINT('',(182.49479145721,53.373651665809,
    54.342631184242));
#3854 = CARTESIAN_POINT('',(182.36331885461,53.332991798494,
    54.564964847481));
#3855 = CARTESIAN_POINT('',(182.31333119992,53.317066772434,
    54.658468203536));
#3856 = CARTESIAN_POINT('',(182.26767588305,53.302152686111,
    54.753330128827));
#3857 = CARTESIAN_POINT('',(182.22630294965,53.288351812105,
    54.849381738753));
#3858 = CARTESIAN_POINT('',(182.18917037493,53.275750680697,
    54.946471029054));
#3859 = CARTESIAN_POINT('',(182.10398527889,53.246438811054,
    55.199988684782));
#3860 = CARTESIAN_POINT('',(182.06232075694,53.231658729027,
    55.357791944052));
#3861 = CARTESIAN_POINT('',(182.03114454157,53.220376899943,
    55.517248284376));
#3862 = CARTESIAN_POINT('',(182.01038314224,53.212789627753,
    55.67779131865));
#3863 = CARTESIAN_POINT('',(182.,53.208995066389,55.83888560769));
#3864 = CARTESIAN_POINT('',(182.,53.208995066389,56.206203559439));
#3865 = CARTESIAN_POINT('',(182.01700797029,53.215210807155,
    56.412339696919));
#3866 = CARTESIAN_POINT('',(182.05100293605,53.227633979488,
    56.617321484085));
#3867 = CARTESIAN_POINT('',(182.10209012962,53.246004815184,
    56.820049062113));
#3868 = CARTESIAN_POINT('',(182.17048047659,53.269801794403,
    57.019311736371));
#3869 = CARTESIAN_POINT('',(182.28006876928,53.306033461956,
    57.267034583272));
#3870 = CARTESIAN_POINT('',(182.30499568595,53.314185356413,
    57.320017292801));
#3871 = CARTESIAN_POINT('',(182.33125846545,53.322671121567,
    57.372611059434));
#3872 = CARTESIAN_POINT('',(182.35886580221,53.331473372656,
    57.424787398598));
#3873 = CARTESIAN_POINT('',(182.38782745149,53.340573254998,
    57.476516481369));
#3874 = CARTESIAN_POINT('',(182.45308007265,53.360749686592,
    57.586789964906));
#3875 = CARTESIAN_POINT('',(182.48981632877,53.37191661525,
    57.645177761286));
#3876 = CARTESIAN_POINT('',(182.52837972987,53.383420300179,
    57.702883277465));
#3877 = CARTESIAN_POINT('',(182.56878861022,53.395226821833,
    57.759855031836));
#3878 = CARTESIAN_POINT('',(182.61106290621,53.407299270903,
    57.816037307328));
#3879 = CARTESIAN_POINT('',(182.70743938824,53.434139181039,
    57.936794415045));
#3880 = CARTESIAN_POINT('',(182.76229136327,53.448996165415,
    58.001029586311));
#3881 = CARTESIAN_POINT('',(182.81981725539,53.464103120985,
    58.063977646713));
#3882 = CARTESIAN_POINT('',(182.88005320508,53.479386789199,
    58.125526189174));
#3883 = CARTESIAN_POINT('',(182.94303431942,53.494766233427,
    58.185548418033));
#3884 = CARTESIAN_POINT('',(183.09105635481,53.529400425206,
    58.316900907832));
#3885 = CARTESIAN_POINT('',(183.17768909776,53.54866429295,
    58.387309081923));
#3886 = CARTESIAN_POINT('',(183.26873328343,53.567763692814,
    58.454820806235));
#3887 = CARTESIAN_POINT('',(183.36421082572,53.586496555982,
    58.519096557806));
#3888 = CARTESIAN_POINT('',(183.46412382049,53.604642296017,
    58.579763203183));
#3889 = CARTESIAN_POINT('',(183.77183382809,53.655732888222,
    58.746846763412));
#3890 = CARTESIAN_POINT('',(183.99416688251,53.686731905892,
    58.843193597429));
#3891 = CARTESIAN_POINT('',(184.23242808343,53.712499076219,
    58.919884523666));
#3892 = CARTESIAN_POINT('',(184.48260468419,53.730724238708,
    58.972975533439));
#3893 = CARTESIAN_POINT('',(184.74007581207,53.74,59.));
#3894 = CARTESIAN_POINT('',(185.,53.74,59.));
#3895 = CYLINDRICAL_SURFACE('',#3896,8.74);
#3896 = AXIS2_PLACEMENT_3D('',#3897,#3898,#3899);
#3897 = CARTESIAN_POINT('',(185.,45.,51.));
#3898 = DIRECTION('',(0.,0.,1.));
#3899 = DIRECTION('',(1.,0.,0.));
#3900 = ADVANCED_FACE('',(#3901),#3912,.F.);
#3901 = FACE_BOUND('',#3902,.F.);
#3902 = EDGE_LOOP('',(#3903,#3904,#3910,#3911));
#3903 = ORIENTED_EDGE('',*,*,#2450,.F.);
#3904 = ORIENTED_EDGE('',*,*,#3905,.F.);
#3905 = EDGE_CURVE('',#3126,#2451,#3906,.T.);
#3906 = LINE('',#3907,#3908);
#3907 = CARTESIAN_POINT('',(55.,45.,59.));
#3908 = VECTOR('',#3909,1.);
#3909 = DIRECTION('',(0.,1.,0.));
#3910 = ORIENTED_EDGE('',*,*,#3125,.T.);
#3911 = ORIENTED_EDGE('',*,*,#3905,.T.);
#3912 = CYLINDRICAL_SURFACE('',#3913,3.);
#3913 = AXIS2_PLACEMENT_3D('',#3914,#3915,#3916);
#3914 = CARTESIAN_POINT('',(55.,45.,56.));
#3915 = DIRECTION('',(0.,1.,0.));
#3916 = DIRECTION('',(0.,0.,1.));
#3917 = ADVANCED_FACE('',(#3918),#3929,.F.);
#3918 = FACE_BOUND('',#3919,.F.);
#3919 = EDGE_LOOP('',(#3920,#3921,#3927,#3928));
#3920 = ORIENTED_EDGE('',*,*,#2470,.F.);
#3921 = ORIENTED_EDGE('',*,*,#3922,.F.);
#3922 = EDGE_CURVE('',#3275,#2471,#3923,.T.);
#3923 = LINE('',#3924,#3925);
#3924 = CARTESIAN_POINT('',(95.,45.,59.));
#3925 = VECTOR('',#3926,1.);
#3926 = DIRECTION('',(0.,1.,0.));
#3927 = ORIENTED_EDGE('',*,*,#3274,.T.);
#3928 = ORIENTED_EDGE('',*,*,#3922,.T.);
#3929 = CYLINDRICAL_SURFACE('',#3930,3.);
#3930 = AXIS2_PLACEMENT_3D('',#3931,#3932,#3933);
#3931 = CARTESIAN_POINT('',(95.,45.,56.));
#3932 = DIRECTION('',(0.,1.,0.));
#3933 = DIRECTION('',(0.,0.,1.));
#3934 = ADVANCED_FACE('',(#3935),#3946,.F.);
#3935 = FACE_BOUND('',#3936,.F.);
#3936 = EDGE_LOOP('',(#3937,#3938,#3944,#3945));
#3937 = ORIENTED_EDGE('',*,*,#2510,.F.);
#3938 = ORIENTED_EDGE('',*,*,#3939,.F.);
#3939 = EDGE_CURVE('',#3775,#2511,#3940,.T.);
#3940 = LINE('',#3941,#3942);
#3941 = CARTESIAN_POINT('',(185.,45.,59.));
#3942 = VECTOR('',#3943,1.);
#3943 = DIRECTION('',(0.,1.,0.));
#3944 = ORIENTED_EDGE('',*,*,#3774,.T.);
#3945 = ORIENTED_EDGE('',*,*,#3939,.T.);
#3946 = CYLINDRICAL_SURFACE('',#3947,3.);
#3947 = AXIS2_PLACEMENT_3D('',#3948,#3949,#3950);
#3948 = CARTESIAN_POINT('',(185.,45.,56.));
#3949 = DIRECTION('',(0.,1.,0.));
#3950 = DIRECTION('',(0.,0.,1.));
#3951 = ADVANCED_FACE('',(#3952),#3981,.F.);
#3952 = FACE_BOUND('',#3953,.F.);
#3953 = EDGE_LOOP('',(#3954,#3965,#3971,#3972,#3973,#3974));
#3954 = ORIENTED_EDGE('',*,*,#3955,.F.);
#3955 = EDGE_CURVE('',#3956,#3958,#3960,.T.);
#3956 = VERTEX_POINT('',#3957);
#3957 = CARTESIAN_POINT('',(48.65,45.,41.7));
#3958 = VERTEX_POINT('',#3959);
#3959 = CARTESIAN_POINT('',(61.35,45.,41.7));
#3960 = CIRCLE('',#3961,6.35);
#3961 = AXIS2_PLACEMENT_3D('',#3962,#3963,#3964);
#3962 = CARTESIAN_POINT('',(55.,45.,41.7));
#3963 = DIRECTION('',(0.,0.,1.));
#3964 = DIRECTION('',(1.,0.,0.));
#3965 = ORIENTED_EDGE('',*,*,#3966,.T.);
#3966 = EDGE_CURVE('',#3956,#2537,#3967,.T.);
#3967 = LINE('',#3968,#3969);
#3968 = CARTESIAN_POINT('',(48.65,45.,41.7));
#3969 = VECTOR('',#3970,1.);
#3970 = DIRECTION('',(0.862688521599,2.112977473275E-16,-0.505735617394)
  );
#3971 = ORIENTED_EDGE('',*,*,#2536,.T.);
#3972 = ORIENTED_EDGE('',*,*,#2545,.T.);
#3973 = ORIENTED_EDGE('',*,*,#3966,.F.);
#3974 = ORIENTED_EDGE('',*,*,#3975,.F.);
#3975 = EDGE_CURVE('',#3958,#3956,#3976,.T.);
#3976 = CIRCLE('',#3977,6.35);
#3977 = AXIS2_PLACEMENT_3D('',#3978,#3979,#3980);
#3978 = CARTESIAN_POINT('',(55.,45.,41.7));
#3979 = DIRECTION('',(0.,0.,1.));
#3980 = DIRECTION('',(1.,0.,0.));
#3981 = CONICAL_SURFACE('',#3982,6.35,1.040561871037);
#3982 = AXIS2_PLACEMENT_3D('',#3983,#3984,#3985);
#3983 = CARTESIAN_POINT('',(55.,45.,41.7));
#3984 = DIRECTION('',(0.,0.,1.));
#3985 = DIRECTION('',(-1.,0.,0.));
#3986 = ADVANCED_FACE('',(#3987),#4016,.F.);
#3987 = FACE_BOUND('',#3988,.F.);
#3988 = EDGE_LOOP('',(#3989,#4000,#4006,#4007,#4008,#4009));
#3989 = ORIENTED_EDGE('',*,*,#3990,.F.);
#3990 = EDGE_CURVE('',#3991,#3993,#3995,.T.);
#3991 = VERTEX_POINT('',#3992);
#3992 = CARTESIAN_POINT('',(88.65,45.,41.7));
#3993 = VERTEX_POINT('',#3994);
#3994 = CARTESIAN_POINT('',(101.35,45.,41.7));
#3995 = CIRCLE('',#3996,6.35);
#3996 = AXIS2_PLACEMENT_3D('',#3997,#3998,#3999);
#3997 = CARTESIAN_POINT('',(95.,45.,41.7));
#3998 = DIRECTION('',(0.,0.,1.));
#3999 = DIRECTION('',(1.,0.,0.));
#4000 = ORIENTED_EDGE('',*,*,#4001,.T.);
#4001 = EDGE_CURVE('',#3991,#2644,#4002,.T.);
#4002 = LINE('',#4003,#4004);
#4003 = CARTESIAN_POINT('',(88.65,45.,41.7));
#4004 = VECTOR('',#4005,1.);
#4005 = DIRECTION('',(0.862688521599,2.112977473275E-16,-0.505735617394)
  );
#4006 = ORIENTED_EDGE('',*,*,#2643,.T.);
#4007 = ORIENTED_EDGE('',*,*,#2652,.T.);
#4008 = ORIENTED_EDGE('',*,*,#4001,.F.);
#4009 = ORIENTED_EDGE('',*,*,#4010,.F.);
#4010 = EDGE_CURVE('',#3993,#3991,#4011,.T.);
#4011 = CIRCLE('',#4012,6.35);
#4012 = AXIS2_PLACEMENT_3D('',#4013,#4014,#4015);
#4013 = CARTESIAN_POINT('',(95.,45.,41.7));
#4014 = DIRECTION('',(0.,0.,1.));
#4015 = DIRECTION('',(1.,0.,0.));
#4016 = CONICAL_SURFACE('',#4017,6.35,1.040561871037);
#4017 = AXIS2_PLACEMENT_3D('',#4018,#4019,#4020);
#4018 = CARTESIAN_POINT('',(95.,45.,41.7));
#4019 = DIRECTION('',(0.,0.,1.));
#4020 = DIRECTION('',(-1.,0.,0.));
#4021 = ADVANCED_FACE('',(#4022,#4025),#4028,.F.);
#4022 = FACE_BOUND('',#4023,.F.);
#4023 = EDGE_LOOP('',(#4024));
#4024 = ORIENTED_EDGE('',*,*,#3066,.T.);
#4025 = FACE_BOUND('',#4026,.F.);
#4026 = EDGE_LOOP('',(#4027));
#4027 = ORIENTED_EDGE('',*,*,#2696,.F.);
#4028 = PLANE('',#4029);
#4029 = AXIS2_PLACEMENT_3D('',#4030,#4031,#4032);
#4030 = CARTESIAN_POINT('',(0.,0.,0.));
#4031 = DIRECTION('',(0.,0.,1.));
#4032 = DIRECTION('',(1.,0.,0.));
#4033 = ADVANCED_FACE('',(#4034,#4037),#4048,.F.);
#4034 = FACE_BOUND('',#4035,.F.);
#4035 = EDGE_LOOP('',(#4036));
#4036 = ORIENTED_EDGE('',*,*,#2749,.T.);
#4037 = FACE_BOUND('',#4038,.F.);
#4038 = EDGE_LOOP('',(#4039));
#4039 = ORIENTED_EDGE('',*,*,#4040,.T.);
#4040 = EDGE_CURVE('',#4041,#4041,#4043,.T.);
#4041 = VERTEX_POINT('',#4042);
#4042 = CARTESIAN_POINT('',(226.,45.,23.));
#4043 = CIRCLE('',#4044,3.);
#4044 = AXIS2_PLACEMENT_3D('',#4045,#4046,#4047);
#4045 = CARTESIAN_POINT('',(226.,45.,20.));
#4046 = DIRECTION('',(1.,0.,-0.));
#4047 = DIRECTION('',(0.,0.,1.));
#4048 = PLANE('',#4049);
#4049 = AXIS2_PLACEMENT_3D('',#4050,#4051,#4052);
#4050 = CARTESIAN_POINT('',(226.,45.,20.));
#4051 = DIRECTION('',(-1.,0.,0.));
#4052 = DIRECTION('',(0.,0.,-1.));
#4053 = ADVANCED_FACE('',(#4054),#4064,.F.);
#4054 = FACE_BOUND('',#4055,.F.);
#4055 = EDGE_LOOP('',(#4056,#4057,#4058));
#4056 = ORIENTED_EDGE('',*,*,#2774,.T.);
#4057 = ORIENTED_EDGE('',*,*,#2862,.T.);
#4058 = ORIENTED_EDGE('',*,*,#4059,.F.);
#4059 = EDGE_CURVE('',#2775,#2828,#4060,.T.);
#4060 = LINE('',#4061,#4062);
#4061 = CARTESIAN_POINT('',(120.,42.5,21.658312395178));
#4062 = VECTOR('',#4063,1.);
#4063 = DIRECTION('',(1.,0.,0.));
#4064 = PLANE('',#4065);
#4065 = AXIS2_PLACEMENT_3D('',#4066,#4067,#4068);
#4066 = CARTESIAN_POINT('',(125.,42.5,20.));
#4067 = DIRECTION('',(0.,1.,0.));
#4068 = DIRECTION('',(0.,0.,1.));
#4069 = ADVANCED_FACE('',(#4070,#4186,#4197),#4356,.F.);
#4070 = FACE_BOUND('',#4071,.F.);
#4071 = EDGE_LOOP('',(#4072,#4083,#4092,#4098,#4099,#4107,#4116,#4125,
    #4131,#4132,#4133,#4142,#4149,#4150,#4151,#4152,#4153,#4154,#4163,
    #4170,#4178,#4185));
#4072 = ORIENTED_EDGE('',*,*,#4073,.F.);
#4073 = EDGE_CURVE('',#4074,#4076,#4078,.T.);
#4074 = VERTEX_POINT('',#4075);
#4075 = CARTESIAN_POINT('',(145.,48.,20.));
#4076 = VERTEX_POINT('',#4077);
#4077 = CARTESIAN_POINT('',(142.,45.,23.));
#4078 = ELLIPSE('',#4079,4.242640687119,3.);
#4079 = AXIS2_PLACEMENT_3D('',#4080,#4081,#4082);
#4080 = CARTESIAN_POINT('',(145.,45.,20.));
#4081 = DIRECTION('',(0.707106781187,-0.,0.707106781187));
#4082 = DIRECTION('',(0.707106781187,0.,-0.707106781187));
#4083 = ORIENTED_EDGE('',*,*,#4084,.T.);
#4084 = EDGE_CURVE('',#4074,#4085,#4087,.T.);
#4085 = VERTEX_POINT('',#4086);
#4086 = CARTESIAN_POINT('',(148.,45.,23.));
#4087 = ELLIPSE('',#4088,4.242640687119,3.);
#4088 = AXIS2_PLACEMENT_3D('',#4089,#4090,#4091);
#4089 = CARTESIAN_POINT('',(145.,45.,20.));
#4090 = DIRECTION('',(0.707106781187,0.,-0.707106781187));
#4091 = DIRECTION('',(0.707106781187,0.,0.707106781187));
#4092 = ORIENTED_EDGE('',*,*,#4093,.T.);
#4093 = EDGE_CURVE('',#4085,#3624,#4094,.T.);
#4094 = LINE('',#4095,#4096);
#4095 = CARTESIAN_POINT('',(120.,45.,23.));
#4096 = VECTOR('',#4097,1.);
#4097 = DIRECTION('',(1.,0.,0.));
#4098 = ORIENTED_EDGE('',*,*,#3623,.F.);
#4099 = ORIENTED_EDGE('',*,*,#4100,.T.);
#4100 = EDGE_CURVE('',#3554,#4101,#4103,.T.);
#4101 = VERTEX_POINT('',#4102);
#4102 = CARTESIAN_POINT('',(182.,45.,23.));
#4103 = LINE('',#4104,#4105);
#4104 = CARTESIAN_POINT('',(120.,45.,23.));
#4105 = VECTOR('',#4106,1.);
#4106 = DIRECTION('',(1.,0.,0.));
#4107 = ORIENTED_EDGE('',*,*,#4108,.F.);
#4108 = EDGE_CURVE('',#4109,#4101,#4111,.T.);
#4109 = VERTEX_POINT('',#4110);
#4110 = CARTESIAN_POINT('',(185.,48.,20.));
#4111 = ELLIPSE('',#4112,4.242640687119,3.);
#4112 = AXIS2_PLACEMENT_3D('',#4113,#4114,#4115);
#4113 = CARTESIAN_POINT('',(185.,45.,20.));
#4114 = DIRECTION('',(0.707106781187,-0.,0.707106781187));
#4115 = DIRECTION('',(0.707106781187,0.,-0.707106781187));
#4116 = ORIENTED_EDGE('',*,*,#4117,.T.);
#4117 = EDGE_CURVE('',#4109,#4118,#4120,.T.);
#4118 = VERTEX_POINT('',#4119);
#4119 = CARTESIAN_POINT('',(188.,45.,23.));
#4120 = ELLIPSE('',#4121,4.242640687119,3.);
#4121 = AXIS2_PLACEMENT_3D('',#4122,#4123,#4124);
#4122 = CARTESIAN_POINT('',(185.,45.,20.));
#4123 = DIRECTION('',(0.707106781187,0.,-0.707106781187));
#4124 = DIRECTION('',(0.707106781187,0.,0.707106781187));
#4125 = ORIENTED_EDGE('',*,*,#4126,.T.);
#4126 = EDGE_CURVE('',#4118,#4041,#4127,.T.);
#4127 = LINE('',#4128,#4129);
#4128 = CARTESIAN_POINT('',(120.,45.,23.));
#4129 = VECTOR('',#4130,1.);
#4130 = DIRECTION('',(1.,0.,0.));
#4131 = ORIENTED_EDGE('',*,*,#4040,.F.);
#4132 = ORIENTED_EDGE('',*,*,#4126,.F.);
#4133 = ORIENTED_EDGE('',*,*,#4134,.T.);
#4134 = EDGE_CURVE('',#4118,#4135,#4137,.T.);
#4135 = VERTEX_POINT('',#4136);
#4136 = CARTESIAN_POINT('',(185.,42.,20.));
#4137 = ELLIPSE('',#4138,4.242640687119,3.);
#4138 = AXIS2_PLACEMENT_3D('',#4139,#4140,#4141);
#4139 = CARTESIAN_POINT('',(185.,45.,20.));
#4140 = DIRECTION('',(0.707106781187,0.,-0.707106781187));
#4141 = DIRECTION('',(0.707106781187,0.,0.707106781187));
#4142 = ORIENTED_EDGE('',*,*,#4143,.F.);
#4143 = EDGE_CURVE('',#4101,#4135,#4144,.T.);
#4144 = ELLIPSE('',#4145,4.242640687119,3.);
#4145 = AXIS2_PLACEMENT_3D('',#4146,#4147,#4148);
#4146 = CARTESIAN_POINT('',(185.,45.,20.));
#4147 = DIRECTION('',(0.707106781187,-0.,0.707106781187));
#4148 = DIRECTION('',(0.707106781187,0.,-0.707106781187));
#4149 = ORIENTED_EDGE('',*,*,#4100,.F.);
#4150 = ORIENTED_EDGE('',*,*,#3553,.F.);
#4151 = ORIENTED_EDGE('',*,*,#2879,.T.);
#4152 = ORIENTED_EDGE('',*,*,#3685,.F.);
#4153 = ORIENTED_EDGE('',*,*,#4093,.F.);
#4154 = ORIENTED_EDGE('',*,*,#4155,.T.);
#4155 = EDGE_CURVE('',#4085,#4156,#4158,.T.);
#4156 = VERTEX_POINT('',#4157);
#4157 = CARTESIAN_POINT('',(145.,42.,20.));
#4158 = ELLIPSE('',#4159,4.242640687119,3.);
#4159 = AXIS2_PLACEMENT_3D('',#4160,#4161,#4162);
#4160 = CARTESIAN_POINT('',(145.,45.,20.));
#4161 = DIRECTION('',(0.707106781187,0.,-0.707106781187));
#4162 = DIRECTION('',(0.707106781187,0.,0.707106781187));
#4163 = ORIENTED_EDGE('',*,*,#4164,.F.);
#4164 = EDGE_CURVE('',#4076,#4156,#4165,.T.);
#4165 = ELLIPSE('',#4166,4.242640687119,3.);
#4166 = AXIS2_PLACEMENT_3D('',#4167,#4168,#4169);
#4167 = CARTESIAN_POINT('',(145.,45.,20.));
#4168 = DIRECTION('',(0.707106781187,-0.,0.707106781187));
#4169 = DIRECTION('',(0.707106781187,0.,-0.707106781187));
#4170 = ORIENTED_EDGE('',*,*,#4171,.F.);
#4171 = EDGE_CURVE('',#4172,#4076,#4174,.T.);
#4172 = VERTEX_POINT('',#4173);
#4173 = CARTESIAN_POINT('',(120.,45.,23.));
#4174 = LINE('',#4175,#4176);
#4175 = CARTESIAN_POINT('',(120.,45.,23.));
#4176 = VECTOR('',#4177,1.);
#4177 = DIRECTION('',(1.,0.,0.));
#4178 = ORIENTED_EDGE('',*,*,#4179,.T.);
#4179 = EDGE_CURVE('',#4172,#4172,#4180,.T.);
#4180 = CIRCLE('',#4181,3.);
#4181 = AXIS2_PLACEMENT_3D('',#4182,#4183,#4184);
#4182 = CARTESIAN_POINT('',(120.,45.,20.));
#4183 = DIRECTION('',(1.,0.,-0.));
#4184 = DIRECTION('',(0.,0.,1.));
#4185 = ORIENTED_EDGE('',*,*,#4171,.T.);
#4186 = FACE_BOUND('',#4187,.F.);
#4187 = EDGE_LOOP('',(#4188,#4189,#4190,#4191));
#4188 = ORIENTED_EDGE('',*,*,#2783,.F.);
#4189 = ORIENTED_EDGE('',*,*,#4059,.T.);
#4190 = ORIENTED_EDGE('',*,*,#2827,.T.);
#4191 = ORIENTED_EDGE('',*,*,#4192,.F.);
#4192 = EDGE_CURVE('',#2784,#2819,#4193,.T.);
#4193 = LINE('',#4194,#4195);
#4194 = CARTESIAN_POINT('',(120.,42.5,18.341687604822));
#4195 = VECTOR('',#4196,1.);
#4196 = DIRECTION('',(1.,0.,0.));
#4197 = FACE_BOUND('',#4198,.F.);
#4198 = EDGE_LOOP('',(#4199,#4209,#4246,#4283,#4291));
#4199 = ORIENTED_EDGE('',*,*,#4200,.T.);
#4200 = EDGE_CURVE('',#4201,#4203,#4205,.T.);
#4201 = VERTEX_POINT('',#4202);
#4202 = CARTESIAN_POINT('',(217.35424868893,42.,20.));
#4203 = VERTEX_POINT('',#4204);
#4204 = CARTESIAN_POINT('',(222.64575131106,42.,20.));
#4205 = LINE('',#4206,#4207);
#4206 = CARTESIAN_POINT('',(120.,42.,20.));
#4207 = VECTOR('',#4208,1.);
#4208 = DIRECTION('',(1.,0.,0.));
#4209 = ORIENTED_EDGE('',*,*,#4210,.T.);
#4210 = EDGE_CURVE('',#4203,#4211,#4213,.T.);
#4211 = VERTEX_POINT('',#4212);
#4212 = CARTESIAN_POINT('',(224.,45.,17.));
#4213 = B_SPLINE_CURVE_WITH_KNOTS('',6,(#4214,#4215,#4216,#4217,#4218,
    #4219,#4220,#4221,#4222,#4223,#4224,#4225,#4226,#4227,#4228,#4229,
    #4230,#4231,#4232,#4233,#4234,#4235,#4236,#4237,#4238,#4239,#4240,
    #4241,#4242,#4243,#4244,#4245),.UNSPECIFIED.,.F.,.F.,(7,5,5,5,5,5,7)
  ,(0.,0.19518741189,0.430955807279,0.684746006563,0.785934254049,
    0.865473752814,1.),.UNSPECIFIED.);
#4214 = CARTESIAN_POINT('',(222.64575131106,42.,20.0000006));
#4215 = CARTESIAN_POINT('',(222.64575127855,41.99999997133,
    19.856649892344));
#4216 = CARTESIAN_POINT('',(222.65507135536,42.008219588915,
    19.713784165042));
#4217 = CARTESIAN_POINT('',(222.6735948597,42.024555404239,
    19.571978352475));
#4218 = CARTESIAN_POINT('',(222.70070370509,42.048850098176,
    19.431871646413));
#4219 = CARTESIAN_POINT('',(222.73527516253,42.080849744685,
    19.294282080041));
#4220 = CARTESIAN_POINT('',(222.82475984475,42.167094303301,
    18.998470372747));
#4221 = CARTESIAN_POINT('',(222.88256964786,42.224736855402,
    18.841371174796));
#4222 = CARTESIAN_POINT('',(222.94729747106,42.292422492631,
    18.688969928049));
#4223 = CARTESIAN_POINT('',(223.01711656909,42.370005538172,
    18.541363193374));
#4224 = CARTESIAN_POINT('',(223.09043209478,42.457475040235,
    18.398773397026));
#4225 = CARTESIAN_POINT('',(223.24692742954,42.660111305378,
    18.113791641606));
#4226 = CARTESIAN_POINT('',(223.33043963791,42.776892551024,
    17.972236320473));
#4227 = CARTESIAN_POINT('',(223.41475420686,42.905984749175,
    17.836878618589));
#4228 = CARTESIAN_POINT('',(223.4983863005,43.048303874961,
    17.708275416546));
#4229 = CARTESIAN_POINT('',(223.57953402363,43.204922130415,
    17.58764247586));
#4230 = CARTESIAN_POINT('',(223.68627842066,43.44533802507,
    17.432965371074));
#4231 = CARTESIAN_POINT('',(223.71595040116,43.516323526427,
    17.390453689617));
#4232 = CARTESIAN_POINT('',(223.74470775955,43.589808194789,
    17.349668512876));
#4233 = CARTESIAN_POINT('',(223.77237873182,43.665829330069,
    17.31077580023));
#4234 = CARTESIAN_POINT('',(223.79877851488,43.744415641642,
    17.273960909258));
#4235 = CARTESIAN_POINT('',(223.84330639113,43.889391567694,
    17.212284667185));
#4236 = CARTESIAN_POINT('',(223.86199862253,43.954802338205,
    17.186547386525));
#4237 = CARTESIAN_POINT('',(223.87967267317,44.021775790531,
    17.162339850283));
#4238 = CARTESIAN_POINT('',(223.89621791456,44.09026326659,
    17.13978241889));
#4239 = CARTESIAN_POINT('',(223.91152648357,44.160210657103,
    17.118992917809));
#4240 = CARTESIAN_POINT('',(223.94911552105,44.352229822189,
    17.068110185913));
#4241 = CARTESIAN_POINT('',(223.96895234417,44.477173858759,
    17.041450766114));
#4242 = CARTESIAN_POINT('',(223.98432663486,44.605431579389,
    17.02089667115));
#4243 = CARTESIAN_POINT('',(223.99476315857,44.736007066572,
    17.006983093949));
#4244 = CARTESIAN_POINT('',(224.,44.867876960108,17.));
#4245 = CARTESIAN_POINT('',(224.,45.,17.));
#4246 = ORIENTED_EDGE('',*,*,#4247,.T.);
#4247 = EDGE_CURVE('',#4211,#4248,#4250,.T.);
#4248 = VERTEX_POINT('',#4249);
#4249 = CARTESIAN_POINT('',(222.64575131106,48.,20.));
#4250 = B_SPLINE_CURVE_WITH_KNOTS('',7,(#4251,#4252,#4253,#4254,#4255,
    #4256,#4257,#4258,#4259,#4260,#4261,#4262,#4263,#4264,#4265,#4266,
    #4267,#4268,#4269,#4270,#4271,#4272,#4273,#4274,#4275,#4276,#4277,
    #4278,#4279,#4280,#4281,#4282),.UNSPECIFIED.,.F.,.F.,(8,6,6,6,6,8),(
    0.,0.135076852901,0.214050797033,0.570717793203,0.912702149127,1.),
  .UNSPECIFIED.);
#4251 = CARTESIAN_POINT('',(224.,45.,17.));
#4252 = CARTESIAN_POINT('',(224.,45.113587051272,17.));
#4253 = CARTESIAN_POINT('',(223.99623699352,45.22698044403,
    17.005017812476));
#4254 = CARTESIAN_POINT('',(223.98873379448,45.339584514255,
    17.015021235211));
#4255 = CARTESIAN_POINT('',(223.97760978037,45.450811265299,
    17.029876338958));
#4256 = CARTESIAN_POINT('',(223.96307757185,45.560083220759,
    17.049345197307));
#4257 = CARTESIAN_POINT('',(223.94543971239,45.666836277341,
    17.073083616549));
#4258 = CARTESIAN_POINT('',(223.91318497846,45.831143710364,
    17.116749299325));
#4259 = CARTESIAN_POINT('',(223.90034344751,45.890780016721,
    17.13418112206));
#4260 = CARTESIAN_POINT('',(223.88661936264,45.949398385451,
    17.152870047528));
#4261 = CARTESIAN_POINT('',(223.8720724706,46.006967984986,17.1727507478
    ));
#4262 = CARTESIAN_POINT('',(223.85676365729,46.063460243547,
    17.193756853245));
#4263 = CARTESIAN_POINT('',(223.84075494776,46.118848849144,
    17.215820952524));
#4264 = CARTESIAN_POINT('',(223.74893433662,46.418166173949,
    17.342990863389));
#4265 = CARTESIAN_POINT('',(223.66083375451,46.640014126062,
    17.467200601756));
#4266 = CARTESIAN_POINT('',(223.56470279164,46.839577841329,
    17.606432180823));
#4267 = CARTESIAN_POINT('',(223.46433715896,47.018430547694,
    17.757252693963));
#4268 = CARTESIAN_POINT('',(223.36259953703,47.178332411066,
    17.91759519592));
#4269 = CARTESIAN_POINT('',(223.26175870189,47.320853364372,
    18.086577360933));
#4270 = CARTESIAN_POINT('',(223.07066501012,47.567955593545,
    18.434970749479));
#4271 = CARTESIAN_POINT('',(222.97973257929,47.674392655091,
    18.614421620232));
#4272 = CARTESIAN_POINT('',(222.89433088524,47.765965441617,
    18.801732309095));
#4273 = CARTESIAN_POINT('',(222.81765707626,47.842309316861,
    18.995961825393));
#4274 = CARTESIAN_POINT('',(222.75311173028,47.903099645987,
    19.196469432033));
#4275 = CARTESIAN_POINT('',(222.7040689628,47.947829970599,
    19.403033994484));
#4276 = CARTESIAN_POINT('',(222.66567920283,47.982325358408,
    19.670246352532));
#4277 = CARTESIAN_POINT('',(222.65909607017,47.988197434205,
    19.724851868584));
#4278 = CARTESIAN_POINT('',(222.65378248335,47.992910501263,
    19.779667944726));
#4279 = CARTESIAN_POINT('',(222.64977329362,47.996452987748,
    19.834641268498));
#4280 = CARTESIAN_POINT('',(222.6470921547,47.9988174366,19.889720464792
    ));
#4281 = CARTESIAN_POINT('',(222.64575129855,48.000000011029,
    19.944856085641));
#4282 = CARTESIAN_POINT('',(222.64575131106,48.,20.0000006));
#4283 = ORIENTED_EDGE('',*,*,#4284,.F.);
#4284 = EDGE_CURVE('',#4285,#4248,#4287,.T.);
#4285 = VERTEX_POINT('',#4286);
#4286 = CARTESIAN_POINT('',(217.35424868893,48.,20.));
#4287 = LINE('',#4288,#4289);
#4288 = CARTESIAN_POINT('',(120.,48.,20.));
#4289 = VECTOR('',#4290,1.);
#4290 = DIRECTION('',(1.,0.,0.));
#4291 = ORIENTED_EDGE('',*,*,#4292,.F.);
#4292 = EDGE_CURVE('',#4201,#4285,#4293,.T.);
#4293 = B_SPLINE_CURVE_WITH_KNOTS('',7,(#4294,#4295,#4296,#4297,#4298,
    #4299,#4300,#4301,#4302,#4303,#4304,#4305,#4306,#4307,#4308,#4309,
    #4310,#4311,#4312,#4313,#4314,#4315,#4316,#4317,#4318,#4319,#4320,
    #4321,#4322,#4323,#4324,#4325,#4326,#4327,#4328,#4329,#4330,#4331,
    #4332,#4333,#4334,#4335,#4336,#4337,#4338,#4339,#4340,#4341,#4342,
    #4343,#4344,#4345,#4346,#4347,#4348,#4349,#4350,#4351,#4352,#4353,
    #4354,#4355),.UNSPECIFIED.,.F.,.F.,(8,6,6,6,6,6,6,6,6,6,8),(0.,
    9.584515777508E-02,0.21562606539,0.342608904252,0.393238010346,
    0.456730247801,0.544698248589,0.607224130861,0.785467441916,
    0.956373147648,1.),.UNSPECIFIED.);
#4294 = CARTESIAN_POINT('',(217.35424868893,42.,20.0000006));
#4295 = CARTESIAN_POINT('',(217.35424871627,41.999999975885,
    19.879424825667));
#4296 = CARTESIAN_POINT('',(217.34783800597,42.005653742699,
    19.759167821358));
#4297 = CARTESIAN_POINT('',(217.33507679321,42.016907904641,
    19.639547579191));
#4298 = CARTESIAN_POINT('',(217.31622685081,42.033685607279,
    19.520907014749));
#4299 = CARTESIAN_POINT('',(217.29175253488,42.05587569367,
    19.403644508338));
#4300 = CARTESIAN_POINT('',(217.26230549195,42.083289266002,
    19.288242276774));
#4301 = CARTESIAN_POINT('',(217.1866864036,42.155943030781,
    19.03413554675));
#4302 = CARTESIAN_POINT('',(217.13806938028,42.204026006727,
    18.896457171203));
#4303 = CARTESIAN_POINT('',(217.08400161701,42.259577389791,
    18.762234316456));
#4304 = CARTESIAN_POINT('',(217.02559671445,42.322466026332,
    18.631505745094));
#4305 = CARTESIAN_POINT('',(216.96388282476,42.392641487303,
    18.504369330534));
#4306 = CARTESIAN_POINT('',(216.89979520571,42.470129112831,
    18.380977077007));
#4307 = CARTESIAN_POINT('',(216.7646623059,42.645104463742,
    18.134896827639));
#4308 = CARTESIAN_POINT('',(216.69342099304,42.74352648084,
    18.01268069794));
#4309 = CARTESIAN_POINT('',(216.6213806084,42.850659521396,
    17.894889062254));
#4310 = CARTESIAN_POINT('',(216.54940346729,42.966978660226,
    17.781762960571));
#4311 = CARTESIAN_POINT('',(216.47842863574,43.093051947948,
    17.673808862064));
#4312 = CARTESIAN_POINT('',(216.40956363163,43.229477020747,
    17.571844521443));
#4313 = CARTESIAN_POINT('',(216.31806843417,43.435547787595,
    17.439264145911));
#4314 = CARTESIAN_POINT('',(216.29252730754,43.496041954611,
    17.402599884319));
#4315 = CARTESIAN_POINT('',(216.2676168226,43.558314765491,
    17.367147874336));
#4316 = CARTESIAN_POINT('',(216.24343325232,43.622388681337,
    17.333000207456));
#4317 = CARTESIAN_POINT('',(216.22007847301,43.688282561947,
    17.300257259952));
#4318 = CARTESIAN_POINT('',(216.19765993398,43.756011505104,
    17.269027750344));
#4319 = CARTESIAN_POINT('',(216.14949210743,43.91283855025,
    17.202309757479));
#4320 = CARTESIAN_POINT('',(216.12430865561,44.003107969303,
    17.167706649627));
#4321 = CARTESIAN_POINT('',(216.10103088807,44.096236064892,
    17.135945411249));
#4322 = CARTESIAN_POINT('',(216.07993355061,44.192048131037,
    17.107328407054));
#4323 = CARTESIAN_POINT('',(216.06127311968,44.290354002861,
    17.082136058298));
#4324 = CARTESIAN_POINT('',(216.04528540348,44.390948425518,
    17.060628472565));
#4325 = CARTESIAN_POINT('',(216.01403006353,44.635850207241,
    17.01868818207));
#4326 = CARTESIAN_POINT('',(216.00143203509,44.781933434547,
    17.001887489923));
#4327 = CARTESIAN_POINT('',(215.99505597312,44.930335971147,
    16.993421576526));
#4328 = CARTESIAN_POINT('',(215.99524153376,45.079491747397,
    16.993667979249));
#4329 = CARTESIAN_POINT('',(216.00198226348,45.2278215617,
    17.002619533565));
#4330 = CARTESIAN_POINT('',(216.01492591963,45.373760832837,
    17.019884434807));
#4331 = CARTESIAN_POINT('',(216.04652067444,45.616736852246,
    17.062290538675));
#4332 = CARTESIAN_POINT('',(216.06243179278,45.715659299495,
    17.083700844848));
#4333 = CARTESIAN_POINT('',(216.08092251252,45.812347553201,
    17.108670782792));
#4334 = CARTESIAN_POINT('',(216.10176685291,45.906608411869,
    17.136951121283));
#4335 = CARTESIAN_POINT('',(216.124719864,45.998262887065,
    17.168274053907));
#4336 = CARTESIAN_POINT('',(216.14951983351,46.087146528576,
    17.202351697834));
#4337 = CARTESIAN_POINT('',(216.25106566337,46.41816617395,
    17.342990863389));
#4338 = CARTESIAN_POINT('',(216.33916624548,46.640014126062,
    17.467200601756));
#4339 = CARTESIAN_POINT('',(216.43529720835,46.839577841328,
    17.606432180823));
#4340 = CARTESIAN_POINT('',(216.53566284103,47.018430547696,
    17.757252693963));
#4341 = CARTESIAN_POINT('',(216.63740046296,47.178332411066,
    17.917595195921));
#4342 = CARTESIAN_POINT('',(216.7382412981,47.320853364372,
    18.086577360932));
#4343 = CARTESIAN_POINT('',(216.92933499105,47.567955595058,
    18.434970751613));
#4344 = CARTESIAN_POINT('',(217.02026741847,47.674392652394,
    18.614421614758));
#4345 = CARTESIAN_POINT('',(217.10566911561,47.765965442504,
    18.801732312768));
#4346 = CARTESIAN_POINT('',(217.18234292516,47.842309318598,
    18.995961828638));
#4347 = CARTESIAN_POINT('',(217.24688826817,47.903099644319,
    19.196469426038));
#4348 = CARTESIAN_POINT('',(217.29593103758,47.947829970949,
    19.403033997198));
#4349 = CARTESIAN_POINT('',(217.33432079716,47.982325358408,
    19.670246352533));
#4350 = CARTESIAN_POINT('',(217.34090392982,47.988197434205,
    19.724851868584));
#4351 = CARTESIAN_POINT('',(217.34621751664,47.992910501263,
    19.779667944726));
#4352 = CARTESIAN_POINT('',(217.35022670637,47.996452987748,
    19.834641268498));
#4353 = CARTESIAN_POINT('',(217.35290784529,47.9988174366,
    19.889720464792));
#4354 = CARTESIAN_POINT('',(217.35424870144,48.000000011029,
    19.944856085641));
#4355 = CARTESIAN_POINT('',(217.35424868893,48.,20.0000006));
#4356 = CYLINDRICAL_SURFACE('',#4357,3.);
#4357 = AXIS2_PLACEMENT_3D('',#4358,#4359,#4360);
#4358 = CARTESIAN_POINT('',(120.,45.,20.));
#4359 = DIRECTION('',(1.,0.,0.));
#4360 = DIRECTION('',(0.,0.,1.));
#4361 = ADVANCED_FACE('',(#4362),#4366,.F.);
#4362 = FACE_BOUND('',#4363,.F.);
#4363 = EDGE_LOOP('',(#4364,#4365));
#4364 = ORIENTED_EDGE('',*,*,#4192,.T.);
#4365 = ORIENTED_EDGE('',*,*,#2818,.T.);
#4366 = PLANE('',#4367);
#4367 = AXIS2_PLACEMENT_3D('',#4368,#4369,#4370);
#4368 = CARTESIAN_POINT('',(125.,42.5,20.));
#4369 = DIRECTION('',(0.,1.,0.));
#4370 = DIRECTION('',(0.,0.,1.));
#4371 = ADVANCED_FACE('',(#4372,#4375),#4386,.F.);
#4372 = FACE_BOUND('',#4373,.F.);
#4373 = EDGE_LOOP('',(#4374));
#4374 = ORIENTED_EDGE('',*,*,#3091,.T.);
#4375 = FACE_BOUND('',#4376,.F.);
#4376 = EDGE_LOOP('',(#4377));
#4377 = ORIENTED_EDGE('',*,*,#4378,.F.);
#4378 = EDGE_CURVE('',#4379,#4379,#4381,.T.);
#4379 = VERTEX_POINT('',#4380);
#4380 = CARTESIAN_POINT('',(224.,45.,0.));
#4381 = CIRCLE('',#4382,4.);
#4382 = AXIS2_PLACEMENT_3D('',#4383,#4384,#4385);
#4383 = CARTESIAN_POINT('',(220.,45.,0.));
#4384 = DIRECTION('',(0.,0.,1.));
#4385 = DIRECTION('',(1.,0.,0.));
#4386 = PLANE('',#4387);
#4387 = AXIS2_PLACEMENT_3D('',#4388,#4389,#4390);
#4388 = CARTESIAN_POINT('',(0.,0.,0.));
#4389 = DIRECTION('',(0.,0.,1.));
#4390 = DIRECTION('',(1.,0.,0.));
#4391 = ADVANCED_FACE('',(#4392,#4395),#4406,.T.);
#4392 = FACE_BOUND('',#4393,.T.);
#4393 = EDGE_LOOP('',(#4394));
#4394 = ORIENTED_EDGE('',*,*,#3116,.T.);
#4395 = FACE_BOUND('',#4396,.T.);
#4396 = EDGE_LOOP('',(#4397));
#4397 = ORIENTED_EDGE('',*,*,#4398,.F.);
#4398 = EDGE_CURVE('',#4399,#4399,#4401,.T.);
#4399 = VERTEX_POINT('',#4400);
#4400 = CARTESIAN_POINT('',(61.35,45.,51.));
#4401 = CIRCLE('',#4402,6.35);
#4402 = AXIS2_PLACEMENT_3D('',#4403,#4404,#4405);
#4403 = CARTESIAN_POINT('',(55.,45.,51.));
#4404 = DIRECTION('',(0.,0.,1.));
#4405 = DIRECTION('',(1.,0.,0.));
#4406 = PLANE('',#4407);
#4407 = AXIS2_PLACEMENT_3D('',#4408,#4409,#4410);
#4408 = CARTESIAN_POINT('',(55.,45.,51.));
#4409 = DIRECTION('',(0.,0.,1.));
#4410 = DIRECTION('',(1.,0.,0.));
#4411 = ADVANCED_FACE('',(#4412,#4415),#4426,.T.);
#4412 = FACE_BOUND('',#4413,.T.);
#4413 = EDGE_LOOP('',(#4414));
#4414 = ORIENTED_EDGE('',*,*,#3265,.T.);
#4415 = FACE_BOUND('',#4416,.T.);
#4416 = EDGE_LOOP('',(#4417));
#4417 = ORIENTED_EDGE('',*,*,#4418,.F.);
#4418 = EDGE_CURVE('',#4419,#4419,#4421,.T.);
#4419 = VERTEX_POINT('',#4420);
#4420 = CARTESIAN_POINT('',(101.35,45.,51.));
#4421 = CIRCLE('',#4422,6.35);
#4422 = AXIS2_PLACEMENT_3D('',#4423,#4424,#4425);
#4423 = CARTESIAN_POINT('',(95.,45.,51.));
#4424 = DIRECTION('',(0.,0.,1.));
#4425 = DIRECTION('',(1.,0.,0.));
#4426 = PLANE('',#4427);
#4427 = AXIS2_PLACEMENT_3D('',#4428,#4429,#4430);
#4428 = CARTESIAN_POINT('',(95.,45.,51.));
#4429 = DIRECTION('',(0.,0.,1.));
#4430 = DIRECTION('',(1.,0.,0.));
#4431 = ADVANCED_FACE('',(#4432,#4435),#4446,.T.);
#4432 = FACE_BOUND('',#4433,.T.);
#4433 = EDGE_LOOP('',(#4434));
#4434 = ORIENTED_EDGE('',*,*,#3414,.T.);
#4435 = FACE_BOUND('',#4436,.T.);
#4436 = EDGE_LOOP('',(#4437));
#4437 = ORIENTED_EDGE('',*,*,#4438,.F.);
#4438 = EDGE_CURVE('',#4439,#4439,#4441,.T.);
#4439 = VERTEX_POINT('',#4440);
#4440 = CARTESIAN_POINT('',(151.35,45.,51.));
#4441 = CIRCLE('',#4442,6.35);
#4442 = AXIS2_PLACEMENT_3D('',#4443,#4444,#4445);
#4443 = CARTESIAN_POINT('',(145.,45.,51.));
#4444 = DIRECTION('',(0.,0.,1.));
#4445 = DIRECTION('',(1.,0.,0.));
#4446 = PLANE('',#4447);
#4447 = AXIS2_PLACEMENT_3D('',#4448,#4449,#4450);
#4448 = CARTESIAN_POINT('',(145.,45.,51.));
#4449 = DIRECTION('',(0.,0.,1.));
#4450 = DIRECTION('',(1.,0.,0.));
#4451 = ADVANCED_FACE('',(#4452,#4455),#4466,.T.);
#4452 = FACE_BOUND('',#4453,.T.);
#4453 = EDGE_LOOP('',(#4454));
#4454 = ORIENTED_EDGE('',*,*,#3765,.T.);
#4455 = FACE_BOUND('',#4456,.T.);
#4456 = EDGE_LOOP('',(#4457));
#4457 = ORIENTED_EDGE('',*,*,#4458,.F.);
#4458 = EDGE_CURVE('',#4459,#4459,#4461,.T.);
#4459 = VERTEX_POINT('',#4460);
#4460 = CARTESIAN_POINT('',(191.35,45.,51.));
#4461 = CIRCLE('',#4462,6.35);
#4462 = AXIS2_PLACEMENT_3D('',#4463,#4464,#4465);
#4463 = CARTESIAN_POINT('',(185.,45.,51.));
#4464 = DIRECTION('',(0.,0.,1.));
#4465 = DIRECTION('',(1.,0.,0.));
#4466 = PLANE('',#4467);
#4467 = AXIS2_PLACEMENT_3D('',#4468,#4469,#4470);
#4468 = CARTESIAN_POINT('',(185.,45.,51.));
#4469 = DIRECTION('',(0.,0.,1.));
#4470 = DIRECTION('',(1.,0.,0.));
#4471 = ADVANCED_FACE('',(#4472),#4484,.F.);
#4472 = FACE_BOUND('',#4473,.F.);
#4473 = EDGE_LOOP('',(#4474,#4480,#4481,#4482,#4483));
#4474 = ORIENTED_EDGE('',*,*,#4475,.T.);
#4475 = EDGE_CURVE('',#3958,#4399,#4476,.T.);
#4476 = LINE('',#4477,#4478);
#4477 = CARTESIAN_POINT('',(61.35,45.,41.7));
#4478 = VECTOR('',#4479,1.);
#4479 = DIRECTION('',(0.,0.,1.));
#4480 = ORIENTED_EDGE('',*,*,#4398,.F.);
#4481 = ORIENTED_EDGE('',*,*,#4475,.F.);
#4482 = ORIENTED_EDGE('',*,*,#3975,.T.);
#4483 = ORIENTED_EDGE('',*,*,#3955,.T.);
#4484 = CYLINDRICAL_SURFACE('',#4485,6.35);
#4485 = AXIS2_PLACEMENT_3D('',#4486,#4487,#4488);
#4486 = CARTESIAN_POINT('',(55.,45.,41.7));
#4487 = DIRECTION('',(0.,0.,1.));
#4488 = DIRECTION('',(1.,0.,0.));
#4489 = ADVANCED_FACE('',(#4490),#4502,.F.);
#4490 = FACE_BOUND('',#4491,.F.);
#4491 = EDGE_LOOP('',(#4492,#4498,#4499,#4500,#4501));
#4492 = ORIENTED_EDGE('',*,*,#4493,.T.);
#4493 = EDGE_CURVE('',#3993,#4419,#4494,.T.);
#4494 = LINE('',#4495,#4496);
#4495 = CARTESIAN_POINT('',(101.35,45.,41.7));
#4496 = VECTOR('',#4497,1.);
#4497 = DIRECTION('',(0.,0.,1.));
#4498 = ORIENTED_EDGE('',*,*,#4418,.F.);
#4499 = ORIENTED_EDGE('',*,*,#4493,.F.);
#4500 = ORIENTED_EDGE('',*,*,#4010,.T.);
#4501 = ORIENTED_EDGE('',*,*,#3990,.T.);
#4502 = CYLINDRICAL_SURFACE('',#4503,6.35);
#4503 = AXIS2_PLACEMENT_3D('',#4504,#4505,#4506);
#4504 = CARTESIAN_POINT('',(95.,45.,41.7));
#4505 = DIRECTION('',(0.,0.,1.));
#4506 = DIRECTION('',(1.,0.,0.));
#4507 = ADVANCED_FACE('',(#4508),#4539,.F.);
#4508 = FACE_BOUND('',#4509,.F.);
#4509 = EDGE_LOOP('',(#4510,#4511,#4519,#4528,#4535,#4536,#4537,#4538));
#4510 = ORIENTED_EDGE('',*,*,#4155,.F.);
#4511 = ORIENTED_EDGE('',*,*,#4512,.T.);
#4512 = EDGE_CURVE('',#4085,#4513,#4515,.T.);
#4513 = VERTEX_POINT('',#4514);
#4514 = CARTESIAN_POINT('',(148.,45.,39.7361228));
#4515 = LINE('',#4516,#4517);
#4516 = CARTESIAN_POINT('',(148.,45.,20.));
#4517 = VECTOR('',#4518,1.);
#4518 = DIRECTION('',(0.,0.,1.));
#4519 = ORIENTED_EDGE('',*,*,#4520,.F.);
#4520 = EDGE_CURVE('',#4521,#4513,#4523,.T.);
#4521 = VERTEX_POINT('',#4522);
#4522 = CARTESIAN_POINT('',(142.,45.,39.7361228));
#4523 = CIRCLE('',#4524,3.);
#4524 = AXIS2_PLACEMENT_3D('',#4525,#4526,#4527);
#4525 = CARTESIAN_POINT('',(145.,45.,39.7361228));
#4526 = DIRECTION('',(-0.,0.,1.));
#4527 = DIRECTION('',(0.,-1.,0.));
#4528 = ORIENTED_EDGE('',*,*,#4529,.F.);
#4529 = EDGE_CURVE('',#4513,#4521,#4530,.T.);
#4530 = CIRCLE('',#4531,3.);
#4531 = AXIS2_PLACEMENT_3D('',#4532,#4533,#4534);
#4532 = CARTESIAN_POINT('',(145.,45.,39.7361228));
#4533 = DIRECTION('',(-0.,0.,1.));
#4534 = DIRECTION('',(0.,-1.,0.));
#4535 = ORIENTED_EDGE('',*,*,#4512,.F.);
#4536 = ORIENTED_EDGE('',*,*,#4084,.F.);
#4537 = ORIENTED_EDGE('',*,*,#4073,.T.);
#4538 = ORIENTED_EDGE('',*,*,#4164,.T.);
#4539 = CYLINDRICAL_SURFACE('',#4540,3.);
#4540 = AXIS2_PLACEMENT_3D('',#4541,#4542,#4543);
#4541 = CARTESIAN_POINT('',(145.,45.,20.));
#4542 = DIRECTION('',(0.,0.,1.));
#4543 = DIRECTION('',(1.,0.,0.));
#4544 = ADVANCED_FACE('',(#4545),#4548,.T.);
#4545 = FACE_BOUND('',#4546,.F.);
#4546 = EDGE_LOOP('',(#4547));
#4547 = ORIENTED_EDGE('',*,*,#4179,.F.);
#4548 = PLANE('',#4549);
#4549 = AXIS2_PLACEMENT_3D('',#4550,#4551,#4552);
#4550 = CARTESIAN_POINT('',(120.,45.,20.));
#4551 = DIRECTION('',(1.,0.,0.));
#4552 = DIRECTION('',(0.,0.,1.));
#4553 = ADVANCED_FACE('',(#4554),#4585,.F.);
#4554 = FACE_BOUND('',#4555,.F.);
#4555 = EDGE_LOOP('',(#4556,#4557,#4565,#4574,#4581,#4582,#4583,#4584));
#4556 = ORIENTED_EDGE('',*,*,#4134,.F.);
#4557 = ORIENTED_EDGE('',*,*,#4558,.T.);
#4558 = EDGE_CURVE('',#4118,#4559,#4561,.T.);
#4559 = VERTEX_POINT('',#4560);
#4560 = CARTESIAN_POINT('',(188.,45.,39.7361228));
#4561 = LINE('',#4562,#4563);
#4562 = CARTESIAN_POINT('',(188.,45.,20.));
#4563 = VECTOR('',#4564,1.);
#4564 = DIRECTION('',(0.,0.,1.));
#4565 = ORIENTED_EDGE('',*,*,#4566,.F.);
#4566 = EDGE_CURVE('',#4567,#4559,#4569,.T.);
#4567 = VERTEX_POINT('',#4568);
#4568 = CARTESIAN_POINT('',(182.,45.,39.736122799999));
#4569 = CIRCLE('',#4570,3.);
#4570 = AXIS2_PLACEMENT_3D('',#4571,#4572,#4573);
#4571 = CARTESIAN_POINT('',(185.,45.,39.7361228));
#4572 = DIRECTION('',(-0.,0.,1.));
#4573 = DIRECTION('',(0.,-1.,0.));
#4574 = ORIENTED_EDGE('',*,*,#4575,.F.);
#4575 = EDGE_CURVE('',#4559,#4567,#4576,.T.);
#4576 = CIRCLE('',#4577,3.);
#4577 = AXIS2_PLACEMENT_3D('',#4578,#4579,#4580);
#4578 = CARTESIAN_POINT('',(185.,45.,39.7361228));
#4579 = DIRECTION('',(-0.,0.,1.));
#4580 = DIRECTION('',(0.,-1.,0.));
#4581 = ORIENTED_EDGE('',*,*,#4558,.F.);
#4582 = ORIENTED_EDGE('',*,*,#4117,.F.);
#4583 = ORIENTED_EDGE('',*,*,#4108,.T.);
#4584 = ORIENTED_EDGE('',*,*,#4143,.T.);
#4585 = CYLINDRICAL_SURFACE('',#4586,3.);
#4586 = AXIS2_PLACEMENT_3D('',#4587,#4588,#4589);
#4587 = CARTESIAN_POINT('',(185.,45.,20.));
#4588 = DIRECTION('',(0.,0.,1.));
#4589 = DIRECTION('',(1.,0.,0.));
#4590 = ADVANCED_FACE('',(#4591),#4601,.F.);
#4591 = FACE_BOUND('',#4592,.F.);
#4592 = EDGE_LOOP('',(#4593,#4600));
#4593 = ORIENTED_EDGE('',*,*,#4594,.T.);
#4594 = EDGE_CURVE('',#4201,#4203,#4595,.T.);
#4595 = CIRCLE('',#4596,4.);
#4596 = AXIS2_PLACEMENT_3D('',#4597,#4598,#4599);
#4597 = CARTESIAN_POINT('',(220.,45.,20.));
#4598 = DIRECTION('',(0.,0.,1.));
#4599 = DIRECTION('',(1.,0.,0.));
#4600 = ORIENTED_EDGE('',*,*,#4200,.F.);
#4601 = PLANE('',#4602);
#4602 = AXIS2_PLACEMENT_3D('',#4603,#4604,#4605);
#4603 = CARTESIAN_POINT('',(220.,45.,20.));
#4604 = DIRECTION('',(0.,0.,1.));
#4605 = DIRECTION('',(1.,0.,0.));
#4606 = ADVANCED_FACE('',(#4607),#4628,.F.);
#4607 = FACE_BOUND('',#4608,.F.);
#4608 = EDGE_LOOP('',(#4609,#4610,#4616,#4617,#4618,#4619,#4626,#4627));
#4609 = ORIENTED_EDGE('',*,*,#4378,.T.);
#4610 = ORIENTED_EDGE('',*,*,#4611,.T.);
#4611 = EDGE_CURVE('',#4379,#4211,#4612,.T.);
#4612 = LINE('',#4613,#4614);
#4613 = CARTESIAN_POINT('',(224.,45.,-1.E-02));
#4614 = VECTOR('',#4615,1.);
#4615 = DIRECTION('',(0.,0.,1.));
#4616 = ORIENTED_EDGE('',*,*,#4210,.F.);
#4617 = ORIENTED_EDGE('',*,*,#4594,.F.);
#4618 = ORIENTED_EDGE('',*,*,#4292,.T.);
#4619 = ORIENTED_EDGE('',*,*,#4620,.F.);
#4620 = EDGE_CURVE('',#4248,#4285,#4621,.T.);
#4621 = CIRCLE('',#4622,4.);
#4622 = AXIS2_PLACEMENT_3D('',#4623,#4624,#4625);
#4623 = CARTESIAN_POINT('',(220.,45.,20.));
#4624 = DIRECTION('',(0.,0.,1.));
#4625 = DIRECTION('',(1.,0.,0.));
#4626 = ORIENTED_EDGE('',*,*,#4247,.F.);
#4627 = ORIENTED_EDGE('',*,*,#4611,.F.);
#4628 = CYLINDRICAL_SURFACE('',#4629,4.);
#4629 = AXIS2_PLACEMENT_3D('',#4630,#4631,#4632);
#4630 = CARTESIAN_POINT('',(220.,45.,-1.E-02));
#4631 = DIRECTION('',(0.,0.,1.));
#4632 = DIRECTION('',(1.,0.,0.));
#4633 = ADVANCED_FACE('',(#4634),#4638,.F.);
#4634 = FACE_BOUND('',#4635,.F.);
#4635 = EDGE_LOOP('',(#4636,#4637));
#4636 = ORIENTED_EDGE('',*,*,#4284,.T.);
#4637 = ORIENTED_EDGE('',*,*,#4620,.T.);
#4638 = PLANE('',#4639);
#4639 = AXIS2_PLACEMENT_3D('',#4640,#4641,#4642);
#4640 = CARTESIAN_POINT('',(220.,45.,20.));
#4641 = DIRECTION('',(0.,0.,1.));
#4642 = DIRECTION('',(1.,0.,0.));
#4643 = ADVANCED_FACE('',(#4644),#4672,.F.);
#4644 = FACE_BOUND('',#4645,.F.);
#4645 = EDGE_LOOP('',(#4646,#4654,#4655,#4656,#4665));
#4646 = ORIENTED_EDGE('',*,*,#4647,.T.);
#4647 = EDGE_CURVE('',#4648,#4439,#4650,.T.);
#4648 = VERTEX_POINT('',#4649);
#4649 = CARTESIAN_POINT('',(151.35,45.,41.7));
#4650 = LINE('',#4651,#4652);
#4651 = CARTESIAN_POINT('',(151.35,45.,41.7));
#4652 = VECTOR('',#4653,1.);
#4653 = DIRECTION('',(0.,0.,1.));
#4654 = ORIENTED_EDGE('',*,*,#4438,.F.);
#4655 = ORIENTED_EDGE('',*,*,#4647,.F.);
#4656 = ORIENTED_EDGE('',*,*,#4657,.T.);
#4657 = EDGE_CURVE('',#4648,#4658,#4660,.T.);
#4658 = VERTEX_POINT('',#4659);
#4659 = CARTESIAN_POINT('',(138.65,45.,41.7));
#4660 = CIRCLE('',#4661,6.35);
#4661 = AXIS2_PLACEMENT_3D('',#4662,#4663,#4664);
#4662 = CARTESIAN_POINT('',(145.,45.,41.7));
#4663 = DIRECTION('',(0.,0.,1.));
#4664 = DIRECTION('',(1.,0.,0.));
#4665 = ORIENTED_EDGE('',*,*,#4666,.T.);
#4666 = EDGE_CURVE('',#4658,#4648,#4667,.T.);
#4667 = CIRCLE('',#4668,6.35);
#4668 = AXIS2_PLACEMENT_3D('',#4669,#4670,#4671);
#4669 = CARTESIAN_POINT('',(145.,45.,41.7));
#4670 = DIRECTION('',(0.,0.,1.));
#4671 = DIRECTION('',(1.,0.,0.));
#4672 = CYLINDRICAL_SURFACE('',#4673,6.35);
#4673 = AXIS2_PLACEMENT_3D('',#4674,#4675,#4676);
#4674 = CARTESIAN_POINT('',(145.,45.,41.7));
#4675 = DIRECTION('',(0.,0.,1.));
#4676 = DIRECTION('',(1.,0.,0.));
#4677 = ADVANCED_FACE('',(#4678),#4706,.F.);
#4678 = FACE_BOUND('',#4679,.F.);
#4679 = EDGE_LOOP('',(#4680,#4688,#4689,#4690,#4699));
#4680 = ORIENTED_EDGE('',*,*,#4681,.T.);
#4681 = EDGE_CURVE('',#4682,#4459,#4684,.T.);
#4682 = VERTEX_POINT('',#4683);
#4683 = CARTESIAN_POINT('',(191.35,45.,41.7));
#4684 = LINE('',#4685,#4686);
#4685 = CARTESIAN_POINT('',(191.35,45.,41.7));
#4686 = VECTOR('',#4687,1.);
#4687 = DIRECTION('',(0.,0.,1.));
#4688 = ORIENTED_EDGE('',*,*,#4458,.F.);
#4689 = ORIENTED_EDGE('',*,*,#4681,.F.);
#4690 = ORIENTED_EDGE('',*,*,#4691,.T.);
#4691 = EDGE_CURVE('',#4682,#4692,#4694,.T.);
#4692 = VERTEX_POINT('',#4693);
#4693 = CARTESIAN_POINT('',(178.65,45.,41.7));
#4694 = CIRCLE('',#4695,6.35);
#4695 = AXIS2_PLACEMENT_3D('',#4696,#4697,#4698);
#4696 = CARTESIAN_POINT('',(185.,45.,41.7));
#4697 = DIRECTION('',(0.,0.,1.));
#4698 = DIRECTION('',(1.,0.,0.));
#4699 = ORIENTED_EDGE('',*,*,#4700,.T.);
#4700 = EDGE_CURVE('',#4692,#4682,#4701,.T.);
#4701 = CIRCLE('',#4702,6.35);
#4702 = AXIS2_PLACEMENT_3D('',#4703,#4704,#4705);
#4703 = CARTESIAN_POINT('',(185.,45.,41.7));
#4704 = DIRECTION('',(0.,0.,1.));
#4705 = DIRECTION('',(1.,0.,0.));
#4706 = CYLINDRICAL_SURFACE('',#4707,6.35);
#4707 = AXIS2_PLACEMENT_3D('',#4708,#4709,#4710);
#4708 = CARTESIAN_POINT('',(185.,45.,41.7));
#4709 = DIRECTION('',(0.,0.,1.));
#4710 = DIRECTION('',(1.,0.,0.));
#4711 = ADVANCED_FACE('',(#4712),#4725,.F.);
#4712 = FACE_BOUND('',#4713,.F.);
#4713 = EDGE_LOOP('',(#4714,#4715,#4721,#4722,#4723,#4724));
#4714 = ORIENTED_EDGE('',*,*,#4666,.F.);
#4715 = ORIENTED_EDGE('',*,*,#4716,.T.);
#4716 = EDGE_CURVE('',#4658,#4521,#4717,.T.);
#4717 = LINE('',#4718,#4719);
#4718 = CARTESIAN_POINT('',(138.65,45.,41.7));
#4719 = VECTOR('',#4720,1.);
#4720 = DIRECTION('',(0.862688521599,2.112977473275E-16,-0.505735617394)
  );
#4721 = ORIENTED_EDGE('',*,*,#4520,.T.);
#4722 = ORIENTED_EDGE('',*,*,#4529,.T.);
#4723 = ORIENTED_EDGE('',*,*,#4716,.F.);
#4724 = ORIENTED_EDGE('',*,*,#4657,.F.);
#4725 = CONICAL_SURFACE('',#4726,6.35,1.040561871037);
#4726 = AXIS2_PLACEMENT_3D('',#4727,#4728,#4729);
#4727 = CARTESIAN_POINT('',(145.,45.,41.7));
#4728 = DIRECTION('',(0.,0.,1.));
#4729 = DIRECTION('',(-1.,0.,0.));
#4730 = ADVANCED_FACE('',(#4731),#4744,.F.);
#4731 = FACE_BOUND('',#4732,.F.);
#4732 = EDGE_LOOP('',(#4733,#4734,#4740,#4741,#4742,#4743));
#4733 = ORIENTED_EDGE('',*,*,#4700,.F.);
#4734 = ORIENTED_EDGE('',*,*,#4735,.T.);
#4735 = EDGE_CURVE('',#4692,#4567,#4736,.T.);
#4736 = LINE('',#4737,#4738);
#4737 = CARTESIAN_POINT('',(178.65,45.,41.7));
#4738 = VECTOR('',#4739,1.);
#4739 = DIRECTION('',(0.862688521599,2.112977473275E-16,-0.505735617394)
  );
#4740 = ORIENTED_EDGE('',*,*,#4566,.T.);
#4741 = ORIENTED_EDGE('',*,*,#4575,.T.);
#4742 = ORIENTED_EDGE('',*,*,#4735,.F.);
#4743 = ORIENTED_EDGE('',*,*,#4691,.F.);
#4744 = CONICAL_SURFACE('',#4745,6.35,1.040561871037);
#4745 = AXIS2_PLACEMENT_3D('',#4746,#4747,#4748);
#4746 = CARTESIAN_POINT('',(185.,45.,41.7));
#4747 = DIRECTION('',(0.,0.,1.));
#4748 = DIRECTION('',(-1.,0.,0.));
#4749 = ADVANCED_FACE('',(#4750),#4760,.F.);
#4750 = FACE_BOUND('',#4751,.F.);
#4751 = EDGE_LOOP('',(#4752,#4753,#4758,#4759));
#4752 = ORIENTED_EDGE('',*,*,#3423,.T.);
#4753 = ORIENTED_EDGE('',*,*,#4754,.T.);
#4754 = EDGE_CURVE('',#3424,#2491,#4755,.T.);
#4755 = B_SPLINE_CURVE_WITH_KNOTS('',1,(#4756,#4757),.UNSPECIFIED.,.F.,
  .F.,(2,2),(8.74,31.),.PIECEWISE_BEZIER_KNOTS.);
#4756 = CARTESIAN_POINT('',(145.,53.74,59.));
#4757 = CARTESIAN_POINT('',(145.,76.,59.));
#4758 = ORIENTED_EDGE('',*,*,#2490,.F.);
#4759 = ORIENTED_EDGE('',*,*,#4754,.F.);
#4760 = CYLINDRICAL_SURFACE('',#4761,3.);
#4761 = AXIS2_PLACEMENT_3D('',#4762,#4763,#4764);
#4762 = CARTESIAN_POINT('',(145.,45.,56.));
#4763 = DIRECTION('',(0.,1.,0.));
#4764 = DIRECTION('',(0.,0.,1.));
#4765 = ( GEOMETRIC_REPRESENTATION_CONTEXT(3) 
GLOBAL_UNCERTAINTY_ASSIGNED_CONTEXT((#4769)) 
GLOBAL_UNIT_ASSIGNED_CONTEXT((#4766,#4767,#4768)) REPRESENTATION_CONTEXT
('Context #1','3D Context with UNIT and UNCERTAINTY') );
#4766 = ( LENGTH_UNIT() NAMED_UNIT(*) SI_UNIT(.MILLI.,.METRE.) );
#4767 = ( NAMED_UNIT(*) PLANE_ANGLE_UNIT() SI_UNIT($,.RADIAN.) );
#4768 = ( NAMED_UNIT(*) SI_UNIT($,.STERADIAN.) SOLID_ANGLE_UNIT() );
#4769 = UNCERTAINTY_MEASURE_WITH_UNIT(LENGTH_MEASURE(2.E-07),#4766,
  'distance_accuracy_value','confusion accuracy');
#4770 = PRODUCT_RELATED_PRODUCT_CATEGORY('part',$,(#7));
ENDSEC;
END-ISO-10303-21;
